image_name,v,w
1.png,5,-0.2254
2.png,5,-0.21314999999999998
3.png,5,-0.21314999999999998
4.png,5,-0.21314999999999998
5.png,5,-0.21314999999999998
6.png,5,-0.21314999999999998
7.png,5,-0.21314999999999998
8.png,5,-0.21314999999999998
9.png,5,-0.21314999999999998
10.png,5,-0.21314999999999998
11.png,5,-0.21314999999999998
12.png,5,-0.21314999999999998
13.png,5,-0.21314999999999998
14.png,5,-0.21314999999999998
15.png,5,-0.21314999999999998
16.png,5,-0.21314999999999998
17.png,5,-0.21314999999999998
18.png,5,-0.19935
19.png,5,-0.2001
20.png,5,-0.18169999999999997
21.png,5,-0.1689
22.png,5,-0.16965
23.png,5,-0.14664999999999997
24.png,5,-0.1295
25.png,5,-0.1305
26.png,5,-0.10749999999999998
27.png,5,-0.09075
28.png,5,-0.092
29.png,5,-0.06775
30.png,5,-0.069
31.png,5,-0.069
32.png,5,-0.04475
33.png,5,-0.046
34.png,5,-0.0266
35.png,5,-0.0276
36.png,5,-0.008199999999999999
37.png,5,-0.0092
38.png,5,0.0165
39.png,5,0.015
40.png,5,0.0362
41.png,5,0.035
42.png,5,0.0509
43.png,5,0.05
44.png,5,0.0659
45.png,5,0.065
46.png,5,0.0756
47.png,5,0.075
48.png,5,0.08560000000000001
49.png,5,0.085
50.png,5,0.09029999999999999
51.png,5,0.09
52.png,5,0.0953
53.png,5,0.095
54.png,5,0.1003
55.png,5,0.1
56.png,5,0.1
57.png,5,0.1
58.png,5,0.1
59.png,5,0.1
60.png,13,0.054000000000000006
61.png,13,0.054000000000000006
62.png,13,0.051050000000000005
63.png,13,0.051300000000000005
64.png,13,0.051300000000000005
65.png,13,0.051300000000000005
66.png,13,0.07195
67.png,13,0.0702
68.png,5,0.1618
69.png,5,0.16
70.png,5,0.1918
71.png,5,0.19
72.png,5,0.2112
73.png,5,0.21
74.png,5,0.19940000000000002
75.png,5,0.2
76.png,5,0.1894
77.png,5,0.19
78.png,5,0.1847
79.png,5,0.185
80.png,5,0.17440000000000003
81.png,5,0.17500000000000002
82.png,5,0.16970000000000002
83.png,5,0.17
84.png,5,0.1647
85.png,5,0.165
86.png,5,0.1597
87.png,5,0.16
88.png,5,0.1547
89.png,5,0.155
90.png,5,0.155
91.png,5,0.155
92.png,5,0.1497
93.png,5,0.15
94.png,5,0.15
95.png,5,0.15
96.png,5,0.1447
97.png,5,0.145
98.png,5,0.145
99.png,5,0.145
100.png,5,0.13970000000000002
101.png,5,0.14
102.png,5,0.14
103.png,5,0.14
104.png,5,0.13470000000000001
105.png,5,0.135
106.png,5,0.135
107.png,5,0.135
108.png,5,0.135
109.png,5,0.135
110.png,5,0.1297
111.png,5,0.13
112.png,5,0.13
113.png,5,0.13
114.png,5,0.13
115.png,5,0.13
116.png,5,0.13
117.png,5,0.13
118.png,5,0.1247
119.png,5,0.125
120.png,5,0.125
121.png,5,0.125
122.png,5,0.125
123.png,5,0.125
124.png,5,0.125
125.png,5,0.125
126.png,5,0.125
127.png,5,0.125
128.png,5,0.1197
129.png,5,0.12
130.png,5,0.12
131.png,5,0.12
132.png,5,0.12
133.png,5,0.12
134.png,5,0.12
135.png,5,0.12
136.png,5,0.12
137.png,5,0.12
138.png,5,0.11470000000000001
139.png,5,0.115
140.png,5,0.115
141.png,5,0.115
142.png,5,0.115
143.png,5,0.115
144.png,5,0.115
145.png,5,0.115
146.png,5,0.115
147.png,5,0.115
148.png,5,0.115
149.png,5,0.115
150.png,5,0.115
151.png,5,0.115
152.png,5,0.115
153.png,5,0.115
154.png,5,0.1097
155.png,5,0.11
156.png,5,0.11
157.png,5,0.11
158.png,5,0.11
159.png,5,0.11
160.png,5,0.11
161.png,5,0.11
162.png,5,0.11
163.png,5,0.11
164.png,5,0.11
165.png,5,0.11
166.png,5,0.11
167.png,5,0.11
168.png,5,0.11
169.png,5,0.11
170.png,5,0.1047
171.png,5,0.105
172.png,5,0.105
173.png,5,0.105
174.png,5,0.105
175.png,5,0.105
176.png,5,0.105
177.png,5,0.105
178.png,5,0.105
179.png,5,0.105
180.png,5,0.105
181.png,5,0.105
182.png,5,0.105
183.png,5,0.105
184.png,5,0.105
185.png,5,0.105
186.png,5,0.105
187.png,5,0.105
188.png,5,0.105
189.png,5,0.105
190.png,5,0.105
191.png,5,0.09970000000000001
192.png,5,0.1
193.png,5,0.1
194.png,5,0.1
195.png,5,0.1
196.png,5,0.1
197.png,5,0.1
198.png,5,0.1
199.png,5,0.1
200.png,5,0.1
201.png,5,0.1
202.png,5,0.1
203.png,5,0.1
204.png,5,0.1
205.png,5,0.1
206.png,5,0.1
207.png,5,0.1
208.png,5,0.1
209.png,5,0.1
210.png,5,0.1
211.png,5,0.1
212.png,5,0.1
213.png,5,0.1
214.png,5,0.1
215.png,5,0.0947
216.png,5,0.095
217.png,5,0.095
218.png,5,0.095
219.png,5,0.095
220.png,5,0.095
221.png,5,0.095
222.png,5,0.095
223.png,5,0.095
224.png,5,0.095
225.png,5,0.095
226.png,5,0.095
227.png,5,0.095
228.png,5,0.095
229.png,5,0.095
230.png,5,0.095
231.png,5,0.095
232.png,5,0.095
233.png,5,0.095
234.png,5,0.0897
235.png,5,0.09
236.png,5,0.09
237.png,5,0.09
238.png,5,0.09
239.png,5,0.09
240.png,5,0.09
241.png,5,0.09
242.png,5,0.09
243.png,5,0.09
244.png,5,0.09
245.png,5,0.09
246.png,5,0.09
247.png,5,0.09
248.png,5,0.09
249.png,5,0.09
250.png,5,0.09
251.png,5,0.09
252.png,5,0.09
253.png,5,0.08470000000000001
254.png,5,0.085
255.png,5,0.085
256.png,5,0.085
257.png,5,0.085
258.png,5,0.085
259.png,5,0.085
260.png,5,0.085
261.png,5,0.085
262.png,5,0.085
263.png,5,0.085
264.png,5,0.085
265.png,5,0.085
266.png,5,0.085
267.png,5,0.085
268.png,5,0.085
269.png,5,0.085
270.png,5,0.07970000000000001
271.png,5,0.08
272.png,5,0.08
273.png,5,0.08
274.png,5,0.08
275.png,5,0.08
276.png,5,0.08
277.png,5,0.08
278.png,5,0.08
279.png,5,0.08
280.png,5,0.08
281.png,5,0.08
282.png,5,0.08
283.png,5,0.08
284.png,5,0.08
285.png,5,0.0747
286.png,5,0.075
287.png,5,0.075
288.png,5,0.075
289.png,5,0.075
290.png,5,0.075
291.png,5,0.075
292.png,5,0.075
293.png,5,0.075
294.png,5,0.075
295.png,5,0.075
296.png,5,0.075
297.png,5,0.075
298.png,5,0.06970000000000001
299.png,5,0.07
300.png,5,0.07
301.png,5,0.07
302.png,5,0.07
303.png,5,0.07
304.png,5,0.07
305.png,5,0.07
306.png,5,0.07
307.png,5,0.07
308.png,5,0.06470000000000001
309.png,5,0.065
310.png,5,0.065
311.png,5,0.065
312.png,5,0.065
313.png,5,0.065
314.png,5,0.065
315.png,5,0.065
316.png,5,0.065
317.png,5,0.065
318.png,5,0.065
319.png,5,0.065
320.png,5,0.059699999999999996
321.png,5,0.06
322.png,5,0.06
323.png,5,0.06
324.png,5,0.06
325.png,5,0.06
326.png,5,0.06
327.png,5,0.06
328.png,5,0.0547
329.png,5,0.055
330.png,5,0.055
331.png,5,0.055
332.png,5,0.055
333.png,5,0.055
334.png,5,0.055
335.png,5,0.055
336.png,5,0.055
337.png,5,0.055
338.png,5,0.055
339.png,5,0.0497
340.png,5,0.05
341.png,5,0.05
342.png,5,0.05
343.png,5,0.05
344.png,5,0.0447
345.png,5,0.045
346.png,5,0.045
347.png,5,0.045
348.png,5,0.045
349.png,5,0.045
350.png,5,0.045
351.png,5,0.045
352.png,5,0.0397
353.png,5,0.04
354.png,5,0.04
355.png,5,0.04
356.png,5,0.04
357.png,5,0.04
358.png,5,0.04
359.png,5,0.0347
360.png,5,0.035
361.png,5,0.035
362.png,5,0.035
363.png,5,0.035
364.png,5,0.035
365.png,5,0.029699999999999997
366.png,5,0.03
367.png,5,0.03
368.png,5,0.03
369.png,5,0.03
370.png,5,0.0247
371.png,5,0.025
372.png,5,0.025
373.png,5,0.025
374.png,5,0.025
375.png,5,0.025
376.png,5,0.025
377.png,5,0.025
378.png,5,0.025
379.png,5,0.0197
380.png,5,0.02
381.png,5,0.02
382.png,5,0.02
383.png,5,0.02
384.png,5,0.02
385.png,5,0.02
386.png,5,0.0147
387.png,5,0.015
388.png,5,0.015
389.png,5,0.015
390.png,5,0.015
391.png,5,0.015
392.png,5,0.015
393.png,5,0.015
394.png,5,0.0097
395.png,5,0.01
396.png,5,0.01
397.png,5,0.01
398.png,5,0.01
399.png,5,0.01
400.png,5,0.01
401.png,5,0.01
402.png,5,0.0047
403.png,5,0.005
404.png,5,0.005
405.png,5,0.005
406.png,5,0.005
407.png,5,0.005
408.png,5,0.005
409.png,5,0.005
410.png,5,0.005
411.png,5,-0.0003
412.png,5,-0.0
413.png,5,-0.0
414.png,5,-0.0
415.png,5,-0.0
416.png,5,-0.0
417.png,5,-0.0
418.png,5,-0.0
419.png,5,-0.0
420.png,5,-0.0
421.png,5,-0.0053
422.png,5,-0.005
423.png,5,-0.005
424.png,5,-0.005
425.png,5,-0.005
426.png,5,-0.005
427.png,5,-0.005
428.png,5,-0.005
429.png,5,-0.005
430.png,5,-0.005
431.png,5,-0.005
432.png,5,-0.005
433.png,5,-0.005
434.png,13,-0.0056500000000000005
435.png,13,-0.0054
436.png,13,-0.0054
437.png,13,-0.0054
438.png,13,-0.0054
439.png,13,-0.00835
440.png,13,-0.01105
441.png,13,-0.0108
442.png,13,-0.013750000000000002
443.png,13,-0.013500000000000002
444.png,13,-0.0194
445.png,13,-0.0189
446.png,13,-0.0189
447.png,13,-0.0189
448.png,13,-0.0189
449.png,13,-0.02185
450.png,13,-0.0216
451.png,13,-0.024550000000000002
452.png,13,-0.024300000000000002
453.png,13,-0.027250000000000003
454.png,13,-0.027000000000000003
455.png,13,-0.02995
456.png,5,-0.055
457.png,5,-0.055
458.png,5,-0.055
459.png,5,-0.0603
460.png,5,-0.0547
461.png,5,-0.055
462.png,5,-0.055
463.png,5,-0.055
464.png,5,-0.055
465.png,5,-0.055
466.png,5,-0.055
467.png,5,-0.055
468.png,5,-0.055
469.png,5,-0.055
470.png,5,-0.055
471.png,5,-0.055
472.png,5,-0.055
473.png,5,-0.0497
474.png,5,-0.05
475.png,5,-0.05
476.png,5,-0.05
477.png,5,-0.05
478.png,5,-0.05
479.png,5,-0.05
480.png,5,-0.05
481.png,5,-0.05
482.png,5,-0.05
483.png,13,-0.027000000000000003
484.png,13,-0.027000000000000003
485.png,5,-0.0447
486.png,5,-0.045
487.png,5,-0.045
488.png,5,-0.045
489.png,5,-0.045
490.png,5,-0.045
491.png,13,-0.024300000000000002
492.png,13,-0.024300000000000002
493.png,5,-0.045
494.png,5,-0.045
495.png,5,-0.045
496.png,5,-0.045
497.png,5,-0.045
498.png,5,-0.045
499.png,5,-0.045
500.png,5,-0.045
501.png,5,-0.045
502.png,5,-0.045
503.png,5,-0.045
504.png,5,-0.045
505.png,5,-0.045
506.png,5,-0.045
507.png,5,-0.045
508.png,5,-0.045
509.png,5,-0.045
510.png,5,-0.045
511.png,5,-0.045
512.png,5,-0.045
513.png,5,-0.045
514.png,5,-0.045
515.png,5,-0.045
516.png,5,-0.045
517.png,5,-0.0397
518.png,5,-0.04
519.png,5,-0.04
520.png,5,-0.04
521.png,5,-0.04
522.png,5,-0.04
523.png,5,-0.04
524.png,5,-0.04
525.png,13,-0.012750000000000001
526.png,13,-0.013500000000000002
527.png,13,0.00715
528.png,13,0.0054
529.png,13,0.0408
530.png,13,0.0378
531.png,5,0.2608
532.png,5,0.25
533.png,5,0.5579
534.png,5,0.5394
535.png,5,0.9677500000000001
536.png,5,0.9400000000000001
537.png,5,1.2052500000000002
538.png,5,1.185
539.png,5,1.3929999999999998
540.png,5,1.38
541.png,5,1.5559999999999998
542.png,5,1.545
543.png,5,1.4754999999999998
544.png,5,1.4657499999999999
545.png,5,1.57775
546.png,5,1.56975
547.png,5,1.6397499999999998
548.png,5,1.63475
549.png,5,1.66625
550.png,5,1.664
551.png,5,1.6149999999999998
552.png,5,1.6184999999999998
553.png,5,1.4785
554.png,5,1.4885
555.png,5,1.2575
556.png,5,1.274
557.png,5,1.0645
558.png,5,1.085
559.png,5,0.725
560.png,5,0.749
561.png,5,0.38649999999999995
562.png,5,0.4125
563.png,5,-0.0195
564.png,5,0.0075
565.png,5,-0.4881
566.png,5,-0.46109999999999995
567.png,5,-1.0494
568.png,5,-1.02
569.png,5,-1.2553999999999998
570.png,5,-1.2353999999999998
571.png,5,-1.34
572.png,5,-1.328
573.png,5,-1.289
574.png,5,-1.28625
575.png,5,-1.18225
576.png,5,-1.18875
577.png,5,-0.97675
578.png,5,-0.99
579.png,9,-0.4443
580.png,9,-0.46304999999999996
581.png,5,-0.34074999999999994
582.png,5,-0.36374999999999996
583.png,5,0.0625
584.png,5,0.036000000000000004
585.png,5,0.7711
586.png,5,0.73
587.png,11,0.7586499999999999
588.png,11,0.7253999999999999
589.png,5,1.55375
590.png,5,1.528
591.png,5,1.834
592.png,5,1.816
593.png,5,1.871
594.png,5,1.8427499999999999
595.png,5,1.95825
596.png,5,1.95
597.png,5,1.9009999999999998
598.png,5,1.9044999999999999
599.png,5,1.789
600.png,5,1.79725
601.png,5,1.52775
602.png,5,1.547
603.png,5,1.218
604.png,5,1.2415
605.png,5,0.92075
606.png,5,0.9485
607.png,5,0.48725
608.png,5,0.518
609.png,5,0.05099999999999999
610.png,5,0.08249999999999999
611.png,5,-0.46025
612.png,5,-0.428
613.png,5,-1.1816
614.png,5,-1.145
615.png,5,-1.4561499999999998
616.png,5,-1.43115
617.png,5,-1.50575
618.png,5,-1.48875
619.png,5,-1.5807499999999999
620.png,5,-1.575
621.png,5,-1.4909999999999999
622.png,5,-1.4962499999999999
623.png,5,-1.2882500000000001
624.png,5,-1.30125
625.png,5,-0.9295
626.png,5,-0.9485
627.png,5,-0.5735
628.png,5,-0.5985
629.png,5,-0.16525
630.png,5,-0.195
631.png,5,0.34025
632.png,5,0.308
633.png,5,1.0793
634.png,5,1.04
635.png,5,1.5727499999999999
636.png,5,1.541
637.png,5,1.79475
638.png,5,1.768
639.png,5,2.0485
640.png,5,2.032
641.png,5,1.7175
642.png,5,1.71275
643.png,5,1.64975
644.png,5,1.65425
645.png,5,1.47575
646.png,5,1.4885
647.png,5,1.4495
648.png,5,1.46625
649.png,5,1.17025
650.png,5,1.18875
651.png,5,0.787
652.png,5,0.8085
653.png,5,0.51025
654.png,5,0.5325
655.png,5,0.16
656.png,5,0.184
657.png,5,-0.2507
658.png,5,-0.22619999999999998
659.png,5,-0.7316999999999999
660.png,5,-0.705
661.png,5,-0.96295
662.png,5,-0.94395
663.png,5,-1.0975000000000001
664.png,5,-1.084
665.png,5,-1.06425
666.png,5,-1.06125
667.png,5,-0.96925
668.png,5,-0.975
669.png,5,-0.807
670.png,5,-0.8175
671.png,5,-0.5895
672.png,5,-0.60375
673.png,5,-0.33175
674.png,5,-0.34875
675.png,5,-0.05274999999999999
676.png,5,-0.07125
677.png,5,0.28525
678.png,5,0.264
679.png,5,0.807
680.png,5,0.78
681.png,5,1.08135
682.png,5,1.0626
683.png,5,1.29005
684.png,5,1.2745499999999998
685.png,5,1.4769499999999998
686.png,5,1.4659499999999999
687.png,5,1.29575
688.png,5,1.29375
689.png,5,1.20175
690.png,5,1.2075
691.png,5,1.0675
692.png,5,1.07625
693.png,9,0.58975
694.png,9,0.60025
695.png,5,0.75475
696.png,5,0.768
697.png,5,0.513
698.png,5,0.528
699.png,5,0.31125
700.png,5,0.324
701.png,5,0.16834999999999997
702.png,5,0.17834999999999998
703.png,5,0.056600000000000004
704.png,5,0.065
705.png,5,-0.0039
706.png,5,-0.0
707.png,13,-0.023600000000000003
708.png,13,-0.0216
709.png,5,-0.04
710.png,5,-0.04
711.png,5,0.0024
712.png,5,-0.0
713.png,5,0.0159
714.png,5,0.015
715.png,5,0.020300000000000002
716.png,5,0.02
717.png,5,0.025300000000000003
718.png,5,0.025
719.png,5,0.0303
720.png,5,0.03
721.png,5,0.035300000000000005
722.png,5,0.035
723.png,5,0.0403
724.png,5,0.04
725.png,5,0.04
726.png,5,0.04
727.png,5,0.0453
728.png,5,0.045
729.png,5,0.045
730.png,5,0.045
731.png,5,0.050300000000000004
732.png,5,0.05
733.png,5,0.05
734.png,5,0.05
735.png,5,0.05
736.png,5,0.05
737.png,5,0.05
738.png,5,0.05
739.png,5,0.0553
740.png,5,0.055
741.png,5,0.055
742.png,5,0.055
743.png,5,0.055
744.png,5,0.055
745.png,13,0.0297
746.png,13,0.0297
747.png,13,0.0297
748.png,13,0.0297
749.png,13,0.0415
750.png,13,0.0405
751.png,13,0.049350000000000005
752.png,13,0.048600000000000004
753.png,5,0.1059
754.png,5,0.105
755.png,5,0.11560000000000001
756.png,5,0.115
757.png,5,0.1097
758.png,5,0.11
759.png,5,0.11
760.png,5,0.11
761.png,5,0.1047
762.png,5,0.105
763.png,5,0.09970000000000001
764.png,5,0.1
765.png,5,0.1
766.png,5,0.1
767.png,5,0.0947
768.png,5,0.095
769.png,5,0.095
770.png,5,0.095
771.png,5,0.095
772.png,5,0.095
773.png,5,0.0897
774.png,5,0.09
775.png,5,0.09
776.png,5,0.09
777.png,5,0.09
778.png,5,0.09
779.png,5,0.08470000000000001
780.png,5,0.085
781.png,5,0.085
782.png,5,0.085
783.png,5,0.085
784.png,5,0.085
785.png,5,0.085
786.png,5,0.085
787.png,5,0.085
788.png,5,0.1645
789.png,5,0.16
790.png,5,0.16
791.png,5,0.3985
792.png,5,0.385
793.png,5,0.385
794.png,5,0.7931
795.png,5,1.3318
796.png,5,1.3
797.png,5,1.3
798.png,5,1.3
799.png,11,1.0009
800.png,5,2.12075
801.png,5,2.084
802.png,5,2.084
803.png,5,2.0012499999999998
804.png,5,1.97925
805.png,5,1.97925
806.png,-0.6,1
807.png,-0.6,1
808.png,-0.6,1
809.png,-0.6,1
810.png,-0.6,1
811.png,-0.6,1
812.png,-0.6,1
813.png,-0.6,1
814.png,-0.6,1
815.png,-0.6,1
816.png,-0.6,1
817.png,-0.6,1
818.png,-0.6,1
819.png,-0.6,1
820.png,-0.6,1
821.png,5,2.0702499999999997
822.png,5,2.0637499999999998
823.png,5,2.0637499999999998
824.png,5,1.96925
825.png,5,1.976
826.png,5,1.976
827.png,5,1.9725
828.png,5,1.97275
829.png,5,1.97275
830.png,5,2.0077499999999997
831.png,5,2.0052499999999998
832.png,5,2.0052499999999998
833.png,5,2.03325
834.png,5,2.03125
835.png,5,2.03125
836.png,5,2.04875
837.png,5,2.0475
838.png,5,2.0475
839.png,5,2.0475
840.png,5,2.0335
841.png,5,2.0345
842.png,5,2.01
843.png,5,2.0117499999999997
844.png,5,1.9802499999999998
845.png,5,1.9825
846.png,5,1.9825
847.png,5,1.9229999999999998
848.png,5,1.92725
849.png,5,1.92725
850.png,5,1.82925
851.png,5,1.83625
852.png,5,1.83625
853.png,5,1.57375
854.png,5,1.5925
855.png,5,1.3579999999999999
856.png,5,1.37475
857.png,5,1.20325
858.png,5,1.2155
859.png,5,1.1740000000000002
860.png,5,1.183
861.png,5,1.06675
862.png,5,1.0745
863.png,5,0.932
864.png,5,0.9415
865.png,5,0.9415
866.png,5,0.74275
867.png,5,0.756
868.png,5,0.756
869.png,5,0.4335
870.png,5,0.455
871.png,5,-0.036500000000000005
872.png,5,-0.00375
873.png,5,-0.71175
874.png,5,-0.6675
875.png,5,-0.6675
876.png,5,-1.647
877.png,5,-1.592
878.png,5,-1.592
879.png,5,-2.997
880.png,5,-2.94
881.png,-0.6,-1
882.png,-0.6,-1
883.png,-0.6,-1
884.png,-0.6,-1
885.png,-0.6,-1
886.png,-0.6,-1
887.png,-0.6,-1
888.png,-0.6,-1
889.png,-0.6,-1
890.png,-0.6,-1
891.png,-0.6,-1
892.png,-0.6,-1
893.png,-0.6,-1
894.png,-0.6,-1
895.png,-0.6,-1
896.png,-0.6,-1
897.png,-0.6,-1
898.png,-0.6,-1
899.png,-0.6,-1
900.png,-0.6,-1
901.png,-0.6,-1
902.png,-0.6,-1
903.png,-0.6,-1
904.png,-0.6,-1
905.png,-0.6,-1
906.png,-0.6,-1
907.png,-0.6,-1
908.png,-0.6,-1
909.png,-0.6,-1
910.png,-0.6,-1
911.png,5,-2.0719999999999996
912.png,5,-1.9834999999999998
913.png,5,-1.9889999999999999
914.png,5,-1.9889999999999999
915.png,5,-1.912
916.png,5,-1.9629999999999999
917.png,5,-1.9597499999999999
918.png,5,-2.0647499999999996
919.png,5,-2.05725
920.png,5,-2.05725
921.png,-0.6,-1
922.png,-0.6,-1
923.png,-0.6,-1
924.png,-0.6,-1
925.png,-0.6,-1
926.png,-0.6,-1
927.png,-0.6,-1
928.png,-0.6,-1
929.png,-0.6,-1
930.png,-0.6,-1
931.png,-0.6,-1
932.png,5,-2.0012499999999998
933.png,5,-2.0052499999999998
934.png,5,-1.9072500000000001
935.png,5,-1.91425
936.png,5,-1.82325
937.png,5,-1.82975
938.png,5,-1.7422499999999999
939.png,5,-1.7485
940.png,5,-1.6785
941.png,5,-1.6835
942.png,5,-1.6344999999999998
943.png,5,-1.638
944.png,5,-1.6064999999999998
945.png,5,-1.60875
946.png,5,-1.53875
947.png,5,-1.54375
948.png,5,-1.62525
949.png,5,-1.635
950.png,5,-1.4709999999999999
951.png,5,-1.48125
952.png,5,-1.3852499999999999
953.png,5,-1.3912499999999999
954.png,5,-1.29525
955.png,5,-1.30125
956.png,5,-1.13575
957.png,5,-1.141
958.png,5,-1.036
959.png,5,-1.043
960.png,5,-0.878
961.png,5,-0.66775
962.png,5,-0.6825
963.png,5,-0.6825
964.png,5,-0.42724999999999996
965.png,5,-0.12625
966.png,5,-0.14625
967.png,5,0.19674999999999998
968.png,5,0.176
969.png,5,0.5710000000000001
970.png,5,0.552
971.png,5,0.8968
972.png,5,0.88
973.png,5,0.88
974.png,5,0.9744999999999999
975.png,5,0.966
976.png,5,0.9457
977.png,5,0.94395
978.png,5,0.8933499999999999
979.png,5,0.8960999999999999
980.png,5,0.7135
981.png,5,0.72
982.png,5,0.55
983.png,5,0.3475
984.png,5,0.36
985.png,5,0.36
986.png,5,0.15689999999999998
987.png,5,0.16965
988.png,5,0.014499999999999999
989.png,5,0.023
990.png,5,-0.12340000000000001
991.png,5,-0.24220000000000003
992.png,5,-0.23500000000000001
993.png,5,-0.31804999999999994
994.png,5,-0.31279999999999997
995.png,5,-0.31279999999999997
996.png,5,-0.3786
997.png,5,-0.3741
998.png,5,-0.4522999999999999
999.png,5,-0.44804999999999995
1000.png,5,-0.47575
1001.png,5,-0.47200000000000003
1002.png,5,-0.5315
1003.png,5,-0.528
1004.png,5,-0.5705
1005.png,5,-0.5680000000000001
1006.png,5,-0.602
1007.png,5,-0.6
1008.png,5,-0.617
1009.png,5,-0.616
1010.png,5,-0.6075
1011.png,5,-0.5740000000000001
1012.png,5,-0.5760000000000001
1013.png,5,-0.5760000000000001
1014.png,5,-0.4995
1015.png,5,-0.504
1016.png,5,-0.385
1017.png,5,-0.392
1018.png,5,-0.239
1019.png,5,-0.248
1020.png,5,-0.06100000000000001
1021.png,5,-0.07200000000000001
1022.png,5,0.1333
1023.png,5,0.12179999999999999
1024.png,5,0.3732
1025.png,5,0.36
1026.png,5,0.5720000000000001
1027.png,5,0.56
1028.png,5,0.6607
1029.png,5,0.6532
1030.png,5,0.7004999999999999
1031.png,5,0.696
1032.png,5,0.7005999999999999
1033.png,5,0.7003499999999999
1034.png,5,0.64055
1035.png,5,0.6437999999999999
1036.png,5,0.515
1037.png,5,0.522
1038.png,5,0.361
1039.png,5,0.36974999999999997
1040.png,5,0.17275
1041.png,5,0.184
1042.png,5,-0.0066999999999999985
1043.png,5,0.005
1044.png,13,-0.0917
1045.png,13,-0.08370000000000001
1046.png,5,-0.2822
1047.png,5,-0.275
1048.png,5,-0.35485
1049.png,5,-0.3496
1050.png,5,-0.47319999999999995
1051.png,5,-0.46545
1052.png,5,-0.547
1053.png,5,-0.54
1054.png,5,-0.59525
1055.png,5,-0.592
1056.png,5,-0.63025
1057.png,5,-0.628
1058.png,5,-0.64925
1059.png,5,-0.648
1060.png,5,-0.64375
1061.png,5,-0.644
1062.png,5,-0.61425
1063.png,5,-0.616
1064.png,5,-0.5395000000000001
1065.png,5,-0.544
1066.png,5,-0.425
1067.png,5,-0.432
1068.png,5,-0.279
1069.png,5,-0.28800000000000003
1070.png,5,-0.09675
1071.png,5,-0.108
1072.png,5,0.10334999999999998
1073.png,5,0.09134999999999999
1074.png,5,0.32454999999999995
1075.png,5,0.31279999999999997
1076.png,13,0.31045
1077.png,13,0.2997
1078.png,5,0.68035
1079.png,5,0.6716
1080.png,5,0.7362999999999998
1081.png,5,0.7307999999999999
1082.png,5,0.89725
1083.png,5,0.884
1084.png,5,0.99025
1085.png,5,0.984
1086.png,9,0.5433
1087.png,9,0.5488
1088.png,5,0.7345
1089.png,5,0.744
1090.png,5,0.506
1091.png,5,0.52
1092.png,5,0.3075
1093.png,5,0.32
1094.png,5,0.16859999999999997
1095.png,5,0.17834999999999998
1096.png,5,0.22255
1097.png,5,0.2208
1098.png,5,0.4361
1099.png,5,0.425
1100.png,5,0.7642
1101.png,5,0.745
1102.png,5,1.1413
1103.png,5,1.1178
1104.png,11,0.9852
1105.png,11,0.9541999999999999
1106.png,5,2.11825
1107.png,5,2.08
1108.png,5,2.054
1109.png,5,2.028
1110.png,-0.6,1
1111.png,-0.6,1
1112.png,-0.6,1
1113.png,-0.6,1
1114.png,-0.6,1
1115.png,-0.6,1
1116.png,-0.6,1
1117.png,-0.6,1
1118.png,-0.6,1
1119.png,-0.6,1
1120.png,-0.6,1
1121.png,-0.6,1
1122.png,-0.6,1
1123.png,-0.6,1
1124.png,-0.6,1
1125.png,-0.6,1
1126.png,-0.6,1
1127.png,-0.6,1
1128.png,-0.6,1
1129.png,-0.6,1
1130.png,-0.6,1
1131.png,-0.6,1
1132.png,-0.6,1
1133.png,-0.6,1
1134.png,-0.6,1
1135.png,-0.6,1
1136.png,-0.6,1
1137.png,-0.6,1
1138.png,-0.6,1
1139.png,-0.6,1
1140.png,-0.6,1
1141.png,-0.6,1
1142.png,-0.6,1
1143.png,-0.6,1
1144.png,-0.6,1
1145.png,-0.6,1
1146.png,-0.6,1
1147.png,-0.6,1
1148.png,5,2.035
1149.png,5,2.0345
1150.png,5,1.9469999999999998
1151.png,5,1.95325
1152.png,5,1.87975
1153.png,5,1.885
1154.png,5,1.766
1155.png,5,1.7745
1156.png,5,1.6029999999999998
1157.png,5,1.6152499999999999
1158.png,5,1.4262499999999998
1159.png,5,1.4397499999999999
1160.png,5,1.46525
1161.png,5,1.4775
1162.png,5,1.2734999999999999
1163.png,5,1.28625
1164.png,5,1.0182499999999999
1165.png,5,1.035
1166.png,5,0.715
1167.png,5,0.735
1168.png,5,0.359
1169.png,5,0.3825
1170.png,5,-0.03825
1171.png,5,-0.012
1172.png,5,-0.4697
1173.png,5,-0.4462
1174.png,5,-0.8050999999999999
1175.png,5,-0.7866
1176.png,5,-0.9784499999999999
1177.png,5,-0.9656999999999999
1178.png,9,-0.6113999999999999
1179.png,9,-0.60515
1180.png,5,-0.9964999999999999
1181.png,5,-0.996
1182.png,5,-0.9737499999999999
1183.png,5,-0.97125
1184.png,5,-0.93525
1185.png,5,-0.9375
1186.png,5,-0.7935
1187.png,5,-0.8025
1188.png,5,-0.6025
1189.png,5,-0.615
1190.png,5,-0.38299999999999995
1191.png,5,-0.39749999999999996
1192.png,5,-0.17325
1193.png,5,-0.188
1194.png,5,0.0925
1195.png,5,0.076
1196.png,5,0.3784
1197.png,5,0.3634
1198.png,13,0.34900000000000003
1199.png,13,0.3375
1200.png,5,0.72535
1201.png,5,0.7176
1202.png,5,0.9775999999999999
1203.png,5,0.9613499999999999
1204.png,5,1.0285
1205.png,5,1.02
1206.png,9,0.56265
1207.png,9,0.5684
1208.png,5,0.7495
1209.png,5,0.76
1210.png,5,0.76
1211.png,5,0.59
1212.png,5,0.4045
1213.png,5,0.41600000000000004
1214.png,5,0.41600000000000004
1215.png,5,0.2035
1216.png,5,0.216
1217.png,5,0.216
1218.png,5,0.009499999999999998
1219.png,5,0.02175
1220.png,5,0.02175
1221.png,5,-0.2347
1222.png,5,-0.22
1223.png,5,-0.22
1224.png,5,-0.43729999999999997
1225.png,5,-0.50315
1226.png,5,-0.49589999999999995
1227.png,5,-0.49589999999999995
1228.png,5,-0.6017
1229.png,5,-0.5904999999999999
1230.png,5,-0.588
1231.png,5,-0.5795
1232.png,5,-0.58
1233.png,5,-0.58
1234.png,5,-0.529
1235.png,5,-0.532
1236.png,5,-0.44275000000000003
1237.png,5,-0.448
1238.png,5,-0.3205
1239.png,5,-0.328
1240.png,5,-0.175
1241.png,5,-0.184
1242.png,5,-0.016099999999999996
1243.png,5,-0.026099999999999998
1244.png,5,0.1664
1245.png,5,0.15639999999999998
1246.png,5,0.3714
1247.png,5,0.36
1248.png,5,0.5402
1249.png,5,0.53
1250.png,5,0.604
1251.png,5,0.598
1252.png,5,0.6206999999999999
1253.png,5,0.6176999999999999
1254.png,5,0.6085
1255.png,5,0.609
1256.png,5,0.5354
1257.png,5,0.5394
1258.png,5,0.4244
1259.png,5,0.43065
1260.png,5,0.26965
1261.png,5,0.2784
1262.png,5,0.1004
1263.png,5,0.1104
1264.png,5,-0.11320000000000001
1265.png,5,-0.1
1266.png,5,-0.31729999999999997
1267.png,5,-0.305
1268.png,5,-0.43554999999999994
1269.png,5,-0.42629999999999996
1270.png,5,-0.5642999999999999
1271.png,5,-0.5568
1272.png,5,-0.5800000000000001
1273.png,5,-0.5760000000000001
1274.png,5,-0.5760000000000001
1275.png,5,-0.5760000000000001
1276.png,5,-0.52925
1277.png,5,-0.532
1278.png,5,-0.44275000000000003
1279.png,5,-0.448
1280.png,5,-0.329
1281.png,5,-0.336
1282.png,5,-0.2
1283.png,5,-0.20800000000000002
1284.png,5,-0.0744
1285.png,5,-0.08265
1286.png,5,0.07835
1287.png,5,0.0696
1288.png,5,0.2496
1289.png,5,0.24
1290.png,13,0.19745000000000001
1291.png,13,0.1917
1292.png,5,0.4239
1293.png,5,0.42
1294.png,5,0.5264
1295.png,5,0.5176499999999999
1296.png,5,0.5176499999999999
1297.png,5,0.6004499999999999
1298.png,5,0.59595
1299.png,5,0.59595
1300.png,5,0.5269499999999999
1301.png,5,0.5307
1302.png,5,0.5307
1303.png,5,0.41109999999999997
1304.png,5,0.41759999999999997
1305.png,5,0.2612
1306.png,5,0.2697
1307.png,5,0.2697
1308.png,5,0.1106
1309.png,5,0.1196
1310.png,5,0.1196
1311.png,5,-0.0502
1312.png,5,-0.04
1313.png,5,-0.04
1314.png,5,-0.199
1315.png,5,-0.19
1316.png,5,-0.19
1317.png,5,-0.3172
1318.png,5,-0.31
1319.png,5,-0.33869999999999995
1320.png,5,-0.33494999999999997
1321.png,5,-0.36255
1322.png,5,-0.36105
1323.png,5,-0.35645
1324.png,5,-0.35669999999999996
1325.png,5,-0.31989999999999996
1326.png,5,-0.32189999999999996
1327.png,5,-0.2621
1328.png,5,-0.26535
1329.png,5,-0.26535
1330.png,5,-0.19174999999999998
1331.png,5,-0.19574999999999998
1332.png,5,-0.10834999999999999
1333.png,5,-0.016499999999999997
1334.png,5,-0.02175
1335.png,5,0.0837
1336.png,5,0.07819999999999999
1337.png,5,0.1857
1338.png,5,0.18
1339.png,5,0.18
1340.png,13,0.12965000000000002
1341.png,5,0.26680000000000004
1342.png,5,0.265
1343.png,5,0.27030000000000004
1344.png,5,0.27
1345.png,5,0.2488
1346.png,5,0.25
1347.png,5,0.25
1348.png,5,0.197
1349.png,5,0.2
1350.png,5,0.13110000000000002
1351.png,13,0.0257
1352.png,13,0.0297
1353.png,13,0.0297
1354.png,5,-0.040400000000000005
1355.png,5,-0.1145
1356.png,5,-0.11
1357.png,5,-0.11
1358.png,5,-0.16425
1359.png,5,-0.161
1360.png,5,-0.18525
1361.png,5,-0.184
1362.png,5,-0.1556
1363.png,5,-0.1566
1364.png,5,-0.0968
1365.png,5,-0.10005
1366.png,5,0.01495
1367.png,5,0.0087
1368.png,5,0.1741
1369.png,5,0.1656
1370.png,5,0.392
1371.png,5,0.38
1372.png,5,0.6079
1373.png,5,0.595
1374.png,5,0.75595
1375.png,5,0.7452
1376.png,5,0.8748999999999999
1377.png,5,0.8656499999999999
1378.png,5,0.98985
1379.png,5,0.9831
1380.png,5,1.0520999999999998
1381.png,5,1.04835
1382.png,5,1.0667499999999999
1383.png,5,1.06575
1384.png,5,0.9460000000000001
1385.png,5,0.9480000000000001
1386.png,5,0.85875
1387.png,5,0.864
1388.png,5,0.745
1389.png,5,0.752
1390.png,5,0.616
1391.png,5,0.624
1392.png,5,0.6234
1393.png,5,0.6264
1394.png,5,0.6539999999999999
1395.png,5,0.6525
1396.png,5,0.685
1397.png,5,0.68
1398.png,5,0.799
1399.png,5,0.792
1400.png,5,0.9407500000000001
1401.png,5,0.932
1402.png,5,1.102
1403.png,5,1.092
1404.png,5,1.1997499999999999
1405.png,5,1.18875
1406.png,5,1.36075
1407.png,5,1.3499999999999999
1408.png,5,1.534
1409.png,5,1.5225
1410.png,5,1.4665
1411.png,5,1.456
1412.png,5,1.5785
1413.png,5,1.56975
1414.png,5,1.63275
1415.png,5,1.62825
1416.png,5,1.6352499999999999
1417.png,5,1.63475
1418.png,5,1.56125
1419.png,5,1.5665
1420.png,5,1.402
1421.png,5,1.4137499999999998
1422.png,5,1.2825
1423.png,5,1.2985
1424.png,5,1.0135
1425.png,5,1.0325
1426.png,5,0.7062499999999999
1427.png,5,0.728
1428.png,5,0.40399999999999997
1429.png,5,0.4275
1430.png,5,0.047499999999999994
1431.png,5,0.07125
1432.png,5,-0.32215
1433.png,5,-0.30015
1434.png,13,-0.41935
1435.png,13,-0.3996
1436.png,5,-0.9198
1437.png,5,-0.9047999999999999
1438.png,5,-0.98075
1439.png,5,-0.972
1440.png,5,-1.07125
1441.png,5,-1.06125
1442.png,5,-1.01725
1443.png,5,-1.02
1444.png,5,-0.727
1445.png,5,-0.742
1446.png,5,-0.471
1447.png,5,-0.49124999999999996
1448.png,5,-0.06725
1449.png,5,-0.09375
1450.png,5,0.3845
1451.png,5,0.356
1452.png,5,1.1181
1453.png,5,1.08
1454.png,5,1.5707499999999999
1455.png,5,1.541
1456.png,5,1.79475
1457.png,5,1.768
1458.png,5,2.0485
1459.png,5,2.032
1460.png,5,1.7314999999999998
1461.png,5,1.72575
1462.png,5,1.68025
1463.png,5,1.6835
1464.png,5,1.5399999999999998
1465.png,5,1.55025
1466.png,5,1.34375
1467.png,5,1.3585
1468.png,5,1.3114999999999999
1469.png,5,1.3275
1470.png,5,0.9615
1471.png,5,0.98
1472.png,5,0.73
1473.png,5,0.75
1474.png,5,0.394
1475.png,5,0.41625
1476.png,5,0.061500000000000006
1477.png,5,0.084
1478.png,5,-0.30595
1479.png,5,-0.2852
1480.png,5,-0.62955
1481.png,5,-0.6118
1482.png,5,-0.8269499999999999
1483.png,5,-0.8134499999999999
1484.png,9,-0.54185
1485.png,9,-0.5341
1486.png,5,-0.85075
1487.png,5,-0.852
1488.png,9,-0.45435000000000003
1489.png,9,-0.4606
1490.png,5,-0.5009999999999999
1491.png,5,-0.5137499999999999
1492.png,5,-0.19375
1493.png,5,-0.21375
1494.png,5,0.1545
1495.png,5,0.132
1496.png,5,0.5575499999999999
1497.png,5,0.5350499999999999
1498.png,5,1.0549
1499.png,5,1.03
1500.png,5,1.2483
1501.png,5,1.2328
1502.png,5,1.4003999999999999
1503.png,5,1.3876499999999998
1504.png,5,1.53945
1505.png,5,1.5312
1506.png,5,1.324
1507.png,5,1.32375
1508.png,5,1.2157499999999999
1509.png,5,1.2225
1510.png,5,1.0904999999999998
1511.png,5,1.09875
1512.png,5,1.00625
1513.png,5,1.016
1514.png,5,0.8885000000000001
1515.png,5,0.896
1516.png,5,0.8535
1517.png,5,0.856
1518.png,5,0.89
1519.png,5,0.888
1520.png,9,0.5979
1521.png,9,0.5929
1522.png,5,1.0742500000000001
1523.png,5,1.068
1524.png,5,1.22525
1525.png,5,1.21125
1526.png,5,1.42325
1527.png,5,1.41
1528.png,5,1.5459999999999998
1529.png,5,1.5374999999999999
1530.png,5,1.4164999999999999
1531.png,5,1.4104999999999999
1532.png,5,1.4525
1533.png,5,1.4495
1534.png,5,1.4284999999999999
1535.png,5,1.43
1536.png,5,1.3495
1537.png,5,1.3552499999999998
1538.png,5,1.39575
1539.png,5,1.40625
1540.png,5,1.1099999999999999
1541.png,5,1.1235
1542.png,5,0.8685
1543.png,5,0.8855000000000001
1544.png,5,0.623
1545.png,5,0.6405
1546.png,5,0.41025
1547.png,5,0.4275
1548.png,5,0.201
1549.png,5,0.216
1550.png,5,-0.0135
1551.png,5,-0.0
1552.png,5,-0.2037
1553.png,5,-0.19319999999999998
1554.png,5,-0.3531
1555.png,5,-0.34500000000000003
1556.png,5,-0.34500000000000003
1557.png,5,-0.3659
1558.png,5,-0.32945
1559.png,5,-0.3312
1560.png,5,-0.3312
1561.png,5,-0.22119999999999998
1562.png,5,-0.22619999999999998
1563.png,5,-0.07915
1564.png,5,-0.0874
1565.png,5,0.11145
1566.png,5,0.1012
1567.png,13,0.18330000000000002
1568.png,13,0.1728
1569.png,5,0.5426
1570.png,5,0.53
1571.png,5,0.8797
1572.png,5,0.85695
1573.png,5,1.14925
1574.png,5,1.1280000000000001
1575.png,5,1.2129999999999999
1576.png,5,1.208
1577.png,5,1.208
1578.png,5,1.1365
1579.png,5,1.13625
1580.png,5,1.06425
1581.png,5,1.0687499999999999
1582.png,5,1.0210000000000001
1583.png,5,1.028
1584.png,5,1.028
1585.png,9,0.54055
1586.png,9,0.5488
1587.png,9,0.5488
1588.png,5,0.743
1589.png,5,0.752
1590.png,5,0.6585000000000001
1591.png,5,0.664
1592.png,5,0.664
1593.png,5,0.596
1594.png,5,0.6
1595.png,5,0.6
1596.png,5,0.4895
1597.png,5,0.496
1598.png,5,0.496
1599.png,5,0.38125000000000003
1600.png,5,0.388
1601.png,5,0.388
1602.png,5,0.31615
1603.png,5,0.32189999999999996
1604.png,5,0.32189999999999996
1605.png,5,0.24825
1606.png,5,0.253
1607.png,5,0.253
1608.png,5,0.2008
1609.png,5,0.20500000000000002
1610.png,5,0.16790000000000002
1611.png,5,0.17
1612.png,5,0.17
1613.png,5,0.1753
1614.png,5,0.17500000000000002
1615.png,5,0.17500000000000002
1616.png,13,0.10925000000000001
1617.png,13,0.11685000000000001
1618.png,13,0.11610000000000001
1619.png,13,0.11610000000000001
1620.png,5,0.3157
1621.png,5,0.31
1622.png,5,0.31
1623.png,5,0.40309999999999996
1624.png,5,0.39585
1625.png,5,0.39585
1626.png,5,0.41884999999999994
1627.png,5,0.3348
1628.png,5,0.3393
1629.png,5,0.3393
1630.png,5,0.3393
1631.png,5,0.23809999999999998
1632.png,5,0.24359999999999998
1633.png,5,0.24359999999999998
1634.png,5,0.1315
1635.png,5,0.138
1636.png,5,0.138
1637.png,5,-0.009
1638.png,5,-0.1908
1639.png,5,-0.18
1640.png,5,-0.18
1641.png,5,-0.3496
1642.png,5,-0.34
1643.png,5,-0.46799999999999997
1644.png,5,-0.45999999999999996
1645.png,5,-0.45999999999999996
1646.png,5,-0.573
1647.png,5,-0.5655
1648.png,5,-0.6850999999999999
1649.png,5,-0.6786
1650.png,5,-0.7751999999999999
1651.png,5,-0.7699499999999999
1652.png,5,-0.7675
1653.png,5,-0.764
1654.png,5,-0.7937500000000001
1655.png,5,-0.792
1656.png,5,-0.792
1657.png,5,-0.8005
1658.png,5,-0.8
1659.png,5,-0.7915000000000001
1660.png,5,-0.792
1661.png,5,-0.758
1662.png,5,-0.76
1663.png,5,-0.7175
1664.png,5,-0.72
1665.png,5,-0.6605000000000001
1666.png,5,-0.664
1667.png,5,-0.60025
1668.png,5,-0.604
1669.png,5,-0.54025
1670.png,5,-0.544
1671.png,5,-0.4845
1672.png,5,-0.488
1673.png,5,-0.437
1674.png,5,-0.44
1675.png,5,-0.43249999999999994
1676.png,5,-0.43499999999999994
1677.png,5,-0.43499999999999994
1678.png,5,-0.4074
1679.png,5,-0.39049999999999996
1680.png,5,-0.39149999999999996
1681.png,5,-0.3777
1682.png,5,-0.37844999999999995
1683.png,5,-0.37844999999999995
1684.png,5,-0.39535000000000003
1685.png,5,-0.415
1686.png,5,-0.414
1687.png,5,-0.414
1688.png,5,-0.4334
1689.png,5,-0.46149999999999997
1690.png,5,-0.45999999999999996
1691.png,5,-0.45999999999999996
1692.png,5,-0.4891
1693.png,5,-0.48869999999999997
1694.png,5,-0.48719999999999997
1695.png,5,-0.48719999999999997
1696.png,5,-0.524
1697.png,5,-0.5495999999999999
1698.png,5,-0.5480999999999999
1699.png,5,-0.5756999999999999
1700.png,5,-0.5741999999999999
1701.png,5,-0.6017999999999999
1702.png,5,-0.6003
1703.png,5,-0.6094999999999999
1704.png,5,-0.609
1705.png,5,-0.5721999999999999
1706.png,5,-0.5741999999999999
1707.png,5,-0.5741999999999999
1708.png,5,-0.5052
1709.png,5,-0.40315
1710.png,5,-0.4089
1711.png,5,-0.2709
1712.png,5,-0.2784
1713.png,5,-0.2784
1714.png,5,-0.13435
1715.png,5,0.0093
1716.png,5,-0.0
1717.png,5,-0.0
1718.png,13,0.09440000000000001
1719.png,13,0.0864
1720.png,5,0.3031
1721.png,5,0.295
1722.png,5,0.36244999999999994
1723.png,5,0.5038999999999999
1724.png,5,0.49589999999999995
1725.png,5,0.5325
1726.png,5,0.528
1727.png,5,0.528
1728.png,5,0.5025000000000001
1729.png,5,0.504
1730.png,5,0.43175
1731.png,5,0.436
1732.png,5,0.32975000000000004
1733.png,5,0.336
1734.png,5,0.2
1735.png,5,0.20800000000000002
1736.png,5,0.060599999999999994
1737.png,5,0.0696
1738.png,5,-0.101
1739.png,5,-0.092
1740.png,5,-0.3014
1741.png,5,-0.29
1742.png,5,-0.4596
1743.png,5,-0.45
1744.png,5,-0.5400999999999999
1745.png,5,-0.5336
1746.png,5,-0.569
1747.png,5,-0.5655
1748.png,5,-0.5655
1749.png,5,-0.5655
1750.png,5,-0.5195000000000001
1751.png,5,-0.522
1752.png,5,-0.4254
1753.png,5,-0.43065
1754.png,5,-0.43065
1755.png,5,-0.30645
1756.png,5,-0.3132
1757.png,5,-0.18084999999999998
1758.png,5,-0.1886
1759.png,5,-0.0354
1760.png,5,-0.045
1761.png,5,-0.045
1762.png,13,0.061250000000000006
1763.png,13,0.054000000000000006
1764.png,5,0.2325
1765.png,5,0.225
1766.png,5,0.31854999999999994
1767.png,5,0.31279999999999997
1768.png,5,0.31279999999999997
1769.png,5,0.36479999999999996
1770.png,5,0.36105
1771.png,5,0.37944999999999995
1772.png,5,0.37844999999999995
1773.png,5,0.37844999999999995
1774.png,5,0.35545
1775.png,5,0.35669999999999996
1776.png,5,0.28550000000000003
1777.png,5,0.28800000000000003
1778.png,5,0.28800000000000003
1779.png,5,0.24419999999999997
1780.png,5,0.24794999999999998
1781.png,5,0.24794999999999998
1782.png,5,0.16515
1783.png,5,0.16965
1784.png,5,0.08224999999999999
1785.png,5,-0.0147
1786.png,5,-0.0092
1787.png,5,-0.1266
1788.png,5,-0.12
1789.png,5,-0.21539999999999998
1790.png,5,-0.21
1791.png,5,-0.21
1792.png,13,-0.1429
1793.png,13,-0.1404
1794.png,5,-0.27590000000000003
1795.png,5,-0.275
1796.png,5,-0.2697
1797.png,5,-0.27
1798.png,5,-0.31629999999999997
1799.png,5,-0.31279999999999997
1800.png,5,-0.32735
1801.png,5,-0.3266
1802.png,5,-0.26355
1803.png,5,-0.2668
1804.png,5,-0.18434999999999999
1805.png,5,-0.1886
1806.png,5,-0.07780000000000001
1807.png,5,-0.085
1808.png,13,0.03375
1809.png,13,0.027000000000000003
1810.png,5,0.1878
1811.png,5,0.18
1812.png,5,0.28685
1813.png,5,0.2806
1814.png,5,0.33435
1815.png,5,0.3306
1816.png,5,0.117
1817.png,5,0.128
1818.png,5,-0.11
1819.png,5,-0.096
1820.png,5,-0.48619999999999997
1821.png,5,-0.46545
1822.png,5,-1.0703
1823.png,5,-1.04
1824.png,5,-1.6442
1825.png,5,-1.61
1826.png,11,-1.16495
1827.png,11,-1.1361999999999999
1828.png,5,-2.16025
1829.png,5,-2.136
1830.png,5,-1.879
1831.png,5,-1.86875
1832.png,-0.6,-1
1833.png,-0.6,-1
1834.png,-0.6,-1
1835.png,-0.6,-1
1836.png,-0.6,-1
1837.png,-0.6,-1
1838.png,-0.6,-1
1839.png,-0.6,-1
1840.png,-0.6,-1
1841.png,-0.6,-1
1842.png,-0.6,-1
1843.png,-0.6,-1
1844.png,-0.6,-1
1845.png,-0.6,-1
1846.png,-0.6,-1
1847.png,-0.6,-1
1848.png,-0.6,-1
1849.png,-0.6,-1
1850.png,-0.6,-1
1851.png,-0.6,-1
1852.png,-0.6,-1
1853.png,-0.6,-1
1854.png,-0.6,-1
1855.png,-0.6,-1
1856.png,-0.6,-1
1857.png,-0.6,-1
1858.png,5,-2.0647499999999996
1859.png,5,-2.05075
1860.png,5,-1.9947499999999998
1861.png,5,-1.9987499999999998
1862.png,5,-1.9497499999999999
1863.png,5,-1.95325
1864.png,5,-1.9077499999999998
1865.png,5,-1.9109999999999998
1866.png,5,-1.8585
1867.png,5,-1.86225
1868.png,5,-1.73275
1869.png,5,-1.742
1870.png,5,-1.553
1871.png,5,-1.5665
1872.png,5,-1.374
1873.png,5,-1.38775
1874.png,5,-1.34925
1875.png,5,-1.365
1876.png,5,-1.101
1877.png,5,-1.1175
1878.png,5,-0.8614999999999999
1879.png,5,-0.8775
1880.png,5,-0.6295000000000001
1881.png,5,-0.645
1882.png,5,-0.484
1883.png,5,-0.496
1884.png,5,-0.377
1885.png,5,-0.384
1886.png,5,-0.3486
1887.png,5,-0.35235
1888.png,5,-0.37744999999999995
1889.png,5,-0.3772
1890.png,5,-0.4948
1891.png,5,-0.49
1892.png,5,-0.6437
1893.png,5,-0.635
1894.png,5,-0.8311000000000001
1895.png,5,-0.8200000000000001
1896.png,5,-0.9823500000000001
1897.png,5,-0.9706
1898.png,5,-1.17915
1899.png,5,-1.1683999999999999
1900.png,5,-1.2704999999999997
1901.png,5,-1.2614999999999998
1902.png,5,-1.4041
1903.png,5,-1.39635
1904.png,5,-1.5021499999999999
1905.png,5,-1.4964
1906.png,5,-1.5654
1907.png,5,-1.56165
1908.png,5,-1.538
1909.png,5,-1.532
1910.png,5,-1.532
1911.png,5,-1.753
1912.png,5,-2.029
1913.png,5,-2.012
1914.png,5,-2.012
1915.png,5,-1.88675
1916.png,5,-1.86875
1917.png,5,-1.99125
1918.png,5,-1.9825
1919.png,5,-2.0629999999999997
1920.png,5,-2.05725
1921.png,-0.6,-1
1922.png,-0.6,-1
1923.png,5,-2.02225
1924.png,5,-2.02475
1925.png,5,-2.02475
1926.png,5,-1.9477499999999999
1927.png,5,-1.95325
1928.png,5,-1.95325
1929.png,5,-1.85875
1930.png,5,-1.5855
1931.png,5,-1.6055
1932.png,5,-1.6055
1933.png,5,-1.2555
1934.png,5,-1.2805
1935.png,5,-0.944
1936.png,5,-0.973
1937.png,5,-0.50425
1938.png,5,-0.5355
1939.png,5,-0.04575
1940.png,5,-0.07875
1941.png,5,-0.07875
1942.png,5,0.43724999999999997
1943.png,5,0.40499999999999997
1944.png,5,0.40499999999999997
1945.png,5,1.1336000000000002
1946.png,5,1.4291
1947.png,5,1.4076
1948.png,5,1.4076
1949.png,5,1.4828999999999999
1950.png,5,1.4746499999999998
1951.png,5,1.31775
1952.png,5,1.32
1953.png,5,1.1295
1954.png,5,1.13625
1955.png,5,1.0250000000000001
1956.png,5,1.036
1957.png,5,1.036
1958.png,9,0.49955
1959.png,5,0.5852499999999999
1960.png,5,0.6
1961.png,5,0.6
1962.png,5,0.6
1963.png,5,0.362
1964.png,5,0.376
1965.png,5,0.1295
1966.png,5,0.14400000000000002
1967.png,5,0.14400000000000002
1968.png,5,-0.11019999999999999
1969.png,5,-0.0957
1970.png,5,-0.375
1971.png,5,-0.36
1972.png,5,-0.36
1973.png,5,-0.5348999999999999
1974.png,5,-0.6154999999999999
1975.png,5,-0.609
1976.png,5,-0.609
1977.png,5,-0.609
1978.png,5,-0.6457999999999999
1979.png,5,-0.6437999999999999
1980.png,5,-0.6437999999999999
1981.png,5,-0.5665000000000001
1982.png,5,-0.5680000000000001
1983.png,5,-0.5680000000000001
1984.png,5,-0.5085000000000001
1985.png,5,-0.512
1986.png,5,-0.4185
1987.png,5,-0.424
1988.png,5,-0.424
1989.png,5,-0.3135
1990.png,5,-0.32
1991.png,5,-0.32
1992.png,5,-0.19675
1993.png,5,-0.20400000000000001
1994.png,5,-0.20400000000000001
1995.png,5,-0.07924999999999999
1996.png,5,-0.087
1997.png,5,0.04865
1998.png,5,0.0414
1999.png,5,0.0414
2000.png,5,0.17750000000000002
2001.png,5,0.17
2002.png,13,0.15080000000000002
2003.png,13,0.1458
2004.png,5,0.33890000000000003
2005.png,5,0.335
2006.png,5,0.42484999999999995
2007.png,5,0.41759999999999997
2008.png,5,0.49119999999999997
2009.png,5,0.48719999999999997
2010.png,5,0.48719999999999997
2011.png,5,0.4412
2012.png,5,0.4437
2013.png,5,0.4437
2014.png,5,0.35169999999999996
2015.png,5,0.23709999999999998
2016.png,5,0.24359999999999998
2017.png,5,0.10239999999999999
2018.png,5,0.1104
2019.png,5,-0.044300000000000006
2020.png,5,-0.035
2021.png,13,-0.0956
2022.png,13,-0.0891
2023.png,5,-0.271
2024.png,5,-0.265
2025.png,5,-0.36394999999999994
2026.png,5,-0.35669999999999996
2027.png,5,-0.35669999999999996
2028.png,5,-0.43029999999999996
2029.png,5,-0.42629999999999996
2030.png,5,-0.4125
2031.png,5,-0.34175000000000005
2032.png,5,-0.34400000000000003
2033.png,5,-0.34400000000000003
2034.png,5,-0.27175000000000005
2035.png,5,-0.276
2036.png,5,-0.276
2037.png,5,-0.20354999999999998
2038.png,5,-0.10759999999999999
2039.png,5,-0.11309999999999999
2040.png,5,0.006500000000000001
2041.png,5,-0.0
2042.png,5,0.1166
2043.png,5,0.11
2044.png,5,0.2054
2045.png,5,0.2
2046.png,5,0.2636
2047.png,5,0.26
2048.png,5,0.26
2049.png,5,0.2918
2050.png,5,0.29
2051.png,5,0.29
2052.png,5,0.2847
2053.png,5,0.28500000000000003
2054.png,5,0.2479
2055.png,5,0.25
2056.png,5,0.25
2057.png,5,0.1917
2058.png,5,0.195
2059.png,5,0.1208
2060.png,5,0.125
2061.png,5,0.125
2062.png,5,0.0508
2063.png,5,0.055
2064.png,13,-0.01455
2065.png,5,-0.09419999999999999
2066.png,5,-0.09
2067.png,5,-0.1642
2068.png,5,-0.16
2069.png,5,-0.16
2070.png,5,-0.20770000000000002
2071.png,5,-0.20500000000000002
2072.png,5,-0.20500000000000002
2073.png,5,-0.1983
2074.png,5,-0.18325
2075.png,5,-0.184
2076.png,5,-0.184
2077.png,5,-0.15005
2078.png,5,-0.1518
2079.png,5,-0.11299999999999999
2080.png,5,-0.11499999999999999
2081.png,5,-0.061649999999999996
2082.png,5,-0.0644
2083.png,5,-0.0064
2084.png,5,-0.01
2085.png,5,0.0589
2086.png,5,0.055
2087.png,5,0.11860000000000001
2088.png,5,0.115
2089.png,13,0.0916
2090.png,13,0.0891
2091.png,13,0.0891
2092.png,5,0.1915
2093.png,5,0.19
2094.png,5,0.2536
2095.png,5,0.25
2096.png,5,0.32215
2097.png,5,0.31855
2098.png,5,0.31755
2099.png,5,0.27154999999999996
2100.png,5,0.27404999999999996
2101.png,5,0.27404999999999996
2102.png,5,0.20735
2103.png,5,0.2116
2104.png,5,0.1049
2105.png,5,0.1104
2106.png,5,-0.001899999999999999
2107.png,5,0.005
2108.png,13,-0.07400000000000001
2109.png,13,-0.0675
2110.png,5,-0.2522
2111.png,5,-0.32725
2112.png,5,-0.322
2113.png,5,-0.322
2114.png,5,-0.43789999999999996
2115.png,5,-0.45975
2116.png,5,-0.456
2117.png,5,-0.456
2118.png,5,-0.439
2119.png,5,-0.44
2120.png,5,-0.38475000000000004
2121.png,5,-0.388
2122.png,5,-0.29875
2123.png,5,-0.304
2124.png,5,-0.185
2125.png,5,-0.192
2126.png,5,-0.061599999999999995
2127.png,5,-0.0696
2128.png,5,0.08645
2129.png,5,0.07819999999999999
2130.png,5,0.2599
2131.png,5,0.25
2132.png,5,0.39840000000000003
2133.png,5,0.39
2134.png,5,0.4752
2135.png,5,0.4692
2136.png,5,0.49889999999999995
2137.png,5,0.49589999999999995
2138.png,5,0.5050999999999999
2139.png,5,0.5045999999999999
2140.png,5,0.4632
2141.png,5,0.46545
2142.png,5,0.38725
2143.png,5,0.39149999999999996
2144.png,5,0.2719
2145.png,5,0.2784
2146.png,5,0.14404999999999998
2147.png,5,0.1518
2148.png,5,-0.020499999999999997
2149.png,5,-0.01
2150.png,13,-0.10865
2151.png,13,-0.0999
2152.png,5,-0.35990000000000005
2153.png,5,-0.35000000000000003
2154.png,5,-0.42869999999999997
2155.png,5,-0.42195
2156.png,5,-0.6013499999999999
2157.png,5,-0.5915999999999999
2158.png,5,-0.646
2159.png,5,-0.64
2160.png,5,-0.6315000000000001
2161.png,5,-0.632
2162.png,5,-0.5640000000000001
2163.png,5,-0.5680000000000001
2164.png,5,-0.449
2165.png,5,-0.456
2166.png,5,-0.29875
2167.png,5,-0.308
2168.png,5,-0.11675
2169.png,5,-0.128
2170.png,5,0.07239999999999999
2171.png,5,0.060899999999999996
2172.png,5,0.3244
2173.png,5,0.31
2174.png,5,0.5326
2175.png,5,0.52
2176.png,5,0.618
2177.png,5,0.609
2178.png,5,0.7101999999999999
2179.png,5,0.7047
2180.png,5,0.7322999999999998
2181.png,5,0.7307999999999999
2182.png,5,0.638
2183.png,5,0.64
2184.png,5,0.5465000000000001
2185.png,5,0.552
2186.png,5,0.40750000000000003
2187.png,5,0.41600000000000004
2188.png,5,0.2375
2189.png,5,0.248
2190.png,5,0.053500000000000006
2191.png,5,0.06525
2192.png,5,-0.1741
2193.png,5,-0.16
2194.png,5,-0.3985
2195.png,5,-0.385
2196.png,5,-0.51435
2197.png,5,-0.5045999999999999
2198.png,5,-0.6426
2199.png,5,-0.6351
2200.png,5,-0.652
2201.png,5,-0.648
2202.png,5,-0.6565
2203.png,5,-0.656
2204.png,5,-0.6135
2205.png,5,-0.616
2206.png,5,-0.514
2207.png,5,-0.52
2208.png,5,-0.384
2209.png,5,-0.392
2210.png,5,-0.21775
2211.png,5,-0.228
2212.png,5,-0.04095
2213.png,5,-0.052199999999999996
2214.png,5,0.1679
2215.png,5,0.15639999999999998
2216.png,5,0.4032
2217.png,5,0.39
2218.png,5,0.5528
2219.png,5,0.5428
2220.png,5,0.6512999999999999
2221.png,5,0.6437999999999999
2222.png,5,0.7081999999999999
2223.png,5,0.7047
2224.png,5,0.7138999999999999
2225.png,5,0.7133999999999999
2226.png,5,0.5922499999999999
2227.png,5,0.596
2228.png,5,0.4855
2229.png,5,0.492
2230.png,5,0.33475000000000005
2231.png,5,0.34400000000000003
2232.png,5,0.1901
2233.png,5,0.2001
2234.png,5,0.003049999999999999
2235.png,5,0.0138
2236.png,5,-0.22349999999999998
2237.png,5,-0.21
2238.png,5,-0.4008
2239.png,5,-0.39
2240.png,5,-0.48189999999999994
2241.png,5,-0.47414999999999996
2242.png,5,-0.57995
2243.png,5,-0.5741999999999999
2244.png,5,-0.562
2245.png,5,-0.56
2246.png,5,-0.5387500000000001
2247.png,5,-0.54
2248.png,5,-0.4805
2249.png,5,-0.484
2250.png,5,-0.382
2251.png,5,-0.388
2252.png,5,-0.2605
2253.png,5,-0.268
2254.png,5,-0.12585
2255.png,5,-0.13485
2256.png,5,0.04455
2257.png,5,0.0348
2258.png,5,0.2149
2259.png,5,0.20500000000000002
2260.png,13,0.20215000000000002
2261.png,13,0.19440000000000002
2262.png,5,0.5031
2263.png,5,0.495
2264.png,5,0.51345
2265.png,5,0.50895
2266.png,5,0.51355
2267.png,5,0.5133
2268.png,5,0.4673
2269.png,5,0.4698
2270.png,5,0.3824
2271.png,5,0.38715
2272.png,5,0.28135
2273.png,5,0.28709999999999997
2274.png,5,0.17265
2275.png,5,0.1794
2276.png,5,0.0436
2277.png,5,0.0506
2278.png,5,-0.07750000000000001
2279.png,5,-0.07
2280.png,5,-0.1919
2281.png,5,-0.185
2282.png,5,-0.26980000000000004
2283.png,5,-0.265
2284.png,5,-0.28745
2285.png,5,-0.2852
2286.png,5,-0.2789
2287.png,5,-0.2784
2288.png,5,-0.2646
2289.png,5,-0.26535
2290.png,5,-0.22854999999999998
2291.png,5,-0.23054999999999998
2292.png,5,-0.17534999999999998
2293.png,5,-0.17834999999999998
2294.png,5,-0.12555
2295.png,5,-0.1288
2296.png,5,-0.060899999999999996
2297.png,5,-0.0644
2298.png,5,-0.0644
2299.png,5,0.0095
2300.png,5,0.07390000000000001
2301.png,5,0.07
2302.png,5,0.07
2303.png,5,0.1124
2304.png,5,0.11
2305.png,13,0.07415000000000001
2306.png,13,0.0729
2307.png,13,0.07880000000000001
2308.png,13,0.07830000000000001
2309.png,5,0.2033
2310.png,5,0.2
2311.png,5,0.26644999999999996
2312.png,5,0.2622
2313.png,5,0.27675
2314.png,5,0.276
2315.png,5,0.2178
2316.png,5,0.2208
2317.png,5,0.13835
2318.png,5,0.1426
2319.png,5,0.0543
2320.png,5,0.06
2321.png,5,-0.0354
2322.png,5,-0.03
2323.png,5,-0.03
2324.png,5,-0.1148
2325.png,5,-0.1789
2326.png,5,-0.17500000000000002
2327.png,5,-0.17500000000000002
2328.png,5,-0.17500000000000002
2329.png,5,-0.2015
2330.png,5,-0.2
2331.png,5,-0.18885
2332.png,5,-0.1886
2333.png,5,-0.17405
2334.png,5,-0.1748
2335.png,5,-0.1748
2336.png,5,-0.1457
2337.png,5,-0.1084
2338.png,5,-0.1104
2339.png,5,-0.1104
2340.png,5,-0.1104
2341.png,5,-0.07644999999999999
2342.png,5,-0.07819999999999999
2343.png,5,-0.07819999999999999
2344.png,5,-0.0426
2345.png,5,-0.045
2346.png,5,-0.045
2347.png,5,0.0026999999999999997
2348.png,5,-0.0
2349.png,5,-0.0
2350.png,5,0.0424
2351.png,5,0.04
2352.png,5,0.04
2353.png,5,0.0718
2354.png,5,0.07
2355.png,13,0.049600000000000005
2356.png,13,0.048600000000000004
2357.png,13,0.048600000000000004
2358.png,13,0.05450000000000001
2359.png,13,0.054000000000000006
2360.png,13,0.054000000000000006
2361.png,5,0.1477
2362.png,5,0.145
2363.png,5,0.2192
2364.png,5,0.215
2365.png,5,0.2075
2366.png,5,0.207
2367.png,5,0.17729999999999999
2368.png,5,0.18
2369.png,5,0.18
2370.png,5,0.1058
2371.png,5,0.11
2372.png,5,0.11
2373.png,5,0.030500000000000003
2374.png,5,0.035
2375.png,5,0.035
2376.png,13,-0.02535
2377.png,5,-0.1089
2378.png,5,-0.105
2379.png,5,-0.105
2380.png,5,-0.105
2381.png,5,-0.1368
2382.png,5,-0.135
2383.png,5,-0.1562
2384.png,5,-0.155
2385.png,5,-0.155
2386.png,5,-0.155
2387.png,5,-0.155
2388.png,5,-0.12805
2389.png,5,-0.1288
2390.png,5,-0.10455
2391.png,5,-0.1058
2392.png,5,-0.1058
2393.png,5,-0.08320000000000001
2394.png,5,-0.085
2395.png,5,-0.085
2396.png,5,-0.047900000000000005
2397.png,5,-0.05
2398.png,5,-0.05
2399.png,5,-0.007600000000000001
2400.png,5,-0.01
2401.png,5,0.0218
2402.png,5,0.02
2403.png,5,0.02
2404.png,5,0.051800000000000006
2405.png,5,0.05
2406.png,5,0.07120000000000001
2407.png,5,0.07
2408.png,5,0.07
2409.png,13,0.0437
2410.png,13,0.0432
2411.png,13,0.0432
2412.png,13,0.0432
2413.png,5,0.11710000000000001
2414.png,5,0.115
2415.png,5,0.1733
2416.png,5,0.17
2417.png,5,0.1753
2418.png,5,0.17500000000000002
2419.png,5,0.17500000000000002
2420.png,5,0.1273
2421.png,5,0.13
2422.png,5,0.13
2423.png,5,0.0717
2424.png,5,0.075
2425.png,13,0.00215
2426.png,13,0.0054
2427.png,13,-0.030000000000000002
2428.png,13,-0.027000000000000003
2429.png,5,-0.1136
2430.png,5,-0.11
2431.png,5,-0.11
2432.png,5,-0.1736
2433.png,5,-0.17
2434.png,5,-0.1855
2435.png,5,-0.184
2436.png,5,-0.184
2437.png,5,-0.1743
2438.png,5,-0.1748
2439.png,5,-0.1748
2440.png,5,-0.1457
2441.png,5,-0.1472
2442.png,5,-0.1084
2443.png,5,-0.1104
2444.png,5,-0.06675
2445.png,5,-0.069
2446.png,5,-0.069
2447.png,5,-0.022000000000000002
2448.png,5,-0.025
2449.png,5,0.0227
2450.png,5,0.02
2451.png,5,0.02
2452.png,5,0.0624
2453.png,5,0.06
2454.png,5,0.09179999999999999
2455.png,5,0.09
2456.png,5,0.09
2457.png,13,0.05745
2458.png,13,0.0567
2459.png,13,0.0567
2460.png,13,0.05965
2461.png,13,0.0594
2462.png,5,0.1524
2463.png,5,0.15
2464.png,5,0.21889999999999998
2465.png,5,0.215
2466.png,5,0.2075
2467.png,5,0.207
2468.png,5,0.16670000000000001
2469.png,5,0.17
2470.png,5,0.1011
2471.png,5,0.105
2472.png,5,0.020200000000000003
2473.png,5,0.025
2474.png,13,-0.030750000000000003
2475.png,13,-0.027000000000000003
2476.png,5,-0.1136
2477.png,5,-0.11
2478.png,5,-0.1842
2479.png,5,-0.18
2480.png,5,-0.20925
2481.png,5,-0.207
2482.png,5,-0.207
2483.png,5,-0.207
2484.png,5,-0.18275
2485.png,5,-0.184
2486.png,5,-0.1452
2487.png,5,-0.1472
2488.png,5,-0.09384999999999999
2489.png,5,-0.09659999999999999
2490.png,5,-0.04325
2491.png,5,-0.046
2492.png,5,-0.046
2493.png,5,0.0029999999999999996
2494.png,5,0.053000000000000005
2495.png,5,0.05
2496.png,5,0.0977
2497.png,5,0.095
2498.png,13,0.07195
2499.png,13,0.0702
2500.png,13,0.07905000000000001
2501.png,13,0.07830000000000001
2502.png,13,0.07830000000000001
2503.png,5,0.2033
2504.png,5,0.2616
2505.png,5,0.2576
2506.png,5,0.2576
2507.png,5,0.30339999999999995
2508.png,5,0.28635
2509.png,5,0.28709999999999997
2510.png,5,0.28709999999999997
2511.png,5,0.2181
2512.png,5,0.22185
2513.png,5,0.14245
2514.png,5,0.1472
2515.png,5,0.0328
2516.png,5,0.04
2517.png,5,-0.0925
2518.png,5,-0.085
2519.png,5,-0.2228
2520.png,5,-0.215
2521.png,5,-0.3045
2522.png,5,-0.299
2523.png,5,-0.36094999999999994
2524.png,5,-0.35669999999999996
2525.png,5,-0.39349999999999996
2526.png,5,-0.39149999999999996
2527.png,5,-0.39609999999999995
2528.png,5,-0.39585
2529.png,5,-0.36365
2530.png,5,-0.36539999999999995
2531.png,5,-0.301
2532.png,5,-0.3045
2533.png,5,-0.21249999999999997
2534.png,5,-0.21749999999999997
2535.png,5,-0.10249999999999998
2536.png,5,-0.10874999999999999
2537.png,5,0.01595
2538.png,5,0.0092
2539.png,5,0.15839999999999999
2540.png,5,0.15
2541.png,13,0.16065000000000002
2542.png,13,0.1539
2543.png,5,0.3963
2544.png,5,0.39
2545.png,5,0.4267
2546.png,5,0.4232
2547.png,5,0.5381999999999999
2548.png,5,0.5307
2549.png,5,0.556
2550.png,5,0.552
2551.png,5,0.5265000000000001
2552.png,5,0.528
2553.png,5,0.4685
2554.png,5,0.47200000000000003
2555.png,5,0.4259
2556.png,5,0.43065
2557.png,5,0.32485
2558.png,5,0.3306
2559.png,5,0.22835
2560.png,5,0.2346
2561.png,5,0.1225
2562.png,5,0.13
2563.png,5,0.0028000000000000004
2564.png,5,0.01
2565.png,5,-0.0907
2566.png,5,-0.085
2567.png,5,-0.1461
2568.png,5,-0.1426
2569.png,5,-0.1717
2570.png,5,-0.1702
2571.png,5,-0.14714999999999998
2572.png,5,-0.14789999999999998
2573.png,5,-0.09269999999999999
2574.png,5,-0.0957
2575.png,5,-0.0042
2576.png,5,-0.0092
2577.png,5,0.11205000000000001
2578.png,5,0.1058
2579.png,5,0.2687
2580.png,5,0.26
2581.png,13,0.2348
2582.png,13,0.2268
2583.png,5,0.5684
2584.png,5,0.56
2585.png,5,0.6315999999999999
2586.png,5,0.6255999999999999
2587.png,5,0.9089999999999999
2588.png,5,0.8917499999999999
2589.png,9,0.6480499999999999
2590.png,9,0.63455
2591.png,5,1.053
2592.png,5,1.052
2593.png,5,1.0095
2594.png,5,1.012
2595.png,5,1.02475
2596.png,5,1.024
2597.png,5,0.96875
2598.png,5,0.972
2599.png,5,0.78925
2600.png,5,0.8
2601.png,5,0.57475
2602.png,5,0.588
2603.png,5,0.3245
2604.png,5,0.34
2605.png,5,0.09374999999999999
2606.png,5,0.10874999999999999
2607.png,5,-0.10289999999999999
2608.png,5,-0.09
2609.png,13,-0.12825
2610.png,13,-0.12150000000000001
2611.png,5,-0.2943
2612.png,5,-0.2898
2613.png,5,-0.32464999999999994
2614.png,5,-0.32189999999999996
2615.png,5,-0.313
2616.png,5,-0.312
2617.png,5,-0.28650000000000003
2618.png,5,-0.28800000000000003
2619.png,5,-0.237
2620.png,5,-0.24
2621.png,5,-0.172
2622.png,5,-0.176
2623.png,5,-0.08249999999999999
2624.png,5,-0.088
2625.png,5,0.019299999999999998
2626.png,5,0.013049999999999999
2627.png,5,0.14645
2628.png,5,0.1392
2629.png,5,0.3296
2630.png,5,0.32
2631.png,13,0.27015
2632.png,13,0.2619
2633.png,5,0.6599
2634.png,5,0.65
2635.png,5,0.7483500000000001
2636.png,5,0.7406
2637.png,5,1.10975
2638.png,5,1.0875
2639.png,5,1.2295
2640.png,5,1.21125
2641.png,5,1.3912499999999999
2642.png,5,1.38
2643.png,5,1.54
2644.png,5,1.53
2645.png,5,1.4555
2646.png,5,1.44625
2647.png,5,1.5547499999999999
2648.png,5,1.547
2649.png,5,1.6275
2650.png,5,1.62175
2651.png,5,1.67075
2652.png,5,1.66725
2653.png,5,1.6462499999999998
2654.png,5,1.6477499999999998
2655.png,5,1.53225
2656.png,5,1.5405
2657.png,5,1.3375
2658.png,5,1.3519999999999999
2659.png,5,1.156
2660.png,5,1.176
2661.png,5,0.81975
2662.png,5,0.8435
2663.png,5,0.44975000000000004
2664.png,5,0.47600000000000003
2665.png,5,0.062
2666.png,5,0.09
2667.png,5,-0.38
2668.png,5,-0.352
2669.png,5,-0.9964999999999999
2670.png,5,-0.965
2671.png,5,-1.23975
2672.png,5,-1.218
2673.png,5,-1.3835000000000002
2674.png,5,-1.368
2675.png,5,-1.3705
2676.png,5,-1.365
2677.png,5,-1.297
2678.png,5,-1.30125
2679.png,5,-1.12125
2680.png,5,-1.1325
2681.png,5,-0.79825
2682.png,5,-0.8155
2683.png,5,-0.51775
2684.png,5,-0.54
2685.png,5,-0.12
2686.png,5,-0.14625
2687.png,5,0.34555
2688.png,5,0.31755
2689.png,5,0.9692000000000001
2690.png,5,0.935
2691.png,5,1.31945
2692.png,5,1.29195
2693.png,5,1.57475
2694.png,5,1.552
2695.png,5,1.79
2696.png,5,1.776
2697.png,5,1.5095
2698.png,5,1.50475
2699.png,5,1.46975
2700.png,5,1.4722499999999998
2701.png,5,1.53075
2702.png,5,1.54125
2703.png,5,1.32925
2704.png,5,1.3425
2705.png,5,1.01675
2706.png,5,1.0325
2707.png,5,0.7475
2708.png,5,0.7665000000000001
2709.png,5,0.47724999999999995
2710.png,5,0.49874999999999997
2711.png,5,0.12675
2712.png,5,0.15
2713.png,5,-0.24919999999999998
2714.png,5,-0.22619999999999998
2715.png,5,-0.6999000000000001
2716.png,5,-0.675
2717.png,5,-0.8540499999999999
2718.png,5,-0.8395499999999999
2719.png,5,-0.9361499999999999
2720.png,5,-0.9309
2721.png,5,-0.856
2722.png,5,-0.856
2723.png,5,-0.771
2724.png,5,-0.776
2725.png,5,-0.606
2726.png,5,-0.616
2727.png,5,-0.38225000000000003
2728.png,5,-0.396
2729.png,5,-0.13674999999999998
2730.png,5,-0.152
2731.png,5,0.11989999999999999
2732.png,5,0.10439999999999999
2733.png,5,0.438
2734.png,5,0.42
2735.png,5,0.7009000000000001
2736.png,5,0.685
2737.png,5,0.7799499999999999
2738.png,5,0.7699499999999999
2739.png,5,0.86195
2740.png,5,0.85695
2741.png,5,0.8983499999999999
2742.png,5,0.8960999999999999
2743.png,5,0.8155000000000001
2744.png,5,0.8160000000000001
2745.png,5,0.765
2746.png,5,0.768
2747.png,5,0.683
2748.png,5,0.6880000000000001
2749.png,5,0.58175
2750.png,5,0.588
2751.png,5,0.44775000000000004
2752.png,5,0.456
2753.png,5,0.303
2754.png,5,0.312
2755.png,5,0.15069999999999997
2756.png,5,0.16094999999999998
2757.png,5,-0.028650000000000002
2758.png,5,-0.0184
2759.png,5,-0.22669999999999998
2760.png,5,-0.215
2761.png,5,-0.3899
2762.png,5,-0.38
2763.png,5,-0.4466
2764.png,5,-0.4416
2765.png,5,-0.45439999999999997
2766.png,5,-0.45239999999999997
2767.png,5,-0.4432
2768.png,5,-0.4437
2769.png,5,-0.3977
2770.png,5,-0.4002
2771.png,5,-0.322
2772.png,5,-0.32625
2773.png,5,-0.22965
2774.png,5,-0.2349
2775.png,5,-0.1245
2776.png,5,-0.1305
2777.png,5,-0.02645
2778.png,5,-0.0322
2779.png,5,0.0975
2780.png,5,0.09
2781.png,5,0.2066
2782.png,5,0.2
2783.png,5,0.2742
2784.png,5,0.27
2785.png,5,0.3124
2786.png,5,0.31
2787.png,5,0.3206
2788.png,5,0.32
2789.png,5,0.275
2790.png,5,0.276
2791.png,5,0.22265
2792.png,5,0.2254
2793.png,5,0.1708
2794.png,5,0.17500000000000002
2795.png,5,0.0955
2796.png,5,0.1
2797.png,5,0.015200000000000002
2798.png,5,0.02
2799.png,13,-0.030500000000000003
2800.png,13,-0.027000000000000003
2801.png,5,-0.1136
2802.png,5,-0.11
2803.png,5,-0.1895
2804.png,5,-0.185
2805.png,5,-0.2187
2806.png,5,-0.2162
2807.png,5,-0.21135
2808.png,5,-0.2116
2809.png,5,-0.18735
2810.png,5,-0.1886
2811.png,5,-0.14495
2812.png,5,-0.1472
2813.png,5,-0.09384999999999999
2814.png,5,-0.09659999999999999
2815.png,5,-0.0414
2816.png,5,-0.045
2817.png,5,0.0133
2818.png,5,0.01
2819.png,5,0.063
2820.png,5,0.06
2821.png,5,0.06
2822.png,5,0.1024
2823.png,5,0.1
2824.png,13,0.06875
2825.png,13,0.0675
2826.png,13,0.0675
2827.png,5,0.1303
2828.png,5,0.13
2829.png,5,0.13
2830.png,5,0.17770000000000002
2831.png,5,0.17500000000000002
2832.png,5,0.17500000000000002
2833.png,5,0.1962
2834.png,5,0.195
2835.png,5,0.1632
2836.png,5,0.165
2837.png,5,0.112
2838.png,5,0.115
2839.png,5,0.115
2840.png,5,0.0461
2841.png,5,0.05
2842.png,13,-0.008400000000000001
2843.png,13,-0.0054
2844.png,13,-0.0349
2845.png,13,-0.0324
2846.png,5,-0.1289
2847.png,5,-0.125
2848.png,5,-0.1732
2849.png,5,-0.1702
2850.png,5,-0.1702
2851.png,5,-0.19444999999999998
2852.png,5,-0.19319999999999998
2853.png,5,-0.17865
2854.png,5,-0.1794
2855.png,5,-0.14545
2856.png,5,-0.1472
2857.png,5,-0.10355
2858.png,5,-0.1058
2859.png,5,-0.062
2860.png,5,-0.065
2861.png,5,-0.006700000000000001
2862.png,5,-0.01
2863.png,5,0.043000000000000003
2864.png,5,0.04
2865.png,5,0.0824
2866.png,5,0.08
2867.png,13,0.0609
2868.png,13,0.0594
2869.png,13,0.0653
2870.png,13,0.0648
2871.png,5,0.17300000000000001
2872.png,5,0.17
2873.png,5,0.2243
2874.png,5,0.2208
2875.png,5,0.23049999999999998
2876.png,5,0.22999999999999998
2877.png,5,0.1815
2878.png,5,0.184
2879.png,5,0.1258
2880.png,5,0.13
2881.png,5,0.045200000000000004
2882.png,5,0.05
2883.png,5,-0.029500000000000002
2884.png,5,-0.025
2885.png,5,-0.025
2886.png,5,-0.0992
2887.png,5,-0.095
2888.png,5,-0.148
2889.png,5,-0.1927
2890.png,5,-0.19
2891.png,5,-0.19
2892.png,5,-0.2039
2893.png,5,-0.2024
2894.png,5,-0.2024
2895.png,5,-0.2024
2896.png,5,-0.183
2897.png,5,-0.184
2898.png,5,-0.1452
2899.png,5,-0.1472
2900.png,5,-0.0987
2901.png,5,-0.1012
2902.png,5,-0.046400000000000004
2903.png,5,-0.05
2904.png,5,0.0242
2905.png,5,0.02
2906.png,5,0.0889
2907.png,5,0.085
2908.png,13,0.08425
2909.png,13,0.081
2910.png,5,0.203
2911.png,5,0.2
2912.png,5,0.2318
2913.png,5,0.23
2914.png,5,0.2795
2915.png,5,0.276
2916.png,5,0.30994999999999995
2917.png,5,0.3082
2918.png,5,0.27425000000000005
2919.png,5,0.276
2920.png,5,0.21295
2921.png,5,0.2162
2922.png,5,0.1289
2923.png,5,0.1334
2924.png,5,0.028400000000000005
2925.png,5,0.035
2926.png,13,-0.0519
2927.png,13,-0.0459
2928.png,5,-0.2069
2929.png,5,-0.2
2930.png,5,-0.27614999999999995
2931.png,5,-0.38544999999999996
2932.png,5,-0.37844999999999995
2933.png,5,-0.37844999999999995
2934.png,5,-0.45664999999999994
2935.png,5,-0.45239999999999997
2936.png,5,-0.40325000000000005
2937.png,5,-0.353
2938.png,5,-0.356
2939.png,5,-0.356
2940.png,5,-0.27525000000000005
2941.png,5,-0.28
2942.png,5,-0.1941
2943.png,5,-0.2001
2944.png,5,-0.0759
2945.png,5,0.0581
2946.png,5,0.0506
2947.png,5,0.0506
2948.png,5,0.2087
2949.png,5,0.2
2950.png,5,0.3219
2951.png,5,0.315
2952.png,5,0.4051
2953.png,5,0.4
2954.png,5,0.4262
2955.png,5,0.4232
2956.png,5,0.4094
2957.png,5,0.4089
2958.png,5,0.3767
2959.png,5,0.37844999999999995
2960.png,5,0.30945
2961.png,5,0.3132
2962.png,5,0.25845
2963.png,5,0.2622
2964.png,5,0.1846
2965.png,5,0.1886
2966.png,5,0.13610000000000003
2967.png,5,0.14
2968.png,5,0.087
2969.png,5,0.09
2970.png,13,0.030899999999999997
2971.png,13,0.0324
2972.png,5,0.0547
2973.png,5,0.055
2974.png,5,0.0815
2975.png,5,0.08
2976.png,13,0.14350000000000002
2977.png,13,0.135
2978.png,5,0.4832
2979.png,5,0.47000000000000003
2980.png,5,0.56335
2981.png,5,0.5566
2982.png,5,0.8575499999999999
2983.png,5,0.8395499999999999
2984.png,9,0.64025
2985.png,9,0.62475
2986.png,5,1.0795000000000001
2987.png,5,1.076
2988.png,5,1.076
2989.png,5,1.076
2990.png,5,1.0807499999999999
2991.png,5,1.07625
2992.png,5,1.07625
2993.png,5,1.07625
2994.png,5,0.99925
2995.png,5,1.008
2996.png,5,0.8125000000000001
2997.png,5,0.8240000000000001
2998.png,5,0.5945
2999.png,5,0.608
3000.png,5,0.3445
3001.png,5,0.36
3002.png,5,0.09249999999999999
3003.png,5,0.10874999999999999
3004.png,5,-0.1877
3005.png,5,-0.17
3006.png,5,-0.36495
3007.png,5,-0.3542
3008.png,5,-0.45914999999999995
3009.png,5,-0.45239999999999997
3010.png,5,-0.47125
3011.png,5,-0.468
3012.png,5,-0.485
3013.png,5,-0.484
3014.png,5,-0.46275000000000005
3015.png,5,-0.464
3016.png,5,-0.4045
3017.png,5,-0.40800000000000003
3018.png,5,-0.306
3019.png,5,-0.312
3020.png,5,-0.1845
3021.png,5,-0.192
3022.png,5,-0.039
3023.png,5,-0.048
3024.png,5,0.1318
3025.png,5,0.12179999999999999
3026.png,5,0.3228
3027.png,5,0.31279999999999997
3028.png,13,0.28685
3029.png,13,0.2781
3030.png,5,0.6581
3031.png,5,0.65
3032.png,5,0.6436999999999999
3033.png,5,0.63945
3034.png,5,0.8464499999999999
3035.png,5,0.8351999999999999
3036.png,5,0.853
3037.png,5,0.848
3038.png,5,0.7545000000000001
3039.png,5,0.76
3040.png,5,0.658
3041.png,5,0.664
3042.png,5,0.5705000000000001
3043.png,5,0.5760000000000001
3044.png,5,0.4825
3045.png,5,0.488
3046.png,5,0.3775
3047.png,5,0.384
3048.png,5,0.24375
3049.png,5,0.252
3050.png,5,0.082
3051.png,5,0.092
3052.png,5,-0.112
3053.png,5,-0.1
3054.png,5,-0.38175
3055.png,5,-0.368
3056.png,13,-0.40480000000000005
3057.png,13,-0.38880000000000003
3058.png,5,-1.0116
3059.png,5,-0.9936
3060.png,9,-0.7425
3061.png,9,-0.72275
3062.png,5,-2.00025
3063.png,5,-1.952
3064.png,5,-2.0164999999999997
3065.png,5,-1.98575
3066.png,-0.6,-1
3067.png,-0.6,-1
3068.png,-0.6,-1
3069.png,-0.6,-1
3070.png,-0.6,-1
3071.png,-0.6,-1
3072.png,-0.6,-1
3073.png,-0.6,-1
3074.png,-0.6,-1
3075.png,-0.6,-1
3076.png,-0.6,-1
3077.png,-0.6,-1
3078.png,-0.6,-1
3079.png,-0.6,-1
3080.png,-0.6,-1
3081.png,-0.6,-1
3082.png,-0.6,-1
3083.png,-0.6,-1
3084.png,-0.6,-1
3085.png,-0.6,-1
3086.png,-0.6,-1
3087.png,-0.6,-1
3088.png,-0.6,-1
3089.png,-0.6,-1
3090.png,-0.6,-1
3091.png,-0.6,-1
3092.png,-0.6,-1
3093.png,-0.6,-1
3094.png,5,-2.04875
3095.png,5,-2.04425
3096.png,5,-1.99175
3097.png,5,-1.9954999999999998
3098.png,5,-1.943
3099.png,5,-1.94675
3100.png,5,-1.85225
3101.png,5,-1.859
3102.png,5,-1.5755
3103.png,5,-1.59575
3104.png,5,-1.3435000000000001
3105.png,5,-1.3685
3106.png,5,-0.9372499999999999
3107.png,5,-0.966
3108.png,5,-0.5235000000000001
3109.png,5,-0.553
3110.png,5,-0.1525
3111.png,5,-0.18
3112.png,5,0.20325
3113.png,5,0.18
3114.png,5,0.5610499999999999
3115.png,5,0.5428
3116.png,5,0.78045
3117.png,5,0.7682
3118.png,5,0.86905
3119.png,5,0.8613
3120.png,9,0.5067
3121.png,9,0.5047
3122.png,5,0.722
3123.png,5,0.728
3124.png,5,0.5325000000000001
3125.png,5,0.544
3126.png,5,0.2635
3127.png,5,0.28
3128.png,5,-0.07275000000000001
3129.png,5,-0.052000000000000005
3130.png,5,-0.46595
3131.png,5,-0.4437
3132.png,5,-1.0029
3133.png,5,-0.975
3134.png,11,-0.78915
3135.png,11,-0.7644
3136.png,5,-1.5641
3137.png,5,-1.5486
3138.png,5,-1.9467500000000002
3139.png,5,-1.9160000000000001
3140.png,5,-1.85075
3141.png,5,-1.82975
3142.png,5,-1.7562499999999999
3143.png,5,-1.7614999999999998
3144.png,5,-1.6145
3145.png,5,-1.625
3146.png,5,-1.4395
3147.png,5,-1.45275
3148.png,5,-1.4282499999999998
3149.png,5,-1.4437499999999999
3150.png,5,-1.1837499999999999
3151.png,5,-1.2
3152.png,5,-0.8425
3153.png,5,-0.861
3154.png,5,-0.6105
3155.png,5,-0.63
3156.png,5,-0.37025
3157.png,5,-0.388
3158.png,5,-0.14575
3159.png,5,-0.16
3160.png,5,-0.00455
3161.png,5,-0.0138
3162.png,5,0.0804
3163.png,5,0.075
3164.png,5,0.10679999999999999
3165.png,5,0.105
3166.png,5,0.08205
3167.png,5,0.0828
3168.png,5,0.05855
3169.png,5,0.0598
3170.png,5,0.03555
3171.png,5,0.0368
3172.png,5,0.0174
3173.png,5,0.0184
3174.png,5,-0.0012
3175.png,5,-0.0
3176.png,5,-0.0212
3177.png,5,-0.02
3178.png,5,-0.02
3179.png,5,-0.0412
3180.png,5,-0.050600000000000006
3181.png,5,-0.05
3182.png,5,-0.05
3183.png,5,-0.05
3184.png,5,-0.0606
3185.png,5,-0.07060000000000001
3186.png,5,-0.07
3187.png,5,-0.07
3188.png,5,-0.07529999999999999
3189.png,5,-0.075
3190.png,5,-0.0803
3191.png,5,-0.08
3192.png,5,-0.08
3193.png,5,-0.08
3194.png,5,-0.0853
3195.png,5,-0.085
3196.png,5,-0.085
3197.png,5,-0.085
3198.png,5,-0.085
3199.png,5,-0.085
3200.png,13,-0.0459
3201.png,13,-0.0459
3202.png,13,-0.0459
3203.png,13,-0.0459
3204.png,5,-0.1327
3205.png,5,-0.13
3206.png,5,-0.17240000000000003
3207.png,5,-0.17
3208.png,5,-0.1647
3209.png,5,-0.165
3210.png,5,-0.1544
3211.png,5,-0.155
3212.png,5,-0.1497
3213.png,5,-0.15
3214.png,5,-0.15
3215.png,5,-0.1447
3216.png,5,-0.145
3217.png,5,-0.145
3218.png,5,-0.13440000000000002
3219.png,5,-0.135
3220.png,5,-0.135
3221.png,5,-0.1297
3222.png,5,-0.13
3223.png,5,-0.13
3224.png,5,-0.1247
3225.png,5,-0.125
3226.png,5,-0.125
3227.png,5,-0.125
3228.png,5,-0.125
3229.png,5,-0.1197
3230.png,5,-0.12
3231.png,5,-0.11470000000000001
3232.png,5,-0.115
3233.png,5,-0.115
3234.png,5,-0.115
3235.png,5,-0.115
3236.png,5,-0.1097
3237.png,5,-0.11
3238.png,5,-0.1047
3239.png,5,-0.105
3240.png,5,-0.105
3241.png,5,-0.105
3242.png,5,-0.105
3243.png,5,-0.09970000000000001
3244.png,5,-0.1
3245.png,5,-0.1
3246.png,5,-0.1
3247.png,5,-0.0947
3248.png,5,-0.095
3249.png,5,-0.095
3250.png,5,-0.095
3251.png,5,-0.095
3252.png,5,-0.095
3253.png,5,-0.095
3254.png,5,-0.0897
3255.png,5,-0.09
3256.png,5,-0.09
3257.png,5,-0.09
3258.png,5,-0.09
3259.png,5,-0.09
3260.png,5,-0.09
3261.png,5,-0.08470000000000001
3262.png,5,-0.085
3263.png,5,-0.085
3264.png,5,-0.085
3265.png,5,-0.085
3266.png,5,-0.085
3267.png,5,-0.085
3268.png,5,-0.085
3269.png,5,-0.085
3270.png,5,-0.085
3271.png,5,-0.085
3272.png,5,-0.07970000000000001
3273.png,5,-0.08
3274.png,5,-0.08
3275.png,5,-0.08
3276.png,5,-0.08
3277.png,5,-0.08
3278.png,5,-0.08
3279.png,5,-0.08
3280.png,5,-0.08
3281.png,5,-0.08
3282.png,5,-0.0747
3283.png,5,-0.075
3284.png,5,-0.075
3285.png,5,-0.075
3286.png,5,-0.075
3287.png,5,-0.075
3288.png,5,-0.075
3289.png,5,-0.075
3290.png,5,-0.075
3291.png,5,-0.075
3292.png,5,-0.075
3293.png,5,-0.075
3294.png,5,-0.075
3295.png,5,-0.075
3296.png,5,-0.075
3297.png,5,-0.075
3298.png,5,-0.075
3299.png,5,-0.075
3300.png,5,-0.075
3301.png,5,-0.075
3302.png,5,-0.075
3303.png,5,-0.09620000000000001
3304.png,5,-0.095
3305.png,5,-0.14270000000000002
3306.png,5,-0.14
3307.png,5,-0.2089
3308.png,5,-0.20500000000000002
3309.png,5,-0.2951
3310.png,5,-0.3735
3311.png,5,-0.368
3312.png,5,-0.368
3313.png,5,-0.4941
3314.png,5,-0.4876
3315.png,5,-0.5899
3316.png,5,-0.5829
3317.png,5,-0.7301
3318.png,5,-0.8170000000000001
3319.png,5,-0.808
3320.png,5,-0.808
3321.png,9,-0.6002000000000001
3322.png,9,-0.59045
3323.png,5,-1.117
3324.png,5,-1.20675
3325.png,5,-1.19625
3326.png,5,-1.19625
3327.png,5,-1.4722499999999998
3328.png,5,-1.4549999999999998
3329.png,5,-1.4549999999999998
3330.png,5,-1.464
3331.png,5,-1.4495
3332.png,5,-1.4495
3333.png,5,-1.5405
3334.png,5,-1.534
3335.png,5,-1.534
3336.png,5,-1.583
3337.png,5,-1.5795
3338.png,5,-1.5795
3339.png,5,-1.569
3340.png,5,-1.56975
3341.png,5,-1.56975
3342.png,5,-1.4717500000000001
3343.png,5,-1.47875
3344.png,5,-1.3107499999999999
3345.png,5,-1.3227499999999999
3346.png,5,-1.3227499999999999
3347.png,5,-1.16575
3348.png,5,-1.183
3349.png,5,-0.8867499999999999
3350.png,5,-0.5840000000000001
3351.png,5,-0.6055
3352.png,5,-0.24875
3353.png,5,-0.27375
3354.png,5,-0.27375
3355.png,5,0.09025
3356.png,5,0.0675
3357.png,5,0.41409999999999997
3358.png,5,0.39585
3359.png,5,0.8154
3360.png,5,0.9400499999999999
3361.png,5,0.92655
3362.png,5,0.92655
3363.png,9,0.6136499999999999
3364.png,9,0.60515
3365.png,5,0.971
3366.png,5,0.972
3367.png,9,0.51705
3368.png,9,0.5243
3369.png,5,0.737
3370.png,5,0.557
3371.png,5,0.5680000000000001
3372.png,5,0.3215
3373.png,5,0.336
3374.png,5,0.336
3375.png,5,0.098
3376.png,5,0.112
3377.png,5,-0.1331
3378.png,5,-0.1196
3379.png,13,-0.23540000000000003
3380.png,13,-0.2214
3381.png,5,-0.5959
3382.png,5,-0.5829
3383.png,5,-0.7715
3384.png,5,-0.76125
3385.png,5,-0.76125
3386.png,5,-0.78925
3387.png,5,-0.784
3388.png,5,-0.784
3389.png,5,-0.767
3390.png,5,-0.768
3391.png,5,-0.6915000000000001
3392.png,5,-0.6960000000000001
3393.png,5,-0.577
3394.png,5,-0.584
3395.png,5,-0.584
3396.png,5,-0.431
3397.png,5,-0.44
3398.png,5,-0.44
3399.png,5,-0.2615
3400.png,5,-0.272
3401.png,5,-0.09350000000000001
3402.png,5,-0.10400000000000001
3403.png,5,-0.10400000000000001
3404.png,5,0.07089999999999999
3405.png,5,0.060899999999999996
3406.png,5,0.2502
3407.png,5,0.24
3408.png,5,0.24
3409.png,13,0.21220000000000003
3410.png,13,0.20520000000000002
3411.png,13,0.20520000000000002
3412.png,13,0.20520000000000002
3413.png,5,0.47540000000000004
3414.png,5,0.47000000000000003
3415.png,5,0.47000000000000003
3416.png,5,0.47000000000000003
3417.png,5,0.5929
3418.png,5,0.5829
3419.png,5,0.6295
3420.png,5,0.624
3421.png,5,0.624
3422.png,5,0.5645000000000001
3423.png,5,0.5680000000000001
3424.png,5,0.5680000000000001
3425.png,5,0.4575
3426.png,5,0.464
3427.png,5,0.464
3428.png,5,0.328
3429.png,5,0.336
3430.png,5,0.336
3431.png,5,0.19519999999999998
3432.png,5,0.20445
3433.png,5,0.20445
3434.png,5,0.03675
3435.png,5,0.046
3436.png,5,-0.13019999999999998
3437.png,5,-0.12
3438.png,5,-0.12
3439.png,5,-0.279
3440.png,5,-0.27
3441.png,5,-0.27
3442.png,5,-0.3551
3443.png,5,-0.3496
3444.png,5,-0.3496
3445.png,5,-0.3858
3446.png,5,-0.3828
3447.png,5,-0.3828
3448.png,5,-0.4012
3449.png,5,-0.4002
3450.png,5,-0.3818
3451.png,5,-0.3828
3452.png,5,-0.3828
3453.png,5,-0.3828
3454.png,5,-0.3322
3455.png,5,-0.33494999999999997
3456.png,5,-0.26134999999999997
3457.png,5,-0.26535
3458.png,5,-0.26535
3459.png,5,-0.17334999999999998
3460.png,5,-0.17834999999999998
3461.png,5,-0.17834999999999998
3462.png,5,-0.08174999999999999
3463.png,5,-0.087
3464.png,5,-0.087
3465.png,5,0.009850000000000001
3466.png,5,0.0046
3467.png,5,0.1004
3468.png,5,0.095
3469.png,5,0.095
3470.png,5,0.095
3471.png,5,0.17450000000000002
3472.png,5,0.17
3473.png,5,0.17
3474.png,13,0.1213
3475.png,13,0.1188
3476.png,13,0.1188
3477.png,5,0.2465
3478.png,5,0.245
3479.png,5,0.245
3480.png,5,0.30784999999999996
3481.png,5,0.3036
3482.png,5,0.3424
3483.png,5,0.3404
3484.png,5,0.3404
3485.png,5,0.3404
3486.png,5,0.2919
3487.png,5,0.2944
3488.png,5,0.2944
3489.png,5,0.21195
3490.png,5,0.2162
3491.png,5,0.2162
3492.png,5,0.1237
3493.png,5,0.13
3494.png,5,0.13
3495.png,5,0.0187
3496.png,5,0.025
3497.png,5,0.025
3498.png,13,-0.0455
3499.png,13,-0.0405
3500.png,13,-0.0405
3501.png,5,-0.1598
3502.png,5,-0.155
3503.png,5,-0.155
3504.png,5,-0.2396
3505.png,5,-0.2346
3506.png,5,-0.2346
3507.png,5,-0.28164999999999996
3508.png,5,-0.2784
3509.png,5,-0.2784
3510.png,5,-0.2784
3511.png,5,-0.2784
3512.png,5,-0.2784
3513.png,5,-0.2784
3514.png,5,-0.25079999999999997
3515.png,5,-0.25229999999999997
3516.png,5,-0.25229999999999997
3517.png,5,-0.2017
3518.png,5,-0.20445
3519.png,5,-0.20445
3520.png,5,-0.14464999999999997
3521.png,5,-0.14789999999999998
3522.png,5,-0.0788
3523.png,5,-0.0828
3524.png,5,-0.0828
3525.png,5,-0.01005
3526.png,5,-0.0138
3527.png,5,-0.0138
3528.png,5,0.0592
3529.png,5,0.055
3530.png,5,0.055
3531.png,5,0.11860000000000001
3532.png,5,0.115
3533.png,13,0.08570000000000001
3534.png,13,0.08370000000000001
3535.png,13,0.08370000000000001
3536.png,13,0.09845000000000001
3537.png,13,0.09720000000000001
3538.png,13,0.09720000000000001
3539.png,5,0.2595
3540.png,5,0.255
3541.png,5,0.255
3542.png,5,0.3413
3543.png,5,0.3358
3544.png,5,0.3358
3545.png,5,0.33135
3546.png,5,0.3306
3547.png,5,0.2616
3548.png,5,0.26535
3549.png,5,0.26535
3550.png,5,0.18359999999999999
3551.png,5,0.1886
3552.png,5,0.1886
3553.png,5,0.0831
3554.png,5,0.09
3555.png,5,0.09
3556.png,5,-0.0319
3557.png,5,-0.025
3558.png,5,-0.1363
3559.png,5,-0.13
3560.png,5,-0.13
3561.png,5,-0.2148
3562.png,5,-0.21
3563.png,5,-0.21
3564.png,5,-0.2417
3565.png,5,-0.2392
3566.png,5,-0.2392
3567.png,5,-0.2586
3568.png,5,-0.2576
3569.png,5,-0.2576
3570.png,5,-0.2344
3571.png,5,-0.2349
3572.png,5,-0.2349
3573.png,5,-0.20729999999999998
3574.png,5,-0.20879999999999999
3575.png,5,-0.20879999999999999
3576.png,5,-0.1674
3577.png,5,-0.16965
3578.png,5,-0.16965
3579.png,5,-0.12605
3580.png,5,-0.1288
3581.png,5,-0.1288
3582.png,5,-0.0706
3583.png,5,-0.0736
3584.png,5,-0.0736
3585.png,5,-0.01055
3586.png,5,-0.0138
3587.png,5,-0.0138
3588.png,5,0.0433
3589.png,5,0.04
3590.png,5,0.04
3591.png,5,0.093
3592.png,5,0.09
3593.png,5,0.09
3594.png,5,0.1271
3595.png,5,0.125
3596.png,13,0.07930000000000001
3597.png,13,0.07830000000000001
3598.png,13,0.07830000000000001
3599.png,13,0.08125
3600.png,13,0.081
3601.png,13,0.081
3602.png,5,0.19770000000000001
3603.png,5,0.195
3604.png,5,0.195
3605.png,5,0.2473
3606.png,5,0.2438
3607.png,5,0.2438
3608.png,5,0.24865
3609.png,5,0.2484
3610.png,5,0.18535
3611.png,5,0.1886
3612.png,5,0.1886
3613.png,5,0.1202
3614.png,5,0.125
3615.png,5,0.125
3616.png,5,0.029600000000000005
3617.png,5,0.035
3618.png,5,0.035
3619.png,13,-0.0342
3620.png,13,-0.0297
3621.png,13,-0.0297
3622.png,5,-0.1345
3623.png,5,-0.13
3624.png,5,-0.13
3625.png,5,-0.2069
3626.png,5,-0.2024
3627.png,5,-0.2024
3628.png,5,-0.25575
3629.png,5,-0.253
3630.png,5,-0.253
3631.png,5,-0.24384999999999998
3632.png,5,-0.24359999999999998
3633.png,5,-0.2206
3634.png,5,-0.22185
3635.png,5,-0.22185
3636.png,5,-0.18044999999999997
3637.png,5,-0.18269999999999997
3638.png,5,-0.18269999999999997
3639.png,5,-0.135
3640.png,5,-0.138
3641.png,5,-0.138
3642.png,5,-0.07494999999999999
3643.png,5,-0.07819999999999999
3644.png,5,-0.0103
3645.png,5,-0.0138
3646.png,5,-0.0138
3647.png,5,0.0486
3648.png,5,0.045
3649.png,5,0.045
3650.png,5,0.1033
3651.png,5,0.1
3652.png,5,0.1
3653.png,5,0.1371
3654.png,5,0.135
3655.png,5,0.135
3656.png,13,0.08470000000000001
3657.png,13,0.08370000000000001
3658.png,5,0.1603
3659.png,5,0.16
3660.png,5,0.16
3661.png,5,0.20770000000000002
3662.png,5,0.20500000000000002
3663.png,5,0.20500000000000002
3664.png,5,0.2262
3665.png,5,0.225
3666.png,5,0.225
3667.png,5,0.17729999999999999
3668.png,5,0.18
3669.png,5,0.18
3670.png,5,0.11639999999999999
3671.png,5,0.12
3672.png,5,0.12
3673.png,5,0.0405
3674.png,5,0.045
3675.png,5,0.045
3676.png,13,-0.017
3677.png,13,-0.013500000000000002
3678.png,5,-0.0939
3679.png,5,-0.09
3680.png,5,-0.15889999999999999
3681.png,5,-0.155
3682.png,5,-0.1814
3683.png,5,-0.1794
3684.png,5,-0.1794
3685.png,5,-0.18425
3686.png,5,-0.184
3687.png,5,-0.16945
3688.png,5,-0.1702
3689.png,5,-0.1411
3690.png,5,-0.1426
3691.png,5,-0.11835
3692.png,5,-0.1196
3693.png,5,-0.1565
3694.png,5,-0.155
3695.png,5,-0.155
3696.png,5,-0.23450000000000001
3697.png,5,-0.3572
3698.png,5,-0.35000000000000003
3699.png,5,-0.35000000000000003
3700.png,5,-0.4772
3701.png,5,-0.47000000000000003
3702.png,5,-0.5682
3703.png,5,-0.5612
3704.png,5,-0.6687
3705.png,5,-0.6612
3706.png,5,-0.7946
3707.png,5,-0.78735
3708.png,5,-0.9069499999999999
3709.png,5,-0.90045
3710.png,5,-1.00165
3711.png,5,-0.99615
3712.png,5,-0.97975
3713.png,5,-0.976
3714.png,5,-0.976
3715.png,5,-1.00575
3716.png,5,-1.004
3717.png,5,-1.0125
3718.png,5,-1.012
3719.png,5,-1.012
3720.png,5,-1.012
3721.png,5,-0.9865
3722.png,5,-0.988
3723.png,5,-0.988
3724.png,5,-0.988
3725.png,5,-0.9540000000000001
3726.png,5,-0.9560000000000001
3727.png,5,-0.905
3728.png,5,-0.908
3729.png,5,-0.857
3730.png,5,-0.86
3731.png,5,-0.8047500000000001
3732.png,5,-0.808
3733.png,5,-0.808
3734.png,5,-0.757
3735.png,5,-0.76
3736.png,5,-0.7132499999999999
3737.png,5,-0.716
3738.png,5,-0.73725
3739.png,5,-0.7394999999999999
3740.png,5,-0.7394999999999999
3741.png,5,-0.7165
3742.png,5,-0.69475
3743.png,5,-0.696
3744.png,5,-0.6776
3745.png,5,-0.6786
3746.png,5,-0.6648
3747.png,5,-0.66555
3748.png,5,-0.6701499999999999
3749.png,5,-0.6698999999999999
3750.png,5,-0.6837
3751.png,5,-0.68295
3752.png,5,-0.7105499999999999
3753.png,5,-0.70905
3754.png,5,-0.7734499999999999
3755.png,5,-0.7699499999999999
3756.png,5,-0.9263499999999999
3757.png,5,-0.9178499999999999
3758.png,5,-0.9178499999999999
3759.png,5,-1.14325
3760.png,5,-1.131
3761.png,5,-1.131
3762.png,5,-1.295
3763.png,5,-1.28
3764.png,5,-1.5562500000000001
3765.png,5,-1.54
3766.png,5,-1.54
3767.png,5,-1.829
3768.png,5,-1.812
3769.png,5,-1.69625
3770.png,5,-1.68025
3771.png,5,-1.85875
3772.png,5,-1.8459999999999999
3773.png,5,-1.8459999999999999
3774.png,5,-1.9195
3775.png,5,-1.94925
3776.png,5,-1.94675
3777.png,5,-1.9362499999999998
3778.png,5,-1.9369999999999998
3779.png,5,-1.8774999999999997
3780.png,5,-1.8817499999999998
3781.png,5,-1.74525
3782.png,5,-1.755
3783.png,5,-1.755
3784.png,5,-1.5205
3785.png,5,-1.28525
3786.png,5,-1.30325
3787.png,5,-1.30325
3788.png,5,-1.0885
3789.png,5,-1.1095
3790.png,5,-0.7945
3791.png,5,-0.54175
3792.png,5,-0.5625
3793.png,5,-0.2185
3794.png,5,-0.24
3795.png,5,0.033
3796.png,5,0.016
3797.png,5,0.2479
3798.png,5,0.23500000000000001
3799.png,5,0.23500000000000001
3800.png,5,0.3516
3801.png,5,0.34500000000000003
3802.png,5,0.29095
3803.png,5,0.29145
3804.png,5,0.20404999999999998
3805.png,5,0.20879999999999999
3806.png,5,0.033999999999999996
3807.png,5,0.0435
3808.png,5,-0.2003
3809.png,5,-0.18705
3810.png,5,-0.5595
3811.png,5,-0.54
3812.png,5,-0.9322
3813.png,5,-1.20095
3814.png,5,-1.1822
3815.png,5,-1.1822
3816.png,5,-1.42615
3817.png,5,-1.4094
3818.png,5,-1.5934
3819.png,5,-1.5834
3820.png,5,-1.541
3821.png,5,-1.468
3822.png,5,-1.46625
3823.png,5,-1.46625
3824.png,5,-1.40625
3825.png,5,-1.41
3826.png,5,-1.3099999999999998
3827.png,5,-1.31625
3828.png,5,-1.18825
3829.png,5,-1.0162499999999999
3830.png,5,-1.0274999999999999
3831.png,5,-1.0274999999999999
3832.png,9,-0.5255000000000001
3833.png,5,-0.7525000000000001
3834.png,5,-0.76
3835.png,5,-0.76
3836.png,5,-0.6835000000000001
3837.png,5,-0.6455000000000001
3838.png,5,-0.648
3839.png,5,-0.648
3840.png,5,-0.6055
3841.png,5,-0.5740000000000001
3842.png,5,-0.5760000000000001
3843.png,5,-0.5335000000000001
3844.png,5,-0.536
3845.png,5,-0.536
3846.png,5,-0.4935
3847.png,5,-0.496
3848.png,5,-0.4535
3849.png,5,-0.456
3850.png,5,-0.3965
3851.png,5,-0.33625000000000005
3852.png,5,-0.34
3853.png,5,-0.2635
3854.png,5,-0.268
3855.png,5,-0.18725
3856.png,5,-0.192
3857.png,5,-0.192
3858.png,5,-0.107
3859.png,5,-0.112
3860.png,5,-0.029799999999999997
3861.png,5,-0.0348
3862.png,5,0.0756
3863.png,5,0.0696
3864.png,5,0.19
3865.png,5,0.3166
3866.png,5,0.31
3867.png,13,0.2146
3868.png,13,0.2106
3869.png,13,0.2106
3870.png,5,0.4271
3871.png,5,0.425
3872.png,5,0.49394999999999994
3873.png,5,0.48719999999999997
3874.png,5,0.6712
3875.png,5,0.6612
3876.png,5,0.6335
3877.png,5,0.632
3878.png,5,0.581
3879.png,5,0.5245000000000001
3880.png,5,0.528
3881.png,5,0.528
3882.png,5,0.4855
3883.png,5,0.488
3884.png,5,0.4625
3885.png,5,0.464
3886.png,5,0.447
3887.png,5,0.448
3888.png,5,0.431
3889.png,5,0.432
3890.png,5,0.41925
3891.png,5,0.42
3892.png,5,0.40725000000000006
3893.png,5,0.40800000000000003
3894.png,5,0.39525000000000005
3895.png,5,0.396
3896.png,5,0.38325000000000004
3897.png,5,0.384
3898.png,5,0.3755
3899.png,5,0.376
3900.png,5,0.36325
3901.png,5,0.364
3902.png,5,0.35125
3903.png,5,0.352
3904.png,5,0.33925000000000005
3905.png,5,0.32725000000000004
3906.png,5,0.328
3907.png,5,0.328
3908.png,5,0.31525000000000003
3909.png,5,0.316
3910.png,5,0.299
3911.png,5,0.3
3912.png,5,0.28725000000000006
3913.png,5,0.28800000000000003
3914.png,5,0.271
3915.png,5,0.272
3916.png,5,0.25075000000000003
3917.png,5,0.252
3918.png,5,0.25105
3919.png,5,0.25229999999999997
3920.png,5,0.22469999999999998
3921.png,5,0.22619999999999998
3922.png,5,0.1986
3923.png,5,0.2001
3924.png,5,0.1725
3925.png,5,0.174
3926.png,5,0.1372
3927.png,5,0.1392
3928.png,5,0.10239999999999999
3929.png,5,0.10439999999999999
3930.png,5,0.0676
3931.png,5,0.0696
3932.png,5,0.0348
3933.png,5,0.0368
3934.png,5,-0.002
3935.png,5,-0.0
3936.png,5,-0.0388
3937.png,5,-0.0368
3938.png,5,-0.0771
3939.png,5,-0.075
3940.png,5,-0.1015
3941.png,5,-0.1
3942.png,5,-0.1265
3943.png,5,-0.125
3944.png,5,-0.14090000000000003
3945.png,5,-0.14
3946.png,5,-0.15059999999999998
3947.png,5,-0.15
3948.png,13,-0.081
3949.png,13,-0.081
3950.png,13,-0.081
3951.png,13,-0.081
3952.png,13,-0.07805000000000001
3953.png,13,-0.07830000000000001
3954.png,5,-0.2086
3955.png,5,-0.20500000000000002
3956.png,5,-0.2565
3957.png,5,-0.253
3958.png,5,-0.3015
3959.png,5,-0.299
3960.png,5,-0.29415
3961.png,5,-0.2944
3962.png,5,-0.275
3963.png,5,-0.276
3964.png,5,-0.26145
3965.png,5,-0.2622
3966.png,5,-0.24765
3967.png,5,-0.2484
3968.png,5,-0.2387
3969.png,5,-0.2392
3970.png,5,-0.22949999999999998
3971.png,5,-0.22999999999999998
3972.png,5,-0.22515
3973.png,5,-0.2254
3974.png,5,-0.2157
3975.png,5,-0.2162
3976.png,5,-0.21135
3977.png,5,-0.2116
3978.png,5,-0.20675
3979.png,5,-0.207
3980.png,5,-0.20215
3981.png,5,-0.2024
3982.png,5,-0.19755
3983.png,5,-0.1978
3984.png,5,-0.1978
3985.png,5,-0.1978
3986.png,5,-0.19294999999999998
3987.png,5,-0.19319999999999998
3988.png,5,-0.19319999999999998
3989.png,5,-0.19319999999999998
3990.png,5,-0.18835
3991.png,5,-0.1886
3992.png,5,-0.18375
3993.png,5,-0.184
3994.png,5,-0.184
3995.png,5,-0.184
3996.png,5,-0.17915
3997.png,5,-0.1794
3998.png,5,-0.1794
3999.png,5,-0.1794
4000.png,5,-0.1794
4001.png,5,-0.1794
4002.png,5,-0.17455
4003.png,5,-0.1748
4004.png,5,-0.1748
4005.png,5,-0.1748
4006.png,5,-0.16995
4007.png,5,-0.1702
4008.png,5,-0.1702
4009.png,5,-0.1702
4010.png,5,-0.16535
4011.png,5,-0.1656
4012.png,5,-0.1656
4013.png,5,-0.1656
4014.png,5,-0.1656
4015.png,5,-0.1656
4016.png,5,-0.16075
4017.png,5,-0.161
4018.png,5,-0.161
4019.png,5,-0.161
4020.png,5,-0.15614999999999998
4021.png,5,-0.15639999999999998
4022.png,5,-0.15639999999999998
4023.png,5,-0.15639999999999998
4024.png,5,-0.15639999999999998
4025.png,5,-0.15639999999999998
4026.png,5,-0.15155
4027.png,5,-0.1518
4028.png,5,-0.1518
4029.png,5,-0.1518
4030.png,5,-0.14695
4031.png,5,-0.1472
4032.png,5,-0.1472
4033.png,5,-0.1472
4034.png,5,-0.1472
4035.png,5,-0.1472
4036.png,5,-0.14235
4037.png,5,-0.1426
4038.png,5,-0.1426
4039.png,5,-0.1426
4040.png,5,-0.13775
4041.png,5,-0.138
4042.png,5,-0.138
4043.png,5,-0.138
4044.png,5,-0.13315
4045.png,5,-0.1334
4046.png,5,-0.1334
4047.png,5,-0.1334
4048.png,5,-0.1334
4049.png,5,-0.1334
4050.png,5,-0.12855
4051.png,5,-0.1288
4052.png,5,-0.1288
4053.png,5,-0.1288
4054.png,5,-0.12395
4055.png,5,-0.1242
4056.png,5,-0.1242
4057.png,5,-0.1242
4058.png,5,-0.11449999999999999
4059.png,5,-0.11499999999999999
4060.png,5,-0.08105
4061.png,5,-0.0828
4062.png,5,-0.0343
4063.png,5,-0.0368
4064.png,5,0.0342
4065.png,5,0.03
4066.png,5,0.12539999999999998
4067.png,5,0.12
4068.png,13,0.12675
4069.png,13,0.12150000000000001
4070.png,5,0.35750000000000004
4071.png,5,0.35000000000000003
4072.png,5,0.35000000000000003
4073.png,5,0.5896999999999999
4074.png,5,0.5741999999999999
4075.png,5,0.5741999999999999
4076.png,5,0.8732
4077.png,5,0.85695
4078.png,5,0.9537500000000001
4079.png,5,0.9440000000000001
4080.png,5,1.10125
4081.png,5,1.092
4082.png,5,1.092
4083.png,5,1.1717499999999998
4084.png,5,1.1624999999999999
4085.png,5,1.2985
4086.png,5,1.29
4087.png,5,1.422
4088.png,5,1.4137499999999998
4089.png,5,1.4137499999999998
4090.png,5,1.50975
4091.png,5,1.50375
4092.png,5,1.54775
4093.png,5,1.545
4094.png,5,1.545
4095.png,5,1.5170000000000001
4096.png,5,1.51875
4097.png,5,1.39075
4098.png,5,1.39875
4099.png,5,1.39875
4100.png,5,1.1105
4101.png,5,1.1235
4102.png,5,1.1235
4103.png,5,0.86475
4104.png,5,0.882
4105.png,5,0.882
4106.png,5,0.6082500000000001
4107.png,5,0.6265000000000001
4108.png,5,0.38325
4109.png,5,0.40125
4110.png,5,0.13324999999999998
4111.png,5,0.15
4112.png,5,0.15
4113.png,5,-0.09925
4114.png,5,-0.084
4115.png,5,-0.084
4116.png,5,-0.33425
4117.png,13,-0.2952
4118.png,13,-0.2862
4119.png,13,-0.2862
4120.png,13,-0.2862
4121.png,5,-0.7002999999999999
4122.png,5,-0.7935
4123.png,5,-0.784
4124.png,5,-0.784
4125.png,5,-0.784
4126.png,5,-0.699
4127.png,5,-0.704
4128.png,5,-0.704
4129.png,5,-0.47875
4130.png,5,-0.492
4131.png,5,-0.492
4132.png,5,-0.21575
4133.png,5,0.0743
4134.png,5,0.056549999999999996
4135.png,5,0.056549999999999996
4136.png,5,0.056549999999999996
4137.png,5,0.34595
4138.png,5,0.3312
4139.png,5,0.6355999999999999
4140.png,5,0.62
4141.png,5,0.7555999999999999
4142.png,5,0.7438499999999999
4143.png,5,0.8772499999999999
4144.png,5,0.8699999999999999
4145.png,5,0.86375
4146.png,5,0.86
4147.png,5,0.86425
4148.png,5,0.864
4149.png,5,0.864
4150.png,5,0.8215000000000001
4151.png,5,0.8240000000000001
4152.png,5,0.756
4153.png,5,0.76
4154.png,5,0.658
4155.png,5,0.664
4156.png,5,0.5407500000000001
4157.png,5,0.548
4158.png,5,0.41625
4159.png,5,0.424
4160.png,5,0.2965
4161.png,5,0.304
4162.png,5,0.20179999999999998
4163.png,5,0.20879999999999999
4164.png,5,0.0938
4165.png,5,0.10005
4166.png,5,0.0143
4167.png,5,0.02
4168.png,5,0.02
4169.png,5,-0.0436
4170.png,5,-0.04
4171.png,5,-0.04
4172.png,13,-0.03635
4173.png,13,-0.0351
4174.png,5,-0.059699999999999996
4175.png,5,-0.06
4176.png,5,0.0248
4177.png,5,0.02
4178.png,13,0.08750000000000001
4179.png,13,0.081
4180.png,5,0.2666
4181.png,5,0.26
4182.png,5,0.472
4183.png,5,0.45999999999999996
4184.png,5,0.6374
4185.png,5,0.6264
4186.png,5,0.6264
4187.png,5,0.6816
4188.png,5,0.6786
4189.png,5,0.6786
4190.png,5,0.6786
4191.png,5,0.6326
4192.png,5,0.6351
4193.png,5,0.6351
4194.png,5,0.516
4195.png,5,0.52
4196.png,5,0.52
4197.png,5,0.4735
4198.png,5,0.4785
4199.png,5,0.4785
4200.png,5,0.3819
4201.png,5,0.38715
4202.png,5,0.29514999999999997
4203.png,5,0.30015
4204.png,5,0.30015
4205.png,5,0.22524999999999998
4206.png,5,0.22999999999999998
4207.png,5,0.15990000000000001
4208.png,5,0.165
4209.png,5,0.165
4210.png,5,0.0961
4211.png,5,0.1
4212.png,5,0.0576
4213.png,13,0.011750000000000002
4214.png,13,0.013500000000000002
4215.png,5,0.0144
4216.png,5,0.015
4217.png,5,0.015
4218.png,5,0.12100000000000001
4219.png,13,0.14765
4220.png,13,0.1404
4221.png,5,0.366
4222.png,5,0.36
4223.png,5,0.36
4224.png,5,0.5524
4225.png,5,0.5394
4226.png,5,0.5394
4227.png,5,0.7464
4228.png,5,0.7581499999999999
4229.png,5,0.7568999999999999
4230.png,5,0.7568999999999999
4231.png,5,0.7568999999999999
4232.png,5,0.7568999999999999
4233.png,5,0.6365000000000001
4234.png,5,0.64
4235.png,5,0.5948
4236.png,5,0.6003
4237.png,5,0.4623
4238.png,5,0.3226
4239.png,5,0.3306
4240.png,5,0.3306
4241.png,5,0.12165
4242.png,5,-0.067
4243.png,5,-0.055
4244.png,5,-0.055
4245.png,5,-0.2193
4246.png,5,-0.21
4247.png,5,-0.2563
4248.png,5,-0.25689999999999996
4249.png,5,-0.25665
4250.png,5,-0.18075
4251.png,5,-0.184
4252.png,5,-0.184
4253.png,5,-0.06924999999999999
4254.png,5,-0.076
4255.png,5,0.08754999999999999
4256.png,5,0.0783
4257.png,5,0.31074999999999997
4258.png,5,0.6005999999999999
4259.png,5,0.585
4260.png,5,0.585
4261.png,5,0.8765
4262.png,5,0.86
4263.png,5,0.9948999999999999
4264.png,5,0.9843999999999999
4265.png,5,1.0689
4266.png,5,1.0614
4267.png,5,1.1533999999999998
4268.png,5,1.1483999999999999
4269.png,9,0.6603
4270.png,9,0.65905
4271.png,9,0.64555
4272.png,9,0.6467999999999999
4273.png,5,1.09
4274.png,5,1.2599999999999998
4275.png,5,1.2449999999999999
4276.png,5,1.697
4277.png,5,1.66875
4278.png,5,1.7297500000000001
4279.png,5,1.7095
4280.png,5,1.8495
4281.png,5,1.8395
4282.png,5,1.8395
4283.png,5,1.8955
4284.png,5,1.8915
4285.png,5,1.923
4286.png,5,1.91375
4287.png,5,1.91425
4288.png,5,1.85475
4289.png,5,1.859
4290.png,5,1.859
4291.png,5,1.6629999999999998
4292.png,5,1.404
4293.png,5,1.4235
4294.png,5,1.18425
4295.png,5,1.2075
4296.png,5,1.2075
4297.png,5,0.8362499999999999
4298.png,5,0.861
4299.png,5,0.51225
4300.png,5,0.5355
4301.png,5,0.16575
4302.png,5,-0.2295
4303.png,5,-0.20400000000000001
4304.png,5,-0.20400000000000001
4305.png,5,-0.7425999999999999
4306.png,5,-0.715
4307.png,5,-0.89345
4308.png,5,-0.8786999999999999
4309.png,9,-0.5866999999999999
4310.png,9,-0.5781999999999999
4311.png,5,-0.97375
4312.png,5,-0.972
4313.png,5,-0.86575
4314.png,5,-0.872
4315.png,9,-0.4261
4316.png,9,-0.4361
4317.png,5,-0.38749999999999996
4318.png,5,-0.40499999999999997
4319.png,5,-0.045250000000000005
4320.png,5,-0.068
4321.png,5,0.52405
4322.png,5,0.49155
4323.png,5,1.19395
4324.png,5,1.1592
4325.png,5,1.6067999999999998
4326.png,5,1.5790499999999998
4327.png,5,1.85575
4328.png,5,1.832
4329.png,5,1.6844999999999999
4330.png,5,1.6704999999999999
4331.png,5,1.716
4332.png,5,1.71275
4333.png,5,1.6392499999999999
4334.png,5,1.6444999999999999
4335.png,5,1.5219999999999998
4336.png,5,1.5307499999999998
4337.png,5,1.3592499999999998
4338.png,5,1.3715
4339.png,5,1.3305
4340.png,5,1.34625
4341.png,5,1.06625
4342.png,5,1.08375
4343.png,5,0.7757499999999999
4344.png,5,0.7949999999999999
4345.png,5,0.45099999999999996
4346.png,5,0.4725
4347.png,5,0.12150000000000002
4348.png,5,0.14400000000000002
4349.png,5,-0.22724999999999998
4350.png,5,-0.207
4351.png,5,-0.5368
4352.png,5,-0.5198
4353.png,5,-0.73075
4354.png,5,-0.71775
4355.png,5,-0.78325
4356.png,5,-0.776
4357.png,9,-0.4753
4358.png,9,-0.4753
4359.png,5,-0.6315
4360.png,5,-0.6375
4361.png,5,-0.4415
4362.png,5,-0.45375
4363.png,5,-0.13375
4364.png,5,-0.15375
4365.png,5,0.24825
4366.png,5,0.224
4367.png,5,0.71835
4368.png,5,0.6946
4369.png,5,1.2532
4370.png,5,1.225
4371.png,5,1.41075
4372.png,5,1.392
4373.png,5,1.47975
4374.png,5,1.468
4375.png,5,1.4042499999999998
4376.png,5,1.4024999999999999
4377.png,5,1.2985
4378.png,5,1.305
4379.png,5,1.105
4380.png,5,1.1175
4381.png,5,0.9095
4382.png,5,0.9225
4383.png,9,0.5109
4384.png,9,0.5194
4385.png,5,0.6910000000000001
4386.png,5,0.6975
4387.png,5,0.6375
4388.png,5,0.64125
4389.png,5,0.57325
4390.png,5,0.5775
4391.png,5,0.5135
4392.png,5,0.5175
4393.png,5,0.4755
4394.png,5,0.48
4395.png,5,0.395
4396.png,5,0.4
4397.png,5,0.2895
4398.png,5,0.296
4399.png,5,0.16849999999999998
4400.png,5,0.176
4401.png,5,0.0315
4402.png,5,0.04
4403.png,5,-0.1313
4404.png,5,-0.12179999999999999
4405.png,5,-0.3361
4406.png,5,-0.325
4407.png,13,-0.27285
4408.png,13,-0.2646
4409.png,5,-0.6278
4410.png,5,-0.62
4411.png,5,-0.6037999999999999
4412.png,5,-0.6003
4413.png,5,-0.7934999999999999
4414.png,5,-0.7829999999999999
4415.png,5,-0.7965
4416.png,5,-0.792
4417.png,5,-0.707
4418.png,5,-0.712
4419.png,5,-0.61425
4420.png,5,-0.62
4421.png,5,-0.5477500000000001
4422.png,5,-0.552
4423.png,5,-0.5095000000000001
4424.png,5,-0.512
4425.png,5,-0.4865
4426.png,5,-0.488
4427.png,5,-0.46675000000000005
4428.png,5,-0.468
4429.png,5,-0.451
4430.png,5,-0.452
4431.png,5,-0.435
4432.png,5,-0.436
4433.png,5,-0.42325
4434.png,5,-0.424
4435.png,5,-0.40700000000000003
4436.png,5,-0.40800000000000003
4437.png,5,-0.391
4438.png,5,-0.392
4439.png,5,-0.375
4440.png,5,-0.376
4441.png,5,-0.359
4442.png,5,-0.36
4443.png,5,-0.33875000000000005
4444.png,5,-0.34
4445.png,5,-0.31875000000000003
4446.png,5,-0.32
4447.png,5,-0.2945
4448.png,5,-0.296
4449.png,5,-0.2705
4450.png,5,-0.272
4451.png,5,-0.2465
4452.png,5,-0.248
4453.png,5,-0.214
4454.png,5,-0.216
4455.png,5,-0.1981
4456.png,5,-0.2001
4457.png,5,-0.1541
4458.png,5,-0.1566
4459.png,5,-0.11059999999999999
4460.png,5,-0.11309999999999999
4461.png,5,-0.06709999999999999
4462.png,5,-0.0696
4463.png,5,-0.019
4464.png,5,-0.02175
4465.png,5,0.03035
4466.png,5,0.0276
4467.png,5,0.0761
4468.png,5,0.0736
4469.png,5,0.1224
4470.png,5,0.12
4471.png,5,0.16240000000000002
4472.png,5,0.16
4473.png,5,0.1812
4474.png,5,0.18
4475.png,5,0.19590000000000002
4476.png,5,0.195
4477.png,13,0.1053
4478.png,13,0.1053
4479.png,13,0.10235000000000001
4480.png,13,0.10260000000000001
4481.png,13,0.09670000000000001
4482.png,13,0.09720000000000001
4483.png,5,0.24889999999999998
4484.png,5,0.245
4485.png,5,0.29814999999999997
4486.png,5,0.2944
4487.png,5,0.32439999999999997
4488.png,5,0.32189999999999996
4489.png,5,0.3127
4490.png,5,0.3132
4491.png,5,0.29479999999999995
4492.png,5,0.29579999999999995
4493.png,5,0.28200000000000003
4494.png,5,0.28275
4495.png,5,0.26895
4496.png,5,0.2697
4497.png,5,0.2605
4498.png,5,0.261
4499.png,5,0.25179999999999997
4500.png,5,0.25229999999999997
4501.png,5,0.24309999999999998
4502.png,5,0.24359999999999998
4503.png,5,0.239
4504.png,5,0.23925
4505.png,5,0.24815
4506.png,5,0.2484
4507.png,5,0.24355
4508.png,5,0.2438
4509.png,5,0.23895
4510.png,5,0.2392
4511.png,5,0.23435
4512.png,5,0.2346
4513.png,5,0.22974999999999998
4514.png,5,0.22999999999999998
4515.png,5,0.22515
4516.png,5,0.2254
4517.png,5,0.2254
4518.png,5,0.2254
4519.png,5,0.22055
4520.png,5,0.2208
4521.png,5,0.21595
4522.png,5,0.2162
4523.png,5,0.2162
4524.png,5,0.2162
4525.png,5,0.21135
4526.png,5,0.2116
4527.png,5,0.20675
4528.png,5,0.207
4529.png,5,0.207
4530.png,5,0.207
4531.png,5,0.20215
4532.png,5,0.2024
4533.png,5,0.2024
4534.png,5,0.2024
4535.png,5,0.19755
4536.png,5,0.1978
4537.png,5,0.19294999999999998
4538.png,5,0.19319999999999998
4539.png,5,0.19319999999999998
4540.png,5,0.19319999999999998
4541.png,5,0.18835
4542.png,5,0.1886
4543.png,5,0.18375
4544.png,5,0.184
4545.png,5,0.184
4546.png,5,0.184
4547.png,5,0.17915
4548.png,5,0.1794
4549.png,5,0.1794
4550.png,5,0.1794
4551.png,5,0.17455
4552.png,5,0.1748
4553.png,5,0.1748
4554.png,5,0.1748
4555.png,5,0.16995
4556.png,5,0.1702
4557.png,5,0.16535
4558.png,5,0.1656
4559.png,5,0.1656
4560.png,5,0.1656
4561.png,5,0.16075
4562.png,5,0.161
4563.png,5,0.15614999999999998
4564.png,5,0.15639999999999998
4565.png,5,0.15639999999999998
4566.png,5,0.15639999999999998
4567.png,5,0.15155
4568.png,5,0.1518
4569.png,5,0.14695
4570.png,5,0.1472
4571.png,5,0.1472
4572.png,5,0.1472
4573.png,5,0.14235
4574.png,5,0.1426
4575.png,5,0.1426
4576.png,5,0.13775
4577.png,5,0.138
4578.png,5,0.138
4579.png,5,0.13315
4580.png,5,0.1334
4581.png,5,0.12855
4582.png,5,0.1288
4583.png,5,0.12395
4584.png,5,0.1242
4585.png,5,0.11935
4586.png,5,0.1196
4587.png,5,0.1196
4588.png,5,0.11474999999999999
4589.png,5,0.11015
4590.png,5,0.1104
4591.png,5,0.1104
4592.png,5,0.1104
4593.png,5,0.10555
4594.png,5,0.1058
4595.png,5,0.1058
4596.png,5,0.10095
4597.png,5,0.1012
4598.png,5,0.09634999999999999
4599.png,5,0.09659999999999999
4600.png,5,0.09175
4601.png,5,0.092
4602.png,5,0.0947
4603.png,5,0.095
4604.png,5,0.0844
4605.png,5,0.085
4606.png,5,0.07970000000000001
4607.png,5,0.08
4608.png,5,0.0747
4609.png,5,0.075
4610.png,5,0.075
4611.png,5,0.0644
4612.png,5,0.059699999999999996
4613.png,5,0.06
4614.png,5,0.06
4615.png,5,0.0547
4616.png,5,0.055
4617.png,5,0.044399999999999995
4618.png,5,0.045
4619.png,5,0.045
4620.png,5,0.0397
4621.png,5,0.04
4622.png,5,0.04
4623.png,5,0.0294
4624.png,5,0.03
4625.png,5,0.0247
4626.png,5,0.025
4627.png,5,0.0197
4628.png,5,0.02
4629.png,5,0.02
4630.png,5,0.0147
4631.png,5,0.015
4632.png,5,0.0097
4633.png,5,0.01
4634.png,5,0.0047
4635.png,5,0.005
4636.png,5,-0.0003
4637.png,5,-0.0
4638.png,5,-0.0
4639.png,5,-0.0053
4640.png,5,-0.005
4641.png,5,-0.0103
4642.png,5,-0.01
4643.png,5,-0.0153
4644.png,5,-0.015
4645.png,5,-0.015
4646.png,5,-0.020300000000000002
4647.png,5,-0.02
4648.png,5,-0.02
4649.png,5,-0.02
4650.png,5,-0.02
4651.png,5,-0.025300000000000003
4652.png,5,-0.025
4653.png,5,-0.025
4654.png,5,-0.025
4655.png,5,-0.0303
4656.png,5,-0.03
4657.png,5,-0.03
4658.png,5,-0.03
4659.png,5,-0.035300000000000005
4660.png,5,-0.035
4661.png,5,-0.035
4662.png,5,-0.035
4663.png,5,-0.035
4664.png,5,-0.035
4665.png,5,-0.035
4666.png,5,-0.035
4667.png,5,-0.035
4668.png,5,-0.035
4669.png,5,-0.035
4670.png,13,-0.02185
4671.png,13,-0.0216
4672.png,5,-0.04
4673.png,5,-0.04
4674.png,13,-0.03045
4675.png,13,-0.0297
4676.png,13,-0.0297
4677.png,13,-0.0297
4678.png,13,-0.03855
4679.png,13,-0.0378
4680.png,13,-0.0378
4681.png,5,-0.0859
4682.png,5,-0.085
4683.png,5,-0.0956
4684.png,5,-0.095
4685.png,5,-0.095
4686.png,5,-0.095
4687.png,5,-0.095
4688.png,5,-0.095
4689.png,5,-0.0897
4690.png,5,-0.09
4691.png,5,-0.09
4692.png,5,-0.09
4693.png,5,-0.08470000000000001
4694.png,5,-0.085
4695.png,5,-0.085
4696.png,5,-0.085
4697.png,5,-0.085
4698.png,5,-0.07970000000000001
4699.png,5,-0.08
4700.png,5,-0.08
4701.png,5,-0.08
4702.png,5,-0.08
4703.png,5,-0.08
4704.png,5,-0.0747
4705.png,5,-0.075
4706.png,5,-0.075
4707.png,5,-0.075
4708.png,5,-0.075
4709.png,5,-0.075
4710.png,5,-0.075
4711.png,5,-0.06970000000000001
4712.png,5,-0.07
4713.png,5,-0.07
4714.png,5,-0.07
4715.png,5,-0.07
4716.png,5,-0.07
4717.png,5,-0.07
4718.png,5,-0.06470000000000001
4719.png,5,-0.065
4720.png,5,-0.065
4721.png,5,-0.065
4722.png,5,-0.065
4723.png,5,-0.065
4724.png,5,-0.065
4725.png,5,-0.065
4726.png,5,-0.065
4727.png,5,-0.065
4728.png,5,-0.065
4729.png,5,-0.059699999999999996
4730.png,5,-0.06
4731.png,5,-0.06
4732.png,5,-0.06
4733.png,5,-0.06
4734.png,5,-0.06
4735.png,5,-0.0547
4736.png,5,-0.055
4737.png,13,-0.02085
4738.png,5,-0.0188
4739.png,5,-0.02
4740.png,5,-0.02
4741.png,13,0.01575
4742.png,13,0.043000000000000003
4743.png,13,0.0405
4744.png,13,0.07885
4745.png,13,0.0756
4746.png,5,0.3202
4747.png,5,0.31
4748.png,5,0.5825
4749.png,5,0.5655
4750.png,5,0.5655
4751.png,5,0.74525
4752.png,5,0.732
4753.png,5,0.8594999999999999
4754.png,9,0.61095
4755.png,9,0.6027
4756.png,9,0.6027
4757.png,5,1.11575
4758.png,5,1.108
4759.png,5,1.25475
4760.png,5,1.24125
4761.png,5,1.52925
4762.png,5,1.51125
4763.png,5,1.46025
4764.png,5,1.5194999999999999
4765.png,5,1.5145
4766.png,5,1.5145
4767.png,5,1.5145
4768.png,5,1.4445000000000001
4769.png,5,1.4495
4770.png,5,1.2955
4771.png,5,1.3065
4772.png,5,1.167
4773.png,5,1.183
4774.png,5,0.898
4775.png,5,0.917
4776.png,5,0.602
4777.png,5,0.623
4778.png,5,0.31549999999999995
4779.png,5,0.33749999999999997
4780.png,5,0.33749999999999997
4781.png,5,0.005499999999999998
4782.png,5,0.02625
4783.png,5,-0.30350000000000005
4784.png,5,-0.7313
4785.png,5,-0.71
4786.png,5,-0.71
4787.png,5,-0.9732999999999999
4788.png,5,-0.9568
4789.png,9,-0.5879
4790.png,9,-0.58065
4791.png,9,-0.58875
4792.png,9,-0.588
4793.png,9,-0.5448
4794.png,9,-0.5488
4795.png,9,-0.5002000000000001
4796.png,9,-0.5047
4797.png,5,-0.7135
4798.png,5,-0.72
4799.png,5,-0.516
4800.png,5,-0.528
4801.png,5,-0.23049999999999998
4802.png,5,-0.248
4803.png,5,0.11209999999999999
4804.png,5,0.09134999999999999
4805.png,5,0.5449
4806.png,5,0.52
4807.png,5,0.8955
4808.png,5,0.874
4809.png,9,0.6626
4810.png,9,0.64435
4811.png,5,1.27725
4812.png,5,1.264
4813.png,5,1.297
4814.png,5,1.29
4815.png,5,1.474
4816.png,5,1.4625
4817.png,5,1.5265
4818.png,5,1.5225
4819.png,5,1.4024999999999999
4820.png,5,1.41
4821.png,5,1.214
4822.png,5,1.22625
4823.png,5,0.8670000000000001
4824.png,5,0.8855000000000001
4825.png,5,0.6127499999999999
4826.png,5,0.6337499999999999
4827.png,5,0.25375
4828.png,5,0.27749999999999997
4829.png,5,-0.11624999999999999
4830.png,5,-0.092
4831.png,5,-0.54715
4832.png,5,-0.5244
4833.png,5,-0.9318
4834.png,5,-0.9107999999999999
4835.png,5,-1.1510999999999998
4836.png,5,-1.1353499999999999
4837.png,5,-1.2055
4838.png,5,-1.196
4839.png,5,-1.1412499999999999
4840.png,5,-1.14
4841.png,5,-1.036
4842.png,5,-1.0425
4843.png,5,-0.8585
4844.png,5,-0.87
4845.png,5,-0.598
4846.png,5,-0.615
4847.png,5,-0.287
4848.png,5,-0.3075
4849.png,5,0.058750000000000004
4850.png,5,0.036000000000000004
4851.png,5,0.5166999999999999
4852.png,5,0.49219999999999997
4853.png,5,0.9432499999999999
4854.png,5,0.9199999999999999
4855.png,9,0.7222
4856.png,9,0.7007
4857.png,5,1.4075000000000002
4858.png,5,1.3920000000000001
4859.png,5,1.445
4860.png,5,1.43625
4861.png,5,1.65225
4862.png,5,1.63875
4863.png,5,1.49725
4864.png,5,1.49175
4865.png,5,1.37275
4866.png,5,1.3812499999999999
4867.png,5,1.36175
4868.png,5,1.37625
4869.png,5,1.0145
4870.png,5,1.0325
4871.png,5,0.7100000000000001
4872.png,5,0.7315
4873.png,5,0.38375
4874.png,5,0.40875
4875.png,5,0.0024999999999999988
4876.png,5,0.028
4877.png,5,-0.43875
4878.png,5,-0.41324999999999995
4879.png,5,-0.8832
4880.png,5,-0.8602
4881.png,5,-1.18605
4882.png,5,-1.1658
4883.png,5,-1.28025
4884.png,5,-1.268
4885.png,5,-1.2687499999999998
4886.png,5,-1.26375
4887.png,5,-1.20375
4888.png,5,-1.2075
4889.png,5,-1.0354999999999999
4890.png,5,-1.04625
4891.png,5,-0.74775
4892.png,5,-0.763
4893.png,5,-0.4855
4894.png,5,-0.50625
4895.png,5,-0.12625
4896.png,5,-0.15
4897.png,5,0.28200000000000003
4898.png,5,0.256
4899.png,5,0.8606
4900.png,5,0.8300000000000001
4901.png,5,1.2437500000000001
4902.png,5,1.219
4903.png,5,1.52535
4904.png,5,1.5050999999999999
4905.png,5,1.5922500000000002
4906.png,5,1.58
4907.png,5,1.54525
4908.png,5,1.54125
4909.png,5,1.47325
4910.png,5,1.4775
4911.png,5,1.3054999999999999
4912.png,5,1.31625
4913.png,5,1.08025
4914.png,5,1.095
4915.png,5,0.7909999999999999
4916.png,5,0.8099999999999999
4917.png,5,0.478
4918.png,5,0.49874999999999997
4919.png,5,0.15375
4920.png,5,0.176
4921.png,5,-0.24099999999999996
4922.png,5,-0.21749999999999997
4923.png,5,-0.6687000000000001
4924.png,5,-0.645
4925.png,5,-0.8969499999999999
4926.png,5,-0.8786999999999999
4927.png,5,-1.01625
4928.png,5,-1.004
4929.png,5,-1.10175
4930.png,5,-1.096
4931.png,5,-1.0115
4932.png,5,-1.0125
4933.png,5,-0.8925
4934.png,5,-0.8999999999999999
4935.png,9,-0.4584
4936.png,9,-0.4704
4937.png,5,-0.452
4938.png,5,-0.46875
4939.png,5,-0.15275
4940.png,5,-0.1725
4941.png,5,0.2967
4942.png,5,0.2697
4943.png,13,0.46535000000000004
4944.png,13,0.44010000000000005
4945.png,5,1.1669
4946.png,5,1.1454
4947.png,5,1.3959499999999998
4948.png,5,1.37895
4949.png,5,1.7287499999999998
4950.png,5,1.6949999999999998
4951.png,5,1.7595
4952.png,5,1.73875
4953.png,5,1.64775
4954.png,5,1.65425
4955.png,5,1.4477499999999999
4956.png,5,1.4625
4957.png,5,1.3875
4958.png,5,1.40625
4959.png,5,0.9900000000000001
4960.png,5,1.0115
4961.png,5,0.644
4962.png,5,0.6685
4963.png,5,0.28825
4964.png,5,0.315
4965.png,5,-0.01675
4966.png,5,0.004
4967.png,5,-0.24405
4968.png,5,-0.23054999999999998
4969.png,13,-0.28175
4970.png,13,-0.27
4971.png,5,-0.6281999999999999
4972.png,5,-0.6176999999999999
4973.png,5,-0.8400000000000001
4974.png,5,-0.8240000000000001
4975.png,5,-1.0195
4976.png,5,-1.008
4977.png,5,-0.993
4978.png,5,-0.99
4979.png,5,-0.9979999999999999
4980.png,5,-0.9974999999999999
4981.png,5,-0.9654999999999999
4982.png,5,-0.9674999999999999
4983.png,5,-0.8130000000000001
4984.png,5,-0.8190000000000001
4985.png,5,-0.68025
4986.png,5,-0.6895
4987.png,5,-0.52675
4988.png,5,-0.54
4989.png,5,-0.28
4990.png,5,-0.29625
4991.png,5,-0.012249999999999997
4992.png,5,-0.03
4993.png,5,0.28250000000000003
4994.png,5,0.264
4995.png,5,0.6236999999999999
4996.png,5,0.6072
4997.png,5,0.9568000000000001
4998.png,5,0.9400000000000001
4999.png,5,1.0393999999999999
5000.png,5,1.0304
5001.png,5,1.0295999999999998
5002.png,5,1.0266
5003.png,5,0.9852
5004.png,5,0.9874499999999999
5005.png,5,0.88625
5006.png,5,0.8917499999999999
5007.png,5,0.8917499999999999
5008.png,5,0.73075
5009.png,5,0.736
5010.png,5,0.736
5011.png,5,0.702
5012.png,5,0.704
5013.png,5,0.738
5014.png,5,0.736
5015.png,5,0.804
5016.png,5,0.8
5017.png,5,0.868
5018.png,5,0.864
5019.png,9,0.5859
5020.png,9,0.58065
5021.png,9,0.58065
5022.png,5,1.02025
5023.png,5,1.016
5024.png,5,1.1204999999999998
5025.png,5,1.1099999999999999
5026.png,5,1.1099999999999999
5027.png,5,1.234
5028.png,5,1.2822500000000001
5029.png,5,1.27875
5030.png,5,1.27875
5031.png,5,1.27875
5032.png,5,1.2947499999999998
5033.png,5,1.26975
5034.png,5,1.27125
5035.png,5,1.27125
5036.png,5,1.16725
5037.png,5,1.1737499999999998
5038.png,5,1.1737499999999998
5039.png,5,0.9305
5040.png,5,0.9415
5041.png,5,0.72775
5042.png,5,0.742
5043.png,5,0.742
5044.png,5,0.5269999999999999
5045.png,5,0.54375
5046.png,5,0.30374999999999996
5047.png,5,0.31875
5048.png,5,0.31875
5049.png,5,0.0765
5050.png,5,0.092
5051.png,5,0.092
5052.png,5,-0.14175000000000001
5053.png,5,-0.128
5054.png,5,-0.128
5055.png,5,-0.36060000000000003
5056.png,5,-0.3496
5057.png,5,-0.3496
5058.png,5,-0.5602
5059.png,5,-0.55
5060.png,5,-0.55
5061.png,5,-0.5642
5062.png,5,-0.5612
5063.png,5,-0.5168999999999999
5064.png,5,-0.5176499999999999
5065.png,5,-0.43024999999999997
5066.png,5,-0.43499999999999994
5067.png,5,-0.3108
5068.png,5,-0.31755
5069.png,5,-0.31755
5070.png,5,-0.16574999999999998
5071.png,5,-0.174
5072.png,5,-0.174
5073.png,5,0.00515
5074.png,5,-0.0046
5075.png,5,-0.0046
5076.png,5,0.18580000000000002
5077.png,5,0.17500000000000002
5078.png,5,0.17500000000000002
5079.png,5,0.3711
5080.png,5,0.36
5081.png,5,0.36
5082.png,5,0.46699999999999997
5083.png,5,0.45999999999999996
5084.png,5,0.5177999999999999
5085.png,5,0.5133
5086.png,5,0.5133
5087.png,5,0.5685
5088.png,5,0.5655
5089.png,5,0.5655
5090.png,5,0.52
5091.png,5,0.5115000000000001
5092.png,5,0.512
5093.png,5,0.512
5094.png,5,0.47375000000000006
5095.png,5,0.47600000000000003
5096.png,5,0.42925
5097.png,5,0.432
5098.png,5,0.432
5099.png,5,0.3725
5100.png,5,0.376
5101.png,5,0.376
5102.png,5,0.2995
5103.png,5,0.304
5104.png,5,0.2616
5105.png,5,0.26535
5106.png,5,0.26535
5107.png,5,0.18714999999999998
5108.png,5,0.1914
5109.png,5,0.127
5110.png,5,0.1305
5111.png,5,0.1305
5112.png,5,0.0798
5113.png,5,0.0828
5114.png,5,0.0828
5115.png,5,0.0423
5116.png,5,0.045
5117.png,5,0.029099999999999997
5118.png,5,0.03
5119.png,5,0.0141
5120.png,5,0.015
5121.png,5,0.0362
5122.png,5,0.035
5123.png,5,0.0668
5124.png,5,0.065
5125.png,5,0.065
5126.png,5,0.10210000000000001
5127.png,5,0.1
5128.png,5,0.153
5129.png,5,0.15
5130.png,5,0.1871
5131.png,5,0.185
5132.png,5,0.185
5133.png,5,0.23800000000000002
5134.png,5,0.23500000000000001
5135.png,5,0.26680000000000004
5136.png,5,0.265
5137.png,5,0.265
5138.png,5,0.26804999999999995
5139.png,5,0.28135
5140.png,5,0.2806
5141.png,5,0.27575000000000005
5142.png,5,0.276
5143.png,5,0.28085
5144.png,5,0.2806
5145.png,5,0.2709
5146.png,5,0.2714
5147.png,5,0.2714
5148.png,5,0.25685
5149.png,5,0.2576
5150.png,5,0.24305
5151.png,5,0.2438
5152.png,5,0.2438
5153.png,5,0.21955
5154.png,5,0.2208
5155.png,5,0.2208
5156.png,5,0.20625
5157.png,5,0.1876
5158.png,5,0.1886
5159.png,5,0.1891
5160.png,5,0.19
5161.png,5,0.1794
5162.png,5,0.18
5163.png,5,0.18
5164.png,5,0.1641
5165.png,5,0.165
5166.png,5,0.165
5167.png,5,0.165
5168.png,5,0.165
5169.png,5,0.1544
5170.png,5,0.155
5171.png,5,0.155
5172.png,5,0.1656
5173.png,5,0.165
5174.png,5,0.1703
5175.png,5,0.17
5176.png,5,0.18059999999999998
5177.png,5,0.18
5178.png,5,0.18
5179.png,5,0.19590000000000002
5180.png,5,0.195
5181.png,5,0.195
5182.png,5,0.2003
5183.png,5,0.2
5184.png,5,0.2159
5185.png,5,0.215
5186.png,5,0.2203
5187.png,5,0.22
5188.png,5,0.2306
5189.png,5,0.23
5190.png,5,0.23
5191.png,5,0.23
5192.png,5,0.23
5193.png,5,0.2194
5194.png,5,0.22
5195.png,5,0.2253
5196.png,5,0.2144
5197.png,5,0.215
5198.png,5,0.215
5199.png,5,0.2097
5200.png,5,0.21
5201.png,5,0.21
5202.png,5,0.20470000000000002
5203.png,5,0.20500000000000002
5204.png,5,0.20500000000000002
5205.png,5,0.19440000000000002
5206.png,5,0.195
5207.png,5,0.2003
5208.png,5,0.2
5209.png,5,0.18409999999999999
5210.png,5,0.185
5211.png,5,0.1903
5212.png,5,0.1847
5213.png,5,0.185
5214.png,5,0.185
5215.png,5,0.185
5216.png,5,0.1903
5217.png,5,0.19
5218.png,5,0.1847
5219.png,5,0.185
5220.png,5,0.20090000000000002
5221.png,5,0.2
5222.png,5,0.2
5223.png,5,0.2
5224.png,5,0.2
5225.png,5,0.21059999999999998
5226.png,5,0.2153
5227.png,5,0.215
5228.png,5,0.215
5229.png,5,0.2097
5230.png,5,0.21
5231.png,5,0.20470000000000002
5232.png,5,0.20500000000000002
5233.png,5,0.19440000000000002
5234.png,5,0.195
5235.png,5,0.1685
5236.png,5,0.17
5237.png,5,0.1435
5238.png,5,0.145
5239.png,5,0.1079
5240.png,5,0.11
5241.png,13,0.03875
5242.png,13,0.0405
5243.png,13,0.01985
5244.png,5,0.0082
5245.png,5,0.01
5246.png,5,0.01
5247.png,5,0.0312
5248.png,5,0.03
5249.png,5,0.0724
5250.png,5,0.07
5251.png,5,0.0859
5252.png,5,0.085
5253.png,5,0.1062
5254.png,5,0.105
5255.png,13,0.0685
5256.png,13,0.0675
5257.png,13,0.0734
5258.png,13,0.0729
5259.png,13,0.07585
5260.png,5,0.2301
5261.png,5,0.225
5262.png,5,0.225
5263.png,5,0.36705
5264.png,5,0.3588
5265.png,5,0.40829999999999994
5266.png,5,0.40454999999999997
5267.png,5,0.39075
5268.png,5,0.39149999999999996
5269.png,5,0.35469999999999996
5270.png,5,0.35669999999999996
5271.png,5,0.2996
5272.png,5,0.3036
5273.png,5,0.1969
5274.png,5,0.2024
5275.png,5,0.09809999999999999
5276.png,5,0.105
5277.png,13,-0.017050000000000003
5278.png,13,-0.0108
5279.png,5,-0.14720000000000003
5280.png,5,-0.14
5281.png,5,-0.2258
5282.png,5,-0.2208
5283.png,5,-0.29159999999999997
5284.png,5,-0.28709999999999997
5285.png,5,-0.3147
5286.png,5,-0.3132
5287.png,5,-0.271
5288.png,5,-0.272
5289.png,5,-0.24059999999999998
5290.png,5,-0.24359999999999998
5291.png,5,-0.15619999999999998
5292.png,5,-0.16094999999999998
5293.png,5,-0.05055
5294.png,5,-0.056549999999999996
5295.png,5,0.07115
5296.png,5,0.0644
5297.png,5,0.229
5298.png,5,0.22
5299.png,13,0.20140000000000002
5300.png,13,0.19440000000000002
5301.png,5,0.48719999999999997
5302.png,5,0.48
5303.png,5,0.5192
5304.png,5,0.5152
5305.png,5,0.6941999999999999
5306.png,5,0.68295
5307.png,5,0.75125
5308.png,5,0.744
5309.png,5,0.71
5310.png,5,0.712
5311.png,5,0.627
5312.png,5,0.632
5313.png,5,0.49175
5314.png,5,0.5
5315.png,5,0.3045
5316.png,5,0.316
5317.png,5,0.06305
5318.png,5,0.0783
5319.png,5,-0.3022
5320.png,5,-0.28
5321.png,5,-0.7093
5322.png,5,-0.685
5323.png,5,-0.97775
5324.png,5,-0.957
5325.png,5,-1.3112
5326.png,5,-1.29195
5327.png,5,-1.36175
5328.png,5,-1.34625
5329.png,5,-1.5062499999999999
5330.png,5,-1.4962499999999999
5331.png,5,-1.56825
5332.png,5,-1.56375
5333.png,5,-1.55975
5334.png,5,-1.56
5335.png,5,-1.484
5336.png,5,-1.48875
5337.png,5,-1.3447500000000001
5338.png,5,-1.35375
5339.png,5,-1.14575
5340.png,5,-1.15875
5341.png,5,-0.91475
5342.png,5,-0.9299999999999999
5343.png,5,-0.6739999999999999
5344.png,5,-0.69
5345.png,5,-0.41
5346.png,5,-0.4275
5347.png,5,-0.17975000000000002
5348.png,5,-0.196
5349.png,5,0.058249999999999996
5350.png,5,0.0435
5351.png,5,0.29910000000000003
5352.png,5,0.28500000000000003
5353.png,5,0.4174
5354.png,5,0.4094
5355.png,5,0.45154999999999995
5356.png,5,0.44804999999999995
5357.png,5,0.38225000000000003
5358.png,5,0.384
5359.png,5,0.265
5360.png,5,0.272
5361.png,5,0.08075
5362.png,5,0.092
5363.png,5,-0.17135
5364.png,5,-0.1566
5365.png,5,-0.5457000000000001
5366.png,5,-0.525
5367.png,5,-0.8694999999999999
5368.png,5,-0.85
5369.png,5,-1.0245
5370.png,5,-1.012
5371.png,5,-1.1088
5372.png,5,-1.10055
5373.png,5,-1.10055
5374.png,9,-0.66575
5375.png,9,-0.6615
5376.png,5,-1.097
5377.png,5,-1.096
5378.png,9,-0.6578
5379.png,9,-0.65905
5380.png,5,-1.21625
5381.png,5,-1.208
5382.png,5,-1.4284999999999999
5383.png,5,-1.41
5384.png,5,-1.53
5385.png,5,-1.5225
5386.png,5,-1.5225
5387.png,5,-1.4264999999999999
5388.png,5,-1.4324999999999999
5389.png,5,-1.2605
5390.png,5,-1.27125
5391.png,5,-1.27125
5392.png,5,-1.06325
5393.png,5,-1.07625
5394.png,9,-0.54385
5395.png,5,-0.6145
5396.png,5,-0.632
5397.png,5,-0.632
5398.png,5,-0.4025
5399.png,5,-0.41600000000000004
5400.png,5,-0.27575000000000005
5401.png,5,-0.28400000000000003
5402.png,5,-0.165
5403.png,5,-0.17200000000000001
5404.png,5,-0.08124999999999999
5405.png,5,-0.087
5406.png,5,0.014199999999999999
5407.png,5,0.0087
5408.png,5,0.1266
5409.png,5,0.12
5410.png,5,0.2366
5411.png,5,0.23
5412.png,5,0.3413
5413.png,5,0.335
5414.png,5,0.41004999999999997
5415.png,5,0.4048
5416.png,5,0.4748
5417.png,5,0.4698
5418.png,5,0.5618
5419.png,5,0.5568
5420.png,5,0.6442
5421.png,5,0.63945
5422.png,5,0.6645
5423.png,5,0.66
5424.png,5,0.73225
5425.png,5,0.728
5426.png,5,0.7875
5427.png,5,0.784
5428.png,5,0.8350000000000001
5429.png,5,0.8320000000000001
5430.png,9,0.5393
5431.png,9,0.53655
5432.png,5,0.84925
5433.png,5,0.8474999999999999
5434.png,5,0.8634999999999999
5435.png,5,0.8624999999999999
5436.png,5,0.8744999999999999
5437.png,5,0.8737499999999999
5438.png,5,0.84175
5439.png,5,0.84375
5440.png,5,0.75975
5441.png,5,0.765
5442.png,5,0.633
5443.png,5,0.64125
5444.png,5,0.46125
5445.png,5,0.4725
5446.png,5,0.3
5447.png,5,0.312
5448.png,5,0.1165
5449.png,5,0.128
5450.png,5,-0.0356
5451.png,5,-0.026099999999999998
5452.png,5,-0.1784
5453.png,5,-0.17
5454.png,13,-0.13015000000000002
5455.png,13,-0.1269
5456.png,5,-0.22440000000000002
5457.png,5,-0.225
5458.png,5,-0.12430000000000001
5459.png,5,-0.13
5460.png,5,0.1668
5461.png,5,0.15
5462.png,5,0.5899000000000001
5463.png,5,0.5650000000000001
5464.png,5,0.8273499999999999
5465.png,5,0.8090999999999999
5466.png,5,1.1402999999999999
5467.png,5,1.1222999999999999
5468.png,5,1.287
5469.png,5,1.272
5470.png,5,1.3645
5471.png,5,1.35375
5472.png,5,1.4457499999999999
5473.png,5,1.44
5474.png,5,1.4559999999999997
5475.png,5,1.4549999999999998
5476.png,5,1.4109999999999998
5477.png,5,1.4137499999999998
5478.png,5,1.30975
5479.png,5,1.31625
5480.png,5,1.15625
5481.png,5,1.16625
5482.png,5,0.97425
5483.png,5,0.98625
5484.png,5,0.75825
5485.png,5,0.7725
5486.png,5,0.5775
5487.png,5,0.592
5488.png,5,0.34975
5489.png,5,0.364
5490.png,5,0.14744999999999997
5491.png,5,0.16094999999999998
5492.png,5,-0.03835
5493.png,5,-0.0276
5494.png,13,-0.11650000000000002
5495.png,13,-0.10800000000000001
5496.png,5,-0.2713
5497.png,5,-0.2668
5498.png,5,-0.2615
5499.png,5,-0.261
5500.png,5,-0.0862
5501.png,5,-0.0957
5502.png,5,0.21249999999999997
5503.png,5,0.19574999999999998
5504.png,5,0.5536
5505.png,5,0.535
5506.png,5,0.8477000000000001
5507.png,5,0.8300000000000001
5508.png,5,0.99155
5509.png,5,0.9798
5510.png,5,1.0691499999999998
5511.png,5,1.0614
5512.png,5,1.1533999999999998
5513.png,5,1.1483999999999999
5514.png,9,0.6738
5515.png,9,0.6713
5516.png,9,0.6713
5517.png,9,0.6713
5518.png,5,1.266
5519.png,5,1.256
5520.png,5,1.5095
5521.png,5,1.48875
5522.png,5,1.62475
5523.png,5,1.61625
5524.png,5,1.53225
5525.png,5,1.5374999999999999
5526.png,5,1.3335
5527.png,5,1.34625
5528.png,5,1.11425
5529.png,5,1.12875
5530.png,5,0.896
5531.png,5,0.9065
5532.png,5,0.7715
5533.png,5,0.7805
5534.png,5,0.75625
5535.png,5,0.76125
5536.png,9,0.44334999999999997
5537.png,9,0.44834999999999997
5538.png,5,0.58625
5539.png,5,0.5925
5540.png,5,0.44849999999999995
5541.png,5,0.45749999999999996
5542.png,5,0.45749999999999996
5543.png,5,0.2415
5544.png,5,0.026500000000000003
5545.png,5,0.04
5546.png,5,0.04
5547.png,5,-0.1175
5548.png,5,-0.10874999999999999
5549.png,5,-0.10874999999999999
5550.png,5,-0.2605
5551.png,5,-0.40750000000000003
5552.png,5,-0.4
5553.png,5,-0.506
5554.png,5,-0.5
5555.png,5,-0.5424
5556.png,5,-0.54
5557.png,5,-0.4774
5558.png,5,-0.4784
5559.png,5,-0.40565
5560.png,5,-0.4094
5561.png,5,-0.3318
5562.png,5,-0.3358
5563.png,5,-0.2873
5564.png,5,-0.2898
5565.png,5,-0.2607
5566.png,5,-0.2622
5567.png,5,-0.2622
5568.png,5,-0.2428
5569.png,5,-0.2438
5570.png,5,-0.2438
5571.png,5,-0.22924999999999998
5572.png,5,-0.21545
5573.png,5,-0.2162
5574.png,5,-0.2162
5575.png,5,-0.2162
5576.png,5,-0.21135
5577.png,5,-0.2116
5578.png,5,-0.2019
5579.png,5,-0.2024
5580.png,5,-0.19269999999999998
5581.png,5,-0.19319999999999998
5582.png,5,-0.18835
5583.png,5,-0.1886
5584.png,5,-0.18375
5585.png,5,-0.184
5586.png,5,-0.184
5587.png,5,-0.17915
5588.png,5,-0.1794
5589.png,5,-0.17455
5590.png,5,-0.1748
5591.png,5,-0.1748
5592.png,5,-0.16995
5593.png,5,-0.1702
5594.png,5,-0.1702
5595.png,5,-0.1702
5596.png,5,-0.1702
5597.png,5,-0.16535
5598.png,5,-0.1656
5599.png,5,-0.16075
5600.png,5,-0.161
5601.png,5,-0.161
5602.png,5,-0.161
5603.png,5,-0.161
5604.png,5,-0.15614999999999998
5605.png,5,-0.15639999999999998
5606.png,5,-0.15639999999999998
5607.png,5,-0.15639999999999998
5608.png,5,-0.15155
5609.png,5,-0.1518
5610.png,5,-0.1518
5611.png,5,-0.1518
5612.png,5,-0.1518
5613.png,5,-0.1518
5614.png,5,-0.1518
5615.png,5,-0.1518
5616.png,5,-0.14695
5617.png,5,-0.1472
5618.png,5,-0.1472
5619.png,5,-0.1472
5620.png,5,-0.1472
5621.png,5,-0.1472
5622.png,5,-0.1472
5623.png,5,-0.1472
5624.png,5,-0.1472
5625.png,5,-0.14235
5626.png,5,-0.1426
5627.png,5,-0.1426
5628.png,5,-0.1426
5629.png,5,-0.1426
5630.png,5,-0.1426
5631.png,5,-0.1426
5632.png,5,-0.1426
5633.png,5,-0.1426
5634.png,5,-0.13775
5635.png,5,-0.138
5636.png,5,-0.138
5637.png,5,-0.138
5638.png,5,-0.138
5639.png,5,-0.138
5640.png,5,-0.138
5641.png,5,-0.138
5642.png,5,-0.13315
5643.png,5,-0.1334
5644.png,5,-0.1334
5645.png,5,-0.1334
5646.png,5,-0.1334
5647.png,5,-0.1334
5648.png,5,-0.1334
5649.png,5,-0.1334
5650.png,5,-0.12855
5651.png,5,-0.1288
5652.png,5,-0.14
5653.png,5,-0.14
5654.png,5,-0.14
5655.png,5,-0.14
5656.png,5,-0.14
5657.png,5,-0.14
5658.png,5,-0.14
5659.png,5,-0.13470000000000001
5660.png,5,-0.135
5661.png,5,-0.135
5662.png,5,-0.135
5663.png,5,-0.135
5664.png,5,-0.135
5665.png,5,-0.135
5666.png,5,-0.135
5667.png,5,-0.135
5668.png,5,-0.135
5669.png,5,-0.1297
5670.png,5,-0.13
5671.png,5,-0.13
5672.png,5,-0.13
5673.png,5,-0.13
5674.png,5,-0.13
5675.png,5,-0.13
5676.png,5,-0.1247
5677.png,5,-0.125
5678.png,5,-0.125
5679.png,5,-0.125
5680.png,5,-0.125
5681.png,5,-0.125
5682.png,5,-0.125
5683.png,5,-0.125
5684.png,5,-0.125
5685.png,5,-0.125
5686.png,5,-0.125
5687.png,5,-0.1197
5688.png,5,-0.12
5689.png,5,-0.12
5690.png,5,-0.12
5691.png,5,-0.12
5692.png,5,-0.12
5693.png,5,-0.12
5694.png,5,-0.12
5695.png,5,-0.11470000000000001
5696.png,5,-0.115
5697.png,5,-0.115
5698.png,5,-0.115
5699.png,5,-0.115
5700.png,5,-0.115
5701.png,5,-0.115
5702.png,5,-0.115
5703.png,5,-0.1097
5704.png,5,-0.11
5705.png,5,-0.11
5706.png,5,-0.11
5707.png,5,-0.11
5708.png,5,-0.1047
5709.png,5,-0.105
5710.png,5,-0.105
5711.png,5,-0.105
5712.png,5,-0.105
5713.png,5,-0.105
5714.png,5,-0.105
5715.png,5,-0.105
5716.png,5,-0.105
5717.png,5,-0.09970000000000001
5718.png,5,-0.1
5719.png,5,-0.1
5720.png,5,-0.1
5721.png,5,-0.1
5722.png,5,-0.0947
5723.png,5,-0.095
5724.png,5,-0.095
5725.png,5,-0.095
5726.png,5,-0.095
5727.png,5,-0.095
5728.png,5,-0.095
5729.png,5,-0.095
5730.png,5,-0.0897
5731.png,5,-0.09
5732.png,5,-0.09
5733.png,5,-0.09
5734.png,5,-0.08470000000000001
5735.png,5,-0.085
5736.png,5,-0.085
5737.png,5,-0.085
5738.png,5,-0.085
5739.png,5,-0.07970000000000001
5740.png,5,-0.08
5741.png,5,-0.08
5742.png,5,-0.08
5743.png,5,-0.08
5744.png,5,-0.0747
5745.png,5,-0.075
5746.png,5,-0.075
5747.png,5,-0.075
5748.png,5,-0.06970000000000001
5749.png,5,-0.07
5750.png,5,-0.07
5751.png,5,-0.06470000000000001
5752.png,5,-0.065
5753.png,5,-0.065
5754.png,5,-0.065
5755.png,5,-0.059699999999999996
5756.png,5,-0.06
5757.png,5,-0.06
5758.png,5,-0.0547
5759.png,5,-0.055
5760.png,5,-0.055
5761.png,5,-0.055
5762.png,5,-0.0497
5763.png,5,-0.05
5764.png,5,-0.05
5765.png,5,-0.05
5766.png,5,-0.0447
5767.png,5,-0.045
5768.png,5,-0.045
5769.png,5,-0.0397
5770.png,5,-0.04
5771.png,5,-0.04
5772.png,5,-0.04
5773.png,5,-0.0347
5774.png,5,-0.035
5775.png,5,-0.035
5776.png,5,-0.035
5777.png,5,-0.035
5778.png,5,-0.029699999999999997
5779.png,5,-0.0247
5780.png,5,-0.025
5781.png,5,-0.025
5782.png,5,-0.025
5783.png,5,-0.0197
5784.png,5,-0.02
5785.png,5,-0.02
5786.png,5,-0.02
5787.png,5,-0.02
5788.png,5,-0.0147
5789.png,5,-0.015
5790.png,5,-0.015
5791.png,5,-0.015
5792.png,5,-0.0097
5793.png,5,-0.01
5794.png,5,-0.01
5795.png,5,-0.01
5796.png,5,-0.0047
5797.png,5,-0.005
5798.png,5,-0.005
5799.png,5,0.0003
5800.png,5,-0.0
5801.png,5,-0.0
5802.png,5,-0.0
5803.png,5,-0.0
5804.png,5,0.0053
5805.png,5,0.005
5806.png,5,0.005
5807.png,5,0.005
5808.png,5,0.005
5809.png,5,0.005
5810.png,5,0.005
5811.png,5,0.005
5812.png,5,0.0103
5813.png,5,0.01
5814.png,5,0.01
5815.png,5,0.01
5816.png,5,0.0153
5817.png,5,0.015
5818.png,5,0.015
5819.png,5,0.015
5820.png,5,0.015
5821.png,5,0.015
5822.png,5,0.015
5823.png,5,0.015
5824.png,5,0.015
5825.png,5,0.015
5826.png,5,0.020300000000000002
5827.png,5,0.02
5828.png,5,0.02
5829.png,5,0.02
5830.png,5,0.02
5831.png,5,0.02
5832.png,5,0.02
5833.png,5,0.02
5834.png,5,0.025300000000000003
5835.png,5,0.025
5836.png,5,0.025
5837.png,5,0.025
5838.png,5,0.025
5839.png,5,0.025
5840.png,5,0.025
5841.png,5,0.025
5842.png,5,0.025
5843.png,5,0.025
5844.png,5,0.025
5845.png,5,0.025
5846.png,13,0.013500000000000002
5847.png,13,0.013500000000000002
5848.png,13,0.013500000000000002
5849.png,13,0.013500000000000002
5850.png,5,0.025
5851.png,5,0.025
5852.png,13,0.0194
5853.png,13,0.0189
5854.png,13,0.024800000000000003
5855.png,13,0.024300000000000002
5856.png,13,0.024300000000000002
5857.png,13,0.024300000000000002
5858.png,13,0.027250000000000003
5859.png,13,0.027000000000000003
5860.png,13,0.02995
5861.png,13,0.0297
5862.png,13,0.03265
5863.png,13,0.0324
5864.png,13,0.03535
5865.png,13,0.0351
5866.png,13,0.03805
5867.png,13,0.0378
5868.png,5,0.07529999999999999
5869.png,5,0.075
5870.png,5,0.0803
5871.png,5,0.08
5872.png,5,0.08
5873.png,5,0.08
5874.png,5,0.08
5875.png,5,0.08
5876.png,5,0.0747
5877.png,5,0.075
5878.png,5,0.075
5879.png,5,0.075
5880.png,5,0.075
5881.png,5,0.075
5882.png,5,0.075
5883.png,5,0.075
5884.png,5,0.075
5885.png,5,0.075
5886.png,5,0.06970000000000001
5887.png,5,0.07
5888.png,5,0.07
5889.png,5,0.07
5890.png,5,0.07
5891.png,5,0.07
5892.png,5,0.07
5893.png,5,0.07
5894.png,5,0.07
5895.png,5,0.07
5896.png,5,0.06470000000000001
5897.png,5,0.065
5898.png,5,0.065
5899.png,5,0.065
5900.png,5,0.065
5901.png,5,0.065
5902.png,5,0.065
5903.png,5,0.065
5904.png,5,0.065
5905.png,5,0.065
5906.png,5,0.065
5907.png,5,0.065
5908.png,5,0.065
5909.png,5,0.065
5910.png,5,0.065
5911.png,5,0.065
5912.png,5,0.065
5913.png,5,0.065
5914.png,5,0.065
5915.png,5,0.065
5916.png,5,0.065
5917.png,5,0.065
5918.png,5,0.065
5919.png,5,0.065
5920.png,5,0.059699999999999996
5921.png,5,0.06
5922.png,5,0.06
5923.png,5,0.06
5924.png,5,0.06
5925.png,5,0.06
5926.png,5,0.06
5927.png,5,0.06
5928.png,5,0.06
5929.png,5,0.06
5930.png,5,0.06
5931.png,5,0.06
5932.png,5,0.06
5933.png,5,0.06
5934.png,5,0.06
5935.png,5,0.06
5936.png,5,0.06
5937.png,5,0.06
5938.png,5,0.06
5939.png,5,0.06
5940.png,5,0.06
5941.png,5,0.06
5942.png,5,0.06
5943.png,5,0.06
5944.png,5,0.06
5945.png,5,0.06
5946.png,5,0.06
5947.png,5,0.06
5948.png,5,0.06
5949.png,5,0.06
5950.png,5,0.06
5951.png,5,0.06
5952.png,5,0.06
5953.png,5,0.06
5954.png,5,0.06
5955.png,5,0.06
5956.png,5,0.0547
5957.png,5,0.055
5958.png,5,0.055
5959.png,5,0.055
5960.png,5,0.055
5961.png,5,0.055
5962.png,5,0.055
5963.png,5,0.055
5964.png,5,0.055
5965.png,5,0.055
5966.png,5,0.055
5967.png,5,0.055
5968.png,5,0.055
5969.png,5,0.055
5970.png,5,0.055
5971.png,5,0.055
5972.png,5,0.055
5973.png,5,0.055
5974.png,5,0.055
5975.png,5,0.055
5976.png,5,0.055
5977.png,5,0.055
5978.png,5,0.055
5979.png,5,0.055
5980.png,5,0.055
5981.png,5,0.055
5982.png,5,0.055
5983.png,5,0.055
5984.png,5,0.055
5985.png,5,0.055
5986.png,5,0.055
5987.png,5,0.055
5988.png,5,0.055
5989.png,5,0.055
5990.png,5,0.055
5991.png,5,0.055
5992.png,5,0.055
5993.png,5,0.055
5994.png,5,0.055
5995.png,5,0.055
5996.png,5,0.055
5997.png,5,0.055
5998.png,5,0.055
5999.png,5,0.055
6000.png,5,0.055
6001.png,5,0.055
6002.png,5,0.055
6003.png,5,0.055
6004.png,5,0.055
6005.png,5,0.055
6006.png,5,0.055
6007.png,5,0.055
6008.png,5,0.055
6009.png,5,0.055
6010.png,5,0.055
6011.png,5,0.055
6012.png,5,0.055
6013.png,5,0.055
6014.png,5,0.055
6015.png,5,0.055
6016.png,5,0.055
6017.png,5,0.055
6018.png,5,0.055
6019.png,5,0.055
6020.png,5,0.055
6021.png,5,0.055
6022.png,5,0.055
6023.png,5,0.055
6024.png,5,0.055
6025.png,5,0.055
6026.png,5,0.055
6027.png,5,0.055
6028.png,5,0.055
6029.png,5,0.055
6030.png,5,0.055
6031.png,5,0.055
6032.png,5,0.055
6033.png,5,0.055
6034.png,5,0.055
6035.png,5,0.055
6036.png,5,0.055
6037.png,5,0.055
6038.png,5,0.055
6039.png,5,0.055
6040.png,5,0.055
6041.png,5,0.055
6042.png,5,0.055
6043.png,5,0.055
6044.png,5,0.055
6045.png,5,0.055
6046.png,5,0.055
6047.png,5,0.055
6048.png,5,0.0497
6049.png,5,0.05
6050.png,5,0.05
6051.png,5,0.05
6052.png,5,0.05
6053.png,5,0.05
6054.png,5,0.05
6055.png,5,0.05
6056.png,5,0.05
6057.png,5,0.05
6058.png,5,0.05
6059.png,5,0.05
6060.png,5,0.05
6061.png,5,0.05
6062.png,5,0.05
6063.png,5,0.05
6064.png,5,0.05
6065.png,5,0.05
6066.png,5,0.05
6067.png,5,0.05
6068.png,5,0.05
6069.png,5,0.05
6070.png,5,0.05
6071.png,5,0.05
6072.png,5,0.05
6073.png,5,0.05
6074.png,5,0.05
6075.png,5,0.05
6076.png,5,0.05
6077.png,5,0.05
6078.png,5,0.05
6079.png,5,0.05
6080.png,5,0.05
6081.png,5,0.05
6082.png,5,0.05
6083.png,5,0.05
6084.png,5,0.05
6085.png,5,0.05
6086.png,5,0.05
6087.png,5,0.05
6088.png,5,0.05
6089.png,5,0.05
6090.png,5,0.05
6091.png,5,0.05
6092.png,5,0.05
6093.png,5,0.05
6094.png,5,0.05
6095.png,5,0.05
6096.png,5,0.05
6097.png,5,0.05
6098.png,5,0.05
6099.png,5,0.05
6100.png,5,0.05
6101.png,5,0.05
6102.png,5,0.05
6103.png,5,0.05
6104.png,5,0.05
6105.png,5,0.05
6106.png,5,0.05
6107.png,5,0.05
6108.png,5,0.05
6109.png,5,0.05
6110.png,5,0.05
6111.png,5,0.05
6112.png,5,0.05
6113.png,5,0.05
6114.png,5,0.05
6115.png,5,0.05
6116.png,5,0.05
6117.png,5,0.05
6118.png,5,0.05
6119.png,5,0.05
6120.png,5,0.05
6121.png,5,0.05
6122.png,5,0.05
6123.png,5,0.05
6124.png,5,0.05
6125.png,5,0.05
6126.png,5,0.05
6127.png,5,0.05
6128.png,5,0.05
6129.png,5,0.05
6130.png,5,0.05
6131.png,5,0.05
6132.png,5,0.05
6133.png,5,0.05
6134.png,5,0.05
6135.png,5,0.05
6136.png,5,0.05
6137.png,5,0.05
6138.png,5,0.05
6139.png,5,0.05
6140.png,5,0.05
6141.png,5,0.05
6142.png,5,0.05
6143.png,5,0.05
6144.png,5,0.05
6145.png,5,0.05
6146.png,5,0.05
6147.png,5,0.05
6148.png,5,0.05
6149.png,5,0.05
6150.png,5,0.05
6151.png,5,0.05
6152.png,5,0.05
6153.png,5,0.05
6154.png,5,0.05
6155.png,5,0.05
6156.png,5,0.05
6157.png,5,0.05
6158.png,5,0.05
6159.png,5,0.05
6160.png,5,0.05
6161.png,5,0.05
6162.png,5,0.05
6163.png,5,0.05
6164.png,5,0.05
6165.png,5,0.05
6166.png,5,0.05
6167.png,5,0.05
6168.png,5,0.05
6169.png,5,0.05
6170.png,5,0.05
6171.png,5,0.05
6172.png,5,0.05
6173.png,5,0.05
6174.png,5,0.05
6175.png,5,0.05
6176.png,5,0.05
6177.png,5,0.05
6178.png,5,0.05
6179.png,5,0.05
6180.png,5,0.05
6181.png,5,0.05
6182.png,5,0.05
6183.png,5,0.05
6184.png,5,0.05
6185.png,5,0.05
6186.png,5,0.05
6187.png,5,0.05
6188.png,5,0.05
6189.png,5,0.05
6190.png,5,0.05
6191.png,5,0.05
6192.png,5,0.05
6193.png,5,0.05
6194.png,5,0.05
6195.png,5,0.05
6196.png,5,0.05
6197.png,5,0.05
6198.png,5,0.05
6199.png,5,0.05
6200.png,5,0.05
6201.png,5,0.05
6202.png,5,0.05
6203.png,5,0.05
6204.png,5,0.05
6205.png,5,0.05
6206.png,5,0.05
6207.png,5,0.05
6208.png,5,0.05
6209.png,5,0.05
6210.png,5,0.0447
6211.png,5,0.045
6212.png,5,0.045
6213.png,5,0.045
6214.png,5,0.045
6215.png,5,0.045
6216.png,5,0.045
6217.png,5,0.045
6218.png,5,0.045
6219.png,5,0.045
6220.png,5,0.045
6221.png,5,0.045
6222.png,5,0.045
6223.png,5,0.045
6224.png,5,0.045
6225.png,5,0.045
6226.png,5,0.045
6227.png,5,0.045
6228.png,5,0.045
6229.png,5,0.045
6230.png,5,0.045
6231.png,5,0.045
6232.png,5,0.045
6233.png,5,0.045
6234.png,5,0.045
6235.png,5,0.045
6236.png,5,0.045
6237.png,5,0.045
6238.png,5,0.045
6239.png,5,0.045
6240.png,5,0.045
6241.png,5,0.045
6242.png,5,0.045
6243.png,5,0.045
6244.png,5,0.045
6245.png,5,0.045
6246.png,5,0.045
6247.png,5,0.045
6248.png,5,0.045
6249.png,5,0.045
6250.png,5,0.045
6251.png,5,0.045
6252.png,5,0.045
6253.png,5,0.045
6254.png,5,0.045
6255.png,5,0.045
6256.png,5,0.045
6257.png,5,0.045
6258.png,5,0.045
6259.png,5,0.045
6260.png,5,0.045
6261.png,5,0.045
6262.png,5,0.045
6263.png,5,0.045
6264.png,5,0.045
6265.png,5,0.045
6266.png,5,0.045
6267.png,5,0.045
6268.png,5,0.045
6269.png,5,0.045
6270.png,5,0.045
6271.png,5,0.045
6272.png,5,0.045
6273.png,5,0.045
6274.png,5,0.045
6275.png,5,0.045
6276.png,5,0.045
6277.png,5,0.045
6278.png,5,0.045
6279.png,5,0.045
6280.png,5,0.045
6281.png,5,0.045
6282.png,5,0.045
6283.png,5,0.045
6284.png,5,0.045
6285.png,5,0.045
6286.png,5,0.045
6287.png,5,0.045
6288.png,5,0.045
6289.png,5,0.045
6290.png,5,0.045
6291.png,5,0.045
6292.png,5,0.045
6293.png,5,0.045
6294.png,5,0.045
6295.png,5,0.045
6296.png,5,0.045
6297.png,5,0.045
6298.png,5,0.045
6299.png,5,0.045
6300.png,5,0.045
6301.png,5,0.045
6302.png,5,0.045
6303.png,5,0.045
6304.png,5,0.045
6305.png,5,0.045
6306.png,5,0.045
6307.png,5,0.045
6308.png,5,0.045
6309.png,5,0.045
6310.png,5,0.045
6311.png,5,0.045
6312.png,5,0.045
6313.png,5,0.045
6314.png,5,0.045
6315.png,5,0.045
6316.png,5,0.045
6317.png,5,0.045
6318.png,5,0.045
6319.png,5,0.045
6320.png,5,0.045
6321.png,5,0.045
6322.png,5,0.045
6323.png,5,0.045
6324.png,5,0.045
6325.png,5,0.045
6326.png,5,0.045
6327.png,5,0.045
6328.png,5,0.045
6329.png,5,0.045
6330.png,5,0.045
6331.png,5,0.045
6332.png,5,0.045
6333.png,5,0.045
6334.png,5,0.045
6335.png,5,0.045
6336.png,5,0.045
6337.png,5,0.045
6338.png,5,0.045
6339.png,5,0.045
6340.png,5,0.045
6341.png,5,0.045
6342.png,5,0.045
6343.png,5,0.045
6344.png,5,0.045
6345.png,5,0.045
6346.png,5,0.045
6347.png,5,0.045
6348.png,5,0.045
6349.png,5,0.045
6350.png,5,0.045
6351.png,5,0.045
6352.png,5,0.045
6353.png,5,0.045
6354.png,5,0.045
6355.png,5,0.045
6356.png,5,0.045
6357.png,5,0.045
6358.png,5,0.045
6359.png,5,0.045
6360.png,5,0.045
6361.png,5,0.045
6362.png,5,0.045
6363.png,5,0.045
6364.png,5,0.045
6365.png,5,0.045
6366.png,5,0.045
6367.png,5,0.045
6368.png,5,0.045
6369.png,5,0.045
6370.png,5,0.045
6371.png,5,0.045
6372.png,5,0.045
6373.png,5,0.045
6374.png,5,0.045
6375.png,5,0.045
6376.png,5,0.045
6377.png,5,0.045
6378.png,5,0.045
6379.png,5,0.0397
6380.png,5,0.04
6381.png,5,0.04
6382.png,5,0.04
6383.png,5,0.04
6384.png,5,0.04
6385.png,5,0.04
6386.png,5,0.04
6387.png,5,0.04
6388.png,5,0.04
6389.png,5,0.04
6390.png,5,0.04
6391.png,5,0.04
6392.png,5,0.04
6393.png,5,0.04
6394.png,5,0.04
6395.png,5,0.04
6396.png,5,0.04
6397.png,5,0.04
6398.png,5,0.04
6399.png,5,0.04
6400.png,5,0.04
6401.png,5,0.04
6402.png,5,0.04
6403.png,5,0.04
6404.png,5,0.04
6405.png,5,0.04
6406.png,5,0.04
6407.png,5,0.04
6408.png,5,0.04
6409.png,5,0.04
6410.png,5,0.04
6411.png,5,0.04
6412.png,5,0.04
6413.png,5,0.04
6414.png,5,0.04
6415.png,5,0.04
6416.png,5,0.04
6417.png,5,0.04
6418.png,5,0.04
6419.png,5,0.04
6420.png,5,0.04
6421.png,5,0.04
6422.png,5,0.04
6423.png,5,0.04
6424.png,5,0.04
6425.png,5,0.04
6426.png,5,0.04
6427.png,5,0.04
6428.png,5,0.04
6429.png,5,0.04
6430.png,5,0.04
6431.png,5,0.04
6432.png,5,0.04
6433.png,5,0.04
6434.png,5,0.04
6435.png,5,0.04
6436.png,5,0.04
6437.png,5,0.04
6438.png,5,0.04
6439.png,5,0.04
6440.png,5,0.04
6441.png,5,0.04
6442.png,5,0.04
6443.png,5,0.04
6444.png,5,0.04
6445.png,5,0.04
6446.png,5,0.04
6447.png,5,0.04
6448.png,5,0.04
6449.png,5,0.04
6450.png,5,0.04
6451.png,5,0.04
6452.png,5,0.04
6453.png,5,0.04
6454.png,5,0.04
6455.png,5,0.04
6456.png,5,0.04
6457.png,5,0.04
6458.png,5,0.04
6459.png,5,0.04
6460.png,5,0.04
6461.png,5,0.04
6462.png,5,0.04
6463.png,5,0.04
6464.png,5,0.04
6465.png,5,0.04
6466.png,5,0.04
6467.png,5,0.04
6468.png,5,0.04
6469.png,5,0.04
6470.png,5,0.04
6471.png,5,0.04
6472.png,5,0.04
6473.png,5,0.04
6474.png,5,0.04
6475.png,5,0.04
6476.png,5,0.04
6477.png,5,0.04
6478.png,5,0.04
6479.png,5,0.04
6480.png,5,0.04
6481.png,5,0.04
6482.png,5,0.04
6483.png,5,0.04
6484.png,5,0.04
6485.png,5,0.04
6486.png,5,0.04
6487.png,5,0.04
6488.png,5,0.04
6489.png,5,0.04
6490.png,5,0.04
6491.png,5,0.04
6492.png,5,0.04
6493.png,5,0.04
6494.png,5,0.04
6495.png,5,0.04
6496.png,5,0.04
6497.png,5,0.04
6498.png,5,0.04
6499.png,5,0.04
6500.png,5,0.04
6501.png,5,0.04
6502.png,5,0.04
6503.png,5,0.04
6504.png,5,0.04
6505.png,5,0.04
6506.png,5,0.04
6507.png,5,0.04
6508.png,5,0.04
6509.png,5,0.04
6510.png,5,0.04
6511.png,5,0.04
6512.png,5,0.04
6513.png,5,0.04
6514.png,5,0.04
6515.png,5,0.04
6516.png,5,0.04
6517.png,5,0.04
6518.png,5,0.04
6519.png,5,0.04
6520.png,5,0.04
6521.png,5,0.04
6522.png,5,0.04
6523.png,5,0.04
6524.png,5,0.04
6525.png,5,0.04
6526.png,5,0.04
6527.png,5,0.04
6528.png,5,0.04
6529.png,5,0.0347
6530.png,5,0.035
6531.png,5,0.035
6532.png,5,0.035
6533.png,5,0.035
6534.png,5,0.035
6535.png,5,0.035
6536.png,5,0.035
6537.png,5,0.035
6538.png,5,0.035
6539.png,5,0.035
