INFO-FLOW: Workspace /home/miguel_tfg/FINN-v0.9-Stable/notebooks/UAH_example/FINN_build/code_gen_ipgen_MatrixVectorActivation_3_1wcss7_u/project_MatrixVectorActivation_3/sol1 opened at Fri Jun 12 11:00:01 +0000 2026
Execute     send_msg_by_id INFO @200-1505@%s%s default  vivado 
INFO: [HLS 200-1505] Using default flow_target 'vivado'
Execute     send_msg_by_id INFO @200-435@%s%s 'open_solution -flow_target vivado' config_interface -m_axi_latency=0 
INFO: [HLS 200-435] Setting 'open_solution -flow_target vivado' configuration: config_interface -m_axi_latency=0
Execute     config_interface -m_axi_latency=0 
Execute   set_part xc7z020clg400-1 
INFO: [HLS 200-1510] Running: set_part xc7z020clg400-1 
Execute     create_platform xc7z020clg400-1 -board  
DBG:HLSDevice: Trying to load device library: /tools/Xilinx/Vitis_HLS/2022.2/lib/lnx64.o/libxv_hlsvwrap.so
DBG:HLSDevice: first parts/arch.xml in RDI_DATADIR: /tools/Xilinx/Vivado/2022.2/data/parts/arch.xml
DBG:HLSDevice: init success
INFO: [HLS 200-1611] Setting target device to 'xc7z020-clg400-1'
Command     create_platform done; 1.84 sec.
Execute     source /tools/Xilinx/Vitis_HLS/2022.2/common/technology/xilinx/common/xilinx.gen 
Execute       source /tools/Xilinx/Vitis_HLS/2022.2/common/technology/xilinx/interface/plb46.gen 
Execute       source /tools/Xilinx/Vitis_HLS/2022.2/common/technology/xilinx/interface/axi4.gen 
Execute       source /tools/Xilinx/Vitis_HLS/2022.2/common/technology/xilinx/interface/nativeAXI4.gen 
Execute         source /tools/Xilinx/Vitis_HLS/2022.2/common/technology/xilinx/interface/saxilite.gen 
Execute       source /tools/Xilinx/Vitis_HLS/2022.2/common/technology/xilinx/scripts/xilinxcoregen.gen 
Execute       source /tools/Xilinx/Vitis_HLS/2022.2/common/technology/xilinx/interface/XilEDKCoreGen.gen 
Execute       source /tools/Xilinx/Vitis_HLS/2022.2/common/technology/xilinx/ip/util.gen 
Execute       source /tools/Xilinx/Vitis_HLS/2022.2/common/technology/xilinx/ip/xfir.gen 
Execute       source /tools/Xilinx/Vitis_HLS/2022.2/common/technology/xilinx/ip/xfft.gen 
Execute       source /tools/Xilinx/Vitis_HLS/2022.2/common/technology/xilinx/ip/dds_compiler.gen 
Execute       source /tools/Xilinx/Vitis_HLS/2022.2/common/technology/xilinx/DSP48/dsp48.gen 
Execute     ap_part_info -name xc7z020-clg400-1 -data info 
Execute     config_compile -quiet -complex-mul-dsp=0 
Command   set_part done; 1.91 sec.
Execute   config_compile -disable_unroll_code_size_check -pipeline_style flp 
INFO: [HLS 200-1510] Running: config_compile -disable_unroll_code_size_check -pipeline_style flp 
WARNING: [XFORM 203-506] Disable code size check when do loop unroll.
WARNING: [HLS 200-643] The 'config_compile -disable_unroll_code_size_check' hidden command is deprecated and will be removed in a future release.
Execute   config_interface -m_axi_addr64 
INFO: [HLS 200-1510] Running: config_interface -m_axi_addr64 
Execute   config_rtl -module_auto_prefix 
INFO: [HLS 200-1510] Running: config_rtl -module_auto_prefix 
Execute   config_rtl -deadlock_detection none 
INFO: [HLS 200-1510] Running: config_rtl -deadlock_detection none 
Execute   create_clock -period 10.0 -name default 
INFO: [HLS 200-1510] Running: create_clock -period 10.0 -name default 
Execute     ap_set_clock -name default -period 10 -default=false 
INFO: [SYN 201-201] Setting up clock 'default' with a period of 10ns.
Execute   csynth_design 
INFO: [HLS 200-1510] Running: csynth_design 
Execute     elaborate -effort=medium -skip_syncheck=0 -keep_printf=0 -skip_cdt=0 -skip_transform=0 -ng=0 -g=0 -opt_fp=0 -from_csynth_design=1 
INFO: [HLS 200-111] Finished File checks and directory preparation: CPU user time: 0.01 seconds. CPU system time: 0.01 seconds. Elapsed time: 10.02 seconds; current allocated memory: 1.469 GB.
INFO: [HLS 200-10] Analyzing design file '/home/miguel_tfg/FINN-v0.9-Stable/notebooks/UAH_example/FINN_build/code_gen_ipgen_MatrixVectorActivation_3_1wcss7_u/top_MatrixVectorActivation_3.cpp' ... 
INFO-FLOW: Compiling one TU...
INFO-FLOW: Handling /home/miguel_tfg/FINN-v0.9-Stable/notebooks/UAH_example/FINN_build/code_gen_ipgen_MatrixVectorActivation_3_1wcss7_u/top_MatrixVectorActivation_3.cpp as C++
Execute       ap_part_info -name xc7z020-clg400-1 -data info 
INFO-FLOW: Running: GCC PP 39
INFO-FLOW: Source preprocessing
Execute       ap_eval exec -ignorestderr /tools/Xilinx/Vitis_HLS/2022.2/lnx64/tools/clang-3.9-csynth/bin/clang /home/miguel_tfg/FINN-v0.9-Stable/notebooks/UAH_example/FINN_build/code_gen_ipgen_MatrixVectorActivation_3_1wcss7_u/top_MatrixVectorActivation_3.cpp -foptimization-record-file=/home/miguel_tfg/FINN-v0.9-Stable/notebooks/UAH_example/FINN_build/code_gen_ipgen_MatrixVectorActivation_3_1wcss7_u/project_MatrixVectorActivation_3/sol1/.autopilot/db/top_MatrixVectorActivation_3.cpp.clang.diag.yml -mllvm -pass-remarks-missed=reflow|pasta|unroll -mllvm -pass-remarks=reflow|pasta|unroll|inline -fno-limit-debug-info -gcc-toolchain /tools/Xilinx/Vitis_HLS/2022.2/tps/lnx64/gcc-8.3.0 -fhls -fno-exceptions -E -std=c++14 -I/home/miguel_tfg/FINN-v0.9-Stable/deps/finn-hlslib -I/home/miguel_tfg/FINN-v0.9-Stable/custom_hls -fno-math-errno -c -emit-llvm -mllvm -disable-llvm-optzns -Werror=implicit-function-declaration -Werror=implicit-hls-streams -Werror=return-type -Wpragmas -Wunused-parameter -Wdump-hls-pragmas -Wno-error=dump-hls-pragmas -fno-threadsafe-statics -fno-use-cxa-atexit -target fpga64-xilinx-linux-gnu -fno-threadsafe-statics -fno-use-cxa-atexit -D__VITIS_HLS__ -DAESL_SYN -D__SYNTHESIS__ -D__HLS_SYN__ -I /tools/Xilinx/Vitis_HLS/2022.2/common/technology/autopilot -I /tools/Xilinx/Vitis_HLS/2022.2/common/technology/autopilot/ap_sysc -include etc/autopilot_ssdm_op.h -D__DSP48E1__ -I /usr/include/x86_64-linux-gnu -o /home/miguel_tfg/FINN-v0.9-Stable/notebooks/UAH_example/FINN_build/code_gen_ipgen_MatrixVectorActivation_3_1wcss7_u/project_MatrixVectorActivation_3/sol1/.autopilot/db/top_MatrixVectorActivation_3.pp.0.cpp -hls-platform-db-name=/tools/Xilinx/Vitis_HLS/2022.2/common/technology/xilinx/common/platform.db -hls-platform-name=zynq_slow -device-resource-info=BRAM_280.000000_DSP_220.000000_FF_106400.000000_LUT_53200.000000_SLICE_13300.000000_URAM_0.000000 -device-name-info=xc7z020clg400-1 > /home/miguel_tfg/FINN-v0.9-Stable/notebooks/UAH_example/FINN_build/code_gen_ipgen_MatrixVectorActivation_3_1wcss7_u/project_MatrixVectorActivation_3/sol1/.autopilot/db/top_MatrixVectorActivation_3.cpp.clang.out.log 2> /home/miguel_tfg/FINN-v0.9-Stable/notebooks/UAH_example/FINN_build/code_gen_ipgen_MatrixVectorActivation_3_1wcss7_u/project_MatrixVectorActivation_3/sol1/.autopilot/db/top_MatrixVectorActivation_3.cpp.clang.err.log 
Command       ap_eval done; 0.11 sec.
INFO-FLOW: Done: GCC PP 39 time: 0.1 seconds per iteration
Execute       set_directive_top MatrixVectorActivation_3 -name=MatrixVectorActivation_3 
Execute       source /tools/Xilinx/Vitis_HLS/2022.2/tps/tcl/tcllib1.11.1/yaml/huddle.tcl 
Execute       source /tools/Xilinx/Vitis_HLS/2022.2/tps/tcl/tcllib1.11.1/yaml/json2huddle.tcl 
INFO-FLOW: Source syntax check for synthesis
Execute       ap_eval exec -ignorestderr /tools/Xilinx/Vitis_HLS/2022.2/lnx64/tools/clang-3.9-csynth/bin/clang -foptimization-record-file=/home/miguel_tfg/FINN-v0.9-Stable/notebooks/UAH_example/FINN_build/code_gen_ipgen_MatrixVectorActivation_3_1wcss7_u/project_MatrixVectorActivation_3/sol1/.autopilot/db/clang.diag.yml -mllvm -pass-remarks-missed=reflow|pasta|unroll -mllvm -pass-remarks=reflow|pasta|unroll|inline -fsyntax-only -fhls -target fpga64-xilinx-linux-gnu /home/miguel_tfg/FINN-v0.9-Stable/notebooks/UAH_example/FINN_build/code_gen_ipgen_MatrixVectorActivation_3_1wcss7_u/project_MatrixVectorActivation_3/sol1/.autopilot/db/top_MatrixVectorActivation_3.pp.0.cpp -hls-platform-db-name=/tools/Xilinx/Vitis_HLS/2022.2/common/technology/xilinx/common/platform.db -hls-platform-name=zynq_slow -device-resource-info=BRAM_280.000000_DSP_220.000000_FF_106400.000000_LUT_53200.000000_SLICE_13300.000000_URAM_0.000000 -device-name-info=xc7z020clg400-1 > /home/miguel_tfg/FINN-v0.9-Stable/notebooks/UAH_example/FINN_build/code_gen_ipgen_MatrixVectorActivation_3_1wcss7_u/project_MatrixVectorActivation_3/sol1/.autopilot/db/clang.out.log 2> /home/miguel_tfg/FINN-v0.9-Stable/notebooks/UAH_example/FINN_build/code_gen_ipgen_MatrixVectorActivation_3_1wcss7_u/project_MatrixVectorActivation_3/sol1/.autopilot/db/clang.err.log 
Command       ap_eval done; 0.39 sec.
Execute       clang_tidy xilinx-systemc-detector -desc systemc-detector /home/miguel_tfg/FINN-v0.9-Stable/notebooks/UAH_example/FINN_build/code_gen_ipgen_MatrixVectorActivation_3_1wcss7_u/project_MatrixVectorActivation_3/sol1/.autopilot/db/top_MatrixVectorActivation_3.pp.0.cpp std=c++14 -target fpga  -directive=/home/miguel_tfg/FINN-v0.9-Stable/notebooks/UAH_example/FINN_build/code_gen_ipgen_MatrixVectorActivation_3_1wcss7_u/project_MatrixVectorActivation_3/sol1/.autopilot/db/.systemc_flag 
INFO-FLOW: exec /tools/Xilinx/Vitis_HLS/2022.2/lnx64/tools/clang-3.9-csynth/bin/clang-tidy -header-filter=.* --checks=-*,xilinx-systemc-detector -import-directive=/home/miguel_tfg/FINN-v0.9-Stable/notebooks/UAH_example/FINN_build/code_gen_ipgen_MatrixVectorActivation_3_1wcss7_u/project_MatrixVectorActivation_3/sol1/.autopilot/db/.systemc_flag -fix-errors /home/miguel_tfg/FINN-v0.9-Stable/notebooks/UAH_example/FINN_build/code_gen_ipgen_MatrixVectorActivation_3_1wcss7_u/project_MatrixVectorActivation_3/sol1/.autopilot/db/top_MatrixVectorActivation_3.pp.0.cpp -- -std=c++14 -target fpga -fhls -ferror-limit=0
Command       clang_tidy done; 0.35 sec.
INFO-FLOW: Running: clang-tidy CDT preprocess 39
Execute       clang_tidy xilinx-directive2pragma -desc directive2pragma /home/miguel_tfg/FINN-v0.9-Stable/notebooks/UAH_example/FINN_build/code_gen_ipgen_MatrixVectorActivation_3_1wcss7_u/project_MatrixVectorActivation_3/sol1/.autopilot/db/top_MatrixVectorActivation_3.pp.0.cpp std=c++14 -target fpga  -directive=/home/miguel_tfg/FINN-v0.9-Stable/notebooks/UAH_example/FINN_build/code_gen_ipgen_MatrixVectorActivation_3_1wcss7_u/project_MatrixVectorActivation_3/sol1/.autopilot/db/all.directive.json 
INFO-FLOW: exec /tools/Xilinx/Vitis_HLS/2022.2/lnx64/tools/clang-3.9-csynth/bin/clang-tidy -header-filter=.* --checks=-*,xilinx-directive2pragma -import-directive=/home/miguel_tfg/FINN-v0.9-Stable/notebooks/UAH_example/FINN_build/code_gen_ipgen_MatrixVectorActivation_3_1wcss7_u/project_MatrixVectorActivation_3/sol1/.autopilot/db/all.directive.json -fix-errors /home/miguel_tfg/FINN-v0.9-Stable/notebooks/UAH_example/FINN_build/code_gen_ipgen_MatrixVectorActivation_3_1wcss7_u/project_MatrixVectorActivation_3/sol1/.autopilot/db/top_MatrixVectorActivation_3.pp.0.cpp -- -std=c++14 -target fpga -fhls -ferror-limit=0
Command       clang_tidy done; 0.6 sec.
Execute       clang_tidy xilinx-remove-assert -desc remove-assert /home/miguel_tfg/FINN-v0.9-Stable/notebooks/UAH_example/FINN_build/code_gen_ipgen_MatrixVectorActivation_3_1wcss7_u/project_MatrixVectorActivation_3/sol1/.autopilot/db/top_MatrixVectorActivation_3.pp.0.cpp std=c++14 -target fpga  
INFO-FLOW: exec /tools/Xilinx/Vitis_HLS/2022.2/lnx64/tools/clang-3.9-csynth/bin/clang-tidy -header-filter=.* --checks=-*,xilinx-remove-assert -fix-errors /home/miguel_tfg/FINN-v0.9-Stable/notebooks/UAH_example/FINN_build/code_gen_ipgen_MatrixVectorActivation_3_1wcss7_u/project_MatrixVectorActivation_3/sol1/.autopilot/db/top_MatrixVectorActivation_3.pp.0.cpp -- -std=c++14 -target fpga -fhls -ferror-limit=0
Command       clang_tidy done; 0.35 sec.
INFO-FLOW: Done: clang-tidy CDT preprocess 39 time: 0.9 seconds per iteration
INFO-FLOW: Calling xilinx-label-all-loops ... 
INFO-FLOW: Calling xilinx-aggregate-on-hls-vector ... 
Execute       clang_tidy -errorcheck -desc loop-label xilinx-label-all-loops,xilinx-aggregate-on-hls-vector,,xilinx-warn-mayneed-no-ctor-attribute /home/miguel_tfg/FINN-v0.9-Stable/notebooks/UAH_example/FINN_build/code_gen_ipgen_MatrixVectorActivation_3_1wcss7_u/project_MatrixVectorActivation_3/sol1/.autopilot/db/top_MatrixVectorActivation_3.pp.0.cpp std=c++14 -target fpga  
Execute         ap_eval exec -ignorestderr /tools/Xilinx/Vitis_HLS/2022.2/lnx64/tools/clang-3.9-csynth/bin/clang-tidy -export-fixes=/home/miguel_tfg/FINN-v0.9-Stable/notebooks/UAH_example/FINN_build/code_gen_ipgen_MatrixVectorActivation_3_1wcss7_u/project_MatrixVectorActivation_3/sol1/.autopilot/db/top_MatrixVectorActivation_3.pp.0.cpp.clang-tidy.loop-label.diag.yml -header-filter=.* --checks=-*,xilinx-label-all-loops,xilinx-aggregate-on-hls-vector,,xilinx-warn-mayneed-no-ctor-attribute -fix-errors /home/miguel_tfg/FINN-v0.9-Stable/notebooks/UAH_example/FINN_build/code_gen_ipgen_MatrixVectorActivation_3_1wcss7_u/project_MatrixVectorActivation_3/sol1/.autopilot/db/top_MatrixVectorActivation_3.pp.0.cpp -- -std=c++14 -target fpga -fhls -ferror-limit=0 > /home/miguel_tfg/FINN-v0.9-Stable/notebooks/UAH_example/FINN_build/code_gen_ipgen_MatrixVectorActivation_3_1wcss7_u/project_MatrixVectorActivation_3/sol1/.autopilot/db/top_MatrixVectorActivation_3.pp.0.cpp.clang-tidy.loop-label.out.log 2> /home/miguel_tfg/FINN-v0.9-Stable/notebooks/UAH_example/FINN_build/code_gen_ipgen_MatrixVectorActivation_3_1wcss7_u/project_MatrixVectorActivation_3/sol1/.autopilot/db/top_MatrixVectorActivation_3.pp.0.cpp.clang-tidy.loop-label.err.log 
Command         ap_eval done; 1.42 sec.
Execute         source /tools/Xilinx/Vitis_HLS/2022.2/tps/tcl/tcllib1.11.1/yaml/yaml.tcl 
Command       clang_tidy done; 1.79 sec.
Execute       ap_eval exec -ignorestderr /tools/Xilinx/Vitis_HLS/2022.2/lnx64/tools/clang-3.9-csynth/bin/xilinx-dataflow-lawyer -export-fixes=/home/miguel_tfg/FINN-v0.9-Stable/notebooks/UAH_example/FINN_build/code_gen_ipgen_MatrixVectorActivation_3_1wcss7_u/project_MatrixVectorActivation_3/sol1/.autopilot/db/top_MatrixVectorActivation_3.pp.0.cpp.xilinx-dataflow-lawyer.diag.yml /home/miguel_tfg/FINN-v0.9-Stable/notebooks/UAH_example/FINN_build/code_gen_ipgen_MatrixVectorActivation_3_1wcss7_u/project_MatrixVectorActivation_3/sol1/.autopilot/db/top_MatrixVectorActivation_3.pp.0.cpp -- -std=c++14 -target fpga -fhls -ferror-limit=0 -fstrict-dataflow > /home/miguel_tfg/FINN-v0.9-Stable/notebooks/UAH_example/FINN_build/code_gen_ipgen_MatrixVectorActivation_3_1wcss7_u/project_MatrixVectorActivation_3/sol1/.autopilot/db/top_MatrixVectorActivation_3.pp.0.cpp.xilinx-dataflow-lawyer.out.log 2> /home/miguel_tfg/FINN-v0.9-Stable/notebooks/UAH_example/FINN_build/code_gen_ipgen_MatrixVectorActivation_3_1wcss7_u/project_MatrixVectorActivation_3/sol1/.autopilot/db/top_MatrixVectorActivation_3.pp.0.cpp.xilinx-dataflow-lawyer.err.log 
Command       ap_eval done; 0.35 sec.
Execute       ap_part_info -name xc7z020-clg400-1 -data info 
INFO-FLOW: compiling source code to llvm bc
Execute       ap_eval exec -ignorestderr /tools/Xilinx/Vitis_HLS/2022.2/lnx64/tools/clang-3.9-csynth/bin/clang -foptimization-record-file=/home/miguel_tfg/FINN-v0.9-Stable/notebooks/UAH_example/FINN_build/code_gen_ipgen_MatrixVectorActivation_3_1wcss7_u/project_MatrixVectorActivation_3/sol1/.autopilot/db/top_MatrixVectorActivation_3.pp.0.cpp.clang.diag.yml -mllvm -pass-remarks-missed=reflow|pasta|unroll -mllvm -pass-remarks=reflow|pasta|unroll|inline -fno-limit-debug-info -fhls -flto -fno-exceptions -Wno-error=c++11-narrowing /home/miguel_tfg/FINN-v0.9-Stable/notebooks/UAH_example/FINN_build/code_gen_ipgen_MatrixVectorActivation_3_1wcss7_u/project_MatrixVectorActivation_3/sol1/.autopilot/db/top_MatrixVectorActivation_3.pp.0.cpp -std=c++14 -I/home/miguel_tfg/FINN-v0.9-Stable/deps/finn-hlslib -I/home/miguel_tfg/FINN-v0.9-Stable/custom_hls -fno-math-errno -c -emit-llvm -mllvm -disable-llvm-optzns -Werror=implicit-function-declaration -Werror=implicit-hls-streams -Werror=return-type -Wpragmas -Wunused-parameter -Wdump-hls-pragmas -Wno-error=dump-hls-pragmas -fno-threadsafe-statics -fno-use-cxa-atexit -target fpga64-xilinx-linux-gnu -D__VITIS_HLS__ -DAESL_SYN -D__SYNTHESIS__ -D__HLS_SYN__ -I /tools/Xilinx/Vitis_HLS/2022.2/common/technology/autopilot -I /tools/Xilinx/Vitis_HLS/2022.2/common/technology/autopilot/ap_sysc -include etc/autopilot_ssdm_op.h -D__DSP48E1__ -g -o /home/miguel_tfg/FINN-v0.9-Stable/notebooks/UAH_example/FINN_build/code_gen_ipgen_MatrixVectorActivation_3_1wcss7_u/project_MatrixVectorActivation_3/sol1/.autopilot/db/top_MatrixVectorActivation_3.bc -hls-platform-db-name=/tools/Xilinx/Vitis_HLS/2022.2/common/technology/xilinx/common/platform.db -hls-platform-name=zynq_slow -device-resource-info=BRAM_280.000000_DSP_220.000000_FF_106400.000000_LUT_53200.000000_SLICE_13300.000000_URAM_0.000000 -device-name-info=xc7z020clg400-1 > /home/miguel_tfg/FINN-v0.9-Stable/notebooks/UAH_example/FINN_build/code_gen_ipgen_MatrixVectorActivation_3_1wcss7_u/project_MatrixVectorActivation_3/sol1/.autopilot/db/top_MatrixVectorActivation_3.pp.0.cpp.clang.out.log 2> /home/miguel_tfg/FINN-v0.9-Stable/notebooks/UAH_example/FINN_build/code_gen_ipgen_MatrixVectorActivation_3_1wcss7_u/project_MatrixVectorActivation_3/sol1/.autopilot/db/top_MatrixVectorActivation_3.pp.0.cpp.clang.err.log 
Command       ap_eval done; 0.41 sec.
INFO: [HLS 200-111] Finished Source Code Analysis and Preprocessing: CPU user time: 4.13 seconds. CPU system time: 0.44 seconds. Elapsed time: 4.57 seconds; current allocated memory: 1.477 GB.
INFO-FLOW: Linking Debug ...
INFO-FLOW: Linking dut bc code.
Execute       run_link_or_opt -out /home/miguel_tfg/FINN-v0.9-Stable/notebooks/UAH_example/FINN_build/code_gen_ipgen_MatrixVectorActivation_3_1wcss7_u/project_MatrixVectorActivation_3/sol1/.autopilot/db/a.g.ld.0.bc -args  "/home/miguel_tfg/FINN-v0.9-Stable/notebooks/UAH_example/FINN_build/code_gen_ipgen_MatrixVectorActivation_3_1wcss7_u/project_MatrixVectorActivation_3/sol1/.autopilot/db/top_MatrixVectorActivation_3.g.bc"  
Execute         ap_eval exec -ignorestderr /tools/Xilinx/Vitis_HLS/2022.2/lnx64/tools/clang-3.9-csynth/bin/llvm-link /home/miguel_tfg/FINN-v0.9-Stable/notebooks/UAH_example/FINN_build/code_gen_ipgen_MatrixVectorActivation_3_1wcss7_u/project_MatrixVectorActivation_3/sol1/.autopilot/db/top_MatrixVectorActivation_3.g.bc -o /home/miguel_tfg/FINN-v0.9-Stable/notebooks/UAH_example/FINN_build/code_gen_ipgen_MatrixVectorActivation_3_1wcss7_u/project_MatrixVectorActivation_3/sol1/.autopilot/db/a.g.ld.0.bc > /home/miguel_tfg/FINN-v0.9-Stable/notebooks/UAH_example/FINN_build/code_gen_ipgen_MatrixVectorActivation_3_1wcss7_u/project_MatrixVectorActivation_3/sol1/.autopilot/db/a.g.ld.0.bc.llvm-link.out.log 2> /home/miguel_tfg/FINN-v0.9-Stable/notebooks/UAH_example/FINN_build/code_gen_ipgen_MatrixVectorActivation_3_1wcss7_u/project_MatrixVectorActivation_3/sol1/.autopilot/db/a.g.ld.0.bc.llvm-link.err.log 
INFO-FLOW: 
Execute       run_link_or_opt -opt -out /home/miguel_tfg/FINN-v0.9-Stable/notebooks/UAH_example/FINN_build/code_gen_ipgen_MatrixVectorActivation_3_1wcss7_u/project_MatrixVectorActivation_3/sol1/.autopilot/db/a.g.ld.1.lower.bc -args /home/miguel_tfg/FINN-v0.9-Stable/notebooks/UAH_example/FINN_build/code_gen_ipgen_MatrixVectorActivation_3_1wcss7_u/project_MatrixVectorActivation_3/sol1/.autopilot/db/a.g.ld.0.bc -reflow-lower-math-intrinsics 
Execute         ap_eval exec -ignorestderr /tools/Xilinx/Vitis_HLS/2022.2/lnx64/tools/clang-3.9-csynth/bin/opt -pass-remarks-missed=reflow|pasta|unroll -pass-remarks=reflow|pasta|unroll|inline -pass-remarks-output=/home/miguel_tfg/FINN-v0.9-Stable/notebooks/UAH_example/FINN_build/code_gen_ipgen_MatrixVectorActivation_3_1wcss7_u/project_MatrixVectorActivation_3/sol1/.autopilot/db/a.g.ld.1.lower.bc.opt.diag.yml /home/miguel_tfg/FINN-v0.9-Stable/notebooks/UAH_example/FINN_build/code_gen_ipgen_MatrixVectorActivation_3_1wcss7_u/project_MatrixVectorActivation_3/sol1/.autopilot/db/a.g.ld.0.bc -reflow-lower-math-intrinsics -o /home/miguel_tfg/FINN-v0.9-Stable/notebooks/UAH_example/FINN_build/code_gen_ipgen_MatrixVectorActivation_3_1wcss7_u/project_MatrixVectorActivation_3/sol1/.autopilot/db/a.g.ld.1.lower.bc > /home/miguel_tfg/FINN-v0.9-Stable/notebooks/UAH_example/FINN_build/code_gen_ipgen_MatrixVectorActivation_3_1wcss7_u/project_MatrixVectorActivation_3/sol1/.autopilot/db/a.g.ld.1.lower.bc.opt.out.log 2> /home/miguel_tfg/FINN-v0.9-Stable/notebooks/UAH_example/FINN_build/code_gen_ipgen_MatrixVectorActivation_3_1wcss7_u/project_MatrixVectorActivation_3/sol1/.autopilot/db/a.g.ld.1.lower.bc.opt.err.log 
INFO-FLOW: 
INFO-FLOW: Linking math bc lib
Execute       run_link_or_opt -out /home/miguel_tfg/FINN-v0.9-Stable/notebooks/UAH_example/FINN_build/code_gen_ipgen_MatrixVectorActivation_3_1wcss7_u/project_MatrixVectorActivation_3/sol1/.autopilot/db/a.g.ld.2.m1.bc -args /home/miguel_tfg/FINN-v0.9-Stable/notebooks/UAH_example/FINN_build/code_gen_ipgen_MatrixVectorActivation_3_1wcss7_u/project_MatrixVectorActivation_3/sol1/.autopilot/db/a.g.ld.1.lower.bc -only-needed /tools/Xilinx/Vitis_HLS/2022.2/lnx64/lib/libhlsm_39.bc /tools/Xilinx/Vitis_HLS/2022.2/lnx64/lib/libhlsmc++_39.bc 
Execute         ap_eval exec -ignorestderr /tools/Xilinx/Vitis_HLS/2022.2/lnx64/tools/clang-3.9-csynth/bin/llvm-link /home/miguel_tfg/FINN-v0.9-Stable/notebooks/UAH_example/FINN_build/code_gen_ipgen_MatrixVectorActivation_3_1wcss7_u/project_MatrixVectorActivation_3/sol1/.autopilot/db/a.g.ld.1.lower.bc -only-needed /tools/Xilinx/Vitis_HLS/2022.2/lnx64/lib/libhlsm_39.bc /tools/Xilinx/Vitis_HLS/2022.2/lnx64/lib/libhlsmc++_39.bc -o /home/miguel_tfg/FINN-v0.9-Stable/notebooks/UAH_example/FINN_build/code_gen_ipgen_MatrixVectorActivation_3_1wcss7_u/project_MatrixVectorActivation_3/sol1/.autopilot/db/a.g.ld.2.m1.bc > /home/miguel_tfg/FINN-v0.9-Stable/notebooks/UAH_example/FINN_build/code_gen_ipgen_MatrixVectorActivation_3_1wcss7_u/project_MatrixVectorActivation_3/sol1/.autopilot/db/a.g.ld.2.m1.bc.llvm-link.out.log 2> /home/miguel_tfg/FINN-v0.9-Stable/notebooks/UAH_example/FINN_build/code_gen_ipgen_MatrixVectorActivation_3_1wcss7_u/project_MatrixVectorActivation_3/sol1/.autopilot/db/a.g.ld.2.m1.bc.llvm-link.err.log 
Command         ap_eval done; 1.33 sec.
INFO-FLOW: 
Command       run_link_or_opt done; 1.33 sec.
Execute       run_link_or_opt -opt -out /home/miguel_tfg/FINN-v0.9-Stable/notebooks/UAH_example/FINN_build/code_gen_ipgen_MatrixVectorActivation_3_1wcss7_u/project_MatrixVectorActivation_3/sol1/.autopilot/db/a.g.ld.3.fpc.bc -args /home/miguel_tfg/FINN-v0.9-Stable/notebooks/UAH_example/FINN_build/code_gen_ipgen_MatrixVectorActivation_3_1wcss7_u/project_MatrixVectorActivation_3/sol1/.autopilot/db/a.g.ld.2.m1.bc -reflow-globaldce -hls-top-function-name=MatrixVectorActivation_3 -reflow-float-conversion 
Execute         ap_eval exec -ignorestderr /tools/Xilinx/Vitis_HLS/2022.2/lnx64/tools/clang-3.9-csynth/bin/opt -pass-remarks-missed=reflow|pasta|unroll -pass-remarks=reflow|pasta|unroll|inline -pass-remarks-output=/home/miguel_tfg/FINN-v0.9-Stable/notebooks/UAH_example/FINN_build/code_gen_ipgen_MatrixVectorActivation_3_1wcss7_u/project_MatrixVectorActivation_3/sol1/.autopilot/db/a.g.ld.3.fpc.bc.opt.diag.yml /home/miguel_tfg/FINN-v0.9-Stable/notebooks/UAH_example/FINN_build/code_gen_ipgen_MatrixVectorActivation_3_1wcss7_u/project_MatrixVectorActivation_3/sol1/.autopilot/db/a.g.ld.2.m1.bc -reflow-globaldce -hls-top-function-name=MatrixVectorActivation_3 -reflow-float-conversion -o /home/miguel_tfg/FINN-v0.9-Stable/notebooks/UAH_example/FINN_build/code_gen_ipgen_MatrixVectorActivation_3_1wcss7_u/project_MatrixVectorActivation_3/sol1/.autopilot/db/a.g.ld.3.fpc.bc > /home/miguel_tfg/FINN-v0.9-Stable/notebooks/UAH_example/FINN_build/code_gen_ipgen_MatrixVectorActivation_3_1wcss7_u/project_MatrixVectorActivation_3/sol1/.autopilot/db/a.g.ld.3.fpc.bc.opt.out.log 2> /home/miguel_tfg/FINN-v0.9-Stable/notebooks/UAH_example/FINN_build/code_gen_ipgen_MatrixVectorActivation_3_1wcss7_u/project_MatrixVectorActivation_3/sol1/.autopilot/db/a.g.ld.3.fpc.bc.opt.err.log 
Command         ap_eval done; 0.5 sec.
INFO-FLOW: 
Command       run_link_or_opt done; 0.5 sec.
Execute       run_link_or_opt -out /home/miguel_tfg/FINN-v0.9-Stable/notebooks/UAH_example/FINN_build/code_gen_ipgen_MatrixVectorActivation_3_1wcss7_u/project_MatrixVectorActivation_3/sol1/.autopilot/db/a.g.ld.4.m2.bc -args /home/miguel_tfg/FINN-v0.9-Stable/notebooks/UAH_example/FINN_build/code_gen_ipgen_MatrixVectorActivation_3_1wcss7_u/project_MatrixVectorActivation_3/sol1/.autopilot/db/a.g.ld.3.fpc.bc -only-needed /tools/Xilinx/Vitis_HLS/2022.2/lnx64/lib/libfloatconversion_39.bc 
Execute         ap_eval exec -ignorestderr /tools/Xilinx/Vitis_HLS/2022.2/lnx64/tools/clang-3.9-csynth/bin/llvm-link /home/miguel_tfg/FINN-v0.9-Stable/notebooks/UAH_example/FINN_build/code_gen_ipgen_MatrixVectorActivation_3_1wcss7_u/project_MatrixVectorActivation_3/sol1/.autopilot/db/a.g.ld.3.fpc.bc -only-needed /tools/Xilinx/Vitis_HLS/2022.2/lnx64/lib/libfloatconversion_39.bc -o /home/miguel_tfg/FINN-v0.9-Stable/notebooks/UAH_example/FINN_build/code_gen_ipgen_MatrixVectorActivation_3_1wcss7_u/project_MatrixVectorActivation_3/sol1/.autopilot/db/a.g.ld.4.m2.bc > /home/miguel_tfg/FINN-v0.9-Stable/notebooks/UAH_example/FINN_build/code_gen_ipgen_MatrixVectorActivation_3_1wcss7_u/project_MatrixVectorActivation_3/sol1/.autopilot/db/a.g.ld.4.m2.bc.llvm-link.out.log 2> /home/miguel_tfg/FINN-v0.9-Stable/notebooks/UAH_example/FINN_build/code_gen_ipgen_MatrixVectorActivation_3_1wcss7_u/project_MatrixVectorActivation_3/sol1/.autopilot/db/a.g.ld.4.m2.bc.llvm-link.err.log 
INFO-FLOW: 
Execute       run_link_or_opt -opt -out /home/miguel_tfg/FINN-v0.9-Stable/notebooks/UAH_example/FINN_build/code_gen_ipgen_MatrixVectorActivation_3_1wcss7_u/project_MatrixVectorActivation_3/sol1/.autopilot/db/a.g.ld.5.gdce.bc -args /home/miguel_tfg/FINN-v0.9-Stable/notebooks/UAH_example/FINN_build/code_gen_ipgen_MatrixVectorActivation_3_1wcss7_u/project_MatrixVectorActivation_3/sol1/.autopilot/db/a.g.ld.4.m2.bc -reflow-globaldce -hls-top-function-name=MatrixVectorActivation_3 
Execute         ap_eval exec -ignorestderr /tools/Xilinx/Vitis_HLS/2022.2/lnx64/tools/clang-3.9-csynth/bin/opt -pass-remarks-missed=reflow|pasta|unroll -pass-remarks=reflow|pasta|unroll|inline -pass-remarks-output=/home/miguel_tfg/FINN-v0.9-Stable/notebooks/UAH_example/FINN_build/code_gen_ipgen_MatrixVectorActivation_3_1wcss7_u/project_MatrixVectorActivation_3/sol1/.autopilot/db/a.g.ld.5.gdce.bc.opt.diag.yml /home/miguel_tfg/FINN-v0.9-Stable/notebooks/UAH_example/FINN_build/code_gen_ipgen_MatrixVectorActivation_3_1wcss7_u/project_MatrixVectorActivation_3/sol1/.autopilot/db/a.g.ld.4.m2.bc -reflow-globaldce -hls-top-function-name=MatrixVectorActivation_3 -o /home/miguel_tfg/FINN-v0.9-Stable/notebooks/UAH_example/FINN_build/code_gen_ipgen_MatrixVectorActivation_3_1wcss7_u/project_MatrixVectorActivation_3/sol1/.autopilot/db/a.g.ld.5.gdce.bc > /home/miguel_tfg/FINN-v0.9-Stable/notebooks/UAH_example/FINN_build/code_gen_ipgen_MatrixVectorActivation_3_1wcss7_u/project_MatrixVectorActivation_3/sol1/.autopilot/db/a.g.ld.5.gdce.bc.opt.out.log 2> /home/miguel_tfg/FINN-v0.9-Stable/notebooks/UAH_example/FINN_build/code_gen_ipgen_MatrixVectorActivation_3_1wcss7_u/project_MatrixVectorActivation_3/sol1/.autopilot/db/a.g.ld.5.gdce.bc.opt.err.log 
INFO-FLOW: 
Execute       send_msg_by_id INFO @200-777@%s Vivado 
INFO: [HLS 200-777] Using interface defaults for 'Vivado' flow target.
Execute       is_m_axi_addr64 
INFO-FLOW: Doing LTO.
Execute       ap_eval exec -ignorestderr /tools/Xilinx/Vitis_HLS/2022.2/lnx64/tools/clang-3.9-csynth/bin/clang -foptimization-record-file=/home/miguel_tfg/FINN-v0.9-Stable/notebooks/UAH_example/FINN_build/code_gen_ipgen_MatrixVectorActivation_3_1wcss7_u/project_MatrixVectorActivation_3/sol1/.autopilot/db/a.g.ld.0.bc.clang.diag.yml -mllvm -pass-remarks-missed=reflow|pasta|unroll -mllvm -pass-remarks=reflow|pasta|unroll|inline -fhls -mllvm -hls-top-function-name=MatrixVectorActivation_3 -mllvm -hls-db-dir -mllvm /home/miguel_tfg/FINN-v0.9-Stable/notebooks/UAH_example/FINN_build/code_gen_ipgen_MatrixVectorActivation_3_1wcss7_u/project_MatrixVectorActivation_3/sol1/.autopilot/db -emit-llvm -c -target fpga64-xilinx-none -mllvm -xcl-xmlinfo=/home/miguel_tfg/FINN-v0.9-Stable/notebooks/UAH_example/FINN_build/code_gen_ipgen_MatrixVectorActivation_3_1wcss7_u/project_MatrixVectorActivation_3/sol1/.autopilot/db/kernel.internal.xml -mllvm -top-io-mapping-info=/home/miguel_tfg/FINN-v0.9-Stable/notebooks/UAH_example/FINN_build/code_gen_ipgen_MatrixVectorActivation_3_1wcss7_u/project_MatrixVectorActivation_3/sol1/.autopilot/db/top-io-fe.xml -mllvm -hls-bitcode-version=3.1 -mllvm -reflow-enable-slave-interface-default-setting=true -mllvm -gen-kernel-xml=false -mllvm -default-maxi-offset=slave -mllvm -maxi-latency=0 -mllvm -hls-maxi-data-size-in-bits=8 -mllvm -hls-maxi-max-data-size-in-bits=1024 -mllvm -hls-max-widen-size-in-bits=0 -mllvm -xcl-kernel-max-mem-ports=0 -mllvm -maxi-read-trans=16 -mllvm -maxi-write-trans=16 -mllvm -maxi-read-burst-len=16 -mllvm -maxi-write-burst-len=16 -mllvm -reflow-enable-saxi-64bits=0 -mllvm -reflow-basic-block-instr-threshold=200000 -mllvm -reflow-auto-pipeline-threshold=64 -mllvm -reflow-enable-maxi-auto-id-channel=0 -mllvm -assume-maxi-align=1 -mllvm -reflow-pipeline-style-llvm-setting=1 -mllvm -reflow-enable-dataflow-strict-mode-checking=1 -mllvm -reflow-auto-array-partition-mode=default -mllvm -reflow-enable-auto-array-partition=true -mllvm -reflow-enable-auto-parallel-performance-driven=true -mllvm -reflow-enable-partition-for-automation=true -mllvm -reflow-aggregate-bitwidth-threshold=4096 -mllvm -reflow-assume-no-address-wrap=true -mllvm -hls -mllvm -disable-inlined-alloca-merging=true -mllvm -default-clock-period=10 -x ir /home/miguel_tfg/FINN-v0.9-Stable/notebooks/UAH_example/FINN_build/code_gen_ipgen_MatrixVectorActivation_3_1wcss7_u/project_MatrixVectorActivation_3/sol1/.autopilot/db/a.g.ld.5.gdce.bc -o /home/miguel_tfg/FINN-v0.9-Stable/notebooks/UAH_example/FINN_build/code_gen_ipgen_MatrixVectorActivation_3_1wcss7_u/project_MatrixVectorActivation_3/sol1/.autopilot/db/a.g.lto.bc -hls-platform-db-name=/tools/Xilinx/Vitis_HLS/2022.2/common/technology/xilinx/common/platform.db -hls-platform-name=zynq_slow -device-resource-info=BRAM_280.000000_DSP_220.000000_FF_106400.000000_LUT_53200.000000_SLICE_13300.000000_URAM_0.000000 -device-name-info=xc7z020clg400-1 > /home/miguel_tfg/FINN-v0.9-Stable/notebooks/UAH_example/FINN_build/code_gen_ipgen_MatrixVectorActivation_3_1wcss7_u/project_MatrixVectorActivation_3/sol1/.autopilot/db/a.g.ld.0.bc.clang.out.log 2> /home/miguel_tfg/FINN-v0.9-Stable/notebooks/UAH_example/FINN_build/code_gen_ipgen_MatrixVectorActivation_3_1wcss7_u/project_MatrixVectorActivation_3/sol1/.autopilot/db/a.g.ld.0.bc.clang.err.log 
Command       ap_eval done; 0.84 sec.
INFO: [HLS 214-131] Inlining function 'Slice<ap_uint<4>, 4u>::Container<ap_uint<4> >::Container(ap_uint<4> const&)' into 'Slice<ap_uint<4>, 4u>::Container<ap_uint<4> > Slice<ap_uint<4>, 4u>::operator()<ap_uint<4> >(ap_uint<4> const&, unsigned int) const' (/home/miguel_tfg/FINN-v0.9-Stable/deps/finn-hlslib/interpret.hpp:243:9)
INFO: [HLS 214-131] Inlining function 'Slice<ap_uint<4>, 4u>::Container<ap_uint<4> >::operator()(unsigned int, unsigned int) const' into 'ap_int<12> mac<1u, ap_int<12>, std::array<ap_int<4>, 1ul>, Slice<ap_uint<4>, 4u>::Container<ap_uint<4> >, ap_resource_lut>(ap_int<12> const&, std::array<ap_int<4>, 1ul> const&, Slice<ap_uint<4>, 4u>::Container<ap_uint<4> > const&, ap_resource_lut const&, unsigned int)' (/home/miguel_tfg/FINN-v0.9-Stable/deps/finn-hlslib/mac.hpp:169:19)
INFO: [HLS 214-131] Inlining function 'decltype((fp) * (fp0)) mul<ap_int<4>, ap_uint<4> >(ap_int<4> const&, ap_uint<4> const&, ap_resource_lut const&)' into 'ap_int<12> mac<1u, ap_int<12>, std::array<ap_int<4>, 1ul>, Slice<ap_uint<4>, 4u>::Container<ap_uint<4> >, ap_resource_lut>(ap_int<12> const&, std::array<ap_int<4>, 1ul> const&, Slice<ap_uint<4>, 4u>::Container<ap_uint<4> > const&, ap_resource_lut const&, unsigned int)' (/home/miguel_tfg/FINN-v0.9-Stable/deps/finn-hlslib/mac.hpp:169:9)
INFO: [HLS 214-131] Inlining function 'Slice<ap_int<8>, 8u>::Container<ap_uint<8> >::operator ap_uint<8> const&() const' into 'void Matrix_Vector_Activate_Stream_Batch<16u, 2u, 1u, 1u, Slice<ap_uint<4>, 4u>, Slice<ap_int<8>, 8u>, Identity, ap_int<4>, ap_uint<4>, ap_uint<8>, ThresholdsActivation<2u, 1u, 255u, ap_int<12>, ap_int<8>, -128, comp::less_equal<ap_int<12>, ap_int<12> > >, ap_resource_lut>(hls::stream<ap_uint<4>, 0>&, hls::stream<ap_uint<8>, 0>&, hls::stream<ap_uint<((1u) * (1u)) * (ap_int<4>::width)>, 0>&, ThresholdsActivation<2u, 1u, 255u, ap_int<12>, ap_int<8>, -128, comp::less_equal<ap_int<12>, ap_int<12> > > const&, int, ap_resource_lut const&)' (/home/miguel_tfg/FINN-v0.9-Stable/deps/finn-hlslib/mvau.hpp:298:17)
INFO: [HLS 214-131] Inlining function 'Slice<ap_int<8>, 8u>::Container<ap_uint<8> >::operator()(unsigned int, unsigned int, bool) const' into 'void Matrix_Vector_Activate_Stream_Batch<16u, 2u, 1u, 1u, Slice<ap_uint<4>, 4u>, Slice<ap_int<8>, 8u>, Identity, ap_int<4>, ap_uint<4>, ap_uint<8>, ThresholdsActivation<2u, 1u, 255u, ap_int<12>, ap_int<8>, -128, comp::less_equal<ap_int<12>, ap_int<12> > >, ap_resource_lut>(hls::stream<ap_uint<4>, 0>&, hls::stream<ap_uint<8>, 0>&, hls::stream<ap_uint<((1u) * (1u)) * (ap_int<4>::width)>, 0>&, ThresholdsActivation<2u, 1u, 255u, ap_int<12>, ap_int<8>, -128, comp::less_equal<ap_int<12>, ap_int<12> > > const&, int, ap_resource_lut const&)' (/home/miguel_tfg/FINN-v0.9-Stable/deps/finn-hlslib/mvau.hpp:295:2)
INFO: [HLS 214-131] Inlining function 'ThresholdsActivation<2u, 1u, 255u, ap_int<12>, ap_int<8>, -128, comp::less_equal<ap_int<12>, ap_int<12> > >::activate(unsigned int, unsigned int, ap_int<12> const&) const' into 'void Matrix_Vector_Activate_Stream_Batch<16u, 2u, 1u, 1u, Slice<ap_uint<4>, 4u>, Slice<ap_int<8>, 8u>, Identity, ap_int<4>, ap_uint<4>, ap_uint<8>, ThresholdsActivation<2u, 1u, 255u, ap_int<12>, ap_int<8>, -128, comp::less_equal<ap_int<12>, ap_int<12> > >, ap_resource_lut>(hls::stream<ap_uint<4>, 0>&, hls::stream<ap_uint<8>, 0>&, hls::stream<ap_uint<((1u) * (1u)) * (ap_int<4>::width)>, 0>&, ThresholdsActivation<2u, 1u, 255u, ap_int<12>, ap_int<8>, -128, comp::less_equal<ap_int<12>, ap_int<12> > > const&, int, ap_resource_lut const&)' (/home/miguel_tfg/FINN-v0.9-Stable/deps/finn-hlslib/mvau.hpp:295:31)
INFO: [HLS 214-131] Inlining function 'ap_int<12> mac<1u, ap_int<12>, std::array<ap_int<4>, 1ul>, Slice<ap_uint<4>, 4u>::Container<ap_uint<4> >, ap_resource_lut>(ap_int<12> const&, std::array<ap_int<4>, 1ul> const&, Slice<ap_uint<4>, 4u>::Container<ap_uint<4> > const&, ap_resource_lut const&, unsigned int)' into 'void Matrix_Vector_Activate_Stream_Batch<16u, 2u, 1u, 1u, Slice<ap_uint<4>, 4u>, Slice<ap_int<8>, 8u>, Identity, ap_int<4>, ap_uint<4>, ap_uint<8>, ThresholdsActivation<2u, 1u, 255u, ap_int<12>, ap_int<8>, -128, comp::less_equal<ap_int<12>, ap_int<12> > >, ap_resource_lut>(hls::stream<ap_uint<4>, 0>&, hls::stream<ap_uint<8>, 0>&, hls::stream<ap_uint<((1u) * (1u)) * (ap_int<4>::width)>, 0>&, ThresholdsActivation<2u, 1u, 255u, ap_int<12>, ap_int<8>, -128, comp::less_equal<ap_int<12>, ap_int<12> > > const&, int, ap_resource_lut const&)' (/home/miguel_tfg/FINN-v0.9-Stable/deps/finn-hlslib/mvau.hpp:285:21)
INFO: [HLS 214-131] Inlining function 'std::array<ap_int<4>, 1ul> const& Identity::operator()<std::array<ap_int<4>, 1ul> >(std::array<ap_int<4>, 1ul> const&) const' into 'void Matrix_Vector_Activate_Stream_Batch<16u, 2u, 1u, 1u, Slice<ap_uint<4>, 4u>, Slice<ap_int<8>, 8u>, Identity, ap_int<4>, ap_uint<4>, ap_uint<8>, ThresholdsActivation<2u, 1u, 255u, ap_int<12>, ap_int<8>, -128, comp::less_equal<ap_int<12>, ap_int<12> > >, ap_resource_lut>(hls::stream<ap_uint<4>, 0>&, hls::stream<ap_uint<8>, 0>&, hls::stream<ap_uint<((1u) * (1u)) * (ap_int<4>::width)>, 0>&, ThresholdsActivation<2u, 1u, 255u, ap_int<12>, ap_int<8>, -128, comp::less_equal<ap_int<12>, ap_int<12> > > const&, int, ap_resource_lut const&)' (/home/miguel_tfg/FINN-v0.9-Stable/deps/finn-hlslib/mvau.hpp:283:24)
INFO: [HLS 214-131] Inlining function 'Weights_Tile<1u, ap_int<4>, 1u>::operator[](unsigned int) const' into 'void Matrix_Vector_Activate_Stream_Batch<16u, 2u, 1u, 1u, Slice<ap_uint<4>, 4u>, Slice<ap_int<8>, 8u>, Identity, ap_int<4>, ap_uint<4>, ap_uint<8>, ThresholdsActivation<2u, 1u, 255u, ap_int<12>, ap_int<8>, -128, comp::less_equal<ap_int<12>, ap_int<12> > >, ap_resource_lut>(hls::stream<ap_uint<4>, 0>&, hls::stream<ap_uint<8>, 0>&, hls::stream<ap_uint<((1u) * (1u)) * (ap_int<4>::width)>, 0>&, ThresholdsActivation<2u, 1u, 255u, ap_int<12>, ap_int<8>, -128, comp::less_equal<ap_int<12>, ap_int<12> > > const&, int, ap_resource_lut const&)' (/home/miguel_tfg/FINN-v0.9-Stable/deps/finn-hlslib/mvau.hpp:283:35)
INFO: [HLS 214-131] Inlining function 'ThresholdsActivation<2u, 1u, 255u, ap_int<12>, ap_int<8>, -128, comp::less_equal<ap_int<12>, ap_int<12> > >::init(unsigned int, unsigned int) const' into 'void Matrix_Vector_Activate_Stream_Batch<16u, 2u, 1u, 1u, Slice<ap_uint<4>, 4u>, Slice<ap_int<8>, 8u>, Identity, ap_int<4>, ap_uint<4>, ap_uint<8>, ThresholdsActivation<2u, 1u, 255u, ap_int<12>, ap_int<8>, -128, comp::less_equal<ap_int<12>, ap_int<12> > >, ap_resource_lut>(hls::stream<ap_uint<4>, 0>&, hls::stream<ap_uint<8>, 0>&, hls::stream<ap_uint<((1u) * (1u)) * (ap_int<4>::width)>, 0>&, ThresholdsActivation<2u, 1u, 255u, ap_int<12>, ap_int<8>, -128, comp::less_equal<ap_int<12>, ap_int<12> > > const&, int, ap_resource_lut const&)' (/home/miguel_tfg/FINN-v0.9-Stable/deps/finn-hlslib/mvau.hpp:275:27)
INFO: [HLS 214-131] Inlining function 'Slice<ap_uint<4>, 4u>::Container<ap_uint<4> > Slice<ap_uint<4>, 4u>::operator()<ap_uint<4> >(ap_uint<4> const&, unsigned int) const' into 'void Matrix_Vector_Activate_Stream_Batch<16u, 2u, 1u, 1u, Slice<ap_uint<4>, 4u>, Slice<ap_int<8>, 8u>, Identity, ap_int<4>, ap_uint<4>, ap_uint<8>, ThresholdsActivation<2u, 1u, 255u, ap_int<12>, ap_int<8>, -128, comp::less_equal<ap_int<12>, ap_int<12> > >, ap_resource_lut>(hls::stream<ap_uint<4>, 0>&, hls::stream<ap_uint<8>, 0>&, hls::stream<ap_uint<((1u) * (1u)) * (ap_int<4>::width)>, 0>&, ThresholdsActivation<2u, 1u, 255u, ap_int<12>, ap_int<8>, -128, comp::less_equal<ap_int<12>, ap_int<12> > > const&, int, ap_resource_lut const&)' (/home/miguel_tfg/FINN-v0.9-Stable/deps/finn-hlslib/mvau.hpp:282:19)
WARNING: [HLS 214-191] The stream pragma on function argument, in 'call' is unsupported (/home/miguel_tfg/FINN-v0.9-Stable/notebooks/UAH_example/FINN_build/code_gen_ipgen_MatrixVectorActivation_3_1wcss7_u/top_MatrixVectorActivation_3.cpp:35:9)
INFO: [HLS 214-377] Adding 'w' into disaggregation list because there's array-partition pragma applied on the struct field (/home/miguel_tfg/FINN-v0.9-Stable/deps/finn-hlslib/mvau.hpp:238:9)
INFO: [HLS 214-377] Adding 'threshs' into disaggregation list because there's array-partition pragma applied on the struct field (/home/miguel_tfg/FINN-v0.9-Stable/notebooks/UAH_example/FINN_build/code_gen_ipgen_MatrixVectorActivation_3_1wcss7_u/top_MatrixVectorActivation_3.cpp:37:9)
INFO: [HLS 214-377] Adding 'threshs' into disaggregation list because there's array-partition pragma applied on the struct field (/home/miguel_tfg/FINN-v0.9-Stable/notebooks/UAH_example/FINN_build/code_gen_ipgen_MatrixVectorActivation_3_1wcss7_u/top_MatrixVectorActivation_3.cpp:36:9)
INFO: [HLS 214-210] Disaggregating variable 'w' (/home/miguel_tfg/FINN-v0.9-Stable/deps/finn-hlslib/mvau.hpp:237:30)
INFO: [HLS 214-210] Disaggregating variable 'threshs' (/home/miguel_tfg/FINN-v0.9-Stable/notebooks/UAH_example/FINN_build/code_gen_ipgen_MatrixVectorActivation_3_1wcss7_u/thresh.h:1:0)
INFO: [HLS 214-291] Loop 'VITIS_LOOP_266_2' is marked as complete unroll implied by the pipeline pragma (/home/miguel_tfg/FINN-v0.9-Stable/deps/finn-hlslib/mvau.hpp:266:23)
INFO: [HLS 214-291] Loop 'VITIS_LOOP_273_3' is marked as complete unroll implied by the pipeline pragma (/home/miguel_tfg/FINN-v0.9-Stable/deps/finn-hlslib/mvau.hpp:273:25)
INFO: [HLS 214-291] Loop 'VITIS_LOOP_280_4' is marked as complete unroll implied by the pipeline pragma (/home/miguel_tfg/FINN-v0.9-Stable/deps/finn-hlslib/mvau.hpp:280:23)
INFO: [HLS 214-291] Loop 'VITIS_LOOP_159_1' is marked as complete unroll implied by the pipeline pragma (/home/miguel_tfg/FINN-v0.9-Stable/deps/finn-hlslib/weights.hpp:159:23)
INFO: [HLS 214-291] Loop 'VITIS_LOOP_167_1' is marked as complete unroll implied by the pipeline pragma (/home/miguel_tfg/FINN-v0.9-Stable/deps/finn-hlslib/mac.hpp:167:21)
INFO: [HLS 214-291] Loop 'VITIS_LOOP_293_5' is marked as complete unroll implied by the pipeline pragma (/home/miguel_tfg/FINN-v0.9-Stable/deps/finn-hlslib/mvau.hpp:293:25)
INFO: [HLS 214-291] Loop 'VITIS_LOOP_216_1' is marked as complete unroll implied by the pipeline pragma (/home/miguel_tfg/FINN-v0.9-Stable/deps/finn-hlslib/activations.hpp:216:20)
INFO: [HLS 214-186] Unrolling loop 'VITIS_LOOP_266_2' (/home/miguel_tfg/FINN-v0.9-Stable/deps/finn-hlslib/mvau.hpp:266:23) in function 'Matrix_Vector_Activate_Stream_Batch<16u, 2u, 1u, 1u, Slice<ap_uint<4>, 4u>, Slice<ap_int<8>, 8u>, Identity, ap_int<4>, ap_uint<4>, ap_uint<8>, ThresholdsActivation<2u, 1u, 255u, ap_int<12>, ap_int<8>, -128, comp::less_equal<ap_int<12>, ap_int<12> > >, ap_resource_lut>' completely with a factor of 1 (/home/miguel_tfg/FINN-v0.9-Stable/deps/finn-hlslib/mvau.hpp:220:0)
INFO: [HLS 214-186] Unrolling loop 'VITIS_LOOP_273_3' (/home/miguel_tfg/FINN-v0.9-Stable/deps/finn-hlslib/mvau.hpp:273:25) in function 'Matrix_Vector_Activate_Stream_Batch<16u, 2u, 1u, 1u, Slice<ap_uint<4>, 4u>, Slice<ap_int<8>, 8u>, Identity, ap_int<4>, ap_uint<4>, ap_uint<8>, ThresholdsActivation<2u, 1u, 255u, ap_int<12>, ap_int<8>, -128, comp::less_equal<ap_int<12>, ap_int<12> > >, ap_resource_lut>' completely with a factor of 1 (/home/miguel_tfg/FINN-v0.9-Stable/deps/finn-hlslib/mvau.hpp:220:0)
INFO: [HLS 214-186] Unrolling loop 'VITIS_LOOP_280_4' (/home/miguel_tfg/FINN-v0.9-Stable/deps/finn-hlslib/mvau.hpp:280:23) in function 'Matrix_Vector_Activate_Stream_Batch<16u, 2u, 1u, 1u, Slice<ap_uint<4>, 4u>, Slice<ap_int<8>, 8u>, Identity, ap_int<4>, ap_uint<4>, ap_uint<8>, ThresholdsActivation<2u, 1u, 255u, ap_int<12>, ap_int<8>, -128, comp::less_equal<ap_int<12>, ap_int<12> > >, ap_resource_lut>' completely with a factor of 1 (/home/miguel_tfg/FINN-v0.9-Stable/deps/finn-hlslib/mvau.hpp:220:0)
INFO: [HLS 214-186] Unrolling loop 'VITIS_LOOP_167_1' (/home/miguel_tfg/FINN-v0.9-Stable/deps/finn-hlslib/mac.hpp:167:21) in function 'Matrix_Vector_Activate_Stream_Batch<16u, 2u, 1u, 1u, Slice<ap_uint<4>, 4u>, Slice<ap_int<8>, 8u>, Identity, ap_int<4>, ap_uint<4>, ap_uint<8>, ThresholdsActivation<2u, 1u, 255u, ap_int<12>, ap_int<8>, -128, comp::less_equal<ap_int<12>, ap_int<12> > >, ap_resource_lut>' completely with a factor of 1 (/home/miguel_tfg/FINN-v0.9-Stable/deps/finn-hlslib/mvau.hpp:220:0)
INFO: [HLS 214-186] Unrolling loop 'VITIS_LOOP_159_1' (/home/miguel_tfg/FINN-v0.9-Stable/deps/finn-hlslib/weights.hpp:159:23) in function 'Matrix_Vector_Activate_Stream_Batch<16u, 2u, 1u, 1u, Slice<ap_uint<4>, 4u>, Slice<ap_int<8>, 8u>, Identity, ap_int<4>, ap_uint<4>, ap_uint<8>, ThresholdsActivation<2u, 1u, 255u, ap_int<12>, ap_int<8>, -128, comp::less_equal<ap_int<12>, ap_int<12> > >, ap_resource_lut>' completely with a factor of 1 (/home/miguel_tfg/FINN-v0.9-Stable/deps/finn-hlslib/mvau.hpp:220:0)
INFO: [HLS 214-186] Unrolling loop 'VITIS_LOOP_293_5' (/home/miguel_tfg/FINN-v0.9-Stable/deps/finn-hlslib/mvau.hpp:293:25) in function 'Matrix_Vector_Activate_Stream_Batch<16u, 2u, 1u, 1u, Slice<ap_uint<4>, 4u>, Slice<ap_int<8>, 8u>, Identity, ap_int<4>, ap_uint<4>, ap_uint<8>, ThresholdsActivation<2u, 1u, 255u, ap_int<12>, ap_int<8>, -128, comp::less_equal<ap_int<12>, ap_int<12> > >, ap_resource_lut>' completely with a factor of 1 (/home/miguel_tfg/FINN-v0.9-Stable/deps/finn-hlslib/mvau.hpp:220:0)
INFO: [HLS 214-186] Unrolling loop 'VITIS_LOOP_216_1' (/home/miguel_tfg/FINN-v0.9-Stable/deps/finn-hlslib/activations.hpp:216:20) in function 'Matrix_Vector_Activate_Stream_Batch<16u, 2u, 1u, 1u, Slice<ap_uint<4>, 4u>, Slice<ap_int<8>, 8u>, Identity, ap_int<4>, ap_uint<4>, ap_uint<8>, ThresholdsActivation<2u, 1u, 255u, ap_int<12>, ap_int<8>, -128, comp::less_equal<ap_int<12>, ap_int<12> > >, ap_resource_lut>' completely with a factor of 255 (/home/miguel_tfg/FINN-v0.9-Stable/deps/finn-hlslib/mvau.hpp:220:0)
INFO: [HLS 214-178] Inlining function 'std::__array_traits<ap_int<4>, 1ul>::_S_ref(ap_int<4> const (&) [1], unsigned long)' into 'std::array<ap_int<4>, 1ul>::operator[](unsigned long)' (/tools/Xilinx/Vitis_HLS/2022.2/tps/lnx64/gcc-8.3.0/lib/gcc/x86_64-pc-linux-gnu/8.3.0/../../../../include/c++/8.3.0/array:186:0)
INFO: [HLS 214-178] Inlining function 'std::__array_traits<ap_int<4>, 1ul>::_S_ref(ap_int<4> const (&) [1], unsigned long)' into 'std::array<ap_int<4>, 1ul>::operator[](unsigned long) const' (/tools/Xilinx/Vitis_HLS/2022.2/tps/lnx64/gcc-8.3.0/lib/gcc/x86_64-pc-linux-gnu/8.3.0/../../../../include/c++/8.3.0/array:190:0)
INFO: [HLS 214-178] Inlining function 'std::array<ap_int<4>, 1ul>::operator[](unsigned long)' into 'void Matrix_Vector_Activate_Stream_Batch<16u, 2u, 1u, 1u, Slice<ap_uint<4>, 4u>, Slice<ap_int<8>, 8u>, Identity, ap_int<4>, ap_uint<4>, ap_uint<8>, ThresholdsActivation<2u, 1u, 255u, ap_int<12>, ap_int<8>, -128, comp::less_equal<ap_int<12>, ap_int<12> > >, ap_resource_lut>(hls::stream<ap_uint<4>, 0>&, hls::stream<ap_uint<8>, 0>&, hls::stream<ap_uint<((1u) * (1u)) * (ap_int<4>::width)>, 0>&, ThresholdsActivation<2u, 1u, 255u, ap_int<12>, ap_int<8>, -128, comp::less_equal<ap_int<12>, ap_int<12> > > const&, int, ap_resource_lut const&)' (/home/miguel_tfg/FINN-v0.9-Stable/deps/finn-hlslib/mvau.hpp:220:0)
INFO: [HLS 214-178] Inlining function 'std::array<ap_int<4>, 1ul>::operator[](unsigned long) const' into 'void Matrix_Vector_Activate_Stream_Batch<16u, 2u, 1u, 1u, Slice<ap_uint<4>, 4u>, Slice<ap_int<8>, 8u>, Identity, ap_int<4>, ap_uint<4>, ap_uint<8>, ThresholdsActivation<2u, 1u, 255u, ap_int<12>, ap_int<8>, -128, comp::less_equal<ap_int<12>, ap_int<12> > >, ap_resource_lut>(hls::stream<ap_uint<4>, 0>&, hls::stream<ap_uint<8>, 0>&, hls::stream<ap_uint<((1u) * (1u)) * (ap_int<4>::width)>, 0>&, ThresholdsActivation<2u, 1u, 255u, ap_int<12>, ap_int<8>, -128, comp::less_equal<ap_int<12>, ap_int<12> > > const&, int, ap_resource_lut const&)' (/home/miguel_tfg/FINN-v0.9-Stable/deps/finn-hlslib/mvau.hpp:220:0)
INFO: [HLS 214-178] Inlining function 'ap_uint<4> Caster<ap_uint<4> >::cast<4>(ap_int<4> const&)' into 'void Matrix_Vector_Activate_Stream_Batch<16u, 2u, 1u, 1u, Slice<ap_uint<4>, 4u>, Slice<ap_int<8>, 8u>, Identity, ap_int<4>, ap_uint<4>, ap_uint<8>, ThresholdsActivation<2u, 1u, 255u, ap_int<12>, ap_int<8>, -128, comp::less_equal<ap_int<12>, ap_int<12> > >, ap_resource_lut>(hls::stream<ap_uint<4>, 0>&, hls::stream<ap_uint<8>, 0>&, hls::stream<ap_uint<((1u) * (1u)) * (ap_int<4>::width)>, 0>&, ThresholdsActivation<2u, 1u, 255u, ap_int<12>, ap_int<8>, -128, comp::less_equal<ap_int<12>, ap_int<12> > > const&, int, ap_resource_lut const&)' (/home/miguel_tfg/FINN-v0.9-Stable/deps/finn-hlslib/mvau.hpp:220:0)
INFO: [HLS 214-248] Applying array_partition to '_ZL7threshs': Complete partitioning on dimension 1. Complete partitioning on dimension 3. (/home/miguel_tfg/FINN-v0.9-Stable/notebooks/UAH_example/FINN_build/code_gen_ipgen_MatrixVectorActivation_3_1wcss7_u/thresh.h:1:0)
INFO: [HLS 214-248] Applying array_partition to 'inputBuf': Complete partitioning on dimension 1. (/home/miguel_tfg/FINN-v0.9-Stable/deps/finn-hlslib/mvau.hpp:231:6)
INFO: [HLS 214-248] Applying array_partition to 'accu': Complete partitioning on dimension 1. Complete partitioning on dimension 2. (/home/miguel_tfg/FINN-v0.9-Stable/deps/finn-hlslib/mvau.hpp:234:33)
INFO: [HLS 214-364] Automatically inlining function 'comp::less_equal<ap_int<12>, ap_int<12> >::operator()(ap_int<12> const&, ap_int<12> const&) const' to improve effectiveness of pipeline pragma in function 'void Matrix_Vector_Activate_Stream_Batch<16u, 2u, 1u, 1u, Slice<ap_uint<4>, 4u>, Slice<ap_int<8>, 8u>, Identity, ap_int<4>, ap_uint<4>, ap_uint<8>, ThresholdsActivation<2u, 1u, 255u, ap_int<12>, ap_int<8>, -128, comp::less_equal<ap_int<12>, ap_int<12> > >, ap_resource_lut>(hls::stream<ap_uint<4>, 0>&, hls::stream<ap_uint<8>, 0>&, hls::stream<ap_uint<((1u) * (1u)) * (ap_int<4>::width)>, 0>&, ThresholdsActivation<2u, 1u, 255u, ap_int<12>, ap_int<8>, -128, comp::less_equal<ap_int<12>, ap_int<12> > > const&, int, ap_resource_lut const&)' (/home/miguel_tfg/FINN-v0.9-Stable/deps/finn-hlslib/activations.hpp:218:10)
INFO-FLOW: DBG:PUTS: copy_raw_kernel_xml ap_link_39: kernel.xml not generated: /home/miguel_tfg/FINN-v0.9-Stable/notebooks/UAH_example/FINN_build/code_gen_ipgen_MatrixVectorActivation_3_1wcss7_u/project_MatrixVectorActivation_3/sol1/.autopilot/db/kernel.internal.xml
INFO: [HLS 200-111] Finished Compiling Optimization and Transform: CPU user time: 3.38 seconds. CPU system time: 0.35 seconds. Elapsed time: 3.74 seconds; current allocated memory: 1.480 GB.
INFO: [HLS 200-111] Finished Checking Pragmas: CPU user time: 0 seconds. CPU system time: 0 seconds. Elapsed time: 0 seconds; current allocated memory: 1.480 GB.
Execute       opt_and_import_c a -opt_level=2 -skip_syncheck=0 -ng=0 -keep_printf=0 
Execute         cleanup_all_models 
INFO: [HLS 200-10] Starting code transformations ...
INFO-FLOW: Running Standard Transforms...
Execute         transform -hls -share-std-xform -demangle-name -inline-byval-memcpy -always-inline -promote-dbg-pointer -interface-preproc -mem2reg -scalarrepl -mem2reg -keep-read-access -instcombine -dce -promote-dbg-pointer -bitop-raise -loop-simplify -indvarspre -indvars -loop-simplify -xunroll -constprop -instcombine -simplifycfg -indvars -simplifycfg -dce -globaldce -basicaa -simplifycfg -mem2reg -globalopt -global-constprop -deadargelim -instcombine -simplifycfg -scalarrepl -instcombine -reassociate -licm -simplifycfg -loop-simplify -indvars -instcombine -simplifycfg -mem2reg -loop-simplify -indvars -instcombine -gvn -gvn -instcombine -adce -break-crit-edges -simplifycfg -loop-delete -global-array-opt -dce -dse -adce -find-syn-modules -top MatrixVectorActivation_3 -deadargelim -mem2reg -instcombine -dce -presyn-prepare -auto-rom-infer -interface-preproc -syn-check -check-rec-only -find-region -simplifycfg -func-extr -function-inline -globaldce -mem2reg -instcombine -dce -gvn -globaldce -adce -adse -constprop -instcombine -bit-constprop -instcombine -dce -simplifycfg -bitop-raise -simplifycfg -dce -loop-delete -reassociate -globalopt -global-privatize -mem2reg -dce -global-constprop -pointer-simplify -constprop -dce -auto-shift-reg-idiom -promote-dbg-pointer -norm-name /home/miguel_tfg/FINN-v0.9-Stable/notebooks/UAH_example/FINN_build/code_gen_ipgen_MatrixVectorActivation_3_1wcss7_u/project_MatrixVectorActivation_3/sol1/.autopilot/db/a.g.0.bc -o /home/miguel_tfg/FINN-v0.9-Stable/notebooks/UAH_example/FINN_build/code_gen_ipgen_MatrixVectorActivation_3_1wcss7_u/project_MatrixVectorActivation_3/sol1/.autopilot/db/a.g.1.bc -f -phase std-opt 
INFO: [HLS 200-111] Finished Standard Transforms: CPU user time: 0.1 seconds. CPU system time: 0 seconds. Elapsed time: 0.1 seconds; current allocated memory: 1.490 GB.
INFO: [HLS 200-10] Checking synthesizability ...
INFO-FLOW: Checking Synthesizability 1/2..
Execute         transform -hls -syn-check -check-rec-only -scalarrepl -norm-name -dce -mem2reg -instcombine -directive-preproc -mem2reg -dse -dce -auto-rom-infer -dce -pag -array-normalize -instcombine -dce -array-seg-normalize -instcombine -dce -data-pack -instcombine -dce -inst-simplify -array-flatten -instcombine -dce -array-burst -dce -deadargelim -promote-global-argument -simplifycfg -mem2reg -globaldce -dce -deadargelim -dce -instcombine -function-inline -globaldce -dce -doublePtrSimplify -doublePtrElim -dce -doublePtrSimplify -promote-dbg-pointer -dce -scalarrepl -dse -adse -instcombine -ptrLegalization -simplifycfg -dce -instcombine -pointer-simplify -ptrArgReplace -dce -instcombine -resolve-double-ptr -scalarrepl -norm-name -dce -mem2reg -instcombine -ptrLegalization -simplifycfg -deadargelim -instcombine -dce -inst-simplify -directive-preproc -mem2reg -dse -dce -globaldce /home/miguel_tfg/FINN-v0.9-Stable/notebooks/UAH_example/FINN_build/code_gen_ipgen_MatrixVectorActivation_3_1wcss7_u/project_MatrixVectorActivation_3/sol1/.autopilot/db/a.g.1.bc -o /home/miguel_tfg/FINN-v0.9-Stable/notebooks/UAH_example/FINN_build/code_gen_ipgen_MatrixVectorActivation_3_1wcss7_u/project_MatrixVectorActivation_3/sol1/.autopilot/db/a.g.2.prechk.bc -f 
INFO-FLOW: Checking Synthesizability 2/2..
Execute         transform -syn-check /home/miguel_tfg/FINN-v0.9-Stable/notebooks/UAH_example/FINN_build/code_gen_ipgen_MatrixVectorActivation_3_1wcss7_u/project_MatrixVectorActivation_3/sol1/.autopilot/db/a.g.2.prechk.bc -o /home/miguel_tfg/FINN-v0.9-Stable/notebooks/UAH_example/FINN_build/code_gen_ipgen_MatrixVectorActivation_3_1wcss7_u/project_MatrixVectorActivation_3/sol1/.autopilot/db/a.g.2.bc -f -phase syn-check 
INFO: [HLS 200-111] Finished Checking Synthesizability: CPU user time: 0.11 seconds. CPU system time: 0.01 seconds. Elapsed time: 0.11 seconds; current allocated memory: 1.499 GB.
INFO-FLOW: Compiler optimizing ...
INFO-FLOW: Share syncheck's 1.bc for syn flow: copy /home/miguel_tfg/FINN-v0.9-Stable/notebooks/UAH_example/FINN_build/code_gen_ipgen_MatrixVectorActivation_3_1wcss7_u/project_MatrixVectorActivation_3/sol1/.autopilot/db/a.g.1.bc to /home/miguel_tfg/FINN-v0.9-Stable/notebooks/UAH_example/FINN_build/code_gen_ipgen_MatrixVectorActivation_3_1wcss7_u/project_MatrixVectorActivation_3/sol1/.autopilot/db/a.o.1.bc
INFO-FLOW: Presyn 1...
Execute         transform -hls -tmp /home/miguel_tfg/FINN-v0.9-Stable/notebooks/UAH_example/FINN_build/code_gen_ipgen_MatrixVectorActivation_3_1wcss7_u/project_MatrixVectorActivation_3/sol1/.autopilot/db -interface-port-rename -directive-preproc -mem2reg -dse -dce -scalarrepl -norm-name -deadargelim -mem2reg -instcombine -dce -simplifycfg -auto-rom-infer -dce -resource-proc -clib-intrinsic-prepare -dce -func-buffer -dce -pag -array-normalize -func-legal -instcombine -gvn -constprop -dce -simplifycfg -mem2reg -globaldce -resolve-double-ptr -dce -deadargelim -dce -instcombine -ptrArgReplace -mem2reg -dce -array-seg-normalize -deadargelim -instcombine -dce -directive-preproc -mem2reg -dse -dce -pointer-simplify -dce -port-alignment -dce -interface-preproc -data-pack -instcombine -dce -basicaa -aggr-aa -aggrmodref-aa -aggr-aa -gvn -gvn -basicaa -aggr-aa -aggrmodref-aa -aggr-aa -dse -adse -adce -loop-simplify -indvars -instcombine -gvn -loop-simplify -mem2reg -dce -find-region -instcombine -auto-loop-pipeline -inst-simplify -interface-preproc -cfgopt -instcombine -indvars -auto-loop-unroll -loop-simplify -loop-bound -xunroll -constprop -instcombine -simplifycfg -indvars -simplifycfg -dce -globaldce -clean-region -attach-range -gvn -inst-simplify -constprop -simplifycfg -dce -pointer-simplify -dce -globalopt -constprop -dce -array-promote -scalar-auto-dep-elim -constprop -dce -ptrArgReplace -mem2reg -simplifycfg -dce -instcombine -dce -array-transform-check -array-reshape -instcombine -simplifycfg -dce -ptrArgReplace -deadargelim -mem2reg -instcombine -simplifycfg -dce -indvars -loop-simplify -loop-bound -xunroll -constprop -instcombine -simplifycfg -indvars -simplifycfg -dce -globaldce -basicaa -aggr-aa -aggrmodref-aa -aggr-aa -dse -duplicate-dataflow-processes -globaldce -instcombine -array-partition -prepare-dynamic-array-partition -instcombine -simplifycfg -dce -ptrArgReplace -global-constprop -deadargelim -mem2reg -func-legal -dce -global-constprop -deadargelim -mem2reg -simplifycfg -dce -merge-param -deadargelim -globalopt -constprop -dce -array-promote -scalar-auto-dep-elim -constprop -dce -ptrArgReplace -mem2reg -simplifycfg -dce -mem-intrinsic-preproc -dce -global-internalize -global-privatize -mem2reg -globaldce -promote-global-argument -ptrArgReplace -mem2reg -dce -globalopt -mergereturn -simplify-global-access -mem2reg -dce -pointer-simplify -dce -functionattrs -basicaa -aggr-aa -aggrmodref-aa -aggr-aa -gvn -gvn -basicaa -aggr-aa -aggrmodref-aa -aggr-aa -dse -adse -adce -dce -norm-name -basicaa -aggr-aa -aggrmodref-aa -aggr-aa -accesses-merge -function-inline -complex-op-raise -inst-simplify -globaldce -func-legal -dce -loop-bound -arraycheck -bitwidthmin2 -bitwidthmin2 -on-by-dataflow -loop-delete -instcombine -simplifycfg -globaldce -dce -gvn -deadargelim -dce -loop-simplify -clean-region -simplifycfg -propagate-stable-arguments -loop-stream -instcombine -simplifycfg -dce -globaldce -duplicate-dataflow-processes -stream-intrinsic-preproc -dce -check-ap-stream -loop-simplify -eliminate-keepreads -extract-dataflow-in-loop -loop-simplify -dce -gvn -deadargelim -dse -duplicate-dataflow-processes -check-dataflow-syntax -legalize-stream-variable -globaldce -legalize-global -extract-subproc -dce -dead-channel-elimination -canonicalize-gep -globaldce -dce -gvn -hls-dead-arg-elim -deadargelim -directive-preproc -canonicalize-dataflow -dce -globaldce -scalar-preprocessing -scalar-propagation2 -deadargelim -globaldce -mem2reg -check-dataflow-channels -function-stream -dce -globaldce -prop-fifo-spec -internal-stream-gen -canonicalize-gep -globaldce -dce -gvn -deadargelim -mergereturn -indvars -loop-simplify -instcombine -array-stream -array-seg-normalize -array-partition -func-legal -instcombine -simplifycfg -dce -bundle-memfifo-ops -deadargelim -directive-preproc -mem2reg -dse -dce -group-axi-access -licm -simplifycfg -dce -loop-delete -hls-display -norm-name /home/miguel_tfg/FINN-v0.9-Stable/notebooks/UAH_example/FINN_build/code_gen_ipgen_MatrixVectorActivation_3_1wcss7_u/project_MatrixVectorActivation_3/sol1/.autopilot/db/a.o.1.bc -o /home/miguel_tfg/FINN-v0.9-Stable/notebooks/UAH_example/FINN_build/code_gen_ipgen_MatrixVectorActivation_3_1wcss7_u/project_MatrixVectorActivation_3/sol1/.autopilot/db/a.o.1.tmp.bc -f 
INFO: [XFORM 203-102] Automatically partitioning small array '_ZL7threshs_99' completely based on array size.
INFO: [XFORM 203-102] Automatically partitioning small array '_ZL7threshs_98' completely based on array size.
INFO: [XFORM 203-102] Automatically partitioning small array '_ZL7threshs_97' completely based on array size.
INFO: [XFORM 203-102] Automatically partitioning small array '_ZL7threshs_96' completely based on array size.
INFO: [XFORM 203-102] Automatically partitioning small array '_ZL7threshs_95' completely based on array size.
INFO: [XFORM 203-102] Automatically partitioning small array '_ZL7threshs_94' completely based on array size.
INFO: [XFORM 203-102] Automatically partitioning small array '_ZL7threshs_93' completely based on array size.
INFO: [XFORM 203-102] Automatically partitioning small array '_ZL7threshs_92' completely based on array size.
INFO: [XFORM 203-102] Automatically partitioning small array '_ZL7threshs_91' completely based on array size.
INFO: [XFORM 203-102] Automatically partitioning small array '_ZL7threshs_90' completely based on array size.
INFO: [XFORM 203-102] Automatically partitioning small array '_ZL7threshs_9' completely based on array size.
INFO: [XFORM 203-102] Automatically partitioning small array '_ZL7threshs_89' completely based on array size.
INFO: [XFORM 203-102] Automatically partitioning small array '_ZL7threshs_88' completely based on array size.
INFO: [XFORM 203-102] Automatically partitioning small array '_ZL7threshs_87' completely based on array size.
INFO: [XFORM 203-102] Automatically partitioning small array '_ZL7threshs_86' completely based on array size.
INFO: [XFORM 203-102] Automatically partitioning small array '_ZL7threshs_85' completely based on array size.
INFO: [XFORM 203-102] Automatically partitioning small array '_ZL7threshs_84' completely based on array size.
INFO: [XFORM 203-102] Automatically partitioning small array '_ZL7threshs_83' completely based on array size.
INFO: [XFORM 203-102] Automatically partitioning small array '_ZL7threshs_82' completely based on array size.
INFO: [XFORM 203-102] Automatically partitioning small array '_ZL7threshs_81' completely based on array size.
INFO: [XFORM 203-102] Automatically partitioning small array '_ZL7threshs_80' completely based on array size.
INFO: [XFORM 203-102] Automatically partitioning small array '_ZL7threshs_8' completely based on array size.
INFO: [XFORM 203-102] Automatically partitioning small array '_ZL7threshs_79' completely based on array size.
INFO: [XFORM 203-102] Automatically partitioning small array '_ZL7threshs_78' completely based on array size.
INFO: [XFORM 203-102] Automatically partitioning small array '_ZL7threshs_77' completely based on array size.
INFO: [XFORM 203-102] Automatically partitioning small array '_ZL7threshs_76' completely based on array size.
INFO: [XFORM 203-102] Automatically partitioning small array '_ZL7threshs_75' completely based on array size.
INFO: [XFORM 203-102] Automatically partitioning small array '_ZL7threshs_74' completely based on array size.
INFO: [XFORM 203-102] Automatically partitioning small array '_ZL7threshs_73' completely based on array size.
INFO: [XFORM 203-102] Automatically partitioning small array '_ZL7threshs_72' completely based on array size.
INFO: [XFORM 203-102] Automatically partitioning small array '_ZL7threshs_71' completely based on array size.
INFO: [XFORM 203-102] Automatically partitioning small array '_ZL7threshs_70' completely based on array size.
INFO: [XFORM 203-102] Automatically partitioning small array '_ZL7threshs_7' completely based on array size.
INFO: [XFORM 203-102] Automatically partitioning small array '_ZL7threshs_69' completely based on array size.
INFO: [XFORM 203-102] Automatically partitioning small array '_ZL7threshs_68' completely based on array size.
INFO: [XFORM 203-102] Automatically partitioning small array '_ZL7threshs_67' completely based on array size.
INFO: [XFORM 203-102] Automatically partitioning small array '_ZL7threshs_66' completely based on array size.
INFO: [XFORM 203-102] Automatically partitioning small array '_ZL7threshs_65' completely based on array size.
INFO: [XFORM 203-102] Automatically partitioning small array '_ZL7threshs_64' completely based on array size.
INFO: [XFORM 203-102] Automatically partitioning small array '_ZL7threshs_63' completely based on array size.
INFO: [XFORM 203-102] Automatically partitioning small array '_ZL7threshs_62' completely based on array size.
INFO: [XFORM 203-102] Automatically partitioning small array '_ZL7threshs_61' completely based on array size.
INFO: [XFORM 203-102] Automatically partitioning small array '_ZL7threshs_60' completely based on array size.
INFO: [XFORM 203-102] Automatically partitioning small array '_ZL7threshs_6' completely based on array size.
INFO: [XFORM 203-102] Automatically partitioning small array '_ZL7threshs_59' completely based on array size.
INFO: [XFORM 203-102] Automatically partitioning small array '_ZL7threshs_58' completely based on array size.
INFO: [XFORM 203-102] Automatically partitioning small array '_ZL7threshs_57' completely based on array size.
INFO: [XFORM 203-102] Automatically partitioning small array '_ZL7threshs_56' completely based on array size.
INFO: [XFORM 203-102] Automatically partitioning small array '_ZL7threshs_55' completely based on array size.
INFO: [XFORM 203-102] Automatically partitioning small array '_ZL7threshs_54' completely based on array size.
INFO: [XFORM 203-102] Automatically partitioning small array '_ZL7threshs_53' completely based on array size.
INFO: [XFORM 203-102] Automatically partitioning small array '_ZL7threshs_52' completely based on array size.
INFO: [XFORM 203-102] Automatically partitioning small array '_ZL7threshs_51' completely based on array size.
INFO: [XFORM 203-102] Automatically partitioning small array '_ZL7threshs_50' completely based on array size.
INFO: [XFORM 203-102] Automatically partitioning small array '_ZL7threshs_5' completely based on array size.
INFO: [XFORM 203-102] Automatically partitioning small array '_ZL7threshs_49' completely based on array size.
INFO: [XFORM 203-102] Automatically partitioning small array '_ZL7threshs_48' completely based on array size.
INFO: [XFORM 203-102] Automatically partitioning small array '_ZL7threshs_47' completely based on array size.
INFO: [XFORM 203-102] Automatically partitioning small array '_ZL7threshs_46' completely based on array size.
INFO: [XFORM 203-102] Automatically partitioning small array '_ZL7threshs_45' completely based on array size.
INFO: [XFORM 203-102] Automatically partitioning small array '_ZL7threshs_44' completely based on array size.
INFO: [XFORM 203-102] Automatically partitioning small array '_ZL7threshs_43' completely based on array size.
INFO: [XFORM 203-102] Automatically partitioning small array '_ZL7threshs_42' completely based on array size.
INFO: [XFORM 203-102] Automatically partitioning small array '_ZL7threshs_41' completely based on array size.
INFO: [XFORM 203-102] Automatically partitioning small array '_ZL7threshs_40' completely based on array size.
INFO: [XFORM 203-102] Automatically partitioning small array '_ZL7threshs_4' completely based on array size.
INFO: [XFORM 203-102] Automatically partitioning small array '_ZL7threshs_39' completely based on array size.
INFO: [XFORM 203-102] Automatically partitioning small array '_ZL7threshs_38' completely based on array size.
INFO: [XFORM 203-102] Automatically partitioning small array '_ZL7threshs_37' completely based on array size.
INFO: [XFORM 203-102] Automatically partitioning small array '_ZL7threshs_36' completely based on array size.
INFO: [XFORM 203-102] Automatically partitioning small array '_ZL7threshs_35' completely based on array size.
INFO: [XFORM 203-102] Automatically partitioning small array '_ZL7threshs_34' completely based on array size.
INFO: [XFORM 203-102] Automatically partitioning small array '_ZL7threshs_33' completely based on array size.
INFO: [XFORM 203-102] Automatically partitioning small array '_ZL7threshs_32' completely based on array size.
INFO: [XFORM 203-102] Automatically partitioning small array '_ZL7threshs_31' completely based on array size.
INFO: [XFORM 203-102] Automatically partitioning small array '_ZL7threshs_30' completely based on array size.
INFO: [XFORM 203-102] Automatically partitioning small array '_ZL7threshs_3' completely based on array size.
INFO: [XFORM 203-102] Automatically partitioning small array '_ZL7threshs_29' completely based on array size.
INFO: [XFORM 203-102] Automatically partitioning small array '_ZL7threshs_28' completely based on array size.
INFO: [XFORM 203-102] Automatically partitioning small array '_ZL7threshs_27' completely based on array size.
INFO: [XFORM 203-102] Automatically partitioning small array '_ZL7threshs_26' completely based on array size.
INFO: [XFORM 203-102] Automatically partitioning small array '_ZL7threshs_254' completely based on array size.
INFO: [XFORM 203-102] Automatically partitioning small array '_ZL7threshs_253' completely based on array size.
INFO: [XFORM 203-102] Automatically partitioning small array '_ZL7threshs_252' completely based on array size.
INFO: [XFORM 203-102] Automatically partitioning small array '_ZL7threshs_251' completely based on array size.
INFO: [XFORM 203-102] Automatically partitioning small array '_ZL7threshs_250' completely based on array size.
INFO: [XFORM 203-102] Automatically partitioning small array '_ZL7threshs_25' completely based on array size.
INFO: [XFORM 203-102] Automatically partitioning small array '_ZL7threshs_249' completely based on array size.
INFO: [XFORM 203-102] Automatically partitioning small array '_ZL7threshs_248' completely based on array size.
INFO: [XFORM 203-102] Automatically partitioning small array '_ZL7threshs_247' completely based on array size.
INFO: [XFORM 203-102] Automatically partitioning small array '_ZL7threshs_246' completely based on array size.
INFO: [XFORM 203-102] Automatically partitioning small array '_ZL7threshs_245' completely based on array size.
INFO: [XFORM 203-102] Automatically partitioning small array '_ZL7threshs_244' completely based on array size.
INFO: [XFORM 203-102] Automatically partitioning small array '_ZL7threshs_243' completely based on array size.
INFO: [XFORM 203-102] Automatically partitioning small array '_ZL7threshs_242' completely based on array size.
INFO: [XFORM 203-102] Automatically partitioning small array '_ZL7threshs_241' completely based on array size.
INFO: [XFORM 203-102] Automatically partitioning small array '_ZL7threshs_240' completely based on array size.
INFO: [XFORM 203-102] Automatically partitioning small array '_ZL7threshs_24' completely based on array size.
INFO: [XFORM 203-102] Automatically partitioning small array '_ZL7threshs_239' completely based on array size.
INFO: [XFORM 203-102] Automatically partitioning small array '_ZL7threshs_238' completely based on array size.
INFO: [XFORM 203-102] Automatically partitioning small array '_ZL7threshs_237' completely based on array size.
INFO: [XFORM 203-102] Automatically partitioning small array '_ZL7threshs_236' completely based on array size.
INFO: [XFORM 203-102] Automatically partitioning small array '_ZL7threshs_235' completely based on array size.
INFO: [XFORM 203-102] Automatically partitioning small array '_ZL7threshs_234' completely based on array size.
INFO: [XFORM 203-102] Automatically partitioning small array '_ZL7threshs_233' completely based on array size.
INFO: [XFORM 203-102] Automatically partitioning small array '_ZL7threshs_232' completely based on array size.
INFO: [XFORM 203-102] Automatically partitioning small array '_ZL7threshs_231' completely based on array size.
INFO: [XFORM 203-102] Automatically partitioning small array '_ZL7threshs_230' completely based on array size.
INFO: [XFORM 203-102] Automatically partitioning small array '_ZL7threshs_23' completely based on array size.
INFO: [XFORM 203-102] Automatically partitioning small array '_ZL7threshs_229' completely based on array size.
INFO: [XFORM 203-102] Automatically partitioning small array '_ZL7threshs_228' completely based on array size.
INFO: [XFORM 203-102] Automatically partitioning small array '_ZL7threshs_227' completely based on array size.
INFO: [XFORM 203-102] Automatically partitioning small array '_ZL7threshs_226' completely based on array size.
INFO: [XFORM 203-102] Automatically partitioning small array '_ZL7threshs_225' completely based on array size.
INFO: [XFORM 203-102] Automatically partitioning small array '_ZL7threshs_224' completely based on array size.
INFO: [XFORM 203-102] Automatically partitioning small array '_ZL7threshs_223' completely based on array size.
INFO: [XFORM 203-102] Automatically partitioning small array '_ZL7threshs_222' completely based on array size.
INFO: [XFORM 203-102] Automatically partitioning small array '_ZL7threshs_221' completely based on array size.
INFO: [XFORM 203-102] Automatically partitioning small array '_ZL7threshs_220' completely based on array size.
INFO: [XFORM 203-102] Automatically partitioning small array '_ZL7threshs_22' completely based on array size.
INFO: [XFORM 203-102] Automatically partitioning small array '_ZL7threshs_219' completely based on array size.
INFO: [XFORM 203-102] Automatically partitioning small array '_ZL7threshs_218' completely based on array size.
INFO: [XFORM 203-102] Automatically partitioning small array '_ZL7threshs_217' completely based on array size.
INFO: [XFORM 203-102] Automatically partitioning small array '_ZL7threshs_216' completely based on array size.
INFO: [XFORM 203-102] Automatically partitioning small array '_ZL7threshs_215' completely based on array size.
INFO: [XFORM 203-102] Automatically partitioning small array '_ZL7threshs_214' completely based on array size.
INFO: [XFORM 203-102] Automatically partitioning small array '_ZL7threshs_213' completely based on array size.
INFO: [XFORM 203-102] Automatically partitioning small array '_ZL7threshs_212' completely based on array size.
INFO: [XFORM 203-102] Automatically partitioning small array '_ZL7threshs_211' completely based on array size.
INFO: [XFORM 203-102] Automatically partitioning small array '_ZL7threshs_210' completely based on array size.
INFO: [XFORM 203-102] Automatically partitioning small array '_ZL7threshs_21' completely based on array size.
INFO: [XFORM 203-102] Automatically partitioning small array '_ZL7threshs_209' completely based on array size.
INFO: [XFORM 203-102] Automatically partitioning small array '_ZL7threshs_208' completely based on array size.
INFO: [XFORM 203-102] Automatically partitioning small array '_ZL7threshs_207' completely based on array size.
INFO: [XFORM 203-102] Automatically partitioning small array '_ZL7threshs_206' completely based on array size.
INFO: [XFORM 203-102] Automatically partitioning small array '_ZL7threshs_205' completely based on array size.
INFO: [XFORM 203-102] Automatically partitioning small array '_ZL7threshs_204' completely based on array size.
INFO: [XFORM 203-102] Automatically partitioning small array '_ZL7threshs_203' completely based on array size.
INFO: [XFORM 203-102] Automatically partitioning small array '_ZL7threshs_202' completely based on array size.
INFO: [XFORM 203-102] Automatically partitioning small array '_ZL7threshs_201' completely based on array size.
INFO: [XFORM 203-102] Automatically partitioning small array '_ZL7threshs_200' completely based on array size.
INFO: [XFORM 203-102] Automatically partitioning small array '_ZL7threshs_20' completely based on array size.
INFO: [XFORM 203-102] Automatically partitioning small array '_ZL7threshs_2' completely based on array size.
INFO: [XFORM 203-102] Automatically partitioning small array '_ZL7threshs_199' completely based on array size.
INFO: [XFORM 203-102] Automatically partitioning small array '_ZL7threshs_198' completely based on array size.
INFO: [XFORM 203-102] Automatically partitioning small array '_ZL7threshs_197' completely based on array size.
INFO: [XFORM 203-102] Automatically partitioning small array '_ZL7threshs_196' completely based on array size.
INFO: [XFORM 203-102] Automatically partitioning small array '_ZL7threshs_195' completely based on array size.
INFO: [XFORM 203-102] Automatically partitioning small array '_ZL7threshs_194' completely based on array size.
INFO: [XFORM 203-102] Automatically partitioning small array '_ZL7threshs_193' completely based on array size.
INFO: [XFORM 203-102] Automatically partitioning small array '_ZL7threshs_192' completely based on array size.
INFO: [XFORM 203-102] Automatically partitioning small array '_ZL7threshs_191' completely based on array size.
INFO: [XFORM 203-102] Automatically partitioning small array '_ZL7threshs_190' completely based on array size.
INFO: [XFORM 203-102] Automatically partitioning small array '_ZL7threshs_19' completely based on array size.
INFO: [XFORM 203-102] Automatically partitioning small array '_ZL7threshs_189' completely based on array size.
INFO: [XFORM 203-102] Automatically partitioning small array '_ZL7threshs_188' completely based on array size.
INFO: [XFORM 203-102] Automatically partitioning small array '_ZL7threshs_187' completely based on array size.
INFO: [XFORM 203-102] Automatically partitioning small array '_ZL7threshs_186' completely based on array size.
INFO: [XFORM 203-102] Automatically partitioning small array '_ZL7threshs_185' completely based on array size.
INFO: [XFORM 203-102] Automatically partitioning small array '_ZL7threshs_184' completely based on array size.
INFO: [XFORM 203-102] Automatically partitioning small array '_ZL7threshs_183' completely based on array size.
INFO: [XFORM 203-102] Automatically partitioning small array '_ZL7threshs_182' completely based on array size.
INFO: [XFORM 203-102] Automatically partitioning small array '_ZL7threshs_181' completely based on array size.
INFO: [XFORM 203-102] Automatically partitioning small array '_ZL7threshs_180' completely based on array size.
INFO: [XFORM 203-102] Automatically partitioning small array '_ZL7threshs_18' completely based on array size.
INFO: [XFORM 203-102] Automatically partitioning small array '_ZL7threshs_179' completely based on array size.
INFO: [XFORM 203-102] Automatically partitioning small array '_ZL7threshs_178' completely based on array size.
INFO: [XFORM 203-102] Automatically partitioning small array '_ZL7threshs_177' completely based on array size.
INFO: [XFORM 203-102] Automatically partitioning small array '_ZL7threshs_176' completely based on array size.
INFO: [XFORM 203-102] Automatically partitioning small array '_ZL7threshs_175' completely based on array size.
INFO: [XFORM 203-102] Automatically partitioning small array '_ZL7threshs_174' completely based on array size.
INFO: [XFORM 203-102] Automatically partitioning small array '_ZL7threshs_173' completely based on array size.
INFO: [XFORM 203-102] Automatically partitioning small array '_ZL7threshs_172' completely based on array size.
INFO: [XFORM 203-102] Automatically partitioning small array '_ZL7threshs_171' completely based on array size.
INFO: [XFORM 203-102] Automatically partitioning small array '_ZL7threshs_170' completely based on array size.
INFO: [XFORM 203-102] Automatically partitioning small array '_ZL7threshs_17' completely based on array size.
INFO: [XFORM 203-102] Automatically partitioning small array '_ZL7threshs_169' completely based on array size.
INFO: [XFORM 203-102] Automatically partitioning small array '_ZL7threshs_168' completely based on array size.
INFO: [XFORM 203-102] Automatically partitioning small array '_ZL7threshs_167' completely based on array size.
INFO: [XFORM 203-102] Automatically partitioning small array '_ZL7threshs_166' completely based on array size.
INFO: [XFORM 203-102] Automatically partitioning small array '_ZL7threshs_165' completely based on array size.
INFO: [XFORM 203-102] Automatically partitioning small array '_ZL7threshs_164' completely based on array size.
INFO: [XFORM 203-102] Automatically partitioning small array '_ZL7threshs_163' completely based on array size.
INFO: [XFORM 203-102] Automatically partitioning small array '_ZL7threshs_162' completely based on array size.
INFO: [XFORM 203-102] Automatically partitioning small array '_ZL7threshs_161' completely based on array size.
INFO: [XFORM 203-102] Automatically partitioning small array '_ZL7threshs_160' completely based on array size.
INFO: [XFORM 203-102] Automatically partitioning small array '_ZL7threshs_16' completely based on array size.
INFO: [XFORM 203-102] Automatically partitioning small array '_ZL7threshs_159' completely based on array size.
INFO: [XFORM 203-102] Automatically partitioning small array '_ZL7threshs_158' completely based on array size.
INFO: [XFORM 203-102] Automatically partitioning small array '_ZL7threshs_157' completely based on array size.
INFO: [XFORM 203-102] Automatically partitioning small array '_ZL7threshs_156' completely based on array size.
INFO: [XFORM 203-102] Automatically partitioning small array '_ZL7threshs_155' completely based on array size.
INFO: [XFORM 203-102] Automatically partitioning small array '_ZL7threshs_154' completely based on array size.
INFO: [XFORM 203-102] Automatically partitioning small array '_ZL7threshs_153' completely based on array size.
INFO: [XFORM 203-102] Automatically partitioning small array '_ZL7threshs_152' completely based on array size.
INFO: [XFORM 203-102] Automatically partitioning small array '_ZL7threshs_151' completely based on array size.
INFO: [XFORM 203-102] Automatically partitioning small array '_ZL7threshs_150' completely based on array size.
INFO: [XFORM 203-102] Automatically partitioning small array '_ZL7threshs_15' completely based on array size.
INFO: [XFORM 203-102] Automatically partitioning small array '_ZL7threshs_149' completely based on array size.
INFO: [XFORM 203-102] Automatically partitioning small array '_ZL7threshs_148' completely based on array size.
INFO: [XFORM 203-102] Automatically partitioning small array '_ZL7threshs_147' completely based on array size.
INFO: [XFORM 203-102] Automatically partitioning small array '_ZL7threshs_146' completely based on array size.
INFO: [XFORM 203-102] Automatically partitioning small array '_ZL7threshs_145' completely based on array size.
INFO: [XFORM 203-102] Automatically partitioning small array '_ZL7threshs_144' completely based on array size.
INFO: [XFORM 203-102] Automatically partitioning small array '_ZL7threshs_143' completely based on array size.
INFO: [XFORM 203-102] Automatically partitioning small array '_ZL7threshs_142' completely based on array size.
INFO: [XFORM 203-102] Automatically partitioning small array '_ZL7threshs_141' completely based on array size.
INFO: [XFORM 203-102] Automatically partitioning small array '_ZL7threshs_140' completely based on array size.
INFO: [XFORM 203-102] Automatically partitioning small array '_ZL7threshs_14' completely based on array size.
INFO: [XFORM 203-102] Automatically partitioning small array '_ZL7threshs_139' completely based on array size.
INFO: [XFORM 203-102] Automatically partitioning small array '_ZL7threshs_138' completely based on array size.
INFO: [XFORM 203-102] Automatically partitioning small array '_ZL7threshs_137' completely based on array size.
INFO: [XFORM 203-102] Automatically partitioning small array '_ZL7threshs_136' completely based on array size.
INFO: [XFORM 203-102] Automatically partitioning small array '_ZL7threshs_135' completely based on array size.
INFO: [XFORM 203-102] Automatically partitioning small array '_ZL7threshs_134' completely based on array size.
INFO: [XFORM 203-102] Automatically partitioning small array '_ZL7threshs_133' completely based on array size.
INFO: [XFORM 203-102] Automatically partitioning small array '_ZL7threshs_132' completely based on array size.
INFO: [XFORM 203-102] Automatically partitioning small array '_ZL7threshs_131' completely based on array size.
INFO: [XFORM 203-102] Automatically partitioning small array '_ZL7threshs_130' completely based on array size.
INFO: [XFORM 203-102] Automatically partitioning small array '_ZL7threshs_13' completely based on array size.
INFO: [XFORM 203-102] Automatically partitioning small array '_ZL7threshs_129' completely based on array size.
INFO: [XFORM 203-102] Automatically partitioning small array '_ZL7threshs_128' completely based on array size.
INFO: [XFORM 203-102] Automatically partitioning small array '_ZL7threshs_127' completely based on array size.
INFO: [XFORM 203-102] Automatically partitioning small array '_ZL7threshs_126' completely based on array size.
INFO: [XFORM 203-102] Automatically partitioning small array '_ZL7threshs_125' completely based on array size.
INFO: [XFORM 203-102] Automatically partitioning small array '_ZL7threshs_124' completely based on array size.
INFO: [XFORM 203-102] Automatically partitioning small array '_ZL7threshs_123' completely based on array size.
INFO: [XFORM 203-102] Automatically partitioning small array '_ZL7threshs_122' completely based on array size.
INFO: [XFORM 203-102] Automatically partitioning small array '_ZL7threshs_121' completely based on array size.
INFO: [XFORM 203-102] Automatically partitioning small array '_ZL7threshs_120' completely based on array size.
INFO: [XFORM 203-102] Automatically partitioning small array '_ZL7threshs_12' completely based on array size.
INFO: [XFORM 203-102] Automatically partitioning small array '_ZL7threshs_119' completely based on array size.
INFO: [XFORM 203-102] Automatically partitioning small array '_ZL7threshs_118' completely based on array size.
INFO: [XFORM 203-102] Automatically partitioning small array '_ZL7threshs_117' completely based on array size.
INFO: [XFORM 203-102] Automatically partitioning small array '_ZL7threshs_116' completely based on array size.
INFO: [XFORM 203-102] Automatically partitioning small array '_ZL7threshs_115' completely based on array size.
INFO: [XFORM 203-102] Automatically partitioning small array '_ZL7threshs_114' completely based on array size.
INFO: [XFORM 203-102] Automatically partitioning small array '_ZL7threshs_113' completely based on array size.
INFO: [XFORM 203-102] Automatically partitioning small array '_ZL7threshs_112' completely based on array size.
INFO: [XFORM 203-102] Automatically partitioning small array '_ZL7threshs_111' completely based on array size.
INFO: [XFORM 203-102] Automatically partitioning small array '_ZL7threshs_110' completely based on array size.
INFO: [XFORM 203-102] Automatically partitioning small array '_ZL7threshs_11' completely based on array size.
INFO: [XFORM 203-102] Automatically partitioning small array '_ZL7threshs_109' completely based on array size.
INFO: [XFORM 203-102] Automatically partitioning small array '_ZL7threshs_108' completely based on array size.
INFO: [XFORM 203-102] Automatically partitioning small array '_ZL7threshs_107' completely based on array size.
INFO: [XFORM 203-102] Automatically partitioning small array '_ZL7threshs_106' completely based on array size.
INFO: [XFORM 203-102] Automatically partitioning small array '_ZL7threshs_105' completely based on array size.
INFO: [XFORM 203-102] Automatically partitioning small array '_ZL7threshs_104' completely based on array size.
INFO: [XFORM 203-102] Automatically partitioning small array '_ZL7threshs_103' completely based on array size.
INFO: [XFORM 203-102] Automatically partitioning small array '_ZL7threshs_102' completely based on array size.
INFO: [XFORM 203-102] Automatically partitioning small array '_ZL7threshs_101' completely based on array size.
INFO: [XFORM 203-102] Automatically partitioning small array '_ZL7threshs_100' completely based on array size.
INFO: [XFORM 203-102] Automatically partitioning small array '_ZL7threshs_10' completely based on array size.
INFO: [XFORM 203-102] Automatically partitioning small array '_ZL7threshs_1' completely based on array size.
INFO: [XFORM 203-102] Automatically partitioning small array '_ZL7threshs_0' completely based on array size.
INFO: [XFORM 203-101] Partitioning array '_ZL7threshs_99' in dimension 1 completely.
INFO: [XFORM 203-101] Partitioning array '_ZL7threshs_98' in dimension 1 completely.
INFO: [XFORM 203-101] Partitioning array '_ZL7threshs_97' in dimension 1 completely.
INFO: [XFORM 203-101] Partitioning array '_ZL7threshs_96' in dimension 1 completely.
INFO: [XFORM 203-101] Partitioning array '_ZL7threshs_95' in dimension 1 completely.
INFO: [XFORM 203-101] Partitioning array '_ZL7threshs_94' in dimension 1 completely.
INFO: [XFORM 203-101] Partitioning array '_ZL7threshs_93' in dimension 1 completely.
INFO: [XFORM 203-101] Partitioning array '_ZL7threshs_92' in dimension 1 completely.
INFO: [XFORM 203-101] Partitioning array '_ZL7threshs_91' in dimension 1 completely.
INFO: [XFORM 203-101] Partitioning array '_ZL7threshs_90' in dimension 1 completely.
INFO: [XFORM 203-101] Partitioning array '_ZL7threshs_9' in dimension 1 completely.
INFO: [XFORM 203-101] Partitioning array '_ZL7threshs_89' in dimension 1 completely.
INFO: [XFORM 203-101] Partitioning array '_ZL7threshs_88' in dimension 1 completely.
INFO: [XFORM 203-101] Partitioning array '_ZL7threshs_87' in dimension 1 completely.
INFO: [XFORM 203-101] Partitioning array '_ZL7threshs_86' in dimension 1 completely.
INFO: [XFORM 203-101] Partitioning array '_ZL7threshs_85' in dimension 1 completely.
INFO: [XFORM 203-101] Partitioning array '_ZL7threshs_84' in dimension 1 completely.
INFO: [XFORM 203-101] Partitioning array '_ZL7threshs_83' in dimension 1 completely.
INFO: [XFORM 203-101] Partitioning array '_ZL7threshs_82' in dimension 1 completely.
INFO: [XFORM 203-101] Partitioning array '_ZL7threshs_81' in dimension 1 completely.
INFO: [XFORM 203-101] Partitioning array '_ZL7threshs_80' in dimension 1 completely.
INFO: [XFORM 203-101] Partitioning array '_ZL7threshs_8' in dimension 1 completely.
INFO: [XFORM 203-101] Partitioning array '_ZL7threshs_79' in dimension 1 completely.
INFO: [XFORM 203-101] Partitioning array '_ZL7threshs_78' in dimension 1 completely.
INFO: [XFORM 203-101] Partitioning array '_ZL7threshs_77' in dimension 1 completely.
INFO: [XFORM 203-101] Partitioning array '_ZL7threshs_76' in dimension 1 completely.
INFO: [XFORM 203-101] Partitioning array '_ZL7threshs_75' in dimension 1 completely.
INFO: [XFORM 203-101] Partitioning array '_ZL7threshs_74' in dimension 1 completely.
INFO: [XFORM 203-101] Partitioning array '_ZL7threshs_73' in dimension 1 completely.
INFO: [XFORM 203-101] Partitioning array '_ZL7threshs_72' in dimension 1 completely.
INFO: [XFORM 203-101] Partitioning array '_ZL7threshs_71' in dimension 1 completely.
INFO: [XFORM 203-101] Partitioning array '_ZL7threshs_70' in dimension 1 completely.
INFO: [XFORM 203-101] Partitioning array '_ZL7threshs_7' in dimension 1 completely.
INFO: [XFORM 203-101] Partitioning array '_ZL7threshs_69' in dimension 1 completely.
INFO: [XFORM 203-101] Partitioning array '_ZL7threshs_68' in dimension 1 completely.
INFO: [XFORM 203-101] Partitioning array '_ZL7threshs_67' in dimension 1 completely.
INFO: [XFORM 203-101] Partitioning array '_ZL7threshs_66' in dimension 1 completely.
INFO: [XFORM 203-101] Partitioning array '_ZL7threshs_65' in dimension 1 completely.
INFO: [XFORM 203-101] Partitioning array '_ZL7threshs_64' in dimension 1 completely.
INFO: [XFORM 203-101] Partitioning array '_ZL7threshs_63' in dimension 1 completely.
INFO: [XFORM 203-101] Partitioning array '_ZL7threshs_62' in dimension 1 completely.
INFO: [XFORM 203-101] Partitioning array '_ZL7threshs_61' in dimension 1 completely.
INFO: [XFORM 203-101] Partitioning array '_ZL7threshs_60' in dimension 1 completely.
INFO: [XFORM 203-101] Partitioning array '_ZL7threshs_6' in dimension 1 completely.
INFO: [XFORM 203-101] Partitioning array '_ZL7threshs_59' in dimension 1 completely.
INFO: [XFORM 203-101] Partitioning array '_ZL7threshs_58' in dimension 1 completely.
INFO: [XFORM 203-101] Partitioning array '_ZL7threshs_57' in dimension 1 completely.
INFO: [XFORM 203-101] Partitioning array '_ZL7threshs_56' in dimension 1 completely.
INFO: [XFORM 203-101] Partitioning array '_ZL7threshs_55' in dimension 1 completely.
INFO: [XFORM 203-101] Partitioning array '_ZL7threshs_54' in dimension 1 completely.
INFO: [XFORM 203-101] Partitioning array '_ZL7threshs_53' in dimension 1 completely.
INFO: [XFORM 203-101] Partitioning array '_ZL7threshs_52' in dimension 1 completely.
INFO: [XFORM 203-101] Partitioning array '_ZL7threshs_51' in dimension 1 completely.
INFO: [XFORM 203-101] Partitioning array '_ZL7threshs_50' in dimension 1 completely.
INFO: [XFORM 203-101] Partitioning array '_ZL7threshs_5' in dimension 1 completely.
INFO: [XFORM 203-101] Partitioning array '_ZL7threshs_49' in dimension 1 completely.
INFO: [XFORM 203-101] Partitioning array '_ZL7threshs_48' in dimension 1 completely.
INFO: [XFORM 203-101] Partitioning array '_ZL7threshs_47' in dimension 1 completely.
INFO: [XFORM 203-101] Partitioning array '_ZL7threshs_46' in dimension 1 completely.
INFO: [XFORM 203-101] Partitioning array '_ZL7threshs_45' in dimension 1 completely.
INFO: [XFORM 203-101] Partitioning array '_ZL7threshs_44' in dimension 1 completely.
INFO: [XFORM 203-101] Partitioning array '_ZL7threshs_43' in dimension 1 completely.
INFO: [XFORM 203-101] Partitioning array '_ZL7threshs_42' in dimension 1 completely.
INFO: [XFORM 203-101] Partitioning array '_ZL7threshs_41' in dimension 1 completely.
INFO: [XFORM 203-101] Partitioning array '_ZL7threshs_40' in dimension 1 completely.
INFO: [XFORM 203-101] Partitioning array '_ZL7threshs_4' in dimension 1 completely.
INFO: [XFORM 203-101] Partitioning array '_ZL7threshs_39' in dimension 1 completely.
INFO: [XFORM 203-101] Partitioning array '_ZL7threshs_38' in dimension 1 completely.
INFO: [XFORM 203-101] Partitioning array '_ZL7threshs_37' in dimension 1 completely.
INFO: [XFORM 203-101] Partitioning array '_ZL7threshs_36' in dimension 1 completely.
INFO: [XFORM 203-101] Partitioning array '_ZL7threshs_35' in dimension 1 completely.
INFO: [XFORM 203-101] Partitioning array '_ZL7threshs_34' in dimension 1 completely.
INFO: [XFORM 203-101] Partitioning array '_ZL7threshs_33' in dimension 1 completely.
INFO: [XFORM 203-101] Partitioning array '_ZL7threshs_32' in dimension 1 completely.
INFO: [XFORM 203-101] Partitioning array '_ZL7threshs_31' in dimension 1 completely.
INFO: [XFORM 203-101] Partitioning array '_ZL7threshs_30' in dimension 1 completely.
INFO: [XFORM 203-101] Partitioning array '_ZL7threshs_3' in dimension 1 completely.
INFO: [XFORM 203-101] Partitioning array '_ZL7threshs_29' in dimension 1 completely.
INFO: [XFORM 203-101] Partitioning array '_ZL7threshs_28' in dimension 1 completely.
INFO: [XFORM 203-101] Partitioning array '_ZL7threshs_27' in dimension 1 completely.
INFO: [XFORM 203-101] Partitioning array '_ZL7threshs_26' in dimension 1 completely.
INFO: [XFORM 203-101] Partitioning array '_ZL7threshs_254' in dimension 1 completely.
INFO: [XFORM 203-101] Partitioning array '_ZL7threshs_253' in dimension 1 completely.
INFO: [XFORM 203-101] Partitioning array '_ZL7threshs_252' in dimension 1 completely.
INFO: [XFORM 203-101] Partitioning array '_ZL7threshs_251' in dimension 1 completely.
INFO: [XFORM 203-101] Partitioning array '_ZL7threshs_250' in dimension 1 completely.
INFO: [XFORM 203-101] Partitioning array '_ZL7threshs_25' in dimension 1 completely.
INFO: [XFORM 203-101] Partitioning array '_ZL7threshs_249' in dimension 1 completely.
INFO: [XFORM 203-101] Partitioning array '_ZL7threshs_248' in dimension 1 completely.
INFO: [XFORM 203-101] Partitioning array '_ZL7threshs_247' in dimension 1 completely.
INFO: [XFORM 203-101] Partitioning array '_ZL7threshs_246' in dimension 1 completely.
INFO: [XFORM 203-101] Partitioning array '_ZL7threshs_245' in dimension 1 completely.
INFO: [XFORM 203-101] Partitioning array '_ZL7threshs_244' in dimension 1 completely.
INFO: [XFORM 203-101] Partitioning array '_ZL7threshs_243' in dimension 1 completely.
INFO: [XFORM 203-101] Partitioning array '_ZL7threshs_242' in dimension 1 completely.
INFO: [XFORM 203-101] Partitioning array '_ZL7threshs_241' in dimension 1 completely.
INFO: [XFORM 203-101] Partitioning array '_ZL7threshs_240' in dimension 1 completely.
INFO: [XFORM 203-101] Partitioning array '_ZL7threshs_24' in dimension 1 completely.
INFO: [XFORM 203-101] Partitioning array '_ZL7threshs_239' in dimension 1 completely.
INFO: [XFORM 203-101] Partitioning array '_ZL7threshs_238' in dimension 1 completely.
INFO: [XFORM 203-101] Partitioning array '_ZL7threshs_237' in dimension 1 completely.
INFO: [XFORM 203-101] Partitioning array '_ZL7threshs_236' in dimension 1 completely.
INFO: [XFORM 203-101] Partitioning array '_ZL7threshs_235' in dimension 1 completely.
INFO: [XFORM 203-101] Partitioning array '_ZL7threshs_234' in dimension 1 completely.
INFO: [XFORM 203-101] Partitioning array '_ZL7threshs_233' in dimension 1 completely.
INFO: [XFORM 203-101] Partitioning array '_ZL7threshs_232' in dimension 1 completely.
INFO: [XFORM 203-101] Partitioning array '_ZL7threshs_231' in dimension 1 completely.
INFO: [XFORM 203-101] Partitioning array '_ZL7threshs_230' in dimension 1 completely.
INFO: [XFORM 203-101] Partitioning array '_ZL7threshs_23' in dimension 1 completely.
INFO: [XFORM 203-101] Partitioning array '_ZL7threshs_229' in dimension 1 completely.
INFO: [XFORM 203-101] Partitioning array '_ZL7threshs_228' in dimension 1 completely.
INFO: [XFORM 203-101] Partitioning array '_ZL7threshs_227' in dimension 1 completely.
INFO: [XFORM 203-101] Partitioning array '_ZL7threshs_226' in dimension 1 completely.
INFO: [XFORM 203-101] Partitioning array '_ZL7threshs_225' in dimension 1 completely.
INFO: [XFORM 203-101] Partitioning array '_ZL7threshs_224' in dimension 1 completely.
INFO: [XFORM 203-101] Partitioning array '_ZL7threshs_223' in dimension 1 completely.
INFO: [XFORM 203-101] Partitioning array '_ZL7threshs_222' in dimension 1 completely.
INFO: [XFORM 203-101] Partitioning array '_ZL7threshs_221' in dimension 1 completely.
INFO: [XFORM 203-101] Partitioning array '_ZL7threshs_220' in dimension 1 completely.
INFO: [XFORM 203-101] Partitioning array '_ZL7threshs_22' in dimension 1 completely.
INFO: [XFORM 203-101] Partitioning array '_ZL7threshs_219' in dimension 1 completely.
INFO: [XFORM 203-101] Partitioning array '_ZL7threshs_218' in dimension 1 completely.
INFO: [XFORM 203-101] Partitioning array '_ZL7threshs_217' in dimension 1 completely.
INFO: [XFORM 203-101] Partitioning array '_ZL7threshs_216' in dimension 1 completely.
INFO: [XFORM 203-101] Partitioning array '_ZL7threshs_215' in dimension 1 completely.
INFO: [XFORM 203-101] Partitioning array '_ZL7threshs_214' in dimension 1 completely.
INFO: [XFORM 203-101] Partitioning array '_ZL7threshs_213' in dimension 1 completely.
INFO: [XFORM 203-101] Partitioning array '_ZL7threshs_212' in dimension 1 completely.
INFO: [XFORM 203-101] Partitioning array '_ZL7threshs_211' in dimension 1 completely.
INFO: [XFORM 203-101] Partitioning array '_ZL7threshs_210' in dimension 1 completely.
INFO: [XFORM 203-101] Partitioning array '_ZL7threshs_21' in dimension 1 completely.
INFO: [XFORM 203-101] Partitioning array '_ZL7threshs_209' in dimension 1 completely.
INFO: [XFORM 203-101] Partitioning array '_ZL7threshs_208' in dimension 1 completely.
INFO: [XFORM 203-101] Partitioning array '_ZL7threshs_207' in dimension 1 completely.
INFO: [XFORM 203-101] Partitioning array '_ZL7threshs_206' in dimension 1 completely.
INFO: [XFORM 203-101] Partitioning array '_ZL7threshs_205' in dimension 1 completely.
INFO: [XFORM 203-101] Partitioning array '_ZL7threshs_204' in dimension 1 completely.
INFO: [XFORM 203-101] Partitioning array '_ZL7threshs_203' in dimension 1 completely.
INFO: [XFORM 203-101] Partitioning array '_ZL7threshs_202' in dimension 1 completely.
INFO: [XFORM 203-101] Partitioning array '_ZL7threshs_201' in dimension 1 completely.
INFO: [XFORM 203-101] Partitioning array '_ZL7threshs_200' in dimension 1 completely.
INFO: [XFORM 203-101] Partitioning array '_ZL7threshs_20' in dimension 1 completely.
INFO: [XFORM 203-101] Partitioning array '_ZL7threshs_2' in dimension 1 completely.
INFO: [XFORM 203-101] Partitioning array '_ZL7threshs_199' in dimension 1 completely.
INFO: [XFORM 203-101] Partitioning array '_ZL7threshs_198' in dimension 1 completely.
INFO: [XFORM 203-101] Partitioning array '_ZL7threshs_197' in dimension 1 completely.
INFO: [XFORM 203-101] Partitioning array '_ZL7threshs_196' in dimension 1 completely.
INFO: [XFORM 203-101] Partitioning array '_ZL7threshs_195' in dimension 1 completely.
INFO: [XFORM 203-101] Partitioning array '_ZL7threshs_194' in dimension 1 completely.
INFO: [XFORM 203-101] Partitioning array '_ZL7threshs_193' in dimension 1 completely.
INFO: [XFORM 203-101] Partitioning array '_ZL7threshs_192' in dimension 1 completely.
INFO: [XFORM 203-101] Partitioning array '_ZL7threshs_191' in dimension 1 completely.
INFO: [XFORM 203-101] Partitioning array '_ZL7threshs_190' in dimension 1 completely.
INFO: [XFORM 203-101] Partitioning array '_ZL7threshs_19' in dimension 1 completely.
INFO: [XFORM 203-101] Partitioning array '_ZL7threshs_189' in dimension 1 completely.
INFO: [XFORM 203-101] Partitioning array '_ZL7threshs_188' in dimension 1 completely.
INFO: [XFORM 203-101] Partitioning array '_ZL7threshs_187' in dimension 1 completely.
INFO: [XFORM 203-101] Partitioning array '_ZL7threshs_186' in dimension 1 completely.
INFO: [XFORM 203-101] Partitioning array '_ZL7threshs_185' in dimension 1 completely.
INFO: [XFORM 203-101] Partitioning array '_ZL7threshs_184' in dimension 1 completely.
INFO: [XFORM 203-101] Partitioning array '_ZL7threshs_183' in dimension 1 completely.
INFO: [XFORM 203-101] Partitioning array '_ZL7threshs_182' in dimension 1 completely.
INFO: [XFORM 203-101] Partitioning array '_ZL7threshs_181' in dimension 1 completely.
INFO: [XFORM 203-101] Partitioning array '_ZL7threshs_180' in dimension 1 completely.
INFO: [XFORM 203-101] Partitioning array '_ZL7threshs_18' in dimension 1 completely.
INFO: [XFORM 203-101] Partitioning array '_ZL7threshs_179' in dimension 1 completely.
INFO: [XFORM 203-101] Partitioning array '_ZL7threshs_178' in dimension 1 completely.
INFO: [XFORM 203-101] Partitioning array '_ZL7threshs_177' in dimension 1 completely.
INFO: [XFORM 203-101] Partitioning array '_ZL7threshs_176' in dimension 1 completely.
INFO: [XFORM 203-101] Partitioning array '_ZL7threshs_175' in dimension 1 completely.
INFO: [XFORM 203-101] Partitioning array '_ZL7threshs_174' in dimension 1 completely.
INFO: [XFORM 203-101] Partitioning array '_ZL7threshs_173' in dimension 1 completely.
INFO: [XFORM 203-101] Partitioning array '_ZL7threshs_172' in dimension 1 completely.
INFO: [XFORM 203-101] Partitioning array '_ZL7threshs_171' in dimension 1 completely.
INFO: [XFORM 203-101] Partitioning array '_ZL7threshs_170' in dimension 1 completely.
INFO: [XFORM 203-101] Partitioning array '_ZL7threshs_17' in dimension 1 completely.
INFO: [XFORM 203-101] Partitioning array '_ZL7threshs_169' in dimension 1 completely.
INFO: [XFORM 203-101] Partitioning array '_ZL7threshs_168' in dimension 1 completely.
INFO: [XFORM 203-101] Partitioning array '_ZL7threshs_167' in dimension 1 completely.
INFO: [XFORM 203-101] Partitioning array '_ZL7threshs_166' in dimension 1 completely.
INFO: [XFORM 203-101] Partitioning array '_ZL7threshs_165' in dimension 1 completely.
INFO: [XFORM 203-101] Partitioning array '_ZL7threshs_164' in dimension 1 completely.
INFO: [XFORM 203-101] Partitioning array '_ZL7threshs_163' in dimension 1 completely.
INFO: [XFORM 203-101] Partitioning array '_ZL7threshs_162' in dimension 1 completely.
INFO: [XFORM 203-101] Partitioning array '_ZL7threshs_161' in dimension 1 completely.
INFO: [XFORM 203-101] Partitioning array '_ZL7threshs_160' in dimension 1 completely.
INFO: [XFORM 203-101] Partitioning array '_ZL7threshs_16' in dimension 1 completely.
INFO: [XFORM 203-101] Partitioning array '_ZL7threshs_159' in dimension 1 completely.
INFO: [XFORM 203-101] Partitioning array '_ZL7threshs_158' in dimension 1 completely.
INFO: [XFORM 203-101] Partitioning array '_ZL7threshs_157' in dimension 1 completely.
INFO: [XFORM 203-101] Partitioning array '_ZL7threshs_156' in dimension 1 completely.
INFO: [XFORM 203-101] Partitioning array '_ZL7threshs_155' in dimension 1 completely.
INFO: [XFORM 203-101] Partitioning array '_ZL7threshs_154' in dimension 1 completely.
INFO: [XFORM 203-101] Partitioning array '_ZL7threshs_153' in dimension 1 completely.
INFO: [XFORM 203-101] Partitioning array '_ZL7threshs_152' in dimension 1 completely.
INFO: [XFORM 203-101] Partitioning array '_ZL7threshs_151' in dimension 1 completely.
INFO: [XFORM 203-101] Partitioning array '_ZL7threshs_150' in dimension 1 completely.
INFO: [XFORM 203-101] Partitioning array '_ZL7threshs_15' in dimension 1 completely.
INFO: [XFORM 203-101] Partitioning array '_ZL7threshs_149' in dimension 1 completely.
INFO: [XFORM 203-101] Partitioning array '_ZL7threshs_148' in dimension 1 completely.
INFO: [XFORM 203-101] Partitioning array '_ZL7threshs_147' in dimension 1 completely.
INFO: [XFORM 203-101] Partitioning array '_ZL7threshs_146' in dimension 1 completely.
INFO: [XFORM 203-101] Partitioning array '_ZL7threshs_145' in dimension 1 completely.
INFO: [XFORM 203-101] Partitioning array '_ZL7threshs_144' in dimension 1 completely.
INFO: [XFORM 203-101] Partitioning array '_ZL7threshs_143' in dimension 1 completely.
INFO: [XFORM 203-101] Partitioning array '_ZL7threshs_142' in dimension 1 completely.
INFO: [XFORM 203-101] Partitioning array '_ZL7threshs_141' in dimension 1 completely.
INFO: [XFORM 203-101] Partitioning array '_ZL7threshs_140' in dimension 1 completely.
INFO: [XFORM 203-101] Partitioning array '_ZL7threshs_14' in dimension 1 completely.
INFO: [XFORM 203-101] Partitioning array '_ZL7threshs_139' in dimension 1 completely.
INFO: [XFORM 203-101] Partitioning array '_ZL7threshs_138' in dimension 1 completely.
INFO: [XFORM 203-101] Partitioning array '_ZL7threshs_137' in dimension 1 completely.
INFO: [XFORM 203-101] Partitioning array '_ZL7threshs_136' in dimension 1 completely.
INFO: [XFORM 203-101] Partitioning array '_ZL7threshs_135' in dimension 1 completely.
INFO: [XFORM 203-101] Partitioning array '_ZL7threshs_134' in dimension 1 completely.
INFO: [XFORM 203-101] Partitioning array '_ZL7threshs_133' in dimension 1 completely.
INFO: [XFORM 203-101] Partitioning array '_ZL7threshs_132' in dimension 1 completely.
INFO: [XFORM 203-101] Partitioning array '_ZL7threshs_131' in dimension 1 completely.
INFO: [XFORM 203-101] Partitioning array '_ZL7threshs_130' in dimension 1 completely.
INFO: [XFORM 203-101] Partitioning array '_ZL7threshs_13' in dimension 1 completely.
INFO: [XFORM 203-101] Partitioning array '_ZL7threshs_129' in dimension 1 completely.
INFO: [XFORM 203-101] Partitioning array '_ZL7threshs_128' in dimension 1 completely.
INFO: [XFORM 203-101] Partitioning array '_ZL7threshs_127' in dimension 1 completely.
INFO: [XFORM 203-101] Partitioning array '_ZL7threshs_126' in dimension 1 completely.
INFO: [XFORM 203-101] Partitioning array '_ZL7threshs_125' in dimension 1 completely.
INFO: [XFORM 203-101] Partitioning array '_ZL7threshs_124' in dimension 1 completely.
INFO: [XFORM 203-101] Partitioning array '_ZL7threshs_123' in dimension 1 completely.
INFO: [XFORM 203-101] Partitioning array '_ZL7threshs_122' in dimension 1 completely.
INFO: [XFORM 203-101] Partitioning array '_ZL7threshs_121' in dimension 1 completely.
INFO: [XFORM 203-101] Partitioning array '_ZL7threshs_120' in dimension 1 completely.
INFO: [XFORM 203-101] Partitioning array '_ZL7threshs_12' in dimension 1 completely.
INFO: [XFORM 203-101] Partitioning array '_ZL7threshs_119' in dimension 1 completely.
INFO: [XFORM 203-101] Partitioning array '_ZL7threshs_118' in dimension 1 completely.
INFO: [XFORM 203-101] Partitioning array '_ZL7threshs_117' in dimension 1 completely.
INFO: [XFORM 203-101] Partitioning array '_ZL7threshs_116' in dimension 1 completely.
INFO: [XFORM 203-101] Partitioning array '_ZL7threshs_115' in dimension 1 completely.
INFO: [XFORM 203-101] Partitioning array '_ZL7threshs_114' in dimension 1 completely.
INFO: [XFORM 203-101] Partitioning array '_ZL7threshs_113' in dimension 1 completely.
INFO: [XFORM 203-101] Partitioning array '_ZL7threshs_112' in dimension 1 completely.
INFO: [XFORM 203-101] Partitioning array '_ZL7threshs_111' in dimension 1 completely.
INFO: [XFORM 203-101] Partitioning array '_ZL7threshs_110' in dimension 1 completely.
INFO: [XFORM 203-101] Partitioning array '_ZL7threshs_11' in dimension 1 completely.
INFO: [XFORM 203-101] Partitioning array '_ZL7threshs_109' in dimension 1 completely.
INFO: [XFORM 203-101] Partitioning array '_ZL7threshs_108' in dimension 1 completely.
INFO: [XFORM 203-101] Partitioning array '_ZL7threshs_107' in dimension 1 completely.
INFO: [XFORM 203-101] Partitioning array '_ZL7threshs_106' in dimension 1 completely.
INFO: [XFORM 203-101] Partitioning array '_ZL7threshs_105' in dimension 1 completely.
INFO: [XFORM 203-101] Partitioning array '_ZL7threshs_104' in dimension 1 completely.
INFO: [XFORM 203-101] Partitioning array '_ZL7threshs_103' in dimension 1 completely.
INFO: [XFORM 203-101] Partitioning array '_ZL7threshs_102' in dimension 1 completely.
INFO: [XFORM 203-101] Partitioning array '_ZL7threshs_101' in dimension 1 completely.
INFO: [XFORM 203-101] Partitioning array '_ZL7threshs_100' in dimension 1 completely.
INFO: [XFORM 203-101] Partitioning array '_ZL7threshs_10' in dimension 1 completely.
INFO: [XFORM 203-101] Partitioning array '_ZL7threshs_1' in dimension 1 completely.
INFO: [XFORM 203-101] Partitioning array '_ZL7threshs_0' in dimension 1 completely.
Command         transform done; 0.91 sec.
INFO-FLOW: Presyn 2...
Execute         transform -hls -keep-callgraph -scalarrepl -mem2reg -port-alignment -attach-range -dce -pipe-mux-gen -indvars -loop-bound -inst-simplify -instcombine -dce -merge-array-access -mem2reg -dce -clean-region -mergereturn -if-conv -instcombine -dce -constprop -basicaa -aggr-aa -aggrmodref-aa -aggr-aa -gvn -gvn -basicaa -aggr-aa -aggrmodref-aa -aggr-aa -dse -adse -adce -scalarrepl -mem2reg -global-constprop -deadargelim -deadargelim -instcombine -dce -simplifycfg -ptrArgReplace -mem2reg -function-inline -globaldce -mem2reg -instcombine -dce -expr-balance -instcombine -dce -bitwidthmin2 -bitwidthmin2 -interface-preproc -directive-preproc -inst-rectify -instcombine -dce -functionattrs -constprop -instcombine -bit-constprop -simplify-global-access -globalopt -globaldce -inst-simplify -instcombine -elimdeaddata -dce -loop-delete -simplifycfg -loop-simplify -barrier -norm-name /home/miguel_tfg/FINN-v0.9-Stable/notebooks/UAH_example/FINN_build/code_gen_ipgen_MatrixVectorActivation_3_1wcss7_u/project_MatrixVectorActivation_3/sol1/.autopilot/db/a.o.1.tmp.bc -o /home/miguel_tfg/FINN-v0.9-Stable/notebooks/UAH_example/FINN_build/code_gen_ipgen_MatrixVectorActivation_3_1wcss7_u/project_MatrixVectorActivation_3/sol1/.autopilot/db/a.o.2.bc -f -phase presyn 
INFO: [XFORM 203-11] Balancing expressions in function 'Matrix_Vector_Activate_Stream_Batch<16u, 2u, 1u, 1u, Slice<ap_uint<4>, 4u>, Slice<ap_int<8>, 8u>, Identity, ap_int<4>, ap_uint<4>, ap_uint<8>, ThresholdsActivation<2u, 1u, 255u, ap_int<12>, ap_int<8>, -128, comp::less_equal<ap_int<12>, ap_int<12> > >, ap_resource_lut>' (/home/miguel_tfg/FINN-v0.9-Stable/deps/finn-hlslib/mvau.hpp:115:21)...254 expression(s) balanced.
INFO: [HLS 200-111] Finished Loop, function and other optimizations: CPU user time: 0.91 seconds. CPU system time: 0.05 seconds. Elapsed time: 0.97 seconds; current allocated memory: 1.536 GB.
INFO-FLOW: Building ssdm...
Execute         transform -hls -auto-function-inline -globaldce -ptrArgReplace -mem2reg -dce -reset-lda -loop-simplify -indvars -aggr-aa -licm -loop-dep -loop-bound -licm -loop-simplify -loop-sink-hoist -flattenloopnest -array-flatten -gvn -instcombine -dce -array-map -dce -func-legal -gvn -adce -instcombine -cfgopt -simplifycfg -loop-simplify -array-burst -promote-global-argument -dce -array-seg-normalize -basicaa -aggrmodref-aa -globalsmodref-aa -aggr-aa -gvn -gvn -basicaa -aggrmodref-aa -globalsmodref-aa -aggr-aa -dse -adse -adce -licm -inst-simplify -dce -globaldce -instcombine -array-stream -eliminate-keepreads -instcombine -dce -deadargelim -doublePtrSimplify -doublePtrElim -dce -doublePtrSimplify -promote-dbg-pointer -dce -scalarrepl -mem2reg -norm-name -mem2reg -instcombine -dse -adse -adce -ptrLegalization -dce -auto-rom-infer -array-flatten -dce -instcombine -check-doubleptr -loop-rot -constprop -cfgopt -simplifycfg -loop-simplify -indvars -pointer-simplify -dce -loop-bound -loop-simplify -loop-preproc -constprop -global-constprop -gvn -mem2reg -instcombine -dce -loop-bound -loop-merge -dce -deadargelim -dce -canonicalize-dataflow -dce -deadargelim -globaldce -mem2reg -bram-byte-enable -load-elim -read-loop-dep -loop-simplify -loop-extract-inner -directive-preproc -bitwidthmin2 -bitwidthmin2 -read-loop-dep -interface-preproc -directive-preproc -interface-gen -bram-byte-enable-spec-prop -deadargelim -inst-simplify -dce -gvn -mem2reg -instcombine -dce -adse -loop-bound -instcombine -cfgopt -simplifycfg -loop-simplify -clean-region -io-protocol -find-region -mem2reg -bitop-raise -complex-op-raise -inst-simplify -inst-rectify -instcombine -adce -deadargelim -float-op-raise -loop-simplify -phi-opt -bitop-raise -cfgopt -simplifycfg -strip-dead-prototypes -interface-lower -bitop-lower -intrinsic-lower -auto-function-inline -basicaa -aggrmodref-aa -globalsmodref-aa -aggr-aa -inst-simplify -simplifycfg -loop-simplify -mergereturn -inst-simplify -inst-rectify -dce -load-elim -bitop-lower -float-op-raise -fma-raise -loop-rewind -pointer-simplify -dce -cfgopt -dce -loop-bound -loop-dep -read-loop-dep -dce -dyn-mem-reuse -dce -recurrence-min -dce -share-scalar-alloca -deadargelim -dce -check-stream -norm-name -legalize -validate-dataflow -inst-clarity -bitwidth -dump-loop-dep-to-ir -check-all-ssdm -cdfg-build /home/miguel_tfg/FINN-v0.9-Stable/notebooks/UAH_example/FINN_build/code_gen_ipgen_MatrixVectorActivation_3_1wcss7_u/project_MatrixVectorActivation_3/sol1/.autopilot/db/a.o.2.bc -o /home/miguel_tfg/FINN-v0.9-Stable/notebooks/UAH_example/FINN_build/code_gen_ipgen_MatrixVectorActivation_3_1wcss7_u/project_MatrixVectorActivation_3/sol1/.autopilot/db/a.o.3.bc -f -phase build-ssdm 
INFO: [HLS 200-111] Finished Architecture Synthesis: CPU user time: 0.1 seconds. CPU system time: 0.01 seconds. Elapsed time: 0.1 seconds; current allocated memory: 1.539 GB.
INFO-FLOW: Finish building internal data model.
Command       opt_and_import_c done; 1.29 sec.
Command     elaborate done; 9.6 sec.
Execute     ap_eval exec zip -j /home/miguel_tfg/FINN-v0.9-Stable/notebooks/UAH_example/FINN_build/code_gen_ipgen_MatrixVectorActivation_3_1wcss7_u/project_MatrixVectorActivation_3/sol1/.autopilot/db/dut.hcp $dbDir/a.o.3.bc $dbDir/${topname}.rtl_wrap.cfg.tcl $dbDir/apatb_${topname}.cpp $dbDir/apatb_${topname}_util.cpp $dbDir/apatb_${topname}_ir.ll $dbDir/mapper_${topname}.cpp $dbDir/top-io-fe.xml $dbDir/kernel.internal.xml $workdir/../hls.app 
Execute     autosyn -from_csynth_design=1 
INFO: [HLS 200-10] Starting hardware synthesis ...
INFO-FLOW: Synthesizing C/C++ design ...
INFO: [HLS 200-10] Synthesizing 'MatrixVectorActivation_3' ...
Execute       ap_set_top_model MatrixVectorActivation_3 
Execute       get_model_list MatrixVectorActivation_3 -filter all-wo-channel -topdown 
Execute       preproc_iomode -model MatrixVectorActivation_3 
Execute       preproc_iomode -model Matrix_Vector_Activate_Stream_Batch 
Execute       get_model_list MatrixVectorActivation_3 -filter all-wo-channel 
INFO-FLOW: Model list for configure: Matrix_Vector_Activate_Stream_Batch MatrixVectorActivation_3
INFO-FLOW: Configuring Module : Matrix_Vector_Activate_Stream_Batch ...
Execute       set_default_model Matrix_Vector_Activate_Stream_Batch 
Execute       apply_spec_resource_limit Matrix_Vector_Activate_Stream_Batch 
INFO-FLOW: Configuring Module : MatrixVectorActivation_3 ...
Execute       set_default_model MatrixVectorActivation_3 
Execute       apply_spec_resource_limit MatrixVectorActivation_3 
INFO-FLOW: Model list for preprocess: Matrix_Vector_Activate_Stream_Batch MatrixVectorActivation_3
INFO-FLOW: Preprocessing Module: Matrix_Vector_Activate_Stream_Batch ...
Execute       set_default_model Matrix_Vector_Activate_Stream_Batch 
Execute       cdfg_preprocess -model Matrix_Vector_Activate_Stream_Batch 
Execute       rtl_gen_preprocess Matrix_Vector_Activate_Stream_Batch 
INFO-FLOW: Preprocessing Module: MatrixVectorActivation_3 ...
Execute       set_default_model MatrixVectorActivation_3 
Execute       cdfg_preprocess -model MatrixVectorActivation_3 
Execute       rtl_gen_preprocess MatrixVectorActivation_3 
INFO-FLOW: Model list for synthesis: Matrix_Vector_Activate_Stream_Batch MatrixVectorActivation_3
INFO: [HLS 200-10] ----------------------------------------------------------------
INFO: [HLS 200-42] -- Implementing module 'Matrix_Vector_Activate_Stream_Batch' 
INFO: [HLS 200-10] ----------------------------------------------------------------
Execute       set_default_model Matrix_Vector_Activate_Stream_Batch 
Execute       schedule -model Matrix_Vector_Activate_Stream_Batch 
INFO: [SCHED 204-11] Starting scheduling ...
INFO: [SCHED 204-61] Pipelining loop 'VITIS_LOOP_249_1'.
INFO: [HLS 200-1470] Pipelining result : Target II = 1, Final II = 1, Depth = 6, loop 'VITIS_LOOP_249_1'
WARNING: [HLS 200-871] Estimated clock period (7.591ns) exceeds the target (target clock period: 10ns, clock uncertainty: 2.7ns, effective delay budget: 7.3ns).
WARNING: [HLS 200-1016] The critical path in module 'Matrix_Vector_Activate_Stream_Batch' consists of the following:	'alloca' operation ('nf') [23]  (0 ns)
	'load' operation ('nf', /home/miguel_tfg/FINN-v0.9-Stable/deps/finn-hlslib/activations.hpp:218) on local variable 'nf' [34]  (0 ns)
	'add' operation ('nf', /home/miguel_tfg/FINN-v0.9-Stable/deps/finn-hlslib/mvau.hpp:302) [1216]  (2.55 ns)
	'icmp' operation ('icmp_ln302', /home/miguel_tfg/FINN-v0.9-Stable/deps/finn-hlslib/mvau.hpp:302) [1217]  (2.47 ns)
	'select' operation ('nf', /home/miguel_tfg/FINN-v0.9-Stable/deps/finn-hlslib/mvau.hpp:302) [1218]  (0.698 ns)
	'store' operation ('nf_1_write_ln306', /home/miguel_tfg/FINN-v0.9-Stable/deps/finn-hlslib/mvau.hpp:306) of variable 'nf', /home/miguel_tfg/FINN-v0.9-Stable/deps/finn-hlslib/mvau.hpp:302 on local variable 'nf' [1219]  (1.59 ns)
	blocking operation 0.28 ns on control path)

INFO: [SCHED 204-11] Finished scheduling.
Command       schedule done; 0.51 sec.
INFO: [HLS 200-111] Finished Scheduling: CPU user time: 0.53 seconds. CPU system time: 0.02 seconds. Elapsed time: 0.56 seconds; current allocated memory: 1.558 GB.
Execute       syn_report -verbosereport -o /home/miguel_tfg/FINN-v0.9-Stable/notebooks/UAH_example/FINN_build/code_gen_ipgen_MatrixVectorActivation_3_1wcss7_u/project_MatrixVectorActivation_3/sol1/.autopilot/db/Matrix_Vector_Activate_Stream_Batch.verbose.sched.rpt 
Execute         AP::get_flow_target_display_name
Command       syn_report done; 0.2 sec.
Execute       db_write -o /home/miguel_tfg/FINN-v0.9-Stable/notebooks/UAH_example/FINN_build/code_gen_ipgen_MatrixVectorActivation_3_1wcss7_u/project_MatrixVectorActivation_3/sol1/.autopilot/db/Matrix_Vector_Activate_Stream_Batch.sched.adb -f 
INFO-FLOW: Finish scheduling Matrix_Vector_Activate_Stream_Batch.
Execute       set_default_model Matrix_Vector_Activate_Stream_Batch 
Execute       bind -model Matrix_Vector_Activate_Stream_Batch 
INFO: [BIND 205-100] Starting micro-architecture generation ...
INFO: [BIND 205-101] Performing variable lifetime analysis.
INFO: [BIND 205-101] Exploring resource sharing.
INFO: [BIND 205-101] Binding ...
INFO: [BIND 205-100] Finished micro-architecture generation.
Command       bind done; 0.33 sec.
INFO: [HLS 200-111] Finished Binding: CPU user time: 0.56 seconds. CPU system time: 0 seconds. Elapsed time: 0.56 seconds; current allocated memory: 1.558 GB.
Execute       syn_report -verbosereport -o /home/miguel_tfg/FINN-v0.9-Stable/notebooks/UAH_example/FINN_build/code_gen_ipgen_MatrixVectorActivation_3_1wcss7_u/project_MatrixVectorActivation_3/sol1/.autopilot/db/Matrix_Vector_Activate_Stream_Batch.verbose.bind.rpt 
Execute         AP::get_flow_target_display_name
