image_name,v,w
1.png,13,0.005900000000000001
2.png,13,0.0054
3.png,13,0.0054
4.png,13,0.0054
5.png,13,0.0054
6.png,13,0.0054
7.png,13,0.0054
8.png,13,0.0054
9.png,13,0.0054
10.png,13,0.0054
11.png,13,0.0054
12.png,13,0.0054
13.png,13,0.0054
14.png,13,0.0054
15.png,13,0.0054
16.png,13,0.0054
17.png,13,0.0054
18.png,13,0.0054
19.png,13,0.0054
20.png,13,0.0054
21.png,13,0.0054
22.png,13,0.0054
23.png,13,0.0054
24.png,13,0.0054
25.png,13,0.0054
26.png,13,0.0054
27.png,13,0.0054
28.png,13,0.0054
29.png,13,0.0054
30.png,13,0.0054
31.png,13,0.0054
32.png,13,0.0054
33.png,13,0.0054
34.png,13,0.0054
35.png,13,0.0054
36.png,13,0.0054
37.png,13,0.0054
38.png,13,0.0054
39.png,13,0.0054
40.png,13,0.0054
41.png,13,0.0054
42.png,13,0.0054
43.png,13,0.0054
44.png,13,0.0054
45.png,13,0.0054
46.png,13,0.0054
47.png,13,0.0054
48.png,13,0.0054
49.png,13,0.0054
50.png,13,0.0054
51.png,13,0.0054
52.png,13,0.0054
53.png,13,0.0054
54.png,13,0.0054
55.png,13,0.0054
56.png,13,0.0054
57.png,13,0.0054
58.png,13,0.0054
59.png,13,0.0054
60.png,13,0.0054
61.png,13,0.0054
62.png,13,0.0054
63.png,13,0.0054
64.png,13,0.0054
65.png,13,0.0054
66.png,13,0.0054
67.png,13,0.0054
68.png,13,0.0054
69.png,13,0.0054
70.png,13,0.0054
71.png,13,0.0054
72.png,13,0.0054
73.png,13,0.0054
74.png,13,0.0054
75.png,13,0.0054
76.png,13,0.0054
77.png,13,0.0054
78.png,13,0.0054
79.png,13,0.0054
80.png,13,0.0054
81.png,13,0.0054
82.png,13,0.0054
83.png,13,0.0054
84.png,13,0.0054
85.png,13,0.0054
86.png,13,0.0054
87.png,13,0.0054
88.png,13,0.0054
89.png,13,0.0054
90.png,13,0.0054
91.png,13,0.0054
92.png,13,0.0054
93.png,13,0.0054
94.png,13,0.0054
95.png,13,0.0054
96.png,13,0.0054
97.png,13,0.0054
98.png,13,0.0054
99.png,13,0.0054
100.png,13,0.0054
101.png,13,0.0054
102.png,13,0.0054
103.png,13,0.0054
104.png,13,0.0054
105.png,13,0.0054
106.png,13,0.0054
107.png,13,0.0054
108.png,13,0.0054
109.png,13,0.0054
110.png,13,0.0054
111.png,13,0.0054
112.png,13,0.0054
113.png,13,0.0054
114.png,13,0.0054
115.png,13,0.0054
116.png,13,0.0054
117.png,13,0.0054
118.png,13,0.0054
119.png,13,0.0054
120.png,13,-0.0654
121.png,13,-0.0594
122.png,5,-0.6029000000000001
123.png,5,-0.5750000000000001
124.png,5,-1.1527500000000002
125.png,5,-1.112
126.png,5,-1.7155
127.png,5,-1.6575
128.png,5,-2.0005
129.png,5,-1.976
130.png,-0.6,-1
131.png,-0.6,-1
132.png,-0.6,-1
133.png,-0.6,-1
134.png,-0.6,-1
135.png,-0.6,-1
136.png,-0.6,-1
137.png,-0.6,-1
138.png,-0.6,-1
139.png,-0.6,-1
140.png,-0.6,-1
141.png,-0.6,-1
142.png,-0.6,-1
143.png,-0.6,-1
144.png,-0.6,-1
145.png,-0.6,-1
146.png,5,-2.0635
147.png,5,-2.05725
148.png,5,-2.00825
149.png,5,-2.0117499999999997
150.png,5,-1.9627499999999998
151.png,5,-1.9662499999999998
152.png,5,-1.88225
153.png,5,-1.88825
154.png,5,-1.67475
155.png,5,-1.69
156.png,5,-1.3995
157.png,5,-1.42025
158.png,5,-1.1695
159.png,5,-1.1935
160.png,5,-0.811
161.png,5,-0.8365
162.png,5,-0.4465
163.png,5,-0.47250000000000003
164.png,5,-0.09425
165.png,5,-0.12
166.png,5,0.28859999999999997
167.png,5,0.26535
168.png,13,0.38300000000000006
169.png,13,0.36450000000000005
170.png,5,0.8264499999999999
171.png,5,0.8134499999999999
172.png,5,0.83725
173.png,5,0.8320000000000001
174.png,5,0.84
175.png,5,0.8362499999999999
176.png,5,0.64025
177.png,5,0.6525
178.png,5,0.3605
179.png,5,0.37875
180.png,5,-0.0012500000000000011
181.png,5,0.0225
182.png,5,-0.47529999999999994
183.png,5,-0.44804999999999995
184.png,5,-1.1245
185.png,5,-1.09
186.png,5,-1.4588999999999999
187.png,5,-1.43115
188.png,5,-1.71125
189.png,5,-1.688
190.png,5,-1.9132500000000001
191.png,5,-1.9000000000000001
192.png,5,-1.62075
193.png,5,-1.6152499999999999
194.png,5,-1.59075
195.png,5,-1.5925
196.png,5,-1.4665000000000001
197.png,5,-1.4755
198.png,5,-1.5505
199.png,5,-1.56
200.png,5,-1.3639999999999999
201.png,5,-1.37625
202.png,5,-1.15625
203.png,5,-1.17
204.png,5,-0.89
205.png,5,-0.9075
206.png,5,-0.6115
207.png,5,-0.63
208.png,5,-0.366
209.png,5,-0.384
210.png,5,-0.16919999999999996
211.png,5,-0.18269999999999997
212.png,5,-0.0574
213.png,5,-0.0644
214.png,5,-0.0644
215.png,5,-0.0223
216.png,5,-0.025
217.png,13,-0.025300000000000003
218.png,13,-0.024300000000000002
219.png,5,-0.1245
220.png,5,-0.12
221.png,13,-0.1356
222.png,13,-0.1296
223.png,5,-0.7446
224.png,5,-0.7176
225.png,5,-1.0006
226.png,5,-0.9831
227.png,5,-1.6155
228.png,5,-1.5675
229.png,5,-1.754
230.png,5,-1.72575
231.png,5,-1.96025
232.png,5,-1.9435
233.png,5,-2.066
234.png,5,-2.05725
235.png,-0.6,-1
236.png,-0.6,-1
237.png,-0.6,-1
238.png,-0.6,-1
239.png,-0.6,-1
240.png,-0.6,-1
241.png,-0.6,-1
242.png,-0.6,-1
243.png,-0.6,-1
244.png,-0.6,-1
245.png,-0.6,-1
246.png,-0.6,-1
247.png,-0.6,-1
248.png,5,-2.0712499999999996
249.png,5,-2.0702499999999997
250.png,5,-2.0702499999999997
251.png,5,-2.01775
252.png,5,-1.969
253.png,5,-1.97275
254.png,5,-1.97275
255.png,5,-1.86425
256.png,5,-1.8719999999999999
257.png,5,-1.606
258.png,5,-1.625
259.png,5,-1.2994999999999999
260.png,5,-1.3227499999999999
261.png,5,-1.3227499999999999
262.png,5,-1.0195
263.png,5,-1.0465
264.png,5,-1.0465
265.png,5,-0.634
266.png,5,-0.6615
267.png,5,-0.26875
268.png,5,-0.29625
269.png,5,0.12775
270.png,5,0.10124999999999999
271.png,5,0.10124999999999999
272.png,5,0.5607
273.png,5,0.8263499999999999
274.png,5,0.8090999999999999
275.png,5,0.8090999999999999
276.png,5,0.91825
277.png,5,0.908
278.png,5,0.908
279.png,5,0.87825
280.png,5,0.88
281.png,5,0.701
282.png,5,0.70875
283.png,5,0.48075
284.png,5,0.495
285.png,5,0.495
286.png,5,0.187
287.png,5,0.20625
288.png,5,-0.154
289.png,5,-0.132
290.png,5,-0.132
291.png,5,-0.6416499999999999
292.png,5,-1.0965500000000001
293.png,5,-1.0718
294.png,5,-1.0718
295.png,5,-1.0718
296.png,9,-0.82195
297.png,9,-0.7987
298.png,9,-0.7987
299.png,5,-1.508
300.png,5,-1.496
301.png,5,-1.496
302.png,5,-1.5385
303.png,5,-1.53
304.png,5,-1.739
305.png,5,-1.7095
306.png,5,-1.7095
307.png,5,-1.7794999999999999
308.png,5,-1.7289999999999999
309.png,5,-1.7322499999999998
310.png,5,-1.7322499999999998
311.png,5,-1.7322499999999998
312.png,5,-1.60625
313.png,5,-1.43675
314.png,5,-1.4495
315.png,5,-1.4495
316.png,5,-1.4044999999999999
317.png,5,-1.42125
318.png,5,-1.42125
319.png,5,-1.0827499999999999
320.png,5,-0.814
321.png,5,-0.833
322.png,5,-0.833
323.png,5,-0.833
324.png,5,-0.5565
325.png,5,-0.5775
326.png,5,-0.5775
327.png,5,-0.4035
328.png,5,-0.41600000000000004
329.png,5,-0.41600000000000004
330.png,5,-0.2885
331.png,5,-0.296
332.png,5,-0.296
333.png,5,-0.2759
334.png,5,-0.2692
335.png,5,-0.2697
336.png,5,-0.2697
337.png,5,-0.2697
338.png,5,-0.2605
339.png,5,-0.261
340.png,5,-0.261
341.png,5,-0.25179999999999997
342.png,5,-0.25229999999999997
343.png,5,-0.25229999999999997
344.png,5,-0.25229999999999997
345.png,5,-0.24309999999999998
346.png,5,-0.24359999999999998
347.png,5,-0.24359999999999998
348.png,5,-0.24359999999999998
349.png,5,-0.24359999999999998
350.png,5,-0.2344
351.png,5,-0.2349
352.png,5,-0.2349
353.png,5,-0.2349
354.png,5,-0.23029999999999998
355.png,5,-0.23054999999999998
356.png,5,-0.23054999999999998
357.png,5,-0.22594999999999998
358.png,5,-0.22619999999999998
359.png,5,-0.22619999999999998
360.png,5,-0.22619999999999998
361.png,5,-0.21699999999999997
362.png,5,-0.21749999999999997
363.png,5,-0.21749999999999997
364.png,5,-0.21749999999999997
365.png,5,-0.21749999999999997
366.png,5,-0.21749999999999997
367.png,5,-0.20829999999999999
368.png,5,-0.20879999999999999
369.png,5,-0.20879999999999999
370.png,5,-0.20879999999999999
371.png,5,-0.2042
372.png,5,-0.20445
373.png,5,-0.20445
374.png,5,-0.19985
375.png,5,-0.2001
376.png,5,-0.2001
377.png,5,-0.2001
378.png,5,-0.2001
379.png,5,-0.2001
380.png,5,-0.19549999999999998
381.png,5,-0.19574999999999998
382.png,5,-0.19574999999999998
383.png,5,-0.19115
384.png,5,-0.1914
385.png,5,-0.1914
386.png,5,-0.1914
387.png,5,-0.1868
388.png,5,-0.18705
389.png,5,-0.18705
390.png,5,-0.18244999999999997
391.png,5,-0.18269999999999997
392.png,5,-0.18269999999999997
393.png,5,-0.19319999999999998
394.png,5,-0.19319999999999998
395.png,5,-0.18835
396.png,5,-0.1886
397.png,5,-0.18375
398.png,5,-0.184
399.png,5,-0.17915
400.png,5,-0.1794
401.png,5,-0.1794
402.png,5,-0.17455
403.png,5,-0.1748
404.png,5,-0.1748
405.png,5,-0.1748
406.png,5,-0.1748
407.png,5,-0.1748
408.png,5,-0.1651
409.png,5,-0.1656
410.png,5,-0.1656
411.png,5,-0.1656
412.png,5,-0.1656
413.png,5,-0.1656
414.png,5,-0.16075
415.png,5,-0.161
416.png,5,-0.161
417.png,5,-0.15614999999999998
418.png,5,-0.15639999999999998
419.png,5,-0.15155
420.png,5,-0.1518
421.png,5,-0.1518
422.png,5,-0.14695
423.png,5,-0.1472
424.png,5,-0.14235
425.png,5,-0.1426
426.png,5,-0.13775
427.png,5,-0.138
428.png,5,-0.1283
429.png,5,-0.1288
430.png,5,-0.1288
431.png,5,-0.12395
432.png,5,-0.1242
433.png,5,-0.11935
434.png,5,-0.1196
435.png,5,-0.1099
436.png,5,-0.1104
437.png,5,-0.1104
438.png,5,-0.10555
439.png,5,-0.1058
440.png,5,-0.10095
441.png,5,-0.1012
442.png,5,-0.0915
443.png,5,-0.092
444.png,5,-0.0823
445.png,5,-0.0828
446.png,5,-0.07794999999999999
447.png,5,-0.07819999999999999
448.png,5,-0.07335
449.png,5,-0.0736
450.png,5,-0.0694
451.png,5,-0.07
452.png,5,-0.059399999999999994
453.png,5,-0.06
454.png,5,-0.0494
455.png,5,-0.05
456.png,5,-0.05
457.png,5,-0.0447
458.png,5,-0.045
459.png,5,-0.0397
460.png,5,-0.04
461.png,5,-0.04
462.png,5,-0.0294
463.png,5,-0.03
464.png,5,-0.03
465.png,5,-0.0194
466.png,5,-0.02
467.png,5,-0.02
468.png,5,-0.0147
469.png,5,-0.015
470.png,5,-0.0097
471.png,5,-0.01
472.png,5,0.0006
473.png,5,-0.0
474.png,5,0.0053
475.png,5,0.005
476.png,5,0.005
477.png,5,0.0103
478.png,5,0.01
479.png,5,0.01
480.png,5,0.0153
481.png,5,0.015
482.png,5,0.020300000000000002
483.png,5,0.02
484.png,5,0.025300000000000003
485.png,5,0.025
486.png,5,0.025
487.png,5,0.0303
488.png,5,0.03
489.png,5,0.03
490.png,5,0.03
491.png,5,0.0512
492.png,5,0.05
493.png,13,0.062400000000000004
494.png,13,0.12430000000000001
495.png,13,0.1188
496.png,13,0.1188
497.png,13,0.21615
498.png,13,0.2079
499.png,5,0.9283499999999999
500.png,5,0.8960999999999999
501.png,5,1.7505
502.png,5,1.696
503.png,-0.6,1
504.png,-0.6,1
505.png,-0.6,1
506.png,-0.6,1
507.png,-0.6,1
508.png,-0.6,1
509.png,-0.6,1
510.png,-0.6,1
511.png,-0.6,1
512.png,-0.6,1
513.png,-0.6,1
514.png,-0.6,1
515.png,-0.6,1
516.png,-0.6,1
517.png,-0.6,1
518.png,-0.6,1
519.png,-0.6,1
520.png,-0.6,1
521.png,-0.6,1
522.png,-0.6,1
523.png,-0.6,1
524.png,-0.6,1
525.png,5,2.1199999999999997
526.png,5,2.0669999999999997
527.png,5,2.0145
528.png,5,2.01825
529.png,5,1.9622499999999998
530.png,5,1.9662499999999998
531.png,5,1.89625
532.png,5,1.9012499999999999
533.png,5,1.72975
534.png,5,1.742
535.png,5,1.49
536.png,5,1.2105
537.png,5,1.23175
538.png,5,1.23175
539.png,5,0.9740000000000001
540.png,5,0.9975
541.png,5,0.6900000000000001
542.png,5,0.7105
543.png,5,0.40525
544.png,5,0.09949999999999999
545.png,5,0.12
546.png,5,0.12
547.png,5,-0.20579999999999998
548.png,5,-0.18705
549.png,5,-0.4429
550.png,5,-0.43
551.png,5,-0.5120999999999999
552.png,5,-0.5045999999999999
553.png,5,-0.49374999999999997
554.png,5,-0.492
555.png,5,-0.41125000000000006
556.png,5,-0.41600000000000004
557.png,5,-0.24175
558.png,5,-0.252
559.png,5,-0.0055
560.png,5,0.30945
561.png,5,0.29145
562.png,5,0.29145
563.png,13,0.41690000000000005
564.png,13,0.39690000000000003
565.png,5,0.9914499999999999
566.png,5,0.9752
567.png,5,1.2395999999999998
568.png,5,1.2223499999999998
569.png,5,1.71825
570.png,5,1.66075
571.png,5,1.9197499999999998
572.png,5,1.9012499999999999
573.png,5,1.9537499999999999
574.png,5,1.95
575.png,5,1.943
576.png,5,1.9435
577.png,5,1.8805
578.png,5,1.885
579.png,5,1.6925
580.png,5,1.7062499999999998
581.png,5,1.45775
582.png,5,1.4755
583.png,5,1.274
584.png,5,1.295
585.png,5,0.9837499999999999
586.png,5,1.0045
587.png,5,0.8320000000000001
588.png,5,0.8435
589.png,5,0.78775
590.png,5,0.7949999999999999
591.png,5,0.727
592.png,5,0.73125
593.png,5,0.66725
594.png,5,0.67125
595.png,5,0.60325
596.png,5,0.6074999999999999
597.png,5,0.5275
598.png,5,0.5325
599.png,5,0.4365
600.png,5,0.4425
601.png,5,0.32249999999999995
602.png,5,0.32999999999999996
603.png,5,0.19475
604.png,5,0.20400000000000001
605.png,5,0.02975
606.png,5,0.04
607.png,5,-0.1543
608.png,5,-0.14354999999999998
609.png,5,-0.3876
610.png,5,-0.375
611.png,5,-0.5605
612.png,5,-0.55
613.png,5,-0.6320999999999999
614.png,5,-0.6255999999999999
615.png,5,-0.6422
616.png,5,-0.63945
617.png,5,-0.6164499999999999
618.png,5,-0.6176999999999999
619.png,5,-0.5440999999999999
620.png,5,-0.5480999999999999
621.png,5,-0.45609999999999995
622.png,5,-0.46109999999999995
623.png,5,-0.38749999999999996
624.png,5,-0.39149999999999996
625.png,5,-0.3455
626.png,5,-0.348
627.png,5,-0.32039999999999996
628.png,5,-0.32189999999999996
629.png,5,-0.3081
630.png,5,-0.30884999999999996
631.png,5,-0.29505
632.png,5,-0.29579999999999995
633.png,5,-0.28659999999999997
634.png,5,-0.28709999999999997
635.png,5,-0.28250000000000003
636.png,5,-0.28275
637.png,5,-0.27815
638.png,5,-0.2784
639.png,5,-0.2692
640.png,5,-0.2697
641.png,5,-0.2651
642.png,5,-0.26535
643.png,5,-0.26075000000000004
644.png,5,-0.261
645.png,5,-0.2564
646.png,5,-0.25665
647.png,5,-0.25205
648.png,5,-0.25229999999999997
649.png,5,-0.24769999999999998
650.png,5,-0.24794999999999998
651.png,5,-0.24334999999999998
652.png,5,-0.24359999999999998
653.png,5,-0.239
654.png,5,-0.23925
655.png,5,-0.23465
656.png,5,-0.2349
657.png,5,-0.2349
658.png,5,-0.2349
659.png,5,-0.22569999999999998
660.png,5,-0.22619999999999998
661.png,5,-0.22619999999999998
662.png,5,-0.22619999999999998
663.png,5,-0.21699999999999997
664.png,5,-0.21749999999999997
665.png,5,-0.21749999999999997
666.png,5,-0.21749999999999997
667.png,5,-0.20829999999999999
668.png,5,-0.20879999999999999
669.png,5,-0.20879999999999999
670.png,5,-0.20879999999999999
671.png,5,-0.1996
672.png,5,-0.2001
673.png,5,-0.2001
674.png,5,-0.2001
675.png,5,-0.1909
676.png,5,-0.1914
677.png,5,-0.1914
678.png,5,-0.1914
679.png,5,-0.18219999999999997
680.png,5,-0.18269999999999997
681.png,5,-0.18269999999999997
682.png,5,-0.18269999999999997
683.png,5,-0.1735
684.png,5,-0.174
685.png,5,-0.1694
686.png,5,-0.16965
687.png,5,-0.16505
688.png,5,-0.1653
689.png,5,-0.1651
690.png,5,-0.1656
691.png,5,-0.16075
692.png,5,-0.161
693.png,5,-0.15614999999999998
694.png,5,-0.15639999999999998
695.png,5,-0.1467
696.png,5,-0.1472
697.png,5,-0.1375
698.png,5,-0.138
699.png,5,-0.1283
700.png,5,-0.1288
701.png,5,-0.1191
702.png,5,-0.1196
703.png,5,-0.1099
704.png,5,-0.1104
705.png,5,-0.1007
706.png,5,-0.1012
707.png,5,-0.0915
708.png,5,-0.092
709.png,5,-0.0823
710.png,5,-0.0828
711.png,5,-0.0731
712.png,5,-0.0736
713.png,5,-0.0639
714.png,5,-0.0644
715.png,5,-0.0547
716.png,5,-0.0552
717.png,5,-0.0494
718.png,5,-0.05
719.png,5,-0.0394
720.png,5,-0.04
721.png,5,-0.0241
722.png,5,-0.025
723.png,5,-0.0144
724.png,5,-0.015
725.png,5,-0.0044
726.png,5,-0.005
727.png,5,0.0056
728.png,5,0.005
729.png,5,0.0156
730.png,5,0.015
731.png,5,0.020300000000000002
732.png,5,0.02
733.png,5,0.0306
734.png,5,0.03
735.png,5,0.035300000000000005
736.png,5,0.035
737.png,5,0.0403
738.png,5,0.04
739.png,5,0.0453
740.png,5,0.045
741.png,5,0.050300000000000004
742.png,5,0.05
743.png,5,0.05
744.png,5,0.05
745.png,5,0.0553
746.png,5,0.055
747.png,5,0.0603
748.png,5,0.06
749.png,5,0.06
750.png,5,0.06
751.png,5,0.06
752.png,5,0.06
753.png,5,0.06
754.png,5,0.06
755.png,5,0.06
756.png,5,0.06
757.png,5,0.06
758.png,5,0.06
759.png,13,0.0324
760.png,13,0.0324
761.png,13,0.0324
762.png,13,0.0324
763.png,13,0.0324
764.png,13,0.0324
765.png,13,0.0442
766.png,13,0.0432
767.png,5,0.10120000000000001
768.png,5,0.1
769.png,5,0.1212
770.png,5,0.12
771.png,5,0.1306
772.png,5,0.13
773.png,5,0.13
774.png,5,0.13
775.png,5,0.1247
776.png,5,0.125
777.png,5,0.1197
778.png,5,0.12
779.png,5,0.12
780.png,5,0.12
781.png,5,0.11470000000000001
782.png,5,0.115
783.png,5,0.1097
784.png,5,0.11
785.png,5,0.11
786.png,5,0.11
787.png,5,0.1047
788.png,5,0.105
789.png,5,0.09970000000000001
790.png,5,0.1
791.png,5,0.1
792.png,5,0.1
793.png,5,0.1
794.png,5,0.1
795.png,5,0.1
796.png,5,0.1
797.png,5,0.0947
798.png,5,0.095
799.png,5,0.095
800.png,5,0.095
801.png,5,0.0897
802.png,5,0.09
803.png,5,0.09
804.png,5,0.09
805.png,5,0.09
806.png,5,0.09
807.png,5,0.09
808.png,5,0.09
809.png,5,0.09
810.png,5,0.09
811.png,5,0.08470000000000001
812.png,5,0.085
813.png,5,0.085
814.png,5,0.085
815.png,5,0.085
816.png,5,0.085
817.png,5,0.085
818.png,5,0.085
819.png,5,0.07970000000000001
820.png,5,0.08
821.png,5,0.08
822.png,5,0.08
823.png,5,0.08
824.png,5,0.08
825.png,5,0.08
826.png,5,0.08
827.png,5,0.08
828.png,5,0.08
829.png,5,0.08
830.png,5,0.08
831.png,5,0.08
832.png,5,0.08
833.png,5,0.08
834.png,5,0.08
835.png,5,0.08
836.png,5,0.08
837.png,5,0.08
838.png,5,0.08
839.png,5,0.08
840.png,5,0.08
841.png,5,0.0747
842.png,5,0.075
843.png,5,0.075
844.png,5,0.075
845.png,5,0.075
846.png,5,0.075
847.png,5,0.075
848.png,5,0.075
849.png,5,0.075
850.png,5,0.075
851.png,5,0.075
852.png,5,0.075
853.png,5,0.075
854.png,5,0.075
855.png,5,0.075
856.png,5,0.075
857.png,5,0.06970000000000001
858.png,5,0.07
859.png,5,0.0912
860.png,5,0.09
861.png,5,0.1642
862.png,5,0.16
863.png,5,0.2872
864.png,5,0.28
865.png,5,0.4602
866.png,5,0.45
867.png,5,0.63225
868.png,5,0.621
869.png,5,0.8402499999999999
870.png,5,0.8264999999999999
871.png,5,1.1392999999999998
872.png,5,1.1222999999999999
873.png,5,1.3295000000000001
874.png,5,1.312
875.png,5,1.542
876.png,5,1.5225
877.png,5,1.5995
878.png,5,1.5795
879.png,5,1.8315
880.png,5,1.8135
881.png,5,1.9605
882.png,5,1.95
883.png,5,2.041
884.png,5,2.0345
885.png,-0.6,1
886.png,-0.6,1
887.png,5,2.0694999999999997
888.png,5,2.0669999999999997
889.png,5,1.9969999999999999
890.png,5,2.002
891.png,5,1.9284999999999999
892.png,5,1.9337499999999999
893.png,5,1.76925
894.png,5,1.781
895.png,5,1.494
896.png,5,1.5145
897.png,5,1.1784999999999999
898.png,5,1.2025
899.png,5,0.90125
900.png,5,0.9275
901.png,5,0.53
902.png,5,0.5565
903.png,5,0.18025
904.png,5,0.20625
905.png,5,-0.188
906.png,5,-0.164
907.png,5,-0.6343
908.png,5,-0.61
909.png,5,-0.7883
910.png,5,-0.7743
911.png,5,-0.8310000000000001
912.png,5,-0.8240000000000001
913.png,5,-0.7815000000000001
914.png,5,-0.784
915.png,5,-0.5830000000000001
916.png,5,-0.5925
917.png,5,-0.3445
918.png,5,-0.36
919.png,5,-0.023999999999999997
920.png,5,-0.045
921.png,5,0.3848
922.png,5,0.36105
923.png,13,0.52795
924.png,13,0.5022
925.png,5,1.3551499999999999
926.png,5,1.3294
927.png,5,1.66655
928.png,5,1.6442999999999999
929.png,5,2.058
930.png,5,1.9987499999999998
931.png,-0.6,1
932.png,-0.6,1
933.png,-0.6,1
934.png,-0.6,1
935.png,-0.6,1
936.png,-0.6,1
937.png,5,2.04425
938.png,5,2.041
939.png,5,1.9849999999999999
940.png,5,1.9889999999999999
941.png,5,1.94
942.png,5,1.9435
943.png,5,1.8139999999999998
944.png,5,1.8232499999999998
945.png,5,1.55375
946.png,5,1.573
947.png,5,1.265
948.png,5,1.287
949.png,5,1.10475
950.png,5,1.1235
951.png,5,0.9585
952.png,5,0.9695
953.png,5,0.8645
954.png,5,0.8715
955.png,5,0.7815
956.png,5,0.7875
957.png,5,0.6975
958.png,5,0.7035
959.png,5,0.63375
960.png,5,0.64125
961.png,5,0.48924999999999996
962.png,5,0.49874999999999997
963.png,5,0.31475
964.png,5,0.32625
965.png,5,0.10225
966.png,5,0.11624999999999999
967.png,5,-0.131
968.png,5,-0.116
969.png,5,-0.4244
970.png,5,-0.4094
971.png,5,-0.7100000000000001
972.png,5,-0.6950000000000001
973.png,5,-0.78865
974.png,5,-0.77865
975.png,5,-0.8798499999999999
976.png,5,-0.87435
977.png,5,-0.7955000000000001
978.png,5,-0.796
979.png,5,-0.72375
980.png,5,-0.728
981.png,5,-0.592
982.png,5,-0.6
983.png,5,-0.4555
984.png,5,-0.464
985.png,5,-0.39175000000000004
986.png,5,-0.396
987.png,5,-0.37475
988.png,5,-0.376
989.png,5,-0.3845
990.png,5,-0.384
991.png,5,-0.41800000000000004
992.png,5,-0.41600000000000004
993.png,5,-0.47550000000000003
994.png,5,-0.47200000000000003
995.png,5,-0.5485
996.png,5,-0.544
997.png,5,-0.6375
998.png,5,-0.632
999.png,5,-0.751
1000.png,5,-0.744
1001.png,5,-0.8714999999999999
1002.png,5,-0.864
1003.png,5,-1.00425
1004.png,5,-0.996
1005.png,5,-1.0777499999999998
1006.png,5,-1.0687499999999999
1007.png,5,-1.0687499999999999
1008.png,5,-1.20475
1009.png,5,-1.19625
1010.png,5,-1.33225
1011.png,5,-1.32375
1012.png,5,-1.44375
1013.png,5,-1.43625
1014.png,5,-1.43625
1015.png,5,-1.5282499999999999
1016.png,5,-1.351
1017.png,5,-1.34875
1018.png,5,-1.34875
1019.png,5,-1.3207499999999999
1020.png,5,-1.3227499999999999
1021.png,5,-1.3195000000000001
1022.png,5,-1.3265
1023.png,5,-1.3265
1024.png,5,-1.154
1025.png,5,-1.1655
1026.png,5,-0.9367500000000001
1027.png,5,-0.9520000000000001
1028.png,5,-0.6745000000000001
1029.png,5,-0.6930000000000001
1030.png,5,-0.4185
1031.png,5,-0.43875
1032.png,5,-0.11475
1033.png,5,-0.135
1034.png,5,0.179
1035.png,5,0.16
1036.png,5,0.16
1037.png,5,0.5551
1038.png,5,0.74925
1039.png,5,0.736
1040.png,5,0.736
1041.png,5,0.736
1042.png,5,0.8432
1043.png,5,0.8351999999999999
1044.png,5,0.7425
1045.png,5,0.744
1046.png,5,0.642
1047.png,5,0.648
1048.png,5,0.648
1049.png,5,0.4525
1050.png,5,0.464
1051.png,5,0.464
1052.png,5,0.22599999999999998
1053.png,5,0.24
1054.png,5,0.24
1055.png,5,0.0033999999999999985
1056.png,5,0.0174
1057.png,5,-0.2662
1058.png,5,-0.25
1059.png,5,-0.25
1060.png,5,-0.5256
1061.png,5,-0.51
1062.png,5,-0.6632
1063.png,5,-0.6532
1064.png,5,-0.7372999999999998
1065.png,5,-0.7307999999999999
1066.png,5,-0.73575
1067.png,5,-0.732
1068.png,5,-0.75325
1069.png,5,-0.752
1070.png,5,-0.7435
1071.png,5,-0.744
1072.png,5,-0.71
1073.png,5,-0.712
1074.png,5,-0.6525000000000001
1075.png,5,-0.656
1076.png,5,-0.5795
1077.png,5,-0.584
1078.png,5,-0.4905
1079.png,5,-0.496
1080.png,5,-0.496
1081.png,5,-0.40675000000000006
1082.png,5,-0.41200000000000003
1083.png,5,-0.32275000000000004
1084.png,5,-0.328
1085.png,5,-0.328
1086.png,5,-0.2739
1087.png,5,-0.2784
1088.png,5,-0.21399999999999997
1089.png,5,-0.21749999999999997
1090.png,5,-0.1718
1091.png,5,-0.1748
1092.png,5,-0.136
1093.png,5,-0.138
1094.png,5,-0.1288
1095.png,5,-0.13
1096.png,5,-0.13
1097.png,5,-0.13
1098.png,5,-0.13
1099.png,5,-0.1512
1100.png,5,-0.15
1101.png,5,-0.15
1102.png,5,-0.1818
1103.png,5,-0.18
1104.png,5,-0.22240000000000001
1105.png,5,-0.22
1106.png,5,-0.22
1107.png,5,-0.2624
1108.png,5,-0.26
1109.png,5,-0.3077
1110.png,5,-0.305
1111.png,5,-0.34740000000000004
1112.png,5,-0.34500000000000003
1113.png,5,-0.3768
1114.png,5,-0.375
1115.png,5,-0.375
1116.png,5,-0.3644
1117.png,5,-0.3634
1118.png,5,-0.36824999999999997
1119.png,5,-0.368
1120.png,5,-0.3777
1121.png,5,-0.3772
1122.png,5,-0.38204999999999995
1123.png,5,-0.3818
1124.png,5,-0.3818
1125.png,5,-0.37695
1126.png,5,-0.3772
1127.png,5,-0.37235
1128.png,5,-0.3726
1129.png,5,-0.3629
1130.png,5,-0.34885000000000005
1131.png,5,-0.3496
1132.png,5,-0.3496
1133.png,5,-0.3302
1134.png,5,-0.3312
1135.png,5,-0.3215
1136.png,5,-0.322
1137.png,5,-0.32880000000000004
1138.png,5,-0.33
1139.png,5,-0.33
1140.png,5,-0.3194
1141.png,5,-0.3041
1142.png,5,-0.305
1143.png,5,-0.28909999999999997
1144.png,5,-0.29
1145.png,5,-0.29
1146.png,5,-0.2847
1147.png,5,-0.28500000000000003
1148.png,5,-0.28500000000000003
1149.png,5,-0.28500000000000003
1150.png,5,-0.28500000000000003
1151.png,5,-0.28500000000000003
1152.png,5,-0.28500000000000003
1153.png,5,-0.2903
1154.png,5,-0.3006
1155.png,5,-0.3
1156.png,5,-0.3
1157.png,5,-0.3106
1158.png,5,-0.31
1159.png,5,-0.3206
1160.png,5,-0.32
1161.png,5,-0.33590000000000003
1162.png,5,-0.335
1163.png,5,-0.35090000000000005
1164.png,5,-0.35000000000000003
1165.png,5,-0.3606
1166.png,5,-0.3653
1167.png,5,-0.365
1168.png,5,-0.365
1169.png,5,-0.3703
1170.png,5,-0.3594
1171.png,5,-0.36
1172.png,5,-0.36
1173.png,5,-0.36
1174.png,5,-0.34940000000000004
1175.png,5,-0.35000000000000003
1176.png,5,-0.33940000000000003
1177.png,5,-0.34
1178.png,5,-0.34
1179.png,5,-0.3294
1180.png,5,-0.33
1181.png,5,-0.3194
1182.png,5,-0.32
1183.png,5,-0.32
1184.png,5,-0.32
1185.png,5,-0.3094
1186.png,5,-0.31
1187.png,5,-0.31
1188.png,5,-0.3206
1189.png,5,-0.32
1190.png,5,-0.32
1191.png,5,-0.35180000000000006
1192.png,5,-0.35000000000000003
1193.png,5,-0.403
1194.png,5,-0.4848
1195.png,5,-0.48
1196.png,5,-0.5192
1197.png,5,-0.5152
1198.png,5,-0.5152
1199.png,5,-0.57
1200.png,5,-0.6575
1201.png,5,-0.6525
1202.png,5,-0.6977500000000001
1203.png,5,-0.6920000000000001
1204.png,5,-0.7897500000000001
1205.png,5,-0.784
1206.png,5,-0.89025
1207.png,5,-0.884
1208.png,5,-0.986
1209.png,5,-0.98
1210.png,5,-0.98
1211.png,5,-1.00675
1212.png,5,-1.00125
1213.png,5,-1.0812499999999998
1214.png,5,-1.07625
1215.png,5,-1.14825
1216.png,5,-1.1917499999999999
1217.png,5,-1.18875
1218.png,5,-1.21275
1219.png,5,-1.21125
1220.png,5,-1.21125
1221.png,5,-1.093
1222.png,5,-1.0955
1223.png,5,-0.998
1224.png,5,-1.0045
1225.png,5,-0.8245
1226.png,5,-0.8365
1227.png,5,-0.6115
1228.png,5,-0.39125
1229.png,5,-0.40875
1230.png,5,-0.40875
1231.png,5,-0.11275
1232.png,5,-0.13125
1233.png,5,0.11925000000000001
1234.png,5,0.42515
1235.png,5,0.4094
1236.png,5,0.4094
1237.png,5,0.7364999999999999
1238.png,5,0.72
1239.png,5,0.7322
1240.png,5,0.7264499999999999
1241.png,5,0.7908499999999999
1242.png,5,0.6857500000000001
1243.png,5,0.6880000000000001
1244.png,5,0.58175
1245.png,5,0.588
1246.png,5,0.588
1247.png,5,0.4435
1248.png,5,0.452
1249.png,5,0.282
1250.png,5,0.292
1251.png,5,0.08295
1252.png,5,0.0957
1253.png,5,-0.1656
1254.png,5,-0.15
1255.png,5,-0.4362
1256.png,5,-0.42
1257.png,5,-0.5861999999999999
1258.png,5,-0.5741999999999999
1259.png,5,-0.6937500000000001
1260.png,5,-0.684
1261.png,5,-0.77325
1262.png,5,-0.768
1263.png,5,-0.802
1264.png,5,-0.8
1265.png,5,-0.78725
1266.png,5,-0.788
1267.png,5,-0.6667500000000001
1268.png,5,-0.67125
1269.png,5,-0.55925
1270.png,5,-0.56625
1271.png,5,-0.44675000000000004
1272.png,5,-0.456
1273.png,5,-0.28175
1274.png,5,-0.292
1275.png,5,-0.10500000000000001
1276.png,5,-0.116
1277.png,5,0.07164999999999999
1278.png,5,0.060899999999999996
1279.png,5,0.2767
1280.png,5,0.265
1281.png,13,0.23750000000000002
1282.png,13,0.2295
1283.png,5,0.50255
1284.png,5,0.4968
1285.png,5,0.5065999999999999
1286.png,5,0.5045999999999999
1287.png,5,0.6
1288.png,5,0.592
1289.png,5,0.5325000000000001
1290.png,5,0.536
1291.png,5,0.41275
1292.png,5,0.42
1293.png,5,0.23725
1294.png,5,0.248
1295.png,5,0.0397
1296.png,5,0.052199999999999996
1297.png,5,-0.22619999999999998
1298.png,5,-0.21
1299.png,5,-0.4909
1300.png,5,-0.47500000000000003
1301.png,5,-0.63405
1302.png,5,-0.62205
1303.png,5,-0.7164999999999999
1304.png,5,-0.708
1305.png,5,-0.793
1306.png,5,-0.788
1307.png,5,-0.80925
1308.png,5,-0.808
1309.png,5,-0.774
1310.png,5,-0.776
1311.png,5,-0.6910000000000001
1312.png,5,-0.6960000000000001
1313.png,5,-0.56425
1314.png,5,-0.5720000000000001
1315.png,5,-0.40625000000000006
1316.png,5,-0.41600000000000004
1317.png,5,-0.22475
1318.png,5,-0.23600000000000002
1319.png,5,-0.04045
1320.png,5,-0.052199999999999996
1321.png,5,0.15335000000000001
1322.png,5,0.1426
1323.png,5,0.3617
1324.png,5,0.35000000000000003
1325.png,5,0.509
1326.png,5,0.5
1327.png,5,0.5177999999999999
1328.png,5,0.5133
1329.png,5,0.5225
1330.png,5,0.522
1331.png,5,0.4668
1332.png,5,0.4698
1333.png,5,0.35939999999999994
1334.png,5,0.36539999999999995
1335.png,5,0.20899999999999996
1336.png,5,0.21749999999999997
1337.png,5,0.04085
1338.png,5,0.0506
1339.png,5,-0.1729
1340.png,5,-0.16
1341.png,5,-0.37729999999999997
1342.png,5,-0.365
1343.png,5,-0.5200999999999999
1344.png,5,-0.5105999999999999
1345.png,5,-0.6116499999999999
1346.png,5,-0.6046499999999999
1347.png,5,-0.62825
1348.png,5,-0.624
1349.png,5,-0.641
1350.png,5,-0.64
1351.png,5,-0.61025
1352.png,5,-0.612
1353.png,5,-0.544
1354.png,5,-0.548
1355.png,5,-0.45025000000000004
1356.png,5,-0.456
1357.png,5,-0.3285
1358.png,5,-0.336
1359.png,5,-0.2
1360.png,5,-0.20800000000000002
1361.png,5,-0.06519999999999998
1362.png,5,-0.07394999999999999
1363.png,5,0.07214999999999999
1364.png,5,0.0644
1365.png,5,0.2237
1366.png,5,0.215
1367.png,5,0.33690000000000003
1368.png,5,0.33
1369.png,5,0.3715
1370.png,5,0.368
1371.png,5,0.35719999999999996
1372.png,5,0.35669999999999996
1373.png,5,0.31989999999999996
1374.png,5,0.32189999999999996
1375.png,5,0.23909999999999998
1376.png,5,0.24359999999999998
1377.png,5,0.1412
1378.png,5,0.1472
1379.png,5,0.0010000000000000009
1380.png,5,0.01
1381.png,5,-0.1596
1382.png,5,-0.15
1383.png,5,-0.3196
1384.png,5,-0.31
1385.png,5,-0.421
1386.png,5,-0.414
1387.png,5,-0.4880999999999999
1388.png,5,-0.48284999999999995
1389.png,5,-0.5380499999999999
1390.png,5,-0.5350499999999999
1391.png,5,-0.50475
1392.png,5,-0.504
1393.png,5,-0.4785
1394.png,5,-0.48
1395.png,5,-0.42475
1396.png,5,-0.428
1397.png,5,-0.35575
1398.png,5,-0.36
1399.png,5,-0.28109999999999996
1400.png,5,-0.28709999999999997
1401.png,5,-0.17669999999999997
1402.png,5,-0.18269999999999997
1403.png,5,-0.07194999999999999
1404.png,5,-0.07819999999999999
1405.png,5,0.0475
1406.png,5,0.04
1407.png,13,0.08355000000000001
1408.png,13,0.07830000000000001
1409.png,5,0.2245
1410.png,5,0.22
1411.png,5,0.273
1412.png,5,0.27
1413.png,5,0.29009999999999997
1414.png,5,0.28709999999999997
1415.png,5,0.25029999999999997
1416.png,5,0.25229999999999997
1417.png,5,0.16949999999999998
1418.png,5,0.174
1419.png,5,0.07244999999999999
1420.png,5,0.07819999999999999
1421.png,5,-0.0687
1422.png,5,-0.06
1423.png,13,-0.11795000000000001
1424.png,13,-0.1107
1425.png,5,-0.3587
1426.png,5,-0.35000000000000003
1427.png,5,-0.4384
1428.png,5,-0.4324
1429.png,5,-0.65225
1430.png,5,-0.636
1431.png,5,-0.721
1432.png,5,-0.716
1433.png,5,-0.733
1434.png,5,-0.732
1435.png,5,-0.681
1436.png,5,-0.684
1437.png,5,-0.57775
1438.png,5,-0.584
1439.png,5,-0.4395
1440.png,5,-0.448
1441.png,5,-0.278
1442.png,5,-0.28800000000000003
1443.png,5,-0.11539999999999999
1444.png,5,-0.12614999999999998
1445.png,5,0.07515
1446.png,5,0.0644
1447.png,13,0.1499
1448.png,13,0.1404
1449.png,5,0.39925
1450.png,5,0.391
1451.png,5,0.45714999999999995
1452.png,5,0.45239999999999997
1453.png,5,0.5690000000000001
1454.png,5,0.56
1455.png,5,0.5387500000000001
1456.png,5,0.54
1457.png,5,0.46775000000000005
1458.png,5,0.47200000000000003
1459.png,5,0.336
1460.png,5,0.34400000000000003
1461.png,5,0.16125
1462.png,5,0.17200000000000001
1463.png,5,-0.02455
1464.png,5,-0.013049999999999999
1465.png,5,-0.2563
1466.png,5,-0.2438
1467.png,5,-0.5141
1468.png,5,-0.5
1469.png,5,-0.6637
1470.png,5,-0.6532
1471.png,5,-0.7510999999999999
1472.png,5,-0.7438499999999999
1473.png,5,-0.73925
1474.png,5,-0.736
1475.png,5,-0.73175
1476.png,5,-0.732
1477.png,5,-0.66825
1478.png,5,-0.672
1479.png,5,-0.5742499999999999
1480.png,5,-0.58
1481.png,5,-0.44825000000000004
1482.png,5,-0.456
1483.png,5,-0.29025
1484.png,5,-0.3
1485.png,5,-0.14684999999999998
1486.png,5,-0.1566
1487.png,5,0.0373
1488.png,5,0.025
1489.png,13,0.1197
1490.png,13,0.1107
1491.png,5,0.33895
1492.png,5,0.3312
1493.png,5,0.40979999999999994
1494.png,5,0.40454999999999997
1495.png,5,0.49524999999999997
1496.png,5,0.488
1497.png,5,0.4795
1498.png,5,0.48
1499.png,5,0.41200000000000003
1500.png,5,0.41600000000000004
1501.png,5,0.297
1502.png,5,0.304
1503.png,5,0.14675
1504.png,5,0.156
1505.png,5,-0.01895
1506.png,5,-0.0087
1507.png,5,-0.22260000000000002
1508.png,5,-0.2116
1509.png,13,-0.25105
1510.png,13,-0.2403
1511.png,5,-0.58885
1512.png,5,-0.5796
1513.png,5,-0.6723
1514.png,5,-0.66555
1515.png,5,-0.9944999999999999
1516.png,5,-0.972
1517.png,9,-0.63855
1518.png,9,-0.63455
1519.png,5,-1.01475
1520.png,5,-1.016
1521.png,5,-0.8365
1522.png,5,-0.84375
1523.png,5,-0.79575
1524.png,5,-0.79875
1525.png,5,-0.61475
1526.png,5,-0.62625
1527.png,5,-0.43
1528.png,5,-0.444
1529.png,5,-0.1805
1530.png,5,-0.196
1531.png,5,0.08015
1532.png,5,0.0644
1533.png,13,0.21775
1534.png,13,0.2025
1535.png,5,0.56545
1536.png,5,0.55245
1537.png,5,0.6695
1538.png,5,0.66
1539.png,5,0.91925
1540.png,5,0.904
1541.png,5,0.8714999999999999
1542.png,5,0.87
1543.png,5,0.802
1544.png,5,0.80625
1545.png,5,0.64625
1546.png,5,0.65625
1547.png,5,0.44025
1548.png,5,0.45375
1549.png,5,0.19374999999999998
1550.png,5,0.21
1551.png,5,-0.07775
1552.png,5,-0.06
1553.png,5,-0.40104999999999996
1554.png,5,-0.3828
1555.png,5,-0.8004
1556.png,5,-0.78
1557.png,5,-0.9361999999999999
1558.png,5,-0.9221999999999999
1559.png,5,-1.1108
1560.png,5,-1.10055
1561.png,5,-1.06725
1562.png,5,-1.064
1563.png,5,-1.0342500000000001
1564.png,5,-1.036
1565.png,5,-0.917
1566.png,5,-0.924
1567.png,5,-0.754
1568.png,5,-0.764
1569.png,5,-0.543
1570.png,5,-0.556
1571.png,5,-0.3095
1572.png,5,-0.324
1573.png,5,-0.07175
1574.png,5,-0.087
1575.png,5,0.2074
1576.png,5,0.19
1577.png,5,0.4173
1578.png,5,0.4048
1579.png,5,0.5484
1580.png,5,0.5394
1581.png,5,0.60225
1582.png,5,0.596
1583.png,5,0.6555
1584.png,5,0.652
1585.png,5,0.6647500000000001
1586.png,5,0.664
1587.png,5,0.62575
1588.png,5,0.628
1589.png,5,0.50075
1590.png,5,0.50625
1591.png,5,0.36224999999999996
1592.png,5,0.37124999999999997
1593.png,5,0.20049999999999998
1594.png,5,0.212
1595.png,5,-0.009000000000000001
1596.png,5,0.004
1597.png,5,-0.23485
1598.png,5,-0.22185
1599.png,5,-0.5306
1600.png,5,-0.515
1601.png,5,-0.7482
1602.png,5,-0.735
1603.png,5,-0.79585
1604.png,5,-0.78735
1605.png,5,-0.78735
1606.png,5,-0.86095
1607.png,5,-0.85695
1608.png,5,-0.771
1609.png,5,-0.772
1610.png,5,-0.7082499999999999
1611.png,5,-0.712
1612.png,5,-0.58875
1613.png,5,-0.596
1614.png,5,-0.45575000000000004
1615.png,5,-0.464
1616.png,5,-0.3666
1617.png,5,-0.3741
1618.png,5,-0.3005
1619.png,5,-0.3045
1620.png,5,-0.3045
1621.png,5,-0.2585
1622.png,5,-0.261
1623.png,5,-0.261
1624.png,5,-0.24719999999999998
1625.png,5,-0.24794999999999998
1626.png,5,-0.24765
1627.png,5,-0.2484
1628.png,5,-0.2581
1629.png,5,-0.2576
1630.png,5,-0.277
1631.png,5,-0.276
1632.png,5,-0.3051
1633.png,5,-0.3036
1634.png,5,-0.3147
1635.png,5,-0.3132
1636.png,5,-0.35919999999999996
1637.png,5,-0.35669999999999996
1638.png,5,-0.35669999999999996
1639.png,5,-0.4027
1640.png,5,-0.4002
1641.png,5,-0.4002
1642.png,5,-0.46459999999999996
1643.png,5,-0.47500000000000003
1644.png,5,-0.47200000000000003
1645.png,5,-0.47200000000000003
1646.png,5,-0.54
1647.png,5,-0.536
1648.png,5,-0.604
1649.png,5,-0.6
1650.png,5,-0.6807500000000001
1651.png,5,-0.676
1652.png,5,-0.7525
1653.png,5,-0.748
1654.png,5,-0.8330000000000001
1655.png,5,-0.8280000000000001
1656.png,5,-0.90025
1657.png,5,-0.896
1658.png,5,-0.9119999999999999
1659.png,5,-0.9075
1660.png,5,-0.9675
1661.png,5,-0.96375
1662.png,5,-0.96375
1663.png,5,-1.01975
1664.png,5,-1.0162499999999999
1665.png,5,-1.0402500000000001
1666.png,5,-1.03875
1667.png,5,-1.04275
1668.png,5,-1.0425
1669.png,5,-0.93175
1670.png,5,-0.9345
1671.png,5,-0.8370000000000001
1672.png,5,-0.8435
1673.png,5,-0.8435
1674.png,5,-0.72775
1675.png,5,-0.73875
1676.png,5,-0.52675
1677.png,5,-0.54
1678.png,5,-0.296
1679.png,5,-0.31124999999999997
1680.png,5,-0.04725
1681.png,5,-0.06375
1682.png,5,0.22044999999999998
1683.png,5,0.20445
1684.png,5,0.20445
1685.png,5,0.5318
1686.png,5,0.7588
1687.png,5,0.745
1688.png,5,0.745
1689.png,5,0.78155
1690.png,5,0.7743
1691.png,5,0.7513
1692.png,5,0.7525499999999999
1693.png,5,0.60275
1694.png,5,0.608
1695.png,5,0.45925000000000005
1696.png,5,0.468
1697.png,5,0.468
1698.png,5,0.30195
1699.png,5,0.3132
1700.png,5,0.0832
1701.png,5,0.0957
1702.png,5,-0.1656
1703.png,5,-0.15
1704.png,5,-0.15
1705.png,5,-0.43090000000000006
1706.png,5,-0.41500000000000004
1707.png,5,-0.58185
1708.png,5,-0.56985
1709.png,5,-0.677
1710.png,5,-0.668
1711.png,5,-0.668
1712.png,5,-0.75725
1713.png,5,-0.752
1714.png,5,-0.752
1715.png,5,-0.7817500000000001
1716.png,5,-0.78
1717.png,5,-0.78
1718.png,5,-0.75875
1719.png,5,-0.6835000000000001
1720.png,5,-0.6880000000000001
1721.png,5,-0.6880000000000001
1722.png,5,-0.6880000000000001
1723.png,5,-0.533
1724.png,5,-0.54
1725.png,5,-0.54
1726.png,5,-0.44
1727.png,5,-0.448
1728.png,5,-0.278
1729.png,5,-0.28800000000000003
1730.png,5,-0.28800000000000003
1731.png,5,-0.1095
1732.png,5,0.0581
1733.png,5,0.04785
1734.png,5,0.04785
1735.png,5,0.04785
1736.png,5,0.2511
1737.png,13,0.19155000000000003
1738.png,13,0.18630000000000002
1739.png,13,0.18630000000000002
1740.png,5,0.4404
1741.png,5,0.435
1742.png,5,0.435
1743.png,5,0.5670499999999999
1744.png,5,0.5568
1745.png,5,0.5568
1746.png,5,0.62675
1747.png,5,0.62
1748.png,5,0.62
1749.png,5,0.5477500000000001
1750.png,5,0.39475000000000005
1751.png,5,0.404
1752.png,5,0.404
1753.png,5,0.404
1754.png,5,0.19575
1755.png,5,0.20800000000000002
1756.png,5,0.20800000000000002
1757.png,5,-0.0038000000000000013
1758.png,5,0.0087
1759.png,5,-0.2338
1760.png,5,-0.22
1761.png,5,-0.22
1762.png,5,-0.432
1763.png,5,-0.42
1764.png,5,-0.42
1765.png,5,-0.4942
1766.png,5,-0.48719999999999997
1767.png,5,-0.5562
1768.png,5,-0.55245
1769.png,5,-0.55245
1770.png,5,-0.5377500000000001
1771.png,5,-0.536
1772.png,5,-0.536
1773.png,5,-0.5275000000000001
1774.png,5,-0.528
1775.png,5,-0.494
1776.png,5,-0.496
1777.png,5,-0.4365
1778.png,5,-0.44
1779.png,5,-0.44
1780.png,5,-0.372
1781.png,5,-0.376
1782.png,5,-0.291
1783.png,5,-0.296
1784.png,5,-0.211
1785.png,5,-0.216
1786.png,5,-0.14289999999999997
1787.png,5,-0.14789999999999998
1788.png,5,-0.14789999999999998
1789.png,5,-0.06509999999999999
1790.png,5,-0.0696
1791.png,5,-0.0696
1792.png,5,-0.0057
1793.png,5,-0.0092
1794.png,5,-0.0092
1795.png,5,0.048299999999999996
1796.png,5,0.045
1797.png,5,0.0821
1798.png,5,0.08
1799.png,5,0.0906
1800.png,5,0.09
1801.png,13,0.0427
1802.png,13,0.0432
1803.png,13,0.0432
1804.png,13,0.0196
1805.png,13,0.0216
1806.png,13,0.0216
1807.png,13,-0.002
1808.png,13,-0.0
1809.png,5,-0.1113
1810.png,5,-0.105
1811.png,5,-0.105
1812.png,5,-0.29050000000000004
1813.png,5,-0.28
1814.png,5,-0.34004999999999996
1815.png,5,-0.3358
1816.png,5,-0.3358
1817.png,5,-0.34054999999999996
1818.png,5,-0.3393
1819.png,5,-0.3393
1820.png,5,-0.3255
1821.png,5,-0.32625
1822.png,5,-0.32625
1823.png,5,-0.30784999999999996
1824.png,5,-0.30884999999999996
1825.png,5,-0.26745
1826.png,5,-0.2697
1827.png,5,-0.2329
1828.png,5,-0.2349
1829.png,5,-0.18889999999999998
1830.png,5,-0.1914
1831.png,5,-0.1914
1832.png,5,-0.15389999999999998
1833.png,5,-0.15639999999999998
1834.png,5,-0.15639999999999998
1835.png,5,-0.1176
1836.png,5,-0.1196
1837.png,5,-0.0876
1838.png,5,-0.09
1839.png,5,-0.0476
1840.png,5,-0.05
1841.png,5,-0.0288
1842.png,5,-0.03
1843.png,5,-0.03
1844.png,5,-0.0247
1845.png,5,-0.025
1846.png,5,-0.025
1847.png,5,-0.025
1848.png,5,-0.025
1849.png,5,-0.025
1850.png,5,-0.0303
1851.png,5,-0.03
1852.png,5,-0.03
1853.png,5,-0.0512
1854.png,5,-0.05
1855.png,5,-0.07120000000000001
1856.png,5,-0.07
1857.png,5,-0.07
1858.png,5,-0.1018
1859.png,5,-0.1
1860.png,5,-0.1
1861.png,5,-0.1212
1862.png,5,-0.14120000000000002
1863.png,5,-0.14
1864.png,5,-0.14
1865.png,5,-0.1612
1866.png,5,-0.16
1867.png,5,-0.16
1868.png,5,-0.1706
1869.png,5,-0.17
1870.png,5,-0.17
1871.png,5,-0.17
1872.png,5,-0.17
1873.png,5,-0.17
1874.png,5,-0.17
1875.png,5,-0.17
1876.png,5,-0.17
1877.png,5,-0.1541
1878.png,5,-0.155
1879.png,5,-0.1391
1880.png,5,-0.14
1881.png,5,-0.12940000000000002
1882.png,5,-0.13
1883.png,5,-0.11939999999999999
1884.png,5,-0.12
1885.png,5,-0.12
1886.png,5,-0.1094
1887.png,5,-0.11
1888.png,5,-0.11
1889.png,5,-0.11
1890.png,5,-0.11
1891.png,5,-0.0994
1892.png,5,-0.1
1893.png,5,-0.1
1894.png,5,-0.1
1895.png,5,-0.1
1896.png,5,-0.1
1897.png,5,-0.1
1898.png,5,-0.1106
1899.png,5,-0.11
1900.png,5,-0.11
1901.png,5,-0.1206
1902.png,5,-0.12
1903.png,5,-0.1253
1904.png,5,-0.125
1905.png,5,-0.1303
1906.png,5,-0.13
1907.png,5,-0.13
1908.png,5,-0.13
1909.png,5,-0.13
1910.png,5,-0.13
1911.png,5,-0.13
1912.png,5,-0.13
1913.png,5,-0.13
1914.png,5,-0.13
1915.png,5,-0.13
1916.png,5,-0.13
1917.png,5,-0.13
1918.png,5,-0.13
1919.png,5,-0.13
1920.png,5,-0.1247
1921.png,5,-0.125
1922.png,5,-0.1197
1923.png,5,-0.12
1924.png,5,-0.12
1925.png,5,-0.12
1926.png,5,-0.12
1927.png,5,-0.12
1928.png,5,-0.12
1929.png,5,-0.12
1930.png,5,-0.12
1931.png,5,-0.12
1932.png,5,-0.12
1933.png,5,-0.12
1934.png,5,-0.12
1935.png,5,-0.12
1936.png,5,-0.12
1937.png,5,-0.12
1938.png,5,-0.12
1939.png,5,-0.12
1940.png,5,-0.12
1941.png,5,-0.12
1942.png,5,-0.12
1943.png,5,-0.12
1944.png,5,-0.12
1945.png,5,-0.12
1946.png,5,-0.12
1947.png,5,-0.12
1948.png,5,-0.12
1949.png,5,-0.12
1950.png,5,-0.12
1951.png,5,-0.1253
1952.png,5,-0.125
1953.png,5,-0.1303
1954.png,5,-0.13
1955.png,5,-0.13
1956.png,5,-0.13
1957.png,5,-0.13
1958.png,5,-0.13
1959.png,5,-0.13
1960.png,5,-0.13
1961.png,5,-0.1247
1962.png,5,-0.125
1963.png,5,-0.125
1964.png,5,-0.125
1965.png,5,-0.1197
1966.png,5,-0.12
1967.png,5,-0.12
1968.png,5,-0.12
1969.png,13,-0.0648
1970.png,13,-0.0648
1971.png,5,-0.12
1972.png,5,-0.12
1973.png,5,-0.12
1974.png,5,-0.12
1975.png,5,-0.2366
1976.png,5,-0.27240000000000003
1977.png,5,-0.27
1978.png,5,-0.2965
1979.png,5,-0.295
1980.png,5,-0.295
1981.png,5,-0.2791
1982.png,5,-0.2323
1983.png,5,-0.23500000000000001
1984.png,5,-0.23500000000000001
1985.png,5,-0.1767
1986.png,5,-0.18
1987.png,5,-0.127
1988.png,5,-0.13
1989.png,5,-0.077
1990.png,5,-0.08
1991.png,13,-0.013699999999999999
1992.png,5,0.0124
1993.png,5,0.01
1994.png,5,0.01
1995.png,5,0.041800000000000004
1996.png,5,0.0347
1997.png,5,0.035
1998.png,5,0.035
1999.png,5,0.0191
2000.png,5,0.02
2001.png,5,-0.0118
2002.png,5,-0.01
2003.png,5,-0.0524
2004.png,5,-0.05
2005.png,5,-0.10300000000000001
2006.png,5,-0.153
2007.png,5,-0.15
2008.png,13,-0.11050000000000001
2009.png,13,-0.10800000000000001
2010.png,13,-0.10800000000000001
2011.png,5,-0.2318
2012.png,5,-0.23
2013.png,5,-0.3959
2014.png,5,-0.38639999999999997
2015.png,5,-0.54
2016.png,5,-0.528
2017.png,5,-0.59175
2018.png,5,-0.588
2019.png,5,-0.58375
2020.png,5,-0.584
2021.png,5,-0.533
2022.png,5,-0.536
2023.png,5,-0.434
2024.png,5,-0.44
2025.png,5,-0.3313
2026.png,5,-0.3393
2027.png,5,-0.16449999999999998
2028.png,5,-0.174
2029.png,5,0.011999999999999999
2030.png,5,-0.0
2031.png,13,0.1239
2032.png,13,0.1134
2033.png,5,0.3678
2034.png,5,0.3588
2035.png,5,0.4773
2036.png,5,0.4698
2037.png,5,0.653
2038.png,5,0.64
2039.png,5,0.6910000000000001
2040.png,5,0.6880000000000001
2041.png,5,0.67525
2042.png,5,0.676
2043.png,5,0.591
2044.png,5,0.596
2045.png,5,0.46425000000000005
2046.png,5,0.47200000000000003
2047.png,5,0.2935
2048.png,5,0.304
2049.png,5,0.10425000000000001
2050.png,5,0.116
2051.png,5,-0.09924999999999999
2052.png,5,-0.087
2053.png,5,-0.3491
2054.png,5,-0.335
2055.png,5,-0.5523
2056.png,5,-0.54
2057.png,5,-0.64715
2058.png,5,-0.6394
2059.png,5,-0.6782499999999999
2060.png,5,-0.6742499999999999
2061.png,5,-0.6742499999999999
2062.png,5,-0.6742499999999999
2063.png,5,-0.55625
2064.png,5,-0.56
2065.png,5,-0.4495
2066.png,5,-0.456
2067.png,5,-0.3303
2068.png,5,-0.3393
2069.png,5,-0.16449999999999998
2070.png,5,-0.174
2071.png,5,0.0226
2072.png,5,0.01
2073.png,13,0.1293
2074.png,13,0.1188
2075.png,5,0.3867
2076.png,5,0.3772
2077.png,5,0.4947
2078.png,5,0.48719999999999997
2079.png,5,0.669
2080.png,5,0.656
2081.png,5,0.7112499999999999
2082.png,5,0.708
2083.png,5,0.6867500000000001
2084.png,5,0.6880000000000001
2085.png,5,0.603
2086.png,5,0.608
2087.png,5,0.46775000000000005
2088.png,5,0.47600000000000003
2089.png,5,0.29325
2090.png,5,0.304
2091.png,5,0.1
2092.png,5,0.112
2093.png,5,-0.10819999999999999
2094.png,5,-0.0957
2095.png,5,-0.3697
2096.png,5,-0.355
2097.png,5,-0.5723
2098.png,5,-0.56
2099.png,5,-0.6704
2100.png,5,-0.6624
2101.png,5,-0.7
2102.png,5,-0.696
2103.png,5,-0.63575
2104.png,5,-0.636
2105.png,5,-0.57225
2106.png,5,-0.5760000000000001
2107.png,5,-0.457
2108.png,5,-0.464
2109.png,5,-0.34819999999999995
2110.png,5,-0.35669999999999996
2111.png,5,-0.17269999999999996
2112.png,5,-0.18269999999999997
2113.png,5,0.012599999999999998
2114.png,5,-0.0
2115.png,13,0.1298
2116.png,13,0.1188
2117.png,5,0.3867
2118.png,5,0.3772
2119.png,5,0.5038999999999999
2120.png,5,0.49589999999999995
2121.png,5,0.68125
2122.png,5,0.668
2123.png,5,0.72325
2124.png,5,0.72
2125.png,5,0.703
2126.png,5,0.704
2127.png,5,0.58
2128.png,5,0.585
2129.png,5,0.4795
2130.png,5,0.488
2131.png,5,0.301
2132.png,5,0.312
2133.png,5,0.1165
2134.png,5,0.128
2135.png,5,-0.0954
2136.png,5,-0.08265
2137.png,5,-0.34940000000000004
2138.png,5,-0.335
2139.png,5,-0.5576
2140.png,5,-0.545
2141.png,5,-0.66145
2142.png,5,-0.6532
2143.png,5,-0.7004999999999999
2144.png,5,-0.696
2145.png,5,-0.64
2146.png,5,-0.64
2147.png,5,-0.5805
2148.png,5,-0.584
2149.png,5,-0.4735
2150.png,5,-0.48
2151.png,5,-0.3355
2152.png,5,-0.34400000000000003
2153.png,5,-0.1901
2154.png,5,-0.2001
2155.png,5,-0.007899999999999999
2156.png,5,-0.0184
2157.png,13,0.1131
2158.png,13,0.10260000000000001
2159.png,5,0.35910000000000003
2160.png,5,0.3496
2161.png,5,0.4778
2162.png,5,0.4698
2163.png,5,0.6657500000000001
2164.png,5,0.652
2165.png,5,0.7072499999999999
2166.png,5,0.704
2167.png,5,0.6955000000000001
2168.png,5,0.6960000000000001
2169.png,5,0.61525
2170.png,5,0.62
2171.png,5,0.48825
2172.png,5,0.496
2173.png,5,0.3175
2174.png,5,0.328
2175.png,5,0.12825
2176.png,5,0.14
2177.png,5,-0.08234999999999999
2178.png,5,-0.0696
2179.png,5,-0.33440000000000003
2180.png,5,-0.32
2181.png,5,-0.5479
2182.png,5,-0.535
2183.png,5,-0.65225
2184.png,5,-0.644
2185.png,5,-0.6917999999999999
2186.png,5,-0.6872999999999999
2187.png,5,-0.6919
2188.png,5,-0.69165
2189.png,5,-0.58075
2190.png,5,-0.584
2191.png,5,-0.4735
2192.png,5,-0.48
2193.png,5,-0.3656
2194.png,5,-0.3741
2195.png,5,-0.1901
2196.png,5,-0.2001
2197.png,5,0.003199999999999998
2198.png,5,-0.01
2199.png,13,0.11850000000000001
2200.png,13,0.10800000000000001
2201.png,5,0.378
2202.png,5,0.368
2203.png,5,0.5044
2204.png,5,0.49589999999999995
2205.png,5,0.6855
2206.png,5,0.672
2207.png,5,0.7314999999999999
2208.png,5,0.728
2209.png,5,0.711
2210.png,5,0.712
2211.png,5,0.5875
2212.png,5,0.5925
2213.png,5,0.4605
2214.png,5,0.46875
2215.png,5,0.31725000000000003
2216.png,5,0.328
2217.png,5,0.12400000000000001
2218.png,5,0.136
2219.png,5,-0.08209999999999999
2220.png,5,-0.0696
2221.png,5,-0.3064
2222.png,5,-0.2944
2223.png,5,-0.5479
2224.png,5,-0.535
2225.png,5,-0.65225
2226.png,5,-0.644
2227.png,5,-0.6964
2228.png,5,-0.69165
2229.png,5,-0.7008499999999999
2230.png,5,-0.7003499999999999
2231.png,5,-0.593
2232.png,5,-0.596
2233.png,5,-0.4855
2234.png,5,-0.492
2235.png,5,-0.34325
2236.png,5,-0.352
2237.png,5,-0.19879999999999998
2238.png,5,-0.20879999999999999
2239.png,5,-0.0074
2240.png,5,-0.0184
2241.png,13,0.1131
2242.png,13,0.10260000000000001
2243.png,5,0.3688
2244.png,5,0.3588
2245.png,5,0.4865
2246.png,5,0.4785
2247.png,5,0.678
2248.png,5,0.664
2249.png,5,0.71925
2250.png,5,0.716
2251.png,5,0.7075
2252.png,5,0.708
2253.png,5,0.62725
2254.png,5,0.632
2255.png,5,0.49175
2256.png,5,0.5
2257.png,5,0.3215
2258.png,5,0.332
2259.png,5,0.12375000000000001
2260.png,5,0.136
2261.png,5,-0.08669999999999999
2262.png,5,-0.07394999999999999
2263.png,5,-0.3447
2264.png,5,-0.33
2265.png,5,-0.5579000000000001
2266.png,5,-0.545
2267.png,5,-0.6662999999999999
2268.png,5,-0.6577999999999999
2269.png,5,-0.7048499999999999
2270.png,5,-0.7003499999999999
2271.png,5,-0.64825
2272.png,5,-0.648
2273.png,5,-0.5885
2274.png,5,-0.592
2275.png,5,-0.4815
2276.png,5,-0.488
2277.png,5,-0.34349999999999997
2278.png,5,-0.352
2279.png,5,-0.19879999999999998
2280.png,5,-0.20879999999999999
2281.png,5,-0.017099999999999997
2282.png,5,-0.0276
2283.png,13,0.1077
2284.png,13,0.09720000000000001
2285.png,5,0.35960000000000003
2286.png,5,0.3496
2287.png,5,0.4962
2288.png,5,0.48719999999999997
2289.png,5,1.1542
2290.png,5,1.11795
2291.png,5,1.30375
2292.png,5,1.2825
2293.png,5,1.5345
2294.png,5,1.51875
2295.png,5,1.64275
2296.png,5,1.635
2297.png,5,1.4449999999999998
2298.png,5,1.4429999999999998
2299.png,5,1.3975
2300.png,5,1.40075
2301.png,5,1.48025
2302.png,5,1.48875
2303.png,5,1.3447500000000001
2304.png,5,1.35375
2305.png,5,1.17775
2306.png,5,1.18875
2307.png,5,0.892
2308.png,5,0.9065
2309.png,5,0.71925
2310.png,5,0.735
2311.png,5,0.479
2312.png,5,0.495
2313.png,5,0.29
2314.png,5,0.304
2315.png,5,0.1098
2316.png,5,0.12179999999999999
2317.png,5,-0.0614
2318.png,5,-0.05
2319.png,13,-0.09190000000000001
2320.png,13,-0.0864
2321.png,5,-0.186
2322.png,5,-0.184
2323.png,5,-0.128
2324.png,5,-0.1305
2325.png,5,0.24999999999999997
2326.png,5,0.22999999999999998
2327.png,5,0.6315999999999999
2328.png,5,0.61
2329.png,5,0.8958499999999999
2330.png,5,0.8785999999999999
2331.png,5,1.12985
2332.png,5,1.1136
2333.png,9,0.7595
2334.png,9,0.74725
2335.png,5,1.356
2336.png,5,1.348
2337.png,5,1.3117499999999997
2338.png,5,1.3087499999999999
2339.png,5,1.68075
2340.png,5,1.6575
2341.png,5,1.7095
2342.png,5,1.70625
2343.png,5,1.44375
2344.png,5,1.44625
2345.png,5,1.4967499999999998
2346.png,5,1.5074999999999998
2347.png,5,1.2474999999999998
2348.png,5,1.26375
2349.png,5,0.9995
2350.png,5,1.0115
2351.png,5,0.8765000000000001
2352.png,5,0.8855000000000001
2353.png,5,0.7805
2354.png,5,0.7875
2355.png,5,0.75975
2356.png,5,0.765
2357.png,5,0.6729999999999999
2358.png,5,0.67875
2359.png,5,0.57075
2360.png,5,0.5775
2361.png,5,0.4375
2362.png,5,0.44625
2363.png,5,0.27425
2364.png,5,0.285
2365.png,5,0.081
2366.png,5,0.09375
2367.png,5,-0.1295
2368.png,5,-0.116
2369.png,5,-0.3856
2370.png,5,-0.3726
2371.png,13,-0.35440000000000005
2372.png,13,-0.34290000000000004
2373.png,5,-0.7588
2374.png,5,-0.7498
2375.png,5,-0.8010499999999999
2376.png,5,-0.7960499999999999
2377.png,9,-0.6670499999999999
2378.png,9,-0.6467999999999999
2379.png,5,-0.986
2380.png,5,-0.98625
2381.png,5,-0.88625
2382.png,5,-0.8925
2383.png,5,-0.8365
2384.png,5,-0.84
2385.png,5,-0.744
2386.png,5,-0.75
2387.png,5,-0.6940000000000001
2388.png,5,-0.6975
2389.png,5,-0.6575
2390.png,5,-0.6599999999999999
2391.png,5,-0.62
2392.png,5,-0.6224999999999999
2393.png,5,-0.5905
2394.png,5,-0.5925
2395.png,5,-0.5605
2396.png,5,-0.5625
2397.png,5,-0.5225000000000001
2398.png,5,-0.525
2399.png,5,-0.485
2400.png,5,-0.4875
2401.png,5,-0.4945
2402.png,5,-0.496
2403.png,5,-0.496
2404.png,5,-0.496
2405.png,5,-0.53
2406.png,5,-0.528
2407.png,5,-0.5747500000000001
2408.png,5,-0.5720000000000001
2409.png,5,-0.64
2410.png,5,-0.636
2411.png,5,-0.7040000000000001
2412.png,5,-0.7000000000000001
2413.png,5,-0.768
2414.png,5,-0.764
2415.png,5,-0.8065
2416.png,5,-0.804
2417.png,5,-0.8295
2418.png,5,-0.8280000000000001
2419.png,5,-0.8364999999999999
2420.png,5,-0.836
2421.png,5,-0.82325
2422.png,5,-0.8240000000000001
2423.png,5,-0.79
2424.png,5,-0.792
2425.png,5,-0.7495
2426.png,5,-0.752
2427.png,5,-0.6925000000000001
2428.png,5,-0.6960000000000001
2429.png,5,-0.6365000000000001
2430.png,5,-0.64
2431.png,5,-0.5805
2432.png,5,-0.584
2433.png,5,-0.5245000000000001
2434.png,5,-0.528
2435.png,5,-0.4855
2436.png,5,-0.488
2437.png,5,-0.454
2438.png,5,-0.456
2439.png,5,-0.43475
2440.png,5,-0.436
2441.png,5,-0.46955
2442.png,5,-0.4698
2443.png,5,-0.4835999999999999
2444.png,5,-0.48284999999999995
2445.png,5,-0.51505
2446.png,5,-0.5133
2447.png,5,-0.5500999999999999
2448.png,5,-0.5480999999999999
2449.png,5,-0.5894999999999999
2450.png,5,-0.5872499999999999
2451.png,5,-0.6332499999999999
2452.png,5,-0.6307499999999999
2453.png,5,-0.6307499999999999
2454.png,5,-0.6721499999999999
2455.png,5,-0.7067
2456.png,5,-0.7047
2457.png,5,-0.7047
2458.png,5,-0.6735
2459.png,5,-0.672
2460.png,5,-0.6805
2461.png,5,-0.68
2462.png,5,-0.68
2463.png,5,-0.68
2464.png,5,-0.68425
2465.png,5,-0.684
2466.png,5,-0.684
2467.png,5,-0.684
2468.png,5,-0.684
2469.png,5,-0.6797500000000001
2470.png,5,-0.68
2471.png,5,-0.68
2472.png,5,-0.6715000000000001
2473.png,5,-0.672
2474.png,5,-0.6635000000000001
2475.png,5,-0.664
2476.png,5,-0.664
2477.png,5,-0.647
2478.png,5,-0.648
2479.png,5,-0.6862999999999999
2480.png,5,-0.6872999999999999
2481.png,5,-0.6688999999999999
2482.png,5,-0.6698999999999999
2483.png,5,-0.6698999999999999
2484.png,5,-0.6607000000000001
2485.png,5,-0.6612
2486.png,5,-0.6612
2487.png,5,-0.6336
2488.png,5,-0.6351
2489.png,5,-0.6075
2490.png,5,-0.609
2491.png,5,-0.609
2492.png,5,-0.5905999999999999
2493.png,5,-0.5915999999999999
2494.png,5,-0.5731999999999999
2495.png,5,-0.5741999999999999
2496.png,5,-0.5741999999999999
2497.png,5,-0.5558
2498.png,5,-0.5568
2499.png,5,-0.5568
2500.png,5,-0.5568
2501.png,5,-0.5568
2502.png,5,-0.5568
2503.png,5,-0.5568
2504.png,5,-0.6082
2505.png,5,-0.6072
2506.png,5,-0.6072
2507.png,5,-0.6072
2508.png,5,-0.6265999999999999
2509.png,5,-0.6255999999999999
2510.png,5,-0.6255999999999999
2511.png,5,-0.6376
2512.png,5,-0.6351
2513.png,5,-0.7316999999999999
2514.png,5,-0.7264499999999999
2515.png,5,-0.7264499999999999
2516.png,5,-0.8920499999999999
2517.png,5,-0.8830499999999999
2518.png,5,-0.8830499999999999
2519.png,5,-1.1130499999999999
2520.png,5,-1.10055
2521.png,5,-1.10055
2522.png,5,-1.26275
2523.png,5,-1.426
2524.png,5,-1.41
2525.png,5,-1.41
2526.png,5,-1.674
2527.png,5,-1.6575
2528.png,5,-1.643
2529.png,5,-1.62825
2530.png,5,-1.62825
2531.png,5,-1.8347499999999999
2532.png,5,-1.8199999999999998
2533.png,5,-1.8199999999999998
2534.png,5,-1.9179999999999997
2535.png,5,-1.9109999999999998
2536.png,5,-1.9634999999999998
2537.png,5,-1.9597499999999999
2538.png,5,-1.9597499999999999
2539.png,5,-1.96325
2540.png,5,-1.9629999999999999
2541.png,5,-1.9629999999999999
2542.png,5,-1.9069999999999998
2543.png,5,-1.9109999999999998
2544.png,5,-1.764
2545.png,5,-1.7745
2546.png,5,-1.519
2547.png,5,-1.53725
2548.png,5,-1.32175
2549.png,5,-1.344
2550.png,5,-0.9765000000000001
2551.png,5,-1.0010000000000001
2552.png,5,-0.6185
2553.png,5,-0.644
2554.png,5,-0.26599999999999996
2555.png,5,-0.2925
2556.png,5,0.10450000000000001
2557.png,5,0.08
2558.png,5,0.5505
2559.png,5,0.525
2560.png,5,0.525
2561.png,5,0.7557499999999999
2562.png,5,0.7394999999999999
2563.png,5,0.84575
2564.png,5,0.836
2565.png,5,0.802
2566.png,5,0.804
2567.png,5,0.804
2568.png,5,0.668
2569.png,5,0.41774999999999995
2570.png,5,0.43124999999999997
2571.png,5,0.43124999999999997
2572.png,5,0.43124999999999997
2573.png,5,0.14550000000000002
2574.png,5,0.164
2575.png,5,0.164
2576.png,5,-0.16325
2577.png,5,-0.14400000000000002
2578.png,5,-0.5342
2579.png,5,-0.5152
2580.png,5,-0.5152
2581.png,5,-0.9416
2582.png,5,-0.92
2583.png,5,-1.0672
2584.png,5,-1.0527
2585.png,5,-1.2090999999999998
2586.png,5,-1.2006
2587.png,5,-1.2006
2588.png,5,-1.1889999999999998
2589.png,9,-0.736
2590.png,9,-0.735
2591.png,9,-0.735
2592.png,9,-0.7215
2593.png,9,-0.72275
2594.png,5,-1.36225
2595.png,5,-1.34625
2596.png,5,-1.34625
2597.png,5,-1.47825
2598.png,5,-1.456
2599.png,5,-1.456
2600.png,5,-1.4665
2601.png,5,-1.4657499999999999
2602.png,5,-1.4657499999999999
2603.png,5,-1.36425
2604.png,5,-1.3715
2605.png,5,-1.4224999999999999
2606.png,5,-1.4324999999999999
2607.png,5,-1.2445
2608.png,5,-1.2562499999999999
2609.png,5,-1.2562499999999999
2610.png,5,-1.02425
2611.png,5,-1.03875
2612.png,5,-1.03875
2613.png,5,-0.81875
2614.png,5,-0.8325
2615.png,5,-0.8325
2616.png,5,-0.7084999999999999
2617.png,5,-0.7162499999999999
2618.png,5,-0.6562499999999999
2619.png,5,-0.6599999999999999
2620.png,5,-0.628
2621.png,5,-0.63
2622.png,5,-0.63
2623.png,5,-0.606
2624.png,5,-0.6074999999999999
2625.png,5,-0.5835
2626.png,5,-0.585
2627.png,5,-0.561
2628.png,5,-0.5625
2629.png,5,-0.5385000000000001
2630.png,5,-0.54
2631.png,5,-0.5505000000000001
2632.png,5,-0.552
2633.png,5,-0.518
2634.png,5,-0.52
2635.png,5,-0.486
2636.png,5,-0.488
2637.png,5,-0.454
2638.png,5,-0.456
2639.png,5,-0.456
2640.png,5,-0.41350000000000003
2641.png,5,-0.41600000000000004
2642.png,5,-0.365
2643.png,5,-0.368
2644.png,5,-0.368
2645.png,5,-0.317
2646.png,5,-0.32
2647.png,5,-0.252
2648.png,5,-0.256
2649.png,5,-0.256
2650.png,5,-0.188
2651.png,5,-0.192
2652.png,5,-0.11549999999999999
2653.png,5,-0.12
2654.png,5,-0.04769999999999999
2655.png,5,-0.052199999999999996
2656.png,5,0.026
2657.png,5,0.02175
2658.png,5,0.09575
2659.png,5,0.092
2660.png,5,0.092
2661.png,5,0.1636
2662.png,5,0.16
2663.png,5,0.16
2664.png,5,0.20240000000000002
2665.png,5,0.2
2666.png,5,0.2
2667.png,5,0.2212
2668.png,5,0.22
2669.png,5,0.22
2670.png,13,0.1188
2671.png,13,0.1188
2672.png,13,0.1129
2673.png,13,0.1134
2674.png,5,0.3478
2675.png,5,0.34
2676.png,5,0.4062
2677.png,5,0.4002
2678.png,5,0.4094
2679.png,5,0.4089
2680.png,5,0.4502999999999999
2681.png,5,0.44804999999999995
2682.png,5,0.5492499999999999
2683.png,5,0.54375
2684.png,5,0.6817499999999999
2685.png,5,0.6742499999999999
2686.png,5,0.6742499999999999
2687.png,5,0.8674499999999999
2688.png,5,0.85695
2689.png,5,1.00475
2690.png,5,0.992
2691.png,9,0.7723
2692.png,9,0.75705
2693.png,5,1.43475
2694.png,5,1.4175
2695.png,5,1.7095
2696.png,5,1.69125
2697.png,5,1.67925
2698.png,5,1.664
2699.png,5,1.825
2700.png,5,1.8135
2701.png,5,1.9114999999999998
2702.png,5,1.9044999999999999
2703.png,5,1.9324999999999999
2704.png,5,1.9304999999999999
2705.png,5,1.9304999999999999
2706.png,5,1.8955
2707.png,5,1.7754999999999999
2708.png,5,1.78425
2709.png,5,1.56375
2710.png,5,1.5795
2711.png,5,1.3415000000000001
2712.png,5,1.3585
2713.png,5,1.1855
2714.png,5,1.204
2715.png,5,0.934
2716.png,5,0.9520000000000001
2717.png,5,0.667
2718.png,5,0.686
2719.png,5,0.46699999999999997
2720.png,5,0.48374999999999996
2721.png,5,0.48374999999999996
2722.png,5,0.25175
2723.png,5,0.26625
2724.png,5,0.08850000000000001
2725.png,5,-0.09355
2726.png,5,-0.0828
2727.png,13,-0.13415000000000002
2728.png,13,-0.1269
2729.png,5,-0.24045
2730.png,5,-0.2392
2731.png,5,-0.046799999999999994
2732.png,5,-0.056549999999999996
2733.png,5,-0.056549999999999996
2734.png,5,0.19240000000000002
2735.png,5,0.46
2736.png,5,0.445
2737.png,5,0.763
2738.png,5,0.745
2739.png,5,0.745
2740.png,5,0.9085
2741.png,5,0.9816499999999999
2742.png,5,0.9743999999999999
2743.png,5,0.9743999999999999
2744.png,5,1.0939999999999999
2745.png,5,1.0875
2746.png,5,1.1473
2747.png,5,1.14405
2748.png,5,1.14405
2749.png,5,1.08175
2750.png,5,1.0502500000000001
2751.png,5,1.052
2752.png,5,1.052
2753.png,5,0.9925
2754.png,5,0.928
2755.png,5,0.932
2756.png,5,0.932
2757.png,5,0.84275
2758.png,5,0.76725
2759.png,5,0.772
2760.png,5,0.772
2761.png,5,0.6785000000000001
2762.png,5,0.61175
2763.png,5,0.616
2764.png,5,0.616
2765.png,5,0.5871
2766.png,5,0.5915999999999999
2767.png,5,0.5640000000000001
2768.png,5,0.5930999999999998
2769.png,5,0.5915999999999999
2770.png,5,0.6927999999999999
2771.png,5,0.6872999999999999
2772.png,5,0.6872999999999999
2773.png,5,0.8574999999999999
2774.png,5,0.84825
2775.png,5,1.05985
2776.png,5,1.04835
2777.png,9,0.74975
2778.png,5,1.389
2779.png,5,1.3725
2780.png,5,1.3725
2781.png,5,1.6525
2782.png,5,1.6235
2783.png,5,1.60875
2784.png,5,1.60875
2785.png,5,1.82575
2786.png,5,1.81025
2787.png,5,1.92575
2788.png,5,1.9175
2789.png,5,1.9734999999999998
2790.png,5,1.9694999999999998
2791.png,5,1.973
2792.png,5,1.97275
2793.png,5,1.92025
2794.png,5,1.924
2795.png,5,1.798
2796.png,5,1.807
2797.png,5,1.5514999999999999
2798.png,5,1.27575
2799.png,5,1.2967499999999998
2800.png,5,1.2967499999999998
2801.png,5,1.0402500000000001
2802.png,5,1.064
2803.png,5,0.7415
2804.png,5,0.763
2805.png,5,0.4455
2806.png,5,0.46875
2807.png,5,0.11275000000000002
2808.png,5,-0.21599999999999997
2809.png,5,-0.19574999999999998
2810.png,5,-0.19574999999999998
2811.png,13,-0.31325000000000003
2812.png,13,-0.29700000000000004
2813.png,5,-0.5980999999999999
2814.png,5,-0.5915999999999999
2815.png,5,-0.5864999999999999
2816.png,5,-0.5075000000000001
2817.png,5,-0.512
2818.png,5,-0.512
2819.png,5,-0.252
2820.png,5,-0.26625
2821.png,5,0.013500000000000002
2822.png,5,-0.004
2823.png,5,0.40504999999999997
2824.png,5,0.9435
2825.png,5,0.915
2826.png,5,0.915
2827.png,5,1.3753
2828.png,5,1.5413499999999998
2829.png,5,1.5268499999999998
2830.png,5,1.5268499999999998
2831.png,5,1.5995000000000001
2832.png,5,1.51275
2833.png,5,1.51125
2834.png,5,1.51125
2835.png,5,1.47525
2836.png,5,1.4775
2837.png,5,1.3935
2838.png,5,1.39875
2839.png,5,1.2667499999999998
2840.png,5,1.275
2841.png,5,1.107
2842.png,5,1.1175
2843.png,5,0.9294999999999999
2844.png,5,0.9412499999999999
2845.png,5,0.78725
2846.png,5,0.8
2847.png,5,0.5875
2848.png,5,0.6
2849.png,5,0.4555
2850.png,5,0.464
2851.png,5,0.379
2852.png,5,0.384
2853.png,5,0.38079999999999997
2854.png,5,0.3828
2855.png,5,0.36439999999999995
2856.png,5,0.36539999999999995
2857.png,5,0.35619999999999996
2858.png,5,0.35669999999999996
2859.png,5,0.3429
2860.png,5,0.34364999999999996
2861.png,5,0.33444999999999997
2862.png,5,0.33494999999999997
2863.png,5,0.33035000000000003
2864.png,5,0.3306
2865.png,5,0.32139999999999996
2866.png,5,0.32189999999999996
2867.png,5,0.3127
2868.png,5,0.3132
2869.png,5,0.304
2870.png,5,0.3045
2871.png,5,0.2999
2872.png,5,0.30015
2873.png,5,0.29555
2874.png,5,0.29579999999999995
2875.png,5,0.28659999999999997
2876.png,5,0.28709999999999997
2877.png,5,0.2779
2878.png,5,0.2784
2879.png,5,0.2738
2880.png,5,0.27404999999999996
2881.png,5,0.25565
2882.png,5,0.25665
2883.png,5,0.19224999999999998
2884.png,5,0.19574999999999998
2885.png,5,0.08074999999999999
2886.png,5,0.087
2887.png,5,-0.06939999999999999
2888.png,5,-0.060899999999999996
2889.png,5,-0.2778
2890.png,5,-0.2668
2891.png,13,-0.30410000000000004
2892.png,13,-0.2916
2893.png,5,-0.8792
2894.png,5,-0.86
2895.png,5,-1.0702
2896.png,5,-1.0527
2897.png,5,-1.8860000000000001
2898.png,5,-1.832
2899.png,5,-1.919
2900.png,5,-1.88825
2901.png,5,-2.06325
2902.png,5,-2.05075
2903.png,-0.6,-1
2904.png,-0.6,-1
2905.png,-0.6,-1
2906.png,-0.6,-1
2907.png,-0.6,-1
2908.png,-0.6,-1
2909.png,-0.6,-1
2910.png,-0.6,-1
2911.png,-0.6,-1
2912.png,-0.6,-1
2913.png,-0.6,-1
2914.png,-0.6,-1
2915.png,-0.6,-1
2916.png,-0.6,-1
2917.png,-0.6,-1
2918.png,-0.6,-1
2919.png,5,-2.0227500000000003
2920.png,5,-2.02475
2921.png,5,-1.97225
2922.png,5,-1.976
2923.png,5,-1.9235
2924.png,5,-1.92725
2925.png,5,-1.75925
2926.png,5,-1.77125
2927.png,5,-1.50525
2928.png,5,-1.5242499999999999
2929.png,5,-1.2965000000000002
2930.png,5,-1.3195000000000001
2931.png,5,-0.94075
2932.png,5,-0.966
2933.png,5,-0.57225
2934.png,5,-0.5985
2935.png,5,-0.21325
2936.png,5,-0.24
2937.png,5,0.169
2938.png,5,0.14400000000000002
2939.png,5,0.6252
2940.png,5,0.6
2941.png,5,0.8164
2942.png,5,0.8004
2943.png,5,0.889
2944.png,5,0.88
2945.png,5,0.8715
2946.png,5,0.872
2947.png,5,0.6975
2948.png,5,0.705
2949.png,5,0.481
2950.png,5,0.495
2951.png,5,0.187
2952.png,5,0.20625
2953.png,5,-0.1625
2954.png,5,-0.14
2955.png,5,-0.6508499999999999
2956.png,5,-0.6255999999999999
2957.png,5,-1.1251499999999999
2958.png,5,-1.0994
2959.png,5,-1.48585
2960.png,5,-1.4615999999999998
2961.png,5,-1.667
2962.png,5,-1.6480000000000001
2963.png,5,-1.83925
2964.png,5,-1.828
2965.png,5,-1.5272499999999998
2966.png,5,-1.5242499999999999
2967.png,5,-1.47875
2968.png,5,-1.482
2969.png,5,-1.562
2970.png,5,-1.57125
2971.png,5,-1.4152500000000001
2972.png,5,-1.425
2973.png,5,-1.237
2974.png,5,-1.24875
2975.png,5,-1.0007499999999998
2976.png,5,-1.0162499999999999
2977.png,5,-0.73625
2978.png,5,-0.7537499999999999
2979.png,5,-0.47775
2980.png,5,-0.495
2981.png,5,-0.2475
2982.png,5,-0.264
2983.png,5,-0.0417
2984.png,5,-0.0552
2985.png,5,0.1202
2986.png,5,0.11
2987.png,5,0.17395
2988.png,5,0.1702
2989.png,5,0.15635
2990.png,5,0.1566
2991.png,5,0.129
2992.png,5,0.1305
2993.png,5,0.10289999999999999
2994.png,5,0.10439999999999999
2995.png,5,0.0676
2996.png,5,0.0696
2997.png,5,0.03965
2998.png,5,0.0414
2999.png,5,0.00745
3000.png,5,0.0092
3001.png,5,-0.02475
3002.png,5,-0.023
3003.png,5,-0.062099999999999995
3004.png,5,-0.06
3005.png,5,-0.08120000000000001
3006.png,5,-0.08
3007.png,5,-0.1065
3008.png,5,-0.105
3009.png,5,-0.1209
3010.png,5,-0.12
3011.png,5,-0.1306
3012.png,5,-0.13
3013.png,13,-0.07315
3014.png,13,-0.0729
3015.png,13,-0.0729
3016.png,13,-0.0729
3017.png,13,-0.0729
3018.png,13,-0.0729
3019.png,5,-0.2145
3020.png,5,-0.21
3021.png,5,-0.25625
3022.png,5,-0.253
3023.png,5,-0.30634999999999996
3024.png,5,-0.3036
3025.png,5,-0.28905000000000003
3026.png,5,-0.2898
3027.png,5,-0.27525000000000005
3028.png,5,-0.276
3029.png,5,-0.2566
3030.png,5,-0.2576
3031.png,5,-0.2479
3032.png,5,-0.2484
3033.png,5,-0.23385
3034.png,5,-0.2346
3035.png,5,-0.2249
3036.png,5,-0.2254
3037.png,5,-0.27875
3038.png,5,-0.276
3039.png,5,-0.373
3040.png,5,-0.368
3041.png,5,-0.5135
3042.png,5,-0.506
3043.png,5,-0.6532999999999999
3044.png,5,-0.6437999999999999
3045.png,5,-0.8645999999999999
3046.png,5,-0.8525999999999999
3047.png,5,-1.022
3048.png,5,-1.008
3049.png,9,-0.7794
3050.png,9,-0.7644
3051.png,5,-1.43
3052.png,5,-1.4137499999999998
3053.png,5,-1.69375
3054.png,5,-1.67625
3055.png,5,-1.9427499999999998
3056.png,5,-1.9077499999999998
3057.png,5,-2.05475
3058.png,5,-2.04425
3059.png,-0.6,-1
3060.png,-0.6,-1
3061.png,-0.6,-1
3062.png,-0.6,-1
3063.png,-0.6,-1
3064.png,-0.6,-1
3065.png,-0.6,-1
3066.png,-0.6,-1
3067.png,-0.6,-1
3068.png,-0.6,-1
3069.png,5,-2.04075
3070.png,5,-2.041
3071.png,5,-1.9885
3072.png,5,-1.9922499999999999
3073.png,5,-1.93975
3074.png,5,-1.9435
3075.png,5,-1.7895
3076.png,5,-1.8005
3077.png,5,-1.503
3078.png,5,-1.5242499999999999
3079.png,5,-1.259
3080.png,5,-1.2845
3081.png,5,-0.872
3082.png,5,-0.8995
3083.png,5,-0.46449999999999997
3084.png,5,-0.4935
3085.png,5,-0.06075
3086.png,5,-0.09
3087.png,5,0.36300000000000004
3088.png,5,0.336
3089.png,5,0.8916999999999999
3090.png,5,0.865
3091.png,5,1.05155
3092.png,5,1.0352999999999999
3093.png,9,0.6695
3094.png,9,0.6615
3095.png,5,0.9725
3096.png,5,0.975
3097.png,5,0.7989999999999999
3098.png,5,0.8099999999999999
3099.png,5,0.5780000000000001
3100.png,5,0.5925
3101.png,5,0.2445
3102.png,5,0.26625
3103.png,5,-0.15375
3104.png,5,-0.1275
3105.png,5,-0.6947500000000001
3106.png,5,-0.667
3107.png,5,-1.22475
3108.png,5,-1.196
3109.png,5,-1.6232
3110.png,5,-1.59645
3111.png,5,-1.808
3112.png,5,-1.788
3113.png,5,-1.61025
3114.png,5,-1.599
3115.png,5,-1.627
3116.png,5,-1.625
3117.png,5,-1.5514999999999999
3118.png,5,-1.5567499999999999
3119.png,5,-1.4622499999999998
3120.png,5,-1.4689999999999999
3121.png,5,-1.322
3122.png,5,-1.3325
3123.png,5,-1.3335
3124.png,5,-1.34625
3125.png,5,-1.11025
3126.png,5,-1.125
3127.png,5,-0.869
3128.png,5,-0.885
3129.png,5,-0.585
3130.png,5,-0.60375
3131.png,5,-0.33375
3132.png,5,-0.352
3133.png,5,-0.07459999999999999
3134.png,5,-0.09134999999999999
3135.png,5,0.1706
3136.png,5,0.155
3137.png,5,0.28325
3138.png,5,0.276
3139.png,5,0.3162
3140.png,5,0.3132
3141.png,5,0.254
3142.png,5,0.256
3143.png,5,0.2135
3144.png,5,0.216
3145.png,5,0.165
3146.png,5,0.168
3147.png,5,0.11829999999999999
3148.png,5,0.12179999999999999
3149.png,5,0.04819999999999999
3150.png,5,0.052199999999999996
3151.png,5,-0.012199999999999999
3152.png,5,-0.0087
3153.png,5,-0.0868
3154.png,5,-0.0828
3155.png,5,-0.1536
3156.png,5,-0.15
3157.png,5,-0.203
3158.png,5,-0.2
3159.png,5,-0.2424
3160.png,5,-0.24
3161.png,13,-0.1355
3162.png,13,-0.135
3163.png,5,-0.25
3164.png,5,-0.25
3165.png,5,-0.2288
3166.png,5,-0.23
3167.png,5,-0.31829999999999997
3168.png,5,-0.31279999999999997
3169.png,5,-0.3031
3170.png,5,-0.3036
3171.png,5,-0.28905000000000003
3172.png,5,-0.2898
3173.png,5,-0.26555
3174.png,5,-0.2668
3175.png,5,-0.2474
3176.png,5,-0.2484
3177.png,5,-0.22899999999999998
3178.png,5,-0.22999999999999998
3179.png,5,-0.2203
3180.png,5,-0.2208
3181.png,5,-0.2111
3182.png,5,-0.2116
3183.png,5,-0.2019
3184.png,5,-0.2024
3185.png,5,-0.19269999999999998
3186.png,5,-0.19319999999999998
3187.png,5,-0.18835
3188.png,5,-0.1886
3189.png,5,-0.18375
3190.png,5,-0.184
3191.png,5,-0.1743
3192.png,5,-0.1748
3193.png,5,-0.1748
3194.png,5,-0.1748
3195.png,5,-0.16995
3196.png,5,-0.1702
3197.png,5,-0.16535
3198.png,5,-0.1656
3199.png,5,-0.1656
3200.png,5,-0.1656
3201.png,5,-0.16075
3202.png,5,-0.161
3203.png,5,-0.15614999999999998
3204.png,5,-0.15639999999999998
3205.png,5,-0.15639999999999998
3206.png,5,-0.15639999999999998
3207.png,5,-0.15639999999999998
3208.png,5,-0.15639999999999998
3209.png,5,-0.15639999999999998
3210.png,5,-0.15639999999999998
3211.png,5,-0.15639999999999998
3212.png,5,-0.15155
3213.png,5,-0.1518
3214.png,5,-0.14695
3215.png,5,-0.1472
3216.png,5,-0.1472
3217.png,5,-0.1472
3218.png,5,-0.1472
3219.png,5,-0.1472
3220.png,5,-0.1472
3221.png,5,-0.1472
3222.png,5,-0.14235
3223.png,5,-0.1426
3224.png,5,-0.1426
3225.png,5,-0.1426
3226.png,5,-0.13775
3227.png,5,-0.138
3228.png,5,-0.138
3229.png,5,-0.138
3230.png,5,-0.138
3231.png,5,-0.138
3232.png,5,-0.138
3233.png,5,-0.138
3234.png,5,-0.138
3235.png,5,-0.138
3236.png,5,-0.138
3237.png,5,-0.138
3238.png,5,-0.13315
3239.png,5,-0.1334
3240.png,5,-0.1334
3241.png,5,-0.1334
3242.png,5,-0.1334
3243.png,5,-0.12855
3244.png,5,-0.1288
3245.png,5,-0.1288
3246.png,5,-0.1288
3247.png,5,-0.1288
3248.png,5,-0.1288
3249.png,5,-0.1288
3250.png,5,-0.14
3251.png,5,-0.14
3252.png,5,-0.14
3253.png,5,-0.14
3254.png,5,-0.14
3255.png,5,-0.14
3256.png,5,-0.13470000000000001
3257.png,5,-0.135
3258.png,5,-0.135
3259.png,5,-0.135
3260.png,5,-0.135
3261.png,5,-0.1297
3262.png,5,-0.13
3263.png,5,-0.13
3264.png,5,-0.13
3265.png,5,-0.13
3266.png,5,-0.13
3267.png,5,-0.13
3268.png,5,-0.13
3269.png,5,-0.13
3270.png,5,-0.13
3271.png,5,-0.13
3272.png,5,-0.13
3273.png,5,-0.1247
3274.png,5,-0.125
3275.png,5,-0.125
3276.png,5,-0.125
3277.png,5,-0.125
3278.png,5,-0.125
3279.png,5,-0.1197
3280.png,5,-0.12
3281.png,5,-0.12
3282.png,5,-0.12
3283.png,5,-0.12
3284.png,5,-0.12
3285.png,5,-0.12
3286.png,5,-0.12
3287.png,5,-0.12
3288.png,5,-0.12
3289.png,5,-0.12
3290.png,5,-0.11470000000000001
3291.png,5,-0.115
3292.png,5,-0.115
3293.png,5,-0.1097
3294.png,5,-0.11
3295.png,5,-0.11
3296.png,5,-0.11
3297.png,5,-0.11
3298.png,5,-0.11
3299.png,5,-0.11
3300.png,5,-0.11
3301.png,5,-0.11
3302.png,5,-0.11
3303.png,5,-0.11
3304.png,5,-0.11
3305.png,5,-0.11
3306.png,5,-0.1047
3307.png,5,-0.105
3308.png,5,-0.105
3309.png,5,-0.105
3310.png,5,-0.105
3311.png,5,-0.09970000000000001
3312.png,5,-0.1
3313.png,5,-0.1
3314.png,5,-0.1
3315.png,5,-0.1
3316.png,5,-0.1
3317.png,5,-0.1
3318.png,5,-0.1
3319.png,5,-0.1
3320.png,5,-0.1
3321.png,5,-0.0947
3322.png,5,-0.095
3323.png,5,-0.0897
3324.png,5,-0.09
3325.png,5,-0.09
3326.png,5,-0.09
3327.png,5,-0.09
3328.png,5,-0.09
3329.png,5,-0.09
3330.png,5,-0.09
3331.png,5,-0.09
3332.png,5,-0.09
3333.png,5,-0.09
3334.png,5,-0.08470000000000001
3335.png,5,-0.085
3336.png,5,-0.07970000000000001
3337.png,5,-0.08
3338.png,5,-0.08
3339.png,5,-0.08
3340.png,5,-0.08
3341.png,5,-0.08
3342.png,5,-0.08
3343.png,5,-0.08
3344.png,5,-0.08
3345.png,5,-0.08
3346.png,5,-0.08
3347.png,5,-0.0747
3348.png,5,-0.075
3349.png,5,-0.075
3350.png,5,-0.06970000000000001
3351.png,5,-0.07
3352.png,5,-0.07
3353.png,5,-0.07
3354.png,5,-0.07
3355.png,5,-0.07
3356.png,5,-0.07
3357.png,5,-0.06470000000000001
3358.png,5,-0.065
3359.png,5,-0.065
3360.png,5,-0.059699999999999996
3361.png,5,-0.06
3362.png,5,-0.06
3363.png,5,-0.06
3364.png,5,-0.06
3365.png,5,-0.06
3366.png,5,-0.0547
3367.png,5,-0.055
3368.png,5,-0.055
3369.png,5,-0.0497
3370.png,5,-0.05
3371.png,5,-0.05
3372.png,5,-0.05
3373.png,5,-0.05
3374.png,5,-0.05
3375.png,5,-0.05
3376.png,5,-0.0447
3377.png,5,-0.045
3378.png,5,-0.045
3379.png,5,-0.0397
3380.png,5,-0.04
3381.png,5,-0.04
3382.png,5,-0.04
3383.png,5,-0.04
3384.png,5,-0.04
3385.png,5,-0.0347
3386.png,5,-0.035
3387.png,5,-0.035
3388.png,5,-0.029699999999999997
3389.png,5,-0.03
3390.png,5,-0.03
3391.png,5,-0.03
3392.png,5,-0.03
3393.png,5,-0.03
3394.png,5,-0.03
3395.png,5,-0.03
3396.png,5,-0.03
3397.png,5,-0.0247
3398.png,5,-0.025
3399.png,5,-0.025
3400.png,5,-0.0197
3401.png,5,-0.02
3402.png,5,-0.02
3403.png,5,-0.02
3404.png,5,-0.02
3405.png,5,-0.02
3406.png,5,-0.02
3407.png,5,-0.02
3408.png,5,-0.0147
3409.png,5,-0.015
3410.png,5,-0.015
3411.png,5,-0.0097
3412.png,5,-0.01
3413.png,5,-0.01
3414.png,5,-0.01
3415.png,5,-0.01
3416.png,5,-0.01
3417.png,5,-0.01
3418.png,5,-0.0047
3419.png,5,-0.005
3420.png,5,0.0003
3421.png,5,-0.0
3422.png,5,-0.0
3423.png,5,-0.0
3424.png,5,-0.0
3425.png,5,-0.0
3426.png,5,-0.0
3427.png,5,-0.0
3428.png,5,-0.0
3429.png,5,-0.0
3430.png,5,0.0053
3431.png,5,0.005
3432.png,5,0.0103
3433.png,5,0.01
3434.png,5,0.01
3435.png,5,0.01
3436.png,5,0.01
3437.png,5,0.01
3438.png,5,0.01
3439.png,5,0.01
3440.png,5,0.01
3441.png,5,0.01
3442.png,5,0.01
3443.png,5,0.0153
3444.png,5,0.015
3445.png,5,0.015
3446.png,5,0.015
3447.png,5,0.015
3448.png,5,0.015
3449.png,5,0.015
3450.png,5,0.020300000000000002
3451.png,5,0.02
3452.png,5,0.02
3453.png,5,0.02
3454.png,5,0.02
3455.png,5,0.02
3456.png,5,0.02
3457.png,5,0.02
3458.png,5,0.02
3459.png,5,0.02
3460.png,5,0.02
3461.png,5,0.02
3462.png,5,0.02
3463.png,5,0.02
3464.png,5,0.02
3465.png,5,0.02
3466.png,13,0.013750000000000002
3467.png,13,0.013500000000000002
3468.png,13,0.013500000000000002
3469.png,13,0.013500000000000002
3470.png,5,0.025
3471.png,5,0.025
3472.png,13,0.0194
3473.png,13,0.0189
3474.png,13,0.02185
3475.png,13,0.0216
3476.png,13,0.0216
3477.png,13,0.027500000000000004
3478.png,13,0.027000000000000003
3479.png,13,0.0329
3480.png,13,0.0324
3481.png,13,0.0324
3482.png,13,0.0324
3483.png,13,0.0324
3484.png,5,0.07060000000000001
3485.png,5,0.07
3486.png,5,0.07
3487.png,5,0.07
3488.png,5,0.07529999999999999
3489.png,5,0.075
3490.png,5,0.075
3491.png,5,0.075
3492.png,5,0.06970000000000001
3493.png,5,0.07
3494.png,5,0.07
3495.png,5,0.07
3496.png,5,0.07
3497.png,5,0.07
3498.png,5,0.07
3499.png,5,0.07
3500.png,5,0.07
3501.png,5,0.07
3502.png,5,0.07
3503.png,5,0.07
3504.png,5,0.07
3505.png,5,0.07
3506.png,5,0.06470000000000001
3507.png,5,0.065
3508.png,5,0.065
3509.png,5,0.065
3510.png,5,0.065
3511.png,5,0.065
3512.png,5,0.059699999999999996
3513.png,5,0.06
3514.png,5,0.06
3515.png,5,0.06
3516.png,5,0.06
3517.png,5,0.06
3518.png,5,0.06
3519.png,5,0.06
3520.png,5,0.06
3521.png,5,0.06
3522.png,5,0.06
3523.png,5,0.06
3524.png,5,0.06
3525.png,5,0.06
3526.png,5,0.06
3527.png,5,0.06
3528.png,5,0.06
3529.png,5,0.06
3530.png,5,0.06
3531.png,5,0.06
3532.png,5,0.06
3533.png,5,0.06
3534.png,5,0.06
3535.png,5,0.06
3536.png,5,0.06
3537.png,5,0.06
3538.png,5,0.06
3539.png,5,0.06
3540.png,5,0.06
3541.png,5,0.06
3542.png,5,0.06
3543.png,5,0.06
3544.png,5,0.0547
3545.png,5,0.055
3546.png,5,0.055
3547.png,5,0.055
3548.png,5,0.055
3549.png,5,0.055
3550.png,5,0.055
3551.png,5,0.055
3552.png,5,0.055
3553.png,5,0.055
3554.png,5,0.055
3555.png,5,0.055
3556.png,5,0.055
3557.png,5,0.055
3558.png,5,0.055
3559.png,5,0.055
3560.png,5,0.055
3561.png,5,0.055
3562.png,5,0.055
3563.png,5,0.055
3564.png,5,0.055
3565.png,5,0.055
3566.png,5,0.055
3567.png,5,0.055
3568.png,5,0.055
3569.png,5,0.055
3570.png,5,0.055
3571.png,5,0.055
3572.png,5,0.0497
3573.png,5,0.05
3574.png,5,0.05
3575.png,5,0.05
3576.png,5,0.05
3577.png,5,0.05
3578.png,5,0.05
3579.png,5,0.05
3580.png,5,0.05
3581.png,5,0.05
3582.png,5,0.05
3583.png,5,0.05
3584.png,5,0.05
3585.png,5,0.05
3586.png,5,0.05
3587.png,5,0.05
3588.png,5,0.05
3589.png,5,0.05
3590.png,5,0.05
3591.png,5,0.05
3592.png,5,0.05
3593.png,5,0.05
3594.png,5,0.05
3595.png,5,0.05
3596.png,5,0.05
3597.png,5,0.05
3598.png,5,0.05
3599.png,5,0.05
3600.png,5,0.05
3601.png,5,0.05
3602.png,5,0.05
3603.png,5,0.05
3604.png,5,0.05
3605.png,5,0.05
3606.png,5,0.05
3607.png,5,0.05
3608.png,5,0.05
3609.png,5,0.05
3610.png,5,0.05
3611.png,5,0.05
3612.png,5,0.05
3613.png,5,0.05
3614.png,5,0.05
3615.png,5,0.05
3616.png,5,0.05
3617.png,5,0.05
3618.png,5,0.05
3619.png,5,0.05
3620.png,5,0.05
3621.png,5,0.05
3622.png,5,0.05
3623.png,5,0.05
3624.png,5,0.05
3625.png,5,0.05
3626.png,5,0.05
3627.png,5,0.05
3628.png,5,0.05
3629.png,5,0.05
3630.png,5,0.05
3631.png,5,0.05
3632.png,5,0.05
3633.png,5,0.05
3634.png,5,0.05
3635.png,5,0.05
3636.png,5,0.05
3637.png,5,0.05
3638.png,5,0.05
3639.png,5,0.05
3640.png,5,0.05
3641.png,5,0.05
3642.png,5,0.05
3643.png,5,0.05
3644.png,5,0.05
3645.png,5,0.05
3646.png,5,0.05
3647.png,5,0.05
3648.png,5,0.05
3649.png,5,0.05
3650.png,5,0.05
3651.png,5,0.05
3652.png,5,0.05
3653.png,5,0.05
3654.png,5,0.05
3655.png,5,0.05
3656.png,5,0.05
3657.png,5,0.05
3658.png,5,0.05
3659.png,5,0.05
3660.png,5,0.05
3661.png,5,0.05
3662.png,5,0.05
3663.png,5,0.05
3664.png,5,0.05
3665.png,5,0.05
3666.png,5,0.05
3667.png,5,0.05
3668.png,5,0.05
3669.png,5,0.05
3670.png,5,0.05
3671.png,5,0.05
3672.png,5,0.05
3673.png,5,0.05
3674.png,5,0.05
3675.png,5,0.05
3676.png,5,0.05
3677.png,5,0.05
3678.png,5,0.05
3679.png,5,0.05
3680.png,5,0.05
3681.png,5,0.05
3682.png,5,0.05
3683.png,5,0.05
3684.png,5,0.05
3685.png,5,0.05
3686.png,5,0.05
3687.png,5,0.05
3688.png,5,0.05
3689.png,5,0.05
3690.png,5,0.05
3691.png,5,0.05
3692.png,5,0.05
3693.png,5,0.05
3694.png,5,0.05
3695.png,5,0.05
3696.png,5,0.05
3697.png,5,0.05
3698.png,5,0.05
3699.png,5,0.05
3700.png,5,0.05
3701.png,5,0.05
3702.png,5,0.05
3703.png,5,0.05
3704.png,5,0.05
3705.png,5,0.05
3706.png,5,0.05
3707.png,5,0.05
3708.png,5,0.05
3709.png,5,0.05
3710.png,5,0.05
3711.png,5,0.05
3712.png,5,0.05
3713.png,5,0.05
3714.png,5,0.05
3715.png,5,0.05
3716.png,5,0.05
3717.png,5,0.05
3718.png,5,0.05
3719.png,5,0.05
3720.png,5,0.05
3721.png,5,0.05
3722.png,5,0.05
3723.png,5,0.05
3724.png,5,0.05
3725.png,5,0.05
3726.png,5,0.05
3727.png,5,0.05
3728.png,5,0.05
3729.png,5,0.05
3730.png,5,0.05
3731.png,5,0.05
3732.png,5,0.05
3733.png,5,0.05
3734.png,5,0.05
3735.png,5,0.05
3736.png,5,0.05
3737.png,5,0.05
3738.png,5,0.05
3739.png,5,0.05
3740.png,5,0.05
3741.png,5,0.05
3742.png,5,0.05
3743.png,5,0.05
3744.png,5,0.05
3745.png,5,0.05
3746.png,5,0.05
3747.png,5,0.05
3748.png,5,0.05
3749.png,5,0.05
3750.png,5,0.05
3751.png,5,0.05
3752.png,5,0.05
3753.png,5,0.05
3754.png,5,0.05
3755.png,5,0.05
3756.png,5,0.0447
3757.png,5,0.045
3758.png,5,0.045
3759.png,5,0.045
3760.png,5,0.045
3761.png,5,0.045
3762.png,5,0.045
3763.png,5,0.045
3764.png,5,0.045
3765.png,5,0.045
3766.png,5,0.045
3767.png,5,0.045
3768.png,5,0.045
3769.png,5,0.045
3770.png,5,0.045
3771.png,5,0.045
3772.png,5,0.045
3773.png,5,0.045
3774.png,5,0.045
3775.png,5,0.045
3776.png,5,0.045
3777.png,5,0.045
3778.png,5,0.045
3779.png,5,0.045
3780.png,5,0.045
3781.png,5,0.045
3782.png,5,0.045
3783.png,5,0.045
3784.png,5,0.045
3785.png,5,0.045
3786.png,5,0.045
3787.png,5,0.045
3788.png,5,0.045
3789.png,5,0.045
3790.png,5,0.045
3791.png,5,0.045
3792.png,5,0.045
3793.png,5,0.045
3794.png,5,0.045
3795.png,5,0.045
3796.png,5,0.045
3797.png,5,0.045
3798.png,5,0.045
3799.png,5,0.045
3800.png,5,0.045
3801.png,5,0.045
3802.png,5,0.045
3803.png,5,0.045
3804.png,5,0.045
3805.png,5,0.045
3806.png,5,0.045
3807.png,5,0.045
3808.png,5,0.045
3809.png,5,0.045
3810.png,5,0.045
3811.png,5,0.045
3812.png,5,0.045
3813.png,5,0.045
3814.png,5,0.045
3815.png,5,0.045
3816.png,5,0.045
3817.png,5,0.045
3818.png,5,0.045
3819.png,5,0.045
3820.png,5,0.045
3821.png,5,0.045
3822.png,5,0.045
3823.png,5,0.045
3824.png,5,0.045
3825.png,5,0.045
3826.png,5,0.045
3827.png,5,0.045
3828.png,5,0.045
3829.png,5,0.045
3830.png,5,0.045
3831.png,5,0.045
3832.png,5,0.045
3833.png,5,0.045
3834.png,5,0.045
3835.png,5,0.045
3836.png,5,0.045
3837.png,5,0.045
3838.png,5,0.045
3839.png,5,0.045
3840.png,5,0.045
3841.png,5,0.045
3842.png,5,0.045
3843.png,5,0.045
3844.png,5,0.045
3845.png,5,0.045
3846.png,5,0.045
3847.png,5,0.045
3848.png,5,0.045
3849.png,5,0.045
3850.png,5,0.045
3851.png,5,0.045
3852.png,5,0.045
3853.png,5,0.045
3854.png,5,0.045
3855.png,5,0.045
3856.png,5,0.045
3857.png,5,0.045
3858.png,5,0.045
3859.png,5,0.045
3860.png,5,0.045
3861.png,5,0.045
3862.png,5,0.045
3863.png,5,0.045
3864.png,5,0.045
3865.png,5,0.045
3866.png,5,0.045
3867.png,5,0.045
3868.png,5,0.045
3869.png,5,0.045
3870.png,5,0.045
3871.png,5,0.045
3872.png,5,0.045
3873.png,5,0.045
3874.png,5,0.045
3875.png,5,0.045
3876.png,5,0.045
3877.png,5,0.045
3878.png,5,0.045
3879.png,5,0.045
3880.png,5,0.045
3881.png,5,0.045
3882.png,5,0.045
3883.png,5,0.045
3884.png,13,0.009550000000000001
3885.png,13,0.0108
3886.png,13,-0.030500000000000003
3887.png,13,-0.027000000000000003
3888.png,13,-0.09780000000000001
3889.png,13,-0.0918
3890.png,5,-0.62685
3891.png,5,-0.6026
3892.png,9,-0.7934499999999999
3893.png,9,-0.7496999999999999
3894.png,5,-1.88
3895.png,5,-1.8167499999999999
3896.png,5,-2.0792499999999996
3897.png,5,-2.0604999999999998
3898.png,-0.6,-1
3899.png,-0.6,-1
3900.png,-0.6,-1
3901.png,-0.6,-1
3902.png,-0.6,-1
3903.png,-0.6,-1
3904.png,-0.6,-1
3905.png,-0.6,-1
3906.png,-0.6,-1
3907.png,-0.6,-1
3908.png,-0.6,-1
3909.png,-0.6,-1
3910.png,-0.6,-1
3911.png,-0.6,-1
3912.png,-0.6,-1
3913.png,-0.6,-1
3914.png,-0.6,-1
3915.png,-0.6,-1
3916.png,-0.6,-1
3917.png,-0.6,-1
3918.png,-0.6,-1
3919.png,-0.6,-1
3920.png,-0.6,-1
3921.png,-0.6,-1
3922.png,-0.6,-1
3923.png,-0.6,-1
3924.png,-0.6,-1
3925.png,-0.6,-1
3926.png,5,-2.057
3927.png,5,-2.05725
3928.png,5,-2.0012499999999998
3929.png,5,-2.0052499999999998
3930.png,5,-1.95275
3931.png,5,-1.9565
3932.png,5,-1.792
3933.png,5,-1.80375
3934.png,5,-1.47125
3935.png,5,-1.4949999999999999
3936.png,5,-1.1975
3937.png,5,-1.225
3938.png,5,-0.7675000000000001
3939.png,5,-0.798
3940.png,5,-0.33299999999999996
3941.png,5,-0.364
3942.png,5,0.102
3943.png,5,0.07125
3944.png,5,0.62575
3945.png,5,0.598
3946.png,5,0.9702999999999999
3947.png,5,0.9482999999999999
3948.png,9,0.6934
3949.png,9,0.67865
3950.png,5,1.11075
3951.png,5,1.10625
3952.png,5,1.0222499999999999
3953.png,5,1.0274999999999999
3954.png,5,0.84275
3955.png,5,0.8505
3956.png,5,0.5655
3957.png,5,0.5845
3958.png,5,0.23025
3959.png,5,0.255
3960.png,5,-0.19699999999999998
3961.png,5,-0.16874999999999998
3962.png,5,-0.7707499999999999
3963.png,5,-0.7394999999999999
3964.png,5,-1.39795
3965.png,5,-1.3662
3966.png,9,-1.04355
3967.png,9,-1.0143
3968.png,5,-2.03425
3969.png,5,-2.012
3970.png,5,-1.7887499999999998
3971.png,5,-1.77775
3972.png,5,-2.0717499999999998
3973.png,5,-2.05075
3974.png,5,-2.06125
3975.png,5,-2.0604999999999998
3976.png,5,-2.0185
3977.png,5,-2.0215
3978.png,5,-1.9304999999999999
3979.png,5,-1.9369999999999998
3980.png,5,-1.7550000000000001
3981.png,5,-1.768
3982.png,5,-1.4635
3983.png,5,-1.48525
3984.png,5,-1.2245000000000001
3985.png,5,-1.2495
3986.png,5,-0.8595
3987.png,5,-0.8855000000000001
3988.png,5,-0.6155
3989.png,5,-0.6335000000000001
3990.png,5,-0.49074999999999996
3991.png,5,-0.5025
3992.png,5,-0.4145
3993.png,5,-0.42
3994.png,5,-0.41400000000000003
3995.png,5,-0.41600000000000004
3996.png,5,-0.4245
3997.png,5,-0.424
3998.png,5,-0.47500000000000003
3999.png,5,-0.47200000000000003
4000.png,5,-0.56125
4001.png,5,-0.556
4002.png,5,-0.67925
4003.png,5,-0.672
4004.png,5,-0.8207500000000001
4005.png,5,-0.812
4006.png,5,-0.9904999999999999
4007.png,5,-0.98
4008.png,5,-1.09475
4009.png,5,-1.08375
4010.png,5,-1.25975
4011.png,5,-1.24875
4012.png,5,-1.40475
4013.png,5,-1.395
4014.png,5,-1.515
4015.png,5,-1.5074999999999998
4016.png,5,-1.5554999999999999
4017.png,5,-1.5525
4018.png,5,-1.5125
4019.png,5,-1.515
4020.png,5,-1.3949999999999998
4021.png,5,-1.4024999999999999
4022.png,5,-1.4024999999999999
4023.png,5,-1.2145000000000001
4024.png,5,-1.22625
4025.png,5,-1.22625
4026.png,5,-0.9307500000000001
4027.png,5,-0.7605
4028.png,5,-0.77625
4029.png,5,-0.77625
4030.png,5,-0.77625
4031.png,5,-0.51625
4032.png,5,-0.5325
4033.png,5,-0.33249999999999996
4034.png,5,-0.345
4035.png,5,-0.1555
4036.png,5,-0.168
4037.png,5,-0.007899999999999999
4038.png,5,-0.0174
4039.png,5,-0.0174
4040.png,5,0.1284
4041.png,5,0.12
4042.png,13,0.10020000000000001
4043.png,13,0.09720000000000001
4044.png,5,0.15589999999999998
4045.png,5,0.15639999999999998
4046.png,5,0.15639999999999998
4047.png,5,0.0594
4048.png,5,0.0644
4049.png,5,0.0644
4050.png,13,-0.20115
4051.png,13,-0.1809
4052.png,5,-0.6901
4053.png,5,-0.67
4054.png,5,-0.8864999999999998
4055.png,5,-0.8699999999999999
4056.png,5,-1.498
4057.png,5,-1.45125
4058.png,5,-1.45125
4059.png,5,-1.77525
4060.png,5,-1.755
4061.png,5,-1.668
4062.png,5,-1.6575
4063.png,5,-1.661
4064.png,5,-1.66075
4065.png,5,-1.66075
4066.png,5,-1.5487499999999998
4067.png,5,-1.5567499999999999
4068.png,5,-1.5567499999999999
4069.png,5,-1.41325
4070.png,5,-1.4235
4071.png,5,-1.4235
4072.png,5,-1.4225
4073.png,5,-1.43625
4074.png,5,-1.1762499999999998
4075.png,5,-1.1925
4076.png,5,-0.8655
4077.png,5,-0.882
4078.png,5,-0.633
4079.png,5,-0.6525
4080.png,5,-0.3645
4081.png,5,-0.384
4082.png,5,-0.10479999999999999
4083.png,5,-0.12179999999999999
4084.png,5,-0.12179999999999999
4085.png,5,0.1621
4086.png,5,0.3177
4087.png,5,0.3082
4088.png,5,0.3082
4089.png,5,0.36044999999999994
4090.png,5,0.35669999999999996
4091.png,5,0.35669999999999996
4092.png,5,0.311
4093.png,5,0.312
4094.png,5,0.312
4095.png,5,0.244
4096.png,5,0.163
4097.png,5,0.168
4098.png,5,0.168
4099.png,5,0.168
4100.png,5,0.0745
4101.png,5,0.08
4102.png,5,0.08
4103.png,5,-0.005
4104.png,5,-0.0873
4105.png,5,-0.0828
4106.png,5,-0.0828
4107.png,5,-0.0828
4108.png,5,-0.196
4109.png,5,-0.19
4110.png,5,-0.19
4111.png,5,-0.2536
4112.png,5,-0.2712
4113.png,5,-0.27
4114.png,5,-0.27
4115.png,5,-0.27
4116.png,13,-0.1517
4117.png,13,-0.1512
4118.png,13,-0.1512
4119.png,5,-0.2641
4120.png,5,-0.265
4121.png,5,-0.265
4122.png,5,-0.37474999999999997
4123.png,5,-0.368
4124.png,5,-0.368
4125.png,5,-0.36315000000000003
4126.png,5,-0.3634
4127.png,5,-0.3634
4128.png,5,-0.32945
4129.png,5,-0.3312
4130.png,5,-0.3312
4131.png,5,-0.3021
4132.png,5,-0.2745
4133.png,5,-0.276
4134.png,5,-0.276
4135.png,5,-0.2566
4136.png,5,-0.2576
4137.png,5,-0.2479
4138.png,5,-0.2484
4139.png,5,-0.2484
4140.png,5,-0.23385
4141.png,5,-0.2346
4142.png,5,-0.2249
4143.png,5,-0.2254
4144.png,5,-0.22055
4145.png,5,-0.2208
4146.png,5,-0.2111
4147.png,5,-0.2116
4148.png,5,-0.2116
4149.png,5,-0.20675
4150.png,5,-0.20215
4151.png,5,-0.2024
4152.png,5,-0.2024
4153.png,5,-0.19755
4154.png,5,-0.1978
4155.png,5,-0.1978
4156.png,5,-0.19294999999999998
4157.png,5,-0.19319999999999998
4158.png,5,-0.19319999999999998
4159.png,5,-0.1835
4160.png,5,-0.184
4161.png,5,-0.184
4162.png,5,-0.184
4163.png,5,-0.184
4164.png,5,-0.184
4165.png,5,-0.184
4166.png,5,-0.184
4167.png,5,-0.184
4168.png,5,-0.17915
4169.png,5,-0.1794
4170.png,5,-0.1794
4171.png,5,-0.17455
4172.png,5,-0.1748
4173.png,5,-0.1748
4174.png,5,-0.1748
4175.png,5,-0.1748
4176.png,5,-0.1748
4177.png,5,-0.1748
4178.png,5,-0.1748
4179.png,5,-0.1748
4180.png,5,-0.16995
4181.png,5,-0.1702
4182.png,5,-0.1702
4183.png,5,-0.1702
4184.png,5,-0.1702
4185.png,5,-0.16535
4186.png,5,-0.1656
4187.png,5,-0.1656
4188.png,5,-0.1656
4189.png,5,-0.1656
4190.png,5,-0.1656
4191.png,5,-0.16075
4192.png,5,-0.161
4193.png,5,-0.161
4194.png,5,-0.161
4195.png,5,-0.15614999999999998
4196.png,5,-0.15639999999999998
4197.png,5,-0.15639999999999998
4198.png,5,-0.15639999999999998
4199.png,5,-0.15639999999999998
4200.png,5,-0.15639999999999998
4201.png,5,-0.15639999999999998
4202.png,5,-0.15639999999999998
4203.png,5,-0.15639999999999998
4204.png,5,-0.15155
4205.png,5,-0.1518
4206.png,5,-0.1518
4207.png,5,-0.14695
4208.png,5,-0.1472
4209.png,5,-0.1472
4210.png,5,-0.1472
4211.png,5,-0.1472
4212.png,5,-0.1472
4213.png,5,-0.1472
4214.png,5,-0.1472
4215.png,5,-0.1472
4216.png,5,-0.1472
4217.png,5,-0.1472
4218.png,5,-0.14235
4219.png,5,-0.1426
4220.png,5,-0.13775
4221.png,5,-0.138
4222.png,5,-0.138
4223.png,5,-0.138
4224.png,5,-0.138
4225.png,5,-0.138
4226.png,5,-0.138
4227.png,5,-0.138
4228.png,5,-0.138
4229.png,5,-0.138
4230.png,5,-0.13315
4231.png,5,-0.1334
4232.png,5,-0.12855
4233.png,5,-0.1288
4234.png,5,-0.1288
4235.png,5,-0.1288
4236.png,5,-0.1288
4237.png,5,-0.1288
4238.png,5,-0.1288
4239.png,5,-0.1288
4240.png,5,-0.1288
4241.png,5,-0.12395
4242.png,5,-0.1242
4243.png,5,-0.1242
4244.png,5,-0.11935
4245.png,5,-0.1196
4246.png,5,-0.1196
4247.png,5,-0.1002
4248.png,5,-0.1012
4249.png,5,-0.033299999999999996
4250.png,5,-0.0368
4251.png,5,0.08445
4252.png,5,0.07819999999999999
4253.png,5,0.07819999999999999
4254.png,5,0.2758
4255.png,5,0.265
4256.png,5,0.5088
4257.png,5,0.495
4258.png,5,0.7865
4259.png,5,0.77
4260.png,5,0.9826999999999999
4261.png,5,1.3153
4262.png,5,1.2963
4263.png,5,1.4415
4264.png,5,1.42125
4265.png,5,1.8262500000000002
4266.png,5,1.808
4267.png,5,1.808
4268.png,5,1.7069999999999999
4269.png,5,1.8579999999999999
4270.png,5,1.8459999999999999
4271.png,5,1.8459999999999999
4272.png,5,1.923
4273.png,5,1.9419999999999997
4274.png,5,1.9402499999999998
4275.png,5,1.9402499999999998
4276.png,5,1.9087499999999997
4277.png,5,1.7954999999999999
4278.png,5,1.80375
4279.png,5,1.59375
4280.png,5,1.60875
4281.png,5,1.3672499999999999
4282.png,5,1.3844999999999998
4283.png,5,1.21725
4284.png,5,1.2355
4285.png,5,0.9655
4286.png,5,0.9835
4287.png,5,0.9835
4288.png,5,0.7060000000000001
4289.png,5,0.50025
4290.png,5,0.5175
4291.png,5,0.5175
4292.png,5,0.2215
4293.png,5,0.24
4294.png,5,0.03925000000000001
4295.png,5,0.052000000000000005
4296.png,5,0.052000000000000005
4297.png,5,-0.2
4298.png,5,-0.185
4299.png,13,-0.16185000000000002
4300.png,5,-0.30289999999999995
4301.png,5,-0.30015
4302.png,5,-0.30015
4303.png,5,-0.24954999999999997
4304.png,5,-0.10969999999999999
4305.png,5,-0.11745
4306.png,5,-0.11745
4307.png,5,0.08954999999999999
4308.png,5,0.0783
4309.png,5,0.33015
4310.png,5,0.3174
4311.png,5,0.6736
4312.png,5,0.655
4313.png,5,0.9227
4314.png,5,0.9062
4315.png,5,1.13295
4316.png,5,1.11795
4317.png,5,1.3387499999999999
4318.png,5,1.3475000000000001
4319.png,5,1.34
4320.png,5,1.34
4321.png,5,1.31225
4322.png,5,1.3087499999999999
4323.png,5,1.27675
4324.png,5,1.2107499999999998
4325.png,5,1.2149999999999999
4326.png,5,1.2149999999999999
4327.png,5,1.119
4328.png,5,1.125
4329.png,5,1.017
4330.png,5,1.02375
4331.png,5,0.9475000000000001
4332.png,5,0.9560000000000001
4333.png,5,0.7987500000000001
4334.png,5,0.808
4335.png,5,0.6465000000000001
4336.png,5,0.5285000000000001
4337.png,5,0.536
4338.png,5,0.536
4339.png,5,0.46375000000000005
4340.png,5,0.468
4341.png,5,0.44675000000000004
4342.png,5,0.4225
4343.png,5,0.424
4344.png,5,0.424
4345.png,5,0.41550000000000004
4346.png,5,0.41600000000000004
4347.png,5,0.399
4348.png,5,0.4
4349.png,5,0.3915
4350.png,5,0.392
4351.png,5,0.3835
4352.png,5,0.37125
4353.png,5,0.372
4354.png,5,0.372
4355.png,5,0.35925
4356.png,5,0.36
4357.png,5,0.3515
4358.png,5,0.352
4359.png,5,0.3435
4360.png,5,0.3355
4361.png,5,0.336
4362.png,5,0.32325000000000004
4363.png,5,0.324
4364.png,5,0.324
4365.png,5,0.31125
4366.png,5,0.312
4367.png,5,0.3035
4368.png,5,0.304
4369.png,5,0.28700000000000003
4370.png,5,0.28800000000000003
4371.png,5,0.2795
4372.png,5,0.28
4373.png,5,0.263
4374.png,5,0.264
4375.png,5,0.247
4376.png,5,0.248
4377.png,5,0.25129999999999997
4378.png,5,0.25229999999999997
4379.png,5,0.2339
4380.png,5,0.2349
4381.png,5,0.21649999999999997
4382.png,5,0.21749999999999997
4383.png,5,0.18989999999999999
4384.png,5,0.1914
4385.png,5,0.1638
4386.png,5,0.1653
4387.png,5,0.1377
4388.png,5,0.1392
4389.png,5,0.10239999999999999
4390.png,5,0.10439999999999999
4391.png,5,0.0768
4392.png,5,0.0783
4393.png,5,0.044
4394.png,5,0.046
4395.png,5,0.0169
4396.png,5,0.0184
4397.png,5,-0.0204
4398.png,5,-0.0184
4399.png,5,-0.051800000000000006
4400.png,5,-0.05
4401.png,5,-0.0765
4402.png,5,-0.075
4403.png,5,-0.1015
4404.png,5,-0.1
4405.png,5,-0.1106
4406.png,5,-0.11
4407.png,5,-0.1206
4408.png,5,-0.12
4409.png,5,-0.1306
4410.png,5,-0.13
4411.png,13,-0.0702
4412.png,13,-0.0702
4413.png,13,-0.0702
4414.png,13,-0.0702
4415.png,13,-0.0702
4416.png,13,-0.0702
4417.png,5,-0.20420000000000002
4418.png,5,-0.2
4419.png,5,-0.25830000000000003
4420.png,5,-0.255
4421.png,5,-0.27825
4422.png,5,-0.276
4423.png,5,-0.2663
4424.png,5,-0.2668
4425.png,5,-0.2474
4426.png,5,-0.2484
4427.png,5,-0.2387
4428.png,5,-0.2392
4429.png,5,-0.22465
4430.png,5,-0.2254
4431.png,5,-0.2157
4432.png,5,-0.2162
4433.png,5,-0.21135
4434.png,5,-0.2116
4435.png,5,-0.2019
4436.png,5,-0.2024
4437.png,5,-0.19755
4438.png,5,-0.1978
4439.png,5,-0.19294999999999998
4440.png,5,-0.19319999999999998
4441.png,5,-0.18835
4442.png,5,-0.1886
4443.png,5,-0.18375
4444.png,5,-0.184
4445.png,5,-0.17915
4446.png,5,-0.1794
4447.png,5,-0.17455
4448.png,5,-0.1748
4449.png,5,-0.1748
4450.png,5,-0.1748
4451.png,5,-0.1748
4452.png,5,-0.1748
4453.png,5,-0.16995
4454.png,5,-0.1702
4455.png,5,-0.16535
4456.png,5,-0.1656
4457.png,5,-0.1656
4458.png,5,-0.1656
4459.png,5,-0.1656
4460.png,5,-0.1656
4461.png,5,-0.16075
4462.png,5,-0.161
4463.png,5,-0.161
4464.png,5,-0.161
4465.png,5,-0.15614999999999998
4466.png,5,-0.15639999999999998
4467.png,5,-0.15639999999999998
4468.png,5,-0.15639999999999998
4469.png,5,-0.15639999999999998
4470.png,5,-0.15639999999999998
4471.png,5,-0.15639999999999998
4472.png,5,-0.15639999999999998
4473.png,5,-0.15155
4474.png,5,-0.1518
4475.png,5,-0.14695
4476.png,5,-0.1472
4477.png,5,-0.1472
4478.png,5,-0.1472
4479.png,5,-0.1472
4480.png,5,-0.1472
4481.png,5,-0.1472
4482.png,5,-0.1472
4483.png,5,-0.1472
4484.png,5,-0.1472
4485.png,5,-0.14235
4486.png,5,-0.1426
4487.png,5,-0.1426
4488.png,5,-0.1426
4489.png,5,-0.13775
4490.png,5,-0.138
4491.png,5,-0.138
4492.png,5,-0.138
4493.png,5,-0.138
4494.png,5,-0.138
4495.png,5,-0.138
4496.png,5,-0.138
4497.png,5,-0.138
4498.png,5,-0.138
4499.png,5,-0.13315
4500.png,5,-0.1334
4501.png,5,-0.12855
4502.png,5,-0.1288
4503.png,5,-0.1288
4504.png,5,-0.1288
4505.png,5,-0.1288
4506.png,5,-0.1288
4507.png,5,-0.1288
4508.png,5,-0.1288
4509.png,5,-0.1288
4510.png,5,-0.1288
4511.png,5,-0.12395
4512.png,5,-0.1242
4513.png,5,-0.1242
4514.png,5,-0.1242
4515.png,5,-0.11935
4516.png,5,-0.1196
4517.png,5,-0.1196
4518.png,5,-0.1196
4519.png,5,-0.1196
4520.png,5,-0.1196
4521.png,5,-0.1196
4522.png,5,-0.1196
4523.png,5,-0.11474999999999999
4524.png,5,-0.11499999999999999
4525.png,5,-0.125
4526.png,5,-0.125
4527.png,5,-0.1197
4528.png,5,-0.12
4529.png,5,-0.12
4530.png,5,-0.12
4531.png,5,-0.12
4532.png,5,-0.12
4533.png,5,-0.12
4534.png,5,-0.12
4535.png,5,-0.11470000000000001
4536.png,5,-0.115
4537.png,5,-0.1097
4538.png,5,-0.11
4539.png,5,-0.11
4540.png,5,-0.11
4541.png,5,-0.11
4542.png,5,-0.11
4543.png,5,-0.1047
4544.png,5,-0.105
4545.png,5,-0.09970000000000001
4546.png,5,-0.1
4547.png,5,-0.1
4548.png,5,-0.1
4549.png,5,-0.1
4550.png,5,-0.1
4551.png,5,-0.0947
4552.png,5,-0.095
4553.png,5,-0.0897
4554.png,5,-0.09
4555.png,5,-0.09
4556.png,5,-0.09
4557.png,5,-0.09
4558.png,5,-0.09
4559.png,5,-0.08470000000000001
4560.png,5,-0.085
4561.png,5,-0.07970000000000001
4562.png,5,-0.08
4563.png,5,-0.08
4564.png,5,-0.08
4565.png,5,-0.0747
4566.png,5,-0.075
4567.png,5,-0.06970000000000001
4568.png,5,-0.07
4569.png,5,-0.07
4570.png,5,-0.07
4571.png,5,-0.06470000000000001
4572.png,5,-0.065
4573.png,5,-0.059699999999999996
4574.png,5,-0.06
4575.png,5,-0.06
4576.png,5,-0.06
4577.png,5,-0.0547
4578.png,5,-0.055
4579.png,5,-0.0497
4580.png,5,-0.05
4581.png,5,-0.05
4582.png,5,-0.05
4583.png,5,-0.0447
4584.png,5,-0.045
4585.png,5,-0.0397
4586.png,5,-0.04
4587.png,5,-0.04
4588.png,5,-0.04
4589.png,5,-0.0347
4590.png,5,-0.035
4591.png,5,-0.029699999999999997
4592.png,5,-0.03
4593.png,5,-0.03
4594.png,5,-0.03
4595.png,5,-0.0247
4596.png,5,-0.025
4597.png,5,-0.0197
4598.png,5,-0.02
4599.png,5,-0.02
4600.png,5,-0.02
4601.png,5,-0.0147
4602.png,5,-0.015
4603.png,5,-0.0097
4604.png,5,-0.01
4605.png,5,-0.01
4606.png,5,-0.01
4607.png,5,-0.0047
4608.png,5,-0.005
4609.png,5,0.021500000000000002
4610.png,5,0.02
4611.png,5,0.1048
4612.png,5,0.1
4613.png,5,0.2431
4614.png,5,0.23500000000000001
4615.png,5,0.4258
4616.png,5,0.41500000000000004
4617.png,5,0.6641
4618.png,5,0.65
4619.png,5,0.8276999999999999
4620.png,5,0.8134499999999999
4621.png,5,1.1170499999999999
4622.png,5,1.10055
4623.png,9,0.82235
4624.png,9,0.8036
4625.png,5,1.562
4626.png,5,1.54125
4627.png,5,1.61925
4628.png,5,1.599
4629.png,5,2.068
4630.png,5,2.0345
4631.png,-0.6,1
4632.png,-0.6,1
4633.png,-0.6,1
4634.png,-0.6,1
4635.png,-0.6,1
4636.png,-0.6,1
4637.png,-0.6,1
4638.png,-0.6,1
4639.png,-0.6,1
4640.png,-0.6,1
4641.png,-0.6,1
4642.png,-0.6,1
4643.png,-0.6,1
4644.png,-0.6,1
4645.png,-0.6,1
4646.png,-0.6,1
4647.png,5,2.0694999999999997
4648.png,5,2.0669999999999997
4649.png,5,2.0039999999999996
4650.png,5,2.0084999999999997
4651.png,5,1.9489999999999998
4652.png,5,1.95325
4653.png,5,1.8307499999999999
4654.png,5,1.8395
4655.png,5,1.5735000000000001
4656.png,5,1.5925
4657.png,5,1.2775
4658.png,5,1.3
4659.png,5,1.02125
4660.png,5,1.0465
4661.png,5,0.6565
4662.png,5,0.6825
4663.png,5,0.32725
4664.png,5,0.3525
4665.png,5,-0.035500000000000004
4666.png,5,-0.01125
4667.png,5,-0.42605
4668.png,5,-0.4048
4669.png,5,-0.7152000000000001
4670.png,5,-0.6992
4671.png,5,-0.7695
4672.png,5,-0.76
4673.png,5,-0.7897500000000001
4674.png,5,-0.788
4675.png,5,-0.6775000000000001
4676.png,5,-0.684
4677.png,5,-0.43724999999999997
4678.png,5,-0.44999999999999996
4679.png,5,-0.158
4680.png,5,-0.17625
4681.png,5,0.1945
4682.png,5,0.17200000000000001
4683.png,5,0.68765
4684.png,5,0.6624
4685.png,5,1.1619499999999998
4686.png,5,1.1361999999999999
4687.png,9,0.86705
4688.png,9,0.8428
4689.png,5,1.6905
4690.png,5,1.672
4691.png,5,1.8505
4692.png,5,1.84
4693.png,5,1.9324999999999999
4694.png,5,1.9012499999999999
4695.png,5,1.93275
4696.png,5,1.9304999999999999
4697.png,5,1.8885
4698.png,5,1.8915
4699.png,5,1.7445
4700.png,5,1.755
4701.png,5,1.5414999999999999
4702.png,5,1.5567499999999999
4703.png,5,1.29425
4704.png,5,1.313
4705.png,5,1.10275
4706.png,5,1.1235
4707.png,5,0.8760000000000001
4708.png,5,0.8925000000000001
4709.png,5,0.8162499999999999
4710.png,5,0.825
4711.png,5,0.741
4712.png,5,0.74625
4713.png,5,0.69425
4714.png,5,0.6975
4715.png,5,0.6415000000000001
4716.png,5,0.645
4717.png,5,0.645
4718.png,5,0.5890000000000001
4719.png,5,0.5925
4720.png,5,0.5925
4721.png,5,0.5285
4722.png,5,0.4565
4723.png,5,0.46125
4724.png,5,0.46125
4725.png,5,0.36524999999999996
4726.png,5,0.37124999999999997
4727.png,5,0.28125000000000006
4728.png,5,0.28800000000000003
4729.png,5,0.28800000000000003
4730.png,5,0.152
4731.png,5,0.0027500000000000007
4732.png,5,0.012
4733.png,5,0.012
4734.png,5,0.012
4735.png,5,-0.16175
4736.png,5,-0.15225
4737.png,5,-0.3287
4738.png,5,-0.32
4739.png,5,-0.32
4740.png,13,-0.25245
4741.png,13,-0.2457
4742.png,5,-0.5557000000000001
4743.png,5,-0.55
4744.png,5,-0.55
4745.png,5,-0.5254
4746.png,5,-0.5244
4747.png,5,-0.626
4748.png,5,-0.616
4749.png,5,-0.616
4750.png,5,-0.616
4751.png,5,-0.616
4752.png,5,-0.616
4753.png,5,-0.5905
4754.png,5,-0.592
4755.png,5,-0.592
4756.png,5,-0.592
4757.png,5,-0.592
4758.png,5,-0.592
4759.png,5,-0.6174999999999999
4760.png,5,-0.6925
4761.png,5,-0.6880000000000001
4762.png,5,-0.6880000000000001
4763.png,5,-0.6880000000000001
4764.png,5,-0.7815
4765.png,5,-0.89075
4766.png,5,-0.884
4767.png,5,-0.884
4768.png,5,-1.01575
4769.png,5,-1.008
4770.png,5,-1.008
4771.png,5,-1.069
4772.png,5,-1.06125
4773.png,5,-1.06125
4774.png,5,-1.19725
4775.png,5,-1.3247499999999999
4776.png,5,-1.31625
4777.png,5,-1.31625
4778.png,5,-1.31625
4779.png,5,-1.43625
4780.png,5,-1.50475
4781.png,5,-1.5
4782.png,5,-1.5
4783.png,5,-1.5
4784.png,5,-1.335
4785.png,5,-1.3325
4786.png,5,-1.3325
4787.png,5,-1.301
4788.png,5,-1.30325
4789.png,5,-1.276
4790.png,5,-1.2845
4791.png,5,-1.2845
4792.png,5,-1.11575
4793.png,5,-1.127
4794.png,5,-0.9057499999999999
4795.png,5,-0.9205
4796.png,5,-0.9205
4797.png,5,-0.6805
4798.png,5,-0.6965
4799.png,5,-0.6965
4800.png,5,-0.48624999999999996
4801.png,5,-0.5025
4802.png,5,-0.5025
4803.png,5,-0.26249999999999996
4804.png,5,-0.27749999999999997
4805.png,5,-0.27749999999999997
4806.png,5,-0.06225
4807.png,5,-0.076
4808.png,5,-0.076
4809.png,5,0.12434999999999999
4810.png,5,0.11309999999999999
4811.png,5,0.11309999999999999
4812.png,5,0.2996
4813.png,5,0.29
4814.png,5,0.29
4815.png,13,0.20970000000000003
4816.png,13,0.20520000000000002
4817.png,5,0.3906
4818.png,5,0.39
4819.png,5,0.39
4820.png,5,0.3853
4821.png,5,0.2586
4822.png,5,0.26535
4823.png,5,0.26535
4824.png,5,0.08595
4825.png,5,0.0957
4826.png,5,0.0957
4827.png,5,-0.10734999999999999
4828.png,5,-0.09659999999999999
4829.png,5,-0.09659999999999999
4830.png,13,-0.17765000000000003
4831.png,13,-0.16740000000000002
4832.png,5,-0.5114
4833.png,5,-0.5
4834.png,5,-0.5
4835.png,5,-0.82925
4836.png,5,-0.804
4837.png,5,-0.804
4838.png,5,-0.974
4839.png,5,-0.964
4840.png,5,-0.964
4841.png,5,-0.9894999999999999
4842.png,5,-0.988
4843.png,5,-0.9497500000000001
4844.png,5,-0.9520000000000001
4845.png,5,-0.8585
4846.png,5,-0.864
4847.png,5,-0.745
4848.png,5,-0.752
4849.png,5,-0.752
4850.png,5,-0.616
4851.png,5,-0.624
4852.png,5,-0.4795
4853.png,5,-0.488
4854.png,5,-0.352
4855.png,5,-0.36
4856.png,5,-0.23249999999999998
4857.png,5,-0.24
4858.png,5,-0.24
4859.png,5,-0.146
4860.png,5,-0.15225
4861.png,5,-0.15225
4862.png,5,-0.07369999999999999
4863.png,5,-0.07819999999999999
4864.png,5,-0.07819999999999999
4865.png,5,-0.021400000000000002
4866.png,5,-0.025
4867.png,5,0.0068000000000000005
4868.png,5,0.005
4869.png,13,-0.00025
4870.png,13,-0.0
4871.png,13,-0.0
4872.png,13,-0.023600000000000003
4873.png,13,-0.0216
4874.png,13,-0.0216
4875.png,5,-0.2467
4876.png,5,-0.54945
4877.png,5,-0.5307
4878.png,5,-0.95125
4879.png,5,-0.924
4880.png,5,-1.0642500000000001
4881.png,5,-1.056
4882.png,5,-1.02625
4883.png,5,-1.028
4884.png,5,-1.028
4885.png,5,-0.93025
4886.png,5,-0.936
4887.png,5,-0.8
4888.png,5,-0.808
4889.png,5,-0.6465000000000001
4890.png,5,-0.656
4891.png,5,-0.656
4892.png,5,-0.486
4893.png,5,-0.496
4894.png,5,-0.496
4895.png,5,-0.33875000000000005
4896.png,5,-0.34800000000000003
4897.png,5,-0.22204999999999997
4898.png,5,-0.23054999999999998
4899.png,5,-0.23054999999999998
4900.png,5,-0.1177
4901.png,5,-0.1242
4902.png,5,-0.1242
4903.png,5,-0.0237
4904.png,5,-0.03
4905.png,13,0.02215
4906.png,13,0.0189
4907.png,5,0.0615
4908.png,5,0.06
4909.png,5,0.06
4910.png,5,-0.0672
4911.png,5,-0.06
4912.png,5,-0.1766
4913.png,5,-0.17
4914.png,5,-0.17
4915.png,13,-0.1449
4916.png,13,-0.1404
4917.png,5,-0.3342
4918.png,5,-0.33
4919.png,5,-0.6366999999999999
4920.png,5,-0.6176999999999999
4921.png,5,-0.6176999999999999
4922.png,5,-0.7556999999999999
4923.png,5,-0.7482
4924.png,5,-0.7573999999999999
4925.png,5,-0.7568999999999999
4926.png,5,-0.6535000000000001
4927.png,5,-0.656
4928.png,5,-0.656
4929.png,5,-0.58375
4930.png,5,-0.588
4931.png,5,-0.51575
4932.png,5,-0.52
4933.png,5,-0.4735
4934.png,5,-0.4785
4935.png,5,-0.4785
4936.png,5,-0.3957
4937.png,5,-0.3359
4938.png,5,-0.3404
4939.png,5,-0.3404
4940.png,5,-0.264
4941.png,5,-0.2064
4942.png,5,-0.21
4943.png,5,-0.21
4944.png,5,-0.17290000000000003
4945.png,5,-0.17500000000000002
4946.png,13,-0.10335000000000001
4947.png,13,-0.10260000000000001
4948.png,13,-0.1262
4949.png,13,-0.1242
4950.png,5,-0.49774999999999997
4951.png,5,-0.483
4952.png,5,-0.483
4953.png,5,-0.7344999999999999
4954.png,5,-0.716
4955.png,5,-0.8350000000000001
4956.png,5,-0.93
4957.png,5,-0.924
4958.png,5,-0.924
4959.png,5,-1.026
4960.png,5,-1.02
4961.png,5,-1.03225
4962.png,5,-1.1195
4963.png,5,-1.11375
4964.png,5,-1.11375
4965.png,5,-1.1937499999999999
4966.png,5,-1.18875
4967.png,5,-1.18875
4968.png,5,-1.24475
4969.png,5,-1.24125
4970.png,5,-1.26525
4971.png,5,-1.26375
4972.png,5,-1.26375
4973.png,5,-1.25575
4974.png,5,-1.2562499999999999
4975.png,5,-1.1125
4976.png,5,-1.1165
4977.png,5,-0.9890000000000001
4978.png,5,-0.9975
4979.png,5,-0.9975
4980.png,5,-0.78
4981.png,5,-0.5695
4982.png,5,-0.5845
4983.png,5,-0.5845
4984.png,5,-0.32225
4985.png,5,-0.08524999999999999
4986.png,5,-0.10124999999999999
4987.png,5,-0.10124999999999999
4988.png,5,0.19374999999999998
4989.png,5,0.176
4990.png,5,0.44975
4991.png,5,0.437
4992.png,5,0.7453
4993.png,5,0.73
4994.png,5,0.7961
4995.png,5,0.85635
4996.png,5,0.8525999999999999
4997.png,5,0.8525999999999999
4998.png,5,0.74575
4999.png,5,0.748
5000.png,5,0.62475
5001.png,5,0.632
5002.png,5,0.445
5003.png,5,0.456
5004.png,5,0.23074999999999998
5005.png,5,0.004149999999999999
5006.png,5,0.0184
5007.png,5,0.0184
5008.png,13,-0.16620000000000001
5009.png,13,-0.1512
5010.png,5,-0.471
5011.png,5,-0.6419999999999999
5012.png,5,-0.6307499999999999
5013.png,5,-0.6307499999999999
5014.png,5,-0.9625
5015.png,5,-0.9400000000000001
5016.png,5,-0.97725
5017.png,5,-0.97125
5018.png,5,-0.98725
5019.png,5,-0.91425
5020.png,5,-0.91875
5021.png,5,-0.91875
5022.png,5,-0.7827500000000001
5023.png,5,-0.79125
5024.png,5,-0.62725
5025.png,5,-0.4215
5026.png,5,-0.435
5027.png,5,-0.195
5028.png,5,-0.21
5029.png,5,-0.21
5030.png,5,-0.024250000000000004
5031.png,5,-0.036000000000000004
5032.png,5,0.14945
5033.png,5,0.1392
5034.png,5,0.36669999999999997
5035.png,5,0.355
5036.png,5,0.5405
5037.png,5,0.53
5038.png,5,0.5894499999999999
5039.png,5,0.5841999999999999
5040.png,5,0.5754499999999999
5041.png,5,0.5741999999999999
5042.png,5,0.5236
5043.png,5,0.41595
5044.png,5,0.42195
5045.png,5,0.42195
5046.png,5,0.27015
5047.png,5,0.2784
5048.png,5,0.1101
5049.png,5,0.1196
5050.png,5,-0.0926
5051.png,5,-0.3132
5052.png,5,-0.3
5053.png,5,-0.3
5054.png,5,-0.47
5055.png,5,-0.5361999999999999
5056.png,5,-0.5307
5057.png,5,-0.56025
5058.png,5,-0.556
5059.png,5,-0.5687500000000001
5060.png,5,-0.5680000000000001
5061.png,5,-0.5425000000000001
5062.png,5,-0.544
5063.png,5,-0.544
5064.png,5,-0.48875
5065.png,5,-0.492
5066.png,5,-0.41125000000000006
5067.png,5,-0.41600000000000004
5068.png,5,-0.3225
5069.png,5,-0.328
5070.png,5,-0.209
5071.png,5,-0.216
5072.png,5,-0.10609999999999999
5073.png,5,-0.11309999999999999
5074.png,5,0.0162
5075.png,5,0.14250000000000002
5076.png,5,0.135
5077.png,5,0.135
5078.png,13,0.13190000000000002
5079.png,13,0.1269
5080.png,5,0.2721
5081.png,5,0.27
5082.png,5,0.2806
5083.png,5,0.28
5084.png,5,0.28959999999999997
5085.png,5,0.28709999999999997
5086.png,5,0.2357
5087.png,5,0.2392
5088.png,5,0.12764999999999999
5089.png,5,0.1334
5090.png,5,-0.019299999999999998
5091.png,5,-0.01
5092.png,13,-0.09390000000000001
5093.png,13,-0.0864
5094.png,5,-0.3296
5095.png,5,-0.32
5096.png,5,-0.42534999999999995
5097.png,5,-0.41859999999999997
5098.png,5,-0.6275
5099.png,5,-0.612
5100.png,5,-0.70975
5101.png,5,-0.704
5102.png,5,-0.73375
5103.png,5,-0.732
5104.png,5,-0.6937500000000001
5105.png,5,-0.6960000000000001
5106.png,5,-0.611
5107.png,5,-0.616
5108.png,5,-0.4885
5109.png,5,-0.496
5110.png,5,-0.33025000000000004
5111.png,5,-0.34
5112.png,5,-0.16574999999999998
5113.png,5,-0.176
5114.png,5,0.006400000000000001
5115.png,5,-0.00435
5116.png,5,0.2017
5117.png,5,0.19
5118.png,5,0.3755
5119.png,5,0.365
5120.png,5,0.4522
5121.png,5,0.4462
5122.png,5,0.48174999999999996
5123.png,5,0.4785
5124.png,5,0.4647
5125.png,5,0.46545
5126.png,5,0.40565
5127.png,5,0.4089
5128.png,5,0.28929999999999995
5129.png,5,0.29579999999999995
5130.png,5,0.14859999999999998
5131.png,5,0.1566
5132.png,5,-0.0187
5133.png,5,-0.0092
5134.png,5,-0.222
5135.png,5,-0.21
5136.png,5,-0.4167
5137.png,5,-0.405
5138.png,5,-0.5375
5139.png,5,-0.529
5140.png,5,-0.60605
5141.png,5,-0.6003
5142.png,5,-0.59875
5143.png,5,-0.596
5144.png,5,-0.60025
5145.png,5,-0.6
5146.png,5,-0.55325
5147.png,5,-0.556
5148.png,5,-0.48375
5149.png,5,-0.488
5150.png,5,-0.386
5151.png,5,-0.392
5152.png,5,-0.273
5153.png,5,-0.28
5154.png,5,-0.1573
5155.png,5,-0.1653
5156.png,5,-0.0196
5157.png,5,-0.0276
5158.png,5,0.1184
5159.png,5,0.11
5160.png,5,0.2478
5161.png,5,0.24
5162.png,5,0.33540000000000003
5163.png,5,0.33
5164.png,5,0.34724999999999995
5165.png,5,0.345
5166.png,5,0.32165
5167.png,5,0.32189999999999996
5168.png,5,0.2667
5169.png,5,0.2697
5170.png,5,0.17769999999999997
5171.png,5,0.18269999999999997
5172.png,5,0.06709999999999999
5173.png,5,0.0736
5174.png,5,-0.079
5175.png,5,-0.07
5176.png,13,-0.1263
5177.png,13,-0.1188
5178.png,5,-0.3684
5179.png,5,-0.36
5180.png,5,-0.4476
5181.png,5,-0.4416
5182.png,5,-0.66025
5183.png,5,-0.644
5184.png,5,-0.729
5185.png,5,-0.724
5186.png,5,-0.7324999999999999
5187.png,5,-0.732
5188.png,5,-0.6767500000000001
5189.png,5,-0.68
5190.png,5,-0.5695000000000001
5191.png,5,-0.5760000000000001
5192.png,5,-0.4315
5193.png,5,-0.44
5194.png,5,-0.2615
5195.png,5,-0.272
5196.png,5,-0.1026
5197.png,5,-0.11309999999999999
5198.png,5,0.0926
5199.png,5,0.08
5200.png,13,0.15530000000000002
5201.png,13,0.1458
5202.png,5,0.4036
5203.png,5,0.3956
5204.png,5,0.46149999999999997
5205.png,5,0.45675
5206.png,5,0.5645
5207.png,5,0.556
5208.png,5,0.5347500000000001
5209.png,5,0.536
5210.png,5,0.4595
5211.png,5,0.464
5212.png,5,0.328
5213.png,5,0.336
5214.png,5,0.1575
5215.png,5,0.168
5216.png,5,-0.038099999999999995
5217.png,5,-0.026099999999999998
5218.png,5,-0.2897
5219.png,5,-0.275
5220.png,5,-0.5241
5221.png,5,-0.51
5222.png,5,-0.6680499999999999
5223.png,5,-0.6577999999999999
5224.png,5,-0.7508499999999999
5225.png,5,-0.7438499999999999
5226.png,5,-0.735
5227.png,5,-0.732
5228.png,5,-0.71925
5229.png,5,-0.72
5230.png,5,-0.65625
5231.png,5,-0.66
5232.png,5,-0.5665000000000001
5233.png,5,-0.5720000000000001
5234.png,5,-0.43175
5235.png,5,-0.44
5236.png,5,-0.28275
5237.png,5,-0.292
5238.png,5,-0.13354999999999997
5239.png,5,-0.14354999999999998
5240.png,5,0.0417
5241.png,5,0.03
5242.png,13,0.12240000000000001
5243.png,13,0.1134
5244.png,5,0.3387
5245.png,5,0.3312
5246.png,5,0.40979999999999994
5247.png,5,0.40454999999999997
5248.png,5,0.491
5249.png,5,0.484
5250.png,5,0.47125000000000006
5251.png,5,0.47200000000000003
5252.png,5,0.404
5253.png,5,0.40800000000000003
5254.png,5,0.289
5255.png,5,0.296
5256.png,5,0.143
5257.png,5,0.152
5258.png,5,-0.0279
5259.png,5,-0.0174
5260.png,5,-0.22695
5261.png,5,-0.2162
5262.png,13,-0.25375000000000003
5263.png,13,-0.24300000000000002
5264.png,5,-0.5934499999999999
5265.png,5,-0.5841999999999999
5266.png,5,-0.6720499999999999
5267.png,5,-0.66555
5268.png,5,-0.986
5269.png,5,-0.964
5270.png,5,-1.0405
5271.png,5,-1.036
5272.png,5,-1.0105
5273.png,5,-1.012
5274.png,5,-0.82475
5275.png,5,-0.8325
5276.png,5,-0.68825
5277.png,5,-0.7000000000000001
5278.png,5,-0.44925000000000004
5279.png,5,-0.464
5280.png,5,-0.2005
5281.png,5,-0.216
5282.png,5,0.0717
5283.png,5,0.0552
5284.png,13,0.21234999999999998
5285.png,13,0.1971
5286.png,5,0.55675
5287.png,5,0.54375
5288.png,5,0.6657500000000001
5289.png,5,0.656
5290.png,5,0.91525
5291.png,5,0.9
5292.png,5,0.8677499999999999
5293.png,5,0.86625
5294.png,5,0.80225
5295.png,5,0.80625
5296.png,5,0.64225
5297.png,5,0.6525
5298.png,5,0.43649999999999994
5299.png,5,0.44999999999999996
5300.png,5,0.19
5301.png,5,0.20625
5302.png,5,-0.0775
5303.png,5,-0.06
5304.png,5,-0.4182
5305.png,5,-0.4002
5306.png,5,-0.7848
5307.png,5,-0.765
5308.png,5,-0.9323499999999999
5309.png,5,-0.9178499999999999
5310.png,5,-1.08805
5311.png,5,-1.0788
5312.png,5,-1.04725
5313.png,5,-1.044
5314.png,5,-1.01425
5315.png,5,-1.016
5316.png,5,-0.90125
5317.png,5,-0.908
5318.png,5,-0.74225
5319.png,5,-0.752
5320.png,5,-0.53525
5321.png,5,-0.548
5322.png,5,-0.30575
5323.png,5,-0.32
5324.png,5,-0.072
5325.png,5,-0.087
5326.png,5,0.218
5327.png,5,0.2
5328.png,5,0.42164999999999997
5329.png,5,0.4094
5330.png,5,0.56655
5331.png,5,0.5568
5332.png,5,0.614
5333.png,5,0.608
5334.png,5,0.66325
5335.png,5,0.66
5336.png,5,0.65575
5337.png,5,0.656
5338.png,5,0.605
5339.png,5,0.608
5340.png,5,0.462
5341.png,5,0.46875
5342.png,5,0.30874999999999997
5343.png,5,0.31875
5344.png,5,0.13175
5345.png,5,0.14400000000000002
5346.png,5,-0.08125
5347.png,5,-0.068
5348.png,5,-0.32554999999999995
5349.png,5,-0.31279999999999997
5350.png,13,-0.32815
5351.png,13,-0.3159
5352.png,5,-0.73705
5353.png,5,-0.7268
5354.png,5,-0.8206999999999999
5355.png,5,-0.8134499999999999
5356.png,5,-1.1857499999999999
5357.png,5,-1.16
5358.png,5,-1.1555
5359.png,5,-1.1512499999999999
5360.png,5,-1.0952499999999998
5361.png,5,-1.09875
5362.png,5,-0.93875
5363.png,5,-0.94875
5364.png,5,-0.74875
5365.png,5,-0.76125
5366.png,5,-0.62525
5367.png,5,-0.6337499999999999
5368.png,5,-0.58675
5369.png,5,-0.592
5370.png,5,-0.5537500000000001
5371.png,5,-0.556
5372.png,5,-0.52625
5373.png,5,-0.528
5374.png,5,-0.511
5375.png,5,-0.512
5376.png,5,-0.5035000000000001
5377.png,5,-0.504
5378.png,5,-0.504
5379.png,5,-0.504
5380.png,5,-0.5125
5381.png,5,-0.512
5382.png,5,-0.5205
5383.png,5,-0.52
5384.png,5,-0.5327500000000001
5385.png,5,-0.532
5386.png,5,-0.5447500000000001
5387.png,5,-0.544
5388.png,5,-0.561
5389.png,5,-0.56
5390.png,5,-0.56
5391.png,5,-0.5685
5392.png,5,-0.5680000000000001
5393.png,5,-0.5637500000000001
5394.png,5,-0.5640000000000001
5395.png,5,-0.547
5396.png,5,-0.548
5397.png,5,-0.50975
5398.png,5,-0.512
5399.png,5,-0.444
5400.png,5,-0.448
5401.png,5,-0.35025
5402.png,5,-0.356
5403.png,5,-0.23274999999999998
5404.png,5,-0.24
5405.png,5,-0.10825000000000001
5406.png,5,-0.116
5407.png,5,0.01645
5408.png,5,0.0087
5409.png,5,0.14500000000000002
5410.png,5,0.138
5411.png,5,0.2666
5412.png,5,0.26
5413.png,13,0.18465
5414.png,13,0.1809
5415.png,5,0.3721
5416.png,5,0.37
5417.png,5,0.3382
5418.png,5,0.34
5419.png,5,0.351
5420.png,5,0.348
5421.png,5,0.256
5422.png,5,0.261
5423.png,5,0.1305
5424.png,5,0.138
5425.png,5,-0.0514
5426.png,5,-0.04
5427.png,5,-0.2467
5428.png,5,-0.23500000000000001
5429.png,5,-0.4005
5430.png,5,-0.391
5431.png,5,-0.51695
5432.png,5,-0.50895
5433.png,5,-0.5657500000000001
5434.png,5,-0.56
5435.png,5,-0.60675
5436.png,5,-0.604
5437.png,5,-0.60825
5438.png,5,-0.608
5439.png,5,-0.5740000000000001
5440.png,5,-0.5760000000000001
5441.png,5,-0.508
5442.png,5,-0.512
5443.png,5,-0.41425
5444.png,5,-0.42
5445.png,5,-0.29675
5446.png,5,-0.304
5447.png,5,-0.16799999999999998
5448.png,5,-0.176
5449.png,5,-0.044199999999999996
5450.png,5,-0.052199999999999996
5451.png,5,0.09515000000000001
5452.png,5,0.0874
5453.png,5,0.2381
5454.png,5,0.23
5455.png,13,0.1773
5456.png,13,0.1728
5457.png,5,0.3836
5458.png,5,0.38
5459.png,5,0.34475
5460.png,5,0.345
5461.png,5,0.39985
5462.png,5,0.39585
5463.png,5,0.31305
5464.png,5,0.31755
5465.png,5,0.18874999999999997
5466.png,5,0.19574999999999998
5467.png,5,0.0324
5468.png,5,0.0414
5469.png,13,-0.0937
5470.png,13,-0.08370000000000001
5471.png,5,-0.3617
5472.png,5,-0.35000000000000003
5473.png,5,-0.47469999999999996
5474.png,5,-0.46545
5475.png,5,-0.734
5476.png,5,-0.716
5477.png,5,-0.8265
5478.png,5,-0.8200000000000001
5479.png,5,-0.8624999999999999
5480.png,5,-0.86
5481.png,5,-0.77425
5482.png,5,-0.77625
5483.png,5,-0.68025
5484.png,5,-0.68625
5485.png,5,-0.54225
5486.png,5,-0.55125
5487.png,5,-0.4095
5488.png,5,-0.42
5489.png,5,-0.22025
5490.png,5,-0.232
5491.png,5,-0.028
5492.png,5,-0.04
5493.png,5,-0.04
5494.png,5,0.18680000000000002
5495.png,5,0.3967
5496.png,5,0.385
5497.png,5,0.385
5498.png,5,0.5493
5499.png,5,0.54
5500.png,5,0.502
5501.png,5,0.50025
5502.png,5,0.50025
5503.png,5,0.49105
5504.png,5,0.49155
5505.png,5,0.40415
5506.png,5,0.4089
5507.png,5,0.2939
5508.png,5,0.30015
5509.png,5,0.30015
5510.png,5,0.14764999999999998
5511.png,5,-0.0314
5512.png,5,-0.02
5513.png,5,-0.02
5514.png,13,-0.1288
5515.png,13,-0.1188
5516.png,5,-0.379
5517.png,5,-0.37
5518.png,5,-0.4552999999999999
5519.png,5,-0.44804999999999995
5520.png,5,-0.44804999999999995
5521.png,5,-0.68825
5522.png,5,-0.7655
5523.png,5,-0.76
5524.png,5,-0.76
5525.png,5,-0.7855
5526.png,5,-0.784
5527.png,5,-0.72025
5528.png,5,-0.724
5529.png,5,-0.61775
5530.png,5,-0.624
5531.png,5,-0.624
5532.png,5,-0.471
5533.png,5,-0.48
5534.png,5,-0.3015
5535.png,5,-0.312
5536.png,5,-0.1165
5537.png,5,-0.128
5538.png,5,0.06319999999999999
5539.png,5,0.052199999999999996
5540.png,5,0.272
5541.png,5,0.26
5542.png,5,0.26
5543.png,5,0.4349
5544.png,5,0.50255
5545.png,5,0.4968
5546.png,5,0.4968
5547.png,5,0.4968
5548.png,5,0.5065999999999999
5549.png,5,0.5045999999999999
5550.png,5,0.5045999999999999
5551.png,5,0.45859999999999995
5552.png,5,0.46109999999999995
5553.png,5,0.3691
5554.png,5,0.3741
5555.png,5,0.23609999999999998
5556.png,5,0.24359999999999998
5557.png,5,0.24359999999999998
5558.png,5,0.08299999999999999
5559.png,5,-0.0749
5560.png,5,-0.065
5561.png,5,-0.065
5562.png,5,-0.065
5563.png,13,-0.14425000000000002
5564.png,5,-0.39840000000000003
5565.png,5,-0.39
5566.png,5,-0.39
5567.png,5,-0.4849
5568.png,5,-0.4784
5569.png,5,-0.503
5570.png,5,-0.50025
5571.png,5,-0.50025
5572.png,5,-0.50025
5573.png,5,-0.50025
5574.png,5,-0.43025
5575.png,5,-0.432
5576.png,5,-0.381
5577.png,5,-0.384
5578.png,5,-0.35319999999999996
5579.png,5,-0.35669999999999996
5580.png,5,-0.28309999999999996
5581.png,5,-0.28709999999999997
5582.png,5,-0.20429999999999998
5583.png,5,-0.20879999999999999
5584.png,5,-0.1335
5585.png,5,-0.138
5586.png,5,-0.0701
5587.png,5,-0.0736
5588.png,5,-0.0736
5589.png,5,-0.0058000000000000005
5590.png,5,-0.01
5591.png,5,-0.01
5592.png,5,0.0324
5593.png,5,0.03
5594.png,13,0.0339
5595.png,13,0.0324
5596.png,13,0.0324
5597.png,13,0.0324
5598.png,5,0.0388
5599.png,5,0.04
5600.png,5,-0.0448
5601.png,5,-0.04
5602.png,13,-0.0629
5603.png,13,-0.0594
5604.png,5,-0.163
5605.png,5,-0.16
5606.png,5,-0.3121
5607.png,5,-0.3036
5608.png,5,-0.36665
5609.png,5,-0.3634
5610.png,5,-0.3634
5611.png,5,-0.34824999999999995
5612.png,5,-0.348
5613.png,5,-0.32039999999999996
5614.png,5,-0.32189999999999996
5615.png,5,-0.28509999999999996
5616.png,5,-0.28709999999999997
5617.png,5,-0.2454
5618.png,5,-0.2484
5619.png,5,-0.19505
5620.png,5,-0.1978
5621.png,5,-0.1978
5622.png,5,-0.14445
5623.png,5,-0.1472
5624.png,5,-0.1017
5625.png,5,-0.105
5626.png,5,-0.0573
5627.png,5,-0.06
5628.png,5,-0.06
5629.png,5,-0.0282
5630.png,5,-0.03
5631.png,5,-0.03
5632.png,13,-0.0044
5633.png,13,-0.0054
5634.png,13,0.0005
5635.png,13,-0.0
5636.png,13,-0.0
5637.png,13,-0.03245
5638.png,13,-0.0297
5639.png,5,-0.18220000000000003
5640.png,5,-0.17500000000000002
5641.png,5,-0.17500000000000002
5642.png,5,-0.34045
5643.png,5,-0.3312
5644.png,5,-0.36839999999999995
5645.png,5,-0.36539999999999995
5646.png,5,-0.347
5647.png,5,-0.348
5648.png,5,-0.348
5649.png,5,-0.3112
5650.png,5,-0.3132
5651.png,5,-0.3132
5652.png,5,-0.2827
5653.png,5,-0.2852
5654.png,5,-0.22699999999999998
5655.png,5,-0.22999999999999998
5656.png,5,-0.22999999999999998
5657.png,5,-0.1621
5658.png,5,-0.11639999999999999
5659.png,5,-0.12
5660.png,5,-0.12
5661.png,5,-0.0458
5662.png,5,-0.05
5663.png,13,0.0025
5664.png,13,-0.0
5665.png,13,0.0177
5666.png,13,0.0162
5667.png,5,-0.0018
5668.png,5,-0.0
5669.png,5,-0.0
5670.png,13,-0.0649
5671.png,13,-0.0594
5672.png,5,-0.1683
5673.png,5,-0.165
5674.png,5,-0.218
5675.png,5,-0.3724
5676.png,5,-0.3634
5677.png,5,-0.3634
5678.png,5,-0.40345
5679.png,5,-0.4002
5680.png,5,-0.3772
5681.png,5,-0.37844999999999995
5682.png,5,-0.37844999999999995
5683.png,5,-0.33244999999999997
5684.png,5,-0.33494999999999997
5685.png,5,-0.33494999999999997
5686.png,5,-0.2863
5687.png,5,-0.2898
5688.png,5,-0.21705
5689.png,5,-0.2208
5690.png,5,-0.1658
5691.png,5,-0.17
5692.png,5,-0.17
5693.png,5,-0.09580000000000001
5694.png,5,-0.0364
5695.png,5,-0.04
5696.png,5,-0.04
5697.png,13,0.0138
5698.png,13,0.0108
5699.png,5,0.0624
5700.png,5,0.06
5701.png,5,0.0176
5702.png,5,0.02
5703.png,5,0.02
5704.png,5,-0.0224
5705.png,5,-0.02
5706.png,5,-0.02
5707.png,5,-0.051800000000000006
5708.png,5,-0.05
5709.png,5,-0.0818
5710.png,5,-0.08
5711.png,5,-0.1224
5712.png,5,-0.12
5713.png,5,-0.1518
5714.png,13,-0.10460000000000001
5715.png,13,-0.10260000000000001
5716.png,13,-0.10260000000000001
5717.png,5,-0.2165
5718.png,5,-0.3627
5719.png,5,-0.3542
5720.png,5,-0.3542
5721.png,5,-0.57875
5722.png,5,-0.5655
5723.png,5,-0.5655
5724.png,5,-0.5977
5725.png,5,-0.59595
5726.png,5,-0.48425
5727.png,5,-0.488
5728.png,5,-0.42029999999999995
5729.png,5,-0.2699
5730.png,5,-0.2784
5731.png,5,-0.2784
5732.png,5,-0.1101
5733.png,5,-0.1196
5734.png,5,0.039599999999999996
5735.png,5,0.03
5736.png,5,0.03
5737.png,13,0.09880000000000001
5738.png,5,0.276
5739.png,5,0.27
5740.png,5,0.3357
5741.png,5,0.3312
5742.png,5,0.3312
5743.png,5,0.35
5744.png,5,0.348
5745.png,5,0.3388
5746.png,5,0.3117
5747.png,5,0.3132
5748.png,5,0.2534
5749.png,5,0.25665
5750.png,5,0.25665
5751.png,5,0.18764999999999998
5752.png,5,0.1914
5753.png,5,0.10859999999999999
5754.png,5,0.11309999999999999
5755.png,5,0.0226
5756.png,5,0.0276
5757.png,5,-0.0694
5758.png,5,-0.0644
5759.png,5,-0.17600000000000002
5760.png,5,-0.17
5761.png,13,-0.139
5762.png,13,-0.135
5763.png,5,-0.3136
5764.png,5,-0.31
5765.png,5,-0.3312
5766.png,5,-0.43429999999999996
5767.png,5,-0.42629999999999996
5768.png,5,-0.4079
5769.png,5,-0.4089
5770.png,5,-0.3261
5771.png,5,-0.3306
5772.png,5,-0.22349999999999998
5773.png,5,-0.22999999999999998
5774.png,5,-0.22999999999999998
5775.png,5,-0.11359999999999999
5776.png,5,-0.1196
5777.png,5,0.0078
5778.png,5,0.1484
5779.png,5,0.14
5780.png,5,0.2778
5781.png,5,0.27
5782.png,5,0.27
5783.png,5,0.31629999999999997
5784.png,5,0.31279999999999997
5785.png,5,0.305
5786.png,5,0.3045
5787.png,5,0.3045
5788.png,5,0.3045
5789.png,5,0.2769
5790.png,5,0.2784
5791.png,5,0.22319999999999998
5792.png,5,0.22619999999999998
5793.png,5,0.15259999999999999
5794.png,5,0.07379999999999999
5795.png,5,0.0783
5796.png,5,0.0783
5797.png,5,-0.0142
5798.png,5,-0.0948
5799.png,5,-0.09
5800.png,5,-0.09
5801.png,5,-0.1748
5802.png,5,-0.17
5803.png,13,-0.1154
5804.png,13,-0.1134
5805.png,5,-0.2418
5806.png,5,-0.24
5807.png,5,-0.24
5808.png,5,-0.24
5809.png,5,-0.3372
5810.png,5,-0.3312
5811.png,5,-0.31179999999999997
5812.png,5,-0.31279999999999997
5813.png,5,-0.2546
5814.png,5,-0.2576
5815.png,5,-0.18460000000000001
5816.png,5,-0.19
5817.png,5,-0.06280000000000001
5818.png,5,-0.07
5819.png,13,0.0389
5820.png,13,0.0324
5821.png,5,0.1978
5822.png,5,0.19
5823.png,5,0.2718
5824.png,5,0.2668
5825.png,5,0.3903
5826.png,5,0.3828
5827.png,5,0.386
5828.png,5,0.384
5829.png,5,0.38825
5830.png,5,0.388
5831.png,5,0.34975
5832.png,5,0.352
5833.png,5,0.28400000000000003
5834.png,5,0.28800000000000003
5835.png,5,0.1945
5836.png,5,0.2
5837.png,5,0.09789999999999999
5838.png,5,-0.019799999999999998
5839.png,5,-0.013049999999999999
5840.png,5,-0.013049999999999999
5841.png,5,-0.1581
5842.png,5,-0.15
5843.png,5,-0.24539999999999998
5844.png,5,-0.24
5845.png,5,-0.32480000000000003
5846.png,5,-0.32
5847.png,5,-0.373
5848.png,5,-0.37
5849.png,5,-0.3501
5850.png,5,-0.3496
5851.png,5,-0.3205
5852.png,5,-0.2638
5853.png,5,-0.2668
5854.png,5,-0.2668
5855.png,5,-0.19460000000000002
5856.png,5,-0.1046
5857.png,5,-0.11
5858.png,5,-0.11
5859.png,13,0.0055
5860.png,13,-0.0
5861.png,5,0.0954
5862.png,5,0.09
5863.png,5,0.196
5864.png,5,0.19
5865.png,5,0.2718
5866.png,5,0.29829999999999995
5867.png,5,0.29579999999999995
5868.png,5,0.29579999999999995
5869.png,5,0.3142
5870.png,5,0.3132
5871.png,5,0.28559999999999997
5872.png,5,0.28709999999999997
5873.png,5,0.2319
5874.png,5,0.2349
5875.png,5,0.1613
5876.png,5,0.1653
5877.png,5,0.08249999999999999
5878.png,5,0.087
5879.png,5,-0.0147
5880.png,5,-0.0092
5881.png,5,-0.116
5882.png,5,-0.11
5883.png,5,-0.2054
5884.png,5,-0.2
5885.png,13,-0.14930000000000002
5886.png,13,-0.1458
5887.png,5,-0.3124
5888.png,5,-0.31
5889.png,5,-0.3206
5890.png,5,-0.32
5891.png,5,-0.4072
5892.png,5,-0.4002
5893.png,5,-0.3818
5894.png,5,-0.3828
5895.png,5,-0.3092
5896.png,5,-0.3132
5897.png,5,-0.2148
5898.png,5,-0.2208
5899.png,5,-0.0916
5900.png,5,-0.1
5901.png,5,0.059000000000000004
5902.png,5,0.05
5903.png,5,0.20900000000000002
5904.png,5,0.2
5905.png,5,0.3198
5906.png,5,0.31279999999999997
5907.png,5,0.3878
5908.png,5,0.3828
5909.png,5,0.42879999999999996
5910.png,5,0.42629999999999996
5911.png,5,0.4005
5912.png,5,0.4
5913.png,5,0.366
5914.png,5,0.368
5915.png,5,0.3085
5916.png,5,0.312
5917.png,5,0.227
5918.png,5,0.232
5919.png,5,0.13729999999999998
5920.png,5,0.14354999999999998
5921.png,5,0.01935
5922.png,5,0.026099999999999998
5923.png,5,-0.0985
5924.png,5,-0.092
5925.png,5,-0.2378
5926.png,5,-0.23
5927.png,5,-0.3413
5928.png,5,-0.335
5929.png,5,-0.41450000000000004
5930.png,5,-0.41000000000000003
5931.png,5,-0.4063
5932.png,5,-0.4048
5933.png,5,-0.38539999999999996
5934.png,5,-0.38639999999999997
5935.png,5,-0.3185
5936.png,5,-0.322
5937.png,5,-0.2347
5938.png,5,-0.2392
5939.png,5,-0.1328
5940.png,5,-0.14
5941.png,5,-0.0022000000000000006
5942.png,5,-0.01
5943.png,5,0.1278
5944.png,5,0.12
5945.png,5,0.2472
5946.png,5,0.24
5947.png,5,0.3081
5948.png,5,0.3036
5949.png,5,0.3423
5950.png,5,0.3393
5951.png,5,0.35769999999999996
5952.png,5,0.35669999999999996
5953.png,5,0.311
5954.png,5,0.312
5955.png,5,0.2695
5956.png,5,0.272
5957.png,5,0.22219999999999998
5958.png,5,0.22619999999999998
5959.png,5,0.13419999999999999
5960.png,5,0.1392
5961.png,5,0.038
5962.png,5,0.0435
5963.png,5,-0.0607
5964.png,5,-0.0552
5965.png,5,-0.1766
5966.png,5,-0.17
5967.png,13,-0.14785
5968.png,13,-0.1431
5969.png,5,-0.33390000000000003
5970.png,5,-0.33
5971.png,5,-0.3671
5972.png,5,-0.365
5973.png,5,-0.47855
5974.png,5,-0.4698
5975.png,5,-0.46059999999999995
5976.png,5,-0.46109999999999995
5977.png,5,-0.3967
5978.png,5,-0.4002
5979.png,5,-0.28059999999999996
5980.png,5,-0.28709999999999997
5981.png,5,-0.1581
5982.png,5,-0.1656
5983.png,5,0.0214
5984.png,5,0.01
5985.png,5,0.2008
5986.png,5,0.19
5987.png,5,0.3203
5988.png,5,0.31279999999999997
5989.png,5,0.4154
5990.png,5,0.4089
5991.png,5,0.5515
5992.png,5,0.54375
5993.png,5,0.72315
5994.png,5,0.7133999999999999
5995.png,5,0.8881999999999999
5996.png,5,0.8786999999999999
5997.png,5,0.9567500000000001
5998.png,5,0.9480000000000001
5999.png,5,1.0585
6000.png,5,1.052
6001.png,5,1.1242500000000002
6002.png,5,1.12
6003.png,5,1.082
6004.png,5,1.08
6005.png,5,1.0759999999999998
6006.png,5,1.07625
6007.png,5,1.03225
6008.png,5,1.035
6009.png,5,0.971
6010.png,5,0.975
6011.png,5,0.8949999999999999
6012.png,5,0.8999999999999999
6013.png,5,0.8495
6014.png,5,0.856
6015.png,5,0.7455
6016.png,5,0.752
6017.png,5,0.6415000000000001
6018.png,5,0.648
6019.png,5,0.5375000000000001
6020.png,5,0.544
6021.png,5,0.442
6022.png,5,0.448
6023.png,5,0.3952
6024.png,5,0.4002
6025.png,5,0.345
6026.png,5,0.348
6027.png,5,0.3389
6028.png,5,0.3404
6029.png,5,0.3806
6030.png,5,0.38
6031.png,5,0.4224
6032.png,5,0.42
6033.png,5,0.4942
6034.png,5,0.49
6035.png,5,0.5284
6036.png,5,0.5244
6037.png,5,0.6214
6038.png,5,0.6164
6039.png,5,0.6748999999999999
6040.png,5,0.6698999999999999
6041.png,5,0.7618999999999999
6042.png,5,0.7568999999999999
6043.png,5,0.8396999999999999
6044.png,5,0.8351999999999999
6045.png,5,0.9087999999999999
6046.png,5,0.9047999999999999
6047.png,5,0.9553999999999999
6048.png,5,0.9526499999999999
6049.png,5,0.9756499999999999
6050.png,5,0.9743999999999999
6051.png,5,0.896
6052.png,5,0.896
6053.png,5,0.86625
6054.png,5,0.868
6055.png,5,0.8085000000000001
6056.png,5,0.812
6057.png,5,0.72275
6058.png,5,0.728
6059.png,5,0.6005
6060.png,5,0.608
6061.png,5,0.4975
6062.png,5,0.504
6063.png,5,0.44025000000000003
6064.png,5,0.444
6065.png,5,0.41425000000000006
6066.png,5,0.41600000000000004
6067.png,5,0.3905
6068.png,5,0.392
6069.png,5,0.3835
6070.png,5,0.384
6071.png,5,0.37125
6072.png,5,0.372
6073.png,5,0.35925
6074.png,5,0.36
6075.png,5,0.3515
6076.png,5,0.352
6077.png,5,0.3435
6078.png,5,0.34400000000000003
6079.png,5,0.3355
6080.png,5,0.336
6081.png,5,0.3275
6082.png,5,0.328
6083.png,5,0.32375000000000004
6084.png,5,0.324
6085.png,5,0.3155
6086.png,5,0.316
6087.png,5,0.3075
6088.png,5,0.308
6089.png,5,0.2995
6090.png,5,0.3
6091.png,5,0.2915
6092.png,5,0.292
6093.png,5,0.28350000000000003
6094.png,5,0.28400000000000003
6095.png,5,0.27125000000000005
6096.png,5,0.272
6097.png,5,0.28659999999999997
6098.png,5,0.28709999999999997
6099.png,5,0.2779
6100.png,5,0.2784
6101.png,5,0.2692
6102.png,5,0.2697
6103.png,5,0.25129999999999997
6104.png,5,0.25229999999999997
6105.png,5,0.24309999999999998
6106.png,5,0.24359999999999998
6107.png,5,0.22519999999999998
6108.png,5,0.22619999999999998
6109.png,5,0.20779999999999998
6110.png,5,0.20879999999999999
6111.png,5,0.19039999999999999
6112.png,5,0.1914
6113.png,5,0.173
6114.png,5,0.174
6115.png,5,0.14639999999999997
6116.png,5,0.14789999999999998
6117.png,5,0.08349999999999999
6118.png,5,0.087
6119.png,5,-0.023399999999999997
6120.png,5,-0.0174
6121.png,5,-0.17845
6122.png,5,-0.1702
6123.png,5,-0.4076
6124.png,5,-0.395
6125.png,5,-0.6547000000000001
6126.png,5,-0.64
6127.png,5,-0.86525
6128.png,5,-0.851
6129.png,5,-1.0807499999999999
6130.png,5,-1.06575
6131.png,9,-0.78115
6132.png,9,-0.7644
6133.png,5,-1.47
6134.png,5,-1.45125
6135.png,5,-1.88375
6136.png,5,-1.864
6137.png,5,-2.022
6138.png,5,-1.98575
6139.png,-0.6,-1
6140.png,-0.6,-1
6141.png,-0.6,-1
6142.png,-0.6,-1
6143.png,-0.6,-1
6144.png,-0.6,-1
6145.png,-0.6,-1
6146.png,-0.6,-1
6147.png,-0.6,-1
6148.png,-0.6,-1
6149.png,-0.6,-1
6150.png,-0.6,-1
6151.png,-0.6,-1
6152.png,-0.6,-1
6153.png,-0.6,-1
6154.png,-0.6,-1
6155.png,5,-2.04875
6156.png,5,-2.04425
6157.png,5,-1.99175
6158.png,5,-1.9954999999999998
6159.png,5,-1.943
6160.png,5,-1.94675
6161.png,5,-1.8452499999999998
6162.png,5,-1.8524999999999998
6163.png,5,-1.6004999999999998
6164.png,5,-1.6184999999999998
6165.png,5,-1.3175
6166.png,5,-1.339
6167.png,5,-1.0594999999999999
6168.png,5,-1.085
6169.png,5,-0.7025
6170.png,5,-0.728
6171.png,5,-0.36
6172.png,5,-0.38625
6173.png,5,0.013750000000000002
6174.png,5,-0.01125
6175.png,5,0.39175
6176.png,5,0.36974999999999997
6177.png,5,0.8066
6178.png,5,0.785
6179.png,5,0.8945499999999998
6180.png,5,0.8830499999999999
6181.png,5,0.88
6182.png,5,0.876
6183.png,5,0.77825
6184.png,5,0.784
6185.png,5,0.539
6186.png,5,0.55125
6187.png,5,0.27525
6188.png,5,0.2925
6189.png,5,-0.062
6190.png,5,-0.04
6191.png,5,-0.48969999999999997
6192.png,5,-0.46545
6193.png,5,-1.0703
6194.png,5,-1.04
6195.png,5,-1.351
6196.png,5,-1.3267499999999999
6197.png,9,-0.9686499999999999
6198.png,9,-0.9481499999999999
6199.png,5,-1.74775
6200.png,5,-1.736
6201.png,5,-1.7074999999999998
6202.png,5,-1.7025
6203.png,5,-1.8464999999999998
6204.png,5,-1.8199999999999998
6205.png,5,-1.813
6206.png,5,-1.8135
6207.png,5,-1.8135
6208.png,5,-1.7015
6209.png,5,-1.5275
6210.png,5,-1.5405
6211.png,5,-1.3059999999999998
6212.png,5,-1.3227499999999999
6213.png,5,-1.12075
6214.png,5,-1.141
6215.png,5,-0.826
6216.png,5,-0.847
6217.png,5,-0.5795
6218.png,5,-0.6
6219.png,5,-0.3765
6220.png,5,-0.392
6221.png,5,-0.256
6222.png,5,-0.264
6223.png,5,-0.2319
6224.png,5,-0.2349
6225.png,5,-0.2349
6226.png,5,-0.2349
6227.png,5,-0.3066
6228.png,5,-0.3036
6229.png,5,-0.40545
6230.png,5,-0.4002
6231.png,5,-0.4002
6232.png,5,-0.52105
6233.png,5,-0.6972999999999999
6234.png,5,-0.6872999999999999
6235.png,5,-0.6872999999999999
6236.png,5,-0.9035
6237.png,5,-0.8917499999999999
6238.png,5,-1.0495
6239.png,5,-1.036
6240.png,5,-1.30375
6241.png,5,-1.288
6242.png,5,-1.4794999999999998
6243.png,5,-1.4625
6244.png,5,-1.4625
6245.png,5,-1.7305
6246.png,5,-1.7137499999999999
6247.png,5,-1.70225
6248.png,5,-1.68675
6249.png,5,-1.87575
6250.png,5,-1.86225
6251.png,5,-1.92525
6252.png,5,-1.92075
6253.png,5,-1.95225
6254.png,5,-1.95
6255.png,5,-1.9255
6256.png,5,-1.92725
6257.png,5,-1.84675
6258.png,5,-1.8524999999999998
6259.png,5,-1.632
6260.png,5,-1.6477499999999998
6261.png,5,-1.36775
6262.png,5,-1.38775
6263.png,5,-1.14575
6264.png,5,-1.169
6265.png,5,-0.794
6266.png,5,-0.8190000000000001
6267.png,5,-0.44775000000000004
6268.png,5,-0.47250000000000003
6269.png,5,-0.10625000000000001
6270.png,5,-0.13125
6271.png,5,0.25715
6272.png,5,0.2349
6273.png,13,0.3582
6274.png,13,0.3402
6275.png,5,0.7735
6276.png,5,0.76125
6277.png,5,0.7935
6278.png,5,0.788
6279.png,5,0.7787499999999999
6280.png,5,0.77625
6281.png,5,0.77625
6282.png,5,0.57625
6283.png,5,0.30475
6284.png,5,0.3225
6285.png,5,0.3225
6286.png,5,-0.0455
6287.png,5,-0.0225
6288.png,5,-0.0225
6289.png,5,-0.45849999999999996
6290.png,5,-1.0459
6291.png,5,-1.0150000000000001
6292.png,5,-1.0150000000000001
6293.png,5,-1.0150000000000001
6294.png,5,-1.42365
6295.png,5,-1.3984
6296.png,5,-1.5661999999999998
6297.png,5,-1.5529499999999998
6298.png,5,-1.5529499999999998
6299.png,5,-1.6022500000000002
6300.png,5,-1.592
6301.png,5,-1.5404999999999998
6302.png,5,-1.5374999999999999
6303.png,5,-1.5374999999999999
6304.png,5,-1.4975
6305.png,5,-1.5
6306.png,5,-1.392
6307.png,5,-1.39875
6308.png,5,-1.39875
6309.png,5,-1.25075
6310.png,5,-1.26
6311.png,5,-1.26
6312.png,5,-1.0759999999999998
6313.png,5,-0.8755
6314.png,5,-0.8887499999999999
6315.png,5,-0.8887499999999999
6316.png,5,-0.7142499999999999
6317.png,5,-0.728
6318.png,5,-0.5367500000000001
6319.png,5,-0.548
6320.png,5,-0.35675
6321.png,5,-0.368
6322.png,5,-0.2254
6323.png,5,-0.2349
6324.png,5,-0.2349
6325.png,5,-0.1746
6326.png,5,-0.18
6327.png,5,-0.18
6328.png,5,-0.1588
6329.png,5,-0.1494
6330.png,5,-0.15
6331.png,5,-0.15
6332.png,5,-0.13940000000000002
6333.png,5,-0.14
6334.png,5,-0.13470000000000001
6335.png,5,-0.135
6336.png,5,-0.1297
6337.png,5,-0.13
6338.png,5,-0.1247
6339.png,5,-0.125
6340.png,5,-0.125
6341.png,5,-0.1197
6342.png,5,-0.11470000000000001
6343.png,5,-0.115
6344.png,5,-0.115
6345.png,5,-0.115
6346.png,5,-0.1097
6347.png,5,-0.11
6348.png,5,-0.1047
6349.png,5,-0.105
6350.png,5,-0.105
6351.png,5,-0.09970000000000001
6352.png,5,-0.1
6353.png,5,-0.1
6354.png,5,-0.1
6355.png,5,-0.1
6356.png,5,-0.0947
6357.png,5,-0.095
6358.png,5,-0.0897
6359.png,5,-0.09
6360.png,5,-0.09
6361.png,5,-0.09
6362.png,5,-0.09
6363.png,5,-0.09
6364.png,5,-0.09
6365.png,5,-0.09
6366.png,5,-0.08470000000000001
6367.png,5,-0.085
6368.png,5,-0.085
6369.png,5,-0.085
6370.png,5,-0.085
6371.png,5,-0.07970000000000001
6372.png,5,-0.08
6373.png,5,-0.08
6374.png,5,-0.08
6375.png,5,-0.08
6376.png,5,-0.08
6377.png,5,-0.08
6378.png,5,-0.0747
6379.png,5,-0.075
6380.png,5,-0.075
6381.png,5,-0.075
6382.png,5,-0.06970000000000001
6383.png,5,-0.07
6384.png,5,-0.07
6385.png,5,-0.07
6386.png,5,-0.07
6387.png,5,-0.07
6388.png,5,-0.07
6389.png,5,-0.07
6390.png,5,-0.07
6391.png,5,-0.07
6392.png,5,-0.06470000000000001
6393.png,5,-0.065
6394.png,5,-0.059699999999999996
6395.png,5,-0.06
6396.png,13,-0.0088
6397.png,13,-0.0108
6398.png,13,0.04525
6399.png,13,0.0405
6400.png,5,0.5573
6401.png,5,0.53
6402.png,5,1.2384999999999997
6403.png,5,1.1962499999999998
6404.png,5,1.43125
6405.png,5,1.40625
6406.png,5,1.69425
6407.png,5,1.67625
6408.png,5,1.68025
6409.png,5,1.664
6410.png,5,1.664
6411.png,5,1.8355
6412.png,5,1.8232499999999998
6413.png,5,1.9177499999999998
6414.png,5,1.9109999999999998
6415.png,5,1.9109999999999998
6416.png,5,1.9389999999999998
6417.png,5,1.9369999999999998
6418.png,5,1.9369999999999998
6419.png,5,1.8984999999999999
6420.png,5,1.9012499999999999
6421.png,5,1.78225
6422.png,5,1.7907499999999998
6423.png,5,1.7907499999999998
6424.png,5,1.58075
6425.png,5,1.59575
6426.png,5,1.59575
6427.png,5,1.35425
6428.png,5,1.3715
6429.png,5,1.20325
6430.png,5,1.2215
6431.png,5,0.94025
6432.png,5,0.9590000000000001
6433.png,5,0.689
6434.png,5,0.707
6435.png,5,0.4815
6436.png,5,0.49874999999999997
6437.png,5,0.49874999999999997
6438.png,5,0.26675
6439.png,5,0.28125
6440.png,5,0.28125
6441.png,5,0.096
6442.png,5,0.108
6443.png,5,-0.031
6444.png,5,-0.023
6445.png,5,-0.023
6446.png,5,-0.1151
6447.png,5,-0.11
6448.png,5,-0.1153
6449.png,5,-0.115
6450.png,5,-0.0573
6451.png,5,-0.0598
6452.png,5,-0.0598
6453.png,5,0.0566
6454.png,5,0.0506
6455.png,5,0.2299
6456.png,5,0.22
6457.png,5,0.22
6458.png,13,0.25155
6459.png,13,0.2403
6460.png,5,0.6623
6461.png,5,0.8259500000000001
6462.png,5,0.8142
6463.png,5,0.8142
6464.png,5,1.39175
6465.png,5,1.34625
6466.png,5,1.57825
6467.png,5,1.56375
6468.png,5,1.7117499999999999
6469.png,5,1.7025
6470.png,5,1.7025
6471.png,5,1.6664999999999999
6472.png,5,1.66875
6473.png,5,1.5367499999999998
6474.png,5,1.545
6475.png,5,1.357
6476.png,5,1.13675
6477.png,5,1.1512499999999999
6478.png,5,0.89125
6479.png,5,0.9075
6480.png,5,0.9075
6481.png,5,0.7385
6482.png,5,0.752
6483.png,5,0.6075
6484.png,5,0.616
6485.png,5,0.616
6486.png,5,0.57775
6487.png,5,0.58
6488.png,5,0.58
6489.png,5,0.61825
6490.png,5,0.616
6491.png,5,0.7094999999999999
6492.png,5,0.704
6493.png,5,0.8484999999999999
6494.png,5,1.02275
6495.png,5,1.012
6496.png,5,1.2329999999999999
6497.png,5,1.22
6498.png,5,1.34775
6499.png,5,1.335
6500.png,5,1.539
6501.png,5,1.5262499999999999
6502.png,5,1.5262499999999999
6503.png,5,1.5047499999999998
6504.png,5,1.62475
6505.png,5,1.6152499999999999
6506.png,5,1.6152499999999999
6507.png,5,1.7132499999999997
6508.png,5,1.72725
6509.png,5,1.72575
6510.png,5,1.72575
6511.png,5,1.6662499999999998
6512.png,5,1.6704999999999999
6513.png,5,1.534
6514.png,5,1.54375
6515.png,5,1.34775
6516.png,5,1.2265
6517.png,5,1.2425
6518.png,5,0.96875
6519.png,5,0.987
6520.png,5,0.987
6521.png,5,0.7245
6522.png,5,0.742
6523.png,5,0.5549999999999999
6524.png,5,0.57
6525.png,5,0.31
6526.png,5,0.093
6527.png,5,0.108
6528.png,5,0.108
6529.png,5,-0.11345
6530.png,5,-0.23720000000000002
6531.png,5,-0.23
6532.png,5,-0.23
6533.png,5,-0.2698
6534.png,5,-0.2668
6535.png,5,-0.1971
6536.png,5,-0.2001
6537.png,5,-0.07129999999999999
6538.png,5,-0.0783
6539.png,5,0.1209
6540.png,5,0.1104
6541.png,5,0.40090000000000003
6542.png,5,0.385
6543.png,5,0.7083
6544.png,5,0.6900000000000001
6545.png,5,0.8808999999999999
6546.png,5,0.8656499999999999
6547.png,5,1.11865
6548.png,5,1.1049
6549.png,5,1.2889
6550.png,5,1.2789
6551.png,5,1.3035
6552.png,5,1.255
6553.png,5,1.2525
6554.png,5,1.2525
6555.png,5,1.2245000000000001
6556.png,5,1.1702499999999998
6557.png,5,1.1737499999999998
6558.png,5,1.1737499999999998
6559.png,5,1.08175
6560.png,5,1.0875
6561.png,5,1.0495
6562.png,5,0.9157500000000001
6563.png,5,0.924
6564.png,5,0.924
6565.png,5,0.771
6566.png,5,0.78
6567.png,5,0.644
6568.png,5,0.652
6569.png,5,0.50325
6570.png,5,0.512
6571.png,5,0.41879999999999995
6572.png,5,0.42629999999999996
6573.png,5,0.3344
6574.png,5,0.3404
6575.png,5,0.2958
6576.png,5,0.247
6577.png,5,0.25
6578.png,5,0.25
6579.png,5,0.2182
6580.png,5,0.2041
6581.png,5,0.20500000000000002
6582.png,5,0.1891
6583.png,5,0.19
6584.png,5,0.19
6585.png,5,0.1794
6586.png,5,0.18
6587.png,5,0.16940000000000002
6588.png,5,0.17
6589.png,5,0.1647
6590.png,5,0.1597
6591.png,5,0.16
6592.png,5,0.16
6593.png,5,0.1494
6594.png,5,0.15
6595.png,5,0.15
6596.png,5,0.15
6597.png,5,0.13940000000000002
6598.png,5,0.14
6599.png,5,0.14
6600.png,5,0.14
6601.png,5,0.13470000000000001
6602.png,5,0.135
6603.png,5,0.135
6604.png,5,0.135
6605.png,5,0.1138
6606.png,5,0.115
6607.png,5,0.0514
6608.png,5,0.055
6609.png,5,-0.0669
6610.png,5,-0.06
6611.png,5,-0.219
6612.png,5,-0.21
6613.png,5,-0.4273
6614.png,5,-0.41500000000000004
6615.png,5,-0.62915
6616.png,5,-0.6164
6617.png,5,-0.8543
6618.png,5,-0.8395499999999999
6619.png,5,-1.14775
6620.png,5,-1.131
6621.png,5,-1.271
6622.png,5,-1.2525
6623.png,5,-1.5645
6624.png,5,-1.545
6625.png,5,-1.6015
6626.png,5,-1.5827499999999999
6627.png,5,-1.8417499999999998
6628.png,5,-1.8232499999999998
6629.png,5,-1.9597499999999999
6630.png,5,-1.95
6631.png,5,-2.034
6632.png,5,-2.028
6633.png,5,-2.0664999999999996
6634.png,5,-2.0637499999999998
6635.png,5,-2.04275
6636.png,5,-2.04425
6637.png,5,-1.96725
6638.png,5,-1.97275
6639.png,5,-1.82225
6640.png,5,-1.833
6641.png,5,-1.5354999999999999
6642.png,5,-1.5567499999999999
6643.png,5,-1.3015
6644.png,5,-1.3265
6645.png,5,-0.914
6646.png,5,-0.9415
6647.png,5,-0.514
6648.png,5,-0.5425
6649.png,5,-0.11725
6650.png,5,-0.14625
6651.png,5,0.29875
6652.png,5,0.272
6653.png,13,0.44615
6654.png,13,0.4239
6655.png,5,0.9819499999999999
6656.png,5,0.9656999999999999
6657.png,5,1.0325
6658.png,5,1.024
6659.png,5,1.031
6660.png,5,1.022
6661.png,5,0.8532500000000001
6662.png,5,0.8645
6663.png,5,0.5870000000000001
6664.png,5,0.6055
6665.png,5,0.25275
6666.png,5,0.27749999999999997
6667.png,5,-0.1865
6668.png,5,-0.1575
6669.png,5,-0.7807
6670.png,5,-0.7482
6671.png,5,-1.4217
6672.png,5,-1.3892
6673.png,9,-1.0665999999999998
6674.png,9,-1.0363499999999999
6675.png,5,-2.08725
6676.png,5,-2.064
6677.png,5,-1.8344999999999998
6678.png,5,-1.8232499999999998
6679.png,-0.6,-1
6680.png,-0.6,-1
6681.png,-0.6,-1
6682.png,-0.6,-1
6683.png,5,-2.06825
6684.png,5,-2.05075
6685.png,5,-1.98075
6686.png,5,-1.98575
6687.png,5,-1.9297499999999999
6688.png,5,-1.9337499999999999
6689.png,5,-1.7832499999999998
6690.png,5,-1.7939999999999998
6691.png,5,-1.514
6692.png,5,-1.534
6693.png,5,-1.3145
6694.png,5,-1.337
6695.png,5,-1.01075
6696.png,5,-1.0325
6697.png,5,-0.83375
6698.png,5,-0.847
6699.png,5,-0.7232500000000001
6700.png,5,-0.7315
6701.png,5,-0.70775
6702.png,5,-0.7125
6703.png,5,-0.6325
6704.png,5,-0.6375
6705.png,5,-0.5575
6706.png,5,-0.5625
6707.png,5,-0.4545
6708.png,5,-0.46125
6709.png,5,-0.32925
6710.png,5,-0.33749999999999997
6711.png,5,-0.1775
6712.png,5,-0.1875
6713.png,5,-0.00875
6714.png,5,-0.02
6715.png,5,0.18985
6716.png,5,0.17834999999999998
6717.png,5,0.4382
6718.png,5,0.425
6719.png,5,0.6211
