image_name,v,w
1.png,5,-0.322
2.png,5,-0.3045
3.png,5,-0.3045
4.png,5,-0.3045
5.png,5,-0.3045
6.png,5,-0.3045
7.png,5,-0.3045
8.png,5,-0.3045
9.png,5,-0.3045
10.png,5,-0.3045
11.png,5,-0.3045
12.png,5,-0.3045
13.png,5,-0.3045
14.png,5,-0.3045
15.png,5,-0.3045
16.png,5,-0.3045
17.png,5,-0.3045
18.png,5,-0.29529999999999995
19.png,5,-0.2774
20.png,5,-0.2784
21.png,5,-0.24159999999999998
22.png,5,-0.1838
23.png,5,-0.18705
24.png,5,-0.11535
25.png,5,-0.01775
26.png,5,-0.023
27.png,5,0.0916
28.png,5,0.085
29.png,13,0.10195000000000001
30.png,13,0.09720000000000001
31.png,13,0.09720000000000001
32.png,5,0.24359999999999998
33.png,5,0.24
34.png,5,0.32480000000000003
35.png,5,0.32
36.png,5,0.4256
37.png,5,0.5004
38.png,5,0.49589999999999995
39.png,5,0.45909999999999995
40.png,5,0.46109999999999995
41.png,5,0.46109999999999995
42.png,5,0.37829999999999997
43.png,5,0.3828
44.png,5,0.24479999999999996
45.png,5,0.25229999999999997
46.png,5,0.10674999999999998
47.png,5,0.11499999999999999
48.png,5,-0.0499
49.png,5,-0.04
50.png,13,-0.1101
51.png,13,-0.10260000000000001
52.png,13,-0.10260000000000001
53.png,5,-0.3225
54.png,5,-0.315
55.png,5,-0.315
56.png,5,-0.40745
57.png,5,-0.4002
58.png,5,-0.529
59.png,5,-0.522
60.png,5,-0.47150000000000003
61.png,5,-0.47200000000000003
62.png,5,-0.42525
63.png,5,-0.428
64.png,5,-0.33875000000000005
65.png,5,-0.34400000000000003
66.png,5,-0.23349999999999999
67.png,5,-0.24
68.png,5,-0.13219999999999998
69.png,5,-0.1392
70.png,5,-0.1392
71.png,5,-0.005799999999999999
72.png,5,-0.013049999999999999
73.png,5,0.11715
74.png,5,0.1104
75.png,5,0.2472
76.png,5,0.24
77.png,5,0.3301
78.png,5,0.325
79.png,5,0.378
80.png,5,0.375
81.png,5,0.375
82.png,5,0.34985
83.png,5,0.3496
84.png,5,0.3496
85.png,5,0.31565000000000004
86.png,5,0.3174
87.png,5,0.3174
88.png,5,0.25435
89.png,5,0.2576
90.png,5,0.18
91.png,5,0.184
92.png,5,0.094
93.png,5,0.1
94.png,5,-0.0166
95.png,5,-0.01
96.png,13,-0.05850000000000001
97.png,13,-0.054000000000000006
98.png,5,-0.1848
99.png,5,-0.18
100.png,5,-0.2432
101.png,5,-0.2392
102.png,5,-0.2392
103.png,5,-0.29519999999999996
104.png,5,-0.29145
105.png,5,-0.28685
106.png,5,-0.28709999999999997
107.png,5,-0.2549
108.png,5,-0.25665
109.png,5,-0.25665
110.png,5,-0.20145
111.png,5,-0.20445
112.png,5,-0.13545
113.png,5,-0.1392
114.png,5,-0.059899999999999995
115.png,5,-0.0644
116.png,5,0.0132
117.png,5,0.0092
118.png,5,0.0948
119.png,5,0.09
120.png,5,0.09
121.png,5,0.15889999999999999
122.png,5,0.155
123.png,13,0.11025000000000001
124.png,13,0.10800000000000001
125.png,5,0.2212
126.png,5,0.22
127.png,5,0.2624
128.png,5,0.26
129.png,5,0.2974
130.png,5,0.2944
131.png,5,0.25075000000000003
132.png,5,0.253
133.png,5,0.18025
134.png,5,0.184
135.png,5,0.184
136.png,5,0.1046
137.png,5,0.11
138.png,5,0.014600000000000002
139.png,5,0.02
140.png,13,-0.0482
141.png,13,-0.0432
142.png,5,-0.18070000000000003
143.png,5,-0.17500000000000002
144.png,5,-0.25315
145.png,5,-0.2484
146.png,5,-0.31309999999999993
147.png,5,-0.30884999999999996
148.png,5,-0.30884999999999996
149.png,5,-0.30884999999999996
150.png,5,-0.30884999999999996
151.png,5,-0.27665
152.png,5,-0.2784
153.png,5,-0.2784
154.png,5,-0.22319999999999998
155.png,5,-0.22619999999999998
156.png,5,-0.22619999999999998
157.png,5,-0.15259999999999999
158.png,5,-0.1566
159.png,5,-0.0783
160.png,5,-0.0828
161.png,5,0.0045000000000000005
162.png,5,-0.0
163.png,5,0.0848
164.png,5,0.08
165.png,5,0.1595
166.png,5,0.155
167.png,13,0.11320000000000001
168.png,13,0.1107
169.png,5,0.2315
170.png,5,0.23
171.png,5,0.23
172.png,5,0.28300000000000003
173.png,5,0.28
174.png,5,0.31579999999999997
175.png,5,0.31279999999999997
176.png,5,0.274
177.png,5,0.276
178.png,5,0.2081
179.png,5,0.2116
180.png,5,0.124
181.png,5,0.13
182.png,5,0.024
183.png,5,0.03
184.png,13,-0.0428
185.png,13,-0.0378
186.png,13,-0.0378
187.png,5,-0.1548
188.png,5,-0.23015
189.png,5,-0.2254
190.png,5,-0.2254
191.png,5,-0.32814999999999994
192.png,5,-0.32189999999999996
193.png,5,-0.3863
194.png,5,-0.3828
195.png,5,-0.36439999999999995
196.png,5,-0.36539999999999995
197.png,5,-0.3102
198.png,5,-0.3132
199.png,5,-0.22119999999999998
200.png,5,-0.22619999999999998
201.png,5,-0.125
202.png,5,-0.1305
203.png,5,-0.1305
204.png,5,-0.0216
205.png,5,-0.0276
206.png,5,0.0866
207.png,5,0.08
208.png,5,0.1754
209.png,5,0.17
210.png,13,0.139
211.png,13,0.135
212.png,5,0.2924
213.png,5,0.29
214.png,5,0.3347
215.png,5,0.3312
216.png,5,0.3312
217.png,5,0.39599999999999996
218.png,5,0.39149999999999996
219.png,5,0.3455
220.png,5,0.348
221.png,5,0.2744
222.png,5,0.2784
223.png,5,0.18769999999999998
224.png,5,0.19319999999999998
225.png,5,0.07750000000000001
226.png,5,0.085
227.png,5,-0.0475
228.png,5,-0.04
229.png,13,-0.08650000000000001
230.png,13,-0.081
231.png,13,-0.081
232.png,5,-0.24539999999999998
233.png,5,-0.24
234.png,5,-0.31779999999999997
235.png,5,-0.31279999999999997
236.png,5,-0.31279999999999997
237.png,5,-0.3786
238.png,5,-0.3741
239.png,5,-0.36489999999999995
240.png,5,-0.36539999999999995
241.png,5,-0.324
242.png,5,-0.32625
243.png,5,-0.24804999999999996
244.png,5,-0.25229999999999997
245.png,5,-0.1603
246.png,5,-0.1653
247.png,5,-0.1653
248.png,5,-0.06409999999999999
249.png,5,-0.0696
250.png,5,-0.0696
251.png,5,0.0331
252.png,5,0.0276
253.png,5,0.1307
254.png,5,0.125
255.png,13,0.11175000000000002
256.png,13,0.10800000000000001
257.png,5,0.2636
258.png,5,0.26
259.png,5,0.26
260.png,5,0.31679999999999997
261.png,5,0.31279999999999997
262.png,5,0.31279999999999997
263.png,5,0.3878
264.png,5,0.3828
265.png,5,0.35519999999999996
266.png,5,0.35669999999999996
267.png,5,0.2969
268.png,5,0.30015
269.png,5,0.2301
270.png,5,0.2346
271.png,5,0.12304999999999999
272.png,5,0.1288
273.png,5,0.0128
274.png,5,0.02
275.png,5,0.02
276.png,13,-0.057050000000000003
277.png,13,-0.051300000000000005
278.png,13,-0.051300000000000005
279.png,5,-0.1957
280.png,5,-0.19
281.png,5,-0.19
282.png,5,-0.28150000000000003
283.png,5,-0.276
284.png,5,-0.36219999999999997
285.png,5,-0.35669999999999996
286.png,5,-0.36589999999999995
287.png,5,-0.36539999999999995
288.png,5,-0.35619999999999996
289.png,5,-0.35669999999999996
290.png,5,-0.2969
291.png,5,-0.30015
292.png,5,-0.21735
293.png,5,-0.22185
294.png,5,-0.22185
295.png,5,-0.12525
296.png,5,-0.1305
297.png,5,-0.1305
298.png,5,-0.0313
299.png,5,-0.0368
300.png,5,0.0766
301.png,5,0.07
302.png,5,0.1654
303.png,5,0.16
304.png,13,0.1277
305.png,13,0.1242
306.png,13,0.1242
307.png,5,0.27240000000000003
308.png,5,0.27
309.png,5,0.31629999999999997
310.png,5,0.31279999999999997
311.png,5,0.31279999999999997
312.png,5,0.3786
313.png,5,0.3741
314.png,5,0.3327
315.png,5,0.33494999999999997
316.png,5,0.26595
317.png,5,0.2697
318.png,5,0.2697
319.png,5,0.1785
320.png,5,0.184
321.png,5,0.0781
322.png,5,0.085
323.png,5,-0.036899999999999995
324.png,5,-0.03
325.png,13,-0.0811
326.png,13,-0.0756
327.png,5,-0.2354
328.png,5,-0.23
329.png,5,-0.3086
330.png,5,-0.3036
331.png,5,-0.3036
332.png,5,-0.36989999999999995
333.png,5,-0.36539999999999995
334.png,5,-0.35619999999999996
335.png,5,-0.35669999999999996
336.png,5,-0.3107
337.png,5,-0.3132
338.png,5,-0.24419999999999997
339.png,5,-0.24794999999999998
340.png,5,-0.16055
341.png,5,-0.1653
342.png,5,-0.06409999999999999
343.png,5,-0.0696
344.png,5,-0.0696
345.png,5,0.0331
346.png,5,0.0276
347.png,5,0.12539999999999998
348.png,5,0.12
349.png,13,0.11200000000000002
350.png,13,0.10800000000000001
351.png,13,0.10800000000000001
352.png,5,0.253
353.png,5,0.25
354.png,5,0.34540000000000004
355.png,5,0.34
356.png,5,0.3786
357.png,5,0.3741
358.png,5,0.3465
359.png,5,0.348
360.png,5,0.2744
361.png,5,0.2784
362.png,5,0.2784
363.png,5,0.1974
364.png,5,0.2024
365.png,5,0.086
366.png,5,0.092
367.png,5,-0.0219
368.png,5,-0.015
369.png,13,-0.07595
370.png,13,-0.0702
371.png,5,-0.2254
372.png,5,-0.22
373.png,5,-0.22
374.png,5,-0.2994
375.png,5,-0.2944
376.png,5,-0.36119999999999997
377.png,5,-0.35669999999999996
378.png,5,-0.3521
379.png,5,-0.35235
380.png,5,-0.31095
381.png,5,-0.3132
382.png,5,-0.24879999999999997
383.png,5,-0.25229999999999997
384.png,5,-0.1603
385.png,5,-0.1653
386.png,5,-0.07329999999999999
387.png,5,-0.0783
388.png,5,-0.0783
389.png,5,0.01905
390.png,5,0.0138
391.png,5,0.1157
392.png,5,0.11
393.png,5,0.11
394.png,5,0.1948
395.png,5,0.19
396.png,5,0.243
397.png,5,0.24
398.png,5,0.27180000000000004
399.png,5,0.27
400.png,5,0.27
401.png,5,0.2647
402.png,5,0.265
403.png,5,0.22790000000000002
404.png,5,0.23
405.png,5,0.177
406.png,5,0.18
407.png,5,0.1058
408.png,5,0.11
409.png,5,0.0358
410.png,5,0.04
411.png,13,-0.0197
412.png,13,-0.0162
413.png,13,-0.0162
414.png,5,-0.0989
415.png,5,-0.095
416.png,5,-0.1639
417.png,5,-0.16
418.png,5,-0.19569999999999999
419.png,5,-0.19319999999999998
420.png,5,-0.2029
421.png,5,-0.2024
422.png,5,-0.183
423.png,5,-0.184
424.png,5,-0.184
425.png,5,-0.15005
426.png,5,-0.10815
427.png,5,-0.1104
428.png,5,-0.1104
429.png,5,-0.052199999999999996
430.png,5,-0.0552
431.png,5,0.0089
432.png,5,0.005
433.png,5,0.005
434.png,5,0.0633
435.png,5,0.06
436.png,5,0.06
437.png,5,0.113
438.png,5,0.11
439.png,13,0.0771
440.png,13,0.0756
441.png,13,0.0815
442.png,13,0.081
443.png,13,0.081
444.png,5,0.1871
445.png,5,0.185
446.png,5,0.24295
447.png,5,0.2392
448.png,5,0.2392
449.png,5,0.2683
450.png,5,0.2668
451.png,5,0.2183
452.png,5,0.2208
453.png,5,0.1432
454.png,5,0.1472
455.png,5,0.0646
456.png,5,0.07
457.png,5,-0.0307
458.png,5,-0.025
459.png,5,-0.1151
460.png,5,-0.11
461.png,5,-0.11
462.png,5,-0.1842
463.png,5,-0.18
464.png,5,-0.2141
465.png,5,-0.2116
466.png,5,-0.23585
467.png,5,-0.2346
468.png,5,-0.23945
469.png,5,-0.2392
470.png,5,-0.20779999999999998
471.png,5,-0.20879999999999999
472.png,5,-0.182
473.png,5,-0.184
474.png,5,-0.184
475.png,5,-0.1258
476.png,5,-0.1288
477.png,5,-0.1288
478.png,5,-0.0706
479.png,5,-0.0736
480.png,5,-0.0058000000000000005
481.png,5,-0.01
482.png,5,0.0589
483.png,5,0.055
484.png,5,0.1133
485.png,5,0.11
486.png,5,0.11
487.png,13,0.083
488.png,13,0.081
489.png,13,0.09280000000000001
490.png,13,0.0918
491.png,13,0.0918
492.png,5,0.2124
493.png,5,0.21
494.png,5,0.2805
495.png,5,0.276
496.png,5,0.276
497.png,5,0.29319999999999996
498.png,5,0.29145
499.png,5,0.25485
500.png,5,0.2576
501.png,5,0.18
502.png,5,0.184
503.png,5,0.184
504.png,5,0.0887
505.png,5,0.095
506.png,5,-0.0163
507.png,5,-0.01
508.png,5,-0.01
509.png,13,-0.0644
510.png,13,-0.0594
511.png,5,-0.2001
512.png,5,-0.195
513.png,5,-0.2667
514.png,5,-0.2622
515.png,5,-0.32614999999999994
516.png,5,-0.32189999999999996
517.png,5,-0.32189999999999996
518.png,5,-0.32189999999999996
519.png,5,-0.32189999999999996
520.png,5,-0.28509999999999996
521.png,5,-0.28709999999999997
522.png,5,-0.22729999999999997
523.png,5,-0.23054999999999998
524.png,5,-0.15234999999999999
525.png,5,-0.1566
526.png,5,-0.0686
527.png,5,-0.0736
528.png,5,-0.0736
529.png,5,0.0137
530.png,5,0.0092
531.png,5,0.10540000000000001
532.png,5,0.1
533.png,5,0.17420000000000002
534.png,5,0.17
535.png,13,0.1213
536.png,13,0.1188
537.png,5,0.2465
538.png,5,0.245
539.png,5,0.29269999999999996
540.png,5,0.29
541.png,5,0.29
542.png,5,0.325
543.png,5,0.2832
544.png,5,0.2852
545.png,5,0.2852
546.png,5,0.2173
547.png,5,0.2208
548.png,5,0.1552
549.png,5,0.16
550.png,5,0.059300000000000005
551.png,5,0.065
552.png,5,0.065
553.png,13,-0.02095
554.png,13,-0.0162
555.png,5,-0.1148
556.png,5,-0.11
557.png,5,-0.2054
558.png,5,-0.2
559.png,5,-0.2616
560.png,5,-0.2576
561.png,5,-0.25739999999999996
562.png,5,-0.25665
563.png,5,-0.25665
564.png,5,-0.24284999999999998
565.png,5,-0.24359999999999998
566.png,5,-0.1976
567.png,5,-0.2001
568.png,5,-0.14489999999999997
569.png,5,-0.14789999999999998
570.png,5,-0.14789999999999998
571.png,5,-0.0885
572.png,5,-0.092
573.png,5,-0.092
574.png,5,-0.0241
575.png,5,-0.0276
576.png,5,0.0442
577.png,5,0.04
578.png,5,0.04
579.png,5,0.04
580.png,5,0.0983
581.png,5,0.095
582.png,5,0.095
583.png,5,0.095
584.png,5,0.1321
585.png,5,0.13
586.png,5,0.13
587.png,5,0.13
588.png,13,0.082
589.png,13,0.081
590.png,13,0.081
591.png,13,0.081
592.png,5,0.19240000000000002
593.png,5,0.19
594.png,5,0.19
595.png,5,0.19
596.png,5,0.243
597.png,5,0.24
598.png,5,0.24
599.png,5,0.24
600.png,5,0.1976
601.png,5,0.2
602.png,5,0.2
603.png,5,0.2
604.png,5,0.13640000000000002
605.png,5,0.14
606.png,5,0.14
607.png,5,0.0711
608.png,5,0.075
609.png,5,0.075
610.png,5,0.075
611.png,13,-0.0007999999999999999
612.png,13,0.0027
613.png,13,0.0027
614.png,13,-0.0327
615.png,13,-0.0297
616.png,5,-0.4684
617.png,5,-0.445
618.png,5,-1.8062
619.png,5,-1.7342
620.png,-0.6,-1
621.png,-0.6,-1
622.png,-0.6,-1
623.png,-0.6,-1
624.png,-0.6,-1
625.png,-0.6,-1
626.png,-0.6,-1
627.png,-0.6,-1
628.png,-0.6,-1
629.png,-0.6,-1
630.png,-0.6,-1
631.png,5,-2.1247499999999997
632.png,5,-1.9449999999999998
633.png,5,-1.95325
634.png,5,-1.95325
635.png,5,-1.9217499999999998
636.png,5,-1.924
637.png,5,-1.924
638.png,5,-1.952
639.png,5,-1.9709999999999999
640.png,5,-1.9694999999999998
641.png,5,-1.9694999999999998
642.png,5,-1.98
643.png,5,-1.97925
644.png,5,-1.97925
645.png,5,-1.97575
646.png,5,-1.976
647.png,5,-1.962
648.png,5,-1.9629999999999999
649.png,5,-1.9385
650.png,5,-1.9402499999999998
651.png,5,-1.9402499999999998
652.png,5,-1.9402499999999998
653.png,5,-2.0102499999999996
654.png,5,-2.0052499999999998
655.png,5,-2.0052499999999998
656.png,-0.6,-1
657.png,-0.6,-1
658.png,-0.6,-1
659.png,-0.6,-1
660.png,-0.6,-1
661.png,-0.6,-1
662.png,-0.6,-1
663.png,-0.6,-1
664.png,-0.6,-1
665.png,-0.6,-1
666.png,-0.6,-1
667.png,-0.6,-1
668.png,-0.6,-1
669.png,-0.6,-1
670.png,-0.6,-1
671.png,-0.6,-1
672.png,-0.6,-1
673.png,5,-2.0227500000000003
674.png,5,-2.0215
675.png,5,-1.9654999999999998
676.png,5,-1.9694999999999998
677.png,5,-1.9694999999999998
678.png,5,-1.9275
679.png,5,-1.9304999999999999
680.png,5,-1.8955
681.png,5,-1.898
682.png,5,-1.8525
683.png,5,-1.85575
684.png,5,-1.8067499999999999
685.png,5,-1.81025
686.png,5,-1.70875
687.png,5,-1.716
688.png,5,-1.6004999999999998
689.png,5,-1.60875
690.png,5,-1.4932499999999997
691.png,5,-1.5014999999999998
692.png,5,-1.6205
693.png,5,-1.6275
694.png,5,-1.6275
695.png,5,-1.5434999999999999
696.png,5,-1.46875
697.png,5,-1.47375
698.png,5,-1.47375
699.png,5,-1.38175
700.png,5,-1.3875
701.png,5,-1.3114999999999999
702.png,5,-1.31625
703.png,5,-1.31625
704.png,5,-1.28425
705.png,5,-1.28625
706.png,5,-1.28625
707.png,5,-1.28625
708.png,5,-1.41875
709.png,5,-1.416
710.png,5,-1.416
711.png,5,-1.5945
712.png,5,-1.584
713.png,5,-1.8687500000000001
714.png,5,-1.852
715.png,5,-1.852
716.png,5,-1.83025
717.png,5,-1.807
718.png,5,-1.9505
719.png,5,-1.9402499999999998
720.png,5,-1.9402499999999998
721.png,5,-2.02775
722.png,5,-2.074
723.png,5,-2.0702499999999997
724.png,5,-2.0632499999999996
725.png,5,-2.0637499999999998
726.png,5,-1.99375
727.png,5,-1.9987499999999998
728.png,5,-1.9987499999999998
729.png,5,-1.85875
730.png,5,-1.86875
731.png,5,-1.57125
732.png,5,-1.5925
733.png,5,-1.25375
734.png,5,-1.2845
735.png,5,-0.75575
736.png,5,-0.791
737.png,5,-0.791
738.png,5,-0.22475
739.png,5,-0.2625
740.png,5,-0.2625
741.png,5,0.33075
742.png,5,0.2925
743.png,5,0.9970999999999999
744.png,5,0.9613499999999999
745.png,5,1.741
746.png,5,1.705
747.png,5,1.705
748.png,9,1.0487499999999998
749.png,5,1.77775
750.png,5,1.772
751.png,5,1.772
752.png,5,1.56525
753.png,5,1.57125
754.png,5,1.3872499999999999
755.png,5,1.39875
756.png,5,1.39875
757.png,5,1.14275
758.png,5,1.15875
759.png,5,1.15875
760.png,5,0.87875
761.png,5,0.89625
762.png,5,0.89625
763.png,5,0.89625
764.png,5,0.63225
765.png,5,0.6487499999999999
766.png,5,0.6487499999999999
767.png,5,0.6487499999999999
768.png,5,0.38475
769.png,5,0.40125
770.png,5,0.40125
771.png,5,0.40125
772.png,5,0.15600000000000003
773.png,5,0.17200000000000001
774.png,5,0.17200000000000001
775.png,5,0.17200000000000001
776.png,5,-0.07975
777.png,5,-0.06525
778.png,5,-0.06525
779.png,5,-0.06525
780.png,5,-0.3347
781.png,5,-0.32
782.png,5,-0.5691
783.png,5,-0.555
784.png,5,-0.555
785.png,5,-0.62545
786.png,5,-0.6176999999999999
787.png,5,-0.6361
788.png,5,-0.6351
789.png,5,-0.533
790.png,5,-0.536
791.png,5,-0.4
792.png,5,-0.40800000000000003
793.png,5,-0.22949999999999998
794.png,5,-0.24
795.png,5,-0.014750000000000001
796.png,5,-0.028
797.png,5,0.23635
798.png,5,0.22185
799.png,5,0.5783
800.png,5,0.56
801.png,5,0.8462000000000001
802.png,5,0.8300000000000001
803.png,5,0.977
804.png,5,0.966
805.png,5,1.0377
806.png,5,1.03095
807.png,5,1.08155
808.png,5,1.0788
809.png,5,1.0695999999999999
810.png,5,1.0700999999999998
811.png,5,0.933
812.png,5,0.936
813.png,5,0.84675
814.png,5,0.852
815.png,5,0.73725
816.png,5,0.744
817.png,5,0.6335000000000001
818.png,5,0.64
819.png,5,0.5764
820.png,5,0.5829
821.png,5,0.4633
822.png,5,0.4698
823.png,5,0.38699999999999996
824.png,5,0.39149999999999996
825.png,5,0.38489999999999996
826.png,5,0.38639999999999997
827.png,5,0.43005
828.png,5,0.4278
829.png,5,0.5150999999999999
830.png,5,0.5105999999999999
831.png,5,0.5978499999999999
832.png,5,0.5915999999999999
833.png,5,0.7434
834.png,5,0.73515
835.png,5,0.9099499999999999
836.png,5,0.90045
837.png,9,0.6286499999999999
838.png,9,0.6174
839.png,5,1.1949999999999998
840.png,5,1.184
841.png,5,1.434
842.png,5,1.4137499999999998
843.png,5,1.55775
844.png,5,1.534
845.png,5,1.7159999999999997
846.png,5,1.7029999999999998
847.png,5,1.8465
848.png,5,1.83625
849.png,5,1.8817499999999998
850.png,5,1.8784999999999998
851.png,5,1.8855
852.png,5,1.885
853.png,5,1.843
854.png,5,1.8459999999999999
855.png,5,1.6604999999999999
856.png,5,1.6737499999999998
857.png,5,1.41125
858.png,5,1.43
859.png,5,1.21
860.png,5,1.232
861.png,5,0.887
862.png,5,0.91
863.png,5,0.5575
864.png,5,0.581
865.png,5,0.24650000000000002
866.png,5,0.27
867.png,5,-0.0775
868.png,5,-0.056
869.png,5,-0.38749999999999996
870.png,5,-0.36974999999999997
871.png,5,-0.36974999999999997
872.png,5,-0.7112
873.png,5,-0.6950000000000001
874.png,5,-0.7334499999999999
875.png,5,-0.7264499999999999
876.png,5,-0.7264499999999999
877.png,5,-0.7310499999999999
878.png,5,-0.5700000000000001
879.png,5,-0.5760000000000001
880.png,5,-0.5760000000000001
881.png,5,-0.41025
882.png,5,-0.42
883.png,5,-0.21175
884.png,5,-0.224
885.png,5,0.037
886.png,5,0.02175
887.png,5,0.33340000000000003
888.png,5,0.3174
889.png,5,0.3174
890.png,5,0.6895
891.png,5,0.67
892.png,5,0.67
893.png,5,0.8928499999999999
894.png,5,1.0332499999999998
895.png,5,1.0222499999999999
896.png,5,1.0222499999999999
897.png,9,0.63245
898.png,9,0.6272
899.png,9,0.638
900.png,9,0.637
901.png,5,1.1335000000000002
902.png,5,1.1280000000000001
903.png,5,1.3255
904.png,5,1.3087499999999999
905.png,5,1.47675
906.png,5,1.46625
907.png,5,1.3982499999999998
908.png,5,1.4024999999999999
909.png,5,1.2425
910.png,5,1.2525
911.png,5,1.2525
912.png,5,1.0405
913.png,5,1.05375
914.png,5,1.05375
915.png,5,0.80575
916.png,5,0.8212499999999999
917.png,5,0.8212499999999999
918.png,5,0.6125
919.png,5,0.628
920.png,5,0.628
921.png,5,0.373
922.png,5,0.388
923.png,5,0.1585
924.png,5,0.17200000000000001
925.png,5,0.17200000000000001
926.png,5,-0.0253
927.png,5,-0.0138
928.png,13,-0.10545000000000002
929.png,13,-0.09720000000000001
930.png,5,-0.2529
931.png,5,-0.2484
932.png,5,-0.2484
933.png,5,-0.23029999999999998
934.png,5,-0.23054999999999998
935.png,5,-0.23054999999999998
936.png,5,0.07765
937.png,5,0.060899999999999996
938.png,5,0.060899999999999996
939.png,5,0.2778
940.png,5,0.2668
941.png,5,0.2668
942.png,5,0.5179
943.png,5,0.505
944.png,5,0.505
945.png,5,0.6746000000000001
946.png,5,0.665
947.png,5,0.665
948.png,5,0.71365
949.png,5,0.7084
950.png,5,0.6929
951.png,5,0.69165
952.png,5,0.69165
953.png,5,0.66405
954.png,5,0.60115
955.png,5,0.6046499999999999
956.png,5,0.6046499999999999
957.png,5,0.6046499999999999
958.png,5,0.51725
959.png,5,0.4254
960.png,5,0.43065
961.png,5,0.43065
962.png,5,0.43065
963.png,5,0.36325
964.png,5,0.368
965.png,5,0.368
966.png,5,0.3001
967.png,5,0.3036
968.png,5,0.2745
969.png,5,0.276
970.png,5,0.276
971.png,5,0.29469999999999996
972.png,5,0.295
973.png,5,0.3162
974.png,5,0.315
975.png,5,0.315
976.png,5,0.3286
977.png,5,0.3266
978.png,5,0.3751
979.png,5,0.3726
980.png,5,0.44534999999999997
981.png,5,0.4416
982.png,5,0.49579999999999996
983.png,5,0.49155
984.png,5,0.49155
985.png,5,0.58355
986.png,5,0.57855
987.png,5,0.68435
988.png,5,0.6786
989.png,5,0.7936
990.png,5,0.78735
991.png,5,0.8260000000000001
992.png,5,0.8200000000000001
993.png,5,0.8200000000000001
994.png,5,0.9305
995.png,5,0.924
996.png,5,0.924
997.png,5,1.03025
998.png,5,1.024
999.png,5,1.024
1000.png,5,1.1302500000000002
1001.png,5,1.124
1002.png,5,1.124
1003.png,5,1.1457499999999998
1004.png,5,1.14
1005.png,5,1.212
1006.png,5,1.2075
1007.png,5,1.2554999999999998
1008.png,5,1.2525
1009.png,5,1.2525
1010.png,5,1.2525
1011.png,5,1.2525
1012.png,5,1.1805
1013.png,5,1.185
1014.png,5,1.045
1015.png,5,1.05375
1016.png,5,0.77725
1017.png,5,0.791
1018.png,5,0.791
1019.png,9,0.38089999999999996
1020.png,9,0.3969
1021.png,9,0.3969
1022.png,5,0.3395
1023.png,5,0.35625
1024.png,5,0.07825
1025.png,5,0.096
1026.png,5,-0.2776
1027.png,5,-0.2576
1028.png,5,-0.2576
1029.png,5,-0.6404
1030.png,5,-0.62
1031.png,5,-0.62
1032.png,5,-0.7095999999999999
1033.png,5,-0.7003499999999999
1034.png,5,-0.7003499999999999
1035.png,5,-0.7233499999999999
1036.png,5,-0.7221
1037.png,5,-0.7221
1038.png,5,-0.6301
1039.png,5,-0.6351
1040.png,5,-0.4833
1041.png,5,-0.49155
1042.png,5,-0.27535
1043.png,5,-0.28709999999999997
1044.png,5,-0.0249
1045.png,5,-0.03915
1046.png,5,-0.03915
1047.png,5,0.29950000000000004
1048.png,5,0.28
1049.png,5,0.598
1050.png,5,0.58
1051.png,5,0.7115999999999999
1052.png,5,0.7003499999999999
1053.png,5,0.7003499999999999
1054.png,5,0.8199499999999998
1055.png,5,0.8134499999999999
1056.png,5,0.7947500000000001
1057.png,5,0.792
1058.png,9,0.4851
1059.png,5,0.75375
1060.png,5,0.756
1061.png,5,0.756
1062.png,5,0.671
1063.png,5,0.676
1064.png,5,0.676
1065.png,5,0.5655000000000001
1066.png,5,0.5720000000000001
1067.png,5,0.436
1068.png,5,0.444
1069.png,5,0.444
1070.png,5,0.30375
1071.png,5,0.312
1072.png,5,0.17174999999999999
1073.png,5,0.043949999999999996
1074.png,5,0.052199999999999996
1075.png,5,0.052199999999999996
1076.png,5,-0.11455000000000001
1077.png,5,-0.1058
1078.png,5,-0.24220000000000003
1079.png,5,-0.3251
1080.png,5,-0.32
1081.png,5,-0.34774999999999995
1082.png,5,-0.345
1083.png,5,-0.3353
1084.png,5,-0.3358
1085.png,5,-0.3358
1086.png,5,-0.24394999999999997
1087.png,5,-0.24794999999999998
1088.png,5,-0.15064999999999998
1089.png,5,-0.00040000000000000105
1090.png,5,-0.01
1091.png,5,-0.01
1092.png,5,0.18080000000000002
1093.png,5,0.17
1094.png,5,0.3608
1095.png,5,0.35000000000000003
1096.png,5,0.4772
1097.png,5,0.4692
1098.png,5,0.5909
1099.png,5,0.5829
1100.png,5,0.6840999999999999
1101.png,5,0.6786
1102.png,5,0.7429999999999999
1103.png,5,0.7394999999999999
1104.png,5,0.6927500000000001
1105.png,5,0.6920000000000001
1106.png,5,0.658
1107.png,5,0.66
1108.png,5,0.58775
1109.png,5,0.4815
1110.png,5,0.488
1111.png,5,0.488
1112.png,5,0.35625
1113.png,5,0.25325000000000003
1114.png,5,0.261
1115.png,5,0.261
1116.png,5,0.11379999999999998
1117.png,5,-0.02155
1118.png,5,-0.0138
1119.png,5,-0.1528
1120.png,5,-0.145
1121.png,5,-0.251
1122.png,5,-0.245
1123.png,5,-0.2545
1124.png,5,-0.253
1125.png,5,-0.253
1126.png,5,-0.2336
1127.png,5,-0.17155
1128.png,5,-0.1748
1129.png,5,-0.1748
1130.png,5,-0.0778
1131.png,5,-0.0828
1132.png,5,0.0372
1133.png,5,0.03
1134.png,5,0.1731
1135.png,5,0.165
1136.png,5,0.3293
1137.png,5,0.32
1138.png,5,0.47900000000000004
1139.png,5,0.5285
1140.png,5,0.522
1141.png,5,0.522
1142.png,5,0.6093999999999999
1143.png,5,0.6046499999999999
1144.png,5,0.65065
1145.png,5,0.64815
1146.png,5,0.64355
1147.png,5,0.6437999999999999
1148.png,5,0.5978
1149.png,5,0.6003
1150.png,5,0.48825
1151.png,5,0.492
1152.png,5,0.49365
1153.png,5,0.49589999999999995
1154.png,5,0.49589999999999995
1155.png,5,0.49589999999999995
1156.png,5,0.5729
1157.png,5,0.5704
1158.png,5,0.6819500000000001
1159.png,5,0.6762
1160.png,5,0.78665
1161.png,5,0.77865
1162.png,5,0.9626499999999999
1163.png,5,0.9526499999999999
1164.png,5,1.15045
1165.png,5,1.1397
1166.png,9,0.758
1167.png,9,0.74725
1168.png,5,1.50155
1169.png,5,1.4920499999999999
1170.png,5,1.6780000000000002
1171.png,5,1.6600000000000001
1172.png,5,1.73725
1173.png,5,1.7095
1174.png,5,1.7514999999999998
1175.png,5,1.7485
1176.png,5,1.7345
1177.png,5,1.7354999999999998
1178.png,5,1.6935
1179.png,5,1.6965
1180.png,5,1.7525
1181.png,5,1.7485
1182.png,5,1.8675
1183.png,5,1.859
1184.png,5,1.9569999999999999
1185.png,5,1.95
1186.png,5,2.041
1187.png,5,2.0345
1188.png,-0.6,1
1189.png,-0.6,1
1190.png,-0.6,1
1191.png,-0.6,1
1192.png,-0.6,1
1193.png,-0.6,1
1194.png,-0.6,1
1195.png,5,2.024
1196.png,5,2.02475
1197.png,5,2.02475
1198.png,5,1.95475
1199.png,5,1.9597499999999999
1200.png,5,1.88975
1201.png,5,1.89475
1202.png,5,1.7547499999999998
1203.png,5,1.7647499999999998
1204.png,5,1.5302499999999999
1205.png,5,1.547
1206.png,5,1.288
1207.png,5,1.3065
1208.png,5,1.0995000000000001
1209.png,5,1.12
1210.png,5,0.83125
1211.png,5,0.8505
1212.png,5,0.65525
1213.png,5,0.67125
1214.png,5,0.48225
1215.png,5,0.496
1216.png,5,0.3345
1217.png,5,0.34400000000000003
1218.png,5,0.2591
1219.png,5,0.26535
1220.png,5,0.2626
1221.png,5,0.265
1222.png,5,0.318
1223.png,5,0.315
1224.png,5,0.4475
1225.png,5,0.44
1226.png,5,0.6361
1227.png,5,0.625
1228.png,5,0.8582
1229.png,5,0.845
1230.png,5,0.93745
1231.png,5,0.9292
1232.png,5,0.9339
1233.png,5,0.9309
1234.png,5,0.8940999999999999
1235.png,5,0.8960999999999999
1236.png,5,0.722
1237.png,5,0.728
1238.png,5,0.4985
1239.png,5,0.512
1240.png,5,0.22299999999999998
1241.png,5,0.24
1242.png,5,-0.09319999999999999
1243.png,5,-0.07394999999999999
1244.png,5,-0.49310000000000004
1245.png,5,-0.47000000000000003
1246.png,5,-0.7912999999999999
1247.png,5,-0.7727999999999999
1248.png,5,-1.016
1249.png,5,-1.0005
1250.png,5,-1.2121
1251.png,5,-1.2006
1252.png,5,-1.21875
1253.png,5,-1.212
1254.png,5,-1.1642499999999998
1255.png,5,-1.1624999999999999
1256.png,5,-1.1225
1257.png,5,-1.125
1258.png,5,-1.0450000000000002
1259.png,5,-1.05
1260.png,5,-0.942
1261.png,5,-0.94875
1262.png,5,-0.86325
1263.png,5,-0.872
1264.png,9,-0.4261
1265.png,9,-0.4361
1266.png,5,-0.5377500000000001
1267.png,5,-0.548
1268.png,5,-0.3865
1269.png,5,-0.396
1270.png,5,-0.33405
1271.png,5,-0.3393
1272.png,5,-0.2289
1273.png,5,-0.2349
1274.png,5,-0.15669999999999998
1275.png,5,-0.16094999999999998
1276.png,5,-0.11199999999999999
1277.png,5,-0.11499999999999999
1278.png,5,-0.0932
1279.png,5,-0.095
1280.png,5,-0.1003
1281.png,5,-0.1
1282.png,5,-0.1477
1283.png,5,-0.145
1284.png,5,-0.2086
1285.png,5,-0.20500000000000002
1286.png,5,-0.2951
1287.png,5,-0.29
1288.png,5,-0.3854
1289.png,5,-0.38
1290.png,5,-0.4369
1291.png,5,-0.4324
1292.png,5,-0.51
1293.png,5,-0.506
1294.png,5,-0.5642
1295.png,5,-0.5612
1296.png,5,-0.5766999999999999
1297.png,5,-0.5741999999999999
1298.png,5,-0.5925999999999999
1299.png,5,-0.5915999999999999
1300.png,5,-0.6007999999999999
1301.png,5,-0.6003
1302.png,5,-0.6003
1303.png,5,-0.6003
1304.png,5,-0.5773
1305.png,5,-0.57855
1306.png,5,-0.5463499999999999
1307.png,5,-0.5480999999999999
1308.png,5,-0.5113
1309.png,5,-0.5133
1310.png,5,-0.4719
1311.png,5,-0.47414999999999996
1312.png,5,-0.47414999999999996
1313.png,5,-0.42815
1314.png,5,-0.43065
1315.png,5,-0.39385
1316.png,5,-0.39585
1317.png,5,-0.38465
1318.png,5,-0.38639999999999997
1319.png,5,-0.36215
1320.png,5,-0.3634
1321.png,5,-0.344
1322.png,5,-0.345
1323.png,5,-0.3644
1324.png,5,-0.365
1325.png,5,-0.3703
1326.png,5,-0.37
1327.png,5,-0.3806
1328.png,5,-0.38
1329.png,5,-0.38
1330.png,5,-0.3906
1331.png,5,-0.39
1332.png,5,-0.40590000000000004
1333.png,5,-0.405
1334.png,5,-0.4209
1335.png,5,-0.42
1336.png,5,-0.4359
1337.png,5,-0.435
1338.png,5,-0.4509
1339.png,5,-0.45
1340.png,5,-0.4606
1341.png,5,-0.46
1342.png,5,-0.47590000000000005
1343.png,5,-0.47500000000000003
1344.png,5,-0.47500000000000003
1345.png,5,-0.47500000000000003
1346.png,5,-0.47500000000000003
1347.png,5,-0.47500000000000003
1348.png,5,-0.4803
1349.png,5,-0.48
1350.png,5,-0.4747
1351.png,5,-0.47500000000000003
1352.png,5,-0.47500000000000003
1353.png,5,-0.47500000000000003
1354.png,5,-0.46440000000000003
1355.png,5,-0.465
1356.png,5,-0.4544
1357.png,5,-0.455
1358.png,5,-0.4497
1359.png,5,-0.45
1360.png,5,-0.45
1361.png,5,-0.4447
1362.png,5,-0.4397
1363.png,5,-0.44
1364.png,5,-0.44
1365.png,5,-0.4048
1366.png,5,-0.4048
1367.png,5,-0.4012
1368.png,5,-0.4002
1369.png,5,-0.42779999999999996
1370.png,5,-0.42629999999999996
1371.png,5,-0.45849999999999996
1372.png,5,-0.45675
1373.png,5,-0.49355
1374.png,5,-0.49155
1375.png,5,-0.49155
1376.png,5,-0.52835
1377.png,5,-0.5095
1378.png,5,-0.508
1379.png,5,-0.508
1380.png,5,-0.508
1381.png,5,-0.542
1382.png,5,-0.54
1383.png,5,-0.5740000000000001
1384.png,5,-0.5720000000000001
1385.png,5,-0.606
1386.png,5,-0.604
1387.png,5,-0.604
1388.png,5,-0.638
1389.png,5,-0.636
1390.png,5,-0.636
1391.png,5,-0.6615
1392.png,5,-0.66
1393.png,5,-0.66
1394.png,5,-0.6855
1395.png,5,-0.684
1396.png,5,-0.7010000000000001
1397.png,5,-0.7000000000000001
1398.png,5,-0.7000000000000001
1399.png,5,-0.7084999999999999
1400.png,5,-0.708
1401.png,5,-0.708
1402.png,5,-0.708
1403.png,5,-0.69525
1404.png,5,-0.6960000000000001
1405.png,5,-0.6960000000000001
1406.png,5,-0.6960000000000001
1407.png,5,-0.6705000000000001
1408.png,5,-0.621
1409.png,5,-0.624
1410.png,5,-0.624
1411.png,5,-0.624
1412.png,5,-0.5517500000000001
1413.png,5,-0.556
1414.png,5,-0.44975000000000004
1415.png,5,-0.456
1416.png,5,-0.3115
1417.png,5,-0.32
1418.png,5,-0.32
1419.png,5,-0.1415
1420.png,5,-0.152
1421.png,5,-0.152
1422.png,5,0.026500000000000003
1423.png,5,0.016
1424.png,5,0.016
1425.png,5,0.2014
1426.png,5,0.1914
1427.png,5,0.4002
1428.png,5,0.39
1429.png,5,0.39
1430.png,5,0.5172
1431.png,5,0.51
1432.png,5,0.51
1433.png,5,0.5736000000000001
1434.png,5,0.5700000000000001
1435.png,5,0.5700000000000001
1436.png,5,0.5244
1437.png,5,0.5244
1438.png,5,0.5244
1439.png,5,0.45649999999999996
1440.png,5,0.45999999999999996
1441.png,5,0.363
1442.png,5,0.368
1443.png,5,0.368
1444.png,5,0.2419
1445.png,5,0.2484
1446.png,5,0.14279999999999998
1447.png,5,0.15
1448.png,5,0.054599999999999996
1449.png,5,0.06
1450.png,5,0.06
1451.png,13,-0.0148
1452.png,13,-0.0108
1453.png,5,-0.08360000000000001
1454.png,5,-0.08
1455.png,5,-0.08
1456.png,5,-0.133
1457.png,5,-0.13
1458.png,5,-0.13
1459.png,5,-0.1778
1460.png,5,-0.1748
1461.png,5,-0.2039
1462.png,5,-0.2024
1463.png,5,-0.2024
1464.png,5,-0.21899999999999997
1465.png,5,-0.21749999999999997
1466.png,5,-0.21749999999999997
1467.png,5,-0.23129999999999998
1468.png,5,-0.23054999999999998
1469.png,5,-0.23975
1470.png,5,-0.23925
1471.png,5,-0.23925
1472.png,5,-0.23925
1473.png,5,-0.23925
1474.png,5,-0.23004999999999998
1475.png,5,-0.23054999999999998
1476.png,5,-0.20754999999999998
1477.png,5,-0.20879999999999999
1478.png,5,-0.17659999999999998
1479.png,5,-0.17834999999999998
1480.png,5,-0.13235
1481.png,5,-0.13485
1482.png,5,-0.13485
1483.png,5,-0.07965
1484.png,5,-0.08265
1485.png,5,-0.01825
1486.png,5,-0.02175
1487.png,5,-0.02175
1488.png,5,0.0449
1489.png,5,0.0414
1490.png,5,0.08990000000000001
1491.png,5,0.0874
1492.png,5,0.148
1493.png,5,0.145
1494.png,5,0.198
1495.png,5,0.195
1496.png,5,0.2162
1497.png,5,0.215
1498.png,5,0.215
1499.png,13,0.11315
1500.png,13,0.09570000000000001
1501.png,13,0.09720000000000001
1502.png,13,0.09720000000000001
1503.png,13,0.07065
1504.png,13,0.0729
1505.png,13,0.06405
1506.png,13,0.0648
1507.png,5,0.17300000000000001
1508.png,5,0.17
1509.png,5,0.2018
1510.png,5,0.2
1511.png,5,0.2212
1512.png,5,0.22
1513.png,5,0.1988
1514.png,5,0.2
1515.png,5,0.2
1516.png,5,0.1258
1517.png,5,0.13
1518.png,5,0.13
1519.png,13,0.023000000000000003
1520.png,13,0.027000000000000003
1521.png,5,-0.0242
1522.png,5,-0.02
1523.png,5,-0.02
1524.png,5,-0.07300000000000001
1525.png,5,-0.14420000000000002
1526.png,5,-0.14
1527.png,5,-0.14
1528.png,5,-0.1676
1529.png,5,-0.1656
1530.png,5,-0.19469999999999998
1531.png,5,-0.2103
1532.png,5,-0.20879999999999999
1533.png,5,-0.22719999999999999
1534.png,5,-0.22619999999999998
1535.png,5,-0.22619999999999998
1536.png,5,-0.2354
1537.png,5,-0.2349
1538.png,5,-0.2349
1539.png,5,-0.2349
1540.png,5,-0.23029999999999998
1541.png,5,-0.23054999999999998
1542.png,5,-0.20754999999999998
1543.png,5,-0.20879999999999999
1544.png,5,-0.17659999999999998
1545.png,5,-0.17834999999999998
1546.png,5,-0.17834999999999998
1547.png,5,-0.13235
1548.png,5,-0.07044999999999998
1549.png,5,-0.07394999999999999
1550.png,5,-0.07394999999999999
1551.png,5,-0.00955
1552.png,5,-0.013049999999999999
1553.png,5,0.0541
1554.png,5,0.0506
1555.png,5,0.1292
1556.png,5,0.1939
1557.png,5,0.19
1558.png,5,0.19
1559.png,5,0.23770000000000002
1560.png,5,0.23500000000000001
1561.png,13,0.14165
1562.png,13,0.1404
1563.png,13,0.1345
1564.png,13,0.135
1565.png,13,0.1173
1566.png,5,0.2253
1567.png,5,0.225
1568.png,5,0.225
1569.png,5,0.27975
1570.png,5,0.276
1571.png,5,0.2857
1572.png,5,0.2852
1573.png,5,0.21245
1574.png,5,0.1449
1575.png,5,0.15
1576.png,5,0.054599999999999996
1577.png,5,0.06
1578.png,5,0.06
1579.png,13,-0.0148
1580.png,13,-0.0108
1581.png,5,-0.07300000000000001
1582.png,5,-0.07
1583.png,5,-0.1336
1584.png,5,-0.13
1585.png,5,-0.1778
1586.png,5,-0.1748
1587.png,5,-0.2297
1588.png,5,-0.22619999999999998
1589.png,5,-0.25379999999999997
1590.png,5,-0.2799
1591.png,5,-0.2784
1592.png,5,-0.2784
1593.png,5,-0.29679999999999995
1594.png,5,-0.29579999999999995
1595.png,5,-0.30039999999999994
1596.png,5,-0.30015
1597.png,5,-0.29555
1598.png,5,-0.29579999999999995
1599.png,5,-0.28200000000000003
1600.png,5,-0.28275
1601.png,5,-0.25055
1602.png,5,-0.25229999999999997
1603.png,5,-0.2017
1604.png,5,-0.20445
1605.png,5,-0.14004999999999998
1606.png,5,-0.14354999999999998
1607.png,5,-0.06075
1608.png,5,-0.06525
1609.png,5,0.02675
1610.png,5,0.02175
1611.png,5,0.1297
1612.png,5,0.1242
1613.png,5,0.24100000000000002
1614.png,5,0.23500000000000001
1615.png,13,0.1741
1616.png,13,0.1701
1617.png,5,0.3786
1618.png,5,0.375
1619.png,5,0.4015
1620.png,5,0.4
1621.png,5,0.4359
1622.png,5,0.4324
1623.png,5,0.49169999999999997
1624.png,5,0.48719999999999997
1625.png,5,0.41359999999999997
1626.png,5,0.41759999999999997
1627.png,5,0.3118
1628.png,5,0.31755
1629.png,5,0.20485
1630.png,5,0.2116
1631.png,5,0.1028
1632.png,5,0.11
1633.png,5,0.0093
1634.png,5,0.015
1635.png,13,-0.039099999999999996
1636.png,13,-0.0351
1637.png,5,-0.13920000000000002
1638.png,5,-0.135
1639.png,5,-0.1933
1640.png,5,-0.19
1641.png,5,-0.2524
1642.png,5,-0.2484
1643.png,5,-0.32689999999999997
1644.png,5,-0.32189999999999996
1645.png,5,-0.36789999999999995
1646.png,5,-0.36539999999999995
1647.png,5,-0.39759999999999995
1648.png,5,-0.39585
1649.png,5,-0.42804999999999993
1650.png,5,-0.42629999999999996
1651.png,5,-0.40900000000000003
1652.png,5,-0.40800000000000003
1653.png,5,-0.41650000000000004
1654.png,5,-0.41600000000000004
1655.png,5,-0.42024999999999996
1656.png,5,-0.42
1657.png,5,-0.41150000000000003
1658.png,5,-0.41200000000000003
1659.png,5,-0.3865
1660.png,5,-0.388
1661.png,5,-0.34975
1662.png,5,-0.352
1663.png,5,-0.28825
1664.png,5,-0.292
1665.png,5,-0.207
1666.png,5,-0.212
1667.png,5,-0.10149999999999999
1668.png,5,-0.108
1669.png,5,0.02055
1670.png,5,0.013049999999999999
1671.png,5,0.1593
1672.png,5,0.1518
1673.png,5,0.3081
1674.png,5,0.3
1675.png,13,0.21215
1676.png,13,0.2079
1677.png,5,0.4274
1678.png,5,0.425
1679.png,5,0.48314999999999997
1680.png,5,0.4784
1681.png,5,0.5673999999999999
1682.png,5,0.5611499999999999
1683.png,5,0.5289499999999999
1684.png,5,0.5307
1685.png,5,0.5261
1686.png,5,0.52635
1687.png,5,0.5662999999999999
1688.png,5,0.5658
1689.png,5,0.64825
1690.png,5,0.644
1691.png,5,0.7377999999999999
1692.png,5,0.7307999999999999
1693.png,5,0.9102
1694.png,5,0.90045
1695.png,5,1.13045
1696.png,5,1.11795
1697.png,5,1.37095
1698.png,5,1.3572
1699.png,5,1.49025
1700.png,5,1.476
1701.png,5,1.72675
1702.png,5,1.712
1703.png,5,1.93725
1704.png,5,1.924
1705.png,5,1.7102499999999998
1706.png,5,1.6997499999999999
1707.png,5,1.78375
1708.png,5,1.77775
1709.png,5,1.78125
1710.png,5,1.781
1711.png,5,1.704
1712.png,5,1.7095
1713.png,5,1.545
1714.png,5,1.5567499999999999
1715.png,5,1.3467500000000001
1716.png,5,1.36175
1717.png,5,1.29925
1718.png,5,1.31625
1719.png,5,0.95475
1720.png,5,0.973
1721.png,5,0.688
1722.png,5,0.707
1723.png,5,0.4415
1724.png,5,0.46125
1725.png,5,0.1945
1726.png,5,0.212
1727.png,5,-0.0345
1728.png,5,-0.02
1729.png,5,-0.2582
1730.png,5,-0.245
1731.png,5,-0.3881
1732.png,5,-0.38
1733.png,5,-0.36279999999999996
1734.png,5,-0.36105
1735.png,5,-0.28745
1736.png,5,-0.29145
1737.png,5,-0.14884999999999998
1738.png,5,-0.1566
1739.png,5,0.05499999999999999
1740.png,5,0.0435
1741.png,5,0.28850000000000003
1742.png,5,0.276
1743.png,5,0.5968
1744.png,5,0.58
1745.png,5,0.79065
1746.png,5,0.7774
1747.png,5,1.0005
1748.png,5,0.989
1749.png,9,0.61045
1750.png,9,0.6027
1751.png,5,1.1575
1752.png,5,1.15275
1753.png,5,1.22575
1754.png,5,1.216
1755.png,5,1.376
1756.png,5,1.3612499999999998
1757.png,5,1.34525
1758.png,5,1.34625
1759.png,5,1.27425
1760.png,5,1.27875
1761.png,5,1.15075
1762.png,5,1.15875
1763.png,5,0.9827499999999999
1764.png,5,0.9937499999999999
1765.png,9,0.50615
1766.png,9,0.5194
1767.png,5,0.5802499999999999
1768.png,5,0.596
1769.png,5,0.31125
1770.png,5,0.328
1771.png,5,0.053099999999999994
1772.png,5,0.0696
1773.png,5,-0.2804
1774.png,5,-0.26
1775.png,5,-0.5886
1776.png,5,-0.5700000000000001
1777.png,5,-0.7074999999999999
1778.png,5,-0.696
1779.png,5,-0.8201999999999999
1780.png,5,-0.8134499999999999
1781.png,5,-0.7905
1782.png,5,-0.788
1783.png,5,-0.75825
1784.png,5,-0.76
1785.png,5,-0.675
1786.png,5,-0.68
1787.png,5,-0.544
1788.png,5,-0.552
1789.png,5,-0.3905
1790.png,5,-0.4
1791.png,5,-0.21725
1792.png,5,-0.228
1793.png,5,-0.04100000000000001
1794.png,5,-0.052000000000000005
1795.png,5,0.14125000000000001
1796.png,5,0.1305
1797.png,5,0.3461
1798.png,5,0.335
1799.png,13,0.26644999999999996
1800.png,13,0.2592
1801.png,5,0.5754
1802.png,5,0.5700000000000001
1803.png,5,0.6293
1804.png,5,0.62205
1805.png,5,0.72075
1806.png,5,0.712
1807.png,5,0.6355000000000001
1808.png,5,0.64
1809.png,5,0.5125000000000001
1810.png,5,0.52
1811.png,5,0.35
1812.png,5,0.36
1813.png,5,0.19829999999999998
1814.png,5,0.20879999999999999
1815.png,5,-0.0023
1816.png,5,0.0092
1817.png,13,-0.11850000000000001
1818.png,13,-0.10800000000000001
1819.png,5,-0.3908
1820.png,5,-0.38
1821.png,5,-0.5237999999999999
1822.png,5,-0.5133
1823.png,5,-0.5133
1824.png,5,-0.625
1825.png,5,-0.616
1826.png,5,-0.6244999999999999
1827.png,5,-0.624
1828.png,5,-0.5730000000000001
1829.png,5,-0.5760000000000001
1830.png,5,-0.4825
1831.png,5,-0.488
1832.png,5,-0.352
1833.png,5,-0.36
1834.png,5,-0.2155
1835.png,5,-0.224
1836.png,5,-0.224
1837.png,5,-0.09225
1838.png,5,-0.09559999999999999
1839.png,5,-0.09659999999999999
1840.png,5,-0.09659999999999999
1841.png,5,-0.09659999999999999
1842.png,5,-0.1686
1843.png,5,-0.165
1844.png,5,-0.165
1845.png,5,-0.30279999999999996
1846.png,5,-0.4964
1847.png,5,-0.485
1848.png,5,-0.485
1849.png,5,-0.6305
1850.png,5,-0.621
1851.png,5,-0.621
1852.png,5,-0.74825
1853.png,5,-0.7394999999999999
1854.png,5,-0.7394999999999999
1855.png,5,-0.9188999999999999
1856.png,5,-1.0747499999999999
1857.png,5,-1.06575
1858.png,5,-1.06575
1859.png,9,-0.67315
1860.png,9,-0.6664
1861.png,9,-0.6664
1862.png,9,-0.7041999999999999
1863.png,9,-0.7007
1864.png,9,-0.7007
1865.png,5,-1.2565
1866.png,5,-1.2449999999999999
1867.png,5,-1.2449999999999999
1868.png,5,-1.7129999999999999
1869.png,5,-1.6837499999999999
1870.png,5,-1.6837499999999999
1871.png,5,-1.79175
1872.png,5,-1.768
1873.png,5,-1.7995
1874.png,5,-1.79725
1875.png,5,-1.79725
1876.png,5,-1.72725
1877.png,5,-1.7322499999999998
1878.png,5,-1.60625
1879.png,5,-1.6152499999999999
1880.png,5,-1.4577499999999999
1881.png,5,-1.4689999999999999
1882.png,5,-1.4789999999999999
1883.png,5,-1.4925
1884.png,5,-1.2805
1885.png,5,-1.29375
1886.png,5,-1.06175
1887.png,5,-1.07625
1888.png,5,-0.8242499999999999
1889.png,5,-0.84
1890.png,5,-0.6495000000000001
1891.png,5,-0.664
1892.png,5,-0.46
1893.png,5,-0.47200000000000003
1894.png,5,-0.35689999999999994
1895.png,5,-0.36539999999999995
1896.png,5,-0.3379
1897.png,5,-0.3404
1898.png,5,-0.39375
1899.png,5,-0.391
1900.png,5,-0.52195
1901.png,5,-0.5152
1902.png,5,-0.5152
1903.png,5,-0.7189
1904.png,5,-0.7084
1905.png,5,-0.7084
1906.png,5,-0.9228999999999999
1907.png,5,-0.9091499999999999
1908.png,5,-0.9091499999999999
1909.png,5,-1.20815
1910.png,5,-1.1919
1911.png,5,-1.1919
1912.png,5,-1.5460999999999998
1913.png,5,-1.5268499999999998
1914.png,5,-1.744
1915.png,5,-1.724
1916.png,5,-1.724
1917.png,5,-1.69125
1918.png,5,-1.6704999999999999
1919.png,5,-1.6704999999999999
1920.png,5,-1.8875
1921.png,5,-1.8719999999999999
1922.png,5,-1.8719999999999999
1923.png,5,-1.9909999999999999
1924.png,5,-1.9825
1925.png,5,-1.9825
1926.png,5,-2.0769999999999995
1927.png,5,-2.0702499999999997
1928.png,5,-2.0702499999999997
1929.png,-0.6,-1
1930.png,-0.6,-1
1931.png,-0.6,-1
1932.png,-0.6,-1
1933.png,-0.6,-1
1934.png,5,-2.03175
1935.png,5,-2.0345
1936.png,5,-1.9715
1937.png,5,-1.976
1938.png,5,-1.9095
1939.png,5,-1.91425
1940.png,5,-1.77775
1941.png,5,-1.7874999999999999
1942.png,5,-1.7874999999999999
1943.png,5,-1.5424999999999998
1944.png,5,-1.28
1945.png,5,-1.3
1946.png,5,-1.3
1947.png,5,-1.0625
1948.png,5,-1.085
1949.png,5,-1.085
1950.png,5,-0.7475
1951.png,5,-0.77
1952.png,5,-0.77
1953.png,5,-0.517
1954.png,5,-0.53625
1955.png,5,-0.18425
1956.png,5,-0.20625
1957.png,5,-0.20625
1958.png,5,0.1625
1959.png,5,0.14
1960.png,5,0.6202
1961.png,5,0.595
1962.png,5,0.595
1963.png,5,0.88205
1964.png,5,0.8648
1965.png,5,1.0339999999999998
1966.png,5,1.0222499999999999
1967.png,5,1.0505
1968.png,5,1.044
1969.png,5,1.0865
1970.png,5,1.084
1971.png,5,1.03725
1972.png,5,1.04
1973.png,5,0.855
1974.png,5,0.6785
1975.png,5,0.69
1976.png,5,0.481
1977.png,5,0.496
1978.png,5,0.21125
1979.png,5,0.228
1980.png,5,0.228
1981.png,5,-0.027
1982.png,5,-0.29510000000000003
1983.png,5,-0.2806
1984.png,5,-0.5912000000000001
1985.png,5,-0.5750000000000001
1986.png,5,-0.5750000000000001
1987.png,5,-0.7118499999999999
1988.png,5,-0.7003499999999999
1989.png,5,-0.8015499999999999
1990.png,5,-0.7960499999999999
1991.png,5,-0.7960499999999999
1992.png,5,-0.80065
1993.png,5,-0.8004
1994.png,5,-0.6765000000000001
1995.png,5,-0.68
1996.png,5,-0.68
1997.png,5,-0.561
1998.png,5,-0.5680000000000001
1999.png,5,-0.5680000000000001
2000.png,5,-0.4235
2001.png,5,-0.432
2002.png,5,-0.432
2003.png,5,-0.2705
2004.png,5,-0.28
2005.png,5,-0.28
2006.png,5,-0.1113
2007.png,5,-0.12179999999999999
2008.png,5,0.0555
2009.png,5,0.046
2010.png,5,0.24080000000000001
2011.png,5,0.23
2012.png,5,0.23
2013.png,5,0.389
2014.png,5,0.38
2015.png,5,0.49024999999999996
2016.png,5,0.483
2017.png,5,0.5349499999999999
2018.png,5,0.5307
2019.png,5,0.5629
2020.png,5,0.5611499999999999
2021.png,5,0.54275
2022.png,5,0.54375
2023.png,5,0.48855
2024.png,5,0.49155
2025.png,5,0.40415
2026.png,5,0.4089
2027.png,5,0.4089
2028.png,5,0.2939
2029.png,5,0.30015
2030.png,5,0.30015
2031.png,5,0.17134999999999997
2032.png,5,0.05765
2033.png,5,0.0644
2034.png,5,-0.0837
2035.png,5,-0.075
2036.png,13,-0.11720000000000001
2037.png,13,-0.1107
2038.png,13,-0.1107
2039.png,5,-0.3004
2040.png,5,-0.295
2041.png,5,-0.295
2042.png,5,-0.3684
2043.png,5,-0.3634
2044.png,5,-0.3634
2045.png,5,-0.41724999999999995
2046.png,5,-0.41324999999999995
2047.png,5,-0.37185
2048.png,5,-0.2959
2049.png,5,-0.30015
2050.png,5,-0.30015
2051.png,5,-0.18974999999999997
2052.png,5,-0.19574999999999998
2053.png,5,-0.19574999999999998
2054.png,5,-0.06634999999999999
2055.png,5,-0.0736
2056.png,5,-0.0736
2057.png,5,0.0684
2058.png,5,0.06
2059.png,13,0.11500000000000002
2060.png,13,0.10800000000000001
2061.png,13,0.10800000000000001
2062.png,5,0.3166
2063.png,5,0.4307
2064.png,5,0.4232
2065.png,5,0.6439999999999999
2066.png,5,0.6307499999999999
2067.png,5,0.716
2068.png,5,0.708
2069.png,5,0.708
2070.png,5,0.6697500000000001
2071.png,5,0.672
2072.png,5,0.5657500000000001
2073.png,5,0.5720000000000001
2074.png,5,0.5720000000000001
2075.png,5,0.42325
2076.png,5,0.25775000000000003
2077.png,5,0.268
2078.png,5,0.268
2079.png,5,0.07984999999999999
2080.png,5,-0.1168
2081.png,5,-0.1058
2082.png,5,-0.1058
2083.png,13,-0.1801
2084.png,13,-0.1701
2085.png,5,-0.4644
2086.png,5,-0.5318499999999999
2087.png,5,-0.52635
2088.png,5,-0.52635
2089.png,5,-0.6827499999999999
2090.png,5,-0.6742499999999999
2091.png,5,-0.739
2092.png,5,-0.732
2093.png,5,-0.681
2094.png,5,-0.684
2095.png,5,-0.582
2096.png,5,-0.588
2097.png,5,-0.418
2098.png,5,-0.428
2099.png,5,-0.2155
2100.png,5,-0.228
2101.png,5,0.01885
2102.png,5,0.00435
2103.png,5,0.3283
2104.png,5,0.628
2105.png,5,0.61
2106.png,5,0.61
2107.png,5,0.7745
2108.png,5,0.76125
2109.png,5,0.9176499999999999
2110.png,5,0.9091499999999999
2111.png,9,0.53365
2112.png,9,0.53165
2113.png,9,0.52355
2114.png,9,0.5243
2115.png,5,0.771
2116.png,5,0.776
2117.png,5,0.674
2118.png,5,0.68
2119.png,5,0.6205
2120.png,5,0.624
2121.png,5,0.488
2122.png,5,0.496
2123.png,5,0.292
2124.png,5,0.073
2125.png,5,0.087
2126.png,5,-0.1796
2127.png,5,-0.1656
2128.png,5,-0.4503
2129.png,5,-0.435
2130.png,5,-0.435
2131.png,5,-0.5699500000000001
2132.png,5,-0.5612
2133.png,5,-0.6134999999999999
2134.png,5,-0.609
2135.png,5,-0.6274
2136.png,5,-0.6264
2137.png,5,-0.559
2138.png,5,-0.56
2139.png,5,-0.4835
2140.png,5,-0.488
2141.png,5,-0.369
2142.png,5,-0.376
2143.png,5,-0.2145
2144.png,5,-0.224
2145.png,5,-0.045799999999999993
2146.png,5,-0.056549999999999996
2147.png,5,0.15845
2148.png,5,0.1472
2149.png,13,0.22505000000000003
2150.png,13,0.21330000000000002
2151.png,5,0.5670999999999999
2152.png,5,0.5566
2153.png,5,0.6827499999999999
2154.png,5,0.6742499999999999
2155.png,5,0.9042499999999999
2156.png,5,0.8917499999999999
2157.png,5,1.0495
2158.png,5,1.036
2159.png,5,1.0190000000000001
2160.png,5,1.02
2161.png,5,0.935
2162.png,5,0.9400000000000001
2163.png,9,0.46235
2164.png,9,0.47285
2165.png,5,0.5255000000000001
2166.png,5,0.54
2167.png,5,0.2425
2168.png,5,0.26
2169.png,5,-0.06684999999999999
2170.png,5,-0.04785
2171.png,13,-0.2657
2172.png,13,-0.2457
2173.png,5,-0.6994499999999999
2174.png,5,-0.68295
2175.png,9,-0.53585
2176.png,9,-0.52185
2177.png,5,-1.1367500000000001
2178.png,5,-1.12
2179.png,5,-1.3019999999999998
2180.png,5,-1.28625
2181.png,5,-1.32225
2182.png,5,-1.3199999999999998
2183.png,5,-1.3079999999999998
2184.png,5,-1.3087499999999999
2185.png,5,-1.0265000000000002
2186.png,5,-1.0395
2187.png,5,-0.762
2188.png,5,-0.7805
2189.png,5,-0.45625
2190.png,5,-0.48
2191.png,5,-0.044
2192.png,5,-0.07125
2193.png,5,0.40425
2194.png,5,0.376
2195.png,5,1.0848
2196.png,5,1.05
2197.png,5,1.4607
2198.png,5,1.4352
2199.png,5,1.6007500000000001
2200.png,5,1.58
2201.png,5,1.74575
2202.png,5,1.736
2203.png,5,1.5594999999999999
2204.png,5,1.56375
2205.png,5,1.37575
2206.png,5,1.3875
2207.png,5,1.1315
2208.png,5,1.1475
2209.png,5,0.8474999999999999
2210.png,5,0.86625
2211.png,5,0.52225
2212.png,5,0.54375
2213.png,5,0.223
2214.png,5,0.244
2215.png,5,-0.11725000000000001
2216.png,5,-0.096
2217.png,5,-0.5281
2218.png,5,-0.505
2219.png,5,-0.775
2220.png,5,-0.759
2221.png,5,-0.9109499999999999
2222.png,5,-0.90045
2223.png,9,-0.55845
2224.png,9,-0.5537
2225.png,5,-0.887
2226.png,5,-0.888
2227.png,5,-0.85825
2228.png,5,-0.86
2229.png,5,-0.81325
2230.png,5,-0.8160000000000001
2231.png,5,-0.64175
2232.png,5,-0.652
2233.png,5,-0.431
2234.png,5,-0.444
2235.png,5,-0.18475000000000003
2236.png,5,-0.2
2237.png,5,0.055
2238.png,5,0.04
2239.png,5,0.32244999999999996
2240.png,5,0.3082
2241.png,13,0.32545
2242.png,13,0.31320000000000003
2243.png,5,0.71305
2244.png,5,0.7038
2245.png,5,0.9139499999999999
2246.png,5,0.90045
2247.png,5,1.0915000000000001
2248.png,5,1.076
2249.png,5,1.02925
2250.png,5,1.032
2251.png,5,1.032
2252.png,5,0.896
2253.png,5,0.904
2254.png,5,0.69575
2255.png,5,0.708
2256.png,5,0.45725000000000005
2257.png,5,0.47200000000000003
2258.png,5,0.47200000000000003
2259.png,5,0.21275
2260.png,5,0.228
2261.png,5,-0.03265
2262.png,5,-0.0174
2263.png,5,-0.31679999999999997
2264.png,5,-0.3
2265.png,5,-0.5438000000000001
2266.png,5,-0.53
2267.png,5,-0.53
2268.png,5,-0.6083
2269.png,5,-0.6003
2270.png,5,-0.6003
2271.png,5,-0.6647
2272.png,5,-0.6612
2273.png,5,-0.5995
2274.png,5,-0.6
2275.png,5,-0.5447500000000001
2276.png,5,-0.548
2277.png,5,-0.446
2278.png,5,-0.452
2279.png,5,-0.316
2280.png,5,-0.324
2281.png,5,-0.17099999999999999
2282.png,5,-0.18
2283.png,5,-0.18
2284.png,5,-0.020949999999999996
2285.png,5,-0.030449999999999998
2286.png,5,-0.030449999999999998
2287.png,5,0.13755
2288.png,5,0.1288
2289.png,5,0.1288
2290.png,5,0.3096
2291.png,5,0.3
2292.png,5,0.4325
2293.png,5,0.425
2294.png,5,0.488
2295.png,5,0.483
2296.png,5,0.5211499999999999
2297.png,5,0.5176499999999999
2298.png,5,0.5084500000000001
2299.png,5,0.50895
2300.png,5,0.45835
2301.png,5,0.46109999999999995
2302.png,5,0.46109999999999995
2303.png,5,0.38749999999999996
2304.png,5,0.39149999999999996
2305.png,5,0.39149999999999996
2306.png,5,0.2995
2307.png,5,0.3045
2308.png,5,0.1959
2309.png,5,0.2024
2310.png,5,0.09280000000000001
2311.png,5,0.1
2312.png,5,0.1
2313.png,5,-0.0378
2314.png,5,-0.03
2315.png,5,-0.136
2316.png,5,-0.13
2317.png,5,-0.2201
2318.png,5,-0.215
2319.png,5,-0.215
2320.png,5,-0.24145
2321.png,5,-0.2392
2322.png,5,-0.24
2323.png,5,-0.23925
2324.png,5,-0.23925
2325.png,5,-0.22085
2326.png,5,-0.22185
2327.png,5,-0.18044999999999997
2328.png,5,-0.18269999999999997
2329.png,5,-0.12289999999999998
2330.png,5,-0.12614999999999998
2331.png,5,-0.12614999999999998
2332.png,5,-0.060649999999999996
2333.png,5,-0.0644
2334.png,5,0.0132
2335.png,5,0.0092
2336.png,5,0.0948
2337.png,5,0.09
2338.png,5,0.09
2339.png,5,0.1642
2340.png,5,0.16
2341.png,13,0.11885000000000001
2342.png,13,0.11610000000000001
2343.png,13,0.11610000000000001
2344.png,5,0.2521
2345.png,5,0.25
2346.png,5,0.3401
2347.png,5,0.335
2348.png,5,0.39265
2349.png,5,0.38715
2350.png,5,0.38715
2351.png,5,0.36874999999999997
2352.png,5,0.36974999999999997
2353.png,5,0.32795
2354.png,5,0.3312
2355.png,5,0.3312
2356.png,5,0.23904999999999998
2357.png,5,0.2438
2358.png,5,0.1537
2359.png,5,0.16
2360.png,5,0.0381
2361.png,5,0.045
2362.png,5,0.045
2363.png,13,-0.037649999999999996
2364.png,13,-0.0324
2365.png,5,-0.1448
2366.png,5,-0.14
2367.png,5,-0.2064
2368.png,5,-0.2024
2369.png,5,-0.2024
2370.png,5,-0.21899999999999997
2371.png,5,-0.21749999999999997
2372.png,5,-0.21749999999999997
2373.png,5,-0.2037
2374.png,5,-0.20445
2375.png,5,-0.20445
2376.png,5,-0.16765
2377.png,5,-0.16965
2378.png,5,-0.11904999999999999
2379.png,5,-0.12179999999999999
2380.png,5,-0.12179999999999999
2381.png,5,-0.060899999999999996
2382.png,5,-0.0644
2383.png,5,-0.0644
2384.png,5,0.0035
2385.png,5,-0.0
2386.png,5,0.0636
2387.png,5,0.06
2388.png,5,0.1236
2389.png,5,0.12
2390.png,5,0.17300000000000001
2391.png,5,0.17
2392.png,13,0.10360000000000001
2393.png,13,0.10260000000000001
2394.png,13,0.10555
2395.png,13,0.1053
2396.png,5,0.2321
2397.png,5,0.23
2398.png,5,0.2989
2399.png,5,0.2944
2400.png,5,0.2944
2401.png,5,0.306
2402.png,5,0.3045
2403.png,5,0.2541
2404.png,5,0.2576
2405.png,5,0.2576
2406.png,5,0.2111
2407.png,5,0.215
2408.png,5,0.215
2409.png,5,0.1832
2410.png,5,0.185
2411.png,5,0.185
2412.png,5,0.0684
2413.png,5,0.075
2414.png,5,-0.1158
2415.png,5,-0.105
2416.png,5,-0.3806
2417.png,5,-0.365
2418.png,5,-0.365
2419.png,5,-0.6558999999999999
2420.png,5,-0.6394
2421.png,5,-0.6394
2422.png,5,-0.9220499999999999
2423.png,5,-0.9047999999999999
2424.png,5,-0.9047999999999999
2425.png,5,-1.167
2426.png,5,-1.15275
2427.png,5,-1.15275
2428.png,5,-1.37815
2429.png,5,-1.3659
2430.png,5,-1.3659
2431.png,5,-1.3135
2432.png,5,-1.377
2433.png,5,-1.3725
2434.png,5,-1.3924999999999998
2435.png,5,-1.3912499999999999
2436.png,5,-1.3872499999999999
2437.png,5,-1.3875
2438.png,5,-1.3515
2439.png,5,-1.35375
2440.png,5,-1.35375
2441.png,5,-1.28975
2442.png,5,-1.21375
2443.png,5,-1.21875
2444.png,5,-1.11475
2445.png,5,-1.1212499999999999
2446.png,5,-1.00525
2447.png,5,-1.0125
2448.png,9,-0.5885999999999999
2449.png,9,-0.5953499999999999
2450.png,5,-0.86575
2451.png,5,-0.872
2452.png,5,-0.87625
2453.png,5,-0.876
2454.png,9,-0.63105
2455.png,9,-0.6223
2456.png,9,-0.6276999999999999
2457.png,9,-0.6272
2458.png,9,-0.6272
2459.png,5,-1.1515000000000002
2460.png,5,-1.1440000000000001
2461.png,5,-1.4485000000000001
2462.png,5,-1.6935
2463.png,5,-1.66075
2464.png,5,-1.9267499999999997
2465.png,5,-1.9077499999999998
2466.png,5,-1.9077499999999998
2467.png,5,-1.9357499999999999
2468.png,5,-1.9337499999999999
2469.png,5,-1.9022499999999998
2470.png,5,-1.9044999999999999
2471.png,5,-1.8905
2472.png,5,-1.9195
2473.png,5,-1.9175
2474.png,5,-1.9175
2475.png,5,-1.9665
2476.png,5,-1.9629999999999999
2477.png,5,-2.005
2478.png,5,-2.0265
2479.png,5,-2.02475
2480.png,5,-2.02475
2481.png,5,-2.0072499999999995
2482.png,5,-1.9385000000000001
2483.png,5,-1.9435
2484.png,5,-1.9435
2485.png,5,-1.8384999999999998
2486.png,5,-1.8459999999999999
2487.png,5,-1.6184999999999998
2488.png,5,-1.34075
2489.png,5,-1.36175
2490.png,5,-1.36175
2491.png,5,-1.1102500000000002
2492.png,5,-1.1340000000000001
2493.png,5,-0.774
2494.png,5,-0.798
2495.png,5,-0.499
2496.png,5,-0.52125
2497.png,5,-0.165
2498.png,5,-0.188
2499.png,5,0.15894999999999998
2500.png,13,0.27225
2501.png,13,0.2565
2502.png,13,0.2565
2503.png,5,0.61105
2504.png,5,0.6003
2505.png,5,0.59875
2506.png,5,0.596
2507.png,5,0.21875
2508.png,5,0.24
2509.png,5,-0.373
2510.png,5,-0.336
2511.png,11,-0.5774999999999999
2512.png,5,-1.8132
2513.png,5,-1.77
2514.png,5,-1.77
2515.png,5,-2.0365
2516.png,5,-2.0
2517.png,5,-1.8805
2518.png,5,-1.86225
2519.png,5,-1.91125
2520.png,5,-1.9077499999999998
2521.png,5,-1.92525
2522.png,5,-1.924
2523.png,5,-1.9064999999999999
2524.png,5,-1.87275
2525.png,5,-1.8752499999999999
2526.png,5,-1.82975
2527.png,5,-1.833
2528.png,5,-1.833
2529.png,5,-1.8365
2530.png,5,-1.83625
2531.png,5,-1.8782499999999998
2532.png,5,-1.8752499999999999
2533.png,5,-1.9277499999999999
2534.png,5,-1.924
2535.png,5,-1.9694999999999998
2536.png,5,-1.9662499999999998
2537.png,5,-1.98725
2538.png,5,-1.98575
2539.png,5,-1.9682499999999998
2540.png,5,-1.9694999999999998
2541.png,5,-1.9064999999999999
2542.png,5,-1.9109999999999998
2543.png,5,-1.7745
2544.png,5,-1.78425
2545.png,5,-1.48675
2546.png,5,-1.508
2547.png,5,-1.219
2548.png,5,-1.246
2549.png,5,-0.766
2550.png,5,-0.798
2551.png,5,-0.24300000000000002
2552.png,5,-0.28
2553.png,5,0.33999999999999997
2554.png,5,0.3
2555.png,5,1.301
2556.png,5,1.25
2557.png,5,1.8969
2558.png,5,1.8584
2559.png,5,2.177
2560.png,5,2.144
2561.png,5,1.9239999999999997
2562.png,5,1.9109999999999998
2563.png,5,1.932
2564.png,5,1.9304999999999999
2565.png,5,1.8639999999999999
2566.png,5,1.86875
2567.png,5,1.67275
2568.png,5,1.68675
2569.png,5,1.41025
2570.png,5,1.43
2571.png,5,1.43
2572.png,5,1.17625
2573.png,5,1.2005000000000001
2574.png,5,1.2005000000000001
2575.png,5,0.79925
2576.png,5,0.8260000000000001
2577.png,5,0.425
2578.png,5,0.45375
2579.png,5,0.45375
2580.png,5,-0.02625
2581.png,5,0.00375
2582.png,5,-0.52925
2583.png,5,-0.50025
2584.png,5,-0.50025
2585.png,5,-1.1261999999999999
2586.png,5,-1.095
2587.png,5,-1.095
2588.png,5,-1.31145
2589.png,5,-1.29195
2590.png,5,-1.3707500000000001
2591.png,5,-1.36
2592.png,5,-1.36
2593.png,5,-1.291
2594.png,5,-1.29
2595.png,5,-1.206
2596.png,5,-1.21125
2597.png,5,-1.21125
2598.png,5,-1.0592499999999998
2599.png,5,-1.0687499999999999
2600.png,5,-0.8647499999999999
2601.png,5,-0.8775
2602.png,9,-0.4032
2603.png,9,-0.41895
2604.png,9,-0.41895
2605.png,5,-0.36124999999999996
2606.png,5,-0.37875
2607.png,5,-0.0725
2608.png,5,-0.092
2609.png,5,-0.092
2610.png,5,0.26794999999999997
2611.png,5,0.24794999999999998
2612.png,13,0.325
2613.png,13,0.3105
2614.png,5,0.7424
2615.png,5,0.7313999999999999
2616.png,5,0.7313999999999999
2617.png,5,0.78365
2618.png,5,0.77865
2619.png,5,0.77865
2620.png,5,0.76025
2621.png,5,0.76125
2622.png,5,0.63625
2623.png,5,0.64
2624.png,5,0.64
2625.png,5,0.5295000000000001
2626.png,5,0.536
2627.png,5,0.536
2628.png,5,0.3915
2629.png,5,0.4
2630.png,5,0.2648
2631.png,5,0.27404999999999996
2632.png,5,0.27404999999999996
2633.png,5,0.09465
2634.png,5,0.10439999999999999
2635.png,5,-0.0814
2636.png,5,-0.07
2637.png,13,-0.1381
2638.png,13,-0.1296
2639.png,5,-0.3884
2640.png,5,-0.38
2641.png,5,-0.38
2642.png,5,-0.4778
2643.png,5,-0.4698
2644.png,5,-0.4698
2645.png,5,-0.5680000000000001
2646.png,5,-0.56
2647.png,5,-0.56
2648.png,5,-0.5515000000000001
2649.png,5,-0.552
2650.png,5,-0.4925
2651.png,5,-0.496
2652.png,5,-0.496
2653.png,5,-0.394
2654.png,5,-0.4
2655.png,5,-0.4
2656.png,5,-0.2725
2657.png,5,-0.28
2658.png,5,-0.144
2659.png,5,-0.152
2660.png,5,-0.152
2661.png,5,-0.008899999999999998
2662.png,5,-0.0174
2663.png,5,0.1368
2664.png,5,0.1288
2665.png,5,0.2778
2666.png,5,0.27
2667.png,5,0.27
2668.png,5,0.3866
2669.png,5,0.38
2670.png,5,0.3981
2671.png,5,0.3956
2672.png,5,0.3956
2673.png,5,0.4053
2674.png,5,0.4048
2675.png,5,0.35519999999999996
2676.png,5,0.35669999999999996
2677.png,5,0.30929999999999996
2678.png,5,0.31279999999999997
2679.png,5,0.31279999999999997
2680.png,5,0.22549999999999998
2681.png,5,0.22999999999999998
2682.png,5,0.133
2683.png,5,0.138
2684.png,5,0.138
2685.png,5,0.0334
2686.png,5,0.04
2687.png,13,-0.0433
2688.png,13,-0.0378
2689.png,13,-0.0378
2690.png,5,-0.1866
2691.png,5,-0.18
2692.png,5,-0.18
2693.png,5,-0.2917
2694.png,5,-0.2852
2695.png,5,-0.2852
2696.png,5,-0.3433
2697.png,5,-0.3393
2698.png,5,-0.3393
2699.png,5,-0.3393
2700.png,5,-0.3393
2701.png,5,-0.29329999999999995
2702.png,5,-0.29579999999999995
2703.png,5,-0.29579999999999995
2704.png,5,-0.22679999999999997
2705.png,5,-0.23054999999999998
2706.png,5,-0.14314999999999997
2707.png,5,-0.14789999999999998
2708.png,5,-0.14789999999999998
2709.png,5,-0.0594
2710.png,5,-0.0644
2711.png,5,0.0326
2712.png,5,0.0276
2713.png,5,0.0276
2714.png,5,0.12539999999999998
2715.png,5,0.12
2716.png,5,0.12
2717.png,13,0.11200000000000002
2718.png,13,0.10800000000000001
2719.png,5,0.253
2720.png,5,0.25
2721.png,5,0.25
2722.png,5,0.3242
2723.png,5,0.32
2724.png,5,0.32
2725.png,5,0.36119999999999997
2726.png,5,0.35669999999999996
2727.png,5,0.31989999999999996
2728.png,5,0.32189999999999996
2729.png,5,0.32189999999999996
2730.png,5,0.2575
2731.png,5,0.261
2732.png,5,0.18384999999999999
2733.png,5,0.1886
2734.png,5,0.0884
2735.png,5,0.095
2736.png,5,0.095
2737.png,5,-0.0269
2738.png,5,-0.02
2739.png,13,-0.0698
2740.png,13,-0.0648
2741.png,5,-0.2101
2742.png,5,-0.20500000000000002
2743.png,5,-0.20500000000000002
2744.png,5,-0.28075
2745.png,5,-0.276
2746.png,5,-0.3438
2747.png,5,-0.3393
2748.png,5,-0.3393
2749.png,5,-0.3393
2750.png,5,-0.3393
2751.png,5,-0.3393
2752.png,5,-0.3025
2753.png,5,-0.3045
2754.png,5,-0.24009999999999998
2755.png,5,-0.24359999999999998
2756.png,5,-0.24359999999999998
2757.png,5,-0.15619999999999998
2758.png,5,-0.16094999999999998
2759.png,5,-0.16094999999999998
2760.png,5,-0.07319999999999999
2761.png,5,-0.07819999999999999
2762.png,5,0.02365
2763.png,5,0.0184
2764.png,5,0.0184
2765.png,5,0.1154
2766.png,5,0.11
2767.png,5,0.1842
2768.png,5,0.18
2769.png,5,0.233
2770.png,5,0.23
2771.png,5,0.23
2772.png,5,0.26180000000000003
2773.png,5,0.26
2774.png,5,0.2494
2775.png,5,0.25
2776.png,5,0.2182
2777.png,5,0.22
2778.png,5,0.22
2779.png,5,0.167
2780.png,5,0.17
2781.png,5,0.1011
2782.png,5,0.105
2783.png,5,0.105
2784.png,5,0.030800000000000004
2785.png,5,0.035
2786.png,13,-0.01945
2787.png,13,-0.0162
2788.png,5,-0.0936
2789.png,5,-0.09
2790.png,5,-0.09
2791.png,5,-0.1536
2792.png,5,-0.15
2793.png,5,-0.15
2794.png,5,-0.19135
2795.png,5,-0.1886
2796.png,5,-0.1886
2797.png,5,-0.19344999999999998
2798.png,5,-0.19319999999999998
2799.png,5,-0.19319999999999998
2800.png,5,-0.17865
2801.png,5,-0.1794
2802.png,5,-0.1794
2803.png,5,-0.1891
2804.png,5,-0.1886
2805.png,5,-0.1886
2806.png,5,-0.1886
2807.png,5,-0.1886
2808.png,5,-0.1498
2809.png,5,-0.0839
2810.png,5,-0.0874
2811.png,5,0.014450000000000001
2812.png,5,0.0092
2813.png,5,0.15309999999999999
2814.png,5,0.145
2815.png,5,0.145
2816.png,13,0.15205000000000002
2817.png,5,0.4078
2818.png,5,0.4
2819.png,5,0.5219
2820.png,5,0.515
2821.png,5,0.515
2822.png,5,0.5708
2823.png,5,0.5658
2824.png,5,0.57185
2825.png,5,0.56985
2826.png,5,0.58365
2827.png,5,0.5829
2828.png,5,0.5737
2829.png,5,0.5741999999999999
2830.png,5,0.5419999999999999
2831.png,5,0.54375
2832.png,5,0.49774999999999997
2833.png,5,0.50025
2834.png,5,0.43124999999999997
2835.png,5,0.43499999999999994
2836.png,5,0.35219999999999996
2837.png,5,0.35669999999999996
2838.png,5,0.27535000000000004
2839.png,5,0.20429999999999998
2840.png,5,0.21
2841.png,5,0.1146
2842.png,5,0.12
2843.png,5,0.12
2844.png,13,0.02645
2845.png,13,0.0297
2846.png,5,0.023200000000000002
2847.png,5,0.025
2848.png,5,0.0144
2849.png,5,0.015
2850.png,5,0.1157
2851.png,5,0.11
2852.png,13,0.17740000000000003
2853.png,13,0.16740000000000002
2854.png,5,0.4319
2855.png,5,0.425
2856.png,5,0.5469
2857.png,5,0.54
2858.png,5,0.7393
2859.png,5,0.7268
2860.png,5,1.0276999999999998
2861.png,5,1.0091999999999999
2862.png,5,1.0735999999999999
2863.png,5,1.0700999999999998
2864.png,5,1.0793
2865.png,5,1.0788
2866.png,5,0.92825
2867.png,5,0.932
2868.png,5,0.78325
2869.png,5,0.792
2870.png,5,0.6497
2871.png,5,0.6612
2872.png,5,0.4818
2873.png,5,0.49155
2874.png,5,0.39954999999999996
2875.png,5,0.40454999999999997
2876.png,5,0.38155
2877.png,5,0.3828
2878.png,5,0.4012
2879.png,5,0.4002
2880.png,5,0.4462
2881.png,5,0.4437
2882.png,5,0.5127
2883.png,5,0.50895
2884.png,5,0.60095
2885.png,5,0.59595
2886.png,5,0.70175
2887.png,5,0.696
2888.png,9,0.4676
2889.png,9,0.4606
2890.png,5,0.87525
2891.png,5,0.868
2892.png,5,0.9954999999999999
2893.png,5,0.988
2894.png,5,1.20475
2895.png,5,1.192
2896.png,5,1.3535
2897.png,5,1.3387499999999999
2898.png,5,1.4627499999999998
2899.png,5,1.4549999999999998
2900.png,5,1.543
2901.png,5,1.5374999999999999
2902.png,5,1.5815
2903.png,5,1.5787499999999999
2904.png,5,1.5547499999999999
2905.png,5,1.55625
2906.png,5,1.43225
2907.png,5,1.44
2908.png,5,1.22
2909.png,5,1.23375
2910.png,5,0.88525
2911.png,5,0.903
2912.png,5,0.603
2913.png,5,0.623
2914.png,5,0.34349999999999997
2915.png,5,0.36374999999999996
2916.png,5,0.06075
2917.png,5,0.08
2918.png,5,-0.2005
2919.png,5,-0.184
2920.png,5,-0.4897
2921.png,5,-0.47500000000000003
2922.png,5,-0.6116
2923.png,5,-0.6026
2924.png,5,-0.67565
2925.png,5,-0.6698999999999999
2926.png,5,-0.7067
2927.png,5,-0.7047
2928.png,5,-0.6862999999999999
2929.png,5,-0.6872999999999999
2930.png,5,-0.6229
2931.png,5,-0.6264
2932.png,5,-0.5252
2933.png,5,-0.5307
2934.png,5,-0.4065
2935.png,5,-0.41324999999999995
2936.png,5,-0.27065
2937.png,5,-0.2784
2938.png,5,-0.1392
2939.png,5,-0.1472
2940.png,5,-0.011600000000000001
2941.png,5,-0.02
2942.png,13,0.06295
2943.png,13,0.0567
2944.png,5,0.2004
2945.png,5,0.195
2946.png,5,0.23274999999999998
2947.png,5,0.22999999999999998
2948.png,5,0.20829999999999999
2949.png,5,0.20879999999999999
2950.png,5,0.1628
2951.png,5,0.1653
2952.png,5,0.0963
2953.png,5,0.10005
2954.png,5,0.008799999999999999
2955.png,5,0.0138
2956.png,5,-0.0832
2957.png,5,-0.07819999999999999
2958.png,5,-0.191
2959.png,5,-0.185
2960.png,5,-0.2857
2961.png,5,-0.28
2962.png,5,-0.3595
2963.png,5,-0.355
2964.png,5,-0.4027
2965.png,5,-0.4
2966.png,5,-0.42119999999999996
2967.png,5,-0.42
2968.png,5,-0.4041
2969.png,5,-0.405
2970.png,5,-0.3626
2971.png,5,-0.365
2972.png,5,-0.3014
2973.png,5,-0.305
2974.png,5,-0.2308
2975.png,5,-0.23500000000000001
2976.png,5,-0.1555
2977.png,5,-0.16
2978.png,13,-0.0451
2979.png,13,-0.048600000000000004
2980.png,5,-0.0264
2981.png,5,-0.03
2982.png,5,-0.03
2983.png,5,-0.03
2984.png,5,-0.1042
2985.png,5,-0.1
2986.png,5,-0.1212
2987.png,5,-0.12
2988.png,5,-0.1306
2989.png,5,-0.13
2990.png,5,-0.1406
2991.png,5,-0.14
2992.png,5,-0.14529999999999998
2993.png,5,-0.145
2994.png,5,-0.145
2995.png,5,-0.145
2996.png,5,-0.1556
2997.png,5,-0.155
2998.png,5,-0.155
2999.png,5,-0.155
3000.png,5,-0.1603
3001.png,5,-0.16
3002.png,5,-0.16
3003.png,5,-0.16
3004.png,5,-0.16
3005.png,5,-0.16
3006.png,5,-0.1547
3007.png,5,-0.155
3008.png,5,-0.155
3009.png,5,-0.155
3010.png,5,-0.155
3011.png,5,-0.155
3012.png,5,-0.1497
3013.png,5,-0.15
3014.png,5,-0.15
3015.png,5,-0.15
3016.png,5,-0.1553
3017.png,5,-0.155
3018.png,5,-0.1656
3019.png,5,-0.165
3020.png,5,-0.1809
3021.png,5,-0.18
3022.png,13,-0.10900000000000001
3023.png,13,-0.10800000000000001
3024.png,13,-0.12275000000000001
3025.png,13,-0.12150000000000001
3026.png,5,-0.35750000000000004
3027.png,5,-0.35000000000000003
3028.png,5,-0.5529
3029.png,5,-0.5394
3030.png,5,-0.7464
3031.png,5,-0.73515
3032.png,5,-0.80875
3033.png,5,-0.80475
3034.png,5,-0.8037500000000001
3035.png,5,-0.8
3036.png,9,-0.5224
3037.png,9,-0.5194
3038.png,9,-0.5571999999999999
3039.png,9,-0.5537
3040.png,5,-1.0145
3041.png,5,-1.008
3042.png,5,-1.097
3043.png,5,-1.0875
3044.png,5,-1.1715
3045.png,5,-1.16625
3046.png,5,-1.1822499999999998
3047.png,5,-1.18125
3048.png,5,-1.16925
3049.png,5,-1.17
3050.png,5,-1.126
3051.png,5,-1.12875
3052.png,5,-0.9710000000000001
3053.png,5,-0.9765
3054.png,5,-0.8340000000000001
3055.png,5,-0.8435
3056.png,5,-0.6485
3057.png,5,-0.6615
3058.png,5,-0.44475
3059.png,5,-0.46125
3060.png,5,-0.18124999999999997
3061.png,5,-0.19874999999999998
3062.png,5,0.09825
3063.png,5,0.08
3064.png,5,0.39519999999999994
3065.png,5,0.37844999999999995
3066.png,5,0.7424
3067.png,5,0.725
3068.png,5,0.861
3069.png,5,0.851
3070.png,5,0.8875499999999998
3071.png,5,0.8830499999999999
3072.png,5,0.8646499999999999
3073.png,5,0.8656499999999999
3074.png,5,0.77365
3075.png,5,0.77865
3076.png,5,0.57575
3077.png,5,0.584
3078.png,5,0.44189999999999996
3079.png,5,0.45239999999999997
3080.png,5,0.25
3081.png,5,0.261
3082.png,5,0.082
3083.png,5,0.092
3084.png,5,-0.0696
3085.png,5,-0.06
3086.png,5,-0.1925
3087.png,5,-0.185
3088.png,5,-0.29629999999999995
3089.png,5,-0.29
3090.png,5,-0.33049999999999996
3091.png,5,-0.32625
3092.png,5,-0.39524999999999993
3093.png,5,-0.39149999999999996
3094.png,5,-0.4467
3095.png,5,-0.4437
3096.png,5,-0.4437
3097.png,5,-0.442
3098.png,5,-0.44
3099.png,5,-0.44
3100.png,5,-0.457
3101.png,5,-0.456
3102.png,5,-0.456
3103.png,5,-0.45175000000000004
3104.png,5,-0.42225
3105.png,5,-0.424
3106.png,5,-0.424
3107.png,5,-0.356
3108.png,5,-0.36
3109.png,5,-0.2665
3110.png,5,-0.272
3111.png,5,-0.272
3112.png,5,-0.16575
3113.png,5,-0.17200000000000001
3114.png,5,-0.06284999999999999
3115.png,5,-0.0696
3116.png,5,0.059199999999999996
3117.png,5,0.052199999999999996
3118.png,5,0.1716
3119.png,5,0.1656
3120.png,5,0.28600000000000003
3121.png,5,0.28
3122.png,5,0.28
3123.png,13,0.1925
3124.png,13,0.189
3125.png,5,0.3712
3126.png,5,0.37
3127.png,5,0.3594
3128.png,5,0.36
3129.png,5,0.3797
3130.png,5,0.3772
3131.png,5,0.4211
3132.png,5,0.41759999999999997
3133.png,5,0.3348
3134.png,5,0.3393
3135.png,5,0.2424
3136.png,5,0.2484
3137.png,5,0.2484
3138.png,5,0.111
3139.png,5,0.12
3140.png,13,-0.0178
3141.png,13,-0.0108
3142.png,5,-0.1684
3143.png,5,-0.16
3144.png,5,-0.26844999999999997
3145.png,5,-0.2622
3146.png,5,-0.2622
3147.png,5,-0.36755
3148.png,5,-0.36105
3149.png,5,-0.36105
3150.png,5,-0.434
3151.png,5,-0.428
3152.png,5,-0.46625
3153.png,5,-0.464
3154.png,5,-0.464
3155.png,5,-0.47250000000000003
3156.png,5,-0.47200000000000003
3157.png,5,-0.4635
3158.png,5,-0.41300000000000003
3159.png,5,-0.41600000000000004
3160.png,5,-0.41600000000000004
3161.png,5,-0.3395
3162.png,5,-0.34400000000000003
3163.png,5,-0.23349999999999999
3164.png,5,-0.24
3165.png,5,-0.11249999999999999
3166.png,5,-0.12
3167.png,5,0.0259
3168.png,5,0.0174
3169.png,5,0.193
3170.png,5,0.184
3171.png,5,0.3802
3172.png,5,0.37
3173.png,5,0.5184
3174.png,5,0.51
3175.png,5,0.5759
3176.png,5,0.5704
3177.png,5,0.5853999999999999
3178.png,5,0.5645
3179.png,5,0.5655
3180.png,5,0.5655
3181.png,5,0.49189999999999995
3182.png,5,0.49589999999999995
3183.png,5,0.38549999999999995
3184.png,5,0.39149999999999996
3185.png,5,0.2491
3186.png,5,0.2576
3187.png,5,0.0786
3188.png,5,0.09
3189.png,13,-0.06055000000000001
3190.png,13,-0.051300000000000005
3191.png,5,-0.2593
3192.png,5,-0.25
3193.png,5,-0.3561
3194.png,5,-0.3496
3195.png,5,-0.4594
3196.png,5,-0.45239999999999997
3197.png,5,-0.552
3198.png,5,-0.544
3199.png,5,-0.595
3200.png,5,-0.592
3201.png,5,-0.626
3202.png,5,-0.624
3203.png,5,-0.641
3204.png,5,-0.6145
3205.png,5,-0.616
3206.png,5,-0.5650000000000001
3207.png,5,-0.5680000000000001
3208.png,5,-0.46175000000000005
3209.png,5,-0.468
3210.png,5,-0.468
3211.png,5,-0.32775000000000004
3212.png,5,-0.336
3213.png,5,-0.16599999999999998
3214.png,5,-0.176
3215.png,5,0.006750000000000001
3216.png,5,-0.004
3217.png,5,0.21185
3218.png,5,0.4738
3219.png,5,0.46
3220.png,5,0.6667000000000001
3221.png,5,0.655
3222.png,5,0.655
3223.png,5,0.68485
3224.png,5,0.6786
3225.png,5,0.6786
3226.png,5,0.6786
3227.png,5,0.6142
3228.png,5,0.6176999999999999
3229.png,5,0.5073
3230.png,5,0.5133
3231.png,5,0.35689999999999994
3232.png,5,0.36539999999999995
3233.png,5,0.1924
3234.png,5,0.2024
3235.png,5,-0.007899999999999997
3236.png,5,0.005
3237.png,5,-0.18580000000000002
3238.png,5,-0.17500000000000002
3239.png,5,-0.30165
3240.png,5,-0.2944
3241.png,5,-0.3796
3242.png,5,-0.3741
3243.png,5,-0.46609999999999996
3244.png,5,-0.46109999999999995
3245.png,5,-0.5347
3246.png,5,-0.5307
3247.png,5,-0.5475
3248.png,5,-0.544
3249.png,5,-0.5864999999999999
3250.png,5,-0.584
3251.png,5,-0.6094999999999999
3252.png,5,-0.608
3253.png,5,-0.608
3254.png,5,-0.608
3255.png,5,-0.5740000000000001
3256.png,5,-0.5760000000000001
3257.png,5,-0.508
3258.png,5,-0.512
3259.png,5,-0.393
3260.png,5,-0.4
3261.png,5,-0.25125000000000003
3262.png,5,-0.26
3263.png,5,-0.09425000000000001
3264.png,5,-0.10400000000000001
3265.png,5,0.0617
3266.png,5,0.052199999999999996
3267.png,5,0.22010000000000002
3268.png,5,0.2116
3269.png,5,0.3837
3270.png,5,0.375
3271.png,5,0.48100000000000004
3272.png,5,0.47500000000000003
3273.png,5,0.5227
3274.png,5,0.52
3275.png,5,0.4687
3276.png,5,0.4692
3277.png,5,0.4013
3278.png,5,0.4048
3279.png,5,0.30779999999999996
3280.png,5,0.31279999999999997
3281.png,5,0.2128
3282.png,5,0.22
3283.png,5,0.0822
3284.png,5,0.09
3285.png,5,-0.0478
3286.png,5,-0.04
3287.png,5,-0.1566
3288.png,5,-0.15
3289.png,5,-0.22045
3290.png,5,-0.2162
3291.png,5,-0.25504999999999994
3292.png,5,-0.25229999999999997
3293.png,5,-0.2845
3294.png,5,-0.28275
3295.png,5,-0.2965499999999999
3296.png,5,-0.29579999999999995
3297.png,5,-0.28659999999999997
3298.png,5,-0.28709999999999997
3299.png,5,-0.23
3300.png,5,-0.232
3301.png,5,-0.19249999999999998
3302.png,5,-0.19574999999999998
3303.png,5,-0.12675
3304.png,5,-0.1305
3305.png,5,-0.05689999999999999
3306.png,5,-0.060899999999999996
3307.png,5,0.0219
3308.png,5,0.0174
3309.png,5,0.0863
3310.png,5,0.0828
3311.png,5,0.1536
3312.png,5,0.15
3313.png,5,0.19770000000000001
3314.png,5,0.195
3315.png,5,0.2162
3316.png,5,0.215
3317.png,13,0.11315
3318.png,13,0.1134
3319.png,13,0.10750000000000001
3320.png,13,0.10800000000000001
3321.png,5,0.36429999999999996
3322.png,5,0.355
3323.png,5,1.0056
3324.png,5,0.9706
3325.png,5,1.6584499999999998
3326.png,5,1.6181999999999999
3327.png,5,1.73025
3328.png,5,1.716
3329.png,5,1.8775000000000002
3330.png,5,1.868
3331.png,5,1.6542499999999998
3332.png,5,1.6444999999999999
3333.png,5,1.8195
3334.png,5,1.807
3335.png,5,1.9015
3336.png,5,1.89475
3337.png,5,1.97875
3338.png,5,1.97275
3339.png,5,2.01825
3340.png,5,2.015
3341.png,5,2.0044999999999997
3342.png,5,2.0052499999999998
3343.png,5,1.94225
3344.png,5,1.94675
3345.png,5,1.85225
3346.png,5,1.859
3347.png,5,1.67
3348.png,5,1.6835
3349.png,5,1.4175
3350.png,5,1.4364999999999999
3351.png,5,1.23575
3352.png,5,1.2565
3353.png,5,0.9415
3354.png,5,0.9625
3355.png,5,0.9625
3356.png,5,0.655
3357.png,5,0.6755
3358.png,5,0.6755
3359.png,5,0.41575
3360.png,5,0.17925000000000002
3361.png,5,0.196
3362.png,5,0.196
3363.png,5,0.01075
3364.png,5,0.02175
3365.png,5,0.02175
3366.png,5,-0.0916
3367.png,13,-0.07540000000000001
3368.png,13,-0.0729
3369.png,13,-0.0729
3370.png,13,-0.0729
3371.png,5,-0.01265
3372.png,5,-0.0184
3373.png,5,0.6107
3374.png,5,0.5750000000000001
3375.png,5,1.2759
3376.png,5,1.2374
3377.png,5,1.50135
3378.png,5,1.48335
3379.png,5,1.48335
3380.png,5,1.3787500000000001
3381.png,5,1.3725
3382.png,5,1.3725
3383.png,5,1.3044999999999998
3384.png,5,1.3087499999999999
3385.png,5,1.3087499999999999
3386.png,5,1.14475
3387.png,5,1.155
3388.png,5,1.155
3389.png,5,0.9390000000000001
3390.png,5,0.9525
3391.png,9,0.4468
3392.png,9,0.46304999999999996
3393.png,5,0.45425000000000004
3394.png,5,0.47200000000000003
3395.png,5,0.15325000000000003
3396.png,5,0.17200000000000001
3397.png,5,0.17200000000000001
3398.png,5,-0.1611
3399.png,5,-0.1426
3400.png,5,-0.1426
3401.png,5,-0.46240000000000003
3402.png,5,-0.445
3403.png,5,-0.58955
3404.png,5,-0.57855
3405.png,5,-0.57855
3406.png,5,-0.7349499999999999
3407.png,5,-0.7264499999999999
3408.png,5,-0.7264499999999999
3409.png,5,-0.77
3410.png,5,-0.8150000000000001
3411.png,5,-0.812
3412.png,5,-0.812
3413.png,9,-0.49195
3414.png,9,-0.49245
3415.png,9,-0.49245
3416.png,5,-0.736
3417.png,5,-0.74
3418.png,5,-0.74
3419.png,5,-0.638
3420.png,5,-0.644
3421.png,5,-0.644
3422.png,5,-0.51225
3423.png,5,-0.52
3424.png,5,-0.34575
3425.png,5,-0.356
3426.png,5,-0.1435
3427.png,5,-0.156
3428.png,5,0.082
3429.png,5,0.068
3430.png,5,0.3595
3431.png,5,0.345
3432.png,5,0.345
3433.png,5,0.6559
3434.png,5,0.64
3435.png,5,0.64
3436.png,5,0.7730999999999999
3437.png,5,0.7773
3438.png,5,0.7743
3439.png,5,0.7743
3440.png,5,0.7513
3441.png,5,0.7525499999999999
3442.png,5,0.6789499999999999
3443.png,5,0.68295
3444.png,5,0.5403499999999999
3445.png,5,0.5480999999999999
3446.png,5,0.3641
3447.png,5,0.3741
3448.png,5,0.14409999999999998
3449.png,5,0.1566
3450.png,5,-0.10619999999999999
3451.png,5,-0.09
3452.png,5,-0.3762
3453.png,5,-0.36
3454.png,5,-0.5386
3455.png,5,-0.52635
3456.png,5,-0.71495
3457.png,5,-0.7047
3458.png,5,-0.767
3459.png,5,-0.76
3460.png,5,-0.81525
3461.png,5,-0.812
3462.png,9,-0.49195
3463.png,9,-0.49245
3464.png,5,-0.73175
3465.png,5,-0.736
3466.png,5,-0.6
3467.png,5,-0.608
3468.png,5,-0.42525
3469.png,5,-0.436
3470.png,5,-0.22774999999999998
3471.png,5,-0.24
3472.png,5,-0.002
3473.png,5,-0.016
3474.png,5,0.254
3475.png,5,0.23925
3476.png,5,0.5506
3477.png,5,0.535
3478.png,5,0.7346999999999999
3479.png,5,0.7222
3480.png,5,0.8485499999999999
3481.png,5,0.8395499999999999
3482.png,5,0.9223499999999999
3483.png,5,0.9178499999999999
3484.png,5,0.83975
3485.png,5,0.84
3486.png,5,0.7635000000000001
3487.png,5,0.768
3488.png,5,0.615
3489.png,5,0.624
3490.png,5,0.42
3491.png,5,0.20299999999999996
3492.png,5,0.21749999999999997
3493.png,5,0.21749999999999997
3494.png,5,-0.06584999999999999
3495.png,5,-0.0506
3496.png,5,-0.5002
3497.png,5,-0.47500000000000003
3498.png,5,-0.83955
3499.png,5,-0.8188
3500.png,9,-0.6818000000000001
3501.png,9,-0.65905
3502.png,5,-1.43725
3503.png,5,-1.416
3504.png,5,-1.7305
3505.png,5,-1.712
3506.png,5,-1.748
3507.png,5,-1.7225
3508.png,5,-1.964
3509.png,5,-1.94675
3510.png,5,-1.98175
3511.png,5,-1.97925
3512.png,5,-1.96525
3513.png,5,-1.9662499999999998
3514.png,5,-1.9067499999999997
3515.png,5,-1.9109999999999998
3516.png,5,-1.7954999999999999
3517.png,5,-1.80375
3518.png,5,-1.5412499999999998
3519.png,5,-1.5599999999999998
3520.png,5,-1.3425
3521.png,5,-1.365
3522.png,5,-0.9750000000000001
3523.png,5,-1.0010000000000001
3524.png,5,-0.581
3525.png,5,-0.609
3526.png,5,-0.1885
3527.png,5,-0.2175
3528.png,5,0.25675000000000003
3529.png,5,0.228
3530.png,5,0.8256
3531.png,5,0.795
3532.png,9,0.61095
3533.png,9,0.59045
3534.png,5,1.1977499999999999
3535.png,5,1.184
3536.png,5,1.174
3537.png,5,1.17
3538.png,5,1.126
3539.png,5,1.12875
3540.png,5,0.9035
3541.png,5,0.9135
3542.png,5,0.5985
3543.png,5,0.6195
3544.png,5,0.23174999999999998
3545.png,5,0.25875
3546.png,5,-0.26125
3547.png,5,-0.22874999999999998
3548.png,5,-0.92775
3549.png,5,-0.8917499999999999
3550.png,5,-1.8359
3551.png,5,-1.79
3552.png,5,-2.05675
3553.png,5,-2.02
3554.png,5,-1.94225
3555.png,5,-1.92075
3556.png,5,-2.03625
3557.png,5,-2.028
3558.png,5,-2.042
3559.png,5,-2.041
3560.png,5,-2.0094999999999996
3561.png,5,-2.0117499999999997
3562.png,5,-1.9557499999999999
3563.png,5,-1.9597499999999999
3564.png,5,-1.86175
3565.png,5,-1.86875
3566.png,5,-1.6622499999999998
3567.png,5,-1.6769999999999998
3568.png,5,-1.4005
3569.png,5,-1.42025
3570.png,5,-1.252
3571.png,5,-1.2705
3572.png,5,-1.1055000000000001
3573.png,5,-1.1165
3574.png,5,-1.04525
3575.png,5,-1.05
3576.png,5,-1.105
3577.png,5,-1.10625
3578.png,5,-1.11425
3579.png,5,-1.11375
3580.png,5,-1.11775
3581.png,5,-1.1175
3582.png,5,-1.1055
3583.png,5,-1.10625
3584.png,5,-1.0582500000000001
3585.png,5,-1.06125
3586.png,5,-0.9732500000000001
3587.png,5,-0.97875
3588.png,5,-0.84675
3589.png,5,-0.855
3590.png,5,-0.711
3591.png,5,-0.72
3592.png,5,-0.576
3593.png,5,-0.585
3594.png,5,-0.4795
3595.png,5,-0.488
3596.png,5,-0.369
3597.png,5,-0.376
3598.png,5,-0.28675
3599.png,5,-0.292
3600.png,5,-0.24394999999999997
3601.png,5,-0.24794999999999998
3602.png,5,-0.15594999999999998
3603.png,5,-0.16094999999999998
3604.png,5,-0.07815
3605.png,5,-0.08265
3606.png,5,0.014450000000000001
3607.png,5,0.0092
3608.png,5,0.11069999999999999
3609.png,5,0.105
3610.png,5,0.17920000000000003
3611.png,5,0.17500000000000002
3612.png,13,0.12990000000000002
3613.png,13,0.1269
3614.png,5,0.2562
3615.png,5,0.255
3616.png,5,0.3186
3617.png,5,0.315
3618.png,5,0.33845
3619.png,5,0.33494999999999997
3620.png,5,0.30569999999999997
3621.png,5,0.3082
3622.png,5,0.2306
3623.png,5,0.2346
3624.png,5,0.13275
3625.png,5,0.138
3626.png,5,0.028100000000000003
3627.png,5,0.035
3628.png,13,-0.046
3629.png,13,-0.0405
3630.png,5,-0.18100000000000002
3631.png,5,-0.17500000000000002
3632.png,5,-0.258
3633.png,5,-0.253
3634.png,5,-0.253
3635.png,5,-0.32205
3636.png,5,-0.31755
3637.png,5,-0.31755
3638.png,5,-0.32675
3639.png,5,-0.32625
3640.png,5,-0.30325
3641.png,5,-0.3045
3642.png,5,-0.2539
3643.png,5,-0.25665
3644.png,5,-0.18305
3645.png,5,-0.18705
3646.png,5,-0.18705
3647.png,5,-0.09505
3648.png,5,-0.10005
3649.png,5,-0.0185
3650.png,5,-0.023
3651.png,5,0.0704
3652.png,5,0.065
3653.png,5,0.065
3654.png,5,0.1498
3655.png,5,0.145
3656.png,13,0.11370000000000001
3657.png,13,0.1107
3658.png,13,0.1107
3659.png,5,0.2368
3660.png,5,0.23500000000000001
3661.png,5,0.3092
3662.png,5,0.305
3663.png,5,0.305
3664.png,5,0.3582
3665.png,5,0.3542
3666.png,5,0.30569999999999997
3667.png,5,0.3082
3668.png,5,0.24029999999999999
3669.png,5,0.2438
3670.png,5,0.2438
3671.png,5,0.1371
3672.png,5,0.1426
3673.png,5,0.1426
3674.png,5,0.0384
3675.png,5,0.045
3676.png,13,-0.0406
3677.png,13,-0.0351
3678.png,13,-0.0351
3679.png,5,-0.16570000000000001
3680.png,5,-0.16
3681.png,5,-0.16
3682.png,5,-0.24905
3683.png,5,-0.2438
3684.png,5,-0.31334999999999996
3685.png,5,-0.30884999999999996
3686.png,5,-0.30884999999999996
3687.png,5,-0.31805
3688.png,5,-0.31755
3689.png,5,-0.29914999999999997
3690.png,5,-0.30015
3691.png,5,-0.30015
3692.png,5,-0.24494999999999997
3693.png,5,-0.24794999999999998
3694.png,5,-0.18355
3695.png,5,-0.18705
3696.png,5,-0.18705
3697.png,5,-0.10424999999999998
3698.png,5,-0.10874999999999999
3699.png,5,-0.0277
3700.png,5,-0.0322
3701.png,5,0.05025
3702.png,5,0.046
3703.png,5,0.046
3704.png,5,0.1295
3705.png,5,0.125
3706.png,5,0.1886
3707.png,5,0.185
3708.png,5,0.22740000000000002
3709.png,5,0.225
3710.png,5,0.225
3711.png,5,0.2356
3712.png,5,0.23500000000000001
3713.png,5,0.23500000000000001
3714.png,5,0.2191
3715.png,5,0.22
3716.png,5,0.1829
3717.png,5,0.185
3718.png,5,0.132
3719.png,5,0.135
3720.png,5,0.135
3721.png,5,0.0608
3722.png,5,0.065
3723.png,13,-0.0002999999999999999
3724.png,13,0.0027
3725.png,5,-0.0586
3726.png,5,-0.055
3727.png,5,-0.055
3728.png,5,-0.108
3729.png,5,-0.105
3730.png,5,-0.158
3731.png,5,-0.155
3732.png,5,-0.155
3733.png,5,-0.1523
3734.png,5,-0.1518
3735.png,5,-0.1518
3736.png,5,-0.1518
3737.png,5,-0.1518
3738.png,5,-0.1324
3739.png,5,-0.1334
3740.png,5,-0.1043
3741.png,5,-0.1058
3742.png,5,-0.067
3743.png,5,-0.069
3744.png,5,-0.069
3745.png,5,-0.032600000000000004
3746.png,5,-0.035
3747.png,5,0.0127
3748.png,5,0.01
3749.png,5,0.0524
3750.png,5,0.05
3751.png,5,0.05
3752.png,5,0.0818
3753.png,5,0.08
3754.png,5,0.10120000000000001
3755.png,5,0.1
3756.png,5,0.1
3757.png,13,0.05695
3758.png,13,0.0567
3759.png,13,0.0567
3760.png,13,0.0567
3761.png,13,0.0567
3762.png,13,0.0685
3763.png,13,0.0675
3764.png,5,0.1833
3765.png,5,0.18
3766.png,5,0.18
3767.png,5,0.2277
3768.png,5,0.225
3769.png,5,0.21185
3770.png,5,0.2116
3771.png,5,0.16110000000000002
3772.png,5,0.165
3773.png,5,0.08020000000000001
3774.png,5,0.085
3775.png,5,0.085
3776.png,5,-0.0157
3777.png,5,-0.01
3778.png,5,-0.1001
3779.png,5,-0.095
3780.png,5,-0.095
3781.png,5,-0.17450000000000002
3782.png,5,-0.17
3783.png,5,-0.17
3784.png,5,-0.2049
3785.png,5,-0.2024
3786.png,5,-0.22665
3787.png,5,-0.2254
3788.png,5,-0.22055
3789.png,5,-0.2208
3790.png,5,-0.2208
3791.png,5,-0.1858
3792.png,5,-0.18705
3793.png,5,-0.18705
3794.png,5,-0.159
3795.png,5,-0.161
3796.png,5,-0.11249999999999999
3797.png,5,-0.11499999999999999
3798.png,5,-0.056799999999999996
3799.png,5,-0.0598
3800.png,5,-0.0014000000000000002
3801.png,5,-0.005
3802.png,5,-0.005
3803.png,5,0.0586
3804.png,5,0.055
3805.png,5,0.1027
3806.png,5,0.1
3807.png,5,0.1371
3808.png,5,0.135
3809.png,5,0.135
3810.png,13,0.08470000000000001
3811.png,13,0.08370000000000001
3812.png,13,0.08370000000000001
3813.png,13,0.08370000000000001
3814.png,5,0.17620000000000002
3815.png,5,0.17500000000000002
3816.png,5,0.17500000000000002
3817.png,5,0.2492
3818.png,5,0.245
3819.png,5,0.24965
3820.png,5,0.2484
3821.png,5,0.2484
3822.png,5,0.19505
3823.png,5,0.1978
3824.png,5,0.1978
3825.png,5,0.12490000000000001
3826.png,5,0.13
3827.png,5,0.029300000000000003
3828.png,5,0.035
3829.png,13,-0.0342
3830.png,13,-0.0297
3831.png,5,-0.1451
3832.png,5,-0.14
3833.png,5,-0.14
3834.png,5,-0.21125
3835.png,5,-0.207
3836.png,5,-0.26475
3837.png,5,-0.261
3838.png,5,-0.261
3839.png,5,-0.2702
3840.png,5,-0.2697
3841.png,5,-0.2559
3842.png,5,-0.25665
3843.png,5,-0.25665
3844.png,5,-0.21064999999999998
3845.png,5,-0.21314999999999998
3846.png,5,-0.15794999999999998
3847.png,5,-0.16094999999999998
3848.png,5,-0.16094999999999998
3849.png,5,-0.09745
3850.png,5,-0.1012
3851.png,5,-0.1012
3852.png,5,-0.0236
3853.png,5,-0.0276
3854.png,5,0.049499999999999995
3855.png,5,0.045
3856.png,5,0.1192
3857.png,5,0.115
3858.png,5,0.115
3859.png,5,0.168
3860.png,5,0.165
3861.png,13,0.1068
3862.png,13,0.1053
3863.png,13,0.1053
3864.png,5,0.2056
3865.png,5,0.20500000000000002
3866.png,5,0.2368
3867.png,5,0.23500000000000001
3868.png,5,0.23500000000000001
3869.png,5,0.25984999999999997
3870.png,5,0.2576
3871.png,5,0.2091
3872.png,5,0.2116
3873.png,5,0.1505
3874.png,5,0.155
3875.png,5,0.155
3876.png,5,0.06490000000000001
3877.png,5,0.07
3878.png,13,-0.015300000000000001
3879.png,13,-0.0108
3880.png,13,-0.0108
3881.png,5,-0.11009999999999999
3882.png,5,-0.105
3883.png,5,-0.1951
3884.png,5,-0.19
3885.png,5,-0.2427
3886.png,5,-0.2392
3887.png,5,-0.2392
3888.png,5,-0.24459999999999998
3889.png,5,-0.24359999999999998
3890.png,5,-0.22519999999999998
3891.png,5,-0.22619999999999998
3892.png,5,-0.19399999999999998
3893.png,5,-0.19574999999999998
3894.png,5,-0.14514999999999997
3895.png,5,-0.14789999999999998
3896.png,5,-0.14789999999999998
3897.png,5,-0.09334999999999999
3898.png,5,-0.09659999999999999
3899.png,5,-0.033549999999999996
3900.png,5,-0.0368
3901.png,5,-0.0368
3902.png,5,0.0342
3903.png,5,0.03
3904.png,5,0.03
3905.png,5,0.0936
3906.png,5,0.09
3907.png,5,0.13770000000000002
3908.png,5,0.135
3909.png,13,0.0906
3910.png,13,0.0891
3911.png,13,0.095
3912.png,13,0.0945
3913.png,5,0.21209999999999998
3914.png,5,0.21
3915.png,5,0.2805
3916.png,5,0.276
3917.png,5,0.3051
3918.png,5,0.3036
3919.png,5,0.22599999999999998
3920.png,5,0.22999999999999998
3921.png,5,0.06994999999999998
3922.png,5,0.07819999999999999
3923.png,5,-0.1217
3924.png,5,-0.11
3925.png,13,-0.18330000000000002
3926.png,13,-0.1728
3927.png,5,-0.48355
3928.png,5,-0.4738
3929.png,5,-0.72405
3930.png,5,-0.70905
3931.png,9,-0.61805
3932.png,9,-0.5978
3933.png,5,-1.0482500000000001
3934.png,5,-1.044
3935.png,5,-1.0587499999999999
3936.png,5,-1.05375
3937.png,5,-1.1337499999999998
3938.png,5,-1.12875
3939.png,5,-1.03675
3940.png,5,-1.0425
3941.png,5,-0.8945
3942.png,5,-0.9037499999999999
3943.png,5,-0.71175
3944.png,5,-0.72375
3945.png,5,-0.51175
3946.png,5,-0.525
3947.png,5,-0.32625000000000004
3948.png,5,-0.34
3949.png,5,-0.1275
3950.png,5,-0.14
3951.png,5,0.05935
3952.png,5,0.04785
3953.png,5,0.2564
3954.png,5,0.245
3955.png,5,0.3775
3956.png,5,0.37
3957.png,5,0.39375
3958.png,5,0.391
3959.png,5,0.35135
3960.png,5,0.35235
3961.png,5,0.27875
3962.png,5,0.28275
3963.png,5,0.16315
3964.png,5,0.16965
3965.png,5,0.0242
3966.png,5,0.0322
3967.png,5,-0.1611
3968.png,5,-0.15
3969.png,13,-0.18425000000000002
3970.png,13,-0.17550000000000002
3971.png,5,-0.5052
3972.png,5,-0.495
3973.png,5,-0.68365
3974.png,5,-0.6698999999999999
3975.png,5,-0.94325
3976.png,5,-0.924
3977.png,9,-0.60105
3978.png,9,-0.5978
3979.png,9,-0.587
3980.png,9,-0.588
3981.png,9,-0.5853
3982.png,9,-0.58555
3983.png,5,-1.0622500000000001
3984.png,5,-1.056
3985.png,5,-1.0739999999999998
3986.png,5,-1.0687499999999999
3987.png,5,-1.02075
3988.png,5,-1.02375
3989.png,5,-0.81575
3990.png,5,-0.82875
3991.png,5,-0.56075
3992.png,5,-0.5775
3993.png,5,-0.29725
3994.png,5,-0.316
3995.png,5,0.006999999999999999
3996.png,5,-0.012
3997.png,5,0.33540000000000003
3998.png,5,0.3174
3999.png,5,0.6842
4000.png,5,0.665
4001.png,5,0.7901499999999999
4002.png,5,0.77865
4003.png,5,0.8982499999999999
4004.png,5,0.8917499999999999
4005.png,5,0.8327500000000001
4006.png,5,0.8320000000000001
4007.png,5,0.8320000000000001
4008.png,5,0.7725000000000001
4009.png,5,0.776
4010.png,5,0.776
4011.png,5,0.6655000000000001
4012.png,5,0.672
4013.png,5,0.672
4014.png,5,0.52325
4015.png,5,0.532
4016.png,5,0.35775
4017.png,5,0.368
4018.png,5,0.1725
4019.png,5,0.184
4020.png,5,0.184
4021.png,5,-0.0069
4022.png,5,0.00435
4023.png,5,0.00435
4024.png,5,-0.1991
4025.png,5,-0.1886
4026.png,5,-0.1886
4027.png,5,-0.3905
4028.png,5,-0.38
4029.png,5,-0.38
4030.png,5,-0.5284
4031.png,5,-0.52
4032.png,5,-0.54145
4033.png,5,-0.5382
4034.png,5,-0.5382
4035.png,5,-0.51355
4036.png,5,-0.45809999999999995
4037.png,5,-0.46109999999999995
4038.png,5,-0.46109999999999995
4039.png,5,-0.37829999999999997
4040.png,5,-0.3828
4041.png,5,-0.2678
4042.png,5,-0.27404999999999996
4043.png,5,-0.14914999999999998
4044.png,5,-0.15639999999999998
4045.png,5,0.010199999999999999
4046.png,5,-0.0
4047.png,13,0.1003
4048.png,13,0.0918
4049.png,5,0.3502
4050.png,5,0.34
4051.png,5,0.4246
4052.png,5,0.41759999999999997
4053.png,5,0.5004
4054.png,5,0.49589999999999995
4055.png,5,0.5050999999999999
4056.png,5,0.5045999999999999
4057.png,5,0.42575
4058.png,5,0.428
4059.png,5,0.35575
4060.png,5,0.36
4061.png,5,0.258
4062.png,5,0.264
4063.png,5,0.17209999999999998
4064.png,5,0.17834999999999998
4065.png,5,0.05415
4066.png,5,0.060899999999999996
4067.png,5,-0.0617
4068.png,5,-0.0552
4069.png,5,-0.1766
4070.png,5,-0.17
4071.png,13,-0.15080000000000002
4072.png,13,-0.1458
4073.png,13,-0.1458
4074.png,5,-0.3336
4075.png,5,-0.33
4076.png,5,-0.33
4077.png,5,-0.39089999999999997
4078.png,5,-0.38639999999999997
4079.png,5,-0.38639999999999997
4080.png,5,-0.46659999999999996
4081.png,5,-0.46109999999999995
4082.png,5,-0.41509999999999997
4083.png,5,-0.41759999999999997
4084.png,5,-0.41759999999999997
4085.png,5,-0.3348
4086.png,5,-0.3393
4087.png,5,-0.3393
4088.png,5,-0.22429999999999997
4089.png,5,-0.23054999999999998
4090.png,5,-0.10799999999999998
4091.png,5,-0.11499999999999999
4092.png,5,0.0393
4093.png,5,0.03
4094.png,13,0.11650000000000002
4095.png,5,0.3392
4096.png,5,0.3312
4097.png,5,0.43279999999999996
4098.png,5,0.42629999999999996
4099.png,5,0.42629999999999996
4100.png,5,0.49989999999999996
4101.png,5,0.49589999999999995
4102.png,5,0.49589999999999995
4103.png,5,0.49589999999999995
4104.png,5,0.41350000000000003
4105.png,5,0.41600000000000004
4106.png,5,0.3395
4107.png,5,0.34400000000000003
4108.png,5,0.242
4109.png,5,0.248
4110.png,5,0.1593
4111.png,5,0.1653
4112.png,5,0.0457
4113.png,5,0.052199999999999996
4114.png,5,-0.0709
4115.png,5,-0.0644
4116.png,5,-0.19720000000000001
4117.png,5,-0.19
4118.png,13,-0.1557
4119.png,13,-0.1512
4120.png,5,-0.3436
4121.png,5,-0.34
4122.png,5,-0.4001
4123.png,5,-0.3956
4124.png,5,-0.46609999999999996
4125.png,5,-0.46109999999999995
4126.png,5,-0.41509999999999997
4127.png,5,-0.41759999999999997
4128.png,5,-0.41759999999999997
4129.png,5,-0.3348
4130.png,5,-0.3393
4131.png,5,-0.3393
4132.png,5,-0.21509999999999999
4133.png,5,-0.22185
4134.png,5,-0.09394999999999999
4135.png,5,-0.1012
4136.png,5,-0.1012
4137.png,5,0.0384
4138.png,5,0.03
4139.png,5,0.03
4140.png,13,0.09290000000000001
4141.png,13,0.0864
4142.png,5,0.2766
4143.png,5,0.27
4144.png,5,0.27
4145.png,5,0.3648
4146.png,5,0.3588
4147.png,5,0.44049999999999995
4148.png,5,0.43499999999999994
4149.png,5,0.43499999999999994
4150.png,5,0.43499999999999994
4151.png,5,0.37875000000000003
4152.png,5,0.38
4153.png,5,0.31625000000000003
4154.png,5,0.32
4155.png,5,0.2265
4156.png,5,0.232
4157.png,5,0.13269999999999998
4158.png,5,0.1392
4159.png,5,0.0017000000000000001
4160.png,5,0.0092
4161.png,5,-0.1596
4162.png,5,-0.15
4163.png,13,-0.1577
4164.png,13,-0.1512
4165.png,5,-0.3754
4166.png,5,-0.37
4167.png,5,-0.46649999999999997
4168.png,5,-0.45999999999999996
4169.png,5,-0.5638
4170.png,5,-0.5568
4171.png,5,-0.52
4172.png,5,-0.522
4173.png,5,-0.4254
4174.png,5,-0.43065
4175.png,5,-0.29264999999999997
4176.png,5,-0.30015
4177.png,5,-0.30015
4178.png,5,-0.14834999999999998
4179.png,5,-0.1566
4180.png,5,0.004150000000000001
4181.png,5,-0.0046
4182.png,5,-0.0046
4183.png,5,0.1699
4184.png,5,0.29779999999999995
4185.png,5,0.29
4186.png,5,0.3735
4187.png,5,0.368
4188.png,5,0.43079999999999996
4189.png,5,0.42629999999999996
4190.png,5,0.42629999999999996
4191.png,5,0.43549999999999994
4192.png,5,0.43499999999999994
4193.png,5,0.4074
4194.png,5,0.4089
4195.png,5,0.3445
4196.png,5,0.348
4197.png,5,0.256
4198.png,5,0.261
4199.png,5,0.15059999999999998
4200.png,5,0.1566
4201.png,5,0.0201
4202.png,5,0.0276
4203.png,5,-0.1184
4204.png,5,-0.11
4205.png,5,-0.2266
4206.png,5,-0.22
4207.png,5,-0.3048
4208.png,5,-0.3
4209.png,5,-0.3
4210.png,5,-0.35300000000000004
4211.png,5,-0.35000000000000003
4212.png,5,-0.322
4213.png,5,-0.322
4214.png,5,-0.322
4215.png,5,-0.28805000000000003
4216.png,5,-0.2898
4217.png,5,-0.2316
4218.png,5,-0.2346
4219.png,5,-0.16490000000000002
4220.png,5,-0.0693
4221.png,5,-0.075
4222.png,5,-0.075
4223.png,13,0.024399999999999998
4224.png,5,0.1463
4225.png,5,0.14
4226.png,5,0.14
4227.png,5,0.2248
4228.png,5,0.22
4229.png,5,0.2703
4230.png,5,0.2668
4231.png,5,0.26609999999999995
4232.png,5,0.26535
4233.png,5,0.25155
4234.png,5,0.25229999999999997
4235.png,5,0.25229999999999997
4236.png,5,0.2201
4237.png,5,0.22185
4238.png,5,0.22185
4239.png,5,0.17124999999999999
4240.png,5,0.174
4241.png,5,0.12095
4242.png,5,0.1242
4243.png,5,0.1242
4244.png,5,0.051449999999999996
4245.png,5,0.0552
4246.png,5,-0.0142
4247.png,5,-0.01
4248.png,5,-0.0842
4249.png,5,-0.08
4250.png,5,-0.1383
4251.png,5,-0.135
4252.png,5,-0.135
4253.png,13,-0.09355000000000001
4254.png,13,-0.0918
4255.png,5,-0.1912
4256.png,5,-0.19
4257.png,5,-0.19
4258.png,5,-0.23240000000000002
4259.png,5,-0.23
4260.png,5,-0.23
4261.png,5,-0.26494999999999996
4262.png,5,-0.2622
4263.png,5,-0.22824999999999998
4264.png,5,-0.22999999999999998
4265.png,5,-0.1811
4266.png,5,-0.185
4267.png,5,-0.185
4268.png,5,-0.1055
4269.png,5,-0.11
4270.png,5,-0.11
4271.png,5,-0.0252
4272.png,5,-0.03
4273.png,13,0.03395
4274.png,13,0.0297
4275.png,13,0.0297
4276.png,5,0.1345
4277.png,5,0.13
4278.png,5,0.13
4279.png,5,0.20420000000000002
4280.png,5,0.2
4281.png,5,0.2
4282.png,5,0.24705
4283.png,5,0.2438
4284.png,5,0.2438
4285.png,5,0.23515
4286.png,5,0.2349
4287.png,5,0.21649999999999997
4288.png,5,0.21749999999999997
4289.png,5,0.21749999999999997
4290.png,5,0.17609999999999998
4291.png,5,0.17834999999999998
4292.png,5,0.17834999999999998
4293.png,5,0.13525
4294.png,5,0.138
4295.png,5,0.138
4296.png,5,0.0701
4297.png,5,0.0736
4298.png,5,0.0736
4299.png,5,0.0057
4300.png,5,0.0092
4301.png,5,0.0092
4302.png,5,-0.0536
4303.png,5,-0.05
4304.png,5,-0.05
4305.png,5,-0.0924
4306.png,5,-0.09
4307.png,5,-0.1271
4308.png,5,-0.125
4309.png,5,-0.125
4310.png,13,-0.07635
4311.png,13,-0.0756
4312.png,13,-0.0756
4313.png,13,-0.0756
4314.png,13,-0.0756
4315.png,5,-0.1612
4316.png,5,-0.16
4317.png,5,-0.16
4318.png,5,-0.23420000000000002
4319.png,5,-0.23
4320.png,5,-0.2407
4321.png,5,-0.2392
4322.png,5,-0.2392
4323.png,5,-0.19069999999999998
4324.png,5,-0.19319999999999998
4325.png,5,-0.1252
4326.png,5,-0.13
4327.png,5,-0.0346
4328.png,5,-0.04
4329.png,13,0.0315
4330.png,13,0.027000000000000003
4331.png,13,0.027000000000000003
4332.png,5,0.1295
4333.png,5,0.125
4334.png,5,0.125
4335.png,5,0.20980000000000001
4336.png,5,0.20500000000000002
4337.png,5,0.20500000000000002
4338.png,5,0.26134999999999997
4339.png,5,0.2576
4340.png,5,0.2712
4341.png,5,0.2697
4342.png,5,0.2697
4343.png,5,0.33854999999999996
4344.png,5,0.3358
4345.png,5,0.3358
4346.png,5,0.41824999999999996
4347.png,5,0.414
4348.png,5,0.414
4349.png,5,0.5018999999999999
4350.png,5,0.49589999999999995
4351.png,5,0.49589999999999995
4352.png,5,0.6154999999999999
4353.png,5,0.609
4354.png,5,0.7377999999999999
4355.png,5,0.7307999999999999
4356.png,5,0.7307999999999999
4357.png,5,0.855
4358.png,5,0.84825
4359.png,5,0.9586499999999999
4360.png,5,0.9526499999999999
4361.png,5,0.9652499999999999
4362.png,5,0.96
4363.png,5,1.045
4364.png,5,1.091
4365.png,5,1.088
4366.png,5,1.088
4367.png,5,1.122
4368.png,5,1.12
4369.png,5,1.12
4370.png,5,1.0902500000000002
4371.png,5,1.092
4372.png,5,1.092
4373.png,5,1.0410000000000001
4374.png,5,0.976
4375.png,5,0.98
4376.png,5,0.98
4377.png,5,0.895
4378.png,5,0.9
4379.png,5,0.8107500000000001
4380.png,5,0.8160000000000001
4381.png,5,0.72675
4382.png,5,0.732
4383.png,5,0.6385000000000001
4384.png,5,0.644
4385.png,5,0.61755
4386.png,5,0.62205
4387.png,5,0.55765
4388.png,5,0.54275
4389.png,5,0.54375
4390.png,5,0.54375
4391.png,5,0.5410499999999999
4392.png,5,0.5428
4393.png,5,0.4075
4394.png,5,0.41324999999999995
4395.png,5,0.24764999999999998
4396.png,5,0.25665
4397.png,5,0.0192
4398.png,5,0.0322
4399.png,13,-0.17285
4400.png,13,-0.15660000000000002
4401.png,5,-0.62085
4402.png,5,-0.6026
4403.png,5,-0.91945
4404.png,5,-0.90045
4405.png,5,-1.3465
4406.png,5,-1.316
4407.png,5,-1.65725
4408.png,5,-1.6152499999999999
4409.png,5,-1.8637499999999998
4410.png,5,-1.8459999999999999
4411.png,5,-1.9439999999999997
4412.png,5,-1.9369999999999998
4413.png,5,-1.9825
4414.png,5,-1.97925
4415.png,5,-1.96525
4416.png,5,-1.9662499999999998
4417.png,5,-1.89625
4418.png,5,-1.9012499999999999
4419.png,5,-1.7227499999999998
4420.png,5,-1.7354999999999998
4421.png,5,-1.4555
4422.png,5,-1.4755
4423.png,5,-1.229
4424.png,5,-1.2530000000000001
4425.png,5,-0.848
4426.png,5,-0.875
4427.png,5,-0.4475
4428.png,5,-0.47600000000000003
4429.png,5,-0.03
4430.png,5,-0.06
4431.png,5,0.4594
4432.png,5,0.43065
4433.png,5,0.921
4434.png,5,0.897
4435.png,9,0.68565
4436.png,9,0.6664
4437.png,5,1.204
4438.png,5,1.1925
4439.png,5,1.2205
4440.png,5,1.21875
4441.png,5,1.15075
4442.png,5,1.155
4443.png,5,0.90925
4444.png,5,0.9205
4445.png,5,0.5980000000000001
4446.png,5,0.6195
4447.png,5,0.21575
4448.png,5,0.24375
4449.png,5,-0.28025
4450.png,5,-0.2475
4451.png,5,-1.00685
4452.png,5,-0.9706
4453.png,5,-1.8341
4454.png,5,-1.79
4455.png,5,-1.93775
4456.png,5,-1.9080000000000001
4457.png,5,-1.83025
4458.png,5,-1.81025
4459.png,5,-1.8522499999999997
4460.png,5,-1.8492499999999998
4461.png,5,-1.7582499999999999
4462.png,5,-1.7647499999999998
4463.png,5,-1.57225
4464.png,5,-1.5859999999999999
4465.png,5,-1.3165
4466.png,5,-1.33575
4467.png,5,-1.0859999999999999
4468.png,5,-1.1095
4469.png,5,-0.7270000000000001
4470.png,5,-0.7525000000000001
4471.png,5,-0.36225
4472.png,5,-0.39
4473.png,5,0.066
4474.png,5,0.0375
4475.png,5,0.5403
4476.png,5,0.5133
4477.png,5,1.00355
4478.png,5,0.9798
4479.png,5,1.25775
4480.png,5,1.23975
4481.png,5,1.3015
4482.png,5,1.292
4483.png,5,1.23125
4484.png,5,1.23
4485.png,5,1.146
4486.png,5,1.1512499999999999
4487.png,5,0.9992500000000001
4488.png,5,1.00875
4489.png,5,0.80475
4490.png,5,0.8175
4491.png,5,0.5814999999999999
4492.png,5,0.59625
4493.png,5,0.33225
4494.png,5,0.34875
4495.png,5,0.0745
4496.png,5,0.092
4497.png,5,-0.19434999999999997
4498.png,5,-0.17834999999999998
4499.png,5,-0.5124
4500.png,5,-0.495
4501.png,5,-0.7494
4502.png,5,-0.735
4503.png,5,-0.7774499999999999
4504.png,5,-0.7699499999999999
4505.png,5,-0.8159499999999998
4506.png,5,-0.8134499999999999
4507.png,5,-0.8134499999999999
4508.png,5,-0.77205
4509.png,5,-0.7743
4510.png,5,-0.7743
4511.png,5,-0.6185
4512.png,5,-0.624
4513.png,5,-0.624
4514.png,5,-0.48375
4515.png,5,-0.492
4516.png,5,-0.32625000000000004
4517.png,5,-0.336
4518.png,5,-0.16299999999999998
4519.png,5,-0.174
4520.png,5,0.058499999999999996
4521.png,5,0.046
4522.png,13,0.17450000000000002
4523.png,13,0.162
4524.png,5,0.50395
4525.png,5,0.49219999999999997
4526.png,5,0.6540499999999999
4527.png,5,0.6437999999999999
4528.png,5,0.80025
4529.png,5,0.788
4530.png,5,0.992
4531.png,5,0.98
4532.png,5,0.8987499999999999
4533.png,5,0.8999999999999999
4534.png,5,0.7919999999999999
4535.png,5,0.79875
4536.png,5,0.6227499999999999
4537.png,5,0.6337499999999999
4538.png,5,0.455
4539.png,5,0.468
4540.png,5,0.22574999999999998
4541.png,5,0.24
4542.png,5,-0.006500000000000001
4543.png,5,0.008
4544.png,5,-0.2489
4545.png,5,-0.2349
4546.png,5,-0.2349
4547.png,13,-0.28740000000000004
4548.png,13,-0.27540000000000003
4549.png,13,-0.27540000000000003
4550.png,5,-0.6438
4551.png,5,-0.6348
4552.png,5,-0.6348
4553.png,5,-0.8349
4554.png,5,-0.8221499999999999
4555.png,5,-0.98975
4556.png,5,-0.976
4557.png,5,-0.976
4558.png,5,-0.92925
4559.png,5,-0.932
4560.png,5,-0.932
4561.png,9,-0.48445
4562.png,9,-0.49245
4563.png,5,-0.59575
4564.png,5,-0.3615
4565.png,5,-0.376
4566.png,5,-0.376
4567.png,5,-0.0785
4568.png,5,-0.096
4569.png,5,0.2298
4570.png,5,0.21
4571.png,5,0.5174
4572.png,5,0.5
4573.png,5,0.6971999999999999
4574.png,5,0.68295
4575.png,5,0.8899499999999999
4576.png,5,0.8786999999999999
4577.png,9,0.5542999999999999
4578.png,9,0.5488
4579.png,9,0.5353
4580.png,9,0.53655
4581.png,9,0.5068499999999999
4582.png,9,0.5095999999999999
4583.png,9,0.5015
4584.png,9,0.50225
4585.png,9,0.45904999999999996
4586.png,9,0.46304999999999996
4587.png,5,0.59275
4588.png,5,0.6
4589.png,5,0.47425
4590.png,5,0.484
4591.png,5,0.27575000000000005
4592.png,5,0.28800000000000003
4593.png,5,0.084
4594.png,5,0.096
4595.png,5,0.096
4596.png,5,-0.1256
4597.png,5,-0.11309999999999999
4598.png,5,-0.35790000000000005
4599.png,5,-0.34500000000000003
4600.png,5,-0.34500000000000003
4601.png,5,-0.5358
4602.png,5,-0.5896999999999999
4603.png,5,-0.5841999999999999
4604.png,5,-0.5841999999999999
4605.png,5,-0.60305
4606.png,5,-0.6094999999999999
4607.png,5,-0.609
4608.png,5,-0.5446
4609.png,5,-0.5480999999999999
4610.png,5,-0.44689999999999996
4611.png,5,-0.45239999999999997
4612.png,5,-0.45239999999999997
4613.png,5,-0.31439999999999996
4614.png,5,-0.32189999999999996
4615.png,5,-0.16549999999999998
4616.png,5,-0.174
4617.png,5,-0.009399999999999999
4618.png,5,-0.0184
4619.png,13,0.1131
4620.png,13,0.10260000000000001
4621.png,5,0.3914
4622.png,5,0.38
4623.png,5,0.487
4624.png,5,0.4785
4625.png,5,0.40175000000000005
4626.png,5,0.404
4627.png,5,0.0215
4628.png,5,0.044
4629.png,5,-0.30450000000000005
4630.png,5,-0.28400000000000003
4631.png,5,-0.8796999999999999
4632.png,5,-0.85
4633.png,5,-1.4489
4634.png,5,-1.415
4635.png,5,-1.7625499999999998
4636.png,5,-1.7388
4637.png,5,-1.79675
4638.png,5,-1.78
4639.png,5,-1.96275
4640.png,5,-1.952
4641.png,5,-1.93925
4642.png,5,-1.94
4643.png,5,-1.73475
4644.png,5,-1.74
4645.png,5,-1.5919999999999999
4646.png,5,-1.6012499999999998
4647.png,5,-1.55325
4648.png,5,-1.55625
4649.png,5,-1.62825
4650.png,5,-1.62375
4651.png,5,-1.51925
4652.png,5,-1.51125
4653.png,5,-1.63025
4654.png,5,-1.62175
4655.png,5,-1.7127499999999998
4656.png,5,-1.7062499999999998
4657.png,5,-1.74475
4658.png,5,-1.742
4659.png,5,-1.7
4660.png,5,-1.7029999999999998
4661.png,5,-1.577
4662.png,5,-1.5859999999999999
4663.png,5,-1.411
4664.png,5,-1.4235
4665.png,5,-1.31925
4666.png,5,-1.3335000000000001
4667.png,5,-1.09725
4668.png,5,-1.113
4669.png,5,-0.873
4670.png,5,-0.889
4671.png,5,-0.6885
4672.png,5,-0.705
4673.png,5,-0.469
4674.png,5,-0.48374999999999996
4675.png,5,-0.3035
4676.png,5,-0.316
4677.png,5,-0.15025
4678.png,5,-0.16
4679.png,5,-0.0579
4680.png,5,-0.0644
4681.png,5,-0.017
4682.png,5,-0.02
4683.png,13,-0.025550000000000003
4684.png,13,-0.024300000000000002
4685.png,13,-0.08035
4686.png,13,-0.0756
4687.png,5,-0.4527
4688.png,5,-0.435
4689.png,5,-1.1696499999999999
4690.png,5,-1.12665
4691.png,5,-1.79675
4692.png,5,-1.752
4693.png,5,-1.644
4694.png,5,-1.62825
4695.png,5,-1.69475
4696.png,5,-1.69
4697.png,5,-1.6444999999999999
4698.png,5,-1.6477499999999998
4699.png,5,-1.57425
4700.png,5,-1.5795
4701.png,5,-1.4605
4702.png,5,-1.4689999999999999
4703.png,5,-1.527
4704.png,5,-1.5374999999999999
4705.png,5,-1.3415
4706.png,5,-1.35375
4707.png,5,-1.15375
4708.png,5,-1.16625
4709.png,5,-1.06625
4710.png,5,-1.0725
4711.png,5,-1.0805
4712.png,5,-1.08
4713.png,5,-1.164
4714.png,5,-1.15875
4715.png,5,-1.28675
4716.png,5,-1.27875
4717.png,5,-1.43475
4718.png,5,-1.425
4719.png,5,-1.573
4720.png,5,-1.56375
4721.png,5,-1.46725
4722.png,5,-1.45925
4723.png,5,-1.51875
4724.png,5,-1.5145
4725.png,5,-1.525
4726.png,5,-1.5242499999999999
4727.png,5,-1.4647499999999998
4728.png,5,-1.4689999999999999
4729.png,5,-1.378
4730.png,5,-1.3844999999999998
4731.png,5,-1.4454999999999998
4732.png,5,-1.4549999999999998
4733.png,5,-1.1592500000000001
4734.png,5,-1.1725
4735.png,5,-0.9025
4736.png,5,-0.9205
4737.png,5,-0.6055
4738.png,5,-0.6265000000000001
4739.png,5,-0.31525
4740.png,5,-0.33749999999999997
4741.png,5,0.0265
4742.png,5,0.00375
4743.png,5,0.39994999999999997
4744.png,5,0.37844999999999995
4745.png,13,0.45910000000000006
4746.png,13,0.44010000000000005
4747.png,5,0.9758499999999999
4748.png,5,0.9613499999999999
4749.png,5,1.21975
4750.png,5,1.2
4751.png,5,1.4609999999999999
4752.png,5,1.44
4753.png,5,1.44
4754.png,5,1.376
4755.png,5,1.38
4756.png,5,1.208
4757.png,5,1.21875
4758.png,5,1.21875
4759.png,5,0.8825
4760.png,5,0.8995
4761.png,5,0.8995
4762.png,5,0.6437499999999999
4763.png,5,0.66375
4764.png,5,0.66375
4765.png,5,0.32775
4766.png,5,0.34875
4767.png,5,0.34875
4768.png,5,0.006499999999999999
4769.png,5,0.028
4770.png,5,0.028
4771.png,5,-0.3655
4772.png,5,-0.345
4773.png,5,-0.345
4774.png,5,-0.7513
4775.png,5,-0.73
4776.png,5,-0.73
4777.png,5,-0.8926999999999999
4778.png,5,-0.8786999999999999
4779.png,5,-0.8786999999999999
4780.png,5,-1.0167
4781.png,5,-1.0091999999999999
4782.png,5,-1.0091999999999999
4783.png,9,-0.5873
4784.png,9,-0.58555
4785.png,9,-0.58555
4786.png,9,-0.55315
4787.png,9,-0.55615
4788.png,9,-0.55615
4789.png,9,-0.51025
4790.png,9,-0.5145
4791.png,9,-0.5145
4792.png,9,-0.49829999999999997
4793.png,9,-0.49979999999999997
4794.png,9,-0.49979999999999997
4795.png,5,-0.6849999999999999
4796.png,5,-0.69
4797.png,5,-0.69
4798.png,5,-0.5619999999999999
4799.png,5,-0.57
4800.png,5,-0.57
4801.png,5,-0.42525
4802.png,5,-0.436
4803.png,5,-0.436
4804.png,5,-0.215
4805.png,5,-0.228
4806.png,5,-0.228
4807.png,5,-0.0027500000000000007
4808.png,5,-0.016
4809.png,5,-0.016
4810.png,5,0.22895000000000001
4811.png,5,0.2162
4812.png,5,0.2162
4813.png,5,0.47350000000000003
4814.png,5,0.46
4815.png,5,0.46
4816.png,5,0.5881
4817.png,5,0.5796
4818.png,5,0.5796
4819.png,5,0.6355
4820.png,5,0.6307499999999999
4821.png,5,0.6307499999999999
4822.png,5,0.64455
4823.png,5,0.6437999999999999
4824.png,5,0.6437999999999999
4825.png,5,0.6023999999999999
4826.png,5,0.6046499999999999
4827.png,5,0.6046499999999999
4828.png,5,0.5126499999999999
4829.png,5,0.5176499999999999
4830.png,5,0.38885
4831.png,5,0.39585
4832.png,5,0.39585
4833.png,5,0.23944999999999997
4834.png,5,0.24794999999999998
4835.png,5,0.24794999999999998
4836.png,5,0.08759999999999998
4837.png,5,0.09659999999999999
4838.png,5,0.09659999999999999
4839.png,5,-0.0752
4840.png,5,-0.065
4841.png,5,-0.065
4842.png,13,-0.12655
4843.png,13,-0.1188
4844.png,5,-0.3472
4845.png,5,-0.34
4846.png,5,-0.3878
4847.png,5,-0.3828
4848.png,5,-0.43799999999999994
4849.png,5,-0.43499999999999994
4850.png,5,-0.4304
4851.png,5,-0.43065
4852.png,5,-0.38925
4853.png,5,-0.39149999999999996
4854.png,5,-0.31789999999999996
4855.png,5,-0.32189999999999996
4856.png,5,-0.2299
4857.png,5,-0.2349
4858.png,5,-0.1245
4859.png,5,-0.1305
4860.png,5,-0.01675
4861.png,5,-0.023
4862.png,5,0.0969
4863.png,5,0.09
4864.png,5,0.196
4865.png,5,0.19
4866.png,5,0.27480000000000004
4867.png,5,0.27
4868.png,5,0.3124
4869.png,5,0.31
4870.png,5,0.3206
4871.png,5,0.32
4872.png,5,0.2653
4873.png,5,0.2668
4874.png,5,0.23170000000000002
4875.png,5,0.23500000000000001
4876.png,5,0.1555
4877.png,5,0.16
4878.png,5,0.0752
4879.png,5,0.08
4880.png,5,-0.0101
4881.png,5,-0.005
4882.png,5,-0.0898
4883.png,5,-0.085
4884.png,5,-0.15389999999999998
4885.png,5,-0.15
4886.png,5,-0.19240000000000002
4887.png,5,-0.19
4888.png,5,-0.19419999999999998
4889.png,5,-0.19319999999999998
4890.png,5,-0.1835
4891.png,5,-0.184
4892.png,5,-0.1646
4893.png,5,-0.1656
4894.png,5,-0.1268
4895.png,5,-0.1288
4896.png,5,-0.1288
4897.png,5,-0.08515
4898.png,5,-0.0874
4899.png,5,-0.041999999999999996
4900.png,5,-0.045
4901.png,5,0.008
4902.png,5,0.005
4903.png,5,0.052700000000000004
4904.png,5,0.05
4905.png,5,0.0924
4906.png,5,0.09
4907.png,13,0.0663
4908.png,13,0.0648
4909.png,13,0.0707
4910.png,13,0.0702
4911.png,5,0.1618
4912.png,5,0.16
4913.png,5,0.2448
4914.png,5,0.24
4915.png,5,0.24
4916.png,5,0.24505
4917.png,5,0.2438
4918.png,5,0.20015
4919.png,5,0.2024
4920.png,5,0.13520000000000001
4921.png,5,0.14
4922.png,5,0.0446
4923.png,5,0.05
4924.png,13,-0.029050000000000003
4925.png,13,-0.024300000000000002
4926.png,5,-0.1351
4927.png,5,-0.13
4928.png,5,-0.2254
4929.png,5,-0.22
4930.png,5,-0.22
4931.png,5,-0.28
4932.png,5,-0.276
4933.png,5,-0.276
4934.png,5,-0.2702
4935.png,5,-0.2697
4936.png,5,-0.24209999999999998
4937.png,5,-0.24359999999999998
4938.png,5,-0.24359999999999998
4939.png,5,-0.1976
4940.png,5,-0.14029999999999998
4941.png,5,-0.14354999999999998
4942.png,5,-0.14354999999999998
4943.png,5,-0.07905
4944.png,5,-0.0828
4945.png,5,0.0045000000000000005
4946.png,5,-0.0
4947.png,5,0.0795
4948.png,5,0.075
4949.png,5,0.1439
4950.png,5,0.14
4951.png,13,0.10215
4952.png,13,0.0999
4953.png,5,0.20620000000000002
4954.png,5,0.20500000000000002
4955.png,5,0.20500000000000002
4956.png,5,0.2527
4957.png,5,0.25
4958.png,5,0.28335
4959.png,5,0.2806
4960.png,5,0.2418
