image_name,v,w
1.png,5,-0.19319999999999998
2.png,5,-0.18269999999999997
3.png,5,-0.18269999999999997
4.png,5,-0.18269999999999997
5.png,5,-0.18269999999999997
6.png,5,-0.18269999999999997
7.png,5,-0.18269999999999997
8.png,5,-0.18269999999999997
9.png,5,-0.18269999999999997
10.png,5,-0.18269999999999997
11.png,5,-0.18269999999999997
12.png,5,-0.18269999999999997
13.png,5,-0.18269999999999997
14.png,5,-0.18269999999999997
15.png,5,-0.18269999999999997
16.png,5,-0.18269999999999997
17.png,5,-0.18269999999999997
18.png,5,-0.18269999999999997
19.png,5,-0.18269999999999997
20.png,5,-0.15969999999999998
21.png,5,-0.11685
22.png,5,-0.1196
23.png,5,-0.051699999999999996
24.png,5,0.0248
25.png,5,0.02
26.png,5,0.1154
27.png,13,0.1184
28.png,13,0.1134
29.png,5,0.2948
30.png,5,0.3735
31.png,5,0.368
32.png,5,0.368
33.png,5,0.4216
34.png,5,0.41759999999999997
35.png,5,0.36239999999999994
36.png,5,0.36539999999999995
37.png,5,0.2872
38.png,5,0.29145
39.png,5,0.18694999999999998
40.png,5,0.19319999999999998
41.png,5,0.07194999999999999
42.png,5,0.07819999999999999
43.png,5,-0.0581
44.png,5,-0.05
45.png,5,-0.1719
46.png,5,-0.165
47.png,5,-0.2604
48.png,5,-0.255
49.png,5,-0.2928
50.png,5,-0.2898
51.png,5,-0.2898
52.png,5,-0.29245
53.png,5,-0.29145
54.png,5,-0.29145
55.png,5,-0.28225
56.png,5,-0.28275
57.png,5,-0.28275
58.png,5,-0.25055
59.png,5,-0.25229999999999997
60.png,5,-0.25229999999999997
61.png,5,-0.1971
62.png,5,-0.2001
63.png,5,-0.2001
64.png,5,-0.1357
65.png,5,-0.1392
66.png,5,-0.1392
67.png,5,-0.0696
68.png,5,-0.0736
69.png,5,-0.0736
70.png,5,0.004
71.png,5,-0.0
72.png,5,-0.0
73.png,5,0.0689
74.png,5,0.065
75.png,5,0.065
76.png,5,0.1074
77.png,5,0.105
78.png,5,0.105
79.png,5,0.105
80.png,13,0.0685
81.png,13,0.0675
82.png,13,0.0675
83.png,13,0.0675
84.png,5,0.17800000000000002
85.png,5,0.17500000000000002
86.png,5,0.17500000000000002
87.png,5,0.17500000000000002
88.png,5,0.228
89.png,5,0.225
90.png,5,0.225
91.png,5,0.225
92.png,5,0.1932
93.png,5,0.195
94.png,5,0.195
95.png,5,0.142
96.png,5,0.145
97.png,5,0.145
98.png,5,0.0867
99.png,5,0.09
100.png,5,0.09
101.png,5,0.09
102.png,5,0.037
103.png,5,0.04
104.png,5,0.04
105.png,5,0.04
106.png,13,-0.002
107.png,13,-0.0
108.png,13,-0.0
109.png,13,-0.0
110.png,13,-0.023600000000000003
111.png,13,-0.0216
112.png,13,-0.0216
113.png,5,-0.0824
114.png,5,-0.08
115.png,5,-0.08
116.png,5,-0.1065
117.png,5,-0.105
118.png,5,-0.105
119.png,5,-0.105
120.png,5,-0.105
121.png,5,-0.105
122.png,5,-0.105
123.png,5,-0.0944
124.png,5,-0.095
125.png,5,-0.095
126.png,5,-0.0844
127.png,5,-0.085
128.png,5,-0.085
129.png,5,-0.058499999999999996
130.png,5,-0.06
131.png,5,-0.06
132.png,5,-0.0335
133.png,5,-0.035
134.png,5,-0.0032
135.png,5,-0.005
136.png,5,-0.005
137.png,5,0.021500000000000002
138.png,5,0.02
139.png,5,0.0412
140.png,5,0.04
141.png,5,0.0559
142.png,5,0.055
143.png,5,0.0603
144.png,5,0.06
145.png,13,0.0324
146.png,13,0.0324
147.png,13,0.0324
148.png,13,0.0324
149.png,5,0.272
150.png,5,0.26
151.png,5,0.9133499999999999
152.png,5,0.8785999999999999
153.png,5,1.5254499999999998
154.png,5,1.4876999999999998
155.png,5,1.623
156.png,5,1.608
157.png,5,1.7057499999999999
158.png,5,1.7
159.png,5,1.55775
160.png,5,1.56
161.png,5,1.46
162.png,5,1.46625
163.png,5,1.31825
164.png,5,1.3275
165.png,5,1.3275
166.png,5,1.1715
167.png,5,1.0172499999999998
168.png,5,1.0274999999999999
169.png,5,1.0274999999999999
170.png,5,1.0195
171.png,5,1.024
172.png,5,1.075
173.png,5,1.072
174.png,5,1.113
175.png,5,1.10625
176.png,5,1.2622499999999999
177.png,5,1.2525
178.png,5,1.4445
179.png,5,1.4324999999999999
180.png,5,1.6444999999999999
181.png,5,1.6312499999999999
182.png,5,1.58175
183.png,5,1.56975
184.png,5,1.56975
185.png,5,1.7062499999999998
186.png,5,1.6965
187.png,5,1.6965
188.png,5,1.7735
189.png,5,1.768
190.png,5,1.775
191.png,5,1.7745
192.png,5,1.7745
193.png,5,1.68
194.png,5,1.68675
195.png,5,1.53275
196.png,5,1.54375
197.png,5,1.35125
198.png,5,1.365
199.png,5,1.24875
200.png,5,1.2635
201.png,5,1.2635
202.png,5,1.031
203.png,5,1.0465
204.png,5,0.8140000000000001
205.png,5,0.8295
206.png,5,0.64075
207.png,5,0.65625
208.png,5,0.43224999999999997
209.png,5,0.44625
210.png,5,0.289
211.png,5,0.3
212.png,5,0.16984999999999997
213.png,5,0.17834999999999998
214.png,5,0.0819
215.png,5,0.0874
216.png,5,0.0579
217.png,5,0.06
218.png,5,0.06
219.png,13,0.05600000000000001
220.png,13,0.054000000000000006
221.png,13,0.054000000000000006
222.png,13,0.11005000000000001
223.png,13,0.1053
224.png,13,0.1053
225.png,5,0.5607000000000001
226.png,5,0.54
227.png,5,1.2702
228.png,5,1.2267
229.png,5,1.2267
230.png,5,1.87175
231.png,5,1.6497499999999998
232.png,5,1.638
233.png,5,1.638
234.png,5,1.638
235.png,5,1.6729999999999998
236.png,5,1.6704999999999999
237.png,5,1.6215
238.png,5,1.625
239.png,5,1.625
240.png,5,1.5305
241.png,5,1.62575
242.png,5,1.635
243.png,5,1.635
244.png,5,1.635
245.png,5,1.447
246.png,5,1.2307499999999998
247.png,5,1.2449999999999999
248.png,5,1.2449999999999999
249.png,5,1.125
250.png,5,1.1325
251.png,5,1.1204999999999998
252.png,5,1.1212499999999999
253.png,5,1.18125
254.png,5,1.1775
255.png,5,1.2934999999999999
256.png,5,1.28625
257.png,5,1.28625
258.png,5,1.42625
259.png,5,1.5655
260.png,5,1.55625
261.png,5,1.55625
262.png,5,1.55625
263.png,5,1.68425
264.png,5,1.60675
265.png,5,1.59575
266.png,5,1.59575
267.png,5,1.6412499999999999
268.png,5,1.638
269.png,5,1.638
270.png,5,1.5784999999999998
271.png,5,1.5827499999999999
272.png,5,1.4322499999999998
273.png,5,1.4429999999999998
274.png,5,1.2295
275.png,5,1.24475
276.png,5,1.24475
277.png,5,1.0555
278.png,5,1.0745
279.png,5,1.0745
280.png,5,0.752
281.png,5,0.7735
282.png,5,0.7735
283.png,5,0.44875
284.png,5,0.07250000000000001
285.png,5,0.0975
286.png,5,0.0975
287.png,5,-0.25725000000000003
288.png,5,-0.23600000000000002
289.png,5,-0.62545
290.png,5,-0.6072
291.png,5,-0.9272999999999999
292.png,5,-0.9107999999999999
293.png,5,-1.0545
294.png,5,-1.044
295.png,5,-1.1176
296.png,5,-1.1136
297.png,5,-0.99
298.png,5,-0.992
299.png,5,-0.992
300.png,9,-0.5347
301.png,9,-0.54145
302.png,5,-0.70975
303.png,5,-0.5075000000000001
304.png,5,-0.52
305.png,5,-0.52
306.png,5,-0.2735
307.png,5,-0.28800000000000003
308.png,5,-0.0556
309.png,5,-0.0696
310.png,5,0.21680000000000002
311.png,5,0.2
312.png,5,0.5074
313.png,5,0.49
314.png,5,0.6655
315.png,5,0.6525
316.png,5,0.8042999999999999
317.png,5,0.7960499999999999
318.png,5,0.76175
319.png,5,0.76
320.png,5,0.726
321.png,5,0.728
322.png,5,0.626
323.png,5,0.632
324.png,5,0.5045000000000001
325.png,5,0.512
326.png,5,0.34199999999999997
327.png,5,0.352
328.png,5,0.352
329.png,5,0.1735
330.png,5,0.184
331.png,5,0.006899999999999998
332.png,5,0.0174
333.png,5,-0.17075
334.png,5,-0.161
335.png,5,-0.3446
336.png,5,-0.335
337.png,5,-0.4675
338.png,5,-0.46
339.png,5,-0.4911
340.png,5,-0.4876
341.png,5,-0.46109999999999995
342.png,5,-0.46109999999999995
343.png,5,-0.46109999999999995
344.png,5,-0.42429999999999995
345.png,5,-0.42629999999999996
346.png,5,-0.35269999999999996
347.png,5,-0.35669999999999996
348.png,5,-0.2555
349.png,5,-0.261
350.png,5,-0.14989999999999998
351.png,5,-0.15639999999999998
352.png,5,-0.0057
353.png,5,-0.015
354.png,13,0.08335000000000001
355.png,13,0.0756
356.png,5,0.28840000000000005
357.png,5,0.28
358.png,5,0.37239999999999995
359.png,5,0.36539999999999995
360.png,5,0.4758
361.png,5,0.4698
362.png,5,0.4235
363.png,5,0.424
364.png,5,0.3815
365.png,5,0.384
366.png,5,0.3075
367.png,5,0.312
368.png,5,0.2185
369.png,5,0.224
370.png,5,0.224
371.png,5,0.124
372.png,5,0.1305
373.png,5,0.1305
374.png,5,0.015499999999999998
375.png,5,0.02175
376.png,5,0.02175
377.png,5,-0.08855
378.png,5,-0.0828
379.png,5,-0.0828
380.png,5,-0.2066
381.png,5,-0.2
382.png,13,-0.1552
383.png,13,-0.1512
384.png,13,-0.1512
385.png,5,-0.3224
386.png,5,-0.32
387.png,5,-0.3817
388.png,5,-0.5038999999999999
389.png,5,-0.49589999999999995
390.png,5,-0.49589999999999995
391.png,5,-0.507
392.png,5,-0.504
393.png,5,-0.436
394.png,5,-0.44
395.png,5,-0.3295
396.png,5,-0.336
397.png,5,-0.20439999999999997
398.png,5,-0.21314999999999998
399.png,5,-0.0314
400.png,5,-0.0414
401.png,5,0.16169999999999998
402.png,5,0.15
403.png,5,0.3196
404.png,5,0.31
405.png,5,0.4016
406.png,5,0.3956
407.png,5,0.43849999999999995
408.png,5,0.43499999999999994
409.png,5,0.4442
410.png,5,0.4437
411.png,5,0.41609999999999997
412.png,5,0.41759999999999997
413.png,5,0.36239999999999994
414.png,5,0.36539999999999995
415.png,5,0.2734
416.png,5,0.2784
417.png,5,0.17719999999999997
418.png,5,0.18269999999999997
419.png,5,0.07229999999999999
420.png,5,0.0783
421.png,5,-0.0433
422.png,5,-0.0368
423.png,5,-0.0368
424.png,5,-0.14600000000000002
425.png,13,-0.1228
426.png,13,-0.1188
427.png,5,-0.29419999999999996
428.png,5,-0.29
429.png,5,-0.29
430.png,5,-0.39289999999999997
431.png,5,-0.46659999999999996
432.png,5,-0.46109999999999995
433.png,5,-0.46109999999999995
434.png,5,-0.4381
435.png,5,-0.43934999999999996
436.png,5,-0.37494999999999995
437.png,5,-0.37844999999999995
438.png,5,-0.26804999999999995
439.png,5,-0.18309999999999998
440.png,5,-0.1886
441.png,5,-0.046
442.png,5,-0.055
443.png,5,-0.055
444.png,13,0.07944999999999999
445.png,13,0.0702
446.png,5,0.342
447.png,5,0.5315500000000001
448.png,5,0.5198
449.png,5,0.9009499999999999
450.png,5,0.8786999999999999
451.png,5,0.8786999999999999
452.png,5,1.32225
453.png,5,1.3592499999999998
454.png,5,1.3499999999999999
455.png,5,1.3499999999999999
456.png,5,1.442
457.png,5,1.4562499999999998
458.png,5,1.4549999999999998
459.png,5,1.3869999999999998
460.png,5,1.3912499999999999
461.png,5,1.3912499999999999
462.png,5,1.26325
463.png,5,1.0992499999999998
464.png,5,1.1099999999999999
465.png,5,1.1099999999999999
466.png,5,0.8899999999999999
467.png,5,0.68775
468.png,5,0.7012499999999999
469.png,5,0.7012499999999999
470.png,5,0.50575
471.png,5,0.52
472.png,5,0.2905
473.png,5,0.11900000000000001
474.png,5,0.1305
475.png,5,0.1305
476.png,5,-0.08320000000000001
477.png,5,-0.07
478.png,5,-0.2237
479.png,5,-0.215
480.png,5,-0.256
481.png,5,-0.24384999999999998
482.png,5,-0.24359999999999998
483.png,5,-0.24359999999999998
484.png,5,-0.16999999999999998
485.png,5,-0.174
486.png,5,-0.022199999999999998
487.png,5,-0.030449999999999998
488.png,5,0.17655
489.png,5,0.1653
490.png,5,0.48150000000000004
491.png,5,0.465
492.png,5,0.7936
493.png,5,0.775
494.png,5,1.0185499999999998
495.png,5,1.0028
496.png,5,1.2059
497.png,5,1.1919
498.png,5,1.3805
499.png,5,1.37025
500.png,5,1.35775
501.png,5,1.352
502.png,5,1.2915
503.png,5,1.29
504.png,5,1.238
505.png,5,1.24125
506.png,5,1.08525
507.png,5,1.095
508.png,5,0.819
509.png,5,0.8362499999999999
510.png,5,0.46024999999999994
511.png,5,0.48374999999999996
512.png,5,0.04775
513.png,5,0.075
514.png,5,-0.379
515.png,5,-0.352
516.png,13,-0.5414500000000001
517.png,13,-0.5157
518.png,5,-1.4121000000000001
519.png,5,-1.3846
520.png,5,-1.8751499999999999
521.png,5,-1.8443999999999998
522.png,5,-2.0534999999999997
523.png,5,-2.0052499999999998
524.png,-0.6,-1
525.png,-0.6,-1
526.png,-0.6,-1
527.png,-0.6,-1
528.png,-0.6,-1
529.png,-0.6,-1
530.png,-0.6,-1
531.png,-0.6,-1
532.png,-0.6,-1
533.png,-0.6,-1
534.png,-0.6,-1
535.png,-0.6,-1
536.png,-0.6,-1
537.png,-0.6,-1
538.png,-0.6,-1
539.png,-0.6,-1
540.png,-0.6,-1
541.png,-0.6,-1
542.png,-0.6,-1
543.png,-0.6,-1
544.png,-0.6,-1
545.png,-0.6,-1
546.png,-0.6,-1
547.png,-0.6,-1
548.png,-0.6,-1
549.png,-0.6,-1
550.png,-0.6,-1
551.png,-0.6,-1
552.png,-0.6,-1
553.png,-0.6,-1
554.png,-0.6,-1
555.png,-0.6,-1
556.png,-0.6,-1
557.png,-0.6,-1
558.png,5,-2.0717499999999998
559.png,5,-2.0669999999999997
560.png,5,-2.0039999999999996
561.png,5,-2.0084999999999997
562.png,5,-1.9489999999999998
563.png,5,-1.95325
564.png,5,-1.8692499999999999
565.png,5,-1.8752499999999999
566.png,5,-1.58125
567.png,5,-1.60225
568.png,5,-1.2662499999999999
569.png,5,-1.29025
570.png,5,-0.9845
571.png,5,-1.0115
572.png,5,-0.5802499999999999
573.png,5,-0.609
574.png,5,-0.1925
575.png,5,-0.22125
576.png,5,0.2145
577.png,5,0.188
578.png,5,0.7332
579.png,5,0.705
580.png,5,0.93995
581.png,5,0.9221999999999999
582.png,5,1.0265
583.png,5,1.016
584.png,5,0.9684999999999999
585.png,5,0.9674999999999999
586.png,5,0.8515
587.png,5,0.85875
588.png,9,0.42605
589.png,9,0.43855
590.png,5,0.42324999999999996
591.png,5,0.43875
592.png,5,0.15350000000000003
593.png,5,0.17200000000000001
594.png,5,-0.23614999999999997
595.png,5,-0.21314999999999998
596.png,5,-0.6902
597.png,5,-0.665
598.png,5,-0.8085499999999999
599.png,5,-0.7960499999999999
600.png,5,-0.90645
601.png,5,-0.90045
602.png,5,-0.9050499999999999
603.png,5,-0.9047999999999999
604.png,5,-0.764
605.png,5,-0.768
606.png,5,-0.6405000000000001
607.png,5,-0.648
608.png,5,-0.478
609.png,5,-0.488
610.png,5,-0.2925
611.png,5,-0.304
612.png,5,-0.11900000000000001
613.png,5,-0.1305
614.png,5,0.0851
615.png,5,0.0736
616.png,5,0.0736
617.png,13,0.1612
618.png,13,0.1512
619.png,5,0.4225
620.png,5,0.414
621.png,5,0.414
622.png,5,0.5846999999999999
623.png,5,0.5741999999999999
624.png,5,0.6895
625.png,5,0.68
626.png,5,0.68
627.png,5,0.66725
628.png,5,0.668
629.png,5,0.59575
630.png,5,0.6
631.png,5,0.6
632.png,5,0.481
633.png,5,0.488
634.png,5,0.335
635.png,5,0.34400000000000003
636.png,5,0.34400000000000003
637.png,5,0.1825
638.png,5,0.192
639.png,5,0.192
640.png,5,0.024799999999999996
641.png,5,0.0348
642.png,5,-0.14750000000000002
643.png,5,-0.138
644.png,5,-0.138
645.png,5,-0.3249
646.png,5,-0.315
647.png,5,-0.315
648.png,5,-0.4475
649.png,5,-0.44
650.png,5,-0.4727
651.png,5,-0.4692
652.png,5,-0.4692
653.png,5,-0.46209999999999996
654.png,5,-0.46109999999999995
655.png,5,-0.46109999999999995
656.png,5,-0.42429999999999995
657.png,5,-0.42629999999999996
658.png,5,-0.35269999999999996
659.png,5,-0.35669999999999996
660.png,5,-0.35669999999999996
661.png,5,-0.2647
662.png,5,-0.2697
663.png,5,-0.17365
664.png,5,-0.1794
665.png,5,-0.1794
666.png,5,-0.0678
667.png,5,-0.075
668.png,5,0.052199999999999996
669.png,5,0.045
670.png,5,0.045
671.png,5,0.1616
672.png,5,0.155
673.png,5,0.155
674.png,5,0.24509999999999998
675.png,5,0.24
676.png,5,0.2693
677.png,5,0.2668
678.png,5,0.2668
679.png,5,0.2862
680.png,5,0.2852
681.png,5,0.2605
682.png,5,0.261
683.png,5,0.261
684.png,5,0.22879999999999998
685.png,5,0.23054999999999998
686.png,5,0.17994999999999997
687.png,5,0.18269999999999997
688.png,5,0.1253
689.png,5,0.1288
690.png,5,0.1288
691.png,5,0.060899999999999996
692.png,5,0.0644
693.png,5,-0.0095
694.png,5,-0.005
695.png,5,-0.07390000000000001
696.png,5,-0.07
697.png,5,-0.1336
698.png,5,-0.13
699.png,5,-0.13
700.png,13,-0.09380000000000001
701.png,13,-0.0918
702.png,5,-0.1859
703.png,5,-0.185
704.png,5,-0.23800000000000002
705.png,5,-0.23500000000000001
706.png,5,-0.23500000000000001
707.png,5,-0.2647
708.png,5,-0.2622
709.png,5,-0.2622
710.png,5,-0.22824999999999998
711.png,5,-0.22999999999999998
712.png,5,-0.1811
713.png,5,-0.185
714.png,5,-0.09490000000000001
715.png,5,-0.1
716.png,5,-0.009899999999999999
717.png,5,-0.015
718.png,13,0.042050000000000004
719.png,13,0.0378
720.png,5,0.14420000000000002
721.png,5,0.14
722.png,5,0.2248
723.png,5,0.22
724.png,5,0.2606
725.png,5,0.2576
726.png,5,0.24359999999999998
727.png,5,0.24359999999999998
728.png,5,0.21599999999999997
729.png,5,0.21749999999999997
730.png,5,0.17149999999999999
731.png,5,0.174
732.png,5,0.1258
733.png,5,0.1288
734.png,5,0.060899999999999996
735.png,5,0.0644
736.png,5,-0.0042
737.png,5,-0.0
738.png,5,-0.0742
739.png,5,-0.07
740.png,5,-0.123
741.png,5,-0.12
742.png,5,-0.12
743.png,13,-0.0884
744.png,13,-0.0864
745.png,5,-0.17590000000000003
746.png,5,-0.17500000000000002
747.png,5,-0.1803
748.png,5,-0.18
749.png,5,-0.2118
750.png,5,-0.21
751.png,5,-0.2223
752.png,5,-0.2208
753.png,5,-0.1976
754.png,5,-0.2
755.png,5,-0.13640000000000002
756.png,5,-0.14
757.png,5,-0.0552
758.png,5,-0.06
759.png,13,0.0148
760.png,13,0.0108
761.png,5,0.09419999999999999
762.png,5,0.09
763.png,5,0.1748
764.png,5,0.17
765.png,5,0.2146
766.png,5,0.2116
767.png,5,0.22615
768.png,5,0.2254
769.png,5,0.21085
770.png,5,0.2116
771.png,5,0.1825
772.png,5,0.184
773.png,5,0.1355
774.png,5,0.138
775.png,5,0.0798
776.png,5,0.0828
777.png,5,0.0149
778.png,5,0.0184
779.png,5,0.0184
780.png,5,-0.0436
781.png,5,-0.04
782.png,5,-0.04
783.png,5,-0.093
784.png,5,-0.09
785.png,5,-0.09
786.png,13,-0.0722
787.png,13,-0.0702
788.png,13,-0.082
789.png,13,-0.081
790.png,5,-0.203
791.png,5,-0.2
792.png,5,-0.281
793.png,5,-0.276
794.png,5,-0.276
795.png,5,-0.29779999999999995
796.png,5,-0.29579999999999995
797.png,5,-0.25945
798.png,5,-0.2622
799.png,5,-0.17975
800.png,5,-0.184
801.png,5,-0.094
802.png,5,-0.1
803.png,5,0.027200000000000002
804.png,5,0.1578
805.png,5,0.15
806.png,5,0.15
807.png,5,0.2772
808.png,5,0.27
809.png,5,0.3357
810.png,5,0.3312
811.png,5,0.35
812.png,5,0.348
813.png,5,0.36639999999999995
814.png,5,0.36539999999999995
815.png,5,0.347
816.png,5,0.348
817.png,5,0.29279999999999995
818.png,5,0.29579999999999995
819.png,5,0.22219999999999998
820.png,5,0.22619999999999998
821.png,5,0.13419999999999999
822.png,5,0.1392
823.png,5,0.0405
824.png,5,0.046
825.png,5,-0.051
826.png,5,-0.046
827.png,5,-0.1454
828.png,5,-0.14
829.png,13,-0.1169
830.png,13,-0.1134
831.png,5,-0.2577
832.png,5,-0.255
833.png,5,-0.31704999999999994
834.png,5,-0.31279999999999997
835.png,5,-0.36939999999999995
836.png,5,-0.36539999999999995
837.png,5,-0.3332
838.png,5,-0.33494999999999997
839.png,5,-0.33494999999999997
840.png,5,-0.26595
841.png,5,-0.2697
842.png,5,-0.2697
843.png,5,-0.18819999999999998
844.png,5,-0.19319999999999998
845.png,5,-0.19319999999999998
846.png,5,-0.0828
847.png,5,-0.09
848.png,5,-0.09
849.png,5,0.0266
850.png,5,0.02
851.png,5,0.02
852.png,13,0.0757
853.png,13,0.0702
854.png,13,0.0702
855.png,5,0.2148
856.png,5,0.21
857.png,5,0.21
858.png,5,0.2902
859.png,5,0.2852
860.png,5,0.3433
861.png,5,0.3393
862.png,5,0.3393
863.png,5,0.3301
864.png,5,0.3306
865.png,5,0.29379999999999995
866.png,5,0.29579999999999995
867.png,5,0.22219999999999998
868.png,5,0.22619999999999998
869.png,5,0.14339999999999997
870.png,5,0.14789999999999998
871.png,5,0.04485
872.png,5,0.0506
873.png,5,-0.07750000000000001
874.png,5,-0.07
875.png,5,-0.19720000000000001
876.png,5,-0.19
877.png,5,-0.296
878.png,5,-0.29
879.png,5,-0.3854
880.png,5,-0.38
881.png,5,-0.38839999999999997
882.png,5,-0.38639999999999997
883.png,5,-0.367
884.png,5,-0.368
885.png,5,-0.30495
886.png,5,-0.3082
887.png,5,-0.22574999999999998
888.png,5,-0.22999999999999998
889.png,5,-0.133
890.png,5,-0.138
891.png,5,-0.0387
892.png,5,-0.045
893.png,13,0.0347
894.png,13,0.0297
895.png,13,0.0297
896.png,5,0.1451
897.png,5,0.14
898.png,5,0.14
899.png,5,0.246
900.png,5,0.24
901.png,5,0.24
902.png,5,0.2824
903.png,5,0.28759999999999997
904.png,5,0.28709999999999997
905.png,5,0.28709999999999997
906.png,5,0.2595
907.png,5,0.261
908.png,5,0.21499999999999997
909.png,5,0.21749999999999997
910.png,5,0.21749999999999997
911.png,5,0.15309999999999999
912.png,5,0.1566
913.png,5,0.088
914.png,5,0.092
915.png,5,0.092
916.png,5,0.0144
917.png,5,-0.0648
918.png,5,-0.06
919.png,5,-0.06
920.png,5,-0.1448
921.png,13,-0.10805000000000001
922.png,13,-0.1053
923.png,13,-0.1053
924.png,5,-0.23740000000000003
925.png,5,-0.3304
926.png,5,-0.325
927.png,5,-0.31955
928.png,5,-0.31755
929.png,5,-0.31755
930.png,5,-0.22094999999999998
931.png,5,-0.060599999999999994
932.png,5,-0.0696
933.png,5,-0.0696
934.png,5,0.1532
935.png,5,0.14
936.png,5,0.3891
937.png,5,0.375
938.png,5,0.5584
939.png,5,0.7246499999999999
940.png,5,0.7133999999999999
941.png,5,0.8789999999999999
942.png,5,0.8699999999999999
943.png,5,0.8699999999999999
944.png,5,0.885
945.png,5,0.88
946.png,5,0.88
947.png,5,0.88
948.png,5,0.8247500000000001
949.png,5,0.8280000000000001
950.png,5,0.743
951.png,5,0.748
952.png,5,0.62475
953.png,5,0.632
954.png,5,0.479
955.png,5,0.318
956.png,5,0.328
957.png,5,0.328
958.png,5,0.16349999999999998
959.png,5,0.174
960.png,5,0.00455
961.png,5,-0.14400000000000002
962.png,5,-0.135
963.png,5,-0.2728
964.png,5,-0.265
965.png,5,-0.3117
966.png,5,-0.3082
967.png,5,-0.27304999999999996
968.png,5,-0.27404999999999996
969.png,5,-0.20964999999999998
970.png,5,-0.21314999999999998
971.png,5,-0.21314999999999998
972.png,5,-0.10274999999999998
973.png,5,0.02565
974.png,5,0.0184
975.png,5,0.0184
976.png,5,0.2002
977.png,5,0.19
978.png,13,0.20585
979.png,13,0.1971
980.png,5,0.5452
981.png,5,0.61725
982.png,5,0.609
983.png,5,0.8941999999999999
984.png,5,0.8786999999999999
985.png,5,0.8786999999999999
986.png,5,1.1267500000000001
987.png,5,1.108
988.png,5,1.1207500000000001
989.png,5,1.12
990.png,5,1.0690000000000002
991.png,5,0.96575
992.png,5,0.972
993.png,5,0.972
994.png,5,0.8105000000000001
995.png,5,0.8200000000000001
996.png,5,0.63725
997.png,5,0.648
998.png,5,0.427
999.png,5,0.16799999999999998
1000.png,5,0.184
1001.png,5,0.184
1002.png,5,-0.0988
1003.png,13,-0.22560000000000002
1004.png,13,-0.2106
1005.png,13,-0.2106
1006.png,5,-0.5964499999999999
1007.png,5,-0.5841999999999999
1008.png,5,-0.86525
1009.png,5,-0.84825
1010.png,5,-1.08325
1011.png,5,-1.06125
1012.png,5,-1.26125
1013.png,5,-1.24875
1014.png,5,-1.22075
1015.png,5,-1.2225
1016.png,5,-1.1024999999999998
1017.png,5,-1.1099999999999999
1018.png,5,-0.8335
1019.png,5,-0.847
1020.png,5,-0.58075
1021.png,5,-0.5985
1022.png,5,-0.32925
1023.png,5,-0.34875
1024.png,5,-0.040499999999999994
1025.png,5,-0.06
1026.png,5,0.28435
1027.png,5,0.26535
1028.png,5,0.26535
1029.png,5,0.6548
1030.png,5,0.635
1031.png,5,0.635
1032.png,5,0.8364
1033.png,5,0.8234
1034.png,5,0.9166499999999999
1035.png,5,0.9091499999999999
1036.png,5,0.9091499999999999
1037.png,5,0.9367499999999999
1038.png,5,0.9352499999999999
1039.png,5,0.809
1040.png,5,0.812
1041.png,5,0.812
1042.png,5,0.6972499999999999
1043.png,5,0.704
1044.png,5,0.5425000000000001
1045.png,5,0.552
1046.png,5,0.552
1047.png,5,0.36925
1048.png,5,0.38
1049.png,5,0.19704999999999998
1050.png,5,0.20879999999999999
1051.png,5,0.20879999999999999
1052.png,5,-0.0023
1053.png,5,0.0092
1054.png,5,-0.2126
1055.png,5,-0.2
1056.png,5,-0.3908
1057.png,5,-0.38
1058.png,5,-0.38
1059.png,5,-0.4547999999999999
1060.png,5,-0.44804999999999995
1061.png,5,-0.44804999999999995
1062.png,5,-0.5078499999999999
1063.png,5,-0.5045999999999999
1064.png,5,-0.5045999999999999
1065.png,5,-0.5184
1066.png,5,-0.5176499999999999
1067.png,5,-0.44625000000000004
1068.png,5,-0.448
1069.png,5,-0.38
1070.png,5,-0.384
1071.png,5,-0.2905
1072.png,5,-0.296
1073.png,5,-0.296
1074.png,5,-0.194
1075.png,5,-0.2
1076.png,5,-0.09789999999999999
1077.png,5,-0.10439999999999999
1078.png,5,-0.10439999999999999
1079.png,5,0.0157
1080.png,5,0.0092
1081.png,5,0.0092
1082.png,5,0.13720000000000002
1083.png,5,0.13
1084.png,5,0.13
1085.png,5,0.23600000000000002
1086.png,5,0.23
1087.png,5,0.23
1088.png,5,0.30419999999999997
1089.png,5,0.3
1090.png,5,0.33180000000000004
1091.png,5,0.33
1092.png,5,0.33
1093.png,5,0.33
1094.png,5,0.33
1095.png,5,0.28759999999999997
1096.png,5,0.29
1097.png,5,0.22110000000000002
1098.png,5,0.225
1099.png,5,0.225
1100.png,5,0.1402
1101.png,5,0.145
1102.png,5,0.145
1103.png,5,0.0496
1104.png,5,0.055
1105.png,13,-0.02045
1106.png,13,-0.0162
1107.png,5,-0.1095
1108.png,5,-0.105
1109.png,5,-0.105
1110.png,5,-0.1845
1111.png,5,-0.18
1112.png,5,-0.2238
1113.png,5,-0.2208
1114.png,5,-0.23535
1115.png,5,-0.2346
1116.png,5,-0.2346
1117.png,5,-0.20345
1118.png,5,-0.20445
1119.png,5,-0.20445
1120.png,5,-0.17225
1121.png,5,-0.174
1122.png,5,-0.13065
1123.png,5,-0.1334
1124.png,5,-0.07519999999999999
1125.png,5,-0.07819999999999999
1126.png,5,-0.07819999999999999
1127.png,5,-0.02
1128.png,5,-0.023
1129.png,5,-0.023
1130.png,5,0.0386
1131.png,5,0.035
1132.png,5,0.08800000000000001
1133.png,5,0.085
1134.png,5,0.085
1135.png,5,0.1274
1136.png,5,0.125
1137.png,5,0.125
1138.png,13,0.08225
1139.png,13,0.081
1140.png,13,0.08395000000000001
1141.png,13,0.08370000000000001
1142.png,5,0.1921
1143.png,5,0.19
1144.png,5,0.19
1145.png,5,0.25725
1146.png,5,0.253
1147.png,5,0.2724
1148.png,5,0.2714
1149.png,5,0.21805
1150.png,5,0.2208
1151.png,5,0.2208
1152.png,5,0.1499
1153.png,5,0.155
1154.png,5,0.155
1155.png,5,0.049
1156.png,5,0.055
1157.png,13,-0.029300000000000003
1158.png,13,-0.024300000000000002
1159.png,5,-0.1404
1160.png,5,-0.135
1161.png,5,-0.21635000000000001
1162.png,5,-0.2116
1163.png,5,-0.2116
1164.png,5,-0.2737
1165.png,5,-0.2697
1166.png,5,-0.2835
1167.png,5,-0.28275
1168.png,5,-0.28275
1169.png,5,-0.26435
1170.png,5,-0.26535
1171.png,5,-0.26535
1172.png,5,-0.22394999999999998
1173.png,5,-0.22619999999999998
1174.png,5,-0.1664
1175.png,5,-0.16965
1176.png,5,-0.09605
1177.png,5,-0.10005
1178.png,5,-0.10005
1179.png,5,-0.0282
1180.png,5,-0.0322
1181.png,5,0.0445
1182.png,5,0.04
1183.png,5,0.1089
1184.png,5,0.105
1185.png,5,0.158
1186.png,5,0.155
1187.png,5,0.155
1188.png,13,0.1014
1189.png,13,0.0999
1190.png,5,0.1956
1191.png,5,0.195
1192.png,5,0.195
1193.png,5,0.23740000000000003
1194.png,5,0.23500000000000001
1195.png,5,0.23500000000000001
1196.png,5,0.2647
1197.png,5,0.2622
1198.png,5,0.21855
1199.png,5,0.2208
1200.png,5,0.17110000000000003
1201.png,5,0.17500000000000002
1202.png,5,0.0796
1203.png,5,0.085
1204.png,5,0.085
1205.png,13,-0.007200000000000001
1206.png,13,-0.0027
1207.png,5,-0.0898
1208.png,5,-0.085
1209.png,5,-0.1804
1210.png,5,-0.17500000000000002
1211.png,5,-0.17500000000000002
1212.png,5,-0.2289
1213.png,5,-0.2254
1214.png,5,-0.2448
1215.png,5,-0.2438
1216.png,5,-0.22135
1217.png,5,-0.22185
1218.png,5,-0.22185
1219.png,5,-0.18505
1220.png,5,-0.18705
1221.png,5,-0.18705
1222.png,5,-0.14104999999999998
1223.png,5,-0.14354999999999998
1224.png,5,-0.09359999999999999
1225.png,5,-0.09659999999999999
1226.png,5,-0.0384
1227.png,5,-0.0414
1228.png,5,-0.0414
1229.png,5,0.0186
1230.png,5,0.015
1231.png,5,0.015
1232.png,5,0.0786
1233.png,5,0.075
1234.png,5,0.1174
1235.png,5,0.115
1236.png,13,0.07980000000000001
1237.png,13,0.07830000000000001
1238.png,13,0.07830000000000001
1239.png,13,0.08420000000000001
1240.png,13,0.08370000000000001
1241.png,5,0.20800000000000002
1242.png,5,0.20500000000000002
1243.png,5,0.2759
1244.png,5,0.2714
1245.png,5,0.2714
1246.png,5,0.3005
1247.png,5,0.299
1248.png,5,0.299
1249.png,5,0.2408
1250.png,5,0.2438
1251.png,5,0.1565
1252.png,5,0.161
1253.png,5,0.0584
1254.png,5,0.065
1255.png,13,-0.0239
1256.png,13,-0.0189
1257.png,13,-0.0189
1258.png,5,-0.14100000000000001
1259.png,5,-0.135
1260.png,5,-0.2212
1261.png,5,-0.2162
1262.png,5,-0.28725
1263.png,5,-0.28275
1264.png,5,-0.28275
1265.png,5,-0.30115
1266.png,5,-0.30015
1267.png,5,-0.28175
1268.png,5,-0.28275
1269.png,5,-0.24594999999999997
1270.png,5,-0.24794999999999998
1271.png,5,-0.18355
1272.png,5,-0.18705
1273.png,5,-0.11345
1274.png,5,-0.11745
1275.png,5,-0.11745
1276.png,5,-0.0369
1277.png,5,-0.0414
1278.png,5,-0.0414
1279.png,5,0.036199999999999996
1280.png,5,0.0322
1281.png,5,0.0322
1282.png,5,0.10919999999999999
1283.png,5,0.105
1284.png,5,0.1686
1285.png,5,0.165
1286.png,5,0.165
1287.png,13,0.11270000000000001
1288.png,13,0.1107
1289.png,5,0.21559999999999999
1290.png,5,0.215
1291.png,5,0.215
1292.png,5,0.268
1293.png,5,0.265
1294.png,5,0.265
1295.png,5,0.2826
1296.png,5,0.2806
1297.png,5,0.2418
1298.png,5,0.2438
1299.png,5,0.1802
1300.png,5,0.185
1301.png,5,0.0896
1302.png,5,0.095
1303.png,5,0.095
1304.png,5,-0.005699999999999999
1305.png,5,-0.0
1306.png,5,-0.0954
1307.png,5,-0.09
1308.png,5,-0.1695
1309.png,5,-0.165
1310.png,5,-0.2003
1311.png,5,-0.1978
1312.png,5,-0.22205
1313.png,5,-0.2208
1314.png,5,-0.2208
1315.png,5,-0.2208
1316.png,5,-0.19039999999999999
1317.png,5,-0.1914
1318.png,5,-0.16845
1319.png,5,-0.1702
1320.png,5,-0.11685
1321.png,5,-0.1196
1322.png,5,-0.061399999999999996
1323.png,5,-0.0644
1324.png,5,-0.0062
1325.png,5,-0.0092
1326.png,5,0.048299999999999996
1327.png,5,0.045
1328.png,5,0.0874
1329.png,5,0.085
1330.png,13,0.09015000000000001
1331.png,13,0.0864
1332.png,13,0.14835
1333.png,13,0.1431
1334.png,5,0.5936
1335.png,5,0.5750000000000001
1336.png,5,1.19025
1337.png,5,1.15275
1338.png,5,1.655
1339.png,5,1.62
1340.png,5,1.75175
1341.png,5,1.744
1342.png,5,1.603
1343.png,5,1.605
1344.png,5,1.605
1345.png,5,1.457
1346.png,5,1.26625
1347.png,5,1.27875
1348.png,5,1.27875
1349.png,5,1.07875
1350.png,5,1.09125
1351.png,9,0.58605
1352.png,9,0.5978
1353.png,5,0.874
1354.png,5,0.88
1355.png,9,0.5795
1356.png,9,0.57575
1357.png,5,1.11
1358.png,5,1.1
1359.png,5,1.27525
1360.png,5,1.26
1361.png,5,1.26
1362.png,5,1.56
1363.png,5,1.49325
1364.png,5,1.482
1365.png,5,1.482
1366.png,5,1.6289999999999998
1367.png,5,1.6184999999999998
1368.png,5,1.7444999999999997
1369.png,5,1.7354999999999998
1370.png,5,1.8264999999999998
1371.png,5,1.8199999999999998
1372.png,5,1.8164999999999998
1373.png,5,1.8167499999999999
1374.png,5,1.72575
1375.png,5,1.7322499999999998
1376.png,5,1.7322499999999998
1377.png,5,1.53975
1378.png,5,1.3225
1379.png,5,1.339
1380.png,5,1.339
1381.png,5,1.1832500000000001
1382.png,5,1.2005000000000001
1383.png,5,0.9455
1384.png,5,0.9625
1385.png,5,0.6775
1386.png,5,0.6965
1387.png,5,0.44225
1388.png,5,0.46125
1389.png,5,0.22000000000000003
1390.png,5,0.23600000000000002
1391.png,5,0.23600000000000002
1392.png,5,-0.002
1393.png,5,0.012
1394.png,5,0.012
1395.png,5,-0.1996
1396.png,5,-0.1886
1397.png,5,-0.1886
1398.png,13,-0.18445
1399.png,13,-0.1782
1400.png,5,-0.3327
1401.png,5,-0.3312
1402.png,5,-0.235
1403.png,5,-0.23925
1404.png,5,0.018349999999999998
1405.png,5,0.00435
1406.png,5,0.00435
1407.png,5,0.28104999999999997
1408.png,5,0.2668
1409.png,13,0.33065
1410.png,13,0.3159
1411.png,5,0.8098
1412.png,5,0.7958
1413.png,5,0.7958
1414.png,9,0.71545
1415.png,9,0.68845
1416.png,9,0.68845
1417.png,5,1.7402499999999999
1418.png,5,1.6609999999999998
1419.png,5,1.6412499999999999
1420.png,5,1.6412499999999999
1421.png,5,1.87225
1422.png,5,1.85575
1423.png,5,1.8207499999999999
1424.png,5,1.8232499999999998
1425.png,5,1.7077499999999999
1426.png,5,1.716
1427.png,5,1.716
1428.png,5,1.5444999999999998
1429.png,5,1.5567499999999999
1430.png,5,1.5567499999999999
1431.png,5,1.34325
1432.png,5,1.3585
1433.png,5,1.3585
1434.png,5,1.2595
1435.png,5,1.27875
1436.png,5,1.27875
1437.png,5,0.8635
1438.png,5,0.8855000000000001
1439.png,5,0.56475
1440.png,5,0.58875
1441.png,5,0.58875
1442.png,5,0.24475
1443.png,5,0.26625
1444.png,5,-0.005000000000000001
1445.png,5,0.012
1446.png,5,-0.25375
1447.png,5,-0.23925
1448.png,5,-0.5665
1449.png,5,-0.55
1450.png,5,-0.7533500000000001
1451.png,5,-0.7406
1452.png,5,-0.9119499999999999
1453.png,5,-0.90045
1454.png,5,-0.90045
1455.png,5,-1.0065
1456.png,5,-0.996
1457.png,5,-1.15325
1458.png,5,-1.1440000000000001
1459.png,5,-1.2125
1460.png,5,-1.3157499999999998
1461.png,5,-1.3087499999999999
1462.png,5,-1.3087499999999999
1463.png,5,-1.38875
1464.png,5,-1.38375
1465.png,5,-1.3997499999999998
1466.png,5,-1.39875
1467.png,5,-1.3427499999999999
1468.png,5,-1.34625
1469.png,5,-1.1139999999999999
1470.png,5,-1.1235
1471.png,5,-0.8985
1472.png,5,-0.9135
1473.png,5,-0.5910000000000001
1474.png,5,-0.6125
1475.png,5,-0.26825
1476.png,5,-0.2925
1477.png,5,0.1275
1478.png,5,0.10124999999999999
1479.png,5,0.60965
1480.png,5,0.5829
1481.png,5,1.2106
1482.png,5,1.18
1483.png,5,1.4267999999999998
1484.png,5,1.40505
1485.png,5,1.55975
1486.png,5,1.544
1487.png,5,1.5314999999999999
1488.png,5,1.5262499999999999
1489.png,5,1.46225
1490.png,5,1.46625
1491.png,5,1.28625
1492.png,5,1.2974999999999999
1493.png,5,1.0335
1494.png,5,1.05
1495.png,9,0.4619
1496.png,9,0.48264999999999997
1497.png,5,0.3715
1498.png,5,0.396
1499.png,5,-0.0205
1500.png,5,0.004
1501.png,13,-0.3159
1502.png,13,-0.2889
1503.png,5,-0.8748499999999999
1504.png,5,-0.8525999999999999
1505.png,5,-1.005
1506.png,5,-0.992
1507.png,5,-1.1535000000000002
1508.png,5,-1.1440000000000001
1509.png,5,-1.2165
1510.png,5,-1.2075
1511.png,5,-1.3114999999999999
1512.png,5,-1.305
1513.png,5,-1.377
1514.png,5,-1.3725
1515.png,5,-1.3965
1516.png,5,-1.395
1517.png,5,-1.339
1518.png,5,-1.3425
1519.png,5,-1.118
1520.png,5,-1.127
1521.png,5,-0.9095000000000001
1522.png,5,-0.924
1523.png,5,-0.6315000000000001
1524.png,5,-0.651
1525.png,5,-0.3615
1526.png,5,-0.3825
1527.png,5,-0.05049999999999999
1528.png,5,-0.07125
1529.png,5,0.2725
1530.png,5,0.252
1531.png,5,0.639
1532.png,5,0.621
1533.png,5,0.9823999999999999
1534.png,5,0.965
1535.png,5,1.00515
1536.png,5,0.99615
1537.png,9,0.5853499999999999
1538.png,9,0.5831
1539.png,5,0.901
1540.png,5,0.904
1541.png,9,0.5105
1542.png,9,0.5145
1543.png,9,0.40109999999999996
1544.png,9,0.41159999999999997
1545.png,5,0.315
1546.png,5,0.336
1547.png,5,-0.22925
1548.png,5,-0.196
1549.png,5,-1.0665
1550.png,5,-1.02
1551.png,5,-1.53495
1552.png,5,-1.5042
1553.png,5,-1.7245
1554.png,5,-1.7
1555.png,5,-1.9465
1556.png,5,-1.932
1557.png,5,-1.6572500000000001
1558.png,5,-1.651
1559.png,5,-1.6474999999999997
1560.png,5,-1.6477499999999998
1561.png,5,-1.59525
1562.png,5,-1.599
1563.png,5,-1.5325
1564.png,5,-1.53725
1565.png,5,-1.4357499999999999
1566.png,5,-1.4429999999999998
1567.png,5,-1.525
1568.png,5,-1.53375
1569.png,5,-1.36575
1570.png,5,-1.37625
1571.png,5,-1.1802499999999998
1572.png,5,-1.1925
1573.png,5,-0.9605
1574.png,5,-0.975
1575.png,9,-0.4885
1576.png,9,-0.50225
1577.png,5,-0.599
1578.png,5,-0.612
1579.png,5,-0.4845
1580.png,5,-0.492
1581.png,5,-0.53045
1582.png,5,-0.5307
1583.png,5,-0.49389999999999995
1584.png,5,-0.49589999999999995
1585.png,5,-0.4913
1586.png,5,-0.49155
1587.png,5,-0.5392
1588.png,5,-0.5382
1589.png,5,-0.59155
1590.png,5,-0.5888
1591.png,5,-0.66155
1592.png,5,-0.6577999999999999
1593.png,5,-0.74025
1594.png,5,-0.736
1595.png,5,-0.7787999999999999
1596.png,5,-0.7743
1597.png,5,-0.8570999999999999
1598.png,5,-0.8525999999999999
1599.png,5,-0.9216
1600.png,5,-0.9178499999999999
1601.png,5,-0.9224499999999999
1602.png,5,-0.9221999999999999
1603.png,5,-0.8807999999999999
1604.png,5,-0.8830499999999999
1605.png,5,-0.8077500000000001
1606.png,5,-0.808
1607.png,5,-0.842
1608.png,5,-0.84
1609.png,9,-0.5468999999999999
1610.png,9,-0.5438999999999999
1611.png,5,-0.9390000000000001
1612.png,5,-0.936
1613.png,5,-0.9774999999999999
1614.png,5,-0.97125
1615.png,5,-1.05525
1616.png,5,-1.05
1617.png,5,-1.074
1618.png,5,-1.0725
1619.png,5,-1.0725
1620.png,5,-1.0725
1621.png,5,-1.0485
1622.png,5,-1.05
1623.png,5,-0.91625
1624.png,5,-0.9205
1625.png,5,-0.8005
1626.png,5,-0.8085
1627.png,5,-0.6435
1628.png,5,-0.6545
1629.png,5,-0.46924999999999994
1630.png,5,-0.48374999999999996
1631.png,5,-0.21975
1632.png,5,-0.23625
1633.png,5,0.0285
1634.png,5,0.012
1635.png,5,0.30745
1636.png,5,0.29145
1637.png,5,0.6212
1638.png,5,0.605
1639.png,5,0.8276
1640.png,5,0.8150000000000001
1641.png,5,0.8102499999999999
1642.png,5,0.80475
1643.png,5,0.80015
1644.png,5,0.8004
1645.png,5,0.7222
1646.png,5,0.7264499999999999
1647.png,5,0.60225
1648.png,5,0.609
1649.png,5,0.4342
1650.png,5,0.4437
1651.png,5,0.2597
1652.png,5,0.2697
1653.png,5,0.08635
1654.png,5,0.09659999999999999
1655.png,5,-0.06989999999999999
1656.png,5,-0.06
1657.png,5,-0.1925
1658.png,5,-0.185
1659.png,5,-0.2672
1660.png,5,-0.2622
1661.png,5,-0.32614999999999994
1662.png,5,-0.32189999999999996
1663.png,5,-0.38169999999999993
1664.png,5,-0.37844999999999995
1665.png,5,-0.42904999999999993
1666.png,5,-0.42629999999999996
1667.png,5,-0.41750000000000004
1668.png,5,-0.41600000000000004
1669.png,5,-0.4245
1670.png,5,-0.424
1671.png,5,-0.41550000000000004
1672.png,5,-0.41600000000000004
1673.png,5,-0.3735
1674.png,5,-0.376
1675.png,5,-0.308
1676.png,5,-0.312
1677.png,5,-0.21
1678.png,5,-0.216
1679.png,5,-0.1055
1680.png,5,-0.112
1681.png,5,-0.002199999999999999
1682.png,5,-0.0087
1683.png,5,0.1072
1684.png,5,0.1012
1685.png,5,0.216
1686.png,5,0.21
1687.png,5,0.2948
1688.png,5,0.29
1689.png,13,0.1802
1690.png,13,0.1782
1691.png,5,0.3406
1692.png,5,0.34
1693.png,5,0.371
1694.png,5,0.368
1695.png,5,0.4124
1696.png,5,0.4089
1697.png,5,0.3353
1698.png,5,0.3393
1699.png,5,0.2521
1700.png,5,0.2576
1701.png,5,0.13160000000000002
1702.png,5,0.14
1703.png,5,-0.0084
1704.png,5,-0.0
1705.png,5,-0.1272
1706.png,5,-0.12
1707.png,5,-0.20255
1708.png,5,-0.1978
1709.png,5,-0.2657
1710.png,5,-0.2622
1711.png,5,-0.29395
1712.png,5,-0.29145
1713.png,5,-0.31444999999999995
1714.png,5,-0.3132
1715.png,5,-0.32239999999999996
1716.png,5,-0.32189999999999996
1717.png,5,-0.279
1718.png,5,-0.28
1719.png,5,-0.2375
1720.png,5,-0.24
1721.png,5,-0.1805
1722.png,5,-0.184
1723.png,5,-0.12189999999999998
1724.png,5,-0.12614999999999998
1725.png,5,-0.04794999999999999
1726.png,5,-0.052199999999999996
1727.png,5,-0.052199999999999996
1728.png,5,0.032100000000000004
1729.png,5,0.0955
1730.png,5,0.092
1731.png,5,0.092
1732.png,5,0.1636
1733.png,5,0.16
1734.png,5,0.16
1735.png,5,0.1918
1736.png,5,0.2006
1737.png,5,0.2
1738.png,5,0.2
1739.png,5,0.2
1740.png,5,0.1894
1741.png,13,0.0849
1742.png,13,0.0864
1743.png,13,0.0864
1744.png,13,0.09820000000000001
1745.png,13,0.09720000000000001
1746.png,13,0.09720000000000001
1747.png,5,0.27540000000000003
1748.png,5,0.27
1749.png,5,0.27
1750.png,5,0.31629999999999997
1751.png,5,0.31279999999999997
1752.png,5,0.31279999999999997
1753.png,5,0.31279999999999997
1754.png,5,0.31279999999999997
1755.png,5,0.2061
1756.png,5,0.2116
1757.png,5,0.0922
1758.png,5,0.1
1759.png,13,-0.022699999999999998
1760.png,13,-0.0162
1761.png,5,-0.15189999999999998
1762.png,5,-0.145
1763.png,5,-0.23525
1764.png,5,-0.22999999999999998
1765.png,5,-0.3095
1766.png,5,-0.3045
1767.png,5,-0.3413
1768.png,5,-0.3393
1769.png,5,-0.3393
1770.png,5,-0.329
1771.png,5,-0.328
1772.png,5,-0.328
1773.png,5,-0.3195
1774.png,5,-0.32
1775.png,5,-0.28600000000000003
1776.png,5,-0.28800000000000003
1777.png,5,-0.2285
1778.png,5,-0.232
1779.png,5,-0.15975
1780.png,5,-0.164
1781.png,5,-0.09555
1782.png,5,-0.10005
1783.png,5,-0.012649999999999998
1784.png,5,-0.0174
1785.png,5,0.0689
1786.png,5,0.0644
1787.png,5,0.14200000000000002
1788.png,5,0.138
1789.png,5,0.138
1790.png,5,0.21359999999999998
1791.png,5,0.21
1792.png,5,0.2418
1793.png,5,0.24
1794.png,13,0.1355
1795.png,13,0.135
1796.png,13,0.135
1797.png,13,0.135
1798.png,5,0.2182
1799.png,5,0.22
1800.png,5,0.2306
1801.png,5,0.23
1802.png,5,0.2892
1803.png,5,0.2852
1804.png,5,0.29005
1805.png,5,0.2898
1806.png,5,0.20735
1807.png,5,0.124
1808.png,5,0.13
1809.png,5,0.13
1810.png,13,-0.006500000000000001
1811.png,13,-0.0
1812.png,5,-0.1378
1813.png,5,-0.13
1814.png,5,-0.22145
1815.png,5,-0.2162
1816.png,5,-0.31024999999999997
1817.png,5,-0.3045
1818.png,5,-0.4057
1819.png,5,-0.41050000000000003
1820.png,5,-0.40800000000000003
1821.png,5,-0.42924999999999996
1822.png,5,-0.428
1823.png,5,-0.428
1824.png,5,-0.42375
1825.png,5,-0.3815
1826.png,5,-0.384
1827.png,5,-0.384
1828.png,5,-0.316
1829.png,5,-0.32
1830.png,5,-0.218
1831.png,5,-0.105
1832.png,5,-0.112
1833.png,5,-0.112
1834.png,5,0.0162
1835.png,5,0.1547
1836.png,5,0.1472
1837.png,5,0.1472
1838.png,5,0.29779999999999995
1839.png,13,0.2156
1840.png,13,0.2106
1841.png,5,0.4536
1842.png,5,0.45
1843.png,5,0.5248999999999999
1844.png,5,0.5176499999999999
1845.png,5,0.5176499999999999
1846.png,5,0.6372499999999999
1847.png,5,0.6307499999999999
1848.png,5,0.55255
1849.png,5,0.5568
1850.png,5,0.44639999999999996
1851.png,5,0.45239999999999997
1852.png,5,0.28679999999999994
1853.png,5,0.29579999999999995
1854.png,5,0.1091
1855.png,5,-0.082
1856.png,5,-0.07
1857.png,5,-0.07
1858.png,5,-0.2396
1859.png,5,-0.23
1860.png,5,-0.31344999999999995
1861.png,5,-0.3082
1862.png,5,-0.38804999999999995
1863.png,5,-0.3828
1864.png,5,-0.46099999999999997
1865.png,5,-0.48374999999999996
1866.png,5,-0.48
1867.png,5,-0.48
1868.png,5,-0.531
1869.png,5,-0.528
1870.png,5,-0.5535
1871.png,5,-0.552
1872.png,5,-0.535
1873.png,5,-0.536
1874.png,5,-0.48925
1875.png,5,-0.492
1876.png,5,-0.40275000000000005
1877.png,5,-0.40800000000000003
1878.png,5,-0.272
1879.png,5,-0.28
1880.png,5,-0.09725
1881.png,5,-0.108
1882.png,5,0.10794999999999999
1883.png,5,0.0957
1884.png,5,0.35824999999999996
1885.png,5,0.345
1886.png,13,0.35295
1887.png,13,0.3402
1888.png,5,0.8124
1889.png,5,0.8004
1890.png,5,0.9178999999999999
1891.png,5,0.9091499999999999
1892.png,5,1.1165
1893.png,5,1.1
1894.png,5,1.31925
1895.png,5,1.30125
1896.png,5,1.2652499999999998
1897.png,5,1.2674999999999998
1898.png,5,1.1674999999999998
1899.png,5,1.1737499999999998
1900.png,5,1.09775
1901.png,5,1.1025
1902.png,5,1.0465
1903.png,5,1.05
1904.png,5,1.0259999999999998
1905.png,5,1.0274999999999999
1906.png,5,1.0274999999999999
1907.png,5,1.0274999999999999
1908.png,5,1.0195
1909.png,5,1.02
1910.png,5,0.922
1911.png,5,0.924
1912.png,5,0.8565
1913.png,5,0.861
1914.png,5,0.74475
1915.png,5,0.7525000000000001
1916.png,5,0.63025
1917.png,5,0.64125
1918.png,5,0.41724999999999995
1919.png,5,0.43124999999999997
1920.png,5,0.18324999999999997
1921.png,5,0.19874999999999998
1922.png,5,-0.043
1923.png,5,-0.028
1924.png,5,-0.26965
1925.png,5,-0.25665
1926.png,5,-0.5123
1927.png,5,-0.5
1928.png,5,-0.6378
1929.png,5,-0.63
1930.png,5,-0.5940999999999999
1931.png,5,-0.5915999999999999
1932.png,5,-0.5456
1933.png,5,-0.5480999999999999
1934.png,5,-0.44689999999999996
1935.png,5,-0.45239999999999997
1936.png,5,-0.31439999999999996
1937.png,5,-0.32189999999999996
1938.png,5,-0.16094999999999998
1939.png,5,-0.1702
1940.png,5,0.021699999999999997
1941.png,5,0.01
1942.png,5,0.222
1943.png,5,0.21
1944.png,5,0.3678
1945.png,5,0.3588
1946.png,5,0.47269999999999995
1947.png,5,0.46545
1948.png,5,0.5482499999999999
1949.png,5,0.54375
1950.png,5,0.5425
1951.png,5,0.54
1952.png,5,0.54
1953.png,5,0.54
1954.png,5,0.51025
1955.png,5,0.512
1956.png,5,0.461
1957.png,5,0.464
1958.png,5,0.3875
1959.png,5,0.392
1960.png,5,0.307
1961.png,5,0.312
1962.png,5,0.21425
1963.png,5,0.22
1964.png,5,0.13804999999999998
1965.png,5,0.14354999999999998
1966.png,5,0.05155
1967.png,5,0.056549999999999996
1968.png,5,-0.02265
1969.png,5,-0.0184
1970.png,5,-0.08360000000000001
1971.png,5,-0.08
1972.png,5,-0.1224
1973.png,5,-0.12
1974.png,5,-0.13590000000000002
1975.png,5,-0.135
1976.png,13,-0.0611
1977.png,13,-0.0621
1978.png,13,-0.03555
1979.png,13,-0.0378
1980.png,13,-0.00535
1981.png,13,-0.0081
1982.png,5,0.10690000000000001
1983.png,5,0.1
1984.png,5,0.189
1985.png,5,0.184
1986.png,5,0.1142
1987.png,5,0.11745
1988.png,5,0.04385
1989.png,5,0.04785
1990.png,5,-0.06095
1991.png,5,-0.0552
1992.png,5,-0.2031
1993.png,5,-0.195
1994.png,5,-0.3381
1995.png,5,-0.33
1996.png,5,-0.4572
1997.png,5,-0.45
1998.png,5,-0.5507000000000001
1999.png,5,-0.545
2000.png,5,-0.56445
2001.png,5,-0.5612
2002.png,5,-0.5854499999999999
2003.png,5,-0.5841999999999999
2004.png,5,-0.54325
2005.png,5,-0.54375
2006.png,5,-0.52075
2007.png,5,-0.522
2008.png,5,-0.48059999999999997
2009.png,5,-0.48284999999999995
2010.png,5,-0.43684999999999996
2011.png,5,-0.43934999999999996
2012.png,5,-0.40155
2013.png,5,-0.4048
2014.png,5,-0.3369
2015.png,5,-0.3404
2016.png,5,-0.3117
2017.png,5,-0.315
2018.png,5,-0.2514
2019.png,5,-0.255
2020.png,5,-0.1967
2021.png,5,-0.2
2022.png,13,-0.08735
2023.png,13,-0.0891
2024.png,5,-0.14379999999999998
2025.png,5,-0.145
2026.png,13,-0.14025
2027.png,13,-0.135
2028.png,5,-0.47790000000000005
2029.png,5,-0.465
2030.png,5,-0.6412
2031.png,5,-0.6302
2032.png,5,-0.8765499999999999
2033.png,5,-0.8613
2034.png,5,-0.9349
2035.png,5,-0.9309
2036.png,5,-1.0274999999999999
2037.png,5,-1.0222499999999999
2038.png,5,-1.0462500000000001
2039.png,5,-1.04
2040.png,5,-1.159
2041.png,5,-1.1520000000000001
2042.png,5,-1.2
2043.png,5,-1.1925
2044.png,5,-1.3205
2045.png,5,-1.3125
2046.png,5,-1.4244999999999999
2047.png,5,-1.4175
2048.png,5,-1.5094999999999998
2049.png,5,-1.50375
2050.png,5,-1.54375
2051.png,5,-1.54125
2052.png,5,-1.50925
2053.png,5,-1.51125
2054.png,5,-1.38725
2055.png,5,-1.395
2056.png,5,-1.183
2057.png,5,-1.19625
2058.png,5,-0.9122499999999999
2059.png,5,-0.9299999999999999
2060.png,5,-0.61
2061.png,5,-0.63
2062.png,5,-0.31799999999999995
2063.png,5,-0.33749999999999997
2064.png,5,-0.041249999999999995
2065.png,5,-0.06
2066.png,5,0.23374999999999996
2067.png,5,0.21749999999999997
2068.png,5,0.5203
2069.png,5,0.505
2070.png,5,0.6852
2071.png,5,0.675
2072.png,5,0.6470499999999999
2073.png,5,0.6437999999999999
2074.png,5,0.5932
2075.png,5,0.59595
2076.png,5,0.46714999999999995
2077.png,5,0.47414999999999996
2078.png,5,0.29934999999999995
2079.png,5,0.30884999999999996
2080.png,5,0.09724999999999999
2081.png,5,0.10874999999999999
2082.png,5,-0.13235
2083.png,5,-0.1196
2084.png,5,-0.395
2085.png,5,-0.38
2086.png,5,-0.56785
2087.png,5,-0.5566
2088.png,5,-0.68735
2089.png,5,-0.6786
2090.png,5,-0.7844
2091.png,5,-0.77865
2092.png,5,-0.83385
2093.png,5,-0.83085
2094.png,5,-0.76825
2095.png,5,-0.768
2096.png,5,-0.7255
2097.png,5,-0.728
2098.png,5,-0.5835
2099.png,5,-0.592
2100.png,5,-0.422
2101.png,5,-0.432
2102.png,5,-0.2365
2103.png,5,-0.248
2104.png,5,-0.04825
2105.png,5,-0.06
2106.png,5,0.14175000000000001
2107.png,5,0.1305
2108.png,5,0.3567
2109.png,5,0.34500000000000003
2110.png,5,0.504
2111.png,5,0.495
2112.png,5,0.54755
2113.png,5,0.5428
2114.png,5,0.5317
2115.png,5,0.5307
2116.png,5,0.49389999999999995
2117.png,5,0.49589999999999995
2118.png,5,0.42229999999999995
2119.png,5,0.42629999999999996
2120.png,5,0.42629999999999996
2121.png,5,0.3251
2122.png,5,0.3306
2123.png,5,0.20639999999999997
2124.png,5,0.21314999999999998
2125.png,5,0.21314999999999998
2126.png,5,0.09444999999999999
2127.png,5,0.1012
2128.png,5,-0.0384
2129.png,5,-0.03
2130.png,13,-0.08995000000000002
2131.png,13,-0.08370000000000001
2132.png,13,-0.08370000000000001
2133.png,5,-0.261
2134.png,5,-0.255
2135.png,5,-0.35585
2136.png,5,-0.3496
2137.png,5,-0.3496
2138.png,5,-0.4226
2139.png,5,-0.41759999999999997
2140.png,5,-0.41759999999999997
2141.png,5,-0.4084
2142.png,5,-0.4089
2143.png,5,-0.36289999999999994
2144.png,5,-0.36539999999999995
2145.png,5,-0.36539999999999995
2146.png,5,-0.28259999999999996
2147.png,5,-0.28709999999999997
2148.png,5,-0.28709999999999997
2149.png,5,-0.1813
2150.png,5,-0.18705
2151.png,5,-0.07665
2152.png,5,-0.08265
2153.png,5,-0.08265
2154.png,5,0.03385
2155.png,5,0.0276
2156.png,5,0.136
2157.png,5,0.13
2158.png,5,0.13
2159.png,13,0.1233
2160.png,13,0.1188
2161.png,13,0.1188
2162.png,5,0.2836
2163.png,5,0.28
2164.png,5,0.3546
2165.png,5,0.3496
2166.png,5,0.3496
2167.png,5,0.4226
2168.png,5,0.41759999999999997
2169.png,5,0.41759999999999997
2170.png,5,0.38079999999999997
2171.png,5,0.3828
2172.png,5,0.3092
2173.png,5,0.3132
2174.png,5,0.3132
2175.png,5,0.21199999999999997
2176.png,5,0.21749999999999997
2177.png,5,0.21749999999999997
2178.png,5,0.10389999999999999
2179.png,5,0.1104
2180.png,5,0.1104
2181.png,5,-0.0072
2182.png,5,-0.0
2183.png,5,-0.0
2184.png,13,-0.0708
2185.png,13,-0.0648
2186.png,5,-0.226
2187.png,5,-0.22
2188.png,5,-0.22
2189.png,5,-0.31394999999999995
2190.png,5,-0.3082
2191.png,5,-0.3082
2192.png,5,-0.38804999999999995
2193.png,5,-0.3828
2194.png,5,-0.3736
2195.png,5,-0.3741
2196.png,5,-0.3741
2197.png,5,-0.3373
2198.png,5,-0.3393
2199.png,5,-0.3393
2200.png,5,-0.2657
2201.png,5,-0.2697
2202.png,5,-0.17769999999999997
2203.png,5,-0.18269999999999997
2204.png,5,-0.08149999999999999
2205.png,5,-0.087
2206.png,5,-0.087
2207.png,5,0.0147
2208.png,5,0.0092
2209.png,5,0.116
2210.png,5,0.11
2211.png,5,0.11
2212.png,5,0.1948
2213.png,5,0.19
2214.png,5,0.2483
2215.png,5,0.245
2216.png,5,0.2715
2217.png,5,0.27
2218.png,5,0.27
2219.png,5,0.27
2220.png,5,0.27
2221.png,5,0.2382
2222.png,5,0.24
2223.png,5,0.24
2224.png,5,0.1764
2225.png,5,0.18
2226.png,5,0.18
2227.png,5,0.1111
2228.png,5,0.115
2229.png,5,0.035500000000000004
2230.png,5,0.04
2231.png,13,-0.0197
2232.png,13,-0.0162
2233.png,13,-0.0162
2234.png,5,-0.0936
2235.png,5,-0.09
2236.png,5,-0.1536
2237.png,5,-0.15
2238.png,5,-0.19135
2239.png,5,-0.1886
2240.png,5,-0.1886
2241.png,5,-0.19344999999999998
2242.png,5,-0.19319999999999998
2243.png,5,-0.1835
2244.png,5,-0.184
2245.png,5,-0.184
2246.png,5,-0.1452
2247.png,5,-0.1472
2248.png,5,-0.1084
2249.png,5,-0.1104
2250.png,5,-0.052199999999999996
2251.png,5,-0.0552
2252.png,5,-0.0552
2253.png,5,-0.007000000000000001
2254.png,5,-0.01
2255.png,5,0.043000000000000003
2256.png,5,0.04
2257.png,5,0.0877
2258.png,5,0.085
2259.png,5,0.085
2260.png,13,0.06655
2261.png,13,0.0648
2262.png,13,0.07365000000000001
2263.png,13,0.0729
2264.png,13,0.0729
2265.png,5,0.17740000000000003
2266.png,5,0.17500000000000002
2267.png,5,0.23374999999999999
2268.png,5,0.22999999999999998
2269.png,5,0.22999999999999998
2270.png,5,0.2591
2271.png,5,0.2576
2272.png,5,0.2576
2273.png,5,0.2091
2274.png,5,0.2116
2275.png,5,0.2116
2276.png,5,0.1437
2277.png,5,0.1472
2278.png,5,0.0646
2279.png,5,0.07
2280.png,5,0.07
2281.png,5,-0.0254
2282.png,5,-0.02
2283.png,5,-0.02
2284.png,13,-0.05800000000000001
2285.png,13,-0.054000000000000006
2286.png,5,-0.1689
2287.png,5,-0.165
2288.png,5,-0.165
2289.png,5,-0.22455
2290.png,5,-0.2208
2291.png,5,-0.264
2292.png,5,-0.261
2293.png,5,-0.2564
2294.png,5,-0.25665
2295.png,5,-0.22444999999999998
2296.png,5,-0.22619999999999998
2297.png,5,-0.22619999999999998
2298.png,5,-0.18019999999999997
2299.png,5,-0.18269999999999997
2300.png,5,-0.1253
2301.png,5,-0.1288
2302.png,5,-0.051199999999999996
2303.png,5,-0.0552
2304.png,5,-0.0552
2305.png,5,0.0195
2306.png,5,0.015
2307.png,5,0.015
2308.png,5,0.0839
2309.png,5,0.08
2310.png,5,0.08
2311.png,5,0.1436
2312.png,5,0.14
2313.png,13,0.09920000000000001
2314.png,13,0.09720000000000001
2315.png,5,0.1906
2316.png,5,0.19
2317.png,5,0.19
2318.png,5,0.23240000000000002
2319.png,5,0.23
2320.png,5,0.2601
2321.png,5,0.2576
2322.png,5,0.2188
2323.png,5,0.2208
2324.png,5,0.2208
2325.png,5,0.17110000000000003
2326.png,5,0.17500000000000002
2327.png,5,0.0902
2328.png,5,0.095
2329.png,5,0.004900000000000001
2330.png,5,0.01
2331.png,13,-0.041800000000000004
2332.png,13,-0.0378
2333.png,5,-0.14420000000000002
2334.png,5,-0.14
2335.png,5,-0.14
2336.png,5,-0.2142
2337.png,5,-0.21
2338.png,5,-0.25625
2339.png,5,-0.253
2340.png,5,-0.253
2341.png,5,-0.23925
2342.png,5,-0.23925
2343.png,5,-0.17944999999999997
2344.png,5,-0.18269999999999997
2345.png,5,-0.017099999999999997
2346.png,5,-0.026099999999999998
2347.png,5,0.2131
2348.png,5,0.2001
2349.png,5,0.2001
2350.png,5,0.5586
2351.png,5,0.54
2352.png,5,0.911
2353.png,5,1.168
2354.png,5,1.15
2355.png,5,1.4417
2356.png,5,1.42245
2357.png,5,1.42245
2358.png,5,1.6754499999999999
2359.png,5,1.6617
2360.png,5,1.6617
2361.png,5,1.6427500000000002
2362.png,5,1.6445
2363.png,5,1.6440000000000001
2364.png,5,1.5802500000000002
2365.png,5,1.584
2366.png,5,1.584
2367.png,5,1.393
2368.png,5,1.39875
2369.png,5,1.27075
2370.png,5,1.16275
2371.png,5,1.17
2372.png,5,1.162
2373.png,5,1.1624999999999999
2374.png,5,1.2785
2375.png,5,1.27125
2376.png,5,1.27125
2377.png,5,1.47125
2378.png,5,1.6987499999999998
2379.png,5,1.6837499999999999
2380.png,5,1.68325
2381.png,5,1.66725
2382.png,5,1.84225
2383.png,5,1.82975
2384.png,5,1.89625
2385.png,5,1.8915
2386.png,5,1.916
2387.png,5,1.91425
2388.png,5,1.8932499999999999
2389.png,5,1.89475
2390.png,5,1.83175
2391.png,5,1.83625
2392.png,5,1.66825
2393.png,5,1.68025
2394.png,5,1.47025
2395.png,5,1.48525
2396.png,5,1.48525
2397.png,5,1.4457499999999999
2398.png,5,1.1985
2399.png,5,1.2149999999999999
2400.png,5,1.2149999999999999
2401.png,5,0.86775
2402.png,5,0.66075
2403.png,5,0.67875
2404.png,5,0.4265
2405.png,5,0.444
2406.png,5,0.18475000000000003
2407.png,5,0.2
2408.png,5,0.0457
2409.png,5,0.0552
2410.png,5,-0.0407
2411.png,5,-0.035
2412.png,5,-0.035
2413.png,5,-0.0244
2414.png,5,-0.025
2415.png,5,0.0643
2416.png,5,0.0598
2417.png,5,0.23925
2418.png,13,0.28250000000000003
2419.png,13,0.27
2420.png,5,0.8339000000000001
2421.png,5,0.8150000000000001
2422.png,5,0.8150000000000001
2423.png,11,0.8142499999999999
2424.png,11,0.7799999999999999
2425.png,5,2.02875
2426.png,5,1.83625
2427.png,5,1.8199999999999998
2428.png,5,1.8199999999999998
2429.png,5,2.0719999999999996
2430.png,-0.6,1
2431.png,-0.6,1
2432.png,-0.6,1
2433.png,-0.6,1
2434.png,-0.6,1
2435.png,-0.6,1
2436.png,-0.6,1
2437.png,-0.6,1
2438.png,-0.6,1
2439.png,-0.6,1
2440.png,-0.6,1
2441.png,-0.6,1
2442.png,-0.6,1
2443.png,-0.6,1
2444.png,-0.6,1
2445.png,5,2.0645
2446.png,5,2.0637499999999998
2447.png,5,2.02175
2448.png,5,2.02475
2449.png,5,1.9862499999999998
2450.png,5,1.9889999999999999
2451.png,5,1.9645
2452.png,5,1.9662499999999998
2453.png,5,1.9557499999999999
2454.png,5,1.9565
2455.png,5,1.9669999999999999
2456.png,5,1.9662499999999998
2457.png,5,1.97325
2458.png,5,1.97275
2459.png,5,1.9622499999999998
2460.png,5,1.9629999999999999
2461.png,5,1.9105
2462.png,5,1.91425
2463.png,5,1.7987499999999998
2464.png,5,1.807
2465.png,5,1.548
2466.png,5,1.5665
2467.png,5,1.269
2468.png,5,1.29025
2469.png,5,1.02575
2470.png,5,1.05
2471.png,5,0.6825
2472.png,5,0.707
2473.png,5,0.3655
2474.png,5,0.39
2475.png,5,0.029250000000000005
2476.png,5,0.052000000000000005
2477.png,5,-0.3282
2478.png,5,-0.3082
2479.png,5,-0.58465
2480.png,5,-0.5704
2481.png,5,-0.705
2482.png,5,-0.696
2483.png,5,-0.657
2484.png,5,-0.656
2485.png,5,-0.537
2486.png,5,-0.544
2487.png,5,-0.30175
2488.png,5,-0.316
2489.png,5,0.0495
2490.png,5,0.028
2491.png,5,0.51805
2492.png,5,0.49155
2493.png,5,1.2328000000000001
2494.png,5,1.195
2495.png,5,1.72505
2496.png,5,1.6928
2497.png,5,1.9905
2498.png,5,1.96
2499.png,5,1.7954999999999999
2500.png,5,1.781
2501.png,5,1.7914999999999999
2502.png,5,1.7907499999999998
2503.png,5,1.6472499999999999
2504.png,5,1.6575
2505.png,5,1.4264999999999999
2506.png,5,1.4429999999999998
2507.png,5,1.337
2508.png,5,1.3575
2509.png,5,0.88825
2510.png,5,0.9135
2511.png,5,0.52275
2512.png,5,0.55125
2513.png,5,0.04325
2514.png,5,0.075
2515.png,5,-0.5294
2516.png,5,-0.49589999999999995
2517.png,5,-1.0724500000000001
2518.png,5,-1.0442
2519.png,5,-1.41985
2520.png,5,-1.39635
2521.png,5,-1.64525
2522.png,5,-1.624
2523.png,5,-1.7905
2524.png,5,-1.77375
2525.png,5,-1.72275
2526.png,5,-1.7095
2527.png,5,-1.825
2528.png,5,-1.8167499999999999
2529.png,5,-1.83775
2530.png,5,-1.83625
2531.png,5,-1.7767499999999998
2532.png,5,-1.781
2533.png,5,-1.6059999999999999
2534.png,5,-1.6184999999999998
2535.png,5,-1.3315
2536.png,5,-1.3519999999999999
2537.png,5,-1.3519999999999999
2538.png,5,-1.0885
2539.png,5,-1.113
2540.png,5,-1.113
2541.png,5,-0.70425
2542.png,5,-0.7315
2543.png,5,-0.7315
2544.png,5,-0.2965
2545.png,5,-0.3255
2546.png,5,0.11925
2547.png,5,0.09
2548.png,5,0.6060000000000001
2549.png,5,0.5760000000000001
2550.png,5,1.3083
2551.png,5,1.2750000000000001
2552.png,5,1.2750000000000001
2553.png,5,1.44505
2554.png,5,1.4267999999999998
2555.png,5,1.4395
2556.png,5,1.432
2557.png,5,1.2905
2558.png,5,1.29375
2559.png,5,1.29375
2560.png,5,1.14975
2561.png,5,1.15875
2562.png,5,0.9547499999999999
2563.png,5,0.9674999999999999
2564.png,5,0.9674999999999999
2565.png,9,0.46469999999999995
2566.png,9,0.48019999999999996
2567.png,9,0.48019999999999996
2568.png,5,0.49075
2569.png,5,0.508
2570.png,5,0.18500000000000003
2571.png,5,0.20400000000000001
2572.png,5,-0.12774999999999997
2573.png,5,-0.10874999999999999
2574.png,5,-0.10874999999999999
2575.png,13,-0.25925000000000004
2576.png,13,-0.24300000000000002
2577.png,5,-0.6398999999999999
2578.png,5,-0.6264
2579.png,5,-0.6264
2580.png,5,-0.9576
2581.png,5,-0.9396
2582.png,5,-0.9396
2583.png,5,-1.1572500000000001
2584.png,5,-1.1400000000000001
2585.png,5,-1.1400000000000001
2586.png,5,-1.0687499999999999
2587.png,5,-1.0687499999999999
2588.png,5,-0.9767499999999999
2589.png,5,-0.9824999999999999
2590.png,5,-0.9824999999999999
2591.png,5,-0.8145
2592.png,5,-0.825
2593.png,5,-0.617
2594.png,5,-0.63
2595.png,5,-0.394
2596.png,5,-0.40875
2597.png,5,-0.40875
2598.png,5,-0.181
2599.png,5,-0.196
2600.png,5,0.0505
2601.png,5,0.036000000000000004
2602.png,5,0.036000000000000004
2603.png,5,0.3033
2604.png,5,0.2898
2605.png,5,0.2898
2606.png,13,0.2999
2607.png,13,0.2889
2608.png,5,0.6376999999999999
2609.png,5,0.6302
2610.png,5,0.8075499999999999
2611.png,5,0.7960499999999999
2612.png,5,0.7960499999999999
2613.png,9,0.55635
2614.png,9,0.54635
2615.png,9,0.49774999999999997
2616.png,9,0.50225
2617.png,5,0.718
2618.png,5,0.724
2619.png,5,0.724
2620.png,5,0.622
2621.png,5,0.628
2622.png,5,0.458
2623.png,5,0.468
2624.png,5,0.468
2625.png,5,0.22999999999999998
2626.png,5,0.244
2627.png,5,0.244
2628.png,5,-0.01065
2629.png,5,0.00435
2630.png,5,-0.29710000000000003
2631.png,5,-0.28
2632.png,5,-0.5715
2633.png,5,-0.555
2634.png,5,-0.69905
2635.png,5,-0.6872999999999999
2636.png,5,-0.7977
2637.png,5,-0.7917
2638.png,5,-0.762
2639.png,5,-0.76
2640.png,5,-0.72175
2641.png,5,-0.724
2642.png,5,-0.639
2643.png,5,-0.644
2644.png,5,-0.644
2645.png,5,-0.525
2646.png,5,-0.532
2647.png,5,-0.38325000000000004
2648.png,5,-0.392
2649.png,5,-0.21775
2650.png,5,-0.228
2651.png,5,-0.03175
2652.png,5,-0.0435
2653.png,5,0.1674
2654.png,5,0.15639999999999998
2655.png,5,0.3502
2656.png,5,0.34
2657.png,5,0.4672
2658.png,5,0.46
2659.png,5,0.47655
2660.png,5,0.4738
2661.png,5,0.43884999999999996
2662.png,5,0.43934999999999996
2663.png,5,0.43934999999999996
2664.png,5,0.37955
2665.png,5,0.3828
2666.png,5,0.3
2667.png,5,0.3045
2668.png,5,0.1959
2669.png,5,0.2024
2670.png,5,0.061000000000000006
2671.png,5,0.07
2672.png,5,-0.0996
2673.png,5,-0.09
2674.png,5,-0.2278
2675.png,5,-0.22
2676.png,5,-0.3091
2677.png,5,-0.3036
2678.png,5,-0.3715
2679.png,5,-0.368
2680.png,5,-0.3756
2681.png,5,-0.3741
2682.png,5,-0.36489999999999995
2683.png,5,-0.36539999999999995
2684.png,5,-0.3286
2685.png,5,-0.3306
2686.png,5,-0.3306
2687.png,5,-0.2754
2688.png,5,-0.2784
2689.png,5,-0.2784
2690.png,5,-0.21399999999999997
2691.png,5,-0.21749999999999997
2692.png,5,-0.14389999999999997
2693.png,5,-0.14789999999999998
2694.png,5,-0.0691
2695.png,5,-0.0736
2696.png,5,0.004
2697.png,5,-0.0
2698.png,5,0.0742
2699.png,5,0.07
2700.png,5,0.123
2701.png,5,0.12
2702.png,5,0.12
2703.png,13,0.0825
2704.png,13,0.081
2705.png,5,0.1606
2706.png,5,0.16
2707.png,5,0.16
2708.png,5,0.1812
2709.png,5,0.18
2710.png,5,0.18
2711.png,5,0.18
2712.png,5,0.127
2713.png,5,0.055799999999999995
2714.png,5,0.06
2715.png,5,-0.0354
2716.png,5,-0.03
2717.png,5,-0.03
2718.png,5,-0.12539999999999998
2719.png,5,-0.1942
2720.png,5,-0.19
2721.png,5,-0.19
2722.png,5,-0.2536
2723.png,5,-0.25
2724.png,5,-0.27364999999999995
2725.png,5,-0.2714
2726.png,5,-0.28595
2727.png,5,-0.2852
2728.png,5,-0.2697
2729.png,5,-0.2697
2730.png,5,-0.24209999999999998
2731.png,5,-0.1976
2732.png,5,-0.2001
2733.png,5,-0.2001
2734.png,5,-0.15339999999999998
2735.png,5,-0.0885
2736.png,5,-0.092
2737.png,5,-0.092
2738.png,5,-0.0364
2739.png,5,0.0342
2740.png,5,0.03
2741.png,5,0.03
2742.png,5,0.0883
2743.png,5,0.085
2744.png,13,0.07245
2745.png,5,0.1512
2746.png,5,0.15
2747.png,5,0.15
2748.png,5,0.1606
2749.png,5,0.16
2750.png,5,0.1388
2751.png,5,0.14
2752.png,5,0.0976
2753.png,5,0.1
2754.png,5,0.047
2755.png,5,0.05
2756.png,13,-0.0143
2757.png,13,-0.0108
2758.png,5,-0.09419999999999999
2759.png,5,-0.1642
2760.png,5,-0.16
2761.png,5,-0.2539
2762.png,5,-0.2484
2763.png,5,-0.2484
2764.png,5,-0.32689999999999997
2765.png,5,-0.32189999999999996
2766.png,5,-0.3311
2767.png,5,-0.3306
2768.png,5,-0.32139999999999996
2769.png,5,-0.32189999999999996
2770.png,5,-0.28509999999999996
2771.png,5,-0.2319
2772.png,5,-0.2349
2773.png,5,-0.2349
2774.png,5,-0.1613
2775.png,5,-0.0875
2776.png,5,-0.092
2777.png,5,0.0006999999999999992
2778.png,5,-0.005
2779.png,5,-0.005
2780.png,5,0.0851
2781.png,5,0.08
2782.png,13,0.0786
2783.png,13,0.0756
2784.png,5,0.193
2785.png,5,0.19
2786.png,5,0.2218
2787.png,5,0.22
2788.png,5,0.2412
2789.png,5,0.2392
2790.png,5,0.2586
2791.png,5,0.2576
2792.png,5,0.2091
2793.png,5,0.2116
2794.png,5,0.134
2795.png,5,0.138
2796.png,5,0.044000000000000004
2797.png,5,0.05
2798.png,5,-0.0772
2799.png,5,-0.07
2800.png,13,-0.10860000000000002
2801.png,13,-0.10260000000000001
2802.png,5,-0.3172
2803.png,5,-0.31
2804.png,5,-0.37734999999999996
2805.png,5,-0.3726
2806.png,5,-0.48574999999999996
2807.png,5,-0.4785
2808.png,5,-0.6118999999999999
2809.png,5,-0.6046499999999999
2810.png,5,-0.556
2811.png,5,-0.556
2812.png,5,-0.51775
2813.png,5,-0.52
2814.png,5,-0.43925000000000003
2815.png,5,-0.444
2816.png,5,-0.3165
2817.png,5,-0.324
2818.png,5,-0.18674999999999997
2819.png,5,-0.19574999999999998
2820.png,5,-0.020949999999999996
2821.png,5,-0.030449999999999998
2822.png,5,0.17700000000000002
2823.png,5,0.165
2824.png,5,0.36110000000000003
2825.png,5,0.35000000000000003
2826.png,5,0.48205
2827.png,5,0.4738
2828.png,5,0.5492499999999999
2829.png,5,0.54375
2830.png,5,0.5897499999999999
2831.png,5,0.5872499999999999
2832.png,5,0.5780500000000001
2833.png,5,0.57855
2834.png,5,0.464
2835.png,5,0.468
2836.png,5,0.35325
2837.png,5,0.36
2838.png,5,0.2259
2839.png,5,0.2349
2840.png,5,0.037099999999999994
2841.png,5,0.04785
2842.png,5,-0.1729
2843.png,5,-0.16
2844.png,5,-0.3932
2845.png,5,-0.38
2846.png,5,-0.54845
2847.png,5,-0.5382
2848.png,5,-0.65615
2849.png,5,-0.64815
2850.png,5,-0.7447499999999999
2851.png,5,-0.7394999999999999
2852.png,5,-0.7054999999999999
2853.png,5,-0.704
2854.png,5,-0.67425
2855.png,5,-0.676
2856.png,5,-0.58675
2857.png,5,-0.592
2858.png,5,-0.46025000000000005
2859.png,5,-0.468
2860.png,5,-0.30225
2861.png,5,-0.312
2862.png,5,-0.14609999999999998
2863.png,5,-0.1566
2864.png,5,0.02355
2865.png,5,0.0138
2866.png,5,0.2005
2867.png,5,0.19
2868.png,5,0.3649
2869.png,5,0.355
2870.png,5,0.4721
2871.png,5,0.4646
2872.png,5,0.51295
2873.png,5,0.50895
2874.png,5,0.50895
2875.png,5,0.50895
2876.png,5,0.45375
2877.png,5,0.45675
2878.png,5,0.36014999999999997
2879.png,5,0.36539999999999995
2880.png,5,0.23199999999999998
2881.png,5,0.23925
2882.png,5,0.09204999999999999
2883.png,5,0.10005
2884.png,5,-0.0494
2885.png,5,-0.0414
2886.png,5,-0.20400000000000001
2887.png,5,-0.195
2888.png,5,-0.3328
2889.png,5,-0.325
2890.png,5,-0.3863
2891.png,5,-0.3818
2892.png,5,-0.42545
2893.png,5,-0.4232
2894.png,5,-0.4002
2895.png,5,-0.4002
2896.png,5,-0.3726
2897.png,5,-0.3741
2898.png,5,-0.31889999999999996
2899.png,5,-0.32189999999999996
2900.png,5,-0.24829999999999997
2901.png,5,-0.25229999999999997
2902.png,5,-0.1795
2903.png,5,-0.184
2904.png,5,-0.1064
2905.png,5,-0.1104
2906.png,5,-0.0564
2907.png,5,-0.06
2908.png,5,-0.007000000000000001
2909.png,5,-0.01
2910.png,13,0.0241
2911.png,13,0.0216
2912.png,5,0.0771
2913.png,5,0.075
2914.png,5,0.12269999999999999
2915.png,5,0.12
2916.png,5,0.1571
2917.png,5,0.155
2918.png,5,0.1603
2919.png,5,0.16
2920.png,5,0.14409999999999998
2921.png,5,0.145
2922.png,5,0.1079
2923.png,5,0.11
2924.png,5,0.11
2925.png,5,0.056999999999999995
2926.png,5,0.06
2927.png,5,0.007000000000000001
2928.png,5,0.01
2929.png,5,0.01
2930.png,5,-0.037700000000000004
2931.png,5,-0.035
2932.png,13,-0.03955
2933.png,13,-0.0378
2934.png,13,-0.05550000000000001
2935.png,13,-0.054000000000000006
2936.png,13,-0.054000000000000006
2937.png,5,-0.153
2938.png,5,-0.15
2939.png,5,-0.15
2940.png,5,-0.2242
2941.png,5,-0.23635
2942.png,5,-0.2346
2943.png,5,-0.2346
2944.png,5,-0.2346
2945.png,5,-0.20065
2946.png,5,-0.2024
2947.png,5,-0.13935
2948.png,5,-0.1426
2949.png,5,-0.1426
2950.png,5,-0.0755
2951.png,5,-0.08
2952.png,5,-0.08
2953.png,5,-0.0588
2954.png,5,-0.06
2955.png,5,0.0195
2956.png,5,0.015
2957.png,5,0.015
2958.png,5,0.1528
2959.png,5,0.145
2960.png,5,0.145
2961.png,5,0.34640000000000004
2962.png,5,0.335
2963.png,5,0.335
2964.png,5,0.5735
2965.png,5,0.56
2966.png,5,0.748
2967.png,5,0.736
2968.png,5,0.736
2969.png,5,0.9029999999999999
2970.png,5,1.0711499999999998
2971.png,5,1.0614
2972.png,5,1.0614
2973.png,5,1.2315999999999998
2974.png,5,1.2223499999999998
2975.png,5,1.2515
2976.png,5,1.244
2977.png,5,1.295
2978.png,5,1.292
2979.png,5,1.292
2980.png,5,1.30475
2981.png,5,1.304
2982.png,5,1.2065000000000001
2983.png,5,1.2075
2984.png,5,1.2075
2985.png,5,1.1555
2986.png,5,1.15875
2987.png,5,1.15875
2988.png,5,1.17225
2989.png,5,1.176
2990.png,9,0.6770999999999999
2991.png,9,0.6810999999999999
2992.png,9,0.6810999999999999
2993.png,5,1.0270000000000001
2994.png,5,1.032
2995.png,9,0.6537
2996.png,9,0.6517
2997.png,5,1.2255
2998.png,5,1.216
2999.png,5,1.216
3000.png,5,1.256
3001.png,5,1.24875
3002.png,5,1.24875
3003.png,5,1.4567499999999998
3004.png,5,1.4437499999999999
3005.png,5,1.4437499999999999
3006.png,5,1.4117499999999998
3007.png,5,1.4137499999999998
3008.png,5,1.39375
3009.png,5,1.395
3010.png,5,1.395
3011.png,5,1.4549999999999998
3012.png,5,1.45125
3013.png,5,1.45125
3014.png,5,1.5992499999999998
3015.png,5,1.5899999999999999
3016.png,5,1.5899999999999999
3017.png,5,1.539
3018.png,5,1.5274999999999999
3019.png,5,1.5274999999999999
3020.png,5,1.699
3021.png,5,1.68675
3022.png,5,1.8407499999999999
3023.png,5,1.82975
3024.png,5,1.82975
3025.png,5,1.88925
3026.png,5,1.885
3027.png,5,1.885
3028.png,5,1.8885
3029.png,5,1.88825
3030.png,5,1.8392499999999998
3031.png,5,1.8427499999999999
3032.png,5,1.68525
3033.png,5,1.4935
3034.png,5,1.508
3035.png,5,1.2595
3036.png,5,1.27725
3037.png,5,1.098
3038.png,5,1.1165
3039.png,5,1.1165
3040.png,5,0.8690000000000001
3041.png,5,0.8855000000000001
3042.png,5,0.69275
3043.png,5,0.70875
3044.png,5,0.46075
3045.png,5,0.2445
3046.png,5,0.26
3047.png,5,0.04354999999999999
3048.png,5,0.056549999999999996
3049.png,5,-0.1099
3050.png,5,-0.1
3051.png,5,-0.1
3052.png,5,-0.14240000000000003
3053.png,5,-0.06575
3054.png,5,-0.069
3055.png,5,-0.069
3056.png,5,0.0862
3057.png,5,0.07819999999999999
3058.png,5,0.2916
3059.png,5,0.2806
3060.png,5,0.676
3061.png,5,0.655
3062.png,5,1.0631
3063.png,5,1.04
3064.png,11,0.7374499999999999
3065.png,5,1.4257499999999999
3066.png,5,1.4137499999999998
3067.png,5,1.2907499999999998
3068.png,5,1.28625
3069.png,5,1.28625
3070.png,5,1.2182499999999998
3071.png,5,1.2225
3072.png,5,1.0505
3073.png,5,1.06125
3074.png,5,0.8412499999999999
3075.png,5,0.855
3076.png,5,0.6145
3077.png,5,0.632
3078.png,5,0.2835
3079.png,5,0.304
3080.png,5,-0.07419999999999999
3081.png,5,-0.052199999999999996
3082.png,13,-0.29790000000000005
3083.png,13,-0.27540000000000003
3084.png,5,-0.8255
3085.png,5,-0.80475
3086.png,5,-1.12675
3087.png,5,-1.1092499999999998
3088.png,5,-1.32425
3089.png,5,-1.30125
3090.png,5,-1.4322499999999998
3091.png,5,-1.4104999999999999
3092.png,5,-1.4805
3093.png,5,-1.4755
3094.png,5,-1.4545
3095.png,5,-1.456
3096.png,5,-1.351
3097.png,5,-1.3585
3098.png,5,-1.2455
3099.png,5,-1.26
3100.png,5,-0.95625
3101.png,5,-0.9765
3102.png,5,-0.59775
3103.png,5,-0.623
3104.png,5,-0.2195
3105.png,5,-0.2475
3106.png,5,0.2525
3107.png,5,0.22125
3108.png,5,0.8825
3109.png,5,0.851
3110.png,5,1.4233
3111.png,5,1.3938
3112.png,5,1.7780499999999997
3113.png,5,1.7530499999999998
3114.png,5,1.8840000000000001
3115.png,5,1.868
3116.png,5,1.57725
3117.png,5,1.573
3118.png,5,1.4785
3119.png,5,1.48525
3120.png,5,1.4657499999999999
3121.png,5,1.48125
3122.png,5,1.16125
3123.png,5,1.18125
3124.png,5,0.7725
3125.png,5,0.7945
3126.png,5,0.42724999999999996
3127.png,5,0.45375
3128.png,5,-0.026
3129.png,5,0.004
3130.png,5,-0.46585
3131.png,5,-0.4416
3132.png,5,-0.8563
3133.png,5,-0.835
3134.png,5,-0.99785
3135.png,5,-0.9831
3136.png,5,-1.1207500000000001
3137.png,5,-1.108
3138.png,5,-1.21075
3139.png,5,-1.2
3140.png,5,-1.3559999999999999
3141.png,5,-1.34625
3142.png,5,-1.48625
3143.png,5,-1.4775
3144.png,5,-1.5775000000000001
3145.png,5,-1.57125
3146.png,5,-1.6112499999999998
3147.png,5,-1.60875
3148.png,5,-1.55675
3149.png,5,-1.56
3150.png,5,-1.42
3151.png,5,-1.42875
3152.png,5,-1.22475
3153.png,5,-1.2375
3154.png,5,-1.0014999999999998
3155.png,5,-1.0162499999999999
3156.png,5,-0.7160000000000001
3157.png,5,-0.7315
3158.png,5,-0.53975
3159.png,5,-0.5549999999999999
3160.png,5,-0.3625
3161.png,5,-0.376
3162.png,5,-0.18475
3163.png,5,-0.196
3164.png,5,-0.052149999999999995
3165.png,5,-0.060899999999999996
3166.png,5,0.0466
3167.png,5,0.04
3168.png,5,0.0877
3169.png,5,0.085
3170.png,13,0.0341
3171.png,13,0.0351
3172.png,5,-0.0304
3173.png,5,-0.025
3174.png,13,-0.16100000000000003
3175.png,13,-0.14850000000000002
3176.png,5,-0.6798
3177.png,5,-0.6577999999999999
3178.png,9,-0.62305
3179.png,9,-0.5978
3180.png,5,-1.5455
3181.png,5,-1.512
3182.png,5,-1.852
3183.png,5,-1.832
3184.png,5,-1.758
3185.png,5,-1.73875
3186.png,5,-1.67925
3187.png,5,-1.6835
3188.png,5,-1.5399999999999998
3189.png,5,-1.55025
3190.png,5,-1.5847499999999999
3191.png,5,-1.5975
3192.png,5,-1.3615
3193.png,5,-1.37625
3194.png,5,-1.10025
3195.png,5,-1.1175
3196.png,5,-0.8135
3197.png,5,-0.8325
3198.png,5,-0.56075
3199.png,5,-0.58
3200.png,5,-0.2825
3201.png,5,-0.3
3202.png,5,-0.045649999999999996
3203.png,5,-0.060899999999999996
3204.png,5,0.16319999999999998
3205.png,5,0.15
3206.png,5,0.2641
3207.png,5,0.2576
3208.png,5,0.2804
3209.png,5,0.2784
3210.png,5,0.2324
3211.png,5,0.2349
3212.png,5,0.0885
3213.png,5,0.096
3214.png,5,-0.074
3215.png,5,-0.064
3216.png,5,-0.2444
3217.png,5,-0.2349
3218.png,5,-0.4502
3219.png,5,-0.44
3220.png,5,-0.5672
3221.png,5,-0.56
3222.png,5,-0.56855
3223.png,5,-0.5658
3224.png,5,-0.5561
3225.png,5,-0.5566
3226.png,5,-0.50335
3227.png,5,-0.5045999999999999
3228.png,5,-0.5
3229.png,5,-0.50025
3230.png,5,-0.5278499999999999
3231.png,5,-0.52635
3232.png,5,-0.5539499999999999
3233.png,5,-0.55245
3234.png,5,-0.5892499999999999
3235.png,5,-0.5872499999999999
3236.png,5,-0.62405
3237.png,5,-0.62205
3238.png,5,-0.606
3239.png,5,-0.604
3240.png,5,-0.63375
3241.png,5,-0.632
3242.png,5,-0.6617500000000001
3243.png,5,-0.66
3244.png,5,-0.6855
3245.png,5,-0.684
3246.png,5,-0.684
3247.png,9,-0.43244999999999995
3248.png,9,-0.43119999999999997
3249.png,9,-0.43929999999999997
3250.png,9,-0.43855
3251.png,9,-0.44934999999999997
3252.png,9,-0.44834999999999997
3253.png,5,-0.75325
3254.png,5,-0.752
3255.png,5,-0.7435
3256.png,5,-0.744
3257.png,9,-0.4179
3258.png,9,-0.4214
3259.png,5,-0.557
3260.png,5,-0.5625
3261.png,5,-0.481
3262.png,5,-0.488
3263.png,5,-0.3095
3264.png,5,-0.32
3265.png,5,-0.1415
3266.png,5,-0.152
3267.png,5,0.035
3268.png,5,0.024
3269.png,5,0.2101
3270.png,5,0.2001
3271.png,5,0.4102
3272.png,5,0.4
3273.png,5,0.5272
3274.png,5,0.52
3275.png,5,0.5836
3276.png,5,0.58
3277.png,5,0.51905
3278.png,5,0.5198
3279.png,5,0.45189999999999997
3280.png,5,0.45539999999999997
3281.png,5,0.45539999999999997
3282.png,5,0.3487
3283.png,5,0.3542
3284.png,5,0.3542
3285.png,5,0.23779999999999998
3286.png,5,0.13779999999999998
3287.png,5,0.145
3288.png,5,0.145
3289.png,5,0.060200000000000004
3290.png,5,0.065
3291.png,13,-0.006200000000000001
3292.png,13,-0.0027
3293.png,5,-0.0633
3294.png,5,-0.06
3295.png,5,-0.113
3296.png,5,-0.11
3297.png,5,-0.11
3298.png,5,-0.1594
3299.png,5,-0.1855
3300.png,5,-0.184
3301.png,5,-0.184
3302.png,5,-0.19699999999999998
3303.png,5,-0.19574999999999998
3304.png,5,-0.20955
3305.png,5,-0.20879999999999999
3306.png,5,-0.21799999999999997
3307.png,5,-0.21749999999999997
3308.png,5,-0.21749999999999997
3309.png,5,-0.21749999999999997
3310.png,5,-0.20829999999999999
3311.png,5,-0.20879999999999999
3312.png,5,-0.20879999999999999
3313.png,5,-0.19039999999999999
3314.png,5,-0.1914
3315.png,5,-0.1638
3316.png,5,-0.1653
3317.png,5,-0.1653
3318.png,5,-0.11929999999999999
3319.png,5,-0.12179999999999999
3320.png,5,-0.12179999999999999
3321.png,5,-0.07579999999999999
3322.png,5,-0.0231
3323.png,5,-0.026099999999999998
3324.png,5,-0.026099999999999998
3325.png,5,0.0209
3326.png,5,0.0184
3327.png,5,0.0184
3328.png,5,0.0572
3329.png,5,0.0552
3330.png,5,0.0552
3331.png,5,0.1024
3332.png,5,0.1
3333.png,5,0.1
3334.png,5,0.1318
3335.png,5,0.13
3336.png,5,0.13
3337.png,5,0.1406
3338.png,5,0.14
3339.png,5,0.14
3340.png,5,0.14
3341.png,5,0.11879999999999999
3342.png,5,0.12
3343.png,5,0.12
3344.png,5,0.0935
3345.png,5,0.095
3346.png,5,0.095
3347.png,5,0.0579
3348.png,5,0.06
3349.png,5,0.06
3350.png,5,0.0229
3351.png,5,0.025
3352.png,5,0.025
3353.png,5,-0.0068000000000000005
3354.png,5,-0.005
3355.png,5,-0.005
3356.png,5,-0.0315
3357.png,5,-0.03
3358.png,5,-0.047
3359.png,5,-0.046
3360.png,5,-0.06055
3361.png,5,-0.0598
3362.png,5,-0.0598
3363.png,5,-0.0695
3364.png,5,-0.069
3365.png,5,-0.069
3366.png,5,-0.069
3367.png,5,-0.069
3368.png,5,-0.069
3369.png,5,-0.069
3370.png,5,-0.069
3371.png,5,-0.069
3372.png,5,-0.0593
3373.png,5,-0.0598
3374.png,5,-0.0501
3375.png,5,-0.0506
3376.png,5,-0.0506
3377.png,5,-0.0409
3378.png,5,-0.0414
3379.png,5,-0.0414
3380.png,5,-0.022
3381.png,5,-0.023
3382.png,5,-0.023
3383.png,5,-0.0036
3384.png,5,-0.0046
3385.png,5,-0.0046
3386.png,5,0.0148
3387.png,5,0.0138
3388.png,5,0.0138
3389.png,5,0.0235
3390.png,5,0.023
3391.png,5,0.023
3392.png,5,0.0409
3393.png,5,0.04
3394.png,5,0.0453
3395.png,5,0.045
3396.png,5,0.045
3397.png,5,0.045
3398.png,5,0.045
3399.png,5,0.0397
3400.png,5,0.04
3401.png,5,0.0347
3402.png,5,0.035
3403.png,5,0.0244
3404.png,5,0.025
3405.png,5,0.0091
3406.png,5,0.01
3407.png,5,-0.0006
3408.png,5,-0.0
3409.png,5,-0.0097
3410.png,5,-0.0092
3411.png,5,-0.0189
3412.png,5,-0.0184
3413.png,5,-0.0184
3414.png,5,-0.0184
3415.png,5,-0.0184
3416.png,5,-0.0184
3417.png,5,-0.0184
3418.png,5,-0.0184
3419.png,5,-0.0184
3420.png,5,-0.0184
3421.png,5,-0.0184
3422.png,5,-0.0184
3423.png,5,-0.0184
3424.png,5,-0.0184
3425.png,5,-0.0184
3426.png,5,-0.0184
3427.png,5,-0.01355
3428.png,5,-0.0138
3429.png,5,-0.0138
3430.png,5,-0.00895
3431.png,5,0.0005
3432.png,5,-0.0
3433.png,5,0.00485
3434.png,5,0.0046
3435.png,5,0.0046
3436.png,5,0.00945
3437.png,5,0.0092
3438.png,5,0.01405
3439.png,5,0.0138
3440.png,5,0.0138
3441.png,5,0.0138
3442.png,5,0.015
3443.png,5,0.015
3444.png,5,0.015
3445.png,5,0.015
3446.png,5,0.015
3447.png,5,0.015
3448.png,5,0.015
3449.png,5,0.0097
3450.png,5,0.01
3451.png,5,0.0047
3452.png,5,0.005
3453.png,5,0.0046
3454.png,5,0.0046
3455.png,5,-0.0051
3456.png,5,-0.0046
3457.png,5,-0.0046
3458.png,5,-0.0046
3459.png,5,-0.0046
3460.png,5,-0.0046
3461.png,5,-0.0046
3462.png,5,-0.00945
3463.png,5,-0.0092
3464.png,5,-0.0092
3465.png,5,-0.0092
3466.png,5,-0.0092
3467.png,5,-0.0092
3468.png,5,-0.0092
3469.png,5,-0.0092
3470.png,5,-0.0092
3471.png,5,-0.0092
3472.png,5,-0.00435
3473.png,5,-0.0046
3474.png,5,-0.0046
3475.png,5,-0.0046
3476.png,5,-0.0046
3477.png,5,0.00025
3478.png,5,-0.0
3479.png,5,-0.0
3480.png,5,-0.0
3481.png,5,-0.0
3482.png,5,0.00485
3483.png,5,0.0046
3484.png,5,0.0046
3485.png,5,0.00945
3486.png,5,0.0092
3487.png,5,0.0092
3488.png,5,0.0092
3489.png,5,0.0092
3490.png,5,0.0092
3491.png,5,0.0092
3492.png,5,0.0092
3493.png,5,0.0092
3494.png,5,0.0092
3495.png,5,0.0092
3496.png,5,-0.0005
3497.png,5,-0.0
3498.png,5,-0.0
3499.png,5,-0.0
3500.png,5,-0.0
3501.png,5,-0.00485
3502.png,5,-0.0046
3503.png,5,-0.0046
3504.png,5,-0.00945
3505.png,5,-0.0092
3506.png,5,-0.0092
3507.png,5,-0.0092
3508.png,5,-0.0092
3509.png,5,-0.0092
3510.png,5,-0.0092
3511.png,5,-0.0092
3512.png,5,-0.0092
3513.png,5,-0.00435
3514.png,5,-0.0046
3515.png,5,-0.0046
3516.png,5,-0.0046
3517.png,5,-0.0046
3518.png,5,0.00025
3519.png,5,-0.0
3520.png,5,0.00485
3521.png,5,0.0046
3522.png,5,0.0046
3523.png,5,0.0046
3524.png,5,0.0046
3525.png,5,0.0046
3526.png,5,0.0046
3527.png,5,0.0046
3528.png,5,0.0046
3529.png,5,0.0046
3530.png,5,0.0046
3531.png,5,0.0046
3532.png,5,0.005
3533.png,5,0.005
3534.png,5,0.005
3535.png,5,0.005
3536.png,5,0.005
3537.png,5,0.005
3538.png,5,0.005
3539.png,5,0.0046
3540.png,5,0.0046
3541.png,5,0.0046
3542.png,5,0.0046
3543.png,5,0.0046
3544.png,5,0.0046
3545.png,5,0.0046
3546.png,5,-0.00025
3547.png,5,-0.0
3548.png,5,0.00485
3549.png,5,0.0046
3550.png,5,0.0046
3551.png,5,0.0046
3552.png,5,0.0143
3553.png,5,0.0138
3554.png,5,0.01865
3555.png,5,0.0184
3556.png,5,0.025300000000000003
3557.png,5,0.025
3558.png,5,0.0303
3559.png,5,0.03
3560.png,5,0.03
3561.png,5,0.03
3562.png,5,0.03
3563.png,5,0.03
3564.png,5,0.0194
3565.png,5,0.02
3566.png,5,0.0147
3567.png,5,0.015
3568.png,5,-0.0009
3569.png,5,-0.0
3570.png,5,0.01455
3571.png,5,0.0138
3572.png,5,0.0623
3573.png,5,0.0598
3574.png,5,0.14225000000000002
3575.png,5,0.138
3576.png,5,0.2666
3577.png,5,0.26
3578.png,5,0.40840000000000004
3579.png,5,0.4
3580.png,5,0.559
3581.png,5,0.55
3582.png,5,0.7196
3583.png,5,0.71
3584.png,5,0.80355
3585.png,5,0.7958
3586.png,5,0.89515
3587.png,5,0.8874
3588.png,5,1.0667999999999997
3589.png,5,1.0570499999999998
3590.png,5,1.26405
3591.png,5,1.2528
3592.png,5,1.373
3593.png,5,1.36
3594.png,5,1.58525
3595.png,5,1.572
3596.png,5,1.67775
3597.png,5,1.665
3598.png,5,1.6145
3599.png,5,1.60225
3600.png,5,1.7422499999999999
3601.png,5,1.7322499999999998
3602.png,5,1.7987499999999998
3603.png,5,1.7939999999999998
3604.png,5,1.801
3605.png,5,1.8005
3606.png,5,1.755
3607.png,5,1.7582499999999999
3608.png,5,1.57975
3609.png,5,1.5925
3610.png,5,1.3369999999999997
3611.png,5,1.3552499999999998
3612.png,5,1.137
3613.png,5,1.1585
3614.png,5,0.7835
3615.png,5,0.8085
3616.png,5,0.43424999999999997
3617.png,5,0.46125
3618.png,5,0.01175
3619.png,5,0.04
3620.png,5,-0.4533
3621.png,5,-0.42629999999999996
3622.png,13,-0.5596000000000001
3623.png,13,-0.5346000000000001
3624.png,5,-1.29395
3625.png,5,-1.2742
3626.png,5,-1.4395499999999999
3627.png,5,-1.4267999999999998
3628.png,5,-1.45
3629.png,5,-1.43625
3630.png,5,-1.48025
3631.png,5,-1.4775
3632.png,5,-1.1895
3633.png,5,-1.2075
3634.png,5,-0.74825
3635.png,5,-0.7735
3636.png,5,-0.36075
3637.png,5,-0.39
3638.png,5,0.118
3639.png,5,0.08625
3640.png,5,0.69345
3641.png,5,0.6612
3642.png,5,1.4013
3643.png,5,1.365
3644.png,5,1.7310999999999999
3645.png,5,1.7066
3646.png,5,1.722
3647.png,5,1.708
3648.png,5,1.75475
3649.png,5,1.752
3650.png,5,1.6797499999999999
3651.png,5,1.684
3652.png,5,1.43875
3653.png,5,1.4475
3654.png,5,1.2434999999999998
3655.png,5,1.2562499999999999
3656.png,5,1.02425
3657.png,5,1.03875
3658.png,5,0.7907500000000001
3659.png,5,0.80625
3660.png,5,0.5965
3661.png,5,0.612
3662.png,5,0.35275
3663.png,5,0.368
3664.png,5,0.14259999999999998
3665.png,5,0.1566
3666.png,5,-0.05265
3667.png,5,-0.0414
3668.png,13,-0.12755
3669.png,13,-0.1188
3670.png,5,-0.30424999999999996
3671.png,5,-0.299
3672.png,5,-0.31034999999999996
3673.png,5,-0.30884999999999996
3674.png,5,-0.19385
3675.png,5,-0.2001
3676.png,5,-0.048299999999999996
3677.png,5,-0.056549999999999996
3678.png,5,0.13205
3679.png,5,0.12179999999999999
3680.png,5,0.33735
3681.png,5,0.3266
3682.png,13,0.3215
3683.png,13,0.3105
3684.png,5,0.8241
3685.png,5,0.81
3686.png,5,1.1693
3687.png,5,1.14405
3688.png,5,1.35425
3689.png,5,1.33125
3690.png,5,1.27125
3691.png,5,1.275
3692.png,5,1.043
3693.png,5,1.0574999999999999
3694.png,5,0.6345000000000001
3695.png,5,0.658
3696.png,5,0.209
3697.png,5,0.24
3698.png,5,-0.364
3699.png,5,-0.32625
3700.png,5,-1.1179999999999999
3701.png,5,-1.081
3702.png,5,-1.9912
3703.png,5,-1.945
3704.png,5,-2.18925
3705.png,5,-2.152
3706.png,5,-2.0004999999999997
3707.png,5,-1.9825
3708.png,-0.6,-1
3709.png,-0.6,-1
3710.png,-0.6,-1
3711.png,-0.6,-1
3712.png,-0.6,-1
3713.png,-0.6,-1
3714.png,-0.6,-1
3715.png,-0.6,-1
3716.png,-0.6,-1
3717.png,-0.6,-1
3718.png,5,-2.0664999999999996
3719.png,5,-2.0604999999999998
3720.png,5,-1.9869999999999999
3721.png,5,-1.9922499999999999
3722.png,5,-1.9537499999999999
3723.png,5,-1.9565
3724.png,5,-1.9249999999999998
3725.png,5,-1.92725
3726.png,5,-1.8782499999999998
3727.png,5,-1.8817499999999998
3728.png,5,-1.80125
3729.png,5,-1.807
3730.png,5,-1.6425
3731.png,5,-1.65425
3732.png,5,-1.46175
3733.png,5,-1.4755
3734.png,5,-1.4705
3735.png,5,-1.4849999999999999
3736.png,5,-1.257
3737.png,5,-1.27125
3738.png,5,-1.0432499999999998
3739.png,5,-1.0574999999999999
3740.png,5,-0.8295
3741.png,5,-0.84375
3742.png,5,-0.69175
3743.png,5,-0.704
3744.png,5,-0.704
3745.png,5,-0.551
3746.png,5,-0.56
3747.png,5,-0.56
3748.png,5,-0.5078
3749.png,5,-0.5133
3750.png,5,-0.4719
3751.png,5,-0.47414999999999996
3752.png,5,-0.47414999999999996
3753.png,5,-0.52565
3754.png,5,-0.5244
3755.png,5,-0.6654
3756.png,5,-0.76725
3757.png,5,-0.759
3758.png,5,-0.759
3759.png,5,-1.01605
3760.png,5,-1.0028
3761.png,5,-1.2794999999999999
3762.png,5,-1.2614999999999998
3763.png,5,-1.6801
3764.png,5,-1.6573499999999999
3765.png,5,-1.98725
3766.png,5,-1.96
3767.png,5,-1.9144999999999999
3768.png,5,-1.8915
3769.png,-0.6,-1
3770.png,-0.6,-1
3771.png,-0.6,-1
3772.png,-0.6,-1
3773.png,-0.6,-1
3774.png,-0.6,-1
3775.png,-0.6,-1
3776.png,-0.6,-1
3777.png,-0.6,-1
3778.png,-0.6,-1
3779.png,-0.6,-1
3780.png,-0.6,-1
3781.png,-0.6,-1
3782.png,-0.6,-1
3783.png,5,-2.0524999999999998
3784.png,5,-2.041
3785.png,5,-1.9814999999999998
3786.png,5,-1.98575
3787.png,5,-1.9577499999999999
3788.png,5,-1.9597499999999999
3789.png,5,-1.94225
3790.png,5,-1.9435
3791.png,5,-1.8735
3792.png,5,-1.8784999999999998
3793.png,5,-1.7174999999999998
3794.png,5,-1.7289999999999999
3795.png,5,-1.463
3796.png,5,-1.482
3797.png,5,-1.2435
3798.png,5,-1.2670000000000001
3799.png,5,-0.87325
3800.png,5,-0.8995
3801.png,5,-0.49449999999999994
3802.png,5,-0.5215
3803.png,5,-0.10675000000000001
3804.png,5,-0.135
3805.png,5,-0.135
3806.png,5,0.31075
3807.png,5,0.28400000000000003
3808.png,5,0.8426
3809.png,5,0.8150000000000001
3810.png,5,1.0796
3811.png,5,1.0626
3812.png,5,1.17965
3813.png,5,1.17015
3814.png,5,1.0845
3815.png,5,1.084
3816.png,5,0.97775
3817.png,5,0.984
3818.png,5,0.984
3819.png,9,0.48929999999999996
3820.png,9,0.49979999999999997
3821.png,5,0.5865
3822.png,5,0.6
3823.png,5,0.32375000000000004
3824.png,5,0.34
3825.png,5,0.042499999999999996
3826.png,5,0.06
3827.png,5,-0.24295
3828.png,5,-0.22619999999999998
3829.png,5,-0.22619999999999998
3830.png,13,-0.32330000000000003
3831.png,13,-0.3078
3832.png,5,-0.7668999999999999
3833.png,5,-0.7544
3834.png,5,-1.086
3835.png,5,-1.06575
3836.png,5,-1.27475
3837.png,5,-1.2525
3838.png,5,-1.2525
3839.png,5,-1.2605
3840.png,5,-1.26
3841.png,5,-1.168
3842.png,5,-1.1737499999999998
3843.png,5,-1.1737499999999998
3844.png,5,-1.00575
3845.png,5,-1.0162499999999999
3846.png,5,-0.80025
3847.png,5,-0.81375
3848.png,5,-0.81375
3849.png,5,-0.6045
3850.png,5,-0.62
3851.png,5,-0.3565
3852.png,5,-0.372
3853.png,5,-0.372
3854.png,5,-0.0915
3855.png,5,-0.108
3856.png,5,0.18619999999999998
3857.png,5,0.1702
3858.png,5,0.49240000000000006
3859.png,5,0.47500000000000003
3860.png,5,0.64785
3861.png,5,0.6351
3862.png,5,0.8052999999999999
3863.png,5,0.7960499999999999
3864.png,9,0.49424999999999997
3865.png,9,0.49
3866.png,9,0.47919999999999996
3867.png,9,0.48019999999999996
3868.png,9,0.4181
3869.png,9,0.42385
3870.png,5,0.5347500000000001
3871.png,5,0.544
3872.png,5,0.3315
3873.png,5,0.042249999999999996
3874.png,5,0.06
3875.png,5,-0.3093
3876.png,5,-0.2898
3877.png,5,-0.6542
3878.png,5,-0.635
3879.png,5,-0.8072999999999999
3880.png,5,-0.7958
3881.png,5,-0.7958
3882.png,5,-0.8721499999999999
3883.png,5,-0.8656499999999999
3884.png,5,-0.8932499999999999
3885.png,5,-0.8917499999999999
3886.png,5,-0.87335
3887.png,5,-0.8053499999999999
3888.png,5,-0.8090999999999999
3889.png,5,-0.6335000000000001
3890.png,5,-0.64
3891.png,5,-0.64
3892.png,5,-0.5396
3893.png,5,-0.3779
3894.png,5,-0.38715
3895.png,5,-0.38715
3896.png,5,-0.21234999999999998
3897.png,5,-0.0503
3898.png,5,-0.0598
3899.png,5,-0.0598
3900.png,13,0.06520000000000001
3901.png,13,0.0567
3902.png,5,0.264
3903.png,5,0.255
3904.png,5,0.30465
3905.png,5,0.30015
3906.png,5,0.3691499999999999
3907.png,5,0.36539999999999995
3908.png,5,0.319
3909.png,5,0.25625000000000003
3910.png,5,0.26
3911.png,5,0.26
3912.png,5,0.158
3913.png,5,0.026549999999999997
3914.png,5,0.0348
3915.png,5,0.0348
3916.png,5,-0.1262
3917.png,5,-0.3311
3918.png,5,-0.32
3919.png,13,-0.27605
3920.png,13,-0.26730000000000004
3921.png,5,-0.6487
3922.png,5,-0.64
3923.png,5,-0.64
3924.png,5,-0.8006
3925.png,5,-0.78735
3926.png,5,-0.996
3927.png,5,-0.98
3928.png,5,-0.98
3929.png,5,-0.9417500000000001
3930.png,5,-0.9440000000000001
3931.png,5,-0.9440000000000001
3932.png,9,-0.508
3933.png,5,-0.6615000000000001
3934.png,5,-0.672
3935.png,5,-0.46375000000000005
3936.png,5,-0.47600000000000003
3937.png,5,-0.47600000000000003
3938.png,5,-0.32444999999999996
3939.png,5,-0.33494999999999997
3940.png,5,-0.22915
3941.png,5,-0.2349
3942.png,5,-0.1659
3943.png,5,-0.16965
3944.png,5,-0.13575
3945.png,5,-0.1288
3946.png,5,-0.13
3947.png,5,-0.13
3948.png,5,-0.13
3949.png,5,-0.13
3950.png,5,-0.1459
3951.png,5,-0.145
3952.png,5,-0.1768
3953.png,5,-0.17500000000000002
3954.png,5,-0.228
3955.png,5,-0.225
3956.png,5,-0.2886
3957.png,5,-0.28500000000000003
3958.png,5,-0.33494999999999997
3959.png,5,-0.3312
3960.png,5,-0.41364999999999996
3961.png,5,-0.4094
3962.png,5,-0.48374999999999996
3963.png,5,-0.4785
3964.png,5,-0.5796999999999999
3965.png,5,-0.5741999999999999
3966.png,5,-0.6937999999999999
3967.png,5,-0.6872999999999999
3968.png,5,-0.7424999999999999
3969.png,5,-0.736
3970.png,5,-0.85925
3971.png,5,-0.852
3972.png,5,-0.98375
3973.png,5,-0.976
3974.png,5,-1.1969999999999998
3975.png,5,-1.184
3976.png,5,-1.3299999999999998
3977.png,5,-1.31625
3978.png,5,-1.55625
3979.png,5,-1.54125
3980.png,5,-1.53525
3981.png,5,-1.521
3982.png,5,-1.7029999999999998
3983.png,5,-1.69
3984.png,5,-1.823
3985.png,5,-1.8135
3986.png,5,-1.859
3987.png,5,-1.85575
3988.png,5,-1.8522499999999997
3989.png,5,-1.8524999999999998
3990.png,5,-1.779
3991.png,5,-1.78425
3992.png,5,-1.57775
3993.png,5,-1.5925
3994.png,5,-1.3195
3995.png,5,-1.339
3996.png,5,-1.082
3997.png,5,-1.106
3998.png,5,-0.7235
3999.png,5,-0.749
4000.png,5,-0.3545
4001.png,5,-0.3825
4002.png,5,0.06949999999999999
4003.png,5,0.041249999999999995
4004.png,5,0.55845
4005.png,5,0.5307
4006.png,5,1.0171000000000001
4007.png,5,0.9936
4008.png,5,1.2708
4009.png,5,1.2528
4010.png,5,1.24
4011.png,5,1.23
4012.png,5,1.242
4013.png,5,1.24125
4014.png,5,1.09725
4015.png,5,1.10625
4016.png,5,0.7925
4017.png,5,0.8085
4018.png,5,0.52225
4019.png,5,0.54375
4020.png,5,0.11574999999999999
4021.png,5,0.1425
4022.png,5,-0.36225
4023.png,5,-0.332
4024.png,13,-0.57515
4025.png,13,-0.5454
4026.png,5,-1.4142
4027.png,5,-1.3892
4028.png,5,-1.9007500000000002
4029.png,5,-1.86
4030.png,5,-1.98725
4031.png,5,-1.95325
4032.png,5,-1.9672499999999997
4033.png,5,-1.9662499999999998
4034.png,5,-1.92075
4035.png,5,-1.924
4036.png,5,-1.8399999999999999
4037.png,5,-1.8459999999999999
4038.png,5,-1.6289999999999998
4039.png,5,-1.6444999999999999
4040.png,5,-1.3609999999999998
4041.png,5,-1.3812499999999999
4042.png,5,-1.1425
4043.png,5,-1.1655
4044.png,5,-0.8055
4045.png,5,-0.8295
4046.png,5,-0.49674999999999997
4047.png,5,-0.52125
4048.png,5,-0.15325
4049.png,5,-0.17625
4050.png,5,0.18655
4051.png,5,0.1653
4052.png,5,0.5451
4053.png,5,0.525
4054.png,5,0.6683499999999999
4055.png,5,0.6568499999999999
4056.png,5,0.74425
4057.png,5,0.7394999999999999
4058.png,5,0.65025
4059.png,5,0.652
4060.png,5,0.533
4061.png,5,0.54
4062.png,5,0.34875
4063.png,5,0.36
4064.png,5,0.12625
4065.png,5,0.14
4066.png,5,-0.13624999999999998
4067.png,5,-0.12
4068.png,5,-0.4341
4069.png,5,-0.41759999999999997
4070.png,13,-0.45095
4071.png,13,-0.43470000000000003
4072.png,5,-1.0122
4073.png,5,-0.9982
4074.png,5,-1.44535
4075.png,5,-1.4181
4076.png,5,-1.8905
4077.png,5,-1.856
4078.png,5,-1.7799999999999998
4079.png,5,-1.7774999999999999
4080.png,5,-1.6695
4081.png,5,-1.67625
4082.png,5,-1.4802499999999998
4083.png,5,-1.4925
4084.png,5,-1.3885
4085.png,5,-1.395
4086.png,5,-1.375
4087.png,5,-1.37625
4088.png,5,-1.41225
4089.png,5,-1.41
4090.png,5,-1.446
4091.png,5,-1.4437499999999999
4092.png,5,-1.4517499999999999
4093.png,5,-1.45125
4094.png,5,-1.3952499999999999
4095.png,5,-1.39875
4096.png,5,-1.27475
4097.png,5,-1.2825
4098.png,5,-1.0095
4099.png,5,-1.022
4100.png,5,-0.7895000000000001
4101.png,5,-0.805
4102.png,5,-0.6064999999999999
4103.png,5,-0.6224999999999999
4104.png,5,-0.38249999999999995
4105.png,5,-0.39749999999999996
4106.png,5,-0.1945
4107.png,5,-0.20800000000000002
4108.png,5,-0.004
4109.png,5,-0.016
4110.png,5,0.15135
4111.png,5,0.1426
4112.png,5,0.27690000000000003
4113.png,5,0.27
4114.png,5,0.3124
4115.png,5,0.31
4116.png,5,0.34180000000000005
4117.png,5,0.34
4118.png,5,0.3294
4119.png,5,0.33
4120.png,5,0.28759999999999997
4121.png,5,0.29
4122.png,5,0.2158
4123.png,5,0.22
4124.png,5,0.1246
4125.png,5,0.13
4126.png,5,0.0346
4127.png,5,0.04
4128.png,13,-0.0315
4129.png,13,-0.027000000000000003
4130.png,5,-0.1295
4131.png,5,-0.125
4132.png,5,-0.125
4133.png,5,-0.20450000000000002
4134.png,5,-0.2
4135.png,5,-0.2
4136.png,5,-0.2422
4137.png,5,-0.2392
4138.png,5,-0.2392
4139.png,5,-0.2392
4140.png,5,-0.22619999999999998
4141.png,5,-0.22619999999999998
4142.png,5,-0.22619999999999998
4143.png,5,-0.1986
4144.png,5,-0.2001
4145.png,5,-0.1633
4146.png,5,-0.1653
4147.png,5,-0.1166
4148.png,5,-0.1196
4149.png,5,-0.061399999999999996
4150.png,5,-0.0644
4151.png,5,-0.0644
4152.png,5,-0.0062
4153.png,5,-0.0092
4154.png,5,0.0536
4155.png,5,0.05
4156.png,5,0.1136
4157.png,5,0.11
4158.png,13,0.0889
4159.png,13,0.0864
4160.png,13,0.0864
4161.png,13,0.09820000000000001
4162.png,13,0.09720000000000001
4163.png,5,0.2383
4164.png,5,0.23500000000000001
4165.png,5,0.7544
4166.png,5,0.725
4167.png,5,0.725
4168.png,11,0.8956999999999999
4169.png,11,0.8502
4170.png,5,2.028
4171.png,5,2.001
4172.png,5,1.97375
4173.png,5,1.9337499999999999
4174.png,-0.6,1
4175.png,-0.6,1
4176.png,-0.6,1
4177.png,-0.6,1
4178.png,-0.6,1
4179.png,-0.6,1
4180.png,-0.6,1
4181.png,-0.6,1
4182.png,-0.6,1
4183.png,-0.6,1
4184.png,-0.6,1
4185.png,-0.6,1
4186.png,-0.6,1
4187.png,-0.6,1
4188.png,-0.6,1
4189.png,-0.6,1
4190.png,-0.6,1
4191.png,-0.6,1
4192.png,-0.6,1
4193.png,-0.6,1
4194.png,-0.6,1
4195.png,5,2.04225
4196.png,5,2.0345
4197.png,5,1.982
4198.png,5,1.98575
4199.png,5,1.9962499999999999
4200.png,5,1.9954999999999998
4201.png,5,2.0759999999999996
4202.png,5,2.0702499999999997
4203.png,-0.6,1
4204.png,-0.6,1
4205.png,-0.6,1
4206.png,-0.6,1
4207.png,-0.6,1
4208.png,-0.6,1
4209.png,-0.6,1
4210.png,-0.6,1
4211.png,-0.6,1
4212.png,-0.6,1
4213.png,-0.6,1
4214.png,-0.6,1
4215.png,-0.6,1
4216.png,-0.6,1
4217.png,5,2.0632499999999996
4218.png,5,2.0637499999999998
4219.png,5,2.0637499999999998
4220.png,5,1.9972499999999997
4221.png,5,2.002
4222.png,5,1.9565
4223.png,5,1.9597499999999999
4224.png,5,1.92125
4225.png,5,1.924
4226.png,5,1.8749999999999998
4227.png,5,1.8784999999999998
4228.png,5,1.8225
4229.png,5,1.8265
4230.png,5,1.7285
4231.png,5,1.7354999999999998
4232.png,5,1.6059999999999999
4233.png,5,1.6152499999999999
4234.png,5,1.48925
4235.png,5,1.4982499999999999
4236.png,5,1.4982499999999999
4237.png,5,1.60075
4238.png,5,1.60875
4239.png,5,1.5007499999999998
4240.png,5,1.5074999999999998
4241.png,5,1.4115
4242.png,5,1.4175
4243.png,5,1.4175
4244.png,5,1.3215
4245.png,5,1.3275
4246.png,5,1.2555
4247.png,5,1.26
4248.png,5,1.26
4249.png,9,0.8016
4250.png,9,0.8036
4251.png,5,1.3162500000000001
4252.png,5,1.316
4253.png,5,1.316
4254.png,5,1.58375
4255.png,5,1.568
4256.png,5,2.12475
4257.png,5,2.092
4258.png,5,2.092
4259.png,5,1.91675
4260.png,5,1.9012499999999999
4261.png,5,1.9012499999999999
4262.png,5,2.0797499999999998
4263.png,5,2.0669999999999997
4264.png,-0.6,1
4265.png,-0.6,1
4266.png,-0.6,1
4267.png,-0.6,1
4268.png,-0.6,1
4269.png,-0.6,1
4270.png,-0.6,1
4271.png,-0.6,1
4272.png,-0.6,1
4273.png,-0.6,1
4274.png,-0.6,1
4275.png,-0.6,1
4276.png,-0.6,1
4277.png,-0.6,1
4278.png,-0.6,1
4279.png,-0.6,1
4280.png,-0.6,1
4281.png,5,2.0145
4282.png,5,2.01825
4283.png,5,1.93775
4284.png,5,1.9435
4285.png,5,1.898
4286.png,5,1.9012499999999999
4287.png,5,1.87675
4288.png,5,1.8784999999999998
4289.png,5,1.8784999999999998
4290.png,5,1.8504999999999998
4291.png,5,1.8524999999999998
4292.png,5,1.8209999999999997
4293.png,5,1.8232499999999998
4294.png,5,1.6937499999999999
4295.png,5,1.5
4296.png,5,1.5145
4297.png,5,1.5145
4298.png,5,1.4354999999999998
4299.png,5,1.00925
4300.png,5,1.0325
4301.png,5,0.64625
4302.png,5,0.672
4303.png,5,0.672
4304.png,5,0.27999999999999997
4305.png,5,0.3075
4306.png,5,-0.1245
4307.png,5,-0.0975
4308.png,5,-0.64825
4309.png,5,-0.621
4310.png,5,-1.1642
4311.png,5,-1.1361999999999999
4312.png,5,-1.1361999999999999
4313.png,5,-1.4608499999999998
4314.png,5,-1.4398499999999999
4315.png,5,-1.4398499999999999
4316.png,5,-1.3852499999999999
4317.png,5,-1.37625
4318.png,5,-1.37625
4319.png,5,-1.37625
4320.png,5,-1.37225
4321.png,5,-1.3725
4322.png,5,-1.3725
4323.png,5,-1.2725
4324.png,5,-1.27875
4325.png,5,-1.27875
4326.png,5,-1.27875
4327.png,5,-1.11075
4328.png,5,-1.1212499999999999
4329.png,5,-1.1212499999999999
4330.png,5,-1.1212499999999999
4331.png,5,-0.8402499999999999
4332.png,5,-0.854
4333.png,5,-0.854
4334.png,5,-0.854
4335.png,9,-0.4277
4336.png,9,-0.44345
4337.png,9,-0.44345
4338.png,9,-0.44345
4339.png,5,-0.43074999999999997
4340.png,5,-0.44625
4341.png,5,-0.44625
4342.png,5,-0.44625
4343.png,5,-0.20825
4344.png,5,-0.224
4345.png,5,-0.224
4346.png,5,-0.0115
4347.png,5,-0.024
4348.png,5,-0.024
4349.png,5,-0.024
4350.png,5,0.1717
4351.png,5,0.16094999999999998
4352.png,5,0.16094999999999998
4353.png,5,0.3917
4354.png,5,0.38
4355.png,5,0.38
4356.png,5,0.5602
4357.png,5,0.55
4358.png,5,0.55
4359.png,5,0.6126999999999999
4360.png,5,0.6072
4361.png,5,0.6063999999999999
4362.png,5,0.6046499999999999
4363.png,5,0.6046499999999999
4364.png,5,0.5724499999999999
4365.png,5,0.5741999999999999
4366.png,5,0.5005999999999999
4367.png,5,0.5045999999999999
4368.png,5,0.38499999999999995
4369.png,5,0.39149999999999996
4370.png,5,0.24429999999999996
4371.png,5,0.25229999999999997
4372.png,5,0.09705
4373.png,5,0.1058
4374.png,5,0.1058
4375.png,5,-0.0599
4376.png,13,-0.11550000000000002
4377.png,13,-0.10800000000000001
4378.png,13,-0.10800000000000001
4379.png,5,-0.3489
4380.png,5,-0.3404
4381.png,5,-0.5243
4382.png,5,-0.5133
4383.png,5,-0.5655
4384.png,5,-0.56
4385.png,5,-0.56
4386.png,5,-0.5345000000000001
4387.png,5,-0.536
4388.png,5,-0.536
4389.png,5,-0.451
4390.png,5,-0.337
4391.png,5,-0.34400000000000003
4392.png,5,-0.34400000000000003
4393.png,5,-0.34400000000000003
4394.png,5,-0.225
4395.png,5,-0.232
4396.png,5,-0.232
4397.png,5,-0.11429999999999998
4398.png,5,-0.12179999999999999
4399.png,5,0.0254
4400.png,5,0.0174
4401.png,5,0.0174
4402.png,5,0.17900000000000002
4403.png,5,0.17
4404.png,13,0.16260000000000002
4405.png,13,0.15660000000000002
4406.png,5,0.3854
4407.png,5,0.38
4408.png,5,0.4594
4409.png,5,0.45239999999999997
4410.png,5,0.572
4411.png,5,0.5655
4412.png,5,0.5655
4413.png,5,0.5287
4414.png,5,0.5307
4415.png,5,0.4387
4416.png,5,0.4437
4417.png,5,0.30569999999999997
4418.png,5,0.3132
4419.png,5,0.1568
4420.png,5,0.1653
4421.png,5,0.009899999999999999
4422.png,5,0.0184
4423.png,5,-0.1496
4424.png,5,-0.14
4425.png,5,-0.14
4426.png,5,-0.28840000000000005
4427.png,5,-0.28
4428.png,5,-0.34974999999999995
4429.png,5,-0.345
4430.png,5,-0.37684999999999996
4431.png,5,-0.3741
4432.png,5,-0.3741
4433.png,5,-0.3741
4434.png,5,-0.3741
4435.png,5,-0.3741
4436.png,5,-0.3465
4437.png,5,-0.348
4438.png,5,-0.2974
4439.png,5,-0.30015
4440.png,5,-0.22194999999999998
4441.png,5,-0.22619999999999998
4442.png,5,-0.125
4443.png,5,-0.1305
4444.png,5,-0.0313
4445.png,5,-0.0368
4446.png,5,0.0766
4447.png,5,0.07
4448.png,5,0.07
4449.png,5,0.1654
4450.png,5,0.16
4451.png,13,0.1218
4452.png,13,0.1188
4453.png,5,0.273
4454.png,5,0.27
4455.png,5,0.3454
4456.png,5,0.3404
4457.png,5,0.39549999999999996
4458.png,5,0.39149999999999996
4459.png,5,0.39149999999999996
4460.png,5,0.35469999999999996
4461.png,5,0.35669999999999996
4462.png,5,0.2785
4463.png,5,0.28275
4464.png,5,0.18744999999999998
4465.png,5,0.19319999999999998
4466.png,5,0.0722
4467.png,5,0.08
4468.png,5,-0.0525
4469.png,5,-0.045
4470.png,5,-0.045
4471.png,5,-0.1669
4472.png,5,-0.16
4473.png,5,-0.16
4474.png,5,-0.2554
4475.png,5,-0.25
4476.png,5,-0.28335
4477.png,5,-0.2806
4478.png,5,-0.27914999999999995
4479.png,5,-0.2784
4480.png,5,-0.2692
4481.png,5,-0.2697
4482.png,5,-0.2329
4483.png,5,-0.2349
4484.png,5,-0.18889999999999998
4485.png,5,-0.1914
4486.png,5,-0.127
4487.png,5,-0.1305
4488.png,5,-0.1305
4489.png,5,-0.0701
4490.png,5,-0.0736
4491.png,5,0.004
4492.png,5,-0.0
4493.png,5,0.0742
4494.png,5,0.07
4495.png,5,0.07
4496.png,5,0.1283
4497.png,5,0.125
4498.png,5,0.125
4499.png,13,0.09405000000000001
4500.png,13,0.0918
4501.png,5,0.1859
4502.png,5,0.185
4503.png,5,0.1903
4504.png,5,0.19
4505.png,5,0.1794
4506.png,5,0.18
4507.png,5,0.1482
4508.png,5,0.15
4509.png,5,0.15
4510.png,5,0.097
4511.png,5,0.1
4512.png,5,0.047
4513.png,5,0.05
4514.png,5,0.05
4515.png,13,-0.00545
4516.png,13,-0.0027
4517.png,5,-0.052700000000000004
4518.png,5,-0.05
4519.png,5,-0.10300000000000001
4520.png,5,-0.1
4521.png,5,-0.1371
4522.png,5,-0.135
4523.png,5,-0.1509
4524.png,5,-0.15
4525.png,5,-0.13315
4526.png,5,-0.1334
4527.png,5,-0.11885
4528.png,5,-0.1196
4529.png,5,-0.0905
4530.png,5,-0.092
4531.png,5,-0.092
4532.png,5,-0.0629
4533.png,5,-0.065
4534.png,5,-0.022600000000000002
4535.png,5,-0.025
4536.png,5,-0.025
4537.png,5,0.0121
4538.png,5,0.01
4539.png,5,0.047099999999999996
4540.png,5,0.045
4541.png,5,0.07150000000000001
4542.png,5,0.07
4543.png,13,0.049600000000000005
4544.png,13,0.048600000000000004
4545.png,13,0.051550000000000006
4546.png,13,0.051300000000000005
4547.png,13,0.051300000000000005
4548.png,5,0.1215
4549.png,5,0.18359999999999999
4550.png,5,0.18
4551.png,5,0.18
4552.png,5,0.19590000000000002
4553.png,5,0.195
4554.png,5,0.195
4555.png,5,0.142
4556.png,5,0.145
4557.png,5,0.0761
4558.png,5,0.08
4559.png,5,-0.0048
4560.png,5,-0.0
4561.png,5,-0.0848
4562.png,5,-0.08
4563.png,5,-0.1436
4564.png,5,-0.14
4565.png,5,-0.1824
4566.png,5,-0.18
4567.png,5,-0.18
4568.png,5,-0.18015
4569.png,5,-0.17455
4570.png,5,-0.1748
4571.png,5,-0.1748
4572.png,5,-0.1748
4573.png,5,-0.15539999999999998
4574.png,5,-0.15639999999999998
4575.png,5,-0.15639999999999998
4576.png,5,-0.12245
4577.png,5,-0.1242
4578.png,5,-0.08055
4579.png,5,-0.0828
4580.png,5,-0.037
4581.png,5,-0.04
4582.png,5,0.0236
4583.png,5,0.02
4584.png,5,0.07300000000000001
4585.png,5,0.07
4586.png,5,0.1124
4587.png,5,0.11
4588.png,13,0.07415000000000001
4589.png,13,0.0729
4590.png,13,0.07585
4591.png,13,0.0756
4592.png,5,0.1718
4593.png,5,0.17
4594.png,5,0.17
4595.png,5,0.2442
4596.png,5,0.24
4597.png,5,0.2402
4598.png,5,0.2392
4599.png,5,0.19555
4600.png,5,0.1978
4601.png,5,0.1461
4602.png,5,0.15
4603.png,5,0.06520000000000001
4604.png,5,0.07
4605.png,5,-0.0254
4606.png,5,-0.02
4607.png,5,-0.1048
4608.png,5,-0.1
4609.png,5,-0.1636
4610.png,5,-0.16
4611.png,5,-0.20770000000000002
4612.png,5,-0.20500000000000002
4613.png,5,-0.20500000000000002
4614.png,5,-0.20315
4615.png,5,-0.2024
4616.png,5,-0.19269999999999998
4617.png,5,-0.19319999999999998
4618.png,5,-0.16895
4619.png,5,-0.1702
4620.png,5,-0.1314
4621.png,5,-0.1334
4622.png,5,-0.0849
4623.png,5,-0.0874
4624.png,5,-0.0367
4625.png,5,-0.04
4626.png,5,0.0183
4627.png,5,0.015
4628.png,5,0.015
4629.png,5,0.06269999999999999
4630.png,5,0.06
4631.png,5,0.06
4632.png,5,0.1024
4633.png,5,0.1
4634.png,5,0.1
4635.png,13,0.0658
4636.png,13,0.0707
4637.png,13,0.0702
4638.png,13,0.0702
4639.png,5,0.13
4640.png,5,0.13
4641.png,5,0.1512
4642.png,5,0.15
4643.png,5,0.203
4644.png,5,0.2
4645.png,5,0.19369999999999998
4646.png,5,0.19319999999999998
4647.png,5,0.157
4648.png,5,0.16
4649.png,5,0.16
4650.png,5,0.0911
4651.png,5,0.095
4652.png,5,0.0155
4653.png,5,0.02
4654.png,5,0.02
4655.png,13,-0.0364
4656.png,13,-0.0324
4657.png,13,-0.0324
4658.png,5,-0.1236
4659.png,5,-0.12
4660.png,5,-0.1942
4661.png,5,-0.19
4662.png,5,-0.2524
4663.png,5,-0.2484
4664.png,5,-0.2855
4665.png,5,-0.28275
4666.png,5,-0.27815
4667.png,5,-0.2784
4668.png,5,-0.2324
4669.png,5,-0.2349
4670.png,5,-0.17509999999999998
4671.png,5,-0.17834999999999998
4672.png,5,-0.10014999999999999
4673.png,5,-0.10439999999999999
4674.png,5,-0.032799999999999996
4675.png,5,-0.0368
4676.png,5,-0.0368
4677.png,5,0.0448
4678.png,5,0.04
4679.png,5,0.1142
4680.png,5,0.11
4681.png,13,0.09480000000000001
4682.png,13,0.0918
4683.png,5,0.2071
4684.png,5,0.20500000000000002
4685.png,5,0.20500000000000002
4686.png,5,0.27390000000000003
4687.png,5,0.27
4688.png,5,0.31629999999999997
4689.png,5,0.31279999999999997
4690.png,5,0.28855000000000003
4691.png,5,0.2898
4692.png,5,0.23645
4693.png,5,0.2392
4694.png,5,0.15675
4695.png,5,0.161
4696.png,5,0.0743
4697.png,5,0.08
4698.png,5,-0.026
4699.png,5,-0.02
4700.png,13,-0.0639
4701.png,13,-0.0594
4702.png,5,-0.1842
4703.png,5,-0.18
4704.png,5,-0.18
4705.png,5,-0.2432
4706.png,5,-0.2392
4707.png,5,-0.2814
4708.png,5,-0.2784
4709.png,5,-0.2784
4710.png,5,-0.2784
4711.png,5,-0.2646
4712.png,5,-0.26535
4713.png,5,-0.22394999999999998
4714.png,5,-0.22619999999999998
4715.png,5,-0.1618
4716.png,5,-0.1653
4717.png,5,-0.09234999999999999
4718.png,5,-0.09659999999999999
4719.png,5,-0.01415
4720.png,5,-0.0184
4721.png,5,-0.0184
4722.png,5,0.0648
4723.png,5,0.06
4724.png,5,0.1342
4725.png,5,0.13
4726.png,13,0.09970000000000001
4727.png,13,0.09720000000000001
4728.png,5,0.2118
4729.png,5,0.21
4730.png,5,0.21
4731.png,5,0.2736
4732.png,5,0.27
4733.png,5,0.3066
4734.png,5,0.3036
4735.png,5,0.26965
4736.png,5,0.2714
4737.png,5,0.2035
4738.png,5,0.207
4739.png,5,0.207
4740.png,5,0.13490000000000002
4741.png,5,0.14
4742.png,5,0.034
4743.png,5,0.04
4744.png,5,0.04
4745.png,13,-0.03445
4746.png,13,-0.0297
4747.png,5,-0.1451
4748.png,5,-0.14
4749.png,5,-0.2142
4750.png,5,-0.21
4751.png,5,-0.2902
4752.png,5,-0.2852
4753.png,5,-0.3433
4754.png,5,-0.3393
4755.png,5,-0.34389999999999993
4756.png,5,-0.34364999999999996
4757.png,5,-0.30225
4758.png,5,-0.3045
4759.png,5,-0.24009999999999998
4760.png,5,-0.24359999999999998
4761.png,5,-0.24359999999999998
4762.png,5,-0.1608
4763.png,5,-0.1653
4764.png,5,-0.0778
4765.png,5,-0.0828
4766.png,5,-0.0828
4767.png,5,0.023899999999999998
4768.png,5,0.0184
4769.png,5,0.1154
4770.png,5,0.11
4771.png,5,0.11
4772.png,5,0.1842
4773.png,5,0.18
4774.png,5,0.18
4775.png,5,0.2383
4776.png,5,0.23500000000000001
4777.png,5,0.2615
4778.png,5,0.26
4779.png,5,0.2494
4780.png,5,0.25
4781.png,5,0.2182
4782.png,5,0.22
4783.png,5,0.167
4784.png,5,0.17
4785.png,5,0.17
4786.png,5,0.1011
4787.png,5,0.105
4788.png,5,0.030800000000000004
4789.png,5,0.035
4790.png,13,-0.02535
4791.png,13,-0.0216
4792.png,5,-0.1142
4793.png,5,-0.11
4794.png,5,-0.1842
4795.png,5,-0.18
4796.png,5,-0.2141
4797.png,5,-0.2116
4798.png,5,-0.2116
4799.png,5,-0.2116
4800.png,5,-0.2116
4801.png,5,-0.19219999999999998
4802.png,5,-0.19319999999999998
4803.png,5,-0.15439999999999998
4804.png,5,-0.15639999999999998
4805.png,5,-0.15639999999999998
4806.png,5,-0.10305
4807.png,5,-0.1058
4808.png,5,-0.047599999999999996
4809.png,5,-0.0506
4810.png,5,0.0086
4811.png,5,0.005
4812.png,5,0.0633
4813.png,5,0.06
4814.png,5,0.06
4815.png,5,0.10769999999999999
4816.png,5,0.105
4817.png,13,0.07440000000000001
4818.png,13,0.0729
4819.png,13,0.08175
4820.png,13,0.081
4821.png,13,0.081
4822.png,5,0.19240000000000002
4823.png,5,0.19
4824.png,5,0.2524
4825.png,5,0.2484
4826.png,5,0.2484
4827.png,5,0.2678
4828.png,5,0.2668
4829.png,5,0.2183
4830.png,5,0.2208
4831.png,5,0.14805
4832.png,5,0.1518
4833.png,5,0.06430000000000001
4834.png,5,0.07
4835.png,5,-0.0254
4836.png,5,-0.02
4837.png,5,-0.1154
4838.png,5,-0.11
4839.png,5,-0.11
4840.png,5,-0.1842
4841.png,5,-0.18
4842.png,5,-0.18
4843.png,5,-0.22240000000000001
4844.png,5,-0.22
4845.png,5,-0.22
4846.png,5,-0.2218
4847.png,5,-0.2208
4848.png,5,-0.2111
4849.png,5,-0.2116
4850.png,5,-0.1825
4851.png,5,-0.184
4852.png,5,-0.1452
4853.png,5,-0.1472
4854.png,5,-0.09384999999999999
4855.png,5,-0.09659999999999999
4856.png,5,-0.0384
4857.png,5,-0.0414
4858.png,5,0.0133
4859.png,5,0.01
4860.png,5,0.01
4861.png,5,0.0683
4862.png,5,0.065
4863.png,5,0.1127
4864.png,5,0.11
4865.png,5,0.11
4866.png,13,0.07415000000000001
4867.png,13,0.0729
4868.png,13,0.07880000000000001
4869.png,13,0.07830000000000001
4870.png,13,0.07830000000000001
4871.png,5,0.18209999999999998
4872.png,5,0.18
4873.png,5,0.23835
4874.png,5,0.2346
4875.png,5,0.25884999999999997
4876.png,5,0.2576
4877.png,5,0.2576
4878.png,5,0.20425
4879.png,5,0.207
4880.png,5,0.1455
4881.png,5,0.15
4882.png,5,0.15
4883.png,5,0.054599999999999996
4884.png,5,0.06
4885.png,5,-0.0407
4886.png,5,-0.035
4887.png,5,-0.1251
4888.png,5,-0.12
4889.png,5,-0.18889999999999998
4890.png,5,-0.185
4891.png,5,-0.209
4892.png,5,-0.207
4893.png,5,-0.207
4894.png,5,-0.22155
4895.png,5,-0.2208
4896.png,5,-0.2208
4897.png,5,-0.2111
4898.png,5,-0.2116
4899.png,5,-0.1825
4900.png,5,-0.184
4901.png,5,-0.184
4902.png,5,-0.14035
4903.png,5,-0.1426
4904.png,5,-0.1426
4905.png,5,-0.08925
4906.png,5,-0.092
4907.png,5,-0.092
4908.png,5,-0.0338
4909.png,5,0.0236
4910.png,5,0.02
4911.png,5,0.0783
4912.png,5,0.075
4913.png,5,0.075
4914.png,5,0.128
4915.png,5,0.125
4916.png,13,0.08520000000000001
4917.png,13,0.08370000000000001
4918.png,5,0.17090000000000002
4919.png,5,0.1753
4920.png,5,0.17500000000000002
4921.png,5,0.2015
4922.png,5,0.2
4923.png,5,0.2
4924.png,5,0.2265
4925.png,5,0.225
4926.png,5,0.17729999999999999
4927.png,5,0.18
4928.png,5,0.11639999999999999
4929.png,5,0.12
4930.png,5,0.0352
4931.png,5,0.04
4932.png,13,-0.0315
4933.png,13,-0.027000000000000003
4934.png,5,-0.1454
4935.png,5,-0.14
4936.png,5,-0.2248
4937.png,5,-0.22
4938.png,5,-0.2994
4939.png,5,-0.2944
4940.png,5,-0.352
4941.png,5,-0.348
4942.png,5,-0.35719999999999996
4943.png,5,-0.35669999999999996
4944.png,5,-0.3337
4945.png,5,-0.33494999999999997
4946.png,5,-0.27975
4947.png,5,-0.28275
4948.png,5,-0.19535
4949.png,5,-0.2001
4950.png,5,-0.0943
4951.png,5,-0.10005
4952.png,5,0.0203
4953.png,5,0.0138
4954.png,5,0.1634
4955.png,5,0.155
4956.png,13,0.15450000000000003
4957.png,13,0.14850000000000002
4958.png,5,0.3916
4959.png,5,0.385
4960.png,5,0.42695
4961.png,5,0.4232
4962.png,5,0.41859999999999997
4963.png,5,0.41759999999999997
4964.png,5,0.41759999999999997
4965.png,5,0.3762
4966.png,5,0.37844999999999995
4967.png,5,0.30945
4968.png,5,0.3132
4969.png,5,0.2342
4970.png,5,0.2392
4971.png,5,0.2392
4972.png,5,0.1325
4973.png,5,0.138
4974.png,5,0.138
4975.png,5,0.044000000000000004
4976.png,5,0.05
4977.png,5,0.05
4978.png,5,-0.06659999999999999
4979.png,5,-0.06
4980.png,5,-0.06
4981.png,5,-0.15539999999999998
4982.png,5,-0.15
4983.png,5,-0.15
4984.png,5,-0.2295
4985.png,5,-0.225
4986.png,5,-0.225
4987.png,5,-0.25065
4988.png,5,-0.2484
4989.png,5,-0.2484
4990.png,5,-0.26294999999999996
4991.png,5,-0.2622
4992.png,5,-0.2622
4993.png,5,-0.23875
4994.png,5,-0.23925
4995.png,5,-0.23925
4996.png,5,-0.20245
4997.png,5,-0.20445
4998.png,5,-0.20445
4999.png,5,-0.1677
5000.png,5,-0.1702
5001.png,5,-0.1702
5002.png,5,-0.10715
5003.png,5,-0.1104
5004.png,5,-0.1104
5005.png,5,-0.042499999999999996
5006.png,5,-0.046
5007.png,5,-0.046
5008.png,5,0.0242
5009.png,5,0.02
5010.png,5,0.02
5011.png,5,0.08360000000000001
5012.png,5,0.08
5013.png,5,0.08
5014.png,5,0.133
5015.png,5,0.13
5016.png,5,0.13
5017.png,13,0.0879
5018.png,13,0.0864
5019.png,13,0.0864
5020.png,5,0.1706
5021.png,5,0.17
5022.png,5,0.17
5023.png,5,0.2124
5024.png,5,0.21
5025.png,5,0.21
5026.png,5,0.23199999999999998
5027.png,5,0.22999999999999998
5028.png,5,0.22999999999999998
5029.png,5,0.2129
5030.png,5,0.215
5031.png,5,0.215
5032.png,5,0.1567
5033.png,5,0.16
5034.png,5,0.16
5035.png,5,0.0805
5036.png,5,0.085
5037.png,5,0.085
5038.png,5,0.00020000000000000052
5039.png,5,0.005
5040.png,5,0.005
5041.png,13,-0.0445
5042.png,13,-0.0405
5043.png,5,-0.1386
5044.png,5,-0.135
5045.png,5,-0.135
5046.png,5,-0.2039
5047.png,5,-0.2
5048.png,5,-0.23735
5049.png,5,-0.2346
5050.png,5,-0.2346
5051.png,5,-0.2346
5052.png,5,-0.19885
5053.png,5,-0.2001
