image_name,v,w
1.png,5,-0.2014
2.png,5,-0.19
3.png,5,-0.19
4.png,5,-0.19
5.png,5,-0.19
6.png,5,-0.19
7.png,5,-0.19
8.png,5,-0.19
9.png,5,-0.19
10.png,5,-0.19
11.png,5,-0.19
12.png,5,-0.19
13.png,5,-0.19
14.png,5,-0.19
15.png,5,-0.19
16.png,5,-0.19
17.png,5,-0.19
18.png,5,-0.1847
19.png,5,-0.185
20.png,5,-0.17440000000000003
21.png,5,-0.16970000000000002
22.png,5,-0.15940000000000001
23.png,5,-0.16
24.png,5,-0.1547
25.png,5,-0.155
26.png,5,-0.1497
27.png,5,-0.1447
28.png,5,-0.145
29.png,5,-0.13970000000000002
30.png,5,-0.14
31.png,5,-0.14
32.png,5,-0.14
33.png,5,-0.14
34.png,5,-0.13470000000000001
35.png,5,-0.135
36.png,5,-0.135
37.png,5,-0.135
38.png,5,-0.135
39.png,5,-0.1297
40.png,5,-0.13
41.png,5,-0.13
42.png,5,-0.13
43.png,5,-0.1247
44.png,5,-0.125
45.png,5,-0.125
46.png,5,-0.125
47.png,5,-0.125
48.png,5,-0.125
49.png,5,-0.125
50.png,5,-0.1197
51.png,5,-0.12
52.png,5,-0.12
53.png,5,-0.12
54.png,5,-0.12
55.png,5,-0.12
56.png,5,-0.12
57.png,5,-0.11470000000000001
58.png,5,-0.115
59.png,5,-0.115
60.png,5,-0.115
61.png,5,-0.115
62.png,5,-0.115
63.png,5,-0.115
64.png,5,-0.115
65.png,5,-0.115
66.png,5,-0.1097
67.png,5,-0.11
68.png,5,-0.11
69.png,5,-0.11
70.png,5,-0.11
71.png,5,-0.11
72.png,5,-0.11
73.png,5,-0.11
74.png,5,-0.1047
75.png,5,-0.105
76.png,5,-0.105
77.png,5,-0.105
78.png,5,-0.105
79.png,5,-0.105
80.png,5,-0.105
81.png,5,-0.105
82.png,5,-0.105
83.png,5,-0.105
84.png,5,-0.105
85.png,5,-0.105
86.png,5,-0.09970000000000001
87.png,5,-0.1
88.png,5,-0.1
89.png,5,-0.1
90.png,5,-0.1
91.png,5,-0.1
92.png,5,-0.1
93.png,5,-0.1
94.png,5,-0.1
95.png,5,-0.0947
96.png,5,-0.095
97.png,5,-0.095
98.png,5,-0.095
99.png,5,-0.095
100.png,5,-0.095
101.png,5,-0.095
102.png,5,-0.095
103.png,5,-0.095
104.png,5,-0.095
105.png,5,-0.095
106.png,5,-0.095
107.png,5,-0.095
108.png,5,-0.095
109.png,5,-0.095
110.png,5,-0.095
111.png,5,-0.095
112.png,5,-0.0897
113.png,5,-0.09
114.png,5,-0.09
115.png,5,-0.09
116.png,5,-0.09
117.png,5,-0.09
118.png,5,-0.09
119.png,5,-0.09
120.png,5,-0.09
121.png,5,-0.09
122.png,5,-0.09
123.png,5,-0.09
124.png,5,-0.09
125.png,5,-0.09
126.png,5,-0.08470000000000001
127.png,5,-0.085
128.png,5,-0.085
129.png,5,-0.085
130.png,5,-0.085
131.png,5,-0.085
132.png,5,-0.085
133.png,5,-0.085
134.png,5,-0.085
135.png,5,-0.085
136.png,5,-0.085
137.png,5,-0.085
138.png,5,-0.085
139.png,5,-0.085
140.png,5,-0.085
141.png,5,-0.085
142.png,5,-0.085
143.png,5,-0.085
144.png,5,-0.07970000000000001
145.png,5,-0.08
146.png,5,-0.08
147.png,5,-0.08
148.png,5,-0.08
149.png,5,-0.08
150.png,5,-0.08
151.png,5,-0.08
152.png,5,-0.08
153.png,5,-0.08
154.png,5,-0.08
155.png,5,-0.08
156.png,5,-0.08
157.png,5,-0.08
158.png,5,-0.0747
159.png,5,-0.075
160.png,5,-0.075
161.png,5,-0.075
162.png,5,-0.075
163.png,5,-0.075
164.png,5,-0.075
165.png,5,-0.075
166.png,5,-0.075
167.png,5,-0.075
168.png,5,-0.075
169.png,5,-0.075
170.png,5,-0.075
171.png,5,-0.075
172.png,5,-0.075
173.png,5,-0.075
174.png,5,-0.075
175.png,5,-0.075
176.png,5,-0.06970000000000001
177.png,5,-0.07
178.png,5,-0.07
179.png,5,-0.07
180.png,5,-0.07
181.png,5,-0.07
182.png,5,-0.07
183.png,5,-0.07
184.png,5,-0.07
185.png,5,-0.07
186.png,5,-0.07
187.png,5,-0.07
188.png,5,-0.06470000000000001
189.png,5,-0.065
190.png,5,-0.065
191.png,5,-0.065
192.png,5,-0.065
193.png,5,-0.065
194.png,5,-0.065
195.png,5,-0.065
196.png,5,-0.065
197.png,5,-0.065
198.png,5,-0.065
199.png,5,-0.065
200.png,5,-0.065
201.png,5,-0.065
202.png,5,-0.065
203.png,5,-0.065
204.png,5,-0.059699999999999996
205.png,5,-0.06
206.png,5,-0.06
207.png,5,-0.06
208.png,5,-0.06
209.png,5,-0.06
210.png,5,-0.06
211.png,5,-0.06
212.png,5,-0.06
213.png,5,-0.06
214.png,5,-0.0547
215.png,5,-0.055
216.png,5,-0.055
217.png,5,-0.055
218.png,5,-0.055
219.png,5,-0.055
220.png,5,-0.055
221.png,5,-0.055
222.png,5,-0.055
223.png,5,-0.055
224.png,5,-0.055
225.png,5,-0.055
226.png,5,-0.055
227.png,5,-0.055
228.png,5,-0.0497
229.png,5,-0.05
230.png,5,-0.05
231.png,5,-0.05
232.png,5,-0.05
233.png,5,-0.05
234.png,5,-0.05
235.png,5,-0.05
236.png,5,-0.05
237.png,5,-0.05
238.png,5,-0.0447
239.png,5,-0.045
240.png,5,-0.045
241.png,5,-0.045
242.png,5,-0.045
243.png,5,-0.045
244.png,5,-0.045
245.png,5,-0.045
246.png,5,-0.045
247.png,5,-0.045
248.png,5,-0.0397
249.png,5,-0.04
250.png,5,-0.04
251.png,5,-0.04
252.png,5,-0.04
253.png,5,-0.04
254.png,5,-0.04
255.png,5,-0.04
256.png,5,-0.0347
257.png,5,-0.035
258.png,5,-0.035
259.png,5,-0.035
260.png,5,-0.035
261.png,5,-0.035
262.png,5,-0.035
263.png,5,-0.035
264.png,5,-0.035
265.png,5,-0.035
266.png,5,-0.029699999999999997
267.png,5,-0.03
268.png,5,-0.03
269.png,5,-0.03
270.png,5,-0.03
271.png,5,-0.03
272.png,5,-0.03
273.png,5,-0.03
274.png,5,-0.0247
275.png,5,-0.025
276.png,5,-0.025
277.png,5,-0.025
278.png,5,-0.025
279.png,5,-0.025
280.png,5,-0.025
281.png,5,-0.025
282.png,5,-0.025
283.png,5,-0.025
284.png,5,-0.0197
285.png,5,-0.02
286.png,5,-0.02
287.png,5,-0.02
288.png,5,-0.02
289.png,5,-0.02
290.png,5,-0.02
291.png,5,-0.02
292.png,5,-0.0147
293.png,5,-0.015
294.png,5,-0.015
295.png,5,-0.015
296.png,5,-0.015
297.png,5,-0.015
298.png,5,-0.015
299.png,5,-0.015
300.png,5,-0.015
301.png,5,-0.015
302.png,5,-0.0097
303.png,5,-0.01
304.png,5,-0.01
305.png,5,-0.01
306.png,5,-0.01
307.png,5,-0.01
308.png,5,-0.01
309.png,5,-0.01
310.png,5,-0.0047
311.png,5,-0.005
312.png,5,-0.005
313.png,5,-0.005
314.png,5,-0.005
315.png,5,-0.005
316.png,5,-0.005
317.png,5,-0.005
318.png,5,-0.005
319.png,5,-0.005
320.png,5,0.0003
321.png,5,-0.0
322.png,5,-0.0
323.png,5,-0.0
324.png,5,-0.0
325.png,5,-0.0
326.png,5,-0.0
327.png,5,-0.0
328.png,5,-0.0
329.png,5,-0.0
330.png,5,0.0053
331.png,5,0.005
332.png,5,0.005
333.png,5,0.005
334.png,5,0.005
335.png,5,0.005
336.png,5,0.005
337.png,5,0.005
338.png,5,0.005
339.png,5,0.005
340.png,5,0.005
341.png,5,0.005
342.png,5,0.005
343.png,5,0.005
344.png,5,0.0103
345.png,5,0.01
346.png,5,0.01
347.png,5,0.01
348.png,13,0.0054
349.png,13,0.0054
350.png,13,0.0054
351.png,13,0.0054
352.png,13,0.00835
353.png,13,0.0081
354.png,13,0.01105
355.png,13,0.0108
356.png,13,0.013750000000000002
357.png,13,0.013500000000000002
358.png,13,0.01645
359.png,13,0.0162
360.png,13,0.01915
361.png,13,0.0189
362.png,13,0.0189
363.png,13,0.0189
364.png,13,0.02185
365.png,13,0.0216
366.png,13,0.024550000000000002
367.png,13,0.024300000000000002
368.png,13,0.024300000000000002
369.png,13,0.024300000000000002
370.png,13,0.027250000000000003
371.png,13,0.027000000000000003
372.png,13,0.027000000000000003
373.png,13,0.027000000000000003
374.png,13,0.02995
375.png,13,0.0297
376.png,13,0.0297
377.png,13,0.0297
378.png,5,0.055
379.png,5,0.055
380.png,5,0.0603
381.png,5,0.06
382.png,5,0.0547
383.png,5,0.055
384.png,5,0.055
385.png,5,0.055
386.png,5,0.055
387.png,5,0.055
388.png,5,0.055
389.png,5,0.055
390.png,5,0.055
391.png,5,0.055
392.png,5,0.055
393.png,5,0.055
394.png,5,0.055
395.png,5,0.055
396.png,5,0.055
397.png,5,0.055
398.png,5,0.055
399.png,5,0.055
400.png,5,0.055
401.png,5,0.055
402.png,5,0.055
403.png,5,0.055
404.png,5,0.055
405.png,5,0.055
406.png,5,0.055
407.png,5,0.055
408.png,5,0.055
409.png,5,0.055
410.png,5,0.055
411.png,5,0.055
412.png,5,0.055
413.png,5,0.055
414.png,5,0.055
415.png,5,0.055
416.png,5,0.0497
417.png,5,0.05
418.png,5,0.05
419.png,5,0.05
420.png,5,0.05
421.png,5,0.05
422.png,5,0.05
423.png,5,0.05
424.png,5,0.05
425.png,5,0.05
426.png,5,0.05
427.png,5,0.05
428.png,5,0.05
429.png,5,0.05
430.png,5,0.05
431.png,5,0.05
432.png,5,0.05
433.png,5,0.05
434.png,5,0.05
435.png,5,0.05
436.png,5,0.05
437.png,5,0.05
438.png,5,0.05
439.png,5,0.05
440.png,5,0.05
441.png,5,0.05
442.png,5,0.05
443.png,5,0.05
444.png,5,0.05
445.png,5,0.05
446.png,5,0.05
447.png,5,0.05
448.png,5,0.05
449.png,5,0.05
450.png,5,0.05
451.png,5,0.05
452.png,5,0.05
453.png,5,0.05
454.png,5,0.05
455.png,5,0.05
456.png,5,0.05
457.png,5,0.05
458.png,5,0.05
459.png,5,0.05
460.png,5,0.05
461.png,5,0.05
462.png,5,0.05
463.png,5,0.05
464.png,5,0.05
465.png,5,0.05
466.png,5,0.05
467.png,5,0.05
468.png,5,0.05
469.png,5,0.05
470.png,5,0.05
471.png,5,0.05
472.png,5,0.05
473.png,5,0.05
474.png,5,0.05
475.png,5,0.05
476.png,5,0.05
477.png,5,0.05
478.png,5,0.05
479.png,5,0.05
480.png,5,0.05
481.png,5,0.05
482.png,5,0.05
483.png,5,0.05
484.png,5,0.05
485.png,5,0.05
486.png,5,0.05
487.png,5,0.05
488.png,5,0.0447
489.png,5,0.045
490.png,5,0.045
491.png,5,0.045
492.png,5,0.045
493.png,5,0.045
494.png,5,0.045
495.png,5,0.045
496.png,5,0.045
497.png,5,0.045
498.png,5,0.045
499.png,5,0.045
500.png,5,0.045
501.png,5,0.045
502.png,5,0.045
503.png,5,0.045
504.png,5,0.045
505.png,5,0.045
506.png,5,0.045
507.png,5,0.045
508.png,5,0.045
509.png,5,0.045
510.png,5,0.045
511.png,5,0.045
512.png,5,0.045
513.png,5,0.045
514.png,5,0.045
515.png,5,0.045
516.png,5,0.045
517.png,5,0.045
518.png,5,0.045
519.png,5,0.045
520.png,5,0.045
521.png,5,0.045
522.png,5,0.045
523.png,5,0.045
524.png,5,0.045
525.png,5,0.045
526.png,5,0.045
527.png,5,0.045
528.png,5,0.045
529.png,5,0.045
530.png,5,0.045
531.png,5,0.045
532.png,5,0.045
533.png,5,0.045
534.png,5,0.045
535.png,5,0.045
536.png,5,0.045
537.png,5,0.045
538.png,5,0.045
539.png,5,0.045
540.png,5,0.045
541.png,5,0.045
542.png,5,0.045
543.png,5,0.045
544.png,5,0.045
545.png,5,0.045
546.png,5,0.045
547.png,5,0.045
548.png,5,0.045
549.png,5,0.045
550.png,5,0.045
551.png,5,0.045
552.png,5,0.045
553.png,5,0.045
554.png,5,0.045
555.png,5,0.045
556.png,5,0.045
557.png,5,0.045
558.png,5,0.045
559.png,5,0.045
560.png,5,0.045
561.png,5,0.045
562.png,5,0.045
563.png,5,0.045
564.png,5,0.045
565.png,5,0.045
566.png,5,0.045
567.png,5,0.045
568.png,5,0.045
569.png,5,0.045
570.png,5,0.045
571.png,5,0.045
572.png,5,0.045
573.png,5,0.045
574.png,5,0.045
575.png,5,0.045
576.png,5,0.045
577.png,5,0.045
578.png,5,0.045
579.png,5,0.045
580.png,5,0.045
581.png,5,0.045
582.png,5,0.045
583.png,5,0.045
584.png,5,0.045
585.png,5,0.045
586.png,5,0.045
587.png,5,0.045
588.png,5,0.045
589.png,5,0.045
590.png,5,0.045
591.png,5,0.045
592.png,5,0.045
593.png,5,0.045
594.png,5,0.045
595.png,5,0.045
596.png,5,0.045
597.png,5,0.045
598.png,5,0.045
599.png,5,0.045
600.png,5,0.045
601.png,5,0.045
602.png,5,0.045
603.png,5,0.045
604.png,5,0.045
605.png,5,0.045
606.png,5,0.045
607.png,5,0.045
608.png,5,0.045
609.png,5,0.045
610.png,5,0.045
611.png,5,0.045
612.png,5,0.045
613.png,5,0.045
614.png,5,0.045
615.png,5,0.045
616.png,5,0.045
617.png,5,0.045
618.png,5,0.045
619.png,5,0.045
620.png,5,0.045
621.png,5,0.045
622.png,5,0.045
623.png,5,0.045
624.png,5,0.045
625.png,5,0.045
626.png,5,0.045
627.png,5,0.045
628.png,5,0.045
629.png,5,0.045
630.png,5,0.045
631.png,5,0.045
632.png,5,0.045
633.png,5,0.045
634.png,5,0.045
635.png,5,0.045
636.png,5,0.045
637.png,5,0.045
638.png,5,0.045
639.png,5,0.045
640.png,5,0.045
641.png,5,0.045
642.png,5,0.045
643.png,5,0.045
644.png,5,0.045
645.png,5,0.045
646.png,5,0.045
647.png,5,0.045
648.png,5,0.045
649.png,5,0.045
650.png,5,0.045
651.png,5,0.045
652.png,5,0.045
653.png,5,0.045
654.png,5,0.045
655.png,5,0.045
656.png,5,0.045
657.png,5,0.045
658.png,5,0.045
659.png,5,0.045
660.png,5,0.045
661.png,5,0.045
662.png,5,0.045
663.png,5,0.045
664.png,5,0.045
665.png,5,0.045
666.png,5,0.045
667.png,5,0.045
668.png,5,0.045
669.png,5,0.045
670.png,5,0.045
671.png,5,0.045
672.png,5,0.045
673.png,5,0.045
674.png,5,0.045
675.png,5,0.045
676.png,5,0.045
677.png,5,0.045
678.png,5,0.045
679.png,5,0.045
680.png,5,0.045
681.png,5,0.045
682.png,5,0.045
683.png,5,0.045
684.png,5,0.045
685.png,5,0.045
686.png,5,0.045
687.png,5,0.045
688.png,5,0.045
689.png,5,0.045
690.png,5,0.045
691.png,5,0.045
692.png,5,0.045
693.png,5,0.045
694.png,5,0.045
695.png,5,0.045
696.png,5,0.045
697.png,5,0.045
698.png,5,0.045
699.png,5,0.045
700.png,5,0.045
701.png,5,0.045
702.png,5,0.045
703.png,5,0.045
704.png,5,0.045
705.png,5,0.045
706.png,5,0.045
707.png,5,0.045
708.png,5,0.045
709.png,5,0.045
710.png,5,0.045
711.png,5,0.045
712.png,5,0.045
713.png,5,0.045
714.png,5,0.045
715.png,5,0.045
716.png,5,0.045
717.png,5,0.045
718.png,5,0.045
719.png,5,0.045
720.png,5,0.045
721.png,5,0.045
722.png,5,0.045
723.png,5,0.045
724.png,5,0.045
725.png,5,0.045
726.png,5,0.045
727.png,5,0.045
728.png,5,0.045
729.png,5,0.045
730.png,5,0.045
731.png,5,0.045
732.png,5,0.045
733.png,5,0.045
734.png,5,0.045
735.png,5,0.045
736.png,5,0.045
737.png,5,0.045
738.png,5,0.045
739.png,5,0.045
740.png,5,0.045
741.png,5,0.045
742.png,5,0.045
743.png,5,0.045
744.png,5,0.045
745.png,5,0.045
746.png,5,0.045
747.png,5,0.045
748.png,5,0.045
749.png,5,0.045
750.png,5,0.045
751.png,5,0.045
752.png,5,0.045
753.png,5,0.045
754.png,5,0.045
755.png,5,0.045
756.png,5,0.045
757.png,5,0.045
758.png,5,0.045
759.png,5,0.045
760.png,5,0.045
761.png,5,0.045
762.png,5,0.045
763.png,5,0.045
764.png,5,0.045
765.png,5,0.045
766.png,5,0.045
767.png,5,0.045
768.png,5,0.045
769.png,5,0.045
770.png,5,0.045
771.png,5,0.045
772.png,5,0.045
773.png,5,0.045
774.png,5,0.045
775.png,5,0.045
776.png,5,0.045
777.png,5,0.045
778.png,5,0.045
779.png,5,0.045
780.png,5,0.045
781.png,5,0.045
782.png,5,0.045
783.png,5,0.045
784.png,5,0.045
785.png,5,0.045
786.png,5,0.045
787.png,5,0.045
788.png,5,0.045
789.png,5,0.045
790.png,5,0.045
791.png,5,0.045
792.png,5,0.045
793.png,5,0.045
794.png,5,0.045
795.png,5,0.045
796.png,5,0.045
797.png,5,0.045
798.png,5,0.045
799.png,5,0.045
800.png,5,0.045
801.png,5,0.045
802.png,5,0.045
803.png,5,0.045
804.png,5,0.045
805.png,5,0.045
806.png,5,0.045
807.png,5,0.045
808.png,5,0.045
809.png,5,0.045
810.png,5,0.045
811.png,5,0.045
812.png,5,0.045
813.png,5,0.045
814.png,5,0.045
815.png,5,0.045
816.png,5,0.045
817.png,5,0.045
818.png,5,0.045
819.png,5,0.045
820.png,5,0.045
821.png,5,0.045
822.png,5,0.045
823.png,5,0.045
824.png,5,0.045
825.png,5,0.045
826.png,13,0.0125
827.png,13,0.013500000000000002
828.png,13,-0.02485
829.png,13,-0.0216
830.png,13,-0.10420000000000001
831.png,13,-0.09720000000000001
832.png,5,-0.71365
833.png,5,-0.6854
834.png,5,-1.3695000000000002
835.png,5,-1.324
836.png,5,-1.8772499999999999
837.png,5,-1.8199999999999998
838.png,5,-1.9949999999999999
839.png,5,-1.9825
840.png,-0.6,-1
841.png,-0.6,-1
842.png,-0.6,-1
843.png,-0.6,-1
844.png,-0.6,-1
845.png,-0.6,-1
846.png,-0.6,-1
847.png,-0.6,-1
848.png,-0.6,-1
849.png,-0.6,-1
850.png,-0.6,-1
851.png,-0.6,-1
852.png,-0.6,-1
853.png,-0.6,-1
854.png,5,-2.0315
855.png,5,-2.028
856.png,5,-1.9789999999999999
857.png,5,-1.9825
858.png,5,-1.9334999999999998
859.png,5,-1.9369999999999998
860.png,5,-1.8495
861.png,5,-1.85575
862.png,5,-1.64225
863.png,5,-1.6575
864.png,5,-1.3739999999999999
865.png,5,-1.39425
866.png,5,-1.1565
867.png,5,-1.1795
868.png,5,-0.8195
869.png,5,-0.8435
870.png,5,-0.46849999999999997
871.png,5,-0.4935
872.png,5,-0.15675
873.png,5,-0.18
874.png,5,0.16075
875.png,5,0.14
876.png,5,0.5248
877.png,5,0.505
878.png,5,0.64635
879.png,5,0.6351
880.png,5,0.7178999999999999
881.png,5,0.7133999999999999
882.png,5,0.60925
883.png,5,0.612
884.png,5,0.46325000000000005
885.png,5,0.47200000000000003
886.png,5,0.23825
887.png,5,0.252
888.png,5,-0.0455
889.png,5,-0.028
890.png,5,-0.37544999999999995
891.png,5,-0.35669999999999996
892.png,5,-0.8393
893.png,5,-0.8150000000000001
894.png,5,-1.1281
895.png,5,-1.1086
896.png,5,-1.33815
897.png,5,-1.3224
898.png,5,-1.5064
899.png,5,-1.4964
900.png,5,-1.3659999999999999
901.png,5,-1.3612499999999998
902.png,5,-1.35325
903.png,5,-1.35375
904.png,5,-1.26975
905.png,5,-1.275
906.png,5,-1.183
907.png,5,-1.18875
908.png,5,-1.05275
909.png,5,-1.06125
910.png,9,-0.58805
911.png,9,-0.5978
912.png,5,-0.7975000000000001
913.png,5,-0.808
914.png,5,-0.655
915.png,5,-0.664
916.png,5,-0.681
917.png,5,-0.68
918.png,5,-0.578
919.png,5,-0.584
920.png,5,-0.5155000000000001
921.png,5,-0.522
922.png,5,-0.35639999999999994
923.png,5,-0.36539999999999995
924.png,5,-0.18599999999999997
925.png,5,-0.19574999999999998
926.png,5,-0.19574999999999998
927.png,5,-0.0501
928.png,5,-0.06
929.png,5,-0.06
930.png,5,0.0831
931.png,5,0.075
932.png,5,0.075
933.png,5,0.1969
934.png,5,0.19
935.png,5,0.19
936.png,5,0.26694999999999997
937.png,5,0.2622
938.png,5,0.32155
939.png,5,0.31755
940.png,5,0.31755
941.png,5,0.38194999999999996
942.png,5,0.37844999999999995
943.png,5,0.37844999999999995
944.png,5,0.43365
945.png,5,0.43065
946.png,5,0.43424999999999997
947.png,5,0.432
948.png,5,0.432
949.png,5,0.4575
950.png,5,0.456
951.png,5,0.456
952.png,5,0.456
953.png,5,0.456
954.png,5,0.456
955.png,5,0.439
956.png,5,0.44
957.png,5,0.44
958.png,5,0.389
959.png,5,0.392
960.png,5,0.392
961.png,5,0.307
962.png,5,0.312
963.png,5,0.312
964.png,5,0.2015
965.png,5,0.20800000000000002
966.png,5,0.20800000000000002
967.png,5,0.08474999999999999
968.png,5,0.092
969.png,5,0.092
970.png,5,-0.03335
971.png,5,-0.026099999999999998
972.png,5,-0.026099999999999998
973.png,5,-0.1634
974.png,5,-0.15639999999999998
975.png,5,-0.29719999999999996
976.png,5,-0.29
977.png,13,-0.20970000000000003
978.png,13,-0.20520000000000002
979.png,13,-0.20520000000000002
980.png,5,-0.42769999999999997
981.png,5,-0.425
982.png,5,-0.425
983.png,5,-0.4298
984.png,5,-0.4278
985.png,5,-0.4278
986.png,5,-0.52875
987.png,5,-0.522
988.png,5,-0.522
989.png,5,-0.38399999999999995
990.png,5,-0.39149999999999996
991.png,5,-0.39149999999999996
992.png,5,-0.17529999999999998
993.png,5,-0.18705
994.png,5,-0.18705
995.png,5,0.10775
996.png,5,0.092
997.png,13,0.2605
998.png,13,0.24300000000000002
999.png,13,0.24300000000000002
1000.png,5,0.7583500000000001
1001.png,5,0.7406
1002.png,5,1.0867499999999999
1003.png,5,1.06575
1004.png,5,1.06575
1005.png,5,1.78325
1006.png,5,1.736
1007.png,5,1.645
1008.png,5,1.62825
1009.png,5,1.78925
1010.png,5,1.77775
1011.png,5,1.81625
1012.png,5,1.8135
1013.png,5,1.8135
1014.png,5,1.761
1015.png,5,1.7647499999999998
1016.png,5,1.6212499999999999
1017.png,5,1.6315
1018.png,5,1.4355
1019.png,5,1.4495
1020.png,5,1.4044999999999999
1021.png,5,1.42125
1022.png,5,1.0415
1023.png,5,1.0605
1024.png,5,1.0605
1025.png,5,0.768
1026.png,5,0.7875
1027.png,5,0.7875
1028.png,5,0.49574999999999997
1029.png,5,0.5175
1030.png,5,0.2055
1031.png,5,0.22499999999999998
1032.png,5,-0.0575
1033.png,5,-0.04
1034.png,5,-0.3468
1035.png,5,-0.33
1036.png,5,-0.33
1037.png,5,-0.542
1038.png,5,-0.53
1039.png,5,-0.53
1040.png,5,-0.5347
1041.png,5,-0.5307
1042.png,5,-0.5307
1043.png,5,-0.44975000000000004
1044.png,5,-0.452
1045.png,5,-0.316
1046.png,5,-0.324
1047.png,5,-0.12425000000000001
1048.png,5,-0.136
1049.png,5,0.14650000000000002
1050.png,5,0.5369
1051.png,5,0.515
1052.png,5,0.8701
1053.png,5,0.85
1054.png,5,0.9662999999999999
1055.png,5,0.9568
1056.png,5,0.9568
1057.png,5,0.9967999999999999
1058.png,5,1.0424
1059.png,5,1.03965
1060.png,5,1.0626499999999999
1061.png,5,1.0614
1062.png,5,1.0614
1063.png,5,0.9547500000000001
1064.png,5,0.90075
1065.png,5,0.904
1066.png,5,0.904
1067.png,5,0.8275000000000001
1068.png,5,0.8320000000000001
1069.png,5,0.764
1070.png,5,0.768
1071.png,5,0.683
1072.png,5,0.6880000000000001
1073.png,5,0.647
1074.png,5,0.6525
1075.png,5,0.5053
1076.png,5,0.5133
1077.png,5,0.33849999999999997
1078.png,5,0.348
1079.png,5,0.13179999999999997
1080.png,5,0.14354999999999998
1081.png,5,-0.0894
1082.png,5,-0.075
1083.png,5,-0.3294
1084.png,5,-0.315
1085.png,5,-0.48865
1086.png,5,-0.4784
1087.png,5,-0.5903999999999999
1088.png,5,-0.5829
1089.png,5,-0.6124999999999999
1090.png,5,-0.608
1091.png,5,-0.62925
1092.png,5,-0.628
1093.png,5,-0.60675
1094.png,5,-0.608
1095.png,5,-0.54425
1096.png,5,-0.548
1097.png,5,-0.4545
1098.png,5,-0.46
1099.png,5,-0.341
1100.png,5,-0.34800000000000003
1101.png,5,-0.21625
1102.png,5,-0.224
1103.png,5,-0.09179999999999999
1104.png,5,-0.10005
1105.png,5,0.04255
1106.png,5,0.0348
1107.png,5,0.18839999999999998
1108.png,5,0.18
1109.png,5,0.2966
1110.png,5,0.29
1111.png,5,0.3589
1112.png,5,0.355
1113.png,5,0.3709
1114.png,5,0.37
1115.png,5,0.31129999999999997
1116.png,5,0.31279999999999997
1117.png,5,0.24004999999999999
1118.png,5,0.2438
1119.png,5,0.1484
1120.png,5,0.155
1121.png,5,0.0225
1122.png,5,0.03
1123.png,13,-0.060500000000000005
1124.png,13,-0.054000000000000006
1125.png,5,-0.2378
1126.png,5,-0.23
1127.png,5,-0.33285
1128.png,5,-0.3266
1129.png,5,-0.49744999999999995
1130.png,5,-0.48719999999999997
1131.png,5,-0.49474999999999997
1132.png,5,-0.492
1133.png,5,-0.5005
1134.png,5,-0.5
1135.png,5,-0.46175000000000005
1136.png,5,-0.464
1137.png,5,-0.4045
1138.png,5,-0.40800000000000003
1139.png,5,-0.31875000000000003
1140.png,5,-0.324
1141.png,5,-0.222
1142.png,5,-0.228
1143.png,5,-0.13294999999999998
1144.png,5,-0.1392
1145.png,5,-0.0196
1146.png,5,-0.026099999999999998
1147.png,5,0.08395
1148.png,5,0.07819999999999999
1149.png,5,0.1804
1150.png,5,0.17500000000000002
1151.png,13,0.13285
1152.png,13,0.1296
1153.png,5,0.2771
1154.png,5,0.275
1155.png,5,0.2856
1156.png,5,0.28500000000000003
1157.png,5,0.30584999999999996
1158.png,5,0.3036
1159.png,5,0.22599999999999998
1160.png,5,0.22999999999999998
1161.png,5,0.11845
1162.png,5,0.1242
1163.png,5,-0.0081
1164.png,5,-0.0
1165.png,13,-0.08555000000000001
1166.png,13,-0.07830000000000001
1167.png,5,-0.29869999999999997
1168.png,5,-0.29
1169.png,5,-0.4123
1170.png,5,-0.4048
1171.png,5,-0.6587999999999999
1172.png,5,-0.6437999999999999
1173.png,5,-0.65575
1174.png,5,-0.652
1175.png,5,-0.69025
1176.png,5,-0.6880000000000001
1177.png,5,-0.6455000000000001
1178.png,5,-0.648
1179.png,5,-0.59275
1180.png,5,-0.596
1181.png,5,-0.49825
1182.png,5,-0.504
1183.png,5,-0.38925000000000004
1184.png,5,-0.396
1185.png,5,-0.27275000000000005
1186.png,5,-0.28
1187.png,5,-0.1573
1188.png,5,-0.1653
1189.png,5,-0.0503
1190.png,5,-0.056549999999999996
1191.png,5,0.0622
1192.png,5,0.055
1193.png,5,0.1451
1194.png,5,0.14
1195.png,13,0.10510000000000001
1196.png,13,0.10260000000000001
1197.png,5,0.20590000000000003
1198.png,5,0.20500000000000002
1199.png,5,0.16790000000000002
1200.png,5,0.17
1201.png,5,0.07394999999999999
1202.png,5,0.07819999999999999
1203.png,5,-0.0263
1204.png,5,-0.02
1205.png,13,-0.09635
1206.png,13,-0.0891
1207.png,5,-0.30279999999999996
1208.png,5,-0.295
1209.png,5,-0.4266
1210.png,5,-0.41859999999999997
1211.png,5,-0.7132499999999999
1212.png,5,-0.696
1213.png,5,-0.7787999999999999
1214.png,5,-0.7743
1215.png,5,-0.7374999999999999
1216.png,5,-0.736
1217.png,5,-0.6935000000000001
1218.png,5,-0.6960000000000001
1219.png,5,-0.594
1220.png,5,-0.6
1221.png,5,-0.498
1222.png,5,-0.504
1223.png,5,-0.36375
1224.png,5,-0.372
1225.png,5,-0.236
1226.png,5,-0.244
1227.png,5,-0.11354999999999998
1228.png,5,-0.12179999999999999
1229.png,5,0.0167
1230.png,5,0.0092
1231.png,5,0.1266
1232.png,5,0.12
1233.png,5,0.21539999999999998
1234.png,5,0.21
1235.png,5,0.2524
1236.png,5,0.25
1237.png,5,0.2203
1238.png,5,0.2208
1239.png,5,0.17715
1240.png,5,0.1794
1241.png,5,0.0824
1242.png,5,0.0874
1243.png,5,-0.014450000000000001
1244.png,5,-0.0092
1245.png,5,-0.15839999999999999
1246.png,5,-0.15
1247.png,13,-0.1577
1248.png,13,-0.1512
1249.png,5,-0.40190000000000003
1250.png,5,-0.395
1251.png,5,-0.49434999999999996
1252.png,5,-0.4876
1253.png,5,-0.7877
1254.png,5,-0.7699499999999999
1255.png,5,-0.7505
1256.png,5,-0.748
1257.png,5,-0.75225
1258.png,5,-0.752
1259.png,5,-0.667
1260.png,5,-0.672
1261.png,5,-0.5785
1262.png,5,-0.584
1263.png,5,-0.448
1264.png,5,-0.456
1265.png,5,-0.30725
1266.png,5,-0.316
1267.png,5,-0.18264999999999998
1268.png,5,-0.1914
1269.png,5,-0.03265
1270.png,5,-0.0414
1271.png,5,0.09809999999999999
1272.png,5,0.09
1273.png,5,0.2119
1274.png,5,0.20500000000000002
1275.png,5,0.2565
1276.png,5,0.253
1277.png,5,0.25304999999999994
1278.png,5,0.25229999999999997
1279.png,5,0.22469999999999998
1280.png,5,0.22619999999999998
1281.png,5,0.15259999999999999
1282.png,5,0.1566
1283.png,5,0.06459999999999999
1284.png,5,0.0696
1285.png,5,-0.0525
1286.png,5,-0.046
1287.png,5,-0.1984
1288.png,5,-0.19
1289.png,13,-0.17930000000000001
1290.png,13,-0.1728
1291.png,5,-0.4578
1292.png,5,-0.45
1293.png,5,-0.5498
1294.png,5,-0.5428
1295.png,5,-0.8767
1296.png,5,-0.85695
1297.png,5,-0.82625
1298.png,5,-0.8240000000000001
1299.png,5,-0.7985000000000001
1300.png,5,-0.8
1301.png,5,-0.71075
1302.png,5,-0.716
1303.png,5,-0.5842499999999999
1304.png,5,-0.592
1305.png,5,-0.4305
1306.png,5,-0.44
1307.png,5,-0.30369999999999997
1308.png,5,-0.3132
1309.png,5,-0.1275
1310.png,5,-0.138
1311.png,5,0.0249
1312.png,5,0.015
1313.png,5,0.18460000000000001
1314.png,5,0.17500000000000002
1315.png,5,0.26285
1316.png,5,0.2576
1317.png,5,0.29879999999999995
1318.png,5,0.29579999999999995
1319.png,5,0.305
1320.png,5,0.3045
1321.png,5,0.229
1322.png,5,0.232
1323.png,5,0.17869999999999997
1324.png,5,0.18269999999999997
1325.png,5,0.06309999999999999
1326.png,5,0.0696
1327.png,5,-0.059199999999999996
1328.png,5,-0.052199999999999996
1329.png,5,-0.2104
1330.png,5,-0.2024
1331.png,5,-0.379
1332.png,5,-0.37
1333.png,5,-0.4972
1334.png,5,-0.49
1335.png,5,-0.6066
1336.png,5,-0.6
1337.png,5,-0.5908
1338.png,5,-0.5888
1339.png,5,-0.5568
1340.png,5,-0.5568
1341.png,5,-0.5108
1342.png,5,-0.5133
1343.png,5,-0.44889999999999997
1344.png,5,-0.45239999999999997
1345.png,5,-0.4008
1346.png,5,-0.4048
1347.png,5,-0.3272
1348.png,5,-0.3312
1349.png,5,-0.29725
1350.png,5,-0.299
1351.png,5,-0.299
1352.png,5,-0.3091
1353.png,5,-0.31
1354.png,5,-0.3046
1355.png,5,-0.3036
1356.png,5,-0.3424
1357.png,5,-0.3404
1358.png,5,-0.3404
1359.png,5,-0.38404999999999995
1360.png,5,-0.3818
1361.png,5,-0.3818
1362.png,5,-0.43465
1363.png,5,-0.50425
1364.png,5,-0.50025
1365.png,5,-0.50025
1366.png,5,-0.5968499999999999
1367.png,5,-0.5915999999999999
1368.png,5,-0.5915999999999999
1369.png,5,-0.6927999999999999
1370.png,5,-0.6872999999999999
1371.png,5,-0.6872999999999999
1372.png,5,-0.734
1373.png,5,-0.728
1374.png,5,-0.728
1375.png,5,-0.84275
1376.png,5,-0.836
1377.png,5,-0.836
1378.png,9,-0.57955
1379.png,9,-0.5733
1380.png,9,-0.5733
1381.png,5,-1.06775
1382.png,5,-1.06
1383.png,5,-1.1297499999999998
1384.png,5,-1.1212499999999999
1385.png,5,-1.1212499999999999
1386.png,5,-1.36925
1387.png,5,-1.35375
1388.png,5,-1.44175
1389.png,5,-1.43625
1390.png,5,-1.5162499999999999
1391.png,5,-1.51125
1392.png,5,-1.51125
1393.png,5,-1.50325
1394.png,5,-1.50375
1395.png,5,-1.50375
1396.png,5,-1.4477499999999999
1397.png,5,-1.45125
1398.png,5,-1.30325
1399.png,5,-1.3125
1400.png,5,-0.9775
1401.png,5,-0.994
1402.png,5,-0.7015
1403.png,5,-0.721
1404.png,5,-0.4165
1405.png,5,-0.43875
1406.png,5,-0.43875
1407.png,5,-0.10275
1408.png,5,-0.12375
1409.png,5,0.208
1410.png,5,0.188
1411.png,5,0.188
1412.png,5,0.5654
1413.png,5,0.5474
1414.png,5,0.5474
1415.png,5,0.8705999999999999
1416.png,5,0.855
1417.png,5,0.90945
1418.png,5,0.9280499999999999
1419.png,5,0.92655
1420.png,5,0.8392499999999999
1421.png,5,0.84
1422.png,5,0.84
1423.png,5,0.7125
1424.png,5,0.5075000000000001
1425.png,5,0.52
1426.png,5,0.52
1427.png,5,0.27775
1428.png,5,0.292
1429.png,5,0.292
1430.png,5,-0.01825
1431.png,5,-0.0
1432.png,5,-0.3498
1433.png,5,-0.33
1434.png,5,-0.6236999999999999
1435.png,5,-0.6072
1436.png,5,-0.9099999999999999
1437.png,5,-1.07075
1438.png,5,-1.056
1439.png,5,-1.056
1440.png,5,-1.17
1441.png,5,-1.15875
1442.png,5,-1.15875
1443.png,5,-1.24675
1444.png,5,-1.24125
1445.png,5,-1.21325
1446.png,5,-1.2149999999999999
1447.png,5,-1.1149999999999998
1448.png,5,-1.1212499999999999
1449.png,5,-0.9652499999999999
1450.png,5,-0.975
1451.png,5,-0.759
1452.png,5,-0.7725
1453.png,5,-0.5005
1454.png,5,-0.5175
1455.png,5,-0.23750000000000002
1456.png,5,-0.256
1457.png,5,0.084
1458.png,5,0.504
1459.png,5,0.48
1460.png,5,0.48
1461.png,5,0.78595
1462.png,5,0.7682
1463.png,5,0.9932499999999999
1464.png,5,0.9787499999999999
1465.png,9,0.59175
1466.png,9,0.588
1467.png,5,0.9854999999999999
1468.png,5,0.984
1469.png,9,0.5487
1470.png,9,0.5537
1471.png,5,0.7255
1472.png,5,0.5575000000000001
1473.png,5,0.5680000000000001
1474.png,5,0.5680000000000001
1475.png,5,0.2535
1476.png,5,0.272
1477.png,5,-0.11359999999999998
1478.png,5,-0.09134999999999999
1479.png,5,-0.5184
1480.png,5,-0.495
1481.png,5,-0.8822
1482.png,5,-1.0848499999999999
1483.png,5,-1.0700999999999998
1484.png,5,-1.0700999999999998
1485.png,5,-1.1285
1486.png,5,-1.12
1487.png,5,-1.1242500000000002
1488.png,5,-1.124
1489.png,5,-1.0602500000000001
1490.png,5,-1.064
1491.png,5,-0.9535
1492.png,5,-0.96
1493.png,5,-0.7815000000000001
1494.png,5,-0.792
1495.png,5,-0.5922499999999999
1496.png,5,-0.604
1497.png,5,-0.37875000000000003
1498.png,5,-0.392
1499.png,5,-0.154
1500.png,5,-0.168
1501.png,5,0.038099999999999995
1502.png,5,0.026099999999999998
1503.png,5,0.2738
1504.png,5,0.26
1505.png,5,0.4402
1506.png,5,0.43
1507.png,5,0.46609999999999996
1508.png,5,0.46109999999999995
1509.png,5,0.48869999999999997
1510.png,5,0.43199999999999994
1511.png,5,0.43499999999999994
1512.png,5,0.43499999999999994
1513.png,5,0.315
1514.png,5,0.32
1515.png,5,0.20999999999999996
1516.png,5,0.21749999999999997
1517.png,5,0.047299999999999995
1518.png,5,0.056549999999999996
1519.png,5,-0.11964999999999999
1520.png,5,-0.1104
1521.png,13,-0.1887
1522.png,13,-0.1782
1523.png,5,-0.5208
1524.png,5,-0.51
1525.png,5,-0.6368999999999999
1526.png,5,-0.6264
1527.png,5,-0.9627500000000001
1528.png,5,-0.9400000000000001
1529.png,5,-0.991
1530.png,5,-0.988
1531.png,5,-0.99225
1532.png,5,-0.992
1533.png,9,-0.5428
1534.png,9,-0.5488
1535.png,5,-0.743
1536.png,5,-0.752
1537.png,5,-0.582
1538.png,5,-0.592
1539.png,5,-0.47725
1540.png,5,-0.484
1541.png,5,-0.30125
1542.png,5,-0.312
1543.png,5,-0.13689999999999997
1544.png,5,-0.14789999999999998
1545.png,5,0.0376
1546.png,5,0.0276
1547.png,13,0.12240000000000001
1548.png,13,0.1134
1549.png,5,0.3478
1550.png,5,0.34
1551.png,5,0.3878
1552.png,5,0.3828
1553.png,5,0.403
1554.png,5,0.4
1555.png,5,0.3405
1556.png,5,0.34400000000000003
1557.png,5,0.23349999999999999
1558.png,5,0.24
1559.png,5,0.11379999999999998
1560.png,5,0.12179999999999999
1561.png,5,-0.0622
1562.png,5,-0.052199999999999996
1563.png,5,-0.2395
1564.png,5,-0.22999999999999998
1565.png,13,-0.25005
1566.png,13,-0.2403
1567.png,5,-0.6199
1568.png,5,-0.61
1569.png,5,-0.6962999999999999
1570.png,5,-0.6872999999999999
1571.png,9,-0.6408999999999999
1572.png,9,-0.6174
1573.png,5,-1.0335
1574.png,5,-1.032
1575.png,5,-1.032
1576.png,5,-1.032
1577.png,5,-1.0514999999999999
1578.png,5,-1.04625
1579.png,5,-0.9062499999999999
1580.png,5,-0.9149999999999999
1581.png,5,-0.7805000000000001
1582.png,5,-0.792
1583.png,5,-0.5455000000000001
1584.png,5,-0.56
1585.png,5,-0.30925
1586.png,5,-0.324
1587.png,5,-0.05794999999999999
1588.png,5,-0.07394999999999999
1589.png,5,0.21180000000000002
1590.png,5,0.195
1591.png,5,0.4547
1592.png,5,0.44
1593.png,5,0.5438
1594.png,5,0.5350499999999999
1595.png,5,0.56
1596.png,5,0.556
1597.png,5,0.556
1598.png,5,0.556
1599.png,5,0.47525
1600.png,5,0.48
1601.png,5,0.3695
1602.png,5,0.376
1603.png,5,0.2145
1604.png,5,0.224
1605.png,5,0.037000000000000005
1606.png,5,0.048
1607.png,5,-0.1548
1608.png,5,-0.14354999999999998
1609.png,5,-0.41940000000000005
1610.png,5,-0.405
1611.png,13,-0.3367
1612.png,13,-0.3267
1613.png,5,-0.7312
1614.png,5,-0.7222
1615.png,5,-0.8301499999999999
1616.png,5,-0.8221499999999999
1617.png,5,-1.1895
1618.png,5,-1.164
1619.png,5,-1.1724999999999999
1620.png,5,-1.172
1621.png,5,-1.1082500000000002
1622.png,5,-1.112
1623.png,5,-0.9335000000000001
1624.png,5,-0.9440000000000001
1625.png,5,-0.74425
1626.png,5,-0.756
1627.png,5,-0.6115
1628.png,5,-0.62
1629.png,5,-0.5477500000000001
1630.png,5,-0.552
1631.png,5,-0.518
1632.png,5,-0.52
1633.png,5,-0.4945
1634.png,5,-0.496
1635.png,5,-0.479
1636.png,5,-0.48
1637.png,5,-0.463
1638.png,5,-0.464
1639.png,5,-0.44275000000000003
1640.png,5,-0.444
1641.png,5,-0.427
1642.png,5,-0.428
1643.png,5,-0.40675000000000006
1644.png,5,-0.40800000000000003
1645.png,5,-0.38675000000000004
1646.png,5,-0.388
1647.png,5,-0.36675
1648.png,5,-0.368
1649.png,5,-0.3425
1650.png,5,-0.34400000000000003
1651.png,5,-0.31
1652.png,5,-0.312
1653.png,5,-0.28225000000000006
1654.png,5,-0.28400000000000003
1655.png,5,-0.24575
1656.png,5,-0.248
1657.png,5,-0.20975
1658.png,5,-0.212
1659.png,5,-0.16525
1660.png,5,-0.168
1661.png,5,-0.1275
1662.png,5,-0.1305
1663.png,5,-0.07529999999999999
1664.png,5,-0.0783
1665.png,5,-0.0231
1666.png,5,-0.026099999999999998
1667.png,5,0.0306
1668.png,5,0.0276
1669.png,5,0.0858
1670.png,5,0.0828
1671.png,5,0.14300000000000002
1672.png,5,0.14
1673.png,5,0.1824
1674.png,5,0.18
1675.png,5,0.20120000000000002
1676.png,5,0.2
1677.png,13,0.1139
1678.png,13,0.1134
1679.png,13,0.11045
1680.png,13,0.1107
1681.png,13,0.11955
1682.png,13,0.1188
1683.png,5,0.30424999999999996
1684.png,5,0.299
1685.png,5,0.36555
1686.png,5,0.36105
1687.png,5,0.40245
1688.png,5,0.4002
1689.png,5,0.3726
1690.png,5,0.3741
1691.png,5,0.3511
1692.png,5,0.35235
1693.png,5,0.32935000000000003
1694.png,5,0.3306
1695.png,5,0.3168
1696.png,5,0.31755
1697.png,5,0.30375
1698.png,5,0.3045
1699.png,5,0.29529999999999995
1700.png,5,0.29579999999999995
1701.png,5,0.28659999999999997
1702.png,5,0.28709999999999997
1703.png,5,0.28250000000000003
1704.png,5,0.28275
1705.png,5,0.27815
1706.png,5,0.2784
1707.png,5,0.2692
1708.png,5,0.2697
1709.png,5,0.2651
1710.png,5,0.26535
1711.png,5,0.26075000000000004
1712.png,5,0.261
1713.png,5,0.2564
1714.png,5,0.25665
1715.png,5,0.25205
1716.png,5,0.25229999999999997
1717.png,5,0.24769999999999998
1718.png,5,0.24794999999999998
1719.png,5,0.24794999999999998
1720.png,5,0.24794999999999998
1721.png,5,0.24334999999999998
1722.png,5,0.24359999999999998
1723.png,5,0.239
1724.png,5,0.23925
1725.png,5,0.23465
1726.png,5,0.2349
1727.png,5,0.23029999999999998
1728.png,5,0.23054999999999998
1729.png,5,0.22594999999999998
1730.png,5,0.22619999999999998
1731.png,5,0.2216
1732.png,5,0.22185
1733.png,5,0.21724999999999997
1734.png,5,0.21749999999999997
1735.png,5,0.21749999999999997
1736.png,5,0.21749999999999997
1737.png,5,0.21289999999999998
1738.png,5,0.21314999999999998
1739.png,5,0.20854999999999999
1740.png,5,0.20879999999999999
1741.png,5,0.2042
1742.png,5,0.20445
1743.png,5,0.19985
1744.png,5,0.2001
1745.png,5,0.1909
1746.png,5,0.1914
1747.png,5,0.1914
1748.png,5,0.1914
1749.png,5,0.18219999999999997
1750.png,5,0.18269999999999997
1751.png,5,0.17809999999999998
1752.png,5,0.17834999999999998
1753.png,5,0.17375
1754.png,5,0.174
1755.png,5,0.17915
1756.png,5,0.1794
1757.png,5,0.1697
1758.png,5,0.1702
1759.png,5,0.16535
1760.png,5,0.1656
1761.png,5,0.15589999999999998
1762.png,5,0.15639999999999998
1763.png,5,0.15155
1764.png,5,0.1518
1765.png,5,0.1421
1766.png,5,0.1426
1767.png,5,0.13775
1768.png,5,0.138
1769.png,5,0.1283
1770.png,5,0.1288
1771.png,5,0.1191
1772.png,5,0.1196
1773.png,5,0.1099
1774.png,5,0.1104
1775.png,5,0.1007
1776.png,5,0.1012
1777.png,5,0.0915
1778.png,5,0.092
1779.png,5,0.092
1780.png,5,0.0823
1781.png,5,0.0828
1782.png,5,0.0828
1783.png,5,0.0731
1784.png,5,0.0736
1785.png,5,0.05905
1786.png,5,0.0598
1787.png,5,0.0598
1788.png,5,0.0544
1789.png,5,0.055
1790.png,5,0.055
1791.png,5,0.044399999999999995
1792.png,5,0.0344
1793.png,5,0.035
1794.png,5,0.035
1795.png,5,0.035
1796.png,5,0.0244
1797.png,5,0.025
1798.png,5,0.0144
1799.png,5,0.015
1800.png,5,0.015
1801.png,5,0.0044
1802.png,5,-0.0056
1803.png,5,-0.005
1804.png,5,-0.005
1805.png,5,-0.005
1806.png,5,-0.0103
1807.png,5,-0.0206
1808.png,5,-0.02
1809.png,5,-0.02
1810.png,5,-0.02
1811.png,5,-0.025300000000000003
1812.png,5,-0.025
1813.png,5,-0.025
1814.png,5,-0.0303
1815.png,5,-0.03
1816.png,5,-0.035300000000000005
1817.png,5,-0.035
1818.png,5,-0.035
1819.png,5,-0.0403
1820.png,5,-0.0453
1821.png,5,-0.045
1822.png,5,-0.045
1823.png,5,-0.045
1824.png,5,-0.045
1825.png,5,-0.050300000000000004
1826.png,5,-0.05
1827.png,5,-0.05
1828.png,5,-0.05
1829.png,5,-0.05
1830.png,5,-0.05
1831.png,5,-0.05
1832.png,5,-0.05
1833.png,13,-0.02995
1834.png,13,-0.0297
1835.png,13,-0.0297
1836.png,5,-0.055
1837.png,13,-0.0356
1838.png,13,-0.0351
1839.png,13,-0.0351
1840.png,13,-0.0351
1841.png,13,-0.049850000000000005
1842.png,13,-0.048600000000000004
1843.png,13,-0.048600000000000004
1844.png,5,-0.1165
1845.png,5,-0.115
1846.png,5,-0.115
1847.png,5,-0.13620000000000002
1848.png,5,-0.1403
1849.png,5,-0.14
1850.png,5,-0.14
1851.png,5,-0.13470000000000001
1852.png,5,-0.135
1853.png,5,-0.1297
1854.png,5,-0.13
1855.png,5,-0.13
1856.png,5,-0.1247
1857.png,5,-0.125
1858.png,5,-0.1197
1859.png,5,-0.12
1860.png,5,-0.12
1861.png,5,-0.11470000000000001
1862.png,5,-0.115
1863.png,5,-0.1097
1864.png,5,-0.11
1865.png,5,-0.11
1866.png,5,-0.11
1867.png,5,-0.11
1868.png,5,-0.1047
1869.png,5,-0.105
1870.png,5,-0.105
1871.png,5,-0.105
1872.png,5,-0.09970000000000001
1873.png,5,-0.1
1874.png,5,-0.1
1875.png,5,-0.1
1876.png,5,-0.1
1877.png,5,-0.0947
1878.png,5,-0.095
1879.png,5,-0.095
1880.png,5,-0.095
1881.png,5,-0.095
1882.png,5,-0.095
1883.png,5,-0.095
1884.png,5,-0.0897
1885.png,5,-0.09
1886.png,5,-0.09
1887.png,5,-0.09
1888.png,5,-0.09
1889.png,5,-0.09
1890.png,5,-0.09
1891.png,5,-0.09
1892.png,5,-0.08470000000000001
1893.png,5,-0.085
1894.png,5,-0.085
1895.png,5,-0.085
1896.png,5,-0.085
1897.png,5,-0.085
1898.png,5,-0.085
1899.png,5,-0.085
1900.png,5,-0.085
1901.png,5,-0.085
1902.png,5,-0.085
1903.png,5,-0.07970000000000001
1904.png,5,-0.08
1905.png,5,-0.08
1906.png,5,-0.08
1907.png,5,-0.08
1908.png,5,-0.08
1909.png,5,-0.08
1910.png,5,-0.08
1911.png,5,-0.08
1912.png,5,-0.08
1913.png,5,-0.08
1914.png,5,-0.08
1915.png,5,-0.08
1916.png,5,-0.0747
1917.png,5,-0.075
1918.png,5,-0.075
1919.png,5,-0.075
1920.png,5,-0.075
1921.png,5,-0.075
1922.png,5,-0.075
1923.png,5,-0.075
1924.png,5,-0.075
1925.png,5,-0.075
1926.png,5,-0.075
1927.png,5,-0.075
1928.png,5,-0.075
1929.png,5,-0.075
1930.png,5,-0.06970000000000001
1931.png,5,-0.07
1932.png,5,-0.07
1933.png,5,-0.07
1934.png,5,-0.07
1935.png,5,-0.07
1936.png,5,-0.07
1937.png,5,-0.07
1938.png,5,-0.07
1939.png,5,-0.07
1940.png,5,-0.07
1941.png,5,-0.07
1942.png,5,-0.07
1943.png,5,-0.07
1944.png,5,-0.07
1945.png,5,-0.06470000000000001
1946.png,5,-0.065
1947.png,5,-0.065
1948.png,5,-0.065
1949.png,5,-0.065
1950.png,5,-0.065
1951.png,5,-0.065
1952.png,5,-0.065
1953.png,5,-0.065
1954.png,5,-0.065
1955.png,5,-0.065
1956.png,5,-0.065
1957.png,5,-0.065
1958.png,5,-0.065
1959.png,5,-0.065
1960.png,5,-0.065
1961.png,5,-0.065
1962.png,5,-0.065
1963.png,5,-0.065
1964.png,5,-0.065
1965.png,5,-0.065
1966.png,5,-0.065
1967.png,5,-0.065
1968.png,5,-0.059699999999999996
1969.png,5,-0.06
1970.png,5,-0.06
1971.png,5,-0.06
1972.png,5,-0.06
1973.png,5,-0.06
1974.png,5,-0.06
1975.png,5,-0.06
1976.png,5,-0.06
1977.png,5,-0.06
1978.png,5,-0.06
1979.png,5,-0.06
1980.png,5,-0.06
1981.png,5,-0.06
1982.png,5,-0.06
1983.png,5,-0.06
1984.png,5,-0.06
1985.png,5,-0.06
1986.png,5,-0.06
1987.png,5,-0.06
1988.png,5,-0.06
1989.png,5,-0.0547
1990.png,5,-0.055
1991.png,5,-0.055
1992.png,5,-0.055
1993.png,5,-0.055
1994.png,5,-0.055
1995.png,5,-0.055
1996.png,5,-0.055
1997.png,5,-0.055
1998.png,5,-0.055
1999.png,5,-0.055
2000.png,5,-0.055
2001.png,5,-0.055
2002.png,5,-0.055
2003.png,5,-0.055
2004.png,5,-0.055
2005.png,5,-0.055
2006.png,5,-0.055
2007.png,5,-0.055
2008.png,5,-0.055
2009.png,5,-0.055
2010.png,5,-0.055
2011.png,5,-0.0603
2012.png,5,-0.10769999999999999
2013.png,5,-0.105
2014.png,5,-0.1845
2015.png,5,-0.18
2016.png,5,-0.3072
2017.png,5,-0.3
2018.png,5,-0.3
2019.png,5,-0.459
2020.png,5,-0.5982999999999999
2021.png,5,-0.5888
2022.png,5,-0.7592
2023.png,5,-0.7482
2024.png,5,-0.7482
2025.png,5,-0.9735999999999999
2026.png,5,-1.10925
2027.png,5,-1.096
2028.png,5,-1.2594999999999998
2029.png,5,-1.2449999999999999
2030.png,5,-1.461
2031.png,5,-1.4475
2032.png,5,-1.6435
2033.png,5,-1.6312499999999999
2034.png,5,-1.54675
2035.png,5,-1.53725
2036.png,5,-1.53725
2037.png,5,-1.61425
2038.png,5,-1.62625
2039.png,5,-1.625
2040.png,5,-1.555
2041.png,5,-1.5599999999999998
2042.png,5,-1.5599999999999998
2043.png,5,-1.413
2044.png,5,-1.338
2045.png,5,-1.351
2046.png,5,-1.351
2047.png,5,-1.111
2048.png,5,-0.872
2049.png,5,-0.889
2050.png,5,-0.889
2051.png,5,-0.60775
2052.png,5,-0.41925
2053.png,5,-0.435
2054.png,5,-0.1835
2055.png,5,-0.2
2056.png,5,-0.00875
2057.png,5,-0.02
2058.png,5,0.11765
2059.png,5,0.1104
2060.png,5,0.1104
2061.png,5,0.2048
2062.png,5,0.2053
2063.png,5,0.20500000000000002
2064.png,5,0.20500000000000002
2065.png,5,0.16790000000000002
2066.png,5,0.17
2067.png,5,0.0497
2068.png,5,0.0552
2069.png,5,-0.1096
2070.png,13,-0.17200000000000001
2071.png,13,-0.162
2072.png,5,-0.5703
2073.png,5,-0.555
2074.png,5,-0.555
2075.png,5,-1.0532499999999998
2076.png,5,-1.0222499999999999
2077.png,9,-0.65945
2078.png,9,-0.6517
2079.png,5,-1.1829999999999998
2080.png,5,-1.176
2081.png,5,-1.22275
2082.png,5,-1.22
2083.png,5,-1.39975
2084.png,5,-1.33575
2085.png,5,-1.3387499999999999
2086.png,5,-1.3387499999999999
2087.png,5,-1.24275
2088.png,5,-1.24875
2089.png,5,-1.09275
2090.png,5,-1.1025
2091.png,5,-0.9025
2092.png,5,-0.9149999999999999
2093.png,5,-0.74225
2094.png,5,-0.756
2095.png,5,-0.51375
2096.png,5,-0.307
2097.png,5,-0.32
2098.png,5,-0.32
2099.png,5,-0.13179999999999997
2100.png,5,-0.14354999999999998
2101.png,5,-0.0219
2102.png,5,-0.03
2103.png,13,0.05165
2104.png,13,0.0459
2105.png,5,0.1267
2106.png,5,0.1242
2107.png,5,0.08984999999999999
2108.png,5,0.09134999999999999
2109.png,5,-0.20894999999999997
2110.png,5,-0.19319999999999998
2111.png,5,-0.4167
2112.png,5,-0.405
2113.png,5,-0.6382
2114.png,5,-0.625
2115.png,5,-0.75445
2116.png,5,-0.7452
2117.png,5,-0.8381
2118.png,5,-0.83085
2119.png,5,-0.9136499999999999
2120.png,5,-0.9091499999999999
2121.png,5,-0.95975
2122.png,5,-0.957
2123.png,5,-0.9708
2124.png,5,-0.97005
2125.png,5,-1.01145
2126.png,5,-1.0091999999999999
2127.png,9,-0.6358999999999999
2128.png,9,-0.6296499999999999
2129.png,5,-1.18525
2130.png,5,-1.176
2131.png,5,-1.3265
2132.png,5,-1.3125
2133.png,5,-1.547
2134.png,5,-1.51775
2135.png,5,-1.66475
2136.png,5,-1.65425
2137.png,5,-1.76975
2138.png,5,-1.7614999999999998
2139.png,5,-1.821
2140.png,5,-1.8167499999999999
2141.png,5,-1.8132499999999998
2142.png,5,-1.8135
2143.png,5,-1.7259999999999998
2144.png,5,-1.7322499999999998
2145.png,5,-1.52925
2146.png,5,-1.54375
2147.png,5,-1.2602499999999999
2148.png,5,-1.2805
2149.png,5,-1.01525
2150.png,5,-1.0395
2151.png,5,-0.642
2152.png,5,-0.6685
2153.png,5,-0.27225
2154.png,5,-0.3
2155.png,5,0.13999999999999999
2156.png,5,0.11249999999999999
2157.png,5,0.5996999999999999
2158.png,5,0.5741999999999999
2159.png,5,1.1052
2160.png,5,1.08
2161.png,5,1.2064
2162.png,5,1.1919
2163.png,5,1.18525
2164.png,5,1.18
2165.png,5,1.1035000000000001
2166.png,5,1.108
2167.png,5,0.9337500000000001
2168.png,5,0.9440000000000001
2169.png,5,0.6975
2170.png,5,0.712
2171.png,5,0.389
2172.png,5,0.40800000000000003
2173.png,5,0.06799999999999999
2174.png,5,0.088
2175.png,5,-0.3045
2176.png,5,-0.28275
2177.png,5,-0.7595999999999999
2178.png,5,-0.735
2179.png,5,-0.9844499999999999
2180.png,5,-0.9656999999999999
2181.png,5,-1.2141
2182.png,5,-1.2006
2183.png,5,-1.2229999999999999
2184.png,5,-1.216
2185.png,5,-1.168
2186.png,5,-1.16625
2187.png,5,-1.10225
2188.png,5,-1.10625
2189.png,5,-0.9982499999999999
2190.png,5,-1.005
2191.png,5,-0.853
2192.png,5,-0.8624999999999999
2193.png,5,-0.6785
2194.png,5,-0.69
2195.png,5,-0.515
2196.png,5,-0.528
2197.png,5,-0.30275
2198.png,5,-0.316
2199.png,5,-0.09925
2200.png,5,-0.112
2201.png,5,0.104
2202.png,5,0.092
2203.png,5,0.3014
2204.png,5,0.29
2205.png,5,0.4331
2206.png,5,0.425
2207.png,5,0.42954999999999993
2208.png,5,0.42629999999999996
2209.png,5,0.4079
2210.png,5,0.4089
2211.png,5,0.3215
2212.png,5,0.32625
2213.png,5,0.19745
2214.png,5,0.20445
2215.png,5,0.034249999999999996
2216.png,5,0.0435
2217.png,5,-0.162
2218.png,5,-0.15
2219.png,13,-0.20785
2220.png,13,-0.1971
2221.png,5,-0.5717000000000001
2222.png,5,-0.56
2223.png,5,-0.6849999999999999
2224.png,5,-0.6742499999999999
2225.png,9,-0.65785
2226.png,9,-0.6321
2227.png,5,-1.1042500000000002
2228.png,5,-1.1
2229.png,5,-1.0792499999999998
2230.png,5,-1.07625
2231.png,5,-1.2122499999999998
2232.png,5,-1.2037499999999999
2233.png,5,-1.09575
2234.png,5,-1.1025
2235.png,5,-0.9505
2236.png,5,-0.96
2237.png,9,-0.4814
2238.png,9,-0.4949
2239.png,5,-0.553
2240.png,5,-0.5680000000000001
2241.png,5,-0.296
2242.png,5,-0.312
2243.png,5,-0.09549999999999999
2244.png,5,-0.10874999999999999
2245.png,5,0.1347
2246.png,5,0.12
2247.png,5,0.3214
2248.png,5,0.31
2249.png,5,0.41614999999999996
2250.png,5,0.4094
2251.png,5,0.4377499999999999
2252.png,5,0.43499999999999994
2253.png,5,0.383
2254.png,5,0.384
2255.png,5,0.30325
2256.png,5,0.308
2257.png,5,0.18475
2258.png,5,0.192
2259.png,5,0.047799999999999995
2260.png,5,0.056549999999999996
2261.png,5,-0.12745
2262.png,5,-0.11745
2263.png,5,-0.35760000000000003
2264.png,5,-0.34500000000000003
2265.png,5,-0.557
2266.png,5,-0.545
2267.png,5,-0.66145
2268.png,5,-0.6532
2269.png,5,-0.7235
2270.png,5,-0.71775
2271.png,5,-0.7637499999999999
2272.png,5,-0.76125
2273.png,5,-0.7566499999999999
2274.png,5,-0.7568999999999999
2275.png,5,-0.7201
2276.png,5,-0.7221
2277.png,5,-0.6393
2278.png,5,-0.6437999999999999
2279.png,5,-0.5379999999999999
2280.png,5,-0.54375
2281.png,5,-0.41495
2282.png,5,-0.42195
2283.png,5,-0.28855
2284.png,5,-0.29579999999999995
2285.png,5,-0.177
2286.png,5,-0.184
2287.png,5,-0.0675
2288.png,5,-0.075
2289.png,5,0.0257
2290.png,5,0.02
2291.png,5,0.0889
2292.png,5,0.085
2293.png,5,0.10245
2294.png,5,0.1012
2295.png,5,0.0818
2296.png,5,0.0828
2297.png,5,0.0343
2298.png,5,0.0368
2299.png,5,-0.0505
2300.png,5,-0.046
2301.png,5,-0.14300000000000002
2302.png,5,-0.138
2303.png,5,-0.2772
2304.png,5,-0.27
2305.png,13,-0.21070000000000003
2306.png,13,-0.20520000000000002
2307.png,5,-0.486
2308.png,5,-0.48
2309.png,5,-0.56285
2310.png,5,-0.5566
2311.png,5,-0.8667499999999999
2312.png,5,-0.84825
2313.png,5,-0.76725
2314.png,5,-0.768
2315.png,5,-0.6915000000000001
2316.png,5,-0.6960000000000001
2317.png,5,-0.577
2318.png,5,-0.584
2319.png,5,-0.51175
2320.png,5,-0.516
2321.png,5,-0.516
2322.png,5,-0.47350000000000003
2323.png,5,-0.47600000000000003
2324.png,5,-0.4505
2325.png,5,-0.452
2326.png,5,-0.435
2327.png,5,-0.436
2328.png,5,-0.419
2329.png,5,-0.42
2330.png,5,-0.40725000000000006
2331.png,5,-0.40800000000000003
2332.png,5,-0.3995
2333.png,5,-0.4
2334.png,5,-0.38725000000000004
2335.png,5,-0.388
2336.png,5,-0.37525000000000003
2337.png,5,-0.376
2338.png,5,-0.3675
2339.png,5,-0.368
2340.png,5,-0.35525
2341.png,5,-0.356
2342.png,5,-0.34325000000000006
2343.png,5,-0.34400000000000003
2344.png,5,-0.3355
2345.png,5,-0.336
2346.png,5,-0.32325000000000004
2347.png,5,-0.324
2348.png,5,-0.31125
2349.png,5,-0.312
2350.png,5,-0.295
2351.png,5,-0.296
2352.png,5,-0.296
2353.png,5,-0.279
2354.png,5,-0.28
2355.png,5,-0.26725000000000004
2356.png,5,-0.268
2357.png,5,-0.24675
2358.png,5,-0.248
2359.png,5,-0.231
2360.png,5,-0.232
2361.png,5,-0.22929999999999998
2362.png,5,-0.23054999999999998
2363.png,5,-0.20295
2364.png,5,-0.20445
2365.png,5,-0.20445
2366.png,5,-0.17684999999999998
2367.png,5,-0.17834999999999998
2368.png,5,-0.17834999999999998
2369.png,5,-0.15075
2370.png,5,-0.12004999999999999
2371.png,5,-0.12179999999999999
2372.png,5,-0.12179999999999999
2373.png,5,-0.08499999999999999
2374.png,5,-0.087
2375.png,5,-0.087
2376.png,5,-0.054799999999999995
2377.png,5,-0.056549999999999996
2378.png,5,-0.056549999999999996
2379.png,5,-0.025849999999999998
2380.png,5,0.00635
2381.png,5,0.0046
2382.png,5,0.0046
2383.png,5,0.0046
2384.png,5,0.0337
2385.png,5,0.0322
2386.png,5,0.0322
2387.png,5,0.0615
2388.png,5,0.06
2389.png,5,0.06
2390.png,5,0.08650000000000001
2391.png,5,0.1009
2392.png,5,0.1
2393.png,5,0.1
2394.png,5,0.1159
2395.png,5,0.115
2396.png,5,0.12029999999999999
2397.png,5,0.12
2398.png,5,0.12
2399.png,5,0.1253
2400.png,5,0.125
2401.png,5,0.125
2402.png,5,0.125
2403.png,5,0.125
2404.png,13,0.0675
2405.png,13,0.0675
2406.png,13,0.06455
2407.png,13,0.0648
2408.png,13,0.07365000000000001
2409.png,13,0.0729
2410.png,5,0.1933
2411.png,5,0.19
2412.png,5,0.19
2413.png,5,0.23770000000000002
2414.png,5,0.23500000000000001
2415.png,5,0.23500000000000001
2416.png,5,0.23074999999999998
2417.png,5,0.22999999999999998
2418.png,5,0.2203
2419.png,5,0.20625
2420.png,5,0.207
2421.png,5,0.1973
2422.png,5,0.1978
2423.png,5,0.1978
2424.png,5,0.20440000000000003
2425.png,5,0.20500000000000002
2426.png,5,0.20500000000000002
2427.png,5,0.19970000000000002
2428.png,5,0.2
2429.png,5,0.2
2430.png,5,0.1947
2431.png,5,0.195
2432.png,5,0.195
2433.png,5,0.1844
2434.png,5,0.185
2435.png,5,0.1797
2436.png,5,0.18
2437.png,5,0.17470000000000002
2438.png,5,0.17500000000000002
2439.png,5,0.17500000000000002
2440.png,5,0.17500000000000002
2441.png,5,0.17500000000000002
2442.png,5,0.16970000000000002
2443.png,5,0.17
2444.png,5,0.1647
2445.png,5,0.165
2446.png,5,0.165
2447.png,5,0.165
2448.png,5,0.165
2449.png,5,0.1597
2450.png,5,0.16
2451.png,5,0.16
2452.png,5,0.16
2453.png,5,0.1547
2454.png,5,0.155
2455.png,5,0.155
2456.png,5,0.155
2457.png,5,0.155
2458.png,5,0.1497
2459.png,5,0.15
2460.png,5,0.15
2461.png,5,0.15
2462.png,5,0.15
2463.png,5,0.15
2464.png,5,0.15
2465.png,5,0.1447
2466.png,5,0.145
2467.png,5,0.145
2468.png,5,0.145
2469.png,5,0.145
2470.png,5,0.145
2471.png,5,0.145
2472.png,5,0.145
2473.png,5,0.13970000000000002
2474.png,5,0.14
2475.png,5,0.14
2476.png,5,0.14
2477.png,5,0.14
2478.png,5,0.14
2479.png,5,0.14
2480.png,5,0.13470000000000001
2481.png,5,0.135
2482.png,5,0.135
2483.png,5,0.135
2484.png,5,0.135
2485.png,5,0.135
2486.png,5,0.135
2487.png,5,0.135
2488.png,5,0.135
2489.png,5,0.135
2490.png,5,0.135
2491.png,5,0.1297
2492.png,5,0.13
2493.png,5,0.13
2494.png,5,0.13
2495.png,5,0.13
2496.png,5,0.13
2497.png,5,0.13
2498.png,5,0.13
2499.png,5,0.13
2500.png,5,0.13
2501.png,5,0.13
2502.png,5,0.13
2503.png,5,0.1247
2504.png,5,0.125
2505.png,5,0.125
2506.png,5,0.125
2507.png,5,0.125
2508.png,5,0.125
2509.png,5,0.125
2510.png,5,0.125
2511.png,5,0.125
2512.png,5,0.125
2513.png,5,0.1197
2514.png,5,0.12
2515.png,5,0.12
2516.png,5,0.12
2517.png,5,0.12
2518.png,5,0.12
2519.png,5,0.12
2520.png,5,0.12
2521.png,5,0.12
2522.png,5,0.12
2523.png,5,0.12
2524.png,5,0.12
2525.png,5,0.11470000000000001
2526.png,5,0.115
2527.png,5,0.115
2528.png,5,0.115
2529.png,5,0.115
2530.png,5,0.115
2531.png,5,0.115
2532.png,5,0.115
2533.png,5,0.115
2534.png,5,0.115
2535.png,5,0.1097
2536.png,5,0.11
2537.png,5,0.11
2538.png,5,0.11
2539.png,5,0.11
2540.png,5,0.11
2541.png,5,0.11
2542.png,5,0.11
2543.png,5,0.11
2544.png,5,0.11
2545.png,5,0.1047
2546.png,5,0.105
2547.png,5,0.105
2548.png,5,0.105
2549.png,5,0.105
2550.png,5,0.105
2551.png,5,0.105
2552.png,5,0.105
2553.png,5,0.105
2554.png,5,0.105
2555.png,5,0.09970000000000001
2556.png,5,0.1
2557.png,5,0.1
2558.png,5,0.1
2559.png,5,0.1
2560.png,5,0.1
2561.png,5,0.14240000000000003
2562.png,5,0.14
2563.png,5,0.2354
2564.png,5,0.23
2565.png,5,0.389
2566.png,5,0.38
2567.png,5,0.5532999999999999
2568.png,5,0.5428
2569.png,5,0.7570999999999999
2570.png,5,0.7438499999999999
2571.png,5,1.0244499999999999
2572.png,5,1.0091999999999999
2573.png,5,1.3404
2574.png,5,1.3224
2575.png,5,1.55175
2576.png,5,1.532
2577.png,5,1.872
2578.png,5,1.852
2579.png,5,1.76025
2580.png,5,1.742
2581.png,5,1.896
2582.png,5,1.885
2583.png,5,1.9549999999999998
2584.png,5,1.95
2585.png,5,1.9885
2586.png,5,1.98575
2587.png,5,1.9577499999999999
2588.png,5,1.9597499999999999
2589.png,5,1.88975
2590.png,5,1.89475
2591.png,5,1.75825
2592.png,5,1.768
2593.png,5,1.523
2594.png,5,1.5405
2595.png,5,1.257
2596.png,5,1.27725
2597.png,5,1.0455
2598.png,5,1.0675000000000001
2599.png,5,0.74125
2600.png,5,0.763
2601.png,5,0.48149999999999993
2602.png,5,0.5025
2603.png,5,0.20450000000000002
2604.png,5,0.224
2605.png,5,-0.0692
2606.png,5,-0.052199999999999996
2607.png,5,-0.325
2608.png,5,-0.31
2609.png,5,-0.4307
2610.png,5,-0.4232
2611.png,5,-0.42779999999999996
2612.png,5,-0.42629999999999996
2613.png,5,-0.307
2614.png,5,-0.312
2615.png,5,-0.142
2616.png,5,-0.152
2617.png,5,0.0969
2618.png,5,0.08265
2619.png,5,0.4172
2620.png,5,0.4002
2621.png,5,0.8272
2622.png,5,0.805
2623.png,5,1.10435
2624.png,5,1.0856
2625.png,11,0.78745
2626.png,11,0.7722
2627.png,5,1.48975
2628.png,5,1.4789999999999999
2629.png,5,1.55125
2630.png,5,1.54
2631.png,5,1.8147499999999999
2632.png,5,1.7745
2633.png,5,1.7884999999999998
2634.png,5,1.7874999999999999
2635.png,5,1.7385
2636.png,5,1.742
2637.png,5,1.6125
2638.png,5,1.62175
2639.png,5,1.4502499999999998
2640.png,5,1.4625
2641.png,5,1.5394999999999999
2642.png,5,1.5487499999999998
2643.png,5,1.5367499999999998
2644.png,5,1.5374999999999999
2645.png,5,1.5855
2646.png,5,1.5825
2647.png,5,1.4275
2648.png,5,1.4235
2649.png,5,1.4689999999999999
2650.png,5,1.4657499999999999
2651.png,5,1.48325
2652.png,5,1.482
2653.png,5,1.447
2654.png,5,1.4495
2655.png,5,1.3444999999999998
2656.png,5,1.3519999999999999
2657.png,5,1.392
2658.png,5,1.4024999999999999
2659.png,5,1.2065
2660.png,5,1.21875
2661.png,5,0.93125
2662.png,5,0.9450000000000001
2663.png,5,0.7685
2664.png,5,0.78375
2665.png,5,0.54775
2666.png,5,0.5625
2667.png,5,0.379
2668.png,5,0.392
2669.png,5,0.205
2670.png,5,0.216
2671.png,5,0.08309999999999998
2672.png,5,0.09134999999999999
2673.png,5,0.009600000000000001
2674.png,5,0.015
2675.png,5,-0.0009
2676.png,5,-0.0
2677.png,13,0.0354
2678.png,13,0.0324
2679.png,13,0.10320000000000001
2680.png,13,0.09720000000000001
2681.png,5,0.4344
2682.png,5,0.42
2683.png,5,1.1105999999999998
2684.png,5,1.0700999999999998
2685.png,5,1.8085
2686.png,5,1.76
2687.png,5,1.5875
2688.png,5,1.57625
2689.png,5,1.5587499999999999
2690.png,5,1.5599999999999998
2691.png,5,1.3745
2692.png,5,1.38775
2693.png,5,1.3452499999999998
2694.png,5,1.3612499999999998
2695.png,5,0.96675
2696.png,5,0.987
2697.png,5,0.63825
2698.png,5,0.6615
2699.png,5,0.28474999999999995
2700.png,5,0.31124999999999997
2701.png,5,-0.1185
2702.png,5,-0.092
2703.png,5,-0.60535
2704.png,5,-0.5796
2705.png,5,-0.5796
2706.png,5,-0.9966999999999999
2707.png,5,-0.9752
2708.png,9,-0.6327999999999999
2709.png,9,-0.6223
2710.png,5,-1.14775
2711.png,5,-1.1400000000000001
2712.png,5,-1.1400000000000001
2713.png,5,-1.10875
2714.png,5,-1.10625
2715.png,5,-1.2422499999999999
2716.png,5,-1.23375
2717.png,5,-1.1137499999999998
2718.png,5,-1.1212499999999999
2719.png,5,-1.1212499999999999
2720.png,5,-0.8815000000000001
2721.png,5,-0.8925000000000001
2722.png,5,-0.67125
2723.png,5,-0.686
2724.png,5,-0.686
2725.png,5,-0.451
2726.png,5,-0.46875
2727.png,5,-0.46875
2728.png,5,-0.22075
2729.png,5,-0.23625
2730.png,5,-0.23625
2731.png,5,0.002999999999999999
2732.png,5,-0.012
2733.png,5,-0.012
2734.png,5,0.23074999999999998
2735.png,5,0.21749999999999997
2736.png,5,0.5521
2737.png,5,0.535
2738.png,5,0.535
2739.png,5,0.70075
2740.png,5,0.69
2741.png,5,0.69
2742.png,5,0.7077
2743.png,5,0.7047
2744.png,5,0.7047
2745.png,5,0.6909
2746.png,5,0.69165
2747.png,5,0.69165
2748.png,5,0.63185
2749.png,5,0.6351
2750.png,5,0.6351
2751.png,5,0.5339
2752.png,5,0.5394
2753.png,5,0.5394
2754.png,5,0.377
2755.png,5,0.384
2756.png,5,0.252
2757.png,5,0.261
2758.png,5,0.261
2759.png,5,0.0917
2760.png,5,0.1012
2761.png,5,0.1012
2762.png,5,-0.049
2763.png,5,-0.04
2764.png,5,-0.04
2765.png,13,-0.09240000000000001
2766.png,13,-0.0864
2767.png,13,-0.0864
2768.png,5,-0.29779999999999995
2769.png,5,-0.29
2770.png,5,-0.29
2771.png,5,-0.3541
2772.png,5,-0.3496
2773.png,5,-0.3496
2774.png,5,-0.34439999999999993
2775.png,5,-0.34364999999999996
2776.png,5,-0.34364999999999996
2777.png,5,-0.32525
2778.png,5,-0.32625
2779.png,5,-0.32625
2780.png,5,-0.28945
2781.png,5,-0.29145
2782.png,5,-0.29145
2783.png,5,-0.23625
2784.png,5,-0.23925
2785.png,5,-0.23925
2786.png,5,-0.17024999999999998
2787.png,5,-0.174
2788.png,5,-0.10499999999999998
2789.png,5,-0.10874999999999999
2790.png,5,-0.10874999999999999
2791.png,5,-0.0277
2792.png,5,-0.0322
2793.png,5,-0.0322
2794.png,5,0.039200000000000006
2795.png,5,0.035
2796.png,5,0.035
2797.png,5,0.08800000000000001
2798.png,5,0.085
2799.png,5,0.085
2800.png,5,0.1274
2801.png,5,0.125
2802.png,13,0.08815
2803.png,13,0.0864
2804.png,13,0.0864
2805.png,5,0.1971
2806.png,5,0.195
2807.png,5,0.195
2808.png,5,0.2764
2809.png,5,0.2714
2810.png,5,0.2714
2811.png,5,0.24715
2812.png,5,0.2484
2813.png,5,0.2096
2814.png,5,0.2116
2815.png,5,0.2116
2816.png,5,0.1505
2817.png,5,0.155
2818.png,5,0.155
2819.png,5,0.0755
2820.png,5,0.08
2821.png,5,0.08
2822.png,5,0.0058000000000000005
2823.png,5,0.01
2824.png,5,0.01
2825.png,5,-0.08009999999999999
2826.png,5,-0.075
2827.png,5,-0.075
2828.png,5,-0.1492
2829.png,5,-0.145
2830.png,5,-0.145
2831.png,5,-0.1715
2832.png,5,-0.17
2833.png,5,-0.16125
2834.png,5,-0.161
2835.png,5,-0.161
2836.png,5,-0.161
2837.png,5,-0.161
2838.png,5,-0.161
2839.png,5,-0.1416
2840.png,5,-0.1426
2841.png,5,-0.1426
2842.png,5,-0.11349999999999999
2843.png,5,-0.11499999999999999
2844.png,5,-0.08105
2845.png,5,-0.0828
2846.png,5,-0.0828
2847.png,5,-0.0476
2848.png,5,-0.05
2849.png,5,-0.05
2850.png,5,-0.007600000000000001
2851.png,5,-0.01
2852.png,5,-0.01
2853.png,5,0.0218
2854.png,5,0.02
2855.png,5,0.0465
2856.png,5,0.045
2857.png,5,0.045
2858.png,5,0.06620000000000001
2859.png,5,0.065
2860.png,5,0.065
2861.png,5,0.0756
2862.png,5,0.075
2863.png,5,0.075
2864.png,13,0.0405
2865.png,13,0.0405
2866.png,13,0.03755
2867.png,13,0.0378
2868.png,13,0.0378
2869.png,13,0.03485
2870.png,13,0.0351
2871.png,13,0.0351
2872.png,5,0.11800000000000001
2873.png,5,0.115
2874.png,5,0.115
2875.png,5,0.14679999999999999
2876.png,5,0.145
2877.png,5,0.1079
2878.png,5,0.11
2879.png,5,0.11
2880.png,5,0.0623
2881.png,5,0.065
2882.png,5,0.065
2883.png,13,0.00855
2884.png,13,0.0108
2885.png,13,0.0108
2886.png,13,-0.0128
2887.png,13,-0.0108
2888.png,5,-0.0571
2889.png,5,-0.055
2890.png,5,-0.055
2891.png,5,-0.0868
2892.png,5,-0.085
2893.png,5,-0.085
2894.png,5,-0.0956
2895.png,5,-0.095
2896.png,5,-0.095
2897.png,5,-0.095
2898.png,5,-0.095
2899.png,5,-0.0844
2900.png,5,-0.085
2901.png,5,-0.085
2902.png,5,-0.06910000000000001
2903.png,5,-0.07
2904.png,5,-0.07
2905.png,5,-0.0541
2906.png,5,-0.055
2907.png,5,-0.055
2908.png,5,-0.033800000000000004
2909.png,5,-0.035
2910.png,5,-0.0138
2911.png,5,-0.015
2912.png,5,-0.015
2913.png,5,0.0115
2914.png,5,0.01
2915.png,5,0.01
2916.png,5,0.025900000000000003
2917.png,5,0.025
2918.png,5,0.025
2919.png,5,0.03560000000000001
2920.png,5,0.035
2921.png,5,0.035
2922.png,5,0.035
2923.png,5,0.035
2924.png,5,0.0403
2925.png,5,0.04
2926.png,5,0.04
2927.png,5,0.04
2928.png,5,0.04
2929.png,5,0.04
2930.png,5,0.0347
2931.png,5,0.035
2932.png,5,0.0244
2933.png,5,0.025
2934.png,5,0.025
2935.png,5,0.0144
2936.png,5,0.015
2937.png,5,0.015
2938.png,5,0.0044
2939.png,5,0.005
2940.png,5,0.005
2941.png,5,-0.0056
2942.png,5,-0.005
2943.png,5,-0.005
2944.png,5,-0.0103
2945.png,5,-0.01
2946.png,5,-0.0153
2947.png,5,-0.015
2948.png,5,-0.015
2949.png,5,-0.020300000000000002
2950.png,5,-0.02
2951.png,5,-0.02
2952.png,5,-0.02
2953.png,5,-0.02
2954.png,5,-0.02
2955.png,5,-0.02
2956.png,5,-0.02
2957.png,5,-0.02
2958.png,5,-0.0147
2959.png,5,-0.015
2960.png,5,-0.015
2961.png,5,-0.0097
2962.png,5,-0.01
2963.png,5,-0.01
2964.png,5,-0.0047
2965.png,5,-0.005
2966.png,5,-0.005
2967.png,5,-0.005
2968.png,5,-0.005
2969.png,5,-0.005
2970.png,5,0.0003
2971.png,5,-0.0
2972.png,5,-0.0
2973.png,5,0.0053
2974.png,5,0.005
2975.png,5,0.005
2976.png,5,0.0103
2977.png,5,0.01
2978.png,5,0.01
2979.png,5,0.01
2980.png,5,0.01
2981.png,5,0.01
2982.png,5,0.01
2983.png,5,0.01
2984.png,5,0.01
2985.png,5,0.01
2986.png,5,0.01
2987.png,5,0.01
2988.png,5,0.01
2989.png,5,0.01
2990.png,5,0.0047
2991.png,5,0.005
2992.png,5,0.005
2993.png,5,0.005
2994.png,5,0.005
2995.png,5,0.005
2996.png,5,-0.0003
2997.png,5,-0.0
2998.png,5,-0.0
2999.png,5,-0.0053
3000.png,5,-0.005
3001.png,5,-0.005
3002.png,5,-0.005
3003.png,5,-0.005
3004.png,5,-0.005
3005.png,5,-0.005
3006.png,5,-0.005
3007.png,5,-0.005
3008.png,5,-0.005
3009.png,5,-0.005
3010.png,5,-0.005
3011.png,5,-0.005
3012.png,5,-0.005
3013.png,5,-0.005
3014.png,5,-0.005
3015.png,5,-0.005
3016.png,5,-0.005
3017.png,5,-0.005
3018.png,5,-0.005
3019.png,5,-0.005
3020.png,5,-0.005
3021.png,5,-0.005
3022.png,5,0.0003
3023.png,5,-0.0
3024.png,5,0.0106
3025.png,5,0.01
3026.png,5,0.047099999999999996
3027.png,5,0.045
3028.png,5,0.045
3029.png,5,0.098
3030.png,5,0.16920000000000002
3031.png,5,0.165
3032.png,5,0.165
3033.png,13,0.13335
3034.png,13,0.1296
3035.png,5,0.3036
3036.png,5,0.3
3037.png,5,0.4166
3038.png,5,0.6970999999999999
3039.png,5,0.6786
3040.png,5,0.7429999999999999
3041.png,5,0.7394999999999999
3042.png,5,0.7394999999999999
3043.png,5,0.7027
3044.png,5,0.6403
3045.png,5,0.6437999999999999
3046.png,5,0.6437999999999999
3047.png,5,0.5518
3048.png,5,0.5568
3049.png,5,0.45559999999999995
3050.png,5,0.46109999999999995
3051.png,5,0.3461
3052.png,5,0.35235
3053.png,5,0.25135
3054.png,5,0.2576
3055.png,5,0.15810000000000002
3056.png,5,0.165
3057.png,5,0.06430000000000001
3058.png,5,0.07
3059.png,5,-0.0042
3060.png,5,-0.0
3061.png,5,-0.0371
3062.png,5,-0.035
3063.png,5,-0.03705
3064.png,5,-0.0368
3065.png,5,0.002
3066.png,5,-0.0
3067.png,5,0.0582
3068.png,5,0.0552
3069.png,5,0.14250000000000002
3070.png,5,0.138
3071.png,5,0.256
3072.png,5,0.25
3073.png,13,0.19990000000000002
3074.png,13,0.19440000000000002
3075.png,5,0.4554
3076.png,5,0.45
3077.png,5,0.5878
3078.png,5,0.58
3079.png,5,0.9232
3080.png,5,0.90045
3081.png,5,0.94185
3082.png,5,0.9396
3083.png,5,0.8385
3084.png,5,0.84
3085.png,5,0.7125
3086.png,5,0.72
3087.png,5,0.5882499999999999
3088.png,5,0.596
3089.png,5,0.5195000000000001
3090.png,5,0.524
3091.png,5,0.48575
3092.png,5,0.488
3093.png,5,0.4625
3094.png,5,0.464
3095.png,5,0.447
3096.png,5,0.448
3097.png,5,0.431
3098.png,5,0.432
3099.png,5,0.41925
3100.png,5,0.42
3101.png,5,0.40725000000000006
3102.png,5,0.40800000000000003
3103.png,5,0.3995
3104.png,5,0.4
3105.png,5,0.383
3106.png,5,0.384
3107.png,5,0.3755
3108.png,5,0.376
3109.png,5,0.359
3110.png,5,0.36
3111.png,5,0.34725000000000006
3112.png,5,0.34800000000000003
3113.png,5,0.33525000000000005
3114.png,5,0.336
3115.png,5,0.319
3116.png,5,0.32
3117.png,5,0.303
3118.png,5,0.304
3119.png,5,0.28700000000000003
3120.png,5,0.28800000000000003
3121.png,5,0.26675000000000004
3122.png,5,0.268
3123.png,5,0.24675
3124.png,5,0.248
3125.png,5,0.2225
3126.png,5,0.224
3127.png,5,0.21599999999999997
3128.png,5,0.21749999999999997
3129.png,5,0.1853
3130.png,5,0.18705
3131.png,5,0.15485
3132.png,5,0.1566
3133.png,5,0.11979999999999999
3134.png,5,0.12179999999999999
3135.png,5,0.0804
3136.png,5,0.08265
3137.png,5,0.04375
3138.png,5,0.046
3139.png,5,0.0072
3140.png,5,0.0092
3141.png,5,-0.0296
3142.png,5,-0.0276
3143.png,5,-0.0724
3144.png,5,-0.07
3145.png,5,-0.1018
3146.png,5,-0.1
3147.png,5,-0.1265
3148.png,5,-0.125
3149.png,5,-0.14090000000000003
3150.png,5,-0.14
3151.png,5,-0.15059999999999998
3152.png,5,-0.15
3153.png,13,-0.081
3154.png,13,-0.081
3155.png,13,-0.081
3156.png,13,-0.081
3157.png,13,-0.0869
3158.png,13,-0.0864
3159.png,5,-0.2501
3160.png,5,-0.245
3161.png,5,-0.28845
3162.png,5,-0.2852
3163.png,5,-0.31429999999999997
3164.png,5,-0.31279999999999997
3165.png,5,-0.29825
3166.png,5,-0.299
3167.png,5,-0.2796
3168.png,5,-0.2806
3169.png,5,-0.2612
3170.png,5,-0.2622
3171.png,5,-0.2525
3172.png,5,-0.253
3173.png,5,-0.23845
3174.png,5,-0.2392
3175.png,5,-0.23435
3176.png,5,-0.2346
3177.png,5,-0.2249
3178.png,5,-0.2254
3179.png,5,-0.22055
3180.png,5,-0.2208
3181.png,5,-0.21595
3182.png,5,-0.2162
3183.png,5,-0.21135
3184.png,5,-0.2116
3185.png,5,-0.20675
3186.png,5,-0.207
3187.png,5,-0.207
3188.png,5,-0.207
3189.png,5,-0.20215
3190.png,5,-0.2024
3191.png,5,-0.19755
3192.png,5,-0.1978
3193.png,5,-0.1881
3194.png,5,-0.1886
3195.png,5,-0.1401
3196.png,5,-0.1426
3197.png,5,-0.0553
3198.png,5,-0.0598
3199.png,5,0.07115
3200.png,5,0.0644
3201.png,5,0.2608
3202.png,5,0.25
3203.png,13,0.2589
3204.png,13,0.2484
3205.png,5,0.7303
3206.png,5,0.715
3207.png,5,0.97625
3208.png,5,0.957
3209.png,5,1.6875000000000002
3210.png,5,1.6400000000000001
3211.png,5,1.63
3212.png,5,1.60875
3213.png,5,1.8712499999999999
3214.png,5,1.8524999999999998
3215.png,5,1.954
3216.png,5,1.94675
3217.png,5,2.03425
3218.png,5,2.028
3219.png,5,2.077
3220.png,5,2.0735
3221.png,5,2.07
3222.png,5,2.0702499999999997
3223.png,5,2.0037499999999997
3224.png,5,2.0084999999999997
3225.png,5,1.8964999999999999
3226.png,5,1.9044999999999999
3227.png,5,1.6804999999999999
3228.png,5,1.6965
3229.png,5,1.3675
3230.png,5,1.391
3231.png,5,1.1005
3232.png,5,1.127
3233.png,5,0.6995
3234.png,5,0.728
3235.png,5,0.33199999999999996
3236.png,5,0.36
3237.png,5,-0.076
3238.png,5,-0.04875
3239.png,5,-0.49815
3240.png,5,-0.47414999999999996
3241.png,5,-0.8603
3242.png,5,-0.8418
3243.png,9,-0.57525
3244.png,9,-0.5635
3245.png,5,-0.96675
3246.png,5,-0.964
3247.png,5,-0.88325
3248.png,5,-0.888
3249.png,5,-0.7165
3250.png,5,-0.72375
3251.png,5,-0.44375
3252.png,5,-0.46125
3253.png,5,-0.11325
3254.png,5,-0.135
3255.png,5,0.2725
3256.png,5,0.248
3257.png,5,0.7847500000000001
3258.png,5,0.759
3259.png,5,1.23915
3260.png,5,1.2144
3261.png,5,1.5393999999999999
3262.png,5,1.5181499999999999
3263.png,5,1.6255000000000002
3264.png,5,1.612
3265.png,5,1.70125
3266.png,5,1.696
3267.png,5,1.5539999999999998
3268.png,5,1.55625
3269.png,5,1.4562499999999998
3270.png,5,1.4625
3271.png,5,1.2905
3272.png,5,1.30125
3273.png,5,1.10125
3274.png,5,1.11375
3275.png,5,0.8937499999999999
3276.png,5,0.9075
3277.png,5,0.73
3278.png,5,0.744
3279.png,5,0.51025
3280.png,5,0.524
3281.png,5,0.303
3282.png,5,0.316
3283.png,5,0.14125
3284.png,5,0.15225
3285.png,5,-0.005199999999999999
3286.png,5,0.005
3287.png,5,0.005
3288.png,5,-0.101
3289.png,5,-0.095
3290.png,5,-0.11649999999999999
3291.png,5,-0.11499999999999999
3292.png,5,-0.11499999999999999
3293.png,5,-0.07654999999999999
3294.png,5,-0.0783
3295.png,5,-9.99999999999994e-05
3296.png,5,-0.00435
3297.png,5,0.07785
3298.png,5,0.0736
3299.png,5,0.1609
3300.png,5,0.15639999999999998
3301.png,5,0.2442
3302.png,5,0.24
3303.png,5,0.24
3304.png,5,0.28240000000000004
3305.png,5,0.28
3306.png,5,0.28
3307.png,13,0.163
3308.png,13,0.162
3309.png,13,0.162
3310.png,5,0.2894
3311.png,5,0.29
3312.png,5,0.29
3313.png,5,0.2953
3314.png,5,0.295
3315.png,5,0.295
3316.png,5,0.3684
3317.png,5,0.3634
3318.png,5,0.3634
3319.png,5,0.33915
3320.png,5,0.3404
3321.png,5,0.31129999999999997
3322.png,5,0.31279999999999997
3323.png,5,0.27885000000000004
3324.png,5,0.2806
3325.png,5,0.2321
3326.png,5,0.2346
3327.png,5,0.1667
3328.png,5,0.1702
3329.png,5,0.1702
3330.png,5,0.08775
3331.png,5,0.092
3332.png,5,-0.0166
3333.png,5,-0.01
3334.png,5,-0.14780000000000001
3335.png,5,-0.14
3336.png,5,-0.14
3337.png,5,-0.299
3338.png,5,-0.29
3339.png,5,-0.4702
3340.png,5,-0.46
3341.png,5,-0.575
3342.png,5,-0.5655
3343.png,5,-0.5655
3344.png,5,-0.7540999999999999
3345.png,5,-0.7438499999999999
3346.png,5,-0.7438499999999999
3347.png,5,-0.9462499999999999
3348.png,5,-0.9352499999999999
3349.png,5,-0.9352499999999999
3350.png,5,-1.0555
3351.png,5,-1.044
3352.png,5,-1.044
3353.png,5,-1.16275
3354.png,5,-1.3272499999999998
3355.png,5,-1.31625
3356.png,5,-1.31625
3357.png,5,-1.4642499999999998
3358.png,5,-1.4549999999999998
3359.png,5,-1.4549999999999998
3360.png,5,-1.555
3361.png,5,-1.5487499999999998
3362.png,5,-1.5487499999999998
3363.png,5,-1.3877499999999998
3364.png,5,-1.3844999999999998
3365.png,5,-1.3844999999999998
3366.png,5,-1.3529999999999998
3367.png,5,-1.3552499999999998
3368.png,5,-1.41975
3369.png,5,-1.42875
3370.png,5,-1.42875
3371.png,5,-1.24075
3372.png,5,-1.2525
3373.png,5,-1.2525
3374.png,5,-0.94025
3375.png,5,-0.9555
3376.png,5,-0.9555
3377.png,5,-0.6667500000000001
3378.png,5,-0.686
3379.png,5,-0.686
3380.png,5,-0.407
3381.png,5,-0.4275
3382.png,5,-0.1315
3383.png,5,-0.15
3384.png,5,0.13325
3385.png,5,0.116
3386.png,5,0.4147
3387.png,5,0.4002
3388.png,5,0.6682
3389.png,5,0.655
3390.png,5,0.67565
3391.png,5,0.6698999999999999
3392.png,5,0.6698999999999999
3393.png,5,0.6698999999999999
3394.png,5,0.514
3395.png,5,0.52
3396.png,5,0.3585
3397.png,5,0.368
3398.png,5,0.17019999999999996
3399.png,5,0.18269999999999997
3400.png,5,-0.0703
3401.png,5,-0.056549999999999996
3402.png,5,-0.056549999999999996
3403.png,5,-0.37239999999999995
3404.png,5,-0.355
3405.png,5,-0.6359
3406.png,5,-0.62
3407.png,5,-0.62
3408.png,5,-0.7325999999999999
3409.png,5,-0.7221
3410.png,5,-0.7221
3411.png,5,-0.8232999999999999
3412.png,5,-0.8178
3413.png,5,-0.7605
3414.png,5,-0.76
3415.png,5,-0.76
3416.png,5,-0.709
3417.png,5,-0.712
3418.png,5,-0.712
3419.png,5,-0.59725
3420.png,5,-0.604
3421.png,5,-0.46375000000000005
3422.png,5,-0.47200000000000003
3423.png,5,-0.2935
3424.png,5,-0.304
3425.png,5,-0.117
3426.png,5,-0.128
3427.png,5,-0.128
3428.png,5,0.0678
3429.png,5,0.056549999999999996
3430.png,5,0.056549999999999996
3431.png,5,0.2823
3432.png,5,0.27
3433.png,5,0.27
3434.png,5,0.4608
3435.png,5,0.45
3436.png,5,0.45
3437.png,5,0.5304
3438.png,5,0.5244
3439.png,5,0.5510999999999999
3440.png,5,0.5480999999999999
3441.png,5,0.5389
3442.png,5,0.5394
3443.png,5,0.5394
3444.png,5,0.48419999999999996
3445.png,5,0.48719999999999997
3446.png,5,0.3906
3447.png,5,0.39585
3448.png,5,0.39585
3449.png,5,0.26704999999999995
3450.png,5,0.27404999999999996
3451.png,5,0.13144999999999998
3452.png,5,0.1392
3453.png,5,-0.0149
3454.png,5,-0.005
3455.png,13,-0.11775000000000001
3456.png,13,-0.10800000000000001
3457.png,13,-0.10800000000000001
3458.png,5,-0.3802
3459.png,5,-0.4552999999999999
3460.png,5,-0.44804999999999995
3461.png,5,-0.44804999999999995
3462.png,5,-0.62875
3463.png,5,-0.616
3464.png,5,-0.79025
3465.png,5,-0.78
3466.png,5,-0.75875
3467.png,5,-0.76
3468.png,5,-0.70475
3469.png,5,-0.708
3470.png,5,-0.58475
3471.png,5,-0.592
3472.png,5,-0.40075000000000005
3473.png,5,-0.41200000000000003
3474.png,5,-0.19525
3475.png,5,0.0314
3476.png,5,0.0174
3477.png,5,0.2609
3478.png,5,0.2484
3479.png,5,0.2484
3480.png,13,0.2343
3481.png,13,0.2268
3482.png,5,0.526
3483.png,5,0.52
3484.png,5,0.5535999999999999
3485.png,5,0.7334999999999999
3486.png,5,0.72
3487.png,5,0.72
3488.png,5,0.6775000000000001
3489.png,5,0.68
3490.png,5,0.5695000000000001
3491.png,5,0.5760000000000001
3492.png,5,0.41875
3493.png,5,0.428
3494.png,5,0.24525
3495.png,5,0.256
3496.png,5,0.0668
3497.png,5,0.0783
3498.png,5,-0.15380000000000002
3499.png,5,-0.14
3500.png,5,-0.35200000000000004
3501.png,5,-0.34
3502.png,5,-0.4874
3503.png,5,-0.4784
3504.png,5,-0.5489999999999999
3505.png,5,-0.54375
3506.png,5,-0.58515
3507.png,5,-0.5829
3508.png,5,-0.519
3509.png,5,-0.52
3510.png,5,-0.4605
3511.png,5,-0.464
3512.png,5,-0.36625
3513.png,5,-0.372
3514.png,5,-0.25725000000000003
3515.png,5,-0.264
3516.png,5,-0.13989999999999997
3517.png,5,-0.14789999999999998
3518.png,5,-0.0006999999999999992
3519.png,5,-0.0087
3520.png,5,0.14900000000000002
3521.png,5,0.14
3522.png,13,0.1582
3523.png,13,0.1512
3524.png,5,0.3966
3525.png,5,0.39
3526.png,5,0.45094999999999996
3527.png,5,0.4462
3528.png,5,0.6105499999999999
3529.png,5,0.6003
3530.png,5,0.53075
3531.png,5,0.532
3532.png,5,0.46825000000000006
3533.png,5,0.47200000000000003
3534.png,5,0.34875
3535.png,5,0.356
3536.png,5,0.23534999999999998
3537.png,5,0.24359999999999998
3538.png,5,0.0734
3539.png,5,0.08265
3540.png,5,-0.1011
3541.png,5,-0.09
3542.png,13,-0.1489
3543.png,13,-0.1404
3544.png,5,-0.375
3545.png,5,-0.368
3546.png,5,-0.46299999999999997
3547.png,5,-0.45675
3548.png,5,-0.60275
3549.png,5,-0.592
3550.png,5,-0.592
3551.png,5,-0.592
3552.png,5,-0.5495000000000001
3553.png,5,-0.552
3554.png,5,-0.45
3555.png,5,-0.456
3556.png,5,-0.32
3557.png,5,-0.328
3558.png,5,-0.16649999999999998
3559.png,5,-0.176
3560.png,5,-0.011999999999999999
3561.png,5,-0.02175
3562.png,5,0.16615
3563.png,5,0.15639999999999998
3564.png,13,0.18915
3565.png,13,0.1809
3566.png,5,0.4781
3567.png,5,0.47000000000000003
3568.png,5,0.5193
3569.png,5,0.5133
3570.png,5,0.6930000000000001
3571.png,5,0.68
3572.png,5,0.6545000000000001
3573.png,5,0.656
3574.png,5,0.58375
3575.png,5,0.588
3576.png,5,0.45625000000000004
3577.png,5,0.464
3578.png,5,0.294
3579.png,5,0.304
3580.png,5,0.1236
3581.png,5,0.13485
3582.png,5,-0.06595
3583.png,5,-0.0552
3584.png,13,-0.15630000000000002
3585.png,13,-0.1458
3586.png,5,-0.4608
3587.png,5,-0.45
3588.png,5,-0.5387
3589.png,5,-0.5307
3590.png,5,-0.726
3591.png,5,-0.712
3592.png,5,-0.7204999999999999
3593.png,5,-0.72
3594.png,5,-0.669
3595.png,5,-0.672
3596.png,5,-0.5445000000000001
3597.png,5,-0.552
3598.png,5,-0.3905
3599.png,5,-0.4
3600.png,5,-0.20875
3601.png,5,-0.22
3602.png,5,-0.03225
3603.png,5,-0.0435
3604.png,5,0.1771
3605.png,5,0.1656
3606.png,13,0.21520000000000003
3607.png,13,0.20520000000000002
3608.png,5,0.5496000000000001
3609.png,5,0.54
3610.png,5,0.5985999999999999
3611.png,5,0.5915999999999999
3612.png,5,0.799
3613.png,5,0.784
3614.png,5,0.7585000000000001
3615.png,5,0.76
3616.png,5,0.675
3617.png,5,0.68
3618.png,5,0.5185000000000001
3619.png,5,0.528
3620.png,5,0.3155
3621.png,5,0.328
3622.png,5,0.0815
3623.png,5,0.096
3624.png,5,-0.19515
3625.png,5,-0.1794
3626.png,13,-0.2882
3627.png,13,-0.2727
3628.png,5,-0.74105
3629.png,5,-0.7268
3630.png,5,-0.9587
3631.png,5,-0.94395
3632.png,5,-1.31775
3633.png,5,-1.28625
3634.png,5,-1.36225
3635.png,5,-1.3575
3636.png,5,-1.3455
3637.png,5,-1.34625
3638.png,5,-1.21825
3639.png,5,-1.22625
3640.png,5,-1.22625
3641.png,5,-1.0302499999999999
3642.png,5,-1.0425
3643.png,5,-0.7945
3644.png,5,-0.8099999999999999
3645.png,5,-0.5379999999999999
3646.png,5,-0.5549999999999999
3647.png,5,-0.2945
3648.png,5,-0.312
3649.png,5,-0.023
3650.png,5,-0.04
3651.png,5,0.245
3652.png,5,0.22999999999999998
3653.png,5,0.22999999999999998
3654.png,5,0.515
3655.png,5,0.5
3656.png,5,0.5
3657.png,5,0.5913999999999999
3658.png,5,0.5829
3659.png,5,0.5829
3660.png,5,0.6426999999999999
3661.png,5,0.63945
3662.png,5,0.63945
3663.png,5,0.55825
3664.png,5,0.458
3665.png,5,0.464
3666.png,5,0.464
3667.png,5,0.311
3668.png,5,0.32
3669.png,5,0.15425
3670.png,5,0.164
3671.png,5,0.164
3672.png,5,-0.047049999999999995
3673.png,5,-0.2793
3674.png,5,-0.2668
3675.png,5,-0.2668
3676.png,5,-0.2668
3677.png,5,-0.5391
3678.png,5,-0.525
3679.png,5,-0.63335
3680.png,5,-0.6255999999999999
3681.png,5,-0.7203999999999999
3682.png,5,-0.7133999999999999
3683.png,5,-0.7731999999999999
3684.png,5,-0.7699499999999999
3685.png,5,-0.7929499999999999
3686.png,5,-0.7917
3687.png,5,-0.7025
3688.png,5,-0.704
3689.png,5,-0.636
3690.png,5,-0.64
3691.png,5,-0.5465000000000001
3692.png,5,-0.552
3693.png,5,-0.4415
3694.png,5,-0.448
3695.png,5,-0.3676
3696.png,5,-0.3741
3697.png,5,-0.3741
3698.png,5,-0.24989999999999998
3699.png,5,-0.25665
3700.png,5,-0.15014999999999998
3701.png,5,-0.15639999999999998
3702.png,5,-0.048100000000000004
3703.png,5,-0.055
3704.png,5,-0.055
3705.png,13,0.0175
3706.png,13,0.013500000000000002
3707.png,5,0.0833
3708.png,5,0.08
3709.png,5,0.0906
3710.png,5,0.09
3711.png,5,-0.0584
3712.png,5,-0.05
3713.png,5,-0.1454
3714.png,5,-0.14
3715.png,13,-0.1346
3716.png,13,-0.1296
3717.png,5,-0.33540000000000003
3718.png,5,-0.33
3719.png,5,-0.4678
3720.png,5,-0.46
3721.png,5,-0.7589999999999999
3722.png,5,-0.7394999999999999
3723.png,5,-0.8085
3724.png,5,-0.80475
3725.png,5,-0.8231499999999999
3726.png,5,-0.8221499999999999
3727.png,5,-0.69225
3728.png,5,-0.6960000000000001
3729.png,5,-0.594
3730.png,5,-0.6
3731.png,5,-0.5145000000000001
3732.png,5,-0.522
3733.png,5,-0.3794
3734.png,5,-0.38715
3735.png,5,-0.24454999999999996
3736.png,5,-0.25229999999999997
3737.png,5,-0.1257
3738.png,5,-0.135
3739.png,5,0.0027999999999999995
3740.png,5,-0.005
3741.png,5,0.0957
3742.png,5,0.09
3743.png,5,0.09
3744.png,5,0.13615
3745.png,5,0.1334
3746.png,5,0.13995
3747.png,5,0.1392
3748.png,5,0.11159999999999999
3749.png,5,0.11309999999999999
3750.png,5,0.05329999999999999
3751.png,5,0.056549999999999996
3752.png,5,-0.03085
3753.png,5,-0.026099999999999998
3754.png,5,-0.13915
3755.png,5,-0.1334
3756.png,5,-0.2775
3757.png,5,-0.27
3758.png,5,-0.3972
3759.png,5,-0.39
3760.png,5,-0.5066
3761.png,5,-0.5
3762.png,5,-0.5795
3763.png,5,-0.5750000000000001
3764.png,5,-0.5750000000000001
3765.png,5,-0.58235
3766.png,5,-0.5796
3767.png,5,-0.5987
3768.png,5,-0.59595
3769.png,5,-0.66495
3770.png,5,-0.6612
3771.png,5,-0.7761999999999999
3772.png,5,-0.7699499999999999
3773.png,5,-0.9033499999999999
3774.png,5,-0.8960999999999999
3775.png,9,-0.5884
3776.png,9,-0.58065
3777.png,5,-1.0967500000000001
3778.png,5,-1.088
3779.png,5,-1.192
3780.png,5,-1.18125
3781.png,5,-1.50925
3782.png,5,-1.48875
3783.png,5,-1.4197499999999998
3784.png,5,-1.4104999999999999
3785.png,5,-1.5155
3786.png,5,-1.508
3787.png,5,-1.557
3788.png,5,-1.5534999999999999
3789.png,5,-1.5675
3790.png,5,-1.5665
3791.png,5,-1.5105
3792.png,5,-1.5145
3793.png,5,-1.5145
3794.png,5,-1.3639999999999999
3795.png,5,-1.37475
3796.png,5,-1.37475
3797.png,5,-1.233
3798.png,5,-1.2495
3799.png,5,-0.9495
3800.png,5,-0.9695
3801.png,5,-0.9695
3802.png,5,-0.6395
3803.png,5,-0.6615
3804.png,5,-0.6615
3805.png,5,-0.32075
3806.png,5,-0.345
3807.png,5,0.031
3808.png,5,0.0075
3809.png,5,0.0075
3810.png,5,0.39969999999999994
3811.png,5,0.37844999999999995
3812.png,5,0.8166
3813.png,5,0.795
3814.png,5,0.93085
3815.png,5,0.9178499999999999
3816.png,9,0.5763499999999999
3817.png,9,0.57085
3818.png,9,0.57085
3819.png,9,0.54655
3820.png,9,0.5488
3821.png,5,0.7855000000000001
3822.png,5,0.792
3823.png,5,0.724
3824.png,5,0.728
3825.png,5,0.728
3826.png,5,0.5495000000000001
3827.png,5,0.27949999999999997
3828.png,5,0.296
3829.png,5,0.296
3830.png,5,-0.035500000000000004
3831.png,5,-0.016
3832.png,5,-0.4917
3833.png,5,-0.465
3834.png,5,-0.465
3835.png,5,-0.7867
3836.png,5,-0.7682
3837.png,5,-1.0024499999999998
3838.png,5,-0.9874499999999999
3839.png,5,-1.0525
3840.png,5,-1.044
3841.png,5,-1.1545
3842.png,5,-1.1480000000000001
3843.png,5,-1.0802500000000002
3844.png,5,-1.08
3845.png,5,-0.992
3846.png,5,-0.9974999999999999
3847.png,5,-0.8455
3848.png,5,-0.623
3849.png,5,-0.6375
3850.png,5,-0.3655
3851.png,5,-0.3825
3852.png,5,-0.3825
3853.png,5,-0.085
3854.png,5,0.20889999999999997
3855.png,5,0.1914
3856.png,5,0.5698000000000001
3857.png,5,0.55
3858.png,5,0.84065
3859.png,5,0.8234
3860.png,5,0.9534499999999999
3861.png,5,0.94395
3862.png,5,0.94395
3863.png,5,1.00835
3864.png,5,0.88575
3865.png,5,0.888
3866.png,5,0.888
3867.png,5,0.7775000000000001
3868.png,5,0.784
3869.png,5,0.6225
3870.png,5,0.428
3871.png,5,0.44
3872.png,5,0.185
3873.png,5,0.2
3874.png,5,0.2
3875.png,5,-0.0723
3876.png,5,-0.35650000000000004
3877.png,5,-0.34
3878.png,5,-0.34
3879.png,5,-0.5456
3880.png,5,-0.5336
3881.png,5,-0.7253999999999999
3882.png,5,-0.7133999999999999
3883.png,5,-0.7494999999999999
3884.png,5,-0.744
3885.png,5,-0.812
3886.png,5,-0.808
3887.png,5,-0.808
3888.png,5,-0.7315
3889.png,5,-0.736
3890.png,5,-0.61275
3891.png,5,-0.62
3892.png,5,-0.46275000000000005
3893.png,5,-0.47200000000000003
3894.png,5,-0.47200000000000003
3895.png,5,-0.302
3896.png,5,-0.312
3897.png,5,-0.1335
3898.png,5,-0.14400000000000002
3899.png,5,0.0642
3900.png,5,0.30379999999999996
3901.png,5,0.29
3902.png,5,0.29
3903.png,5,0.4702
3904.png,5,0.46
3905.png,5,0.5008
3906.png,5,0.4968
3907.png,5,0.5157999999999999
3908.png,5,0.5133
3909.png,5,0.5041
3910.png,5,0.454
3911.png,5,0.45675
3912.png,5,0.37394999999999995
3913.png,5,0.37844999999999995
3914.png,5,0.37844999999999995
3915.png,5,0.27725
3916.png,5,0.28275
3917.png,5,0.18259999999999998
3918.png,5,0.1886
3919.png,5,0.0513
3920.png,5,0.06
3921.png,5,-0.0937
3922.png,5,-0.085
3923.png,5,-0.2228
3924.png,5,-0.215
3925.png,5,-0.3045
3926.png,5,-0.299
3927.png,5,-0.34714999999999996
3928.png,5,-0.34364999999999996
3929.png,5,-0.3666499999999999
3930.png,5,-0.36539999999999995
3931.png,5,-0.36539999999999995
3932.png,5,-0.35619999999999996
3933.png,5,-0.35669999999999996
3934.png,5,-0.3153
3935.png,5,-0.31755
3936.png,5,-0.31755
3937.png,5,-0.25315
3938.png,5,-0.25665
3939.png,5,-0.17844999999999997
3940.png,5,-0.18269999999999997
3941.png,5,-0.08609999999999998
3942.png,5,-0.09134999999999999
3943.png,5,0.00525
3944.png,5,-0.0
3945.png,5,0.1113
3946.png,5,0.105
3947.png,5,0.2004
3948.png,5,0.195
3949.png,5,0.2692
3950.png,5,0.265
3951.png,5,0.3021
3952.png,5,0.3
3953.png,5,0.3053
3954.png,5,0.305
3955.png,5,0.25635
3956.png,5,0.2576
3957.png,5,0.2164
3958.png,5,0.22
3959.png,5,0.14049999999999999
3960.png,5,0.145
3961.png,5,0.0549
3962.png,5,0.06
3963.png,13,-0.0207
3964.png,13,-0.0162
3965.png,5,-0.1201
3966.png,5,-0.115
3967.png,5,-0.1945
3968.png,5,-0.19
3969.png,5,-0.26694999999999997
3970.png,5,-0.2622
3971.png,5,-0.26635
3972.png,5,-0.26535
3973.png,5,-0.25615
3974.png,5,-0.25665
3975.png,5,-0.21524999999999997
3976.png,5,-0.21749999999999997
3977.png,5,-0.1623
3978.png,5,-0.1653
3979.png,5,-0.0972
3980.png,5,-0.1012
3981.png,5,-0.0236
3982.png,5,-0.0276
3983.png,5,0.0601
3984.png,5,0.055
3985.png,5,0.1292
3986.png,5,0.125
3987.png,13,0.1029
3988.png,13,0.0999
3989.png,5,0.22740000000000002
3990.png,5,0.225
3991.png,5,0.25680000000000003
3992.png,5,0.255
3993.png,5,0.3316
3994.png,5,0.3266
3995.png,5,0.2975
3996.png,5,0.299
3997.png,5,0.2408
3998.png,5,0.2438
3999.png,5,0.15164999999999998
4000.png,5,0.15639999999999998
4001.png,5,0.0587
4002.png,5,0.065
4003.png,5,-0.0516
4004.png,5,-0.045
4005.png,5,-0.151
4006.png,5,-0.145
4007.png,5,-0.2351
4008.png,5,-0.23
4009.png,5,-0.26494999999999996
4010.png,5,-0.2622
4011.png,5,-0.28645
4012.png,5,-0.2852
4013.png,5,-0.2651
4014.png,5,-0.26535
4015.png,5,-0.23315
4016.png,5,-0.2349
4017.png,5,-0.17969999999999997
4018.png,5,-0.18269999999999997
4019.png,5,-0.1253
4020.png,5,-0.1288
4021.png,5,-0.051199999999999996
4022.png,5,-0.0552
4023.png,5,0.0248
4024.png,5,0.02
4025.png,5,0.1048
4026.png,5,0.1
4027.png,13,0.09235
4028.png,13,0.0891
4029.png,5,0.2127
4030.png,5,0.21
4031.png,5,0.2524
4032.png,5,0.25
4033.png,5,0.3367
4034.png,5,0.3312
4035.png,5,0.31179999999999997
4036.png,5,0.31279999999999997
4037.png,5,0.25945
4038.png,5,0.2622
4039.png,5,0.1749
4040.png,5,0.1794
4041.png,5,0.0837
4042.png,5,0.09
4043.png,5,-0.0319
4044.png,5,-0.025
4045.png,5,-0.1363
4046.png,5,-0.13
4047.png,5,-0.2254
4048.png,5,-0.22
4049.png,5,-0.2606
4050.png,5,-0.2576
4051.png,5,-0.29155
4052.png,5,-0.2898
4053.png,5,-0.26945
4054.png,5,-0.2697
4055.png,5,-0.24209999999999998
4056.png,5,-0.24359999999999998
4057.png,5,-0.19299999999999998
4058.png,5,-0.19574999999999998
4059.png,5,-0.13135
4060.png,5,-0.13485
4061.png,5,-0.065
4062.png,5,-0.069
4063.png,5,0.0086
4064.png,5,0.0046
4065.png,5,0.0845
4066.png,5,0.08
4067.png,5,0.1542
4068.png,5,0.15
4069.png,5,0.203
4070.png,5,0.2
4071.png,5,0.2265
4072.png,5,0.225
4073.png,5,0.2303
4074.png,5,0.23
4075.png,5,0.23
4076.png,5,0.20350000000000001
4077.png,5,0.1573
4078.png,5,0.16
4079.png,5,0.0964
4080.png,5,0.1
4081.png,5,0.0205
4082.png,5,0.025
4083.png,13,-0.02485
4084.png,13,-0.0216
4085.png,5,-0.0877
4086.png,5,-0.085
4087.png,5,-0.1327
4088.png,5,-0.13
4089.png,5,-0.13
4090.png,5,-0.1353
4091.png,5,-0.135
4092.png,5,-0.1297
4093.png,5,-0.13
4094.png,5,-0.1088
4095.png,5,-0.11
4096.png,5,-0.0782
4097.png,5,-0.08
4098.png,5,-0.0429
4099.png,5,-0.045
4100.png,5,-0.0026000000000000003
4101.png,5,-0.005
4102.png,5,0.0374
4103.png,5,0.035
4104.png,5,0.0668
4105.png,5,0.065
4106.png,13,0.049850000000000005
4107.png,13,0.048600000000000004
4108.png,13,0.05745
4109.png,13,0.0567
4110.png,13,0.0626
4111.png,13,0.0621
4112.png,5,0.1892
4113.png,5,0.185
4114.png,5,0.22355
4115.png,5,0.2208
4116.png,5,0.25475
4117.png,5,0.253
4118.png,5,0.2045
4119.png,5,0.207
4120.png,5,0.1455
4121.png,5,0.15
4122.png,5,0.049300000000000004
4123.png,5,0.055
4124.png,13,-0.029300000000000003
4125.png,13,-0.024300000000000002
4126.png,5,-0.14570000000000002
4127.png,5,-0.14
4128.png,5,-0.2354
4129.png,5,-0.23
4130.png,5,-0.3105
4131.png,5,-0.3045
4132.png,5,-0.32749999999999996
4133.png,5,-0.32625
4134.png,5,-0.31245
4135.png,5,-0.3132
4136.png,5,-0.2672
4137.png,5,-0.2697
4138.png,5,-0.2007
4139.png,5,-0.20445
4140.png,5,-0.11704999999999999
4141.png,5,-0.12179999999999999
4142.png,5,-0.0318
4143.png,5,-0.0368
4144.png,5,0.066
4145.png,5,0.06
4146.png,5,0.15539999999999998
4147.png,5,0.15
4148.png,13,0.12525
4149.png,13,0.12150000000000001
4150.png,5,0.278
4151.png,5,0.275
4152.png,5,0.3121
4153.png,5,0.31
4154.png,5,0.3801
4155.png,5,0.3741
4156.png,5,0.3419
4157.png,5,0.34364999999999996
4158.png,5,0.27925
4159.png,5,0.28275
4160.png,5,0.19715
4161.png,5,0.2024
4162.png,5,0.086
4163.png,5,0.092
4164.png,5,-0.0325
4165.png,5,-0.025
4166.png,13,-0.08725000000000001
4167.png,13,-0.081
4168.png,5,-0.256
4169.png,5,-0.25
4170.png,5,-0.31729999999999997
4171.png,5,-0.31279999999999997
4172.png,5,-0.4246
4173.png,5,-0.41759999999999997
4174.png,5,-0.41759999999999997
4175.png,5,-0.41759999999999997
4176.png,5,-0.35425
4177.png,5,-0.356
4178.png,5,-0.28375000000000006
4179.png,5,-0.28800000000000003
4180.png,5,-0.21199999999999997
4181.png,5,-0.21749999999999997
4182.png,5,-0.10709999999999999
4183.png,5,-0.11309999999999999
4184.png,5,0.006500000000000001
4185.png,5,-0.0
4186.png,5,0.1325
4187.png,5,0.125
4188.png,13,0.13240000000000002
4189.png,13,0.1269
4190.png,5,0.3251
4191.png,5,0.32
4192.png,5,0.3623
4193.png,5,0.3588
4194.png,5,0.5048999999999999
4195.png,5,0.49589999999999995
4196.png,5,0.4683
4197.png,5,0.4698
4198.png,5,0.41
4199.png,5,0.41324999999999995
4200.png,5,0.29825
4201.png,5,0.3045
4202.png,5,0.16649999999999998
4203.png,5,0.174
4204.png,5,0.0288
4205.png,5,0.0368
4206.png,5,-0.1349
4207.png,5,-0.125
4208.png,5,-0.27340000000000003
4209.png,5,-0.265
4210.png,5,-0.3505
4211.png,5,-0.345
4212.png,5,-0.39065
4213.png,5,-0.38715
4214.png,5,-0.40554999999999997
4215.png,5,-0.40454999999999997
4216.png,5,-0.38615
4217.png,5,-0.38715
4218.png,5,-0.33655
4219.png,5,-0.3393
4220.png,5,-0.2565
4221.png,5,-0.261
4222.png,5,-0.1598
4223.png,5,-0.1653
4224.png,5,-0.0549
4225.png,5,-0.060899999999999996
4226.png,5,0.052
4227.png,5,0.046
4228.png,5,0.1666
4229.png,5,0.16
4230.png,13,0.1395
4231.png,13,0.135
4232.png,5,0.3189
4233.png,5,0.315
4234.png,5,0.34314999999999996
4235.png,5,0.3404
4236.png,5,0.4507
4237.png,5,0.4437
4238.png,5,0.4115
4239.png,5,0.41324999999999995
4240.png,5,0.34885
4241.png,5,0.35235
4242.png,5,0.24194999999999997
4243.png,5,0.24794999999999998
4244.png,5,0.12639999999999998
4245.png,5,0.1334
4246.png,5,-0.013999999999999999
4247.png,5,-0.005
4248.png,13,-0.08530000000000001
4249.png,13,-0.07830000000000001
4250.png,5,-0.2775
4251.png,5,-0.27
4252.png,5,-0.3551
4253.png,5,-0.3496
4254.png,5,-0.487
4255.png,5,-0.4785
4256.png,5,-0.4485
4257.png,5,-0.448
4258.png,5,-0.41400000000000003
4259.png,5,-0.41600000000000004
4260.png,5,-0.3395
4261.png,5,-0.34400000000000003
4262.png,5,-0.24625
4263.png,5,-0.252
4264.png,5,-0.14984999999999998
4265.png,5,-0.1566
4266.png,5,-0.0232
4267.png,5,-0.030449999999999998
4268.png,5,0.1036
4269.png,5,0.09659999999999999
4270.png,5,0.23750000000000002
4271.png,5,0.23
4272.png,5,0.336
4273.png,5,0.33
4274.png,5,0.3936
4275.png,5,0.39
4276.png,5,0.3782
4277.png,5,0.3772
4278.png,5,0.3772
4279.png,5,0.3481
4280.png,5,0.2914
4281.png,5,0.2944
4282.png,5,0.2944
4283.png,5,0.2071
4284.png,5,0.2116
4285.png,5,0.1399
4286.png,5,0.145
4287.png,5,0.028400000000000005
4288.png,5,0.035
4289.png,5,0.035
4290.png,13,-0.04305
4291.png,13,-0.0378
4292.png,5,-0.17070000000000002
4293.png,5,-0.165
4294.png,5,-0.2551
4295.png,5,-0.25
4296.png,5,-0.25
4297.png,5,-0.3233
4298.png,5,-0.31755
4299.png,5,-0.33135
4300.png,5,-0.3306
4301.png,5,-0.3076
4302.png,5,-0.30884999999999996
4303.png,5,-0.25825000000000004
4304.png,5,-0.261
4305.png,5,-0.1828
4306.png,5,-0.18705
4307.png,5,-0.09964999999999999
4308.png,5,-0.10439999999999999
4309.png,5,-0.008549999999999999
4310.png,5,-0.0138
4311.png,5,-0.0138
4312.png,5,0.09100000000000001
4313.png,5,0.085
4314.png,5,0.085
4315.png,5,0.1804
4316.png,5,0.2492
4317.png,5,0.245
4318.png,5,0.245
4319.png,5,0.245
4320.png,5,0.2821
4321.png,5,0.2641
4322.png,5,0.265
4323.png,5,0.265
4324.png,5,0.265
4325.png,5,0.2385
4326.png,5,0.1817
4327.png,5,0.185
4328.png,5,0.185
4329.png,5,0.185
4330.png,5,0.1214
4331.png,5,0.125
4332.png,5,0.125
4333.png,5,0.0561
4334.png,13,-0.01185
4335.png,13,-0.0081
4336.png,13,-0.0081
4337.png,13,-0.0081
4338.png,5,-0.0892
4339.png,5,-0.085
4340.png,5,-0.085
4341.png,5,-0.1592
4342.png,5,-0.155
4343.png,5,-0.155
4344.png,5,-0.20565
4345.png,5,-0.2024
4346.png,5,-0.2024
4347.png,5,-0.2121
4348.png,5,-0.2116
4349.png,5,-0.2116
4350.png,5,-0.2019
4351.png,5,-0.2024
4352.png,5,-0.2024
4353.png,5,-0.1636
4354.png,5,-0.1171
4355.png,5,-0.1196
4356.png,5,-0.1196
4357.png,5,-0.1196
4358.png,5,-0.056549999999999996
4359.png,5,-0.012
4360.png,5,-0.015
4361.png,5,-0.015
4362.png,5,0.0486
4363.png,5,0.045
4364.png,5,0.045
4365.png,5,0.0874
4366.png,5,0.085
4367.png,13,0.0695
4368.png,13,0.0675
4369.png,13,0.07930000000000001
4370.png,13,0.07830000000000001
4371.png,5,0.16620000000000001
4372.png,5,0.165
4373.png,5,0.2604
4374.png,5,0.255
4375.png,5,0.2928
4376.png,5,0.2898
4377.png,5,0.25585
4378.png,5,0.2576
4379.png,5,0.18969999999999998
4380.png,5,0.19319999999999998
4381.png,5,0.104
4382.png,5,0.11
4383.png,5,-0.001299999999999999
4384.png,5,0.005
4385.png,13,-0.059250000000000004
4386.png,13,-0.054000000000000006
4387.png,5,-0.1954
4388.png,5,-0.19
4389.png,5,-0.2524
4390.png,5,-0.2484
4391.png,5,-0.34069999999999995
4392.png,5,-0.33494999999999997
4393.png,5,-0.33494999999999997
4394.png,5,-0.33954999999999996
4395.png,5,-0.3393
4396.png,5,-0.3163
4397.png,5,-0.31755
4398.png,5,-0.31755
4399.png,5,-0.25775000000000003
4400.png,5,-0.261
4401.png,5,-0.17819999999999997
4402.png,5,-0.18269999999999997
4403.png,5,-0.09069999999999999
4404.png,5,-0.0957
4405.png,5,0.0055
4406.png,5,-0.0
4407.png,5,0.10600000000000001
4408.png,5,0.1
4409.png,5,0.1
4410.png,5,0.1954
4411.png,5,0.19
4412.png,5,0.2589
4413.png,5,0.255
4414.png,5,0.29209999999999997
4415.png,5,0.29
4416.png,5,0.2953
4417.png,5,0.295
4418.png,5,0.2632
4419.png,5,0.265
4420.png,5,0.265
4421.png,5,0.2067
4422.png,5,0.21
4423.png,5,0.21
4424.png,5,0.1305
4425.png,5,0.135
4426.png,5,0.135
4427.png,5,0.0449
4428.png,5,0.05
4429.png,5,0.05
4430.png,13,-0.02315
4431.png,13,-0.0189
4432.png,13,-0.0189
4433.png,5,-0.1198
4434.png,5,-0.115
4435.png,5,-0.115
4436.png,5,-0.1892
4437.png,5,-0.185
4438.png,5,-0.185
4439.png,5,-0.25265
4440.png,5,-0.2484
4441.png,5,-0.2484
4442.png,5,-0.21649999999999997
4443.png,5,-0.21749999999999997
4444.png,5,-0.21749999999999997
4445.png,5,-0.10709999999999999
4446.png,5,-0.11309999999999999
4447.png,5,0.1123
4448.png,5,0.10005
4449.png,5,0.10005
4450.png,5,0.42105
4451.png,5,0.4048
4452.png,5,0.864
4453.png,5,1.3011000000000001
4454.png,5,1.2750000000000001
4455.png,11,0.891
4456.png,11,0.871
4457.png,11,0.871
4458.png,9,0.99085
4459.png,5,2.046
4460.png,5,1.9922499999999999
4461.png,5,1.9922499999999999
4462.png,-0.6,1
4463.png,-0.6,1
4464.png,-0.6,1
4465.png,-0.6,1
4466.png,-0.6,1
4467.png,-0.6,1
4468.png,-0.6,1
4469.png,-0.6,1
4470.png,-0.6,1
4471.png,-0.6,1
4472.png,-0.6,1
4473.png,-0.6,1
4474.png,-0.6,1
4475.png,-0.6,1
4476.png,-0.6,1
4477.png,-0.6,1
4478.png,-0.6,1
4479.png,-0.6,1
4480.png,-0.6,1
4481.png,-0.6,1
4482.png,-0.6,1
4483.png,-0.6,1
4484.png,5,2.04125
4485.png,5,2.03775
4486.png,5,1.99575
4487.png,5,1.9987499999999998
4488.png,5,1.9637499999999999
4489.png,5,1.9662499999999998
4490.png,5,1.9907499999999998
4491.png,5,1.9889999999999999
4492.png,5,2.024
4493.png,5,2.0215
4494.png,5,2.053
4495.png,5,2.05075
4496.png,5,2.06125
4497.png,5,2.0604999999999998
4498.png,5,2.0220000000000002
4499.png,5,2.02475
4500.png,5,1.93725
4501.png,5,1.9435
4502.png,5,1.835
4503.png,5,1.8427499999999999
4504.png,5,1.5907499999999999
4505.png,5,1.60875
4506.png,5,1.33225
4507.png,5,1.3519999999999999
4508.png,5,1.14475
4509.png,5,1.1655
4510.png,5,0.8655
4511.png,5,0.8855000000000001
4512.png,5,0.65675
4513.png,5,0.6749999999999999
4514.png,5,0.419
4515.png,5,0.435
4516.png,5,0.25575000000000003
4517.png,5,0.268
4518.png,5,0.13964999999999997
4519.png,5,0.14789999999999998
4520.png,5,0.1064
4521.png,5,0.11
4522.png,13,0.083
4523.png,13,0.081
4524.png,11,0.1578
4525.png,11,0.1508
4526.png,5,0.608
4527.png,5,0.59
4528.png,5,1.6081
4529.png,5,1.5486
4530.png,5,2.004
4531.png,5,1.9435
4532.png,-0.6,1
4533.png,-0.6,1
4534.png,-0.6,1
4535.png,-0.6,1
4536.png,-0.6,1
4537.png,-0.6,1
4538.png,-0.6,1
4539.png,-0.6,1
4540.png,-0.6,1
4541.png,-0.6,1
4542.png,5,2.0415
4543.png,5,2.0345
4544.png,5,1.9854999999999998
4545.png,5,1.9889999999999999
4546.png,5,1.954
4547.png,5,1.9565
4548.png,5,1.9215
4549.png,5,1.924
4550.png,5,1.952
4551.png,5,1.95
4552.png,5,1.9815
4553.png,5,1.97925
4554.png,5,1.98975
4555.png,5,1.9889999999999999
4556.png,5,1.9715
4557.png,5,1.97275
4558.png,5,1.90275
4559.png,5,1.9077499999999998
4560.png,5,1.69775
4561.png,5,1.71275
4562.png,5,1.34875
4563.png,5,1.37475
4564.png,5,1.0155
4565.png,5,1.0465
4566.png,5,0.5215
4567.png,5,0.5565
4568.png,5,0.004249999999999997
4569.png,5,0.041249999999999995
4570.png,5,-0.57075
4571.png,5,-0.5325
4572.png,5,-1.452
4573.png,5,-1.41
4574.png,5,-1.8598
4575.png,5,-1.8308
4576.png,5,-1.9065
4577.png,5,-1.8880000000000001
4578.png,5,-1.9304999999999999
4579.png,5,-1.928
4580.png,5,-1.6715
4581.png,5,-1.68
4582.png,5,-1.436
4583.png,5,-1.45125
4584.png,5,-1.1272499999999999
4585.png,5,-1.1475
4586.png,5,-0.726
4587.png,5,-0.749
4588.png,5,-0.39449999999999996
4589.png,5,-0.42
4590.png,5,-0.010250000000000002
4591.png,5,-0.036000000000000004
4592.png,5,0.4339
4593.png,5,0.4094
4594.png,5,0.4094
4595.png,5,0.84105
4596.png,5,0.8188
4597.png,5,0.8188
4598.png,9,0.6251
4599.png,9,0.6076
4600.png,9,0.6076
4601.png,5,1.18325
4602.png,5,1.172
4603.png,5,1.21875
4604.png,5,1.21125
4605.png,5,1.3992499999999999
4606.png,5,1.3875
4607.png,5,1.2955
4608.png,5,1.30125
4609.png,5,1.13325
4610.png,5,1.14375
4611.png,5,0.8200000000000001
4612.png,5,0.8365
4613.png,5,0.5365
4614.png,5,0.5565
4615.png,5,0.5565
4616.png,5,0.26025
4617.png,5,0.28125
4618.png,5,-0.0067500000000000025
4619.png,5,0.01125
4620.png,5,-0.34114999999999995
4621.png,5,-0.32189999999999996
4622.png,5,-0.32189999999999996
4623.png,5,-0.7303999999999999
4624.png,5,-0.71
4625.png,5,-0.84235
4626.png,5,-0.8326
4627.png,5,-0.8326
4628.png,5,-0.9253499999999999
4629.png,5,-0.9178499999999999
4630.png,5,-0.9178499999999999
4631.png,5,-0.90865
4632.png,5,-0.9091499999999999
4633.png,5,-0.9091499999999999
4634.png,5,-0.78075
4635.png,5,-0.784
4636.png,5,-0.6565000000000001
4637.png,5,-0.664
4638.png,5,-0.494
4639.png,5,-0.504
4640.png,5,-0.3085
4641.png,5,-0.32
4642.png,5,-0.1226
4643.png,5,-0.13485
4644.png,5,0.0994
4645.png,5,0.085
4646.png,5,0.085
4647.png,5,0.3235
4648.png,5,0.31
4649.png,5,0.4695
4650.png,5,0.45999999999999996
4651.png,5,0.5545999999999999
4652.png,5,0.5480999999999999
4653.png,5,0.555
4654.png,5,0.552
4655.png,5,0.552
4656.png,5,0.552
4657.png,5,0.50525
4658.png,5,0.508
4659.png,5,0.42725
4660.png,5,0.432
4661.png,5,0.3215
4662.png,5,0.328
4663.png,5,0.19625
4664.png,5,0.20400000000000001
4665.png,5,0.07005
4666.png,5,0.0783
4667.png,5,-0.0781
4668.png,5,-0.0696
4669.png,5,-0.23900000000000002
4670.png,5,-0.23
4671.png,5,-0.23
4672.png,13,-0.19205000000000003
4673.png,13,-0.18630000000000002
4674.png,5,-0.35030000000000006
4675.png,5,-0.35000000000000003
4676.png,5,-0.2832
4677.png,5,-0.2852
4678.png,5,-0.1041
4679.png,5,-0.11309999999999999
4680.png,5,0.1132
4681.png,5,0.1012
4682.png,13,0.23050000000000004
4683.png,13,0.21600000000000003
4684.png,5,0.6493
4685.png,5,0.6348
4686.png,5,0.9177
4687.png,5,0.90045
4688.png,5,1.42425
4689.png,5,1.38375
4690.png,5,1.55175
4691.png,5,1.54125
4692.png,5,1.6252499999999999
4693.png,5,1.6199999999999999
4694.png,5,1.568
4695.png,5,1.57125
4696.png,5,1.43125
4697.png,5,1.44
4698.png,5,1.236
4699.png,5,1.24875
4700.png,5,1.00875
4701.png,5,1.02375
4702.png,5,0.74775
4703.png,5,0.765
4704.png,5,0.493
4705.png,5,0.51
4706.png,5,0.272
4707.png,5,0.28800000000000003
4708.png,5,0.0464
4709.png,5,0.060899999999999996
4710.png,5,-0.16849999999999998
4711.png,5,-0.155
4712.png,5,-0.3246
4713.png,5,-0.315
4714.png,5,-0.34764999999999996
4715.png,5,-0.34364999999999996
4716.png,5,-0.32525
4717.png,5,-0.32625
4718.png,5,-0.22965
4719.png,5,-0.2349
4720.png,5,-0.0693
4721.png,5,-0.0783
4722.png,5,0.12409999999999999
4723.png,5,0.11309999999999999
4724.png,5,0.4003
4725.png,5,0.385
4726.png,5,0.6659
4727.png,5,0.65
4728.png,5,0.8404999999999999
4729.png,5,0.828
4730.png,5,0.9577999999999999
4731.png,5,0.9482999999999999
4732.png,5,0.9482999999999999
4733.png,5,1.0311
4734.png,5,0.9397500000000001
4735.png,5,0.9400000000000001
4736.png,5,0.9400000000000001
4737.png,5,0.855
4738.png,5,0.86
4739.png,5,0.72825
4740.png,5,0.736
4741.png,5,0.736
4742.png,5,0.549
4743.png,5,0.3475
4744.png,5,0.36
4745.png,5,0.36
4746.png,5,0.14309999999999998
4747.png,5,0.1566
4748.png,5,-0.047799999999999995
4749.png,5,-0.0368
4750.png,13,-0.1632
4751.png,13,-0.1512
4752.png,5,-0.4516
4753.png,5,-0.4416
4754.png,5,-0.5923999999999999
4755.png,5,-0.5829
4756.png,5,-0.88875
4757.png,5,-0.868
4758.png,5,-0.868
4759.png,9,-0.60455
4760.png,9,-0.5978
4761.png,5,-1.0482500000000001
4762.png,5,-1.044
4763.png,5,-1.044
4764.png,5,-1.07375
4765.png,5,-1.072
4766.png,5,-1.169
4767.png,5,-1.15875
4768.png,5,-1.10275
4769.png,5,-1.10625
4770.png,5,-1.01425
4771.png,5,-1.02
4772.png,5,-0.876
4773.png,5,-0.885
4774.png,5,-0.717
4775.png,5,-0.7274999999999999
4776.png,5,-0.5805
4777.png,5,-0.592
4778.png,5,-0.405
4779.png,5,-0.41600000000000004
4780.png,5,-0.41600000000000004
4781.png,5,-0.2375
4782.png,5,-0.248
4783.png,5,-0.09949999999999999
4784.png,5,-0.10874999999999999
4785.png,5,0.0208
4786.png,5,0.0138
4787.png,5,0.0138
4788.png,5,0.1104
4789.png,5,0.105
4790.png,5,0.1368
4791.png,5,0.135
4792.png,5,0.135
4793.png,5,0.1032
4794.png,5,0.105
4795.png,5,0.0149
4796.png,5,0.02
4797.png,5,-0.1178
4798.png,5,-0.11
4799.png,13,-0.15380000000000002
4800.png,13,-0.1458
4801.png,5,-0.4608
4802.png,5,-0.45
4803.png,5,-0.6274
4804.png,5,-0.6164
4805.png,9,-0.655
4806.png,9,-0.62475
4807.png,5,-1.1560000000000001
4808.png,5,-1.1480000000000001
4809.png,5,-1.2002499999999998
4810.png,5,-1.1925
4811.png,5,-1.4565
4812.png,5,-1.44
4813.png,5,-1.44
4814.png,5,-1.404
4815.png,5,-1.40625
4816.png,5,-1.40625
4817.png,5,-1.31025
4818.png,5,-1.31625
4819.png,5,-1.31625
4820.png,5,-1.12025
4821.png,5,-1.1325
4822.png,5,-0.9085
4823.png,5,-0.9225
4824.png,5,-0.9225
4825.png,5,-0.6705
4826.png,5,-0.46425
4827.png,5,-0.48
4828.png,5,-0.48
4829.png,5,-0.20800000000000002
4830.png,5,-0.224
4831.png,5,0.0528
4832.png,5,0.0368
4833.png,13,0.1632
4834.png,5,0.45979999999999993
4835.png,5,0.44804999999999995
4836.png,5,0.44804999999999995
4837.png,5,0.531
4838.png,5,0.48575
4839.png,5,0.488
4840.png,5,0.488
4841.png,5,0.3945
4842.png,5,0.23424999999999999
4843.png,5,0.244
4844.png,5,0.02725
4845.png,5,0.04
4846.png,5,-0.1727
4847.png,5,-0.16094999999999998
4848.png,5,-0.16094999999999998
4849.png,5,-0.3933
4850.png,5,-0.3818
4851.png,13,-0.35095
4852.png,13,-0.3402
4853.png,5,-0.8844
4854.png,5,-0.87
4855.png,5,-1.0236999999999998
4856.png,5,-1.0091999999999999
4857.png,5,-1.63775
4858.png,5,-1.596
4859.png,5,-1.58425
4860.png,5,-1.5787499999999999
4861.png,5,-1.59475
4862.png,5,-1.59375
4863.png,5,-1.53375
4864.png,5,-1.5374999999999999
4865.png,5,-1.5695
4866.png,5,-1.5675
4867.png,5,-1.418
4868.png,5,-1.4137499999999998
4869.png,5,-1.48025
4870.png,5,-1.4755
4871.png,5,-1.5105
4872.png,5,-1.508
4873.png,5,-1.515
4874.png,5,-1.5145
4875.png,5,-1.441
4876.png,5,-1.44625
4877.png,5,-1.30625
4878.png,5,-1.31625
4879.png,5,-1.1925000000000001
4880.png,5,-1.2075
4881.png,5,-0.9450000000000001
4882.png,5,-0.9625
4883.png,5,-0.6925
4884.png,5,-0.7105
4885.png,5,-0.44525
4886.png,5,-0.46499999999999997
4887.png,5,-0.161
4888.png,5,-0.18
4889.png,5,0.097
4890.png,5,0.08
4891.png,5,0.3733
4892.png,5,0.3588
4893.png,5,0.602
4894.png,5,0.59
4895.png,5,0.6053
4896.png,5,0.6003
4897.png,5,0.5819
4898.png,5,0.5829
4899.png,5,0.4255
4900.png,5,0.432
4901.png,5,0.2535
4902.png,5,0.264
4903.png,5,0.0295
4904.png,5,0.0435
4905.png,5,-0.245
4906.png,5,-0.22999999999999998
4907.png,5,-0.5839000000000001
4908.png,5,-0.5650000000000001
4909.png,5,-0.7721499999999999
4910.png,5,-0.7568999999999999
4911.png,5,-0.9823
4912.png,5,-0.97005
4913.png,9,-0.6381499999999999
4914.png,9,-0.6296499999999999
4915.png,5,-1.11725
4916.png,5,-1.112
4917.png,5,-1.16725
4918.png,5,-1.164
4919.png,5,-1.3312499999999998
4920.png,5,-1.31625
4921.png,5,-1.27625
4922.png,5,-1.27875
4923.png,5,-1.19075
4924.png,5,-1.19625
4925.png,5,-1.03225
4926.png,5,-1.0425
4927.png,5,-0.8504999999999999
4928.png,5,-0.8624999999999999
4929.png,5,-0.6465
4930.png,5,-0.6599999999999999
4931.png,5,-0.46599999999999997
4932.png,5,-0.48
4933.png,5,-0.25475000000000003
4934.png,5,-0.268
4935.png,5,-0.07525
4936.png,5,-0.087
4937.png,5,0.10139999999999999
4938.png,5,0.09
4939.png,5,0.2278
4940.png,5,0.22
4941.png,5,0.2703
4942.png,5,0.2668
4943.png,5,0.2385
4944.png,5,0.23925
4945.png,5,0.16105
4946.png,5,0.1653
4947.png,5,0.0365
4948.png,5,0.0435
4949.png,5,-0.1383
4950.png,5,-0.1288
4951.png,5,-0.3679
4952.png,5,-0.355
4953.png,5,-0.5882000000000001
4954.png,5,-0.5750000000000001
4955.png,5,-0.723
4956.png,5,-0.713
4957.png,5,-0.8306499999999999
4958.png,5,-0.8221499999999999
4959.png,5,-0.9141499999999999
4960.png,5,-0.9091499999999999
4961.png,5,-0.9643499999999999
4962.png,5,-0.9613499999999999
4963.png,5,-0.9613499999999999
4964.png,5,-0.9613499999999999
4965.png,5,-0.84575
4966.png,5,-0.848
4967.png,5,-0.7715000000000001
4968.png,5,-0.776
4969.png,5,-0.6825000000000001
4970.png,5,-0.6880000000000001
4971.png,5,-0.6377999999999999
4972.png,5,-0.6437999999999999
4973.png,5,-0.5242
4974.png,5,-0.5307
4975.png,5,-0.4249
4976.png,5,-0.43065
4977.png,5,-0.36624999999999996
4978.png,5,-0.36974999999999997
4979.png,5,-0.391
4980.png,5,-0.391
4981.png,5,-0.44434999999999997
4982.png,5,-0.4416
4983.png,5,-0.5095999999999999
4984.png,5,-0.5045999999999999
4985.png,5,-0.6288
4986.png,5,-0.62205
4987.png,5,-0.7784499999999999
4988.png,5,-0.7699499999999999
4989.png,5,-0.9585499999999999
4990.png,5,-0.9482999999999999
4991.png,9,-0.6556
4992.png,9,-0.64435
4993.png,5,-1.26025
4994.png,5,-1.248
4995.png,5,-1.418
4996.png,5,-1.4024999999999999
4997.png,5,-1.625
4998.png,5,-1.59575
4999.png,5,-1.78475
5000.png,5,-1.77125
5001.png,5,-1.8797499999999998
5002.png,5,-1.8719999999999999
5003.png,5,-1.9139999999999997
5004.png,5,-1.9109999999999998
5005.png,5,-1.904
5006.png,5,-1.9044999999999999
5007.png,5,-1.8449999999999998
5008.png,5,-1.8492499999999998
5009.png,5,-1.60425
5010.png,5,-1.62175
5011.png,5,-1.27875
5012.png,5,-1.30325
5013.png,5,-0.9610000000000001
5014.png,5,-0.9905
5015.png,5,-0.503
5016.png,5,-0.5355
5017.png,5,-0.017749999999999995
5018.png,5,-0.0525
5019.png,5,0.5115000000000001
5020.png,5,0.47625
5021.png,5,1.3134000000000001
5022.png,5,1.2750000000000001
5023.png,5,1.6871
5024.png,5,1.6606
5025.png,5,1.7245
5026.png,5,1.708
5027.png,5,1.742
5028.png,5,1.74
5029.png,5,1.51125
5030.png,5,1.51875
5031.png,5,1.3027499999999999
5032.png,5,1.31625
5033.png,5,1.02025
5034.png,5,1.03875
5035.png,9,0.45455
5036.png,9,0.4753
5037.png,5,0.3675
5038.png,5,0.39
5039.png,5,0.0165
5040.png,5,0.04
5041.png,5,-0.5065000000000001
5042.png,5,-0.47500000000000003
5043.png,5,-0.7490499999999999
5044.png,5,-0.7307999999999999
5045.png,5,-0.7307999999999999
5046.png,5,-0.9929999999999999
5047.png,5,-0.9787499999999999
5048.png,5,-0.9787499999999999
5049.png,5,-1.019
5050.png,5,-1.012
5051.png,5,-1.04175
5052.png,5,-1.04
5053.png,5,-0.903
5054.png,5,-0.9075
5055.png,5,-0.9075
5056.png,9,-0.5065
5057.png,9,-0.5145
5058.png,9,-0.5145
5059.png,5,-0.6035
5060.png,5,-0.615
5061.png,5,-0.39899999999999997
5062.png,5,-0.4125
5063.png,5,-0.1935
5064.png,5,-0.20800000000000002
5065.png,5,0.0215
5066.png,5,0.008
5067.png,5,0.25655
5068.png,5,0.2438
5069.png,5,0.4982
5070.png,5,0.485
5071.png,5,0.485
5072.png,5,0.6652
5073.png,5,0.655
5074.png,5,0.65725
5075.png,5,0.6525
5076.png,5,0.6708999999999999
5077.png,5,0.6698999999999999
5078.png,5,0.6515
5079.png,5,0.6525
5080.png,5,0.5559
5081.png,5,0.5611499999999999
5082.png,5,0.42314999999999997
5083.png,5,0.26045
5084.png,5,0.2697
5085.png,5,0.2697
5086.png,5,0.0912
5087.png,5,-0.0596
5088.png,5,-0.05
5089.png,5,-0.2249
5090.png,5,-0.215
5091.png,5,-0.215
5092.png,5,-0.28995
5093.png,5,-0.2852
5094.png,5,-0.3157
5095.png,5,-0.3132
5096.png,5,-0.34539999999999993
5097.png,5,-0.34364999999999996
5098.png,5,-0.33905
5099.png,5,-0.3393
5100.png,5,-0.3163
5101.png,5,-0.31755
5102.png,5,-0.26234999999999997
5103.png,5,-0.26535
5104.png,5,-0.18714999999999998
5105.png,5,-0.1914
5106.png,5,-0.10399999999999998
5107.png,5,-0.10874999999999999
5108.png,5,-0.013149999999999998
5109.png,5,-0.0184
5110.png,5,0.0786
5111.png,5,0.0736
5112.png,5,0.1754
5113.png,5,0.17
5114.png,13,0.1331
5115.png,13,0.1296
5116.png,5,0.28240000000000004
5117.png,5,0.28
5118.png,5,0.3171
5119.png,5,0.315
5120.png,5,0.39824999999999994
5121.png,5,0.39149999999999996
5122.png,5,0.35469999999999996
5123.png,5,0.35669999999999996
5124.png,5,0.29229999999999995
5125.png,5,0.29579999999999995
5126.png,5,0.20124999999999998
5127.png,5,0.207
5128.png,5,0.0872
5129.png,5,0.095
5130.png,5,-0.053399999999999996
5131.png,5,-0.045
5132.png,5,-0.18280000000000002
5133.png,5,-0.17500000000000002
5134.png,5,-0.2677
5135.png,5,-0.2622
5136.png,5,-0.31694999999999995
5137.png,5,-0.3132
5138.png,5,-0.34539999999999993
5139.png,5,-0.34364999999999996
5140.png,5,-0.33905
5141.png,5,-0.3393
5142.png,5,-0.3071
5143.png,5,-0.30884999999999996
5144.png,5,-0.25365
5145.png,5,-0.25665
5146.png,5,-0.17384999999999998
5147.png,5,-0.17834999999999998
5148.png,5,-0.09094999999999999
5149.png,5,-0.0957
5150.png,5,0.0055
5151.png,5,-0.0
5152.png,5,0.1007
5153.png,5,0.095
5154.png,5,0.1851
5155.png,5,0.18
5156.png,13,0.13555
5157.png,13,0.1323
5158.png,5,0.2821
5159.png,5,0.28
5160.png,5,0.3171
5161.png,5,0.315
5162.png,5,0.38904999999999995
5163.png,5,0.3828
5164.png,5,0.346
5165.png,5,0.348
5166.png,5,0.2904
5167.png,5,0.2944
5168.png,5,0.18284999999999998
5169.png,5,0.1886
5170.png,5,0.0672
5171.png,5,0.075
5172.png,13,-0.03915
5173.png,13,-0.0324
5174.png,13,-0.0324
5175.png,5,-0.1925
5176.png,5,-0.185
5177.png,5,-0.2769
5178.png,5,-0.2714
5179.png,5,-0.2714
5180.png,5,-0.39004999999999995
5181.png,5,-0.3828
5182.png,5,-0.40579999999999994
5183.png,5,-0.40454999999999997
5184.png,5,-0.3635
5185.png,5,-0.364
5186.png,5,-0.313
5187.png,5,-0.316
5188.png,5,-0.316
5189.png,5,-0.23525
5190.png,5,-0.24
5191.png,5,-0.16899999999999998
5192.png,5,-0.174
5193.png,5,-0.174
5194.png,5,-0.06359999999999999
5195.png,5,0.0331
5196.png,5,0.0276
5197.png,5,0.1572
5198.png,5,0.15
5199.png,5,0.15
5200.png,5,0.2772
5201.png,5,0.27
5202.png,5,0.32830000000000004
5203.png,5,0.325
5204.png,5,0.21655
5205.png,5,0.0063999999999999994
5206.png,5,0.0174
5207.png,5,-0.37445
5208.png,5,-0.3542
5209.png,5,-0.9680000000000001
5210.png,5,-0.935
5211.png,5,-1.6028
5212.png,5,-1.565
5213.png,5,-2.0848500000000003
5214.png,5,-2.0516
5215.png,5,-2.0516
5216.png,5,-2.2515
5217.png,5,-2.224
5218.png,5,-1.94
5219.png,5,-1.9969999999999999
5220.png,5,-1.9922499999999999
5221.png,5,-2.04825
5222.png,5,-2.04425
5223.png,5,-2.06525
5224.png,5,-2.0637499999999998
5225.png,-0.6,-1
5226.png,-0.6,-1
5227.png,-0.6,-1
5228.png,-0.6,-1
5229.png,5,-2.07075
5230.png,5,-2.0702499999999997
5231.png,5,-2.0037499999999997
5232.png,5,-2.0084999999999997
5233.png,5,-1.9594999999999998
5234.png,5,-1.9629999999999999
5235.png,5,-1.9629999999999999
5236.png,5,-1.914
5237.png,5,-1.9175
5238.png,5,-1.8335
5239.png,5,-1.6224999999999998
5240.png,5,-1.638
5241.png,5,-1.5085
5242.png,5,-1.51775
5243.png,5,-1.4057499999999998
5244.png,5,-1.4137499999999998
5245.png,5,-1.4137499999999998
5246.png,5,-1.32275
5247.png,5,-1.32925
5248.png,5,-1.304
5249.png,5,-1.3125
5250.png,5,-1.1175000000000002
5251.png,5,-0.8455
5252.png,5,-0.8645
5253.png,5,-0.8645
5254.png,5,-0.50075
5255.png,5,-0.1985
5256.png,5,-0.22125
5257.png,5,0.18675
5258.png,5,0.16125
5259.png,5,0.53665
5260.png,5,0.5176499999999999
5261.png,5,0.8971
5262.png,5,0.88
5263.png,5,0.9551
5264.png,5,0.9476
5265.png,5,0.9098999999999999
5266.png,5,0.9091499999999999
5267.png,5,0.9091499999999999
5268.png,5,0.8585499999999999
5269.png,5,0.8613
5270.png,5,0.7601
5271.png,5,0.551
5272.png,5,0.56
5273.png,5,0.4204
5274.png,5,0.43065
5275.png,5,0.26504999999999995
5276.png,5,0.27404999999999996
5277.png,5,0.13945
5278.png,5,0.1472
5279.png,5,0.027500000000000004
5280.png,5,0.035
5281.png,5,0.035
5282.png,5,-0.0763
5283.png,5,-0.17600000000000002
5284.png,5,-0.17
5285.png,5,-0.23885
5286.png,5,-0.2346
5287.png,5,-0.28164999999999996
5288.png,5,-0.2784
5289.png,5,-0.2784
5290.png,5,-0.32899999999999996
5291.png,5,-0.32625
5292.png,5,-0.35844999999999994
5293.png,5,-0.34925
5294.png,5,-0.34800000000000003
5295.png,5,-0.34800000000000003
5296.png,5,-0.34800000000000003
5297.png,5,-0.3225
5298.png,5,-0.324
5299.png,5,-0.27725000000000005
5300.png,5,-0.28
5301.png,5,-0.28
5302.png,5,-0.212
5303.png,5,-0.1395
5304.png,5,-0.14400000000000002
5305.png,5,-0.06459999999999999
5306.png,5,-0.0696
5307.png,5,-0.0696
5308.png,5,0.0086
5309.png,5,0.00435
5310.png,5,0.07735
5311.png,5,0.0736
5312.png,5,0.1648
5313.png,5,0.16
5314.png,5,0.2236
5315.png,5,0.22
5316.png,5,0.2624
5317.png,5,0.26
5318.png,13,0.1463
5319.png,13,0.1458
5320.png,13,0.134
5321.png,13,0.135
5322.png,5,0.2235
5323.png,5,0.225
5324.png,5,0.30884999999999996
5325.png,5,0.3036
5326.png,5,0.3331
5327.png,5,0.3306
5328.png,5,0.272
5329.png,5,0.1834
5330.png,5,0.19
5331.png,5,0.19
5332.png,5,0.052199999999999996
5333.png,5,0.06
5334.png,13,-0.029550000000000003
5335.png,13,-0.024300000000000002
5336.png,5,-0.1616
5337.png,5,-0.155
5338.png,5,-0.2299
5339.png,5,-0.2254
5340.png,5,-0.31434999999999996
5341.png,5,-0.30884999999999996
5342.png,5,-0.35485
5343.png,5,-0.35235
5344.png,5,-0.34525
5345.png,5,-0.34400000000000003
5346.png,5,-0.34400000000000003
5347.png,5,-0.31425000000000003
5348.png,5,-0.316
5349.png,5,-0.316
5350.png,5,-0.265
5351.png,5,-0.268
5352.png,5,-0.20425000000000001
5353.png,5,-0.20800000000000002
5354.png,5,-0.125
5355.png,5,-0.1305
5356.png,5,-0.0385
5357.png,5,-0.0435
5358.png,5,0.057699999999999994
5359.png,5,0.052199999999999996
5360.png,5,0.1522
5361.png,5,0.1472
5362.png,5,0.2501
5363.png,5,0.245
5364.png,13,0.16475
5365.png,13,0.162
5366.png,5,0.33180000000000004
5367.png,5,0.33
5368.png,5,0.3512
5369.png,5,0.35000000000000003
5370.png,5,0.43329999999999996
5371.png,5,0.42629999999999996
5372.png,5,0.3665
5373.png,5,0.36974999999999997
5374.png,5,0.29885
5375.png,5,0.3036
5376.png,5,0.1816
5377.png,5,0.19
5378.png,5,0.041600000000000005
5379.png,5,0.05
5380.png,13,-0.01725
5381.png,13,-0.013500000000000002
5382.png,5,0.07400000000000001
5383.png,5,0.069
5384.png,5,0.41024999999999995
5385.png,5,0.39149999999999996
5386.png,5,2.2202
5387.png,5,2.12
5388.png,5,2.4015
5389.png,5,2.36
5390.png,-0.6,1
5391.png,-0.6,1
5392.png,-0.6,1
5393.png,-0.6,1
5394.png,-0.6,1
5395.png,-0.6,1
5396.png,-0.6,1
5397.png,-0.6,1
5398.png,-0.6,1
5399.png,-0.6,1
5400.png,-0.6,1
5401.png,-0.6,1
5402.png,-0.6,1
5403.png,-0.6,1
5404.png,-0.6,1
5405.png,-0.6,1
5406.png,-0.6,1
5407.png,-0.6,1
5408.png,-0.6,1
5409.png,-0.6,1
5410.png,-0.6,1
5411.png,-0.6,1
5412.png,5,2.047
5413.png,5,2.03775
5414.png,5,1.9537499999999999
5415.png,5,1.9597499999999999
5416.png,5,1.9037499999999998
5417.png,5,1.9077499999999998
5418.png,5,1.9742499999999998
5419.png,5,1.9694999999999998
5420.png,5,2.036
5421.png,5,2.03125
5422.png,-0.6,1
5423.png,-0.6,1
5424.png,-0.6,1
5425.png,-0.6,1
5426.png,-0.6,1
5427.png,-0.6,1
5428.png,5,2.03825
5429.png,5,2.03775
5430.png,5,1.93975
5431.png,5,1.94675
5432.png,5,1.8732499999999999
5433.png,5,1.8784999999999998
5434.png,5,1.854
5435.png,5,1.85575
5436.png,5,1.83125
5437.png,5,1.833
5438.png,5,1.798
5439.png,5,1.8005
5440.png,5,1.6954999999999998
5441.png,5,1.7029999999999998
5442.png,5,1.5314999999999999
5443.png,5,1.54375
5444.png,5,1.50925
5445.png,5,1.5262499999999999
5446.png,5,1.2862500000000001
5447.png,5,1.30125
5448.png,5,1.0645
5449.png,5,1.0745
5450.png,5,0.9395
5451.png,5,0.9485
5452.png,5,0.8360000000000001
5453.png,5,0.8435
5454.png,5,0.7235
5455.png,5,0.7315
5456.png,5,0.5515
5457.png,5,0.5635
5458.png,5,0.24775000000000003
5459.png,5,0.27
5460.png,5,-0.238
5461.png,5,-0.20625
5462.png,5,-0.89825
5463.png,5,-0.855
5464.png,11,-1.2141
5465.png,11,-1.1596
5466.png,5,-3.1151
5467.png,5,-3.065
5468.png,-0.6,-1
5469.png,-0.6,-1
5470.png,-0.6,-1
5471.png,-0.6,-1
5472.png,-0.6,-1
5473.png,-0.6,-1
5474.png,-0.6,-1
5475.png,-0.6,-1
5476.png,-0.6,-1
5477.png,-0.6,-1
5478.png,-0.6,-1
5479.png,-0.6,-1
5480.png,-0.6,-1
5481.png,-0.6,-1
5482.png,-0.6,-1
5483.png,-0.6,-1
5484.png,-0.6,-1
5485.png,-0.6,-1
5486.png,-0.6,-1
5487.png,-0.6,-1
5488.png,-0.6,-1
5489.png,-0.6,-1
5490.png,-0.6,-1
5491.png,-0.6,-1
5492.png,-0.6,-1
5493.png,-0.6,-1
5494.png,-0.6,-1
5495.png,-0.6,-1
5496.png,-0.6,-1
5497.png,-0.6,-1
5498.png,-0.6,-1
5499.png,-0.6,-1
5500.png,-0.6,-1
5501.png,-0.6,-1
5502.png,-0.6,-1
5503.png,-0.6,-1
5504.png,-0.6,-1
5505.png,-0.6,-1
5506.png,-0.6,-1
5507.png,-0.6,-1
5508.png,5,-2.06925
5509.png,5,-2.0637499999999998
5510.png,5,-1.9902499999999999
5511.png,5,-1.9954999999999998
5512.png,5,-1.9395
5513.png,5,-1.9435
5514.png,5,-1.9679999999999997
5515.png,5,-1.9662499999999998
5516.png,5,-1.9907499999999998
5517.png,5,-1.9889999999999999
5518.png,5,-2.0029999999999997
5519.png,5,-2.002
5520.png,5,-2.009
5521.png,5,-2.0084999999999997
5522.png,5,-2.005
5523.png,5,-2.0052499999999998
5524.png,5,-1.99125
5525.png,5,-1.9922499999999999
5526.png,5,-1.97125
5527.png,5,-1.97275
5528.png,5,-1.94125
5529.png,5,-1.9435
5530.png,5,-1.8875
5531.png,5,-1.8915
5532.png,5,-1.755
5533.png,5,-1.7647499999999998
5534.png,5,-1.7647499999999998
5535.png,5,-1.49525
5536.png,5,-1.287
5537.png,5,-1.30325
5538.png,5,-1.30325
5539.png,5,-1.2385000000000002
5540.png,5,-1.2495
5541.png,5,-1.14825
5542.png,5,-1.155
5543.png,5,-1.03125
5544.png,5,-1.0395
5545.png,5,-0.8820000000000001
5546.png,5,-0.8925000000000001
5547.png,5,-0.6825
5548.png,5,-0.6965
5549.png,5,-0.48224999999999996
5550.png,5,-0.49874999999999997
5551.png,5,-0.17875
5552.png,5,-0.19874999999999998
5553.png,5,0.13724999999999998
5554.png,5,0.11624999999999999
5555.png,5,0.50745
5556.png,5,0.48719999999999997
5557.png,13,0.5089
5558.png,13,0.4914
5559.png,5,1.0894
5560.png,5,1.0764
5561.png,5,1.2387
5562.png,5,1.2267
5563.png,5,1.5055
5564.png,5,1.4775
5565.png,5,1.3895
5566.png,5,1.395
5567.png,5,1.207
5568.png,5,1.21875
5569.png,5,1.01875
5570.png,5,1.03125
5571.png,5,0.9072499999999999
5572.png,5,0.9149999999999999
5573.png,5,0.7677499999999999
5574.png,5,0.7735
5575.png,5,0.76075
5576.png,5,0.765
5577.png,9,0.4512
5578.png,9,0.4557
5579.png,5,0.6255000000000001
5580.png,5,0.63
5581.png,5,0.534
5582.png,5,0.54
5583.png,5,0.348
5584.png,5,0.36
5585.png,5,0.214
5586.png,5,0.224
5587.png,5,0.024250000000000004
5588.png,5,0.036000000000000004
5589.png,5,-0.16785
5590.png,5,-0.1566
5591.png,5,-0.3693
5592.png,5,-0.3588
5593.png,13,-0.3109
5594.png,13,-0.3024
5595.png,5,-0.6218999999999999
5596.png,5,-0.6164
5597.png,5,-0.6748999999999999
5598.png,5,-0.6698999999999999
5599.png,5,-0.6698999999999999
5600.png,5,-0.8795
5601.png,5,-0.864
5602.png,5,-0.796
5603.png,5,-0.8
5604.png,5,-0.698
5605.png,5,-0.704
5606.png,5,-0.602
5607.png,5,-0.608
5608.png,5,-0.5485000000000001
5609.png,5,-0.552
5610.png,5,-0.518
5611.png,5,-0.52
5612.png,5,-0.49875
5613.png,5,-0.5
5614.png,5,-0.5
5615.png,5,-0.47875
5616.png,5,-0.48
5617.png,5,-0.48
5618.png,5,-0.463
5619.png,5,-0.464
5620.png,5,-0.4555
5621.png,5,-0.456
5622.png,5,-0.4645
5623.png,5,-0.464
5624.png,5,-0.4895
5625.png,5,-0.488
5626.png,5,-0.488
5627.png,5,-0.5347500000000001
5628.png,5,-0.532
5629.png,5,-0.5872499999999999
5630.png,5,-0.584
5631.png,5,-0.584
5632.png,5,-0.6605
5633.png,5,-0.656
5634.png,5,-0.656
5635.png,5,-0.741
5636.png,5,-0.736
5637.png,5,-0.736
5638.png,5,-0.8295
5639.png,5,-0.8240000000000001
5640.png,9,-0.5640999999999999
5641.png,9,-0.5586
5642.png,9,-0.5586
5643.png,5,-1.014
5644.png,5,-1.008
5645.png,5,-1.0450000000000002
5646.png,5,-1.03875
5647.png,5,-1.1827499999999997
5648.png,5,-1.1737499999999998
5649.png,5,-1.1897499999999999
5650.png,5,-1.18875
5651.png,5,-1.14475
5652.png,5,-1.1475
5653.png,5,-1.0194999999999999
5654.png,5,-1.0274999999999999
5655.png,5,-1.0274999999999999
5656.png,5,-0.7865000000000001
5657.png,5,-0.798
5658.png,5,-0.798
5659.png,5,-0.623
5660.png,5,-0.39749999999999996
5661.png,5,-0.4125
5662.png,5,-0.4125
5663.png,5,-0.20199999999999999
5664.png,5,-0.216
5665.png,5,-0.0375
5666.png,5,-0.048
5667.png,5,-0.048
5668.png,5,0.1502
5669.png,5,0.1392
5670.png,5,0.3296
5671.png,5,0.32
5672.png,5,0.4419
5673.png,5,0.435
5674.png,5,0.4293
5675.png,5,0.4278
5676.png,5,0.36315
5677.png,5,0.36539999999999995
5678.png,5,0.255
5679.png,5,0.261
5680.png,5,0.11595
5681.png,5,0.1242
5682.png,5,0.1242
5683.png,5,-0.0717
5684.png,5,-0.06
5685.png,5,-0.06
5686.png,5,-0.2826
5687.png,5,-0.27
5688.png,5,-0.27
5689.png,5,-0.4873
5690.png,5,-0.57425
5691.png,5,-0.5655
5692.png,5,-0.5655
5693.png,5,-0.6850999999999999
5694.png,5,-0.6786
5695.png,5,-0.7245999999999999
5696.png,5,-0.7221
5697.png,5,-0.7221
5698.png,5,-0.6895
5699.png,5,-0.6880000000000001
5700.png,5,-0.671
5701.png,5,-0.672
5702.png,5,-0.621
5703.png,5,-0.624
5704.png,5,-0.624
5705.png,5,-0.556
5706.png,5,-0.56
5707.png,5,-0.475
5708.png,5,-0.48
5709.png,5,-0.3865
5710.png,5,-0.392
5711.png,5,-0.28150000000000003
5712.png,5,-0.28800000000000003
5713.png,5,-0.21199999999999997
5714.png,5,-0.21749999999999997
5715.png,5,-0.1255
5716.png,5,-0.1305
5717.png,5,-0.06525
5718.png,5,-0.069
5719.png,5,-0.022000000000000002
5720.png,5,-0.025
5721.png,5,0.0014999999999999998
5722.png,5,-0.0
5723.png,13,-0.005900000000000001
5724.png,13,-0.0054
5725.png,13,-0.026050000000000004
5726.png,13,-0.024300000000000002
5727.png,13,-0.07150000000000001
5728.png,13,-0.0675
5729.png,5,-0.40590000000000004
5730.png,5,-0.39
5731.png,5,-0.7164999999999999
5732.png,5,-0.696
5733.png,9,-0.6566
5734.png,9,-0.6321
5735.png,9,-0.6321
5736.png,5,-1.12125
5737.png,5,-1.116
5738.png,5,-1.08625
5739.png,5,-1.08375
5740.png,5,-1.2077499999999999
5741.png,5,-1.2
5742.png,5,-1.088
5743.png,5,-1.095
5744.png,5,-0.9349999999999999
5745.png,5,-0.945
5746.png,5,-0.729
5747.png,5,-0.7424999999999999
5748.png,5,-0.537
5749.png,5,-0.552
5750.png,5,-0.2885
5751.png,5,-0.054599999999999996
5752.png,5,-0.0696
5753.png,5,-0.0696
5754.png,5,0.1956
5755.png,13,0.1857
5756.png,13,0.1782
5757.png,5,0.42049999999999993
5758.png,5,0.41324999999999995
5759.png,5,0.41324999999999995
5760.png,5,0.45225
5761.png,5,0.448
5762.png,5,0.36725
5763.png,5,0.372
5764.png,5,0.253
5765.png,5,0.26
5766.png,5,0.09425000000000001
5767.png,5,0.10400000000000001
5768.png,5,-0.09849999999999999
5769.png,5,-0.087
5770.png,5,-0.3248
5771.png,5,-0.31279999999999997
5772.png,5,-0.5891000000000001
5773.png,5,-0.5750000000000001
5774.png,5,-0.723
5775.png,5,-0.713
5776.png,5,-0.8122499999999999
5777.png,5,-0.80475
5778.png,5,-0.8691499999999999
5779.png,5,-0.8656499999999999
5780.png,5,-0.87945
5781.png,5,-0.8786999999999999
5782.png,5,-0.76975
5783.png,5,-0.772
5784.png,5,-0.69125
5785.png,5,-0.6960000000000001
5786.png,5,-0.5855
5787.png,5,-0.592
5788.png,5,-0.5104
5789.png,5,-0.5176499999999999
5790.png,5,-0.37505
5791.png,5,-0.3828
5792.png,5,-0.24939999999999998
5793.png,5,-0.25665
5794.png,5,-0.14129999999999998
5795.png,5,-0.15
5796.png,5,-0.0175
5797.png,5,-0.025
5798.png,5,0.0704
5799.png,5,0.065
5800.png,5,0.11315
5801.png,5,0.1104
5802.png,5,0.11524999999999999
5803.png,5,0.11499999999999999
5804.png,5,0.07654999999999999
5805.png,5,0.0783
5806.png,5,0.004699999999999999
5807.png,5,0.0087
5808.png,5,-0.0878
5809.png,5,-0.0828
5810.png,5,-0.1992
5811.png,5,-0.19319999999999998
5812.png,5,-0.3478
5813.png,5,-0.34
5814.png,5,-0.46190000000000003
5815.png,5,-0.455
5816.png,5,-0.5451
5817.png,5,-0.54
5818.png,5,-0.5258999999999999
5819.png,5,-0.5244
5820.png,5,-0.49045
5821.png,5,-0.49219999999999997
5822.png,5,-0.41945000000000005
5823.png,5,-0.4232
5824.png,5,-0.3553
5825.png,5,-0.3588
5826.png,5,-0.3006
5827.png,5,-0.3036
5828.png,5,-0.26965
5829.png,5,-0.2714
5830.png,5,-0.24715
5831.png,5,-0.2484
5832.png,5,-0.23385
5833.png,5,-0.2346
5834.png,5,-0.22005
5835.png,5,-0.2208
5836.png,5,-0.2111
5837.png,5,-0.2116
5838.png,5,-0.20675
5839.png,5,-0.207
5840.png,5,-0.20215
5841.png,5,-0.2024
5842.png,5,-0.19755
5843.png,5,-0.1978
5844.png,5,-0.1881
5845.png,5,-0.1886
5846.png,5,-0.1886
5847.png,5,-0.1886
5848.png,5,-0.18375
5849.png,5,-0.184
5850.png,5,-0.17915
5851.png,5,-0.1794
5852.png,5,-0.1794
5853.png,5,-0.1794
5854.png,5,-0.17455
5855.png,5,-0.1748
5856.png,5,-0.16995
5857.png,5,-0.1702
5858.png,5,-0.1702
5859.png,5,-0.1702
5860.png,5,-0.1702
5861.png,5,-0.1702
5862.png,5,-0.16535
5863.png,5,-0.1656
5864.png,5,-0.1656
5865.png,5,-0.1656
5866.png,5,-0.16075
5867.png,5,-0.161
5868.png,5,-0.161
5869.png,5,-0.161
5870.png,5,-0.161
5871.png,5,-0.161
5872.png,5,-0.15614999999999998
5873.png,5,-0.15639999999999998
5874.png,5,-0.15639999999999998
5875.png,5,-0.15639999999999998
5876.png,5,-0.15155
5877.png,5,-0.1518
5878.png,5,-0.1518
5879.png,5,-0.1518
5880.png,5,-0.1518
5881.png,5,-0.1518
5882.png,5,-0.1518
5883.png,5,-0.1518
5884.png,5,-0.14695
5885.png,5,-0.1472
5886.png,5,-0.1472
5887.png,5,-0.1472
5888.png,5,-0.1472
5889.png,5,-0.1472
5890.png,5,-0.14235
5891.png,5,-0.1426
5892.png,5,-0.1426
5893.png,5,-0.1426
5894.png,5,-0.1426
5895.png,5,-0.1426
5896.png,5,-0.13775
5897.png,5,-0.138
5898.png,5,-0.138
5899.png,5,-0.138
5900.png,5,-0.138
5901.png,5,-0.138
5902.png,5,-0.13315
5903.png,5,-0.1334
5904.png,5,-0.1334
5905.png,5,-0.1334
5906.png,5,-0.1334
5907.png,5,-0.1334
5908.png,5,-0.1334
5909.png,5,-0.1334
5910.png,5,-0.12855
5911.png,5,-0.1288
5912.png,5,-0.1288
5913.png,5,-0.1288
5914.png,5,-0.1288
5915.png,5,-0.1288
5916.png,5,-0.12395
5917.png,5,-0.1242
5918.png,5,-0.1242
5919.png,5,-0.1242
5920.png,5,-0.1242
5921.png,5,-0.1242
5922.png,5,-0.11935
5923.png,5,-0.1196
5924.png,5,-0.1196
5925.png,5,-0.1196
5926.png,5,-0.1196
5927.png,5,-0.1196
5928.png,5,-0.11474999999999999
5929.png,5,-0.11499999999999999
5930.png,5,-0.11499999999999999
5931.png,5,-0.11499999999999999
5932.png,5,-0.125
5933.png,5,-0.125
5934.png,5,-0.1197
5935.png,5,-0.12
5936.png,5,-0.12
5937.png,5,-0.12
5938.png,5,-0.12
5939.png,5,-0.12
5940.png,5,-0.11470000000000001
5941.png,5,-0.115
5942.png,5,-0.115
5943.png,5,-0.115
5944.png,5,-0.1097
5945.png,5,-0.11
5946.png,5,-0.11
5947.png,5,-0.11
5948.png,5,-0.1047
5949.png,5,-0.105
5950.png,5,-0.105
5951.png,5,-0.105
5952.png,5,-0.09970000000000001
5953.png,5,-0.1
5954.png,5,-0.1
5955.png,5,-0.1
5956.png,5,-0.0947
5957.png,5,-0.095
5958.png,5,-0.095
5959.png,5,-0.095
5960.png,5,-0.0897
5961.png,5,-0.09
5962.png,5,-0.09
5963.png,5,-0.09
5964.png,5,-0.08470000000000001
5965.png,5,-0.085
5966.png,5,-0.085
5967.png,5,-0.085
5968.png,5,-0.07970000000000001
5969.png,5,-0.08
5970.png,5,-0.0747
5971.png,5,-0.075
5972.png,5,-0.075
5973.png,5,-0.075
5974.png,5,-0.06970000000000001
5975.png,5,-0.07
5976.png,5,-0.06470000000000001
5977.png,5,-0.065
5978.png,5,-0.065
5979.png,5,-0.065
5980.png,5,-0.059699999999999996
5981.png,5,-0.06
5982.png,5,-0.0547
5983.png,5,-0.055
5984.png,5,-0.055
5985.png,5,-0.055
5986.png,5,-0.0497
5987.png,5,-0.05
5988.png,5,-0.0447
5989.png,5,-0.045
5990.png,5,-0.045
5991.png,5,-0.045
5992.png,5,-0.0397
5993.png,5,-0.04
5994.png,5,-0.0347
5995.png,5,-0.035
5996.png,5,-0.035
5997.png,5,-0.035
5998.png,5,-0.029699999999999997
5999.png,5,-0.03
6000.png,5,-0.0247
6001.png,5,-0.025
6002.png,5,-0.025
6003.png,5,-0.025
6004.png,5,-0.0197
6005.png,5,-0.02
6006.png,5,-0.0147
6007.png,5,-0.015
6008.png,5,-0.015
6009.png,5,-0.015
6010.png,5,-0.0097
6011.png,5,-0.01
6012.png,5,-0.01
6013.png,5,-0.01
6014.png,5,-0.0047
6015.png,5,-0.005
6016.png,5,-0.005
6017.png,5,-0.005
6018.png,5,0.0003
6019.png,5,-0.0
6020.png,5,0.0053
6021.png,5,0.005
6022.png,5,0.005
6023.png,5,0.005
6024.png,5,0.005
6025.png,5,0.005
6026.png,5,0.0103
6027.png,5,0.01
6028.png,5,0.01
6029.png,5,0.01
6030.png,5,0.0153
6031.png,5,0.015
6032.png,5,0.015
6033.png,5,0.015
6034.png,5,0.015
6035.png,5,0.015
6036.png,5,0.020300000000000002
6037.png,5,0.02
6038.png,5,0.02
6039.png,5,0.02
6040.png,5,0.02
6041.png,5,0.02
6042.png,5,0.02
6043.png,5,0.02
6044.png,5,0.025300000000000003
6045.png,5,0.025
6046.png,5,0.025
6047.png,5,0.025
6048.png,5,0.025
6049.png,5,0.025
6050.png,5,0.025
6051.png,5,0.025
6052.png,5,0.025
6053.png,5,0.025
6054.png,5,0.025
6055.png,5,0.025
6056.png,5,0.025
6057.png,13,0.01645
6058.png,13,0.0162
6059.png,13,0.0162
6060.png,13,0.0162
6061.png,13,0.0162
6062.png,13,0.0162
6063.png,13,0.01915
6064.png,13,0.0189
6065.png,13,0.0189
6066.png,13,0.024800000000000003
6067.png,13,0.024300000000000002
6068.png,13,0.0302
6069.png,13,0.0297
6070.png,13,0.0356
6071.png,13,0.0351
6072.png,13,0.03805
6073.png,13,0.0378
6074.png,5,0.07529999999999999
6075.png,5,0.075
6076.png,5,0.075
6077.png,5,0.0803
6078.png,5,0.08
6079.png,5,0.08
6080.png,5,0.08
6081.png,5,0.08
6082.png,5,0.08
6083.png,5,0.08
6084.png,5,0.08
6085.png,5,0.0747
6086.png,5,0.075
6087.png,5,0.075
6088.png,5,0.075
6089.png,5,0.075
6090.png,5,0.075
6091.png,5,0.075
6092.png,5,0.075
6093.png,5,0.075
6094.png,5,0.06970000000000001
6095.png,5,0.07
6096.png,5,0.07
6097.png,5,0.07
6098.png,5,0.07
6099.png,5,0.07
6100.png,5,0.07
6101.png,5,0.07
6102.png,5,0.07
6103.png,5,0.06470000000000001
6104.png,5,0.065
6105.png,5,0.065
6106.png,5,0.065
6107.png,5,0.065
6108.png,5,0.065
6109.png,5,0.065
6110.png,5,0.065
6111.png,5,0.065
6112.png,5,0.065
6113.png,5,0.065
6114.png,5,0.065
6115.png,5,0.065
6116.png,5,0.065
6117.png,5,0.065
6118.png,5,0.065
6119.png,5,0.065
6120.png,5,0.065
6121.png,5,0.065
6122.png,5,0.065
6123.png,5,0.065
6124.png,5,0.065
6125.png,5,0.059699999999999996
6126.png,5,0.06
6127.png,5,0.06
6128.png,5,0.06
6129.png,5,0.06
6130.png,5,0.06
6131.png,5,0.06
6132.png,5,0.06
6133.png,5,0.06
6134.png,5,0.06
6135.png,5,0.06
6136.png,5,0.06
6137.png,5,0.06
6138.png,5,0.06
6139.png,5,0.06
6140.png,5,0.06
6141.png,5,0.06
6142.png,5,0.06
6143.png,5,0.06
6144.png,5,0.06
6145.png,5,0.06
6146.png,5,0.06
6147.png,5,0.06
6148.png,5,0.06
6149.png,5,0.06
6150.png,5,0.06
6151.png,5,0.06
6152.png,5,0.06
6153.png,5,0.06
6154.png,5,0.06
6155.png,5,0.06
6156.png,5,0.0547
6157.png,5,0.055
6158.png,5,0.055
6159.png,5,0.055
6160.png,5,0.055
6161.png,5,0.055
6162.png,5,0.055
6163.png,5,0.055
6164.png,5,0.055
6165.png,5,0.055
6166.png,5,0.055
6167.png,5,0.055
6168.png,5,0.055
6169.png,5,0.055
6170.png,5,0.055
6171.png,5,0.055
6172.png,5,0.055
6173.png,5,0.055
6174.png,5,0.055
6175.png,5,0.055
6176.png,5,0.055
6177.png,5,0.055
6178.png,5,0.055
6179.png,5,0.055
6180.png,5,0.055
6181.png,5,0.055
6182.png,5,0.055
6183.png,5,0.055
6184.png,5,0.055
6185.png,5,0.055
6186.png,5,0.055
6187.png,5,0.055
6188.png,5,0.055
6189.png,5,0.055
6190.png,5,0.055
6191.png,5,0.055
6192.png,5,0.055
6193.png,5,0.055
6194.png,5,0.055
6195.png,5,0.055
6196.png,5,0.055
6197.png,5,0.055
6198.png,5,0.055
6199.png,5,0.055
6200.png,5,0.055
6201.png,5,0.055
6202.png,5,0.055
6203.png,5,0.055
6204.png,5,0.055
6205.png,5,0.055
6206.png,5,0.055
6207.png,5,0.055
6208.png,5,0.055
6209.png,5,0.055
6210.png,5,0.055
6211.png,5,0.055
6212.png,5,0.055
6213.png,5,0.055
6214.png,5,0.055
6215.png,5,0.055
6216.png,5,0.055
6217.png,5,0.055
6218.png,5,0.055
6219.png,5,0.055
6220.png,5,0.055
6221.png,5,0.055
6222.png,5,0.055
6223.png,5,0.055
6224.png,5,0.0497
6225.png,5,0.05
6226.png,5,0.05
6227.png,5,0.05
6228.png,5,0.05
6229.png,5,0.05
6230.png,5,0.05
6231.png,5,0.05
6232.png,5,0.05
6233.png,5,0.05
6234.png,5,0.05
6235.png,5,0.05
6236.png,5,0.05
6237.png,5,0.05
6238.png,5,0.05
6239.png,5,0.05
6240.png,5,0.05
6241.png,5,0.05
6242.png,5,0.05
6243.png,5,0.05
6244.png,5,0.05
6245.png,5,0.05
6246.png,5,0.05
6247.png,5,0.05
6248.png,5,0.05
6249.png,5,0.05
6250.png,5,0.05
6251.png,5,0.05
6252.png,5,0.05
6253.png,5,0.05
6254.png,5,0.05
6255.png,5,0.05
6256.png,5,0.05
6257.png,5,0.05
6258.png,5,0.05
6259.png,5,0.05
6260.png,5,0.05
6261.png,5,0.05
6262.png,5,0.05
6263.png,5,0.05
6264.png,5,0.05
6265.png,5,0.05
6266.png,5,0.05
6267.png,5,0.05
6268.png,5,0.05
6269.png,5,0.05
6270.png,5,0.05
6271.png,5,0.05
6272.png,5,0.05
6273.png,5,0.05
6274.png,5,0.05
6275.png,5,0.05
6276.png,5,0.05
6277.png,5,0.05
6278.png,5,0.05
6279.png,5,0.05
6280.png,5,0.05
6281.png,5,0.05
6282.png,5,0.05
6283.png,5,0.05
6284.png,5,0.05
6285.png,5,0.05
6286.png,5,0.05
6287.png,5,0.05
6288.png,5,0.05
6289.png,5,0.05
6290.png,5,0.05
6291.png,5,0.05
6292.png,5,0.05
6293.png,5,0.05
6294.png,5,0.05
6295.png,5,0.05
6296.png,5,0.05
6297.png,5,0.05
6298.png,5,0.05
6299.png,5,0.05
6300.png,5,0.05
6301.png,5,0.05
6302.png,5,0.05
6303.png,5,0.05
6304.png,5,0.05
6305.png,5,0.05
6306.png,5,0.05
6307.png,5,0.05
6308.png,5,0.05
6309.png,5,0.05
6310.png,5,0.05
6311.png,5,0.05
6312.png,5,0.05
6313.png,5,0.05
6314.png,5,0.05
6315.png,5,0.05
6316.png,5,0.05
6317.png,5,0.05
6318.png,5,0.05
6319.png,5,0.05
6320.png,5,0.05
6321.png,5,0.05
6322.png,5,0.05
6323.png,5,0.05
6324.png,5,0.05
6325.png,5,0.05
6326.png,5,0.05
6327.png,5,0.05
6328.png,5,0.05
6329.png,5,0.05
6330.png,5,0.05
6331.png,5,0.05
6332.png,5,0.05
6333.png,5,0.05
6334.png,5,0.05
6335.png,5,0.05
6336.png,5,0.05
6337.png,5,0.05
6338.png,5,0.05
6339.png,5,0.05
6340.png,5,0.05
6341.png,5,0.05
6342.png,5,0.05
6343.png,5,0.05
6344.png,5,0.05
6345.png,5,0.05
6346.png,5,0.05
6347.png,5,0.05
6348.png,5,0.05
6349.png,5,0.05
6350.png,5,0.05
6351.png,5,0.05
6352.png,5,0.05
6353.png,5,0.05
6354.png,5,0.05
6355.png,5,0.05
6356.png,5,0.05
6357.png,5,0.05
6358.png,5,0.05
6359.png,5,0.05
6360.png,5,0.05
6361.png,5,0.05
6362.png,5,0.05
6363.png,5,0.05
6364.png,5,0.05
6365.png,5,0.05
6366.png,5,0.05
6367.png,5,0.0447
6368.png,5,0.045
6369.png,5,0.045
6370.png,5,0.045
6371.png,5,0.045
6372.png,5,0.045
6373.png,5,0.045
6374.png,5,0.045
6375.png,5,0.045
6376.png,5,0.045
6377.png,5,0.045
6378.png,5,0.045
6379.png,5,0.045
6380.png,5,0.045
6381.png,5,0.045
6382.png,5,0.045
6383.png,5,0.045
6384.png,5,0.045
6385.png,5,0.045
6386.png,5,0.045
6387.png,5,0.045
6388.png,5,0.045
6389.png,5,0.045
6390.png,5,0.045
6391.png,5,0.045
6392.png,5,0.045
6393.png,5,0.045
6394.png,5,0.045
6395.png,5,0.045
6396.png,5,0.045
6397.png,5,0.045
6398.png,5,0.045
6399.png,5,0.045
6400.png,5,0.045
6401.png,5,0.045
6402.png,5,0.045
6403.png,5,0.045
6404.png,5,0.045
6405.png,5,0.045
6406.png,5,0.045
6407.png,5,0.045
6408.png,5,0.045
6409.png,5,0.045
6410.png,5,0.045
6411.png,5,0.045
6412.png,5,0.045
6413.png,5,0.045
6414.png,5,0.045
6415.png,5,0.045
6416.png,5,0.045
6417.png,5,0.045
6418.png,5,0.045
6419.png,5,0.045
6420.png,5,0.045
6421.png,5,0.045
6422.png,5,0.045
6423.png,5,0.045
6424.png,5,0.045
6425.png,5,0.045
6426.png,5,0.045
6427.png,5,0.045
6428.png,5,0.045
6429.png,5,0.045
6430.png,5,0.045
6431.png,5,0.045
6432.png,5,0.045
6433.png,5,0.045
6434.png,5,0.045
6435.png,5,0.045
6436.png,5,0.045
6437.png,5,0.045
6438.png,5,0.045
6439.png,5,0.045
6440.png,5,0.045
6441.png,5,0.045
6442.png,5,0.045
6443.png,5,0.045
6444.png,5,0.045
6445.png,5,0.045
6446.png,5,0.045
6447.png,5,0.045
6448.png,5,0.045
6449.png,5,0.045
6450.png,5,0.045
6451.png,5,0.045
6452.png,5,0.045
6453.png,5,0.045
6454.png,5,0.045
6455.png,5,0.045
6456.png,5,0.045
6457.png,5,0.045
6458.png,5,0.045
6459.png,5,0.045
6460.png,5,0.045
6461.png,5,0.045
6462.png,5,0.045
6463.png,5,0.045
6464.png,5,0.045
6465.png,5,0.045
6466.png,5,0.045
6467.png,5,0.045
6468.png,5,0.045
6469.png,5,0.045
6470.png,5,0.045
6471.png,5,0.045
6472.png,5,0.045
6473.png,5,0.045
6474.png,5,0.045
6475.png,5,0.045
6476.png,5,0.045
6477.png,5,0.045
6478.png,5,0.045
6479.png,5,0.045
6480.png,5,0.045
6481.png,5,0.045
6482.png,5,0.045
6483.png,5,0.045
6484.png,5,0.045
6485.png,5,0.045
6486.png,5,0.045
6487.png,5,0.045
6488.png,5,0.045
6489.png,5,0.045
6490.png,5,0.045
6491.png,5,0.045
6492.png,5,0.045
6493.png,5,0.045
6494.png,5,0.045
6495.png,5,0.045
6496.png,5,0.045
6497.png,5,0.045
6498.png,5,0.045
6499.png,5,0.045
6500.png,5,0.045
6501.png,5,0.045
6502.png,5,0.045
6503.png,5,0.045
6504.png,5,0.045
6505.png,5,0.045
6506.png,5,0.045
6507.png,5,0.045
6508.png,5,0.045
6509.png,5,0.045
6510.png,5,0.045
6511.png,5,0.045
6512.png,5,0.045
6513.png,5,0.045
6514.png,5,0.045
6515.png,5,0.045
6516.png,5,0.045
6517.png,5,0.045
6518.png,5,0.045
6519.png,5,0.045
6520.png,5,0.045
6521.png,5,0.045
6522.png,5,0.045
6523.png,5,0.045
6524.png,5,0.045
6525.png,5,0.045
6526.png,5,0.045
6527.png,5,0.045
6528.png,5,0.045
6529.png,5,0.045
6530.png,5,0.045
6531.png,5,0.045
6532.png,5,0.045
6533.png,5,0.045
6534.png,5,0.045
6535.png,5,0.045
6536.png,5,0.045
6537.png,5,0.045
6538.png,5,0.045
6539.png,5,0.045
6540.png,5,0.045
6541.png,5,0.045
6542.png,5,0.045
6543.png,5,0.045
6544.png,5,0.045
6545.png,5,0.045
6546.png,5,0.045
6547.png,5,0.045
6548.png,5,0.045
6549.png,5,0.045
6550.png,5,0.045
6551.png,5,0.045
6552.png,5,0.045
6553.png,5,0.045
6554.png,5,0.045
6555.png,5,0.045
6556.png,5,0.045
6557.png,5,0.045
6558.png,5,0.045
6559.png,5,0.045
6560.png,5,0.045
6561.png,5,0.045
6562.png,5,0.045
6563.png,5,0.045
6564.png,5,0.045
6565.png,5,0.045
6566.png,5,0.045
6567.png,5,0.045
6568.png,5,0.045
6569.png,5,0.045
6570.png,5,0.045
6571.png,5,0.045
6572.png,5,0.045
6573.png,5,0.045
6574.png,5,0.045
6575.png,5,0.045
6576.png,5,0.045
6577.png,5,0.045
6578.png,5,0.045
6579.png,5,0.045
6580.png,5,0.045
6581.png,5,0.045
6582.png,5,0.045
6583.png,5,0.045
6584.png,5,0.045
6585.png,5,0.045
6586.png,5,0.045
6587.png,5,0.045
6588.png,5,0.045
6589.png,5,0.045
6590.png,5,0.045
6591.png,5,0.045
6592.png,5,0.045
6593.png,5,0.045
6594.png,5,0.045
6595.png,5,0.045
6596.png,5,0.045
6597.png,5,0.045
6598.png,5,0.045
6599.png,5,0.0397
6600.png,5,0.04
6601.png,5,0.04
6602.png,5,0.04
6603.png,5,0.04
6604.png,5,0.04
6605.png,5,0.04
6606.png,5,0.04
6607.png,5,0.04
6608.png,5,0.04
6609.png,5,0.04
6610.png,5,0.04
6611.png,5,0.04
6612.png,5,0.04
6613.png,5,0.04
6614.png,5,0.04
6615.png,5,0.04
6616.png,5,0.04
6617.png,5,0.04
6618.png,5,0.04
6619.png,5,0.04
6620.png,5,0.04
6621.png,5,0.04
6622.png,5,0.04
6623.png,5,0.04
6624.png,5,0.04
6625.png,5,0.04
6626.png,5,0.04
6627.png,5,0.04
6628.png,5,0.04
6629.png,5,0.04
6630.png,5,0.04
6631.png,5,0.04
6632.png,5,0.04
6633.png,5,0.04
6634.png,5,0.04
6635.png,5,0.04
6636.png,5,0.04
6637.png,5,0.04
6638.png,5,0.04
6639.png,5,0.04
6640.png,5,0.04
6641.png,5,0.04
6642.png,5,0.04
6643.png,5,0.04
6644.png,5,0.04
6645.png,5,0.04
6646.png,5,0.04
6647.png,5,0.04
6648.png,5,0.04
6649.png,5,0.04
6650.png,5,0.04
6651.png,5,0.04
6652.png,5,0.04
6653.png,5,0.04
6654.png,5,0.04
6655.png,5,0.04
6656.png,5,0.04
6657.png,5,0.04
6658.png,5,0.04
6659.png,5,0.04
6660.png,5,0.04
6661.png,5,0.04
6662.png,5,0.04
6663.png,5,0.04
6664.png,5,0.04
6665.png,5,0.04
6666.png,5,0.04
6667.png,5,0.04
6668.png,5,0.04
6669.png,5,0.04
6670.png,5,0.04
6671.png,5,0.04
6672.png,5,0.04
6673.png,5,0.04
6674.png,5,0.04
6675.png,5,0.04
6676.png,5,0.04
6677.png,5,0.04
6678.png,5,0.04
6679.png,5,0.04
6680.png,5,0.04
6681.png,5,0.04
6682.png,5,0.04
6683.png,5,0.04
6684.png,5,0.04
6685.png,5,0.04
6686.png,5,0.04
6687.png,5,0.04
6688.png,5,0.04
6689.png,5,0.04
6690.png,5,0.04
6691.png,5,0.04
6692.png,5,0.04
6693.png,5,0.04
6694.png,5,0.04
6695.png,5,0.04
6696.png,5,0.04
6697.png,5,0.04
6698.png,5,0.04
6699.png,5,0.04
6700.png,5,0.04
6701.png,5,0.04
6702.png,5,0.04
6703.png,5,0.04
6704.png,5,0.04
6705.png,5,0.04
6706.png,5,0.04
6707.png,5,0.04
6708.png,5,0.04
6709.png,5,0.04
6710.png,5,0.04
6711.png,5,0.04
6712.png,5,0.04
6713.png,5,0.04
6714.png,5,0.04
6715.png,5,0.04
6716.png,5,0.04
6717.png,5,0.04
6718.png,5,0.04
6719.png,5,0.04
6720.png,5,0.04
6721.png,5,0.04
6722.png,5,0.04
6723.png,5,0.04
6724.png,5,0.04
6725.png,5,0.04
6726.png,5,0.04
6727.png,5,0.04
6728.png,5,0.04
6729.png,5,0.04
6730.png,5,0.04
6731.png,5,0.04
6732.png,5,0.04
6733.png,5,0.04
6734.png,5,0.04
6735.png,5,0.04
6736.png,5,0.04
6737.png,5,0.04
6738.png,5,0.04
6739.png,5,0.04
6740.png,5,0.04
6741.png,5,0.04
6742.png,5,0.04
6743.png,5,0.04
6744.png,5,0.04
6745.png,5,0.04
6746.png,5,0.04
6747.png,5,0.04
6748.png,5,0.04
6749.png,5,0.04
6750.png,5,0.04
6751.png,5,0.04
6752.png,5,0.04
6753.png,5,0.04
6754.png,5,0.04
6755.png,5,0.04
6756.png,5,0.04
6757.png,5,0.04
6758.png,5,0.04
6759.png,5,0.04
6760.png,5,0.04
6761.png,5,0.04
6762.png,5,0.04
6763.png,5,0.04
6764.png,5,0.04
6765.png,5,0.04
6766.png,5,0.04
6767.png,5,0.04
6768.png,5,0.04
6769.png,5,0.04
6770.png,5,0.04
6771.png,5,0.04
6772.png,5,0.04
6773.png,5,0.04
6774.png,5,0.04
6775.png,5,0.04
6776.png,5,0.04
6777.png,5,0.04
6778.png,5,0.04
6779.png,5,0.04
6780.png,5,0.04
6781.png,5,0.04
6782.png,5,0.04
6783.png,5,0.04
6784.png,5,0.04
6785.png,5,0.04
6786.png,5,0.04
6787.png,5,0.04
6788.png,5,0.04
6789.png,5,0.04
6790.png,5,0.04
6791.png,5,0.04
6792.png,5,0.04
6793.png,5,0.04
6794.png,5,0.04
6795.png,5,0.04
6796.png,5,0.04
6797.png,5,0.04
6798.png,5,0.04
6799.png,5,0.04
6800.png,5,0.04
6801.png,5,0.04
6802.png,5,0.04
6803.png,5,0.04
6804.png,5,0.04
6805.png,5,0.04
6806.png,5,0.04
6807.png,5,0.04
6808.png,5,0.04
6809.png,5,0.04
6810.png,5,0.04
6811.png,5,0.04
6812.png,5,0.04
6813.png,5,0.04
6814.png,5,0.04
6815.png,5,0.0347
6816.png,5,0.035
6817.png,5,0.035
6818.png,5,0.035
6819.png,5,0.035
6820.png,5,0.035
6821.png,5,0.035
6822.png,5,0.035
6823.png,5,0.035
6824.png,5,0.035
6825.png,5,0.035
6826.png,5,0.035
6827.png,5,0.035
6828.png,5,0.035
6829.png,5,0.035
6830.png,5,0.035
6831.png,5,0.035
6832.png,5,0.035
6833.png,5,0.035
6834.png,5,0.035
6835.png,5,0.035
6836.png,5,0.035
6837.png,5,0.035
6838.png,5,0.035
6839.png,5,0.035
6840.png,5,0.035
6841.png,5,0.035
6842.png,5,0.035
6843.png,5,0.035
6844.png,5,0.035
6845.png,5,0.035
6846.png,5,0.035
6847.png,5,0.035
6848.png,5,0.035
6849.png,5,0.035
6850.png,5,0.035
6851.png,5,0.035
6852.png,5,0.035
6853.png,5,0.035
6854.png,5,0.035
6855.png,5,0.035
6856.png,5,0.035
6857.png,5,0.035
6858.png,5,0.035
6859.png,5,0.035
6860.png,5,0.035
6861.png,5,0.035
6862.png,5,0.035
6863.png,5,0.035
6864.png,5,0.035
6865.png,5,0.035
6866.png,5,0.035
6867.png,5,0.035
6868.png,5,0.035
6869.png,5,0.035
6870.png,5,0.035
6871.png,5,0.035
6872.png,5,0.035
6873.png,5,0.035
6874.png,5,0.035
6875.png,5,0.035
6876.png,5,0.035
6877.png,5,0.035
6878.png,5,0.035
6879.png,5,0.035
6880.png,5,0.035
6881.png,5,0.035
6882.png,5,0.035
6883.png,5,0.035
6884.png,5,0.035
6885.png,5,0.035
6886.png,5,0.035
6887.png,5,0.035
6888.png,5,0.035
6889.png,5,0.035
6890.png,5,0.035
6891.png,5,0.035
6892.png,5,0.035
6893.png,5,0.035
6894.png,5,0.035
6895.png,5,0.035
6896.png,5,0.035
6897.png,5,0.035
6898.png,5,0.035
6899.png,5,0.035
6900.png,5,0.035
6901.png,5,0.035
6902.png,5,0.035
6903.png,5,0.035
6904.png,5,0.035
6905.png,5,0.035
6906.png,5,0.035
6907.png,5,0.035
6908.png,5,0.035
6909.png,5,0.035
6910.png,5,0.035
6911.png,5,0.035
6912.png,5,0.035
6913.png,5,0.035
6914.png,5,0.035
6915.png,5,0.035
6916.png,5,0.035
6917.png,5,0.035
6918.png,5,0.035
6919.png,5,0.035
6920.png,5,0.035
6921.png,5,0.035
6922.png,5,0.035
6923.png,5,0.035
6924.png,5,0.035
6925.png,5,0.035
6926.png,5,0.035
6927.png,5,0.035
6928.png,5,0.035
6929.png,5,0.035
6930.png,5,0.035
6931.png,5,0.035
6932.png,5,0.035
6933.png,5,0.035
6934.png,5,0.035
6935.png,5,0.035
6936.png,5,0.035
6937.png,5,0.035
6938.png,5,0.035
6939.png,5,0.035
6940.png,5,0.035
6941.png,5,0.035
6942.png,5,0.035
6943.png,5,0.035
6944.png,5,0.035
6945.png,5,0.035
6946.png,5,0.035
6947.png,5,0.035
6948.png,5,0.035
6949.png,5,0.035
6950.png,5,0.035
6951.png,5,0.035
6952.png,5,0.035
6953.png,5,0.035
6954.png,5,0.035
6955.png,5,0.035
6956.png,5,0.035
6957.png,5,0.035
6958.png,5,0.035
6959.png,5,0.035
6960.png,5,0.035
6961.png,5,0.035
6962.png,5,0.035
6963.png,5,0.035
6964.png,5,0.035
6965.png,5,0.035
6966.png,5,0.035
6967.png,5,0.035
6968.png,5,0.035
6969.png,5,0.035
6970.png,5,0.035
6971.png,5,0.035
6972.png,5,0.035
6973.png,5,0.035
6974.png,5,0.035
6975.png,5,0.035
6976.png,5,0.035
6977.png,5,0.035
6978.png,5,0.035
6979.png,5,0.035
6980.png,5,0.035
6981.png,5,0.035
6982.png,5,0.035
6983.png,5,0.035
6984.png,5,0.035
6985.png,5,0.035
6986.png,5,0.035
6987.png,5,0.035
6988.png,5,0.035
6989.png,5,0.035
6990.png,5,0.035
6991.png,5,0.035
6992.png,5,0.035
6993.png,5,0.035
6994.png,5,0.035
6995.png,5,0.035
6996.png,5,0.035
6997.png,5,0.035
6998.png,5,0.035
6999.png,5,0.035
7000.png,5,0.035
7001.png,5,0.035
7002.png,5,0.035
7003.png,5,0.035
7004.png,5,0.035
7005.png,5,0.035
7006.png,5,0.035
7007.png,5,0.035
7008.png,5,0.035
7009.png,5,0.035
7010.png,5,0.035
7011.png,5,0.035
7012.png,5,0.035
7013.png,5,0.035
7014.png,5,0.035
7015.png,5,0.035
7016.png,5,0.035
7017.png,5,0.035
7018.png,5,0.035
7019.png,5,0.035
7020.png,5,0.035
7021.png,5,0.035
7022.png,5,0.035
7023.png,5,0.035
7024.png,5,0.035
7025.png,5,0.035
7026.png,5,0.035
7027.png,5,0.035
7028.png,5,0.029699999999999997
7029.png,5,0.03
7030.png,5,0.03
7031.png,5,0.03
7032.png,5,0.03
7033.png,5,0.03
7034.png,5,0.03
7035.png,5,0.03
7036.png,5,0.03
7037.png,5,0.03
7038.png,5,0.03
7039.png,5,0.03
7040.png,5,0.03
7041.png,5,0.03
7042.png,5,0.03
7043.png,5,0.03
7044.png,5,0.03
7045.png,5,0.03
7046.png,5,0.03
7047.png,5,0.03
7048.png,5,0.03
7049.png,5,0.03
7050.png,5,0.03
7051.png,5,0.03
7052.png,5,0.03
7053.png,5,0.03
7054.png,5,0.03
7055.png,5,0.03
7056.png,5,0.03
7057.png,5,0.03
7058.png,5,0.03
7059.png,5,0.03
7060.png,5,0.03
7061.png,5,0.03
7062.png,5,0.03
7063.png,5,0.03
7064.png,5,0.03
7065.png,5,0.03
7066.png,5,0.03
7067.png,5,0.03
7068.png,5,0.03
7069.png,5,0.03
7070.png,5,0.03
7071.png,5,0.03
7072.png,5,0.03
7073.png,5,0.03
7074.png,5,0.03
7075.png,5,0.03
7076.png,5,0.03
7077.png,5,0.03
7078.png,5,0.03
7079.png,5,0.03
7080.png,5,0.03
7081.png,5,0.03
7082.png,5,0.03
7083.png,5,0.03
7084.png,5,0.03
7085.png,5,0.03
7086.png,5,0.03
7087.png,5,0.03
7088.png,5,0.03
7089.png,5,0.03
7090.png,5,0.03
7091.png,5,0.03
7092.png,5,0.03
7093.png,5,0.03
7094.png,5,0.03
7095.png,5,0.03
7096.png,5,0.03
7097.png,5,0.03
7098.png,5,0.03
7099.png,5,0.03
7100.png,5,0.03
7101.png,5,0.03
7102.png,5,0.03
7103.png,5,0.03
7104.png,5,0.03
7105.png,5,0.03
7106.png,5,0.03
7107.png,5,0.03
7108.png,5,0.03
7109.png,5,0.03
7110.png,5,0.03
7111.png,5,0.03
7112.png,5,0.03
7113.png,5,0.03
7114.png,5,0.03
7115.png,5,0.03
7116.png,5,0.03
7117.png,5,0.03
7118.png,5,0.03
7119.png,5,0.03
7120.png,5,0.03
7121.png,5,0.03
7122.png,5,0.03
7123.png,5,0.03
7124.png,5,0.03
7125.png,5,0.03
7126.png,5,0.03
7127.png,5,0.03
7128.png,5,0.03
7129.png,5,0.03
7130.png,5,0.03
7131.png,5,0.03
7132.png,5,0.03
7133.png,5,0.03
7134.png,5,0.03
7135.png,5,0.03
7136.png,5,0.03
7137.png,5,0.03
7138.png,5,0.03
7139.png,5,0.03
7140.png,5,0.03
7141.png,5,0.03
7142.png,5,0.03
7143.png,5,0.03
7144.png,5,0.03
7145.png,5,0.03
7146.png,5,0.0247
7147.png,5,0.025
7148.png,5,0.025
7149.png,5,0.025
7150.png,5,0.025
7151.png,5,0.025
7152.png,5,0.025
7153.png,5,0.025
7154.png,13,0.013500000000000002
7155.png,13,0.013500000000000002
7156.png,13,0.013500000000000002
7157.png,13,0.013500000000000002
7158.png,13,0.013500000000000002
7159.png,13,0.013500000000000002
7160.png,5,0.025
7161.png,5,0.025
7162.png,5,0.025
7163.png,5,0.025
7164.png,5,0.025
7165.png,5,0.025
7166.png,5,0.025
7167.png,5,0.025
7168.png,5,0.025
7169.png,5,0.025
7170.png,5,0.025
7171.png,5,0.025
7172.png,5,0.025
7173.png,5,0.025
7174.png,5,0.025
7175.png,5,0.025
7176.png,5,0.025
7177.png,5,0.025
7178.png,5,0.025
7179.png,5,0.025
7180.png,5,0.025
7181.png,5,0.025
7182.png,5,0.025
7183.png,5,0.025
7184.png,5,0.025
7185.png,5,0.025
7186.png,5,0.025
7187.png,5,0.025
7188.png,5,0.025
7189.png,5,0.025
7190.png,5,0.025
7191.png,5,0.025
7192.png,5,0.025
7193.png,5,0.025
7194.png,5,0.025
7195.png,5,0.025
7196.png,5,0.025
7197.png,5,0.025
7198.png,5,0.025
7199.png,5,0.025
7200.png,5,0.025
7201.png,5,0.025
7202.png,5,0.025
7203.png,5,0.025
7204.png,5,0.025
7205.png,5,0.025
7206.png,5,0.025
7207.png,5,0.025
7208.png,5,0.025
7209.png,5,0.025
7210.png,5,0.025
7211.png,5,0.025
7212.png,5,0.025
7213.png,5,0.025
7214.png,5,0.025
7215.png,5,0.025
7216.png,5,0.025
7217.png,5,0.025
7218.png,5,0.025
7219.png,5,0.025
7220.png,5,0.025
7221.png,5,0.025
7222.png,5,0.025
7223.png,5,0.025
7224.png,5,0.025
7225.png,5,0.025
7226.png,5,0.025
7227.png,5,0.025
7228.png,5,0.025
7229.png,5,0.025
7230.png,5,0.025
7231.png,5,0.025
7232.png,5,0.025
7233.png,5,0.025
7234.png,5,0.025
7235.png,5,0.025
7236.png,5,0.025
7237.png,5,0.025
7238.png,5,0.025
7239.png,5,0.025
7240.png,5,0.025
7241.png,5,0.025
7242.png,5,0.025
7243.png,5,0.025
7244.png,13,0.01055
7245.png,13,0.0108
7246.png,13,0.0108
7247.png,13,0.0108
7248.png,13,-0.0128
7249.png,13,-0.0108
7250.png,5,-0.3751
7251.png,5,-0.355
7252.png,5,-0.93445
7253.png,5,-0.90045
7254.png,5,-1.61425
7255.png,5,-1.568
7256.png,5,-1.94625
7257.png,5,-1.924
7258.png,5,-1.85025
7259.png,5,-1.82975
7260.png,5,-1.9382499999999998
7261.png,5,-1.9304999999999999
7262.png,5,-2.004
7263.png,5,-1.9987499999999998
7264.png,5,-2.0582499999999997
7265.png,5,-2.054
7266.png,5,-2.0715
7267.png,5,-2.0702499999999997
7268.png,5,-2.02825
7269.png,5,-2.03125
7270.png,5,-1.93325
7271.png,5,-1.9402499999999998
7272.png,5,-1.7967499999999998
7273.png,5,-1.807
7274.png,5,-1.4989999999999999
7275.png,5,-1.521
7276.png,5,-1.521
7277.png,5,-1.2517500000000001
7278.png,5,-1.2775
7279.png,5,-0.8724999999999999
7280.png,5,-0.8995
7281.png,5,-0.502
7282.png,5,-0.5285
7283.png,5,-0.13425
7284.png,5,-0.16125
7285.png,5,0.2275
7286.png,5,0.20400000000000001
7287.png,5,0.6578
7288.png,5,0.635
7289.png,5,0.635
7290.png,5,0.78705
7291.png,5,0.7743
7292.png,5,0.7743
7293.png,5,0.8754999999999998
7294.png,5,0.8699999999999999
