

================================================================
== Vitis HLS Report for 'Matrix_Vector_Activate_Stream_Batch'
================================================================
* Date:           Fri Jun 12 09:16:13 2026

* Version:        2022.2.2 (Build 3779808 on Feb 17 2023)
* Project:        project_MatrixVectorActivation_2
* Solution:       sol1 (Vivado IP Flow Target)
* Product family: zynq
* Target device:  xc7z020-clg400-1


================================================================
== Performance Estimates
================================================================
+ Timing: 
    * Summary: 
    +--------+----------+----------+------------+
    |  Clock |  Target  | Estimated| Uncertainty|
    +--------+----------+----------+------------+
    |ap_clk  |  10.00 ns|  7.591 ns|     2.70 ns|
    +--------+----------+----------+------------+

+ Latency: 
    * Summary: 
    +---------+---------+-----------+-----------+---------+---------+---------+
    |  Latency (cycles) |   Latency (absolute)  |      Interval     | Pipeline|
    |   min   |   max   |    min    |    max    |   min   |   max   |   Type  |
    +---------+---------+-----------+-----------+---------+---------+---------+
    |  4718599|  4718599|  47.186 ms|  47.186 ms|  4718599|  4718599|       no|
    +---------+---------+-----------+-----------+---------+---------+---------+

    + Detail: 
        * Instance: 
        N/A

        * Loop: 
        +--------------------+---------+---------+----------+-----------+-----------+---------+----------+
        |                    |  Latency (cycles) | Iteration|  Initiation Interval  |   Trip  |          |
        |      Loop Name     |   min   |   max   |  Latency |  achieved |   target  |  Count  | Pipelined|
        +--------------------+---------+---------+----------+-----------+-----------+---------+----------+
        |- VITIS_LOOP_249_1  |  4718597|  4718597|         7|          1|          1|  4718592|  yes(flp)|
        +--------------------+---------+---------+----------+-----------+-----------+---------+----------+

============================================================
+ Verbose Summary: Synthesis Manager
============================================================
InlineROM: 1
ExposeGlobal: 0
============================================================
+ Verbose Summary: CDFG Model
============================================================
IsTopModel: 0
ResetActiveHigh: 1
IsCombinational: 0
IsDatapathOnly: 0
HasWiredReturn: 1
HasMFsm: 1
HasVarLatency: 1
IsPipeline: 0
IsRtlPipelined: 0
IsInstanceOverlapped: 0
IsDontTouch: 0
HasImplIP: 0
IsGatedGlobalClock: 0

+ Individual pipeline summary: 
  * Pipeline-0: initiation interval (II) = 1, depth = 7


============================================================
+ Verbose Summary: Schedule
============================================================
* Number of FSM states : 7
* Pipeline : 1
  Pipeline-0 : II = 1, D = 7, States = { 1 2 3 4 5 6 7 }
* Dataflow Pipeline: 0

* FSM state transitions: 
1 --> 2 
2 --> 3 
3 --> 4 
4 --> 5 
5 --> 6 
6 --> 7 
7 --> 

* FSM state operations: 

State 1 <SV = 0> <Delay = 7.59>
ST_1 : Operation 10 [1/1] (0.00ns)   --->   "%sf = alloca i32 1"   --->   Operation 10 'alloca' 'sf' <Predicate = true> <Delay = 0.00>
ST_1 : Operation 11 [1/1] (0.00ns)   --->   "%i = alloca i32 1"   --->   Operation 11 'alloca' 'i' <Predicate = true> <Delay = 0.00>
ST_1 : Operation 12 [1/1] (0.00ns)   --->   "%add_i4_i338 = alloca i32 1"   --->   Operation 12 'alloca' 'add_i4_i338' <Predicate = true> <Delay = 0.00>
ST_1 : Operation 13 [1/1] (0.00ns)   --->   "%inputBuf_V = alloca i32 1"   --->   Operation 13 'alloca' 'inputBuf_V' <Predicate = true> <Delay = 0.00>
ST_1 : Operation 14 [1/1] (0.00ns)   --->   "%inputBuf_V_1 = alloca i32 1"   --->   Operation 14 'alloca' 'inputBuf_V_1' <Predicate = true> <Delay = 0.00>
ST_1 : Operation 15 [1/1] (0.00ns)   --->   "%inputBuf_V_2 = alloca i32 1"   --->   Operation 15 'alloca' 'inputBuf_V_2' <Predicate = true> <Delay = 0.00>
ST_1 : Operation 16 [1/1] (0.00ns)   --->   "%inputBuf_V_3 = alloca i32 1"   --->   Operation 16 'alloca' 'inputBuf_V_3' <Predicate = true> <Delay = 0.00>
ST_1 : Operation 17 [1/1] (0.00ns)   --->   "%inputBuf_V_4 = alloca i32 1"   --->   Operation 17 'alloca' 'inputBuf_V_4' <Predicate = true> <Delay = 0.00>
ST_1 : Operation 18 [1/1] (0.00ns)   --->   "%inputBuf_V_5 = alloca i32 1"   --->   Operation 18 'alloca' 'inputBuf_V_5' <Predicate = true> <Delay = 0.00>
ST_1 : Operation 19 [1/1] (0.00ns)   --->   "%inputBuf_V_6 = alloca i32 1"   --->   Operation 19 'alloca' 'inputBuf_V_6' <Predicate = true> <Delay = 0.00>
ST_1 : Operation 20 [1/1] (0.00ns)   --->   "%inputBuf_V_7 = alloca i32 1"   --->   Operation 20 'alloca' 'inputBuf_V_7' <Predicate = true> <Delay = 0.00>
ST_1 : Operation 21 [1/1] (0.00ns)   --->   "%inputBuf_V_8 = alloca i32 1"   --->   Operation 21 'alloca' 'inputBuf_V_8' <Predicate = true> <Delay = 0.00>
ST_1 : Operation 22 [1/1] (0.00ns)   --->   "%inputBuf_V_9 = alloca i32 1"   --->   Operation 22 'alloca' 'inputBuf_V_9' <Predicate = true> <Delay = 0.00>
ST_1 : Operation 23 [1/1] (0.00ns)   --->   "%inputBuf_V_10 = alloca i32 1"   --->   Operation 23 'alloca' 'inputBuf_V_10' <Predicate = true> <Delay = 0.00>
ST_1 : Operation 24 [1/1] (0.00ns)   --->   "%inputBuf_V_11 = alloca i32 1"   --->   Operation 24 'alloca' 'inputBuf_V_11' <Predicate = true> <Delay = 0.00>
ST_1 : Operation 25 [1/1] (0.00ns)   --->   "%inputBuf_V_12 = alloca i32 1"   --->   Operation 25 'alloca' 'inputBuf_V_12' <Predicate = true> <Delay = 0.00>
ST_1 : Operation 26 [1/1] (0.00ns)   --->   "%inputBuf_V_13 = alloca i32 1"   --->   Operation 26 'alloca' 'inputBuf_V_13' <Predicate = true> <Delay = 0.00>
ST_1 : Operation 27 [1/1] (0.00ns)   --->   "%inputBuf_V_14 = alloca i32 1"   --->   Operation 27 'alloca' 'inputBuf_V_14' <Predicate = true> <Delay = 0.00>
ST_1 : Operation 28 [1/1] (0.00ns)   --->   "%inputBuf_V_15 = alloca i32 1"   --->   Operation 28 'alloca' 'inputBuf_V_15' <Predicate = true> <Delay = 0.00>
ST_1 : Operation 29 [1/1] (0.00ns)   --->   "%inputBuf_V_16 = alloca i32 1"   --->   Operation 29 'alloca' 'inputBuf_V_16' <Predicate = true> <Delay = 0.00>
ST_1 : Operation 30 [1/1] (0.00ns)   --->   "%inputBuf_V_17 = alloca i32 1"   --->   Operation 30 'alloca' 'inputBuf_V_17' <Predicate = true> <Delay = 0.00>
ST_1 : Operation 31 [1/1] (0.00ns)   --->   "%inputBuf_V_18 = alloca i32 1"   --->   Operation 31 'alloca' 'inputBuf_V_18' <Predicate = true> <Delay = 0.00>
ST_1 : Operation 32 [1/1] (0.00ns)   --->   "%inputBuf_V_19 = alloca i32 1"   --->   Operation 32 'alloca' 'inputBuf_V_19' <Predicate = true> <Delay = 0.00>
ST_1 : Operation 33 [1/1] (0.00ns)   --->   "%inputBuf_V_20 = alloca i32 1"   --->   Operation 33 'alloca' 'inputBuf_V_20' <Predicate = true> <Delay = 0.00>
ST_1 : Operation 34 [1/1] (0.00ns)   --->   "%inputBuf_V_21 = alloca i32 1"   --->   Operation 34 'alloca' 'inputBuf_V_21' <Predicate = true> <Delay = 0.00>
ST_1 : Operation 35 [1/1] (0.00ns)   --->   "%inputBuf_V_22 = alloca i32 1"   --->   Operation 35 'alloca' 'inputBuf_V_22' <Predicate = true> <Delay = 0.00>
ST_1 : Operation 36 [1/1] (0.00ns)   --->   "%inputBuf_V_23 = alloca i32 1"   --->   Operation 36 'alloca' 'inputBuf_V_23' <Predicate = true> <Delay = 0.00>
ST_1 : Operation 37 [1/1] (0.00ns)   --->   "%inputBuf_V_24 = alloca i32 1"   --->   Operation 37 'alloca' 'inputBuf_V_24' <Predicate = true> <Delay = 0.00>
ST_1 : Operation 38 [1/1] (0.00ns)   --->   "%inputBuf_V_25 = alloca i32 1"   --->   Operation 38 'alloca' 'inputBuf_V_25' <Predicate = true> <Delay = 0.00>
ST_1 : Operation 39 [1/1] (0.00ns)   --->   "%inputBuf_V_26 = alloca i32 1"   --->   Operation 39 'alloca' 'inputBuf_V_26' <Predicate = true> <Delay = 0.00>
ST_1 : Operation 40 [1/1] (0.00ns)   --->   "%inputBuf_V_27 = alloca i32 1"   --->   Operation 40 'alloca' 'inputBuf_V_27' <Predicate = true> <Delay = 0.00>
ST_1 : Operation 41 [1/1] (0.00ns)   --->   "%inputBuf_V_28 = alloca i32 1"   --->   Operation 41 'alloca' 'inputBuf_V_28' <Predicate = true> <Delay = 0.00>
ST_1 : Operation 42 [1/1] (0.00ns)   --->   "%inputBuf_V_29 = alloca i32 1"   --->   Operation 42 'alloca' 'inputBuf_V_29' <Predicate = true> <Delay = 0.00>
ST_1 : Operation 43 [1/1] (0.00ns)   --->   "%inputBuf_V_30 = alloca i32 1"   --->   Operation 43 'alloca' 'inputBuf_V_30' <Predicate = true> <Delay = 0.00>
ST_1 : Operation 44 [1/1] (0.00ns)   --->   "%inputBuf_V_31 = alloca i32 1"   --->   Operation 44 'alloca' 'inputBuf_V_31' <Predicate = true> <Delay = 0.00>
ST_1 : Operation 45 [1/1] (0.00ns)   --->   "%inputBuf_V_32 = alloca i32 1"   --->   Operation 45 'alloca' 'inputBuf_V_32' <Predicate = true> <Delay = 0.00>
ST_1 : Operation 46 [1/1] (0.00ns)   --->   "%inputBuf_V_33 = alloca i32 1"   --->   Operation 46 'alloca' 'inputBuf_V_33' <Predicate = true> <Delay = 0.00>
ST_1 : Operation 47 [1/1] (0.00ns)   --->   "%inputBuf_V_34 = alloca i32 1"   --->   Operation 47 'alloca' 'inputBuf_V_34' <Predicate = true> <Delay = 0.00>
ST_1 : Operation 48 [1/1] (0.00ns)   --->   "%inputBuf_V_35 = alloca i32 1"   --->   Operation 48 'alloca' 'inputBuf_V_35' <Predicate = true> <Delay = 0.00>
ST_1 : Operation 49 [1/1] (0.00ns)   --->   "%inputBuf_V_36 = alloca i32 1"   --->   Operation 49 'alloca' 'inputBuf_V_36' <Predicate = true> <Delay = 0.00>
ST_1 : Operation 50 [1/1] (0.00ns)   --->   "%inputBuf_V_37 = alloca i32 1"   --->   Operation 50 'alloca' 'inputBuf_V_37' <Predicate = true> <Delay = 0.00>
ST_1 : Operation 51 [1/1] (0.00ns)   --->   "%inputBuf_V_38 = alloca i32 1"   --->   Operation 51 'alloca' 'inputBuf_V_38' <Predicate = true> <Delay = 0.00>
ST_1 : Operation 52 [1/1] (0.00ns)   --->   "%inputBuf_V_39 = alloca i32 1"   --->   Operation 52 'alloca' 'inputBuf_V_39' <Predicate = true> <Delay = 0.00>
ST_1 : Operation 53 [1/1] (0.00ns)   --->   "%inputBuf_V_40 = alloca i32 1"   --->   Operation 53 'alloca' 'inputBuf_V_40' <Predicate = true> <Delay = 0.00>
ST_1 : Operation 54 [1/1] (0.00ns)   --->   "%inputBuf_V_41 = alloca i32 1"   --->   Operation 54 'alloca' 'inputBuf_V_41' <Predicate = true> <Delay = 0.00>
ST_1 : Operation 55 [1/1] (0.00ns)   --->   "%inputBuf_V_42 = alloca i32 1"   --->   Operation 55 'alloca' 'inputBuf_V_42' <Predicate = true> <Delay = 0.00>
ST_1 : Operation 56 [1/1] (0.00ns)   --->   "%inputBuf_V_43 = alloca i32 1"   --->   Operation 56 'alloca' 'inputBuf_V_43' <Predicate = true> <Delay = 0.00>
ST_1 : Operation 57 [1/1] (0.00ns)   --->   "%inputBuf_V_44 = alloca i32 1"   --->   Operation 57 'alloca' 'inputBuf_V_44' <Predicate = true> <Delay = 0.00>
ST_1 : Operation 58 [1/1] (0.00ns)   --->   "%inputBuf_V_45 = alloca i32 1"   --->   Operation 58 'alloca' 'inputBuf_V_45' <Predicate = true> <Delay = 0.00>
ST_1 : Operation 59 [1/1] (0.00ns)   --->   "%inputBuf_V_46 = alloca i32 1"   --->   Operation 59 'alloca' 'inputBuf_V_46' <Predicate = true> <Delay = 0.00>
ST_1 : Operation 60 [1/1] (0.00ns)   --->   "%inputBuf_V_47 = alloca i32 1"   --->   Operation 60 'alloca' 'inputBuf_V_47' <Predicate = true> <Delay = 0.00>
ST_1 : Operation 61 [1/1] (0.00ns)   --->   "%inputBuf_V_48 = alloca i32 1"   --->   Operation 61 'alloca' 'inputBuf_V_48' <Predicate = true> <Delay = 0.00>
ST_1 : Operation 62 [1/1] (0.00ns)   --->   "%inputBuf_V_49 = alloca i32 1"   --->   Operation 62 'alloca' 'inputBuf_V_49' <Predicate = true> <Delay = 0.00>
ST_1 : Operation 63 [1/1] (0.00ns)   --->   "%inputBuf_V_50 = alloca i32 1"   --->   Operation 63 'alloca' 'inputBuf_V_50' <Predicate = true> <Delay = 0.00>
ST_1 : Operation 64 [1/1] (0.00ns)   --->   "%inputBuf_V_51 = alloca i32 1"   --->   Operation 64 'alloca' 'inputBuf_V_51' <Predicate = true> <Delay = 0.00>
ST_1 : Operation 65 [1/1] (0.00ns)   --->   "%inputBuf_V_52 = alloca i32 1"   --->   Operation 65 'alloca' 'inputBuf_V_52' <Predicate = true> <Delay = 0.00>
ST_1 : Operation 66 [1/1] (0.00ns)   --->   "%inputBuf_V_53 = alloca i32 1"   --->   Operation 66 'alloca' 'inputBuf_V_53' <Predicate = true> <Delay = 0.00>
ST_1 : Operation 67 [1/1] (0.00ns)   --->   "%inputBuf_V_54 = alloca i32 1"   --->   Operation 67 'alloca' 'inputBuf_V_54' <Predicate = true> <Delay = 0.00>
ST_1 : Operation 68 [1/1] (0.00ns)   --->   "%inputBuf_V_55 = alloca i32 1"   --->   Operation 68 'alloca' 'inputBuf_V_55' <Predicate = true> <Delay = 0.00>
ST_1 : Operation 69 [1/1] (0.00ns)   --->   "%inputBuf_V_56 = alloca i32 1"   --->   Operation 69 'alloca' 'inputBuf_V_56' <Predicate = true> <Delay = 0.00>
ST_1 : Operation 70 [1/1] (0.00ns)   --->   "%inputBuf_V_57 = alloca i32 1"   --->   Operation 70 'alloca' 'inputBuf_V_57' <Predicate = true> <Delay = 0.00>
ST_1 : Operation 71 [1/1] (0.00ns)   --->   "%inputBuf_V_58 = alloca i32 1"   --->   Operation 71 'alloca' 'inputBuf_V_58' <Predicate = true> <Delay = 0.00>
ST_1 : Operation 72 [1/1] (0.00ns)   --->   "%inputBuf_V_59 = alloca i32 1"   --->   Operation 72 'alloca' 'inputBuf_V_59' <Predicate = true> <Delay = 0.00>
ST_1 : Operation 73 [1/1] (0.00ns)   --->   "%inputBuf_V_60 = alloca i32 1"   --->   Operation 73 'alloca' 'inputBuf_V_60' <Predicate = true> <Delay = 0.00>
ST_1 : Operation 74 [1/1] (0.00ns)   --->   "%inputBuf_V_61 = alloca i32 1"   --->   Operation 74 'alloca' 'inputBuf_V_61' <Predicate = true> <Delay = 0.00>
ST_1 : Operation 75 [1/1] (0.00ns)   --->   "%inputBuf_V_62 = alloca i32 1"   --->   Operation 75 'alloca' 'inputBuf_V_62' <Predicate = true> <Delay = 0.00>
ST_1 : Operation 76 [1/1] (0.00ns)   --->   "%inputBuf_V_63 = alloca i32 1"   --->   Operation 76 'alloca' 'inputBuf_V_63' <Predicate = true> <Delay = 0.00>
ST_1 : Operation 77 [1/1] (0.00ns)   --->   "%inputBuf_V_64 = alloca i32 1"   --->   Operation 77 'alloca' 'inputBuf_V_64' <Predicate = true> <Delay = 0.00>
ST_1 : Operation 78 [1/1] (0.00ns)   --->   "%inputBuf_V_65 = alloca i32 1"   --->   Operation 78 'alloca' 'inputBuf_V_65' <Predicate = true> <Delay = 0.00>
ST_1 : Operation 79 [1/1] (0.00ns)   --->   "%inputBuf_V_66 = alloca i32 1"   --->   Operation 79 'alloca' 'inputBuf_V_66' <Predicate = true> <Delay = 0.00>
ST_1 : Operation 80 [1/1] (0.00ns)   --->   "%inputBuf_V_67 = alloca i32 1"   --->   Operation 80 'alloca' 'inputBuf_V_67' <Predicate = true> <Delay = 0.00>
ST_1 : Operation 81 [1/1] (0.00ns)   --->   "%inputBuf_V_68 = alloca i32 1"   --->   Operation 81 'alloca' 'inputBuf_V_68' <Predicate = true> <Delay = 0.00>
ST_1 : Operation 82 [1/1] (0.00ns)   --->   "%inputBuf_V_69 = alloca i32 1"   --->   Operation 82 'alloca' 'inputBuf_V_69' <Predicate = true> <Delay = 0.00>
ST_1 : Operation 83 [1/1] (0.00ns)   --->   "%inputBuf_V_70 = alloca i32 1"   --->   Operation 83 'alloca' 'inputBuf_V_70' <Predicate = true> <Delay = 0.00>
ST_1 : Operation 84 [1/1] (0.00ns)   --->   "%inputBuf_V_71 = alloca i32 1"   --->   Operation 84 'alloca' 'inputBuf_V_71' <Predicate = true> <Delay = 0.00>
ST_1 : Operation 85 [1/1] (0.00ns)   --->   "%inputBuf_V_72 = alloca i32 1"   --->   Operation 85 'alloca' 'inputBuf_V_72' <Predicate = true> <Delay = 0.00>
ST_1 : Operation 86 [1/1] (0.00ns)   --->   "%inputBuf_V_73 = alloca i32 1"   --->   Operation 86 'alloca' 'inputBuf_V_73' <Predicate = true> <Delay = 0.00>
ST_1 : Operation 87 [1/1] (0.00ns)   --->   "%inputBuf_V_74 = alloca i32 1"   --->   Operation 87 'alloca' 'inputBuf_V_74' <Predicate = true> <Delay = 0.00>
ST_1 : Operation 88 [1/1] (0.00ns)   --->   "%inputBuf_V_75 = alloca i32 1"   --->   Operation 88 'alloca' 'inputBuf_V_75' <Predicate = true> <Delay = 0.00>
ST_1 : Operation 89 [1/1] (0.00ns)   --->   "%inputBuf_V_76 = alloca i32 1"   --->   Operation 89 'alloca' 'inputBuf_V_76' <Predicate = true> <Delay = 0.00>
ST_1 : Operation 90 [1/1] (0.00ns)   --->   "%inputBuf_V_77 = alloca i32 1"   --->   Operation 90 'alloca' 'inputBuf_V_77' <Predicate = true> <Delay = 0.00>
ST_1 : Operation 91 [1/1] (0.00ns)   --->   "%inputBuf_V_78 = alloca i32 1"   --->   Operation 91 'alloca' 'inputBuf_V_78' <Predicate = true> <Delay = 0.00>
ST_1 : Operation 92 [1/1] (0.00ns)   --->   "%inputBuf_V_79 = alloca i32 1"   --->   Operation 92 'alloca' 'inputBuf_V_79' <Predicate = true> <Delay = 0.00>
ST_1 : Operation 93 [1/1] (0.00ns)   --->   "%inputBuf_V_80 = alloca i32 1"   --->   Operation 93 'alloca' 'inputBuf_V_80' <Predicate = true> <Delay = 0.00>
ST_1 : Operation 94 [1/1] (0.00ns)   --->   "%inputBuf_V_81 = alloca i32 1"   --->   Operation 94 'alloca' 'inputBuf_V_81' <Predicate = true> <Delay = 0.00>
ST_1 : Operation 95 [1/1] (0.00ns)   --->   "%inputBuf_V_82 = alloca i32 1"   --->   Operation 95 'alloca' 'inputBuf_V_82' <Predicate = true> <Delay = 0.00>
ST_1 : Operation 96 [1/1] (0.00ns)   --->   "%inputBuf_V_83 = alloca i32 1"   --->   Operation 96 'alloca' 'inputBuf_V_83' <Predicate = true> <Delay = 0.00>
ST_1 : Operation 97 [1/1] (0.00ns)   --->   "%inputBuf_V_84 = alloca i32 1"   --->   Operation 97 'alloca' 'inputBuf_V_84' <Predicate = true> <Delay = 0.00>
ST_1 : Operation 98 [1/1] (0.00ns)   --->   "%inputBuf_V_85 = alloca i32 1"   --->   Operation 98 'alloca' 'inputBuf_V_85' <Predicate = true> <Delay = 0.00>
ST_1 : Operation 99 [1/1] (0.00ns)   --->   "%inputBuf_V_86 = alloca i32 1"   --->   Operation 99 'alloca' 'inputBuf_V_86' <Predicate = true> <Delay = 0.00>
ST_1 : Operation 100 [1/1] (0.00ns)   --->   "%inputBuf_V_87 = alloca i32 1"   --->   Operation 100 'alloca' 'inputBuf_V_87' <Predicate = true> <Delay = 0.00>
ST_1 : Operation 101 [1/1] (0.00ns)   --->   "%inputBuf_V_88 = alloca i32 1"   --->   Operation 101 'alloca' 'inputBuf_V_88' <Predicate = true> <Delay = 0.00>
ST_1 : Operation 102 [1/1] (0.00ns)   --->   "%inputBuf_V_89 = alloca i32 1"   --->   Operation 102 'alloca' 'inputBuf_V_89' <Predicate = true> <Delay = 0.00>
ST_1 : Operation 103 [1/1] (0.00ns)   --->   "%inputBuf_V_90 = alloca i32 1"   --->   Operation 103 'alloca' 'inputBuf_V_90' <Predicate = true> <Delay = 0.00>
ST_1 : Operation 104 [1/1] (0.00ns)   --->   "%inputBuf_V_91 = alloca i32 1"   --->   Operation 104 'alloca' 'inputBuf_V_91' <Predicate = true> <Delay = 0.00>
ST_1 : Operation 105 [1/1] (0.00ns)   --->   "%inputBuf_V_92 = alloca i32 1"   --->   Operation 105 'alloca' 'inputBuf_V_92' <Predicate = true> <Delay = 0.00>
ST_1 : Operation 106 [1/1] (0.00ns)   --->   "%inputBuf_V_93 = alloca i32 1"   --->   Operation 106 'alloca' 'inputBuf_V_93' <Predicate = true> <Delay = 0.00>
ST_1 : Operation 107 [1/1] (0.00ns)   --->   "%inputBuf_V_94 = alloca i32 1"   --->   Operation 107 'alloca' 'inputBuf_V_94' <Predicate = true> <Delay = 0.00>
ST_1 : Operation 108 [1/1] (0.00ns)   --->   "%inputBuf_V_95 = alloca i32 1"   --->   Operation 108 'alloca' 'inputBuf_V_95' <Predicate = true> <Delay = 0.00>
ST_1 : Operation 109 [1/1] (0.00ns)   --->   "%inputBuf_V_96 = alloca i32 1"   --->   Operation 109 'alloca' 'inputBuf_V_96' <Predicate = true> <Delay = 0.00>
ST_1 : Operation 110 [1/1] (0.00ns)   --->   "%inputBuf_V_97 = alloca i32 1"   --->   Operation 110 'alloca' 'inputBuf_V_97' <Predicate = true> <Delay = 0.00>
ST_1 : Operation 111 [1/1] (0.00ns)   --->   "%inputBuf_V_98 = alloca i32 1"   --->   Operation 111 'alloca' 'inputBuf_V_98' <Predicate = true> <Delay = 0.00>
ST_1 : Operation 112 [1/1] (0.00ns)   --->   "%inputBuf_V_99 = alloca i32 1"   --->   Operation 112 'alloca' 'inputBuf_V_99' <Predicate = true> <Delay = 0.00>
ST_1 : Operation 113 [1/1] (0.00ns)   --->   "%inputBuf_V_100 = alloca i32 1"   --->   Operation 113 'alloca' 'inputBuf_V_100' <Predicate = true> <Delay = 0.00>
ST_1 : Operation 114 [1/1] (0.00ns)   --->   "%inputBuf_V_101 = alloca i32 1"   --->   Operation 114 'alloca' 'inputBuf_V_101' <Predicate = true> <Delay = 0.00>
ST_1 : Operation 115 [1/1] (0.00ns)   --->   "%inputBuf_V_102 = alloca i32 1"   --->   Operation 115 'alloca' 'inputBuf_V_102' <Predicate = true> <Delay = 0.00>
ST_1 : Operation 116 [1/1] (0.00ns)   --->   "%inputBuf_V_103 = alloca i32 1"   --->   Operation 116 'alloca' 'inputBuf_V_103' <Predicate = true> <Delay = 0.00>
ST_1 : Operation 117 [1/1] (0.00ns)   --->   "%inputBuf_V_104 = alloca i32 1"   --->   Operation 117 'alloca' 'inputBuf_V_104' <Predicate = true> <Delay = 0.00>
ST_1 : Operation 118 [1/1] (0.00ns)   --->   "%inputBuf_V_105 = alloca i32 1"   --->   Operation 118 'alloca' 'inputBuf_V_105' <Predicate = true> <Delay = 0.00>
ST_1 : Operation 119 [1/1] (0.00ns)   --->   "%inputBuf_V_106 = alloca i32 1"   --->   Operation 119 'alloca' 'inputBuf_V_106' <Predicate = true> <Delay = 0.00>
ST_1 : Operation 120 [1/1] (0.00ns)   --->   "%inputBuf_V_107 = alloca i32 1"   --->   Operation 120 'alloca' 'inputBuf_V_107' <Predicate = true> <Delay = 0.00>
ST_1 : Operation 121 [1/1] (0.00ns)   --->   "%inputBuf_V_108 = alloca i32 1"   --->   Operation 121 'alloca' 'inputBuf_V_108' <Predicate = true> <Delay = 0.00>
ST_1 : Operation 122 [1/1] (0.00ns)   --->   "%inputBuf_V_109 = alloca i32 1"   --->   Operation 122 'alloca' 'inputBuf_V_109' <Predicate = true> <Delay = 0.00>
ST_1 : Operation 123 [1/1] (0.00ns)   --->   "%inputBuf_V_110 = alloca i32 1"   --->   Operation 123 'alloca' 'inputBuf_V_110' <Predicate = true> <Delay = 0.00>
ST_1 : Operation 124 [1/1] (0.00ns)   --->   "%inputBuf_V_111 = alloca i32 1"   --->   Operation 124 'alloca' 'inputBuf_V_111' <Predicate = true> <Delay = 0.00>
ST_1 : Operation 125 [1/1] (0.00ns)   --->   "%inputBuf_V_112 = alloca i32 1"   --->   Operation 125 'alloca' 'inputBuf_V_112' <Predicate = true> <Delay = 0.00>
ST_1 : Operation 126 [1/1] (0.00ns)   --->   "%inputBuf_V_113 = alloca i32 1"   --->   Operation 126 'alloca' 'inputBuf_V_113' <Predicate = true> <Delay = 0.00>
ST_1 : Operation 127 [1/1] (0.00ns)   --->   "%inputBuf_V_114 = alloca i32 1"   --->   Operation 127 'alloca' 'inputBuf_V_114' <Predicate = true> <Delay = 0.00>
ST_1 : Operation 128 [1/1] (0.00ns)   --->   "%inputBuf_V_115 = alloca i32 1"   --->   Operation 128 'alloca' 'inputBuf_V_115' <Predicate = true> <Delay = 0.00>
ST_1 : Operation 129 [1/1] (0.00ns)   --->   "%inputBuf_V_116 = alloca i32 1"   --->   Operation 129 'alloca' 'inputBuf_V_116' <Predicate = true> <Delay = 0.00>
ST_1 : Operation 130 [1/1] (0.00ns)   --->   "%inputBuf_V_117 = alloca i32 1"   --->   Operation 130 'alloca' 'inputBuf_V_117' <Predicate = true> <Delay = 0.00>
ST_1 : Operation 131 [1/1] (0.00ns)   --->   "%inputBuf_V_118 = alloca i32 1"   --->   Operation 131 'alloca' 'inputBuf_V_118' <Predicate = true> <Delay = 0.00>
ST_1 : Operation 132 [1/1] (0.00ns)   --->   "%inputBuf_V_119 = alloca i32 1"   --->   Operation 132 'alloca' 'inputBuf_V_119' <Predicate = true> <Delay = 0.00>
ST_1 : Operation 133 [1/1] (0.00ns)   --->   "%inputBuf_V_120 = alloca i32 1"   --->   Operation 133 'alloca' 'inputBuf_V_120' <Predicate = true> <Delay = 0.00>
ST_1 : Operation 134 [1/1] (0.00ns)   --->   "%inputBuf_V_121 = alloca i32 1"   --->   Operation 134 'alloca' 'inputBuf_V_121' <Predicate = true> <Delay = 0.00>
ST_1 : Operation 135 [1/1] (0.00ns)   --->   "%inputBuf_V_122 = alloca i32 1"   --->   Operation 135 'alloca' 'inputBuf_V_122' <Predicate = true> <Delay = 0.00>
ST_1 : Operation 136 [1/1] (0.00ns)   --->   "%inputBuf_V_123 = alloca i32 1"   --->   Operation 136 'alloca' 'inputBuf_V_123' <Predicate = true> <Delay = 0.00>
ST_1 : Operation 137 [1/1] (0.00ns)   --->   "%inputBuf_V_124 = alloca i32 1"   --->   Operation 137 'alloca' 'inputBuf_V_124' <Predicate = true> <Delay = 0.00>
ST_1 : Operation 138 [1/1] (0.00ns)   --->   "%inputBuf_V_125 = alloca i32 1"   --->   Operation 138 'alloca' 'inputBuf_V_125' <Predicate = true> <Delay = 0.00>
ST_1 : Operation 139 [1/1] (0.00ns)   --->   "%inputBuf_V_126 = alloca i32 1"   --->   Operation 139 'alloca' 'inputBuf_V_126' <Predicate = true> <Delay = 0.00>
ST_1 : Operation 140 [1/1] (0.00ns)   --->   "%inputBuf_V_127 = alloca i32 1"   --->   Operation 140 'alloca' 'inputBuf_V_127' <Predicate = true> <Delay = 0.00>
ST_1 : Operation 141 [1/1] (0.00ns)   --->   "%inputBuf_V_128 = alloca i32 1"   --->   Operation 141 'alloca' 'inputBuf_V_128' <Predicate = true> <Delay = 0.00>
ST_1 : Operation 142 [1/1] (0.00ns)   --->   "%inputBuf_V_129 = alloca i32 1"   --->   Operation 142 'alloca' 'inputBuf_V_129' <Predicate = true> <Delay = 0.00>
ST_1 : Operation 143 [1/1] (0.00ns)   --->   "%inputBuf_V_130 = alloca i32 1"   --->   Operation 143 'alloca' 'inputBuf_V_130' <Predicate = true> <Delay = 0.00>
ST_1 : Operation 144 [1/1] (0.00ns)   --->   "%inputBuf_V_131 = alloca i32 1"   --->   Operation 144 'alloca' 'inputBuf_V_131' <Predicate = true> <Delay = 0.00>
ST_1 : Operation 145 [1/1] (0.00ns)   --->   "%inputBuf_V_132 = alloca i32 1"   --->   Operation 145 'alloca' 'inputBuf_V_132' <Predicate = true> <Delay = 0.00>
ST_1 : Operation 146 [1/1] (0.00ns)   --->   "%inputBuf_V_133 = alloca i32 1"   --->   Operation 146 'alloca' 'inputBuf_V_133' <Predicate = true> <Delay = 0.00>
ST_1 : Operation 147 [1/1] (0.00ns)   --->   "%inputBuf_V_134 = alloca i32 1"   --->   Operation 147 'alloca' 'inputBuf_V_134' <Predicate = true> <Delay = 0.00>
ST_1 : Operation 148 [1/1] (0.00ns)   --->   "%inputBuf_V_135 = alloca i32 1"   --->   Operation 148 'alloca' 'inputBuf_V_135' <Predicate = true> <Delay = 0.00>
ST_1 : Operation 149 [1/1] (0.00ns)   --->   "%inputBuf_V_136 = alloca i32 1"   --->   Operation 149 'alloca' 'inputBuf_V_136' <Predicate = true> <Delay = 0.00>
ST_1 : Operation 150 [1/1] (0.00ns)   --->   "%inputBuf_V_137 = alloca i32 1"   --->   Operation 150 'alloca' 'inputBuf_V_137' <Predicate = true> <Delay = 0.00>
ST_1 : Operation 151 [1/1] (0.00ns)   --->   "%inputBuf_V_138 = alloca i32 1"   --->   Operation 151 'alloca' 'inputBuf_V_138' <Predicate = true> <Delay = 0.00>
ST_1 : Operation 152 [1/1] (0.00ns)   --->   "%inputBuf_V_139 = alloca i32 1"   --->   Operation 152 'alloca' 'inputBuf_V_139' <Predicate = true> <Delay = 0.00>
ST_1 : Operation 153 [1/1] (0.00ns)   --->   "%inputBuf_V_140 = alloca i32 1"   --->   Operation 153 'alloca' 'inputBuf_V_140' <Predicate = true> <Delay = 0.00>
ST_1 : Operation 154 [1/1] (0.00ns)   --->   "%inputBuf_V_141 = alloca i32 1"   --->   Operation 154 'alloca' 'inputBuf_V_141' <Predicate = true> <Delay = 0.00>
ST_1 : Operation 155 [1/1] (0.00ns)   --->   "%inputBuf_V_142 = alloca i32 1"   --->   Operation 155 'alloca' 'inputBuf_V_142' <Predicate = true> <Delay = 0.00>
ST_1 : Operation 156 [1/1] (0.00ns)   --->   "%inputBuf_V_143 = alloca i32 1"   --->   Operation 156 'alloca' 'inputBuf_V_143' <Predicate = true> <Delay = 0.00>
ST_1 : Operation 157 [1/1] (0.00ns)   --->   "%inputBuf_V_144 = alloca i32 1"   --->   Operation 157 'alloca' 'inputBuf_V_144' <Predicate = true> <Delay = 0.00>
ST_1 : Operation 158 [1/1] (0.00ns)   --->   "%inputBuf_V_145 = alloca i32 1"   --->   Operation 158 'alloca' 'inputBuf_V_145' <Predicate = true> <Delay = 0.00>
ST_1 : Operation 159 [1/1] (0.00ns)   --->   "%inputBuf_V_146 = alloca i32 1"   --->   Operation 159 'alloca' 'inputBuf_V_146' <Predicate = true> <Delay = 0.00>
ST_1 : Operation 160 [1/1] (0.00ns)   --->   "%inputBuf_V_147 = alloca i32 1"   --->   Operation 160 'alloca' 'inputBuf_V_147' <Predicate = true> <Delay = 0.00>
ST_1 : Operation 161 [1/1] (0.00ns)   --->   "%inputBuf_V_148 = alloca i32 1"   --->   Operation 161 'alloca' 'inputBuf_V_148' <Predicate = true> <Delay = 0.00>
ST_1 : Operation 162 [1/1] (0.00ns)   --->   "%inputBuf_V_149 = alloca i32 1"   --->   Operation 162 'alloca' 'inputBuf_V_149' <Predicate = true> <Delay = 0.00>
ST_1 : Operation 163 [1/1] (0.00ns)   --->   "%inputBuf_V_150 = alloca i32 1"   --->   Operation 163 'alloca' 'inputBuf_V_150' <Predicate = true> <Delay = 0.00>
ST_1 : Operation 164 [1/1] (0.00ns)   --->   "%inputBuf_V_151 = alloca i32 1"   --->   Operation 164 'alloca' 'inputBuf_V_151' <Predicate = true> <Delay = 0.00>
ST_1 : Operation 165 [1/1] (0.00ns)   --->   "%inputBuf_V_152 = alloca i32 1"   --->   Operation 165 'alloca' 'inputBuf_V_152' <Predicate = true> <Delay = 0.00>
ST_1 : Operation 166 [1/1] (0.00ns)   --->   "%inputBuf_V_153 = alloca i32 1"   --->   Operation 166 'alloca' 'inputBuf_V_153' <Predicate = true> <Delay = 0.00>
ST_1 : Operation 167 [1/1] (0.00ns)   --->   "%inputBuf_V_154 = alloca i32 1"   --->   Operation 167 'alloca' 'inputBuf_V_154' <Predicate = true> <Delay = 0.00>
ST_1 : Operation 168 [1/1] (0.00ns)   --->   "%inputBuf_V_155 = alloca i32 1"   --->   Operation 168 'alloca' 'inputBuf_V_155' <Predicate = true> <Delay = 0.00>
ST_1 : Operation 169 [1/1] (0.00ns)   --->   "%inputBuf_V_156 = alloca i32 1"   --->   Operation 169 'alloca' 'inputBuf_V_156' <Predicate = true> <Delay = 0.00>
ST_1 : Operation 170 [1/1] (0.00ns)   --->   "%inputBuf_V_157 = alloca i32 1"   --->   Operation 170 'alloca' 'inputBuf_V_157' <Predicate = true> <Delay = 0.00>
ST_1 : Operation 171 [1/1] (0.00ns)   --->   "%inputBuf_V_158 = alloca i32 1"   --->   Operation 171 'alloca' 'inputBuf_V_158' <Predicate = true> <Delay = 0.00>
ST_1 : Operation 172 [1/1] (0.00ns)   --->   "%inputBuf_V_159 = alloca i32 1"   --->   Operation 172 'alloca' 'inputBuf_V_159' <Predicate = true> <Delay = 0.00>
ST_1 : Operation 173 [1/1] (0.00ns)   --->   "%inputBuf_V_160 = alloca i32 1"   --->   Operation 173 'alloca' 'inputBuf_V_160' <Predicate = true> <Delay = 0.00>
ST_1 : Operation 174 [1/1] (0.00ns)   --->   "%inputBuf_V_161 = alloca i32 1"   --->   Operation 174 'alloca' 'inputBuf_V_161' <Predicate = true> <Delay = 0.00>
ST_1 : Operation 175 [1/1] (0.00ns)   --->   "%inputBuf_V_162 = alloca i32 1"   --->   Operation 175 'alloca' 'inputBuf_V_162' <Predicate = true> <Delay = 0.00>
ST_1 : Operation 176 [1/1] (0.00ns)   --->   "%inputBuf_V_163 = alloca i32 1"   --->   Operation 176 'alloca' 'inputBuf_V_163' <Predicate = true> <Delay = 0.00>
ST_1 : Operation 177 [1/1] (0.00ns)   --->   "%inputBuf_V_164 = alloca i32 1"   --->   Operation 177 'alloca' 'inputBuf_V_164' <Predicate = true> <Delay = 0.00>
ST_1 : Operation 178 [1/1] (0.00ns)   --->   "%inputBuf_V_165 = alloca i32 1"   --->   Operation 178 'alloca' 'inputBuf_V_165' <Predicate = true> <Delay = 0.00>
ST_1 : Operation 179 [1/1] (0.00ns)   --->   "%inputBuf_V_166 = alloca i32 1"   --->   Operation 179 'alloca' 'inputBuf_V_166' <Predicate = true> <Delay = 0.00>
ST_1 : Operation 180 [1/1] (0.00ns)   --->   "%inputBuf_V_167 = alloca i32 1"   --->   Operation 180 'alloca' 'inputBuf_V_167' <Predicate = true> <Delay = 0.00>
ST_1 : Operation 181 [1/1] (0.00ns)   --->   "%inputBuf_V_168 = alloca i32 1"   --->   Operation 181 'alloca' 'inputBuf_V_168' <Predicate = true> <Delay = 0.00>
ST_1 : Operation 182 [1/1] (0.00ns)   --->   "%inputBuf_V_169 = alloca i32 1"   --->   Operation 182 'alloca' 'inputBuf_V_169' <Predicate = true> <Delay = 0.00>
ST_1 : Operation 183 [1/1] (0.00ns)   --->   "%inputBuf_V_170 = alloca i32 1"   --->   Operation 183 'alloca' 'inputBuf_V_170' <Predicate = true> <Delay = 0.00>
ST_1 : Operation 184 [1/1] (0.00ns)   --->   "%inputBuf_V_171 = alloca i32 1"   --->   Operation 184 'alloca' 'inputBuf_V_171' <Predicate = true> <Delay = 0.00>
ST_1 : Operation 185 [1/1] (0.00ns)   --->   "%inputBuf_V_172 = alloca i32 1"   --->   Operation 185 'alloca' 'inputBuf_V_172' <Predicate = true> <Delay = 0.00>
ST_1 : Operation 186 [1/1] (0.00ns)   --->   "%inputBuf_V_173 = alloca i32 1"   --->   Operation 186 'alloca' 'inputBuf_V_173' <Predicate = true> <Delay = 0.00>
ST_1 : Operation 187 [1/1] (0.00ns)   --->   "%inputBuf_V_174 = alloca i32 1"   --->   Operation 187 'alloca' 'inputBuf_V_174' <Predicate = true> <Delay = 0.00>
ST_1 : Operation 188 [1/1] (0.00ns)   --->   "%inputBuf_V_175 = alloca i32 1"   --->   Operation 188 'alloca' 'inputBuf_V_175' <Predicate = true> <Delay = 0.00>
ST_1 : Operation 189 [1/1] (0.00ns)   --->   "%inputBuf_V_176 = alloca i32 1"   --->   Operation 189 'alloca' 'inputBuf_V_176' <Predicate = true> <Delay = 0.00>
ST_1 : Operation 190 [1/1] (0.00ns)   --->   "%inputBuf_V_177 = alloca i32 1"   --->   Operation 190 'alloca' 'inputBuf_V_177' <Predicate = true> <Delay = 0.00>
ST_1 : Operation 191 [1/1] (0.00ns)   --->   "%inputBuf_V_178 = alloca i32 1"   --->   Operation 191 'alloca' 'inputBuf_V_178' <Predicate = true> <Delay = 0.00>
ST_1 : Operation 192 [1/1] (0.00ns)   --->   "%inputBuf_V_179 = alloca i32 1"   --->   Operation 192 'alloca' 'inputBuf_V_179' <Predicate = true> <Delay = 0.00>
ST_1 : Operation 193 [1/1] (0.00ns)   --->   "%inputBuf_V_180 = alloca i32 1"   --->   Operation 193 'alloca' 'inputBuf_V_180' <Predicate = true> <Delay = 0.00>
ST_1 : Operation 194 [1/1] (0.00ns)   --->   "%inputBuf_V_181 = alloca i32 1"   --->   Operation 194 'alloca' 'inputBuf_V_181' <Predicate = true> <Delay = 0.00>
ST_1 : Operation 195 [1/1] (0.00ns)   --->   "%inputBuf_V_182 = alloca i32 1"   --->   Operation 195 'alloca' 'inputBuf_V_182' <Predicate = true> <Delay = 0.00>
ST_1 : Operation 196 [1/1] (0.00ns)   --->   "%inputBuf_V_183 = alloca i32 1"   --->   Operation 196 'alloca' 'inputBuf_V_183' <Predicate = true> <Delay = 0.00>
ST_1 : Operation 197 [1/1] (0.00ns)   --->   "%inputBuf_V_184 = alloca i32 1"   --->   Operation 197 'alloca' 'inputBuf_V_184' <Predicate = true> <Delay = 0.00>
ST_1 : Operation 198 [1/1] (0.00ns)   --->   "%inputBuf_V_185 = alloca i32 1"   --->   Operation 198 'alloca' 'inputBuf_V_185' <Predicate = true> <Delay = 0.00>
ST_1 : Operation 199 [1/1] (0.00ns)   --->   "%inputBuf_V_186 = alloca i32 1"   --->   Operation 199 'alloca' 'inputBuf_V_186' <Predicate = true> <Delay = 0.00>
ST_1 : Operation 200 [1/1] (0.00ns)   --->   "%inputBuf_V_187 = alloca i32 1"   --->   Operation 200 'alloca' 'inputBuf_V_187' <Predicate = true> <Delay = 0.00>
ST_1 : Operation 201 [1/1] (0.00ns)   --->   "%inputBuf_V_188 = alloca i32 1"   --->   Operation 201 'alloca' 'inputBuf_V_188' <Predicate = true> <Delay = 0.00>
ST_1 : Operation 202 [1/1] (0.00ns)   --->   "%inputBuf_V_189 = alloca i32 1"   --->   Operation 202 'alloca' 'inputBuf_V_189' <Predicate = true> <Delay = 0.00>
ST_1 : Operation 203 [1/1] (0.00ns)   --->   "%inputBuf_V_190 = alloca i32 1"   --->   Operation 203 'alloca' 'inputBuf_V_190' <Predicate = true> <Delay = 0.00>
ST_1 : Operation 204 [1/1] (0.00ns)   --->   "%inputBuf_V_191 = alloca i32 1"   --->   Operation 204 'alloca' 'inputBuf_V_191' <Predicate = true> <Delay = 0.00>
ST_1 : Operation 205 [1/1] (0.00ns)   --->   "%inputBuf_V_192 = alloca i32 1"   --->   Operation 205 'alloca' 'inputBuf_V_192' <Predicate = true> <Delay = 0.00>
ST_1 : Operation 206 [1/1] (0.00ns)   --->   "%inputBuf_V_193 = alloca i32 1"   --->   Operation 206 'alloca' 'inputBuf_V_193' <Predicate = true> <Delay = 0.00>
ST_1 : Operation 207 [1/1] (0.00ns)   --->   "%inputBuf_V_194 = alloca i32 1"   --->   Operation 207 'alloca' 'inputBuf_V_194' <Predicate = true> <Delay = 0.00>
ST_1 : Operation 208 [1/1] (0.00ns)   --->   "%inputBuf_V_195 = alloca i32 1"   --->   Operation 208 'alloca' 'inputBuf_V_195' <Predicate = true> <Delay = 0.00>
ST_1 : Operation 209 [1/1] (0.00ns)   --->   "%inputBuf_V_196 = alloca i32 1"   --->   Operation 209 'alloca' 'inputBuf_V_196' <Predicate = true> <Delay = 0.00>
ST_1 : Operation 210 [1/1] (0.00ns)   --->   "%inputBuf_V_197 = alloca i32 1"   --->   Operation 210 'alloca' 'inputBuf_V_197' <Predicate = true> <Delay = 0.00>
ST_1 : Operation 211 [1/1] (0.00ns)   --->   "%inputBuf_V_198 = alloca i32 1"   --->   Operation 211 'alloca' 'inputBuf_V_198' <Predicate = true> <Delay = 0.00>
ST_1 : Operation 212 [1/1] (0.00ns)   --->   "%inputBuf_V_199 = alloca i32 1"   --->   Operation 212 'alloca' 'inputBuf_V_199' <Predicate = true> <Delay = 0.00>
ST_1 : Operation 213 [1/1] (0.00ns)   --->   "%inputBuf_V_200 = alloca i32 1"   --->   Operation 213 'alloca' 'inputBuf_V_200' <Predicate = true> <Delay = 0.00>
ST_1 : Operation 214 [1/1] (0.00ns)   --->   "%inputBuf_V_201 = alloca i32 1"   --->   Operation 214 'alloca' 'inputBuf_V_201' <Predicate = true> <Delay = 0.00>
ST_1 : Operation 215 [1/1] (0.00ns)   --->   "%inputBuf_V_202 = alloca i32 1"   --->   Operation 215 'alloca' 'inputBuf_V_202' <Predicate = true> <Delay = 0.00>
ST_1 : Operation 216 [1/1] (0.00ns)   --->   "%inputBuf_V_203 = alloca i32 1"   --->   Operation 216 'alloca' 'inputBuf_V_203' <Predicate = true> <Delay = 0.00>
ST_1 : Operation 217 [1/1] (0.00ns)   --->   "%inputBuf_V_204 = alloca i32 1"   --->   Operation 217 'alloca' 'inputBuf_V_204' <Predicate = true> <Delay = 0.00>
ST_1 : Operation 218 [1/1] (0.00ns)   --->   "%inputBuf_V_205 = alloca i32 1"   --->   Operation 218 'alloca' 'inputBuf_V_205' <Predicate = true> <Delay = 0.00>
ST_1 : Operation 219 [1/1] (0.00ns)   --->   "%inputBuf_V_206 = alloca i32 1"   --->   Operation 219 'alloca' 'inputBuf_V_206' <Predicate = true> <Delay = 0.00>
ST_1 : Operation 220 [1/1] (0.00ns)   --->   "%inputBuf_V_207 = alloca i32 1"   --->   Operation 220 'alloca' 'inputBuf_V_207' <Predicate = true> <Delay = 0.00>
ST_1 : Operation 221 [1/1] (0.00ns)   --->   "%inputBuf_V_208 = alloca i32 1"   --->   Operation 221 'alloca' 'inputBuf_V_208' <Predicate = true> <Delay = 0.00>
ST_1 : Operation 222 [1/1] (0.00ns)   --->   "%inputBuf_V_209 = alloca i32 1"   --->   Operation 222 'alloca' 'inputBuf_V_209' <Predicate = true> <Delay = 0.00>
ST_1 : Operation 223 [1/1] (0.00ns)   --->   "%inputBuf_V_210 = alloca i32 1"   --->   Operation 223 'alloca' 'inputBuf_V_210' <Predicate = true> <Delay = 0.00>
ST_1 : Operation 224 [1/1] (0.00ns)   --->   "%inputBuf_V_211 = alloca i32 1"   --->   Operation 224 'alloca' 'inputBuf_V_211' <Predicate = true> <Delay = 0.00>
ST_1 : Operation 225 [1/1] (0.00ns)   --->   "%inputBuf_V_212 = alloca i32 1"   --->   Operation 225 'alloca' 'inputBuf_V_212' <Predicate = true> <Delay = 0.00>
ST_1 : Operation 226 [1/1] (0.00ns)   --->   "%inputBuf_V_213 = alloca i32 1"   --->   Operation 226 'alloca' 'inputBuf_V_213' <Predicate = true> <Delay = 0.00>
ST_1 : Operation 227 [1/1] (0.00ns)   --->   "%inputBuf_V_214 = alloca i32 1"   --->   Operation 227 'alloca' 'inputBuf_V_214' <Predicate = true> <Delay = 0.00>
ST_1 : Operation 228 [1/1] (0.00ns)   --->   "%inputBuf_V_215 = alloca i32 1"   --->   Operation 228 'alloca' 'inputBuf_V_215' <Predicate = true> <Delay = 0.00>
ST_1 : Operation 229 [1/1] (0.00ns)   --->   "%inputBuf_V_216 = alloca i32 1"   --->   Operation 229 'alloca' 'inputBuf_V_216' <Predicate = true> <Delay = 0.00>
ST_1 : Operation 230 [1/1] (0.00ns)   --->   "%inputBuf_V_217 = alloca i32 1"   --->   Operation 230 'alloca' 'inputBuf_V_217' <Predicate = true> <Delay = 0.00>
ST_1 : Operation 231 [1/1] (0.00ns)   --->   "%inputBuf_V_218 = alloca i32 1"   --->   Operation 231 'alloca' 'inputBuf_V_218' <Predicate = true> <Delay = 0.00>
ST_1 : Operation 232 [1/1] (0.00ns)   --->   "%inputBuf_V_219 = alloca i32 1"   --->   Operation 232 'alloca' 'inputBuf_V_219' <Predicate = true> <Delay = 0.00>
ST_1 : Operation 233 [1/1] (0.00ns)   --->   "%inputBuf_V_220 = alloca i32 1"   --->   Operation 233 'alloca' 'inputBuf_V_220' <Predicate = true> <Delay = 0.00>
ST_1 : Operation 234 [1/1] (0.00ns)   --->   "%inputBuf_V_221 = alloca i32 1"   --->   Operation 234 'alloca' 'inputBuf_V_221' <Predicate = true> <Delay = 0.00>
ST_1 : Operation 235 [1/1] (0.00ns)   --->   "%inputBuf_V_222 = alloca i32 1"   --->   Operation 235 'alloca' 'inputBuf_V_222' <Predicate = true> <Delay = 0.00>
ST_1 : Operation 236 [1/1] (0.00ns)   --->   "%inputBuf_V_223 = alloca i32 1"   --->   Operation 236 'alloca' 'inputBuf_V_223' <Predicate = true> <Delay = 0.00>
ST_1 : Operation 237 [1/1] (0.00ns)   --->   "%inputBuf_V_224 = alloca i32 1"   --->   Operation 237 'alloca' 'inputBuf_V_224' <Predicate = true> <Delay = 0.00>
ST_1 : Operation 238 [1/1] (0.00ns)   --->   "%inputBuf_V_225 = alloca i32 1"   --->   Operation 238 'alloca' 'inputBuf_V_225' <Predicate = true> <Delay = 0.00>
ST_1 : Operation 239 [1/1] (0.00ns)   --->   "%inputBuf_V_226 = alloca i32 1"   --->   Operation 239 'alloca' 'inputBuf_V_226' <Predicate = true> <Delay = 0.00>
ST_1 : Operation 240 [1/1] (0.00ns)   --->   "%inputBuf_V_227 = alloca i32 1"   --->   Operation 240 'alloca' 'inputBuf_V_227' <Predicate = true> <Delay = 0.00>
ST_1 : Operation 241 [1/1] (0.00ns)   --->   "%inputBuf_V_228 = alloca i32 1"   --->   Operation 241 'alloca' 'inputBuf_V_228' <Predicate = true> <Delay = 0.00>
ST_1 : Operation 242 [1/1] (0.00ns)   --->   "%inputBuf_V_229 = alloca i32 1"   --->   Operation 242 'alloca' 'inputBuf_V_229' <Predicate = true> <Delay = 0.00>
ST_1 : Operation 243 [1/1] (0.00ns)   --->   "%inputBuf_V_230 = alloca i32 1"   --->   Operation 243 'alloca' 'inputBuf_V_230' <Predicate = true> <Delay = 0.00>
ST_1 : Operation 244 [1/1] (0.00ns)   --->   "%inputBuf_V_231 = alloca i32 1"   --->   Operation 244 'alloca' 'inputBuf_V_231' <Predicate = true> <Delay = 0.00>
ST_1 : Operation 245 [1/1] (0.00ns)   --->   "%inputBuf_V_232 = alloca i32 1"   --->   Operation 245 'alloca' 'inputBuf_V_232' <Predicate = true> <Delay = 0.00>
ST_1 : Operation 246 [1/1] (0.00ns)   --->   "%inputBuf_V_233 = alloca i32 1"   --->   Operation 246 'alloca' 'inputBuf_V_233' <Predicate = true> <Delay = 0.00>
ST_1 : Operation 247 [1/1] (0.00ns)   --->   "%inputBuf_V_234 = alloca i32 1"   --->   Operation 247 'alloca' 'inputBuf_V_234' <Predicate = true> <Delay = 0.00>
ST_1 : Operation 248 [1/1] (0.00ns)   --->   "%inputBuf_V_235 = alloca i32 1"   --->   Operation 248 'alloca' 'inputBuf_V_235' <Predicate = true> <Delay = 0.00>
ST_1 : Operation 249 [1/1] (0.00ns)   --->   "%inputBuf_V_236 = alloca i32 1"   --->   Operation 249 'alloca' 'inputBuf_V_236' <Predicate = true> <Delay = 0.00>
ST_1 : Operation 250 [1/1] (0.00ns)   --->   "%inputBuf_V_237 = alloca i32 1"   --->   Operation 250 'alloca' 'inputBuf_V_237' <Predicate = true> <Delay = 0.00>
ST_1 : Operation 251 [1/1] (0.00ns)   --->   "%inputBuf_V_238 = alloca i32 1"   --->   Operation 251 'alloca' 'inputBuf_V_238' <Predicate = true> <Delay = 0.00>
ST_1 : Operation 252 [1/1] (0.00ns)   --->   "%inputBuf_V_239 = alloca i32 1"   --->   Operation 252 'alloca' 'inputBuf_V_239' <Predicate = true> <Delay = 0.00>
ST_1 : Operation 253 [1/1] (0.00ns)   --->   "%inputBuf_V_240 = alloca i32 1"   --->   Operation 253 'alloca' 'inputBuf_V_240' <Predicate = true> <Delay = 0.00>
ST_1 : Operation 254 [1/1] (0.00ns)   --->   "%inputBuf_V_241 = alloca i32 1"   --->   Operation 254 'alloca' 'inputBuf_V_241' <Predicate = true> <Delay = 0.00>
ST_1 : Operation 255 [1/1] (0.00ns)   --->   "%inputBuf_V_242 = alloca i32 1"   --->   Operation 255 'alloca' 'inputBuf_V_242' <Predicate = true> <Delay = 0.00>
ST_1 : Operation 256 [1/1] (0.00ns)   --->   "%inputBuf_V_243 = alloca i32 1"   --->   Operation 256 'alloca' 'inputBuf_V_243' <Predicate = true> <Delay = 0.00>
ST_1 : Operation 257 [1/1] (0.00ns)   --->   "%inputBuf_V_244 = alloca i32 1"   --->   Operation 257 'alloca' 'inputBuf_V_244' <Predicate = true> <Delay = 0.00>
ST_1 : Operation 258 [1/1] (0.00ns)   --->   "%inputBuf_V_245 = alloca i32 1"   --->   Operation 258 'alloca' 'inputBuf_V_245' <Predicate = true> <Delay = 0.00>
ST_1 : Operation 259 [1/1] (0.00ns)   --->   "%inputBuf_V_246 = alloca i32 1"   --->   Operation 259 'alloca' 'inputBuf_V_246' <Predicate = true> <Delay = 0.00>
ST_1 : Operation 260 [1/1] (0.00ns)   --->   "%inputBuf_V_247 = alloca i32 1"   --->   Operation 260 'alloca' 'inputBuf_V_247' <Predicate = true> <Delay = 0.00>
ST_1 : Operation 261 [1/1] (0.00ns)   --->   "%inputBuf_V_248 = alloca i32 1"   --->   Operation 261 'alloca' 'inputBuf_V_248' <Predicate = true> <Delay = 0.00>
ST_1 : Operation 262 [1/1] (0.00ns)   --->   "%inputBuf_V_249 = alloca i32 1"   --->   Operation 262 'alloca' 'inputBuf_V_249' <Predicate = true> <Delay = 0.00>
ST_1 : Operation 263 [1/1] (0.00ns)   --->   "%inputBuf_V_250 = alloca i32 1"   --->   Operation 263 'alloca' 'inputBuf_V_250' <Predicate = true> <Delay = 0.00>
ST_1 : Operation 264 [1/1] (0.00ns)   --->   "%inputBuf_V_251 = alloca i32 1"   --->   Operation 264 'alloca' 'inputBuf_V_251' <Predicate = true> <Delay = 0.00>
ST_1 : Operation 265 [1/1] (0.00ns)   --->   "%inputBuf_V_252 = alloca i32 1"   --->   Operation 265 'alloca' 'inputBuf_V_252' <Predicate = true> <Delay = 0.00>
ST_1 : Operation 266 [1/1] (0.00ns)   --->   "%inputBuf_V_253 = alloca i32 1"   --->   Operation 266 'alloca' 'inputBuf_V_253' <Predicate = true> <Delay = 0.00>
ST_1 : Operation 267 [1/1] (0.00ns)   --->   "%inputBuf_V_254 = alloca i32 1"   --->   Operation 267 'alloca' 'inputBuf_V_254' <Predicate = true> <Delay = 0.00>
ST_1 : Operation 268 [1/1] (0.00ns)   --->   "%inputBuf_V_255 = alloca i32 1"   --->   Operation 268 'alloca' 'inputBuf_V_255' <Predicate = true> <Delay = 0.00>
ST_1 : Operation 269 [1/1] (0.00ns)   --->   "%inputBuf_V_256 = alloca i32 1"   --->   Operation 269 'alloca' 'inputBuf_V_256' <Predicate = true> <Delay = 0.00>
ST_1 : Operation 270 [1/1] (0.00ns)   --->   "%inputBuf_V_257 = alloca i32 1"   --->   Operation 270 'alloca' 'inputBuf_V_257' <Predicate = true> <Delay = 0.00>
ST_1 : Operation 271 [1/1] (0.00ns)   --->   "%inputBuf_V_258 = alloca i32 1"   --->   Operation 271 'alloca' 'inputBuf_V_258' <Predicate = true> <Delay = 0.00>
ST_1 : Operation 272 [1/1] (0.00ns)   --->   "%inputBuf_V_259 = alloca i32 1"   --->   Operation 272 'alloca' 'inputBuf_V_259' <Predicate = true> <Delay = 0.00>
ST_1 : Operation 273 [1/1] (0.00ns)   --->   "%inputBuf_V_260 = alloca i32 1"   --->   Operation 273 'alloca' 'inputBuf_V_260' <Predicate = true> <Delay = 0.00>
ST_1 : Operation 274 [1/1] (0.00ns)   --->   "%inputBuf_V_261 = alloca i32 1"   --->   Operation 274 'alloca' 'inputBuf_V_261' <Predicate = true> <Delay = 0.00>
ST_1 : Operation 275 [1/1] (0.00ns)   --->   "%inputBuf_V_262 = alloca i32 1"   --->   Operation 275 'alloca' 'inputBuf_V_262' <Predicate = true> <Delay = 0.00>
ST_1 : Operation 276 [1/1] (0.00ns)   --->   "%inputBuf_V_263 = alloca i32 1"   --->   Operation 276 'alloca' 'inputBuf_V_263' <Predicate = true> <Delay = 0.00>
ST_1 : Operation 277 [1/1] (0.00ns)   --->   "%inputBuf_V_264 = alloca i32 1"   --->   Operation 277 'alloca' 'inputBuf_V_264' <Predicate = true> <Delay = 0.00>
ST_1 : Operation 278 [1/1] (0.00ns)   --->   "%inputBuf_V_265 = alloca i32 1"   --->   Operation 278 'alloca' 'inputBuf_V_265' <Predicate = true> <Delay = 0.00>
ST_1 : Operation 279 [1/1] (0.00ns)   --->   "%inputBuf_V_266 = alloca i32 1"   --->   Operation 279 'alloca' 'inputBuf_V_266' <Predicate = true> <Delay = 0.00>
ST_1 : Operation 280 [1/1] (0.00ns)   --->   "%inputBuf_V_267 = alloca i32 1"   --->   Operation 280 'alloca' 'inputBuf_V_267' <Predicate = true> <Delay = 0.00>
ST_1 : Operation 281 [1/1] (0.00ns)   --->   "%inputBuf_V_268 = alloca i32 1"   --->   Operation 281 'alloca' 'inputBuf_V_268' <Predicate = true> <Delay = 0.00>
ST_1 : Operation 282 [1/1] (0.00ns)   --->   "%inputBuf_V_269 = alloca i32 1"   --->   Operation 282 'alloca' 'inputBuf_V_269' <Predicate = true> <Delay = 0.00>
ST_1 : Operation 283 [1/1] (0.00ns)   --->   "%inputBuf_V_270 = alloca i32 1"   --->   Operation 283 'alloca' 'inputBuf_V_270' <Predicate = true> <Delay = 0.00>
ST_1 : Operation 284 [1/1] (0.00ns)   --->   "%inputBuf_V_271 = alloca i32 1"   --->   Operation 284 'alloca' 'inputBuf_V_271' <Predicate = true> <Delay = 0.00>
ST_1 : Operation 285 [1/1] (0.00ns)   --->   "%inputBuf_V_272 = alloca i32 1"   --->   Operation 285 'alloca' 'inputBuf_V_272' <Predicate = true> <Delay = 0.00>
ST_1 : Operation 286 [1/1] (0.00ns)   --->   "%inputBuf_V_273 = alloca i32 1"   --->   Operation 286 'alloca' 'inputBuf_V_273' <Predicate = true> <Delay = 0.00>
ST_1 : Operation 287 [1/1] (0.00ns)   --->   "%inputBuf_V_274 = alloca i32 1"   --->   Operation 287 'alloca' 'inputBuf_V_274' <Predicate = true> <Delay = 0.00>
ST_1 : Operation 288 [1/1] (0.00ns)   --->   "%inputBuf_V_275 = alloca i32 1"   --->   Operation 288 'alloca' 'inputBuf_V_275' <Predicate = true> <Delay = 0.00>
ST_1 : Operation 289 [1/1] (0.00ns)   --->   "%inputBuf_V_276 = alloca i32 1"   --->   Operation 289 'alloca' 'inputBuf_V_276' <Predicate = true> <Delay = 0.00>
ST_1 : Operation 290 [1/1] (0.00ns)   --->   "%inputBuf_V_277 = alloca i32 1"   --->   Operation 290 'alloca' 'inputBuf_V_277' <Predicate = true> <Delay = 0.00>
ST_1 : Operation 291 [1/1] (0.00ns)   --->   "%inputBuf_V_278 = alloca i32 1"   --->   Operation 291 'alloca' 'inputBuf_V_278' <Predicate = true> <Delay = 0.00>
ST_1 : Operation 292 [1/1] (0.00ns)   --->   "%inputBuf_V_279 = alloca i32 1"   --->   Operation 292 'alloca' 'inputBuf_V_279' <Predicate = true> <Delay = 0.00>
ST_1 : Operation 293 [1/1] (0.00ns)   --->   "%inputBuf_V_280 = alloca i32 1"   --->   Operation 293 'alloca' 'inputBuf_V_280' <Predicate = true> <Delay = 0.00>
ST_1 : Operation 294 [1/1] (0.00ns)   --->   "%inputBuf_V_281 = alloca i32 1"   --->   Operation 294 'alloca' 'inputBuf_V_281' <Predicate = true> <Delay = 0.00>
ST_1 : Operation 295 [1/1] (0.00ns)   --->   "%inputBuf_V_282 = alloca i32 1"   --->   Operation 295 'alloca' 'inputBuf_V_282' <Predicate = true> <Delay = 0.00>
ST_1 : Operation 296 [1/1] (0.00ns)   --->   "%inputBuf_V_283 = alloca i32 1"   --->   Operation 296 'alloca' 'inputBuf_V_283' <Predicate = true> <Delay = 0.00>
ST_1 : Operation 297 [1/1] (0.00ns)   --->   "%inputBuf_V_284 = alloca i32 1"   --->   Operation 297 'alloca' 'inputBuf_V_284' <Predicate = true> <Delay = 0.00>
ST_1 : Operation 298 [1/1] (0.00ns)   --->   "%inputBuf_V_285 = alloca i32 1"   --->   Operation 298 'alloca' 'inputBuf_V_285' <Predicate = true> <Delay = 0.00>
ST_1 : Operation 299 [1/1] (0.00ns)   --->   "%inputBuf_V_286 = alloca i32 1"   --->   Operation 299 'alloca' 'inputBuf_V_286' <Predicate = true> <Delay = 0.00>
ST_1 : Operation 300 [1/1] (0.00ns)   --->   "%inputBuf_V_287 = alloca i32 1"   --->   Operation 300 'alloca' 'inputBuf_V_287' <Predicate = true> <Delay = 0.00>
ST_1 : Operation 301 [1/1] (0.00ns)   --->   "%nf_1 = alloca i32 1"   --->   Operation 301 'alloca' 'nf_1' <Predicate = true> <Delay = 0.00>
ST_1 : Operation 302 [1/1] (0.00ns)   --->   "%specinterface_ln0 = specinterface void @_ssdm_op_SpecInterface, i8 %out_V, void @empty_0, i32 0, i32 0, void @empty_1, i32 0, i32 0, void @empty_2, void @empty_2, void @empty_2, i32 0, i32 0, i32 0, i32 0, void @empty_2, void @empty_2, i32 4294967295, i32 0"   --->   Operation 302 'specinterface' 'specinterface_ln0' <Predicate = true> <Delay = 0.00>
ST_1 : Operation 303 [1/1] (0.00ns)   --->   "%specinterface_ln0 = specinterface void @_ssdm_op_SpecInterface, i8 %weights_V, void @empty_0, i32 0, i32 0, void @empty_1, i32 0, i32 0, void @empty_2, void @empty_2, void @empty_2, i32 0, i32 0, i32 0, i32 0, void @empty_2, void @empty_2, i32 4294967295, i32 0"   --->   Operation 303 'specinterface' 'specinterface_ln0' <Predicate = true> <Delay = 0.00>
ST_1 : Operation 304 [1/1] (0.00ns)   --->   "%specinterface_ln0 = specinterface void @_ssdm_op_SpecInterface, i8 %in0_V, void @empty_0, i32 0, i32 0, void @empty_1, i32 0, i32 0, void @empty_2, void @empty_2, void @empty_2, i32 0, i32 0, i32 0, i32 0, void @empty_2, void @empty_2, i32 4294967295, i32 0"   --->   Operation 304 'specinterface' 'specinterface_ln0' <Predicate = true> <Delay = 0.00>
ST_1 : Operation 305 [1/1] (1.58ns)   --->   "%store_ln249 = store i32 0, i32 %nf_1" [/home/miguel_tfg/FINN-v0.9-Stable/deps/finn-hlslib/mvau.hpp:249]   --->   Operation 305 'store' 'store_ln249' <Predicate = true> <Delay = 1.58>
ST_1 : Operation 306 [1/1] (1.58ns)   --->   "%store_ln249 = store i23 0, i23 %i" [/home/miguel_tfg/FINN-v0.9-Stable/deps/finn-hlslib/mvau.hpp:249]   --->   Operation 306 'store' 'store_ln249' <Predicate = true> <Delay = 1.58>
ST_1 : Operation 307 [1/1] (1.58ns)   --->   "%store_ln249 = store i32 0, i32 %sf" [/home/miguel_tfg/FINN-v0.9-Stable/deps/finn-hlslib/mvau.hpp:249]   --->   Operation 307 'store' 'store_ln249' <Predicate = true> <Delay = 1.58>
ST_1 : Operation 308 [1/1] (0.00ns)   --->   "%br_ln249 = br void %for.body" [/home/miguel_tfg/FINN-v0.9-Stable/deps/finn-hlslib/mvau.hpp:249]   --->   Operation 308 'br' 'br_ln249' <Predicate = true> <Delay = 0.00>
ST_1 : Operation 309 [1/1] (0.00ns)   --->   "%sf_1 = load i32 %sf" [/home/miguel_tfg/FINN-v0.9-Stable/deps/finn-hlslib/mvau.hpp:261]   --->   Operation 309 'load' 'sf_1' <Predicate = true> <Delay = 0.00>
ST_1 : Operation 310 [1/1] (0.00ns)   --->   "%i_1 = load i23 %i" [/home/miguel_tfg/FINN-v0.9-Stable/deps/finn-hlslib/mvau.hpp:249]   --->   Operation 310 'load' 'i_1' <Predicate = true> <Delay = 0.00>
ST_1 : Operation 311 [1/1] (0.00ns)   --->   "%nf_2 = load i32 %nf_1" [/home/miguel_tfg/FINN-v0.9-Stable/deps/finn-hlslib/mvau.hpp:302]   --->   Operation 311 'load' 'nf_2' <Predicate = true> <Delay = 0.00>
ST_1 : Operation 312 [1/1] (2.44ns)   --->   "%icmp_ln249 = icmp_eq  i23 %i_1, i23 4718592" [/home/miguel_tfg/FINN-v0.9-Stable/deps/finn-hlslib/mvau.hpp:249]   --->   Operation 312 'icmp' 'icmp_ln249' <Predicate = true> <Delay = 2.44> <CoreInst = "Cmp">   --->   Core 9 'Cmp' <Latency = 0> <II = 1> <Delay = 2.44> <FuncUnit> <Opcode : 'icmp'> <InPorts = 2> <OutPorts = 1>
ST_1 : Operation 313 [1/1] (0.00ns)   --->   "%empty = speclooptripcount i32 @_ssdm_op_SpecLoopTripCount, i64 4718592, i64 4718592, i64 4718592"   --->   Operation 313 'speclooptripcount' 'empty' <Predicate = true> <Delay = 0.00>
ST_1 : Operation 314 [1/1] (2.28ns)   --->   "%i_2 = add i23 %i_1, i23 1" [/home/miguel_tfg/FINN-v0.9-Stable/deps/finn-hlslib/mvau.hpp:249]   --->   Operation 314 'add' 'i_2' <Predicate = true> <Delay = 2.28> <CoreInst = "Adder">   --->   Core 1 'Adder' <Latency = 0> <II = 1> <Delay = 2.28> <FuncUnit> <Opcode : 'add' 'sub'> <InPorts = 2> <OutPorts = 1>
ST_1 : Operation 315 [1/1] (0.00ns)   --->   "%br_ln249 = br i1 %icmp_ln249, void %for.body.split, void %for.end92" [/home/miguel_tfg/FINN-v0.9-Stable/deps/finn-hlslib/mvau.hpp:249]   --->   Operation 315 'br' 'br_ln249' <Predicate = true> <Delay = 0.00>
ST_1 : Operation 316 [1/1] (0.00ns)   --->   "%specpipeline_ln250 = specpipeline void @_ssdm_op_SpecPipeline, i32 1, i32 2, i32 0, i32 0, void @empty_2" [/home/miguel_tfg/FINN-v0.9-Stable/deps/finn-hlslib/mvau.hpp:250]   --->   Operation 316 'specpipeline' 'specpipeline_ln250' <Predicate = (!icmp_ln249)> <Delay = 0.00>
ST_1 : Operation 317 [1/1] (0.00ns)   --->   "%specloopname_ln231 = specloopname void @_ssdm_op_SpecLoopName, void @empty_5" [/home/miguel_tfg/FINN-v0.9-Stable/deps/finn-hlslib/mvau.hpp:231]   --->   Operation 317 'specloopname' 'specloopname_ln231' <Predicate = (!icmp_ln249)> <Delay = 0.00>
ST_1 : Operation 318 [1/1] (2.47ns)   --->   "%icmp_ln253 = icmp_eq  i32 %nf_2, i32 0" [/home/miguel_tfg/FINN-v0.9-Stable/deps/finn-hlslib/mvau.hpp:253]   --->   Operation 318 'icmp' 'icmp_ln253' <Predicate = (!icmp_ln249)> <Delay = 2.47> <CoreInst = "Cmp">   --->   Core 9 'Cmp' <Latency = 0> <II = 1> <Delay = 2.47> <FuncUnit> <Opcode : 'icmp'> <InPorts = 2> <OutPorts = 1>
ST_1 : Operation 319 [1/1] (0.00ns)   --->   "%br_ln253 = br i1 %icmp_ln253, void %if.else, void %if.then" [/home/miguel_tfg/FINN-v0.9-Stable/deps/finn-hlslib/mvau.hpp:253]   --->   Operation 319 'br' 'br_ln253' <Predicate = (!icmp_ln249)> <Delay = 0.00>
ST_1 : Operation 320 [1/1] (0.00ns)   --->   "%inputBuf_V_load = load i4 %inputBuf_V" [/home/miguel_tfg/FINN-v0.9-Stable/deps/finn-hlslib/mvau.hpp:261]   --->   Operation 320 'load' 'inputBuf_V_load' <Predicate = (!icmp_ln249 & !icmp_ln253)> <Delay = 0.00>
ST_1 : Operation 321 [1/1] (0.00ns)   --->   "%inputBuf_V_1_load = load i4 %inputBuf_V_1" [/home/miguel_tfg/FINN-v0.9-Stable/deps/finn-hlslib/mvau.hpp:261]   --->   Operation 321 'load' 'inputBuf_V_1_load' <Predicate = (!icmp_ln249 & !icmp_ln253)> <Delay = 0.00>
ST_1 : Operation 322 [1/1] (0.00ns)   --->   "%inputBuf_V_2_load = load i4 %inputBuf_V_2" [/home/miguel_tfg/FINN-v0.9-Stable/deps/finn-hlslib/mvau.hpp:261]   --->   Operation 322 'load' 'inputBuf_V_2_load' <Predicate = (!icmp_ln249 & !icmp_ln253)> <Delay = 0.00>
ST_1 : Operation 323 [1/1] (0.00ns)   --->   "%inputBuf_V_3_load = load i4 %inputBuf_V_3" [/home/miguel_tfg/FINN-v0.9-Stable/deps/finn-hlslib/mvau.hpp:261]   --->   Operation 323 'load' 'inputBuf_V_3_load' <Predicate = (!icmp_ln249 & !icmp_ln253)> <Delay = 0.00>
ST_1 : Operation 324 [1/1] (0.00ns)   --->   "%inputBuf_V_4_load = load i4 %inputBuf_V_4" [/home/miguel_tfg/FINN-v0.9-Stable/deps/finn-hlslib/mvau.hpp:261]   --->   Operation 324 'load' 'inputBuf_V_4_load' <Predicate = (!icmp_ln249 & !icmp_ln253)> <Delay = 0.00>
ST_1 : Operation 325 [1/1] (0.00ns)   --->   "%inputBuf_V_5_load = load i4 %inputBuf_V_5" [/home/miguel_tfg/FINN-v0.9-Stable/deps/finn-hlslib/mvau.hpp:261]   --->   Operation 325 'load' 'inputBuf_V_5_load' <Predicate = (!icmp_ln249 & !icmp_ln253)> <Delay = 0.00>
ST_1 : Operation 326 [1/1] (0.00ns)   --->   "%inputBuf_V_6_load = load i4 %inputBuf_V_6" [/home/miguel_tfg/FINN-v0.9-Stable/deps/finn-hlslib/mvau.hpp:261]   --->   Operation 326 'load' 'inputBuf_V_6_load' <Predicate = (!icmp_ln249 & !icmp_ln253)> <Delay = 0.00>
ST_1 : Operation 327 [1/1] (0.00ns)   --->   "%inputBuf_V_7_load = load i4 %inputBuf_V_7" [/home/miguel_tfg/FINN-v0.9-Stable/deps/finn-hlslib/mvau.hpp:261]   --->   Operation 327 'load' 'inputBuf_V_7_load' <Predicate = (!icmp_ln249 & !icmp_ln253)> <Delay = 0.00>
ST_1 : Operation 328 [1/1] (0.00ns)   --->   "%inputBuf_V_8_load = load i4 %inputBuf_V_8" [/home/miguel_tfg/FINN-v0.9-Stable/deps/finn-hlslib/mvau.hpp:261]   --->   Operation 328 'load' 'inputBuf_V_8_load' <Predicate = (!icmp_ln249 & !icmp_ln253)> <Delay = 0.00>
ST_1 : Operation 329 [1/1] (0.00ns)   --->   "%inputBuf_V_9_load = load i4 %inputBuf_V_9" [/home/miguel_tfg/FINN-v0.9-Stable/deps/finn-hlslib/mvau.hpp:261]   --->   Operation 329 'load' 'inputBuf_V_9_load' <Predicate = (!icmp_ln249 & !icmp_ln253)> <Delay = 0.00>
ST_1 : Operation 330 [1/1] (0.00ns)   --->   "%inputBuf_V_10_load = load i4 %inputBuf_V_10" [/home/miguel_tfg/FINN-v0.9-Stable/deps/finn-hlslib/mvau.hpp:261]   --->   Operation 330 'load' 'inputBuf_V_10_load' <Predicate = (!icmp_ln249 & !icmp_ln253)> <Delay = 0.00>
ST_1 : Operation 331 [1/1] (0.00ns)   --->   "%inputBuf_V_11_load = load i4 %inputBuf_V_11" [/home/miguel_tfg/FINN-v0.9-Stable/deps/finn-hlslib/mvau.hpp:261]   --->   Operation 331 'load' 'inputBuf_V_11_load' <Predicate = (!icmp_ln249 & !icmp_ln253)> <Delay = 0.00>
ST_1 : Operation 332 [1/1] (0.00ns)   --->   "%inputBuf_V_12_load = load i4 %inputBuf_V_12" [/home/miguel_tfg/FINN-v0.9-Stable/deps/finn-hlslib/mvau.hpp:261]   --->   Operation 332 'load' 'inputBuf_V_12_load' <Predicate = (!icmp_ln249 & !icmp_ln253)> <Delay = 0.00>
ST_1 : Operation 333 [1/1] (0.00ns)   --->   "%inputBuf_V_13_load = load i4 %inputBuf_V_13" [/home/miguel_tfg/FINN-v0.9-Stable/deps/finn-hlslib/mvau.hpp:261]   --->   Operation 333 'load' 'inputBuf_V_13_load' <Predicate = (!icmp_ln249 & !icmp_ln253)> <Delay = 0.00>
ST_1 : Operation 334 [1/1] (0.00ns)   --->   "%inputBuf_V_14_load = load i4 %inputBuf_V_14" [/home/miguel_tfg/FINN-v0.9-Stable/deps/finn-hlslib/mvau.hpp:261]   --->   Operation 334 'load' 'inputBuf_V_14_load' <Predicate = (!icmp_ln249 & !icmp_ln253)> <Delay = 0.00>
ST_1 : Operation 335 [1/1] (0.00ns)   --->   "%inputBuf_V_15_load = load i4 %inputBuf_V_15" [/home/miguel_tfg/FINN-v0.9-Stable/deps/finn-hlslib/mvau.hpp:261]   --->   Operation 335 'load' 'inputBuf_V_15_load' <Predicate = (!icmp_ln249 & !icmp_ln253)> <Delay = 0.00>
ST_1 : Operation 336 [1/1] (0.00ns)   --->   "%inputBuf_V_16_load = load i4 %inputBuf_V_16" [/home/miguel_tfg/FINN-v0.9-Stable/deps/finn-hlslib/mvau.hpp:261]   --->   Operation 336 'load' 'inputBuf_V_16_load' <Predicate = (!icmp_ln249 & !icmp_ln253)> <Delay = 0.00>
ST_1 : Operation 337 [1/1] (0.00ns)   --->   "%inputBuf_V_17_load = load i4 %inputBuf_V_17" [/home/miguel_tfg/FINN-v0.9-Stable/deps/finn-hlslib/mvau.hpp:261]   --->   Operation 337 'load' 'inputBuf_V_17_load' <Predicate = (!icmp_ln249 & !icmp_ln253)> <Delay = 0.00>
ST_1 : Operation 338 [1/1] (0.00ns)   --->   "%inputBuf_V_18_load = load i4 %inputBuf_V_18" [/home/miguel_tfg/FINN-v0.9-Stable/deps/finn-hlslib/mvau.hpp:261]   --->   Operation 338 'load' 'inputBuf_V_18_load' <Predicate = (!icmp_ln249 & !icmp_ln253)> <Delay = 0.00>
ST_1 : Operation 339 [1/1] (0.00ns)   --->   "%inputBuf_V_19_load = load i4 %inputBuf_V_19" [/home/miguel_tfg/FINN-v0.9-Stable/deps/finn-hlslib/mvau.hpp:261]   --->   Operation 339 'load' 'inputBuf_V_19_load' <Predicate = (!icmp_ln249 & !icmp_ln253)> <Delay = 0.00>
ST_1 : Operation 340 [1/1] (0.00ns)   --->   "%inputBuf_V_20_load = load i4 %inputBuf_V_20" [/home/miguel_tfg/FINN-v0.9-Stable/deps/finn-hlslib/mvau.hpp:261]   --->   Operation 340 'load' 'inputBuf_V_20_load' <Predicate = (!icmp_ln249 & !icmp_ln253)> <Delay = 0.00>
ST_1 : Operation 341 [1/1] (0.00ns)   --->   "%inputBuf_V_21_load = load i4 %inputBuf_V_21" [/home/miguel_tfg/FINN-v0.9-Stable/deps/finn-hlslib/mvau.hpp:261]   --->   Operation 341 'load' 'inputBuf_V_21_load' <Predicate = (!icmp_ln249 & !icmp_ln253)> <Delay = 0.00>
ST_1 : Operation 342 [1/1] (0.00ns)   --->   "%inputBuf_V_22_load = load i4 %inputBuf_V_22" [/home/miguel_tfg/FINN-v0.9-Stable/deps/finn-hlslib/mvau.hpp:261]   --->   Operation 342 'load' 'inputBuf_V_22_load' <Predicate = (!icmp_ln249 & !icmp_ln253)> <Delay = 0.00>
ST_1 : Operation 343 [1/1] (0.00ns)   --->   "%inputBuf_V_23_load = load i4 %inputBuf_V_23" [/home/miguel_tfg/FINN-v0.9-Stable/deps/finn-hlslib/mvau.hpp:261]   --->   Operation 343 'load' 'inputBuf_V_23_load' <Predicate = (!icmp_ln249 & !icmp_ln253)> <Delay = 0.00>
ST_1 : Operation 344 [1/1] (0.00ns)   --->   "%inputBuf_V_24_load = load i4 %inputBuf_V_24" [/home/miguel_tfg/FINN-v0.9-Stable/deps/finn-hlslib/mvau.hpp:261]   --->   Operation 344 'load' 'inputBuf_V_24_load' <Predicate = (!icmp_ln249 & !icmp_ln253)> <Delay = 0.00>
ST_1 : Operation 345 [1/1] (0.00ns)   --->   "%inputBuf_V_25_load = load i4 %inputBuf_V_25" [/home/miguel_tfg/FINN-v0.9-Stable/deps/finn-hlslib/mvau.hpp:261]   --->   Operation 345 'load' 'inputBuf_V_25_load' <Predicate = (!icmp_ln249 & !icmp_ln253)> <Delay = 0.00>
ST_1 : Operation 346 [1/1] (0.00ns)   --->   "%inputBuf_V_26_load = load i4 %inputBuf_V_26" [/home/miguel_tfg/FINN-v0.9-Stable/deps/finn-hlslib/mvau.hpp:261]   --->   Operation 346 'load' 'inputBuf_V_26_load' <Predicate = (!icmp_ln249 & !icmp_ln253)> <Delay = 0.00>
ST_1 : Operation 347 [1/1] (0.00ns)   --->   "%inputBuf_V_27_load = load i4 %inputBuf_V_27" [/home/miguel_tfg/FINN-v0.9-Stable/deps/finn-hlslib/mvau.hpp:261]   --->   Operation 347 'load' 'inputBuf_V_27_load' <Predicate = (!icmp_ln249 & !icmp_ln253)> <Delay = 0.00>
ST_1 : Operation 348 [1/1] (0.00ns)   --->   "%inputBuf_V_28_load = load i4 %inputBuf_V_28" [/home/miguel_tfg/FINN-v0.9-Stable/deps/finn-hlslib/mvau.hpp:261]   --->   Operation 348 'load' 'inputBuf_V_28_load' <Predicate = (!icmp_ln249 & !icmp_ln253)> <Delay = 0.00>
ST_1 : Operation 349 [1/1] (0.00ns)   --->   "%inputBuf_V_29_load = load i4 %inputBuf_V_29" [/home/miguel_tfg/FINN-v0.9-Stable/deps/finn-hlslib/mvau.hpp:261]   --->   Operation 349 'load' 'inputBuf_V_29_load' <Predicate = (!icmp_ln249 & !icmp_ln253)> <Delay = 0.00>
ST_1 : Operation 350 [1/1] (0.00ns)   --->   "%inputBuf_V_30_load = load i4 %inputBuf_V_30" [/home/miguel_tfg/FINN-v0.9-Stable/deps/finn-hlslib/mvau.hpp:261]   --->   Operation 350 'load' 'inputBuf_V_30_load' <Predicate = (!icmp_ln249 & !icmp_ln253)> <Delay = 0.00>
ST_1 : Operation 351 [1/1] (0.00ns)   --->   "%inputBuf_V_31_load = load i4 %inputBuf_V_31" [/home/miguel_tfg/FINN-v0.9-Stable/deps/finn-hlslib/mvau.hpp:261]   --->   Operation 351 'load' 'inputBuf_V_31_load' <Predicate = (!icmp_ln249 & !icmp_ln253)> <Delay = 0.00>
ST_1 : Operation 352 [1/1] (0.00ns)   --->   "%inputBuf_V_32_load = load i4 %inputBuf_V_32" [/home/miguel_tfg/FINN-v0.9-Stable/deps/finn-hlslib/mvau.hpp:261]   --->   Operation 352 'load' 'inputBuf_V_32_load' <Predicate = (!icmp_ln249 & !icmp_ln253)> <Delay = 0.00>
ST_1 : Operation 353 [1/1] (0.00ns)   --->   "%inputBuf_V_33_load = load i4 %inputBuf_V_33" [/home/miguel_tfg/FINN-v0.9-Stable/deps/finn-hlslib/mvau.hpp:261]   --->   Operation 353 'load' 'inputBuf_V_33_load' <Predicate = (!icmp_ln249 & !icmp_ln253)> <Delay = 0.00>
ST_1 : Operation 354 [1/1] (0.00ns)   --->   "%inputBuf_V_34_load = load i4 %inputBuf_V_34" [/home/miguel_tfg/FINN-v0.9-Stable/deps/finn-hlslib/mvau.hpp:261]   --->   Operation 354 'load' 'inputBuf_V_34_load' <Predicate = (!icmp_ln249 & !icmp_ln253)> <Delay = 0.00>
ST_1 : Operation 355 [1/1] (0.00ns)   --->   "%inputBuf_V_35_load = load i4 %inputBuf_V_35" [/home/miguel_tfg/FINN-v0.9-Stable/deps/finn-hlslib/mvau.hpp:261]   --->   Operation 355 'load' 'inputBuf_V_35_load' <Predicate = (!icmp_ln249 & !icmp_ln253)> <Delay = 0.00>
ST_1 : Operation 356 [1/1] (0.00ns)   --->   "%inputBuf_V_36_load = load i4 %inputBuf_V_36" [/home/miguel_tfg/FINN-v0.9-Stable/deps/finn-hlslib/mvau.hpp:261]   --->   Operation 356 'load' 'inputBuf_V_36_load' <Predicate = (!icmp_ln249 & !icmp_ln253)> <Delay = 0.00>
ST_1 : Operation 357 [1/1] (0.00ns)   --->   "%inputBuf_V_37_load = load i4 %inputBuf_V_37" [/home/miguel_tfg/FINN-v0.9-Stable/deps/finn-hlslib/mvau.hpp:261]   --->   Operation 357 'load' 'inputBuf_V_37_load' <Predicate = (!icmp_ln249 & !icmp_ln253)> <Delay = 0.00>
ST_1 : Operation 358 [1/1] (0.00ns)   --->   "%inputBuf_V_38_load = load i4 %inputBuf_V_38" [/home/miguel_tfg/FINN-v0.9-Stable/deps/finn-hlslib/mvau.hpp:261]   --->   Operation 358 'load' 'inputBuf_V_38_load' <Predicate = (!icmp_ln249 & !icmp_ln253)> <Delay = 0.00>
ST_1 : Operation 359 [1/1] (0.00ns)   --->   "%inputBuf_V_39_load = load i4 %inputBuf_V_39" [/home/miguel_tfg/FINN-v0.9-Stable/deps/finn-hlslib/mvau.hpp:261]   --->   Operation 359 'load' 'inputBuf_V_39_load' <Predicate = (!icmp_ln249 & !icmp_ln253)> <Delay = 0.00>
ST_1 : Operation 360 [1/1] (0.00ns)   --->   "%inputBuf_V_40_load = load i4 %inputBuf_V_40" [/home/miguel_tfg/FINN-v0.9-Stable/deps/finn-hlslib/mvau.hpp:261]   --->   Operation 360 'load' 'inputBuf_V_40_load' <Predicate = (!icmp_ln249 & !icmp_ln253)> <Delay = 0.00>
ST_1 : Operation 361 [1/1] (0.00ns)   --->   "%inputBuf_V_41_load = load i4 %inputBuf_V_41" [/home/miguel_tfg/FINN-v0.9-Stable/deps/finn-hlslib/mvau.hpp:261]   --->   Operation 361 'load' 'inputBuf_V_41_load' <Predicate = (!icmp_ln249 & !icmp_ln253)> <Delay = 0.00>
ST_1 : Operation 362 [1/1] (0.00ns)   --->   "%inputBuf_V_42_load = load i4 %inputBuf_V_42" [/home/miguel_tfg/FINN-v0.9-Stable/deps/finn-hlslib/mvau.hpp:261]   --->   Operation 362 'load' 'inputBuf_V_42_load' <Predicate = (!icmp_ln249 & !icmp_ln253)> <Delay = 0.00>
ST_1 : Operation 363 [1/1] (0.00ns)   --->   "%inputBuf_V_43_load = load i4 %inputBuf_V_43" [/home/miguel_tfg/FINN-v0.9-Stable/deps/finn-hlslib/mvau.hpp:261]   --->   Operation 363 'load' 'inputBuf_V_43_load' <Predicate = (!icmp_ln249 & !icmp_ln253)> <Delay = 0.00>
ST_1 : Operation 364 [1/1] (0.00ns)   --->   "%inputBuf_V_44_load = load i4 %inputBuf_V_44" [/home/miguel_tfg/FINN-v0.9-Stable/deps/finn-hlslib/mvau.hpp:261]   --->   Operation 364 'load' 'inputBuf_V_44_load' <Predicate = (!icmp_ln249 & !icmp_ln253)> <Delay = 0.00>
ST_1 : Operation 365 [1/1] (0.00ns)   --->   "%inputBuf_V_45_load = load i4 %inputBuf_V_45" [/home/miguel_tfg/FINN-v0.9-Stable/deps/finn-hlslib/mvau.hpp:261]   --->   Operation 365 'load' 'inputBuf_V_45_load' <Predicate = (!icmp_ln249 & !icmp_ln253)> <Delay = 0.00>
ST_1 : Operation 366 [1/1] (0.00ns)   --->   "%inputBuf_V_46_load = load i4 %inputBuf_V_46" [/home/miguel_tfg/FINN-v0.9-Stable/deps/finn-hlslib/mvau.hpp:261]   --->   Operation 366 'load' 'inputBuf_V_46_load' <Predicate = (!icmp_ln249 & !icmp_ln253)> <Delay = 0.00>
ST_1 : Operation 367 [1/1] (0.00ns)   --->   "%inputBuf_V_47_load = load i4 %inputBuf_V_47" [/home/miguel_tfg/FINN-v0.9-Stable/deps/finn-hlslib/mvau.hpp:261]   --->   Operation 367 'load' 'inputBuf_V_47_load' <Predicate = (!icmp_ln249 & !icmp_ln253)> <Delay = 0.00>
ST_1 : Operation 368 [1/1] (0.00ns)   --->   "%inputBuf_V_48_load = load i4 %inputBuf_V_48" [/home/miguel_tfg/FINN-v0.9-Stable/deps/finn-hlslib/mvau.hpp:261]   --->   Operation 368 'load' 'inputBuf_V_48_load' <Predicate = (!icmp_ln249 & !icmp_ln253)> <Delay = 0.00>
ST_1 : Operation 369 [1/1] (0.00ns)   --->   "%inputBuf_V_49_load = load i4 %inputBuf_V_49" [/home/miguel_tfg/FINN-v0.9-Stable/deps/finn-hlslib/mvau.hpp:261]   --->   Operation 369 'load' 'inputBuf_V_49_load' <Predicate = (!icmp_ln249 & !icmp_ln253)> <Delay = 0.00>
ST_1 : Operation 370 [1/1] (0.00ns)   --->   "%inputBuf_V_50_load = load i4 %inputBuf_V_50" [/home/miguel_tfg/FINN-v0.9-Stable/deps/finn-hlslib/mvau.hpp:261]   --->   Operation 370 'load' 'inputBuf_V_50_load' <Predicate = (!icmp_ln249 & !icmp_ln253)> <Delay = 0.00>
ST_1 : Operation 371 [1/1] (0.00ns)   --->   "%inputBuf_V_51_load = load i4 %inputBuf_V_51" [/home/miguel_tfg/FINN-v0.9-Stable/deps/finn-hlslib/mvau.hpp:261]   --->   Operation 371 'load' 'inputBuf_V_51_load' <Predicate = (!icmp_ln249 & !icmp_ln253)> <Delay = 0.00>
ST_1 : Operation 372 [1/1] (0.00ns)   --->   "%inputBuf_V_52_load = load i4 %inputBuf_V_52" [/home/miguel_tfg/FINN-v0.9-Stable/deps/finn-hlslib/mvau.hpp:261]   --->   Operation 372 'load' 'inputBuf_V_52_load' <Predicate = (!icmp_ln249 & !icmp_ln253)> <Delay = 0.00>
ST_1 : Operation 373 [1/1] (0.00ns)   --->   "%inputBuf_V_53_load = load i4 %inputBuf_V_53" [/home/miguel_tfg/FINN-v0.9-Stable/deps/finn-hlslib/mvau.hpp:261]   --->   Operation 373 'load' 'inputBuf_V_53_load' <Predicate = (!icmp_ln249 & !icmp_ln253)> <Delay = 0.00>
ST_1 : Operation 374 [1/1] (0.00ns)   --->   "%inputBuf_V_54_load = load i4 %inputBuf_V_54" [/home/miguel_tfg/FINN-v0.9-Stable/deps/finn-hlslib/mvau.hpp:261]   --->   Operation 374 'load' 'inputBuf_V_54_load' <Predicate = (!icmp_ln249 & !icmp_ln253)> <Delay = 0.00>
ST_1 : Operation 375 [1/1] (0.00ns)   --->   "%inputBuf_V_55_load = load i4 %inputBuf_V_55" [/home/miguel_tfg/FINN-v0.9-Stable/deps/finn-hlslib/mvau.hpp:261]   --->   Operation 375 'load' 'inputBuf_V_55_load' <Predicate = (!icmp_ln249 & !icmp_ln253)> <Delay = 0.00>
ST_1 : Operation 376 [1/1] (0.00ns)   --->   "%inputBuf_V_56_load = load i4 %inputBuf_V_56" [/home/miguel_tfg/FINN-v0.9-Stable/deps/finn-hlslib/mvau.hpp:261]   --->   Operation 376 'load' 'inputBuf_V_56_load' <Predicate = (!icmp_ln249 & !icmp_ln253)> <Delay = 0.00>
ST_1 : Operation 377 [1/1] (0.00ns)   --->   "%inputBuf_V_57_load = load i4 %inputBuf_V_57" [/home/miguel_tfg/FINN-v0.9-Stable/deps/finn-hlslib/mvau.hpp:261]   --->   Operation 377 'load' 'inputBuf_V_57_load' <Predicate = (!icmp_ln249 & !icmp_ln253)> <Delay = 0.00>
ST_1 : Operation 378 [1/1] (0.00ns)   --->   "%inputBuf_V_58_load = load i4 %inputBuf_V_58" [/home/miguel_tfg/FINN-v0.9-Stable/deps/finn-hlslib/mvau.hpp:261]   --->   Operation 378 'load' 'inputBuf_V_58_load' <Predicate = (!icmp_ln249 & !icmp_ln253)> <Delay = 0.00>
ST_1 : Operation 379 [1/1] (0.00ns)   --->   "%inputBuf_V_59_load = load i4 %inputBuf_V_59" [/home/miguel_tfg/FINN-v0.9-Stable/deps/finn-hlslib/mvau.hpp:261]   --->   Operation 379 'load' 'inputBuf_V_59_load' <Predicate = (!icmp_ln249 & !icmp_ln253)> <Delay = 0.00>
ST_1 : Operation 380 [1/1] (0.00ns)   --->   "%inputBuf_V_60_load = load i4 %inputBuf_V_60" [/home/miguel_tfg/FINN-v0.9-Stable/deps/finn-hlslib/mvau.hpp:261]   --->   Operation 380 'load' 'inputBuf_V_60_load' <Predicate = (!icmp_ln249 & !icmp_ln253)> <Delay = 0.00>
ST_1 : Operation 381 [1/1] (0.00ns)   --->   "%inputBuf_V_61_load = load i4 %inputBuf_V_61" [/home/miguel_tfg/FINN-v0.9-Stable/deps/finn-hlslib/mvau.hpp:261]   --->   Operation 381 'load' 'inputBuf_V_61_load' <Predicate = (!icmp_ln249 & !icmp_ln253)> <Delay = 0.00>
ST_1 : Operation 382 [1/1] (0.00ns)   --->   "%inputBuf_V_62_load = load i4 %inputBuf_V_62" [/home/miguel_tfg/FINN-v0.9-Stable/deps/finn-hlslib/mvau.hpp:261]   --->   Operation 382 'load' 'inputBuf_V_62_load' <Predicate = (!icmp_ln249 & !icmp_ln253)> <Delay = 0.00>
ST_1 : Operation 383 [1/1] (0.00ns)   --->   "%inputBuf_V_63_load = load i4 %inputBuf_V_63" [/home/miguel_tfg/FINN-v0.9-Stable/deps/finn-hlslib/mvau.hpp:261]   --->   Operation 383 'load' 'inputBuf_V_63_load' <Predicate = (!icmp_ln249 & !icmp_ln253)> <Delay = 0.00>
ST_1 : Operation 384 [1/1] (0.00ns)   --->   "%inputBuf_V_64_load = load i4 %inputBuf_V_64" [/home/miguel_tfg/FINN-v0.9-Stable/deps/finn-hlslib/mvau.hpp:261]   --->   Operation 384 'load' 'inputBuf_V_64_load' <Predicate = (!icmp_ln249 & !icmp_ln253)> <Delay = 0.00>
ST_1 : Operation 385 [1/1] (0.00ns)   --->   "%inputBuf_V_65_load = load i4 %inputBuf_V_65" [/home/miguel_tfg/FINN-v0.9-Stable/deps/finn-hlslib/mvau.hpp:261]   --->   Operation 385 'load' 'inputBuf_V_65_load' <Predicate = (!icmp_ln249 & !icmp_ln253)> <Delay = 0.00>
ST_1 : Operation 386 [1/1] (0.00ns)   --->   "%inputBuf_V_66_load = load i4 %inputBuf_V_66" [/home/miguel_tfg/FINN-v0.9-Stable/deps/finn-hlslib/mvau.hpp:261]   --->   Operation 386 'load' 'inputBuf_V_66_load' <Predicate = (!icmp_ln249 & !icmp_ln253)> <Delay = 0.00>
ST_1 : Operation 387 [1/1] (0.00ns)   --->   "%inputBuf_V_67_load = load i4 %inputBuf_V_67" [/home/miguel_tfg/FINN-v0.9-Stable/deps/finn-hlslib/mvau.hpp:261]   --->   Operation 387 'load' 'inputBuf_V_67_load' <Predicate = (!icmp_ln249 & !icmp_ln253)> <Delay = 0.00>
ST_1 : Operation 388 [1/1] (0.00ns)   --->   "%inputBuf_V_68_load = load i4 %inputBuf_V_68" [/home/miguel_tfg/FINN-v0.9-Stable/deps/finn-hlslib/mvau.hpp:261]   --->   Operation 388 'load' 'inputBuf_V_68_load' <Predicate = (!icmp_ln249 & !icmp_ln253)> <Delay = 0.00>
ST_1 : Operation 389 [1/1] (0.00ns)   --->   "%inputBuf_V_69_load = load i4 %inputBuf_V_69" [/home/miguel_tfg/FINN-v0.9-Stable/deps/finn-hlslib/mvau.hpp:261]   --->   Operation 389 'load' 'inputBuf_V_69_load' <Predicate = (!icmp_ln249 & !icmp_ln253)> <Delay = 0.00>
ST_1 : Operation 390 [1/1] (0.00ns)   --->   "%inputBuf_V_70_load = load i4 %inputBuf_V_70" [/home/miguel_tfg/FINN-v0.9-Stable/deps/finn-hlslib/mvau.hpp:261]   --->   Operation 390 'load' 'inputBuf_V_70_load' <Predicate = (!icmp_ln249 & !icmp_ln253)> <Delay = 0.00>
ST_1 : Operation 391 [1/1] (0.00ns)   --->   "%inputBuf_V_71_load = load i4 %inputBuf_V_71" [/home/miguel_tfg/FINN-v0.9-Stable/deps/finn-hlslib/mvau.hpp:261]   --->   Operation 391 'load' 'inputBuf_V_71_load' <Predicate = (!icmp_ln249 & !icmp_ln253)> <Delay = 0.00>
ST_1 : Operation 392 [1/1] (0.00ns)   --->   "%inputBuf_V_72_load = load i4 %inputBuf_V_72" [/home/miguel_tfg/FINN-v0.9-Stable/deps/finn-hlslib/mvau.hpp:261]   --->   Operation 392 'load' 'inputBuf_V_72_load' <Predicate = (!icmp_ln249 & !icmp_ln253)> <Delay = 0.00>
ST_1 : Operation 393 [1/1] (0.00ns)   --->   "%inputBuf_V_73_load = load i4 %inputBuf_V_73" [/home/miguel_tfg/FINN-v0.9-Stable/deps/finn-hlslib/mvau.hpp:261]   --->   Operation 393 'load' 'inputBuf_V_73_load' <Predicate = (!icmp_ln249 & !icmp_ln253)> <Delay = 0.00>
ST_1 : Operation 394 [1/1] (0.00ns)   --->   "%inputBuf_V_74_load = load i4 %inputBuf_V_74" [/home/miguel_tfg/FINN-v0.9-Stable/deps/finn-hlslib/mvau.hpp:261]   --->   Operation 394 'load' 'inputBuf_V_74_load' <Predicate = (!icmp_ln249 & !icmp_ln253)> <Delay = 0.00>
ST_1 : Operation 395 [1/1] (0.00ns)   --->   "%inputBuf_V_75_load = load i4 %inputBuf_V_75" [/home/miguel_tfg/FINN-v0.9-Stable/deps/finn-hlslib/mvau.hpp:261]   --->   Operation 395 'load' 'inputBuf_V_75_load' <Predicate = (!icmp_ln249 & !icmp_ln253)> <Delay = 0.00>
ST_1 : Operation 396 [1/1] (0.00ns)   --->   "%inputBuf_V_76_load = load i4 %inputBuf_V_76" [/home/miguel_tfg/FINN-v0.9-Stable/deps/finn-hlslib/mvau.hpp:261]   --->   Operation 396 'load' 'inputBuf_V_76_load' <Predicate = (!icmp_ln249 & !icmp_ln253)> <Delay = 0.00>
ST_1 : Operation 397 [1/1] (0.00ns)   --->   "%inputBuf_V_77_load = load i4 %inputBuf_V_77" [/home/miguel_tfg/FINN-v0.9-Stable/deps/finn-hlslib/mvau.hpp:261]   --->   Operation 397 'load' 'inputBuf_V_77_load' <Predicate = (!icmp_ln249 & !icmp_ln253)> <Delay = 0.00>
ST_1 : Operation 398 [1/1] (0.00ns)   --->   "%inputBuf_V_78_load = load i4 %inputBuf_V_78" [/home/miguel_tfg/FINN-v0.9-Stable/deps/finn-hlslib/mvau.hpp:261]   --->   Operation 398 'load' 'inputBuf_V_78_load' <Predicate = (!icmp_ln249 & !icmp_ln253)> <Delay = 0.00>
ST_1 : Operation 399 [1/1] (0.00ns)   --->   "%inputBuf_V_79_load = load i4 %inputBuf_V_79" [/home/miguel_tfg/FINN-v0.9-Stable/deps/finn-hlslib/mvau.hpp:261]   --->   Operation 399 'load' 'inputBuf_V_79_load' <Predicate = (!icmp_ln249 & !icmp_ln253)> <Delay = 0.00>
ST_1 : Operation 400 [1/1] (0.00ns)   --->   "%inputBuf_V_80_load = load i4 %inputBuf_V_80" [/home/miguel_tfg/FINN-v0.9-Stable/deps/finn-hlslib/mvau.hpp:261]   --->   Operation 400 'load' 'inputBuf_V_80_load' <Predicate = (!icmp_ln249 & !icmp_ln253)> <Delay = 0.00>
ST_1 : Operation 401 [1/1] (0.00ns)   --->   "%inputBuf_V_81_load = load i4 %inputBuf_V_81" [/home/miguel_tfg/FINN-v0.9-Stable/deps/finn-hlslib/mvau.hpp:261]   --->   Operation 401 'load' 'inputBuf_V_81_load' <Predicate = (!icmp_ln249 & !icmp_ln253)> <Delay = 0.00>
ST_1 : Operation 402 [1/1] (0.00ns)   --->   "%inputBuf_V_82_load = load i4 %inputBuf_V_82" [/home/miguel_tfg/FINN-v0.9-Stable/deps/finn-hlslib/mvau.hpp:261]   --->   Operation 402 'load' 'inputBuf_V_82_load' <Predicate = (!icmp_ln249 & !icmp_ln253)> <Delay = 0.00>
ST_1 : Operation 403 [1/1] (0.00ns)   --->   "%inputBuf_V_83_load = load i4 %inputBuf_V_83" [/home/miguel_tfg/FINN-v0.9-Stable/deps/finn-hlslib/mvau.hpp:261]   --->   Operation 403 'load' 'inputBuf_V_83_load' <Predicate = (!icmp_ln249 & !icmp_ln253)> <Delay = 0.00>
ST_1 : Operation 404 [1/1] (0.00ns)   --->   "%inputBuf_V_84_load = load i4 %inputBuf_V_84" [/home/miguel_tfg/FINN-v0.9-Stable/deps/finn-hlslib/mvau.hpp:261]   --->   Operation 404 'load' 'inputBuf_V_84_load' <Predicate = (!icmp_ln249 & !icmp_ln253)> <Delay = 0.00>
ST_1 : Operation 405 [1/1] (0.00ns)   --->   "%inputBuf_V_85_load = load i4 %inputBuf_V_85" [/home/miguel_tfg/FINN-v0.9-Stable/deps/finn-hlslib/mvau.hpp:261]   --->   Operation 405 'load' 'inputBuf_V_85_load' <Predicate = (!icmp_ln249 & !icmp_ln253)> <Delay = 0.00>
ST_1 : Operation 406 [1/1] (0.00ns)   --->   "%inputBuf_V_86_load = load i4 %inputBuf_V_86" [/home/miguel_tfg/FINN-v0.9-Stable/deps/finn-hlslib/mvau.hpp:261]   --->   Operation 406 'load' 'inputBuf_V_86_load' <Predicate = (!icmp_ln249 & !icmp_ln253)> <Delay = 0.00>
ST_1 : Operation 407 [1/1] (0.00ns)   --->   "%inputBuf_V_87_load = load i4 %inputBuf_V_87" [/home/miguel_tfg/FINN-v0.9-Stable/deps/finn-hlslib/mvau.hpp:261]   --->   Operation 407 'load' 'inputBuf_V_87_load' <Predicate = (!icmp_ln249 & !icmp_ln253)> <Delay = 0.00>
ST_1 : Operation 408 [1/1] (0.00ns)   --->   "%inputBuf_V_88_load = load i4 %inputBuf_V_88" [/home/miguel_tfg/FINN-v0.9-Stable/deps/finn-hlslib/mvau.hpp:261]   --->   Operation 408 'load' 'inputBuf_V_88_load' <Predicate = (!icmp_ln249 & !icmp_ln253)> <Delay = 0.00>
ST_1 : Operation 409 [1/1] (0.00ns)   --->   "%inputBuf_V_89_load = load i4 %inputBuf_V_89" [/home/miguel_tfg/FINN-v0.9-Stable/deps/finn-hlslib/mvau.hpp:261]   --->   Operation 409 'load' 'inputBuf_V_89_load' <Predicate = (!icmp_ln249 & !icmp_ln253)> <Delay = 0.00>
ST_1 : Operation 410 [1/1] (0.00ns)   --->   "%inputBuf_V_90_load = load i4 %inputBuf_V_90" [/home/miguel_tfg/FINN-v0.9-Stable/deps/finn-hlslib/mvau.hpp:261]   --->   Operation 410 'load' 'inputBuf_V_90_load' <Predicate = (!icmp_ln249 & !icmp_ln253)> <Delay = 0.00>
ST_1 : Operation 411 [1/1] (0.00ns)   --->   "%inputBuf_V_91_load = load i4 %inputBuf_V_91" [/home/miguel_tfg/FINN-v0.9-Stable/deps/finn-hlslib/mvau.hpp:261]   --->   Operation 411 'load' 'inputBuf_V_91_load' <Predicate = (!icmp_ln249 & !icmp_ln253)> <Delay = 0.00>
ST_1 : Operation 412 [1/1] (0.00ns)   --->   "%inputBuf_V_92_load = load i4 %inputBuf_V_92" [/home/miguel_tfg/FINN-v0.9-Stable/deps/finn-hlslib/mvau.hpp:261]   --->   Operation 412 'load' 'inputBuf_V_92_load' <Predicate = (!icmp_ln249 & !icmp_ln253)> <Delay = 0.00>
ST_1 : Operation 413 [1/1] (0.00ns)   --->   "%inputBuf_V_93_load = load i4 %inputBuf_V_93" [/home/miguel_tfg/FINN-v0.9-Stable/deps/finn-hlslib/mvau.hpp:261]   --->   Operation 413 'load' 'inputBuf_V_93_load' <Predicate = (!icmp_ln249 & !icmp_ln253)> <Delay = 0.00>
ST_1 : Operation 414 [1/1] (0.00ns)   --->   "%inputBuf_V_94_load = load i4 %inputBuf_V_94" [/home/miguel_tfg/FINN-v0.9-Stable/deps/finn-hlslib/mvau.hpp:261]   --->   Operation 414 'load' 'inputBuf_V_94_load' <Predicate = (!icmp_ln249 & !icmp_ln253)> <Delay = 0.00>
ST_1 : Operation 415 [1/1] (0.00ns)   --->   "%inputBuf_V_95_load = load i4 %inputBuf_V_95" [/home/miguel_tfg/FINN-v0.9-Stable/deps/finn-hlslib/mvau.hpp:261]   --->   Operation 415 'load' 'inputBuf_V_95_load' <Predicate = (!icmp_ln249 & !icmp_ln253)> <Delay = 0.00>
ST_1 : Operation 416 [1/1] (0.00ns)   --->   "%inputBuf_V_96_load = load i4 %inputBuf_V_96" [/home/miguel_tfg/FINN-v0.9-Stable/deps/finn-hlslib/mvau.hpp:261]   --->   Operation 416 'load' 'inputBuf_V_96_load' <Predicate = (!icmp_ln249 & !icmp_ln253)> <Delay = 0.00>
ST_1 : Operation 417 [1/1] (0.00ns)   --->   "%inputBuf_V_97_load = load i4 %inputBuf_V_97" [/home/miguel_tfg/FINN-v0.9-Stable/deps/finn-hlslib/mvau.hpp:261]   --->   Operation 417 'load' 'inputBuf_V_97_load' <Predicate = (!icmp_ln249 & !icmp_ln253)> <Delay = 0.00>
ST_1 : Operation 418 [1/1] (0.00ns)   --->   "%inputBuf_V_98_load = load i4 %inputBuf_V_98" [/home/miguel_tfg/FINN-v0.9-Stable/deps/finn-hlslib/mvau.hpp:261]   --->   Operation 418 'load' 'inputBuf_V_98_load' <Predicate = (!icmp_ln249 & !icmp_ln253)> <Delay = 0.00>
ST_1 : Operation 419 [1/1] (0.00ns)   --->   "%inputBuf_V_99_load = load i4 %inputBuf_V_99" [/home/miguel_tfg/FINN-v0.9-Stable/deps/finn-hlslib/mvau.hpp:261]   --->   Operation 419 'load' 'inputBuf_V_99_load' <Predicate = (!icmp_ln249 & !icmp_ln253)> <Delay = 0.00>
ST_1 : Operation 420 [1/1] (0.00ns)   --->   "%inputBuf_V_100_load = load i4 %inputBuf_V_100" [/home/miguel_tfg/FINN-v0.9-Stable/deps/finn-hlslib/mvau.hpp:261]   --->   Operation 420 'load' 'inputBuf_V_100_load' <Predicate = (!icmp_ln249 & !icmp_ln253)> <Delay = 0.00>
ST_1 : Operation 421 [1/1] (0.00ns)   --->   "%inputBuf_V_101_load = load i4 %inputBuf_V_101" [/home/miguel_tfg/FINN-v0.9-Stable/deps/finn-hlslib/mvau.hpp:261]   --->   Operation 421 'load' 'inputBuf_V_101_load' <Predicate = (!icmp_ln249 & !icmp_ln253)> <Delay = 0.00>
ST_1 : Operation 422 [1/1] (0.00ns)   --->   "%inputBuf_V_102_load = load i4 %inputBuf_V_102" [/home/miguel_tfg/FINN-v0.9-Stable/deps/finn-hlslib/mvau.hpp:261]   --->   Operation 422 'load' 'inputBuf_V_102_load' <Predicate = (!icmp_ln249 & !icmp_ln253)> <Delay = 0.00>
ST_1 : Operation 423 [1/1] (0.00ns)   --->   "%inputBuf_V_103_load = load i4 %inputBuf_V_103" [/home/miguel_tfg/FINN-v0.9-Stable/deps/finn-hlslib/mvau.hpp:261]   --->   Operation 423 'load' 'inputBuf_V_103_load' <Predicate = (!icmp_ln249 & !icmp_ln253)> <Delay = 0.00>
ST_1 : Operation 424 [1/1] (0.00ns)   --->   "%inputBuf_V_104_load = load i4 %inputBuf_V_104" [/home/miguel_tfg/FINN-v0.9-Stable/deps/finn-hlslib/mvau.hpp:261]   --->   Operation 424 'load' 'inputBuf_V_104_load' <Predicate = (!icmp_ln249 & !icmp_ln253)> <Delay = 0.00>
ST_1 : Operation 425 [1/1] (0.00ns)   --->   "%inputBuf_V_105_load = load i4 %inputBuf_V_105" [/home/miguel_tfg/FINN-v0.9-Stable/deps/finn-hlslib/mvau.hpp:261]   --->   Operation 425 'load' 'inputBuf_V_105_load' <Predicate = (!icmp_ln249 & !icmp_ln253)> <Delay = 0.00>
ST_1 : Operation 426 [1/1] (0.00ns)   --->   "%inputBuf_V_106_load = load i4 %inputBuf_V_106" [/home/miguel_tfg/FINN-v0.9-Stable/deps/finn-hlslib/mvau.hpp:261]   --->   Operation 426 'load' 'inputBuf_V_106_load' <Predicate = (!icmp_ln249 & !icmp_ln253)> <Delay = 0.00>
ST_1 : Operation 427 [1/1] (0.00ns)   --->   "%inputBuf_V_107_load = load i4 %inputBuf_V_107" [/home/miguel_tfg/FINN-v0.9-Stable/deps/finn-hlslib/mvau.hpp:261]   --->   Operation 427 'load' 'inputBuf_V_107_load' <Predicate = (!icmp_ln249 & !icmp_ln253)> <Delay = 0.00>
ST_1 : Operation 428 [1/1] (0.00ns)   --->   "%inputBuf_V_108_load = load i4 %inputBuf_V_108" [/home/miguel_tfg/FINN-v0.9-Stable/deps/finn-hlslib/mvau.hpp:261]   --->   Operation 428 'load' 'inputBuf_V_108_load' <Predicate = (!icmp_ln249 & !icmp_ln253)> <Delay = 0.00>
ST_1 : Operation 429 [1/1] (0.00ns)   --->   "%inputBuf_V_109_load = load i4 %inputBuf_V_109" [/home/miguel_tfg/FINN-v0.9-Stable/deps/finn-hlslib/mvau.hpp:261]   --->   Operation 429 'load' 'inputBuf_V_109_load' <Predicate = (!icmp_ln249 & !icmp_ln253)> <Delay = 0.00>
ST_1 : Operation 430 [1/1] (0.00ns)   --->   "%inputBuf_V_110_load = load i4 %inputBuf_V_110" [/home/miguel_tfg/FINN-v0.9-Stable/deps/finn-hlslib/mvau.hpp:261]   --->   Operation 430 'load' 'inputBuf_V_110_load' <Predicate = (!icmp_ln249 & !icmp_ln253)> <Delay = 0.00>
ST_1 : Operation 431 [1/1] (0.00ns)   --->   "%inputBuf_V_111_load = load i4 %inputBuf_V_111" [/home/miguel_tfg/FINN-v0.9-Stable/deps/finn-hlslib/mvau.hpp:261]   --->   Operation 431 'load' 'inputBuf_V_111_load' <Predicate = (!icmp_ln249 & !icmp_ln253)> <Delay = 0.00>
ST_1 : Operation 432 [1/1] (0.00ns)   --->   "%inputBuf_V_112_load = load i4 %inputBuf_V_112" [/home/miguel_tfg/FINN-v0.9-Stable/deps/finn-hlslib/mvau.hpp:261]   --->   Operation 432 'load' 'inputBuf_V_112_load' <Predicate = (!icmp_ln249 & !icmp_ln253)> <Delay = 0.00>
ST_1 : Operation 433 [1/1] (0.00ns)   --->   "%inputBuf_V_113_load = load i4 %inputBuf_V_113" [/home/miguel_tfg/FINN-v0.9-Stable/deps/finn-hlslib/mvau.hpp:261]   --->   Operation 433 'load' 'inputBuf_V_113_load' <Predicate = (!icmp_ln249 & !icmp_ln253)> <Delay = 0.00>
ST_1 : Operation 434 [1/1] (0.00ns)   --->   "%inputBuf_V_114_load = load i4 %inputBuf_V_114" [/home/miguel_tfg/FINN-v0.9-Stable/deps/finn-hlslib/mvau.hpp:261]   --->   Operation 434 'load' 'inputBuf_V_114_load' <Predicate = (!icmp_ln249 & !icmp_ln253)> <Delay = 0.00>
ST_1 : Operation 435 [1/1] (0.00ns)   --->   "%inputBuf_V_115_load = load i4 %inputBuf_V_115" [/home/miguel_tfg/FINN-v0.9-Stable/deps/finn-hlslib/mvau.hpp:261]   --->   Operation 435 'load' 'inputBuf_V_115_load' <Predicate = (!icmp_ln249 & !icmp_ln253)> <Delay = 0.00>
ST_1 : Operation 436 [1/1] (0.00ns)   --->   "%inputBuf_V_116_load = load i4 %inputBuf_V_116" [/home/miguel_tfg/FINN-v0.9-Stable/deps/finn-hlslib/mvau.hpp:261]   --->   Operation 436 'load' 'inputBuf_V_116_load' <Predicate = (!icmp_ln249 & !icmp_ln253)> <Delay = 0.00>
ST_1 : Operation 437 [1/1] (0.00ns)   --->   "%inputBuf_V_117_load = load i4 %inputBuf_V_117" [/home/miguel_tfg/FINN-v0.9-Stable/deps/finn-hlslib/mvau.hpp:261]   --->   Operation 437 'load' 'inputBuf_V_117_load' <Predicate = (!icmp_ln249 & !icmp_ln253)> <Delay = 0.00>
ST_1 : Operation 438 [1/1] (0.00ns)   --->   "%inputBuf_V_118_load = load i4 %inputBuf_V_118" [/home/miguel_tfg/FINN-v0.9-Stable/deps/finn-hlslib/mvau.hpp:261]   --->   Operation 438 'load' 'inputBuf_V_118_load' <Predicate = (!icmp_ln249 & !icmp_ln253)> <Delay = 0.00>
ST_1 : Operation 439 [1/1] (0.00ns)   --->   "%inputBuf_V_119_load = load i4 %inputBuf_V_119" [/home/miguel_tfg/FINN-v0.9-Stable/deps/finn-hlslib/mvau.hpp:261]   --->   Operation 439 'load' 'inputBuf_V_119_load' <Predicate = (!icmp_ln249 & !icmp_ln253)> <Delay = 0.00>
ST_1 : Operation 440 [1/1] (0.00ns)   --->   "%inputBuf_V_120_load = load i4 %inputBuf_V_120" [/home/miguel_tfg/FINN-v0.9-Stable/deps/finn-hlslib/mvau.hpp:261]   --->   Operation 440 'load' 'inputBuf_V_120_load' <Predicate = (!icmp_ln249 & !icmp_ln253)> <Delay = 0.00>
ST_1 : Operation 441 [1/1] (0.00ns)   --->   "%inputBuf_V_121_load = load i4 %inputBuf_V_121" [/home/miguel_tfg/FINN-v0.9-Stable/deps/finn-hlslib/mvau.hpp:261]   --->   Operation 441 'load' 'inputBuf_V_121_load' <Predicate = (!icmp_ln249 & !icmp_ln253)> <Delay = 0.00>
ST_1 : Operation 442 [1/1] (0.00ns)   --->   "%inputBuf_V_122_load = load i4 %inputBuf_V_122" [/home/miguel_tfg/FINN-v0.9-Stable/deps/finn-hlslib/mvau.hpp:261]   --->   Operation 442 'load' 'inputBuf_V_122_load' <Predicate = (!icmp_ln249 & !icmp_ln253)> <Delay = 0.00>
ST_1 : Operation 443 [1/1] (0.00ns)   --->   "%inputBuf_V_123_load = load i4 %inputBuf_V_123" [/home/miguel_tfg/FINN-v0.9-Stable/deps/finn-hlslib/mvau.hpp:261]   --->   Operation 443 'load' 'inputBuf_V_123_load' <Predicate = (!icmp_ln249 & !icmp_ln253)> <Delay = 0.00>
ST_1 : Operation 444 [1/1] (0.00ns)   --->   "%inputBuf_V_124_load = load i4 %inputBuf_V_124" [/home/miguel_tfg/FINN-v0.9-Stable/deps/finn-hlslib/mvau.hpp:261]   --->   Operation 444 'load' 'inputBuf_V_124_load' <Predicate = (!icmp_ln249 & !icmp_ln253)> <Delay = 0.00>
ST_1 : Operation 445 [1/1] (0.00ns)   --->   "%inputBuf_V_125_load = load i4 %inputBuf_V_125" [/home/miguel_tfg/FINN-v0.9-Stable/deps/finn-hlslib/mvau.hpp:261]   --->   Operation 445 'load' 'inputBuf_V_125_load' <Predicate = (!icmp_ln249 & !icmp_ln253)> <Delay = 0.00>
ST_1 : Operation 446 [1/1] (0.00ns)   --->   "%inputBuf_V_126_load = load i4 %inputBuf_V_126" [/home/miguel_tfg/FINN-v0.9-Stable/deps/finn-hlslib/mvau.hpp:261]   --->   Operation 446 'load' 'inputBuf_V_126_load' <Predicate = (!icmp_ln249 & !icmp_ln253)> <Delay = 0.00>
ST_1 : Operation 447 [1/1] (0.00ns)   --->   "%inputBuf_V_127_load = load i4 %inputBuf_V_127" [/home/miguel_tfg/FINN-v0.9-Stable/deps/finn-hlslib/mvau.hpp:261]   --->   Operation 447 'load' 'inputBuf_V_127_load' <Predicate = (!icmp_ln249 & !icmp_ln253)> <Delay = 0.00>
ST_1 : Operation 448 [1/1] (0.00ns)   --->   "%inputBuf_V_128_load = load i4 %inputBuf_V_128" [/home/miguel_tfg/FINN-v0.9-Stable/deps/finn-hlslib/mvau.hpp:261]   --->   Operation 448 'load' 'inputBuf_V_128_load' <Predicate = (!icmp_ln249 & !icmp_ln253)> <Delay = 0.00>
ST_1 : Operation 449 [1/1] (0.00ns)   --->   "%inputBuf_V_129_load = load i4 %inputBuf_V_129" [/home/miguel_tfg/FINN-v0.9-Stable/deps/finn-hlslib/mvau.hpp:261]   --->   Operation 449 'load' 'inputBuf_V_129_load' <Predicate = (!icmp_ln249 & !icmp_ln253)> <Delay = 0.00>
ST_1 : Operation 450 [1/1] (0.00ns)   --->   "%inputBuf_V_130_load = load i4 %inputBuf_V_130" [/home/miguel_tfg/FINN-v0.9-Stable/deps/finn-hlslib/mvau.hpp:261]   --->   Operation 450 'load' 'inputBuf_V_130_load' <Predicate = (!icmp_ln249 & !icmp_ln253)> <Delay = 0.00>
ST_1 : Operation 451 [1/1] (0.00ns)   --->   "%inputBuf_V_131_load = load i4 %inputBuf_V_131" [/home/miguel_tfg/FINN-v0.9-Stable/deps/finn-hlslib/mvau.hpp:261]   --->   Operation 451 'load' 'inputBuf_V_131_load' <Predicate = (!icmp_ln249 & !icmp_ln253)> <Delay = 0.00>
ST_1 : Operation 452 [1/1] (0.00ns)   --->   "%inputBuf_V_132_load = load i4 %inputBuf_V_132" [/home/miguel_tfg/FINN-v0.9-Stable/deps/finn-hlslib/mvau.hpp:261]   --->   Operation 452 'load' 'inputBuf_V_132_load' <Predicate = (!icmp_ln249 & !icmp_ln253)> <Delay = 0.00>
ST_1 : Operation 453 [1/1] (0.00ns)   --->   "%inputBuf_V_133_load = load i4 %inputBuf_V_133" [/home/miguel_tfg/FINN-v0.9-Stable/deps/finn-hlslib/mvau.hpp:261]   --->   Operation 453 'load' 'inputBuf_V_133_load' <Predicate = (!icmp_ln249 & !icmp_ln253)> <Delay = 0.00>
ST_1 : Operation 454 [1/1] (0.00ns)   --->   "%inputBuf_V_134_load = load i4 %inputBuf_V_134" [/home/miguel_tfg/FINN-v0.9-Stable/deps/finn-hlslib/mvau.hpp:261]   --->   Operation 454 'load' 'inputBuf_V_134_load' <Predicate = (!icmp_ln249 & !icmp_ln253)> <Delay = 0.00>
ST_1 : Operation 455 [1/1] (0.00ns)   --->   "%inputBuf_V_135_load = load i4 %inputBuf_V_135" [/home/miguel_tfg/FINN-v0.9-Stable/deps/finn-hlslib/mvau.hpp:261]   --->   Operation 455 'load' 'inputBuf_V_135_load' <Predicate = (!icmp_ln249 & !icmp_ln253)> <Delay = 0.00>
ST_1 : Operation 456 [1/1] (0.00ns)   --->   "%inputBuf_V_136_load = load i4 %inputBuf_V_136" [/home/miguel_tfg/FINN-v0.9-Stable/deps/finn-hlslib/mvau.hpp:261]   --->   Operation 456 'load' 'inputBuf_V_136_load' <Predicate = (!icmp_ln249 & !icmp_ln253)> <Delay = 0.00>
ST_1 : Operation 457 [1/1] (0.00ns)   --->   "%inputBuf_V_137_load = load i4 %inputBuf_V_137" [/home/miguel_tfg/FINN-v0.9-Stable/deps/finn-hlslib/mvau.hpp:261]   --->   Operation 457 'load' 'inputBuf_V_137_load' <Predicate = (!icmp_ln249 & !icmp_ln253)> <Delay = 0.00>
ST_1 : Operation 458 [1/1] (0.00ns)   --->   "%inputBuf_V_138_load = load i4 %inputBuf_V_138" [/home/miguel_tfg/FINN-v0.9-Stable/deps/finn-hlslib/mvau.hpp:261]   --->   Operation 458 'load' 'inputBuf_V_138_load' <Predicate = (!icmp_ln249 & !icmp_ln253)> <Delay = 0.00>
ST_1 : Operation 459 [1/1] (0.00ns)   --->   "%inputBuf_V_139_load = load i4 %inputBuf_V_139" [/home/miguel_tfg/FINN-v0.9-Stable/deps/finn-hlslib/mvau.hpp:261]   --->   Operation 459 'load' 'inputBuf_V_139_load' <Predicate = (!icmp_ln249 & !icmp_ln253)> <Delay = 0.00>
ST_1 : Operation 460 [1/1] (0.00ns)   --->   "%inputBuf_V_140_load = load i4 %inputBuf_V_140" [/home/miguel_tfg/FINN-v0.9-Stable/deps/finn-hlslib/mvau.hpp:261]   --->   Operation 460 'load' 'inputBuf_V_140_load' <Predicate = (!icmp_ln249 & !icmp_ln253)> <Delay = 0.00>
ST_1 : Operation 461 [1/1] (0.00ns)   --->   "%inputBuf_V_141_load = load i4 %inputBuf_V_141" [/home/miguel_tfg/FINN-v0.9-Stable/deps/finn-hlslib/mvau.hpp:261]   --->   Operation 461 'load' 'inputBuf_V_141_load' <Predicate = (!icmp_ln249 & !icmp_ln253)> <Delay = 0.00>
ST_1 : Operation 462 [1/1] (0.00ns)   --->   "%inputBuf_V_142_load = load i4 %inputBuf_V_142" [/home/miguel_tfg/FINN-v0.9-Stable/deps/finn-hlslib/mvau.hpp:261]   --->   Operation 462 'load' 'inputBuf_V_142_load' <Predicate = (!icmp_ln249 & !icmp_ln253)> <Delay = 0.00>
ST_1 : Operation 463 [1/1] (0.00ns)   --->   "%inputBuf_V_143_load = load i4 %inputBuf_V_143" [/home/miguel_tfg/FINN-v0.9-Stable/deps/finn-hlslib/mvau.hpp:261]   --->   Operation 463 'load' 'inputBuf_V_143_load' <Predicate = (!icmp_ln249 & !icmp_ln253)> <Delay = 0.00>
ST_1 : Operation 464 [1/1] (0.00ns)   --->   "%inputBuf_V_144_load = load i4 %inputBuf_V_144" [/home/miguel_tfg/FINN-v0.9-Stable/deps/finn-hlslib/mvau.hpp:261]   --->   Operation 464 'load' 'inputBuf_V_144_load' <Predicate = (!icmp_ln249 & !icmp_ln253)> <Delay = 0.00>
ST_1 : Operation 465 [1/1] (0.00ns)   --->   "%inputBuf_V_145_load = load i4 %inputBuf_V_145" [/home/miguel_tfg/FINN-v0.9-Stable/deps/finn-hlslib/mvau.hpp:261]   --->   Operation 465 'load' 'inputBuf_V_145_load' <Predicate = (!icmp_ln249 & !icmp_ln253)> <Delay = 0.00>
ST_1 : Operation 466 [1/1] (0.00ns)   --->   "%inputBuf_V_146_load = load i4 %inputBuf_V_146" [/home/miguel_tfg/FINN-v0.9-Stable/deps/finn-hlslib/mvau.hpp:261]   --->   Operation 466 'load' 'inputBuf_V_146_load' <Predicate = (!icmp_ln249 & !icmp_ln253)> <Delay = 0.00>
ST_1 : Operation 467 [1/1] (0.00ns)   --->   "%inputBuf_V_147_load = load i4 %inputBuf_V_147" [/home/miguel_tfg/FINN-v0.9-Stable/deps/finn-hlslib/mvau.hpp:261]   --->   Operation 467 'load' 'inputBuf_V_147_load' <Predicate = (!icmp_ln249 & !icmp_ln253)> <Delay = 0.00>
ST_1 : Operation 468 [1/1] (0.00ns)   --->   "%inputBuf_V_148_load = load i4 %inputBuf_V_148" [/home/miguel_tfg/FINN-v0.9-Stable/deps/finn-hlslib/mvau.hpp:261]   --->   Operation 468 'load' 'inputBuf_V_148_load' <Predicate = (!icmp_ln249 & !icmp_ln253)> <Delay = 0.00>
ST_1 : Operation 469 [1/1] (0.00ns)   --->   "%inputBuf_V_149_load = load i4 %inputBuf_V_149" [/home/miguel_tfg/FINN-v0.9-Stable/deps/finn-hlslib/mvau.hpp:261]   --->   Operation 469 'load' 'inputBuf_V_149_load' <Predicate = (!icmp_ln249 & !icmp_ln253)> <Delay = 0.00>
ST_1 : Operation 470 [1/1] (0.00ns)   --->   "%inputBuf_V_150_load = load i4 %inputBuf_V_150" [/home/miguel_tfg/FINN-v0.9-Stable/deps/finn-hlslib/mvau.hpp:261]   --->   Operation 470 'load' 'inputBuf_V_150_load' <Predicate = (!icmp_ln249 & !icmp_ln253)> <Delay = 0.00>
ST_1 : Operation 471 [1/1] (0.00ns)   --->   "%inputBuf_V_151_load = load i4 %inputBuf_V_151" [/home/miguel_tfg/FINN-v0.9-Stable/deps/finn-hlslib/mvau.hpp:261]   --->   Operation 471 'load' 'inputBuf_V_151_load' <Predicate = (!icmp_ln249 & !icmp_ln253)> <Delay = 0.00>
ST_1 : Operation 472 [1/1] (0.00ns)   --->   "%inputBuf_V_152_load = load i4 %inputBuf_V_152" [/home/miguel_tfg/FINN-v0.9-Stable/deps/finn-hlslib/mvau.hpp:261]   --->   Operation 472 'load' 'inputBuf_V_152_load' <Predicate = (!icmp_ln249 & !icmp_ln253)> <Delay = 0.00>
ST_1 : Operation 473 [1/1] (0.00ns)   --->   "%inputBuf_V_153_load = load i4 %inputBuf_V_153" [/home/miguel_tfg/FINN-v0.9-Stable/deps/finn-hlslib/mvau.hpp:261]   --->   Operation 473 'load' 'inputBuf_V_153_load' <Predicate = (!icmp_ln249 & !icmp_ln253)> <Delay = 0.00>
ST_1 : Operation 474 [1/1] (0.00ns)   --->   "%inputBuf_V_154_load = load i4 %inputBuf_V_154" [/home/miguel_tfg/FINN-v0.9-Stable/deps/finn-hlslib/mvau.hpp:261]   --->   Operation 474 'load' 'inputBuf_V_154_load' <Predicate = (!icmp_ln249 & !icmp_ln253)> <Delay = 0.00>
ST_1 : Operation 475 [1/1] (0.00ns)   --->   "%inputBuf_V_155_load = load i4 %inputBuf_V_155" [/home/miguel_tfg/FINN-v0.9-Stable/deps/finn-hlslib/mvau.hpp:261]   --->   Operation 475 'load' 'inputBuf_V_155_load' <Predicate = (!icmp_ln249 & !icmp_ln253)> <Delay = 0.00>
ST_1 : Operation 476 [1/1] (0.00ns)   --->   "%inputBuf_V_156_load = load i4 %inputBuf_V_156" [/home/miguel_tfg/FINN-v0.9-Stable/deps/finn-hlslib/mvau.hpp:261]   --->   Operation 476 'load' 'inputBuf_V_156_load' <Predicate = (!icmp_ln249 & !icmp_ln253)> <Delay = 0.00>
ST_1 : Operation 477 [1/1] (0.00ns)   --->   "%inputBuf_V_157_load = load i4 %inputBuf_V_157" [/home/miguel_tfg/FINN-v0.9-Stable/deps/finn-hlslib/mvau.hpp:261]   --->   Operation 477 'load' 'inputBuf_V_157_load' <Predicate = (!icmp_ln249 & !icmp_ln253)> <Delay = 0.00>
ST_1 : Operation 478 [1/1] (0.00ns)   --->   "%inputBuf_V_158_load = load i4 %inputBuf_V_158" [/home/miguel_tfg/FINN-v0.9-Stable/deps/finn-hlslib/mvau.hpp:261]   --->   Operation 478 'load' 'inputBuf_V_158_load' <Predicate = (!icmp_ln249 & !icmp_ln253)> <Delay = 0.00>
ST_1 : Operation 479 [1/1] (0.00ns)   --->   "%inputBuf_V_159_load = load i4 %inputBuf_V_159" [/home/miguel_tfg/FINN-v0.9-Stable/deps/finn-hlslib/mvau.hpp:261]   --->   Operation 479 'load' 'inputBuf_V_159_load' <Predicate = (!icmp_ln249 & !icmp_ln253)> <Delay = 0.00>
ST_1 : Operation 480 [1/1] (0.00ns)   --->   "%inputBuf_V_160_load = load i4 %inputBuf_V_160" [/home/miguel_tfg/FINN-v0.9-Stable/deps/finn-hlslib/mvau.hpp:261]   --->   Operation 480 'load' 'inputBuf_V_160_load' <Predicate = (!icmp_ln249 & !icmp_ln253)> <Delay = 0.00>
ST_1 : Operation 481 [1/1] (0.00ns)   --->   "%inputBuf_V_161_load = load i4 %inputBuf_V_161" [/home/miguel_tfg/FINN-v0.9-Stable/deps/finn-hlslib/mvau.hpp:261]   --->   Operation 481 'load' 'inputBuf_V_161_load' <Predicate = (!icmp_ln249 & !icmp_ln253)> <Delay = 0.00>
ST_1 : Operation 482 [1/1] (0.00ns)   --->   "%inputBuf_V_162_load = load i4 %inputBuf_V_162" [/home/miguel_tfg/FINN-v0.9-Stable/deps/finn-hlslib/mvau.hpp:261]   --->   Operation 482 'load' 'inputBuf_V_162_load' <Predicate = (!icmp_ln249 & !icmp_ln253)> <Delay = 0.00>
ST_1 : Operation 483 [1/1] (0.00ns)   --->   "%inputBuf_V_163_load = load i4 %inputBuf_V_163" [/home/miguel_tfg/FINN-v0.9-Stable/deps/finn-hlslib/mvau.hpp:261]   --->   Operation 483 'load' 'inputBuf_V_163_load' <Predicate = (!icmp_ln249 & !icmp_ln253)> <Delay = 0.00>
ST_1 : Operation 484 [1/1] (0.00ns)   --->   "%inputBuf_V_164_load = load i4 %inputBuf_V_164" [/home/miguel_tfg/FINN-v0.9-Stable/deps/finn-hlslib/mvau.hpp:261]   --->   Operation 484 'load' 'inputBuf_V_164_load' <Predicate = (!icmp_ln249 & !icmp_ln253)> <Delay = 0.00>
ST_1 : Operation 485 [1/1] (0.00ns)   --->   "%inputBuf_V_165_load = load i4 %inputBuf_V_165" [/home/miguel_tfg/FINN-v0.9-Stable/deps/finn-hlslib/mvau.hpp:261]   --->   Operation 485 'load' 'inputBuf_V_165_load' <Predicate = (!icmp_ln249 & !icmp_ln253)> <Delay = 0.00>
ST_1 : Operation 486 [1/1] (0.00ns)   --->   "%inputBuf_V_166_load = load i4 %inputBuf_V_166" [/home/miguel_tfg/FINN-v0.9-Stable/deps/finn-hlslib/mvau.hpp:261]   --->   Operation 486 'load' 'inputBuf_V_166_load' <Predicate = (!icmp_ln249 & !icmp_ln253)> <Delay = 0.00>
ST_1 : Operation 487 [1/1] (0.00ns)   --->   "%inputBuf_V_167_load = load i4 %inputBuf_V_167" [/home/miguel_tfg/FINN-v0.9-Stable/deps/finn-hlslib/mvau.hpp:261]   --->   Operation 487 'load' 'inputBuf_V_167_load' <Predicate = (!icmp_ln249 & !icmp_ln253)> <Delay = 0.00>
ST_1 : Operation 488 [1/1] (0.00ns)   --->   "%inputBuf_V_168_load = load i4 %inputBuf_V_168" [/home/miguel_tfg/FINN-v0.9-Stable/deps/finn-hlslib/mvau.hpp:261]   --->   Operation 488 'load' 'inputBuf_V_168_load' <Predicate = (!icmp_ln249 & !icmp_ln253)> <Delay = 0.00>
ST_1 : Operation 489 [1/1] (0.00ns)   --->   "%inputBuf_V_169_load = load i4 %inputBuf_V_169" [/home/miguel_tfg/FINN-v0.9-Stable/deps/finn-hlslib/mvau.hpp:261]   --->   Operation 489 'load' 'inputBuf_V_169_load' <Predicate = (!icmp_ln249 & !icmp_ln253)> <Delay = 0.00>
ST_1 : Operation 490 [1/1] (0.00ns)   --->   "%inputBuf_V_170_load = load i4 %inputBuf_V_170" [/home/miguel_tfg/FINN-v0.9-Stable/deps/finn-hlslib/mvau.hpp:261]   --->   Operation 490 'load' 'inputBuf_V_170_load' <Predicate = (!icmp_ln249 & !icmp_ln253)> <Delay = 0.00>
ST_1 : Operation 491 [1/1] (0.00ns)   --->   "%inputBuf_V_171_load = load i4 %inputBuf_V_171" [/home/miguel_tfg/FINN-v0.9-Stable/deps/finn-hlslib/mvau.hpp:261]   --->   Operation 491 'load' 'inputBuf_V_171_load' <Predicate = (!icmp_ln249 & !icmp_ln253)> <Delay = 0.00>
ST_1 : Operation 492 [1/1] (0.00ns)   --->   "%inputBuf_V_172_load = load i4 %inputBuf_V_172" [/home/miguel_tfg/FINN-v0.9-Stable/deps/finn-hlslib/mvau.hpp:261]   --->   Operation 492 'load' 'inputBuf_V_172_load' <Predicate = (!icmp_ln249 & !icmp_ln253)> <Delay = 0.00>
ST_1 : Operation 493 [1/1] (0.00ns)   --->   "%inputBuf_V_173_load = load i4 %inputBuf_V_173" [/home/miguel_tfg/FINN-v0.9-Stable/deps/finn-hlslib/mvau.hpp:261]   --->   Operation 493 'load' 'inputBuf_V_173_load' <Predicate = (!icmp_ln249 & !icmp_ln253)> <Delay = 0.00>
ST_1 : Operation 494 [1/1] (0.00ns)   --->   "%inputBuf_V_174_load = load i4 %inputBuf_V_174" [/home/miguel_tfg/FINN-v0.9-Stable/deps/finn-hlslib/mvau.hpp:261]   --->   Operation 494 'load' 'inputBuf_V_174_load' <Predicate = (!icmp_ln249 & !icmp_ln253)> <Delay = 0.00>
ST_1 : Operation 495 [1/1] (0.00ns)   --->   "%inputBuf_V_175_load = load i4 %inputBuf_V_175" [/home/miguel_tfg/FINN-v0.9-Stable/deps/finn-hlslib/mvau.hpp:261]   --->   Operation 495 'load' 'inputBuf_V_175_load' <Predicate = (!icmp_ln249 & !icmp_ln253)> <Delay = 0.00>
ST_1 : Operation 496 [1/1] (0.00ns)   --->   "%inputBuf_V_176_load = load i4 %inputBuf_V_176" [/home/miguel_tfg/FINN-v0.9-Stable/deps/finn-hlslib/mvau.hpp:261]   --->   Operation 496 'load' 'inputBuf_V_176_load' <Predicate = (!icmp_ln249 & !icmp_ln253)> <Delay = 0.00>
ST_1 : Operation 497 [1/1] (0.00ns)   --->   "%inputBuf_V_177_load = load i4 %inputBuf_V_177" [/home/miguel_tfg/FINN-v0.9-Stable/deps/finn-hlslib/mvau.hpp:261]   --->   Operation 497 'load' 'inputBuf_V_177_load' <Predicate = (!icmp_ln249 & !icmp_ln253)> <Delay = 0.00>
ST_1 : Operation 498 [1/1] (0.00ns)   --->   "%inputBuf_V_178_load = load i4 %inputBuf_V_178" [/home/miguel_tfg/FINN-v0.9-Stable/deps/finn-hlslib/mvau.hpp:261]   --->   Operation 498 'load' 'inputBuf_V_178_load' <Predicate = (!icmp_ln249 & !icmp_ln253)> <Delay = 0.00>
ST_1 : Operation 499 [1/1] (0.00ns)   --->   "%inputBuf_V_179_load = load i4 %inputBuf_V_179" [/home/miguel_tfg/FINN-v0.9-Stable/deps/finn-hlslib/mvau.hpp:261]   --->   Operation 499 'load' 'inputBuf_V_179_load' <Predicate = (!icmp_ln249 & !icmp_ln253)> <Delay = 0.00>
ST_1 : Operation 500 [1/1] (0.00ns)   --->   "%inputBuf_V_180_load = load i4 %inputBuf_V_180" [/home/miguel_tfg/FINN-v0.9-Stable/deps/finn-hlslib/mvau.hpp:261]   --->   Operation 500 'load' 'inputBuf_V_180_load' <Predicate = (!icmp_ln249 & !icmp_ln253)> <Delay = 0.00>
ST_1 : Operation 501 [1/1] (0.00ns)   --->   "%inputBuf_V_181_load = load i4 %inputBuf_V_181" [/home/miguel_tfg/FINN-v0.9-Stable/deps/finn-hlslib/mvau.hpp:261]   --->   Operation 501 'load' 'inputBuf_V_181_load' <Predicate = (!icmp_ln249 & !icmp_ln253)> <Delay = 0.00>
ST_1 : Operation 502 [1/1] (0.00ns)   --->   "%inputBuf_V_182_load = load i4 %inputBuf_V_182" [/home/miguel_tfg/FINN-v0.9-Stable/deps/finn-hlslib/mvau.hpp:261]   --->   Operation 502 'load' 'inputBuf_V_182_load' <Predicate = (!icmp_ln249 & !icmp_ln253)> <Delay = 0.00>
ST_1 : Operation 503 [1/1] (0.00ns)   --->   "%inputBuf_V_183_load = load i4 %inputBuf_V_183" [/home/miguel_tfg/FINN-v0.9-Stable/deps/finn-hlslib/mvau.hpp:261]   --->   Operation 503 'load' 'inputBuf_V_183_load' <Predicate = (!icmp_ln249 & !icmp_ln253)> <Delay = 0.00>
ST_1 : Operation 504 [1/1] (0.00ns)   --->   "%inputBuf_V_184_load = load i4 %inputBuf_V_184" [/home/miguel_tfg/FINN-v0.9-Stable/deps/finn-hlslib/mvau.hpp:261]   --->   Operation 504 'load' 'inputBuf_V_184_load' <Predicate = (!icmp_ln249 & !icmp_ln253)> <Delay = 0.00>
ST_1 : Operation 505 [1/1] (0.00ns)   --->   "%inputBuf_V_185_load = load i4 %inputBuf_V_185" [/home/miguel_tfg/FINN-v0.9-Stable/deps/finn-hlslib/mvau.hpp:261]   --->   Operation 505 'load' 'inputBuf_V_185_load' <Predicate = (!icmp_ln249 & !icmp_ln253)> <Delay = 0.00>
ST_1 : Operation 506 [1/1] (0.00ns)   --->   "%inputBuf_V_186_load = load i4 %inputBuf_V_186" [/home/miguel_tfg/FINN-v0.9-Stable/deps/finn-hlslib/mvau.hpp:261]   --->   Operation 506 'load' 'inputBuf_V_186_load' <Predicate = (!icmp_ln249 & !icmp_ln253)> <Delay = 0.00>
ST_1 : Operation 507 [1/1] (0.00ns)   --->   "%inputBuf_V_187_load = load i4 %inputBuf_V_187" [/home/miguel_tfg/FINN-v0.9-Stable/deps/finn-hlslib/mvau.hpp:261]   --->   Operation 507 'load' 'inputBuf_V_187_load' <Predicate = (!icmp_ln249 & !icmp_ln253)> <Delay = 0.00>
ST_1 : Operation 508 [1/1] (0.00ns)   --->   "%inputBuf_V_188_load = load i4 %inputBuf_V_188" [/home/miguel_tfg/FINN-v0.9-Stable/deps/finn-hlslib/mvau.hpp:261]   --->   Operation 508 'load' 'inputBuf_V_188_load' <Predicate = (!icmp_ln249 & !icmp_ln253)> <Delay = 0.00>
ST_1 : Operation 509 [1/1] (0.00ns)   --->   "%inputBuf_V_189_load = load i4 %inputBuf_V_189" [/home/miguel_tfg/FINN-v0.9-Stable/deps/finn-hlslib/mvau.hpp:261]   --->   Operation 509 'load' 'inputBuf_V_189_load' <Predicate = (!icmp_ln249 & !icmp_ln253)> <Delay = 0.00>
ST_1 : Operation 510 [1/1] (0.00ns)   --->   "%inputBuf_V_190_load = load i4 %inputBuf_V_190" [/home/miguel_tfg/FINN-v0.9-Stable/deps/finn-hlslib/mvau.hpp:261]   --->   Operation 510 'load' 'inputBuf_V_190_load' <Predicate = (!icmp_ln249 & !icmp_ln253)> <Delay = 0.00>
ST_1 : Operation 511 [1/1] (0.00ns)   --->   "%inputBuf_V_191_load = load i4 %inputBuf_V_191" [/home/miguel_tfg/FINN-v0.9-Stable/deps/finn-hlslib/mvau.hpp:261]   --->   Operation 511 'load' 'inputBuf_V_191_load' <Predicate = (!icmp_ln249 & !icmp_ln253)> <Delay = 0.00>
ST_1 : Operation 512 [1/1] (0.00ns)   --->   "%inputBuf_V_192_load = load i4 %inputBuf_V_192" [/home/miguel_tfg/FINN-v0.9-Stable/deps/finn-hlslib/mvau.hpp:261]   --->   Operation 512 'load' 'inputBuf_V_192_load' <Predicate = (!icmp_ln249 & !icmp_ln253)> <Delay = 0.00>
ST_1 : Operation 513 [1/1] (0.00ns)   --->   "%inputBuf_V_193_load = load i4 %inputBuf_V_193" [/home/miguel_tfg/FINN-v0.9-Stable/deps/finn-hlslib/mvau.hpp:261]   --->   Operation 513 'load' 'inputBuf_V_193_load' <Predicate = (!icmp_ln249 & !icmp_ln253)> <Delay = 0.00>
ST_1 : Operation 514 [1/1] (0.00ns)   --->   "%inputBuf_V_194_load = load i4 %inputBuf_V_194" [/home/miguel_tfg/FINN-v0.9-Stable/deps/finn-hlslib/mvau.hpp:261]   --->   Operation 514 'load' 'inputBuf_V_194_load' <Predicate = (!icmp_ln249 & !icmp_ln253)> <Delay = 0.00>
ST_1 : Operation 515 [1/1] (0.00ns)   --->   "%inputBuf_V_195_load = load i4 %inputBuf_V_195" [/home/miguel_tfg/FINN-v0.9-Stable/deps/finn-hlslib/mvau.hpp:261]   --->   Operation 515 'load' 'inputBuf_V_195_load' <Predicate = (!icmp_ln249 & !icmp_ln253)> <Delay = 0.00>
ST_1 : Operation 516 [1/1] (0.00ns)   --->   "%inputBuf_V_196_load = load i4 %inputBuf_V_196" [/home/miguel_tfg/FINN-v0.9-Stable/deps/finn-hlslib/mvau.hpp:261]   --->   Operation 516 'load' 'inputBuf_V_196_load' <Predicate = (!icmp_ln249 & !icmp_ln253)> <Delay = 0.00>
ST_1 : Operation 517 [1/1] (0.00ns)   --->   "%inputBuf_V_197_load = load i4 %inputBuf_V_197" [/home/miguel_tfg/FINN-v0.9-Stable/deps/finn-hlslib/mvau.hpp:261]   --->   Operation 517 'load' 'inputBuf_V_197_load' <Predicate = (!icmp_ln249 & !icmp_ln253)> <Delay = 0.00>
ST_1 : Operation 518 [1/1] (0.00ns)   --->   "%inputBuf_V_198_load = load i4 %inputBuf_V_198" [/home/miguel_tfg/FINN-v0.9-Stable/deps/finn-hlslib/mvau.hpp:261]   --->   Operation 518 'load' 'inputBuf_V_198_load' <Predicate = (!icmp_ln249 & !icmp_ln253)> <Delay = 0.00>
ST_1 : Operation 519 [1/1] (0.00ns)   --->   "%inputBuf_V_199_load = load i4 %inputBuf_V_199" [/home/miguel_tfg/FINN-v0.9-Stable/deps/finn-hlslib/mvau.hpp:261]   --->   Operation 519 'load' 'inputBuf_V_199_load' <Predicate = (!icmp_ln249 & !icmp_ln253)> <Delay = 0.00>
ST_1 : Operation 520 [1/1] (0.00ns)   --->   "%inputBuf_V_200_load = load i4 %inputBuf_V_200" [/home/miguel_tfg/FINN-v0.9-Stable/deps/finn-hlslib/mvau.hpp:261]   --->   Operation 520 'load' 'inputBuf_V_200_load' <Predicate = (!icmp_ln249 & !icmp_ln253)> <Delay = 0.00>
ST_1 : Operation 521 [1/1] (0.00ns)   --->   "%inputBuf_V_201_load = load i4 %inputBuf_V_201" [/home/miguel_tfg/FINN-v0.9-Stable/deps/finn-hlslib/mvau.hpp:261]   --->   Operation 521 'load' 'inputBuf_V_201_load' <Predicate = (!icmp_ln249 & !icmp_ln253)> <Delay = 0.00>
ST_1 : Operation 522 [1/1] (0.00ns)   --->   "%inputBuf_V_202_load = load i4 %inputBuf_V_202" [/home/miguel_tfg/FINN-v0.9-Stable/deps/finn-hlslib/mvau.hpp:261]   --->   Operation 522 'load' 'inputBuf_V_202_load' <Predicate = (!icmp_ln249 & !icmp_ln253)> <Delay = 0.00>
ST_1 : Operation 523 [1/1] (0.00ns)   --->   "%inputBuf_V_203_load = load i4 %inputBuf_V_203" [/home/miguel_tfg/FINN-v0.9-Stable/deps/finn-hlslib/mvau.hpp:261]   --->   Operation 523 'load' 'inputBuf_V_203_load' <Predicate = (!icmp_ln249 & !icmp_ln253)> <Delay = 0.00>
ST_1 : Operation 524 [1/1] (0.00ns)   --->   "%inputBuf_V_204_load = load i4 %inputBuf_V_204" [/home/miguel_tfg/FINN-v0.9-Stable/deps/finn-hlslib/mvau.hpp:261]   --->   Operation 524 'load' 'inputBuf_V_204_load' <Predicate = (!icmp_ln249 & !icmp_ln253)> <Delay = 0.00>
ST_1 : Operation 525 [1/1] (0.00ns)   --->   "%inputBuf_V_205_load = load i4 %inputBuf_V_205" [/home/miguel_tfg/FINN-v0.9-Stable/deps/finn-hlslib/mvau.hpp:261]   --->   Operation 525 'load' 'inputBuf_V_205_load' <Predicate = (!icmp_ln249 & !icmp_ln253)> <Delay = 0.00>
ST_1 : Operation 526 [1/1] (0.00ns)   --->   "%inputBuf_V_206_load = load i4 %inputBuf_V_206" [/home/miguel_tfg/FINN-v0.9-Stable/deps/finn-hlslib/mvau.hpp:261]   --->   Operation 526 'load' 'inputBuf_V_206_load' <Predicate = (!icmp_ln249 & !icmp_ln253)> <Delay = 0.00>
ST_1 : Operation 527 [1/1] (0.00ns)   --->   "%inputBuf_V_207_load = load i4 %inputBuf_V_207" [/home/miguel_tfg/FINN-v0.9-Stable/deps/finn-hlslib/mvau.hpp:261]   --->   Operation 527 'load' 'inputBuf_V_207_load' <Predicate = (!icmp_ln249 & !icmp_ln253)> <Delay = 0.00>
ST_1 : Operation 528 [1/1] (0.00ns)   --->   "%inputBuf_V_208_load = load i4 %inputBuf_V_208" [/home/miguel_tfg/FINN-v0.9-Stable/deps/finn-hlslib/mvau.hpp:261]   --->   Operation 528 'load' 'inputBuf_V_208_load' <Predicate = (!icmp_ln249 & !icmp_ln253)> <Delay = 0.00>
ST_1 : Operation 529 [1/1] (0.00ns)   --->   "%inputBuf_V_209_load = load i4 %inputBuf_V_209" [/home/miguel_tfg/FINN-v0.9-Stable/deps/finn-hlslib/mvau.hpp:261]   --->   Operation 529 'load' 'inputBuf_V_209_load' <Predicate = (!icmp_ln249 & !icmp_ln253)> <Delay = 0.00>
ST_1 : Operation 530 [1/1] (0.00ns)   --->   "%inputBuf_V_210_load = load i4 %inputBuf_V_210" [/home/miguel_tfg/FINN-v0.9-Stable/deps/finn-hlslib/mvau.hpp:261]   --->   Operation 530 'load' 'inputBuf_V_210_load' <Predicate = (!icmp_ln249 & !icmp_ln253)> <Delay = 0.00>
ST_1 : Operation 531 [1/1] (0.00ns)   --->   "%inputBuf_V_211_load = load i4 %inputBuf_V_211" [/home/miguel_tfg/FINN-v0.9-Stable/deps/finn-hlslib/mvau.hpp:261]   --->   Operation 531 'load' 'inputBuf_V_211_load' <Predicate = (!icmp_ln249 & !icmp_ln253)> <Delay = 0.00>
ST_1 : Operation 532 [1/1] (0.00ns)   --->   "%inputBuf_V_212_load = load i4 %inputBuf_V_212" [/home/miguel_tfg/FINN-v0.9-Stable/deps/finn-hlslib/mvau.hpp:261]   --->   Operation 532 'load' 'inputBuf_V_212_load' <Predicate = (!icmp_ln249 & !icmp_ln253)> <Delay = 0.00>
ST_1 : Operation 533 [1/1] (0.00ns)   --->   "%inputBuf_V_213_load = load i4 %inputBuf_V_213" [/home/miguel_tfg/FINN-v0.9-Stable/deps/finn-hlslib/mvau.hpp:261]   --->   Operation 533 'load' 'inputBuf_V_213_load' <Predicate = (!icmp_ln249 & !icmp_ln253)> <Delay = 0.00>
ST_1 : Operation 534 [1/1] (0.00ns)   --->   "%inputBuf_V_214_load = load i4 %inputBuf_V_214" [/home/miguel_tfg/FINN-v0.9-Stable/deps/finn-hlslib/mvau.hpp:261]   --->   Operation 534 'load' 'inputBuf_V_214_load' <Predicate = (!icmp_ln249 & !icmp_ln253)> <Delay = 0.00>
ST_1 : Operation 535 [1/1] (0.00ns)   --->   "%inputBuf_V_215_load = load i4 %inputBuf_V_215" [/home/miguel_tfg/FINN-v0.9-Stable/deps/finn-hlslib/mvau.hpp:261]   --->   Operation 535 'load' 'inputBuf_V_215_load' <Predicate = (!icmp_ln249 & !icmp_ln253)> <Delay = 0.00>
ST_1 : Operation 536 [1/1] (0.00ns)   --->   "%inputBuf_V_216_load = load i4 %inputBuf_V_216" [/home/miguel_tfg/FINN-v0.9-Stable/deps/finn-hlslib/mvau.hpp:261]   --->   Operation 536 'load' 'inputBuf_V_216_load' <Predicate = (!icmp_ln249 & !icmp_ln253)> <Delay = 0.00>
ST_1 : Operation 537 [1/1] (0.00ns)   --->   "%inputBuf_V_217_load = load i4 %inputBuf_V_217" [/home/miguel_tfg/FINN-v0.9-Stable/deps/finn-hlslib/mvau.hpp:261]   --->   Operation 537 'load' 'inputBuf_V_217_load' <Predicate = (!icmp_ln249 & !icmp_ln253)> <Delay = 0.00>
ST_1 : Operation 538 [1/1] (0.00ns)   --->   "%inputBuf_V_218_load = load i4 %inputBuf_V_218" [/home/miguel_tfg/FINN-v0.9-Stable/deps/finn-hlslib/mvau.hpp:261]   --->   Operation 538 'load' 'inputBuf_V_218_load' <Predicate = (!icmp_ln249 & !icmp_ln253)> <Delay = 0.00>
ST_1 : Operation 539 [1/1] (0.00ns)   --->   "%inputBuf_V_219_load = load i4 %inputBuf_V_219" [/home/miguel_tfg/FINN-v0.9-Stable/deps/finn-hlslib/mvau.hpp:261]   --->   Operation 539 'load' 'inputBuf_V_219_load' <Predicate = (!icmp_ln249 & !icmp_ln253)> <Delay = 0.00>
ST_1 : Operation 540 [1/1] (0.00ns)   --->   "%inputBuf_V_220_load = load i4 %inputBuf_V_220" [/home/miguel_tfg/FINN-v0.9-Stable/deps/finn-hlslib/mvau.hpp:261]   --->   Operation 540 'load' 'inputBuf_V_220_load' <Predicate = (!icmp_ln249 & !icmp_ln253)> <Delay = 0.00>
ST_1 : Operation 541 [1/1] (0.00ns)   --->   "%inputBuf_V_221_load = load i4 %inputBuf_V_221" [/home/miguel_tfg/FINN-v0.9-Stable/deps/finn-hlslib/mvau.hpp:261]   --->   Operation 541 'load' 'inputBuf_V_221_load' <Predicate = (!icmp_ln249 & !icmp_ln253)> <Delay = 0.00>
ST_1 : Operation 542 [1/1] (0.00ns)   --->   "%inputBuf_V_222_load = load i4 %inputBuf_V_222" [/home/miguel_tfg/FINN-v0.9-Stable/deps/finn-hlslib/mvau.hpp:261]   --->   Operation 542 'load' 'inputBuf_V_222_load' <Predicate = (!icmp_ln249 & !icmp_ln253)> <Delay = 0.00>
ST_1 : Operation 543 [1/1] (0.00ns)   --->   "%inputBuf_V_223_load = load i4 %inputBuf_V_223" [/home/miguel_tfg/FINN-v0.9-Stable/deps/finn-hlslib/mvau.hpp:261]   --->   Operation 543 'load' 'inputBuf_V_223_load' <Predicate = (!icmp_ln249 & !icmp_ln253)> <Delay = 0.00>
ST_1 : Operation 544 [1/1] (0.00ns)   --->   "%inputBuf_V_224_load = load i4 %inputBuf_V_224" [/home/miguel_tfg/FINN-v0.9-Stable/deps/finn-hlslib/mvau.hpp:261]   --->   Operation 544 'load' 'inputBuf_V_224_load' <Predicate = (!icmp_ln249 & !icmp_ln253)> <Delay = 0.00>
ST_1 : Operation 545 [1/1] (0.00ns)   --->   "%inputBuf_V_225_load = load i4 %inputBuf_V_225" [/home/miguel_tfg/FINN-v0.9-Stable/deps/finn-hlslib/mvau.hpp:261]   --->   Operation 545 'load' 'inputBuf_V_225_load' <Predicate = (!icmp_ln249 & !icmp_ln253)> <Delay = 0.00>
ST_1 : Operation 546 [1/1] (0.00ns)   --->   "%inputBuf_V_226_load = load i4 %inputBuf_V_226" [/home/miguel_tfg/FINN-v0.9-Stable/deps/finn-hlslib/mvau.hpp:261]   --->   Operation 546 'load' 'inputBuf_V_226_load' <Predicate = (!icmp_ln249 & !icmp_ln253)> <Delay = 0.00>
ST_1 : Operation 547 [1/1] (0.00ns)   --->   "%inputBuf_V_227_load = load i4 %inputBuf_V_227" [/home/miguel_tfg/FINN-v0.9-Stable/deps/finn-hlslib/mvau.hpp:261]   --->   Operation 547 'load' 'inputBuf_V_227_load' <Predicate = (!icmp_ln249 & !icmp_ln253)> <Delay = 0.00>
ST_1 : Operation 548 [1/1] (0.00ns)   --->   "%inputBuf_V_228_load = load i4 %inputBuf_V_228" [/home/miguel_tfg/FINN-v0.9-Stable/deps/finn-hlslib/mvau.hpp:261]   --->   Operation 548 'load' 'inputBuf_V_228_load' <Predicate = (!icmp_ln249 & !icmp_ln253)> <Delay = 0.00>
ST_1 : Operation 549 [1/1] (0.00ns)   --->   "%inputBuf_V_229_load = load i4 %inputBuf_V_229" [/home/miguel_tfg/FINN-v0.9-Stable/deps/finn-hlslib/mvau.hpp:261]   --->   Operation 549 'load' 'inputBuf_V_229_load' <Predicate = (!icmp_ln249 & !icmp_ln253)> <Delay = 0.00>
ST_1 : Operation 550 [1/1] (0.00ns)   --->   "%inputBuf_V_230_load = load i4 %inputBuf_V_230" [/home/miguel_tfg/FINN-v0.9-Stable/deps/finn-hlslib/mvau.hpp:261]   --->   Operation 550 'load' 'inputBuf_V_230_load' <Predicate = (!icmp_ln249 & !icmp_ln253)> <Delay = 0.00>
ST_1 : Operation 551 [1/1] (0.00ns)   --->   "%inputBuf_V_231_load = load i4 %inputBuf_V_231" [/home/miguel_tfg/FINN-v0.9-Stable/deps/finn-hlslib/mvau.hpp:261]   --->   Operation 551 'load' 'inputBuf_V_231_load' <Predicate = (!icmp_ln249 & !icmp_ln253)> <Delay = 0.00>
ST_1 : Operation 552 [1/1] (0.00ns)   --->   "%inputBuf_V_232_load = load i4 %inputBuf_V_232" [/home/miguel_tfg/FINN-v0.9-Stable/deps/finn-hlslib/mvau.hpp:261]   --->   Operation 552 'load' 'inputBuf_V_232_load' <Predicate = (!icmp_ln249 & !icmp_ln253)> <Delay = 0.00>
ST_1 : Operation 553 [1/1] (0.00ns)   --->   "%inputBuf_V_233_load = load i4 %inputBuf_V_233" [/home/miguel_tfg/FINN-v0.9-Stable/deps/finn-hlslib/mvau.hpp:261]   --->   Operation 553 'load' 'inputBuf_V_233_load' <Predicate = (!icmp_ln249 & !icmp_ln253)> <Delay = 0.00>
ST_1 : Operation 554 [1/1] (0.00ns)   --->   "%inputBuf_V_234_load = load i4 %inputBuf_V_234" [/home/miguel_tfg/FINN-v0.9-Stable/deps/finn-hlslib/mvau.hpp:261]   --->   Operation 554 'load' 'inputBuf_V_234_load' <Predicate = (!icmp_ln249 & !icmp_ln253)> <Delay = 0.00>
ST_1 : Operation 555 [1/1] (0.00ns)   --->   "%inputBuf_V_235_load = load i4 %inputBuf_V_235" [/home/miguel_tfg/FINN-v0.9-Stable/deps/finn-hlslib/mvau.hpp:261]   --->   Operation 555 'load' 'inputBuf_V_235_load' <Predicate = (!icmp_ln249 & !icmp_ln253)> <Delay = 0.00>
ST_1 : Operation 556 [1/1] (0.00ns)   --->   "%inputBuf_V_236_load = load i4 %inputBuf_V_236" [/home/miguel_tfg/FINN-v0.9-Stable/deps/finn-hlslib/mvau.hpp:261]   --->   Operation 556 'load' 'inputBuf_V_236_load' <Predicate = (!icmp_ln249 & !icmp_ln253)> <Delay = 0.00>
ST_1 : Operation 557 [1/1] (0.00ns)   --->   "%inputBuf_V_237_load = load i4 %inputBuf_V_237" [/home/miguel_tfg/FINN-v0.9-Stable/deps/finn-hlslib/mvau.hpp:261]   --->   Operation 557 'load' 'inputBuf_V_237_load' <Predicate = (!icmp_ln249 & !icmp_ln253)> <Delay = 0.00>
ST_1 : Operation 558 [1/1] (0.00ns)   --->   "%inputBuf_V_238_load = load i4 %inputBuf_V_238" [/home/miguel_tfg/FINN-v0.9-Stable/deps/finn-hlslib/mvau.hpp:261]   --->   Operation 558 'load' 'inputBuf_V_238_load' <Predicate = (!icmp_ln249 & !icmp_ln253)> <Delay = 0.00>
ST_1 : Operation 559 [1/1] (0.00ns)   --->   "%inputBuf_V_239_load = load i4 %inputBuf_V_239" [/home/miguel_tfg/FINN-v0.9-Stable/deps/finn-hlslib/mvau.hpp:261]   --->   Operation 559 'load' 'inputBuf_V_239_load' <Predicate = (!icmp_ln249 & !icmp_ln253)> <Delay = 0.00>
ST_1 : Operation 560 [1/1] (0.00ns)   --->   "%inputBuf_V_240_load = load i4 %inputBuf_V_240" [/home/miguel_tfg/FINN-v0.9-Stable/deps/finn-hlslib/mvau.hpp:261]   --->   Operation 560 'load' 'inputBuf_V_240_load' <Predicate = (!icmp_ln249 & !icmp_ln253)> <Delay = 0.00>
ST_1 : Operation 561 [1/1] (0.00ns)   --->   "%inputBuf_V_241_load = load i4 %inputBuf_V_241" [/home/miguel_tfg/FINN-v0.9-Stable/deps/finn-hlslib/mvau.hpp:261]   --->   Operation 561 'load' 'inputBuf_V_241_load' <Predicate = (!icmp_ln249 & !icmp_ln253)> <Delay = 0.00>
ST_1 : Operation 562 [1/1] (0.00ns)   --->   "%inputBuf_V_242_load = load i4 %inputBuf_V_242" [/home/miguel_tfg/FINN-v0.9-Stable/deps/finn-hlslib/mvau.hpp:261]   --->   Operation 562 'load' 'inputBuf_V_242_load' <Predicate = (!icmp_ln249 & !icmp_ln253)> <Delay = 0.00>
ST_1 : Operation 563 [1/1] (0.00ns)   --->   "%inputBuf_V_243_load = load i4 %inputBuf_V_243" [/home/miguel_tfg/FINN-v0.9-Stable/deps/finn-hlslib/mvau.hpp:261]   --->   Operation 563 'load' 'inputBuf_V_243_load' <Predicate = (!icmp_ln249 & !icmp_ln253)> <Delay = 0.00>
ST_1 : Operation 564 [1/1] (0.00ns)   --->   "%inputBuf_V_244_load = load i4 %inputBuf_V_244" [/home/miguel_tfg/FINN-v0.9-Stable/deps/finn-hlslib/mvau.hpp:261]   --->   Operation 564 'load' 'inputBuf_V_244_load' <Predicate = (!icmp_ln249 & !icmp_ln253)> <Delay = 0.00>
ST_1 : Operation 565 [1/1] (0.00ns)   --->   "%inputBuf_V_245_load = load i4 %inputBuf_V_245" [/home/miguel_tfg/FINN-v0.9-Stable/deps/finn-hlslib/mvau.hpp:261]   --->   Operation 565 'load' 'inputBuf_V_245_load' <Predicate = (!icmp_ln249 & !icmp_ln253)> <Delay = 0.00>
ST_1 : Operation 566 [1/1] (0.00ns)   --->   "%inputBuf_V_246_load = load i4 %inputBuf_V_246" [/home/miguel_tfg/FINN-v0.9-Stable/deps/finn-hlslib/mvau.hpp:261]   --->   Operation 566 'load' 'inputBuf_V_246_load' <Predicate = (!icmp_ln249 & !icmp_ln253)> <Delay = 0.00>
ST_1 : Operation 567 [1/1] (0.00ns)   --->   "%inputBuf_V_247_load = load i4 %inputBuf_V_247" [/home/miguel_tfg/FINN-v0.9-Stable/deps/finn-hlslib/mvau.hpp:261]   --->   Operation 567 'load' 'inputBuf_V_247_load' <Predicate = (!icmp_ln249 & !icmp_ln253)> <Delay = 0.00>
ST_1 : Operation 568 [1/1] (0.00ns)   --->   "%inputBuf_V_248_load = load i4 %inputBuf_V_248" [/home/miguel_tfg/FINN-v0.9-Stable/deps/finn-hlslib/mvau.hpp:261]   --->   Operation 568 'load' 'inputBuf_V_248_load' <Predicate = (!icmp_ln249 & !icmp_ln253)> <Delay = 0.00>
ST_1 : Operation 569 [1/1] (0.00ns)   --->   "%inputBuf_V_249_load = load i4 %inputBuf_V_249" [/home/miguel_tfg/FINN-v0.9-Stable/deps/finn-hlslib/mvau.hpp:261]   --->   Operation 569 'load' 'inputBuf_V_249_load' <Predicate = (!icmp_ln249 & !icmp_ln253)> <Delay = 0.00>
ST_1 : Operation 570 [1/1] (0.00ns)   --->   "%inputBuf_V_250_load = load i4 %inputBuf_V_250" [/home/miguel_tfg/FINN-v0.9-Stable/deps/finn-hlslib/mvau.hpp:261]   --->   Operation 570 'load' 'inputBuf_V_250_load' <Predicate = (!icmp_ln249 & !icmp_ln253)> <Delay = 0.00>
ST_1 : Operation 571 [1/1] (0.00ns)   --->   "%inputBuf_V_251_load = load i4 %inputBuf_V_251" [/home/miguel_tfg/FINN-v0.9-Stable/deps/finn-hlslib/mvau.hpp:261]   --->   Operation 571 'load' 'inputBuf_V_251_load' <Predicate = (!icmp_ln249 & !icmp_ln253)> <Delay = 0.00>
ST_1 : Operation 572 [1/1] (0.00ns)   --->   "%inputBuf_V_252_load = load i4 %inputBuf_V_252" [/home/miguel_tfg/FINN-v0.9-Stable/deps/finn-hlslib/mvau.hpp:261]   --->   Operation 572 'load' 'inputBuf_V_252_load' <Predicate = (!icmp_ln249 & !icmp_ln253)> <Delay = 0.00>
ST_1 : Operation 573 [1/1] (0.00ns)   --->   "%inputBuf_V_253_load = load i4 %inputBuf_V_253" [/home/miguel_tfg/FINN-v0.9-Stable/deps/finn-hlslib/mvau.hpp:261]   --->   Operation 573 'load' 'inputBuf_V_253_load' <Predicate = (!icmp_ln249 & !icmp_ln253)> <Delay = 0.00>
ST_1 : Operation 574 [1/1] (0.00ns)   --->   "%inputBuf_V_254_load = load i4 %inputBuf_V_254" [/home/miguel_tfg/FINN-v0.9-Stable/deps/finn-hlslib/mvau.hpp:261]   --->   Operation 574 'load' 'inputBuf_V_254_load' <Predicate = (!icmp_ln249 & !icmp_ln253)> <Delay = 0.00>
ST_1 : Operation 575 [1/1] (0.00ns)   --->   "%inputBuf_V_255_load = load i4 %inputBuf_V_255" [/home/miguel_tfg/FINN-v0.9-Stable/deps/finn-hlslib/mvau.hpp:261]   --->   Operation 575 'load' 'inputBuf_V_255_load' <Predicate = (!icmp_ln249 & !icmp_ln253)> <Delay = 0.00>
ST_1 : Operation 576 [1/1] (0.00ns)   --->   "%inputBuf_V_256_load = load i4 %inputBuf_V_256" [/home/miguel_tfg/FINN-v0.9-Stable/deps/finn-hlslib/mvau.hpp:261]   --->   Operation 576 'load' 'inputBuf_V_256_load' <Predicate = (!icmp_ln249 & !icmp_ln253)> <Delay = 0.00>
ST_1 : Operation 577 [1/1] (0.00ns)   --->   "%inputBuf_V_257_load = load i4 %inputBuf_V_257" [/home/miguel_tfg/FINN-v0.9-Stable/deps/finn-hlslib/mvau.hpp:261]   --->   Operation 577 'load' 'inputBuf_V_257_load' <Predicate = (!icmp_ln249 & !icmp_ln253)> <Delay = 0.00>
ST_1 : Operation 578 [1/1] (0.00ns)   --->   "%inputBuf_V_258_load = load i4 %inputBuf_V_258" [/home/miguel_tfg/FINN-v0.9-Stable/deps/finn-hlslib/mvau.hpp:261]   --->   Operation 578 'load' 'inputBuf_V_258_load' <Predicate = (!icmp_ln249 & !icmp_ln253)> <Delay = 0.00>
ST_1 : Operation 579 [1/1] (0.00ns)   --->   "%inputBuf_V_259_load = load i4 %inputBuf_V_259" [/home/miguel_tfg/FINN-v0.9-Stable/deps/finn-hlslib/mvau.hpp:261]   --->   Operation 579 'load' 'inputBuf_V_259_load' <Predicate = (!icmp_ln249 & !icmp_ln253)> <Delay = 0.00>
ST_1 : Operation 580 [1/1] (0.00ns)   --->   "%inputBuf_V_260_load = load i4 %inputBuf_V_260" [/home/miguel_tfg/FINN-v0.9-Stable/deps/finn-hlslib/mvau.hpp:261]   --->   Operation 580 'load' 'inputBuf_V_260_load' <Predicate = (!icmp_ln249 & !icmp_ln253)> <Delay = 0.00>
ST_1 : Operation 581 [1/1] (0.00ns)   --->   "%inputBuf_V_261_load = load i4 %inputBuf_V_261" [/home/miguel_tfg/FINN-v0.9-Stable/deps/finn-hlslib/mvau.hpp:261]   --->   Operation 581 'load' 'inputBuf_V_261_load' <Predicate = (!icmp_ln249 & !icmp_ln253)> <Delay = 0.00>
ST_1 : Operation 582 [1/1] (0.00ns)   --->   "%inputBuf_V_262_load = load i4 %inputBuf_V_262" [/home/miguel_tfg/FINN-v0.9-Stable/deps/finn-hlslib/mvau.hpp:261]   --->   Operation 582 'load' 'inputBuf_V_262_load' <Predicate = (!icmp_ln249 & !icmp_ln253)> <Delay = 0.00>
ST_1 : Operation 583 [1/1] (0.00ns)   --->   "%inputBuf_V_263_load = load i4 %inputBuf_V_263" [/home/miguel_tfg/FINN-v0.9-Stable/deps/finn-hlslib/mvau.hpp:261]   --->   Operation 583 'load' 'inputBuf_V_263_load' <Predicate = (!icmp_ln249 & !icmp_ln253)> <Delay = 0.00>
ST_1 : Operation 584 [1/1] (0.00ns)   --->   "%inputBuf_V_264_load = load i4 %inputBuf_V_264" [/home/miguel_tfg/FINN-v0.9-Stable/deps/finn-hlslib/mvau.hpp:261]   --->   Operation 584 'load' 'inputBuf_V_264_load' <Predicate = (!icmp_ln249 & !icmp_ln253)> <Delay = 0.00>
ST_1 : Operation 585 [1/1] (0.00ns)   --->   "%inputBuf_V_265_load = load i4 %inputBuf_V_265" [/home/miguel_tfg/FINN-v0.9-Stable/deps/finn-hlslib/mvau.hpp:261]   --->   Operation 585 'load' 'inputBuf_V_265_load' <Predicate = (!icmp_ln249 & !icmp_ln253)> <Delay = 0.00>
ST_1 : Operation 586 [1/1] (0.00ns)   --->   "%inputBuf_V_266_load = load i4 %inputBuf_V_266" [/home/miguel_tfg/FINN-v0.9-Stable/deps/finn-hlslib/mvau.hpp:261]   --->   Operation 586 'load' 'inputBuf_V_266_load' <Predicate = (!icmp_ln249 & !icmp_ln253)> <Delay = 0.00>
ST_1 : Operation 587 [1/1] (0.00ns)   --->   "%inputBuf_V_267_load = load i4 %inputBuf_V_267" [/home/miguel_tfg/FINN-v0.9-Stable/deps/finn-hlslib/mvau.hpp:261]   --->   Operation 587 'load' 'inputBuf_V_267_load' <Predicate = (!icmp_ln249 & !icmp_ln253)> <Delay = 0.00>
ST_1 : Operation 588 [1/1] (0.00ns)   --->   "%inputBuf_V_268_load = load i4 %inputBuf_V_268" [/home/miguel_tfg/FINN-v0.9-Stable/deps/finn-hlslib/mvau.hpp:261]   --->   Operation 588 'load' 'inputBuf_V_268_load' <Predicate = (!icmp_ln249 & !icmp_ln253)> <Delay = 0.00>
ST_1 : Operation 589 [1/1] (0.00ns)   --->   "%inputBuf_V_269_load = load i4 %inputBuf_V_269" [/home/miguel_tfg/FINN-v0.9-Stable/deps/finn-hlslib/mvau.hpp:261]   --->   Operation 589 'load' 'inputBuf_V_269_load' <Predicate = (!icmp_ln249 & !icmp_ln253)> <Delay = 0.00>
ST_1 : Operation 590 [1/1] (0.00ns)   --->   "%inputBuf_V_270_load = load i4 %inputBuf_V_270" [/home/miguel_tfg/FINN-v0.9-Stable/deps/finn-hlslib/mvau.hpp:261]   --->   Operation 590 'load' 'inputBuf_V_270_load' <Predicate = (!icmp_ln249 & !icmp_ln253)> <Delay = 0.00>
ST_1 : Operation 591 [1/1] (0.00ns)   --->   "%inputBuf_V_271_load = load i4 %inputBuf_V_271" [/home/miguel_tfg/FINN-v0.9-Stable/deps/finn-hlslib/mvau.hpp:261]   --->   Operation 591 'load' 'inputBuf_V_271_load' <Predicate = (!icmp_ln249 & !icmp_ln253)> <Delay = 0.00>
ST_1 : Operation 592 [1/1] (0.00ns)   --->   "%inputBuf_V_272_load = load i4 %inputBuf_V_272" [/home/miguel_tfg/FINN-v0.9-Stable/deps/finn-hlslib/mvau.hpp:261]   --->   Operation 592 'load' 'inputBuf_V_272_load' <Predicate = (!icmp_ln249 & !icmp_ln253)> <Delay = 0.00>
ST_1 : Operation 593 [1/1] (0.00ns)   --->   "%inputBuf_V_273_load = load i4 %inputBuf_V_273" [/home/miguel_tfg/FINN-v0.9-Stable/deps/finn-hlslib/mvau.hpp:261]   --->   Operation 593 'load' 'inputBuf_V_273_load' <Predicate = (!icmp_ln249 & !icmp_ln253)> <Delay = 0.00>
ST_1 : Operation 594 [1/1] (0.00ns)   --->   "%inputBuf_V_274_load = load i4 %inputBuf_V_274" [/home/miguel_tfg/FINN-v0.9-Stable/deps/finn-hlslib/mvau.hpp:261]   --->   Operation 594 'load' 'inputBuf_V_274_load' <Predicate = (!icmp_ln249 & !icmp_ln253)> <Delay = 0.00>
ST_1 : Operation 595 [1/1] (0.00ns)   --->   "%inputBuf_V_275_load = load i4 %inputBuf_V_275" [/home/miguel_tfg/FINN-v0.9-Stable/deps/finn-hlslib/mvau.hpp:261]   --->   Operation 595 'load' 'inputBuf_V_275_load' <Predicate = (!icmp_ln249 & !icmp_ln253)> <Delay = 0.00>
ST_1 : Operation 596 [1/1] (0.00ns)   --->   "%inputBuf_V_276_load = load i4 %inputBuf_V_276" [/home/miguel_tfg/FINN-v0.9-Stable/deps/finn-hlslib/mvau.hpp:261]   --->   Operation 596 'load' 'inputBuf_V_276_load' <Predicate = (!icmp_ln249 & !icmp_ln253)> <Delay = 0.00>
ST_1 : Operation 597 [1/1] (0.00ns)   --->   "%inputBuf_V_277_load = load i4 %inputBuf_V_277" [/home/miguel_tfg/FINN-v0.9-Stable/deps/finn-hlslib/mvau.hpp:261]   --->   Operation 597 'load' 'inputBuf_V_277_load' <Predicate = (!icmp_ln249 & !icmp_ln253)> <Delay = 0.00>
ST_1 : Operation 598 [1/1] (0.00ns)   --->   "%inputBuf_V_278_load = load i4 %inputBuf_V_278" [/home/miguel_tfg/FINN-v0.9-Stable/deps/finn-hlslib/mvau.hpp:261]   --->   Operation 598 'load' 'inputBuf_V_278_load' <Predicate = (!icmp_ln249 & !icmp_ln253)> <Delay = 0.00>
ST_1 : Operation 599 [1/1] (0.00ns)   --->   "%inputBuf_V_279_load = load i4 %inputBuf_V_279" [/home/miguel_tfg/FINN-v0.9-Stable/deps/finn-hlslib/mvau.hpp:261]   --->   Operation 599 'load' 'inputBuf_V_279_load' <Predicate = (!icmp_ln249 & !icmp_ln253)> <Delay = 0.00>
ST_1 : Operation 600 [1/1] (0.00ns)   --->   "%inputBuf_V_280_load = load i4 %inputBuf_V_280" [/home/miguel_tfg/FINN-v0.9-Stable/deps/finn-hlslib/mvau.hpp:261]   --->   Operation 600 'load' 'inputBuf_V_280_load' <Predicate = (!icmp_ln249 & !icmp_ln253)> <Delay = 0.00>
ST_1 : Operation 601 [1/1] (0.00ns)   --->   "%inputBuf_V_281_load = load i4 %inputBuf_V_281" [/home/miguel_tfg/FINN-v0.9-Stable/deps/finn-hlslib/mvau.hpp:261]   --->   Operation 601 'load' 'inputBuf_V_281_load' <Predicate = (!icmp_ln249 & !icmp_ln253)> <Delay = 0.00>
ST_1 : Operation 602 [1/1] (0.00ns)   --->   "%inputBuf_V_282_load = load i4 %inputBuf_V_282" [/home/miguel_tfg/FINN-v0.9-Stable/deps/finn-hlslib/mvau.hpp:261]   --->   Operation 602 'load' 'inputBuf_V_282_load' <Predicate = (!icmp_ln249 & !icmp_ln253)> <Delay = 0.00>
ST_1 : Operation 603 [1/1] (0.00ns)   --->   "%inputBuf_V_283_load = load i4 %inputBuf_V_283" [/home/miguel_tfg/FINN-v0.9-Stable/deps/finn-hlslib/mvau.hpp:261]   --->   Operation 603 'load' 'inputBuf_V_283_load' <Predicate = (!icmp_ln249 & !icmp_ln253)> <Delay = 0.00>
ST_1 : Operation 604 [1/1] (0.00ns)   --->   "%inputBuf_V_284_load = load i4 %inputBuf_V_284" [/home/miguel_tfg/FINN-v0.9-Stable/deps/finn-hlslib/mvau.hpp:261]   --->   Operation 604 'load' 'inputBuf_V_284_load' <Predicate = (!icmp_ln249 & !icmp_ln253)> <Delay = 0.00>
ST_1 : Operation 605 [1/1] (0.00ns)   --->   "%inputBuf_V_285_load = load i4 %inputBuf_V_285" [/home/miguel_tfg/FINN-v0.9-Stable/deps/finn-hlslib/mvau.hpp:261]   --->   Operation 605 'load' 'inputBuf_V_285_load' <Predicate = (!icmp_ln249 & !icmp_ln253)> <Delay = 0.00>
ST_1 : Operation 606 [1/1] (0.00ns)   --->   "%inputBuf_V_286_load = load i4 %inputBuf_V_286" [/home/miguel_tfg/FINN-v0.9-Stable/deps/finn-hlslib/mvau.hpp:261]   --->   Operation 606 'load' 'inputBuf_V_286_load' <Predicate = (!icmp_ln249 & !icmp_ln253)> <Delay = 0.00>
ST_1 : Operation 607 [1/1] (0.00ns)   --->   "%inputBuf_V_287_load = load i4 %inputBuf_V_287" [/home/miguel_tfg/FINN-v0.9-Stable/deps/finn-hlslib/mvau.hpp:261]   --->   Operation 607 'load' 'inputBuf_V_287_load' <Predicate = (!icmp_ln249 & !icmp_ln253)> <Delay = 0.00>
ST_1 : Operation 608 [1/1] (0.00ns)   --->   "%trunc_ln261 = trunc i32 %sf_1" [/home/miguel_tfg/FINN-v0.9-Stable/deps/finn-hlslib/mvau.hpp:261]   --->   Operation 608 'trunc' 'trunc_ln261' <Predicate = (!icmp_ln249 & !icmp_ln253)> <Delay = 0.00>
ST_1 : Operation 609 [1/1] (4.84ns)   --->   "%tmp = mux i4 @_ssdm_op_Mux.ap_auto.288i4.i9, i4 %inputBuf_V_load, i4 %inputBuf_V_1_load, i4 %inputBuf_V_2_load, i4 %inputBuf_V_3_load, i4 %inputBuf_V_4_load, i4 %inputBuf_V_5_load, i4 %inputBuf_V_6_load, i4 %inputBuf_V_7_load, i4 %inputBuf_V_8_load, i4 %inputBuf_V_9_load, i4 %inputBuf_V_10_load, i4 %inputBuf_V_11_load, i4 %inputBuf_V_12_load, i4 %inputBuf_V_13_load, i4 %inputBuf_V_14_load, i4 %inputBuf_V_15_load, i4 %inputBuf_V_16_load, i4 %inputBuf_V_17_load, i4 %inputBuf_V_18_load, i4 %inputBuf_V_19_load, i4 %inputBuf_V_20_load, i4 %inputBuf_V_21_load, i4 %inputBuf_V_22_load, i4 %inputBuf_V_23_load, i4 %inputBuf_V_24_load, i4 %inputBuf_V_25_load, i4 %inputBuf_V_26_load, i4 %inputBuf_V_27_load, i4 %inputBuf_V_28_load, i4 %inputBuf_V_29_load, i4 %inputBuf_V_30_load, i4 %inputBuf_V_31_load, i4 %inputBuf_V_32_load, i4 %inputBuf_V_33_load, i4 %inputBuf_V_34_load, i4 %inputBuf_V_35_load, i4 %inputBuf_V_36_load, i4 %inputBuf_V_37_load, i4 %inputBuf_V_38_load, i4 %inputBuf_V_39_load, i4 %inputBuf_V_40_load, i4 %inputBuf_V_41_load, i4 %inputBuf_V_42_load, i4 %inputBuf_V_43_load, i4 %inputBuf_V_44_load, i4 %inputBuf_V_45_load, i4 %inputBuf_V_46_load, i4 %inputBuf_V_47_load, i4 %inputBuf_V_48_load, i4 %inputBuf_V_49_load, i4 %inputBuf_V_50_load, i4 %inputBuf_V_51_load, i4 %inputBuf_V_52_load, i4 %inputBuf_V_53_load, i4 %inputBuf_V_54_load, i4 %inputBuf_V_55_load, i4 %inputBuf_V_56_load, i4 %inputBuf_V_57_load, i4 %inputBuf_V_58_load, i4 %inputBuf_V_59_load, i4 %inputBuf_V_60_load, i4 %inputBuf_V_61_load, i4 %inputBuf_V_62_load, i4 %inputBuf_V_63_load, i4 %inputBuf_V_64_load, i4 %inputBuf_V_65_load, i4 %inputBuf_V_66_load, i4 %inputBuf_V_67_load, i4 %inputBuf_V_68_load, i4 %inputBuf_V_69_load, i4 %inputBuf_V_70_load, i4 %inputBuf_V_71_load, i4 %inputBuf_V_72_load, i4 %inputBuf_V_73_load, i4 %inputBuf_V_74_load, i4 %inputBuf_V_75_load, i4 %inputBuf_V_76_load, i4 %inputBuf_V_77_load, i4 %inputBuf_V_78_load, i4 %inputBuf_V_79_load, i4 %inputBuf_V_80_load, i4 %inputBuf_V_81_load, i4 %inputBuf_V_82_load, i4 %inputBuf_V_83_load, i4 %inputBuf_V_84_load, i4 %inputBuf_V_85_load, i4 %inputBuf_V_86_load, i4 %inputBuf_V_87_load, i4 %inputBuf_V_88_load, i4 %inputBuf_V_89_load, i4 %inputBuf_V_90_load, i4 %inputBuf_V_91_load, i4 %inputBuf_V_92_load, i4 %inputBuf_V_93_load, i4 %inputBuf_V_94_load, i4 %inputBuf_V_95_load, i4 %inputBuf_V_96_load, i4 %inputBuf_V_97_load, i4 %inputBuf_V_98_load, i4 %inputBuf_V_99_load, i4 %inputBuf_V_100_load, i4 %inputBuf_V_101_load, i4 %inputBuf_V_102_load, i4 %inputBuf_V_103_load, i4 %inputBuf_V_104_load, i4 %inputBuf_V_105_load, i4 %inputBuf_V_106_load, i4 %inputBuf_V_107_load, i4 %inputBuf_V_108_load, i4 %inputBuf_V_109_load, i4 %inputBuf_V_110_load, i4 %inputBuf_V_111_load, i4 %inputBuf_V_112_load, i4 %inputBuf_V_113_load, i4 %inputBuf_V_114_load, i4 %inputBuf_V_115_load, i4 %inputBuf_V_116_load, i4 %inputBuf_V_117_load, i4 %inputBuf_V_118_load, i4 %inputBuf_V_119_load, i4 %inputBuf_V_120_load, i4 %inputBuf_V_121_load, i4 %inputBuf_V_122_load, i4 %inputBuf_V_123_load, i4 %inputBuf_V_124_load, i4 %inputBuf_V_125_load, i4 %inputBuf_V_126_load, i4 %inputBuf_V_127_load, i4 %inputBuf_V_128_load, i4 %inputBuf_V_129_load, i4 %inputBuf_V_130_load, i4 %inputBuf_V_131_load, i4 %inputBuf_V_132_load, i4 %inputBuf_V_133_load, i4 %inputBuf_V_134_load, i4 %inputBuf_V_135_load, i4 %inputBuf_V_136_load, i4 %inputBuf_V_137_load, i4 %inputBuf_V_138_load, i4 %inputBuf_V_139_load, i4 %inputBuf_V_140_load, i4 %inputBuf_V_141_load, i4 %inputBuf_V_142_load, i4 %inputBuf_V_143_load, i4 %inputBuf_V_144_load, i4 %inputBuf_V_145_load, i4 %inputBuf_V_146_load, i4 %inputBuf_V_147_load, i4 %inputBuf_V_148_load, i4 %inputBuf_V_149_load, i4 %inputBuf_V_150_load, i4 %inputBuf_V_151_load, i4 %inputBuf_V_152_load, i4 %inputBuf_V_153_load, i4 %inputBuf_V_154_load, i4 %inputBuf_V_155_load, i4 %inputBuf_V_156_load, i4 %inputBuf_V_157_load, i4 %inputBuf_V_158_load, i4 %inputBuf_V_159_load, i4 %inputBuf_V_160_load, i4 %inputBuf_V_161_load, i4 %inputBuf_V_162_load, i4 %inputBuf_V_163_load, i4 %inputBuf_V_164_load, i4 %inputBuf_V_165_load, i4 %inputBuf_V_166_load, i4 %inputBuf_V_167_load, i4 %inputBuf_V_168_load, i4 %inputBuf_V_169_load, i4 %inputBuf_V_170_load, i4 %inputBuf_V_171_load, i4 %inputBuf_V_172_load, i4 %inputBuf_V_173_load, i4 %inputBuf_V_174_load, i4 %inputBuf_V_175_load, i4 %inputBuf_V_176_load, i4 %inputBuf_V_177_load, i4 %inputBuf_V_178_load, i4 %inputBuf_V_179_load, i4 %inputBuf_V_180_load, i4 %inputBuf_V_181_load, i4 %inputBuf_V_182_load, i4 %inputBuf_V_183_load, i4 %inputBuf_V_184_load, i4 %inputBuf_V_185_load, i4 %inputBuf_V_186_load, i4 %inputBuf_V_187_load, i4 %inputBuf_V_188_load, i4 %inputBuf_V_189_load, i4 %inputBuf_V_190_load, i4 %inputBuf_V_191_load, i4 %inputBuf_V_192_load, i4 %inputBuf_V_193_load, i4 %inputBuf_V_194_load, i4 %inputBuf_V_195_load, i4 %inputBuf_V_196_load, i4 %inputBuf_V_197_load, i4 %inputBuf_V_198_load, i4 %inputBuf_V_199_load, i4 %inputBuf_V_200_load, i4 %inputBuf_V_201_load, i4 %inputBuf_V_202_load, i4 %inputBuf_V_203_load, i4 %inputBuf_V_204_load, i4 %inputBuf_V_205_load, i4 %inputBuf_V_206_load, i4 %inputBuf_V_207_load, i4 %inputBuf_V_208_load, i4 %inputBuf_V_209_load, i4 %inputBuf_V_210_load, i4 %inputBuf_V_211_load, i4 %inputBuf_V_212_load, i4 %inputBuf_V_213_load, i4 %inputBuf_V_214_load, i4 %inputBuf_V_215_load, i4 %inputBuf_V_216_load, i4 %inputBuf_V_217_load, i4 %inputBuf_V_218_load, i4 %inputBuf_V_219_load, i4 %inputBuf_V_220_load, i4 %inputBuf_V_221_load, i4 %inputBuf_V_222_load, i4 %inputBuf_V_223_load, i4 %inputBuf_V_224_load, i4 %inputBuf_V_225_load, i4 %inputBuf_V_226_load, i4 %inputBuf_V_227_load, i4 %inputBuf_V_228_load, i4 %inputBuf_V_229_load, i4 %inputBuf_V_230_load, i4 %inputBuf_V_231_load, i4 %inputBuf_V_232_load, i4 %inputBuf_V_233_load, i4 %inputBuf_V_234_load, i4 %inputBuf_V_235_load, i4 %inputBuf_V_236_load, i4 %inputBuf_V_237_load, i4 %inputBuf_V_238_load, i4 %inputBuf_V_239_load, i4 %inputBuf_V_240_load, i4 %inputBuf_V_241_load, i4 %inputBuf_V_242_load, i4 %inputBuf_V_243_load, i4 %inputBuf_V_244_load, i4 %inputBuf_V_245_load, i4 %inputBuf_V_246_load, i4 %inputBuf_V_247_load, i4 %inputBuf_V_248_load, i4 %inputBuf_V_249_load, i4 %inputBuf_V_250_load, i4 %inputBuf_V_251_load, i4 %inputBuf_V_252_load, i4 %inputBuf_V_253_load, i4 %inputBuf_V_254_load, i4 %inputBuf_V_255_load, i4 %inputBuf_V_256_load, i4 %inputBuf_V_257_load, i4 %inputBuf_V_258_load, i4 %inputBuf_V_259_load, i4 %inputBuf_V_260_load, i4 %inputBuf_V_261_load, i4 %inputBuf_V_262_load, i4 %inputBuf_V_263_load, i4 %inputBuf_V_264_load, i4 %inputBuf_V_265_load, i4 %inputBuf_V_266_load, i4 %inputBuf_V_267_load, i4 %inputBuf_V_268_load, i4 %inputBuf_V_269_load, i4 %inputBuf_V_270_load, i4 %inputBuf_V_271_load, i4 %inputBuf_V_272_load, i4 %inputBuf_V_273_load, i4 %inputBuf_V_274_load, i4 %inputBuf_V_275_load, i4 %inputBuf_V_276_load, i4 %inputBuf_V_277_load, i4 %inputBuf_V_278_load, i4 %inputBuf_V_279_load, i4 %inputBuf_V_280_load, i4 %inputBuf_V_281_load, i4 %inputBuf_V_282_load, i4 %inputBuf_V_283_load, i4 %inputBuf_V_284_load, i4 %inputBuf_V_285_load, i4 %inputBuf_V_286_load, i4 %inputBuf_V_287_load, i9 %trunc_ln261" [/home/miguel_tfg/FINN-v0.9-Stable/deps/finn-hlslib/mvau.hpp:261]   --->   Operation 609 'mux' 'tmp' <Predicate = (!icmp_ln249 & !icmp_ln253)> <Delay = 4.84> <CoreInst = "Multiplexer">   --->   Core 76 'Multiplexer' <Latency = 0> <II = 1> <Delay = 4.84> <FuncUnit> <Opcode : 'mux'> <InPorts = 2> <OutPorts = 1>
ST_1 : Operation 610 [1/1] (1.58ns)   --->   "%br_ln0 = br void %fpga_resource_hint.for.inc.0"   --->   Operation 610 'br' 'br_ln0' <Predicate = (!icmp_ln249 & !icmp_ln253)> <Delay = 1.58>
ST_1 : Operation 611 [1/1] (0.00ns)   --->   "%in0_V_read = read i8 @_ssdm_op_Read.axis.volatile.i8P128A, i8 %in0_V" [/home/miguel_tfg/FINN-v0.9-Stable/deps/finn-hlslib/mvau.hpp:255]   --->   Operation 611 'read' 'in0_V_read' <Predicate = (!icmp_ln249 & icmp_ln253)> <Delay = 0.00> <CoreInst = "axis">   --->   Core 115 'axis' <Latency = 0> <II = 1> <Delay = 1.00> <Adapter> <Opcode : >
ST_1 : Operation 612 [1/1] (0.00ns)   --->   "%inElem = trunc i8 %in0_V_read" [/home/miguel_tfg/FINN-v0.9-Stable/deps/finn-hlslib/mvau.hpp:255]   --->   Operation 612 'trunc' 'inElem' <Predicate = (!icmp_ln249 & icmp_ln253)> <Delay = 0.00>
ST_1 : Operation 613 [1/1] (0.00ns)   --->   "%trunc_ln257 = trunc i32 %sf_1" [/home/miguel_tfg/FINN-v0.9-Stable/deps/finn-hlslib/mvau.hpp:257]   --->   Operation 613 'trunc' 'trunc_ln257' <Predicate = (!icmp_ln249 & icmp_ln253)> <Delay = 0.00>
ST_1 : Operation 614 [1/1] (0.95ns)   --->   "%switch_ln257 = switch i9 %trunc_ln257, void %arrayidx.case.287, i9 0, void %arrayidx.case.0, i9 1, void %arrayidx.case.1, i9 2, void %arrayidx.case.2, i9 3, void %arrayidx.case.3, i9 4, void %arrayidx.case.4, i9 5, void %arrayidx.case.5, i9 6, void %arrayidx.case.6, i9 7, void %arrayidx.case.7, i9 8, void %arrayidx.case.8, i9 9, void %arrayidx.case.9, i9 10, void %arrayidx.case.10, i9 11, void %arrayidx.case.11, i9 12, void %arrayidx.case.12, i9 13, void %arrayidx.case.13, i9 14, void %arrayidx.case.14, i9 15, void %arrayidx.case.15, i9 16, void %arrayidx.case.16, i9 17, void %arrayidx.case.17, i9 18, void %arrayidx.case.18, i9 19, void %arrayidx.case.19, i9 20, void %arrayidx.case.20, i9 21, void %arrayidx.case.21, i9 22, void %arrayidx.case.22, i9 23, void %arrayidx.case.23, i9 24, void %arrayidx.case.24, i9 25, void %arrayidx.case.25, i9 26, void %arrayidx.case.26, i9 27, void %arrayidx.case.27, i9 28, void %arrayidx.case.28, i9 29, void %arrayidx.case.29, i9 30, void %arrayidx.case.30, i9 31, void %arrayidx.case.31, i9 32, void %arrayidx.case.32, i9 33, void %arrayidx.case.33, i9 34, void %arrayidx.case.34, i9 35, void %arrayidx.case.35, i9 36, void %arrayidx.case.36, i9 37, void %arrayidx.case.37, i9 38, void %arrayidx.case.38, i9 39, void %arrayidx.case.39, i9 40, void %arrayidx.case.40, i9 41, void %arrayidx.case.41, i9 42, void %arrayidx.case.42, i9 43, void %arrayidx.case.43, i9 44, void %arrayidx.case.44, i9 45, void %arrayidx.case.45, i9 46, void %arrayidx.case.46, i9 47, void %arrayidx.case.47, i9 48, void %arrayidx.case.48, i9 49, void %arrayidx.case.49, i9 50, void %arrayidx.case.50, i9 51, void %arrayidx.case.51, i9 52, void %arrayidx.case.52, i9 53, void %arrayidx.case.53, i9 54, void %arrayidx.case.54, i9 55, void %arrayidx.case.55, i9 56, void %arrayidx.case.56, i9 57, void %arrayidx.case.57, i9 58, void %arrayidx.case.58, i9 59, void %arrayidx.case.59, i9 60, void %arrayidx.case.60, i9 61, void %arrayidx.case.61, i9 62, void %arrayidx.case.62, i9 63, void %arrayidx.case.63, i9 64, void %arrayidx.case.64, i9 65, void %arrayidx.case.65, i9 66, void %arrayidx.case.66, i9 67, void %arrayidx.case.67, i9 68, void %arrayidx.case.68, i9 69, void %arrayidx.case.69, i9 70, void %arrayidx.case.70, i9 71, void %arrayidx.case.71, i9 72, void %arrayidx.case.72, i9 73, void %arrayidx.case.73, i9 74, void %arrayidx.case.74, i9 75, void %arrayidx.case.75, i9 76, void %arrayidx.case.76, i9 77, void %arrayidx.case.77, i9 78, void %arrayidx.case.78, i9 79, void %arrayidx.case.79, i9 80, void %arrayidx.case.80, i9 81, void %arrayidx.case.81, i9 82, void %arrayidx.case.82, i9 83, void %arrayidx.case.83, i9 84, void %arrayidx.case.84, i9 85, void %arrayidx.case.85, i9 86, void %arrayidx.case.86, i9 87, void %arrayidx.case.87, i9 88, void %arrayidx.case.88, i9 89, void %arrayidx.case.89, i9 90, void %arrayidx.case.90, i9 91, void %arrayidx.case.91, i9 92, void %arrayidx.case.92, i9 93, void %arrayidx.case.93, i9 94, void %arrayidx.case.94, i9 95, void %arrayidx.case.95, i9 96, void %arrayidx.case.96, i9 97, void %arrayidx.case.97, i9 98, void %arrayidx.case.98, i9 99, void %arrayidx.case.99, i9 100, void %arrayidx.case.100, i9 101, void %arrayidx.case.101, i9 102, void %arrayidx.case.102, i9 103, void %arrayidx.case.103, i9 104, void %arrayidx.case.104, i9 105, void %arrayidx.case.105, i9 106, void %arrayidx.case.106, i9 107, void %arrayidx.case.107, i9 108, void %arrayidx.case.108, i9 109, void %arrayidx.case.109, i9 110, void %arrayidx.case.110, i9 111, void %arrayidx.case.111, i9 112, void %arrayidx.case.112, i9 113, void %arrayidx.case.113, i9 114, void %arrayidx.case.114, i9 115, void %arrayidx.case.115, i9 116, void %arrayidx.case.116, i9 117, void %arrayidx.case.117, i9 118, void %arrayidx.case.118, i9 119, void %arrayidx.case.119, i9 120, void %arrayidx.case.120, i9 121, void %arrayidx.case.121, i9 122, void %arrayidx.case.122, i9 123, void %arrayidx.case.123, i9 124, void %arrayidx.case.124, i9 125, void %arrayidx.case.125, i9 126, void %arrayidx.case.126, i9 127, void %arrayidx.case.127, i9 128, void %arrayidx.case.128, i9 129, void %arrayidx.case.129, i9 130, void %arrayidx.case.130, i9 131, void %arrayidx.case.131, i9 132, void %arrayidx.case.132, i9 133, void %arrayidx.case.133, i9 134, void %arrayidx.case.134, i9 135, void %arrayidx.case.135, i9 136, void %arrayidx.case.136, i9 137, void %arrayidx.case.137, i9 138, void %arrayidx.case.138, i9 139, void %arrayidx.case.139, i9 140, void %arrayidx.case.140, i9 141, void %arrayidx.case.141, i9 142, void %arrayidx.case.142, i9 143, void %arrayidx.case.143, i9 144, void %arrayidx.case.144, i9 145, void %arrayidx.case.145, i9 146, void %arrayidx.case.146, i9 147, void %arrayidx.case.147, i9 148, void %arrayidx.case.148, i9 149, void %arrayidx.case.149, i9 150, void %arrayidx.case.150, i9 151, void %arrayidx.case.151, i9 152, void %arrayidx.case.152, i9 153, void %arrayidx.case.153, i9 154, void %arrayidx.case.154, i9 155, void %arrayidx.case.155, i9 156, void %arrayidx.case.156, i9 157, void %arrayidx.case.157, i9 158, void %arrayidx.case.158, i9 159, void %arrayidx.case.159, i9 160, void %arrayidx.case.160, i9 161, void %arrayidx.case.161, i9 162, void %arrayidx.case.162, i9 163, void %arrayidx.case.163, i9 164, void %arrayidx.case.164, i9 165, void %arrayidx.case.165, i9 166, void %arrayidx.case.166, i9 167, void %arrayidx.case.167, i9 168, void %arrayidx.case.168, i9 169, void %arrayidx.case.169, i9 170, void %arrayidx.case.170, i9 171, void %arrayidx.case.171, i9 172, void %arrayidx.case.172, i9 173, void %arrayidx.case.173, i9 174, void %arrayidx.case.174, i9 175, void %arrayidx.case.175, i9 176, void %arrayidx.case.176, i9 177, void %arrayidx.case.177, i9 178, void %arrayidx.case.178, i9 179, void %arrayidx.case.179, i9 180, void %arrayidx.case.180, i9 181, void %arrayidx.case.181, i9 182, void %arrayidx.case.182, i9 183, void %arrayidx.case.183, i9 184, void %arrayidx.case.184, i9 185, void %arrayidx.case.185, i9 186, void %arrayidx.case.186, i9 187, void %arrayidx.case.187, i9 188, void %arrayidx.case.188, i9 189, void %arrayidx.case.189, i9 190, void %arrayidx.case.190, i9 191, void %arrayidx.case.191, i9 192, void %arrayidx.case.192, i9 193, void %arrayidx.case.193, i9 194, void %arrayidx.case.194, i9 195, void %arrayidx.case.195, i9 196, void %arrayidx.case.196, i9 197, void %arrayidx.case.197, i9 198, void %arrayidx.case.198, i9 199, void %arrayidx.case.199, i9 200, void %arrayidx.case.200, i9 201, void %arrayidx.case.201, i9 202, void %arrayidx.case.202, i9 203, void %arrayidx.case.203, i9 204, void %arrayidx.case.204, i9 205, void %arrayidx.case.205, i9 206, void %arrayidx.case.206, i9 207, void %arrayidx.case.207, i9 208, void %arrayidx.case.208, i9 209, void %arrayidx.case.209, i9 210, void %arrayidx.case.210, i9 211, void %arrayidx.case.211, i9 212, void %arrayidx.case.212, i9 213, void %arrayidx.case.213, i9 214, void %arrayidx.case.214, i9 215, void %arrayidx.case.215, i9 216, void %arrayidx.case.216, i9 217, void %arrayidx.case.217, i9 218, void %arrayidx.case.218, i9 219, void %arrayidx.case.219, i9 220, void %arrayidx.case.220, i9 221, void %arrayidx.case.221, i9 222, void %arrayidx.case.222, i9 223, void %arrayidx.case.223, i9 224, void %arrayidx.case.224, i9 225, void %arrayidx.case.225, i9 226, void %arrayidx.case.226, i9 227, void %arrayidx.case.227, i9 228, void %arrayidx.case.228, i9 229, void %arrayidx.case.229, i9 230, void %arrayidx.case.230, i9 231, void %arrayidx.case.231, i9 232, void %arrayidx.case.232, i9 233, void %arrayidx.case.233, i9 234, void %arrayidx.case.234, i9 235, void %arrayidx.case.235, i9 236, void %arrayidx.case.236, i9 237, void %arrayidx.case.237, i9 238, void %arrayidx.case.238, i9 239, void %arrayidx.case.239, i9 240, void %arrayidx.case.240, i9 241, void %arrayidx.case.241, i9 242, void %arrayidx.case.242, i9 243, void %arrayidx.case.243, i9 244, void %arrayidx.case.244, i9 245, void %arrayidx.case.245, i9 246, void %arrayidx.case.246, i9 247, void %arrayidx.case.247, i9 248, void %arrayidx.case.248, i9 249, void %arrayidx.case.249, i9 250, void %arrayidx.case.250, i9 251, void %arrayidx.case.251, i9 252, void %arrayidx.case.252, i9 253, void %arrayidx.case.253, i9 254, void %arrayidx.case.254, i9 255, void %arrayidx.case.255, i9 256, void %arrayidx.case.256, i9 257, void %arrayidx.case.257, i9 258, void %arrayidx.case.258, i9 259, void %arrayidx.case.259, i9 260, void %arrayidx.case.260, i9 261, void %arrayidx.case.261, i9 262, void %arrayidx.case.262, i9 263, void %arrayidx.case.263, i9 264, void %arrayidx.case.264, i9 265, void %arrayidx.case.265, i9 266, void %arrayidx.case.266, i9 267, void %arrayidx.case.267, i9 268, void %arrayidx.case.268, i9 269, void %arrayidx.case.269, i9 270, void %arrayidx.case.270, i9 271, void %arrayidx.case.271, i9 272, void %arrayidx.case.272, i9 273, void %arrayidx.case.273, i9 274, void %arrayidx.case.274, i9 275, void %arrayidx.case.275, i9 276, void %arrayidx.case.276, i9 277, void %arrayidx.case.277, i9 278, void %arrayidx.case.278, i9 279, void %arrayidx.case.279, i9 280, void %arrayidx.case.280, i9 281, void %arrayidx.case.281, i9 282, void %arrayidx.case.282, i9 283, void %arrayidx.case.283, i9 284, void %arrayidx.case.284, i9 285, void %arrayidx.case.285, i9 286, void %if.then.arrayidx.exit_crit_edge" [/home/miguel_tfg/FINN-v0.9-Stable/deps/finn-hlslib/mvau.hpp:257]   --->   Operation 614 'switch' 'switch_ln257' <Predicate = (!icmp_ln249 & icmp_ln253)> <Delay = 0.95>
ST_1 : Operation 615 [1/1] (0.00ns)   --->   "%store_ln257 = store i4 %inElem, i4 %inputBuf_V_286" [/home/miguel_tfg/FINN-v0.9-Stable/deps/finn-hlslib/mvau.hpp:257]   --->   Operation 615 'store' 'store_ln257' <Predicate = (!icmp_ln249 & icmp_ln253 & trunc_ln257 == 286)> <Delay = 0.00>
ST_1 : Operation 616 [1/1] (0.00ns)   --->   "%br_ln257 = br void %arrayidx.exit" [/home/miguel_tfg/FINN-v0.9-Stable/deps/finn-hlslib/mvau.hpp:257]   --->   Operation 616 'br' 'br_ln257' <Predicate = (!icmp_ln249 & icmp_ln253 & trunc_ln257 == 286)> <Delay = 0.00>
ST_1 : Operation 617 [1/1] (0.00ns)   --->   "%store_ln257 = store i4 %inElem, i4 %inputBuf_V_285" [/home/miguel_tfg/FINN-v0.9-Stable/deps/finn-hlslib/mvau.hpp:257]   --->   Operation 617 'store' 'store_ln257' <Predicate = (!icmp_ln249 & icmp_ln253 & trunc_ln257 == 285)> <Delay = 0.00>
ST_1 : Operation 618 [1/1] (0.00ns)   --->   "%br_ln257 = br void %arrayidx.exit" [/home/miguel_tfg/FINN-v0.9-Stable/deps/finn-hlslib/mvau.hpp:257]   --->   Operation 618 'br' 'br_ln257' <Predicate = (!icmp_ln249 & icmp_ln253 & trunc_ln257 == 285)> <Delay = 0.00>
ST_1 : Operation 619 [1/1] (0.00ns)   --->   "%store_ln257 = store i4 %inElem, i4 %inputBuf_V_284" [/home/miguel_tfg/FINN-v0.9-Stable/deps/finn-hlslib/mvau.hpp:257]   --->   Operation 619 'store' 'store_ln257' <Predicate = (!icmp_ln249 & icmp_ln253 & trunc_ln257 == 284)> <Delay = 0.00>
ST_1 : Operation 620 [1/1] (0.00ns)   --->   "%br_ln257 = br void %arrayidx.exit" [/home/miguel_tfg/FINN-v0.9-Stable/deps/finn-hlslib/mvau.hpp:257]   --->   Operation 620 'br' 'br_ln257' <Predicate = (!icmp_ln249 & icmp_ln253 & trunc_ln257 == 284)> <Delay = 0.00>
ST_1 : Operation 621 [1/1] (0.00ns)   --->   "%store_ln257 = store i4 %inElem, i4 %inputBuf_V_283" [/home/miguel_tfg/FINN-v0.9-Stable/deps/finn-hlslib/mvau.hpp:257]   --->   Operation 621 'store' 'store_ln257' <Predicate = (!icmp_ln249 & icmp_ln253 & trunc_ln257 == 283)> <Delay = 0.00>
ST_1 : Operation 622 [1/1] (0.00ns)   --->   "%br_ln257 = br void %arrayidx.exit" [/home/miguel_tfg/FINN-v0.9-Stable/deps/finn-hlslib/mvau.hpp:257]   --->   Operation 622 'br' 'br_ln257' <Predicate = (!icmp_ln249 & icmp_ln253 & trunc_ln257 == 283)> <Delay = 0.00>
ST_1 : Operation 623 [1/1] (0.00ns)   --->   "%store_ln257 = store i4 %inElem, i4 %inputBuf_V_282" [/home/miguel_tfg/FINN-v0.9-Stable/deps/finn-hlslib/mvau.hpp:257]   --->   Operation 623 'store' 'store_ln257' <Predicate = (!icmp_ln249 & icmp_ln253 & trunc_ln257 == 282)> <Delay = 0.00>
ST_1 : Operation 624 [1/1] (0.00ns)   --->   "%br_ln257 = br void %arrayidx.exit" [/home/miguel_tfg/FINN-v0.9-Stable/deps/finn-hlslib/mvau.hpp:257]   --->   Operation 624 'br' 'br_ln257' <Predicate = (!icmp_ln249 & icmp_ln253 & trunc_ln257 == 282)> <Delay = 0.00>
ST_1 : Operation 625 [1/1] (0.00ns)   --->   "%store_ln257 = store i4 %inElem, i4 %inputBuf_V_281" [/home/miguel_tfg/FINN-v0.9-Stable/deps/finn-hlslib/mvau.hpp:257]   --->   Operation 625 'store' 'store_ln257' <Predicate = (!icmp_ln249 & icmp_ln253 & trunc_ln257 == 281)> <Delay = 0.00>
ST_1 : Operation 626 [1/1] (0.00ns)   --->   "%br_ln257 = br void %arrayidx.exit" [/home/miguel_tfg/FINN-v0.9-Stable/deps/finn-hlslib/mvau.hpp:257]   --->   Operation 626 'br' 'br_ln257' <Predicate = (!icmp_ln249 & icmp_ln253 & trunc_ln257 == 281)> <Delay = 0.00>
ST_1 : Operation 627 [1/1] (0.00ns)   --->   "%store_ln257 = store i4 %inElem, i4 %inputBuf_V_280" [/home/miguel_tfg/FINN-v0.9-Stable/deps/finn-hlslib/mvau.hpp:257]   --->   Operation 627 'store' 'store_ln257' <Predicate = (!icmp_ln249 & icmp_ln253 & trunc_ln257 == 280)> <Delay = 0.00>
ST_1 : Operation 628 [1/1] (0.00ns)   --->   "%br_ln257 = br void %arrayidx.exit" [/home/miguel_tfg/FINN-v0.9-Stable/deps/finn-hlslib/mvau.hpp:257]   --->   Operation 628 'br' 'br_ln257' <Predicate = (!icmp_ln249 & icmp_ln253 & trunc_ln257 == 280)> <Delay = 0.00>
ST_1 : Operation 629 [1/1] (0.00ns)   --->   "%store_ln257 = store i4 %inElem, i4 %inputBuf_V_279" [/home/miguel_tfg/FINN-v0.9-Stable/deps/finn-hlslib/mvau.hpp:257]   --->   Operation 629 'store' 'store_ln257' <Predicate = (!icmp_ln249 & icmp_ln253 & trunc_ln257 == 279)> <Delay = 0.00>
ST_1 : Operation 630 [1/1] (0.00ns)   --->   "%br_ln257 = br void %arrayidx.exit" [/home/miguel_tfg/FINN-v0.9-Stable/deps/finn-hlslib/mvau.hpp:257]   --->   Operation 630 'br' 'br_ln257' <Predicate = (!icmp_ln249 & icmp_ln253 & trunc_ln257 == 279)> <Delay = 0.00>
ST_1 : Operation 631 [1/1] (0.00ns)   --->   "%store_ln257 = store i4 %inElem, i4 %inputBuf_V_278" [/home/miguel_tfg/FINN-v0.9-Stable/deps/finn-hlslib/mvau.hpp:257]   --->   Operation 631 'store' 'store_ln257' <Predicate = (!icmp_ln249 & icmp_ln253 & trunc_ln257 == 278)> <Delay = 0.00>
ST_1 : Operation 632 [1/1] (0.00ns)   --->   "%br_ln257 = br void %arrayidx.exit" [/home/miguel_tfg/FINN-v0.9-Stable/deps/finn-hlslib/mvau.hpp:257]   --->   Operation 632 'br' 'br_ln257' <Predicate = (!icmp_ln249 & icmp_ln253 & trunc_ln257 == 278)> <Delay = 0.00>
ST_1 : Operation 633 [1/1] (0.00ns)   --->   "%store_ln257 = store i4 %inElem, i4 %inputBuf_V_277" [/home/miguel_tfg/FINN-v0.9-Stable/deps/finn-hlslib/mvau.hpp:257]   --->   Operation 633 'store' 'store_ln257' <Predicate = (!icmp_ln249 & icmp_ln253 & trunc_ln257 == 277)> <Delay = 0.00>
ST_1 : Operation 634 [1/1] (0.00ns)   --->   "%br_ln257 = br void %arrayidx.exit" [/home/miguel_tfg/FINN-v0.9-Stable/deps/finn-hlslib/mvau.hpp:257]   --->   Operation 634 'br' 'br_ln257' <Predicate = (!icmp_ln249 & icmp_ln253 & trunc_ln257 == 277)> <Delay = 0.00>
ST_1 : Operation 635 [1/1] (0.00ns)   --->   "%store_ln257 = store i4 %inElem, i4 %inputBuf_V_276" [/home/miguel_tfg/FINN-v0.9-Stable/deps/finn-hlslib/mvau.hpp:257]   --->   Operation 635 'store' 'store_ln257' <Predicate = (!icmp_ln249 & icmp_ln253 & trunc_ln257 == 276)> <Delay = 0.00>
ST_1 : Operation 636 [1/1] (0.00ns)   --->   "%br_ln257 = br void %arrayidx.exit" [/home/miguel_tfg/FINN-v0.9-Stable/deps/finn-hlslib/mvau.hpp:257]   --->   Operation 636 'br' 'br_ln257' <Predicate = (!icmp_ln249 & icmp_ln253 & trunc_ln257 == 276)> <Delay = 0.00>
ST_1 : Operation 637 [1/1] (0.00ns)   --->   "%store_ln257 = store i4 %inElem, i4 %inputBuf_V_275" [/home/miguel_tfg/FINN-v0.9-Stable/deps/finn-hlslib/mvau.hpp:257]   --->   Operation 637 'store' 'store_ln257' <Predicate = (!icmp_ln249 & icmp_ln253 & trunc_ln257 == 275)> <Delay = 0.00>
ST_1 : Operation 638 [1/1] (0.00ns)   --->   "%br_ln257 = br void %arrayidx.exit" [/home/miguel_tfg/FINN-v0.9-Stable/deps/finn-hlslib/mvau.hpp:257]   --->   Operation 638 'br' 'br_ln257' <Predicate = (!icmp_ln249 & icmp_ln253 & trunc_ln257 == 275)> <Delay = 0.00>
ST_1 : Operation 639 [1/1] (0.00ns)   --->   "%store_ln257 = store i4 %inElem, i4 %inputBuf_V_274" [/home/miguel_tfg/FINN-v0.9-Stable/deps/finn-hlslib/mvau.hpp:257]   --->   Operation 639 'store' 'store_ln257' <Predicate = (!icmp_ln249 & icmp_ln253 & trunc_ln257 == 274)> <Delay = 0.00>
ST_1 : Operation 640 [1/1] (0.00ns)   --->   "%br_ln257 = br void %arrayidx.exit" [/home/miguel_tfg/FINN-v0.9-Stable/deps/finn-hlslib/mvau.hpp:257]   --->   Operation 640 'br' 'br_ln257' <Predicate = (!icmp_ln249 & icmp_ln253 & trunc_ln257 == 274)> <Delay = 0.00>
ST_1 : Operation 641 [1/1] (0.00ns)   --->   "%store_ln257 = store i4 %inElem, i4 %inputBuf_V_273" [/home/miguel_tfg/FINN-v0.9-Stable/deps/finn-hlslib/mvau.hpp:257]   --->   Operation 641 'store' 'store_ln257' <Predicate = (!icmp_ln249 & icmp_ln253 & trunc_ln257 == 273)> <Delay = 0.00>
ST_1 : Operation 642 [1/1] (0.00ns)   --->   "%br_ln257 = br void %arrayidx.exit" [/home/miguel_tfg/FINN-v0.9-Stable/deps/finn-hlslib/mvau.hpp:257]   --->   Operation 642 'br' 'br_ln257' <Predicate = (!icmp_ln249 & icmp_ln253 & trunc_ln257 == 273)> <Delay = 0.00>
ST_1 : Operation 643 [1/1] (0.00ns)   --->   "%store_ln257 = store i4 %inElem, i4 %inputBuf_V_272" [/home/miguel_tfg/FINN-v0.9-Stable/deps/finn-hlslib/mvau.hpp:257]   --->   Operation 643 'store' 'store_ln257' <Predicate = (!icmp_ln249 & icmp_ln253 & trunc_ln257 == 272)> <Delay = 0.00>
ST_1 : Operation 644 [1/1] (0.00ns)   --->   "%br_ln257 = br void %arrayidx.exit" [/home/miguel_tfg/FINN-v0.9-Stable/deps/finn-hlslib/mvau.hpp:257]   --->   Operation 644 'br' 'br_ln257' <Predicate = (!icmp_ln249 & icmp_ln253 & trunc_ln257 == 272)> <Delay = 0.00>
ST_1 : Operation 645 [1/1] (0.00ns)   --->   "%store_ln257 = store i4 %inElem, i4 %inputBuf_V_271" [/home/miguel_tfg/FINN-v0.9-Stable/deps/finn-hlslib/mvau.hpp:257]   --->   Operation 645 'store' 'store_ln257' <Predicate = (!icmp_ln249 & icmp_ln253 & trunc_ln257 == 271)> <Delay = 0.00>
ST_1 : Operation 646 [1/1] (0.00ns)   --->   "%br_ln257 = br void %arrayidx.exit" [/home/miguel_tfg/FINN-v0.9-Stable/deps/finn-hlslib/mvau.hpp:257]   --->   Operation 646 'br' 'br_ln257' <Predicate = (!icmp_ln249 & icmp_ln253 & trunc_ln257 == 271)> <Delay = 0.00>
ST_1 : Operation 647 [1/1] (0.00ns)   --->   "%store_ln257 = store i4 %inElem, i4 %inputBuf_V_270" [/home/miguel_tfg/FINN-v0.9-Stable/deps/finn-hlslib/mvau.hpp:257]   --->   Operation 647 'store' 'store_ln257' <Predicate = (!icmp_ln249 & icmp_ln253 & trunc_ln257 == 270)> <Delay = 0.00>
ST_1 : Operation 648 [1/1] (0.00ns)   --->   "%br_ln257 = br void %arrayidx.exit" [/home/miguel_tfg/FINN-v0.9-Stable/deps/finn-hlslib/mvau.hpp:257]   --->   Operation 648 'br' 'br_ln257' <Predicate = (!icmp_ln249 & icmp_ln253 & trunc_ln257 == 270)> <Delay = 0.00>
ST_1 : Operation 649 [1/1] (0.00ns)   --->   "%store_ln257 = store i4 %inElem, i4 %inputBuf_V_269" [/home/miguel_tfg/FINN-v0.9-Stable/deps/finn-hlslib/mvau.hpp:257]   --->   Operation 649 'store' 'store_ln257' <Predicate = (!icmp_ln249 & icmp_ln253 & trunc_ln257 == 269)> <Delay = 0.00>
ST_1 : Operation 650 [1/1] (0.00ns)   --->   "%br_ln257 = br void %arrayidx.exit" [/home/miguel_tfg/FINN-v0.9-Stable/deps/finn-hlslib/mvau.hpp:257]   --->   Operation 650 'br' 'br_ln257' <Predicate = (!icmp_ln249 & icmp_ln253 & trunc_ln257 == 269)> <Delay = 0.00>
ST_1 : Operation 651 [1/1] (0.00ns)   --->   "%store_ln257 = store i4 %inElem, i4 %inputBuf_V_268" [/home/miguel_tfg/FINN-v0.9-Stable/deps/finn-hlslib/mvau.hpp:257]   --->   Operation 651 'store' 'store_ln257' <Predicate = (!icmp_ln249 & icmp_ln253 & trunc_ln257 == 268)> <Delay = 0.00>
ST_1 : Operation 652 [1/1] (0.00ns)   --->   "%br_ln257 = br void %arrayidx.exit" [/home/miguel_tfg/FINN-v0.9-Stable/deps/finn-hlslib/mvau.hpp:257]   --->   Operation 652 'br' 'br_ln257' <Predicate = (!icmp_ln249 & icmp_ln253 & trunc_ln257 == 268)> <Delay = 0.00>
ST_1 : Operation 653 [1/1] (0.00ns)   --->   "%store_ln257 = store i4 %inElem, i4 %inputBuf_V_267" [/home/miguel_tfg/FINN-v0.9-Stable/deps/finn-hlslib/mvau.hpp:257]   --->   Operation 653 'store' 'store_ln257' <Predicate = (!icmp_ln249 & icmp_ln253 & trunc_ln257 == 267)> <Delay = 0.00>
ST_1 : Operation 654 [1/1] (0.00ns)   --->   "%br_ln257 = br void %arrayidx.exit" [/home/miguel_tfg/FINN-v0.9-Stable/deps/finn-hlslib/mvau.hpp:257]   --->   Operation 654 'br' 'br_ln257' <Predicate = (!icmp_ln249 & icmp_ln253 & trunc_ln257 == 267)> <Delay = 0.00>
ST_1 : Operation 655 [1/1] (0.00ns)   --->   "%store_ln257 = store i4 %inElem, i4 %inputBuf_V_266" [/home/miguel_tfg/FINN-v0.9-Stable/deps/finn-hlslib/mvau.hpp:257]   --->   Operation 655 'store' 'store_ln257' <Predicate = (!icmp_ln249 & icmp_ln253 & trunc_ln257 == 266)> <Delay = 0.00>
ST_1 : Operation 656 [1/1] (0.00ns)   --->   "%br_ln257 = br void %arrayidx.exit" [/home/miguel_tfg/FINN-v0.9-Stable/deps/finn-hlslib/mvau.hpp:257]   --->   Operation 656 'br' 'br_ln257' <Predicate = (!icmp_ln249 & icmp_ln253 & trunc_ln257 == 266)> <Delay = 0.00>
ST_1 : Operation 657 [1/1] (0.00ns)   --->   "%store_ln257 = store i4 %inElem, i4 %inputBuf_V_265" [/home/miguel_tfg/FINN-v0.9-Stable/deps/finn-hlslib/mvau.hpp:257]   --->   Operation 657 'store' 'store_ln257' <Predicate = (!icmp_ln249 & icmp_ln253 & trunc_ln257 == 265)> <Delay = 0.00>
ST_1 : Operation 658 [1/1] (0.00ns)   --->   "%br_ln257 = br void %arrayidx.exit" [/home/miguel_tfg/FINN-v0.9-Stable/deps/finn-hlslib/mvau.hpp:257]   --->   Operation 658 'br' 'br_ln257' <Predicate = (!icmp_ln249 & icmp_ln253 & trunc_ln257 == 265)> <Delay = 0.00>
ST_1 : Operation 659 [1/1] (0.00ns)   --->   "%store_ln257 = store i4 %inElem, i4 %inputBuf_V_264" [/home/miguel_tfg/FINN-v0.9-Stable/deps/finn-hlslib/mvau.hpp:257]   --->   Operation 659 'store' 'store_ln257' <Predicate = (!icmp_ln249 & icmp_ln253 & trunc_ln257 == 264)> <Delay = 0.00>
ST_1 : Operation 660 [1/1] (0.00ns)   --->   "%br_ln257 = br void %arrayidx.exit" [/home/miguel_tfg/FINN-v0.9-Stable/deps/finn-hlslib/mvau.hpp:257]   --->   Operation 660 'br' 'br_ln257' <Predicate = (!icmp_ln249 & icmp_ln253 & trunc_ln257 == 264)> <Delay = 0.00>
ST_1 : Operation 661 [1/1] (0.00ns)   --->   "%store_ln257 = store i4 %inElem, i4 %inputBuf_V_263" [/home/miguel_tfg/FINN-v0.9-Stable/deps/finn-hlslib/mvau.hpp:257]   --->   Operation 661 'store' 'store_ln257' <Predicate = (!icmp_ln249 & icmp_ln253 & trunc_ln257 == 263)> <Delay = 0.00>
ST_1 : Operation 662 [1/1] (0.00ns)   --->   "%br_ln257 = br void %arrayidx.exit" [/home/miguel_tfg/FINN-v0.9-Stable/deps/finn-hlslib/mvau.hpp:257]   --->   Operation 662 'br' 'br_ln257' <Predicate = (!icmp_ln249 & icmp_ln253 & trunc_ln257 == 263)> <Delay = 0.00>
ST_1 : Operation 663 [1/1] (0.00ns)   --->   "%store_ln257 = store i4 %inElem, i4 %inputBuf_V_262" [/home/miguel_tfg/FINN-v0.9-Stable/deps/finn-hlslib/mvau.hpp:257]   --->   Operation 663 'store' 'store_ln257' <Predicate = (!icmp_ln249 & icmp_ln253 & trunc_ln257 == 262)> <Delay = 0.00>
ST_1 : Operation 664 [1/1] (0.00ns)   --->   "%br_ln257 = br void %arrayidx.exit" [/home/miguel_tfg/FINN-v0.9-Stable/deps/finn-hlslib/mvau.hpp:257]   --->   Operation 664 'br' 'br_ln257' <Predicate = (!icmp_ln249 & icmp_ln253 & trunc_ln257 == 262)> <Delay = 0.00>
ST_1 : Operation 665 [1/1] (0.00ns)   --->   "%store_ln257 = store i4 %inElem, i4 %inputBuf_V_261" [/home/miguel_tfg/FINN-v0.9-Stable/deps/finn-hlslib/mvau.hpp:257]   --->   Operation 665 'store' 'store_ln257' <Predicate = (!icmp_ln249 & icmp_ln253 & trunc_ln257 == 261)> <Delay = 0.00>
ST_1 : Operation 666 [1/1] (0.00ns)   --->   "%br_ln257 = br void %arrayidx.exit" [/home/miguel_tfg/FINN-v0.9-Stable/deps/finn-hlslib/mvau.hpp:257]   --->   Operation 666 'br' 'br_ln257' <Predicate = (!icmp_ln249 & icmp_ln253 & trunc_ln257 == 261)> <Delay = 0.00>
ST_1 : Operation 667 [1/1] (0.00ns)   --->   "%store_ln257 = store i4 %inElem, i4 %inputBuf_V_260" [/home/miguel_tfg/FINN-v0.9-Stable/deps/finn-hlslib/mvau.hpp:257]   --->   Operation 667 'store' 'store_ln257' <Predicate = (!icmp_ln249 & icmp_ln253 & trunc_ln257 == 260)> <Delay = 0.00>
ST_1 : Operation 668 [1/1] (0.00ns)   --->   "%br_ln257 = br void %arrayidx.exit" [/home/miguel_tfg/FINN-v0.9-Stable/deps/finn-hlslib/mvau.hpp:257]   --->   Operation 668 'br' 'br_ln257' <Predicate = (!icmp_ln249 & icmp_ln253 & trunc_ln257 == 260)> <Delay = 0.00>
ST_1 : Operation 669 [1/1] (0.00ns)   --->   "%store_ln257 = store i4 %inElem, i4 %inputBuf_V_259" [/home/miguel_tfg/FINN-v0.9-Stable/deps/finn-hlslib/mvau.hpp:257]   --->   Operation 669 'store' 'store_ln257' <Predicate = (!icmp_ln249 & icmp_ln253 & trunc_ln257 == 259)> <Delay = 0.00>
ST_1 : Operation 670 [1/1] (0.00ns)   --->   "%br_ln257 = br void %arrayidx.exit" [/home/miguel_tfg/FINN-v0.9-Stable/deps/finn-hlslib/mvau.hpp:257]   --->   Operation 670 'br' 'br_ln257' <Predicate = (!icmp_ln249 & icmp_ln253 & trunc_ln257 == 259)> <Delay = 0.00>
ST_1 : Operation 671 [1/1] (0.00ns)   --->   "%store_ln257 = store i4 %inElem, i4 %inputBuf_V_258" [/home/miguel_tfg/FINN-v0.9-Stable/deps/finn-hlslib/mvau.hpp:257]   --->   Operation 671 'store' 'store_ln257' <Predicate = (!icmp_ln249 & icmp_ln253 & trunc_ln257 == 258)> <Delay = 0.00>
ST_1 : Operation 672 [1/1] (0.00ns)   --->   "%br_ln257 = br void %arrayidx.exit" [/home/miguel_tfg/FINN-v0.9-Stable/deps/finn-hlslib/mvau.hpp:257]   --->   Operation 672 'br' 'br_ln257' <Predicate = (!icmp_ln249 & icmp_ln253 & trunc_ln257 == 258)> <Delay = 0.00>
ST_1 : Operation 673 [1/1] (0.00ns)   --->   "%store_ln257 = store i4 %inElem, i4 %inputBuf_V_257" [/home/miguel_tfg/FINN-v0.9-Stable/deps/finn-hlslib/mvau.hpp:257]   --->   Operation 673 'store' 'store_ln257' <Predicate = (!icmp_ln249 & icmp_ln253 & trunc_ln257 == 257)> <Delay = 0.00>
ST_1 : Operation 674 [1/1] (0.00ns)   --->   "%br_ln257 = br void %arrayidx.exit" [/home/miguel_tfg/FINN-v0.9-Stable/deps/finn-hlslib/mvau.hpp:257]   --->   Operation 674 'br' 'br_ln257' <Predicate = (!icmp_ln249 & icmp_ln253 & trunc_ln257 == 257)> <Delay = 0.00>
ST_1 : Operation 675 [1/1] (0.00ns)   --->   "%store_ln257 = store i4 %inElem, i4 %inputBuf_V_256" [/home/miguel_tfg/FINN-v0.9-Stable/deps/finn-hlslib/mvau.hpp:257]   --->   Operation 675 'store' 'store_ln257' <Predicate = (!icmp_ln249 & icmp_ln253 & trunc_ln257 == 256)> <Delay = 0.00>
ST_1 : Operation 676 [1/1] (0.00ns)   --->   "%br_ln257 = br void %arrayidx.exit" [/home/miguel_tfg/FINN-v0.9-Stable/deps/finn-hlslib/mvau.hpp:257]   --->   Operation 676 'br' 'br_ln257' <Predicate = (!icmp_ln249 & icmp_ln253 & trunc_ln257 == 256)> <Delay = 0.00>
ST_1 : Operation 677 [1/1] (0.00ns)   --->   "%store_ln257 = store i4 %inElem, i4 %inputBuf_V_255" [/home/miguel_tfg/FINN-v0.9-Stable/deps/finn-hlslib/mvau.hpp:257]   --->   Operation 677 'store' 'store_ln257' <Predicate = (!icmp_ln249 & icmp_ln253 & trunc_ln257 == 255)> <Delay = 0.00>
ST_1 : Operation 678 [1/1] (0.00ns)   --->   "%br_ln257 = br void %arrayidx.exit" [/home/miguel_tfg/FINN-v0.9-Stable/deps/finn-hlslib/mvau.hpp:257]   --->   Operation 678 'br' 'br_ln257' <Predicate = (!icmp_ln249 & icmp_ln253 & trunc_ln257 == 255)> <Delay = 0.00>
ST_1 : Operation 679 [1/1] (0.00ns)   --->   "%store_ln257 = store i4 %inElem, i4 %inputBuf_V_254" [/home/miguel_tfg/FINN-v0.9-Stable/deps/finn-hlslib/mvau.hpp:257]   --->   Operation 679 'store' 'store_ln257' <Predicate = (!icmp_ln249 & icmp_ln253 & trunc_ln257 == 254)> <Delay = 0.00>
ST_1 : Operation 680 [1/1] (0.00ns)   --->   "%br_ln257 = br void %arrayidx.exit" [/home/miguel_tfg/FINN-v0.9-Stable/deps/finn-hlslib/mvau.hpp:257]   --->   Operation 680 'br' 'br_ln257' <Predicate = (!icmp_ln249 & icmp_ln253 & trunc_ln257 == 254)> <Delay = 0.00>
ST_1 : Operation 681 [1/1] (0.00ns)   --->   "%store_ln257 = store i4 %inElem, i4 %inputBuf_V_253" [/home/miguel_tfg/FINN-v0.9-Stable/deps/finn-hlslib/mvau.hpp:257]   --->   Operation 681 'store' 'store_ln257' <Predicate = (!icmp_ln249 & icmp_ln253 & trunc_ln257 == 253)> <Delay = 0.00>
ST_1 : Operation 682 [1/1] (0.00ns)   --->   "%br_ln257 = br void %arrayidx.exit" [/home/miguel_tfg/FINN-v0.9-Stable/deps/finn-hlslib/mvau.hpp:257]   --->   Operation 682 'br' 'br_ln257' <Predicate = (!icmp_ln249 & icmp_ln253 & trunc_ln257 == 253)> <Delay = 0.00>
ST_1 : Operation 683 [1/1] (0.00ns)   --->   "%store_ln257 = store i4 %inElem, i4 %inputBuf_V_252" [/home/miguel_tfg/FINN-v0.9-Stable/deps/finn-hlslib/mvau.hpp:257]   --->   Operation 683 'store' 'store_ln257' <Predicate = (!icmp_ln249 & icmp_ln253 & trunc_ln257 == 252)> <Delay = 0.00>
ST_1 : Operation 684 [1/1] (0.00ns)   --->   "%br_ln257 = br void %arrayidx.exit" [/home/miguel_tfg/FINN-v0.9-Stable/deps/finn-hlslib/mvau.hpp:257]   --->   Operation 684 'br' 'br_ln257' <Predicate = (!icmp_ln249 & icmp_ln253 & trunc_ln257 == 252)> <Delay = 0.00>
ST_1 : Operation 685 [1/1] (0.00ns)   --->   "%store_ln257 = store i4 %inElem, i4 %inputBuf_V_251" [/home/miguel_tfg/FINN-v0.9-Stable/deps/finn-hlslib/mvau.hpp:257]   --->   Operation 685 'store' 'store_ln257' <Predicate = (!icmp_ln249 & icmp_ln253 & trunc_ln257 == 251)> <Delay = 0.00>
ST_1 : Operation 686 [1/1] (0.00ns)   --->   "%br_ln257 = br void %arrayidx.exit" [/home/miguel_tfg/FINN-v0.9-Stable/deps/finn-hlslib/mvau.hpp:257]   --->   Operation 686 'br' 'br_ln257' <Predicate = (!icmp_ln249 & icmp_ln253 & trunc_ln257 == 251)> <Delay = 0.00>
ST_1 : Operation 687 [1/1] (0.00ns)   --->   "%store_ln257 = store i4 %inElem, i4 %inputBuf_V_250" [/home/miguel_tfg/FINN-v0.9-Stable/deps/finn-hlslib/mvau.hpp:257]   --->   Operation 687 'store' 'store_ln257' <Predicate = (!icmp_ln249 & icmp_ln253 & trunc_ln257 == 250)> <Delay = 0.00>
ST_1 : Operation 688 [1/1] (0.00ns)   --->   "%br_ln257 = br void %arrayidx.exit" [/home/miguel_tfg/FINN-v0.9-Stable/deps/finn-hlslib/mvau.hpp:257]   --->   Operation 688 'br' 'br_ln257' <Predicate = (!icmp_ln249 & icmp_ln253 & trunc_ln257 == 250)> <Delay = 0.00>
ST_1 : Operation 689 [1/1] (0.00ns)   --->   "%store_ln257 = store i4 %inElem, i4 %inputBuf_V_249" [/home/miguel_tfg/FINN-v0.9-Stable/deps/finn-hlslib/mvau.hpp:257]   --->   Operation 689 'store' 'store_ln257' <Predicate = (!icmp_ln249 & icmp_ln253 & trunc_ln257 == 249)> <Delay = 0.00>
ST_1 : Operation 690 [1/1] (0.00ns)   --->   "%br_ln257 = br void %arrayidx.exit" [/home/miguel_tfg/FINN-v0.9-Stable/deps/finn-hlslib/mvau.hpp:257]   --->   Operation 690 'br' 'br_ln257' <Predicate = (!icmp_ln249 & icmp_ln253 & trunc_ln257 == 249)> <Delay = 0.00>
ST_1 : Operation 691 [1/1] (0.00ns)   --->   "%store_ln257 = store i4 %inElem, i4 %inputBuf_V_248" [/home/miguel_tfg/FINN-v0.9-Stable/deps/finn-hlslib/mvau.hpp:257]   --->   Operation 691 'store' 'store_ln257' <Predicate = (!icmp_ln249 & icmp_ln253 & trunc_ln257 == 248)> <Delay = 0.00>
ST_1 : Operation 692 [1/1] (0.00ns)   --->   "%br_ln257 = br void %arrayidx.exit" [/home/miguel_tfg/FINN-v0.9-Stable/deps/finn-hlslib/mvau.hpp:257]   --->   Operation 692 'br' 'br_ln257' <Predicate = (!icmp_ln249 & icmp_ln253 & trunc_ln257 == 248)> <Delay = 0.00>
ST_1 : Operation 693 [1/1] (0.00ns)   --->   "%store_ln257 = store i4 %inElem, i4 %inputBuf_V_247" [/home/miguel_tfg/FINN-v0.9-Stable/deps/finn-hlslib/mvau.hpp:257]   --->   Operation 693 'store' 'store_ln257' <Predicate = (!icmp_ln249 & icmp_ln253 & trunc_ln257 == 247)> <Delay = 0.00>
ST_1 : Operation 694 [1/1] (0.00ns)   --->   "%br_ln257 = br void %arrayidx.exit" [/home/miguel_tfg/FINN-v0.9-Stable/deps/finn-hlslib/mvau.hpp:257]   --->   Operation 694 'br' 'br_ln257' <Predicate = (!icmp_ln249 & icmp_ln253 & trunc_ln257 == 247)> <Delay = 0.00>
ST_1 : Operation 695 [1/1] (0.00ns)   --->   "%store_ln257 = store i4 %inElem, i4 %inputBuf_V_246" [/home/miguel_tfg/FINN-v0.9-Stable/deps/finn-hlslib/mvau.hpp:257]   --->   Operation 695 'store' 'store_ln257' <Predicate = (!icmp_ln249 & icmp_ln253 & trunc_ln257 == 246)> <Delay = 0.00>
ST_1 : Operation 696 [1/1] (0.00ns)   --->   "%br_ln257 = br void %arrayidx.exit" [/home/miguel_tfg/FINN-v0.9-Stable/deps/finn-hlslib/mvau.hpp:257]   --->   Operation 696 'br' 'br_ln257' <Predicate = (!icmp_ln249 & icmp_ln253 & trunc_ln257 == 246)> <Delay = 0.00>
ST_1 : Operation 697 [1/1] (0.00ns)   --->   "%store_ln257 = store i4 %inElem, i4 %inputBuf_V_245" [/home/miguel_tfg/FINN-v0.9-Stable/deps/finn-hlslib/mvau.hpp:257]   --->   Operation 697 'store' 'store_ln257' <Predicate = (!icmp_ln249 & icmp_ln253 & trunc_ln257 == 245)> <Delay = 0.00>
ST_1 : Operation 698 [1/1] (0.00ns)   --->   "%br_ln257 = br void %arrayidx.exit" [/home/miguel_tfg/FINN-v0.9-Stable/deps/finn-hlslib/mvau.hpp:257]   --->   Operation 698 'br' 'br_ln257' <Predicate = (!icmp_ln249 & icmp_ln253 & trunc_ln257 == 245)> <Delay = 0.00>
ST_1 : Operation 699 [1/1] (0.00ns)   --->   "%store_ln257 = store i4 %inElem, i4 %inputBuf_V_244" [/home/miguel_tfg/FINN-v0.9-Stable/deps/finn-hlslib/mvau.hpp:257]   --->   Operation 699 'store' 'store_ln257' <Predicate = (!icmp_ln249 & icmp_ln253 & trunc_ln257 == 244)> <Delay = 0.00>
ST_1 : Operation 700 [1/1] (0.00ns)   --->   "%br_ln257 = br void %arrayidx.exit" [/home/miguel_tfg/FINN-v0.9-Stable/deps/finn-hlslib/mvau.hpp:257]   --->   Operation 700 'br' 'br_ln257' <Predicate = (!icmp_ln249 & icmp_ln253 & trunc_ln257 == 244)> <Delay = 0.00>
ST_1 : Operation 701 [1/1] (0.00ns)   --->   "%store_ln257 = store i4 %inElem, i4 %inputBuf_V_243" [/home/miguel_tfg/FINN-v0.9-Stable/deps/finn-hlslib/mvau.hpp:257]   --->   Operation 701 'store' 'store_ln257' <Predicate = (!icmp_ln249 & icmp_ln253 & trunc_ln257 == 243)> <Delay = 0.00>
ST_1 : Operation 702 [1/1] (0.00ns)   --->   "%br_ln257 = br void %arrayidx.exit" [/home/miguel_tfg/FINN-v0.9-Stable/deps/finn-hlslib/mvau.hpp:257]   --->   Operation 702 'br' 'br_ln257' <Predicate = (!icmp_ln249 & icmp_ln253 & trunc_ln257 == 243)> <Delay = 0.00>
ST_1 : Operation 703 [1/1] (0.00ns)   --->   "%store_ln257 = store i4 %inElem, i4 %inputBuf_V_242" [/home/miguel_tfg/FINN-v0.9-Stable/deps/finn-hlslib/mvau.hpp:257]   --->   Operation 703 'store' 'store_ln257' <Predicate = (!icmp_ln249 & icmp_ln253 & trunc_ln257 == 242)> <Delay = 0.00>
ST_1 : Operation 704 [1/1] (0.00ns)   --->   "%br_ln257 = br void %arrayidx.exit" [/home/miguel_tfg/FINN-v0.9-Stable/deps/finn-hlslib/mvau.hpp:257]   --->   Operation 704 'br' 'br_ln257' <Predicate = (!icmp_ln249 & icmp_ln253 & trunc_ln257 == 242)> <Delay = 0.00>
ST_1 : Operation 705 [1/1] (0.00ns)   --->   "%store_ln257 = store i4 %inElem, i4 %inputBuf_V_241" [/home/miguel_tfg/FINN-v0.9-Stable/deps/finn-hlslib/mvau.hpp:257]   --->   Operation 705 'store' 'store_ln257' <Predicate = (!icmp_ln249 & icmp_ln253 & trunc_ln257 == 241)> <Delay = 0.00>
ST_1 : Operation 706 [1/1] (0.00ns)   --->   "%br_ln257 = br void %arrayidx.exit" [/home/miguel_tfg/FINN-v0.9-Stable/deps/finn-hlslib/mvau.hpp:257]   --->   Operation 706 'br' 'br_ln257' <Predicate = (!icmp_ln249 & icmp_ln253 & trunc_ln257 == 241)> <Delay = 0.00>
ST_1 : Operation 707 [1/1] (0.00ns)   --->   "%store_ln257 = store i4 %inElem, i4 %inputBuf_V_240" [/home/miguel_tfg/FINN-v0.9-Stable/deps/finn-hlslib/mvau.hpp:257]   --->   Operation 707 'store' 'store_ln257' <Predicate = (!icmp_ln249 & icmp_ln253 & trunc_ln257 == 240)> <Delay = 0.00>
ST_1 : Operation 708 [1/1] (0.00ns)   --->   "%br_ln257 = br void %arrayidx.exit" [/home/miguel_tfg/FINN-v0.9-Stable/deps/finn-hlslib/mvau.hpp:257]   --->   Operation 708 'br' 'br_ln257' <Predicate = (!icmp_ln249 & icmp_ln253 & trunc_ln257 == 240)> <Delay = 0.00>
ST_1 : Operation 709 [1/1] (0.00ns)   --->   "%store_ln257 = store i4 %inElem, i4 %inputBuf_V_239" [/home/miguel_tfg/FINN-v0.9-Stable/deps/finn-hlslib/mvau.hpp:257]   --->   Operation 709 'store' 'store_ln257' <Predicate = (!icmp_ln249 & icmp_ln253 & trunc_ln257 == 239)> <Delay = 0.00>
ST_1 : Operation 710 [1/1] (0.00ns)   --->   "%br_ln257 = br void %arrayidx.exit" [/home/miguel_tfg/FINN-v0.9-Stable/deps/finn-hlslib/mvau.hpp:257]   --->   Operation 710 'br' 'br_ln257' <Predicate = (!icmp_ln249 & icmp_ln253 & trunc_ln257 == 239)> <Delay = 0.00>
ST_1 : Operation 711 [1/1] (0.00ns)   --->   "%store_ln257 = store i4 %inElem, i4 %inputBuf_V_238" [/home/miguel_tfg/FINN-v0.9-Stable/deps/finn-hlslib/mvau.hpp:257]   --->   Operation 711 'store' 'store_ln257' <Predicate = (!icmp_ln249 & icmp_ln253 & trunc_ln257 == 238)> <Delay = 0.00>
ST_1 : Operation 712 [1/1] (0.00ns)   --->   "%br_ln257 = br void %arrayidx.exit" [/home/miguel_tfg/FINN-v0.9-Stable/deps/finn-hlslib/mvau.hpp:257]   --->   Operation 712 'br' 'br_ln257' <Predicate = (!icmp_ln249 & icmp_ln253 & trunc_ln257 == 238)> <Delay = 0.00>
ST_1 : Operation 713 [1/1] (0.00ns)   --->   "%store_ln257 = store i4 %inElem, i4 %inputBuf_V_237" [/home/miguel_tfg/FINN-v0.9-Stable/deps/finn-hlslib/mvau.hpp:257]   --->   Operation 713 'store' 'store_ln257' <Predicate = (!icmp_ln249 & icmp_ln253 & trunc_ln257 == 237)> <Delay = 0.00>
ST_1 : Operation 714 [1/1] (0.00ns)   --->   "%br_ln257 = br void %arrayidx.exit" [/home/miguel_tfg/FINN-v0.9-Stable/deps/finn-hlslib/mvau.hpp:257]   --->   Operation 714 'br' 'br_ln257' <Predicate = (!icmp_ln249 & icmp_ln253 & trunc_ln257 == 237)> <Delay = 0.00>
ST_1 : Operation 715 [1/1] (0.00ns)   --->   "%store_ln257 = store i4 %inElem, i4 %inputBuf_V_236" [/home/miguel_tfg/FINN-v0.9-Stable/deps/finn-hlslib/mvau.hpp:257]   --->   Operation 715 'store' 'store_ln257' <Predicate = (!icmp_ln249 & icmp_ln253 & trunc_ln257 == 236)> <Delay = 0.00>
ST_1 : Operation 716 [1/1] (0.00ns)   --->   "%br_ln257 = br void %arrayidx.exit" [/home/miguel_tfg/FINN-v0.9-Stable/deps/finn-hlslib/mvau.hpp:257]   --->   Operation 716 'br' 'br_ln257' <Predicate = (!icmp_ln249 & icmp_ln253 & trunc_ln257 == 236)> <Delay = 0.00>
ST_1 : Operation 717 [1/1] (0.00ns)   --->   "%store_ln257 = store i4 %inElem, i4 %inputBuf_V_235" [/home/miguel_tfg/FINN-v0.9-Stable/deps/finn-hlslib/mvau.hpp:257]   --->   Operation 717 'store' 'store_ln257' <Predicate = (!icmp_ln249 & icmp_ln253 & trunc_ln257 == 235)> <Delay = 0.00>
ST_1 : Operation 718 [1/1] (0.00ns)   --->   "%br_ln257 = br void %arrayidx.exit" [/home/miguel_tfg/FINN-v0.9-Stable/deps/finn-hlslib/mvau.hpp:257]   --->   Operation 718 'br' 'br_ln257' <Predicate = (!icmp_ln249 & icmp_ln253 & trunc_ln257 == 235)> <Delay = 0.00>
ST_1 : Operation 719 [1/1] (0.00ns)   --->   "%store_ln257 = store i4 %inElem, i4 %inputBuf_V_234" [/home/miguel_tfg/FINN-v0.9-Stable/deps/finn-hlslib/mvau.hpp:257]   --->   Operation 719 'store' 'store_ln257' <Predicate = (!icmp_ln249 & icmp_ln253 & trunc_ln257 == 234)> <Delay = 0.00>
ST_1 : Operation 720 [1/1] (0.00ns)   --->   "%br_ln257 = br void %arrayidx.exit" [/home/miguel_tfg/FINN-v0.9-Stable/deps/finn-hlslib/mvau.hpp:257]   --->   Operation 720 'br' 'br_ln257' <Predicate = (!icmp_ln249 & icmp_ln253 & trunc_ln257 == 234)> <Delay = 0.00>
ST_1 : Operation 721 [1/1] (0.00ns)   --->   "%store_ln257 = store i4 %inElem, i4 %inputBuf_V_233" [/home/miguel_tfg/FINN-v0.9-Stable/deps/finn-hlslib/mvau.hpp:257]   --->   Operation 721 'store' 'store_ln257' <Predicate = (!icmp_ln249 & icmp_ln253 & trunc_ln257 == 233)> <Delay = 0.00>
ST_1 : Operation 722 [1/1] (0.00ns)   --->   "%br_ln257 = br void %arrayidx.exit" [/home/miguel_tfg/FINN-v0.9-Stable/deps/finn-hlslib/mvau.hpp:257]   --->   Operation 722 'br' 'br_ln257' <Predicate = (!icmp_ln249 & icmp_ln253 & trunc_ln257 == 233)> <Delay = 0.00>
ST_1 : Operation 723 [1/1] (0.00ns)   --->   "%store_ln257 = store i4 %inElem, i4 %inputBuf_V_232" [/home/miguel_tfg/FINN-v0.9-Stable/deps/finn-hlslib/mvau.hpp:257]   --->   Operation 723 'store' 'store_ln257' <Predicate = (!icmp_ln249 & icmp_ln253 & trunc_ln257 == 232)> <Delay = 0.00>
ST_1 : Operation 724 [1/1] (0.00ns)   --->   "%br_ln257 = br void %arrayidx.exit" [/home/miguel_tfg/FINN-v0.9-Stable/deps/finn-hlslib/mvau.hpp:257]   --->   Operation 724 'br' 'br_ln257' <Predicate = (!icmp_ln249 & icmp_ln253 & trunc_ln257 == 232)> <Delay = 0.00>
ST_1 : Operation 725 [1/1] (0.00ns)   --->   "%store_ln257 = store i4 %inElem, i4 %inputBuf_V_231" [/home/miguel_tfg/FINN-v0.9-Stable/deps/finn-hlslib/mvau.hpp:257]   --->   Operation 725 'store' 'store_ln257' <Predicate = (!icmp_ln249 & icmp_ln253 & trunc_ln257 == 231)> <Delay = 0.00>
ST_1 : Operation 726 [1/1] (0.00ns)   --->   "%br_ln257 = br void %arrayidx.exit" [/home/miguel_tfg/FINN-v0.9-Stable/deps/finn-hlslib/mvau.hpp:257]   --->   Operation 726 'br' 'br_ln257' <Predicate = (!icmp_ln249 & icmp_ln253 & trunc_ln257 == 231)> <Delay = 0.00>
ST_1 : Operation 727 [1/1] (0.00ns)   --->   "%store_ln257 = store i4 %inElem, i4 %inputBuf_V_230" [/home/miguel_tfg/FINN-v0.9-Stable/deps/finn-hlslib/mvau.hpp:257]   --->   Operation 727 'store' 'store_ln257' <Predicate = (!icmp_ln249 & icmp_ln253 & trunc_ln257 == 230)> <Delay = 0.00>
ST_1 : Operation 728 [1/1] (0.00ns)   --->   "%br_ln257 = br void %arrayidx.exit" [/home/miguel_tfg/FINN-v0.9-Stable/deps/finn-hlslib/mvau.hpp:257]   --->   Operation 728 'br' 'br_ln257' <Predicate = (!icmp_ln249 & icmp_ln253 & trunc_ln257 == 230)> <Delay = 0.00>
ST_1 : Operation 729 [1/1] (0.00ns)   --->   "%store_ln257 = store i4 %inElem, i4 %inputBuf_V_229" [/home/miguel_tfg/FINN-v0.9-Stable/deps/finn-hlslib/mvau.hpp:257]   --->   Operation 729 'store' 'store_ln257' <Predicate = (!icmp_ln249 & icmp_ln253 & trunc_ln257 == 229)> <Delay = 0.00>
ST_1 : Operation 730 [1/1] (0.00ns)   --->   "%br_ln257 = br void %arrayidx.exit" [/home/miguel_tfg/FINN-v0.9-Stable/deps/finn-hlslib/mvau.hpp:257]   --->   Operation 730 'br' 'br_ln257' <Predicate = (!icmp_ln249 & icmp_ln253 & trunc_ln257 == 229)> <Delay = 0.00>
ST_1 : Operation 731 [1/1] (0.00ns)   --->   "%store_ln257 = store i4 %inElem, i4 %inputBuf_V_228" [/home/miguel_tfg/FINN-v0.9-Stable/deps/finn-hlslib/mvau.hpp:257]   --->   Operation 731 'store' 'store_ln257' <Predicate = (!icmp_ln249 & icmp_ln253 & trunc_ln257 == 228)> <Delay = 0.00>
ST_1 : Operation 732 [1/1] (0.00ns)   --->   "%br_ln257 = br void %arrayidx.exit" [/home/miguel_tfg/FINN-v0.9-Stable/deps/finn-hlslib/mvau.hpp:257]   --->   Operation 732 'br' 'br_ln257' <Predicate = (!icmp_ln249 & icmp_ln253 & trunc_ln257 == 228)> <Delay = 0.00>
ST_1 : Operation 733 [1/1] (0.00ns)   --->   "%store_ln257 = store i4 %inElem, i4 %inputBuf_V_227" [/home/miguel_tfg/FINN-v0.9-Stable/deps/finn-hlslib/mvau.hpp:257]   --->   Operation 733 'store' 'store_ln257' <Predicate = (!icmp_ln249 & icmp_ln253 & trunc_ln257 == 227)> <Delay = 0.00>
ST_1 : Operation 734 [1/1] (0.00ns)   --->   "%br_ln257 = br void %arrayidx.exit" [/home/miguel_tfg/FINN-v0.9-Stable/deps/finn-hlslib/mvau.hpp:257]   --->   Operation 734 'br' 'br_ln257' <Predicate = (!icmp_ln249 & icmp_ln253 & trunc_ln257 == 227)> <Delay = 0.00>
ST_1 : Operation 735 [1/1] (0.00ns)   --->   "%store_ln257 = store i4 %inElem, i4 %inputBuf_V_226" [/home/miguel_tfg/FINN-v0.9-Stable/deps/finn-hlslib/mvau.hpp:257]   --->   Operation 735 'store' 'store_ln257' <Predicate = (!icmp_ln249 & icmp_ln253 & trunc_ln257 == 226)> <Delay = 0.00>
ST_1 : Operation 736 [1/1] (0.00ns)   --->   "%br_ln257 = br void %arrayidx.exit" [/home/miguel_tfg/FINN-v0.9-Stable/deps/finn-hlslib/mvau.hpp:257]   --->   Operation 736 'br' 'br_ln257' <Predicate = (!icmp_ln249 & icmp_ln253 & trunc_ln257 == 226)> <Delay = 0.00>
ST_1 : Operation 737 [1/1] (0.00ns)   --->   "%store_ln257 = store i4 %inElem, i4 %inputBuf_V_225" [/home/miguel_tfg/FINN-v0.9-Stable/deps/finn-hlslib/mvau.hpp:257]   --->   Operation 737 'store' 'store_ln257' <Predicate = (!icmp_ln249 & icmp_ln253 & trunc_ln257 == 225)> <Delay = 0.00>
ST_1 : Operation 738 [1/1] (0.00ns)   --->   "%br_ln257 = br void %arrayidx.exit" [/home/miguel_tfg/FINN-v0.9-Stable/deps/finn-hlslib/mvau.hpp:257]   --->   Operation 738 'br' 'br_ln257' <Predicate = (!icmp_ln249 & icmp_ln253 & trunc_ln257 == 225)> <Delay = 0.00>
ST_1 : Operation 739 [1/1] (0.00ns)   --->   "%store_ln257 = store i4 %inElem, i4 %inputBuf_V_224" [/home/miguel_tfg/FINN-v0.9-Stable/deps/finn-hlslib/mvau.hpp:257]   --->   Operation 739 'store' 'store_ln257' <Predicate = (!icmp_ln249 & icmp_ln253 & trunc_ln257 == 224)> <Delay = 0.00>
ST_1 : Operation 740 [1/1] (0.00ns)   --->   "%br_ln257 = br void %arrayidx.exit" [/home/miguel_tfg/FINN-v0.9-Stable/deps/finn-hlslib/mvau.hpp:257]   --->   Operation 740 'br' 'br_ln257' <Predicate = (!icmp_ln249 & icmp_ln253 & trunc_ln257 == 224)> <Delay = 0.00>
ST_1 : Operation 741 [1/1] (0.00ns)   --->   "%store_ln257 = store i4 %inElem, i4 %inputBuf_V_223" [/home/miguel_tfg/FINN-v0.9-Stable/deps/finn-hlslib/mvau.hpp:257]   --->   Operation 741 'store' 'store_ln257' <Predicate = (!icmp_ln249 & icmp_ln253 & trunc_ln257 == 223)> <Delay = 0.00>
ST_1 : Operation 742 [1/1] (0.00ns)   --->   "%br_ln257 = br void %arrayidx.exit" [/home/miguel_tfg/FINN-v0.9-Stable/deps/finn-hlslib/mvau.hpp:257]   --->   Operation 742 'br' 'br_ln257' <Predicate = (!icmp_ln249 & icmp_ln253 & trunc_ln257 == 223)> <Delay = 0.00>
ST_1 : Operation 743 [1/1] (0.00ns)   --->   "%store_ln257 = store i4 %inElem, i4 %inputBuf_V_222" [/home/miguel_tfg/FINN-v0.9-Stable/deps/finn-hlslib/mvau.hpp:257]   --->   Operation 743 'store' 'store_ln257' <Predicate = (!icmp_ln249 & icmp_ln253 & trunc_ln257 == 222)> <Delay = 0.00>
ST_1 : Operation 744 [1/1] (0.00ns)   --->   "%br_ln257 = br void %arrayidx.exit" [/home/miguel_tfg/FINN-v0.9-Stable/deps/finn-hlslib/mvau.hpp:257]   --->   Operation 744 'br' 'br_ln257' <Predicate = (!icmp_ln249 & icmp_ln253 & trunc_ln257 == 222)> <Delay = 0.00>
ST_1 : Operation 745 [1/1] (0.00ns)   --->   "%store_ln257 = store i4 %inElem, i4 %inputBuf_V_221" [/home/miguel_tfg/FINN-v0.9-Stable/deps/finn-hlslib/mvau.hpp:257]   --->   Operation 745 'store' 'store_ln257' <Predicate = (!icmp_ln249 & icmp_ln253 & trunc_ln257 == 221)> <Delay = 0.00>
ST_1 : Operation 746 [1/1] (0.00ns)   --->   "%br_ln257 = br void %arrayidx.exit" [/home/miguel_tfg/FINN-v0.9-Stable/deps/finn-hlslib/mvau.hpp:257]   --->   Operation 746 'br' 'br_ln257' <Predicate = (!icmp_ln249 & icmp_ln253 & trunc_ln257 == 221)> <Delay = 0.00>
ST_1 : Operation 747 [1/1] (0.00ns)   --->   "%store_ln257 = store i4 %inElem, i4 %inputBuf_V_220" [/home/miguel_tfg/FINN-v0.9-Stable/deps/finn-hlslib/mvau.hpp:257]   --->   Operation 747 'store' 'store_ln257' <Predicate = (!icmp_ln249 & icmp_ln253 & trunc_ln257 == 220)> <Delay = 0.00>
ST_1 : Operation 748 [1/1] (0.00ns)   --->   "%br_ln257 = br void %arrayidx.exit" [/home/miguel_tfg/FINN-v0.9-Stable/deps/finn-hlslib/mvau.hpp:257]   --->   Operation 748 'br' 'br_ln257' <Predicate = (!icmp_ln249 & icmp_ln253 & trunc_ln257 == 220)> <Delay = 0.00>
ST_1 : Operation 749 [1/1] (0.00ns)   --->   "%store_ln257 = store i4 %inElem, i4 %inputBuf_V_219" [/home/miguel_tfg/FINN-v0.9-Stable/deps/finn-hlslib/mvau.hpp:257]   --->   Operation 749 'store' 'store_ln257' <Predicate = (!icmp_ln249 & icmp_ln253 & trunc_ln257 == 219)> <Delay = 0.00>
ST_1 : Operation 750 [1/1] (0.00ns)   --->   "%br_ln257 = br void %arrayidx.exit" [/home/miguel_tfg/FINN-v0.9-Stable/deps/finn-hlslib/mvau.hpp:257]   --->   Operation 750 'br' 'br_ln257' <Predicate = (!icmp_ln249 & icmp_ln253 & trunc_ln257 == 219)> <Delay = 0.00>
ST_1 : Operation 751 [1/1] (0.00ns)   --->   "%store_ln257 = store i4 %inElem, i4 %inputBuf_V_218" [/home/miguel_tfg/FINN-v0.9-Stable/deps/finn-hlslib/mvau.hpp:257]   --->   Operation 751 'store' 'store_ln257' <Predicate = (!icmp_ln249 & icmp_ln253 & trunc_ln257 == 218)> <Delay = 0.00>
ST_1 : Operation 752 [1/1] (0.00ns)   --->   "%br_ln257 = br void %arrayidx.exit" [/home/miguel_tfg/FINN-v0.9-Stable/deps/finn-hlslib/mvau.hpp:257]   --->   Operation 752 'br' 'br_ln257' <Predicate = (!icmp_ln249 & icmp_ln253 & trunc_ln257 == 218)> <Delay = 0.00>
ST_1 : Operation 753 [1/1] (0.00ns)   --->   "%store_ln257 = store i4 %inElem, i4 %inputBuf_V_217" [/home/miguel_tfg/FINN-v0.9-Stable/deps/finn-hlslib/mvau.hpp:257]   --->   Operation 753 'store' 'store_ln257' <Predicate = (!icmp_ln249 & icmp_ln253 & trunc_ln257 == 217)> <Delay = 0.00>
ST_1 : Operation 754 [1/1] (0.00ns)   --->   "%br_ln257 = br void %arrayidx.exit" [/home/miguel_tfg/FINN-v0.9-Stable/deps/finn-hlslib/mvau.hpp:257]   --->   Operation 754 'br' 'br_ln257' <Predicate = (!icmp_ln249 & icmp_ln253 & trunc_ln257 == 217)> <Delay = 0.00>
ST_1 : Operation 755 [1/1] (0.00ns)   --->   "%store_ln257 = store i4 %inElem, i4 %inputBuf_V_216" [/home/miguel_tfg/FINN-v0.9-Stable/deps/finn-hlslib/mvau.hpp:257]   --->   Operation 755 'store' 'store_ln257' <Predicate = (!icmp_ln249 & icmp_ln253 & trunc_ln257 == 216)> <Delay = 0.00>
ST_1 : Operation 756 [1/1] (0.00ns)   --->   "%br_ln257 = br void %arrayidx.exit" [/home/miguel_tfg/FINN-v0.9-Stable/deps/finn-hlslib/mvau.hpp:257]   --->   Operation 756 'br' 'br_ln257' <Predicate = (!icmp_ln249 & icmp_ln253 & trunc_ln257 == 216)> <Delay = 0.00>
ST_1 : Operation 757 [1/1] (0.00ns)   --->   "%store_ln257 = store i4 %inElem, i4 %inputBuf_V_215" [/home/miguel_tfg/FINN-v0.9-Stable/deps/finn-hlslib/mvau.hpp:257]   --->   Operation 757 'store' 'store_ln257' <Predicate = (!icmp_ln249 & icmp_ln253 & trunc_ln257 == 215)> <Delay = 0.00>
ST_1 : Operation 758 [1/1] (0.00ns)   --->   "%br_ln257 = br void %arrayidx.exit" [/home/miguel_tfg/FINN-v0.9-Stable/deps/finn-hlslib/mvau.hpp:257]   --->   Operation 758 'br' 'br_ln257' <Predicate = (!icmp_ln249 & icmp_ln253 & trunc_ln257 == 215)> <Delay = 0.00>
ST_1 : Operation 759 [1/1] (0.00ns)   --->   "%store_ln257 = store i4 %inElem, i4 %inputBuf_V_214" [/home/miguel_tfg/FINN-v0.9-Stable/deps/finn-hlslib/mvau.hpp:257]   --->   Operation 759 'store' 'store_ln257' <Predicate = (!icmp_ln249 & icmp_ln253 & trunc_ln257 == 214)> <Delay = 0.00>
ST_1 : Operation 760 [1/1] (0.00ns)   --->   "%br_ln257 = br void %arrayidx.exit" [/home/miguel_tfg/FINN-v0.9-Stable/deps/finn-hlslib/mvau.hpp:257]   --->   Operation 760 'br' 'br_ln257' <Predicate = (!icmp_ln249 & icmp_ln253 & trunc_ln257 == 214)> <Delay = 0.00>
ST_1 : Operation 761 [1/1] (0.00ns)   --->   "%store_ln257 = store i4 %inElem, i4 %inputBuf_V_213" [/home/miguel_tfg/FINN-v0.9-Stable/deps/finn-hlslib/mvau.hpp:257]   --->   Operation 761 'store' 'store_ln257' <Predicate = (!icmp_ln249 & icmp_ln253 & trunc_ln257 == 213)> <Delay = 0.00>
ST_1 : Operation 762 [1/1] (0.00ns)   --->   "%br_ln257 = br void %arrayidx.exit" [/home/miguel_tfg/FINN-v0.9-Stable/deps/finn-hlslib/mvau.hpp:257]   --->   Operation 762 'br' 'br_ln257' <Predicate = (!icmp_ln249 & icmp_ln253 & trunc_ln257 == 213)> <Delay = 0.00>
ST_1 : Operation 763 [1/1] (0.00ns)   --->   "%store_ln257 = store i4 %inElem, i4 %inputBuf_V_212" [/home/miguel_tfg/FINN-v0.9-Stable/deps/finn-hlslib/mvau.hpp:257]   --->   Operation 763 'store' 'store_ln257' <Predicate = (!icmp_ln249 & icmp_ln253 & trunc_ln257 == 212)> <Delay = 0.00>
ST_1 : Operation 764 [1/1] (0.00ns)   --->   "%br_ln257 = br void %arrayidx.exit" [/home/miguel_tfg/FINN-v0.9-Stable/deps/finn-hlslib/mvau.hpp:257]   --->   Operation 764 'br' 'br_ln257' <Predicate = (!icmp_ln249 & icmp_ln253 & trunc_ln257 == 212)> <Delay = 0.00>
ST_1 : Operation 765 [1/1] (0.00ns)   --->   "%store_ln257 = store i4 %inElem, i4 %inputBuf_V_211" [/home/miguel_tfg/FINN-v0.9-Stable/deps/finn-hlslib/mvau.hpp:257]   --->   Operation 765 'store' 'store_ln257' <Predicate = (!icmp_ln249 & icmp_ln253 & trunc_ln257 == 211)> <Delay = 0.00>
ST_1 : Operation 766 [1/1] (0.00ns)   --->   "%br_ln257 = br void %arrayidx.exit" [/home/miguel_tfg/FINN-v0.9-Stable/deps/finn-hlslib/mvau.hpp:257]   --->   Operation 766 'br' 'br_ln257' <Predicate = (!icmp_ln249 & icmp_ln253 & trunc_ln257 == 211)> <Delay = 0.00>
ST_1 : Operation 767 [1/1] (0.00ns)   --->   "%store_ln257 = store i4 %inElem, i4 %inputBuf_V_210" [/home/miguel_tfg/FINN-v0.9-Stable/deps/finn-hlslib/mvau.hpp:257]   --->   Operation 767 'store' 'store_ln257' <Predicate = (!icmp_ln249 & icmp_ln253 & trunc_ln257 == 210)> <Delay = 0.00>
ST_1 : Operation 768 [1/1] (0.00ns)   --->   "%br_ln257 = br void %arrayidx.exit" [/home/miguel_tfg/FINN-v0.9-Stable/deps/finn-hlslib/mvau.hpp:257]   --->   Operation 768 'br' 'br_ln257' <Predicate = (!icmp_ln249 & icmp_ln253 & trunc_ln257 == 210)> <Delay = 0.00>
ST_1 : Operation 769 [1/1] (0.00ns)   --->   "%store_ln257 = store i4 %inElem, i4 %inputBuf_V_209" [/home/miguel_tfg/FINN-v0.9-Stable/deps/finn-hlslib/mvau.hpp:257]   --->   Operation 769 'store' 'store_ln257' <Predicate = (!icmp_ln249 & icmp_ln253 & trunc_ln257 == 209)> <Delay = 0.00>
ST_1 : Operation 770 [1/1] (0.00ns)   --->   "%br_ln257 = br void %arrayidx.exit" [/home/miguel_tfg/FINN-v0.9-Stable/deps/finn-hlslib/mvau.hpp:257]   --->   Operation 770 'br' 'br_ln257' <Predicate = (!icmp_ln249 & icmp_ln253 & trunc_ln257 == 209)> <Delay = 0.00>
ST_1 : Operation 771 [1/1] (0.00ns)   --->   "%store_ln257 = store i4 %inElem, i4 %inputBuf_V_208" [/home/miguel_tfg/FINN-v0.9-Stable/deps/finn-hlslib/mvau.hpp:257]   --->   Operation 771 'store' 'store_ln257' <Predicate = (!icmp_ln249 & icmp_ln253 & trunc_ln257 == 208)> <Delay = 0.00>
ST_1 : Operation 772 [1/1] (0.00ns)   --->   "%br_ln257 = br void %arrayidx.exit" [/home/miguel_tfg/FINN-v0.9-Stable/deps/finn-hlslib/mvau.hpp:257]   --->   Operation 772 'br' 'br_ln257' <Predicate = (!icmp_ln249 & icmp_ln253 & trunc_ln257 == 208)> <Delay = 0.00>
ST_1 : Operation 773 [1/1] (0.00ns)   --->   "%store_ln257 = store i4 %inElem, i4 %inputBuf_V_207" [/home/miguel_tfg/FINN-v0.9-Stable/deps/finn-hlslib/mvau.hpp:257]   --->   Operation 773 'store' 'store_ln257' <Predicate = (!icmp_ln249 & icmp_ln253 & trunc_ln257 == 207)> <Delay = 0.00>
ST_1 : Operation 774 [1/1] (0.00ns)   --->   "%br_ln257 = br void %arrayidx.exit" [/home/miguel_tfg/FINN-v0.9-Stable/deps/finn-hlslib/mvau.hpp:257]   --->   Operation 774 'br' 'br_ln257' <Predicate = (!icmp_ln249 & icmp_ln253 & trunc_ln257 == 207)> <Delay = 0.00>
ST_1 : Operation 775 [1/1] (0.00ns)   --->   "%store_ln257 = store i4 %inElem, i4 %inputBuf_V_206" [/home/miguel_tfg/FINN-v0.9-Stable/deps/finn-hlslib/mvau.hpp:257]   --->   Operation 775 'store' 'store_ln257' <Predicate = (!icmp_ln249 & icmp_ln253 & trunc_ln257 == 206)> <Delay = 0.00>
ST_1 : Operation 776 [1/1] (0.00ns)   --->   "%br_ln257 = br void %arrayidx.exit" [/home/miguel_tfg/FINN-v0.9-Stable/deps/finn-hlslib/mvau.hpp:257]   --->   Operation 776 'br' 'br_ln257' <Predicate = (!icmp_ln249 & icmp_ln253 & trunc_ln257 == 206)> <Delay = 0.00>
ST_1 : Operation 777 [1/1] (0.00ns)   --->   "%store_ln257 = store i4 %inElem, i4 %inputBuf_V_205" [/home/miguel_tfg/FINN-v0.9-Stable/deps/finn-hlslib/mvau.hpp:257]   --->   Operation 777 'store' 'store_ln257' <Predicate = (!icmp_ln249 & icmp_ln253 & trunc_ln257 == 205)> <Delay = 0.00>
ST_1 : Operation 778 [1/1] (0.00ns)   --->   "%br_ln257 = br void %arrayidx.exit" [/home/miguel_tfg/FINN-v0.9-Stable/deps/finn-hlslib/mvau.hpp:257]   --->   Operation 778 'br' 'br_ln257' <Predicate = (!icmp_ln249 & icmp_ln253 & trunc_ln257 == 205)> <Delay = 0.00>
ST_1 : Operation 779 [1/1] (0.00ns)   --->   "%store_ln257 = store i4 %inElem, i4 %inputBuf_V_204" [/home/miguel_tfg/FINN-v0.9-Stable/deps/finn-hlslib/mvau.hpp:257]   --->   Operation 779 'store' 'store_ln257' <Predicate = (!icmp_ln249 & icmp_ln253 & trunc_ln257 == 204)> <Delay = 0.00>
ST_1 : Operation 780 [1/1] (0.00ns)   --->   "%br_ln257 = br void %arrayidx.exit" [/home/miguel_tfg/FINN-v0.9-Stable/deps/finn-hlslib/mvau.hpp:257]   --->   Operation 780 'br' 'br_ln257' <Predicate = (!icmp_ln249 & icmp_ln253 & trunc_ln257 == 204)> <Delay = 0.00>
ST_1 : Operation 781 [1/1] (0.00ns)   --->   "%store_ln257 = store i4 %inElem, i4 %inputBuf_V_203" [/home/miguel_tfg/FINN-v0.9-Stable/deps/finn-hlslib/mvau.hpp:257]   --->   Operation 781 'store' 'store_ln257' <Predicate = (!icmp_ln249 & icmp_ln253 & trunc_ln257 == 203)> <Delay = 0.00>
ST_1 : Operation 782 [1/1] (0.00ns)   --->   "%br_ln257 = br void %arrayidx.exit" [/home/miguel_tfg/FINN-v0.9-Stable/deps/finn-hlslib/mvau.hpp:257]   --->   Operation 782 'br' 'br_ln257' <Predicate = (!icmp_ln249 & icmp_ln253 & trunc_ln257 == 203)> <Delay = 0.00>
ST_1 : Operation 783 [1/1] (0.00ns)   --->   "%store_ln257 = store i4 %inElem, i4 %inputBuf_V_202" [/home/miguel_tfg/FINN-v0.9-Stable/deps/finn-hlslib/mvau.hpp:257]   --->   Operation 783 'store' 'store_ln257' <Predicate = (!icmp_ln249 & icmp_ln253 & trunc_ln257 == 202)> <Delay = 0.00>
ST_1 : Operation 784 [1/1] (0.00ns)   --->   "%br_ln257 = br void %arrayidx.exit" [/home/miguel_tfg/FINN-v0.9-Stable/deps/finn-hlslib/mvau.hpp:257]   --->   Operation 784 'br' 'br_ln257' <Predicate = (!icmp_ln249 & icmp_ln253 & trunc_ln257 == 202)> <Delay = 0.00>
ST_1 : Operation 785 [1/1] (0.00ns)   --->   "%store_ln257 = store i4 %inElem, i4 %inputBuf_V_201" [/home/miguel_tfg/FINN-v0.9-Stable/deps/finn-hlslib/mvau.hpp:257]   --->   Operation 785 'store' 'store_ln257' <Predicate = (!icmp_ln249 & icmp_ln253 & trunc_ln257 == 201)> <Delay = 0.00>
ST_1 : Operation 786 [1/1] (0.00ns)   --->   "%br_ln257 = br void %arrayidx.exit" [/home/miguel_tfg/FINN-v0.9-Stable/deps/finn-hlslib/mvau.hpp:257]   --->   Operation 786 'br' 'br_ln257' <Predicate = (!icmp_ln249 & icmp_ln253 & trunc_ln257 == 201)> <Delay = 0.00>
ST_1 : Operation 787 [1/1] (0.00ns)   --->   "%store_ln257 = store i4 %inElem, i4 %inputBuf_V_200" [/home/miguel_tfg/FINN-v0.9-Stable/deps/finn-hlslib/mvau.hpp:257]   --->   Operation 787 'store' 'store_ln257' <Predicate = (!icmp_ln249 & icmp_ln253 & trunc_ln257 == 200)> <Delay = 0.00>
ST_1 : Operation 788 [1/1] (0.00ns)   --->   "%br_ln257 = br void %arrayidx.exit" [/home/miguel_tfg/FINN-v0.9-Stable/deps/finn-hlslib/mvau.hpp:257]   --->   Operation 788 'br' 'br_ln257' <Predicate = (!icmp_ln249 & icmp_ln253 & trunc_ln257 == 200)> <Delay = 0.00>
ST_1 : Operation 789 [1/1] (0.00ns)   --->   "%store_ln257 = store i4 %inElem, i4 %inputBuf_V_199" [/home/miguel_tfg/FINN-v0.9-Stable/deps/finn-hlslib/mvau.hpp:257]   --->   Operation 789 'store' 'store_ln257' <Predicate = (!icmp_ln249 & icmp_ln253 & trunc_ln257 == 199)> <Delay = 0.00>
ST_1 : Operation 790 [1/1] (0.00ns)   --->   "%br_ln257 = br void %arrayidx.exit" [/home/miguel_tfg/FINN-v0.9-Stable/deps/finn-hlslib/mvau.hpp:257]   --->   Operation 790 'br' 'br_ln257' <Predicate = (!icmp_ln249 & icmp_ln253 & trunc_ln257 == 199)> <Delay = 0.00>
ST_1 : Operation 791 [1/1] (0.00ns)   --->   "%store_ln257 = store i4 %inElem, i4 %inputBuf_V_198" [/home/miguel_tfg/FINN-v0.9-Stable/deps/finn-hlslib/mvau.hpp:257]   --->   Operation 791 'store' 'store_ln257' <Predicate = (!icmp_ln249 & icmp_ln253 & trunc_ln257 == 198)> <Delay = 0.00>
ST_1 : Operation 792 [1/1] (0.00ns)   --->   "%br_ln257 = br void %arrayidx.exit" [/home/miguel_tfg/FINN-v0.9-Stable/deps/finn-hlslib/mvau.hpp:257]   --->   Operation 792 'br' 'br_ln257' <Predicate = (!icmp_ln249 & icmp_ln253 & trunc_ln257 == 198)> <Delay = 0.00>
ST_1 : Operation 793 [1/1] (0.00ns)   --->   "%store_ln257 = store i4 %inElem, i4 %inputBuf_V_197" [/home/miguel_tfg/FINN-v0.9-Stable/deps/finn-hlslib/mvau.hpp:257]   --->   Operation 793 'store' 'store_ln257' <Predicate = (!icmp_ln249 & icmp_ln253 & trunc_ln257 == 197)> <Delay = 0.00>
ST_1 : Operation 794 [1/1] (0.00ns)   --->   "%br_ln257 = br void %arrayidx.exit" [/home/miguel_tfg/FINN-v0.9-Stable/deps/finn-hlslib/mvau.hpp:257]   --->   Operation 794 'br' 'br_ln257' <Predicate = (!icmp_ln249 & icmp_ln253 & trunc_ln257 == 197)> <Delay = 0.00>
ST_1 : Operation 795 [1/1] (0.00ns)   --->   "%store_ln257 = store i4 %inElem, i4 %inputBuf_V_196" [/home/miguel_tfg/FINN-v0.9-Stable/deps/finn-hlslib/mvau.hpp:257]   --->   Operation 795 'store' 'store_ln257' <Predicate = (!icmp_ln249 & icmp_ln253 & trunc_ln257 == 196)> <Delay = 0.00>
ST_1 : Operation 796 [1/1] (0.00ns)   --->   "%br_ln257 = br void %arrayidx.exit" [/home/miguel_tfg/FINN-v0.9-Stable/deps/finn-hlslib/mvau.hpp:257]   --->   Operation 796 'br' 'br_ln257' <Predicate = (!icmp_ln249 & icmp_ln253 & trunc_ln257 == 196)> <Delay = 0.00>
ST_1 : Operation 797 [1/1] (0.00ns)   --->   "%store_ln257 = store i4 %inElem, i4 %inputBuf_V_195" [/home/miguel_tfg/FINN-v0.9-Stable/deps/finn-hlslib/mvau.hpp:257]   --->   Operation 797 'store' 'store_ln257' <Predicate = (!icmp_ln249 & icmp_ln253 & trunc_ln257 == 195)> <Delay = 0.00>
ST_1 : Operation 798 [1/1] (0.00ns)   --->   "%br_ln257 = br void %arrayidx.exit" [/home/miguel_tfg/FINN-v0.9-Stable/deps/finn-hlslib/mvau.hpp:257]   --->   Operation 798 'br' 'br_ln257' <Predicate = (!icmp_ln249 & icmp_ln253 & trunc_ln257 == 195)> <Delay = 0.00>
ST_1 : Operation 799 [1/1] (0.00ns)   --->   "%store_ln257 = store i4 %inElem, i4 %inputBuf_V_194" [/home/miguel_tfg/FINN-v0.9-Stable/deps/finn-hlslib/mvau.hpp:257]   --->   Operation 799 'store' 'store_ln257' <Predicate = (!icmp_ln249 & icmp_ln253 & trunc_ln257 == 194)> <Delay = 0.00>
ST_1 : Operation 800 [1/1] (0.00ns)   --->   "%br_ln257 = br void %arrayidx.exit" [/home/miguel_tfg/FINN-v0.9-Stable/deps/finn-hlslib/mvau.hpp:257]   --->   Operation 800 'br' 'br_ln257' <Predicate = (!icmp_ln249 & icmp_ln253 & trunc_ln257 == 194)> <Delay = 0.00>
ST_1 : Operation 801 [1/1] (0.00ns)   --->   "%store_ln257 = store i4 %inElem, i4 %inputBuf_V_193" [/home/miguel_tfg/FINN-v0.9-Stable/deps/finn-hlslib/mvau.hpp:257]   --->   Operation 801 'store' 'store_ln257' <Predicate = (!icmp_ln249 & icmp_ln253 & trunc_ln257 == 193)> <Delay = 0.00>
ST_1 : Operation 802 [1/1] (0.00ns)   --->   "%br_ln257 = br void %arrayidx.exit" [/home/miguel_tfg/FINN-v0.9-Stable/deps/finn-hlslib/mvau.hpp:257]   --->   Operation 802 'br' 'br_ln257' <Predicate = (!icmp_ln249 & icmp_ln253 & trunc_ln257 == 193)> <Delay = 0.00>
ST_1 : Operation 803 [1/1] (0.00ns)   --->   "%store_ln257 = store i4 %inElem, i4 %inputBuf_V_192" [/home/miguel_tfg/FINN-v0.9-Stable/deps/finn-hlslib/mvau.hpp:257]   --->   Operation 803 'store' 'store_ln257' <Predicate = (!icmp_ln249 & icmp_ln253 & trunc_ln257 == 192)> <Delay = 0.00>
ST_1 : Operation 804 [1/1] (0.00ns)   --->   "%br_ln257 = br void %arrayidx.exit" [/home/miguel_tfg/FINN-v0.9-Stable/deps/finn-hlslib/mvau.hpp:257]   --->   Operation 804 'br' 'br_ln257' <Predicate = (!icmp_ln249 & icmp_ln253 & trunc_ln257 == 192)> <Delay = 0.00>
ST_1 : Operation 805 [1/1] (0.00ns)   --->   "%store_ln257 = store i4 %inElem, i4 %inputBuf_V_191" [/home/miguel_tfg/FINN-v0.9-Stable/deps/finn-hlslib/mvau.hpp:257]   --->   Operation 805 'store' 'store_ln257' <Predicate = (!icmp_ln249 & icmp_ln253 & trunc_ln257 == 191)> <Delay = 0.00>
ST_1 : Operation 806 [1/1] (0.00ns)   --->   "%br_ln257 = br void %arrayidx.exit" [/home/miguel_tfg/FINN-v0.9-Stable/deps/finn-hlslib/mvau.hpp:257]   --->   Operation 806 'br' 'br_ln257' <Predicate = (!icmp_ln249 & icmp_ln253 & trunc_ln257 == 191)> <Delay = 0.00>
ST_1 : Operation 807 [1/1] (0.00ns)   --->   "%store_ln257 = store i4 %inElem, i4 %inputBuf_V_190" [/home/miguel_tfg/FINN-v0.9-Stable/deps/finn-hlslib/mvau.hpp:257]   --->   Operation 807 'store' 'store_ln257' <Predicate = (!icmp_ln249 & icmp_ln253 & trunc_ln257 == 190)> <Delay = 0.00>
ST_1 : Operation 808 [1/1] (0.00ns)   --->   "%br_ln257 = br void %arrayidx.exit" [/home/miguel_tfg/FINN-v0.9-Stable/deps/finn-hlslib/mvau.hpp:257]   --->   Operation 808 'br' 'br_ln257' <Predicate = (!icmp_ln249 & icmp_ln253 & trunc_ln257 == 190)> <Delay = 0.00>
ST_1 : Operation 809 [1/1] (0.00ns)   --->   "%store_ln257 = store i4 %inElem, i4 %inputBuf_V_189" [/home/miguel_tfg/FINN-v0.9-Stable/deps/finn-hlslib/mvau.hpp:257]   --->   Operation 809 'store' 'store_ln257' <Predicate = (!icmp_ln249 & icmp_ln253 & trunc_ln257 == 189)> <Delay = 0.00>
ST_1 : Operation 810 [1/1] (0.00ns)   --->   "%br_ln257 = br void %arrayidx.exit" [/home/miguel_tfg/FINN-v0.9-Stable/deps/finn-hlslib/mvau.hpp:257]   --->   Operation 810 'br' 'br_ln257' <Predicate = (!icmp_ln249 & icmp_ln253 & trunc_ln257 == 189)> <Delay = 0.00>
ST_1 : Operation 811 [1/1] (0.00ns)   --->   "%store_ln257 = store i4 %inElem, i4 %inputBuf_V_188" [/home/miguel_tfg/FINN-v0.9-Stable/deps/finn-hlslib/mvau.hpp:257]   --->   Operation 811 'store' 'store_ln257' <Predicate = (!icmp_ln249 & icmp_ln253 & trunc_ln257 == 188)> <Delay = 0.00>
ST_1 : Operation 812 [1/1] (0.00ns)   --->   "%br_ln257 = br void %arrayidx.exit" [/home/miguel_tfg/FINN-v0.9-Stable/deps/finn-hlslib/mvau.hpp:257]   --->   Operation 812 'br' 'br_ln257' <Predicate = (!icmp_ln249 & icmp_ln253 & trunc_ln257 == 188)> <Delay = 0.00>
ST_1 : Operation 813 [1/1] (0.00ns)   --->   "%store_ln257 = store i4 %inElem, i4 %inputBuf_V_187" [/home/miguel_tfg/FINN-v0.9-Stable/deps/finn-hlslib/mvau.hpp:257]   --->   Operation 813 'store' 'store_ln257' <Predicate = (!icmp_ln249 & icmp_ln253 & trunc_ln257 == 187)> <Delay = 0.00>
ST_1 : Operation 814 [1/1] (0.00ns)   --->   "%br_ln257 = br void %arrayidx.exit" [/home/miguel_tfg/FINN-v0.9-Stable/deps/finn-hlslib/mvau.hpp:257]   --->   Operation 814 'br' 'br_ln257' <Predicate = (!icmp_ln249 & icmp_ln253 & trunc_ln257 == 187)> <Delay = 0.00>
ST_1 : Operation 815 [1/1] (0.00ns)   --->   "%store_ln257 = store i4 %inElem, i4 %inputBuf_V_186" [/home/miguel_tfg/FINN-v0.9-Stable/deps/finn-hlslib/mvau.hpp:257]   --->   Operation 815 'store' 'store_ln257' <Predicate = (!icmp_ln249 & icmp_ln253 & trunc_ln257 == 186)> <Delay = 0.00>
ST_1 : Operation 816 [1/1] (0.00ns)   --->   "%br_ln257 = br void %arrayidx.exit" [/home/miguel_tfg/FINN-v0.9-Stable/deps/finn-hlslib/mvau.hpp:257]   --->   Operation 816 'br' 'br_ln257' <Predicate = (!icmp_ln249 & icmp_ln253 & trunc_ln257 == 186)> <Delay = 0.00>
ST_1 : Operation 817 [1/1] (0.00ns)   --->   "%store_ln257 = store i4 %inElem, i4 %inputBuf_V_185" [/home/miguel_tfg/FINN-v0.9-Stable/deps/finn-hlslib/mvau.hpp:257]   --->   Operation 817 'store' 'store_ln257' <Predicate = (!icmp_ln249 & icmp_ln253 & trunc_ln257 == 185)> <Delay = 0.00>
ST_1 : Operation 818 [1/1] (0.00ns)   --->   "%br_ln257 = br void %arrayidx.exit" [/home/miguel_tfg/FINN-v0.9-Stable/deps/finn-hlslib/mvau.hpp:257]   --->   Operation 818 'br' 'br_ln257' <Predicate = (!icmp_ln249 & icmp_ln253 & trunc_ln257 == 185)> <Delay = 0.00>
ST_1 : Operation 819 [1/1] (0.00ns)   --->   "%store_ln257 = store i4 %inElem, i4 %inputBuf_V_184" [/home/miguel_tfg/FINN-v0.9-Stable/deps/finn-hlslib/mvau.hpp:257]   --->   Operation 819 'store' 'store_ln257' <Predicate = (!icmp_ln249 & icmp_ln253 & trunc_ln257 == 184)> <Delay = 0.00>
ST_1 : Operation 820 [1/1] (0.00ns)   --->   "%br_ln257 = br void %arrayidx.exit" [/home/miguel_tfg/FINN-v0.9-Stable/deps/finn-hlslib/mvau.hpp:257]   --->   Operation 820 'br' 'br_ln257' <Predicate = (!icmp_ln249 & icmp_ln253 & trunc_ln257 == 184)> <Delay = 0.00>
ST_1 : Operation 821 [1/1] (0.00ns)   --->   "%store_ln257 = store i4 %inElem, i4 %inputBuf_V_183" [/home/miguel_tfg/FINN-v0.9-Stable/deps/finn-hlslib/mvau.hpp:257]   --->   Operation 821 'store' 'store_ln257' <Predicate = (!icmp_ln249 & icmp_ln253 & trunc_ln257 == 183)> <Delay = 0.00>
ST_1 : Operation 822 [1/1] (0.00ns)   --->   "%br_ln257 = br void %arrayidx.exit" [/home/miguel_tfg/FINN-v0.9-Stable/deps/finn-hlslib/mvau.hpp:257]   --->   Operation 822 'br' 'br_ln257' <Predicate = (!icmp_ln249 & icmp_ln253 & trunc_ln257 == 183)> <Delay = 0.00>
ST_1 : Operation 823 [1/1] (0.00ns)   --->   "%store_ln257 = store i4 %inElem, i4 %inputBuf_V_182" [/home/miguel_tfg/FINN-v0.9-Stable/deps/finn-hlslib/mvau.hpp:257]   --->   Operation 823 'store' 'store_ln257' <Predicate = (!icmp_ln249 & icmp_ln253 & trunc_ln257 == 182)> <Delay = 0.00>
ST_1 : Operation 824 [1/1] (0.00ns)   --->   "%br_ln257 = br void %arrayidx.exit" [/home/miguel_tfg/FINN-v0.9-Stable/deps/finn-hlslib/mvau.hpp:257]   --->   Operation 824 'br' 'br_ln257' <Predicate = (!icmp_ln249 & icmp_ln253 & trunc_ln257 == 182)> <Delay = 0.00>
ST_1 : Operation 825 [1/1] (0.00ns)   --->   "%store_ln257 = store i4 %inElem, i4 %inputBuf_V_181" [/home/miguel_tfg/FINN-v0.9-Stable/deps/finn-hlslib/mvau.hpp:257]   --->   Operation 825 'store' 'store_ln257' <Predicate = (!icmp_ln249 & icmp_ln253 & trunc_ln257 == 181)> <Delay = 0.00>
ST_1 : Operation 826 [1/1] (0.00ns)   --->   "%br_ln257 = br void %arrayidx.exit" [/home/miguel_tfg/FINN-v0.9-Stable/deps/finn-hlslib/mvau.hpp:257]   --->   Operation 826 'br' 'br_ln257' <Predicate = (!icmp_ln249 & icmp_ln253 & trunc_ln257 == 181)> <Delay = 0.00>
ST_1 : Operation 827 [1/1] (0.00ns)   --->   "%store_ln257 = store i4 %inElem, i4 %inputBuf_V_180" [/home/miguel_tfg/FINN-v0.9-Stable/deps/finn-hlslib/mvau.hpp:257]   --->   Operation 827 'store' 'store_ln257' <Predicate = (!icmp_ln249 & icmp_ln253 & trunc_ln257 == 180)> <Delay = 0.00>
ST_1 : Operation 828 [1/1] (0.00ns)   --->   "%br_ln257 = br void %arrayidx.exit" [/home/miguel_tfg/FINN-v0.9-Stable/deps/finn-hlslib/mvau.hpp:257]   --->   Operation 828 'br' 'br_ln257' <Predicate = (!icmp_ln249 & icmp_ln253 & trunc_ln257 == 180)> <Delay = 0.00>
ST_1 : Operation 829 [1/1] (0.00ns)   --->   "%store_ln257 = store i4 %inElem, i4 %inputBuf_V_179" [/home/miguel_tfg/FINN-v0.9-Stable/deps/finn-hlslib/mvau.hpp:257]   --->   Operation 829 'store' 'store_ln257' <Predicate = (!icmp_ln249 & icmp_ln253 & trunc_ln257 == 179)> <Delay = 0.00>
ST_1 : Operation 830 [1/1] (0.00ns)   --->   "%br_ln257 = br void %arrayidx.exit" [/home/miguel_tfg/FINN-v0.9-Stable/deps/finn-hlslib/mvau.hpp:257]   --->   Operation 830 'br' 'br_ln257' <Predicate = (!icmp_ln249 & icmp_ln253 & trunc_ln257 == 179)> <Delay = 0.00>
ST_1 : Operation 831 [1/1] (0.00ns)   --->   "%store_ln257 = store i4 %inElem, i4 %inputBuf_V_178" [/home/miguel_tfg/FINN-v0.9-Stable/deps/finn-hlslib/mvau.hpp:257]   --->   Operation 831 'store' 'store_ln257' <Predicate = (!icmp_ln249 & icmp_ln253 & trunc_ln257 == 178)> <Delay = 0.00>
ST_1 : Operation 832 [1/1] (0.00ns)   --->   "%br_ln257 = br void %arrayidx.exit" [/home/miguel_tfg/FINN-v0.9-Stable/deps/finn-hlslib/mvau.hpp:257]   --->   Operation 832 'br' 'br_ln257' <Predicate = (!icmp_ln249 & icmp_ln253 & trunc_ln257 == 178)> <Delay = 0.00>
ST_1 : Operation 833 [1/1] (0.00ns)   --->   "%store_ln257 = store i4 %inElem, i4 %inputBuf_V_177" [/home/miguel_tfg/FINN-v0.9-Stable/deps/finn-hlslib/mvau.hpp:257]   --->   Operation 833 'store' 'store_ln257' <Predicate = (!icmp_ln249 & icmp_ln253 & trunc_ln257 == 177)> <Delay = 0.00>
ST_1 : Operation 834 [1/1] (0.00ns)   --->   "%br_ln257 = br void %arrayidx.exit" [/home/miguel_tfg/FINN-v0.9-Stable/deps/finn-hlslib/mvau.hpp:257]   --->   Operation 834 'br' 'br_ln257' <Predicate = (!icmp_ln249 & icmp_ln253 & trunc_ln257 == 177)> <Delay = 0.00>
ST_1 : Operation 835 [1/1] (0.00ns)   --->   "%store_ln257 = store i4 %inElem, i4 %inputBuf_V_176" [/home/miguel_tfg/FINN-v0.9-Stable/deps/finn-hlslib/mvau.hpp:257]   --->   Operation 835 'store' 'store_ln257' <Predicate = (!icmp_ln249 & icmp_ln253 & trunc_ln257 == 176)> <Delay = 0.00>
ST_1 : Operation 836 [1/1] (0.00ns)   --->   "%br_ln257 = br void %arrayidx.exit" [/home/miguel_tfg/FINN-v0.9-Stable/deps/finn-hlslib/mvau.hpp:257]   --->   Operation 836 'br' 'br_ln257' <Predicate = (!icmp_ln249 & icmp_ln253 & trunc_ln257 == 176)> <Delay = 0.00>
ST_1 : Operation 837 [1/1] (0.00ns)   --->   "%store_ln257 = store i4 %inElem, i4 %inputBuf_V_175" [/home/miguel_tfg/FINN-v0.9-Stable/deps/finn-hlslib/mvau.hpp:257]   --->   Operation 837 'store' 'store_ln257' <Predicate = (!icmp_ln249 & icmp_ln253 & trunc_ln257 == 175)> <Delay = 0.00>
ST_1 : Operation 838 [1/1] (0.00ns)   --->   "%br_ln257 = br void %arrayidx.exit" [/home/miguel_tfg/FINN-v0.9-Stable/deps/finn-hlslib/mvau.hpp:257]   --->   Operation 838 'br' 'br_ln257' <Predicate = (!icmp_ln249 & icmp_ln253 & trunc_ln257 == 175)> <Delay = 0.00>
ST_1 : Operation 839 [1/1] (0.00ns)   --->   "%store_ln257 = store i4 %inElem, i4 %inputBuf_V_174" [/home/miguel_tfg/FINN-v0.9-Stable/deps/finn-hlslib/mvau.hpp:257]   --->   Operation 839 'store' 'store_ln257' <Predicate = (!icmp_ln249 & icmp_ln253 & trunc_ln257 == 174)> <Delay = 0.00>
ST_1 : Operation 840 [1/1] (0.00ns)   --->   "%br_ln257 = br void %arrayidx.exit" [/home/miguel_tfg/FINN-v0.9-Stable/deps/finn-hlslib/mvau.hpp:257]   --->   Operation 840 'br' 'br_ln257' <Predicate = (!icmp_ln249 & icmp_ln253 & trunc_ln257 == 174)> <Delay = 0.00>
ST_1 : Operation 841 [1/1] (0.00ns)   --->   "%store_ln257 = store i4 %inElem, i4 %inputBuf_V_173" [/home/miguel_tfg/FINN-v0.9-Stable/deps/finn-hlslib/mvau.hpp:257]   --->   Operation 841 'store' 'store_ln257' <Predicate = (!icmp_ln249 & icmp_ln253 & trunc_ln257 == 173)> <Delay = 0.00>
ST_1 : Operation 842 [1/1] (0.00ns)   --->   "%br_ln257 = br void %arrayidx.exit" [/home/miguel_tfg/FINN-v0.9-Stable/deps/finn-hlslib/mvau.hpp:257]   --->   Operation 842 'br' 'br_ln257' <Predicate = (!icmp_ln249 & icmp_ln253 & trunc_ln257 == 173)> <Delay = 0.00>
ST_1 : Operation 843 [1/1] (0.00ns)   --->   "%store_ln257 = store i4 %inElem, i4 %inputBuf_V_172" [/home/miguel_tfg/FINN-v0.9-Stable/deps/finn-hlslib/mvau.hpp:257]   --->   Operation 843 'store' 'store_ln257' <Predicate = (!icmp_ln249 & icmp_ln253 & trunc_ln257 == 172)> <Delay = 0.00>
ST_1 : Operation 844 [1/1] (0.00ns)   --->   "%br_ln257 = br void %arrayidx.exit" [/home/miguel_tfg/FINN-v0.9-Stable/deps/finn-hlslib/mvau.hpp:257]   --->   Operation 844 'br' 'br_ln257' <Predicate = (!icmp_ln249 & icmp_ln253 & trunc_ln257 == 172)> <Delay = 0.00>
ST_1 : Operation 845 [1/1] (0.00ns)   --->   "%store_ln257 = store i4 %inElem, i4 %inputBuf_V_171" [/home/miguel_tfg/FINN-v0.9-Stable/deps/finn-hlslib/mvau.hpp:257]   --->   Operation 845 'store' 'store_ln257' <Predicate = (!icmp_ln249 & icmp_ln253 & trunc_ln257 == 171)> <Delay = 0.00>
ST_1 : Operation 846 [1/1] (0.00ns)   --->   "%br_ln257 = br void %arrayidx.exit" [/home/miguel_tfg/FINN-v0.9-Stable/deps/finn-hlslib/mvau.hpp:257]   --->   Operation 846 'br' 'br_ln257' <Predicate = (!icmp_ln249 & icmp_ln253 & trunc_ln257 == 171)> <Delay = 0.00>
ST_1 : Operation 847 [1/1] (0.00ns)   --->   "%store_ln257 = store i4 %inElem, i4 %inputBuf_V_170" [/home/miguel_tfg/FINN-v0.9-Stable/deps/finn-hlslib/mvau.hpp:257]   --->   Operation 847 'store' 'store_ln257' <Predicate = (!icmp_ln249 & icmp_ln253 & trunc_ln257 == 170)> <Delay = 0.00>
ST_1 : Operation 848 [1/1] (0.00ns)   --->   "%br_ln257 = br void %arrayidx.exit" [/home/miguel_tfg/FINN-v0.9-Stable/deps/finn-hlslib/mvau.hpp:257]   --->   Operation 848 'br' 'br_ln257' <Predicate = (!icmp_ln249 & icmp_ln253 & trunc_ln257 == 170)> <Delay = 0.00>
ST_1 : Operation 849 [1/1] (0.00ns)   --->   "%store_ln257 = store i4 %inElem, i4 %inputBuf_V_169" [/home/miguel_tfg/FINN-v0.9-Stable/deps/finn-hlslib/mvau.hpp:257]   --->   Operation 849 'store' 'store_ln257' <Predicate = (!icmp_ln249 & icmp_ln253 & trunc_ln257 == 169)> <Delay = 0.00>
ST_1 : Operation 850 [1/1] (0.00ns)   --->   "%br_ln257 = br void %arrayidx.exit" [/home/miguel_tfg/FINN-v0.9-Stable/deps/finn-hlslib/mvau.hpp:257]   --->   Operation 850 'br' 'br_ln257' <Predicate = (!icmp_ln249 & icmp_ln253 & trunc_ln257 == 169)> <Delay = 0.00>
ST_1 : Operation 851 [1/1] (0.00ns)   --->   "%store_ln257 = store i4 %inElem, i4 %inputBuf_V_168" [/home/miguel_tfg/FINN-v0.9-Stable/deps/finn-hlslib/mvau.hpp:257]   --->   Operation 851 'store' 'store_ln257' <Predicate = (!icmp_ln249 & icmp_ln253 & trunc_ln257 == 168)> <Delay = 0.00>
ST_1 : Operation 852 [1/1] (0.00ns)   --->   "%br_ln257 = br void %arrayidx.exit" [/home/miguel_tfg/FINN-v0.9-Stable/deps/finn-hlslib/mvau.hpp:257]   --->   Operation 852 'br' 'br_ln257' <Predicate = (!icmp_ln249 & icmp_ln253 & trunc_ln257 == 168)> <Delay = 0.00>
ST_1 : Operation 853 [1/1] (0.00ns)   --->   "%store_ln257 = store i4 %inElem, i4 %inputBuf_V_167" [/home/miguel_tfg/FINN-v0.9-Stable/deps/finn-hlslib/mvau.hpp:257]   --->   Operation 853 'store' 'store_ln257' <Predicate = (!icmp_ln249 & icmp_ln253 & trunc_ln257 == 167)> <Delay = 0.00>
ST_1 : Operation 854 [1/1] (0.00ns)   --->   "%br_ln257 = br void %arrayidx.exit" [/home/miguel_tfg/FINN-v0.9-Stable/deps/finn-hlslib/mvau.hpp:257]   --->   Operation 854 'br' 'br_ln257' <Predicate = (!icmp_ln249 & icmp_ln253 & trunc_ln257 == 167)> <Delay = 0.00>
ST_1 : Operation 855 [1/1] (0.00ns)   --->   "%store_ln257 = store i4 %inElem, i4 %inputBuf_V_166" [/home/miguel_tfg/FINN-v0.9-Stable/deps/finn-hlslib/mvau.hpp:257]   --->   Operation 855 'store' 'store_ln257' <Predicate = (!icmp_ln249 & icmp_ln253 & trunc_ln257 == 166)> <Delay = 0.00>
ST_1 : Operation 856 [1/1] (0.00ns)   --->   "%br_ln257 = br void %arrayidx.exit" [/home/miguel_tfg/FINN-v0.9-Stable/deps/finn-hlslib/mvau.hpp:257]   --->   Operation 856 'br' 'br_ln257' <Predicate = (!icmp_ln249 & icmp_ln253 & trunc_ln257 == 166)> <Delay = 0.00>
ST_1 : Operation 857 [1/1] (0.00ns)   --->   "%store_ln257 = store i4 %inElem, i4 %inputBuf_V_165" [/home/miguel_tfg/FINN-v0.9-Stable/deps/finn-hlslib/mvau.hpp:257]   --->   Operation 857 'store' 'store_ln257' <Predicate = (!icmp_ln249 & icmp_ln253 & trunc_ln257 == 165)> <Delay = 0.00>
ST_1 : Operation 858 [1/1] (0.00ns)   --->   "%br_ln257 = br void %arrayidx.exit" [/home/miguel_tfg/FINN-v0.9-Stable/deps/finn-hlslib/mvau.hpp:257]   --->   Operation 858 'br' 'br_ln257' <Predicate = (!icmp_ln249 & icmp_ln253 & trunc_ln257 == 165)> <Delay = 0.00>
ST_1 : Operation 859 [1/1] (0.00ns)   --->   "%store_ln257 = store i4 %inElem, i4 %inputBuf_V_164" [/home/miguel_tfg/FINN-v0.9-Stable/deps/finn-hlslib/mvau.hpp:257]   --->   Operation 859 'store' 'store_ln257' <Predicate = (!icmp_ln249 & icmp_ln253 & trunc_ln257 == 164)> <Delay = 0.00>
ST_1 : Operation 860 [1/1] (0.00ns)   --->   "%br_ln257 = br void %arrayidx.exit" [/home/miguel_tfg/FINN-v0.9-Stable/deps/finn-hlslib/mvau.hpp:257]   --->   Operation 860 'br' 'br_ln257' <Predicate = (!icmp_ln249 & icmp_ln253 & trunc_ln257 == 164)> <Delay = 0.00>
ST_1 : Operation 861 [1/1] (0.00ns)   --->   "%store_ln257 = store i4 %inElem, i4 %inputBuf_V_163" [/home/miguel_tfg/FINN-v0.9-Stable/deps/finn-hlslib/mvau.hpp:257]   --->   Operation 861 'store' 'store_ln257' <Predicate = (!icmp_ln249 & icmp_ln253 & trunc_ln257 == 163)> <Delay = 0.00>
ST_1 : Operation 862 [1/1] (0.00ns)   --->   "%br_ln257 = br void %arrayidx.exit" [/home/miguel_tfg/FINN-v0.9-Stable/deps/finn-hlslib/mvau.hpp:257]   --->   Operation 862 'br' 'br_ln257' <Predicate = (!icmp_ln249 & icmp_ln253 & trunc_ln257 == 163)> <Delay = 0.00>
ST_1 : Operation 863 [1/1] (0.00ns)   --->   "%store_ln257 = store i4 %inElem, i4 %inputBuf_V_162" [/home/miguel_tfg/FINN-v0.9-Stable/deps/finn-hlslib/mvau.hpp:257]   --->   Operation 863 'store' 'store_ln257' <Predicate = (!icmp_ln249 & icmp_ln253 & trunc_ln257 == 162)> <Delay = 0.00>
ST_1 : Operation 864 [1/1] (0.00ns)   --->   "%br_ln257 = br void %arrayidx.exit" [/home/miguel_tfg/FINN-v0.9-Stable/deps/finn-hlslib/mvau.hpp:257]   --->   Operation 864 'br' 'br_ln257' <Predicate = (!icmp_ln249 & icmp_ln253 & trunc_ln257 == 162)> <Delay = 0.00>
ST_1 : Operation 865 [1/1] (0.00ns)   --->   "%store_ln257 = store i4 %inElem, i4 %inputBuf_V_161" [/home/miguel_tfg/FINN-v0.9-Stable/deps/finn-hlslib/mvau.hpp:257]   --->   Operation 865 'store' 'store_ln257' <Predicate = (!icmp_ln249 & icmp_ln253 & trunc_ln257 == 161)> <Delay = 0.00>
ST_1 : Operation 866 [1/1] (0.00ns)   --->   "%br_ln257 = br void %arrayidx.exit" [/home/miguel_tfg/FINN-v0.9-Stable/deps/finn-hlslib/mvau.hpp:257]   --->   Operation 866 'br' 'br_ln257' <Predicate = (!icmp_ln249 & icmp_ln253 & trunc_ln257 == 161)> <Delay = 0.00>
ST_1 : Operation 867 [1/1] (0.00ns)   --->   "%store_ln257 = store i4 %inElem, i4 %inputBuf_V_160" [/home/miguel_tfg/FINN-v0.9-Stable/deps/finn-hlslib/mvau.hpp:257]   --->   Operation 867 'store' 'store_ln257' <Predicate = (!icmp_ln249 & icmp_ln253 & trunc_ln257 == 160)> <Delay = 0.00>
ST_1 : Operation 868 [1/1] (0.00ns)   --->   "%br_ln257 = br void %arrayidx.exit" [/home/miguel_tfg/FINN-v0.9-Stable/deps/finn-hlslib/mvau.hpp:257]   --->   Operation 868 'br' 'br_ln257' <Predicate = (!icmp_ln249 & icmp_ln253 & trunc_ln257 == 160)> <Delay = 0.00>
ST_1 : Operation 869 [1/1] (0.00ns)   --->   "%store_ln257 = store i4 %inElem, i4 %inputBuf_V_159" [/home/miguel_tfg/FINN-v0.9-Stable/deps/finn-hlslib/mvau.hpp:257]   --->   Operation 869 'store' 'store_ln257' <Predicate = (!icmp_ln249 & icmp_ln253 & trunc_ln257 == 159)> <Delay = 0.00>
ST_1 : Operation 870 [1/1] (0.00ns)   --->   "%br_ln257 = br void %arrayidx.exit" [/home/miguel_tfg/FINN-v0.9-Stable/deps/finn-hlslib/mvau.hpp:257]   --->   Operation 870 'br' 'br_ln257' <Predicate = (!icmp_ln249 & icmp_ln253 & trunc_ln257 == 159)> <Delay = 0.00>
ST_1 : Operation 871 [1/1] (0.00ns)   --->   "%store_ln257 = store i4 %inElem, i4 %inputBuf_V_158" [/home/miguel_tfg/FINN-v0.9-Stable/deps/finn-hlslib/mvau.hpp:257]   --->   Operation 871 'store' 'store_ln257' <Predicate = (!icmp_ln249 & icmp_ln253 & trunc_ln257 == 158)> <Delay = 0.00>
ST_1 : Operation 872 [1/1] (0.00ns)   --->   "%br_ln257 = br void %arrayidx.exit" [/home/miguel_tfg/FINN-v0.9-Stable/deps/finn-hlslib/mvau.hpp:257]   --->   Operation 872 'br' 'br_ln257' <Predicate = (!icmp_ln249 & icmp_ln253 & trunc_ln257 == 158)> <Delay = 0.00>
ST_1 : Operation 873 [1/1] (0.00ns)   --->   "%store_ln257 = store i4 %inElem, i4 %inputBuf_V_157" [/home/miguel_tfg/FINN-v0.9-Stable/deps/finn-hlslib/mvau.hpp:257]   --->   Operation 873 'store' 'store_ln257' <Predicate = (!icmp_ln249 & icmp_ln253 & trunc_ln257 == 157)> <Delay = 0.00>
ST_1 : Operation 874 [1/1] (0.00ns)   --->   "%br_ln257 = br void %arrayidx.exit" [/home/miguel_tfg/FINN-v0.9-Stable/deps/finn-hlslib/mvau.hpp:257]   --->   Operation 874 'br' 'br_ln257' <Predicate = (!icmp_ln249 & icmp_ln253 & trunc_ln257 == 157)> <Delay = 0.00>
ST_1 : Operation 875 [1/1] (0.00ns)   --->   "%store_ln257 = store i4 %inElem, i4 %inputBuf_V_156" [/home/miguel_tfg/FINN-v0.9-Stable/deps/finn-hlslib/mvau.hpp:257]   --->   Operation 875 'store' 'store_ln257' <Predicate = (!icmp_ln249 & icmp_ln253 & trunc_ln257 == 156)> <Delay = 0.00>
ST_1 : Operation 876 [1/1] (0.00ns)   --->   "%br_ln257 = br void %arrayidx.exit" [/home/miguel_tfg/FINN-v0.9-Stable/deps/finn-hlslib/mvau.hpp:257]   --->   Operation 876 'br' 'br_ln257' <Predicate = (!icmp_ln249 & icmp_ln253 & trunc_ln257 == 156)> <Delay = 0.00>
ST_1 : Operation 877 [1/1] (0.00ns)   --->   "%store_ln257 = store i4 %inElem, i4 %inputBuf_V_155" [/home/miguel_tfg/FINN-v0.9-Stable/deps/finn-hlslib/mvau.hpp:257]   --->   Operation 877 'store' 'store_ln257' <Predicate = (!icmp_ln249 & icmp_ln253 & trunc_ln257 == 155)> <Delay = 0.00>
ST_1 : Operation 878 [1/1] (0.00ns)   --->   "%br_ln257 = br void %arrayidx.exit" [/home/miguel_tfg/FINN-v0.9-Stable/deps/finn-hlslib/mvau.hpp:257]   --->   Operation 878 'br' 'br_ln257' <Predicate = (!icmp_ln249 & icmp_ln253 & trunc_ln257 == 155)> <Delay = 0.00>
ST_1 : Operation 879 [1/1] (0.00ns)   --->   "%store_ln257 = store i4 %inElem, i4 %inputBuf_V_154" [/home/miguel_tfg/FINN-v0.9-Stable/deps/finn-hlslib/mvau.hpp:257]   --->   Operation 879 'store' 'store_ln257' <Predicate = (!icmp_ln249 & icmp_ln253 & trunc_ln257 == 154)> <Delay = 0.00>
ST_1 : Operation 880 [1/1] (0.00ns)   --->   "%br_ln257 = br void %arrayidx.exit" [/home/miguel_tfg/FINN-v0.9-Stable/deps/finn-hlslib/mvau.hpp:257]   --->   Operation 880 'br' 'br_ln257' <Predicate = (!icmp_ln249 & icmp_ln253 & trunc_ln257 == 154)> <Delay = 0.00>
ST_1 : Operation 881 [1/1] (0.00ns)   --->   "%store_ln257 = store i4 %inElem, i4 %inputBuf_V_153" [/home/miguel_tfg/FINN-v0.9-Stable/deps/finn-hlslib/mvau.hpp:257]   --->   Operation 881 'store' 'store_ln257' <Predicate = (!icmp_ln249 & icmp_ln253 & trunc_ln257 == 153)> <Delay = 0.00>
ST_1 : Operation 882 [1/1] (0.00ns)   --->   "%br_ln257 = br void %arrayidx.exit" [/home/miguel_tfg/FINN-v0.9-Stable/deps/finn-hlslib/mvau.hpp:257]   --->   Operation 882 'br' 'br_ln257' <Predicate = (!icmp_ln249 & icmp_ln253 & trunc_ln257 == 153)> <Delay = 0.00>
ST_1 : Operation 883 [1/1] (0.00ns)   --->   "%store_ln257 = store i4 %inElem, i4 %inputBuf_V_152" [/home/miguel_tfg/FINN-v0.9-Stable/deps/finn-hlslib/mvau.hpp:257]   --->   Operation 883 'store' 'store_ln257' <Predicate = (!icmp_ln249 & icmp_ln253 & trunc_ln257 == 152)> <Delay = 0.00>
ST_1 : Operation 884 [1/1] (0.00ns)   --->   "%br_ln257 = br void %arrayidx.exit" [/home/miguel_tfg/FINN-v0.9-Stable/deps/finn-hlslib/mvau.hpp:257]   --->   Operation 884 'br' 'br_ln257' <Predicate = (!icmp_ln249 & icmp_ln253 & trunc_ln257 == 152)> <Delay = 0.00>
ST_1 : Operation 885 [1/1] (0.00ns)   --->   "%store_ln257 = store i4 %inElem, i4 %inputBuf_V_151" [/home/miguel_tfg/FINN-v0.9-Stable/deps/finn-hlslib/mvau.hpp:257]   --->   Operation 885 'store' 'store_ln257' <Predicate = (!icmp_ln249 & icmp_ln253 & trunc_ln257 == 151)> <Delay = 0.00>
ST_1 : Operation 886 [1/1] (0.00ns)   --->   "%br_ln257 = br void %arrayidx.exit" [/home/miguel_tfg/FINN-v0.9-Stable/deps/finn-hlslib/mvau.hpp:257]   --->   Operation 886 'br' 'br_ln257' <Predicate = (!icmp_ln249 & icmp_ln253 & trunc_ln257 == 151)> <Delay = 0.00>
ST_1 : Operation 887 [1/1] (0.00ns)   --->   "%store_ln257 = store i4 %inElem, i4 %inputBuf_V_150" [/home/miguel_tfg/FINN-v0.9-Stable/deps/finn-hlslib/mvau.hpp:257]   --->   Operation 887 'store' 'store_ln257' <Predicate = (!icmp_ln249 & icmp_ln253 & trunc_ln257 == 150)> <Delay = 0.00>
ST_1 : Operation 888 [1/1] (0.00ns)   --->   "%br_ln257 = br void %arrayidx.exit" [/home/miguel_tfg/FINN-v0.9-Stable/deps/finn-hlslib/mvau.hpp:257]   --->   Operation 888 'br' 'br_ln257' <Predicate = (!icmp_ln249 & icmp_ln253 & trunc_ln257 == 150)> <Delay = 0.00>
ST_1 : Operation 889 [1/1] (0.00ns)   --->   "%store_ln257 = store i4 %inElem, i4 %inputBuf_V_149" [/home/miguel_tfg/FINN-v0.9-Stable/deps/finn-hlslib/mvau.hpp:257]   --->   Operation 889 'store' 'store_ln257' <Predicate = (!icmp_ln249 & icmp_ln253 & trunc_ln257 == 149)> <Delay = 0.00>
ST_1 : Operation 890 [1/1] (0.00ns)   --->   "%br_ln257 = br void %arrayidx.exit" [/home/miguel_tfg/FINN-v0.9-Stable/deps/finn-hlslib/mvau.hpp:257]   --->   Operation 890 'br' 'br_ln257' <Predicate = (!icmp_ln249 & icmp_ln253 & trunc_ln257 == 149)> <Delay = 0.00>
ST_1 : Operation 891 [1/1] (0.00ns)   --->   "%store_ln257 = store i4 %inElem, i4 %inputBuf_V_148" [/home/miguel_tfg/FINN-v0.9-Stable/deps/finn-hlslib/mvau.hpp:257]   --->   Operation 891 'store' 'store_ln257' <Predicate = (!icmp_ln249 & icmp_ln253 & trunc_ln257 == 148)> <Delay = 0.00>
ST_1 : Operation 892 [1/1] (0.00ns)   --->   "%br_ln257 = br void %arrayidx.exit" [/home/miguel_tfg/FINN-v0.9-Stable/deps/finn-hlslib/mvau.hpp:257]   --->   Operation 892 'br' 'br_ln257' <Predicate = (!icmp_ln249 & icmp_ln253 & trunc_ln257 == 148)> <Delay = 0.00>
ST_1 : Operation 893 [1/1] (0.00ns)   --->   "%store_ln257 = store i4 %inElem, i4 %inputBuf_V_147" [/home/miguel_tfg/FINN-v0.9-Stable/deps/finn-hlslib/mvau.hpp:257]   --->   Operation 893 'store' 'store_ln257' <Predicate = (!icmp_ln249 & icmp_ln253 & trunc_ln257 == 147)> <Delay = 0.00>
ST_1 : Operation 894 [1/1] (0.00ns)   --->   "%br_ln257 = br void %arrayidx.exit" [/home/miguel_tfg/FINN-v0.9-Stable/deps/finn-hlslib/mvau.hpp:257]   --->   Operation 894 'br' 'br_ln257' <Predicate = (!icmp_ln249 & icmp_ln253 & trunc_ln257 == 147)> <Delay = 0.00>
ST_1 : Operation 895 [1/1] (0.00ns)   --->   "%store_ln257 = store i4 %inElem, i4 %inputBuf_V_146" [/home/miguel_tfg/FINN-v0.9-Stable/deps/finn-hlslib/mvau.hpp:257]   --->   Operation 895 'store' 'store_ln257' <Predicate = (!icmp_ln249 & icmp_ln253 & trunc_ln257 == 146)> <Delay = 0.00>
ST_1 : Operation 896 [1/1] (0.00ns)   --->   "%br_ln257 = br void %arrayidx.exit" [/home/miguel_tfg/FINN-v0.9-Stable/deps/finn-hlslib/mvau.hpp:257]   --->   Operation 896 'br' 'br_ln257' <Predicate = (!icmp_ln249 & icmp_ln253 & trunc_ln257 == 146)> <Delay = 0.00>
ST_1 : Operation 897 [1/1] (0.00ns)   --->   "%store_ln257 = store i4 %inElem, i4 %inputBuf_V_145" [/home/miguel_tfg/FINN-v0.9-Stable/deps/finn-hlslib/mvau.hpp:257]   --->   Operation 897 'store' 'store_ln257' <Predicate = (!icmp_ln249 & icmp_ln253 & trunc_ln257 == 145)> <Delay = 0.00>
ST_1 : Operation 898 [1/1] (0.00ns)   --->   "%br_ln257 = br void %arrayidx.exit" [/home/miguel_tfg/FINN-v0.9-Stable/deps/finn-hlslib/mvau.hpp:257]   --->   Operation 898 'br' 'br_ln257' <Predicate = (!icmp_ln249 & icmp_ln253 & trunc_ln257 == 145)> <Delay = 0.00>
ST_1 : Operation 899 [1/1] (0.00ns)   --->   "%store_ln257 = store i4 %inElem, i4 %inputBuf_V_144" [/home/miguel_tfg/FINN-v0.9-Stable/deps/finn-hlslib/mvau.hpp:257]   --->   Operation 899 'store' 'store_ln257' <Predicate = (!icmp_ln249 & icmp_ln253 & trunc_ln257 == 144)> <Delay = 0.00>
ST_1 : Operation 900 [1/1] (0.00ns)   --->   "%br_ln257 = br void %arrayidx.exit" [/home/miguel_tfg/FINN-v0.9-Stable/deps/finn-hlslib/mvau.hpp:257]   --->   Operation 900 'br' 'br_ln257' <Predicate = (!icmp_ln249 & icmp_ln253 & trunc_ln257 == 144)> <Delay = 0.00>
ST_1 : Operation 901 [1/1] (0.00ns)   --->   "%store_ln257 = store i4 %inElem, i4 %inputBuf_V_143" [/home/miguel_tfg/FINN-v0.9-Stable/deps/finn-hlslib/mvau.hpp:257]   --->   Operation 901 'store' 'store_ln257' <Predicate = (!icmp_ln249 & icmp_ln253 & trunc_ln257 == 143)> <Delay = 0.00>
ST_1 : Operation 902 [1/1] (0.00ns)   --->   "%br_ln257 = br void %arrayidx.exit" [/home/miguel_tfg/FINN-v0.9-Stable/deps/finn-hlslib/mvau.hpp:257]   --->   Operation 902 'br' 'br_ln257' <Predicate = (!icmp_ln249 & icmp_ln253 & trunc_ln257 == 143)> <Delay = 0.00>
ST_1 : Operation 903 [1/1] (0.00ns)   --->   "%store_ln257 = store i4 %inElem, i4 %inputBuf_V_142" [/home/miguel_tfg/FINN-v0.9-Stable/deps/finn-hlslib/mvau.hpp:257]   --->   Operation 903 'store' 'store_ln257' <Predicate = (!icmp_ln249 & icmp_ln253 & trunc_ln257 == 142)> <Delay = 0.00>
ST_1 : Operation 904 [1/1] (0.00ns)   --->   "%br_ln257 = br void %arrayidx.exit" [/home/miguel_tfg/FINN-v0.9-Stable/deps/finn-hlslib/mvau.hpp:257]   --->   Operation 904 'br' 'br_ln257' <Predicate = (!icmp_ln249 & icmp_ln253 & trunc_ln257 == 142)> <Delay = 0.00>
ST_1 : Operation 905 [1/1] (0.00ns)   --->   "%store_ln257 = store i4 %inElem, i4 %inputBuf_V_141" [/home/miguel_tfg/FINN-v0.9-Stable/deps/finn-hlslib/mvau.hpp:257]   --->   Operation 905 'store' 'store_ln257' <Predicate = (!icmp_ln249 & icmp_ln253 & trunc_ln257 == 141)> <Delay = 0.00>
ST_1 : Operation 906 [1/1] (0.00ns)   --->   "%br_ln257 = br void %arrayidx.exit" [/home/miguel_tfg/FINN-v0.9-Stable/deps/finn-hlslib/mvau.hpp:257]   --->   Operation 906 'br' 'br_ln257' <Predicate = (!icmp_ln249 & icmp_ln253 & trunc_ln257 == 141)> <Delay = 0.00>
ST_1 : Operation 907 [1/1] (0.00ns)   --->   "%store_ln257 = store i4 %inElem, i4 %inputBuf_V_140" [/home/miguel_tfg/FINN-v0.9-Stable/deps/finn-hlslib/mvau.hpp:257]   --->   Operation 907 'store' 'store_ln257' <Predicate = (!icmp_ln249 & icmp_ln253 & trunc_ln257 == 140)> <Delay = 0.00>
ST_1 : Operation 908 [1/1] (0.00ns)   --->   "%br_ln257 = br void %arrayidx.exit" [/home/miguel_tfg/FINN-v0.9-Stable/deps/finn-hlslib/mvau.hpp:257]   --->   Operation 908 'br' 'br_ln257' <Predicate = (!icmp_ln249 & icmp_ln253 & trunc_ln257 == 140)> <Delay = 0.00>
ST_1 : Operation 909 [1/1] (0.00ns)   --->   "%store_ln257 = store i4 %inElem, i4 %inputBuf_V_139" [/home/miguel_tfg/FINN-v0.9-Stable/deps/finn-hlslib/mvau.hpp:257]   --->   Operation 909 'store' 'store_ln257' <Predicate = (!icmp_ln249 & icmp_ln253 & trunc_ln257 == 139)> <Delay = 0.00>
ST_1 : Operation 910 [1/1] (0.00ns)   --->   "%br_ln257 = br void %arrayidx.exit" [/home/miguel_tfg/FINN-v0.9-Stable/deps/finn-hlslib/mvau.hpp:257]   --->   Operation 910 'br' 'br_ln257' <Predicate = (!icmp_ln249 & icmp_ln253 & trunc_ln257 == 139)> <Delay = 0.00>
ST_1 : Operation 911 [1/1] (0.00ns)   --->   "%store_ln257 = store i4 %inElem, i4 %inputBuf_V_138" [/home/miguel_tfg/FINN-v0.9-Stable/deps/finn-hlslib/mvau.hpp:257]   --->   Operation 911 'store' 'store_ln257' <Predicate = (!icmp_ln249 & icmp_ln253 & trunc_ln257 == 138)> <Delay = 0.00>
ST_1 : Operation 912 [1/1] (0.00ns)   --->   "%br_ln257 = br void %arrayidx.exit" [/home/miguel_tfg/FINN-v0.9-Stable/deps/finn-hlslib/mvau.hpp:257]   --->   Operation 912 'br' 'br_ln257' <Predicate = (!icmp_ln249 & icmp_ln253 & trunc_ln257 == 138)> <Delay = 0.00>
ST_1 : Operation 913 [1/1] (0.00ns)   --->   "%store_ln257 = store i4 %inElem, i4 %inputBuf_V_137" [/home/miguel_tfg/FINN-v0.9-Stable/deps/finn-hlslib/mvau.hpp:257]   --->   Operation 913 'store' 'store_ln257' <Predicate = (!icmp_ln249 & icmp_ln253 & trunc_ln257 == 137)> <Delay = 0.00>
ST_1 : Operation 914 [1/1] (0.00ns)   --->   "%br_ln257 = br void %arrayidx.exit" [/home/miguel_tfg/FINN-v0.9-Stable/deps/finn-hlslib/mvau.hpp:257]   --->   Operation 914 'br' 'br_ln257' <Predicate = (!icmp_ln249 & icmp_ln253 & trunc_ln257 == 137)> <Delay = 0.00>
ST_1 : Operation 915 [1/1] (0.00ns)   --->   "%store_ln257 = store i4 %inElem, i4 %inputBuf_V_136" [/home/miguel_tfg/FINN-v0.9-Stable/deps/finn-hlslib/mvau.hpp:257]   --->   Operation 915 'store' 'store_ln257' <Predicate = (!icmp_ln249 & icmp_ln253 & trunc_ln257 == 136)> <Delay = 0.00>
ST_1 : Operation 916 [1/1] (0.00ns)   --->   "%br_ln257 = br void %arrayidx.exit" [/home/miguel_tfg/FINN-v0.9-Stable/deps/finn-hlslib/mvau.hpp:257]   --->   Operation 916 'br' 'br_ln257' <Predicate = (!icmp_ln249 & icmp_ln253 & trunc_ln257 == 136)> <Delay = 0.00>
ST_1 : Operation 917 [1/1] (0.00ns)   --->   "%store_ln257 = store i4 %inElem, i4 %inputBuf_V_135" [/home/miguel_tfg/FINN-v0.9-Stable/deps/finn-hlslib/mvau.hpp:257]   --->   Operation 917 'store' 'store_ln257' <Predicate = (!icmp_ln249 & icmp_ln253 & trunc_ln257 == 135)> <Delay = 0.00>
ST_1 : Operation 918 [1/1] (0.00ns)   --->   "%br_ln257 = br void %arrayidx.exit" [/home/miguel_tfg/FINN-v0.9-Stable/deps/finn-hlslib/mvau.hpp:257]   --->   Operation 918 'br' 'br_ln257' <Predicate = (!icmp_ln249 & icmp_ln253 & trunc_ln257 == 135)> <Delay = 0.00>
ST_1 : Operation 919 [1/1] (0.00ns)   --->   "%store_ln257 = store i4 %inElem, i4 %inputBuf_V_134" [/home/miguel_tfg/FINN-v0.9-Stable/deps/finn-hlslib/mvau.hpp:257]   --->   Operation 919 'store' 'store_ln257' <Predicate = (!icmp_ln249 & icmp_ln253 & trunc_ln257 == 134)> <Delay = 0.00>
ST_1 : Operation 920 [1/1] (0.00ns)   --->   "%br_ln257 = br void %arrayidx.exit" [/home/miguel_tfg/FINN-v0.9-Stable/deps/finn-hlslib/mvau.hpp:257]   --->   Operation 920 'br' 'br_ln257' <Predicate = (!icmp_ln249 & icmp_ln253 & trunc_ln257 == 134)> <Delay = 0.00>
ST_1 : Operation 921 [1/1] (0.00ns)   --->   "%store_ln257 = store i4 %inElem, i4 %inputBuf_V_133" [/home/miguel_tfg/FINN-v0.9-Stable/deps/finn-hlslib/mvau.hpp:257]   --->   Operation 921 'store' 'store_ln257' <Predicate = (!icmp_ln249 & icmp_ln253 & trunc_ln257 == 133)> <Delay = 0.00>
ST_1 : Operation 922 [1/1] (0.00ns)   --->   "%br_ln257 = br void %arrayidx.exit" [/home/miguel_tfg/FINN-v0.9-Stable/deps/finn-hlslib/mvau.hpp:257]   --->   Operation 922 'br' 'br_ln257' <Predicate = (!icmp_ln249 & icmp_ln253 & trunc_ln257 == 133)> <Delay = 0.00>
ST_1 : Operation 923 [1/1] (0.00ns)   --->   "%store_ln257 = store i4 %inElem, i4 %inputBuf_V_132" [/home/miguel_tfg/FINN-v0.9-Stable/deps/finn-hlslib/mvau.hpp:257]   --->   Operation 923 'store' 'store_ln257' <Predicate = (!icmp_ln249 & icmp_ln253 & trunc_ln257 == 132)> <Delay = 0.00>
ST_1 : Operation 924 [1/1] (0.00ns)   --->   "%br_ln257 = br void %arrayidx.exit" [/home/miguel_tfg/FINN-v0.9-Stable/deps/finn-hlslib/mvau.hpp:257]   --->   Operation 924 'br' 'br_ln257' <Predicate = (!icmp_ln249 & icmp_ln253 & trunc_ln257 == 132)> <Delay = 0.00>
ST_1 : Operation 925 [1/1] (0.00ns)   --->   "%store_ln257 = store i4 %inElem, i4 %inputBuf_V_131" [/home/miguel_tfg/FINN-v0.9-Stable/deps/finn-hlslib/mvau.hpp:257]   --->   Operation 925 'store' 'store_ln257' <Predicate = (!icmp_ln249 & icmp_ln253 & trunc_ln257 == 131)> <Delay = 0.00>
ST_1 : Operation 926 [1/1] (0.00ns)   --->   "%br_ln257 = br void %arrayidx.exit" [/home/miguel_tfg/FINN-v0.9-Stable/deps/finn-hlslib/mvau.hpp:257]   --->   Operation 926 'br' 'br_ln257' <Predicate = (!icmp_ln249 & icmp_ln253 & trunc_ln257 == 131)> <Delay = 0.00>
ST_1 : Operation 927 [1/1] (0.00ns)   --->   "%store_ln257 = store i4 %inElem, i4 %inputBuf_V_130" [/home/miguel_tfg/FINN-v0.9-Stable/deps/finn-hlslib/mvau.hpp:257]   --->   Operation 927 'store' 'store_ln257' <Predicate = (!icmp_ln249 & icmp_ln253 & trunc_ln257 == 130)> <Delay = 0.00>
ST_1 : Operation 928 [1/1] (0.00ns)   --->   "%br_ln257 = br void %arrayidx.exit" [/home/miguel_tfg/FINN-v0.9-Stable/deps/finn-hlslib/mvau.hpp:257]   --->   Operation 928 'br' 'br_ln257' <Predicate = (!icmp_ln249 & icmp_ln253 & trunc_ln257 == 130)> <Delay = 0.00>
ST_1 : Operation 929 [1/1] (0.00ns)   --->   "%store_ln257 = store i4 %inElem, i4 %inputBuf_V_129" [/home/miguel_tfg/FINN-v0.9-Stable/deps/finn-hlslib/mvau.hpp:257]   --->   Operation 929 'store' 'store_ln257' <Predicate = (!icmp_ln249 & icmp_ln253 & trunc_ln257 == 129)> <Delay = 0.00>
ST_1 : Operation 930 [1/1] (0.00ns)   --->   "%br_ln257 = br void %arrayidx.exit" [/home/miguel_tfg/FINN-v0.9-Stable/deps/finn-hlslib/mvau.hpp:257]   --->   Operation 930 'br' 'br_ln257' <Predicate = (!icmp_ln249 & icmp_ln253 & trunc_ln257 == 129)> <Delay = 0.00>
ST_1 : Operation 931 [1/1] (0.00ns)   --->   "%store_ln257 = store i4 %inElem, i4 %inputBuf_V_128" [/home/miguel_tfg/FINN-v0.9-Stable/deps/finn-hlslib/mvau.hpp:257]   --->   Operation 931 'store' 'store_ln257' <Predicate = (!icmp_ln249 & icmp_ln253 & trunc_ln257 == 128)> <Delay = 0.00>
ST_1 : Operation 932 [1/1] (0.00ns)   --->   "%br_ln257 = br void %arrayidx.exit" [/home/miguel_tfg/FINN-v0.9-Stable/deps/finn-hlslib/mvau.hpp:257]   --->   Operation 932 'br' 'br_ln257' <Predicate = (!icmp_ln249 & icmp_ln253 & trunc_ln257 == 128)> <Delay = 0.00>
ST_1 : Operation 933 [1/1] (0.00ns)   --->   "%store_ln257 = store i4 %inElem, i4 %inputBuf_V_127" [/home/miguel_tfg/FINN-v0.9-Stable/deps/finn-hlslib/mvau.hpp:257]   --->   Operation 933 'store' 'store_ln257' <Predicate = (!icmp_ln249 & icmp_ln253 & trunc_ln257 == 127)> <Delay = 0.00>
ST_1 : Operation 934 [1/1] (0.00ns)   --->   "%br_ln257 = br void %arrayidx.exit" [/home/miguel_tfg/FINN-v0.9-Stable/deps/finn-hlslib/mvau.hpp:257]   --->   Operation 934 'br' 'br_ln257' <Predicate = (!icmp_ln249 & icmp_ln253 & trunc_ln257 == 127)> <Delay = 0.00>
ST_1 : Operation 935 [1/1] (0.00ns)   --->   "%store_ln257 = store i4 %inElem, i4 %inputBuf_V_126" [/home/miguel_tfg/FINN-v0.9-Stable/deps/finn-hlslib/mvau.hpp:257]   --->   Operation 935 'store' 'store_ln257' <Predicate = (!icmp_ln249 & icmp_ln253 & trunc_ln257 == 126)> <Delay = 0.00>
ST_1 : Operation 936 [1/1] (0.00ns)   --->   "%br_ln257 = br void %arrayidx.exit" [/home/miguel_tfg/FINN-v0.9-Stable/deps/finn-hlslib/mvau.hpp:257]   --->   Operation 936 'br' 'br_ln257' <Predicate = (!icmp_ln249 & icmp_ln253 & trunc_ln257 == 126)> <Delay = 0.00>
ST_1 : Operation 937 [1/1] (0.00ns)   --->   "%store_ln257 = store i4 %inElem, i4 %inputBuf_V_125" [/home/miguel_tfg/FINN-v0.9-Stable/deps/finn-hlslib/mvau.hpp:257]   --->   Operation 937 'store' 'store_ln257' <Predicate = (!icmp_ln249 & icmp_ln253 & trunc_ln257 == 125)> <Delay = 0.00>
ST_1 : Operation 938 [1/1] (0.00ns)   --->   "%br_ln257 = br void %arrayidx.exit" [/home/miguel_tfg/FINN-v0.9-Stable/deps/finn-hlslib/mvau.hpp:257]   --->   Operation 938 'br' 'br_ln257' <Predicate = (!icmp_ln249 & icmp_ln253 & trunc_ln257 == 125)> <Delay = 0.00>
ST_1 : Operation 939 [1/1] (0.00ns)   --->   "%store_ln257 = store i4 %inElem, i4 %inputBuf_V_124" [/home/miguel_tfg/FINN-v0.9-Stable/deps/finn-hlslib/mvau.hpp:257]   --->   Operation 939 'store' 'store_ln257' <Predicate = (!icmp_ln249 & icmp_ln253 & trunc_ln257 == 124)> <Delay = 0.00>
ST_1 : Operation 940 [1/1] (0.00ns)   --->   "%br_ln257 = br void %arrayidx.exit" [/home/miguel_tfg/FINN-v0.9-Stable/deps/finn-hlslib/mvau.hpp:257]   --->   Operation 940 'br' 'br_ln257' <Predicate = (!icmp_ln249 & icmp_ln253 & trunc_ln257 == 124)> <Delay = 0.00>
ST_1 : Operation 941 [1/1] (0.00ns)   --->   "%store_ln257 = store i4 %inElem, i4 %inputBuf_V_123" [/home/miguel_tfg/FINN-v0.9-Stable/deps/finn-hlslib/mvau.hpp:257]   --->   Operation 941 'store' 'store_ln257' <Predicate = (!icmp_ln249 & icmp_ln253 & trunc_ln257 == 123)> <Delay = 0.00>
ST_1 : Operation 942 [1/1] (0.00ns)   --->   "%br_ln257 = br void %arrayidx.exit" [/home/miguel_tfg/FINN-v0.9-Stable/deps/finn-hlslib/mvau.hpp:257]   --->   Operation 942 'br' 'br_ln257' <Predicate = (!icmp_ln249 & icmp_ln253 & trunc_ln257 == 123)> <Delay = 0.00>
ST_1 : Operation 943 [1/1] (0.00ns)   --->   "%store_ln257 = store i4 %inElem, i4 %inputBuf_V_122" [/home/miguel_tfg/FINN-v0.9-Stable/deps/finn-hlslib/mvau.hpp:257]   --->   Operation 943 'store' 'store_ln257' <Predicate = (!icmp_ln249 & icmp_ln253 & trunc_ln257 == 122)> <Delay = 0.00>
ST_1 : Operation 944 [1/1] (0.00ns)   --->   "%br_ln257 = br void %arrayidx.exit" [/home/miguel_tfg/FINN-v0.9-Stable/deps/finn-hlslib/mvau.hpp:257]   --->   Operation 944 'br' 'br_ln257' <Predicate = (!icmp_ln249 & icmp_ln253 & trunc_ln257 == 122)> <Delay = 0.00>
ST_1 : Operation 945 [1/1] (0.00ns)   --->   "%store_ln257 = store i4 %inElem, i4 %inputBuf_V_121" [/home/miguel_tfg/FINN-v0.9-Stable/deps/finn-hlslib/mvau.hpp:257]   --->   Operation 945 'store' 'store_ln257' <Predicate = (!icmp_ln249 & icmp_ln253 & trunc_ln257 == 121)> <Delay = 0.00>
ST_1 : Operation 946 [1/1] (0.00ns)   --->   "%br_ln257 = br void %arrayidx.exit" [/home/miguel_tfg/FINN-v0.9-Stable/deps/finn-hlslib/mvau.hpp:257]   --->   Operation 946 'br' 'br_ln257' <Predicate = (!icmp_ln249 & icmp_ln253 & trunc_ln257 == 121)> <Delay = 0.00>
ST_1 : Operation 947 [1/1] (0.00ns)   --->   "%store_ln257 = store i4 %inElem, i4 %inputBuf_V_120" [/home/miguel_tfg/FINN-v0.9-Stable/deps/finn-hlslib/mvau.hpp:257]   --->   Operation 947 'store' 'store_ln257' <Predicate = (!icmp_ln249 & icmp_ln253 & trunc_ln257 == 120)> <Delay = 0.00>
ST_1 : Operation 948 [1/1] (0.00ns)   --->   "%br_ln257 = br void %arrayidx.exit" [/home/miguel_tfg/FINN-v0.9-Stable/deps/finn-hlslib/mvau.hpp:257]   --->   Operation 948 'br' 'br_ln257' <Predicate = (!icmp_ln249 & icmp_ln253 & trunc_ln257 == 120)> <Delay = 0.00>
ST_1 : Operation 949 [1/1] (0.00ns)   --->   "%store_ln257 = store i4 %inElem, i4 %inputBuf_V_119" [/home/miguel_tfg/FINN-v0.9-Stable/deps/finn-hlslib/mvau.hpp:257]   --->   Operation 949 'store' 'store_ln257' <Predicate = (!icmp_ln249 & icmp_ln253 & trunc_ln257 == 119)> <Delay = 0.00>
ST_1 : Operation 950 [1/1] (0.00ns)   --->   "%br_ln257 = br void %arrayidx.exit" [/home/miguel_tfg/FINN-v0.9-Stable/deps/finn-hlslib/mvau.hpp:257]   --->   Operation 950 'br' 'br_ln257' <Predicate = (!icmp_ln249 & icmp_ln253 & trunc_ln257 == 119)> <Delay = 0.00>
ST_1 : Operation 951 [1/1] (0.00ns)   --->   "%store_ln257 = store i4 %inElem, i4 %inputBuf_V_118" [/home/miguel_tfg/FINN-v0.9-Stable/deps/finn-hlslib/mvau.hpp:257]   --->   Operation 951 'store' 'store_ln257' <Predicate = (!icmp_ln249 & icmp_ln253 & trunc_ln257 == 118)> <Delay = 0.00>
ST_1 : Operation 952 [1/1] (0.00ns)   --->   "%br_ln257 = br void %arrayidx.exit" [/home/miguel_tfg/FINN-v0.9-Stable/deps/finn-hlslib/mvau.hpp:257]   --->   Operation 952 'br' 'br_ln257' <Predicate = (!icmp_ln249 & icmp_ln253 & trunc_ln257 == 118)> <Delay = 0.00>
ST_1 : Operation 953 [1/1] (0.00ns)   --->   "%store_ln257 = store i4 %inElem, i4 %inputBuf_V_117" [/home/miguel_tfg/FINN-v0.9-Stable/deps/finn-hlslib/mvau.hpp:257]   --->   Operation 953 'store' 'store_ln257' <Predicate = (!icmp_ln249 & icmp_ln253 & trunc_ln257 == 117)> <Delay = 0.00>
ST_1 : Operation 954 [1/1] (0.00ns)   --->   "%br_ln257 = br void %arrayidx.exit" [/home/miguel_tfg/FINN-v0.9-Stable/deps/finn-hlslib/mvau.hpp:257]   --->   Operation 954 'br' 'br_ln257' <Predicate = (!icmp_ln249 & icmp_ln253 & trunc_ln257 == 117)> <Delay = 0.00>
ST_1 : Operation 955 [1/1] (0.00ns)   --->   "%store_ln257 = store i4 %inElem, i4 %inputBuf_V_116" [/home/miguel_tfg/FINN-v0.9-Stable/deps/finn-hlslib/mvau.hpp:257]   --->   Operation 955 'store' 'store_ln257' <Predicate = (!icmp_ln249 & icmp_ln253 & trunc_ln257 == 116)> <Delay = 0.00>
ST_1 : Operation 956 [1/1] (0.00ns)   --->   "%br_ln257 = br void %arrayidx.exit" [/home/miguel_tfg/FINN-v0.9-Stable/deps/finn-hlslib/mvau.hpp:257]   --->   Operation 956 'br' 'br_ln257' <Predicate = (!icmp_ln249 & icmp_ln253 & trunc_ln257 == 116)> <Delay = 0.00>
ST_1 : Operation 957 [1/1] (0.00ns)   --->   "%store_ln257 = store i4 %inElem, i4 %inputBuf_V_115" [/home/miguel_tfg/FINN-v0.9-Stable/deps/finn-hlslib/mvau.hpp:257]   --->   Operation 957 'store' 'store_ln257' <Predicate = (!icmp_ln249 & icmp_ln253 & trunc_ln257 == 115)> <Delay = 0.00>
ST_1 : Operation 958 [1/1] (0.00ns)   --->   "%br_ln257 = br void %arrayidx.exit" [/home/miguel_tfg/FINN-v0.9-Stable/deps/finn-hlslib/mvau.hpp:257]   --->   Operation 958 'br' 'br_ln257' <Predicate = (!icmp_ln249 & icmp_ln253 & trunc_ln257 == 115)> <Delay = 0.00>
ST_1 : Operation 959 [1/1] (0.00ns)   --->   "%store_ln257 = store i4 %inElem, i4 %inputBuf_V_114" [/home/miguel_tfg/FINN-v0.9-Stable/deps/finn-hlslib/mvau.hpp:257]   --->   Operation 959 'store' 'store_ln257' <Predicate = (!icmp_ln249 & icmp_ln253 & trunc_ln257 == 114)> <Delay = 0.00>
ST_1 : Operation 960 [1/1] (0.00ns)   --->   "%br_ln257 = br void %arrayidx.exit" [/home/miguel_tfg/FINN-v0.9-Stable/deps/finn-hlslib/mvau.hpp:257]   --->   Operation 960 'br' 'br_ln257' <Predicate = (!icmp_ln249 & icmp_ln253 & trunc_ln257 == 114)> <Delay = 0.00>
ST_1 : Operation 961 [1/1] (0.00ns)   --->   "%store_ln257 = store i4 %inElem, i4 %inputBuf_V_113" [/home/miguel_tfg/FINN-v0.9-Stable/deps/finn-hlslib/mvau.hpp:257]   --->   Operation 961 'store' 'store_ln257' <Predicate = (!icmp_ln249 & icmp_ln253 & trunc_ln257 == 113)> <Delay = 0.00>
ST_1 : Operation 962 [1/1] (0.00ns)   --->   "%br_ln257 = br void %arrayidx.exit" [/home/miguel_tfg/FINN-v0.9-Stable/deps/finn-hlslib/mvau.hpp:257]   --->   Operation 962 'br' 'br_ln257' <Predicate = (!icmp_ln249 & icmp_ln253 & trunc_ln257 == 113)> <Delay = 0.00>
ST_1 : Operation 963 [1/1] (0.00ns)   --->   "%store_ln257 = store i4 %inElem, i4 %inputBuf_V_112" [/home/miguel_tfg/FINN-v0.9-Stable/deps/finn-hlslib/mvau.hpp:257]   --->   Operation 963 'store' 'store_ln257' <Predicate = (!icmp_ln249 & icmp_ln253 & trunc_ln257 == 112)> <Delay = 0.00>
ST_1 : Operation 964 [1/1] (0.00ns)   --->   "%br_ln257 = br void %arrayidx.exit" [/home/miguel_tfg/FINN-v0.9-Stable/deps/finn-hlslib/mvau.hpp:257]   --->   Operation 964 'br' 'br_ln257' <Predicate = (!icmp_ln249 & icmp_ln253 & trunc_ln257 == 112)> <Delay = 0.00>
ST_1 : Operation 965 [1/1] (0.00ns)   --->   "%store_ln257 = store i4 %inElem, i4 %inputBuf_V_111" [/home/miguel_tfg/FINN-v0.9-Stable/deps/finn-hlslib/mvau.hpp:257]   --->   Operation 965 'store' 'store_ln257' <Predicate = (!icmp_ln249 & icmp_ln253 & trunc_ln257 == 111)> <Delay = 0.00>
ST_1 : Operation 966 [1/1] (0.00ns)   --->   "%br_ln257 = br void %arrayidx.exit" [/home/miguel_tfg/FINN-v0.9-Stable/deps/finn-hlslib/mvau.hpp:257]   --->   Operation 966 'br' 'br_ln257' <Predicate = (!icmp_ln249 & icmp_ln253 & trunc_ln257 == 111)> <Delay = 0.00>
ST_1 : Operation 967 [1/1] (0.00ns)   --->   "%store_ln257 = store i4 %inElem, i4 %inputBuf_V_110" [/home/miguel_tfg/FINN-v0.9-Stable/deps/finn-hlslib/mvau.hpp:257]   --->   Operation 967 'store' 'store_ln257' <Predicate = (!icmp_ln249 & icmp_ln253 & trunc_ln257 == 110)> <Delay = 0.00>
ST_1 : Operation 968 [1/1] (0.00ns)   --->   "%br_ln257 = br void %arrayidx.exit" [/home/miguel_tfg/FINN-v0.9-Stable/deps/finn-hlslib/mvau.hpp:257]   --->   Operation 968 'br' 'br_ln257' <Predicate = (!icmp_ln249 & icmp_ln253 & trunc_ln257 == 110)> <Delay = 0.00>
ST_1 : Operation 969 [1/1] (0.00ns)   --->   "%store_ln257 = store i4 %inElem, i4 %inputBuf_V_109" [/home/miguel_tfg/FINN-v0.9-Stable/deps/finn-hlslib/mvau.hpp:257]   --->   Operation 969 'store' 'store_ln257' <Predicate = (!icmp_ln249 & icmp_ln253 & trunc_ln257 == 109)> <Delay = 0.00>
ST_1 : Operation 970 [1/1] (0.00ns)   --->   "%br_ln257 = br void %arrayidx.exit" [/home/miguel_tfg/FINN-v0.9-Stable/deps/finn-hlslib/mvau.hpp:257]   --->   Operation 970 'br' 'br_ln257' <Predicate = (!icmp_ln249 & icmp_ln253 & trunc_ln257 == 109)> <Delay = 0.00>
ST_1 : Operation 971 [1/1] (0.00ns)   --->   "%store_ln257 = store i4 %inElem, i4 %inputBuf_V_108" [/home/miguel_tfg/FINN-v0.9-Stable/deps/finn-hlslib/mvau.hpp:257]   --->   Operation 971 'store' 'store_ln257' <Predicate = (!icmp_ln249 & icmp_ln253 & trunc_ln257 == 108)> <Delay = 0.00>
ST_1 : Operation 972 [1/1] (0.00ns)   --->   "%br_ln257 = br void %arrayidx.exit" [/home/miguel_tfg/FINN-v0.9-Stable/deps/finn-hlslib/mvau.hpp:257]   --->   Operation 972 'br' 'br_ln257' <Predicate = (!icmp_ln249 & icmp_ln253 & trunc_ln257 == 108)> <Delay = 0.00>
ST_1 : Operation 973 [1/1] (0.00ns)   --->   "%store_ln257 = store i4 %inElem, i4 %inputBuf_V_107" [/home/miguel_tfg/FINN-v0.9-Stable/deps/finn-hlslib/mvau.hpp:257]   --->   Operation 973 'store' 'store_ln257' <Predicate = (!icmp_ln249 & icmp_ln253 & trunc_ln257 == 107)> <Delay = 0.00>
ST_1 : Operation 974 [1/1] (0.00ns)   --->   "%br_ln257 = br void %arrayidx.exit" [/home/miguel_tfg/FINN-v0.9-Stable/deps/finn-hlslib/mvau.hpp:257]   --->   Operation 974 'br' 'br_ln257' <Predicate = (!icmp_ln249 & icmp_ln253 & trunc_ln257 == 107)> <Delay = 0.00>
ST_1 : Operation 975 [1/1] (0.00ns)   --->   "%store_ln257 = store i4 %inElem, i4 %inputBuf_V_106" [/home/miguel_tfg/FINN-v0.9-Stable/deps/finn-hlslib/mvau.hpp:257]   --->   Operation 975 'store' 'store_ln257' <Predicate = (!icmp_ln249 & icmp_ln253 & trunc_ln257 == 106)> <Delay = 0.00>
ST_1 : Operation 976 [1/1] (0.00ns)   --->   "%br_ln257 = br void %arrayidx.exit" [/home/miguel_tfg/FINN-v0.9-Stable/deps/finn-hlslib/mvau.hpp:257]   --->   Operation 976 'br' 'br_ln257' <Predicate = (!icmp_ln249 & icmp_ln253 & trunc_ln257 == 106)> <Delay = 0.00>
ST_1 : Operation 977 [1/1] (0.00ns)   --->   "%store_ln257 = store i4 %inElem, i4 %inputBuf_V_105" [/home/miguel_tfg/FINN-v0.9-Stable/deps/finn-hlslib/mvau.hpp:257]   --->   Operation 977 'store' 'store_ln257' <Predicate = (!icmp_ln249 & icmp_ln253 & trunc_ln257 == 105)> <Delay = 0.00>
ST_1 : Operation 978 [1/1] (0.00ns)   --->   "%br_ln257 = br void %arrayidx.exit" [/home/miguel_tfg/FINN-v0.9-Stable/deps/finn-hlslib/mvau.hpp:257]   --->   Operation 978 'br' 'br_ln257' <Predicate = (!icmp_ln249 & icmp_ln253 & trunc_ln257 == 105)> <Delay = 0.00>
ST_1 : Operation 979 [1/1] (0.00ns)   --->   "%store_ln257 = store i4 %inElem, i4 %inputBuf_V_104" [/home/miguel_tfg/FINN-v0.9-Stable/deps/finn-hlslib/mvau.hpp:257]   --->   Operation 979 'store' 'store_ln257' <Predicate = (!icmp_ln249 & icmp_ln253 & trunc_ln257 == 104)> <Delay = 0.00>
ST_1 : Operation 980 [1/1] (0.00ns)   --->   "%br_ln257 = br void %arrayidx.exit" [/home/miguel_tfg/FINN-v0.9-Stable/deps/finn-hlslib/mvau.hpp:257]   --->   Operation 980 'br' 'br_ln257' <Predicate = (!icmp_ln249 & icmp_ln253 & trunc_ln257 == 104)> <Delay = 0.00>
ST_1 : Operation 981 [1/1] (0.00ns)   --->   "%store_ln257 = store i4 %inElem, i4 %inputBuf_V_103" [/home/miguel_tfg/FINN-v0.9-Stable/deps/finn-hlslib/mvau.hpp:257]   --->   Operation 981 'store' 'store_ln257' <Predicate = (!icmp_ln249 & icmp_ln253 & trunc_ln257 == 103)> <Delay = 0.00>
ST_1 : Operation 982 [1/1] (0.00ns)   --->   "%br_ln257 = br void %arrayidx.exit" [/home/miguel_tfg/FINN-v0.9-Stable/deps/finn-hlslib/mvau.hpp:257]   --->   Operation 982 'br' 'br_ln257' <Predicate = (!icmp_ln249 & icmp_ln253 & trunc_ln257 == 103)> <Delay = 0.00>
ST_1 : Operation 983 [1/1] (0.00ns)   --->   "%store_ln257 = store i4 %inElem, i4 %inputBuf_V_102" [/home/miguel_tfg/FINN-v0.9-Stable/deps/finn-hlslib/mvau.hpp:257]   --->   Operation 983 'store' 'store_ln257' <Predicate = (!icmp_ln249 & icmp_ln253 & trunc_ln257 == 102)> <Delay = 0.00>
ST_1 : Operation 984 [1/1] (0.00ns)   --->   "%br_ln257 = br void %arrayidx.exit" [/home/miguel_tfg/FINN-v0.9-Stable/deps/finn-hlslib/mvau.hpp:257]   --->   Operation 984 'br' 'br_ln257' <Predicate = (!icmp_ln249 & icmp_ln253 & trunc_ln257 == 102)> <Delay = 0.00>
ST_1 : Operation 985 [1/1] (0.00ns)   --->   "%store_ln257 = store i4 %inElem, i4 %inputBuf_V_101" [/home/miguel_tfg/FINN-v0.9-Stable/deps/finn-hlslib/mvau.hpp:257]   --->   Operation 985 'store' 'store_ln257' <Predicate = (!icmp_ln249 & icmp_ln253 & trunc_ln257 == 101)> <Delay = 0.00>
ST_1 : Operation 986 [1/1] (0.00ns)   --->   "%br_ln257 = br void %arrayidx.exit" [/home/miguel_tfg/FINN-v0.9-Stable/deps/finn-hlslib/mvau.hpp:257]   --->   Operation 986 'br' 'br_ln257' <Predicate = (!icmp_ln249 & icmp_ln253 & trunc_ln257 == 101)> <Delay = 0.00>
ST_1 : Operation 987 [1/1] (0.00ns)   --->   "%store_ln257 = store i4 %inElem, i4 %inputBuf_V_100" [/home/miguel_tfg/FINN-v0.9-Stable/deps/finn-hlslib/mvau.hpp:257]   --->   Operation 987 'store' 'store_ln257' <Predicate = (!icmp_ln249 & icmp_ln253 & trunc_ln257 == 100)> <Delay = 0.00>
ST_1 : Operation 988 [1/1] (0.00ns)   --->   "%br_ln257 = br void %arrayidx.exit" [/home/miguel_tfg/FINN-v0.9-Stable/deps/finn-hlslib/mvau.hpp:257]   --->   Operation 988 'br' 'br_ln257' <Predicate = (!icmp_ln249 & icmp_ln253 & trunc_ln257 == 100)> <Delay = 0.00>
ST_1 : Operation 989 [1/1] (0.00ns)   --->   "%store_ln257 = store i4 %inElem, i4 %inputBuf_V_99" [/home/miguel_tfg/FINN-v0.9-Stable/deps/finn-hlslib/mvau.hpp:257]   --->   Operation 989 'store' 'store_ln257' <Predicate = (!icmp_ln249 & icmp_ln253 & trunc_ln257 == 99)> <Delay = 0.00>
ST_1 : Operation 990 [1/1] (0.00ns)   --->   "%br_ln257 = br void %arrayidx.exit" [/home/miguel_tfg/FINN-v0.9-Stable/deps/finn-hlslib/mvau.hpp:257]   --->   Operation 990 'br' 'br_ln257' <Predicate = (!icmp_ln249 & icmp_ln253 & trunc_ln257 == 99)> <Delay = 0.00>
ST_1 : Operation 991 [1/1] (0.00ns)   --->   "%store_ln257 = store i4 %inElem, i4 %inputBuf_V_98" [/home/miguel_tfg/FINN-v0.9-Stable/deps/finn-hlslib/mvau.hpp:257]   --->   Operation 991 'store' 'store_ln257' <Predicate = (!icmp_ln249 & icmp_ln253 & trunc_ln257 == 98)> <Delay = 0.00>
ST_1 : Operation 992 [1/1] (0.00ns)   --->   "%br_ln257 = br void %arrayidx.exit" [/home/miguel_tfg/FINN-v0.9-Stable/deps/finn-hlslib/mvau.hpp:257]   --->   Operation 992 'br' 'br_ln257' <Predicate = (!icmp_ln249 & icmp_ln253 & trunc_ln257 == 98)> <Delay = 0.00>
ST_1 : Operation 993 [1/1] (0.00ns)   --->   "%store_ln257 = store i4 %inElem, i4 %inputBuf_V_97" [/home/miguel_tfg/FINN-v0.9-Stable/deps/finn-hlslib/mvau.hpp:257]   --->   Operation 993 'store' 'store_ln257' <Predicate = (!icmp_ln249 & icmp_ln253 & trunc_ln257 == 97)> <Delay = 0.00>
ST_1 : Operation 994 [1/1] (0.00ns)   --->   "%br_ln257 = br void %arrayidx.exit" [/home/miguel_tfg/FINN-v0.9-Stable/deps/finn-hlslib/mvau.hpp:257]   --->   Operation 994 'br' 'br_ln257' <Predicate = (!icmp_ln249 & icmp_ln253 & trunc_ln257 == 97)> <Delay = 0.00>
ST_1 : Operation 995 [1/1] (0.00ns)   --->   "%store_ln257 = store i4 %inElem, i4 %inputBuf_V_96" [/home/miguel_tfg/FINN-v0.9-Stable/deps/finn-hlslib/mvau.hpp:257]   --->   Operation 995 'store' 'store_ln257' <Predicate = (!icmp_ln249 & icmp_ln253 & trunc_ln257 == 96)> <Delay = 0.00>
ST_1 : Operation 996 [1/1] (0.00ns)   --->   "%br_ln257 = br void %arrayidx.exit" [/home/miguel_tfg/FINN-v0.9-Stable/deps/finn-hlslib/mvau.hpp:257]   --->   Operation 996 'br' 'br_ln257' <Predicate = (!icmp_ln249 & icmp_ln253 & trunc_ln257 == 96)> <Delay = 0.00>
ST_1 : Operation 997 [1/1] (0.00ns)   --->   "%store_ln257 = store i4 %inElem, i4 %inputBuf_V_95" [/home/miguel_tfg/FINN-v0.9-Stable/deps/finn-hlslib/mvau.hpp:257]   --->   Operation 997 'store' 'store_ln257' <Predicate = (!icmp_ln249 & icmp_ln253 & trunc_ln257 == 95)> <Delay = 0.00>
ST_1 : Operation 998 [1/1] (0.00ns)   --->   "%br_ln257 = br void %arrayidx.exit" [/home/miguel_tfg/FINN-v0.9-Stable/deps/finn-hlslib/mvau.hpp:257]   --->   Operation 998 'br' 'br_ln257' <Predicate = (!icmp_ln249 & icmp_ln253 & trunc_ln257 == 95)> <Delay = 0.00>
ST_1 : Operation 999 [1/1] (0.00ns)   --->   "%store_ln257 = store i4 %inElem, i4 %inputBuf_V_94" [/home/miguel_tfg/FINN-v0.9-Stable/deps/finn-hlslib/mvau.hpp:257]   --->   Operation 999 'store' 'store_ln257' <Predicate = (!icmp_ln249 & icmp_ln253 & trunc_ln257 == 94)> <Delay = 0.00>
ST_1 : Operation 1000 [1/1] (0.00ns)   --->   "%br_ln257 = br void %arrayidx.exit" [/home/miguel_tfg/FINN-v0.9-Stable/deps/finn-hlslib/mvau.hpp:257]   --->   Operation 1000 'br' 'br_ln257' <Predicate = (!icmp_ln249 & icmp_ln253 & trunc_ln257 == 94)> <Delay = 0.00>
ST_1 : Operation 1001 [1/1] (0.00ns)   --->   "%store_ln257 = store i4 %inElem, i4 %inputBuf_V_93" [/home/miguel_tfg/FINN-v0.9-Stable/deps/finn-hlslib/mvau.hpp:257]   --->   Operation 1001 'store' 'store_ln257' <Predicate = (!icmp_ln249 & icmp_ln253 & trunc_ln257 == 93)> <Delay = 0.00>
ST_1 : Operation 1002 [1/1] (0.00ns)   --->   "%br_ln257 = br void %arrayidx.exit" [/home/miguel_tfg/FINN-v0.9-Stable/deps/finn-hlslib/mvau.hpp:257]   --->   Operation 1002 'br' 'br_ln257' <Predicate = (!icmp_ln249 & icmp_ln253 & trunc_ln257 == 93)> <Delay = 0.00>
ST_1 : Operation 1003 [1/1] (0.00ns)   --->   "%store_ln257 = store i4 %inElem, i4 %inputBuf_V_92" [/home/miguel_tfg/FINN-v0.9-Stable/deps/finn-hlslib/mvau.hpp:257]   --->   Operation 1003 'store' 'store_ln257' <Predicate = (!icmp_ln249 & icmp_ln253 & trunc_ln257 == 92)> <Delay = 0.00>
ST_1 : Operation 1004 [1/1] (0.00ns)   --->   "%br_ln257 = br void %arrayidx.exit" [/home/miguel_tfg/FINN-v0.9-Stable/deps/finn-hlslib/mvau.hpp:257]   --->   Operation 1004 'br' 'br_ln257' <Predicate = (!icmp_ln249 & icmp_ln253 & trunc_ln257 == 92)> <Delay = 0.00>
ST_1 : Operation 1005 [1/1] (0.00ns)   --->   "%store_ln257 = store i4 %inElem, i4 %inputBuf_V_91" [/home/miguel_tfg/FINN-v0.9-Stable/deps/finn-hlslib/mvau.hpp:257]   --->   Operation 1005 'store' 'store_ln257' <Predicate = (!icmp_ln249 & icmp_ln253 & trunc_ln257 == 91)> <Delay = 0.00>
ST_1 : Operation 1006 [1/1] (0.00ns)   --->   "%br_ln257 = br void %arrayidx.exit" [/home/miguel_tfg/FINN-v0.9-Stable/deps/finn-hlslib/mvau.hpp:257]   --->   Operation 1006 'br' 'br_ln257' <Predicate = (!icmp_ln249 & icmp_ln253 & trunc_ln257 == 91)> <Delay = 0.00>
ST_1 : Operation 1007 [1/1] (0.00ns)   --->   "%store_ln257 = store i4 %inElem, i4 %inputBuf_V_90" [/home/miguel_tfg/FINN-v0.9-Stable/deps/finn-hlslib/mvau.hpp:257]   --->   Operation 1007 'store' 'store_ln257' <Predicate = (!icmp_ln249 & icmp_ln253 & trunc_ln257 == 90)> <Delay = 0.00>
ST_1 : Operation 1008 [1/1] (0.00ns)   --->   "%br_ln257 = br void %arrayidx.exit" [/home/miguel_tfg/FINN-v0.9-Stable/deps/finn-hlslib/mvau.hpp:257]   --->   Operation 1008 'br' 'br_ln257' <Predicate = (!icmp_ln249 & icmp_ln253 & trunc_ln257 == 90)> <Delay = 0.00>
ST_1 : Operation 1009 [1/1] (0.00ns)   --->   "%store_ln257 = store i4 %inElem, i4 %inputBuf_V_89" [/home/miguel_tfg/FINN-v0.9-Stable/deps/finn-hlslib/mvau.hpp:257]   --->   Operation 1009 'store' 'store_ln257' <Predicate = (!icmp_ln249 & icmp_ln253 & trunc_ln257 == 89)> <Delay = 0.00>
ST_1 : Operation 1010 [1/1] (0.00ns)   --->   "%br_ln257 = br void %arrayidx.exit" [/home/miguel_tfg/FINN-v0.9-Stable/deps/finn-hlslib/mvau.hpp:257]   --->   Operation 1010 'br' 'br_ln257' <Predicate = (!icmp_ln249 & icmp_ln253 & trunc_ln257 == 89)> <Delay = 0.00>
ST_1 : Operation 1011 [1/1] (0.00ns)   --->   "%store_ln257 = store i4 %inElem, i4 %inputBuf_V_88" [/home/miguel_tfg/FINN-v0.9-Stable/deps/finn-hlslib/mvau.hpp:257]   --->   Operation 1011 'store' 'store_ln257' <Predicate = (!icmp_ln249 & icmp_ln253 & trunc_ln257 == 88)> <Delay = 0.00>
ST_1 : Operation 1012 [1/1] (0.00ns)   --->   "%br_ln257 = br void %arrayidx.exit" [/home/miguel_tfg/FINN-v0.9-Stable/deps/finn-hlslib/mvau.hpp:257]   --->   Operation 1012 'br' 'br_ln257' <Predicate = (!icmp_ln249 & icmp_ln253 & trunc_ln257 == 88)> <Delay = 0.00>
ST_1 : Operation 1013 [1/1] (0.00ns)   --->   "%store_ln257 = store i4 %inElem, i4 %inputBuf_V_87" [/home/miguel_tfg/FINN-v0.9-Stable/deps/finn-hlslib/mvau.hpp:257]   --->   Operation 1013 'store' 'store_ln257' <Predicate = (!icmp_ln249 & icmp_ln253 & trunc_ln257 == 87)> <Delay = 0.00>
ST_1 : Operation 1014 [1/1] (0.00ns)   --->   "%br_ln257 = br void %arrayidx.exit" [/home/miguel_tfg/FINN-v0.9-Stable/deps/finn-hlslib/mvau.hpp:257]   --->   Operation 1014 'br' 'br_ln257' <Predicate = (!icmp_ln249 & icmp_ln253 & trunc_ln257 == 87)> <Delay = 0.00>
ST_1 : Operation 1015 [1/1] (0.00ns)   --->   "%store_ln257 = store i4 %inElem, i4 %inputBuf_V_86" [/home/miguel_tfg/FINN-v0.9-Stable/deps/finn-hlslib/mvau.hpp:257]   --->   Operation 1015 'store' 'store_ln257' <Predicate = (!icmp_ln249 & icmp_ln253 & trunc_ln257 == 86)> <Delay = 0.00>
ST_1 : Operation 1016 [1/1] (0.00ns)   --->   "%br_ln257 = br void %arrayidx.exit" [/home/miguel_tfg/FINN-v0.9-Stable/deps/finn-hlslib/mvau.hpp:257]   --->   Operation 1016 'br' 'br_ln257' <Predicate = (!icmp_ln249 & icmp_ln253 & trunc_ln257 == 86)> <Delay = 0.00>
ST_1 : Operation 1017 [1/1] (0.00ns)   --->   "%store_ln257 = store i4 %inElem, i4 %inputBuf_V_85" [/home/miguel_tfg/FINN-v0.9-Stable/deps/finn-hlslib/mvau.hpp:257]   --->   Operation 1017 'store' 'store_ln257' <Predicate = (!icmp_ln249 & icmp_ln253 & trunc_ln257 == 85)> <Delay = 0.00>
ST_1 : Operation 1018 [1/1] (0.00ns)   --->   "%br_ln257 = br void %arrayidx.exit" [/home/miguel_tfg/FINN-v0.9-Stable/deps/finn-hlslib/mvau.hpp:257]   --->   Operation 1018 'br' 'br_ln257' <Predicate = (!icmp_ln249 & icmp_ln253 & trunc_ln257 == 85)> <Delay = 0.00>
ST_1 : Operation 1019 [1/1] (0.00ns)   --->   "%store_ln257 = store i4 %inElem, i4 %inputBuf_V_84" [/home/miguel_tfg/FINN-v0.9-Stable/deps/finn-hlslib/mvau.hpp:257]   --->   Operation 1019 'store' 'store_ln257' <Predicate = (!icmp_ln249 & icmp_ln253 & trunc_ln257 == 84)> <Delay = 0.00>
ST_1 : Operation 1020 [1/1] (0.00ns)   --->   "%br_ln257 = br void %arrayidx.exit" [/home/miguel_tfg/FINN-v0.9-Stable/deps/finn-hlslib/mvau.hpp:257]   --->   Operation 1020 'br' 'br_ln257' <Predicate = (!icmp_ln249 & icmp_ln253 & trunc_ln257 == 84)> <Delay = 0.00>
ST_1 : Operation 1021 [1/1] (0.00ns)   --->   "%store_ln257 = store i4 %inElem, i4 %inputBuf_V_83" [/home/miguel_tfg/FINN-v0.9-Stable/deps/finn-hlslib/mvau.hpp:257]   --->   Operation 1021 'store' 'store_ln257' <Predicate = (!icmp_ln249 & icmp_ln253 & trunc_ln257 == 83)> <Delay = 0.00>
ST_1 : Operation 1022 [1/1] (0.00ns)   --->   "%br_ln257 = br void %arrayidx.exit" [/home/miguel_tfg/FINN-v0.9-Stable/deps/finn-hlslib/mvau.hpp:257]   --->   Operation 1022 'br' 'br_ln257' <Predicate = (!icmp_ln249 & icmp_ln253 & trunc_ln257 == 83)> <Delay = 0.00>
ST_1 : Operation 1023 [1/1] (0.00ns)   --->   "%store_ln257 = store i4 %inElem, i4 %inputBuf_V_82" [/home/miguel_tfg/FINN-v0.9-Stable/deps/finn-hlslib/mvau.hpp:257]   --->   Operation 1023 'store' 'store_ln257' <Predicate = (!icmp_ln249 & icmp_ln253 & trunc_ln257 == 82)> <Delay = 0.00>
ST_1 : Operation 1024 [1/1] (0.00ns)   --->   "%br_ln257 = br void %arrayidx.exit" [/home/miguel_tfg/FINN-v0.9-Stable/deps/finn-hlslib/mvau.hpp:257]   --->   Operation 1024 'br' 'br_ln257' <Predicate = (!icmp_ln249 & icmp_ln253 & trunc_ln257 == 82)> <Delay = 0.00>
ST_1 : Operation 1025 [1/1] (0.00ns)   --->   "%store_ln257 = store i4 %inElem, i4 %inputBuf_V_81" [/home/miguel_tfg/FINN-v0.9-Stable/deps/finn-hlslib/mvau.hpp:257]   --->   Operation 1025 'store' 'store_ln257' <Predicate = (!icmp_ln249 & icmp_ln253 & trunc_ln257 == 81)> <Delay = 0.00>
ST_1 : Operation 1026 [1/1] (0.00ns)   --->   "%br_ln257 = br void %arrayidx.exit" [/home/miguel_tfg/FINN-v0.9-Stable/deps/finn-hlslib/mvau.hpp:257]   --->   Operation 1026 'br' 'br_ln257' <Predicate = (!icmp_ln249 & icmp_ln253 & trunc_ln257 == 81)> <Delay = 0.00>
ST_1 : Operation 1027 [1/1] (0.00ns)   --->   "%store_ln257 = store i4 %inElem, i4 %inputBuf_V_80" [/home/miguel_tfg/FINN-v0.9-Stable/deps/finn-hlslib/mvau.hpp:257]   --->   Operation 1027 'store' 'store_ln257' <Predicate = (!icmp_ln249 & icmp_ln253 & trunc_ln257 == 80)> <Delay = 0.00>
ST_1 : Operation 1028 [1/1] (0.00ns)   --->   "%br_ln257 = br void %arrayidx.exit" [/home/miguel_tfg/FINN-v0.9-Stable/deps/finn-hlslib/mvau.hpp:257]   --->   Operation 1028 'br' 'br_ln257' <Predicate = (!icmp_ln249 & icmp_ln253 & trunc_ln257 == 80)> <Delay = 0.00>
ST_1 : Operation 1029 [1/1] (0.00ns)   --->   "%store_ln257 = store i4 %inElem, i4 %inputBuf_V_79" [/home/miguel_tfg/FINN-v0.9-Stable/deps/finn-hlslib/mvau.hpp:257]   --->   Operation 1029 'store' 'store_ln257' <Predicate = (!icmp_ln249 & icmp_ln253 & trunc_ln257 == 79)> <Delay = 0.00>
ST_1 : Operation 1030 [1/1] (0.00ns)   --->   "%br_ln257 = br void %arrayidx.exit" [/home/miguel_tfg/FINN-v0.9-Stable/deps/finn-hlslib/mvau.hpp:257]   --->   Operation 1030 'br' 'br_ln257' <Predicate = (!icmp_ln249 & icmp_ln253 & trunc_ln257 == 79)> <Delay = 0.00>
ST_1 : Operation 1031 [1/1] (0.00ns)   --->   "%store_ln257 = store i4 %inElem, i4 %inputBuf_V_78" [/home/miguel_tfg/FINN-v0.9-Stable/deps/finn-hlslib/mvau.hpp:257]   --->   Operation 1031 'store' 'store_ln257' <Predicate = (!icmp_ln249 & icmp_ln253 & trunc_ln257 == 78)> <Delay = 0.00>
ST_1 : Operation 1032 [1/1] (0.00ns)   --->   "%br_ln257 = br void %arrayidx.exit" [/home/miguel_tfg/FINN-v0.9-Stable/deps/finn-hlslib/mvau.hpp:257]   --->   Operation 1032 'br' 'br_ln257' <Predicate = (!icmp_ln249 & icmp_ln253 & trunc_ln257 == 78)> <Delay = 0.00>
ST_1 : Operation 1033 [1/1] (0.00ns)   --->   "%store_ln257 = store i4 %inElem, i4 %inputBuf_V_77" [/home/miguel_tfg/FINN-v0.9-Stable/deps/finn-hlslib/mvau.hpp:257]   --->   Operation 1033 'store' 'store_ln257' <Predicate = (!icmp_ln249 & icmp_ln253 & trunc_ln257 == 77)> <Delay = 0.00>
ST_1 : Operation 1034 [1/1] (0.00ns)   --->   "%br_ln257 = br void %arrayidx.exit" [/home/miguel_tfg/FINN-v0.9-Stable/deps/finn-hlslib/mvau.hpp:257]   --->   Operation 1034 'br' 'br_ln257' <Predicate = (!icmp_ln249 & icmp_ln253 & trunc_ln257 == 77)> <Delay = 0.00>
ST_1 : Operation 1035 [1/1] (0.00ns)   --->   "%store_ln257 = store i4 %inElem, i4 %inputBuf_V_76" [/home/miguel_tfg/FINN-v0.9-Stable/deps/finn-hlslib/mvau.hpp:257]   --->   Operation 1035 'store' 'store_ln257' <Predicate = (!icmp_ln249 & icmp_ln253 & trunc_ln257 == 76)> <Delay = 0.00>
ST_1 : Operation 1036 [1/1] (0.00ns)   --->   "%br_ln257 = br void %arrayidx.exit" [/home/miguel_tfg/FINN-v0.9-Stable/deps/finn-hlslib/mvau.hpp:257]   --->   Operation 1036 'br' 'br_ln257' <Predicate = (!icmp_ln249 & icmp_ln253 & trunc_ln257 == 76)> <Delay = 0.00>
ST_1 : Operation 1037 [1/1] (0.00ns)   --->   "%store_ln257 = store i4 %inElem, i4 %inputBuf_V_75" [/home/miguel_tfg/FINN-v0.9-Stable/deps/finn-hlslib/mvau.hpp:257]   --->   Operation 1037 'store' 'store_ln257' <Predicate = (!icmp_ln249 & icmp_ln253 & trunc_ln257 == 75)> <Delay = 0.00>
ST_1 : Operation 1038 [1/1] (0.00ns)   --->   "%br_ln257 = br void %arrayidx.exit" [/home/miguel_tfg/FINN-v0.9-Stable/deps/finn-hlslib/mvau.hpp:257]   --->   Operation 1038 'br' 'br_ln257' <Predicate = (!icmp_ln249 & icmp_ln253 & trunc_ln257 == 75)> <Delay = 0.00>
ST_1 : Operation 1039 [1/1] (0.00ns)   --->   "%store_ln257 = store i4 %inElem, i4 %inputBuf_V_74" [/home/miguel_tfg/FINN-v0.9-Stable/deps/finn-hlslib/mvau.hpp:257]   --->   Operation 1039 'store' 'store_ln257' <Predicate = (!icmp_ln249 & icmp_ln253 & trunc_ln257 == 74)> <Delay = 0.00>
ST_1 : Operation 1040 [1/1] (0.00ns)   --->   "%br_ln257 = br void %arrayidx.exit" [/home/miguel_tfg/FINN-v0.9-Stable/deps/finn-hlslib/mvau.hpp:257]   --->   Operation 1040 'br' 'br_ln257' <Predicate = (!icmp_ln249 & icmp_ln253 & trunc_ln257 == 74)> <Delay = 0.00>
ST_1 : Operation 1041 [1/1] (0.00ns)   --->   "%store_ln257 = store i4 %inElem, i4 %inputBuf_V_73" [/home/miguel_tfg/FINN-v0.9-Stable/deps/finn-hlslib/mvau.hpp:257]   --->   Operation 1041 'store' 'store_ln257' <Predicate = (!icmp_ln249 & icmp_ln253 & trunc_ln257 == 73)> <Delay = 0.00>
ST_1 : Operation 1042 [1/1] (0.00ns)   --->   "%br_ln257 = br void %arrayidx.exit" [/home/miguel_tfg/FINN-v0.9-Stable/deps/finn-hlslib/mvau.hpp:257]   --->   Operation 1042 'br' 'br_ln257' <Predicate = (!icmp_ln249 & icmp_ln253 & trunc_ln257 == 73)> <Delay = 0.00>
ST_1 : Operation 1043 [1/1] (0.00ns)   --->   "%store_ln257 = store i4 %inElem, i4 %inputBuf_V_72" [/home/miguel_tfg/FINN-v0.9-Stable/deps/finn-hlslib/mvau.hpp:257]   --->   Operation 1043 'store' 'store_ln257' <Predicate = (!icmp_ln249 & icmp_ln253 & trunc_ln257 == 72)> <Delay = 0.00>
ST_1 : Operation 1044 [1/1] (0.00ns)   --->   "%br_ln257 = br void %arrayidx.exit" [/home/miguel_tfg/FINN-v0.9-Stable/deps/finn-hlslib/mvau.hpp:257]   --->   Operation 1044 'br' 'br_ln257' <Predicate = (!icmp_ln249 & icmp_ln253 & trunc_ln257 == 72)> <Delay = 0.00>
ST_1 : Operation 1045 [1/1] (0.00ns)   --->   "%store_ln257 = store i4 %inElem, i4 %inputBuf_V_71" [/home/miguel_tfg/FINN-v0.9-Stable/deps/finn-hlslib/mvau.hpp:257]   --->   Operation 1045 'store' 'store_ln257' <Predicate = (!icmp_ln249 & icmp_ln253 & trunc_ln257 == 71)> <Delay = 0.00>
ST_1 : Operation 1046 [1/1] (0.00ns)   --->   "%br_ln257 = br void %arrayidx.exit" [/home/miguel_tfg/FINN-v0.9-Stable/deps/finn-hlslib/mvau.hpp:257]   --->   Operation 1046 'br' 'br_ln257' <Predicate = (!icmp_ln249 & icmp_ln253 & trunc_ln257 == 71)> <Delay = 0.00>
ST_1 : Operation 1047 [1/1] (0.00ns)   --->   "%store_ln257 = store i4 %inElem, i4 %inputBuf_V_70" [/home/miguel_tfg/FINN-v0.9-Stable/deps/finn-hlslib/mvau.hpp:257]   --->   Operation 1047 'store' 'store_ln257' <Predicate = (!icmp_ln249 & icmp_ln253 & trunc_ln257 == 70)> <Delay = 0.00>
ST_1 : Operation 1048 [1/1] (0.00ns)   --->   "%br_ln257 = br void %arrayidx.exit" [/home/miguel_tfg/FINN-v0.9-Stable/deps/finn-hlslib/mvau.hpp:257]   --->   Operation 1048 'br' 'br_ln257' <Predicate = (!icmp_ln249 & icmp_ln253 & trunc_ln257 == 70)> <Delay = 0.00>
ST_1 : Operation 1049 [1/1] (0.00ns)   --->   "%store_ln257 = store i4 %inElem, i4 %inputBuf_V_69" [/home/miguel_tfg/FINN-v0.9-Stable/deps/finn-hlslib/mvau.hpp:257]   --->   Operation 1049 'store' 'store_ln257' <Predicate = (!icmp_ln249 & icmp_ln253 & trunc_ln257 == 69)> <Delay = 0.00>
ST_1 : Operation 1050 [1/1] (0.00ns)   --->   "%br_ln257 = br void %arrayidx.exit" [/home/miguel_tfg/FINN-v0.9-Stable/deps/finn-hlslib/mvau.hpp:257]   --->   Operation 1050 'br' 'br_ln257' <Predicate = (!icmp_ln249 & icmp_ln253 & trunc_ln257 == 69)> <Delay = 0.00>
ST_1 : Operation 1051 [1/1] (0.00ns)   --->   "%store_ln257 = store i4 %inElem, i4 %inputBuf_V_68" [/home/miguel_tfg/FINN-v0.9-Stable/deps/finn-hlslib/mvau.hpp:257]   --->   Operation 1051 'store' 'store_ln257' <Predicate = (!icmp_ln249 & icmp_ln253 & trunc_ln257 == 68)> <Delay = 0.00>
ST_1 : Operation 1052 [1/1] (0.00ns)   --->   "%br_ln257 = br void %arrayidx.exit" [/home/miguel_tfg/FINN-v0.9-Stable/deps/finn-hlslib/mvau.hpp:257]   --->   Operation 1052 'br' 'br_ln257' <Predicate = (!icmp_ln249 & icmp_ln253 & trunc_ln257 == 68)> <Delay = 0.00>
ST_1 : Operation 1053 [1/1] (0.00ns)   --->   "%store_ln257 = store i4 %inElem, i4 %inputBuf_V_67" [/home/miguel_tfg/FINN-v0.9-Stable/deps/finn-hlslib/mvau.hpp:257]   --->   Operation 1053 'store' 'store_ln257' <Predicate = (!icmp_ln249 & icmp_ln253 & trunc_ln257 == 67)> <Delay = 0.00>
ST_1 : Operation 1054 [1/1] (0.00ns)   --->   "%br_ln257 = br void %arrayidx.exit" [/home/miguel_tfg/FINN-v0.9-Stable/deps/finn-hlslib/mvau.hpp:257]   --->   Operation 1054 'br' 'br_ln257' <Predicate = (!icmp_ln249 & icmp_ln253 & trunc_ln257 == 67)> <Delay = 0.00>
ST_1 : Operation 1055 [1/1] (0.00ns)   --->   "%store_ln257 = store i4 %inElem, i4 %inputBuf_V_66" [/home/miguel_tfg/FINN-v0.9-Stable/deps/finn-hlslib/mvau.hpp:257]   --->   Operation 1055 'store' 'store_ln257' <Predicate = (!icmp_ln249 & icmp_ln253 & trunc_ln257 == 66)> <Delay = 0.00>
ST_1 : Operation 1056 [1/1] (0.00ns)   --->   "%br_ln257 = br void %arrayidx.exit" [/home/miguel_tfg/FINN-v0.9-Stable/deps/finn-hlslib/mvau.hpp:257]   --->   Operation 1056 'br' 'br_ln257' <Predicate = (!icmp_ln249 & icmp_ln253 & trunc_ln257 == 66)> <Delay = 0.00>
ST_1 : Operation 1057 [1/1] (0.00ns)   --->   "%store_ln257 = store i4 %inElem, i4 %inputBuf_V_65" [/home/miguel_tfg/FINN-v0.9-Stable/deps/finn-hlslib/mvau.hpp:257]   --->   Operation 1057 'store' 'store_ln257' <Predicate = (!icmp_ln249 & icmp_ln253 & trunc_ln257 == 65)> <Delay = 0.00>
ST_1 : Operation 1058 [1/1] (0.00ns)   --->   "%br_ln257 = br void %arrayidx.exit" [/home/miguel_tfg/FINN-v0.9-Stable/deps/finn-hlslib/mvau.hpp:257]   --->   Operation 1058 'br' 'br_ln257' <Predicate = (!icmp_ln249 & icmp_ln253 & trunc_ln257 == 65)> <Delay = 0.00>
ST_1 : Operation 1059 [1/1] (0.00ns)   --->   "%store_ln257 = store i4 %inElem, i4 %inputBuf_V_64" [/home/miguel_tfg/FINN-v0.9-Stable/deps/finn-hlslib/mvau.hpp:257]   --->   Operation 1059 'store' 'store_ln257' <Predicate = (!icmp_ln249 & icmp_ln253 & trunc_ln257 == 64)> <Delay = 0.00>
ST_1 : Operation 1060 [1/1] (0.00ns)   --->   "%br_ln257 = br void %arrayidx.exit" [/home/miguel_tfg/FINN-v0.9-Stable/deps/finn-hlslib/mvau.hpp:257]   --->   Operation 1060 'br' 'br_ln257' <Predicate = (!icmp_ln249 & icmp_ln253 & trunc_ln257 == 64)> <Delay = 0.00>
ST_1 : Operation 1061 [1/1] (0.00ns)   --->   "%store_ln257 = store i4 %inElem, i4 %inputBuf_V_63" [/home/miguel_tfg/FINN-v0.9-Stable/deps/finn-hlslib/mvau.hpp:257]   --->   Operation 1061 'store' 'store_ln257' <Predicate = (!icmp_ln249 & icmp_ln253 & trunc_ln257 == 63)> <Delay = 0.00>
ST_1 : Operation 1062 [1/1] (0.00ns)   --->   "%br_ln257 = br void %arrayidx.exit" [/home/miguel_tfg/FINN-v0.9-Stable/deps/finn-hlslib/mvau.hpp:257]   --->   Operation 1062 'br' 'br_ln257' <Predicate = (!icmp_ln249 & icmp_ln253 & trunc_ln257 == 63)> <Delay = 0.00>
ST_1 : Operation 1063 [1/1] (0.00ns)   --->   "%store_ln257 = store i4 %inElem, i4 %inputBuf_V_62" [/home/miguel_tfg/FINN-v0.9-Stable/deps/finn-hlslib/mvau.hpp:257]   --->   Operation 1063 'store' 'store_ln257' <Predicate = (!icmp_ln249 & icmp_ln253 & trunc_ln257 == 62)> <Delay = 0.00>
ST_1 : Operation 1064 [1/1] (0.00ns)   --->   "%br_ln257 = br void %arrayidx.exit" [/home/miguel_tfg/FINN-v0.9-Stable/deps/finn-hlslib/mvau.hpp:257]   --->   Operation 1064 'br' 'br_ln257' <Predicate = (!icmp_ln249 & icmp_ln253 & trunc_ln257 == 62)> <Delay = 0.00>
ST_1 : Operation 1065 [1/1] (0.00ns)   --->   "%store_ln257 = store i4 %inElem, i4 %inputBuf_V_61" [/home/miguel_tfg/FINN-v0.9-Stable/deps/finn-hlslib/mvau.hpp:257]   --->   Operation 1065 'store' 'store_ln257' <Predicate = (!icmp_ln249 & icmp_ln253 & trunc_ln257 == 61)> <Delay = 0.00>
ST_1 : Operation 1066 [1/1] (0.00ns)   --->   "%br_ln257 = br void %arrayidx.exit" [/home/miguel_tfg/FINN-v0.9-Stable/deps/finn-hlslib/mvau.hpp:257]   --->   Operation 1066 'br' 'br_ln257' <Predicate = (!icmp_ln249 & icmp_ln253 & trunc_ln257 == 61)> <Delay = 0.00>
ST_1 : Operation 1067 [1/1] (0.00ns)   --->   "%store_ln257 = store i4 %inElem, i4 %inputBuf_V_60" [/home/miguel_tfg/FINN-v0.9-Stable/deps/finn-hlslib/mvau.hpp:257]   --->   Operation 1067 'store' 'store_ln257' <Predicate = (!icmp_ln249 & icmp_ln253 & trunc_ln257 == 60)> <Delay = 0.00>
ST_1 : Operation 1068 [1/1] (0.00ns)   --->   "%br_ln257 = br void %arrayidx.exit" [/home/miguel_tfg/FINN-v0.9-Stable/deps/finn-hlslib/mvau.hpp:257]   --->   Operation 1068 'br' 'br_ln257' <Predicate = (!icmp_ln249 & icmp_ln253 & trunc_ln257 == 60)> <Delay = 0.00>
ST_1 : Operation 1069 [1/1] (0.00ns)   --->   "%store_ln257 = store i4 %inElem, i4 %inputBuf_V_59" [/home/miguel_tfg/FINN-v0.9-Stable/deps/finn-hlslib/mvau.hpp:257]   --->   Operation 1069 'store' 'store_ln257' <Predicate = (!icmp_ln249 & icmp_ln253 & trunc_ln257 == 59)> <Delay = 0.00>
ST_1 : Operation 1070 [1/1] (0.00ns)   --->   "%br_ln257 = br void %arrayidx.exit" [/home/miguel_tfg/FINN-v0.9-Stable/deps/finn-hlslib/mvau.hpp:257]   --->   Operation 1070 'br' 'br_ln257' <Predicate = (!icmp_ln249 & icmp_ln253 & trunc_ln257 == 59)> <Delay = 0.00>
ST_1 : Operation 1071 [1/1] (0.00ns)   --->   "%store_ln257 = store i4 %inElem, i4 %inputBuf_V_58" [/home/miguel_tfg/FINN-v0.9-Stable/deps/finn-hlslib/mvau.hpp:257]   --->   Operation 1071 'store' 'store_ln257' <Predicate = (!icmp_ln249 & icmp_ln253 & trunc_ln257 == 58)> <Delay = 0.00>
ST_1 : Operation 1072 [1/1] (0.00ns)   --->   "%br_ln257 = br void %arrayidx.exit" [/home/miguel_tfg/FINN-v0.9-Stable/deps/finn-hlslib/mvau.hpp:257]   --->   Operation 1072 'br' 'br_ln257' <Predicate = (!icmp_ln249 & icmp_ln253 & trunc_ln257 == 58)> <Delay = 0.00>
ST_1 : Operation 1073 [1/1] (0.00ns)   --->   "%store_ln257 = store i4 %inElem, i4 %inputBuf_V_57" [/home/miguel_tfg/FINN-v0.9-Stable/deps/finn-hlslib/mvau.hpp:257]   --->   Operation 1073 'store' 'store_ln257' <Predicate = (!icmp_ln249 & icmp_ln253 & trunc_ln257 == 57)> <Delay = 0.00>
ST_1 : Operation 1074 [1/1] (0.00ns)   --->   "%br_ln257 = br void %arrayidx.exit" [/home/miguel_tfg/FINN-v0.9-Stable/deps/finn-hlslib/mvau.hpp:257]   --->   Operation 1074 'br' 'br_ln257' <Predicate = (!icmp_ln249 & icmp_ln253 & trunc_ln257 == 57)> <Delay = 0.00>
ST_1 : Operation 1075 [1/1] (0.00ns)   --->   "%store_ln257 = store i4 %inElem, i4 %inputBuf_V_56" [/home/miguel_tfg/FINN-v0.9-Stable/deps/finn-hlslib/mvau.hpp:257]   --->   Operation 1075 'store' 'store_ln257' <Predicate = (!icmp_ln249 & icmp_ln253 & trunc_ln257 == 56)> <Delay = 0.00>
ST_1 : Operation 1076 [1/1] (0.00ns)   --->   "%br_ln257 = br void %arrayidx.exit" [/home/miguel_tfg/FINN-v0.9-Stable/deps/finn-hlslib/mvau.hpp:257]   --->   Operation 1076 'br' 'br_ln257' <Predicate = (!icmp_ln249 & icmp_ln253 & trunc_ln257 == 56)> <Delay = 0.00>
ST_1 : Operation 1077 [1/1] (0.00ns)   --->   "%store_ln257 = store i4 %inElem, i4 %inputBuf_V_55" [/home/miguel_tfg/FINN-v0.9-Stable/deps/finn-hlslib/mvau.hpp:257]   --->   Operation 1077 'store' 'store_ln257' <Predicate = (!icmp_ln249 & icmp_ln253 & trunc_ln257 == 55)> <Delay = 0.00>
ST_1 : Operation 1078 [1/1] (0.00ns)   --->   "%br_ln257 = br void %arrayidx.exit" [/home/miguel_tfg/FINN-v0.9-Stable/deps/finn-hlslib/mvau.hpp:257]   --->   Operation 1078 'br' 'br_ln257' <Predicate = (!icmp_ln249 & icmp_ln253 & trunc_ln257 == 55)> <Delay = 0.00>
ST_1 : Operation 1079 [1/1] (0.00ns)   --->   "%store_ln257 = store i4 %inElem, i4 %inputBuf_V_54" [/home/miguel_tfg/FINN-v0.9-Stable/deps/finn-hlslib/mvau.hpp:257]   --->   Operation 1079 'store' 'store_ln257' <Predicate = (!icmp_ln249 & icmp_ln253 & trunc_ln257 == 54)> <Delay = 0.00>
ST_1 : Operation 1080 [1/1] (0.00ns)   --->   "%br_ln257 = br void %arrayidx.exit" [/home/miguel_tfg/FINN-v0.9-Stable/deps/finn-hlslib/mvau.hpp:257]   --->   Operation 1080 'br' 'br_ln257' <Predicate = (!icmp_ln249 & icmp_ln253 & trunc_ln257 == 54)> <Delay = 0.00>
ST_1 : Operation 1081 [1/1] (0.00ns)   --->   "%store_ln257 = store i4 %inElem, i4 %inputBuf_V_53" [/home/miguel_tfg/FINN-v0.9-Stable/deps/finn-hlslib/mvau.hpp:257]   --->   Operation 1081 'store' 'store_ln257' <Predicate = (!icmp_ln249 & icmp_ln253 & trunc_ln257 == 53)> <Delay = 0.00>
ST_1 : Operation 1082 [1/1] (0.00ns)   --->   "%br_ln257 = br void %arrayidx.exit" [/home/miguel_tfg/FINN-v0.9-Stable/deps/finn-hlslib/mvau.hpp:257]   --->   Operation 1082 'br' 'br_ln257' <Predicate = (!icmp_ln249 & icmp_ln253 & trunc_ln257 == 53)> <Delay = 0.00>
ST_1 : Operation 1083 [1/1] (0.00ns)   --->   "%store_ln257 = store i4 %inElem, i4 %inputBuf_V_52" [/home/miguel_tfg/FINN-v0.9-Stable/deps/finn-hlslib/mvau.hpp:257]   --->   Operation 1083 'store' 'store_ln257' <Predicate = (!icmp_ln249 & icmp_ln253 & trunc_ln257 == 52)> <Delay = 0.00>
ST_1 : Operation 1084 [1/1] (0.00ns)   --->   "%br_ln257 = br void %arrayidx.exit" [/home/miguel_tfg/FINN-v0.9-Stable/deps/finn-hlslib/mvau.hpp:257]   --->   Operation 1084 'br' 'br_ln257' <Predicate = (!icmp_ln249 & icmp_ln253 & trunc_ln257 == 52)> <Delay = 0.00>
ST_1 : Operation 1085 [1/1] (0.00ns)   --->   "%store_ln257 = store i4 %inElem, i4 %inputBuf_V_51" [/home/miguel_tfg/FINN-v0.9-Stable/deps/finn-hlslib/mvau.hpp:257]   --->   Operation 1085 'store' 'store_ln257' <Predicate = (!icmp_ln249 & icmp_ln253 & trunc_ln257 == 51)> <Delay = 0.00>
ST_1 : Operation 1086 [1/1] (0.00ns)   --->   "%br_ln257 = br void %arrayidx.exit" [/home/miguel_tfg/FINN-v0.9-Stable/deps/finn-hlslib/mvau.hpp:257]   --->   Operation 1086 'br' 'br_ln257' <Predicate = (!icmp_ln249 & icmp_ln253 & trunc_ln257 == 51)> <Delay = 0.00>
ST_1 : Operation 1087 [1/1] (0.00ns)   --->   "%store_ln257 = store i4 %inElem, i4 %inputBuf_V_50" [/home/miguel_tfg/FINN-v0.9-Stable/deps/finn-hlslib/mvau.hpp:257]   --->   Operation 1087 'store' 'store_ln257' <Predicate = (!icmp_ln249 & icmp_ln253 & trunc_ln257 == 50)> <Delay = 0.00>
ST_1 : Operation 1088 [1/1] (0.00ns)   --->   "%br_ln257 = br void %arrayidx.exit" [/home/miguel_tfg/FINN-v0.9-Stable/deps/finn-hlslib/mvau.hpp:257]   --->   Operation 1088 'br' 'br_ln257' <Predicate = (!icmp_ln249 & icmp_ln253 & trunc_ln257 == 50)> <Delay = 0.00>
ST_1 : Operation 1089 [1/1] (0.00ns)   --->   "%store_ln257 = store i4 %inElem, i4 %inputBuf_V_49" [/home/miguel_tfg/FINN-v0.9-Stable/deps/finn-hlslib/mvau.hpp:257]   --->   Operation 1089 'store' 'store_ln257' <Predicate = (!icmp_ln249 & icmp_ln253 & trunc_ln257 == 49)> <Delay = 0.00>
ST_1 : Operation 1090 [1/1] (0.00ns)   --->   "%br_ln257 = br void %arrayidx.exit" [/home/miguel_tfg/FINN-v0.9-Stable/deps/finn-hlslib/mvau.hpp:257]   --->   Operation 1090 'br' 'br_ln257' <Predicate = (!icmp_ln249 & icmp_ln253 & trunc_ln257 == 49)> <Delay = 0.00>
ST_1 : Operation 1091 [1/1] (0.00ns)   --->   "%store_ln257 = store i4 %inElem, i4 %inputBuf_V_48" [/home/miguel_tfg/FINN-v0.9-Stable/deps/finn-hlslib/mvau.hpp:257]   --->   Operation 1091 'store' 'store_ln257' <Predicate = (!icmp_ln249 & icmp_ln253 & trunc_ln257 == 48)> <Delay = 0.00>
ST_1 : Operation 1092 [1/1] (0.00ns)   --->   "%br_ln257 = br void %arrayidx.exit" [/home/miguel_tfg/FINN-v0.9-Stable/deps/finn-hlslib/mvau.hpp:257]   --->   Operation 1092 'br' 'br_ln257' <Predicate = (!icmp_ln249 & icmp_ln253 & trunc_ln257 == 48)> <Delay = 0.00>
ST_1 : Operation 1093 [1/1] (0.00ns)   --->   "%store_ln257 = store i4 %inElem, i4 %inputBuf_V_47" [/home/miguel_tfg/FINN-v0.9-Stable/deps/finn-hlslib/mvau.hpp:257]   --->   Operation 1093 'store' 'store_ln257' <Predicate = (!icmp_ln249 & icmp_ln253 & trunc_ln257 == 47)> <Delay = 0.00>
ST_1 : Operation 1094 [1/1] (0.00ns)   --->   "%br_ln257 = br void %arrayidx.exit" [/home/miguel_tfg/FINN-v0.9-Stable/deps/finn-hlslib/mvau.hpp:257]   --->   Operation 1094 'br' 'br_ln257' <Predicate = (!icmp_ln249 & icmp_ln253 & trunc_ln257 == 47)> <Delay = 0.00>
ST_1 : Operation 1095 [1/1] (0.00ns)   --->   "%store_ln257 = store i4 %inElem, i4 %inputBuf_V_46" [/home/miguel_tfg/FINN-v0.9-Stable/deps/finn-hlslib/mvau.hpp:257]   --->   Operation 1095 'store' 'store_ln257' <Predicate = (!icmp_ln249 & icmp_ln253 & trunc_ln257 == 46)> <Delay = 0.00>
ST_1 : Operation 1096 [1/1] (0.00ns)   --->   "%br_ln257 = br void %arrayidx.exit" [/home/miguel_tfg/FINN-v0.9-Stable/deps/finn-hlslib/mvau.hpp:257]   --->   Operation 1096 'br' 'br_ln257' <Predicate = (!icmp_ln249 & icmp_ln253 & trunc_ln257 == 46)> <Delay = 0.00>
ST_1 : Operation 1097 [1/1] (0.00ns)   --->   "%store_ln257 = store i4 %inElem, i4 %inputBuf_V_45" [/home/miguel_tfg/FINN-v0.9-Stable/deps/finn-hlslib/mvau.hpp:257]   --->   Operation 1097 'store' 'store_ln257' <Predicate = (!icmp_ln249 & icmp_ln253 & trunc_ln257 == 45)> <Delay = 0.00>
ST_1 : Operation 1098 [1/1] (0.00ns)   --->   "%br_ln257 = br void %arrayidx.exit" [/home/miguel_tfg/FINN-v0.9-Stable/deps/finn-hlslib/mvau.hpp:257]   --->   Operation 1098 'br' 'br_ln257' <Predicate = (!icmp_ln249 & icmp_ln253 & trunc_ln257 == 45)> <Delay = 0.00>
ST_1 : Operation 1099 [1/1] (0.00ns)   --->   "%store_ln257 = store i4 %inElem, i4 %inputBuf_V_44" [/home/miguel_tfg/FINN-v0.9-Stable/deps/finn-hlslib/mvau.hpp:257]   --->   Operation 1099 'store' 'store_ln257' <Predicate = (!icmp_ln249 & icmp_ln253 & trunc_ln257 == 44)> <Delay = 0.00>
ST_1 : Operation 1100 [1/1] (0.00ns)   --->   "%br_ln257 = br void %arrayidx.exit" [/home/miguel_tfg/FINN-v0.9-Stable/deps/finn-hlslib/mvau.hpp:257]   --->   Operation 1100 'br' 'br_ln257' <Predicate = (!icmp_ln249 & icmp_ln253 & trunc_ln257 == 44)> <Delay = 0.00>
ST_1 : Operation 1101 [1/1] (0.00ns)   --->   "%store_ln257 = store i4 %inElem, i4 %inputBuf_V_43" [/home/miguel_tfg/FINN-v0.9-Stable/deps/finn-hlslib/mvau.hpp:257]   --->   Operation 1101 'store' 'store_ln257' <Predicate = (!icmp_ln249 & icmp_ln253 & trunc_ln257 == 43)> <Delay = 0.00>
ST_1 : Operation 1102 [1/1] (0.00ns)   --->   "%br_ln257 = br void %arrayidx.exit" [/home/miguel_tfg/FINN-v0.9-Stable/deps/finn-hlslib/mvau.hpp:257]   --->   Operation 1102 'br' 'br_ln257' <Predicate = (!icmp_ln249 & icmp_ln253 & trunc_ln257 == 43)> <Delay = 0.00>
ST_1 : Operation 1103 [1/1] (0.00ns)   --->   "%store_ln257 = store i4 %inElem, i4 %inputBuf_V_42" [/home/miguel_tfg/FINN-v0.9-Stable/deps/finn-hlslib/mvau.hpp:257]   --->   Operation 1103 'store' 'store_ln257' <Predicate = (!icmp_ln249 & icmp_ln253 & trunc_ln257 == 42)> <Delay = 0.00>
ST_1 : Operation 1104 [1/1] (0.00ns)   --->   "%br_ln257 = br void %arrayidx.exit" [/home/miguel_tfg/FINN-v0.9-Stable/deps/finn-hlslib/mvau.hpp:257]   --->   Operation 1104 'br' 'br_ln257' <Predicate = (!icmp_ln249 & icmp_ln253 & trunc_ln257 == 42)> <Delay = 0.00>
ST_1 : Operation 1105 [1/1] (0.00ns)   --->   "%store_ln257 = store i4 %inElem, i4 %inputBuf_V_41" [/home/miguel_tfg/FINN-v0.9-Stable/deps/finn-hlslib/mvau.hpp:257]   --->   Operation 1105 'store' 'store_ln257' <Predicate = (!icmp_ln249 & icmp_ln253 & trunc_ln257 == 41)> <Delay = 0.00>
ST_1 : Operation 1106 [1/1] (0.00ns)   --->   "%br_ln257 = br void %arrayidx.exit" [/home/miguel_tfg/FINN-v0.9-Stable/deps/finn-hlslib/mvau.hpp:257]   --->   Operation 1106 'br' 'br_ln257' <Predicate = (!icmp_ln249 & icmp_ln253 & trunc_ln257 == 41)> <Delay = 0.00>
ST_1 : Operation 1107 [1/1] (0.00ns)   --->   "%store_ln257 = store i4 %inElem, i4 %inputBuf_V_40" [/home/miguel_tfg/FINN-v0.9-Stable/deps/finn-hlslib/mvau.hpp:257]   --->   Operation 1107 'store' 'store_ln257' <Predicate = (!icmp_ln249 & icmp_ln253 & trunc_ln257 == 40)> <Delay = 0.00>
ST_1 : Operation 1108 [1/1] (0.00ns)   --->   "%br_ln257 = br void %arrayidx.exit" [/home/miguel_tfg/FINN-v0.9-Stable/deps/finn-hlslib/mvau.hpp:257]   --->   Operation 1108 'br' 'br_ln257' <Predicate = (!icmp_ln249 & icmp_ln253 & trunc_ln257 == 40)> <Delay = 0.00>
ST_1 : Operation 1109 [1/1] (0.00ns)   --->   "%store_ln257 = store i4 %inElem, i4 %inputBuf_V_39" [/home/miguel_tfg/FINN-v0.9-Stable/deps/finn-hlslib/mvau.hpp:257]   --->   Operation 1109 'store' 'store_ln257' <Predicate = (!icmp_ln249 & icmp_ln253 & trunc_ln257 == 39)> <Delay = 0.00>
ST_1 : Operation 1110 [1/1] (0.00ns)   --->   "%br_ln257 = br void %arrayidx.exit" [/home/miguel_tfg/FINN-v0.9-Stable/deps/finn-hlslib/mvau.hpp:257]   --->   Operation 1110 'br' 'br_ln257' <Predicate = (!icmp_ln249 & icmp_ln253 & trunc_ln257 == 39)> <Delay = 0.00>
ST_1 : Operation 1111 [1/1] (0.00ns)   --->   "%store_ln257 = store i4 %inElem, i4 %inputBuf_V_38" [/home/miguel_tfg/FINN-v0.9-Stable/deps/finn-hlslib/mvau.hpp:257]   --->   Operation 1111 'store' 'store_ln257' <Predicate = (!icmp_ln249 & icmp_ln253 & trunc_ln257 == 38)> <Delay = 0.00>
ST_1 : Operation 1112 [1/1] (0.00ns)   --->   "%br_ln257 = br void %arrayidx.exit" [/home/miguel_tfg/FINN-v0.9-Stable/deps/finn-hlslib/mvau.hpp:257]   --->   Operation 1112 'br' 'br_ln257' <Predicate = (!icmp_ln249 & icmp_ln253 & trunc_ln257 == 38)> <Delay = 0.00>
ST_1 : Operation 1113 [1/1] (0.00ns)   --->   "%store_ln257 = store i4 %inElem, i4 %inputBuf_V_37" [/home/miguel_tfg/FINN-v0.9-Stable/deps/finn-hlslib/mvau.hpp:257]   --->   Operation 1113 'store' 'store_ln257' <Predicate = (!icmp_ln249 & icmp_ln253 & trunc_ln257 == 37)> <Delay = 0.00>
ST_1 : Operation 1114 [1/1] (0.00ns)   --->   "%br_ln257 = br void %arrayidx.exit" [/home/miguel_tfg/FINN-v0.9-Stable/deps/finn-hlslib/mvau.hpp:257]   --->   Operation 1114 'br' 'br_ln257' <Predicate = (!icmp_ln249 & icmp_ln253 & trunc_ln257 == 37)> <Delay = 0.00>
ST_1 : Operation 1115 [1/1] (0.00ns)   --->   "%store_ln257 = store i4 %inElem, i4 %inputBuf_V_36" [/home/miguel_tfg/FINN-v0.9-Stable/deps/finn-hlslib/mvau.hpp:257]   --->   Operation 1115 'store' 'store_ln257' <Predicate = (!icmp_ln249 & icmp_ln253 & trunc_ln257 == 36)> <Delay = 0.00>
ST_1 : Operation 1116 [1/1] (0.00ns)   --->   "%br_ln257 = br void %arrayidx.exit" [/home/miguel_tfg/FINN-v0.9-Stable/deps/finn-hlslib/mvau.hpp:257]   --->   Operation 1116 'br' 'br_ln257' <Predicate = (!icmp_ln249 & icmp_ln253 & trunc_ln257 == 36)> <Delay = 0.00>
ST_1 : Operation 1117 [1/1] (0.00ns)   --->   "%store_ln257 = store i4 %inElem, i4 %inputBuf_V_35" [/home/miguel_tfg/FINN-v0.9-Stable/deps/finn-hlslib/mvau.hpp:257]   --->   Operation 1117 'store' 'store_ln257' <Predicate = (!icmp_ln249 & icmp_ln253 & trunc_ln257 == 35)> <Delay = 0.00>
ST_1 : Operation 1118 [1/1] (0.00ns)   --->   "%br_ln257 = br void %arrayidx.exit" [/home/miguel_tfg/FINN-v0.9-Stable/deps/finn-hlslib/mvau.hpp:257]   --->   Operation 1118 'br' 'br_ln257' <Predicate = (!icmp_ln249 & icmp_ln253 & trunc_ln257 == 35)> <Delay = 0.00>
ST_1 : Operation 1119 [1/1] (0.00ns)   --->   "%store_ln257 = store i4 %inElem, i4 %inputBuf_V_34" [/home/miguel_tfg/FINN-v0.9-Stable/deps/finn-hlslib/mvau.hpp:257]   --->   Operation 1119 'store' 'store_ln257' <Predicate = (!icmp_ln249 & icmp_ln253 & trunc_ln257 == 34)> <Delay = 0.00>
ST_1 : Operation 1120 [1/1] (0.00ns)   --->   "%br_ln257 = br void %arrayidx.exit" [/home/miguel_tfg/FINN-v0.9-Stable/deps/finn-hlslib/mvau.hpp:257]   --->   Operation 1120 'br' 'br_ln257' <Predicate = (!icmp_ln249 & icmp_ln253 & trunc_ln257 == 34)> <Delay = 0.00>
ST_1 : Operation 1121 [1/1] (0.00ns)   --->   "%store_ln257 = store i4 %inElem, i4 %inputBuf_V_33" [/home/miguel_tfg/FINN-v0.9-Stable/deps/finn-hlslib/mvau.hpp:257]   --->   Operation 1121 'store' 'store_ln257' <Predicate = (!icmp_ln249 & icmp_ln253 & trunc_ln257 == 33)> <Delay = 0.00>
ST_1 : Operation 1122 [1/1] (0.00ns)   --->   "%br_ln257 = br void %arrayidx.exit" [/home/miguel_tfg/FINN-v0.9-Stable/deps/finn-hlslib/mvau.hpp:257]   --->   Operation 1122 'br' 'br_ln257' <Predicate = (!icmp_ln249 & icmp_ln253 & trunc_ln257 == 33)> <Delay = 0.00>
ST_1 : Operation 1123 [1/1] (0.00ns)   --->   "%store_ln257 = store i4 %inElem, i4 %inputBuf_V_32" [/home/miguel_tfg/FINN-v0.9-Stable/deps/finn-hlslib/mvau.hpp:257]   --->   Operation 1123 'store' 'store_ln257' <Predicate = (!icmp_ln249 & icmp_ln253 & trunc_ln257 == 32)> <Delay = 0.00>
ST_1 : Operation 1124 [1/1] (0.00ns)   --->   "%br_ln257 = br void %arrayidx.exit" [/home/miguel_tfg/FINN-v0.9-Stable/deps/finn-hlslib/mvau.hpp:257]   --->   Operation 1124 'br' 'br_ln257' <Predicate = (!icmp_ln249 & icmp_ln253 & trunc_ln257 == 32)> <Delay = 0.00>
ST_1 : Operation 1125 [1/1] (0.00ns)   --->   "%store_ln257 = store i4 %inElem, i4 %inputBuf_V_31" [/home/miguel_tfg/FINN-v0.9-Stable/deps/finn-hlslib/mvau.hpp:257]   --->   Operation 1125 'store' 'store_ln257' <Predicate = (!icmp_ln249 & icmp_ln253 & trunc_ln257 == 31)> <Delay = 0.00>
ST_1 : Operation 1126 [1/1] (0.00ns)   --->   "%br_ln257 = br void %arrayidx.exit" [/home/miguel_tfg/FINN-v0.9-Stable/deps/finn-hlslib/mvau.hpp:257]   --->   Operation 1126 'br' 'br_ln257' <Predicate = (!icmp_ln249 & icmp_ln253 & trunc_ln257 == 31)> <Delay = 0.00>
ST_1 : Operation 1127 [1/1] (0.00ns)   --->   "%store_ln257 = store i4 %inElem, i4 %inputBuf_V_30" [/home/miguel_tfg/FINN-v0.9-Stable/deps/finn-hlslib/mvau.hpp:257]   --->   Operation 1127 'store' 'store_ln257' <Predicate = (!icmp_ln249 & icmp_ln253 & trunc_ln257 == 30)> <Delay = 0.00>
ST_1 : Operation 1128 [1/1] (0.00ns)   --->   "%br_ln257 = br void %arrayidx.exit" [/home/miguel_tfg/FINN-v0.9-Stable/deps/finn-hlslib/mvau.hpp:257]   --->   Operation 1128 'br' 'br_ln257' <Predicate = (!icmp_ln249 & icmp_ln253 & trunc_ln257 == 30)> <Delay = 0.00>
ST_1 : Operation 1129 [1/1] (0.00ns)   --->   "%store_ln257 = store i4 %inElem, i4 %inputBuf_V_29" [/home/miguel_tfg/FINN-v0.9-Stable/deps/finn-hlslib/mvau.hpp:257]   --->   Operation 1129 'store' 'store_ln257' <Predicate = (!icmp_ln249 & icmp_ln253 & trunc_ln257 == 29)> <Delay = 0.00>
ST_1 : Operation 1130 [1/1] (0.00ns)   --->   "%br_ln257 = br void %arrayidx.exit" [/home/miguel_tfg/FINN-v0.9-Stable/deps/finn-hlslib/mvau.hpp:257]   --->   Operation 1130 'br' 'br_ln257' <Predicate = (!icmp_ln249 & icmp_ln253 & trunc_ln257 == 29)> <Delay = 0.00>
ST_1 : Operation 1131 [1/1] (0.00ns)   --->   "%store_ln257 = store i4 %inElem, i4 %inputBuf_V_28" [/home/miguel_tfg/FINN-v0.9-Stable/deps/finn-hlslib/mvau.hpp:257]   --->   Operation 1131 'store' 'store_ln257' <Predicate = (!icmp_ln249 & icmp_ln253 & trunc_ln257 == 28)> <Delay = 0.00>
ST_1 : Operation 1132 [1/1] (0.00ns)   --->   "%br_ln257 = br void %arrayidx.exit" [/home/miguel_tfg/FINN-v0.9-Stable/deps/finn-hlslib/mvau.hpp:257]   --->   Operation 1132 'br' 'br_ln257' <Predicate = (!icmp_ln249 & icmp_ln253 & trunc_ln257 == 28)> <Delay = 0.00>
ST_1 : Operation 1133 [1/1] (0.00ns)   --->   "%store_ln257 = store i4 %inElem, i4 %inputBuf_V_27" [/home/miguel_tfg/FINN-v0.9-Stable/deps/finn-hlslib/mvau.hpp:257]   --->   Operation 1133 'store' 'store_ln257' <Predicate = (!icmp_ln249 & icmp_ln253 & trunc_ln257 == 27)> <Delay = 0.00>
ST_1 : Operation 1134 [1/1] (0.00ns)   --->   "%br_ln257 = br void %arrayidx.exit" [/home/miguel_tfg/FINN-v0.9-Stable/deps/finn-hlslib/mvau.hpp:257]   --->   Operation 1134 'br' 'br_ln257' <Predicate = (!icmp_ln249 & icmp_ln253 & trunc_ln257 == 27)> <Delay = 0.00>
ST_1 : Operation 1135 [1/1] (0.00ns)   --->   "%store_ln257 = store i4 %inElem, i4 %inputBuf_V_26" [/home/miguel_tfg/FINN-v0.9-Stable/deps/finn-hlslib/mvau.hpp:257]   --->   Operation 1135 'store' 'store_ln257' <Predicate = (!icmp_ln249 & icmp_ln253 & trunc_ln257 == 26)> <Delay = 0.00>
ST_1 : Operation 1136 [1/1] (0.00ns)   --->   "%br_ln257 = br void %arrayidx.exit" [/home/miguel_tfg/FINN-v0.9-Stable/deps/finn-hlslib/mvau.hpp:257]   --->   Operation 1136 'br' 'br_ln257' <Predicate = (!icmp_ln249 & icmp_ln253 & trunc_ln257 == 26)> <Delay = 0.00>
ST_1 : Operation 1137 [1/1] (0.00ns)   --->   "%store_ln257 = store i4 %inElem, i4 %inputBuf_V_25" [/home/miguel_tfg/FINN-v0.9-Stable/deps/finn-hlslib/mvau.hpp:257]   --->   Operation 1137 'store' 'store_ln257' <Predicate = (!icmp_ln249 & icmp_ln253 & trunc_ln257 == 25)> <Delay = 0.00>
ST_1 : Operation 1138 [1/1] (0.00ns)   --->   "%br_ln257 = br void %arrayidx.exit" [/home/miguel_tfg/FINN-v0.9-Stable/deps/finn-hlslib/mvau.hpp:257]   --->   Operation 1138 'br' 'br_ln257' <Predicate = (!icmp_ln249 & icmp_ln253 & trunc_ln257 == 25)> <Delay = 0.00>
ST_1 : Operation 1139 [1/1] (0.00ns)   --->   "%store_ln257 = store i4 %inElem, i4 %inputBuf_V_24" [/home/miguel_tfg/FINN-v0.9-Stable/deps/finn-hlslib/mvau.hpp:257]   --->   Operation 1139 'store' 'store_ln257' <Predicate = (!icmp_ln249 & icmp_ln253 & trunc_ln257 == 24)> <Delay = 0.00>
ST_1 : Operation 1140 [1/1] (0.00ns)   --->   "%br_ln257 = br void %arrayidx.exit" [/home/miguel_tfg/FINN-v0.9-Stable/deps/finn-hlslib/mvau.hpp:257]   --->   Operation 1140 'br' 'br_ln257' <Predicate = (!icmp_ln249 & icmp_ln253 & trunc_ln257 == 24)> <Delay = 0.00>
ST_1 : Operation 1141 [1/1] (0.00ns)   --->   "%store_ln257 = store i4 %inElem, i4 %inputBuf_V_23" [/home/miguel_tfg/FINN-v0.9-Stable/deps/finn-hlslib/mvau.hpp:257]   --->   Operation 1141 'store' 'store_ln257' <Predicate = (!icmp_ln249 & icmp_ln253 & trunc_ln257 == 23)> <Delay = 0.00>
ST_1 : Operation 1142 [1/1] (0.00ns)   --->   "%br_ln257 = br void %arrayidx.exit" [/home/miguel_tfg/FINN-v0.9-Stable/deps/finn-hlslib/mvau.hpp:257]   --->   Operation 1142 'br' 'br_ln257' <Predicate = (!icmp_ln249 & icmp_ln253 & trunc_ln257 == 23)> <Delay = 0.00>
ST_1 : Operation 1143 [1/1] (0.00ns)   --->   "%store_ln257 = store i4 %inElem, i4 %inputBuf_V_22" [/home/miguel_tfg/FINN-v0.9-Stable/deps/finn-hlslib/mvau.hpp:257]   --->   Operation 1143 'store' 'store_ln257' <Predicate = (!icmp_ln249 & icmp_ln253 & trunc_ln257 == 22)> <Delay = 0.00>
ST_1 : Operation 1144 [1/1] (0.00ns)   --->   "%br_ln257 = br void %arrayidx.exit" [/home/miguel_tfg/FINN-v0.9-Stable/deps/finn-hlslib/mvau.hpp:257]   --->   Operation 1144 'br' 'br_ln257' <Predicate = (!icmp_ln249 & icmp_ln253 & trunc_ln257 == 22)> <Delay = 0.00>
ST_1 : Operation 1145 [1/1] (0.00ns)   --->   "%store_ln257 = store i4 %inElem, i4 %inputBuf_V_21" [/home/miguel_tfg/FINN-v0.9-Stable/deps/finn-hlslib/mvau.hpp:257]   --->   Operation 1145 'store' 'store_ln257' <Predicate = (!icmp_ln249 & icmp_ln253 & trunc_ln257 == 21)> <Delay = 0.00>
ST_1 : Operation 1146 [1/1] (0.00ns)   --->   "%br_ln257 = br void %arrayidx.exit" [/home/miguel_tfg/FINN-v0.9-Stable/deps/finn-hlslib/mvau.hpp:257]   --->   Operation 1146 'br' 'br_ln257' <Predicate = (!icmp_ln249 & icmp_ln253 & trunc_ln257 == 21)> <Delay = 0.00>
ST_1 : Operation 1147 [1/1] (0.00ns)   --->   "%store_ln257 = store i4 %inElem, i4 %inputBuf_V_20" [/home/miguel_tfg/FINN-v0.9-Stable/deps/finn-hlslib/mvau.hpp:257]   --->   Operation 1147 'store' 'store_ln257' <Predicate = (!icmp_ln249 & icmp_ln253 & trunc_ln257 == 20)> <Delay = 0.00>
ST_1 : Operation 1148 [1/1] (0.00ns)   --->   "%br_ln257 = br void %arrayidx.exit" [/home/miguel_tfg/FINN-v0.9-Stable/deps/finn-hlslib/mvau.hpp:257]   --->   Operation 1148 'br' 'br_ln257' <Predicate = (!icmp_ln249 & icmp_ln253 & trunc_ln257 == 20)> <Delay = 0.00>
ST_1 : Operation 1149 [1/1] (0.00ns)   --->   "%store_ln257 = store i4 %inElem, i4 %inputBuf_V_19" [/home/miguel_tfg/FINN-v0.9-Stable/deps/finn-hlslib/mvau.hpp:257]   --->   Operation 1149 'store' 'store_ln257' <Predicate = (!icmp_ln249 & icmp_ln253 & trunc_ln257 == 19)> <Delay = 0.00>
ST_1 : Operation 1150 [1/1] (0.00ns)   --->   "%br_ln257 = br void %arrayidx.exit" [/home/miguel_tfg/FINN-v0.9-Stable/deps/finn-hlslib/mvau.hpp:257]   --->   Operation 1150 'br' 'br_ln257' <Predicate = (!icmp_ln249 & icmp_ln253 & trunc_ln257 == 19)> <Delay = 0.00>
ST_1 : Operation 1151 [1/1] (0.00ns)   --->   "%store_ln257 = store i4 %inElem, i4 %inputBuf_V_18" [/home/miguel_tfg/FINN-v0.9-Stable/deps/finn-hlslib/mvau.hpp:257]   --->   Operation 1151 'store' 'store_ln257' <Predicate = (!icmp_ln249 & icmp_ln253 & trunc_ln257 == 18)> <Delay = 0.00>
ST_1 : Operation 1152 [1/1] (0.00ns)   --->   "%br_ln257 = br void %arrayidx.exit" [/home/miguel_tfg/FINN-v0.9-Stable/deps/finn-hlslib/mvau.hpp:257]   --->   Operation 1152 'br' 'br_ln257' <Predicate = (!icmp_ln249 & icmp_ln253 & trunc_ln257 == 18)> <Delay = 0.00>
ST_1 : Operation 1153 [1/1] (0.00ns)   --->   "%store_ln257 = store i4 %inElem, i4 %inputBuf_V_17" [/home/miguel_tfg/FINN-v0.9-Stable/deps/finn-hlslib/mvau.hpp:257]   --->   Operation 1153 'store' 'store_ln257' <Predicate = (!icmp_ln249 & icmp_ln253 & trunc_ln257 == 17)> <Delay = 0.00>
ST_1 : Operation 1154 [1/1] (0.00ns)   --->   "%br_ln257 = br void %arrayidx.exit" [/home/miguel_tfg/FINN-v0.9-Stable/deps/finn-hlslib/mvau.hpp:257]   --->   Operation 1154 'br' 'br_ln257' <Predicate = (!icmp_ln249 & icmp_ln253 & trunc_ln257 == 17)> <Delay = 0.00>
ST_1 : Operation 1155 [1/1] (0.00ns)   --->   "%store_ln257 = store i4 %inElem, i4 %inputBuf_V_16" [/home/miguel_tfg/FINN-v0.9-Stable/deps/finn-hlslib/mvau.hpp:257]   --->   Operation 1155 'store' 'store_ln257' <Predicate = (!icmp_ln249 & icmp_ln253 & trunc_ln257 == 16)> <Delay = 0.00>
ST_1 : Operation 1156 [1/1] (0.00ns)   --->   "%br_ln257 = br void %arrayidx.exit" [/home/miguel_tfg/FINN-v0.9-Stable/deps/finn-hlslib/mvau.hpp:257]   --->   Operation 1156 'br' 'br_ln257' <Predicate = (!icmp_ln249 & icmp_ln253 & trunc_ln257 == 16)> <Delay = 0.00>
ST_1 : Operation 1157 [1/1] (0.00ns)   --->   "%store_ln257 = store i4 %inElem, i4 %inputBuf_V_15" [/home/miguel_tfg/FINN-v0.9-Stable/deps/finn-hlslib/mvau.hpp:257]   --->   Operation 1157 'store' 'store_ln257' <Predicate = (!icmp_ln249 & icmp_ln253 & trunc_ln257 == 15)> <Delay = 0.00>
ST_1 : Operation 1158 [1/1] (0.00ns)   --->   "%br_ln257 = br void %arrayidx.exit" [/home/miguel_tfg/FINN-v0.9-Stable/deps/finn-hlslib/mvau.hpp:257]   --->   Operation 1158 'br' 'br_ln257' <Predicate = (!icmp_ln249 & icmp_ln253 & trunc_ln257 == 15)> <Delay = 0.00>
ST_1 : Operation 1159 [1/1] (0.00ns)   --->   "%store_ln257 = store i4 %inElem, i4 %inputBuf_V_14" [/home/miguel_tfg/FINN-v0.9-Stable/deps/finn-hlslib/mvau.hpp:257]   --->   Operation 1159 'store' 'store_ln257' <Predicate = (!icmp_ln249 & icmp_ln253 & trunc_ln257 == 14)> <Delay = 0.00>
ST_1 : Operation 1160 [1/1] (0.00ns)   --->   "%br_ln257 = br void %arrayidx.exit" [/home/miguel_tfg/FINN-v0.9-Stable/deps/finn-hlslib/mvau.hpp:257]   --->   Operation 1160 'br' 'br_ln257' <Predicate = (!icmp_ln249 & icmp_ln253 & trunc_ln257 == 14)> <Delay = 0.00>
ST_1 : Operation 1161 [1/1] (0.00ns)   --->   "%store_ln257 = store i4 %inElem, i4 %inputBuf_V_13" [/home/miguel_tfg/FINN-v0.9-Stable/deps/finn-hlslib/mvau.hpp:257]   --->   Operation 1161 'store' 'store_ln257' <Predicate = (!icmp_ln249 & icmp_ln253 & trunc_ln257 == 13)> <Delay = 0.00>
ST_1 : Operation 1162 [1/1] (0.00ns)   --->   "%br_ln257 = br void %arrayidx.exit" [/home/miguel_tfg/FINN-v0.9-Stable/deps/finn-hlslib/mvau.hpp:257]   --->   Operation 1162 'br' 'br_ln257' <Predicate = (!icmp_ln249 & icmp_ln253 & trunc_ln257 == 13)> <Delay = 0.00>
ST_1 : Operation 1163 [1/1] (0.00ns)   --->   "%store_ln257 = store i4 %inElem, i4 %inputBuf_V_12" [/home/miguel_tfg/FINN-v0.9-Stable/deps/finn-hlslib/mvau.hpp:257]   --->   Operation 1163 'store' 'store_ln257' <Predicate = (!icmp_ln249 & icmp_ln253 & trunc_ln257 == 12)> <Delay = 0.00>
ST_1 : Operation 1164 [1/1] (0.00ns)   --->   "%br_ln257 = br void %arrayidx.exit" [/home/miguel_tfg/FINN-v0.9-Stable/deps/finn-hlslib/mvau.hpp:257]   --->   Operation 1164 'br' 'br_ln257' <Predicate = (!icmp_ln249 & icmp_ln253 & trunc_ln257 == 12)> <Delay = 0.00>
ST_1 : Operation 1165 [1/1] (0.00ns)   --->   "%store_ln257 = store i4 %inElem, i4 %inputBuf_V_11" [/home/miguel_tfg/FINN-v0.9-Stable/deps/finn-hlslib/mvau.hpp:257]   --->   Operation 1165 'store' 'store_ln257' <Predicate = (!icmp_ln249 & icmp_ln253 & trunc_ln257 == 11)> <Delay = 0.00>
ST_1 : Operation 1166 [1/1] (0.00ns)   --->   "%br_ln257 = br void %arrayidx.exit" [/home/miguel_tfg/FINN-v0.9-Stable/deps/finn-hlslib/mvau.hpp:257]   --->   Operation 1166 'br' 'br_ln257' <Predicate = (!icmp_ln249 & icmp_ln253 & trunc_ln257 == 11)> <Delay = 0.00>
ST_1 : Operation 1167 [1/1] (0.00ns)   --->   "%store_ln257 = store i4 %inElem, i4 %inputBuf_V_10" [/home/miguel_tfg/FINN-v0.9-Stable/deps/finn-hlslib/mvau.hpp:257]   --->   Operation 1167 'store' 'store_ln257' <Predicate = (!icmp_ln249 & icmp_ln253 & trunc_ln257 == 10)> <Delay = 0.00>
ST_1 : Operation 1168 [1/1] (0.00ns)   --->   "%br_ln257 = br void %arrayidx.exit" [/home/miguel_tfg/FINN-v0.9-Stable/deps/finn-hlslib/mvau.hpp:257]   --->   Operation 1168 'br' 'br_ln257' <Predicate = (!icmp_ln249 & icmp_ln253 & trunc_ln257 == 10)> <Delay = 0.00>
ST_1 : Operation 1169 [1/1] (0.00ns)   --->   "%store_ln257 = store i4 %inElem, i4 %inputBuf_V_9" [/home/miguel_tfg/FINN-v0.9-Stable/deps/finn-hlslib/mvau.hpp:257]   --->   Operation 1169 'store' 'store_ln257' <Predicate = (!icmp_ln249 & icmp_ln253 & trunc_ln257 == 9)> <Delay = 0.00>
ST_1 : Operation 1170 [1/1] (0.00ns)   --->   "%br_ln257 = br void %arrayidx.exit" [/home/miguel_tfg/FINN-v0.9-Stable/deps/finn-hlslib/mvau.hpp:257]   --->   Operation 1170 'br' 'br_ln257' <Predicate = (!icmp_ln249 & icmp_ln253 & trunc_ln257 == 9)> <Delay = 0.00>
ST_1 : Operation 1171 [1/1] (0.00ns)   --->   "%store_ln257 = store i4 %inElem, i4 %inputBuf_V_8" [/home/miguel_tfg/FINN-v0.9-Stable/deps/finn-hlslib/mvau.hpp:257]   --->   Operation 1171 'store' 'store_ln257' <Predicate = (!icmp_ln249 & icmp_ln253 & trunc_ln257 == 8)> <Delay = 0.00>
ST_1 : Operation 1172 [1/1] (0.00ns)   --->   "%br_ln257 = br void %arrayidx.exit" [/home/miguel_tfg/FINN-v0.9-Stable/deps/finn-hlslib/mvau.hpp:257]   --->   Operation 1172 'br' 'br_ln257' <Predicate = (!icmp_ln249 & icmp_ln253 & trunc_ln257 == 8)> <Delay = 0.00>
ST_1 : Operation 1173 [1/1] (0.00ns)   --->   "%store_ln257 = store i4 %inElem, i4 %inputBuf_V_7" [/home/miguel_tfg/FINN-v0.9-Stable/deps/finn-hlslib/mvau.hpp:257]   --->   Operation 1173 'store' 'store_ln257' <Predicate = (!icmp_ln249 & icmp_ln253 & trunc_ln257 == 7)> <Delay = 0.00>
ST_1 : Operation 1174 [1/1] (0.00ns)   --->   "%br_ln257 = br void %arrayidx.exit" [/home/miguel_tfg/FINN-v0.9-Stable/deps/finn-hlslib/mvau.hpp:257]   --->   Operation 1174 'br' 'br_ln257' <Predicate = (!icmp_ln249 & icmp_ln253 & trunc_ln257 == 7)> <Delay = 0.00>
ST_1 : Operation 1175 [1/1] (0.00ns)   --->   "%store_ln257 = store i4 %inElem, i4 %inputBuf_V_6" [/home/miguel_tfg/FINN-v0.9-Stable/deps/finn-hlslib/mvau.hpp:257]   --->   Operation 1175 'store' 'store_ln257' <Predicate = (!icmp_ln249 & icmp_ln253 & trunc_ln257 == 6)> <Delay = 0.00>
ST_1 : Operation 1176 [1/1] (0.00ns)   --->   "%br_ln257 = br void %arrayidx.exit" [/home/miguel_tfg/FINN-v0.9-Stable/deps/finn-hlslib/mvau.hpp:257]   --->   Operation 1176 'br' 'br_ln257' <Predicate = (!icmp_ln249 & icmp_ln253 & trunc_ln257 == 6)> <Delay = 0.00>
ST_1 : Operation 1177 [1/1] (0.00ns)   --->   "%store_ln257 = store i4 %inElem, i4 %inputBuf_V_5" [/home/miguel_tfg/FINN-v0.9-Stable/deps/finn-hlslib/mvau.hpp:257]   --->   Operation 1177 'store' 'store_ln257' <Predicate = (!icmp_ln249 & icmp_ln253 & trunc_ln257 == 5)> <Delay = 0.00>
ST_1 : Operation 1178 [1/1] (0.00ns)   --->   "%br_ln257 = br void %arrayidx.exit" [/home/miguel_tfg/FINN-v0.9-Stable/deps/finn-hlslib/mvau.hpp:257]   --->   Operation 1178 'br' 'br_ln257' <Predicate = (!icmp_ln249 & icmp_ln253 & trunc_ln257 == 5)> <Delay = 0.00>
ST_1 : Operation 1179 [1/1] (0.00ns)   --->   "%store_ln257 = store i4 %inElem, i4 %inputBuf_V_4" [/home/miguel_tfg/FINN-v0.9-Stable/deps/finn-hlslib/mvau.hpp:257]   --->   Operation 1179 'store' 'store_ln257' <Predicate = (!icmp_ln249 & icmp_ln253 & trunc_ln257 == 4)> <Delay = 0.00>
ST_1 : Operation 1180 [1/1] (0.00ns)   --->   "%br_ln257 = br void %arrayidx.exit" [/home/miguel_tfg/FINN-v0.9-Stable/deps/finn-hlslib/mvau.hpp:257]   --->   Operation 1180 'br' 'br_ln257' <Predicate = (!icmp_ln249 & icmp_ln253 & trunc_ln257 == 4)> <Delay = 0.00>
ST_1 : Operation 1181 [1/1] (0.00ns)   --->   "%store_ln257 = store i4 %inElem, i4 %inputBuf_V_3" [/home/miguel_tfg/FINN-v0.9-Stable/deps/finn-hlslib/mvau.hpp:257]   --->   Operation 1181 'store' 'store_ln257' <Predicate = (!icmp_ln249 & icmp_ln253 & trunc_ln257 == 3)> <Delay = 0.00>
ST_1 : Operation 1182 [1/1] (0.00ns)   --->   "%br_ln257 = br void %arrayidx.exit" [/home/miguel_tfg/FINN-v0.9-Stable/deps/finn-hlslib/mvau.hpp:257]   --->   Operation 1182 'br' 'br_ln257' <Predicate = (!icmp_ln249 & icmp_ln253 & trunc_ln257 == 3)> <Delay = 0.00>
ST_1 : Operation 1183 [1/1] (0.00ns)   --->   "%store_ln257 = store i4 %inElem, i4 %inputBuf_V_2" [/home/miguel_tfg/FINN-v0.9-Stable/deps/finn-hlslib/mvau.hpp:257]   --->   Operation 1183 'store' 'store_ln257' <Predicate = (!icmp_ln249 & icmp_ln253 & trunc_ln257 == 2)> <Delay = 0.00>
ST_1 : Operation 1184 [1/1] (0.00ns)   --->   "%br_ln257 = br void %arrayidx.exit" [/home/miguel_tfg/FINN-v0.9-Stable/deps/finn-hlslib/mvau.hpp:257]   --->   Operation 1184 'br' 'br_ln257' <Predicate = (!icmp_ln249 & icmp_ln253 & trunc_ln257 == 2)> <Delay = 0.00>
ST_1 : Operation 1185 [1/1] (0.00ns)   --->   "%store_ln257 = store i4 %inElem, i4 %inputBuf_V_1" [/home/miguel_tfg/FINN-v0.9-Stable/deps/finn-hlslib/mvau.hpp:257]   --->   Operation 1185 'store' 'store_ln257' <Predicate = (!icmp_ln249 & icmp_ln253 & trunc_ln257 == 1)> <Delay = 0.00>
ST_1 : Operation 1186 [1/1] (0.00ns)   --->   "%br_ln257 = br void %arrayidx.exit" [/home/miguel_tfg/FINN-v0.9-Stable/deps/finn-hlslib/mvau.hpp:257]   --->   Operation 1186 'br' 'br_ln257' <Predicate = (!icmp_ln249 & icmp_ln253 & trunc_ln257 == 1)> <Delay = 0.00>
ST_1 : Operation 1187 [1/1] (0.00ns)   --->   "%store_ln257 = store i4 %inElem, i4 %inputBuf_V" [/home/miguel_tfg/FINN-v0.9-Stable/deps/finn-hlslib/mvau.hpp:257]   --->   Operation 1187 'store' 'store_ln257' <Predicate = (!icmp_ln249 & icmp_ln253 & trunc_ln257 == 0)> <Delay = 0.00>
ST_1 : Operation 1188 [1/1] (0.00ns)   --->   "%br_ln257 = br void %arrayidx.exit" [/home/miguel_tfg/FINN-v0.9-Stable/deps/finn-hlslib/mvau.hpp:257]   --->   Operation 1188 'br' 'br_ln257' <Predicate = (!icmp_ln249 & icmp_ln253 & trunc_ln257 == 0)> <Delay = 0.00>
ST_1 : Operation 1189 [1/1] (0.00ns)   --->   "%store_ln257 = store i4 %inElem, i4 %inputBuf_V_287" [/home/miguel_tfg/FINN-v0.9-Stable/deps/finn-hlslib/mvau.hpp:257]   --->   Operation 1189 'store' 'store_ln257' <Predicate = 290.000000 bdd nodes> <Delay = 0.00>
ST_1 : Operation 1190 [1/1] (0.00ns)   --->   "%br_ln257 = br void %arrayidx.exit" [/home/miguel_tfg/FINN-v0.9-Stable/deps/finn-hlslib/mvau.hpp:257]   --->   Operation 1190 'br' 'br_ln257' <Predicate = 290.000000 bdd nodes> <Delay = 0.00>
ST_1 : Operation 1191 [1/1] (0.00ns)   --->   "%weights_V_read = read i8 @_ssdm_op_Read.axis.volatile.i8P128A, i8 %weights_V" [/home/miguel_tfg/FINN-v0.9-Stable/deps/finn-hlslib/mvau.hpp:265]   --->   Operation 1191 'read' 'weights_V_read' <Predicate = (!icmp_ln249)> <Delay = 0.00> <CoreInst = "axis">   --->   Core 115 'axis' <Latency = 0> <II = 1> <Delay = 1.00> <Adapter> <Opcode : >
ST_1 : Operation 1192 [1/1] (0.00ns)   --->   "%W_packed_V = trunc i8 %weights_V_read" [/home/miguel_tfg/FINN-v0.9-Stable/deps/finn-hlslib/mvau.hpp:265]   --->   Operation 1192 'trunc' 'W_packed_V' <Predicate = (!icmp_ln249)> <Delay = 0.00>
ST_1 : Operation 1193 [1/1] (2.47ns)   --->   "%icmp_ln272 = icmp_eq  i32 %sf_1, i32 0" [/home/miguel_tfg/FINN-v0.9-Stable/deps/finn-hlslib/mvau.hpp:272]   --->   Operation 1193 'icmp' 'icmp_ln272' <Predicate = (!icmp_ln249)> <Delay = 2.47> <CoreInst = "Cmp">   --->   Core 9 'Cmp' <Latency = 0> <II = 1> <Delay = 2.47> <FuncUnit> <Opcode : 'icmp'> <InPorts = 2> <OutPorts = 1>
ST_1 : Operation 1194 [1/1] (2.55ns)   --->   "%sf_2 = add i32 %sf_1, i32 1" [/home/miguel_tfg/FINN-v0.9-Stable/deps/finn-hlslib/mvau.hpp:290]   --->   Operation 1194 'add' 'sf_2' <Predicate = (!icmp_ln249)> <Delay = 2.55> <CoreInst = "Adder">   --->   Core 1 'Adder' <Latency = 0> <II = 1> <Delay = 2.55> <FuncUnit> <Opcode : 'add' 'sub'> <InPorts = 2> <OutPorts = 1>
ST_1 : Operation 1195 [1/1] (2.47ns)   --->   "%icmp_ln290 = icmp_eq  i32 %sf_2, i32 288" [/home/miguel_tfg/FINN-v0.9-Stable/deps/finn-hlslib/mvau.hpp:290]   --->   Operation 1195 'icmp' 'icmp_ln290' <Predicate = (!icmp_ln249)> <Delay = 2.47> <CoreInst = "Cmp">   --->   Core 9 'Cmp' <Latency = 0> <II = 1> <Delay = 2.47> <FuncUnit> <Opcode : 'icmp'> <InPorts = 2> <OutPorts = 1>
ST_1 : Operation 1196 [1/1] (0.00ns)   --->   "%br_ln290 = br i1 %icmp_ln290, void %fpga_resource_hint.for.inc.0.for.inc90_crit_edge, void %for.body.i" [/home/miguel_tfg/FINN-v0.9-Stable/deps/finn-hlslib/mvau.hpp:290]   --->   Operation 1196 'br' 'br_ln290' <Predicate = (!icmp_ln249)> <Delay = 0.00>
ST_1 : Operation 1197 [1/1] (1.58ns)   --->   "%store_ln290 = store i32 %sf_2, i32 %sf" [/home/miguel_tfg/FINN-v0.9-Stable/deps/finn-hlslib/mvau.hpp:290]   --->   Operation 1197 'store' 'store_ln290' <Predicate = (!icmp_ln249 & !icmp_ln290)> <Delay = 1.58>
ST_1 : Operation 1198 [1/1] (0.00ns)   --->   "%br_ln290 = br void %for.inc90" [/home/miguel_tfg/FINN-v0.9-Stable/deps/finn-hlslib/mvau.hpp:290]   --->   Operation 1198 'br' 'br_ln290' <Predicate = (!icmp_ln249 & !icmp_ln290)> <Delay = 0.00>
ST_1 : Operation 1199 [1/1] (2.55ns)   --->   "%nf = add i32 %nf_2, i32 1" [/home/miguel_tfg/FINN-v0.9-Stable/deps/finn-hlslib/mvau.hpp:302]   --->   Operation 1199 'add' 'nf' <Predicate = (!icmp_ln249 & icmp_ln290)> <Delay = 2.55> <CoreInst = "Adder">   --->   Core 1 'Adder' <Latency = 0> <II = 1> <Delay = 2.55> <FuncUnit> <Opcode : 'add' 'sub'> <InPorts = 2> <OutPorts = 1>
ST_1 : Operation 1200 [1/1] (2.47ns)   --->   "%icmp_ln302 = icmp_eq  i32 %nf, i32 64" [/home/miguel_tfg/FINN-v0.9-Stable/deps/finn-hlslib/mvau.hpp:302]   --->   Operation 1200 'icmp' 'icmp_ln302' <Predicate = (!icmp_ln249 & icmp_ln290)> <Delay = 2.47> <CoreInst = "Cmp">   --->   Core 9 'Cmp' <Latency = 0> <II = 1> <Delay = 2.47> <FuncUnit> <Opcode : 'icmp'> <InPorts = 2> <OutPorts = 1>
ST_1 : Operation 1201 [1/1] (0.69ns)   --->   "%nf_3 = select i1 %icmp_ln302, i32 0, i32 %nf" [/home/miguel_tfg/FINN-v0.9-Stable/deps/finn-hlslib/mvau.hpp:302]   --->   Operation 1201 'select' 'nf_3' <Predicate = (!icmp_ln249 & icmp_ln290)> <Delay = 0.69> <CoreInst = "Sel">   --->   Core 73 'Sel' <Latency = 0> <II = 1> <Delay = 0.69> <FuncUnit> <Opcode : 'select'> <InPorts = 3> <OutPorts = 1>
ST_1 : Operation 1202 [1/1] (1.58ns)   --->   "%store_ln306 = store i32 %nf_3, i32 %nf_1" [/home/miguel_tfg/FINN-v0.9-Stable/deps/finn-hlslib/mvau.hpp:306]   --->   Operation 1202 'store' 'store_ln306' <Predicate = (!icmp_ln249 & icmp_ln290)> <Delay = 1.58>
ST_1 : Operation 1203 [1/1] (1.58ns)   --->   "%store_ln306 = store i32 0, i32 %sf" [/home/miguel_tfg/FINN-v0.9-Stable/deps/finn-hlslib/mvau.hpp:306]   --->   Operation 1203 'store' 'store_ln306' <Predicate = (!icmp_ln249 & icmp_ln290)> <Delay = 1.58>
ST_1 : Operation 1204 [1/1] (1.58ns)   --->   "%store_ln249 = store i23 %i_2, i23 %i" [/home/miguel_tfg/FINN-v0.9-Stable/deps/finn-hlslib/mvau.hpp:249]   --->   Operation 1204 'store' 'store_ln249' <Predicate = (!icmp_ln249)> <Delay = 1.58>

State 2 <SV = 1> <Delay = 2.63>
ST_2 : Operation 1205 [1/1] (1.58ns)   --->   "%br_ln258 = br void %fpga_resource_hint.for.inc.0" [/home/miguel_tfg/FINN-v0.9-Stable/deps/finn-hlslib/mvau.hpp:258]   --->   Operation 1205 'br' 'br_ln258' <Predicate = (!icmp_ln249 & icmp_ln253)> <Delay = 1.58>
ST_2 : Operation 1206 [1/1] (0.00ns)   --->   "%inElem_1 = phi i4 %inElem, void %arrayidx.exit, i4 %tmp, void %if.else"   --->   Operation 1206 'phi' 'inElem_1' <Predicate = (!icmp_ln249)> <Delay = 0.00>
ST_2 : Operation 1207 [1/1] (0.00ns)   --->   "%sext_ln1494 = sext i4 %W_packed_V"   --->   Operation 1207 'sext' 'sext_ln1494' <Predicate = (!icmp_ln249)> <Delay = 0.00>
ST_2 : Operation 1208 [1/1] (0.00ns)   --->   "%zext_ln1494 = zext i4 %inElem_1"   --->   Operation 1208 'zext' 'zext_ln1494' <Predicate = (!icmp_ln249)> <Delay = 0.00>
ST_2 : Operation 1209 [3/3] (1.05ns) (grouped into DSP with root node add_ln840)   --->   "%ret_V = mul i8 %zext_ln1494, i8 %sext_ln1494"   --->   Operation 1209 'mul' 'ret_V' <Predicate = (!icmp_ln249)> <Delay = 1.05> <CoreInst = "DSP48">   --->   Core 119 'DSP48' <Latency = 3> <II = 1> <Delay = 2.15> <IPBlock> <Opcode : 'mul' 'add' 'sub' 'select'> <InPorts = 0> <OutPorts = 1> <Sync> <CReg>

State 3 <SV = 2> <Delay = 1.05>
ST_3 : Operation 1210 [2/3] (1.05ns) (grouped into DSP with root node add_ln840)   --->   "%ret_V = mul i8 %zext_ln1494, i8 %sext_ln1494"   --->   Operation 1210 'mul' 'ret_V' <Predicate = (!icmp_ln249)> <Delay = 1.05> <CoreInst = "DSP48">   --->   Core 119 'DSP48' <Latency = 3> <II = 1> <Delay = 2.15> <IPBlock> <Opcode : 'mul' 'add' 'sub' 'select'> <InPorts = 0> <OutPorts = 1> <Sync> <CReg>

State 4 <SV = 3> <Delay = 2.80>
ST_4 : Operation 1211 [1/1] (0.00ns)   --->   "%add_i4_i338_load = load i14 %add_i4_i338" [/home/miguel_tfg/FINN-v0.9-Stable/deps/finn-hlslib/mvau.hpp:272]   --->   Operation 1211 'load' 'add_i4_i338_load' <Predicate = (!icmp_ln249 & !icmp_ln272)> <Delay = 0.00>
ST_4 : Operation 1212 [1/1] (0.70ns)   --->   "%select_ln272 = select i1 %icmp_ln272, i14 0, i14 %add_i4_i338_load" [/home/miguel_tfg/FINN-v0.9-Stable/deps/finn-hlslib/mvau.hpp:272]   --->   Operation 1212 'select' 'select_ln272' <Predicate = (!icmp_ln249)> <Delay = 0.70> <CoreInst = "Sel">   --->   Core 73 'Sel' <Latency = 0> <II = 1> <Delay = 0.70> <FuncUnit> <Opcode : 'select'> <InPorts = 3> <OutPorts = 1>
ST_4 : Operation 1213 [1/3] (0.00ns) (grouped into DSP with root node add_ln840)   --->   "%ret_V = mul i8 %zext_ln1494, i8 %sext_ln1494"   --->   Operation 1213 'mul' 'ret_V' <Predicate = (!icmp_ln249)> <Delay = 0.00> <CoreInst = "DSP48">   --->   Core 119 'DSP48' <Latency = 3> <II = 1> <Delay = 2.15> <IPBlock> <Opcode : 'mul' 'add' 'sub' 'select'> <InPorts = 0> <OutPorts = 1> <Sync> <CReg>
ST_4 : Operation 1214 [1/1] (0.00ns)   --->   "%specfucore_ln142 = specfucore void @_ssdm_op_SpecFUCore, i8 %ret_V, i64 12, i64 3, i64 18446744073709551615" [/home/miguel_tfg/FINN-v0.9-Stable/deps/finn-hlslib/mac.hpp:142]   --->   Operation 1214 'specfucore' 'specfucore_ln142' <Predicate = (!icmp_ln249)> <Delay = 0.00>
ST_4 : Operation 1215 [1/1] (0.00ns) (grouped into DSP with root node add_ln840)   --->   "%sext_ln840 = sext i8 %ret_V"   --->   Operation 1215 'sext' 'sext_ln840' <Predicate = (!icmp_ln249)> <Delay = 0.00>
ST_4 : Operation 1216 [2/2] (2.10ns) (root node of the DSP)   --->   "%add_ln840 = add i14 %select_ln272, i14 %sext_ln840"   --->   Operation 1216 'add' 'add_ln840' <Predicate = (!icmp_ln249)> <Delay = 2.10> <CoreInst = "DSP48">   --->   Core 119 'DSP48' <Latency = 3> <II = 1> <Delay = 2.15> <IPBlock> <Opcode : 'mul' 'add' 'sub' 'select'> <InPorts = 0> <OutPorts = 1> <Sync> <CReg>
ST_4 : Operation 1217 [1/1] (0.00ns)   --->   "%idxprom2_i = zext i32 %nf_2" [/home/miguel_tfg/FINN-v0.9-Stable/deps/finn-hlslib/mvau.hpp:302]   --->   Operation 1217 'zext' 'idxprom2_i' <Predicate = (!icmp_ln249 & icmp_ln290)> <Delay = 0.00>
ST_4 : Operation 1218 [1/1] (0.00ns)   --->   "%p_ZL7threshs_0_addr = getelementptr i7 %p_ZL7threshs_0, i64 0, i64 %idxprom2_i" [/home/miguel_tfg/FINN-v0.9-Stable/deps/finn-hlslib/activations.hpp:218]   --->   Operation 1218 'getelementptr' 'p_ZL7threshs_0_addr' <Predicate = (!icmp_ln249 & icmp_ln290)> <Delay = 0.00>
ST_4 : Operation 1219 [2/2] (2.32ns)   --->   "%p_ZL7threshs_0_load = load i6 %p_ZL7threshs_0_addr"   --->   Operation 1219 'load' 'p_ZL7threshs_0_load' <Predicate = (!icmp_ln249 & icmp_ln290)> <Delay = 2.32> <CoreInst = "ROM">   --->   Core 95 'ROM' <Latency = 1> <II = 1> <Delay = 2.32> <Storage> <Opcode : 'load'> <Ports = 0> <Width = 7> <Depth = 64> <ROM>
ST_4 : Operation 1220 [1/1] (0.00ns)   --->   "%p_ZL7threshs_1_addr = getelementptr i8 %p_ZL7threshs_1, i64 0, i64 %idxprom2_i" [/home/miguel_tfg/FINN-v0.9-Stable/deps/finn-hlslib/activations.hpp:218]   --->   Operation 1220 'getelementptr' 'p_ZL7threshs_1_addr' <Predicate = (!icmp_ln249 & icmp_ln290)> <Delay = 0.00>
ST_4 : Operation 1221 [2/2] (2.32ns)   --->   "%p_ZL7threshs_1_load = load i6 %p_ZL7threshs_1_addr"   --->   Operation 1221 'load' 'p_ZL7threshs_1_load' <Predicate = (!icmp_ln249 & icmp_ln290)> <Delay = 2.32> <CoreInst = "ROM">   --->   Core 95 'ROM' <Latency = 1> <II = 1> <Delay = 2.32> <Storage> <Opcode : 'load'> <Ports = 0> <Width = 8> <Depth = 64> <ROM>
ST_4 : Operation 1222 [1/1] (0.00ns)   --->   "%p_ZL7threshs_2_addr = getelementptr i9 %p_ZL7threshs_2, i64 0, i64 %idxprom2_i" [/home/miguel_tfg/FINN-v0.9-Stable/deps/finn-hlslib/activations.hpp:218]   --->   Operation 1222 'getelementptr' 'p_ZL7threshs_2_addr' <Predicate = (!icmp_ln249 & icmp_ln290)> <Delay = 0.00>
ST_4 : Operation 1223 [2/2] (2.32ns)   --->   "%p_ZL7threshs_2_load = load i6 %p_ZL7threshs_2_addr"   --->   Operation 1223 'load' 'p_ZL7threshs_2_load' <Predicate = (!icmp_ln249 & icmp_ln290)> <Delay = 2.32> <CoreInst = "ROM">   --->   Core 95 'ROM' <Latency = 1> <II = 1> <Delay = 2.32> <Storage> <Opcode : 'load'> <Ports = 0> <Width = 9> <Depth = 64> <ROM>
ST_4 : Operation 1224 [1/1] (0.00ns)   --->   "%p_ZL7threshs_3_addr = getelementptr i9 %p_ZL7threshs_3, i64 0, i64 %idxprom2_i" [/home/miguel_tfg/FINN-v0.9-Stable/deps/finn-hlslib/activations.hpp:218]   --->   Operation 1224 'getelementptr' 'p_ZL7threshs_3_addr' <Predicate = (!icmp_ln249 & icmp_ln290)> <Delay = 0.00>
ST_4 : Operation 1225 [2/2] (2.32ns)   --->   "%p_ZL7threshs_3_load = load i6 %p_ZL7threshs_3_addr"   --->   Operation 1225 'load' 'p_ZL7threshs_3_load' <Predicate = (!icmp_ln249 & icmp_ln290)> <Delay = 2.32> <CoreInst = "ROM">   --->   Core 95 'ROM' <Latency = 1> <II = 1> <Delay = 2.32> <Storage> <Opcode : 'load'> <Ports = 0> <Width = 9> <Depth = 64> <ROM>
ST_4 : Operation 1226 [1/1] (0.00ns)   --->   "%p_ZL7threshs_4_addr = getelementptr i8 %p_ZL7threshs_4, i64 0, i64 %idxprom2_i" [/home/miguel_tfg/FINN-v0.9-Stable/deps/finn-hlslib/activations.hpp:218]   --->   Operation 1226 'getelementptr' 'p_ZL7threshs_4_addr' <Predicate = (!icmp_ln249 & icmp_ln290)> <Delay = 0.00>
ST_4 : Operation 1227 [2/2] (2.32ns)   --->   "%p_ZL7threshs_4_load = load i6 %p_ZL7threshs_4_addr"   --->   Operation 1227 'load' 'p_ZL7threshs_4_load' <Predicate = (!icmp_ln249 & icmp_ln290)> <Delay = 2.32> <CoreInst = "ROM">   --->   Core 95 'ROM' <Latency = 1> <II = 1> <Delay = 2.32> <Storage> <Opcode : 'load'> <Ports = 0> <Width = 8> <Depth = 64> <ROM>
ST_4 : Operation 1228 [1/1] (0.00ns)   --->   "%p_ZL7threshs_5_addr = getelementptr i10 %p_ZL7threshs_5, i64 0, i64 %idxprom2_i" [/home/miguel_tfg/FINN-v0.9-Stable/deps/finn-hlslib/activations.hpp:218]   --->   Operation 1228 'getelementptr' 'p_ZL7threshs_5_addr' <Predicate = (!icmp_ln249 & icmp_ln290)> <Delay = 0.00>
ST_4 : Operation 1229 [2/2] (2.32ns)   --->   "%p_ZL7threshs_5_load = load i6 %p_ZL7threshs_5_addr"   --->   Operation 1229 'load' 'p_ZL7threshs_5_load' <Predicate = (!icmp_ln249 & icmp_ln290)> <Delay = 2.32> <CoreInst = "ROM">   --->   Core 95 'ROM' <Latency = 1> <II = 1> <Delay = 2.32> <Storage> <Opcode : 'load'> <Ports = 0> <Width = 10> <Depth = 64> <ROM>
ST_4 : Operation 1230 [1/1] (0.00ns)   --->   "%p_ZL7threshs_6_addr = getelementptr i10 %p_ZL7threshs_6, i64 0, i64 %idxprom2_i" [/home/miguel_tfg/FINN-v0.9-Stable/deps/finn-hlslib/activations.hpp:218]   --->   Operation 1230 'getelementptr' 'p_ZL7threshs_6_addr' <Predicate = (!icmp_ln249 & icmp_ln290)> <Delay = 0.00>
ST_4 : Operation 1231 [2/2] (2.32ns)   --->   "%p_ZL7threshs_6_load = load i6 %p_ZL7threshs_6_addr"   --->   Operation 1231 'load' 'p_ZL7threshs_6_load' <Predicate = (!icmp_ln249 & icmp_ln290)> <Delay = 2.32> <CoreInst = "ROM">   --->   Core 95 'ROM' <Latency = 1> <II = 1> <Delay = 2.32> <Storage> <Opcode : 'load'> <Ports = 0> <Width = 10> <Depth = 64> <ROM>
ST_4 : Operation 1232 [1/1] (0.00ns)   --->   "%p_ZL7threshs_7_addr = getelementptr i10 %p_ZL7threshs_7, i64 0, i64 %idxprom2_i" [/home/miguel_tfg/FINN-v0.9-Stable/deps/finn-hlslib/activations.hpp:218]   --->   Operation 1232 'getelementptr' 'p_ZL7threshs_7_addr' <Predicate = (!icmp_ln249 & icmp_ln290)> <Delay = 0.00>
ST_4 : Operation 1233 [2/2] (2.32ns)   --->   "%p_ZL7threshs_7_load = load i6 %p_ZL7threshs_7_addr"   --->   Operation 1233 'load' 'p_ZL7threshs_7_load' <Predicate = (!icmp_ln249 & icmp_ln290)> <Delay = 2.32> <CoreInst = "ROM">   --->   Core 95 'ROM' <Latency = 1> <II = 1> <Delay = 2.32> <Storage> <Opcode : 'load'> <Ports = 0> <Width = 10> <Depth = 64> <ROM>
ST_4 : Operation 1234 [1/1] (0.00ns)   --->   "%p_ZL7threshs_8_addr = getelementptr i9 %p_ZL7threshs_8, i64 0, i64 %idxprom2_i" [/home/miguel_tfg/FINN-v0.9-Stable/deps/finn-hlslib/activations.hpp:218]   --->   Operation 1234 'getelementptr' 'p_ZL7threshs_8_addr' <Predicate = (!icmp_ln249 & icmp_ln290)> <Delay = 0.00>
ST_4 : Operation 1235 [2/2] (2.32ns)   --->   "%p_ZL7threshs_8_load = load i6 %p_ZL7threshs_8_addr"   --->   Operation 1235 'load' 'p_ZL7threshs_8_load' <Predicate = (!icmp_ln249 & icmp_ln290)> <Delay = 2.32> <CoreInst = "ROM">   --->   Core 95 'ROM' <Latency = 1> <II = 1> <Delay = 2.32> <Storage> <Opcode : 'load'> <Ports = 0> <Width = 9> <Depth = 64> <ROM>
ST_4 : Operation 1236 [1/1] (0.00ns)   --->   "%p_ZL7threshs_9_addr = getelementptr i8 %p_ZL7threshs_9, i64 0, i64 %idxprom2_i" [/home/miguel_tfg/FINN-v0.9-Stable/deps/finn-hlslib/activations.hpp:218]   --->   Operation 1236 'getelementptr' 'p_ZL7threshs_9_addr' <Predicate = (!icmp_ln249 & icmp_ln290)> <Delay = 0.00>
ST_4 : Operation 1237 [2/2] (2.32ns)   --->   "%p_ZL7threshs_9_load = load i6 %p_ZL7threshs_9_addr"   --->   Operation 1237 'load' 'p_ZL7threshs_9_load' <Predicate = (!icmp_ln249 & icmp_ln290)> <Delay = 2.32> <CoreInst = "ROM">   --->   Core 95 'ROM' <Latency = 1> <II = 1> <Delay = 2.32> <Storage> <Opcode : 'load'> <Ports = 0> <Width = 8> <Depth = 64> <ROM>
ST_4 : Operation 1238 [1/1] (0.00ns)   --->   "%p_ZL7threshs_10_addr = getelementptr i11 %p_ZL7threshs_10, i64 0, i64 %idxprom2_i" [/home/miguel_tfg/FINN-v0.9-Stable/deps/finn-hlslib/activations.hpp:218]   --->   Operation 1238 'getelementptr' 'p_ZL7threshs_10_addr' <Predicate = (!icmp_ln249 & icmp_ln290)> <Delay = 0.00>
ST_4 : Operation 1239 [2/2] (2.32ns)   --->   "%p_ZL7threshs_10_load = load i6 %p_ZL7threshs_10_addr"   --->   Operation 1239 'load' 'p_ZL7threshs_10_load' <Predicate = (!icmp_ln249 & icmp_ln290)> <Delay = 2.32> <CoreInst = "ROM">   --->   Core 95 'ROM' <Latency = 1> <II = 1> <Delay = 2.32> <Storage> <Opcode : 'load'> <Ports = 0> <Width = 11> <Depth = 64> <ROM>
ST_4 : Operation 1240 [1/1] (0.00ns)   --->   "%p_ZL7threshs_11_addr = getelementptr i11 %p_ZL7threshs_11, i64 0, i64 %idxprom2_i" [/home/miguel_tfg/FINN-v0.9-Stable/deps/finn-hlslib/activations.hpp:218]   --->   Operation 1240 'getelementptr' 'p_ZL7threshs_11_addr' <Predicate = (!icmp_ln249 & icmp_ln290)> <Delay = 0.00>
ST_4 : Operation 1241 [2/2] (2.32ns)   --->   "%p_ZL7threshs_11_load = load i6 %p_ZL7threshs_11_addr"   --->   Operation 1241 'load' 'p_ZL7threshs_11_load' <Predicate = (!icmp_ln249 & icmp_ln290)> <Delay = 2.32> <CoreInst = "ROM">   --->   Core 95 'ROM' <Latency = 1> <II = 1> <Delay = 2.32> <Storage> <Opcode : 'load'> <Ports = 0> <Width = 11> <Depth = 64> <ROM>
ST_4 : Operation 1242 [1/1] (0.00ns)   --->   "%p_ZL7threshs_12_addr = getelementptr i11 %p_ZL7threshs_12, i64 0, i64 %idxprom2_i" [/home/miguel_tfg/FINN-v0.9-Stable/deps/finn-hlslib/activations.hpp:218]   --->   Operation 1242 'getelementptr' 'p_ZL7threshs_12_addr' <Predicate = (!icmp_ln249 & icmp_ln290)> <Delay = 0.00>
ST_4 : Operation 1243 [2/2] (2.32ns)   --->   "%p_ZL7threshs_12_load = load i6 %p_ZL7threshs_12_addr"   --->   Operation 1243 'load' 'p_ZL7threshs_12_load' <Predicate = (!icmp_ln249 & icmp_ln290)> <Delay = 2.32> <CoreInst = "ROM">   --->   Core 95 'ROM' <Latency = 1> <II = 1> <Delay = 2.32> <Storage> <Opcode : 'load'> <Ports = 0> <Width = 11> <Depth = 64> <ROM>
ST_4 : Operation 1244 [1/1] (0.00ns)   --->   "%p_ZL7threshs_13_addr = getelementptr i11 %p_ZL7threshs_13, i64 0, i64 %idxprom2_i" [/home/miguel_tfg/FINN-v0.9-Stable/deps/finn-hlslib/activations.hpp:218]   --->   Operation 1244 'getelementptr' 'p_ZL7threshs_13_addr' <Predicate = (!icmp_ln249 & icmp_ln290)> <Delay = 0.00>
ST_4 : Operation 1245 [2/2] (2.32ns)   --->   "%p_ZL7threshs_13_load = load i6 %p_ZL7threshs_13_addr"   --->   Operation 1245 'load' 'p_ZL7threshs_13_load' <Predicate = (!icmp_ln249 & icmp_ln290)> <Delay = 2.32> <CoreInst = "ROM">   --->   Core 95 'ROM' <Latency = 1> <II = 1> <Delay = 2.32> <Storage> <Opcode : 'load'> <Ports = 0> <Width = 11> <Depth = 64> <ROM>
ST_4 : Operation 1246 [1/1] (0.00ns)   --->   "%p_ZL7threshs_14_addr = getelementptr i11 %p_ZL7threshs_14, i64 0, i64 %idxprom2_i" [/home/miguel_tfg/FINN-v0.9-Stable/deps/finn-hlslib/activations.hpp:218]   --->   Operation 1246 'getelementptr' 'p_ZL7threshs_14_addr' <Predicate = (!icmp_ln249 & icmp_ln290)> <Delay = 0.00>
ST_4 : Operation 1247 [2/2] (2.32ns)   --->   "%p_ZL7threshs_14_load = load i6 %p_ZL7threshs_14_addr"   --->   Operation 1247 'load' 'p_ZL7threshs_14_load' <Predicate = (!icmp_ln249 & icmp_ln290)> <Delay = 2.32> <CoreInst = "ROM">   --->   Core 95 'ROM' <Latency = 1> <II = 1> <Delay = 2.32> <Storage> <Opcode : 'load'> <Ports = 0> <Width = 11> <Depth = 64> <ROM>

State 5 <SV = 4> <Delay = 4.53>
ST_5 : Operation 1248 [1/1] (0.00ns)   --->   "%rbegin = specregionbegin i32 @_ssdm_op_SpecRegionBegin, void @empty" [/home/miguel_tfg/FINN-v0.9-Stable/deps/finn-hlslib/mac.hpp:141]   --->   Operation 1248 'specregionbegin' 'rbegin' <Predicate = (!icmp_ln249)> <Delay = 0.00>
ST_5 : Operation 1249 [1/1] (0.00ns)   --->   "%rend = specregionend i32 @_ssdm_op_SpecRegionEnd, void @empty, i32 %rbegin" [/home/miguel_tfg/FINN-v0.9-Stable/deps/finn-hlslib/mac.hpp:141]   --->   Operation 1249 'specregionend' 'rend' <Predicate = (!icmp_ln249)> <Delay = 0.00>
ST_5 : Operation 1250 [1/2] (2.10ns) (root node of the DSP)   --->   "%add_ln840 = add i14 %select_ln272, i14 %sext_ln840"   --->   Operation 1250 'add' 'add_ln840' <Predicate = (!icmp_ln249)> <Delay = 2.10> <CoreInst = "DSP48">   --->   Core 119 'DSP48' <Latency = 3> <II = 1> <Delay = 2.15> <IPBlock> <Opcode : 'mul' 'add' 'sub' 'select'> <InPorts = 0> <OutPorts = 1> <Sync> <CReg>
ST_5 : Operation 1251 [1/2] (2.32ns)   --->   "%p_ZL7threshs_0_load = load i6 %p_ZL7threshs_0_addr"   --->   Operation 1251 'load' 'p_ZL7threshs_0_load' <Predicate = (!icmp_ln249 & icmp_ln290)> <Delay = 2.32> <CoreInst = "ROM">   --->   Core 95 'ROM' <Latency = 1> <II = 1> <Delay = 2.32> <Storage> <Opcode : 'load'> <Ports = 0> <Width = 7> <Depth = 64> <ROM>
ST_5 : Operation 1252 [1/1] (0.00ns)   --->   "%zext_ln1039 = zext i7 %p_ZL7threshs_0_load"   --->   Operation 1252 'zext' 'zext_ln1039' <Predicate = (!icmp_ln249 & icmp_ln290)> <Delay = 0.00>
ST_5 : Operation 1253 [1/1] (2.20ns)   --->   "%icmp_ln1039 = icmp_slt  i14 %add_ln840, i14 %zext_ln1039"   --->   Operation 1253 'icmp' 'icmp_ln1039' <Predicate = (!icmp_ln249 & icmp_ln290)> <Delay = 2.20> <CoreInst = "Cmp">   --->   Core 9 'Cmp' <Latency = 0> <II = 1> <Delay = 2.20> <FuncUnit> <Opcode : 'icmp'> <InPorts = 2> <OutPorts = 1>
ST_5 : Operation 1254 [1/2] (2.32ns)   --->   "%p_ZL7threshs_1_load = load i6 %p_ZL7threshs_1_addr"   --->   Operation 1254 'load' 'p_ZL7threshs_1_load' <Predicate = (!icmp_ln249 & icmp_ln290)> <Delay = 2.32> <CoreInst = "ROM">   --->   Core 95 'ROM' <Latency = 1> <II = 1> <Delay = 2.32> <Storage> <Opcode : 'load'> <Ports = 0> <Width = 8> <Depth = 64> <ROM>
ST_5 : Operation 1255 [1/1] (0.00ns)   --->   "%zext_ln1039_1 = zext i8 %p_ZL7threshs_1_load"   --->   Operation 1255 'zext' 'zext_ln1039_1' <Predicate = (!icmp_ln249 & icmp_ln290)> <Delay = 0.00>
ST_5 : Operation 1256 [1/1] (2.20ns)   --->   "%icmp_ln1039_1 = icmp_slt  i14 %add_ln840, i14 %zext_ln1039_1"   --->   Operation 1256 'icmp' 'icmp_ln1039_1' <Predicate = (!icmp_ln249 & icmp_ln290)> <Delay = 2.20> <CoreInst = "Cmp">   --->   Core 9 'Cmp' <Latency = 0> <II = 1> <Delay = 2.20> <FuncUnit> <Opcode : 'icmp'> <InPorts = 2> <OutPorts = 1>
ST_5 : Operation 1257 [1/2] (2.32ns)   --->   "%p_ZL7threshs_2_load = load i6 %p_ZL7threshs_2_addr"   --->   Operation 1257 'load' 'p_ZL7threshs_2_load' <Predicate = (!icmp_ln249 & icmp_ln290)> <Delay = 2.32> <CoreInst = "ROM">   --->   Core 95 'ROM' <Latency = 1> <II = 1> <Delay = 2.32> <Storage> <Opcode : 'load'> <Ports = 0> <Width = 9> <Depth = 64> <ROM>
ST_5 : Operation 1258 [1/1] (0.00ns)   --->   "%zext_ln1039_2 = zext i9 %p_ZL7threshs_2_load"   --->   Operation 1258 'zext' 'zext_ln1039_2' <Predicate = (!icmp_ln249 & icmp_ln290)> <Delay = 0.00>
ST_5 : Operation 1259 [1/1] (2.20ns)   --->   "%icmp_ln1039_2 = icmp_slt  i14 %add_ln840, i14 %zext_ln1039_2"   --->   Operation 1259 'icmp' 'icmp_ln1039_2' <Predicate = (!icmp_ln249 & icmp_ln290)> <Delay = 2.20> <CoreInst = "Cmp">   --->   Core 9 'Cmp' <Latency = 0> <II = 1> <Delay = 2.20> <FuncUnit> <Opcode : 'icmp'> <InPorts = 2> <OutPorts = 1>
ST_5 : Operation 1260 [1/2] (2.32ns)   --->   "%p_ZL7threshs_3_load = load i6 %p_ZL7threshs_3_addr"   --->   Operation 1260 'load' 'p_ZL7threshs_3_load' <Predicate = (!icmp_ln249 & icmp_ln290)> <Delay = 2.32> <CoreInst = "ROM">   --->   Core 95 'ROM' <Latency = 1> <II = 1> <Delay = 2.32> <Storage> <Opcode : 'load'> <Ports = 0> <Width = 9> <Depth = 64> <ROM>
ST_5 : Operation 1261 [1/1] (0.00ns)   --->   "%zext_ln1039_3 = zext i9 %p_ZL7threshs_3_load"   --->   Operation 1261 'zext' 'zext_ln1039_3' <Predicate = (!icmp_ln249 & icmp_ln290)> <Delay = 0.00>
ST_5 : Operation 1262 [1/1] (2.20ns)   --->   "%icmp_ln1039_3 = icmp_slt  i14 %add_ln840, i14 %zext_ln1039_3"   --->   Operation 1262 'icmp' 'icmp_ln1039_3' <Predicate = (!icmp_ln249 & icmp_ln290)> <Delay = 2.20> <CoreInst = "Cmp">   --->   Core 9 'Cmp' <Latency = 0> <II = 1> <Delay = 2.20> <FuncUnit> <Opcode : 'icmp'> <InPorts = 2> <OutPorts = 1>
ST_5 : Operation 1263 [1/2] (2.32ns)   --->   "%p_ZL7threshs_4_load = load i6 %p_ZL7threshs_4_addr"   --->   Operation 1263 'load' 'p_ZL7threshs_4_load' <Predicate = (!icmp_ln249 & icmp_ln290)> <Delay = 2.32> <CoreInst = "ROM">   --->   Core 95 'ROM' <Latency = 1> <II = 1> <Delay = 2.32> <Storage> <Opcode : 'load'> <Ports = 0> <Width = 8> <Depth = 64> <ROM>
ST_5 : Operation 1264 [1/1] (0.00ns)   --->   "%sext_ln1039 = sext i8 %p_ZL7threshs_4_load"   --->   Operation 1264 'sext' 'sext_ln1039' <Predicate = (!icmp_ln249 & icmp_ln290)> <Delay = 0.00>
ST_5 : Operation 1265 [1/1] (0.00ns)   --->   "%zext_ln1039_4 = zext i9 %sext_ln1039"   --->   Operation 1265 'zext' 'zext_ln1039_4' <Predicate = (!icmp_ln249 & icmp_ln290)> <Delay = 0.00>
ST_5 : Operation 1266 [1/1] (2.20ns)   --->   "%icmp_ln1039_4 = icmp_slt  i14 %add_ln840, i14 %zext_ln1039_4"   --->   Operation 1266 'icmp' 'icmp_ln1039_4' <Predicate = (!icmp_ln249 & icmp_ln290)> <Delay = 2.20> <CoreInst = "Cmp">   --->   Core 9 'Cmp' <Latency = 0> <II = 1> <Delay = 2.20> <FuncUnit> <Opcode : 'icmp'> <InPorts = 2> <OutPorts = 1>
ST_5 : Operation 1267 [1/2] (2.32ns)   --->   "%p_ZL7threshs_5_load = load i6 %p_ZL7threshs_5_addr"   --->   Operation 1267 'load' 'p_ZL7threshs_5_load' <Predicate = (!icmp_ln249 & icmp_ln290)> <Delay = 2.32> <CoreInst = "ROM">   --->   Core 95 'ROM' <Latency = 1> <II = 1> <Delay = 2.32> <Storage> <Opcode : 'load'> <Ports = 0> <Width = 10> <Depth = 64> <ROM>
ST_5 : Operation 1268 [1/1] (0.00ns)   --->   "%zext_ln1039_5 = zext i10 %p_ZL7threshs_5_load"   --->   Operation 1268 'zext' 'zext_ln1039_5' <Predicate = (!icmp_ln249 & icmp_ln290)> <Delay = 0.00>
ST_5 : Operation 1269 [1/1] (2.20ns)   --->   "%icmp_ln1039_5 = icmp_slt  i14 %add_ln840, i14 %zext_ln1039_5"   --->   Operation 1269 'icmp' 'icmp_ln1039_5' <Predicate = (!icmp_ln249 & icmp_ln290)> <Delay = 2.20> <CoreInst = "Cmp">   --->   Core 9 'Cmp' <Latency = 0> <II = 1> <Delay = 2.20> <FuncUnit> <Opcode : 'icmp'> <InPorts = 2> <OutPorts = 1>
ST_5 : Operation 1270 [1/2] (2.32ns)   --->   "%p_ZL7threshs_6_load = load i6 %p_ZL7threshs_6_addr"   --->   Operation 1270 'load' 'p_ZL7threshs_6_load' <Predicate = (!icmp_ln249 & icmp_ln290)> <Delay = 2.32> <CoreInst = "ROM">   --->   Core 95 'ROM' <Latency = 1> <II = 1> <Delay = 2.32> <Storage> <Opcode : 'load'> <Ports = 0> <Width = 10> <Depth = 64> <ROM>
ST_5 : Operation 1271 [1/1] (0.00ns)   --->   "%zext_ln1039_6 = zext i10 %p_ZL7threshs_6_load"   --->   Operation 1271 'zext' 'zext_ln1039_6' <Predicate = (!icmp_ln249 & icmp_ln290)> <Delay = 0.00>
ST_5 : Operation 1272 [1/1] (2.20ns)   --->   "%icmp_ln1039_6 = icmp_slt  i14 %add_ln840, i14 %zext_ln1039_6"   --->   Operation 1272 'icmp' 'icmp_ln1039_6' <Predicate = (!icmp_ln249 & icmp_ln290)> <Delay = 2.20> <CoreInst = "Cmp">   --->   Core 9 'Cmp' <Latency = 0> <II = 1> <Delay = 2.20> <FuncUnit> <Opcode : 'icmp'> <InPorts = 2> <OutPorts = 1>
ST_5 : Operation 1273 [1/2] (2.32ns)   --->   "%p_ZL7threshs_7_load = load i6 %p_ZL7threshs_7_addr"   --->   Operation 1273 'load' 'p_ZL7threshs_7_load' <Predicate = (!icmp_ln249 & icmp_ln290)> <Delay = 2.32> <CoreInst = "ROM">   --->   Core 95 'ROM' <Latency = 1> <II = 1> <Delay = 2.32> <Storage> <Opcode : 'load'> <Ports = 0> <Width = 10> <Depth = 64> <ROM>
ST_5 : Operation 1274 [1/1] (0.00ns)   --->   "%zext_ln1039_7 = zext i10 %p_ZL7threshs_7_load"   --->   Operation 1274 'zext' 'zext_ln1039_7' <Predicate = (!icmp_ln249 & icmp_ln290)> <Delay = 0.00>
ST_5 : Operation 1275 [1/1] (2.20ns)   --->   "%icmp_ln1039_7 = icmp_slt  i14 %add_ln840, i14 %zext_ln1039_7"   --->   Operation 1275 'icmp' 'icmp_ln1039_7' <Predicate = (!icmp_ln249 & icmp_ln290)> <Delay = 2.20> <CoreInst = "Cmp">   --->   Core 9 'Cmp' <Latency = 0> <II = 1> <Delay = 2.20> <FuncUnit> <Opcode : 'icmp'> <InPorts = 2> <OutPorts = 1>
ST_5 : Operation 1276 [1/2] (2.32ns)   --->   "%p_ZL7threshs_8_load = load i6 %p_ZL7threshs_8_addr"   --->   Operation 1276 'load' 'p_ZL7threshs_8_load' <Predicate = (!icmp_ln249 & icmp_ln290)> <Delay = 2.32> <CoreInst = "ROM">   --->   Core 95 'ROM' <Latency = 1> <II = 1> <Delay = 2.32> <Storage> <Opcode : 'load'> <Ports = 0> <Width = 9> <Depth = 64> <ROM>
ST_5 : Operation 1277 [1/1] (0.00ns)   --->   "%sext_ln1039_1 = sext i9 %p_ZL7threshs_8_load"   --->   Operation 1277 'sext' 'sext_ln1039_1' <Predicate = (!icmp_ln249 & icmp_ln290)> <Delay = 0.00>
ST_5 : Operation 1278 [1/1] (0.00ns)   --->   "%zext_ln1039_8 = zext i10 %sext_ln1039_1"   --->   Operation 1278 'zext' 'zext_ln1039_8' <Predicate = (!icmp_ln249 & icmp_ln290)> <Delay = 0.00>
ST_5 : Operation 1279 [1/1] (2.20ns)   --->   "%icmp_ln1039_8 = icmp_slt  i14 %add_ln840, i14 %zext_ln1039_8"   --->   Operation 1279 'icmp' 'icmp_ln1039_8' <Predicate = (!icmp_ln249 & icmp_ln290)> <Delay = 2.20> <CoreInst = "Cmp">   --->   Core 9 'Cmp' <Latency = 0> <II = 1> <Delay = 2.20> <FuncUnit> <Opcode : 'icmp'> <InPorts = 2> <OutPorts = 1>
ST_5 : Operation 1280 [1/2] (2.32ns)   --->   "%p_ZL7threshs_9_load = load i6 %p_ZL7threshs_9_addr"   --->   Operation 1280 'load' 'p_ZL7threshs_9_load' <Predicate = (!icmp_ln249 & icmp_ln290)> <Delay = 2.32> <CoreInst = "ROM">   --->   Core 95 'ROM' <Latency = 1> <II = 1> <Delay = 2.32> <Storage> <Opcode : 'load'> <Ports = 0> <Width = 8> <Depth = 64> <ROM>
ST_5 : Operation 1281 [1/1] (0.00ns)   --->   "%sext_ln1039_2 = sext i8 %p_ZL7threshs_9_load"   --->   Operation 1281 'sext' 'sext_ln1039_2' <Predicate = (!icmp_ln249 & icmp_ln290)> <Delay = 0.00>
ST_5 : Operation 1282 [1/1] (0.00ns)   --->   "%zext_ln1039_9 = zext i10 %sext_ln1039_2"   --->   Operation 1282 'zext' 'zext_ln1039_9' <Predicate = (!icmp_ln249 & icmp_ln290)> <Delay = 0.00>
ST_5 : Operation 1283 [1/1] (2.20ns)   --->   "%icmp_ln1039_9 = icmp_slt  i14 %add_ln840, i14 %zext_ln1039_9"   --->   Operation 1283 'icmp' 'icmp_ln1039_9' <Predicate = (!icmp_ln249 & icmp_ln290)> <Delay = 2.20> <CoreInst = "Cmp">   --->   Core 9 'Cmp' <Latency = 0> <II = 1> <Delay = 2.20> <FuncUnit> <Opcode : 'icmp'> <InPorts = 2> <OutPorts = 1>
ST_5 : Operation 1284 [1/2] (2.32ns)   --->   "%p_ZL7threshs_10_load = load i6 %p_ZL7threshs_10_addr"   --->   Operation 1284 'load' 'p_ZL7threshs_10_load' <Predicate = (!icmp_ln249 & icmp_ln290)> <Delay = 2.32> <CoreInst = "ROM">   --->   Core 95 'ROM' <Latency = 1> <II = 1> <Delay = 2.32> <Storage> <Opcode : 'load'> <Ports = 0> <Width = 11> <Depth = 64> <ROM>
ST_5 : Operation 1285 [1/1] (0.00ns)   --->   "%zext_ln1039_10 = zext i11 %p_ZL7threshs_10_load"   --->   Operation 1285 'zext' 'zext_ln1039_10' <Predicate = (!icmp_ln249 & icmp_ln290)> <Delay = 0.00>
ST_5 : Operation 1286 [1/1] (2.20ns)   --->   "%icmp_ln1039_10 = icmp_slt  i14 %add_ln840, i14 %zext_ln1039_10"   --->   Operation 1286 'icmp' 'icmp_ln1039_10' <Predicate = (!icmp_ln249 & icmp_ln290)> <Delay = 2.20> <CoreInst = "Cmp">   --->   Core 9 'Cmp' <Latency = 0> <II = 1> <Delay = 2.20> <FuncUnit> <Opcode : 'icmp'> <InPorts = 2> <OutPorts = 1>
ST_5 : Operation 1287 [1/2] (2.32ns)   --->   "%p_ZL7threshs_11_load = load i6 %p_ZL7threshs_11_addr"   --->   Operation 1287 'load' 'p_ZL7threshs_11_load' <Predicate = (!icmp_ln249 & icmp_ln290)> <Delay = 2.32> <CoreInst = "ROM">   --->   Core 95 'ROM' <Latency = 1> <II = 1> <Delay = 2.32> <Storage> <Opcode : 'load'> <Ports = 0> <Width = 11> <Depth = 64> <ROM>
ST_5 : Operation 1288 [1/1] (0.00ns)   --->   "%zext_ln1039_11 = zext i11 %p_ZL7threshs_11_load"   --->   Operation 1288 'zext' 'zext_ln1039_11' <Predicate = (!icmp_ln249 & icmp_ln290)> <Delay = 0.00>
ST_5 : Operation 1289 [1/1] (2.20ns)   --->   "%icmp_ln1039_11 = icmp_slt  i14 %add_ln840, i14 %zext_ln1039_11"   --->   Operation 1289 'icmp' 'icmp_ln1039_11' <Predicate = (!icmp_ln249 & icmp_ln290)> <Delay = 2.20> <CoreInst = "Cmp">   --->   Core 9 'Cmp' <Latency = 0> <II = 1> <Delay = 2.20> <FuncUnit> <Opcode : 'icmp'> <InPorts = 2> <OutPorts = 1>
ST_5 : Operation 1290 [1/2] (2.32ns)   --->   "%p_ZL7threshs_12_load = load i6 %p_ZL7threshs_12_addr"   --->   Operation 1290 'load' 'p_ZL7threshs_12_load' <Predicate = (!icmp_ln249 & icmp_ln290)> <Delay = 2.32> <CoreInst = "ROM">   --->   Core 95 'ROM' <Latency = 1> <II = 1> <Delay = 2.32> <Storage> <Opcode : 'load'> <Ports = 0> <Width = 11> <Depth = 64> <ROM>
ST_5 : Operation 1291 [1/1] (0.00ns)   --->   "%zext_ln1039_12 = zext i11 %p_ZL7threshs_12_load"   --->   Operation 1291 'zext' 'zext_ln1039_12' <Predicate = (!icmp_ln249 & icmp_ln290)> <Delay = 0.00>
ST_5 : Operation 1292 [1/1] (2.20ns)   --->   "%icmp_ln1039_12 = icmp_slt  i14 %add_ln840, i14 %zext_ln1039_12"   --->   Operation 1292 'icmp' 'icmp_ln1039_12' <Predicate = (!icmp_ln249 & icmp_ln290)> <Delay = 2.20> <CoreInst = "Cmp">   --->   Core 9 'Cmp' <Latency = 0> <II = 1> <Delay = 2.20> <FuncUnit> <Opcode : 'icmp'> <InPorts = 2> <OutPorts = 1>
ST_5 : Operation 1293 [1/2] (2.32ns)   --->   "%p_ZL7threshs_13_load = load i6 %p_ZL7threshs_13_addr"   --->   Operation 1293 'load' 'p_ZL7threshs_13_load' <Predicate = (!icmp_ln249 & icmp_ln290)> <Delay = 2.32> <CoreInst = "ROM">   --->   Core 95 'ROM' <Latency = 1> <II = 1> <Delay = 2.32> <Storage> <Opcode : 'load'> <Ports = 0> <Width = 11> <Depth = 64> <ROM>
ST_5 : Operation 1294 [1/1] (0.00ns)   --->   "%zext_ln1039_13 = zext i11 %p_ZL7threshs_13_load"   --->   Operation 1294 'zext' 'zext_ln1039_13' <Predicate = (!icmp_ln249 & icmp_ln290)> <Delay = 0.00>
ST_5 : Operation 1295 [1/1] (2.20ns)   --->   "%icmp_ln1039_13 = icmp_slt  i14 %add_ln840, i14 %zext_ln1039_13"   --->   Operation 1295 'icmp' 'icmp_ln1039_13' <Predicate = (!icmp_ln249 & icmp_ln290)> <Delay = 2.20> <CoreInst = "Cmp">   --->   Core 9 'Cmp' <Latency = 0> <II = 1> <Delay = 2.20> <FuncUnit> <Opcode : 'icmp'> <InPorts = 2> <OutPorts = 1>
ST_5 : Operation 1296 [1/2] (2.32ns)   --->   "%p_ZL7threshs_14_load = load i6 %p_ZL7threshs_14_addr"   --->   Operation 1296 'load' 'p_ZL7threshs_14_load' <Predicate = (!icmp_ln249 & icmp_ln290)> <Delay = 2.32> <CoreInst = "ROM">   --->   Core 95 'ROM' <Latency = 1> <II = 1> <Delay = 2.32> <Storage> <Opcode : 'load'> <Ports = 0> <Width = 11> <Depth = 64> <ROM>
ST_5 : Operation 1297 [1/1] (0.00ns)   --->   "%zext_ln1039_14 = zext i11 %p_ZL7threshs_14_load"   --->   Operation 1297 'zext' 'zext_ln1039_14' <Predicate = (!icmp_ln249 & icmp_ln290)> <Delay = 0.00>
ST_5 : Operation 1298 [1/1] (2.20ns)   --->   "%icmp_ln1039_14 = icmp_slt  i14 %add_ln840, i14 %zext_ln1039_14"   --->   Operation 1298 'icmp' 'icmp_ln1039_14' <Predicate = (!icmp_ln249 & icmp_ln290)> <Delay = 2.20> <CoreInst = "Cmp">   --->   Core 9 'Cmp' <Latency = 0> <II = 1> <Delay = 2.20> <FuncUnit> <Opcode : 'icmp'> <InPorts = 2> <OutPorts = 1>
ST_5 : Operation 1299 [1/1] (0.00ns)   --->   "%store_ln249 = store i14 %add_ln840, i14 %add_i4_i338" [/home/miguel_tfg/FINN-v0.9-Stable/deps/finn-hlslib/mvau.hpp:249]   --->   Operation 1299 'store' 'store_ln249' <Predicate = (!icmp_ln249)> <Delay = 0.00>
ST_5 : Operation 1300 [1/1] (0.00ns)   --->   "%br_ln249 = br void %for.body" [/home/miguel_tfg/FINN-v0.9-Stable/deps/finn-hlslib/mvau.hpp:249]   --->   Operation 1300 'br' 'br_ln249' <Predicate = (!icmp_ln249)> <Delay = 0.00>

State 6 <SV = 5> <Delay = 5.74>
ST_6 : Operation 1301 [1/1] (0.97ns)   --->   "%result_V = xor i1 %icmp_ln1039, i1 1"   --->   Operation 1301 'xor' 'result_V' <Predicate = (!icmp_ln249 & icmp_ln290)> <Delay = 0.97> <CoreInst = "LogicGate">   --->   Core 74 'LogicGate' <Latency = 0> <II = 1> <Delay = 0.97> <FuncUnit> <Opcode : 'and' 'or' 'xor'> <InPorts = 2> <OutPorts = 1>
ST_6 : Operation 1302 [1/1] (0.00ns)   --->   "%zext_ln215 = zext i1 %result_V" [/home/miguel_tfg/FINN-v0.9-Stable/deps/finn-hlslib/activations.hpp:215]   --->   Operation 1302 'zext' 'zext_ln215' <Predicate = (!icmp_ln249 & icmp_ln290)> <Delay = 0.00>
ST_6 : Operation 1303 [1/1] (0.97ns)   --->   "%xor_ln1039 = xor i1 %icmp_ln1039_1, i1 1"   --->   Operation 1303 'xor' 'xor_ln1039' <Predicate = (!icmp_ln249 & icmp_ln290)> <Delay = 0.97> <CoreInst = "LogicGate">   --->   Core 74 'LogicGate' <Latency = 0> <II = 1> <Delay = 0.97> <FuncUnit> <Opcode : 'and' 'or' 'xor'> <InPorts = 2> <OutPorts = 1>
ST_6 : Operation 1304 [1/1] (0.00ns)   --->   "%zext_ln218 = zext i1 %xor_ln1039" [/home/miguel_tfg/FINN-v0.9-Stable/deps/finn-hlslib/activations.hpp:218]   --->   Operation 1304 'zext' 'zext_ln218' <Predicate = (!icmp_ln249 & icmp_ln290)> <Delay = 0.00>
ST_6 : Operation 1305 [1/1] (0.97ns)   --->   "%xor_ln1039_1 = xor i1 %icmp_ln1039_2, i1 1"   --->   Operation 1305 'xor' 'xor_ln1039_1' <Predicate = (!icmp_ln249 & icmp_ln290)> <Delay = 0.97> <CoreInst = "LogicGate">   --->   Core 74 'LogicGate' <Latency = 0> <II = 1> <Delay = 0.97> <FuncUnit> <Opcode : 'and' 'or' 'xor'> <InPorts = 2> <OutPorts = 1>
ST_6 : Operation 1306 [1/1] (0.00ns)   --->   "%zext_ln218_1 = zext i1 %xor_ln1039_1" [/home/miguel_tfg/FINN-v0.9-Stable/deps/finn-hlslib/activations.hpp:218]   --->   Operation 1306 'zext' 'zext_ln218_1' <Predicate = (!icmp_ln249 & icmp_ln290)> <Delay = 0.00>
ST_6 : Operation 1307 [1/1] (0.00ns) (grouped into LUT with out node add_ln840_3)   --->   "%xor_ln1039_2 = xor i1 %icmp_ln1039_3, i1 1"   --->   Operation 1307 'xor' 'xor_ln1039_2' <Predicate = (!icmp_ln249 & icmp_ln290)> <Delay = 0.00> <CoreInst = "LogicGate">   --->   Core 74 'LogicGate' <Latency = 0> <II = 1> <Delay = 0.97> <FuncUnit> <Opcode : 'and' 'or' 'xor'> <InPorts = 2> <OutPorts = 1>
ST_6 : Operation 1308 [1/1] (0.00ns) (grouped into LUT with out node add_ln840_3)   --->   "%zext_ln218_2 = zext i1 %xor_ln1039_2" [/home/miguel_tfg/FINN-v0.9-Stable/deps/finn-hlslib/activations.hpp:218]   --->   Operation 1308 'zext' 'zext_ln218_2' <Predicate = (!icmp_ln249 & icmp_ln290)> <Delay = 0.00>
ST_6 : Operation 1309 [1/1] (0.00ns) (grouped into LUT with out node add_ln840_3)   --->   "%xor_ln1039_3 = xor i1 %icmp_ln1039_4, i1 1"   --->   Operation 1309 'xor' 'xor_ln1039_3' <Predicate = (!icmp_ln249 & icmp_ln290)> <Delay = 0.00> <CoreInst = "LogicGate">   --->   Core 74 'LogicGate' <Latency = 0> <II = 1> <Delay = 0.97> <FuncUnit> <Opcode : 'and' 'or' 'xor'> <InPorts = 2> <OutPorts = 1>
ST_6 : Operation 1310 [1/1] (0.00ns) (grouped into LUT with out node add_ln840_3)   --->   "%zext_ln218_3 = zext i1 %xor_ln1039_3" [/home/miguel_tfg/FINN-v0.9-Stable/deps/finn-hlslib/activations.hpp:218]   --->   Operation 1310 'zext' 'zext_ln218_3' <Predicate = (!icmp_ln249 & icmp_ln290)> <Delay = 0.00>
ST_6 : Operation 1311 [1/1] (0.00ns) (grouped into LUT with out node add_ln840_4)   --->   "%xor_ln1039_4 = xor i1 %icmp_ln1039_5, i1 1"   --->   Operation 1311 'xor' 'xor_ln1039_4' <Predicate = (!icmp_ln249 & icmp_ln290)> <Delay = 0.00> <CoreInst = "LogicGate">   --->   Core 74 'LogicGate' <Latency = 0> <II = 1> <Delay = 0.97> <FuncUnit> <Opcode : 'and' 'or' 'xor'> <InPorts = 2> <OutPorts = 1>
ST_6 : Operation 1312 [1/1] (0.00ns) (grouped into LUT with out node add_ln840_4)   --->   "%zext_ln218_4 = zext i1 %xor_ln1039_4" [/home/miguel_tfg/FINN-v0.9-Stable/deps/finn-hlslib/activations.hpp:218]   --->   Operation 1312 'zext' 'zext_ln218_4' <Predicate = (!icmp_ln249 & icmp_ln290)> <Delay = 0.00>
ST_6 : Operation 1313 [1/1] (0.00ns) (grouped into LUT with out node add_ln840_4)   --->   "%xor_ln1039_5 = xor i1 %icmp_ln1039_6, i1 1"   --->   Operation 1313 'xor' 'xor_ln1039_5' <Predicate = (!icmp_ln249 & icmp_ln290)> <Delay = 0.00> <CoreInst = "LogicGate">   --->   Core 74 'LogicGate' <Latency = 0> <II = 1> <Delay = 0.97> <FuncUnit> <Opcode : 'and' 'or' 'xor'> <InPorts = 2> <OutPorts = 1>
ST_6 : Operation 1314 [1/1] (0.00ns) (grouped into LUT with out node add_ln840_4)   --->   "%zext_ln218_5 = zext i1 %xor_ln1039_5" [/home/miguel_tfg/FINN-v0.9-Stable/deps/finn-hlslib/activations.hpp:218]   --->   Operation 1314 'zext' 'zext_ln218_5' <Predicate = (!icmp_ln249 & icmp_ln290)> <Delay = 0.00>
ST_6 : Operation 1315 [1/1] (0.00ns) (grouped into LUT with out node add_ln840_7)   --->   "%xor_ln1039_6 = xor i1 %icmp_ln1039_7, i1 1"   --->   Operation 1315 'xor' 'xor_ln1039_6' <Predicate = (!icmp_ln249 & icmp_ln290)> <Delay = 0.00> <CoreInst = "LogicGate">   --->   Core 74 'LogicGate' <Latency = 0> <II = 1> <Delay = 0.97> <FuncUnit> <Opcode : 'and' 'or' 'xor'> <InPorts = 2> <OutPorts = 1>
ST_6 : Operation 1316 [1/1] (0.00ns) (grouped into LUT with out node add_ln840_7)   --->   "%zext_ln218_6 = zext i1 %xor_ln1039_6" [/home/miguel_tfg/FINN-v0.9-Stable/deps/finn-hlslib/activations.hpp:218]   --->   Operation 1316 'zext' 'zext_ln218_6' <Predicate = (!icmp_ln249 & icmp_ln290)> <Delay = 0.00>
ST_6 : Operation 1317 [1/1] (0.00ns) (grouped into LUT with out node add_ln840_7)   --->   "%xor_ln1039_7 = xor i1 %icmp_ln1039_8, i1 1"   --->   Operation 1317 'xor' 'xor_ln1039_7' <Predicate = (!icmp_ln249 & icmp_ln290)> <Delay = 0.00> <CoreInst = "LogicGate">   --->   Core 74 'LogicGate' <Latency = 0> <II = 1> <Delay = 0.97> <FuncUnit> <Opcode : 'and' 'or' 'xor'> <InPorts = 2> <OutPorts = 1>
ST_6 : Operation 1318 [1/1] (0.00ns) (grouped into LUT with out node add_ln840_7)   --->   "%zext_ln218_7 = zext i1 %xor_ln1039_7" [/home/miguel_tfg/FINN-v0.9-Stable/deps/finn-hlslib/activations.hpp:218]   --->   Operation 1318 'zext' 'zext_ln218_7' <Predicate = (!icmp_ln249 & icmp_ln290)> <Delay = 0.00>
ST_6 : Operation 1319 [1/1] (0.00ns) (grouped into LUT with out node add_ln840_8)   --->   "%xor_ln1039_8 = xor i1 %icmp_ln1039_9, i1 1"   --->   Operation 1319 'xor' 'xor_ln1039_8' <Predicate = (!icmp_ln249 & icmp_ln290)> <Delay = 0.00> <CoreInst = "LogicGate">   --->   Core 74 'LogicGate' <Latency = 0> <II = 1> <Delay = 0.97> <FuncUnit> <Opcode : 'and' 'or' 'xor'> <InPorts = 2> <OutPorts = 1>
ST_6 : Operation 1320 [1/1] (0.00ns) (grouped into LUT with out node add_ln840_8)   --->   "%zext_ln218_8 = zext i1 %xor_ln1039_8" [/home/miguel_tfg/FINN-v0.9-Stable/deps/finn-hlslib/activations.hpp:218]   --->   Operation 1320 'zext' 'zext_ln218_8' <Predicate = (!icmp_ln249 & icmp_ln290)> <Delay = 0.00>
ST_6 : Operation 1321 [1/1] (0.00ns) (grouped into LUT with out node add_ln840_8)   --->   "%xor_ln1039_9 = xor i1 %icmp_ln1039_10, i1 1"   --->   Operation 1321 'xor' 'xor_ln1039_9' <Predicate = (!icmp_ln249 & icmp_ln290)> <Delay = 0.00> <CoreInst = "LogicGate">   --->   Core 74 'LogicGate' <Latency = 0> <II = 1> <Delay = 0.97> <FuncUnit> <Opcode : 'and' 'or' 'xor'> <InPorts = 2> <OutPorts = 1>
ST_6 : Operation 1322 [1/1] (0.00ns) (grouped into LUT with out node add_ln840_8)   --->   "%zext_ln218_9 = zext i1 %xor_ln1039_9" [/home/miguel_tfg/FINN-v0.9-Stable/deps/finn-hlslib/activations.hpp:218]   --->   Operation 1322 'zext' 'zext_ln218_9' <Predicate = (!icmp_ln249 & icmp_ln290)> <Delay = 0.00>
ST_6 : Operation 1323 [1/1] (0.00ns) (grouped into LUT with out node add_ln840_10)   --->   "%xor_ln1039_10 = xor i1 %icmp_ln1039_11, i1 1"   --->   Operation 1323 'xor' 'xor_ln1039_10' <Predicate = (!icmp_ln249 & icmp_ln290)> <Delay = 0.00> <CoreInst = "LogicGate">   --->   Core 74 'LogicGate' <Latency = 0> <II = 1> <Delay = 0.97> <FuncUnit> <Opcode : 'and' 'or' 'xor'> <InPorts = 2> <OutPorts = 1>
ST_6 : Operation 1324 [1/1] (0.00ns) (grouped into LUT with out node add_ln840_10)   --->   "%zext_ln218_10 = zext i1 %xor_ln1039_10" [/home/miguel_tfg/FINN-v0.9-Stable/deps/finn-hlslib/activations.hpp:218]   --->   Operation 1324 'zext' 'zext_ln218_10' <Predicate = (!icmp_ln249 & icmp_ln290)> <Delay = 0.00>
ST_6 : Operation 1325 [1/1] (0.00ns) (grouped into LUT with out node add_ln840_10)   --->   "%xor_ln1039_11 = xor i1 %icmp_ln1039_12, i1 1"   --->   Operation 1325 'xor' 'xor_ln1039_11' <Predicate = (!icmp_ln249 & icmp_ln290)> <Delay = 0.00> <CoreInst = "LogicGate">   --->   Core 74 'LogicGate' <Latency = 0> <II = 1> <Delay = 0.97> <FuncUnit> <Opcode : 'and' 'or' 'xor'> <InPorts = 2> <OutPorts = 1>
ST_6 : Operation 1326 [1/1] (0.00ns) (grouped into LUT with out node add_ln840_10)   --->   "%zext_ln218_11 = zext i1 %xor_ln1039_11" [/home/miguel_tfg/FINN-v0.9-Stable/deps/finn-hlslib/activations.hpp:218]   --->   Operation 1326 'zext' 'zext_ln218_11' <Predicate = (!icmp_ln249 & icmp_ln290)> <Delay = 0.00>
ST_6 : Operation 1327 [1/1] (0.00ns) (grouped into LUT with out node add_ln840_11)   --->   "%xor_ln1039_12 = xor i1 %icmp_ln1039_13, i1 1"   --->   Operation 1327 'xor' 'xor_ln1039_12' <Predicate = (!icmp_ln249 & icmp_ln290)> <Delay = 0.00> <CoreInst = "LogicGate">   --->   Core 74 'LogicGate' <Latency = 0> <II = 1> <Delay = 0.97> <FuncUnit> <Opcode : 'and' 'or' 'xor'> <InPorts = 2> <OutPorts = 1>
ST_6 : Operation 1328 [1/1] (0.00ns) (grouped into LUT with out node add_ln840_11)   --->   "%zext_ln218_12 = zext i1 %xor_ln1039_12" [/home/miguel_tfg/FINN-v0.9-Stable/deps/finn-hlslib/activations.hpp:218]   --->   Operation 1328 'zext' 'zext_ln218_12' <Predicate = (!icmp_ln249 & icmp_ln290)> <Delay = 0.00>
ST_6 : Operation 1329 [1/1] (0.00ns) (grouped into LUT with out node add_ln840_11)   --->   "%xor_ln1039_13 = xor i1 %icmp_ln1039_14, i1 1"   --->   Operation 1329 'xor' 'xor_ln1039_13' <Predicate = (!icmp_ln249 & icmp_ln290)> <Delay = 0.00> <CoreInst = "LogicGate">   --->   Core 74 'LogicGate' <Latency = 0> <II = 1> <Delay = 0.97> <FuncUnit> <Opcode : 'and' 'or' 'xor'> <InPorts = 2> <OutPorts = 1>
ST_6 : Operation 1330 [1/1] (0.00ns) (grouped into LUT with out node add_ln840_11)   --->   "%zext_ln840 = zext i1 %xor_ln1039_13"   --->   Operation 1330 'zext' 'zext_ln840' <Predicate = (!icmp_ln249 & icmp_ln290)> <Delay = 0.00>
ST_6 : Operation 1331 [1/1] (0.00ns) (grouped into TernaryAdder)   --->   "%add_ln840_1 = add i2 %zext_ln215, i2 %zext_ln218_1"   --->   Operation 1331 'add' 'add_ln840_1' <Predicate = (!icmp_ln249 & icmp_ln290)> <Delay = 0.00> <CoreInst = "TAddSub">   --->   Core 10 'TAddSub' <Latency = 0> <II = 1> <Delay = 1.65> <IPBlock> <Opcode : 'add' 'sub'> <InPorts = 3> <OutPorts = 1> <Sync> <CReg>
ST_6 : Operation 1332 [1/1] (2.07ns) (root node of TernaryAdder)   --->   "%add_ln840_2 = add i2 %add_ln840_1, i2 %zext_ln218"   --->   Operation 1332 'add' 'add_ln840_2' <Predicate = (!icmp_ln249 & icmp_ln290)> <Delay = 2.07> <CoreInst = "TAddSub">   --->   Core 10 'TAddSub' <Latency = 0> <II = 1> <Delay = 1.65> <IPBlock> <Opcode : 'add' 'sub'> <InPorts = 3> <OutPorts = 1> <Sync> <CReg>
ST_6 : Operation 1333 [1/1] (0.00ns)   --->   "%zext_ln840_1 = zext i2 %add_ln840_2"   --->   Operation 1333 'zext' 'zext_ln840_1' <Predicate = (!icmp_ln249 & icmp_ln290)> <Delay = 0.00>
ST_6 : Operation 1334 [1/1] (1.56ns) (out node of the LUT)   --->   "%add_ln840_3 = add i2 %zext_ln218_2, i2 %zext_ln218_3"   --->   Operation 1334 'add' 'add_ln840_3' <Predicate = (!icmp_ln249 & icmp_ln290)> <Delay = 1.56> <CoreInst = "Adder">   --->   Core 1 'Adder' <Latency = 0> <II = 1> <Delay = 1.56> <FuncUnit> <Opcode : 'add' 'sub'> <InPorts = 2> <OutPorts = 1>
ST_6 : Operation 1335 [1/1] (0.00ns)   --->   "%zext_ln840_2 = zext i2 %add_ln840_3"   --->   Operation 1335 'zext' 'zext_ln840_2' <Predicate = (!icmp_ln249 & icmp_ln290)> <Delay = 0.00>
ST_6 : Operation 1336 [1/1] (1.56ns) (out node of the LUT)   --->   "%add_ln840_4 = add i2 %zext_ln218_4, i2 %zext_ln218_5"   --->   Operation 1336 'add' 'add_ln840_4' <Predicate = (!icmp_ln249 & icmp_ln290)> <Delay = 1.56> <CoreInst = "Adder">   --->   Core 1 'Adder' <Latency = 0> <II = 1> <Delay = 1.56> <FuncUnit> <Opcode : 'add' 'sub'> <InPorts = 2> <OutPorts = 1>
ST_6 : Operation 1337 [1/1] (0.00ns)   --->   "%zext_ln840_3 = zext i2 %add_ln840_4"   --->   Operation 1337 'zext' 'zext_ln840_3' <Predicate = (!icmp_ln249 & icmp_ln290)> <Delay = 0.00>
ST_6 : Operation 1338 [1/1] (0.00ns) (grouped into TernaryAdder)   --->   "%add_ln840_5 = add i3 %zext_ln840_3, i3 %zext_ln840_2"   --->   Operation 1338 'add' 'add_ln840_5' <Predicate = (!icmp_ln249 & icmp_ln290)> <Delay = 0.00> <CoreInst = "TAddSub">   --->   Core 10 'TAddSub' <Latency = 0> <II = 1> <Delay = 1.65> <IPBlock> <Opcode : 'add' 'sub'> <InPorts = 3> <OutPorts = 1> <Sync> <CReg>
ST_6 : Operation 1339 [1/1] (2.69ns) (root node of TernaryAdder)   --->   "%add_ln840_6 = add i3 %add_ln840_5, i3 %zext_ln840_1"   --->   Operation 1339 'add' 'add_ln840_6' <Predicate = (!icmp_ln249 & icmp_ln290)> <Delay = 2.69> <CoreInst = "TAddSub">   --->   Core 10 'TAddSub' <Latency = 0> <II = 1> <Delay = 1.65> <IPBlock> <Opcode : 'add' 'sub'> <InPorts = 3> <OutPorts = 1> <Sync> <CReg>
ST_6 : Operation 1340 [1/1] (1.56ns) (out node of the LUT)   --->   "%add_ln840_7 = add i2 %zext_ln218_6, i2 %zext_ln218_7"   --->   Operation 1340 'add' 'add_ln840_7' <Predicate = (!icmp_ln249 & icmp_ln290)> <Delay = 1.56> <CoreInst = "Adder">   --->   Core 1 'Adder' <Latency = 0> <II = 1> <Delay = 1.56> <FuncUnit> <Opcode : 'add' 'sub'> <InPorts = 2> <OutPorts = 1>
ST_6 : Operation 1341 [1/1] (0.00ns)   --->   "%zext_ln840_5 = zext i2 %add_ln840_7"   --->   Operation 1341 'zext' 'zext_ln840_5' <Predicate = (!icmp_ln249 & icmp_ln290)> <Delay = 0.00>
ST_6 : Operation 1342 [1/1] (1.56ns) (out node of the LUT)   --->   "%add_ln840_8 = add i2 %zext_ln218_8, i2 %zext_ln218_9"   --->   Operation 1342 'add' 'add_ln840_8' <Predicate = (!icmp_ln249 & icmp_ln290)> <Delay = 1.56> <CoreInst = "Adder">   --->   Core 1 'Adder' <Latency = 0> <II = 1> <Delay = 1.56> <FuncUnit> <Opcode : 'add' 'sub'> <InPorts = 2> <OutPorts = 1>
ST_6 : Operation 1343 [1/1] (0.00ns)   --->   "%zext_ln840_6 = zext i2 %add_ln840_8"   --->   Operation 1343 'zext' 'zext_ln840_6' <Predicate = (!icmp_ln249 & icmp_ln290)> <Delay = 0.00>
ST_6 : Operation 1344 [1/1] (1.56ns)   --->   "%add_ln840_9 = add i3 %zext_ln840_6, i3 %zext_ln840_5"   --->   Operation 1344 'add' 'add_ln840_9' <Predicate = (!icmp_ln249 & icmp_ln290)> <Delay = 1.56> <CoreInst = "Adder">   --->   Core 1 'Adder' <Latency = 0> <II = 1> <Delay = 1.56> <FuncUnit> <Opcode : 'add' 'sub'> <InPorts = 2> <OutPorts = 1>
ST_6 : Operation 1345 [1/1] (1.56ns) (out node of the LUT)   --->   "%add_ln840_10 = add i2 %zext_ln218_10, i2 %zext_ln218_11"   --->   Operation 1345 'add' 'add_ln840_10' <Predicate = (!icmp_ln249 & icmp_ln290)> <Delay = 1.56> <CoreInst = "Adder">   --->   Core 1 'Adder' <Latency = 0> <II = 1> <Delay = 1.56> <FuncUnit> <Opcode : 'add' 'sub'> <InPorts = 2> <OutPorts = 1>
ST_6 : Operation 1346 [1/1] (0.00ns)   --->   "%zext_ln840_8 = zext i2 %add_ln840_10"   --->   Operation 1346 'zext' 'zext_ln840_8' <Predicate = (!icmp_ln249 & icmp_ln290)> <Delay = 0.00>
ST_6 : Operation 1347 [1/1] (1.56ns) (out node of the LUT)   --->   "%add_ln840_11 = add i2 %zext_ln218_12, i2 %zext_ln840"   --->   Operation 1347 'add' 'add_ln840_11' <Predicate = (!icmp_ln249 & icmp_ln290)> <Delay = 1.56> <CoreInst = "Adder">   --->   Core 1 'Adder' <Latency = 0> <II = 1> <Delay = 1.56> <FuncUnit> <Opcode : 'add' 'sub'> <InPorts = 2> <OutPorts = 1>
ST_6 : Operation 1348 [1/1] (0.00ns)   --->   "%zext_ln840_9 = zext i2 %add_ln840_11"   --->   Operation 1348 'zext' 'zext_ln840_9' <Predicate = (!icmp_ln249 & icmp_ln290)> <Delay = 0.00>
ST_6 : Operation 1349 [1/1] (1.56ns)   --->   "%add_ln840_12 = add i3 %zext_ln840_9, i3 %zext_ln840_8"   --->   Operation 1349 'add' 'add_ln840_12' <Predicate = (!icmp_ln249 & icmp_ln290)> <Delay = 1.56> <CoreInst = "Adder">   --->   Core 1 'Adder' <Latency = 0> <II = 1> <Delay = 1.56> <FuncUnit> <Opcode : 'add' 'sub'> <InPorts = 2> <OutPorts = 1>

State 7 <SV = 6> <Delay = 3.31>
ST_7 : Operation 1350 [1/1] (0.00ns)   --->   "%zext_ln840_4 = zext i3 %add_ln840_6"   --->   Operation 1350 'zext' 'zext_ln840_4' <Predicate = (!icmp_ln249 & icmp_ln290)> <Delay = 0.00>
ST_7 : Operation 1351 [1/1] (0.00ns)   --->   "%zext_ln840_7 = zext i3 %add_ln840_9"   --->   Operation 1351 'zext' 'zext_ln840_7' <Predicate = (!icmp_ln249 & icmp_ln290)> <Delay = 0.00>
ST_7 : Operation 1352 [1/1] (0.00ns)   --->   "%zext_ln840_10 = zext i3 %add_ln840_12"   --->   Operation 1352 'zext' 'zext_ln840_10' <Predicate = (!icmp_ln249 & icmp_ln290)> <Delay = 0.00>
ST_7 : Operation 1353 [1/1] (0.00ns) (grouped into TernaryAdder)   --->   "%add_ln840_13 = add i4 %zext_ln840_10, i4 %zext_ln840_7"   --->   Operation 1353 'add' 'add_ln840_13' <Predicate = (!icmp_ln249 & icmp_ln290)> <Delay = 0.00> <CoreInst = "TAddSub">   --->   Core 10 'TAddSub' <Latency = 0> <II = 1> <Delay = 1.65> <IPBlock> <Opcode : 'add' 'sub'> <InPorts = 3> <OutPorts = 1> <Sync> <CReg>
ST_7 : Operation 1354 [1/1] (3.31ns) (root node of TernaryAdder)   --->   "%result_V_2 = add i4 %add_ln840_13, i4 %zext_ln840_4"   --->   Operation 1354 'add' 'result_V_2' <Predicate = (!icmp_ln249 & icmp_ln290)> <Delay = 3.31> <CoreInst = "TAddSub">   --->   Core 10 'TAddSub' <Latency = 0> <II = 1> <Delay = 1.65> <IPBlock> <Opcode : 'add' 'sub'> <InPorts = 3> <OutPorts = 1> <Sync> <CReg>
ST_7 : Operation 1355 [1/1] (0.00ns)   --->   "%zext_ln298 = zext i4 %result_V_2" [/home/miguel_tfg/FINN-v0.9-Stable/deps/finn-hlslib/mvau.hpp:298]   --->   Operation 1355 'zext' 'zext_ln298' <Predicate = (!icmp_ln249 & icmp_ln290)> <Delay = 0.00>
ST_7 : Operation 1356 [1/1] (0.00ns)   --->   "%write_ln298 = write void @_ssdm_op_Write.axis.volatile.i8P128A, i8 %out_V, i8 %zext_ln298" [/home/miguel_tfg/FINN-v0.9-Stable/deps/finn-hlslib/mvau.hpp:298]   --->   Operation 1356 'write' 'write_ln298' <Predicate = (!icmp_ln249 & icmp_ln290)> <Delay = 0.00> <CoreInst = "axis">   --->   Core 115 'axis' <Latency = 0> <II = 1> <Delay = 1.00> <Adapter> <Opcode : >
ST_7 : Operation 1357 [1/1] (0.00ns)   --->   "%br_ln306 = br void %for.inc90" [/home/miguel_tfg/FINN-v0.9-Stable/deps/finn-hlslib/mvau.hpp:306]   --->   Operation 1357 'br' 'br_ln306' <Predicate = (!icmp_ln249 & icmp_ln290)> <Delay = 0.00>
ST_7 : Operation 1358 [1/1] (0.00ns)   --->   "%ret_ln308 = ret" [/home/miguel_tfg/FINN-v0.9-Stable/deps/finn-hlslib/mvau.hpp:308]   --->   Operation 1358 'ret' 'ret_ln308' <Predicate = (icmp_ln249)> <Delay = 0.00>


============================================================
+ Verbose Summary: Timing violations
============================================================
Target clock period: 10ns, clock uncertainty: 2.7ns.

 <State 1>: 7.59ns
The critical path consists of the following:
	'alloca' operation ('nf') [310]  (0 ns)
	'load' operation ('nf', /home/miguel_tfg/FINN-v0.9-Stable/deps/finn-hlslib/mvau.hpp:302) on local variable 'nf' [321]  (0 ns)
	'add' operation ('nf', /home/miguel_tfg/FINN-v0.9-Stable/deps/finn-hlslib/mvau.hpp:302) [1636]  (2.55 ns)
	'icmp' operation ('icmp_ln302', /home/miguel_tfg/FINN-v0.9-Stable/deps/finn-hlslib/mvau.hpp:302) [1637]  (2.47 ns)
	'select' operation ('nf', /home/miguel_tfg/FINN-v0.9-Stable/deps/finn-hlslib/mvau.hpp:302) [1638]  (0.698 ns)
	'store' operation ('store_ln306', /home/miguel_tfg/FINN-v0.9-Stable/deps/finn-hlslib/mvau.hpp:306) of variable 'nf', /home/miguel_tfg/FINN-v0.9-Stable/deps/finn-hlslib/mvau.hpp:302 on local variable 'nf' [1639]  (1.59 ns)
	blocking operation 0.28 ns on control path)

 <State 2>: 2.64ns
The critical path consists of the following:
	multiplexor before 'phi' operation ('inputBuf.V') with incoming values : ('tmp', /home/miguel_tfg/FINN-v0.9-Stable/deps/finn-hlslib/mvau.hpp:261) ('inElem', /home/miguel_tfg/FINN-v0.9-Stable/deps/finn-hlslib/mvau.hpp:255) [1495]  (1.59 ns)
	'phi' operation ('inputBuf.V') with incoming values : ('tmp', /home/miguel_tfg/FINN-v0.9-Stable/deps/finn-hlslib/mvau.hpp:261) ('inElem', /home/miguel_tfg/FINN-v0.9-Stable/deps/finn-hlslib/mvau.hpp:255) [1495]  (0 ns)
	'mul' operation of DSP[1508] ('ret.V') [1504]  (1.05 ns)

 <State 3>: 1.05ns
The critical path consists of the following:
	'mul' operation of DSP[1508] ('ret.V') [1504]  (1.05 ns)

 <State 4>: 2.8ns
The critical path consists of the following:
	'load' operation ('add_i4_i338_load', /home/miguel_tfg/FINN-v0.9-Stable/deps/finn-hlslib/mvau.hpp:272) on local variable 'add_i4_i338' [1496]  (0 ns)
	'select' operation ('select_ln272', /home/miguel_tfg/FINN-v0.9-Stable/deps/finn-hlslib/mvau.hpp:272) [1500]  (0.702 ns)
	'add' operation of DSP[1508] ('add_ln840') [1508]  (2.1 ns)

 <State 5>: 4.53ns
The critical path consists of the following:
	'load' operation ('p_ZL7threshs_0_load') on array 'p_ZL7threshs_0' [1518]  (2.32 ns)
	'icmp' operation ('icmp_ln1039') [1520]  (2.21 ns)

 <State 6>: 5.74ns
The critical path consists of the following:
	'xor' operation ('result.V') [1521]  (0.978 ns)
	'add' operation ('add_ln840_1') [1610]  (0 ns)
	'add' operation ('add_ln840_2') [1611]  (2.07 ns)
	'add' operation ('add_ln840_6') [1618]  (2.69 ns)

 <State 7>: 3.32ns
The critical path consists of the following:
	'add' operation ('result.V') [1633]  (3.32 ns)


============================================================
+ Verbose Summary: Binding
============================================================
N/A
* FSMD analyzer results:
  - Output states:
 - Input state : 
  - Chain level:
	State 1
	State 2
	State 3
	State 4
	State 5
	State 6
	State 7


============================================================
+ Verbose Summary: Datapath Resource usage 
============================================================
N/A
