frame,image,csv_v,csv_w,finn_v,finn_w,error_v,error_w,cycles_send,drain_cycles,total_cycles,elapsed_ms
0,1.png,5,-0.2014,4.91873,-0.183751,-0.0812697,0.0176492,576,26309,26885,24.8399
1,2.png,5,-0.19,4.91873,-0.183751,-0.0812697,0.00624925,576,26309,26885,23.6344
2,3.png,5,-0.19,4.91873,-0.183751,-0.0812697,0.00624925,576,26309,26885,27.2669
3,4.png,5,-0.19,4.91873,-0.183751,-0.0812697,0.00624925,576,26309,26885,29.8519
4,5.png,5,-0.19,4.91873,-0.183751,-0.0812697,0.00624925,576,26309,26885,32.8284
5,6.png,5,-0.19,4.91873,-0.183751,-0.0812697,0.00624925,576,26309,26885,35.3916
6,7.png,5,-0.19,4.91873,-0.183751,-0.0812697,0.00624925,576,26309,26885,33.9102
7,8.png,5,-0.19,4.91873,-0.183751,-0.0812697,0.00624925,576,26309,26885,35.5578
8,9.png,5,-0.19,4.91873,-0.183751,-0.0812697,0.00624925,576,26309,26885,43.7621
9,10.png,5,-0.19,4.91873,-0.183751,-0.0812697,0.00624925,576,26309,26885,35.2731
10,11.png,5,-0.19,4.91873,-0.183751,-0.0812697,0.00624925,576,26309,26885,43.554
11,12.png,5,-0.19,4.91873,-0.183751,-0.0812697,0.00624925,576,26309,26885,26.7058
12,13.png,5,-0.19,4.91873,-0.183751,-0.0812697,0.00624925,576,26309,26885,35.5423
13,14.png,5,-0.19,4.91873,-0.183751,-0.0812697,0.00624925,576,26309,26885,35.88
14,15.png,5,-0.19,4.91873,-0.183751,-0.0812697,0.00624925,576,26309,26885,32.805
15,16.png,5,-0.19,4.91873,-0.183751,-0.0812697,0.00624925,576,26309,26885,48.6261
16,17.png,5,-0.19,4.91873,-0.183751,-0.0812697,0.00624925,576,26309,26885,28.5776
17,18.png,5,-0.1847,4.90287,-0.213057,-0.0971284,-0.028357,576,26309,26885,37.7617
18,19.png,5,-0.185,4.90287,-0.213057,-0.0971284,-0.028057,576,26309,26885,34.4323
19,20.png,5,-0.1744,4.90514,-0.158631,-0.0948629,0.0157689,576,26309,26885,35.6787
20,21.png,5,-0.1697,5.01841,0.205604,0.0184116,0.375304,576,26309,26885,33.8754
21,22.png,5,-0.1594,5.02521,0.215024,0.025208,0.374424,576,26309,26885,35.266
22,23.png,5,-0.16,5.02521,0.215024,0.025208,0.375024,576,26309,26885,23.5611
23,24.png,5,-0.1547,4.98896,-0.118858,-0.0110397,0.0358416,576,26309,26885,23.5509
24,25.png,5,-0.155,4.98896,-0.118858,-0.0110397,0.0361416,576,26309,26885,35.5039
25,26.png,5,-0.1497,4.99802,-0.118858,-0.00197792,0.0308416,576,26309,26885,35.1908
26,27.png,5,-0.1447,5.00482,-0.111532,0.00481844,0.0331683,576,26309,26885,34.7496
27,28.png,5,-0.145,5.00482,-0.111532,0.00481844,0.0334682,576,26309,26885,35.4333
28,29.png,5,-0.1397,4.98669,-0.111532,-0.0133052,0.0281682,576,26309,26885,25.1262
29,30.png,5,-0.14,4.98669,-0.111532,-0.0133052,0.0284683,576,26309,26885,35.598
30,31.png,5,-0.14,4.98669,-0.111532,-0.0133052,0.0284683,576,26309,26885,29.1604
31,32.png,5,-0.14,4.98216,-0.112578,-0.0178361,0.0274215,576,26309,26885,37.1032
32,33.png,5,-0.14,4.98216,-0.112578,-0.0178361,0.0274215,576,26309,26885,34.5008
33,34.png,5,-0.1347,4.99123,-0.112578,-0.00877428,0.0221215,576,26309,26885,35.3658
34,35.png,5,-0.135,4.99123,-0.112578,-0.00877428,0.0224215,576,26309,26885,35.2089
35,36.png,5,-0.135,4.99123,-0.112578,-0.00877428,0.0224215,576,26309,26885,37.2335
36,37.png,5,-0.135,4.99123,-0.111532,-0.00877428,0.0234683,576,26309,26885,35.337
37,38.png,5,-0.135,4.99123,-0.111532,-0.00877428,0.0234683,576,26309,26885,35.0912
38,39.png,5,-0.1297,4.99802,-0.111532,-0.00197792,0.0181683,576,26309,26885,28.6544
39,40.png,5,-0.13,4.99802,-0.111532,-0.00197792,0.0184682,576,26309,26885,37.6617
40,41.png,5,-0.13,5.00708,-0.102112,0.00708389,0.027888,576,26309,26885,36.2313
41,42.png,5,-0.13,5.00708,-0.102112,0.00708389,0.027888,576,26309,26885,32.9403
42,43.png,5,-0.1247,5.00708,-0.102112,0.00708389,0.022588,576,26309,26885,36.6838
43,44.png,5,-0.125,5.00708,-0.102112,0.00708389,0.022888,576,26309,26885,38.1472
44,45.png,5,-0.125,4.99123,-0.101065,-0.00877428,0.0239348,576,26309,26885,37.2689
45,46.png,5,-0.125,4.99123,-0.101065,-0.00877428,0.0239348,576,26309,26885,37.8581
46,47.png,5,-0.125,4.99123,-0.101065,-0.00877428,0.0239348,576,26309,26885,35.6319
47,48.png,5,-0.125,4.99123,-0.101065,-0.00877428,0.0239348,576,26309,26885,36.3435
48,49.png,5,-0.125,4.99123,-0.101065,-0.00877428,0.0239348,576,26309,26885,36.5885
49,50.png,5,-0.1197,4.99123,-0.101065,-0.00877428,0.0186348,576,26309,26885,35.039
50,51.png,5,-0.12,4.99123,-0.101065,-0.00877428,0.0189348,576,26309,26885,23.7091
51,52.png,5,-0.12,4.99123,-0.101065,-0.00877428,0.0189348,576,26309,26885,25.5685
52,53.png,5,-0.12,4.99123,-0.100019,-0.00877428,0.0199813,576,26309,26885,36.8713
53,54.png,5,-0.12,4.99123,-0.100019,-0.00877428,0.0199813,576,26309,26885,37.6408
54,55.png,5,-0.12,4.99123,-0.100019,-0.00877428,0.0199813,576,26309,26885,32.1931
55,56.png,5,-0.12,4.99349,-0.0989719,-0.00650883,0.0210281,576,26309,26885,35.306
56,57.png,5,-0.1147,4.99802,-0.0885054,-0.00197792,0.0261946,576,26309,26885,34.2302
57,58.png,5,-0.115,4.99802,-0.0885054,-0.00197792,0.0264946,576,26309,26885,36.6232
58,59.png,5,-0.115,4.99802,-0.0885054,-0.00197792,0.0264946,576,26309,26885,30.2111
59,60.png,5,-0.115,4.99349,-0.0989719,-0.00650883,0.0160281,576,26309,26885,35.5038
60,61.png,5,-0.115,4.99349,-0.0989719,-0.00650883,0.0160281,576,26309,26885,37.5184
61,62.png,5,-0.115,4.99576,-0.0916454,-0.00424337,0.0233546,576,26309,26885,35.7438
62,63.png,5,-0.115,4.99576,-0.0916454,-0.00424337,0.0233546,576,26309,26885,35.1445
63,64.png,5,-0.115,5.00708,-0.0885054,0.00708389,0.0264946,576,26309,26885,28.9892
64,65.png,5,-0.115,5.00708,-0.0885054,0.00708389,0.0264946,576,26309,26885,35.5108
65,66.png,5,-0.1097,5.00255,-0.0874588,0.00255299,0.0222412,576,26309,26885,28.7716
66,67.png,5,-0.11,5.00255,-0.0874588,0.00255299,0.0225412,576,26309,26885,33.0979
67,68.png,5,-0.11,5.00255,-0.0916454,0.00255299,0.0183546,576,26309,26885,28.4937
68,69.png,5,-0.11,5.00255,-0.0916454,0.00255299,0.0183546,576,26309,26885,28.054
69,70.png,5,-0.11,5.00708,-0.0885054,0.00708389,0.0214946,576,26309,26885,36.8856
70,71.png,5,-0.11,4.99802,-0.0874588,-0.00197792,0.0225412,576,26309,26885,35.5775
71,72.png,5,-0.11,4.99802,-0.0874588,-0.00197792,0.0225412,576,26309,26885,34.8561
72,73.png,5,-0.11,4.99802,-0.0874588,-0.00197792,0.0225412,576,26309,26885,29.8179
73,74.png,5,-0.1047,5.00255,-0.0874588,0.00255299,0.0172412,576,26309,26885,35.6408
74,75.png,5,-0.105,5.00255,-0.0874588,0.00255299,0.0175412,576,26309,26885,35.4185
75,76.png,5,-0.105,4.99576,-0.0843188,-0.00424337,0.0206812,576,26309,26885,34.5914
76,77.png,5,-0.105,4.99576,-0.0843188,-0.00424337,0.0206812,576,26309,26885,35.8119
77,78.png,5,-0.105,5.00708,-0.0843188,0.00708389,0.0206812,576,26309,26885,35.6134
78,79.png,5,-0.105,5.00708,-0.0843188,0.00708389,0.0206812,576,26309,26885,23.5997
79,80.png,5,-0.105,5.00482,-0.0801321,0.00481844,0.0248679,576,26309,26885,23.6612
80,81.png,5,-0.105,5.00482,-0.0801321,0.00481844,0.0248679,576,26309,26885,37.468
81,82.png,5,-0.105,5.00482,-0.0801321,0.00481844,0.0248679,576,26309,26885,36.4011
82,83.png,5,-0.105,5.00482,-0.0801321,0.00481844,0.0248679,576,26309,26885,29.3934
83,84.png,5,-0.105,5.00255,-0.0801321,0.00255299,0.0248679,576,26309,26885,35.8454
84,85.png,5,-0.105,5.00255,-0.0801321,0.00255299,0.0248679,576,26309,26885,37.0762
85,86.png,5,-0.0997,5.00255,-0.0801321,0.00255299,0.0195679,576,26309,26885,34.156
86,87.png,5,-0.1,5.00255,-0.0801321,0.00255299,0.0198679,576,26309,26885,34.6135
87,88.png,5,-0.1,5.00029,-0.0780388,0.000287533,0.0219612,576,26309,26885,36.1938
88,89.png,5,-0.1,5.00029,-0.0780388,0.000287533,0.0219612,576,26309,26885,34.1957
89,90.png,5,-0.1,5.01388,-0.0696656,0.0138807,0.0303344,576,26309,26885,34.3026
90,91.png,5,-0.1,5.01388,-0.0696656,0.0138807,0.0303344,576,26309,26885,31.6733
91,92.png,5,-0.1,5.01388,-0.0696656,0.0138807,0.0303344,576,26309,26885,35.338
92,93.png,5,-0.1,5.01388,-0.0696656,0.0138807,0.0303344,576,26309,26885,34.9717
93,94.png,5,-0.1,5.01615,-0.0759455,0.0161457,0.0240545,576,26309,26885,31.0034
94,95.png,5,-0.0947,5.00935,-0.0696656,0.00934982,0.0250344,576,26309,26885,27.5852
95,96.png,5,-0.095,5.00935,-0.0696656,0.00934982,0.0253344,576,26309,26885,32.2882
96,97.png,5,-0.095,5.00935,-0.0696656,0.00934982,0.0253344,576,26309,26885,37.6683
97,98.png,5,-0.095,5.00255,-0.074899,0.00255299,0.020101,576,26309,26885,31.3096
98,99.png,5,-0.095,5.00708,-0.074899,0.00708389,0.020101,576,26309,26885,37.9419
99,100.png,5,-0.095,5.00708,-0.074899,0.00708389,0.020101,576,26309,26885,35.7072
100,101.png,5,-0.095,5.00708,-0.074899,0.00708389,0.020101,576,26309,26885,29.0019
101,102.png,5,-0.095,5.00255,-0.074899,0.00255299,0.020101,576,26309,26885,35.6201
102,103.png,5,-0.095,5.00255,-0.074899,0.00255299,0.020101,576,26309,26885,37.4022
103,104.png,5,-0.095,5.00708,-0.074899,0.00708389,0.020101,576,26309,26885,31.219
104,105.png,5,-0.095,5.00708,-0.074899,0.00708389,0.020101,576,26309,26885,35.7425
105,106.png,5,-0.095,5.00255,-0.074899,0.00255299,0.020101,576,26309,26885,25.2381
106,107.png,5,-0.095,5.00255,-0.074899,0.00255299,0.020101,576,26309,26885,23.832
107,108.png,5,-0.095,4.99576,-0.074899,-0.00424337,0.020101,576,26309,26885,24.4321
108,109.png,5,-0.095,4.99576,-0.074899,-0.00424337,0.020101,576,26309,26885,27.2868
109,110.png,5,-0.095,4.99802,-0.0738522,-0.00197792,0.0211478,576,26309,26885,35.634
110,111.png,5,-0.095,4.99802,-0.0738522,-0.00197792,0.0211478,576,26309,26885,34.2272
111,112.png,5,-0.0897,5.00482,-0.0717589,0.00481844,0.0179411,576,26309,26885,29.8037
112,113.png,5,-0.09,5.00482,-0.0717589,0.00481844,0.0182411,576,26309,26885,34.0976
113,114.png,5,-0.09,5.01615,-0.0728057,0.0161457,0.0171943,576,26309,26885,35.5145
114,115.png,5,-0.09,5.01615,-0.0728057,0.0161457,0.0171943,576,26309,26885,35.2467
115,116.png,5,-0.09,5.00255,-0.0675723,0.00255299,0.0224277,576,26309,26885,29.2161
116,117.png,5,-0.09,5.00255,-0.0675723,0.00255299,0.0224277,576,26309,26885,37.2215
117,118.png,5,-0.09,5.00255,-0.0675723,0.00255299,0.0224277,576,26309,26885,29.6318
118,119.png,5,-0.09,5.00255,-0.0675723,0.00255299,0.0224277,576,26309,26885,38.3146
119,120.png,5,-0.09,5.00935,-0.0675723,0.00934982,0.0224277,576,26309,26885,35.4943
120,121.png,5,-0.09,5.00935,-0.0675723,0.00934982,0.0224277,576,26309,26885,29.5421
121,122.png,5,-0.09,5.00935,-0.0675723,0.00934982,0.0224277,576,26309,26885,37.2475
122,123.png,5,-0.09,5.00935,-0.0675723,0.00934982,0.0224277,576,26309,26885,37.1317
123,124.png,5,-0.09,5.00029,-0.0738522,0.000287533,0.0161478,576,26309,26885,35.7524
124,125.png,5,-0.09,5.00029,-0.0738522,0.000287533,0.0161478,576,26309,26885,34.0333
125,126.png,5,-0.0847,5.01615,-0.0665257,0.0161457,0.0181743,576,26309,26885,35.5607
126,127.png,5,-0.085,5.01615,-0.0665257,0.0161457,0.0184743,576,26309,26885,35.4642
127,128.png,5,-0.085,5.00708,-0.0665257,0.00708389,0.0184743,576,26309,26885,34.8893
128,129.png,5,-0.085,5.00708,-0.0665257,0.00708389,0.0184743,576,26309,26885,38.0253
129,130.png,5,-0.085,5.00255,-0.0633857,0.00255299,0.0216143,576,26309,26885,35.5087
130,131.png,5,-0.085,5.00255,-0.0633857,0.00255299,0.0216143,576,26309,26885,34.5313
131,132.png,5,-0.085,5.00029,-0.065479,0.000287533,0.019521,576,26309,26885,37.5156
132,133.png,5,-0.085,5.00029,-0.065479,0.000287533,0.019521,576,26309,26885,35.086
133,134.png,5,-0.085,5.01615,-0.0665257,0.0161457,0.0184743,576,26309,26885,36.8061
134,135.png,5,-0.085,5.01615,-0.0665257,0.0161457,0.0184743,576,26309,26885,23.6791
135,136.png,5,-0.085,5.00029,-0.065479,0.000287533,0.019521,576,26309,26885,23.6073
136,137.png,5,-0.085,5.00029,-0.065479,0.000287533,0.019521,576,26309,26885,34.935
137,138.png,5,-0.085,5.01161,-0.0633857,0.0116148,0.0216143,576,26309,26885,29.0032
138,139.png,5,-0.085,5.01161,-0.0633857,0.0116148,0.0216143,576,26309,26885,42.5228
139,140.png,5,-0.085,5.01161,-0.0633857,0.0116148,0.0216143,576,26309,26885,35.4806
140,141.png,5,-0.085,5.01161,-0.0633857,0.0116148,0.0216143,576,26309,26885,32.8798
141,142.png,5,-0.085,5.01615,-0.0633857,0.0161457,0.0216143,576,26309,26885,35.4034
142,143.png,5,-0.085,5.01615,-0.0633857,0.0161457,0.0216143,576,26309,26885,35.7761
143,144.png,5,-0.0797,4.99802,-0.0602458,-0.00197792,0.0194542,576,26309,26885,35.9163
144,145.png,5,-0.08,4.99802,-0.0602458,-0.00197792,0.0197542,576,26309,26885,34.1911
145,146.png,5,-0.08,5.00708,-0.0602458,0.00708389,0.0197542,576,26309,26885,32.383
146,147.png,5,-0.08,5.00708,-0.0602458,0.00708389,0.0197542,576,26309,26885,34.7621
147,148.png,5,-0.08,5.01388,-0.0550125,0.0138807,0.0249875,576,26309,26885,34.9072
148,149.png,5,-0.08,5.01388,-0.0550125,0.0138807,0.0249875,576,26309,26885,29.4066
149,150.png,5,-0.08,5.01388,-0.0550125,0.0138807,0.0249875,576,26309,26885,39.0269
150,151.png,5,-0.08,5.01388,-0.0550125,0.0138807,0.0249875,576,26309,26885,35.0954
151,152.png,5,-0.08,4.99802,-0.0602458,-0.00197792,0.0197542,576,26309,26885,38.0483
152,153.png,5,-0.08,4.99802,-0.0602458,-0.00197792,0.0197542,576,26309,26885,35.6741
153,154.png,5,-0.08,5.00708,-0.0602458,0.00708389,0.0197542,576,26309,26885,35.7297
154,155.png,5,-0.08,5.00708,-0.0602458,0.00708389,0.0197542,576,26309,26885,35.2718
155,156.png,5,-0.08,5.00935,-0.0560592,0.00934982,0.0239408,576,26309,26885,36.6956
156,157.png,5,-0.08,5.00935,-0.0560592,0.00934982,0.0239408,576,26309,26885,31.5669
157,158.png,5,-0.0747,5.01388,-0.0550125,0.0138807,0.0196875,576,26309,26885,35.3741
158,159.png,5,-0.075,5.01388,-0.0550125,0.0138807,0.0199875,576,26309,26885,34.6546
159,160.png,5,-0.075,5.00935,-0.0560592,0.00934982,0.0189408,576,26309,26885,29.0897
160,161.png,5,-0.075,5.00935,-0.0560592,0.00934982,0.0189408,576,26309,26885,36.8452
161,162.png,5,-0.075,5.00935,-0.0560592,0.00934982,0.0189408,576,26309,26885,38.1036
162,163.png,5,-0.075,5.00935,-0.0560592,0.00934982,0.0189408,576,26309,26885,23.576
163,164.png,5,-0.075,4.98896,-0.0529192,-0.0110397,0.0220808,576,26309,26885,31.8712
164,165.png,5,-0.075,4.98896,-0.0529192,-0.0110397,0.0220808,576,26309,26885,35.474
165,166.png,5,-0.075,5.00935,-0.0560592,0.00934982,0.0189408,576,26309,26885,35.2767
166,167.png,5,-0.075,5.00935,-0.0560592,0.00934982,0.0189408,576,26309,26885,37.5641
167,168.png,5,-0.075,4.98896,-0.0529192,-0.0110397,0.0220808,576,26309,26885,35.7669
168,169.png,5,-0.075,4.98896,-0.0529192,-0.0110397,0.0220808,576,26309,26885,32.8057
169,170.png,5,-0.075,5.00029,-0.0571058,0.000287533,0.0178942,576,26309,26885,42.7318
170,171.png,5,-0.075,5.00029,-0.0571058,0.000287533,0.0178942,576,26309,26885,25.6895
171,172.png,5,-0.075,5.00029,-0.0539659,0.000287533,0.0210341,576,26309,26885,34.3939
172,173.png,5,-0.075,5.00029,-0.0539659,0.000287533,0.0210341,576,26309,26885,36.2676
173,174.png,5,-0.075,5.00029,-0.0539659,0.000287533,0.0210341,576,26309,26885,29.3059
174,175.png,5,-0.075,5.00029,-0.0539659,0.000287533,0.0210341,576,26309,26885,30.3854
175,176.png,5,-0.0697,5.00029,-0.0508258,0.000287533,0.0188742,576,26309,26885,31.9351
176,177.png,5,-0.07,5.00029,-0.0508258,0.000287533,0.0191742,576,26309,26885,33.7211
177,178.png,5,-0.07,5.01388,-0.0518726,0.0138807,0.0181274,576,26309,26885,29.3905
178,179.png,5,-0.07,5.01388,-0.0518726,0.0138807,0.0181274,576,26309,26885,35.4646
179,180.png,5,-0.07,5.01388,-0.0518726,0.0138807,0.0181274,576,26309,26885,35.8851
180,181.png,5,-0.07,5.01388,-0.0518726,0.0138807,0.0181274,576,26309,26885,42.3433
181,182.png,5,-0.07,5.00482,-0.0518726,0.00481844,0.0181274,576,26309,26885,33.6396
182,183.png,5,-0.07,5.00482,-0.0518726,0.00481844,0.0181274,576,26309,26885,37.4447
183,184.png,5,-0.07,5.00255,-0.0497793,0.00255299,0.0202207,576,26309,26885,37.4584
184,185.png,5,-0.07,5.00255,-0.0497793,0.00255299,0.0202207,576,26309,26885,31.5805
185,186.png,5,-0.07,5.00255,-0.0497793,0.00255299,0.0202207,576,26309,26885,32.7061
186,187.png,5,-0.07,5.00255,-0.0497793,0.00255299,0.0202207,576,26309,26885,35.7925
187,188.png,5,-0.0647,5.01161,-0.0497793,0.0116148,0.0149207,576,26309,26885,33.7829
188,189.png,5,-0.065,5.01161,-0.0497793,0.0116148,0.0152207,576,26309,26885,23.5427
189,190.png,5,-0.065,5.00935,-0.0445459,0.00934982,0.0204541,576,26309,26885,35.6449
190,191.png,5,-0.065,5.00935,-0.0445459,0.00934982,0.0204541,576,26309,26885,24.2328
191,192.png,5,-0.065,5.01615,-0.0445459,0.0161457,0.0204541,576,26309,26885,33.193
192,193.png,5,-0.065,5.01615,-0.0445459,0.0161457,0.0204541,576,26309,26885,35.8512
193,194.png,5,-0.065,5.01841,-0.0434994,0.0184116,0.0215006,576,26309,26885,38.3034
194,195.png,5,-0.065,5.01841,-0.0434994,0.0184116,0.0215006,576,26309,26885,32.8808
195,196.png,5,-0.065,5.01161,-0.0497793,0.0116148,0.0152207,576,26309,26885,31.4656
196,197.png,5,-0.065,5.01161,-0.0497793,0.0116148,0.0152207,576,26309,26885,33.5366
197,198.png,5,-0.065,5.00029,-0.0466392,0.000287533,0.0183608,576,26309,26885,35.352
198,199.png,5,-0.065,5.00029,-0.0466392,0.000287533,0.0183608,576,26309,26885,29.4623
199,200.png,5,-0.065,5.00935,-0.0424526,0.00934982,0.0225474,576,26309,26885,35.4339
200,201.png,5,-0.065,5.00935,-0.0424526,0.00934982,0.0225474,576,26309,26885,35.5442
201,202.png,5,-0.065,5.00935,-0.0424526,0.00934982,0.0225474,576,26309,26885,36.2217
202,203.png,5,-0.065,5.00935,-0.0424526,0.00934982,0.0225474,576,26309,26885,30.6868
203,204.png,5,-0.0597,5.00482,-0.0434994,0.00481844,0.0162006,576,26309,26885,29.3127
204,205.png,5,-0.06,5.00482,-0.0434994,0.00481844,0.0165006,576,26309,26885,30.6361
205,206.png,5,-0.06,5.00708,-0.0466392,0.00708389,0.0133608,576,26309,26885,35.7201
206,207.png,5,-0.06,5.00708,-0.0466392,0.00708389,0.0133608,576,26309,26885,29.2464
207,208.png,5,-0.06,5.01161,-0.0414061,0.0116148,0.0185939,576,26309,26885,28.6813
208,209.png,5,-0.06,5.01161,-0.0414061,0.0116148,0.0185939,576,26309,26885,37.569
209,210.png,5,-0.06,5.00935,-0.0424526,0.00934982,0.0175474,576,26309,26885,35.7643
210,211.png,5,-0.06,5.00935,-0.0424526,0.00934982,0.0175474,576,26309,26885,35.8888
211,212.png,5,-0.06,5.00482,-0.038266,0.00481844,0.021734,576,26309,26885,37.6755
212,213.png,5,-0.06,5.00482,-0.038266,0.00481844,0.021734,576,26309,26885,35.985
213,214.png,5,-0.0547,5.00935,-0.0403593,0.00934982,0.0143407,576,26309,26885,35.5739
214,215.png,5,-0.055,5.00935,-0.0403593,0.00934982,0.0146407,576,26309,26885,35.4218
215,216.png,5,-0.055,5.00255,-0.0340794,0.00255299,0.0209206,576,26309,26885,23.5871
216,217.png,5,-0.055,5.00255,-0.0340794,0.00255299,0.0209206,576,26309,26885,35.4993
217,218.png,5,-0.055,5.00935,-0.0445459,0.00934982,0.0104541,576,26309,26885,35.2285
218,219.png,5,-0.055,5.00935,-0.0445459,0.00934982,0.0104541,576,26309,26885,24.4099
219,220.png,5,-0.055,5.00029,-0.0351261,0.000287533,0.0198739,576,26309,26885,34.4453
220,221.png,5,-0.055,5.00029,-0.0351261,0.000287533,0.0198739,576,26309,26885,35.5475
221,222.png,5,-0.055,5.00935,-0.0393128,0.00934982,0.0156872,576,26309,26885,35.0118
222,223.png,5,-0.055,5.00935,-0.0393128,0.00934982,0.0156872,576,26309,26885,35.5654
223,224.png,5,-0.055,5.00482,-0.038266,0.00481844,0.016734,576,26309,26885,35.9073
224,225.png,5,-0.055,5.00482,-0.038266,0.00481844,0.016734,576,26309,26885,34.3103
225,226.png,5,-0.055,5.00482,-0.0319861,0.00481844,0.0230139,576,26309,26885,35.6745
226,227.png,5,-0.055,5.00482,-0.0319861,0.00481844,0.0230139,576,26309,26885,35.5252
227,228.png,5,-0.0497,5.00482,-0.0319861,0.00481844,0.0177139,576,26309,26885,35.0204
228,229.png,5,-0.05,5.00482,-0.0319861,0.00481844,0.0180139,576,26309,26885,30.4482
229,230.png,5,-0.05,5.00935,-0.0340794,0.00934982,0.0159206,576,26309,26885,36.8196
230,231.png,5,-0.05,5.00935,-0.0340794,0.00934982,0.0159206,576,26309,26885,35.5206
231,232.png,5,-0.05,5.00935,-0.0330328,0.00934982,0.0169672,576,26309,26885,35.139
232,233.png,5,-0.05,5.00935,-0.0330328,0.00934982,0.0169672,576,26309,26885,28.8902
233,234.png,5,-0.05,5.00708,-0.0372194,0.00708389,0.0127806,576,26309,26885,37.4571
234,235.png,5,-0.05,5.00708,-0.0372194,0.00708389,0.0127806,576,26309,26885,33.1327
235,236.png,5,-0.05,4.99349,-0.0351261,-0.00650883,0.0148739,576,26309,26885,35.7258
236,237.png,5,-0.05,4.99349,-0.0351261,-0.00650883,0.0148739,576,26309,26885,34.9892
237,238.png,5,-0.0447,5.00029,-0.0330328,0.000287533,0.0116672,576,26309,26885,38.3198
238,239.png,5,-0.045,5.00029,-0.0330328,0.000287533,0.0119672,576,26309,26885,34.4182
239,240.png,5,-0.045,4.99349,-0.0351261,-0.00650883,0.00987386,576,26309,26885,35.0882
240,241.png,5,-0.045,4.99349,-0.0351261,-0.00650883,0.00987386,576,26309,26885,29.0393
241,242.png,5,-0.045,5.00029,-0.0257062,0.000287533,0.0192938,576,26309,26885,39.0657
242,243.png,5,-0.045,5.00029,-0.0257062,0.000287533,0.0192938,576,26309,26885,45.038
243,244.png,5,-0.045,4.99802,-0.0277995,-0.00197792,0.0172005,576,26309,26885,38.6895
244,245.png,5,-0.045,4.99802,-0.0277995,-0.00197792,0.0172005,576,26309,26885,36.9975
245,246.png,5,-0.045,4.99576,-0.0340794,-0.00424337,0.0109206,576,26309,26885,23.6871
246,247.png,5,-0.045,4.99576,-0.0340794,-0.00424337,0.0109206,576,26309,26885,24.4589
247,248.png,5,-0.0397,4.99576,-0.0340794,-0.00424337,0.00562061,576,26309,26885,34.5719
248,249.png,5,-0.04,4.99576,-0.0340794,-0.00424337,0.00592061,576,26309,26885,27.0948
249,250.png,5,-0.04,4.99576,-0.0340794,-0.00424337,0.00592061,576,26309,26885,29.2521
250,251.png,5,-0.04,4.99576,-0.0340794,-0.00424337,0.00592061,576,26309,26885,37.199
251,252.png,5,-0.04,4.99576,-0.0309395,-0.00424337,0.00906048,576,26309,26885,35.2526
252,253.png,5,-0.04,4.99576,-0.0309395,-0.00424337,0.00906048,576,26309,26885,34.5409
253,254.png,5,-0.04,4.99802,-0.0298928,-0.00197792,0.0101072,576,26309,26885,37.25
254,255.png,5,-0.04,4.99802,-0.0298928,-0.00197792,0.0101072,576,26309,26885,36.2555
255,256.png,5,-0.0347,5.00482,-0.0173329,0.00481844,0.0173671,576,26309,26885,31.5578
256,257.png,5,-0.035,5.00482,-0.0173329,0.00481844,0.0176671,576,26309,26885,35.8509
257,258.png,5,-0.035,5.00255,-0.0225663,0.00255299,0.0124337,576,26309,26885,34.8137
258,259.png,5,-0.035,5.00255,-0.0225663,0.00255299,0.0124337,576,26309,26885,35.4641
259,260.png,5,-0.035,5.00482,-0.0173329,0.00481844,0.0176671,576,26309,26885,35.3279
260,261.png,5,-0.035,5.00482,-0.0173329,0.00481844,0.0176671,576,26309,26885,35.1359
261,262.png,5,-0.035,5.00029,-0.0183797,0.000287533,0.0166203,576,26309,26885,35.6284
262,263.png,5,-0.035,5.00029,-0.0183797,0.000287533,0.0166203,576,26309,26885,34.8771
263,264.png,5,-0.035,5.00255,-0.0141931,0.00255299,0.0208069,576,26309,26885,35.458
264,265.png,5,-0.035,5.00255,-0.0141931,0.00255299,0.0208069,576,26309,26885,35.5945
265,266.png,5,-0.0297,4.98896,-0.0183797,-0.0110397,0.0113203,576,26309,26885,35.7761
266,267.png,5,-0.03,4.98896,-0.0183797,-0.0110397,0.0116203,576,26309,26885,35.6738
267,268.png,5,-0.03,4.98669,-0.0173329,-0.0133052,0.0126671,576,26309,26885,33.9887
268,269.png,5,-0.03,4.98669,-0.0173329,-0.0133052,0.0126671,576,26309,26885,23.5391
269,270.png,5,-0.03,4.99802,-0.0141931,-0.00197792,0.0158069,576,26309,26885,34.4861
270,271.png,5,-0.03,4.99802,-0.0141931,-0.00197792,0.0158069,576,26309,26885,40.9012
271,272.png,5,-0.03,4.99802,-0.0162864,-0.00197792,0.0137136,576,26309,26885,37.8208
272,273.png,5,-0.03,4.99802,-0.0162864,-0.00197792,0.0137136,576,26309,26885,37.0371
273,274.png,5,-0.0247,4.99802,-0.0162864,-0.00197792,0.00841363,576,26309,26885,23.8247
274,275.png,5,-0.025,4.99802,-0.0162864,-0.00197792,0.00871363,576,26309,26885,27.8478
275,276.png,5,-0.025,5.00708,-0.0173329,0.00708389,0.00766707,576,26309,26885,34.6143
276,277.png,5,-0.025,5.00708,-0.0173329,0.00708389,0.00766707,576,26309,26885,41.5138
277,278.png,5,-0.025,4.99802,-0.0162864,-0.00197792,0.00871363,576,26309,26885,37.0705
278,279.png,5,-0.025,4.99802,-0.0162864,-0.00197792,0.00871363,576,26309,26885,32.3124
279,280.png,5,-0.025,4.99802,-0.0152396,-0.00197792,0.00976037,576,26309,26885,38.2083
280,281.png,5,-0.025,4.99802,-0.0152396,-0.00197792,0.00976037,576,26309,26885,37.4328
281,282.png,5,-0.025,4.99802,-0.00895971,-0.00197792,0.0160403,576,26309,26885,30.4854
282,283.png,5,-0.025,4.99802,-0.00895971,-0.00197792,0.0160403,576,26309,26885,35.6897
283,284.png,5,-0.0197,4.99576,-0.0068664,-0.00424337,0.0128336,576,26309,26885,35.559
284,285.png,5,-0.02,4.99576,-0.0068664,-0.00424337,0.0131336,576,26309,26885,35.5695
285,286.png,5,-0.02,4.98896,-0.0131463,-0.0110397,0.00685368,576,26309,26885,29.1452
286,287.png,5,-0.02,4.98896,-0.0131463,-0.0110397,0.00685368,576,26309,26885,35.7323
287,288.png,5,-0.02,5.00029,-0.0141931,0.000287533,0.00580693,576,26309,26885,35.5916
288,289.png,5,-0.02,5.00029,-0.0141931,0.000287533,0.00580693,576,26309,26885,32.4278
289,290.png,5,-0.02,5.00029,-0.0100065,0.000287533,0.00999355,576,26309,26885,35.6085
290,291.png,5,-0.02,5.00029,-0.0100065,0.000287533,0.00999355,576,26309,26885,35.0611
291,292.png,5,-0.0147,5.00708,-0.00477309,0.00708389,0.00992691,576,26309,26885,34.9576
292,293.png,5,-0.015,5.00708,-0.00477309,0.00708389,0.0102269,576,26309,26885,35.7383
293,294.png,5,-0.015,5.00708,-0.00477309,0.00708389,0.0102269,576,26309,26885,29.0496
294,295.png,5,-0.015,5.00708,-0.00477309,0.00708389,0.0102269,576,26309,26885,40.209
295,296.png,5,-0.015,5.00029,-0.0100065,0.000287533,0.00499355,576,26309,26885,40.8445
296,297.png,5,-0.015,5.00029,-0.0100065,0.000287533,0.00499355,576,26309,26885,31.3825
297,298.png,5,-0.015,4.99576,0.00255339,-0.00424337,0.0175534,576,26309,26885,29.4339
298,299.png,5,-0.015,4.99576,0.00255339,-0.00424337,0.0175534,576,26309,26885,40.6516
299,300.png,5,-0.015,4.99123,0.00255339,-0.00877428,0.0175534,576,26309,26885,28.3782
300,301.png,5,-0.015,4.99123,0.00255339,-0.00877428,0.0175534,576,26309,26885,33.1387
301,302.png,5,-0.0097,5.00255,-0.00163323,0.00255299,0.00806678,576,26309,26885,23.8148
302,303.png,5,-0.01,5.00255,-0.00163323,0.00255299,0.00836677,576,26309,26885,34.341
303,304.png,5,-0.01,4.99576,0.00464688,-0.00424337,0.0146469,576,26309,26885,30.0978
304,305.png,5,-0.01,4.99576,0.00464688,-0.00424337,0.0146469,576,26309,26885,32.0164
305,306.png,5,-0.01,5.00255,-0.00163323,0.00255299,0.00836677,576,26309,26885,35.0739
306,307.png,5,-0.01,5.00255,-0.00163323,0.00255299,0.00836677,576,26309,26885,33.9628
307,308.png,5,-0.01,5.00708,0.00778675,0.00708389,0.0177868,576,26309,26885,37.1775
308,309.png,5,-0.01,5.00708,0.00778675,0.00708389,0.0177868,576,26309,26885,24.8613
309,310.png,5,-0.0047,5.00708,0.00778675,0.00708389,0.0124868,576,26309,26885,35.4204
310,311.png,5,-0.005,5.00708,0.00778675,0.00708389,0.0127867,576,26309,26885,35.7082
311,312.png,5,-0.005,4.99802,0.00569363,-0.00197792,0.0106936,576,26309,26885,35.0318
312,313.png,5,-0.005,4.99802,0.00569363,-0.00197792,0.0106936,576,26309,26885,37.7285
313,314.png,5,-0.005,4.99802,0.00150702,-0.00197792,0.00650702,576,26309,26885,37.8926
314,315.png,5,-0.005,4.99802,0.00150702,-0.00197792,0.00650702,576,26309,26885,35.5387
315,316.png,5,-0.005,4.99349,0.0088335,-0.00650883,0.0138335,576,26309,26885,34.0705
316,317.png,5,-0.005,4.99349,0.0088335,-0.00650883,0.0138335,576,26309,26885,34.6316
317,318.png,5,-0.005,4.99802,0.0151132,-0.00197792,0.0201132,576,26309,26885,37.2302
318,319.png,5,-0.005,4.99802,0.0151132,-0.00197792,0.0201132,576,26309,26885,33.8637
319,320.png,5,0.0003,4.99802,0.0151132,-0.00197792,0.0148132,576,26309,26885,35.544
320,321.png,5,-0,4.99802,0.0151132,-0.00197792,0.0151132,576,26309,26885,35.7207
321,322.png,5,-0,5.00482,0.0109266,0.00481844,0.0109266,576,26309,26885,26.1576
322,323.png,5,-0,5.00482,0.0109266,0.00481844,0.0109266,576,26309,26885,43.4011
323,324.png,5,-0,5.00029,0.00674,0.000287533,0.00674,576,26309,26885,29.4532
324,325.png,5,-0,5.00029,0.00674,0.000287533,0.00674,576,26309,26885,37.646
325,326.png,5,-0,4.99802,0.0151132,-0.00197792,0.0151132,576,26309,26885,35.5216
326,327.png,5,-0,4.99802,0.0151132,-0.00197792,0.0151132,576,26309,26885,28.5642
327,328.png,5,-0,4.99802,0.0140669,-0.00197792,0.0140669,576,26309,26885,29.1695
328,329.png,5,-0,4.99802,0.0140669,-0.00197792,0.0140669,576,26309,26885,38.4626
329,330.png,5,0.0053,5.00029,0.0203466,0.000287533,0.0150466,576,26309,26885,23.6708
330,331.png,5,0.005,5.00029,0.0203466,0.000287533,0.0153466,576,26309,26885,32.3077
331,332.png,5,0.005,4.98896,0.0140669,-0.0110397,0.00906686,576,26309,26885,35.6884
332,333.png,5,0.005,4.98896,0.0140669,-0.0110397,0.00906686,576,26309,26885,35.8274
333,334.png,5,0.005,4.99576,0.0203466,-0.00424337,0.0153466,576,26309,26885,38.142
334,335.png,5,0.005,4.99576,0.0203466,-0.00424337,0.0153466,576,26309,26885,35.1577
335,336.png,5,0.005,4.99576,0.0203466,-0.00424337,0.0153466,576,26309,26885,35.6863
336,337.png,5,0.005,4.99576,0.0203466,-0.00424337,0.0153466,576,26309,26885,35.6616
337,338.png,5,0.005,5.01161,0.0266267,0.0116148,0.0216267,576,26309,26885,29.0518
338,339.png,5,0.005,5.01161,0.0266267,0.0116148,0.0216267,576,26309,26885,28.9737
339,340.png,5,0.005,5.00935,0.0234865,0.00934982,0.0184865,576,26309,26885,38.1804
340,341.png,5,0.005,5.00935,0.0234865,0.00934982,0.0184865,576,26309,26885,34.5288
341,342.png,5,0.005,5.00255,0.0130201,0.00255299,0.00802011,576,26309,26885,35.6447
342,343.png,5,0.005,5.00255,0.0130201,0.00255299,0.00802011,576,26309,26885,35.7063
343,344.png,5,0.0103,5.00482,0.0224401,0.00481844,0.0121401,576,26309,26885,28.0568
344,345.png,5,0.01,5.00482,0.0224401,0.00481844,0.0124401,576,26309,26885,34.9478
345,346.png,5,0.01,5.00482,0.0203466,0.00481844,0.0103466,576,26309,26885,35.9355
346,347.png,5,0.01,5.00482,0.0203466,0.00481844,0.0103466,576,26309,26885,35.2
347,348.png,13,0.0054,5.00935,0.0234865,-7.99065,0.0180865,576,26309,26885,35.5458
348,349.png,13,0.0054,5.00935,0.0234865,-7.99065,0.0180865,576,26309,26885,28.9167
349,350.png,13,0.0054,5.00482,0.0203466,-7.99518,0.0149466,576,26309,26885,33.0732
350,351.png,13,0.0054,5.00482,0.0203466,-7.99518,0.0149466,576,26309,26885,28.1335
351,352.png,13,0.00835,4.99349,0.0192998,-8.00651,0.0109498,576,26309,26885,35.5653
352,353.png,13,0.0081,4.99349,0.0192998,-8.00651,0.0111998,576,26309,26885,36.4603
353,354.png,13,0.01105,5.00029,0.0318597,-7.99971,0.0208097,576,26309,26885,35.8624
354,355.png,13,0.0108,5.00029,0.0318597,-7.99971,0.0210597,576,26309,26885,37.2282
355,356.png,13,0.01375,5.00482,0.0349996,-7.99518,0.0212496,576,26309,26885,35.7858
356,357.png,13,0.0135,5.00482,0.0349996,-7.99518,0.0214996,576,26309,26885,31.6419
357,358.png,13,0.01645,5.00935,0.0349996,-7.99065,0.0185496,576,26309,26885,23.7303
358,359.png,13,0.0162,5.00935,0.0349996,-7.99065,0.0187996,576,26309,26885,35.4292
359,360.png,13,0.01915,5.00708,0.0360463,-7.99292,0.0168963,576,26309,26885,35.5048
360,361.png,13,0.0189,5.00708,0.0360463,-7.99292,0.0171463,576,26309,26885,26.2101
361,362.png,13,0.0189,5.00482,0.0391862,-7.99518,0.0202862,576,26309,26885,31.048
362,363.png,13,0.0189,5.00482,0.0391862,-7.99518,0.0202862,576,26309,26885,35.0766
363,364.png,13,0.02185,5.00255,0.0444195,-7.99745,0.0225695,576,26309,26885,34.9843
364,365.png,13,0.0216,5.00255,0.0444195,-7.99745,0.0228195,576,26309,26885,35.1356
365,366.png,13,0.02455,4.98896,0.0360463,-8.01104,0.0114963,576,26309,26885,29.3917
366,367.png,13,0.0243,4.98896,0.0360463,-8.01104,0.0117463,576,26309,26885,29.4625
367,368.png,13,0.0243,4.98669,0.0433728,-8.01331,0.0190728,576,26309,26885,37.5284
368,369.png,13,0.0243,4.98669,0.0433728,-8.01331,0.0190728,576,26309,26885,37.7278
369,370.png,13,0.02725,5.00029,0.046513,-7.99971,0.019263,576,26309,26885,35.596
370,371.png,13,0.027,5.00029,0.046513,-7.99971,0.019513,576,26309,26885,35.1965
371,372.png,13,0.027,5.00255,0.0423264,-7.99745,0.0153264,576,26309,26885,36.4474
372,373.png,13,0.027,5.00255,0.0423264,-7.99745,0.0153264,576,26309,26885,37.3102
373,374.png,13,0.02995,5.00482,0.0381398,-7.99518,0.00818979,576,26309,26885,35.8702
374,375.png,13,0.0297,5.00482,0.0381398,-7.99518,0.00843979,576,26309,26885,35.7709
375,376.png,13,0.0297,5.00029,0.0433728,-7.99971,0.0136728,576,26309,26885,39.1395
376,377.png,13,0.0297,5.00029,0.0433728,-7.99971,0.0136728,576,26309,26885,36.8257
377,378.png,5,0.055,5.00708,0.0444195,0.00708389,-0.0105805,576,26309,26885,37.2984
378,379.png,5,0.055,5.00708,0.0444195,0.00708389,-0.0105805,576,26309,26885,31.67
379,380.png,5,0.0603,5.00708,0.0486061,0.00708389,-0.0116939,576,26309,26885,28.9062
380,381.png,5,0.06,5.00708,0.0486061,0.00708389,-0.0113939,576,26309,26885,33.2046
381,382.png,5,0.0547,4.99802,0.0496529,-0.00197792,-0.00504711,576,26309,26885,37.7219
382,383.png,5,0.055,4.99802,0.0496529,-0.00197792,-0.00534711,576,26309,26885,35.8414
383,384.png,5,0.055,5.00255,0.0486061,0.00255299,-0.00639386,576,26309,26885,32.9502
384,385.png,5,0.055,5.00255,0.0486061,0.00255299,-0.00639386,576,26309,26885,23.5923
385,386.png,5,0.055,4.98896,0.0433728,-0.0110397,-0.0116272,576,26309,26885,23.714
386,387.png,5,0.055,4.98896,0.0433728,-0.0110397,-0.0116272,576,26309,26885,36.6634
387,388.png,5,0.055,5.00708,0.0444195,0.00708389,-0.0105805,576,26309,26885,35.0458
388,389.png,5,0.055,5.00708,0.0444195,0.00708389,-0.0105805,576,26309,26885,32.5441
389,390.png,5,0.055,4.99576,0.0527928,-0.00424337,-0.00220724,576,26309,26885,40.1876
390,391.png,5,0.055,4.99576,0.0527928,-0.00424337,-0.00220724,576,26309,26885,35.4871
391,392.png,5,0.055,5.00029,0.0433728,0.000287533,-0.0116272,576,26309,26885,35.5879
392,393.png,5,0.055,5.00029,0.0433728,0.000287533,-0.0116272,576,26309,26885,36.7799
393,394.png,5,0.055,4.99576,0.0527928,-0.00424337,-0.00220724,576,26309,26885,34.2589
394,395.png,5,0.055,4.99576,0.0527928,-0.00424337,-0.00220724,576,26309,26885,37.9842
395,396.png,5,0.055,5.00029,0.0486061,0.000287533,-0.00639386,576,26309,26885,35.9764
396,397.png,5,0.055,5.00029,0.0486061,0.000287533,-0.00639386,576,26309,26885,30.1781
397,398.png,5,0.055,5.00029,0.0486061,0.000287533,-0.00639386,576,26309,26885,31.7266
398,399.png,5,0.055,4.98896,0.0391862,-0.0110397,-0.0158138,576,26309,26885,34.417
399,400.png,5,0.055,4.98896,0.0391862,-0.0110397,-0.0158138,576,26309,26885,29.0293
400,401.png,5,0.055,4.99349,0.0433728,-0.00650883,-0.0116272,576,26309,26885,28.9312
401,402.png,5,0.055,4.99349,0.0433728,-0.00650883,-0.0116272,576,26309,26885,24.4194
402,403.png,5,0.055,5.00255,0.0423264,0.00255299,-0.0126736,576,26309,26885,43.9838
403,404.png,5,0.055,5.00255,0.0423264,0.00255299,-0.0126736,576,26309,26885,36.5134
404,405.png,5,0.055,4.99802,0.0496529,-0.00197792,-0.00534711,576,26309,26885,38.0758
405,406.png,5,0.055,4.99802,0.0496529,-0.00197792,-0.00534711,576,26309,26885,35.4263
406,407.png,5,0.055,4.99802,0.0496529,-0.00197792,-0.00534711,576,26309,26885,37.1022
407,408.png,5,0.055,4.99349,0.0433728,-0.00650883,-0.0116272,576,26309,26885,29.7023
408,409.png,5,0.055,4.99349,0.0433728,-0.00650883,-0.0116272,576,26309,26885,35.6651
409,410.png,5,0.055,4.99349,0.0433728,-0.00650883,-0.0116272,576,26309,26885,34.3652
410,411.png,5,0.055,4.99349,0.0433728,-0.00650883,-0.0116272,576,26309,26885,35.4015
411,412.png,5,0.055,4.99349,0.0433728,-0.00650883,-0.0116272,576,26309,26885,29.0322
412,413.png,5,0.055,4.99349,0.0433728,-0.00650883,-0.0116272,576,26309,26885,27.2842
413,414.png,5,0.055,4.99349,0.0433728,-0.00650883,-0.0116272,576,26309,26885,23.5469
414,415.png,5,0.055,4.99349,0.0433728,-0.00650883,-0.0116272,576,26309,26885,35.9258
415,416.png,5,0.0497,4.99123,0.046513,-0.00877428,-0.00318697,576,26309,26885,34.52
416,417.png,5,0.05,4.99123,0.046513,-0.00877428,-0.00348698,576,26309,26885,35.6309
417,418.png,5,0.05,4.99123,0.046513,-0.00877428,-0.00348698,576,26309,26885,29.2086
418,419.png,5,0.05,4.99123,0.046513,-0.00877428,-0.00348698,576,26309,26885,34.1718
419,420.png,5,0.05,4.99349,0.0433728,-0.00650883,-0.00662722,576,26309,26885,33.4817
420,421.png,5,0.05,4.99349,0.0433728,-0.00650883,-0.00662722,576,26309,26885,35.4854
421,422.png,5,0.05,4.99349,0.0433728,-0.00650883,-0.00662722,576,26309,26885,35.6591
422,423.png,5,0.05,4.99349,0.0433728,-0.00650883,-0.00662722,576,26309,26885,35.9102
423,424.png,5,0.05,5.00255,0.0423264,0.00255299,-0.00767359,576,26309,26885,34.6295
424,425.png,5,0.05,5.00255,0.0423264,0.00255299,-0.00767359,576,26309,26885,37.8239
425,426.png,5,0.05,4.99123,0.046513,-0.00877428,-0.00348698,576,26309,26885,38.014
426,427.png,5,0.05,4.99123,0.046513,-0.00877428,-0.00348698,576,26309,26885,33.2003
427,428.png,5,0.05,5.00029,0.0433728,0.000287533,-0.00662722,576,26309,26885,35.3696
428,429.png,5,0.05,5.00029,0.0433728,0.000287533,-0.00662722,576,26309,26885,36.4223
429,430.png,5,0.05,5.00029,0.046513,0.000287533,-0.00348698,576,26309,26885,35.0085
430,431.png,5,0.05,5.00029,0.046513,0.000287533,-0.00348698,576,26309,26885,36.2999
431,432.png,5,0.05,4.99123,0.0423264,-0.00877428,-0.00767359,576,26309,26885,31.9037
432,433.png,5,0.05,4.99123,0.0423264,-0.00877428,-0.00767359,576,26309,26885,35.7095
433,434.png,5,0.05,4.99349,0.046513,-0.00650883,-0.00348698,576,26309,26885,35.6418
434,435.png,5,0.05,4.99349,0.046513,-0.00650883,-0.00348698,576,26309,26885,28.451
435,436.png,5,0.05,5.00708,0.0444195,0.00708389,-0.00558047,576,26309,26885,45.067
436,437.png,5,0.05,5.00708,0.0444195,0.00708389,-0.00558047,576,26309,26885,31.3558
437,438.png,5,0.05,4.99349,0.0412797,-0.00650883,-0.00872034,576,26309,26885,29.2075
438,439.png,5,0.05,4.99349,0.0412797,-0.00650883,-0.00872034,576,26309,26885,37.1001
439,440.png,5,0.05,4.99349,0.0412797,-0.00650883,-0.00872034,576,26309,26885,35.6378
440,441.png,5,0.05,4.99349,0.0412797,-0.00650883,-0.00872034,576,26309,26885,24.3883
441,442.png,5,0.05,4.99349,0.0412797,-0.00650883,-0.00872034,576,26309,26885,24.2991
442,443.png,5,0.05,4.99349,0.0412797,-0.00650883,-0.00872034,576,26309,26885,34.9024
443,444.png,5,0.05,4.99802,0.0433728,-0.00197792,-0.00662722,576,26309,26885,23.3517
444,445.png,5,0.05,4.99802,0.0433728,-0.00197792,-0.00662722,576,26309,26885,33.3606
445,446.png,5,0.05,5.00708,0.0444195,0.00708389,-0.00558047,576,26309,26885,37.0121
446,447.png,5,0.05,5.00708,0.0444195,0.00708389,-0.00558047,576,26309,26885,29.1356
447,448.png,5,0.05,5.00708,0.0444195,0.00708389,-0.00558047,576,26309,26885,37.3918
448,449.png,5,0.05,4.99123,0.0444195,-0.00877428,-0.00558047,576,26309,26885,35.8565
449,450.png,5,0.05,4.99123,0.0444195,-0.00877428,-0.00558047,576,26309,26885,35.0661
450,451.png,5,0.05,4.99123,0.0444195,-0.00877428,-0.00558047,576,26309,26885,31.4836
451,452.png,5,0.05,4.99576,0.0486061,-0.00424337,-0.00139386,576,26309,26885,34.8126
452,453.png,5,0.05,4.99576,0.0486061,-0.00424337,-0.00139386,576,26309,26885,35.5995
453,454.png,5,0.05,4.99576,0.0486061,-0.00424337,-0.00139386,576,26309,26885,37.7328
454,455.png,5,0.05,4.99576,0.0486061,-0.00424337,-0.00139386,576,26309,26885,36.8222
455,456.png,5,0.05,4.99349,0.0444195,-0.00650883,-0.00558047,576,26309,26885,34.9609
456,457.png,5,0.05,4.99349,0.0444195,-0.00650883,-0.00558047,576,26309,26885,36.9403
457,458.png,5,0.05,4.99349,0.0444195,-0.00650883,-0.00558047,576,26309,26885,34.2961
458,459.png,5,0.05,4.99349,0.0444195,-0.00650883,-0.00558047,576,26309,26885,34.6164
459,460.png,5,0.05,4.99349,0.0444195,-0.00650883,-0.00558047,576,26309,26885,35.4882
460,461.png,5,0.05,4.99349,0.0444195,-0.00650883,-0.00558047,576,26309,26885,34.1971
461,462.png,5,0.05,4.99123,0.0444195,-0.00877428,-0.00558047,576,26309,26885,28.946
462,463.png,5,0.05,4.99123,0.0444195,-0.00877428,-0.00558047,576,26309,26885,34.9703
463,464.png,5,0.05,4.99123,0.0444195,-0.00877428,-0.00558047,576,26309,26885,32.8215
464,465.png,5,0.05,4.99576,0.0486061,-0.00424337,-0.00139386,576,26309,26885,29.3789
465,466.png,5,0.05,4.99576,0.0486061,-0.00424337,-0.00139386,576,26309,26885,34.6429
466,467.png,5,0.05,4.99576,0.0486061,-0.00424337,-0.00139386,576,26309,26885,37.6675
467,468.png,5,0.05,5.00029,0.0506996,0.000287533,0.000699636,576,26309,26885,35.3868
468,469.png,5,0.05,5.00029,0.0506996,0.000287533,0.000699636,576,26309,26885,25.4772
469,470.png,5,0.05,5.00029,0.0506996,0.000287533,0.000699636,576,26309,26885,23.9771
470,471.png,5,0.05,5.00708,0.0444195,0.00708389,-0.00558047,576,26309,26885,30.1251
471,472.png,5,0.05,4.99576,0.0486061,-0.00424337,-0.00139386,576,26309,26885,30.3465
472,473.png,5,0.05,4.99576,0.0486061,-0.00424337,-0.00139386,576,26309,26885,35.1333
473,474.png,5,0.05,4.99576,0.0486061,-0.00424337,-0.00139386,576,26309,26885,35.4078
474,475.png,5,0.05,4.99576,0.0486061,-0.00424337,-0.00139386,576,26309,26885,35.7723
475,476.png,5,0.05,4.99576,0.0486061,-0.00424337,-0.00139386,576,26309,26885,38.0094
476,477.png,5,0.05,4.99576,0.0486061,-0.00424337,-0.00139386,576,26309,26885,29.0522
477,478.png,5,0.05,4.99576,0.0486061,-0.00424337,-0.00139386,576,26309,26885,35.9821
478,479.png,5,0.05,4.99349,0.0444195,-0.00650883,-0.00558047,576,26309,26885,35.9761
479,480.png,5,0.05,4.99349,0.0444195,-0.00650883,-0.00558047,576,26309,26885,42.0348
480,481.png,5,0.05,4.99349,0.0444195,-0.00650883,-0.00558047,576,26309,26885,32.2645
481,482.png,5,0.05,4.99349,0.0444195,-0.00650883,-0.00558047,576,26309,26885,29.3465
482,483.png,5,0.05,4.99349,0.0444195,-0.00650883,-0.00558047,576,26309,26885,35.5885
483,484.png,5,0.05,4.99123,0.0444195,-0.00877428,-0.00558047,576,26309,26885,35.7485
484,485.png,5,0.05,4.99123,0.0444195,-0.00877428,-0.00558047,576,26309,26885,36.055
485,486.png,5,0.05,4.99576,0.0486061,-0.00424337,-0.00139386,576,26309,26885,28.6726
486,487.png,5,0.05,4.99576,0.0486061,-0.00424337,-0.00139386,576,26309,26885,35.6768
487,488.png,5,0.0447,5.00029,0.0506996,0.000287533,0.00599964,576,26309,26885,37.5734
488,489.png,5,0.045,5.00029,0.0506996,0.000287533,0.00569963,576,26309,26885,37.1278
489,490.png,5,0.045,5.00029,0.0506996,0.000287533,0.00569963,576,26309,26885,35.597
490,491.png,5,0.045,4.99576,0.0412797,-0.00424337,-0.00372034,576,26309,26885,35.5781
491,492.png,5,0.045,4.99576,0.0412797,-0.00424337,-0.00372034,576,26309,26885,35.454
492,493.png,5,0.045,4.99576,0.0486061,-0.00424337,0.00360614,576,26309,26885,29.5443
493,494.png,5,0.045,4.99576,0.0486061,-0.00424337,0.00360614,576,26309,26885,30.7279
494,495.png,5,0.045,4.99576,0.0486061,-0.00424337,0.00360614,576,26309,26885,28.44
495,496.png,5,0.045,4.99576,0.0486061,-0.00424337,0.00360614,576,26309,26885,31.7739
496,497.png,5,0.045,4.99576,0.0486061,-0.00424337,0.00360614,576,26309,26885,35.6872
497,498.png,5,0.045,4.99576,0.0486061,-0.00424337,0.00360614,576,26309,26885,23.6589
498,499.png,5,0.045,4.99576,0.0486061,-0.00424337,0.00360614,576,26309,26885,35.0798
499,500.png,5,0.045,4.99576,0.0412797,-0.00424337,-0.00372034,576,26309,26885,37.8057
500,501.png,5,0.045,4.99576,0.0412797,-0.00424337,-0.00372034,576,26309,26885,29.1011
501,502.png,5,0.045,5.00708,0.0444195,0.00708389,-0.000580471,576,26309,26885,28.7598
502,503.png,5,0.045,5.00708,0.0444195,0.00708389,-0.000580471,576,26309,26885,37.6763
503,504.png,5,0.045,4.99123,0.0444195,-0.00877428,-0.000580471,576,26309,26885,35.7936
504,505.png,5,0.045,4.99123,0.0444195,-0.00877428,-0.000580471,576,26309,26885,28.3933
505,506.png,5,0.045,4.99576,0.0486061,-0.00424337,0.00360614,576,26309,26885,29.13
506,507.png,5,0.045,4.99576,0.0486061,-0.00424337,0.00360614,576,26309,26885,37.4136
507,508.png,5,0.045,4.99576,0.0486061,-0.00424337,0.00360614,576,26309,26885,38.1051
508,509.png,5,0.045,4.99576,0.0486061,-0.00424337,0.00360614,576,26309,26885,29.3169
509,510.png,5,0.045,4.99576,0.0486061,-0.00424337,0.00360614,576,26309,26885,35.6741
510,511.png,5,0.045,4.99576,0.0486061,-0.00424337,0.00360614,576,26309,26885,35.4372
511,512.png,5,0.045,4.99576,0.0486061,-0.00424337,0.00360614,576,26309,26885,24.2703
512,513.png,5,0.045,4.99576,0.0486061,-0.00424337,0.00360614,576,26309,26885,26.936
513,514.png,5,0.045,4.99576,0.0486061,-0.00424337,0.00360614,576,26309,26885,35.2188
514,515.png,5,0.045,4.99576,0.0486061,-0.00424337,0.00360614,576,26309,26885,34.208
515,516.png,5,0.045,4.99576,0.0486061,-0.00424337,0.00360614,576,26309,26885,34.9369
516,517.png,5,0.045,4.99576,0.0486061,-0.00424337,0.00360614,576,26309,26885,33.968
517,518.png,5,0.045,4.99576,0.0412797,-0.00424337,-0.00372034,576,26309,26885,27.0265
518,519.png,5,0.045,4.99576,0.0412797,-0.00424337,-0.00372034,576,26309,26885,35.5642
519,520.png,5,0.045,4.99576,0.0486061,-0.00424337,0.00360614,576,26309,26885,35.7685
520,521.png,5,0.045,4.99576,0.0486061,-0.00424337,0.00360614,576,26309,26885,33.8864
521,522.png,5,0.045,4.99576,0.0486061,-0.00424337,0.00360614,576,26309,26885,29.547
522,523.png,5,0.045,4.99576,0.0486061,-0.00424337,0.00360614,576,26309,26885,32.2768
523,524.png,5,0.045,5.00708,0.0506996,0.00708389,0.00569963,576,26309,26885,35.5295
524,525.png,5,0.045,5.00708,0.0506996,0.00708389,0.00569963,576,26309,26885,34.7078
525,526.png,5,0.045,4.99576,0.0486061,-0.00424337,0.00360614,576,26309,26885,24.0747
526,527.png,5,0.045,4.99576,0.0486061,-0.00424337,0.00360614,576,26309,26885,25.1396
527,528.png,5,0.045,4.99576,0.0486061,-0.00424337,0.00360614,576,26309,26885,38.1947
528,529.png,5,0.045,4.99576,0.0486061,-0.00424337,0.00360614,576,26309,26885,39.5194
529,530.png,5,0.045,4.99576,0.0486061,-0.00424337,0.00360614,576,26309,26885,36.4574
530,531.png,5,0.045,4.99576,0.0486061,-0.00424337,0.00360614,576,26309,26885,29.6663
531,532.png,5,0.045,4.99576,0.0486061,-0.00424337,0.00360614,576,26309,26885,38.7458
532,533.png,5,0.045,4.99576,0.0486061,-0.00424337,0.00360614,576,26309,26885,34.6602
533,534.png,5,0.045,4.99576,0.0486061,-0.00424337,0.00360614,576,26309,26885,38.0237
534,535.png,5,0.045,4.99576,0.0486061,-0.00424337,0.00360614,576,26309,26885,36.6269
535,536.png,5,0.045,4.98669,0.0454663,-0.0133052,0.000466276,576,26309,26885,23.7119
536,537.png,5,0.045,4.98669,0.0454663,-0.0133052,0.000466276,576,26309,26885,35.7707
537,538.png,5,0.045,4.99576,0.0486061,-0.00424337,0.00360614,576,26309,26885,35.4431
538,539.png,5,0.045,4.99576,0.0486061,-0.00424337,0.00360614,576,26309,26885,35.7891
539,540.png,5,0.045,4.99576,0.0486061,-0.00424337,0.00360614,576,26309,26885,29.159
540,541.png,5,0.045,4.99576,0.0486061,-0.00424337,0.00360614,576,26309,26885,35.6953
541,542.png,5,0.045,4.99576,0.0486061,-0.00424337,0.00360614,576,26309,26885,33.1652
542,543.png,5,0.045,4.99576,0.0486061,-0.00424337,0.00360614,576,26309,26885,37.3211
543,544.png,5,0.045,4.99576,0.0486061,-0.00424337,0.00360614,576,26309,26885,35.7071
544,545.png,5,0.045,4.99576,0.0486061,-0.00424337,0.00360614,576,26309,26885,35.2109
545,546.png,5,0.045,4.99576,0.0486061,-0.00424337,0.00360614,576,26309,26885,34.7
546,547.png,5,0.045,4.99576,0.0486061,-0.00424337,0.00360614,576,26309,26885,29.0562
547,548.png,5,0.045,4.99576,0.0486061,-0.00424337,0.00360614,576,26309,26885,35.9851
548,549.png,5,0.045,4.99576,0.0486061,-0.00424337,0.00360614,576,26309,26885,32.5141
549,550.png,5,0.045,4.99576,0.0486061,-0.00424337,0.00360614,576,26309,26885,33.849
550,551.png,5,0.045,4.99576,0.0486061,-0.00424337,0.00360614,576,26309,26885,28.6968
551,552.png,5,0.045,4.99576,0.0486061,-0.00424337,0.00360614,576,26309,26885,38.3289
552,553.png,5,0.045,4.99576,0.0486061,-0.00424337,0.00360614,576,26309,26885,35.0951
553,554.png,5,0.045,4.99576,0.0486061,-0.00424337,0.00360614,576,26309,26885,24.0697
554,555.png,5,0.045,4.99576,0.0486061,-0.00424337,0.00360614,576,26309,26885,35.6038
555,556.png,5,0.045,4.99576,0.0486061,-0.00424337,0.00360614,576,26309,26885,34.1253
556,557.png,5,0.045,4.99576,0.0486061,-0.00424337,0.00360614,576,26309,26885,33.3744
557,558.png,5,0.045,4.98669,0.0454663,-0.0133052,0.000466276,576,26309,26885,29.0279
558,559.png,5,0.045,4.98669,0.0454663,-0.0133052,0.000466276,576,26309,26885,33.061
559,560.png,5,0.045,4.98669,0.0454663,-0.0133052,0.000466276,576,26309,26885,35.382
560,561.png,5,0.045,4.98669,0.0454663,-0.0133052,0.000466276,576,26309,26885,28.9369
561,562.png,5,0.045,4.98669,0.0454663,-0.0133052,0.000466276,576,26309,26885,35.7394
562,563.png,5,0.045,4.98669,0.0454663,-0.0133052,0.000466276,576,26309,26885,25.4497
563,564.png,5,0.045,4.99576,0.0486061,-0.00424337,0.00360614,576,26309,26885,38.2019
564,565.png,5,0.045,4.99576,0.0486061,-0.00424337,0.00360614,576,26309,26885,35.1813
565,566.png,5,0.045,5.00708,0.0506996,0.00708389,0.00569963,576,26309,26885,35.0392
566,567.png,5,0.045,5.00708,0.0506996,0.00708389,0.00569963,576,26309,26885,35.5184
567,568.png,5,0.045,4.98896,0.0360463,-0.0110397,-0.0089537,576,26309,26885,29.1242
568,569.png,5,0.045,4.98669,0.0454663,-0.0133052,0.000466276,576,26309,26885,37.2939
569,570.png,5,0.045,4.98669,0.0454663,-0.0133052,0.000466276,576,26309,26885,35.1421
570,571.png,5,0.045,4.98669,0.0454663,-0.0133052,0.000466276,576,26309,26885,35.5958
571,572.png,5,0.045,4.99576,0.0486061,-0.00424337,0.00360614,576,26309,26885,34.1692
572,573.png,5,0.045,4.99576,0.0486061,-0.00424337,0.00360614,576,26309,26885,29.4038
573,574.png,5,0.045,4.99576,0.0486061,-0.00424337,0.00360614,576,26309,26885,35.3634
574,575.png,5,0.045,5.00255,0.0412797,0.00255299,-0.00372034,576,26309,26885,35.5877
575,576.png,5,0.045,5.00255,0.0412797,0.00255299,-0.00372034,576,26309,26885,35.2833
576,577.png,5,0.045,4.98669,0.0454663,-0.0133052,0.000466276,576,26309,26885,35.6239
577,578.png,5,0.045,4.98669,0.0454663,-0.0133052,0.000466276,576,26309,26885,34.3216
578,579.png,5,0.045,4.98669,0.0454663,-0.0133052,0.000466276,576,26309,26885,35.093
579,580.png,5,0.045,4.98669,0.0454663,-0.0133052,0.000466276,576,26309,26885,25.9615
580,581.png,5,0.045,5.00935,0.0402329,0.00934982,-0.00476709,576,26309,26885,31.4368
581,582.png,5,0.045,5.00935,0.0402329,0.00934982,-0.00476709,576,26309,26885,23.5029
582,583.png,5,0.045,5.00708,0.0506996,0.00708389,0.00569963,576,26309,26885,33.4172
583,584.png,5,0.045,5.00708,0.0506996,0.00708389,0.00569963,576,26309,26885,34.9496
584,585.png,5,0.045,4.98896,0.0360463,-0.0110397,-0.0089537,576,26309,26885,34.8896
585,586.png,5,0.045,4.98896,0.0360463,-0.0110397,-0.0089537,576,26309,26885,33.8916
586,587.png,5,0.045,4.98896,0.0360463,-0.0110397,-0.0089537,576,26309,26885,35.4144
587,588.png,5,0.045,4.98669,0.0454663,-0.0133052,0.000466276,576,26309,26885,29.1671
588,589.png,5,0.045,4.99576,0.0486061,-0.00424337,0.00360614,576,26309,26885,33.6147
589,590.png,5,0.045,4.99576,0.0486061,-0.00424337,0.00360614,576,26309,26885,23.4474
590,591.png,5,0.045,5.00935,0.0402329,0.00934982,-0.00476709,576,26309,26885,31.2555
591,592.png,5,0.045,5.00935,0.0402329,0.00934982,-0.00476709,576,26309,26885,32.3323
592,593.png,5,0.045,5.00255,0.0412797,0.00255299,-0.00372034,576,26309,26885,37.8688
593,594.png,5,0.045,5.00255,0.0412797,0.00255299,-0.00372034,576,26309,26885,35.5679
594,595.png,5,0.045,4.98669,0.0454663,-0.0133052,0.000466276,576,26309,26885,28.5528
595,596.png,5,0.045,4.98669,0.0454663,-0.0133052,0.000466276,576,26309,26885,27.3547
596,597.png,5,0.045,4.98669,0.0454663,-0.0133052,0.000466276,576,26309,26885,29.4759
597,598.png,5,0.045,4.98669,0.0454663,-0.0133052,0.000466276,576,26309,26885,35.7983
598,599.png,5,0.045,4.99576,0.0486061,-0.00424337,0.00360614,576,26309,26885,37.6321
599,600.png,5,0.045,4.99576,0.0486061,-0.00424337,0.00360614,576,26309,26885,30.1496
600,601.png,5,0.045,4.98669,0.0433728,-0.0133052,-0.00162722,576,26309,26885,33.997
601,602.png,5,0.045,4.98669,0.0433728,-0.0133052,-0.00162722,576,26309,26885,37.8617
602,603.png,5,0.045,4.98896,0.0360463,-0.0110397,-0.0089537,576,26309,26885,35.7203
603,604.png,5,0.045,4.98896,0.0360463,-0.0110397,-0.0089537,576,26309,26885,37.1831
604,605.png,5,0.045,4.98896,0.0360463,-0.0110397,-0.0089537,576,26309,26885,35.0019
605,606.png,5,0.045,4.98669,0.0454663,-0.0133052,0.000466276,576,26309,26885,28.6874
606,607.png,5,0.045,4.99576,0.0486061,-0.00424337,0.00360614,576,26309,26885,35.622
607,608.png,5,0.045,4.99576,0.0486061,-0.00424337,0.00360614,576,26309,26885,35.6878
608,609.png,5,0.045,4.99576,0.0486061,-0.00424337,0.00360614,576,26309,26885,36.018
609,610.png,5,0.045,5.00935,0.0402329,0.00934982,-0.00476709,576,26309,26885,23.5719
610,611.png,5,0.045,5.00935,0.0402329,0.00934982,-0.00476709,576,26309,26885,28.5059
611,612.png,5,0.045,5.00255,0.0412797,0.00255299,-0.00372034,576,26309,26885,27.6467
612,613.png,5,0.045,4.98669,0.0454663,-0.0133052,0.000466276,576,26309,26885,33.7939
613,614.png,5,0.045,4.98669,0.0454663,-0.0133052,0.000466276,576,26309,26885,35.6493
614,615.png,5,0.045,4.98669,0.0454663,-0.0133052,0.000466276,576,26309,26885,35.206
615,616.png,5,0.045,4.98669,0.0454663,-0.0133052,0.000466276,576,26309,26885,35.5721
616,617.png,5,0.045,4.98669,0.0454663,-0.0133052,0.000466276,576,26309,26885,24.5645
617,618.png,5,0.045,5.00708,0.0506996,0.00708389,0.00569963,576,26309,26885,35.8914
618,619.png,5,0.045,5.00708,0.0506996,0.00708389,0.00569963,576,26309,26885,37.4688
619,620.png,5,0.045,4.99576,0.0486061,-0.00424337,0.00360614,576,26309,26885,33.4483
620,621.png,5,0.045,4.99576,0.0486061,-0.00424337,0.00360614,576,26309,26885,31.647
621,622.png,5,0.045,4.98896,0.0360463,-0.0110397,-0.0089537,576,26309,26885,33.1671
622,623.png,5,0.045,4.98896,0.0360463,-0.0110397,-0.0089537,576,26309,26885,35.1736
623,624.png,5,0.045,4.98669,0.0454663,-0.0133052,0.000466276,576,26309,26885,35.0995
624,625.png,5,0.045,4.99576,0.0486061,-0.00424337,0.00360614,576,26309,26885,32.0509
625,626.png,5,0.045,4.99576,0.0486061,-0.00424337,0.00360614,576,26309,26885,37.6141
626,627.png,5,0.045,4.99576,0.0486061,-0.00424337,0.00360614,576,26309,26885,37.2833
627,628.png,5,0.045,4.99576,0.0486061,-0.00424337,0.00360614,576,26309,26885,34.4354
628,629.png,5,0.045,4.99576,0.0486061,-0.00424337,0.00360614,576,26309,26885,34.2452
629,630.png,5,0.045,5.00935,0.0402329,0.00934982,-0.00476709,576,26309,26885,32.1176
630,631.png,5,0.045,5.00935,0.0402329,0.00934982,-0.00476709,576,26309,26885,35.7537
631,632.png,5,0.045,4.98669,0.0454663,-0.0133052,0.000466276,576,26309,26885,34.1099
632,633.png,5,0.045,4.98669,0.0454663,-0.0133052,0.000466276,576,26309,26885,35.4808
633,634.png,5,0.045,4.98669,0.0454663,-0.0133052,0.000466276,576,26309,26885,29.5542
634,635.png,5,0.045,4.98669,0.0454663,-0.0133052,0.000466276,576,26309,26885,35.5793
635,636.png,5,0.045,4.99576,0.0486061,-0.00424337,0.00360614,576,26309,26885,29.3299
636,637.png,5,0.045,4.99576,0.0486061,-0.00424337,0.00360614,576,26309,26885,33.6033
637,638.png,5,0.045,4.99576,0.0486061,-0.00424337,0.00360614,576,26309,26885,23.5849
638,639.png,5,0.045,5.00935,0.0402329,0.00934982,-0.00476709,576,26309,26885,24.6277
639,640.png,5,0.045,5.00935,0.0402329,0.00934982,-0.00476709,576,26309,26885,35.2179
640,641.png,5,0.045,5.00935,0.0402329,0.00934982,-0.00476709,576,26309,26885,35.3093
641,642.png,5,0.045,4.98669,0.0454663,-0.0133052,0.000466276,576,26309,26885,35.1637
642,643.png,5,0.045,4.98669,0.0454663,-0.0133052,0.000466276,576,26309,26885,32.1237
643,644.png,5,0.045,4.99576,0.0486061,-0.00424337,0.00360614,576,26309,26885,24.6919
644,645.png,5,0.045,4.99576,0.0486061,-0.00424337,0.00360614,576,26309,26885,32.1195
645,646.png,5,0.045,5.00935,0.0402329,0.00934982,-0.00476709,576,26309,26885,35.8027
646,647.png,5,0.045,5.00935,0.0402329,0.00934982,-0.00476709,576,26309,26885,33.5907
647,648.png,5,0.045,4.98669,0.0433728,-0.0133052,-0.00162722,576,26309,26885,33.3995
648,649.png,5,0.045,4.98896,0.0360463,-0.0110397,-0.0089537,576,26309,26885,29.5125
649,650.png,5,0.045,4.98896,0.0360463,-0.0110397,-0.0089537,576,26309,26885,33.4453
650,651.png,5,0.045,4.98896,0.0360463,-0.0110397,-0.0089537,576,26309,26885,29.4762
651,652.png,5,0.045,4.98669,0.0454663,-0.0133052,0.000466276,576,26309,26885,35.881
652,653.png,5,0.045,4.99576,0.0486061,-0.00424337,0.00360614,576,26309,26885,42.5476
653,654.png,5,0.045,4.99576,0.0486061,-0.00424337,0.00360614,576,26309,26885,29.7022
654,655.png,5,0.045,4.99576,0.0486061,-0.00424337,0.00360614,576,26309,26885,38.1466
655,656.png,5,0.045,4.99576,0.0486061,-0.00424337,0.00360614,576,26309,26885,33.6381
656,657.png,5,0.045,5.00935,0.0402329,0.00934982,-0.00476709,576,26309,26885,29.7881
657,658.png,5,0.045,5.00935,0.0402329,0.00934982,-0.00476709,576,26309,26885,41.0598
658,659.png,5,0.045,5.00935,0.0402329,0.00934982,-0.00476709,576,26309,26885,35.1622
659,660.png,5,0.045,4.98669,0.0454663,-0.0133052,0.000466276,576,26309,26885,37.1692
660,661.png,5,0.045,4.98669,0.0454663,-0.0133052,0.000466276,576,26309,26885,28.3631
661,662.png,5,0.045,4.99576,0.0486061,-0.00424337,0.00360614,576,26309,26885,34.2923
662,663.png,5,0.045,4.99576,0.0486061,-0.00424337,0.00360614,576,26309,26885,37.8511
663,664.png,5,0.045,5.00935,0.0402329,0.00934982,-0.00476709,576,26309,26885,35.7966
664,665.png,5,0.045,5.00935,0.0402329,0.00934982,-0.00476709,576,26309,26885,35.635
665,666.png,5,0.045,5.00255,0.0412797,0.00255299,-0.00372034,576,26309,26885,23.6125
666,667.png,5,0.045,5.00255,0.0412797,0.00255299,-0.00372034,576,26309,26885,25.1582
667,668.png,5,0.045,4.99576,0.0486061,-0.00424337,0.00360614,576,26309,26885,35.0107
668,669.png,5,0.045,4.99576,0.0486061,-0.00424337,0.00360614,576,26309,26885,34.8817
669,670.png,5,0.045,4.98669,0.0454663,-0.0133052,0.000466276,576,26309,26885,37.4945
670,671.png,5,0.045,4.98669,0.0454663,-0.0133052,0.000466276,576,26309,26885,33.6815
671,672.png,5,0.045,4.99576,0.0486061,-0.00424337,0.00360614,576,26309,26885,28.7354
672,673.png,5,0.045,4.99576,0.0486061,-0.00424337,0.00360614,576,26309,26885,35.6336
673,674.png,5,0.045,4.99576,0.0486061,-0.00424337,0.00360614,576,26309,26885,34.7215
674,675.png,5,0.045,5.00935,0.0402329,0.00934982,-0.00476709,576,26309,26885,40.6936
675,676.png,5,0.045,5.00935,0.0402329,0.00934982,-0.00476709,576,26309,26885,35.3075
676,677.png,5,0.045,5.00935,0.0402329,0.00934982,-0.00476709,576,26309,26885,37.4749
677,678.png,5,0.045,4.98669,0.0454663,-0.0133052,0.000466276,576,26309,26885,34.6123
678,679.png,5,0.045,4.99576,0.0486061,-0.00424337,0.00360614,576,26309,26885,34.5249
679,680.png,5,0.045,4.99576,0.0486061,-0.00424337,0.00360614,576,26309,26885,36.834
680,681.png,5,0.045,4.99576,0.0486061,-0.00424337,0.00360614,576,26309,26885,34.7934
681,682.png,5,0.045,5.00935,0.0402329,0.00934982,-0.00476709,576,26309,26885,32.3993
682,683.png,5,0.045,5.00935,0.0402329,0.00934982,-0.00476709,576,26309,26885,29.3784
683,684.png,5,0.045,5.00708,0.0506996,0.00708389,0.00569963,576,26309,26885,30.9158
684,685.png,5,0.045,5.00708,0.0506996,0.00708389,0.00569963,576,26309,26885,34.3768
685,686.png,5,0.045,4.98669,0.0454663,-0.0133052,0.000466276,576,26309,26885,37.4285
686,687.png,5,0.045,4.98669,0.0454663,-0.0133052,0.000466276,576,26309,26885,36.7452
687,688.png,5,0.045,4.98669,0.0454663,-0.0133052,0.000466276,576,26309,26885,40.4121
688,689.png,5,0.045,4.98669,0.0454663,-0.0133052,0.000466276,576,26309,26885,36.8354
689,690.png,5,0.045,4.99576,0.0486061,-0.00424337,0.00360614,576,26309,26885,38.1195
690,691.png,5,0.045,4.99576,0.0486061,-0.00424337,0.00360614,576,26309,26885,38.4462
691,692.png,5,0.045,4.98669,0.0454663,-0.0133052,0.000466276,576,26309,26885,34.8244
692,693.png,5,0.045,4.98669,0.0454663,-0.0133052,0.000466276,576,26309,26885,35.9099
693,694.png,5,0.045,5.00935,0.0402329,0.00934982,-0.00476709,576,26309,26885,23.6534
694,695.png,5,0.045,5.00935,0.0402329,0.00934982,-0.00476709,576,26309,26885,42.8585
695,696.png,5,0.045,4.98669,0.0454663,-0.0133052,0.000466276,576,26309,26885,35.973
696,697.png,5,0.045,4.98669,0.0454663,-0.0133052,0.000466276,576,26309,26885,27.6134
697,698.png,5,0.045,4.99576,0.0486061,-0.00424337,0.00360614,576,26309,26885,35.4593
698,699.png,5,0.045,4.99576,0.0486061,-0.00424337,0.00360614,576,26309,26885,34.8294
699,700.png,5,0.045,5.00255,0.0402329,0.00255299,-0.00476709,576,26309,26885,35.7262
700,701.png,5,0.045,5.00255,0.0402329,0.00255299,-0.00476709,576,26309,26885,34.8713
701,702.png,5,0.045,5.00708,0.0506996,0.00708389,0.00569963,576,26309,26885,29.0576
702,703.png,5,0.045,5.00708,0.0506996,0.00708389,0.00569963,576,26309,26885,34.973
703,704.png,5,0.045,4.98896,0.0360463,-0.0110397,-0.0089537,576,26309,26885,28.4495
704,705.png,5,0.045,4.98896,0.0360463,-0.0110397,-0.0089537,576,26309,26885,27.9735
705,706.png,5,0.045,4.98669,0.0454663,-0.0133052,0.000466276,576,26309,26885,38.3817
706,707.png,5,0.045,4.98669,0.0454663,-0.0133052,0.000466276,576,26309,26885,34.3118
707,708.png,5,0.045,4.99123,0.0444195,-0.00877428,-0.000580471,576,26309,26885,35.6281
708,709.png,5,0.045,4.99123,0.0444195,-0.00877428,-0.000580471,576,26309,26885,34.7685
709,710.png,5,0.045,4.98896,0.0360463,-0.0110397,-0.0089537,576,26309,26885,33.5797
710,711.png,5,0.045,4.98896,0.0360463,-0.0110397,-0.0089537,576,26309,26885,37.0834
711,712.png,5,0.045,5.00935,0.0402329,0.00934982,-0.00476709,576,26309,26885,34.503
712,713.png,5,0.045,5.00935,0.0402329,0.00934982,-0.00476709,576,26309,26885,33.1492
713,714.png,5,0.045,4.98669,0.0454663,-0.0133052,0.000466276,576,26309,26885,35.7704
714,715.png,5,0.045,4.98669,0.0454663,-0.0133052,0.000466276,576,26309,26885,33.4444
715,716.png,5,0.045,4.98669,0.0454663,-0.0133052,0.000466276,576,26309,26885,23.7807
716,717.png,5,0.045,4.98669,0.0454663,-0.0133052,0.000466276,576,26309,26885,35.9347
717,718.png,5,0.045,5.00255,0.0402329,0.00255299,-0.00476709,576,26309,26885,37.7909
718,719.png,5,0.045,5.00255,0.0402329,0.00255299,-0.00476709,576,26309,26885,27.9618
719,720.png,5,0.045,4.98669,0.0433728,-0.0133052,-0.00162722,576,26309,26885,33.7715
720,721.png,5,0.045,4.98669,0.0433728,-0.0133052,-0.00162722,576,26309,26885,34.4949
721,722.png,5,0.045,4.98896,0.0360463,-0.0110397,-0.0089537,576,26309,26885,25.3229
722,723.png,5,0.045,4.98896,0.0360463,-0.0110397,-0.0089537,576,26309,26885,40.3738
723,724.png,5,0.045,4.98669,0.0454663,-0.0133052,0.000466276,576,26309,26885,34.6471
724,725.png,5,0.045,4.98669,0.0454663,-0.0133052,0.000466276,576,26309,26885,36.0565
725,726.png,5,0.045,4.98669,0.0454663,-0.0133052,0.000466276,576,26309,26885,29.0328
726,727.png,5,0.045,4.98669,0.0454663,-0.0133052,0.000466276,576,26309,26885,31.6209
727,728.png,5,0.045,5.00255,0.0402329,0.00255299,-0.00476709,576,26309,26885,35.5739
728,729.png,5,0.045,5.00255,0.0402329,0.00255299,-0.00476709,576,26309,26885,35.5519
729,730.png,5,0.045,5.00255,0.0402329,0.00255299,-0.00476709,576,26309,26885,35.5887
730,731.png,5,0.045,5.00255,0.0402329,0.00255299,-0.00476709,576,26309,26885,35.6154
731,732.png,5,0.045,4.98896,0.0360463,-0.0110397,-0.0089537,576,26309,26885,34.6175
732,733.png,5,0.045,4.98896,0.0360463,-0.0110397,-0.0089537,576,26309,26885,34.352
733,734.png,5,0.045,4.99123,0.0444195,-0.00877428,-0.000580471,576,26309,26885,34.0849
734,735.png,5,0.045,4.99123,0.0444195,-0.00877428,-0.000580471,576,26309,26885,36.3866
735,736.png,5,0.045,5.00255,0.0402329,0.00255299,-0.00476709,576,26309,26885,35.7429
736,737.png,5,0.045,5.00255,0.0402329,0.00255299,-0.00476709,576,26309,26885,24.8694
737,738.png,5,0.045,4.98669,0.0454663,-0.0133052,0.000466276,576,26309,26885,41.9388
738,739.png,5,0.045,4.98669,0.0454663,-0.0133052,0.000466276,576,26309,26885,36.2343
739,740.png,5,0.045,5.00255,0.0402329,0.00255299,-0.00476709,576,26309,26885,35.4735
740,741.png,5,0.045,5.00255,0.0402329,0.00255299,-0.00476709,576,26309,26885,35.6578
741,742.png,5,0.045,4.99576,0.0412797,-0.00424337,-0.00372034,576,26309,26885,35.4763
742,743.png,5,0.045,4.99576,0.0412797,-0.00424337,-0.00372034,576,26309,26885,29.9416
743,744.png,5,0.045,4.98896,0.0402329,-0.0110397,-0.00476709,576,26309,26885,36.8255
744,745.png,5,0.045,4.98896,0.0402329,-0.0110397,-0.00476709,576,26309,26885,34.7541
745,746.png,5,0.045,5.00255,0.0402329,0.00255299,-0.00476709,576,26309,26885,33.1299
746,747.png,5,0.045,5.00255,0.0402329,0.00255299,-0.00476709,576,26309,26885,38.1547
747,748.png,5,0.045,4.98896,0.0360463,-0.0110397,-0.0089537,576,26309,26885,36.6101
748,749.png,5,0.045,4.98896,0.0360463,-0.0110397,-0.0089537,576,26309,26885,23.5954
749,750.png,5,0.045,4.99576,0.0391862,-0.00424337,-0.00581383,576,26309,26885,23.6243
750,751.png,5,0.045,4.99576,0.0391862,-0.00424337,-0.00581383,576,26309,26885,33.9511
751,752.png,5,0.045,4.98896,0.0402329,-0.0110397,-0.00476709,576,26309,26885,36.9874
752,753.png,5,0.045,4.98896,0.0402329,-0.0110397,-0.00476709,576,26309,26885,34.5808
753,754.png,5,0.045,5.00029,0.0391862,0.000287533,-0.00581383,576,26309,26885,35.0951
754,755.png,5,0.045,5.00029,0.0391862,0.000287533,-0.00581383,576,26309,26885,31.1724
755,756.png,5,0.045,4.99123,0.0444195,-0.00877428,-0.000580471,576,26309,26885,36.8457
756,757.png,5,0.045,4.99123,0.0444195,-0.00877428,-0.000580471,576,26309,26885,28.5886
757,758.png,5,0.045,4.99576,0.0391862,-0.00424337,-0.00581383,576,26309,26885,33.3744
758,759.png,5,0.045,4.99576,0.0391862,-0.00424337,-0.00581383,576,26309,26885,25.5587
759,760.png,5,0.045,4.98896,0.0402329,-0.0110397,-0.00476709,576,26309,26885,29.1568
760,761.png,5,0.045,4.98896,0.0402329,-0.0110397,-0.00476709,576,26309,26885,29.6687
761,762.png,5,0.045,4.99576,0.0412797,-0.00424337,-0.00372034,576,26309,26885,37.8737
762,763.png,5,0.045,4.99576,0.0412797,-0.00424337,-0.00372034,576,26309,26885,31.6194
763,764.png,5,0.045,5.00029,0.0391862,0.000287533,-0.00581383,576,26309,26885,24.2016
764,765.png,5,0.045,5.00029,0.0391862,0.000287533,-0.00581383,576,26309,26885,35.3326
765,766.png,5,0.045,5.00029,0.0391862,0.000287533,-0.00581383,576,26309,26885,35.609
766,767.png,5,0.045,5.00029,0.0391862,0.000287533,-0.00581383,576,26309,26885,35.9596
767,768.png,5,0.045,4.99576,0.0412797,-0.00424337,-0.00372034,576,26309,26885,35.7977
768,769.png,5,0.045,4.99576,0.0412797,-0.00424337,-0.00372034,576,26309,26885,35.5257
769,770.png,5,0.045,4.99576,0.0412797,-0.00424337,-0.00372034,576,26309,26885,35.2541
770,771.png,5,0.045,4.99576,0.0412797,-0.00424337,-0.00372034,576,26309,26885,36.3213
771,772.png,5,0.045,4.99576,0.0412797,-0.00424337,-0.00372034,576,26309,26885,37.4869
772,773.png,5,0.045,4.99576,0.0412797,-0.00424337,-0.00372034,576,26309,26885,33.3535
773,774.png,5,0.045,4.99576,0.0412797,-0.00424337,-0.00372034,576,26309,26885,37.4794
774,775.png,5,0.045,4.99576,0.0412797,-0.00424337,-0.00372034,576,26309,26885,34.1107
775,776.png,5,0.045,5.00029,0.0391862,0.000287533,-0.00581383,576,26309,26885,35.6147
776,777.png,5,0.045,5.00029,0.0391862,0.000287533,-0.00581383,576,26309,26885,27.3428
777,778.png,5,0.045,4.99576,0.0412797,-0.00424337,-0.00372034,576,26309,26885,25.6483
778,779.png,5,0.045,4.99576,0.0412797,-0.00424337,-0.00372034,576,26309,26885,34.5736
779,780.png,5,0.045,4.99576,0.0412797,-0.00424337,-0.00372034,576,26309,26885,29.2977
780,781.png,5,0.045,4.99576,0.0412797,-0.00424337,-0.00372034,576,26309,26885,29.8556
781,782.png,5,0.045,5.00029,0.0391862,0.000287533,-0.00581383,576,26309,26885,28.8389
782,783.png,5,0.045,5.00029,0.0391862,0.000287533,-0.00581383,576,26309,26885,32.0073
783,784.png,5,0.045,5.00029,0.0391862,0.000287533,-0.00581383,576,26309,26885,32.2432
784,785.png,5,0.045,5.00029,0.0391862,0.000287533,-0.00581383,576,26309,26885,35.6658
785,786.png,5,0.045,4.99576,0.0402329,-0.00424337,-0.00476709,576,26309,26885,30.0795
786,787.png,5,0.045,4.99576,0.0402329,-0.00424337,-0.00476709,576,26309,26885,38.4521
787,788.png,5,0.045,4.98896,0.0402329,-0.0110397,-0.00476709,576,26309,26885,36.9399
788,789.png,5,0.045,4.98896,0.0402329,-0.0110397,-0.00476709,576,26309,26885,35.1836
789,790.png,5,0.045,4.99576,0.0412797,-0.00424337,-0.00372034,576,26309,26885,28.3225
790,791.png,5,0.045,4.99576,0.0412797,-0.00424337,-0.00372034,576,26309,26885,29.5202
791,792.png,5,0.045,4.99576,0.0402329,-0.00424337,-0.00476709,576,26309,26885,30.0529
792,793.png,5,0.045,4.99576,0.0402329,-0.00424337,-0.00476709,576,26309,26885,34.0132
793,794.png,5,0.045,4.99576,0.0402329,-0.00424337,-0.00476709,576,26309,26885,39.5833
794,795.png,5,0.045,4.99576,0.0402329,-0.00424337,-0.00476709,576,26309,26885,29.0776
795,796.png,5,0.045,4.98896,0.0402329,-0.0110397,-0.00476709,576,26309,26885,35.8161
796,797.png,5,0.045,4.98896,0.0402329,-0.0110397,-0.00476709,576,26309,26885,28.803
797,798.png,5,0.045,4.99576,0.0412797,-0.00424337,-0.00372034,576,26309,26885,37.9173
798,799.png,5,0.045,4.99576,0.0412797,-0.00424337,-0.00372034,576,26309,26885,36.1466
799,800.png,5,0.045,5.00482,0.0444195,0.00481844,-0.000580471,576,26309,26885,32.7708
800,801.png,5,0.045,5.00482,0.0444195,0.00481844,-0.000580471,576,26309,26885,28.3836
801,802.png,5,0.045,4.99576,0.0402329,-0.00424337,-0.00476709,576,26309,26885,34.5475
802,803.png,5,0.045,4.99576,0.0402329,-0.00424337,-0.00476709,576,26309,26885,33.3261
803,804.png,5,0.045,4.99576,0.0402329,-0.00424337,-0.00476709,576,26309,26885,28.9752
804,805.png,5,0.045,4.99576,0.0402329,-0.00424337,-0.00476709,576,26309,26885,30.6264
805,806.png,5,0.045,4.98896,0.0433728,-0.0110397,-0.00162722,576,26309,26885,23.4792
806,807.png,5,0.045,4.98896,0.0433728,-0.0110397,-0.00162722,576,26309,26885,39.7625
807,808.png,5,0.045,5.00029,0.0391862,0.000287533,-0.00581383,576,26309,26885,28.6785
808,809.png,5,0.045,5.00029,0.0391862,0.000287533,-0.00581383,576,26309,26885,37.7505
809,810.png,5,0.045,4.98896,0.0402329,-0.0110397,-0.00476709,576,26309,26885,36.1628
810,811.png,5,0.045,4.98896,0.0402329,-0.0110397,-0.00476709,576,26309,26885,31.7376
811,812.png,5,0.045,4.99576,0.0402329,-0.00424337,-0.00476709,576,26309,26885,35.3015
812,813.png,5,0.045,4.99576,0.0402329,-0.00424337,-0.00476709,576,26309,26885,27.0931
813,814.png,5,0.045,4.98896,0.0402329,-0.0110397,-0.00476709,576,26309,26885,33.1027
814,815.png,5,0.045,4.98896,0.0402329,-0.0110397,-0.00476709,576,26309,26885,33.3792
815,816.png,5,0.045,4.99123,0.0329064,-0.00877428,-0.0120936,576,26309,26885,35.6016
816,817.png,5,0.045,4.99123,0.0329064,-0.00877428,-0.0120936,576,26309,26885,28.6982
817,818.png,5,0.045,4.98669,0.0297666,-0.0133052,-0.0152334,576,26309,26885,23.8066
818,819.png,5,0.045,4.98669,0.0297666,-0.0133052,-0.0152334,576,26309,26885,35.562
819,820.png,5,0.045,4.98896,0.0339532,-0.0110397,-0.0110468,576,26309,26885,36.0289
820,821.png,5,0.045,4.98896,0.0339532,-0.0110397,-0.0110468,576,26309,26885,33.5384
821,822.png,5,0.045,4.99802,0.0224401,-0.00197792,-0.0225599,576,26309,26885,34.2398
822,823.png,5,0.045,4.99802,0.0224401,-0.00197792,-0.0225599,576,26309,26885,29.7942
823,824.png,5,0.045,4.98896,0.0130201,-0.0110397,-0.0319799,576,26309,26885,35.5503
824,825.png,5,0.045,4.98896,0.0130201,-0.0110397,-0.0319799,576,26309,26885,33.1096
825,826.png,13,0.0125,4.99123,-0.0120998,-8.00877,-0.0245998,576,26309,26885,28.9883
826,827.png,13,0.0135,4.99123,-0.0120998,-8.00877,-0.0255998,576,26309,26885,28.492
827,828.png,13,-0.02485,4.99802,-0.0686191,-8.00198,-0.0437691,576,26309,26885,40.9537
828,829.png,13,-0.0216,4.99802,-0.0686191,-8.00198,-0.047019,576,26309,26885,47.1368
829,830.png,13,-0.1042,5.00255,-0.162818,-7.99745,-0.0586177,576,26309,26885,37.7246
830,831.png,13,-0.0972,5.00255,-0.162818,-7.99745,-0.0656177,576,26309,26885,26.3404
831,832.png,5,-0.71365,4.93912,-0.715451,-0.0608807,-0.00180054,576,26309,26885,36.6787
832,833.png,5,-0.6854,4.93912,-0.715451,-0.0608807,-0.0300505,576,26309,26885,33.6465
833,834.png,5,-1.3695,4.93459,-1.2639,-0.0654116,0.105603,576,26309,26885,23.6636
834,835.png,5,-1.324,4.93459,-1.2639,-0.0654116,0.0601034,576,26309,26885,30.5687
835,836.png,5,-1.87725,4.91873,-1.85107,-0.0812697,0.026181,576,26309,26885,35.6506
836,837.png,5,-1.82,4.91873,-1.85107,-0.0812697,-0.0310689,576,26309,26885,26.4845
837,838.png,5,-1.995,4.85983,-1.73908,-0.140172,0.255923,576,26309,26885,34.8089
838,839.png,5,-1.9825,4.85983,-1.73908,-0.140172,0.243423,576,26309,26885,35.6797
839,840.png,-0.6,-1,4.73749,-1.34135,5.33749,-0.341349,576,26309,26885,35.3937
840,841.png,-0.6,-1,4.73749,-1.34135,5.33749,-0.341349,576,26309,26885,33.9353
841,842.png,-0.6,-1,4.69671,-1.1833,5.29671,-0.183304,576,26309,26885,34.5054
842,843.png,-0.6,-1,4.69671,-1.1833,5.29671,-0.183304,576,26309,26885,32.6153
843,844.png,-0.6,-1,4.68312,-1.11737,5.28312,-0.117365,576,26309,26885,35.5631
844,845.png,-0.6,-1,4.68312,-1.11737,5.28312,-0.117365,576,26309,26885,28.5333
845,846.png,-0.6,-1,4.70351,-1.17388,5.30351,-0.173885,576,26309,26885,33.8873
846,847.png,-0.6,-1,4.70351,-1.17388,5.30351,-0.173885,576,26309,26885,26.3099
847,848.png,-0.6,-1,4.73523,-1.24296,5.33523,-0.242964,576,26309,26885,36.3655
848,849.png,-0.6,-1,4.73523,-1.24296,5.33523,-0.242964,576,26309,26885,31.3934
849,850.png,-0.6,-1,4.76921,-1.37903,5.36921,-0.379029,576,26309,26885,42.8379
850,851.png,-0.6,-1,4.76921,-1.37903,5.36921,-0.379029,576,26309,26885,29.2964
851,852.png,-0.6,-1,4.7896,-1.4816,5.3896,-0.481601,576,26309,26885,36.2744
852,853.png,-0.6,-1,4.7896,-1.4816,5.3896,-0.481601,576,26309,26885,32.1754
853,854.png,5,-2.0315,4.83491,-1.63546,-0.165093,0.396042,576,26309,26885,35.8065
854,855.png,5,-2.028,4.83491,-1.63546,-0.165093,0.392542,576,26309,26885,37.8516
855,856.png,5,-1.979,4.87569,-1.75792,-0.124314,0.221083,576,26309,26885,34.2707
856,857.png,5,-1.9825,4.87569,-1.75792,-0.124314,0.224583,576,26309,26885,35.0188
857,858.png,5,-1.9335,4.90514,-1.84898,-0.0948629,0.0845244,576,26309,26885,26.6503
858,859.png,5,-1.937,4.90514,-1.84898,-0.0948629,0.0880244,576,26309,26885,31.4341
859,860.png,5,-1.8495,4.93232,-1.83328,-0.067677,0.016224,576,26309,26885,35.5012
860,861.png,5,-1.85575,4.93232,-1.83328,-0.067677,0.0224741,576,26309,26885,43.4011
861,862.png,5,-1.64225,4.95951,-1.65744,-0.0404911,-0.0151883,576,26309,26885,23.6052
862,863.png,5,-1.6575,4.95951,-1.65744,-0.0404911,6.17504e-05,576,26309,26885,24.0264
863,864.png,5,-1.374,4.96857,-1.46799,-0.0314293,-0.093994,576,26309,26885,36.396
864,865.png,5,-1.39425,4.96857,-1.46799,-0.0314293,-0.0737439,576,26309,26885,32.2624
865,866.png,5,-1.1565,5.00029,-1.20005,0.000287533,-0.0435508,576,26309,26885,35.685
866,867.png,5,-1.1795,5.00029,-1.20005,0.000287533,-0.0205508,576,26309,26885,26.9406
867,868.png,5,-0.8195,5.03427,-0.874542,0.0342698,-0.0550417,576,26309,26885,33.6423
868,869.png,5,-0.8435,5.03427,-0.874542,0.0342698,-0.0310417,576,26309,26885,25.8938
869,870.png,5,-0.4685,4.96404,-0.555313,-0.0359602,-0.0868126,576,26309,26885,30.9327
870,871.png,5,-0.4935,4.96404,-0.555313,-0.0359602,-0.0618126,576,26309,26885,37.9278
871,872.png,5,-0.15675,4.97763,-0.200497,-0.022367,-0.0437472,576,26309,26885,29.9525
872,873.png,5,-0.18,4.97763,-0.200497,-0.022367,-0.0204972,576,26309,26885,32.6256
873,874.png,5,0.16075,5.01388,0.115592,0.0138807,-0.045158,576,26309,26885,35.5558
874,875.png,5,0.14,5.01388,0.115592,0.0138807,-0.024408,576,26309,26885,34.2903
875,876.png,5,0.5248,4.92553,0.379349,-0.0744739,-0.145451,576,26309,26885,37.5994
876,877.png,5,0.505,4.92553,0.379349,-0.0744739,-0.125651,576,26309,26885,35.7221
877,878.png,5,0.64635,4.87115,0.619032,-0.128845,-0.027318,576,26309,26885,37.2079
878,879.png,5,0.6351,4.87115,0.619032,-0.128845,-0.016068,576,26309,26885,34.2183
879,880.png,5,0.7179,4.85983,0.596006,-0.140172,-0.121894,576,26309,26885,35.0519
880,881.png,5,0.7134,4.85983,0.596006,-0.140172,-0.117394,576,26309,26885,28.281
881,882.png,5,0.60925,4.87342,0.52902,-0.12658,-0.08023,576,26309,26885,35.491
882,883.png,5,0.612,4.87342,0.52902,-0.12658,-0.08298,576,26309,26885,31.4329
883,884.png,5,0.46325,4.86889,0.422262,-0.131111,-0.0409885,576,26309,26885,37.0794
884,885.png,5,0.472,4.86889,0.422262,-0.131111,-0.0497385,576,26309,26885,25.5623
885,886.png,5,0.23825,4.91646,0.234911,-0.0835357,-0.00333935,576,26309,26885,39.2032
886,887.png,5,0.252,4.91646,0.234911,-0.0835357,-0.0170894,576,26309,26885,28.9344
887,888.png,5,-0.0455,4.99802,-0.0811789,-0.00197792,-0.0356789,576,26309,26885,34.998
888,889.png,5,-0.028,4.99802,-0.0811789,-0.00197792,-0.0531789,576,26309,26885,30.5595
889,890.png,5,-0.37545,5.00708,-0.398315,0.00708389,-0.0228646,576,26309,26885,28.4476
890,891.png,5,-0.3567,5.00708,-0.398315,0.00708389,-0.0416146,576,26309,26885,23.7374
891,892.png,5,-0.8393,4.97084,-0.78139,-0.0291638,0.0579103,576,26309,26885,29.8083
892,893.png,5,-0.815,4.97084,-0.78139,-0.0291638,0.0336103,576,26309,26885,29.1421
893,894.png,5,-1.1281,5.11583,-1.09748,0.115828,0.0306213,576,26309,26885,37.9357
894,895.png,5,-1.1086,5.11583,-1.09748,0.115828,0.0111213,576,26309,26885,36.8819
895,896.png,5,-1.33815,5.00255,-1.22308,0.00255299,0.115073,576,26309,26885,37.65
896,897.png,5,-1.3224,5.00255,-1.22308,0.00255299,0.0993228,576,26309,26885,34.6106
897,898.png,5,-1.5064,4.95498,-1.2775,-0.045022,0.228897,576,26309,26885,29.2044
898,899.png,5,-1.4964,4.95498,-1.2775,-0.045022,0.218897,576,26309,26885,27.5698
899,900.png,5,-1.366,4.94818,-1.31309,-0.0518188,0.0529107,576,26309,26885,41.0707
900,901.png,5,-1.36125,4.94818,-1.31309,-0.0518188,0.0481607,576,26309,26885,31.893
901,902.png,5,-1.35325,4.95045,-1.29948,-0.0495529,0.0537672,576,26309,26885,38.4753
902,903.png,5,-1.35375,4.95045,-1.29948,-0.0495529,0.0542672,576,26309,26885,34.5591
903,904.png,5,-1.26975,4.95951,-1.23773,-0.0404911,0.0320196,576,26309,26885,38.3622
904,905.png,5,-1.275,4.95951,-1.23773,-0.0404911,0.0372696,576,26309,26885,31.4697
905,906.png,5,-1.183,4.96857,-1.1697,-0.0314293,0.013302,576,26309,26885,34.8843
906,907.png,5,-1.18875,4.96857,-1.1697,-0.0314293,0.019052,576,26309,26885,27.624
907,908.png,5,-1.05275,5.02294,-1.08283,0.0229425,-0.0300757,576,26309,26885,38.0399
908,909.png,5,-1.06125,5.02294,-1.08283,0.0229425,-0.0215757,576,26309,26885,28.1073
909,910.png,9,-0.58805,5.07958,-0.940481,-3.92042,-0.352431,576,26309,26885,28.8706
910,911.png,9,-0.5978,5.07958,-0.940481,-3.92042,-0.342681,576,26309,26885,29.4824
911,912.png,5,-0.7975,5.04786,-0.752083,0.0478625,0.0454167,576,26309,26885,35.5072
912,913.png,5,-0.808,5.04786,-0.752083,0.0478625,0.0559167,576,26309,26885,36.4386
913,914.png,5,-0.655,4.98443,-0.711264,-0.0155711,-0.056264,576,26309,26885,34.6563
914,915.png,5,-0.664,4.98443,-0.711264,-0.0155711,-0.047264,576,26309,26885,35.9109
915,916.png,5,-0.681,4.98669,-0.717544,-0.0133052,-0.0365438,576,26309,26885,30.2355
916,917.png,5,-0.68,4.98669,-0.717544,-0.0133052,-0.0375438,576,26309,26885,29.6036
917,918.png,5,-0.578,4.99123,-0.629625,-0.00877428,-0.051625,576,26309,26885,38.2084
918,919.png,5,-0.584,4.99123,-0.629625,-0.00877428,-0.045625,576,26309,26885,25.3155
919,920.png,5,-0.5155,4.98443,-0.540659,-0.0155711,-0.0251595,576,26309,26885,34.2121
920,921.png,5,-0.522,4.98443,-0.540659,-0.0155711,-0.0186595,576,26309,26885,23.5705
921,922.png,5,-0.3564,4.96404,-0.344935,-0.0359602,0.0114646,576,26309,26885,35.4478
922,923.png,5,-0.3654,4.96404,-0.344935,-0.0359602,0.0204646,576,26309,26885,35.227
923,924.png,5,-0.186,4.97537,-0.155491,-0.0246329,0.0305088,576,26309,26885,35.5658
924,925.png,5,-0.19575,4.97537,-0.155491,-0.0246329,0.0402588,576,26309,26885,32.6863
925,926.png,5,-0.19575,4.97537,-0.155491,-0.0246329,0.0402588,576,26309,26885,25.3168
926,927.png,5,-0.0501,4.9799,-0.0330328,-0.020102,0.0170672,576,26309,26885,35.3994
927,928.png,5,-0.06,4.9799,-0.0330328,-0.020102,0.0269672,576,26309,26885,34.4502
928,929.png,5,-0.06,4.9799,-0.0330328,-0.020102,0.0269672,576,26309,26885,32.7289
929,930.png,5,0.0831,5.00029,0.0622127,0.000287533,-0.0208873,576,26309,26885,31.5139
930,931.png,5,0.075,5.00029,0.0622127,0.000287533,-0.0127873,576,26309,26885,30.2786
931,932.png,5,0.075,5.00029,0.0622127,0.000287533,-0.0127873,576,26309,26885,28.5977
932,933.png,5,0.1969,4.98216,0.166878,-0.0178361,-0.0300219,576,26309,26885,35.1661
933,934.png,5,0.19,4.98216,0.166878,-0.0178361,-0.0231219,576,26309,26885,27.844
934,935.png,5,0.19,4.98216,0.166878,-0.0178361,-0.0231219,576,26309,26885,33.8762
935,936.png,5,0.26695,4.93912,0.27259,-0.0608807,0.00564018,576,26309,26885,36.7226
936,937.png,5,0.2622,4.93912,0.27259,-0.0608807,0.0103902,576,26309,26885,33.7236
937,938.png,5,0.32155,4.94592,0.330156,-0.0540838,0.00860602,576,26309,26885,32.5932
938,939.png,5,0.31755,4.94592,0.330156,-0.0540838,0.012606,576,26309,26885,33.371
939,940.png,5,0.31755,4.94592,0.330156,-0.0540838,0.012606,576,26309,26885,36.4249
940,941.png,5,0.38195,4.96177,0.370975,-0.0382257,-0.0109746,576,26309,26885,34.9622
941,942.png,5,0.37845,4.96177,0.370975,-0.0382257,-0.00747457,576,26309,26885,34.7296
942,943.png,5,0.37845,4.96177,0.370975,-0.0382257,-0.00747457,576,26309,26885,33.91
943,944.png,5,0.43365,4.98896,0.418075,-0.0110397,-0.0155751,576,26309,26885,35.6107
944,945.png,5,0.43065,4.98896,0.418075,-0.0110397,-0.0125751,576,26309,26885,28.7742
945,946.png,5,0.43425,4.95724,0.451568,-0.042757,0.0173178,576,26309,26885,32.348
946,947.png,5,0.432,4.95724,0.451568,-0.042757,0.0195678,576,26309,26885,23.6485
947,948.png,5,0.432,4.95724,0.451568,-0.042757,0.0195678,576,26309,26885,25.8324
948,949.png,5,0.4575,4.94365,0.467268,-0.0563498,0.00976753,576,26309,26885,29.5182
949,950.png,5,0.456,4.94365,0.467268,-0.0563498,0.0112675,576,26309,26885,33.2875
950,951.png,5,0.456,4.94365,0.467268,-0.0563498,0.0112675,576,26309,26885,29.298
951,952.png,5,0.456,4.94365,0.473547,-0.0563498,0.0175473,576,26309,26885,34.8773
952,953.png,5,0.456,4.94365,0.473547,-0.0563498,0.0175473,576,26309,26885,23.5939
953,954.png,5,0.456,4.94365,0.473547,-0.0563498,0.0175473,576,26309,26885,30.1987
954,955.png,5,0.439,4.93232,0.458894,-0.067677,0.0198943,576,26309,26885,35.5855
955,956.png,5,0.44,4.93232,0.458894,-0.067677,0.0188943,576,26309,26885,33.6505
956,957.png,5,0.44,4.93232,0.458894,-0.067677,0.0188943,576,26309,26885,35.5828
957,958.png,5,0.389,4.95271,0.429588,-0.0472879,0.040588,576,26309,26885,32.2945
958,959.png,5,0.392,4.95271,0.429588,-0.0472879,0.037588,576,26309,26885,32.9882
959,960.png,5,0.392,4.95271,0.429588,-0.0472879,0.037588,576,26309,26885,28.8681
960,961.png,5,0.307,4.94138,0.361555,-0.0586152,0.0545554,576,26309,26885,35.6199
961,962.png,5,0.312,4.94138,0.361555,-0.0586152,0.0495555,576,26309,26885,36.5031
962,963.png,5,0.312,4.94138,0.361555,-0.0586152,0.0495555,576,26309,26885,34.8247
963,964.png,5,0.2015,4.93685,0.221304,-0.0631461,0.0198041,576,26309,26885,35.5087
964,965.png,5,0.208,4.93685,0.221304,-0.0631461,0.0133041,576,26309,26885,29.4272
965,966.png,5,0.208,4.93685,0.221304,-0.0631461,0.0133041,576,26309,26885,37.7203
966,967.png,5,0.08475,5.00029,0.0789592,0.000287533,-0.00579081,576,26309,26885,36.5307
967,968.png,5,0.092,5.00029,0.0789592,0.000287533,-0.0130408,576,26309,26885,35.4006
968,969.png,5,0.092,5.00029,0.0789592,0.000287533,-0.0130408,576,26309,26885,37.7547
969,970.png,5,-0.03335,4.9799,-0.038266,-0.020102,-0.004916,576,26309,26885,34.08
970,971.png,5,-0.0261,4.9799,-0.038266,-0.020102,-0.012166,576,26309,26885,29.5306
971,972.png,5,-0.0261,4.9799,-0.038266,-0.020102,-0.012166,576,26309,26885,35.5983
972,973.png,5,-0.1634,4.98669,-0.118858,-0.0133052,0.0445416,576,26309,26885,35.6365
973,974.png,5,-0.1564,4.98669,-0.118858,-0.0133052,0.0375416,576,26309,26885,35.3895
974,975.png,5,-0.2972,4.95271,-0.206777,-0.0472879,0.0904229,576,26309,26885,23.6721
975,976.png,5,-0.29,4.95271,-0.206777,-0.0472879,0.0832229,576,26309,26885,24.8386
976,977.png,13,-0.2097,4.96404,-0.350169,-8.03596,-0.140469,576,26309,26885,34.312
977,978.png,13,-0.2052,4.96404,-0.350169,-8.03596,-0.144969,576,26309,26885,35.5545
978,979.png,13,-0.2052,4.96404,-0.350169,-8.03596,-0.144969,576,26309,26885,37.6011
979,980.png,5,-0.4277,4.9731,-0.426574,-0.0268984,0.00112563,576,26309,26885,25.3594
980,981.png,5,-0.425,4.9731,-0.426574,-0.0268984,-0.00157437,576,26309,26885,28.9013
981,982.png,5,-0.425,4.9731,-0.426574,-0.0268984,-0.00157437,576,26309,26885,34.7451
982,983.png,5,-0.4298,4.96177,-0.463207,-0.0382257,-0.0334072,576,26309,26885,34.3
983,984.png,5,-0.4278,4.96177,-0.463207,-0.0382257,-0.0354072,576,26309,26885,38.329
984,985.png,5,-0.4278,4.96177,-0.463207,-0.0382257,-0.0354072,576,26309,26885,37.9684
985,986.png,5,-0.52875,4.95271,-0.510306,-0.0472879,0.0184435,576,26309,26885,34.4038
986,987.png,5,-0.522,4.95271,-0.510306,-0.0472879,0.0116935,576,26309,26885,35.1087
987,988.png,5,-0.522,4.95271,-0.510306,-0.0472879,0.0116935,576,26309,26885,31.2098
988,989.png,5,-0.384,4.95498,-0.342842,-0.045022,0.0411579,576,26309,26885,37.7687
989,990.png,5,-0.3915,4.95498,-0.342842,-0.045022,0.0486579,576,26309,26885,34.2602
990,991.png,5,-0.3915,4.95498,-0.342842,-0.045022,0.0486579,576,26309,26885,34.725
991,992.png,5,-0.1753,4.99576,-0.106299,-0.00424337,0.0690014,576,26309,26885,35.0469
992,993.png,5,-0.18705,4.99576,-0.106299,-0.00424337,0.0807514,576,26309,26885,31.1547
993,994.png,5,-0.18705,4.99576,-0.106299,-0.00424337,0.0807514,576,26309,26885,38.1516
994,995.png,5,0.10775,4.99802,0.101985,-0.00197792,-0.00576462,576,26309,26885,36.3559
995,996.png,5,0.092,4.99802,0.101985,-0.00197792,0.00998538,576,26309,26885,34.0244
996,997.png,13,0.2605,4.97763,0.368882,-8.02237,0.108382,576,26309,26885,28.8321
997,998.png,13,0.243,4.97763,0.368882,-8.02237,0.125882,576,26309,26885,28.7466
998,999.png,13,0.243,4.97763,0.368882,-8.02237,0.125882,576,26309,26885,33.04
999,1000.png,5,0.75835,4.86889,0.755097,-0.131111,-0.00325286,576,26309,26885,34.657
1000,1001.png,5,0.7406,4.86889,0.755097,-0.131111,0.0144972,576,26309,26885,33.8503
1001,1002.png,5,1.08675,4.78733,1.11515,-0.212668,0.0283955,576,26309,26885,35.3179
1002,1003.png,5,1.06575,4.78733,1.11515,-0.212668,0.0493956,576,26309,26885,24.8702
1003,1004.png,5,1.06575,4.78733,1.11515,-0.212668,0.0493956,576,26309,26885,24.123
1004,1005.png,5,1.78325,4.9799,1.51601,-0.020102,-0.267236,576,26309,26885,40.8817
1005,1006.png,5,1.736,4.9799,1.51601,-0.020102,-0.219986,576,26309,26885,27.6804
1006,1007.png,5,1.645,4.94365,1.79861,-0.0563498,0.15361,576,26309,26885,25.1068
1007,1008.png,5,1.62825,4.94365,1.79861,-0.0563498,0.17036,576,26309,26885,33.1596
1008,1009.png,5,1.78925,4.82811,1.86769,-0.171889,0.078439,576,26309,26885,35.4864
1009,1010.png,5,1.77775,4.82811,1.86769,-0.171889,0.089939,576,26309,26885,35.7165
1010,1011.png,5,1.81625,4.79186,1.78919,-0.208138,-0.0270599,576,26309,26885,35.683
1011,1012.png,5,1.8135,4.79186,1.78919,-0.208138,-0.02431,576,26309,26885,35.2233
1012,1013.png,5,1.8135,4.79186,1.78919,-0.208138,-0.02431,576,26309,26885,27.4237
1013,1014.png,5,1.761,4.83944,1.80698,-0.160562,0.0459833,576,26309,26885,32.7257
1014,1015.png,5,1.76475,4.83944,1.80698,-0.160562,0.0422333,576,26309,26885,30.3637
1015,1016.png,5,1.62125,4.86436,1.79547,-0.135642,0.17422,576,26309,26885,29.054
1016,1017.png,5,1.6315,4.86436,1.79547,-0.135642,0.16397,576,26309,26885,26.9586
1017,1018.png,5,1.4355,4.85303,1.59556,-0.146969,0.160059,576,26309,26885,27.967
1018,1019.png,5,1.4495,4.85303,1.59556,-0.146969,0.14606,576,26309,26885,29.4338
1019,1020.png,5,1.4045,4.82358,1.28575,-0.176421,-0.11875,576,26309,26885,28.5505
1020,1021.png,5,1.42125,4.82358,1.28575,-0.176421,-0.1355,576,26309,26885,26.51
1021,1022.png,5,1.0415,4.75108,1.01571,-0.248916,-0.0257864,576,26309,26885,35.5118
1022,1023.png,5,1.0605,4.75108,1.01571,-0.248916,-0.0447865,576,26309,26885,37.0342
1023,1024.png,5,1.0605,4.75108,1.01571,-0.248916,-0.0447865,576,26309,26885,30.371
1024,1025.png,5,0.768,4.91193,0.77603,-0.0880666,0.00803024,576,26309,26885,35.1967
1025,1026.png,5,0.7875,4.91193,0.77603,-0.0880666,-0.0114698,576,26309,26885,33.9714
1026,1027.png,5,0.7875,4.91193,0.77603,-0.0880666,-0.0114698,576,26309,26885,34.6735
1027,1028.png,5,0.49575,4.93006,0.574026,-0.0699425,0.078276,576,26309,26885,35.664
1028,1029.png,5,0.5175,4.93006,0.574026,-0.0699425,0.0565261,576,26309,26885,33.5662
1029,1030.png,5,0.2055,4.92553,0.324923,-0.0744739,0.119423,576,26309,26885,35.6236
1030,1031.png,5,0.225,4.92553,0.324923,-0.0744739,0.0999227,576,26309,26885,33.1508
1031,1032.png,5,-0.0575,4.99802,-0.0298928,-0.00197792,0.0276072,576,26309,26885,23.7164
1032,1033.png,5,-0.04,4.99802,-0.0298928,-0.00197792,0.0101072,576,26309,26885,24.2702
1033,1034.png,5,-0.3468,5.00255,-0.168051,0.00255299,0.178749,576,26309,26885,34.9723
1034,1035.png,5,-0.33,5.00255,-0.168051,0.00255299,0.161949,576,26309,26885,27.3626
1035,1036.png,5,-0.33,5.00255,-0.168051,0.00255299,0.161949,576,26309,26885,37.1566
1036,1037.png,5,-0.542,4.95271,-0.476814,-0.0472879,0.0651863,576,26309,26885,29.1296
1037,1038.png,5,-0.53,4.95271,-0.476814,-0.0472879,0.0531862,576,26309,26885,25.6676
1038,1039.png,5,-0.53,4.95271,-0.476814,-0.0472879,0.0531862,576,26309,26885,45.2892
1039,1040.png,5,-0.5347,4.95951,-0.488327,-0.0404911,0.0463732,576,26309,26885,35.6594
1040,1041.png,5,-0.5307,4.95951,-0.488327,-0.0404911,0.0423732,576,26309,26885,34.0876
1041,1042.png,5,-0.5307,4.95951,-0.488327,-0.0404911,0.0423732,576,26309,26885,35.3882
1042,1043.png,5,-0.44975,4.97763,-0.448554,-0.022367,0.001196,576,26309,26885,29.4329
1043,1044.png,5,-0.452,4.97763,-0.448554,-0.022367,0.00344598,576,26309,26885,30.7375
1044,1045.png,5,-0.316,4.95045,-0.238177,-0.0495529,0.0778233,576,26309,26885,35.8152
1045,1046.png,5,-0.324,4.95045,-0.238177,-0.0495529,0.0858233,576,26309,26885,25.1953
1046,1047.png,5,-0.12425,4.97763,-0.0623391,-0.022367,0.0619109,576,26309,26885,29.5408
1047,1048.png,5,-0.136,4.97763,-0.0623391,-0.022367,0.0736609,576,26309,26885,26.6995
1048,1049.png,5,0.1465,4.98896,0.150132,-0.0110397,0.00363162,576,26309,26885,37.6186
1049,1050.png,5,0.5369,4.95271,0.431681,-0.0472879,-0.105219,576,26309,26885,35.6236
1050,1051.png,5,0.515,4.95271,0.431681,-0.0472879,-0.0833188,576,26309,26885,30.0111
1051,1052.png,5,0.8701,4.85077,0.806383,-0.149235,-0.0637171,576,26309,26885,34.0605
1052,1053.png,5,0.85,4.85077,0.806383,-0.149235,-0.0436171,576,26309,26885,30.2958
1053,1054.png,5,0.9663,4.77147,1.0042,-0.228527,0.0379006,576,26309,26885,36.8352
1054,1055.png,5,0.9568,4.77147,1.0042,-0.228527,0.0474006,576,26309,26885,31.7485
1055,1056.png,5,0.9568,4.77147,1.0042,-0.228527,0.0474006,576,26309,26885,34.9542
1056,1057.png,5,0.9968,4.7828,1.01885,-0.217199,0.0220535,576,26309,26885,36.8987
1057,1058.png,5,1.0424,4.83717,1.02723,-0.162827,-0.0151733,576,26309,26885,31.1208
1058,1059.png,5,1.03965,4.83717,1.02723,-0.162827,-0.0124233,576,26309,26885,27.0958
1059,1060.png,5,1.06265,4.85756,1.02513,-0.142438,-0.0375164,576,26309,26885,33.5986
1060,1061.png,5,1.0614,4.85756,1.02513,-0.142438,-0.0362664,576,26309,26885,25.4181
1061,1062.png,5,1.0614,4.85756,1.02513,-0.142438,-0.0362664,576,26309,26885,26.0263
1062,1063.png,5,0.95475,4.88022,0.975941,-0.119783,0.021191,576,26309,26885,30.6753
1063,1064.png,5,0.90075,4.88475,0.899535,-0.115252,-0.0012148,576,26309,26885,29.6333
1064,1065.png,5,0.904,4.88475,0.899535,-0.115252,-0.00446481,576,26309,26885,38.8144
1065,1066.png,5,0.904,4.88475,0.899535,-0.115252,-0.00446481,576,26309,26885,36.2827
1066,1067.png,5,0.8275,4.91873,0.786497,-0.0812697,-0.0410034,576,26309,26885,38.7917
1067,1068.png,5,0.832,4.91873,0.786497,-0.0812697,-0.0455034,576,26309,26885,30.3827
1068,1069.png,5,0.764,4.92326,0.665085,-0.0767388,-0.0989152,576,26309,26885,37.5874
1069,1070.png,5,0.768,4.92326,0.665085,-0.0767388,-0.102915,576,26309,26885,37.6466
1070,1071.png,5,0.683,4.92553,0.625312,-0.0744739,-0.0576879,576,26309,26885,35.5661
1071,1072.png,5,0.688,4.92553,0.625312,-0.0744739,-0.0626879,576,26309,26885,35.5186
1072,1073.png,5,0.647,4.93459,0.564606,-0.0654116,-0.0823939,576,26309,26885,35.6562
1073,1074.png,5,0.6525,4.93459,0.564606,-0.0654116,-0.0878939,576,26309,26885,36.6047
1074,1075.png,5,0.5053,4.95045,0.455754,-0.0495529,-0.0495455,576,26309,26885,24.3903
1075,1076.png,5,0.5133,4.95045,0.455754,-0.0495529,-0.0575455,576,26309,26885,32.7226
1076,1077.png,5,0.3385,4.93232,0.331203,-0.067677,-0.00729722,576,26309,26885,36.2682
1077,1078.png,5,0.348,4.93232,0.331203,-0.067677,-0.0167972,576,26309,26885,26.4561
1078,1079.png,5,0.1318,4.98669,0.0883792,-0.0133052,-0.0434208,576,26309,26885,28.9514
1079,1080.png,5,0.14355,4.98669,0.0883792,-0.0133052,-0.0551708,576,26309,26885,35.5026
1080,1081.png,5,-0.0894,5.00708,-0.0571058,0.00708389,0.0322942,576,26309,26885,36.568
1081,1082.png,5,-0.075,5.00708,-0.0571058,0.00708389,0.0178942,576,26309,26885,25.4846
1082,1083.png,5,-0.3294,4.99349,-0.20887,-0.00650883,0.12053,576,26309,26885,35.5101
1083,1084.png,5,-0.315,4.99349,-0.20887,-0.00650883,0.10613,576,26309,26885,33.8449
1084,1085.png,5,-0.48865,4.97084,-0.500887,-0.0291638,-0.0122367,576,26309,26885,35.4445
1085,1086.png,5,-0.4784,4.97084,-0.500887,-0.0291638,-0.0224867,576,26309,26885,29.263
1086,1087.png,5,-0.5904,4.98669,-0.568919,-0.0133052,0.0214809,576,26309,26885,33.5848
1087,1088.png,5,-0.5829,4.98669,-0.568919,-0.0133052,0.0139809,576,26309,26885,27.0206
1088,1089.png,5,-0.6125,5.00029,-0.610785,0.000287533,0.00171483,576,26309,26885,23.7347
1089,1090.png,5,-0.608,5.00029,-0.610785,0.000287533,-0.00278521,576,26309,26885,28.955
1090,1091.png,5,-0.62925,4.99576,-0.626485,-0.00424337,0.00276488,576,26309,26885,37.7949
1091,1092.png,5,-0.628,4.99576,-0.626485,-0.00424337,0.00151491,576,26309,26885,37.4686
1092,1093.png,5,-0.60675,4.9799,-0.583572,-0.020102,0.0231778,576,26309,26885,36.5138
1093,1094.png,5,-0.608,4.9799,-0.583572,-0.020102,0.0244278,576,26309,26885,35.4904
1094,1095.png,5,-0.54425,4.97084,-0.542753,-0.0291638,0.00149721,576,26309,26885,29.6417
1095,1096.png,5,-0.548,4.97084,-0.542753,-0.0291638,0.00524718,576,26309,26885,31.3259
1096,1097.png,5,-0.4545,4.99576,-0.492513,-0.00424337,-0.0380135,576,26309,26885,35.8141
1097,1098.png,5,-0.46,4.99576,-0.492513,-0.00424337,-0.0325134,576,26309,26885,35.6964
1098,1099.png,5,-0.341,4.99349,-0.300976,-0.00650883,0.040024,576,26309,26885,35.564
1099,1100.png,5,-0.348,4.99349,-0.300976,-0.00650883,0.047024,576,26309,26885,33.5395
1100,1101.png,5,-0.21625,4.9731,-0.178518,-0.0268984,0.0377324,576,26309,26885,35.7067
1101,1102.png,5,-0.224,4.9731,-0.178518,-0.0268984,0.0454824,576,26309,26885,23.565
1102,1103.png,5,-0.0918,4.98216,-0.0801321,-0.0178361,0.0116679,576,26309,26885,29.1977
1103,1104.png,5,-0.10005,4.98216,-0.0801321,-0.0178361,0.0199179,576,26309,26885,36.1258
1104,1105.png,5,0.04255,4.99802,0.0245332,-0.00197792,-0.0180168,576,26309,26885,35.3241
1105,1106.png,5,0.0348,4.99802,0.0245332,-0.00197792,-0.0102668,576,26309,26885,25.5365
1106,1107.png,5,0.1884,4.97763,0.121872,-0.022367,-0.0665279,576,26309,26885,35.2977
1107,1108.png,5,0.18,4.97763,0.121872,-0.022367,-0.0581279,576,26309,26885,35.3253
1108,1109.png,5,0.2966,4.95271,0.228631,-0.0472879,-0.0679695,576,26309,26885,28.5149
1109,1110.png,5,0.29,4.95271,0.228631,-0.0472879,-0.0613694,576,26309,26885,35.8835
1110,1111.png,5,0.3589,4.94818,0.284103,-0.0518188,-0.0747967,576,26309,26885,32.9141
1111,1112.png,5,0.355,4.94818,0.284103,-0.0518188,-0.0708967,576,26309,26885,38.3414
1112,1113.png,5,0.3709,4.93912,0.308176,-0.0608807,-0.0627238,576,26309,26885,37.4247
1113,1114.png,5,0.37,4.93912,0.308176,-0.0608807,-0.0618238,576,26309,26885,32.0327
1114,1115.png,5,0.3113,4.93912,0.277823,-0.0608807,-0.0334768,576,26309,26885,34.8224
1115,1116.png,5,0.3128,4.93912,0.277823,-0.0608807,-0.0349768,576,26309,26885,31.5867
1116,1117.png,5,0.24005,4.94365,0.224444,-0.0563498,-0.0156061,576,26309,26885,23.564
1117,1118.png,5,0.2438,4.94365,0.224444,-0.0563498,-0.0193561,576,26309,26885,25.2606
1118,1119.png,5,0.1484,4.98896,0.107219,-0.0110397,-0.0411813,576,26309,26885,36.679
1119,1120.png,5,0.155,4.98896,0.107219,-0.0110397,-0.0477813,576,26309,26885,27.4499
1120,1121.png,5,0.0225,4.99802,0.0276731,-0.00197792,0.00517307,576,26309,26885,35.3454
1121,1122.png,5,0.03,4.99802,0.0276731,-0.00197792,-0.00232693,576,26309,26885,25.8433
1122,1123.png,13,-0.0605,4.99576,-0.092692,-8.00424,-0.032192,576,26309,26885,35.5122
1123,1124.png,13,-0.054,4.99576,-0.092692,-8.00424,-0.038692,576,26309,26885,35.4646
1124,1125.png,5,-0.2378,4.97763,-0.161771,-0.022367,0.0760289,576,26309,26885,47.7981
1125,1126.png,5,-0.23,4.97763,-0.161771,-0.022367,0.0682289,576,26309,26885,26.9494
1126,1127.png,5,-0.33285,4.96631,-0.280043,-0.0336947,0.0528071,576,26309,26885,32.8824
1127,1128.png,5,-0.3266,4.96631,-0.280043,-0.0336947,0.0465571,576,26309,26885,40.0057
1128,1129.png,5,-0.49745,4.9731,-0.49984,-0.0268984,-0.00239012,576,26309,26885,33.5149
1129,1130.png,5,-0.4872,4.9731,-0.49984,-0.0268984,-0.0126401,576,26309,26885,27.9716
1130,1131.png,5,-0.49475,4.99123,-0.52182,-0.00877428,-0.0270698,576,26309,26885,36.4988
1131,1132.png,5,-0.492,4.99123,-0.52182,-0.00877428,-0.0298198,576,26309,26885,36.1415
1132,1133.png,5,-0.5005,5.00935,-0.510306,0.00934982,-0.00980645,576,26309,26885,37.8045
1133,1134.png,5,-0.5,5.00935,-0.510306,0.00934982,-0.0103065,576,26309,26885,35.1376
1134,1135.png,5,-0.46175,5.00029,-0.500887,0.000287533,-0.0391367,576,26309,26885,28.2578
1135,1136.png,5,-0.464,5.00029,-0.500887,0.000287533,-0.0368867,576,26309,26885,29.4675
1136,1137.png,5,-0.4045,4.98896,-0.438087,-0.0110397,-0.0335875,576,26309,26885,35.0163
1137,1138.png,5,-0.408,4.98896,-0.438087,-0.0110397,-0.0300875,576,26309,26885,32.9959
1138,1139.png,5,-0.31875,4.96631,-0.25597,-0.0336947,0.0627801,576,26309,26885,42.1366
1139,1140.png,5,-0.324,4.96631,-0.25597,-0.0336947,0.0680301,576,26309,26885,36.2866
1140,1141.png,5,-0.222,4.95951,-0.181657,-0.0404911,0.0403426,576,26309,26885,32.7788
1141,1142.png,5,-0.228,4.95951,-0.181657,-0.0404911,0.0463426,576,26309,26885,32.8908
1142,1143.png,5,-0.13295,4.98896,-0.105252,-0.0110397,0.0276982,576,26309,26885,43.1962
1143,1144.png,5,-0.1392,4.98896,-0.105252,-0.0110397,0.0339482,576,26309,26885,25.9474
1144,1145.png,5,-0.0196,4.99123,-0.0194262,-0.00877428,0.000173759,576,26309,26885,23.642
1145,1146.png,5,-0.0261,4.99123,-0.0194262,-0.00877428,0.00667376,576,26309,26885,23.5805
1146,1147.png,5,0.08395,5.00255,0.0454663,0.00255299,-0.0384837,576,26309,26885,35.4464
1147,1148.png,5,0.0782,5.00255,0.0454663,0.00255299,-0.0327337,576,26309,26885,33.3123
1148,1149.png,5,0.1804,4.98216,0.120825,-0.0178361,-0.0595747,576,26309,26885,35.8162
1149,1150.png,5,0.175,4.98216,0.120825,-0.0178361,-0.0541747,576,26309,26885,34.2256
1150,1151.png,13,0.13285,4.96857,0.200371,-8.03143,0.067521,576,26309,26885,38.8333
1151,1152.png,13,0.1296,4.96857,0.200371,-8.03143,0.070771,576,26309,26885,28.8829
1152,1153.png,5,0.2771,4.95498,0.226537,-0.045022,-0.0505626,576,26309,26885,37.9178
1153,1154.png,5,0.275,4.95498,0.226537,-0.045022,-0.0484626,576,26309,26885,34.7284
1154,1155.png,5,0.2856,4.94138,0.251657,-0.0586152,-0.0339429,576,26309,26885,35.6524
1155,1156.png,5,0.285,4.94138,0.251657,-0.0586152,-0.0333429,576,26309,26885,23.2725
1156,1157.png,5,0.30585,4.92779,0.265263,-0.0722079,-0.0405867,576,26309,26885,38.649
1157,1158.png,5,0.3036,4.92779,0.265263,-0.0722079,-0.0383367,576,26309,26885,25.6399
1158,1159.png,5,0.226,4.95951,0.189905,-0.0404911,-0.0360954,576,26309,26885,32.8765
1159,1160.png,5,0.23,4.95951,0.189905,-0.0404911,-0.0400954,576,26309,26885,36.2395
1160,1161.png,5,0.11845,4.99349,0.0768657,-0.00650883,-0.0415843,576,26309,26885,35.458
1161,1162.png,5,0.1242,4.99349,0.0768657,-0.00650883,-0.0473343,576,26309,26885,37.4059
1162,1163.png,5,-0.0081,4.99802,0.00360014,-0.00197792,0.0117001,576,26309,26885,38.9105
1163,1164.png,5,-0,4.99802,0.00360014,-0.00197792,0.00360014,576,26309,26885,35.9005
1164,1165.png,13,-0.08555,4.98669,-0.126185,-8.01331,-0.0406349,576,26309,26885,34.0715
1165,1166.png,13,-0.0783,4.98669,-0.126185,-8.01331,-0.0478849,576,26309,26885,34.738
1166,1167.png,5,-0.2987,4.96404,-0.203637,-0.0359602,0.0950627,576,26309,26885,34.3609
1167,1168.png,5,-0.29,4.96404,-0.203637,-0.0359602,0.0863627,576,26309,26885,32.9697
1168,1169.png,5,-0.4123,4.97084,-0.439134,-0.0291638,-0.0268342,576,26309,26885,35.9098
1169,1170.png,5,-0.4048,4.97084,-0.439134,-0.0291638,-0.0343342,576,26309,26885,34.7396
1170,1171.png,5,-0.6588,4.9799,-0.650558,-0.020102,0.00824195,576,26309,26885,35.5781
1171,1172.png,5,-0.6438,4.9799,-0.650558,-0.020102,-0.00675803,576,26309,26885,34.0992
1172,1173.png,5,-0.65575,4.98669,-0.686144,-0.0133052,-0.0303943,576,26309,26885,23.7604
1173,1174.png,5,-0.652,4.98669,-0.686144,-0.0133052,-0.0341442,576,26309,26885,23.7483
1174,1175.png,5,-0.69025,4.96404,-0.709171,-0.0359602,-0.0189207,576,26309,26885,35.2541
1175,1176.png,5,-0.688,4.96404,-0.709171,-0.0359602,-0.0211706,576,26309,26885,33.0422
1176,1177.png,5,-0.6455,4.97763,-0.679864,-0.022367,-0.0343643,576,26309,26885,35.2477
1177,1178.png,5,-0.648,4.97763,-0.679864,-0.022367,-0.0318643,576,26309,26885,28.9602
1178,1179.png,5,-0.59275,4.97763,-0.584619,-0.022367,0.00813109,576,26309,26885,28.5684
1179,1180.png,5,-0.596,4.97763,-0.584619,-0.022367,0.0113811,576,26309,26885,32.3796
1180,1181.png,5,-0.49825,4.99576,-0.526006,-0.00424337,-0.0277563,576,26309,26885,35.6612
1181,1182.png,5,-0.504,4.99576,-0.526006,-0.00424337,-0.0220063,576,26309,26885,32.1569
1182,1183.png,5,-0.38925,4.99576,-0.421341,-0.00424337,-0.032091,576,26309,26885,23.5422
1183,1184.png,5,-0.396,4.99576,-0.421341,-0.00424337,-0.025341,576,26309,26885,26.9014
1184,1185.png,5,-0.27275,4.96177,-0.21829,-0.0382257,0.0544596,576,26309,26885,35.5133
1185,1186.png,5,-0.28,4.96177,-0.21829,-0.0382257,0.0617096,576,26309,26885,35.335
1186,1187.png,5,-0.1573,5.00029,-0.130372,0.000287533,0.0269285,576,26309,26885,37.9792
1187,1188.png,5,-0.1653,5.00029,-0.130372,0.000287533,0.0349285,576,26309,26885,33.1655
1188,1189.png,5,-0.0503,4.98896,-0.0571058,-0.0110397,-0.00680577,576,26309,26885,35.6294
1189,1190.png,5,-0.05655,4.98896,-0.0571058,-0.0110397,-0.000555769,576,26309,26885,32.2522
1190,1191.png,5,0.0622,5.00255,0.0360463,0.00255299,-0.0261537,576,26309,26885,35.6908
1191,1192.png,5,0.055,5.00255,0.0360463,0.00255299,-0.0189537,576,26309,26885,33.5431
1192,1193.png,5,0.1451,4.98669,0.0883792,-0.0133052,-0.0567208,576,26309,26885,35.2663
1193,1194.png,5,0.14,4.98669,0.0883792,-0.0133052,-0.0516208,576,26309,26885,28.7285
1194,1195.png,13,0.1051,4.98669,0.145945,-8.01331,0.040845,576,26309,26885,37.5762
1195,1196.png,13,0.1026,4.98669,0.145945,-8.01331,0.043345,576,26309,26885,33.8624
1196,1197.png,5,0.2059,4.98443,0.156412,-0.0155711,-0.0494883,576,26309,26885,34.2264
1197,1198.png,5,0.205,4.98443,0.156412,-0.0155711,-0.0485883,576,26309,26885,37.8047
1198,1199.png,5,0.1679,4.97763,0.121872,-0.022367,-0.0460279,576,26309,26885,34.2893
1199,1200.png,5,0.17,4.97763,0.121872,-0.022367,-0.0481279,576,26309,26885,36.2324
1200,1201.png,5,0.07395,5.00255,0.0632595,0.00255299,-0.0106905,576,26309,26885,28.7314
1201,1202.png,5,0.0782,5.00255,0.0632595,0.00255299,-0.0149405,576,26309,26885,23.4893
1202,1203.png,5,-0.0263,4.99576,-0.0225663,-0.00424337,0.0037337,576,26309,26885,33.4948
1203,1204.png,5,-0.02,4.99576,-0.0225663,-0.00424337,-0.0025663,576,26309,26885,35.0766
1204,1205.png,13,-0.09635,4.99349,-0.141885,-8.00651,-0.0455348,576,26309,26885,28.7872
1205,1206.png,13,-0.0891,4.99349,-0.141885,-8.00651,-0.0527848,576,26309,26885,32.6124
1206,1207.png,5,-0.3028,4.98216,-0.22143,-0.0178361,0.0813697,576,26309,26885,28.7579
1207,1208.png,5,-0.295,4.98216,-0.22143,-0.0178361,0.0735697,576,26309,26885,35.8642
1208,1209.png,5,-0.4266,4.97763,-0.47158,-0.022367,-0.0449804,576,26309,26885,29.3889
1209,1210.png,5,-0.4186,4.97763,-0.47158,-0.022367,-0.0529804,576,26309,26885,23.5285
1210,1211.png,5,-0.71325,4.9799,-0.713357,-0.020102,-0.000107288,576,26309,26885,34.8652
1211,1212.png,5,-0.696,4.9799,-0.713357,-0.020102,-0.0173573,576,26309,26885,34.5173
1212,1213.png,5,-0.7788,5.00482,-0.706031,0.00481844,0.0727695,576,26309,26885,36.8144
1213,1214.png,5,-0.7743,5.00482,-0.706031,0.00481844,0.0682694,576,26309,26885,31.4601
1214,1215.png,5,-0.7375,5.01615,-0.761503,0.0161457,-0.0240033,576,26309,26885,38.6306
1215,1216.png,5,-0.736,5.01615,-0.761503,0.0161457,-0.0255033,576,26309,26885,33.8216
1216,1217.png,5,-0.6935,5.00255,-0.71859,0.00255299,-0.0250905,576,26309,26885,35.4154
1217,1218.png,5,-0.696,5.00255,-0.71859,0.00255299,-0.0225905,576,26309,26885,28.9179
1218,1219.png,5,-0.594,4.98443,-0.611832,-0.0155711,-0.017832,576,26309,26885,35.5528
1219,1220.png,5,-0.6,4.98443,-0.611832,-0.0155711,-0.0118319,576,26309,26885,28.9949
1220,1221.png,5,-0.498,5.01841,-0.513447,0.0184116,-0.0154465,576,26309,26885,38.1163
1221,1222.png,5,-0.504,5.01841,-0.513447,0.0184116,-0.0094465,576,26309,26885,26.2248
1222,1223.png,5,-0.36375,4.98216,-0.385755,-0.0178361,-0.0220048,576,26309,26885,36.3896
1223,1224.png,5,-0.372,4.98216,-0.385755,-0.0178361,-0.0137548,576,26309,26885,38.1435
1224,1225.png,5,-0.236,4.95498,-0.190031,-0.045022,0.0459693,576,26309,26885,36.8885
1225,1226.png,5,-0.244,4.95498,-0.190031,-0.045022,0.0539693,576,26309,26885,27.2697
1226,1227.png,5,-0.11355,5.00482,-0.107345,0.00481844,0.00620487,576,26309,26885,35.6586
1227,1228.png,5,-0.1218,5.00482,-0.107345,0.00481844,0.0144549,576,26309,26885,28.6577
1228,1229.png,5,0.0167,5.00255,0.0130201,0.00255299,-0.00367989,576,26309,26885,36.7693
1229,1230.png,5,0.0092,5.00255,0.0130201,0.00255299,0.00382011,576,26309,26885,23.6372
1230,1231.png,5,0.1266,4.99123,0.0789592,-0.00877428,-0.0476408,576,26309,26885,38.3865
1231,1232.png,5,0.12,4.99123,0.0789592,-0.00877428,-0.0410408,576,26309,26885,32.8356
1232,1233.png,5,0.2154,4.9799,0.160598,-0.020102,-0.0548016,576,26309,26885,36.7189
1233,1234.png,5,0.21,4.9799,0.160598,-0.020102,-0.0494016,576,26309,26885,31.4805
1234,1235.png,5,0.2524,4.95498,0.224444,-0.045022,-0.0279561,576,26309,26885,37.8098
1235,1236.png,5,0.25,4.95498,0.224444,-0.045022,-0.0255561,576,26309,26885,31.5888
1236,1237.png,5,0.2203,4.96857,0.185718,-0.0314293,-0.034582,576,26309,26885,24.2467
1237,1238.png,5,0.2208,4.96857,0.185718,-0.0314293,-0.035082,576,26309,26885,28.8216
1238,1239.png,5,0.17715,4.97084,0.123965,-0.0291638,-0.0531848,576,26309,26885,35.7311
1239,1240.png,5,0.1794,4.97084,0.123965,-0.0291638,-0.0554348,576,26309,26885,28.5112
1240,1241.png,5,0.0824,4.99349,0.0506996,-0.00650883,-0.0317004,576,26309,26885,35.8429
1241,1242.png,5,0.0874,4.99349,0.0506996,-0.00650883,-0.0367004,576,26309,26885,29.6172
1242,1243.png,5,-0.01445,4.98216,-0.00477309,-0.0178361,0.00967691,576,26309,26885,37.933
1243,1244.png,5,-0.0092,4.98216,-0.00477309,-0.0178361,0.00442691,576,26309,26885,25.9962
1244,1245.png,5,-0.1584,4.99576,-0.118858,-0.00424337,0.0395416,576,26309,26885,35.4792
1245,1246.png,5,-0.15,4.99576,-0.118858,-0.00424337,0.0311416,576,26309,26885,27.4628
1246,1247.png,13,-0.1577,4.96631,-0.204684,-8.0337,-0.0469838,576,26309,26885,33.3133
1247,1248.png,13,-0.1512,4.96631,-0.204684,-8.0337,-0.0534838,576,26309,26885,34.8888
1248,1249.png,5,-0.4019,4.96857,-0.377382,-0.0314293,0.0245184,576,26309,26885,28.5978
1249,1250.png,5,-0.395,4.96857,-0.377382,-0.0314293,0.0176184,576,26309,26885,33.1611
1250,1251.png,5,-0.49435,4.96631,-0.546939,-0.0336947,-0.0525894,576,26309,26885,33.9994
1251,1252.png,5,-0.4876,4.96631,-0.546939,-0.0336947,-0.0593394,576,26309,26885,30.2402
1252,1253.png,5,-0.7877,5.00935,-0.72173,0.00934982,0.0659695,576,26309,26885,37.5944
1253,1254.png,5,-0.76995,5.00935,-0.72173,0.00934982,0.0482195,576,26309,26885,35.2849
1254,1255.png,5,-0.7505,5.04786,-0.77511,0.0478625,-0.0246097,576,26309,26885,29.522
1255,1256.png,5,-0.748,5.04786,-0.77511,0.0478625,-0.0271097,576,26309,26885,27.7192
1256,1257.png,5,-0.75225,5.04107,-0.786623,0.0410666,-0.034373,576,26309,26885,35.5059
1257,1258.png,5,-0.752,5.04107,-0.786623,0.0410666,-0.034623,576,26309,26885,23.6812
1258,1259.png,5,-0.667,4.99123,-0.710217,-0.00877428,-0.0432172,576,26309,26885,25.9087
1259,1260.png,5,-0.672,4.99123,-0.710217,-0.00877428,-0.0382172,576,26309,26885,32.7763
1260,1261.png,5,-0.5785,5.00255,-0.595086,0.00255299,-0.0165855,576,26309,26885,29.2678
1261,1262.png,5,-0.584,5.00255,-0.595086,0.00255299,-0.0110855,576,26309,26885,29.5811
1262,1263.png,5,-0.448,4.99349,-0.505073,-0.00650883,-0.0570733,576,26309,26885,36.356
1263,1264.png,5,-0.456,4.99349,-0.505073,-0.00650883,-0.0490733,576,26309,26885,28.2532
1264,1265.png,5,-0.30725,4.96177,-0.283183,-0.0382257,0.0240671,576,26309,26885,33.3724
1265,1266.png,5,-0.316,4.96177,-0.283183,-0.0382257,0.0328171,576,26309,26885,38.4865
1266,1267.png,5,-0.18265,4.97537,-0.159678,-0.0246329,0.0229722,576,26309,26885,34.8272
1267,1268.png,5,-0.1914,4.97537,-0.159678,-0.0246329,0.0317222,576,26309,26885,36.8906
1268,1269.png,5,-0.03265,4.99123,-0.0298928,-0.00877428,0.00275723,576,26309,26885,35.6342
1269,1270.png,5,-0.0414,4.99123,-0.0298928,-0.00877428,0.0115072,576,26309,26885,33.6596
1270,1271.png,5,0.0981,4.99349,0.0559326,-0.00650883,-0.0421674,576,26309,26885,35.5284
1271,1272.png,5,0.09,4.99349,0.0559326,-0.00650883,-0.0340674,576,26309,26885,33.2591
1272,1273.png,5,0.2119,4.9799,0.168972,-0.020102,-0.0429284,576,26309,26885,32.1678
1273,1274.png,5,0.205,4.9799,0.168972,-0.020102,-0.0360284,576,26309,26885,29.1837
1274,1275.png,5,0.2565,4.93459,0.24119,-0.0654116,-0.0153096,576,26309,26885,41.1973
1275,1276.png,5,0.253,4.93459,0.24119,-0.0654116,-0.0118096,576,26309,26885,35.6145
1276,1277.png,5,0.25305,4.93912,0.238051,-0.0608807,-0.0149995,576,26309,26885,37.8707
1277,1278.png,5,0.2523,4.93912,0.238051,-0.0608807,-0.0142495,576,26309,26885,37.9284
1278,1279.png,5,0.2247,4.94592,0.206651,-0.0540838,-0.0180489,576,26309,26885,37.7285
1279,1280.png,5,0.2262,4.94592,0.206651,-0.0540838,-0.0195489,576,26309,26885,35.6777
1280,1281.png,5,0.1526,4.98216,0.110359,-0.0178361,-0.0422414,576,26309,26885,37.8473
1281,1282.png,5,0.1566,4.98216,0.110359,-0.0178361,-0.0462414,576,26309,26885,32.599
1282,1283.png,5,0.0646,5.00482,0.0412797,0.00481844,-0.0233203,576,26309,26885,34.6275
1283,1284.png,5,0.0696,5.00482,0.0412797,0.00481844,-0.0283203,576,26309,26885,37.5202
1284,1285.png,5,-0.0525,4.99349,-0.0372194,-0.00650883,0.0152806,576,26309,26885,34.5073
1285,1286.png,5,-0.046,4.99349,-0.0372194,-0.00650883,0.00878055,576,26309,26885,23.5954
1286,1287.png,5,-0.1984,4.97763,-0.156538,-0.022367,0.0418622,576,26309,26885,27.7208
1287,1288.png,5,-0.19,4.97763,-0.156538,-0.022367,0.0334622,576,26309,26885,34.551
1288,1289.png,13,-0.1793,4.99123,-0.282136,-8.00877,-0.102836,576,26309,26885,37.5189
1289,1290.png,13,-0.1728,4.99123,-0.282136,-8.00877,-0.109336,576,26309,26885,37.977
1290,1291.png,5,-0.4578,4.97537,-0.48728,-0.0246329,-0.0294803,576,26309,26885,33.626
1291,1292.png,5,-0.45,4.97537,-0.48728,-0.0246329,-0.0372803,576,26309,26885,36.4127
1292,1293.png,5,-0.5498,4.95271,-0.613925,-0.0472879,-0.0641253,576,26309,26885,46.5272
1293,1294.png,5,-0.5428,4.95271,-0.613925,-0.0472879,-0.0711253,576,26309,26885,25.4575
1294,1295.png,5,-0.8767,5.06146,-0.824302,0.0614557,0.0523975,576,26309,26885,34.2219
1295,1296.png,5,-0.85695,5.06146,-0.824302,0.0614557,0.0326475,576,26309,26885,33.8533
1296,1297.png,5,-0.82625,5.08411,-0.863029,0.0841107,-0.0367786,576,26309,26885,37.117
1297,1298.png,5,-0.824,5.08411,-0.863029,0.0841107,-0.0390286,576,26309,26885,35.429
1298,1299.png,5,-0.7985,5.06825,-0.836862,0.0682526,-0.0383624,576,26309,26885,36.228
1299,1300.png,5,-0.8,5.06825,-0.836862,0.0682526,-0.0368624,576,26309,26885,27.1285
1300,1301.png,5,-0.71075,5.02521,-0.752083,0.025208,-0.0413333,576,26309,26885,35.8342
1301,1302.png,5,-0.716,5.02521,-0.752083,0.025208,-0.0360833,576,26309,26885,26.6805
1302,1303.png,5,-0.58425,5.00029,-0.625438,0.000287533,-0.0411884,576,26309,26885,26.7125
1303,1304.png,5,-0.592,5.00029,-0.625438,0.000287533,-0.0334383,576,26309,26885,30.0292
1304,1305.png,5,-0.4305,4.98443,-0.505073,-0.0155711,-0.0745733,576,26309,26885,37.4776
1305,1306.png,5,-0.44,4.98443,-0.505073,-0.0155711,-0.0650733,576,26309,26885,37.3794
1306,1307.png,5,-0.3037,4.96177,-0.248643,-0.0382257,0.0550567,576,26309,26885,34.148
1307,1308.png,5,-0.3132,4.96177,-0.248643,-0.0382257,0.0645567,576,26309,26885,35.0763
1308,1309.png,5,-0.1275,5.00029,-0.113625,0.000287533,0.0138749,576,26309,26885,38.057
1309,1310.png,5,-0.138,5.00029,-0.113625,0.000287533,0.0243749,576,26309,26885,33.0992
1310,1311.png,5,0.0249,4.99349,0.0203466,-0.00650883,-0.00455341,576,26309,26885,33.3209
1311,1312.png,5,0.015,4.99349,0.0203466,-0.00650883,0.00534659,576,26309,26885,31.9626
1312,1313.png,5,0.1846,4.9731,0.122918,-0.0268984,-0.0616815,576,26309,26885,34.2319
1313,1314.png,5,0.175,4.9731,0.122918,-0.0268984,-0.0520815,576,26309,26885,25.0419
1314,1315.png,5,0.26285,4.92553,0.245377,-0.0744739,-0.017473,576,26309,26885,33.4873
1315,1316.png,5,0.2576,4.92553,0.245377,-0.0744739,-0.012223,576,26309,26885,39.8962
1316,1317.png,5,0.2988,4.91873,0.287243,-0.0812697,-0.0115568,576,26309,26885,29.0262
1317,1318.png,5,0.2958,4.91873,0.287243,-0.0812697,-0.00855684,576,26309,26885,36.0369
1318,1319.png,5,0.305,4.92779,0.290383,-0.0722079,-0.014617,576,26309,26885,40.6261
1319,1320.png,5,0.3045,4.92779,0.290383,-0.0722079,-0.014117,576,26309,26885,37.1004
1320,1321.png,5,0.229,4.93232,0.238051,-0.067677,0.00905052,576,26309,26885,35.6571
1321,1322.png,5,0.232,4.93232,0.238051,-0.067677,0.00605053,576,26309,26885,31.3511
1322,1323.png,5,0.1787,4.97537,0.148039,-0.0246329,-0.0306615,576,26309,26885,34.2361
1323,1324.png,5,0.1827,4.97537,0.148039,-0.0246329,-0.0346615,576,26309,26885,33.6877
1324,1325.png,5,0.0631,4.99802,0.0308129,-0.00197792,-0.0322871,576,26309,26885,33.9248
1325,1326.png,5,0.0696,4.99802,0.0308129,-0.00197792,-0.0387871,576,26309,26885,34.3243
1326,1327.png,5,-0.0592,4.98443,-0.0686191,-0.0155711,-0.00941905,576,26309,26885,38.1098
1327,1328.png,5,-0.0522,4.98443,-0.0686191,-0.0155711,-0.016419,576,26309,26885,34.4632
1328,1329.png,5,-0.2104,4.98216,-0.164911,-0.0178361,0.045489,576,26309,26885,28.9147
1329,1330.png,5,-0.2024,4.98216,-0.164911,-0.0178361,0.037489,576,26309,26885,29.649
1330,1331.png,5,-0.379,4.98896,-0.370055,-0.0110397,0.00894493,576,26309,26885,27.3805
1331,1332.png,5,-0.37,4.98896,-0.370055,-0.0110397,-5.50747e-05,576,26309,26885,29.6693
1332,1333.png,5,-0.4972,4.9799,-0.526006,-0.020102,-0.0288063,576,26309,26885,40.5147
1333,1334.png,5,-0.49,4.9799,-0.526006,-0.020102,-0.0360063,576,26309,26885,36.5001
1334,1335.png,5,-0.6066,4.95045,-0.649511,-0.0495529,-0.0429115,576,26309,26885,36.6232
1335,1336.png,5,-0.6,4.95045,-0.649511,-0.0495529,-0.0495114,576,26309,26885,26.1023
1336,1337.png,5,-0.5908,4.95498,-0.663118,-0.045022,-0.0723179,576,26309,26885,36.8203
1337,1338.png,5,-0.5888,4.95498,-0.663118,-0.045022,-0.0743179,576,26309,26885,36.2281
1338,1339.png,5,-0.5568,4.96631,-0.635905,-0.0336947,-0.0791049,576,26309,26885,35.5923
1339,1340.png,5,-0.5568,4.96631,-0.635905,-0.0336947,-0.0791049,576,26309,26885,42.6935
1340,1341.png,5,-0.5108,4.9731,-0.588806,-0.0268984,-0.0780056,576,26309,26885,38.6636
1341,1342.png,5,-0.5133,4.9731,-0.588806,-0.0268984,-0.0755056,576,26309,26885,23.7028
1342,1343.png,5,-0.4489,4.96177,-0.51868,-0.0382257,-0.0697797,576,26309,26885,35.8104
1343,1344.png,5,-0.4524,4.96177,-0.51868,-0.0382257,-0.0662797,576,26309,26885,23.9281
1344,1345.png,5,-0.4008,4.96404,-0.461114,-0.0359602,-0.0603139,576,26309,26885,43.2818
1345,1346.png,5,-0.4048,4.96404,-0.461114,-0.0359602,-0.0563138,576,26309,26885,32.7461
1346,1347.png,5,-0.3272,4.95724,-0.362728,-0.042757,-0.0355284,576,26309,26885,29.4543
1347,1348.png,5,-0.3312,4.95724,-0.362728,-0.042757,-0.0315284,576,26309,26885,29.962
1348,1349.png,5,-0.29725,4.96177,-0.283183,-0.0382257,0.0140671,576,26309,26885,35.0009
1349,1350.png,5,-0.299,4.96177,-0.283183,-0.0382257,0.0158171,576,26309,26885,34.3545
1350,1351.png,5,-0.299,4.96177,-0.283183,-0.0382257,0.0158171,576,26309,26885,36.4461
1351,1352.png,5,-0.3091,4.94592,-0.26853,-0.0540838,0.0405702,576,26309,26885,37.6664
1352,1353.png,5,-0.31,4.94592,-0.26853,-0.0540838,0.0414702,576,26309,26885,38.5543
1353,1354.png,5,-0.3046,4.94592,-0.296789,-0.0540838,0.00781068,576,26309,26885,31.9698
1354,1355.png,5,-0.3036,4.94592,-0.296789,-0.0540838,0.00681069,576,26309,26885,29.2064
1355,1356.png,5,-0.3424,4.96177,-0.366915,-0.0382257,-0.024515,576,26309,26885,28.8803
1356,1357.png,5,-0.3404,4.96177,-0.366915,-0.0382257,-0.026515,576,26309,26885,35.7709
1357,1358.png,5,-0.3404,4.96177,-0.366915,-0.0382257,-0.026515,576,26309,26885,32.6604
1358,1359.png,5,-0.38405,4.95951,-0.445414,-0.0404911,-0.0613641,576,26309,26885,37.9282
1359,1360.png,5,-0.3818,4.95951,-0.445414,-0.0404911,-0.0636141,576,26309,26885,31.6412
1360,1361.png,5,-0.3818,4.95951,-0.445414,-0.0404911,-0.0636141,576,26309,26885,28.8854
1361,1362.png,5,-0.43465,4.96857,-0.495654,-0.0314293,-0.0610035,576,26309,26885,36.8516
1362,1363.png,5,-0.50425,4.95951,-0.553219,-0.0404911,-0.0489693,576,26309,26885,32.5177
1363,1364.png,5,-0.50025,4.95951,-0.553219,-0.0404911,-0.0529693,576,26309,26885,33.5748
1364,1365.png,5,-0.50025,4.95951,-0.553219,-0.0404911,-0.0529693,576,26309,26885,37.2004
1365,1366.png,5,-0.59685,4.95724,-0.648465,-0.042757,-0.0516148,576,26309,26885,36.9082
1366,1367.png,5,-0.5916,4.95724,-0.648465,-0.042757,-0.0568647,576,26309,26885,40.8972
1367,1368.png,5,-0.5916,4.95724,-0.648465,-0.042757,-0.0568647,576,26309,26885,35.2848
1368,1369.png,5,-0.6928,4.9799,-0.719637,-0.020102,-0.0268372,576,26309,26885,31.4633
1369,1370.png,5,-0.6873,4.9799,-0.719637,-0.020102,-0.0323371,576,26309,26885,23.6108
1370,1371.png,5,-0.6873,4.9799,-0.719637,-0.020102,-0.0323371,576,26309,26885,28.8698
1371,1372.png,5,-0.734,5.02974,-0.74371,0.0297389,-0.00971007,576,26309,26885,32.5746
1372,1373.png,5,-0.728,5.02974,-0.74371,0.0297389,-0.0157101,576,26309,26885,26.0962
1373,1374.png,5,-0.728,5.02974,-0.74371,0.0297389,-0.0157101,576,26309,26885,42.3901
1374,1375.png,5,-0.84275,5.06825,-0.841049,0.0682526,0.00170106,576,26309,26885,35.7273
1375,1376.png,5,-0.836,5.06825,-0.841049,0.0682526,-0.00504893,576,26309,26885,26.8442
1376,1377.png,5,-0.836,5.06825,-0.841049,0.0682526,-0.00504893,576,26309,26885,34.3489
1377,1378.png,9,-0.57955,5.06372,-0.844189,-3.93628,-0.264639,576,26309,26885,37.7589
1378,1379.png,9,-0.5733,5.06372,-0.844189,-3.93628,-0.270889,576,26309,26885,27.043
1379,1380.png,9,-0.5733,5.06372,-0.844189,-3.93628,-0.270889,576,26309,26885,37.5422
1380,1381.png,5,-1.06775,5.03427,-1.01375,0.0342698,0.0540032,576,26309,26885,34.0211
1381,1382.png,5,-1.06,5.03427,-1.01375,0.0342698,0.0462532,576,26309,26885,33.502
1382,1383.png,5,-1.12975,4.99802,-1.12783,-0.00197792,0.0019182,576,26309,26885,34.1057
1383,1384.png,5,-1.12125,4.99802,-1.12783,-0.00197792,-0.00658178,576,26309,26885,28.809
1384,1385.png,5,-1.12125,4.99802,-1.12783,-0.00197792,-0.00658178,576,26309,26885,34.174
1385,1386.png,5,-1.36925,5.02294,-1.32356,0.0229425,0.0456941,576,26309,26885,37.574
1386,1387.png,5,-1.35375,5.02294,-1.32356,0.0229425,0.030194,576,26309,26885,32.1928
1387,1388.png,5,-1.44175,5.032,-1.40833,0.0320044,0.0334152,576,26309,26885,37.2607
1388,1389.png,5,-1.43625,5.032,-1.40833,0.0320044,0.0279151,576,26309,26885,28.4335
1389,1390.png,5,-1.51625,5.05692,-1.45229,0.0569248,0.0639558,576,26309,26885,36.6686
1390,1391.png,5,-1.51125,5.05692,-1.45229,0.0569248,0.0589558,576,26309,26885,37.4684
1391,1392.png,5,-1.51125,5.05692,-1.45229,0.0569248,0.0589558,576,26309,26885,35.0857
1392,1393.png,5,-1.50325,5.04786,-1.43241,0.0478625,0.0708423,576,26309,26885,31.7986
1393,1394.png,5,-1.50375,5.04786,-1.43241,0.0478625,0.0713422,576,26309,26885,39.2869
1394,1395.png,5,-1.50375,5.04786,-1.43241,0.0478625,0.0713422,576,26309,26885,38.6412
1395,1396.png,5,-1.44775,5.032,-1.38322,0.0320044,0.0645349,576,26309,26885,36.6702
1396,1397.png,5,-1.45125,5.032,-1.38322,0.0320044,0.0680349,576,26309,26885,28.2174
1397,1398.png,5,-1.30325,5.00255,-1.23145,0.00255299,0.0717995,576,26309,26885,25.7066
1398,1399.png,5,-1.3125,5.00255,-1.23145,0.00255299,0.0810496,576,26309,26885,36.7348
1399,1400.png,5,-0.9775,5.0388,-1.06085,0.0388007,-0.0833459,576,26309,26885,43.9243
1400,1401.png,5,-0.994,5.0388,-1.06085,0.0388007,-0.066846,576,26309,26885,33.6346
1401,1402.png,5,-0.7015,5.00708,-0.761503,0.00708389,-0.0600033,576,26309,26885,38.3867
1402,1403.png,5,-0.721,5.00708,-0.761503,0.00708389,-0.0405033,576,26309,26885,35.6185
1403,1404.png,5,-0.4165,4.95271,-0.431808,-0.0472879,-0.0153075,576,26309,26885,38.0539
1404,1405.png,5,-0.43875,4.95271,-0.431808,-0.0472879,0.00694245,576,26309,26885,29.6507
1405,1406.png,5,-0.43875,4.95271,-0.431808,-0.0472879,0.00694245,576,26309,26885,29.3983
1406,1407.png,5,-0.10275,4.98443,-0.117812,-0.0155711,-0.0150617,576,26309,26885,35.6989
1407,1408.png,5,-0.12375,4.98443,-0.117812,-0.0155711,0.00593833,576,26309,26885,36.0154
1408,1409.png,5,0.208,4.98443,0.189905,-0.0155711,-0.0180954,576,26309,26885,35.9658
1409,1410.png,5,0.188,4.98443,0.189905,-0.0155711,0.00190465,576,26309,26885,27.1127
1410,1411.png,5,0.188,4.98443,0.189905,-0.0155711,0.00190465,576,26309,26885,34.6808
1411,1412.png,5,0.5654,4.93685,0.481921,-0.0631461,-0.0834795,576,26309,26885,28.8024
1412,1413.png,5,0.5474,4.93685,0.481921,-0.0631461,-0.0654795,576,26309,26885,30.442
1413,1414.png,5,0.5474,4.93685,0.481921,-0.0631461,-0.0654795,576,26309,26885,35.6144
1414,1415.png,5,0.8706,4.87115,0.800103,-0.128845,-0.0704968,576,26309,26885,35.6974
1415,1416.png,5,0.855,4.87115,0.800103,-0.128845,-0.0548968,576,26309,26885,35.6937
1416,1417.png,5,0.90945,4.81678,0.829409,-0.183217,-0.0800405,576,26309,26885,39.6917
1417,1418.png,5,0.92805,4.87569,0.812663,-0.124314,-0.115387,576,26309,26885,30.8047
1418,1419.png,5,0.92655,4.87569,0.812663,-0.124314,-0.113887,576,26309,26885,33.9359
1419,1420.png,5,0.83925,4.9142,0.74463,-0.0858011,-0.0946196,576,26309,26885,42.215
1420,1421.png,5,0.84,4.9142,0.74463,-0.0858011,-0.0953695,576,26309,26885,31.9359
1421,1422.png,5,0.84,4.9142,0.74463,-0.0858011,-0.0953695,576,26309,26885,38.2675
1422,1423.png,5,0.7125,4.90287,0.628452,-0.0971284,-0.084048,576,26309,26885,34.833
1423,1424.png,5,0.5075,4.88701,0.51646,-0.112987,0.00896019,576,26309,26885,25.6533
1424,1425.png,5,0.52,4.88701,0.51646,-0.112987,-0.0035398,576,26309,26885,23.6223
1425,1426.png,5,0.52,4.88701,0.51646,-0.112987,-0.0035398,576,26309,26885,23.4151
1426,1427.png,5,0.27775,4.91873,0.317596,-0.0812697,0.0398462,576,26309,26885,35.6779
1427,1428.png,5,0.292,4.91873,0.317596,-0.0812697,0.0255962,576,26309,26885,29.4822
1428,1429.png,5,0.292,4.91873,0.317596,-0.0812697,0.0255962,576,26309,26885,38.3323
1429,1430.png,5,-0.01825,4.9731,-0.0183797,-0.0268984,-0.000129681,576,26309,26885,35.5961
1430,1431.png,5,-0,4.9731,-0.0183797,-0.0268984,-0.0183797,576,26309,26885,34.6383
1431,1432.png,5,-0.3498,4.98669,-0.299929,-0.0133052,0.0498706,576,26309,26885,35.8662
1432,1433.png,5,-0.33,4.98669,-0.299929,-0.0133052,0.0300706,576,26309,26885,32.6309
1433,1434.png,5,-0.6237,4.93232,-0.71231,-0.067677,-0.0886105,576,26309,26885,34.9381
1434,1435.png,5,-0.6072,4.93232,-0.71231,-0.067677,-0.10511,576,26309,26885,37.7203
1435,1436.png,5,-0.91,5.09091,-0.881868,0.0909071,0.0281317,576,26309,26885,29.9754
1436,1437.png,5,-1.07075,5.04333,-1.03887,0.0433316,0.0318836,576,26309,26885,27.1017
1437,1438.png,5,-1.056,5.04333,-1.03887,0.0433316,0.0171336,576,26309,26885,29.0445
1438,1439.png,5,-1.056,5.04333,-1.03887,0.0433316,0.0171336,576,26309,26885,37.4255
1439,1440.png,5,-1.17,4.98443,-1.16132,-0.0155711,0.00867522,576,26309,26885,36.351
1440,1441.png,5,-1.15875,4.98443,-1.16132,-0.0155711,-0.00257468,576,26309,26885,37.8289
1441,1442.png,5,-1.15875,4.98443,-1.16132,-0.0155711,-0.00257468,576,26309,26885,36.7336
1442,1443.png,5,-1.24675,4.98216,-1.22308,-0.0178361,0.0236728,576,26309,26885,34.3989
1443,1444.png,5,-1.24125,4.98216,-1.22308,-0.0178361,0.0181729,576,26309,26885,33.8932
1444,1445.png,5,-1.21325,4.9799,-1.18435,-0.020102,0.028899,576,26309,26885,38.3615
1445,1446.png,5,-1.215,4.9799,-1.18435,-0.020102,0.0306489,576,26309,26885,34.1926
1446,1447.png,5,-1.115,5.00935,-1.09957,0.00934982,0.0154279,576,26309,26885,37.5057
1447,1448.png,5,-1.12125,5.00935,-1.09957,0.00934982,0.021678,576,26309,26885,29.3074
1448,1449.png,5,-0.96525,5.06146,-0.938388,0.0614557,0.0268624,576,26309,26885,35.7903
1449,1450.png,5,-0.975,5.06146,-0.938388,0.0614557,0.0366124,576,26309,26885,29.1139
1450,1451.png,5,-0.759,5.01615,-0.766737,0.0161457,-0.0077365,576,26309,26885,31.684
1451,1452.png,5,-0.7725,5.01615,-0.766737,0.0161457,0.00576347,576,26309,26885,28.0774
1452,1453.png,5,-0.5005,4.99123,-0.530193,-0.00877428,-0.0296929,576,26309,26885,25.9443
1453,1454.png,5,-0.5175,4.99123,-0.530193,-0.00877428,-0.012693,576,26309,26885,23.9571
1454,1455.png,5,-0.2375,4.9799,-0.225617,-0.020102,0.0118831,576,26309,26885,34.5775
1455,1456.png,5,-0.256,4.9799,-0.225617,-0.020102,0.0303831,576,26309,26885,29.9534
1456,1457.png,5,0.084,5.00935,0.0622127,0.00934982,-0.0217873,576,26309,26885,35.3689
1457,1458.png,5,0.504,4.92553,0.389815,-0.0744739,-0.114185,576,26309,26885,28.2127
1458,1459.png,5,0.48,4.92553,0.389815,-0.0744739,-0.090185,576,26309,26885,25.9634
1459,1460.png,5,0.48,4.92553,0.389815,-0.0744739,-0.090185,576,26309,26885,34.0583
1460,1461.png,5,0.78595,4.86436,0.771844,-0.135642,-0.0141064,576,26309,26885,34.839
1461,1462.png,5,0.7682,4.86436,0.771844,-0.135642,0.00364363,576,26309,26885,31.1204
1462,1463.png,5,0.99325,4.83264,0.873369,-0.167358,-0.119881,576,26309,26885,34.5112
1463,1464.png,5,0.97875,4.83264,0.873369,-0.167358,-0.105381,576,26309,26885,29.1072
1464,1465.png,9,0.59175,4.90061,0.898488,-4.09939,0.306738,576,26309,26885,30.3352
1465,1466.png,9,0.588,4.90061,0.898488,-4.09939,0.310488,576,26309,26885,40.6645
1466,1467.png,5,0.9855,4.88928,0.879649,-0.110722,-0.105851,576,26309,26885,36.2591
1467,1468.png,5,0.984,4.88928,0.879649,-0.110722,-0.104351,576,26309,26885,38.565
1468,1469.png,9,0.5487,4.9142,0.802196,-4.0858,0.253496,576,26309,26885,35.9395
1469,1470.png,9,0.5537,4.9142,0.802196,-4.0858,0.248496,576,26309,26885,27.9964
1470,1471.png,5,0.7255,4.91193,0.630545,-0.0880666,-0.0949545,576,26309,26885,34.0087
1471,1472.png,5,0.5575,4.87342,0.536346,-0.12658,-0.0211535,576,26309,26885,27.6704
1472,1473.png,5,0.568,4.87342,0.536346,-0.12658,-0.0316535,576,26309,26885,35.2723
1473,1474.png,5,0.568,4.87342,0.536346,-0.12658,-0.0316535,576,26309,26885,35.4965
1474,1475.png,5,0.2535,4.9142,0.315503,-0.0858011,0.0620027,576,26309,26885,34.5803
1475,1476.png,5,0.272,4.9142,0.315503,-0.0858011,0.0435027,576,26309,26885,34.7161
1476,1477.png,5,-0.1136,4.98896,-0.106299,-0.0110397,0.00730143,576,26309,26885,37.166
1477,1478.png,5,-0.09135,4.98896,-0.106299,-0.0110397,-0.0149486,576,26309,26885,24.6575
1478,1479.png,5,-0.5184,4.99123,-0.52496,-0.00877428,-0.00655961,576,26309,26885,36.7291
1479,1480.png,5,-0.495,4.99123,-0.52496,-0.00877428,-0.0299596,576,26309,26885,33.3537
1480,1481.png,5,-0.8822,5.0388,-0.855702,0.0388007,0.0264979,576,26309,26885,28.7524
1481,1482.png,5,-1.08485,5.0456,-1.07341,0.0455976,0.0114441,576,26309,26885,24.9788
1482,1483.png,5,-1.0701,5.0456,-1.07341,0.0455976,-0.00330591,576,26309,26885,35.414
1483,1484.png,5,-1.0701,5.0456,-1.07341,0.0455976,-0.00330591,576,26309,26885,43.4675
1484,1485.png,5,-1.1285,5.02521,-1.08178,0.025208,0.0467209,576,26309,26885,32.8043
1485,1486.png,5,-1.12,5.02521,-1.08178,0.025208,0.0382209,576,26309,26885,35.6293
1486,1487.png,5,-1.12425,5.01161,-1.07655,0.0116148,0.0477043,576,26309,26885,34.2017
1487,1488.png,5,-1.124,5.01161,-1.07655,0.0116148,0.0474542,576,26309,26885,28.1978
1488,1489.png,5,-1.06025,5.032,-1.0127,0.0320044,0.0475501,576,26309,26885,33.7951
1489,1490.png,5,-1.064,5.032,-1.0127,0.0320044,0.0513,576,26309,26885,30.2315
1490,1491.png,5,-0.9535,5.04107,-0.850469,0.0410666,0.103031,576,26309,26885,30.5791
1491,1492.png,5,-0.96,5.04107,-0.850469,0.0410666,0.109531,576,26309,26885,34.3057
1492,1493.png,5,-0.7815,5.01388,-0.726964,0.0138807,0.0545363,576,26309,26885,37.6392
1493,1494.png,5,-0.792,5.01388,-0.726964,0.0138807,0.0650364,576,26309,26885,35.2227
1494,1495.png,5,-0.59225,4.98669,-0.591945,-0.0133052,0.00030458,576,26309,26885,35.6601
1495,1496.png,5,-0.604,4.98669,-0.591945,-0.0133052,0.0120546,576,26309,26885,27.5834
1496,1497.png,5,-0.37875,4.99349,-0.401455,-0.00650883,-0.0227047,576,26309,26885,33.085
1497,1498.png,5,-0.392,4.99349,-0.401455,-0.00650883,-0.0094547,576,26309,26885,35.3009
1498,1499.png,5,-0.154,4.98216,-0.137698,-0.0178361,0.0163018,576,26309,26885,35.2201
1499,1500.png,5,-0.168,4.98216,-0.137698,-0.0178361,0.0303018,576,26309,26885,25.2745
1500,1501.png,5,0.0381,4.99576,0.0266267,-0.00424337,-0.0114733,576,26309,26885,35.5313
1501,1502.png,5,0.0261,4.99576,0.0266267,-0.00424337,0.0005267,576,26309,26885,32.6633
1502,1503.png,5,0.2738,4.95724,0.216071,-0.042757,-0.0577293,576,26309,26885,30.0929
1503,1504.png,5,0.26,4.95724,0.216071,-0.042757,-0.0439293,576,26309,26885,29.1884
1504,1505.png,5,0.4402,4.94592,0.346902,-0.0540838,-0.0932975,576,26309,26885,33.535
1505,1506.png,5,0.43,4.94592,0.346902,-0.0540838,-0.0830975,576,26309,26885,34.8018
1506,1507.png,5,0.4661,4.94365,0.440054,-0.0563498,-0.0260457,576,26309,26885,34.8872
1507,1508.png,5,0.4611,4.94365,0.440054,-0.0563498,-0.0210457,576,26309,26885,34.9028
1508,1509.png,5,0.4887,4.95498,0.445288,-0.045022,-0.0434123,576,26309,26885,35.2453
1509,1510.png,5,0.432,4.96857,0.422262,-0.0314293,-0.00973848,576,26309,26885,23.7846
1510,1511.png,5,0.435,4.96857,0.422262,-0.0314293,-0.0127385,576,26309,26885,27.6866
1511,1512.png,5,0.435,4.96857,0.422262,-0.0314293,-0.0127385,576,26309,26885,38.4839
1512,1513.png,5,0.315,4.94138,0.340622,-0.0586152,0.0256224,576,26309,26885,37.6884
1513,1514.png,5,0.32,4.94138,0.340622,-0.0586152,0.0206224,576,26309,26885,24.3434
1514,1515.png,5,0.21,4.94818,0.205604,-0.0518188,-0.00439563,576,26309,26885,34.7234
1515,1516.png,5,0.2175,4.94818,0.205604,-0.0518188,-0.0118956,576,26309,26885,39.1754
1516,1517.png,5,0.0473,4.99576,0.0391862,-0.00424337,-0.00811383,576,26309,26885,37.9245
1517,1518.png,5,0.05655,4.99576,0.0391862,-0.00424337,-0.0173638,576,26309,26885,29.6383
1518,1519.png,5,-0.11965,4.98896,-0.101065,-0.0110397,0.0185848,576,26309,26885,35.6191
1519,1520.png,5,-0.1104,4.98896,-0.101065,-0.0110397,0.00933478,576,26309,26885,27.1486
1520,1521.png,13,-0.1887,4.96857,-0.285276,-8.03143,-0.0965762,576,26309,26885,35.9258
1521,1522.png,13,-0.1782,4.96857,-0.285276,-8.03143,-0.107076,576,26309,26885,33.4433
1522,1523.png,5,-0.5208,4.98669,-0.533333,-0.0133052,-0.0125328,576,26309,26885,34.0816
1523,1524.png,5,-0.51,4.98669,-0.533333,-0.0133052,-0.0233328,576,26309,26885,35.4573
1524,1525.png,5,-0.6369,4.94138,-0.693471,-0.0586152,-0.0565707,576,26309,26885,37.7071
1525,1526.png,5,-0.6264,4.94138,-0.693471,-0.0586152,-0.0670707,576,26309,26885,34.9338
1526,1527.png,5,-0.96275,5.07052,-0.939434,0.0705175,0.0233158,576,26309,26885,28.8515
1527,1528.png,5,-0.94,5.07052,-0.939434,0.0705175,0.000565767,576,26309,26885,25.6168
1528,1529.png,5,-0.991,5.07731,-0.923734,0.0773144,0.0672655,576,26309,26885,34.7783
1529,1530.png,5,-0.988,5.07731,-0.923734,0.0773144,0.0642655,576,26309,26885,26.8513
1530,1531.png,5,-0.99225,5.05466,-0.908035,0.0546594,0.0842154,576,26309,26885,45.4885
1531,1532.png,5,-0.992,5.05466,-0.908035,0.0546594,0.0839654,576,26309,26885,23.8199
1532,1533.png,9,-0.5428,5.05239,-0.806509,-3.94761,-0.263709,576,26309,26885,38.8659
1533,1534.png,9,-0.5488,5.05239,-0.806509,-3.94761,-0.257709,576,26309,26885,36.2034
1534,1535.png,5,-0.743,5.00482,-0.704984,0.00481844,0.038016,576,26309,26885,35.0203
1535,1536.png,5,-0.752,5.00482,-0.704984,0.00481844,0.047016,576,26309,26885,28.3151
1536,1537.png,5,-0.582,4.97763,-0.585666,-0.022367,-0.00366551,576,26309,26885,30.3444
1537,1538.png,5,-0.592,4.97763,-0.585666,-0.022367,0.00633448,576,26309,26885,23.5998
1538,1539.png,5,-0.47725,5.00935,-0.517633,0.00934982,-0.0403831,576,26309,26885,25.0316
1539,1540.png,5,-0.484,5.00935,-0.517633,0.00934982,-0.0336331,576,26309,26885,34.5675
1540,1541.png,5,-0.30125,4.96404,-0.284229,-0.0359602,0.0170205,576,26309,26885,31.6589
1541,1542.png,5,-0.312,4.96404,-0.284229,-0.0359602,0.0277705,576,26309,26885,35.5551
1542,1543.png,5,-0.1369,4.98669,-0.120952,-0.0133052,0.0159483,576,26309,26885,38.2125
1543,1544.png,5,-0.1479,4.98669,-0.120952,-0.0133052,0.0269483,576,26309,26885,35.2983
1544,1545.png,5,0.0376,4.9799,0.02558,-0.020102,-0.01202,576,26309,26885,29.1626
1545,1546.png,5,0.0276,4.9799,0.02558,-0.020102,-0.00202005,576,26309,26885,34.8778
1546,1547.png,13,0.1224,4.97537,0.168972,-8.02463,0.0465716,576,26309,26885,30.2005
1547,1548.png,13,0.1134,4.97537,0.168972,-8.02463,0.0555716,576,26309,26885,32.2001
1548,1549.png,5,0.3478,4.93232,0.29771,-0.067677,-0.0500901,576,26309,26885,34.124
1549,1550.png,5,0.34,4.93232,0.29771,-0.067677,-0.0422901,576,26309,26885,29.305
1550,1551.png,5,0.3878,4.95271,0.362602,-0.0472879,-0.0251978,576,26309,26885,28.3052
1551,1552.png,5,0.3828,4.95271,0.362602,-0.0472879,-0.0201978,576,26309,26885,29.7811
1552,1553.png,5,0.403,4.95498,0.419121,-0.045022,0.0161213,576,26309,26885,34.4608
1553,1554.png,5,0.4,4.95498,0.419121,-0.045022,0.0191213,576,26309,26885,32.6888
1554,1555.png,5,0.3405,4.95045,0.370975,-0.0495529,0.0304754,576,26309,26885,39.4897
1555,1556.png,5,0.344,4.95045,0.370975,-0.0495529,0.0269754,576,26309,26885,30.4503
1556,1557.png,5,0.2335,4.93006,0.251657,-0.0699425,0.0181571,576,26309,26885,35.685
1557,1558.png,5,0.24,4.93006,0.251657,-0.0699425,0.0116571,576,26309,26885,28.5632
1558,1559.png,5,0.1138,4.98896,0.0852389,-0.0110397,-0.0285611,576,26309,26885,32.2366
1559,1560.png,5,0.1218,4.98896,0.0852389,-0.0110397,-0.0365611,576,26309,26885,26.4967
1560,1561.png,5,-0.0622,4.98216,-0.0550125,-0.0178361,0.00718754,576,26309,26885,37.2345
1561,1562.png,5,-0.0522,4.98216,-0.0550125,-0.0178361,-0.00281246,576,26309,26885,28.7452
1562,1563.png,5,-0.2395,4.96177,-0.168051,-0.0382257,0.071449,576,26309,26885,34.9548
1563,1564.png,5,-0.23,4.96177,-0.168051,-0.0382257,0.061949,576,26309,26885,35.353
1564,1565.png,13,-0.25005,4.99123,-0.47786,-8.00877,-0.22781,576,26309,26885,38.2411
1565,1566.png,13,-0.2403,4.99123,-0.47786,-8.00877,-0.23756,576,26309,26885,35.6213
1566,1567.png,5,-0.6199,4.94818,-0.659978,-0.0518188,-0.040078,576,26309,26885,23.7865
1567,1568.png,5,-0.61,4.94818,-0.659978,-0.0518188,-0.049978,576,26309,26885,28.3197
1568,1569.png,5,-0.6963,4.94138,-0.73743,-0.0586152,-0.0411301,576,26309,26885,33.147
1569,1570.png,5,-0.6873,4.94138,-0.73743,-0.0586152,-0.0501301,576,26309,26885,37.8818
1570,1571.png,9,-0.6409,5.07052,-0.963507,-3.92948,-0.322607,576,26309,26885,37.867
1571,1572.png,9,-0.6174,5.07052,-0.963507,-3.92948,-0.346107,576,26309,26885,37.2016
1572,1573.png,5,-1.0335,5.05919,-0.986534,0.0591903,0.0469663,576,26309,26885,30.5441
1573,1574.png,5,-1.032,5.05919,-0.986534,0.0591903,0.0454662,576,26309,26885,39.014
1574,1575.png,5,-1.032,5.04786,-0.967694,0.0478625,0.064306,576,26309,26885,28.7556
1575,1576.png,5,-1.032,5.04786,-0.967694,0.0478625,0.064306,576,26309,26885,32.9146
1576,1577.png,5,-1.0515,5.02068,-1.04724,0.0206771,0.00426054,576,26309,26885,35.8382
1577,1578.png,5,-1.04625,5.02068,-1.04724,0.0206771,-0.000989437,576,26309,26885,29.1315
1578,1579.png,5,-0.90625,5.05239,-0.857795,0.0523939,0.0484546,576,26309,26885,36.0766
1579,1580.png,5,-0.915,5.05239,-0.857795,0.0523939,0.0572046,576,26309,26885,26.7606
1580,1581.png,5,-0.7805,5.00708,-0.715451,0.00708389,0.0650495,576,26309,26885,38.4651
1581,1582.png,5,-0.792,5.00708,-0.715451,0.00708389,0.0765495,576,26309,26885,35.9831
1582,1583.png,5,-0.5455,4.9799,-0.547986,-0.020102,-0.00248599,576,26309,26885,37.6503
1583,1584.png,5,-0.56,4.9799,-0.547986,-0.020102,0.012014,576,26309,26885,31.4348
1584,1585.png,5,-0.30925,4.97763,-0.299929,-0.022367,0.00932062,576,26309,26885,34.955
1585,1586.png,5,-0.324,4.97763,-0.299929,-0.022367,0.0240706,576,26309,26885,24.3537
1586,1587.png,5,-0.05795,4.98669,-0.0675723,-0.0133052,-0.0096223,576,26309,26885,34.4565
1587,1588.png,5,-0.07395,4.98669,-0.0675723,-0.0133052,0.0063777,576,26309,26885,28.8446
1588,1589.png,5,0.2118,4.98896,0.162691,-0.0110397,-0.0491085,576,26309,26885,34.4375
1589,1590.png,5,0.195,4.98896,0.162691,-0.0110397,-0.0323085,576,26309,26885,27.8286
1590,1591.png,5,0.4547,4.94592,0.347949,-0.0540838,-0.106751,576,26309,26885,29.1006
1591,1592.png,5,0.44,4.94592,0.347949,-0.0540838,-0.0920508,576,26309,26885,25.9644
1592,1593.png,5,0.5438,4.93232,0.474594,-0.067677,-0.069206,576,26309,26885,36.29
1593,1594.png,5,0.53505,4.93232,0.474594,-0.067677,-0.0604559,576,26309,26885,35.0458
1594,1595.png,5,0.56,4.90967,0.54158,-0.090332,-0.0184202,576,26309,26885,23.6387
1595,1596.png,5,0.556,4.90967,0.54158,-0.090332,-0.0144202,576,26309,26885,27.4378
1596,1597.png,5,0.556,4.90514,0.537393,-0.0948629,-0.0186067,576,26309,26885,34.816
1597,1598.png,5,0.556,4.90514,0.537393,-0.0948629,-0.0186067,576,26309,26885,29.4015
1598,1599.png,5,0.47525,4.89834,0.488201,-0.101659,0.0129506,576,26309,26885,38.5978
1599,1600.png,5,0.48,4.89834,0.488201,-0.101659,0.00820065,576,26309,26885,23.7387
1600,1601.png,5,0.3695,4.93459,0.408655,-0.0654116,0.0391549,576,26309,26885,35.6251
1601,1602.png,5,0.376,4.93459,0.408655,-0.0654116,0.032655,576,26309,26885,29.2132
1602,1603.png,5,0.2145,4.921,0.222351,-0.0790048,0.00785083,576,26309,26885,32.7621
1603,1604.png,5,0.224,4.921,0.222351,-0.0790048,-0.00164919,576,26309,26885,33.3396
1604,1605.png,5,0.037,4.98896,0.0140669,-0.0110397,-0.0229331,576,26309,26885,35.5637
1605,1606.png,5,0.048,4.98896,0.0140669,-0.0110397,-0.0339331,576,26309,26885,34.2052
1606,1607.png,5,-0.1548,4.95271,-0.153398,-0.0472879,0.00140211,576,26309,26885,35.2775
1607,1608.png,5,-0.14355,4.95271,-0.153398,-0.0472879,-0.00984789,576,26309,26885,35.5671
1608,1609.png,5,-0.4194,5.00255,-0.390988,0.00255299,0.0284119,576,26309,26885,35.4501
1609,1610.png,5,-0.405,5.00255,-0.390988,0.00255299,0.0140119,576,26309,26885,26.1298
1610,1611.png,13,-0.3367,4.95271,-0.631718,-8.04729,-0.295018,576,26309,26885,36.4178
1611,1612.png,13,-0.3267,4.95271,-0.631718,-8.04729,-0.305018,576,26309,26885,25.4795
1612,1613.png,5,-0.7312,4.94818,-0.735337,-0.0518188,-0.00413692,576,26309,26885,35.7005
1613,1614.png,5,-0.7222,4.94818,-0.735337,-0.0518188,-0.0131369,576,26309,26885,42.8217
1614,1615.png,5,-0.83015,5.03654,-0.799183,0.0365357,0.0309672,576,26309,26885,36.9085
1615,1616.png,5,-0.82215,5.03654,-0.799183,0.0365357,0.0229672,576,26309,26885,36.1205
1616,1617.png,5,-1.1895,5.00708,-1.09539,0.00708389,0.0941144,576,26309,26885,28.4871
1617,1618.png,5,-1.164,5.00708,-1.09539,0.00708389,0.0686145,576,26309,26885,27.3611
1618,1619.png,5,-1.1725,5.00482,-1.08283,0.00481844,0.0896744,576,26309,26885,36.1276
1619,1620.png,5,-1.172,5.00482,-1.08283,0.00481844,0.0891744,576,26309,26885,31.654
1620,1621.png,5,-1.10825,5.01615,-1.01375,0.0161457,0.0945033,576,26309,26885,35.6221
1621,1622.png,5,-1.112,5.01615,-1.01375,0.0161457,0.0982533,576,26309,26885,35.2033
1622,1623.png,5,-0.9335,5.06146,-0.836862,0.0614557,0.0966376,576,26309,26885,23.5727
1623,1624.png,5,-0.944,5.06146,-0.836862,0.0614557,0.107138,576,26309,26885,23.7118
1624,1625.png,5,-0.74425,5.00935,-0.696611,0.00934982,0.0476392,576,26309,26885,31.5307
1625,1626.png,5,-0.756,5.00935,-0.696611,0.00934982,0.0593892,576,26309,26885,25.7731
1626,1627.png,5,-0.6115,4.9799,-0.587759,-0.020102,0.0237412,576,26309,26885,32.9101
1627,1628.png,5,-0.62,4.9799,-0.587759,-0.020102,0.0322412,576,26309,26885,29.0513
1628,1629.png,5,-0.54775,4.99123,-0.537519,-0.00877428,0.0102305,576,26309,26885,33.9687
1629,1630.png,5,-0.552,4.99123,-0.537519,-0.00877428,0.0144805,576,26309,26885,24.296
1630,1631.png,5,-0.518,4.98443,-0.522866,-0.0155711,-0.0048663,576,26309,26885,28.3316
1631,1632.png,5,-0.52,4.98443,-0.522866,-0.0155711,-0.00286633,576,26309,26885,29.4024
1632,1633.png,5,-0.4945,4.98896,-0.511353,-0.0110397,-0.0168532,576,26309,26885,37.088
1633,1634.png,5,-0.496,4.98896,-0.511353,-0.0110397,-0.0153532,576,26309,26885,28.5439
1634,1635.png,5,-0.479,5.00255,-0.485187,0.00255299,-0.00618696,576,26309,26885,37.8997
1635,1636.png,5,-0.48,5.00255,-0.485187,0.00255299,-0.00518698,576,26309,26885,30.4749
1636,1637.png,5,-0.463,4.99576,-0.456927,-0.00424337,0.00607279,576,26309,26885,35.3717
1637,1638.png,5,-0.464,4.99576,-0.456927,-0.00424337,0.00707278,576,26309,26885,30.1836
1638,1639.png,5,-0.44275,4.99802,-0.449601,-0.00197792,-0.00685075,576,26309,26885,28.8901
1639,1640.png,5,-0.444,4.99802,-0.449601,-0.00197792,-0.00560075,576,26309,26885,29.0241
1640,1641.png,5,-0.427,4.98896,-0.426574,-0.0110397,0.000425607,576,26309,26885,30.0619
1641,1642.png,5,-0.428,4.98896,-0.426574,-0.0110397,0.00142562,576,26309,26885,36.2573
1642,1643.png,5,-0.40675,4.99123,-0.410874,-0.00877428,-0.00412446,576,26309,26885,35.5995
1643,1644.png,5,-0.408,4.99123,-0.410874,-0.00877428,-0.00287446,576,26309,26885,33.217
1644,1645.png,5,-0.38675,4.99802,-0.382615,-0.00197792,0.0041351,576,26309,26885,38.1091
1645,1646.png,5,-0.388,4.99802,-0.382615,-0.00197792,0.0053851,576,26309,26885,31.8394
1646,1647.png,5,-0.36675,4.98216,-0.342842,-0.0178361,0.0239079,576,26309,26885,28.9269
1647,1648.png,5,-0.368,4.98216,-0.342842,-0.0178361,0.0251579,576,26309,26885,26.8164
1648,1649.png,5,-0.3425,4.96631,-0.283183,-0.0336947,0.0593171,576,26309,26885,35.7129
1649,1650.png,5,-0.344,4.96631,-0.283183,-0.0336947,0.0608171,576,26309,26885,26.9105
1650,1651.png,5,-0.31,4.96631,-0.232944,-0.0336947,0.0770564,576,26309,26885,29.6641
1651,1652.png,5,-0.312,4.96631,-0.232944,-0.0336947,0.0790564,576,26309,26885,24.8401
1652,1653.png,5,-0.28225,4.96631,-0.21201,-0.0336947,0.0702395,576,26309,26885,23.5558
1653,1654.png,5,-0.284,4.96631,-0.21201,-0.0336947,0.0719895,576,26309,26885,37.3169
1654,1655.png,5,-0.24575,4.95951,-0.185844,-0.0404911,0.0599059,576,26309,26885,23.6344
1655,1656.png,5,-0.248,4.95951,-0.185844,-0.0404911,0.0621559,576,26309,26885,25.5175
1656,1657.png,5,-0.20975,4.97084,-0.155491,-0.0291638,0.0542588,576,26309,26885,35.1829
1657,1658.png,5,-0.212,4.97084,-0.155491,-0.0291638,0.0565088,576,26309,26885,34.7858
1658,1659.png,5,-0.16525,4.98443,-0.129325,-0.0155711,0.035925,576,26309,26885,37.436
1659,1660.png,5,-0.168,4.98443,-0.129325,-0.0155711,0.038675,576,26309,26885,33.6336
1660,1661.png,5,-0.1275,5.00255,-0.0790856,0.00255299,0.0484144,576,26309,26885,38.0549
1661,1662.png,5,-0.1305,5.00255,-0.0790856,0.00255299,0.0514144,576,26309,26885,33.1274
1662,1663.png,5,-0.0753,4.99349,-0.0508258,-0.00650883,0.0244742,576,26309,26885,37.6795
1663,1664.png,5,-0.0783,4.99349,-0.0508258,-0.00650883,0.0274742,576,26309,26885,27.0013
1664,1665.png,5,-0.0231,4.98896,0.0119734,-0.0110397,0.0350734,576,26309,26885,36.3678
1665,1666.png,5,-0.0261,4.98896,0.0119734,-0.0110397,0.0380734,576,26309,26885,32.0143
1666,1667.png,5,0.0306,5.00029,0.0391862,0.000287533,0.00858617,576,26309,26885,35.3901
1667,1668.png,5,0.0276,5.00029,0.0391862,0.000287533,0.0115862,576,26309,26885,25.8315
1668,1669.png,5,0.0858,5.00029,0.0758193,0.000287533,-0.00998068,576,26309,26885,38.5369
1669,1670.png,5,0.0828,5.00029,0.0758193,0.000287533,-0.00698068,576,26309,26885,34.5667
1670,1671.png,5,0.143,4.98896,0.107219,-0.0110397,-0.0357813,576,26309,26885,35.7822
1671,1672.png,5,0.14,4.98896,0.107219,-0.0110397,-0.0327813,576,26309,26885,29.6473
1672,1673.png,5,0.1824,4.98216,0.142805,-0.0178361,-0.0395949,576,26309,26885,37.2497
1673,1674.png,5,0.18,4.98216,0.142805,-0.0178361,-0.0371949,576,26309,26885,32.6273
1674,1675.png,5,0.2012,4.96857,0.175251,-0.0314293,-0.0259487,576,26309,26885,35.4455
1675,1676.png,5,0.2,4.96857,0.175251,-0.0314293,-0.0247487,576,26309,26885,34.071
1676,1677.png,13,0.1139,4.97084,0.185718,-8.02916,0.071818,576,26309,26885,28.5253
1677,1678.png,13,0.1134,4.97084,0.185718,-8.02916,0.072318,576,26309,26885,27.3679
1678,1679.png,13,0.11045,4.97084,0.179438,-8.02916,0.0689879,576,26309,26885,37.1448
1679,1680.png,13,0.1107,4.97084,0.179438,-8.02916,0.0687379,576,26309,26885,30.2832
1680,1681.png,13,0.11955,4.97084,0.198278,-8.02916,0.0787279,576,26309,26885,23.8505
1681,1682.png,13,0.1188,4.97084,0.198278,-8.02916,0.0794779,576,26309,26885,23.9143
1682,1683.png,5,0.30425,4.94365,0.27887,-0.0563498,-0.0253801,576,26309,26885,38.6302
1683,1684.png,5,0.299,4.94365,0.27887,-0.0563498,-0.0201301,576,26309,26885,35.2799
1684,1685.png,5,0.36555,4.95271,0.350042,-0.0472879,-0.0155077,576,26309,26885,35.0473
1685,1686.png,5,0.36105,4.95271,0.350042,-0.0472879,-0.0110077,576,26309,26885,28.7139
1686,1687.png,5,0.40245,4.97537,0.385628,-0.0246329,-0.0168216,576,26309,26885,34.9128
1687,1688.png,5,0.4002,4.97537,0.385628,-0.0246329,-0.0145716,576,26309,26885,34.5376
1688,1689.png,5,0.3726,4.95498,0.366789,-0.045022,-0.00581118,576,26309,26885,38.2551
1689,1690.png,5,0.3741,4.95498,0.366789,-0.045022,-0.0073112,576,26309,26885,33.8613
1690,1691.png,5,0.3511,4.94592,0.356322,-0.0540838,0.00522247,576,26309,26885,35.4535
1691,1692.png,5,0.35235,4.94592,0.356322,-0.0540838,0.00397247,576,26309,26885,29.2845
1692,1693.png,5,0.32935,4.93685,0.330156,-0.0631461,0.000806034,576,26309,26885,34.5067
1693,1694.png,5,0.3306,4.93685,0.330156,-0.0631461,-0.000443965,576,26309,26885,27.5488
1694,1695.png,5,0.3168,4.94138,0.314456,-0.0586152,-0.00234368,576,26309,26885,37.8144
1695,1696.png,5,0.31755,4.94138,0.314456,-0.0586152,-0.00309369,576,26309,26885,31.2901
1696,1697.png,5,0.30375,4.921,0.298756,-0.0790048,-0.00499377,576,26309,26885,28.8856
1697,1698.png,5,0.3045,4.921,0.298756,-0.0790048,-0.00574377,576,26309,26885,30.2727
1698,1699.png,5,0.2953,4.921,0.287243,-0.0790048,-0.00805685,576,26309,26885,35.8914
1699,1700.png,5,0.2958,4.921,0.287243,-0.0790048,-0.00855684,576,26309,26885,32.3389
1700,1701.png,5,0.2866,4.921,0.290383,-0.0790048,0.00378302,576,26309,26885,36.754
1701,1702.png,5,0.2871,4.921,0.290383,-0.0790048,0.00328302,576,26309,26885,34.5405
1702,1703.png,5,0.2825,4.92779,0.268404,-0.0722079,-0.0140964,576,26309,26885,34.692
1703,1704.png,5,0.28275,4.92779,0.268404,-0.0722079,-0.0143465,576,26309,26885,34.1625
1704,1705.png,5,0.27815,4.921,0.262123,-0.0790048,-0.0160265,576,26309,26885,38.7035
1705,1706.png,5,0.2784,4.921,0.262123,-0.0790048,-0.0162765,576,26309,26885,35.141
1706,1707.png,5,0.2692,4.94365,0.26003,-0.0563498,-0.00916967,576,26309,26885,28.2094
1707,1708.png,5,0.2697,4.94365,0.26003,-0.0563498,-0.00966966,576,26309,26885,34.443
1708,1709.png,5,0.2651,4.92779,0.252703,-0.0722079,-0.0123965,576,26309,26885,23.6988
1709,1710.png,5,0.26535,4.92779,0.252703,-0.0722079,-0.0126465,576,26309,26885,31.955
1710,1711.png,5,0.26075,4.92553,0.24747,-0.0744739,-0.0132795,576,26309,26885,35.1395
1711,1712.png,5,0.261,4.92553,0.24747,-0.0744739,-0.0135295,576,26309,26885,35.5833
1712,1713.png,5,0.2564,4.94365,0.24747,-0.0563498,-0.00892949,576,26309,26885,35.8335
1713,1714.png,5,0.25665,4.94365,0.24747,-0.0563498,-0.0091795,576,26309,26885,35.7276
1714,1715.png,5,0.25205,4.92779,0.238051,-0.0722079,-0.0139995,576,26309,26885,35.2934
1715,1716.png,5,0.2523,4.92779,0.238051,-0.0722079,-0.0142495,576,26309,26885,35.2158
1716,1717.png,5,0.2477,4.93912,0.232817,-0.0608807,-0.0148828,576,26309,26885,36.4468
1717,1718.png,5,0.24795,4.93912,0.232817,-0.0608807,-0.0151328,576,26309,26885,33.5288
1718,1719.png,5,0.24795,4.92779,0.235957,-0.0722079,-0.011993,576,26309,26885,36.6762
1719,1720.png,5,0.24795,4.92779,0.235957,-0.0722079,-0.011993,576,26309,26885,34.9794
1720,1721.png,5,0.24335,4.94138,0.237004,-0.0586152,-0.00634623,576,26309,26885,36.0557
1721,1722.png,5,0.2436,4.94138,0.237004,-0.0586152,-0.00659622,576,26309,26885,30.2891
1722,1723.png,5,0.239,4.94592,0.225491,-0.0540838,-0.0135093,576,26309,26885,33.3292
1723,1724.png,5,0.23925,4.94592,0.225491,-0.0540838,-0.0137593,576,26309,26885,30.79
1724,1725.png,5,0.23465,4.94592,0.221304,-0.0540838,-0.0133459,576,26309,26885,35.7361
1725,1726.png,5,0.2349,4.94592,0.221304,-0.0540838,-0.0135959,576,26309,26885,33.2301
1726,1727.png,5,0.2303,4.93912,0.219211,-0.0608807,-0.0110894,576,26309,26885,35.6043
1727,1728.png,5,0.23055,4.93912,0.219211,-0.0608807,-0.0113394,576,26309,26885,35.6061
1728,1729.png,5,0.22595,4.95045,0.217117,-0.0495529,-0.00883254,576,26309,26885,28.8914
1729,1730.png,5,0.2262,4.95045,0.217117,-0.0495529,-0.00908254,576,26309,26885,32.6947
1730,1731.png,5,0.2216,4.93912,0.208744,-0.0608807,-0.0128558,576,26309,26885,38.6155
1731,1732.png,5,0.22185,4.93912,0.208744,-0.0608807,-0.0131058,576,26309,26885,36.7059
1732,1733.png,5,0.21725,4.94818,0.208744,-0.0518188,-0.00850578,576,26309,26885,42.6324
1733,1734.png,5,0.2175,4.94818,0.208744,-0.0518188,-0.00875577,576,26309,26885,30.9812
1734,1735.png,5,0.2175,4.94138,0.209791,-0.0586152,-0.00770903,576,26309,26885,37.0069
1735,1736.png,5,0.2175,4.94138,0.209791,-0.0586152,-0.00770903,576,26309,26885,29.453
1736,1737.png,5,0.2129,4.94592,0.202464,-0.0540838,-0.0104355,576,26309,26885,24.1368
1737,1738.png,5,0.21315,4.94592,0.202464,-0.0540838,-0.0106855,576,26309,26885,35.0726
1738,1739.png,5,0.20855,4.95045,0.196184,-0.0495529,-0.0123656,576,26309,26885,35.4307
1739,1740.png,5,0.2088,4.95045,0.196184,-0.0495529,-0.0126156,576,26309,26885,38.3569
1740,1741.png,5,0.2042,4.95724,0.187811,-0.042757,-0.0163888,576,26309,26885,35.6182
1741,1742.png,5,0.20445,4.95724,0.187811,-0.042757,-0.0166388,576,26309,26885,32.3877
1742,1743.png,5,0.19985,4.95045,0.182578,-0.0495529,-0.0172722,576,26309,26885,37.7203
1743,1744.png,5,0.2001,4.95045,0.182578,-0.0495529,-0.0175222,576,26309,26885,27.4857
1744,1745.png,5,0.1909,4.97084,0.176298,-0.0291638,-0.0146019,576,26309,26885,36.1129
1745,1746.png,5,0.1914,4.97084,0.176298,-0.0291638,-0.0151019,576,26309,26885,31.7619
1746,1747.png,5,0.1914,4.96857,0.172111,-0.0314293,-0.0192886,576,26309,26885,34.8598
1747,1748.png,5,0.1914,4.96857,0.172111,-0.0314293,-0.0192886,576,26309,26885,34.214
1748,1749.png,5,0.1822,4.9799,0.170018,-0.020102,-0.012182,576,26309,26885,27.5027
1749,1750.png,5,0.1827,4.9799,0.170018,-0.020102,-0.012682,576,26309,26885,37.8144
1750,1751.png,5,0.1781,4.95951,0.159552,-0.0404911,-0.0185484,576,26309,26885,35.5295
1751,1752.png,5,0.17835,4.95951,0.159552,-0.0404911,-0.0187984,576,26309,26885,34.6686
1752,1753.png,5,0.17375,4.96631,0.156412,-0.0336947,-0.0173383,576,26309,26885,36.8287
1753,1754.png,5,0.174,4.96631,0.156412,-0.0336947,-0.0175883,576,26309,26885,35.7628
1754,1755.png,5,0.17915,4.9731,0.146992,-0.0268984,-0.0321582,576,26309,26885,37.4836
1755,1756.png,5,0.1794,4.9731,0.146992,-0.0268984,-0.0324082,576,26309,26885,33.985
1756,1757.png,5,0.1697,4.98896,0.153271,-0.0110397,-0.0164285,576,26309,26885,38.0221
1757,1758.png,5,0.1702,4.98896,0.153271,-0.0110397,-0.0169285,576,26309,26885,35.6012
1758,1759.png,5,0.16535,4.98669,0.139665,-0.0133052,-0.0256847,576,26309,26885,36.4384
1759,1760.png,5,0.1656,4.98669,0.139665,-0.0133052,-0.0259347,576,26309,26885,44.1366
1760,1761.png,5,0.1559,4.98896,0.120825,-0.0110397,-0.0350747,576,26309,26885,35.6983
1761,1762.png,5,0.1564,4.98896,0.120825,-0.0110397,-0.0355747,576,26309,26885,33.8157
1762,1763.png,5,0.15155,4.96857,0.117685,-0.0314293,-0.0338645,576,26309,26885,28.7866
1763,1764.png,5,0.1518,4.96857,0.117685,-0.0314293,-0.0341145,576,26309,26885,23.5542
1764,1765.png,5,0.1421,4.98216,0.103032,-0.0178361,-0.0390679,576,26309,26885,23.3398
1765,1766.png,5,0.1426,4.98216,0.103032,-0.0178361,-0.0395679,576,26309,26885,31.3651
1766,1767.png,5,0.13775,4.98443,0.100939,-0.0155711,-0.036811,576,26309,26885,35.6486
1767,1768.png,5,0.138,4.98443,0.100939,-0.0155711,-0.037061,576,26309,26885,34.0124
1768,1769.png,5,0.1283,4.99123,0.0998923,-0.00877428,-0.0284077,576,26309,26885,35.792
1769,1770.png,5,0.1288,4.99123,0.0998923,-0.00877428,-0.0289077,576,26309,26885,34.5561
1770,1771.png,5,0.1191,4.9799,0.0894255,-0.020102,-0.0296745,576,26309,26885,27.4967
1771,1772.png,5,0.1196,4.9799,0.0894255,-0.020102,-0.0301745,576,26309,26885,36.4677
1772,1773.png,5,0.1099,4.98669,0.091519,-0.0133052,-0.018381,576,26309,26885,29.4202
1773,1774.png,5,0.1104,4.98669,0.091519,-0.0133052,-0.018881,576,26309,26885,31.9576
1774,1775.png,5,0.1007,4.98669,0.0779124,-0.0133052,-0.0227876,576,26309,26885,35.3575
1775,1776.png,5,0.1012,4.98669,0.0779124,-0.0133052,-0.0232876,576,26309,26885,25.3311
1776,1777.png,5,0.0915,4.99123,0.0684925,-0.00877428,-0.0230075,576,26309,26885,34.6677
1777,1778.png,5,0.092,4.99123,0.0684925,-0.00877428,-0.0235075,576,26309,26885,29.6536
1778,1779.png,5,0.092,4.99123,0.0684925,-0.00877428,-0.0235075,576,26309,26885,29.2003
1779,1780.png,5,0.0823,4.98669,0.0622127,-0.0133052,-0.0200873,576,26309,26885,34.364
1780,1781.png,5,0.0828,4.98669,0.0622127,-0.0133052,-0.0205873,576,26309,26885,34.6649
1781,1782.png,5,0.0828,4.98669,0.0622127,-0.0133052,-0.0205873,576,26309,26885,42.5337
1782,1783.png,5,0.0731,4.98896,0.0590729,-0.0110397,-0.0140271,576,26309,26885,32.9309
1783,1784.png,5,0.0736,4.98896,0.0590729,-0.0110397,-0.0145271,576,26309,26885,34.4979
1784,1785.png,5,0.05905,4.99349,0.0569794,-0.00650883,-0.00207063,576,26309,26885,34.2059
1785,1786.png,5,0.0598,4.99349,0.0569794,-0.00650883,-0.00282063,576,26309,26885,33.4635
1786,1787.png,5,0.0598,4.99349,0.0569794,-0.00650883,-0.00282063,576,26309,26885,35.3265
1787,1788.png,5,0.0544,4.98669,0.0475594,-0.0133052,-0.00684061,576,26309,26885,28.6046
1788,1789.png,5,0.055,4.98669,0.0475594,-0.0133052,-0.0074406,576,26309,26885,23.9951
1789,1790.png,5,0.055,4.98669,0.0475594,-0.0133052,-0.0074406,576,26309,26885,35.3478
1790,1791.png,5,0.0444,4.98216,0.0381398,-0.0178361,-0.00626021,576,26309,26885,34.9733
1791,1792.png,5,0.0344,4.99349,0.0349996,-0.00650883,0.000599552,576,26309,26885,34.2611
1792,1793.png,5,0.035,4.99349,0.0349996,-0.00650883,-4.47035e-07,576,26309,26885,24.0518
1793,1794.png,5,0.035,4.99349,0.0349996,-0.00650883,-4.47035e-07,576,26309,26885,34.6078
1794,1795.png,5,0.035,4.99349,0.0349996,-0.00650883,-4.47035e-07,576,26309,26885,33.23
1795,1796.png,5,0.0244,4.99349,0.02558,-0.00650883,0.00117995,576,26309,26885,29.5567
1796,1797.png,5,0.025,4.99349,0.02558,-0.00650883,0.000579953,576,26309,26885,29.1159
1797,1798.png,5,0.0144,4.99576,0.0276731,-0.00424337,0.0132731,576,26309,26885,26.3131
1798,1799.png,5,0.015,4.99576,0.0276731,-0.00424337,0.0126731,576,26309,26885,27.2564
1799,1800.png,5,0.015,4.99576,0.0276731,-0.00424337,0.0126731,576,26309,26885,32.7777
1800,1801.png,5,0.0044,4.98896,0.0224401,-0.0110397,0.0180401,576,26309,26885,43.5127
1801,1802.png,5,-0.0056,4.99349,0.0119734,-0.00650883,0.0175734,576,26309,26885,36.1992
1802,1803.png,5,-0.005,4.99349,0.0119734,-0.00650883,0.0169734,576,26309,26885,35.3001
1803,1804.png,5,-0.005,4.99349,0.0119734,-0.00650883,0.0169734,576,26309,26885,35.77
1804,1805.png,5,-0.005,4.99349,0.0119734,-0.00650883,0.0169734,576,26309,26885,35.7951
1805,1806.png,5,-0.0103,4.99349,-0.00163323,-0.00650883,0.00866678,576,26309,26885,36.8214
1806,1807.png,5,-0.0206,4.99123,-0.00477309,-0.00877428,0.0158269,576,26309,26885,28.6506
1807,1808.png,5,-0.02,4.99123,-0.00477309,-0.00877428,0.0152269,576,26309,26885,29.1359
1808,1809.png,5,-0.02,4.99123,-0.00477309,-0.00877428,0.0152269,576,26309,26885,37.8513
1809,1810.png,5,-0.02,4.99123,-0.00477309,-0.00877428,0.0152269,576,26309,26885,23.6934
1810,1811.png,5,-0.0253,5.00708,-0.011053,0.00708389,0.014247,576,26309,26885,35.3146
1811,1812.png,5,-0.025,5.00708,-0.011053,0.00708389,0.013947,576,26309,26885,35.0058
1812,1813.png,5,-0.025,5.00708,-0.011053,0.00708389,0.013947,576,26309,26885,35.1326
1813,1814.png,5,-0.0303,4.99123,-0.0215195,-0.00877428,0.00878045,576,26309,26885,34.9919
1814,1815.png,5,-0.03,4.99123,-0.0215195,-0.00877428,0.00848045,576,26309,26885,28.9053
1815,1816.png,5,-0.0353,5.00935,-0.0131463,0.00934982,0.0221537,576,26309,26885,33.9586
1816,1817.png,5,-0.035,5.00935,-0.0131463,0.00934982,0.0218537,576,26309,26885,39.8255
1817,1818.png,5,-0.035,5.00935,-0.0131463,0.00934982,0.0218537,576,26309,26885,35.6943
1818,1819.png,5,-0.0403,4.99802,-0.0257062,-0.00197792,0.0145938,576,26309,26885,35.1178
1819,1820.png,5,-0.0453,4.99802,-0.0225663,-0.00197792,0.0227337,576,26309,26885,37.1915
1820,1821.png,5,-0.045,4.99802,-0.0225663,-0.00197792,0.0224337,576,26309,26885,23.5601
1821,1822.png,5,-0.045,4.99802,-0.0225663,-0.00197792,0.0224337,576,26309,26885,36.2442
1822,1823.png,5,-0.045,4.99802,-0.0225663,-0.00197792,0.0224337,576,26309,26885,35.2696
1823,1824.png,5,-0.045,5.01388,-0.0267529,0.0138807,0.0182471,576,26309,26885,29.5575
1824,1825.png,5,-0.0503,5.01388,-0.0277995,0.0138807,0.0225005,576,26309,26885,30.9513
1825,1826.png,5,-0.05,5.01388,-0.0277995,0.0138807,0.0222005,576,26309,26885,33.0514
1826,1827.png,5,-0.05,5.01388,-0.0277995,0.0138807,0.0222005,576,26309,26885,35.4564
1827,1828.png,5,-0.05,5.00029,-0.0351261,0.000287533,0.0148739,576,26309,26885,37.8834
1828,1829.png,5,-0.05,5.00029,-0.0351261,0.000287533,0.0148739,576,26309,26885,34.7311
1829,1830.png,5,-0.05,5.00482,-0.0372194,0.00481844,0.0127806,576,26309,26885,35.6177
1830,1831.png,5,-0.05,5.00482,-0.0372194,0.00481844,0.0127806,576,26309,26885,34.8934
1831,1832.png,5,-0.05,5.00482,-0.0372194,0.00481844,0.0127806,576,26309,26885,35.4733
1832,1833.png,13,-0.02995,5.00935,-0.0340794,-7.99065,-0.00412939,576,26309,26885,35.8948
1833,1834.png,13,-0.0297,5.00935,-0.0340794,-7.99065,-0.00437939,576,26309,26885,36.8686
1834,1835.png,13,-0.0297,5.00935,-0.0340794,-7.99065,-0.00437939,576,26309,26885,35.4762
1835,1836.png,5,-0.055,5.00935,-0.0351261,0.00934982,0.0198739,576,26309,26885,33.3471
1836,1837.png,13,-0.0356,5.00708,-0.0466392,-7.99292,-0.0110392,576,26309,26885,37.7447
1837,1838.png,13,-0.0351,5.00708,-0.0466392,-7.99292,-0.0115392,576,26309,26885,33.9006
1838,1839.png,13,-0.0351,5.00708,-0.0466392,-7.99292,-0.0115392,576,26309,26885,35.621
1839,1840.png,13,-0.0351,5.00708,-0.0466392,-7.99292,-0.0115392,576,26309,26885,34.0949
1840,1841.png,13,-0.04985,5.00708,-0.0675723,-7.99292,-0.0177223,576,26309,26885,28.2642
1841,1842.png,13,-0.0486,5.00708,-0.0675723,-7.99292,-0.0189723,576,26309,26885,32.3488
1842,1843.png,13,-0.0486,5.00708,-0.0675723,-7.99292,-0.0189723,576,26309,26885,39.4809
1843,1844.png,5,-0.1165,4.99349,-0.0885054,-0.00650883,0.0279946,576,26309,26885,35.9076
1844,1845.png,5,-0.115,4.99349,-0.0885054,-0.00650883,0.0264946,576,26309,26885,35.4235
1845,1846.png,5,-0.115,4.99349,-0.0885054,-0.00650883,0.0264946,576,26309,26885,35.7951
1846,1847.png,5,-0.1362,5.00708,-0.104205,0.00708389,0.0319947,576,26309,26885,32.8559
1847,1848.png,5,-0.1403,4.98216,-0.111532,-0.0178361,0.0287683,576,26309,26885,26.5837
1848,1849.png,5,-0.14,4.98216,-0.111532,-0.0178361,0.0284683,576,26309,26885,23.7581
1849,1850.png,5,-0.14,4.98216,-0.111532,-0.0178361,0.0284683,576,26309,26885,43.4757
1850,1851.png,5,-0.1347,5.00029,-0.107345,0.000287533,0.0273549,576,26309,26885,38.3419
1851,1852.png,5,-0.135,5.00029,-0.107345,0.000287533,0.0276549,576,26309,26885,27.9228
1852,1853.png,5,-0.1297,5.00255,-0.0916454,0.00255299,0.0380546,576,26309,26885,35.5614
1853,1854.png,5,-0.13,5.00255,-0.0916454,0.00255299,0.0383546,576,26309,26885,29.1124
1854,1855.png,5,-0.13,5.00255,-0.0916454,0.00255299,0.0383546,576,26309,26885,33.7
1855,1856.png,5,-0.1247,5.00029,-0.0979254,0.000287533,0.0267747,576,26309,26885,24.5039
1856,1857.png,5,-0.125,5.00029,-0.0979254,0.000287533,0.0270746,576,26309,26885,34.0289
1857,1858.png,5,-0.1197,4.99802,-0.0885054,-0.00197792,0.0311946,576,26309,26885,35.4903
1858,1859.png,5,-0.12,4.99802,-0.0885054,-0.00197792,0.0314946,576,26309,26885,34.693
1859,1860.png,5,-0.12,4.99802,-0.0885054,-0.00197792,0.0314946,576,26309,26885,35.5559
1860,1861.png,5,-0.1147,4.98669,-0.0843188,-0.0133052,0.0303812,576,26309,26885,34.5642
1861,1862.png,5,-0.115,4.98669,-0.0843188,-0.0133052,0.0306812,576,26309,26885,27.9334
1862,1863.png,5,-0.1097,4.98669,-0.0843188,-0.0133052,0.0253812,576,26309,26885,35.2536
1863,1864.png,5,-0.11,4.98669,-0.0843188,-0.0133052,0.0256812,576,26309,26885,35.1472
1864,1865.png,5,-0.11,5.00482,-0.0832722,0.00481844,0.0267278,576,26309,26885,29.9247
1865,1866.png,5,-0.11,5.00482,-0.0832722,0.00481844,0.0267278,576,26309,26885,39.7319
1866,1867.png,5,-0.11,5.00482,-0.0832722,0.00481844,0.0267278,576,26309,26885,35.0625
1867,1868.png,5,-0.1047,5.00482,-0.0780388,0.00481844,0.0266612,576,26309,26885,35.374
1868,1869.png,5,-0.105,5.00482,-0.0780388,0.00481844,0.0269612,576,26309,26885,35.6075
1869,1870.png,5,-0.105,5.00029,-0.0811789,0.000287533,0.0238211,576,26309,26885,36.3881
1870,1871.png,5,-0.105,5.00029,-0.0811789,0.000287533,0.0238211,576,26309,26885,34.8452
1871,1872.png,5,-0.0997,5.00708,-0.0790856,0.00708389,0.0206144,576,26309,26885,28.7936
1872,1873.png,5,-0.1,5.00708,-0.0790856,0.00708389,0.0209144,576,26309,26885,33.0018
1873,1874.png,5,-0.1,5.00708,-0.0790856,0.00708389,0.0209144,576,26309,26885,32.7882
1874,1875.png,5,-0.1,5.00029,-0.074899,0.000287533,0.025101,576,26309,26885,32.8024
1875,1876.png,5,-0.1,5.00029,-0.074899,0.000287533,0.025101,576,26309,26885,31.7905
1876,1877.png,5,-0.0947,5.00255,-0.0759455,0.00255299,0.0187545,576,26309,26885,23.7244
1877,1878.png,5,-0.095,5.00255,-0.0759455,0.00255299,0.0190545,576,26309,26885,30.4503
1878,1879.png,5,-0.095,4.99576,-0.0811789,-0.00424337,0.0138211,576,26309,26885,37.744
1879,1880.png,5,-0.095,4.99576,-0.0811789,-0.00424337,0.0138211,576,26309,26885,30.937
1880,1881.png,5,-0.095,5.00482,-0.0728057,0.00481844,0.0221943,576,26309,26885,33.2465
1881,1882.png,5,-0.095,5.00482,-0.0728057,0.00481844,0.0221943,576,26309,26885,29.2729
1882,1883.png,5,-0.095,5.00482,-0.0728057,0.00481844,0.0221943,576,26309,26885,29.7722
1883,1884.png,5,-0.0897,5.00708,-0.0801321,0.00708389,0.00956786,576,26309,26885,32.6087
1884,1885.png,5,-0.09,5.00708,-0.0801321,0.00708389,0.00986786,576,26309,26885,37.1842
1885,1886.png,5,-0.09,4.99349,-0.074899,-0.00650883,0.015101,576,26309,26885,37.5534
1886,1887.png,5,-0.09,4.99349,-0.074899,-0.00650883,0.015101,576,26309,26885,35.0531
1887,1888.png,5,-0.09,4.99349,-0.074899,-0.00650883,0.015101,576,26309,26885,35.4934
1888,1889.png,5,-0.09,5.00255,-0.074899,0.00255299,0.015101,576,26309,26885,35.5767
1889,1890.png,5,-0.09,5.00255,-0.074899,0.00255299,0.015101,576,26309,26885,34.4851
1890,1891.png,5,-0.09,5.00255,-0.074899,0.00255299,0.015101,576,26309,26885,35.7017
1891,1892.png,5,-0.0847,5.00029,-0.065479,0.000287533,0.019221,576,26309,26885,35.2306
1892,1893.png,5,-0.085,5.00029,-0.065479,0.000287533,0.019521,576,26309,26885,33.8643
1893,1894.png,5,-0.085,5.00029,-0.065479,0.000287533,0.019521,576,26309,26885,35.5208
1894,1895.png,5,-0.085,5.01388,-0.0675723,0.0138807,0.0174277,576,26309,26885,29.3506
1895,1896.png,5,-0.085,5.01388,-0.0675723,0.0138807,0.0174277,576,26309,26885,35.4038
1896,1897.png,5,-0.085,5.00482,-0.0644324,0.00481844,0.0205676,576,26309,26885,37.9899
1897,1898.png,5,-0.085,5.00482,-0.0644324,0.00481844,0.0205676,576,26309,26885,32.8401
1898,1899.png,5,-0.085,5.00482,-0.0644324,0.00481844,0.0205676,576,26309,26885,29.5993
1899,1900.png,5,-0.085,5.00935,-0.0696656,0.00934982,0.0153344,576,26309,26885,32.7625
1900,1901.png,5,-0.085,5.00935,-0.0696656,0.00934982,0.0153344,576,26309,26885,28.6929
1901,1902.png,5,-0.085,5.00935,-0.0696656,0.00934982,0.0153344,576,26309,26885,29.7433
1902,1903.png,5,-0.0797,5.00935,-0.0696656,0.00934982,0.0100344,576,26309,26885,35.7517
1903,1904.png,5,-0.08,5.00935,-0.0696656,0.00934982,0.0103344,576,26309,26885,35.5924
1904,1905.png,5,-0.08,5.00935,-0.0696656,0.00934982,0.0103344,576,26309,26885,23.6105
1905,1906.png,5,-0.08,4.99349,-0.0675723,-0.00650883,0.0124277,576,26309,26885,38.0874
1906,1907.png,5,-0.08,4.99349,-0.0675723,-0.00650883,0.0124277,576,26309,26885,25.8492
1907,1908.png,5,-0.08,4.99349,-0.0675723,-0.00650883,0.0124277,576,26309,26885,45.765
1908,1909.png,5,-0.08,4.99349,-0.0675723,-0.00650883,0.0124277,576,26309,26885,35.8948
1909,1910.png,5,-0.08,4.99349,-0.0675723,-0.00650883,0.0124277,576,26309,26885,34.1627
1910,1911.png,5,-0.08,4.99349,-0.0675723,-0.00650883,0.0124277,576,26309,26885,36.9557
1911,1912.png,5,-0.08,5.00708,-0.0686191,0.00708389,0.0113809,576,26309,26885,34.8567
1912,1913.png,5,-0.08,5.00708,-0.0686191,0.00708389,0.0113809,576,26309,26885,34.6274
1913,1914.png,5,-0.08,5.00029,-0.065479,0.000287533,0.014521,576,26309,26885,35.7274
1914,1915.png,5,-0.08,5.00029,-0.065479,0.000287533,0.014521,576,26309,26885,32.9933
1915,1916.png,5,-0.0747,5.00708,-0.0612924,0.00708389,0.0134076,576,26309,26885,35.0949
1916,1917.png,5,-0.075,5.00708,-0.0612924,0.00708389,0.0137076,576,26309,26885,35.5109
1917,1918.png,5,-0.075,5.00708,-0.0612924,0.00708389,0.0137076,576,26309,26885,35.2819
1918,1919.png,5,-0.075,5.00708,-0.0686191,0.00708389,0.00638095,576,26309,26885,32.7349
1919,1920.png,5,-0.075,4.99576,-0.0581525,-0.00424337,0.0168475,576,26309,26885,34.2344
1920,1921.png,5,-0.075,4.99576,-0.0581525,-0.00424337,0.0168475,576,26309,26885,29.4869
1921,1922.png,5,-0.075,4.99576,-0.0581525,-0.00424337,0.0168475,576,26309,26885,34.1177
1922,1923.png,5,-0.075,4.99576,-0.0612924,-0.00424337,0.0137076,576,26309,26885,23.6307
1923,1924.png,5,-0.075,4.99576,-0.0612924,-0.00424337,0.0137076,576,26309,26885,33.9624
1924,1925.png,5,-0.075,4.99576,-0.0612924,-0.00424337,0.0137076,576,26309,26885,35.4034
1925,1926.png,5,-0.075,4.99576,-0.0612924,-0.00424337,0.0137076,576,26309,26885,34.8825
1926,1927.png,5,-0.075,4.99576,-0.0612924,-0.00424337,0.0137076,576,26309,26885,37.9865
1927,1928.png,5,-0.075,4.99576,-0.0612924,-0.00424337,0.0137076,576,26309,26885,34.7363
1928,1929.png,5,-0.075,5.01161,-0.0560592,0.0116148,0.0189408,576,26309,26885,29.2498
1929,1930.png,5,-0.0697,4.99576,-0.0539659,-0.00424337,0.0157341,576,26309,26885,28.1285
1930,1931.png,5,-0.07,4.99576,-0.0539659,-0.00424337,0.0160341,576,26309,26885,34.6362
1931,1932.png,5,-0.07,4.99576,-0.0539659,-0.00424337,0.0160341,576,26309,26885,34.2323
1932,1933.png,5,-0.07,5.01161,-0.0560592,0.0116148,0.0139408,576,26309,26885,23.468
1933,1934.png,5,-0.07,5.01161,-0.0560592,0.0116148,0.0139408,576,26309,26885,35.1505
1934,1935.png,5,-0.07,5.00482,-0.0550125,0.00481844,0.0149875,576,26309,26885,36.7232
1935,1936.png,5,-0.07,5.00482,-0.0550125,0.00481844,0.0149875,576,26309,26885,37.9541
1936,1937.png,5,-0.07,5.00029,-0.0602458,0.000287533,0.00975418,576,26309,26885,38.1294
1937,1938.png,5,-0.07,5.00029,-0.0602458,0.000287533,0.00975418,576,26309,26885,48.1893
1938,1939.png,5,-0.07,4.99576,-0.0539659,-0.00424337,0.0160341,576,26309,26885,36.1044
1939,1940.png,5,-0.07,4.99576,-0.0539659,-0.00424337,0.0160341,576,26309,26885,32.9154
1940,1941.png,5,-0.07,4.99349,-0.0633857,-0.00650883,0.00661431,576,26309,26885,35.612
1941,1942.png,5,-0.07,4.99349,-0.0633857,-0.00650883,0.00661431,576,26309,26885,35.7556
1942,1943.png,5,-0.07,4.99576,-0.0518726,-0.00424337,0.0181274,576,26309,26885,35.8668
1943,1944.png,5,-0.07,4.99576,-0.0518726,-0.00424337,0.0181274,576,26309,26885,35.4735
1944,1945.png,5,-0.0647,5.00255,-0.0529192,0.00255299,0.0117808,576,26309,26885,32.5927
1945,1946.png,5,-0.065,5.00255,-0.0529192,0.00255299,0.0120808,576,26309,26885,41.8028
1946,1947.png,5,-0.065,5.00029,-0.0466392,0.000287533,0.0183608,576,26309,26885,29.6117
1947,1948.png,5,-0.065,5.00029,-0.0466392,0.000287533,0.0183608,576,26309,26885,32.1655
1948,1949.png,5,-0.065,5.00029,-0.0403593,0.000287533,0.0246407,576,26309,26885,35.3481
1949,1950.png,5,-0.065,5.00029,-0.0403593,0.000287533,0.0246407,576,26309,26885,42.2358
1950,1951.png,5,-0.065,5.00029,-0.0466392,0.000287533,0.0183608,576,26309,26885,37.0387
1951,1952.png,5,-0.065,5.00029,-0.0403593,0.000287533,0.0246407,576,26309,26885,37.1707
1952,1953.png,5,-0.065,5.00029,-0.0403593,0.000287533,0.0246407,576,26309,26885,37.4591
1953,1954.png,5,-0.065,5.00029,-0.0403593,0.000287533,0.0246407,576,26309,26885,38.7773
1954,1955.png,5,-0.065,5.00255,-0.0466392,0.00255299,0.0183608,576,26309,26885,28.6861
1955,1956.png,5,-0.065,5.00255,-0.0466392,0.00255299,0.0183608,576,26309,26885,26.4687
1956,1957.png,5,-0.065,5.00255,-0.0414061,0.00255299,0.0235939,576,26309,26885,35.4752
1957,1958.png,5,-0.065,5.00255,-0.0414061,0.00255299,0.0235939,576,26309,26885,32.5017
1958,1959.png,5,-0.065,4.99123,-0.0508258,-0.00877428,0.0141742,576,26309,26885,35.6614
1959,1960.png,5,-0.065,5.00029,-0.0403593,0.000287533,0.0246407,576,26309,26885,23.726
1960,1961.png,5,-0.065,5.00029,-0.0403593,0.000287533,0.0246407,576,26309,26885,28.9027
1961,1962.png,5,-0.065,5.00029,-0.0403593,0.000287533,0.0246407,576,26309,26885,36.8236
1962,1963.png,5,-0.065,4.99576,-0.0434994,-0.00424337,0.0215006,576,26309,26885,29.3204
1963,1964.png,5,-0.065,4.99123,-0.0508258,-0.00877428,0.0141742,576,26309,26885,29.6732
1964,1965.png,5,-0.065,4.99123,-0.0508258,-0.00877428,0.0141742,576,26309,26885,35.3069
1965,1966.png,5,-0.065,4.99123,-0.0508258,-0.00877428,0.0141742,576,26309,26885,38.8388
1966,1967.png,5,-0.065,4.99576,-0.0434994,-0.00424337,0.0215006,576,26309,26885,35.678
1967,1968.png,5,-0.0597,4.99576,-0.0434994,-0.00424337,0.0162006,576,26309,26885,34.2146
1968,1969.png,5,-0.06,4.99576,-0.0434994,-0.00424337,0.0165006,576,26309,26885,35.4798
1969,1970.png,5,-0.06,4.99576,-0.0434994,-0.00424337,0.0165006,576,26309,26885,35.9822
1970,1971.png,5,-0.06,4.99802,-0.0466392,-0.00197792,0.0133608,576,26309,26885,37.8469
1971,1972.png,5,-0.06,5.00482,-0.0403593,0.00481844,0.0196407,576,26309,26885,35.4993
1972,1973.png,5,-0.06,5.00482,-0.0403593,0.00481844,0.0196407,576,26309,26885,35.696
1973,1974.png,5,-0.06,5.00482,-0.0403593,0.00481844,0.0196407,576,26309,26885,37.1581
1974,1975.png,5,-0.06,4.99576,-0.0434994,-0.00424337,0.0165006,576,26309,26885,35.6501
1975,1976.png,5,-0.06,4.99576,-0.0434994,-0.00424337,0.0165006,576,26309,26885,24.0494
1976,1977.png,5,-0.06,5.00482,-0.0403593,0.00481844,0.0196407,576,26309,26885,33.7903
1977,1978.png,5,-0.06,5.00255,-0.0455927,0.00255299,0.0144073,576,26309,26885,33.4716
1978,1979.png,5,-0.06,5.00255,-0.0455927,0.00255299,0.0144073,576,26309,26885,33.9854
1979,1980.png,5,-0.06,5.00255,-0.0434994,0.00255299,0.0165006,576,26309,26885,35.2879
1980,1981.png,5,-0.06,5.00255,-0.0434994,0.00255299,0.0165006,576,26309,26885,34.2051
1981,1982.png,5,-0.06,5.00482,-0.0403593,0.00481844,0.0196407,576,26309,26885,35.9195
1982,1983.png,5,-0.06,5.00482,-0.0403593,0.00481844,0.0196407,576,26309,26885,34.7382
1983,1984.png,5,-0.06,5.00482,-0.0403593,0.00481844,0.0196407,576,26309,26885,35.5881
1984,1985.png,5,-0.06,5.00708,-0.038266,0.00708389,0.021734,576,26309,26885,29.8925
1985,1986.png,5,-0.06,5.00708,-0.038266,0.00708389,0.021734,576,26309,26885,29.7655
1986,1987.png,5,-0.06,4.99802,-0.0466392,-0.00197792,0.0133608,576,26309,26885,35.5885
1987,1988.png,5,-0.06,4.99802,-0.0466392,-0.00197792,0.0133608,576,26309,26885,23.8392
1988,1989.png,5,-0.0547,5.00255,-0.0434994,0.00255299,0.0112006,576,26309,26885,37.4783
1989,1990.png,5,-0.055,4.99349,-0.0445459,-0.00650883,0.0104541,576,26309,26885,33.6718
1990,1991.png,5,-0.055,4.99349,-0.0445459,-0.00650883,0.0104541,576,26309,26885,25.9433
1991,1992.png,5,-0.055,4.99349,-0.0445459,-0.00650883,0.0104541,576,26309,26885,32.1749
1992,1993.png,5,-0.055,5.00482,-0.0403593,0.00481844,0.0146407,576,26309,26885,35.8148
1993,1994.png,5,-0.055,4.98669,-0.0424526,-0.0133052,0.0125474,576,26309,26885,44.0337
1994,1995.png,5,-0.055,4.98669,-0.0424526,-0.0133052,0.0125474,576,26309,26885,35.7614
1995,1996.png,5,-0.055,4.98669,-0.0424526,-0.0133052,0.0125474,576,26309,26885,35.7421
1996,1997.png,5,-0.055,5.00255,-0.0414061,0.00255299,0.0135939,576,26309,26885,35.6777
1997,1998.png,5,-0.055,4.99576,-0.0455927,-0.00424337,0.00940733,576,26309,26885,25.8035
1998,1999.png,5,-0.055,4.99576,-0.0455927,-0.00424337,0.00940733,576,26309,26885,32.3308
1999,2000.png,5,-0.055,4.99576,-0.0455927,-0.00424337,0.00940733,576,26309,26885,35.5441
2000,2001.png,5,-0.055,4.99802,-0.0466392,-0.00197792,0.00836077,576,26309,26885,37.9989
2001,2002.png,5,-0.055,4.99802,-0.0466392,-0.00197792,0.00836077,576,26309,26885,29.5487
2002,2003.png,5,-0.055,5.00482,-0.0445459,0.00481844,0.0104541,576,26309,26885,26.2854
2003,2004.png,5,-0.055,5.00255,-0.0434994,0.00255299,0.0115006,576,26309,26885,30.7768
2004,2005.png,5,-0.055,5.00255,-0.0434994,0.00255299,0.0115006,576,26309,26885,35.7546
2005,2006.png,5,-0.055,4.99349,-0.0529192,-0.00650883,0.00208085,576,26309,26885,35.4321
2006,2007.png,5,-0.055,4.99349,-0.0529192,-0.00650883,0.00208085,576,26309,26885,37.5715
2007,2008.png,5,-0.055,5.00482,-0.0612924,0.00481844,-0.00629238,576,26309,26885,28.9832
2008,2009.png,5,-0.055,5.00482,-0.0612924,0.00481844,-0.00629238,576,26309,26885,35.6243
2009,2010.png,5,-0.055,5.00482,-0.0612924,0.00481844,-0.00629238,576,26309,26885,35.8512
2010,2011.png,5,-0.0603,5.00029,-0.0717589,0.000287533,-0.0114589,576,26309,26885,29.0883
2011,2012.png,5,-0.1077,4.97763,-0.115718,-0.022367,-0.00801837,576,26309,26885,29.349
2012,2013.png,5,-0.105,4.97763,-0.115718,-0.022367,-0.0107184,576,26309,26885,23.4856
2013,2014.png,5,-0.1845,4.9799,-0.161771,-0.020102,0.0227289,576,26309,26885,35.7816
2014,2015.png,5,-0.18,4.9799,-0.161771,-0.020102,0.0182289,576,26309,26885,29.4416
2015,2016.png,5,-0.3072,4.98669,-0.239223,-0.0133052,0.0679765,576,26309,26885,23.7643
2016,2017.png,5,-0.3,4.98669,-0.239223,-0.0133052,0.0607765,576,26309,26885,24.9487
2017,2018.png,5,-0.3,4.98669,-0.239223,-0.0133052,0.0607765,576,26309,26885,36.4282
2018,2019.png,5,-0.459,4.99349,-0.488327,-0.00650883,-0.0293268,576,26309,26885,37.4335
2019,2020.png,5,-0.5983,4.96631,-0.617065,-0.0336947,-0.0187652,576,26309,26885,35.8546
2020,2021.png,5,-0.5888,4.96631,-0.617065,-0.0336947,-0.0282651,576,26309,26885,36.2662
2021,2022.png,5,-0.7592,4.98669,-0.74057,-0.0133052,0.0186297,576,26309,26885,37.719
2022,2023.png,5,-0.7482,4.98669,-0.74057,-0.0133052,0.00762975,576,26309,26885,36.4791
2023,2024.png,5,-0.7482,4.98669,-0.74057,-0.0133052,0.00762975,576,26309,26885,35.0881
2024,2025.png,5,-0.9736,5.05692,-0.99386,0.0569248,-0.0202602,576,26309,26885,34.3176
2025,2026.png,5,-1.10925,5.00255,-1.05038,0.00255299,0.0588704,576,26309,26885,32.8058
2026,2027.png,5,-1.096,5.00255,-1.05038,0.00255299,0.0456204,576,26309,26885,28.2571
2027,2028.png,5,-1.2595,4.94365,-1.18644,-0.0563498,0.0730556,576,26309,26885,35.4419
2028,2029.png,5,-1.245,4.94365,-1.18644,-0.0563498,0.0585556,576,26309,26885,23.4788
2029,2030.png,5,-1.461,4.95951,-1.43869,-0.0404911,0.0223123,576,26309,26885,26.8313
2030,2031.png,5,-1.4475,4.95951,-1.43869,-0.0404911,0.00881231,576,26309,26885,30.4987
2031,2032.png,5,-1.6435,4.95271,-1.58313,-0.0472879,0.0603741,576,26309,26885,28.6932
2032,2033.png,5,-1.63125,4.95271,-1.58313,-0.0472879,0.0481242,576,26309,26885,29.7399
2033,2034.png,5,-1.54675,4.95045,-1.62185,-0.0495529,-0.0751021,576,26309,26885,35.0926
2034,2035.png,5,-1.53725,4.95045,-1.62185,-0.0495529,-0.084602,576,26309,26885,31.9408
2035,2036.png,5,-1.53725,4.95045,-1.62185,-0.0495529,-0.084602,576,26309,26885,35.5929
2036,2037.png,5,-1.61425,4.94592,-1.66581,-0.0540838,-0.0515615,576,26309,26885,35.6053
2037,2038.png,5,-1.62625,4.94592,-1.66581,-0.0540838,-0.0395614,576,26309,26885,35.0441
2038,2039.png,5,-1.625,4.94592,-1.66581,-0.0540838,-0.0408114,576,26309,26885,24.8561
2039,2040.png,5,-1.555,4.95045,-1.59778,-0.0495529,-0.0427791,576,26309,26885,32.1444
2040,2041.png,5,-1.56,4.95045,-1.59778,-0.0495529,-0.0377791,576,26309,26885,32.7399
2041,2042.png,5,-1.56,4.95045,-1.59778,-0.0495529,-0.0377791,576,26309,26885,35.4513
2042,2043.png,5,-1.413,4.96177,-1.47009,-0.0382257,-0.0570873,576,26309,26885,35.4872
2043,2044.png,5,-1.338,4.98216,-1.40519,-0.0178361,-0.0671947,576,26309,26885,37.9269
2044,2045.png,5,-1.351,4.98216,-1.40519,-0.0178361,-0.0541948,576,26309,26885,23.816
2045,2046.png,5,-1.351,4.98216,-1.40519,-0.0178361,-0.0541948,576,26309,26885,35.7294
2046,2047.png,5,-1.111,4.98669,-1.16551,-0.0133052,-0.0545114,576,26309,26885,29.6122
2047,2048.png,5,-0.872,5.02521,-0.915361,0.025208,-0.0433613,576,26309,26885,35.8975
2048,2049.png,5,-0.889,5.02521,-0.915361,0.025208,-0.0263613,576,26309,26885,28.2926
2049,2050.png,5,-0.889,5.02521,-0.915361,0.025208,-0.0263613,576,26309,26885,35.2457
2050,2051.png,5,-0.60775,4.96404,-0.645325,-0.0359602,-0.0375749,576,26309,26885,35.0352
2051,2052.png,5,-0.41925,4.96857,-0.498793,-0.0314293,-0.0795434,576,26309,26885,29.8865
2052,2053.png,5,-0.435,4.96857,-0.498793,-0.0314293,-0.0637934,576,26309,26885,23.7087
2053,2054.png,5,-0.1835,4.95045,-0.183751,-0.0495529,-0.000250742,576,26309,26885,36.1845
2054,2055.png,5,-0.2,4.95045,-0.183751,-0.0495529,0.0162493,576,26309,26885,36.13
2055,2056.png,5,-0.00875,4.98896,-0.0183797,-0.0110397,-0.00962968,576,26309,26885,37.6589
2056,2057.png,5,-0.02,4.98896,-0.0183797,-0.0110397,0.00162032,576,26309,26885,29.6834
2057,2058.png,5,0.11765,4.98443,0.0800059,-0.0155711,-0.0376441,576,26309,26885,35.5484
2058,2059.png,5,0.1104,4.98443,0.0800059,-0.0155711,-0.0303941,576,26309,26885,34.528
2059,2060.png,5,0.1104,4.98443,0.0800059,-0.0155711,-0.0303941,576,26309,26885,36.7028
2060,2061.png,5,0.2048,4.99123,0.138619,-0.00877428,-0.0661815,576,26309,26885,32.0813
2061,2062.png,5,0.2053,4.98216,0.152225,-0.0178361,-0.0530749,576,26309,26885,32.8475
2062,2063.png,5,0.205,4.98216,0.152225,-0.0178361,-0.0527749,576,26309,26885,31.5173
2063,2064.png,5,0.205,4.98216,0.152225,-0.0178361,-0.0527749,576,26309,26885,37.5455
2064,2065.png,5,0.1679,4.98443,0.107219,-0.0155711,-0.0606813,576,26309,26885,37.5297
2065,2066.png,5,0.17,4.98443,0.107219,-0.0155711,-0.0627813,576,26309,26885,30.4851
2066,2067.png,5,0.0497,4.98443,0.0360463,-0.0155711,-0.0136537,576,26309,26885,38.1071
2067,2068.png,5,0.0552,4.98443,0.0360463,-0.0155711,-0.0191537,576,26309,26885,35.811
2068,2069.png,5,-0.1096,4.99802,-0.0885054,-0.00197792,0.0210946,576,26309,26885,34.5277
2069,2070.png,13,-0.172,5.02068,-0.206777,-7.97932,-0.0347771,576,26309,26885,38.0715
2070,2071.png,13,-0.162,5.02068,-0.206777,-7.97932,-0.0447771,576,26309,26885,35.3495
2071,2072.png,5,-0.5703,4.97763,-0.533333,-0.022367,0.0369672,576,26309,26885,29.119
2072,2073.png,5,-0.555,4.97763,-0.533333,-0.022367,0.0216672,576,26309,26885,23.9752
2073,2074.png,5,-0.555,4.97763,-0.533333,-0.022367,0.0216672,576,26309,26885,36.7328
2074,2075.png,5,-1.05325,5.04107,-1.05457,0.0410666,-0.00131619,576,26309,26885,35.7237
2075,2076.png,5,-1.02225,5.04107,-1.05457,0.0410666,-0.0323161,576,26309,26885,29.2292
2076,2077.png,9,-0.65945,5.02068,-1.04724,-3.97932,-0.387789,576,26309,26885,34.8285
2077,2078.png,9,-0.6517,5.02068,-1.04724,-3.97932,-0.395539,576,26309,26885,32.7351
2078,2079.png,5,-1.183,4.98669,-1.10585,-0.0133052,0.077148,576,26309,26885,38.5039
2079,2080.png,5,-1.176,4.98669,-1.10585,-0.0133052,0.070148,576,26309,26885,34.2816
2080,2081.png,5,-1.22275,4.96404,-1.15923,-0.0359602,0.0635185,576,26309,26885,29.6687
2081,2082.png,5,-1.22,4.96404,-1.15923,-0.0359602,0.0607686,576,26309,26885,25.0671
2082,2083.png,5,-1.39975,4.94138,-1.35705,-0.0586152,0.0427011,576,26309,26885,35.544
2083,2084.png,5,-1.33575,4.94818,-1.28588,-0.0518188,0.0498736,576,26309,26885,26.0656
2084,2085.png,5,-1.33875,4.94818,-1.28588,-0.0518188,0.0528736,576,26309,26885,31.5341
2085,2086.png,5,-1.33875,4.94818,-1.28588,-0.0518188,0.0528736,576,26309,26885,28.514
2086,2087.png,5,-1.24275,4.95724,-1.22726,-0.042757,0.0154862,576,26309,26885,35.1504
2087,2088.png,5,-1.24875,4.95724,-1.22726,-0.042757,0.0214862,576,26309,26885,34.3799
2088,2089.png,5,-1.09275,4.98443,-1.11841,-0.0155711,-0.0256619,576,26309,26885,34.5283
2089,2090.png,5,-1.1025,4.98443,-1.11841,-0.0155711,-0.0159119,576,26309,26885,37.0931
2090,2091.png,5,-0.9025,5.03427,-0.915361,0.0342698,-0.0128613,576,26309,26885,37.9536
2091,2092.png,5,-0.915,5.03427,-0.915361,0.0342698,-0.000361264,576,26309,26885,31.5701
2092,2093.png,5,-0.74225,4.96631,-0.699751,-0.0336947,0.0424994,576,26309,26885,37.708
2093,2094.png,5,-0.756,4.96631,-0.699751,-0.0336947,0.0562493,576,26309,26885,35.8608
2094,2095.png,5,-0.51375,4.96631,-0.513447,-0.0336947,0.000303507,576,26309,26885,28.7275
2095,2096.png,5,-0.307,4.99349,-0.253877,-0.00650883,0.0531234,576,26309,26885,32.2795
2096,2097.png,5,-0.32,4.99349,-0.253877,-0.00650883,0.0661234,576,26309,26885,31.2084
2097,2098.png,5,-0.32,4.99349,-0.253877,-0.00650883,0.0661234,576,26309,26885,37.833
2098,2099.png,5,-0.1318,4.98896,-0.131418,-0.0110397,0.000381738,576,26309,26885,35.7818
2099,2100.png,5,-0.14355,4.98896,-0.131418,-0.0110397,0.0121317,576,26309,26885,25.014
2100,2101.png,5,-0.0219,4.99123,-0.0277995,-0.00877428,-0.00589947,576,26309,26885,23.6507
2101,2102.png,5,-0.03,4.99123,-0.0277995,-0.00877428,0.00220053,576,26309,26885,35.0379
2102,2103.png,13,0.05165,4.98896,0.0663994,-8.01104,0.0147494,576,26309,26885,43.238
2103,2104.png,13,0.0459,4.98896,0.0663994,-8.01104,0.0204994,576,26309,26885,28.6699
2104,2105.png,5,0.1267,4.9731,0.0800059,-0.0268984,-0.0466941,576,26309,26885,35.7129
2105,2106.png,5,0.1242,4.9731,0.0800059,-0.0268984,-0.0441941,576,26309,26885,35.3364
2106,2107.png,5,0.08985,4.9731,0.0527928,-0.0268984,-0.0370572,576,26309,26885,34.0062
2107,2108.png,5,0.09135,4.9731,0.0527928,-0.0268984,-0.0385572,576,26309,26885,35.3246
2108,2109.png,5,-0.20895,4.9731,-0.154444,-0.0268984,0.0545055,576,26309,26885,31.8906
2109,2110.png,5,-0.1932,4.9731,-0.154444,-0.0268984,0.0387556,576,26309,26885,35.3925
2110,2111.png,5,-0.4167,5.02521,-0.348075,0.025208,0.0686247,576,26309,26885,23.6549
2111,2112.png,5,-0.405,5.02521,-0.348075,0.025208,0.0569247,576,26309,26885,26.9675
2112,2113.png,5,-0.6382,4.94592,-0.616019,-0.0540838,0.0221815,576,26309,26885,37.6256
2113,2114.png,5,-0.625,4.94592,-0.616019,-0.0540838,0.00898147,576,26309,26885,38.0888
2114,2115.png,5,-0.75445,4.93459,-0.763597,-0.0654116,-0.00914657,576,26309,26885,37.6711
2115,2116.png,5,-0.7452,4.93459,-0.763597,-0.0654116,-0.0183966,576,26309,26885,28.6499
2116,2117.png,5,-0.8381,5.01161,-0.854655,0.0116148,-0.0165554,576,26309,26885,28.774
2117,2118.png,5,-0.83085,5.01161,-0.854655,0.0116148,-0.0238054,576,26309,26885,28.92
2118,2119.png,5,-0.91365,5.07505,-0.891288,0.0750484,0.0223618,576,26309,26885,34.4895
2119,2120.png,5,-0.90915,5.07505,-0.891288,0.0750484,0.0178618,576,26309,26885,34.8181
2120,2121.png,5,-0.95975,5.06146,-0.9813,0.0614557,-0.0215504,576,26309,26885,37.7947
2121,2122.png,5,-0.957,5.06146,-0.9813,0.0614557,-0.0243003,576,26309,26885,33.4793
2122,2123.png,5,-0.9708,5.03654,-0.997,0.0365357,-0.0262003,576,26309,26885,33.516
2123,2124.png,5,-0.97005,5.03654,-0.997,0.0365357,-0.0269503,576,26309,26885,37.9739
2124,2125.png,5,-1.01145,5.04107,-1.02107,0.0410666,-0.00962317,576,26309,26885,34.7905
2125,2126.png,5,-1.0092,5.04107,-1.02107,0.0410666,-0.0118732,576,26309,26885,32.591
2126,2127.png,9,-0.6359,5.01841,-1.02945,-3.98159,-0.393546,576,26309,26885,29.15
2127,2128.png,9,-0.62965,5.01841,-1.02945,-3.98159,-0.399796,576,26309,26885,31.9053
2128,2129.png,5,-1.18525,4.97763,-1.11946,-0.022367,0.0657914,576,26309,26885,23.6835
2129,2130.png,5,-1.176,4.97763,-1.11946,-0.022367,0.0565413,576,26309,26885,35.9617
2130,2131.png,5,-1.3265,4.95045,-1.2796,-0.0495529,0.0469035,576,26309,26885,35.1788
2131,2132.png,5,-1.3125,4.95045,-1.2796,-0.0495529,0.0329034,576,26309,26885,32.1837
2132,2133.png,5,-1.547,4.93685,-1.61976,-0.0631461,-0.0727587,576,26309,26885,34.5251
2133,2134.png,5,-1.51775,4.93685,-1.61976,-0.0631461,-0.102009,576,26309,26885,31.0066
2134,2135.png,5,-1.66475,4.92553,-1.74012,-0.0744739,-0.0753738,576,26309,26885,35.6099
2135,2136.png,5,-1.65425,4.92553,-1.74012,-0.0744739,-0.0858737,576,26309,26885,35.1273
2136,2137.png,5,-1.76975,4.921,-1.78199,-0.0790048,-0.0122399,576,26309,26885,37.9578
2137,2138.png,5,-1.7615,4.921,-1.78199,-0.0790048,-0.0204899,576,26309,26885,25.6744
2138,2139.png,5,-1.821,4.90287,-1.80397,-0.0971284,0.0170304,576,26309,26885,35.2221
2139,2140.png,5,-1.81675,4.90287,-1.80397,-0.0971284,0.0127804,576,26309,26885,31.097
2140,2141.png,5,-1.81325,4.91646,-1.79874,-0.0835357,0.0145136,576,26309,26885,37.0307
2141,2142.png,5,-1.8135,4.91646,-1.79874,-0.0835357,0.0147637,576,26309,26885,29.3635
2142,2143.png,5,-1.726,4.9142,-1.73594,-0.0858011,-0.00993717,576,26309,26885,35.4857
2143,2144.png,5,-1.73225,4.9142,-1.73594,-0.0858011,-0.00368714,576,26309,26885,30.6705
2144,2145.png,5,-1.52925,4.95724,-1.57999,-0.042757,-0.0507358,576,26309,26885,37.689
2145,2146.png,5,-1.54375,4.95724,-1.57999,-0.042757,-0.0362358,576,26309,26885,35.5828
2146,2147.png,5,-1.26025,4.99349,-1.3717,-0.00650883,-0.111452,576,26309,26885,35.1168
2147,2148.png,5,-1.2805,4.99349,-1.3717,-0.00650883,-0.091202,576,26309,26885,33.3073
2148,2149.png,5,-1.01525,4.97537,-1.13621,-0.0246329,-0.120955,576,26309,26885,34.1219
2149,2150.png,5,-1.0395,4.97537,-1.13621,-0.0246329,-0.0967051,576,26309,26885,25.1162
2150,2151.png,5,-0.642,4.921,-0.741617,-0.0790048,-0.0996168,576,26309,26885,28.5353
2151,2152.png,5,-0.6685,4.921,-0.741617,-0.0790048,-0.0731168,576,26309,26885,34.0022
2152,2153.png,5,-0.27225,4.9799,-0.290509,-0.020102,-0.0182594,576,26309,26885,35.6406
2153,2154.png,5,-0.3,4.9799,-0.290509,-0.020102,0.00949061,576,26309,26885,37.2265
2154,2155.png,5,0.14,4.98443,0.123965,-0.0155711,-0.0160348,576,26309,26885,35.0325
2155,2156.png,5,0.1125,4.98443,0.123965,-0.0155711,0.0114652,576,26309,26885,27.3151
2156,2157.png,5,0.5997,5.00255,0.477734,0.00255299,-0.121966,576,26309,26885,23.51
2157,2158.png,5,0.5742,5.00255,0.477734,0.00255299,-0.0964661,576,26309,26885,23.7853
2158,2159.png,5,1.1052,4.75788,0.856622,-0.24212,-0.248578,576,26309,26885,34.9301
2159,2160.png,5,1.08,4.75788,0.856622,-0.24212,-0.223378,576,26309,26885,28.7643
2160,2161.png,5,1.2064,4.80092,1.07223,-0.199075,-0.134167,576,26309,26885,36.2231
2161,2162.png,5,1.1919,4.80092,1.07223,-0.199075,-0.119667,576,26309,26885,32.8216
2162,2163.png,5,1.18525,4.76694,1.11619,-0.233058,-0.0690577,576,26309,26885,35.5041
2163,2164.png,5,1.18,4.76694,1.11619,-0.233058,-0.0638076,576,26309,26885,42.8955
2164,2165.png,5,1.1035,4.81905,0.998967,-0.180952,-0.104533,576,26309,26885,23.7146
2165,2166.png,5,1.108,4.81905,0.998967,-0.180952,-0.109033,576,26309,26885,36.065
2166,2167.png,5,0.93375,4.87569,0.836736,-0.124314,-0.097014,576,26309,26885,35.858
2167,2168.png,5,0.944,4.87569,0.836736,-0.124314,-0.107264,576,26309,26885,27.0207
2168,2169.png,5,0.6975,4.94138,0.614845,-0.0586152,-0.0826546,576,26309,26885,37.4301
2169,2170.png,5,0.712,4.94138,0.614845,-0.0586152,-0.0971546,576,26309,26885,28.2386
2170,2171.png,5,0.389,4.94138,0.427495,-0.0586152,0.0384945,576,26309,26885,37.542
2171,2172.png,5,0.408,4.94138,0.427495,-0.0586152,0.0194945,576,26309,26885,29.7693
2172,2173.png,5,0.068,4.98216,0.0601192,-0.0178361,-0.00788077,576,26309,26885,35.6248
2173,2174.png,5,0.088,4.98216,0.0601192,-0.0178361,-0.0278808,576,26309,26885,33.1029
2174,2175.png,5,-0.3045,5.00255,-0.194217,0.00255299,0.110283,576,26309,26885,35.5264
2175,2176.png,5,-0.28275,5.00255,-0.194217,0.00255299,0.0885327,576,26309,26885,38.2886
2176,2177.png,5,-0.7596,4.92553,-0.736384,-0.0744739,0.0232164,576,26309,26885,34.7935
2177,2178.png,5,-0.735,4.92553,-0.736384,-0.0744739,-0.0013836,576,26309,26885,29.9944
2178,2179.png,5,-0.98445,5.08411,-0.967694,0.0841107,0.0167561,576,26309,26885,37.7552
2179,2180.png,5,-0.9657,5.08411,-0.967694,0.0841107,-0.00199395,576,26309,26885,37.7004
2180,2181.png,5,-1.2141,4.98896,-1.10795,-0.0110397,0.106155,576,26309,26885,35.7697
2181,2182.png,5,-1.2006,4.98896,-1.10795,-0.0110397,0.0926547,576,26309,26885,30.0467
2182,2183.png,5,-1.223,4.96631,-1.13725,-0.0336947,0.0857484,576,26309,26885,37.2749
2183,2184.png,5,-1.216,4.96631,-1.13725,-0.0336947,0.0787483,576,26309,26885,37.274
2184,2185.png,5,-1.168,4.96404,-1.17388,-0.0359602,-0.00588465,576,26309,26885,23.6117
2185,2186.png,5,-1.16625,4.96404,-1.17388,-0.0359602,-0.00763464,576,26309,26885,23.9346
2186,2187.png,5,-1.10225,4.9799,-1.11423,-0.020102,-0.0119753,576,26309,26885,36.2783
2187,2188.png,5,-1.10625,4.9799,-1.11423,-0.020102,-0.00797522,576,26309,26885,32.7987
2188,2189.png,5,-0.99825,5.02068,-0.985487,0.0206771,0.012763,576,26309,26885,35.4767
2189,2190.png,5,-1.005,5.02068,-0.985487,0.0206771,0.019513,576,26309,26885,35.4764
2190,2191.png,5,-0.853,5.01615,-0.859889,0.0161457,-0.00688875,576,26309,26885,35.637
2191,2192.png,5,-0.8625,5.01615,-0.859889,0.0161457,0.00261128,576,26309,26885,27.5337
2192,2193.png,5,-0.6785,4.9731,-0.650558,-0.0268984,0.0279419,576,26309,26885,38.117
2193,2194.png,5,-0.69,4.9731,-0.650558,-0.0268984,0.0394419,576,26309,26885,28.1957
2194,2195.png,5,-0.515,4.95271,-0.510306,-0.0472879,0.00469351,576,26309,26885,35.1381
2195,2196.png,5,-0.528,4.95271,-0.510306,-0.0472879,0.0176935,576,26309,26885,29.0608
2196,2197.png,5,-0.30275,4.96631,-0.250737,-0.0336947,0.0520134,576,26309,26885,35.8339
2197,2198.png,5,-0.316,4.96631,-0.250737,-0.0336947,0.0652635,576,26309,26885,31.8027
2198,2199.png,5,-0.09925,4.97763,-0.095832,-0.022367,0.00341796,576,26309,26885,34.4671
2199,2200.png,5,-0.112,4.97763,-0.095832,-0.022367,0.016168,576,26309,26885,34.6312
2200,2201.png,5,0.104,4.99349,0.0789592,-0.00650883,-0.0250408,576,26309,26885,33.713
2201,2202.png,5,0.092,4.99349,0.0789592,-0.00650883,-0.0130408,576,26309,26885,33.0423
2202,2203.png,5,0.3014,4.95271,0.209791,-0.0472879,-0.091609,576,26309,26885,35.4879
2203,2204.png,5,0.29,4.95271,0.209791,-0.0472879,-0.080209,576,26309,26885,34.614
2204,2205.png,5,0.4331,4.94818,0.339576,-0.0518188,-0.093524,576,26309,26885,35.1194
2205,2206.png,5,0.425,4.94818,0.339576,-0.0518188,-0.085424,576,26309,26885,35.988
2206,2207.png,5,0.42955,4.95951,0.382489,-0.0404911,-0.0470615,576,26309,26885,35.132
2207,2208.png,5,0.4263,4.95951,0.382489,-0.0404911,-0.0438115,576,26309,26885,35.2762
2208,2209.png,5,0.4079,4.96177,0.387722,-0.0382257,-0.0201781,576,26309,26885,28.4988
2209,2210.png,5,0.4089,4.96177,0.387722,-0.0382257,-0.0211781,576,26309,26885,29.7932
2210,2211.png,5,0.3215,4.93232,0.320736,-0.067677,-0.000763953,576,26309,26885,38.1912
2211,2212.png,5,0.32625,4.93232,0.320736,-0.067677,-0.00551394,576,26309,26885,36.5874
2212,2213.png,5,0.19745,4.9731,0.144898,-0.0268984,-0.0525517,576,26309,26885,23.7621
2213,2214.png,5,0.20445,4.9731,0.144898,-0.0268984,-0.0595517,576,26309,26885,24.7919
2214,2215.png,5,0.03425,4.9731,0.037093,-0.0268984,0.00284305,576,26309,26885,35.3481
2215,2216.png,5,0.0435,4.9731,0.037093,-0.0268984,-0.00640695,576,26309,26885,27.2383
2216,2217.png,5,-0.162,4.98443,-0.115718,-0.0155711,0.0462816,576,26309,26885,35.3931
2217,2218.png,5,-0.15,4.98443,-0.115718,-0.0155711,0.0342816,576,26309,26885,35.2629
2218,2219.png,13,-0.20785,4.99576,-0.28109,-8.00424,-0.0732396,576,26309,26885,23.8741
2219,2220.png,13,-0.1971,4.99576,-0.28109,-8.00424,-0.0839896,576,26309,26885,31.8995
2220,2221.png,5,-0.5717,4.97537,-0.536473,-0.0246329,0.0352271,576,26309,26885,37.2253
2221,2222.png,5,-0.56,4.97537,-0.536473,-0.0246329,0.0235271,576,26309,26885,39.8139
2222,2223.png,5,-0.685,4.93232,-0.695564,-0.067677,-0.010564,576,26309,26885,35.7123
2223,2224.png,5,-0.67425,4.93232,-0.695564,-0.067677,-0.021314,576,26309,26885,35.6708
2224,2225.png,9,-0.65785,5.02747,-1.00433,-3.97253,-0.346477,576,26309,26885,35.9308
2225,2226.png,9,-0.6321,5.02747,-1.00433,-3.97253,-0.372227,576,26309,26885,37.9169
2226,2227.png,5,-1.10425,4.99349,-1.04829,-0.00650883,0.0559638,576,26309,26885,33.7277
2227,2228.png,5,-1.1,4.99349,-1.04829,-0.00650883,0.0517138,576,26309,26885,31.8683
2228,2229.png,5,-1.07925,5.00482,-1.0912,0.00481844,-0.0119489,576,26309,26885,30.8006
2229,2230.png,5,-1.07625,5.00482,-1.0912,0.00481844,-0.014949,576,26309,26885,33.173
2230,2231.png,5,-1.21225,4.95498,-1.20214,-0.045022,0.0101058,576,26309,26885,34.8384
2231,2232.png,5,-1.20375,4.95498,-1.20214,-0.045022,0.00160587,576,26309,26885,25.7915
2232,2233.png,5,-1.09575,5.00708,-1.09748,0.00708389,-0.00172877,576,26309,26885,37.3497
2233,2234.png,5,-1.1025,5.00708,-1.09748,0.00708389,0.00502121,576,26309,26885,27.999
2234,2235.png,5,-0.9505,5.02747,-0.921641,0.0274734,0.0288588,576,26309,26885,37.3465
2235,2236.png,5,-0.96,5.02747,-0.921641,0.0274734,0.0383588,576,26309,26885,32.3952
2236,2237.png,9,-0.4814,4.98669,-0.745803,-4.01331,-0.264403,576,26309,26885,35.4846
2237,2238.png,9,-0.4949,4.98669,-0.745803,-4.01331,-0.250903,576,26309,26885,28.733
2238,2239.png,5,-0.553,4.96404,-0.533333,-0.0359602,0.0196671,576,26309,26885,28.46
2239,2240.png,5,-0.568,4.96404,-0.533333,-0.0359602,0.0346672,576,26309,26885,29.4101
2240,2241.png,5,-0.296,4.9731,-0.253877,-0.0268984,0.0421234,576,26309,26885,33.0568
2241,2242.png,5,-0.312,4.9731,-0.253877,-0.0268984,0.0581234,576,26309,26885,23.6732
2242,2243.png,5,-0.0955,4.98216,-0.092692,-0.0178361,0.00280801,576,26309,26885,43.0324
2243,2244.png,5,-0.10875,4.98216,-0.092692,-0.0178361,0.016058,576,26309,26885,30.4649
2244,2245.png,5,0.1347,4.99576,0.0883792,-0.00424337,-0.0463208,576,26309,26885,29.0087
2245,2246.png,5,0.12,4.99576,0.0883792,-0.00424337,-0.0316208,576,26309,26885,23.6307
2246,2247.png,5,0.3214,4.94592,0.24747,-0.0540838,-0.0739295,576,26309,26885,36.5527
2247,2248.png,5,0.31,4.94592,0.24747,-0.0540838,-0.0625295,576,26309,26885,33.0977
2248,2249.png,5,0.41615,4.94592,0.347949,-0.0540838,-0.0682008,576,26309,26885,35.0802
2249,2250.png,5,0.4094,4.94592,0.347949,-0.0540838,-0.0614507,576,26309,26885,37.5736
2250,2251.png,5,0.43775,4.96857,0.402375,-0.0314293,-0.0353752,576,26309,26885,44.226
2251,2252.png,5,0.435,4.96857,0.402375,-0.0314293,-0.0326252,576,26309,26885,33.36
2252,2253.png,5,0.383,4.95951,0.382489,-0.0404911,-0.000511467,576,26309,26885,35.6093
2253,2254.png,5,0.384,4.95951,0.382489,-0.0404911,-0.00151148,576,26309,26885,27.0325
2254,2255.png,5,0.30325,4.92326,0.325969,-0.0767388,0.0227194,576,26309,26885,28.5557
2255,2256.png,5,0.308,4.92326,0.325969,-0.0767388,0.0179694,576,26309,26885,27.4016
2256,2257.png,5,0.18475,4.95724,0.160598,-0.042757,-0.0241517,576,26309,26885,42.2049
2257,2258.png,5,0.192,4.95724,0.160598,-0.042757,-0.0314016,576,26309,26885,34.1024
2258,2259.png,5,0.0478,4.9731,0.0192998,-0.0268984,-0.0285002,576,26309,26885,28.6909
2259,2260.png,5,0.05655,4.9731,0.0192998,-0.0268984,-0.0372502,576,26309,26885,32.1138
2260,2261.png,5,-0.12745,4.97763,-0.114672,-0.022367,0.0127782,576,26309,26885,37.98
2261,2262.png,5,-0.11745,4.97763,-0.114672,-0.022367,0.00277819,576,26309,26885,27.7114
2262,2263.png,5,-0.3576,5.01841,-0.26539,0.0184116,0.0922103,576,26309,26885,34.4937
2263,2264.png,5,-0.345,5.01841,-0.26539,0.0184116,0.0796103,576,26309,26885,32.7462
2264,2265.png,5,-0.557,4.9731,-0.526006,-0.0268984,0.0309936,576,26309,26885,35.8124
2265,2266.png,5,-0.545,4.9731,-0.526006,-0.0268984,0.0189937,576,26309,26885,33.3842
2266,2267.png,5,-0.66145,4.94592,-0.691377,-0.0540838,-0.0299274,576,26309,26885,35.4986
2267,2268.png,5,-0.6532,4.94592,-0.691377,-0.0540838,-0.0381774,576,26309,26885,27.4345
2268,2269.png,5,-0.7235,4.94138,-0.745803,-0.0586152,-0.0223034,576,26309,26885,27.9624
2269,2270.png,5,-0.71775,4.94138,-0.745803,-0.0586152,-0.0280534,576,26309,26885,23.7266
2270,2271.png,5,-0.76375,4.99576,-0.732197,-0.00424337,0.031553,576,26309,26885,31.5641
2271,2272.png,5,-0.76125,4.99576,-0.732197,-0.00424337,0.029053,576,26309,26885,26.6167
2272,2273.png,5,-0.75665,4.99576,-0.72173,-0.00424337,0.0349195,576,26309,26885,28.7774
2273,2274.png,5,-0.7569,4.99576,-0.72173,-0.00424337,0.0351695,576,26309,26885,26.0999
2274,2275.png,5,-0.7201,4.97537,-0.704984,-0.0246329,0.015116,576,26309,26885,35.2033
2275,2276.png,5,-0.7221,4.97537,-0.704984,-0.0246329,0.017116,576,26309,26885,31.1955
2276,2277.png,5,-0.6393,4.98896,-0.618112,-0.0110397,0.0211881,576,26309,26885,28.9648
2277,2278.png,5,-0.6438,4.98896,-0.618112,-0.0110397,0.0256882,576,26309,26885,26.1126
2278,2279.png,5,-0.538,4.98216,-0.522866,-0.0178361,0.0151337,576,26309,26885,35.2764
2279,2280.png,5,-0.54375,4.98216,-0.522866,-0.0178361,0.0208837,576,26309,26885,27.7053
2280,2281.png,5,-0.41495,4.98216,-0.423434,-0.0178361,-0.0084843,576,26309,26885,35.7518
2281,2282.png,5,-0.42195,4.98216,-0.423434,-0.0178361,-0.0014843,576,26309,26885,25.4653
2282,2283.png,5,-0.28855,4.9731,-0.241317,-0.0268984,0.0472332,576,26309,26885,37.534
2283,2284.png,5,-0.2958,4.9731,-0.241317,-0.0268984,0.0544832,576,26309,26885,31.6519
2284,2285.png,5,-0.177,4.99349,-0.147118,-0.00650883,0.029882,576,26309,26885,37.7738
2285,2286.png,5,-0.184,4.99349,-0.147118,-0.00650883,0.036882,576,26309,26885,30.2817
2286,2287.png,5,-0.0675,5.00482,-0.0738522,0.00481844,-0.00635222,576,26309,26885,24.7267
2287,2288.png,5,-0.075,5.00482,-0.0738522,0.00481844,0.00114778,576,26309,26885,35.9755
2288,2289.png,5,0.0257,5.00482,0.0234865,0.00481844,-0.00221354,576,26309,26885,37.8058
2289,2290.png,5,0.02,5.00482,0.0234865,0.00481844,0.00348646,576,26309,26885,24.7888
2290,2291.png,5,0.0889,4.98443,0.0496529,-0.0155711,-0.0392471,576,26309,26885,36.0804
2291,2292.png,5,0.085,4.98443,0.0496529,-0.0155711,-0.0353471,576,26309,26885,29.0701
2292,2293.png,5,0.10245,4.98896,0.0527928,-0.0110397,-0.0496572,576,26309,26885,35.2087
2293,2294.png,5,0.1012,4.98896,0.0527928,-0.0110397,-0.0484072,576,26309,26885,29.171
2294,2295.png,5,0.0818,4.99349,0.0444195,-0.00650883,-0.0373805,576,26309,26885,35.8101
2295,2296.png,5,0.0828,4.99349,0.0444195,-0.00650883,-0.0383805,576,26309,26885,35.9963
2296,2297.png,5,0.0343,4.9731,0.0119734,-0.0268984,-0.0223266,576,26309,26885,35.0951
2297,2298.png,5,0.0368,4.9731,0.0119734,-0.0268984,-0.0248266,576,26309,26885,33.7426
2298,2299.png,5,-0.0505,5.00029,-0.047686,0.000287533,0.00281402,576,26309,26885,23.8389
2299,2300.png,5,-0.046,5.00029,-0.047686,0.000287533,-0.00168598,576,26309,26885,34.1494
2300,2301.png,5,-0.143,4.9731,-0.130372,-0.0268984,0.0126285,576,26309,26885,30.821
2301,2302.png,5,-0.138,4.9731,-0.130372,-0.0268984,0.00762849,576,26309,26885,35.6622
2302,2303.png,5,-0.2772,5.00935,-0.177471,0.00934982,0.0997292,576,26309,26885,38.4017
2303,2304.png,5,-0.27,5.00935,-0.177471,0.00934982,0.0925292,576,26309,26885,36.2473
2304,2305.png,13,-0.2107,5.02068,-0.318769,-7.97932,-0.108069,576,26309,26885,33.0487
2305,2306.png,13,-0.2052,5.02068,-0.318769,-7.97932,-0.113569,576,26309,26885,31.6555
2306,2307.png,5,-0.486,4.98669,-0.48414,-0.0133052,0.00185978,576,26309,26885,34.847
2307,2308.png,5,-0.48,4.98669,-0.48414,-0.0133052,-0.00414023,576,26309,26885,32.2111
2308,2309.png,5,-0.56285,4.97763,-0.566826,-0.022367,-0.00397575,576,26309,26885,37.877
2309,2310.png,5,-0.5566,4.97763,-0.566826,-0.022367,-0.0102258,576,26309,26885,34.1885
2310,2311.png,5,-0.86675,5.0388,-0.77511,0.0388007,0.0916403,576,26309,26885,35.3109
2311,2312.png,5,-0.84825,5.0388,-0.77511,0.0388007,0.0731403,576,26309,26885,35.1483
2312,2313.png,5,-0.76725,5.02521,-0.76569,0.025208,0.00156009,576,26309,26885,41.428
2313,2314.png,5,-0.768,5.02521,-0.76569,0.025208,0.0023101,576,26309,26885,26.0712
2314,2315.png,5,-0.6915,4.98443,-0.688238,-0.0155711,0.00326246,576,26309,26885,28.8765
2315,2316.png,5,-0.696,4.98443,-0.688238,-0.0155711,0.00776243,576,26309,26885,34.8634
2316,2317.png,5,-0.577,4.99123,-0.544846,-0.00877428,0.0321539,576,26309,26885,28.5258
2317,2318.png,5,-0.584,4.99123,-0.544846,-0.00877428,0.0391539,576,26309,26885,26.2304
2318,2319.png,5,-0.51175,5.01615,-0.51554,0.0161457,-0.00378984,576,26309,26885,37.5521
2319,2320.png,5,-0.516,5.01615,-0.51554,0.0161457,0.000460148,576,26309,26885,27.6491
2320,2321.png,5,-0.516,5.01615,-0.51554,0.0161457,0.000460148,576,26309,26885,38.0358
2321,2322.png,5,-0.4735,5.00029,-0.497747,0.000287533,-0.0242468,576,26309,26885,35.7212
2322,2323.png,5,-0.476,5.00029,-0.497747,0.000287533,-0.0217468,576,26309,26885,33.2272
2323,2324.png,5,-0.4505,5.00482,-0.47786,0.00481844,-0.0273603,576,26309,26885,35.3666
2324,2325.png,5,-0.452,5.00482,-0.47786,0.00481844,-0.0258603,576,26309,26885,33.6429
2325,2326.png,5,-0.435,5.00029,-0.457974,0.000287533,-0.022974,576,26309,26885,32.9883
2326,2327.png,5,-0.436,5.00029,-0.457974,0.000287533,-0.021974,576,26309,26885,23.8001
2327,2328.png,5,-0.419,4.99123,-0.428668,-0.00877428,-0.00966766,576,26309,26885,31.2622
2328,2329.png,5,-0.42,4.99123,-0.428668,-0.00877428,-0.00866768,576,26309,26885,31.6735
2329,2330.png,5,-0.40725,4.98443,-0.416108,-0.0155711,-0.00885785,576,26309,26885,29.4738
2330,2331.png,5,-0.408,4.98443,-0.416108,-0.0155711,-0.00810784,576,26309,26885,33.8003
2331,2332.png,5,-0.3995,4.9799,-0.385755,-0.020102,0.0137452,576,26309,26885,28.5333
2332,2333.png,5,-0.4,4.9799,-0.385755,-0.020102,0.0142452,576,26309,26885,38.7812
2333,2334.png,5,-0.38725,4.9731,-0.355402,-0.0268984,0.0318481,576,26309,26885,28.7094
2334,2335.png,5,-0.388,4.9731,-0.355402,-0.0268984,0.0325981,576,26309,26885,33.0851
2335,2336.png,5,-0.37525,4.97084,-0.334469,-0.0291638,0.0407812,576,26309,26885,35.7661
2336,2337.png,5,-0.376,4.97084,-0.334469,-0.0291638,0.0415311,576,26309,26885,32.0213
2337,2338.png,5,-0.3675,4.97537,-0.313536,-0.0246329,0.0539642,576,26309,26885,29.3165
2338,2339.png,5,-0.368,4.97537,-0.313536,-0.0246329,0.0544642,576,26309,26885,31.7594
2339,2340.png,5,-0.35525,4.9731,-0.289463,-0.0268984,0.0657872,576,26309,26885,29.1866
2340,2341.png,5,-0.356,4.9731,-0.289463,-0.0268984,0.0665372,576,26309,26885,32.4154
2341,2342.png,5,-0.34325,4.96177,-0.272716,-0.0382257,0.0705336,576,26309,26885,37.3225
2342,2343.png,5,-0.344,4.96177,-0.272716,-0.0382257,0.0712836,576,26309,26885,36.6115
2343,2344.png,5,-0.3355,4.96404,-0.247597,-0.0359602,0.0879033,576,26309,26885,34.7583
2344,2345.png,5,-0.336,4.96404,-0.247597,-0.0359602,0.0884033,576,26309,26885,35.2723
2345,2346.png,5,-0.32325,4.96404,-0.23399,-0.0359602,0.0892599,576,26309,26885,35.0182
2346,2347.png,5,-0.324,4.96404,-0.23399,-0.0359602,0.0900099,576,26309,26885,30.371
2347,2348.png,5,-0.31125,4.96404,-0.219337,-0.0359602,0.091913,576,26309,26885,33.283
2348,2349.png,5,-0.312,4.96404,-0.219337,-0.0359602,0.092663,576,26309,26885,35.5345
2349,2350.png,5,-0.295,4.95951,-0.223524,-0.0404911,0.0714764,576,26309,26885,35.4129
2350,2351.png,5,-0.296,4.95951,-0.223524,-0.0404911,0.0724764,576,26309,26885,34.8321
2351,2352.png,5,-0.296,4.95951,-0.223524,-0.0404911,0.0724764,576,26309,26885,38.1228
2352,2353.png,5,-0.279,4.96177,-0.203637,-0.0382257,0.0753628,576,26309,26885,37.5352
2353,2354.png,5,-0.28,4.96177,-0.203637,-0.0382257,0.0763627,576,26309,26885,28.9892
2354,2355.png,5,-0.26725,4.95045,-0.193171,-0.0495529,0.0740793,576,26309,26885,24.0017
2355,2356.png,5,-0.268,4.95045,-0.193171,-0.0495529,0.0748293,576,26309,26885,30.1727
2356,2357.png,5,-0.24675,4.95271,-0.183751,-0.0472879,0.0629992,576,26309,26885,35.37
2357,2358.png,5,-0.248,4.95271,-0.183751,-0.0472879,0.0642492,576,26309,26885,29.9102
2358,2359.png,5,-0.231,4.96177,-0.180611,-0.0382257,0.0503891,576,26309,26885,33.6232
2359,2360.png,5,-0.232,4.96177,-0.180611,-0.0382257,0.0513891,576,26309,26885,34.2031
2360,2361.png,5,-0.2293,4.9799,-0.168051,-0.020102,0.061249,576,26309,26885,35.2233
2361,2362.png,5,-0.23055,4.9799,-0.168051,-0.020102,0.062499,576,26309,26885,38.0524
2362,2363.png,5,-0.20295,4.98216,-0.150258,-0.0178361,0.052692,576,26309,26885,36.0533
2363,2364.png,5,-0.20445,4.98216,-0.150258,-0.0178361,0.054192,576,26309,26885,36.8004
2364,2365.png,5,-0.20445,4.98216,-0.150258,-0.0178361,0.054192,576,26309,26885,34.9557
2365,2366.png,5,-0.17685,4.98669,-0.128278,-0.0133052,0.0485718,576,26309,26885,37.302
2366,2367.png,5,-0.17835,4.98669,-0.128278,-0.0133052,0.0500718,576,26309,26885,34.2321
2367,2368.png,5,-0.17835,4.98669,-0.128278,-0.0133052,0.0500718,576,26309,26885,28.9723
2368,2369.png,5,-0.15075,5.00029,-0.112578,0.000287533,0.0381715,576,26309,26885,35.6297
2369,2370.png,5,-0.12005,4.98443,-0.092692,-0.0155711,0.027358,576,26309,26885,28.5537
2370,2371.png,5,-0.1218,4.98443,-0.092692,-0.0155711,0.029108,576,26309,26885,35.7321
2371,2372.png,5,-0.1218,4.98443,-0.092692,-0.0155711,0.029108,576,26309,26885,28.2627
2372,2373.png,5,-0.085,4.9731,-0.0633857,-0.0268984,0.0216143,576,26309,26885,29.3272
2373,2374.png,5,-0.087,4.9731,-0.0633857,-0.0268984,0.0236143,576,26309,26885,23.4613
2374,2375.png,5,-0.087,4.9731,-0.0633857,-0.0268984,0.0236143,576,26309,26885,35.0025
2375,2376.png,5,-0.0548,4.98896,-0.0393128,-0.0110397,0.0154872,576,26309,26885,35.5445
2376,2377.png,5,-0.05655,4.98896,-0.0393128,-0.0110397,0.0172372,576,26309,26885,31.7226
2377,2378.png,5,-0.05655,4.98896,-0.0393128,-0.0110397,0.0172372,576,26309,26885,35.7314
2378,2379.png,5,-0.02585,4.99123,0.00150702,-0.00877428,0.027357,576,26309,26885,28.8939
2379,2380.png,5,0.00635,4.99576,0.0245332,-0.00424337,0.0181832,576,26309,26885,34.7136
2380,2381.png,5,0.0046,4.99576,0.0245332,-0.00424337,0.0199332,576,26309,26885,24.1047
2381,2382.png,5,0.0046,4.99576,0.0245332,-0.00424337,0.0199332,576,26309,26885,35.3196
2382,2383.png,5,0.0046,4.99576,0.0245332,-0.00424337,0.0199332,576,26309,26885,25.6293
2383,2384.png,5,0.0337,5.00029,0.0266267,0.000287533,-0.0070733,576,26309,26885,23.7276
2384,2385.png,5,0.0322,5.00029,0.0266267,0.000287533,-0.0055733,576,26309,26885,35.3569
2385,2386.png,5,0.0322,5.00029,0.0266267,0.000287533,-0.0055733,576,26309,26885,31.3056
2386,2387.png,5,0.0615,4.99349,0.0475594,-0.00650883,-0.0139406,576,26309,26885,34.6976
2387,2388.png,5,0.06,4.99349,0.0475594,-0.00650883,-0.0124406,576,26309,26885,33.7037
2388,2389.png,5,0.06,4.99349,0.0475594,-0.00650883,-0.0124406,576,26309,26885,35.6767
2389,2390.png,5,0.0865,5.00708,0.0622127,0.00708389,-0.0242873,576,26309,26885,33.5364
2390,2391.png,5,0.1009,5.00482,0.0632595,0.00481844,-0.0376405,576,26309,26885,33.6616
2391,2392.png,5,0.1,5.00482,0.0632595,0.00481844,-0.0367405,576,26309,26885,36.3382
2392,2393.png,5,0.1,5.00482,0.0632595,0.00481844,-0.0367405,576,26309,26885,35.0643
2393,2394.png,5,0.1159,4.99802,0.0800059,-0.00197792,-0.0358941,576,26309,26885,37.8377
2394,2395.png,5,0.115,4.99802,0.0800059,-0.00197792,-0.0349941,576,26309,26885,23.8111
2395,2396.png,5,0.1203,4.99802,0.0831458,-0.00197792,-0.0371542,576,26309,26885,37.6565
2396,2397.png,5,0.12,4.99802,0.0831458,-0.00197792,-0.0368542,576,26309,26885,34.9156
2397,2398.png,5,0.12,4.99802,0.0831458,-0.00197792,-0.0368542,576,26309,26885,35.0941
2398,2399.png,5,0.1253,4.99802,0.0873324,-0.00197792,-0.0379676,576,26309,26885,28.5924
2399,2400.png,5,0.125,4.99802,0.0873324,-0.00197792,-0.0376676,576,26309,26885,33.9923
2400,2401.png,5,0.125,4.99802,0.0873324,-0.00197792,-0.0376676,576,26309,26885,35.5926
2401,2402.png,5,0.125,4.98443,0.091519,-0.0155711,-0.033481,576,26309,26885,35.7659
2402,2403.png,5,0.125,4.98443,0.091519,-0.0155711,-0.033481,576,26309,26885,29.9322
2403,2404.png,13,0.0675,4.98443,0.091519,-8.01557,0.024019,576,26309,26885,35.0782
2404,2405.png,13,0.0675,4.98443,0.091519,-8.01557,0.024019,576,26309,26885,35.6445
2405,2406.png,13,0.06455,4.99802,0.0873324,-8.00198,0.0227824,576,26309,26885,36.7044
2406,2407.png,13,0.0648,4.99802,0.0873324,-8.00198,0.0225324,576,26309,26885,35.3159
2407,2408.png,13,0.07365,4.98216,0.0967524,-8.01784,0.0231024,576,26309,26885,29.1421
2408,2409.png,13,0.0729,4.98216,0.0967524,-8.01784,0.0238524,576,26309,26885,37.0749
2409,2410.png,5,0.1933,4.99123,0.139665,-0.00877428,-0.0536347,576,26309,26885,37.1298
2410,2411.png,5,0.19,4.99123,0.139665,-0.00877428,-0.0503347,576,26309,26885,23.6145
2411,2412.png,5,0.19,4.99123,0.139665,-0.00877428,-0.0503347,576,26309,26885,23.6476
2412,2413.png,5,0.2377,4.96177,0.179438,-0.0382257,-0.0582621,576,26309,26885,41.5808
2413,2414.png,5,0.235,4.96177,0.179438,-0.0382257,-0.0555621,576,26309,26885,37.548
2414,2415.png,5,0.235,4.96177,0.179438,-0.0382257,-0.0555621,576,26309,26885,35.5305
2415,2416.png,5,0.23075,4.95271,0.216071,-0.0472879,-0.0146793,576,26309,26885,35.6378
2416,2417.png,5,0.23,4.95271,0.216071,-0.0472879,-0.0139293,576,26309,26885,25.9706
2417,2418.png,5,0.2203,4.9731,0.201418,-0.0268984,-0.0188823,576,26309,26885,35.9133
2418,2419.png,5,0.20625,4.9799,0.178391,-0.020102,-0.0278588,576,26309,26885,35.7198
2419,2420.png,5,0.207,4.9799,0.178391,-0.020102,-0.0286088,576,26309,26885,37.7644
2420,2421.png,5,0.1973,4.97084,0.164785,-0.0291638,-0.032515,576,26309,26885,35.7691
2421,2422.png,5,0.1978,4.97084,0.164785,-0.0291638,-0.033015,576,26309,26885,26.2425
2422,2423.png,5,0.1978,4.97084,0.164785,-0.0291638,-0.033015,576,26309,26885,29.172
2423,2424.png,5,0.2044,4.97084,0.160598,-0.0291638,-0.0438017,576,26309,26885,26.1841
2424,2425.png,5,0.205,4.97084,0.160598,-0.0291638,-0.0444016,576,26309,26885,35.4429
2425,2426.png,5,0.205,4.97084,0.160598,-0.0291638,-0.0444016,576,26309,26885,29.4265
2426,2427.png,5,0.1997,4.98216,0.162691,-0.0178361,-0.0370085,576,26309,26885,35.7133
2427,2428.png,5,0.2,4.98216,0.162691,-0.0178361,-0.0373085,576,26309,26885,29.4059
2428,2429.png,5,0.2,4.98216,0.162691,-0.0178361,-0.0373085,576,26309,26885,36.5714
2429,2430.png,5,0.1947,4.99349,0.155365,-0.00650883,-0.039335,576,26309,26885,34.3778
2430,2431.png,5,0.195,4.99349,0.155365,-0.00650883,-0.039635,576,26309,26885,34.8672
2431,2432.png,5,0.195,4.99349,0.155365,-0.00650883,-0.039635,576,26309,26885,35.5315
2432,2433.png,5,0.1844,4.98896,0.149085,-0.0110397,-0.0353151,576,26309,26885,36.3913
2433,2434.png,5,0.185,4.98896,0.149085,-0.0110397,-0.0359151,576,26309,26885,37.4154
2434,2435.png,5,0.1797,4.96857,0.139665,-0.0314293,-0.0400347,576,26309,26885,29.9655
2435,2436.png,5,0.18,4.96857,0.139665,-0.0314293,-0.0403347,576,26309,26885,37.5915
2436,2437.png,5,0.1747,4.9799,0.136525,-0.020102,-0.038175,576,26309,26885,35.5465
2437,2438.png,5,0.175,4.9799,0.136525,-0.020102,-0.038475,576,26309,26885,35.7012
2438,2439.png,5,0.175,4.9731,0.120825,-0.0268984,-0.0541747,576,26309,26885,31.3352
2439,2440.png,5,0.175,4.9731,0.120825,-0.0268984,-0.0541747,576,26309,26885,24.0401
2440,2441.png,5,0.175,4.9731,0.120825,-0.0268984,-0.0541747,576,26309,26885,35.485
2441,2442.png,5,0.1697,4.98216,0.126059,-0.0178361,-0.0436413,576,26309,26885,34.1559
2442,2443.png,5,0.17,4.98216,0.126059,-0.0178361,-0.0439413,576,26309,26885,38.3225
2443,2444.png,5,0.1647,4.98896,0.120825,-0.0110397,-0.0438747,576,26309,26885,28.7917
2444,2445.png,5,0.165,4.98896,0.120825,-0.0110397,-0.0441747,576,26309,26885,32.4302
2445,2446.png,5,0.165,4.98896,0.120825,-0.0110397,-0.0441747,576,26309,26885,37.252
2446,2447.png,5,0.165,4.98669,0.111405,-0.0133052,-0.0535946,576,26309,26885,29.2184
2447,2448.png,5,0.165,4.98669,0.111405,-0.0133052,-0.0535946,576,26309,26885,35.834
2448,2449.png,5,0.1597,4.98896,0.112452,-0.0110397,-0.0472479,576,26309,26885,33.0044
2449,2450.png,5,0.16,4.98896,0.112452,-0.0110397,-0.0475479,576,26309,26885,34.9893
2450,2451.png,5,0.16,4.9799,0.109312,-0.020102,-0.0506878,576,26309,26885,37.8349
2451,2452.png,5,0.16,4.9799,0.109312,-0.020102,-0.0506878,576,26309,26885,33.0127
2452,2453.png,5,0.1547,4.98443,0.113499,-0.0155711,-0.0412011,576,26309,26885,35.3586
2453,2454.png,5,0.155,4.98443,0.113499,-0.0155711,-0.0415011,576,26309,26885,31.9883
2454,2455.png,5,0.155,4.98896,0.110359,-0.0110397,-0.0446414,576,26309,26885,36.7016
2455,2456.png,5,0.155,4.98216,0.105126,-0.0178361,-0.0498744,576,26309,26885,31.8107
2456,2457.png,5,0.155,4.98216,0.105126,-0.0178361,-0.0498744,576,26309,26885,35.4645
2457,2458.png,5,0.1497,4.98443,0.109312,-0.0155711,-0.0403878,576,26309,26885,35.3664
2458,2459.png,5,0.15,4.98443,0.109312,-0.0155711,-0.0406878,576,26309,26885,28.6918
2459,2460.png,5,0.15,4.98896,0.109312,-0.0110397,-0.0406878,576,26309,26885,38.2235
2460,2461.png,5,0.15,4.98896,0.109312,-0.0110397,-0.0406878,576,26309,26885,35.8219
2461,2462.png,5,0.15,4.98896,0.109312,-0.0110397,-0.0406878,576,26309,26885,24.3541
2462,2463.png,5,0.15,4.97537,0.105126,-0.0246329,-0.0448744,576,26309,26885,33.3215
2463,2464.png,5,0.15,4.97537,0.105126,-0.0246329,-0.0448744,576,26309,26885,29.7548
2464,2465.png,5,0.1447,4.98669,0.104079,-0.0133052,-0.0406211,576,26309,26885,35.343
2465,2466.png,5,0.145,4.98669,0.104079,-0.0133052,-0.0409211,576,26309,26885,35.5918
2466,2467.png,5,0.145,4.98669,0.104079,-0.0133052,-0.0409211,576,26309,26885,33.7452
2467,2468.png,5,0.145,4.98669,0.104079,-0.0133052,-0.0409211,576,26309,26885,24.031
2468,2469.png,5,0.145,4.99123,0.104079,-0.00877428,-0.0409211,576,26309,26885,34.9944
2469,2470.png,5,0.145,4.99123,0.104079,-0.00877428,-0.0409211,576,26309,26885,35.7689
2470,2471.png,5,0.145,4.98896,0.103032,-0.0110397,-0.0419679,576,26309,26885,29.6276
2471,2472.png,5,0.145,4.98896,0.103032,-0.0110397,-0.0419679,576,26309,26885,31.1601
2472,2473.png,5,0.1397,4.98896,0.103032,-0.0110397,-0.0366679,576,26309,26885,35.6932
2473,2474.png,5,0.14,4.98669,0.105126,-0.0133052,-0.0348744,576,26309,26885,35.881
2474,2475.png,5,0.14,4.98669,0.105126,-0.0133052,-0.0348744,576,26309,26885,30.2497
2475,2476.png,5,0.14,4.98669,0.105126,-0.0133052,-0.0348744,576,26309,26885,41.8301
2476,2477.png,5,0.14,4.9799,0.0977988,-0.020102,-0.0422012,576,26309,26885,35.9028
2477,2478.png,5,0.14,4.97763,0.103032,-0.022367,-0.0369679,576,26309,26885,28.8575
2478,2479.png,5,0.14,4.97763,0.103032,-0.022367,-0.0369679,576,26309,26885,35.9175
2479,2480.png,5,0.1347,4.97763,0.103032,-0.022367,-0.0316679,576,26309,26885,37.3405
2480,2481.png,5,0.135,4.97763,0.103032,-0.022367,-0.0319679,576,26309,26885,34.0626
2481,2482.png,5,0.135,4.97763,0.0998923,-0.022367,-0.0351077,576,26309,26885,37.8198
2482,2483.png,5,0.135,4.97763,0.0998923,-0.022367,-0.0351077,576,26309,26885,31.3585
2483,2484.png,5,0.135,4.98669,0.101985,-0.0133052,-0.0330146,576,26309,26885,35.1565
2484,2485.png,5,0.135,4.98669,0.101985,-0.0133052,-0.0330146,576,26309,26885,26.8072
2485,2486.png,5,0.135,4.98669,0.101985,-0.0133052,-0.0330146,576,26309,26885,35.6748
2486,2487.png,5,0.135,4.9799,0.0998923,-0.020102,-0.0351077,576,26309,26885,41.741
2487,2488.png,5,0.135,4.9799,0.0998923,-0.020102,-0.0351077,576,26309,26885,34.159
2488,2489.png,5,0.135,4.97537,0.0946589,-0.0246329,-0.0403411,576,26309,26885,25.7915
2489,2490.png,5,0.135,4.97537,0.0946589,-0.0246329,-0.0403411,576,26309,26885,35.0524
2490,2491.png,5,0.1297,4.98216,0.0998923,-0.0178361,-0.0298077,576,26309,26885,31.7729
2491,2492.png,5,0.13,4.98896,0.0967524,-0.0110397,-0.0332476,576,26309,26885,25.2157
2492,2493.png,5,0.13,4.98896,0.0967524,-0.0110397,-0.0332476,576,26309,26885,37.6978
2493,2494.png,5,0.13,4.98896,0.0967524,-0.0110397,-0.0332476,576,26309,26885,35.6773
2494,2495.png,5,0.13,4.99349,0.0936121,-0.00650883,-0.0363878,576,26309,26885,35.4349
2495,2496.png,5,0.13,4.99576,0.0998923,-0.00424337,-0.0301077,576,26309,26885,23.5953
2496,2497.png,5,0.13,4.99576,0.0998923,-0.00424337,-0.0301077,576,26309,26885,35.3936
2497,2498.png,5,0.13,4.99576,0.0998923,-0.00424337,-0.0301077,576,26309,26885,35.214
2498,2499.png,5,0.13,4.99802,0.0967524,-0.00197792,-0.0332476,576,26309,26885,35.7081
2499,2500.png,5,0.13,5.00255,0.0988455,0.00255299,-0.0311545,576,26309,26885,37.6733
2500,2501.png,5,0.13,5.00255,0.0988455,0.00255299,-0.0311545,576,26309,26885,34.9533
2501,2502.png,5,0.13,5.00255,0.0988455,0.00255299,-0.0311545,576,26309,26885,36.6819
2502,2503.png,5,0.1247,4.99123,0.0883792,-0.00877428,-0.0363208,576,26309,26885,35.6042
2503,2504.png,5,0.125,4.99123,0.0883792,-0.00877428,-0.0366208,576,26309,26885,34.2012
2504,2505.png,5,0.125,4.99802,0.0957056,-0.00197792,-0.0292944,576,26309,26885,33.0284
2505,2506.png,5,0.125,4.99802,0.0957056,-0.00197792,-0.0292944,576,26309,26885,35.0597
2506,2507.png,5,0.125,5.00255,0.0852389,0.00255299,-0.0397611,576,26309,26885,35.1585
2507,2508.png,5,0.125,5.00255,0.0852389,0.00255299,-0.0397611,576,26309,26885,28.6254
2508,2509.png,5,0.125,4.99576,0.0883792,-0.00424337,-0.0366208,576,26309,26885,29.0652
2509,2510.png,5,0.125,4.99576,0.0883792,-0.00424337,-0.0366208,576,26309,26885,37.5569
2510,2511.png,5,0.125,5.00029,0.0852389,0.000287533,-0.0397611,576,26309,26885,35.4669
2511,2512.png,5,0.125,5.00029,0.0852389,0.000287533,-0.0397611,576,26309,26885,36.2556
2512,2513.png,5,0.1197,4.99802,0.0957056,-0.00197792,-0.0239944,576,26309,26885,35.117
2513,2514.png,5,0.12,4.99802,0.0957056,-0.00197792,-0.0242944,576,26309,26885,30.7072
2514,2515.png,5,0.12,4.98896,0.091519,-0.0110397,-0.028481,576,26309,26885,34.7746
2515,2516.png,5,0.12,4.98896,0.091519,-0.0110397,-0.028481,576,26309,26885,40.8335
2516,2517.png,5,0.12,5.00482,0.0820991,0.00481844,-0.0379009,576,26309,26885,36.3931
2517,2518.png,5,0.12,5.00482,0.0820991,0.00481844,-0.0379009,576,26309,26885,33.1463
2518,2519.png,5,0.12,4.99576,0.0883792,-0.00424337,-0.0316208,576,26309,26885,34.9246
2519,2520.png,5,0.12,4.99576,0.0883792,-0.00424337,-0.0316208,576,26309,26885,38.4625
2520,2521.png,5,0.12,5.00255,0.0957056,0.00255299,-0.0242944,576,26309,26885,29.9787
2521,2522.png,5,0.12,5.00255,0.0957056,0.00255299,-0.0242944,576,26309,26885,35.0823
2522,2523.png,5,0.12,5.00482,0.0820991,0.00481844,-0.0379009,576,26309,26885,23.6979
2523,2524.png,5,0.12,5.00482,0.0820991,0.00481844,-0.0379009,576,26309,26885,23.6893
2524,2525.png,5,0.1147,5.00708,0.0862857,0.00708389,-0.0284143,576,26309,26885,35.4295
2525,2526.png,5,0.115,5.00708,0.0862857,0.00708389,-0.0287143,576,26309,26885,34.4617
2526,2527.png,5,0.115,5.00029,0.0841926,0.000287533,-0.0308075,576,26309,26885,29.4534
2527,2528.png,5,0.115,5.00029,0.0841926,0.000287533,-0.0308075,576,26309,26885,37.9007
2528,2529.png,5,0.115,4.99802,0.0841926,-0.00197792,-0.0308075,576,26309,26885,23.6379
2529,2530.png,5,0.115,4.99802,0.0841926,-0.00197792,-0.0308075,576,26309,26885,36.963
2530,2531.png,5,0.115,4.99802,0.0820991,-0.00197792,-0.0329009,576,26309,26885,35.3715
2531,2532.png,5,0.115,4.99802,0.0820991,-0.00197792,-0.0329009,576,26309,26885,34.3134
2532,2533.png,5,0.115,4.99802,0.0820991,-0.00197792,-0.0329009,576,26309,26885,34.0812
2533,2534.png,5,0.115,4.99802,0.0820991,-0.00197792,-0.0329009,576,26309,26885,33.186
2534,2535.png,5,0.1097,5.00029,0.0841926,0.000287533,-0.0255075,576,26309,26885,34.4894
2535,2536.png,5,0.11,5.00029,0.0841926,0.000287533,-0.0258074,576,26309,26885,33.7055
2536,2537.png,5,0.11,4.99576,0.0820991,-0.00424337,-0.0279009,576,26309,26885,35.5444
2537,2538.png,5,0.11,4.99576,0.0820991,-0.00424337,-0.0279009,576,26309,26885,37.3205
2538,2539.png,5,0.11,5.00029,0.0800059,0.000287533,-0.0299941,576,26309,26885,35.438
2539,2540.png,5,0.11,5.00029,0.0800059,0.000287533,-0.0299941,576,26309,26885,31.4107
2540,2541.png,5,0.11,5.00029,0.0820991,0.000287533,-0.0279009,576,26309,26885,35.6639
2541,2542.png,5,0.11,5.00029,0.0820991,0.000287533,-0.0279009,576,26309,26885,33.5562
2542,2543.png,5,0.11,4.99802,0.0841926,-0.00197792,-0.0258074,576,26309,26885,35.4587
2543,2544.png,5,0.11,4.99802,0.0841926,-0.00197792,-0.0258074,576,26309,26885,35.0671
2544,2545.png,5,0.1047,4.98216,0.0820991,-0.0178361,-0.0226009,576,26309,26885,35.862
2545,2546.png,5,0.105,4.98216,0.0820991,-0.0178361,-0.0229009,576,26309,26885,35.8589
2546,2547.png,5,0.105,5.00029,0.0800059,0.000287533,-0.0249941,576,26309,26885,35.8374
2547,2548.png,5,0.105,5.00029,0.0800059,0.000287533,-0.0249941,576,26309,26885,33.641
2548,2549.png,5,0.105,5.00029,0.0800059,0.000287533,-0.0249941,576,26309,26885,35.5484
2549,2550.png,5,0.105,5.00029,0.0800059,0.000287533,-0.0249941,576,26309,26885,35.4112
2550,2551.png,5,0.105,4.99576,0.0831458,-0.00424337,-0.0218542,576,26309,26885,23.6787
2551,2552.png,5,0.105,4.99576,0.0831458,-0.00424337,-0.0218542,576,26309,26885,24.3498
2552,2553.png,5,0.105,4.99802,0.091519,-0.00197792,-0.013481,576,26309,26885,34.4705
2553,2554.png,5,0.105,4.99802,0.091519,-0.00197792,-0.013481,576,26309,26885,33.3095
2554,2555.png,5,0.0997,4.99349,0.0904723,-0.00650883,-0.00922772,576,26309,26885,37.4264
2555,2556.png,5,0.1,4.99349,0.0904723,-0.00650883,-0.00952772,576,26309,26885,31.852
2556,2557.png,5,0.1,4.99349,0.103032,-0.00650883,0.00303213,576,26309,26885,38.3255
2557,2558.png,5,0.1,4.99349,0.103032,-0.00650883,0.00303213,576,26309,26885,35.7374
2558,2559.png,5,0.1,4.99123,0.107219,-0.00877428,0.00721874,576,26309,26885,34.772
2559,2560.png,5,0.1,4.99123,0.107219,-0.00877428,0.00721874,576,26309,26885,40.7271
2560,2561.png,5,0.1424,4.98443,0.148039,-0.0155711,0.00563851,576,26309,26885,33.2794
2561,2562.png,5,0.14,4.98443,0.148039,-0.0155711,0.00803851,576,26309,26885,32.6871
2562,2563.png,5,0.2354,4.96404,0.211884,-0.0359602,-0.0235159,576,26309,26885,35.3732
2563,2564.png,5,0.23,4.96404,0.211884,-0.0359602,-0.0181159,576,26309,26885,34.1238
2564,2565.png,5,0.389,4.95724,0.316549,-0.042757,-0.0724505,576,26309,26885,33.9165
2565,2566.png,5,0.38,4.95724,0.316549,-0.042757,-0.0634505,576,26309,26885,32.3923
2566,2567.png,5,0.5533,4.95724,0.477734,-0.042757,-0.0755661,576,26309,26885,35.7906
2567,2568.png,5,0.5428,4.95724,0.477734,-0.042757,-0.0650661,576,26309,26885,33.276
2568,2569.png,5,0.7571,4.85756,0.750911,-0.142438,-0.00618941,576,26309,26885,28.6943
2569,2570.png,5,0.74385,4.85756,0.750911,-0.142438,0.00706059,576,26309,26885,33.7082
2570,2571.png,5,1.02445,4.77827,1.0199,-0.22173,-0.00454974,576,26309,26885,35.7486
2571,2572.png,5,1.0092,4.77827,1.0199,-0.22173,0.0107002,576,26309,26885,28.0225
2572,2573.png,5,1.3404,4.665,1.19888,-0.335005,-0.141522,576,26309,26885,35.6302
2573,2574.png,5,1.3224,4.665,1.19888,-0.335005,-0.123522,576,26309,26885,29.4862
2574,2575.png,5,1.55175,4.83264,1.28156,-0.167358,-0.270187,576,26309,26885,29.465
2575,2576.png,5,1.532,4.83264,1.28156,-0.167358,-0.250437,576,26309,26885,32.9042
2576,2577.png,5,1.872,4.96631,1.52125,-0.0336947,-0.350753,576,26309,26885,35.564
2577,2578.png,5,1.852,4.96631,1.52125,-0.0336947,-0.330753,576,26309,26885,31.619
2578,2579.png,5,1.76025,4.80319,1.87711,-0.19681,0.116859,576,26309,26885,37.8627
2579,2580.png,5,1.742,4.80319,1.87711,-0.19681,0.135109,576,26309,26885,23.7117
2580,2581.png,5,1.896,4.66273,1.68557,-0.33727,-0.210428,576,26309,26885,33.7279
2581,2582.png,5,1.885,4.66273,1.68557,-0.33727,-0.199428,576,26309,26885,34.5193
2582,2583.png,5,1.955,4.62422,1.47205,-0.375783,-0.482946,576,26309,26885,39.8396
2583,2584.png,5,1.95,4.62422,1.47205,-0.375783,-0.477946,576,26309,26885,35.7117
2584,2585.png,5,1.9885,4.64687,1.36844,-0.353128,-0.620064,576,26309,26885,33.5418
2585,2586.png,5,1.98575,4.64687,1.36844,-0.353128,-0.617314,576,26309,26885,32.5849
2586,2587.png,5,1.95775,4.63781,1.39879,-0.362191,-0.558961,576,26309,26885,28.8164
2587,2588.png,5,1.95975,4.63781,1.39879,-0.362191,-0.560961,576,26309,26885,28.2605
2588,2589.png,5,1.88975,4.64461,1.49299,-0.355394,-0.396763,576,26309,26885,38.3511
2589,2590.png,5,1.89475,4.64461,1.49299,-0.355394,-0.401763,576,26309,26885,35.527
2590,2591.png,5,1.75825,4.72616,1.58509,-0.273837,-0.173157,576,26309,26885,25.3977
2591,2592.png,5,1.768,4.72616,1.58509,-0.273837,-0.182907,576,26309,26885,30.6424
2592,2593.png,5,1.523,4.81225,1.57253,-0.187748,0.0495329,576,26309,26885,35.6211
2593,2594.png,5,1.5405,4.81225,1.57253,-0.187748,0.0320328,576,26309,26885,29.5853
2594,2595.png,5,1.257,4.7896,1.33599,-0.210403,0.0789894,576,26309,26885,31.1081
2595,2596.png,5,1.27725,4.7896,1.33599,-0.210403,0.0587393,576,26309,26885,29.7548
2596,2597.png,5,1.0455,4.70124,0.978034,-0.298757,-0.067466,576,26309,26885,36.4187
2597,2598.png,5,1.0675,4.70124,0.978034,-0.298757,-0.0894659,576,26309,26885,30.1153
2598,2599.png,5,0.74125,4.91646,0.75719,-0.0835357,0.0159403,576,26309,26885,29.2743
2599,2600.png,5,0.763,4.91646,0.75719,-0.0835357,-0.00580972,576,26309,26885,27.8699
2600,2601.png,5,0.4815,4.95724,0.55728,-0.042757,0.0757796,576,26309,26885,35.4695
2601,2602.png,5,0.5025,4.95724,0.55728,-0.042757,0.0547796,576,26309,26885,32.9025
2602,2603.png,5,0.2045,4.93459,0.320736,-0.0654116,0.116236,576,26309,26885,35.9592
2603,2604.png,5,0.224,4.93459,0.320736,-0.0654116,0.096736,576,26309,26885,40.5995
2604,2605.png,5,-0.0692,4.9799,-0.0152396,-0.020102,0.0539604,576,26309,26885,39.661
2605,2606.png,5,-0.0522,4.9799,-0.0152396,-0.020102,0.0369604,576,26309,26885,36.9699
2606,2607.png,5,-0.325,4.95951,-0.170144,-0.0404911,0.154856,576,26309,26885,38.4175
2607,2608.png,5,-0.31,4.95951,-0.170144,-0.0404911,0.139856,576,26309,26885,24.4459
2608,2609.png,5,-0.4307,4.93912,-0.333422,-0.0608807,0.0972779,576,26309,26885,32.91
2609,2610.png,5,-0.4232,4.93912,-0.333422,-0.0608807,0.0897779,576,26309,26885,35.5829
2610,2611.png,5,-0.4278,4.96177,-0.295743,-0.0382257,0.132057,576,26309,26885,36.0762
2611,2612.png,5,-0.4263,4.96177,-0.295743,-0.0382257,0.130557,576,26309,26885,33.2677
2612,2613.png,5,-0.307,4.95951,-0.21515,-0.0404911,0.0918497,576,26309,26885,29.1249
2613,2614.png,5,-0.312,4.95951,-0.21515,-0.0404911,0.0968497,576,26309,26885,35.415
2614,2615.png,5,-0.142,4.96177,-0.0675723,-0.0382257,0.0744277,576,26309,26885,35.7013
2615,2616.png,5,-0.152,4.96177,-0.0675723,-0.0382257,0.0844277,576,26309,26885,35.5821
2616,2617.png,5,0.0969,4.99576,0.123965,-0.00424337,0.0270652,576,26309,26885,33.5761
2617,2618.png,5,0.08265,4.99576,0.123965,-0.00424337,0.0413152,576,26309,26885,28.9056
2618,2619.png,5,0.4172,4.97763,0.302943,-0.022367,-0.114257,576,26309,26885,30.8948
2619,2620.png,5,0.4002,4.97763,0.302943,-0.022367,-0.0972572,576,26309,26885,35.5781
2620,2621.png,5,0.8272,4.89154,0.656712,-0.108456,-0.170488,576,26309,26885,42.8745
2621,2622.png,5,0.805,4.89154,0.656712,-0.108456,-0.148288,576,26309,26885,35.7129
2622,2623.png,5,1.10435,4.71484,1.0827,-0.285164,-0.0216506,576,26309,26885,38.3197
2623,2624.png,5,1.0856,4.71484,1.0827,-0.285164,-0.0029006,576,26309,26885,29.0137
2624,2625.png,11,0.78745,4.67179,1.14969,-6.32821,0.362235,576,26309,26885,38.1692
2625,2626.png,11,0.7722,4.67179,1.14969,-6.32821,0.377485,576,26309,26885,27.6175
2626,2627.png,5,1.48975,4.70804,1.2083,-0.29196,-0.281452,576,26309,26885,37.001
2627,2628.png,5,1.479,4.70804,1.2083,-0.29196,-0.270702,576,26309,26885,30.7815
2628,2629.png,5,1.55125,4.81225,1.24912,-0.187748,-0.302133,576,26309,26885,39.9972
2629,2630.png,5,1.54,4.81225,1.24912,-0.187748,-0.290883,576,26309,26885,41.9338
2630,2631.png,5,1.81475,4.76694,1.84048,-0.233058,0.0257263,576,26309,26885,36.3805
2631,2632.png,5,1.7745,4.76694,1.84048,-0.233058,0.0659763,576,26309,26885,25.8321
2632,2633.png,5,1.7885,4.776,1.72744,-0.223996,-0.0610623,576,26309,26885,35.1811
2633,2634.png,5,1.7875,4.776,1.72744,-0.223996,-0.0600624,576,26309,26885,32.2393
2634,2635.png,5,1.7385,4.80772,1.69499,-0.192279,-0.0435085,576,26309,26885,36.467
2635,2636.png,5,1.742,4.80772,1.69499,-0.192279,-0.0470085,576,26309,26885,23.8471
2636,2637.png,5,1.6125,4.86209,1.60707,-0.137908,-0.00542736,576,26309,26885,35.7298
2637,2638.png,5,1.62175,4.86209,1.60707,-0.137908,-0.0146774,576,26309,26885,27.7474
2638,2639.png,5,1.45025,4.89154,1.52543,-0.108456,0.0751837,576,26309,26885,37.1195
2639,2640.png,5,1.4625,4.89154,1.52543,-0.108456,0.0629338,576,26309,26885,34.4638
2640,2641.png,5,1.5395,4.8553,1.4574,-0.144703,-0.0820987,576,26309,26885,35.6121
2641,2642.png,5,1.54875,4.8553,1.4574,-0.144703,-0.0913488,576,26309,26885,35.7726
2642,2643.png,5,1.53675,4.87569,1.42914,-0.124314,-0.107608,576,26309,26885,29.3228
2643,2644.png,5,1.5375,4.87569,1.42914,-0.124314,-0.108358,576,26309,26885,34.6621
2644,2645.png,5,1.5855,4.88928,1.45949,-0.110722,-0.126006,576,26309,26885,33.0517
2645,2646.png,5,1.5825,4.88928,1.45949,-0.110722,-0.123006,576,26309,26885,32.6695
2646,2647.png,5,1.4275,4.88475,1.49403,-0.115252,0.066534,576,26309,26885,38.4851
2647,2648.png,5,1.4235,4.88475,1.49403,-0.115252,0.0705341,576,26309,26885,27.7411
2648,2649.png,5,1.469,4.89608,1.50345,-0.103925,0.034454,576,26309,26885,35.7073
2649,2650.png,5,1.46575,4.89608,1.50345,-0.103925,0.037704,576,26309,26885,29.094
2650,2651.png,5,1.48325,4.88928,1.52439,-0.110722,0.041137,576,26309,26885,29.129
2651,2652.png,5,1.482,4.88928,1.52439,-0.110722,0.042387,576,26309,26885,33.8221
2652,2653.png,5,1.447,4.87342,1.52125,-0.12658,0.0742471,576,26309,26885,35.1032
2653,2654.png,5,1.4495,4.87342,1.52125,-0.12658,0.0717472,576,26309,26885,36.2462
2654,2655.png,5,1.3445,4.8553,1.46368,-0.144703,0.119181,576,26309,26885,36.7568
2655,2656.png,5,1.352,4.8553,1.46368,-0.144703,0.111681,576,26309,26885,34.5374
2656,2657.png,5,1.392,4.80772,1.27842,-0.192279,-0.113576,576,26309,26885,37.1943
2657,2658.png,5,1.4025,4.80772,1.27842,-0.192279,-0.124076,576,26309,26885,28.1697
2658,2659.png,5,1.2065,4.67632,1.07119,-0.323677,-0.135314,576,26309,26885,38.1623
2659,2660.png,5,1.21875,4.67632,1.07119,-0.323677,-0.147564,576,26309,26885,32.746
2660,2661.png,5,0.93125,4.83264,0.947681,-0.167358,0.0164311,576,26309,26885,35.4944
2661,2662.png,5,0.945,4.83264,0.947681,-0.167358,0.00268108,576,26309,26885,28.6602
2662,2663.png,5,0.7685,4.94138,0.76033,-0.0586152,-0.00816983,576,26309,26885,30.8731
2663,2664.png,5,0.78375,4.94138,0.76033,-0.0586152,-0.0234199,576,26309,26885,23.5686
2664,2665.png,5,0.54775,4.93685,0.593912,-0.0631461,0.0461624,576,26309,26885,36.6816
2665,2666.png,5,0.5625,4.93685,0.593912,-0.0631461,0.0314124,576,26309,26885,35.6395
2666,2667.png,5,0.379,4.98443,0.464128,-0.0155711,0.0851277,576,26309,26885,32.6695
2667,2668.png,5,0.392,4.98443,0.464128,-0.0155711,0.0721277,576,26309,26885,28.7268
2668,2669.png,5,0.205,4.93685,0.27573,-0.0631461,0.07073,576,26309,26885,34.4831
2669,2670.png,5,0.216,4.93685,0.27573,-0.0631461,0.05973,576,26309,26885,24.2686
2670,2671.png,5,0.0831,4.99576,0.101985,-0.00424337,0.0188854,576,26309,26885,35.6427
2671,2672.png,5,0.09135,4.99576,0.101985,-0.00424337,0.0106354,576,26309,26885,35.7074
2672,2673.png,5,0.0096,4.99576,0.0601192,-0.00424337,0.0505192,576,26309,26885,35.718
2673,2674.png,5,0.015,4.99576,0.0601192,-0.00424337,0.0451192,576,26309,26885,34.6596
2674,2675.png,5,-0.0009,5.00029,0.0454663,0.000287533,0.0463663,576,26309,26885,35.5501
2675,2676.png,5,-0,5.00029,0.0454663,0.000287533,0.0454663,576,26309,26885,25.042
2676,2677.png,13,0.0354,4.99576,0.070586,-8.00424,0.035186,576,26309,26885,35.0442
2677,2678.png,13,0.0324,4.99576,0.070586,-8.00424,0.038186,576,26309,26885,28.7312
2678,2679.png,13,0.1032,4.9731,0.184671,-8.0269,0.0814713,576,26309,26885,41.6323
2679,2680.png,13,0.0972,4.9731,0.184671,-8.0269,0.0874713,576,26309,26885,29.2157
2680,2681.png,5,0.4344,4.9731,0.347949,-0.0268984,-0.0864508,576,26309,26885,29.1854
2681,2682.png,5,0.42,4.9731,0.347949,-0.0268984,-0.0720508,576,26309,26885,35.7009
2682,2683.png,5,1.1106,4.79639,1.03351,-0.203606,-0.0770931,576,26309,26885,37.657
2683,2684.png,5,1.0701,4.79639,1.03351,-0.203606,-0.0365931,576,26309,26885,28.1111
2684,2685.png,5,1.8085,4.95045,1.45426,-0.0495529,-0.354239,576,26309,26885,36.7598
2685,2686.png,5,1.76,4.95045,1.45426,-0.0495529,-0.305739,576,26309,26885,30.4321
2686,2687.png,5,1.5875,4.90514,1.56521,-0.0948629,-0.0222936,576,26309,26885,37.5206
2687,2688.png,5,1.57625,4.90514,1.56521,-0.0948629,-0.0110435,576,26309,26885,34.7819
2688,2689.png,5,1.55875,4.86889,1.5673,-0.131111,0.00854993,576,26309,26885,31.2755
2689,2690.png,5,1.56,4.86889,1.5673,-0.131111,0.00730002,576,26309,26885,24.0206
2690,2691.png,5,1.3745,4.84623,1.36425,-0.153766,-0.010251,576,26309,26885,38.62
2691,2692.png,5,1.38775,4.84623,1.36425,-0.153766,-0.023501,576,26309,26885,23.6015
2692,2693.png,5,1.34525,4.74882,1.11096,-0.251182,-0.234291,576,26309,26885,23.6355
2693,2694.png,5,1.36125,4.74882,1.11096,-0.251182,-0.250291,576,26309,26885,35.2509
2694,2695.png,5,0.96675,4.83038,0.885929,-0.169624,-0.0808215,576,26309,26885,29.0864
2695,2696.png,5,0.987,4.83038,0.885929,-0.169624,-0.101071,576,26309,26885,27.4644
2696,2697.png,5,0.63825,4.93459,0.591819,-0.0654116,-0.0464308,576,26309,26885,33.9462
2697,2698.png,5,0.6615,4.93459,0.591819,-0.0654116,-0.0696808,576,26309,26885,29.5949
2698,2699.png,5,0.28475,4.90287,0.363649,-0.0971284,0.0788989,576,26309,26885,34.6884
2699,2700.png,5,0.31125,4.90287,0.363649,-0.0971284,0.0523989,576,26309,26885,34.3587
2700,2701.png,5,-0.1185,4.97084,-0.120952,-0.0291638,-0.00245173,576,26309,26885,35.6979
2701,2702.png,5,-0.092,4.97084,-0.120952,-0.0291638,-0.0289517,576,26309,26885,32.1576
2702,2703.png,5,-0.60535,4.99349,-0.567873,-0.00650883,0.0374775,576,26309,26885,34.5736
2703,2704.png,5,-0.5796,4.99349,-0.567873,-0.00650883,0.0117275,576,26309,26885,33.6974
2704,2705.png,5,-0.5796,4.99349,-0.567873,-0.00650883,0.0117275,576,26309,26885,34.673
2705,2706.png,5,-0.9967,5.07731,-0.951994,0.0773144,0.0447059,576,26309,26885,29.6669
2706,2707.png,5,-0.9752,5.07731,-0.951994,0.0773144,0.0232059,576,26309,26885,25.7227
2707,2708.png,9,-0.6328,5.02521,-1.07131,-3.97479,-0.438513,576,26309,26885,37.0021
2708,2709.png,9,-0.6223,5.02521,-1.07131,-3.97479,-0.449013,576,26309,26885,29.5316
2709,2710.png,5,-1.14775,4.99802,-1.04619,-0.00197792,0.101557,576,26309,26885,35.6012
2710,2711.png,5,-1.14,4.99802,-1.04619,-0.00197792,0.0938071,576,26309,26885,29.004
2711,2712.png,5,-1.14,4.99802,-1.04619,-0.00197792,0.0938071,576,26309,26885,38.135
2712,2713.png,5,-1.10875,4.99123,-1.06294,-0.00877428,0.0458107,576,26309,26885,35.7205
2713,2714.png,5,-1.10625,4.99123,-1.06294,-0.00877428,0.0433108,576,26309,26885,33.1694
2714,2715.png,5,-1.24225,4.99123,-1.18749,-0.00877428,0.0547589,576,26309,26885,35.3492
2715,2716.png,5,-1.23375,4.99123,-1.18749,-0.00877428,0.0462589,576,26309,26885,28.4484
2716,2717.png,5,-1.11375,4.98443,-1.06399,-0.0155711,0.049764,576,26309,26885,28.5858
2717,2718.png,5,-1.12125,4.98443,-1.06399,-0.0155711,0.0572641,576,26309,26885,35.1616
2718,2719.png,5,-1.12125,4.98443,-1.06399,-0.0155711,0.0572641,576,26309,26885,38.3344
2719,2720.png,5,-0.8815,5.02974,-0.892335,0.0297389,-0.0108349,576,26309,26885,32.2877
2720,2721.png,5,-0.8925,5.02974,-0.892335,0.0297389,0.000165105,576,26309,26885,27.266
2721,2722.png,5,-0.67125,4.93912,-0.692424,-0.0608807,-0.0211742,576,26309,26885,33.1251
2722,2723.png,5,-0.686,4.93912,-0.692424,-0.0608807,-0.00642419,576,26309,26885,35.3535
2723,2724.png,5,-0.686,4.93912,-0.692424,-0.0608807,-0.00642419,576,26309,26885,35.182
2724,2725.png,5,-0.451,4.96177,-0.468441,-0.0382257,-0.0174405,576,26309,26885,34.8452
2725,2726.png,5,-0.46875,4.96177,-0.468441,-0.0382257,0.000309497,576,26309,26885,27.8228
2726,2727.png,5,-0.46875,4.96177,-0.468441,-0.0382257,0.000309497,576,26309,26885,36.8037
2727,2728.png,5,-0.22075,4.9731,-0.213057,-0.0268984,0.00769296,576,26309,26885,34.5736
2728,2729.png,5,-0.23625,4.9731,-0.213057,-0.0268984,0.023193,576,26309,26885,32.8605
2729,2730.png,5,-0.23625,4.9731,-0.213057,-0.0268984,0.023193,576,26309,26885,38.6206
2730,2731.png,5,0.003,4.98216,0.0266267,-0.0178361,0.0236267,576,26309,26885,37.8476
2731,2732.png,5,-0.012,4.98216,0.0266267,-0.0178361,0.0386267,576,26309,26885,24.5571
2732,2733.png,5,-0.012,4.98216,0.0266267,-0.0178361,0.0386267,576,26309,26885,29.7605
2733,2734.png,5,0.23075,4.99349,0.207697,-0.00650883,-0.0230525,576,26309,26885,37.4738
2734,2735.png,5,0.2175,4.99349,0.207697,-0.00650883,-0.00980252,576,26309,26885,33.3469
2735,2736.png,5,0.5521,4.98443,0.404468,-0.0155711,-0.147632,576,26309,26885,35.5303
2736,2737.png,5,0.535,4.98443,0.404468,-0.0155711,-0.130532,576,26309,26885,28.7905
2737,2738.png,5,0.535,4.98443,0.404468,-0.0155711,-0.130532,576,26309,26885,35.5525
2738,2739.png,5,0.70075,4.91193,0.648338,-0.0880666,-0.0524117,576,26309,26885,35.3169
2739,2740.png,5,0.69,4.91193,0.648338,-0.0880666,-0.0416617,576,26309,26885,30.7884
2740,2741.png,5,0.69,4.91193,0.648338,-0.0880666,-0.0416617,576,26309,26885,29.4387
2741,2742.png,5,0.7077,4.90514,0.657758,-0.0948629,-0.0499417,576,26309,26885,43.0313
2742,2743.png,5,0.7047,4.90514,0.657758,-0.0948629,-0.0469417,576,26309,26885,29.1138
2743,2744.png,5,0.7047,4.90514,0.657758,-0.0948629,-0.0469417,576,26309,26885,32.0165
2744,2745.png,5,0.6909,4.92779,0.613799,-0.0722079,-0.077101,576,26309,26885,36.2218
2745,2746.png,5,0.69165,4.92779,0.613799,-0.0722079,-0.0778509,576,26309,26885,25.9475
2746,2747.png,5,0.69165,4.92779,0.613799,-0.0722079,-0.0778509,576,26309,26885,34.3852
2747,2748.png,5,0.63185,4.93232,0.55728,-0.067677,-0.0745704,576,26309,26885,37.5002
2748,2749.png,5,0.6351,4.93232,0.55728,-0.067677,-0.0778204,576,26309,26885,24.2325
2749,2750.png,5,0.6351,4.93232,0.55728,-0.067677,-0.0778204,576,26309,26885,34.6033
2750,2751.png,5,0.5339,4.96404,0.492387,-0.0359602,-0.0415128,576,26309,26885,37.3236
2751,2752.png,5,0.5394,4.96404,0.492387,-0.0359602,-0.0470127,576,26309,26885,33.6162
2752,2753.png,5,0.5394,4.96404,0.492387,-0.0359602,-0.0470127,576,26309,26885,35.1161
2753,2754.png,5,0.377,4.98896,0.406561,-0.0110397,0.0295615,576,26309,26885,35.5745
2754,2755.png,5,0.384,4.98896,0.406561,-0.0110397,0.0225615,576,26309,26885,35.6582
2755,2756.png,5,0.252,4.93459,0.235957,-0.0654116,-0.016043,576,26309,26885,35.4525
2756,2757.png,5,0.261,4.93459,0.235957,-0.0654116,-0.025043,576,26309,26885,30.541
2757,2758.png,5,0.261,4.93459,0.235957,-0.0654116,-0.025043,576,26309,26885,29.9104
2758,2759.png,5,0.0917,5.00935,0.0758193,0.00934982,-0.0158807,576,26309,26885,30.4877
2759,2760.png,5,0.1012,5.00935,0.0758193,0.00934982,-0.0253807,576,26309,26885,29.61
2760,2761.png,5,0.1012,5.00935,0.0758193,0.00934982,-0.0253807,576,26309,26885,35.842
2761,2762.png,5,-0.049,4.98896,-0.0162864,-0.0110397,0.0327136,576,26309,26885,37.4107
2762,2763.png,5,-0.04,4.98896,-0.0162864,-0.0110397,0.0237136,576,26309,26885,32.1555
2763,2764.png,5,-0.04,4.98896,-0.0162864,-0.0110397,0.0237136,576,26309,26885,32.9716
2764,2765.png,13,-0.0924,4.98669,-0.134558,-8.01331,-0.0421581,576,26309,26885,34.003
2765,2766.png,13,-0.0864,4.98669,-0.134558,-8.01331,-0.0481581,576,26309,26885,29.3857
2766,2767.png,13,-0.0864,4.98669,-0.134558,-8.01331,-0.0481581,576,26309,26885,29.1182
2767,2768.png,5,-0.2978,4.97763,-0.185844,-0.022367,0.111956,576,26309,26885,35.163
2768,2769.png,5,-0.29,4.97763,-0.185844,-0.022367,0.104156,576,26309,26885,37.0156
2769,2770.png,5,-0.29,4.97763,-0.185844,-0.022367,0.104156,576,26309,26885,38.3558
2770,2771.png,5,-0.3541,4.96404,-0.285276,-0.0359602,0.0688238,576,26309,26885,23.9866
2771,2772.png,5,-0.3496,4.96404,-0.285276,-0.0359602,0.0643238,576,26309,26885,33.2623
2772,2773.png,5,-0.3496,4.96404,-0.285276,-0.0359602,0.0643238,576,26309,26885,35.8039
2773,2774.png,5,-0.3444,4.9731,-0.280043,-0.0268984,0.0643571,576,26309,26885,28.7232
2774,2775.png,5,-0.34365,4.9731,-0.280043,-0.0268984,0.0636071,576,26309,26885,35.5582
2775,2776.png,5,-0.34365,4.9731,-0.280043,-0.0268984,0.0636071,576,26309,26885,45.4181
2776,2777.png,5,-0.32525,4.98669,-0.216197,-0.0133052,0.109053,576,26309,26885,23.617
2777,2778.png,5,-0.32625,4.98669,-0.216197,-0.0133052,0.110053,576,26309,26885,35.1653
2778,2779.png,5,-0.32625,4.98669,-0.216197,-0.0133052,0.110053,576,26309,26885,36.8003
2779,2780.png,5,-0.28945,4.95951,-0.202591,-0.0404911,0.0868595,576,26309,26885,29.7511
2780,2781.png,5,-0.29145,4.95951,-0.202591,-0.0404911,0.0888595,576,26309,26885,33.7178
2781,2782.png,5,-0.29145,4.95951,-0.202591,-0.0404911,0.0888595,576,26309,26885,36.9215
2782,2783.png,5,-0.23625,4.96177,-0.178518,-0.0382257,0.0577324,576,26309,26885,35.5386
2783,2784.png,5,-0.23925,4.96177,-0.178518,-0.0382257,0.0607324,576,26309,26885,30.4781
2784,2785.png,5,-0.23925,4.96177,-0.178518,-0.0382257,0.0607324,576,26309,26885,37.0469
2785,2786.png,5,-0.17025,5.00255,-0.120952,0.00255299,0.0492983,576,26309,26885,33.6909
2786,2787.png,5,-0.174,5.00255,-0.120952,0.00255299,0.0530483,576,26309,26885,31.471
2787,2788.png,5,-0.105,4.98216,-0.0864121,-0.0178361,0.0185879,576,26309,26885,35.5403
2788,2789.png,5,-0.10875,4.98216,-0.0864121,-0.0178361,0.0223379,576,26309,26885,33.3807
2789,2790.png,5,-0.10875,4.98216,-0.0864121,-0.0178361,0.0223379,576,26309,26885,35.6717
2790,2791.png,5,-0.0277,4.99349,-0.00895971,-0.00650883,0.0187403,576,26309,26885,28.7912
2791,2792.png,5,-0.0322,4.99349,-0.00895971,-0.00650883,0.0232403,576,26309,26885,29.314
2792,2793.png,5,-0.0322,4.99349,-0.00895971,-0.00650883,0.0232403,576,26309,26885,34.0217
2793,2794.png,5,0.0392,4.99349,0.0391862,-0.00650883,-1.3832e-05,576,26309,26885,29.3476
2794,2795.png,5,0.035,4.99349,0.0391862,-0.00650883,0.00418617,576,26309,26885,27.86
2795,2796.png,5,0.035,4.99349,0.0391862,-0.00650883,0.00418617,576,26309,26885,33.5783
2796,2797.png,5,0.088,5.00255,0.0622127,0.00255299,-0.0257873,576,26309,26885,38.2807
2797,2798.png,5,0.085,5.00255,0.0622127,0.00255299,-0.0227873,576,26309,26885,27.9584
2798,2799.png,5,0.085,5.00255,0.0622127,0.00255299,-0.0227873,576,26309,26885,33.9239
2799,2800.png,5,0.1274,4.99802,0.0967524,-0.00197792,-0.0306476,576,26309,26885,35.7576
2800,2801.png,5,0.125,4.99802,0.0967524,-0.00197792,-0.0282476,576,26309,26885,35.5885
2801,2802.png,13,0.08815,4.98443,0.134432,-8.01557,0.0462819,576,26309,26885,35.3955
2802,2803.png,13,0.0864,4.98443,0.134432,-8.01557,0.0480319,576,26309,26885,29.3875
2803,2804.png,13,0.0864,4.98443,0.134432,-8.01557,0.0480319,576,26309,26885,29.2223
2804,2805.png,5,0.1971,4.97537,0.164785,-0.0246329,-0.032315,576,26309,26885,24.4083
2805,2806.png,5,0.195,4.97537,0.164785,-0.0246329,-0.030215,576,26309,26885,23.6155
2806,2807.png,5,0.195,4.97537,0.164785,-0.0246329,-0.030215,576,26309,26885,32.3123
2807,2808.png,5,0.2764,4.93912,0.262123,-0.0608807,-0.0142765,576,26309,26885,29.1987
2808,2809.png,5,0.2714,4.93912,0.262123,-0.0608807,-0.00927654,576,26309,26885,25.2837
2809,2810.png,5,0.2714,4.93912,0.262123,-0.0608807,-0.00927654,576,26309,26885,35.3747
2810,2811.png,5,0.24715,4.93912,0.246424,-0.0608807,-0.000726253,576,26309,26885,29.5481
2811,2812.png,5,0.2484,4.93912,0.246424,-0.0608807,-0.00197625,576,26309,26885,26.4889
2812,2813.png,5,0.2096,4.97763,0.183625,-0.022367,-0.0259755,576,26309,26885,37.8731
2813,2814.png,5,0.2116,4.97763,0.183625,-0.022367,-0.0279755,576,26309,26885,31.155
2814,2815.png,5,0.2116,4.97763,0.183625,-0.022367,-0.0279755,576,26309,26885,35.5162
2815,2816.png,5,0.1505,4.99123,0.119779,-0.00877428,-0.0307214,576,26309,26885,35.5649
2816,2817.png,5,0.155,4.99123,0.119779,-0.00877428,-0.0352214,576,26309,26885,35.5119
2817,2818.png,5,0.155,4.99123,0.119779,-0.00877428,-0.0352214,576,26309,26885,36.9745
2818,2819.png,5,0.0755,4.99349,0.0548863,-0.00650883,-0.0206137,576,26309,26885,28.875
2819,2820.png,5,0.08,4.99349,0.0548863,-0.00650883,-0.0251137,576,26309,26885,25.9307
2820,2821.png,5,0.08,4.99349,0.0548863,-0.00650883,-0.0251137,576,26309,26885,35.259
2821,2822.png,5,0.0058,5.00255,0.0172067,0.00255299,0.0114067,576,26309,26885,35.5701
2822,2823.png,5,0.01,5.00255,0.0172067,0.00255299,0.00720672,576,26309,26885,34.0553
2823,2824.png,5,0.01,5.00255,0.0172067,0.00255299,0.00720672,576,26309,26885,35.4058
2824,2825.png,5,-0.0801,5.01388,-0.0571058,0.0138807,0.0229942,576,26309,26885,36.3457
2825,2826.png,5,-0.075,5.01388,-0.0571058,0.0138807,0.0178942,576,26309,26885,35.7061
2826,2827.png,5,-0.075,5.01388,-0.0571058,0.0138807,0.0178942,576,26309,26885,29.0084
2827,2828.png,5,-0.1492,4.97763,-0.119905,-0.022367,0.029295,576,26309,26885,33.8832
2828,2829.png,5,-0.145,4.97763,-0.119905,-0.022367,0.025095,576,26309,26885,24.2312
2829,2830.png,5,-0.145,4.97763,-0.119905,-0.022367,0.025095,576,26309,26885,37.9212
2830,2831.png,5,-0.1715,4.97763,-0.131418,-0.022367,0.0400817,576,26309,26885,32.0005
2831,2832.png,5,-0.17,4.97763,-0.131418,-0.022367,0.0385817,576,26309,26885,27.6013
2832,2833.png,5,-0.16125,4.97763,-0.132465,-0.022367,0.0287852,576,26309,26885,30.9847
2833,2834.png,5,-0.161,4.97763,-0.132465,-0.022367,0.0285352,576,26309,26885,23.6928
2834,2835.png,5,-0.161,4.97763,-0.132465,-0.022367,0.0285352,576,26309,26885,35.4857
2835,2836.png,5,-0.161,4.98669,-0.132465,-0.0133052,0.0285352,576,26309,26885,35.974
2836,2837.png,5,-0.161,4.98669,-0.132465,-0.0133052,0.0285352,576,26309,26885,32.7537
2837,2838.png,5,-0.161,4.98669,-0.132465,-0.0133052,0.0285352,576,26309,26885,30.0141
2838,2839.png,5,-0.1416,4.99123,-0.112578,-0.00877428,0.0290215,576,26309,26885,26.0622
2839,2840.png,5,-0.1426,4.99123,-0.112578,-0.00877428,0.0300215,576,26309,26885,38.3666
2840,2841.png,5,-0.1426,4.99123,-0.112578,-0.00877428,0.0300215,576,26309,26885,35.017
2841,2842.png,5,-0.1135,4.99802,-0.0947853,-0.00197792,0.0187147,576,26309,26885,29.2367
2842,2843.png,5,-0.115,4.99802,-0.0947853,-0.00197792,0.0202147,576,26309,26885,30.6249
2843,2844.png,5,-0.08105,4.99123,-0.0633857,-0.00877428,0.0176643,576,26309,26885,40.3118
2844,2845.png,5,-0.0828,4.99123,-0.0633857,-0.00877428,0.0194143,576,26309,26885,36.0821
2845,2846.png,5,-0.0828,4.99123,-0.0633857,-0.00877428,0.0194143,576,26309,26885,33.3608
2846,2847.png,5,-0.0476,4.99123,-0.0267529,-0.00877428,0.0208471,576,26309,26885,35.6875
2847,2848.png,5,-0.05,4.99123,-0.0267529,-0.00877428,0.0232471,576,26309,26885,35.4692
2848,2849.png,5,-0.05,4.99123,-0.0267529,-0.00877428,0.0232471,576,26309,26885,35.4173
2849,2850.png,5,-0.0076,4.98216,0.00569363,-0.0178361,0.0132936,576,26309,26885,34.6
2850,2851.png,5,-0.01,4.98216,0.00569363,-0.0178361,0.0156936,576,26309,26885,35.1142
2851,2852.png,5,-0.01,4.98216,0.00569363,-0.0178361,0.0156936,576,26309,26885,33.1581
2852,2853.png,5,0.0218,4.99123,0.0213933,-0.00877428,-0.00040666,576,26309,26885,35.4299
2853,2854.png,5,0.02,4.99123,0.0213933,-0.00877428,0.00139334,576,26309,26885,34.2245
2854,2855.png,5,0.0465,4.98896,0.0402329,-0.0110397,-0.00626709,576,26309,26885,35.1028
2855,2856.png,5,0.045,4.98896,0.0402329,-0.0110397,-0.00476709,576,26309,26885,34.2438
2856,2857.png,5,0.045,4.98896,0.0402329,-0.0110397,-0.00476709,576,26309,26885,33.7698
2857,2858.png,5,0.0662,4.99576,0.0580261,-0.00424337,-0.00817388,576,26309,26885,35.8829
2858,2859.png,5,0.065,4.99576,0.0580261,-0.00424337,-0.00697388,576,26309,26885,28.8345
2859,2860.png,5,0.065,4.99576,0.0580261,-0.00424337,-0.00697388,576,26309,26885,35.8198
2860,2861.png,5,0.0756,4.99349,0.0569794,-0.00650883,-0.0186206,576,26309,26885,33.8363
2861,2862.png,5,0.075,4.99349,0.0569794,-0.00650883,-0.0180206,576,26309,26885,23.6677
2862,2863.png,5,0.075,4.99349,0.0569794,-0.00650883,-0.0180206,576,26309,26885,35.9234
2863,2864.png,13,0.0405,4.99123,0.0590729,-8.00877,0.0185729,576,26309,26885,34.5122
2864,2865.png,13,0.0405,4.99123,0.0590729,-8.00877,0.0185729,576,26309,26885,35.3276
2865,2866.png,13,0.03755,4.99349,0.0569794,-8.00651,0.0194294,576,26309,26885,34.9566
2866,2867.png,13,0.0378,4.99349,0.0569794,-8.00651,0.0191794,576,26309,26885,34.7653
2867,2868.png,13,0.0378,4.99349,0.0569794,-8.00651,0.0191794,576,26309,26885,29.1769
2868,2869.png,13,0.03485,4.99802,0.0559326,-8.00198,0.0210826,576,26309,26885,35.6223
2869,2870.png,13,0.0351,4.99802,0.0559326,-8.00198,0.0208326,576,26309,26885,29.4745
2870,2871.png,13,0.0351,4.99802,0.0559326,-8.00198,0.0208326,576,26309,26885,35.5835
2871,2872.png,5,0.118,4.99576,0.0820991,-0.00424337,-0.0359009,576,26309,26885,35.1964
2872,2873.png,5,0.115,4.99576,0.0820991,-0.00424337,-0.0329009,576,26309,26885,31.5797
2873,2874.png,5,0.115,4.99576,0.0820991,-0.00424337,-0.0329009,576,26309,26885,35.6956
2874,2875.png,5,0.1468,4.9799,0.111405,-0.020102,-0.0353946,576,26309,26885,35.5198
2875,2876.png,5,0.145,4.9799,0.111405,-0.020102,-0.0335946,576,26309,26885,34.9259
2876,2877.png,5,0.1079,4.9799,0.0789592,-0.020102,-0.0289408,576,26309,26885,35.4978
2877,2878.png,5,0.11,4.9799,0.0789592,-0.020102,-0.0310408,576,26309,26885,33.3299
2878,2879.png,5,0.11,4.9799,0.0789592,-0.020102,-0.0310408,576,26309,26885,26.5431
2879,2880.png,5,0.0623,4.98896,0.0559326,-0.0110397,-0.00636737,576,26309,26885,38.001
2880,2881.png,5,0.065,4.98896,0.0559326,-0.0110397,-0.00906737,576,26309,26885,32.13
2881,2882.png,5,0.065,4.98896,0.0559326,-0.0110397,-0.00906737,576,26309,26885,29.2113
2882,2883.png,13,0.00855,5.00029,0.0349996,-7.99971,0.0264496,576,26309,26885,35.7464
2883,2884.png,13,0.0108,5.00029,0.0349996,-7.99971,0.0241996,576,26309,26885,34.9659
2884,2885.png,13,0.0108,5.00029,0.0349996,-7.99971,0.0241996,576,26309,26885,34.8868
2885,2886.png,13,-0.0128,4.98443,-0.00895971,-8.01557,0.00384029,576,26309,26885,35.6668
2886,2887.png,13,-0.0108,4.98443,-0.00895971,-8.01557,0.00184029,576,26309,26885,37.8509
2887,2888.png,5,-0.0571,5.00029,-0.0424526,0.000287533,0.0146474,576,26309,26885,35.7518
2888,2889.png,5,-0.055,5.00029,-0.0424526,0.000287533,0.0125474,576,26309,26885,28.1882
2889,2890.png,5,-0.055,5.00029,-0.0424526,0.000287533,0.0125474,576,26309,26885,23.7169
2890,2891.png,5,-0.0868,5.00255,-0.0696656,0.00255299,0.0171344,576,26309,26885,38.4107
2891,2892.png,5,-0.085,5.00255,-0.0696656,0.00255299,0.0153344,576,26309,26885,24.5976
2892,2893.png,5,-0.085,5.00255,-0.0696656,0.00255299,0.0153344,576,26309,26885,35.6098
2893,2894.png,5,-0.0956,4.99349,-0.0790856,-0.00650883,0.0165144,576,26309,26885,34.7356
2894,2895.png,5,-0.095,4.99349,-0.0790856,-0.00650883,0.0159144,576,26309,26885,33.856
2895,2896.png,5,-0.095,4.99349,-0.0790856,-0.00650883,0.0159144,576,26309,26885,37.5056
2896,2897.png,5,-0.095,4.99802,-0.0686191,-0.00197792,0.0263809,576,26309,26885,34.7782
2897,2898.png,5,-0.095,4.99802,-0.0686191,-0.00197792,0.0263809,576,26309,26885,32.7261
2898,2899.png,5,-0.0844,4.99576,-0.065479,-0.00424337,0.018921,576,26309,26885,38.8234
2899,2900.png,5,-0.085,4.99576,-0.065479,-0.00424337,0.019521,576,26309,26885,23.3961
2900,2901.png,5,-0.085,4.99576,-0.065479,-0.00424337,0.019521,576,26309,26885,29.2275
2901,2902.png,5,-0.0691,5.00029,-0.047686,0.000287533,0.021414,576,26309,26885,35.0285
2902,2903.png,5,-0.07,5.00029,-0.047686,0.000287533,0.022314,576,26309,26885,32.5537
2903,2904.png,5,-0.07,5.00029,-0.047686,0.000287533,0.022314,576,26309,26885,35.7564
2904,2905.png,5,-0.0541,4.99349,-0.0351261,-0.00650883,0.0189739,576,26309,26885,34.1154
2905,2906.png,5,-0.055,4.99349,-0.0351261,-0.00650883,0.0198739,576,26309,26885,23.659
2906,2907.png,5,-0.055,4.99349,-0.0351261,-0.00650883,0.0198739,576,26309,26885,36.563
2907,2908.png,5,-0.0338,4.99802,-0.0141931,-0.00197792,0.0196069,576,26309,26885,35.4458
2908,2909.png,5,-0.035,4.99802,-0.0141931,-0.00197792,0.0208069,576,26309,26885,37.4326
2909,2910.png,5,-0.0138,4.99576,0.00569363,-0.00424337,0.0194936,576,26309,26885,37.7815
2910,2911.png,5,-0.015,4.99576,0.00569363,-0.00424337,0.0206936,576,26309,26885,28.8226
2911,2912.png,5,-0.015,4.99576,0.00569363,-0.00424337,0.0206936,576,26309,26885,37.2174
2912,2913.png,5,0.0115,4.99349,0.01616,-0.00650883,0.00465998,576,26309,26885,28.9586
2913,2914.png,5,0.01,4.99349,0.01616,-0.00650883,0.00615998,576,26309,26885,34.9076
2914,2915.png,5,0.01,4.99349,0.01616,-0.00650883,0.00615998,576,26309,26885,37.4042
2915,2916.png,5,0.0259,4.99123,0.0339532,-0.00877428,0.00805318,576,26309,26885,38.1761
2916,2917.png,5,0.025,4.99123,0.0339532,-0.00877428,0.00895318,576,26309,26885,32.5067
2917,2918.png,5,0.025,4.99123,0.0339532,-0.00877428,0.00895318,576,26309,26885,25.4429
2918,2919.png,5,0.0356,4.99123,0.037093,-0.00877428,0.00149305,576,26309,26885,38.1574
2919,2920.png,5,0.035,4.99123,0.037093,-0.00877428,0.00209305,576,26309,26885,29.5503
2920,2921.png,5,0.035,4.99576,0.0433728,-0.00424337,0.00837278,576,26309,26885,38.4413
2921,2922.png,5,0.035,4.99576,0.0433728,-0.00424337,0.00837278,576,26309,26885,35.1629
2922,2923.png,5,0.035,4.99576,0.0433728,-0.00424337,0.00837278,576,26309,26885,33.5256
2923,2924.png,5,0.0403,4.99349,0.0444195,-0.00650883,0.00411953,576,26309,26885,29.4338
2924,2925.png,5,0.04,4.99349,0.0444195,-0.00650883,0.00441953,576,26309,26885,32.4848
2925,2926.png,5,0.04,4.99349,0.0444195,-0.00650883,0.00441953,576,26309,26885,36.8926
2926,2927.png,5,0.04,5.00482,0.037093,0.00481844,-0.00290695,576,26309,26885,28.7032
2927,2928.png,5,0.04,5.00482,0.037093,0.00481844,-0.00290695,576,26309,26885,33.0279
2928,2929.png,5,0.04,5.00482,0.037093,0.00481844,-0.00290695,576,26309,26885,33.855
2929,2930.png,5,0.0347,4.99123,0.037093,-0.00877428,0.00239305,576,26309,26885,35.8005
2930,2931.png,5,0.035,4.99123,0.037093,-0.00877428,0.00209305,576,26309,26885,35.055
2931,2932.png,5,0.0244,4.99802,0.0297666,-0.00197792,0.00536657,576,26309,26885,35.5519
2932,2933.png,5,0.025,4.99802,0.0297666,-0.00197792,0.00476657,576,26309,26885,26.717
2933,2934.png,5,0.025,4.99802,0.0297666,-0.00197792,0.00476657,576,26309,26885,29.1766
2934,2935.png,5,0.0144,4.99802,0.0287198,-0.00197792,0.0143198,576,26309,26885,35.4766
2935,2936.png,5,0.015,4.99802,0.0287198,-0.00197792,0.0137198,576,26309,26885,27.4729
2936,2937.png,5,0.015,4.99802,0.0287198,-0.00197792,0.0137198,576,26309,26885,35.7248
2937,2938.png,5,0.0044,5.00255,0.0224401,0.00255299,0.0180401,576,26309,26885,37.423
2938,2939.png,5,0.005,5.00255,0.0224401,0.00255299,0.0174401,576,26309,26885,34.8865
2939,2940.png,5,0.005,5.00255,0.0224401,0.00255299,0.0174401,576,26309,26885,35.8154
2940,2941.png,5,-0.0056,4.99802,0.00988024,-0.00197792,0.0154802,576,26309,26885,35.575
2941,2942.png,5,-0.005,4.99802,0.00988024,-0.00197792,0.0148802,576,26309,26885,35.3339
2942,2943.png,5,-0.005,4.99802,0.00988024,-0.00197792,0.0148802,576,26309,26885,28.9913
2943,2944.png,5,-0.0103,5.00935,0.0172067,0.00934982,0.0275067,576,26309,26885,35.3336
2944,2945.png,5,-0.01,5.00935,0.0172067,0.00934982,0.0272067,576,26309,26885,33.7873
2945,2946.png,5,-0.0153,4.99123,0.00150702,-0.00877428,0.016807,576,26309,26885,23.6316
2946,2947.png,5,-0.015,4.99123,0.00150702,-0.00877428,0.016507,576,26309,26885,36.5564
2947,2948.png,5,-0.015,4.99123,0.00150702,-0.00877428,0.016507,576,26309,26885,34.1401
2948,2949.png,5,-0.0203,4.99123,0.00464688,-0.00877428,0.0249469,576,26309,26885,29.0769
2949,2950.png,5,-0.02,4.99123,0.00464688,-0.00877428,0.0246469,576,26309,26885,29.5738
2950,2951.png,5,-0.02,4.99123,0.00464688,-0.00877428,0.0246469,576,26309,26885,35.3191
2951,2952.png,5,-0.02,4.98896,-0.00372653,-0.0110397,0.0162735,576,26309,26885,29.1831
2952,2953.png,5,-0.02,4.98896,-0.00372653,-0.0110397,0.0162735,576,26309,26885,35.3652
2953,2954.png,5,-0.02,4.98896,-0.00372653,-0.0110397,0.0162735,576,26309,26885,35.5117
2954,2955.png,5,-0.02,4.99576,0.00569363,-0.00424337,0.0256936,576,26309,26885,28.4511
2955,2956.png,5,-0.02,4.99576,0.00569363,-0.00424337,0.0256936,576,26309,26885,30.6012
2956,2957.png,5,-0.02,4.99576,0.00569363,-0.00424337,0.0256936,576,26309,26885,37.7997
2957,2958.png,5,-0.0147,4.99576,0.00674,-0.00424337,0.02144,576,26309,26885,31.8139
2958,2959.png,5,-0.015,4.99576,0.00674,-0.00424337,0.02174,576,26309,26885,32.703
2959,2960.png,5,-0.015,4.99576,0.00674,-0.00424337,0.02174,576,26309,26885,26.8215
2960,2961.png,5,-0.0097,4.98896,0.0140669,-0.0110397,0.0237669,576,26309,26885,37.7562
2961,2962.png,5,-0.01,4.98896,0.0140669,-0.0110397,0.0240669,576,26309,26885,34.6037
2962,2963.png,5,-0.01,4.98896,0.0140669,-0.0110397,0.0240669,576,26309,26885,32.5164
2963,2964.png,5,-0.0047,4.99123,0.0151132,-0.00877428,0.0198132,576,26309,26885,35.2282
2964,2965.png,5,-0.005,4.99123,0.0151132,-0.00877428,0.0201132,576,26309,26885,37.719
2965,2966.png,5,-0.005,4.99123,0.0151132,-0.00877428,0.0201132,576,26309,26885,29.2564
2966,2967.png,5,-0.005,4.98216,0.00674,-0.0178361,0.01174,576,26309,26885,35.7471
2967,2968.png,5,-0.005,4.98216,0.00674,-0.0178361,0.01174,576,26309,26885,33.9137
2968,2969.png,5,-0.005,4.98216,0.00674,-0.0178361,0.01174,576,26309,26885,37.1349
2969,2970.png,5,0.0003,4.98669,0.0192998,-0.0133052,0.0189998,576,26309,26885,35.0441
2970,2971.png,5,-0,4.98669,0.0192998,-0.0133052,0.0192998,576,26309,26885,29.7287
2971,2972.png,5,-0,4.98669,0.0192998,-0.0133052,0.0192998,576,26309,26885,35.0033
2972,2973.png,5,0.0053,5.00029,0.0151132,0.000287533,0.00981323,576,26309,26885,27.9199
2973,2974.png,5,0.005,5.00029,0.0151132,0.000287533,0.0101132,576,26309,26885,23.71
2974,2975.png,5,0.005,5.00029,0.0151132,0.000287533,0.0101132,576,26309,26885,23.5088
2975,2976.png,5,0.0103,4.9799,0.0182535,-0.020102,0.00795347,576,26309,26885,34.7489
2976,2977.png,5,0.01,4.9799,0.0182535,-0.020102,0.00825347,576,26309,26885,34.9468
2977,2978.png,5,0.01,4.99349,0.0182535,-0.00650883,0.00825347,576,26309,26885,37.8494
2978,2979.png,5,0.01,4.99349,0.0182535,-0.00650883,0.00825347,576,26309,26885,34.8617
2979,2980.png,5,0.01,4.99349,0.0182535,-0.00650883,0.00825347,576,26309,26885,28.7043
2980,2981.png,5,0.01,4.99349,0.0224401,-0.00650883,0.0124401,576,26309,26885,37.7224
2981,2982.png,5,0.01,4.99349,0.0224401,-0.00650883,0.0124401,576,26309,26885,38.7932
2982,2983.png,5,0.01,4.99349,0.0224401,-0.00650883,0.0124401,576,26309,26885,38.1356
2983,2984.png,5,0.01,4.99349,0.0182535,-0.00650883,0.00825347,576,26309,26885,32.4483
2984,2985.png,5,0.01,4.99349,0.0182535,-0.00650883,0.00825347,576,26309,26885,28.9168
2985,2986.png,5,0.01,4.99349,0.0182535,-0.00650883,0.00825347,576,26309,26885,32.4276
2986,2987.png,5,0.01,4.99123,0.0224401,-0.00877428,0.0124401,576,26309,26885,32.9778
2987,2988.png,5,0.01,4.99123,0.0224401,-0.00877428,0.0124401,576,26309,26885,30.5525
2988,2989.png,5,0.01,4.99123,0.0224401,-0.00877428,0.0124401,576,26309,26885,37.1097
2989,2990.png,5,0.0047,4.98669,0.0224401,-0.0133052,0.0177401,576,26309,26885,38.0077
2990,2991.png,5,0.005,4.98669,0.0224401,-0.0133052,0.0174401,576,26309,26885,34.9918
2991,2992.png,5,0.005,4.98669,0.0224401,-0.0133052,0.0174401,576,26309,26885,36.7347
2992,2993.png,5,0.005,4.98896,0.0119734,-0.0110397,0.00697336,576,26309,26885,34.5835
2993,2994.png,5,0.005,4.98896,0.0119734,-0.0110397,0.00697336,576,26309,26885,28.8821
2994,2995.png,5,0.005,4.98896,0.0119734,-0.0110397,0.00697336,576,26309,26885,36.3812
2995,2996.png,5,-0.0003,4.98669,0.0192998,-0.0133052,0.0195998,576,26309,26885,35.7255
2996,2997.png,5,-0,4.98669,0.0192998,-0.0133052,0.0192998,576,26309,26885,28.796
2997,2998.png,5,-0,4.98669,0.0192998,-0.0133052,0.0192998,576,26309,26885,37.9428
2998,2999.png,5,-0.0053,4.97763,0.00988024,-0.022367,0.0151802,576,26309,26885,35.0006
2999,3000.png,5,-0.005,4.97763,0.00988024,-0.022367,0.0148802,576,26309,26885,29.8609
3000,3001.png,5,-0.005,4.97763,0.00988024,-0.022367,0.0148802,576,26309,26885,28.6611
3001,3002.png,5,-0.005,4.98896,0.0130201,-0.0110397,0.0180201,576,26309,26885,29.2995
3002,3003.png,5,-0.005,4.98896,0.0130201,-0.0110397,0.0180201,576,26309,26885,24.1807
3003,3004.png,5,-0.005,4.99123,0.0109266,-0.00877428,0.0159266,576,26309,26885,34.9802
3004,3005.png,5,-0.005,4.99123,0.0109266,-0.00877428,0.0159266,576,26309,26885,28.4031
3005,3006.png,5,-0.005,4.99123,0.0109266,-0.00877428,0.0159266,576,26309,26885,35.0707
3006,3007.png,5,-0.005,4.97763,0.00988024,-0.022367,0.0148802,576,26309,26885,37.269
3007,3008.png,5,-0.005,4.97763,0.00988024,-0.022367,0.0148802,576,26309,26885,33.0223
3008,3009.png,5,-0.005,4.97763,0.00988024,-0.022367,0.0148802,576,26309,26885,34.3476
3009,3010.png,5,-0.005,4.98669,0.00778675,-0.0133052,0.0127867,576,26309,26885,34.7165
3010,3011.png,5,-0.005,4.98669,0.00778675,-0.0133052,0.0127867,576,26309,26885,31.5755
3011,3012.png,5,-0.005,4.98896,0.0151132,-0.0110397,0.0201132,576,26309,26885,33.1593
3012,3013.png,5,-0.005,4.98896,0.0151132,-0.0110397,0.0201132,576,26309,26885,28.2878
3013,3014.png,5,-0.005,4.99123,0.00988024,-0.00877428,0.0148802,576,26309,26885,24.2286
3014,3015.png,5,-0.005,4.99123,0.00988024,-0.00877428,0.0148802,576,26309,26885,33.5056
3015,3016.png,5,-0.005,4.98216,0.0130201,-0.0178361,0.0180201,576,26309,26885,36.5782
3016,3017.png,5,-0.005,4.98216,0.0130201,-0.0178361,0.0180201,576,26309,26885,30.9825
3017,3018.png,5,-0.005,4.98216,0.0130201,-0.0178361,0.0180201,576,26309,26885,34.7747
3018,3019.png,5,-0.005,4.98896,0.0151132,-0.0110397,0.0201132,576,26309,26885,35.046
3019,3020.png,5,-0.005,4.98896,0.0151132,-0.0110397,0.0201132,576,26309,26885,35.6069
3020,3021.png,5,-0.005,4.98896,0.0151132,-0.0110397,0.0201132,576,26309,26885,36.6424
3021,3022.png,5,0.0003,4.99576,0.0276731,-0.00424337,0.0273731,576,26309,26885,35.0475
3022,3023.png,5,-0,4.99576,0.0276731,-0.00424337,0.0276731,576,26309,26885,34.687
3023,3024.png,5,0.0106,4.98669,0.0349996,-0.0133052,0.0243996,576,26309,26885,32.6828
3024,3025.png,5,0.01,4.98669,0.0349996,-0.0133052,0.0249996,576,26309,26885,29.4591
3025,3026.png,5,0.0471,4.99802,0.0486061,-0.00197792,0.00150614,576,26309,26885,29.2882
3026,3027.png,5,0.045,4.99802,0.0486061,-0.00197792,0.00360614,576,26309,26885,33.6963
3027,3028.png,5,0.045,4.99802,0.0486061,-0.00197792,0.00360614,576,26309,26885,37.4983
3028,3029.png,5,0.098,4.99123,0.0883792,-0.00877428,-0.00962083,576,26309,26885,32.5157
3029,3030.png,5,0.1692,4.9799,0.157458,-0.020102,-0.0117419,576,26309,26885,27.7833
3030,3031.png,5,0.165,4.9799,0.157458,-0.020102,-0.00754189,576,26309,26885,27.6193
3031,3032.png,5,0.165,4.9799,0.157458,-0.020102,-0.00754189,576,26309,26885,35.6684
3032,3033.png,13,0.13335,4.96631,0.218164,-8.0337,0.0848142,576,26309,26885,36.0661
3033,3034.png,13,0.1296,4.96631,0.218164,-8.0337,0.0885642,576,26309,26885,32.9139
3034,3035.png,5,0.3036,4.95724,0.261077,-0.042757,-0.0425233,576,26309,26885,42.4738
3035,3036.png,5,0.3,4.95724,0.261077,-0.042757,-0.0389233,576,26309,26885,30.7832
3036,3037.png,5,0.4166,4.96404,0.343763,-0.0359602,-0.0728374,576,26309,26885,28.387
3037,3038.png,5,0.6971,4.921,0.650432,-0.0790048,-0.0466682,576,26309,26885,24.9013
3038,3039.png,5,0.6786,4.921,0.650432,-0.0790048,-0.0281682,576,26309,26885,35.3195
3039,3040.png,5,0.743,4.88928,0.687065,-0.110722,-0.0559354,576,26309,26885,32.7954
3040,3041.png,5,0.7395,4.88928,0.687065,-0.110722,-0.0524354,576,26309,26885,24.11
3041,3042.png,5,0.7395,4.88928,0.687065,-0.110722,-0.0524354,576,26309,26885,34.9201
3042,3043.png,5,0.7027,4.92326,0.660898,-0.0767388,-0.0418019,576,26309,26885,35.5383
3043,3044.png,5,0.6403,4.93912,0.612752,-0.0608807,-0.0275477,576,26309,26885,28.1678
3044,3045.png,5,0.6438,4.93912,0.612752,-0.0608807,-0.0310477,576,26309,26885,33.1927
3045,3046.png,5,0.6438,4.93912,0.612752,-0.0608807,-0.0310477,576,26309,26885,34.8406
3046,3047.png,5,0.5518,4.9731,0.530067,-0.0268984,-0.0217332,576,26309,26885,29.1567
3047,3048.png,5,0.5568,4.9731,0.530067,-0.0268984,-0.0267332,576,26309,26885,28.6344
3048,3049.png,5,0.4556,5.00029,0.452614,0.000287533,-0.00298578,576,26309,26885,37.7859
3049,3050.png,5,0.4611,5.00029,0.452614,0.000287533,-0.00848579,576,26309,26885,32.9881
3050,3051.png,5,0.3461,4.95724,0.360509,-0.042757,0.0144091,576,26309,26885,35.6634
3051,3052.png,5,0.35235,4.95724,0.360509,-0.042757,0.00815907,576,26309,26885,30.2224
3052,3053.png,5,0.25135,4.93912,0.273637,-0.0608807,0.0222866,576,26309,26885,34.9627
3053,3054.png,5,0.2576,4.93912,0.273637,-0.0608807,0.0160365,576,26309,26885,32.1304
3054,3055.png,5,0.1581,4.97763,0.157458,-0.022367,-0.000641882,576,26309,26885,31.5526
3055,3056.png,5,0.165,4.97763,0.157458,-0.022367,-0.00754189,576,26309,26885,29.2371
3056,3057.png,5,0.0643,4.9799,0.0737258,-0.020102,0.00942583,576,26309,26885,38.4519
3057,3058.png,5,0.07,4.9799,0.0737258,-0.020102,0.00372583,576,26309,26885,31.0816
3058,3059.png,5,-0.0042,4.99802,0.0245332,-0.00197792,0.0287332,576,26309,26885,24.7646
3059,3060.png,5,-0,4.99802,0.0245332,-0.00197792,0.0245332,576,26309,26885,23.7464
3060,3061.png,5,-0.0371,4.98216,0.00255339,-0.0178361,0.0396534,576,26309,26885,34.6771
3061,3062.png,5,-0.035,4.98216,0.00255339,-0.0178361,0.0375534,576,26309,26885,32.9568
3062,3063.png,5,-0.03705,4.98443,0.00464688,-0.0155711,0.0416969,576,26309,26885,35.0626
3063,3064.png,5,-0.0368,4.98443,0.00464688,-0.0155711,0.0414469,576,26309,26885,32.2841
3064,3065.png,5,0.002,4.99349,0.0245332,-0.00650883,0.0225332,576,26309,26885,34.3127
3065,3066.png,5,-0,4.99349,0.0245332,-0.00650883,0.0245332,576,26309,26885,34.7053
3066,3067.png,5,0.0582,4.99802,0.0663994,-0.00197792,0.00819935,576,26309,26885,36.2177
3067,3068.png,5,0.0552,4.99802,0.0663994,-0.00197792,0.0111994,576,26309,26885,23.7916
3068,3069.png,5,0.1425,4.98216,0.143852,-0.0178361,0.00135189,576,26309,26885,28.999
3069,3070.png,5,0.138,4.98216,0.143852,-0.0178361,0.00585189,576,26309,26885,36.7103
3070,3071.png,5,0.256,4.95498,0.233864,-0.045022,-0.0221361,576,26309,26885,34.9186
3071,3072.png,5,0.25,4.95498,0.233864,-0.045022,-0.0161361,576,26309,26885,30.648
3072,3073.png,13,0.1999,4.96404,0.286196,-8.03596,0.0862964,576,26309,26885,35.4432
3073,3074.png,13,0.1944,4.96404,0.286196,-8.03596,0.0917964,576,26309,26885,36.342
3074,3075.png,5,0.4554,4.99123,0.370975,-0.00877428,-0.0844246,576,26309,26885,29.5193
3075,3076.png,5,0.45,4.99123,0.370975,-0.00877428,-0.0790246,576,26309,26885,26.536
3076,3077.png,5,0.5878,4.96404,0.49448,-0.0359602,-0.0933197,576,26309,26885,28.7657
3077,3078.png,5,0.58,4.96404,0.49448,-0.0359602,-0.0855196,576,26309,26885,35.6123
3078,3079.png,5,0.9232,4.86209,0.806383,-0.137908,-0.116817,576,26309,26885,29.734
3079,3080.png,5,0.90045,4.86209,0.806383,-0.137908,-0.0940671,576,26309,26885,25.7527
3080,3081.png,5,0.94185,4.88701,0.81999,-0.112987,-0.121861,576,26309,26885,29.2567
3081,3082.png,5,0.9396,4.88701,0.81999,-0.112987,-0.11961,576,26309,26885,24.7389
3082,3083.png,5,0.8385,4.92779,0.759284,-0.0722079,-0.0792162,576,26309,26885,36.6684
3083,3084.png,5,0.84,4.92779,0.759284,-0.0722079,-0.0807162,576,26309,26885,35.2022
3084,3085.png,5,0.7125,4.91646,0.635778,-0.0835357,-0.0767215,576,26309,26885,35.6405
3085,3086.png,5,0.72,4.91646,0.635778,-0.0835357,-0.0842215,576,26309,26885,30.1092
3086,3087.png,5,0.58825,4.9142,0.569839,-0.0858011,-0.0184106,576,26309,26885,37.2858
3087,3088.png,5,0.596,4.9142,0.569839,-0.0858011,-0.0261606,576,26309,26885,23.5022
3088,3089.png,5,0.5195,4.921,0.524833,-0.0790048,0.00533336,576,26309,26885,28.0156
3089,3090.png,5,0.524,4.921,0.524833,-0.0790048,0.000833392,576,26309,26885,25.5982
3090,3091.png,5,0.48575,4.93006,0.495527,-0.0699425,0.0097771,576,26309,26885,35.0094
3091,3092.png,5,0.488,4.93006,0.495527,-0.0699425,0.00752708,576,26309,26885,33.4786
3092,3093.png,5,0.4625,4.93912,0.474594,-0.0608807,0.012094,576,26309,26885,33.0026
3093,3094.png,5,0.464,4.93912,0.474594,-0.0608807,0.010594,576,26309,26885,35.2094
3094,3095.png,5,0.447,4.95498,0.467268,-0.045022,0.0202675,576,26309,26885,28.549
3095,3096.png,5,0.448,4.95498,0.467268,-0.045022,0.0192675,576,26309,26885,31.3813
3096,3097.png,5,0.431,4.95271,0.459941,-0.0472879,0.0289411,576,26309,26885,37.4902
3097,3098.png,5,0.432,4.95271,0.459941,-0.0472879,0.027941,576,26309,26885,35.7037
3098,3099.png,5,0.41925,4.97084,0.448428,-0.0291638,0.0291776,576,26309,26885,36.0111
3099,3100.png,5,0.42,4.97084,0.448428,-0.0291638,0.0284276,576,26309,26885,33.4017
3100,3101.png,5,0.40725,4.96177,0.446334,-0.0382257,0.0390845,576,26309,26885,28.6757
3101,3102.png,5,0.408,4.96177,0.446334,-0.0382257,0.0383345,576,26309,26885,32.9869
3102,3103.png,5,0.3995,4.97537,0.436915,-0.0246329,0.0374145,576,26309,26885,35.6994
3103,3104.png,5,0.4,4.97537,0.436915,-0.0246329,0.0369145,576,26309,26885,30.2859
3104,3105.png,5,0.383,4.96404,0.417028,-0.0359602,0.0340282,576,26309,26885,37.7648
3105,3106.png,5,0.384,4.96404,0.417028,-0.0359602,0.0330282,576,26309,26885,28.7273
3106,3107.png,5,0.3755,4.96857,0.409702,-0.0314293,0.0342017,576,26309,26885,26.9944
3107,3108.png,5,0.376,4.96857,0.409702,-0.0314293,0.0337017,576,26309,26885,36.0139
3108,3109.png,5,0.359,4.9731,0.395048,-0.0268984,0.0360484,576,26309,26885,37.4031
3109,3110.png,5,0.36,4.9731,0.395048,-0.0268984,0.0350483,576,26309,26885,31.8811
3110,3111.png,5,0.34725,4.96857,0.394002,-0.0314293,0.0467516,576,26309,26885,28.9198
3111,3112.png,5,0.348,4.96857,0.394002,-0.0314293,0.0460016,576,26309,26885,36.5751
3112,3113.png,5,0.33525,4.95724,0.370975,-0.042757,0.0357254,576,26309,26885,28.5468
3113,3114.png,5,0.336,4.95724,0.370975,-0.042757,0.0349754,576,26309,26885,28.6723
3114,3115.png,5,0.319,4.95951,0.360509,-0.0404911,0.0415091,576,26309,26885,35.4869
3115,3116.png,5,0.32,4.95951,0.360509,-0.0404911,0.0405091,576,26309,26885,32.384
3116,3117.png,5,0.303,4.93685,0.339576,-0.0631461,0.036576,576,26309,26885,23.5178
3117,3118.png,5,0.304,4.93685,0.339576,-0.0631461,0.035576,576,26309,26885,27.783
3118,3119.png,5,0.287,4.92779,0.31341,-0.0722079,0.0264096,576,26309,26885,47.1912
3119,3120.png,5,0.288,4.92779,0.31341,-0.0722079,0.0254096,576,26309,26885,35.0438
3120,3121.png,5,0.26675,4.92779,0.293523,-0.0722079,0.0267732,576,26309,26885,29.419
3121,3122.png,5,0.268,4.92779,0.293523,-0.0722079,0.0255232,576,26309,26885,37.8404
3122,3123.png,5,0.24675,4.91646,0.257937,-0.0835357,0.0111868,576,26309,26885,32.4503
3123,3124.png,5,0.248,4.91646,0.257937,-0.0835357,0.00993684,576,26309,26885,28.4315
3124,3125.png,5,0.2225,4.93685,0.239097,-0.0631461,0.0165973,576,26309,26885,35.0377
3125,3126.png,5,0.224,4.93685,0.239097,-0.0631461,0.0150973,576,26309,26885,30.2698
3126,3127.png,5,0.216,4.94592,0.203511,-0.0540838,-0.0124891,576,26309,26885,37.9219
3127,3128.png,5,0.2175,4.94592,0.203511,-0.0540838,-0.0139891,576,26309,26885,34.248
3128,3129.png,5,0.1853,4.96404,0.177345,-0.0359602,-0.00795518,576,26309,26885,28.5298
3129,3130.png,5,0.18705,4.96404,0.177345,-0.0359602,-0.00970519,576,26309,26885,32.698
3130,3131.png,5,0.15485,4.9799,0.128152,-0.020102,-0.0266982,576,26309,26885,35.6556
3131,3132.png,5,0.1566,4.9799,0.128152,-0.020102,-0.0284482,576,26309,26885,31.5829
3132,3133.png,5,0.1198,4.97763,0.0852389,-0.022367,-0.0345611,576,26309,26885,35.5319
3133,3134.png,5,0.1218,4.97763,0.0852389,-0.022367,-0.0365611,576,26309,26885,35.2812
3134,3135.png,5,0.0804,5.00255,0.0684925,0.00255299,-0.0119075,576,26309,26885,35.1811
3135,3136.png,5,0.08265,5.00255,0.0684925,0.00255299,-0.0141575,576,26309,26885,29.3369
3136,3137.png,5,0.04375,5.00255,0.0454663,0.00255299,0.00171628,576,26309,26885,37.1527
3137,3138.png,5,0.046,5.00255,0.0454663,0.00255299,-0.000533722,576,26309,26885,35.7692
3138,3139.png,5,0.0072,4.98669,0.01616,-0.0133052,0.00895998,576,26309,26885,35.7715
3139,3140.png,5,0.0092,4.98669,0.01616,-0.0133052,0.00695998,576,26309,26885,32.5849
3140,3141.png,5,-0.0296,4.99349,-0.0131463,-0.00650883,0.0164537,576,26309,26885,28.5054
3141,3142.png,5,-0.0276,4.99349,-0.0131463,-0.00650883,0.0144537,576,26309,26885,29.0466
3142,3143.png,5,-0.0724,5.00255,-0.0424526,0.00255299,0.0299474,576,26309,26885,37.4625
3143,3144.png,5,-0.07,5.00255,-0.0424526,0.00255299,0.0275474,576,26309,26885,34.6405
3144,3145.png,5,-0.1018,5.00029,-0.0591991,0.000287533,0.0426009,576,26309,26885,23.6669
3145,3146.png,5,-0.1,5.00029,-0.0591991,0.000287533,0.0408009,576,26309,26885,32.5773
3146,3147.png,5,-0.1265,4.98896,-0.0989719,-0.0110397,0.0275281,576,26309,26885,36.564
3147,3148.png,5,-0.125,4.98896,-0.0989719,-0.0110397,0.0260281,576,26309,26885,32.3576
3148,3149.png,5,-0.1409,4.98216,-0.106299,-0.0178361,0.0346014,576,26309,26885,35.0341
3149,3150.png,5,-0.14,4.98216,-0.106299,-0.0178361,0.0337014,576,26309,26885,29.3176
3150,3151.png,5,-0.1506,4.98216,-0.123045,-0.0178361,0.027555,576,26309,26885,35.4633
3151,3152.png,5,-0.15,4.98216,-0.123045,-0.0178361,0.026955,576,26309,26885,36.4791
3152,3153.png,13,-0.081,4.97763,-0.125138,-8.02237,-0.0441383,576,26309,26885,35.5721
3153,3154.png,13,-0.081,4.97763,-0.125138,-8.02237,-0.0441383,576,26309,26885,26.0703
3154,3155.png,13,-0.081,4.99123,-0.115718,-8.00877,-0.0347184,576,26309,26885,31.3535
3155,3156.png,13,-0.081,4.99123,-0.115718,-8.00877,-0.0347184,576,26309,26885,34.9937
3156,3157.png,13,-0.0869,4.9799,-0.137698,-8.0201,-0.0507982,576,26309,26885,29.1253
3157,3158.png,13,-0.0864,4.9799,-0.137698,-8.0201,-0.0512982,576,26309,26885,29.0625
3158,3159.png,5,-0.2501,4.97537,-0.173284,-0.0246329,0.0768158,576,26309,26885,38.2002
3159,3160.png,5,-0.245,4.97537,-0.173284,-0.0246329,0.0717158,576,26309,26885,30.1762
3160,3161.png,5,-0.28845,4.94818,-0.22143,-0.0518188,0.0670197,576,26309,26885,42.7935
3161,3162.png,5,-0.2852,4.94818,-0.22143,-0.0518188,0.0637697,576,26309,26885,25.4571
3162,3163.png,5,-0.3143,4.93912,-0.24027,-0.0608807,0.07403,576,26309,26885,34.7471
3163,3164.png,5,-0.3128,4.93912,-0.24027,-0.0608807,0.07253,576,26309,26885,26.7304
3164,3165.png,5,-0.29825,4.94818,-0.226664,-0.0518188,0.0715864,576,26309,26885,37.5311
3165,3166.png,5,-0.299,4.94818,-0.226664,-0.0518188,0.0723364,576,26309,26885,32.4517
3166,3167.png,5,-0.2796,4.94138,-0.214104,-0.0586152,0.0654962,576,26309,26885,36.6478
3167,3168.png,5,-0.2806,4.94138,-0.214104,-0.0586152,0.0664962,576,26309,26885,34.6079
3168,3169.png,5,-0.2612,4.93912,-0.198404,-0.0608807,0.0627961,576,26309,26885,29.7016
3169,3170.png,5,-0.2622,4.93912,-0.198404,-0.0608807,0.0637961,576,26309,26885,34.8437
3170,3171.png,5,-0.2525,4.93912,-0.188984,-0.0608807,0.0635159,576,26309,26885,33.0179
3171,3172.png,5,-0.253,4.93912,-0.188984,-0.0608807,0.0640159,576,26309,26885,30.3868
3172,3173.png,5,-0.23845,4.96631,-0.176424,-0.0336947,0.0620257,576,26309,26885,23.6466
3173,3174.png,5,-0.2392,4.96631,-0.176424,-0.0336947,0.0627757,576,26309,26885,27.2443
3174,3175.png,5,-0.23435,4.96177,-0.179564,-0.0382257,0.0547859,576,26309,26885,30.6055
3175,3176.png,5,-0.2346,4.96177,-0.179564,-0.0382257,0.0550359,576,26309,26885,28.3967
3176,3177.png,5,-0.2249,4.9731,-0.164911,-0.0268984,0.059989,576,26309,26885,25.7336
3177,3178.png,5,-0.2254,4.9731,-0.164911,-0.0268984,0.060489,576,26309,26885,35.9354
3178,3179.png,5,-0.22055,4.96857,-0.168051,-0.0314293,0.052499,576,26309,26885,34.9647
3179,3180.png,5,-0.2208,4.96857,-0.168051,-0.0314293,0.052749,576,26309,26885,35.6195
3180,3181.png,5,-0.21595,4.9799,-0.155491,-0.020102,0.0604588,576,26309,26885,33.1266
3181,3182.png,5,-0.2162,4.9799,-0.155491,-0.020102,0.0607088,576,26309,26885,28.8865
3182,3183.png,5,-0.21135,4.99123,-0.155491,-0.00877428,0.0558588,576,26309,26885,35.9721
3183,3184.png,5,-0.2116,4.99123,-0.155491,-0.00877428,0.0561088,576,26309,26885,37.9634
3184,3185.png,5,-0.20675,4.98669,-0.161771,-0.0133052,0.0449789,576,26309,26885,35.5414
3185,3186.png,5,-0.207,4.98669,-0.161771,-0.0133052,0.0452289,576,26309,26885,34.1807
3186,3187.png,5,-0.207,4.97537,-0.151305,-0.0246329,0.0556954,576,26309,26885,35.4505
3187,3188.png,5,-0.207,4.97537,-0.151305,-0.0246329,0.0556954,576,26309,26885,30.2778
3188,3189.png,5,-0.20215,4.98669,-0.139791,-0.0133052,0.0623585,576,26309,26885,37.3045
3189,3190.png,5,-0.2024,4.98669,-0.139791,-0.0133052,0.0626085,576,26309,26885,33.2299
3190,3191.png,5,-0.19755,4.99123,-0.132465,-0.00877428,0.0650852,576,26309,26885,36.5385
3191,3192.png,5,-0.1978,4.99123,-0.132465,-0.00877428,0.0653352,576,26309,26885,30.8821
3192,3193.png,5,-0.1881,4.99349,-0.117812,-0.00650883,0.0702883,576,26309,26885,34.7466
3193,3194.png,5,-0.1886,4.99349,-0.117812,-0.00650883,0.0707883,576,26309,26885,23.6703
3194,3195.png,5,-0.1401,4.98443,-0.0717589,-0.0155711,0.0683411,576,26309,26885,38.7654
3195,3196.png,5,-0.1426,4.98443,-0.0717589,-0.0155711,0.0708411,576,26309,26885,37.529
3196,3197.png,5,-0.0553,4.98443,-0.00163323,-0.0155711,0.0536668,576,26309,26885,33.3046
3197,3198.png,5,-0.0598,4.98443,-0.00163323,-0.0155711,0.0581668,576,26309,26885,37.1176
3198,3199.png,5,0.07115,4.99349,0.0789592,-0.00650883,0.00780919,576,26309,26885,25.8847
3199,3200.png,5,0.0644,4.99349,0.0789592,-0.00650883,0.0145592,576,26309,26885,35.1381
3200,3201.png,5,0.2608,4.95045,0.217117,-0.0495529,-0.0436825,576,26309,26885,23.6357
3201,3202.png,5,0.25,4.95045,0.217117,-0.0495529,-0.0328825,576,26309,26885,23.5976
3202,3203.png,13,0.2589,4.97763,0.378302,-8.02237,0.119402,576,26309,26885,32.435
3203,3204.png,13,0.2484,4.97763,0.378302,-8.02237,0.129902,576,26309,26885,28.1711
3204,3205.png,5,0.7303,4.88475,0.645198,-0.115252,-0.0851015,576,26309,26885,33.5102
3205,3206.png,5,0.715,4.88475,0.645198,-0.115252,-0.0698015,576,26309,26885,36.5002
3206,3207.png,5,0.97625,4.776,1.04188,-0.223996,0.06563,576,26309,26885,33.6751
3207,3208.png,5,0.957,4.776,1.04188,-0.223996,0.08488,576,26309,26885,27.368
3208,3209.png,5,1.6875,4.93685,1.43856,-0.0631461,-0.248938,576,26309,26885,37.4197
3209,3210.png,5,1.64,4.93685,1.43856,-0.0631461,-0.201438,576,26309,26885,27.5195
3210,3211.png,5,1.63,4.93459,1.70232,-0.0654116,0.072318,576,26309,26885,38.434
3211,3212.png,5,1.60875,4.93459,1.70232,-0.0654116,0.093568,576,26309,26885,33.4518
3212,3213.png,5,1.87125,4.7828,1.85199,-0.217199,-0.0192608,576,26309,26885,27.1544
3213,3214.png,5,1.8525,4.7828,1.85199,-0.217199,-0.000510693,576,26309,26885,33.3648
3214,3215.png,5,1.954,4.62875,1.60184,-0.371253,-0.352161,576,26309,26885,28.8546
3215,3216.png,5,1.94675,4.62875,1.60184,-0.371253,-0.344911,576,26309,26885,32.3798
3216,3217.png,5,2.03425,4.64914,1.41658,-0.350863,-0.617668,576,26309,26885,38.3034
3217,3218.png,5,2.028,4.64914,1.41658,-0.350863,-0.611418,576,26309,26885,27.1254
3218,3219.png,5,2.077,4.66726,1.33808,-0.332739,-0.738917,576,26309,26885,35.121
3219,3220.png,5,2.0735,4.66726,1.33808,-0.332739,-0.735417,576,26309,26885,32.7992
3220,3221.png,5,2.07,4.6582,1.36006,-0.341801,-0.709938,576,26309,26885,29.1153
3221,3222.png,5,2.07025,4.6582,1.36006,-0.341801,-0.710188,576,26309,26885,27.9472
3222,3223.png,5,2.00375,4.64461,1.4417,-0.355394,-0.562049,576,26309,26885,28.5776
3223,3224.png,5,2.0085,4.64461,1.4417,-0.355394,-0.566799,576,26309,26885,28.7424
3224,3225.png,5,1.8965,4.68312,1.59556,-0.316881,-0.300941,576,26309,26885,34.529
3225,3226.png,5,1.9045,4.68312,1.59556,-0.316881,-0.308941,576,26309,26885,31.262
3226,3227.png,5,1.6805,4.74882,1.65731,-0.251182,-0.0231881,576,26309,26885,35.4099
3227,3228.png,5,1.6965,4.74882,1.65731,-0.251182,-0.039188,576,26309,26885,32.7862
3228,3229.png,5,1.3675,4.78733,1.55265,-0.212668,0.185147,576,26309,26885,35.75
3229,3230.png,5,1.391,4.78733,1.55265,-0.212668,0.161647,576,26309,26885,23.5254
3230,3231.png,5,1.1005,4.7239,1.03141,-0.276102,-0.0690867,576,26309,26885,31.8238
3231,3232.png,5,1.127,4.7239,1.03141,-0.276102,-0.0955867,576,26309,26885,42.1078
3232,3233.png,5,0.6995,4.90287,0.692298,-0.0971284,-0.00720209,576,26309,26885,35.2884
3233,3234.png,5,0.728,4.90287,0.692298,-0.0971284,-0.035702,576,26309,26885,35.7031
3234,3235.png,5,0.332,4.91873,0.463081,-0.0812697,0.131081,576,26309,26885,32.2048
3235,3236.png,5,0.36,4.91873,0.463081,-0.0812697,0.103081,576,26309,26885,34.3307
3236,3237.png,5,-0.076,4.9799,-0.0403593,-0.020102,0.0356407,576,26309,26885,34.8018
3237,3238.png,5,-0.04875,4.9799,-0.0403593,-0.020102,0.00839069,576,26309,26885,26.1667
3238,3239.png,5,-0.49815,5.00482,-0.511353,0.00481844,-0.0132032,576,26309,26885,35.3841
3239,3240.png,5,-0.47415,5.00482,-0.511353,0.00481844,-0.0372032,576,26309,26885,25.4026
3240,3241.png,5,-0.8603,4.97763,-0.822209,-0.022367,0.0380908,576,26309,26885,40.1471
3241,3242.png,5,-0.8418,4.97763,-0.822209,-0.022367,0.0195908,576,26309,26885,31.1738
3242,3243.png,9,-0.57525,5.04333,-0.908035,-3.95667,-0.332785,576,26309,26885,38.4129
3243,3244.png,9,-0.5635,5.04333,-0.908035,-3.95667,-0.344535,576,26309,26885,29.0686
3244,3245.png,5,-0.96675,5.05692,-0.844189,0.0569248,0.122561,576,26309,26885,23.5459
3245,3246.png,5,-0.964,5.05692,-0.844189,0.0569248,0.119811,576,26309,26885,35.0889
3246,3247.png,5,-0.88325,5.01615,-0.798136,0.0161457,0.0851139,576,26309,26885,29.672
3247,3248.png,5,-0.888,5.01615,-0.798136,0.0161457,0.089864,576,26309,26885,28.1903
3248,3249.png,5,-0.7165,4.94138,-0.690331,-0.0586152,0.0261691,576,26309,26885,28.5007
3249,3250.png,5,-0.72375,4.94138,-0.690331,-0.0586152,0.0334191,576,26309,26885,34.7031
3250,3251.png,5,-0.44375,4.94818,-0.440181,-0.0518188,0.00356922,576,26309,26885,35.2163
3251,3252.png,5,-0.46125,4.94818,-0.440181,-0.0518188,0.0210692,576,26309,26885,34.7533
3252,3253.png,5,-0.11325,4.9799,-0.0947853,-0.020102,0.0184647,576,26309,26885,35.7548
3253,3254.png,5,-0.135,4.9799,-0.0947853,-0.020102,0.0402147,576,26309,26885,31.9424
3254,3255.png,5,0.2725,4.94592,0.257937,-0.0540838,-0.0145632,576,26309,26885,37.2788
3255,3256.png,5,0.248,4.94592,0.257937,-0.0540838,0.00993684,576,26309,26885,30.83
3256,3257.png,5,0.78475,4.86889,0.784403,-0.131111,-0.000346541,576,26309,26885,37.9816
3257,3258.png,5,0.759,4.86889,0.784403,-0.131111,0.0254034,576,26309,26885,24.9799
3258,3259.png,5,1.23915,4.67179,1.25644,-0.328208,0.0172937,576,26309,26885,25.4947
3259,3260.png,5,1.2144,4.67179,1.25644,-0.328208,0.0420437,576,26309,26885,32.5793
3260,3261.png,5,1.5394,4.74429,1.21667,-0.255713,-0.322729,576,26309,26885,29.4683
3261,3262.png,5,1.51815,4.74429,1.21667,-0.255713,-0.301479,576,26309,26885,43.609
3262,3263.png,5,1.6255,4.91193,1.37053,-0.0880666,-0.254971,576,26309,26885,38.0085
3263,3264.png,5,1.612,4.91193,1.37053,-0.0880666,-0.241471,576,26309,26885,31.9743
3264,3265.png,5,1.70125,4.96857,1.51183,-0.0314293,-0.189423,576,26309,26885,35.7536
3265,3266.png,5,1.696,4.96857,1.51183,-0.0314293,-0.184173,576,26309,26885,35.384
3266,3267.png,5,1.554,4.95951,1.48252,-0.0404911,-0.0714791,576,26309,26885,30.6416
3267,3268.png,5,1.55625,4.95951,1.48252,-0.0404911,-0.073729,576,26309,26885,29.1429
3268,3269.png,5,1.45625,4.91873,1.39251,-0.0812697,-0.0637411,576,26309,26885,35.8931
3269,3270.png,5,1.4625,4.91873,1.39251,-0.0812697,-0.0699911,576,26309,26885,25.5594
3270,3271.png,5,1.2905,4.83038,1.25435,-0.169624,-0.0361494,576,26309,26885,34.4852
3271,3272.png,5,1.30125,4.83038,1.25435,-0.169624,-0.0468993,576,26309,26885,23.7654
3272,3273.png,5,1.10125,4.75108,1.11096,-0.248916,0.009709,576,26309,26885,37.662
3273,3274.png,5,1.11375,4.75108,1.11096,-0.248916,-0.00279093,576,26309,26885,27.5321
3274,3275.png,5,0.89375,4.89834,0.935121,-0.101659,0.0413712,576,26309,26885,35.2073
3275,3276.png,5,0.9075,4.89834,0.935121,-0.101659,0.0276212,576,26309,26885,27.3184
3276,3277.png,5,0.73,4.94592,0.672412,-0.0540838,-0.0575884,576,26309,26885,33.0336
3277,3278.png,5,0.744,4.94592,0.672412,-0.0540838,-0.0715884,576,26309,26885,29.6029
3278,3279.png,5,0.51025,4.93459,0.552047,-0.0654116,0.0417966,576,26309,26885,35.8074
3279,3280.png,5,0.524,4.93459,0.552047,-0.0654116,0.0280466,576,26309,26885,34.3829
3280,3281.png,5,0.303,4.95498,0.367836,-0.045022,0.0648355,576,26309,26885,27.5109
3281,3282.png,5,0.316,4.95498,0.367836,-0.045022,0.0518355,576,26309,26885,27.193
3282,3283.png,5,0.14125,4.98216,0.164785,-0.0178361,0.023535,576,26309,26885,35.8509
3283,3284.png,5,0.15225,4.98216,0.164785,-0.0178361,0.012535,576,26309,26885,26.1723
3284,3285.png,5,-0.0052,5.00029,0.037093,0.000287533,0.042293,576,26309,26885,35.7177
3285,3286.png,5,0.005,5.00029,0.037093,0.000287533,0.032093,576,26309,26885,23.6294
3286,3287.png,5,0.005,5.00029,0.037093,0.000287533,0.032093,576,26309,26885,24.8566
3287,3288.png,5,-0.101,4.98896,-0.0518726,-0.0110397,0.0491274,576,26309,26885,23.558
3288,3289.png,5,-0.095,4.98896,-0.0518726,-0.0110397,0.0431274,576,26309,26885,35.6298
3289,3290.png,5,-0.1165,4.99123,-0.0571058,-0.00877428,0.0593942,576,26309,26885,34.8403
3290,3291.png,5,-0.115,4.99123,-0.0571058,-0.00877428,0.0578942,576,26309,26885,37.4774
3291,3292.png,5,-0.115,4.99123,-0.0571058,-0.00877428,0.0578942,576,26309,26885,38.7751
3292,3293.png,5,-0.07655,4.98669,-0.0351261,-0.0133052,0.0414239,576,26309,26885,33.1783
3293,3294.png,5,-0.0783,4.98669,-0.0351261,-0.0133052,0.0431739,576,26309,26885,34.6358
3294,3295.png,5,-0.0001,4.99576,0.0234865,-0.00424337,0.0235865,576,26309,26885,28.5097
3295,3296.png,5,-0.00435,4.99576,0.0234865,-0.00424337,0.0278365,576,26309,26885,28.0554
3296,3297.png,5,0.07785,5.01161,0.0810523,0.0116148,0.00320231,576,26309,26885,38.2477
3297,3298.png,5,0.0736,5.01161,0.0810523,0.0116148,0.00745231,576,26309,26885,31.3513
3298,3299.png,5,0.1609,4.9799,0.145945,-0.020102,-0.014955,576,26309,26885,45.5537
3299,3300.png,5,0.1564,4.9799,0.145945,-0.020102,-0.010455,576,26309,26885,39.1444
3300,3301.png,5,0.2442,4.96631,0.204558,-0.0336947,-0.0396424,576,26309,26885,31.6256
3301,3302.png,5,0.24,4.96631,0.204558,-0.0336947,-0.0354424,576,26309,26885,25.2588
3302,3303.png,5,0.24,4.96631,0.204558,-0.0336947,-0.0354424,576,26309,26885,34.3219
3303,3304.png,5,0.2824,4.93685,0.248517,-0.0631461,-0.0338831,576,26309,26885,28.7911
3304,3305.png,5,0.28,4.93685,0.248517,-0.0631461,-0.0314831,576,26309,26885,29.9914
3305,3306.png,5,0.28,4.93685,0.248517,-0.0631461,-0.0314831,576,26309,26885,37.9461
3306,3307.png,13,0.163,4.94138,0.261077,-8.05861,0.0980767,576,26309,26885,28.5318
3307,3308.png,13,0.162,4.94138,0.261077,-8.05861,0.0990767,576,26309,26885,27.6535
3308,3309.png,13,0.162,4.94138,0.261077,-8.05861,0.0990767,576,26309,26885,36.143
3309,3310.png,5,0.2894,4.94138,0.26631,-0.0586152,-0.0230899,576,26309,26885,35.096
3310,3311.png,5,0.29,4.94138,0.26631,-0.0586152,-0.0236899,576,26309,26885,28.448
3311,3312.png,5,0.29,4.94138,0.26631,-0.0586152,-0.0236899,576,26309,26885,29.1618
3312,3313.png,5,0.2953,4.94592,0.26945,-0.0540838,-0.0258501,576,26309,26885,32.4152
3313,3314.png,5,0.295,4.94592,0.26945,-0.0540838,-0.02555,576,26309,26885,28.2134
3314,3315.png,5,0.295,4.94592,0.26945,-0.0540838,-0.02555,576,26309,26885,35.8826
3315,3316.png,5,0.3684,4.93006,0.332249,-0.0699425,-0.0361508,576,26309,26885,23.6436
3316,3317.png,5,0.3634,4.93006,0.332249,-0.0699425,-0.0311508,576,26309,26885,32.8662
3317,3318.png,5,0.3634,4.93006,0.332249,-0.0699425,-0.0311508,576,26309,26885,38.3385
3318,3319.png,5,0.33915,4.94818,0.32283,-0.0518188,-0.0163205,576,26309,26885,35.2932
3319,3320.png,5,0.3404,4.94818,0.32283,-0.0518188,-0.0175705,576,26309,26885,31.3075
3320,3321.png,5,0.3113,4.93459,0.293523,-0.0654116,-0.0177768,576,26309,26885,34.9822
3321,3322.png,5,0.3128,4.93459,0.293523,-0.0654116,-0.0192767,576,26309,26885,26.0452
3322,3323.png,5,0.27885,4.92553,0.261077,-0.0744739,-0.0177733,576,26309,26885,29.4434
3323,3324.png,5,0.2806,4.92553,0.261077,-0.0744739,-0.0195233,576,26309,26885,24.9294
3324,3325.png,5,0.2321,4.95271,0.213978,-0.0472879,-0.0181224,576,26309,26885,28.7772
3325,3326.png,5,0.2346,4.95271,0.213978,-0.0472879,-0.0206224,576,26309,26885,34.6399
3326,3327.png,5,0.1667,4.98896,0.126059,-0.0110397,-0.0406413,576,26309,26885,24.9581
3327,3328.png,5,0.1702,4.98896,0.126059,-0.0110397,-0.0441413,576,26309,26885,33.0095
3328,3329.png,5,0.1702,4.98896,0.126059,-0.0110397,-0.0441413,576,26309,26885,28.6735
3329,3330.png,5,0.08775,4.99349,0.0590729,-0.00650883,-0.0286771,576,26309,26885,45.2129
3330,3331.png,5,0.092,4.99349,0.0590729,-0.00650883,-0.0329271,576,26309,26885,27.682
3331,3332.png,5,-0.0166,4.97084,-0.00581984,-0.0291638,0.0107802,576,26309,26885,35.7426
3332,3333.png,5,-0.01,4.97084,-0.00581984,-0.0291638,0.00418016,576,26309,26885,34.02
3333,3334.png,5,-0.1478,4.98443,-0.127232,-0.0155711,0.0205684,576,26309,26885,35.4539
3334,3335.png,5,-0.14,4.98443,-0.127232,-0.0155711,0.0127684,576,26309,26885,32.8967
3335,3336.png,5,-0.14,4.98443,-0.127232,-0.0155711,0.0127684,576,26309,26885,35.1364
3336,3337.png,5,-0.299,4.96177,-0.257017,-0.0382257,0.0419835,576,26309,26885,29.5604
3337,3338.png,5,-0.29,4.96177,-0.257017,-0.0382257,0.0329835,576,26309,26885,35.5859
3338,3339.png,5,-0.4702,4.97763,-0.50298,-0.022367,-0.03278,576,26309,26885,33.7126
3339,3340.png,5,-0.46,4.97763,-0.50298,-0.022367,-0.04298,576,26309,26885,30.5098
3340,3341.png,5,-0.575,4.95951,-0.663118,-0.0404911,-0.0881179,576,26309,26885,37.9031
3341,3342.png,5,-0.5655,4.95951,-0.663118,-0.0404911,-0.0976179,576,26309,26885,35.0445
3342,3343.png,5,-0.5655,4.95951,-0.663118,-0.0404911,-0.0976179,576,26309,26885,35.5696
3343,3344.png,5,-0.7541,5.01841,-0.742664,0.0184116,0.0114365,576,26309,26885,23.4543
3344,3345.png,5,-0.74385,5.01841,-0.742664,0.0184116,0.00118643,576,26309,26885,41.7924
3345,3346.png,5,-0.74385,5.01841,-0.742664,0.0184116,0.00118643,576,26309,26885,35.9059
3346,3347.png,5,-0.94625,5.06372,-0.955134,0.0637212,-0.00888407,576,26309,26885,36.2629
3347,3348.png,5,-0.93525,5.06372,-0.955134,0.0637212,-0.0198841,576,26309,26885,27.8051
3348,3349.png,5,-0.93525,5.06372,-0.955134,0.0637212,-0.0198841,576,26309,26885,37.436
3349,3350.png,5,-1.0555,5.0388,-1.02317,0.0388007,0.0323335,576,26309,26885,35.6214
3350,3351.png,5,-1.044,5.0388,-1.02317,0.0388007,0.0208335,576,26309,26885,29.8367
3351,3352.png,5,-1.044,5.0388,-1.02317,0.0388007,0.0208335,576,26309,26885,32.3561
3352,3353.png,5,-1.16275,4.9799,-1.16028,-0.020102,0.00247204,576,26309,26885,33.2479
3353,3354.png,5,-1.32725,4.96857,-1.2932,-0.0314293,0.0340471,576,26309,26885,23.523
3354,3355.png,5,-1.31625,4.96857,-1.2932,-0.0314293,0.0230471,576,26309,26885,33.0128
3355,3356.png,5,-1.31625,4.96857,-1.2932,-0.0314293,0.0230471,576,26309,26885,37.5224
3356,3357.png,5,-1.46425,5.00255,-1.45229,0.00255299,0.0119557,576,26309,26885,35.5764
3357,3358.png,5,-1.455,5.00255,-1.45229,0.00255299,0.00270581,576,26309,26885,38.3933
3358,3359.png,5,-1.455,5.00255,-1.45229,0.00255299,0.00270581,576,26309,26885,32.8773
3359,3360.png,5,-1.555,5.01388,-1.50463,0.0138807,0.0503732,576,26309,26885,34.004
3360,3361.png,5,-1.54875,5.01388,-1.50463,0.0138807,0.0441233,576,26309,26885,37.7476
3361,3362.png,5,-1.54875,5.01388,-1.50463,0.0138807,0.0441233,576,26309,26885,35.496
3362,3363.png,5,-1.38775,5.02068,-1.52556,0.0206771,-0.13781,576,26309,26885,35.4695
3363,3364.png,5,-1.3845,5.02068,-1.52556,0.0206771,-0.14106,576,26309,26885,37.1754
3364,3365.png,5,-1.3845,5.02068,-1.52556,0.0206771,-0.14106,576,26309,26885,30.1551
3365,3366.png,5,-1.353,5.04786,-1.48369,0.0478625,-0.130694,576,26309,26885,27.3171
3366,3367.png,5,-1.35525,5.04786,-1.48369,0.0478625,-0.128444,576,26309,26885,32.869
3367,3368.png,5,-1.41975,5.0388,-1.40415,0.0388007,0.0156018,576,26309,26885,37.3219
3368,3369.png,5,-1.42875,5.0388,-1.40415,0.0388007,0.0246018,576,26309,26885,35.3728
3369,3370.png,5,-1.42875,5.0388,-1.40415,0.0388007,0.0246018,576,26309,26885,33.7431
3370,3371.png,5,-1.24075,4.99576,-1.19691,-0.00424337,0.043839,576,26309,26885,38.5046
3371,3372.png,5,-1.2525,4.99576,-1.19691,-0.00424337,0.0555891,576,26309,26885,23.6529
3372,3373.png,5,-1.2525,4.99576,-1.19691,-0.00424337,0.0555891,576,26309,26885,29.1938
3373,3374.png,5,-0.94025,5.0456,-0.992814,0.0455976,-0.0525637,576,26309,26885,37.0963
3374,3375.png,5,-0.9555,5.0456,-0.992814,0.0455976,-0.0373136,576,26309,26885,29.9499
3375,3376.png,5,-0.9555,5.0456,-0.992814,0.0455976,-0.0373136,576,26309,26885,23.8938
3376,3377.png,5,-0.66675,4.99802,-0.735337,-0.00197792,-0.0685869,576,26309,26885,34.6268
3377,3378.png,5,-0.686,4.99802,-0.735337,-0.00197792,-0.0493369,576,26309,26885,33.9324
3378,3379.png,5,-0.686,4.99802,-0.735337,-0.00197792,-0.0493369,576,26309,26885,34.1565
3379,3380.png,5,-0.407,4.96631,-0.447507,-0.0336947,-0.0405074,576,26309,26885,35.5847
3380,3381.png,5,-0.4275,4.96631,-0.447507,-0.0336947,-0.0200074,576,26309,26885,27.6963
3381,3382.png,5,-0.1315,4.99123,-0.143978,-0.00877428,-0.0124781,576,26309,26885,30.2784
3382,3383.png,5,-0.15,4.99123,-0.143978,-0.00877428,0.0060219,576,26309,26885,35.1825
3383,3384.png,5,0.13325,4.99576,0.116639,-0.00424337,-0.0166113,576,26309,26885,36.8346
3384,3385.png,5,0.116,4.99576,0.116639,-0.00424337,0.000638716,576,26309,26885,25.8968
3385,3386.png,5,0.4147,4.92553,0.341669,-0.0744739,-0.0730309,576,26309,26885,38.3227
3386,3387.png,5,0.4002,4.92553,0.341669,-0.0744739,-0.0585309,576,26309,26885,32.1023
3387,3388.png,5,0.6682,4.89834,0.574026,-0.101659,-0.094174,576,26309,26885,29.0912
3388,3389.png,5,0.655,4.89834,0.574026,-0.101659,-0.0809739,576,26309,26885,33.9273
3389,3390.png,5,0.67565,4.87569,0.647292,-0.124314,-0.028358,576,26309,26885,40.4592
3390,3391.png,5,0.6699,4.87569,0.647292,-0.124314,-0.022608,576,26309,26885,35.2891
3391,3392.png,5,0.6699,4.88928,0.616939,-0.110722,-0.0529611,576,26309,26885,28.7873
3392,3393.png,5,0.6699,4.88928,0.616939,-0.110722,-0.0529611,576,26309,26885,36.9257
3393,3394.png,5,0.514,4.91193,0.502854,-0.0880666,-0.0111464,576,26309,26885,35.6959
3394,3395.png,5,0.52,4.91193,0.502854,-0.0880666,-0.0171464,576,26309,26885,34.8403
3395,3396.png,5,0.3585,4.96177,0.404468,-0.0382257,0.0459683,576,26309,26885,28.6071
3396,3397.png,5,0.368,4.96177,0.404468,-0.0382257,0.0364683,576,26309,26885,35.3222
3397,3398.png,5,0.1702,4.96404,0.159552,-0.0359602,-0.0106484,576,26309,26885,32.6141
3398,3399.png,5,0.1827,4.96404,0.159552,-0.0359602,-0.0231484,576,26309,26885,35.0452
3399,3400.png,5,-0.0703,4.98216,-0.0487325,-0.0178361,0.0215675,576,26309,26885,24.4205
3400,3401.png,5,-0.05655,4.98216,-0.0487325,-0.0178361,0.00781746,576,26309,26885,23.5556
3401,3402.png,5,-0.05655,4.98216,-0.0487325,-0.0178361,0.00781746,576,26309,26885,36.0364
3402,3403.png,5,-0.3724,4.9799,-0.306209,-0.020102,0.0661907,576,26309,26885,28.8208
3403,3404.png,5,-0.355,4.9799,-0.306209,-0.020102,0.0487907,576,26309,26885,29.4374
3404,3405.png,5,-0.6359,4.94138,-0.661025,-0.0586152,-0.0251245,576,26309,26885,35.3542
3405,3406.png,5,-0.62,4.94138,-0.661025,-0.0586152,-0.0410246,576,26309,26885,34.0447
3406,3407.png,5,-0.62,4.94138,-0.661025,-0.0586152,-0.0410246,576,26309,26885,28.6264
3407,3408.png,5,-0.7326,4.96177,-0.77197,-0.0382257,-0.0393699,576,26309,26885,23.7541
3408,3409.png,5,-0.7221,4.96177,-0.77197,-0.0382257,-0.0498698,576,26309,26885,26.2868
3409,3410.png,5,-0.7221,4.96177,-0.77197,-0.0382257,-0.0498698,576,26309,26885,37.0383
3410,3411.png,5,-0.8233,5.0456,-0.76255,0.0455976,0.0607501,576,26309,26885,32.509
3411,3412.png,5,-0.8178,5.0456,-0.76255,0.0455976,0.0552501,576,26309,26885,32.5556
3412,3413.png,5,-0.7605,5.03427,-0.77197,0.0342698,-0.0114698,576,26309,26885,34.5007
3413,3414.png,5,-0.76,5.03427,-0.77197,0.0342698,-0.0119699,576,26309,26885,33.4206
3414,3415.png,5,-0.76,5.03427,-0.77197,0.0342698,-0.0119699,576,26309,26885,32.8167
3415,3416.png,5,-0.709,4.99802,-0.726964,-0.00197792,-0.0179636,576,26309,26885,35.5381
3416,3417.png,5,-0.712,4.99802,-0.726964,-0.00197792,-0.0149636,576,26309,26885,27.115
3417,3418.png,5,-0.712,4.99802,-0.726964,-0.00197792,-0.0149636,576,26309,26885,37.5057
3418,3419.png,5,-0.59725,4.98896,-0.600319,-0.0110397,-0.00306869,576,26309,26885,35.5749
3419,3420.png,5,-0.604,4.98896,-0.600319,-0.0110397,0.0036813,576,26309,26885,35.9939
3420,3421.png,5,-0.46375,4.98669,-0.472627,-0.0133052,-0.00887713,576,26309,26885,38.1309
3421,3422.png,5,-0.472,4.98669,-0.472627,-0.0133052,-0.00062713,576,26309,26885,26.7573
3422,3423.png,5,-0.2935,4.96404,-0.251783,-0.0359602,0.0417167,576,26309,26885,29.3255
3423,3424.png,5,-0.304,4.96404,-0.251783,-0.0359602,0.0522167,576,26309,26885,26.1232
3424,3425.png,5,-0.117,4.98669,-0.0790856,-0.0133052,0.0379144,576,26309,26885,29.3262
3425,3426.png,5,-0.128,4.98669,-0.0790856,-0.0133052,0.0489144,576,26309,26885,29.2597
3426,3427.png,5,-0.128,4.98669,-0.0790856,-0.0133052,0.0489144,576,26309,26885,29.4611
3427,3428.png,5,0.0678,5.00029,0.0653526,0.000287533,-0.0024474,576,26309,26885,38.232
3428,3429.png,5,0.05655,5.00029,0.0653526,0.000287533,0.0088026,576,26309,26885,23.6405
3429,3430.png,5,0.05655,5.00029,0.0653526,0.000287533,0.0088026,576,26309,26885,25.0441
3430,3431.png,5,0.2823,4.95045,0.239097,-0.0495529,-0.0432027,576,26309,26885,53.3738
3431,3432.png,5,0.27,4.95045,0.239097,-0.0495529,-0.0309027,576,26309,26885,34.2568
3432,3433.png,5,0.27,4.95045,0.239097,-0.0495529,-0.0309027,576,26309,26885,38.2898
3433,3434.png,5,0.4608,4.97084,0.377256,-0.0291638,-0.0835445,576,26309,26885,35.354
3434,3435.png,5,0.45,4.97084,0.377256,-0.0291638,-0.0727445,576,26309,26885,29.5343
3435,3436.png,5,0.45,4.97084,0.377256,-0.0291638,-0.0727445,576,26309,26885,35.5804
3436,3437.png,5,0.5304,4.93912,0.501807,-0.0608807,-0.0285928,576,26309,26885,28.7989
3437,3438.png,5,0.5244,4.93912,0.501807,-0.0608807,-0.0225928,576,26309,26885,38.6417
3438,3439.png,5,0.5511,4.92553,0.542627,-0.0744739,-0.0084734,576,26309,26885,38.3195
3439,3440.png,5,0.5481,4.92553,0.542627,-0.0744739,-0.00547338,576,26309,26885,36.8918
3440,3441.png,5,0.5389,4.95271,0.51646,-0.0472879,-0.0224398,576,26309,26885,29.5093
3441,3442.png,5,0.5394,4.95271,0.51646,-0.0472879,-0.0229398,576,26309,26885,35.6763
3442,3443.png,5,0.5394,4.95271,0.51646,-0.0472879,-0.0229398,576,26309,26885,41.1732
3443,3444.png,5,0.4842,4.9731,0.459941,-0.0268984,-0.0242589,576,26309,26885,35.5057
3444,3445.png,5,0.4872,4.9731,0.459941,-0.0268984,-0.0272589,576,26309,26885,32.7385
3445,3446.png,5,0.3906,4.96857,0.389815,-0.0314293,-0.000784993,576,26309,26885,38.6966
3446,3447.png,5,0.39585,4.96857,0.389815,-0.0314293,-0.006035,576,26309,26885,28.3002
3447,3448.png,5,0.39585,4.96857,0.389815,-0.0314293,-0.006035,576,26309,26885,38.0176
3448,3449.png,5,0.26705,4.92779,0.280963,-0.0722079,0.0139134,576,26309,26885,37.1083
3449,3450.png,5,0.27405,4.92779,0.280963,-0.0722079,0.00691342,576,26309,26885,33.776
3450,3451.png,5,0.13145,4.98443,0.122918,-0.0155711,-0.00853155,576,26309,26885,25.0384
3451,3452.png,5,0.1392,4.98443,0.122918,-0.0155711,-0.0162816,576,26309,26885,35.4659
3452,3453.png,5,-0.0149,4.97537,0.0119734,-0.0246329,0.0268734,576,26309,26885,38.3561
3453,3454.png,5,-0.005,4.97537,0.0119734,-0.0246329,0.0169734,576,26309,26885,29.2265
3454,3455.png,13,-0.11775,4.99123,-0.153398,-8.00877,-0.0356479,576,26309,26885,29.1919
3455,3456.png,13,-0.108,4.99123,-0.153398,-8.00877,-0.0453979,576,26309,26885,35.476
3456,3457.png,13,-0.108,4.99123,-0.153398,-8.00877,-0.0453979,576,26309,26885,23.3126
3457,3458.png,5,-0.3802,4.96404,-0.339702,-0.0359602,0.040498,576,26309,26885,29.8227
3458,3459.png,5,-0.4553,4.97763,-0.473674,-0.022367,-0.0183737,576,26309,26885,38.4714
3459,3460.png,5,-0.44805,4.97763,-0.473674,-0.022367,-0.0256237,576,26309,26885,25.9458
3460,3461.png,5,-0.44805,4.97763,-0.473674,-0.022367,-0.0256237,576,26309,26885,35.0035
3461,3462.png,5,-0.62875,4.98896,-0.646371,-0.0110397,-0.0176214,576,26309,26885,27.3097
3462,3463.png,5,-0.616,4.98896,-0.646371,-0.0110397,-0.0303714,576,26309,26885,30.4875
3463,3464.png,5,-0.79025,5.00482,-0.71859,0.00481844,0.0716596,576,26309,26885,37.9708
3464,3465.png,5,-0.78,5.00482,-0.71859,0.00481844,0.0614095,576,26309,26885,33.256
3465,3466.png,5,-0.75875,4.99802,-0.701844,-0.00197792,0.056906,576,26309,26885,35.7001
3466,3467.png,5,-0.76,4.99802,-0.701844,-0.00197792,0.058156,576,26309,26885,30.675
3467,3468.png,5,-0.70475,4.98443,-0.673584,-0.0155711,0.0311656,576,26309,26885,28.6943
3468,3469.png,5,-0.708,4.98443,-0.673584,-0.0155711,0.0344156,576,26309,26885,34.8381
3469,3470.png,5,-0.58475,4.99802,-0.553219,-0.00197792,0.0315307,576,26309,26885,28.934
3470,3471.png,5,-0.592,4.99802,-0.553219,-0.00197792,0.0387807,576,26309,26885,31.1762
3471,3472.png,5,-0.40075,4.96404,-0.395175,-0.0359602,0.00557524,576,26309,26885,35.5033
3472,3473.png,5,-0.412,4.96404,-0.395175,-0.0359602,0.0168252,576,26309,26885,27.9435
3473,3474.png,5,-0.19525,4.98216,-0.151305,-0.0178361,0.0439454,576,26309,26885,37.233
3474,3475.png,5,0.0314,4.99802,0.0287198,-0.00197792,-0.00268018,576,26309,26885,28.9794
3475,3476.png,5,0.0174,4.99802,0.0287198,-0.00197792,0.0113198,576,26309,26885,33.4745
3476,3477.png,5,0.2609,4.95271,0.229677,-0.0472879,-0.0312227,576,26309,26885,35.3048
3477,3478.png,5,0.2484,4.95271,0.229677,-0.0472879,-0.0187227,576,26309,26885,35.6563
3478,3479.png,5,0.2484,4.95271,0.229677,-0.0472879,-0.0187227,576,26309,26885,38.3519
3479,3480.png,13,0.2343,4.96404,0.343763,-8.03596,0.109463,576,26309,26885,35.7951
3480,3481.png,13,0.2268,4.96404,0.343763,-8.03596,0.116963,576,26309,26885,37.6717
3481,3482.png,5,0.526,4.93912,0.440054,-0.0608807,-0.0859457,576,26309,26885,33.2646
3482,3483.png,5,0.52,4.93912,0.440054,-0.0608807,-0.0799456,576,26309,26885,25.5088
3483,3484.png,5,0.5536,4.93232,0.56042,-0.067677,0.00681978,576,26309,26885,35.8561
3484,3485.png,5,0.7335,4.89608,0.664038,-0.103925,-0.0694616,576,26309,26885,23.7689
3485,3486.png,5,0.72,4.89608,0.664038,-0.103925,-0.0559616,576,26309,26885,24.4207
3486,3487.png,5,0.72,4.89608,0.664038,-0.103925,-0.0559616,576,26309,26885,31.3916
3487,3488.png,5,0.6775,4.90514,0.622172,-0.0948629,-0.0553277,576,26309,26885,35.1607
3488,3489.png,5,0.68,4.90514,0.622172,-0.0948629,-0.0578277,576,26309,26885,29.7666
3489,3490.png,5,0.5695,4.90967,0.56356,-0.090332,-0.00594038,576,26309,26885,28.9629
3490,3491.png,5,0.576,4.90967,0.56356,-0.090332,-0.0124403,576,26309,26885,37.6701
3491,3492.png,5,0.41875,4.94818,0.459941,-0.0518188,0.0411911,576,26309,26885,38.2674
3492,3493.png,5,0.428,4.94818,0.459941,-0.0518188,0.0319411,576,26309,26885,29.0364
3493,3494.png,5,0.24525,4.92779,0.286196,-0.0722079,0.0409464,576,26309,26885,32.4471
3494,3495.png,5,0.256,4.92779,0.286196,-0.0722079,0.0301964,576,26309,26885,27.2628
3495,3496.png,5,0.0668,4.99123,0.061166,-0.00877428,-0.00563401,576,26309,26885,35.5121
3496,3497.png,5,0.0783,4.99123,0.061166,-0.00877428,-0.017134,576,26309,26885,35.646
3497,3498.png,5,-0.1538,4.99349,-0.103159,-0.00650883,0.0506415,576,26309,26885,23.6613
3498,3499.png,5,-0.14,4.99349,-0.103159,-0.00650883,0.0368415,576,26309,26885,32.5874
3499,3500.png,5,-0.352,4.95045,-0.299929,-0.0495529,0.0520706,576,26309,26885,37.9033
3500,3501.png,5,-0.34,4.95045,-0.299929,-0.0495529,0.0400706,576,26309,26885,35.8882
3501,3502.png,5,-0.4874,4.96631,-0.505073,-0.0336947,-0.0176733,576,26309,26885,29.3645
3502,3503.png,5,-0.4784,4.96631,-0.505073,-0.0336947,-0.0266733,576,26309,26885,27.8191
3503,3504.png,5,-0.549,4.96631,-0.572059,-0.0336947,-0.0230591,576,26309,26885,35.6355
3504,3505.png,5,-0.54375,4.96631,-0.572059,-0.0336947,-0.0283091,576,26309,26885,27.8456
3505,3506.png,5,-0.58515,4.99123,-0.587759,-0.00877428,-0.00260884,576,26309,26885,37.9416
3506,3507.png,5,-0.5829,4.99123,-0.587759,-0.00877428,-0.00485885,576,26309,26885,34.2406
3507,3508.png,5,-0.519,5.00708,-0.562639,0.00708389,-0.0436391,576,26309,26885,34.5047
3508,3509.png,5,-0.52,5.00708,-0.562639,0.00708389,-0.0426391,576,26309,26885,23.5798
3509,3510.png,5,-0.4605,5.01161,-0.486234,0.0116148,-0.0257335,576,26309,26885,34.2277
3510,3511.png,5,-0.464,5.01161,-0.486234,0.0116148,-0.0222335,576,26309,26885,27.7306
3511,3512.png,5,-0.36625,4.9731,-0.394128,-0.0268984,-0.027878,576,26309,26885,33.138
3512,3513.png,5,-0.372,4.9731,-0.394128,-0.0268984,-0.022128,576,26309,26885,27.1604
3513,3514.png,5,-0.25725,4.94818,-0.201544,-0.0518188,0.0557061,576,26309,26885,23.4816
3514,3515.png,5,-0.264,4.94818,-0.201544,-0.0518188,0.062456,576,26309,26885,23.7195
3515,3516.png,5,-0.1399,4.99802,-0.0895521,-0.00197792,0.0503479,576,26309,26885,34.4655
3516,3517.png,5,-0.1479,4.99802,-0.0895521,-0.00197792,0.0583479,576,26309,26885,33.2033
3517,3518.png,5,-0.0007,4.98443,0.0182535,-0.0155711,0.0189535,576,26309,26885,35.5927
3518,3519.png,5,-0.0087,4.98443,0.0182535,-0.0155711,0.0269535,576,26309,26885,29.2369
3519,3520.png,5,0.149,4.98896,0.117685,-0.0110397,-0.0313145,576,26309,26885,33.6877
3520,3521.png,5,0.14,4.98896,0.117685,-0.0110397,-0.0223145,576,26309,26885,35.5056
3521,3522.png,13,0.1582,4.94365,0.248517,-8.05635,0.0903169,576,26309,26885,35.6205
3522,3523.png,13,0.1512,4.94365,0.248517,-8.05635,0.0973169,576,26309,26885,28.245
3523,3524.png,5,0.3966,4.94365,0.324923,-0.0563498,-0.0716773,576,26309,26885,36.9725
3524,3525.png,5,0.39,4.94365,0.324923,-0.0563498,-0.0650773,576,26309,26885,33.7839
3525,3526.png,5,0.45095,4.94365,0.419121,-0.0563498,-0.0318287,576,26309,26885,30.1959
3526,3527.png,5,0.4462,4.94365,0.419121,-0.0563498,-0.0270787,576,26309,26885,35.6284
3527,3528.png,5,0.61055,4.90514,0.572979,-0.0948629,-0.0375707,576,26309,26885,29.0204
3528,3529.png,5,0.6003,4.90514,0.572979,-0.0948629,-0.0273207,576,26309,26885,35.6653
3529,3530.png,5,0.53075,4.91646,0.536346,-0.0835357,0.00559652,576,26309,26885,31.5495
3530,3531.png,5,0.532,4.91646,0.536346,-0.0835357,0.00434649,576,26309,26885,29.6991
3531,3532.png,5,0.46825,4.93459,0.482967,-0.0654116,0.0147173,576,26309,26885,35.6502
3532,3533.png,5,0.472,4.93459,0.482967,-0.0654116,0.0109673,576,26309,26885,27.1617
3533,3534.png,5,0.34875,4.96857,0.388769,-0.0314293,0.0400186,576,26309,26885,34.412
3534,3535.png,5,0.356,4.96857,0.388769,-0.0314293,0.0327686,576,26309,26885,31.0539
3535,3536.png,5,0.23535,4.94365,0.238051,-0.0563498,0.00270052,576,26309,26885,35.3898
3536,3537.png,5,0.2436,4.94365,0.238051,-0.0563498,-0.00554948,576,26309,26885,33.4833
3537,3538.png,5,0.0734,4.99802,0.0684925,-0.00197792,-0.00490753,576,26309,26885,37.7852
3538,3539.png,5,0.08265,4.99802,0.0684925,-0.00197792,-0.0141575,576,26309,26885,27.5307
3539,3540.png,5,-0.1011,5.00482,-0.0518726,0.00481844,0.0492274,576,26309,26885,41.4719
3540,3541.png,5,-0.09,5.00482,-0.0518726,0.00481844,0.0381274,576,26309,26885,28.1121
3541,3542.png,13,-0.1489,4.95724,-0.178518,-8.04276,-0.0296176,576,26309,26885,34.7232
3542,3543.png,13,-0.1404,4.95724,-0.178518,-8.04276,-0.0381176,576,26309,26885,23.9926
3543,3544.png,5,-0.375,4.96177,-0.398315,-0.0382257,-0.0233146,576,26309,26885,23.806
3544,3545.png,5,-0.368,4.96177,-0.398315,-0.0382257,-0.0303146,576,26309,26885,33.0995
3545,3546.png,5,-0.463,4.96177,-0.483094,-0.0382257,-0.0200936,576,26309,26885,36.7365
3546,3547.png,5,-0.45675,4.96177,-0.483094,-0.0382257,-0.0263436,576,26309,26885,34.8925
3547,3548.png,5,-0.60275,4.99349,-0.625438,-0.00650883,-0.0226883,576,26309,26885,35.3908
3548,3549.png,5,-0.592,4.99349,-0.625438,-0.00650883,-0.0334383,576,26309,26885,35.5118
3549,3550.png,5,-0.592,4.99349,-0.590899,-0.00650883,0.00110114,576,26309,26885,35.4512
3550,3551.png,5,-0.592,4.99349,-0.590899,-0.00650883,0.00110114,576,26309,26885,32.9319
3551,3552.png,5,-0.5495,5.00482,-0.538566,0.00481844,0.0109338,576,26309,26885,29.224
3552,3553.png,5,-0.552,5.00482,-0.538566,0.00481844,0.0134338,576,26309,26885,26.1869
3553,3554.png,5,-0.45,5.00255,-0.457974,0.00255299,-0.00797397,576,26309,26885,35.5503
3554,3555.png,5,-0.456,5.00255,-0.457974,0.00255299,-0.00197396,576,26309,26885,34.9221
3555,3556.png,5,-0.32,4.96631,-0.295743,-0.0336947,0.0242572,576,26309,26885,32.2979
3556,3557.png,5,-0.328,4.96631,-0.295743,-0.0336947,0.0322572,576,26309,26885,33.1387
3557,3558.png,5,-0.1665,4.99123,-0.133512,-0.00877428,0.0329884,576,26309,26885,40.7519
3558,3559.png,5,-0.176,4.99123,-0.133512,-0.00877428,0.0424884,576,26309,26885,29.4687
3559,3560.png,5,-0.012,4.98896,0.0088335,-0.0110397,0.0208335,576,26309,26885,37.9286
3560,3561.png,5,-0.02175,4.98896,0.0088335,-0.0110397,0.0305835,576,26309,26885,29.9033
3561,3562.png,5,0.16615,4.98443,0.152225,-0.0155711,-0.0139249,576,26309,26885,37.7989
3562,3563.png,5,0.1564,4.98443,0.152225,-0.0155711,-0.00417487,576,26309,26885,34.955
3563,3564.png,13,0.18915,4.95724,0.287243,-8.04276,0.0980932,576,26309,26885,35.5371
3564,3565.png,13,0.1809,4.95724,0.287243,-8.04276,0.106343,576,26309,26885,36.2519
3565,3566.png,5,0.4781,4.96857,0.399235,-0.0314293,-0.078865,576,26309,26885,34.234
3566,3567.png,5,0.47,4.96857,0.399235,-0.0314293,-0.070765,576,26309,26885,28.1245
3567,3568.png,5,0.5193,4.93912,0.515413,-0.0608807,-0.00388658,576,26309,26885,35.1727
3568,3569.png,5,0.5133,4.93912,0.515413,-0.0608807,0.0021134,576,26309,26885,34.176
3569,3570.png,5,0.693,4.89608,0.645198,-0.103925,-0.0478016,576,26309,26885,35.6255
3570,3571.png,5,0.68,4.89608,0.645198,-0.103925,-0.0348015,576,26309,26885,24.4314
3571,3572.png,5,0.6545,4.89608,0.603332,-0.103925,-0.0511677,576,26309,26885,35.8979
3572,3573.png,5,0.656,4.89608,0.603332,-0.103925,-0.0526677,576,26309,26885,28.3018
3573,3574.png,5,0.58375,4.90514,0.558326,-0.0948629,-0.0254237,576,26309,26885,35.5742
3574,3575.png,5,0.588,4.90514,0.558326,-0.0948629,-0.0296737,576,26309,26885,34.4805
3575,3576.png,5,0.45625,4.93912,0.492387,-0.0608807,0.0361372,576,26309,26885,28.7778
3576,3577.png,5,0.464,4.93912,0.492387,-0.0608807,0.0283872,576,26309,26885,37.0219
3577,3578.png,5,0.294,4.93232,0.338529,-0.067677,0.0445293,576,26309,26885,35.583
3578,3579.png,5,0.304,4.93232,0.338529,-0.067677,0.0345293,576,26309,26885,31.6511
3579,3580.png,5,0.1236,4.98669,0.115592,-0.0133052,-0.00800803,576,26309,26885,35.4926
3580,3581.png,5,0.13485,4.98669,0.115592,-0.0133052,-0.019258,576,26309,26885,30.0647
3581,3582.png,5,-0.06595,4.99802,-0.0288462,-0.00197792,0.0371038,576,26309,26885,35.5202
3582,3583.png,5,-0.0552,4.99802,-0.0288462,-0.00197792,0.0263538,576,26309,26885,35.582
3583,3584.png,13,-0.1563,4.96404,-0.184797,-8.03596,-0.0284975,576,26309,26885,35.496
3584,3585.png,13,-0.1458,4.96404,-0.184797,-8.03596,-0.0389975,576,26309,26885,33.3811
3585,3586.png,5,-0.4608,4.96857,-0.460067,-0.0314293,0.00073272,576,26309,26885,28.5497
3586,3587.png,5,-0.45,4.96857,-0.460067,-0.0314293,-0.0100673,576,26309,26885,27.9521
3587,3588.png,5,-0.5387,4.96857,-0.566826,-0.0314293,-0.0281258,576,26309,26885,29.2125
3588,3589.png,5,-0.5307,4.96857,-0.566826,-0.0314293,-0.0361257,576,26309,26885,28.7827
3589,3590.png,5,-0.726,5.00029,-0.723824,0.000287533,0.00217623,576,26309,26885,34.364
3590,3591.png,5,-0.712,5.00029,-0.723824,0.000287533,-0.0118238,576,26309,26885,36.181
3591,3592.png,5,-0.7205,4.99349,-0.733244,-0.00650883,-0.0127436,576,26309,26885,37.2572
3592,3593.png,5,-0.72,4.99349,-0.733244,-0.00650883,-0.0132436,576,26309,26885,26.8641
3593,3594.png,5,-0.669,4.97763,-0.679864,-0.022367,-0.0108643,576,26309,26885,35.2551
3594,3595.png,5,-0.672,4.97763,-0.679864,-0.022367,-0.00786436,576,26309,26885,27.4899
3595,3596.png,5,-0.5445,4.98669,-0.545893,-0.0133052,-0.00139266,576,26309,26885,35.4657
3596,3597.png,5,-0.552,4.98669,-0.545893,-0.0133052,0.00610733,576,26309,26885,34.594
3597,3598.png,5,-0.3905,4.99576,-0.399361,-0.00424337,-0.00886136,576,26309,26885,23.5892
3598,3599.png,5,-0.4,4.99576,-0.399361,-0.00424337,0.000638634,576,26309,26885,23.8669
3599,3600.png,5,-0.20875,4.96404,-0.170144,-0.0359602,0.0386056,576,26309,26885,23.5009
3600,3601.png,5,-0.22,4.96404,-0.170144,-0.0359602,0.0498556,576,26309,26885,31.8527
3601,3602.png,5,-0.03225,5.00482,0.000460269,0.00481844,0.0327103,576,26309,26885,34.5225
3602,3603.png,5,-0.0435,5.00482,0.000460269,0.00481844,0.0439603,576,26309,26885,31.3324
3603,3604.png,5,0.1771,4.97537,0.156412,-0.0246329,-0.0206883,576,26309,26885,35.0843
3604,3605.png,5,0.1656,4.97537,0.156412,-0.0246329,-0.00918826,576,26309,26885,28.7829
3605,3606.png,13,0.2152,4.95045,0.296663,-8.04955,0.0814631,576,26309,26885,28.4824
3606,3607.png,13,0.2052,4.95045,0.296663,-8.04955,0.0914631,576,26309,26885,27.5685
3607,3608.png,5,0.5496,4.93459,0.454708,-0.0654116,-0.0948923,576,26309,26885,37.3208
3608,3609.png,5,0.54,4.93459,0.454708,-0.0654116,-0.0852923,576,26309,26885,35.7106
3609,3610.png,5,0.5986,4.89154,0.597053,-0.108456,-0.0015474,576,26309,26885,35.7049
3610,3611.png,5,0.5916,4.89154,0.597053,-0.108456,0.00545257,576,26309,26885,34.9151
3611,3612.png,5,0.799,4.9142,0.700671,-0.0858011,-0.0983288,576,26309,26885,27.6992
3612,3613.png,5,0.784,4.9142,0.700671,-0.0858011,-0.0833288,576,26309,26885,33.7794
3613,3614.png,5,0.7585,4.92553,0.659852,-0.0744739,-0.0986482,576,26309,26885,34.4133
3614,3615.png,5,0.76,4.92553,0.659852,-0.0744739,-0.100148,576,26309,26885,37.2213
3615,3616.png,5,0.675,4.89154,0.602286,-0.108456,-0.0727144,576,26309,26885,38.0821
3616,3617.png,5,0.68,4.89154,0.602286,-0.108456,-0.0777144,576,26309,26885,36.8578
3617,3618.png,5,0.5185,4.88928,0.52588,-0.110722,0.00738019,576,26309,26885,30.5965
3618,3619.png,5,0.528,4.88928,0.52588,-0.110722,-0.00211984,576,26309,26885,29.37
3619,3620.png,5,0.3155,4.95045,0.365742,-0.0495529,0.0502421,576,26309,26885,35.4006
3620,3621.png,5,0.328,4.95045,0.365742,-0.0495529,0.037742,576,26309,26885,31.2353
3621,3622.png,5,0.0815,5.00029,0.0622127,0.000287533,-0.0192873,576,26309,26885,42.8445
3622,3623.png,5,0.096,5.00029,0.0622127,0.000287533,-0.0337873,576,26309,26885,31.5956
3623,3624.png,5,-0.19515,4.95951,-0.153398,-0.0404911,0.0417521,576,26309,26885,37.0384
3624,3625.png,5,-0.1794,4.95951,-0.153398,-0.0404911,0.0260021,576,26309,26885,23.6379
3625,3626.png,13,-0.2882,4.97537,-0.532286,-8.02463,-0.244086,576,26309,26885,36.8586
3626,3627.png,13,-0.2727,4.97537,-0.532286,-8.02463,-0.259586,576,26309,26885,28.5892
3627,3628.png,5,-0.74105,4.96404,-0.76883,-0.0359602,-0.0277798,576,26309,26885,24.1945
3628,3629.png,5,-0.7268,4.96404,-0.76883,-0.0359602,-0.0420297,576,26309,26885,34.8484
3629,3630.png,5,-0.9587,5.07052,-0.940481,0.0705175,0.0182191,576,26309,26885,35.5366
3630,3631.png,5,-0.94395,5.07052,-0.940481,0.0705175,0.00346905,576,26309,26885,29.5691
3631,3632.png,5,-1.31775,4.97537,-1.24296,-0.0246329,0.0747864,576,26309,26885,35.6457
3632,3633.png,5,-1.28625,4.97537,-1.24296,-0.0246329,0.0432864,576,26309,26885,35.4656
3633,3634.png,5,-1.36225,4.96857,-1.32042,-0.0314293,0.0418341,576,26309,26885,26.4134
3634,3635.png,5,-1.3575,4.96857,-1.32042,-0.0314293,0.0370841,576,26309,26885,30.6445
3635,3636.png,5,-1.3455,5.00708,-1.33088,0.00708389,0.0146176,576,26309,26885,37.3401
3636,3637.png,5,-1.34625,5.00708,-1.33088,0.00708389,0.0153676,576,26309,26885,32.407
3637,3638.png,5,-1.21825,4.98443,-1.19586,-0.0155711,0.0223858,576,26309,26885,29.089
3638,3639.png,5,-1.22625,4.98443,-1.19586,-0.0155711,0.0303859,576,26309,26885,23.5499
3639,3640.png,5,-1.22625,4.98443,-1.19586,-0.0155711,0.0303859,576,26309,26885,28.6296
3640,3641.png,5,-1.03025,5.04107,-1.00956,0.0410666,0.0206898,576,26309,26885,35.2401
3641,3642.png,5,-1.0425,5.04107,-1.00956,0.0410666,0.0329399,576,26309,26885,35.9605
3642,3643.png,5,-0.7945,5.02068,-0.78139,0.0206771,0.0131103,576,26309,26885,35.4798
3643,3644.png,5,-0.81,5.02068,-0.78139,0.0206771,0.0286103,576,26309,26885,32.2165
3644,3645.png,5,-0.538,4.99802,-0.546939,-0.00197792,-0.00893945,576,26309,26885,37.4915
3645,3646.png,5,-0.555,4.99802,-0.546939,-0.00197792,0.00806057,576,26309,26885,37.4462
3646,3647.png,5,-0.2945,4.99576,-0.269576,-0.00424337,0.0249237,576,26309,26885,28.868
3647,3648.png,5,-0.312,4.99576,-0.269576,-0.00424337,0.0424237,576,26309,26885,33.5612
3648,3649.png,5,-0.023,4.98443,-0.0173329,-0.0155711,0.00566707,576,26309,26885,34.1702
3649,3650.png,5,-0.04,4.98443,-0.0173329,-0.0155711,0.0226671,576,26309,26885,37.582
3650,3651.png,5,0.245,4.9731,0.208744,-0.0268984,-0.0362558,576,26309,26885,37.056
3651,3652.png,5,0.23,4.9731,0.208744,-0.0268984,-0.0212558,576,26309,26885,35.648
3652,3653.png,5,0.23,4.9731,0.208744,-0.0268984,-0.0212558,576,26309,26885,34.5943
3653,3654.png,5,0.515,4.94365,0.397142,-0.0563498,-0.117858,576,26309,26885,30.8983
3654,3655.png,5,0.5,4.94365,0.397142,-0.0563498,-0.102858,576,26309,26885,35.3137
3655,3656.png,5,0.5,4.94365,0.397142,-0.0563498,-0.102858,576,26309,26885,23.8877
3656,3657.png,5,0.5914,4.89834,0.568793,-0.101659,-0.0226074,576,26309,26885,34.6948
3657,3658.png,5,0.5829,4.89834,0.568793,-0.101659,-0.0141073,576,26309,26885,28.081
3658,3659.png,5,0.5829,4.89834,0.568793,-0.101659,-0.0141073,576,26309,26885,29.0166
3659,3660.png,5,0.6427,4.88475,0.592866,-0.115252,-0.0498341,576,26309,26885,35.0026
3660,3661.png,5,0.63945,4.88475,0.592866,-0.115252,-0.0465841,576,26309,26885,33.0775
3661,3662.png,5,0.63945,4.88475,0.592866,-0.115252,-0.0465841,576,26309,26885,36.3519
3662,3663.png,5,0.55825,4.90514,0.545766,-0.0948629,-0.0124835,576,26309,26885,34.7633
3663,3664.png,5,0.458,4.91873,0.473547,-0.0812697,0.0155473,576,26309,26885,34.6818
3664,3665.png,5,0.464,4.91873,0.473547,-0.0812697,0.00954729,576,26309,26885,27.5321
3665,3666.png,5,0.464,4.91873,0.473547,-0.0812697,0.00954729,576,26309,26885,23.9967
3666,3667.png,5,0.311,4.93459,0.356322,-0.0654116,0.0453225,576,26309,26885,34.9042
3667,3668.png,5,0.32,4.93459,0.356322,-0.0654116,0.0363225,576,26309,26885,29.0218
3668,3669.png,5,0.15425,4.95951,0.151178,-0.0404911,-0.00307162,576,26309,26885,33.6201
3669,3670.png,5,0.164,4.95951,0.151178,-0.0404911,-0.0128216,576,26309,26885,28.3056
3670,3671.png,5,0.164,4.95951,0.151178,-0.0404911,-0.0128216,576,26309,26885,35.3464
3671,3672.png,5,-0.04705,4.98216,-0.0529192,-0.0178361,-0.00586915,576,26309,26885,35.7198
3672,3673.png,5,-0.2793,4.95271,-0.225617,-0.0472879,0.0536831,576,26309,26885,30.0575
3673,3674.png,5,-0.2668,4.95271,-0.225617,-0.0472879,0.0411831,576,26309,26885,35.8638
3674,3675.png,5,-0.2668,4.95271,-0.225617,-0.0472879,0.0411831,576,26309,26885,33.9748
3675,3676.png,5,-0.2668,4.95271,-0.225617,-0.0472879,0.0411831,576,26309,26885,37.4501
3676,3677.png,5,-0.5391,4.98669,-0.537519,-0.0133052,0.00158054,576,26309,26885,35.741
3677,3678.png,5,-0.525,4.98669,-0.537519,-0.0133052,-0.0125195,576,26309,26885,35.4917
3678,3679.png,5,-0.63335,4.93232,-0.71231,-0.067677,-0.0789605,576,26309,26885,34.4303
3679,3680.png,5,-0.6256,4.93232,-0.71231,-0.067677,-0.0867105,576,26309,26885,35.584
3680,3681.png,5,-0.7204,4.96404,-0.773016,-0.0359602,-0.0526164,576,26309,26885,28.9613
3681,3682.png,5,-0.7134,4.96404,-0.773016,-0.0359602,-0.0596164,576,26309,26885,32.2145
3682,3683.png,5,-0.7732,5.00708,-0.742664,0.00708389,0.0305364,576,26309,26885,35.3753
3683,3684.png,5,-0.76995,5.00708,-0.742664,0.00708389,0.0272864,576,26309,26885,23.6878
3684,3685.png,5,-0.79295,5.0388,-0.74685,0.0388007,0.0460998,576,26309,26885,23.9053
3685,3686.png,5,-0.7917,5.0388,-0.74685,0.0388007,0.0448499,576,26309,26885,28.4355
3686,3687.png,5,-0.7025,5.00482,-0.717544,0.00481844,-0.0150439,576,26309,26885,35.3855
3687,3688.png,5,-0.704,5.00482,-0.717544,0.00481844,-0.0135438,576,26309,26885,28.594
3688,3689.png,5,-0.636,4.99123,-0.694517,-0.00877428,-0.0585175,576,26309,26885,35.1221
3689,3690.png,5,-0.64,4.99123,-0.694517,-0.00877428,-0.0545175,576,26309,26885,32.8254
3690,3691.png,5,-0.5465,5.01388,-0.581479,0.0138807,-0.0349789,576,26309,26885,34.1976
3691,3692.png,5,-0.552,5.01388,-0.581479,0.0138807,-0.0294789,576,26309,26885,29.5671
3692,3693.png,5,-0.4415,4.99576,-0.511353,-0.00424337,-0.0698532,576,26309,26885,31.8589
3693,3694.png,5,-0.448,4.99576,-0.511353,-0.00424337,-0.0633532,576,26309,26885,27.4453
3694,3695.png,5,-0.3676,4.9731,-0.375288,-0.0268984,-0.00768825,576,26309,26885,35.624
3695,3696.png,5,-0.3741,4.9731,-0.375288,-0.0268984,-0.00118825,576,26309,26885,35.9203
3696,3697.png,5,-0.3741,4.9731,-0.375288,-0.0268984,-0.00118825,576,26309,26885,28.2583
3697,3698.png,5,-0.2499,4.95045,-0.220384,-0.0495529,0.0295163,576,26309,26885,34.9708
3698,3699.png,5,-0.25665,4.95045,-0.220384,-0.0495529,0.0362663,576,26309,26885,26.0768
3699,3700.png,5,-0.15015,4.99349,-0.131418,-0.00650883,0.0187317,576,26309,26885,35.1873
3700,3701.png,5,-0.1564,4.99349,-0.131418,-0.00650883,0.0249817,576,26309,26885,36.1151
3701,3702.png,5,-0.0481,4.99576,-0.0550125,-0.00424337,-0.00691246,576,26309,26885,35.0265
3702,3703.png,5,-0.055,4.99576,-0.0550125,-0.00424337,-1.24611e-05,576,26309,26885,33.6282
3703,3704.png,5,-0.055,4.99576,-0.0550125,-0.00424337,-1.24611e-05,576,26309,26885,31.451
3704,3705.png,13,0.0175,4.98896,0.02558,-8.01104,0.00807995,576,26309,26885,34.1194
3705,3706.png,13,0.0135,4.98896,0.02558,-8.01104,0.01208,576,26309,26885,38.255
3706,3707.png,5,0.0833,4.99123,0.0643058,-0.00877428,-0.0189942,576,26309,26885,35.0682
3707,3708.png,5,0.08,4.99123,0.0643058,-0.00877428,-0.0156941,576,26309,26885,37.3942
3708,3709.png,5,0.0906,4.99123,0.0622127,-0.00877428,-0.0283873,576,26309,26885,35.1511
3709,3710.png,5,0.09,4.99123,0.0622127,-0.00877428,-0.0277873,576,26309,26885,35.3238
3710,3711.png,5,-0.0584,4.99123,-0.0319861,-0.00877428,0.0264139,576,26309,26885,37.7797
3711,3712.png,5,-0.05,4.99123,-0.0319861,-0.00877428,0.0180139,576,26309,26885,26.024
3712,3713.png,5,-0.1454,4.99576,-0.113625,-0.00424337,0.0317749,576,26309,26885,23.512
3713,3714.png,5,-0.14,4.99576,-0.113625,-0.00424337,0.0263749,576,26309,26885,32.16
3714,3715.png,13,-0.1346,4.9799,-0.174331,-8.0201,-0.039731,576,26309,26885,33.759
3715,3716.png,13,-0.1296,4.9799,-0.174331,-8.0201,-0.044731,576,26309,26885,34.5077
3716,3717.png,5,-0.3354,4.99576,-0.293649,-0.00424337,0.0417505,576,26309,26885,43.3018
3717,3718.png,5,-0.33,4.99576,-0.293649,-0.00424337,0.0363505,576,26309,26885,31.3873
3718,3719.png,5,-0.4678,4.98216,-0.48414,-0.0178361,-0.0163402,576,26309,26885,35.789
3719,3720.png,5,-0.46,4.98216,-0.48414,-0.0178361,-0.0241402,576,26309,26885,24.1504
3720,3721.png,5,-0.759,4.99349,-0.751037,-0.00650883,0.00796324,576,26309,26885,37.057
3721,3722.png,5,-0.7395,4.99349,-0.751037,-0.00650883,-0.0115368,576,26309,26885,28.2294
3722,3723.png,5,-0.8085,5.04107,-0.751037,0.0410666,0.0574632,576,26309,26885,31.9864
3723,3724.png,5,-0.80475,5.04107,-0.751037,0.0410666,0.0537133,576,26309,26885,35.5534
3724,3725.png,5,-0.82315,5.04107,-0.785576,0.0410666,0.0375738,576,26309,26885,28.9061
3725,3726.png,5,-0.82215,5.04107,-0.785576,0.0410666,0.0365738,576,26309,26885,36.4582
3726,3727.png,5,-0.69225,5.00935,-0.716497,0.00934982,-0.0242471,576,26309,26885,29.362
3727,3728.png,5,-0.696,5.00935,-0.716497,0.00934982,-0.0204971,576,26309,26885,36.2132
3728,3729.png,5,-0.594,4.99576,-0.646371,-0.00424337,-0.0523714,576,26309,26885,38.4757
3729,3730.png,5,-0.6,4.99576,-0.646371,-0.00424337,-0.0463714,576,26309,26885,25.0464
3730,3731.png,5,-0.5145,4.99349,-0.53438,-0.00650883,-0.0198796,576,26309,26885,35.6152
3731,3732.png,5,-0.522,4.99349,-0.53438,-0.00650883,-0.0123796,576,26309,26885,30.2878
3732,3733.png,5,-0.3794,4.98669,-0.396221,-0.0133052,-0.0168213,576,26309,26885,35.6278
3733,3734.png,5,-0.38715,4.98669,-0.396221,-0.0133052,-0.00907132,576,26309,26885,29.4114
3734,3735.png,5,-0.24455,4.96177,-0.223524,-0.0382257,0.0210264,576,26309,26885,34.9084
3735,3736.png,5,-0.2523,4.96177,-0.223524,-0.0382257,0.0287764,576,26309,26885,27.5386
3736,3737.png,5,-0.1257,4.99123,-0.121998,-0.00877428,0.00370171,576,26309,26885,35.6795
3737,3738.png,5,-0.135,4.99123,-0.121998,-0.00877428,0.0130017,576,26309,26885,28.7877
3738,3739.png,5,0.0028,4.99576,-0.011053,-0.00424337,-0.013853,576,26309,26885,34.2424
3739,3740.png,5,-0.005,4.99576,-0.011053,-0.00424337,-0.00605301,576,26309,26885,35.1378
3740,3741.png,5,0.0957,5.01388,0.0643058,0.0138807,-0.0313942,576,26309,26885,24.4686
3741,3742.png,5,0.09,5.01388,0.0643058,0.0138807,-0.0256942,576,26309,26885,24.3393
3742,3743.png,5,0.09,5.01388,0.0643058,0.0138807,-0.0256942,576,26309,26885,35.2963
3743,3744.png,5,0.13615,4.98669,0.0925658,-0.0133052,-0.0435842,576,26309,26885,39.275
3744,3745.png,5,0.1334,4.98669,0.0925658,-0.0133052,-0.0408342,576,26309,26885,31.7098
3745,3746.png,5,0.13995,4.98896,0.0883792,-0.0110397,-0.0515708,576,26309,26885,35.705
3746,3747.png,5,0.1392,4.98896,0.0883792,-0.0110397,-0.0508208,576,26309,26885,33.052
3747,3748.png,5,0.1116,4.98896,0.0643058,-0.0110397,-0.0472941,576,26309,26885,36.3036
3748,3749.png,5,0.1131,4.98896,0.0643058,-0.0110397,-0.0487942,576,26309,26885,26.327
3749,3750.png,5,0.0533,4.97763,0.0172067,-0.022367,-0.0360933,576,26309,26885,34.384
3750,3751.png,5,0.05655,4.97763,0.0172067,-0.022367,-0.0393433,576,26309,26885,37.9606
3751,3752.png,5,-0.03085,4.9799,-0.047686,-0.020102,-0.016836,576,26309,26885,29.5451
3752,3753.png,5,-0.0261,4.9799,-0.047686,-0.020102,-0.021586,576,26309,26885,33.4476
3753,3754.png,5,-0.13915,4.97763,-0.127232,-0.022367,0.0119184,576,26309,26885,34.9377
3754,3755.png,5,-0.1334,4.97763,-0.127232,-0.022367,0.00616835,576,26309,26885,40.5448
3755,3756.png,5,-0.2775,4.97084,-0.192124,-0.0291638,0.085376,576,26309,26885,28.7848
3756,3757.png,5,-0.27,4.97084,-0.192124,-0.0291638,0.077876,576,26309,26885,30.3151
3757,3758.png,5,-0.3972,5.01388,-0.386802,0.0138807,0.0103984,576,26309,26885,37.8235
3758,3759.png,5,-0.39,5.01388,-0.386802,0.0138807,0.00319844,576,26309,26885,31.2131
3759,3760.png,5,-0.5066,4.9799,-0.51554,-0.020102,-0.0089398,576,26309,26885,29.0612
3760,3761.png,5,-0.5,4.9799,-0.51554,-0.020102,-0.0155398,576,26309,26885,25.5725
3761,3762.png,5,-0.5795,4.97763,-0.590899,-0.022367,-0.0113989,576,26309,26885,37.0881
3762,3763.png,5,-0.575,4.97763,-0.590899,-0.022367,-0.0158989,576,26309,26885,34.5943
3763,3764.png,5,-0.575,4.97763,-0.590899,-0.022367,-0.0158989,576,26309,26885,28.5767
3764,3765.png,5,-0.58235,4.96404,-0.624392,-0.0359602,-0.0420418,576,26309,26885,35.1883
3765,3766.png,5,-0.5796,4.96404,-0.624392,-0.0359602,-0.0447918,576,26309,26885,26.7026
3766,3767.png,5,-0.5987,4.95724,-0.652651,-0.042757,-0.0539513,576,26309,26885,36.7634
3767,3768.png,5,-0.59595,4.95724,-0.652651,-0.042757,-0.0567013,576,26309,26885,29.549
3768,3769.png,5,-0.66495,4.96177,-0.697657,-0.0382257,-0.0327073,576,26309,26885,28.6536
3769,3770.png,5,-0.6612,4.96177,-0.697657,-0.0382257,-0.0364574,576,26309,26885,25.6794
3770,3771.png,5,-0.7762,5.01388,-0.720684,0.0138807,0.0555163,576,26309,26885,41.2284
3771,3772.png,5,-0.76995,5.01388,-0.720684,0.0138807,0.0492663,576,26309,26885,33.0184
3772,3773.png,5,-0.90335,5.06146,-0.872448,0.0614557,0.0309016,576,26309,26885,32.3408
3773,3774.png,5,-0.8961,5.06146,-0.872448,0.0614557,0.0236516,576,26309,26885,27.3727
3774,3775.png,9,-0.5884,5.05692,-0.946761,-3.94308,-0.358361,576,26309,26885,32.4143
3775,3776.png,9,-0.58065,5.05692,-0.946761,-3.94308,-0.366111,576,26309,26885,34.6611
3776,3777.png,5,-1.09675,5.01388,-1.02735,0.0138807,0.0693969,576,26309,26885,36.0869
3777,3778.png,5,-1.088,5.01388,-1.02735,0.0138807,0.0606469,576,26309,26885,33.6981
3778,3779.png,5,-1.192,4.96857,-1.16656,-0.0314293,0.0254421,576,26309,26885,34.7403
3779,3780.png,5,-1.18125,4.96857,-1.16656,-0.0314293,0.0146921,576,26309,26885,37.278
3780,3781.png,5,-1.50925,4.96177,-1.42403,-0.0382257,0.0852156,576,26309,26885,35.5728
3781,3782.png,5,-1.48875,4.96177,-1.42403,-0.0382257,0.0647155,576,26309,26885,31.6047
3782,3783.png,5,-1.41975,4.96857,-1.50253,-0.0314293,-0.0827835,576,26309,26885,35.5342
3783,3784.png,5,-1.4105,4.96857,-1.50253,-0.0314293,-0.0920334,576,26309,26885,29.0751
3784,3785.png,5,-1.5155,4.95724,-1.54754,-0.042757,-0.0320396,576,26309,26885,35.3199
3785,3786.png,5,-1.508,4.95724,-1.54754,-0.042757,-0.0395396,576,26309,26885,31.2216
3786,3787.png,5,-1.557,4.95045,-1.59359,-0.0495529,-0.0365924,576,26309,26885,35.0434
3787,3788.png,5,-1.5535,4.95045,-1.59359,-0.0495529,-0.0400923,576,26309,26885,23.5886
3788,3789.png,5,-1.5675,4.94818,-1.58731,-0.0518188,-0.0198125,576,26309,26885,41.3676
3789,3790.png,5,-1.5665,4.94818,-1.58731,-0.0518188,-0.0208125,576,26309,26885,35.3649
3790,3791.png,5,-1.5105,4.98669,-1.52033,-0.0133052,-0.00982666,576,26309,26885,33.6802
3791,3792.png,5,-1.5145,4.98669,-1.52033,-0.0133052,-0.00582659,576,26309,26885,35.2392
3792,3793.png,5,-1.5145,4.98669,-1.52033,-0.0133052,-0.00582659,576,26309,26885,35.719
3793,3794.png,5,-1.364,4.96404,-1.42299,-0.0359602,-0.058988,576,26309,26885,35.5458
3794,3795.png,5,-1.37475,4.96404,-1.42299,-0.0359602,-0.0482379,576,26309,26885,35.2125
3795,3796.png,5,-1.37475,4.96404,-1.42299,-0.0359602,-0.0482379,576,26309,26885,37.9426
3796,3797.png,5,-1.233,5.00935,-1.23668,0.00934982,-0.00368357,576,26309,26885,37.2406
3797,3798.png,5,-1.2495,5.00935,-1.23668,0.00934982,0.0128164,576,26309,26885,23.9362
3798,3799.png,5,-0.9495,5.03654,-0.999094,0.0365357,-0.0495935,576,26309,26885,36.0539
3799,3800.png,5,-0.9695,5.03654,-0.999094,0.0365357,-0.0295935,576,26309,26885,29.1717
3800,3801.png,5,-0.9695,5.03654,-0.999094,0.0365357,-0.0295935,576,26309,26885,35.011
3801,3802.png,5,-0.6395,4.92553,-0.690331,-0.0744739,-0.0508308,576,26309,26885,36.7312
3802,3803.png,5,-0.6615,4.92553,-0.690331,-0.0744739,-0.0288309,576,26309,26885,31.9908
3803,3804.png,5,-0.6615,4.92553,-0.690331,-0.0744739,-0.0288309,576,26309,26885,35.8761
3804,3805.png,5,-0.32075,4.99576,-0.336562,-0.00424337,-0.0158122,576,26309,26885,29.1085
3805,3806.png,5,-0.345,4.99576,-0.336562,-0.00424337,0.00843784,576,26309,26885,26.9208
3806,3807.png,5,0.031,4.9799,0.0182535,-0.020102,-0.0127465,576,26309,26885,37.2398
3807,3808.png,5,0.0075,4.9799,0.0182535,-0.020102,0.0107535,576,26309,26885,33.0227
3808,3809.png,5,0.0075,4.9799,0.0182535,-0.020102,0.0107535,576,26309,26885,35.2624
3809,3810.png,5,0.3997,4.96631,0.293523,-0.0336947,-0.106177,576,26309,26885,34.5622
3810,3811.png,5,0.37845,4.96631,0.293523,-0.0336947,-0.0849268,576,26309,26885,44.3859
3811,3812.png,5,0.8166,4.90061,0.662992,-0.0993938,-0.153608,576,26309,26885,36.2589
3812,3813.png,5,0.795,4.90061,0.662992,-0.0993938,-0.132008,576,26309,26885,33.6035
3813,3814.png,5,0.93085,4.82811,0.79487,-0.171889,-0.13598,576,26309,26885,35.6928
3814,3815.png,5,0.91785,4.82811,0.79487,-0.171889,-0.12298,576,26309,26885,31.3576
3815,3816.png,9,0.57635,4.86662,0.847203,-4.13338,0.270853,576,26309,26885,46.2729
3816,3817.png,9,0.57085,4.86662,0.847203,-4.13338,0.276353,576,26309,26885,29.5555
3817,3818.png,9,0.57085,4.86662,0.847203,-4.13338,0.276353,576,26309,26885,34.9364
3818,3819.png,9,0.54655,4.9074,0.78859,-4.0926,0.24204,576,26309,26885,37.4723
3819,3820.png,9,0.5488,4.9074,0.78859,-4.0926,0.23979,576,26309,26885,32.74
3820,3821.png,5,0.7855,4.92553,0.661945,-0.0744739,-0.123555,576,26309,26885,31.6811
3821,3822.png,5,0.792,4.92553,0.661945,-0.0744739,-0.130055,576,26309,26885,35.5678
3822,3823.png,5,0.724,4.921,0.621126,-0.0790048,-0.102874,576,26309,26885,31.6441
3823,3824.png,5,0.728,4.921,0.621126,-0.0790048,-0.106874,576,26309,26885,35.453
3824,3825.png,5,0.728,4.921,0.621126,-0.0790048,-0.106874,576,26309,26885,27.8277
3825,3826.png,5,0.5495,4.87569,0.521694,-0.124314,-0.0278065,576,26309,26885,23.6149
3826,3827.png,5,0.2795,4.91193,0.31341,-0.0880666,0.0339096,576,26309,26885,34.9124
3827,3828.png,5,0.296,4.91193,0.31341,-0.0880666,0.0174096,576,26309,26885,23.619
3828,3829.png,5,0.296,4.91193,0.31341,-0.0880666,0.0174096,576,26309,26885,32.4113
3829,3830.png,5,-0.0355,4.97537,-0.0581525,-0.0246329,-0.0226525,576,26309,26885,35.3323
3830,3831.png,5,-0.016,4.97537,-0.0581525,-0.0246329,-0.0421525,576,26309,26885,25.9647
3831,3832.png,5,-0.4917,5.0388,-0.433901,0.0388007,0.0577992,576,26309,26885,34.975
3832,3833.png,5,-0.465,5.0388,-0.433901,0.0388007,0.0310992,576,26309,26885,30.8474
3833,3834.png,5,-0.465,5.0388,-0.433901,0.0388007,0.0310992,576,26309,26885,34.8852
3834,3835.png,5,-0.7867,4.95724,-0.75941,-0.042757,0.02729,576,26309,26885,37.4045
3835,3836.png,5,-0.7682,4.95724,-0.75941,-0.042757,0.00878996,576,26309,26885,33.014
3836,3837.png,5,-1.00245,5.09317,-0.935248,0.0931726,0.0672024,576,26309,26885,33.8503
3837,3838.png,5,-0.98745,5.09317,-0.935248,0.0931726,0.0522024,576,26309,26885,37.0266
3838,3839.png,5,-1.0525,5.05466,-0.961414,0.0546594,0.091086,576,26309,26885,37.3373
3839,3840.png,5,-1.044,5.05466,-0.961414,0.0546594,0.082586,576,26309,26885,34.2325
3840,3841.png,5,-1.1545,4.99576,-1.04096,-0.00424337,0.11354,576,26309,26885,32.3471
3841,3842.png,5,-1.148,4.99576,-1.04096,-0.00424337,0.10704,576,26309,26885,37.2488
3842,3843.png,5,-1.08025,5.00482,-1.02107,0.00481844,0.0591768,576,26309,26885,35.0706
3843,3844.png,5,-1.08,5.00482,-1.02107,0.00481844,0.0589268,576,26309,26885,35.7717
3844,3845.png,5,-0.992,5.01615,-0.932108,0.0161457,0.0598922,576,26309,26885,35.0328
3845,3846.png,5,-0.9975,5.01615,-0.932108,0.0161457,0.0653923,576,26309,26885,32.2993
3846,3847.png,5,-0.8455,5.01388,-0.827442,0.0138807,0.0180576,576,26309,26885,34.2259
3847,3848.png,5,-0.623,4.96177,-0.577292,-0.0382257,0.0457078,576,26309,26885,31.1482
3848,3849.png,5,-0.6375,4.96177,-0.577292,-0.0382257,0.0602077,576,26309,26885,29.2776
3849,3850.png,5,-0.3655,4.95951,-0.390988,-0.0404911,-0.0254881,576,26309,26885,26.0768
3850,3851.png,5,-0.3825,4.95951,-0.390988,-0.0404911,-0.00848815,576,26309,26885,34.9252
3851,3852.png,5,-0.3825,4.95951,-0.390988,-0.0404911,-0.00848815,576,26309,26885,38.2221
3852,3853.png,5,-0.085,4.98216,-0.0497793,-0.0178361,0.0352207,576,26309,26885,34.8793
3853,3854.png,5,0.2089,5.00029,0.183625,0.000287533,-0.0252755,576,26309,26885,23.6325
3854,3855.png,5,0.1914,5.00029,0.183625,0.000287533,-0.00777547,576,26309,26885,28.3381
3855,3856.png,5,0.5698,4.98216,0.414935,-0.0178361,-0.154865,576,26309,26885,29.4554
3856,3857.png,5,0.55,4.98216,0.414935,-0.0178361,-0.135065,576,26309,26885,35.7348
3857,3858.png,5,0.84065,4.86436,0.749864,-0.135642,-0.0907862,576,26309,26885,35.2027
3858,3859.png,5,0.8234,4.86436,0.749864,-0.135642,-0.0735362,576,26309,26885,35.7249
3859,3860.png,5,0.95345,4.85303,0.843016,-0.146969,-0.110434,576,26309,26885,35.148
3860,3861.png,5,0.94395,4.85303,0.843016,-0.146969,-0.100934,576,26309,26885,30.478
3861,3862.png,5,0.94395,4.85303,0.843016,-0.146969,-0.100934,576,26309,26885,35.1299
3862,3863.png,5,1.00835,4.87795,0.863949,-0.122049,-0.144401,576,26309,26885,35.2441
3863,3864.png,5,0.88575,4.91193,0.800103,-0.0880666,-0.0856468,576,26309,26885,33.3531
3864,3865.png,5,0.888,4.91193,0.800103,-0.0880666,-0.0878968,576,26309,26885,28.6704
3865,3866.png,5,0.888,4.91193,0.800103,-0.0880666,-0.0878968,576,26309,26885,33.9683
3866,3867.png,5,0.7775,4.92553,0.666132,-0.0744739,-0.111368,576,26309,26885,35.6849
3867,3868.png,5,0.784,4.92553,0.666132,-0.0744739,-0.117868,576,26309,26885,33.273
3868,3869.png,5,0.6225,4.90287,0.567746,-0.0971284,-0.0547537,576,26309,26885,35.8566
3869,3870.png,5,0.428,4.95045,0.454708,-0.0495529,0.0267077,576,26309,26885,32.6732
3870,3871.png,5,0.44,4.95045,0.454708,-0.0495529,0.0147077,576,26309,26885,37.7989
3871,3872.png,5,0.185,4.93912,0.195138,-0.0608807,0.0101376,576,26309,26885,32.131
3872,3873.png,5,0.2,4.93912,0.195138,-0.0608807,-0.00486237,576,26309,26885,28.5489
3873,3874.png,5,0.2,4.93912,0.195138,-0.0608807,-0.00486237,576,26309,26885,34.9548
3874,3875.png,5,-0.0723,4.99576,-0.0539659,-0.00424337,0.0183341,576,26309,26885,35.6712
3875,3876.png,5,-0.3565,5.02747,-0.225617,0.0274734,0.130883,576,26309,26885,35.2884
3876,3877.png,5,-0.34,5.02747,-0.225617,0.0274734,0.114383,576,26309,26885,28.6833
3877,3878.png,5,-0.34,5.02747,-0.225617,0.0274734,0.114383,576,26309,26885,35.7662
3878,3879.png,5,-0.5456,4.98669,-0.541706,-0.0133052,0.00389391,576,26309,26885,29.4979
3879,3880.png,5,-0.5336,4.98669,-0.541706,-0.0133052,-0.00810611,576,26309,26885,29.2727
3880,3881.png,5,-0.7254,4.95724,-0.71859,-0.042757,0.00680953,576,26309,26885,33.609
3881,3882.png,5,-0.7134,4.95724,-0.71859,-0.042757,-0.00519043,576,26309,26885,24.3043
3882,3883.png,5,-0.7495,4.99576,-0.74685,-0.00424337,0.00264984,576,26309,26885,29.7615
3883,3884.png,5,-0.744,4.99576,-0.74685,-0.00424337,-0.00285012,576,26309,26885,35.4471
3884,3885.png,5,-0.812,5.01841,-0.794996,0.0184116,0.0170038,576,26309,26885,35.8884
3885,3886.png,5,-0.808,5.01841,-0.794996,0.0184116,0.0130038,576,26309,26885,30.1885
3886,3887.png,5,-0.808,4.99123,-0.73115,-0.00877428,0.0768498,576,26309,26885,35.3413
3887,3888.png,5,-0.7315,4.9731,-0.675678,-0.0268984,0.0558223,576,26309,26885,31.404
3888,3889.png,5,-0.736,4.9731,-0.675678,-0.0268984,0.0603223,576,26309,26885,34.0574
3889,3890.png,5,-0.61275,4.9731,-0.555313,-0.0268984,0.0574374,576,26309,26885,35.7746
3890,3891.png,5,-0.62,4.9731,-0.555313,-0.0268984,0.0646874,576,26309,26885,31.5023
3891,3892.png,5,-0.46275,4.96631,-0.486234,-0.0336947,-0.0234835,576,26309,26885,35.4826
3892,3893.png,5,-0.472,4.96631,-0.486234,-0.0336947,-0.0142335,576,26309,26885,24.8152
3893,3894.png,5,-0.472,4.96631,-0.486234,-0.0336947,-0.0142335,576,26309,26885,35.3726
3894,3895.png,5,-0.302,4.98216,-0.223524,-0.0178361,0.0784764,576,26309,26885,35.646
3895,3896.png,5,-0.312,4.98216,-0.223524,-0.0178361,0.0884764,576,26309,26885,36.4905
3896,3897.png,5,-0.1335,4.9799,-0.0989719,-0.020102,0.0345281,576,26309,26885,30.5804
3897,3898.png,5,-0.144,4.9799,-0.0989719,-0.020102,0.0450281,576,26309,26885,25.8088
3898,3899.png,5,0.0642,4.99349,0.0475594,-0.00650883,-0.0166406,576,26309,26885,43.3852
3899,3900.png,5,0.3038,4.95951,0.233864,-0.0404911,-0.0699361,576,26309,26885,31.7861
3900,3901.png,5,0.29,4.95951,0.233864,-0.0404911,-0.0561361,576,26309,26885,30.3173
3901,3902.png,5,0.29,4.95951,0.233864,-0.0404911,-0.0561361,576,26309,26885,35.5257
3902,3903.png,5,0.4702,4.97084,0.358416,-0.0291638,-0.111784,576,26309,26885,33.2775
3903,3904.png,5,0.46,4.97084,0.358416,-0.0291638,-0.101584,576,26309,26885,23.5684
3904,3905.png,5,0.5008,4.96631,0.420168,-0.0336947,-0.080632,576,26309,26885,37.4967
3905,3906.png,5,0.4968,4.96631,0.420168,-0.0336947,-0.076632,576,26309,26885,33.0516
3906,3907.png,5,0.5158,4.97763,0.447381,-0.022367,-0.0684188,576,26309,26885,34.7798
3907,3908.png,5,0.5133,4.97763,0.447381,-0.022367,-0.0659188,576,26309,26885,35.4573
3908,3909.png,5,0.5041,4.99123,0.454708,-0.00877428,-0.0493923,576,26309,26885,34.103
3909,3910.png,5,0.454,4.98216,0.415981,-0.0178361,-0.0380186,576,26309,26885,23.6038
3910,3911.png,5,0.45675,4.98216,0.415981,-0.0178361,-0.0407686,576,26309,26885,28.9209
3911,3912.png,5,0.37395,4.95951,0.359462,-0.0404911,-0.0144877,576,26309,26885,37.3497
3912,3913.png,5,0.37845,4.95951,0.359462,-0.0404911,-0.0189877,576,26309,26885,45.5701
3913,3914.png,5,0.37845,4.95951,0.359462,-0.0404911,-0.0189877,576,26309,26885,33.874
3914,3915.png,5,0.27725,4.92326,0.257937,-0.0767388,-0.0193132,576,26309,26885,35.5036
3915,3916.png,5,0.28275,4.92326,0.257937,-0.0767388,-0.0248132,576,26309,26885,34.576
3916,3917.png,5,0.1826,4.96857,0.139665,-0.0314293,-0.0429347,576,26309,26885,35.034
3917,3918.png,5,0.1886,4.96857,0.139665,-0.0314293,-0.0489347,576,26309,26885,29.1301
3918,3919.png,5,0.0513,4.99123,0.0486061,-0.00877428,-0.00269386,576,26309,26885,30.967
3919,3920.png,5,0.06,4.99123,0.0486061,-0.00877428,-0.0113939,576,26309,26885,38.6213
3920,3921.png,5,-0.0937,5.00029,-0.0665257,0.000287533,0.0271743,576,26309,26885,35.3413
3921,3922.png,5,-0.085,5.00029,-0.0665257,0.000287533,0.0184743,576,26309,26885,24.6273
3922,3923.png,5,-0.2228,4.97763,-0.161771,-0.022367,0.0610289,576,26309,26885,37.2856
3923,3924.png,5,-0.215,4.97763,-0.161771,-0.022367,0.0532289,576,26309,26885,28.2265
3924,3925.png,5,-0.3045,4.98896,-0.209917,-0.0110397,0.0945828,576,26309,26885,36.6011
3925,3926.png,5,-0.299,4.98896,-0.209917,-0.0110397,0.0890828,576,26309,26885,26.0756
3926,3927.png,5,-0.34715,4.96631,-0.290509,-0.0336947,0.0566406,576,26309,26885,37.015
3927,3928.png,5,-0.34365,4.96631,-0.290509,-0.0336947,0.0531406,576,26309,26885,38.0517
3928,3929.png,5,-0.36665,4.96857,-0.283183,-0.0314293,0.0834671,576,26309,26885,38.4325
3929,3930.png,5,-0.3654,4.96857,-0.283183,-0.0314293,0.0822171,576,26309,26885,27.3971
3930,3931.png,5,-0.3654,4.96857,-0.283183,-0.0314293,0.0822171,576,26309,26885,26.7638
3931,3932.png,5,-0.3562,4.97084,-0.250737,-0.0291638,0.105463,576,26309,26885,28.0388
3932,3933.png,5,-0.3567,4.97084,-0.250737,-0.0291638,0.105963,576,26309,26885,35.559
3933,3934.png,5,-0.3153,4.96404,-0.22143,-0.0359602,0.0938697,576,26309,26885,29.2503
3934,3935.png,5,-0.31755,4.96404,-0.22143,-0.0359602,0.0961197,576,26309,26885,33.6712
3935,3936.png,5,-0.31755,4.96404,-0.22143,-0.0359602,0.0961197,576,26309,26885,25.2697
3936,3937.png,5,-0.25315,4.95498,-0.180611,-0.045022,0.0725391,576,26309,26885,35.5695
3937,3938.png,5,-0.25665,4.95498,-0.180611,-0.045022,0.0760391,576,26309,26885,25.3091
3938,3939.png,5,-0.17845,4.97763,-0.136651,-0.022367,0.0417986,576,26309,26885,25.6737
3939,3940.png,5,-0.1827,4.97763,-0.136651,-0.022367,0.0460486,576,26309,26885,37.2108
3940,3941.png,5,-0.0861,4.98443,-0.0591991,-0.0155711,0.0269009,576,26309,26885,34.1987
3941,3942.png,5,-0.09135,4.98443,-0.0591991,-0.0155711,0.0321509,576,26309,26885,27.8873
3942,3943.png,5,0.00525,4.99123,0.02558,-0.00877428,0.02033,576,26309,26885,37.7384
3943,3944.png,5,-0,4.99123,0.02558,-0.00877428,0.02558,576,26309,26885,28.1505
3944,3945.png,5,0.1113,4.99349,0.0810523,-0.00650883,-0.0302477,576,26309,26885,33.6663
3945,3946.png,5,0.105,4.99349,0.0810523,-0.00650883,-0.0239477,576,26309,26885,31.7214
3946,3947.png,5,0.2004,4.98443,0.162691,-0.0155711,-0.0377085,576,26309,26885,38.3297
3947,3948.png,5,0.195,4.98443,0.162691,-0.0155711,-0.0323085,576,26309,26885,33.4714
3948,3949.png,5,0.2692,4.97537,0.222351,-0.0246329,-0.0468492,576,26309,26885,33.8578
3949,3950.png,5,0.265,4.97537,0.222351,-0.0246329,-0.0426492,576,26309,26885,29.7256
3950,3951.png,5,0.3021,4.94592,0.261077,-0.0540838,-0.0410233,576,26309,26885,32.8179
3951,3952.png,5,0.3,4.94592,0.261077,-0.0540838,-0.0389233,576,26309,26885,44.2572
3952,3953.png,5,0.3053,4.93459,0.267357,-0.0654116,-0.0379432,576,26309,26885,33.4422
3953,3954.png,5,0.305,4.93459,0.267357,-0.0654116,-0.0376432,576,26309,26885,35.5788
3954,3955.png,5,0.25635,4.94818,0.252703,-0.0518188,-0.00364652,576,26309,26885,37.6943
3955,3956.png,5,0.2576,4.94818,0.252703,-0.0518188,-0.00489652,576,26309,26885,37.3177
3956,3957.png,5,0.2164,4.97084,0.176298,-0.0291638,-0.0401019,576,26309,26885,32.6796
3957,3958.png,5,0.22,4.97084,0.176298,-0.0291638,-0.0437019,576,26309,26885,27.7235
3958,3959.png,5,0.1405,4.99123,0.106172,-0.00877428,-0.034328,576,26309,26885,38.2341
3959,3960.png,5,0.145,4.99123,0.106172,-0.00877428,-0.038828,576,26309,26885,24.6114
3960,3961.png,5,0.0549,4.99802,0.0475594,-0.00197792,-0.00734061,576,26309,26885,38.2401
3961,3962.png,5,0.06,4.99802,0.0475594,-0.00197792,-0.0124406,576,26309,26885,33.4619
3962,3963.png,13,-0.0207,4.99123,-0.0120998,-8.00877,0.00860024,576,26309,26885,28.1553
3963,3964.png,13,-0.0162,4.99123,-0.0120998,-8.00877,0.00410024,576,26309,26885,30.8113
3964,3965.png,5,-0.1201,4.99123,-0.0916454,-0.00877428,0.0284546,576,26309,26885,35.6633
3965,3966.png,5,-0.115,4.99123,-0.0916454,-0.00877428,0.0233546,576,26309,26885,29.5601
3966,3967.png,5,-0.1945,4.98669,-0.143978,-0.0133052,0.0505219,576,26309,26885,24.1409
3967,3968.png,5,-0.19,4.98669,-0.143978,-0.0133052,0.0460219,576,26309,26885,35.8972
3968,3969.png,5,-0.26695,4.95951,-0.177471,-0.0404911,0.0894792,576,26309,26885,37.3932
3969,3970.png,5,-0.2622,4.95951,-0.177471,-0.0404911,0.0847292,576,26309,26885,34.1465
3970,3971.png,5,-0.26635,4.96631,-0.180611,-0.0336947,0.0857391,576,26309,26885,38.6603
3971,3972.png,5,-0.26535,4.96631,-0.180611,-0.0336947,0.0847391,576,26309,26885,29.4749
3972,3973.png,5,-0.25615,4.95271,-0.181657,-0.0472879,0.0744926,576,26309,26885,35.4003
3973,3974.png,5,-0.25665,4.95271,-0.181657,-0.0472879,0.0749926,576,26309,26885,35.6668
3974,3975.png,5,-0.21525,4.97084,-0.169098,-0.0291638,0.0461524,576,26309,26885,32.9081
3975,3976.png,5,-0.2175,4.97084,-0.169098,-0.0291638,0.0484024,576,26309,26885,31.0745
3976,3977.png,5,-0.1623,4.98443,-0.125138,-0.0155711,0.0371617,576,26309,26885,37.5582
3977,3978.png,5,-0.1653,4.98443,-0.125138,-0.0155711,0.0401617,576,26309,26885,27.5413
3978,3979.png,5,-0.0972,4.9731,-0.0759455,-0.0268984,0.0212545,576,26309,26885,35.8738
3979,3980.png,5,-0.1012,4.9731,-0.0759455,-0.0268984,0.0252545,576,26309,26885,28.4483
3980,3981.png,5,-0.0236,5.00029,-0.00372653,0.000287533,0.0198735,576,26309,26885,38.0675
3981,3982.png,5,-0.0276,5.00029,-0.00372653,0.000287533,0.0238735,576,26309,26885,33.7945
3982,3983.png,5,0.0601,4.99576,0.0423264,-0.00424337,-0.0177736,576,26309,26885,37.8705
3983,3984.png,5,0.055,4.99576,0.0423264,-0.00424337,-0.0126736,576,26309,26885,31.0736
3984,3985.png,5,0.1292,4.98216,0.0883792,-0.0178361,-0.0408208,576,26309,26885,34.845
3985,3986.png,5,0.125,4.98216,0.0883792,-0.0178361,-0.0366208,576,26309,26885,30.103
3986,3987.png,13,0.1029,4.9731,0.154318,-8.0269,0.0514182,576,26309,26885,37.5069
3987,3988.png,13,0.0999,4.9731,0.154318,-8.0269,0.0544182,576,26309,26885,37.5378
3988,3989.png,5,0.2274,4.9731,0.191998,-0.0268984,-0.0354022,576,26309,26885,31.6173
3989,3990.png,5,0.225,4.9731,0.191998,-0.0268984,-0.0330022,576,26309,26885,38.7386
3990,3991.png,5,0.2568,4.96177,0.221304,-0.0382257,-0.0354959,576,26309,26885,34.7917
3991,3992.png,5,0.255,4.96177,0.221304,-0.0382257,-0.0336959,576,26309,26885,27.6455
3992,3993.png,5,0.3316,4.93912,0.289337,-0.0608807,-0.0422634,576,26309,26885,38.073
3993,3994.png,5,0.3266,4.93912,0.289337,-0.0608807,-0.0372633,576,26309,26885,24.6354
3994,3995.png,5,0.2975,4.93459,0.273637,-0.0654116,-0.0238635,576,26309,26885,23.9368
3995,3996.png,5,0.299,4.93459,0.273637,-0.0654116,-0.0253634,576,26309,26885,34.3306
3996,3997.png,5,0.2408,4.94592,0.223397,-0.0540838,-0.0174028,576,26309,26885,34.605
3997,3998.png,5,0.2438,4.94592,0.223397,-0.0540838,-0.0204028,576,26309,26885,30.4119
3998,3999.png,5,0.15165,4.98216,0.121872,-0.0178361,-0.0297779,576,26309,26885,33.1634
3999,4000.png,5,0.1564,4.98216,0.121872,-0.0178361,-0.0345279,576,26309,26885,31.7844
4000,4001.png,5,0.0587,4.99802,0.0548863,-0.00197792,-0.00381375,576,26309,26885,35.4723
4001,4002.png,5,0.065,4.99802,0.0548863,-0.00197792,-0.0101137,576,26309,26885,31.6028
4002,4003.png,5,-0.0516,4.99576,-0.0288462,-0.00424337,0.0227538,576,26309,26885,33.9774
4003,4004.png,5,-0.045,4.99576,-0.0288462,-0.00424337,0.0161538,576,26309,26885,28.0983
4004,4005.png,5,-0.151,4.98669,-0.125138,-0.0133052,0.0258617,576,26309,26885,39.0429
4005,4006.png,5,-0.145,4.98669,-0.125138,-0.0133052,0.0198617,576,26309,26885,27.7105
4006,4007.png,5,-0.2351,4.97084,-0.160724,-0.0291638,0.0743756,576,26309,26885,38.009
4007,4008.png,5,-0.23,4.97084,-0.160724,-0.0291638,0.0692756,576,26309,26885,32.533
4008,4009.png,5,-0.26495,4.95724,-0.183751,-0.042757,0.0811993,576,26309,26885,34.1112
4009,4010.png,5,-0.2622,4.95724,-0.183751,-0.042757,0.0784492,576,26309,26885,35.1195
4010,4011.png,5,-0.28645,4.95498,-0.192124,-0.045022,0.094326,576,26309,26885,36.8164
4011,4012.png,5,-0.2852,4.95498,-0.192124,-0.045022,0.093076,576,26309,26885,40.0389
4012,4013.png,5,-0.2651,4.95045,-0.185844,-0.0495529,0.0792559,576,26309,26885,34.0117
4013,4014.png,5,-0.26535,4.95045,-0.185844,-0.0495529,0.079506,576,26309,26885,29.2566
4014,4015.png,5,-0.23315,4.96404,-0.175378,-0.0359602,0.0577725,576,26309,26885,37.6654
4015,4016.png,5,-0.2349,4.96404,-0.175378,-0.0359602,0.0595225,576,26309,26885,28.9941
4016,4017.png,5,-0.1797,4.98896,-0.137698,-0.0110397,0.0420018,576,26309,26885,34.3431
4017,4018.png,5,-0.1827,4.98896,-0.137698,-0.0110397,0.0450018,576,26309,26885,34.8483
4018,4019.png,5,-0.1253,4.99576,-0.0947853,-0.00424337,0.0305147,576,26309,26885,36.6761
4019,4020.png,5,-0.1288,4.99576,-0.0947853,-0.00424337,0.0340147,576,26309,26885,25.6542
4020,4021.png,5,-0.0512,4.99349,-0.0257062,-0.00650883,0.0254938,576,26309,26885,34.8839
4021,4022.png,5,-0.0552,4.99349,-0.0257062,-0.00650883,0.0294938,576,26309,26885,29.0758
4022,4023.png,5,0.0248,4.98443,0.0308129,-0.0155711,0.00601294,576,26309,26885,23.7216
4023,4024.png,5,0.02,4.98443,0.0308129,-0.0155711,0.0108129,576,26309,26885,34.6631
4024,4025.png,5,0.1048,4.99123,0.0737258,-0.00877428,-0.0310742,576,26309,26885,35.6716
4025,4026.png,5,0.1,4.99123,0.0737258,-0.00877428,-0.0262742,576,26309,26885,34.2832
4026,4027.png,13,0.09235,4.9799,0.138619,-8.0201,0.0462685,576,26309,26885,38.0585
4027,4028.png,13,0.0891,4.9799,0.138619,-8.0201,0.0495185,576,26309,26885,34.6676
4028,4029.png,5,0.2127,4.9799,0.178391,-0.020102,-0.0343088,576,26309,26885,35.5882
4029,4030.png,5,0.21,4.9799,0.178391,-0.020102,-0.0316088,576,26309,26885,24.8146
4030,4031.png,5,0.2524,4.96404,0.210837,-0.0359602,-0.0415627,576,26309,26885,33.3566
4031,4032.png,5,0.25,4.96404,0.210837,-0.0359602,-0.0391627,576,26309,26885,34.7722
4032,4033.png,5,0.3367,4.94138,0.292477,-0.0586152,-0.0442235,576,26309,26885,28.8739
4033,4034.png,5,0.3312,4.94138,0.292477,-0.0586152,-0.0387235,576,26309,26885,37.5223
4034,4035.png,5,0.3118,4.93232,0.286196,-0.067677,-0.0256036,576,26309,26885,35.7343
4035,4036.png,5,0.3128,4.93232,0.286196,-0.067677,-0.0266036,576,26309,26885,29.9327
4036,4037.png,5,0.25945,4.93006,0.230724,-0.0699425,-0.028726,576,26309,26885,32.973
4037,4038.png,5,0.2622,4.93006,0.230724,-0.0699425,-0.031476,576,26309,26885,35.5108
4038,4039.png,5,0.1749,4.97084,0.144898,-0.0291638,-0.0300017,576,26309,26885,37.0959
4039,4040.png,5,0.1794,4.97084,0.144898,-0.0291638,-0.0345017,576,26309,26885,28.4317
4040,4041.png,5,0.0837,5.00029,0.0663994,0.000287533,-0.0173007,576,26309,26885,36.9649
4041,4042.png,5,0.09,5.00029,0.0663994,0.000287533,-0.0236007,576,26309,26885,37.3253
4042,4043.png,5,-0.0319,4.99123,-0.00163323,-0.00877428,0.0302668,576,26309,26885,29.6446
4043,4044.png,5,-0.025,4.99123,-0.00163323,-0.00877428,0.0233668,576,26309,26885,31.1383
4044,4045.png,5,-0.1363,4.99123,-0.111532,-0.00877428,0.0247682,576,26309,26885,26.7514
4045,4046.png,5,-0.13,4.99123,-0.111532,-0.00877428,0.0184682,576,26309,26885,34.5421
4046,4047.png,5,-0.2254,4.97763,-0.158631,-0.022367,0.0667689,576,26309,26885,38.664
4047,4048.png,5,-0.22,4.97763,-0.158631,-0.022367,0.0613689,576,26309,26885,32.4341
4048,4049.png,5,-0.2606,4.96857,-0.182704,-0.0314293,0.0778958,576,26309,26885,36.5618
4049,4050.png,5,-0.2576,4.96857,-0.182704,-0.0314293,0.0748958,576,26309,26885,36.1396
4050,4051.png,5,-0.29155,4.96177,-0.198404,-0.0382257,0.0931461,576,26309,26885,24.2486
4051,4052.png,5,-0.2898,4.96177,-0.198404,-0.0382257,0.0913961,576,26309,26885,36.0832
4052,4053.png,5,-0.26945,4.95951,-0.182704,-0.0404911,0.0867458,576,26309,26885,44.2536
4053,4054.png,5,-0.2697,4.95951,-0.182704,-0.0404911,0.0869958,576,26309,26885,36.0156
4054,4055.png,5,-0.2421,4.94592,-0.183751,-0.0540838,0.0583493,576,26309,26885,35.6738
4055,4056.png,5,-0.2436,4.94592,-0.183751,-0.0540838,0.0598492,576,26309,26885,38.2366
4056,4057.png,5,-0.193,4.98443,-0.149211,-0.0155711,0.0437887,576,26309,26885,34.0769
4057,4058.png,5,-0.19575,4.98443,-0.149211,-0.0155711,0.0465387,576,26309,26885,35.516
4058,4059.png,5,-0.13135,4.99123,-0.114672,-0.00877428,0.0166782,576,26309,26885,35.6552
4059,4060.png,5,-0.13485,4.99123,-0.114672,-0.00877428,0.0201782,576,26309,26885,34.4837
4060,4061.png,5,-0.065,4.98216,-0.0445459,-0.0178361,0.0204541,576,26309,26885,28.6194
4061,4062.png,5,-0.069,4.98216,-0.0445459,-0.0178361,0.0244541,576,26309,26885,34.5836
4062,4063.png,5,0.0086,4.99349,0.0224401,-0.00650883,0.0138401,576,26309,26885,33.07
4063,4064.png,5,0.0046,4.99349,0.0224401,-0.00650883,0.0178401,576,26309,26885,34.8112
4064,4065.png,5,0.0845,5.00255,0.0590729,0.00255299,-0.0254271,576,26309,26885,35.6182
4065,4066.png,5,0.08,5.00255,0.0590729,0.00255299,-0.0209271,576,26309,26885,43.385
4066,4067.png,5,0.1542,4.98216,0.116639,-0.0178361,-0.0375613,576,26309,26885,33.1321
4067,4068.png,5,0.15,4.98216,0.116639,-0.0178361,-0.0333613,576,26309,26885,29.9529
4068,4069.png,5,0.203,4.9799,0.170018,-0.020102,-0.032982,576,26309,26885,35.4852
4069,4070.png,5,0.2,4.9799,0.170018,-0.020102,-0.029982,576,26309,26885,23.6851
4070,4071.png,5,0.2265,4.9799,0.204558,-0.020102,-0.0219424,576,26309,26885,37.792
4071,4072.png,5,0.225,4.9799,0.204558,-0.020102,-0.0204424,576,26309,26885,37.5773
4072,4073.png,5,0.2303,4.97537,0.197231,-0.0246329,-0.0330689,576,26309,26885,35.3978
4073,4074.png,5,0.23,4.97537,0.197231,-0.0246329,-0.0327689,576,26309,26885,29.3832
4074,4075.png,5,0.23,4.97537,0.197231,-0.0246329,-0.0327689,576,26309,26885,35.6631
4075,4076.png,5,0.2035,4.97537,0.172111,-0.0246329,-0.0313886,576,26309,26885,28.9045
4076,4077.png,5,0.1573,4.9731,0.122918,-0.0268984,-0.0343815,576,26309,26885,35.4749
4077,4078.png,5,0.16,4.9731,0.122918,-0.0268984,-0.0370815,576,26309,26885,29.4965
4078,4079.png,5,0.0964,4.99123,0.0684925,-0.00877428,-0.0279075,576,26309,26885,23.6009
4079,4080.png,5,0.1,4.99123,0.0684925,-0.00877428,-0.0315075,576,26309,26885,36.4833
4080,4081.png,5,0.0205,4.99349,0.0318597,-0.00650883,0.0113597,576,26309,26885,36.8428
4081,4082.png,5,0.025,4.99349,0.0318597,-0.00650883,0.00685969,576,26309,26885,32.2959
4082,4083.png,13,-0.02485,4.99802,-0.0288462,-8.00198,-0.00399622,576,26309,26885,35.3009
4083,4084.png,13,-0.0216,4.99802,-0.0288462,-8.00198,-0.00724622,576,26309,26885,35.3694
4084,4085.png,5,-0.0877,4.99802,-0.0696656,-0.00197792,0.0180344,576,26309,26885,40.8373
4085,4086.png,5,-0.085,4.99802,-0.0696656,-0.00197792,0.0153344,576,26309,26885,37.9253
4086,4087.png,5,-0.1327,4.98669,-0.107345,-0.0133052,0.0253549,576,26309,26885,33.2801
4087,4088.png,5,-0.13,4.98669,-0.107345,-0.0133052,0.0226549,576,26309,26885,29.3716
4088,4089.png,5,-0.13,4.98669,-0.107345,-0.0133052,0.0226549,576,26309,26885,35.6343
4089,4090.png,5,-0.1353,4.99576,-0.110485,-0.00424337,0.0248148,576,26309,26885,38.0017
4090,4091.png,5,-0.135,4.99576,-0.110485,-0.00424337,0.0245148,576,26309,26885,28.5108
4091,4092.png,5,-0.1297,4.99123,-0.100019,-0.00877428,0.0296813,576,26309,26885,35.2238
4092,4093.png,5,-0.13,4.99123,-0.100019,-0.00877428,0.0299813,576,26309,26885,35.4231
4093,4094.png,5,-0.1088,4.99576,-0.0801321,-0.00424337,0.0286679,576,26309,26885,29.2052
4094,4095.png,5,-0.11,4.99576,-0.0801321,-0.00424337,0.0298679,576,26309,26885,28.5281
4095,4096.png,5,-0.0782,4.99576,-0.0591991,-0.00424337,0.0190009,576,26309,26885,35.5578
4096,4097.png,5,-0.08,4.99576,-0.0591991,-0.00424337,0.0208009,576,26309,26885,28.6142
4097,4098.png,5,-0.0429,4.99123,-0.0257062,-0.00877428,0.0171938,576,26309,26885,35.1235
4098,4099.png,5,-0.045,4.99123,-0.0257062,-0.00877428,0.0192938,576,26309,26885,35.6529
4099,4100.png,5,-0.0026,4.99576,0.0140669,-0.00424337,0.0166669,576,26309,26885,33.3377
4100,4101.png,5,-0.005,4.99576,0.0140669,-0.00424337,0.0190669,576,26309,26885,35.407
4101,4102.png,5,0.0374,5.00255,0.0349996,0.00255299,-0.00240045,576,26309,26885,39.4259
4102,4103.png,5,0.035,5.00255,0.0349996,0.00255299,-4.47035e-07,576,26309,26885,28.7625
4103,4104.png,5,0.0668,5.00708,0.0496529,0.00708389,-0.0171471,576,26309,26885,38.1389
4104,4105.png,5,0.065,5.00708,0.0496529,0.00708389,-0.0153471,576,26309,26885,34.8248
4105,4106.png,13,0.04985,4.99576,0.0632595,-8.00424,0.0134095,576,26309,26885,34.3264
4106,4107.png,13,0.0486,4.99576,0.0632595,-8.00424,0.0146595,576,26309,26885,24.1691
4107,4108.png,13,0.05745,4.99349,0.0800059,-8.00651,0.0225559,576,26309,26885,34.7921
4108,4109.png,13,0.0567,4.99349,0.0800059,-8.00651,0.0233059,576,26309,26885,35.4295
4109,4110.png,13,0.0626,4.98896,0.0779124,-8.01104,0.0153124,576,26309,26885,28.6744
4110,4111.png,13,0.0621,4.98896,0.0779124,-8.01104,0.0158124,576,26309,26885,37.8873
4111,4112.png,5,0.1892,4.9731,0.149085,-0.0268984,-0.0401151,576,26309,26885,35.8206
4112,4113.png,5,0.185,4.9731,0.149085,-0.0268984,-0.0359151,576,26309,26885,35.5638
4113,4114.png,5,0.22355,4.97763,0.209791,-0.022367,-0.013759,576,26309,26885,28.8284
4114,4115.png,5,0.2208,4.97763,0.209791,-0.022367,-0.011009,576,26309,26885,34.9257
4115,4116.png,5,0.25475,4.93685,0.229677,-0.0631461,-0.0250727,576,26309,26885,34.6821
4116,4117.png,5,0.253,4.93685,0.229677,-0.0631461,-0.0233227,576,26309,26885,29.386
4117,4118.png,5,0.2045,4.9799,0.175251,-0.020102,-0.0292487,576,26309,26885,29.2554
4118,4119.png,5,0.207,4.9799,0.175251,-0.020102,-0.0317487,576,26309,26885,26.4478
4119,4120.png,5,0.1455,4.98896,0.104079,-0.0110397,-0.0414211,576,26309,26885,39.0312
4120,4121.png,5,0.15,4.98896,0.104079,-0.0110397,-0.0459211,576,26309,26885,35.7434
4121,4122.png,5,0.0493,4.99576,0.0486061,-0.00424337,-0.000693858,576,26309,26885,35.6201
4122,4123.png,5,0.055,4.99576,0.0486061,-0.00424337,-0.00639386,576,26309,26885,28.7076
4123,4124.png,13,-0.0293,5.00482,-0.0309395,-7.99518,-0.00163952,576,26309,26885,36.5556
4124,4125.png,13,-0.0243,5.00482,-0.0309395,-7.99518,-0.00663952,576,26309,26885,35.2725
4125,4126.png,5,-0.1457,4.99123,-0.119905,-0.00877428,0.025795,576,26309,26885,28.3577
4126,4127.png,5,-0.14,4.99123,-0.119905,-0.00877428,0.020095,576,26309,26885,35.6994
4127,4128.png,5,-0.2354,4.9731,-0.160724,-0.0268984,0.0746756,576,26309,26885,29.305
4128,4129.png,5,-0.23,4.9731,-0.160724,-0.0268984,0.0692756,576,26309,26885,35.8074
4129,4130.png,5,-0.3105,4.95951,-0.22457,-0.0404911,0.0859297,576,26309,26885,28.4899
4130,4131.png,5,-0.3045,4.95951,-0.22457,-0.0404911,0.0799297,576,26309,26885,35.5122
4131,4132.png,5,-0.3275,4.97537,-0.22143,-0.0246329,0.10607,576,26309,26885,37.1666
4132,4133.png,5,-0.32625,4.97537,-0.22143,-0.0246329,0.10482,576,26309,26885,41.0493
4133,4134.png,5,-0.31245,4.96857,-0.21829,-0.0314293,0.0941596,576,26309,26885,33.4711
4134,4135.png,5,-0.3132,4.96857,-0.21829,-0.0314293,0.0949096,576,26309,26885,23.62
4135,4136.png,5,-0.2672,4.94138,-0.191077,-0.0586152,0.0761226,576,26309,26885,31.8507
4136,4137.png,5,-0.2697,4.94138,-0.191077,-0.0586152,0.0786226,576,26309,26885,30.3821
4137,4138.png,5,-0.2007,4.97537,-0.153398,-0.0246329,0.0473021,576,26309,26885,37.6651
4138,4139.png,5,-0.20445,4.97537,-0.153398,-0.0246329,0.0510521,576,26309,26885,38.2649
4139,4140.png,5,-0.11705,4.99123,-0.0916454,-0.00877428,0.0254046,576,26309,26885,35.9044
4140,4141.png,5,-0.1218,4.99123,-0.0916454,-0.00877428,0.0301546,576,26309,26885,35.465
4141,4142.png,5,-0.0318,4.99123,-0.0131463,-0.00877428,0.0186537,576,26309,26885,36.0087
4142,4143.png,5,-0.0368,4.99123,-0.0131463,-0.00877428,0.0236537,576,26309,26885,35.0988
4143,4144.png,5,0.066,5.00029,0.0486061,0.000287533,-0.0173939,576,26309,26885,34.3052
4144,4145.png,5,0.06,5.00029,0.0486061,0.000287533,-0.0113939,576,26309,26885,35.4296
4145,4146.png,5,0.1554,4.98216,0.119779,-0.0178361,-0.0356214,576,26309,26885,37.7621
4146,4147.png,5,0.15,4.98216,0.119779,-0.0178361,-0.0302214,576,26309,26885,35.4896
4147,4148.png,13,0.12525,4.97763,0.195138,-8.02237,0.0698876,576,26309,26885,32.2718
4148,4149.png,13,0.1215,4.97763,0.195138,-8.02237,0.0736376,576,26309,26885,35.4362
4149,4150.png,5,0.278,4.96177,0.23177,-0.0382257,-0.0462296,576,26309,26885,31.2549
4150,4151.png,5,0.275,4.96177,0.23177,-0.0382257,-0.0432296,576,26309,26885,43.6682
4151,4152.png,5,0.3121,4.94592,0.26945,-0.0540838,-0.04265,576,26309,26885,35.9204
4152,4153.png,5,0.31,4.94592,0.26945,-0.0540838,-0.0405501,576,26309,26885,35.7826
4153,4154.png,5,0.3801,4.94818,0.354229,-0.0518188,-0.025871,576,26309,26885,37.7272
4154,4155.png,5,0.3741,4.94818,0.354229,-0.0518188,-0.019871,576,26309,26885,35.3266
4155,4156.png,5,0.3419,4.94138,0.319689,-0.0586152,-0.0222107,576,26309,26885,35.4383
4156,4157.png,5,0.34365,4.94138,0.319689,-0.0586152,-0.0239607,576,26309,26885,35.5032
4157,4158.png,5,0.27925,4.91873,0.254797,-0.0812697,-0.024453,576,26309,26885,35.5465
4158,4159.png,5,0.28275,4.91873,0.254797,-0.0812697,-0.027953,576,26309,26885,31.6026
4159,4160.png,5,0.19715,4.97763,0.163738,-0.022367,-0.0334118,576,26309,26885,28.9367
4160,4161.png,5,0.2024,4.97763,0.163738,-0.022367,-0.0386618,576,26309,26885,37.7312
4161,4162.png,5,0.086,4.99123,0.0684925,-0.00877428,-0.0175075,576,26309,26885,26.7557
4162,4163.png,5,0.092,4.99123,0.0684925,-0.00877428,-0.0235075,576,26309,26885,24.4871
4163,4164.png,5,-0.0325,4.99576,-0.011053,-0.00424337,0.021447,576,26309,26885,30.869
4164,4165.png,5,-0.025,4.99576,-0.011053,-0.00424337,0.013947,576,26309,26885,35.5017
4165,4166.png,13,-0.08725,4.98443,-0.130372,-8.01557,-0.0431215,576,26309,26885,37.4142
4166,4167.png,13,-0.081,4.98443,-0.130372,-8.01557,-0.0493715,576,26309,26885,38.1675
4167,4168.png,5,-0.256,4.97537,-0.168051,-0.0246329,0.087949,576,26309,26885,28.6102
4168,4169.png,5,-0.25,4.97537,-0.168051,-0.0246329,0.081949,576,26309,26885,35.8868
4169,4170.png,5,-0.3173,4.96404,-0.231897,-0.0359602,0.0854032,576,26309,26885,35.9171
4170,4171.png,5,-0.3128,4.96404,-0.231897,-0.0359602,0.0809032,576,26309,26885,37.0284
4171,4172.png,5,-0.4246,4.96631,-0.366915,-0.0336947,0.057685,576,26309,26885,25.1395
4172,4173.png,5,-0.4176,4.96631,-0.366915,-0.0336947,0.050685,576,26309,26885,34.7571
4173,4174.png,5,-0.4176,4.9731,-0.374242,-0.0268984,0.0433583,576,26309,26885,29.3002
4174,4175.png,5,-0.4176,4.9731,-0.374242,-0.0268984,0.0433583,576,26309,26885,33.0179
4175,4176.png,5,-0.35425,4.96404,-0.294696,-0.0359602,0.059554,576,26309,26885,34.3665
4176,4177.png,5,-0.356,4.96404,-0.294696,-0.0359602,0.061304,576,26309,26885,25.0309
4177,4178.png,5,-0.28375,4.95045,-0.210964,-0.0495529,0.0727863,576,26309,26885,23.5543
4178,4179.png,5,-0.288,4.95045,-0.210964,-0.0495529,0.0770362,576,26309,26885,27.9143
4179,4180.png,5,-0.212,4.98443,-0.159678,-0.0155711,0.0523222,576,26309,26885,35.4532
4180,4181.png,5,-0.2175,4.98443,-0.159678,-0.0155711,0.0578222,576,26309,26885,35.7868
4181,4182.png,5,-0.1071,4.97763,-0.0780388,-0.022367,0.0290612,576,26309,26885,35.5229
4182,4183.png,5,-0.1131,4.97763,-0.0780388,-0.022367,0.0350612,576,26309,26885,35.5444
4183,4184.png,5,0.0065,4.99802,0.0213933,-0.00197792,0.0148933,576,26309,26885,35.3556
4184,4185.png,5,-0,4.99802,0.0213933,-0.00197792,0.0213933,576,26309,26885,26.1482
4185,4186.png,5,0.1325,5.00482,0.0936121,0.00481844,-0.0388878,576,26309,26885,30.3382
4186,4187.png,5,0.125,5.00482,0.0936121,0.00481844,-0.0313879,576,26309,26885,35.4673
4187,4188.png,13,0.1324,4.97084,0.213978,-8.02916,0.0815776,576,26309,26885,35.8056
4188,4189.png,13,0.1269,4.97084,0.213978,-8.02916,0.0870776,576,26309,26885,35.6964
4189,4190.png,5,0.3251,4.95271,0.26317,-0.0472879,-0.0619298,576,26309,26885,35.5373
4190,4191.png,5,0.32,4.95271,0.26317,-0.0472879,-0.0568298,576,26309,26885,23.7742
4191,4192.png,5,0.3623,4.94592,0.315503,-0.0540838,-0.0467973,576,26309,26885,33.7995
4192,4193.png,5,0.3588,4.94592,0.315503,-0.0540838,-0.0432973,576,26309,26885,35.5917
4193,4194.png,5,0.5049,4.98669,0.444241,-0.0133052,-0.060659,576,26309,26885,35.3792
4194,4195.png,5,0.4959,4.98669,0.444241,-0.0133052,-0.051659,576,26309,26885,35.7085
4195,4196.png,5,0.4683,4.99576,0.433775,-0.00424337,-0.0345254,576,26309,26885,35.5165
4196,4197.png,5,0.4698,4.99576,0.433775,-0.00424337,-0.0360253,576,26309,26885,35.6131
4197,4198.png,5,0.41,4.96631,0.385628,-0.0336947,-0.0243716,576,26309,26885,35.5228
4198,4199.png,5,0.41325,4.96631,0.385628,-0.0336947,-0.0276216,576,26309,26885,36.4268
4199,4200.png,5,0.29825,4.93685,0.289337,-0.0631461,-0.00891334,576,26309,26885,35.1409
4200,4201.png,5,0.3045,4.93685,0.289337,-0.0631461,-0.0151634,576,26309,26885,35.5592
4201,4202.png,5,0.1665,4.97763,0.127105,-0.022367,-0.0393949,576,26309,26885,35.6812
4202,4203.png,5,0.174,4.97763,0.127105,-0.022367,-0.0468949,576,26309,26885,35.593
4203,4204.png,5,0.0288,4.98669,0.0318597,-0.0133052,0.00305969,576,26309,26885,25.1313
4204,4205.png,5,0.0368,4.98669,0.0318597,-0.0133052,-0.00494031,576,26309,26885,35.4796
4205,4206.png,5,-0.1349,4.99123,-0.104205,-0.00877428,0.0306947,576,26309,26885,24.2078
4206,4207.png,5,-0.125,4.99123,-0.104205,-0.00877428,0.0207947,576,26309,26885,36.1969
4207,4208.png,5,-0.2734,4.97763,-0.175378,-0.022367,0.0980225,576,26309,26885,35.901
4208,4209.png,5,-0.265,4.97763,-0.175378,-0.022367,0.0896225,576,26309,26885,35.6237
4209,4210.png,5,-0.3505,4.95724,-0.288416,-0.042757,0.0620839,576,26309,26885,35.4962
4210,4211.png,5,-0.345,4.95724,-0.288416,-0.042757,0.0565839,576,26309,26885,35.5792
4211,4212.png,5,-0.39065,4.96631,-0.357495,-0.0336947,0.0331548,576,26309,26885,35.5552
4212,4213.png,5,-0.38715,4.96631,-0.357495,-0.0336947,0.0296547,576,26309,26885,35.3808
4213,4214.png,5,-0.40555,4.96857,-0.343889,-0.0314293,0.0616614,576,26309,26885,35.471
4214,4215.png,5,-0.40455,4.96857,-0.343889,-0.0314293,0.0606613,576,26309,26885,35.5456
4215,4216.png,5,-0.38615,4.96857,-0.319816,-0.0314293,0.0663343,576,26309,26885,35.5288
4216,4217.png,5,-0.38715,4.96857,-0.319816,-0.0314293,0.0673343,576,26309,26885,35.4961
4217,4218.png,5,-0.33655,4.97537,-0.22143,-0.0246329,0.11512,576,26309,26885,35.248
4218,4219.png,5,-0.3393,4.97537,-0.22143,-0.0246329,0.11787,576,26309,26885,24.3503
4219,4220.png,5,-0.2565,4.95951,-0.177471,-0.0404911,0.0790292,576,26309,26885,36.0403
4220,4221.png,5,-0.261,4.95951,-0.177471,-0.0404911,0.0835292,576,26309,26885,35.5772
4221,4222.png,5,-0.1598,4.98896,-0.124092,-0.0110397,0.0357084,576,26309,26885,35.5191
4222,4223.png,5,-0.1653,4.98896,-0.124092,-0.0110397,0.0412084,576,26309,26885,35.3726
4223,4224.png,5,-0.0549,4.98216,-0.0393128,-0.0178361,0.0155873,576,26309,26885,35.648
4224,4225.png,5,-0.0609,4.98216,-0.0393128,-0.0178361,0.0215872,576,26309,26885,35.5874
4225,4226.png,5,0.052,4.99802,0.037093,-0.00197792,-0.014907,576,26309,26885,33.4826
4226,4227.png,5,0.046,4.99802,0.037093,-0.00197792,-0.00890695,576,26309,26885,35.5633
4227,4228.png,5,0.1666,4.9799,0.121872,-0.020102,-0.0447279,576,26309,26885,35.5992
4228,4229.png,5,0.16,4.9799,0.121872,-0.020102,-0.0381279,576,26309,26885,35.5214
4229,4230.png,13,0.1395,4.97084,0.211884,-8.02916,0.0723841,576,26309,26885,35.4076
4230,4231.png,13,0.135,4.97084,0.211884,-8.02916,0.0768841,576,26309,26885,34.6559
4231,4232.png,5,0.3189,4.94592,0.264217,-0.0540838,-0.054683,576,26309,26885,35.7274
4232,4233.png,5,0.315,4.94592,0.264217,-0.0540838,-0.050783,576,26309,26885,35.5134
4233,4234.png,5,0.34315,4.94138,0.299803,-0.0586152,-0.043347,576,26309,26885,35.4232
4234,4235.png,5,0.3404,4.94138,0.299803,-0.0586152,-0.040597,576,26309,26885,35.5969
4235,4236.png,5,0.4507,4.9799,0.408655,-0.020102,-0.0420451,576,26309,26885,35.6148
4236,4237.png,5,0.4437,4.9799,0.408655,-0.020102,-0.035045,576,26309,26885,35.3081
4237,4238.png,5,0.4115,4.96404,0.384582,-0.0359602,-0.026918,576,26309,26885,35.5633
4238,4239.png,5,0.41325,4.96404,0.384582,-0.0359602,-0.028668,576,26309,26885,34.684
4239,4240.png,5,0.34885,4.93006,0.338529,-0.0699425,-0.0103208,576,26309,26885,35.581
4240,4241.png,5,0.35235,4.93006,0.338529,-0.0699425,-0.0138207,576,26309,26885,35.558
4241,4242.png,5,0.24195,4.94138,0.228631,-0.0586152,-0.0133195,576,26309,26885,35.4706
4242,4243.png,5,0.24795,4.94138,0.228631,-0.0586152,-0.0193195,576,26309,26885,35.4422
4243,4244.png,5,0.1264,4.99349,0.0936121,-0.00650883,-0.0327878,576,26309,26885,23.5022
4244,4245.png,5,0.1334,4.99349,0.0936121,-0.00650883,-0.0397878,576,26309,26885,33.3767
4245,4246.png,5,-0.014,4.99123,0.01616,-0.00877428,0.03016,576,26309,26885,35.5772
4246,4247.png,5,-0.005,4.99123,0.01616,-0.00877428,0.02116,576,26309,26885,23.6517
4247,4248.png,13,-0.0853,4.98216,-0.121998,-8.01784,-0.0366983,576,26309,26885,35.7075
4248,4249.png,13,-0.0783,4.98216,-0.121998,-8.01784,-0.0436983,576,26309,26885,35.349
4249,4250.png,5,-0.2775,4.98216,-0.173284,-0.0178361,0.104216,576,26309,26885,35.5787
4250,4251.png,5,-0.27,4.98216,-0.173284,-0.0178361,0.0967158,576,26309,26885,35.5446
4251,4252.png,5,-0.3551,4.95724,-0.288416,-0.042757,0.0666839,576,26309,26885,35.7818
4252,4253.png,5,-0.3496,4.95724,-0.288416,-0.042757,0.0611839,576,26309,26885,35.316
4253,4254.png,5,-0.487,4.9799,-0.47786,-0.020102,0.00913969,576,26309,26885,35.5551
4254,4255.png,5,-0.4785,4.9799,-0.47786,-0.020102,0.000639707,576,26309,26885,35.3875
4255,4256.png,5,-0.4485,4.98896,-0.461114,-0.0110397,-0.0126138,576,26309,26885,35.1805
4256,4257.png,5,-0.448,4.98896,-0.461114,-0.0110397,-0.0131138,576,26309,26885,35.1907
4257,4258.png,5,-0.414,4.97763,-0.422388,-0.022367,-0.00838774,576,26309,26885,28.9631
4258,4259.png,5,-0.416,4.97763,-0.422388,-0.022367,-0.00638774,576,26309,26885,35.7553
4259,4260.png,5,-0.3395,4.95724,-0.272716,-0.042757,0.0667836,576,26309,26885,35.586
4260,4261.png,5,-0.344,4.95724,-0.272716,-0.042757,0.0712836,576,26309,26885,35.6713
4261,4262.png,5,-0.24625,4.95724,-0.187937,-0.042757,0.0583126,576,26309,26885,35.6674
4262,4263.png,5,-0.252,4.95724,-0.187937,-0.042757,0.0640626,576,26309,26885,35.6958
4263,4264.png,5,-0.14985,4.98216,-0.109438,-0.0178361,0.0404116,576,26309,26885,35.4742
4264,4265.png,5,-0.1566,4.98216,-0.109438,-0.0178361,0.0471616,576,26309,26885,35.3291
4265,4266.png,5,-0.0232,4.99123,-0.00791315,-0.00877428,0.0152869,576,26309,26885,27.3608
4266,4267.png,5,-0.03045,4.99123,-0.00791315,-0.00877428,0.0225369,576,26309,26885,35.426
4267,4268.png,5,0.1036,4.98896,0.0810523,-0.0110397,-0.0225477,576,26309,26885,35.5784
4268,4269.png,5,0.0966,4.98896,0.0810523,-0.0110397,-0.0155477,576,26309,26885,35.4189
4269,4270.png,5,0.2375,4.97763,0.205604,-0.022367,-0.0318956,576,26309,26885,35.7786
4270,4271.png,5,0.23,4.97763,0.205604,-0.022367,-0.0243956,576,26309,26885,31.7768
4271,4272.png,5,0.336,4.95045,0.265263,-0.0495529,-0.0707367,576,26309,26885,35.5025
4272,4273.png,5,0.33,4.95045,0.265263,-0.0495529,-0.0647367,576,26309,26885,35.7868
4273,4274.png,5,0.3936,4.94818,0.309223,-0.0518188,-0.084377,576,26309,26885,34.3523
4274,4275.png,5,0.39,4.94818,0.309223,-0.0518188,-0.080777,576,26309,26885,23.6716
4275,4276.png,5,0.3782,4.94365,0.330156,-0.0563498,-0.048044,576,26309,26885,35.8277
4276,4277.png,5,0.3772,4.94365,0.330156,-0.0563498,-0.047044,576,26309,26885,35.5361
4277,4278.png,5,0.3772,4.94365,0.330156,-0.0563498,-0.047044,576,26309,26885,35.5299
4278,4279.png,5,0.3481,4.93459,0.309223,-0.0654116,-0.038877,576,26309,26885,35.6943
4279,4280.png,5,0.2914,4.93912,0.27259,-0.0608807,-0.0188098,576,26309,26885,35.7001
4280,4281.png,5,0.2944,4.93912,0.27259,-0.0608807,-0.0218098,576,26309,26885,35.3461
4281,4282.png,5,0.2944,4.93912,0.27259,-0.0608807,-0.0218098,576,26309,26885,35.6963
4282,4283.png,5,0.2071,4.96177,0.174205,-0.0382257,-0.0328954,576,26309,26885,35.4208
4283,4284.png,5,0.2116,4.96177,0.174205,-0.0382257,-0.0373954,576,26309,26885,24.7071
4284,4285.png,5,0.1399,4.98669,0.101985,-0.0133052,-0.0379146,576,26309,26885,35.3296
4285,4286.png,5,0.145,4.98669,0.101985,-0.0133052,-0.0430146,576,26309,26885,35.7686
4286,4287.png,5,0.0284,4.99802,0.0381398,-0.00197792,0.00973979,576,26309,26885,35.5398
4287,4288.png,5,0.035,4.99802,0.0381398,-0.00197792,0.00313979,576,26309,26885,35.5849
4288,4289.png,5,0.035,4.99802,0.0381398,-0.00197792,0.00313979,576,26309,26885,35.4126
4289,4290.png,13,-0.04305,5.00708,-0.0571058,-7.99292,-0.0140558,576,26309,26885,35.4937
4290,4291.png,13,-0.0378,5.00708,-0.0571058,-7.99292,-0.0193058,576,26309,26885,35.7335
4291,4292.png,5,-0.1707,4.9799,-0.125138,-0.020102,0.0455617,576,26309,26885,35.4815
4292,4293.png,5,-0.165,4.9799,-0.125138,-0.020102,0.0398617,576,26309,26885,35.3764
4293,4294.png,5,-0.2551,4.95951,-0.165958,-0.0404911,0.0891423,576,26309,26885,35.5942
4294,4295.png,5,-0.25,4.95951,-0.165958,-0.0404911,0.0840423,576,26309,26885,35.0265
4295,4296.png,5,-0.25,4.95951,-0.165958,-0.0404911,0.0840423,576,26309,26885,35.329
4296,4297.png,5,-0.3233,4.9731,-0.23713,-0.0268984,0.0861698,576,26309,26885,35.6081
4297,4298.png,5,-0.31755,4.9731,-0.23713,-0.0268984,0.0804198,576,26309,26885,35.5858
4298,4299.png,5,-0.33135,4.9799,-0.232944,-0.020102,0.0984064,576,26309,26885,35.6926
4299,4300.png,5,-0.3306,4.9799,-0.232944,-0.020102,0.0976564,576,26309,26885,35.335
4300,4301.png,5,-0.3076,4.9799,-0.213057,-0.020102,0.094543,576,26309,26885,35.6225
4301,4302.png,5,-0.30885,4.9799,-0.213057,-0.020102,0.0957929,576,26309,26885,26.6056
4302,4303.png,5,-0.25825,4.95724,-0.181657,-0.042757,0.0765925,576,26309,26885,24.7896
4303,4304.png,5,-0.261,4.95724,-0.181657,-0.042757,0.0793426,576,26309,26885,35.5456
4304,4305.png,5,-0.1828,4.9731,-0.141885,-0.0268984,0.0409152,576,26309,26885,35.7297
4305,4306.png,5,-0.18705,4.9731,-0.141885,-0.0268984,0.0451652,576,26309,26885,35.9874
4306,4307.png,5,-0.09965,4.98443,-0.0759455,-0.0155711,0.0237045,576,26309,26885,35.5316
4307,4308.png,5,-0.1044,4.98443,-0.0759455,-0.0155711,0.0284545,576,26309,26885,35.6792
4308,4309.png,5,-0.00855,4.98896,0.0088335,-0.0110397,0.0173835,576,26309,26885,35.3126
4309,4310.png,5,-0.0138,4.98896,0.0088335,-0.0110397,0.0226335,576,26309,26885,35.55
4310,4311.png,5,-0.0138,4.98896,0.0088335,-0.0110397,0.0226335,576,26309,26885,33.5324
4311,4312.png,5,0.091,4.99349,0.0632595,-0.00650883,-0.0277405,576,26309,26885,35.5413
4312,4313.png,5,0.085,4.99349,0.0632595,-0.00650883,-0.0217405,576,26309,26885,35.5772
4313,4314.png,5,0.085,4.99349,0.0632595,-0.00650883,-0.0217405,576,26309,26885,35.3993
4314,4315.png,5,0.1804,4.9799,0.140712,-0.020102,-0.0396883,576,26309,26885,35.7396
4315,4316.png,5,0.2492,4.96857,0.205604,-0.0314293,-0.0435956,576,26309,26885,35.3002
4316,4317.png,5,0.245,4.96857,0.205604,-0.0314293,-0.0393956,576,26309,26885,35.3967
4317,4318.png,5,0.245,4.96857,0.205604,-0.0314293,-0.0393956,576,26309,26885,35.4716
4318,4319.png,5,0.245,4.96857,0.205604,-0.0314293,-0.0393956,576,26309,26885,36.231
4319,4320.png,5,0.2821,4.95045,0.233864,-0.0495529,-0.0482361,576,26309,26885,35.4035
4320,4321.png,5,0.2641,4.95271,0.225491,-0.0472879,-0.0386093,576,26309,26885,35.3343
4321,4322.png,5,0.265,4.95271,0.225491,-0.0472879,-0.0395093,576,26309,26885,35.2318
4322,4323.png,5,0.265,4.95271,0.225491,-0.0472879,-0.0395093,576,26309,26885,35.4768
4323,4324.png,5,0.265,4.95271,0.225491,-0.0472879,-0.0395093,576,26309,26885,25.903
4324,4325.png,5,0.2385,4.97763,0.198278,-0.022367,-0.0402221,576,26309,26885,35.8248
4325,4326.png,5,0.1817,4.96177,0.149085,-0.0382257,-0.0326151,576,26309,26885,35.4031
4326,4327.png,5,0.185,4.96177,0.149085,-0.0382257,-0.0359151,576,26309,26885,35.6974
4327,4328.png,5,0.185,4.96177,0.149085,-0.0382257,-0.0359151,576,26309,26885,35.5224
4328,4329.png,5,0.185,4.96177,0.149085,-0.0382257,-0.0359151,576,26309,26885,35.4377
4329,4330.png,5,0.1214,4.99349,0.0841926,-0.00650883,-0.0372074,576,26309,26885,34.3382
4330,4331.png,5,0.125,4.99349,0.0841926,-0.00650883,-0.0408074,576,26309,26885,23.4086
4331,4332.png,5,0.125,4.99349,0.0841926,-0.00650883,-0.0408074,576,26309,26885,35.682
4332,4333.png,5,0.0561,4.99802,0.0423264,-0.00197792,-0.0137736,576,26309,26885,35.336
4333,4334.png,13,-0.01185,4.99802,-0.00581984,-8.00198,0.00603016,576,26309,26885,35.5192
4334,4335.png,13,-0.0081,4.99802,-0.00581984,-8.00198,0.00228016,576,26309,26885,35.2905
4335,4336.png,13,-0.0081,4.99802,-0.00581984,-8.00198,0.00228016,576,26309,26885,35.6848
4336,4337.png,13,-0.0081,4.99802,-0.00581984,-8.00198,0.00228016,576,26309,26885,35.4954
4337,4338.png,5,-0.0892,5.00935,-0.0707124,0.00934982,0.0184876,576,26309,26885,34.786
4338,4339.png,5,-0.085,5.00935,-0.0707124,0.00934982,0.0142876,576,26309,26885,27.3213
4339,4340.png,5,-0.085,5.00935,-0.0707124,0.00934982,0.0142876,576,26309,26885,35.7916
4340,4341.png,5,-0.1592,4.98669,-0.117812,-0.0133052,0.0413883,576,26309,26885,35.6711
4341,4342.png,5,-0.155,4.98669,-0.117812,-0.0133052,0.0371883,576,26309,26885,35.4863
4342,4343.png,5,-0.155,4.98669,-0.117812,-0.0133052,0.0371883,576,26309,26885,35.6611
4343,4344.png,5,-0.20565,4.9799,-0.143978,-0.020102,0.0616719,576,26309,26885,35.6923
4344,4345.png,5,-0.2024,4.9799,-0.143978,-0.020102,0.0584219,576,26309,26885,35.3132
4345,4346.png,5,-0.2024,4.9799,-0.143978,-0.020102,0.0584219,576,26309,26885,32.3367
4346,4347.png,5,-0.2121,4.9731,-0.155491,-0.0268984,0.0566088,576,26309,26885,35.4521
4347,4348.png,5,-0.2116,4.9731,-0.155491,-0.0268984,0.0561088,576,26309,26885,35.5333
4348,4349.png,5,-0.2116,4.9731,-0.155491,-0.0268984,0.0561088,576,26309,26885,35.5498
4349,4350.png,5,-0.2019,4.98443,-0.149211,-0.0155711,0.0526887,576,26309,26885,35.4977
4350,4351.png,5,-0.2024,4.98443,-0.149211,-0.0155711,0.0531887,576,26309,26885,35.2494
4351,4352.png,5,-0.2024,4.98443,-0.149211,-0.0155711,0.0531887,576,26309,26885,35.505
4352,4353.png,5,-0.1636,4.99802,-0.126185,-0.00197792,0.0374151,576,26309,26885,35.6002
4353,4354.png,5,-0.1171,4.9799,-0.0853655,-0.020102,0.0317345,576,26309,26885,35.2009
4354,4355.png,5,-0.1196,4.9799,-0.0853655,-0.020102,0.0342345,576,26309,26885,35.6781
4355,4356.png,5,-0.1196,4.9799,-0.0853655,-0.020102,0.0342345,576,26309,26885,35.5299
4356,4357.png,5,-0.1196,4.9799,-0.0853655,-0.020102,0.0342345,576,26309,26885,35.5371
4357,4358.png,5,-0.05655,4.98896,-0.0466392,-0.0110397,0.00991077,576,26309,26885,23.5093
4358,4359.png,5,-0.012,4.99349,0.00464688,-0.00650883,0.0166469,576,26309,26885,23.7609
4359,4360.png,5,-0.015,4.99349,0.00464688,-0.00650883,0.0196469,576,26309,26885,35.5354
4360,4361.png,5,-0.015,4.99349,0.00464688,-0.00650883,0.0196469,576,26309,26885,35.4113
4361,4362.png,5,0.0486,4.98669,0.0339532,-0.0133052,-0.0146468,576,26309,26885,35.5759
4362,4363.png,5,0.045,4.98669,0.0339532,-0.0133052,-0.0110468,576,26309,26885,35.4896
4363,4364.png,5,0.045,4.98669,0.0339532,-0.0133052,-0.0110468,576,26309,26885,30.4998
4364,4365.png,5,0.0874,4.99802,0.0663994,-0.00197792,-0.0210006,576,26309,26885,35.4612
4365,4366.png,5,0.085,4.99802,0.0663994,-0.00197792,-0.0186007,576,26309,26885,35.6349
4366,4367.png,13,0.0695,5.00029,0.0998923,-7.99971,0.0303923,576,26309,26885,35.4418
4367,4368.png,13,0.0675,5.00029,0.0998923,-7.99971,0.0323923,576,26309,26885,35.4973
4368,4369.png,13,0.0793,4.98896,0.107219,-8.01104,0.0279187,576,26309,26885,35.5099
4369,4370.png,13,0.0783,4.98896,0.107219,-8.01104,0.0289187,576,26309,26885,35.3696
4370,4371.png,5,0.1662,4.98443,0.140712,-0.0155711,-0.0254883,576,26309,26885,35.3327
4371,4372.png,5,0.165,4.98443,0.140712,-0.0155711,-0.0242884,576,26309,26885,35.4749
4372,4373.png,5,0.2604,4.94818,0.225491,-0.0518188,-0.0349093,576,26309,26885,34.8552
4373,4374.png,5,0.255,4.94818,0.225491,-0.0518188,-0.0295093,576,26309,26885,35.5618
4374,4375.png,5,0.2928,4.93912,0.271543,-0.0608807,-0.0212566,576,26309,26885,35.7193
4375,4376.png,5,0.2898,4.93912,0.271543,-0.0608807,-0.0182565,576,26309,26885,35.5073
4376,4377.png,5,0.25585,4.93912,0.235957,-0.0608807,-0.019893,576,26309,26885,35.7174
4377,4378.png,5,0.2576,4.93912,0.235957,-0.0608807,-0.021643,576,26309,26885,35.479
4378,4379.png,5,0.1897,4.98443,0.158505,-0.0155711,-0.0311951,576,26309,26885,34.5699
4379,4380.png,5,0.1932,4.98443,0.158505,-0.0155711,-0.0346951,576,26309,26885,35.5157
4380,4381.png,5,0.104,5.00255,0.0925658,0.00255299,-0.0114342,576,26309,26885,35.3894
4381,4382.png,5,0.11,5.00255,0.0925658,0.00255299,-0.0174342,576,26309,26885,35.408
4382,4383.png,5,-0.0013,4.99123,0.0224401,-0.00877428,0.0237401,576,26309,26885,35.5861
4383,4384.png,5,0.005,4.99123,0.0224401,-0.00877428,0.0174401,576,26309,26885,35.6697
4384,4385.png,13,-0.05925,5.00255,-0.0853655,-7.99745,-0.0261155,576,26309,26885,35.5102
4385,4386.png,13,-0.054,5.00255,-0.0853655,-7.99745,-0.0313655,576,26309,26885,24.2717
4386,4387.png,5,-0.1954,4.97537,-0.147118,-0.0246329,0.048282,576,26309,26885,23.3787
4387,4388.png,5,-0.19,4.97537,-0.147118,-0.0246329,0.042882,576,26309,26885,35.7092
4388,4389.png,5,-0.2524,4.96404,-0.176424,-0.0359602,0.0759757,576,26309,26885,35.463
4389,4390.png,5,-0.2484,4.96404,-0.176424,-0.0359602,0.0719757,576,26309,26885,35.7154
4390,4391.png,5,-0.3407,4.95951,-0.24341,-0.0404911,0.0972899,576,26309,26885,26.4883
4391,4392.png,5,-0.33495,4.95951,-0.24341,-0.0404911,0.0915399,576,26309,26885,35.3398
4392,4393.png,5,-0.33495,4.95951,-0.24341,-0.0404911,0.0915399,576,26309,26885,35.4721
4393,4394.png,5,-0.33955,4.96857,-0.24027,-0.0314293,0.09928,576,26309,26885,35.4802
4394,4395.png,5,-0.3393,4.96857,-0.24027,-0.0314293,0.09903,576,26309,26885,35.4864
4395,4396.png,5,-0.3163,4.96857,-0.219337,-0.0314293,0.096963,576,26309,26885,35.4138
4396,4397.png,5,-0.31755,4.96857,-0.219337,-0.0314293,0.098213,576,26309,26885,35.4896
4397,4398.png,5,-0.31755,4.96857,-0.219337,-0.0314293,0.098213,576,26309,26885,23.5424
4398,4399.png,5,-0.25775,4.95045,-0.183751,-0.0495529,0.0739993,576,26309,26885,23.4107
4399,4400.png,5,-0.261,4.95045,-0.183751,-0.0495529,0.0772493,576,26309,26885,23.5458
4400,4401.png,5,-0.1782,4.98216,-0.138745,-0.0178361,0.0394553,576,26309,26885,24.4822
4401,4402.png,5,-0.1827,4.98216,-0.138745,-0.0178361,0.0439553,576,26309,26885,23.4551
4402,4403.png,5,-0.0907,4.97537,-0.0665257,-0.0246329,0.0241743,576,26309,26885,23.5966
4403,4404.png,5,-0.0957,4.97537,-0.0665257,-0.0246329,0.0291743,576,26309,26885,35.7404
4404,4405.png,5,0.0055,4.99576,0.0266267,-0.00424337,0.0211267,576,26309,26885,26.5631
4405,4406.png,5,-0,4.99576,0.0266267,-0.00424337,0.0266267,576,26309,26885,36.085
4406,4407.png,5,0.106,4.99576,0.0726791,-0.00424337,-0.0333209,576,26309,26885,34.5049
4407,4408.png,5,0.1,4.99576,0.0726791,-0.00424337,-0.0273209,576,26309,26885,35.5101
4408,4409.png,5,0.1,4.99576,0.0726791,-0.00424337,-0.0273209,576,26309,26885,35.5435
4409,4410.png,5,0.1954,4.9799,0.167925,-0.020102,-0.0274752,576,26309,26885,35.5392
4410,4411.png,5,0.19,4.9799,0.167925,-0.020102,-0.0220752,576,26309,26885,35.3438
4411,4412.png,5,0.2589,4.96177,0.211884,-0.0382257,-0.0470159,576,26309,26885,34.9813
4412,4413.png,5,0.255,4.96177,0.211884,-0.0382257,-0.0431159,576,26309,26885,35.3458
4413,4414.png,5,0.2921,4.94818,0.25689,-0.0518188,-0.0352099,576,26309,26885,34.6896
4414,4415.png,5,0.29,4.94818,0.25689,-0.0518188,-0.0331099,576,26309,26885,26.5807
4415,4416.png,5,0.2953,4.93912,0.265263,-0.0608807,-0.0300367,576,26309,26885,23.6947
4416,4417.png,5,0.295,4.93912,0.265263,-0.0608807,-0.0297367,576,26309,26885,35.7649
4417,4418.png,5,0.2632,4.93685,0.242237,-0.0631461,-0.0209629,576,26309,26885,34.8227
4418,4419.png,5,0.265,4.93685,0.242237,-0.0631461,-0.0227628,576,26309,26885,34.7729
4419,4420.png,5,0.265,4.93685,0.242237,-0.0631461,-0.0227628,576,26309,26885,35.4842
4420,4421.png,5,0.2067,4.98443,0.184671,-0.0155711,-0.0220287,576,26309,26885,35.1796
4421,4422.png,5,0.21,4.98443,0.184671,-0.0155711,-0.0253287,576,26309,26885,35.5684
4422,4423.png,5,0.21,4.98443,0.184671,-0.0155711,-0.0253287,576,26309,26885,35.4782
4423,4424.png,5,0.1305,4.98216,0.113499,-0.0178361,-0.0170012,576,26309,26885,35.499
4424,4425.png,5,0.135,4.98216,0.113499,-0.0178361,-0.0215012,576,26309,26885,35.5298
4425,4426.png,5,0.135,4.98216,0.113499,-0.0178361,-0.0215012,576,26309,26885,35.4229
4426,4427.png,5,0.0449,4.99576,0.0590729,-0.00424337,0.0141729,576,26309,26885,23.6596
4427,4428.png,5,0.05,4.99576,0.0590729,-0.00424337,0.00907287,576,26309,26885,41.4705
4428,4429.png,5,0.05,4.99576,0.0590729,-0.00424337,0.00907287,576,26309,26885,29.0532
4429,4430.png,13,-0.02315,4.99349,-0.0141931,-8.00651,0.00895693,576,26309,26885,35.591
4430,4431.png,13,-0.0189,4.99349,-0.0141931,-8.00651,0.00470693,576,26309,26885,35.5162
4431,4432.png,13,-0.0189,4.99349,-0.0141931,-8.00651,0.00470693,576,26309,26885,23.6658
4432,4433.png,5,-0.1198,4.98896,-0.0895521,-0.0110397,0.0302479,576,26309,26885,35.1768
4433,4434.png,5,-0.115,4.98896,-0.0895521,-0.0110397,0.0254479,576,26309,26885,35.4278
4434,4435.png,5,-0.115,4.98896,-0.0895521,-0.0110397,0.0254479,576,26309,26885,35.6585
4435,4436.png,5,-0.1892,4.97763,-0.129325,-0.022367,0.059875,576,26309,26885,35.483
4436,4437.png,5,-0.185,4.97763,-0.129325,-0.022367,0.055675,576,26309,26885,35.5716
4437,4438.png,5,-0.185,4.97763,-0.129325,-0.022367,0.055675,576,26309,26885,35.6219
4438,4439.png,5,-0.25265,4.97537,-0.150258,-0.0246329,0.102392,576,26309,26885,35.6375
4439,4440.png,5,-0.2484,4.97537,-0.150258,-0.0246329,0.098142,576,26309,26885,35.5109
4440,4441.png,5,-0.2484,4.97537,-0.150258,-0.0246329,0.098142,576,26309,26885,34.6916
4441,4442.png,5,-0.2165,4.98896,-0.113625,-0.0110397,0.102875,576,26309,26885,35.4724
4442,4443.png,5,-0.2175,4.98896,-0.113625,-0.0110397,0.103875,576,26309,26885,32.5445
4443,4444.png,5,-0.2175,4.98896,-0.113625,-0.0110397,0.103875,576,26309,26885,23.6974
4444,4445.png,5,-0.1071,4.98669,-0.0120998,-0.0133052,0.0950002,576,26309,26885,35.3528
4445,4446.png,5,-0.1131,4.98669,-0.0120998,-0.0133052,0.101,576,26309,26885,35.5062
4446,4447.png,5,0.1123,4.99123,0.127105,-0.00877428,0.0148051,576,26309,26885,35.0484
4447,4448.png,5,0.10005,4.99123,0.127105,-0.00877428,0.0270551,576,26309,26885,35.6965
4448,4449.png,5,0.10005,4.99123,0.127105,-0.00877428,0.0270551,576,26309,26885,35.7171
4449,4450.png,5,0.42105,4.96857,0.345856,-0.0314293,-0.0751943,576,26309,26885,35.4119
4450,4451.png,5,0.4048,4.96857,0.345856,-0.0314293,-0.0589443,576,26309,26885,35.8735
4451,4452.png,5,0.864,4.85756,0.740444,-0.142438,-0.123556,576,26309,26885,29.2304
4452,4453.png,5,1.3011,4.70124,1.20934,-0.298757,-0.0917554,576,26309,26885,36.8557
4453,4454.png,5,1.275,4.70124,1.20934,-0.298757,-0.0656554,576,26309,26885,33.7562
4454,4455.png,11,0.891,4.6514,1.16434,-6.3486,0.273338,576,26309,26885,43.3755
4455,4456.png,11,0.871,4.6514,1.16434,-6.3486,0.293338,576,26309,26885,35.7161
4456,4457.png,11,0.871,4.6514,1.16434,-6.3486,0.293338,576,26309,26885,35.5352
4457,4458.png,9,0.99085,4.83264,1.26168,-4.16736,0.270827,576,26309,26885,35.7339
4458,4459.png,5,2.046,4.6514,1.38937,-0.348598,-0.656631,576,26309,26885,33.0812
4459,4460.png,5,1.99225,4.6514,1.38937,-0.348598,-0.602881,576,26309,26885,34.5024
4460,4461.png,5,1.99225,4.6514,1.38937,-0.348598,-0.602881,576,26309,26885,30.4195
4461,4462.png,-0.6,1,4.67859,0.809523,5.27859,-0.190477,576,26309,26885,34.196
4462,4463.png,-0.6,1,4.67859,0.809523,5.27859,-0.190477,576,26309,26885,29.7397
4463,4464.png,-0.6,1,4.67179,0.833596,5.27179,-0.166404,576,26309,26885,35.5122
4464,4465.png,-0.6,1,4.67179,0.833596,5.27179,-0.166404,576,26309,26885,29.3057
4465,4466.png,-0.6,1,4.67406,0.849296,5.27406,-0.150704,576,26309,26885,29.2883
4466,4467.png,-0.6,1,4.67406,0.849296,5.27406,-0.150704,576,26309,26885,35.6549
4467,4468.png,-0.6,1,4.66953,0.855576,5.26953,-0.144424,576,26309,26885,34.868
4468,4469.png,-0.6,1,4.66953,0.855576,5.26953,-0.144424,576,26309,26885,35.5443
4469,4470.png,-0.6,1,4.66953,0.875462,5.26953,-0.124538,576,26309,26885,35.4792
4470,4471.png,-0.6,1,4.66953,0.875462,5.26953,-0.124538,576,26309,26885,33.6028
4471,4472.png,-0.6,1,4.66046,0.900582,5.26046,-0.0994181,576,26309,26885,23.75
4472,4473.png,-0.6,1,4.66046,0.900582,5.26046,-0.0994181,576,26309,26885,34.9452
4473,4474.png,-0.6,1,4.66046,0.927795,5.26046,-0.0722053,576,26309,26885,35.4169
4474,4475.png,-0.6,1,4.66046,0.927795,5.26046,-0.0722053,576,26309,26885,35.4734
4475,4476.png,-0.6,1,4.65593,1.00106,5.25593,0.00106061,576,26309,26885,35.6379
4476,4477.png,-0.6,1,4.65593,1.00106,5.25593,0.00106061,576,26309,26885,29.5227
4477,4478.png,-0.6,1,4.64234,1.05549,5.24234,0.0554867,576,26309,26885,40.3746
4478,4479.png,-0.6,1,4.64234,1.05549,5.24234,0.0554867,576,26309,26885,36.2729
4479,4480.png,-0.6,1,4.64914,1.1455,5.24914,0.145499,576,26309,26885,35.6081
4480,4481.png,-0.6,1,4.64914,1.1455,5.24914,0.145499,576,26309,26885,35.5408
4481,4482.png,-0.6,1,4.665,1.24702,5.265,0.247024,576,26309,26885,35.5683
4482,4483.png,-0.6,1,4.665,1.24702,5.265,0.247024,576,26309,26885,35.5801
4483,4484.png,5,2.04125,4.6582,1.3475,-0.341801,-0.693748,576,26309,26885,35.4477
4484,4485.png,5,2.03775,4.6582,1.3475,-0.341801,-0.690248,576,26309,26885,35.636
4485,4486.png,5,1.99575,4.64687,1.43961,-0.353128,-0.556142,576,26309,26885,35.546
4486,4487.png,5,1.99875,4.64687,1.43961,-0.353128,-0.559142,576,26309,26885,35.2538
4487,4488.png,5,1.96375,4.63328,1.51078,-0.366722,-0.45297,576,26309,26885,35.6081
4488,4489.png,5,1.96625,4.63328,1.51078,-0.366722,-0.455469,576,26309,26885,35.5647
4489,4490.png,5,1.99075,4.64687,1.45112,-0.353128,-0.539629,576,26309,26885,35.5849
4490,4491.png,5,1.989,4.64687,1.45112,-0.353128,-0.537879,576,26309,26885,35.7171
4491,4492.png,5,2.024,4.65367,1.40088,-0.346332,-0.623118,576,26309,26885,35.6223
4492,4493.png,5,2.0215,4.65367,1.40088,-0.346332,-0.620618,576,26309,26885,35.6376
4493,4494.png,5,2.053,4.66273,1.34227,-0.33727,-0.71073,576,26309,26885,38.785
4494,4495.png,5,2.05075,4.66273,1.34227,-0.33727,-0.70848,576,26309,26885,35.6195
4495,4496.png,5,2.06125,4.65593,1.34122,-0.344067,-0.720027,576,26309,26885,35.6793
4496,4497.png,5,2.0605,4.65593,1.34122,-0.344067,-0.719277,576,26309,26885,35.4707
4497,4498.png,5,2.022,4.6582,1.41972,-0.341801,-0.602278,576,26309,26885,35.5631
4498,4499.png,5,2.02475,4.6582,1.41972,-0.341801,-0.605028,576,26309,26885,23.4014
4499,4500.png,5,1.93725,4.63554,1.51706,-0.364456,-0.420189,576,26309,26885,23.3873
4500,4501.png,5,1.9435,4.63554,1.51706,-0.364456,-0.42644,576,26309,26885,35.64
4501,4502.png,5,1.835,4.71937,1.64266,-0.280633,-0.192341,576,26309,26885,35.8302
4502,4503.png,5,1.84275,4.71937,1.64266,-0.280633,-0.200091,576,26309,26885,34.639
4503,4504.png,5,1.59075,4.83491,1.72116,-0.165093,0.130408,576,26309,26885,35.0361
4504,4505.png,5,1.60875,4.83491,1.72116,-0.165093,0.112408,576,26309,26885,34.3204
4505,4506.png,5,1.33225,4.87115,1.51497,-0.128845,0.182717,576,26309,26885,38.1413
4506,4507.png,5,1.352,4.87115,1.51497,-0.128845,0.162967,576,26309,26885,33.4431
4507,4508.png,5,1.14475,4.7828,1.19992,-0.217199,0.0551746,576,26309,26885,35.2078
4508,4509.png,5,1.1655,4.7828,1.19992,-0.217199,0.0344245,576,26309,26885,35.8179
4509,4510.png,5,0.8655,4.85077,1.01676,-0.149235,0.15126,576,26309,26885,35.8825
4510,4511.png,5,0.8855,4.85077,1.01676,-0.149235,0.13126,576,26309,26885,35.5396
4511,4512.png,5,0.65675,4.95724,0.740444,-0.042757,0.0836938,576,26309,26885,23.5809
4512,4513.png,5,0.675,4.95724,0.740444,-0.042757,0.0654438,576,26309,26885,34.2359
4513,4514.png,5,0.419,4.93006,0.52274,-0.0699425,0.10374,576,26309,26885,29.4469
4514,4515.png,5,0.435,4.93006,0.52274,-0.0699425,0.0877403,576,26309,26885,37.5133
4515,4516.png,5,0.25575,4.94138,0.351089,-0.0586152,0.0953391,576,26309,26885,29.0449
4516,4517.png,5,0.268,4.94138,0.351089,-0.0586152,0.0830891,576,26309,26885,35.6867
4517,4518.png,5,0.13965,4.96857,0.202464,-0.0314293,0.0628145,576,26309,26885,29.4741
4518,4519.png,5,0.1479,4.96857,0.202464,-0.0314293,0.0545645,576,26309,26885,35.666
4519,4520.png,5,0.1064,4.98443,0.138619,-0.0155711,0.0322185,576,26309,26885,35.5762
4520,4521.png,5,0.11,4.98443,0.138619,-0.0155711,0.0286185,576,26309,26885,35.8569
4521,4522.png,13,0.083,4.97763,0.148039,-8.02237,0.0650385,576,26309,26885,35.5802
4522,4523.png,13,0.081,4.97763,0.148039,-8.02237,0.0670385,576,26309,26885,35.293
4523,4524.png,11,0.1578,4.94818,0.262123,-6.05182,0.104323,576,26309,26885,35.6949
4524,4525.png,11,0.1508,4.94818,0.262123,-6.05182,0.111323,576,26309,26885,35.4569
4525,4526.png,5,0.608,4.95045,0.521694,-0.0495529,-0.0863065,576,26309,26885,35.3041
4526,4527.png,5,0.59,4.95045,0.521694,-0.0495529,-0.0683064,576,26309,26885,24.7367
4527,4528.png,5,1.6081,4.74202,1.21353,-0.257978,-0.394569,576,26309,26885,23.7662
4528,4529.png,5,1.5486,4.74202,1.21353,-0.257978,-0.335069,576,26309,26885,43.155
4529,4530.png,5,2.004,4.6514,1.75988,-0.348598,-0.244116,576,26309,26885,23.7268
4530,4531.png,5,1.9435,4.6514,1.75988,-0.348598,-0.183616,576,26309,26885,24.6755
4531,4532.png,-0.6,1,4.67179,1.05967,5.27179,0.0596733,576,26309,26885,25.5464
4532,4533.png,-0.6,1,4.67179,1.05967,5.27179,0.0596733,576,26309,26885,23.6663
4533,4534.png,-0.6,1,4.66953,1.03351,5.26953,0.0335069,576,26309,26885,23.7689
4534,4535.png,-0.6,1,4.66953,1.03351,5.26953,0.0335069,576,26309,26885,26.646
4535,4536.png,-0.6,1,4.65367,1.05444,5.25367,0.0544399,576,26309,26885,24.1503
4536,4537.png,-0.6,1,4.65367,1.05444,5.25367,0.0544399,576,26309,26885,23.6863
4537,4538.png,-0.6,1,4.65593,1.16957,5.25593,0.169572,576,26309,26885,36.7377
4538,4539.png,-0.6,1,4.65593,1.16957,5.25593,0.169572,576,26309,26885,30.8663
4539,4540.png,-0.6,1,4.6582,1.27842,5.2582,0.278424,576,26309,26885,33.2062
4540,4541.png,-0.6,1,4.6582,1.27842,5.2582,0.278424,576,26309,26885,36.1113
4541,4542.png,5,2.0415,4.64914,1.40926,-0.350863,-0.632245,576,26309,26885,35.172
4542,4543.png,5,2.0345,4.64914,1.40926,-0.350863,-0.625244,576,26309,26885,33.3374
4543,4544.png,5,1.9855,4.64008,1.53485,-0.359925,-0.450647,576,26309,26885,29.2786
4544,4545.png,5,1.989,4.64008,1.53485,-0.359925,-0.454147,576,26309,26885,27.2798
4545,4546.png,5,1.954,4.5993,1.61859,-0.400704,-0.335414,576,26309,26885,35.1484
4546,4547.png,5,1.9565,4.5993,1.61859,-0.400704,-0.337914,576,26309,26885,31.2832
4547,4548.png,5,1.9215,4.67406,1.69499,-0.325943,-0.226508,576,26309,26885,35.1983
4548,4549.png,5,1.924,4.67406,1.69499,-0.325943,-0.229009,576,26309,26885,30.2928
4549,4550.png,5,1.952,4.62422,1.58928,-0.375783,-0.362721,576,26309,26885,37.2513
4550,4551.png,5,1.95,4.62422,1.58928,-0.375783,-0.360721,576,26309,26885,34.9891
4551,4552.png,5,1.9815,4.62195,1.51392,-0.378049,-0.46758,576,26309,26885,30.5728
4552,4553.png,5,1.97925,4.62195,1.51392,-0.378049,-0.46533,576,26309,26885,29.4686
4553,4554.png,5,1.98975,4.63554,1.46682,-0.364456,-0.522929,576,26309,26885,35.7757
4554,4555.png,5,1.989,4.63554,1.46682,-0.364456,-0.522179,576,26309,26885,26.781
4555,4556.png,5,1.9715,4.64234,1.45949,-0.35766,-0.512006,576,26309,26885,28.3752
4556,4557.png,5,1.97275,4.64234,1.45949,-0.35766,-0.513256,576,26309,26885,24.494
4557,4558.png,5,1.90275,4.64461,1.49089,-0.355394,-0.411856,576,26309,26885,30.3581
4558,4559.png,5,1.90775,4.64461,1.49089,-0.355394,-0.416856,576,26309,26885,30.4562
4559,4560.png,5,1.69775,4.71031,1.5673,-0.289695,-0.13045,576,26309,26885,35.2632
4560,4561.png,5,1.71275,4.71031,1.5673,-0.289695,-0.14545,576,26309,26885,31.5946
4561,4562.png,5,1.34875,4.75561,1.42286,-0.244385,0.0741116,576,26309,26885,34.1371
4562,4563.png,5,1.37475,4.75561,1.42286,-0.244385,0.0481116,576,26309,26885,27.9976
4563,4564.png,5,1.0155,4.74655,0.907908,-0.253447,-0.107592,576,26309,26885,35.6242
4564,4565.png,5,1.0465,4.74655,0.907908,-0.253447,-0.138592,576,26309,26885,35.6136
4565,4566.png,5,0.5215,4.89834,0.462034,-0.101659,-0.0594658,576,26309,26885,34.7791
4566,4567.png,5,0.5565,4.89834,0.462034,-0.101659,-0.0944658,576,26309,26885,30.3365
4567,4568.png,5,0.00425,4.94818,0.101985,-0.0518188,0.0977354,576,26309,26885,32.4409
4568,4569.png,5,0.04125,4.94818,0.101985,-0.0518188,0.0607354,576,26309,26885,33.2072
4569,4570.png,5,-0.57075,5.01388,-0.578339,0.0138807,-0.00758904,576,26309,26885,35.4285
4570,4571.png,5,-0.5325,5.01388,-0.578339,0.0138807,-0.045839,576,26309,26885,34.0672
4571,4572.png,5,-1.452,5.23137,-1.30158,0.231367,0.150424,576,26309,26885,37.5025
4572,4573.png,5,-1.41,5.23137,-1.30158,0.231367,0.108424,576,26309,26885,28.4454
4573,4574.png,5,-1.8598,4.90514,-1.58836,-0.0948629,0.271441,576,26309,26885,35.9039
4574,4575.png,5,-1.8308,4.90514,-1.58836,-0.0948629,0.242441,576,26309,26885,31.8631
4575,4576.png,5,-1.9065,4.95724,-1.73594,-0.042757,0.170563,576,26309,26885,35.5108
4576,4577.png,5,-1.888,4.95724,-1.73594,-0.042757,0.152063,576,26309,26885,31.8166
4577,4578.png,5,-1.9305,4.99802,-1.62709,-0.00197792,0.303415,576,26309,26885,35.519
4578,4579.png,5,-1.928,4.99802,-1.62709,-0.00197792,0.300915,576,26309,26885,26.1039
4579,4580.png,5,-1.6715,4.98443,-1.5444,-0.0155711,0.1271,576,26309,26885,37.6042
4580,4581.png,5,-1.68,4.98443,-1.5444,-0.0155711,0.1356,576,26309,26885,28.1477
4581,4582.png,5,-1.436,5.01615,-1.39264,0.0161457,0.0433649,576,26309,26885,33.7504
4582,4583.png,5,-1.45125,5.01615,-1.39264,0.0161457,0.0586149,576,26309,26885,27.504
4583,4584.png,5,-1.12725,4.99349,-1.11737,-0.00650883,0.0098846,576,26309,26885,36.0407
4584,4585.png,5,-1.1475,4.99349,-1.11737,-0.00650883,0.0301347,576,26309,26885,23.5413
4585,4586.png,5,-0.726,5.00482,-0.789763,0.00481844,-0.0637628,576,26309,26885,23.577
4586,4587.png,5,-0.749,5.00482,-0.789763,0.00481844,-0.0407628,576,26309,26885,37.2369
4587,4588.png,5,-0.3945,4.95498,-0.415061,-0.045022,-0.0205611,576,26309,26885,38.2381
4588,4589.png,5,-0.42,4.95498,-0.415061,-0.045022,0.0049389,576,26309,26885,44.3947
4589,4590.png,5,-0.01025,4.98443,0.0224401,-0.0155711,0.0326901,576,26309,26885,35.1569
4590,4591.png,5,-0.036,4.98443,0.0224401,-0.0155711,0.0584401,576,26309,26885,29.27
4591,4592.png,5,0.4339,4.93232,0.361555,-0.067677,-0.0723445,576,26309,26885,34.1247
4592,4593.png,5,0.4094,4.93232,0.361555,-0.067677,-0.0478445,576,26309,26885,34.9929
4593,4594.png,5,0.4094,4.93232,0.361555,-0.067677,-0.0478445,576,26309,26885,26.0798
4594,4595.png,5,0.84105,4.83491,0.848249,-0.165093,0.00719905,576,26309,26885,37.567
4595,4596.png,5,0.8188,4.83491,0.848249,-0.165093,0.0294491,576,26309,26885,28.14
4596,4597.png,5,0.8188,4.83491,0.848249,-0.165093,0.0294491,576,26309,26885,37.9692
4597,4598.png,9,0.6251,4.83038,1.04293,-4.16962,0.417827,576,26309,26885,34.5348
4598,4599.png,9,0.6076,4.83038,1.04293,-4.16962,0.435327,576,26309,26885,34.4154
4599,4600.png,9,0.6076,4.83038,1.04293,-4.16962,0.435327,576,26309,26885,35.7614
4600,4601.png,5,1.18325,4.76921,1.12457,-0.230792,-0.0586843,576,26309,26885,28.8206
4601,4602.png,5,1.172,4.76921,1.12457,-0.230792,-0.0474344,576,26309,26885,31.0482
4602,4603.png,5,1.21875,4.72843,1.12143,-0.271571,-0.0973243,576,26309,26885,32.4143
4603,4604.png,5,1.21125,4.72843,1.12143,-0.271571,-0.0898242,576,26309,26885,26.7105
4604,4605.png,5,1.39925,4.83491,1.23237,-0.165093,-0.166879,576,26309,26885,28.7353
4605,4606.png,5,1.3875,4.83491,1.23237,-0.165093,-0.155129,576,26309,26885,35.352
4606,4607.png,5,1.2955,4.7828,1.14027,-0.217199,-0.155235,576,26309,26885,35.7031
4607,4608.png,5,1.30125,4.7828,1.14027,-0.217199,-0.160985,576,26309,26885,31.6578
4608,4609.png,5,1.13325,4.79639,1.00106,-0.203606,-0.132189,576,26309,26885,37.1422
4609,4610.png,5,1.14375,4.79639,1.00106,-0.203606,-0.142689,576,26309,26885,26.7764
4610,4611.png,5,0.82,4.9074,0.793823,-0.0925975,-0.0261769,576,26309,26885,35.6861
4611,4612.png,5,0.8365,4.9074,0.793823,-0.0925975,-0.0426769,576,26309,26885,29.3246
4612,4613.png,5,0.5365,4.92779,0.596006,-0.0722079,0.0595059,576,26309,26885,33.6666
4613,4614.png,5,0.5565,4.92779,0.596006,-0.0722079,0.0395058,576,26309,26885,23.5853
4614,4615.png,5,0.5565,4.92779,0.596006,-0.0722079,0.0395058,576,26309,26885,36.7188
4615,4616.png,5,0.26025,4.91646,0.361555,-0.0835357,0.101305,576,26309,26885,33.9911
4616,4617.png,5,0.28125,4.91646,0.361555,-0.0835357,0.0803055,576,26309,26885,33.8275
4617,4618.png,5,-0.00675,4.98216,-0.00163323,-0.0178361,0.00511678,576,26309,26885,35.5594
4618,4619.png,5,0.01125,4.98216,-0.00163323,-0.0178361,-0.0128832,576,26309,26885,26.3795
4619,4620.png,5,-0.34115,4.96631,-0.258063,-0.0336947,0.0830867,576,26309,26885,28.7677
4620,4621.png,5,-0.3219,4.96631,-0.258063,-0.0336947,0.0638368,576,26309,26885,31.4643
4621,4622.png,5,-0.3219,4.96631,-0.258063,-0.0336947,0.0638368,576,26309,26885,37.1956
4622,4623.png,5,-0.7304,4.93006,-0.729057,-0.0699425,0.00134307,576,26309,26885,35.7165
4623,4624.png,5,-0.71,4.93006,-0.729057,-0.0699425,-0.019057,576,26309,26885,35.821
4624,4625.png,5,-0.84235,4.98669,-0.811743,-0.0133052,0.0306073,576,26309,26885,40.3117
4625,4626.png,5,-0.8326,4.98669,-0.811743,-0.0133052,0.0208573,576,26309,26885,28.4154
4626,4627.png,5,-0.8326,4.98669,-0.811743,-0.0133052,0.0208573,576,26309,26885,38.5661
4627,4628.png,5,-0.92535,5.09317,-0.886055,0.0931726,0.039295,576,26309,26885,38.4423
4628,4629.png,5,-0.91785,5.09317,-0.886055,0.0931726,0.031795,576,26309,26885,35.6679
4629,4630.png,5,-0.91785,5.09317,-0.886055,0.0931726,0.031795,576,26309,26885,29.3613
4630,4631.png,5,-0.90865,5.08185,-0.852562,0.0818453,0.0560879,576,26309,26885,31.5966
4631,4632.png,5,-0.90915,5.08185,-0.852562,0.0818453,0.0565879,576,26309,26885,35.5366
4632,4633.png,5,-0.90915,5.08185,-0.852562,0.0818453,0.0565879,576,26309,26885,36.515
4633,4634.png,5,-0.78075,5.0388,-0.799183,0.0388007,-0.0184329,576,26309,26885,35.6551
4634,4635.png,5,-0.784,5.0388,-0.799183,0.0388007,-0.0151829,576,26309,26885,28.0313
4635,4636.png,5,-0.6565,4.9731,-0.702891,-0.0268984,-0.0463907,576,26309,26885,36.7783
4636,4637.png,5,-0.664,4.9731,-0.702891,-0.0268984,-0.0388907,576,26309,26885,29.0142
4637,4638.png,5,-0.494,5.00255,-0.53124,0.00255299,-0.0372395,576,26309,26885,35.2545
4638,4639.png,5,-0.504,5.00255,-0.53124,0.00255299,-0.0272395,576,26309,26885,32.4787
4639,4640.png,5,-0.3085,4.96631,-0.289463,-0.0336947,0.0190372,576,26309,26885,35.7044
4640,4641.png,5,-0.32,4.96631,-0.289463,-0.0336947,0.0305372,576,26309,26885,35.317
4641,4642.png,5,-0.1226,4.98896,-0.0937387,-0.0110397,0.0288613,576,26309,26885,23.754
4642,4643.png,5,-0.13485,4.98896,-0.0937387,-0.0110397,0.0411113,576,26309,26885,30.1985
4643,4644.png,5,0.0994,4.98896,0.0622127,-0.0110397,-0.0371873,576,26309,26885,36.8859
4644,4645.png,5,0.085,4.98896,0.0622127,-0.0110397,-0.0227873,576,26309,26885,33.9597
4645,4646.png,5,0.085,4.98896,0.0622127,-0.0110397,-0.0227873,576,26309,26885,35.9335
4646,4647.png,5,0.3235,4.93912,0.268404,-0.0608807,-0.0550964,576,26309,26885,32.7437
4647,4648.png,5,0.31,4.93912,0.268404,-0.0608807,-0.0415964,576,26309,26885,27.9455
4648,4649.png,5,0.4695,4.92779,0.421215,-0.0722079,-0.0482852,576,26309,26885,34.4183
4649,4650.png,5,0.46,4.92779,0.421215,-0.0722079,-0.0387852,576,26309,26885,35.6507
4650,4651.png,5,0.5546,4.92779,0.514367,-0.0722079,-0.040233,576,26309,26885,36.1536
4651,4652.png,5,0.5481,4.92779,0.514367,-0.0722079,-0.033733,576,26309,26885,36.4865
4652,4653.png,5,0.555,4.90287,0.561466,-0.0971284,0.00646615,576,26309,26885,35.6746
4653,4654.png,5,0.552,4.90287,0.561466,-0.0971284,0.00946617,576,26309,26885,32.3866
4654,4655.png,5,0.552,4.90967,0.546813,-0.090332,-0.0051868,576,26309,26885,33.7967
4655,4656.png,5,0.552,4.90967,0.546813,-0.090332,-0.0051868,576,26309,26885,38.2211
4656,4657.png,5,0.50525,4.91873,0.509134,-0.0812697,0.00388372,576,26309,26885,30.6315
4657,4658.png,5,0.508,4.91873,0.509134,-0.0812697,0.00113368,576,26309,26885,42.0832
4658,4659.png,5,0.42725,4.93912,0.452614,-0.0608807,0.0253642,576,26309,26885,34.5591
4659,4660.png,5,0.432,4.93912,0.452614,-0.0608807,0.0206142,576,26309,26885,35.1776
4660,4661.png,5,0.3215,4.93912,0.359462,-0.0608807,0.0379623,576,26309,26885,33.5422
4661,4662.png,5,0.328,4.93912,0.359462,-0.0608807,0.0314623,576,26309,26885,27.7031
4662,4663.png,5,0.19625,4.93459,0.219211,-0.0654116,0.0229606,576,26309,26885,35.4886
4663,4664.png,5,0.204,4.93459,0.219211,-0.0654116,0.0152106,576,26309,26885,26.3608
4664,4665.png,5,0.07005,4.98669,0.0527928,-0.0133052,-0.0172572,576,26309,26885,35.7476
4665,4666.png,5,0.0783,4.98669,0.0527928,-0.0133052,-0.0255072,576,26309,26885,30.3273
4666,4667.png,5,-0.0781,4.99123,-0.0393128,-0.00877428,0.0387873,576,26309,26885,38.0385
4667,4668.png,5,-0.0696,4.99123,-0.0393128,-0.00877428,0.0302873,576,26309,26885,36.9399
4668,4669.png,5,-0.239,4.97537,-0.167004,-0.0246329,0.0719957,576,26309,26885,35.0338
4669,4670.png,5,-0.23,4.97537,-0.167004,-0.0246329,0.0629957,576,26309,26885,23.7542
4670,4671.png,5,-0.23,4.97537,-0.167004,-0.0246329,0.0629957,576,26309,26885,34.1301
4671,4672.png,13,-0.19205,4.96177,-0.228757,-8.03823,-0.036707,576,26309,26885,31.4843
4672,4673.png,13,-0.1863,4.96177,-0.228757,-8.03823,-0.042457,576,26309,26885,28.3582
4673,4674.png,5,-0.3503,4.95045,-0.258063,-0.0495529,0.0922368,576,26309,26885,35.5724
4674,4675.png,5,-0.35,4.95045,-0.258063,-0.0495529,0.0919367,576,26309,26885,25.7581
4675,4676.png,5,-0.2832,4.94592,-0.228757,-0.0540838,0.054443,576,26309,26885,38.3574
4676,4677.png,5,-0.2852,4.94592,-0.228757,-0.0540838,0.0564431,576,26309,26885,28.9663
4677,4678.png,5,-0.1041,4.98216,-0.0497793,-0.0178361,0.0543207,576,26309,26885,37.537
4678,4679.png,5,-0.1131,4.98216,-0.0497793,-0.0178361,0.0633207,576,26309,26885,35.4579
4679,4680.png,5,0.1132,4.98216,0.117685,-0.0178361,0.00448546,576,26309,26885,36.7571
4680,4681.png,5,0.1012,4.98216,0.117685,-0.0178361,0.0164855,576,26309,26885,24.2009
4681,4682.png,13,0.2305,4.96857,0.328063,-8.03143,0.0975625,576,26309,26885,31.7192
4682,4683.png,13,0.216,4.96857,0.328063,-8.03143,0.112063,576,26309,26885,29.7075
4683,4684.png,5,0.6493,4.90967,0.622172,-0.090332,-0.0271277,576,26309,26885,31.0053
4684,4685.png,5,0.6348,4.90967,0.622172,-0.090332,-0.0126277,576,26309,26885,33.467
4685,4686.png,5,0.9177,4.78507,0.970708,-0.214934,0.0530076,576,26309,26885,34.3504
4686,4687.png,5,0.90045,4.78507,0.970708,-0.214934,0.0702576,576,26309,26885,41.2597
4687,4688.png,5,1.42425,4.86209,1.30982,-0.137908,-0.114427,576,26309,26885,34.9252
4688,4689.png,5,1.38375,4.86209,1.30982,-0.137908,-0.0739269,576,26309,26885,30.6339
4689,4690.png,5,1.55175,4.94592,1.45531,-0.0540838,-0.0964419,576,26309,26885,38.0143
4690,4691.png,5,1.54125,4.94592,1.45531,-0.0540838,-0.0859419,576,26309,26885,28.477
4691,4692.png,5,1.62525,4.96404,1.51287,-0.0359602,-0.112376,576,26309,26885,43.2921
4692,4693.png,5,1.62,4.96404,1.51287,-0.0359602,-0.107126,576,26309,26885,32.9145
4693,4694.png,5,1.568,4.93685,1.46368,-0.0631461,-0.104319,576,26309,26885,28.8117
4694,4695.png,5,1.57125,4.93685,1.46368,-0.0631461,-0.107569,576,26309,26885,28.4016
4695,4696.png,5,1.43125,4.88928,1.34018,-0.110722,-0.091074,576,26309,26885,37.6605
4696,4697.png,5,1.44,4.88928,1.34018,-0.110722,-0.0998241,576,26309,26885,23.7705
4697,4698.png,5,1.236,4.776,1.15073,-0.223996,-0.0852679,576,26309,26885,25.2746
4698,4699.png,5,1.24875,4.776,1.15073,-0.223996,-0.0980179,576,26309,26885,28.9195
4699,4700.png,5,1.00875,4.86662,0.982221,-0.133377,-0.0265293,576,26309,26885,29.2133
4700,4701.png,5,1.02375,4.86662,0.982221,-0.133377,-0.0415292,576,26309,26885,38.4113
4701,4702.png,5,0.74775,4.95951,0.725791,-0.0404911,-0.0219591,576,26309,26885,29.7402
4702,4703.png,5,0.765,4.95951,0.725791,-0.0404911,-0.0392091,576,26309,26885,29.1524
4703,4704.png,5,0.493,4.92779,0.548906,-0.0722079,0.0559063,576,26309,26885,35.7107
4704,4705.png,5,0.51,4.92779,0.548906,-0.0722079,0.0389063,576,26309,26885,25.8077
4705,4706.png,5,0.272,4.94592,0.353182,-0.0540838,0.0811822,576,26309,26885,37.7216
4706,4707.png,5,0.288,4.94592,0.353182,-0.0540838,0.0651822,576,26309,26885,27.9488
4707,4708.png,5,0.0464,4.99123,0.0559326,-0.00877428,0.00953263,576,26309,26885,35.8459
4708,4709.png,5,0.0609,4.99123,0.0559326,-0.00877428,-0.00496737,576,26309,26885,29.3237
4709,4710.png,5,-0.1685,5.00029,-0.0989719,0.000287533,0.0695281,576,26309,26885,43.4274
4710,4711.png,5,-0.155,5.00029,-0.0989719,0.000287533,0.0560281,576,26309,26885,26.7142
4711,4712.png,5,-0.3246,4.96404,-0.185844,-0.0359602,0.138756,576,26309,26885,35.2896
4712,4713.png,5,-0.315,4.96404,-0.185844,-0.0359602,0.129156,576,26309,26885,37.8042
4713,4714.png,5,-0.34765,4.94365,-0.27167,-0.0563498,0.0759803,576,26309,26885,35.3448
4714,4715.png,5,-0.34365,4.94365,-0.27167,-0.0563498,0.0719804,576,26309,26885,34.457
4715,4716.png,5,-0.32525,4.95271,-0.209917,-0.0472879,0.115333,576,26309,26885,35.2879
4716,4717.png,5,-0.32625,4.95271,-0.209917,-0.0472879,0.116333,576,26309,26885,33.5391
4717,4718.png,5,-0.22965,4.98216,-0.142931,-0.0178361,0.0867186,576,26309,26885,35.2997
4718,4719.png,5,-0.2349,4.98216,-0.142931,-0.0178361,0.0919686,576,26309,26885,27.8605
4719,4720.png,5,-0.0693,4.98669,-0.0173329,-0.0133052,0.0519671,576,26309,26885,38.5304
4720,4721.png,5,-0.0783,4.98669,-0.0173329,-0.0133052,0.0609671,576,26309,26885,33.1382
4721,4722.png,5,0.1241,5.00255,0.123965,0.00255299,-0.000134803,576,26309,26885,29.8966
4722,4723.png,5,0.1131,5.00255,0.123965,0.00255299,0.0108652,576,26309,26885,31.3817
4723,4724.png,5,0.4003,4.97537,0.293523,-0.0246329,-0.106777,576,26309,26885,33.9711
4724,4725.png,5,0.385,4.97537,0.293523,-0.0246329,-0.0914767,576,26309,26885,34.2441
4725,4726.png,5,0.6659,4.9731,0.5353,-0.0268984,-0.1306,576,26309,26885,23.9605
4726,4727.png,5,0.65,4.9731,0.5353,-0.0268984,-0.1147,576,26309,26885,23.7788
4727,4728.png,5,0.8405,4.8485,0.789636,-0.1515,-0.0508636,576,26309,26885,30.4372
4728,4729.png,5,0.828,4.8485,0.789636,-0.1515,-0.0383636,576,26309,26885,36.9402
4729,4730.png,5,0.9578,4.80546,0.889069,-0.194544,-0.0687311,576,26309,26885,35.0731
4730,4731.png,5,0.9483,4.80546,0.889069,-0.194544,-0.0592312,576,26309,26885,32.7952
4731,4732.png,5,0.9483,4.80546,0.889069,-0.194544,-0.0592312,576,26309,26885,33.288
4732,4733.png,5,1.0311,4.86209,0.913142,-0.137908,-0.117958,576,26309,26885,33.6577
4733,4734.png,5,0.93975,4.89381,0.878602,-0.106191,-0.0611479,576,26309,26885,33.3303
4734,4735.png,5,0.94,4.89381,0.878602,-0.106191,-0.0613979,576,26309,26885,31.7667
4735,4736.png,5,0.94,4.89381,0.878602,-0.106191,-0.0613979,576,26309,26885,35.5479
4736,4737.png,5,0.855,4.92326,0.76661,-0.0767388,-0.0883898,576,26309,26885,35.7829
4737,4738.png,5,0.86,4.92326,0.76661,-0.0767388,-0.0933897,576,26309,26885,25.37
4738,4739.png,5,0.72825,4.91193,0.627405,-0.0880666,-0.100845,576,26309,26885,33.8553
4739,4740.png,5,0.736,4.91193,0.627405,-0.0880666,-0.108595,576,26309,26885,27.0828
4740,4741.png,5,0.736,4.91193,0.627405,-0.0880666,-0.108595,576,26309,26885,35.1758
4741,4742.png,5,0.549,4.89154,0.537393,-0.108456,-0.0116068,576,26309,26885,35.1595
4742,4743.png,5,0.3475,4.94592,0.366789,-0.0540838,0.0192888,576,26309,26885,24.8324
4743,4744.png,5,0.36,4.94592,0.366789,-0.0540838,0.00678879,576,26309,26885,34.1083
4744,4745.png,5,0.36,4.94592,0.366789,-0.0540838,0.00678879,576,26309,26885,36.345
4745,4746.png,5,0.1431,4.98443,0.111405,-0.0155711,-0.0316946,576,26309,26885,34.6889
4746,4747.png,5,0.1566,4.98443,0.111405,-0.0155711,-0.0451946,576,26309,26885,28.6357
4747,4748.png,5,-0.0478,4.99349,-0.0309395,-0.00650883,0.0168605,576,26309,26885,29.4571
4748,4749.png,5,-0.0368,4.99349,-0.0309395,-0.00650883,0.00586048,576,26309,26885,32.2907
4749,4750.png,13,-0.1632,4.99802,-0.192124,-8.00198,-0.028924,576,26309,26885,28.3946
4750,4751.png,13,-0.1512,4.99802,-0.192124,-8.00198,-0.040924,576,26309,26885,29.4715
4751,4752.png,5,-0.4516,4.97763,-0.500887,-0.022367,-0.0492867,576,26309,26885,34.3733
4752,4753.png,5,-0.4416,4.97763,-0.500887,-0.022367,-0.0592867,576,26309,26885,28.799
4753,4754.png,5,-0.5924,4.98669,-0.597179,-0.0133052,-0.0047788,576,26309,26885,29.0697
4754,4755.png,5,-0.5829,4.98669,-0.597179,-0.0133052,-0.0142788,576,26309,26885,23.5641
4755,4756.png,5,-0.88875,5.06599,-0.949901,0.0659866,-0.0611507,576,26309,26885,24.0093
4756,4757.png,5,-0.868,5.06599,-0.949901,0.0659866,-0.0819008,576,26309,26885,23.576
4757,4758.png,5,-0.868,5.06599,-0.949901,0.0659866,-0.0819008,576,26309,26885,33.8651
4758,4759.png,9,-0.60455,5.05466,-0.947807,-3.94534,-0.343257,576,26309,26885,28.6317
4759,4760.png,9,-0.5978,5.05466,-0.947807,-3.94534,-0.350007,576,26309,26885,31.3232
4760,4761.png,5,-1.04825,5.01841,-1.01165,0.0184116,0.0365965,576,26309,26885,41.3477
4761,4762.png,5,-1.044,5.01841,-1.01165,0.0184116,0.0323466,576,26309,26885,32.1429
4762,4763.png,5,-1.044,5.01841,-1.01165,0.0184116,0.0323466,576,26309,26885,34.794
4763,4764.png,5,-1.07375,5.02974,-1.02735,0.0297389,0.0463969,576,26309,26885,34.2314
4764,4765.png,5,-1.072,5.02974,-1.02735,0.0297389,0.0446469,576,26309,26885,32.6805
4765,4766.png,5,-1.169,4.98216,-1.15504,-0.0178361,0.0139552,576,26309,26885,34.758
4766,4767.png,5,-1.15875,4.98216,-1.15504,-0.0178361,0.00370526,576,26309,26885,31.291
4767,4768.png,5,-1.10275,4.99123,-1.11213,-0.00877428,-0.00938201,576,26309,26885,35.4582
4768,4769.png,5,-1.10625,4.99123,-1.11213,-0.00877428,-0.00588191,576,26309,26885,26.1992
4769,4770.png,5,-1.01425,5.01841,-1.02945,0.0184116,-0.0151963,576,26309,26885,35.9714
4770,4771.png,5,-1.02,5.01841,-1.02945,0.0184116,-0.00944638,576,26309,26885,30.3247
4771,4772.png,5,-0.876,5.0388,-0.859889,0.0388007,0.0161113,576,26309,26885,29.0051
4772,4773.png,5,-0.885,5.0388,-0.859889,0.0388007,0.0251113,576,26309,26885,35.7886
4773,4774.png,5,-0.717,5.01161,-0.709171,0.0116148,0.00782937,576,26309,26885,32.4356
4774,4775.png,5,-0.7275,5.01161,-0.709171,0.0116148,0.0183294,576,26309,26885,31.0545
4775,4776.png,5,-0.5805,4.98896,-0.574152,-0.0110397,0.0063476,576,26309,26885,38.6187
4776,4777.png,5,-0.592,4.98896,-0.574152,-0.0110397,0.0178476,576,26309,26885,36.1544
4777,4778.png,5,-0.405,4.99349,-0.479954,-0.00650883,-0.0749536,576,26309,26885,35.1419
4778,4779.png,5,-0.416,4.99349,-0.479954,-0.00650883,-0.0639536,576,26309,26885,27.4874
4779,4780.png,5,-0.416,4.99349,-0.479954,-0.00650883,-0.0639536,576,26309,26885,36.8414
4780,4781.png,5,-0.2375,4.96631,-0.207824,-0.0336947,0.0296761,576,26309,26885,37.0074
4781,4782.png,5,-0.248,4.96631,-0.207824,-0.0336947,0.0401761,576,26309,26885,33.0738
4782,4783.png,5,-0.0995,5.00708,-0.103159,0.00708389,-0.00365853,576,26309,26885,38.0294
4783,4784.png,5,-0.10875,5.00708,-0.103159,0.00708389,0.00559147,576,26309,26885,23.6776
4784,4785.png,5,0.0208,5.00255,0.0140669,0.00255299,-0.00673314,576,26309,26885,35.7037
4785,4786.png,5,0.0138,5.00255,0.0140669,0.00255299,0.000266858,576,26309,26885,33.8987
4786,4787.png,5,0.0138,5.00255,0.0140669,0.00255299,0.000266858,576,26309,26885,35.6151
4787,4788.png,5,0.1104,5.00029,0.0506996,0.000287533,-0.0597004,576,26309,26885,35.6833
4788,4789.png,5,0.105,5.00029,0.0506996,0.000287533,-0.0543004,576,26309,26885,31.9038
4789,4790.png,5,0.1368,4.98896,0.0737258,-0.0110397,-0.0630742,576,26309,26885,31.082
4790,4791.png,5,0.135,4.98896,0.0737258,-0.0110397,-0.0612742,576,26309,26885,36.4212
4791,4792.png,5,0.135,4.98896,0.0737258,-0.0110397,-0.0612742,576,26309,26885,35.6201
4792,4793.png,5,0.1032,4.98669,0.0454663,-0.0133052,-0.0577337,576,26309,26885,28.439
4793,4794.png,5,0.105,4.98669,0.0454663,-0.0133052,-0.0595337,576,26309,26885,25.7797
4794,4795.png,5,0.0149,4.99123,0.00988024,-0.00877428,-0.00501976,576,26309,26885,32.7597
4795,4796.png,5,0.02,4.99123,0.00988024,-0.00877428,-0.0101198,576,26309,26885,30.1378
4796,4797.png,5,-0.1178,5.00029,-0.112578,0.000287533,0.0052215,576,26309,26885,35.6698
4797,4798.png,5,-0.11,5.00029,-0.112578,0.000287533,-0.0025785,576,26309,26885,37.4697
4798,4799.png,13,-0.1538,4.9799,-0.219337,-8.0201,-0.065537,576,26309,26885,28.5019
4799,4800.png,13,-0.1458,4.9799,-0.219337,-8.0201,-0.073537,576,26309,26885,34.6405
4800,4801.png,5,-0.4608,5.00029,-0.492513,0.000287533,-0.0317135,576,26309,26885,28.5239
4801,4802.png,5,-0.45,5.00029,-0.492513,0.000287533,-0.0425135,576,26309,26885,32.9193
4802,4803.png,5,-0.6274,4.96177,-0.679864,-0.0382257,-0.0524644,576,26309,26885,37.5591
4803,4804.png,5,-0.6164,4.96177,-0.679864,-0.0382257,-0.0634643,576,26309,26885,29.2623
4804,4805.png,9,-0.655,5.02747,-1.08597,-3.97253,-0.430966,576,26309,26885,35.4431
4805,4806.png,9,-0.62475,5.02747,-1.08597,-3.97253,-0.461216,576,26309,26885,27.3676
4806,4807.png,5,-1.156,4.98669,-1.11527,-0.0133052,0.040728,576,26309,26885,37.2067
4807,4808.png,5,-1.148,4.98669,-1.11527,-0.0133052,0.032728,576,26309,26885,31.42
4808,4809.png,5,-1.20025,4.95951,-1.19377,-0.0404911,0.00647914,576,26309,26885,35.3489
4809,4810.png,5,-1.1925,4.95951,-1.19377,-0.0404911,-0.00127089,576,26309,26885,32.3309
4810,4811.png,5,-1.4565,4.96857,-1.44706,-0.0314293,0.00943911,576,26309,26885,24.9325
4811,4812.png,5,-1.44,4.96857,-1.44706,-0.0314293,-0.00706089,576,26309,26885,24.3545
4812,4813.png,5,-1.44,4.96857,-1.44706,-0.0314293,-0.00706089,576,26309,26885,23.5161
4813,4814.png,5,-1.404,4.98216,-1.41461,-0.0178361,-0.0106146,576,26309,26885,32.1545
4814,4815.png,5,-1.40625,4.98216,-1.41461,-0.0178361,-0.00836468,576,26309,26885,29.2449
4815,4816.png,5,-1.40625,4.98216,-1.41461,-0.0178361,-0.00836468,576,26309,26885,34.3905
4816,4817.png,5,-1.31025,4.97763,-1.32042,-0.022367,-0.0101658,576,26309,26885,33.6145
4817,4818.png,5,-1.31625,4.97763,-1.32042,-0.022367,-0.00416589,576,26309,26885,35.3812
4818,4819.png,5,-1.31625,4.97763,-1.32042,-0.022367,-0.00416589,576,26309,26885,31.5045
4819,4820.png,5,-1.12025,5.00482,-1.13934,0.00481844,-0.0190949,576,26309,26885,29.2345
4820,4821.png,5,-1.1325,5.00482,-1.13934,0.00481844,-0.00684488,576,26309,26885,42.8706
4821,4822.png,5,-0.9085,5.05919,-0.910128,0.0591903,-0.00162792,576,26309,26885,30.7795
4822,4823.png,5,-0.9225,5.05919,-0.910128,0.0591903,0.0123721,576,26309,26885,36.89
4823,4824.png,5,-0.9225,5.05919,-0.910128,0.0591903,0.0123721,576,26309,26885,33.6616
4824,4825.png,5,-0.6705,5.00708,-0.704984,0.00708389,-0.034484,576,26309,26885,36.612
4825,4826.png,5,-0.46425,4.97537,-0.520773,-0.0246329,-0.056523,576,26309,26885,28.2774
4826,4827.png,5,-0.48,4.97537,-0.520773,-0.0246329,-0.040773,576,26309,26885,34.7744
4827,4828.png,5,-0.48,4.97537,-0.520773,-0.0246329,-0.040773,576,26309,26885,36.7797
4828,4829.png,5,-0.208,4.96404,-0.191077,-0.0359602,0.0169226,576,26309,26885,36.6726
4829,4830.png,5,-0.224,4.96404,-0.191077,-0.0359602,0.0329226,576,26309,26885,24.5573
4830,4831.png,5,0.0528,4.99576,0.0234865,-0.00424337,-0.0293135,576,26309,26885,34.98
4831,4832.png,5,0.0368,4.99576,0.0234865,-0.00424337,-0.0133135,576,26309,26885,27.2855
4832,4833.png,13,0.1632,4.95045,0.238051,-8.04955,0.0748505,576,26309,26885,35.7657
4833,4834.png,5,0.4598,4.93912,0.412842,-0.0608807,-0.0469584,576,26309,26885,32.6819
4834,4835.png,5,0.44805,4.93912,0.412842,-0.0608807,-0.0352084,576,26309,26885,33.8821
4835,4836.png,5,0.44805,4.93912,0.412842,-0.0608807,-0.0352084,576,26309,26885,36.6449
4836,4837.png,5,0.531,4.88701,0.504947,-0.112987,-0.026053,576,26309,26885,29.3141
4837,4838.png,5,0.48575,4.88701,0.460987,-0.112987,-0.0247625,576,26309,26885,28.5369
4838,4839.png,5,0.488,4.88701,0.460987,-0.112987,-0.0270126,576,26309,26885,27.1212
4839,4840.png,5,0.488,4.88701,0.460987,-0.112987,-0.0270126,576,26309,26885,28.9036
4840,4841.png,5,0.3945,4.89381,0.401328,-0.106191,0.00682849,576,26309,26885,23.7322
4841,4842.png,5,0.23425,4.93232,0.252703,-0.067677,0.0184535,576,26309,26885,35.842
4842,4843.png,5,0.244,4.93232,0.252703,-0.067677,0.00870349,576,26309,26885,30.5501
4843,4844.png,5,0.02725,4.98896,0.000460269,-0.0110397,-0.0267897,576,26309,26885,42.6737
4844,4845.png,5,0.04,4.98896,0.000460269,-0.0110397,-0.0395397,576,26309,26885,27.03
4845,4846.png,5,-0.1727,4.97537,-0.169098,-0.0246329,0.0036024,576,26309,26885,36.8711
4846,4847.png,5,-0.16095,4.97537,-0.169098,-0.0246329,-0.0081476,576,26309,26885,26.3694
4847,4848.png,5,-0.16095,4.97537,-0.169098,-0.0246329,-0.0081476,576,26309,26885,43.0182
4848,4849.png,5,-0.3933,5.00935,-0.420294,0.00934982,-0.0269944,576,26309,26885,34.8509
4849,4850.png,5,-0.3818,5.00935,-0.420294,0.00934982,-0.0384944,576,26309,26885,31.9416
4850,4851.png,13,-0.35095,4.94138,-0.665211,-8.05861,-0.314261,576,26309,26885,30.0023
4851,4852.png,13,-0.3402,4.94138,-0.665211,-8.05861,-0.325011,576,26309,26885,23.692
4852,4853.png,5,-0.8844,4.99576,-0.800229,-0.00424337,0.0841706,576,26309,26885,33.623
4853,4854.png,5,-0.87,4.99576,-0.800229,-0.00424337,0.0697706,576,26309,26885,29.9765
4854,4855.png,5,-1.0237,5.12036,-1.05666,0.120358,-0.0329595,576,26309,26885,37.8623
4855,4856.png,5,-1.0092,5.12036,-1.05666,0.120358,-0.0474595,576,26309,26885,26.578
4856,4857.png,5,-1.63775,4.96631,-1.55068,-0.0336947,0.0870706,576,26309,26885,37.5321
4857,4858.png,5,-1.596,4.96631,-1.55068,-0.0336947,0.0453205,576,26309,26885,27.2795
4858,4859.png,5,-1.58425,4.96631,-1.60615,-0.0336947,-0.0219022,576,26309,26885,37.3213
4859,4860.png,5,-1.57875,4.96631,-1.60615,-0.0336947,-0.0274022,576,26309,26885,27.5694
4860,4861.png,5,-1.59475,4.97763,-1.57057,-0.022367,0.024184,576,26309,26885,37.3892
4861,4862.png,5,-1.59375,4.97763,-1.57057,-0.022367,0.0231839,576,26309,26885,27.4486
4862,4863.png,5,-1.53375,4.98896,-1.51509,-0.0110397,0.0186567,576,26309,26885,35.0601
4863,4864.png,5,-1.5375,4.98896,-1.51509,-0.0110397,0.0224067,576,26309,26885,25.7839
4864,4865.png,5,-1.5695,5.00029,-1.53184,0.000287533,0.0376602,576,26309,26885,35.4523
4865,4866.png,5,-1.5675,5.00029,-1.53184,0.000287533,0.0356603,576,26309,26885,28.8373
4866,4867.png,5,-1.418,5.00255,-1.53917,0.00255299,-0.121166,576,26309,26885,35.7816
4867,4868.png,5,-1.41375,5.00255,-1.53917,0.00255299,-0.125416,576,26309,26885,32.5578
4868,4869.png,5,-1.48025,4.99576,-1.57371,-0.00424337,-0.0934559,576,26309,26885,23.5786
4869,4870.png,5,-1.4755,4.99576,-1.57371,-0.00424337,-0.0982059,576,26309,26885,23.5615
4870,4871.png,5,-1.5105,5.00029,-1.57894,0.000287533,-0.0684392,576,26309,26885,34.8136
4871,4872.png,5,-1.508,5.00029,-1.57894,0.000287533,-0.0709392,576,26309,26885,33.5591
4872,4873.png,5,-1.515,5.00482,-1.59045,0.00481844,-0.0754524,576,26309,26885,38.2674
4873,4874.png,5,-1.5145,5.00482,-1.59045,0.00481844,-0.0759524,576,26309,26885,27.3109
4874,4875.png,5,-1.441,5.01615,-1.54231,0.0161457,-0.101306,576,26309,26885,33.6895
4875,4876.png,5,-1.44625,5.01615,-1.54231,0.0161457,-0.0960563,576,26309,26885,36.2345
4876,4877.png,5,-1.30625,5.02974,-1.43869,0.0297389,-0.132438,576,26309,26885,28.8904
4877,4878.png,5,-1.31625,5.02974,-1.43869,0.0297389,-0.122438,576,26309,26885,33.467
4878,4879.png,5,-1.1925,5.01388,-1.22412,0.0138807,-0.0316238,576,26309,26885,32.3954
4879,4880.png,5,-1.2075,5.01388,-1.22412,0.0138807,-0.0166239,576,26309,26885,33.3918
4880,4881.png,5,-0.945,5.02747,-1.02526,0.0274734,-0.0802599,576,26309,26885,35.7154
4881,4882.png,5,-0.9625,5.02747,-1.02526,0.0274734,-0.0627599,576,26309,26885,32.8672
4882,4883.png,5,-0.6925,5.00255,-0.755223,0.00255299,-0.0627234,576,26309,26885,28.9158
4883,4884.png,5,-0.7105,5.00255,-0.755223,0.00255299,-0.0447234,576,26309,26885,33.1966
4884,4885.png,5,-0.44525,4.9731,-0.483094,-0.0268984,-0.0378436,576,26309,26885,29.2918
4885,4886.png,5,-0.465,4.9731,-0.483094,-0.0268984,-0.0180936,576,26309,26885,26.5294
4886,4887.png,5,-0.161,4.96631,-0.181657,-0.0336947,-0.0206574,576,26309,26885,28.6402
4887,4888.png,5,-0.18,4.96631,-0.181657,-0.0336947,-0.00165744,576,26309,26885,26.8881
4888,4889.png,5,0.097,4.99576,0.070586,-0.00424337,-0.026414,576,26309,26885,35.2324
4889,4890.png,5,0.08,4.99576,0.070586,-0.00424337,-0.00941404,576,26309,26885,24.8378
4890,4891.png,5,0.3733,4.94138,0.293523,-0.0586152,-0.0797767,576,26309,26885,35.6473
4891,4892.png,5,0.3588,4.94138,0.293523,-0.0586152,-0.0652767,576,26309,26885,27.5072
4892,4893.png,5,0.602,4.9074,0.493434,-0.0925975,-0.108566,576,26309,26885,29.4619
4893,4894.png,5,0.59,4.9074,0.493434,-0.0925975,-0.096566,576,26309,26885,26.9756
4894,4895.png,5,0.6053,4.88928,0.57612,-0.110722,-0.0291805,576,26309,26885,28.9665
4895,4896.png,5,0.6003,4.88928,0.57612,-0.110722,-0.0241805,576,26309,26885,28.8783
4896,4897.png,5,0.5819,4.89381,0.531114,-0.106191,-0.0507865,576,26309,26885,33.0935
4897,4898.png,5,0.5829,4.89381,0.531114,-0.106191,-0.0517865,576,26309,26885,24.2254
4898,4899.png,5,0.4255,4.92553,0.439008,-0.0744739,0.013508,576,26309,26885,23.6465
4899,4900.png,5,0.432,4.92553,0.439008,-0.0744739,0.00700799,576,26309,26885,32.6141
4900,4901.png,5,0.2535,4.921,0.264217,-0.0790048,0.0107169,576,26309,26885,35.5744
4901,4902.png,5,0.264,4.921,0.264217,-0.0790048,0.000216961,576,26309,26885,29.2647
4902,4903.png,5,0.0295,4.99123,0.00569363,-0.00877428,-0.0238064,576,26309,26885,31.1657
4903,4904.png,5,0.0435,4.99123,0.00569363,-0.00877428,-0.0378064,576,26309,26885,37.881
4904,4905.png,5,-0.245,4.94138,-0.187937,-0.0586152,0.0570626,576,26309,26885,35.723
4905,4906.png,5,-0.23,4.94138,-0.187937,-0.0586152,0.0420626,576,26309,26885,33.3778
4906,4907.png,5,-0.5839,4.96631,-0.598225,-0.0336947,-0.0143254,576,26309,26885,35.6765
4907,4908.png,5,-0.565,4.96631,-0.598225,-0.0336947,-0.0332254,576,26309,26885,37.3846
4908,4909.png,5,-0.77215,4.99576,-0.801276,-0.00424337,-0.0291262,576,26309,26885,35.0759
4909,4910.png,5,-0.7569,4.99576,-0.801276,-0.00424337,-0.0443761,576,26309,26885,35.5321
4910,4911.png,5,-0.9823,5.07052,-0.986534,0.0705175,-0.00423372,576,26309,26885,38.7504
4911,4912.png,5,-0.97005,5.07052,-0.986534,0.0705175,-0.0164837,576,26309,26885,34.3275
4912,4913.png,9,-0.63815,5.02974,-1.06608,-3.97026,-0.427929,576,26309,26885,36.9902
4913,4914.png,9,-0.62965,5.02974,-1.06608,-3.97026,-0.436429,576,26309,26885,25.498
4914,4915.png,5,-1.11725,5.0456,-1.07445,0.0455976,0.0427976,576,26309,26885,28.7166
4915,4916.png,5,-1.112,5.0456,-1.07445,0.0455976,0.0375476,576,26309,26885,30.237
4916,4917.png,5,-1.16725,4.99349,-1.12051,-0.00650883,0.0467448,576,26309,26885,35.5033
4917,4918.png,5,-1.164,4.99349,-1.12051,-0.00650883,0.0434948,576,26309,26885,27.6923
4918,4919.png,5,-1.33125,4.96177,-1.27332,-0.0382257,0.0579333,576,26309,26885,37.9512
4919,4920.png,5,-1.31625,4.96177,-1.27332,-0.0382257,0.0429333,576,26309,26885,29.1389
4920,4921.png,5,-1.27625,4.9731,-1.2482,-0.0268984,0.028053,576,26309,26885,34.4371
4921,4922.png,5,-1.27875,4.9731,-1.2482,-0.0268984,0.030553,576,26309,26885,35.6212
4922,4923.png,5,-1.19075,4.97763,-1.17179,-0.022367,0.0189587,576,26309,26885,33.1486
4923,4924.png,5,-1.19625,4.97763,-1.17179,-0.022367,0.0244586,576,26309,26885,29.3435
4924,4925.png,5,-1.03225,5.02068,-1.05771,0.0206771,-0.025456,576,26309,26885,38.2673
4925,4926.png,5,-1.0425,5.02068,-1.05771,0.0206771,-0.015206,576,26309,26885,30.856
4926,4927.png,5,-0.8505,5.04333,-0.828489,0.0433316,0.0220109,576,26309,26885,23.6605
4927,4928.png,5,-0.8625,5.04333,-0.828489,0.0433316,0.0340109,576,26309,26885,46.6098
4928,4929.png,5,-0.6465,5.00029,-0.686144,0.000287533,-0.0396442,576,26309,26885,34.2066
4929,4930.png,5,-0.66,5.00029,-0.686144,0.000287533,-0.0261442,576,26309,26885,41.177
4930,4931.png,5,-0.466,4.98896,-0.520773,-0.0110397,-0.054773,576,26309,26885,35.1619
4931,4932.png,5,-0.48,4.98896,-0.520773,-0.0110397,-0.040773,576,26309,26885,27.1142
4932,4933.png,5,-0.25475,4.95724,-0.219337,-0.042757,0.035413,576,26309,26885,36.5405
4933,4934.png,5,-0.268,4.95724,-0.219337,-0.042757,0.048663,576,26309,26885,27.5847
4934,4935.png,5,-0.07525,5.00029,-0.0843188,0.000287533,-0.00906876,576,26309,26885,37.2503
4935,4936.png,5,-0.087,5.00029,-0.0843188,0.000287533,0.00268124,576,26309,26885,31.7838
4936,4937.png,5,0.1014,4.99349,0.0506996,-0.00650883,-0.0507004,576,26309,26885,35.6356
4937,4938.png,5,0.09,4.99349,0.0506996,-0.00650883,-0.0393004,576,26309,26885,36.5282
4938,4939.png,5,0.2278,4.97537,0.172111,-0.0246329,-0.0556885,576,26309,26885,34.5488
4939,4940.png,5,0.22,4.97537,0.172111,-0.0246329,-0.0478885,576,26309,26885,36.0356
4940,4941.png,5,0.2703,4.94365,0.228631,-0.0563498,-0.0416695,576,26309,26885,35.0449
4941,4942.png,5,0.2668,4.94365,0.228631,-0.0563498,-0.0381694,576,26309,26885,32.6658
4942,4943.png,5,0.2385,4.94365,0.211884,-0.0563498,-0.0266159,576,26309,26885,36.3585
4943,4944.png,5,0.23925,4.94365,0.211884,-0.0563498,-0.0273659,576,26309,26885,33.0824
4944,4945.png,5,0.16105,4.97763,0.111405,-0.022367,-0.0496446,576,26309,26885,35.0478
4945,4946.png,5,0.1653,4.97763,0.111405,-0.022367,-0.0538946,576,26309,26885,32.4731
4946,4947.png,5,0.0365,4.99123,0.00360014,-0.00877428,-0.0328999,576,26309,26885,35.0778
4947,4948.png,5,0.0435,4.99123,0.00360014,-0.00877428,-0.0398999,576,26309,26885,33.2146
4948,4949.png,5,-0.1383,4.96177,-0.133512,-0.0382257,0.00478843,576,26309,26885,35.9006
4949,4950.png,5,-0.1288,4.96177,-0.133512,-0.0382257,-0.00471157,576,26309,26885,33.1004
4950,4951.png,5,-0.3679,4.99349,-0.339702,-0.00650883,0.028198,576,26309,26885,28.5797
4951,4952.png,5,-0.355,4.99349,-0.339702,-0.00650883,0.0152979,576,26309,26885,26.7946
4952,4953.png,5,-0.5882,4.9799,-0.582526,-0.020102,0.0056743,576,26309,26885,35.1507
4953,4954.png,5,-0.575,4.9799,-0.582526,-0.020102,-0.00752568,576,26309,26885,26.3386
4954,4955.png,5,-0.723,4.94138,-0.75941,-0.0586152,-0.03641,576,26309,26885,23.8926
4955,4956.png,5,-0.713,4.94138,-0.75941,-0.0586152,-0.04641,576,26309,26885,27.6605
4956,4957.png,5,-0.83065,5.032,-0.866168,0.0320044,-0.0355185,576,26309,26885,30.3563
4957,4958.png,5,-0.82215,5.032,-0.866168,0.0320044,-0.0440184,576,26309,26885,28.7703
4958,4959.png,5,-0.91415,5.08864,-0.924781,0.0886416,-0.0106311,576,26309,26885,33.388
4959,4960.png,5,-0.90915,5.08864,-0.924781,0.0886416,-0.0156311,576,26309,26885,38.2883
4960,4961.png,5,-0.96435,5.05692,-0.982347,0.0569248,-0.0179971,576,26309,26885,26.3529
4961,4962.png,5,-0.96135,5.05692,-0.982347,0.0569248,-0.0209971,576,26309,26885,36.5111
4962,4963.png,5,-0.96135,5.03654,-0.998047,0.0365357,-0.0366968,576,26309,26885,36.7759
4963,4964.png,5,-0.96135,5.03654,-0.998047,0.0365357,-0.0366968,576,26309,26885,29.3084
4964,4965.png,5,-0.84575,5.06146,-0.953041,0.0614557,-0.107291,576,26309,26885,35.5522
4965,4966.png,5,-0.848,5.06146,-0.953041,0.0614557,-0.105041,576,26309,26885,29.5908
4966,4967.png,5,-0.7715,5.06599,-0.853609,0.0659866,-0.0821088,576,26309,26885,34.5132
4967,4968.png,5,-0.776,5.06599,-0.853609,0.0659866,-0.0776088,576,26309,26885,25.8713
4968,4969.png,5,-0.6825,5.02747,-0.717544,0.0274734,-0.0350438,576,26309,26885,35.6601
4969,4970.png,5,-0.688,5.02747,-0.717544,0.0274734,-0.0295438,576,26309,26885,36.3756
4970,4971.png,5,-0.6378,4.98896,-0.661025,-0.0110397,-0.0232246,576,26309,26885,37.4302
4971,4972.png,5,-0.6438,4.98896,-0.661025,-0.0110397,-0.0172246,576,26309,26885,28.8236
4972,4973.png,5,-0.5242,4.9799,-0.541706,-0.020102,-0.0175061,576,26309,26885,28.7917
4973,4974.png,5,-0.5307,4.9799,-0.541706,-0.020102,-0.0110061,576,26309,26885,27.4221
4974,4975.png,5,-0.4249,4.98216,-0.482047,-0.0178361,-0.0571469,576,26309,26885,29.9803
4975,4976.png,5,-0.43065,4.98216,-0.482047,-0.0178361,-0.0513969,576,26309,26885,33.0533
4976,4977.png,5,-0.36625,4.98443,-0.427621,-0.0155711,-0.0613709,576,26309,26885,35.4777
4977,4978.png,5,-0.36975,4.98443,-0.427621,-0.0155711,-0.0578709,576,26309,26885,28.5625
4978,4979.png,5,-0.391,4.98669,-0.451694,-0.0133052,-0.060694,576,26309,26885,38.4552
4979,4980.png,5,-0.391,4.98669,-0.451694,-0.0133052,-0.060694,576,26309,26885,32.0691
4980,4981.png,5,-0.44435,4.99123,-0.495654,-0.00877428,-0.0513035,576,26309,26885,28.7453
4981,4982.png,5,-0.4416,4.99123,-0.495654,-0.00877428,-0.0540535,576,26309,26885,35.5117
4982,4983.png,5,-0.5096,4.98896,-0.53438,-0.0110397,-0.0247796,576,26309,26885,23.9868
4983,4984.png,5,-0.5046,4.98896,-0.53438,-0.0110397,-0.0297796,576,26309,26885,24.7384
4984,4985.png,5,-0.6288,4.95951,-0.680911,-0.0404911,-0.0521111,576,26309,26885,30.6593
4985,4986.png,5,-0.62205,4.95951,-0.680911,-0.0404911,-0.0588611,576,26309,26885,35.9463
4986,4987.png,5,-0.77845,5.01388,-0.73429,0.0138807,0.0441597,576,26309,26885,35.5373
4987,4988.png,5,-0.76995,5.01388,-0.73429,0.0138807,0.0356597,576,26309,26885,33.9818
4988,4989.png,5,-0.95855,5.06825,-0.971881,0.0682526,-0.0133306,576,26309,26885,35.9518
4989,4990.png,5,-0.9483,5.06825,-0.971881,0.0682526,-0.0235806,576,26309,26885,31.8994
4990,4991.png,9,-0.6556,5.0388,-1.01061,-3.9612,-0.355007,576,26309,26885,32.6741
4991,4992.png,9,-0.64435,5.0388,-1.01061,-3.9612,-0.366257,576,26309,26885,30.4376
4992,4993.png,5,-1.26025,4.97537,-1.1697,-0.0246329,0.090552,576,26309,26885,28.1119
4993,4994.png,5,-1.248,4.97537,-1.1697,-0.0246329,0.078302,576,26309,26885,42.6729
4994,4995.png,5,-1.418,4.93912,-1.36647,-0.0608807,0.0515313,576,26309,26885,35.3413
4995,4996.png,5,-1.4025,4.93912,-1.36647,-0.0608807,0.0360314,576,26309,26885,32.4502
4996,4997.png,5,-1.625,4.94365,-1.6679,-0.0563498,-0.0429047,576,26309,26885,33.3342
4997,4998.png,5,-1.59575,4.94365,-1.6679,-0.0563498,-0.0721548,576,26309,26885,28.6822
4998,4999.png,5,-1.78475,4.92779,-1.75687,-0.0722079,0.0278797,576,26309,26885,35.6335
4999,5000.png,5,-1.77125,4.92779,-1.75687,-0.0722079,0.0143797,576,26309,26885,32.9713
5000,5001.png,5,-1.87975,4.90287,-1.80397,-0.0971284,0.0757804,576,26309,26885,35.301
5001,5002.png,5,-1.872,4.90287,-1.80397,-0.0971284,0.0680304,576,26309,26885,34.1141
5002,5003.png,5,-1.914,4.90287,-1.7799,-0.0971284,0.134103,576,26309,26885,37.2707
5003,5004.png,5,-1.911,4.90287,-1.7799,-0.0971284,0.131103,576,26309,26885,35.1346
5004,5005.png,5,-1.904,4.91193,-1.74012,-0.0880666,0.163876,576,26309,26885,38.0648
5005,5006.png,5,-1.9045,4.91193,-1.74012,-0.0880666,0.164376,576,26309,26885,31.1482
5006,5007.png,5,-1.845,4.91193,-1.66267,-0.0880666,0.182328,576,26309,26885,35.2092
5007,5008.png,5,-1.84925,4.91193,-1.66267,-0.0880666,0.186578,576,26309,26885,28.5496
5008,5009.png,5,-1.60425,4.93912,-1.48788,-0.0608807,0.116369,576,26309,26885,38.1777
5009,5010.png,5,-1.62175,4.93912,-1.48788,-0.0608807,0.13387,576,26309,26885,30.7081
5010,5011.png,5,-1.27875,4.95951,-1.30053,-0.0404911,-0.0217797,576,26309,26885,33.5223
5011,5012.png,5,-1.30325,4.95951,-1.30053,-0.0404911,0.00272036,576,26309,26885,23.5231
5012,5013.png,5,-0.961,4.9799,-1.0441,-0.020102,-0.0830995,576,26309,26885,35.6618
5013,5014.png,5,-0.9905,4.9799,-1.0441,-0.020102,-0.0535996,576,26309,26885,35.2035
5014,5015.png,5,-0.503,4.92326,-0.472627,-0.0767388,0.0303729,576,26309,26885,35.8024
5015,5016.png,5,-0.5355,4.92326,-0.472627,-0.0767388,0.0628729,576,26309,26885,35.5876
5016,5017.png,5,-0.01775,5.00482,-0.0309395,0.00481844,-0.0131895,576,26309,26885,35.398
5017,5018.png,5,-0.0525,5.00482,-0.0309395,0.00481844,0.0215605,576,26309,26885,28.7415
5018,5019.png,5,0.5115,5.01615,0.493434,0.0161457,-0.018066,576,26309,26885,33.6002
5019,5020.png,5,0.47625,5.01615,0.493434,0.0161457,0.017184,576,26309,26885,28.7915
5020,5021.png,5,1.3134,4.71484,1.28366,-0.285164,-0.0297431,576,26309,26885,35.1051
5021,5022.png,5,1.275,4.71484,1.28366,-0.285164,0.00865698,576,26309,26885,32.0129
5022,5023.png,5,1.6871,4.73523,1.19469,-0.264775,-0.492409,576,26309,26885,34.886
5023,5024.png,5,1.6606,4.73523,1.19469,-0.264775,-0.465909,576,26309,26885,34.451
5024,5025.png,5,1.7245,4.93912,1.44693,-0.0608807,-0.277565,576,26309,26885,35.4197
5025,5026.png,5,1.708,4.93912,1.44693,-0.0608807,-0.261065,576,26309,26885,24.6561
5026,5027.png,5,1.742,4.95498,1.45949,-0.045022,-0.282506,576,26309,26885,37.902
5027,5028.png,5,1.74,4.95498,1.45949,-0.045022,-0.280506,576,26309,26885,32.8993
5028,5029.png,5,1.51125,4.87795,1.32866,-0.122049,-0.182587,576,26309,26885,35.4249
5029,5030.png,5,1.51875,4.87795,1.32866,-0.122049,-0.190087,576,26309,26885,28.9059
5030,5031.png,5,1.30275,4.75561,1.11829,-0.244385,-0.184465,576,26309,26885,38.6355
5031,5032.png,5,1.31625,4.75561,1.11829,-0.244385,-0.197965,576,26309,26885,28.8282
5032,5033.png,5,1.02025,4.88475,0.910002,-0.115252,-0.110248,576,26309,26885,28.7308
5033,5034.png,5,1.03875,4.88475,0.910002,-0.115252,-0.128748,576,26309,26885,27.6452
5034,5035.png,9,0.45455,4.93912,0.642059,-4.06088,0.187509,576,26309,26885,35.8278
5035,5036.png,9,0.4753,4.93912,0.642059,-4.06088,0.166759,576,26309,26885,27.8829
5036,5037.png,5,0.3675,4.91873,0.444241,-0.0812697,0.076741,576,26309,26885,36.0032
5037,5038.png,5,0.39,4.91873,0.444241,-0.0812697,0.054241,576,26309,26885,35.0735
5038,5039.png,5,0.0165,4.97084,0.00674,-0.0291638,-0.00976,576,26309,26885,35.8432
5039,5040.png,5,0.04,4.97084,0.00674,-0.0291638,-0.03326,576,26309,26885,23.6388
5040,5041.png,5,-0.5065,5.01161,-0.470534,0.0116148,0.0359662,576,26309,26885,34.7523
5041,5042.png,5,-0.475,5.01161,-0.470534,0.0116148,0.00446618,576,26309,26885,31.8813
5042,5043.png,5,-0.74905,4.94818,-0.74999,-0.0518188,-0.000940025,576,26309,26885,34.9277
5043,5044.png,5,-0.7308,4.94818,-0.74999,-0.0518188,-0.0191901,576,26309,26885,32.472
5044,5045.png,5,-0.7308,4.94818,-0.74999,-0.0518188,-0.0191901,576,26309,26885,35.4451
5045,5046.png,5,-0.993,5.05239,-0.954087,0.0523939,0.0389126,576,26309,26885,35.1675
5046,5047.png,5,-0.97875,5.05239,-0.954087,0.0523939,0.0246626,576,26309,26885,35.6495
5047,5048.png,5,-0.97875,5.05239,-0.954087,0.0523939,0.0246626,576,26309,26885,32.8808
5048,5049.png,5,-1.019,5.05239,-0.905941,0.0523939,0.113059,576,26309,26885,34.9581
5049,5050.png,5,-1.012,5.05239,-0.905941,0.0523939,0.106059,576,26309,26885,35.4378
5050,5051.png,5,-1.04175,5.04786,-0.900708,0.0478625,0.141042,576,26309,26885,33.9982
5051,5052.png,5,-1.04,5.04786,-0.900708,0.0478625,0.139292,576,26309,26885,30.2143
5052,5053.png,5,-0.903,5.03427,-0.868262,0.0342698,0.0347382,576,26309,26885,35.8
5053,5054.png,5,-0.9075,5.03427,-0.868262,0.0342698,0.0392383,576,26309,26885,26.8911
5054,5055.png,5,-0.9075,5.03427,-0.868262,0.0342698,0.0392383,576,26309,26885,35.2404
5055,5056.png,9,-0.5065,5.01388,-0.76255,-3.98612,-0.25605,576,26309,26885,38.8376
5056,5057.png,9,-0.5145,5.01388,-0.76255,-3.98612,-0.24805,576,26309,26885,28.9854
5057,5058.png,9,-0.5145,5.01388,-0.76255,-3.98612,-0.24805,576,26309,26885,28.9188
5058,5059.png,5,-0.6035,4.9799,-0.563686,-0.020102,0.0398141,576,26309,26885,37.9629
5059,5060.png,5,-0.615,4.9799,-0.563686,-0.020102,0.0513141,576,26309,26885,32.3231
5060,5061.png,5,-0.399,4.96404,-0.414015,-0.0359602,-0.0150145,576,26309,26885,36.6778
5061,5062.png,5,-0.4125,4.96404,-0.414015,-0.0359602,-0.00151452,576,26309,26885,29.2581
5062,5063.png,5,-0.1935,4.96404,-0.164911,-0.0359602,0.028589,576,26309,26885,30.4447
5063,5064.png,5,-0.208,4.96404,-0.164911,-0.0359602,0.043089,576,26309,26885,33.166
5064,5065.png,5,0.0215,4.99349,0.0297666,-0.00650883,0.00826657,576,26309,26885,36.6862
5065,5066.png,5,0.008,4.99349,0.0297666,-0.00650883,0.0217666,576,26309,26885,27.04
5066,5067.png,5,0.25655,4.96631,0.222351,-0.0336947,-0.0341992,576,26309,26885,29.4075
5067,5068.png,5,0.2438,4.96631,0.222351,-0.0336947,-0.0214492,576,26309,26885,23.668
5068,5069.png,5,0.4982,4.98669,0.378302,-0.0133052,-0.119898,576,26309,26885,24.6337
5069,5070.png,5,0.485,4.98669,0.378302,-0.0133052,-0.106698,576,26309,26885,32.49
5070,5071.png,5,0.485,4.98669,0.378302,-0.0133052,-0.106698,576,26309,26885,38.5789
5071,5072.png,5,0.6652,4.95271,0.545766,-0.0472879,-0.119434,576,26309,26885,36.6031
5072,5073.png,5,0.655,4.95271,0.545766,-0.0472879,-0.109233,576,26309,26885,34.0149
5073,5074.png,5,0.65725,4.91646,0.639965,-0.0835357,-0.0172849,576,26309,26885,38.7956
5074,5075.png,5,0.6525,4.91646,0.639965,-0.0835357,-0.0125349,576,26309,26885,26.1371
5075,5076.png,5,0.6709,4.93006,0.614845,-0.0699425,-0.0560546,576,26309,26885,38.5615
5076,5077.png,5,0.6699,4.93006,0.614845,-0.0699425,-0.0550546,576,26309,26885,31.0077
5077,5078.png,5,0.6515,4.93459,0.575073,-0.0654116,-0.0764272,576,26309,26885,26.2853
5078,5079.png,5,0.6525,4.93459,0.575073,-0.0654116,-0.0774272,576,26309,26885,28.0984
5079,5080.png,5,0.5559,4.95271,0.508087,-0.0472879,-0.0478131,576,26309,26885,38.7395
5080,5081.png,5,0.56115,4.95271,0.508087,-0.0472879,-0.0530631,576,26309,26885,28.7359
5081,5082.png,5,0.42315,4.98216,0.415981,-0.0178361,-0.00716856,576,26309,26885,35.7559
5082,5083.png,5,0.26045,4.92326,0.25375,-0.0767388,-0.00669977,576,26309,26885,24.5644
5083,5084.png,5,0.2697,4.92326,0.25375,-0.0767388,-0.0159498,576,26309,26885,29.0701
5084,5085.png,5,0.2697,4.92326,0.25375,-0.0767388,-0.0159498,576,26309,26885,28.7173
5085,5086.png,5,0.0912,4.99349,0.0726791,-0.00650883,-0.0185209,576,26309,26885,37.6735
5086,5087.png,5,-0.0596,5.00255,-0.0309395,0.00255299,0.0286605,576,26309,26885,27.7922
5087,5088.png,5,-0.05,5.00255,-0.0309395,0.00255299,0.0190605,576,26309,26885,34.1204
5088,5089.png,5,-0.2249,4.98896,-0.159678,-0.0110397,0.0652222,576,26309,26885,35.0566
5089,5090.png,5,-0.215,4.98896,-0.159678,-0.0110397,0.0553222,576,26309,26885,26.5481
5090,5091.png,5,-0.215,4.98896,-0.159678,-0.0110397,0.0553222,576,26309,26885,35.5841
5091,5092.png,5,-0.28995,4.98216,-0.186891,-0.0178361,0.103059,576,26309,26885,28.5863
5092,5093.png,5,-0.2852,4.98216,-0.186891,-0.0178361,0.0983092,576,26309,26885,24.7625
5093,5094.png,5,-0.3157,4.96404,-0.258063,-0.0359602,0.0576367,576,26309,26885,33.8155
5094,5095.png,5,-0.3132,4.96404,-0.258063,-0.0359602,0.0551367,576,26309,26885,24.5401
5095,5096.png,5,-0.3454,4.96404,-0.264343,-0.0359602,0.0810568,576,26309,26885,36.7302
5096,5097.png,5,-0.34365,4.96404,-0.264343,-0.0359602,0.0793068,576,26309,26885,23.5599
5097,5098.png,5,-0.33905,4.95271,-0.241317,-0.0472879,0.0977332,576,26309,26885,40.6779
5098,5099.png,5,-0.3393,4.95271,-0.241317,-0.0472879,0.0979832,576,26309,26885,45.15
5099,5100.png,5,-0.3163,4.96177,-0.21201,-0.0382257,0.10429,576,26309,26885,41.2416
5100,5101.png,5,-0.31755,4.96177,-0.21201,-0.0382257,0.10554,576,26309,26885,27.0239
5101,5102.png,5,-0.26235,4.96177,-0.192124,-0.0382257,0.070226,576,26309,26885,35.6305
5102,5103.png,5,-0.26535,4.96177,-0.192124,-0.0382257,0.073226,576,26309,26885,26.6803
5103,5104.png,5,-0.18715,4.98669,-0.143978,-0.0133052,0.0431719,576,26309,26885,38.4502
5104,5105.png,5,-0.1914,4.98669,-0.143978,-0.0133052,0.0474219,576,26309,26885,35.1487
5105,5106.png,5,-0.104,4.99576,-0.0780388,-0.00424337,0.0259612,576,26309,26885,34.261
5106,5107.png,5,-0.10875,4.99576,-0.0780388,-0.00424337,0.0307112,576,26309,26885,32.848
5107,5108.png,5,-0.01315,4.98896,0.00255339,-0.0110397,0.0157034,576,26309,26885,28.9029
5108,5109.png,5,-0.0184,4.98896,0.00255339,-0.0110397,0.0209534,576,26309,26885,29.019
5109,5110.png,5,0.0786,4.98896,0.0506996,-0.0110397,-0.0279004,576,26309,26885,36.4277
5110,5111.png,5,0.0736,4.98896,0.0506996,-0.0110397,-0.0229004,576,26309,26885,30.4518
5111,5112.png,5,0.1754,4.97763,0.126059,-0.022367,-0.0493413,576,26309,26885,33.5232
5112,5113.png,5,0.17,4.97763,0.126059,-0.022367,-0.0439413,576,26309,26885,23.9483
5113,5114.png,13,0.1331,4.96404,0.207697,-8.03596,0.0745975,576,26309,26885,34.1555
5114,5115.png,13,0.1296,4.96404,0.207697,-8.03596,0.0780975,576,26309,26885,32.9795
5115,5116.png,5,0.2824,4.94818,0.239097,-0.0518188,-0.0433027,576,26309,26885,36.2399
5116,5117.png,5,0.28,4.94818,0.239097,-0.0518188,-0.0409027,576,26309,26885,34.5222
5117,5118.png,5,0.3171,4.94365,0.27259,-0.0563498,-0.0445098,576,26309,26885,31.8979
5118,5119.png,5,0.315,4.94365,0.27259,-0.0563498,-0.0424098,576,26309,26885,26.983
5119,5120.png,5,0.39825,4.95951,0.376209,-0.0404911,-0.0220412,576,26309,26885,29.4231
5120,5121.png,5,0.3915,4.95951,0.376209,-0.0404911,-0.0152912,576,26309,26885,26.4224
5121,5122.png,5,0.3547,4.93912,0.344809,-0.0608807,-0.009891,576,26309,26885,37.6261
5122,5123.png,5,0.3567,4.93912,0.344809,-0.0608807,-0.011891,576,26309,26885,25.1787
5123,5124.png,5,0.2923,4.92326,0.279917,-0.0767388,-0.0123833,576,26309,26885,29.9996
5124,5125.png,5,0.2958,4.92326,0.279917,-0.0767388,-0.0158833,576,26309,26885,23.5985
5125,5126.png,5,0.20125,4.96857,0.185718,-0.0314293,-0.015532,576,26309,26885,23.3791
5126,5127.png,5,0.207,4.96857,0.185718,-0.0314293,-0.021282,576,26309,26885,35.4579
5127,5128.png,5,0.0872,4.99802,0.0726791,-0.00197792,-0.0145209,576,26309,26885,35.7193
5128,5129.png,5,0.095,4.99802,0.0726791,-0.00197792,-0.0223209,576,26309,26885,37.4275
5129,5130.png,5,-0.0534,5.00255,-0.0267529,0.00255299,0.0266471,576,26309,26885,37.8451
5130,5131.png,5,-0.045,5.00255,-0.0267529,0.00255299,0.0182471,576,26309,26885,28.8066
5131,5132.png,5,-0.1828,4.99123,-0.138745,-0.00877428,0.0440553,576,26309,26885,28.55
5132,5133.png,5,-0.175,4.99123,-0.138745,-0.00877428,0.0362553,576,26309,26885,29.5228
5133,5134.png,5,-0.2677,4.95951,-0.181657,-0.0404911,0.0860425,576,26309,26885,34.6889
5134,5135.png,5,-0.2622,4.95951,-0.181657,-0.0404911,0.0805425,576,26309,26885,30.06
5135,5136.png,5,-0.31695,4.96177,-0.253877,-0.0382257,0.0630734,576,26309,26885,35.8223
5136,5137.png,5,-0.3132,4.96177,-0.253877,-0.0382257,0.0593234,576,26309,26885,31.6926
5137,5138.png,5,-0.3454,4.96857,-0.260157,-0.0314293,0.0852435,576,26309,26885,29.7173
5138,5139.png,5,-0.34365,4.96857,-0.260157,-0.0314293,0.0834935,576,26309,26885,30.6699
5139,5140.png,5,-0.33905,4.95724,-0.248643,-0.042757,0.0904067,576,26309,26885,35.349
5140,5141.png,5,-0.3393,4.95724,-0.248643,-0.042757,0.0906567,576,26309,26885,39.6101
5141,5142.png,5,-0.3071,4.95045,-0.209917,-0.0495529,0.0971828,576,26309,26885,29.5411
5142,5143.png,5,-0.30885,4.95045,-0.209917,-0.0495529,0.0989328,576,26309,26885,32.2412
5143,5144.png,5,-0.25365,4.96177,-0.185844,-0.0382257,0.0678059,576,26309,26885,35.6718
5144,5145.png,5,-0.25665,4.96177,-0.185844,-0.0382257,0.0708059,576,26309,26885,27.1348
5145,5146.png,5,-0.17385,4.98896,-0.132465,-0.0110397,0.0413852,576,26309,26885,35.9388
5146,5147.png,5,-0.17835,4.98896,-0.132465,-0.0110397,0.0458852,576,26309,26885,26.1464
5147,5148.png,5,-0.09095,4.98443,-0.0759455,-0.0155711,0.0150045,576,26309,26885,34.6434
5148,5149.png,5,-0.0957,4.98443,-0.0759455,-0.0155711,0.0197545,576,26309,26885,31.382
5149,5150.png,5,0.0055,4.99576,0.0203466,-0.00424337,0.0148466,576,26309,26885,28.5295
5150,5151.png,5,-0,4.99576,0.0203466,-0.00424337,0.0203466,576,26309,26885,30.4901
5151,5152.png,5,0.1007,4.99123,0.0726791,-0.00877428,-0.0280209,576,26309,26885,38.5244
5152,5153.png,5,0.095,4.99123,0.0726791,-0.00877428,-0.0223209,576,26309,26885,35.8144
5153,5154.png,5,0.1851,4.97537,0.144898,-0.0246329,-0.0402017,576,26309,26885,23.7334
5154,5155.png,5,0.18,4.97537,0.144898,-0.0246329,-0.0351017,576,26309,26885,33.3866
5155,5156.png,13,0.13555,4.96857,0.212931,-8.03143,0.0773808,576,26309,26885,35.7432
5156,5157.png,13,0.1323,4.96857,0.212931,-8.03143,0.0806308,576,26309,26885,32.4518
5157,5158.png,5,0.2821,4.94365,0.249564,-0.0563498,-0.0325364,576,26309,26885,28.6268
5158,5159.png,5,0.28,4.94365,0.249564,-0.0563498,-0.0304364,576,26309,26885,26.2772
5159,5160.png,5,0.3171,4.94365,0.27573,-0.0563498,-0.0413699,576,26309,26885,34.6007
5160,5161.png,5,0.315,4.94365,0.27573,-0.0563498,-0.03927,576,26309,26885,35.6398
5161,5162.png,5,0.38905,4.94818,0.366789,-0.0518188,-0.0222612,576,26309,26885,29.0088
5162,5163.png,5,0.3828,4.94818,0.366789,-0.0518188,-0.0160112,576,26309,26885,31.1099
5163,5164.png,5,0.346,4.94365,0.334343,-0.0563498,-0.0116573,576,26309,26885,38.5137
5164,5165.png,5,0.348,4.94365,0.334343,-0.0563498,-0.0136573,576,26309,26885,29.0377
5165,5166.png,5,0.2904,4.92553,0.267357,-0.0744739,-0.0230432,576,26309,26885,37.6811
5166,5167.png,5,0.2944,4.92553,0.267357,-0.0744739,-0.0270432,576,26309,26885,37.4523
5167,5168.png,5,0.18285,4.9731,0.163738,-0.0268984,-0.0191118,576,26309,26885,34.5876
5168,5169.png,5,0.1886,4.9731,0.163738,-0.0268984,-0.0248618,576,26309,26885,30.5798
5169,5170.png,5,0.0672,4.98896,0.0580261,-0.0110397,-0.00917388,576,26309,26885,28.5131
5170,5171.png,5,0.075,4.98896,0.0580261,-0.0110397,-0.0169739,576,26309,26885,31.6477
5171,5172.png,13,-0.03915,4.99349,-0.0455927,-8.00651,-0.00644267,576,26309,26885,35.726
5172,5173.png,13,-0.0324,4.99349,-0.0455927,-8.00651,-0.0131927,576,26309,26885,35.6483
5173,5174.png,13,-0.0324,4.99349,-0.0455927,-8.00651,-0.0131927,576,26309,26885,37.3248
5174,5175.png,5,-0.1925,4.97084,-0.143978,-0.0291638,0.0485219,576,26309,26885,35.9308
5175,5176.png,5,-0.185,4.97084,-0.143978,-0.0291638,0.0410219,576,26309,26885,27.5464
5176,5177.png,5,-0.2769,4.96631,-0.185844,-0.0336947,0.0910559,576,26309,26885,28.581
5177,5178.png,5,-0.2714,4.96631,-0.185844,-0.0336947,0.0855559,576,26309,26885,30.2079
5178,5179.png,5,-0.2714,4.96631,-0.185844,-0.0336947,0.0855559,576,26309,26885,34.828
5179,5180.png,5,-0.39005,4.95045,-0.326096,-0.0495529,0.0639544,576,26309,26885,28.7598
5180,5181.png,5,-0.3828,4.95045,-0.326096,-0.0495529,0.0567044,576,26309,26885,37.9606
5181,5182.png,5,-0.4058,4.97084,-0.361682,-0.0291638,0.0441182,576,26309,26885,23.6769
5182,5183.png,5,-0.40455,4.97084,-0.361682,-0.0291638,0.0428681,576,26309,26885,30.0768
5183,5184.png,5,-0.3635,4.96177,-0.339702,-0.0382257,0.023798,576,26309,26885,35.7481
5184,5185.png,5,-0.364,4.96177,-0.339702,-0.0382257,0.024298,576,26309,26885,27.8016
5185,5186.png,5,-0.313,4.96404,-0.244457,-0.0359602,0.0685433,576,26309,26885,43.2281
5186,5187.png,5,-0.316,4.96404,-0.244457,-0.0359602,0.0715434,576,26309,26885,35.8914
5187,5188.png,5,-0.316,4.96404,-0.244457,-0.0359602,0.0715434,576,26309,26885,33.0911
5188,5189.png,5,-0.23525,4.96404,-0.190031,-0.0359602,0.0452193,576,26309,26885,36.371
5189,5190.png,5,-0.24,4.96404,-0.190031,-0.0359602,0.0499693,576,26309,26885,26.9316
5190,5191.png,5,-0.169,4.98216,-0.134558,-0.0178361,0.0344419,576,26309,26885,35.515
5191,5192.png,5,-0.174,4.98216,-0.134558,-0.0178361,0.0394419,576,26309,26885,23.4858
5192,5193.png,5,-0.174,4.98216,-0.134558,-0.0178361,0.0394419,576,26309,26885,37.9493
5193,5194.png,5,-0.0636,4.97763,-0.0707124,-0.022367,-0.00711235,576,26309,26885,35.6017
5194,5195.png,5,0.0331,4.9799,0.01616,-0.020102,-0.01694,576,26309,26885,36.3567
5195,5196.png,5,0.0276,4.9799,0.01616,-0.020102,-0.01144,576,26309,26885,29.8041
5196,5197.png,5,0.1572,4.99576,0.0444195,-0.00424337,-0.11278,576,26309,26885,35.5507
5197,5198.png,5,0.15,4.99576,0.0444195,-0.00424337,-0.10558,576,26309,26885,27.5854
5198,5199.png,5,0.15,4.99576,0.0444195,-0.00424337,-0.10558,576,26309,26885,37.3325
5199,5200.png,5,0.2772,4.98669,0.142805,-0.0133052,-0.134395,576,26309,26885,32.445
5200,5201.png,5,0.27,4.98669,0.142805,-0.0133052,-0.127195,576,26309,26885,29.8294
5201,5202.png,5,0.3283,4.96404,0.213978,-0.0359602,-0.114322,576,26309,26885,31.7849
5202,5203.png,5,0.325,4.96404,0.213978,-0.0359602,-0.111022,576,26309,26885,30.1382
5203,5204.png,5,0.21655,4.99576,0.121872,-0.00424337,-0.0946779,576,26309,26885,38.4257
5204,5205.png,5,0.0064,4.98896,-0.0487325,-0.0110397,-0.0551325,576,26309,26885,35.5147
5205,5206.png,5,0.0174,4.98896,-0.0487325,-0.0110397,-0.0661325,576,26309,26885,37.7702
5206,5207.png,5,-0.37445,4.99123,-0.348075,-0.00877428,0.0263747,576,26309,26885,25.6315
5207,5208.png,5,-0.3542,4.99123,-0.348075,-0.00877428,0.00612473,576,26309,26885,29.6667
5208,5209.png,5,-0.968,5.03427,-0.837909,0.0342698,0.130091,576,26309,26885,34.2378
5209,5210.png,5,-0.935,5.03427,-0.837909,0.0342698,0.0970911,576,26309,26885,23.5675
5210,5211.png,5,-1.6028,5.0456,-1.34972,0.0455976,0.253078,576,26309,26885,24.0874
5211,5212.png,5,-1.565,5.0456,-1.34972,0.0455976,0.215278,576,26309,26885,31.788
5212,5213.png,5,-2.08485,4.87115,-1.68046,-0.128845,0.404386,576,26309,26885,36.5131
5213,5214.png,5,-2.0516,4.87115,-1.68046,-0.128845,0.371135,576,26309,26885,35.3828
5214,5215.png,5,-2.0516,4.87115,-1.68046,-0.128845,0.371135,576,26309,26885,34.1741
5215,5216.png,5,-2.2515,4.93685,-1.83956,-0.0631461,0.411944,576,26309,26885,31.9588
5216,5217.png,5,-2.224,4.93685,-1.83956,-0.0631461,0.384444,576,26309,26885,35.9592
5217,5218.png,5,-1.94,4.89608,-1.82072,-0.103925,0.119284,576,26309,26885,37.0958
5218,5219.png,5,-1.997,4.81225,-1.50881,-0.187748,0.488187,576,26309,26885,35.8459
5219,5220.png,5,-1.99225,4.81225,-1.50881,-0.187748,0.483437,576,26309,26885,33.4518
5220,5221.png,5,-2.04825,4.73976,-1.2796,-0.260244,0.768653,576,26309,26885,32.6577
5221,5222.png,5,-2.04425,4.73976,-1.2796,-0.260244,0.764653,576,26309,26885,34.5136
5222,5223.png,5,-2.06525,4.73296,-1.28588,-0.26704,0.779374,576,26309,26885,37.8461
5223,5224.png,5,-2.06375,4.73296,-1.28588,-0.26704,0.777874,576,26309,26885,28.6055
5224,5225.png,-0.6,-1,4.74429,-1.39473,5.34429,-0.394728,576,26309,26885,35.4372
5225,5226.png,-0.6,-1,4.74429,-1.39473,5.34429,-0.394728,576,26309,26885,27.9243
5226,5227.png,-0.6,-1,4.74429,-1.39473,5.34429,-0.394728,576,26309,26885,37.9379
5227,5228.png,-0.6,-1,4.76468,-1.44392,5.36468,-0.443921,576,26309,26885,33.4829
5228,5229.png,5,-2.07075,4.80999,-1.57999,-0.190013,0.490764,576,26309,26885,31.6967
5229,5230.png,5,-2.07025,4.80999,-1.57999,-0.190013,0.490264,576,26309,26885,29.3237
5230,5231.png,5,-2.00375,4.90061,-1.81862,-0.0993938,0.185127,576,26309,26885,35.6209
5231,5232.png,5,-2.0085,4.90061,-1.81862,-0.0993938,0.189877,576,26309,26885,30.5784
5232,5233.png,5,-1.9595,4.90514,-1.8741,-0.0948629,0.0854046,576,26309,26885,23.7418
5233,5234.png,5,-1.963,4.90514,-1.8741,-0.0948629,0.0889047,576,26309,26885,37.5856
5234,5235.png,5,-1.963,4.90514,-1.8741,-0.0948629,0.0889047,576,26309,26885,35.3289
5235,5236.png,5,-1.914,4.91193,-1.87305,-0.0880666,0.0409514,576,26309,26885,37.359
5236,5237.png,5,-1.9175,4.91193,-1.87305,-0.0880666,0.0444514,576,26309,26885,25.9642
5237,5238.png,5,-1.8335,4.9074,-1.83956,-0.0925975,-0.00605583,576,26309,26885,35.7066
5238,5239.png,5,-1.6225,4.92779,-1.65953,-0.0722079,-0.0370317,576,26309,26885,25.4142
5239,5240.png,5,-1.638,4.92779,-1.65953,-0.0722079,-0.0215316,576,26309,26885,40.5109
5240,5241.png,5,-1.5085,4.93912,-1.56533,-0.0608807,-0.0568327,576,26309,26885,35.9838
5241,5242.png,5,-1.51775,4.93912,-1.56533,-0.0608807,-0.0475826,576,26309,26885,37.4813
5242,5243.png,5,-1.40575,4.95724,-1.46067,-0.042757,-0.0549175,576,26309,26885,37.4487
5243,5244.png,5,-1.41375,4.95724,-1.46067,-0.042757,-0.0469174,576,26309,26885,28.8286
5244,5245.png,5,-1.41375,4.95724,-1.46067,-0.042757,-0.0469174,576,26309,26885,35.7048
5245,5246.png,5,-1.32275,4.95724,-1.3895,-0.042757,-0.066745,576,26309,26885,26.265
5246,5247.png,5,-1.32925,4.95724,-1.3895,-0.042757,-0.060245,576,26309,26885,37.2244
5247,5248.png,5,-1.304,4.95724,-1.31414,-0.042757,-0.010136,576,26309,26885,34.8218
5248,5249.png,5,-1.3125,4.95724,-1.31414,-0.042757,-0.00163603,576,26309,26885,35.7006
5249,5250.png,5,-1.1175,4.94592,-1.21052,-0.0540838,-0.0930175,576,26309,26885,34.8139
5250,5251.png,5,-0.8455,5.02068,-0.954087,0.0206771,-0.108587,576,26309,26885,37.1078
5251,5252.png,5,-0.8645,5.02068,-0.954087,0.0206771,-0.0895874,576,26309,26885,33.205
5252,5253.png,5,-0.8645,5.02068,-0.954087,0.0206771,-0.0895874,576,26309,26885,37.6257
5253,5254.png,5,-0.50075,4.92779,-0.514493,-0.0722079,-0.013743,576,26309,26885,35.8603
5254,5255.png,5,-0.1985,4.95951,-0.209917,-0.0404911,-0.0114172,576,26309,26885,35.5214
5255,5256.png,5,-0.22125,4.95951,-0.209917,-0.0404911,0.0113328,576,26309,26885,28.4063
5256,5257.png,5,0.18675,4.97537,0.171065,-0.0246329,-0.0156853,576,26309,26885,36.8024
5257,5258.png,5,0.16125,4.97537,0.171065,-0.0246329,0.00981471,576,26309,26885,34.9587
5258,5259.png,5,0.53665,5.03427,0.440054,0.0342698,-0.0965956,576,26309,26885,38.0422
5259,5260.png,5,0.51765,5.03427,0.440054,0.0342698,-0.0775957,576,26309,26885,36.7198
5260,5261.png,5,0.8971,4.87569,0.702764,-0.124314,-0.194336,576,26309,26885,29.3681
5261,5262.png,5,0.88,4.87569,0.702764,-0.124314,-0.177236,576,26309,26885,36.0691
5262,5263.png,5,0.9551,4.80092,0.827316,-0.199075,-0.127784,576,26309,26885,35.418
5263,5264.png,5,0.9476,4.80092,0.827316,-0.199075,-0.120284,576,26309,26885,38.2211
5264,5265.png,5,0.9099,4.86662,0.777077,-0.133377,-0.132823,576,26309,26885,33.7917
5265,5266.png,5,0.90915,4.86662,0.777077,-0.133377,-0.132073,576,26309,26885,23.7977
5266,5267.png,5,0.90915,4.86662,0.777077,-0.133377,-0.132073,576,26309,26885,23.9099
5267,5268.png,5,0.85855,4.91873,0.692298,-0.0812697,-0.166252,576,26309,26885,34.0819
5268,5269.png,5,0.8613,4.91873,0.692298,-0.0812697,-0.169002,576,26309,26885,35.3252
5269,5270.png,5,0.7601,4.91646,0.613799,-0.0835357,-0.146301,576,26309,26885,33.723
5270,5271.png,5,0.551,4.94365,0.527973,-0.0563498,-0.0230267,576,26309,26885,39.6905
5271,5272.png,5,0.56,4.94365,0.527973,-0.0563498,-0.0320267,576,26309,26885,31.1878
5272,5273.png,5,0.4204,4.96857,0.400282,-0.0314293,-0.0201183,576,26309,26885,35.2566
5273,5274.png,5,0.43065,4.96857,0.400282,-0.0314293,-0.0303683,576,26309,26885,46.1209
5274,5275.png,5,0.26505,4.93459,0.254797,-0.0654116,-0.010253,576,26309,26885,37.9978
5275,5276.png,5,0.27405,4.93459,0.254797,-0.0654116,-0.019253,576,26309,26885,29.2045
5276,5277.png,5,0.13945,4.98216,0.108265,-0.0178361,-0.0311845,576,26309,26885,35.2229
5277,5278.png,5,0.1472,4.98216,0.108265,-0.0178361,-0.0389345,576,26309,26885,35.1663
5278,5279.png,5,0.0275,4.99802,0.0486061,-0.00197792,0.0211061,576,26309,26885,37.8018
5279,5280.png,5,0.035,4.99802,0.0486061,-0.00197792,0.0136061,576,26309,26885,31.006
5280,5281.png,5,0.035,4.99802,0.0486061,-0.00197792,0.0136061,576,26309,26885,34.7313
5281,5282.png,5,-0.0763,4.99802,-0.0434994,-0.00197792,0.0328006,576,26309,26885,35.4827
5282,5283.png,5,-0.176,4.9731,-0.132465,-0.0268984,0.0435352,576,26309,26885,29.1821
5283,5284.png,5,-0.17,4.9731,-0.132465,-0.0268984,0.0375352,576,26309,26885,34.7955
5284,5285.png,5,-0.23885,4.96631,-0.177471,-0.0336947,0.0613792,576,26309,26885,29.5665
5285,5286.png,5,-0.2346,4.96631,-0.177471,-0.0336947,0.0571292,576,26309,26885,23.4466
5286,5287.png,5,-0.28165,4.96631,-0.203637,-0.0336947,0.0780127,576,26309,26885,36.8229
5287,5288.png,5,-0.2784,4.96631,-0.203637,-0.0336947,0.0747627,576,26309,26885,33.9807
5288,5289.png,5,-0.2784,4.96631,-0.203637,-0.0336947,0.0747627,576,26309,26885,37.889
5289,5290.png,5,-0.329,4.98443,-0.23399,-0.0155711,0.0950099,576,26309,26885,34.7262
5290,5291.png,5,-0.32625,4.98443,-0.23399,-0.0155711,0.0922599,576,26309,26885,37.5028
5291,5292.png,5,-0.35845,4.9799,-0.260157,-0.020102,0.0982935,576,26309,26885,35.561
5292,5293.png,5,-0.34925,4.97537,-0.292603,-0.0246329,0.0566473,576,26309,26885,35.0993
5293,5294.png,5,-0.348,4.97537,-0.292603,-0.0246329,0.0553973,576,26309,26885,28.4983
5294,5295.png,5,-0.348,4.97537,-0.292603,-0.0246329,0.0553973,576,26309,26885,25.7754
5295,5296.png,5,-0.348,4.97084,-0.261203,-0.0291638,0.0867969,576,26309,26885,33.9417
5296,5297.png,5,-0.3225,4.96857,-0.24341,-0.0314293,0.0790899,576,26309,26885,28.8323
5297,5298.png,5,-0.324,4.96857,-0.24341,-0.0314293,0.0805899,576,26309,26885,42.9585
5298,5299.png,5,-0.27725,4.96631,-0.22143,-0.0336947,0.0558197,576,26309,26885,29.3318
5299,5300.png,5,-0.28,4.96631,-0.22143,-0.0336947,0.0585697,576,26309,26885,34.508
5300,5301.png,5,-0.28,4.96631,-0.22143,-0.0336947,0.0585697,576,26309,26885,45.2882
5301,5302.png,5,-0.212,4.96404,-0.180611,-0.0359602,0.0313891,576,26309,26885,35.804
5302,5303.png,5,-0.1395,4.95271,-0.119905,-0.0472879,0.019595,576,26309,26885,29.307
5303,5304.png,5,-0.144,4.95271,-0.119905,-0.0472879,0.024095,576,26309,26885,29.2473
5304,5305.png,5,-0.0646,4.98443,-0.0445459,-0.0155711,0.0200541,576,26309,26885,37.4458
5305,5306.png,5,-0.0696,4.98443,-0.0445459,-0.0155711,0.0250541,576,26309,26885,35.1428
5306,5307.png,5,-0.0696,4.98443,-0.0445459,-0.0155711,0.0250541,576,26309,26885,40.9854
5307,5308.png,5,0.0086,4.97763,0.0213933,-0.022367,0.0127933,576,26309,26885,34.6318
5308,5309.png,5,0.00435,4.97763,0.0213933,-0.022367,0.0170433,576,26309,26885,37.251
5309,5310.png,5,0.07735,4.99349,0.0779124,-0.00650883,0.000562444,576,26309,26885,35.4165
5310,5311.png,5,0.0736,4.99349,0.0779124,-0.00650883,0.00431244,576,26309,26885,35.5914
5311,5312.png,5,0.1648,4.99123,0.140712,-0.00877428,-0.0240884,576,26309,26885,35.5654
5312,5313.png,5,0.16,4.99123,0.140712,-0.00877428,-0.0192883,576,26309,26885,35.0622
5313,5314.png,5,0.2236,4.97084,0.183625,-0.0291638,-0.0399755,576,26309,26885,28.9892
5314,5315.png,5,0.22,4.97084,0.183625,-0.0291638,-0.0363755,576,26309,26885,35.5494
5315,5316.png,5,0.2624,4.95951,0.204558,-0.0404911,-0.0578424,576,26309,26885,34.8682
5316,5317.png,5,0.26,4.95951,0.204558,-0.0404911,-0.0554424,576,26309,26885,37.5185
5317,5318.png,13,0.1463,4.96631,0.211884,-8.0337,0.0655841,576,26309,26885,35.6798
5318,5319.png,13,0.1458,4.96631,0.211884,-8.0337,0.0660841,576,26309,26885,29.4278
5319,5320.png,13,0.134,4.97084,0.201418,-8.02916,0.0674177,576,26309,26885,28.4393
5320,5321.png,13,0.135,4.97084,0.201418,-8.02916,0.0664177,576,26309,26885,28.6129
5321,5322.png,5,0.2235,4.97537,0.191998,-0.0246329,-0.0315022,576,26309,26885,28.9092
5322,5323.png,5,0.225,4.97537,0.191998,-0.0246329,-0.0330022,576,26309,26885,23.6192
5323,5324.png,5,0.30885,4.93685,0.261077,-0.0631461,-0.0477733,576,26309,26885,35.3676
5324,5325.png,5,0.3036,4.93685,0.261077,-0.0631461,-0.0425233,576,26309,26885,28.4013
5325,5326.png,5,0.3331,4.94138,0.30085,-0.0586152,-0.0322503,576,26309,26885,31.2197
5326,5327.png,5,0.3306,4.94138,0.30085,-0.0586152,-0.0297503,576,26309,26885,36.9869
5327,5328.png,5,0.272,4.93685,0.25689,-0.0631461,-0.0151099,576,26309,26885,35.559
5328,5329.png,5,0.1834,4.9799,0.158505,-0.020102,-0.0248951,576,26309,26885,35.5555
5329,5330.png,5,0.19,4.9799,0.158505,-0.020102,-0.0314951,576,26309,26885,36.8644
5330,5331.png,5,0.19,4.9799,0.158505,-0.020102,-0.0314951,576,26309,26885,35.093
5331,5332.png,5,0.0522,4.98669,0.0601192,-0.0133052,0.00791924,576,26309,26885,33.4766
5332,5333.png,5,0.06,4.98669,0.0601192,-0.0133052,0.000119239,576,26309,26885,32.8552
5333,5334.png,13,-0.02955,4.98669,-0.0236129,-8.01331,0.00593714,576,26309,26885,35.3062
5334,5335.png,13,-0.0243,4.98669,-0.0236129,-8.01331,0.000687145,576,26309,26885,33.1581
5335,5336.png,5,-0.1616,4.9799,-0.123045,-0.020102,0.038555,576,26309,26885,33.2074
5336,5337.png,5,-0.155,4.9799,-0.123045,-0.020102,0.031955,576,26309,26885,32.7925
5337,5338.png,5,-0.2299,4.96857,-0.172238,-0.0314293,0.0576624,576,26309,26885,28.9367
5338,5339.png,5,-0.2254,4.96857,-0.172238,-0.0314293,0.0531624,576,26309,26885,35.3936
5339,5340.png,5,-0.31435,4.96857,-0.22457,-0.0314293,0.0897797,576,26309,26885,37.6986
5340,5341.png,5,-0.30885,4.96857,-0.22457,-0.0314293,0.0842797,576,26309,26885,29.1993
5341,5342.png,5,-0.35485,4.98216,-0.24969,-0.0178361,0.10516,576,26309,26885,33.7446
5342,5343.png,5,-0.35235,4.98216,-0.24969,-0.0178361,0.10266,576,26309,26885,37.7621
5343,5344.png,5,-0.34525,4.9799,-0.263296,-0.020102,0.0819536,576,26309,26885,34.7153
5344,5345.png,5,-0.344,4.9799,-0.263296,-0.020102,0.0807036,576,26309,26885,37.8351
5345,5346.png,5,-0.344,4.97084,-0.26539,-0.0291638,0.0786103,576,26309,26885,29.1204
5346,5347.png,5,-0.31425,4.97537,-0.23399,-0.0246329,0.0802599,576,26309,26885,35.6523
5347,5348.png,5,-0.316,4.97537,-0.23399,-0.0246329,0.0820099,576,26309,26885,28.8523
5348,5349.png,5,-0.316,4.97537,-0.23399,-0.0246329,0.0820099,576,26309,26885,35.703
5349,5350.png,5,-0.265,4.97537,-0.214104,-0.0246329,0.0508962,576,26309,26885,34.2906
5350,5351.png,5,-0.268,4.97537,-0.214104,-0.0246329,0.0538962,576,26309,26885,23.5188
5351,5352.png,5,-0.20425,4.96404,-0.167004,-0.0359602,0.0372457,576,26309,26885,35.6992
5352,5353.png,5,-0.208,4.96404,-0.167004,-0.0359602,0.0409957,576,26309,26885,23.7309
5353,5354.png,5,-0.125,4.95951,-0.100019,-0.0404911,0.0249813,576,26309,26885,37.6817
5354,5355.png,5,-0.1305,4.95951,-0.100019,-0.0404911,0.0304813,576,26309,26885,29.5629
5355,5356.png,5,-0.0385,4.97084,-0.0152396,-0.0291638,0.0232604,576,26309,26885,35.898
5356,5357.png,5,-0.0435,4.97084,-0.0152396,-0.0291638,0.0282604,576,26309,26885,37.4734
5357,5358.png,5,0.0577,4.99349,0.0674461,-0.00650883,0.0097461,576,26309,26885,35.0046
5358,5359.png,5,0.0522,4.99349,0.0674461,-0.00650883,0.0152461,576,26309,26885,37.7531
5359,5360.png,5,0.1522,4.99802,0.153271,-0.00197792,0.0010715,576,26309,26885,35.5213
5360,5361.png,5,0.1472,4.99802,0.153271,-0.00197792,0.00607149,576,26309,26885,35.4517
5361,5362.png,5,0.2501,4.96177,0.195138,-0.0382257,-0.0549624,576,26309,26885,29.581
5362,5363.png,5,0.245,4.96177,0.195138,-0.0382257,-0.0498624,576,26309,26885,35.3495
5363,5364.png,13,0.16475,4.95045,0.23177,-8.04955,0.0670204,576,26309,26885,36.3563
5364,5365.png,13,0.162,4.95045,0.23177,-8.04955,0.0697704,576,26309,26885,35.6191
5365,5366.png,5,0.3318,4.95951,0.245377,-0.0404911,-0.086423,576,26309,26885,34.9931
5366,5367.png,5,0.33,4.95951,0.245377,-0.0404911,-0.084623,576,26309,26885,37.3825
5367,5368.png,5,0.3512,4.94365,0.271543,-0.0563498,-0.0796566,576,26309,26885,26.9725
5368,5369.png,5,0.35,4.94365,0.271543,-0.0563498,-0.0784566,576,26309,26885,35.2322
5369,5370.png,5,0.4333,4.96177,0.390862,-0.0382257,-0.0424382,576,26309,26885,35.7795
5370,5371.png,5,0.4263,4.96177,0.390862,-0.0382257,-0.0354382,576,26309,26885,29.6927
5371,5372.png,5,0.3665,4.95498,0.354229,-0.045022,-0.012271,576,26309,26885,29.5253
5372,5373.png,5,0.36975,4.95498,0.354229,-0.045022,-0.015521,576,26309,26885,43.3668
5373,5374.png,5,0.29885,4.94592,0.271543,-0.0540838,-0.0273066,576,26309,26885,31.5314
5374,5375.png,5,0.3036,4.94592,0.271543,-0.0540838,-0.0320566,576,26309,26885,34.9086
5375,5376.png,5,0.1816,4.98896,0.186764,-0.0110397,0.0051644,576,26309,26885,37.5344
5376,5377.png,5,0.19,4.98896,0.186764,-0.0110397,-0.00323559,576,26309,26885,34.324
5377,5378.png,5,0.0416,4.99576,0.119779,-0.00424337,0.0781786,576,26309,26885,29.0467
5378,5379.png,5,0.05,4.99576,0.119779,-0.00424337,0.0697786,576,26309,26885,23.694
5379,5380.png,13,-0.01725,4.98896,0.0423264,-8.01104,0.0595764,576,26309,26885,37.7565
5380,5381.png,13,-0.0135,4.98896,0.0423264,-8.01104,0.0558264,576,26309,26885,36.4978
5381,5382.png,5,0.074,4.99576,0.112452,-0.00424337,0.0384521,576,26309,26885,37.4593
5382,5383.png,5,0.069,4.99576,0.112452,-0.00424337,0.0434521,576,26309,26885,35.6464
5383,5384.png,5,0.41025,4.97763,0.318643,-0.022367,-0.0916071,576,26309,26885,28.8558
5384,5385.png,5,0.3915,4.97763,0.318643,-0.022367,-0.0728571,576,26309,26885,35.6426
5385,5386.png,5,2.2202,4.76015,1.21458,-0.239854,-1.00562,576,26309,26885,35.8631
5386,5387.png,5,2.12,4.76015,1.21458,-0.239854,-0.905422,576,26309,26885,35.7645
5387,5388.png,5,2.4015,4.68085,1.42705,-0.319146,-0.974452,576,26309,26885,34.5241
5388,5389.png,5,2.36,4.68085,1.42705,-0.319146,-0.932952,576,26309,26885,29.4511
5389,5390.png,-0.6,1,4.57438,0.472501,5.17438,-0.527499,576,26309,26885,35.6333
5390,5391.png,-0.6,1,4.57438,0.472501,5.17438,-0.527499,576,26309,26885,35.599
5391,5392.png,-0.6,1,4.5857,0.484014,5.1857,-0.515986,576,26309,26885,35.7565
5392,5393.png,-0.6,1,4.5857,0.484014,5.1857,-0.515986,576,26309,26885,28.4885
5393,5394.png,-0.6,1,4.58797,0.524833,5.18797,-0.475167,576,26309,26885,28.7254
5394,5395.png,-0.6,1,4.58797,0.524833,5.18797,-0.475167,576,26309,26885,33.883
5395,5396.png,-0.6,1,4.5925,0.523787,5.1925,-0.476213,576,26309,26885,29.1499
5396,5397.png,-0.6,1,4.5925,0.523787,5.1925,-0.476213,576,26309,26885,37.7891
5397,5398.png,-0.6,1,4.58797,0.52274,5.18797,-0.47726,576,26309,26885,35.4993
5398,5399.png,-0.6,1,4.58797,0.52274,5.18797,-0.47726,576,26309,26885,35.7066
5399,5400.png,-0.6,1,4.58797,0.52274,5.18797,-0.47726,576,26309,26885,35.4194
5400,5401.png,-0.6,1,4.58797,0.52274,5.18797,-0.47726,576,26309,26885,38.3296
5401,5402.png,-0.6,1,4.58344,0.51646,5.18344,-0.48354,576,26309,26885,35.3241
5402,5403.png,-0.6,1,4.58344,0.51646,5.18344,-0.48354,576,26309,26885,35.0058
5403,5404.png,-0.6,1,4.5993,0.551,5.1993,-0.449,576,26309,26885,28.6083
5404,5405.png,-0.6,1,4.5993,0.551,5.1993,-0.449,576,26309,26885,37.7078
5405,5406.png,-0.6,1,4.59703,0.536346,5.19703,-0.463654,576,26309,26885,28.137
5406,5407.png,-0.6,1,4.59703,0.536346,5.19703,-0.463654,576,26309,26885,24.2808
5407,5408.png,-0.6,1,4.60156,0.518554,5.20156,-0.481446,576,26309,26885,35.5932
5408,5409.png,-0.6,1,4.60156,0.518554,5.20156,-0.481446,576,26309,26885,35.7489
5409,5410.png,-0.6,1,4.61062,0.521694,5.21062,-0.478306,576,26309,26885,35.7238
5410,5411.png,-0.6,1,4.61062,0.521694,5.21062,-0.478306,576,26309,26885,35.6908
5411,5412.png,5,2.047,4.64914,0.777077,-0.350863,-1.26992,576,26309,26885,35.5854
5412,5413.png,5,2.03775,4.64914,0.777077,-0.350863,-1.26067,576,26309,26885,37.8502
5413,5414.png,5,1.95375,4.64687,1.36111,-0.353128,-0.592641,576,26309,26885,35.4567
5414,5415.png,5,1.95975,4.64687,1.36111,-0.353128,-0.598641,576,26309,26885,33.3705
5415,5416.png,5,1.90375,4.665,1.68662,-0.335005,-0.217132,576,26309,26885,35.4096
5416,5417.png,5,1.90775,4.665,1.68662,-0.335005,-0.221132,576,26309,26885,33.5499
5417,5418.png,5,1.97425,4.64687,1.36216,-0.353128,-0.612094,576,26309,26885,35.6296
5418,5419.png,5,1.9695,4.64687,1.36216,-0.353128,-0.607344,576,26309,26885,29.5229
5419,5420.png,5,2.036,4.6582,1.05339,-0.341801,-0.982607,576,26309,26885,34.2904
5420,5421.png,5,2.03125,4.6582,1.05339,-0.341801,-0.977857,576,26309,26885,35.5023
5421,5422.png,-0.6,1,4.66273,0.874416,5.26273,-0.125584,576,26309,26885,35.7175
5422,5423.png,-0.6,1,4.66273,0.874416,5.26273,-0.125584,576,26309,26885,35.4606
5423,5424.png,-0.6,1,4.6582,0.81057,5.2582,-0.18943,576,26309,26885,35.5709
5424,5425.png,-0.6,1,4.6582,0.81057,5.2582,-0.18943,576,26309,26885,35.3827
5425,5426.png,-0.6,1,4.67632,0.868136,5.27632,-0.131864,576,26309,26885,35.6695
5426,5427.png,-0.6,1,4.67632,0.868136,5.27632,-0.131864,576,26309,26885,35.3305
5427,5428.png,5,2.03825,4.66953,1.21039,-0.330474,-0.827859,576,26309,26885,33.8873
5428,5429.png,5,2.03775,4.66953,1.21039,-0.330474,-0.827359,576,26309,26885,28.3531
5429,5430.png,5,1.93975,4.61515,1.58405,-0.384845,-0.355704,576,26309,26885,33.9543
5430,5431.png,5,1.94675,4.61515,1.58405,-0.384845,-0.362704,576,26309,26885,37.8676
5431,5432.png,5,1.87325,4.66953,1.79756,-0.330474,-0.0756867,576,26309,26885,35.111
5432,5433.png,5,1.8785,4.66953,1.79756,-0.330474,-0.0809367,576,26309,26885,26.8729
5433,5434.png,5,1.854,4.73749,1.8478,-0.262509,-0.00619733,576,26309,26885,35.4379
5434,5435.png,5,1.85575,4.73749,1.8478,-0.262509,-0.00794733,576,26309,26885,24.0052
5435,5436.png,5,1.83125,4.7828,1.85408,-0.217199,0.0228329,576,26309,26885,31.2836
5436,5437.png,5,1.833,4.7828,1.85408,-0.217199,0.0210829,576,26309,26885,29.1084
5437,5438.png,5,1.798,4.83491,1.82373,-0.165093,0.0257298,576,26309,26885,38.0259
5438,5439.png,5,1.8005,4.83491,1.82373,-0.165093,0.0232297,576,26309,26885,34.3341
5439,5440.png,5,1.6955,4.86209,1.72744,-0.137908,0.0319376,576,26309,26885,31.8994
5440,5441.png,5,1.703,4.86209,1.72744,-0.137908,0.0244377,576,26309,26885,35.3857
5441,5442.png,5,1.5315,4.88475,1.56835,-0.115252,0.0368463,576,26309,26885,38.6235
5442,5443.png,5,1.54375,4.88475,1.56835,-0.115252,0.0245962,576,26309,26885,36.8048
5443,5444.png,5,1.50925,4.86209,1.32657,-0.137908,-0.182681,576,26309,26885,35.6701
5444,5445.png,5,1.52625,4.86209,1.32657,-0.137908,-0.199681,576,26309,26885,40.4589
5445,5446.png,5,1.28625,4.74655,1.07642,-0.253447,-0.20983,576,26309,26885,30.4003
5446,5447.png,5,1.30125,4.74655,1.07642,-0.253447,-0.22483,576,26309,26885,35.7759
5447,5448.png,5,1.0645,4.776,0.955008,-0.223996,-0.109492,576,26309,26885,35.6419
5448,5449.png,5,1.0745,4.776,0.955008,-0.223996,-0.119492,576,26309,26885,35.3469
5449,5450.png,5,0.9395,4.80546,0.784403,-0.194544,-0.155097,576,26309,26885,35.5429
5450,5451.png,5,0.9485,4.80546,0.784403,-0.194544,-0.164097,576,26309,26885,35.5892
5451,5452.png,5,0.836,4.84623,0.670318,-0.153766,-0.165682,576,26309,26885,37.2387
5452,5453.png,5,0.8435,4.84623,0.670318,-0.153766,-0.173182,576,26309,26885,31.6341
5453,5454.png,5,0.7235,4.85077,0.558326,-0.149235,-0.165174,576,26309,26885,35.0664
5454,5455.png,5,0.7315,4.85077,0.558326,-0.149235,-0.173174,576,26309,26885,36.405
5455,5456.png,5,0.5515,4.8553,0.486107,-0.144703,-0.0653929,576,26309,26885,35.2639
5456,5457.png,5,0.5635,4.8553,0.486107,-0.144703,-0.0773928,576,26309,26885,28.9296
5457,5458.png,5,0.24775,4.82358,0.277823,-0.176421,0.0300732,576,26309,26885,33.8281
5458,5459.png,5,0.27,4.82358,0.277823,-0.176421,0.00782317,576,26309,26885,28.9043
5459,5460.png,5,-0.238,4.95498,-0.172238,-0.045022,0.0657624,576,26309,26885,46.2921
5460,5461.png,5,-0.20625,4.95498,-0.172238,-0.045022,0.0340123,576,26309,26885,38.3537
5461,5462.png,5,-0.89825,5.05013,-0.75313,0.0501285,0.14512,576,26309,26885,23.6704
5462,5463.png,5,-0.855,5.05013,-0.75313,0.0501285,0.10187,576,26309,26885,23.7265
5463,5464.png,11,-1.2141,4.96404,-1.69302,-6.03596,-0.478924,576,26309,26885,37.9777
5464,5465.png,11,-1.1596,4.96404,-1.69302,-6.03596,-0.533424,576,26309,26885,35.6171
5465,5466.png,5,-3.1151,4.79639,-1.34344,-0.203606,1.77166,576,26309,26885,34.2153
5466,5467.png,5,-3.065,4.79639,-1.34344,-0.203606,1.72156,576,26309,26885,35.6563
5467,5468.png,-0.6,-1,4.61062,-0.679864,5.21062,0.320136,576,26309,26885,27.2416
5468,5469.png,-0.6,-1,4.61062,-0.679864,5.21062,0.320136,576,26309,26885,29.2642
5469,5470.png,-0.6,-1,4.61515,-0.754177,5.21515,0.245823,576,26309,26885,35.8255
5470,5471.png,-0.6,-1,4.61515,-0.754177,5.21515,0.245823,576,26309,26885,35.6361
5471,5472.png,-0.6,-1,4.66046,-0.868262,5.26046,0.131738,576,26309,26885,37.1603
5472,5473.png,-0.6,-1,4.66046,-0.868262,5.26046,0.131738,576,26309,26885,27.1561
5473,5474.png,-0.6,-1,4.665,-0.865122,5.265,0.134878,576,26309,26885,37.3277
5474,5475.png,-0.6,-1,4.665,-0.865122,5.265,0.134878,576,26309,26885,35.4955
5475,5476.png,-0.6,-1,4.6514,-0.849422,5.2514,0.150578,576,26309,26885,38.3445
5476,5477.png,-0.6,-1,4.6514,-0.849422,5.2514,0.150578,576,26309,26885,35.6476
5477,5478.png,-0.6,-1,4.6514,-0.849422,5.2514,0.150578,576,26309,26885,35.7231
5478,5479.png,-0.6,-1,4.6514,-0.849422,5.2514,0.150578,576,26309,26885,35.5602
5479,5480.png,-0.6,-1,4.6514,-0.829536,5.2514,0.170464,576,26309,26885,35.6218
5480,5481.png,-0.6,-1,4.6514,-0.829536,5.2514,0.170464,576,26309,26885,30.4096
5481,5482.png,-0.6,-1,4.66273,-0.836862,5.26273,0.163138,576,26309,26885,35.6175
5482,5483.png,-0.6,-1,4.66273,-0.836862,5.26273,0.163138,576,26309,26885,35.5384
5483,5484.png,-0.6,-1,4.66273,-0.867215,5.26273,0.132785,576,26309,26885,35.51
5484,5485.png,-0.6,-1,4.66273,-0.867215,5.26273,0.132785,576,26309,26885,35.6289
5485,5486.png,-0.6,-1,4.6514,-0.854655,5.2514,0.145345,576,26309,26885,23.5444
5486,5487.png,-0.6,-1,4.6514,-0.854655,5.2514,0.145345,576,26309,26885,35.6925
5487,5488.png,-0.6,-1,4.6514,-0.854655,5.2514,0.145345,576,26309,26885,35.6953
5488,5489.png,-0.6,-1,4.6514,-0.854655,5.2514,0.145345,576,26309,26885,29.3053
5489,5490.png,-0.6,-1,4.6514,-0.860935,5.2514,0.139065,576,26309,26885,23.6983
5490,5491.png,-0.6,-1,4.6514,-0.860935,5.2514,0.139065,576,26309,26885,23.628
5491,5492.png,-0.6,-1,4.65593,-0.844189,5.25593,0.155811,576,26309,26885,34.907
5492,5493.png,-0.6,-1,4.65593,-0.844189,5.25593,0.155811,576,26309,26885,35.6071
5493,5494.png,-0.6,-1,4.66726,-0.869309,5.26726,0.130691,576,26309,26885,35.8716
5494,5495.png,-0.6,-1,4.66726,-0.869309,5.26726,0.130691,576,26309,26885,28.1864
5495,5496.png,-0.6,-1,4.665,-0.882915,5.265,0.117085,576,26309,26885,28.3917
5496,5497.png,-0.6,-1,4.665,-0.882915,5.265,0.117085,576,26309,26885,35.5257
5497,5498.png,-0.6,-1,4.6582,-0.851516,5.2582,0.148484,576,26309,26885,31.7565
5498,5499.png,-0.6,-1,4.6582,-0.851516,5.2582,0.148484,576,26309,26885,34.8939
5499,5500.png,-0.6,-1,4.65367,-0.852562,5.25367,0.147438,576,26309,26885,27.1511
5500,5501.png,-0.6,-1,4.65367,-0.852562,5.25367,0.147438,576,26309,26885,37.4291
5501,5502.png,-0.6,-1,4.64234,-0.824302,5.24234,0.175698,576,26309,26885,35.4934
5502,5503.png,-0.6,-1,4.64234,-0.824302,5.24234,0.175698,576,26309,26885,34.2346
5503,5504.png,-0.6,-1,4.64914,-0.820116,5.24914,0.179884,576,26309,26885,41.1057
5504,5505.png,-0.6,-1,4.64914,-0.820116,5.24914,0.179884,576,26309,26885,35.8749
5505,5506.png,-0.6,-1,4.6582,-0.870355,5.2582,0.129645,576,26309,26885,35.6331
5506,5507.png,-0.6,-1,4.6582,-0.870355,5.2582,0.129645,576,26309,26885,35.9895
5507,5508.png,5,-2.06925,4.69445,-1.07341,-0.305553,0.995844,576,26309,26885,38.2135
5508,5509.png,5,-2.06375,4.69445,-1.07341,-0.305553,0.990344,576,26309,26885,35.3679
5509,5510.png,5,-1.99025,4.84623,-1.64174,-0.153766,0.348512,576,26309,26885,35.4367
5510,5511.png,5,-1.9955,4.84623,-1.64174,-0.153766,0.353762,576,26309,26885,28.2506
5511,5512.png,5,-1.9395,4.91193,-1.87305,-0.0880666,0.0664513,576,26309,26885,35.8682
5512,5513.png,5,-1.9435,4.91193,-1.87305,-0.0880666,0.0704514,576,26309,26885,23.8974
5513,5514.png,5,-1.968,4.90514,-1.83537,-0.0948629,0.132631,576,26309,26885,38.1976
5514,5515.png,5,-1.96625,4.90514,-1.83537,-0.0948629,0.130881,576,26309,26885,38.563
5515,5516.png,5,-1.99075,4.84623,-1.74326,-0.153766,0.247486,576,26309,26885,35.8116
5516,5517.png,5,-1.989,4.84623,-1.74326,-0.153766,0.245736,576,26309,26885,35.5347
5517,5518.png,5,-2.003,4.86889,-1.71082,-0.131111,0.292183,576,26309,26885,23.6386
5518,5519.png,5,-2.002,4.86889,-1.71082,-0.131111,0.291183,576,26309,26885,23.5327
5519,5520.png,5,-2.009,4.8417,-1.66162,-0.158297,0.347375,576,26309,26885,35.4256
5520,5521.png,5,-2.0085,4.8417,-1.66162,-0.158297,0.346875,576,26309,26885,35.4366
5521,5522.png,5,-2.005,4.82811,-1.61662,-0.171889,0.388381,576,26309,26885,38.2617
5522,5523.png,5,-2.00525,4.82811,-1.61662,-0.171889,0.388631,576,26309,26885,37.9386
5523,5524.png,5,-1.99125,4.87342,-1.70663,-0.12658,0.284619,576,26309,26885,33.8609
5524,5525.png,5,-1.99225,4.87342,-1.70663,-0.12658,0.285619,576,26309,26885,28.6933
5525,5526.png,5,-1.97125,4.91193,-1.86782,-0.0880666,0.103435,576,26309,26885,37.5049
5526,5527.png,5,-1.97275,4.91193,-1.86782,-0.0880666,0.104935,576,26309,26885,36.0041
5527,5528.png,5,-1.94125,4.9074,-1.87514,-0.0925975,0.066108,576,26309,26885,35.864
5528,5529.png,5,-1.9435,4.9074,-1.87514,-0.0925975,0.0683581,576,26309,26885,28.8109
5529,5530.png,5,-1.8875,4.9142,-1.86991,-0.0858011,0.0175914,576,26309,26885,34.8019
5530,5531.png,5,-1.8915,4.9142,-1.86991,-0.0858011,0.0215913,576,26309,26885,32.7433
5531,5532.png,5,-1.755,4.90967,-1.78932,-0.090332,-0.0343165,576,26309,26885,33.6828
5532,5533.png,5,-1.76475,4.90967,-1.78932,-0.090332,-0.0245665,576,26309,26885,29.1135
5533,5534.png,5,-1.76475,4.90967,-1.78932,-0.090332,-0.0245665,576,26309,26885,25.9803
5534,5535.png,5,-1.49525,4.93912,-1.56533,-0.0608807,-0.0700827,576,26309,26885,31.9938
5535,5536.png,5,-1.287,4.95951,-1.38531,-0.0404911,-0.0983084,576,26309,26885,25.614
5536,5537.png,5,-1.30325,4.95951,-1.38531,-0.0404911,-0.0820584,576,26309,26885,29.3971
5537,5538.png,5,-1.30325,4.95951,-1.38531,-0.0404911,-0.0820584,576,26309,26885,28.9178
5538,5539.png,5,-1.2385,4.96631,-1.25448,-0.0336947,-0.0159768,576,26309,26885,35.8125
5539,5540.png,5,-1.2495,4.96631,-1.25448,-0.0336947,-0.00497675,576,26309,26885,25.794
5540,5541.png,5,-1.14825,4.94818,-1.21366,-0.0518188,-0.0654074,576,26309,26885,38.7795
5541,5542.png,5,-1.155,4.94818,-1.21366,-0.0518188,-0.0586574,576,26309,26885,34.1111
5542,5543.png,5,-1.03125,4.96177,-1.14458,-0.0382257,-0.113328,576,26309,26885,33.2355
5543,5544.png,5,-1.0395,4.96177,-1.14458,-0.0382257,-0.105078,576,26309,26885,28.5769
5544,5545.png,5,-0.882,5.00255,-0.948854,0.00255299,-0.0668542,576,26309,26885,35.5246
5545,5546.png,5,-0.8925,5.00255,-0.948854,0.00255299,-0.0563542,576,26309,26885,29.1281
5546,5547.png,5,-0.6825,4.92326,-0.75941,-0.0767388,-0.07691,576,26309,26885,23.9391
5547,5548.png,5,-0.6965,4.92326,-0.75941,-0.0767388,-0.06291,576,26309,26885,35.8246
5548,5549.png,5,-0.48225,4.94592,-0.478907,-0.0540838,0.00334296,576,26309,26885,27.9883
5549,5550.png,5,-0.49875,4.94592,-0.478907,-0.0540838,0.019843,576,26309,26885,35.2859
5550,5551.png,5,-0.17875,4.96177,-0.185844,-0.0382257,-0.00709407,576,26309,26885,32.8179
5551,5552.png,5,-0.19875,4.96177,-0.185844,-0.0382257,0.0129059,576,26309,26885,35.4681
5552,5553.png,5,0.13725,5.01841,0.149085,0.0184116,0.0118349,576,26309,26885,35.3223
5553,5554.png,5,0.11625,5.01841,0.149085,0.0184116,0.0328349,576,26309,26885,40.5272
5554,5555.png,5,0.50745,5.02068,0.406561,0.0206771,-0.100889,576,26309,26885,28.9866
5555,5556.png,5,0.4872,5.02068,0.406561,0.0206771,-0.0806385,576,26309,26885,36.4528
5556,5557.png,13,0.5089,4.86209,0.746724,-8.13791,0.237824,576,26309,26885,34.3613
5557,5558.png,13,0.4914,4.86209,0.746724,-8.13791,0.255324,576,26309,26885,37.9037
5558,5559.png,5,1.0894,4.80546,0.923608,-0.194544,-0.165792,576,26309,26885,36.3529
5559,5560.png,5,1.0764,4.80546,0.923608,-0.194544,-0.152792,576,26309,26885,34.0885
5560,5561.png,5,1.2387,4.77827,1.12352,-0.22173,-0.115181,576,26309,26885,35.8148
5561,5562.png,5,1.2267,4.77827,1.12352,-0.22173,-0.103181,576,26309,26885,33.1259
5562,5563.png,5,1.5055,4.80772,1.27005,-0.192279,-0.23545,576,26309,26885,35.145
5563,5564.png,5,1.4775,4.80772,1.27005,-0.192279,-0.20745,576,26309,26885,38.0091
5564,5565.png,5,1.3895,4.76015,1.16748,-0.239854,-0.222022,576,26309,26885,34.8744
5565,5566.png,5,1.395,4.76015,1.16748,-0.239854,-0.227522,576,26309,26885,37.1196
5566,5567.png,5,1.207,4.71937,1.03246,-0.280633,-0.17454,576,26309,26885,26.4042
5567,5568.png,5,1.21875,4.71937,1.03246,-0.280633,-0.18629,576,26309,26885,33.6002
5568,5569.png,5,1.01875,4.83038,0.898488,-0.169624,-0.120262,576,26309,26885,34.7859
5569,5570.png,5,1.03125,4.83038,0.898488,-0.169624,-0.132762,576,26309,26885,37.0003
5570,5571.png,5,0.90725,4.86889,0.80429,-0.131111,-0.10296,576,26309,26885,31.0543
5571,5572.png,5,0.915,4.86889,0.80429,-0.131111,-0.11071,576,26309,26885,34.7576
5572,5573.png,5,0.76775,4.89834,0.734164,-0.101659,-0.0335859,576,26309,26885,37.3915
5573,5574.png,5,0.7735,4.89834,0.734164,-0.101659,-0.0393359,576,26309,26885,33.2985
5574,5575.png,5,0.76075,4.94592,0.672412,-0.0540838,-0.0883384,576,26309,26885,23.7597
5575,5576.png,5,0.765,4.94592,0.672412,-0.0540838,-0.0925884,576,26309,26885,34.8587
5576,5577.png,9,0.4512,4.94818,0.630545,-4.05182,0.179345,576,26309,26885,37.1737
5577,5578.png,9,0.4557,4.94818,0.630545,-4.05182,0.174845,576,26309,26885,34.4436
5578,5579.png,5,0.6255,4.93232,0.605426,-0.067677,-0.0200742,576,26309,26885,35.8468
5579,5580.png,5,0.63,4.93232,0.605426,-0.067677,-0.0245742,576,26309,26885,32.1438
5580,5581.png,5,0.534,4.92553,0.536346,-0.0744739,0.00234652,576,26309,26885,37.251
5581,5582.png,5,0.54,4.92553,0.536346,-0.0744739,-0.00365353,576,26309,26885,37.2559
5582,5583.png,5,0.348,4.93685,0.411795,-0.0631461,0.0637948,576,26309,26885,35.7565
5583,5584.png,5,0.36,4.93685,0.411795,-0.0631461,0.0517948,576,26309,26885,36.8003
5584,5585.png,5,0.214,4.91873,0.240144,-0.0812697,0.0261436,576,26309,26885,34.201
5585,5586.png,5,0.224,4.91873,0.240144,-0.0812697,0.0161436,576,26309,26885,35.9429
5586,5587.png,5,0.02425,4.9731,0.0245332,-0.0268984,0.000283206,576,26309,26885,35.5337
5587,5588.png,5,0.036,4.9731,0.0245332,-0.0268984,-0.0114668,576,26309,26885,35.3754
5588,5589.png,5,-0.16785,4.95498,-0.135605,-0.045022,0.0322451,576,26309,26885,34.176
5589,5590.png,5,-0.1566,4.95498,-0.135605,-0.045022,0.0209951,576,26309,26885,35.6126
5590,5591.png,5,-0.3693,5.02521,-0.26539,0.025208,0.10391,576,26309,26885,34.276
5591,5592.png,5,-0.3588,5.02521,-0.26539,0.025208,0.0934103,576,26309,26885,35.9199
5592,5593.png,13,-0.3109,4.96857,-0.510306,-8.03143,-0.199406,576,26309,26885,35.5815
5593,5594.png,13,-0.3024,4.96857,-0.510306,-8.03143,-0.207906,576,26309,26885,35.4099
5594,5595.png,5,-0.6219,4.95271,-0.605552,-0.0472879,0.016348,576,26309,26885,36.4262
5595,5596.png,5,-0.6164,4.95271,-0.605552,-0.0472879,0.010848,576,26309,26885,37.4828
5596,5597.png,5,-0.6749,4.94138,-0.647418,-0.0586152,0.0274819,576,26309,26885,34.7248
5597,5598.png,5,-0.6699,4.94138,-0.647418,-0.0586152,0.0224819,576,26309,26885,32.141
5598,5599.png,5,-0.6699,4.94138,-0.647418,-0.0586152,0.0224819,576,26309,26885,33.5683
5599,5600.png,5,-0.8795,5.02068,-0.861982,0.0206771,0.0175179,576,26309,26885,33.3462
5600,5601.png,5,-0.864,5.02068,-0.861982,0.0206771,0.00201797,576,26309,26885,35.4156
5601,5602.png,5,-0.796,5.00482,-0.804416,0.00481844,-0.008416,576,26309,26885,23.6084
5602,5603.png,5,-0.8,5.00482,-0.804416,0.00481844,-0.00441599,576,26309,26885,34.0662
5603,5604.png,5,-0.698,4.96404,-0.686144,-0.0359602,0.0118558,576,26309,26885,37.2994
5604,5605.png,5,-0.704,4.96404,-0.686144,-0.0359602,0.0178558,576,26309,26885,34.5886
5605,5606.png,5,-0.602,4.96404,-0.538566,-0.0359602,0.0634338,576,26309,26885,35.5388
5606,5607.png,5,-0.608,4.96404,-0.538566,-0.0359602,0.0694338,576,26309,26885,34.7826
5607,5608.png,5,-0.5485,4.96631,-0.513447,-0.0336947,0.0350535,576,26309,26885,35.5261
5608,5609.png,5,-0.552,4.96631,-0.513447,-0.0336947,0.0385535,576,26309,26885,36.9692
5609,5610.png,5,-0.518,4.97763,-0.50298,-0.022367,0.01502,576,26309,26885,34.6971
5610,5611.png,5,-0.52,4.97763,-0.50298,-0.022367,0.01702,576,26309,26885,34.4319
5611,5612.png,5,-0.49875,4.9799,-0.483094,-0.020102,0.0156564,576,26309,26885,35.5921
5612,5613.png,5,-0.5,4.9799,-0.483094,-0.020102,0.0169064,576,26309,26885,32.4372
5613,5614.png,5,-0.5,4.9799,-0.483094,-0.020102,0.0169064,576,26309,26885,33.5648
5614,5615.png,5,-0.47875,4.98216,-0.485187,-0.0178361,-0.00643697,576,26309,26885,35.0952
5615,5616.png,5,-0.48,4.98216,-0.485187,-0.0178361,-0.00518698,576,26309,26885,35.1965
5616,5617.png,5,-0.48,4.98216,-0.485187,-0.0178361,-0.00518698,576,26309,26885,35.5434
5617,5618.png,5,-0.463,4.9799,-0.47158,-0.020102,-0.00858039,576,26309,26885,37.2294
5618,5619.png,5,-0.464,4.9799,-0.47158,-0.020102,-0.0075804,576,26309,26885,23.7447
5619,5620.png,5,-0.4555,4.98896,-0.468441,-0.0110397,-0.0129405,576,26309,26885,28.4881
5620,5621.png,5,-0.456,4.98896,-0.468441,-0.0110397,-0.0124405,576,26309,26885,35.3257
5621,5622.png,5,-0.4645,5.00482,-0.469487,0.00481844,-0.00498706,576,26309,26885,28.5985
5622,5623.png,5,-0.464,5.00482,-0.469487,0.00481844,-0.00548708,576,26309,26885,34.6287
5623,5624.png,5,-0.4895,4.99123,-0.492513,-0.00877428,-0.00301346,576,26309,26885,38.3516
5624,5625.png,5,-0.488,4.99123,-0.492513,-0.00877428,-0.00451344,576,26309,26885,36.1235
5625,5626.png,5,-0.488,4.99123,-0.492513,-0.00877428,-0.00451344,576,26309,26885,35.6754
5626,5627.png,5,-0.53475,4.98896,-0.513447,-0.0110397,0.0213035,576,26309,26885,35.5494
5627,5628.png,5,-0.532,4.98896,-0.513447,-0.0110397,0.0185535,576,26309,26885,37.8492
5628,5629.png,5,-0.58725,4.98443,-0.540659,-0.0155711,0.0465905,576,26309,26885,33.7737
5629,5630.png,5,-0.584,4.98443,-0.540659,-0.0155711,0.0433405,576,26309,26885,23.6515
5630,5631.png,5,-0.584,4.98443,-0.540659,-0.0155711,0.0433405,576,26309,26885,31.6445
5631,5632.png,5,-0.6605,4.98896,-0.631718,-0.0110397,0.0287817,576,26309,26885,35.8804
5632,5633.png,5,-0.656,4.98896,-0.631718,-0.0110397,0.0242817,576,26309,26885,33.0467
5633,5634.png,5,-0.656,4.98896,-0.631718,-0.0110397,0.0242817,576,26309,26885,35.7277
5634,5635.png,5,-0.741,4.96857,-0.71859,-0.0314293,0.0224096,576,26309,26885,36.4523
5635,5636.png,5,-0.736,4.96857,-0.71859,-0.0314293,0.0174096,576,26309,26885,37.1902
5636,5637.png,5,-0.736,4.96857,-0.71859,-0.0314293,0.0174096,576,26309,26885,38.337
5637,5638.png,5,-0.8295,5.00708,-0.780343,0.00708389,0.049157,576,26309,26885,35.8362
5638,5639.png,5,-0.824,5.00708,-0.780343,0.00708389,0.0436569,576,26309,26885,35.5796
5639,5640.png,9,-0.5641,5.02294,-0.866168,-3.97706,-0.302068,576,26309,26885,37.8893
5640,5641.png,9,-0.5586,5.02294,-0.866168,-3.97706,-0.307568,576,26309,26885,33.9585
5641,5642.png,9,-0.5586,5.02294,-0.866168,-3.97706,-0.307568,576,26309,26885,28.6425
5642,5643.png,5,-1.014,5.02068,-0.938388,0.0206771,0.0756124,576,26309,26885,35.6181
5643,5644.png,5,-1.008,5.02068,-0.938388,0.0206771,0.0696124,576,26309,26885,35.3394
5644,5645.png,5,-1.045,4.99349,-1.04305,-0.00650883,0.00194693,576,26309,26885,28.6837
5645,5646.png,5,-1.03875,4.99349,-1.04305,-0.00650883,-0.00430298,576,26309,26885,37.04
5646,5647.png,5,-1.18275,4.96177,-1.19272,-0.0382257,-0.00997436,576,26309,26885,35.8112
5647,5648.png,5,-1.17375,4.96177,-1.19272,-0.0382257,-0.0189743,576,26309,26885,37.1255
5648,5649.png,5,-1.18975,4.94818,-1.19586,-0.0518188,-0.00611424,576,26309,26885,29.228
5649,5650.png,5,-1.18875,4.94818,-1.19586,-0.0518188,-0.00711417,576,26309,26885,35.5977
5650,5651.png,5,-1.14475,4.95951,-1.17388,-0.0404911,-0.0291346,576,26309,26885,35.6383
5651,5652.png,5,-1.1475,4.95951,-1.17388,-0.0404911,-0.0263846,576,26309,26885,28.8963
5652,5653.png,5,-1.0195,4.99576,-1.02317,-0.00424337,-0.00366652,576,26309,26885,34.6723
5653,5654.png,5,-1.0275,4.99576,-1.02317,-0.00424337,0.0043335,576,26309,26885,36.9121
5654,5655.png,5,-1.0275,4.99576,-1.02317,-0.00424337,0.0043335,576,26309,26885,28.1642
5655,5656.png,5,-0.7865,5.02068,-0.852562,0.0206771,-0.0660621,576,26309,26885,35.6323
5656,5657.png,5,-0.798,5.02068,-0.852562,0.0206771,-0.0545621,576,26309,26885,37.6572
5657,5658.png,5,-0.798,5.02068,-0.852562,0.0206771,-0.0545621,576,26309,26885,24.481
5658,5659.png,5,-0.623,4.93232,-0.586712,-0.067677,0.0362878,576,26309,26885,34.1695
5659,5660.png,5,-0.3975,4.96177,-0.440181,-0.0382257,-0.0426808,576,26309,26885,33.4848
5660,5661.png,5,-0.4125,4.96177,-0.440181,-0.0382257,-0.0276808,576,26309,26885,33.9687
5661,5662.png,5,-0.4125,4.96177,-0.440181,-0.0382257,-0.0276808,576,26309,26885,34.4638
5662,5663.png,5,-0.202,4.94592,-0.188984,-0.0540838,0.0130159,576,26309,26885,28.7739
5663,5664.png,5,-0.216,4.94592,-0.188984,-0.0540838,0.0270159,576,26309,26885,35.6093
5664,5665.png,5,-0.0375,4.96177,-0.0434994,-0.0382257,-0.00599936,576,26309,26885,36.9918
5665,5666.png,5,-0.048,4.96177,-0.0434994,-0.0382257,0.00450063,576,26309,26885,37.4497
5666,5667.png,5,-0.048,4.96177,-0.0434994,-0.0382257,0.00450063,576,26309,26885,35.7386
5667,5668.png,5,0.1502,4.99802,0.149085,-0.00197792,-0.00111511,576,26309,26885,38.2269
5668,5669.png,5,0.1392,4.99802,0.149085,-0.00197792,0.00988488,576,26309,26885,28.6271
5669,5670.png,5,0.3296,4.95045,0.235957,-0.0495529,-0.093643,576,26309,26885,38.1106
5670,5671.png,5,0.32,4.95045,0.235957,-0.0495529,-0.084043,576,26309,26885,37.9815
5671,5672.png,5,0.4419,4.95724,0.331203,-0.042757,-0.110697,576,26309,26885,35.7144
5672,5673.png,5,0.435,4.95724,0.331203,-0.042757,-0.103797,576,26309,26885,24.2462
5673,5674.png,5,0.4293,4.95951,0.368882,-0.0404911,-0.0604177,576,26309,26885,31.9876
5674,5675.png,5,0.4278,4.95951,0.368882,-0.0404911,-0.0589177,576,26309,26885,36.8826
5675,5676.png,5,0.36315,4.96177,0.359462,-0.0382257,-0.00368768,576,26309,26885,32.3687
5676,5677.png,5,0.3654,4.96177,0.359462,-0.0382257,-0.00593767,576,26309,26885,35.5219
5677,5678.png,5,0.255,4.92779,0.235957,-0.0722079,-0.019043,576,26309,26885,34.1941
5678,5679.png,5,0.261,4.92779,0.235957,-0.0722079,-0.025043,576,26309,26885,33.9324
5679,5680.png,5,0.11595,4.97763,0.0883792,-0.022367,-0.0275708,576,26309,26885,34.3225
5680,5681.png,5,0.1242,4.97763,0.0883792,-0.022367,-0.0358208,576,26309,26885,35.668
5681,5682.png,5,0.1242,4.97763,0.0883792,-0.022367,-0.0358208,576,26309,26885,37.2146
5682,5683.png,5,-0.0717,4.99123,-0.038266,-0.00877428,0.033434,576,26309,26885,29.0762
5683,5684.png,5,-0.06,4.99123,-0.038266,-0.00877428,0.021734,576,26309,26885,35.5559
5684,5685.png,5,-0.06,4.99123,-0.038266,-0.00877428,0.021734,576,26309,26885,35.6396
5685,5686.png,5,-0.2826,4.96177,-0.181657,-0.0382257,0.100943,576,26309,26885,23.6967
5686,5687.png,5,-0.27,4.96177,-0.181657,-0.0382257,0.0883426,576,26309,26885,43.065
5687,5688.png,5,-0.27,4.96177,-0.181657,-0.0382257,0.0883426,576,26309,26885,34.4709
5688,5689.png,5,-0.4873,4.95724,-0.459021,-0.042757,0.0282795,576,26309,26885,37.1273
5689,5690.png,5,-0.57425,4.96177,-0.552173,-0.0382257,0.0220774,576,26309,26885,33.9799
5690,5691.png,5,-0.5655,4.96177,-0.552173,-0.0382257,0.0133274,576,26309,26885,34.5081
5691,5692.png,5,-0.5655,4.96177,-0.552173,-0.0382257,0.0133274,576,26309,26885,33.6917
5692,5693.png,5,-0.6851,4.95271,-0.665211,-0.0472879,0.0198888,576,26309,26885,34
5693,5694.png,5,-0.6786,4.95271,-0.665211,-0.0472879,0.0133888,576,26309,26885,33.9976
5694,5695.png,5,-0.7246,4.9731,-0.694517,-0.0268984,0.0300825,576,26309,26885,25.539
5695,5696.png,5,-0.7221,4.9731,-0.694517,-0.0268984,0.0275825,576,26309,26885,34.0615
5696,5697.png,5,-0.7221,4.9731,-0.694517,-0.0268984,0.0275825,576,26309,26885,34.1202
5697,5698.png,5,-0.6895,4.9731,-0.697657,-0.0268984,-0.00815737,576,26309,26885,33.0801
5698,5699.png,5,-0.688,4.9731,-0.697657,-0.0268984,-0.00965732,576,26309,26885,37.6796
5699,5700.png,5,-0.671,4.97763,-0.657885,-0.022367,0.0131153,576,26309,26885,32.7186
5700,5701.png,5,-0.672,4.97763,-0.657885,-0.022367,0.0141153,576,26309,26885,33.7389
5701,5702.png,5,-0.621,4.98443,-0.598225,-0.0155711,0.0227746,576,26309,26885,36.3924
5702,5703.png,5,-0.624,4.98443,-0.598225,-0.0155711,0.0257747,576,26309,26885,34.5582
5703,5704.png,5,-0.624,4.98443,-0.598225,-0.0155711,0.0257747,576,26309,26885,37.3012
5704,5705.png,5,-0.556,4.98669,-0.520773,-0.0133052,0.035227,576,26309,26885,37.6381
5705,5706.png,5,-0.56,4.98669,-0.520773,-0.0133052,0.039227,576,26309,26885,38.688
5706,5707.png,5,-0.475,5.00029,-0.489374,0.000287533,-0.0143736,576,26309,26885,35.616
5707,5708.png,5,-0.48,5.00029,-0.489374,0.000287533,-0.00937358,576,26309,26885,26.6085
5708,5709.png,5,-0.3865,4.95724,-0.375288,-0.042757,0.0112118,576,26309,26885,28.3544
5709,5710.png,5,-0.392,4.95724,-0.375288,-0.042757,0.0167117,576,26309,26885,28.7313
5710,5711.png,5,-0.2815,4.96177,-0.22143,-0.0382257,0.0600697,576,26309,26885,35.7008
5711,5712.png,5,-0.288,4.96177,-0.22143,-0.0382257,0.0665697,576,26309,26885,36.9081
5712,5713.png,5,-0.212,4.96404,-0.169098,-0.0359602,0.0429024,576,26309,26885,23.6593
5713,5714.png,5,-0.2175,4.96404,-0.169098,-0.0359602,0.0484024,576,26309,26885,24.2467
5714,5715.png,5,-0.1255,4.97537,-0.106299,-0.0246329,0.0192014,576,26309,26885,33.9199
5715,5716.png,5,-0.1305,4.97537,-0.106299,-0.0246329,0.0242014,576,26309,26885,37.3735
5716,5717.png,5,-0.06525,4.98216,-0.0529192,-0.0178361,0.0123308,576,26309,26885,46.1544
5717,5718.png,5,-0.069,4.98216,-0.0529192,-0.0178361,0.0160808,576,26309,26885,35.8429
5718,5719.png,5,-0.022,4.98896,-0.0068664,-0.0110397,0.0151336,576,26309,26885,35.5674
5719,5720.png,5,-0.025,4.98896,-0.0068664,-0.0110397,0.0181336,576,26309,26885,35.4087
5720,5721.png,5,0.0015,4.98443,0.0109266,-0.0155711,0.00942662,576,26309,26885,35.7562
5721,5722.png,5,-0,4.98443,0.0109266,-0.0155711,0.0109266,576,26309,26885,35.5152
5722,5723.png,13,-0.0059,4.99123,0.0119734,-8.00877,0.0178734,576,26309,26885,37.9686
5723,5724.png,13,-0.0054,4.99123,0.0119734,-8.00877,0.0173734,576,26309,26885,34.4141
5724,5725.png,13,-0.02605,5.00029,-0.0257062,-7.99971,0.000343837,576,26309,26885,28.9983
5725,5726.png,13,-0.0243,5.00029,-0.0257062,-7.99971,-0.00140616,576,26309,26885,34.4037
5726,5727.png,13,-0.0715,4.9799,-0.104205,-8.0201,-0.0327053,576,26309,26885,37.0781
5727,5728.png,13,-0.0675,4.9799,-0.104205,-8.0201,-0.0367053,576,26309,26885,40.3318
5728,5729.png,5,-0.4059,4.98669,-0.314583,-0.0133052,0.0913175,576,26309,26885,28.4983
5729,5730.png,5,-0.39,4.98669,-0.314583,-0.0133052,0.0754175,576,26309,26885,34.6763
5730,5731.png,5,-0.7165,4.95271,-0.699751,-0.0472879,0.0167493,576,26309,26885,37.545
5731,5732.png,5,-0.696,4.95271,-0.699751,-0.0472879,-0.00375068,576,26309,26885,34.2383
5732,5733.png,9,-0.6566,5.04107,-0.9813,-3.95893,-0.3247,576,26309,26885,35.412
5733,5734.png,9,-0.6321,5.04107,-0.9813,-3.95893,-0.3492,576,26309,26885,35.6115
5734,5735.png,9,-0.6321,5.04107,-0.9813,-3.95893,-0.3492,576,26309,26885,35.4768
5735,5736.png,5,-1.12125,4.98896,-1.06189,-0.0110397,0.0593574,576,26309,26885,35.3595
5736,5737.png,5,-1.116,4.98896,-1.06189,-0.0110397,0.0541074,576,26309,26885,35.671
5737,5738.png,5,-1.08625,4.98216,-1.09748,-0.0178361,-0.0112288,576,26309,26885,35.0303
5738,5739.png,5,-1.08375,4.98216,-1.09748,-0.0178361,-0.0137287,576,26309,26885,35.4504
5739,5740.png,5,-1.20775,4.95271,-1.19482,-0.0472879,0.0129323,576,26309,26885,35.6591
5740,5741.png,5,-1.2,4.95271,-1.19482,-0.0472879,0.00518239,576,26309,26885,27.3954
5741,5742.png,5,-1.088,5.00482,-1.09434,0.00481844,-0.00633883,576,26309,26885,36.024
5742,5743.png,5,-1.095,5.00482,-1.09434,0.00481844,0.000661135,576,26309,26885,29.0612
5743,5744.png,5,-0.935,5.032,-0.919548,0.0320044,0.0154521,576,26309,26885,35.7641
5744,5745.png,5,-0.945,5.032,-0.919548,0.0320044,0.0254521,576,26309,26885,35.7804
5745,5746.png,5,-0.729,4.96857,-0.723824,-0.0314293,0.00517619,576,26309,26885,35.5702
5746,5747.png,5,-0.7425,4.96857,-0.723824,-0.0314293,0.0186762,576,26309,26885,35.2045
5747,5748.png,5,-0.537,4.96404,-0.529146,-0.0359602,0.00785381,576,26309,26885,26.7381
5748,5749.png,5,-0.552,4.96404,-0.529146,-0.0359602,0.0228538,576,26309,26885,35.3898
5749,5750.png,5,-0.2885,4.98443,-0.238177,-0.0155711,0.0503233,576,26309,26885,37.2794
5750,5751.png,5,-0.0546,4.9799,-0.0591991,-0.020102,-0.00459908,576,26309,26885,34.8729
5751,5752.png,5,-0.0696,4.9799,-0.0591991,-0.020102,0.0104009,576,26309,26885,37.0462
5752,5753.png,5,-0.0696,4.9799,-0.0591991,-0.020102,0.0104009,576,26309,26885,34.6078
5753,5754.png,5,0.1956,4.97763,0.129199,-0.022367,-0.0664015,576,26309,26885,35.612
5754,5755.png,13,0.1857,4.95271,0.261077,-8.04729,0.0753767,576,26309,26885,29.41
5755,5756.png,13,0.1782,4.95271,0.261077,-8.04729,0.0828767,576,26309,26885,36.2907
5756,5757.png,5,0.4205,4.95724,0.374115,-0.042757,-0.0463847,576,26309,26885,38.3253
5757,5758.png,5,0.41325,4.95724,0.374115,-0.042757,-0.0391347,576,26309,26885,37.1766
5758,5759.png,5,0.41325,4.95724,0.374115,-0.042757,-0.0391347,576,26309,26885,36.4826
5759,5760.png,5,0.45225,4.95045,0.446334,-0.0495529,-0.00591552,576,26309,26885,32.865
5760,5761.png,5,0.448,4.95045,0.446334,-0.0495529,-0.00166553,576,26309,26885,33.308
5761,5762.png,5,0.36725,4.95271,0.385628,-0.0472879,0.0183784,576,26309,26885,33.0881
5762,5763.png,5,0.372,4.95271,0.385628,-0.0472879,0.0136284,576,26309,26885,28.9325
5763,5764.png,5,0.253,4.9142,0.25689,-0.0858011,0.0038901,576,26309,26885,32.3067
5764,5765.png,5,0.26,4.9142,0.25689,-0.0858011,-0.0031099,576,26309,26885,35.8875
5765,5766.png,5,0.09425,4.99576,0.0590729,-0.00424337,-0.0351771,576,26309,26885,24.4165
5766,5767.png,5,0.104,4.99576,0.0590729,-0.00424337,-0.0449271,576,26309,26885,36.4903
5767,5768.png,5,-0.0985,4.97763,-0.108392,-0.022367,-0.00989188,576,26309,26885,35.5777
5768,5769.png,5,-0.087,4.97763,-0.108392,-0.022367,-0.0213919,576,26309,26885,23.6894
5769,5770.png,5,-0.3248,5.02521,-0.263296,0.025208,0.0615036,576,26309,26885,36.3728
5770,5771.png,5,-0.3128,5.02521,-0.263296,0.025208,0.0495036,576,26309,26885,34.9062
5771,5772.png,5,-0.5891,4.95951,-0.539613,-0.0404911,0.0494872,576,26309,26885,44.7087
5772,5773.png,5,-0.575,4.95951,-0.539613,-0.0404911,0.0353872,576,26309,26885,35.8443
5773,5774.png,5,-0.723,4.93912,-0.733244,-0.0608807,-0.0102436,576,26309,26885,32.1353
5774,5775.png,5,-0.713,4.93912,-0.733244,-0.0608807,-0.0202436,576,26309,26885,40.2492
5775,5776.png,5,-0.81225,5.02747,-0.793949,0.0274734,0.0183005,576,26309,26885,29.3667
5776,5777.png,5,-0.80475,5.02747,-0.793949,0.0274734,0.0108005,576,26309,26885,34.1826
5777,5778.png,5,-0.86915,5.07958,-0.816976,0.0795798,0.0521742,576,26309,26885,37.2003
5778,5779.png,5,-0.86565,5.07958,-0.816976,0.0795798,0.0486742,576,26309,26885,33.5565
5779,5780.png,5,-0.87945,5.06372,-0.852562,0.0637212,0.026888,576,26309,26885,34.5145
5780,5781.png,5,-0.8787,5.06372,-0.852562,0.0637212,0.0261379,576,26309,26885,35.6692
5781,5782.png,5,-0.76975,5.032,-0.815929,0.0320044,-0.0461793,576,26309,26885,35.652
5782,5783.png,5,-0.772,5.032,-0.815929,0.0320044,-0.0439293,576,26309,26885,35.6099
5783,5784.png,5,-0.69125,4.99123,-0.714404,-0.00877428,-0.0231538,576,26309,26885,35.8027
5784,5785.png,5,-0.696,4.99123,-0.714404,-0.00877428,-0.0184038,576,26309,26885,35.9031
5785,5786.png,5,-0.5855,5.00482,-0.597179,0.00481844,-0.0116788,576,26309,26885,34.03
5786,5787.png,5,-0.592,5.00482,-0.597179,0.00481844,-0.00517881,576,26309,26885,33.9684
5787,5788.png,5,-0.5104,4.99349,-0.507167,-0.00650883,0.00323343,576,26309,26885,32.7872
5788,5789.png,5,-0.51765,4.99349,-0.507167,-0.00650883,0.0104834,576,26309,26885,35.4537
5789,5790.png,5,-0.37505,4.97763,-0.362728,-0.022367,0.0123216,576,26309,26885,28.9546
5790,5791.png,5,-0.3828,4.97763,-0.362728,-0.022367,0.0200716,576,26309,26885,34.8673
5791,5792.png,5,-0.2494,4.96857,-0.196311,-0.0314293,0.0530894,576,26309,26885,36.4088
5792,5793.png,5,-0.25665,4.96857,-0.196311,-0.0314293,0.0603394,576,26309,26885,33.8688
5793,5794.png,5,-0.1413,4.98669,-0.130372,-0.0133052,0.0109285,576,26309,26885,34.8787
5794,5795.png,5,-0.15,4.98669,-0.130372,-0.0133052,0.0196285,576,26309,26885,34.5356
5795,5796.png,5,-0.0175,5.00482,-0.0393128,0.00481844,-0.0218128,576,26309,26885,25.0993
5796,5797.png,5,-0.025,5.00482,-0.0393128,0.00481844,-0.0143127,576,26309,26885,23.9723
5797,5798.png,5,0.0704,4.98896,0.0329064,-0.0110397,-0.0374936,576,26309,26885,43.2445
5798,5799.png,5,0.065,4.98896,0.0329064,-0.0110397,-0.0320936,576,26309,26885,29.8944
5799,5800.png,5,0.11315,4.98216,0.0569794,-0.0178361,-0.0561706,576,26309,26885,35.6818
5800,5801.png,5,0.1104,4.98216,0.0569794,-0.0178361,-0.0534206,576,26309,26885,35.5171
5801,5802.png,5,0.11525,4.99349,0.061166,-0.00650883,-0.054084,576,26309,26885,33.8368
5802,5803.png,5,0.115,4.99349,0.061166,-0.00650883,-0.053834,576,26309,26885,29.5442
5803,5804.png,5,0.07655,4.99349,0.02558,-0.00650883,-0.05097,576,26309,26885,36.5677
5804,5805.png,5,0.0783,4.99349,0.02558,-0.00650883,-0.05272,576,26309,26885,37.3188
5805,5806.png,5,0.0047,4.97537,-0.00163323,-0.0246329,-0.00633322,576,26309,26885,24.1358
5806,5807.png,5,0.0087,4.97537,-0.00163323,-0.0246329,-0.0103332,576,26309,26885,36.5259
5807,5808.png,5,-0.0878,4.9799,-0.0874588,-0.020102,0.000341192,576,26309,26885,35.5209
5808,5809.png,5,-0.0828,4.9799,-0.0874588,-0.020102,-0.00465881,576,26309,26885,29.1733
5809,5810.png,5,-0.1992,4.98443,-0.148165,-0.0155711,0.0510353,576,26309,26885,29.3446
5810,5811.png,5,-0.1932,4.98443,-0.148165,-0.0155711,0.0450353,576,26309,26885,43.1234
5811,5812.png,5,-0.3478,5.02068,-0.24027,0.0206771,0.10753,576,26309,26885,34.004
5812,5813.png,5,-0.34,5.02068,-0.24027,0.0206771,0.09973,576,26309,26885,37.6481
5813,5814.png,5,-0.4619,5.00482,-0.428668,0.00481844,0.0332323,576,26309,26885,35.3254
5814,5815.png,5,-0.455,5.00482,-0.428668,0.00481844,0.0263323,576,26309,26885,34.5644
5815,5816.png,5,-0.5451,4.97084,-0.52182,-0.0291638,0.0232802,576,26309,26885,29.2175
5816,5817.png,5,-0.54,4.97084,-0.52182,-0.0291638,0.0181803,576,26309,26885,35.4673
5817,5818.png,5,-0.5259,4.97084,-0.532286,-0.0291638,-0.00638628,576,26309,26885,36.9077
5818,5819.png,5,-0.5244,4.97084,-0.532286,-0.0291638,-0.00788629,576,26309,26885,30.9396
5819,5820.png,5,-0.49045,4.96857,-0.501933,-0.0314293,-0.0114834,576,26309,26885,37.6138
5820,5821.png,5,-0.4922,4.96857,-0.501933,-0.0314293,-0.00973341,576,26309,26885,35.5078
5821,5822.png,5,-0.41945,4.95951,-0.418201,-0.0404911,0.00124887,576,26309,26885,36.9653
5822,5823.png,5,-0.4232,4.95951,-0.418201,-0.0404911,0.00499886,576,26309,26885,29.0825
5823,5824.png,5,-0.3553,4.97537,-0.288416,-0.0246329,0.0668839,576,26309,26885,23.5632
5824,5825.png,5,-0.3588,4.97537,-0.288416,-0.0246329,0.0703839,576,26309,26885,23.5974
5825,5826.png,5,-0.3006,4.96177,-0.22143,-0.0382257,0.0791697,576,26309,26885,36.0493
5826,5827.png,5,-0.3036,4.96177,-0.22143,-0.0382257,0.0821697,576,26309,26885,35.2115
5827,5828.png,5,-0.26965,4.97537,-0.175378,-0.0246329,0.0942725,576,26309,26885,24.0061
5828,5829.png,5,-0.2714,4.97537,-0.175378,-0.0246329,0.0960225,576,26309,26885,35.6263
5829,5830.png,5,-0.24715,4.96177,-0.169098,-0.0382257,0.0780524,576,26309,26885,28.6451
5830,5831.png,5,-0.2484,4.96177,-0.169098,-0.0382257,0.0793024,576,26309,26885,35.7749
5831,5832.png,5,-0.23385,4.96404,-0.172238,-0.0359602,0.0616124,576,26309,26885,35.5255
5832,5833.png,5,-0.2346,4.96404,-0.172238,-0.0359602,0.0623623,576,26309,26885,23.9803
5833,5834.png,5,-0.22005,4.96631,-0.171191,-0.0336947,0.0488591,576,26309,26885,37.5908
5834,5835.png,5,-0.2208,4.96631,-0.171191,-0.0336947,0.0496091,576,26309,26885,35.6382
5835,5836.png,5,-0.2111,4.97537,-0.159678,-0.0246329,0.0514222,576,26309,26885,34.5727
5836,5837.png,5,-0.2116,4.97537,-0.159678,-0.0246329,0.0519222,576,26309,26885,35.5338
5837,5838.png,5,-0.20675,4.97084,-0.157585,-0.0291638,0.0491655,576,26309,26885,37.6142
5838,5839.png,5,-0.207,4.97084,-0.157585,-0.0291638,0.0494155,576,26309,26885,34.9261
5839,5840.png,5,-0.20215,4.97084,-0.150258,-0.0291638,0.051892,576,26309,26885,29.5686
5840,5841.png,5,-0.2024,4.97084,-0.150258,-0.0291638,0.052142,576,26309,26885,35.959
5841,5842.png,5,-0.19755,4.97537,-0.143978,-0.0246329,0.0535719,576,26309,26885,34.5314
5842,5843.png,5,-0.1978,4.97537,-0.143978,-0.0246329,0.0538219,576,26309,26885,36.7064
5843,5844.png,5,-0.1881,4.98443,-0.146071,-0.0155711,0.0420286,576,26309,26885,29.241
5844,5845.png,5,-0.1886,4.98443,-0.146071,-0.0155711,0.0425286,576,26309,26885,37.3787
5845,5846.png,5,-0.1886,4.98669,-0.143978,-0.0133052,0.0446219,576,26309,26885,29.4037
5846,5847.png,5,-0.1886,4.98669,-0.143978,-0.0133052,0.0446219,576,26309,26885,43.1863
5847,5848.png,5,-0.18375,4.99123,-0.134558,-0.00877428,0.0491919,576,26309,26885,36.3924
5848,5849.png,5,-0.184,4.99123,-0.134558,-0.00877428,0.0494419,576,26309,26885,35.8622
5849,5850.png,5,-0.17915,4.98216,-0.136651,-0.0178361,0.0424986,576,26309,26885,29.473
5850,5851.png,5,-0.1794,4.98216,-0.136651,-0.0178361,0.0427486,576,26309,26885,34.5142
5851,5852.png,5,-0.1794,4.98669,-0.139791,-0.0133052,0.0396085,576,26309,26885,35.9572
5852,5853.png,5,-0.1794,4.98669,-0.139791,-0.0133052,0.0396085,576,26309,26885,24.3716
5853,5854.png,5,-0.17455,4.98443,-0.137698,-0.0155711,0.0368518,576,26309,26885,35.0515
5854,5855.png,5,-0.1748,4.98443,-0.137698,-0.0155711,0.0371018,576,26309,26885,33.3737
5855,5856.png,5,-0.16995,4.99349,-0.137698,-0.00650883,0.0322518,576,26309,26885,35.1807
5856,5857.png,5,-0.1702,4.99349,-0.137698,-0.00650883,0.0325018,576,26309,26885,35.4023
5857,5858.png,5,-0.1702,4.99349,-0.134558,-0.00650883,0.0356419,576,26309,26885,35.6427
5858,5859.png,5,-0.1702,4.99349,-0.134558,-0.00650883,0.0356419,576,26309,26885,34.2961
5859,5860.png,5,-0.1702,4.99349,-0.126185,-0.00650883,0.0440151,576,26309,26885,35.4309
5860,5861.png,5,-0.1702,4.99349,-0.126185,-0.00650883,0.0440151,576,26309,26885,32.5728
5861,5862.png,5,-0.16535,4.98896,-0.134558,-0.0110397,0.0307919,576,26309,26885,35.4678
5862,5863.png,5,-0.1656,4.98896,-0.134558,-0.0110397,0.0310419,576,26309,26885,35.438
5863,5864.png,5,-0.1656,4.99349,-0.130372,-0.00650883,0.0352285,576,26309,26885,35.5338
5864,5865.png,5,-0.1656,4.99349,-0.130372,-0.00650883,0.0352285,576,26309,26885,35.3434
5865,5866.png,5,-0.16075,4.98896,-0.129325,-0.0110397,0.031425,576,26309,26885,35.7958
5866,5867.png,5,-0.161,4.98896,-0.129325,-0.0110397,0.031675,576,26309,26885,35.5054
5867,5868.png,5,-0.161,4.99349,-0.131418,-0.00650883,0.0295817,576,26309,26885,31.9523
5868,5869.png,5,-0.161,4.99349,-0.131418,-0.00650883,0.0295817,576,26309,26885,35.2498
5869,5870.png,5,-0.161,4.99576,-0.128278,-0.00424337,0.0327218,576,26309,26885,35.3498
5870,5871.png,5,-0.161,4.99576,-0.128278,-0.00424337,0.0327218,576,26309,26885,35.5743
5871,5872.png,5,-0.15615,4.99576,-0.128278,-0.00424337,0.0278718,576,26309,26885,35.3307
5872,5873.png,5,-0.1564,4.99576,-0.128278,-0.00424337,0.0281218,576,26309,26885,35.78
5873,5874.png,5,-0.1564,4.98443,-0.130372,-0.0155711,0.0260285,576,26309,26885,28.5169
5874,5875.png,5,-0.1564,4.98443,-0.130372,-0.0155711,0.0260285,576,26309,26885,37.1964
5875,5876.png,5,-0.15155,4.98896,-0.125138,-0.0110397,0.0264117,576,26309,26885,33.992
5876,5877.png,5,-0.1518,4.98896,-0.125138,-0.0110397,0.0266617,576,26309,26885,28.7215
5877,5878.png,5,-0.1518,4.9799,-0.127232,-0.020102,0.0245684,576,26309,26885,35.7411
5878,5879.png,5,-0.1518,4.9799,-0.127232,-0.020102,0.0245684,576,26309,26885,34.9704
5879,5880.png,5,-0.1518,4.99349,-0.124092,-0.00650883,0.0277084,576,26309,26885,34.9171
5880,5881.png,5,-0.1518,4.99349,-0.124092,-0.00650883,0.0277084,576,26309,26885,24.1848
5881,5882.png,5,-0.1518,4.98443,-0.125138,-0.0155711,0.0266617,576,26309,26885,34.1368
5882,5883.png,5,-0.1518,4.98443,-0.125138,-0.0155711,0.0266617,576,26309,26885,32.7214
5883,5884.png,5,-0.14695,4.98896,-0.125138,-0.0110397,0.0218117,576,26309,26885,43.1065
5884,5885.png,5,-0.1472,4.98896,-0.125138,-0.0110397,0.0220617,576,26309,26885,37.5728
5885,5886.png,5,-0.1472,4.98896,-0.127232,-0.0110397,0.0199684,576,26309,26885,23.6694
5886,5887.png,5,-0.1472,4.98896,-0.127232,-0.0110397,0.0199684,576,26309,26885,44.2455
5887,5888.png,5,-0.1472,4.99576,-0.117812,-0.00424337,0.0293883,576,26309,26885,38.2253
5888,5889.png,5,-0.1472,4.99576,-0.117812,-0.00424337,0.0293883,576,26309,26885,37.1553
5889,5890.png,5,-0.14235,4.98216,-0.115718,-0.0178361,0.0266316,576,26309,26885,29.4067
5890,5891.png,5,-0.1426,4.98216,-0.115718,-0.0178361,0.0268816,576,26309,26885,36.7533
5891,5892.png,5,-0.1426,5.00029,-0.114672,0.000287533,0.0279282,576,26309,26885,28.7326
5892,5893.png,5,-0.1426,5.00029,-0.114672,0.000287533,0.0279282,576,26309,26885,36.863
5893,5894.png,5,-0.1426,5.00029,-0.114672,0.000287533,0.0279282,576,26309,26885,40.3469
5894,5895.png,5,-0.1426,5.00029,-0.114672,0.000287533,0.0279282,576,26309,26885,33.8173
5895,5896.png,5,-0.13775,4.99576,-0.112578,-0.00424337,0.0251715,576,26309,26885,37.4053
5896,5897.png,5,-0.138,4.99576,-0.112578,-0.00424337,0.0254215,576,26309,26885,28.7442
5897,5898.png,5,-0.138,4.99123,-0.114672,-0.00877428,0.0233282,576,26309,26885,35.9961
5898,5899.png,5,-0.138,4.99123,-0.114672,-0.00877428,0.0233282,576,26309,26885,28.9579
5899,5900.png,5,-0.138,4.99123,-0.109438,-0.00877428,0.0285616,576,26309,26885,34.8034
5900,5901.png,5,-0.138,4.99123,-0.109438,-0.00877428,0.0285616,576,26309,26885,32.9367
5901,5902.png,5,-0.13315,4.99576,-0.112578,-0.00424337,0.0205715,576,26309,26885,43.212
5902,5903.png,5,-0.1334,4.99576,-0.112578,-0.00424337,0.0208215,576,26309,26885,35.7984
5903,5904.png,5,-0.1334,4.99349,-0.109438,-0.00650883,0.0239616,576,26309,26885,44.6235
5904,5905.png,5,-0.1334,4.99349,-0.109438,-0.00650883,0.0239616,576,26309,26885,34.2074
5905,5906.png,5,-0.1334,4.98443,-0.111532,-0.0155711,0.0218682,576,26309,26885,33.6956
5906,5907.png,5,-0.1334,4.98443,-0.111532,-0.0155711,0.0218682,576,26309,26885,29.4756
5907,5908.png,5,-0.1334,4.98443,-0.111532,-0.0155711,0.0218682,576,26309,26885,23.6967
5908,5909.png,5,-0.1334,4.98443,-0.111532,-0.0155711,0.0218682,576,26309,26885,26.6703
5909,5910.png,5,-0.12855,5.00255,-0.108392,0.00255299,0.0201581,576,26309,26885,45.1905
5910,5911.png,5,-0.1288,5.00255,-0.108392,0.00255299,0.0204081,576,26309,26885,29.2763
5911,5912.png,5,-0.1288,5.00255,-0.108392,0.00255299,0.0204081,576,26309,26885,40.8796
5912,5913.png,5,-0.1288,5.00255,-0.108392,0.00255299,0.0204081,576,26309,26885,41.4738
5913,5914.png,5,-0.1288,5.00255,-0.108392,0.00255299,0.0204081,576,26309,26885,38.8241
5914,5915.png,5,-0.1288,5.00255,-0.108392,0.00255299,0.0204081,576,26309,26885,36.5273
5915,5916.png,5,-0.12395,4.98216,-0.108392,-0.0178361,0.0155581,576,26309,26885,38.1008
5916,5917.png,5,-0.1242,4.98216,-0.108392,-0.0178361,0.0158081,576,26309,26885,42.7542
5917,5918.png,5,-0.1242,5.00029,-0.107345,0.000287533,0.0168549,576,26309,26885,41.015
5918,5919.png,5,-0.1242,5.00029,-0.107345,0.000287533,0.0168549,576,26309,26885,43.5548
5919,5920.png,5,-0.1242,4.99349,-0.105252,-0.00650883,0.0189482,576,26309,26885,38.0594
5920,5921.png,5,-0.1242,4.99349,-0.105252,-0.00650883,0.0189482,576,26309,26885,33.2678
5921,5922.png,5,-0.11935,4.98443,-0.104205,-0.0155711,0.0151447,576,26309,26885,35.6171
5922,5923.png,5,-0.1196,4.98443,-0.104205,-0.0155711,0.0153947,576,26309,26885,38.0111
5923,5924.png,5,-0.1196,4.99349,-0.0968786,-0.00650883,0.0227214,576,26309,26885,38.4298
5924,5925.png,5,-0.1196,4.99349,-0.0968786,-0.00650883,0.0227214,576,26309,26885,23.6565
5925,5926.png,5,-0.1196,4.99349,-0.0968786,-0.00650883,0.0227214,576,26309,26885,37.0908
5926,5927.png,5,-0.1196,4.99349,-0.0968786,-0.00650883,0.0227214,576,26309,26885,34.7719
5927,5928.png,5,-0.11475,4.99576,-0.0979254,-0.00424337,0.0168246,576,26309,26885,29.3998
5928,5929.png,5,-0.115,4.99576,-0.0979254,-0.00424337,0.0170747,576,26309,26885,31.3576
5929,5930.png,5,-0.115,4.99576,-0.092692,-0.00424337,0.022308,576,26309,26885,34.4436
5930,5931.png,5,-0.115,4.99576,-0.092692,-0.00424337,0.022308,576,26309,26885,24.5816
5931,5932.png,5,-0.125,4.98896,-0.0947853,-0.0110397,0.0302147,576,26309,26885,23.7362
5932,5933.png,5,-0.125,4.98896,-0.0947853,-0.0110397,0.0302147,576,26309,26885,23.7649
5933,5934.png,5,-0.1197,4.99123,-0.100019,-0.00877428,0.0196813,576,26309,26885,37.8921
5934,5935.png,5,-0.12,4.99123,-0.100019,-0.00877428,0.0199813,576,26309,26885,48.7843
5935,5936.png,5,-0.12,4.99123,-0.0947853,-0.00877428,0.0252147,576,26309,26885,24.9472
5936,5937.png,5,-0.12,4.99123,-0.0947853,-0.00877428,0.0252147,576,26309,26885,32.1348
5937,5938.png,5,-0.12,4.99576,-0.095832,-0.00424337,0.024168,576,26309,26885,35.4559
5938,5939.png,5,-0.12,4.99576,-0.095832,-0.00424337,0.024168,576,26309,26885,26.966
5939,5940.png,5,-0.1147,4.99802,-0.0853655,-0.00197792,0.0293345,576,26309,26885,35.4794
5940,5941.png,5,-0.115,4.99802,-0.0853655,-0.00197792,0.0296345,576,26309,26885,35.7339
5941,5942.png,5,-0.115,4.99802,-0.0885054,-0.00197792,0.0264946,576,26309,26885,35.5386
5942,5943.png,5,-0.115,4.99802,-0.0885054,-0.00197792,0.0264946,576,26309,26885,34.9876
5943,5944.png,5,-0.1097,4.99576,-0.0874588,-0.00424337,0.0222412,576,26309,26885,35.7387
5944,5945.png,5,-0.11,4.99576,-0.0874588,-0.00424337,0.0225412,576,26309,26885,35.6944
5945,5946.png,5,-0.11,5.00029,-0.0843188,0.000287533,0.0256812,576,26309,26885,35.6705
5946,5947.png,5,-0.11,5.00029,-0.0843188,0.000287533,0.0256812,576,26309,26885,36.0253
5947,5948.png,5,-0.1047,4.99349,-0.0780388,-0.00650883,0.0266612,576,26309,26885,35.6182
5948,5949.png,5,-0.105,4.99349,-0.0780388,-0.00650883,0.0269612,576,26309,26885,35.6995
5949,5950.png,5,-0.105,4.99349,-0.0769923,-0.00650883,0.0280077,576,26309,26885,28.9705
5950,5951.png,5,-0.105,4.99349,-0.0769923,-0.00650883,0.0280077,576,26309,26885,38.6975
5951,5952.png,5,-0.0997,4.99802,-0.0780388,-0.00197792,0.0216612,576,26309,26885,24.1208
5952,5953.png,5,-0.1,4.99802,-0.0780388,-0.00197792,0.0219612,576,26309,26885,35.5192
5953,5954.png,5,-0.1,4.99349,-0.0769923,-0.00650883,0.0230077,576,26309,26885,35.2713
5954,5955.png,5,-0.1,4.99349,-0.0769923,-0.00650883,0.0230077,576,26309,26885,35.9961
5955,5956.png,5,-0.0947,4.99802,-0.0686191,-0.00197792,0.026081,576,26309,26885,28.9427
5956,5957.png,5,-0.095,4.99802,-0.0686191,-0.00197792,0.0263809,576,26309,26885,35.6537
5957,5958.png,5,-0.095,4.99123,-0.065479,-0.00877428,0.029521,576,26309,26885,33.7394
5958,5959.png,5,-0.095,4.99123,-0.065479,-0.00877428,0.029521,576,26309,26885,36.4837
5959,5960.png,5,-0.0897,5.01161,-0.0623391,0.0116148,0.0273609,576,26309,26885,35.7162
5960,5961.png,5,-0.09,5.01161,-0.0623391,0.0116148,0.0276609,576,26309,26885,35.6248
5961,5962.png,5,-0.09,5.00708,-0.0696656,0.00708389,0.0203344,576,26309,26885,35.3822
5962,5963.png,5,-0.09,5.00708,-0.0696656,0.00708389,0.0203344,576,26309,26885,34.1343
5963,5964.png,5,-0.0847,4.99576,-0.0633857,-0.00424337,0.0213143,576,26309,26885,24.0698
5964,5965.png,5,-0.085,4.99576,-0.0633857,-0.00424337,0.0216143,576,26309,26885,34.5665
5965,5966.png,5,-0.085,5.01161,-0.0529192,0.0116148,0.0320808,576,26309,26885,34.9533
5966,5967.png,5,-0.085,5.01161,-0.0529192,0.0116148,0.0320808,576,26309,26885,35.5017
5967,5968.png,5,-0.0797,5.00029,-0.0508258,0.000287533,0.0288742,576,26309,26885,29.5868
5968,5969.png,5,-0.08,5.00029,-0.0508258,0.000287533,0.0291742,576,26309,26885,29.0057
5969,5970.png,5,-0.0747,5.00029,-0.047686,0.000287533,0.027014,576,26309,26885,35.9652
5970,5971.png,5,-0.075,5.00029,-0.047686,0.000287533,0.027314,576,26309,26885,29.157
5971,5972.png,5,-0.075,4.99576,-0.0508258,-0.00424337,0.0241742,576,26309,26885,35.5053
5972,5973.png,5,-0.075,4.99576,-0.0508258,-0.00424337,0.0241742,576,26309,26885,29.1845
5973,5974.png,5,-0.0697,5.00029,-0.0466392,0.000287533,0.0230608,576,26309,26885,35.3708
5974,5975.png,5,-0.07,5.00029,-0.0466392,0.000287533,0.0233608,576,26309,26885,38.3443
5975,5976.png,5,-0.0647,5.01841,-0.0414061,0.0184116,0.0232939,576,26309,26885,28.7015
5976,5977.png,5,-0.065,5.01841,-0.0414061,0.0184116,0.0235939,576,26309,26885,35.6983
5977,5978.png,5,-0.065,5.01388,-0.0403593,0.0138807,0.0246407,576,26309,26885,35.6485
5978,5979.png,5,-0.065,5.01388,-0.0403593,0.0138807,0.0246407,576,26309,26885,25.441
5979,5980.png,5,-0.0597,5.00029,-0.0403593,0.000287533,0.0193407,576,26309,26885,35.5379
5980,5981.png,5,-0.06,5.00029,-0.0403593,0.000287533,0.0196407,576,26309,26885,35.1126
5981,5982.png,5,-0.0547,5.00482,-0.0372194,0.00481844,0.0174806,576,26309,26885,35.688
5982,5983.png,5,-0.055,5.00482,-0.0372194,0.00481844,0.0177806,576,26309,26885,35.0723
5983,5984.png,5,-0.055,5.00708,-0.0330328,0.00708389,0.0219672,576,26309,26885,35.6438
5984,5985.png,5,-0.055,5.00708,-0.0330328,0.00708389,0.0219672,576,26309,26885,35.5009
5985,5986.png,5,-0.0497,5.00255,-0.038266,0.00255299,0.011434,576,26309,26885,35.6718
5986,5987.png,5,-0.05,5.00255,-0.038266,0.00255299,0.011734,576,26309,26885,32.5236
5987,5988.png,5,-0.0447,5.00255,-0.0288462,0.00255299,0.0158538,576,26309,26885,35.9163
5988,5989.png,5,-0.045,5.00255,-0.0288462,0.00255299,0.0161538,576,26309,26885,35.404
5989,5990.png,5,-0.045,5.00255,-0.0288462,0.00255299,0.0161538,576,26309,26885,35.1055
5990,5991.png,5,-0.045,5.00255,-0.0288462,0.00255299,0.0161538,576,26309,26885,35.6804
5991,5992.png,5,-0.0397,5.00255,-0.0257062,0.00255299,0.0139938,576,26309,26885,23.7677
5992,5993.png,5,-0.04,5.00255,-0.0257062,0.00255299,0.0142938,576,26309,26885,40.8376
5993,5994.png,5,-0.0347,5.00482,-0.020473,0.00481844,0.014227,576,26309,26885,35.8353
5994,5995.png,5,-0.035,5.00482,-0.020473,0.00481844,0.014527,576,26309,26885,29.3517
5995,5996.png,5,-0.035,5.00029,-0.0194262,0.000287533,0.0155738,576,26309,26885,36.0535
5996,5997.png,5,-0.035,5.00029,-0.0194262,0.000287533,0.0155738,576,26309,26885,35.297
5997,5998.png,5,-0.0297,5.00255,-0.0173329,0.00255299,0.0123671,576,26309,26885,35.5533
5998,5999.png,5,-0.03,5.00255,-0.0173329,0.00255299,0.0126671,576,26309,26885,35.7955
5999,6000.png,5,-0.0247,4.99802,-0.0120998,-0.00197792,0.0126002,576,26309,26885,28.7435
6000,6001.png,5,-0.025,4.99802,-0.0120998,-0.00197792,0.0129002,576,26309,26885,29.3185
6001,6002.png,5,-0.025,4.99576,-0.0120998,-0.00424337,0.0129002,576,26309,26885,35.3581
6002,6003.png,5,-0.025,4.99576,-0.0120998,-0.00424337,0.0129002,576,26309,26885,35.4491
6003,6004.png,5,-0.0197,4.99349,-0.00267979,-0.00650883,0.0170202,576,26309,26885,37.5816
6004,6005.png,5,-0.02,4.99349,-0.00267979,-0.00650883,0.0173202,576,26309,26885,29.6475
6005,6006.png,5,-0.0147,5.00029,-0.0068664,0.000287533,0.0078336,576,26309,26885,35.169
6006,6007.png,5,-0.015,5.00029,-0.0068664,0.000287533,0.0081336,576,26309,26885,34.3621
6007,6008.png,5,-0.015,4.98896,-0.0068664,-0.0110397,0.0081336,576,26309,26885,29.6487
6008,6009.png,5,-0.015,4.98896,-0.0068664,-0.0110397,0.0081336,576,26309,26885,35.3756
6009,6010.png,5,-0.0097,4.99576,0.00464688,-0.00424337,0.0143469,576,26309,26885,35.5408
6010,6011.png,5,-0.01,4.99576,0.00464688,-0.00424337,0.0146469,576,26309,26885,29.3809
6011,6012.png,5,-0.01,4.99802,0.00150702,-0.00197792,0.011507,576,26309,26885,35.6925
6012,6013.png,5,-0.01,4.99802,0.00150702,-0.00197792,0.011507,576,26309,26885,35.3837
6013,6014.png,5,-0.0047,5.00029,0.00674,0.000287533,0.01144,576,26309,26885,35.1794
6014,6015.png,5,-0.005,5.00029,0.00674,0.000287533,0.01174,576,26309,26885,35.7544
6015,6016.png,5,-0.005,5.00935,0.0109266,0.00934982,0.0159266,576,26309,26885,28.578
6016,6017.png,5,-0.005,5.00935,0.0109266,0.00934982,0.0159266,576,26309,26885,28.8796
6017,6018.png,5,0.0003,5.00029,0.00674,0.000287533,0.00644,576,26309,26885,35.4875
6018,6019.png,5,-0,5.00029,0.00674,0.000287533,0.00674,576,26309,26885,24.1161
6019,6020.png,5,0.0053,4.99349,0.0172067,-0.00650883,0.0119067,576,26309,26885,23.5876
6020,6021.png,5,0.005,4.99349,0.0172067,-0.00650883,0.0122067,576,26309,26885,26.3244
6021,6022.png,5,0.005,4.99349,0.0172067,-0.00650883,0.0122067,576,26309,26885,35.2197
6022,6023.png,5,0.005,4.99349,0.0172067,-0.00650883,0.0122067,576,26309,26885,35.5116
6023,6024.png,5,0.005,5.00482,0.0203466,0.00481844,0.0153466,576,26309,26885,35.2105
6024,6025.png,5,0.005,5.00482,0.0203466,0.00481844,0.0153466,576,26309,26885,35.7418
6025,6026.png,5,0.0103,5.00935,0.01616,0.00934982,0.00585998,576,26309,26885,29.2575
6026,6027.png,5,0.01,5.00935,0.01616,0.00934982,0.00615998,576,26309,26885,35.4545
6027,6028.png,5,0.01,5.00255,0.0213933,0.00255299,0.0113933,576,26309,26885,30.5995
6028,6029.png,5,0.01,5.00255,0.0213933,0.00255299,0.0113933,576,26309,26885,35.586
6029,6030.png,5,0.0153,4.99349,0.0234865,-0.00650883,0.00818646,576,26309,26885,35.4461
6030,6031.png,5,0.015,4.99349,0.0234865,-0.00650883,0.00848646,576,26309,26885,35.5956
6031,6032.png,5,0.015,4.99123,0.0182535,-0.00877428,0.00325347,576,26309,26885,34.6902
6032,6033.png,5,0.015,4.99123,0.0182535,-0.00877428,0.00325347,576,26309,26885,35.3297
6033,6034.png,5,0.015,5.00482,0.0245332,0.00481844,0.00953321,576,26309,26885,28.8432
6034,6035.png,5,0.015,5.00482,0.0245332,0.00481844,0.00953321,576,26309,26885,29.7489
6035,6036.png,5,0.0203,4.99123,0.0224401,-0.00877428,0.00214009,576,26309,26885,35.6613
6036,6037.png,5,0.02,4.99123,0.0224401,-0.00877428,0.00244009,576,26309,26885,35.6798
6037,6038.png,5,0.02,4.99802,0.0276731,-0.00197792,0.00767307,576,26309,26885,35.6613
6038,6039.png,5,0.02,4.99802,0.0276731,-0.00197792,0.00767307,576,26309,26885,35.5936
6039,6040.png,5,0.02,4.99576,0.0266267,-0.00424337,0.0066267,576,26309,26885,35.0251
6040,6041.png,5,0.02,4.99576,0.0266267,-0.00424337,0.0066267,576,26309,26885,35.8871
6041,6042.png,5,0.02,4.99349,0.0245332,-0.00650883,0.00453321,576,26309,26885,35.9049
6042,6043.png,5,0.02,4.99349,0.0245332,-0.00650883,0.00453321,576,26309,26885,35.5449
6043,6044.png,5,0.0253,5.00029,0.0318597,0.000287533,0.00655969,576,26309,26885,33.9078
6044,6045.png,5,0.025,5.00029,0.0318597,0.000287533,0.00685969,576,26309,26885,35.6277
6045,6046.png,5,0.025,5.00029,0.0318597,0.000287533,0.00685969,576,26309,26885,23.5754
6046,6047.png,5,0.025,5.00029,0.0318597,0.000287533,0.00685969,576,26309,26885,37.9609
6047,6048.png,5,0.025,5.00029,0.0318597,0.000287533,0.00685969,576,26309,26885,27.4355
6048,6049.png,5,0.025,5.00029,0.0339532,0.000287533,0.00895318,576,26309,26885,37.0172
6049,6050.png,5,0.025,5.00029,0.0339532,0.000287533,0.00895318,576,26309,26885,35.6763
6050,6051.png,5,0.025,5.00482,0.0360463,0.00481844,0.0110463,576,26309,26885,35.3673
6051,6052.png,5,0.025,5.00482,0.0360463,0.00481844,0.0110463,576,26309,26885,35.533
6052,6053.png,5,0.025,5.00482,0.0360463,0.00481844,0.0110463,576,26309,26885,35.4493
6053,6054.png,5,0.025,5.00482,0.0360463,0.00481844,0.0110463,576,26309,26885,35.3728
6054,6055.png,5,0.025,4.99802,0.0308129,-0.00197792,0.00581294,576,26309,26885,35.3278
6055,6056.png,5,0.025,4.99802,0.0308129,-0.00197792,0.00581294,576,26309,26885,35.0505
6056,6057.png,13,0.01645,5.00708,0.0339532,-7.99292,0.0175032,576,26309,26885,35.391
6057,6058.png,13,0.0162,5.00708,0.0339532,-7.99292,0.0177532,576,26309,26885,30.4649
6058,6059.png,13,0.0162,5.00708,0.0339532,-7.99292,0.0177532,576,26309,26885,35.6877
6059,6060.png,13,0.0162,4.99576,0.0381398,-8.00424,0.0219398,576,26309,26885,39.9758
6060,6061.png,13,0.0162,4.99576,0.0381398,-8.00424,0.0219398,576,26309,26885,34.5369
6061,6062.png,13,0.0162,4.99576,0.0381398,-8.00424,0.0219398,576,26309,26885,29.5697
6062,6063.png,13,0.01915,5.00708,0.037093,-7.99292,0.017943,576,26309,26885,35.7571
6063,6064.png,13,0.0189,5.00708,0.037093,-7.99292,0.018193,576,26309,26885,35.3373
6064,6065.png,13,0.0189,5.00708,0.037093,-7.99292,0.018193,576,26309,26885,35.6227
6065,6066.png,13,0.0248,4.98896,0.0360463,-8.01104,0.0112463,576,26309,26885,28.4467
6066,6067.png,13,0.0243,4.98896,0.0360463,-8.01104,0.0117463,576,26309,26885,35.5941
6067,6068.png,13,0.0302,4.99576,0.0527928,-8.00424,0.0225928,576,26309,26885,29.9377
6068,6069.png,13,0.0297,4.99576,0.0527928,-8.00424,0.0230928,576,26309,26885,35.8129
6069,6070.png,13,0.0356,4.99349,0.051746,-8.00651,0.016146,576,26309,26885,35.6176
6070,6071.png,13,0.0351,4.99349,0.051746,-8.00651,0.016646,576,26309,26885,29.5093
6071,6072.png,13,0.03805,4.99576,0.0548863,-8.00424,0.0168363,576,26309,26885,43.5373
6072,6073.png,13,0.0378,4.99576,0.0548863,-8.00424,0.0170863,576,26309,26885,35.4064
6073,6074.png,5,0.0753,4.99349,0.0548863,-0.00650883,-0.0204137,576,26309,26885,32.175
6074,6075.png,5,0.075,4.99349,0.0548863,-0.00650883,-0.0201138,576,26309,26885,35.6769
6075,6076.png,5,0.075,4.99349,0.0548863,-0.00650883,-0.0201138,576,26309,26885,23.7418
6076,6077.png,5,0.0803,4.99802,0.061166,-0.00197792,-0.019134,576,26309,26885,35.6969
6077,6078.png,5,0.08,4.99802,0.061166,-0.00197792,-0.018834,576,26309,26885,28.9192
6078,6079.png,5,0.08,5.00029,0.0653526,0.000287533,-0.0146474,576,26309,26885,35.5251
6079,6080.png,5,0.08,5.00029,0.0653526,0.000287533,-0.0146474,576,26309,26885,35.6377
6080,6081.png,5,0.08,5.01388,0.061166,0.0138807,-0.018834,576,26309,26885,35.7013
6081,6082.png,5,0.08,5.01388,0.061166,0.0138807,-0.018834,576,26309,26885,35.7983
6082,6083.png,5,0.08,5.01388,0.061166,0.0138807,-0.018834,576,26309,26885,35.7416
6083,6084.png,5,0.08,4.99802,0.061166,-0.00197792,-0.018834,576,26309,26885,34.7364
6084,6085.png,5,0.0747,4.99802,0.0569794,-0.00197792,-0.0177206,576,26309,26885,35.451
6085,6086.png,5,0.075,4.99802,0.0569794,-0.00197792,-0.0180206,576,26309,26885,23.637
6086,6087.png,5,0.075,4.99802,0.0569794,-0.00197792,-0.0180206,576,26309,26885,35.5163
6087,6088.png,5,0.075,5.00029,0.0580261,0.000287533,-0.0169739,576,26309,26885,35.1166
6088,6089.png,5,0.075,5.00029,0.0580261,0.000287533,-0.0169739,576,26309,26885,35.7996
6089,6090.png,5,0.075,5.00482,0.0548863,0.00481844,-0.0201138,576,26309,26885,35.5836
6090,6091.png,5,0.075,5.00482,0.0548863,0.00481844,-0.0201138,576,26309,26885,35.3795
6091,6092.png,5,0.075,5.00482,0.0548863,0.00481844,-0.0201138,576,26309,26885,34.7528
6092,6093.png,5,0.075,5.00482,0.0548863,0.00481844,-0.0201138,576,26309,26885,35.726
6093,6094.png,5,0.0697,5.00029,0.0569794,0.000287533,-0.0127206,576,26309,26885,29.4911
6094,6095.png,5,0.07,5.00029,0.0569794,0.000287533,-0.0130206,576,26309,26885,35.2497
6095,6096.png,5,0.07,5.00029,0.0569794,0.000287533,-0.0130206,576,26309,26885,34.9838
6096,6097.png,5,0.07,5.00029,0.0538395,0.000287533,-0.0161605,576,26309,26885,28.7084
6097,6098.png,5,0.07,4.99576,0.0548863,-0.00424337,-0.0151137,576,26309,26885,35.7924
6098,6099.png,5,0.07,4.99576,0.0548863,-0.00424337,-0.0151137,576,26309,26885,35.5362
6099,6100.png,5,0.07,4.99576,0.0548863,-0.00424337,-0.0151137,576,26309,26885,34.7128
6100,6101.png,5,0.07,4.99576,0.0548863,-0.00424337,-0.0151137,576,26309,26885,35.5274
6101,6102.png,5,0.07,4.99576,0.0548863,-0.00424337,-0.0151137,576,26309,26885,35.7574
6102,6103.png,5,0.0647,4.99576,0.0548863,-0.00424337,-0.00981375,576,26309,26885,35.4576
6103,6104.png,5,0.065,4.99576,0.0548863,-0.00424337,-0.0101137,576,26309,26885,23.6039
6104,6105.png,5,0.065,4.99576,0.0548863,-0.00424337,-0.0101137,576,26309,26885,35.7646
6105,6106.png,5,0.065,5.00029,0.0506996,0.000287533,-0.0143004,576,26309,26885,29.2025
6106,6107.png,5,0.065,5.00029,0.0506996,0.000287533,-0.0143004,576,26309,26885,35.1257
6107,6108.png,5,0.065,4.99576,0.0475594,-0.00424337,-0.0174406,576,26309,26885,33.2365
6108,6109.png,5,0.065,4.99576,0.0475594,-0.00424337,-0.0174406,576,26309,26885,29.5079
6109,6110.png,5,0.065,4.99576,0.0475594,-0.00424337,-0.0174406,576,26309,26885,35.8408
6110,6111.png,5,0.065,5.00708,0.0496529,0.00708389,-0.0153471,576,26309,26885,34.6251
6111,6112.png,5,0.065,5.00708,0.0496529,0.00708389,-0.0153471,576,26309,26885,25.8218
6112,6113.png,5,0.065,4.99576,0.0527928,-0.00424337,-0.0122072,576,26309,26885,28.5476
6113,6114.png,5,0.065,4.99576,0.0527928,-0.00424337,-0.0122072,576,26309,26885,35.3126
6114,6115.png,5,0.065,4.99576,0.0527928,-0.00424337,-0.0122072,576,26309,26885,34.7658
6115,6116.png,5,0.065,5.00029,0.0475594,0.000287533,-0.0174406,576,26309,26885,35.5993
6116,6117.png,5,0.065,5.00029,0.0475594,0.000287533,-0.0174406,576,26309,26885,28.4819
6117,6118.png,5,0.065,5.00029,0.0475594,0.000287533,-0.0174406,576,26309,26885,35.5007
6118,6119.png,5,0.065,5.00029,0.0475594,0.000287533,-0.0174406,576,26309,26885,35.4139
6119,6120.png,5,0.065,5.00029,0.0475594,0.000287533,-0.0174406,576,26309,26885,35.6767
6120,6121.png,5,0.065,5.00029,0.0475594,0.000287533,-0.0174406,576,26309,26885,35.5733
6121,6122.png,5,0.065,5.00029,0.0444195,0.000287533,-0.0205805,576,26309,26885,31.2694
6122,6123.png,5,0.065,5.00029,0.0444195,0.000287533,-0.0205805,576,26309,26885,35.523
6123,6124.png,5,0.065,5.00029,0.0444195,0.000287533,-0.0205805,576,26309,26885,29.3007
6124,6125.png,5,0.0597,5.00255,0.0496529,0.00255299,-0.0100471,576,26309,26885,35.7125
6125,6126.png,5,0.06,5.00255,0.0496529,0.00255299,-0.0103471,576,26309,26885,35.654
6126,6127.png,5,0.06,5.00255,0.0496529,0.00255299,-0.0103471,576,26309,26885,35.6182
6127,6128.png,5,0.06,4.99802,0.0496529,-0.00197792,-0.0103471,576,26309,26885,35.2534
6128,6129.png,5,0.06,4.99802,0.0496529,-0.00197792,-0.0103471,576,26309,26885,35.6161
6129,6130.png,5,0.06,5.00255,0.0496529,0.00255299,-0.0103471,576,26309,26885,35.8337
6130,6131.png,5,0.06,5.00255,0.0496529,0.00255299,-0.0103471,576,26309,26885,38.4561
6131,6132.png,5,0.06,5.00255,0.0496529,0.00255299,-0.0103471,576,26309,26885,23.6412
6132,6133.png,5,0.06,4.99576,0.0475594,-0.00424337,-0.0124406,576,26309,26885,43.9899
6133,6134.png,5,0.06,4.99576,0.0475594,-0.00424337,-0.0124406,576,26309,26885,36.0879
6134,6135.png,5,0.06,4.99576,0.0475594,-0.00424337,-0.0124406,576,26309,26885,28.6772
6135,6136.png,5,0.06,5.00255,0.0496529,0.00255299,-0.0103471,576,26309,26885,35.9027
6136,6137.png,5,0.06,5.00255,0.0496529,0.00255299,-0.0103471,576,26309,26885,37.4995
6137,6138.png,5,0.06,5.00255,0.0496529,0.00255299,-0.0103471,576,26309,26885,34.175
6138,6139.png,5,0.06,5.00255,0.0496529,0.00255299,-0.0103471,576,26309,26885,28.9065
6139,6140.png,5,0.06,5.00255,0.0496529,0.00255299,-0.0103471,576,26309,26885,30.8473
6140,6141.png,5,0.06,5.00255,0.0486061,0.00255299,-0.0113939,576,26309,26885,29.5547
6141,6142.png,5,0.06,5.00255,0.0486061,0.00255299,-0.0113939,576,26309,26885,38.1865
6142,6143.png,5,0.06,4.99802,0.0496529,-0.00197792,-0.0103471,576,26309,26885,35.6494
6143,6144.png,5,0.06,4.99802,0.0496529,-0.00197792,-0.0103471,576,26309,26885,28.9132
6144,6145.png,5,0.06,4.99802,0.0496529,-0.00197792,-0.0103471,576,26309,26885,35.9885
6145,6146.png,5,0.06,5.00708,0.0433728,0.00708389,-0.0166272,576,26309,26885,35.417
6146,6147.png,5,0.06,5.00708,0.0433728,0.00708389,-0.0166272,576,26309,26885,35.6523
6147,6148.png,5,0.06,5.00708,0.0433728,0.00708389,-0.0166272,576,26309,26885,29.6028
6148,6149.png,5,0.06,5.00255,0.0496529,0.00255299,-0.0103471,576,26309,26885,35.8373
6149,6150.png,5,0.06,5.00255,0.0496529,0.00255299,-0.0103471,576,26309,26885,35.2655
6150,6151.png,5,0.06,4.99802,0.0496529,-0.00197792,-0.0103471,576,26309,26885,35.6239
6151,6152.png,5,0.06,4.99802,0.0496529,-0.00197792,-0.0103471,576,26309,26885,29.4176
6152,6153.png,5,0.06,4.99802,0.0496529,-0.00197792,-0.0103471,576,26309,26885,28.8006
6153,6154.png,5,0.06,5.00255,0.0486061,0.00255299,-0.0113939,576,26309,26885,34.6741
6154,6155.png,5,0.06,5.00255,0.0486061,0.00255299,-0.0113939,576,26309,26885,35.6456
6155,6156.png,5,0.0547,4.99576,0.0475594,-0.00424337,-0.0071406,576,26309,26885,28.8406
6156,6157.png,5,0.055,4.99576,0.0475594,-0.00424337,-0.0074406,576,26309,26885,35.8423
6157,6158.png,5,0.055,5.00255,0.0486061,0.00255299,-0.00639386,576,26309,26885,28.8949
6158,6159.png,5,0.055,5.00255,0.0486061,0.00255299,-0.00639386,576,26309,26885,35.6263
6159,6160.png,5,0.055,5.00255,0.0496529,0.00255299,-0.00534711,576,26309,26885,23.692
6160,6161.png,5,0.055,5.00255,0.0496529,0.00255299,-0.00534711,576,26309,26885,24.8218
6161,6162.png,5,0.055,5.00255,0.0496529,0.00255299,-0.00534711,576,26309,26885,27.2484
6162,6163.png,5,0.055,4.99576,0.0475594,-0.00424337,-0.0074406,576,26309,26885,34.6487
6163,6164.png,5,0.055,4.99576,0.0475594,-0.00424337,-0.0074406,576,26309,26885,35.5474
6164,6165.png,5,0.055,4.99802,0.0444195,-0.00197792,-0.0105805,576,26309,26885,35.4069
6165,6166.png,5,0.055,4.99802,0.0444195,-0.00197792,-0.0105805,576,26309,26885,35.6663
6166,6167.png,5,0.055,4.99576,0.0486061,-0.00424337,-0.00639386,576,26309,26885,26.8007
6167,6168.png,5,0.055,4.99576,0.0486061,-0.00424337,-0.00639386,576,26309,26885,32.8861
6168,6169.png,5,0.055,4.98896,0.0433728,-0.0110397,-0.0116272,576,26309,26885,30.4749
6169,6170.png,5,0.055,4.98896,0.0433728,-0.0110397,-0.0116272,576,26309,26885,32.0469
6170,6171.png,5,0.055,4.98896,0.0433728,-0.0110397,-0.0116272,576,26309,26885,35.7415
6171,6172.png,5,0.055,4.99802,0.0444195,-0.00197792,-0.0105805,576,26309,26885,38.3799
6172,6173.png,5,0.055,4.99802,0.0444195,-0.00197792,-0.0105805,576,26309,26885,37.0812
6173,6174.png,5,0.055,5.00029,0.0486061,0.000287533,-0.00639386,576,26309,26885,35.3598
6174,6175.png,5,0.055,5.00029,0.0486061,0.000287533,-0.00639386,576,26309,26885,35.9596
6175,6176.png,5,0.055,5.00029,0.0486061,0.000287533,-0.00639386,576,26309,26885,35.204
6176,6177.png,5,0.055,4.99576,0.046513,-0.00424337,-0.00848697,576,26309,26885,40.4513
6177,6178.png,5,0.055,4.99576,0.046513,-0.00424337,-0.00848697,576,26309,26885,38.2758
6178,6179.png,5,0.055,4.99576,0.046513,-0.00424337,-0.00848697,576,26309,26885,39.7264
6179,6180.png,5,0.055,4.99576,0.0486061,-0.00424337,-0.00639386,576,26309,26885,24.456
6180,6181.png,5,0.055,4.99576,0.0486061,-0.00424337,-0.00639386,576,26309,26885,46.4481
6181,6182.png,5,0.055,4.99802,0.0496529,-0.00197792,-0.00534711,576,26309,26885,42.0808
6182,6183.png,5,0.055,4.99802,0.0496529,-0.00197792,-0.00534711,576,26309,26885,36.1029
6183,6184.png,5,0.055,5.00708,0.0433728,0.00708389,-0.0116272,576,26309,26885,27.9166
6184,6185.png,5,0.055,5.00708,0.0433728,0.00708389,-0.0116272,576,26309,26885,36.0677
6185,6186.png,5,0.055,5.00708,0.0433728,0.00708389,-0.0116272,576,26309,26885,36.8874
6186,6187.png,5,0.055,5.00255,0.0402329,0.00255299,-0.0147671,576,26309,26885,38.8868
6187,6188.png,5,0.055,5.00255,0.0402329,0.00255299,-0.0147671,576,26309,26885,25.1777
6188,6189.png,5,0.055,5.00255,0.0402329,0.00255299,-0.0147671,576,26309,26885,54.6478
6189,6190.png,5,0.055,4.99349,0.0433728,-0.00650883,-0.0116272,576,26309,26885,42.8098
6190,6191.png,5,0.055,4.99802,0.0496529,-0.00197792,-0.00534711,576,26309,26885,44.5552
6191,6192.png,5,0.055,4.99802,0.0496529,-0.00197792,-0.00534711,576,26309,26885,35.812
6192,6193.png,5,0.055,4.99576,0.0475594,-0.00424337,-0.0074406,576,26309,26885,29.3127
6193,6194.png,5,0.055,4.99576,0.0475594,-0.00424337,-0.0074406,576,26309,26885,38.9437
6194,6195.png,5,0.055,5.00029,0.0433728,0.000287533,-0.0116272,576,26309,26885,38.308
6195,6196.png,5,0.055,5.00029,0.0433728,0.000287533,-0.0116272,576,26309,26885,29.0582
6196,6197.png,5,0.055,5.00029,0.0433728,0.000287533,-0.0116272,576,26309,26885,28.8972
6197,6198.png,5,0.055,4.99349,0.0433728,-0.00650883,-0.0116272,576,26309,26885,29.4664
6198,6199.png,5,0.055,4.99349,0.0433728,-0.00650883,-0.0116272,576,26309,26885,37.6692
6199,6200.png,5,0.055,4.99802,0.0496529,-0.00197792,-0.00534711,576,26309,26885,29.0035
6200,6201.png,5,0.055,4.99802,0.0496529,-0.00197792,-0.00534711,576,26309,26885,35.841
6201,6202.png,5,0.055,4.99802,0.0496529,-0.00197792,-0.00534711,576,26309,26885,46.0361
6202,6203.png,5,0.055,5.00029,0.0423264,0.000287533,-0.0126736,576,26309,26885,35.2648
6203,6204.png,5,0.055,4.99349,0.0433728,-0.00650883,-0.0116272,576,26309,26885,28.9667
6204,6205.png,5,0.055,4.99349,0.0433728,-0.00650883,-0.0116272,576,26309,26885,34.1573
6205,6206.png,5,0.055,4.99349,0.0433728,-0.00650883,-0.0116272,576,26309,26885,23.7329
6206,6207.png,5,0.055,4.99349,0.0433728,-0.00650883,-0.0116272,576,26309,26885,41.2452
6207,6208.png,5,0.055,4.99349,0.0433728,-0.00650883,-0.0116272,576,26309,26885,34.6318
6208,6209.png,5,0.055,5.00029,0.0433728,0.000287533,-0.0116272,576,26309,26885,40.8923
6209,6210.png,5,0.055,4.99802,0.0496529,-0.00197792,-0.00534711,576,26309,26885,47.5624
6210,6211.png,5,0.055,4.99802,0.0496529,-0.00197792,-0.00534711,576,26309,26885,32.5376
6211,6212.png,5,0.055,5.00029,0.0433728,0.000287533,-0.0116272,576,26309,26885,35.3403
6212,6213.png,5,0.055,5.00029,0.0433728,0.000287533,-0.0116272,576,26309,26885,28.3945
6213,6214.png,5,0.055,4.99349,0.0433728,-0.00650883,-0.0116272,576,26309,26885,35.913
6214,6215.png,5,0.055,4.99349,0.0433728,-0.00650883,-0.0116272,576,26309,26885,24.6398
6215,6216.png,5,0.055,4.99349,0.0433728,-0.00650883,-0.0116272,576,26309,26885,42.3319
6216,6217.png,5,0.055,5.00255,0.0402329,0.00255299,-0.0147671,576,26309,26885,29.9168
6217,6218.png,5,0.055,5.00255,0.0402329,0.00255299,-0.0147671,576,26309,26885,36.6496
6218,6219.png,5,0.055,4.99576,0.0423264,-0.00424337,-0.0126736,576,26309,26885,32.5332
6219,6220.png,5,0.055,4.99576,0.0423264,-0.00424337,-0.0126736,576,26309,26885,31.9457
6220,6221.png,5,0.055,4.99576,0.0423264,-0.00424337,-0.0126736,576,26309,26885,32.9421
6221,6222.png,5,0.055,5.00029,0.0423264,0.000287533,-0.0126736,576,26309,26885,35.6116
6222,6223.png,5,0.055,5.00029,0.0423264,0.000287533,-0.0126736,576,26309,26885,29.5004
6223,6224.png,5,0.0497,4.99349,0.0433728,-0.00650883,-0.00632722,576,26309,26885,35.4868
6224,6225.png,5,0.05,4.99349,0.0433728,-0.00650883,-0.00662722,576,26309,26885,34.1334
6225,6226.png,5,0.05,4.99349,0.0433728,-0.00650883,-0.00662722,576,26309,26885,37.5847
6226,6227.png,5,0.05,4.99349,0.0433728,-0.00650883,-0.00662722,576,26309,26885,33.8508
6227,6228.png,5,0.05,4.99349,0.0433728,-0.00650883,-0.00662722,576,26309,26885,33.6452
6228,6229.png,5,0.05,5.00255,0.0402329,0.00255299,-0.00976709,576,26309,26885,38.6706
6229,6230.png,5,0.05,4.99802,0.0496529,-0.00197792,-0.000347111,576,26309,26885,28.7681
6230,6231.png,5,0.05,4.99802,0.0496529,-0.00197792,-0.000347111,576,26309,26885,35.1893
6231,6232.png,5,0.05,4.99802,0.0496529,-0.00197792,-0.000347111,576,26309,26885,32.8799
6232,6233.png,5,0.05,4.99349,0.0433728,-0.00650883,-0.00662722,576,26309,26885,34.8758
6233,6234.png,5,0.05,4.99349,0.0433728,-0.00650883,-0.00662722,576,26309,26885,39.9346
6234,6235.png,5,0.05,4.99349,0.0433728,-0.00650883,-0.00662722,576,26309,26885,52.6538
6235,6236.png,5,0.05,4.99349,0.0433728,-0.00650883,-0.00662722,576,26309,26885,35.3143
6236,6237.png,5,0.05,4.99349,0.0433728,-0.00650883,-0.00662722,576,26309,26885,35.4824
6237,6238.png,5,0.05,4.99349,0.0433728,-0.00650883,-0.00662722,576,26309,26885,35.6917
6238,6239.png,5,0.05,4.99576,0.0423264,-0.00424337,-0.00767359,576,26309,26885,28.4541
6239,6240.png,5,0.05,4.99576,0.0423264,-0.00424337,-0.00767359,576,26309,26885,33.3149
6240,6241.png,5,0.05,4.99576,0.0423264,-0.00424337,-0.00767359,576,26309,26885,34.6411
6241,6242.png,5,0.05,5.00029,0.0433728,0.000287533,-0.00662722,576,26309,26885,26.8428
6242,6243.png,5,0.05,5.00029,0.0433728,0.000287533,-0.00662722,576,26309,26885,24.111
6243,6244.png,5,0.05,5.00029,0.0433728,0.000287533,-0.00662722,576,26309,26885,28.9842
6244,6245.png,5,0.05,4.99349,0.0433728,-0.00650883,-0.00662722,576,26309,26885,36.0539
6245,6246.png,5,0.05,4.99349,0.0433728,-0.00650883,-0.00662722,576,26309,26885,29.5514
6246,6247.png,5,0.05,4.99349,0.0433728,-0.00650883,-0.00662722,576,26309,26885,31.03
6247,6248.png,5,0.05,4.99349,0.0486061,-0.00650883,-0.00139386,576,26309,26885,28.7092
6248,6249.png,5,0.05,4.99349,0.0486061,-0.00650883,-0.00139386,576,26309,26885,34.7481
6249,6250.png,5,0.05,5.00029,0.0423264,0.000287533,-0.00767359,576,26309,26885,29.2381
6250,6251.png,5,0.05,5.00029,0.0423264,0.000287533,-0.00767359,576,26309,26885,38.1752
6251,6252.png,5,0.05,5.00029,0.0423264,0.000287533,-0.00767359,576,26309,26885,43.1352
6252,6253.png,5,0.05,4.99349,0.0433728,-0.00650883,-0.00662722,576,26309,26885,34.8635
6253,6254.png,5,0.05,4.99349,0.0433728,-0.00650883,-0.00662722,576,26309,26885,29.947
6254,6255.png,5,0.05,4.99349,0.0433728,-0.00650883,-0.00662722,576,26309,26885,29.5601
6255,6256.png,5,0.05,4.99349,0.0433728,-0.00650883,-0.00662722,576,26309,26885,37.2781
6256,6257.png,5,0.05,4.99349,0.0433728,-0.00650883,-0.00662722,576,26309,26885,28.6142
6257,6258.png,5,0.05,5.00029,0.0433728,0.000287533,-0.00662722,576,26309,26885,35.6296
6258,6259.png,5,0.05,5.00029,0.0433728,0.000287533,-0.00662722,576,26309,26885,30.4508
6259,6260.png,5,0.05,5.00029,0.0433728,0.000287533,-0.00662722,576,26309,26885,44.9396
6260,6261.png,5,0.05,5.00029,0.0433728,0.000287533,-0.00662722,576,26309,26885,35.4356
6261,6262.png,5,0.05,5.00029,0.0433728,0.000287533,-0.00662722,576,26309,26885,33.7263
6262,6263.png,5,0.05,5.00255,0.0402329,0.00255299,-0.00976709,576,26309,26885,35.3155
6263,6264.png,5,0.05,4.99349,0.0433728,-0.00650883,-0.00662722,576,26309,26885,38.4569
6264,6265.png,5,0.05,4.99349,0.0433728,-0.00650883,-0.00662722,576,26309,26885,35.5416
6265,6266.png,5,0.05,4.99349,0.0433728,-0.00650883,-0.00662722,576,26309,26885,36.4225
6266,6267.png,5,0.05,4.98669,0.0402329,-0.0133052,-0.00976709,576,26309,26885,28.8603
6267,6268.png,5,0.05,4.98669,0.0402329,-0.0133052,-0.00976709,576,26309,26885,35.9605
6268,6269.png,5,0.05,5.00029,0.0433728,0.000287533,-0.00662722,576,26309,26885,29.5324
6269,6270.png,5,0.05,4.99349,0.0433728,-0.00650883,-0.00662722,576,26309,26885,31.4399
6270,6271.png,5,0.05,4.99349,0.0433728,-0.00650883,-0.00662722,576,26309,26885,25.9011
6271,6272.png,5,0.05,4.99349,0.0433728,-0.00650883,-0.00662722,576,26309,26885,44.8569
6272,6273.png,5,0.05,4.99576,0.0412797,-0.00424337,-0.00872034,576,26309,26885,35.7274
6273,6274.png,5,0.05,4.99349,0.0433728,-0.00650883,-0.00662722,576,26309,26885,40.1698
6274,6275.png,5,0.05,4.99349,0.0433728,-0.00650883,-0.00662722,576,26309,26885,38.2007
6275,6276.png,5,0.05,4.99349,0.0433728,-0.00650883,-0.00662722,576,26309,26885,29.3769
6276,6277.png,5,0.05,5.00029,0.0423264,0.000287533,-0.00767359,576,26309,26885,34.2753
6277,6278.png,5,0.05,5.00029,0.0423264,0.000287533,-0.00767359,576,26309,26885,28.7448
6278,6279.png,5,0.05,4.99349,0.0433728,-0.00650883,-0.00662722,576,26309,26885,37.9139
6279,6280.png,5,0.05,5.00255,0.0402329,0.00255299,-0.00976709,576,26309,26885,38.3194
6280,6281.png,5,0.05,5.00255,0.0402329,0.00255299,-0.00976709,576,26309,26885,35.9068
6281,6282.png,5,0.05,4.99349,0.0433728,-0.00650883,-0.00662722,576,26309,26885,35.3794
6282,6283.png,5,0.05,4.99349,0.0433728,-0.00650883,-0.00662722,576,26309,26885,36.5951
6283,6284.png,5,0.05,4.99349,0.0433728,-0.00650883,-0.00662722,576,26309,26885,37.8154
6284,6285.png,5,0.05,4.98896,0.0454663,-0.0110397,-0.00453372,576,26309,26885,33.0651
6285,6286.png,5,0.05,4.98896,0.0454663,-0.0110397,-0.00453372,576,26309,26885,38.8034
6286,6287.png,5,0.05,5.00255,0.0423264,0.00255299,-0.00767359,576,26309,26885,40.9518
6287,6288.png,5,0.05,5.00255,0.0423264,0.00255299,-0.00767359,576,26309,26885,36.9094
6288,6289.png,5,0.05,5.00255,0.0423264,0.00255299,-0.00767359,576,26309,26885,34.9377
6289,6290.png,5,0.05,5.00255,0.0423264,0.00255299,-0.00767359,576,26309,26885,33.9151
6290,6291.png,5,0.05,5.00255,0.0423264,0.00255299,-0.00767359,576,26309,26885,29.3723
6291,6292.png,5,0.05,5.00255,0.0423264,0.00255299,-0.00767359,576,26309,26885,28.7795
6292,6293.png,5,0.05,4.99576,0.0423264,-0.00424337,-0.00767359,576,26309,26885,35.8747
6293,6294.png,5,0.05,5.00255,0.0423264,0.00255299,-0.00767359,576,26309,26885,26.6473
6294,6295.png,5,0.05,5.00255,0.0423264,0.00255299,-0.00767359,576,26309,26885,34.0012
6295,6296.png,5,0.05,5.00255,0.0423264,0.00255299,-0.00767359,576,26309,26885,35.1249
6296,6297.png,5,0.05,5.00255,0.0423264,0.00255299,-0.00767359,576,26309,26885,32.6192
6297,6298.png,5,0.05,5.00255,0.0423264,0.00255299,-0.00767359,576,26309,26885,23.5667
6298,6299.png,5,0.05,4.98896,0.0454663,-0.0110397,-0.00453372,576,26309,26885,25.2957
6299,6300.png,5,0.05,4.98896,0.0454663,-0.0110397,-0.00453372,576,26309,26885,34.3332
6300,6301.png,5,0.05,5.00255,0.0423264,0.00255299,-0.00767359,576,26309,26885,37.1721
6301,6302.png,5,0.05,5.00255,0.0423264,0.00255299,-0.00767359,576,26309,26885,43.5453
6302,6303.png,5,0.05,4.99123,0.0444195,-0.00877428,-0.00558047,576,26309,26885,38.0647
6303,6304.png,5,0.05,5.00255,0.0423264,0.00255299,-0.00767359,576,26309,26885,28.7361
6304,6305.png,5,0.05,5.00255,0.0423264,0.00255299,-0.00767359,576,26309,26885,33.844
6305,6306.png,5,0.05,5.00255,0.0423264,0.00255299,-0.00767359,576,26309,26885,35.5785
6306,6307.png,5,0.05,5.00255,0.0423264,0.00255299,-0.00767359,576,26309,26885,34.5673
6307,6308.png,5,0.05,5.00255,0.0423264,0.00255299,-0.00767359,576,26309,26885,38.3293
6308,6309.png,5,0.05,5.00255,0.0423264,0.00255299,-0.00767359,576,26309,26885,34.4162
6309,6310.png,5,0.05,4.99123,0.0444195,-0.00877428,-0.00558047,576,26309,26885,38.0464
6310,6311.png,5,0.05,4.99123,0.0444195,-0.00877428,-0.00558047,576,26309,26885,36.7891
6311,6312.png,5,0.05,4.99123,0.0444195,-0.00877428,-0.00558047,576,26309,26885,27.626
6312,6313.png,5,0.05,5.00255,0.0423264,0.00255299,-0.00767359,576,26309,26885,45.4309
6313,6314.png,5,0.05,5.00255,0.0423264,0.00255299,-0.00767359,576,26309,26885,36.8151
6314,6315.png,5,0.05,4.99349,0.046513,-0.00650883,-0.00348698,576,26309,26885,33.5649
6315,6316.png,5,0.05,4.99349,0.046513,-0.00650883,-0.00348698,576,26309,26885,34.7092
6316,6317.png,5,0.05,4.99123,0.0444195,-0.00877428,-0.00558047,576,26309,26885,37.9368
6317,6318.png,5,0.05,4.99123,0.0444195,-0.00877428,-0.00558047,576,26309,26885,45.8636
6318,6319.png,5,0.05,5.00255,0.0423264,0.00255299,-0.00767359,576,26309,26885,35.2326
6319,6320.png,5,0.05,4.99123,0.0444195,-0.00877428,-0.00558047,576,26309,26885,29.5141
6320,6321.png,5,0.05,4.99123,0.0444195,-0.00877428,-0.00558047,576,26309,26885,38.4704
6321,6322.png,5,0.05,4.99123,0.0444195,-0.00877428,-0.00558047,576,26309,26885,35.5994
6322,6323.png,5,0.05,4.99349,0.046513,-0.00650883,-0.00348698,576,26309,26885,31.7286
6323,6324.png,5,0.05,4.99576,0.0412797,-0.00424337,-0.00872034,576,26309,26885,35.071
6324,6325.png,5,0.05,4.99576,0.0412797,-0.00424337,-0.00872034,576,26309,26885,24.5725
6325,6326.png,5,0.05,4.99576,0.0412797,-0.00424337,-0.00872034,576,26309,26885,23.7519
6326,6327.png,5,0.05,4.99123,0.0444195,-0.00877428,-0.00558047,576,26309,26885,34.7247
6327,6328.png,5,0.05,4.99123,0.0444195,-0.00877428,-0.00558047,576,26309,26885,35.5375
6328,6329.png,5,0.05,4.99123,0.0444195,-0.00877428,-0.00558047,576,26309,26885,32.0314
6329,6330.png,5,0.05,4.99802,0.0433728,-0.00197792,-0.00662722,576,26309,26885,35.7107
6330,6331.png,5,0.05,4.99802,0.0433728,-0.00197792,-0.00662722,576,26309,26885,35.4929
6331,6332.png,5,0.05,4.99802,0.0433728,-0.00197792,-0.00662722,576,26309,26885,35.8217
6332,6333.png,5,0.05,4.99349,0.046513,-0.00650883,-0.00348698,576,26309,26885,28.9721
6333,6334.png,5,0.05,4.99576,0.0486061,-0.00424337,-0.00139386,576,26309,26885,34.2668
6334,6335.png,5,0.05,4.99576,0.0486061,-0.00424337,-0.00139386,576,26309,26885,29.3755
6335,6336.png,5,0.05,4.99349,0.046513,-0.00650883,-0.00348698,576,26309,26885,35.5933
6336,6337.png,5,0.05,4.99349,0.046513,-0.00650883,-0.00348698,576,26309,26885,33.2436
6337,6338.png,5,0.05,4.99123,0.0444195,-0.00877428,-0.00558047,576,26309,26885,35.1495
6338,6339.png,5,0.05,4.99123,0.0444195,-0.00877428,-0.00558047,576,26309,26885,29.1354
6339,6340.png,5,0.05,4.99123,0.0444195,-0.00877428,-0.00558047,576,26309,26885,35.8268
6340,6341.png,5,0.05,5.00255,0.0423264,0.00255299,-0.00767359,576,26309,26885,35.2074
6341,6342.png,5,0.05,5.00255,0.0423264,0.00255299,-0.00767359,576,26309,26885,29.0283
6342,6343.png,5,0.05,4.99576,0.0486061,-0.00424337,-0.00139386,576,26309,26885,29.1614
6343,6344.png,5,0.05,4.99576,0.0486061,-0.00424337,-0.00139386,576,26309,26885,34.8419
6344,6345.png,5,0.05,4.99576,0.0486061,-0.00424337,-0.00139386,576,26309,26885,35.5783
6345,6346.png,5,0.05,4.99576,0.0486061,-0.00424337,-0.00139386,576,26309,26885,34.2839
6346,6347.png,5,0.05,4.99123,0.0423264,-0.00877428,-0.00767359,576,26309,26885,29.0158
6347,6348.png,5,0.05,4.99123,0.0423264,-0.00877428,-0.00767359,576,26309,26885,37.0066
6348,6349.png,5,0.05,4.99349,0.046513,-0.00650883,-0.00348698,576,26309,26885,37.378
6349,6350.png,5,0.05,4.99349,0.046513,-0.00650883,-0.00348698,576,26309,26885,39.3279
6350,6351.png,5,0.05,4.99576,0.0412797,-0.00424337,-0.00872034,576,26309,26885,29.0993
6351,6352.png,5,0.05,4.99576,0.0412797,-0.00424337,-0.00872034,576,26309,26885,25.3006
6352,6353.png,5,0.05,4.99576,0.0486061,-0.00424337,-0.00139386,576,26309,26885,35.1944
6353,6354.png,5,0.05,4.99576,0.0486061,-0.00424337,-0.00139386,576,26309,26885,24.1348
6354,6355.png,5,0.05,4.99576,0.0486061,-0.00424337,-0.00139386,576,26309,26885,36.04
6355,6356.png,5,0.05,4.99576,0.0486061,-0.00424337,-0.00139386,576,26309,26885,33.2322
6356,6357.png,5,0.05,4.99576,0.0486061,-0.00424337,-0.00139386,576,26309,26885,35.1674
6357,6358.png,5,0.05,4.99576,0.0486061,-0.00424337,-0.00139386,576,26309,26885,31.1969
6358,6359.png,5,0.05,4.99576,0.0486061,-0.00424337,-0.00139386,576,26309,26885,37.7723
6359,6360.png,5,0.05,4.99576,0.0486061,-0.00424337,-0.00139386,576,26309,26885,28.9472
6360,6361.png,5,0.05,5.00708,0.0444195,0.00708389,-0.00558047,576,26309,26885,35.1002
6361,6362.png,5,0.05,5.00708,0.0444195,0.00708389,-0.00558047,576,26309,26885,29.2475
6362,6363.png,5,0.05,4.99802,0.0433728,-0.00197792,-0.00662722,576,26309,26885,32.5422
6363,6364.png,5,0.05,4.99802,0.0433728,-0.00197792,-0.00662722,576,26309,26885,29.0463
6364,6365.png,5,0.05,4.99123,0.0423264,-0.00877428,-0.00767359,576,26309,26885,44.9659
6365,6366.png,5,0.05,4.99123,0.0423264,-0.00877428,-0.00767359,576,26309,26885,43.3384
6366,6367.png,5,0.0447,4.99349,0.0412797,-0.00650883,-0.00342034,576,26309,26885,37.0258
6367,6368.png,5,0.045,4.99349,0.0412797,-0.00650883,-0.00372034,576,26309,26885,32.8907
6368,6369.png,5,0.045,5.00029,0.0506996,0.000287533,0.00569963,576,26309,26885,34.1593
6369,6370.png,5,0.045,5.00029,0.0506996,0.000287533,0.00569963,576,26309,26885,35.7547
6370,6371.png,5,0.045,4.99349,0.0412797,-0.00650883,-0.00372034,576,26309,26885,35.5172
6371,6372.png,5,0.045,4.99349,0.0412797,-0.00650883,-0.00372034,576,26309,26885,35.8501
6372,6373.png,5,0.045,4.99576,0.0391862,-0.00424337,-0.00581383,576,26309,26885,35.6693
6373,6374.png,5,0.045,4.99576,0.0391862,-0.00424337,-0.00581383,576,26309,26885,30.1913
6374,6375.png,5,0.045,4.99123,0.0339532,-0.00877428,-0.0110468,576,26309,26885,51.05
6375,6376.png,5,0.045,4.99123,0.0339532,-0.00877428,-0.0110468,576,26309,26885,40.7239
6376,6377.png,5,0.045,4.98669,0.0381398,-0.0133052,-0.00686021,576,26309,26885,33.6525
6377,6378.png,5,0.045,4.98669,0.0381398,-0.0133052,-0.00686021,576,26309,26885,34.8159
6378,6379.png,5,0.045,5.00482,0.0423264,0.00481844,-0.00267359,576,26309,26885,41.1276
6379,6380.png,5,0.045,5.00482,0.0423264,0.00481844,-0.00267359,576,26309,26885,29.7495
6380,6381.png,5,0.045,5.00935,0.0622127,0.00934982,0.0172127,576,26309,26885,25.0157
6381,6382.png,5,0.045,5.00935,0.0622127,0.00934982,0.0172127,576,26309,26885,24.8183
6382,6383.png,5,0.045,4.99123,0.0684925,-0.00877428,0.0234925,576,26309,26885,32.8218
6383,6384.png,5,0.045,4.99123,0.0684925,-0.00877428,0.0234925,576,26309,26885,35.3407
6384,6385.png,5,0.045,4.96177,0.103032,-0.0382257,0.0580321,576,26309,26885,35.4548
6385,6386.png,5,0.045,4.96177,0.103032,-0.0382257,0.0580321,576,26309,26885,34.2621
6386,6387.png,5,0.045,4.86436,0.0632595,-0.135642,0.0182595,576,26309,26885,35.732
6387,6388.png,5,0.045,4.86436,0.0632595,-0.135642,0.0182595,576,26309,26885,35.1719
6388,6389.png,5,0.045,4.88022,0.424355,-0.119783,0.379355,576,26309,26885,37.2425
6389,6390.png,5,0.045,4.88022,0.424355,-0.119783,0.379355,576,26309,26885,33.4648
6390,6391.png,5,0.045,5.00482,0.331203,0.00481844,0.286203,576,26309,26885,32.3297
6391,6392.png,5,0.045,5.00482,0.331203,0.00481844,0.286203,576,26309,26885,38.9931
6392,6393.png,5,0.045,5.02521,0.109312,0.025208,0.0643122,576,26309,26885,35.4714
6393,6394.png,5,0.045,5.02521,0.109312,0.025208,0.0643122,576,26309,26885,33.5689
6394,6395.png,5,0.045,5.00029,0.0506996,0.000287533,0.00569963,576,26309,26885,35.6867
6395,6396.png,5,0.045,5.00029,0.0506996,0.000287533,0.00569963,576,26309,26885,34.63
6396,6397.png,5,0.045,4.99349,0.0444195,-0.00650883,-0.000580471,576,26309,26885,29.7127
6397,6398.png,5,0.045,4.99349,0.0444195,-0.00650883,-0.000580471,576,26309,26885,37.595
6398,6399.png,5,0.045,5.00029,0.0506996,0.000287533,0.00569963,576,26309,26885,35.318
6399,6400.png,5,0.045,5.00029,0.0506996,0.000287533,0.00569963,576,26309,26885,35.6223
6400,6401.png,5,0.045,4.99576,0.0486061,-0.00424337,0.00360614,576,26309,26885,35.6632
6401,6402.png,5,0.045,4.99576,0.0486061,-0.00424337,0.00360614,576,26309,26885,35.5052
6402,6403.png,5,0.045,5.00029,0.0506996,0.000287533,0.00569963,576,26309,26885,38.4265
6403,6404.png,5,0.045,5.00029,0.0506996,0.000287533,0.00569963,576,26309,26885,43.7224
6404,6405.png,5,0.045,4.99576,0.0412797,-0.00424337,-0.00372034,576,26309,26885,33.1177
6405,6406.png,5,0.045,4.99576,0.0412797,-0.00424337,-0.00372034,576,26309,26885,29.1445
6406,6407.png,5,0.045,5.00029,0.0506996,0.000287533,0.00569963,576,26309,26885,35.2471
6407,6408.png,5,0.045,5.00029,0.0506996,0.000287533,0.00569963,576,26309,26885,28.8846
6408,6409.png,5,0.045,4.99576,0.0486061,-0.00424337,0.00360614,576,26309,26885,23.6541
6409,6410.png,5,0.045,4.99576,0.0486061,-0.00424337,0.00360614,576,26309,26885,28.6144
6410,6411.png,5,0.045,4.99576,0.0486061,-0.00424337,0.00360614,576,26309,26885,38.3968
6411,6412.png,5,0.045,4.99576,0.0486061,-0.00424337,0.00360614,576,26309,26885,35.6648
6412,6413.png,5,0.045,4.98669,0.0454663,-0.0133052,0.000466276,576,26309,26885,34.7457
6413,6414.png,5,0.045,4.98669,0.0454663,-0.0133052,0.000466276,576,26309,26885,35.5005
6414,6415.png,5,0.045,4.99576,0.0486061,-0.00424337,0.00360614,576,26309,26885,29.2198
6415,6416.png,5,0.045,4.99576,0.0486061,-0.00424337,0.00360614,576,26309,26885,36.3356
6416,6417.png,5,0.045,4.99576,0.0486061,-0.00424337,0.00360614,576,26309,26885,36.5912
6417,6418.png,5,0.045,4.99576,0.0486061,-0.00424337,0.00360614,576,26309,26885,29.6162
6418,6419.png,5,0.045,4.98669,0.0454663,-0.0133052,0.000466276,576,26309,26885,29.1722
6419,6420.png,5,0.045,4.98669,0.0454663,-0.0133052,0.000466276,576,26309,26885,38.9674
6420,6421.png,5,0.045,4.98896,0.0360463,-0.0110397,-0.0089537,576,26309,26885,29.0364
6421,6422.png,5,0.045,4.98896,0.0360463,-0.0110397,-0.0089537,576,26309,26885,31.6127
6422,6423.png,5,0.045,4.98669,0.0454663,-0.0133052,0.000466276,576,26309,26885,34.9371
6423,6424.png,5,0.045,4.98669,0.0454663,-0.0133052,0.000466276,576,26309,26885,33.7392
6424,6425.png,5,0.045,4.98669,0.0454663,-0.0133052,0.000466276,576,26309,26885,36.4828
6425,6426.png,5,0.045,4.98669,0.0454663,-0.0133052,0.000466276,576,26309,26885,35.4241
6426,6427.png,5,0.045,4.98669,0.0454663,-0.0133052,0.000466276,576,26309,26885,36.5133
6427,6428.png,5,0.045,4.98669,0.0454663,-0.0133052,0.000466276,576,26309,26885,35.3494
6428,6429.png,5,0.045,4.99576,0.0486061,-0.00424337,0.00360614,576,26309,26885,33.3165
6429,6430.png,5,0.045,4.99576,0.0486061,-0.00424337,0.00360614,576,26309,26885,35.7875
6430,6431.png,5,0.045,4.98669,0.0454663,-0.0133052,0.000466276,576,26309,26885,40.3356
6431,6432.png,5,0.045,4.98669,0.0454663,-0.0133052,0.000466276,576,26309,26885,28.5532
6432,6433.png,5,0.045,4.98669,0.0454663,-0.0133052,0.000466276,576,26309,26885,35.5764
6433,6434.png,5,0.045,4.98669,0.0454663,-0.0133052,0.000466276,576,26309,26885,35.6797
6434,6435.png,5,0.045,5.00935,0.0402329,0.00934982,-0.00476709,576,26309,26885,30.2799
6435,6436.png,5,0.045,4.98669,0.0433728,-0.0133052,-0.00162722,576,26309,26885,46.8856
6436,6437.png,5,0.045,4.98669,0.0433728,-0.0133052,-0.00162722,576,26309,26885,25.0223
6437,6438.png,5,0.045,4.98669,0.0433728,-0.0133052,-0.00162722,576,26309,26885,40.221
6438,6439.png,5,0.045,4.98896,0.0360463,-0.0110397,-0.0089537,576,26309,26885,29.3897
6439,6440.png,5,0.045,4.98896,0.0360463,-0.0110397,-0.0089537,576,26309,26885,41.6665
6440,6441.png,5,0.045,4.98669,0.0454663,-0.0133052,0.000466276,576,26309,26885,38.5325
6441,6442.png,5,0.045,4.98669,0.0454663,-0.0133052,0.000466276,576,26309,26885,37.4737
6442,6443.png,5,0.045,4.98669,0.0454663,-0.0133052,0.000466276,576,26309,26885,41.6537
6443,6444.png,5,0.045,4.98669,0.0454663,-0.0133052,0.000466276,576,26309,26885,35.5876
6444,6445.png,5,0.045,4.98669,0.0454663,-0.0133052,0.000466276,576,26309,26885,32.7661
6445,6446.png,5,0.045,4.98669,0.0454663,-0.0133052,0.000466276,576,26309,26885,35.5944
6446,6447.png,5,0.045,5.00935,0.0402329,0.00934982,-0.00476709,576,26309,26885,35.7283
6447,6448.png,5,0.045,5.00935,0.0402329,0.00934982,-0.00476709,576,26309,26885,23.4419
6448,6449.png,5,0.045,4.98669,0.0454663,-0.0133052,0.000466276,576,26309,26885,38.2554
6449,6450.png,5,0.045,4.98669,0.0454663,-0.0133052,0.000466276,576,26309,26885,35.3616
6450,6451.png,5,0.045,4.98669,0.0454663,-0.0133052,0.000466276,576,26309,26885,35.7295
6451,6452.png,5,0.045,4.98669,0.0454663,-0.0133052,0.000466276,576,26309,26885,32.3711
6452,6453.png,5,0.045,5.00935,0.0402329,0.00934982,-0.00476709,576,26309,26885,34.0692
6453,6454.png,5,0.045,5.00935,0.0402329,0.00934982,-0.00476709,576,26309,26885,35.0624
6454,6455.png,5,0.045,4.98669,0.0454663,-0.0133052,0.000466276,576,26309,26885,35.6799
6455,6456.png,5,0.045,4.98669,0.0454663,-0.0133052,0.000466276,576,26309,26885,35.0324
6456,6457.png,5,0.045,4.98896,0.0360463,-0.0110397,-0.0089537,576,26309,26885,31.4577
6457,6458.png,5,0.045,4.98896,0.0360463,-0.0110397,-0.0089537,576,26309,26885,30.139
6458,6459.png,5,0.045,4.98669,0.0454663,-0.0133052,0.000466276,576,26309,26885,31.5145
6459,6460.png,5,0.045,4.98669,0.0454663,-0.0133052,0.000466276,576,26309,26885,29.0493
6460,6461.png,5,0.045,4.98669,0.0454663,-0.0133052,0.000466276,576,26309,26885,35.6873
6461,6462.png,5,0.045,4.98669,0.0454663,-0.0133052,0.000466276,576,26309,26885,35.3262
6462,6463.png,5,0.045,4.99576,0.0486061,-0.00424337,0.00360614,576,26309,26885,32.2844
6463,6464.png,5,0.045,4.99576,0.0486061,-0.00424337,0.00360614,576,26309,26885,28.5487
6464,6465.png,5,0.045,5.00935,0.0402329,0.00934982,-0.00476709,576,26309,26885,24.1823
6465,6466.png,5,0.045,5.00935,0.0402329,0.00934982,-0.00476709,576,26309,26885,37.0029
6466,6467.png,5,0.045,4.98669,0.0454663,-0.0133052,0.000466276,576,26309,26885,31.5169
6467,6468.png,5,0.045,4.98669,0.0454663,-0.0133052,0.000466276,576,26309,26885,35.5433
6468,6469.png,5,0.045,4.98669,0.0454663,-0.0133052,0.000466276,576,26309,26885,35.8514
6469,6470.png,5,0.045,4.98669,0.0454663,-0.0133052,0.000466276,576,26309,26885,44.3688
6470,6471.png,5,0.045,5.00935,0.0402329,0.00934982,-0.00476709,576,26309,26885,35.3347
6471,6472.png,5,0.045,5.00935,0.0402329,0.00934982,-0.00476709,576,26309,26885,36.8268
6472,6473.png,5,0.045,4.98669,0.0454663,-0.0133052,0.000466276,576,26309,26885,32.9157
6473,6474.png,5,0.045,4.98669,0.0454663,-0.0133052,0.000466276,576,26309,26885,28.8431
6474,6475.png,5,0.045,4.98896,0.0360463,-0.0110397,-0.0089537,576,26309,26885,30.6403
6475,6476.png,5,0.045,4.98896,0.0360463,-0.0110397,-0.0089537,576,26309,26885,35.2523
6476,6477.png,5,0.045,4.98669,0.0454663,-0.0133052,0.000466276,576,26309,26885,35.435
6477,6478.png,5,0.045,4.98669,0.0454663,-0.0133052,0.000466276,576,26309,26885,35.4049
6478,6479.png,5,0.045,4.99576,0.0486061,-0.00424337,0.00360614,576,26309,26885,34.6695
6479,6480.png,5,0.045,4.99576,0.0486061,-0.00424337,0.00360614,576,26309,26885,28.3756
6480,6481.png,5,0.045,4.98669,0.0454663,-0.0133052,0.000466276,576,26309,26885,35.881
6481,6482.png,5,0.045,4.98669,0.0454663,-0.0133052,0.000466276,576,26309,26885,35.5622
6482,6483.png,5,0.045,5.00935,0.0402329,0.00934982,-0.00476709,576,26309,26885,28.392
6483,6484.png,5,0.045,5.00935,0.0402329,0.00934982,-0.00476709,576,26309,26885,34.0177
6484,6485.png,5,0.045,4.98669,0.0454663,-0.0133052,0.000466276,576,26309,26885,33.7223
6485,6486.png,5,0.045,4.98669,0.0454663,-0.0133052,0.000466276,576,26309,26885,35.9558
6486,6487.png,5,0.045,4.98669,0.0454663,-0.0133052,0.000466276,576,26309,26885,34.4591
6487,6488.png,5,0.045,4.98669,0.0454663,-0.0133052,0.000466276,576,26309,26885,35.173
6488,6489.png,5,0.045,4.99576,0.0486061,-0.00424337,0.00360614,576,26309,26885,35.5577
6489,6490.png,5,0.045,4.99576,0.0486061,-0.00424337,0.00360614,576,26309,26885,28.8695
6490,6491.png,5,0.045,4.98669,0.0433728,-0.0133052,-0.00162722,576,26309,26885,31.6317
6491,6492.png,5,0.045,4.98669,0.0433728,-0.0133052,-0.00162722,576,26309,26885,30.6795
6492,6493.png,5,0.045,4.98896,0.0360463,-0.0110397,-0.0089537,576,26309,26885,23.7605
6493,6494.png,5,0.045,4.98896,0.0360463,-0.0110397,-0.0089537,576,26309,26885,31.9082
6494,6495.png,5,0.045,4.98669,0.0454663,-0.0133052,0.000466276,576,26309,26885,29.8322
6495,6496.png,5,0.045,4.98669,0.0454663,-0.0133052,0.000466276,576,26309,26885,35.0509
6496,6497.png,5,0.045,4.98669,0.0454663,-0.0133052,0.000466276,576,26309,26885,34.3168
6497,6498.png,5,0.045,4.98669,0.0454663,-0.0133052,0.000466276,576,26309,26885,35.2049
6498,6499.png,5,0.045,4.98669,0.0454663,-0.0133052,0.000466276,576,26309,26885,29.7018
6499,6500.png,5,0.045,4.98669,0.0454663,-0.0133052,0.000466276,576,26309,26885,38.714
6500,6501.png,5,0.045,4.99802,0.0391862,-0.00197792,-0.00581383,576,26309,26885,33.0436
6501,6502.png,5,0.045,4.99802,0.0391862,-0.00197792,-0.00581383,576,26309,26885,35.9168
6502,6503.png,5,0.045,4.98669,0.0454663,-0.0133052,0.000466276,576,26309,26885,37.3291
6503,6504.png,5,0.045,4.98669,0.0454663,-0.0133052,0.000466276,576,26309,26885,35.5672
6504,6505.png,5,0.045,4.98669,0.0454663,-0.0133052,0.000466276,576,26309,26885,38.8244
6505,6506.png,5,0.045,4.98669,0.0454663,-0.0133052,0.000466276,576,26309,26885,28.6695
6506,6507.png,5,0.045,4.99576,0.0486061,-0.00424337,0.00360614,576,26309,26885,28.504
6507,6508.png,5,0.045,4.99576,0.0486061,-0.00424337,0.00360614,576,26309,26885,35.8593
6508,6509.png,5,0.045,4.98669,0.0454663,-0.0133052,0.000466276,576,26309,26885,35.1114
6509,6510.png,5,0.045,4.98669,0.0454663,-0.0133052,0.000466276,576,26309,26885,38.1831
6510,6511.png,5,0.045,4.98896,0.0360463,-0.0110397,-0.0089537,576,26309,26885,35.6557
6511,6512.png,5,0.045,4.98896,0.0360463,-0.0110397,-0.0089537,576,26309,26885,35.7186
6512,6513.png,5,0.045,4.98669,0.0454663,-0.0133052,0.000466276,576,26309,26885,43.1691
6513,6514.png,5,0.045,4.98669,0.0454663,-0.0133052,0.000466276,576,26309,26885,35.5197
6514,6515.png,5,0.045,4.98669,0.0454663,-0.0133052,0.000466276,576,26309,26885,30.7955
6515,6516.png,5,0.045,4.98669,0.0454663,-0.0133052,0.000466276,576,26309,26885,35.8303
6516,6517.png,5,0.045,5.00935,0.0402329,0.00934982,-0.00476709,576,26309,26885,29.4598
6517,6518.png,5,0.045,5.00935,0.0402329,0.00934982,-0.00476709,576,26309,26885,29.2912
6518,6519.png,5,0.045,4.99802,0.0391862,-0.00197792,-0.00581383,576,26309,26885,35.5769
6519,6520.png,5,0.045,4.99802,0.0391862,-0.00197792,-0.00581383,576,26309,26885,34.401
6520,6521.png,5,0.045,4.98669,0.0454663,-0.0133052,0.000466276,576,26309,26885,23.8545
6521,6522.png,5,0.045,4.98669,0.0454663,-0.0133052,0.000466276,576,26309,26885,38.4308
6522,6523.png,5,0.045,4.98669,0.0454663,-0.0133052,0.000466276,576,26309,26885,35.7137
6523,6524.png,5,0.045,4.98669,0.0454663,-0.0133052,0.000466276,576,26309,26885,35.6722
6524,6525.png,5,0.045,4.98669,0.0454663,-0.0133052,0.000466276,576,26309,26885,34.3542
6525,6526.png,5,0.045,4.98669,0.0454663,-0.0133052,0.000466276,576,26309,26885,35.1503
6526,6527.png,5,0.045,4.98669,0.0454663,-0.0133052,0.000466276,576,26309,26885,35.5642
6527,6528.png,5,0.045,4.98669,0.0454663,-0.0133052,0.000466276,576,26309,26885,33.585
6528,6529.png,5,0.045,4.98896,0.0360463,-0.0110397,-0.0089537,576,26309,26885,34.8044
6529,6530.png,5,0.045,4.98896,0.0360463,-0.0110397,-0.0089537,576,26309,26885,35.6569
6530,6531.png,5,0.045,4.98669,0.0454663,-0.0133052,0.000466276,576,26309,26885,32.2573
6531,6532.png,5,0.045,4.98669,0.0454663,-0.0133052,0.000466276,576,26309,26885,29.2607
6532,6533.png,5,0.045,4.98669,0.0454663,-0.0133052,0.000466276,576,26309,26885,36.6279
6533,6534.png,5,0.045,4.98669,0.0454663,-0.0133052,0.000466276,576,26309,26885,35.3939
6534,6535.png,5,0.045,4.98896,0.0360463,-0.0110397,-0.0089537,576,26309,26885,35.0159
6535,6536.png,5,0.045,4.98896,0.0360463,-0.0110397,-0.0089537,576,26309,26885,35.5651
6536,6537.png,5,0.045,5.00255,0.0412797,0.00255299,-0.00372034,576,26309,26885,33.1116
6537,6538.png,5,0.045,5.00255,0.0412797,0.00255299,-0.00372034,576,26309,26885,32.5628
6538,6539.png,5,0.045,4.98669,0.0454663,-0.0133052,0.000466276,576,26309,26885,34.1361
6539,6540.png,5,0.045,4.98669,0.0454663,-0.0133052,0.000466276,576,26309,26885,38.1398
6540,6541.png,5,0.045,4.98669,0.0454663,-0.0133052,0.000466276,576,26309,26885,36.5571
6541,6542.png,5,0.045,4.98669,0.0454663,-0.0133052,0.000466276,576,26309,26885,34.9542
6542,6543.png,5,0.045,4.98669,0.0454663,-0.0133052,0.000466276,576,26309,26885,35.5159
6543,6544.png,5,0.045,4.98669,0.0454663,-0.0133052,0.000466276,576,26309,26885,28.6656
6544,6545.png,5,0.045,4.98669,0.0454663,-0.0133052,0.000466276,576,26309,26885,35.6418
6545,6546.png,5,0.045,4.98669,0.0454663,-0.0133052,0.000466276,576,26309,26885,32.1535
6546,6547.png,5,0.045,4.98896,0.0360463,-0.0110397,-0.0089537,576,26309,26885,35.4975
6547,6548.png,5,0.045,4.98896,0.0360463,-0.0110397,-0.0089537,576,26309,26885,24.1622
6548,6549.png,5,0.045,4.99349,0.0444195,-0.00650883,-0.000580471,576,26309,26885,23.6109
6549,6550.png,5,0.045,4.99349,0.0444195,-0.00650883,-0.000580471,576,26309,26885,34.9755
6550,6551.png,5,0.045,4.99123,0.0444195,-0.00877428,-0.000580471,576,26309,26885,34.1438
6551,6552.png,5,0.045,4.99123,0.0444195,-0.00877428,-0.000580471,576,26309,26885,35.5411
6552,6553.png,5,0.045,5.00255,0.0402329,0.00255299,-0.00476709,576,26309,26885,35.45
6553,6554.png,5,0.045,5.00255,0.0402329,0.00255299,-0.00476709,576,26309,26885,35.5317
6554,6555.png,5,0.045,4.99802,0.0391862,-0.00197792,-0.00581383,576,26309,26885,32.0443
6555,6556.png,5,0.045,4.99802,0.0391862,-0.00197792,-0.00581383,576,26309,26885,35.8853
6556,6557.png,5,0.045,5.00255,0.0402329,0.00255299,-0.00476709,576,26309,26885,35.7804
6557,6558.png,5,0.045,5.00255,0.0402329,0.00255299,-0.00476709,576,26309,26885,29.2876
6558,6559.png,5,0.045,4.99349,0.0444195,-0.00650883,-0.000580471,576,26309,26885,38.5865
6559,6560.png,5,0.045,4.99349,0.0444195,-0.00650883,-0.000580471,576,26309,26885,38.3859
6560,6561.png,5,0.045,4.98896,0.0360463,-0.0110397,-0.0089537,576,26309,26885,28.5055
6561,6562.png,5,0.045,4.98896,0.0360463,-0.0110397,-0.0089537,576,26309,26885,35.6724
6562,6563.png,5,0.045,4.98896,0.0360463,-0.0110397,-0.0089537,576,26309,26885,42.251
6563,6564.png,5,0.045,4.98896,0.0360463,-0.0110397,-0.0089537,576,26309,26885,35.7366
6564,6565.png,5,0.045,4.98896,0.0360463,-0.0110397,-0.0089537,576,26309,26885,31.478
6565,6566.png,5,0.045,4.98896,0.0360463,-0.0110397,-0.0089537,576,26309,26885,37.494
6566,6567.png,5,0.045,4.98669,0.0454663,-0.0133052,0.000466276,576,26309,26885,35.5969
6567,6568.png,5,0.045,4.98669,0.0454663,-0.0133052,0.000466276,576,26309,26885,32.889
6568,6569.png,5,0.045,4.98669,0.0454663,-0.0133052,0.000466276,576,26309,26885,34.8271
6569,6570.png,5,0.045,4.98669,0.0454663,-0.0133052,0.000466276,576,26309,26885,29.6624
6570,6571.png,5,0.045,5.00255,0.0402329,0.00255299,-0.00476709,576,26309,26885,33.7233
6571,6572.png,5,0.045,5.00255,0.0402329,0.00255299,-0.00476709,576,26309,26885,28.9528
6572,6573.png,5,0.045,4.98896,0.0360463,-0.0110397,-0.0089537,576,26309,26885,35.8921
6573,6574.png,5,0.045,4.98896,0.0360463,-0.0110397,-0.0089537,576,26309,26885,29.6548
6574,6575.png,5,0.045,5.00255,0.0402329,0.00255299,-0.00476709,576,26309,26885,33.1224
6575,6576.png,5,0.045,5.00255,0.0402329,0.00255299,-0.00476709,576,26309,26885,31.6008
6576,6577.png,5,0.045,4.99349,0.0444195,-0.00650883,-0.000580471,576,26309,26885,23.9356
6577,6578.png,5,0.045,4.99349,0.0444195,-0.00650883,-0.000580471,576,26309,26885,37.8606
6578,6579.png,5,0.045,4.98896,0.0360463,-0.0110397,-0.0089537,576,26309,26885,36.8351
6579,6580.png,5,0.045,4.98896,0.0360463,-0.0110397,-0.0089537,576,26309,26885,35.5494
6580,6581.png,5,0.045,5.00708,0.0402329,0.00708389,-0.00476709,576,26309,26885,35.748
6581,6582.png,5,0.045,5.00708,0.0402329,0.00708389,-0.00476709,576,26309,26885,35.796
6582,6583.png,5,0.045,5.00255,0.0402329,0.00255299,-0.00476709,576,26309,26885,34.6964
6583,6584.png,5,0.045,5.00255,0.0402329,0.00255299,-0.00476709,576,26309,26885,34.2078
6584,6585.png,5,0.045,4.99349,0.0444195,-0.00650883,-0.000580471,576,26309,26885,34.7528
6585,6586.png,5,0.045,4.99349,0.0444195,-0.00650883,-0.000580471,576,26309,26885,35.5927
6586,6587.png,5,0.045,4.99349,0.0444195,-0.00650883,-0.000580471,576,26309,26885,33.1479
6587,6588.png,5,0.045,4.99349,0.0444195,-0.00650883,-0.000580471,576,26309,26885,29.7321
6588,6589.png,5,0.045,4.99349,0.0444195,-0.00650883,-0.000580471,576,26309,26885,35.7822
6589,6590.png,5,0.045,4.99349,0.0444195,-0.00650883,-0.000580471,576,26309,26885,35.6932
6590,6591.png,5,0.045,5.00255,0.0402329,0.00255299,-0.00476709,576,26309,26885,35.4468
6591,6592.png,5,0.045,5.00255,0.0402329,0.00255299,-0.00476709,576,26309,26885,37.7204
6592,6593.png,5,0.045,4.98896,0.0360463,-0.0110397,-0.0089537,576,26309,26885,35.7294
6593,6594.png,5,0.045,4.98896,0.0360463,-0.0110397,-0.0089537,576,26309,26885,31.2949
6594,6595.png,5,0.045,5.00255,0.0402329,0.00255299,-0.00476709,576,26309,26885,29.0473
6595,6596.png,5,0.045,5.00255,0.0402329,0.00255299,-0.00476709,576,26309,26885,35.7755
6596,6597.png,5,0.045,4.99349,0.0444195,-0.00650883,-0.000580471,576,26309,26885,36.5257
6597,6598.png,5,0.045,4.99349,0.0444195,-0.00650883,-0.000580471,576,26309,26885,35.1273
6598,6599.png,5,0.0397,5.00708,0.0402329,0.00708389,0.000532914,576,26309,26885,41.6182
6599,6600.png,5,0.04,5.00708,0.0402329,0.00708389,0.000232916,576,26309,26885,35.1939
6600,6601.png,5,0.04,5.00708,0.0402329,0.00708389,0.000232916,576,26309,26885,35.5971
6601,6602.png,5,0.04,5.00708,0.0402329,0.00708389,0.000232916,576,26309,26885,29.165
6602,6603.png,5,0.04,5.00255,0.0402329,0.00255299,0.000232916,576,26309,26885,42.7287
6603,6604.png,5,0.04,5.00255,0.0402329,0.00255299,0.000232916,576,26309,26885,25.3507
6604,6605.png,5,0.04,4.99349,0.0444195,-0.00650883,0.00441953,576,26309,26885,25.6354
6605,6606.png,5,0.04,4.99349,0.0444195,-0.00650883,0.00441953,576,26309,26885,32.5298
6606,6607.png,5,0.04,4.99349,0.0444195,-0.00650883,0.00441953,576,26309,26885,35.6742
6607,6608.png,5,0.04,4.99349,0.0444195,-0.00650883,0.00441953,576,26309,26885,35.5635
6608,6609.png,5,0.04,4.99349,0.0444195,-0.00650883,0.00441953,576,26309,26885,35.8782
6609,6610.png,5,0.04,5.00255,0.0402329,0.00255299,0.000232916,576,26309,26885,43.3479
6610,6611.png,5,0.04,5.00255,0.0402329,0.00255299,0.000232916,576,26309,26885,29.2946
6611,6612.png,5,0.04,4.99802,0.0391862,-0.00197792,-0.000813831,576,26309,26885,41.5168
6612,6613.png,5,0.04,4.99802,0.0391862,-0.00197792,-0.000813831,576,26309,26885,36.4947
6613,6614.png,5,0.04,5.00255,0.0402329,0.00255299,0.000232916,576,26309,26885,35.6605
6614,6615.png,5,0.04,5.00255,0.0402329,0.00255299,0.000232916,576,26309,26885,35.5916
6615,6616.png,5,0.04,4.99349,0.0444195,-0.00650883,0.00441953,576,26309,26885,34.618
6616,6617.png,5,0.04,4.99349,0.0444195,-0.00650883,0.00441953,576,26309,26885,38.6861
6617,6618.png,5,0.04,4.98669,0.0454663,-0.0133052,0.00546628,576,26309,26885,26.3384
6618,6619.png,5,0.04,4.98669,0.0454663,-0.0133052,0.00546628,576,26309,26885,30.4112
6619,6620.png,5,0.04,4.98669,0.0454663,-0.0133052,0.00546628,576,26309,26885,28.5902
6620,6621.png,5,0.04,4.98896,0.0360463,-0.0110397,-0.0039537,576,26309,26885,35.675
6621,6622.png,5,0.04,4.98896,0.0360463,-0.0110397,-0.0039537,576,26309,26885,35.2027
6622,6623.png,5,0.04,4.98896,0.0360463,-0.0110397,-0.0039537,576,26309,26885,35.2938
6623,6624.png,5,0.04,5.00255,0.0402329,0.00255299,0.000232916,576,26309,26885,35.4393
6624,6625.png,5,0.04,5.00255,0.0402329,0.00255299,0.000232916,576,26309,26885,35.501
6625,6626.png,5,0.04,5.00029,0.0433728,0.000287533,0.00337278,576,26309,26885,35.7568
6626,6627.png,5,0.04,5.00029,0.0433728,0.000287533,0.00337278,576,26309,26885,35.5472
6627,6628.png,5,0.04,4.99349,0.0444195,-0.00650883,0.00441953,576,26309,26885,35.1897
6628,6629.png,5,0.04,4.99349,0.0444195,-0.00650883,0.00441953,576,26309,26885,35.5581
6629,6630.png,5,0.04,5.00255,0.0402329,0.00255299,0.000232916,576,26309,26885,29.5386
6630,6631.png,5,0.04,5.00255,0.0402329,0.00255299,0.000232916,576,26309,26885,23.536
6631,6632.png,5,0.04,4.99802,0.0391862,-0.00197792,-0.000813831,576,26309,26885,23.6022
6632,6633.png,5,0.04,4.99802,0.0391862,-0.00197792,-0.000813831,576,26309,26885,30.8259
6633,6634.png,5,0.04,5.00255,0.0402329,0.00255299,0.000232916,576,26309,26885,29.7278
6634,6635.png,5,0.04,5.00255,0.0402329,0.00255299,0.000232916,576,26309,26885,38.1814
6635,6636.png,5,0.04,4.99349,0.0444195,-0.00650883,0.00441953,576,26309,26885,29.7759
6636,6637.png,5,0.04,4.99349,0.0444195,-0.00650883,0.00441953,576,26309,26885,33.6385
6637,6638.png,5,0.04,4.99349,0.0444195,-0.00650883,0.00441953,576,26309,26885,36.7735
6638,6639.png,5,0.04,5.00255,0.0402329,0.00255299,0.000232916,576,26309,26885,36.9293
6639,6640.png,5,0.04,5.00255,0.0402329,0.00255299,0.000232916,576,26309,26885,28.3695
6640,6641.png,5,0.04,5.00255,0.0402329,0.00255299,0.000232916,576,26309,26885,35.1027
6641,6642.png,5,0.04,4.98896,0.0360463,-0.0110397,-0.0039537,576,26309,26885,40.2205
6642,6643.png,5,0.04,4.98896,0.0360463,-0.0110397,-0.0039537,576,26309,26885,34.9631
6643,6644.png,5,0.04,5.00255,0.0402329,0.00255299,0.000232916,576,26309,26885,35.4901
6644,6645.png,5,0.04,5.00255,0.0402329,0.00255299,0.000232916,576,26309,26885,35.2235
6645,6646.png,5,0.04,5.00255,0.0402329,0.00255299,0.000232916,576,26309,26885,35.9359
6646,6647.png,5,0.04,5.00255,0.0402329,0.00255299,0.000232916,576,26309,26885,29.3626
6647,6648.png,5,0.04,4.99349,0.0444195,-0.00650883,0.00441953,576,26309,26885,44.0197
6648,6649.png,5,0.04,4.99349,0.0444195,-0.00650883,0.00441953,576,26309,26885,36.0622
6649,6650.png,5,0.04,5.00255,0.0402329,0.00255299,0.000232916,576,26309,26885,35.689
6650,6651.png,5,0.04,5.00255,0.0402329,0.00255299,0.000232916,576,26309,26885,34.5315
6651,6652.png,5,0.04,5.00255,0.0402329,0.00255299,0.000232916,576,26309,26885,29.3261
6652,6653.png,5,0.04,5.00255,0.0402329,0.00255299,0.000232916,576,26309,26885,33.8232
6653,6654.png,5,0.04,5.00255,0.0402329,0.00255299,0.000232916,576,26309,26885,36.9272
6654,6655.png,5,0.04,5.00255,0.0402329,0.00255299,0.000232916,576,26309,26885,35.2889
6655,6656.png,5,0.04,5.00255,0.0402329,0.00255299,0.000232916,576,26309,26885,34.6468
6656,6657.png,5,0.04,5.00255,0.0402329,0.00255299,0.000232916,576,26309,26885,35.1762
6657,6658.png,5,0.04,5.00255,0.0402329,0.00255299,0.000232916,576,26309,26885,31.0487
6658,6659.png,5,0.04,5.00029,0.0433728,0.000287533,0.00337278,576,26309,26885,35.4124
6659,6660.png,5,0.04,5.00029,0.0433728,0.000287533,0.00337278,576,26309,26885,25.4332
6660,6661.png,5,0.04,5.00029,0.0433728,0.000287533,0.00337278,576,26309,26885,43.7662
6661,6662.png,5,0.04,5.00029,0.0433728,0.000287533,0.00337278,576,26309,26885,34.3342
6662,6663.png,5,0.04,5.00255,0.0402329,0.00255299,0.000232916,576,26309,26885,37.9094
6663,6664.png,5,0.04,5.00255,0.0402329,0.00255299,0.000232916,576,26309,26885,31.0744
6664,6665.png,5,0.04,5.00255,0.0402329,0.00255299,0.000232916,576,26309,26885,28.7919
6665,6666.png,5,0.04,5.00255,0.0402329,0.00255299,0.000232916,576,26309,26885,35.7224
6666,6667.png,5,0.04,5.00255,0.0402329,0.00255299,0.000232916,576,26309,26885,41.5149
6667,6668.png,5,0.04,5.00255,0.0402329,0.00255299,0.000232916,576,26309,26885,38.546
6668,6669.png,5,0.04,5.00255,0.0402329,0.00255299,0.000232916,576,26309,26885,37.3579
6669,6670.png,5,0.04,5.00029,0.0433728,0.000287533,0.00337278,576,26309,26885,48.6243
6670,6671.png,5,0.04,5.00029,0.0433728,0.000287533,0.00337278,576,26309,26885,25.7178
6671,6672.png,5,0.04,5.00029,0.0433728,0.000287533,0.00337278,576,26309,26885,29.1969
6672,6673.png,5,0.04,5.00029,0.0433728,0.000287533,0.00337278,576,26309,26885,33.8527
6673,6674.png,5,0.04,5.00255,0.0402329,0.00255299,0.000232916,576,26309,26885,34.8752
6674,6675.png,5,0.04,5.00255,0.0402329,0.00255299,0.000232916,576,26309,26885,34.8787
6675,6676.png,5,0.04,5.00255,0.0402329,0.00255299,0.000232916,576,26309,26885,35.7994
6676,6677.png,5,0.04,5.00708,0.0402329,0.00708389,0.000232916,576,26309,26885,30.4078
6677,6678.png,5,0.04,5.00708,0.0402329,0.00708389,0.000232916,576,26309,26885,28.8631
6678,6679.png,5,0.04,5.00708,0.0402329,0.00708389,0.000232916,576,26309,26885,36.0715
6679,6680.png,5,0.04,4.99802,0.0391862,-0.00197792,-0.000813831,576,26309,26885,35.4008
6680,6681.png,5,0.04,5.00029,0.0433728,0.000287533,0.00337278,576,26309,26885,35.7847
6681,6682.png,5,0.04,5.00029,0.0433728,0.000287533,0.00337278,576,26309,26885,34.9174
6682,6683.png,5,0.04,5.00029,0.0433728,0.000287533,0.00337278,576,26309,26885,40.0868
6683,6684.png,5,0.04,5.00029,0.0433728,0.000287533,0.00337278,576,26309,26885,29.3522
6684,6685.png,5,0.04,5.00029,0.0433728,0.000287533,0.00337278,576,26309,26885,37.7882
6685,6686.png,5,0.04,5.00029,0.0433728,0.000287533,0.00337278,576,26309,26885,33.7935
6686,6687.png,5,0.04,5.00029,0.0433728,0.000287533,0.00337278,576,26309,26885,23.6147
6687,6688.png,5,0.04,5.00255,0.0402329,0.00255299,0.000232916,576,26309,26885,23.5851
6688,6689.png,5,0.04,5.00255,0.0402329,0.00255299,0.000232916,576,26309,26885,35.124
6689,6690.png,5,0.04,5.00255,0.0402329,0.00255299,0.000232916,576,26309,26885,35.4365
6690,6691.png,5,0.04,5.00255,0.0402329,0.00255299,0.000232916,576,26309,26885,34.4204
6691,6692.png,5,0.04,5.00255,0.0402329,0.00255299,0.000232916,576,26309,26885,38.8123
6692,6693.png,5,0.04,5.00255,0.0402329,0.00255299,0.000232916,576,26309,26885,37.425
6693,6694.png,5,0.04,5.00255,0.0402329,0.00255299,0.000232916,576,26309,26885,34.9355
6694,6695.png,5,0.04,5.00255,0.0402329,0.00255299,0.000232916,576,26309,26885,36.5017
6695,6696.png,5,0.04,4.99802,0.0412797,-0.00197792,0.00127966,576,26309,26885,35.3578
6696,6697.png,5,0.04,4.99802,0.0412797,-0.00197792,0.00127966,576,26309,26885,32.8635
6697,6698.png,5,0.04,5.00029,0.0391862,0.000287533,-0.000813831,576,26309,26885,29.5229
6698,6699.png,5,0.04,5.00029,0.0391862,0.000287533,-0.000813831,576,26309,26885,36.6018
6699,6700.png,5,0.04,5.00029,0.0391862,0.000287533,-0.000813831,576,26309,26885,35.4583
6700,6701.png,5,0.04,5.00029,0.0391862,0.000287533,-0.000813831,576,26309,26885,29.5071
6701,6702.png,5,0.04,5.00029,0.0391862,0.000287533,-0.000813831,576,26309,26885,40.8357
6702,6703.png,5,0.04,4.99802,0.0412797,-0.00197792,0.00127966,576,26309,26885,34.6717
6703,6704.png,5,0.04,4.99802,0.0412797,-0.00197792,0.00127966,576,26309,26885,35.7388
6704,6705.png,5,0.04,4.99802,0.0412797,-0.00197792,0.00127966,576,26309,26885,34.3325
6705,6706.png,5,0.04,5.00708,0.0402329,0.00708389,0.000232916,576,26309,26885,35.2268
6706,6707.png,5,0.04,5.00708,0.0402329,0.00708389,0.000232916,576,26309,26885,37.9006
6707,6708.png,5,0.04,5.00708,0.0402329,0.00708389,0.000232916,576,26309,26885,34.0274
6708,6709.png,5,0.04,5.00255,0.0402329,0.00255299,0.000232916,576,26309,26885,35.5755
6709,6710.png,5,0.04,5.00255,0.0402329,0.00255299,0.000232916,576,26309,26885,37.8355
6710,6711.png,5,0.04,5.00255,0.0402329,0.00255299,0.000232916,576,26309,26885,27.2191
6711,6712.png,5,0.04,4.99576,0.0412797,-0.00424337,0.00127966,576,26309,26885,35.3203
6712,6713.png,5,0.04,4.99576,0.0412797,-0.00424337,0.00127966,576,26309,26885,33.1149
6713,6714.png,5,0.04,4.99802,0.0391862,-0.00197792,-0.000813831,576,26309,26885,37.4737
6714,6715.png,5,0.04,4.99802,0.0391862,-0.00197792,-0.000813831,576,26309,26885,25.1243
6715,6716.png,5,0.04,4.99802,0.0391862,-0.00197792,-0.000813831,576,26309,26885,25.0361
6716,6717.png,5,0.04,5.00255,0.0402329,0.00255299,0.000232916,576,26309,26885,29.1949
6717,6718.png,5,0.04,5.00255,0.0402329,0.00255299,0.000232916,576,26309,26885,34.487
6718,6719.png,5,0.04,4.99802,0.0412797,-0.00197792,0.00127966,576,26309,26885,37.9464
6719,6720.png,5,0.04,4.99802,0.0412797,-0.00197792,0.00127966,576,26309,26885,35.7014
6720,6721.png,5,0.04,5.00029,0.0391862,0.000287533,-0.000813831,576,26309,26885,28.9978
6721,6722.png,5,0.04,5.00029,0.0391862,0.000287533,-0.000813831,576,26309,26885,36.3055
6722,6723.png,5,0.04,5.00029,0.0391862,0.000287533,-0.000813831,576,26309,26885,35.2762
6723,6724.png,5,0.04,5.00029,0.0391862,0.000287533,-0.000813831,576,26309,26885,36.4064
6724,6725.png,5,0.04,5.00029,0.0391862,0.000287533,-0.000813831,576,26309,26885,37.2777
6725,6726.png,5,0.04,4.99802,0.0412797,-0.00197792,0.00127966,576,26309,26885,35.7912
6726,6727.png,5,0.04,4.99802,0.0412797,-0.00197792,0.00127966,576,26309,26885,31.3677
6727,6728.png,5,0.04,4.99349,0.046513,-0.00650883,0.00651303,576,26309,26885,35.5608
6728,6729.png,5,0.04,4.99349,0.046513,-0.00650883,0.00651303,576,26309,26885,35.8048
6729,6730.png,5,0.04,4.99349,0.046513,-0.00650883,0.00651303,576,26309,26885,35.8671
6730,6731.png,5,0.04,5.00255,0.0402329,0.00255299,0.000232916,576,26309,26885,32.7618
6731,6732.png,5,0.04,5.00255,0.0402329,0.00255299,0.000232916,576,26309,26885,35.5213
6732,6733.png,5,0.04,4.99802,0.0412797,-0.00197792,0.00127966,576,26309,26885,32.4664
6733,6734.png,5,0.04,4.99802,0.0412797,-0.00197792,0.00127966,576,26309,26885,33.8369
6734,6735.png,5,0.04,4.99802,0.0412797,-0.00197792,0.00127966,576,26309,26885,30.4697
6735,6736.png,5,0.04,4.99802,0.0412797,-0.00197792,0.00127966,576,26309,26885,35.2117
6736,6737.png,5,0.04,4.99802,0.0412797,-0.00197792,0.00127966,576,26309,26885,38.4213
6737,6738.png,5,0.04,4.99576,0.0412797,-0.00424337,0.00127966,576,26309,26885,28.7078
6738,6739.png,5,0.04,4.99576,0.0412797,-0.00424337,0.00127966,576,26309,26885,44.9582
6739,6740.png,5,0.04,4.99576,0.0412797,-0.00424337,0.00127966,576,26309,26885,30.1988
6740,6741.png,5,0.04,5.00708,0.0402329,0.00708389,0.000232916,576,26309,26885,40.86
6741,6742.png,5,0.04,5.00708,0.0402329,0.00708389,0.000232916,576,26309,26885,29.2798
6742,6743.png,5,0.04,5.00029,0.0391862,0.000287533,-0.000813831,576,26309,26885,25.4216
6743,6744.png,5,0.04,5.00029,0.0391862,0.000287533,-0.000813831,576,26309,26885,25.1179
6744,6745.png,5,0.04,5.00708,0.0402329,0.00708389,0.000232916,576,26309,26885,35.1277
6745,6746.png,5,0.04,5.00708,0.0402329,0.00708389,0.000232916,576,26309,26885,34.7195
6746,6747.png,5,0.04,4.99802,0.0412797,-0.00197792,0.00127966,576,26309,26885,35.427
6747,6748.png,5,0.04,4.99802,0.0412797,-0.00197792,0.00127966,576,26309,26885,32.9083
6748,6749.png,5,0.04,5.00708,0.0402329,0.00708389,0.000232916,576,26309,26885,29.1865
6749,6750.png,5,0.04,5.00708,0.0402329,0.00708389,0.000232916,576,26309,26885,29.3905
6750,6751.png,5,0.04,5.00708,0.0402329,0.00708389,0.000232916,576,26309,26885,28.0156
6751,6752.png,5,0.04,5.00708,0.0402329,0.00708389,0.000232916,576,26309,26885,47.968
6752,6753.png,5,0.04,4.99802,0.0412797,-0.00197792,0.00127966,576,26309,26885,29.9283
6753,6754.png,5,0.04,4.99802,0.0412797,-0.00197792,0.00127966,576,26309,26885,36.282
6754,6755.png,5,0.04,4.99802,0.0391862,-0.00197792,-0.000813831,576,26309,26885,31.8659
6755,6756.png,5,0.04,4.99802,0.0391862,-0.00197792,-0.000813831,576,26309,26885,28.9122
6756,6757.png,5,0.04,4.99802,0.0391862,-0.00197792,-0.000813831,576,26309,26885,28.7415
6757,6758.png,5,0.04,4.99802,0.0412797,-0.00197792,0.00127966,576,26309,26885,35.8208
6758,6759.png,5,0.04,4.99802,0.0412797,-0.00197792,0.00127966,576,26309,26885,35.4121
6759,6760.png,5,0.04,4.99802,0.0412797,-0.00197792,0.00127966,576,26309,26885,35.5693
6760,6761.png,5,0.04,5.00708,0.0402329,0.00708389,0.000232916,576,26309,26885,34.2067
6761,6762.png,5,0.04,5.00708,0.0402329,0.00708389,0.000232916,576,26309,26885,37.5113
6762,6763.png,5,0.04,5.00255,0.0402329,0.00255299,0.000232916,576,26309,26885,36.8104
6763,6764.png,5,0.04,5.00255,0.0402329,0.00255299,0.000232916,576,26309,26885,35.7327
6764,6765.png,5,0.04,5.00708,0.0402329,0.00708389,0.000232916,576,26309,26885,34.4335
6765,6766.png,5,0.04,5.00708,0.0402329,0.00708389,0.000232916,576,26309,26885,33.7537
6766,6767.png,5,0.04,5.00708,0.0402329,0.00708389,0.000232916,576,26309,26885,42.0728
6767,6768.png,5,0.04,4.99802,0.0412797,-0.00197792,0.00127966,576,26309,26885,29.3351
6768,6769.png,5,0.04,4.99802,0.0412797,-0.00197792,0.00127966,576,26309,26885,35.0995
6769,6770.png,5,0.04,5.00708,0.0402329,0.00708389,0.000232916,576,26309,26885,38.6991
6770,6771.png,5,0.04,5.00708,0.0402329,0.00708389,0.000232916,576,26309,26885,23.641
6771,6772.png,5,0.04,5.00708,0.0402329,0.00708389,0.000232916,576,26309,26885,25.4093
6772,6773.png,5,0.04,5.00255,0.0402329,0.00255299,0.000232916,576,26309,26885,29.9966
6773,6774.png,5,0.04,5.00255,0.0402329,0.00255299,0.000232916,576,26309,26885,31.5182
6774,6775.png,5,0.04,4.99802,0.0412797,-0.00197792,0.00127966,576,26309,26885,41.4537
6775,6776.png,5,0.04,4.99802,0.0412797,-0.00197792,0.00127966,576,26309,26885,34.5633
6776,6777.png,5,0.04,4.99802,0.0412797,-0.00197792,0.00127966,576,26309,26885,29.2725
6777,6778.png,5,0.04,4.99802,0.0391862,-0.00197792,-0.000813831,576,26309,26885,30.4956
6778,6779.png,5,0.04,4.99802,0.0391862,-0.00197792,-0.000813831,576,26309,26885,29.5433
6779,6780.png,5,0.04,4.99802,0.0391862,-0.00197792,-0.000813831,576,26309,26885,35.5948
6780,6781.png,5,0.04,4.99802,0.0412797,-0.00197792,0.00127966,576,26309,26885,33.7418
6781,6782.png,5,0.04,4.99802,0.0412797,-0.00197792,0.00127966,576,26309,26885,35.063
6782,6783.png,5,0.04,5.00708,0.0402329,0.00708389,0.000232916,576,26309,26885,35.0138
6783,6784.png,5,0.04,5.00708,0.0402329,0.00708389,0.000232916,576,26309,26885,33.6499
6784,6785.png,5,0.04,5.00708,0.0402329,0.00708389,0.000232916,576,26309,26885,28.9657
6785,6786.png,5,0.04,4.99802,0.0412797,-0.00197792,0.00127966,576,26309,26885,32.0352
6786,6787.png,5,0.04,4.99802,0.0412797,-0.00197792,0.00127966,576,26309,26885,34.4356
6787,6788.png,5,0.04,5.00708,0.0402329,0.00708389,0.000232916,576,26309,26885,28.4131
6788,6789.png,5,0.04,4.99802,0.0412797,-0.00197792,0.00127966,576,26309,26885,42.1591
6789,6790.png,5,0.04,4.99802,0.0412797,-0.00197792,0.00127966,576,26309,26885,33.4163
6790,6791.png,5,0.04,4.99802,0.0412797,-0.00197792,0.00127966,576,26309,26885,32.9419
6791,6792.png,5,0.04,5.00708,0.0402329,0.00708389,0.000232916,576,26309,26885,34.6358
6792,6793.png,5,0.04,5.00708,0.0402329,0.00708389,0.000232916,576,26309,26885,34.9179
6793,6794.png,5,0.04,5.00708,0.0402329,0.00708389,0.000232916,576,26309,26885,35.3281
6794,6795.png,5,0.04,5.00708,0.0402329,0.00708389,0.000232916,576,26309,26885,35.7951
6795,6796.png,5,0.04,5.00708,0.0402329,0.00708389,0.000232916,576,26309,26885,35.5338
6796,6797.png,5,0.04,4.99802,0.0412797,-0.00197792,0.00127966,576,26309,26885,29.0005
6797,6798.png,5,0.04,4.99802,0.0412797,-0.00197792,0.00127966,576,26309,26885,36.1934
6798,6799.png,5,0.04,5.00255,0.0402329,0.00255299,0.000232916,576,26309,26885,29.8195
6799,6800.png,5,0.04,5.00255,0.0402329,0.00255299,0.000232916,576,26309,26885,23.6991
6800,6801.png,5,0.04,4.99576,0.0412797,-0.00424337,0.00127966,576,26309,26885,37.4449
6801,6802.png,5,0.04,4.99576,0.0412797,-0.00424337,0.00127966,576,26309,26885,29.1015
6802,6803.png,5,0.04,5.00708,0.0402329,0.00708389,0.000232916,576,26309,26885,35.6346
6803,6804.png,5,0.04,5.00708,0.0402329,0.00708389,0.000232916,576,26309,26885,35.5545
6804,6805.png,5,0.04,5.00708,0.0402329,0.00708389,0.000232916,576,26309,26885,34.8499
6805,6806.png,5,0.04,5.00255,0.0402329,0.00255299,0.000232916,576,26309,26885,35.4745
6806,6807.png,5,0.04,5.00255,0.0402329,0.00255299,0.000232916,576,26309,26885,28.5647
6807,6808.png,5,0.04,4.99802,0.0412797,-0.00197792,0.00127966,576,26309,26885,29.6629
6808,6809.png,5,0.04,4.99802,0.0412797,-0.00197792,0.00127966,576,26309,26885,35.1281
6809,6810.png,5,0.04,4.99802,0.0412797,-0.00197792,0.00127966,576,26309,26885,37.8375
6810,6811.png,5,0.04,4.99802,0.0412797,-0.00197792,0.00127966,576,26309,26885,35.7072
6811,6812.png,5,0.04,4.99576,0.0412797,-0.00424337,0.00127966,576,26309,26885,30.2152
6812,6813.png,5,0.04,4.99576,0.0412797,-0.00424337,0.00127966,576,26309,26885,37.9972
6813,6814.png,5,0.04,5.00708,0.0402329,0.00708389,0.000232916,576,26309,26885,34.0473
6814,6815.png,5,0.0347,4.99802,0.0412797,-0.00197792,0.00657966,576,26309,26885,35.3305
6815,6816.png,5,0.035,4.99802,0.0412797,-0.00197792,0.00627966,576,26309,26885,33.2871
6816,6817.png,5,0.035,4.99802,0.0412797,-0.00197792,0.00627966,576,26309,26885,38.3698
6817,6818.png,5,0.035,5.00255,0.0402329,0.00255299,0.00523292,576,26309,26885,26.0889
6818,6819.png,5,0.035,5.00255,0.0402329,0.00255299,0.00523292,576,26309,26885,35.8299
6819,6820.png,5,0.035,4.99576,0.0412797,-0.00424337,0.00627966,576,26309,26885,47.7265
6820,6821.png,5,0.035,4.99576,0.0412797,-0.00424337,0.00627966,576,26309,26885,35.8054
6821,6822.png,5,0.035,5.00708,0.0402329,0.00708389,0.00523292,576,26309,26885,34.6658
6822,6823.png,5,0.035,5.00708,0.0402329,0.00708389,0.00523292,576,26309,26885,33.987
6823,6824.png,5,0.035,5.00255,0.0402329,0.00255299,0.00523292,576,26309,26885,35.4626
6824,6825.png,5,0.035,5.00255,0.0402329,0.00255299,0.00523292,576,26309,26885,32.3861
6825,6826.png,5,0.035,4.99802,0.0412797,-0.00197792,0.00627966,576,26309,26885,38.3347
6826,6827.png,5,0.035,4.99802,0.0412797,-0.00197792,0.00627966,576,26309,26885,24.9964
6827,6828.png,5,0.035,4.99802,0.0412797,-0.00197792,0.00627966,576,26309,26885,24.084
6828,6829.png,5,0.035,4.99802,0.0412797,-0.00197792,0.00627966,576,26309,26885,34.6895
6829,6830.png,5,0.035,4.99576,0.0412797,-0.00424337,0.00627966,576,26309,26885,29.3442
6830,6831.png,5,0.035,4.99576,0.0412797,-0.00424337,0.00627966,576,26309,26885,37.1406
6831,6832.png,5,0.035,4.99576,0.0412797,-0.00424337,0.00627966,576,26309,26885,34.9531
6832,6833.png,5,0.035,4.99576,0.0412797,-0.00424337,0.00627966,576,26309,26885,29.393
6833,6834.png,5,0.035,4.99802,0.0412797,-0.00197792,0.00627966,576,26309,26885,29.102
6834,6835.png,5,0.035,4.99802,0.0412797,-0.00197792,0.00627966,576,26309,26885,35.438
6835,6836.png,5,0.035,5.00255,0.0402329,0.00255299,0.00523292,576,26309,26885,40.0267
6836,6837.png,5,0.035,5.00255,0.0402329,0.00255299,0.00523292,576,26309,26885,29.1485
6837,6838.png,5,0.035,4.99576,0.0412797,-0.00424337,0.00627966,576,26309,26885,35.7426
6838,6839.png,5,0.035,4.99576,0.0412797,-0.00424337,0.00627966,576,26309,26885,35.6572
6839,6840.png,5,0.035,5.00935,0.0412797,0.00934982,0.00627966,576,26309,26885,32.0104
6840,6841.png,5,0.035,5.00708,0.0402329,0.00708389,0.00523292,576,26309,26885,38.4141
6841,6842.png,5,0.035,5.00708,0.0402329,0.00708389,0.00523292,576,26309,26885,35.8539
6842,6843.png,5,0.035,4.99802,0.0412797,-0.00197792,0.00627966,576,26309,26885,29.5366
6843,6844.png,5,0.035,4.99802,0.0412797,-0.00197792,0.00627966,576,26309,26885,34.0609
6844,6845.png,5,0.035,4.99802,0.0412797,-0.00197792,0.00627966,576,26309,26885,27.2634
6845,6846.png,5,0.035,4.99802,0.0412797,-0.00197792,0.00627966,576,26309,26885,34.5459
6846,6847.png,5,0.035,4.99576,0.0412797,-0.00424337,0.00627966,576,26309,26885,35.1394
6847,6848.png,5,0.035,4.99576,0.0412797,-0.00424337,0.00627966,576,26309,26885,34.382
6848,6849.png,5,0.035,4.99576,0.0412797,-0.00424337,0.00627966,576,26309,26885,35.6539
6849,6850.png,5,0.035,4.99576,0.0412797,-0.00424337,0.00627966,576,26309,26885,32.4205
6850,6851.png,5,0.035,4.99576,0.0412797,-0.00424337,0.00627966,576,26309,26885,35.6197
6851,6852.png,5,0.035,4.99802,0.0412797,-0.00197792,0.00627966,576,26309,26885,34.1632
6852,6853.png,5,0.035,4.99802,0.0412797,-0.00197792,0.00627966,576,26309,26885,35.3777
6853,6854.png,5,0.035,4.99576,0.0412797,-0.00424337,0.00627966,576,26309,26885,31.8401
6854,6855.png,5,0.035,4.99576,0.0412797,-0.00424337,0.00627966,576,26309,26885,31.627
6855,6856.png,5,0.035,4.99576,0.0412797,-0.00424337,0.00627966,576,26309,26885,23.7053
6856,6857.png,5,0.035,5.00935,0.0412797,0.00934982,0.00627966,576,26309,26885,32.4521
6857,6858.png,5,0.035,5.00935,0.0412797,0.00934982,0.00627966,576,26309,26885,34.74
6858,6859.png,5,0.035,4.99576,0.0412797,-0.00424337,0.00627966,576,26309,26885,35.3075
6859,6860.png,5,0.035,4.99576,0.0412797,-0.00424337,0.00627966,576,26309,26885,29.0479
6860,6861.png,5,0.035,4.99576,0.0412797,-0.00424337,0.00627966,576,26309,26885,35.5488
6861,6862.png,5,0.035,4.99802,0.0412797,-0.00197792,0.00627966,576,26309,26885,34.4079
6862,6863.png,5,0.035,4.99802,0.0412797,-0.00197792,0.00627966,576,26309,26885,36.942
6863,6864.png,5,0.035,4.99802,0.0412797,-0.00197792,0.00627966,576,26309,26885,35.7907
6864,6865.png,5,0.035,4.99123,0.037093,-0.00877428,0.00209305,576,26309,26885,34.4089
6865,6866.png,5,0.035,4.99123,0.037093,-0.00877428,0.00209305,576,26309,26885,35.3779
6866,6867.png,5,0.035,5.00708,0.0402329,0.00708389,0.00523292,576,26309,26885,34.7808
6867,6868.png,5,0.035,5.00708,0.0402329,0.00708389,0.00523292,576,26309,26885,37.8782
6868,6869.png,5,0.035,5.00708,0.0402329,0.00708389,0.00523292,576,26309,26885,40.6614
6869,6870.png,5,0.035,4.99802,0.0381398,-0.00197792,0.00313979,576,26309,26885,32.6882
6870,6871.png,5,0.035,4.99802,0.0381398,-0.00197792,0.00313979,576,26309,26885,29.1543
6871,6872.png,5,0.035,4.99576,0.0412797,-0.00424337,0.00627966,576,26309,26885,34.7591
6872,6873.png,5,0.035,4.99576,0.0412797,-0.00424337,0.00627966,576,26309,26885,34.9746
6873,6874.png,5,0.035,5.00482,0.0433728,0.00481844,0.00837278,576,26309,26885,40.8047
6874,6875.png,5,0.035,5.00482,0.0433728,0.00481844,0.00837278,576,26309,26885,40.7946
6875,6876.png,5,0.035,5.00029,0.0381398,0.000287533,0.00313979,576,26309,26885,42.1994
6876,6877.png,5,0.035,5.00029,0.0381398,0.000287533,0.00313979,576,26309,26885,29.9686
6877,6878.png,5,0.035,4.99123,0.037093,-0.00877428,0.00209305,576,26309,26885,43.0529
6878,6879.png,5,0.035,4.99123,0.037093,-0.00877428,0.00209305,576,26309,26885,33.7487
6879,6880.png,5,0.035,5.00255,0.0360463,0.00255299,0.0010463,576,26309,26885,41.6752
6880,6881.png,5,0.035,5.00255,0.0360463,0.00255299,0.0010463,576,26309,26885,35.0523
6881,6882.png,5,0.035,5.00482,0.0391862,0.00481844,0.00418617,576,26309,26885,36.9397
6882,6883.png,5,0.035,5.00482,0.0391862,0.00481844,0.00418617,576,26309,26885,25.9201
6883,6884.png,5,0.035,4.99123,0.037093,-0.00877428,0.00209305,576,26309,26885,29.6254
6884,6885.png,5,0.035,4.99123,0.037093,-0.00877428,0.00209305,576,26309,26885,38.1711
6885,6886.png,5,0.035,4.99576,0.0412797,-0.00424337,0.00627966,576,26309,26885,35.1942
6886,6887.png,5,0.035,4.99576,0.0412797,-0.00424337,0.00627966,576,26309,26885,29.1925
6887,6888.png,5,0.035,4.99576,0.0412797,-0.00424337,0.00627966,576,26309,26885,35.171
6888,6889.png,5,0.035,4.99576,0.0412797,-0.00424337,0.00627966,576,26309,26885,43.2032
6889,6890.png,5,0.035,4.99576,0.0412797,-0.00424337,0.00627966,576,26309,26885,35.8881
6890,6891.png,5,0.035,4.99576,0.0412797,-0.00424337,0.00627966,576,26309,26885,33.823
6891,6892.png,5,0.035,4.99576,0.037093,-0.00424337,0.00209305,576,26309,26885,35.7646
6892,6893.png,5,0.035,4.99576,0.037093,-0.00424337,0.00209305,576,26309,26885,35.334
6893,6894.png,5,0.035,5.00029,0.0381398,0.000287533,0.00313979,576,26309,26885,39.0134
6894,6895.png,5,0.035,4.99123,0.037093,-0.00877428,0.00209305,576,26309,26885,34.6531
6895,6896.png,5,0.035,4.99123,0.037093,-0.00877428,0.00209305,576,26309,26885,35.6627
6896,6897.png,5,0.035,4.99123,0.037093,-0.00877428,0.00209305,576,26309,26885,34.745
6897,6898.png,5,0.035,5.00482,0.0381398,0.00481844,0.00313979,576,26309,26885,41.0954
6898,6899.png,5,0.035,5.00482,0.0381398,0.00481844,0.00313979,576,26309,26885,33.7465
6899,6900.png,5,0.035,5.00482,0.0391862,0.00481844,0.00418617,576,26309,26885,35.5074
6900,6901.png,5,0.035,5.00482,0.0391862,0.00481844,0.00418617,576,26309,26885,35.6014
6901,6902.png,5,0.035,5.00482,0.0391862,0.00481844,0.00418617,576,26309,26885,41.4524
6902,6903.png,5,0.035,4.99576,0.0412797,-0.00424337,0.00627966,576,26309,26885,41.0028
6903,6904.png,5,0.035,4.99576,0.0412797,-0.00424337,0.00627966,576,26309,26885,29.2986
6904,6905.png,5,0.035,4.99802,0.0381398,-0.00197792,0.00313979,576,26309,26885,35.2743
6905,6906.png,5,0.035,4.99802,0.0381398,-0.00197792,0.00313979,576,26309,26885,28.9801
6906,6907.png,5,0.035,4.99802,0.0381398,-0.00197792,0.00313979,576,26309,26885,28.6474
6907,6908.png,5,0.035,4.99576,0.0412797,-0.00424337,0.00627966,576,26309,26885,37.6189
6908,6909.png,5,0.035,5.00482,0.0391862,0.00481844,0.00418617,576,26309,26885,35.8619
6909,6910.png,5,0.035,5.00482,0.0391862,0.00481844,0.00418617,576,26309,26885,23.726
6910,6911.png,5,0.035,5.00482,0.0391862,0.00481844,0.00418617,576,26309,26885,25.8386
6911,6912.png,5,0.035,5.00255,0.0402329,0.00255299,0.00523292,576,26309,26885,32.4153
6912,6913.png,5,0.035,4.99576,0.0412797,-0.00424337,0.00627966,576,26309,26885,35.9252
6913,6914.png,5,0.035,4.99576,0.0412797,-0.00424337,0.00627966,576,26309,26885,38.2179
6914,6915.png,5,0.035,5.00482,0.0381398,0.00481844,0.00313979,576,26309,26885,35.2633
6915,6916.png,5,0.035,5.00482,0.0381398,0.00481844,0.00313979,576,26309,26885,29.614
6916,6917.png,5,0.035,4.99576,0.0412797,-0.00424337,0.00627966,576,26309,26885,37.35
6917,6918.png,5,0.035,4.99576,0.0412797,-0.00424337,0.00627966,576,26309,26885,35.6881
6918,6919.png,5,0.035,4.99576,0.0412797,-0.00424337,0.00627966,576,26309,26885,37.3169
6919,6920.png,5,0.035,4.99576,0.037093,-0.00424337,0.00209305,576,26309,26885,33.1636
6920,6921.png,5,0.035,4.99576,0.037093,-0.00424337,0.00209305,576,26309,26885,29.3675
6921,6922.png,5,0.035,5.00255,0.0402329,0.00255299,0.00523292,576,26309,26885,35.0705
6922,6923.png,5,0.035,5.00255,0.0402329,0.00255299,0.00523292,576,26309,26885,38.0253
6923,6924.png,5,0.035,4.99576,0.0412797,-0.00424337,0.00627966,576,26309,26885,24.9715
6924,6925.png,5,0.035,4.99576,0.0412797,-0.00424337,0.00627966,576,26309,26885,38.3361
6925,6926.png,5,0.035,4.99576,0.0412797,-0.00424337,0.00627966,576,26309,26885,35.639
6926,6927.png,5,0.035,5.00482,0.0381398,0.00481844,0.00313979,576,26309,26885,29.9157
6927,6928.png,5,0.035,5.00482,0.0381398,0.00481844,0.00313979,576,26309,26885,37.9389
6928,6929.png,5,0.035,5.00255,0.0402329,0.00255299,0.00523292,576,26309,26885,34.964
6929,6930.png,5,0.035,5.00255,0.0402329,0.00255299,0.00523292,576,26309,26885,33.8315
6930,6931.png,5,0.035,5.00255,0.0402329,0.00255299,0.00523292,576,26309,26885,38.7431
6931,6932.png,5,0.035,4.99576,0.0412797,-0.00424337,0.00627966,576,26309,26885,37.9011
6932,6933.png,5,0.035,4.99576,0.0412797,-0.00424337,0.00627966,576,26309,26885,34.4056
6933,6934.png,5,0.035,5.00482,0.0381398,0.00481844,0.00313979,576,26309,26885,28.8836
6934,6935.png,5,0.035,5.00482,0.0381398,0.00481844,0.00313979,576,26309,26885,36.7024
6935,6936.png,5,0.035,5.00482,0.0391862,0.00481844,0.00418617,576,26309,26885,34.9032
6936,6937.png,5,0.035,5.00482,0.0391862,0.00481844,0.00418617,576,26309,26885,29.9928
6937,6938.png,5,0.035,4.98896,0.0391862,-0.0110397,0.00418617,576,26309,26885,27.5842
6938,6939.png,5,0.035,4.98896,0.0391862,-0.0110397,0.00418617,576,26309,26885,24.9716
6939,6940.png,5,0.035,5.00255,0.0402329,0.00255299,0.00523292,576,26309,26885,36.2902
6940,6941.png,5,0.035,5.00255,0.0402329,0.00255299,0.00523292,576,26309,26885,35.4234
6941,6942.png,5,0.035,4.99576,0.0412797,-0.00424337,0.00627966,576,26309,26885,35.192
6942,6943.png,5,0.035,4.99576,0.0412797,-0.00424337,0.00627966,576,26309,26885,35.4258
6943,6944.png,5,0.035,4.99576,0.0412797,-0.00424337,0.00627966,576,26309,26885,38.9962
6944,6945.png,5,0.035,5.00482,0.0381398,0.00481844,0.00313979,576,26309,26885,37.8937
6945,6946.png,5,0.035,5.00482,0.0381398,0.00481844,0.00313979,576,26309,26885,35.7358
6946,6947.png,5,0.035,5.00255,0.0402329,0.00255299,0.00523292,576,26309,26885,38.9864
6947,6948.png,5,0.035,5.00255,0.0402329,0.00255299,0.00523292,576,26309,26885,40.6618
6948,6949.png,5,0.035,4.99576,0.0412797,-0.00424337,0.00627966,576,26309,26885,35.475
6949,6950.png,5,0.035,4.99576,0.0412797,-0.00424337,0.00627966,576,26309,26885,35.7941
6950,6951.png,5,0.035,4.99576,0.0412797,-0.00424337,0.00627966,576,26309,26885,38.469
6951,6952.png,5,0.035,5.00482,0.0381398,0.00481844,0.00313979,576,26309,26885,37.8988
6952,6953.png,5,0.035,5.00482,0.0381398,0.00481844,0.00313979,576,26309,26885,35.6357
6953,6954.png,5,0.035,4.99576,0.0412797,-0.00424337,0.00627966,576,26309,26885,35.3011
6954,6955.png,5,0.035,4.99123,0.0402329,-0.00877428,0.00523292,576,26309,26885,33.5609
6955,6956.png,5,0.035,4.99123,0.0402329,-0.00877428,0.00523292,576,26309,26885,35.5986
6956,6957.png,5,0.035,4.99123,0.0402329,-0.00877428,0.00523292,576,26309,26885,36.4624
6957,6958.png,5,0.035,5.00255,0.0402329,0.00255299,0.00523292,576,26309,26885,35.465
6958,6959.png,5,0.035,5.00255,0.0402329,0.00255299,0.00523292,576,26309,26885,31.4443
6959,6960.png,5,0.035,4.99576,0.0412797,-0.00424337,0.00627966,576,26309,26885,28.9228
6960,6961.png,5,0.035,4.99576,0.0412797,-0.00424337,0.00627966,576,26309,26885,38.2481
6961,6962.png,5,0.035,4.99576,0.0412797,-0.00424337,0.00627966,576,26309,26885,36.8231
6962,6963.png,5,0.035,4.99576,0.0412797,-0.00424337,0.00627966,576,26309,26885,37.0538
6963,6964.png,5,0.035,5.00482,0.0391862,0.00481844,0.00418617,576,26309,26885,28.9859
6964,6965.png,5,0.035,5.00482,0.0391862,0.00481844,0.00418617,576,26309,26885,29.1955
6965,6966.png,5,0.035,5.00255,0.0402329,0.00255299,0.00523292,576,26309,26885,23.7595
6966,6967.png,5,0.035,5.00255,0.0402329,0.00255299,0.00523292,576,26309,26885,33.997
6967,6968.png,5,0.035,5.00255,0.0402329,0.00255299,0.00523292,576,26309,26885,37.5344
6968,6969.png,5,0.035,5.00255,0.0402329,0.00255299,0.00523292,576,26309,26885,31.1705
6969,6970.png,5,0.035,5.00482,0.0391862,0.00481844,0.00418617,576,26309,26885,36.576
6970,6971.png,5,0.035,5.00482,0.0391862,0.00481844,0.00418617,576,26309,26885,42.5282
6971,6972.png,5,0.035,4.99123,0.0391862,-0.00877428,0.00418617,576,26309,26885,41.2665
6972,6973.png,5,0.035,4.99123,0.0391862,-0.00877428,0.00418617,576,26309,26885,29.4749
6973,6974.png,5,0.035,4.99349,0.0339532,-0.00650883,-0.00104682,576,26309,26885,38.0479
6974,6975.png,5,0.035,4.99349,0.0339532,-0.00650883,-0.00104682,576,26309,26885,35.8941
6975,6976.png,5,0.035,5.00255,0.0402329,0.00255299,0.00523292,576,26309,26885,32.5317
6976,6977.png,5,0.035,5.00255,0.0402329,0.00255299,0.00523292,576,26309,26885,38.2387
6977,6978.png,5,0.035,4.99576,0.0412797,-0.00424337,0.00627966,576,26309,26885,35.2273
6978,6979.png,5,0.035,4.99576,0.0412797,-0.00424337,0.00627966,576,26309,26885,29.704
6979,6980.png,5,0.035,5.00482,0.0391862,0.00481844,0.00418617,576,26309,26885,38.4759
6980,6981.png,5,0.035,5.00482,0.0391862,0.00481844,0.00418617,576,26309,26885,35.714
6981,6982.png,5,0.035,5.00482,0.0391862,0.00481844,0.00418617,576,26309,26885,35.0469
6982,6983.png,5,0.035,5.00482,0.0391862,0.00481844,0.00418617,576,26309,26885,28.4173
6983,6984.png,5,0.035,5.00708,0.037093,0.00708389,0.00209305,576,26309,26885,35.6501
6984,6985.png,5,0.035,5.00708,0.037093,0.00708389,0.00209305,576,26309,26885,34.6183
6985,6986.png,5,0.035,5.00482,0.0391862,0.00481844,0.00418617,576,26309,26885,28.5233
6986,6987.png,5,0.035,5.00482,0.0391862,0.00481844,0.00418617,576,26309,26885,37.9895
6987,6988.png,5,0.035,4.99349,0.0339532,-0.00650883,-0.00104682,576,26309,26885,37.4055
6988,6989.png,5,0.035,4.99349,0.0339532,-0.00650883,-0.00104682,576,26309,26885,32.5798
6989,6990.png,5,0.035,5.00482,0.0391862,0.00481844,0.00418617,576,26309,26885,35.8667
6990,6991.png,5,0.035,5.00482,0.0391862,0.00481844,0.00418617,576,26309,26885,39.9645
6991,6992.png,5,0.035,5.00708,0.037093,0.00708389,0.00209305,576,26309,26885,31.9055
6992,6993.png,5,0.035,5.00708,0.037093,0.00708389,0.00209305,576,26309,26885,23.6718
6993,6994.png,5,0.035,5.00255,0.0402329,0.00255299,0.00523292,576,26309,26885,24.321
6994,6995.png,5,0.035,5.00255,0.0402329,0.00255299,0.00523292,576,26309,26885,34.5869
6995,6996.png,5,0.035,4.99576,0.0412797,-0.00424337,0.00627966,576,26309,26885,29.5082
6996,6997.png,5,0.035,4.99576,0.0412797,-0.00424337,0.00627966,576,26309,26885,36.9489
6997,6998.png,5,0.035,5.00482,0.0391862,0.00481844,0.00418617,576,26309,26885,35.6662
6998,6999.png,5,0.035,5.00482,0.0391862,0.00481844,0.00418617,576,26309,26885,37.506
6999,7000.png,5,0.035,4.99802,0.0402329,-0.00197792,0.00523292,576,26309,26885,35.2572
7000,7001.png,5,0.035,4.99802,0.0402329,-0.00197792,0.00523292,576,26309,26885,29.5429
7001,7002.png,5,0.035,5.00708,0.037093,0.00708389,0.00209305,576,26309,26885,35.7441
7002,7003.png,5,0.035,5.00708,0.037093,0.00708389,0.00209305,576,26309,26885,37.7798
7003,7004.png,5,0.035,5.00255,0.0402329,0.00255299,0.00523292,576,26309,26885,34.677
7004,7005.png,5,0.035,5.00255,0.0402329,0.00255299,0.00523292,576,26309,26885,35.505
7005,7006.png,5,0.035,4.99576,0.0412797,-0.00424337,0.00627966,576,26309,26885,34.7583
7006,7007.png,5,0.035,4.99576,0.0412797,-0.00424337,0.00627966,576,26309,26885,35.2195
7007,7008.png,5,0.035,5.00482,0.0391862,0.00481844,0.00418617,576,26309,26885,38.1055
7008,7009.png,5,0.035,5.00482,0.0391862,0.00481844,0.00418617,576,26309,26885,31.2689
7009,7010.png,5,0.035,4.99349,0.0339532,-0.00650883,-0.00104682,576,26309,26885,28.8927
7010,7011.png,5,0.035,4.99349,0.0339532,-0.00650883,-0.00104682,576,26309,26885,35.5691
7011,7012.png,5,0.035,5.00255,0.0402329,0.00255299,0.00523292,576,26309,26885,25.6713
7012,7013.png,5,0.035,5.00255,0.0402329,0.00255299,0.00523292,576,26309,26885,36.6008
7013,7014.png,5,0.035,5.00029,0.0412797,0.000287533,0.00627966,576,26309,26885,29.4198
7014,7015.png,5,0.035,5.00029,0.0412797,0.000287533,0.00627966,576,26309,26885,28.278
7015,7016.png,5,0.035,4.99349,0.0339532,-0.00650883,-0.00104682,576,26309,26885,34.0303
7016,7017.png,5,0.035,4.99349,0.0339532,-0.00650883,-0.00104682,576,26309,26885,25.6498
7017,7018.png,5,0.035,5.00482,0.0391862,0.00481844,0.00418617,576,26309,26885,34.4442
7018,7019.png,5,0.035,5.00482,0.0391862,0.00481844,0.00418617,576,26309,26885,41.8145
7019,7020.png,5,0.035,5.00708,0.037093,0.00708389,0.00209305,576,26309,26885,35.7429
7020,7021.png,5,0.035,5.00708,0.037093,0.00708389,0.00209305,576,26309,26885,29.2959
7021,7022.png,5,0.035,5.00482,0.0423264,0.00481844,0.00732641,576,26309,26885,26.0222
7022,7023.png,5,0.035,5.00482,0.0423264,0.00481844,0.00732641,576,26309,26885,33.7546
7023,7024.png,5,0.035,5.00708,0.0391862,0.00708389,0.00418617,576,26309,26885,35.3176
7024,7025.png,5,0.035,5.00708,0.0391862,0.00708389,0.00418617,576,26309,26885,35.6118
7025,7026.png,5,0.035,5.00255,0.0402329,0.00255299,0.00523292,576,26309,26885,34.3098
7026,7027.png,5,0.035,5.00255,0.0402329,0.00255299,0.00523292,576,26309,26885,29.4304
7027,7028.png,5,0.0297,5.00708,0.0391862,0.00708389,0.00948617,576,26309,26885,29.1504
7028,7029.png,5,0.03,5.00708,0.0391862,0.00708389,0.00918617,576,26309,26885,35.5941
7029,7030.png,5,0.03,4.99349,0.0433728,-0.00650883,0.0133728,576,26309,26885,29.0479
7030,7031.png,5,0.03,4.99349,0.0433728,-0.00650883,0.0133728,576,26309,26885,35.47
7031,7032.png,5,0.03,5.00029,0.0412797,0.000287533,0.0112797,576,26309,26885,35.102
7032,7033.png,5,0.03,5.00029,0.0412797,0.000287533,0.0112797,576,26309,26885,34.2642
7033,7034.png,5,0.03,4.99349,0.0339532,-0.00650883,0.00395318,576,26309,26885,35.6283
7034,7035.png,5,0.03,4.99349,0.0339532,-0.00650883,0.00395318,576,26309,26885,34.2611
7035,7036.png,5,0.03,5.00708,0.0360463,0.00708389,0.0060463,576,26309,26885,35.5263
7036,7037.png,5,0.03,5.00708,0.0360463,0.00708389,0.0060463,576,26309,26885,32.3882
7037,7038.png,5,0.03,5.00708,0.037093,0.00708389,0.00709305,576,26309,26885,33.4757
7038,7039.png,5,0.03,5.00708,0.037093,0.00708389,0.00709305,576,26309,26885,32.2933
7039,7040.png,5,0.03,5.00482,0.0423264,0.00481844,0.0123264,576,26309,26885,36.9399
7040,7041.png,5,0.03,5.00482,0.0423264,0.00481844,0.0123264,576,26309,26885,28.6219
7041,7042.png,5,0.03,5.00708,0.037093,0.00708389,0.00709305,576,26309,26885,35.7137
7042,7043.png,5,0.03,5.00708,0.037093,0.00708389,0.00709305,576,26309,26885,35.1813
7043,7044.png,5,0.03,5.00482,0.0391862,0.00481844,0.00918617,576,26309,26885,31.1701
7044,7045.png,5,0.03,5.00482,0.0391862,0.00481844,0.00918617,576,26309,26885,34.677
7045,7046.png,5,0.03,5.00708,0.0391862,0.00708389,0.00918617,576,26309,26885,35.4676
7046,7047.png,5,0.03,5.00708,0.0391862,0.00708389,0.00918617,576,26309,26885,28.6106
7047,7048.png,5,0.03,5.00482,0.0423264,0.00481844,0.0123264,576,26309,26885,32.2859
7048,7049.png,5,0.03,5.00482,0.0423264,0.00481844,0.0123264,576,26309,26885,35.3474
7049,7050.png,5,0.03,5.00255,0.0402329,0.00255299,0.0102329,576,26309,26885,24.1933
7050,7051.png,5,0.03,5.00255,0.0402329,0.00255299,0.0102329,576,26309,26885,36.1738
7051,7052.png,5,0.03,5.00708,0.0391862,0.00708389,0.00918617,576,26309,26885,28.7578
7052,7053.png,5,0.03,5.00708,0.0391862,0.00708389,0.00918617,576,26309,26885,29.4241
7053,7054.png,5,0.03,5.00708,0.0360463,0.00708389,0.0060463,576,26309,26885,32.7822
7054,7055.png,5,0.03,5.00708,0.0360463,0.00708389,0.0060463,576,26309,26885,28.4558
7055,7056.png,5,0.03,5.00708,0.0391862,0.00708389,0.00918617,576,26309,26885,26.4057
7056,7057.png,5,0.03,5.00708,0.0391862,0.00708389,0.00918617,576,26309,26885,29.2318
7057,7058.png,5,0.03,5.00029,0.0391862,0.000287533,0.00918617,576,26309,26885,34.7398
7058,7059.png,5,0.03,5.00029,0.0391862,0.000287533,0.00918617,576,26309,26885,38.6326
7059,7060.png,5,0.03,5.00255,0.0402329,0.00255299,0.0102329,576,26309,26885,41.2183
7060,7061.png,5,0.03,5.00255,0.0402329,0.00255299,0.0102329,576,26309,26885,29.0566
7061,7062.png,5,0.03,5.00255,0.0412797,0.00255299,0.0112797,576,26309,26885,40.5069
7062,7063.png,5,0.03,5.00255,0.0412797,0.00255299,0.0112797,576,26309,26885,38.1359
7063,7064.png,5,0.03,5.00708,0.0433728,0.00708389,0.0133728,576,26309,26885,35.1342
7064,7065.png,5,0.03,5.00708,0.0433728,0.00708389,0.0133728,576,26309,26885,35.545
7065,7066.png,5,0.03,5.00029,0.0391862,0.000287533,0.00918617,576,26309,26885,32.8553
7066,7067.png,5,0.03,5.00029,0.0391862,0.000287533,0.00918617,576,26309,26885,40.7712
7067,7068.png,5,0.03,5.00029,0.0391862,0.000287533,0.00918617,576,26309,26885,31.5639
7068,7069.png,5,0.03,5.00029,0.0391862,0.000287533,0.00918617,576,26309,26885,35.9828
7069,7070.png,5,0.03,5.00708,0.0433728,0.00708389,0.0133728,576,26309,26885,35.418
7070,7071.png,5,0.03,5.00708,0.0433728,0.00708389,0.0133728,576,26309,26885,32.1773
7071,7072.png,5,0.03,5.00482,0.0402329,0.00481844,0.0102329,576,26309,26885,34.2857
7072,7073.png,5,0.03,5.00482,0.0402329,0.00481844,0.0102329,576,26309,26885,35.8093
7073,7074.png,5,0.03,5.00482,0.0391862,0.00481844,0.00918617,576,26309,26885,33.3625
7074,7075.png,5,0.03,5.00482,0.0391862,0.00481844,0.00918617,576,26309,26885,29.5493
7075,7076.png,5,0.03,5.00029,0.0391862,0.000287533,0.00918617,576,26309,26885,33.2938
7076,7077.png,5,0.03,5.00029,0.0391862,0.000287533,0.00918617,576,26309,26885,33.4029
7077,7078.png,5,0.03,5.00482,0.0391862,0.00481844,0.00918617,576,26309,26885,24.4308
7078,7079.png,5,0.03,5.00482,0.0391862,0.00481844,0.00918617,576,26309,26885,32.1462
7079,7080.png,5,0.03,5.00482,0.0391862,0.00481844,0.00918617,576,26309,26885,35.4548
7080,7081.png,5,0.03,5.00482,0.0391862,0.00481844,0.00918617,576,26309,26885,35.3718
7081,7082.png,5,0.03,5.00708,0.0433728,0.00708389,0.0133728,576,26309,26885,35.6355
7082,7083.png,5,0.03,5.00708,0.0433728,0.00708389,0.0133728,576,26309,26885,36.1147
7083,7084.png,5,0.03,5.01161,0.0391862,0.0116148,0.00918617,576,26309,26885,33.5814
7084,7085.png,5,0.03,5.01161,0.0391862,0.0116148,0.00918617,576,26309,26885,33.2458
7085,7086.png,5,0.03,5.00482,0.0391862,0.00481844,0.00918617,576,26309,26885,36.0654
7086,7087.png,5,0.03,5.00482,0.0391862,0.00481844,0.00918617,576,26309,26885,35.2174
7087,7088.png,5,0.03,5.00029,0.037093,0.000287533,0.00709305,576,26309,26885,28.9517
7088,7089.png,5,0.03,5.00029,0.037093,0.000287533,0.00709305,576,26309,26885,34.9646
7089,7090.png,5,0.03,4.99802,0.0381398,-0.00197792,0.00813979,576,26309,26885,38.6634
7090,7091.png,5,0.03,4.99802,0.0381398,-0.00197792,0.00813979,576,26309,26885,34.9515
7091,7092.png,5,0.03,4.99576,0.0381398,-0.00424337,0.00813979,576,26309,26885,35.5897
7092,7093.png,5,0.03,4.99576,0.0381398,-0.00424337,0.00813979,576,26309,26885,28.4771
7093,7094.png,5,0.03,5.01161,0.0433728,0.0116148,0.0133728,576,26309,26885,35.8352
7094,7095.png,5,0.03,5.01161,0.0433728,0.0116148,0.0133728,576,26309,26885,34.8147
7095,7096.png,5,0.03,5.00708,0.0339532,0.00708389,0.00395318,576,26309,26885,34.9216
7096,7097.png,5,0.03,5.00708,0.0339532,0.00708389,0.00395318,576,26309,26885,30.8769
7097,7098.png,5,0.03,5.00482,0.0391862,0.00481844,0.00918617,576,26309,26885,38.639
7098,7099.png,5,0.03,5.00482,0.0391862,0.00481844,0.00918617,576,26309,26885,44.8861
7099,7100.png,5,0.03,5.00708,0.0391862,0.00708389,0.00918617,576,26309,26885,33.2757
7100,7101.png,5,0.03,5.00708,0.0391862,0.00708389,0.00918617,576,26309,26885,38.4296
7101,7102.png,5,0.03,5.00708,0.0339532,0.00708389,0.00395318,576,26309,26885,28.6439
7102,7103.png,5,0.03,5.00708,0.0339532,0.00708389,0.00395318,576,26309,26885,37.7293
7103,7104.png,5,0.03,5.00482,0.0391862,0.00481844,0.00918617,576,26309,26885,42.0709
7104,7105.png,5,0.03,5.00482,0.0391862,0.00481844,0.00918617,576,26309,26885,23.6015
7105,7106.png,5,0.03,5.00029,0.037093,0.000287533,0.00709305,576,26309,26885,25.5211
7106,7107.png,5,0.03,5.00029,0.037093,0.000287533,0.00709305,576,26309,26885,34.5247
7107,7108.png,5,0.03,5.00482,0.0391862,0.00481844,0.00918617,576,26309,26885,30.9168
7108,7109.png,5,0.03,5.00482,0.0391862,0.00481844,0.00918617,576,26309,26885,38.2078
7109,7110.png,5,0.03,4.99576,0.0381398,-0.00424337,0.00813979,576,26309,26885,35.8093
7110,7111.png,5,0.03,4.99576,0.0381398,-0.00424337,0.00813979,576,26309,26885,33.528
7111,7112.png,5,0.03,5.01161,0.0433728,0.0116148,0.0133728,576,26309,26885,35.6819
7112,7113.png,5,0.03,5.01161,0.0433728,0.0116148,0.0133728,576,26309,26885,34.9149
7113,7114.png,5,0.03,5.00708,0.0339532,0.00708389,0.00395318,576,26309,26885,38.1326
7114,7115.png,5,0.03,5.00708,0.0339532,0.00708389,0.00395318,576,26309,26885,35.7783
7115,7116.png,5,0.03,5.00482,0.0391862,0.00481844,0.00918617,576,26309,26885,35.8535
7116,7117.png,5,0.03,5.00482,0.0391862,0.00481844,0.00918617,576,26309,26885,35.7062
7117,7118.png,5,0.03,4.99802,0.0381398,-0.00197792,0.00813979,576,26309,26885,35.7214
7118,7119.png,5,0.03,4.99802,0.0381398,-0.00197792,0.00813979,576,26309,26885,31.1896
7119,7120.png,5,0.03,5.00482,0.0402329,0.00481844,0.0102329,576,26309,26885,37.1347
7120,7121.png,5,0.03,5.00482,0.0402329,0.00481844,0.0102329,576,26309,26885,28.8756
7121,7122.png,5,0.03,5.01161,0.0433728,0.0116148,0.0133728,576,26309,26885,35.7734
7122,7123.png,5,0.03,5.01161,0.0433728,0.0116148,0.0133728,576,26309,26885,34.907
7123,7124.png,5,0.03,5.00029,0.037093,0.000287533,0.00709305,576,26309,26885,32.7765
7124,7125.png,5,0.03,5.00029,0.037093,0.000287533,0.00709305,576,26309,26885,34.381
7125,7126.png,5,0.03,5.00482,0.0391862,0.00481844,0.00918617,576,26309,26885,35.0986
7126,7127.png,5,0.03,5.00482,0.0391862,0.00481844,0.00918617,576,26309,26885,33.7117
7127,7128.png,5,0.03,4.99576,0.0381398,-0.00424337,0.00813979,576,26309,26885,28.9791
7128,7129.png,5,0.03,4.99576,0.0381398,-0.00424337,0.00813979,576,26309,26885,35.1592
7129,7130.png,5,0.03,5.01161,0.0433728,0.0116148,0.0133728,576,26309,26885,42.6232
7130,7131.png,5,0.03,5.01161,0.0433728,0.0116148,0.0133728,576,26309,26885,36.1939
7131,7132.png,5,0.03,5.00708,0.0339532,0.00708389,0.00395318,576,26309,26885,35.7818
7132,7133.png,5,0.03,5.00708,0.0339532,0.00708389,0.00395318,576,26309,26885,23.6725
7133,7134.png,5,0.03,4.99802,0.0381398,-0.00197792,0.00813979,576,26309,26885,27.5519
7134,7135.png,5,0.03,4.99802,0.0381398,-0.00197792,0.00813979,576,26309,26885,34.8483
7135,7136.png,5,0.03,4.99802,0.0381398,-0.00197792,0.00813979,576,26309,26885,38.5195
7136,7137.png,5,0.03,4.99802,0.0381398,-0.00197792,0.00813979,576,26309,26885,30.1302
7137,7138.png,5,0.03,5.00482,0.0381398,0.00481844,0.00813979,576,26309,26885,41.8315
7138,7139.png,5,0.03,5.00482,0.0381398,0.00481844,0.00813979,576,26309,26885,34.5812
7139,7140.png,5,0.03,5.01161,0.0433728,0.0116148,0.0133728,576,26309,26885,35.5353
7140,7141.png,5,0.03,5.01161,0.0433728,0.0116148,0.0133728,576,26309,26885,35.4636
7141,7142.png,5,0.03,4.99576,0.0381398,-0.00424337,0.00813979,576,26309,26885,35.5949
7142,7143.png,5,0.03,4.99576,0.0381398,-0.00424337,0.00813979,576,26309,26885,29.3856
7143,7144.png,5,0.03,5.00482,0.0391862,0.00481844,0.00918617,576,26309,26885,41.414
7144,7145.png,5,0.03,5.00482,0.0391862,0.00481844,0.00918617,576,26309,26885,35.3841
7145,7146.png,5,0.0247,4.99576,0.0381398,-0.00424337,0.0134398,576,26309,26885,35.3712
7146,7147.png,5,0.025,4.99576,0.0381398,-0.00424337,0.0131398,576,26309,26885,35.4739
7147,7148.png,5,0.025,5.00482,0.0402329,0.00481844,0.0152329,576,26309,26885,34.1442
7148,7149.png,5,0.025,5.00482,0.0402329,0.00481844,0.0152329,576,26309,26885,29.6095
7149,7150.png,5,0.025,5.00708,0.0339532,0.00708389,0.00895318,576,26309,26885,32.3791
7150,7151.png,5,0.025,5.00708,0.0339532,0.00708389,0.00895318,576,26309,26885,35.5387
7151,7152.png,5,0.025,4.99576,0.0381398,-0.00424337,0.0131398,576,26309,26885,35.6837
7152,7153.png,5,0.025,4.99576,0.0381398,-0.00424337,0.0131398,576,26309,26885,34.0757
7153,7154.png,13,0.0135,4.99802,0.0381398,-8.00198,0.0246398,576,26309,26885,35.7454
7154,7155.png,13,0.0135,4.99802,0.0381398,-8.00198,0.0246398,576,26309,26885,34.1232
7155,7156.png,13,0.0135,5.00482,0.0381398,-7.99518,0.0246398,576,26309,26885,29.4583
7156,7157.png,13,0.0135,5.00482,0.0381398,-7.99518,0.0246398,576,26309,26885,44.2563
7157,7158.png,13,0.0135,5.00482,0.0381398,-7.99518,0.0246398,576,26309,26885,36.0569
7158,7159.png,13,0.0135,5.00482,0.0381398,-7.99518,0.0246398,576,26309,26885,28.5245
7159,7160.png,5,0.025,5.00255,0.0308129,0.00255299,0.00581294,576,26309,26885,35.7158
7160,7161.png,5,0.025,5.00255,0.0308129,0.00255299,0.00581294,576,26309,26885,23.5561
7161,7162.png,5,0.025,5.00255,0.0308129,0.00255299,0.00581294,576,26309,26885,35.0981
7162,7163.png,5,0.025,5.00255,0.0308129,0.00255299,0.00581294,576,26309,26885,29.2299
7163,7164.png,5,0.025,5.00029,0.02558,0.000287533,0.000579953,576,26309,26885,32.643
7164,7165.png,5,0.025,5.00029,0.02558,0.000287533,0.000579953,576,26309,26885,32.392
7165,7166.png,5,0.025,5.00029,0.0349996,0.000287533,0.00999955,576,26309,26885,37.7536
7166,7167.png,5,0.025,5.00029,0.0349996,0.000287533,0.00999955,576,26309,26885,35.283
7167,7168.png,5,0.025,4.99123,0.0339532,-0.00877428,0.00895318,576,26309,26885,35.317
7168,7169.png,5,0.025,4.99123,0.0339532,-0.00877428,0.00895318,576,26309,26885,35.1989
7169,7170.png,5,0.025,5.00029,0.0349996,0.000287533,0.00999955,576,26309,26885,43.5045
7170,7171.png,5,0.025,5.00029,0.0349996,0.000287533,0.00999955,576,26309,26885,35.8526
7171,7172.png,5,0.025,4.99123,0.0339532,-0.00877428,0.00895318,576,26309,26885,35.2768
7172,7173.png,5,0.025,4.99123,0.0339532,-0.00877428,0.00895318,576,26309,26885,39.5847
7173,7174.png,5,0.025,5.00029,0.0349996,0.000287533,0.00999955,576,26309,26885,30.3228
7174,7175.png,5,0.025,5.00029,0.0349996,0.000287533,0.00999955,576,26309,26885,38.3819
7175,7176.png,5,0.025,5.00029,0.0349996,0.000287533,0.00999955,576,26309,26885,41.8634
7176,7177.png,5,0.025,5.00029,0.0349996,0.000287533,0.00999955,576,26309,26885,37.8792
7177,7178.png,5,0.025,4.99576,0.0339532,-0.00424337,0.00895318,576,26309,26885,32.7231
7178,7179.png,5,0.025,4.99576,0.0339532,-0.00424337,0.00895318,576,26309,26885,37.9361
7179,7180.png,5,0.025,4.99802,0.0360463,-0.00197792,0.0110463,576,26309,26885,35.1974
7180,7181.png,5,0.025,4.99802,0.0360463,-0.00197792,0.0110463,576,26309,26885,32.9853
7181,7182.png,5,0.025,4.99123,0.0339532,-0.00877428,0.00895318,576,26309,26885,37.7074
7182,7183.png,5,0.025,4.99123,0.0339532,-0.00877428,0.00895318,576,26309,26885,35.9164
7183,7184.png,5,0.025,5.00029,0.0349996,0.000287533,0.00999955,576,26309,26885,35.6184
7184,7185.png,5,0.025,5.00029,0.0349996,0.000287533,0.00999955,576,26309,26885,27.6867
7185,7186.png,5,0.025,4.99123,0.0339532,-0.00877428,0.00895318,576,26309,26885,44.1327
7186,7187.png,5,0.025,4.99123,0.0339532,-0.00877428,0.00895318,576,26309,26885,35.633
7187,7188.png,5,0.025,4.99802,0.0360463,-0.00197792,0.0110463,576,26309,26885,23.5848
7188,7189.png,5,0.025,4.99802,0.0360463,-0.00197792,0.0110463,576,26309,26885,46.1212
7189,7190.png,5,0.025,4.99802,0.0360463,-0.00197792,0.0110463,576,26309,26885,25.8275
7190,7191.png,5,0.025,4.99802,0.0360463,-0.00197792,0.0110463,576,26309,26885,40.5272
7191,7192.png,5,0.025,5.00029,0.0349996,0.000287533,0.00999955,576,26309,26885,28.5962
7192,7193.png,5,0.025,5.00029,0.0349996,0.000287533,0.00999955,576,26309,26885,34.9702
7193,7194.png,5,0.025,4.99123,0.0339532,-0.00877428,0.00895318,576,26309,26885,35.5558
7194,7195.png,5,0.025,4.99123,0.0339532,-0.00877428,0.00895318,576,26309,26885,34.8814
7195,7196.png,5,0.025,4.99123,0.0339532,-0.00877428,0.00895318,576,26309,26885,35.5384
7196,7197.png,5,0.025,4.99123,0.0339532,-0.00877428,0.00895318,576,26309,26885,31.2486
7197,7198.png,5,0.025,4.99802,0.0360463,-0.00197792,0.0110463,576,26309,26885,36.213
7198,7199.png,5,0.025,4.99802,0.0360463,-0.00197792,0.0110463,576,26309,26885,35.7041
7199,7200.png,5,0.025,4.99349,0.0318597,-0.00650883,0.00685969,576,26309,26885,33.821
7200,7201.png,5,0.025,4.99349,0.0318597,-0.00650883,0.00685969,576,26309,26885,35.1427
7201,7202.png,5,0.025,5.00029,0.0349996,0.000287533,0.00999955,576,26309,26885,32.2475
7202,7203.png,5,0.025,5.00029,0.0349996,0.000287533,0.00999955,576,26309,26885,26.0784
7203,7204.png,5,0.025,4.99123,0.0339532,-0.00877428,0.00895318,576,26309,26885,34.7733
7204,7205.png,5,0.025,4.99123,0.0339532,-0.00877428,0.00895318,576,26309,26885,30.9
7205,7206.png,5,0.025,4.99802,0.0339532,-0.00197792,0.00895318,576,26309,26885,29.719
7206,7207.png,5,0.025,4.99802,0.0339532,-0.00197792,0.00895318,576,26309,26885,30.1694
7207,7208.png,5,0.025,4.99349,0.0308129,-0.00650883,0.00581294,576,26309,26885,35.6445
7208,7209.png,5,0.025,4.99349,0.0308129,-0.00650883,0.00581294,576,26309,26885,34.4646
7209,7210.png,5,0.025,5.00029,0.0349996,0.000287533,0.00999955,576,26309,26885,34.4917
7210,7211.png,5,0.025,5.00029,0.0349996,0.000287533,0.00999955,576,26309,26885,35.4918
7211,7212.png,5,0.025,5.00029,0.0349996,0.000287533,0.00999955,576,26309,26885,35.1787
7212,7213.png,5,0.025,5.00029,0.0349996,0.000287533,0.00999955,576,26309,26885,35.4468
7213,7214.png,5,0.025,4.99576,0.0339532,-0.00424337,0.00895318,576,26309,26885,30.8204
7214,7215.png,5,0.025,4.99576,0.0339532,-0.00424337,0.00895318,576,26309,26885,37.1482
7215,7216.png,5,0.025,4.99349,0.0349996,-0.00650883,0.00999955,576,26309,26885,26.8858
7216,7217.png,5,0.025,4.99349,0.0349996,-0.00650883,0.00999955,576,26309,26885,37.5388
7217,7218.png,5,0.025,4.99802,0.0318597,-0.00197792,0.00685969,576,26309,26885,35.4369
7218,7219.png,5,0.025,4.99802,0.0318597,-0.00197792,0.00685969,576,26309,26885,38.2455
7219,7220.png,5,0.025,4.99349,0.0360463,-0.00650883,0.0110463,576,26309,26885,36.4924
7220,7221.png,5,0.025,4.99349,0.0360463,-0.00650883,0.0110463,576,26309,26885,39.1093
7221,7222.png,5,0.025,4.99802,0.0339532,-0.00197792,0.00895318,576,26309,26885,28.9092
7222,7223.png,5,0.025,4.99802,0.0339532,-0.00197792,0.00895318,576,26309,26885,35.5592
7223,7224.png,5,0.025,4.99802,0.0339532,-0.00197792,0.00895318,576,26309,26885,37.7716
7224,7225.png,5,0.025,4.99802,0.0339532,-0.00197792,0.00895318,576,26309,26885,30.5056
7225,7226.png,5,0.025,4.99123,0.0308129,-0.00877428,0.00581294,576,26309,26885,32.3374
7226,7227.png,5,0.025,4.99123,0.0308129,-0.00877428,0.00581294,576,26309,26885,36.8758
7227,7228.png,5,0.025,4.99802,0.0318597,-0.00197792,0.00685969,576,26309,26885,44.7479
7228,7229.png,5,0.025,4.99802,0.0318597,-0.00197792,0.00685969,576,26309,26885,36.2514
7229,7230.png,5,0.025,4.99123,0.0360463,-0.00877428,0.0110463,576,26309,26885,35.9525
7230,7231.png,5,0.025,4.99123,0.0360463,-0.00877428,0.0110463,576,26309,26885,34.9682
7231,7232.png,5,0.025,4.99576,0.0339532,-0.00424337,0.00895318,576,26309,26885,31.0642
7232,7233.png,5,0.025,4.99576,0.0339532,-0.00424337,0.00895318,576,26309,26885,36.5414
7233,7234.png,5,0.025,4.99123,0.0360463,-0.00877428,0.0110463,576,26309,26885,35.8908
7234,7235.png,5,0.025,4.99123,0.0360463,-0.00877428,0.0110463,576,26309,26885,38.1024
7235,7236.png,5,0.025,4.98216,0.0297666,-0.0178361,0.00476657,576,26309,26885,32.1957
7236,7237.png,5,0.025,4.98216,0.0297666,-0.0178361,0.00476657,576,26309,26885,35.011
7237,7238.png,5,0.025,5.00029,0.0318597,0.000287533,0.00685969,576,26309,26885,28.7986
7238,7239.png,5,0.025,5.00029,0.0318597,0.000287533,0.00685969,576,26309,26885,35.3648
7239,7240.png,5,0.025,4.98669,0.0245332,-0.0133052,-0.000466794,576,26309,26885,34.8335
7240,7241.png,5,0.025,4.98669,0.0245332,-0.0133052,-0.000466794,576,26309,26885,35.8804
7241,7242.png,5,0.025,4.99802,0.0172067,-0.00197792,-0.00779328,576,26309,26885,37.9307
7242,7243.png,5,0.025,4.99802,0.0172067,-0.00197792,-0.00779328,576,26309,26885,26.9098
7243,7244.png,13,0.01055,4.99349,0.00778675,-8.00651,-0.00276325,576,26309,26885,24.5378
7244,7245.png,13,0.0108,4.99349,0.00778675,-8.00651,-0.00301325,576,26309,26885,29.0218
7245,7246.png,13,0.0108,5.00029,-0.00895971,-7.99971,-0.0197597,576,26309,26885,35.4586
7246,7247.png,13,0.0108,5.00029,-0.00895971,-7.99971,-0.0197597,576,26309,26885,34.2359
7247,7248.png,13,-0.0128,4.99802,-0.0518726,-8.00198,-0.0390726,576,26309,26885,35.7443
7248,7249.png,13,-0.0108,4.99802,-0.0518726,-8.00198,-0.0410726,576,26309,26885,35.15
7249,7250.png,5,-0.3751,5.02294,-0.351215,0.0229425,0.0238847,576,26309,26885,35.3466
7250,7251.png,5,-0.355,5.02294,-0.351215,0.0229425,0.00378469,576,26309,26885,35.8378
7251,7252.png,5,-0.93445,5.08185,-0.917455,0.0818453,0.0169954,576,26309,26885,35.8712
7252,7253.png,5,-0.90045,5.08185,-0.917455,0.0818453,-0.0170046,576,26309,26885,38.0125
7253,7254.png,5,-1.61425,4.92779,-1.57999,-0.0722079,0.0342641,576,26309,26885,38.6621
7254,7255.png,5,-1.568,4.92779,-1.57999,-0.0722079,-0.0119859,576,26309,26885,34.9731
7255,7256.png,5,-1.94625,4.95498,-1.75896,-0.045022,0.187286,576,26309,26885,25.6466
7256,7257.png,5,-1.924,4.95498,-1.75896,-0.045022,0.165036,576,26309,26885,35.9761
7257,7258.png,5,-1.85025,4.92326,-1.85526,-0.0767388,-0.0050056,576,26309,26885,36.9677
7258,7259.png,5,-1.82975,4.92326,-1.85526,-0.0767388,-0.0255057,576,26309,26885,35.0079
7259,7260.png,5,-1.93825,4.90061,-1.8584,-0.0993938,0.0798544,576,26309,26885,34.6906
7260,7261.png,5,-1.9305,4.90061,-1.8584,-0.0993938,0.0721045,576,26309,26885,35.6044
7261,7262.png,5,-2.004,4.8553,-1.68884,-0.144703,0.315162,576,26309,26885,30.3533
7262,7263.png,5,-1.99875,4.8553,-1.68884,-0.144703,0.309912,576,26309,26885,28.9228
7263,7264.png,5,-2.05825,4.80999,-1.51405,-0.190013,0.544203,576,26309,26885,35.5035
7264,7265.png,5,-2.054,4.80999,-1.51405,-0.190013,0.539953,576,26309,26885,34.702
7265,7266.png,5,-2.0715,4.7828,-1.45962,-0.217199,0.611879,576,26309,26885,35.3705
7266,7267.png,5,-2.07025,4.7828,-1.45962,-0.217199,0.610629,576,26309,26885,35.4853
7267,7268.png,5,-2.02825,4.83264,-1.63127,-0.167358,0.396978,576,26309,26885,31.193
7268,7269.png,5,-2.03125,4.83264,-1.63127,-0.167358,0.399978,576,26309,26885,35.4132
7269,7270.png,5,-1.93325,4.90967,-1.83956,-0.090332,0.0936941,576,26309,26885,36.3998
7270,7271.png,5,-1.94025,4.90967,-1.83956,-0.090332,0.100694,576,26309,26885,31.8886
7271,7272.png,5,-1.79675,4.93912,-1.74117,-0.0608807,0.0555795,576,26309,26885,24.4102
7272,7273.png,5,-1.807,4.93912,-1.74117,-0.0608807,0.0658296,576,26309,26885,34.5069
7273,7274.png,5,-1.499,4.98669,-1.51091,-0.0133052,-0.0119067,576,26309,26885,28.8027
7274,7275.png,5,-1.521,4.98669,-1.51091,-0.0133052,0.0100933,576,26309,26885,35.7105
7275,7276.png,5,-1.521,4.98669,-1.51091,-0.0133052,0.0100933,576,26309,26885,31.9193
7276,7277.png,5,-1.25175,5.00255,-1.28378,0.00255299,-0.0320331,576,26309,26885,36.6032
7277,7278.png,5,-1.2775,5.00255,-1.28378,0.00255299,-0.00628304,576,26309,26885,37.7867
7278,7279.png,5,-0.8725,5.04786,-0.947807,0.0478625,-0.0753074,576,26309,26885,30.8684
7279,7280.png,5,-0.8995,5.04786,-0.947807,0.0478625,-0.0483074,576,26309,26885,37.5618
7280,7281.png,5,-0.502,4.95271,-0.576246,-0.0472879,-0.0742458,576,26309,26885,30.0827
7281,7282.png,5,-0.5285,4.95271,-0.576246,-0.0472879,-0.0477457,576,26309,26885,35.8045
7282,7283.png,5,-0.13425,4.96631,-0.188984,-0.0336947,-0.0547341,576,26309,26885,36.0807
7283,7284.png,5,-0.16125,4.96631,-0.188984,-0.0336947,-0.0277341,576,26309,26885,35.6563
7284,7285.png,5,0.2275,4.99576,0.185718,-0.00424337,-0.041782,576,26309,26885,35.8701
7285,7286.png,5,0.204,4.99576,0.185718,-0.00424337,-0.018282,576,26309,26885,35.4501
7286,7287.png,5,0.6578,4.94365,0.479827,-0.0563498,-0.177973,576,26309,26885,34.9892
7287,7288.png,5,0.635,4.94365,0.479827,-0.0563498,-0.155173,576,26309,26885,29.8169
7288,7289.png,5,0.635,4.94365,0.479827,-0.0563498,-0.155173,576,26309,26885,35.4246
7289,7290.png,5,0.78705,4.83717,0.717418,-0.162827,-0.0696324,576,26309,26885,35.6586
7290,7291.png,5,0.7743,4.83717,0.717418,-0.162827,-0.0568823,576,26309,26885,36.0389
7291,7292.png,5,0.7743,4.83717,0.717418,-0.162827,-0.0568823,576,26309,26885,34.3731
7292,7293.png,5,0.8755,4.90061,0.651479,-0.0993938,-0.224021,576,26309,26885,35.135
7293,7294.png,5,0.87,4.90061,0.651479,-0.0993938,-0.218521,576,26309,26885,33.8147
