INFO-FLOW: Workspace /home/miguel_tfg/FINN-v0.9-Stable/notebooks/UAH_example/FINN_build/code_gen_ipgen_MatrixVectorActivation_1_ufvsgxba/project_MatrixVectorActivation_1/sol1 opened at Tue Jun 16 08:10:57 +0000 2026
Execute     send_msg_by_id INFO @200-1505@%s%s default  vivado 
INFO: [HLS 200-1505] Using default flow_target 'vivado'
Execute     send_msg_by_id INFO @200-435@%s%s 'open_solution -flow_target vivado' config_interface -m_axi_latency=0 
INFO: [HLS 200-435] Setting 'open_solution -flow_target vivado' configuration: config_interface -m_axi_latency=0
Execute     config_interface -m_axi_latency=0 
Execute   set_part xc7z020clg400-1 
INFO: [HLS 200-1510] Running: set_part xc7z020clg400-1 
Execute     create_platform xc7z020clg400-1 -board  
DBG:HLSDevice: Trying to load device library: /tools/Xilinx/Vitis_HLS/2022.2/lib/lnx64.o/libxv_hlsvwrap.so
DBG:HLSDevice: first parts/arch.xml in RDI_DATADIR: /tools/Xilinx/Vivado/2022.2/data/parts/arch.xml
DBG:HLSDevice: init success
INFO: [HLS 200-1611] Setting target device to 'xc7z020-clg400-1'
Command     create_platform done; 1.96 sec.
Execute     source /tools/Xilinx/Vitis_HLS/2022.2/common/technology/xilinx/common/xilinx.gen 
Execute       source /tools/Xilinx/Vitis_HLS/2022.2/common/technology/xilinx/interface/plb46.gen 
Execute       source /tools/Xilinx/Vitis_HLS/2022.2/common/technology/xilinx/interface/axi4.gen 
Execute       source /tools/Xilinx/Vitis_HLS/2022.2/common/technology/xilinx/interface/nativeAXI4.gen 
Execute         source /tools/Xilinx/Vitis_HLS/2022.2/common/technology/xilinx/interface/saxilite.gen 
Execute       source /tools/Xilinx/Vitis_HLS/2022.2/common/technology/xilinx/scripts/xilinxcoregen.gen 
Execute       source /tools/Xilinx/Vitis_HLS/2022.2/common/technology/xilinx/interface/XilEDKCoreGen.gen 
Execute       source /tools/Xilinx/Vitis_HLS/2022.2/common/technology/xilinx/ip/util.gen 
Execute       source /tools/Xilinx/Vitis_HLS/2022.2/common/technology/xilinx/ip/xfir.gen 
Execute       source /tools/Xilinx/Vitis_HLS/2022.2/common/technology/xilinx/ip/xfft.gen 
Execute       source /tools/Xilinx/Vitis_HLS/2022.2/common/technology/xilinx/ip/dds_compiler.gen 
Execute       source /tools/Xilinx/Vitis_HLS/2022.2/common/technology/xilinx/DSP48/dsp48.gen 
Execute     ap_part_info -name xc7z020-clg400-1 -data info 
Execute     config_compile -quiet -complex-mul-dsp=0 
Command   set_part done; 2.04 sec.
Execute   config_compile -disable_unroll_code_size_check -pipeline_style flp 
INFO: [HLS 200-1510] Running: config_compile -disable_unroll_code_size_check -pipeline_style flp 
WARNING: [XFORM 203-506] Disable code size check when do loop unroll.
WARNING: [HLS 200-643] The 'config_compile -disable_unroll_code_size_check' hidden command is deprecated and will be removed in a future release.
Execute   config_interface -m_axi_addr64 
INFO: [HLS 200-1510] Running: config_interface -m_axi_addr64 
Execute   config_rtl -module_auto_prefix 
INFO: [HLS 200-1510] Running: config_rtl -module_auto_prefix 
Execute   config_rtl -deadlock_detection none 
INFO: [HLS 200-1510] Running: config_rtl -deadlock_detection none 
Execute   create_clock -period 10.0 -name default 
INFO: [HLS 200-1510] Running: create_clock -period 10.0 -name default 
Execute     ap_set_clock -name default -period 10 -default=false 
INFO: [SYN 201-201] Setting up clock 'default' with a period of 10ns.
Execute   csynth_design 
INFO: [HLS 200-1510] Running: csynth_design 
Execute     elaborate -effort=medium -skip_syncheck=0 -keep_printf=0 -skip_cdt=0 -skip_transform=0 -ng=0 -g=0 -opt_fp=0 -from_csynth_design=1 
INFO: [HLS 200-111] Finished File checks and directory preparation: CPU user time: 0.01 seconds. CPU system time: 0.01 seconds. Elapsed time: 10.03 seconds; current allocated memory: 1.469 GB.
INFO: [HLS 200-10] Analyzing design file '/home/miguel_tfg/FINN-v0.9-Stable/notebooks/UAH_example/FINN_build/code_gen_ipgen_MatrixVectorActivation_1_ufvsgxba/top_MatrixVectorActivation_1.cpp' ... 
INFO-FLOW: Compiling one TU...
INFO-FLOW: Handling /home/miguel_tfg/FINN-v0.9-Stable/notebooks/UAH_example/FINN_build/code_gen_ipgen_MatrixVectorActivation_1_ufvsgxba/top_MatrixVectorActivation_1.cpp as C++
Execute       ap_part_info -name xc7z020-clg400-1 -data info 
INFO-FLOW: Running: GCC PP 39
INFO-FLOW: Source preprocessing
Execute       ap_eval exec -ignorestderr /tools/Xilinx/Vitis_HLS/2022.2/lnx64/tools/clang-3.9-csynth/bin/clang /home/miguel_tfg/FINN-v0.9-Stable/notebooks/UAH_example/FINN_build/code_gen_ipgen_MatrixVectorActivation_1_ufvsgxba/top_MatrixVectorActivation_1.cpp -foptimization-record-file=/home/miguel_tfg/FINN-v0.9-Stable/notebooks/UAH_example/FINN_build/code_gen_ipgen_MatrixVectorActivation_1_ufvsgxba/project_MatrixVectorActivation_1/sol1/.autopilot/db/top_MatrixVectorActivation_1.cpp.clang.diag.yml -mllvm -pass-remarks-missed=reflow|pasta|unroll -mllvm -pass-remarks=reflow|pasta|unroll|inline -fno-limit-debug-info -gcc-toolchain /tools/Xilinx/Vitis_HLS/2022.2/tps/lnx64/gcc-8.3.0 -fhls -fno-exceptions -E -std=c++14 -I/home/miguel_tfg/FINN-v0.9-Stable/deps/finn-hlslib -I/home/miguel_tfg/FINN-v0.9-Stable/custom_hls -fno-math-errno -c -emit-llvm -mllvm -disable-llvm-optzns -Werror=implicit-function-declaration -Werror=implicit-hls-streams -Werror=return-type -Wpragmas -Wunused-parameter -Wdump-hls-pragmas -Wno-error=dump-hls-pragmas -fno-threadsafe-statics -fno-use-cxa-atexit -target fpga64-xilinx-linux-gnu -fno-threadsafe-statics -fno-use-cxa-atexit -D__VITIS_HLS__ -DAESL_SYN -D__SYNTHESIS__ -D__HLS_SYN__ -I /tools/Xilinx/Vitis_HLS/2022.2/common/technology/autopilot -I /tools/Xilinx/Vitis_HLS/2022.2/common/technology/autopilot/ap_sysc -include etc/autopilot_ssdm_op.h -D__DSP48E1__ -I /usr/include/x86_64-linux-gnu -o /home/miguel_tfg/FINN-v0.9-Stable/notebooks/UAH_example/FINN_build/code_gen_ipgen_MatrixVectorActivation_1_ufvsgxba/project_MatrixVectorActivation_1/sol1/.autopilot/db/top_MatrixVectorActivation_1.pp.0.cpp -hls-platform-db-name=/tools/Xilinx/Vitis_HLS/2022.2/common/technology/xilinx/common/platform.db -hls-platform-name=zynq_slow -device-resource-info=BRAM_280.000000_DSP_220.000000_FF_106400.000000_LUT_53200.000000_SLICE_13300.000000_URAM_0.000000 -device-name-info=xc7z020clg400-1 > /home/miguel_tfg/FINN-v0.9-Stable/notebooks/UAH_example/FINN_build/code_gen_ipgen_MatrixVectorActivation_1_ufvsgxba/project_MatrixVectorActivation_1/sol1/.autopilot/db/top_MatrixVectorActivation_1.cpp.clang.out.log 2> /home/miguel_tfg/FINN-v0.9-Stable/notebooks/UAH_example/FINN_build/code_gen_ipgen_MatrixVectorActivation_1_ufvsgxba/project_MatrixVectorActivation_1/sol1/.autopilot/db/top_MatrixVectorActivation_1.cpp.clang.err.log 
Command       ap_eval done; 0.2 sec.
INFO-FLOW: Done: GCC PP 39 time: 0.2 seconds per iteration
Execute       set_directive_top MatrixVectorActivation_1 -name=MatrixVectorActivation_1 
Execute       source /tools/Xilinx/Vitis_HLS/2022.2/tps/tcl/tcllib1.11.1/yaml/huddle.tcl 
Execute       source /tools/Xilinx/Vitis_HLS/2022.2/tps/tcl/tcllib1.11.1/yaml/json2huddle.tcl 
INFO-FLOW: Source syntax check for synthesis
Execute       ap_eval exec -ignorestderr /tools/Xilinx/Vitis_HLS/2022.2/lnx64/tools/clang-3.9-csynth/bin/clang -foptimization-record-file=/home/miguel_tfg/FINN-v0.9-Stable/notebooks/UAH_example/FINN_build/code_gen_ipgen_MatrixVectorActivation_1_ufvsgxba/project_MatrixVectorActivation_1/sol1/.autopilot/db/clang.diag.yml -mllvm -pass-remarks-missed=reflow|pasta|unroll -mllvm -pass-remarks=reflow|pasta|unroll|inline -fsyntax-only -fhls -target fpga64-xilinx-linux-gnu /home/miguel_tfg/FINN-v0.9-Stable/notebooks/UAH_example/FINN_build/code_gen_ipgen_MatrixVectorActivation_1_ufvsgxba/project_MatrixVectorActivation_1/sol1/.autopilot/db/top_MatrixVectorActivation_1.pp.0.cpp -hls-platform-db-name=/tools/Xilinx/Vitis_HLS/2022.2/common/technology/xilinx/common/platform.db -hls-platform-name=zynq_slow -device-resource-info=BRAM_280.000000_DSP_220.000000_FF_106400.000000_LUT_53200.000000_SLICE_13300.000000_URAM_0.000000 -device-name-info=xc7z020clg400-1 > /home/miguel_tfg/FINN-v0.9-Stable/notebooks/UAH_example/FINN_build/code_gen_ipgen_MatrixVectorActivation_1_ufvsgxba/project_MatrixVectorActivation_1/sol1/.autopilot/db/clang.out.log 2> /home/miguel_tfg/FINN-v0.9-Stable/notebooks/UAH_example/FINN_build/code_gen_ipgen_MatrixVectorActivation_1_ufvsgxba/project_MatrixVectorActivation_1/sol1/.autopilot/db/clang.err.log 
Command       ap_eval done; 0.46 sec.
Execute       clang_tidy xilinx-systemc-detector -desc systemc-detector /home/miguel_tfg/FINN-v0.9-Stable/notebooks/UAH_example/FINN_build/code_gen_ipgen_MatrixVectorActivation_1_ufvsgxba/project_MatrixVectorActivation_1/sol1/.autopilot/db/top_MatrixVectorActivation_1.pp.0.cpp std=c++14 -target fpga  -directive=/home/miguel_tfg/FINN-v0.9-Stable/notebooks/UAH_example/FINN_build/code_gen_ipgen_MatrixVectorActivation_1_ufvsgxba/project_MatrixVectorActivation_1/sol1/.autopilot/db/.systemc_flag 
INFO-FLOW: exec /tools/Xilinx/Vitis_HLS/2022.2/lnx64/tools/clang-3.9-csynth/bin/clang-tidy -header-filter=.* --checks=-*,xilinx-systemc-detector -import-directive=/home/miguel_tfg/FINN-v0.9-Stable/notebooks/UAH_example/FINN_build/code_gen_ipgen_MatrixVectorActivation_1_ufvsgxba/project_MatrixVectorActivation_1/sol1/.autopilot/db/.systemc_flag -fix-errors /home/miguel_tfg/FINN-v0.9-Stable/notebooks/UAH_example/FINN_build/code_gen_ipgen_MatrixVectorActivation_1_ufvsgxba/project_MatrixVectorActivation_1/sol1/.autopilot/db/top_MatrixVectorActivation_1.pp.0.cpp -- -std=c++14 -target fpga -fhls -ferror-limit=0
Command       clang_tidy done; 0.42 sec.
INFO-FLOW: Running: clang-tidy CDT preprocess 39
Execute       clang_tidy xilinx-directive2pragma -desc directive2pragma /home/miguel_tfg/FINN-v0.9-Stable/notebooks/UAH_example/FINN_build/code_gen_ipgen_MatrixVectorActivation_1_ufvsgxba/project_MatrixVectorActivation_1/sol1/.autopilot/db/top_MatrixVectorActivation_1.pp.0.cpp std=c++14 -target fpga  -directive=/home/miguel_tfg/FINN-v0.9-Stable/notebooks/UAH_example/FINN_build/code_gen_ipgen_MatrixVectorActivation_1_ufvsgxba/project_MatrixVectorActivation_1/sol1/.autopilot/db/all.directive.json 
INFO-FLOW: exec /tools/Xilinx/Vitis_HLS/2022.2/lnx64/tools/clang-3.9-csynth/bin/clang-tidy -header-filter=.* --checks=-*,xilinx-directive2pragma -import-directive=/home/miguel_tfg/FINN-v0.9-Stable/notebooks/UAH_example/FINN_build/code_gen_ipgen_MatrixVectorActivation_1_ufvsgxba/project_MatrixVectorActivation_1/sol1/.autopilot/db/all.directive.json -fix-errors /home/miguel_tfg/FINN-v0.9-Stable/notebooks/UAH_example/FINN_build/code_gen_ipgen_MatrixVectorActivation_1_ufvsgxba/project_MatrixVectorActivation_1/sol1/.autopilot/db/top_MatrixVectorActivation_1.pp.0.cpp -- -std=c++14 -target fpga -fhls -ferror-limit=0
Command       clang_tidy done; 0.65 sec.
Execute       clang_tidy xilinx-remove-assert -desc remove-assert /home/miguel_tfg/FINN-v0.9-Stable/notebooks/UAH_example/FINN_build/code_gen_ipgen_MatrixVectorActivation_1_ufvsgxba/project_MatrixVectorActivation_1/sol1/.autopilot/db/top_MatrixVectorActivation_1.pp.0.cpp std=c++14 -target fpga  
INFO-FLOW: exec /tools/Xilinx/Vitis_HLS/2022.2/lnx64/tools/clang-3.9-csynth/bin/clang-tidy -header-filter=.* --checks=-*,xilinx-remove-assert -fix-errors /home/miguel_tfg/FINN-v0.9-Stable/notebooks/UAH_example/FINN_build/code_gen_ipgen_MatrixVectorActivation_1_ufvsgxba/project_MatrixVectorActivation_1/sol1/.autopilot/db/top_MatrixVectorActivation_1.pp.0.cpp -- -std=c++14 -target fpga -fhls -ferror-limit=0
Command       clang_tidy done; 0.41 sec.
INFO-FLOW: Done: clang-tidy CDT preprocess 39 time: 1.1 seconds per iteration
INFO-FLOW: Calling xilinx-label-all-loops ... 
INFO-FLOW: Calling xilinx-aggregate-on-hls-vector ... 
Execute       clang_tidy -errorcheck -desc loop-label xilinx-label-all-loops,xilinx-aggregate-on-hls-vector,,xilinx-warn-mayneed-no-ctor-attribute /home/miguel_tfg/FINN-v0.9-Stable/notebooks/UAH_example/FINN_build/code_gen_ipgen_MatrixVectorActivation_1_ufvsgxba/project_MatrixVectorActivation_1/sol1/.autopilot/db/top_MatrixVectorActivation_1.pp.0.cpp std=c++14 -target fpga  
Execute         ap_eval exec -ignorestderr /tools/Xilinx/Vitis_HLS/2022.2/lnx64/tools/clang-3.9-csynth/bin/clang-tidy -export-fixes=/home/miguel_tfg/FINN-v0.9-Stable/notebooks/UAH_example/FINN_build/code_gen_ipgen_MatrixVectorActivation_1_ufvsgxba/project_MatrixVectorActivation_1/sol1/.autopilot/db/top_MatrixVectorActivation_1.pp.0.cpp.clang-tidy.loop-label.diag.yml -header-filter=.* --checks=-*,xilinx-label-all-loops,xilinx-aggregate-on-hls-vector,,xilinx-warn-mayneed-no-ctor-attribute -fix-errors /home/miguel_tfg/FINN-v0.9-Stable/notebooks/UAH_example/FINN_build/code_gen_ipgen_MatrixVectorActivation_1_ufvsgxba/project_MatrixVectorActivation_1/sol1/.autopilot/db/top_MatrixVectorActivation_1.pp.0.cpp -- -std=c++14 -target fpga -fhls -ferror-limit=0 > /home/miguel_tfg/FINN-v0.9-Stable/notebooks/UAH_example/FINN_build/code_gen_ipgen_MatrixVectorActivation_1_ufvsgxba/project_MatrixVectorActivation_1/sol1/.autopilot/db/top_MatrixVectorActivation_1.pp.0.cpp.clang-tidy.loop-label.out.log 2> /home/miguel_tfg/FINN-v0.9-Stable/notebooks/UAH_example/FINN_build/code_gen_ipgen_MatrixVectorActivation_1_ufvsgxba/project_MatrixVectorActivation_1/sol1/.autopilot/db/top_MatrixVectorActivation_1.pp.0.cpp.clang-tidy.loop-label.err.log 
Command         ap_eval done; 1.48 sec.
Execute         source /tools/Xilinx/Vitis_HLS/2022.2/tps/tcl/tcllib1.11.1/yaml/yaml.tcl 
Command       clang_tidy done; 1.86 sec.
Execute       ap_eval exec -ignorestderr /tools/Xilinx/Vitis_HLS/2022.2/lnx64/tools/clang-3.9-csynth/bin/xilinx-dataflow-lawyer -export-fixes=/home/miguel_tfg/FINN-v0.9-Stable/notebooks/UAH_example/FINN_build/code_gen_ipgen_MatrixVectorActivation_1_ufvsgxba/project_MatrixVectorActivation_1/sol1/.autopilot/db/top_MatrixVectorActivation_1.pp.0.cpp.xilinx-dataflow-lawyer.diag.yml /home/miguel_tfg/FINN-v0.9-Stable/notebooks/UAH_example/FINN_build/code_gen_ipgen_MatrixVectorActivation_1_ufvsgxba/project_MatrixVectorActivation_1/sol1/.autopilot/db/top_MatrixVectorActivation_1.pp.0.cpp -- -std=c++14 -target fpga -fhls -ferror-limit=0 -fstrict-dataflow > /home/miguel_tfg/FINN-v0.9-Stable/notebooks/UAH_example/FINN_build/code_gen_ipgen_MatrixVectorActivation_1_ufvsgxba/project_MatrixVectorActivation_1/sol1/.autopilot/db/top_MatrixVectorActivation_1.pp.0.cpp.xilinx-dataflow-lawyer.out.log 2> /home/miguel_tfg/FINN-v0.9-Stable/notebooks/UAH_example/FINN_build/code_gen_ipgen_MatrixVectorActivation_1_ufvsgxba/project_MatrixVectorActivation_1/sol1/.autopilot/db/top_MatrixVectorActivation_1.pp.0.cpp.xilinx-dataflow-lawyer.err.log 
Command       ap_eval done; 0.4 sec.
Execute       ap_part_info -name xc7z020-clg400-1 -data info 
INFO-FLOW: compiling source code to llvm bc
Execute       ap_eval exec -ignorestderr /tools/Xilinx/Vitis_HLS/2022.2/lnx64/tools/clang-3.9-csynth/bin/clang -foptimization-record-file=/home/miguel_tfg/FINN-v0.9-Stable/notebooks/UAH_example/FINN_build/code_gen_ipgen_MatrixVectorActivation_1_ufvsgxba/project_MatrixVectorActivation_1/sol1/.autopilot/db/top_MatrixVectorActivation_1.pp.0.cpp.clang.diag.yml -mllvm -pass-remarks-missed=reflow|pasta|unroll -mllvm -pass-remarks=reflow|pasta|unroll|inline -fno-limit-debug-info -fhls -flto -fno-exceptions -Wno-error=c++11-narrowing /home/miguel_tfg/FINN-v0.9-Stable/notebooks/UAH_example/FINN_build/code_gen_ipgen_MatrixVectorActivation_1_ufvsgxba/project_MatrixVectorActivation_1/sol1/.autopilot/db/top_MatrixVectorActivation_1.pp.0.cpp -std=c++14 -I/home/miguel_tfg/FINN-v0.9-Stable/deps/finn-hlslib -I/home/miguel_tfg/FINN-v0.9-Stable/custom_hls -fno-math-errno -c -emit-llvm -mllvm -disable-llvm-optzns -Werror=implicit-function-declaration -Werror=implicit-hls-streams -Werror=return-type -Wpragmas -Wunused-parameter -Wdump-hls-pragmas -Wno-error=dump-hls-pragmas -fno-threadsafe-statics -fno-use-cxa-atexit -target fpga64-xilinx-linux-gnu -D__VITIS_HLS__ -DAESL_SYN -D__SYNTHESIS__ -D__HLS_SYN__ -I /tools/Xilinx/Vitis_HLS/2022.2/common/technology/autopilot -I /tools/Xilinx/Vitis_HLS/2022.2/common/technology/autopilot/ap_sysc -include etc/autopilot_ssdm_op.h -D__DSP48E1__ -g -o /home/miguel_tfg/FINN-v0.9-Stable/notebooks/UAH_example/FINN_build/code_gen_ipgen_MatrixVectorActivation_1_ufvsgxba/project_MatrixVectorActivation_1/sol1/.autopilot/db/top_MatrixVectorActivation_1.bc -hls-platform-db-name=/tools/Xilinx/Vitis_HLS/2022.2/common/technology/xilinx/common/platform.db -hls-platform-name=zynq_slow -device-resource-info=BRAM_280.000000_DSP_220.000000_FF_106400.000000_LUT_53200.000000_SLICE_13300.000000_URAM_0.000000 -device-name-info=xc7z020clg400-1 > /home/miguel_tfg/FINN-v0.9-Stable/notebooks/UAH_example/FINN_build/code_gen_ipgen_MatrixVectorActivation_1_ufvsgxba/project_MatrixVectorActivation_1/sol1/.autopilot/db/top_MatrixVectorActivation_1.pp.0.cpp.clang.out.log 2> /home/miguel_tfg/FINN-v0.9-Stable/notebooks/UAH_example/FINN_build/code_gen_ipgen_MatrixVectorActivation_1_ufvsgxba/project_MatrixVectorActivation_1/sol1/.autopilot/db/top_MatrixVectorActivation_1.pp.0.cpp.clang.err.log 
Command       ap_eval done; 0.48 sec.
INFO: [HLS 200-111] Finished Source Code Analysis and Preprocessing: CPU user time: 4.54 seconds. CPU system time: 0.46 seconds. Elapsed time: 5.1 seconds; current allocated memory: 1.477 GB.
INFO-FLOW: Linking Debug ...
INFO-FLOW: Linking dut bc code.
Execute       run_link_or_opt -out /home/miguel_tfg/FINN-v0.9-Stable/notebooks/UAH_example/FINN_build/code_gen_ipgen_MatrixVectorActivation_1_ufvsgxba/project_MatrixVectorActivation_1/sol1/.autopilot/db/a.g.ld.0.bc -args  "/home/miguel_tfg/FINN-v0.9-Stable/notebooks/UAH_example/FINN_build/code_gen_ipgen_MatrixVectorActivation_1_ufvsgxba/project_MatrixVectorActivation_1/sol1/.autopilot/db/top_MatrixVectorActivation_1.g.bc"  
Execute         ap_eval exec -ignorestderr /tools/Xilinx/Vitis_HLS/2022.2/lnx64/tools/clang-3.9-csynth/bin/llvm-link /home/miguel_tfg/FINN-v0.9-Stable/notebooks/UAH_example/FINN_build/code_gen_ipgen_MatrixVectorActivation_1_ufvsgxba/project_MatrixVectorActivation_1/sol1/.autopilot/db/top_MatrixVectorActivation_1.g.bc -o /home/miguel_tfg/FINN-v0.9-Stable/notebooks/UAH_example/FINN_build/code_gen_ipgen_MatrixVectorActivation_1_ufvsgxba/project_MatrixVectorActivation_1/sol1/.autopilot/db/a.g.ld.0.bc > /home/miguel_tfg/FINN-v0.9-Stable/notebooks/UAH_example/FINN_build/code_gen_ipgen_MatrixVectorActivation_1_ufvsgxba/project_MatrixVectorActivation_1/sol1/.autopilot/db/a.g.ld.0.bc.llvm-link.out.log 2> /home/miguel_tfg/FINN-v0.9-Stable/notebooks/UAH_example/FINN_build/code_gen_ipgen_MatrixVectorActivation_1_ufvsgxba/project_MatrixVectorActivation_1/sol1/.autopilot/db/a.g.ld.0.bc.llvm-link.err.log 
INFO-FLOW: 
Execute       run_link_or_opt -opt -out /home/miguel_tfg/FINN-v0.9-Stable/notebooks/UAH_example/FINN_build/code_gen_ipgen_MatrixVectorActivation_1_ufvsgxba/project_MatrixVectorActivation_1/sol1/.autopilot/db/a.g.ld.1.lower.bc -args /home/miguel_tfg/FINN-v0.9-Stable/notebooks/UAH_example/FINN_build/code_gen_ipgen_MatrixVectorActivation_1_ufvsgxba/project_MatrixVectorActivation_1/sol1/.autopilot/db/a.g.ld.0.bc -reflow-lower-math-intrinsics 
Execute         ap_eval exec -ignorestderr /tools/Xilinx/Vitis_HLS/2022.2/lnx64/tools/clang-3.9-csynth/bin/opt -pass-remarks-missed=reflow|pasta|unroll -pass-remarks=reflow|pasta|unroll|inline -pass-remarks-output=/home/miguel_tfg/FINN-v0.9-Stable/notebooks/UAH_example/FINN_build/code_gen_ipgen_MatrixVectorActivation_1_ufvsgxba/project_MatrixVectorActivation_1/sol1/.autopilot/db/a.g.ld.1.lower.bc.opt.diag.yml /home/miguel_tfg/FINN-v0.9-Stable/notebooks/UAH_example/FINN_build/code_gen_ipgen_MatrixVectorActivation_1_ufvsgxba/project_MatrixVectorActivation_1/sol1/.autopilot/db/a.g.ld.0.bc -reflow-lower-math-intrinsics -o /home/miguel_tfg/FINN-v0.9-Stable/notebooks/UAH_example/FINN_build/code_gen_ipgen_MatrixVectorActivation_1_ufvsgxba/project_MatrixVectorActivation_1/sol1/.autopilot/db/a.g.ld.1.lower.bc > /home/miguel_tfg/FINN-v0.9-Stable/notebooks/UAH_example/FINN_build/code_gen_ipgen_MatrixVectorActivation_1_ufvsgxba/project_MatrixVectorActivation_1/sol1/.autopilot/db/a.g.ld.1.lower.bc.opt.out.log 2> /home/miguel_tfg/FINN-v0.9-Stable/notebooks/UAH_example/FINN_build/code_gen_ipgen_MatrixVectorActivation_1_ufvsgxba/project_MatrixVectorActivation_1/sol1/.autopilot/db/a.g.ld.1.lower.bc.opt.err.log 
INFO-FLOW: 
INFO-FLOW: Linking math bc lib
Execute       run_link_or_opt -out /home/miguel_tfg/FINN-v0.9-Stable/notebooks/UAH_example/FINN_build/code_gen_ipgen_MatrixVectorActivation_1_ufvsgxba/project_MatrixVectorActivation_1/sol1/.autopilot/db/a.g.ld.2.m1.bc -args /home/miguel_tfg/FINN-v0.9-Stable/notebooks/UAH_example/FINN_build/code_gen_ipgen_MatrixVectorActivation_1_ufvsgxba/project_MatrixVectorActivation_1/sol1/.autopilot/db/a.g.ld.1.lower.bc -only-needed /tools/Xilinx/Vitis_HLS/2022.2/lnx64/lib/libhlsm_39.bc /tools/Xilinx/Vitis_HLS/2022.2/lnx64/lib/libhlsmc++_39.bc 
Execute         ap_eval exec -ignorestderr /tools/Xilinx/Vitis_HLS/2022.2/lnx64/tools/clang-3.9-csynth/bin/llvm-link /home/miguel_tfg/FINN-v0.9-Stable/notebooks/UAH_example/FINN_build/code_gen_ipgen_MatrixVectorActivation_1_ufvsgxba/project_MatrixVectorActivation_1/sol1/.autopilot/db/a.g.ld.1.lower.bc -only-needed /tools/Xilinx/Vitis_HLS/2022.2/lnx64/lib/libhlsm_39.bc /tools/Xilinx/Vitis_HLS/2022.2/lnx64/lib/libhlsmc++_39.bc -o /home/miguel_tfg/FINN-v0.9-Stable/notebooks/UAH_example/FINN_build/code_gen_ipgen_MatrixVectorActivation_1_ufvsgxba/project_MatrixVectorActivation_1/sol1/.autopilot/db/a.g.ld.2.m1.bc > /home/miguel_tfg/FINN-v0.9-Stable/notebooks/UAH_example/FINN_build/code_gen_ipgen_MatrixVectorActivation_1_ufvsgxba/project_MatrixVectorActivation_1/sol1/.autopilot/db/a.g.ld.2.m1.bc.llvm-link.out.log 2> /home/miguel_tfg/FINN-v0.9-Stable/notebooks/UAH_example/FINN_build/code_gen_ipgen_MatrixVectorActivation_1_ufvsgxba/project_MatrixVectorActivation_1/sol1/.autopilot/db/a.g.ld.2.m1.bc.llvm-link.err.log 
Command         ap_eval done; 1.35 sec.
INFO-FLOW: 
Command       run_link_or_opt done; 1.35 sec.
Execute       run_link_or_opt -opt -out /home/miguel_tfg/FINN-v0.9-Stable/notebooks/UAH_example/FINN_build/code_gen_ipgen_MatrixVectorActivation_1_ufvsgxba/project_MatrixVectorActivation_1/sol1/.autopilot/db/a.g.ld.3.fpc.bc -args /home/miguel_tfg/FINN-v0.9-Stable/notebooks/UAH_example/FINN_build/code_gen_ipgen_MatrixVectorActivation_1_ufvsgxba/project_MatrixVectorActivation_1/sol1/.autopilot/db/a.g.ld.2.m1.bc -reflow-globaldce -hls-top-function-name=MatrixVectorActivation_1 -reflow-float-conversion 
Execute         ap_eval exec -ignorestderr /tools/Xilinx/Vitis_HLS/2022.2/lnx64/tools/clang-3.9-csynth/bin/opt -pass-remarks-missed=reflow|pasta|unroll -pass-remarks=reflow|pasta|unroll|inline -pass-remarks-output=/home/miguel_tfg/FINN-v0.9-Stable/notebooks/UAH_example/FINN_build/code_gen_ipgen_MatrixVectorActivation_1_ufvsgxba/project_MatrixVectorActivation_1/sol1/.autopilot/db/a.g.ld.3.fpc.bc.opt.diag.yml /home/miguel_tfg/FINN-v0.9-Stable/notebooks/UAH_example/FINN_build/code_gen_ipgen_MatrixVectorActivation_1_ufvsgxba/project_MatrixVectorActivation_1/sol1/.autopilot/db/a.g.ld.2.m1.bc -reflow-globaldce -hls-top-function-name=MatrixVectorActivation_1 -reflow-float-conversion -o /home/miguel_tfg/FINN-v0.9-Stable/notebooks/UAH_example/FINN_build/code_gen_ipgen_MatrixVectorActivation_1_ufvsgxba/project_MatrixVectorActivation_1/sol1/.autopilot/db/a.g.ld.3.fpc.bc > /home/miguel_tfg/FINN-v0.9-Stable/notebooks/UAH_example/FINN_build/code_gen_ipgen_MatrixVectorActivation_1_ufvsgxba/project_MatrixVectorActivation_1/sol1/.autopilot/db/a.g.ld.3.fpc.bc.opt.out.log 2> /home/miguel_tfg/FINN-v0.9-Stable/notebooks/UAH_example/FINN_build/code_gen_ipgen_MatrixVectorActivation_1_ufvsgxba/project_MatrixVectorActivation_1/sol1/.autopilot/db/a.g.ld.3.fpc.bc.opt.err.log 
Command         ap_eval done; 0.49 sec.
INFO-FLOW: 
Command       run_link_or_opt done; 0.49 sec.
Execute       run_link_or_opt -out /home/miguel_tfg/FINN-v0.9-Stable/notebooks/UAH_example/FINN_build/code_gen_ipgen_MatrixVectorActivation_1_ufvsgxba/project_MatrixVectorActivation_1/sol1/.autopilot/db/a.g.ld.4.m2.bc -args /home/miguel_tfg/FINN-v0.9-Stable/notebooks/UAH_example/FINN_build/code_gen_ipgen_MatrixVectorActivation_1_ufvsgxba/project_MatrixVectorActivation_1/sol1/.autopilot/db/a.g.ld.3.fpc.bc -only-needed /tools/Xilinx/Vitis_HLS/2022.2/lnx64/lib/libfloatconversion_39.bc 
Execute         ap_eval exec -ignorestderr /tools/Xilinx/Vitis_HLS/2022.2/lnx64/tools/clang-3.9-csynth/bin/llvm-link /home/miguel_tfg/FINN-v0.9-Stable/notebooks/UAH_example/FINN_build/code_gen_ipgen_MatrixVectorActivation_1_ufvsgxba/project_MatrixVectorActivation_1/sol1/.autopilot/db/a.g.ld.3.fpc.bc -only-needed /tools/Xilinx/Vitis_HLS/2022.2/lnx64/lib/libfloatconversion_39.bc -o /home/miguel_tfg/FINN-v0.9-Stable/notebooks/UAH_example/FINN_build/code_gen_ipgen_MatrixVectorActivation_1_ufvsgxba/project_MatrixVectorActivation_1/sol1/.autopilot/db/a.g.ld.4.m2.bc > /home/miguel_tfg/FINN-v0.9-Stable/notebooks/UAH_example/FINN_build/code_gen_ipgen_MatrixVectorActivation_1_ufvsgxba/project_MatrixVectorActivation_1/sol1/.autopilot/db/a.g.ld.4.m2.bc.llvm-link.out.log 2> /home/miguel_tfg/FINN-v0.9-Stable/notebooks/UAH_example/FINN_build/code_gen_ipgen_MatrixVectorActivation_1_ufvsgxba/project_MatrixVectorActivation_1/sol1/.autopilot/db/a.g.ld.4.m2.bc.llvm-link.err.log 
INFO-FLOW: 
Execute       run_link_or_opt -opt -out /home/miguel_tfg/FINN-v0.9-Stable/notebooks/UAH_example/FINN_build/code_gen_ipgen_MatrixVectorActivation_1_ufvsgxba/project_MatrixVectorActivation_1/sol1/.autopilot/db/a.g.ld.5.gdce.bc -args /home/miguel_tfg/FINN-v0.9-Stable/notebooks/UAH_example/FINN_build/code_gen_ipgen_MatrixVectorActivation_1_ufvsgxba/project_MatrixVectorActivation_1/sol1/.autopilot/db/a.g.ld.4.m2.bc -reflow-globaldce -hls-top-function-name=MatrixVectorActivation_1 
Execute         ap_eval exec -ignorestderr /tools/Xilinx/Vitis_HLS/2022.2/lnx64/tools/clang-3.9-csynth/bin/opt -pass-remarks-missed=reflow|pasta|unroll -pass-remarks=reflow|pasta|unroll|inline -pass-remarks-output=/home/miguel_tfg/FINN-v0.9-Stable/notebooks/UAH_example/FINN_build/code_gen_ipgen_MatrixVectorActivation_1_ufvsgxba/project_MatrixVectorActivation_1/sol1/.autopilot/db/a.g.ld.5.gdce.bc.opt.diag.yml /home/miguel_tfg/FINN-v0.9-Stable/notebooks/UAH_example/FINN_build/code_gen_ipgen_MatrixVectorActivation_1_ufvsgxba/project_MatrixVectorActivation_1/sol1/.autopilot/db/a.g.ld.4.m2.bc -reflow-globaldce -hls-top-function-name=MatrixVectorActivation_1 -o /home/miguel_tfg/FINN-v0.9-Stable/notebooks/UAH_example/FINN_build/code_gen_ipgen_MatrixVectorActivation_1_ufvsgxba/project_MatrixVectorActivation_1/sol1/.autopilot/db/a.g.ld.5.gdce.bc > /home/miguel_tfg/FINN-v0.9-Stable/notebooks/UAH_example/FINN_build/code_gen_ipgen_MatrixVectorActivation_1_ufvsgxba/project_MatrixVectorActivation_1/sol1/.autopilot/db/a.g.ld.5.gdce.bc.opt.out.log 2> /home/miguel_tfg/FINN-v0.9-Stable/notebooks/UAH_example/FINN_build/code_gen_ipgen_MatrixVectorActivation_1_ufvsgxba/project_MatrixVectorActivation_1/sol1/.autopilot/db/a.g.ld.5.gdce.bc.opt.err.log 
INFO-FLOW: 
Execute       send_msg_by_id INFO @200-777@%s Vivado 
INFO: [HLS 200-777] Using interface defaults for 'Vivado' flow target.
Execute       is_m_axi_addr64 
INFO-FLOW: Doing LTO.
Execute       ap_eval exec -ignorestderr /tools/Xilinx/Vitis_HLS/2022.2/lnx64/tools/clang-3.9-csynth/bin/clang -foptimization-record-file=/home/miguel_tfg/FINN-v0.9-Stable/notebooks/UAH_example/FINN_build/code_gen_ipgen_MatrixVectorActivation_1_ufvsgxba/project_MatrixVectorActivation_1/sol1/.autopilot/db/a.g.ld.0.bc.clang.diag.yml -mllvm -pass-remarks-missed=reflow|pasta|unroll -mllvm -pass-remarks=reflow|pasta|unroll|inline -fhls -mllvm -hls-top-function-name=MatrixVectorActivation_1 -mllvm -hls-db-dir -mllvm /home/miguel_tfg/FINN-v0.9-Stable/notebooks/UAH_example/FINN_build/code_gen_ipgen_MatrixVectorActivation_1_ufvsgxba/project_MatrixVectorActivation_1/sol1/.autopilot/db -emit-llvm -c -target fpga64-xilinx-none -mllvm -xcl-xmlinfo=/home/miguel_tfg/FINN-v0.9-Stable/notebooks/UAH_example/FINN_build/code_gen_ipgen_MatrixVectorActivation_1_ufvsgxba/project_MatrixVectorActivation_1/sol1/.autopilot/db/kernel.internal.xml -mllvm -top-io-mapping-info=/home/miguel_tfg/FINN-v0.9-Stable/notebooks/UAH_example/FINN_build/code_gen_ipgen_MatrixVectorActivation_1_ufvsgxba/project_MatrixVectorActivation_1/sol1/.autopilot/db/top-io-fe.xml -mllvm -hls-bitcode-version=3.1 -mllvm -reflow-enable-slave-interface-default-setting=true -mllvm -gen-kernel-xml=false -mllvm -default-maxi-offset=slave -mllvm -maxi-latency=0 -mllvm -hls-maxi-data-size-in-bits=8 -mllvm -hls-maxi-max-data-size-in-bits=1024 -mllvm -hls-max-widen-size-in-bits=0 -mllvm -xcl-kernel-max-mem-ports=0 -mllvm -maxi-read-trans=16 -mllvm -maxi-write-trans=16 -mllvm -maxi-read-burst-len=16 -mllvm -maxi-write-burst-len=16 -mllvm -reflow-enable-saxi-64bits=0 -mllvm -reflow-basic-block-instr-threshold=200000 -mllvm -reflow-auto-pipeline-threshold=64 -mllvm -reflow-enable-maxi-auto-id-channel=0 -mllvm -assume-maxi-align=1 -mllvm -reflow-pipeline-style-llvm-setting=1 -mllvm -reflow-enable-dataflow-strict-mode-checking=1 -mllvm -reflow-auto-array-partition-mode=default -mllvm -reflow-enable-auto-array-partition=true -mllvm -reflow-enable-auto-parallel-performance-driven=true -mllvm -reflow-enable-partition-for-automation=true -mllvm -reflow-aggregate-bitwidth-threshold=4096 -mllvm -reflow-assume-no-address-wrap=true -mllvm -hls -mllvm -disable-inlined-alloca-merging=true -mllvm -default-clock-period=10 -x ir /home/miguel_tfg/FINN-v0.9-Stable/notebooks/UAH_example/FINN_build/code_gen_ipgen_MatrixVectorActivation_1_ufvsgxba/project_MatrixVectorActivation_1/sol1/.autopilot/db/a.g.ld.5.gdce.bc -o /home/miguel_tfg/FINN-v0.9-Stable/notebooks/UAH_example/FINN_build/code_gen_ipgen_MatrixVectorActivation_1_ufvsgxba/project_MatrixVectorActivation_1/sol1/.autopilot/db/a.g.lto.bc -hls-platform-db-name=/tools/Xilinx/Vitis_HLS/2022.2/common/technology/xilinx/common/platform.db -hls-platform-name=zynq_slow -device-resource-info=BRAM_280.000000_DSP_220.000000_FF_106400.000000_LUT_53200.000000_SLICE_13300.000000_URAM_0.000000 -device-name-info=xc7z020clg400-1 > /home/miguel_tfg/FINN-v0.9-Stable/notebooks/UAH_example/FINN_build/code_gen_ipgen_MatrixVectorActivation_1_ufvsgxba/project_MatrixVectorActivation_1/sol1/.autopilot/db/a.g.ld.0.bc.clang.out.log 2> /home/miguel_tfg/FINN-v0.9-Stable/notebooks/UAH_example/FINN_build/code_gen_ipgen_MatrixVectorActivation_1_ufvsgxba/project_MatrixVectorActivation_1/sol1/.autopilot/db/a.g.ld.0.bc.clang.err.log 
Command       ap_eval done; 34.8 sec.
INFO: [HLS 214-131] Inlining function 'Slice<ap_uint<4>, 4u>::Container<ap_uint<32> >::Container(ap_uint<32> const&)' into 'Slice<ap_uint<4>, 4u>::Container<ap_uint<32> > Slice<ap_uint<4>, 4u>::operator()<ap_uint<32> >(ap_uint<32> const&, unsigned int) const' (/home/miguel_tfg/FINN-v0.9-Stable/deps/finn-hlslib/interpret.hpp:243:9)
INFO: [HLS 214-131] Inlining function 'Slice<ap_uint<4>, 4u>::Container<ap_uint<32> >::operator()(unsigned int, unsigned int) const' into 'ap_int<13> mac<8u, ap_int<13>, std::array<ap_int<4>, 8ul>, Slice<ap_uint<4>, 4u>::Container<ap_uint<32> >, ap_resource_lut>(ap_int<13> const&, std::array<ap_int<4>, 8ul> const&, Slice<ap_uint<4>, 4u>::Container<ap_uint<32> > const&, ap_resource_lut const&, unsigned int)' (/home/miguel_tfg/FINN-v0.9-Stable/deps/finn-hlslib/mac.hpp:169:19)
INFO: [HLS 214-131] Inlining function 'decltype((fp) * (fp0)) mul<ap_int<4>, ap_uint<4> >(ap_int<4> const&, ap_uint<4> const&, ap_resource_lut const&)' into 'ap_int<13> mac<8u, ap_int<13>, std::array<ap_int<4>, 8ul>, Slice<ap_uint<4>, 4u>::Container<ap_uint<32> >, ap_resource_lut>(ap_int<13> const&, std::array<ap_int<4>, 8ul> const&, Slice<ap_uint<4>, 4u>::Container<ap_uint<32> > const&, ap_resource_lut const&, unsigned int)' (/home/miguel_tfg/FINN-v0.9-Stable/deps/finn-hlslib/mac.hpp:169:9)
INFO: [HLS 214-131] Inlining function 'Slice<ap_uint<4>, 4u>::Container<ap_uint<256> >::operator ap_uint<256> const&() const' into 'void Matrix_Vector_Activate_Stream_Batch<256u, 128u, 8u, 64u, Slice<ap_uint<4>, 4u>, Slice<ap_uint<4>, 4u>, Identity, ap_int<4>, ap_uint<32>, ap_uint<256>, ThresholdsActivation<2u, 64u, 15u, ap_int<13>, ap_uint<4>, 0, comp::less_equal<ap_int<13>, ap_int<13> > >, ap_resource_lut>(hls::stream<ap_uint<32>, 0>&, hls::stream<ap_uint<256>, 0>&, hls::stream<ap_uint<((64u) * (8u)) * (ap_int<4>::width)>, 0>&, ThresholdsActivation<2u, 64u, 15u, ap_int<13>, ap_uint<4>, 0, comp::less_equal<ap_int<13>, ap_int<13> > > const&, int, ap_resource_lut const&)' (/home/miguel_tfg/FINN-v0.9-Stable/deps/finn-hlslib/mvau.hpp:298:17)
INFO: [HLS 214-131] Inlining function 'Slice<ap_uint<4>, 4u>::Container<ap_uint<256> >::operator()(unsigned int, unsigned int, bool) const' into 'void Matrix_Vector_Activate_Stream_Batch<256u, 128u, 8u, 64u, Slice<ap_uint<4>, 4u>, Slice<ap_uint<4>, 4u>, Identity, ap_int<4>, ap_uint<32>, ap_uint<256>, ThresholdsActivation<2u, 64u, 15u, ap_int<13>, ap_uint<4>, 0, comp::less_equal<ap_int<13>, ap_int<13> > >, ap_resource_lut>(hls::stream<ap_uint<32>, 0>&, hls::stream<ap_uint<256>, 0>&, hls::stream<ap_uint<((64u) * (8u)) * (ap_int<4>::width)>, 0>&, ThresholdsActivation<2u, 64u, 15u, ap_int<13>, ap_uint<4>, 0, comp::less_equal<ap_int<13>, ap_int<13> > > const&, int, ap_resource_lut const&)' (/home/miguel_tfg/FINN-v0.9-Stable/deps/finn-hlslib/mvau.hpp:295:2)
INFO: [HLS 214-131] Inlining function 'ThresholdsActivation<2u, 64u, 15u, ap_int<13>, ap_uint<4>, 0, comp::less_equal<ap_int<13>, ap_int<13> > >::activate(unsigned int, unsigned int, ap_int<13> const&) const' into 'void Matrix_Vector_Activate_Stream_Batch<256u, 128u, 8u, 64u, Slice<ap_uint<4>, 4u>, Slice<ap_uint<4>, 4u>, Identity, ap_int<4>, ap_uint<32>, ap_uint<256>, ThresholdsActivation<2u, 64u, 15u, ap_int<13>, ap_uint<4>, 0, comp::less_equal<ap_int<13>, ap_int<13> > >, ap_resource_lut>(hls::stream<ap_uint<32>, 0>&, hls::stream<ap_uint<256>, 0>&, hls::stream<ap_uint<((64u) * (8u)) * (ap_int<4>::width)>, 0>&, ThresholdsActivation<2u, 64u, 15u, ap_int<13>, ap_uint<4>, 0, comp::less_equal<ap_int<13>, ap_int<13> > > const&, int, ap_resource_lut const&)' (/home/miguel_tfg/FINN-v0.9-Stable/deps/finn-hlslib/mvau.hpp:295:31)
INFO: [HLS 214-131] Inlining function 'ap_int<13> mac<8u, ap_int<13>, std::array<ap_int<4>, 8ul>, Slice<ap_uint<4>, 4u>::Container<ap_uint<32> >, ap_resource_lut>(ap_int<13> const&, std::array<ap_int<4>, 8ul> const&, Slice<ap_uint<4>, 4u>::Container<ap_uint<32> > const&, ap_resource_lut const&, unsigned int)' into 'void Matrix_Vector_Activate_Stream_Batch<256u, 128u, 8u, 64u, Slice<ap_uint<4>, 4u>, Slice<ap_uint<4>, 4u>, Identity, ap_int<4>, ap_uint<32>, ap_uint<256>, ThresholdsActivation<2u, 64u, 15u, ap_int<13>, ap_uint<4>, 0, comp::less_equal<ap_int<13>, ap_int<13> > >, ap_resource_lut>(hls::stream<ap_uint<32>, 0>&, hls::stream<ap_uint<256>, 0>&, hls::stream<ap_uint<((64u) * (8u)) * (ap_int<4>::width)>, 0>&, ThresholdsActivation<2u, 64u, 15u, ap_int<13>, ap_uint<4>, 0, comp::less_equal<ap_int<13>, ap_int<13> > > const&, int, ap_resource_lut const&)' (/home/miguel_tfg/FINN-v0.9-Stable/deps/finn-hlslib/mvau.hpp:285:21)
INFO: [HLS 214-131] Inlining function 'std::array<ap_int<4>, 8ul> const& Identity::operator()<std::array<ap_int<4>, 8ul> >(std::array<ap_int<4>, 8ul> const&) const' into 'void Matrix_Vector_Activate_Stream_Batch<256u, 128u, 8u, 64u, Slice<ap_uint<4>, 4u>, Slice<ap_uint<4>, 4u>, Identity, ap_int<4>, ap_uint<32>, ap_uint<256>, ThresholdsActivation<2u, 64u, 15u, ap_int<13>, ap_uint<4>, 0, comp::less_equal<ap_int<13>, ap_int<13> > >, ap_resource_lut>(hls::stream<ap_uint<32>, 0>&, hls::stream<ap_uint<256>, 0>&, hls::stream<ap_uint<((64u) * (8u)) * (ap_int<4>::width)>, 0>&, ThresholdsActivation<2u, 64u, 15u, ap_int<13>, ap_uint<4>, 0, comp::less_equal<ap_int<13>, ap_int<13> > > const&, int, ap_resource_lut const&)' (/home/miguel_tfg/FINN-v0.9-Stable/deps/finn-hlslib/mvau.hpp:283:24)
INFO: [HLS 214-131] Inlining function 'Weights_Tile<8u, ap_int<4>, 64u>::operator[](unsigned int) const' into 'void Matrix_Vector_Activate_Stream_Batch<256u, 128u, 8u, 64u, Slice<ap_uint<4>, 4u>, Slice<ap_uint<4>, 4u>, Identity, ap_int<4>, ap_uint<32>, ap_uint<256>, ThresholdsActivation<2u, 64u, 15u, ap_int<13>, ap_uint<4>, 0, comp::less_equal<ap_int<13>, ap_int<13> > >, ap_resource_lut>(hls::stream<ap_uint<32>, 0>&, hls::stream<ap_uint<256>, 0>&, hls::stream<ap_uint<((64u) * (8u)) * (ap_int<4>::width)>, 0>&, ThresholdsActivation<2u, 64u, 15u, ap_int<13>, ap_uint<4>, 0, comp::less_equal<ap_int<13>, ap_int<13> > > const&, int, ap_resource_lut const&)' (/home/miguel_tfg/FINN-v0.9-Stable/deps/finn-hlslib/mvau.hpp:283:35)
INFO: [HLS 214-131] Inlining function 'ThresholdsActivation<2u, 64u, 15u, ap_int<13>, ap_uint<4>, 0, comp::less_equal<ap_int<13>, ap_int<13> > >::init(unsigned int, unsigned int) const' into 'void Matrix_Vector_Activate_Stream_Batch<256u, 128u, 8u, 64u, Slice<ap_uint<4>, 4u>, Slice<ap_uint<4>, 4u>, Identity, ap_int<4>, ap_uint<32>, ap_uint<256>, ThresholdsActivation<2u, 64u, 15u, ap_int<13>, ap_uint<4>, 0, comp::less_equal<ap_int<13>, ap_int<13> > >, ap_resource_lut>(hls::stream<ap_uint<32>, 0>&, hls::stream<ap_uint<256>, 0>&, hls::stream<ap_uint<((64u) * (8u)) * (ap_int<4>::width)>, 0>&, ThresholdsActivation<2u, 64u, 15u, ap_int<13>, ap_uint<4>, 0, comp::less_equal<ap_int<13>, ap_int<13> > > const&, int, ap_resource_lut const&)' (/home/miguel_tfg/FINN-v0.9-Stable/deps/finn-hlslib/mvau.hpp:275:27)
INFO: [HLS 214-131] Inlining function 'Slice<ap_uint<4>, 4u>::Container<ap_uint<32> > Slice<ap_uint<4>, 4u>::operator()<ap_uint<32> >(ap_uint<32> const&, unsigned int) const' into 'void Matrix_Vector_Activate_Stream_Batch<256u, 128u, 8u, 64u, Slice<ap_uint<4>, 4u>, Slice<ap_uint<4>, 4u>, Identity, ap_int<4>, ap_uint<32>, ap_uint<256>, ThresholdsActivation<2u, 64u, 15u, ap_int<13>, ap_uint<4>, 0, comp::less_equal<ap_int<13>, ap_int<13> > >, ap_resource_lut>(hls::stream<ap_uint<32>, 0>&, hls::stream<ap_uint<256>, 0>&, hls::stream<ap_uint<((64u) * (8u)) * (ap_int<4>::width)>, 0>&, ThresholdsActivation<2u, 64u, 15u, ap_int<13>, ap_uint<4>, 0, comp::less_equal<ap_int<13>, ap_int<13> > > const&, int, ap_resource_lut const&)' (/home/miguel_tfg/FINN-v0.9-Stable/deps/finn-hlslib/mvau.hpp:282:19)
WARNING: [HLS 214-191] The stream pragma on function argument, in 'call' is unsupported (/home/miguel_tfg/FINN-v0.9-Stable/notebooks/UAH_example/FINN_build/code_gen_ipgen_MatrixVectorActivation_1_ufvsgxba/top_MatrixVectorActivation_1.cpp:35:9)
INFO: [HLS 214-377] Adding 'w' into disaggregation list because there's array-partition pragma applied on the struct field (/home/miguel_tfg/FINN-v0.9-Stable/deps/finn-hlslib/mvau.hpp:238:9)
INFO: [HLS 214-377] Adding 'threshs' into disaggregation list because there's array-partition pragma applied on the struct field (/home/miguel_tfg/FINN-v0.9-Stable/notebooks/UAH_example/FINN_build/code_gen_ipgen_MatrixVectorActivation_1_ufvsgxba/top_MatrixVectorActivation_1.cpp:37:9)
INFO: [HLS 214-377] Adding 'threshs' into disaggregation list because there's array-partition pragma applied on the struct field (/home/miguel_tfg/FINN-v0.9-Stable/notebooks/UAH_example/FINN_build/code_gen_ipgen_MatrixVectorActivation_1_ufvsgxba/top_MatrixVectorActivation_1.cpp:36:9)
INFO: [HLS 214-210] Disaggregating variable 'w' (/home/miguel_tfg/FINN-v0.9-Stable/deps/finn-hlslib/mvau.hpp:237:30)
INFO: [HLS 214-210] Disaggregating variable 'threshs' (/home/miguel_tfg/FINN-v0.9-Stable/notebooks/UAH_example/FINN_build/code_gen_ipgen_MatrixVectorActivation_1_ufvsgxba/thresh.h:1:0)
INFO: [HLS 214-291] Loop 'VITIS_LOOP_266_2' is marked as complete unroll implied by the pipeline pragma (/home/miguel_tfg/FINN-v0.9-Stable/deps/finn-hlslib/mvau.hpp:266:23)
INFO: [HLS 214-291] Loop 'VITIS_LOOP_273_3' is marked as complete unroll implied by the pipeline pragma (/home/miguel_tfg/FINN-v0.9-Stable/deps/finn-hlslib/mvau.hpp:273:25)
INFO: [HLS 214-291] Loop 'VITIS_LOOP_280_4' is marked as complete unroll implied by the pipeline pragma (/home/miguel_tfg/FINN-v0.9-Stable/deps/finn-hlslib/mvau.hpp:280:23)
INFO: [HLS 214-291] Loop 'VITIS_LOOP_159_1' is marked as complete unroll implied by the pipeline pragma (/home/miguel_tfg/FINN-v0.9-Stable/deps/finn-hlslib/weights.hpp:159:23)
INFO: [HLS 214-291] Loop 'VITIS_LOOP_167_1' is marked as complete unroll implied by the pipeline pragma (/home/miguel_tfg/FINN-v0.9-Stable/deps/finn-hlslib/mac.hpp:167:21)
INFO: [HLS 214-291] Loop 'VITIS_LOOP_293_5' is marked as complete unroll implied by the pipeline pragma (/home/miguel_tfg/FINN-v0.9-Stable/deps/finn-hlslib/mvau.hpp:293:25)
INFO: [HLS 214-291] Loop 'VITIS_LOOP_216_1' is marked as complete unroll implied by the pipeline pragma (/home/miguel_tfg/FINN-v0.9-Stable/deps/finn-hlslib/activations.hpp:216:20)
INFO: [HLS 214-186] Unrolling loop 'VITIS_LOOP_266_2' (/home/miguel_tfg/FINN-v0.9-Stable/deps/finn-hlslib/mvau.hpp:266:23) in function 'Matrix_Vector_Activate_Stream_Batch<256u, 128u, 8u, 64u, Slice<ap_uint<4>, 4u>, Slice<ap_uint<4>, 4u>, Identity, ap_int<4>, ap_uint<32>, ap_uint<256>, ThresholdsActivation<2u, 64u, 15u, ap_int<13>, ap_uint<4>, 0, comp::less_equal<ap_int<13>, ap_int<13> > >, ap_resource_lut>' completely with a factor of 64 (/home/miguel_tfg/FINN-v0.9-Stable/deps/finn-hlslib/mvau.hpp:220:0)
INFO: [HLS 214-186] Unrolling loop 'VITIS_LOOP_273_3' (/home/miguel_tfg/FINN-v0.9-Stable/deps/finn-hlslib/mvau.hpp:273:25) in function 'Matrix_Vector_Activate_Stream_Batch<256u, 128u, 8u, 64u, Slice<ap_uint<4>, 4u>, Slice<ap_uint<4>, 4u>, Identity, ap_int<4>, ap_uint<32>, ap_uint<256>, ThresholdsActivation<2u, 64u, 15u, ap_int<13>, ap_uint<4>, 0, comp::less_equal<ap_int<13>, ap_int<13> > >, ap_resource_lut>' completely with a factor of 64 (/home/miguel_tfg/FINN-v0.9-Stable/deps/finn-hlslib/mvau.hpp:220:0)
INFO: [HLS 214-186] Unrolling loop 'VITIS_LOOP_280_4' (/home/miguel_tfg/FINN-v0.9-Stable/deps/finn-hlslib/mvau.hpp:280:23) in function 'Matrix_Vector_Activate_Stream_Batch<256u, 128u, 8u, 64u, Slice<ap_uint<4>, 4u>, Slice<ap_uint<4>, 4u>, Identity, ap_int<4>, ap_uint<32>, ap_uint<256>, ThresholdsActivation<2u, 64u, 15u, ap_int<13>, ap_uint<4>, 0, comp::less_equal<ap_int<13>, ap_int<13> > >, ap_resource_lut>' completely with a factor of 64 (/home/miguel_tfg/FINN-v0.9-Stable/deps/finn-hlslib/mvau.hpp:220:0)
INFO: [HLS 214-186] Unrolling loop 'VITIS_LOOP_167_1' (/home/miguel_tfg/FINN-v0.9-Stable/deps/finn-hlslib/mac.hpp:167:21) in function 'Matrix_Vector_Activate_Stream_Batch<256u, 128u, 8u, 64u, Slice<ap_uint<4>, 4u>, Slice<ap_uint<4>, 4u>, Identity, ap_int<4>, ap_uint<32>, ap_uint<256>, ThresholdsActivation<2u, 64u, 15u, ap_int<13>, ap_uint<4>, 0, comp::less_equal<ap_int<13>, ap_int<13> > >, ap_resource_lut>' completely with a factor of 8 (/home/miguel_tfg/FINN-v0.9-Stable/deps/finn-hlslib/mvau.hpp:220:0)
INFO: [HLS 214-186] Unrolling loop 'VITIS_LOOP_159_1' (/home/miguel_tfg/FINN-v0.9-Stable/deps/finn-hlslib/weights.hpp:159:23) in function 'Matrix_Vector_Activate_Stream_Batch<256u, 128u, 8u, 64u, Slice<ap_uint<4>, 4u>, Slice<ap_uint<4>, 4u>, Identity, ap_int<4>, ap_uint<32>, ap_uint<256>, ThresholdsActivation<2u, 64u, 15u, ap_int<13>, ap_uint<4>, 0, comp::less_equal<ap_int<13>, ap_int<13> > >, ap_resource_lut>' completely with a factor of 8 (/home/miguel_tfg/FINN-v0.9-Stable/deps/finn-hlslib/mvau.hpp:220:0)
INFO: [HLS 214-186] Unrolling loop 'VITIS_LOOP_293_5' (/home/miguel_tfg/FINN-v0.9-Stable/deps/finn-hlslib/mvau.hpp:293:25) in function 'Matrix_Vector_Activate_Stream_Batch<256u, 128u, 8u, 64u, Slice<ap_uint<4>, 4u>, Slice<ap_uint<4>, 4u>, Identity, ap_int<4>, ap_uint<32>, ap_uint<256>, ThresholdsActivation<2u, 64u, 15u, ap_int<13>, ap_uint<4>, 0, comp::less_equal<ap_int<13>, ap_int<13> > >, ap_resource_lut>' completely with a factor of 64 (/home/miguel_tfg/FINN-v0.9-Stable/deps/finn-hlslib/mvau.hpp:220:0)
INFO: [HLS 214-186] Unrolling loop 'VITIS_LOOP_216_1' (/home/miguel_tfg/FINN-v0.9-Stable/deps/finn-hlslib/activations.hpp:216:20) in function 'Matrix_Vector_Activate_Stream_Batch<256u, 128u, 8u, 64u, Slice<ap_uint<4>, 4u>, Slice<ap_uint<4>, 4u>, Identity, ap_int<4>, ap_uint<32>, ap_uint<256>, ThresholdsActivation<2u, 64u, 15u, ap_int<13>, ap_uint<4>, 0, comp::less_equal<ap_int<13>, ap_int<13> > >, ap_resource_lut>' completely with a factor of 15 (/home/miguel_tfg/FINN-v0.9-Stable/deps/finn-hlslib/mvau.hpp:220:0)
INFO: [HLS 214-178] Inlining function 'std::__array_traits<ap_int<4>, 8ul>::_S_ref(ap_int<4> const (&) [8], unsigned long)' into 'std::array<ap_int<4>, 8ul>::operator[](unsigned long)' (/tools/Xilinx/Vitis_HLS/2022.2/tps/lnx64/gcc-8.3.0/lib/gcc/x86_64-pc-linux-gnu/8.3.0/../../../../include/c++/8.3.0/array:186:0)
INFO: [HLS 214-178] Inlining function 'std::__array_traits<ap_int<4>, 8ul>::_S_ref(ap_int<4> const (&) [8], unsigned long)' into 'std::array<ap_int<4>, 8ul>::operator[](unsigned long) const' (/tools/Xilinx/Vitis_HLS/2022.2/tps/lnx64/gcc-8.3.0/lib/gcc/x86_64-pc-linux-gnu/8.3.0/../../../../include/c++/8.3.0/array:190:0)
INFO: [HLS 214-178] Inlining function 'std::array<ap_int<4>, 8ul>::operator[](unsigned long)' into 'void Matrix_Vector_Activate_Stream_Batch<256u, 128u, 8u, 64u, Slice<ap_uint<4>, 4u>, Slice<ap_uint<4>, 4u>, Identity, ap_int<4>, ap_uint<32>, ap_uint<256>, ThresholdsActivation<2u, 64u, 15u, ap_int<13>, ap_uint<4>, 0, comp::less_equal<ap_int<13>, ap_int<13> > >, ap_resource_lut>(hls::stream<ap_uint<32>, 0>&, hls::stream<ap_uint<256>, 0>&, hls::stream<ap_uint<((64u) * (8u)) * (ap_int<4>::width)>, 0>&, ThresholdsActivation<2u, 64u, 15u, ap_int<13>, ap_uint<4>, 0, comp::less_equal<ap_int<13>, ap_int<13> > > const&, int, ap_resource_lut const&)' (/home/miguel_tfg/FINN-v0.9-Stable/deps/finn-hlslib/mvau.hpp:220:0)
INFO: [HLS 214-178] Inlining function 'std::array<ap_int<4>, 8ul>::operator[](unsigned long) const' into 'void Matrix_Vector_Activate_Stream_Batch<256u, 128u, 8u, 64u, Slice<ap_uint<4>, 4u>, Slice<ap_uint<4>, 4u>, Identity, ap_int<4>, ap_uint<32>, ap_uint<256>, ThresholdsActivation<2u, 64u, 15u, ap_int<13>, ap_uint<4>, 0, comp::less_equal<ap_int<13>, ap_int<13> > >, ap_resource_lut>(hls::stream<ap_uint<32>, 0>&, hls::stream<ap_uint<256>, 0>&, hls::stream<ap_uint<((64u) * (8u)) * (ap_int<4>::width)>, 0>&, ThresholdsActivation<2u, 64u, 15u, ap_int<13>, ap_uint<4>, 0, comp::less_equal<ap_int<13>, ap_int<13> > > const&, int, ap_resource_lut const&)' (/home/miguel_tfg/FINN-v0.9-Stable/deps/finn-hlslib/mvau.hpp:220:0)
INFO: [HLS 214-248] Applying array_partition to '_ZL7threshs': Complete partitioning on dimension 1. Complete partitioning on dimension 3. (/home/miguel_tfg/FINN-v0.9-Stable/notebooks/UAH_example/FINN_build/code_gen_ipgen_MatrixVectorActivation_1_ufvsgxba/thresh.h:1:0)
INFO: [HLS 214-248] Applying array_partition to 'inputBuf': Complete partitioning on dimension 1. (/home/miguel_tfg/FINN-v0.9-Stable/deps/finn-hlslib/mvau.hpp:231:6)
INFO: [HLS 214-248] Applying array_partition to 'accu': Complete partitioning on dimension 1. Complete partitioning on dimension 2. (/home/miguel_tfg/FINN-v0.9-Stable/deps/finn-hlslib/mvau.hpp:234:33)
INFO: [HLS 214-248] Applying array_partition to 'w': Complete partitioning on dimension 1. (/home/miguel_tfg/FINN-v0.9-Stable/deps/finn-hlslib/mvau.hpp:237:30)
INFO: [HLS 214-364] Automatically inlining function 'ap_uint<4> Caster<ap_uint<4> >::cast<4>(ap_int<4> const&)' to improve effectiveness of pipeline pragma in function 'void Matrix_Vector_Activate_Stream_Batch<256u, 128u, 8u, 64u, Slice<ap_uint<4>, 4u>, Slice<ap_uint<4>, 4u>, Identity, ap_int<4>, ap_uint<32>, ap_uint<256>, ThresholdsActivation<2u, 64u, 15u, ap_int<13>, ap_uint<4>, 0, comp::less_equal<ap_int<13>, ap_int<13> > >, ap_resource_lut>(hls::stream<ap_uint<32>, 0>&, hls::stream<ap_uint<256>, 0>&, hls::stream<ap_uint<((64u) * (8u)) * (ap_int<4>::width)>, 0>&, ThresholdsActivation<2u, 64u, 15u, ap_int<13>, ap_uint<4>, 0, comp::less_equal<ap_int<13>, ap_int<13> > > const&, int, ap_resource_lut const&)' (/home/miguel_tfg/FINN-v0.9-Stable/deps/finn-hlslib/interpret.hpp:217:14)
INFO: [HLS 214-364] Automatically inlining function 'comp::less_equal<ap_int<13>, ap_int<13> >::operator()(ap_int<13> const&, ap_int<13> const&) const' to improve effectiveness of pipeline pragma in function 'void Matrix_Vector_Activate_Stream_Batch<256u, 128u, 8u, 64u, Slice<ap_uint<4>, 4u>, Slice<ap_uint<4>, 4u>, Identity, ap_int<4>, ap_uint<32>, ap_uint<256>, ThresholdsActivation<2u, 64u, 15u, ap_int<13>, ap_uint<4>, 0, comp::less_equal<ap_int<13>, ap_int<13> > >, ap_resource_lut>(hls::stream<ap_uint<32>, 0>&, hls::stream<ap_uint<256>, 0>&, hls::stream<ap_uint<((64u) * (8u)) * (ap_int<4>::width)>, 0>&, ThresholdsActivation<2u, 64u, 15u, ap_int<13>, ap_uint<4>, 0, comp::less_equal<ap_int<13>, ap_int<13> > > const&, int, ap_resource_lut const&)' (/home/miguel_tfg/FINN-v0.9-Stable/deps/finn-hlslib/activations.hpp:218:10)
INFO-FLOW: DBG:PUTS: copy_raw_kernel_xml ap_link_39: kernel.xml not generated: /home/miguel_tfg/FINN-v0.9-Stable/notebooks/UAH_example/FINN_build/code_gen_ipgen_MatrixVectorActivation_1_ufvsgxba/project_MatrixVectorActivation_1/sol1/.autopilot/db/kernel.internal.xml
INFO: [HLS 200-111] Finished Compiling Optimization and Transform: CPU user time: 41.46 seconds. CPU system time: 0.52 seconds. Elapsed time: 41.97 seconds; current allocated memory: 1.505 GB.
INFO: [HLS 200-111] Finished Checking Pragmas: CPU user time: 0 seconds. CPU system time: 0 seconds. Elapsed time: 0 seconds; current allocated memory: 1.505 GB.
Execute       opt_and_import_c a -opt_level=2 -skip_syncheck=0 -ng=0 -keep_printf=0 
Execute         cleanup_all_models 
INFO: [HLS 200-10] Starting code transformations ...
INFO-FLOW: Running Standard Transforms...
Execute         transform -hls -share-std-xform -demangle-name -inline-byval-memcpy -always-inline -promote-dbg-pointer -interface-preproc -mem2reg -scalarrepl -mem2reg -keep-read-access -instcombine -dce -promote-dbg-pointer -bitop-raise -loop-simplify -indvarspre -indvars -loop-simplify -xunroll -constprop -instcombine -simplifycfg -indvars -simplifycfg -dce -globaldce -basicaa -simplifycfg -mem2reg -globalopt -global-constprop -deadargelim -instcombine -simplifycfg -scalarrepl -instcombine -reassociate -licm -simplifycfg -loop-simplify -indvars -instcombine -simplifycfg -mem2reg -loop-simplify -indvars -instcombine -gvn -gvn -instcombine -adce -break-crit-edges -simplifycfg -loop-delete -global-array-opt -dce -dse -adce -find-syn-modules -top MatrixVectorActivation_1 -deadargelim -mem2reg -instcombine -dce -presyn-prepare -auto-rom-infer -interface-preproc -syn-check -check-rec-only -find-region -simplifycfg -func-extr -function-inline -globaldce -mem2reg -instcombine -dce -gvn -globaldce -adce -adse -constprop -instcombine -bit-constprop -instcombine -dce -simplifycfg -bitop-raise -simplifycfg -dce -loop-delete -reassociate -globalopt -global-privatize -mem2reg -dce -global-constprop -pointer-simplify -constprop -dce -auto-shift-reg-idiom -promote-dbg-pointer -norm-name /home/miguel_tfg/FINN-v0.9-Stable/notebooks/UAH_example/FINN_build/code_gen_ipgen_MatrixVectorActivation_1_ufvsgxba/project_MatrixVectorActivation_1/sol1/.autopilot/db/a.g.0.bc -o /home/miguel_tfg/FINN-v0.9-Stable/notebooks/UAH_example/FINN_build/code_gen_ipgen_MatrixVectorActivation_1_ufvsgxba/project_MatrixVectorActivation_1/sol1/.autopilot/db/a.g.1.bc -f -phase std-opt 
Command         transform done; 0.84 sec.
INFO: [HLS 200-111] Finished Standard Transforms: CPU user time: 0.83 seconds. CPU system time: 0.01 seconds. Elapsed time: 0.84 seconds; current allocated memory: 1.539 GB.
INFO: [HLS 200-10] Checking synthesizability ...
INFO-FLOW: Checking Synthesizability 1/2..
Execute         transform -hls -syn-check -check-rec-only -scalarrepl -norm-name -dce -mem2reg -instcombine -directive-preproc -mem2reg -dse -dce -auto-rom-infer -dce -pag -array-normalize -instcombine -dce -array-seg-normalize -instcombine -dce -data-pack -instcombine -dce -inst-simplify -array-flatten -instcombine -dce -array-burst -dce -deadargelim -promote-global-argument -simplifycfg -mem2reg -globaldce -dce -deadargelim -dce -instcombine -function-inline -globaldce -dce -doublePtrSimplify -doublePtrElim -dce -doublePtrSimplify -promote-dbg-pointer -dce -scalarrepl -dse -adse -instcombine -ptrLegalization -simplifycfg -dce -instcombine -pointer-simplify -ptrArgReplace -dce -instcombine -resolve-double-ptr -scalarrepl -norm-name -dce -mem2reg -instcombine -ptrLegalization -simplifycfg -deadargelim -instcombine -dce -inst-simplify -directive-preproc -mem2reg -dse -dce -globaldce /home/miguel_tfg/FINN-v0.9-Stable/notebooks/UAH_example/FINN_build/code_gen_ipgen_MatrixVectorActivation_1_ufvsgxba/project_MatrixVectorActivation_1/sol1/.autopilot/db/a.g.1.bc -o /home/miguel_tfg/FINN-v0.9-Stable/notebooks/UAH_example/FINN_build/code_gen_ipgen_MatrixVectorActivation_1_ufvsgxba/project_MatrixVectorActivation_1/sol1/.autopilot/db/a.g.2.prechk.bc -f 
Command         transform done; 0.77 sec.
INFO-FLOW: Checking Synthesizability 2/2..
Execute         transform -syn-check /home/miguel_tfg/FINN-v0.9-Stable/notebooks/UAH_example/FINN_build/code_gen_ipgen_MatrixVectorActivation_1_ufvsgxba/project_MatrixVectorActivation_1/sol1/.autopilot/db/a.g.2.prechk.bc -o /home/miguel_tfg/FINN-v0.9-Stable/notebooks/UAH_example/FINN_build/code_gen_ipgen_MatrixVectorActivation_1_ufvsgxba/project_MatrixVectorActivation_1/sol1/.autopilot/db/a.g.2.bc -f -phase syn-check 
INFO: [HLS 200-111] Finished Checking Synthesizability: CPU user time: 0.82 seconds. CPU system time: 0 seconds. Elapsed time: 0.83 seconds; current allocated memory: 1.552 GB.
INFO-FLOW: Compiler optimizing ...
INFO-FLOW: Share syncheck's 1.bc for syn flow: copy /home/miguel_tfg/FINN-v0.9-Stable/notebooks/UAH_example/FINN_build/code_gen_ipgen_MatrixVectorActivation_1_ufvsgxba/project_MatrixVectorActivation_1/sol1/.autopilot/db/a.g.1.bc to /home/miguel_tfg/FINN-v0.9-Stable/notebooks/UAH_example/FINN_build/code_gen_ipgen_MatrixVectorActivation_1_ufvsgxba/project_MatrixVectorActivation_1/sol1/.autopilot/db/a.o.1.bc
INFO-FLOW: Presyn 1...
Execute         transform -hls -tmp /home/miguel_tfg/FINN-v0.9-Stable/notebooks/UAH_example/FINN_build/code_gen_ipgen_MatrixVectorActivation_1_ufvsgxba/project_MatrixVectorActivation_1/sol1/.autopilot/db -interface-port-rename -directive-preproc -mem2reg -dse -dce -scalarrepl -norm-name -deadargelim -mem2reg -instcombine -dce -simplifycfg -auto-rom-infer -dce -resource-proc -clib-intrinsic-prepare -dce -func-buffer -dce -pag -array-normalize -func-legal -instcombine -gvn -constprop -dce -simplifycfg -mem2reg -globaldce -resolve-double-ptr -dce -deadargelim -dce -instcombine -ptrArgReplace -mem2reg -dce -array-seg-normalize -deadargelim -instcombine -dce -directive-preproc -mem2reg -dse -dce -pointer-simplify -dce -port-alignment -dce -interface-preproc -data-pack -instcombine -dce -basicaa -aggr-aa -aggrmodref-aa -aggr-aa -gvn -gvn -basicaa -aggr-aa -aggrmodref-aa -aggr-aa -dse -adse -adce -loop-simplify -indvars -instcombine -gvn -loop-simplify -mem2reg -dce -find-region -instcombine -auto-loop-pipeline -inst-simplify -interface-preproc -cfgopt -instcombine -indvars -auto-loop-unroll -loop-simplify -loop-bound -xunroll -constprop -instcombine -simplifycfg -indvars -simplifycfg -dce -globaldce -clean-region -attach-range -gvn -inst-simplify -constprop -simplifycfg -dce -pointer-simplify -dce -globalopt -constprop -dce -array-promote -scalar-auto-dep-elim -constprop -dce -ptrArgReplace -mem2reg -simplifycfg -dce -instcombine -dce -array-transform-check -array-reshape -instcombine -simplifycfg -dce -ptrArgReplace -deadargelim -mem2reg -instcombine -simplifycfg -dce -indvars -loop-simplify -loop-bound -xunroll -constprop -instcombine -simplifycfg -indvars -simplifycfg -dce -globaldce -basicaa -aggr-aa -aggrmodref-aa -aggr-aa -dse -duplicate-dataflow-processes -globaldce -instcombine -array-partition -prepare-dynamic-array-partition -instcombine -simplifycfg -dce -ptrArgReplace -global-constprop -deadargelim -mem2reg -func-legal -dce -global-constprop -deadargelim -mem2reg -simplifycfg -dce -merge-param -deadargelim -globalopt -constprop -dce -array-promote -scalar-auto-dep-elim -constprop -dce -ptrArgReplace -mem2reg -simplifycfg -dce -mem-intrinsic-preproc -dce -global-internalize -global-privatize -mem2reg -globaldce -promote-global-argument -ptrArgReplace -mem2reg -dce -globalopt -mergereturn -simplify-global-access -mem2reg -dce -pointer-simplify -dce -functionattrs -basicaa -aggr-aa -aggrmodref-aa -aggr-aa -gvn -gvn -basicaa -aggr-aa -aggrmodref-aa -aggr-aa -dse -adse -adce -dce -norm-name -basicaa -aggr-aa -aggrmodref-aa -aggr-aa -accesses-merge -function-inline -complex-op-raise -inst-simplify -globaldce -func-legal -dce -loop-bound -arraycheck -bitwidthmin2 -bitwidthmin2 -on-by-dataflow -loop-delete -instcombine -simplifycfg -globaldce -dce -gvn -deadargelim -dce -loop-simplify -clean-region -simplifycfg -propagate-stable-arguments -loop-stream -instcombine -simplifycfg -dce -globaldce -duplicate-dataflow-processes -stream-intrinsic-preproc -dce -check-ap-stream -loop-simplify -eliminate-keepreads -extract-dataflow-in-loop -loop-simplify -dce -gvn -deadargelim -dse -duplicate-dataflow-processes -check-dataflow-syntax -legalize-stream-variable -globaldce -legalize-global -extract-subproc -dce -dead-channel-elimination -canonicalize-gep -globaldce -dce -gvn -hls-dead-arg-elim -deadargelim -directive-preproc -canonicalize-dataflow -dce -globaldce -scalar-preprocessing -scalar-propagation2 -deadargelim -globaldce -mem2reg -check-dataflow-channels -function-stream -dce -globaldce -prop-fifo-spec -internal-stream-gen -canonicalize-gep -globaldce -dce -gvn -deadargelim -mergereturn -indvars -loop-simplify -instcombine -array-stream -array-seg-normalize -array-partition -func-legal -instcombine -simplifycfg -dce -bundle-memfifo-ops -deadargelim -directive-preproc -mem2reg -dse -dce -group-axi-access -licm -simplifycfg -dce -loop-delete -hls-display -norm-name /home/miguel_tfg/FINN-v0.9-Stable/notebooks/UAH_example/FINN_build/code_gen_ipgen_MatrixVectorActivation_1_ufvsgxba/project_MatrixVectorActivation_1/sol1/.autopilot/db/a.o.1.bc -o /home/miguel_tfg/FINN-v0.9-Stable/notebooks/UAH_example/FINN_build/code_gen_ipgen_MatrixVectorActivation_1_ufvsgxba/project_MatrixVectorActivation_1/sol1/.autopilot/db/a.o.1.tmp.bc -f 
INFO: [XFORM 203-102] Automatically partitioning small array '_ZL7threshs_9_9' completely based on array size.
INFO: [XFORM 203-102] Automatically partitioning small array '_ZL7threshs_9_8' completely based on array size.
INFO: [XFORM 203-102] Automatically partitioning small array '_ZL7threshs_9_7' completely based on array size.
INFO: [XFORM 203-102] Automatically partitioning small array '_ZL7threshs_9_6' completely based on array size.
INFO: [XFORM 203-102] Automatically partitioning small array '_ZL7threshs_9_5' completely based on array size.
INFO: [XFORM 203-102] Automatically partitioning small array '_ZL7threshs_9_4' completely based on array size.
INFO: [XFORM 203-102] Automatically partitioning small array '_ZL7threshs_9_3' completely based on array size.
INFO: [XFORM 203-102] Automatically partitioning small array '_ZL7threshs_9_2' completely based on array size.
INFO: [XFORM 203-102] Automatically partitioning small array '_ZL7threshs_9_14' completely based on array size.
INFO: [XFORM 203-102] Automatically partitioning small array '_ZL7threshs_9_13' completely based on array size.
INFO: [XFORM 203-102] Automatically partitioning small array '_ZL7threshs_9_12' completely based on array size.
INFO: [XFORM 203-102] Automatically partitioning small array '_ZL7threshs_9_11' completely based on array size.
INFO: [XFORM 203-102] Automatically partitioning small array '_ZL7threshs_9_10' completely based on array size.
INFO: [XFORM 203-102] Automatically partitioning small array '_ZL7threshs_9_1' completely based on array size.
INFO: [XFORM 203-102] Automatically partitioning small array '_ZL7threshs_9_0' completely based on array size.
INFO: [XFORM 203-102] Automatically partitioning small array '_ZL7threshs_8_9' completely based on array size.
INFO: [XFORM 203-102] Automatically partitioning small array '_ZL7threshs_8_8' completely based on array size.
INFO: [XFORM 203-102] Automatically partitioning small array '_ZL7threshs_8_7' completely based on array size.
INFO: [XFORM 203-102] Automatically partitioning small array '_ZL7threshs_8_6' completely based on array size.
INFO: [XFORM 203-102] Automatically partitioning small array '_ZL7threshs_8_5' completely based on array size.
INFO: [XFORM 203-102] Automatically partitioning small array '_ZL7threshs_8_4' completely based on array size.
INFO: [XFORM 203-102] Automatically partitioning small array '_ZL7threshs_8_3' completely based on array size.
INFO: [XFORM 203-102] Automatically partitioning small array '_ZL7threshs_8_2' completely based on array size.
INFO: [XFORM 203-102] Automatically partitioning small array '_ZL7threshs_8_14' completely based on array size.
INFO: [XFORM 203-102] Automatically partitioning small array '_ZL7threshs_8_13' completely based on array size.
INFO: [XFORM 203-102] Automatically partitioning small array '_ZL7threshs_8_12' completely based on array size.
INFO: [XFORM 203-102] Automatically partitioning small array '_ZL7threshs_8_11' completely based on array size.
INFO: [XFORM 203-102] Automatically partitioning small array '_ZL7threshs_8_10' completely based on array size.
INFO: [XFORM 203-102] Automatically partitioning small array '_ZL7threshs_8_1' completely based on array size.
INFO: [XFORM 203-102] Automatically partitioning small array '_ZL7threshs_8_0' completely based on array size.
INFO: [XFORM 203-102] Automatically partitioning small array '_ZL7threshs_7_9' completely based on array size.
INFO: [XFORM 203-102] Automatically partitioning small array '_ZL7threshs_7_8' completely based on array size.
INFO: [XFORM 203-102] Automatically partitioning small array '_ZL7threshs_7_7' completely based on array size.
INFO: [XFORM 203-102] Automatically partitioning small array '_ZL7threshs_7_6' completely based on array size.
INFO: [XFORM 203-102] Automatically partitioning small array '_ZL7threshs_7_5' completely based on array size.
INFO: [XFORM 203-102] Automatically partitioning small array '_ZL7threshs_7_4' completely based on array size.
INFO: [XFORM 203-102] Automatically partitioning small array '_ZL7threshs_7_3' completely based on array size.
INFO: [XFORM 203-102] Automatically partitioning small array '_ZL7threshs_7_2' completely based on array size.
INFO: [XFORM 203-102] Automatically partitioning small array '_ZL7threshs_7_14' completely based on array size.
INFO: [XFORM 203-102] Automatically partitioning small array '_ZL7threshs_7_13' completely based on array size.
INFO: [XFORM 203-102] Automatically partitioning small array '_ZL7threshs_7_12' completely based on array size.
INFO: [XFORM 203-102] Automatically partitioning small array '_ZL7threshs_7_11' completely based on array size.
INFO: [XFORM 203-102] Automatically partitioning small array '_ZL7threshs_7_10' completely based on array size.
INFO: [XFORM 203-102] Automatically partitioning small array '_ZL7threshs_7_1' completely based on array size.
INFO: [XFORM 203-102] Automatically partitioning small array '_ZL7threshs_7_0' completely based on array size.
INFO: [XFORM 203-102] Automatically partitioning small array '_ZL7threshs_6_9' completely based on array size.
INFO: [XFORM 203-102] Automatically partitioning small array '_ZL7threshs_6_8' completely based on array size.
INFO: [XFORM 203-102] Automatically partitioning small array '_ZL7threshs_6_7' completely based on array size.
INFO: [XFORM 203-102] Automatically partitioning small array '_ZL7threshs_6_6' completely based on array size.
INFO: [XFORM 203-102] Automatically partitioning small array '_ZL7threshs_6_5' completely based on array size.
INFO: [XFORM 203-102] Automatically partitioning small array '_ZL7threshs_6_4' completely based on array size.
INFO: [XFORM 203-102] Automatically partitioning small array '_ZL7threshs_6_3' completely based on array size.
INFO: [XFORM 203-102] Automatically partitioning small array '_ZL7threshs_6_2' completely based on array size.
INFO: [XFORM 203-102] Automatically partitioning small array '_ZL7threshs_6_14' completely based on array size.
INFO: [XFORM 203-102] Automatically partitioning small array '_ZL7threshs_6_13' completely based on array size.
INFO: [XFORM 203-102] Automatically partitioning small array '_ZL7threshs_6_12' completely based on array size.
INFO: [XFORM 203-102] Automatically partitioning small array '_ZL7threshs_6_11' completely based on array size.
INFO: [XFORM 203-102] Automatically partitioning small array '_ZL7threshs_6_10' completely based on array size.
INFO: [XFORM 203-102] Automatically partitioning small array '_ZL7threshs_6_1' completely based on array size.
INFO: [XFORM 203-102] Automatically partitioning small array '_ZL7threshs_6_0' completely based on array size.
INFO: [XFORM 203-102] Automatically partitioning small array '_ZL7threshs_63_9' completely based on array size.
INFO: [XFORM 203-102] Automatically partitioning small array '_ZL7threshs_63_8' completely based on array size.
INFO: [XFORM 203-102] Automatically partitioning small array '_ZL7threshs_63_7' completely based on array size.
INFO: [XFORM 203-102] Automatically partitioning small array '_ZL7threshs_63_6' completely based on array size.
INFO: [XFORM 203-102] Automatically partitioning small array '_ZL7threshs_63_5' completely based on array size.
INFO: [XFORM 203-102] Automatically partitioning small array '_ZL7threshs_63_4' completely based on array size.
INFO: [XFORM 203-102] Automatically partitioning small array '_ZL7threshs_63_3' completely based on array size.
INFO: [XFORM 203-102] Automatically partitioning small array '_ZL7threshs_63_2' completely based on array size.
INFO: [XFORM 203-102] Automatically partitioning small array '_ZL7threshs_63_14' completely based on array size.
INFO: [XFORM 203-102] Automatically partitioning small array '_ZL7threshs_63_13' completely based on array size.
INFO: [XFORM 203-102] Automatically partitioning small array '_ZL7threshs_63_12' completely based on array size.
INFO: [XFORM 203-102] Automatically partitioning small array '_ZL7threshs_63_11' completely based on array size.
INFO: [XFORM 203-102] Automatically partitioning small array '_ZL7threshs_63_10' completely based on array size.
INFO: [XFORM 203-102] Automatically partitioning small array '_ZL7threshs_63_1' completely based on array size.
INFO: [XFORM 203-102] Automatically partitioning small array '_ZL7threshs_63_0' completely based on array size.
INFO: [XFORM 203-102] Automatically partitioning small array '_ZL7threshs_62_9' completely based on array size.
INFO: [XFORM 203-102] Automatically partitioning small array '_ZL7threshs_62_8' completely based on array size.
INFO: [XFORM 203-102] Automatically partitioning small array '_ZL7threshs_62_7' completely based on array size.
INFO: [XFORM 203-102] Automatically partitioning small array '_ZL7threshs_62_6' completely based on array size.
INFO: [XFORM 203-102] Automatically partitioning small array '_ZL7threshs_62_5' completely based on array size.
INFO: [XFORM 203-102] Automatically partitioning small array '_ZL7threshs_62_4' completely based on array size.
INFO: [XFORM 203-102] Automatically partitioning small array '_ZL7threshs_62_3' completely based on array size.
INFO: [XFORM 203-102] Automatically partitioning small array '_ZL7threshs_62_2' completely based on array size.
INFO: [XFORM 203-102] Automatically partitioning small array '_ZL7threshs_62_14' completely based on array size.
INFO: [XFORM 203-102] Automatically partitioning small array '_ZL7threshs_62_13' completely based on array size.
INFO: [XFORM 203-102] Automatically partitioning small array '_ZL7threshs_62_12' completely based on array size.
INFO: [XFORM 203-102] Automatically partitioning small array '_ZL7threshs_62_11' completely based on array size.
INFO: [XFORM 203-102] Automatically partitioning small array '_ZL7threshs_62_10' completely based on array size.
INFO: [XFORM 203-102] Automatically partitioning small array '_ZL7threshs_62_1' completely based on array size.
INFO: [XFORM 203-102] Automatically partitioning small array '_ZL7threshs_62_0' completely based on array size.
INFO: [XFORM 203-102] Automatically partitioning small array '_ZL7threshs_61_9' completely based on array size.
INFO: [XFORM 203-102] Automatically partitioning small array '_ZL7threshs_61_8' completely based on array size.
INFO: [XFORM 203-102] Automatically partitioning small array '_ZL7threshs_61_7' completely based on array size.
INFO: [XFORM 203-102] Automatically partitioning small array '_ZL7threshs_61_6' completely based on array size.
INFO: [XFORM 203-102] Automatically partitioning small array '_ZL7threshs_61_5' completely based on array size.
INFO: [XFORM 203-102] Automatically partitioning small array '_ZL7threshs_61_4' completely based on array size.
INFO: [XFORM 203-102] Automatically partitioning small array '_ZL7threshs_61_3' completely based on array size.
INFO: [XFORM 203-102] Automatically partitioning small array '_ZL7threshs_61_2' completely based on array size.
INFO: [XFORM 203-102] Automatically partitioning small array '_ZL7threshs_61_14' completely based on array size.
INFO: [XFORM 203-102] Automatically partitioning small array '_ZL7threshs_61_13' completely based on array size.
INFO: [XFORM 203-102] Automatically partitioning small array '_ZL7threshs_61_12' completely based on array size.
INFO: [XFORM 203-102] Automatically partitioning small array '_ZL7threshs_61_11' completely based on array size.
INFO: [XFORM 203-102] Automatically partitioning small array '_ZL7threshs_61_10' completely based on array size.
INFO: [XFORM 203-102] Automatically partitioning small array '_ZL7threshs_61_1' completely based on array size.
INFO: [XFORM 203-102] Automatically partitioning small array '_ZL7threshs_61_0' completely based on array size.
INFO: [XFORM 203-102] Automatically partitioning small array '_ZL7threshs_60_9' completely based on array size.
INFO: [XFORM 203-102] Automatically partitioning small array '_ZL7threshs_60_8' completely based on array size.
INFO: [XFORM 203-102] Automatically partitioning small array '_ZL7threshs_60_7' completely based on array size.
INFO: [XFORM 203-102] Automatically partitioning small array '_ZL7threshs_60_6' completely based on array size.
INFO: [XFORM 203-102] Automatically partitioning small array '_ZL7threshs_60_5' completely based on array size.
INFO: [XFORM 203-102] Automatically partitioning small array '_ZL7threshs_60_4' completely based on array size.
INFO: [XFORM 203-102] Automatically partitioning small array '_ZL7threshs_60_3' completely based on array size.
INFO: [XFORM 203-102] Automatically partitioning small array '_ZL7threshs_60_2' completely based on array size.
INFO: [XFORM 203-102] Automatically partitioning small array '_ZL7threshs_60_14' completely based on array size.
INFO: [XFORM 203-102] Automatically partitioning small array '_ZL7threshs_60_13' completely based on array size.
INFO: [XFORM 203-102] Automatically partitioning small array '_ZL7threshs_60_12' completely based on array size.
INFO: [XFORM 203-102] Automatically partitioning small array '_ZL7threshs_60_11' completely based on array size.
INFO: [XFORM 203-102] Automatically partitioning small array '_ZL7threshs_60_10' completely based on array size.
INFO: [XFORM 203-102] Automatically partitioning small array '_ZL7threshs_60_1' completely based on array size.
INFO: [XFORM 203-102] Automatically partitioning small array '_ZL7threshs_60_0' completely based on array size.
INFO: [XFORM 203-102] Automatically partitioning small array '_ZL7threshs_5_9' completely based on array size.
INFO: [XFORM 203-102] Automatically partitioning small array '_ZL7threshs_5_8' completely based on array size.
INFO: [XFORM 203-102] Automatically partitioning small array '_ZL7threshs_5_7' completely based on array size.
INFO: [XFORM 203-102] Automatically partitioning small array '_ZL7threshs_5_6' completely based on array size.
INFO: [XFORM 203-102] Automatically partitioning small array '_ZL7threshs_5_5' completely based on array size.
INFO: [XFORM 203-102] Automatically partitioning small array '_ZL7threshs_5_4' completely based on array size.
INFO: [XFORM 203-102] Automatically partitioning small array '_ZL7threshs_5_3' completely based on array size.
INFO: [XFORM 203-102] Automatically partitioning small array '_ZL7threshs_5_2' completely based on array size.
INFO: [XFORM 203-102] Automatically partitioning small array '_ZL7threshs_5_14' completely based on array size.
INFO: [XFORM 203-102] Automatically partitioning small array '_ZL7threshs_5_13' completely based on array size.
INFO: [XFORM 203-102] Automatically partitioning small array '_ZL7threshs_5_12' completely based on array size.
INFO: [XFORM 203-102] Automatically partitioning small array '_ZL7threshs_5_11' completely based on array size.
INFO: [XFORM 203-102] Automatically partitioning small array '_ZL7threshs_5_10' completely based on array size.
INFO: [XFORM 203-102] Automatically partitioning small array '_ZL7threshs_5_1' completely based on array size.
INFO: [XFORM 203-102] Automatically partitioning small array '_ZL7threshs_5_0' completely based on array size.
INFO: [XFORM 203-102] Automatically partitioning small array '_ZL7threshs_59_9' completely based on array size.
INFO: [XFORM 203-102] Automatically partitioning small array '_ZL7threshs_59_8' completely based on array size.
INFO: [XFORM 203-102] Automatically partitioning small array '_ZL7threshs_59_7' completely based on array size.
INFO: [XFORM 203-102] Automatically partitioning small array '_ZL7threshs_59_6' completely based on array size.
INFO: [XFORM 203-102] Automatically partitioning small array '_ZL7threshs_59_5' completely based on array size.
INFO: [XFORM 203-102] Automatically partitioning small array '_ZL7threshs_59_4' completely based on array size.
INFO: [XFORM 203-102] Automatically partitioning small array '_ZL7threshs_59_3' completely based on array size.
INFO: [XFORM 203-102] Automatically partitioning small array '_ZL7threshs_59_2' completely based on array size.
INFO: [XFORM 203-102] Automatically partitioning small array '_ZL7threshs_59_14' completely based on array size.
INFO: [XFORM 203-102] Automatically partitioning small array '_ZL7threshs_59_13' completely based on array size.
INFO: [XFORM 203-102] Automatically partitioning small array '_ZL7threshs_59_12' completely based on array size.
INFO: [XFORM 203-102] Automatically partitioning small array '_ZL7threshs_59_11' completely based on array size.
INFO: [XFORM 203-102] Automatically partitioning small array '_ZL7threshs_59_10' completely based on array size.
INFO: [XFORM 203-102] Automatically partitioning small array '_ZL7threshs_59_1' completely based on array size.
INFO: [XFORM 203-102] Automatically partitioning small array '_ZL7threshs_59_0' completely based on array size.
INFO: [XFORM 203-102] Automatically partitioning small array '_ZL7threshs_58_9' completely based on array size.
INFO: [XFORM 203-102] Automatically partitioning small array '_ZL7threshs_58_8' completely based on array size.
INFO: [XFORM 203-102] Automatically partitioning small array '_ZL7threshs_58_7' completely based on array size.
INFO: [XFORM 203-102] Automatically partitioning small array '_ZL7threshs_58_6' completely based on array size.
INFO: [XFORM 203-102] Automatically partitioning small array '_ZL7threshs_58_5' completely based on array size.
INFO: [XFORM 203-102] Automatically partitioning small array '_ZL7threshs_58_4' completely based on array size.
INFO: [XFORM 203-102] Automatically partitioning small array '_ZL7threshs_58_3' completely based on array size.
INFO: [XFORM 203-102] Automatically partitioning small array '_ZL7threshs_58_2' completely based on array size.
INFO: [XFORM 203-102] Automatically partitioning small array '_ZL7threshs_58_14' completely based on array size.
INFO: [XFORM 203-102] Automatically partitioning small array '_ZL7threshs_58_13' completely based on array size.
INFO: [XFORM 203-102] Automatically partitioning small array '_ZL7threshs_58_12' completely based on array size.
INFO: [XFORM 203-102] Automatically partitioning small array '_ZL7threshs_58_11' completely based on array size.
INFO: [XFORM 203-102] Automatically partitioning small array '_ZL7threshs_58_10' completely based on array size.
INFO: [XFORM 203-102] Automatically partitioning small array '_ZL7threshs_58_1' completely based on array size.
INFO: [XFORM 203-102] Automatically partitioning small array '_ZL7threshs_58_0' completely based on array size.
INFO: [XFORM 203-102] Automatically partitioning small array '_ZL7threshs_57_9' completely based on array size.
INFO: [XFORM 203-102] Automatically partitioning small array '_ZL7threshs_57_8' completely based on array size.
INFO: [XFORM 203-102] Automatically partitioning small array '_ZL7threshs_57_7' completely based on array size.
INFO: [XFORM 203-102] Automatically partitioning small array '_ZL7threshs_57_6' completely based on array size.
INFO: [XFORM 203-102] Automatically partitioning small array '_ZL7threshs_57_5' completely based on array size.
INFO: [XFORM 203-102] Automatically partitioning small array '_ZL7threshs_57_4' completely based on array size.
INFO: [XFORM 203-102] Automatically partitioning small array '_ZL7threshs_57_3' completely based on array size.
INFO: [XFORM 203-102] Automatically partitioning small array '_ZL7threshs_57_2' completely based on array size.
INFO: [XFORM 203-102] Automatically partitioning small array '_ZL7threshs_57_14' completely based on array size.
INFO: [XFORM 203-102] Automatically partitioning small array '_ZL7threshs_57_13' completely based on array size.
INFO: [XFORM 203-102] Automatically partitioning small array '_ZL7threshs_57_12' completely based on array size.
INFO: [XFORM 203-102] Automatically partitioning small array '_ZL7threshs_57_11' completely based on array size.
INFO: [XFORM 203-102] Automatically partitioning small array '_ZL7threshs_57_10' completely based on array size.
INFO: [XFORM 203-102] Automatically partitioning small array '_ZL7threshs_57_1' completely based on array size.
INFO: [XFORM 203-102] Automatically partitioning small array '_ZL7threshs_57_0' completely based on array size.
INFO: [XFORM 203-102] Automatically partitioning small array '_ZL7threshs_56_9' completely based on array size.
INFO: [XFORM 203-102] Automatically partitioning small array '_ZL7threshs_56_8' completely based on array size.
INFO: [XFORM 203-102] Automatically partitioning small array '_ZL7threshs_56_7' completely based on array size.
INFO: [XFORM 203-102] Automatically partitioning small array '_ZL7threshs_56_6' completely based on array size.
INFO: [XFORM 203-102] Automatically partitioning small array '_ZL7threshs_56_5' completely based on array size.
INFO: [XFORM 203-102] Automatically partitioning small array '_ZL7threshs_56_4' completely based on array size.
INFO: [XFORM 203-102] Automatically partitioning small array '_ZL7threshs_56_3' completely based on array size.
INFO: [XFORM 203-102] Automatically partitioning small array '_ZL7threshs_56_2' completely based on array size.
INFO: [XFORM 203-102] Automatically partitioning small array '_ZL7threshs_56_14' completely based on array size.
INFO: [XFORM 203-102] Automatically partitioning small array '_ZL7threshs_56_13' completely based on array size.
INFO: [XFORM 203-102] Automatically partitioning small array '_ZL7threshs_56_12' completely based on array size.
INFO: [XFORM 203-102] Automatically partitioning small array '_ZL7threshs_56_11' completely based on array size.
INFO: [XFORM 203-102] Automatically partitioning small array '_ZL7threshs_56_10' completely based on array size.
INFO: [XFORM 203-102] Automatically partitioning small array '_ZL7threshs_56_1' completely based on array size.
INFO: [XFORM 203-102] Automatically partitioning small array '_ZL7threshs_56_0' completely based on array size.
INFO: [XFORM 203-102] Automatically partitioning small array '_ZL7threshs_55_9' completely based on array size.
INFO: [XFORM 203-102] Automatically partitioning small array '_ZL7threshs_55_8' completely based on array size.
INFO: [XFORM 203-102] Automatically partitioning small array '_ZL7threshs_55_7' completely based on array size.
INFO: [XFORM 203-102] Automatically partitioning small array '_ZL7threshs_55_6' completely based on array size.
INFO: [XFORM 203-102] Automatically partitioning small array '_ZL7threshs_55_5' completely based on array size.
INFO: [XFORM 203-102] Automatically partitioning small array '_ZL7threshs_55_4' completely based on array size.
INFO: [XFORM 203-102] Automatically partitioning small array '_ZL7threshs_55_3' completely based on array size.
INFO: [XFORM 203-102] Automatically partitioning small array '_ZL7threshs_55_2' completely based on array size.
INFO: [XFORM 203-102] Automatically partitioning small array '_ZL7threshs_55_14' completely based on array size.
INFO: [XFORM 203-102] Automatically partitioning small array '_ZL7threshs_55_13' completely based on array size.
INFO: [XFORM 203-102] Automatically partitioning small array '_ZL7threshs_55_12' completely based on array size.
INFO: [XFORM 203-102] Automatically partitioning small array '_ZL7threshs_55_11' completely based on array size.
INFO: [XFORM 203-102] Automatically partitioning small array '_ZL7threshs_55_10' completely based on array size.
INFO: [XFORM 203-102] Automatically partitioning small array '_ZL7threshs_55_1' completely based on array size.
INFO: [XFORM 203-102] Automatically partitioning small array '_ZL7threshs_55_0' completely based on array size.
INFO: [XFORM 203-102] Automatically partitioning small array '_ZL7threshs_54_9' completely based on array size.
INFO: [XFORM 203-102] Automatically partitioning small array '_ZL7threshs_54_8' completely based on array size.
INFO: [XFORM 203-102] Automatically partitioning small array '_ZL7threshs_54_7' completely based on array size.
INFO: [XFORM 203-102] Automatically partitioning small array '_ZL7threshs_54_6' completely based on array size.
INFO: [XFORM 203-102] Automatically partitioning small array '_ZL7threshs_54_5' completely based on array size.
INFO: [XFORM 203-102] Automatically partitioning small array '_ZL7threshs_54_4' completely based on array size.
INFO: [XFORM 203-102] Automatically partitioning small array '_ZL7threshs_54_3' completely based on array size.
INFO: [XFORM 203-102] Automatically partitioning small array '_ZL7threshs_54_2' completely based on array size.
INFO: [XFORM 203-102] Automatically partitioning small array '_ZL7threshs_54_14' completely based on array size.
INFO: [XFORM 203-102] Automatically partitioning small array '_ZL7threshs_54_13' completely based on array size.
INFO: [XFORM 203-102] Automatically partitioning small array '_ZL7threshs_54_12' completely based on array size.
INFO: [XFORM 203-102] Automatically partitioning small array '_ZL7threshs_54_11' completely based on array size.
INFO: [XFORM 203-102] Automatically partitioning small array '_ZL7threshs_54_10' completely based on array size.
INFO: [XFORM 203-102] Automatically partitioning small array '_ZL7threshs_54_1' completely based on array size.
INFO: [XFORM 203-102] Automatically partitioning small array '_ZL7threshs_54_0' completely based on array size.
INFO: [XFORM 203-102] Automatically partitioning small array '_ZL7threshs_53_9' completely based on array size.
INFO: [XFORM 203-102] Automatically partitioning small array '_ZL7threshs_53_8' completely based on array size.
INFO: [XFORM 203-102] Automatically partitioning small array '_ZL7threshs_53_7' completely based on array size.
INFO: [XFORM 203-102] Automatically partitioning small array '_ZL7threshs_53_6' completely based on array size.
INFO: [XFORM 203-102] Automatically partitioning small array '_ZL7threshs_53_5' completely based on array size.
INFO: [XFORM 203-102] Automatically partitioning small array '_ZL7threshs_53_4' completely based on array size.
INFO: [XFORM 203-102] Automatically partitioning small array '_ZL7threshs_53_3' completely based on array size.
INFO: [XFORM 203-102] Automatically partitioning small array '_ZL7threshs_53_2' completely based on array size.
INFO: [XFORM 203-102] Automatically partitioning small array '_ZL7threshs_53_14' completely based on array size.
INFO: [XFORM 203-102] Automatically partitioning small array '_ZL7threshs_53_13' completely based on array size.
INFO: [XFORM 203-102] Automatically partitioning small array '_ZL7threshs_53_12' completely based on array size.
INFO: [XFORM 203-102] Automatically partitioning small array '_ZL7threshs_53_11' completely based on array size.
INFO: [XFORM 203-102] Automatically partitioning small array '_ZL7threshs_53_10' completely based on array size.
INFO: [XFORM 203-102] Automatically partitioning small array '_ZL7threshs_53_1' completely based on array size.
INFO: [XFORM 203-102] Automatically partitioning small array '_ZL7threshs_53_0' completely based on array size.
INFO: [XFORM 203-102] Automatically partitioning small array '_ZL7threshs_52_9' completely based on array size.
INFO: [XFORM 203-102] Automatically partitioning small array '_ZL7threshs_52_8' completely based on array size.
INFO: [XFORM 203-102] Automatically partitioning small array '_ZL7threshs_52_7' completely based on array size.
INFO: [XFORM 203-102] Automatically partitioning small array '_ZL7threshs_52_6' completely based on array size.
INFO: [XFORM 203-102] Automatically partitioning small array '_ZL7threshs_52_5' completely based on array size.
INFO: [XFORM 203-102] Automatically partitioning small array '_ZL7threshs_52_4' completely based on array size.
INFO: [XFORM 203-102] Automatically partitioning small array '_ZL7threshs_52_3' completely based on array size.
INFO: [XFORM 203-102] Automatically partitioning small array '_ZL7threshs_52_2' completely based on array size.
INFO: [XFORM 203-102] Automatically partitioning small array '_ZL7threshs_52_14' completely based on array size.
INFO: [XFORM 203-102] Automatically partitioning small array '_ZL7threshs_52_13' completely based on array size.
INFO: [XFORM 203-102] Automatically partitioning small array '_ZL7threshs_52_12' completely based on array size.
INFO: [XFORM 203-102] Automatically partitioning small array '_ZL7threshs_52_11' completely based on array size.
INFO: [XFORM 203-102] Automatically partitioning small array '_ZL7threshs_52_10' completely based on array size.
INFO: [XFORM 203-102] Automatically partitioning small array '_ZL7threshs_52_1' completely based on array size.
INFO: [XFORM 203-102] Automatically partitioning small array '_ZL7threshs_52_0' completely based on array size.
INFO: [XFORM 203-102] Automatically partitioning small array '_ZL7threshs_51_9' completely based on array size.
INFO: [XFORM 203-102] Automatically partitioning small array '_ZL7threshs_51_8' completely based on array size.
INFO: [XFORM 203-102] Automatically partitioning small array '_ZL7threshs_51_7' completely based on array size.
INFO: [XFORM 203-102] Automatically partitioning small array '_ZL7threshs_51_6' completely based on array size.
INFO: [XFORM 203-102] Automatically partitioning small array '_ZL7threshs_51_5' completely based on array size.
INFO: [XFORM 203-102] Automatically partitioning small array '_ZL7threshs_51_4' completely based on array size.
INFO: [XFORM 203-102] Automatically partitioning small array '_ZL7threshs_51_3' completely based on array size.
INFO: [XFORM 203-102] Automatically partitioning small array '_ZL7threshs_51_2' completely based on array size.
INFO: [XFORM 203-102] Automatically partitioning small array '_ZL7threshs_51_14' completely based on array size.
INFO: [XFORM 203-102] Automatically partitioning small array '_ZL7threshs_51_13' completely based on array size.
INFO: [XFORM 203-102] Automatically partitioning small array '_ZL7threshs_51_12' completely based on array size.
INFO: [XFORM 203-102] Automatically partitioning small array '_ZL7threshs_51_11' completely based on array size.
INFO: [XFORM 203-102] Automatically partitioning small array '_ZL7threshs_51_10' completely based on array size.
INFO: [XFORM 203-102] Automatically partitioning small array '_ZL7threshs_51_1' completely based on array size.
INFO: [XFORM 203-102] Automatically partitioning small array '_ZL7threshs_51_0' completely based on array size.
INFO: [XFORM 203-102] Automatically partitioning small array '_ZL7threshs_50_9' completely based on array size.
INFO: [XFORM 203-102] Automatically partitioning small array '_ZL7threshs_50_8' completely based on array size.
INFO: [XFORM 203-102] Automatically partitioning small array '_ZL7threshs_50_7' completely based on array size.
INFO: [XFORM 203-102] Automatically partitioning small array '_ZL7threshs_50_6' completely based on array size.
INFO: [XFORM 203-102] Automatically partitioning small array '_ZL7threshs_50_5' completely based on array size.
INFO: [XFORM 203-102] Automatically partitioning small array '_ZL7threshs_50_4' completely based on array size.
INFO: [XFORM 203-102] Automatically partitioning small array '_ZL7threshs_50_3' completely based on array size.
INFO: [XFORM 203-102] Automatically partitioning small array '_ZL7threshs_50_2' completely based on array size.
INFO: [XFORM 203-102] Automatically partitioning small array '_ZL7threshs_50_14' completely based on array size.
INFO: [XFORM 203-102] Automatically partitioning small array '_ZL7threshs_50_13' completely based on array size.
INFO: [XFORM 203-102] Automatically partitioning small array '_ZL7threshs_50_12' completely based on array size.
INFO: [XFORM 203-102] Automatically partitioning small array '_ZL7threshs_50_11' completely based on array size.
INFO: [XFORM 203-102] Automatically partitioning small array '_ZL7threshs_50_10' completely based on array size.
INFO: [XFORM 203-102] Automatically partitioning small array '_ZL7threshs_50_1' completely based on array size.
INFO: [XFORM 203-102] Automatically partitioning small array '_ZL7threshs_50_0' completely based on array size.
INFO: [XFORM 203-102] Automatically partitioning small array '_ZL7threshs_4_9' completely based on array size.
INFO: [XFORM 203-102] Automatically partitioning small array '_ZL7threshs_4_8' completely based on array size.
INFO: [XFORM 203-102] Automatically partitioning small array '_ZL7threshs_4_7' completely based on array size.
INFO: [XFORM 203-102] Automatically partitioning small array '_ZL7threshs_4_6' completely based on array size.
INFO: [XFORM 203-102] Automatically partitioning small array '_ZL7threshs_4_5' completely based on array size.
INFO: [XFORM 203-102] Automatically partitioning small array '_ZL7threshs_4_4' completely based on array size.
INFO: [XFORM 203-102] Automatically partitioning small array '_ZL7threshs_4_3' completely based on array size.
INFO: [XFORM 203-102] Automatically partitioning small array '_ZL7threshs_4_2' completely based on array size.
INFO: [XFORM 203-102] Automatically partitioning small array '_ZL7threshs_4_14' completely based on array size.
INFO: [XFORM 203-102] Automatically partitioning small array '_ZL7threshs_4_13' completely based on array size.
INFO: [XFORM 203-102] Automatically partitioning small array '_ZL7threshs_4_12' completely based on array size.
INFO: [XFORM 203-102] Automatically partitioning small array '_ZL7threshs_4_11' completely based on array size.
INFO: [XFORM 203-102] Automatically partitioning small array '_ZL7threshs_4_10' completely based on array size.
INFO: [XFORM 203-102] Automatically partitioning small array '_ZL7threshs_4_1' completely based on array size.
INFO: [XFORM 203-102] Automatically partitioning small array '_ZL7threshs_4_0' completely based on array size.
INFO: [XFORM 203-102] Automatically partitioning small array '_ZL7threshs_49_9' completely based on array size.
INFO: [XFORM 203-102] Automatically partitioning small array '_ZL7threshs_49_8' completely based on array size.
INFO: [XFORM 203-102] Automatically partitioning small array '_ZL7threshs_49_7' completely based on array size.
INFO: [XFORM 203-102] Automatically partitioning small array '_ZL7threshs_49_6' completely based on array size.
INFO: [XFORM 203-102] Automatically partitioning small array '_ZL7threshs_49_5' completely based on array size.
INFO: [XFORM 203-102] Automatically partitioning small array '_ZL7threshs_49_4' completely based on array size.
INFO: [XFORM 203-102] Automatically partitioning small array '_ZL7threshs_49_3' completely based on array size.
INFO: [XFORM 203-102] Automatically partitioning small array '_ZL7threshs_49_2' completely based on array size.
INFO: [XFORM 203-102] Automatically partitioning small array '_ZL7threshs_49_14' completely based on array size.
INFO: [XFORM 203-102] Automatically partitioning small array '_ZL7threshs_49_13' completely based on array size.
INFO: [XFORM 203-102] Automatically partitioning small array '_ZL7threshs_49_12' completely based on array size.
INFO: [XFORM 203-102] Automatically partitioning small array '_ZL7threshs_49_11' completely based on array size.
INFO: [XFORM 203-102] Automatically partitioning small array '_ZL7threshs_49_10' completely based on array size.
INFO: [XFORM 203-102] Automatically partitioning small array '_ZL7threshs_49_1' completely based on array size.
INFO: [XFORM 203-102] Automatically partitioning small array '_ZL7threshs_49_0' completely based on array size.
INFO: [XFORM 203-102] Automatically partitioning small array '_ZL7threshs_48_9' completely based on array size.
INFO: [XFORM 203-102] Automatically partitioning small array '_ZL7threshs_48_8' completely based on array size.
INFO: [XFORM 203-102] Automatically partitioning small array '_ZL7threshs_48_7' completely based on array size.
INFO: [XFORM 203-102] Automatically partitioning small array '_ZL7threshs_48_6' completely based on array size.
INFO: [XFORM 203-102] Automatically partitioning small array '_ZL7threshs_48_5' completely based on array size.
INFO: [XFORM 203-102] Automatically partitioning small array '_ZL7threshs_48_4' completely based on array size.
INFO: [XFORM 203-102] Automatically partitioning small array '_ZL7threshs_48_3' completely based on array size.
INFO: [XFORM 203-102] Automatically partitioning small array '_ZL7threshs_48_2' completely based on array size.
INFO: [XFORM 203-102] Automatically partitioning small array '_ZL7threshs_48_14' completely based on array size.
INFO: [XFORM 203-102] Automatically partitioning small array '_ZL7threshs_48_13' completely based on array size.
INFO: [XFORM 203-102] Automatically partitioning small array '_ZL7threshs_48_12' completely based on array size.
INFO: [XFORM 203-102] Automatically partitioning small array '_ZL7threshs_48_11' completely based on array size.
INFO: [XFORM 203-102] Automatically partitioning small array '_ZL7threshs_48_10' completely based on array size.
INFO: [XFORM 203-102] Automatically partitioning small array '_ZL7threshs_48_1' completely based on array size.
INFO: [XFORM 203-102] Automatically partitioning small array '_ZL7threshs_48_0' completely based on array size.
INFO: [XFORM 203-102] Automatically partitioning small array '_ZL7threshs_47_9' completely based on array size.
INFO: [XFORM 203-102] Automatically partitioning small array '_ZL7threshs_47_8' completely based on array size.
INFO: [XFORM 203-102] Automatically partitioning small array '_ZL7threshs_47_7' completely based on array size.
INFO: [XFORM 203-102] Automatically partitioning small array '_ZL7threshs_47_6' completely based on array size.
INFO: [XFORM 203-102] Automatically partitioning small array '_ZL7threshs_47_5' completely based on array size.
INFO: [XFORM 203-102] Automatically partitioning small array '_ZL7threshs_47_4' completely based on array size.
INFO: [XFORM 203-102] Automatically partitioning small array '_ZL7threshs_47_3' completely based on array size.
INFO: [XFORM 203-102] Automatically partitioning small array '_ZL7threshs_47_2' completely based on array size.
INFO: [XFORM 203-102] Automatically partitioning small array '_ZL7threshs_47_14' completely based on array size.
INFO: [XFORM 203-102] Automatically partitioning small array '_ZL7threshs_47_13' completely based on array size.
INFO: [XFORM 203-102] Automatically partitioning small array '_ZL7threshs_47_12' completely based on array size.
INFO: [XFORM 203-102] Automatically partitioning small array '_ZL7threshs_47_11' completely based on array size.
INFO: [XFORM 203-102] Automatically partitioning small array '_ZL7threshs_47_10' completely based on array size.
INFO: [XFORM 203-102] Automatically partitioning small array '_ZL7threshs_47_1' completely based on array size.
INFO: [XFORM 203-102] Automatically partitioning small array '_ZL7threshs_47_0' completely based on array size.
INFO: [XFORM 203-102] Automatically partitioning small array '_ZL7threshs_46_9' completely based on array size.
INFO: [XFORM 203-102] Automatically partitioning small array '_ZL7threshs_46_8' completely based on array size.
INFO: [XFORM 203-102] Automatically partitioning small array '_ZL7threshs_46_7' completely based on array size.
INFO: [XFORM 203-102] Automatically partitioning small array '_ZL7threshs_46_6' completely based on array size.
INFO: [XFORM 203-102] Automatically partitioning small array '_ZL7threshs_46_5' completely based on array size.
INFO: [XFORM 203-102] Automatically partitioning small array '_ZL7threshs_46_4' completely based on array size.
INFO: [XFORM 203-102] Automatically partitioning small array '_ZL7threshs_46_3' completely based on array size.
INFO: [XFORM 203-102] Automatically partitioning small array '_ZL7threshs_46_2' completely based on array size.
INFO: [XFORM 203-102] Automatically partitioning small array '_ZL7threshs_46_14' completely based on array size.
INFO: [XFORM 203-102] Automatically partitioning small array '_ZL7threshs_46_13' completely based on array size.
INFO: [XFORM 203-102] Automatically partitioning small array '_ZL7threshs_46_12' completely based on array size.
INFO: [XFORM 203-102] Automatically partitioning small array '_ZL7threshs_46_11' completely based on array size.
INFO: [XFORM 203-102] Automatically partitioning small array '_ZL7threshs_46_10' completely based on array size.
INFO: [XFORM 203-102] Automatically partitioning small array '_ZL7threshs_46_1' completely based on array size.
INFO: [XFORM 203-102] Automatically partitioning small array '_ZL7threshs_46_0' completely based on array size.
INFO: [XFORM 203-102] Automatically partitioning small array '_ZL7threshs_45_9' completely based on array size.
INFO: [XFORM 203-102] Automatically partitioning small array '_ZL7threshs_45_8' completely based on array size.
INFO: [XFORM 203-102] Automatically partitioning small array '_ZL7threshs_45_7' completely based on array size.
INFO: [XFORM 203-102] Automatically partitioning small array '_ZL7threshs_45_6' completely based on array size.
INFO: [XFORM 203-102] Automatically partitioning small array '_ZL7threshs_45_5' completely based on array size.
INFO: [XFORM 203-102] Automatically partitioning small array '_ZL7threshs_45_4' completely based on array size.
INFO: [XFORM 203-102] Automatically partitioning small array '_ZL7threshs_45_3' completely based on array size.
INFO: [XFORM 203-102] Automatically partitioning small array '_ZL7threshs_45_2' completely based on array size.
INFO: [XFORM 203-102] Automatically partitioning small array '_ZL7threshs_45_14' completely based on array size.
INFO: [XFORM 203-102] Automatically partitioning small array '_ZL7threshs_45_13' completely based on array size.
INFO: [XFORM 203-102] Automatically partitioning small array '_ZL7threshs_45_12' completely based on array size.
INFO: [XFORM 203-102] Automatically partitioning small array '_ZL7threshs_45_11' completely based on array size.
INFO: [XFORM 203-102] Automatically partitioning small array '_ZL7threshs_45_10' completely based on array size.
INFO: [XFORM 203-102] Automatically partitioning small array '_ZL7threshs_45_1' completely based on array size.
INFO: [XFORM 203-102] Automatically partitioning small array '_ZL7threshs_45_0' completely based on array size.
INFO: [XFORM 203-102] Automatically partitioning small array '_ZL7threshs_44_9' completely based on array size.
INFO: [XFORM 203-102] Automatically partitioning small array '_ZL7threshs_44_8' completely based on array size.
INFO: [XFORM 203-102] Automatically partitioning small array '_ZL7threshs_44_7' completely based on array size.
INFO: [XFORM 203-102] Automatically partitioning small array '_ZL7threshs_44_6' completely based on array size.
INFO: [XFORM 203-102] Automatically partitioning small array '_ZL7threshs_44_5' completely based on array size.
INFO: [XFORM 203-102] Automatically partitioning small array '_ZL7threshs_44_4' completely based on array size.
INFO: [XFORM 203-102] Automatically partitioning small array '_ZL7threshs_44_3' completely based on array size.
INFO: [XFORM 203-102] Automatically partitioning small array '_ZL7threshs_44_2' completely based on array size.
INFO: [XFORM 203-102] Automatically partitioning small array '_ZL7threshs_44_14' completely based on array size.
INFO: [XFORM 203-102] Automatically partitioning small array '_ZL7threshs_44_13' completely based on array size.
INFO: [XFORM 203-102] Automatically partitioning small array '_ZL7threshs_44_12' completely based on array size.
INFO: [XFORM 203-102] Automatically partitioning small array '_ZL7threshs_44_11' completely based on array size.
INFO: [XFORM 203-102] Automatically partitioning small array '_ZL7threshs_44_10' completely based on array size.
INFO: [XFORM 203-102] Automatically partitioning small array '_ZL7threshs_44_1' completely based on array size.
INFO: [XFORM 203-102] Automatically partitioning small array '_ZL7threshs_44_0' completely based on array size.
INFO: [XFORM 203-102] Automatically partitioning small array '_ZL7threshs_43_9' completely based on array size.
INFO: [XFORM 203-102] Automatically partitioning small array '_ZL7threshs_43_8' completely based on array size.
INFO: [XFORM 203-102] Automatically partitioning small array '_ZL7threshs_43_7' completely based on array size.
INFO: [XFORM 203-102] Automatically partitioning small array '_ZL7threshs_43_6' completely based on array size.
INFO: [XFORM 203-102] Automatically partitioning small array '_ZL7threshs_43_5' completely based on array size.
INFO: [XFORM 203-102] Automatically partitioning small array '_ZL7threshs_43_4' completely based on array size.
INFO: [XFORM 203-102] Automatically partitioning small array '_ZL7threshs_43_3' completely based on array size.
INFO: [XFORM 203-102] Automatically partitioning small array '_ZL7threshs_43_2' completely based on array size.
INFO: [XFORM 203-102] Automatically partitioning small array '_ZL7threshs_43_14' completely based on array size.
INFO: [XFORM 203-102] Automatically partitioning small array '_ZL7threshs_43_13' completely based on array size.
INFO: [XFORM 203-102] Automatically partitioning small array '_ZL7threshs_43_12' completely based on array size.
INFO: [XFORM 203-102] Automatically partitioning small array '_ZL7threshs_43_11' completely based on array size.
INFO: [XFORM 203-102] Automatically partitioning small array '_ZL7threshs_43_10' completely based on array size.
INFO: [XFORM 203-102] Automatically partitioning small array '_ZL7threshs_43_1' completely based on array size.
INFO: [XFORM 203-102] Automatically partitioning small array '_ZL7threshs_43_0' completely based on array size.
INFO: [XFORM 203-102] Automatically partitioning small array '_ZL7threshs_42_9' completely based on array size.
INFO: [XFORM 203-102] Automatically partitioning small array '_ZL7threshs_42_8' completely based on array size.
INFO: [XFORM 203-102] Automatically partitioning small array '_ZL7threshs_42_7' completely based on array size.
INFO: [XFORM 203-102] Automatically partitioning small array '_ZL7threshs_42_6' completely based on array size.
INFO: [XFORM 203-102] Automatically partitioning small array '_ZL7threshs_42_5' completely based on array size.
INFO: [XFORM 203-102] Automatically partitioning small array '_ZL7threshs_42_4' completely based on array size.
INFO: [XFORM 203-102] Automatically partitioning small array '_ZL7threshs_42_3' completely based on array size.
INFO: [XFORM 203-102] Automatically partitioning small array '_ZL7threshs_42_2' completely based on array size.
INFO: [XFORM 203-102] Automatically partitioning small array '_ZL7threshs_42_14' completely based on array size.
INFO: [XFORM 203-102] Automatically partitioning small array '_ZL7threshs_42_13' completely based on array size.
INFO: [XFORM 203-102] Automatically partitioning small array '_ZL7threshs_42_12' completely based on array size.
INFO: [XFORM 203-102] Automatically partitioning small array '_ZL7threshs_42_11' completely based on array size.
INFO: [XFORM 203-102] Automatically partitioning small array '_ZL7threshs_42_10' completely based on array size.
INFO: [XFORM 203-102] Automatically partitioning small array '_ZL7threshs_42_1' completely based on array size.
INFO: [XFORM 203-102] Automatically partitioning small array '_ZL7threshs_42_0' completely based on array size.
INFO: [XFORM 203-102] Automatically partitioning small array '_ZL7threshs_41_9' completely based on array size.
INFO: [XFORM 203-102] Automatically partitioning small array '_ZL7threshs_41_8' completely based on array size.
INFO: [XFORM 203-102] Automatically partitioning small array '_ZL7threshs_41_7' completely based on array size.
INFO: [XFORM 203-102] Automatically partitioning small array '_ZL7threshs_41_6' completely based on array size.
INFO: [XFORM 203-102] Automatically partitioning small array '_ZL7threshs_41_5' completely based on array size.
INFO: [XFORM 203-102] Automatically partitioning small array '_ZL7threshs_41_4' completely based on array size.
INFO: [XFORM 203-102] Automatically partitioning small array '_ZL7threshs_41_3' completely based on array size.
INFO: [XFORM 203-102] Automatically partitioning small array '_ZL7threshs_41_2' completely based on array size.
INFO: [XFORM 203-102] Automatically partitioning small array '_ZL7threshs_41_14' completely based on array size.
INFO: [XFORM 203-102] Automatically partitioning small array '_ZL7threshs_41_13' completely based on array size.
INFO: [XFORM 203-102] Automatically partitioning small array '_ZL7threshs_41_12' completely based on array size.
INFO: [XFORM 203-102] Automatically partitioning small array '_ZL7threshs_41_11' completely based on array size.
INFO: [XFORM 203-102] Automatically partitioning small array '_ZL7threshs_41_10' completely based on array size.
INFO: [XFORM 203-102] Automatically partitioning small array '_ZL7threshs_41_1' completely based on array size.
INFO: [XFORM 203-102] Automatically partitioning small array '_ZL7threshs_41_0' completely based on array size.
INFO: [XFORM 203-102] Automatically partitioning small array '_ZL7threshs_40_9' completely based on array size.
INFO: [XFORM 203-102] Automatically partitioning small array '_ZL7threshs_40_8' completely based on array size.
INFO: [XFORM 203-102] Automatically partitioning small array '_ZL7threshs_40_7' completely based on array size.
INFO: [XFORM 203-102] Automatically partitioning small array '_ZL7threshs_40_6' completely based on array size.
INFO: [XFORM 203-102] Automatically partitioning small array '_ZL7threshs_40_5' completely based on array size.
INFO: [XFORM 203-102] Automatically partitioning small array '_ZL7threshs_40_4' completely based on array size.
INFO: [XFORM 203-102] Automatically partitioning small array '_ZL7threshs_40_3' completely based on array size.
INFO: [XFORM 203-102] Automatically partitioning small array '_ZL7threshs_40_2' completely based on array size.
INFO: [XFORM 203-102] Automatically partitioning small array '_ZL7threshs_40_14' completely based on array size.
INFO: [XFORM 203-102] Automatically partitioning small array '_ZL7threshs_40_13' completely based on array size.
INFO: [XFORM 203-102] Automatically partitioning small array '_ZL7threshs_40_12' completely based on array size.
INFO: [XFORM 203-102] Automatically partitioning small array '_ZL7threshs_40_11' completely based on array size.
INFO: [XFORM 203-102] Automatically partitioning small array '_ZL7threshs_40_10' completely based on array size.
INFO: [XFORM 203-102] Automatically partitioning small array '_ZL7threshs_40_1' completely based on array size.
INFO: [XFORM 203-102] Automatically partitioning small array '_ZL7threshs_40_0' completely based on array size.
INFO: [XFORM 203-102] Automatically partitioning small array '_ZL7threshs_3_9' completely based on array size.
INFO: [XFORM 203-102] Automatically partitioning small array '_ZL7threshs_3_8' completely based on array size.
INFO: [XFORM 203-102] Automatically partitioning small array '_ZL7threshs_3_7' completely based on array size.
INFO: [XFORM 203-102] Automatically partitioning small array '_ZL7threshs_3_6' completely based on array size.
INFO: [XFORM 203-102] Automatically partitioning small array '_ZL7threshs_3_5' completely based on array size.
INFO: [XFORM 203-102] Automatically partitioning small array '_ZL7threshs_3_4' completely based on array size.
INFO: [XFORM 203-102] Automatically partitioning small array '_ZL7threshs_3_3' completely based on array size.
INFO: [XFORM 203-102] Automatically partitioning small array '_ZL7threshs_3_2' completely based on array size.
INFO: [XFORM 203-102] Automatically partitioning small array '_ZL7threshs_3_14' completely based on array size.
INFO: [XFORM 203-102] Automatically partitioning small array '_ZL7threshs_3_13' completely based on array size.
INFO: [XFORM 203-102] Automatically partitioning small array '_ZL7threshs_3_12' completely based on array size.
INFO: [XFORM 203-102] Automatically partitioning small array '_ZL7threshs_3_11' completely based on array size.
INFO: [XFORM 203-102] Automatically partitioning small array '_ZL7threshs_3_10' completely based on array size.
INFO: [XFORM 203-102] Automatically partitioning small array '_ZL7threshs_3_1' completely based on array size.
INFO: [XFORM 203-102] Automatically partitioning small array '_ZL7threshs_3_0' completely based on array size.
INFO: [XFORM 203-102] Automatically partitioning small array '_ZL7threshs_39_9' completely based on array size.
INFO: [XFORM 203-102] Automatically partitioning small array '_ZL7threshs_39_8' completely based on array size.
INFO: [XFORM 203-102] Automatically partitioning small array '_ZL7threshs_39_7' completely based on array size.
INFO: [XFORM 203-102] Automatically partitioning small array '_ZL7threshs_39_6' completely based on array size.
INFO: [XFORM 203-102] Automatically partitioning small array '_ZL7threshs_39_5' completely based on array size.
INFO: [XFORM 203-102] Automatically partitioning small array '_ZL7threshs_39_4' completely based on array size.
INFO: [XFORM 203-102] Automatically partitioning small array '_ZL7threshs_39_3' completely based on array size.
INFO: [XFORM 203-102] Automatically partitioning small array '_ZL7threshs_39_2' completely based on array size.
INFO: [XFORM 203-102] Automatically partitioning small array '_ZL7threshs_39_14' completely based on array size.
INFO: [XFORM 203-102] Automatically partitioning small array '_ZL7threshs_39_13' completely based on array size.
INFO: [XFORM 203-102] Automatically partitioning small array '_ZL7threshs_39_12' completely based on array size.
INFO: [XFORM 203-102] Automatically partitioning small array '_ZL7threshs_39_11' completely based on array size.
INFO: [XFORM 203-102] Automatically partitioning small array '_ZL7threshs_39_10' completely based on array size.
INFO: [XFORM 203-102] Automatically partitioning small array '_ZL7threshs_39_1' completely based on array size.
INFO: [XFORM 203-102] Automatically partitioning small array '_ZL7threshs_39_0' completely based on array size.
INFO: [XFORM 203-102] Automatically partitioning small array '_ZL7threshs_38_9' completely based on array size.
INFO: [XFORM 203-102] Automatically partitioning small array '_ZL7threshs_38_8' completely based on array size.
INFO: [XFORM 203-102] Automatically partitioning small array '_ZL7threshs_38_7' completely based on array size.
INFO: [XFORM 203-102] Automatically partitioning small array '_ZL7threshs_38_6' completely based on array size.
INFO: [XFORM 203-102] Automatically partitioning small array '_ZL7threshs_38_5' completely based on array size.
INFO: [XFORM 203-102] Automatically partitioning small array '_ZL7threshs_38_4' completely based on array size.
INFO: [XFORM 203-102] Automatically partitioning small array '_ZL7threshs_38_3' completely based on array size.
INFO: [XFORM 203-102] Automatically partitioning small array '_ZL7threshs_38_2' completely based on array size.
INFO: [XFORM 203-102] Automatically partitioning small array '_ZL7threshs_38_14' completely based on array size.
INFO: [XFORM 203-102] Automatically partitioning small array '_ZL7threshs_38_13' completely based on array size.
INFO: [XFORM 203-102] Automatically partitioning small array '_ZL7threshs_38_12' completely based on array size.
INFO: [XFORM 203-102] Automatically partitioning small array '_ZL7threshs_38_11' completely based on array size.
INFO: [XFORM 203-102] Automatically partitioning small array '_ZL7threshs_38_10' completely based on array size.
INFO: [XFORM 203-102] Automatically partitioning small array '_ZL7threshs_38_1' completely based on array size.
INFO: [XFORM 203-102] Automatically partitioning small array '_ZL7threshs_38_0' completely based on array size.
INFO: [XFORM 203-102] Automatically partitioning small array '_ZL7threshs_37_9' completely based on array size.
INFO: [XFORM 203-102] Automatically partitioning small array '_ZL7threshs_37_8' completely based on array size.
INFO: [XFORM 203-102] Automatically partitioning small array '_ZL7threshs_37_7' completely based on array size.
INFO: [XFORM 203-102] Automatically partitioning small array '_ZL7threshs_37_6' completely based on array size.
INFO: [XFORM 203-102] Automatically partitioning small array '_ZL7threshs_37_5' completely based on array size.
INFO: [XFORM 203-102] Automatically partitioning small array '_ZL7threshs_37_4' completely based on array size.
INFO: [XFORM 203-102] Automatically partitioning small array '_ZL7threshs_37_3' completely based on array size.
INFO: [XFORM 203-102] Automatically partitioning small array '_ZL7threshs_37_2' completely based on array size.
INFO: [XFORM 203-102] Automatically partitioning small array '_ZL7threshs_37_14' completely based on array size.
INFO: [XFORM 203-102] Automatically partitioning small array '_ZL7threshs_37_13' completely based on array size.
INFO: [XFORM 203-102] Automatically partitioning small array '_ZL7threshs_37_12' completely based on array size.
INFO: [XFORM 203-102] Automatically partitioning small array '_ZL7threshs_37_11' completely based on array size.
INFO: [XFORM 203-102] Automatically partitioning small array '_ZL7threshs_37_10' completely based on array size.
INFO: [XFORM 203-102] Automatically partitioning small array '_ZL7threshs_37_1' completely based on array size.
INFO: [XFORM 203-102] Automatically partitioning small array '_ZL7threshs_37_0' completely based on array size.
INFO: [XFORM 203-102] Automatically partitioning small array '_ZL7threshs_36_9' completely based on array size.
INFO: [XFORM 203-102] Automatically partitioning small array '_ZL7threshs_36_8' completely based on array size.
INFO: [XFORM 203-102] Automatically partitioning small array '_ZL7threshs_36_7' completely based on array size.
INFO: [XFORM 203-102] Automatically partitioning small array '_ZL7threshs_36_6' completely based on array size.
INFO: [XFORM 203-102] Automatically partitioning small array '_ZL7threshs_36_5' completely based on array size.
INFO: [XFORM 203-102] Automatically partitioning small array '_ZL7threshs_36_4' completely based on array size.
INFO: [XFORM 203-102] Automatically partitioning small array '_ZL7threshs_36_3' completely based on array size.
INFO: [XFORM 203-102] Automatically partitioning small array '_ZL7threshs_36_2' completely based on array size.
INFO: [XFORM 203-102] Automatically partitioning small array '_ZL7threshs_36_14' completely based on array size.
INFO: [XFORM 203-102] Automatically partitioning small array '_ZL7threshs_36_13' completely based on array size.
INFO: [XFORM 203-102] Automatically partitioning small array '_ZL7threshs_36_12' completely based on array size.
INFO: [XFORM 203-102] Automatically partitioning small array '_ZL7threshs_36_11' completely based on array size.
INFO: [XFORM 203-102] Automatically partitioning small array '_ZL7threshs_36_10' completely based on array size.
INFO: [XFORM 203-102] Automatically partitioning small array '_ZL7threshs_36_1' completely based on array size.
INFO: [XFORM 203-102] Automatically partitioning small array '_ZL7threshs_36_0' completely based on array size.
INFO: [XFORM 203-102] Automatically partitioning small array '_ZL7threshs_35_9' completely based on array size.
INFO: [XFORM 203-102] Automatically partitioning small array '_ZL7threshs_35_8' completely based on array size.
INFO: [XFORM 203-102] Automatically partitioning small array '_ZL7threshs_35_7' completely based on array size.
INFO: [XFORM 203-102] Automatically partitioning small array '_ZL7threshs_35_6' completely based on array size.
INFO: [XFORM 203-102] Automatically partitioning small array '_ZL7threshs_35_5' completely based on array size.
INFO: [XFORM 203-102] Automatically partitioning small array '_ZL7threshs_35_4' completely based on array size.
INFO: [XFORM 203-102] Automatically partitioning small array '_ZL7threshs_35_3' completely based on array size.
INFO: [XFORM 203-102] Automatically partitioning small array '_ZL7threshs_35_2' completely based on array size.
INFO: [XFORM 203-102] Automatically partitioning small array '_ZL7threshs_35_14' completely based on array size.
INFO: [XFORM 203-102] Automatically partitioning small array '_ZL7threshs_35_13' completely based on array size.
INFO: [XFORM 203-102] Automatically partitioning small array '_ZL7threshs_35_12' completely based on array size.
INFO: [XFORM 203-102] Automatically partitioning small array '_ZL7threshs_35_11' completely based on array size.
INFO: [XFORM 203-102] Automatically partitioning small array '_ZL7threshs_35_10' completely based on array size.
INFO: [XFORM 203-102] Automatically partitioning small array '_ZL7threshs_35_1' completely based on array size.
INFO: [XFORM 203-102] Automatically partitioning small array '_ZL7threshs_35_0' completely based on array size.
INFO: [XFORM 203-102] Automatically partitioning small array '_ZL7threshs_34_9' completely based on array size.
INFO: [XFORM 203-102] Automatically partitioning small array '_ZL7threshs_34_8' completely based on array size.
INFO: [XFORM 203-102] Automatically partitioning small array '_ZL7threshs_34_7' completely based on array size.
INFO: [XFORM 203-102] Automatically partitioning small array '_ZL7threshs_34_6' completely based on array size.
INFO: [XFORM 203-102] Automatically partitioning small array '_ZL7threshs_34_5' completely based on array size.
INFO: [XFORM 203-102] Automatically partitioning small array '_ZL7threshs_34_4' completely based on array size.
INFO: [XFORM 203-102] Automatically partitioning small array '_ZL7threshs_34_3' completely based on array size.
INFO: [XFORM 203-102] Automatically partitioning small array '_ZL7threshs_34_2' completely based on array size.
INFO: [XFORM 203-102] Automatically partitioning small array '_ZL7threshs_34_14' completely based on array size.
INFO: [XFORM 203-102] Automatically partitioning small array '_ZL7threshs_34_13' completely based on array size.
INFO: [XFORM 203-102] Automatically partitioning small array '_ZL7threshs_34_12' completely based on array size.
INFO: [XFORM 203-102] Automatically partitioning small array '_ZL7threshs_34_11' completely based on array size.
INFO: [XFORM 203-102] Automatically partitioning small array '_ZL7threshs_34_10' completely based on array size.
INFO: [XFORM 203-102] Automatically partitioning small array '_ZL7threshs_34_1' completely based on array size.
INFO: [XFORM 203-102] Automatically partitioning small array '_ZL7threshs_34_0' completely based on array size.
INFO: [XFORM 203-102] Automatically partitioning small array '_ZL7threshs_33_9' completely based on array size.
INFO: [XFORM 203-102] Automatically partitioning small array '_ZL7threshs_33_8' completely based on array size.
INFO: [XFORM 203-102] Automatically partitioning small array '_ZL7threshs_33_7' completely based on array size.
INFO: [XFORM 203-102] Automatically partitioning small array '_ZL7threshs_33_6' completely based on array size.
INFO: [XFORM 203-102] Automatically partitioning small array '_ZL7threshs_33_5' completely based on array size.
INFO: [XFORM 203-102] Automatically partitioning small array '_ZL7threshs_33_4' completely based on array size.
INFO: [XFORM 203-102] Automatically partitioning small array '_ZL7threshs_33_3' completely based on array size.
INFO: [XFORM 203-102] Automatically partitioning small array '_ZL7threshs_33_2' completely based on array size.
INFO: [XFORM 203-102] Automatically partitioning small array '_ZL7threshs_33_14' completely based on array size.
INFO: [XFORM 203-102] Automatically partitioning small array '_ZL7threshs_33_13' completely based on array size.
INFO: [XFORM 203-102] Automatically partitioning small array '_ZL7threshs_33_12' completely based on array size.
INFO: [XFORM 203-102] Automatically partitioning small array '_ZL7threshs_33_11' completely based on array size.
INFO: [XFORM 203-102] Automatically partitioning small array '_ZL7threshs_33_10' completely based on array size.
INFO: [XFORM 203-102] Automatically partitioning small array '_ZL7threshs_33_1' completely based on array size.
INFO: [XFORM 203-102] Automatically partitioning small array '_ZL7threshs_33_0' completely based on array size.
INFO: [XFORM 203-102] Automatically partitioning small array '_ZL7threshs_32_9' completely based on array size.
INFO: [XFORM 203-102] Automatically partitioning small array '_ZL7threshs_32_8' completely based on array size.
INFO: [XFORM 203-102] Automatically partitioning small array '_ZL7threshs_32_7' completely based on array size.
INFO: [XFORM 203-102] Automatically partitioning small array '_ZL7threshs_32_6' completely based on array size.
INFO: [XFORM 203-102] Automatically partitioning small array '_ZL7threshs_32_5' completely based on array size.
INFO: [XFORM 203-102] Automatically partitioning small array '_ZL7threshs_32_4' completely based on array size.
INFO: [XFORM 203-102] Automatically partitioning small array '_ZL7threshs_32_3' completely based on array size.
INFO: [XFORM 203-102] Automatically partitioning small array '_ZL7threshs_32_2' completely based on array size.
INFO: [XFORM 203-102] Automatically partitioning small array '_ZL7threshs_32_14' completely based on array size.
INFO: [XFORM 203-102] Automatically partitioning small array '_ZL7threshs_32_13' completely based on array size.
INFO: [XFORM 203-102] Automatically partitioning small array '_ZL7threshs_32_12' completely based on array size.
INFO: [XFORM 203-102] Automatically partitioning small array '_ZL7threshs_32_11' completely based on array size.
INFO: [XFORM 203-102] Automatically partitioning small array '_ZL7threshs_32_10' completely based on array size.
INFO: [XFORM 203-102] Automatically partitioning small array '_ZL7threshs_32_1' completely based on array size.
INFO: [XFORM 203-102] Automatically partitioning small array '_ZL7threshs_32_0' completely based on array size.
INFO: [XFORM 203-102] Automatically partitioning small array '_ZL7threshs_31_9' completely based on array size.
INFO: [XFORM 203-102] Automatically partitioning small array '_ZL7threshs_31_8' completely based on array size.
INFO: [XFORM 203-102] Automatically partitioning small array '_ZL7threshs_31_7' completely based on array size.
INFO: [XFORM 203-102] Automatically partitioning small array '_ZL7threshs_31_6' completely based on array size.
INFO: [XFORM 203-102] Automatically partitioning small array '_ZL7threshs_31_5' completely based on array size.
INFO: [XFORM 203-102] Automatically partitioning small array '_ZL7threshs_31_4' completely based on array size.
INFO: [XFORM 203-102] Automatically partitioning small array '_ZL7threshs_31_3' completely based on array size.
INFO: [XFORM 203-102] Automatically partitioning small array '_ZL7threshs_31_2' completely based on array size.
INFO: [XFORM 203-102] Automatically partitioning small array '_ZL7threshs_31_14' completely based on array size.
INFO: [XFORM 203-102] Automatically partitioning small array '_ZL7threshs_31_13' completely based on array size.
INFO: [XFORM 203-102] Automatically partitioning small array '_ZL7threshs_31_12' completely based on array size.
INFO: [XFORM 203-102] Automatically partitioning small array '_ZL7threshs_31_11' completely based on array size.
INFO: [XFORM 203-102] Automatically partitioning small array '_ZL7threshs_31_10' completely based on array size.
INFO: [XFORM 203-102] Automatically partitioning small array '_ZL7threshs_31_1' completely based on array size.
INFO: [XFORM 203-102] Automatically partitioning small array '_ZL7threshs_31_0' completely based on array size.
INFO: [XFORM 203-102] Automatically partitioning small array '_ZL7threshs_30_9' completely based on array size.
INFO: [XFORM 203-102] Automatically partitioning small array '_ZL7threshs_30_8' completely based on array size.
INFO: [XFORM 203-102] Automatically partitioning small array '_ZL7threshs_30_7' completely based on array size.
INFO: [XFORM 203-102] Automatically partitioning small array '_ZL7threshs_30_6' completely based on array size.
INFO: [XFORM 203-102] Automatically partitioning small array '_ZL7threshs_30_5' completely based on array size.
INFO: [XFORM 203-102] Automatically partitioning small array '_ZL7threshs_30_4' completely based on array size.
INFO: [XFORM 203-102] Automatically partitioning small array '_ZL7threshs_30_3' completely based on array size.
INFO: [XFORM 203-102] Automatically partitioning small array '_ZL7threshs_30_2' completely based on array size.
INFO: [XFORM 203-102] Automatically partitioning small array '_ZL7threshs_30_14' completely based on array size.
INFO: [XFORM 203-102] Automatically partitioning small array '_ZL7threshs_30_13' completely based on array size.
INFO: [XFORM 203-102] Automatically partitioning small array '_ZL7threshs_30_12' completely based on array size.
INFO: [XFORM 203-102] Automatically partitioning small array '_ZL7threshs_30_11' completely based on array size.
INFO: [XFORM 203-102] Automatically partitioning small array '_ZL7threshs_30_10' completely based on array size.
INFO: [XFORM 203-102] Automatically partitioning small array '_ZL7threshs_30_1' completely based on array size.
INFO: [XFORM 203-102] Automatically partitioning small array '_ZL7threshs_30_0' completely based on array size.
INFO: [XFORM 203-102] Automatically partitioning small array '_ZL7threshs_2_9' completely based on array size.
INFO: [XFORM 203-102] Automatically partitioning small array '_ZL7threshs_2_8' completely based on array size.
INFO: [XFORM 203-102] Automatically partitioning small array '_ZL7threshs_2_7' completely based on array size.
INFO: [XFORM 203-102] Automatically partitioning small array '_ZL7threshs_2_6' completely based on array size.
INFO: [XFORM 203-102] Automatically partitioning small array '_ZL7threshs_2_5' completely based on array size.
INFO: [XFORM 203-102] Automatically partitioning small array '_ZL7threshs_2_4' completely based on array size.
INFO: [XFORM 203-102] Automatically partitioning small array '_ZL7threshs_2_3' completely based on array size.
INFO: [XFORM 203-102] Automatically partitioning small array '_ZL7threshs_2_2' completely based on array size.
INFO: [XFORM 203-102] Automatically partitioning small array '_ZL7threshs_2_14' completely based on array size.
INFO: [XFORM 203-102] Automatically partitioning small array '_ZL7threshs_2_13' completely based on array size.
INFO: [XFORM 203-102] Automatically partitioning small array '_ZL7threshs_2_12' completely based on array size.
INFO: [XFORM 203-102] Automatically partitioning small array '_ZL7threshs_2_11' completely based on array size.
INFO: [XFORM 203-102] Automatically partitioning small array '_ZL7threshs_2_10' completely based on array size.
INFO: [XFORM 203-102] Automatically partitioning small array '_ZL7threshs_2_1' completely based on array size.
INFO: [XFORM 203-102] Automatically partitioning small array '_ZL7threshs_2_0' completely based on array size.
INFO: [XFORM 203-102] Automatically partitioning small array '_ZL7threshs_29_9' completely based on array size.
INFO: [XFORM 203-102] Automatically partitioning small array '_ZL7threshs_29_8' completely based on array size.
INFO: [XFORM 203-102] Automatically partitioning small array '_ZL7threshs_29_7' completely based on array size.
INFO: [XFORM 203-102] Automatically partitioning small array '_ZL7threshs_29_6' completely based on array size.
INFO: [XFORM 203-102] Automatically partitioning small array '_ZL7threshs_29_5' completely based on array size.
INFO: [XFORM 203-102] Automatically partitioning small array '_ZL7threshs_29_4' completely based on array size.
INFO: [XFORM 203-102] Automatically partitioning small array '_ZL7threshs_29_3' completely based on array size.
INFO: [XFORM 203-102] Automatically partitioning small array '_ZL7threshs_29_2' completely based on array size.
INFO: [XFORM 203-102] Automatically partitioning small array '_ZL7threshs_29_14' completely based on array size.
INFO: [XFORM 203-102] Automatically partitioning small array '_ZL7threshs_29_13' completely based on array size.
INFO: [XFORM 203-102] Automatically partitioning small array '_ZL7threshs_29_12' completely based on array size.
INFO: [XFORM 203-102] Automatically partitioning small array '_ZL7threshs_29_11' completely based on array size.
INFO: [XFORM 203-102] Automatically partitioning small array '_ZL7threshs_29_10' completely based on array size.
INFO: [XFORM 203-102] Automatically partitioning small array '_ZL7threshs_29_1' completely based on array size.
INFO: [XFORM 203-102] Automatically partitioning small array '_ZL7threshs_29_0' completely based on array size.
INFO: [XFORM 203-102] Automatically partitioning small array '_ZL7threshs_28_9' completely based on array size.
INFO: [XFORM 203-102] Automatically partitioning small array '_ZL7threshs_28_8' completely based on array size.
INFO: [XFORM 203-102] Automatically partitioning small array '_ZL7threshs_28_7' completely based on array size.
INFO: [XFORM 203-102] Automatically partitioning small array '_ZL7threshs_28_6' completely based on array size.
INFO: [XFORM 203-102] Automatically partitioning small array '_ZL7threshs_28_5' completely based on array size.
INFO: [XFORM 203-102] Automatically partitioning small array '_ZL7threshs_28_4' completely based on array size.
INFO: [XFORM 203-102] Automatically partitioning small array '_ZL7threshs_28_3' completely based on array size.
INFO: [XFORM 203-102] Automatically partitioning small array '_ZL7threshs_28_2' completely based on array size.
INFO: [XFORM 203-102] Automatically partitioning small array '_ZL7threshs_28_14' completely based on array size.
INFO: [XFORM 203-102] Automatically partitioning small array '_ZL7threshs_28_13' completely based on array size.
INFO: [XFORM 203-102] Automatically partitioning small array '_ZL7threshs_28_12' completely based on array size.
INFO: [XFORM 203-102] Automatically partitioning small array '_ZL7threshs_28_11' completely based on array size.
INFO: [XFORM 203-102] Automatically partitioning small array '_ZL7threshs_28_10' completely based on array size.
INFO: [XFORM 203-102] Automatically partitioning small array '_ZL7threshs_28_1' completely based on array size.
INFO: [XFORM 203-102] Automatically partitioning small array '_ZL7threshs_28_0' completely based on array size.
INFO: [XFORM 203-102] Automatically partitioning small array '_ZL7threshs_27_9' completely based on array size.
INFO: [XFORM 203-102] Automatically partitioning small array '_ZL7threshs_27_8' completely based on array size.
INFO: [XFORM 203-102] Automatically partitioning small array '_ZL7threshs_27_7' completely based on array size.
INFO: [XFORM 203-102] Automatically partitioning small array '_ZL7threshs_27_6' completely based on array size.
INFO: [XFORM 203-102] Automatically partitioning small array '_ZL7threshs_27_5' completely based on array size.
INFO: [XFORM 203-102] Automatically partitioning small array '_ZL7threshs_27_4' completely based on array size.
INFO: [XFORM 203-102] Automatically partitioning small array '_ZL7threshs_27_3' completely based on array size.
INFO: [XFORM 203-102] Automatically partitioning small array '_ZL7threshs_27_2' completely based on array size.
INFO: [XFORM 203-102] Automatically partitioning small array '_ZL7threshs_27_14' completely based on array size.
INFO: [XFORM 203-102] Automatically partitioning small array '_ZL7threshs_27_13' completely based on array size.
INFO: [XFORM 203-102] Automatically partitioning small array '_ZL7threshs_27_12' completely based on array size.
INFO: [XFORM 203-102] Automatically partitioning small array '_ZL7threshs_27_11' completely based on array size.
INFO: [XFORM 203-102] Automatically partitioning small array '_ZL7threshs_27_10' completely based on array size.
INFO: [XFORM 203-102] Automatically partitioning small array '_ZL7threshs_27_1' completely based on array size.
INFO: [XFORM 203-102] Automatically partitioning small array '_ZL7threshs_27_0' completely based on array size.
INFO: [XFORM 203-102] Automatically partitioning small array '_ZL7threshs_26_9' completely based on array size.
INFO: [XFORM 203-102] Automatically partitioning small array '_ZL7threshs_26_8' completely based on array size.
INFO: [XFORM 203-102] Automatically partitioning small array '_ZL7threshs_26_7' completely based on array size.
INFO: [XFORM 203-102] Automatically partitioning small array '_ZL7threshs_26_6' completely based on array size.
INFO: [XFORM 203-102] Automatically partitioning small array '_ZL7threshs_26_5' completely based on array size.
INFO: [XFORM 203-102] Automatically partitioning small array '_ZL7threshs_26_4' completely based on array size.
INFO: [XFORM 203-102] Automatically partitioning small array '_ZL7threshs_26_3' completely based on array size.
INFO: [XFORM 203-102] Automatically partitioning small array '_ZL7threshs_26_2' completely based on array size.
INFO: [XFORM 203-102] Automatically partitioning small array '_ZL7threshs_26_14' completely based on array size.
INFO: [XFORM 203-102] Automatically partitioning small array '_ZL7threshs_26_13' completely based on array size.
INFO: [XFORM 203-102] Automatically partitioning small array '_ZL7threshs_26_12' completely based on array size.
INFO: [XFORM 203-102] Automatically partitioning small array '_ZL7threshs_26_11' completely based on array size.
INFO: [XFORM 203-102] Automatically partitioning small array '_ZL7threshs_26_10' completely based on array size.
INFO: [XFORM 203-102] Automatically partitioning small array '_ZL7threshs_26_1' completely based on array size.
INFO: [XFORM 203-102] Automatically partitioning small array '_ZL7threshs_26_0' completely based on array size.
INFO: [XFORM 203-102] Automatically partitioning small array '_ZL7threshs_25_9' completely based on array size.
INFO: [XFORM 203-102] Automatically partitioning small array '_ZL7threshs_25_8' completely based on array size.
INFO: [XFORM 203-102] Automatically partitioning small array '_ZL7threshs_25_7' completely based on array size.
INFO: [XFORM 203-102] Automatically partitioning small array '_ZL7threshs_25_6' completely based on array size.
INFO: [XFORM 203-102] Automatically partitioning small array '_ZL7threshs_25_5' completely based on array size.
INFO: [XFORM 203-102] Automatically partitioning small array '_ZL7threshs_25_4' completely based on array size.
INFO: [XFORM 203-102] Automatically partitioning small array '_ZL7threshs_25_3' completely based on array size.
INFO: [XFORM 203-102] Automatically partitioning small array '_ZL7threshs_25_2' completely based on array size.
INFO: [XFORM 203-102] Automatically partitioning small array '_ZL7threshs_25_14' completely based on array size.
INFO: [XFORM 203-102] Automatically partitioning small array '_ZL7threshs_25_13' completely based on array size.
INFO: [XFORM 203-102] Automatically partitioning small array '_ZL7threshs_25_12' completely based on array size.
INFO: [XFORM 203-102] Automatically partitioning small array '_ZL7threshs_25_11' completely based on array size.
INFO: [XFORM 203-102] Automatically partitioning small array '_ZL7threshs_25_10' completely based on array size.
INFO: [XFORM 203-102] Automatically partitioning small array '_ZL7threshs_25_1' completely based on array size.
INFO: [XFORM 203-102] Automatically partitioning small array '_ZL7threshs_25_0' completely based on array size.
INFO: [XFORM 203-102] Automatically partitioning small array '_ZL7threshs_24_9' completely based on array size.
INFO: [XFORM 203-102] Automatically partitioning small array '_ZL7threshs_24_8' completely based on array size.
INFO: [XFORM 203-102] Automatically partitioning small array '_ZL7threshs_24_7' completely based on array size.
INFO: [XFORM 203-102] Automatically partitioning small array '_ZL7threshs_24_6' completely based on array size.
INFO: [XFORM 203-102] Automatically partitioning small array '_ZL7threshs_24_5' completely based on array size.
INFO: [XFORM 203-102] Automatically partitioning small array '_ZL7threshs_24_4' completely based on array size.
INFO: [XFORM 203-102] Automatically partitioning small array '_ZL7threshs_24_3' completely based on array size.
INFO: [XFORM 203-102] Automatically partitioning small array '_ZL7threshs_24_2' completely based on array size.
INFO: [XFORM 203-102] Automatically partitioning small array '_ZL7threshs_24_14' completely based on array size.
INFO: [XFORM 203-102] Automatically partitioning small array '_ZL7threshs_24_13' completely based on array size.
INFO: [XFORM 203-102] Automatically partitioning small array '_ZL7threshs_24_12' completely based on array size.
INFO: [XFORM 203-102] Automatically partitioning small array '_ZL7threshs_24_11' completely based on array size.
INFO: [XFORM 203-102] Automatically partitioning small array '_ZL7threshs_24_10' completely based on array size.
INFO: [XFORM 203-102] Automatically partitioning small array '_ZL7threshs_24_1' completely based on array size.
INFO: [XFORM 203-102] Automatically partitioning small array '_ZL7threshs_24_0' completely based on array size.
INFO: [XFORM 203-102] Automatically partitioning small array '_ZL7threshs_23_9' completely based on array size.
INFO: [XFORM 203-102] Automatically partitioning small array '_ZL7threshs_23_8' completely based on array size.
INFO: [XFORM 203-102] Automatically partitioning small array '_ZL7threshs_23_7' completely based on array size.
INFO: [XFORM 203-102] Automatically partitioning small array '_ZL7threshs_23_6' completely based on array size.
INFO: [XFORM 203-102] Automatically partitioning small array '_ZL7threshs_23_5' completely based on array size.
INFO: [XFORM 203-102] Automatically partitioning small array '_ZL7threshs_23_4' completely based on array size.
INFO: [XFORM 203-102] Automatically partitioning small array '_ZL7threshs_23_3' completely based on array size.
INFO: [XFORM 203-102] Automatically partitioning small array '_ZL7threshs_23_2' completely based on array size.
INFO: [XFORM 203-102] Automatically partitioning small array '_ZL7threshs_23_14' completely based on array size.
INFO: [XFORM 203-102] Automatically partitioning small array '_ZL7threshs_23_13' completely based on array size.
INFO: [XFORM 203-102] Automatically partitioning small array '_ZL7threshs_23_12' completely based on array size.
INFO: [XFORM 203-102] Automatically partitioning small array '_ZL7threshs_23_11' completely based on array size.
INFO: [XFORM 203-102] Automatically partitioning small array '_ZL7threshs_23_10' completely based on array size.
INFO: [XFORM 203-102] Automatically partitioning small array '_ZL7threshs_23_1' completely based on array size.
INFO: [XFORM 203-102] Automatically partitioning small array '_ZL7threshs_23_0' completely based on array size.
INFO: [XFORM 203-102] Automatically partitioning small array '_ZL7threshs_22_9' completely based on array size.
INFO: [XFORM 203-102] Automatically partitioning small array '_ZL7threshs_22_8' completely based on array size.
INFO: [XFORM 203-102] Automatically partitioning small array '_ZL7threshs_22_7' completely based on array size.
INFO: [XFORM 203-102] Automatically partitioning small array '_ZL7threshs_22_6' completely based on array size.
INFO: [XFORM 203-102] Automatically partitioning small array '_ZL7threshs_22_5' completely based on array size.
INFO: [XFORM 203-102] Automatically partitioning small array '_ZL7threshs_22_4' completely based on array size.
INFO: [XFORM 203-102] Automatically partitioning small array '_ZL7threshs_22_3' completely based on array size.
INFO: [XFORM 203-102] Automatically partitioning small array '_ZL7threshs_22_2' completely based on array size.
INFO: [XFORM 203-102] Automatically partitioning small array '_ZL7threshs_22_14' completely based on array size.
INFO: [XFORM 203-102] Automatically partitioning small array '_ZL7threshs_22_13' completely based on array size.
INFO: [XFORM 203-102] Automatically partitioning small array '_ZL7threshs_22_12' completely based on array size.
INFO: [XFORM 203-102] Automatically partitioning small array '_ZL7threshs_22_11' completely based on array size.
INFO: [XFORM 203-102] Automatically partitioning small array '_ZL7threshs_22_10' completely based on array size.
INFO: [XFORM 203-102] Automatically partitioning small array '_ZL7threshs_22_1' completely based on array size.
INFO: [XFORM 203-102] Automatically partitioning small array '_ZL7threshs_22_0' completely based on array size.
INFO: [XFORM 203-102] Automatically partitioning small array '_ZL7threshs_21_9' completely based on array size.
INFO: [XFORM 203-102] Automatically partitioning small array '_ZL7threshs_21_8' completely based on array size.
INFO: [XFORM 203-102] Automatically partitioning small array '_ZL7threshs_21_7' completely based on array size.
INFO: [XFORM 203-102] Automatically partitioning small array '_ZL7threshs_21_6' completely based on array size.
INFO: [XFORM 203-102] Automatically partitioning small array '_ZL7threshs_21_5' completely based on array size.
INFO: [XFORM 203-102] Automatically partitioning small array '_ZL7threshs_21_4' completely based on array size.
INFO: [XFORM 203-102] Automatically partitioning small array '_ZL7threshs_21_3' completely based on array size.
INFO: [XFORM 203-102] Automatically partitioning small array '_ZL7threshs_21_2' completely based on array size.
INFO: [XFORM 203-102] Automatically partitioning small array '_ZL7threshs_21_14' completely based on array size.
INFO: [XFORM 203-102] Automatically partitioning small array '_ZL7threshs_21_13' completely based on array size.
INFO: [XFORM 203-102] Automatically partitioning small array '_ZL7threshs_21_12' completely based on array size.
INFO: [XFORM 203-102] Automatically partitioning small array '_ZL7threshs_21_11' completely based on array size.
INFO: [XFORM 203-102] Automatically partitioning small array '_ZL7threshs_21_10' completely based on array size.
INFO: [XFORM 203-102] Automatically partitioning small array '_ZL7threshs_21_1' completely based on array size.
INFO: [XFORM 203-102] Automatically partitioning small array '_ZL7threshs_21_0' completely based on array size.
INFO: [XFORM 203-102] Automatically partitioning small array '_ZL7threshs_20_9' completely based on array size.
INFO: [XFORM 203-102] Automatically partitioning small array '_ZL7threshs_20_8' completely based on array size.
INFO: [XFORM 203-102] Automatically partitioning small array '_ZL7threshs_20_7' completely based on array size.
INFO: [XFORM 203-102] Automatically partitioning small array '_ZL7threshs_20_6' completely based on array size.
INFO: [XFORM 203-102] Automatically partitioning small array '_ZL7threshs_20_5' completely based on array size.
INFO: [XFORM 203-102] Automatically partitioning small array '_ZL7threshs_20_4' completely based on array size.
INFO: [XFORM 203-102] Automatically partitioning small array '_ZL7threshs_20_3' completely based on array size.
INFO: [XFORM 203-102] Automatically partitioning small array '_ZL7threshs_20_2' completely based on array size.
INFO: [XFORM 203-102] Automatically partitioning small array '_ZL7threshs_20_14' completely based on array size.
INFO: [XFORM 203-102] Automatically partitioning small array '_ZL7threshs_20_13' completely based on array size.
INFO: [XFORM 203-102] Automatically partitioning small array '_ZL7threshs_20_12' completely based on array size.
INFO: [XFORM 203-102] Automatically partitioning small array '_ZL7threshs_20_11' completely based on array size.
INFO: [XFORM 203-102] Automatically partitioning small array '_ZL7threshs_20_10' completely based on array size.
INFO: [XFORM 203-102] Automatically partitioning small array '_ZL7threshs_20_1' completely based on array size.
INFO: [XFORM 203-102] Automatically partitioning small array '_ZL7threshs_20_0' completely based on array size.
INFO: [XFORM 203-102] Automatically partitioning small array '_ZL7threshs_1_9' completely based on array size.
INFO: [XFORM 203-102] Automatically partitioning small array '_ZL7threshs_1_8' completely based on array size.
INFO: [XFORM 203-102] Automatically partitioning small array '_ZL7threshs_1_7' completely based on array size.
INFO: [XFORM 203-102] Automatically partitioning small array '_ZL7threshs_1_6' completely based on array size.
INFO: [XFORM 203-102] Automatically partitioning small array '_ZL7threshs_1_5' completely based on array size.
INFO: [XFORM 203-102] Automatically partitioning small array '_ZL7threshs_1_4' completely based on array size.
INFO: [XFORM 203-102] Automatically partitioning small array '_ZL7threshs_1_3' completely based on array size.
INFO: [XFORM 203-102] Automatically partitioning small array '_ZL7threshs_1_2' completely based on array size.
INFO: [XFORM 203-102] Automatically partitioning small array '_ZL7threshs_1_14' completely based on array size.
INFO: [XFORM 203-102] Automatically partitioning small array '_ZL7threshs_1_13' completely based on array size.
INFO: [XFORM 203-102] Automatically partitioning small array '_ZL7threshs_1_12' completely based on array size.
INFO: [XFORM 203-102] Automatically partitioning small array '_ZL7threshs_1_11' completely based on array size.
INFO: [XFORM 203-102] Automatically partitioning small array '_ZL7threshs_1_10' completely based on array size.
INFO: [XFORM 203-102] Automatically partitioning small array '_ZL7threshs_1_1' completely based on array size.
INFO: [XFORM 203-102] Automatically partitioning small array '_ZL7threshs_1_0' completely based on array size.
INFO: [XFORM 203-102] Automatically partitioning small array '_ZL7threshs_19_9' completely based on array size.
INFO: [XFORM 203-102] Automatically partitioning small array '_ZL7threshs_19_8' completely based on array size.
INFO: [XFORM 203-102] Automatically partitioning small array '_ZL7threshs_19_7' completely based on array size.
INFO: [XFORM 203-102] Automatically partitioning small array '_ZL7threshs_19_6' completely based on array size.
INFO: [XFORM 203-102] Automatically partitioning small array '_ZL7threshs_19_5' completely based on array size.
INFO: [XFORM 203-102] Automatically partitioning small array '_ZL7threshs_19_4' completely based on array size.
INFO: [XFORM 203-102] Automatically partitioning small array '_ZL7threshs_19_3' completely based on array size.
INFO: [XFORM 203-102] Automatically partitioning small array '_ZL7threshs_19_2' completely based on array size.
INFO: [XFORM 203-102] Automatically partitioning small array '_ZL7threshs_19_14' completely based on array size.
INFO: [XFORM 203-102] Automatically partitioning small array '_ZL7threshs_19_13' completely based on array size.
INFO: [XFORM 203-102] Automatically partitioning small array '_ZL7threshs_19_12' completely based on array size.
INFO: [XFORM 203-102] Automatically partitioning small array '_ZL7threshs_19_11' completely based on array size.
INFO: [XFORM 203-102] Automatically partitioning small array '_ZL7threshs_19_10' completely based on array size.
INFO: [XFORM 203-102] Automatically partitioning small array '_ZL7threshs_19_1' completely based on array size.
INFO: [XFORM 203-102] Automatically partitioning small array '_ZL7threshs_19_0' completely based on array size.
INFO: [XFORM 203-102] Automatically partitioning small array '_ZL7threshs_18_9' completely based on array size.
INFO: [XFORM 203-102] Automatically partitioning small array '_ZL7threshs_18_8' completely based on array size.
INFO: [XFORM 203-102] Automatically partitioning small array '_ZL7threshs_18_7' completely based on array size.
INFO: [XFORM 203-102] Automatically partitioning small array '_ZL7threshs_18_6' completely based on array size.
INFO: [XFORM 203-102] Automatically partitioning small array '_ZL7threshs_18_5' completely based on array size.
INFO: [XFORM 203-102] Automatically partitioning small array '_ZL7threshs_18_4' completely based on array size.
INFO: [XFORM 203-102] Automatically partitioning small array '_ZL7threshs_18_3' completely based on array size.
INFO: [XFORM 203-102] Automatically partitioning small array '_ZL7threshs_18_2' completely based on array size.
INFO: [XFORM 203-102] Automatically partitioning small array '_ZL7threshs_18_14' completely based on array size.
INFO: [XFORM 203-102] Automatically partitioning small array '_ZL7threshs_18_13' completely based on array size.
INFO: [XFORM 203-102] Automatically partitioning small array '_ZL7threshs_18_12' completely based on array size.
INFO: [XFORM 203-102] Automatically partitioning small array '_ZL7threshs_18_11' completely based on array size.
INFO: [XFORM 203-102] Automatically partitioning small array '_ZL7threshs_18_10' completely based on array size.
INFO: [XFORM 203-102] Automatically partitioning small array '_ZL7threshs_18_1' completely based on array size.
INFO: [XFORM 203-102] Automatically partitioning small array '_ZL7threshs_18_0' completely based on array size.
INFO: [XFORM 203-102] Automatically partitioning small array '_ZL7threshs_17_9' completely based on array size.
INFO: [XFORM 203-102] Automatically partitioning small array '_ZL7threshs_17_8' completely based on array size.
INFO: [XFORM 203-102] Automatically partitioning small array '_ZL7threshs_17_7' completely based on array size.
INFO: [XFORM 203-102] Automatically partitioning small array '_ZL7threshs_17_6' completely based on array size.
INFO: [XFORM 203-102] Automatically partitioning small array '_ZL7threshs_17_5' completely based on array size.
INFO: [XFORM 203-102] Automatically partitioning small array '_ZL7threshs_17_4' completely based on array size.
INFO: [XFORM 203-102] Automatically partitioning small array '_ZL7threshs_17_3' completely based on array size.
INFO: [XFORM 203-102] Automatically partitioning small array '_ZL7threshs_17_2' completely based on array size.
INFO: [XFORM 203-102] Automatically partitioning small array '_ZL7threshs_17_14' completely based on array size.
INFO: [XFORM 203-102] Automatically partitioning small array '_ZL7threshs_17_13' completely based on array size.
INFO: [XFORM 203-102] Automatically partitioning small array '_ZL7threshs_17_12' completely based on array size.
INFO: [XFORM 203-102] Automatically partitioning small array '_ZL7threshs_17_11' completely based on array size.
INFO: [XFORM 203-102] Automatically partitioning small array '_ZL7threshs_17_10' completely based on array size.
INFO: [XFORM 203-102] Automatically partitioning small array '_ZL7threshs_17_1' completely based on array size.
INFO: [XFORM 203-102] Automatically partitioning small array '_ZL7threshs_17_0' completely based on array size.
INFO: [XFORM 203-102] Automatically partitioning small array '_ZL7threshs_16_9' completely based on array size.
INFO: [XFORM 203-102] Automatically partitioning small array '_ZL7threshs_16_8' completely based on array size.
INFO: [XFORM 203-102] Automatically partitioning small array '_ZL7threshs_16_7' completely based on array size.
INFO: [XFORM 203-102] Automatically partitioning small array '_ZL7threshs_16_6' completely based on array size.
INFO: [XFORM 203-102] Automatically partitioning small array '_ZL7threshs_16_5' completely based on array size.
INFO: [XFORM 203-102] Automatically partitioning small array '_ZL7threshs_16_4' completely based on array size.
INFO: [XFORM 203-102] Automatically partitioning small array '_ZL7threshs_16_3' completely based on array size.
INFO: [XFORM 203-102] Automatically partitioning small array '_ZL7threshs_16_2' completely based on array size.
INFO: [XFORM 203-102] Automatically partitioning small array '_ZL7threshs_16_14' completely based on array size.
INFO: [XFORM 203-102] Automatically partitioning small array '_ZL7threshs_16_13' completely based on array size.
INFO: [XFORM 203-102] Automatically partitioning small array '_ZL7threshs_16_12' completely based on array size.
INFO: [XFORM 203-102] Automatically partitioning small array '_ZL7threshs_16_11' completely based on array size.
INFO: [XFORM 203-102] Automatically partitioning small array '_ZL7threshs_16_10' completely based on array size.
INFO: [XFORM 203-102] Automatically partitioning small array '_ZL7threshs_16_1' completely based on array size.
INFO: [XFORM 203-102] Automatically partitioning small array '_ZL7threshs_16_0' completely based on array size.
INFO: [XFORM 203-102] Automatically partitioning small array '_ZL7threshs_15_9' completely based on array size.
INFO: [XFORM 203-102] Automatically partitioning small array '_ZL7threshs_15_8' completely based on array size.
INFO: [XFORM 203-102] Automatically partitioning small array '_ZL7threshs_15_7' completely based on array size.
INFO: [XFORM 203-102] Automatically partitioning small array '_ZL7threshs_15_6' completely based on array size.
INFO: [XFORM 203-102] Automatically partitioning small array '_ZL7threshs_15_5' completely based on array size.
INFO: [XFORM 203-102] Automatically partitioning small array '_ZL7threshs_15_4' completely based on array size.
INFO: [XFORM 203-102] Automatically partitioning small array '_ZL7threshs_15_3' completely based on array size.
INFO: [XFORM 203-102] Automatically partitioning small array '_ZL7threshs_15_2' completely based on array size.
INFO: [XFORM 203-102] Automatically partitioning small array '_ZL7threshs_15_14' completely based on array size.
INFO: [XFORM 203-102] Automatically partitioning small array '_ZL7threshs_15_13' completely based on array size.
INFO: [XFORM 203-102] Automatically partitioning small array '_ZL7threshs_15_12' completely based on array size.
INFO: [XFORM 203-102] Automatically partitioning small array '_ZL7threshs_15_11' completely based on array size.
INFO: [XFORM 203-102] Automatically partitioning small array '_ZL7threshs_15_10' completely based on array size.
INFO: [XFORM 203-102] Automatically partitioning small array '_ZL7threshs_15_1' completely based on array size.
INFO: [XFORM 203-102] Automatically partitioning small array '_ZL7threshs_15_0' completely based on array size.
INFO: [XFORM 203-102] Automatically partitioning small array '_ZL7threshs_14_9' completely based on array size.
INFO: [XFORM 203-102] Automatically partitioning small array '_ZL7threshs_14_8' completely based on array size.
INFO: [XFORM 203-102] Automatically partitioning small array '_ZL7threshs_14_7' completely based on array size.
INFO: [XFORM 203-102] Automatically partitioning small array '_ZL7threshs_14_6' completely based on array size.
INFO: [XFORM 203-102] Automatically partitioning small array '_ZL7threshs_14_5' completely based on array size.
INFO: [XFORM 203-102] Automatically partitioning small array '_ZL7threshs_14_4' completely based on array size.
INFO: [XFORM 203-102] Automatically partitioning small array '_ZL7threshs_14_3' completely based on array size.
INFO: [XFORM 203-102] Automatically partitioning small array '_ZL7threshs_14_2' completely based on array size.
INFO: [XFORM 203-102] Automatically partitioning small array '_ZL7threshs_14_14' completely based on array size.
INFO: [XFORM 203-102] Automatically partitioning small array '_ZL7threshs_14_13' completely based on array size.
INFO: [XFORM 203-102] Automatically partitioning small array '_ZL7threshs_14_12' completely based on array size.
INFO: [XFORM 203-102] Automatically partitioning small array '_ZL7threshs_14_11' completely based on array size.
INFO: [XFORM 203-102] Automatically partitioning small array '_ZL7threshs_14_10' completely based on array size.
INFO: [XFORM 203-102] Automatically partitioning small array '_ZL7threshs_14_1' completely based on array size.
INFO: [XFORM 203-102] Automatically partitioning small array '_ZL7threshs_14_0' completely based on array size.
INFO: [XFORM 203-102] Automatically partitioning small array '_ZL7threshs_13_9' completely based on array size.
INFO: [XFORM 203-102] Automatically partitioning small array '_ZL7threshs_13_8' completely based on array size.
INFO: [XFORM 203-102] Automatically partitioning small array '_ZL7threshs_13_7' completely based on array size.
INFO: [XFORM 203-102] Automatically partitioning small array '_ZL7threshs_13_6' completely based on array size.
INFO: [XFORM 203-102] Automatically partitioning small array '_ZL7threshs_13_5' completely based on array size.
INFO: [XFORM 203-102] Automatically partitioning small array '_ZL7threshs_13_4' completely based on array size.
INFO: [XFORM 203-102] Automatically partitioning small array '_ZL7threshs_13_3' completely based on array size.
INFO: [XFORM 203-102] Automatically partitioning small array '_ZL7threshs_13_2' completely based on array size.
INFO: [XFORM 203-102] Automatically partitioning small array '_ZL7threshs_13_14' completely based on array size.
INFO: [XFORM 203-102] Automatically partitioning small array '_ZL7threshs_13_13' completely based on array size.
INFO: [XFORM 203-102] Automatically partitioning small array '_ZL7threshs_13_12' completely based on array size.
INFO: [XFORM 203-102] Automatically partitioning small array '_ZL7threshs_13_11' completely based on array size.
INFO: [XFORM 203-102] Automatically partitioning small array '_ZL7threshs_13_10' completely based on array size.
INFO: [XFORM 203-102] Automatically partitioning small array '_ZL7threshs_13_1' completely based on array size.
INFO: [XFORM 203-102] Automatically partitioning small array '_ZL7threshs_13_0' completely based on array size.
INFO: [XFORM 203-102] Automatically partitioning small array '_ZL7threshs_12_9' completely based on array size.
INFO: [XFORM 203-102] Automatically partitioning small array '_ZL7threshs_12_8' completely based on array size.
INFO: [XFORM 203-102] Automatically partitioning small array '_ZL7threshs_12_7' completely based on array size.
INFO: [XFORM 203-102] Automatically partitioning small array '_ZL7threshs_12_6' completely based on array size.
INFO: [XFORM 203-102] Automatically partitioning small array '_ZL7threshs_12_5' completely based on array size.
INFO: [XFORM 203-102] Automatically partitioning small array '_ZL7threshs_12_4' completely based on array size.
INFO: [XFORM 203-102] Automatically partitioning small array '_ZL7threshs_12_3' completely based on array size.
INFO: [XFORM 203-102] Automatically partitioning small array '_ZL7threshs_12_2' completely based on array size.
INFO: [XFORM 203-102] Automatically partitioning small array '_ZL7threshs_12_14' completely based on array size.
INFO: [XFORM 203-102] Automatically partitioning small array '_ZL7threshs_12_13' completely based on array size.
INFO: [XFORM 203-102] Automatically partitioning small array '_ZL7threshs_12_12' completely based on array size.
INFO: [XFORM 203-102] Automatically partitioning small array '_ZL7threshs_12_11' completely based on array size.
INFO: [XFORM 203-102] Automatically partitioning small array '_ZL7threshs_12_10' completely based on array size.
INFO: [XFORM 203-102] Automatically partitioning small array '_ZL7threshs_12_1' completely based on array size.
INFO: [XFORM 203-102] Automatically partitioning small array '_ZL7threshs_12_0' completely based on array size.
INFO: [XFORM 203-102] Automatically partitioning small array '_ZL7threshs_11_9' completely based on array size.
INFO: [XFORM 203-102] Automatically partitioning small array '_ZL7threshs_11_8' completely based on array size.
INFO: [XFORM 203-102] Automatically partitioning small array '_ZL7threshs_11_7' completely based on array size.
INFO: [XFORM 203-102] Automatically partitioning small array '_ZL7threshs_11_6' completely based on array size.
INFO: [XFORM 203-102] Automatically partitioning small array '_ZL7threshs_11_5' completely based on array size.
INFO: [XFORM 203-102] Automatically partitioning small array '_ZL7threshs_11_4' completely based on array size.
INFO: [XFORM 203-102] Automatically partitioning small array '_ZL7threshs_11_3' completely based on array size.
INFO: [XFORM 203-102] Automatically partitioning small array '_ZL7threshs_11_2' completely based on array size.
INFO: [XFORM 203-102] Automatically partitioning small array '_ZL7threshs_11_14' completely based on array size.
INFO: [XFORM 203-102] Automatically partitioning small array '_ZL7threshs_11_13' completely based on array size.
INFO: [XFORM 203-102] Automatically partitioning small array '_ZL7threshs_11_12' completely based on array size.
INFO: [XFORM 203-102] Automatically partitioning small array '_ZL7threshs_11_11' completely based on array size.
INFO: [XFORM 203-102] Automatically partitioning small array '_ZL7threshs_11_10' completely based on array size.
INFO: [XFORM 203-102] Automatically partitioning small array '_ZL7threshs_11_1' completely based on array size.
INFO: [XFORM 203-102] Automatically partitioning small array '_ZL7threshs_11_0' completely based on array size.
INFO: [XFORM 203-102] Automatically partitioning small array '_ZL7threshs_10_9' completely based on array size.
INFO: [XFORM 203-102] Automatically partitioning small array '_ZL7threshs_10_8' completely based on array size.
INFO: [XFORM 203-102] Automatically partitioning small array '_ZL7threshs_10_7' completely based on array size.
INFO: [XFORM 203-102] Automatically partitioning small array '_ZL7threshs_10_6' completely based on array size.
INFO: [XFORM 203-102] Automatically partitioning small array '_ZL7threshs_10_5' completely based on array size.
INFO: [XFORM 203-102] Automatically partitioning small array '_ZL7threshs_10_4' completely based on array size.
INFO: [XFORM 203-102] Automatically partitioning small array '_ZL7threshs_10_3' completely based on array size.
INFO: [XFORM 203-102] Automatically partitioning small array '_ZL7threshs_10_2' completely based on array size.
INFO: [XFORM 203-102] Automatically partitioning small array '_ZL7threshs_10_14' completely based on array size.
INFO: [XFORM 203-102] Automatically partitioning small array '_ZL7threshs_10_13' completely based on array size.
INFO: [XFORM 203-102] Automatically partitioning small array '_ZL7threshs_10_12' completely based on array size.
INFO: [XFORM 203-102] Automatically partitioning small array '_ZL7threshs_10_11' completely based on array size.
INFO: [XFORM 203-102] Automatically partitioning small array '_ZL7threshs_10_10' completely based on array size.
INFO: [XFORM 203-102] Automatically partitioning small array '_ZL7threshs_10_1' completely based on array size.
INFO: [XFORM 203-102] Automatically partitioning small array '_ZL7threshs_10_0' completely based on array size.
INFO: [XFORM 203-102] Automatically partitioning small array '_ZL7threshs_0_9' completely based on array size.
INFO: [XFORM 203-102] Automatically partitioning small array '_ZL7threshs_0_8' completely based on array size.
INFO: [XFORM 203-102] Automatically partitioning small array '_ZL7threshs_0_7' completely based on array size.
INFO: [XFORM 203-102] Automatically partitioning small array '_ZL7threshs_0_6' completely based on array size.
INFO: [XFORM 203-102] Automatically partitioning small array '_ZL7threshs_0_5' completely based on array size.
INFO: [XFORM 203-102] Automatically partitioning small array '_ZL7threshs_0_4' completely based on array size.
INFO: [XFORM 203-102] Automatically partitioning small array '_ZL7threshs_0_3' completely based on array size.
INFO: [XFORM 203-102] Automatically partitioning small array '_ZL7threshs_0_2' completely based on array size.
INFO: [XFORM 203-102] Automatically partitioning small array '_ZL7threshs_0_14' completely based on array size.
INFO: [XFORM 203-102] Automatically partitioning small array '_ZL7threshs_0_13' completely based on array size.
INFO: [XFORM 203-102] Automatically partitioning small array '_ZL7threshs_0_12' completely based on array size.
INFO: [XFORM 203-102] Automatically partitioning small array '_ZL7threshs_0_11' completely based on array size.
INFO: [XFORM 203-102] Automatically partitioning small array '_ZL7threshs_0_10' completely based on array size.
INFO: [XFORM 203-102] Automatically partitioning small array '_ZL7threshs_0_1' completely based on array size.
INFO: [XFORM 203-102] Automatically partitioning small array '_ZL7threshs_0_0' completely based on array size.
INFO: [XFORM 203-101] Partitioning array '_ZL7threshs_9_9' in dimension 1 completely.
INFO: [XFORM 203-101] Partitioning array '_ZL7threshs_9_8' in dimension 1 completely.
INFO: [XFORM 203-101] Partitioning array '_ZL7threshs_9_7' in dimension 1 completely.
INFO: [XFORM 203-101] Partitioning array '_ZL7threshs_9_6' in dimension 1 completely.
INFO: [XFORM 203-101] Partitioning array '_ZL7threshs_9_5' in dimension 1 completely.
INFO: [XFORM 203-101] Partitioning array '_ZL7threshs_9_4' in dimension 1 completely.
INFO: [XFORM 203-101] Partitioning array '_ZL7threshs_9_3' in dimension 1 completely.
INFO: [XFORM 203-101] Partitioning array '_ZL7threshs_9_2' in dimension 1 completely.
INFO: [XFORM 203-101] Partitioning array '_ZL7threshs_9_14' in dimension 1 completely.
INFO: [XFORM 203-101] Partitioning array '_ZL7threshs_9_13' in dimension 1 completely.
INFO: [XFORM 203-101] Partitioning array '_ZL7threshs_9_12' in dimension 1 completely.
INFO: [XFORM 203-101] Partitioning array '_ZL7threshs_9_11' in dimension 1 completely.
INFO: [XFORM 203-101] Partitioning array '_ZL7threshs_9_10' in dimension 1 completely.
INFO: [XFORM 203-101] Partitioning array '_ZL7threshs_9_1' in dimension 1 completely.
INFO: [XFORM 203-101] Partitioning array '_ZL7threshs_9_0' in dimension 1 completely.
INFO: [XFORM 203-101] Partitioning array '_ZL7threshs_8_9' in dimension 1 completely.
INFO: [XFORM 203-101] Partitioning array '_ZL7threshs_8_8' in dimension 1 completely.
INFO: [XFORM 203-101] Partitioning array '_ZL7threshs_8_7' in dimension 1 completely.
INFO: [XFORM 203-101] Partitioning array '_ZL7threshs_8_6' in dimension 1 completely.
INFO: [XFORM 203-101] Partitioning array '_ZL7threshs_8_5' in dimension 1 completely.
INFO: [XFORM 203-101] Partitioning array '_ZL7threshs_8_4' in dimension 1 completely.
INFO: [XFORM 203-101] Partitioning array '_ZL7threshs_8_3' in dimension 1 completely.
INFO: [XFORM 203-101] Partitioning array '_ZL7threshs_8_2' in dimension 1 completely.
INFO: [XFORM 203-101] Partitioning array '_ZL7threshs_8_14' in dimension 1 completely.
INFO: [XFORM 203-101] Partitioning array '_ZL7threshs_8_13' in dimension 1 completely.
INFO: [XFORM 203-101] Partitioning array '_ZL7threshs_8_12' in dimension 1 completely.
INFO: [XFORM 203-101] Partitioning array '_ZL7threshs_8_11' in dimension 1 completely.
INFO: [XFORM 203-101] Partitioning array '_ZL7threshs_8_10' in dimension 1 completely.
INFO: [XFORM 203-101] Partitioning array '_ZL7threshs_8_1' in dimension 1 completely.
INFO: [XFORM 203-101] Partitioning array '_ZL7threshs_8_0' in dimension 1 completely.
INFO: [XFORM 203-101] Partitioning array '_ZL7threshs_7_9' in dimension 1 completely.
INFO: [XFORM 203-101] Partitioning array '_ZL7threshs_7_8' in dimension 1 completely.
INFO: [XFORM 203-101] Partitioning array '_ZL7threshs_7_7' in dimension 1 completely.
INFO: [XFORM 203-101] Partitioning array '_ZL7threshs_7_6' in dimension 1 completely.
INFO: [XFORM 203-101] Partitioning array '_ZL7threshs_7_5' in dimension 1 completely.
INFO: [XFORM 203-101] Partitioning array '_ZL7threshs_7_4' in dimension 1 completely.
INFO: [XFORM 203-101] Partitioning array '_ZL7threshs_7_3' in dimension 1 completely.
INFO: [XFORM 203-101] Partitioning array '_ZL7threshs_7_2' in dimension 1 completely.
INFO: [XFORM 203-101] Partitioning array '_ZL7threshs_7_14' in dimension 1 completely.
INFO: [XFORM 203-101] Partitioning array '_ZL7threshs_7_13' in dimension 1 completely.
INFO: [XFORM 203-101] Partitioning array '_ZL7threshs_7_12' in dimension 1 completely.
INFO: [XFORM 203-101] Partitioning array '_ZL7threshs_7_11' in dimension 1 completely.
INFO: [XFORM 203-101] Partitioning array '_ZL7threshs_7_10' in dimension 1 completely.
INFO: [XFORM 203-101] Partitioning array '_ZL7threshs_7_1' in dimension 1 completely.
INFO: [XFORM 203-101] Partitioning array '_ZL7threshs_7_0' in dimension 1 completely.
INFO: [XFORM 203-101] Partitioning array '_ZL7threshs_6_9' in dimension 1 completely.
INFO: [XFORM 203-101] Partitioning array '_ZL7threshs_6_8' in dimension 1 completely.
INFO: [XFORM 203-101] Partitioning array '_ZL7threshs_6_7' in dimension 1 completely.
INFO: [XFORM 203-101] Partitioning array '_ZL7threshs_6_6' in dimension 1 completely.
INFO: [XFORM 203-101] Partitioning array '_ZL7threshs_6_5' in dimension 1 completely.
INFO: [XFORM 203-101] Partitioning array '_ZL7threshs_6_4' in dimension 1 completely.
INFO: [XFORM 203-101] Partitioning array '_ZL7threshs_6_3' in dimension 1 completely.
INFO: [XFORM 203-101] Partitioning array '_ZL7threshs_6_2' in dimension 1 completely.
INFO: [XFORM 203-101] Partitioning array '_ZL7threshs_6_14' in dimension 1 completely.
INFO: [XFORM 203-101] Partitioning array '_ZL7threshs_6_13' in dimension 1 completely.
INFO: [XFORM 203-101] Partitioning array '_ZL7threshs_6_12' in dimension 1 completely.
INFO: [XFORM 203-101] Partitioning array '_ZL7threshs_6_11' in dimension 1 completely.
INFO: [XFORM 203-101] Partitioning array '_ZL7threshs_6_10' in dimension 1 completely.
INFO: [XFORM 203-101] Partitioning array '_ZL7threshs_6_1' in dimension 1 completely.
INFO: [XFORM 203-101] Partitioning array '_ZL7threshs_6_0' in dimension 1 completely.
INFO: [XFORM 203-101] Partitioning array '_ZL7threshs_63_9' in dimension 1 completely.
INFO: [XFORM 203-101] Partitioning array '_ZL7threshs_63_8' in dimension 1 completely.
INFO: [XFORM 203-101] Partitioning array '_ZL7threshs_63_7' in dimension 1 completely.
INFO: [XFORM 203-101] Partitioning array '_ZL7threshs_63_6' in dimension 1 completely.
INFO: [XFORM 203-101] Partitioning array '_ZL7threshs_63_5' in dimension 1 completely.
INFO: [XFORM 203-101] Partitioning array '_ZL7threshs_63_4' in dimension 1 completely.
INFO: [XFORM 203-101] Partitioning array '_ZL7threshs_63_3' in dimension 1 completely.
INFO: [XFORM 203-101] Partitioning array '_ZL7threshs_63_2' in dimension 1 completely.
INFO: [XFORM 203-101] Partitioning array '_ZL7threshs_63_14' in dimension 1 completely.
INFO: [XFORM 203-101] Partitioning array '_ZL7threshs_63_13' in dimension 1 completely.
INFO: [XFORM 203-101] Partitioning array '_ZL7threshs_63_12' in dimension 1 completely.
INFO: [XFORM 203-101] Partitioning array '_ZL7threshs_63_11' in dimension 1 completely.
INFO: [XFORM 203-101] Partitioning array '_ZL7threshs_63_10' in dimension 1 completely.
INFO: [XFORM 203-101] Partitioning array '_ZL7threshs_63_1' in dimension 1 completely.
INFO: [XFORM 203-101] Partitioning array '_ZL7threshs_63_0' in dimension 1 completely.
INFO: [XFORM 203-101] Partitioning array '_ZL7threshs_62_9' in dimension 1 completely.
INFO: [XFORM 203-101] Partitioning array '_ZL7threshs_62_8' in dimension 1 completely.
INFO: [XFORM 203-101] Partitioning array '_ZL7threshs_62_7' in dimension 1 completely.
INFO: [XFORM 203-101] Partitioning array '_ZL7threshs_62_6' in dimension 1 completely.
INFO: [XFORM 203-101] Partitioning array '_ZL7threshs_62_5' in dimension 1 completely.
INFO: [XFORM 203-101] Partitioning array '_ZL7threshs_62_4' in dimension 1 completely.
INFO: [XFORM 203-101] Partitioning array '_ZL7threshs_62_3' in dimension 1 completely.
INFO: [XFORM 203-101] Partitioning array '_ZL7threshs_62_2' in dimension 1 completely.
INFO: [XFORM 203-101] Partitioning array '_ZL7threshs_62_14' in dimension 1 completely.
INFO: [XFORM 203-101] Partitioning array '_ZL7threshs_62_13' in dimension 1 completely.
INFO: [XFORM 203-101] Partitioning array '_ZL7threshs_62_12' in dimension 1 completely.
INFO: [XFORM 203-101] Partitioning array '_ZL7threshs_62_11' in dimension 1 completely.
INFO: [XFORM 203-101] Partitioning array '_ZL7threshs_62_10' in dimension 1 completely.
INFO: [XFORM 203-101] Partitioning array '_ZL7threshs_62_1' in dimension 1 completely.
INFO: [XFORM 203-101] Partitioning array '_ZL7threshs_62_0' in dimension 1 completely.
INFO: [XFORM 203-101] Partitioning array '_ZL7threshs_61_9' in dimension 1 completely.
INFO: [XFORM 203-101] Partitioning array '_ZL7threshs_61_8' in dimension 1 completely.
INFO: [XFORM 203-101] Partitioning array '_ZL7threshs_61_7' in dimension 1 completely.
INFO: [XFORM 203-101] Partitioning array '_ZL7threshs_61_6' in dimension 1 completely.
INFO: [XFORM 203-101] Partitioning array '_ZL7threshs_61_5' in dimension 1 completely.
INFO: [XFORM 203-101] Partitioning array '_ZL7threshs_61_4' in dimension 1 completely.
INFO: [XFORM 203-101] Partitioning array '_ZL7threshs_61_3' in dimension 1 completely.
INFO: [XFORM 203-101] Partitioning array '_ZL7threshs_61_2' in dimension 1 completely.
INFO: [XFORM 203-101] Partitioning array '_ZL7threshs_61_14' in dimension 1 completely.
INFO: [XFORM 203-101] Partitioning array '_ZL7threshs_61_13' in dimension 1 completely.
INFO: [XFORM 203-101] Partitioning array '_ZL7threshs_61_12' in dimension 1 completely.
INFO: [XFORM 203-101] Partitioning array '_ZL7threshs_61_11' in dimension 1 completely.
INFO: [XFORM 203-101] Partitioning array '_ZL7threshs_61_10' in dimension 1 completely.
INFO: [XFORM 203-101] Partitioning array '_ZL7threshs_61_1' in dimension 1 completely.
INFO: [XFORM 203-101] Partitioning array '_ZL7threshs_61_0' in dimension 1 completely.
INFO: [XFORM 203-101] Partitioning array '_ZL7threshs_60_9' in dimension 1 completely.
INFO: [XFORM 203-101] Partitioning array '_ZL7threshs_60_8' in dimension 1 completely.
INFO: [XFORM 203-101] Partitioning array '_ZL7threshs_60_7' in dimension 1 completely.
INFO: [XFORM 203-101] Partitioning array '_ZL7threshs_60_6' in dimension 1 completely.
INFO: [XFORM 203-101] Partitioning array '_ZL7threshs_60_5' in dimension 1 completely.
INFO: [XFORM 203-101] Partitioning array '_ZL7threshs_60_4' in dimension 1 completely.
INFO: [XFORM 203-101] Partitioning array '_ZL7threshs_60_3' in dimension 1 completely.
INFO: [XFORM 203-101] Partitioning array '_ZL7threshs_60_2' in dimension 1 completely.
INFO: [XFORM 203-101] Partitioning array '_ZL7threshs_60_14' in dimension 1 completely.
INFO: [XFORM 203-101] Partitioning array '_ZL7threshs_60_13' in dimension 1 completely.
INFO: [XFORM 203-101] Partitioning array '_ZL7threshs_60_12' in dimension 1 completely.
INFO: [XFORM 203-101] Partitioning array '_ZL7threshs_60_11' in dimension 1 completely.
INFO: [XFORM 203-101] Partitioning array '_ZL7threshs_60_10' in dimension 1 completely.
INFO: [XFORM 203-101] Partitioning array '_ZL7threshs_60_1' in dimension 1 completely.
INFO: [XFORM 203-101] Partitioning array '_ZL7threshs_60_0' in dimension 1 completely.
INFO: [XFORM 203-101] Partitioning array '_ZL7threshs_5_9' in dimension 1 completely.
INFO: [XFORM 203-101] Partitioning array '_ZL7threshs_5_8' in dimension 1 completely.
INFO: [XFORM 203-101] Partitioning array '_ZL7threshs_5_7' in dimension 1 completely.
INFO: [XFORM 203-101] Partitioning array '_ZL7threshs_5_6' in dimension 1 completely.
INFO: [XFORM 203-101] Partitioning array '_ZL7threshs_5_5' in dimension 1 completely.
INFO: [XFORM 203-101] Partitioning array '_ZL7threshs_5_4' in dimension 1 completely.
INFO: [XFORM 203-101] Partitioning array '_ZL7threshs_5_3' in dimension 1 completely.
INFO: [XFORM 203-101] Partitioning array '_ZL7threshs_5_2' in dimension 1 completely.
INFO: [XFORM 203-101] Partitioning array '_ZL7threshs_5_14' in dimension 1 completely.
INFO: [XFORM 203-101] Partitioning array '_ZL7threshs_5_13' in dimension 1 completely.
INFO: [XFORM 203-101] Partitioning array '_ZL7threshs_5_12' in dimension 1 completely.
INFO: [XFORM 203-101] Partitioning array '_ZL7threshs_5_11' in dimension 1 completely.
INFO: [XFORM 203-101] Partitioning array '_ZL7threshs_5_10' in dimension 1 completely.
INFO: [XFORM 203-101] Partitioning array '_ZL7threshs_5_1' in dimension 1 completely.
INFO: [XFORM 203-101] Partitioning array '_ZL7threshs_5_0' in dimension 1 completely.
INFO: [XFORM 203-101] Partitioning array '_ZL7threshs_59_9' in dimension 1 completely.
INFO: [XFORM 203-101] Partitioning array '_ZL7threshs_59_8' in dimension 1 completely.
INFO: [XFORM 203-101] Partitioning array '_ZL7threshs_59_7' in dimension 1 completely.
INFO: [XFORM 203-101] Partitioning array '_ZL7threshs_59_6' in dimension 1 completely.
INFO: [XFORM 203-101] Partitioning array '_ZL7threshs_59_5' in dimension 1 completely.
INFO: [XFORM 203-101] Partitioning array '_ZL7threshs_59_4' in dimension 1 completely.
INFO: [XFORM 203-101] Partitioning array '_ZL7threshs_59_3' in dimension 1 completely.
INFO: [XFORM 203-101] Partitioning array '_ZL7threshs_59_2' in dimension 1 completely.
INFO: [XFORM 203-101] Partitioning array '_ZL7threshs_59_14' in dimension 1 completely.
INFO: [XFORM 203-101] Partitioning array '_ZL7threshs_59_13' in dimension 1 completely.
INFO: [XFORM 203-101] Partitioning array '_ZL7threshs_59_12' in dimension 1 completely.
INFO: [XFORM 203-101] Partitioning array '_ZL7threshs_59_11' in dimension 1 completely.
INFO: [XFORM 203-101] Partitioning array '_ZL7threshs_59_10' in dimension 1 completely.
INFO: [XFORM 203-101] Partitioning array '_ZL7threshs_59_1' in dimension 1 completely.
INFO: [XFORM 203-101] Partitioning array '_ZL7threshs_59_0' in dimension 1 completely.
INFO: [XFORM 203-101] Partitioning array '_ZL7threshs_58_9' in dimension 1 completely.
INFO: [XFORM 203-101] Partitioning array '_ZL7threshs_58_8' in dimension 1 completely.
INFO: [XFORM 203-101] Partitioning array '_ZL7threshs_58_7' in dimension 1 completely.
INFO: [XFORM 203-101] Partitioning array '_ZL7threshs_58_6' in dimension 1 completely.
INFO: [XFORM 203-101] Partitioning array '_ZL7threshs_58_5' in dimension 1 completely.
INFO: [XFORM 203-101] Partitioning array '_ZL7threshs_58_4' in dimension 1 completely.
INFO: [XFORM 203-101] Partitioning array '_ZL7threshs_58_3' in dimension 1 completely.
INFO: [XFORM 203-101] Partitioning array '_ZL7threshs_58_2' in dimension 1 completely.
INFO: [XFORM 203-101] Partitioning array '_ZL7threshs_58_14' in dimension 1 completely.
INFO: [XFORM 203-101] Partitioning array '_ZL7threshs_58_13' in dimension 1 completely.
INFO: [XFORM 203-101] Partitioning array '_ZL7threshs_58_12' in dimension 1 completely.
INFO: [XFORM 203-101] Partitioning array '_ZL7threshs_58_11' in dimension 1 completely.
INFO: [XFORM 203-101] Partitioning array '_ZL7threshs_58_10' in dimension 1 completely.
INFO: [XFORM 203-101] Partitioning array '_ZL7threshs_58_1' in dimension 1 completely.
INFO: [XFORM 203-101] Partitioning array '_ZL7threshs_58_0' in dimension 1 completely.
INFO: [XFORM 203-101] Partitioning array '_ZL7threshs_57_9' in dimension 1 completely.
INFO: [XFORM 203-101] Partitioning array '_ZL7threshs_57_8' in dimension 1 completely.
INFO: [XFORM 203-101] Partitioning array '_ZL7threshs_57_7' in dimension 1 completely.
INFO: [XFORM 203-101] Partitioning array '_ZL7threshs_57_6' in dimension 1 completely.
INFO: [XFORM 203-101] Partitioning array '_ZL7threshs_57_5' in dimension 1 completely.
INFO: [XFORM 203-101] Partitioning array '_ZL7threshs_57_4' in dimension 1 completely.
INFO: [XFORM 203-101] Partitioning array '_ZL7threshs_57_3' in dimension 1 completely.
INFO: [XFORM 203-101] Partitioning array '_ZL7threshs_57_2' in dimension 1 completely.
INFO: [XFORM 203-101] Partitioning array '_ZL7threshs_57_14' in dimension 1 completely.
INFO: [XFORM 203-101] Partitioning array '_ZL7threshs_57_13' in dimension 1 completely.
INFO: [XFORM 203-101] Partitioning array '_ZL7threshs_57_12' in dimension 1 completely.
INFO: [XFORM 203-101] Partitioning array '_ZL7threshs_57_11' in dimension 1 completely.
INFO: [XFORM 203-101] Partitioning array '_ZL7threshs_57_10' in dimension 1 completely.
INFO: [XFORM 203-101] Partitioning array '_ZL7threshs_57_1' in dimension 1 completely.
INFO: [XFORM 203-101] Partitioning array '_ZL7threshs_57_0' in dimension 1 completely.
INFO: [XFORM 203-101] Partitioning array '_ZL7threshs_56_9' in dimension 1 completely.
INFO: [XFORM 203-101] Partitioning array '_ZL7threshs_56_8' in dimension 1 completely.
INFO: [XFORM 203-101] Partitioning array '_ZL7threshs_56_7' in dimension 1 completely.
INFO: [XFORM 203-101] Partitioning array '_ZL7threshs_56_6' in dimension 1 completely.
INFO: [XFORM 203-101] Partitioning array '_ZL7threshs_56_5' in dimension 1 completely.
INFO: [XFORM 203-101] Partitioning array '_ZL7threshs_56_4' in dimension 1 completely.
INFO: [XFORM 203-101] Partitioning array '_ZL7threshs_56_3' in dimension 1 completely.
INFO: [XFORM 203-101] Partitioning array '_ZL7threshs_56_2' in dimension 1 completely.
INFO: [XFORM 203-101] Partitioning array '_ZL7threshs_56_14' in dimension 1 completely.
INFO: [XFORM 203-101] Partitioning array '_ZL7threshs_56_13' in dimension 1 completely.
INFO: [XFORM 203-101] Partitioning array '_ZL7threshs_56_12' in dimension 1 completely.
INFO: [XFORM 203-101] Partitioning array '_ZL7threshs_56_11' in dimension 1 completely.
INFO: [XFORM 203-101] Partitioning array '_ZL7threshs_56_10' in dimension 1 completely.
INFO: [XFORM 203-101] Partitioning array '_ZL7threshs_56_1' in dimension 1 completely.
INFO: [XFORM 203-101] Partitioning array '_ZL7threshs_56_0' in dimension 1 completely.
INFO: [XFORM 203-101] Partitioning array '_ZL7threshs_55_9' in dimension 1 completely.
INFO: [XFORM 203-101] Partitioning array '_ZL7threshs_55_8' in dimension 1 completely.
INFO: [XFORM 203-101] Partitioning array '_ZL7threshs_55_7' in dimension 1 completely.
INFO: [XFORM 203-101] Partitioning array '_ZL7threshs_55_6' in dimension 1 completely.
INFO: [XFORM 203-101] Partitioning array '_ZL7threshs_55_5' in dimension 1 completely.
INFO: [XFORM 203-101] Partitioning array '_ZL7threshs_55_4' in dimension 1 completely.
INFO: [XFORM 203-101] Partitioning array '_ZL7threshs_55_3' in dimension 1 completely.
INFO: [XFORM 203-101] Partitioning array '_ZL7threshs_55_2' in dimension 1 completely.
INFO: [XFORM 203-101] Partitioning array '_ZL7threshs_55_14' in dimension 1 completely.
INFO: [XFORM 203-101] Partitioning array '_ZL7threshs_55_13' in dimension 1 completely.
INFO: [XFORM 203-101] Partitioning array '_ZL7threshs_55_12' in dimension 1 completely.
INFO: [XFORM 203-101] Partitioning array '_ZL7threshs_55_11' in dimension 1 completely.
INFO: [XFORM 203-101] Partitioning array '_ZL7threshs_55_10' in dimension 1 completely.
INFO: [XFORM 203-101] Partitioning array '_ZL7threshs_55_1' in dimension 1 completely.
INFO: [XFORM 203-101] Partitioning array '_ZL7threshs_55_0' in dimension 1 completely.
INFO: [XFORM 203-101] Partitioning array '_ZL7threshs_54_9' in dimension 1 completely.
INFO: [XFORM 203-101] Partitioning array '_ZL7threshs_54_8' in dimension 1 completely.
INFO: [XFORM 203-101] Partitioning array '_ZL7threshs_54_7' in dimension 1 completely.
INFO: [XFORM 203-101] Partitioning array '_ZL7threshs_54_6' in dimension 1 completely.
INFO: [XFORM 203-101] Partitioning array '_ZL7threshs_54_5' in dimension 1 completely.
INFO: [XFORM 203-101] Partitioning array '_ZL7threshs_54_4' in dimension 1 completely.
INFO: [XFORM 203-101] Partitioning array '_ZL7threshs_54_3' in dimension 1 completely.
INFO: [XFORM 203-101] Partitioning array '_ZL7threshs_54_2' in dimension 1 completely.
INFO: [XFORM 203-101] Partitioning array '_ZL7threshs_54_14' in dimension 1 completely.
INFO: [XFORM 203-101] Partitioning array '_ZL7threshs_54_13' in dimension 1 completely.
INFO: [XFORM 203-101] Partitioning array '_ZL7threshs_54_12' in dimension 1 completely.
INFO: [XFORM 203-101] Partitioning array '_ZL7threshs_54_11' in dimension 1 completely.
INFO: [XFORM 203-101] Partitioning array '_ZL7threshs_54_10' in dimension 1 completely.
INFO: [XFORM 203-101] Partitioning array '_ZL7threshs_54_1' in dimension 1 completely.
INFO: [XFORM 203-101] Partitioning array '_ZL7threshs_54_0' in dimension 1 completely.
INFO: [XFORM 203-101] Partitioning array '_ZL7threshs_53_9' in dimension 1 completely.
INFO: [XFORM 203-101] Partitioning array '_ZL7threshs_53_8' in dimension 1 completely.
INFO: [XFORM 203-101] Partitioning array '_ZL7threshs_53_7' in dimension 1 completely.
INFO: [XFORM 203-101] Partitioning array '_ZL7threshs_53_6' in dimension 1 completely.
INFO: [XFORM 203-101] Partitioning array '_ZL7threshs_53_5' in dimension 1 completely.
INFO: [XFORM 203-101] Partitioning array '_ZL7threshs_53_4' in dimension 1 completely.
INFO: [XFORM 203-101] Partitioning array '_ZL7threshs_53_3' in dimension 1 completely.
INFO: [XFORM 203-101] Partitioning array '_ZL7threshs_53_2' in dimension 1 completely.
INFO: [XFORM 203-101] Partitioning array '_ZL7threshs_53_14' in dimension 1 completely.
INFO: [XFORM 203-101] Partitioning array '_ZL7threshs_53_13' in dimension 1 completely.
INFO: [XFORM 203-101] Partitioning array '_ZL7threshs_53_12' in dimension 1 completely.
INFO: [XFORM 203-101] Partitioning array '_ZL7threshs_53_11' in dimension 1 completely.
INFO: [XFORM 203-101] Partitioning array '_ZL7threshs_53_10' in dimension 1 completely.
INFO: [XFORM 203-101] Partitioning array '_ZL7threshs_53_1' in dimension 1 completely.
INFO: [XFORM 203-101] Partitioning array '_ZL7threshs_53_0' in dimension 1 completely.
INFO: [XFORM 203-101] Partitioning array '_ZL7threshs_52_9' in dimension 1 completely.
INFO: [XFORM 203-101] Partitioning array '_ZL7threshs_52_8' in dimension 1 completely.
INFO: [XFORM 203-101] Partitioning array '_ZL7threshs_52_7' in dimension 1 completely.
INFO: [XFORM 203-101] Partitioning array '_ZL7threshs_52_6' in dimension 1 completely.
INFO: [XFORM 203-101] Partitioning array '_ZL7threshs_52_5' in dimension 1 completely.
INFO: [XFORM 203-101] Partitioning array '_ZL7threshs_52_4' in dimension 1 completely.
INFO: [XFORM 203-101] Partitioning array '_ZL7threshs_52_3' in dimension 1 completely.
INFO: [XFORM 203-101] Partitioning array '_ZL7threshs_52_2' in dimension 1 completely.
INFO: [XFORM 203-101] Partitioning array '_ZL7threshs_52_14' in dimension 1 completely.
INFO: [XFORM 203-101] Partitioning array '_ZL7threshs_52_13' in dimension 1 completely.
INFO: [XFORM 203-101] Partitioning array '_ZL7threshs_52_12' in dimension 1 completely.
INFO: [XFORM 203-101] Partitioning array '_ZL7threshs_52_11' in dimension 1 completely.
INFO: [XFORM 203-101] Partitioning array '_ZL7threshs_52_10' in dimension 1 completely.
INFO: [XFORM 203-101] Partitioning array '_ZL7threshs_52_1' in dimension 1 completely.
INFO: [XFORM 203-101] Partitioning array '_ZL7threshs_52_0' in dimension 1 completely.
INFO: [XFORM 203-101] Partitioning array '_ZL7threshs_51_9' in dimension 1 completely.
INFO: [XFORM 203-101] Partitioning array '_ZL7threshs_51_8' in dimension 1 completely.
INFO: [XFORM 203-101] Partitioning array '_ZL7threshs_51_7' in dimension 1 completely.
INFO: [XFORM 203-101] Partitioning array '_ZL7threshs_51_6' in dimension 1 completely.
INFO: [XFORM 203-101] Partitioning array '_ZL7threshs_51_5' in dimension 1 completely.
INFO: [XFORM 203-101] Partitioning array '_ZL7threshs_51_4' in dimension 1 completely.
INFO: [XFORM 203-101] Partitioning array '_ZL7threshs_51_3' in dimension 1 completely.
INFO: [XFORM 203-101] Partitioning array '_ZL7threshs_51_2' in dimension 1 completely.
INFO: [XFORM 203-101] Partitioning array '_ZL7threshs_51_14' in dimension 1 completely.
INFO: [XFORM 203-101] Partitioning array '_ZL7threshs_51_13' in dimension 1 completely.
INFO: [XFORM 203-101] Partitioning array '_ZL7threshs_51_12' in dimension 1 completely.
INFO: [XFORM 203-101] Partitioning array '_ZL7threshs_51_11' in dimension 1 completely.
INFO: [XFORM 203-101] Partitioning array '_ZL7threshs_51_10' in dimension 1 completely.
INFO: [XFORM 203-101] Partitioning array '_ZL7threshs_51_1' in dimension 1 completely.
INFO: [XFORM 203-101] Partitioning array '_ZL7threshs_51_0' in dimension 1 completely.
INFO: [XFORM 203-101] Partitioning array '_ZL7threshs_50_9' in dimension 1 completely.
INFO: [XFORM 203-101] Partitioning array '_ZL7threshs_50_8' in dimension 1 completely.
INFO: [XFORM 203-101] Partitioning array '_ZL7threshs_50_7' in dimension 1 completely.
INFO: [XFORM 203-101] Partitioning array '_ZL7threshs_50_6' in dimension 1 completely.
INFO: [XFORM 203-101] Partitioning array '_ZL7threshs_50_5' in dimension 1 completely.
INFO: [XFORM 203-101] Partitioning array '_ZL7threshs_50_4' in dimension 1 completely.
INFO: [XFORM 203-101] Partitioning array '_ZL7threshs_50_3' in dimension 1 completely.
INFO: [XFORM 203-101] Partitioning array '_ZL7threshs_50_2' in dimension 1 completely.
INFO: [XFORM 203-101] Partitioning array '_ZL7threshs_50_14' in dimension 1 completely.
INFO: [XFORM 203-101] Partitioning array '_ZL7threshs_50_13' in dimension 1 completely.
INFO: [XFORM 203-101] Partitioning array '_ZL7threshs_50_12' in dimension 1 completely.
INFO: [XFORM 203-101] Partitioning array '_ZL7threshs_50_11' in dimension 1 completely.
INFO: [XFORM 203-101] Partitioning array '_ZL7threshs_50_10' in dimension 1 completely.
INFO: [XFORM 203-101] Partitioning array '_ZL7threshs_50_1' in dimension 1 completely.
INFO: [XFORM 203-101] Partitioning array '_ZL7threshs_50_0' in dimension 1 completely.
INFO: [XFORM 203-101] Partitioning array '_ZL7threshs_4_9' in dimension 1 completely.
INFO: [XFORM 203-101] Partitioning array '_ZL7threshs_4_8' in dimension 1 completely.
INFO: [XFORM 203-101] Partitioning array '_ZL7threshs_4_7' in dimension 1 completely.
INFO: [XFORM 203-101] Partitioning array '_ZL7threshs_4_6' in dimension 1 completely.
INFO: [XFORM 203-101] Partitioning array '_ZL7threshs_4_5' in dimension 1 completely.
INFO: [XFORM 203-101] Partitioning array '_ZL7threshs_4_4' in dimension 1 completely.
INFO: [XFORM 203-101] Partitioning array '_ZL7threshs_4_3' in dimension 1 completely.
INFO: [XFORM 203-101] Partitioning array '_ZL7threshs_4_2' in dimension 1 completely.
INFO: [XFORM 203-101] Partitioning array '_ZL7threshs_4_14' in dimension 1 completely.
INFO: [XFORM 203-101] Partitioning array '_ZL7threshs_4_13' in dimension 1 completely.
INFO: [XFORM 203-101] Partitioning array '_ZL7threshs_4_12' in dimension 1 completely.
INFO: [XFORM 203-101] Partitioning array '_ZL7threshs_4_11' in dimension 1 completely.
INFO: [XFORM 203-101] Partitioning array '_ZL7threshs_4_10' in dimension 1 completely.
INFO: [XFORM 203-101] Partitioning array '_ZL7threshs_4_1' in dimension 1 completely.
INFO: [XFORM 203-101] Partitioning array '_ZL7threshs_4_0' in dimension 1 completely.
INFO: [XFORM 203-101] Partitioning array '_ZL7threshs_49_9' in dimension 1 completely.
INFO: [XFORM 203-101] Partitioning array '_ZL7threshs_49_8' in dimension 1 completely.
INFO: [XFORM 203-101] Partitioning array '_ZL7threshs_49_7' in dimension 1 completely.
INFO: [XFORM 203-101] Partitioning array '_ZL7threshs_49_6' in dimension 1 completely.
INFO: [XFORM 203-101] Partitioning array '_ZL7threshs_49_5' in dimension 1 completely.
INFO: [XFORM 203-101] Partitioning array '_ZL7threshs_49_4' in dimension 1 completely.
INFO: [XFORM 203-101] Partitioning array '_ZL7threshs_49_3' in dimension 1 completely.
INFO: [XFORM 203-101] Partitioning array '_ZL7threshs_49_2' in dimension 1 completely.
INFO: [XFORM 203-101] Partitioning array '_ZL7threshs_49_14' in dimension 1 completely.
INFO: [XFORM 203-101] Partitioning array '_ZL7threshs_49_13' in dimension 1 completely.
INFO: [XFORM 203-101] Partitioning array '_ZL7threshs_49_12' in dimension 1 completely.
INFO: [XFORM 203-101] Partitioning array '_ZL7threshs_49_11' in dimension 1 completely.
INFO: [XFORM 203-101] Partitioning array '_ZL7threshs_49_10' in dimension 1 completely.
INFO: [XFORM 203-101] Partitioning array '_ZL7threshs_49_1' in dimension 1 completely.
INFO: [XFORM 203-101] Partitioning array '_ZL7threshs_49_0' in dimension 1 completely.
INFO: [XFORM 203-101] Partitioning array '_ZL7threshs_48_9' in dimension 1 completely.
INFO: [XFORM 203-101] Partitioning array '_ZL7threshs_48_8' in dimension 1 completely.
INFO: [XFORM 203-101] Partitioning array '_ZL7threshs_48_7' in dimension 1 completely.
INFO: [XFORM 203-101] Partitioning array '_ZL7threshs_48_6' in dimension 1 completely.
INFO: [XFORM 203-101] Partitioning array '_ZL7threshs_48_5' in dimension 1 completely.
INFO: [XFORM 203-101] Partitioning array '_ZL7threshs_48_4' in dimension 1 completely.
INFO: [XFORM 203-101] Partitioning array '_ZL7threshs_48_3' in dimension 1 completely.
INFO: [XFORM 203-101] Partitioning array '_ZL7threshs_48_2' in dimension 1 completely.
INFO: [XFORM 203-101] Partitioning array '_ZL7threshs_48_14' in dimension 1 completely.
INFO: [XFORM 203-101] Partitioning array '_ZL7threshs_48_13' in dimension 1 completely.
INFO: [XFORM 203-101] Partitioning array '_ZL7threshs_48_12' in dimension 1 completely.
INFO: [XFORM 203-101] Partitioning array '_ZL7threshs_48_11' in dimension 1 completely.
INFO: [XFORM 203-101] Partitioning array '_ZL7threshs_48_10' in dimension 1 completely.
INFO: [XFORM 203-101] Partitioning array '_ZL7threshs_48_1' in dimension 1 completely.
INFO: [XFORM 203-101] Partitioning array '_ZL7threshs_48_0' in dimension 1 completely.
INFO: [XFORM 203-101] Partitioning array '_ZL7threshs_47_9' in dimension 1 completely.
INFO: [XFORM 203-101] Partitioning array '_ZL7threshs_47_8' in dimension 1 completely.
INFO: [XFORM 203-101] Partitioning array '_ZL7threshs_47_7' in dimension 1 completely.
INFO: [XFORM 203-101] Partitioning array '_ZL7threshs_47_6' in dimension 1 completely.
INFO: [XFORM 203-101] Partitioning array '_ZL7threshs_47_5' in dimension 1 completely.
INFO: [XFORM 203-101] Partitioning array '_ZL7threshs_47_4' in dimension 1 completely.
INFO: [XFORM 203-101] Partitioning array '_ZL7threshs_47_3' in dimension 1 completely.
INFO: [XFORM 203-101] Partitioning array '_ZL7threshs_47_2' in dimension 1 completely.
INFO: [XFORM 203-101] Partitioning array '_ZL7threshs_47_14' in dimension 1 completely.
INFO: [XFORM 203-101] Partitioning array '_ZL7threshs_47_13' in dimension 1 completely.
INFO: [XFORM 203-101] Partitioning array '_ZL7threshs_47_12' in dimension 1 completely.
INFO: [XFORM 203-101] Partitioning array '_ZL7threshs_47_11' in dimension 1 completely.
INFO: [XFORM 203-101] Partitioning array '_ZL7threshs_47_10' in dimension 1 completely.
INFO: [XFORM 203-101] Partitioning array '_ZL7threshs_47_1' in dimension 1 completely.
INFO: [XFORM 203-101] Partitioning array '_ZL7threshs_47_0' in dimension 1 completely.
INFO: [XFORM 203-101] Partitioning array '_ZL7threshs_46_9' in dimension 1 completely.
INFO: [XFORM 203-101] Partitioning array '_ZL7threshs_46_8' in dimension 1 completely.
INFO: [XFORM 203-101] Partitioning array '_ZL7threshs_46_7' in dimension 1 completely.
INFO: [XFORM 203-101] Partitioning array '_ZL7threshs_46_6' in dimension 1 completely.
INFO: [XFORM 203-101] Partitioning array '_ZL7threshs_46_5' in dimension 1 completely.
INFO: [XFORM 203-101] Partitioning array '_ZL7threshs_46_4' in dimension 1 completely.
INFO: [XFORM 203-101] Partitioning array '_ZL7threshs_46_3' in dimension 1 completely.
INFO: [XFORM 203-101] Partitioning array '_ZL7threshs_46_2' in dimension 1 completely.
INFO: [XFORM 203-101] Partitioning array '_ZL7threshs_46_14' in dimension 1 completely.
INFO: [XFORM 203-101] Partitioning array '_ZL7threshs_46_13' in dimension 1 completely.
INFO: [XFORM 203-101] Partitioning array '_ZL7threshs_46_12' in dimension 1 completely.
INFO: [XFORM 203-101] Partitioning array '_ZL7threshs_46_11' in dimension 1 completely.
INFO: [XFORM 203-101] Partitioning array '_ZL7threshs_46_10' in dimension 1 completely.
INFO: [XFORM 203-101] Partitioning array '_ZL7threshs_46_1' in dimension 1 completely.
INFO: [XFORM 203-101] Partitioning array '_ZL7threshs_46_0' in dimension 1 completely.
INFO: [XFORM 203-101] Partitioning array '_ZL7threshs_45_9' in dimension 1 completely.
INFO: [XFORM 203-101] Partitioning array '_ZL7threshs_45_8' in dimension 1 completely.
INFO: [XFORM 203-101] Partitioning array '_ZL7threshs_45_7' in dimension 1 completely.
INFO: [XFORM 203-101] Partitioning array '_ZL7threshs_45_6' in dimension 1 completely.
INFO: [XFORM 203-101] Partitioning array '_ZL7threshs_45_5' in dimension 1 completely.
INFO: [XFORM 203-101] Partitioning array '_ZL7threshs_45_4' in dimension 1 completely.
INFO: [XFORM 203-101] Partitioning array '_ZL7threshs_45_3' in dimension 1 completely.
INFO: [XFORM 203-101] Partitioning array '_ZL7threshs_45_2' in dimension 1 completely.
INFO: [XFORM 203-101] Partitioning array '_ZL7threshs_45_14' in dimension 1 completely.
INFO: [XFORM 203-101] Partitioning array '_ZL7threshs_45_13' in dimension 1 completely.
INFO: [XFORM 203-101] Partitioning array '_ZL7threshs_45_12' in dimension 1 completely.
INFO: [XFORM 203-101] Partitioning array '_ZL7threshs_45_11' in dimension 1 completely.
INFO: [XFORM 203-101] Partitioning array '_ZL7threshs_45_10' in dimension 1 completely.
INFO: [XFORM 203-101] Partitioning array '_ZL7threshs_45_1' in dimension 1 completely.
INFO: [XFORM 203-101] Partitioning array '_ZL7threshs_45_0' in dimension 1 completely.
INFO: [XFORM 203-101] Partitioning array '_ZL7threshs_44_9' in dimension 1 completely.
INFO: [XFORM 203-101] Partitioning array '_ZL7threshs_44_8' in dimension 1 completely.
INFO: [XFORM 203-101] Partitioning array '_ZL7threshs_44_7' in dimension 1 completely.
INFO: [XFORM 203-101] Partitioning array '_ZL7threshs_44_6' in dimension 1 completely.
INFO: [XFORM 203-101] Partitioning array '_ZL7threshs_44_5' in dimension 1 completely.
INFO: [XFORM 203-101] Partitioning array '_ZL7threshs_44_4' in dimension 1 completely.
INFO: [XFORM 203-101] Partitioning array '_ZL7threshs_44_3' in dimension 1 completely.
INFO: [XFORM 203-101] Partitioning array '_ZL7threshs_44_2' in dimension 1 completely.
INFO: [XFORM 203-101] Partitioning array '_ZL7threshs_44_14' in dimension 1 completely.
INFO: [XFORM 203-101] Partitioning array '_ZL7threshs_44_13' in dimension 1 completely.
INFO: [XFORM 203-101] Partitioning array '_ZL7threshs_44_12' in dimension 1 completely.
INFO: [XFORM 203-101] Partitioning array '_ZL7threshs_44_11' in dimension 1 completely.
INFO: [XFORM 203-101] Partitioning array '_ZL7threshs_44_10' in dimension 1 completely.
INFO: [XFORM 203-101] Partitioning array '_ZL7threshs_44_1' in dimension 1 completely.
INFO: [XFORM 203-101] Partitioning array '_ZL7threshs_44_0' in dimension 1 completely.
INFO: [XFORM 203-101] Partitioning array '_ZL7threshs_43_9' in dimension 1 completely.
INFO: [XFORM 203-101] Partitioning array '_ZL7threshs_43_8' in dimension 1 completely.
INFO: [XFORM 203-101] Partitioning array '_ZL7threshs_43_7' in dimension 1 completely.
INFO: [XFORM 203-101] Partitioning array '_ZL7threshs_43_6' in dimension 1 completely.
INFO: [XFORM 203-101] Partitioning array '_ZL7threshs_43_5' in dimension 1 completely.
INFO: [XFORM 203-101] Partitioning array '_ZL7threshs_43_4' in dimension 1 completely.
INFO: [XFORM 203-101] Partitioning array '_ZL7threshs_43_3' in dimension 1 completely.
INFO: [XFORM 203-101] Partitioning array '_ZL7threshs_43_2' in dimension 1 completely.
INFO: [XFORM 203-101] Partitioning array '_ZL7threshs_43_14' in dimension 1 completely.
INFO: [XFORM 203-101] Partitioning array '_ZL7threshs_43_13' in dimension 1 completely.
INFO: [XFORM 203-101] Partitioning array '_ZL7threshs_43_12' in dimension 1 completely.
INFO: [XFORM 203-101] Partitioning array '_ZL7threshs_43_11' in dimension 1 completely.
INFO: [XFORM 203-101] Partitioning array '_ZL7threshs_43_10' in dimension 1 completely.
INFO: [XFORM 203-101] Partitioning array '_ZL7threshs_43_1' in dimension 1 completely.
INFO: [XFORM 203-101] Partitioning array '_ZL7threshs_43_0' in dimension 1 completely.
INFO: [XFORM 203-101] Partitioning array '_ZL7threshs_42_9' in dimension 1 completely.
INFO: [XFORM 203-101] Partitioning array '_ZL7threshs_42_8' in dimension 1 completely.
INFO: [XFORM 203-101] Partitioning array '_ZL7threshs_42_7' in dimension 1 completely.
INFO: [XFORM 203-101] Partitioning array '_ZL7threshs_42_6' in dimension 1 completely.
INFO: [XFORM 203-101] Partitioning array '_ZL7threshs_42_5' in dimension 1 completely.
INFO: [XFORM 203-101] Partitioning array '_ZL7threshs_42_4' in dimension 1 completely.
INFO: [XFORM 203-101] Partitioning array '_ZL7threshs_42_3' in dimension 1 completely.
INFO: [XFORM 203-101] Partitioning array '_ZL7threshs_42_2' in dimension 1 completely.
INFO: [XFORM 203-101] Partitioning array '_ZL7threshs_42_14' in dimension 1 completely.
INFO: [XFORM 203-101] Partitioning array '_ZL7threshs_42_13' in dimension 1 completely.
INFO: [XFORM 203-101] Partitioning array '_ZL7threshs_42_12' in dimension 1 completely.
INFO: [XFORM 203-101] Partitioning array '_ZL7threshs_42_11' in dimension 1 completely.
INFO: [XFORM 203-101] Partitioning array '_ZL7threshs_42_10' in dimension 1 completely.
INFO: [XFORM 203-101] Partitioning array '_ZL7threshs_42_1' in dimension 1 completely.
INFO: [XFORM 203-101] Partitioning array '_ZL7threshs_42_0' in dimension 1 completely.
INFO: [XFORM 203-101] Partitioning array '_ZL7threshs_41_9' in dimension 1 completely.
INFO: [XFORM 203-101] Partitioning array '_ZL7threshs_41_8' in dimension 1 completely.
INFO: [XFORM 203-101] Partitioning array '_ZL7threshs_41_7' in dimension 1 completely.
INFO: [XFORM 203-101] Partitioning array '_ZL7threshs_41_6' in dimension 1 completely.
INFO: [XFORM 203-101] Partitioning array '_ZL7threshs_41_5' in dimension 1 completely.
INFO: [XFORM 203-101] Partitioning array '_ZL7threshs_41_4' in dimension 1 completely.
INFO: [XFORM 203-101] Partitioning array '_ZL7threshs_41_3' in dimension 1 completely.
INFO: [XFORM 203-101] Partitioning array '_ZL7threshs_41_2' in dimension 1 completely.
INFO: [XFORM 203-101] Partitioning array '_ZL7threshs_41_14' in dimension 1 completely.
INFO: [XFORM 203-101] Partitioning array '_ZL7threshs_41_13' in dimension 1 completely.
INFO: [XFORM 203-101] Partitioning array '_ZL7threshs_41_12' in dimension 1 completely.
INFO: [XFORM 203-101] Partitioning array '_ZL7threshs_41_11' in dimension 1 completely.
INFO: [XFORM 203-101] Partitioning array '_ZL7threshs_41_10' in dimension 1 completely.
INFO: [XFORM 203-101] Partitioning array '_ZL7threshs_41_1' in dimension 1 completely.
INFO: [XFORM 203-101] Partitioning array '_ZL7threshs_41_0' in dimension 1 completely.
INFO: [XFORM 203-101] Partitioning array '_ZL7threshs_40_9' in dimension 1 completely.
INFO: [XFORM 203-101] Partitioning array '_ZL7threshs_40_8' in dimension 1 completely.
INFO: [XFORM 203-101] Partitioning array '_ZL7threshs_40_7' in dimension 1 completely.
INFO: [XFORM 203-101] Partitioning array '_ZL7threshs_40_6' in dimension 1 completely.
INFO: [XFORM 203-101] Partitioning array '_ZL7threshs_40_5' in dimension 1 completely.
INFO: [XFORM 203-101] Partitioning array '_ZL7threshs_40_4' in dimension 1 completely.
INFO: [XFORM 203-101] Partitioning array '_ZL7threshs_40_3' in dimension 1 completely.
INFO: [XFORM 203-101] Partitioning array '_ZL7threshs_40_2' in dimension 1 completely.
INFO: [XFORM 203-101] Partitioning array '_ZL7threshs_40_14' in dimension 1 completely.
INFO: [XFORM 203-101] Partitioning array '_ZL7threshs_40_13' in dimension 1 completely.
INFO: [XFORM 203-101] Partitioning array '_ZL7threshs_40_12' in dimension 1 completely.
INFO: [XFORM 203-101] Partitioning array '_ZL7threshs_40_11' in dimension 1 completely.
INFO: [XFORM 203-101] Partitioning array '_ZL7threshs_40_10' in dimension 1 completely.
INFO: [XFORM 203-101] Partitioning array '_ZL7threshs_40_1' in dimension 1 completely.
INFO: [XFORM 203-101] Partitioning array '_ZL7threshs_40_0' in dimension 1 completely.
INFO: [XFORM 203-101] Partitioning array '_ZL7threshs_3_9' in dimension 1 completely.
INFO: [XFORM 203-101] Partitioning array '_ZL7threshs_3_8' in dimension 1 completely.
INFO: [XFORM 203-101] Partitioning array '_ZL7threshs_3_7' in dimension 1 completely.
INFO: [XFORM 203-101] Partitioning array '_ZL7threshs_3_6' in dimension 1 completely.
INFO: [XFORM 203-101] Partitioning array '_ZL7threshs_3_5' in dimension 1 completely.
INFO: [XFORM 203-101] Partitioning array '_ZL7threshs_3_4' in dimension 1 completely.
INFO: [XFORM 203-101] Partitioning array '_ZL7threshs_3_3' in dimension 1 completely.
INFO: [XFORM 203-101] Partitioning array '_ZL7threshs_3_2' in dimension 1 completely.
INFO: [XFORM 203-101] Partitioning array '_ZL7threshs_3_14' in dimension 1 completely.
INFO: [XFORM 203-101] Partitioning array '_ZL7threshs_3_13' in dimension 1 completely.
INFO: [XFORM 203-101] Partitioning array '_ZL7threshs_3_12' in dimension 1 completely.
INFO: [XFORM 203-101] Partitioning array '_ZL7threshs_3_11' in dimension 1 completely.
INFO: [XFORM 203-101] Partitioning array '_ZL7threshs_3_10' in dimension 1 completely.
INFO: [XFORM 203-101] Partitioning array '_ZL7threshs_3_1' in dimension 1 completely.
INFO: [XFORM 203-101] Partitioning array '_ZL7threshs_3_0' in dimension 1 completely.
INFO: [XFORM 203-101] Partitioning array '_ZL7threshs_39_9' in dimension 1 completely.
INFO: [XFORM 203-101] Partitioning array '_ZL7threshs_39_8' in dimension 1 completely.
INFO: [XFORM 203-101] Partitioning array '_ZL7threshs_39_7' in dimension 1 completely.
INFO: [XFORM 203-101] Partitioning array '_ZL7threshs_39_6' in dimension 1 completely.
INFO: [XFORM 203-101] Partitioning array '_ZL7threshs_39_5' in dimension 1 completely.
INFO: [XFORM 203-101] Partitioning array '_ZL7threshs_39_4' in dimension 1 completely.
INFO: [XFORM 203-101] Partitioning array '_ZL7threshs_39_3' in dimension 1 completely.
INFO: [XFORM 203-101] Partitioning array '_ZL7threshs_39_2' in dimension 1 completely.
INFO: [XFORM 203-101] Partitioning array '_ZL7threshs_39_14' in dimension 1 completely.
INFO: [XFORM 203-101] Partitioning array '_ZL7threshs_39_13' in dimension 1 completely.
INFO: [XFORM 203-101] Partitioning array '_ZL7threshs_39_12' in dimension 1 completely.
INFO: [XFORM 203-101] Partitioning array '_ZL7threshs_39_11' in dimension 1 completely.
INFO: [XFORM 203-101] Partitioning array '_ZL7threshs_39_10' in dimension 1 completely.
INFO: [XFORM 203-101] Partitioning array '_ZL7threshs_39_1' in dimension 1 completely.
INFO: [XFORM 203-101] Partitioning array '_ZL7threshs_39_0' in dimension 1 completely.
INFO: [XFORM 203-101] Partitioning array '_ZL7threshs_38_9' in dimension 1 completely.
INFO: [XFORM 203-101] Partitioning array '_ZL7threshs_38_8' in dimension 1 completely.
INFO: [XFORM 203-101] Partitioning array '_ZL7threshs_38_7' in dimension 1 completely.
INFO: [XFORM 203-101] Partitioning array '_ZL7threshs_38_6' in dimension 1 completely.
INFO: [XFORM 203-101] Partitioning array '_ZL7threshs_38_5' in dimension 1 completely.
INFO: [XFORM 203-101] Partitioning array '_ZL7threshs_38_4' in dimension 1 completely.
INFO: [XFORM 203-101] Partitioning array '_ZL7threshs_38_3' in dimension 1 completely.
INFO: [XFORM 203-101] Partitioning array '_ZL7threshs_38_2' in dimension 1 completely.
INFO: [XFORM 203-101] Partitioning array '_ZL7threshs_38_14' in dimension 1 completely.
INFO: [XFORM 203-101] Partitioning array '_ZL7threshs_38_13' in dimension 1 completely.
INFO: [XFORM 203-101] Partitioning array '_ZL7threshs_38_12' in dimension 1 completely.
INFO: [XFORM 203-101] Partitioning array '_ZL7threshs_38_11' in dimension 1 completely.
INFO: [XFORM 203-101] Partitioning array '_ZL7threshs_38_10' in dimension 1 completely.
INFO: [XFORM 203-101] Partitioning array '_ZL7threshs_38_1' in dimension 1 completely.
INFO: [XFORM 203-101] Partitioning array '_ZL7threshs_38_0' in dimension 1 completely.
INFO: [XFORM 203-101] Partitioning array '_ZL7threshs_37_9' in dimension 1 completely.
INFO: [XFORM 203-101] Partitioning array '_ZL7threshs_37_8' in dimension 1 completely.
INFO: [XFORM 203-101] Partitioning array '_ZL7threshs_37_7' in dimension 1 completely.
INFO: [XFORM 203-101] Partitioning array '_ZL7threshs_37_6' in dimension 1 completely.
INFO: [XFORM 203-101] Partitioning array '_ZL7threshs_37_5' in dimension 1 completely.
INFO: [XFORM 203-101] Partitioning array '_ZL7threshs_37_4' in dimension 1 completely.
INFO: [XFORM 203-101] Partitioning array '_ZL7threshs_37_3' in dimension 1 completely.
INFO: [XFORM 203-101] Partitioning array '_ZL7threshs_37_2' in dimension 1 completely.
INFO: [XFORM 203-101] Partitioning array '_ZL7threshs_37_14' in dimension 1 completely.
INFO: [XFORM 203-101] Partitioning array '_ZL7threshs_37_13' in dimension 1 completely.
INFO: [XFORM 203-101] Partitioning array '_ZL7threshs_37_12' in dimension 1 completely.
INFO: [XFORM 203-101] Partitioning array '_ZL7threshs_37_11' in dimension 1 completely.
INFO: [XFORM 203-101] Partitioning array '_ZL7threshs_37_10' in dimension 1 completely.
INFO: [XFORM 203-101] Partitioning array '_ZL7threshs_37_1' in dimension 1 completely.
INFO: [XFORM 203-101] Partitioning array '_ZL7threshs_37_0' in dimension 1 completely.
INFO: [XFORM 203-101] Partitioning array '_ZL7threshs_36_9' in dimension 1 completely.
INFO: [XFORM 203-101] Partitioning array '_ZL7threshs_36_8' in dimension 1 completely.
INFO: [XFORM 203-101] Partitioning array '_ZL7threshs_36_7' in dimension 1 completely.
INFO: [XFORM 203-101] Partitioning array '_ZL7threshs_36_6' in dimension 1 completely.
INFO: [XFORM 203-101] Partitioning array '_ZL7threshs_36_5' in dimension 1 completely.
INFO: [XFORM 203-101] Partitioning array '_ZL7threshs_36_4' in dimension 1 completely.
INFO: [XFORM 203-101] Partitioning array '_ZL7threshs_36_3' in dimension 1 completely.
INFO: [XFORM 203-101] Partitioning array '_ZL7threshs_36_2' in dimension 1 completely.
INFO: [XFORM 203-101] Partitioning array '_ZL7threshs_36_14' in dimension 1 completely.
INFO: [XFORM 203-101] Partitioning array '_ZL7threshs_36_13' in dimension 1 completely.
INFO: [XFORM 203-101] Partitioning array '_ZL7threshs_36_12' in dimension 1 completely.
INFO: [XFORM 203-101] Partitioning array '_ZL7threshs_36_11' in dimension 1 completely.
INFO: [XFORM 203-101] Partitioning array '_ZL7threshs_36_10' in dimension 1 completely.
INFO: [XFORM 203-101] Partitioning array '_ZL7threshs_36_1' in dimension 1 completely.
INFO: [XFORM 203-101] Partitioning array '_ZL7threshs_36_0' in dimension 1 completely.
INFO: [XFORM 203-101] Partitioning array '_ZL7threshs_35_9' in dimension 1 completely.
INFO: [XFORM 203-101] Partitioning array '_ZL7threshs_35_8' in dimension 1 completely.
INFO: [XFORM 203-101] Partitioning array '_ZL7threshs_35_7' in dimension 1 completely.
INFO: [XFORM 203-101] Partitioning array '_ZL7threshs_35_6' in dimension 1 completely.
INFO: [XFORM 203-101] Partitioning array '_ZL7threshs_35_5' in dimension 1 completely.
INFO: [XFORM 203-101] Partitioning array '_ZL7threshs_35_4' in dimension 1 completely.
INFO: [XFORM 203-101] Partitioning array '_ZL7threshs_35_3' in dimension 1 completely.
INFO: [XFORM 203-101] Partitioning array '_ZL7threshs_35_2' in dimension 1 completely.
INFO: [XFORM 203-101] Partitioning array '_ZL7threshs_35_14' in dimension 1 completely.
INFO: [XFORM 203-101] Partitioning array '_ZL7threshs_35_13' in dimension 1 completely.
INFO: [XFORM 203-101] Partitioning array '_ZL7threshs_35_12' in dimension 1 completely.
INFO: [XFORM 203-101] Partitioning array '_ZL7threshs_35_11' in dimension 1 completely.
INFO: [XFORM 203-101] Partitioning array '_ZL7threshs_35_10' in dimension 1 completely.
INFO: [XFORM 203-101] Partitioning array '_ZL7threshs_35_1' in dimension 1 completely.
INFO: [XFORM 203-101] Partitioning array '_ZL7threshs_35_0' in dimension 1 completely.
INFO: [XFORM 203-101] Partitioning array '_ZL7threshs_34_9' in dimension 1 completely.
INFO: [XFORM 203-101] Partitioning array '_ZL7threshs_34_8' in dimension 1 completely.
INFO: [XFORM 203-101] Partitioning array '_ZL7threshs_34_7' in dimension 1 completely.
INFO: [XFORM 203-101] Partitioning array '_ZL7threshs_34_6' in dimension 1 completely.
INFO: [XFORM 203-101] Partitioning array '_ZL7threshs_34_5' in dimension 1 completely.
INFO: [XFORM 203-101] Partitioning array '_ZL7threshs_34_4' in dimension 1 completely.
INFO: [XFORM 203-101] Partitioning array '_ZL7threshs_34_3' in dimension 1 completely.
INFO: [XFORM 203-101] Partitioning array '_ZL7threshs_34_2' in dimension 1 completely.
INFO: [XFORM 203-101] Partitioning array '_ZL7threshs_34_14' in dimension 1 completely.
INFO: [XFORM 203-101] Partitioning array '_ZL7threshs_34_13' in dimension 1 completely.
INFO: [XFORM 203-101] Partitioning array '_ZL7threshs_34_12' in dimension 1 completely.
INFO: [XFORM 203-101] Partitioning array '_ZL7threshs_34_11' in dimension 1 completely.
INFO: [XFORM 203-101] Partitioning array '_ZL7threshs_34_10' in dimension 1 completely.
INFO: [XFORM 203-101] Partitioning array '_ZL7threshs_34_1' in dimension 1 completely.
INFO: [XFORM 203-101] Partitioning array '_ZL7threshs_34_0' in dimension 1 completely.
INFO: [XFORM 203-101] Partitioning array '_ZL7threshs_33_9' in dimension 1 completely.
INFO: [XFORM 203-101] Partitioning array '_ZL7threshs_33_8' in dimension 1 completely.
INFO: [XFORM 203-101] Partitioning array '_ZL7threshs_33_7' in dimension 1 completely.
INFO: [XFORM 203-101] Partitioning array '_ZL7threshs_33_6' in dimension 1 completely.
INFO: [XFORM 203-101] Partitioning array '_ZL7threshs_33_5' in dimension 1 completely.
INFO: [XFORM 203-101] Partitioning array '_ZL7threshs_33_4' in dimension 1 completely.
INFO: [XFORM 203-101] Partitioning array '_ZL7threshs_33_3' in dimension 1 completely.
INFO: [XFORM 203-101] Partitioning array '_ZL7threshs_33_2' in dimension 1 completely.
INFO: [XFORM 203-101] Partitioning array '_ZL7threshs_33_14' in dimension 1 completely.
INFO: [XFORM 203-101] Partitioning array '_ZL7threshs_33_13' in dimension 1 completely.
INFO: [XFORM 203-101] Partitioning array '_ZL7threshs_33_12' in dimension 1 completely.
INFO: [XFORM 203-101] Partitioning array '_ZL7threshs_33_11' in dimension 1 completely.
INFO: [XFORM 203-101] Partitioning array '_ZL7threshs_33_10' in dimension 1 completely.
INFO: [XFORM 203-101] Partitioning array '_ZL7threshs_33_1' in dimension 1 completely.
INFO: [XFORM 203-101] Partitioning array '_ZL7threshs_33_0' in dimension 1 completely.
INFO: [XFORM 203-101] Partitioning array '_ZL7threshs_32_9' in dimension 1 completely.
INFO: [XFORM 203-101] Partitioning array '_ZL7threshs_32_8' in dimension 1 completely.
INFO: [XFORM 203-101] Partitioning array '_ZL7threshs_32_7' in dimension 1 completely.
INFO: [XFORM 203-101] Partitioning array '_ZL7threshs_32_6' in dimension 1 completely.
INFO: [XFORM 203-101] Partitioning array '_ZL7threshs_32_5' in dimension 1 completely.
INFO: [XFORM 203-101] Partitioning array '_ZL7threshs_32_4' in dimension 1 completely.
INFO: [XFORM 203-101] Partitioning array '_ZL7threshs_32_3' in dimension 1 completely.
INFO: [XFORM 203-101] Partitioning array '_ZL7threshs_32_2' in dimension 1 completely.
INFO: [XFORM 203-101] Partitioning array '_ZL7threshs_32_14' in dimension 1 completely.
INFO: [XFORM 203-101] Partitioning array '_ZL7threshs_32_13' in dimension 1 completely.
INFO: [XFORM 203-101] Partitioning array '_ZL7threshs_32_12' in dimension 1 completely.
INFO: [XFORM 203-101] Partitioning array '_ZL7threshs_32_11' in dimension 1 completely.
INFO: [XFORM 203-101] Partitioning array '_ZL7threshs_32_10' in dimension 1 completely.
INFO: [XFORM 203-101] Partitioning array '_ZL7threshs_32_1' in dimension 1 completely.
INFO: [XFORM 203-101] Partitioning array '_ZL7threshs_32_0' in dimension 1 completely.
INFO: [XFORM 203-101] Partitioning array '_ZL7threshs_31_9' in dimension 1 completely.
INFO: [XFORM 203-101] Partitioning array '_ZL7threshs_31_8' in dimension 1 completely.
INFO: [XFORM 203-101] Partitioning array '_ZL7threshs_31_7' in dimension 1 completely.
INFO: [XFORM 203-101] Partitioning array '_ZL7threshs_31_6' in dimension 1 completely.
INFO: [XFORM 203-101] Partitioning array '_ZL7threshs_31_5' in dimension 1 completely.
INFO: [XFORM 203-101] Partitioning array '_ZL7threshs_31_4' in dimension 1 completely.
INFO: [XFORM 203-101] Partitioning array '_ZL7threshs_31_3' in dimension 1 completely.
INFO: [XFORM 203-101] Partitioning array '_ZL7threshs_31_2' in dimension 1 completely.
INFO: [XFORM 203-101] Partitioning array '_ZL7threshs_31_14' in dimension 1 completely.
INFO: [XFORM 203-101] Partitioning array '_ZL7threshs_31_13' in dimension 1 completely.
INFO: [XFORM 203-101] Partitioning array '_ZL7threshs_31_12' in dimension 1 completely.
INFO: [XFORM 203-101] Partitioning array '_ZL7threshs_31_11' in dimension 1 completely.
INFO: [XFORM 203-101] Partitioning array '_ZL7threshs_31_10' in dimension 1 completely.
INFO: [XFORM 203-101] Partitioning array '_ZL7threshs_31_1' in dimension 1 completely.
INFO: [XFORM 203-101] Partitioning array '_ZL7threshs_31_0' in dimension 1 completely.
INFO: [XFORM 203-101] Partitioning array '_ZL7threshs_30_9' in dimension 1 completely.
INFO: [XFORM 203-101] Partitioning array '_ZL7threshs_30_8' in dimension 1 completely.
INFO: [XFORM 203-101] Partitioning array '_ZL7threshs_30_7' in dimension 1 completely.
INFO: [XFORM 203-101] Partitioning array '_ZL7threshs_30_6' in dimension 1 completely.
INFO: [XFORM 203-101] Partitioning array '_ZL7threshs_30_5' in dimension 1 completely.
INFO: [XFORM 203-101] Partitioning array '_ZL7threshs_30_4' in dimension 1 completely.
INFO: [XFORM 203-101] Partitioning array '_ZL7threshs_30_3' in dimension 1 completely.
INFO: [XFORM 203-101] Partitioning array '_ZL7threshs_30_2' in dimension 1 completely.
INFO: [XFORM 203-101] Partitioning array '_ZL7threshs_30_14' in dimension 1 completely.
INFO: [XFORM 203-101] Partitioning array '_ZL7threshs_30_13' in dimension 1 completely.
INFO: [XFORM 203-101] Partitioning array '_ZL7threshs_30_12' in dimension 1 completely.
INFO: [XFORM 203-101] Partitioning array '_ZL7threshs_30_11' in dimension 1 completely.
INFO: [XFORM 203-101] Partitioning array '_ZL7threshs_30_10' in dimension 1 completely.
INFO: [XFORM 203-101] Partitioning array '_ZL7threshs_30_1' in dimension 1 completely.
INFO: [XFORM 203-101] Partitioning array '_ZL7threshs_30_0' in dimension 1 completely.
INFO: [XFORM 203-101] Partitioning array '_ZL7threshs_2_9' in dimension 1 completely.
INFO: [XFORM 203-101] Partitioning array '_ZL7threshs_2_8' in dimension 1 completely.
INFO: [XFORM 203-101] Partitioning array '_ZL7threshs_2_7' in dimension 1 completely.
INFO: [XFORM 203-101] Partitioning array '_ZL7threshs_2_6' in dimension 1 completely.
INFO: [XFORM 203-101] Partitioning array '_ZL7threshs_2_5' in dimension 1 completely.
INFO: [XFORM 203-101] Partitioning array '_ZL7threshs_2_4' in dimension 1 completely.
INFO: [XFORM 203-101] Partitioning array '_ZL7threshs_2_3' in dimension 1 completely.
INFO: [XFORM 203-101] Partitioning array '_ZL7threshs_2_2' in dimension 1 completely.
INFO: [XFORM 203-101] Partitioning array '_ZL7threshs_2_14' in dimension 1 completely.
INFO: [XFORM 203-101] Partitioning array '_ZL7threshs_2_13' in dimension 1 completely.
INFO: [XFORM 203-101] Partitioning array '_ZL7threshs_2_12' in dimension 1 completely.
INFO: [XFORM 203-101] Partitioning array '_ZL7threshs_2_11' in dimension 1 completely.
INFO: [XFORM 203-101] Partitioning array '_ZL7threshs_2_10' in dimension 1 completely.
INFO: [XFORM 203-101] Partitioning array '_ZL7threshs_2_1' in dimension 1 completely.
INFO: [XFORM 203-101] Partitioning array '_ZL7threshs_2_0' in dimension 1 completely.
INFO: [XFORM 203-101] Partitioning array '_ZL7threshs_29_9' in dimension 1 completely.
INFO: [XFORM 203-101] Partitioning array '_ZL7threshs_29_8' in dimension 1 completely.
INFO: [XFORM 203-101] Partitioning array '_ZL7threshs_29_7' in dimension 1 completely.
INFO: [XFORM 203-101] Partitioning array '_ZL7threshs_29_6' in dimension 1 completely.
INFO: [XFORM 203-101] Partitioning array '_ZL7threshs_29_5' in dimension 1 completely.
INFO: [XFORM 203-101] Partitioning array '_ZL7threshs_29_4' in dimension 1 completely.
INFO: [XFORM 203-101] Partitioning array '_ZL7threshs_29_3' in dimension 1 completely.
INFO: [XFORM 203-101] Partitioning array '_ZL7threshs_29_2' in dimension 1 completely.
INFO: [XFORM 203-101] Partitioning array '_ZL7threshs_29_14' in dimension 1 completely.
INFO: [XFORM 203-101] Partitioning array '_ZL7threshs_29_13' in dimension 1 completely.
INFO: [XFORM 203-101] Partitioning array '_ZL7threshs_29_12' in dimension 1 completely.
INFO: [XFORM 203-101] Partitioning array '_ZL7threshs_29_11' in dimension 1 completely.
INFO: [XFORM 203-101] Partitioning array '_ZL7threshs_29_10' in dimension 1 completely.
INFO: [XFORM 203-101] Partitioning array '_ZL7threshs_29_1' in dimension 1 completely.
INFO: [XFORM 203-101] Partitioning array '_ZL7threshs_29_0' in dimension 1 completely.
INFO: [XFORM 203-101] Partitioning array '_ZL7threshs_28_9' in dimension 1 completely.
INFO: [XFORM 203-101] Partitioning array '_ZL7threshs_28_8' in dimension 1 completely.
INFO: [XFORM 203-101] Partitioning array '_ZL7threshs_28_7' in dimension 1 completely.
INFO: [XFORM 203-101] Partitioning array '_ZL7threshs_28_6' in dimension 1 completely.
INFO: [XFORM 203-101] Partitioning array '_ZL7threshs_28_5' in dimension 1 completely.
INFO: [XFORM 203-101] Partitioning array '_ZL7threshs_28_4' in dimension 1 completely.
INFO: [XFORM 203-101] Partitioning array '_ZL7threshs_28_3' in dimension 1 completely.
INFO: [XFORM 203-101] Partitioning array '_ZL7threshs_28_2' in dimension 1 completely.
INFO: [XFORM 203-101] Partitioning array '_ZL7threshs_28_14' in dimension 1 completely.
INFO: [XFORM 203-101] Partitioning array '_ZL7threshs_28_13' in dimension 1 completely.
INFO: [XFORM 203-101] Partitioning array '_ZL7threshs_28_12' in dimension 1 completely.
INFO: [XFORM 203-101] Partitioning array '_ZL7threshs_28_11' in dimension 1 completely.
INFO: [XFORM 203-101] Partitioning array '_ZL7threshs_28_10' in dimension 1 completely.
INFO: [XFORM 203-101] Partitioning array '_ZL7threshs_28_1' in dimension 1 completely.
INFO: [XFORM 203-101] Partitioning array '_ZL7threshs_28_0' in dimension 1 completely.
INFO: [XFORM 203-101] Partitioning array '_ZL7threshs_27_9' in dimension 1 completely.
INFO: [XFORM 203-101] Partitioning array '_ZL7threshs_27_8' in dimension 1 completely.
INFO: [XFORM 203-101] Partitioning array '_ZL7threshs_27_7' in dimension 1 completely.
INFO: [XFORM 203-101] Partitioning array '_ZL7threshs_27_6' in dimension 1 completely.
INFO: [XFORM 203-101] Partitioning array '_ZL7threshs_27_5' in dimension 1 completely.
INFO: [XFORM 203-101] Partitioning array '_ZL7threshs_27_4' in dimension 1 completely.
INFO: [XFORM 203-101] Partitioning array '_ZL7threshs_27_3' in dimension 1 completely.
INFO: [XFORM 203-101] Partitioning array '_ZL7threshs_27_2' in dimension 1 completely.
INFO: [XFORM 203-101] Partitioning array '_ZL7threshs_27_14' in dimension 1 completely.
INFO: [XFORM 203-101] Partitioning array '_ZL7threshs_27_13' in dimension 1 completely.
INFO: [XFORM 203-101] Partitioning array '_ZL7threshs_27_12' in dimension 1 completely.
INFO: [XFORM 203-101] Partitioning array '_ZL7threshs_27_11' in dimension 1 completely.
INFO: [XFORM 203-101] Partitioning array '_ZL7threshs_27_10' in dimension 1 completely.
INFO: [XFORM 203-101] Partitioning array '_ZL7threshs_27_1' in dimension 1 completely.
INFO: [XFORM 203-101] Partitioning array '_ZL7threshs_27_0' in dimension 1 completely.
INFO: [XFORM 203-101] Partitioning array '_ZL7threshs_26_9' in dimension 1 completely.
INFO: [XFORM 203-101] Partitioning array '_ZL7threshs_26_8' in dimension 1 completely.
INFO: [XFORM 203-101] Partitioning array '_ZL7threshs_26_7' in dimension 1 completely.
INFO: [XFORM 203-101] Partitioning array '_ZL7threshs_26_6' in dimension 1 completely.
INFO: [XFORM 203-101] Partitioning array '_ZL7threshs_26_5' in dimension 1 completely.
INFO: [XFORM 203-101] Partitioning array '_ZL7threshs_26_4' in dimension 1 completely.
INFO: [XFORM 203-101] Partitioning array '_ZL7threshs_26_3' in dimension 1 completely.
INFO: [XFORM 203-101] Partitioning array '_ZL7threshs_26_2' in dimension 1 completely.
INFO: [XFORM 203-101] Partitioning array '_ZL7threshs_26_14' in dimension 1 completely.
INFO: [XFORM 203-101] Partitioning array '_ZL7threshs_26_13' in dimension 1 completely.
INFO: [XFORM 203-101] Partitioning array '_ZL7threshs_26_12' in dimension 1 completely.
INFO: [XFORM 203-101] Partitioning array '_ZL7threshs_26_11' in dimension 1 completely.
INFO: [XFORM 203-101] Partitioning array '_ZL7threshs_26_10' in dimension 1 completely.
INFO: [XFORM 203-101] Partitioning array '_ZL7threshs_26_1' in dimension 1 completely.
INFO: [XFORM 203-101] Partitioning array '_ZL7threshs_26_0' in dimension 1 completely.
INFO: [XFORM 203-101] Partitioning array '_ZL7threshs_25_9' in dimension 1 completely.
INFO: [XFORM 203-101] Partitioning array '_ZL7threshs_25_8' in dimension 1 completely.
INFO: [XFORM 203-101] Partitioning array '_ZL7threshs_25_7' in dimension 1 completely.
INFO: [XFORM 203-101] Partitioning array '_ZL7threshs_25_6' in dimension 1 completely.
INFO: [XFORM 203-101] Partitioning array '_ZL7threshs_25_5' in dimension 1 completely.
INFO: [XFORM 203-101] Partitioning array '_ZL7threshs_25_4' in dimension 1 completely.
INFO: [XFORM 203-101] Partitioning array '_ZL7threshs_25_3' in dimension 1 completely.
INFO: [XFORM 203-101] Partitioning array '_ZL7threshs_25_2' in dimension 1 completely.
INFO: [XFORM 203-101] Partitioning array '_ZL7threshs_25_14' in dimension 1 completely.
INFO: [XFORM 203-101] Partitioning array '_ZL7threshs_25_13' in dimension 1 completely.
INFO: [XFORM 203-101] Partitioning array '_ZL7threshs_25_12' in dimension 1 completely.
INFO: [XFORM 203-101] Partitioning array '_ZL7threshs_25_11' in dimension 1 completely.
INFO: [XFORM 203-101] Partitioning array '_ZL7threshs_25_10' in dimension 1 completely.
INFO: [XFORM 203-101] Partitioning array '_ZL7threshs_25_1' in dimension 1 completely.
INFO: [XFORM 203-101] Partitioning array '_ZL7threshs_25_0' in dimension 1 completely.
INFO: [XFORM 203-101] Partitioning array '_ZL7threshs_24_9' in dimension 1 completely.
INFO: [XFORM 203-101] Partitioning array '_ZL7threshs_24_8' in dimension 1 completely.
INFO: [XFORM 203-101] Partitioning array '_ZL7threshs_24_7' in dimension 1 completely.
INFO: [XFORM 203-101] Partitioning array '_ZL7threshs_24_6' in dimension 1 completely.
INFO: [XFORM 203-101] Partitioning array '_ZL7threshs_24_5' in dimension 1 completely.
INFO: [XFORM 203-101] Partitioning array '_ZL7threshs_24_4' in dimension 1 completely.
INFO: [XFORM 203-101] Partitioning array '_ZL7threshs_24_3' in dimension 1 completely.
INFO: [XFORM 203-101] Partitioning array '_ZL7threshs_24_2' in dimension 1 completely.
INFO: [XFORM 203-101] Partitioning array '_ZL7threshs_24_14' in dimension 1 completely.
INFO: [XFORM 203-101] Partitioning array '_ZL7threshs_24_13' in dimension 1 completely.
INFO: [XFORM 203-101] Partitioning array '_ZL7threshs_24_12' in dimension 1 completely.
INFO: [XFORM 203-101] Partitioning array '_ZL7threshs_24_11' in dimension 1 completely.
INFO: [XFORM 203-101] Partitioning array '_ZL7threshs_24_10' in dimension 1 completely.
INFO: [XFORM 203-101] Partitioning array '_ZL7threshs_24_1' in dimension 1 completely.
INFO: [XFORM 203-101] Partitioning array '_ZL7threshs_24_0' in dimension 1 completely.
INFO: [XFORM 203-101] Partitioning array '_ZL7threshs_23_9' in dimension 1 completely.
INFO: [XFORM 203-101] Partitioning array '_ZL7threshs_23_8' in dimension 1 completely.
INFO: [XFORM 203-101] Partitioning array '_ZL7threshs_23_7' in dimension 1 completely.
INFO: [XFORM 203-101] Partitioning array '_ZL7threshs_23_6' in dimension 1 completely.
INFO: [XFORM 203-101] Partitioning array '_ZL7threshs_23_5' in dimension 1 completely.
INFO: [XFORM 203-101] Partitioning array '_ZL7threshs_23_4' in dimension 1 completely.
INFO: [XFORM 203-101] Partitioning array '_ZL7threshs_23_3' in dimension 1 completely.
INFO: [XFORM 203-101] Partitioning array '_ZL7threshs_23_2' in dimension 1 completely.
INFO: [XFORM 203-101] Partitioning array '_ZL7threshs_23_14' in dimension 1 completely.
INFO: [XFORM 203-101] Partitioning array '_ZL7threshs_23_13' in dimension 1 completely.
INFO: [XFORM 203-101] Partitioning array '_ZL7threshs_23_12' in dimension 1 completely.
INFO: [XFORM 203-101] Partitioning array '_ZL7threshs_23_11' in dimension 1 completely.
INFO: [XFORM 203-101] Partitioning array '_ZL7threshs_23_10' in dimension 1 completely.
INFO: [XFORM 203-101] Partitioning array '_ZL7threshs_23_1' in dimension 1 completely.
INFO: [XFORM 203-101] Partitioning array '_ZL7threshs_23_0' in dimension 1 completely.
INFO: [XFORM 203-101] Partitioning array '_ZL7threshs_22_9' in dimension 1 completely.
INFO: [XFORM 203-101] Partitioning array '_ZL7threshs_22_8' in dimension 1 completely.
INFO: [XFORM 203-101] Partitioning array '_ZL7threshs_22_7' in dimension 1 completely.
INFO: [XFORM 203-101] Partitioning array '_ZL7threshs_22_6' in dimension 1 completely.
INFO: [XFORM 203-101] Partitioning array '_ZL7threshs_22_5' in dimension 1 completely.
INFO: [XFORM 203-101] Partitioning array '_ZL7threshs_22_4' in dimension 1 completely.
INFO: [XFORM 203-101] Partitioning array '_ZL7threshs_22_3' in dimension 1 completely.
INFO: [XFORM 203-101] Partitioning array '_ZL7threshs_22_2' in dimension 1 completely.
INFO: [XFORM 203-101] Partitioning array '_ZL7threshs_22_14' in dimension 1 completely.
INFO: [XFORM 203-101] Partitioning array '_ZL7threshs_22_13' in dimension 1 completely.
INFO: [XFORM 203-101] Partitioning array '_ZL7threshs_22_12' in dimension 1 completely.
INFO: [XFORM 203-101] Partitioning array '_ZL7threshs_22_11' in dimension 1 completely.
INFO: [XFORM 203-101] Partitioning array '_ZL7threshs_22_10' in dimension 1 completely.
INFO: [XFORM 203-101] Partitioning array '_ZL7threshs_22_1' in dimension 1 completely.
INFO: [XFORM 203-101] Partitioning array '_ZL7threshs_22_0' in dimension 1 completely.
INFO: [XFORM 203-101] Partitioning array '_ZL7threshs_21_9' in dimension 1 completely.
INFO: [XFORM 203-101] Partitioning array '_ZL7threshs_21_8' in dimension 1 completely.
INFO: [XFORM 203-101] Partitioning array '_ZL7threshs_21_7' in dimension 1 completely.
INFO: [XFORM 203-101] Partitioning array '_ZL7threshs_21_6' in dimension 1 completely.
INFO: [XFORM 203-101] Partitioning array '_ZL7threshs_21_5' in dimension 1 completely.
INFO: [XFORM 203-101] Partitioning array '_ZL7threshs_21_4' in dimension 1 completely.
INFO: [XFORM 203-101] Partitioning array '_ZL7threshs_21_3' in dimension 1 completely.
INFO: [XFORM 203-101] Partitioning array '_ZL7threshs_21_2' in dimension 1 completely.
INFO: [XFORM 203-101] Partitioning array '_ZL7threshs_21_14' in dimension 1 completely.
INFO: [XFORM 203-101] Partitioning array '_ZL7threshs_21_13' in dimension 1 completely.
INFO: [XFORM 203-101] Partitioning array '_ZL7threshs_21_12' in dimension 1 completely.
INFO: [XFORM 203-101] Partitioning array '_ZL7threshs_21_11' in dimension 1 completely.
INFO: [XFORM 203-101] Partitioning array '_ZL7threshs_21_10' in dimension 1 completely.
INFO: [XFORM 203-101] Partitioning array '_ZL7threshs_21_1' in dimension 1 completely.
INFO: [XFORM 203-101] Partitioning array '_ZL7threshs_21_0' in dimension 1 completely.
INFO: [XFORM 203-101] Partitioning array '_ZL7threshs_20_9' in dimension 1 completely.
INFO: [XFORM 203-101] Partitioning array '_ZL7threshs_20_8' in dimension 1 completely.
INFO: [XFORM 203-101] Partitioning array '_ZL7threshs_20_7' in dimension 1 completely.
INFO: [XFORM 203-101] Partitioning array '_ZL7threshs_20_6' in dimension 1 completely.
INFO: [XFORM 203-101] Partitioning array '_ZL7threshs_20_5' in dimension 1 completely.
INFO: [XFORM 203-101] Partitioning array '_ZL7threshs_20_4' in dimension 1 completely.
INFO: [XFORM 203-101] Partitioning array '_ZL7threshs_20_3' in dimension 1 completely.
INFO: [XFORM 203-101] Partitioning array '_ZL7threshs_20_2' in dimension 1 completely.
INFO: [XFORM 203-101] Partitioning array '_ZL7threshs_20_14' in dimension 1 completely.
INFO: [XFORM 203-101] Partitioning array '_ZL7threshs_20_13' in dimension 1 completely.
INFO: [XFORM 203-101] Partitioning array '_ZL7threshs_20_12' in dimension 1 completely.
INFO: [XFORM 203-101] Partitioning array '_ZL7threshs_20_11' in dimension 1 completely.
INFO: [XFORM 203-101] Partitioning array '_ZL7threshs_20_10' in dimension 1 completely.
INFO: [XFORM 203-101] Partitioning array '_ZL7threshs_20_1' in dimension 1 completely.
INFO: [XFORM 203-101] Partitioning array '_ZL7threshs_20_0' in dimension 1 completely.
INFO: [XFORM 203-101] Partitioning array '_ZL7threshs_1_9' in dimension 1 completely.
INFO: [XFORM 203-101] Partitioning array '_ZL7threshs_1_8' in dimension 1 completely.
INFO: [XFORM 203-101] Partitioning array '_ZL7threshs_1_7' in dimension 1 completely.
INFO: [XFORM 203-101] Partitioning array '_ZL7threshs_1_6' in dimension 1 completely.
INFO: [XFORM 203-101] Partitioning array '_ZL7threshs_1_5' in dimension 1 completely.
INFO: [XFORM 203-101] Partitioning array '_ZL7threshs_1_4' in dimension 1 completely.
INFO: [XFORM 203-101] Partitioning array '_ZL7threshs_1_3' in dimension 1 completely.
INFO: [XFORM 203-101] Partitioning array '_ZL7threshs_1_2' in dimension 1 completely.
INFO: [XFORM 203-101] Partitioning array '_ZL7threshs_1_14' in dimension 1 completely.
INFO: [XFORM 203-101] Partitioning array '_ZL7threshs_1_13' in dimension 1 completely.
INFO: [XFORM 203-101] Partitioning array '_ZL7threshs_1_12' in dimension 1 completely.
INFO: [XFORM 203-101] Partitioning array '_ZL7threshs_1_11' in dimension 1 completely.
INFO: [XFORM 203-101] Partitioning array '_ZL7threshs_1_10' in dimension 1 completely.
INFO: [XFORM 203-101] Partitioning array '_ZL7threshs_1_1' in dimension 1 completely.
INFO: [XFORM 203-101] Partitioning array '_ZL7threshs_1_0' in dimension 1 completely.
INFO: [XFORM 203-101] Partitioning array '_ZL7threshs_19_9' in dimension 1 completely.
INFO: [XFORM 203-101] Partitioning array '_ZL7threshs_19_8' in dimension 1 completely.
INFO: [XFORM 203-101] Partitioning array '_ZL7threshs_19_7' in dimension 1 completely.
INFO: [XFORM 203-101] Partitioning array '_ZL7threshs_19_6' in dimension 1 completely.
INFO: [XFORM 203-101] Partitioning array '_ZL7threshs_19_5' in dimension 1 completely.
INFO: [XFORM 203-101] Partitioning array '_ZL7threshs_19_4' in dimension 1 completely.
INFO: [XFORM 203-101] Partitioning array '_ZL7threshs_19_3' in dimension 1 completely.
INFO: [XFORM 203-101] Partitioning array '_ZL7threshs_19_2' in dimension 1 completely.
INFO: [XFORM 203-101] Partitioning array '_ZL7threshs_19_14' in dimension 1 completely.
INFO: [XFORM 203-101] Partitioning array '_ZL7threshs_19_13' in dimension 1 completely.
INFO: [XFORM 203-101] Partitioning array '_ZL7threshs_19_12' in dimension 1 completely.
INFO: [XFORM 203-101] Partitioning array '_ZL7threshs_19_11' in dimension 1 completely.
INFO: [XFORM 203-101] Partitioning array '_ZL7threshs_19_10' in dimension 1 completely.
INFO: [XFORM 203-101] Partitioning array '_ZL7threshs_19_1' in dimension 1 completely.
INFO: [XFORM 203-101] Partitioning array '_ZL7threshs_19_0' in dimension 1 completely.
INFO: [XFORM 203-101] Partitioning array '_ZL7threshs_18_9' in dimension 1 completely.
INFO: [XFORM 203-101] Partitioning array '_ZL7threshs_18_8' in dimension 1 completely.
INFO: [XFORM 203-101] Partitioning array '_ZL7threshs_18_7' in dimension 1 completely.
INFO: [XFORM 203-101] Partitioning array '_ZL7threshs_18_6' in dimension 1 completely.
INFO: [XFORM 203-101] Partitioning array '_ZL7threshs_18_5' in dimension 1 completely.
INFO: [XFORM 203-101] Partitioning array '_ZL7threshs_18_4' in dimension 1 completely.
INFO: [XFORM 203-101] Partitioning array '_ZL7threshs_18_3' in dimension 1 completely.
INFO: [XFORM 203-101] Partitioning array '_ZL7threshs_18_2' in dimension 1 completely.
INFO: [XFORM 203-101] Partitioning array '_ZL7threshs_18_14' in dimension 1 completely.
INFO: [XFORM 203-101] Partitioning array '_ZL7threshs_18_13' in dimension 1 completely.
INFO: [XFORM 203-101] Partitioning array '_ZL7threshs_18_12' in dimension 1 completely.
INFO: [XFORM 203-101] Partitioning array '_ZL7threshs_18_11' in dimension 1 completely.
INFO: [XFORM 203-101] Partitioning array '_ZL7threshs_18_10' in dimension 1 completely.
INFO: [XFORM 203-101] Partitioning array '_ZL7threshs_18_1' in dimension 1 completely.
INFO: [XFORM 203-101] Partitioning array '_ZL7threshs_18_0' in dimension 1 completely.
INFO: [XFORM 203-101] Partitioning array '_ZL7threshs_17_9' in dimension 1 completely.
INFO: [XFORM 203-101] Partitioning array '_ZL7threshs_17_8' in dimension 1 completely.
INFO: [XFORM 203-101] Partitioning array '_ZL7threshs_17_7' in dimension 1 completely.
INFO: [XFORM 203-101] Partitioning array '_ZL7threshs_17_6' in dimension 1 completely.
INFO: [XFORM 203-101] Partitioning array '_ZL7threshs_17_5' in dimension 1 completely.
INFO: [XFORM 203-101] Partitioning array '_ZL7threshs_17_4' in dimension 1 completely.
INFO: [XFORM 203-101] Partitioning array '_ZL7threshs_17_3' in dimension 1 completely.
INFO: [XFORM 203-101] Partitioning array '_ZL7threshs_17_2' in dimension 1 completely.
INFO: [XFORM 203-101] Partitioning array '_ZL7threshs_17_14' in dimension 1 completely.
INFO: [XFORM 203-101] Partitioning array '_ZL7threshs_17_13' in dimension 1 completely.
INFO: [XFORM 203-101] Partitioning array '_ZL7threshs_17_12' in dimension 1 completely.
INFO: [XFORM 203-101] Partitioning array '_ZL7threshs_17_11' in dimension 1 completely.
INFO: [XFORM 203-101] Partitioning array '_ZL7threshs_17_10' in dimension 1 completely.
INFO: [XFORM 203-101] Partitioning array '_ZL7threshs_17_1' in dimension 1 completely.
INFO: [XFORM 203-101] Partitioning array '_ZL7threshs_17_0' in dimension 1 completely.
INFO: [XFORM 203-101] Partitioning array '_ZL7threshs_16_9' in dimension 1 completely.
INFO: [XFORM 203-101] Partitioning array '_ZL7threshs_16_8' in dimension 1 completely.
INFO: [XFORM 203-101] Partitioning array '_ZL7threshs_16_7' in dimension 1 completely.
INFO: [XFORM 203-101] Partitioning array '_ZL7threshs_16_6' in dimension 1 completely.
INFO: [XFORM 203-101] Partitioning array '_ZL7threshs_16_5' in dimension 1 completely.
INFO: [XFORM 203-101] Partitioning array '_ZL7threshs_16_4' in dimension 1 completely.
INFO: [XFORM 203-101] Partitioning array '_ZL7threshs_16_3' in dimension 1 completely.
INFO: [XFORM 203-101] Partitioning array '_ZL7threshs_16_2' in dimension 1 completely.
INFO: [XFORM 203-101] Partitioning array '_ZL7threshs_16_14' in dimension 1 completely.
INFO: [XFORM 203-101] Partitioning array '_ZL7threshs_16_13' in dimension 1 completely.
INFO: [XFORM 203-101] Partitioning array '_ZL7threshs_16_12' in dimension 1 completely.
INFO: [XFORM 203-101] Partitioning array '_ZL7threshs_16_11' in dimension 1 completely.
INFO: [XFORM 203-101] Partitioning array '_ZL7threshs_16_10' in dimension 1 completely.
INFO: [XFORM 203-101] Partitioning array '_ZL7threshs_16_1' in dimension 1 completely.
INFO: [XFORM 203-101] Partitioning array '_ZL7threshs_16_0' in dimension 1 completely.
INFO: [XFORM 203-101] Partitioning array '_ZL7threshs_15_9' in dimension 1 completely.
INFO: [XFORM 203-101] Partitioning array '_ZL7threshs_15_8' in dimension 1 completely.
INFO: [XFORM 203-101] Partitioning array '_ZL7threshs_15_7' in dimension 1 completely.
INFO: [XFORM 203-101] Partitioning array '_ZL7threshs_15_6' in dimension 1 completely.
INFO: [XFORM 203-101] Partitioning array '_ZL7threshs_15_5' in dimension 1 completely.
INFO: [XFORM 203-101] Partitioning array '_ZL7threshs_15_4' in dimension 1 completely.
INFO: [XFORM 203-101] Partitioning array '_ZL7threshs_15_3' in dimension 1 completely.
INFO: [XFORM 203-101] Partitioning array '_ZL7threshs_15_2' in dimension 1 completely.
INFO: [XFORM 203-101] Partitioning array '_ZL7threshs_15_14' in dimension 1 completely.
INFO: [XFORM 203-101] Partitioning array '_ZL7threshs_15_13' in dimension 1 completely.
INFO: [XFORM 203-101] Partitioning array '_ZL7threshs_15_12' in dimension 1 completely.
INFO: [XFORM 203-101] Partitioning array '_ZL7threshs_15_11' in dimension 1 completely.
INFO: [XFORM 203-101] Partitioning array '_ZL7threshs_15_10' in dimension 1 completely.
INFO: [XFORM 203-101] Partitioning array '_ZL7threshs_15_1' in dimension 1 completely.
INFO: [XFORM 203-101] Partitioning array '_ZL7threshs_15_0' in dimension 1 completely.
INFO: [XFORM 203-101] Partitioning array '_ZL7threshs_14_9' in dimension 1 completely.
INFO: [XFORM 203-101] Partitioning array '_ZL7threshs_14_8' in dimension 1 completely.
INFO: [XFORM 203-101] Partitioning array '_ZL7threshs_14_7' in dimension 1 completely.
INFO: [XFORM 203-101] Partitioning array '_ZL7threshs_14_6' in dimension 1 completely.
INFO: [XFORM 203-101] Partitioning array '_ZL7threshs_14_5' in dimension 1 completely.
INFO: [XFORM 203-101] Partitioning array '_ZL7threshs_14_4' in dimension 1 completely.
INFO: [XFORM 203-101] Partitioning array '_ZL7threshs_14_3' in dimension 1 completely.
INFO: [XFORM 203-101] Partitioning array '_ZL7threshs_14_2' in dimension 1 completely.
INFO: [XFORM 203-101] Partitioning array '_ZL7threshs_14_14' in dimension 1 completely.
INFO: [XFORM 203-101] Partitioning array '_ZL7threshs_14_13' in dimension 1 completely.
INFO: [XFORM 203-101] Partitioning array '_ZL7threshs_14_12' in dimension 1 completely.
INFO: [XFORM 203-101] Partitioning array '_ZL7threshs_14_11' in dimension 1 completely.
INFO: [XFORM 203-101] Partitioning array '_ZL7threshs_14_10' in dimension 1 completely.
INFO: [XFORM 203-101] Partitioning array '_ZL7threshs_14_1' in dimension 1 completely.
INFO: [XFORM 203-101] Partitioning array '_ZL7threshs_14_0' in dimension 1 completely.
INFO: [XFORM 203-101] Partitioning array '_ZL7threshs_13_9' in dimension 1 completely.
INFO: [XFORM 203-101] Partitioning array '_ZL7threshs_13_8' in dimension 1 completely.
INFO: [XFORM 203-101] Partitioning array '_ZL7threshs_13_7' in dimension 1 completely.
INFO: [XFORM 203-101] Partitioning array '_ZL7threshs_13_6' in dimension 1 completely.
INFO: [XFORM 203-101] Partitioning array '_ZL7threshs_13_5' in dimension 1 completely.
INFO: [XFORM 203-101] Partitioning array '_ZL7threshs_13_4' in dimension 1 completely.
INFO: [XFORM 203-101] Partitioning array '_ZL7threshs_13_3' in dimension 1 completely.
INFO: [XFORM 203-101] Partitioning array '_ZL7threshs_13_2' in dimension 1 completely.
INFO: [XFORM 203-101] Partitioning array '_ZL7threshs_13_14' in dimension 1 completely.
INFO: [XFORM 203-101] Partitioning array '_ZL7threshs_13_13' in dimension 1 completely.
INFO: [XFORM 203-101] Partitioning array '_ZL7threshs_13_12' in dimension 1 completely.
INFO: [XFORM 203-101] Partitioning array '_ZL7threshs_13_11' in dimension 1 completely.
INFO: [XFORM 203-101] Partitioning array '_ZL7threshs_13_10' in dimension 1 completely.
INFO: [XFORM 203-101] Partitioning array '_ZL7threshs_13_1' in dimension 1 completely.
INFO: [XFORM 203-101] Partitioning array '_ZL7threshs_13_0' in dimension 1 completely.
INFO: [XFORM 203-101] Partitioning array '_ZL7threshs_12_9' in dimension 1 completely.
INFO: [XFORM 203-101] Partitioning array '_ZL7threshs_12_8' in dimension 1 completely.
INFO: [XFORM 203-101] Partitioning array '_ZL7threshs_12_7' in dimension 1 completely.
INFO: [XFORM 203-101] Partitioning array '_ZL7threshs_12_6' in dimension 1 completely.
INFO: [XFORM 203-101] Partitioning array '_ZL7threshs_12_5' in dimension 1 completely.
INFO: [XFORM 203-101] Partitioning array '_ZL7threshs_12_4' in dimension 1 completely.
INFO: [XFORM 203-101] Partitioning array '_ZL7threshs_12_3' in dimension 1 completely.
INFO: [XFORM 203-101] Partitioning array '_ZL7threshs_12_2' in dimension 1 completely.
INFO: [XFORM 203-101] Partitioning array '_ZL7threshs_12_14' in dimension 1 completely.
INFO: [XFORM 203-101] Partitioning array '_ZL7threshs_12_13' in dimension 1 completely.
INFO: [XFORM 203-101] Partitioning array '_ZL7threshs_12_12' in dimension 1 completely.
INFO: [XFORM 203-101] Partitioning array '_ZL7threshs_12_11' in dimension 1 completely.
INFO: [XFORM 203-101] Partitioning array '_ZL7threshs_12_10' in dimension 1 completely.
INFO: [XFORM 203-101] Partitioning array '_ZL7threshs_12_1' in dimension 1 completely.
INFO: [XFORM 203-101] Partitioning array '_ZL7threshs_12_0' in dimension 1 completely.
INFO: [XFORM 203-101] Partitioning array '_ZL7threshs_11_9' in dimension 1 completely.
INFO: [XFORM 203-101] Partitioning array '_ZL7threshs_11_8' in dimension 1 completely.
INFO: [XFORM 203-101] Partitioning array '_ZL7threshs_11_7' in dimension 1 completely.
INFO: [XFORM 203-101] Partitioning array '_ZL7threshs_11_6' in dimension 1 completely.
INFO: [XFORM 203-101] Partitioning array '_ZL7threshs_11_5' in dimension 1 completely.
INFO: [XFORM 203-101] Partitioning array '_ZL7threshs_11_4' in dimension 1 completely.
INFO: [XFORM 203-101] Partitioning array '_ZL7threshs_11_3' in dimension 1 completely.
INFO: [XFORM 203-101] Partitioning array '_ZL7threshs_11_2' in dimension 1 completely.
INFO: [XFORM 203-101] Partitioning array '_ZL7threshs_11_14' in dimension 1 completely.
INFO: [XFORM 203-101] Partitioning array '_ZL7threshs_11_13' in dimension 1 completely.
INFO: [XFORM 203-101] Partitioning array '_ZL7threshs_11_12' in dimension 1 completely.
INFO: [XFORM 203-101] Partitioning array '_ZL7threshs_11_11' in dimension 1 completely.
INFO: [XFORM 203-101] Partitioning array '_ZL7threshs_11_10' in dimension 1 completely.
INFO: [XFORM 203-101] Partitioning array '_ZL7threshs_11_1' in dimension 1 completely.
INFO: [XFORM 203-101] Partitioning array '_ZL7threshs_11_0' in dimension 1 completely.
INFO: [XFORM 203-101] Partitioning array '_ZL7threshs_10_9' in dimension 1 completely.
INFO: [XFORM 203-101] Partitioning array '_ZL7threshs_10_8' in dimension 1 completely.
INFO: [XFORM 203-101] Partitioning array '_ZL7threshs_10_7' in dimension 1 completely.
INFO: [XFORM 203-101] Partitioning array '_ZL7threshs_10_6' in dimension 1 completely.
INFO: [XFORM 203-101] Partitioning array '_ZL7threshs_10_5' in dimension 1 completely.
INFO: [XFORM 203-101] Partitioning array '_ZL7threshs_10_4' in dimension 1 completely.
INFO: [XFORM 203-101] Partitioning array '_ZL7threshs_10_3' in dimension 1 completely.
INFO: [XFORM 203-101] Partitioning array '_ZL7threshs_10_2' in dimension 1 completely.
INFO: [XFORM 203-101] Partitioning array '_ZL7threshs_10_14' in dimension 1 completely.
INFO: [XFORM 203-101] Partitioning array '_ZL7threshs_10_13' in dimension 1 completely.
INFO: [XFORM 203-101] Partitioning array '_ZL7threshs_10_12' in dimension 1 completely.
INFO: [XFORM 203-101] Partitioning array '_ZL7threshs_10_11' in dimension 1 completely.
INFO: [XFORM 203-101] Partitioning array '_ZL7threshs_10_10' in dimension 1 completely.
INFO: [XFORM 203-101] Partitioning array '_ZL7threshs_10_1' in dimension 1 completely.
INFO: [XFORM 203-101] Partitioning array '_ZL7threshs_10_0' in dimension 1 completely.
INFO: [XFORM 203-101] Partitioning array '_ZL7threshs_0_9' in dimension 1 completely.
INFO: [XFORM 203-101] Partitioning array '_ZL7threshs_0_8' in dimension 1 completely.
INFO: [XFORM 203-101] Partitioning array '_ZL7threshs_0_7' in dimension 1 completely.
INFO: [XFORM 203-101] Partitioning array '_ZL7threshs_0_6' in dimension 1 completely.
INFO: [XFORM 203-101] Partitioning array '_ZL7threshs_0_5' in dimension 1 completely.
INFO: [XFORM 203-101] Partitioning array '_ZL7threshs_0_4' in dimension 1 completely.
INFO: [XFORM 203-101] Partitioning array '_ZL7threshs_0_3' in dimension 1 completely.
INFO: [XFORM 203-101] Partitioning array '_ZL7threshs_0_2' in dimension 1 completely.
INFO: [XFORM 203-101] Partitioning array '_ZL7threshs_0_14' in dimension 1 completely.
INFO: [XFORM 203-101] Partitioning array '_ZL7threshs_0_13' in dimension 1 completely.
INFO: [XFORM 203-101] Partitioning array '_ZL7threshs_0_12' in dimension 1 completely.
INFO: [XFORM 203-101] Partitioning array '_ZL7threshs_0_11' in dimension 1 completely.
INFO: [XFORM 203-101] Partitioning array '_ZL7threshs_0_10' in dimension 1 completely.
INFO: [XFORM 203-101] Partitioning array '_ZL7threshs_0_1' in dimension 1 completely.
INFO: [XFORM 203-101] Partitioning array '_ZL7threshs_0_0' in dimension 1 completely.
Command         transform done; 10.47 sec.
INFO-FLOW: Presyn 2...
Execute         transform -hls -keep-callgraph -scalarrepl -mem2reg -port-alignment -attach-range -dce -pipe-mux-gen -indvars -loop-bound -inst-simplify -instcombine -dce -merge-array-access -mem2reg -dce -clean-region -mergereturn -if-conv -instcombine -dce -constprop -basicaa -aggr-aa -aggrmodref-aa -aggr-aa -gvn -gvn -basicaa -aggr-aa -aggrmodref-aa -aggr-aa -dse -adse -adce -scalarrepl -mem2reg -global-constprop -deadargelim -deadargelim -instcombine -dce -simplifycfg -ptrArgReplace -mem2reg -function-inline -globaldce -mem2reg -instcombine -dce -expr-balance -instcombine -dce -bitwidthmin2 -bitwidthmin2 -interface-preproc -directive-preproc -inst-rectify -instcombine -dce -functionattrs -constprop -instcombine -bit-constprop -simplify-global-access -globalopt -globaldce -inst-simplify -instcombine -elimdeaddata -dce -loop-delete -simplifycfg -loop-simplify -barrier -norm-name /home/miguel_tfg/FINN-v0.9-Stable/notebooks/UAH_example/FINN_build/code_gen_ipgen_MatrixVectorActivation_1_ufvsgxba/project_MatrixVectorActivation_1/sol1/.autopilot/db/a.o.1.tmp.bc -o /home/miguel_tfg/FINN-v0.9-Stable/notebooks/UAH_example/FINN_build/code_gen_ipgen_MatrixVectorActivation_1_ufvsgxba/project_MatrixVectorActivation_1/sol1/.autopilot/db/a.o.2.bc -f -phase presyn 
INFO: [XFORM 203-11] Balancing expressions in function 'Matrix_Vector_Activate_Stream_Batch<256u, 128u, 8u, 64u, Slice<ap_uint<4>, 4u>, Slice<ap_uint<4>, 4u>, Identity, ap_int<4>, ap_uint<32>, ap_uint<256>, ThresholdsActivation<2u, 64u, 15u, ap_int<13>, ap_uint<4>, 0, comp::less_equal<ap_int<13>, ap_int<13> > >, ap_resource_lut>' (/home/miguel_tfg/FINN-v0.9-Stable/deps/finn-hlslib/mvau.hpp:115:21)...1856 expression(s) balanced.
Command         transform done; 0.49 sec.
INFO: [HLS 200-111] Finished Loop, function and other optimizations: CPU user time: 10.43 seconds. CPU system time: 0.33 seconds. Elapsed time: 10.97 seconds; current allocated memory: 1.624 GB.
INFO-FLOW: Building ssdm...
Execute         transform -hls -auto-function-inline -globaldce -ptrArgReplace -mem2reg -dce -reset-lda -loop-simplify -indvars -aggr-aa -licm -loop-dep -loop-bound -licm -loop-simplify -loop-sink-hoist -flattenloopnest -array-flatten -gvn -instcombine -dce -array-map -dce -func-legal -gvn -adce -instcombine -cfgopt -simplifycfg -loop-simplify -array-burst -promote-global-argument -dce -array-seg-normalize -basicaa -aggrmodref-aa -globalsmodref-aa -aggr-aa -gvn -gvn -basicaa -aggrmodref-aa -globalsmodref-aa -aggr-aa -dse -adse -adce -licm -inst-simplify -dce -globaldce -instcombine -array-stream -eliminate-keepreads -instcombine -dce -deadargelim -doublePtrSimplify -doublePtrElim -dce -doublePtrSimplify -promote-dbg-pointer -dce -scalarrepl -mem2reg -norm-name -mem2reg -instcombine -dse -adse -adce -ptrLegalization -dce -auto-rom-infer -array-flatten -dce -instcombine -check-doubleptr -loop-rot -constprop -cfgopt -simplifycfg -loop-simplify -indvars -pointer-simplify -dce -loop-bound -loop-simplify -loop-preproc -constprop -global-constprop -gvn -mem2reg -instcombine -dce -loop-bound -loop-merge -dce -deadargelim -dce -canonicalize-dataflow -dce -deadargelim -globaldce -mem2reg -bram-byte-enable -load-elim -read-loop-dep -loop-simplify -loop-extract-inner -directive-preproc -bitwidthmin2 -bitwidthmin2 -read-loop-dep -interface-preproc -directive-preproc -interface-gen -bram-byte-enable-spec-prop -deadargelim -inst-simplify -dce -gvn -mem2reg -instcombine -dce -adse -loop-bound -instcombine -cfgopt -simplifycfg -loop-simplify -clean-region -io-protocol -find-region -mem2reg -bitop-raise -complex-op-raise -inst-simplify -inst-rectify -instcombine -adce -deadargelim -float-op-raise -loop-simplify -phi-opt -bitop-raise -cfgopt -simplifycfg -strip-dead-prototypes -interface-lower -bitop-lower -intrinsic-lower -auto-function-inline -basicaa -aggrmodref-aa -globalsmodref-aa -aggr-aa -inst-simplify -simplifycfg -loop-simplify -mergereturn -inst-simplify -inst-rectify -dce -load-elim -bitop-lower -float-op-raise -fma-raise -loop-rewind -pointer-simplify -dce -cfgopt -dce -loop-bound -loop-dep -read-loop-dep -dce -dyn-mem-reuse -dce -recurrence-min -dce -share-scalar-alloca -deadargelim -dce -check-stream -norm-name -legalize -validate-dataflow -inst-clarity -bitwidth -dump-loop-dep-to-ir -check-all-ssdm -cdfg-build /home/miguel_tfg/FINN-v0.9-Stable/notebooks/UAH_example/FINN_build/code_gen_ipgen_MatrixVectorActivation_1_ufvsgxba/project_MatrixVectorActivation_1/sol1/.autopilot/db/a.o.2.bc -o /home/miguel_tfg/FINN-v0.9-Stable/notebooks/UAH_example/FINN_build/code_gen_ipgen_MatrixVectorActivation_1_ufvsgxba/project_MatrixVectorActivation_1/sol1/.autopilot/db/a.o.3.bc -f -phase build-ssdm 
Command         transform done; 1.35 sec.
INFO: [HLS 200-111] Finished Architecture Synthesis: CPU user time: 1.35 seconds. CPU system time: 0 seconds. Elapsed time: 1.35 seconds; current allocated memory: 1.640 GB.
INFO-FLOW: Finish building internal data model.
Command       opt_and_import_c done; 14 sec.
Command     elaborate done; 61.07 sec.
Execute     ap_eval exec zip -j /home/miguel_tfg/FINN-v0.9-Stable/notebooks/UAH_example/FINN_build/code_gen_ipgen_MatrixVectorActivation_1_ufvsgxba/project_MatrixVectorActivation_1/sol1/.autopilot/db/dut.hcp $dbDir/a.o.3.bc $dbDir/${topname}.rtl_wrap.cfg.tcl $dbDir/apatb_${topname}.cpp $dbDir/apatb_${topname}_util.cpp $dbDir/apatb_${topname}_ir.ll $dbDir/mapper_${topname}.cpp $dbDir/top-io-fe.xml $dbDir/kernel.internal.xml $workdir/../hls.app 
Execute     autosyn -from_csynth_design=1 
INFO: [HLS 200-10] Starting hardware synthesis ...
INFO-FLOW: Synthesizing C/C++ design ...
INFO: [HLS 200-10] Synthesizing 'MatrixVectorActivation_1' ...
Execute       ap_set_top_model MatrixVectorActivation_1 
Execute       get_model_list MatrixVectorActivation_1 -filter all-wo-channel -topdown 
Execute       preproc_iomode -model MatrixVectorActivation_1 
Execute       preproc_iomode -model Matrix_Vector_Activate_Stream_Batch 
Execute       get_model_list MatrixVectorActivation_1 -filter all-wo-channel 
INFO-FLOW: Model list for configure: Matrix_Vector_Activate_Stream_Batch MatrixVectorActivation_1
INFO-FLOW: Configuring Module : Matrix_Vector_Activate_Stream_Batch ...
Execute       set_default_model Matrix_Vector_Activate_Stream_Batch 
Execute       apply_spec_resource_limit Matrix_Vector_Activate_Stream_Batch 
INFO-FLOW: Configuring Module : MatrixVectorActivation_1 ...
Execute       set_default_model MatrixVectorActivation_1 
Execute       apply_spec_resource_limit MatrixVectorActivation_1 
INFO-FLOW: Model list for preprocess: Matrix_Vector_Activate_Stream_Batch MatrixVectorActivation_1
INFO-FLOW: Preprocessing Module: Matrix_Vector_Activate_Stream_Batch ...
Execute       set_default_model Matrix_Vector_Activate_Stream_Batch 
Execute       cdfg_preprocess -model Matrix_Vector_Activate_Stream_Batch 
Execute       rtl_gen_preprocess Matrix_Vector_Activate_Stream_Batch 
INFO-FLOW: Preprocessing Module: MatrixVectorActivation_1 ...
Execute       set_default_model MatrixVectorActivation_1 
Execute       cdfg_preprocess -model MatrixVectorActivation_1 
Execute       rtl_gen_preprocess MatrixVectorActivation_1 
INFO-FLOW: Model list for synthesis: Matrix_Vector_Activate_Stream_Batch MatrixVectorActivation_1
INFO: [HLS 200-10] ----------------------------------------------------------------
INFO: [HLS 200-42] -- Implementing module 'Matrix_Vector_Activate_Stream_Batch' 
INFO: [HLS 200-10] ----------------------------------------------------------------
Execute       set_default_model Matrix_Vector_Activate_Stream_Batch 
Execute       schedule -model Matrix_Vector_Activate_Stream_Batch 
INFO: [SCHED 204-11] Starting scheduling ...
INFO: [SCHED 204-61] Pipelining loop 'VITIS_LOOP_249_1'.
INFO: [HLS 200-1470] Pipelining result : Target II = 1, Final II = 1, Depth = 6, loop 'VITIS_LOOP_249_1'
WARNING: [HLS 200-871] Estimated clock period (7.591ns) exceeds the target (target clock period: 10ns, clock uncertainty: 2.7ns, effective delay budget: 7.3ns).
WARNING: [HLS 200-1016] The critical path in module 'Matrix_Vector_Activate_Stream_Batch' consists of the following:	'alloca' operation ('nf') [102]  (0 ns)
	'load' operation ('nf', /home/miguel_tfg/FINN-v0.9-Stable/deps/finn-hlslib/mvau.hpp:302) on local variable 'nf' [113]  (0 ns)
	'add' operation ('nf', /home/miguel_tfg/FINN-v0.9-Stable/deps/finn-hlslib/mvau.hpp:302) [8352]  (2.55 ns)
	'icmp' operation ('icmp_ln302', /home/miguel_tfg/FINN-v0.9-Stable/deps/finn-hlslib/mvau.hpp:302) [8353]  (2.47 ns)
	'select' operation ('nf', /home/miguel_tfg/FINN-v0.9-Stable/deps/finn-hlslib/mvau.hpp:302) [8354]  (0.698 ns)
	'store' operation ('nf_1_write_ln306', /home/miguel_tfg/FINN-v0.9-Stable/deps/finn-hlslib/mvau.hpp:306) of variable 'nf', /home/miguel_tfg/FINN-v0.9-Stable/deps/finn-hlslib/mvau.hpp:302 on local variable 'nf' [8355]  (1.59 ns)
	blocking operation 0.28 ns on control path)

INFO: [SCHED 204-11] Finished scheduling.
Command       schedule done; 3.95 sec.
INFO: [HLS 200-111] Finished Scheduling: CPU user time: 4 seconds. CPU system time: 0.06 seconds. Elapsed time: 4.07 seconds; current allocated memory: 1.777 GB.
Execute       syn_report -verbosereport -o /home/miguel_tfg/FINN-v0.9-Stable/notebooks/UAH_example/FINN_build/code_gen_ipgen_MatrixVectorActivation_1_ufvsgxba/project_MatrixVectorActivation_1/sol1/.autopilot/db/Matrix_Vector_Activate_Stream_Batch.verbose.sched.rpt 
Execute         AP::get_flow_target_display_name
Command       syn_report done; 0.89 sec.
Execute       db_write -o /home/miguel_tfg/FINN-v0.9-Stable/notebooks/UAH_example/FINN_build/code_gen_ipgen_MatrixVectorActivation_1_ufvsgxba/project_MatrixVectorActivation_1/sol1/.autopilot/db/Matrix_Vector_Activate_Stream_Batch.sched.adb -f 
Command       db_write done; 0.19 sec.
INFO-FLOW: Finish scheduling Matrix_Vector_Activate_Stream_Batch.
Execute       set_default_model Matrix_Vector_Activate_Stream_Batch 
Execute       bind -model Matrix_Vector_Activate_Stream_Batch 
INFO: [BIND 205-100] Starting micro-architecture generation ...
INFO: [BIND 205-101] Performing variable lifetime analysis.
INFO: [BIND 205-101] Exploring resource sharing.
INFO: [BIND 205-101] Binding ...
INFO: [BIND 205-100] Finished micro-architecture generation.
Command       bind done; 3.34 sec.
INFO: [HLS 200-111] Finished Binding: CPU user time: 4.41 seconds. CPU system time: 0.01 seconds. Elapsed time: 4.42 seconds; current allocated memory: 1.777 GB.
Execute       syn_report -verbosereport -o /home/miguel_tfg/FINN-v0.9-Stable/notebooks/UAH_example/FINN_build/code_gen_ipgen_MatrixVectorActivation_1_ufvsgxba/project_MatrixVectorActivation_1/sol1/.autopilot/db/Matrix_Vector_Activate_Stream_Batch.verbose.bind.rpt 
Execute         AP::get_flow_target_display_name
Command       syn_report done; 4.84 sec.
Execute       db_write -o /home/miguel_tfg/FINN-v0.9-Stable/notebooks/UAH_example/FINN_build/code_gen_ipgen_MatrixVectorActivation_1_ufvsgxba/project_MatrixVectorActivation_1/sol1/.autopilot/db/Matrix_Vector_Activate_Stream_Batch.bind.adb -f 
Command       db_write done; 0.24 sec.
INFO-FLOW: Finish binding Matrix_Vector_Activate_Stream_Batch.
INFO: [HLS 200-10] ----------------------------------------------------------------
INFO: [HLS 200-42] -- Implementing module 'MatrixVectorActivation_1' 
INFO: [HLS 200-10] ----------------------------------------------------------------
Execute       set_default_model MatrixVectorActivation_1 
Execute       schedule -model MatrixVectorActivation_1 
INFO: [SCHED 204-11] Starting scheduling ...
INFO: [SCHED 204-11] Finished scheduling.
INFO: [HLS 200-111] Finished Scheduling: CPU user time: 5.1 seconds. CPU system time: 0.02 seconds. Elapsed time: 5.12 seconds; current allocated memory: 1.777 GB.
Execute       syn_report -verbosereport -o /home/miguel_tfg/FINN-v0.9-Stable/notebooks/UAH_example/FINN_build/code_gen_ipgen_MatrixVectorActivation_1_ufvsgxba/project_MatrixVectorActivation_1/sol1/.autopilot/db/MatrixVectorActivation_1.verbose.sched.rpt 
Execute         AP::get_flow_target_display_name
Execute       db_write -o /home/miguel_tfg/FINN-v0.9-Stable/notebooks/UAH_example/FINN_build/code_gen_ipgen_MatrixVectorActivation_1_ufvsgxba/project_MatrixVectorActivation_1/sol1/.autopilot/db/MatrixVectorActivation_1.sched.adb -f 
INFO-FLOW: Finish scheduling MatrixVectorActivation_1.
Execute       set_default_model MatrixVectorActivation_1 
Execute       bind -model MatrixVectorActivation_1 
INFO: [BIND 205-100] Starting micro-architecture generation ...
INFO: [BIND 205-101] Performing variable lifetime analysis.
INFO: [BIND 205-101] Exploring resource sharing.
INFO: [BIND 205-101] Binding ...
INFO: [BIND 205-100] Finished micro-architecture generation.
Command       bind done; 1.36 sec.
INFO: [HLS 200-111] Finished Binding: CPU user time: 1.36 seconds. CPU system time: 0 seconds. Elapsed time: 1.36 seconds; current allocated memory: 1.777 GB.
Execute       syn_report -verbosereport -o /home/miguel_tfg/FINN-v0.9-Stable/notebooks/UAH_example/FINN_build/code_gen_ipgen_MatrixVectorActivation_1_ufvsgxba/project_MatrixVectorActivation_1/sol1/.autopilot/db/MatrixVectorActivation_1.verbose.bind.rpt 
Execute         AP::get_flow_target_display_name
Command       syn_report done; 3.96 sec.
Execute       db_write -o /home/miguel_tfg/FINN-v0.9-Stable/notebooks/UAH_example/FINN_build/code_gen_ipgen_MatrixVectorActivation_1_ufvsgxba/project_MatrixVectorActivation_1/sol1/.autopilot/db/MatrixVectorActivation_1.bind.adb -f 
INFO-FLOW: Finish binding MatrixVectorActivation_1.
Execute       get_model_list MatrixVectorActivation_1 -filter all-wo-channel 
INFO-FLOW: Preprocessing for RTLGen ...
Execute       rtl_gen_preprocess Matrix_Vector_Activate_Stream_Batch 
Execute       rtl_gen_preprocess MatrixVectorActivation_1 
INFO-FLOW: Model list for RTL generation: Matrix_Vector_Activate_Stream_Batch MatrixVectorActivation_1
INFO: [HLS 200-10] ----------------------------------------------------------------
INFO: [HLS 200-10] -- Generating RTL for module 'Matrix_Vector_Activate_Stream_Batch' 
INFO: [HLS 200-10] ----------------------------------------------------------------
Execute       create_rtl_model Matrix_Vector_Activate_Stream_Batch -top_prefix MatrixVectorActivation_1_ -sub_prefix MatrixVectorActivation_1_ -mg_file /home/miguel_tfg/FINN-v0.9-Stable/notebooks/UAH_example/FINN_build/code_gen_ipgen_MatrixVectorActivation_1_ufvsgxba/project_MatrixVectorActivation_1/sol1/.autopilot/db/Matrix_Vector_Activate_Stream_Batch.compgen.tcl 
INFO: [RTGEN 206-100] Generating core module 'mul_4ns_4s_8_1_1': 8 instance(s).
INFO: [RTGEN 206-100] Generating core module 'mul_4s_4ns_8_1_1': 504 instance(s).
INFO: [RTGEN 206-100] Generating core module 'mux_325_32_1_1': 1 instance(s).
INFO: [RTGEN 206-100] Finished creating RTL model for 'Matrix_Vector_Activate_Stream_Batch'.
Command       create_rtl_model done; 0.75 sec.
INFO: [HLS 200-111] Finished Creating RTL model: CPU user time: 4.74 seconds. CPU system time: 0 seconds. Elapsed time: 4.74 seconds; current allocated memory: 1.777 GB.
Execute       source /home/miguel_tfg/FINN-v0.9-Stable/notebooks/UAH_example/FINN_build/code_gen_ipgen_MatrixVectorActivation_1_ufvsgxba/project_MatrixVectorActivation_1/sol1/.autopilot/db/MatrixVectorActivation_1.rtl_wrap.cfg.tcl 
Execute       gen_rtl Matrix_Vector_Activate_Stream_Batch -style xilinx -f -lang vhdl -o /home/miguel_tfg/FINN-v0.9-Stable/notebooks/UAH_example/FINN_build/code_gen_ipgen_MatrixVectorActivation_1_ufvsgxba/project_MatrixVectorActivation_1/sol1/syn/vhdl/MatrixVectorActivation_1_Matrix_Vector_Activate_Stream_Batch 
Execute       gen_rtl Matrix_Vector_Activate_Stream_Batch -style xilinx -f -lang vlog -o /home/miguel_tfg/FINN-v0.9-Stable/notebooks/UAH_example/FINN_build/code_gen_ipgen_MatrixVectorActivation_1_ufvsgxba/project_MatrixVectorActivation_1/sol1/syn/verilog/MatrixVectorActivation_1_Matrix_Vector_Activate_Stream_Batch 
Execute       syn_report -csynth -model Matrix_Vector_Activate_Stream_Batch -o /home/miguel_tfg/FINN-v0.9-Stable/notebooks/UAH_example/FINN_build/code_gen_ipgen_MatrixVectorActivation_1_ufvsgxba/project_MatrixVectorActivation_1/sol1/syn/report/Matrix_Vector_Activate_Stream_Batch_csynth.rpt 
Execute         AP::get_flow_target_display_name
Command       syn_report done; 2.76 sec.
Execute       syn_report -rtlxml -model Matrix_Vector_Activate_Stream_Batch -o /home/miguel_tfg/FINN-v0.9-Stable/notebooks/UAH_example/FINN_build/code_gen_ipgen_MatrixVectorActivation_1_ufvsgxba/project_MatrixVectorActivation_1/sol1/syn/report/Matrix_Vector_Activate_Stream_Batch_csynth.xml 
Command       syn_report done; 1.37 sec.
Execute       syn_report -verbosereport -model Matrix_Vector_Activate_Stream_Batch -o /home/miguel_tfg/FINN-v0.9-Stable/notebooks/UAH_example/FINN_build/code_gen_ipgen_MatrixVectorActivation_1_ufvsgxba/project_MatrixVectorActivation_1/sol1/.autopilot/db/Matrix_Vector_Activate_Stream_Batch.verbose.rpt 
Execute         AP::get_flow_target_display_name
Command       syn_report done; 6.25 sec.
Execute       db_write -model Matrix_Vector_Activate_Stream_Batch -f -o /home/miguel_tfg/FINN-v0.9-Stable/notebooks/UAH_example/FINN_build/code_gen_ipgen_MatrixVectorActivation_1_ufvsgxba/project_MatrixVectorActivation_1/sol1/.autopilot/db/Matrix_Vector_Activate_Stream_Batch.adb 
Command       db_write done; 1.64 sec.
Execute       db_write -model Matrix_Vector_Activate_Stream_Batch -bindview -o /home/miguel_tfg/FINN-v0.9-Stable/notebooks/UAH_example/FINN_build/code_gen_ipgen_MatrixVectorActivation_1_ufvsgxba/project_MatrixVectorActivation_1/sol1/.autopilot/db/design.bindinfo.xml 
Command       db_write done; 1.21 sec.
Execute       gen_tb_info Matrix_Vector_Activate_Stream_Batch -p /home/miguel_tfg/FINN-v0.9-Stable/notebooks/UAH_example/FINN_build/code_gen_ipgen_MatrixVectorActivation_1_ufvsgxba/project_MatrixVectorActivation_1/sol1/.autopilot/db -o /home/miguel_tfg/FINN-v0.9-Stable/notebooks/UAH_example/FINN_build/code_gen_ipgen_MatrixVectorActivation_1_ufvsgxba/project_MatrixVectorActivation_1/sol1/.autopilot/db/Matrix_Vector_Activate_Stream_Batch 
INFO: [HLS 200-10] ----------------------------------------------------------------
INFO: [HLS 200-10] -- Generating RTL for module 'MatrixVectorActivation_1' 
INFO: [HLS 200-10] ----------------------------------------------------------------
Execute       create_rtl_model MatrixVectorActivation_1 -top_prefix  -sub_prefix MatrixVectorActivation_1_ -mg_file /home/miguel_tfg/FINN-v0.9-Stable/notebooks/UAH_example/FINN_build/code_gen_ipgen_MatrixVectorActivation_1_ufvsgxba/project_MatrixVectorActivation_1/sol1/.autopilot/db/MatrixVectorActivation_1.compgen.tcl 
WARNING: [RTGEN 206-101] Design contains AXI ports. Reset is fixed to synchronous and active low.
INFO: [RTGEN 206-500] Setting interface mode on port 'MatrixVectorActivation_1/in0_V' to 'axis' (register, both mode).
INFO: [RTGEN 206-500] Setting interface mode on port 'MatrixVectorActivation_1/weights_V' to 'axis' (register, both mode).
INFO: [RTGEN 206-500] Setting interface mode on port 'MatrixVectorActivation_1/out_V' to 'axis' (register, both mode).
INFO: [RTGEN 206-500] Setting interface mode on function 'MatrixVectorActivation_1' to 'ap_ctrl_none'.
INFO: [RTGEN 206-100] Finished creating RTL model for 'MatrixVectorActivation_1'.
INFO: [HLS 200-111] Finished Creating RTL model: CPU user time: 13.94 seconds. CPU system time: 0.19 seconds. Elapsed time: 14.14 seconds; current allocated memory: 1.846 GB.
Execute       source /home/miguel_tfg/FINN-v0.9-Stable/notebooks/UAH_example/FINN_build/code_gen_ipgen_MatrixVectorActivation_1_ufvsgxba/project_MatrixVectorActivation_1/sol1/.autopilot/db/MatrixVectorActivation_1.rtl_wrap.cfg.tcl 
Execute       gen_rtl MatrixVectorActivation_1 -istop -style xilinx -f -lang vhdl -o /home/miguel_tfg/FINN-v0.9-Stable/notebooks/UAH_example/FINN_build/code_gen_ipgen_MatrixVectorActivation_1_ufvsgxba/project_MatrixVectorActivation_1/sol1/syn/vhdl/MatrixVectorActivation_1 
Execute       gen_rtl MatrixVectorActivation_1 -istop -style xilinx -f -lang vlog -o /home/miguel_tfg/FINN-v0.9-Stable/notebooks/UAH_example/FINN_build/code_gen_ipgen_MatrixVectorActivation_1_ufvsgxba/project_MatrixVectorActivation_1/sol1/syn/verilog/MatrixVectorActivation_1 
Execute       syn_report -csynth -model MatrixVectorActivation_1 -o /home/miguel_tfg/FINN-v0.9-Stable/notebooks/UAH_example/FINN_build/code_gen_ipgen_MatrixVectorActivation_1_ufvsgxba/project_MatrixVectorActivation_1/sol1/syn/report/MatrixVectorActivation_1_csynth.rpt 
Execute         AP::get_flow_target_display_name
Execute       syn_report -rtlxml -model MatrixVectorActivation_1 -o /home/miguel_tfg/FINN-v0.9-Stable/notebooks/UAH_example/FINN_build/code_gen_ipgen_MatrixVectorActivation_1_ufvsgxba/project_MatrixVectorActivation_1/sol1/syn/report/MatrixVectorActivation_1_csynth.xml 
Execute       syn_report -verbosereport -model MatrixVectorActivation_1 -o /home/miguel_tfg/FINN-v0.9-Stable/notebooks/UAH_example/FINN_build/code_gen_ipgen_MatrixVectorActivation_1_ufvsgxba/project_MatrixVectorActivation_1/sol1/.autopilot/db/MatrixVectorActivation_1.verbose.rpt 
Execute         AP::get_flow_target_display_name
Command       syn_report done; 3.96 sec.
Execute       db_write -model MatrixVectorActivation_1 -f -o /home/miguel_tfg/FINN-v0.9-Stable/notebooks/UAH_example/FINN_build/code_gen_ipgen_MatrixVectorActivation_1_ufvsgxba/project_MatrixVectorActivation_1/sol1/.autopilot/db/MatrixVectorActivation_1.adb 
Execute       db_write -model MatrixVectorActivation_1 -bindview -o /home/miguel_tfg/FINN-v0.9-Stable/notebooks/UAH_example/FINN_build/code_gen_ipgen_MatrixVectorActivation_1_ufvsgxba/project_MatrixVectorActivation_1/sol1/.autopilot/db/design.bindinfo.xml 
Execute       gen_tb_info MatrixVectorActivation_1 -p /home/miguel_tfg/FINN-v0.9-Stable/notebooks/UAH_example/FINN_build/code_gen_ipgen_MatrixVectorActivation_1_ufvsgxba/project_MatrixVectorActivation_1/sol1/.autopilot/db -o /home/miguel_tfg/FINN-v0.9-Stable/notebooks/UAH_example/FINN_build/code_gen_ipgen_MatrixVectorActivation_1_ufvsgxba/project_MatrixVectorActivation_1/sol1/.autopilot/db/MatrixVectorActivation_1 
Execute       export_constraint_db -f -tool general -o /home/miguel_tfg/FINN-v0.9-Stable/notebooks/UAH_example/FINN_build/code_gen_ipgen_MatrixVectorActivation_1_ufvsgxba/project_MatrixVectorActivation_1/sol1/.autopilot/db/MatrixVectorActivation_1.constraint.tcl 
Execute       syn_report -designview -model MatrixVectorActivation_1 -o /home/miguel_tfg/FINN-v0.9-Stable/notebooks/UAH_example/FINN_build/code_gen_ipgen_MatrixVectorActivation_1_ufvsgxba/project_MatrixVectorActivation_1/sol1/.autopilot/db/MatrixVectorActivation_1.design.xml 
Command       syn_report done; 2.74 sec.
Execute       syn_report -csynthDesign -model MatrixVectorActivation_1 -o /home/miguel_tfg/FINN-v0.9-Stable/notebooks/UAH_example/FINN_build/code_gen_ipgen_MatrixVectorActivation_1_ufvsgxba/project_MatrixVectorActivation_1/sol1/syn/report/csynth.rpt 
Execute         AP::get_flow_target_display_name
Execute       syn_report -wcfg -model MatrixVectorActivation_1 -o /home/miguel_tfg/FINN-v0.9-Stable/notebooks/UAH_example/FINN_build/code_gen_ipgen_MatrixVectorActivation_1_ufvsgxba/project_MatrixVectorActivation_1/sol1/.autopilot/db/MatrixVectorActivation_1_dataflow_ana.wcfg 
Execute       syn_report -protoinst -model MatrixVectorActivation_1 -o /home/miguel_tfg/FINN-v0.9-Stable/notebooks/UAH_example/FINN_build/code_gen_ipgen_MatrixVectorActivation_1_ufvsgxba/project_MatrixVectorActivation_1/sol1/.autopilot/db/MatrixVectorActivation_1.protoinst 
Execute       sc_get_clocks MatrixVectorActivation_1 
Execute       sc_get_portdomain MatrixVectorActivation_1 
INFO-FLOW: Model list for RTL component generation: Matrix_Vector_Activate_Stream_Batch MatrixVectorActivation_1
INFO-FLOW: Handling components in module [Matrix_Vector_Activate_Stream_Batch] ... 
Execute       source /home/miguel_tfg/FINN-v0.9-Stable/notebooks/UAH_example/FINN_build/code_gen_ipgen_MatrixVectorActivation_1_ufvsgxba/project_MatrixVectorActivation_1/sol1/.autopilot/db/Matrix_Vector_Activate_Stream_Batch.compgen.tcl 
INFO-FLOW: Found component MatrixVectorActivation_1_mux_325_32_1_1.
INFO-FLOW: Append model MatrixVectorActivation_1_mux_325_32_1_1
INFO-FLOW: Found component MatrixVectorActivation_1_mul_4ns_4s_8_1_1.
INFO-FLOW: Append model MatrixVectorActivation_1_mul_4ns_4s_8_1_1
INFO-FLOW: Found component MatrixVectorActivation_1_mul_4s_4ns_8_1_1.
INFO-FLOW: Append model MatrixVectorActivation_1_mul_4s_4ns_8_1_1
INFO-FLOW: Found component MatrixVectorActivation_1_flow_control_loop_pipe_sequential_init.
INFO-FLOW: Append model MatrixVectorActivation_1_flow_control_loop_pipe_sequential_init
INFO-FLOW: Handling components in module [MatrixVectorActivation_1] ... 
Execute       source /home/miguel_tfg/FINN-v0.9-Stable/notebooks/UAH_example/FINN_build/code_gen_ipgen_MatrixVectorActivation_1_ufvsgxba/project_MatrixVectorActivation_1/sol1/.autopilot/db/MatrixVectorActivation_1.compgen.tcl 
INFO-FLOW: Found component MatrixVectorActivation_1_regslice_both.
INFO-FLOW: Append model MatrixVectorActivation_1_regslice_both
INFO-FLOW: Found component MatrixVectorActivation_1_regslice_both.
INFO-FLOW: Append model MatrixVectorActivation_1_regslice_both
INFO-FLOW: Found component MatrixVectorActivation_1_regslice_both.
INFO-FLOW: Append model MatrixVectorActivation_1_regslice_both
INFO-FLOW: Append model Matrix_Vector_Activate_Stream_Batch
INFO-FLOW: Append model MatrixVectorActivation_1
INFO-FLOW: Generating RTL model list ...
INFO-FLOW: All models in this session: MatrixVectorActivation_1_mux_325_32_1_1 MatrixVectorActivation_1_mul_4ns_4s_8_1_1 MatrixVectorActivation_1_mul_4s_4ns_8_1_1 MatrixVectorActivation_1_flow_control_loop_pipe_sequential_init MatrixVectorActivation_1_regslice_both MatrixVectorActivation_1_regslice_both MatrixVectorActivation_1_regslice_both Matrix_Vector_Activate_Stream_Batch MatrixVectorActivation_1
INFO-FLOW: Generating /home/miguel_tfg/FINN-v0.9-Stable/notebooks/UAH_example/FINN_build/code_gen_ipgen_MatrixVectorActivation_1_ufvsgxba/project_MatrixVectorActivation_1/sol1/.autopilot/db/autopilot.rtl.models.txt file...
INFO-FLOW: To file: write model MatrixVectorActivation_1_mux_325_32_1_1
INFO-FLOW: To file: write model MatrixVectorActivation_1_mul_4ns_4s_8_1_1
INFO-FLOW: To file: write model MatrixVectorActivation_1_mul_4s_4ns_8_1_1
INFO-FLOW: To file: write model MatrixVectorActivation_1_flow_control_loop_pipe_sequential_init
INFO-FLOW: To file: write model MatrixVectorActivation_1_regslice_both
INFO-FLOW: To file: write model MatrixVectorActivation_1_regslice_both
INFO-FLOW: To file: write model MatrixVectorActivation_1_regslice_both
INFO-FLOW: To file: write model Matrix_Vector_Activate_Stream_Batch
INFO-FLOW: To file: write model MatrixVectorActivation_1
INFO-FLOW: Generating /home/miguel_tfg/FINN-v0.9-Stable/notebooks/UAH_example/FINN_build/code_gen_ipgen_MatrixVectorActivation_1_ufvsgxba/project_MatrixVectorActivation_1/sol1/.autopilot/db/autopilot.rtl.models.tcl file...
INFO-FLOW: Finished generating RTL model list.


INFO-FLOW: RTL Generation done.
INFO-FLOW: CAS Generation done.
INFO-FLOW: CBC Generation done.
INFO-FLOW: DBG:PROC: ::AESL_AUTOMG::auto_generate_csynth_design
INFO-FLOW: DBG:PUTS: read_platform_lib /home/miguel_tfg/FINN-v0.9-Stable/notebooks/UAH_example/FINN_build/code_gen_ipgen_MatrixVectorActivation_1_ufvsgxba/project_MatrixVectorActivation_1/sol1/.autopilot/db/global.setting.tcl
Execute       source /tools/Xilinx/Vitis_HLS/2022.2/common/technology/generic/autopilot/common.gen 
Execute         source /tools/Xilinx/Vitis_HLS/2022.2/common/technology/generic/autopilot/APCoreGen.gen 
Execute       source /tools/Xilinx/Vitis_HLS/2022.2/common/technology/generic/autopilot/op.gen 
Execute       source /tools/Xilinx/Vitis_HLS/2022.2/common/technology/generic/autopilot/op_simcore.gen 
Execute       source /tools/Xilinx/Vitis_HLS/2022.2/common/technology/generic/autopilot/interface.gen 
Execute       source /home/miguel_tfg/FINN-v0.9-Stable/notebooks/UAH_example/FINN_build/code_gen_ipgen_MatrixVectorActivation_1_ufvsgxba/project_MatrixVectorActivation_1/sol1/.autopilot/db/global.setting.tcl 
Execute       source /tools/Xilinx/Vitis_HLS/2022.2/common/technology/xilinx/common/xilinx.gen 
Execute         source /tools/Xilinx/Vitis_HLS/2022.2/common/technology/xilinx/interface/plb46.gen 
Execute         source /tools/Xilinx/Vitis_HLS/2022.2/common/technology/xilinx/interface/axi4.gen 
Execute         source /tools/Xilinx/Vitis_HLS/2022.2/common/technology/xilinx/interface/nativeAXI4.gen 
Execute           source /tools/Xilinx/Vitis_HLS/2022.2/common/technology/xilinx/interface/saxilite.gen 
Execute         source /tools/Xilinx/Vitis_HLS/2022.2/common/technology/xilinx/scripts/xilinxcoregen.gen 
Execute         source /tools/Xilinx/Vitis_HLS/2022.2/common/technology/xilinx/interface/XilEDKCoreGen.gen 
Execute         source /tools/Xilinx/Vitis_HLS/2022.2/common/technology/xilinx/ip/util.gen 
Execute         source /tools/Xilinx/Vitis_HLS/2022.2/common/technology/xilinx/ip/xfir.gen 
Execute         source /tools/Xilinx/Vitis_HLS/2022.2/common/technology/xilinx/ip/xfft.gen 
Execute         source /tools/Xilinx/Vitis_HLS/2022.2/common/technology/xilinx/ip/dds_compiler.gen 
Execute         source /tools/Xilinx/Vitis_HLS/2022.2/common/technology/xilinx/DSP48/dsp48.gen 
INFO-FLOW: DBG:PUTS:   using AESL_AUTOCG::g_clock_period=10.000 (was NA)
INFO-FLOW: DBG:PROC: ::AESL_AUTOMG::generate_ip_cores gen_sim_model='1' gen_fp_models='0' gen_for_export='0' dstSCDir='' dstVhdlDir='/home/miguel_tfg/FINN-v0.9-Stable/notebooks/UAH_example/FINN_build/code_gen_ipgen_MatrixVectorActivation_1_ufvsgxba/project_MatrixVectorActivation_1/sol1/.autopilot/db/vhdl' dstVlogDir='/home/miguel_tfg/FINN-v0.9-Stable/notebooks/UAH_example/FINN_build/code_gen_ipgen_MatrixVectorActivation_1_ufvsgxba/project_MatrixVectorActivation_1/sol1/.autopilot/db/vlog' tclDir='/home/miguel_tfg/FINN-v0.9-Stable/notebooks/UAH_example/FINN_build/code_gen_ipgen_MatrixVectorActivation_1_ufvsgxba/project_MatrixVectorActivation_1/sol1/.autopilot/db' modelList='MatrixVectorActivation_1_mux_325_32_1_1
MatrixVectorActivation_1_mul_4ns_4s_8_1_1
MatrixVectorActivation_1_mul_4s_4ns_8_1_1
MatrixVectorActivation_1_flow_control_loop_pipe_sequential_init
MatrixVectorActivation_1_regslice_both
MatrixVectorActivation_1_regslice_both
MatrixVectorActivation_1_regslice_both
Matrix_Vector_Activate_Stream_Batch
MatrixVectorActivation_1
' expOnly='0'
Execute       source /home/miguel_tfg/FINN-v0.9-Stable/notebooks/UAH_example/FINN_build/code_gen_ipgen_MatrixVectorActivation_1_ufvsgxba/project_MatrixVectorActivation_1/sol1/.autopilot/db/global.setting.tcl 
Execute       ap_part_info -name xc7z020-clg400-1 -data names -quiet 
Execute       ap_part_info -name xc7z020-clg400-1 -data info -quiet 
Execute       source /home/miguel_tfg/FINN-v0.9-Stable/notebooks/UAH_example/FINN_build/code_gen_ipgen_MatrixVectorActivation_1_ufvsgxba/project_MatrixVectorActivation_1/sol1/.autopilot/db/global.setting.tcl 
Execute       source /home/miguel_tfg/FINN-v0.9-Stable/notebooks/UAH_example/FINN_build/code_gen_ipgen_MatrixVectorActivation_1_ufvsgxba/project_MatrixVectorActivation_1/sol1/.autopilot/db/global.setting.tcl 
Execute       source /home/miguel_tfg/FINN-v0.9-Stable/notebooks/UAH_example/FINN_build/code_gen_ipgen_MatrixVectorActivation_1_ufvsgxba/project_MatrixVectorActivation_1/sol1/.autopilot/db/Matrix_Vector_Activate_Stream_Batch.compgen.tcl 
Execute         ap_part_info -name xc7z020-clg400-1 -data names -quiet 
Execute         ap_part_info -name xc7z020-clg400-1 -data info -quiet 
Execute       source /home/miguel_tfg/FINN-v0.9-Stable/notebooks/UAH_example/FINN_build/code_gen_ipgen_MatrixVectorActivation_1_ufvsgxba/project_MatrixVectorActivation_1/sol1/.autopilot/db/MatrixVectorActivation_1.compgen.tcl 
INFO: [HLS 200-111] Finished Generating all RTL models: CPU user time: 6.82 seconds. CPU system time: 0.02 seconds. Elapsed time: 6.84 seconds; current allocated memory: 1.860 GB.
INFO-FLOW: DBG:PROC: ::HLSREPORTS::create_csynth_xml bind_info_var='bind_info' RtlSubPrefix='MatrixVectorActivation_1_' outfile=''
INFO-FLOW: Running: create_csynth_xml read xml data
INFO-FLOW: Done: create_csynth_xml read xml data time: 0 seconds per iteration
INFO-FLOW: Running: create_csynth_xml bind info
INFO-FLOW: No bind nodes found for module_name MatrixVectorActivation_1
INFO-FLOW: Done: create_csynth_xml bind info time: 0.1 seconds per iteration
INFO-FLOW: Running: create_csynth_xml config info
INFO-FLOW: Done: create_csynth_xml config info time: 0 seconds per iteration
INFO-FLOW: Running: create_csynth_xml write xml
INFO-FLOW: Done: create_csynth_xml write xml time: 0 seconds per iteration
INFO-FLOW: DBG:PUTS:      create_csynth_xml wrote csynth_xml=/home/miguel_tfg/FINN-v0.9-Stable/notebooks/UAH_example/FINN_build/code_gen_ipgen_MatrixVectorActivation_1_ufvsgxba/project_MatrixVectorActivation_1/sol1/syn/report/csynth.xml
INFO-FLOW: DBG:PROC: ::AP::DESIGN_DATA::generate_json generate_bd_files='0' generate_xo_files='0' modelList='MatrixVectorActivation_1_mux_325_32_1_1
MatrixVectorActivation_1_mul_4ns_4s_8_1_1
MatrixVectorActivation_1_mul_4s_4ns_8_1_1
MatrixVectorActivation_1_flow_control_loop_pipe_sequential_init
MatrixVectorActivation_1_regslice_both
MatrixVectorActivation_1_regslice_both
MatrixVectorActivation_1_regslice_both
Matrix_Vector_Activate_Stream_Batch
MatrixVectorActivation_1
' rtl_lang='both' bootstrap_tcl='false' outdir='' outfilename=''
Execute       source /home/miguel_tfg/FINN-v0.9-Stable/notebooks/UAH_example/FINN_build/code_gen_ipgen_MatrixVectorActivation_1_ufvsgxba/project_MatrixVectorActivation_1/sol1/.autopilot/db/global.setting.tcl 
Execute       source /home/miguel_tfg/FINN-v0.9-Stable/notebooks/UAH_example/FINN_build/code_gen_ipgen_MatrixVectorActivation_1_ufvsgxba/project_MatrixVectorActivation_1/sol1/.autopilot/db/global.setting.tcl 
Execute       source /home/miguel_tfg/FINN-v0.9-Stable/notebooks/UAH_example/FINN_build/code_gen_ipgen_MatrixVectorActivation_1_ufvsgxba/project_MatrixVectorActivation_1/sol1/.autopilot/db/top-io-be.tcl 
Execute       source /home/miguel_tfg/FINN-v0.9-Stable/notebooks/UAH_example/FINN_build/code_gen_ipgen_MatrixVectorActivation_1_ufvsgxba/project_MatrixVectorActivation_1/sol1/.autopilot/db/MatrixVectorActivation_1.tbgen.tcl 
Execute       source /home/miguel_tfg/FINN-v0.9-Stable/notebooks/UAH_example/FINN_build/code_gen_ipgen_MatrixVectorActivation_1_ufvsgxba/project_MatrixVectorActivation_1/sol1/.autopilot/db/MatrixVectorActivation_1.rtl_wrap.cfg.tcl 
Execute       source /home/miguel_tfg/FINN-v0.9-Stable/notebooks/UAH_example/FINN_build/code_gen_ipgen_MatrixVectorActivation_1_ufvsgxba/project_MatrixVectorActivation_1/sol1/.autopilot/db/MatrixVectorActivation_1.compgen.dataonly.tcl 
Execute       source /home/miguel_tfg/FINN-v0.9-Stable/notebooks/UAH_example/FINN_build/code_gen_ipgen_MatrixVectorActivation_1_ufvsgxba/project_MatrixVectorActivation_1/sol1/.autopilot/db/Matrix_Vector_Activate_Stream_Batch.tbgen.tcl 
Execute       source /home/miguel_tfg/FINN-v0.9-Stable/notebooks/UAH_example/FINN_build/code_gen_ipgen_MatrixVectorActivation_1_ufvsgxba/project_MatrixVectorActivation_1/sol1/.autopilot/db/MatrixVectorActivation_1.tbgen.tcl 
Execute       source /home/miguel_tfg/FINN-v0.9-Stable/notebooks/UAH_example/FINN_build/code_gen_ipgen_MatrixVectorActivation_1_ufvsgxba/project_MatrixVectorActivation_1/sol1/.autopilot/db/global.setting.tcl 
Execute       ap_part_info -name xc7z020-clg400-1 -data names -quiet 
Execute       ap_part_info -name xc7z020-clg400-1 -data info -quiet 
Execute       source /home/miguel_tfg/FINN-v0.9-Stable/notebooks/UAH_example/FINN_build/code_gen_ipgen_MatrixVectorActivation_1_ufvsgxba/project_MatrixVectorActivation_1/sol1/.autopilot/db/MatrixVectorActivation_1.constraint.tcl 
Execute       sc_get_clocks MatrixVectorActivation_1 
Execute       source /home/miguel_tfg/FINN-v0.9-Stable/notebooks/UAH_example/FINN_build/code_gen_ipgen_MatrixVectorActivation_1_ufvsgxba/project_MatrixVectorActivation_1/sol1/.autopilot/db/global.setting.tcl 
INFO-FLOW: DBG:PROC: ::HLSREPORTS::add_csynth_report_sections bind_info_dict='adapter_nodes {} report_dict {TOPINST MatrixVectorActivation_1 MODULE2INSTS {MatrixVectorActivation_1 MatrixVectorActivation_1 Matrix_Vector_Activate_Stream_Batch grp_Matrix_Vector_Activate_Stream_Batch_fu_30} INST2MODULE {MatrixVectorActivation_1 MatrixVectorActivation_1 grp_Matrix_Vector_Activate_Stream_Batch_fu_30 Matrix_Vector_Activate_Stream_Batch} INSTDATA {MatrixVectorActivation_1 {DEPTH 1 CHILDREN grp_Matrix_Vector_Activate_Stream_Batch_fu_30} grp_Matrix_Vector_Activate_Stream_Batch_fu_30 {DEPTH 2 CHILDREN {}}} MODULEDATA {Matrix_Vector_Activate_Stream_Batch {BINDINFO {{BINDTYPE op ID {} IMPL fabric LATENCY 0 OPTYPE add PRAGMA {} RTLNAME i_2_fu_3746_p2 SOURCE /home/miguel_tfg/FINN-v0.9-Stable/deps/finn-hlslib/mvau.hpp:249 VARIABLE i_2 LOOP VITIS_LOOP_249_1 BUNDLEDNAME {} DSP 0 BRAM 0 URAM 0 DISPNAME {bind_op add}} {BINDTYPE op ID {} IMPL fabric LATENCY 0 OPTYPE mul PRAGMA yes RTLNAME mul_4ns_4s_8_1_1_U2 SOURCE /tools/Xilinx/Vitis_HLS/2022.2/common/technology/autopilot/ap_int_base.h:1494 VARIABLE ret_V LOOP VITIS_LOOP_249_1 BUNDLEDNAME {} DSP 0 BRAM 0 URAM 0 DISPNAME {bind_op mul}} {BINDTYPE op ID {} IMPL fabric LATENCY 0 OPTYPE mul PRAGMA yes RTLNAME mul_4ns_4s_8_1_1_U3 SOURCE /tools/Xilinx/Vitis_HLS/2022.2/common/technology/autopilot/ap_int_base.h:1494 VARIABLE ret_V_1 LOOP VITIS_LOOP_249_1 BUNDLEDNAME {} DSP 0 BRAM 0 URAM 0 DISPNAME {bind_op mul}} {BINDTYPE op ID {} IMPL fabric LATENCY 0 OPTYPE mul PRAGMA yes RTLNAME mul_4ns_4s_8_1_1_U4 SOURCE /tools/Xilinx/Vitis_HLS/2022.2/common/technology/autopilot/ap_int_base.h:1494 VARIABLE ret_V_2 LOOP VITIS_LOOP_249_1 BUNDLEDNAME {} DSP 0 BRAM 0 URAM 0 DISPNAME {bind_op mul}} {BINDTYPE op ID {} IMPL fabric LATENCY 0 OPTYPE mul PRAGMA yes RTLNAME mul_4ns_4s_8_1_1_U5 SOURCE /tools/Xilinx/Vitis_HLS/2022.2/common/technology/autopilot/ap_int_base.h:1494 VARIABLE ret_V_3 LOOP VITIS_LOOP_249_1 BUNDLEDNAME {} DSP 0 BRAM 0 URAM 0 DISPNAME {bind_op mul}} {BINDTYPE op ID {} IMPL fabric LATENCY 0 OPTYPE mul PRAGMA yes RTLNAME mul_4ns_4s_8_1_1_U322 SOURCE /tools/Xilinx/Vitis_HLS/2022.2/common/technology/autopilot/ap_int_base.h:1494 VARIABLE ret_V_4 LOOP VITIS_LOOP_249_1 BUNDLEDNAME {} DSP 0 BRAM 0 URAM 0 DISPNAME {bind_op mul}} {BINDTYPE op ID {} IMPL fabric LATENCY 0 OPTYPE mul PRAGMA yes RTLNAME mul_4ns_4s_8_1_1_U323 SOURCE /tools/Xilinx/Vitis_HLS/2022.2/common/technology/autopilot/ap_int_base.h:1494 VARIABLE ret_V_5 LOOP VITIS_LOOP_249_1 BUNDLEDNAME {} DSP 0 BRAM 0 URAM 0 DISPNAME {bind_op mul}} {BINDTYPE op ID {} IMPL fabric LATENCY 0 OPTYPE mul PRAGMA yes RTLNAME mul_4ns_4s_8_1_1_U324 SOURCE /tools/Xilinx/Vitis_HLS/2022.2/common/technology/autopilot/ap_int_base.h:1494 VARIABLE ret_V_6 LOOP VITIS_LOOP_249_1 BUNDLEDNAME {} DSP 0 BRAM 0 URAM 0 DISPNAME {bind_op mul}} {BINDTYPE op ID {} IMPL fabric LATENCY 0 OPTYPE mul PRAGMA yes RTLNAME mul_4ns_4s_8_1_1_U6 SOURCE /tools/Xilinx/Vitis_HLS/2022.2/common/technology/autopilot/ap_int_base.h:1494 VARIABLE ret_V_7 LOOP VITIS_LOOP_249_1 BUNDLEDNAME {} DSP 0 BRAM 0 URAM 0 DISPNAME {bind_op mul}} {BINDTYPE op ID {} IMPL fabric LATENCY 0 OPTYPE add PRAGMA {} RTLNAME add_ln840_fu_18906_p2 SOURCE /tools/Xilinx/Vitis_HLS/2022.2/common/technology/autopilot/ap_int_base.h:840 VARIABLE add_ln840 LOOP VITIS_LOOP_249_1 BUNDLEDNAME {} DSP 0 BRAM 0 URAM 0 DISPNAME {bind_op add}} {BINDTYPE op ID {} IMPL fabric LATENCY 0 OPTYPE add PRAGMA {} RTLNAME add_ln840_1_fu_14077_p2 SOURCE /tools/Xilinx/Vitis_HLS/2022.2/common/technology/autopilot/ap_int_base.h:840 VARIABLE add_ln840_1 LOOP VITIS_LOOP_249_1 BUNDLEDNAME {} DSP 0 BRAM 0 URAM 0 DISPNAME {bind_op add}} {BINDTYPE op ID {} IMPL fabric LATENCY 0 OPTYPE add PRAGMA {} RTLNAME add_ln840_3_fu_9419_p2 SOURCE /tools/Xilinx/Vitis_HLS/2022.2/common/technology/autopilot/ap_int_base.h:840 VARIABLE add_ln840_3 LOOP VITIS_LOOP_249_1 BUNDLEDNAME {} DSP 0 BRAM 0 URAM 0 DISPNAME {bind_op add}} {BINDTYPE op ID {} IMPL fabric LATENCY 0 OPTYPE add PRAGMA {} RTLNAME add_ln840_4_fu_9425_p2 SOURCE /tools/Xilinx/Vitis_HLS/2022.2/common/technology/autopilot/ap_int_base.h:840 VARIABLE add_ln840_4 LOOP VITIS_LOOP_249_1 BUNDLEDNAME {} DSP 0 BRAM 0 URAM 0 DISPNAME {bind_op add}} {BINDTYPE op ID {} IMPL fabric LATENCY 0 OPTYPE add PRAGMA {} RTLNAME add_ln840_5_fu_14089_p2 SOURCE /tools/Xilinx/Vitis_HLS/2022.2/common/technology/autopilot/ap_int_base.h:840 VARIABLE add_ln840_5 LOOP VITIS_LOOP_249_1 BUNDLEDNAME {} DSP 0 BRAM 0 URAM 0 DISPNAME {bind_op add}} {BINDTYPE op ID {} IMPL fabric LATENCY 0 OPTYPE add PRAGMA {} RTLNAME add_ln840_6_fu_14099_p2 SOURCE /tools/Xilinx/Vitis_HLS/2022.2/common/technology/autopilot/ap_int_base.h:840 VARIABLE add_ln840_6 LOOP VITIS_LOOP_249_1 BUNDLEDNAME {} DSP 0 BRAM 0 URAM 0 DISPNAME {bind_op add}} {BINDTYPE op ID {} IMPL fabric LATENCY 0 OPTYPE mul PRAGMA yes RTLNAME mul_4s_4ns_8_1_1_U7 SOURCE /tools/Xilinx/Vitis_HLS/2022.2/common/technology/autopilot/ap_int_base.h:1494 VARIABLE ret_V_8 LOOP VITIS_LOOP_249_1 BUNDLEDNAME {} DSP 0 BRAM 0 URAM 0 DISPNAME {bind_op mul}} {BINDTYPE op ID {} IMPL fabric LATENCY 0 OPTYPE mul PRAGMA yes RTLNAME mul_4s_4ns_8_1_1_U8 SOURCE /tools/Xilinx/Vitis_HLS/2022.2/common/technology/autopilot/ap_int_base.h:1494 VARIABLE ret_V_9 LOOP VITIS_LOOP_249_1 BUNDLEDNAME {} DSP 0 BRAM 0 URAM 0 DISPNAME {bind_op mul}} {BINDTYPE op ID {} IMPL fabric LATENCY 0 OPTYPE mul PRAGMA yes RTLNAME mul_4s_4ns_8_1_1_U9 SOURCE /tools/Xilinx/Vitis_HLS/2022.2/common/technology/autopilot/ap_int_base.h:1494 VARIABLE ret_V_10 LOOP VITIS_LOOP_249_1 BUNDLEDNAME {} DSP 0 BRAM 0 URAM 0 DISPNAME {bind_op mul}} {BINDTYPE op ID {} IMPL fabric LATENCY 0 OPTYPE mul PRAGMA yes RTLNAME mul_4s_4ns_8_1_1_U10 SOURCE /tools/Xilinx/Vitis_HLS/2022.2/common/technology/autopilot/ap_int_base.h:1494 VARIABLE ret_V_11 LOOP VITIS_LOOP_249_1 BUNDLEDNAME {} DSP 0 BRAM 0 URAM 0 DISPNAME {bind_op mul}} {BINDTYPE op ID {} IMPL fabric LATENCY 0 OPTYPE mul PRAGMA yes RTLNAME mul_4s_4ns_8_1_1_U325 SOURCE /tools/Xilinx/Vitis_HLS/2022.2/common/technology/autopilot/ap_int_base.h:1494 VARIABLE ret_V_12 LOOP VITIS_LOOP_249_1 BUNDLEDNAME {} DSP 0 BRAM 0 URAM 0 DISPNAME {bind_op mul}} {BINDTYPE op ID {} IMPL fabric LATENCY 0 OPTYPE mul PRAGMA yes RTLNAME mul_4s_4ns_8_1_1_U326 SOURCE /tools/Xilinx/Vitis_HLS/2022.2/common/technology/autopilot/ap_int_base.h:1494 VARIABLE ret_V_13 LOOP VITIS_LOOP_249_1 BUNDLEDNAME {} DSP 0 BRAM 0 URAM 0 DISPNAME {bind_op mul}} {BINDTYPE op ID {} IMPL fabric LATENCY 0 OPTYPE mul PRAGMA yes RTLNAME mul_4s_4ns_8_1_1_U327 SOURCE /tools/Xilinx/Vitis_HLS/2022.2/common/technology/autopilot/ap_int_base.h:1494 VARIABLE ret_V_14 LOOP VITIS_LOOP_249_1 BUNDLEDNAME {} DSP 0 BRAM 0 URAM 0 DISPNAME {bind_op mul}} {BINDTYPE op ID {} IMPL fabric LATENCY 0 OPTYPE mul PRAGMA yes RTLNAME mul_4s_4ns_8_1_1_U11 SOURCE /tools/Xilinx/Vitis_HLS/2022.2/common/technology/autopilot/ap_int_base.h:1494 VARIABLE ret_V_15 LOOP VITIS_LOOP_249_1 BUNDLEDNAME {} DSP 0 BRAM 0 URAM 0 DISPNAME {bind_op mul}} {BINDTYPE op ID {} IMPL fabric LATENCY 0 OPTYPE add PRAGMA {} RTLNAME add_ln840_8_fu_18933_p2 SOURCE /tools/Xilinx/Vitis_HLS/2022.2/common/technology/autopilot/ap_int_base.h:840 VARIABLE add_ln840_8 LOOP VITIS_LOOP_249_1 BUNDLEDNAME {} DSP 0 BRAM 0 URAM 0 DISPNAME {bind_op add}} {BINDTYPE op ID {} IMPL fabric LATENCY 0 OPTYPE add PRAGMA {} RTLNAME add_ln840_9_fu_14143_p2 SOURCE /tools/Xilinx/Vitis_HLS/2022.2/common/technology/autopilot/ap_int_base.h:840 VARIABLE add_ln840_9 LOOP VITIS_LOOP_249_1 BUNDLEDNAME {} DSP 0 BRAM 0 URAM 0 DISPNAME {bind_op add}} {BINDTYPE op ID {} IMPL fabric LATENCY 0 OPTYPE add PRAGMA {} RTLNAME add_ln840_11_fu_9492_p2 SOURCE /tools/Xilinx/Vitis_HLS/2022.2/common/technology/autopilot/ap_int_base.h:840 VARIABLE add_ln840_11 LOOP VITIS_LOOP_249_1 BUNDLEDNAME {} DSP 0 BRAM 0 URAM 0 DISPNAME {bind_op add}} {BINDTYPE op ID {} IMPL fabric LATENCY 0 OPTYPE add PRAGMA {} RTLNAME add_ln840_12_fu_9498_p2 SOURCE /tools/Xilinx/Vitis_HLS/2022.2/common/technology/autopilot/ap_int_base.h:840 VARIABLE add_ln840_12 LOOP VITIS_LOOP_249_1 BUNDLEDNAME {} DSP 0 BRAM 0 URAM 0 DISPNAME {bind_op add}} {BINDTYPE op ID {} IMPL fabric LATENCY 0 OPTYPE add PRAGMA {} RTLNAME add_ln840_13_fu_14155_p2 SOURCE /tools/Xilinx/Vitis_HLS/2022.2/common/technology/autopilot/ap_int_base.h:840 VARIABLE add_ln840_13 LOOP VITIS_LOOP_249_1 BUNDLEDNAME {} DSP 0 BRAM 0 URAM 0 DISPNAME {bind_op add}} {BINDTYPE op ID {} IMPL fabric LATENCY 0 OPTYPE add PRAGMA {} RTLNAME add_ln840_14_fu_14165_p2 SOURCE /tools/Xilinx/Vitis_HLS/2022.2/common/technology/autopilot/ap_int_base.h:840 VARIABLE add_ln840_14 LOOP VITIS_LOOP_249_1 BUNDLEDNAME {} DSP 0 BRAM 0 URAM 0 DISPNAME {bind_op add}} {BINDTYPE op ID {} IMPL fabric LATENCY 0 OPTYPE mul PRAGMA yes RTLNAME mul_4s_4ns_8_1_1_U12 SOURCE /tools/Xilinx/Vitis_HLS/2022.2/common/technology/autopilot/ap_int_base.h:1494 VARIABLE ret_V_16 LOOP VITIS_LOOP_249_1 BUNDLEDNAME {} DSP 0 BRAM 0 URAM 0 DISPNAME {bind_op mul}} {BINDTYPE op ID {} IMPL fabric LATENCY 0 OPTYPE mul PRAGMA yes RTLNAME mul_4s_4ns_8_1_1_U13 SOURCE /tools/Xilinx/Vitis_HLS/2022.2/common/technology/autopilot/ap_int_base.h:1494 VARIABLE ret_V_17 LOOP VITIS_LOOP_249_1 BUNDLEDNAME {} DSP 0 BRAM 0 URAM 0 DISPNAME {bind_op mul}} {BINDTYPE op ID {} IMPL fabric LATENCY 0 OPTYPE mul PRAGMA yes RTLNAME mul_4s_4ns_8_1_1_U14 SOURCE /tools/Xilinx/Vitis_HLS/2022.2/common/technology/autopilot/ap_int_base.h:1494 VARIABLE ret_V_18 LOOP VITIS_LOOP_249_1 BUNDLEDNAME {} DSP 0 BRAM 0 URAM 0 DISPNAME {bind_op mul}} {BINDTYPE op ID {} IMPL fabric LATENCY 0 OPTYPE mul PRAGMA yes RTLNAME mul_4s_4ns_8_1_1_U15 SOURCE /tools/Xilinx/Vitis_HLS/2022.2/common/technology/autopilot/ap_int_base.h:1494 VARIABLE ret_V_19 LOOP VITIS_LOOP_249_1 BUNDLEDNAME {} DSP 0 BRAM 0 URAM 0 DISPNAME {bind_op mul}} {BINDTYPE op ID {} IMPL fabric LATENCY 0 OPTYPE mul PRAGMA yes RTLNAME mul_4s_4ns_8_1_1_U328 SOURCE /tools/Xilinx/Vitis_HLS/2022.2/common/technology/autopilot/ap_int_base.h:1494 VARIABLE ret_V_20 LOOP VITIS_LOOP_249_1 BUNDLEDNAME {} DSP 0 BRAM 0 URAM 0 DISPNAME {bind_op mul}} {BINDTYPE op ID {} IMPL fabric LATENCY 0 OPTYPE mul PRAGMA yes RTLNAME mul_4s_4ns_8_1_1_U329 SOURCE /tools/Xilinx/Vitis_HLS/2022.2/common/technology/autopilot/ap_int_base.h:1494 VARIABLE ret_V_21 LOOP VITIS_LOOP_249_1 BUNDLEDNAME {} DSP 0 BRAM 0 URAM 0 DISPNAME {bind_op mul}} {BINDTYPE op ID {} IMPL fabric LATENCY 0 OPTYPE mul PRAGMA yes RTLNAME mul_4s_4ns_8_1_1_U330 SOURCE /tools/Xilinx/Vitis_HLS/2022.2/common/technology/autopilot/ap_int_base.h:1494 VARIABLE ret_V_22 LOOP VITIS_LOOP_249_1 BUNDLEDNAME {} DSP 0 BRAM 0 URAM 0 DISPNAME {bind_op mul}} {BINDTYPE op ID {} IMPL fabric LATENCY 0 OPTYPE mul PRAGMA yes RTLNAME mul_4s_4ns_8_1_1_U16 SOURCE /tools/Xilinx/Vitis_HLS/2022.2/common/technology/autopilot/ap_int_base.h:1494 VARIABLE ret_V_23 LOOP VITIS_LOOP_249_1 BUNDLEDNAME {} DSP 0 BRAM 0 URAM 0 DISPNAME {bind_op mul}} {BINDTYPE op ID {} IMPL fabric LATENCY 0 OPTYPE add PRAGMA {} RTLNAME add_ln840_16_fu_18960_p2 SOURCE /tools/Xilinx/Vitis_HLS/2022.2/common/technology/autopilot/ap_int_base.h:840 VARIABLE add_ln840_16 LOOP VITIS_LOOP_249_1 BUNDLEDNAME {} DSP 0 BRAM 0 URAM 0 DISPNAME {bind_op add}} {BINDTYPE op ID {} IMPL fabric LATENCY 0 OPTYPE add PRAGMA {} RTLNAME add_ln840_17_fu_14209_p2 SOURCE /tools/Xilinx/Vitis_HLS/2022.2/common/technology/autopilot/ap_int_base.h:840 VARIABLE add_ln840_17 LOOP VITIS_LOOP_249_1 BUNDLEDNAME {} DSP 0 BRAM 0 URAM 0 DISPNAME {bind_op add}} {BINDTYPE op ID {} IMPL fabric LATENCY 0 OPTYPE add PRAGMA {} RTLNAME add_ln840_19_fu_9565_p2 SOURCE /tools/Xilinx/Vitis_HLS/2022.2/common/technology/autopilot/ap_int_base.h:840 VARIABLE add_ln840_19 LOOP VITIS_LOOP_249_1 BUNDLEDNAME {} DSP 0 BRAM 0 URAM 0 DISPNAME {bind_op add}} {BINDTYPE op ID {} IMPL fabric LATENCY 0 OPTYPE add PRAGMA {} RTLNAME add_ln840_20_fu_9571_p2 SOURCE /tools/Xilinx/Vitis_HLS/2022.2/common/technology/autopilot/ap_int_base.h:840 VARIABLE add_ln840_20 LOOP VITIS_LOOP_249_1 BUNDLEDNAME {} DSP 0 BRAM 0 URAM 0 DISPNAME {bind_op add}} {BINDTYPE op ID {} IMPL fabric LATENCY 0 OPTYPE add PRAGMA {} RTLNAME add_ln840_21_fu_14221_p2 SOURCE /tools/Xilinx/Vitis_HLS/2022.2/common/technology/autopilot/ap_int_base.h:840 VARIABLE add_ln840_21 LOOP VITIS_LOOP_249_1 BUNDLEDNAME {} DSP 0 BRAM 0 URAM 0 DISPNAME {bind_op add}} {BINDTYPE op ID {} IMPL fabric LATENCY 0 OPTYPE add PRAGMA {} RTLNAME add_ln840_22_fu_14231_p2 SOURCE /tools/Xilinx/Vitis_HLS/2022.2/common/technology/autopilot/ap_int_base.h:840 VARIABLE add_ln840_22 LOOP VITIS_LOOP_249_1 BUNDLEDNAME {} DSP 0 BRAM 0 URAM 0 DISPNAME {bind_op add}} {BINDTYPE op ID {} IMPL fabric LATENCY 0 OPTYPE mul PRAGMA yes RTLNAME mul_4s_4ns_8_1_1_U17 SOURCE /tools/Xilinx/Vitis_HLS/2022.2/common/technology/autopilot/ap_int_base.h:1494 VARIABLE ret_V_24 LOOP VITIS_LOOP_249_1 BUNDLEDNAME {} DSP 0 BRAM 0 URAM 0 DISPNAME {bind_op mul}} {BINDTYPE op ID {} IMPL fabric LATENCY 0 OPTYPE mul PRAGMA yes RTLNAME mul_4s_4ns_8_1_1_U18 SOURCE /tools/Xilinx/Vitis_HLS/2022.2/common/technology/autopilot/ap_int_base.h:1494 VARIABLE ret_V_25 LOOP VITIS_LOOP_249_1 BUNDLEDNAME {} DSP 0 BRAM 0 URAM 0 DISPNAME {bind_op mul}} {BINDTYPE op ID {} IMPL fabric LATENCY 0 OPTYPE mul PRAGMA yes RTLNAME mul_4s_4ns_8_1_1_U19 SOURCE /tools/Xilinx/Vitis_HLS/2022.2/common/technology/autopilot/ap_int_base.h:1494 VARIABLE ret_V_26 LOOP VITIS_LOOP_249_1 BUNDLEDNAME {} DSP 0 BRAM 0 URAM 0 DISPNAME {bind_op mul}} {BINDTYPE op ID {} IMPL fabric LATENCY 0 OPTYPE mul PRAGMA yes RTLNAME mul_4s_4ns_8_1_1_U20 SOURCE /tools/Xilinx/Vitis_HLS/2022.2/common/technology/autopilot/ap_int_base.h:1494 VARIABLE ret_V_27 LOOP VITIS_LOOP_249_1 BUNDLEDNAME {} DSP 0 BRAM 0 URAM 0 DISPNAME {bind_op mul}} {BINDTYPE op ID {} IMPL fabric LATENCY 0 OPTYPE mul PRAGMA yes RTLNAME mul_4s_4ns_8_1_1_U331 SOURCE /tools/Xilinx/Vitis_HLS/2022.2/common/technology/autopilot/ap_int_base.h:1494 VARIABLE ret_V_28 LOOP VITIS_LOOP_249_1 BUNDLEDNAME {} DSP 0 BRAM 0 URAM 0 DISPNAME {bind_op mul}} {BINDTYPE op ID {} IMPL fabric LATENCY 0 OPTYPE mul PRAGMA yes RTLNAME mul_4s_4ns_8_1_1_U332 SOURCE /tools/Xilinx/Vitis_HLS/2022.2/common/technology/autopilot/ap_int_base.h:1494 VARIABLE ret_V_29 LOOP VITIS_LOOP_249_1 BUNDLEDNAME {} DSP 0 BRAM 0 URAM 0 DISPNAME {bind_op mul}} {BINDTYPE op ID {} IMPL fabric LATENCY 0 OPTYPE mul PRAGMA yes RTLNAME mul_4s_4ns_8_1_1_U333 SOURCE /tools/Xilinx/Vitis_HLS/2022.2/common/technology/autopilot/ap_int_base.h:1494 VARIABLE ret_V_30 LOOP VITIS_LOOP_249_1 BUNDLEDNAME {} DSP 0 BRAM 0 URAM 0 DISPNAME {bind_op mul}} {BINDTYPE op ID {} IMPL fabric LATENCY 0 OPTYPE mul PRAGMA yes RTLNAME mul_4s_4ns_8_1_1_U21 SOURCE /tools/Xilinx/Vitis_HLS/2022.2/common/technology/autopilot/ap_int_base.h:1494 VARIABLE ret_V_31 LOOP VITIS_LOOP_249_1 BUNDLEDNAME {} DSP 0 BRAM 0 URAM 0 DISPNAME {bind_op mul}} {BINDTYPE op ID {} IMPL fabric LATENCY 0 OPTYPE add PRAGMA {} RTLNAME add_ln840_24_fu_18987_p2 SOURCE /tools/Xilinx/Vitis_HLS/2022.2/common/technology/autopilot/ap_int_base.h:840 VARIABLE add_ln840_24 LOOP VITIS_LOOP_249_1 BUNDLEDNAME {} DSP 0 BRAM 0 URAM 0 DISPNAME {bind_op add}} {BINDTYPE op ID {} IMPL fabric LATENCY 0 OPTYPE add PRAGMA {} RTLNAME add_ln840_25_fu_14275_p2 SOURCE /tools/Xilinx/Vitis_HLS/2022.2/common/technology/autopilot/ap_int_base.h:840 VARIABLE add_ln840_25 LOOP VITIS_LOOP_249_1 BUNDLEDNAME {} DSP 0 BRAM 0 URAM 0 DISPNAME {bind_op add}} {BINDTYPE op ID {} IMPL fabric LATENCY 0 OPTYPE add PRAGMA {} RTLNAME add_ln840_27_fu_9638_p2 SOURCE /tools/Xilinx/Vitis_HLS/2022.2/common/technology/autopilot/ap_int_base.h:840 VARIABLE add_ln840_27 LOOP VITIS_LOOP_249_1 BUNDLEDNAME {} DSP 0 BRAM 0 URAM 0 DISPNAME {bind_op add}} {BINDTYPE op ID {} IMPL fabric LATENCY 0 OPTYPE add PRAGMA {} RTLNAME add_ln840_28_fu_9644_p2 SOURCE /tools/Xilinx/Vitis_HLS/2022.2/common/technology/autopilot/ap_int_base.h:840 VARIABLE add_ln840_28 LOOP VITIS_LOOP_249_1 BUNDLEDNAME {} DSP 0 BRAM 0 URAM 0 DISPNAME {bind_op add}} {BINDTYPE op ID {} IMPL fabric LATENCY 0 OPTYPE add PRAGMA {} RTLNAME add_ln840_29_fu_14287_p2 SOURCE /tools/Xilinx/Vitis_HLS/2022.2/common/technology/autopilot/ap_int_base.h:840 VARIABLE add_ln840_29 LOOP VITIS_LOOP_249_1 BUNDLEDNAME {} DSP 0 BRAM 0 URAM 0 DISPNAME {bind_op add}} {BINDTYPE op ID {} IMPL fabric LATENCY 0 OPTYPE add PRAGMA {} RTLNAME add_ln840_30_fu_14297_p2 SOURCE /tools/Xilinx/Vitis_HLS/2022.2/common/technology/autopilot/ap_int_base.h:840 VARIABLE add_ln840_30 LOOP VITIS_LOOP_249_1 BUNDLEDNAME {} DSP 0 BRAM 0 URAM 0 DISPNAME {bind_op add}} {BINDTYPE op ID {} IMPL fabric LATENCY 0 OPTYPE mul PRAGMA yes RTLNAME mul_4s_4ns_8_1_1_U22 SOURCE /tools/Xilinx/Vitis_HLS/2022.2/common/technology/autopilot/ap_int_base.h:1494 VARIABLE ret_V_32 LOOP VITIS_LOOP_249_1 BUNDLEDNAME {} DSP 0 BRAM 0 URAM 0 DISPNAME {bind_op mul}} {BINDTYPE op ID {} IMPL fabric LATENCY 0 OPTYPE mul PRAGMA yes RTLNAME mul_4s_4ns_8_1_1_U23 SOURCE /tools/Xilinx/Vitis_HLS/2022.2/common/technology/autopilot/ap_int_base.h:1494 VARIABLE ret_V_33 LOOP VITIS_LOOP_249_1 BUNDLEDNAME {} DSP 0 BRAM 0 URAM 0 DISPNAME {bind_op mul}} {BINDTYPE op ID {} IMPL fabric LATENCY 0 OPTYPE mul PRAGMA yes RTLNAME mul_4s_4ns_8_1_1_U24 SOURCE /tools/Xilinx/Vitis_HLS/2022.2/common/technology/autopilot/ap_int_base.h:1494 VARIABLE ret_V_34 LOOP VITIS_LOOP_249_1 BUNDLEDNAME {} DSP 0 BRAM 0 URAM 0 DISPNAME {bind_op mul}} {BINDTYPE op ID {} IMPL fabric LATENCY 0 OPTYPE mul PRAGMA yes RTLNAME mul_4s_4ns_8_1_1_U25 SOURCE /tools/Xilinx/Vitis_HLS/2022.2/common/technology/autopilot/ap_int_base.h:1494 VARIABLE ret_V_35 LOOP VITIS_LOOP_249_1 BUNDLEDNAME {} DSP 0 BRAM 0 URAM 0 DISPNAME {bind_op mul}} {BINDTYPE op ID {} IMPL fabric LATENCY 0 OPTYPE mul PRAGMA yes RTLNAME mul_4s_4ns_8_1_1_U334 SOURCE /tools/Xilinx/Vitis_HLS/2022.2/common/technology/autopilot/ap_int_base.h:1494 VARIABLE ret_V_36 LOOP VITIS_LOOP_249_1 BUNDLEDNAME {} DSP 0 BRAM 0 URAM 0 DISPNAME {bind_op mul}} {BINDTYPE op ID {} IMPL fabric LATENCY 0 OPTYPE mul PRAGMA yes RTLNAME mul_4s_4ns_8_1_1_U335 SOURCE /tools/Xilinx/Vitis_HLS/2022.2/common/technology/autopilot/ap_int_base.h:1494 VARIABLE ret_V_37 LOOP VITIS_LOOP_249_1 BUNDLEDNAME {} DSP 0 BRAM 0 URAM 0 DISPNAME {bind_op mul}} {BINDTYPE op ID {} IMPL fabric LATENCY 0 OPTYPE mul PRAGMA yes RTLNAME mul_4s_4ns_8_1_1_U336 SOURCE /tools/Xilinx/Vitis_HLS/2022.2/common/technology/autopilot/ap_int_base.h:1494 VARIABLE ret_V_38 LOOP VITIS_LOOP_249_1 BUNDLEDNAME {} DSP 0 BRAM 0 URAM 0 DISPNAME {bind_op mul}} {BINDTYPE op ID {} IMPL fabric LATENCY 0 OPTYPE mul PRAGMA yes RTLNAME mul_4s_4ns_8_1_1_U26 SOURCE /tools/Xilinx/Vitis_HLS/2022.2/common/technology/autopilot/ap_int_base.h:1494 VARIABLE ret_V_39 LOOP VITIS_LOOP_249_1 BUNDLEDNAME {} DSP 0 BRAM 0 URAM 0 DISPNAME {bind_op mul}} {BINDTYPE op ID {} IMPL fabric LATENCY 0 OPTYPE add PRAGMA {} RTLNAME add_ln840_32_fu_19014_p2 SOURCE /tools/Xilinx/Vitis_HLS/2022.2/common/technology/autopilot/ap_int_base.h:840 VARIABLE add_ln840_32 LOOP VITIS_LOOP_249_1 BUNDLEDNAME {} DSP 0 BRAM 0 URAM 0 DISPNAME {bind_op add}} {BINDTYPE op ID {} IMPL fabric LATENCY 0 OPTYPE add PRAGMA {} RTLNAME add_ln840_33_fu_14341_p2 SOURCE /tools/Xilinx/Vitis_HLS/2022.2/common/technology/autopilot/ap_int_base.h:840 VARIABLE add_ln840_33 LOOP VITIS_LOOP_249_1 BUNDLEDNAME {} DSP 0 BRAM 0 URAM 0 DISPNAME {bind_op add}} {BINDTYPE op ID {} IMPL fabric LATENCY 0 OPTYPE add PRAGMA {} RTLNAME add_ln840_35_fu_9711_p2 SOURCE /tools/Xilinx/Vitis_HLS/2022.2/common/technology/autopilot/ap_int_base.h:840 VARIABLE add_ln840_35 LOOP VITIS_LOOP_249_1 BUNDLEDNAME {} DSP 0 BRAM 0 URAM 0 DISPNAME {bind_op add}} {BINDTYPE op ID {} IMPL fabric LATENCY 0 OPTYPE add PRAGMA {} RTLNAME add_ln840_36_fu_9717_p2 SOURCE /tools/Xilinx/Vitis_HLS/2022.2/common/technology/autopilot/ap_int_base.h:840 VARIABLE add_ln840_36 LOOP VITIS_LOOP_249_1 BUNDLEDNAME {} DSP 0 BRAM 0 URAM 0 DISPNAME {bind_op add}} {BINDTYPE op ID {} IMPL fabric LATENCY 0 OPTYPE add PRAGMA {} RTLNAME add_ln840_37_fu_14353_p2 SOURCE /tools/Xilinx/Vitis_HLS/2022.2/common/technology/autopilot/ap_int_base.h:840 VARIABLE add_ln840_37 LOOP VITIS_LOOP_249_1 BUNDLEDNAME {} DSP 0 BRAM 0 URAM 0 DISPNAME {bind_op add}} {BINDTYPE op ID {} IMPL fabric LATENCY 0 OPTYPE add PRAGMA {} RTLNAME add_ln840_38_fu_14363_p2 SOURCE /tools/Xilinx/Vitis_HLS/2022.2/common/technology/autopilot/ap_int_base.h:840 VARIABLE add_ln840_38 LOOP VITIS_LOOP_249_1 BUNDLEDNAME {} DSP 0 BRAM 0 URAM 0 DISPNAME {bind_op add}} {BINDTYPE op ID {} IMPL fabric LATENCY 0 OPTYPE mul PRAGMA yes RTLNAME mul_4s_4ns_8_1_1_U27 SOURCE /tools/Xilinx/Vitis_HLS/2022.2/common/technology/autopilot/ap_int_base.h:1494 VARIABLE ret_V_40 LOOP VITIS_LOOP_249_1 BUNDLEDNAME {} DSP 0 BRAM 0 URAM 0 DISPNAME {bind_op mul}} {BINDTYPE op ID {} IMPL fabric LATENCY 0 OPTYPE mul PRAGMA yes RTLNAME mul_4s_4ns_8_1_1_U28 SOURCE /tools/Xilinx/Vitis_HLS/2022.2/common/technology/autopilot/ap_int_base.h:1494 VARIABLE ret_V_41 LOOP VITIS_LOOP_249_1 BUNDLEDNAME {} DSP 0 BRAM 0 URAM 0 DISPNAME {bind_op mul}} {BINDTYPE op ID {} IMPL fabric LATENCY 0 OPTYPE mul PRAGMA yes RTLNAME mul_4s_4ns_8_1_1_U29 SOURCE /tools/Xilinx/Vitis_HLS/2022.2/common/technology/autopilot/ap_int_base.h:1494 VARIABLE ret_V_42 LOOP VITIS_LOOP_249_1 BUNDLEDNAME {} DSP 0 BRAM 0 URAM 0 DISPNAME {bind_op mul}} {BINDTYPE op ID {} IMPL fabric LATENCY 0 OPTYPE mul PRAGMA yes RTLNAME mul_4s_4ns_8_1_1_U30 SOURCE /tools/Xilinx/Vitis_HLS/2022.2/common/technology/autopilot/ap_int_base.h:1494 VARIABLE ret_V_43 LOOP VITIS_LOOP_249_1 BUNDLEDNAME {} DSP 0 BRAM 0 URAM 0 DISPNAME {bind_op mul}} {BINDTYPE op ID {} IMPL fabric LATENCY 0 OPTYPE mul PRAGMA yes RTLNAME mul_4s_4ns_8_1_1_U337 SOURCE /tools/Xilinx/Vitis_HLS/2022.2/common/technology/autopilot/ap_int_base.h:1494 VARIABLE ret_V_44 LOOP VITIS_LOOP_249_1 BUNDLEDNAME {} DSP 0 BRAM 0 URAM 0 DISPNAME {bind_op mul}} {BINDTYPE op ID {} IMPL fabric LATENCY 0 OPTYPE mul PRAGMA yes RTLNAME mul_4s_4ns_8_1_1_U338 SOURCE /tools/Xilinx/Vitis_HLS/2022.2/common/technology/autopilot/ap_int_base.h:1494 VARIABLE ret_V_45 LOOP VITIS_LOOP_249_1 BUNDLEDNAME {} DSP 0 BRAM 0 URAM 0 DISPNAME {bind_op mul}} {BINDTYPE op ID {} IMPL fabric LATENCY 0 OPTYPE mul PRAGMA yes RTLNAME mul_4s_4ns_8_1_1_U339 SOURCE /tools/Xilinx/Vitis_HLS/2022.2/common/technology/autopilot/ap_int_base.h:1494 VARIABLE ret_V_46 LOOP VITIS_LOOP_249_1 BUNDLEDNAME {} DSP 0 BRAM 0 URAM 0 DISPNAME {bind_op mul}} {BINDTYPE op ID {} IMPL fabric LATENCY 0 OPTYPE mul PRAGMA yes RTLNAME mul_4s_4ns_8_1_1_U31 SOURCE /tools/Xilinx/Vitis_HLS/2022.2/common/technology/autopilot/ap_int_base.h:1494 VARIABLE ret_V_47 LOOP VITIS_LOOP_249_1 BUNDLEDNAME {} DSP 0 BRAM 0 URAM 0 DISPNAME {bind_op mul}} {BINDTYPE op ID {} IMPL fabric LATENCY 0 OPTYPE add PRAGMA {} RTLNAME add_ln840_40_fu_19041_p2 SOURCE /tools/Xilinx/Vitis_HLS/2022.2/common/technology/autopilot/ap_int_base.h:840 VARIABLE add_ln840_40 LOOP VITIS_LOOP_249_1 BUNDLEDNAME {} DSP 0 BRAM 0 URAM 0 DISPNAME {bind_op add}} {BINDTYPE op ID {} IMPL fabric LATENCY 0 OPTYPE add PRAGMA {} RTLNAME add_ln840_41_fu_14407_p2 SOURCE /tools/Xilinx/Vitis_HLS/2022.2/common/technology/autopilot/ap_int_base.h:840 VARIABLE add_ln840_41 LOOP VITIS_LOOP_249_1 BUNDLEDNAME {} DSP 0 BRAM 0 URAM 0 DISPNAME {bind_op add}} {BINDTYPE op ID {} IMPL fabric LATENCY 0 OPTYPE add PRAGMA {} RTLNAME add_ln840_43_fu_9784_p2 SOURCE /tools/Xilinx/Vitis_HLS/2022.2/common/technology/autopilot/ap_int_base.h:840 VARIABLE add_ln840_43 LOOP VITIS_LOOP_249_1 BUNDLEDNAME {} DSP 0 BRAM 0 URAM 0 DISPNAME {bind_op add}} {BINDTYPE op ID {} IMPL fabric LATENCY 0 OPTYPE add PRAGMA {} RTLNAME add_ln840_44_fu_9790_p2 SOURCE /tools/Xilinx/Vitis_HLS/2022.2/common/technology/autopilot/ap_int_base.h:840 VARIABLE add_ln840_44 LOOP VITIS_LOOP_249_1 BUNDLEDNAME {} DSP 0 BRAM 0 URAM 0 DISPNAME {bind_op add}} {BINDTYPE op ID {} IMPL fabric LATENCY 0 OPTYPE add PRAGMA {} RTLNAME add_ln840_45_fu_14419_p2 SOURCE /tools/Xilinx/Vitis_HLS/2022.2/common/technology/autopilot/ap_int_base.h:840 VARIABLE add_ln840_45 LOOP VITIS_LOOP_249_1 BUNDLEDNAME {} DSP 0 BRAM 0 URAM 0 DISPNAME {bind_op add}} {BINDTYPE op ID {} IMPL fabric LATENCY 0 OPTYPE add PRAGMA {} RTLNAME add_ln840_46_fu_14429_p2 SOURCE /tools/Xilinx/Vitis_HLS/2022.2/common/technology/autopilot/ap_int_base.h:840 VARIABLE add_ln840_46 LOOP VITIS_LOOP_249_1 BUNDLEDNAME {} DSP 0 BRAM 0 URAM 0 DISPNAME {bind_op add}} {BINDTYPE op ID {} IMPL fabric LATENCY 0 OPTYPE mul PRAGMA yes RTLNAME mul_4s_4ns_8_1_1_U32 SOURCE /tools/Xilinx/Vitis_HLS/2022.2/common/technology/autopilot/ap_int_base.h:1494 VARIABLE ret_V_48 LOOP VITIS_LOOP_249_1 BUNDLEDNAME {} DSP 0 BRAM 0 URAM 0 DISPNAME {bind_op mul}} {BINDTYPE op ID {} IMPL fabric LATENCY 0 OPTYPE mul PRAGMA yes RTLNAME mul_4s_4ns_8_1_1_U33 SOURCE /tools/Xilinx/Vitis_HLS/2022.2/common/technology/autopilot/ap_int_base.h:1494 VARIABLE ret_V_49 LOOP VITIS_LOOP_249_1 BUNDLEDNAME {} DSP 0 BRAM 0 URAM 0 DISPNAME {bind_op mul}} {BINDTYPE op ID {} IMPL fabric LATENCY 0 OPTYPE mul PRAGMA yes RTLNAME mul_4s_4ns_8_1_1_U34 SOURCE /tools/Xilinx/Vitis_HLS/2022.2/common/technology/autopilot/ap_int_base.h:1494 VARIABLE ret_V_50 LOOP VITIS_LOOP_249_1 BUNDLEDNAME {} DSP 0 BRAM 0 URAM 0 DISPNAME {bind_op mul}} {BINDTYPE op ID {} IMPL fabric LATENCY 0 OPTYPE mul PRAGMA yes RTLNAME mul_4s_4ns_8_1_1_U35 SOURCE /tools/Xilinx/Vitis_HLS/2022.2/common/technology/autopilot/ap_int_base.h:1494 VARIABLE ret_V_51 LOOP VITIS_LOOP_249_1 BUNDLEDNAME {} DSP 0 BRAM 0 URAM 0 DISPNAME {bind_op mul}} {BINDTYPE op ID {} IMPL fabric LATENCY 0 OPTYPE mul PRAGMA yes RTLNAME mul_4s_4ns_8_1_1_U340 SOURCE /tools/Xilinx/Vitis_HLS/2022.2/common/technology/autopilot/ap_int_base.h:1494 VARIABLE ret_V_52 LOOP VITIS_LOOP_249_1 BUNDLEDNAME {} DSP 0 BRAM 0 URAM 0 DISPNAME {bind_op mul}} {BINDTYPE op ID {} IMPL fabric LATENCY 0 OPTYPE mul PRAGMA yes RTLNAME mul_4s_4ns_8_1_1_U341 SOURCE /tools/Xilinx/Vitis_HLS/2022.2/common/technology/autopilot/ap_int_base.h:1494 VARIABLE ret_V_53 LOOP VITIS_LOOP_249_1 BUNDLEDNAME {} DSP 0 BRAM 0 URAM 0 DISPNAME {bind_op mul}} {BINDTYPE op ID {} IMPL fabric LATENCY 0 OPTYPE mul PRAGMA yes RTLNAME mul_4s_4ns_8_1_1_U342 SOURCE /tools/Xilinx/Vitis_HLS/2022.2/common/technology/autopilot/ap_int_base.h:1494 VARIABLE ret_V_54 LOOP VITIS_LOOP_249_1 BUNDLEDNAME {} DSP 0 BRAM 0 URAM 0 DISPNAME {bind_op mul}} {BINDTYPE op ID {} IMPL fabric LATENCY 0 OPTYPE mul PRAGMA yes RTLNAME mul_4s_4ns_8_1_1_U36 SOURCE /tools/Xilinx/Vitis_HLS/2022.2/common/technology/autopilot/ap_int_base.h:1494 VARIABLE ret_V_55 LOOP VITIS_LOOP_249_1 BUNDLEDNAME {} DSP 0 BRAM 0 URAM 0 DISPNAME {bind_op mul}} {BINDTYPE op ID {} IMPL fabric LATENCY 0 OPTYPE add PRAGMA {} RTLNAME add_ln840_48_fu_19068_p2 SOURCE /tools/Xilinx/Vitis_HLS/2022.2/common/technology/autopilot/ap_int_base.h:840 VARIABLE add_ln840_48 LOOP VITIS_LOOP_249_1 BUNDLEDNAME {} DSP 0 BRAM 0 URAM 0 DISPNAME {bind_op add}} {BINDTYPE op ID {} IMPL fabric LATENCY 0 OPTYPE add PRAGMA {} RTLNAME add_ln840_49_fu_14473_p2 SOURCE /tools/Xilinx/Vitis_HLS/2022.2/common/technology/autopilot/ap_int_base.h:840 VARIABLE add_ln840_49 LOOP VITIS_LOOP_249_1 BUNDLEDNAME {} DSP 0 BRAM 0 URAM 0 DISPNAME {bind_op add}} {BINDTYPE op ID {} IMPL fabric LATENCY 0 OPTYPE add PRAGMA {} RTLNAME add_ln840_51_fu_9857_p2 SOURCE /tools/Xilinx/Vitis_HLS/2022.2/common/technology/autopilot/ap_int_base.h:840 VARIABLE add_ln840_51 LOOP VITIS_LOOP_249_1 BUNDLEDNAME {} DSP 0 BRAM 0 URAM 0 DISPNAME {bind_op add}} {BINDTYPE op ID {} IMPL fabric LATENCY 0 OPTYPE add PRAGMA {} RTLNAME add_ln840_52_fu_9863_p2 SOURCE /tools/Xilinx/Vitis_HLS/2022.2/common/technology/autopilot/ap_int_base.h:840 VARIABLE add_ln840_52 LOOP VITIS_LOOP_249_1 BUNDLEDNAME {} DSP 0 BRAM 0 URAM 0 DISPNAME {bind_op add}} {BINDTYPE op ID {} IMPL fabric LATENCY 0 OPTYPE add PRAGMA {} RTLNAME add_ln840_53_fu_14485_p2 SOURCE /tools/Xilinx/Vitis_HLS/2022.2/common/technology/autopilot/ap_int_base.h:840 VARIABLE add_ln840_53 LOOP VITIS_LOOP_249_1 BUNDLEDNAME {} DSP 0 BRAM 0 URAM 0 DISPNAME {bind_op add}} {BINDTYPE op ID {} IMPL fabric LATENCY 0 OPTYPE add PRAGMA {} RTLNAME add_ln840_54_fu_14495_p2 SOURCE /tools/Xilinx/Vitis_HLS/2022.2/common/technology/autopilot/ap_int_base.h:840 VARIABLE add_ln840_54 LOOP VITIS_LOOP_249_1 BUNDLEDNAME {} DSP 0 BRAM 0 URAM 0 DISPNAME {bind_op add}} {BINDTYPE op ID {} IMPL fabric LATENCY 0 OPTYPE mul PRAGMA yes RTLNAME mul_4s_4ns_8_1_1_U37 SOURCE /tools/Xilinx/Vitis_HLS/2022.2/common/technology/autopilot/ap_int_base.h:1494 VARIABLE ret_V_56 LOOP VITIS_LOOP_249_1 BUNDLEDNAME {} DSP 0 BRAM 0 URAM 0 DISPNAME {bind_op mul}} {BINDTYPE op ID {} IMPL fabric LATENCY 0 OPTYPE mul PRAGMA yes RTLNAME mul_4s_4ns_8_1_1_U38 SOURCE /tools/Xilinx/Vitis_HLS/2022.2/common/technology/autopilot/ap_int_base.h:1494 VARIABLE ret_V_57 LOOP VITIS_LOOP_249_1 BUNDLEDNAME {} DSP 0 BRAM 0 URAM 0 DISPNAME {bind_op mul}} {BINDTYPE op ID {} IMPL fabric LATENCY 0 OPTYPE mul PRAGMA yes RTLNAME mul_4s_4ns_8_1_1_U39 SOURCE /tools/Xilinx/Vitis_HLS/2022.2/common/technology/autopilot/ap_int_base.h:1494 VARIABLE ret_V_58 LOOP VITIS_LOOP_249_1 BUNDLEDNAME {} DSP 0 BRAM 0 URAM 0 DISPNAME {bind_op mul}} {BINDTYPE op ID {} IMPL fabric LATENCY 0 OPTYPE mul PRAGMA yes RTLNAME mul_4s_4ns_8_1_1_U40 SOURCE /tools/Xilinx/Vitis_HLS/2022.2/common/technology/autopilot/ap_int_base.h:1494 VARIABLE ret_V_59 LOOP VITIS_LOOP_249_1 BUNDLEDNAME {} DSP 0 BRAM 0 URAM 0 DISPNAME {bind_op mul}} {BINDTYPE op ID {} IMPL fabric LATENCY 0 OPTYPE mul PRAGMA yes RTLNAME mul_4s_4ns_8_1_1_U343 SOURCE /tools/Xilinx/Vitis_HLS/2022.2/common/technology/autopilot/ap_int_base.h:1494 VARIABLE ret_V_60 LOOP VITIS_LOOP_249_1 BUNDLEDNAME {} DSP 0 BRAM 0 URAM 0 DISPNAME {bind_op mul}} {BINDTYPE op ID {} IMPL fabric LATENCY 0 OPTYPE mul PRAGMA yes RTLNAME mul_4s_4ns_8_1_1_U344 SOURCE /tools/Xilinx/Vitis_HLS/2022.2/common/technology/autopilot/ap_int_base.h:1494 VARIABLE ret_V_61 LOOP VITIS_LOOP_249_1 BUNDLEDNAME {} DSP 0 BRAM 0 URAM 0 DISPNAME {bind_op mul}} {BINDTYPE op ID {} IMPL fabric LATENCY 0 OPTYPE mul PRAGMA yes RTLNAME mul_4s_4ns_8_1_1_U345 SOURCE /tools/Xilinx/Vitis_HLS/2022.2/common/technology/autopilot/ap_int_base.h:1494 VARIABLE ret_V_62 LOOP VITIS_LOOP_249_1 BUNDLEDNAME {} DSP 0 BRAM 0 URAM 0 DISPNAME {bind_op mul}} {BINDTYPE op ID {} IMPL fabric LATENCY 0 OPTYPE mul PRAGMA yes RTLNAME mul_4s_4ns_8_1_1_U41 SOURCE /tools/Xilinx/Vitis_HLS/2022.2/common/technology/autopilot/ap_int_base.h:1494 VARIABLE ret_V_63 LOOP VITIS_LOOP_249_1 BUNDLEDNAME {} DSP 0 BRAM 0 URAM 0 DISPNAME {bind_op mul}} {BINDTYPE op ID {} IMPL fabric LATENCY 0 OPTYPE add PRAGMA {} RTLNAME add_ln840_56_fu_19095_p2 SOURCE /tools/Xilinx/Vitis_HLS/2022.2/common/technology/autopilot/ap_int_base.h:840 VARIABLE add_ln840_56 LOOP VITIS_LOOP_249_1 BUNDLEDNAME {} DSP 0 BRAM 0 URAM 0 DISPNAME {bind_op add}} {BINDTYPE op ID {} IMPL fabric LATENCY 0 OPTYPE add PRAGMA {} RTLNAME add_ln840_57_fu_14539_p2 SOURCE /tools/Xilinx/Vitis_HLS/2022.2/common/technology/autopilot/ap_int_base.h:840 VARIABLE add_ln840_57 LOOP VITIS_LOOP_249_1 BUNDLEDNAME {} DSP 0 BRAM 0 URAM 0 DISPNAME {bind_op add}} {BINDTYPE op ID {} IMPL fabric LATENCY 0 OPTYPE add PRAGMA {} RTLNAME add_ln840_59_fu_9930_p2 SOURCE /tools/Xilinx/Vitis_HLS/2022.2/common/technology/autopilot/ap_int_base.h:840 VARIABLE add_ln840_59 LOOP VITIS_LOOP_249_1 BUNDLEDNAME {} DSP 0 BRAM 0 URAM 0 DISPNAME {bind_op add}} {BINDTYPE op ID {} IMPL fabric LATENCY 0 OPTYPE add PRAGMA {} RTLNAME add_ln840_60_fu_9936_p2 SOURCE /tools/Xilinx/Vitis_HLS/2022.2/common/technology/autopilot/ap_int_base.h:840 VARIABLE add_ln840_60 LOOP VITIS_LOOP_249_1 BUNDLEDNAME {} DSP 0 BRAM 0 URAM 0 DISPNAME {bind_op add}} {BINDTYPE op ID {} IMPL fabric LATENCY 0 OPTYPE add PRAGMA {} RTLNAME add_ln840_61_fu_14551_p2 SOURCE /tools/Xilinx/Vitis_HLS/2022.2/common/technology/autopilot/ap_int_base.h:840 VARIABLE add_ln840_61 LOOP VITIS_LOOP_249_1 BUNDLEDNAME {} DSP 0 BRAM 0 URAM 0 DISPNAME {bind_op add}} {BINDTYPE op ID {} IMPL fabric LATENCY 0 OPTYPE add PRAGMA {} RTLNAME add_ln840_62_fu_14561_p2 SOURCE /tools/Xilinx/Vitis_HLS/2022.2/common/technology/autopilot/ap_int_base.h:840 VARIABLE add_ln840_62 LOOP VITIS_LOOP_249_1 BUNDLEDNAME {} DSP 0 BRAM 0 URAM 0 DISPNAME {bind_op add}} {BINDTYPE op ID {} IMPL fabric LATENCY 0 OPTYPE mul PRAGMA yes RTLNAME mul_4s_4ns_8_1_1_U42 SOURCE /tools/Xilinx/Vitis_HLS/2022.2/common/technology/autopilot/ap_int_base.h:1494 VARIABLE ret_V_64 LOOP VITIS_LOOP_249_1 BUNDLEDNAME {} DSP 0 BRAM 0 URAM 0 DISPNAME {bind_op mul}} {BINDTYPE op ID {} IMPL fabric LATENCY 0 OPTYPE mul PRAGMA yes RTLNAME mul_4s_4ns_8_1_1_U43 SOURCE /tools/Xilinx/Vitis_HLS/2022.2/common/technology/autopilot/ap_int_base.h:1494 VARIABLE ret_V_65 LOOP VITIS_LOOP_249_1 BUNDLEDNAME {} DSP 0 BRAM 0 URAM 0 DISPNAME {bind_op mul}} {BINDTYPE op ID {} IMPL fabric LATENCY 0 OPTYPE mul PRAGMA yes RTLNAME mul_4s_4ns_8_1_1_U44 SOURCE /tools/Xilinx/Vitis_HLS/2022.2/common/technology/autopilot/ap_int_base.h:1494 VARIABLE ret_V_66 LOOP VITIS_LOOP_249_1 BUNDLEDNAME {} DSP 0 BRAM 0 URAM 0 DISPNAME {bind_op mul}} {BINDTYPE op ID {} IMPL fabric LATENCY 0 OPTYPE mul PRAGMA yes RTLNAME mul_4s_4ns_8_1_1_U45 SOURCE /tools/Xilinx/Vitis_HLS/2022.2/common/technology/autopilot/ap_int_base.h:1494 VARIABLE ret_V_67 LOOP VITIS_LOOP_249_1 BUNDLEDNAME {} DSP 0 BRAM 0 URAM 0 DISPNAME {bind_op mul}} {BINDTYPE op ID {} IMPL fabric LATENCY 0 OPTYPE mul PRAGMA yes RTLNAME mul_4s_4ns_8_1_1_U346 SOURCE /tools/Xilinx/Vitis_HLS/2022.2/common/technology/autopilot/ap_int_base.h:1494 VARIABLE ret_V_68 LOOP VITIS_LOOP_249_1 BUNDLEDNAME {} DSP 0 BRAM 0 URAM 0 DISPNAME {bind_op mul}} {BINDTYPE op ID {} IMPL fabric LATENCY 0 OPTYPE mul PRAGMA yes RTLNAME mul_4s_4ns_8_1_1_U347 SOURCE /tools/Xilinx/Vitis_HLS/2022.2/common/technology/autopilot/ap_int_base.h:1494 VARIABLE ret_V_69 LOOP VITIS_LOOP_249_1 BUNDLEDNAME {} DSP 0 BRAM 0 URAM 0 DISPNAME {bind_op mul}} {BINDTYPE op ID {} IMPL fabric LATENCY 0 OPTYPE mul PRAGMA yes RTLNAME mul_4s_4ns_8_1_1_U348 SOURCE /tools/Xilinx/Vitis_HLS/2022.2/common/technology/autopilot/ap_int_base.h:1494 VARIABLE ret_V_70 LOOP VITIS_LOOP_249_1 BUNDLEDNAME {} DSP 0 BRAM 0 URAM 0 DISPNAME {bind_op mul}} {BINDTYPE op ID {} IMPL fabric LATENCY 0 OPTYPE mul PRAGMA yes RTLNAME mul_4s_4ns_8_1_1_U46 SOURCE /tools/Xilinx/Vitis_HLS/2022.2/common/technology/autopilot/ap_int_base.h:1494 VARIABLE ret_V_71 LOOP VITIS_LOOP_249_1 BUNDLEDNAME {} DSP 0 BRAM 0 URAM 0 DISPNAME {bind_op mul}} {BINDTYPE op ID {} IMPL fabric LATENCY 0 OPTYPE add PRAGMA {} RTLNAME add_ln840_64_fu_19122_p2 SOURCE /tools/Xilinx/Vitis_HLS/2022.2/common/technology/autopilot/ap_int_base.h:840 VARIABLE add_ln840_64 LOOP VITIS_LOOP_249_1 BUNDLEDNAME {} DSP 0 BRAM 0 URAM 0 DISPNAME {bind_op add}} {BINDTYPE op ID {} IMPL fabric LATENCY 0 OPTYPE add PRAGMA {} RTLNAME add_ln840_65_fu_14605_p2 SOURCE /tools/Xilinx/Vitis_HLS/2022.2/common/technology/autopilot/ap_int_base.h:840 VARIABLE add_ln840_65 LOOP VITIS_LOOP_249_1 BUNDLEDNAME {} DSP 0 BRAM 0 URAM 0 DISPNAME {bind_op add}} {BINDTYPE op ID {} IMPL fabric LATENCY 0 OPTYPE add PRAGMA {} RTLNAME add_ln840_67_fu_10003_p2 SOURCE /tools/Xilinx/Vitis_HLS/2022.2/common/technology/autopilot/ap_int_base.h:840 VARIABLE add_ln840_67 LOOP VITIS_LOOP_249_1 BUNDLEDNAME {} DSP 0 BRAM 0 URAM 0 DISPNAME {bind_op add}} {BINDTYPE op ID {} IMPL fabric LATENCY 0 OPTYPE add PRAGMA {} RTLNAME add_ln840_68_fu_10009_p2 SOURCE /tools/Xilinx/Vitis_HLS/2022.2/common/technology/autopilot/ap_int_base.h:840 VARIABLE add_ln840_68 LOOP VITIS_LOOP_249_1 BUNDLEDNAME {} DSP 0 BRAM 0 URAM 0 DISPNAME {bind_op add}} {BINDTYPE op ID {} IMPL fabric LATENCY 0 OPTYPE add PRAGMA {} RTLNAME add_ln840_69_fu_14617_p2 SOURCE /tools/Xilinx/Vitis_HLS/2022.2/common/technology/autopilot/ap_int_base.h:840 VARIABLE add_ln840_69 LOOP VITIS_LOOP_249_1 BUNDLEDNAME {} DSP 0 BRAM 0 URAM 0 DISPNAME {bind_op add}} {BINDTYPE op ID {} IMPL fabric LATENCY 0 OPTYPE add PRAGMA {} RTLNAME add_ln840_70_fu_14627_p2 SOURCE /tools/Xilinx/Vitis_HLS/2022.2/common/technology/autopilot/ap_int_base.h:840 VARIABLE add_ln840_70 LOOP VITIS_LOOP_249_1 BUNDLEDNAME {} DSP 0 BRAM 0 URAM 0 DISPNAME {bind_op add}} {BINDTYPE op ID {} IMPL fabric LATENCY 0 OPTYPE mul PRAGMA yes RTLNAME mul_4s_4ns_8_1_1_U47 SOURCE /tools/Xilinx/Vitis_HLS/2022.2/common/technology/autopilot/ap_int_base.h:1494 VARIABLE ret_V_72 LOOP VITIS_LOOP_249_1 BUNDLEDNAME {} DSP 0 BRAM 0 URAM 0 DISPNAME {bind_op mul}} {BINDTYPE op ID {} IMPL fabric LATENCY 0 OPTYPE mul PRAGMA yes RTLNAME mul_4s_4ns_8_1_1_U48 SOURCE /tools/Xilinx/Vitis_HLS/2022.2/common/technology/autopilot/ap_int_base.h:1494 VARIABLE ret_V_73 LOOP VITIS_LOOP_249_1 BUNDLEDNAME {} DSP 0 BRAM 0 URAM 0 DISPNAME {bind_op mul}} {BINDTYPE op ID {} IMPL fabric LATENCY 0 OPTYPE mul PRAGMA yes RTLNAME mul_4s_4ns_8_1_1_U49 SOURCE /tools/Xilinx/Vitis_HLS/2022.2/common/technology/autopilot/ap_int_base.h:1494 VARIABLE ret_V_74 LOOP VITIS_LOOP_249_1 BUNDLEDNAME {} DSP 0 BRAM 0 URAM 0 DISPNAME {bind_op mul}} {BINDTYPE op ID {} IMPL fabric LATENCY 0 OPTYPE mul PRAGMA yes RTLNAME mul_4s_4ns_8_1_1_U50 SOURCE /tools/Xilinx/Vitis_HLS/2022.2/common/technology/autopilot/ap_int_base.h:1494 VARIABLE ret_V_75 LOOP VITIS_LOOP_249_1 BUNDLEDNAME {} DSP 0 BRAM 0 URAM 0 DISPNAME {bind_op mul}} {BINDTYPE op ID {} IMPL fabric LATENCY 0 OPTYPE mul PRAGMA yes RTLNAME mul_4s_4ns_8_1_1_U349 SOURCE /tools/Xilinx/Vitis_HLS/2022.2/common/technology/autopilot/ap_int_base.h:1494 VARIABLE ret_V_76 LOOP VITIS_LOOP_249_1 BUNDLEDNAME {} DSP 0 BRAM 0 URAM 0 DISPNAME {bind_op mul}} {BINDTYPE op ID {} IMPL fabric LATENCY 0 OPTYPE mul PRAGMA yes RTLNAME mul_4s_4ns_8_1_1_U350 SOURCE /tools/Xilinx/Vitis_HLS/2022.2/common/technology/autopilot/ap_int_base.h:1494 VARIABLE ret_V_77 LOOP VITIS_LOOP_249_1 BUNDLEDNAME {} DSP 0 BRAM 0 URAM 0 DISPNAME {bind_op mul}} {BINDTYPE op ID {} IMPL fabric LATENCY 0 OPTYPE mul PRAGMA yes RTLNAME mul_4s_4ns_8_1_1_U351 SOURCE /tools/Xilinx/Vitis_HLS/2022.2/common/technology/autopilot/ap_int_base.h:1494 VARIABLE ret_V_78 LOOP VITIS_LOOP_249_1 BUNDLEDNAME {} DSP 0 BRAM 0 URAM 0 DISPNAME {bind_op mul}} {BINDTYPE op ID {} IMPL fabric LATENCY 0 OPTYPE mul PRAGMA yes RTLNAME mul_4s_4ns_8_1_1_U51 SOURCE /tools/Xilinx/Vitis_HLS/2022.2/common/technology/autopilot/ap_int_base.h:1494 VARIABLE ret_V_79 LOOP VITIS_LOOP_249_1 BUNDLEDNAME {} DSP 0 BRAM 0 URAM 0 DISPNAME {bind_op mul}} {BINDTYPE op ID {} IMPL fabric LATENCY 0 OPTYPE add PRAGMA {} RTLNAME add_ln840_72_fu_19149_p2 SOURCE /tools/Xilinx/Vitis_HLS/2022.2/common/technology/autopilot/ap_int_base.h:840 VARIABLE add_ln840_72 LOOP VITIS_LOOP_249_1 BUNDLEDNAME {} DSP 0 BRAM 0 URAM 0 DISPNAME {bind_op add}} {BINDTYPE op ID {} IMPL fabric LATENCY 0 OPTYPE add PRAGMA {} RTLNAME add_ln840_73_fu_14671_p2 SOURCE /tools/Xilinx/Vitis_HLS/2022.2/common/technology/autopilot/ap_int_base.h:840 VARIABLE add_ln840_73 LOOP VITIS_LOOP_249_1 BUNDLEDNAME {} DSP 0 BRAM 0 URAM 0 DISPNAME {bind_op add}} {BINDTYPE op ID {} IMPL fabric LATENCY 0 OPTYPE add PRAGMA {} RTLNAME add_ln840_75_fu_10076_p2 SOURCE /tools/Xilinx/Vitis_HLS/2022.2/common/technology/autopilot/ap_int_base.h:840 VARIABLE add_ln840_75 LOOP VITIS_LOOP_249_1 BUNDLEDNAME {} DSP 0 BRAM 0 URAM 0 DISPNAME {bind_op add}} {BINDTYPE op ID {} IMPL fabric LATENCY 0 OPTYPE add PRAGMA {} RTLNAME add_ln840_76_fu_10082_p2 SOURCE /tools/Xilinx/Vitis_HLS/2022.2/common/technology/autopilot/ap_int_base.h:840 VARIABLE add_ln840_76 LOOP VITIS_LOOP_249_1 BUNDLEDNAME {} DSP 0 BRAM 0 URAM 0 DISPNAME {bind_op add}} {BINDTYPE op ID {} IMPL fabric LATENCY 0 OPTYPE add PRAGMA {} RTLNAME add_ln840_77_fu_14683_p2 SOURCE /tools/Xilinx/Vitis_HLS/2022.2/common/technology/autopilot/ap_int_base.h:840 VARIABLE add_ln840_77 LOOP VITIS_LOOP_249_1 BUNDLEDNAME {} DSP 0 BRAM 0 URAM 0 DISPNAME {bind_op add}} {BINDTYPE op ID {} IMPL fabric LATENCY 0 OPTYPE add PRAGMA {} RTLNAME add_ln840_78_fu_14693_p2 SOURCE /tools/Xilinx/Vitis_HLS/2022.2/common/technology/autopilot/ap_int_base.h:840 VARIABLE add_ln840_78 LOOP VITIS_LOOP_249_1 BUNDLEDNAME {} DSP 0 BRAM 0 URAM 0 DISPNAME {bind_op add}} {BINDTYPE op ID {} IMPL fabric LATENCY 0 OPTYPE mul PRAGMA yes RTLNAME mul_4s_4ns_8_1_1_U52 SOURCE /tools/Xilinx/Vitis_HLS/2022.2/common/technology/autopilot/ap_int_base.h:1494 VARIABLE ret_V_80 LOOP VITIS_LOOP_249_1 BUNDLEDNAME {} DSP 0 BRAM 0 URAM 0 DISPNAME {bind_op mul}} {BINDTYPE op ID {} IMPL fabric LATENCY 0 OPTYPE mul PRAGMA yes RTLNAME mul_4s_4ns_8_1_1_U53 SOURCE /tools/Xilinx/Vitis_HLS/2022.2/common/technology/autopilot/ap_int_base.h:1494 VARIABLE ret_V_81 LOOP VITIS_LOOP_249_1 BUNDLEDNAME {} DSP 0 BRAM 0 URAM 0 DISPNAME {bind_op mul}} {BINDTYPE op ID {} IMPL fabric LATENCY 0 OPTYPE mul PRAGMA yes RTLNAME mul_4s_4ns_8_1_1_U54 SOURCE /tools/Xilinx/Vitis_HLS/2022.2/common/technology/autopilot/ap_int_base.h:1494 VARIABLE ret_V_82 LOOP VITIS_LOOP_249_1 BUNDLEDNAME {} DSP 0 BRAM 0 URAM 0 DISPNAME {bind_op mul}} {BINDTYPE op ID {} IMPL fabric LATENCY 0 OPTYPE mul PRAGMA yes RTLNAME mul_4s_4ns_8_1_1_U55 SOURCE /tools/Xilinx/Vitis_HLS/2022.2/common/technology/autopilot/ap_int_base.h:1494 VARIABLE ret_V_83 LOOP VITIS_LOOP_249_1 BUNDLEDNAME {} DSP 0 BRAM 0 URAM 0 DISPNAME {bind_op mul}} {BINDTYPE op ID {} IMPL fabric LATENCY 0 OPTYPE mul PRAGMA yes RTLNAME mul_4s_4ns_8_1_1_U352 SOURCE /tools/Xilinx/Vitis_HLS/2022.2/common/technology/autopilot/ap_int_base.h:1494 VARIABLE ret_V_84 LOOP VITIS_LOOP_249_1 BUNDLEDNAME {} DSP 0 BRAM 0 URAM 0 DISPNAME {bind_op mul}} {BINDTYPE op ID {} IMPL fabric LATENCY 0 OPTYPE mul PRAGMA yes RTLNAME mul_4s_4ns_8_1_1_U353 SOURCE /tools/Xilinx/Vitis_HLS/2022.2/common/technology/autopilot/ap_int_base.h:1494 VARIABLE ret_V_85 LOOP VITIS_LOOP_249_1 BUNDLEDNAME {} DSP 0 BRAM 0 URAM 0 DISPNAME {bind_op mul}} {BINDTYPE op ID {} IMPL fabric LATENCY 0 OPTYPE mul PRAGMA yes RTLNAME mul_4s_4ns_8_1_1_U354 SOURCE /tools/Xilinx/Vitis_HLS/2022.2/common/technology/autopilot/ap_int_base.h:1494 VARIABLE ret_V_86 LOOP VITIS_LOOP_249_1 BUNDLEDNAME {} DSP 0 BRAM 0 URAM 0 DISPNAME {bind_op mul}} {BINDTYPE op ID {} IMPL fabric LATENCY 0 OPTYPE mul PRAGMA yes RTLNAME mul_4s_4ns_8_1_1_U56 SOURCE /tools/Xilinx/Vitis_HLS/2022.2/common/technology/autopilot/ap_int_base.h:1494 VARIABLE ret_V_87 LOOP VITIS_LOOP_249_1 BUNDLEDNAME {} DSP 0 BRAM 0 URAM 0 DISPNAME {bind_op mul}} {BINDTYPE op ID {} IMPL fabric LATENCY 0 OPTYPE add PRAGMA {} RTLNAME add_ln840_80_fu_19176_p2 SOURCE /tools/Xilinx/Vitis_HLS/2022.2/common/technology/autopilot/ap_int_base.h:840 VARIABLE add_ln840_80 LOOP VITIS_LOOP_249_1 BUNDLEDNAME {} DSP 0 BRAM 0 URAM 0 DISPNAME {bind_op add}} {BINDTYPE op ID {} IMPL fabric LATENCY 0 OPTYPE add PRAGMA {} RTLNAME add_ln840_81_fu_14737_p2 SOURCE /tools/Xilinx/Vitis_HLS/2022.2/common/technology/autopilot/ap_int_base.h:840 VARIABLE add_ln840_81 LOOP VITIS_LOOP_249_1 BUNDLEDNAME {} DSP 0 BRAM 0 URAM 0 DISPNAME {bind_op add}} {BINDTYPE op ID {} IMPL fabric LATENCY 0 OPTYPE add PRAGMA {} RTLNAME add_ln840_83_fu_10149_p2 SOURCE /tools/Xilinx/Vitis_HLS/2022.2/common/technology/autopilot/ap_int_base.h:840 VARIABLE add_ln840_83 LOOP VITIS_LOOP_249_1 BUNDLEDNAME {} DSP 0 BRAM 0 URAM 0 DISPNAME {bind_op add}} {BINDTYPE op ID {} IMPL fabric LATENCY 0 OPTYPE add PRAGMA {} RTLNAME add_ln840_84_fu_10155_p2 SOURCE /tools/Xilinx/Vitis_HLS/2022.2/common/technology/autopilot/ap_int_base.h:840 VARIABLE add_ln840_84 LOOP VITIS_LOOP_249_1 BUNDLEDNAME {} DSP 0 BRAM 0 URAM 0 DISPNAME {bind_op add}} {BINDTYPE op ID {} IMPL fabric LATENCY 0 OPTYPE add PRAGMA {} RTLNAME add_ln840_85_fu_14749_p2 SOURCE /tools/Xilinx/Vitis_HLS/2022.2/common/technology/autopilot/ap_int_base.h:840 VARIABLE add_ln840_85 LOOP VITIS_LOOP_249_1 BUNDLEDNAME {} DSP 0 BRAM 0 URAM 0 DISPNAME {bind_op add}} {BINDTYPE op ID {} IMPL fabric LATENCY 0 OPTYPE add PRAGMA {} RTLNAME add_ln840_86_fu_14759_p2 SOURCE /tools/Xilinx/Vitis_HLS/2022.2/common/technology/autopilot/ap_int_base.h:840 VARIABLE add_ln840_86 LOOP VITIS_LOOP_249_1 BUNDLEDNAME {} DSP 0 BRAM 0 URAM 0 DISPNAME {bind_op add}} {BINDTYPE op ID {} IMPL fabric LATENCY 0 OPTYPE mul PRAGMA yes RTLNAME mul_4s_4ns_8_1_1_U57 SOURCE /tools/Xilinx/Vitis_HLS/2022.2/common/technology/autopilot/ap_int_base.h:1494 VARIABLE ret_V_88 LOOP VITIS_LOOP_249_1 BUNDLEDNAME {} DSP 0 BRAM 0 URAM 0 DISPNAME {bind_op mul}} {BINDTYPE op ID {} IMPL fabric LATENCY 0 OPTYPE mul PRAGMA yes RTLNAME mul_4s_4ns_8_1_1_U58 SOURCE /tools/Xilinx/Vitis_HLS/2022.2/common/technology/autopilot/ap_int_base.h:1494 VARIABLE ret_V_89 LOOP VITIS_LOOP_249_1 BUNDLEDNAME {} DSP 0 BRAM 0 URAM 0 DISPNAME {bind_op mul}} {BINDTYPE op ID {} IMPL fabric LATENCY 0 OPTYPE mul PRAGMA yes RTLNAME mul_4s_4ns_8_1_1_U59 SOURCE /tools/Xilinx/Vitis_HLS/2022.2/common/technology/autopilot/ap_int_base.h:1494 VARIABLE ret_V_90 LOOP VITIS_LOOP_249_1 BUNDLEDNAME {} DSP 0 BRAM 0 URAM 0 DISPNAME {bind_op mul}} {BINDTYPE op ID {} IMPL fabric LATENCY 0 OPTYPE mul PRAGMA yes RTLNAME mul_4s_4ns_8_1_1_U60 SOURCE /tools/Xilinx/Vitis_HLS/2022.2/common/technology/autopilot/ap_int_base.h:1494 VARIABLE ret_V_91 LOOP VITIS_LOOP_249_1 BUNDLEDNAME {} DSP 0 BRAM 0 URAM 0 DISPNAME {bind_op mul}} {BINDTYPE op ID {} IMPL fabric LATENCY 0 OPTYPE mul PRAGMA yes RTLNAME mul_4s_4ns_8_1_1_U355 SOURCE /tools/Xilinx/Vitis_HLS/2022.2/common/technology/autopilot/ap_int_base.h:1494 VARIABLE ret_V_92 LOOP VITIS_LOOP_249_1 BUNDLEDNAME {} DSP 0 BRAM 0 URAM 0 DISPNAME {bind_op mul}} {BINDTYPE op ID {} IMPL fabric LATENCY 0 OPTYPE mul PRAGMA yes RTLNAME mul_4s_4ns_8_1_1_U356 SOURCE /tools/Xilinx/Vitis_HLS/2022.2/common/technology/autopilot/ap_int_base.h:1494 VARIABLE ret_V_93 LOOP VITIS_LOOP_249_1 BUNDLEDNAME {} DSP 0 BRAM 0 URAM 0 DISPNAME {bind_op mul}} {BINDTYPE op ID {} IMPL fabric LATENCY 0 OPTYPE mul PRAGMA yes RTLNAME mul_4s_4ns_8_1_1_U357 SOURCE /tools/Xilinx/Vitis_HLS/2022.2/common/technology/autopilot/ap_int_base.h:1494 VARIABLE ret_V_94 LOOP VITIS_LOOP_249_1 BUNDLEDNAME {} DSP 0 BRAM 0 URAM 0 DISPNAME {bind_op mul}} {BINDTYPE op ID {} IMPL fabric LATENCY 0 OPTYPE mul PRAGMA yes RTLNAME mul_4s_4ns_8_1_1_U61 SOURCE /tools/Xilinx/Vitis_HLS/2022.2/common/technology/autopilot/ap_int_base.h:1494 VARIABLE ret_V_95 LOOP VITIS_LOOP_249_1 BUNDLEDNAME {} DSP 0 BRAM 0 URAM 0 DISPNAME {bind_op mul}} {BINDTYPE op ID {} IMPL fabric LATENCY 0 OPTYPE add PRAGMA {} RTLNAME add_ln840_88_fu_19203_p2 SOURCE /tools/Xilinx/Vitis_HLS/2022.2/common/technology/autopilot/ap_int_base.h:840 VARIABLE add_ln840_88 LOOP VITIS_LOOP_249_1 BUNDLEDNAME {} DSP 0 BRAM 0 URAM 0 DISPNAME {bind_op add}} {BINDTYPE op ID {} IMPL fabric LATENCY 0 OPTYPE add PRAGMA {} RTLNAME add_ln840_89_fu_14803_p2 SOURCE /tools/Xilinx/Vitis_HLS/2022.2/common/technology/autopilot/ap_int_base.h:840 VARIABLE add_ln840_89 LOOP VITIS_LOOP_249_1 BUNDLEDNAME {} DSP 0 BRAM 0 URAM 0 DISPNAME {bind_op add}} {BINDTYPE op ID {} IMPL fabric LATENCY 0 OPTYPE add PRAGMA {} RTLNAME add_ln840_91_fu_10222_p2 SOURCE /tools/Xilinx/Vitis_HLS/2022.2/common/technology/autopilot/ap_int_base.h:840 VARIABLE add_ln840_91 LOOP VITIS_LOOP_249_1 BUNDLEDNAME {} DSP 0 BRAM 0 URAM 0 DISPNAME {bind_op add}} {BINDTYPE op ID {} IMPL fabric LATENCY 0 OPTYPE add PRAGMA {} RTLNAME add_ln840_92_fu_10228_p2 SOURCE /tools/Xilinx/Vitis_HLS/2022.2/common/technology/autopilot/ap_int_base.h:840 VARIABLE add_ln840_92 LOOP VITIS_LOOP_249_1 BUNDLEDNAME {} DSP 0 BRAM 0 URAM 0 DISPNAME {bind_op add}} {BINDTYPE op ID {} IMPL fabric LATENCY 0 OPTYPE add PRAGMA {} RTLNAME add_ln840_93_fu_14815_p2 SOURCE /tools/Xilinx/Vitis_HLS/2022.2/common/technology/autopilot/ap_int_base.h:840 VARIABLE add_ln840_93 LOOP VITIS_LOOP_249_1 BUNDLEDNAME {} DSP 0 BRAM 0 URAM 0 DISPNAME {bind_op add}} {BINDTYPE op ID {} IMPL fabric LATENCY 0 OPTYPE add PRAGMA {} RTLNAME add_ln840_94_fu_14825_p2 SOURCE /tools/Xilinx/Vitis_HLS/2022.2/common/technology/autopilot/ap_int_base.h:840 VARIABLE add_ln840_94 LOOP VITIS_LOOP_249_1 BUNDLEDNAME {} DSP 0 BRAM 0 URAM 0 DISPNAME {bind_op add}} {BINDTYPE op ID {} IMPL fabric LATENCY 0 OPTYPE mul PRAGMA yes RTLNAME mul_4s_4ns_8_1_1_U62 SOURCE /tools/Xilinx/Vitis_HLS/2022.2/common/technology/autopilot/ap_int_base.h:1494 VARIABLE ret_V_96 LOOP VITIS_LOOP_249_1 BUNDLEDNAME {} DSP 0 BRAM 0 URAM 0 DISPNAME {bind_op mul}} {BINDTYPE op ID {} IMPL fabric LATENCY 0 OPTYPE mul PRAGMA yes RTLNAME mul_4s_4ns_8_1_1_U63 SOURCE /tools/Xilinx/Vitis_HLS/2022.2/common/technology/autopilot/ap_int_base.h:1494 VARIABLE ret_V_97 LOOP VITIS_LOOP_249_1 BUNDLEDNAME {} DSP 0 BRAM 0 URAM 0 DISPNAME {bind_op mul}} {BINDTYPE op ID {} IMPL fabric LATENCY 0 OPTYPE mul PRAGMA yes RTLNAME mul_4s_4ns_8_1_1_U64 SOURCE /tools/Xilinx/Vitis_HLS/2022.2/common/technology/autopilot/ap_int_base.h:1494 VARIABLE ret_V_98 LOOP VITIS_LOOP_249_1 BUNDLEDNAME {} DSP 0 BRAM 0 URAM 0 DISPNAME {bind_op mul}} {BINDTYPE op ID {} IMPL fabric LATENCY 0 OPTYPE mul PRAGMA yes RTLNAME mul_4s_4ns_8_1_1_U65 SOURCE /tools/Xilinx/Vitis_HLS/2022.2/common/technology/autopilot/ap_int_base.h:1494 VARIABLE ret_V_99 LOOP VITIS_LOOP_249_1 BUNDLEDNAME {} DSP 0 BRAM 0 URAM 0 DISPNAME {bind_op mul}} {BINDTYPE op ID {} IMPL fabric LATENCY 0 OPTYPE mul PRAGMA yes RTLNAME mul_4s_4ns_8_1_1_U358 SOURCE /tools/Xilinx/Vitis_HLS/2022.2/common/technology/autopilot/ap_int_base.h:1494 VARIABLE ret_V_100 LOOP VITIS_LOOP_249_1 BUNDLEDNAME {} DSP 0 BRAM 0 URAM 0 DISPNAME {bind_op mul}} {BINDTYPE op ID {} IMPL fabric LATENCY 0 OPTYPE mul PRAGMA yes RTLNAME mul_4s_4ns_8_1_1_U359 SOURCE /tools/Xilinx/Vitis_HLS/2022.2/common/technology/autopilot/ap_int_base.h:1494 VARIABLE ret_V_101 LOOP VITIS_LOOP_249_1 BUNDLEDNAME {} DSP 0 BRAM 0 URAM 0 DISPNAME {bind_op mul}} {BINDTYPE op ID {} IMPL fabric LATENCY 0 OPTYPE mul PRAGMA yes RTLNAME mul_4s_4ns_8_1_1_U360 SOURCE /tools/Xilinx/Vitis_HLS/2022.2/common/technology/autopilot/ap_int_base.h:1494 VARIABLE ret_V_102 LOOP VITIS_LOOP_249_1 BUNDLEDNAME {} DSP 0 BRAM 0 URAM 0 DISPNAME {bind_op mul}} {BINDTYPE op ID {} IMPL fabric LATENCY 0 OPTYPE mul PRAGMA yes RTLNAME mul_4s_4ns_8_1_1_U66 SOURCE /tools/Xilinx/Vitis_HLS/2022.2/common/technology/autopilot/ap_int_base.h:1494 VARIABLE ret_V_103 LOOP VITIS_LOOP_249_1 BUNDLEDNAME {} DSP 0 BRAM 0 URAM 0 DISPNAME {bind_op mul}} {BINDTYPE op ID {} IMPL fabric LATENCY 0 OPTYPE add PRAGMA {} RTLNAME add_ln840_96_fu_19230_p2 SOURCE /tools/Xilinx/Vitis_HLS/2022.2/common/technology/autopilot/ap_int_base.h:840 VARIABLE add_ln840_96 LOOP VITIS_LOOP_249_1 BUNDLEDNAME {} DSP 0 BRAM 0 URAM 0 DISPNAME {bind_op add}} {BINDTYPE op ID {} IMPL fabric LATENCY 0 OPTYPE add PRAGMA {} RTLNAME add_ln840_97_fu_14869_p2 SOURCE /tools/Xilinx/Vitis_HLS/2022.2/common/technology/autopilot/ap_int_base.h:840 VARIABLE add_ln840_97 LOOP VITIS_LOOP_249_1 BUNDLEDNAME {} DSP 0 BRAM 0 URAM 0 DISPNAME {bind_op add}} {BINDTYPE op ID {} IMPL fabric LATENCY 0 OPTYPE add PRAGMA {} RTLNAME add_ln840_99_fu_10295_p2 SOURCE /tools/Xilinx/Vitis_HLS/2022.2/common/technology/autopilot/ap_int_base.h:840 VARIABLE add_ln840_99 LOOP VITIS_LOOP_249_1 BUNDLEDNAME {} DSP 0 BRAM 0 URAM 0 DISPNAME {bind_op add}} {BINDTYPE op ID {} IMPL fabric LATENCY 0 OPTYPE add PRAGMA {} RTLNAME add_ln840_100_fu_10301_p2 SOURCE /tools/Xilinx/Vitis_HLS/2022.2/common/technology/autopilot/ap_int_base.h:840 VARIABLE add_ln840_100 LOOP VITIS_LOOP_249_1 BUNDLEDNAME {} DSP 0 BRAM 0 URAM 0 DISPNAME {bind_op add}} {BINDTYPE op ID {} IMPL fabric LATENCY 0 OPTYPE add PRAGMA {} RTLNAME add_ln840_101_fu_14881_p2 SOURCE /tools/Xilinx/Vitis_HLS/2022.2/common/technology/autopilot/ap_int_base.h:840 VARIABLE add_ln840_101 LOOP VITIS_LOOP_249_1 BUNDLEDNAME {} DSP 0 BRAM 0 URAM 0 DISPNAME {bind_op add}} {BINDTYPE op ID {} IMPL fabric LATENCY 0 OPTYPE add PRAGMA {} RTLNAME add_ln840_102_fu_14891_p2 SOURCE /tools/Xilinx/Vitis_HLS/2022.2/common/technology/autopilot/ap_int_base.h:840 VARIABLE add_ln840_102 LOOP VITIS_LOOP_249_1 BUNDLEDNAME {} DSP 0 BRAM 0 URAM 0 DISPNAME {bind_op add}} {BINDTYPE op ID {} IMPL fabric LATENCY 0 OPTYPE mul PRAGMA yes RTLNAME mul_4s_4ns_8_1_1_U67 SOURCE /tools/Xilinx/Vitis_HLS/2022.2/common/technology/autopilot/ap_int_base.h:1494 VARIABLE ret_V_104 LOOP VITIS_LOOP_249_1 BUNDLEDNAME {} DSP 0 BRAM 0 URAM 0 DISPNAME {bind_op mul}} {BINDTYPE op ID {} IMPL fabric LATENCY 0 OPTYPE mul PRAGMA yes RTLNAME mul_4s_4ns_8_1_1_U68 SOURCE /tools/Xilinx/Vitis_HLS/2022.2/common/technology/autopilot/ap_int_base.h:1494 VARIABLE ret_V_105 LOOP VITIS_LOOP_249_1 BUNDLEDNAME {} DSP 0 BRAM 0 URAM 0 DISPNAME {bind_op mul}} {BINDTYPE op ID {} IMPL fabric LATENCY 0 OPTYPE mul PRAGMA yes RTLNAME mul_4s_4ns_8_1_1_U69 SOURCE /tools/Xilinx/Vitis_HLS/2022.2/common/technology/autopilot/ap_int_base.h:1494 VARIABLE ret_V_106 LOOP VITIS_LOOP_249_1 BUNDLEDNAME {} DSP 0 BRAM 0 URAM 0 DISPNAME {bind_op mul}} {BINDTYPE op ID {} IMPL fabric LATENCY 0 OPTYPE mul PRAGMA yes RTLNAME mul_4s_4ns_8_1_1_U70 SOURCE /tools/Xilinx/Vitis_HLS/2022.2/common/technology/autopilot/ap_int_base.h:1494 VARIABLE ret_V_107 LOOP VITIS_LOOP_249_1 BUNDLEDNAME {} DSP 0 BRAM 0 URAM 0 DISPNAME {bind_op mul}} {BINDTYPE op ID {} IMPL fabric LATENCY 0 OPTYPE mul PRAGMA yes RTLNAME mul_4s_4ns_8_1_1_U361 SOURCE /tools/Xilinx/Vitis_HLS/2022.2/common/technology/autopilot/ap_int_base.h:1494 VARIABLE ret_V_108 LOOP VITIS_LOOP_249_1 BUNDLEDNAME {} DSP 0 BRAM 0 URAM 0 DISPNAME {bind_op mul}} {BINDTYPE op ID {} IMPL fabric LATENCY 0 OPTYPE mul PRAGMA yes RTLNAME mul_4s_4ns_8_1_1_U362 SOURCE /tools/Xilinx/Vitis_HLS/2022.2/common/technology/autopilot/ap_int_base.h:1494 VARIABLE ret_V_109 LOOP VITIS_LOOP_249_1 BUNDLEDNAME {} DSP 0 BRAM 0 URAM 0 DISPNAME {bind_op mul}} {BINDTYPE op ID {} IMPL fabric LATENCY 0 OPTYPE mul PRAGMA yes RTLNAME mul_4s_4ns_8_1_1_U363 SOURCE /tools/Xilinx/Vitis_HLS/2022.2/common/technology/autopilot/ap_int_base.h:1494 VARIABLE ret_V_110 LOOP VITIS_LOOP_249_1 BUNDLEDNAME {} DSP 0 BRAM 0 URAM 0 DISPNAME {bind_op mul}} {BINDTYPE op ID {} IMPL fabric LATENCY 0 OPTYPE mul PRAGMA yes RTLNAME mul_4s_4ns_8_1_1_U71 SOURCE /tools/Xilinx/Vitis_HLS/2022.2/common/technology/autopilot/ap_int_base.h:1494 VARIABLE ret_V_111 LOOP VITIS_LOOP_249_1 BUNDLEDNAME {} DSP 0 BRAM 0 URAM 0 DISPNAME {bind_op mul}} {BINDTYPE op ID {} IMPL fabric LATENCY 0 OPTYPE add PRAGMA {} RTLNAME add_ln840_104_fu_19257_p2 SOURCE /tools/Xilinx/Vitis_HLS/2022.2/common/technology/autopilot/ap_int_base.h:840 VARIABLE add_ln840_104 LOOP VITIS_LOOP_249_1 BUNDLEDNAME {} DSP 0 BRAM 0 URAM 0 DISPNAME {bind_op add}} {BINDTYPE op ID {} IMPL fabric LATENCY 0 OPTYPE add PRAGMA {} RTLNAME add_ln840_105_fu_14935_p2 SOURCE /tools/Xilinx/Vitis_HLS/2022.2/common/technology/autopilot/ap_int_base.h:840 VARIABLE add_ln840_105 LOOP VITIS_LOOP_249_1 BUNDLEDNAME {} DSP 0 BRAM 0 URAM 0 DISPNAME {bind_op add}} {BINDTYPE op ID {} IMPL fabric LATENCY 0 OPTYPE add PRAGMA {} RTLNAME add_ln840_107_fu_10368_p2 SOURCE /tools/Xilinx/Vitis_HLS/2022.2/common/technology/autopilot/ap_int_base.h:840 VARIABLE add_ln840_107 LOOP VITIS_LOOP_249_1 BUNDLEDNAME {} DSP 0 BRAM 0 URAM 0 DISPNAME {bind_op add}} {BINDTYPE op ID {} IMPL fabric LATENCY 0 OPTYPE add PRAGMA {} RTLNAME add_ln840_108_fu_10374_p2 SOURCE /tools/Xilinx/Vitis_HLS/2022.2/common/technology/autopilot/ap_int_base.h:840 VARIABLE add_ln840_108 LOOP VITIS_LOOP_249_1 BUNDLEDNAME {} DSP 0 BRAM 0 URAM 0 DISPNAME {bind_op add}} {BINDTYPE op ID {} IMPL fabric LATENCY 0 OPTYPE add PRAGMA {} RTLNAME add_ln840_109_fu_14947_p2 SOURCE /tools/Xilinx/Vitis_HLS/2022.2/common/technology/autopilot/ap_int_base.h:840 VARIABLE add_ln840_109 LOOP VITIS_LOOP_249_1 BUNDLEDNAME {} DSP 0 BRAM 0 URAM 0 DISPNAME {bind_op add}} {BINDTYPE op ID {} IMPL fabric LATENCY 0 OPTYPE add PRAGMA {} RTLNAME add_ln840_110_fu_14957_p2 SOURCE /tools/Xilinx/Vitis_HLS/2022.2/common/technology/autopilot/ap_int_base.h:840 VARIABLE add_ln840_110 LOOP VITIS_LOOP_249_1 BUNDLEDNAME {} DSP 0 BRAM 0 URAM 0 DISPNAME {bind_op add}} {BINDTYPE op ID {} IMPL fabric LATENCY 0 OPTYPE mul PRAGMA yes RTLNAME mul_4s_4ns_8_1_1_U72 SOURCE /tools/Xilinx/Vitis_HLS/2022.2/common/technology/autopilot/ap_int_base.h:1494 VARIABLE ret_V_112 LOOP VITIS_LOOP_249_1 BUNDLEDNAME {} DSP 0 BRAM 0 URAM 0 DISPNAME {bind_op mul}} {BINDTYPE op ID {} IMPL fabric LATENCY 0 OPTYPE mul PRAGMA yes RTLNAME mul_4s_4ns_8_1_1_U73 SOURCE /tools/Xilinx/Vitis_HLS/2022.2/common/technology/autopilot/ap_int_base.h:1494 VARIABLE ret_V_113 LOOP VITIS_LOOP_249_1 BUNDLEDNAME {} DSP 0 BRAM 0 URAM 0 DISPNAME {bind_op mul}} {BINDTYPE op ID {} IMPL fabric LATENCY 0 OPTYPE mul PRAGMA yes RTLNAME mul_4s_4ns_8_1_1_U74 SOURCE /tools/Xilinx/Vitis_HLS/2022.2/common/technology/autopilot/ap_int_base.h:1494 VARIABLE ret_V_114 LOOP VITIS_LOOP_249_1 BUNDLEDNAME {} DSP 0 BRAM 0 URAM 0 DISPNAME {bind_op mul}} {BINDTYPE op ID {} IMPL fabric LATENCY 0 OPTYPE mul PRAGMA yes RTLNAME mul_4s_4ns_8_1_1_U75 SOURCE /tools/Xilinx/Vitis_HLS/2022.2/common/technology/autopilot/ap_int_base.h:1494 VARIABLE ret_V_115 LOOP VITIS_LOOP_249_1 BUNDLEDNAME {} DSP 0 BRAM 0 URAM 0 DISPNAME {bind_op mul}} {BINDTYPE op ID {} IMPL fabric LATENCY 0 OPTYPE mul PRAGMA yes RTLNAME mul_4s_4ns_8_1_1_U364 SOURCE /tools/Xilinx/Vitis_HLS/2022.2/common/technology/autopilot/ap_int_base.h:1494 VARIABLE ret_V_116 LOOP VITIS_LOOP_249_1 BUNDLEDNAME {} DSP 0 BRAM 0 URAM 0 DISPNAME {bind_op mul}} {BINDTYPE op ID {} IMPL fabric LATENCY 0 OPTYPE mul PRAGMA yes RTLNAME mul_4s_4ns_8_1_1_U365 SOURCE /tools/Xilinx/Vitis_HLS/2022.2/common/technology/autopilot/ap_int_base.h:1494 VARIABLE ret_V_117 LOOP VITIS_LOOP_249_1 BUNDLEDNAME {} DSP 0 BRAM 0 URAM 0 DISPNAME {bind_op mul}} {BINDTYPE op ID {} IMPL fabric LATENCY 0 OPTYPE mul PRAGMA yes RTLNAME mul_4s_4ns_8_1_1_U366 SOURCE /tools/Xilinx/Vitis_HLS/2022.2/common/technology/autopilot/ap_int_base.h:1494 VARIABLE ret_V_118 LOOP VITIS_LOOP_249_1 BUNDLEDNAME {} DSP 0 BRAM 0 URAM 0 DISPNAME {bind_op mul}} {BINDTYPE op ID {} IMPL fabric LATENCY 0 OPTYPE mul PRAGMA yes RTLNAME mul_4s_4ns_8_1_1_U76 SOURCE /tools/Xilinx/Vitis_HLS/2022.2/common/technology/autopilot/ap_int_base.h:1494 VARIABLE ret_V_119 LOOP VITIS_LOOP_249_1 BUNDLEDNAME {} DSP 0 BRAM 0 URAM 0 DISPNAME {bind_op mul}} {BINDTYPE op ID {} IMPL fabric LATENCY 0 OPTYPE add PRAGMA {} RTLNAME add_ln840_112_fu_19284_p2 SOURCE /tools/Xilinx/Vitis_HLS/2022.2/common/technology/autopilot/ap_int_base.h:840 VARIABLE add_ln840_112 LOOP VITIS_LOOP_249_1 BUNDLEDNAME {} DSP 0 BRAM 0 URAM 0 DISPNAME {bind_op add}} {BINDTYPE op ID {} IMPL fabric LATENCY 0 OPTYPE add PRAGMA {} RTLNAME add_ln840_113_fu_15001_p2 SOURCE /tools/Xilinx/Vitis_HLS/2022.2/common/technology/autopilot/ap_int_base.h:840 VARIABLE add_ln840_113 LOOP VITIS_LOOP_249_1 BUNDLEDNAME {} DSP 0 BRAM 0 URAM 0 DISPNAME {bind_op add}} {BINDTYPE op ID {} IMPL fabric LATENCY 0 OPTYPE add PRAGMA {} RTLNAME add_ln840_115_fu_10441_p2 SOURCE /tools/Xilinx/Vitis_HLS/2022.2/common/technology/autopilot/ap_int_base.h:840 VARIABLE add_ln840_115 LOOP VITIS_LOOP_249_1 BUNDLEDNAME {} DSP 0 BRAM 0 URAM 0 DISPNAME {bind_op add}} {BINDTYPE op ID {} IMPL fabric LATENCY 0 OPTYPE add PRAGMA {} RTLNAME add_ln840_116_fu_10447_p2 SOURCE /tools/Xilinx/Vitis_HLS/2022.2/common/technology/autopilot/ap_int_base.h:840 VARIABLE add_ln840_116 LOOP VITIS_LOOP_249_1 BUNDLEDNAME {} DSP 0 BRAM 0 URAM 0 DISPNAME {bind_op add}} {BINDTYPE op ID {} IMPL fabric LATENCY 0 OPTYPE add PRAGMA {} RTLNAME add_ln840_117_fu_15013_p2 SOURCE /tools/Xilinx/Vitis_HLS/2022.2/common/technology/autopilot/ap_int_base.h:840 VARIABLE add_ln840_117 LOOP VITIS_LOOP_249_1 BUNDLEDNAME {} DSP 0 BRAM 0 URAM 0 DISPNAME {bind_op add}} {BINDTYPE op ID {} IMPL fabric LATENCY 0 OPTYPE add PRAGMA {} RTLNAME add_ln840_118_fu_15023_p2 SOURCE /tools/Xilinx/Vitis_HLS/2022.2/common/technology/autopilot/ap_int_base.h:840 VARIABLE add_ln840_118 LOOP VITIS_LOOP_249_1 BUNDLEDNAME {} DSP 0 BRAM 0 URAM 0 DISPNAME {bind_op add}} {BINDTYPE op ID {} IMPL fabric LATENCY 0 OPTYPE mul PRAGMA yes RTLNAME mul_4s_4ns_8_1_1_U77 SOURCE /tools/Xilinx/Vitis_HLS/2022.2/common/technology/autopilot/ap_int_base.h:1494 VARIABLE ret_V_120 LOOP VITIS_LOOP_249_1 BUNDLEDNAME {} DSP 0 BRAM 0 URAM 0 DISPNAME {bind_op mul}} {BINDTYPE op ID {} IMPL fabric LATENCY 0 OPTYPE mul PRAGMA yes RTLNAME mul_4s_4ns_8_1_1_U78 SOURCE /tools/Xilinx/Vitis_HLS/2022.2/common/technology/autopilot/ap_int_base.h:1494 VARIABLE ret_V_121 LOOP VITIS_LOOP_249_1 BUNDLEDNAME {} DSP 0 BRAM 0 URAM 0 DISPNAME {bind_op mul}} {BINDTYPE op ID {} IMPL fabric LATENCY 0 OPTYPE mul PRAGMA yes RTLNAME mul_4s_4ns_8_1_1_U79 SOURCE /tools/Xilinx/Vitis_HLS/2022.2/common/technology/autopilot/ap_int_base.h:1494 VARIABLE ret_V_122 LOOP VITIS_LOOP_249_1 BUNDLEDNAME {} DSP 0 BRAM 0 URAM 0 DISPNAME {bind_op mul}} {BINDTYPE op ID {} IMPL fabric LATENCY 0 OPTYPE mul PRAGMA yes RTLNAME mul_4s_4ns_8_1_1_U80 SOURCE /tools/Xilinx/Vitis_HLS/2022.2/common/technology/autopilot/ap_int_base.h:1494 VARIABLE ret_V_123 LOOP VITIS_LOOP_249_1 BUNDLEDNAME {} DSP 0 BRAM 0 URAM 0 DISPNAME {bind_op mul}} {BINDTYPE op ID {} IMPL fabric LATENCY 0 OPTYPE mul PRAGMA yes RTLNAME mul_4s_4ns_8_1_1_U367 SOURCE /tools/Xilinx/Vitis_HLS/2022.2/common/technology/autopilot/ap_int_base.h:1494 VARIABLE ret_V_124 LOOP VITIS_LOOP_249_1 BUNDLEDNAME {} DSP 0 BRAM 0 URAM 0 DISPNAME {bind_op mul}} {BINDTYPE op ID {} IMPL fabric LATENCY 0 OPTYPE mul PRAGMA yes RTLNAME mul_4s_4ns_8_1_1_U368 SOURCE /tools/Xilinx/Vitis_HLS/2022.2/common/technology/autopilot/ap_int_base.h:1494 VARIABLE ret_V_125 LOOP VITIS_LOOP_249_1 BUNDLEDNAME {} DSP 0 BRAM 0 URAM 0 DISPNAME {bind_op mul}} {BINDTYPE op ID {} IMPL fabric LATENCY 0 OPTYPE mul PRAGMA yes RTLNAME mul_4s_4ns_8_1_1_U369 SOURCE /tools/Xilinx/Vitis_HLS/2022.2/common/technology/autopilot/ap_int_base.h:1494 VARIABLE ret_V_126 LOOP VITIS_LOOP_249_1 BUNDLEDNAME {} DSP 0 BRAM 0 URAM 0 DISPNAME {bind_op mul}} {BINDTYPE op ID {} IMPL fabric LATENCY 0 OPTYPE mul PRAGMA yes RTLNAME mul_4s_4ns_8_1_1_U81 SOURCE /tools/Xilinx/Vitis_HLS/2022.2/common/technology/autopilot/ap_int_base.h:1494 VARIABLE ret_V_127 LOOP VITIS_LOOP_249_1 BUNDLEDNAME {} DSP 0 BRAM 0 URAM 0 DISPNAME {bind_op mul}} {BINDTYPE op ID {} IMPL fabric LATENCY 0 OPTYPE add PRAGMA {} RTLNAME add_ln840_120_fu_19311_p2 SOURCE /tools/Xilinx/Vitis_HLS/2022.2/common/technology/autopilot/ap_int_base.h:840 VARIABLE add_ln840_120 LOOP VITIS_LOOP_249_1 BUNDLEDNAME {} DSP 0 BRAM 0 URAM 0 DISPNAME {bind_op add}} {BINDTYPE op ID {} IMPL fabric LATENCY 0 OPTYPE add PRAGMA {} RTLNAME add_ln840_121_fu_15067_p2 SOURCE /tools/Xilinx/Vitis_HLS/2022.2/common/technology/autopilot/ap_int_base.h:840 VARIABLE add_ln840_121 LOOP VITIS_LOOP_249_1 BUNDLEDNAME {} DSP 0 BRAM 0 URAM 0 DISPNAME {bind_op add}} {BINDTYPE op ID {} IMPL fabric LATENCY 0 OPTYPE add PRAGMA {} RTLNAME add_ln840_123_fu_10514_p2 SOURCE /tools/Xilinx/Vitis_HLS/2022.2/common/technology/autopilot/ap_int_base.h:840 VARIABLE add_ln840_123 LOOP VITIS_LOOP_249_1 BUNDLEDNAME {} DSP 0 BRAM 0 URAM 0 DISPNAME {bind_op add}} {BINDTYPE op ID {} IMPL fabric LATENCY 0 OPTYPE add PRAGMA {} RTLNAME add_ln840_124_fu_10520_p2 SOURCE /tools/Xilinx/Vitis_HLS/2022.2/common/technology/autopilot/ap_int_base.h:840 VARIABLE add_ln840_124 LOOP VITIS_LOOP_249_1 BUNDLEDNAME {} DSP 0 BRAM 0 URAM 0 DISPNAME {bind_op add}} {BINDTYPE op ID {} IMPL fabric LATENCY 0 OPTYPE add PRAGMA {} RTLNAME add_ln840_125_fu_15079_p2 SOURCE /tools/Xilinx/Vitis_HLS/2022.2/common/technology/autopilot/ap_int_base.h:840 VARIABLE add_ln840_125 LOOP VITIS_LOOP_249_1 BUNDLEDNAME {} DSP 0 BRAM 0 URAM 0 DISPNAME {bind_op add}} {BINDTYPE op ID {} IMPL fabric LATENCY 0 OPTYPE add PRAGMA {} RTLNAME add_ln840_126_fu_15089_p2 SOURCE /tools/Xilinx/Vitis_HLS/2022.2/common/technology/autopilot/ap_int_base.h:840 VARIABLE add_ln840_126 LOOP VITIS_LOOP_249_1 BUNDLEDNAME {} DSP 0 BRAM 0 URAM 0 DISPNAME {bind_op add}} {BINDTYPE op ID {} IMPL fabric LATENCY 0 OPTYPE mul PRAGMA yes RTLNAME mul_4s_4ns_8_1_1_U82 SOURCE /tools/Xilinx/Vitis_HLS/2022.2/common/technology/autopilot/ap_int_base.h:1494 VARIABLE ret_V_128 LOOP VITIS_LOOP_249_1 BUNDLEDNAME {} DSP 0 BRAM 0 URAM 0 DISPNAME {bind_op mul}} {BINDTYPE op ID {} IMPL fabric LATENCY 0 OPTYPE mul PRAGMA yes RTLNAME mul_4s_4ns_8_1_1_U83 SOURCE /tools/Xilinx/Vitis_HLS/2022.2/common/technology/autopilot/ap_int_base.h:1494 VARIABLE ret_V_129 LOOP VITIS_LOOP_249_1 BUNDLEDNAME {} DSP 0 BRAM 0 URAM 0 DISPNAME {bind_op mul}} {BINDTYPE op ID {} IMPL fabric LATENCY 0 OPTYPE mul PRAGMA yes RTLNAME mul_4s_4ns_8_1_1_U84 SOURCE /tools/Xilinx/Vitis_HLS/2022.2/common/technology/autopilot/ap_int_base.h:1494 VARIABLE ret_V_130 LOOP VITIS_LOOP_249_1 BUNDLEDNAME {} DSP 0 BRAM 0 URAM 0 DISPNAME {bind_op mul}} {BINDTYPE op ID {} IMPL fabric LATENCY 0 OPTYPE mul PRAGMA yes RTLNAME mul_4s_4ns_8_1_1_U85 SOURCE /tools/Xilinx/Vitis_HLS/2022.2/common/technology/autopilot/ap_int_base.h:1494 VARIABLE ret_V_131 LOOP VITIS_LOOP_249_1 BUNDLEDNAME {} DSP 0 BRAM 0 URAM 0 DISPNAME {bind_op mul}} {BINDTYPE op ID {} IMPL fabric LATENCY 0 OPTYPE mul PRAGMA yes RTLNAME mul_4s_4ns_8_1_1_U370 SOURCE /tools/Xilinx/Vitis_HLS/2022.2/common/technology/autopilot/ap_int_base.h:1494 VARIABLE ret_V_132 LOOP VITIS_LOOP_249_1 BUNDLEDNAME {} DSP 0 BRAM 0 URAM 0 DISPNAME {bind_op mul}} {BINDTYPE op ID {} IMPL fabric LATENCY 0 OPTYPE mul PRAGMA yes RTLNAME mul_4s_4ns_8_1_1_U371 SOURCE /tools/Xilinx/Vitis_HLS/2022.2/common/technology/autopilot/ap_int_base.h:1494 VARIABLE ret_V_133 LOOP VITIS_LOOP_249_1 BUNDLEDNAME {} DSP 0 BRAM 0 URAM 0 DISPNAME {bind_op mul}} {BINDTYPE op ID {} IMPL fabric LATENCY 0 OPTYPE mul PRAGMA yes RTLNAME mul_4s_4ns_8_1_1_U372 SOURCE /tools/Xilinx/Vitis_HLS/2022.2/common/technology/autopilot/ap_int_base.h:1494 VARIABLE ret_V_134 LOOP VITIS_LOOP_249_1 BUNDLEDNAME {} DSP 0 BRAM 0 URAM 0 DISPNAME {bind_op mul}} {BINDTYPE op ID {} IMPL fabric LATENCY 0 OPTYPE mul PRAGMA yes RTLNAME mul_4s_4ns_8_1_1_U86 SOURCE /tools/Xilinx/Vitis_HLS/2022.2/common/technology/autopilot/ap_int_base.h:1494 VARIABLE ret_V_135 LOOP VITIS_LOOP_249_1 BUNDLEDNAME {} DSP 0 BRAM 0 URAM 0 DISPNAME {bind_op mul}} {BINDTYPE op ID {} IMPL fabric LATENCY 0 OPTYPE add PRAGMA {} RTLNAME add_ln840_128_fu_19338_p2 SOURCE /tools/Xilinx/Vitis_HLS/2022.2/common/technology/autopilot/ap_int_base.h:840 VARIABLE add_ln840_128 LOOP VITIS_LOOP_249_1 BUNDLEDNAME {} DSP 0 BRAM 0 URAM 0 DISPNAME {bind_op add}} {BINDTYPE op ID {} IMPL fabric LATENCY 0 OPTYPE add PRAGMA {} RTLNAME add_ln840_129_fu_15133_p2 SOURCE /tools/Xilinx/Vitis_HLS/2022.2/common/technology/autopilot/ap_int_base.h:840 VARIABLE add_ln840_129 LOOP VITIS_LOOP_249_1 BUNDLEDNAME {} DSP 0 BRAM 0 URAM 0 DISPNAME {bind_op add}} {BINDTYPE op ID {} IMPL fabric LATENCY 0 OPTYPE add PRAGMA {} RTLNAME add_ln840_131_fu_10587_p2 SOURCE /tools/Xilinx/Vitis_HLS/2022.2/common/technology/autopilot/ap_int_base.h:840 VARIABLE add_ln840_131 LOOP VITIS_LOOP_249_1 BUNDLEDNAME {} DSP 0 BRAM 0 URAM 0 DISPNAME {bind_op add}} {BINDTYPE op ID {} IMPL fabric LATENCY 0 OPTYPE add PRAGMA {} RTLNAME add_ln840_132_fu_10593_p2 SOURCE /tools/Xilinx/Vitis_HLS/2022.2/common/technology/autopilot/ap_int_base.h:840 VARIABLE add_ln840_132 LOOP VITIS_LOOP_249_1 BUNDLEDNAME {} DSP 0 BRAM 0 URAM 0 DISPNAME {bind_op add}} {BINDTYPE op ID {} IMPL fabric LATENCY 0 OPTYPE add PRAGMA {} RTLNAME add_ln840_133_fu_15145_p2 SOURCE /tools/Xilinx/Vitis_HLS/2022.2/common/technology/autopilot/ap_int_base.h:840 VARIABLE add_ln840_133 LOOP VITIS_LOOP_249_1 BUNDLEDNAME {} DSP 0 BRAM 0 URAM 0 DISPNAME {bind_op add}} {BINDTYPE op ID {} IMPL fabric LATENCY 0 OPTYPE add PRAGMA {} RTLNAME add_ln840_134_fu_15155_p2 SOURCE /tools/Xilinx/Vitis_HLS/2022.2/common/technology/autopilot/ap_int_base.h:840 VARIABLE add_ln840_134 LOOP VITIS_LOOP_249_1 BUNDLEDNAME {} DSP 0 BRAM 0 URAM 0 DISPNAME {bind_op add}} {BINDTYPE op ID {} IMPL fabric LATENCY 0 OPTYPE mul PRAGMA yes RTLNAME mul_4s_4ns_8_1_1_U87 SOURCE /tools/Xilinx/Vitis_HLS/2022.2/common/technology/autopilot/ap_int_base.h:1494 VARIABLE ret_V_136 LOOP VITIS_LOOP_249_1 BUNDLEDNAME {} DSP 0 BRAM 0 URAM 0 DISPNAME {bind_op mul}} {BINDTYPE op ID {} IMPL fabric LATENCY 0 OPTYPE mul PRAGMA yes RTLNAME mul_4s_4ns_8_1_1_U88 SOURCE /tools/Xilinx/Vitis_HLS/2022.2/common/technology/autopilot/ap_int_base.h:1494 VARIABLE ret_V_137 LOOP VITIS_LOOP_249_1 BUNDLEDNAME {} DSP 0 BRAM 0 URAM 0 DISPNAME {bind_op mul}} {BINDTYPE op ID {} IMPL fabric LATENCY 0 OPTYPE mul PRAGMA yes RTLNAME mul_4s_4ns_8_1_1_U89 SOURCE /tools/Xilinx/Vitis_HLS/2022.2/common/technology/autopilot/ap_int_base.h:1494 VARIABLE ret_V_138 LOOP VITIS_LOOP_249_1 BUNDLEDNAME {} DSP 0 BRAM 0 URAM 0 DISPNAME {bind_op mul}} {BINDTYPE op ID {} IMPL fabric LATENCY 0 OPTYPE mul PRAGMA yes RTLNAME mul_4s_4ns_8_1_1_U90 SOURCE /tools/Xilinx/Vitis_HLS/2022.2/common/technology/autopilot/ap_int_base.h:1494 VARIABLE ret_V_139 LOOP VITIS_LOOP_249_1 BUNDLEDNAME {} DSP 0 BRAM 0 URAM 0 DISPNAME {bind_op mul}} {BINDTYPE op ID {} IMPL fabric LATENCY 0 OPTYPE mul PRAGMA yes RTLNAME mul_4s_4ns_8_1_1_U373 SOURCE /tools/Xilinx/Vitis_HLS/2022.2/common/technology/autopilot/ap_int_base.h:1494 VARIABLE ret_V_140 LOOP VITIS_LOOP_249_1 BUNDLEDNAME {} DSP 0 BRAM 0 URAM 0 DISPNAME {bind_op mul}} {BINDTYPE op ID {} IMPL fabric LATENCY 0 OPTYPE mul PRAGMA yes RTLNAME mul_4s_4ns_8_1_1_U374 SOURCE /tools/Xilinx/Vitis_HLS/2022.2/common/technology/autopilot/ap_int_base.h:1494 VARIABLE ret_V_141 LOOP VITIS_LOOP_249_1 BUNDLEDNAME {} DSP 0 BRAM 0 URAM 0 DISPNAME {bind_op mul}} {BINDTYPE op ID {} IMPL fabric LATENCY 0 OPTYPE mul PRAGMA yes RTLNAME mul_4s_4ns_8_1_1_U375 SOURCE /tools/Xilinx/Vitis_HLS/2022.2/common/technology/autopilot/ap_int_base.h:1494 VARIABLE ret_V_142 LOOP VITIS_LOOP_249_1 BUNDLEDNAME {} DSP 0 BRAM 0 URAM 0 DISPNAME {bind_op mul}} {BINDTYPE op ID {} IMPL fabric LATENCY 0 OPTYPE mul PRAGMA yes RTLNAME mul_4s_4ns_8_1_1_U91 SOURCE /tools/Xilinx/Vitis_HLS/2022.2/common/technology/autopilot/ap_int_base.h:1494 VARIABLE ret_V_143 LOOP VITIS_LOOP_249_1 BUNDLEDNAME {} DSP 0 BRAM 0 URAM 0 DISPNAME {bind_op mul}} {BINDTYPE op ID {} IMPL fabric LATENCY 0 OPTYPE add PRAGMA {} RTLNAME add_ln840_136_fu_19365_p2 SOURCE /tools/Xilinx/Vitis_HLS/2022.2/common/technology/autopilot/ap_int_base.h:840 VARIABLE add_ln840_136 LOOP VITIS_LOOP_249_1 BUNDLEDNAME {} DSP 0 BRAM 0 URAM 0 DISPNAME {bind_op add}} {BINDTYPE op ID {} IMPL fabric LATENCY 0 OPTYPE add PRAGMA {} RTLNAME add_ln840_137_fu_15199_p2 SOURCE /tools/Xilinx/Vitis_HLS/2022.2/common/technology/autopilot/ap_int_base.h:840 VARIABLE add_ln840_137 LOOP VITIS_LOOP_249_1 BUNDLEDNAME {} DSP 0 BRAM 0 URAM 0 DISPNAME {bind_op add}} {BINDTYPE op ID {} IMPL fabric LATENCY 0 OPTYPE add PRAGMA {} RTLNAME add_ln840_139_fu_10660_p2 SOURCE /tools/Xilinx/Vitis_HLS/2022.2/common/technology/autopilot/ap_int_base.h:840 VARIABLE add_ln840_139 LOOP VITIS_LOOP_249_1 BUNDLEDNAME {} DSP 0 BRAM 0 URAM 0 DISPNAME {bind_op add}} {BINDTYPE op ID {} IMPL fabric LATENCY 0 OPTYPE add PRAGMA {} RTLNAME add_ln840_140_fu_10666_p2 SOURCE /tools/Xilinx/Vitis_HLS/2022.2/common/technology/autopilot/ap_int_base.h:840 VARIABLE add_ln840_140 LOOP VITIS_LOOP_249_1 BUNDLEDNAME {} DSP 0 BRAM 0 URAM 0 DISPNAME {bind_op add}} {BINDTYPE op ID {} IMPL fabric LATENCY 0 OPTYPE add PRAGMA {} RTLNAME add_ln840_141_fu_15211_p2 SOURCE /tools/Xilinx/Vitis_HLS/2022.2/common/technology/autopilot/ap_int_base.h:840 VARIABLE add_ln840_141 LOOP VITIS_LOOP_249_1 BUNDLEDNAME {} DSP 0 BRAM 0 URAM 0 DISPNAME {bind_op add}} {BINDTYPE op ID {} IMPL fabric LATENCY 0 OPTYPE add PRAGMA {} RTLNAME add_ln840_142_fu_15221_p2 SOURCE /tools/Xilinx/Vitis_HLS/2022.2/common/technology/autopilot/ap_int_base.h:840 VARIABLE add_ln840_142 LOOP VITIS_LOOP_249_1 BUNDLEDNAME {} DSP 0 BRAM 0 URAM 0 DISPNAME {bind_op add}} {BINDTYPE op ID {} IMPL fabric LATENCY 0 OPTYPE mul PRAGMA yes RTLNAME mul_4s_4ns_8_1_1_U92 SOURCE /tools/Xilinx/Vitis_HLS/2022.2/common/technology/autopilot/ap_int_base.h:1494 VARIABLE ret_V_144 LOOP VITIS_LOOP_249_1 BUNDLEDNAME {} DSP 0 BRAM 0 URAM 0 DISPNAME {bind_op mul}} {BINDTYPE op ID {} IMPL fabric LATENCY 0 OPTYPE mul PRAGMA yes RTLNAME mul_4s_4ns_8_1_1_U93 SOURCE /tools/Xilinx/Vitis_HLS/2022.2/common/technology/autopilot/ap_int_base.h:1494 VARIABLE ret_V_145 LOOP VITIS_LOOP_249_1 BUNDLEDNAME {} DSP 0 BRAM 0 URAM 0 DISPNAME {bind_op mul}} {BINDTYPE op ID {} IMPL fabric LATENCY 0 OPTYPE mul PRAGMA yes RTLNAME mul_4s_4ns_8_1_1_U94 SOURCE /tools/Xilinx/Vitis_HLS/2022.2/common/technology/autopilot/ap_int_base.h:1494 VARIABLE ret_V_146 LOOP VITIS_LOOP_249_1 BUNDLEDNAME {} DSP 0 BRAM 0 URAM 0 DISPNAME {bind_op mul}} {BINDTYPE op ID {} IMPL fabric LATENCY 0 OPTYPE mul PRAGMA yes RTLNAME mul_4s_4ns_8_1_1_U95 SOURCE /tools/Xilinx/Vitis_HLS/2022.2/common/technology/autopilot/ap_int_base.h:1494 VARIABLE ret_V_147 LOOP VITIS_LOOP_249_1 BUNDLEDNAME {} DSP 0 BRAM 0 URAM 0 DISPNAME {bind_op mul}} {BINDTYPE op ID {} IMPL fabric LATENCY 0 OPTYPE mul PRAGMA yes RTLNAME mul_4s_4ns_8_1_1_U376 SOURCE /tools/Xilinx/Vitis_HLS/2022.2/common/technology/autopilot/ap_int_base.h:1494 VARIABLE ret_V_148 LOOP VITIS_LOOP_249_1 BUNDLEDNAME {} DSP 0 BRAM 0 URAM 0 DISPNAME {bind_op mul}} {BINDTYPE op ID {} IMPL fabric LATENCY 0 OPTYPE mul PRAGMA yes RTLNAME mul_4s_4ns_8_1_1_U377 SOURCE /tools/Xilinx/Vitis_HLS/2022.2/common/technology/autopilot/ap_int_base.h:1494 VARIABLE ret_V_149 LOOP VITIS_LOOP_249_1 BUNDLEDNAME {} DSP 0 BRAM 0 URAM 0 DISPNAME {bind_op mul}} {BINDTYPE op ID {} IMPL fabric LATENCY 0 OPTYPE mul PRAGMA yes RTLNAME mul_4s_4ns_8_1_1_U378 SOURCE /tools/Xilinx/Vitis_HLS/2022.2/common/technology/autopilot/ap_int_base.h:1494 VARIABLE ret_V_150 LOOP VITIS_LOOP_249_1 BUNDLEDNAME {} DSP 0 BRAM 0 URAM 0 DISPNAME {bind_op mul}} {BINDTYPE op ID {} IMPL fabric LATENCY 0 OPTYPE mul PRAGMA yes RTLNAME mul_4s_4ns_8_1_1_U96 SOURCE /tools/Xilinx/Vitis_HLS/2022.2/common/technology/autopilot/ap_int_base.h:1494 VARIABLE ret_V_151 LOOP VITIS_LOOP_249_1 BUNDLEDNAME {} DSP 0 BRAM 0 URAM 0 DISPNAME {bind_op mul}} {BINDTYPE op ID {} IMPL fabric LATENCY 0 OPTYPE add PRAGMA {} RTLNAME add_ln840_144_fu_19392_p2 SOURCE /tools/Xilinx/Vitis_HLS/2022.2/common/technology/autopilot/ap_int_base.h:840 VARIABLE add_ln840_144 LOOP VITIS_LOOP_249_1 BUNDLEDNAME {} DSP 0 BRAM 0 URAM 0 DISPNAME {bind_op add}} {BINDTYPE op ID {} IMPL fabric LATENCY 0 OPTYPE add PRAGMA {} RTLNAME add_ln840_145_fu_15265_p2 SOURCE /tools/Xilinx/Vitis_HLS/2022.2/common/technology/autopilot/ap_int_base.h:840 VARIABLE add_ln840_145 LOOP VITIS_LOOP_249_1 BUNDLEDNAME {} DSP 0 BRAM 0 URAM 0 DISPNAME {bind_op add}} {BINDTYPE op ID {} IMPL fabric LATENCY 0 OPTYPE add PRAGMA {} RTLNAME add_ln840_147_fu_10733_p2 SOURCE /tools/Xilinx/Vitis_HLS/2022.2/common/technology/autopilot/ap_int_base.h:840 VARIABLE add_ln840_147 LOOP VITIS_LOOP_249_1 BUNDLEDNAME {} DSP 0 BRAM 0 URAM 0 DISPNAME {bind_op add}} {BINDTYPE op ID {} IMPL fabric LATENCY 0 OPTYPE add PRAGMA {} RTLNAME add_ln840_148_fu_10739_p2 SOURCE /tools/Xilinx/Vitis_HLS/2022.2/common/technology/autopilot/ap_int_base.h:840 VARIABLE add_ln840_148 LOOP VITIS_LOOP_249_1 BUNDLEDNAME {} DSP 0 BRAM 0 URAM 0 DISPNAME {bind_op add}} {BINDTYPE op ID {} IMPL fabric LATENCY 0 OPTYPE add PRAGMA {} RTLNAME add_ln840_149_fu_15277_p2 SOURCE /tools/Xilinx/Vitis_HLS/2022.2/common/technology/autopilot/ap_int_base.h:840 VARIABLE add_ln840_149 LOOP VITIS_LOOP_249_1 BUNDLEDNAME {} DSP 0 BRAM 0 URAM 0 DISPNAME {bind_op add}} {BINDTYPE op ID {} IMPL fabric LATENCY 0 OPTYPE add PRAGMA {} RTLNAME add_ln840_150_fu_15287_p2 SOURCE /tools/Xilinx/Vitis_HLS/2022.2/common/technology/autopilot/ap_int_base.h:840 VARIABLE add_ln840_150 LOOP VITIS_LOOP_249_1 BUNDLEDNAME {} DSP 0 BRAM 0 URAM 0 DISPNAME {bind_op add}} {BINDTYPE op ID {} IMPL fabric LATENCY 0 OPTYPE mul PRAGMA yes RTLNAME mul_4s_4ns_8_1_1_U97 SOURCE /tools/Xilinx/Vitis_HLS/2022.2/common/technology/autopilot/ap_int_base.h:1494 VARIABLE ret_V_152 LOOP VITIS_LOOP_249_1 BUNDLEDNAME {} DSP 0 BRAM 0 URAM 0 DISPNAME {bind_op mul}} {BINDTYPE op ID {} IMPL fabric LATENCY 0 OPTYPE mul PRAGMA yes RTLNAME mul_4s_4ns_8_1_1_U98 SOURCE /tools/Xilinx/Vitis_HLS/2022.2/common/technology/autopilot/ap_int_base.h:1494 VARIABLE ret_V_153 LOOP VITIS_LOOP_249_1 BUNDLEDNAME {} DSP 0 BRAM 0 URAM 0 DISPNAME {bind_op mul}} {BINDTYPE op ID {} IMPL fabric LATENCY 0 OPTYPE mul PRAGMA yes RTLNAME mul_4s_4ns_8_1_1_U99 SOURCE /tools/Xilinx/Vitis_HLS/2022.2/common/technology/autopilot/ap_int_base.h:1494 VARIABLE ret_V_154 LOOP VITIS_LOOP_249_1 BUNDLEDNAME {} DSP 0 BRAM 0 URAM 0 DISPNAME {bind_op mul}} {BINDTYPE op ID {} IMPL fabric LATENCY 0 OPTYPE mul PRAGMA yes RTLNAME mul_4s_4ns_8_1_1_U100 SOURCE /tools/Xilinx/Vitis_HLS/2022.2/common/technology/autopilot/ap_int_base.h:1494 VARIABLE ret_V_155 LOOP VITIS_LOOP_249_1 BUNDLEDNAME {} DSP 0 BRAM 0 URAM 0 DISPNAME {bind_op mul}} {BINDTYPE op ID {} IMPL fabric LATENCY 0 OPTYPE mul PRAGMA yes RTLNAME mul_4s_4ns_8_1_1_U379 SOURCE /tools/Xilinx/Vitis_HLS/2022.2/common/technology/autopilot/ap_int_base.h:1494 VARIABLE ret_V_156 LOOP VITIS_LOOP_249_1 BUNDLEDNAME {} DSP 0 BRAM 0 URAM 0 DISPNAME {bind_op mul}} {BINDTYPE op ID {} IMPL fabric LATENCY 0 OPTYPE mul PRAGMA yes RTLNAME mul_4s_4ns_8_1_1_U380 SOURCE /tools/Xilinx/Vitis_HLS/2022.2/common/technology/autopilot/ap_int_base.h:1494 VARIABLE ret_V_157 LOOP VITIS_LOOP_249_1 BUNDLEDNAME {} DSP 0 BRAM 0 URAM 0 DISPNAME {bind_op mul}} {BINDTYPE op ID {} IMPL fabric LATENCY 0 OPTYPE mul PRAGMA yes RTLNAME mul_4s_4ns_8_1_1_U381 SOURCE /tools/Xilinx/Vitis_HLS/2022.2/common/technology/autopilot/ap_int_base.h:1494 VARIABLE ret_V_158 LOOP VITIS_LOOP_249_1 BUNDLEDNAME {} DSP 0 BRAM 0 URAM 0 DISPNAME {bind_op mul}} {BINDTYPE op ID {} IMPL fabric LATENCY 0 OPTYPE mul PRAGMA yes RTLNAME mul_4s_4ns_8_1_1_U101 SOURCE /tools/Xilinx/Vitis_HLS/2022.2/common/technology/autopilot/ap_int_base.h:1494 VARIABLE ret_V_159 LOOP VITIS_LOOP_249_1 BUNDLEDNAME {} DSP 0 BRAM 0 URAM 0 DISPNAME {bind_op mul}} {BINDTYPE op ID {} IMPL fabric LATENCY 0 OPTYPE add PRAGMA {} RTLNAME add_ln840_152_fu_19419_p2 SOURCE /tools/Xilinx/Vitis_HLS/2022.2/common/technology/autopilot/ap_int_base.h:840 VARIABLE add_ln840_152 LOOP VITIS_LOOP_249_1 BUNDLEDNAME {} DSP 0 BRAM 0 URAM 0 DISPNAME {bind_op add}} {BINDTYPE op ID {} IMPL fabric LATENCY 0 OPTYPE add PRAGMA {} RTLNAME add_ln840_153_fu_15331_p2 SOURCE /tools/Xilinx/Vitis_HLS/2022.2/common/technology/autopilot/ap_int_base.h:840 VARIABLE add_ln840_153 LOOP VITIS_LOOP_249_1 BUNDLEDNAME {} DSP 0 BRAM 0 URAM 0 DISPNAME {bind_op add}} {BINDTYPE op ID {} IMPL fabric LATENCY 0 OPTYPE add PRAGMA {} RTLNAME add_ln840_155_fu_10806_p2 SOURCE /tools/Xilinx/Vitis_HLS/2022.2/common/technology/autopilot/ap_int_base.h:840 VARIABLE add_ln840_155 LOOP VITIS_LOOP_249_1 BUNDLEDNAME {} DSP 0 BRAM 0 URAM 0 DISPNAME {bind_op add}} {BINDTYPE op ID {} IMPL fabric LATENCY 0 OPTYPE add PRAGMA {} RTLNAME add_ln840_156_fu_10812_p2 SOURCE /tools/Xilinx/Vitis_HLS/2022.2/common/technology/autopilot/ap_int_base.h:840 VARIABLE add_ln840_156 LOOP VITIS_LOOP_249_1 BUNDLEDNAME {} DSP 0 BRAM 0 URAM 0 DISPNAME {bind_op add}} {BINDTYPE op ID {} IMPL fabric LATENCY 0 OPTYPE add PRAGMA {} RTLNAME add_ln840_157_fu_15343_p2 SOURCE /tools/Xilinx/Vitis_HLS/2022.2/common/technology/autopilot/ap_int_base.h:840 VARIABLE add_ln840_157 LOOP VITIS_LOOP_249_1 BUNDLEDNAME {} DSP 0 BRAM 0 URAM 0 DISPNAME {bind_op add}} {BINDTYPE op ID {} IMPL fabric LATENCY 0 OPTYPE add PRAGMA {} RTLNAME add_ln840_158_fu_15353_p2 SOURCE /tools/Xilinx/Vitis_HLS/2022.2/common/technology/autopilot/ap_int_base.h:840 VARIABLE add_ln840_158 LOOP VITIS_LOOP_249_1 BUNDLEDNAME {} DSP 0 BRAM 0 URAM 0 DISPNAME {bind_op add}} {BINDTYPE op ID {} IMPL fabric LATENCY 0 OPTYPE mul PRAGMA yes RTLNAME mul_4s_4ns_8_1_1_U102 SOURCE /tools/Xilinx/Vitis_HLS/2022.2/common/technology/autopilot/ap_int_base.h:1494 VARIABLE ret_V_160 LOOP VITIS_LOOP_249_1 BUNDLEDNAME {} DSP 0 BRAM 0 URAM 0 DISPNAME {bind_op mul}} {BINDTYPE op ID {} IMPL fabric LATENCY 0 OPTYPE mul PRAGMA yes RTLNAME mul_4s_4ns_8_1_1_U103 SOURCE /tools/Xilinx/Vitis_HLS/2022.2/common/technology/autopilot/ap_int_base.h:1494 VARIABLE ret_V_161 LOOP VITIS_LOOP_249_1 BUNDLEDNAME {} DSP 0 BRAM 0 URAM 0 DISPNAME {bind_op mul}} {BINDTYPE op ID {} IMPL fabric LATENCY 0 OPTYPE mul PRAGMA yes RTLNAME mul_4s_4ns_8_1_1_U104 SOURCE /tools/Xilinx/Vitis_HLS/2022.2/common/technology/autopilot/ap_int_base.h:1494 VARIABLE ret_V_162 LOOP VITIS_LOOP_249_1 BUNDLEDNAME {} DSP 0 BRAM 0 URAM 0 DISPNAME {bind_op mul}} {BINDTYPE op ID {} IMPL fabric LATENCY 0 OPTYPE mul PRAGMA yes RTLNAME mul_4s_4ns_8_1_1_U105 SOURCE /tools/Xilinx/Vitis_HLS/2022.2/common/technology/autopilot/ap_int_base.h:1494 VARIABLE ret_V_163 LOOP VITIS_LOOP_249_1 BUNDLEDNAME {} DSP 0 BRAM 0 URAM 0 DISPNAME {bind_op mul}} {BINDTYPE op ID {} IMPL fabric LATENCY 0 OPTYPE mul PRAGMA yes RTLNAME mul_4s_4ns_8_1_1_U382 SOURCE /tools/Xilinx/Vitis_HLS/2022.2/common/technology/autopilot/ap_int_base.h:1494 VARIABLE ret_V_164 LOOP VITIS_LOOP_249_1 BUNDLEDNAME {} DSP 0 BRAM 0 URAM 0 DISPNAME {bind_op mul}} {BINDTYPE op ID {} IMPL fabric LATENCY 0 OPTYPE mul PRAGMA yes RTLNAME mul_4s_4ns_8_1_1_U383 SOURCE /tools/Xilinx/Vitis_HLS/2022.2/common/technology/autopilot/ap_int_base.h:1494 VARIABLE ret_V_165 LOOP VITIS_LOOP_249_1 BUNDLEDNAME {} DSP 0 BRAM 0 URAM 0 DISPNAME {bind_op mul}} {BINDTYPE op ID {} IMPL fabric LATENCY 0 OPTYPE mul PRAGMA yes RTLNAME mul_4s_4ns_8_1_1_U384 SOURCE /tools/Xilinx/Vitis_HLS/2022.2/common/technology/autopilot/ap_int_base.h:1494 VARIABLE ret_V_166 LOOP VITIS_LOOP_249_1 BUNDLEDNAME {} DSP 0 BRAM 0 URAM 0 DISPNAME {bind_op mul}} {BINDTYPE op ID {} IMPL fabric LATENCY 0 OPTYPE mul PRAGMA yes RTLNAME mul_4s_4ns_8_1_1_U106 SOURCE /tools/Xilinx/Vitis_HLS/2022.2/common/technology/autopilot/ap_int_base.h:1494 VARIABLE ret_V_167 LOOP VITIS_LOOP_249_1 BUNDLEDNAME {} DSP 0 BRAM 0 URAM 0 DISPNAME {bind_op mul}} {BINDTYPE op ID {} IMPL fabric LATENCY 0 OPTYPE add PRAGMA {} RTLNAME add_ln840_160_fu_19446_p2 SOURCE /tools/Xilinx/Vitis_HLS/2022.2/common/technology/autopilot/ap_int_base.h:840 VARIABLE add_ln840_160 LOOP VITIS_LOOP_249_1 BUNDLEDNAME {} DSP 0 BRAM 0 URAM 0 DISPNAME {bind_op add}} {BINDTYPE op ID {} IMPL fabric LATENCY 0 OPTYPE add PRAGMA {} RTLNAME add_ln840_161_fu_15397_p2 SOURCE /tools/Xilinx/Vitis_HLS/2022.2/common/technology/autopilot/ap_int_base.h:840 VARIABLE add_ln840_161 LOOP VITIS_LOOP_249_1 BUNDLEDNAME {} DSP 0 BRAM 0 URAM 0 DISPNAME {bind_op add}} {BINDTYPE op ID {} IMPL fabric LATENCY 0 OPTYPE add PRAGMA {} RTLNAME add_ln840_163_fu_10879_p2 SOURCE /tools/Xilinx/Vitis_HLS/2022.2/common/technology/autopilot/ap_int_base.h:840 VARIABLE add_ln840_163 LOOP VITIS_LOOP_249_1 BUNDLEDNAME {} DSP 0 BRAM 0 URAM 0 DISPNAME {bind_op add}} {BINDTYPE op ID {} IMPL fabric LATENCY 0 OPTYPE add PRAGMA {} RTLNAME add_ln840_164_fu_10885_p2 SOURCE /tools/Xilinx/Vitis_HLS/2022.2/common/technology/autopilot/ap_int_base.h:840 VARIABLE add_ln840_164 LOOP VITIS_LOOP_249_1 BUNDLEDNAME {} DSP 0 BRAM 0 URAM 0 DISPNAME {bind_op add}} {BINDTYPE op ID {} IMPL fabric LATENCY 0 OPTYPE add PRAGMA {} RTLNAME add_ln840_165_fu_15409_p2 SOURCE /tools/Xilinx/Vitis_HLS/2022.2/common/technology/autopilot/ap_int_base.h:840 VARIABLE add_ln840_165 LOOP VITIS_LOOP_249_1 BUNDLEDNAME {} DSP 0 BRAM 0 URAM 0 DISPNAME {bind_op add}} {BINDTYPE op ID {} IMPL fabric LATENCY 0 OPTYPE add PRAGMA {} RTLNAME add_ln840_166_fu_15419_p2 SOURCE /tools/Xilinx/Vitis_HLS/2022.2/common/technology/autopilot/ap_int_base.h:840 VARIABLE add_ln840_166 LOOP VITIS_LOOP_249_1 BUNDLEDNAME {} DSP 0 BRAM 0 URAM 0 DISPNAME {bind_op add}} {BINDTYPE op ID {} IMPL fabric LATENCY 0 OPTYPE mul PRAGMA yes RTLNAME mul_4s_4ns_8_1_1_U107 SOURCE /tools/Xilinx/Vitis_HLS/2022.2/common/technology/autopilot/ap_int_base.h:1494 VARIABLE ret_V_168 LOOP VITIS_LOOP_249_1 BUNDLEDNAME {} DSP 0 BRAM 0 URAM 0 DISPNAME {bind_op mul}} {BINDTYPE op ID {} IMPL fabric LATENCY 0 OPTYPE mul PRAGMA yes RTLNAME mul_4s_4ns_8_1_1_U108 SOURCE /tools/Xilinx/Vitis_HLS/2022.2/common/technology/autopilot/ap_int_base.h:1494 VARIABLE ret_V_169 LOOP VITIS_LOOP_249_1 BUNDLEDNAME {} DSP 0 BRAM 0 URAM 0 DISPNAME {bind_op mul}} {BINDTYPE op ID {} IMPL fabric LATENCY 0 OPTYPE mul PRAGMA yes RTLNAME mul_4s_4ns_8_1_1_U109 SOURCE /tools/Xilinx/Vitis_HLS/2022.2/common/technology/autopilot/ap_int_base.h:1494 VARIABLE ret_V_170 LOOP VITIS_LOOP_249_1 BUNDLEDNAME {} DSP 0 BRAM 0 URAM 0 DISPNAME {bind_op mul}} {BINDTYPE op ID {} IMPL fabric LATENCY 0 OPTYPE mul PRAGMA yes RTLNAME mul_4s_4ns_8_1_1_U110 SOURCE /tools/Xilinx/Vitis_HLS/2022.2/common/technology/autopilot/ap_int_base.h:1494 VARIABLE ret_V_171 LOOP VITIS_LOOP_249_1 BUNDLEDNAME {} DSP 0 BRAM 0 URAM 0 DISPNAME {bind_op mul}} {BINDTYPE op ID {} IMPL fabric LATENCY 0 OPTYPE mul PRAGMA yes RTLNAME mul_4s_4ns_8_1_1_U385 SOURCE /tools/Xilinx/Vitis_HLS/2022.2/common/technology/autopilot/ap_int_base.h:1494 VARIABLE ret_V_172 LOOP VITIS_LOOP_249_1 BUNDLEDNAME {} DSP 0 BRAM 0 URAM 0 DISPNAME {bind_op mul}} {BINDTYPE op ID {} IMPL fabric LATENCY 0 OPTYPE mul PRAGMA yes RTLNAME mul_4s_4ns_8_1_1_U386 SOURCE /tools/Xilinx/Vitis_HLS/2022.2/common/technology/autopilot/ap_int_base.h:1494 VARIABLE ret_V_173 LOOP VITIS_LOOP_249_1 BUNDLEDNAME {} DSP 0 BRAM 0 URAM 0 DISPNAME {bind_op mul}} {BINDTYPE op ID {} IMPL fabric LATENCY 0 OPTYPE mul PRAGMA yes RTLNAME mul_4s_4ns_8_1_1_U387 SOURCE /tools/Xilinx/Vitis_HLS/2022.2/common/technology/autopilot/ap_int_base.h:1494 VARIABLE ret_V_174 LOOP VITIS_LOOP_249_1 BUNDLEDNAME {} DSP 0 BRAM 0 URAM 0 DISPNAME {bind_op mul}} {BINDTYPE op ID {} IMPL fabric LATENCY 0 OPTYPE mul PRAGMA yes RTLNAME mul_4s_4ns_8_1_1_U111 SOURCE /tools/Xilinx/Vitis_HLS/2022.2/common/technology/autopilot/ap_int_base.h:1494 VARIABLE ret_V_175 LOOP VITIS_LOOP_249_1 BUNDLEDNAME {} DSP 0 BRAM 0 URAM 0 DISPNAME {bind_op mul}} {BINDTYPE op ID {} IMPL fabric LATENCY 0 OPTYPE add PRAGMA {} RTLNAME add_ln840_168_fu_19473_p2 SOURCE /tools/Xilinx/Vitis_HLS/2022.2/common/technology/autopilot/ap_int_base.h:840 VARIABLE add_ln840_168 LOOP VITIS_LOOP_249_1 BUNDLEDNAME {} DSP 0 BRAM 0 URAM 0 DISPNAME {bind_op add}} {BINDTYPE op ID {} IMPL fabric LATENCY 0 OPTYPE add PRAGMA {} RTLNAME add_ln840_169_fu_15463_p2 SOURCE /tools/Xilinx/Vitis_HLS/2022.2/common/technology/autopilot/ap_int_base.h:840 VARIABLE add_ln840_169 LOOP VITIS_LOOP_249_1 BUNDLEDNAME {} DSP 0 BRAM 0 URAM 0 DISPNAME {bind_op add}} {BINDTYPE op ID {} IMPL fabric LATENCY 0 OPTYPE add PRAGMA {} RTLNAME add_ln840_171_fu_10952_p2 SOURCE /tools/Xilinx/Vitis_HLS/2022.2/common/technology/autopilot/ap_int_base.h:840 VARIABLE add_ln840_171 LOOP VITIS_LOOP_249_1 BUNDLEDNAME {} DSP 0 BRAM 0 URAM 0 DISPNAME {bind_op add}} {BINDTYPE op ID {} IMPL fabric LATENCY 0 OPTYPE add PRAGMA {} RTLNAME add_ln840_172_fu_10958_p2 SOURCE /tools/Xilinx/Vitis_HLS/2022.2/common/technology/autopilot/ap_int_base.h:840 VARIABLE add_ln840_172 LOOP VITIS_LOOP_249_1 BUNDLEDNAME {} DSP 0 BRAM 0 URAM 0 DISPNAME {bind_op add}} {BINDTYPE op ID {} IMPL fabric LATENCY 0 OPTYPE add PRAGMA {} RTLNAME add_ln840_173_fu_15475_p2 SOURCE /tools/Xilinx/Vitis_HLS/2022.2/common/technology/autopilot/ap_int_base.h:840 VARIABLE add_ln840_173 LOOP VITIS_LOOP_249_1 BUNDLEDNAME {} DSP 0 BRAM 0 URAM 0 DISPNAME {bind_op add}} {BINDTYPE op ID {} IMPL fabric LATENCY 0 OPTYPE add PRAGMA {} RTLNAME add_ln840_174_fu_15485_p2 SOURCE /tools/Xilinx/Vitis_HLS/2022.2/common/technology/autopilot/ap_int_base.h:840 VARIABLE add_ln840_174 LOOP VITIS_LOOP_249_1 BUNDLEDNAME {} DSP 0 BRAM 0 URAM 0 DISPNAME {bind_op add}} {BINDTYPE op ID {} IMPL fabric LATENCY 0 OPTYPE mul PRAGMA yes RTLNAME mul_4s_4ns_8_1_1_U112 SOURCE /tools/Xilinx/Vitis_HLS/2022.2/common/technology/autopilot/ap_int_base.h:1494 VARIABLE ret_V_176 LOOP VITIS_LOOP_249_1 BUNDLEDNAME {} DSP 0 BRAM 0 URAM 0 DISPNAME {bind_op mul}} {BINDTYPE op ID {} IMPL fabric LATENCY 0 OPTYPE mul PRAGMA yes RTLNAME mul_4s_4ns_8_1_1_U113 SOURCE /tools/Xilinx/Vitis_HLS/2022.2/common/technology/autopilot/ap_int_base.h:1494 VARIABLE ret_V_177 LOOP VITIS_LOOP_249_1 BUNDLEDNAME {} DSP 0 BRAM 0 URAM 0 DISPNAME {bind_op mul}} {BINDTYPE op ID {} IMPL fabric LATENCY 0 OPTYPE mul PRAGMA yes RTLNAME mul_4s_4ns_8_1_1_U114 SOURCE /tools/Xilinx/Vitis_HLS/2022.2/common/technology/autopilot/ap_int_base.h:1494 VARIABLE ret_V_178 LOOP VITIS_LOOP_249_1 BUNDLEDNAME {} DSP 0 BRAM 0 URAM 0 DISPNAME {bind_op mul}} {BINDTYPE op ID {} IMPL fabric LATENCY 0 OPTYPE mul PRAGMA yes RTLNAME mul_4s_4ns_8_1_1_U115 SOURCE /tools/Xilinx/Vitis_HLS/2022.2/common/technology/autopilot/ap_int_base.h:1494 VARIABLE ret_V_179 LOOP VITIS_LOOP_249_1 BUNDLEDNAME {} DSP 0 BRAM 0 URAM 0 DISPNAME {bind_op mul}} {BINDTYPE op ID {} IMPL fabric LATENCY 0 OPTYPE mul PRAGMA yes RTLNAME mul_4s_4ns_8_1_1_U388 SOURCE /tools/Xilinx/Vitis_HLS/2022.2/common/technology/autopilot/ap_int_base.h:1494 VARIABLE ret_V_180 LOOP VITIS_LOOP_249_1 BUNDLEDNAME {} DSP 0 BRAM 0 URAM 0 DISPNAME {bind_op mul}} {BINDTYPE op ID {} IMPL fabric LATENCY 0 OPTYPE mul PRAGMA yes RTLNAME mul_4s_4ns_8_1_1_U389 SOURCE /tools/Xilinx/Vitis_HLS/2022.2/common/technology/autopilot/ap_int_base.h:1494 VARIABLE ret_V_181 LOOP VITIS_LOOP_249_1 BUNDLEDNAME {} DSP 0 BRAM 0 URAM 0 DISPNAME {bind_op mul}} {BINDTYPE op ID {} IMPL fabric LATENCY 0 OPTYPE mul PRAGMA yes RTLNAME mul_4s_4ns_8_1_1_U390 SOURCE /tools/Xilinx/Vitis_HLS/2022.2/common/technology/autopilot/ap_int_base.h:1494 VARIABLE ret_V_182 LOOP VITIS_LOOP_249_1 BUNDLEDNAME {} DSP 0 BRAM 0 URAM 0 DISPNAME {bind_op mul}} {BINDTYPE op ID {} IMPL fabric LATENCY 0 OPTYPE mul PRAGMA yes RTLNAME mul_4s_4ns_8_1_1_U116 SOURCE /tools/Xilinx/Vitis_HLS/2022.2/common/technology/autopilot/ap_int_base.h:1494 VARIABLE ret_V_183 LOOP VITIS_LOOP_249_1 BUNDLEDNAME {} DSP 0 BRAM 0 URAM 0 DISPNAME {bind_op mul}} {BINDTYPE op ID {} IMPL fabric LATENCY 0 OPTYPE add PRAGMA {} RTLNAME add_ln840_176_fu_19500_p2 SOURCE /tools/Xilinx/Vitis_HLS/2022.2/common/technology/autopilot/ap_int_base.h:840 VARIABLE add_ln840_176 LOOP VITIS_LOOP_249_1 BUNDLEDNAME {} DSP 0 BRAM 0 URAM 0 DISPNAME {bind_op add}} {BINDTYPE op ID {} IMPL fabric LATENCY 0 OPTYPE add PRAGMA {} RTLNAME add_ln840_177_fu_15529_p2 SOURCE /tools/Xilinx/Vitis_HLS/2022.2/common/technology/autopilot/ap_int_base.h:840 VARIABLE add_ln840_177 LOOP VITIS_LOOP_249_1 BUNDLEDNAME {} DSP 0 BRAM 0 URAM 0 DISPNAME {bind_op add}} {BINDTYPE op ID {} IMPL fabric LATENCY 0 OPTYPE add PRAGMA {} RTLNAME add_ln840_179_fu_11025_p2 SOURCE /tools/Xilinx/Vitis_HLS/2022.2/common/technology/autopilot/ap_int_base.h:840 VARIABLE add_ln840_179 LOOP VITIS_LOOP_249_1 BUNDLEDNAME {} DSP 0 BRAM 0 URAM 0 DISPNAME {bind_op add}} {BINDTYPE op ID {} IMPL fabric LATENCY 0 OPTYPE add PRAGMA {} RTLNAME add_ln840_180_fu_11031_p2 SOURCE /tools/Xilinx/Vitis_HLS/2022.2/common/technology/autopilot/ap_int_base.h:840 VARIABLE add_ln840_180 LOOP VITIS_LOOP_249_1 BUNDLEDNAME {} DSP 0 BRAM 0 URAM 0 DISPNAME {bind_op add}} {BINDTYPE op ID {} IMPL fabric LATENCY 0 OPTYPE add PRAGMA {} RTLNAME add_ln840_181_fu_15541_p2 SOURCE /tools/Xilinx/Vitis_HLS/2022.2/common/technology/autopilot/ap_int_base.h:840 VARIABLE add_ln840_181 LOOP VITIS_LOOP_249_1 BUNDLEDNAME {} DSP 0 BRAM 0 URAM 0 DISPNAME {bind_op add}} {BINDTYPE op ID {} IMPL fabric LATENCY 0 OPTYPE add PRAGMA {} RTLNAME add_ln840_182_fu_15551_p2 SOURCE /tools/Xilinx/Vitis_HLS/2022.2/common/technology/autopilot/ap_int_base.h:840 VARIABLE add_ln840_182 LOOP VITIS_LOOP_249_1 BUNDLEDNAME {} DSP 0 BRAM 0 URAM 0 DISPNAME {bind_op add}} {BINDTYPE op ID {} IMPL fabric LATENCY 0 OPTYPE mul PRAGMA yes RTLNAME mul_4s_4ns_8_1_1_U117 SOURCE /tools/Xilinx/Vitis_HLS/2022.2/common/technology/autopilot/ap_int_base.h:1494 VARIABLE ret_V_184 LOOP VITIS_LOOP_249_1 BUNDLEDNAME {} DSP 0 BRAM 0 URAM 0 DISPNAME {bind_op mul}} {BINDTYPE op ID {} IMPL fabric LATENCY 0 OPTYPE mul PRAGMA yes RTLNAME mul_4s_4ns_8_1_1_U118 SOURCE /tools/Xilinx/Vitis_HLS/2022.2/common/technology/autopilot/ap_int_base.h:1494 VARIABLE ret_V_185 LOOP VITIS_LOOP_249_1 BUNDLEDNAME {} DSP 0 BRAM 0 URAM 0 DISPNAME {bind_op mul}} {BINDTYPE op ID {} IMPL fabric LATENCY 0 OPTYPE mul PRAGMA yes RTLNAME mul_4s_4ns_8_1_1_U119 SOURCE /tools/Xilinx/Vitis_HLS/2022.2/common/technology/autopilot/ap_int_base.h:1494 VARIABLE ret_V_186 LOOP VITIS_LOOP_249_1 BUNDLEDNAME {} DSP 0 BRAM 0 URAM 0 DISPNAME {bind_op mul}} {BINDTYPE op ID {} IMPL fabric LATENCY 0 OPTYPE mul PRAGMA yes RTLNAME mul_4s_4ns_8_1_1_U120 SOURCE /tools/Xilinx/Vitis_HLS/2022.2/common/technology/autopilot/ap_int_base.h:1494 VARIABLE ret_V_187 LOOP VITIS_LOOP_249_1 BUNDLEDNAME {} DSP 0 BRAM 0 URAM 0 DISPNAME {bind_op mul}} {BINDTYPE op ID {} IMPL fabric LATENCY 0 OPTYPE mul PRAGMA yes RTLNAME mul_4s_4ns_8_1_1_U391 SOURCE /tools/Xilinx/Vitis_HLS/2022.2/common/technology/autopilot/ap_int_base.h:1494 VARIABLE ret_V_188 LOOP VITIS_LOOP_249_1 BUNDLEDNAME {} DSP 0 BRAM 0 URAM 0 DISPNAME {bind_op mul}} {BINDTYPE op ID {} IMPL fabric LATENCY 0 OPTYPE mul PRAGMA yes RTLNAME mul_4s_4ns_8_1_1_U392 SOURCE /tools/Xilinx/Vitis_HLS/2022.2/common/technology/autopilot/ap_int_base.h:1494 VARIABLE ret_V_189 LOOP VITIS_LOOP_249_1 BUNDLEDNAME {} DSP 0 BRAM 0 URAM 0 DISPNAME {bind_op mul}} {BINDTYPE op ID {} IMPL fabric LATENCY 0 OPTYPE mul PRAGMA yes RTLNAME mul_4s_4ns_8_1_1_U393 SOURCE /tools/Xilinx/Vitis_HLS/2022.2/common/technology/autopilot/ap_int_base.h:1494 VARIABLE ret_V_190 LOOP VITIS_LOOP_249_1 BUNDLEDNAME {} DSP 0 BRAM 0 URAM 0 DISPNAME {bind_op mul}} {BINDTYPE op ID {} IMPL fabric LATENCY 0 OPTYPE mul PRAGMA yes RTLNAME mul_4s_4ns_8_1_1_U121 SOURCE /tools/Xilinx/Vitis_HLS/2022.2/common/technology/autopilot/ap_int_base.h:1494 VARIABLE ret_V_191 LOOP VITIS_LOOP_249_1 BUNDLEDNAME {} DSP 0 BRAM 0 URAM 0 DISPNAME {bind_op mul}} {BINDTYPE op ID {} IMPL fabric LATENCY 0 OPTYPE add PRAGMA {} RTLNAME add_ln840_184_fu_19527_p2 SOURCE /tools/Xilinx/Vitis_HLS/2022.2/common/technology/autopilot/ap_int_base.h:840 VARIABLE add_ln840_184 LOOP VITIS_LOOP_249_1 BUNDLEDNAME {} DSP 0 BRAM 0 URAM 0 DISPNAME {bind_op add}} {BINDTYPE op ID {} IMPL fabric LATENCY 0 OPTYPE add PRAGMA {} RTLNAME add_ln840_185_fu_15595_p2 SOURCE /tools/Xilinx/Vitis_HLS/2022.2/common/technology/autopilot/ap_int_base.h:840 VARIABLE add_ln840_185 LOOP VITIS_LOOP_249_1 BUNDLEDNAME {} DSP 0 BRAM 0 URAM 0 DISPNAME {bind_op add}} {BINDTYPE op ID {} IMPL fabric LATENCY 0 OPTYPE add PRAGMA {} RTLNAME add_ln840_187_fu_11098_p2 SOURCE /tools/Xilinx/Vitis_HLS/2022.2/common/technology/autopilot/ap_int_base.h:840 VARIABLE add_ln840_187 LOOP VITIS_LOOP_249_1 BUNDLEDNAME {} DSP 0 BRAM 0 URAM 0 DISPNAME {bind_op add}} {BINDTYPE op ID {} IMPL fabric LATENCY 0 OPTYPE add PRAGMA {} RTLNAME add_ln840_188_fu_11104_p2 SOURCE /tools/Xilinx/Vitis_HLS/2022.2/common/technology/autopilot/ap_int_base.h:840 VARIABLE add_ln840_188 LOOP VITIS_LOOP_249_1 BUNDLEDNAME {} DSP 0 BRAM 0 URAM 0 DISPNAME {bind_op add}} {BINDTYPE op ID {} IMPL fabric LATENCY 0 OPTYPE add PRAGMA {} RTLNAME add_ln840_189_fu_15607_p2 SOURCE /tools/Xilinx/Vitis_HLS/2022.2/common/technology/autopilot/ap_int_base.h:840 VARIABLE add_ln840_189 LOOP VITIS_LOOP_249_1 BUNDLEDNAME {} DSP 0 BRAM 0 URAM 0 DISPNAME {bind_op add}} {BINDTYPE op ID {} IMPL fabric LATENCY 0 OPTYPE add PRAGMA {} RTLNAME add_ln840_190_fu_15617_p2 SOURCE /tools/Xilinx/Vitis_HLS/2022.2/common/technology/autopilot/ap_int_base.h:840 VARIABLE add_ln840_190 LOOP VITIS_LOOP_249_1 BUNDLEDNAME {} DSP 0 BRAM 0 URAM 0 DISPNAME {bind_op add}} {BINDTYPE op ID {} IMPL fabric LATENCY 0 OPTYPE mul PRAGMA yes RTLNAME mul_4s_4ns_8_1_1_U122 SOURCE /tools/Xilinx/Vitis_HLS/2022.2/common/technology/autopilot/ap_int_base.h:1494 VARIABLE ret_V_192 LOOP VITIS_LOOP_249_1 BUNDLEDNAME {} DSP 0 BRAM 0 URAM 0 DISPNAME {bind_op mul}} {BINDTYPE op ID {} IMPL fabric LATENCY 0 OPTYPE mul PRAGMA yes RTLNAME mul_4s_4ns_8_1_1_U123 SOURCE /tools/Xilinx/Vitis_HLS/2022.2/common/technology/autopilot/ap_int_base.h:1494 VARIABLE ret_V_193 LOOP VITIS_LOOP_249_1 BUNDLEDNAME {} DSP 0 BRAM 0 URAM 0 DISPNAME {bind_op mul}} {BINDTYPE op ID {} IMPL fabric LATENCY 0 OPTYPE mul PRAGMA yes RTLNAME mul_4s_4ns_8_1_1_U124 SOURCE /tools/Xilinx/Vitis_HLS/2022.2/common/technology/autopilot/ap_int_base.h:1494 VARIABLE ret_V_194 LOOP VITIS_LOOP_249_1 BUNDLEDNAME {} DSP 0 BRAM 0 URAM 0 DISPNAME {bind_op mul}} {BINDTYPE op ID {} IMPL fabric LATENCY 0 OPTYPE mul PRAGMA yes RTLNAME mul_4s_4ns_8_1_1_U125 SOURCE /tools/Xilinx/Vitis_HLS/2022.2/common/technology/autopilot/ap_int_base.h:1494 VARIABLE ret_V_195 LOOP VITIS_LOOP_249_1 BUNDLEDNAME {} DSP 0 BRAM 0 URAM 0 DISPNAME {bind_op mul}} {BINDTYPE op ID {} IMPL fabric LATENCY 0 OPTYPE mul PRAGMA yes RTLNAME mul_4s_4ns_8_1_1_U394 SOURCE /tools/Xilinx/Vitis_HLS/2022.2/common/technology/autopilot/ap_int_base.h:1494 VARIABLE ret_V_196 LOOP VITIS_LOOP_249_1 BUNDLEDNAME {} DSP 0 BRAM 0 URAM 0 DISPNAME {bind_op mul}} {BINDTYPE op ID {} IMPL fabric LATENCY 0 OPTYPE mul PRAGMA yes RTLNAME mul_4s_4ns_8_1_1_U395 SOURCE /tools/Xilinx/Vitis_HLS/2022.2/common/technology/autopilot/ap_int_base.h:1494 VARIABLE ret_V_197 LOOP VITIS_LOOP_249_1 BUNDLEDNAME {} DSP 0 BRAM 0 URAM 0 DISPNAME {bind_op mul}} {BINDTYPE op ID {} IMPL fabric LATENCY 0 OPTYPE mul PRAGMA yes RTLNAME mul_4s_4ns_8_1_1_U396 SOURCE /tools/Xilinx/Vitis_HLS/2022.2/common/technology/autopilot/ap_int_base.h:1494 VARIABLE ret_V_198 LOOP VITIS_LOOP_249_1 BUNDLEDNAME {} DSP 0 BRAM 0 URAM 0 DISPNAME {bind_op mul}} {BINDTYPE op ID {} IMPL fabric LATENCY 0 OPTYPE mul PRAGMA yes RTLNAME mul_4s_4ns_8_1_1_U126 SOURCE /tools/Xilinx/Vitis_HLS/2022.2/common/technology/autopilot/ap_int_base.h:1494 VARIABLE ret_V_199 LOOP VITIS_LOOP_249_1 BUNDLEDNAME {} DSP 0 BRAM 0 URAM 0 DISPNAME {bind_op mul}} {BINDTYPE op ID {} IMPL fabric LATENCY 0 OPTYPE add PRAGMA {} RTLNAME add_ln840_192_fu_19554_p2 SOURCE /tools/Xilinx/Vitis_HLS/2022.2/common/technology/autopilot/ap_int_base.h:840 VARIABLE add_ln840_192 LOOP VITIS_LOOP_249_1 BUNDLEDNAME {} DSP 0 BRAM 0 URAM 0 DISPNAME {bind_op add}} {BINDTYPE op ID {} IMPL fabric LATENCY 0 OPTYPE add PRAGMA {} RTLNAME add_ln840_193_fu_15661_p2 SOURCE /tools/Xilinx/Vitis_HLS/2022.2/common/technology/autopilot/ap_int_base.h:840 VARIABLE add_ln840_193 LOOP VITIS_LOOP_249_1 BUNDLEDNAME {} DSP 0 BRAM 0 URAM 0 DISPNAME {bind_op add}} {BINDTYPE op ID {} IMPL fabric LATENCY 0 OPTYPE add PRAGMA {} RTLNAME add_ln840_195_fu_11171_p2 SOURCE /tools/Xilinx/Vitis_HLS/2022.2/common/technology/autopilot/ap_int_base.h:840 VARIABLE add_ln840_195 LOOP VITIS_LOOP_249_1 BUNDLEDNAME {} DSP 0 BRAM 0 URAM 0 DISPNAME {bind_op add}} {BINDTYPE op ID {} IMPL fabric LATENCY 0 OPTYPE add PRAGMA {} RTLNAME add_ln840_196_fu_11177_p2 SOURCE /tools/Xilinx/Vitis_HLS/2022.2/common/technology/autopilot/ap_int_base.h:840 VARIABLE add_ln840_196 LOOP VITIS_LOOP_249_1 BUNDLEDNAME {} DSP 0 BRAM 0 URAM 0 DISPNAME {bind_op add}} {BINDTYPE op ID {} IMPL fabric LATENCY 0 OPTYPE add PRAGMA {} RTLNAME add_ln840_197_fu_15673_p2 SOURCE /tools/Xilinx/Vitis_HLS/2022.2/common/technology/autopilot/ap_int_base.h:840 VARIABLE add_ln840_197 LOOP VITIS_LOOP_249_1 BUNDLEDNAME {} DSP 0 BRAM 0 URAM 0 DISPNAME {bind_op add}} {BINDTYPE op ID {} IMPL fabric LATENCY 0 OPTYPE add PRAGMA {} RTLNAME add_ln840_198_fu_15683_p2 SOURCE /tools/Xilinx/Vitis_HLS/2022.2/common/technology/autopilot/ap_int_base.h:840 VARIABLE add_ln840_198 LOOP VITIS_LOOP_249_1 BUNDLEDNAME {} DSP 0 BRAM 0 URAM 0 DISPNAME {bind_op add}} {BINDTYPE op ID {} IMPL fabric LATENCY 0 OPTYPE mul PRAGMA yes RTLNAME mul_4s_4ns_8_1_1_U127 SOURCE /tools/Xilinx/Vitis_HLS/2022.2/common/technology/autopilot/ap_int_base.h:1494 VARIABLE ret_V_200 LOOP VITIS_LOOP_249_1 BUNDLEDNAME {} DSP 0 BRAM 0 URAM 0 DISPNAME {bind_op mul}} {BINDTYPE op ID {} IMPL fabric LATENCY 0 OPTYPE mul PRAGMA yes RTLNAME mul_4s_4ns_8_1_1_U128 SOURCE /tools/Xilinx/Vitis_HLS/2022.2/common/technology/autopilot/ap_int_base.h:1494 VARIABLE ret_V_201 LOOP VITIS_LOOP_249_1 BUNDLEDNAME {} DSP 0 BRAM 0 URAM 0 DISPNAME {bind_op mul}} {BINDTYPE op ID {} IMPL fabric LATENCY 0 OPTYPE mul PRAGMA yes RTLNAME mul_4s_4ns_8_1_1_U129 SOURCE /tools/Xilinx/Vitis_HLS/2022.2/common/technology/autopilot/ap_int_base.h:1494 VARIABLE ret_V_202 LOOP VITIS_LOOP_249_1 BUNDLEDNAME {} DSP 0 BRAM 0 URAM 0 DISPNAME {bind_op mul}} {BINDTYPE op ID {} IMPL fabric LATENCY 0 OPTYPE mul PRAGMA yes RTLNAME mul_4s_4ns_8_1_1_U130 SOURCE /tools/Xilinx/Vitis_HLS/2022.2/common/technology/autopilot/ap_int_base.h:1494 VARIABLE ret_V_203 LOOP VITIS_LOOP_249_1 BUNDLEDNAME {} DSP 0 BRAM 0 URAM 0 DISPNAME {bind_op mul}} {BINDTYPE op ID {} IMPL fabric LATENCY 0 OPTYPE mul PRAGMA yes RTLNAME mul_4s_4ns_8_1_1_U397 SOURCE /tools/Xilinx/Vitis_HLS/2022.2/common/technology/autopilot/ap_int_base.h:1494 VARIABLE ret_V_204 LOOP VITIS_LOOP_249_1 BUNDLEDNAME {} DSP 0 BRAM 0 URAM 0 DISPNAME {bind_op mul}} {BINDTYPE op ID {} IMPL fabric LATENCY 0 OPTYPE mul PRAGMA yes RTLNAME mul_4s_4ns_8_1_1_U398 SOURCE /tools/Xilinx/Vitis_HLS/2022.2/common/technology/autopilot/ap_int_base.h:1494 VARIABLE ret_V_205 LOOP VITIS_LOOP_249_1 BUNDLEDNAME {} DSP 0 BRAM 0 URAM 0 DISPNAME {bind_op mul}} {BINDTYPE op ID {} IMPL fabric LATENCY 0 OPTYPE mul PRAGMA yes RTLNAME mul_4s_4ns_8_1_1_U399 SOURCE /tools/Xilinx/Vitis_HLS/2022.2/common/technology/autopilot/ap_int_base.h:1494 VARIABLE ret_V_206 LOOP VITIS_LOOP_249_1 BUNDLEDNAME {} DSP 0 BRAM 0 URAM 0 DISPNAME {bind_op mul}} {BINDTYPE op ID {} IMPL fabric LATENCY 0 OPTYPE mul PRAGMA yes RTLNAME mul_4s_4ns_8_1_1_U131 SOURCE /tools/Xilinx/Vitis_HLS/2022.2/common/technology/autopilot/ap_int_base.h:1494 VARIABLE ret_V_207 LOOP VITIS_LOOP_249_1 BUNDLEDNAME {} DSP 0 BRAM 0 URAM 0 DISPNAME {bind_op mul}} {BINDTYPE op ID {} IMPL fabric LATENCY 0 OPTYPE add PRAGMA {} RTLNAME add_ln840_200_fu_19581_p2 SOURCE /tools/Xilinx/Vitis_HLS/2022.2/common/technology/autopilot/ap_int_base.h:840 VARIABLE add_ln840_200 LOOP VITIS_LOOP_249_1 BUNDLEDNAME {} DSP 0 BRAM 0 URAM 0 DISPNAME {bind_op add}} {BINDTYPE op ID {} IMPL fabric LATENCY 0 OPTYPE add PRAGMA {} RTLNAME add_ln840_201_fu_15727_p2 SOURCE /tools/Xilinx/Vitis_HLS/2022.2/common/technology/autopilot/ap_int_base.h:840 VARIABLE add_ln840_201 LOOP VITIS_LOOP_249_1 BUNDLEDNAME {} DSP 0 BRAM 0 URAM 0 DISPNAME {bind_op add}} {BINDTYPE op ID {} IMPL fabric LATENCY 0 OPTYPE add PRAGMA {} RTLNAME add_ln840_203_fu_11244_p2 SOURCE /tools/Xilinx/Vitis_HLS/2022.2/common/technology/autopilot/ap_int_base.h:840 VARIABLE add_ln840_203 LOOP VITIS_LOOP_249_1 BUNDLEDNAME {} DSP 0 BRAM 0 URAM 0 DISPNAME {bind_op add}} {BINDTYPE op ID {} IMPL fabric LATENCY 0 OPTYPE add PRAGMA {} RTLNAME add_ln840_204_fu_11250_p2 SOURCE /tools/Xilinx/Vitis_HLS/2022.2/common/technology/autopilot/ap_int_base.h:840 VARIABLE add_ln840_204 LOOP VITIS_LOOP_249_1 BUNDLEDNAME {} DSP 0 BRAM 0 URAM 0 DISPNAME {bind_op add}} {BINDTYPE op ID {} IMPL fabric LATENCY 0 OPTYPE add PRAGMA {} RTLNAME add_ln840_205_fu_15739_p2 SOURCE /tools/Xilinx/Vitis_HLS/2022.2/common/technology/autopilot/ap_int_base.h:840 VARIABLE add_ln840_205 LOOP VITIS_LOOP_249_1 BUNDLEDNAME {} DSP 0 BRAM 0 URAM 0 DISPNAME {bind_op add}} {BINDTYPE op ID {} IMPL fabric LATENCY 0 OPTYPE add PRAGMA {} RTLNAME add_ln840_206_fu_15749_p2 SOURCE /tools/Xilinx/Vitis_HLS/2022.2/common/technology/autopilot/ap_int_base.h:840 VARIABLE add_ln840_206 LOOP VITIS_LOOP_249_1 BUNDLEDNAME {} DSP 0 BRAM 0 URAM 0 DISPNAME {bind_op add}} {BINDTYPE op ID {} IMPL fabric LATENCY 0 OPTYPE mul PRAGMA yes RTLNAME mul_4s_4ns_8_1_1_U132 SOURCE /tools/Xilinx/Vitis_HLS/2022.2/common/technology/autopilot/ap_int_base.h:1494 VARIABLE ret_V_208 LOOP VITIS_LOOP_249_1 BUNDLEDNAME {} DSP 0 BRAM 0 URAM 0 DISPNAME {bind_op mul}} {BINDTYPE op ID {} IMPL fabric LATENCY 0 OPTYPE mul PRAGMA yes RTLNAME mul_4s_4ns_8_1_1_U133 SOURCE /tools/Xilinx/Vitis_HLS/2022.2/common/technology/autopilot/ap_int_base.h:1494 VARIABLE ret_V_209 LOOP VITIS_LOOP_249_1 BUNDLEDNAME {} DSP 0 BRAM 0 URAM 0 DISPNAME {bind_op mul}} {BINDTYPE op ID {} IMPL fabric LATENCY 0 OPTYPE mul PRAGMA yes RTLNAME mul_4s_4ns_8_1_1_U134 SOURCE /tools/Xilinx/Vitis_HLS/2022.2/common/technology/autopilot/ap_int_base.h:1494 VARIABLE ret_V_210 LOOP VITIS_LOOP_249_1 BUNDLEDNAME {} DSP 0 BRAM 0 URAM 0 DISPNAME {bind_op mul}} {BINDTYPE op ID {} IMPL fabric LATENCY 0 OPTYPE mul PRAGMA yes RTLNAME mul_4s_4ns_8_1_1_U135 SOURCE /tools/Xilinx/Vitis_HLS/2022.2/common/technology/autopilot/ap_int_base.h:1494 VARIABLE ret_V_211 LOOP VITIS_LOOP_249_1 BUNDLEDNAME {} DSP 0 BRAM 0 URAM 0 DISPNAME {bind_op mul}} {BINDTYPE op ID {} IMPL fabric LATENCY 0 OPTYPE mul PRAGMA yes RTLNAME mul_4s_4ns_8_1_1_U400 SOURCE /tools/Xilinx/Vitis_HLS/2022.2/common/technology/autopilot/ap_int_base.h:1494 VARIABLE ret_V_212 LOOP VITIS_LOOP_249_1 BUNDLEDNAME {} DSP 0 BRAM 0 URAM 0 DISPNAME {bind_op mul}} {BINDTYPE op ID {} IMPL fabric LATENCY 0 OPTYPE mul PRAGMA yes RTLNAME mul_4s_4ns_8_1_1_U401 SOURCE /tools/Xilinx/Vitis_HLS/2022.2/common/technology/autopilot/ap_int_base.h:1494 VARIABLE ret_V_213 LOOP VITIS_LOOP_249_1 BUNDLEDNAME {} DSP 0 BRAM 0 URAM 0 DISPNAME {bind_op mul}} {BINDTYPE op ID {} IMPL fabric LATENCY 0 OPTYPE mul PRAGMA yes RTLNAME mul_4s_4ns_8_1_1_U402 SOURCE /tools/Xilinx/Vitis_HLS/2022.2/common/technology/autopilot/ap_int_base.h:1494 VARIABLE ret_V_214 LOOP VITIS_LOOP_249_1 BUNDLEDNAME {} DSP 0 BRAM 0 URAM 0 DISPNAME {bind_op mul}} {BINDTYPE op ID {} IMPL fabric LATENCY 0 OPTYPE mul PRAGMA yes RTLNAME mul_4s_4ns_8_1_1_U136 SOURCE /tools/Xilinx/Vitis_HLS/2022.2/common/technology/autopilot/ap_int_base.h:1494 VARIABLE ret_V_215 LOOP VITIS_LOOP_249_1 BUNDLEDNAME {} DSP 0 BRAM 0 URAM 0 DISPNAME {bind_op mul}} {BINDTYPE op ID {} IMPL fabric LATENCY 0 OPTYPE add PRAGMA {} RTLNAME add_ln840_208_fu_19608_p2 SOURCE /tools/Xilinx/Vitis_HLS/2022.2/common/technology/autopilot/ap_int_base.h:840 VARIABLE add_ln840_208 LOOP VITIS_LOOP_249_1 BUNDLEDNAME {} DSP 0 BRAM 0 URAM 0 DISPNAME {bind_op add}} {BINDTYPE op ID {} IMPL fabric LATENCY 0 OPTYPE add PRAGMA {} RTLNAME add_ln840_209_fu_15793_p2 SOURCE /tools/Xilinx/Vitis_HLS/2022.2/common/technology/autopilot/ap_int_base.h:840 VARIABLE add_ln840_209 LOOP VITIS_LOOP_249_1 BUNDLEDNAME {} DSP 0 BRAM 0 URAM 0 DISPNAME {bind_op add}} {BINDTYPE op ID {} IMPL fabric LATENCY 0 OPTYPE add PRAGMA {} RTLNAME add_ln840_211_fu_11317_p2 SOURCE /tools/Xilinx/Vitis_HLS/2022.2/common/technology/autopilot/ap_int_base.h:840 VARIABLE add_ln840_211 LOOP VITIS_LOOP_249_1 BUNDLEDNAME {} DSP 0 BRAM 0 URAM 0 DISPNAME {bind_op add}} {BINDTYPE op ID {} IMPL fabric LATENCY 0 OPTYPE add PRAGMA {} RTLNAME add_ln840_212_fu_11323_p2 SOURCE /tools/Xilinx/Vitis_HLS/2022.2/common/technology/autopilot/ap_int_base.h:840 VARIABLE add_ln840_212 LOOP VITIS_LOOP_249_1 BUNDLEDNAME {} DSP 0 BRAM 0 URAM 0 DISPNAME {bind_op add}} {BINDTYPE op ID {} IMPL fabric LATENCY 0 OPTYPE add PRAGMA {} RTLNAME add_ln840_213_fu_15805_p2 SOURCE /tools/Xilinx/Vitis_HLS/2022.2/common/technology/autopilot/ap_int_base.h:840 VARIABLE add_ln840_213 LOOP VITIS_LOOP_249_1 BUNDLEDNAME {} DSP 0 BRAM 0 URAM 0 DISPNAME {bind_op add}} {BINDTYPE op ID {} IMPL fabric LATENCY 0 OPTYPE add PRAGMA {} RTLNAME add_ln840_214_fu_15815_p2 SOURCE /tools/Xilinx/Vitis_HLS/2022.2/common/technology/autopilot/ap_int_base.h:840 VARIABLE add_ln840_214 LOOP VITIS_LOOP_249_1 BUNDLEDNAME {} DSP 0 BRAM 0 URAM 0 DISPNAME {bind_op add}} {BINDTYPE op ID {} IMPL fabric LATENCY 0 OPTYPE mul PRAGMA yes RTLNAME mul_4s_4ns_8_1_1_U137 SOURCE /tools/Xilinx/Vitis_HLS/2022.2/common/technology/autopilot/ap_int_base.h:1494 VARIABLE ret_V_216 LOOP VITIS_LOOP_249_1 BUNDLEDNAME {} DSP 0 BRAM 0 URAM 0 DISPNAME {bind_op mul}} {BINDTYPE op ID {} IMPL fabric LATENCY 0 OPTYPE mul PRAGMA yes RTLNAME mul_4s_4ns_8_1_1_U138 SOURCE /tools/Xilinx/Vitis_HLS/2022.2/common/technology/autopilot/ap_int_base.h:1494 VARIABLE ret_V_217 LOOP VITIS_LOOP_249_1 BUNDLEDNAME {} DSP 0 BRAM 0 URAM 0 DISPNAME {bind_op mul}} {BINDTYPE op ID {} IMPL fabric LATENCY 0 OPTYPE mul PRAGMA yes RTLNAME mul_4s_4ns_8_1_1_U139 SOURCE /tools/Xilinx/Vitis_HLS/2022.2/common/technology/autopilot/ap_int_base.h:1494 VARIABLE ret_V_218 LOOP VITIS_LOOP_249_1 BUNDLEDNAME {} DSP 0 BRAM 0 URAM 0 DISPNAME {bind_op mul}} {BINDTYPE op ID {} IMPL fabric LATENCY 0 OPTYPE mul PRAGMA yes RTLNAME mul_4s_4ns_8_1_1_U140 SOURCE /tools/Xilinx/Vitis_HLS/2022.2/common/technology/autopilot/ap_int_base.h:1494 VARIABLE ret_V_219 LOOP VITIS_LOOP_249_1 BUNDLEDNAME {} DSP 0 BRAM 0 URAM 0 DISPNAME {bind_op mul}} {BINDTYPE op ID {} IMPL fabric LATENCY 0 OPTYPE mul PRAGMA yes RTLNAME mul_4s_4ns_8_1_1_U403 SOURCE /tools/Xilinx/Vitis_HLS/2022.2/common/technology/autopilot/ap_int_base.h:1494 VARIABLE ret_V_220 LOOP VITIS_LOOP_249_1 BUNDLEDNAME {} DSP 0 BRAM 0 URAM 0 DISPNAME {bind_op mul}} {BINDTYPE op ID {} IMPL fabric LATENCY 0 OPTYPE mul PRAGMA yes RTLNAME mul_4s_4ns_8_1_1_U404 SOURCE /tools/Xilinx/Vitis_HLS/2022.2/common/technology/autopilot/ap_int_base.h:1494 VARIABLE ret_V_221 LOOP VITIS_LOOP_249_1 BUNDLEDNAME {} DSP 0 BRAM 0 URAM 0 DISPNAME {bind_op mul}} {BINDTYPE op ID {} IMPL fabric LATENCY 0 OPTYPE mul PRAGMA yes RTLNAME mul_4s_4ns_8_1_1_U405 SOURCE /tools/Xilinx/Vitis_HLS/2022.2/common/technology/autopilot/ap_int_base.h:1494 VARIABLE ret_V_222 LOOP VITIS_LOOP_249_1 BUNDLEDNAME {} DSP 0 BRAM 0 URAM 0 DISPNAME {bind_op mul}} {BINDTYPE op ID {} IMPL fabric LATENCY 0 OPTYPE mul PRAGMA yes RTLNAME mul_4s_4ns_8_1_1_U141 SOURCE /tools/Xilinx/Vitis_HLS/2022.2/common/technology/autopilot/ap_int_base.h:1494 VARIABLE ret_V_223 LOOP VITIS_LOOP_249_1 BUNDLEDNAME {} DSP 0 BRAM 0 URAM 0 DISPNAME {bind_op mul}} {BINDTYPE op ID {} IMPL fabric LATENCY 0 OPTYPE add PRAGMA {} RTLNAME add_ln840_216_fu_19635_p2 SOURCE /tools/Xilinx/Vitis_HLS/2022.2/common/technology/autopilot/ap_int_base.h:840 VARIABLE add_ln840_216 LOOP VITIS_LOOP_249_1 BUNDLEDNAME {} DSP 0 BRAM 0 URAM 0 DISPNAME {bind_op add}} {BINDTYPE op ID {} IMPL fabric LATENCY 0 OPTYPE add PRAGMA {} RTLNAME add_ln840_217_fu_15859_p2 SOURCE /tools/Xilinx/Vitis_HLS/2022.2/common/technology/autopilot/ap_int_base.h:840 VARIABLE add_ln840_217 LOOP VITIS_LOOP_249_1 BUNDLEDNAME {} DSP 0 BRAM 0 URAM 0 DISPNAME {bind_op add}} {BINDTYPE op ID {} IMPL fabric LATENCY 0 OPTYPE add PRAGMA {} RTLNAME add_ln840_219_fu_11390_p2 SOURCE /tools/Xilinx/Vitis_HLS/2022.2/common/technology/autopilot/ap_int_base.h:840 VARIABLE add_ln840_219 LOOP VITIS_LOOP_249_1 BUNDLEDNAME {} DSP 0 BRAM 0 URAM 0 DISPNAME {bind_op add}} {BINDTYPE op ID {} IMPL fabric LATENCY 0 OPTYPE add PRAGMA {} RTLNAME add_ln840_220_fu_11396_p2 SOURCE /tools/Xilinx/Vitis_HLS/2022.2/common/technology/autopilot/ap_int_base.h:840 VARIABLE add_ln840_220 LOOP VITIS_LOOP_249_1 BUNDLEDNAME {} DSP 0 BRAM 0 URAM 0 DISPNAME {bind_op add}} {BINDTYPE op ID {} IMPL fabric LATENCY 0 OPTYPE add PRAGMA {} RTLNAME add_ln840_221_fu_15871_p2 SOURCE /tools/Xilinx/Vitis_HLS/2022.2/common/technology/autopilot/ap_int_base.h:840 VARIABLE add_ln840_221 LOOP VITIS_LOOP_249_1 BUNDLEDNAME {} DSP 0 BRAM 0 URAM 0 DISPNAME {bind_op add}} {BINDTYPE op ID {} IMPL fabric LATENCY 0 OPTYPE add PRAGMA {} RTLNAME add_ln840_222_fu_15881_p2 SOURCE /tools/Xilinx/Vitis_HLS/2022.2/common/technology/autopilot/ap_int_base.h:840 VARIABLE add_ln840_222 LOOP VITIS_LOOP_249_1 BUNDLEDNAME {} DSP 0 BRAM 0 URAM 0 DISPNAME {bind_op add}} {BINDTYPE op ID {} IMPL fabric LATENCY 0 OPTYPE mul PRAGMA yes RTLNAME mul_4s_4ns_8_1_1_U142 SOURCE /tools/Xilinx/Vitis_HLS/2022.2/common/technology/autopilot/ap_int_base.h:1494 VARIABLE ret_V_224 LOOP VITIS_LOOP_249_1 BUNDLEDNAME {} DSP 0 BRAM 0 URAM 0 DISPNAME {bind_op mul}} {BINDTYPE op ID {} IMPL fabric LATENCY 0 OPTYPE mul PRAGMA yes RTLNAME mul_4s_4ns_8_1_1_U143 SOURCE /tools/Xilinx/Vitis_HLS/2022.2/common/technology/autopilot/ap_int_base.h:1494 VARIABLE ret_V_225 LOOP VITIS_LOOP_249_1 BUNDLEDNAME {} DSP 0 BRAM 0 URAM 0 DISPNAME {bind_op mul}} {BINDTYPE op ID {} IMPL fabric LATENCY 0 OPTYPE mul PRAGMA yes RTLNAME mul_4s_4ns_8_1_1_U144 SOURCE /tools/Xilinx/Vitis_HLS/2022.2/common/technology/autopilot/ap_int_base.h:1494 VARIABLE ret_V_226 LOOP VITIS_LOOP_249_1 BUNDLEDNAME {} DSP 0 BRAM 0 URAM 0 DISPNAME {bind_op mul}} {BINDTYPE op ID {} IMPL fabric LATENCY 0 OPTYPE mul PRAGMA yes RTLNAME mul_4s_4ns_8_1_1_U145 SOURCE /tools/Xilinx/Vitis_HLS/2022.2/common/technology/autopilot/ap_int_base.h:1494 VARIABLE ret_V_227 LOOP VITIS_LOOP_249_1 BUNDLEDNAME {} DSP 0 BRAM 0 URAM 0 DISPNAME {bind_op mul}} {BINDTYPE op ID {} IMPL fabric LATENCY 0 OPTYPE mul PRAGMA yes RTLNAME mul_4s_4ns_8_1_1_U406 SOURCE /tools/Xilinx/Vitis_HLS/2022.2/common/technology/autopilot/ap_int_base.h:1494 VARIABLE ret_V_228 LOOP VITIS_LOOP_249_1 BUNDLEDNAME {} DSP 0 BRAM 0 URAM 0 DISPNAME {bind_op mul}} {BINDTYPE op ID {} IMPL fabric LATENCY 0 OPTYPE mul PRAGMA yes RTLNAME mul_4s_4ns_8_1_1_U407 SOURCE /tools/Xilinx/Vitis_HLS/2022.2/common/technology/autopilot/ap_int_base.h:1494 VARIABLE ret_V_229 LOOP VITIS_LOOP_249_1 BUNDLEDNAME {} DSP 0 BRAM 0 URAM 0 DISPNAME {bind_op mul}} {BINDTYPE op ID {} IMPL fabric LATENCY 0 OPTYPE mul PRAGMA yes RTLNAME mul_4s_4ns_8_1_1_U408 SOURCE /tools/Xilinx/Vitis_HLS/2022.2/common/technology/autopilot/ap_int_base.h:1494 VARIABLE ret_V_230 LOOP VITIS_LOOP_249_1 BUNDLEDNAME {} DSP 0 BRAM 0 URAM 0 DISPNAME {bind_op mul}} {BINDTYPE op ID {} IMPL fabric LATENCY 0 OPTYPE mul PRAGMA yes RTLNAME mul_4s_4ns_8_1_1_U146 SOURCE /tools/Xilinx/Vitis_HLS/2022.2/common/technology/autopilot/ap_int_base.h:1494 VARIABLE ret_V_231 LOOP VITIS_LOOP_249_1 BUNDLEDNAME {} DSP 0 BRAM 0 URAM 0 DISPNAME {bind_op mul}} {BINDTYPE op ID {} IMPL fabric LATENCY 0 OPTYPE add PRAGMA {} RTLNAME add_ln840_224_fu_19662_p2 SOURCE /tools/Xilinx/Vitis_HLS/2022.2/common/technology/autopilot/ap_int_base.h:840 VARIABLE add_ln840_224 LOOP VITIS_LOOP_249_1 BUNDLEDNAME {} DSP 0 BRAM 0 URAM 0 DISPNAME {bind_op add}} {BINDTYPE op ID {} IMPL fabric LATENCY 0 OPTYPE add PRAGMA {} RTLNAME add_ln840_225_fu_15925_p2 SOURCE /tools/Xilinx/Vitis_HLS/2022.2/common/technology/autopilot/ap_int_base.h:840 VARIABLE add_ln840_225 LOOP VITIS_LOOP_249_1 BUNDLEDNAME {} DSP 0 BRAM 0 URAM 0 DISPNAME {bind_op add}} {BINDTYPE op ID {} IMPL fabric LATENCY 0 OPTYPE add PRAGMA {} RTLNAME add_ln840_227_fu_11463_p2 SOURCE /tools/Xilinx/Vitis_HLS/2022.2/common/technology/autopilot/ap_int_base.h:840 VARIABLE add_ln840_227 LOOP VITIS_LOOP_249_1 BUNDLEDNAME {} DSP 0 BRAM 0 URAM 0 DISPNAME {bind_op add}} {BINDTYPE op ID {} IMPL fabric LATENCY 0 OPTYPE add PRAGMA {} RTLNAME add_ln840_228_fu_11469_p2 SOURCE /tools/Xilinx/Vitis_HLS/2022.2/common/technology/autopilot/ap_int_base.h:840 VARIABLE add_ln840_228 LOOP VITIS_LOOP_249_1 BUNDLEDNAME {} DSP 0 BRAM 0 URAM 0 DISPNAME {bind_op add}} {BINDTYPE op ID {} IMPL fabric LATENCY 0 OPTYPE add PRAGMA {} RTLNAME add_ln840_229_fu_15937_p2 SOURCE /tools/Xilinx/Vitis_HLS/2022.2/common/technology/autopilot/ap_int_base.h:840 VARIABLE add_ln840_229 LOOP VITIS_LOOP_249_1 BUNDLEDNAME {} DSP 0 BRAM 0 URAM 0 DISPNAME {bind_op add}} {BINDTYPE op ID {} IMPL fabric LATENCY 0 OPTYPE add PRAGMA {} RTLNAME add_ln840_230_fu_15947_p2 SOURCE /tools/Xilinx/Vitis_HLS/2022.2/common/technology/autopilot/ap_int_base.h:840 VARIABLE add_ln840_230 LOOP VITIS_LOOP_249_1 BUNDLEDNAME {} DSP 0 BRAM 0 URAM 0 DISPNAME {bind_op add}} {BINDTYPE op ID {} IMPL fabric LATENCY 0 OPTYPE mul PRAGMA yes RTLNAME mul_4s_4ns_8_1_1_U147 SOURCE /tools/Xilinx/Vitis_HLS/2022.2/common/technology/autopilot/ap_int_base.h:1494 VARIABLE ret_V_232 LOOP VITIS_LOOP_249_1 BUNDLEDNAME {} DSP 0 BRAM 0 URAM 0 DISPNAME {bind_op mul}} {BINDTYPE op ID {} IMPL fabric LATENCY 0 OPTYPE mul PRAGMA yes RTLNAME mul_4s_4ns_8_1_1_U148 SOURCE /tools/Xilinx/Vitis_HLS/2022.2/common/technology/autopilot/ap_int_base.h:1494 VARIABLE ret_V_233 LOOP VITIS_LOOP_249_1 BUNDLEDNAME {} DSP 0 BRAM 0 URAM 0 DISPNAME {bind_op mul}} {BINDTYPE op ID {} IMPL fabric LATENCY 0 OPTYPE mul PRAGMA yes RTLNAME mul_4s_4ns_8_1_1_U149 SOURCE /tools/Xilinx/Vitis_HLS/2022.2/common/technology/autopilot/ap_int_base.h:1494 VARIABLE ret_V_234 LOOP VITIS_LOOP_249_1 BUNDLEDNAME {} DSP 0 BRAM 0 URAM 0 DISPNAME {bind_op mul}} {BINDTYPE op ID {} IMPL fabric LATENCY 0 OPTYPE mul PRAGMA yes RTLNAME mul_4s_4ns_8_1_1_U150 SOURCE /tools/Xilinx/Vitis_HLS/2022.2/common/technology/autopilot/ap_int_base.h:1494 VARIABLE ret_V_235 LOOP VITIS_LOOP_249_1 BUNDLEDNAME {} DSP 0 BRAM 0 URAM 0 DISPNAME {bind_op mul}} {BINDTYPE op ID {} IMPL fabric LATENCY 0 OPTYPE mul PRAGMA yes RTLNAME mul_4s_4ns_8_1_1_U409 SOURCE /tools/Xilinx/Vitis_HLS/2022.2/common/technology/autopilot/ap_int_base.h:1494 VARIABLE ret_V_236 LOOP VITIS_LOOP_249_1 BUNDLEDNAME {} DSP 0 BRAM 0 URAM 0 DISPNAME {bind_op mul}} {BINDTYPE op ID {} IMPL fabric LATENCY 0 OPTYPE mul PRAGMA yes RTLNAME mul_4s_4ns_8_1_1_U410 SOURCE /tools/Xilinx/Vitis_HLS/2022.2/common/technology/autopilot/ap_int_base.h:1494 VARIABLE ret_V_237 LOOP VITIS_LOOP_249_1 BUNDLEDNAME {} DSP 0 BRAM 0 URAM 0 DISPNAME {bind_op mul}} {BINDTYPE op ID {} IMPL fabric LATENCY 0 OPTYPE mul PRAGMA yes RTLNAME mul_4s_4ns_8_1_1_U411 SOURCE /tools/Xilinx/Vitis_HLS/2022.2/common/technology/autopilot/ap_int_base.h:1494 VARIABLE ret_V_238 LOOP VITIS_LOOP_249_1 BUNDLEDNAME {} DSP 0 BRAM 0 URAM 0 DISPNAME {bind_op mul}} {BINDTYPE op ID {} IMPL fabric LATENCY 0 OPTYPE mul PRAGMA yes RTLNAME mul_4s_4ns_8_1_1_U151 SOURCE /tools/Xilinx/Vitis_HLS/2022.2/common/technology/autopilot/ap_int_base.h:1494 VARIABLE ret_V_239 LOOP VITIS_LOOP_249_1 BUNDLEDNAME {} DSP 0 BRAM 0 URAM 0 DISPNAME {bind_op mul}} {BINDTYPE op ID {} IMPL fabric LATENCY 0 OPTYPE add PRAGMA {} RTLNAME add_ln840_232_fu_19689_p2 SOURCE /tools/Xilinx/Vitis_HLS/2022.2/common/technology/autopilot/ap_int_base.h:840 VARIABLE add_ln840_232 LOOP VITIS_LOOP_249_1 BUNDLEDNAME {} DSP 0 BRAM 0 URAM 0 DISPNAME {bind_op add}} {BINDTYPE op ID {} IMPL fabric LATENCY 0 OPTYPE add PRAGMA {} RTLNAME add_ln840_233_fu_15991_p2 SOURCE /tools/Xilinx/Vitis_HLS/2022.2/common/technology/autopilot/ap_int_base.h:840 VARIABLE add_ln840_233 LOOP VITIS_LOOP_249_1 BUNDLEDNAME {} DSP 0 BRAM 0 URAM 0 DISPNAME {bind_op add}} {BINDTYPE op ID {} IMPL fabric LATENCY 0 OPTYPE add PRAGMA {} RTLNAME add_ln840_235_fu_11536_p2 SOURCE /tools/Xilinx/Vitis_HLS/2022.2/common/technology/autopilot/ap_int_base.h:840 VARIABLE add_ln840_235 LOOP VITIS_LOOP_249_1 BUNDLEDNAME {} DSP 0 BRAM 0 URAM 0 DISPNAME {bind_op add}} {BINDTYPE op ID {} IMPL fabric LATENCY 0 OPTYPE add PRAGMA {} RTLNAME add_ln840_236_fu_11542_p2 SOURCE /tools/Xilinx/Vitis_HLS/2022.2/common/technology/autopilot/ap_int_base.h:840 VARIABLE add_ln840_236 LOOP VITIS_LOOP_249_1 BUNDLEDNAME {} DSP 0 BRAM 0 URAM 0 DISPNAME {bind_op add}} {BINDTYPE op ID {} IMPL fabric LATENCY 0 OPTYPE add PRAGMA {} RTLNAME add_ln840_237_fu_16003_p2 SOURCE /tools/Xilinx/Vitis_HLS/2022.2/common/technology/autopilot/ap_int_base.h:840 VARIABLE add_ln840_237 LOOP VITIS_LOOP_249_1 BUNDLEDNAME {} DSP 0 BRAM 0 URAM 0 DISPNAME {bind_op add}} {BINDTYPE op ID {} IMPL fabric LATENCY 0 OPTYPE add PRAGMA {} RTLNAME add_ln840_238_fu_16013_p2 SOURCE /tools/Xilinx/Vitis_HLS/2022.2/common/technology/autopilot/ap_int_base.h:840 VARIABLE add_ln840_238 LOOP VITIS_LOOP_249_1 BUNDLEDNAME {} DSP 0 BRAM 0 URAM 0 DISPNAME {bind_op add}} {BINDTYPE op ID {} IMPL fabric LATENCY 0 OPTYPE mul PRAGMA yes RTLNAME mul_4s_4ns_8_1_1_U152 SOURCE /tools/Xilinx/Vitis_HLS/2022.2/common/technology/autopilot/ap_int_base.h:1494 VARIABLE ret_V_240 LOOP VITIS_LOOP_249_1 BUNDLEDNAME {} DSP 0 BRAM 0 URAM 0 DISPNAME {bind_op mul}} {BINDTYPE op ID {} IMPL fabric LATENCY 0 OPTYPE mul PRAGMA yes RTLNAME mul_4s_4ns_8_1_1_U153 SOURCE /tools/Xilinx/Vitis_HLS/2022.2/common/technology/autopilot/ap_int_base.h:1494 VARIABLE ret_V_241 LOOP VITIS_LOOP_249_1 BUNDLEDNAME {} DSP 0 BRAM 0 URAM 0 DISPNAME {bind_op mul}} {BINDTYPE op ID {} IMPL fabric LATENCY 0 OPTYPE mul PRAGMA yes RTLNAME mul_4s_4ns_8_1_1_U154 SOURCE /tools/Xilinx/Vitis_HLS/2022.2/common/technology/autopilot/ap_int_base.h:1494 VARIABLE ret_V_242 LOOP VITIS_LOOP_249_1 BUNDLEDNAME {} DSP 0 BRAM 0 URAM 0 DISPNAME {bind_op mul}} {BINDTYPE op ID {} IMPL fabric LATENCY 0 OPTYPE mul PRAGMA yes RTLNAME mul_4s_4ns_8_1_1_U155 SOURCE /tools/Xilinx/Vitis_HLS/2022.2/common/technology/autopilot/ap_int_base.h:1494 VARIABLE ret_V_243 LOOP VITIS_LOOP_249_1 BUNDLEDNAME {} DSP 0 BRAM 0 URAM 0 DISPNAME {bind_op mul}} {BINDTYPE op ID {} IMPL fabric LATENCY 0 OPTYPE mul PRAGMA yes RTLNAME mul_4s_4ns_8_1_1_U412 SOURCE /tools/Xilinx/Vitis_HLS/2022.2/common/technology/autopilot/ap_int_base.h:1494 VARIABLE ret_V_244 LOOP VITIS_LOOP_249_1 BUNDLEDNAME {} DSP 0 BRAM 0 URAM 0 DISPNAME {bind_op mul}} {BINDTYPE op ID {} IMPL fabric LATENCY 0 OPTYPE mul PRAGMA yes RTLNAME mul_4s_4ns_8_1_1_U413 SOURCE /tools/Xilinx/Vitis_HLS/2022.2/common/technology/autopilot/ap_int_base.h:1494 VARIABLE ret_V_245 LOOP VITIS_LOOP_249_1 BUNDLEDNAME {} DSP 0 BRAM 0 URAM 0 DISPNAME {bind_op mul}} {BINDTYPE op ID {} IMPL fabric LATENCY 0 OPTYPE mul PRAGMA yes RTLNAME mul_4s_4ns_8_1_1_U414 SOURCE /tools/Xilinx/Vitis_HLS/2022.2/common/technology/autopilot/ap_int_base.h:1494 VARIABLE ret_V_246 LOOP VITIS_LOOP_249_1 BUNDLEDNAME {} DSP 0 BRAM 0 URAM 0 DISPNAME {bind_op mul}} {BINDTYPE op ID {} IMPL fabric LATENCY 0 OPTYPE mul PRAGMA yes RTLNAME mul_4s_4ns_8_1_1_U156 SOURCE /tools/Xilinx/Vitis_HLS/2022.2/common/technology/autopilot/ap_int_base.h:1494 VARIABLE ret_V_247 LOOP VITIS_LOOP_249_1 BUNDLEDNAME {} DSP 0 BRAM 0 URAM 0 DISPNAME {bind_op mul}} {BINDTYPE op ID {} IMPL fabric LATENCY 0 OPTYPE add PRAGMA {} RTLNAME add_ln840_240_fu_19716_p2 SOURCE /tools/Xilinx/Vitis_HLS/2022.2/common/technology/autopilot/ap_int_base.h:840 VARIABLE add_ln840_240 LOOP VITIS_LOOP_249_1 BUNDLEDNAME {} DSP 0 BRAM 0 URAM 0 DISPNAME {bind_op add}} {BINDTYPE op ID {} IMPL fabric LATENCY 0 OPTYPE add PRAGMA {} RTLNAME add_ln840_241_fu_16057_p2 SOURCE /tools/Xilinx/Vitis_HLS/2022.2/common/technology/autopilot/ap_int_base.h:840 VARIABLE add_ln840_241 LOOP VITIS_LOOP_249_1 BUNDLEDNAME {} DSP 0 BRAM 0 URAM 0 DISPNAME {bind_op add}} {BINDTYPE op ID {} IMPL fabric LATENCY 0 OPTYPE add PRAGMA {} RTLNAME add_ln840_243_fu_11609_p2 SOURCE /tools/Xilinx/Vitis_HLS/2022.2/common/technology/autopilot/ap_int_base.h:840 VARIABLE add_ln840_243 LOOP VITIS_LOOP_249_1 BUNDLEDNAME {} DSP 0 BRAM 0 URAM 0 DISPNAME {bind_op add}} {BINDTYPE op ID {} IMPL fabric LATENCY 0 OPTYPE add PRAGMA {} RTLNAME add_ln840_244_fu_11615_p2 SOURCE /tools/Xilinx/Vitis_HLS/2022.2/common/technology/autopilot/ap_int_base.h:840 VARIABLE add_ln840_244 LOOP VITIS_LOOP_249_1 BUNDLEDNAME {} DSP 0 BRAM 0 URAM 0 DISPNAME {bind_op add}} {BINDTYPE op ID {} IMPL fabric LATENCY 0 OPTYPE add PRAGMA {} RTLNAME add_ln840_245_fu_16069_p2 SOURCE /tools/Xilinx/Vitis_HLS/2022.2/common/technology/autopilot/ap_int_base.h:840 VARIABLE add_ln840_245 LOOP VITIS_LOOP_249_1 BUNDLEDNAME {} DSP 0 BRAM 0 URAM 0 DISPNAME {bind_op add}} {BINDTYPE op ID {} IMPL fabric LATENCY 0 OPTYPE add PRAGMA {} RTLNAME add_ln840_246_fu_16079_p2 SOURCE /tools/Xilinx/Vitis_HLS/2022.2/common/technology/autopilot/ap_int_base.h:840 VARIABLE add_ln840_246 LOOP VITIS_LOOP_249_1 BUNDLEDNAME {} DSP 0 BRAM 0 URAM 0 DISPNAME {bind_op add}} {BINDTYPE op ID {} IMPL fabric LATENCY 0 OPTYPE mul PRAGMA yes RTLNAME mul_4s_4ns_8_1_1_U157 SOURCE /tools/Xilinx/Vitis_HLS/2022.2/common/technology/autopilot/ap_int_base.h:1494 VARIABLE ret_V_248 LOOP VITIS_LOOP_249_1 BUNDLEDNAME {} DSP 0 BRAM 0 URAM 0 DISPNAME {bind_op mul}} {BINDTYPE op ID {} IMPL fabric LATENCY 0 OPTYPE mul PRAGMA yes RTLNAME mul_4s_4ns_8_1_1_U158 SOURCE /tools/Xilinx/Vitis_HLS/2022.2/common/technology/autopilot/ap_int_base.h:1494 VARIABLE ret_V_249 LOOP VITIS_LOOP_249_1 BUNDLEDNAME {} DSP 0 BRAM 0 URAM 0 DISPNAME {bind_op mul}} {BINDTYPE op ID {} IMPL fabric LATENCY 0 OPTYPE mul PRAGMA yes RTLNAME mul_4s_4ns_8_1_1_U159 SOURCE /tools/Xilinx/Vitis_HLS/2022.2/common/technology/autopilot/ap_int_base.h:1494 VARIABLE ret_V_250 LOOP VITIS_LOOP_249_1 BUNDLEDNAME {} DSP 0 BRAM 0 URAM 0 DISPNAME {bind_op mul}} {BINDTYPE op ID {} IMPL fabric LATENCY 0 OPTYPE mul PRAGMA yes RTLNAME mul_4s_4ns_8_1_1_U160 SOURCE /tools/Xilinx/Vitis_HLS/2022.2/common/technology/autopilot/ap_int_base.h:1494 VARIABLE ret_V_251 LOOP VITIS_LOOP_249_1 BUNDLEDNAME {} DSP 0 BRAM 0 URAM 0 DISPNAME {bind_op mul}} {BINDTYPE op ID {} IMPL fabric LATENCY 0 OPTYPE mul PRAGMA yes RTLNAME mul_4s_4ns_8_1_1_U415 SOURCE /tools/Xilinx/Vitis_HLS/2022.2/common/technology/autopilot/ap_int_base.h:1494 VARIABLE ret_V_252 LOOP VITIS_LOOP_249_1 BUNDLEDNAME {} DSP 0 BRAM 0 URAM 0 DISPNAME {bind_op mul}} {BINDTYPE op ID {} IMPL fabric LATENCY 0 OPTYPE mul PRAGMA yes RTLNAME mul_4s_4ns_8_1_1_U416 SOURCE /tools/Xilinx/Vitis_HLS/2022.2/common/technology/autopilot/ap_int_base.h:1494 VARIABLE ret_V_253 LOOP VITIS_LOOP_249_1 BUNDLEDNAME {} DSP 0 BRAM 0 URAM 0 DISPNAME {bind_op mul}} {BINDTYPE op ID {} IMPL fabric LATENCY 0 OPTYPE mul PRAGMA yes RTLNAME mul_4s_4ns_8_1_1_U417 SOURCE /tools/Xilinx/Vitis_HLS/2022.2/common/technology/autopilot/ap_int_base.h:1494 VARIABLE ret_V_254 LOOP VITIS_LOOP_249_1 BUNDLEDNAME {} DSP 0 BRAM 0 URAM 0 DISPNAME {bind_op mul}} {BINDTYPE op ID {} IMPL fabric LATENCY 0 OPTYPE mul PRAGMA yes RTLNAME mul_4s_4ns_8_1_1_U161 SOURCE /tools/Xilinx/Vitis_HLS/2022.2/common/technology/autopilot/ap_int_base.h:1494 VARIABLE ret_V_255 LOOP VITIS_LOOP_249_1 BUNDLEDNAME {} DSP 0 BRAM 0 URAM 0 DISPNAME {bind_op mul}} {BINDTYPE op ID {} IMPL fabric LATENCY 0 OPTYPE add PRAGMA {} RTLNAME add_ln840_248_fu_19743_p2 SOURCE /tools/Xilinx/Vitis_HLS/2022.2/common/technology/autopilot/ap_int_base.h:840 VARIABLE add_ln840_248 LOOP VITIS_LOOP_249_1 BUNDLEDNAME {} DSP 0 BRAM 0 URAM 0 DISPNAME {bind_op add}} {BINDTYPE op ID {} IMPL fabric LATENCY 0 OPTYPE add PRAGMA {} RTLNAME add_ln840_249_fu_16123_p2 SOURCE /tools/Xilinx/Vitis_HLS/2022.2/common/technology/autopilot/ap_int_base.h:840 VARIABLE add_ln840_249 LOOP VITIS_LOOP_249_1 BUNDLEDNAME {} DSP 0 BRAM 0 URAM 0 DISPNAME {bind_op add}} {BINDTYPE op ID {} IMPL fabric LATENCY 0 OPTYPE add PRAGMA {} RTLNAME add_ln840_251_fu_11682_p2 SOURCE /tools/Xilinx/Vitis_HLS/2022.2/common/technology/autopilot/ap_int_base.h:840 VARIABLE add_ln840_251 LOOP VITIS_LOOP_249_1 BUNDLEDNAME {} DSP 0 BRAM 0 URAM 0 DISPNAME {bind_op add}} {BINDTYPE op ID {} IMPL fabric LATENCY 0 OPTYPE add PRAGMA {} RTLNAME add_ln840_252_fu_11688_p2 SOURCE /tools/Xilinx/Vitis_HLS/2022.2/common/technology/autopilot/ap_int_base.h:840 VARIABLE add_ln840_252 LOOP VITIS_LOOP_249_1 BUNDLEDNAME {} DSP 0 BRAM 0 URAM 0 DISPNAME {bind_op add}} {BINDTYPE op ID {} IMPL fabric LATENCY 0 OPTYPE add PRAGMA {} RTLNAME add_ln840_253_fu_16135_p2 SOURCE /tools/Xilinx/Vitis_HLS/2022.2/common/technology/autopilot/ap_int_base.h:840 VARIABLE add_ln840_253 LOOP VITIS_LOOP_249_1 BUNDLEDNAME {} DSP 0 BRAM 0 URAM 0 DISPNAME {bind_op add}} {BINDTYPE op ID {} IMPL fabric LATENCY 0 OPTYPE add PRAGMA {} RTLNAME add_ln840_254_fu_16145_p2 SOURCE /tools/Xilinx/Vitis_HLS/2022.2/common/technology/autopilot/ap_int_base.h:840 VARIABLE add_ln840_254 LOOP VITIS_LOOP_249_1 BUNDLEDNAME {} DSP 0 BRAM 0 URAM 0 DISPNAME {bind_op add}} {BINDTYPE op ID {} IMPL fabric LATENCY 0 OPTYPE mul PRAGMA yes RTLNAME mul_4s_4ns_8_1_1_U162 SOURCE /tools/Xilinx/Vitis_HLS/2022.2/common/technology/autopilot/ap_int_base.h:1494 VARIABLE ret_V_256 LOOP VITIS_LOOP_249_1 BUNDLEDNAME {} DSP 0 BRAM 0 URAM 0 DISPNAME {bind_op mul}} {BINDTYPE op ID {} IMPL fabric LATENCY 0 OPTYPE mul PRAGMA yes RTLNAME mul_4s_4ns_8_1_1_U163 SOURCE /tools/Xilinx/Vitis_HLS/2022.2/common/technology/autopilot/ap_int_base.h:1494 VARIABLE ret_V_257 LOOP VITIS_LOOP_249_1 BUNDLEDNAME {} DSP 0 BRAM 0 URAM 0 DISPNAME {bind_op mul}} {BINDTYPE op ID {} IMPL fabric LATENCY 0 OPTYPE mul PRAGMA yes RTLNAME mul_4s_4ns_8_1_1_U164 SOURCE /tools/Xilinx/Vitis_HLS/2022.2/common/technology/autopilot/ap_int_base.h:1494 VARIABLE ret_V_258 LOOP VITIS_LOOP_249_1 BUNDLEDNAME {} DSP 0 BRAM 0 URAM 0 DISPNAME {bind_op mul}} {BINDTYPE op ID {} IMPL fabric LATENCY 0 OPTYPE mul PRAGMA yes RTLNAME mul_4s_4ns_8_1_1_U165 SOURCE /tools/Xilinx/Vitis_HLS/2022.2/common/technology/autopilot/ap_int_base.h:1494 VARIABLE ret_V_259 LOOP VITIS_LOOP_249_1 BUNDLEDNAME {} DSP 0 BRAM 0 URAM 0 DISPNAME {bind_op mul}} {BINDTYPE op ID {} IMPL fabric LATENCY 0 OPTYPE mul PRAGMA yes RTLNAME mul_4s_4ns_8_1_1_U418 SOURCE /tools/Xilinx/Vitis_HLS/2022.2/common/technology/autopilot/ap_int_base.h:1494 VARIABLE ret_V_260 LOOP VITIS_LOOP_249_1 BUNDLEDNAME {} DSP 0 BRAM 0 URAM 0 DISPNAME {bind_op mul}} {BINDTYPE op ID {} IMPL fabric LATENCY 0 OPTYPE mul PRAGMA yes RTLNAME mul_4s_4ns_8_1_1_U419 SOURCE /tools/Xilinx/Vitis_HLS/2022.2/common/technology/autopilot/ap_int_base.h:1494 VARIABLE ret_V_261 LOOP VITIS_LOOP_249_1 BUNDLEDNAME {} DSP 0 BRAM 0 URAM 0 DISPNAME {bind_op mul}} {BINDTYPE op ID {} IMPL fabric LATENCY 0 OPTYPE mul PRAGMA yes RTLNAME mul_4s_4ns_8_1_1_U420 SOURCE /tools/Xilinx/Vitis_HLS/2022.2/common/technology/autopilot/ap_int_base.h:1494 VARIABLE ret_V_262 LOOP VITIS_LOOP_249_1 BUNDLEDNAME {} DSP 0 BRAM 0 URAM 0 DISPNAME {bind_op mul}} {BINDTYPE op ID {} IMPL fabric LATENCY 0 OPTYPE mul PRAGMA yes RTLNAME mul_4s_4ns_8_1_1_U166 SOURCE /tools/Xilinx/Vitis_HLS/2022.2/common/technology/autopilot/ap_int_base.h:1494 VARIABLE ret_V_263 LOOP VITIS_LOOP_249_1 BUNDLEDNAME {} DSP 0 BRAM 0 URAM 0 DISPNAME {bind_op mul}} {BINDTYPE op ID {} IMPL fabric LATENCY 0 OPTYPE add PRAGMA {} RTLNAME add_ln840_256_fu_19770_p2 SOURCE /tools/Xilinx/Vitis_HLS/2022.2/common/technology/autopilot/ap_int_base.h:840 VARIABLE add_ln840_256 LOOP VITIS_LOOP_249_1 BUNDLEDNAME {} DSP 0 BRAM 0 URAM 0 DISPNAME {bind_op add}} {BINDTYPE op ID {} IMPL fabric LATENCY 0 OPTYPE add PRAGMA {} RTLNAME add_ln840_257_fu_16189_p2 SOURCE /tools/Xilinx/Vitis_HLS/2022.2/common/technology/autopilot/ap_int_base.h:840 VARIABLE add_ln840_257 LOOP VITIS_LOOP_249_1 BUNDLEDNAME {} DSP 0 BRAM 0 URAM 0 DISPNAME {bind_op add}} {BINDTYPE op ID {} IMPL fabric LATENCY 0 OPTYPE add PRAGMA {} RTLNAME add_ln840_259_fu_11755_p2 SOURCE /tools/Xilinx/Vitis_HLS/2022.2/common/technology/autopilot/ap_int_base.h:840 VARIABLE add_ln840_259 LOOP VITIS_LOOP_249_1 BUNDLEDNAME {} DSP 0 BRAM 0 URAM 0 DISPNAME {bind_op add}} {BINDTYPE op ID {} IMPL fabric LATENCY 0 OPTYPE add PRAGMA {} RTLNAME add_ln840_260_fu_11761_p2 SOURCE /tools/Xilinx/Vitis_HLS/2022.2/common/technology/autopilot/ap_int_base.h:840 VARIABLE add_ln840_260 LOOP VITIS_LOOP_249_1 BUNDLEDNAME {} DSP 0 BRAM 0 URAM 0 DISPNAME {bind_op add}} {BINDTYPE op ID {} IMPL fabric LATENCY 0 OPTYPE add PRAGMA {} RTLNAME add_ln840_261_fu_16201_p2 SOURCE /tools/Xilinx/Vitis_HLS/2022.2/common/technology/autopilot/ap_int_base.h:840 VARIABLE add_ln840_261 LOOP VITIS_LOOP_249_1 BUNDLEDNAME {} DSP 0 BRAM 0 URAM 0 DISPNAME {bind_op add}} {BINDTYPE op ID {} IMPL fabric LATENCY 0 OPTYPE add PRAGMA {} RTLNAME add_ln840_262_fu_16211_p2 SOURCE /tools/Xilinx/Vitis_HLS/2022.2/common/technology/autopilot/ap_int_base.h:840 VARIABLE add_ln840_262 LOOP VITIS_LOOP_249_1 BUNDLEDNAME {} DSP 0 BRAM 0 URAM 0 DISPNAME {bind_op add}} {BINDTYPE op ID {} IMPL fabric LATENCY 0 OPTYPE mul PRAGMA yes RTLNAME mul_4s_4ns_8_1_1_U167 SOURCE /tools/Xilinx/Vitis_HLS/2022.2/common/technology/autopilot/ap_int_base.h:1494 VARIABLE ret_V_264 LOOP VITIS_LOOP_249_1 BUNDLEDNAME {} DSP 0 BRAM 0 URAM 0 DISPNAME {bind_op mul}} {BINDTYPE op ID {} IMPL fabric LATENCY 0 OPTYPE mul PRAGMA yes RTLNAME mul_4s_4ns_8_1_1_U168 SOURCE /tools/Xilinx/Vitis_HLS/2022.2/common/technology/autopilot/ap_int_base.h:1494 VARIABLE ret_V_265 LOOP VITIS_LOOP_249_1 BUNDLEDNAME {} DSP 0 BRAM 0 URAM 0 DISPNAME {bind_op mul}} {BINDTYPE op ID {} IMPL fabric LATENCY 0 OPTYPE mul PRAGMA yes RTLNAME mul_4s_4ns_8_1_1_U169 SOURCE /tools/Xilinx/Vitis_HLS/2022.2/common/technology/autopilot/ap_int_base.h:1494 VARIABLE ret_V_266 LOOP VITIS_LOOP_249_1 BUNDLEDNAME {} DSP 0 BRAM 0 URAM 0 DISPNAME {bind_op mul}} {BINDTYPE op ID {} IMPL fabric LATENCY 0 OPTYPE mul PRAGMA yes RTLNAME mul_4s_4ns_8_1_1_U170 SOURCE /tools/Xilinx/Vitis_HLS/2022.2/common/technology/autopilot/ap_int_base.h:1494 VARIABLE ret_V_267 LOOP VITIS_LOOP_249_1 BUNDLEDNAME {} DSP 0 BRAM 0 URAM 0 DISPNAME {bind_op mul}} {BINDTYPE op ID {} IMPL fabric LATENCY 0 OPTYPE mul PRAGMA yes RTLNAME mul_4s_4ns_8_1_1_U421 SOURCE /tools/Xilinx/Vitis_HLS/2022.2/common/technology/autopilot/ap_int_base.h:1494 VARIABLE ret_V_268 LOOP VITIS_LOOP_249_1 BUNDLEDNAME {} DSP 0 BRAM 0 URAM 0 DISPNAME {bind_op mul}} {BINDTYPE op ID {} IMPL fabric LATENCY 0 OPTYPE mul PRAGMA yes RTLNAME mul_4s_4ns_8_1_1_U422 SOURCE /tools/Xilinx/Vitis_HLS/2022.2/common/technology/autopilot/ap_int_base.h:1494 VARIABLE ret_V_269 LOOP VITIS_LOOP_249_1 BUNDLEDNAME {} DSP 0 BRAM 0 URAM 0 DISPNAME {bind_op mul}} {BINDTYPE op ID {} IMPL fabric LATENCY 0 OPTYPE mul PRAGMA yes RTLNAME mul_4s_4ns_8_1_1_U423 SOURCE /tools/Xilinx/Vitis_HLS/2022.2/common/technology/autopilot/ap_int_base.h:1494 VARIABLE ret_V_270 LOOP VITIS_LOOP_249_1 BUNDLEDNAME {} DSP 0 BRAM 0 URAM 0 DISPNAME {bind_op mul}} {BINDTYPE op ID {} IMPL fabric LATENCY 0 OPTYPE mul PRAGMA yes RTLNAME mul_4s_4ns_8_1_1_U171 SOURCE /tools/Xilinx/Vitis_HLS/2022.2/common/technology/autopilot/ap_int_base.h:1494 VARIABLE ret_V_271 LOOP VITIS_LOOP_249_1 BUNDLEDNAME {} DSP 0 BRAM 0 URAM 0 DISPNAME {bind_op mul}} {BINDTYPE op ID {} IMPL fabric LATENCY 0 OPTYPE add PRAGMA {} RTLNAME add_ln840_264_fu_19797_p2 SOURCE /tools/Xilinx/Vitis_HLS/2022.2/common/technology/autopilot/ap_int_base.h:840 VARIABLE add_ln840_264 LOOP VITIS_LOOP_249_1 BUNDLEDNAME {} DSP 0 BRAM 0 URAM 0 DISPNAME {bind_op add}} {BINDTYPE op ID {} IMPL fabric LATENCY 0 OPTYPE add PRAGMA {} RTLNAME add_ln840_265_fu_16255_p2 SOURCE /tools/Xilinx/Vitis_HLS/2022.2/common/technology/autopilot/ap_int_base.h:840 VARIABLE add_ln840_265 LOOP VITIS_LOOP_249_1 BUNDLEDNAME {} DSP 0 BRAM 0 URAM 0 DISPNAME {bind_op add}} {BINDTYPE op ID {} IMPL fabric LATENCY 0 OPTYPE add PRAGMA {} RTLNAME add_ln840_267_fu_11828_p2 SOURCE /tools/Xilinx/Vitis_HLS/2022.2/common/technology/autopilot/ap_int_base.h:840 VARIABLE add_ln840_267 LOOP VITIS_LOOP_249_1 BUNDLEDNAME {} DSP 0 BRAM 0 URAM 0 DISPNAME {bind_op add}} {BINDTYPE op ID {} IMPL fabric LATENCY 0 OPTYPE add PRAGMA {} RTLNAME add_ln840_268_fu_11834_p2 SOURCE /tools/Xilinx/Vitis_HLS/2022.2/common/technology/autopilot/ap_int_base.h:840 VARIABLE add_ln840_268 LOOP VITIS_LOOP_249_1 BUNDLEDNAME {} DSP 0 BRAM 0 URAM 0 DISPNAME {bind_op add}} {BINDTYPE op ID {} IMPL fabric LATENCY 0 OPTYPE add PRAGMA {} RTLNAME add_ln840_269_fu_16267_p2 SOURCE /tools/Xilinx/Vitis_HLS/2022.2/common/technology/autopilot/ap_int_base.h:840 VARIABLE add_ln840_269 LOOP VITIS_LOOP_249_1 BUNDLEDNAME {} DSP 0 BRAM 0 URAM 0 DISPNAME {bind_op add}} {BINDTYPE op ID {} IMPL fabric LATENCY 0 OPTYPE add PRAGMA {} RTLNAME add_ln840_270_fu_16277_p2 SOURCE /tools/Xilinx/Vitis_HLS/2022.2/common/technology/autopilot/ap_int_base.h:840 VARIABLE add_ln840_270 LOOP VITIS_LOOP_249_1 BUNDLEDNAME {} DSP 0 BRAM 0 URAM 0 DISPNAME {bind_op add}} {BINDTYPE op ID {} IMPL fabric LATENCY 0 OPTYPE mul PRAGMA yes RTLNAME mul_4s_4ns_8_1_1_U172 SOURCE /tools/Xilinx/Vitis_HLS/2022.2/common/technology/autopilot/ap_int_base.h:1494 VARIABLE ret_V_272 LOOP VITIS_LOOP_249_1 BUNDLEDNAME {} DSP 0 BRAM 0 URAM 0 DISPNAME {bind_op mul}} {BINDTYPE op ID {} IMPL fabric LATENCY 0 OPTYPE mul PRAGMA yes RTLNAME mul_4s_4ns_8_1_1_U173 SOURCE /tools/Xilinx/Vitis_HLS/2022.2/common/technology/autopilot/ap_int_base.h:1494 VARIABLE ret_V_273 LOOP VITIS_LOOP_249_1 BUNDLEDNAME {} DSP 0 BRAM 0 URAM 0 DISPNAME {bind_op mul}} {BINDTYPE op ID {} IMPL fabric LATENCY 0 OPTYPE mul PRAGMA yes RTLNAME mul_4s_4ns_8_1_1_U174 SOURCE /tools/Xilinx/Vitis_HLS/2022.2/common/technology/autopilot/ap_int_base.h:1494 VARIABLE ret_V_274 LOOP VITIS_LOOP_249_1 BUNDLEDNAME {} DSP 0 BRAM 0 URAM 0 DISPNAME {bind_op mul}} {BINDTYPE op ID {} IMPL fabric LATENCY 0 OPTYPE mul PRAGMA yes RTLNAME mul_4s_4ns_8_1_1_U175 SOURCE /tools/Xilinx/Vitis_HLS/2022.2/common/technology/autopilot/ap_int_base.h:1494 VARIABLE ret_V_275 LOOP VITIS_LOOP_249_1 BUNDLEDNAME {} DSP 0 BRAM 0 URAM 0 DISPNAME {bind_op mul}} {BINDTYPE op ID {} IMPL fabric LATENCY 0 OPTYPE mul PRAGMA yes RTLNAME mul_4s_4ns_8_1_1_U424 SOURCE /tools/Xilinx/Vitis_HLS/2022.2/common/technology/autopilot/ap_int_base.h:1494 VARIABLE ret_V_276 LOOP VITIS_LOOP_249_1 BUNDLEDNAME {} DSP 0 BRAM 0 URAM 0 DISPNAME {bind_op mul}} {BINDTYPE op ID {} IMPL fabric LATENCY 0 OPTYPE mul PRAGMA yes RTLNAME mul_4s_4ns_8_1_1_U425 SOURCE /tools/Xilinx/Vitis_HLS/2022.2/common/technology/autopilot/ap_int_base.h:1494 VARIABLE ret_V_277 LOOP VITIS_LOOP_249_1 BUNDLEDNAME {} DSP 0 BRAM 0 URAM 0 DISPNAME {bind_op mul}} {BINDTYPE op ID {} IMPL fabric LATENCY 0 OPTYPE mul PRAGMA yes RTLNAME mul_4s_4ns_8_1_1_U426 SOURCE /tools/Xilinx/Vitis_HLS/2022.2/common/technology/autopilot/ap_int_base.h:1494 VARIABLE ret_V_278 LOOP VITIS_LOOP_249_1 BUNDLEDNAME {} DSP 0 BRAM 0 URAM 0 DISPNAME {bind_op mul}} {BINDTYPE op ID {} IMPL fabric LATENCY 0 OPTYPE mul PRAGMA yes RTLNAME mul_4s_4ns_8_1_1_U176 SOURCE /tools/Xilinx/Vitis_HLS/2022.2/common/technology/autopilot/ap_int_base.h:1494 VARIABLE ret_V_279 LOOP VITIS_LOOP_249_1 BUNDLEDNAME {} DSP 0 BRAM 0 URAM 0 DISPNAME {bind_op mul}} {BINDTYPE op ID {} IMPL fabric LATENCY 0 OPTYPE add PRAGMA {} RTLNAME add_ln840_272_fu_19824_p2 SOURCE /tools/Xilinx/Vitis_HLS/2022.2/common/technology/autopilot/ap_int_base.h:840 VARIABLE add_ln840_272 LOOP VITIS_LOOP_249_1 BUNDLEDNAME {} DSP 0 BRAM 0 URAM 0 DISPNAME {bind_op add}} {BINDTYPE op ID {} IMPL fabric LATENCY 0 OPTYPE add PRAGMA {} RTLNAME add_ln840_273_fu_16321_p2 SOURCE /tools/Xilinx/Vitis_HLS/2022.2/common/technology/autopilot/ap_int_base.h:840 VARIABLE add_ln840_273 LOOP VITIS_LOOP_249_1 BUNDLEDNAME {} DSP 0 BRAM 0 URAM 0 DISPNAME {bind_op add}} {BINDTYPE op ID {} IMPL fabric LATENCY 0 OPTYPE add PRAGMA {} RTLNAME add_ln840_275_fu_11901_p2 SOURCE /tools/Xilinx/Vitis_HLS/2022.2/common/technology/autopilot/ap_int_base.h:840 VARIABLE add_ln840_275 LOOP VITIS_LOOP_249_1 BUNDLEDNAME {} DSP 0 BRAM 0 URAM 0 DISPNAME {bind_op add}} {BINDTYPE op ID {} IMPL fabric LATENCY 0 OPTYPE add PRAGMA {} RTLNAME add_ln840_276_fu_11907_p2 SOURCE /tools/Xilinx/Vitis_HLS/2022.2/common/technology/autopilot/ap_int_base.h:840 VARIABLE add_ln840_276 LOOP VITIS_LOOP_249_1 BUNDLEDNAME {} DSP 0 BRAM 0 URAM 0 DISPNAME {bind_op add}} {BINDTYPE op ID {} IMPL fabric LATENCY 0 OPTYPE add PRAGMA {} RTLNAME add_ln840_277_fu_16333_p2 SOURCE /tools/Xilinx/Vitis_HLS/2022.2/common/technology/autopilot/ap_int_base.h:840 VARIABLE add_ln840_277 LOOP VITIS_LOOP_249_1 BUNDLEDNAME {} DSP 0 BRAM 0 URAM 0 DISPNAME {bind_op add}} {BINDTYPE op ID {} IMPL fabric LATENCY 0 OPTYPE add PRAGMA {} RTLNAME add_ln840_278_fu_16343_p2 SOURCE /tools/Xilinx/Vitis_HLS/2022.2/common/technology/autopilot/ap_int_base.h:840 VARIABLE add_ln840_278 LOOP VITIS_LOOP_249_1 BUNDLEDNAME {} DSP 0 BRAM 0 URAM 0 DISPNAME {bind_op add}} {BINDTYPE op ID {} IMPL fabric LATENCY 0 OPTYPE mul PRAGMA yes RTLNAME mul_4s_4ns_8_1_1_U177 SOURCE /tools/Xilinx/Vitis_HLS/2022.2/common/technology/autopilot/ap_int_base.h:1494 VARIABLE ret_V_280 LOOP VITIS_LOOP_249_1 BUNDLEDNAME {} DSP 0 BRAM 0 URAM 0 DISPNAME {bind_op mul}} {BINDTYPE op ID {} IMPL fabric LATENCY 0 OPTYPE mul PRAGMA yes RTLNAME mul_4s_4ns_8_1_1_U178 SOURCE /tools/Xilinx/Vitis_HLS/2022.2/common/technology/autopilot/ap_int_base.h:1494 VARIABLE ret_V_281 LOOP VITIS_LOOP_249_1 BUNDLEDNAME {} DSP 0 BRAM 0 URAM 0 DISPNAME {bind_op mul}} {BINDTYPE op ID {} IMPL fabric LATENCY 0 OPTYPE mul PRAGMA yes RTLNAME mul_4s_4ns_8_1_1_U179 SOURCE /tools/Xilinx/Vitis_HLS/2022.2/common/technology/autopilot/ap_int_base.h:1494 VARIABLE ret_V_282 LOOP VITIS_LOOP_249_1 BUNDLEDNAME {} DSP 0 BRAM 0 URAM 0 DISPNAME {bind_op mul}} {BINDTYPE op ID {} IMPL fabric LATENCY 0 OPTYPE mul PRAGMA yes RTLNAME mul_4s_4ns_8_1_1_U180 SOURCE /tools/Xilinx/Vitis_HLS/2022.2/common/technology/autopilot/ap_int_base.h:1494 VARIABLE ret_V_283 LOOP VITIS_LOOP_249_1 BUNDLEDNAME {} DSP 0 BRAM 0 URAM 0 DISPNAME {bind_op mul}} {BINDTYPE op ID {} IMPL fabric LATENCY 0 OPTYPE mul PRAGMA yes RTLNAME mul_4s_4ns_8_1_1_U427 SOURCE /tools/Xilinx/Vitis_HLS/2022.2/common/technology/autopilot/ap_int_base.h:1494 VARIABLE ret_V_284 LOOP VITIS_LOOP_249_1 BUNDLEDNAME {} DSP 0 BRAM 0 URAM 0 DISPNAME {bind_op mul}} {BINDTYPE op ID {} IMPL fabric LATENCY 0 OPTYPE mul PRAGMA yes RTLNAME mul_4s_4ns_8_1_1_U428 SOURCE /tools/Xilinx/Vitis_HLS/2022.2/common/technology/autopilot/ap_int_base.h:1494 VARIABLE ret_V_285 LOOP VITIS_LOOP_249_1 BUNDLEDNAME {} DSP 0 BRAM 0 URAM 0 DISPNAME {bind_op mul}} {BINDTYPE op ID {} IMPL fabric LATENCY 0 OPTYPE mul PRAGMA yes RTLNAME mul_4s_4ns_8_1_1_U429 SOURCE /tools/Xilinx/Vitis_HLS/2022.2/common/technology/autopilot/ap_int_base.h:1494 VARIABLE ret_V_286 LOOP VITIS_LOOP_249_1 BUNDLEDNAME {} DSP 0 BRAM 0 URAM 0 DISPNAME {bind_op mul}} {BINDTYPE op ID {} IMPL fabric LATENCY 0 OPTYPE mul PRAGMA yes RTLNAME mul_4s_4ns_8_1_1_U181 SOURCE /tools/Xilinx/Vitis_HLS/2022.2/common/technology/autopilot/ap_int_base.h:1494 VARIABLE ret_V_287 LOOP VITIS_LOOP_249_1 BUNDLEDNAME {} DSP 0 BRAM 0 URAM 0 DISPNAME {bind_op mul}} {BINDTYPE op ID {} IMPL fabric LATENCY 0 OPTYPE add PRAGMA {} RTLNAME add_ln840_280_fu_19851_p2 SOURCE /tools/Xilinx/Vitis_HLS/2022.2/common/technology/autopilot/ap_int_base.h:840 VARIABLE add_ln840_280 LOOP VITIS_LOOP_249_1 BUNDLEDNAME {} DSP 0 BRAM 0 URAM 0 DISPNAME {bind_op add}} {BINDTYPE op ID {} IMPL fabric LATENCY 0 OPTYPE add PRAGMA {} RTLNAME add_ln840_281_fu_16387_p2 SOURCE /tools/Xilinx/Vitis_HLS/2022.2/common/technology/autopilot/ap_int_base.h:840 VARIABLE add_ln840_281 LOOP VITIS_LOOP_249_1 BUNDLEDNAME {} DSP 0 BRAM 0 URAM 0 DISPNAME {bind_op add}} {BINDTYPE op ID {} IMPL fabric LATENCY 0 OPTYPE add PRAGMA {} RTLNAME add_ln840_283_fu_11974_p2 SOURCE /tools/Xilinx/Vitis_HLS/2022.2/common/technology/autopilot/ap_int_base.h:840 VARIABLE add_ln840_283 LOOP VITIS_LOOP_249_1 BUNDLEDNAME {} DSP 0 BRAM 0 URAM 0 DISPNAME {bind_op add}} {BINDTYPE op ID {} IMPL fabric LATENCY 0 OPTYPE add PRAGMA {} RTLNAME add_ln840_284_fu_11980_p2 SOURCE /tools/Xilinx/Vitis_HLS/2022.2/common/technology/autopilot/ap_int_base.h:840 VARIABLE add_ln840_284 LOOP VITIS_LOOP_249_1 BUNDLEDNAME {} DSP 0 BRAM 0 URAM 0 DISPNAME {bind_op add}} {BINDTYPE op ID {} IMPL fabric LATENCY 0 OPTYPE add PRAGMA {} RTLNAME add_ln840_285_fu_16399_p2 SOURCE /tools/Xilinx/Vitis_HLS/2022.2/common/technology/autopilot/ap_int_base.h:840 VARIABLE add_ln840_285 LOOP VITIS_LOOP_249_1 BUNDLEDNAME {} DSP 0 BRAM 0 URAM 0 DISPNAME {bind_op add}} {BINDTYPE op ID {} IMPL fabric LATENCY 0 OPTYPE add PRAGMA {} RTLNAME add_ln840_286_fu_16409_p2 SOURCE /tools/Xilinx/Vitis_HLS/2022.2/common/technology/autopilot/ap_int_base.h:840 VARIABLE add_ln840_286 LOOP VITIS_LOOP_249_1 BUNDLEDNAME {} DSP 0 BRAM 0 URAM 0 DISPNAME {bind_op add}} {BINDTYPE op ID {} IMPL fabric LATENCY 0 OPTYPE mul PRAGMA yes RTLNAME mul_4s_4ns_8_1_1_U182 SOURCE /tools/Xilinx/Vitis_HLS/2022.2/common/technology/autopilot/ap_int_base.h:1494 VARIABLE ret_V_288 LOOP VITIS_LOOP_249_1 BUNDLEDNAME {} DSP 0 BRAM 0 URAM 0 DISPNAME {bind_op mul}} {BINDTYPE op ID {} IMPL fabric LATENCY 0 OPTYPE mul PRAGMA yes RTLNAME mul_4s_4ns_8_1_1_U183 SOURCE /tools/Xilinx/Vitis_HLS/2022.2/common/technology/autopilot/ap_int_base.h:1494 VARIABLE ret_V_289 LOOP VITIS_LOOP_249_1 BUNDLEDNAME {} DSP 0 BRAM 0 URAM 0 DISPNAME {bind_op mul}} {BINDTYPE op ID {} IMPL fabric LATENCY 0 OPTYPE mul PRAGMA yes RTLNAME mul_4s_4ns_8_1_1_U184 SOURCE /tools/Xilinx/Vitis_HLS/2022.2/common/technology/autopilot/ap_int_base.h:1494 VARIABLE ret_V_290 LOOP VITIS_LOOP_249_1 BUNDLEDNAME {} DSP 0 BRAM 0 URAM 0 DISPNAME {bind_op mul}} {BINDTYPE op ID {} IMPL fabric LATENCY 0 OPTYPE mul PRAGMA yes RTLNAME mul_4s_4ns_8_1_1_U185 SOURCE /tools/Xilinx/Vitis_HLS/2022.2/common/technology/autopilot/ap_int_base.h:1494 VARIABLE ret_V_291 LOOP VITIS_LOOP_249_1 BUNDLEDNAME {} DSP 0 BRAM 0 URAM 0 DISPNAME {bind_op mul}} {BINDTYPE op ID {} IMPL fabric LATENCY 0 OPTYPE mul PRAGMA yes RTLNAME mul_4s_4ns_8_1_1_U430 SOURCE /tools/Xilinx/Vitis_HLS/2022.2/common/technology/autopilot/ap_int_base.h:1494 VARIABLE ret_V_292 LOOP VITIS_LOOP_249_1 BUNDLEDNAME {} DSP 0 BRAM 0 URAM 0 DISPNAME {bind_op mul}} {BINDTYPE op ID {} IMPL fabric LATENCY 0 OPTYPE mul PRAGMA yes RTLNAME mul_4s_4ns_8_1_1_U431 SOURCE /tools/Xilinx/Vitis_HLS/2022.2/common/technology/autopilot/ap_int_base.h:1494 VARIABLE ret_V_293 LOOP VITIS_LOOP_249_1 BUNDLEDNAME {} DSP 0 BRAM 0 URAM 0 DISPNAME {bind_op mul}} {BINDTYPE op ID {} IMPL fabric LATENCY 0 OPTYPE mul PRAGMA yes RTLNAME mul_4s_4ns_8_1_1_U432 SOURCE /tools/Xilinx/Vitis_HLS/2022.2/common/technology/autopilot/ap_int_base.h:1494 VARIABLE ret_V_294 LOOP VITIS_LOOP_249_1 BUNDLEDNAME {} DSP 0 BRAM 0 URAM 0 DISPNAME {bind_op mul}} {BINDTYPE op ID {} IMPL fabric LATENCY 0 OPTYPE mul PRAGMA yes RTLNAME mul_4s_4ns_8_1_1_U186 SOURCE /tools/Xilinx/Vitis_HLS/2022.2/common/technology/autopilot/ap_int_base.h:1494 VARIABLE ret_V_295 LOOP VITIS_LOOP_249_1 BUNDLEDNAME {} DSP 0 BRAM 0 URAM 0 DISPNAME {bind_op mul}} {BINDTYPE op ID {} IMPL fabric LATENCY 0 OPTYPE add PRAGMA {} RTLNAME add_ln840_288_fu_19878_p2 SOURCE /tools/Xilinx/Vitis_HLS/2022.2/common/technology/autopilot/ap_int_base.h:840 VARIABLE add_ln840_288 LOOP VITIS_LOOP_249_1 BUNDLEDNAME {} DSP 0 BRAM 0 URAM 0 DISPNAME {bind_op add}} {BINDTYPE op ID {} IMPL fabric LATENCY 0 OPTYPE add PRAGMA {} RTLNAME add_ln840_289_fu_16453_p2 SOURCE /tools/Xilinx/Vitis_HLS/2022.2/common/technology/autopilot/ap_int_base.h:840 VARIABLE add_ln840_289 LOOP VITIS_LOOP_249_1 BUNDLEDNAME {} DSP 0 BRAM 0 URAM 0 DISPNAME {bind_op add}} {BINDTYPE op ID {} IMPL fabric LATENCY 0 OPTYPE add PRAGMA {} RTLNAME add_ln840_291_fu_12047_p2 SOURCE /tools/Xilinx/Vitis_HLS/2022.2/common/technology/autopilot/ap_int_base.h:840 VARIABLE add_ln840_291 LOOP VITIS_LOOP_249_1 BUNDLEDNAME {} DSP 0 BRAM 0 URAM 0 DISPNAME {bind_op add}} {BINDTYPE op ID {} IMPL fabric LATENCY 0 OPTYPE add PRAGMA {} RTLNAME add_ln840_292_fu_12053_p2 SOURCE /tools/Xilinx/Vitis_HLS/2022.2/common/technology/autopilot/ap_int_base.h:840 VARIABLE add_ln840_292 LOOP VITIS_LOOP_249_1 BUNDLEDNAME {} DSP 0 BRAM 0 URAM 0 DISPNAME {bind_op add}} {BINDTYPE op ID {} IMPL fabric LATENCY 0 OPTYPE add PRAGMA {} RTLNAME add_ln840_293_fu_16465_p2 SOURCE /tools/Xilinx/Vitis_HLS/2022.2/common/technology/autopilot/ap_int_base.h:840 VARIABLE add_ln840_293 LOOP VITIS_LOOP_249_1 BUNDLEDNAME {} DSP 0 BRAM 0 URAM 0 DISPNAME {bind_op add}} {BINDTYPE op ID {} IMPL fabric LATENCY 0 OPTYPE add PRAGMA {} RTLNAME add_ln840_294_fu_16475_p2 SOURCE /tools/Xilinx/Vitis_HLS/2022.2/common/technology/autopilot/ap_int_base.h:840 VARIABLE add_ln840_294 LOOP VITIS_LOOP_249_1 BUNDLEDNAME {} DSP 0 BRAM 0 URAM 0 DISPNAME {bind_op add}} {BINDTYPE op ID {} IMPL fabric LATENCY 0 OPTYPE mul PRAGMA yes RTLNAME mul_4s_4ns_8_1_1_U187 SOURCE /tools/Xilinx/Vitis_HLS/2022.2/common/technology/autopilot/ap_int_base.h:1494 VARIABLE ret_V_296 LOOP VITIS_LOOP_249_1 BUNDLEDNAME {} DSP 0 BRAM 0 URAM 0 DISPNAME {bind_op mul}} {BINDTYPE op ID {} IMPL fabric LATENCY 0 OPTYPE mul PRAGMA yes RTLNAME mul_4s_4ns_8_1_1_U188 SOURCE /tools/Xilinx/Vitis_HLS/2022.2/common/technology/autopilot/ap_int_base.h:1494 VARIABLE ret_V_297 LOOP VITIS_LOOP_249_1 BUNDLEDNAME {} DSP 0 BRAM 0 URAM 0 DISPNAME {bind_op mul}} {BINDTYPE op ID {} IMPL fabric LATENCY 0 OPTYPE mul PRAGMA yes RTLNAME mul_4s_4ns_8_1_1_U189 SOURCE /tools/Xilinx/Vitis_HLS/2022.2/common/technology/autopilot/ap_int_base.h:1494 VARIABLE ret_V_298 LOOP VITIS_LOOP_249_1 BUNDLEDNAME {} DSP 0 BRAM 0 URAM 0 DISPNAME {bind_op mul}} {BINDTYPE op ID {} IMPL fabric LATENCY 0 OPTYPE mul PRAGMA yes RTLNAME mul_4s_4ns_8_1_1_U190 SOURCE /tools/Xilinx/Vitis_HLS/2022.2/common/technology/autopilot/ap_int_base.h:1494 VARIABLE ret_V_299 LOOP VITIS_LOOP_249_1 BUNDLEDNAME {} DSP 0 BRAM 0 URAM 0 DISPNAME {bind_op mul}} {BINDTYPE op ID {} IMPL fabric LATENCY 0 OPTYPE mul PRAGMA yes RTLNAME mul_4s_4ns_8_1_1_U433 SOURCE /tools/Xilinx/Vitis_HLS/2022.2/common/technology/autopilot/ap_int_base.h:1494 VARIABLE ret_V_300 LOOP VITIS_LOOP_249_1 BUNDLEDNAME {} DSP 0 BRAM 0 URAM 0 DISPNAME {bind_op mul}} {BINDTYPE op ID {} IMPL fabric LATENCY 0 OPTYPE mul PRAGMA yes RTLNAME mul_4s_4ns_8_1_1_U434 SOURCE /tools/Xilinx/Vitis_HLS/2022.2/common/technology/autopilot/ap_int_base.h:1494 VARIABLE ret_V_301 LOOP VITIS_LOOP_249_1 BUNDLEDNAME {} DSP 0 BRAM 0 URAM 0 DISPNAME {bind_op mul}} {BINDTYPE op ID {} IMPL fabric LATENCY 0 OPTYPE mul PRAGMA yes RTLNAME mul_4s_4ns_8_1_1_U435 SOURCE /tools/Xilinx/Vitis_HLS/2022.2/common/technology/autopilot/ap_int_base.h:1494 VARIABLE ret_V_302 LOOP VITIS_LOOP_249_1 BUNDLEDNAME {} DSP 0 BRAM 0 URAM 0 DISPNAME {bind_op mul}} {BINDTYPE op ID {} IMPL fabric LATENCY 0 OPTYPE mul PRAGMA yes RTLNAME mul_4s_4ns_8_1_1_U191 SOURCE /tools/Xilinx/Vitis_HLS/2022.2/common/technology/autopilot/ap_int_base.h:1494 VARIABLE ret_V_303 LOOP VITIS_LOOP_249_1 BUNDLEDNAME {} DSP 0 BRAM 0 URAM 0 DISPNAME {bind_op mul}} {BINDTYPE op ID {} IMPL fabric LATENCY 0 OPTYPE add PRAGMA {} RTLNAME add_ln840_296_fu_19905_p2 SOURCE /tools/Xilinx/Vitis_HLS/2022.2/common/technology/autopilot/ap_int_base.h:840 VARIABLE add_ln840_296 LOOP VITIS_LOOP_249_1 BUNDLEDNAME {} DSP 0 BRAM 0 URAM 0 DISPNAME {bind_op add}} {BINDTYPE op ID {} IMPL fabric LATENCY 0 OPTYPE add PRAGMA {} RTLNAME add_ln840_297_fu_16519_p2 SOURCE /tools/Xilinx/Vitis_HLS/2022.2/common/technology/autopilot/ap_int_base.h:840 VARIABLE add_ln840_297 LOOP VITIS_LOOP_249_1 BUNDLEDNAME {} DSP 0 BRAM 0 URAM 0 DISPNAME {bind_op add}} {BINDTYPE op ID {} IMPL fabric LATENCY 0 OPTYPE add PRAGMA {} RTLNAME add_ln840_299_fu_12120_p2 SOURCE /tools/Xilinx/Vitis_HLS/2022.2/common/technology/autopilot/ap_int_base.h:840 VARIABLE add_ln840_299 LOOP VITIS_LOOP_249_1 BUNDLEDNAME {} DSP 0 BRAM 0 URAM 0 DISPNAME {bind_op add}} {BINDTYPE op ID {} IMPL fabric LATENCY 0 OPTYPE add PRAGMA {} RTLNAME add_ln840_300_fu_12126_p2 SOURCE /tools/Xilinx/Vitis_HLS/2022.2/common/technology/autopilot/ap_int_base.h:840 VARIABLE add_ln840_300 LOOP VITIS_LOOP_249_1 BUNDLEDNAME {} DSP 0 BRAM 0 URAM 0 DISPNAME {bind_op add}} {BINDTYPE op ID {} IMPL fabric LATENCY 0 OPTYPE add PRAGMA {} RTLNAME add_ln840_301_fu_16531_p2 SOURCE /tools/Xilinx/Vitis_HLS/2022.2/common/technology/autopilot/ap_int_base.h:840 VARIABLE add_ln840_301 LOOP VITIS_LOOP_249_1 BUNDLEDNAME {} DSP 0 BRAM 0 URAM 0 DISPNAME {bind_op add}} {BINDTYPE op ID {} IMPL fabric LATENCY 0 OPTYPE add PRAGMA {} RTLNAME add_ln840_302_fu_16541_p2 SOURCE /tools/Xilinx/Vitis_HLS/2022.2/common/technology/autopilot/ap_int_base.h:840 VARIABLE add_ln840_302 LOOP VITIS_LOOP_249_1 BUNDLEDNAME {} DSP 0 BRAM 0 URAM 0 DISPNAME {bind_op add}} {BINDTYPE op ID {} IMPL fabric LATENCY 0 OPTYPE mul PRAGMA yes RTLNAME mul_4s_4ns_8_1_1_U192 SOURCE /tools/Xilinx/Vitis_HLS/2022.2/common/technology/autopilot/ap_int_base.h:1494 VARIABLE ret_V_304 LOOP VITIS_LOOP_249_1 BUNDLEDNAME {} DSP 0 BRAM 0 URAM 0 DISPNAME {bind_op mul}} {BINDTYPE op ID {} IMPL fabric LATENCY 0 OPTYPE mul PRAGMA yes RTLNAME mul_4s_4ns_8_1_1_U193 SOURCE /tools/Xilinx/Vitis_HLS/2022.2/common/technology/autopilot/ap_int_base.h:1494 VARIABLE ret_V_305 LOOP VITIS_LOOP_249_1 BUNDLEDNAME {} DSP 0 BRAM 0 URAM 0 DISPNAME {bind_op mul}} {BINDTYPE op ID {} IMPL fabric LATENCY 0 OPTYPE mul PRAGMA yes RTLNAME mul_4s_4ns_8_1_1_U194 SOURCE /tools/Xilinx/Vitis_HLS/2022.2/common/technology/autopilot/ap_int_base.h:1494 VARIABLE ret_V_306 LOOP VITIS_LOOP_249_1 BUNDLEDNAME {} DSP 0 BRAM 0 URAM 0 DISPNAME {bind_op mul}} {BINDTYPE op ID {} IMPL fabric LATENCY 0 OPTYPE mul PRAGMA yes RTLNAME mul_4s_4ns_8_1_1_U195 SOURCE /tools/Xilinx/Vitis_HLS/2022.2/common/technology/autopilot/ap_int_base.h:1494 VARIABLE ret_V_307 LOOP VITIS_LOOP_249_1 BUNDLEDNAME {} DSP 0 BRAM 0 URAM 0 DISPNAME {bind_op mul}} {BINDTYPE op ID {} IMPL fabric LATENCY 0 OPTYPE mul PRAGMA yes RTLNAME mul_4s_4ns_8_1_1_U436 SOURCE /tools/Xilinx/Vitis_HLS/2022.2/common/technology/autopilot/ap_int_base.h:1494 VARIABLE ret_V_308 LOOP VITIS_LOOP_249_1 BUNDLEDNAME {} DSP 0 BRAM 0 URAM 0 DISPNAME {bind_op mul}} {BINDTYPE op ID {} IMPL fabric LATENCY 0 OPTYPE mul PRAGMA yes RTLNAME mul_4s_4ns_8_1_1_U437 SOURCE /tools/Xilinx/Vitis_HLS/2022.2/common/technology/autopilot/ap_int_base.h:1494 VARIABLE ret_V_309 LOOP VITIS_LOOP_249_1 BUNDLEDNAME {} DSP 0 BRAM 0 URAM 0 DISPNAME {bind_op mul}} {BINDTYPE op ID {} IMPL fabric LATENCY 0 OPTYPE mul PRAGMA yes RTLNAME mul_4s_4ns_8_1_1_U438 SOURCE /tools/Xilinx/Vitis_HLS/2022.2/common/technology/autopilot/ap_int_base.h:1494 VARIABLE ret_V_310 LOOP VITIS_LOOP_249_1 BUNDLEDNAME {} DSP 0 BRAM 0 URAM 0 DISPNAME {bind_op mul}} {BINDTYPE op ID {} IMPL fabric LATENCY 0 OPTYPE mul PRAGMA yes RTLNAME mul_4s_4ns_8_1_1_U196 SOURCE /tools/Xilinx/Vitis_HLS/2022.2/common/technology/autopilot/ap_int_base.h:1494 VARIABLE ret_V_311 LOOP VITIS_LOOP_249_1 BUNDLEDNAME {} DSP 0 BRAM 0 URAM 0 DISPNAME {bind_op mul}} {BINDTYPE op ID {} IMPL fabric LATENCY 0 OPTYPE add PRAGMA {} RTLNAME add_ln840_304_fu_19932_p2 SOURCE /tools/Xilinx/Vitis_HLS/2022.2/common/technology/autopilot/ap_int_base.h:840 VARIABLE add_ln840_304 LOOP VITIS_LOOP_249_1 BUNDLEDNAME {} DSP 0 BRAM 0 URAM 0 DISPNAME {bind_op add}} {BINDTYPE op ID {} IMPL fabric LATENCY 0 OPTYPE add PRAGMA {} RTLNAME add_ln840_305_fu_16585_p2 SOURCE /tools/Xilinx/Vitis_HLS/2022.2/common/technology/autopilot/ap_int_base.h:840 VARIABLE add_ln840_305 LOOP VITIS_LOOP_249_1 BUNDLEDNAME {} DSP 0 BRAM 0 URAM 0 DISPNAME {bind_op add}} {BINDTYPE op ID {} IMPL fabric LATENCY 0 OPTYPE add PRAGMA {} RTLNAME add_ln840_307_fu_12193_p2 SOURCE /tools/Xilinx/Vitis_HLS/2022.2/common/technology/autopilot/ap_int_base.h:840 VARIABLE add_ln840_307 LOOP VITIS_LOOP_249_1 BUNDLEDNAME {} DSP 0 BRAM 0 URAM 0 DISPNAME {bind_op add}} {BINDTYPE op ID {} IMPL fabric LATENCY 0 OPTYPE add PRAGMA {} RTLNAME add_ln840_308_fu_12199_p2 SOURCE /tools/Xilinx/Vitis_HLS/2022.2/common/technology/autopilot/ap_int_base.h:840 VARIABLE add_ln840_308 LOOP VITIS_LOOP_249_1 BUNDLEDNAME {} DSP 0 BRAM 0 URAM 0 DISPNAME {bind_op add}} {BINDTYPE op ID {} IMPL fabric LATENCY 0 OPTYPE add PRAGMA {} RTLNAME add_ln840_309_fu_16597_p2 SOURCE /tools/Xilinx/Vitis_HLS/2022.2/common/technology/autopilot/ap_int_base.h:840 VARIABLE add_ln840_309 LOOP VITIS_LOOP_249_1 BUNDLEDNAME {} DSP 0 BRAM 0 URAM 0 DISPNAME {bind_op add}} {BINDTYPE op ID {} IMPL fabric LATENCY 0 OPTYPE add PRAGMA {} RTLNAME add_ln840_310_fu_16607_p2 SOURCE /tools/Xilinx/Vitis_HLS/2022.2/common/technology/autopilot/ap_int_base.h:840 VARIABLE add_ln840_310 LOOP VITIS_LOOP_249_1 BUNDLEDNAME {} DSP 0 BRAM 0 URAM 0 DISPNAME {bind_op add}} {BINDTYPE op ID {} IMPL fabric LATENCY 0 OPTYPE mul PRAGMA yes RTLNAME mul_4s_4ns_8_1_1_U197 SOURCE /tools/Xilinx/Vitis_HLS/2022.2/common/technology/autopilot/ap_int_base.h:1494 VARIABLE ret_V_312 LOOP VITIS_LOOP_249_1 BUNDLEDNAME {} DSP 0 BRAM 0 URAM 0 DISPNAME {bind_op mul}} {BINDTYPE op ID {} IMPL fabric LATENCY 0 OPTYPE mul PRAGMA yes RTLNAME mul_4s_4ns_8_1_1_U198 SOURCE /tools/Xilinx/Vitis_HLS/2022.2/common/technology/autopilot/ap_int_base.h:1494 VARIABLE ret_V_313 LOOP VITIS_LOOP_249_1 BUNDLEDNAME {} DSP 0 BRAM 0 URAM 0 DISPNAME {bind_op mul}} {BINDTYPE op ID {} IMPL fabric LATENCY 0 OPTYPE mul PRAGMA yes RTLNAME mul_4s_4ns_8_1_1_U199 SOURCE /tools/Xilinx/Vitis_HLS/2022.2/common/technology/autopilot/ap_int_base.h:1494 VARIABLE ret_V_314 LOOP VITIS_LOOP_249_1 BUNDLEDNAME {} DSP 0 BRAM 0 URAM 0 DISPNAME {bind_op mul}} {BINDTYPE op ID {} IMPL fabric LATENCY 0 OPTYPE mul PRAGMA yes RTLNAME mul_4s_4ns_8_1_1_U200 SOURCE /tools/Xilinx/Vitis_HLS/2022.2/common/technology/autopilot/ap_int_base.h:1494 VARIABLE ret_V_315 LOOP VITIS_LOOP_249_1 BUNDLEDNAME {} DSP 0 BRAM 0 URAM 0 DISPNAME {bind_op mul}} {BINDTYPE op ID {} IMPL fabric LATENCY 0 OPTYPE mul PRAGMA yes RTLNAME mul_4s_4ns_8_1_1_U439 SOURCE /tools/Xilinx/Vitis_HLS/2022.2/common/technology/autopilot/ap_int_base.h:1494 VARIABLE ret_V_316 LOOP VITIS_LOOP_249_1 BUNDLEDNAME {} DSP 0 BRAM 0 URAM 0 DISPNAME {bind_op mul}} {BINDTYPE op ID {} IMPL fabric LATENCY 0 OPTYPE mul PRAGMA yes RTLNAME mul_4s_4ns_8_1_1_U440 SOURCE /tools/Xilinx/Vitis_HLS/2022.2/common/technology/autopilot/ap_int_base.h:1494 VARIABLE ret_V_317 LOOP VITIS_LOOP_249_1 BUNDLEDNAME {} DSP 0 BRAM 0 URAM 0 DISPNAME {bind_op mul}} {BINDTYPE op ID {} IMPL fabric LATENCY 0 OPTYPE mul PRAGMA yes RTLNAME mul_4s_4ns_8_1_1_U441 SOURCE /tools/Xilinx/Vitis_HLS/2022.2/common/technology/autopilot/ap_int_base.h:1494 VARIABLE ret_V_318 LOOP VITIS_LOOP_249_1 BUNDLEDNAME {} DSP 0 BRAM 0 URAM 0 DISPNAME {bind_op mul}} {BINDTYPE op ID {} IMPL fabric LATENCY 0 OPTYPE mul PRAGMA yes RTLNAME mul_4s_4ns_8_1_1_U201 SOURCE /tools/Xilinx/Vitis_HLS/2022.2/common/technology/autopilot/ap_int_base.h:1494 VARIABLE ret_V_319 LOOP VITIS_LOOP_249_1 BUNDLEDNAME {} DSP 0 BRAM 0 URAM 0 DISPNAME {bind_op mul}} {BINDTYPE op ID {} IMPL fabric LATENCY 0 OPTYPE add PRAGMA {} RTLNAME add_ln840_312_fu_19959_p2 SOURCE /tools/Xilinx/Vitis_HLS/2022.2/common/technology/autopilot/ap_int_base.h:840 VARIABLE add_ln840_312 LOOP VITIS_LOOP_249_1 BUNDLEDNAME {} DSP 0 BRAM 0 URAM 0 DISPNAME {bind_op add}} {BINDTYPE op ID {} IMPL fabric LATENCY 0 OPTYPE add PRAGMA {} RTLNAME add_ln840_313_fu_16651_p2 SOURCE /tools/Xilinx/Vitis_HLS/2022.2/common/technology/autopilot/ap_int_base.h:840 VARIABLE add_ln840_313 LOOP VITIS_LOOP_249_1 BUNDLEDNAME {} DSP 0 BRAM 0 URAM 0 DISPNAME {bind_op add}} {BINDTYPE op ID {} IMPL fabric LATENCY 0 OPTYPE add PRAGMA {} RTLNAME add_ln840_315_fu_12266_p2 SOURCE /tools/Xilinx/Vitis_HLS/2022.2/common/technology/autopilot/ap_int_base.h:840 VARIABLE add_ln840_315 LOOP VITIS_LOOP_249_1 BUNDLEDNAME {} DSP 0 BRAM 0 URAM 0 DISPNAME {bind_op add}} {BINDTYPE op ID {} IMPL fabric LATENCY 0 OPTYPE add PRAGMA {} RTLNAME add_ln840_316_fu_12272_p2 SOURCE /tools/Xilinx/Vitis_HLS/2022.2/common/technology/autopilot/ap_int_base.h:840 VARIABLE add_ln840_316 LOOP VITIS_LOOP_249_1 BUNDLEDNAME {} DSP 0 BRAM 0 URAM 0 DISPNAME {bind_op add}} {BINDTYPE op ID {} IMPL fabric LATENCY 0 OPTYPE add PRAGMA {} RTLNAME add_ln840_317_fu_16663_p2 SOURCE /tools/Xilinx/Vitis_HLS/2022.2/common/technology/autopilot/ap_int_base.h:840 VARIABLE add_ln840_317 LOOP VITIS_LOOP_249_1 BUNDLEDNAME {} DSP 0 BRAM 0 URAM 0 DISPNAME {bind_op add}} {BINDTYPE op ID {} IMPL fabric LATENCY 0 OPTYPE add PRAGMA {} RTLNAME add_ln840_318_fu_16673_p2 SOURCE /tools/Xilinx/Vitis_HLS/2022.2/common/technology/autopilot/ap_int_base.h:840 VARIABLE add_ln840_318 LOOP VITIS_LOOP_249_1 BUNDLEDNAME {} DSP 0 BRAM 0 URAM 0 DISPNAME {bind_op add}} {BINDTYPE op ID {} IMPL fabric LATENCY 0 OPTYPE mul PRAGMA yes RTLNAME mul_4s_4ns_8_1_1_U202 SOURCE /tools/Xilinx/Vitis_HLS/2022.2/common/technology/autopilot/ap_int_base.h:1494 VARIABLE ret_V_320 LOOP VITIS_LOOP_249_1 BUNDLEDNAME {} DSP 0 BRAM 0 URAM 0 DISPNAME {bind_op mul}} {BINDTYPE op ID {} IMPL fabric LATENCY 0 OPTYPE mul PRAGMA yes RTLNAME mul_4s_4ns_8_1_1_U203 SOURCE /tools/Xilinx/Vitis_HLS/2022.2/common/technology/autopilot/ap_int_base.h:1494 VARIABLE ret_V_321 LOOP VITIS_LOOP_249_1 BUNDLEDNAME {} DSP 0 BRAM 0 URAM 0 DISPNAME {bind_op mul}} {BINDTYPE op ID {} IMPL fabric LATENCY 0 OPTYPE mul PRAGMA yes RTLNAME mul_4s_4ns_8_1_1_U204 SOURCE /tools/Xilinx/Vitis_HLS/2022.2/common/technology/autopilot/ap_int_base.h:1494 VARIABLE ret_V_322 LOOP VITIS_LOOP_249_1 BUNDLEDNAME {} DSP 0 BRAM 0 URAM 0 DISPNAME {bind_op mul}} {BINDTYPE op ID {} IMPL fabric LATENCY 0 OPTYPE mul PRAGMA yes RTLNAME mul_4s_4ns_8_1_1_U205 SOURCE /tools/Xilinx/Vitis_HLS/2022.2/common/technology/autopilot/ap_int_base.h:1494 VARIABLE ret_V_323 LOOP VITIS_LOOP_249_1 BUNDLEDNAME {} DSP 0 BRAM 0 URAM 0 DISPNAME {bind_op mul}} {BINDTYPE op ID {} IMPL fabric LATENCY 0 OPTYPE mul PRAGMA yes RTLNAME mul_4s_4ns_8_1_1_U442 SOURCE /tools/Xilinx/Vitis_HLS/2022.2/common/technology/autopilot/ap_int_base.h:1494 VARIABLE ret_V_324 LOOP VITIS_LOOP_249_1 BUNDLEDNAME {} DSP 0 BRAM 0 URAM 0 DISPNAME {bind_op mul}} {BINDTYPE op ID {} IMPL fabric LATENCY 0 OPTYPE mul PRAGMA yes RTLNAME mul_4s_4ns_8_1_1_U443 SOURCE /tools/Xilinx/Vitis_HLS/2022.2/common/technology/autopilot/ap_int_base.h:1494 VARIABLE ret_V_325 LOOP VITIS_LOOP_249_1 BUNDLEDNAME {} DSP 0 BRAM 0 URAM 0 DISPNAME {bind_op mul}} {BINDTYPE op ID {} IMPL fabric LATENCY 0 OPTYPE mul PRAGMA yes RTLNAME mul_4s_4ns_8_1_1_U444 SOURCE /tools/Xilinx/Vitis_HLS/2022.2/common/technology/autopilot/ap_int_base.h:1494 VARIABLE ret_V_326 LOOP VITIS_LOOP_249_1 BUNDLEDNAME {} DSP 0 BRAM 0 URAM 0 DISPNAME {bind_op mul}} {BINDTYPE op ID {} IMPL fabric LATENCY 0 OPTYPE mul PRAGMA yes RTLNAME mul_4s_4ns_8_1_1_U206 SOURCE /tools/Xilinx/Vitis_HLS/2022.2/common/technology/autopilot/ap_int_base.h:1494 VARIABLE ret_V_327 LOOP VITIS_LOOP_249_1 BUNDLEDNAME {} DSP 0 BRAM 0 URAM 0 DISPNAME {bind_op mul}} {BINDTYPE op ID {} IMPL fabric LATENCY 0 OPTYPE add PRAGMA {} RTLNAME add_ln840_320_fu_19986_p2 SOURCE /tools/Xilinx/Vitis_HLS/2022.2/common/technology/autopilot/ap_int_base.h:840 VARIABLE add_ln840_320 LOOP VITIS_LOOP_249_1 BUNDLEDNAME {} DSP 0 BRAM 0 URAM 0 DISPNAME {bind_op add}} {BINDTYPE op ID {} IMPL fabric LATENCY 0 OPTYPE add PRAGMA {} RTLNAME add_ln840_321_fu_16717_p2 SOURCE /tools/Xilinx/Vitis_HLS/2022.2/common/technology/autopilot/ap_int_base.h:840 VARIABLE add_ln840_321 LOOP VITIS_LOOP_249_1 BUNDLEDNAME {} DSP 0 BRAM 0 URAM 0 DISPNAME {bind_op add}} {BINDTYPE op ID {} IMPL fabric LATENCY 0 OPTYPE add PRAGMA {} RTLNAME add_ln840_323_fu_12339_p2 SOURCE /tools/Xilinx/Vitis_HLS/2022.2/common/technology/autopilot/ap_int_base.h:840 VARIABLE add_ln840_323 LOOP VITIS_LOOP_249_1 BUNDLEDNAME {} DSP 0 BRAM 0 URAM 0 DISPNAME {bind_op add}} {BINDTYPE op ID {} IMPL fabric LATENCY 0 OPTYPE add PRAGMA {} RTLNAME add_ln840_324_fu_12345_p2 SOURCE /tools/Xilinx/Vitis_HLS/2022.2/common/technology/autopilot/ap_int_base.h:840 VARIABLE add_ln840_324 LOOP VITIS_LOOP_249_1 BUNDLEDNAME {} DSP 0 BRAM 0 URAM 0 DISPNAME {bind_op add}} {BINDTYPE op ID {} IMPL fabric LATENCY 0 OPTYPE add PRAGMA {} RTLNAME add_ln840_325_fu_16729_p2 SOURCE /tools/Xilinx/Vitis_HLS/2022.2/common/technology/autopilot/ap_int_base.h:840 VARIABLE add_ln840_325 LOOP VITIS_LOOP_249_1 BUNDLEDNAME {} DSP 0 BRAM 0 URAM 0 DISPNAME {bind_op add}} {BINDTYPE op ID {} IMPL fabric LATENCY 0 OPTYPE add PRAGMA {} RTLNAME add_ln840_326_fu_16739_p2 SOURCE /tools/Xilinx/Vitis_HLS/2022.2/common/technology/autopilot/ap_int_base.h:840 VARIABLE add_ln840_326 LOOP VITIS_LOOP_249_1 BUNDLEDNAME {} DSP 0 BRAM 0 URAM 0 DISPNAME {bind_op add}} {BINDTYPE op ID {} IMPL fabric LATENCY 0 OPTYPE mul PRAGMA yes RTLNAME mul_4s_4ns_8_1_1_U207 SOURCE /tools/Xilinx/Vitis_HLS/2022.2/common/technology/autopilot/ap_int_base.h:1494 VARIABLE ret_V_328 LOOP VITIS_LOOP_249_1 BUNDLEDNAME {} DSP 0 BRAM 0 URAM 0 DISPNAME {bind_op mul}} {BINDTYPE op ID {} IMPL fabric LATENCY 0 OPTYPE mul PRAGMA yes RTLNAME mul_4s_4ns_8_1_1_U208 SOURCE /tools/Xilinx/Vitis_HLS/2022.2/common/technology/autopilot/ap_int_base.h:1494 VARIABLE ret_V_329 LOOP VITIS_LOOP_249_1 BUNDLEDNAME {} DSP 0 BRAM 0 URAM 0 DISPNAME {bind_op mul}} {BINDTYPE op ID {} IMPL fabric LATENCY 0 OPTYPE mul PRAGMA yes RTLNAME mul_4s_4ns_8_1_1_U209 SOURCE /tools/Xilinx/Vitis_HLS/2022.2/common/technology/autopilot/ap_int_base.h:1494 VARIABLE ret_V_330 LOOP VITIS_LOOP_249_1 BUNDLEDNAME {} DSP 0 BRAM 0 URAM 0 DISPNAME {bind_op mul}} {BINDTYPE op ID {} IMPL fabric LATENCY 0 OPTYPE mul PRAGMA yes RTLNAME mul_4s_4ns_8_1_1_U210 SOURCE /tools/Xilinx/Vitis_HLS/2022.2/common/technology/autopilot/ap_int_base.h:1494 VARIABLE ret_V_331 LOOP VITIS_LOOP_249_1 BUNDLEDNAME {} DSP 0 BRAM 0 URAM 0 DISPNAME {bind_op mul}} {BINDTYPE op ID {} IMPL fabric LATENCY 0 OPTYPE mul PRAGMA yes RTLNAME mul_4s_4ns_8_1_1_U445 SOURCE /tools/Xilinx/Vitis_HLS/2022.2/common/technology/autopilot/ap_int_base.h:1494 VARIABLE ret_V_332 LOOP VITIS_LOOP_249_1 BUNDLEDNAME {} DSP 0 BRAM 0 URAM 0 DISPNAME {bind_op mul}} {BINDTYPE op ID {} IMPL fabric LATENCY 0 OPTYPE mul PRAGMA yes RTLNAME mul_4s_4ns_8_1_1_U446 SOURCE /tools/Xilinx/Vitis_HLS/2022.2/common/technology/autopilot/ap_int_base.h:1494 VARIABLE ret_V_333 LOOP VITIS_LOOP_249_1 BUNDLEDNAME {} DSP 0 BRAM 0 URAM 0 DISPNAME {bind_op mul}} {BINDTYPE op ID {} IMPL fabric LATENCY 0 OPTYPE mul PRAGMA yes RTLNAME mul_4s_4ns_8_1_1_U447 SOURCE /tools/Xilinx/Vitis_HLS/2022.2/common/technology/autopilot/ap_int_base.h:1494 VARIABLE ret_V_334 LOOP VITIS_LOOP_249_1 BUNDLEDNAME {} DSP 0 BRAM 0 URAM 0 DISPNAME {bind_op mul}} {BINDTYPE op ID {} IMPL fabric LATENCY 0 OPTYPE mul PRAGMA yes RTLNAME mul_4s_4ns_8_1_1_U211 SOURCE /tools/Xilinx/Vitis_HLS/2022.2/common/technology/autopilot/ap_int_base.h:1494 VARIABLE ret_V_335 LOOP VITIS_LOOP_249_1 BUNDLEDNAME {} DSP 0 BRAM 0 URAM 0 DISPNAME {bind_op mul}} {BINDTYPE op ID {} IMPL fabric LATENCY 0 OPTYPE add PRAGMA {} RTLNAME add_ln840_328_fu_20013_p2 SOURCE /tools/Xilinx/Vitis_HLS/2022.2/common/technology/autopilot/ap_int_base.h:840 VARIABLE add_ln840_328 LOOP VITIS_LOOP_249_1 BUNDLEDNAME {} DSP 0 BRAM 0 URAM 0 DISPNAME {bind_op add}} {BINDTYPE op ID {} IMPL fabric LATENCY 0 OPTYPE add PRAGMA {} RTLNAME add_ln840_329_fu_16783_p2 SOURCE /tools/Xilinx/Vitis_HLS/2022.2/common/technology/autopilot/ap_int_base.h:840 VARIABLE add_ln840_329 LOOP VITIS_LOOP_249_1 BUNDLEDNAME {} DSP 0 BRAM 0 URAM 0 DISPNAME {bind_op add}} {BINDTYPE op ID {} IMPL fabric LATENCY 0 OPTYPE add PRAGMA {} RTLNAME add_ln840_331_fu_12412_p2 SOURCE /tools/Xilinx/Vitis_HLS/2022.2/common/technology/autopilot/ap_int_base.h:840 VARIABLE add_ln840_331 LOOP VITIS_LOOP_249_1 BUNDLEDNAME {} DSP 0 BRAM 0 URAM 0 DISPNAME {bind_op add}} {BINDTYPE op ID {} IMPL fabric LATENCY 0 OPTYPE add PRAGMA {} RTLNAME add_ln840_332_fu_12418_p2 SOURCE /tools/Xilinx/Vitis_HLS/2022.2/common/technology/autopilot/ap_int_base.h:840 VARIABLE add_ln840_332 LOOP VITIS_LOOP_249_1 BUNDLEDNAME {} DSP 0 BRAM 0 URAM 0 DISPNAME {bind_op add}} {BINDTYPE op ID {} IMPL fabric LATENCY 0 OPTYPE add PRAGMA {} RTLNAME add_ln840_333_fu_16795_p2 SOURCE /tools/Xilinx/Vitis_HLS/2022.2/common/technology/autopilot/ap_int_base.h:840 VARIABLE add_ln840_333 LOOP VITIS_LOOP_249_1 BUNDLEDNAME {} DSP 0 BRAM 0 URAM 0 DISPNAME {bind_op add}} {BINDTYPE op ID {} IMPL fabric LATENCY 0 OPTYPE add PRAGMA {} RTLNAME add_ln840_334_fu_16805_p2 SOURCE /tools/Xilinx/Vitis_HLS/2022.2/common/technology/autopilot/ap_int_base.h:840 VARIABLE add_ln840_334 LOOP VITIS_LOOP_249_1 BUNDLEDNAME {} DSP 0 BRAM 0 URAM 0 DISPNAME {bind_op add}} {BINDTYPE op ID {} IMPL fabric LATENCY 0 OPTYPE mul PRAGMA yes RTLNAME mul_4s_4ns_8_1_1_U212 SOURCE /tools/Xilinx/Vitis_HLS/2022.2/common/technology/autopilot/ap_int_base.h:1494 VARIABLE ret_V_336 LOOP VITIS_LOOP_249_1 BUNDLEDNAME {} DSP 0 BRAM 0 URAM 0 DISPNAME {bind_op mul}} {BINDTYPE op ID {} IMPL fabric LATENCY 0 OPTYPE mul PRAGMA yes RTLNAME mul_4s_4ns_8_1_1_U213 SOURCE /tools/Xilinx/Vitis_HLS/2022.2/common/technology/autopilot/ap_int_base.h:1494 VARIABLE ret_V_337 LOOP VITIS_LOOP_249_1 BUNDLEDNAME {} DSP 0 BRAM 0 URAM 0 DISPNAME {bind_op mul}} {BINDTYPE op ID {} IMPL fabric LATENCY 0 OPTYPE mul PRAGMA yes RTLNAME mul_4s_4ns_8_1_1_U214 SOURCE /tools/Xilinx/Vitis_HLS/2022.2/common/technology/autopilot/ap_int_base.h:1494 VARIABLE ret_V_338 LOOP VITIS_LOOP_249_1 BUNDLEDNAME {} DSP 0 BRAM 0 URAM 0 DISPNAME {bind_op mul}} {BINDTYPE op ID {} IMPL fabric LATENCY 0 OPTYPE mul PRAGMA yes RTLNAME mul_4s_4ns_8_1_1_U215 SOURCE /tools/Xilinx/Vitis_HLS/2022.2/common/technology/autopilot/ap_int_base.h:1494 VARIABLE ret_V_339 LOOP VITIS_LOOP_249_1 BUNDLEDNAME {} DSP 0 BRAM 0 URAM 0 DISPNAME {bind_op mul}} {BINDTYPE op ID {} IMPL fabric LATENCY 0 OPTYPE mul PRAGMA yes RTLNAME mul_4s_4ns_8_1_1_U448 SOURCE /tools/Xilinx/Vitis_HLS/2022.2/common/technology/autopilot/ap_int_base.h:1494 VARIABLE ret_V_340 LOOP VITIS_LOOP_249_1 BUNDLEDNAME {} DSP 0 BRAM 0 URAM 0 DISPNAME {bind_op mul}} {BINDTYPE op ID {} IMPL fabric LATENCY 0 OPTYPE mul PRAGMA yes RTLNAME mul_4s_4ns_8_1_1_U449 SOURCE /tools/Xilinx/Vitis_HLS/2022.2/common/technology/autopilot/ap_int_base.h:1494 VARIABLE ret_V_341 LOOP VITIS_LOOP_249_1 BUNDLEDNAME {} DSP 0 BRAM 0 URAM 0 DISPNAME {bind_op mul}} {BINDTYPE op ID {} IMPL fabric LATENCY 0 OPTYPE mul PRAGMA yes RTLNAME mul_4s_4ns_8_1_1_U450 SOURCE /tools/Xilinx/Vitis_HLS/2022.2/common/technology/autopilot/ap_int_base.h:1494 VARIABLE ret_V_342 LOOP VITIS_LOOP_249_1 BUNDLEDNAME {} DSP 0 BRAM 0 URAM 0 DISPNAME {bind_op mul}} {BINDTYPE op ID {} IMPL fabric LATENCY 0 OPTYPE mul PRAGMA yes RTLNAME mul_4s_4ns_8_1_1_U216 SOURCE /tools/Xilinx/Vitis_HLS/2022.2/common/technology/autopilot/ap_int_base.h:1494 VARIABLE ret_V_343 LOOP VITIS_LOOP_249_1 BUNDLEDNAME {} DSP 0 BRAM 0 URAM 0 DISPNAME {bind_op mul}} {BINDTYPE op ID {} IMPL fabric LATENCY 0 OPTYPE add PRAGMA {} RTLNAME add_ln840_336_fu_20040_p2 SOURCE /tools/Xilinx/Vitis_HLS/2022.2/common/technology/autopilot/ap_int_base.h:840 VARIABLE add_ln840_336 LOOP VITIS_LOOP_249_1 BUNDLEDNAME {} DSP 0 BRAM 0 URAM 0 DISPNAME {bind_op add}} {BINDTYPE op ID {} IMPL fabric LATENCY 0 OPTYPE add PRAGMA {} RTLNAME add_ln840_337_fu_16849_p2 SOURCE /tools/Xilinx/Vitis_HLS/2022.2/common/technology/autopilot/ap_int_base.h:840 VARIABLE add_ln840_337 LOOP VITIS_LOOP_249_1 BUNDLEDNAME {} DSP 0 BRAM 0 URAM 0 DISPNAME {bind_op add}} {BINDTYPE op ID {} IMPL fabric LATENCY 0 OPTYPE add PRAGMA {} RTLNAME add_ln840_339_fu_12485_p2 SOURCE /tools/Xilinx/Vitis_HLS/2022.2/common/technology/autopilot/ap_int_base.h:840 VARIABLE add_ln840_339 LOOP VITIS_LOOP_249_1 BUNDLEDNAME {} DSP 0 BRAM 0 URAM 0 DISPNAME {bind_op add}} {BINDTYPE op ID {} IMPL fabric LATENCY 0 OPTYPE add PRAGMA {} RTLNAME add_ln840_340_fu_12491_p2 SOURCE /tools/Xilinx/Vitis_HLS/2022.2/common/technology/autopilot/ap_int_base.h:840 VARIABLE add_ln840_340 LOOP VITIS_LOOP_249_1 BUNDLEDNAME {} DSP 0 BRAM 0 URAM 0 DISPNAME {bind_op add}} {BINDTYPE op ID {} IMPL fabric LATENCY 0 OPTYPE add PRAGMA {} RTLNAME add_ln840_341_fu_16861_p2 SOURCE /tools/Xilinx/Vitis_HLS/2022.2/common/technology/autopilot/ap_int_base.h:840 VARIABLE add_ln840_341 LOOP VITIS_LOOP_249_1 BUNDLEDNAME {} DSP 0 BRAM 0 URAM 0 DISPNAME {bind_op add}} {BINDTYPE op ID {} IMPL fabric LATENCY 0 OPTYPE add PRAGMA {} RTLNAME add_ln840_342_fu_16871_p2 SOURCE /tools/Xilinx/Vitis_HLS/2022.2/common/technology/autopilot/ap_int_base.h:840 VARIABLE add_ln840_342 LOOP VITIS_LOOP_249_1 BUNDLEDNAME {} DSP 0 BRAM 0 URAM 0 DISPNAME {bind_op add}} {BINDTYPE op ID {} IMPL fabric LATENCY 0 OPTYPE mul PRAGMA yes RTLNAME mul_4s_4ns_8_1_1_U217 SOURCE /tools/Xilinx/Vitis_HLS/2022.2/common/technology/autopilot/ap_int_base.h:1494 VARIABLE ret_V_344 LOOP VITIS_LOOP_249_1 BUNDLEDNAME {} DSP 0 BRAM 0 URAM 0 DISPNAME {bind_op mul}} {BINDTYPE op ID {} IMPL fabric LATENCY 0 OPTYPE mul PRAGMA yes RTLNAME mul_4s_4ns_8_1_1_U218 SOURCE /tools/Xilinx/Vitis_HLS/2022.2/common/technology/autopilot/ap_int_base.h:1494 VARIABLE ret_V_345 LOOP VITIS_LOOP_249_1 BUNDLEDNAME {} DSP 0 BRAM 0 URAM 0 DISPNAME {bind_op mul}} {BINDTYPE op ID {} IMPL fabric LATENCY 0 OPTYPE mul PRAGMA yes RTLNAME mul_4s_4ns_8_1_1_U219 SOURCE /tools/Xilinx/Vitis_HLS/2022.2/common/technology/autopilot/ap_int_base.h:1494 VARIABLE ret_V_346 LOOP VITIS_LOOP_249_1 BUNDLEDNAME {} DSP 0 BRAM 0 URAM 0 DISPNAME {bind_op mul}} {BINDTYPE op ID {} IMPL fabric LATENCY 0 OPTYPE mul PRAGMA yes RTLNAME mul_4s_4ns_8_1_1_U220 SOURCE /tools/Xilinx/Vitis_HLS/2022.2/common/technology/autopilot/ap_int_base.h:1494 VARIABLE ret_V_347 LOOP VITIS_LOOP_249_1 BUNDLEDNAME {} DSP 0 BRAM 0 URAM 0 DISPNAME {bind_op mul}} {BINDTYPE op ID {} IMPL fabric LATENCY 0 OPTYPE mul PRAGMA yes RTLNAME mul_4s_4ns_8_1_1_U451 SOURCE /tools/Xilinx/Vitis_HLS/2022.2/common/technology/autopilot/ap_int_base.h:1494 VARIABLE ret_V_348 LOOP VITIS_LOOP_249_1 BUNDLEDNAME {} DSP 0 BRAM 0 URAM 0 DISPNAME {bind_op mul}} {BINDTYPE op ID {} IMPL fabric LATENCY 0 OPTYPE mul PRAGMA yes RTLNAME mul_4s_4ns_8_1_1_U452 SOURCE /tools/Xilinx/Vitis_HLS/2022.2/common/technology/autopilot/ap_int_base.h:1494 VARIABLE ret_V_349 LOOP VITIS_LOOP_249_1 BUNDLEDNAME {} DSP 0 BRAM 0 URAM 0 DISPNAME {bind_op mul}} {BINDTYPE op ID {} IMPL fabric LATENCY 0 OPTYPE mul PRAGMA yes RTLNAME mul_4s_4ns_8_1_1_U453 SOURCE /tools/Xilinx/Vitis_HLS/2022.2/common/technology/autopilot/ap_int_base.h:1494 VARIABLE ret_V_350 LOOP VITIS_LOOP_249_1 BUNDLEDNAME {} DSP 0 BRAM 0 URAM 0 DISPNAME {bind_op mul}} {BINDTYPE op ID {} IMPL fabric LATENCY 0 OPTYPE mul PRAGMA yes RTLNAME mul_4s_4ns_8_1_1_U221 SOURCE /tools/Xilinx/Vitis_HLS/2022.2/common/technology/autopilot/ap_int_base.h:1494 VARIABLE ret_V_351 LOOP VITIS_LOOP_249_1 BUNDLEDNAME {} DSP 0 BRAM 0 URAM 0 DISPNAME {bind_op mul}} {BINDTYPE op ID {} IMPL fabric LATENCY 0 OPTYPE add PRAGMA {} RTLNAME add_ln840_344_fu_20067_p2 SOURCE /tools/Xilinx/Vitis_HLS/2022.2/common/technology/autopilot/ap_int_base.h:840 VARIABLE add_ln840_344 LOOP VITIS_LOOP_249_1 BUNDLEDNAME {} DSP 0 BRAM 0 URAM 0 DISPNAME {bind_op add}} {BINDTYPE op ID {} IMPL fabric LATENCY 0 OPTYPE add PRAGMA {} RTLNAME add_ln840_345_fu_16915_p2 SOURCE /tools/Xilinx/Vitis_HLS/2022.2/common/technology/autopilot/ap_int_base.h:840 VARIABLE add_ln840_345 LOOP VITIS_LOOP_249_1 BUNDLEDNAME {} DSP 0 BRAM 0 URAM 0 DISPNAME {bind_op add}} {BINDTYPE op ID {} IMPL fabric LATENCY 0 OPTYPE add PRAGMA {} RTLNAME add_ln840_347_fu_12558_p2 SOURCE /tools/Xilinx/Vitis_HLS/2022.2/common/technology/autopilot/ap_int_base.h:840 VARIABLE add_ln840_347 LOOP VITIS_LOOP_249_1 BUNDLEDNAME {} DSP 0 BRAM 0 URAM 0 DISPNAME {bind_op add}} {BINDTYPE op ID {} IMPL fabric LATENCY 0 OPTYPE add PRAGMA {} RTLNAME add_ln840_348_fu_12564_p2 SOURCE /tools/Xilinx/Vitis_HLS/2022.2/common/technology/autopilot/ap_int_base.h:840 VARIABLE add_ln840_348 LOOP VITIS_LOOP_249_1 BUNDLEDNAME {} DSP 0 BRAM 0 URAM 0 DISPNAME {bind_op add}} {BINDTYPE op ID {} IMPL fabric LATENCY 0 OPTYPE add PRAGMA {} RTLNAME add_ln840_349_fu_16927_p2 SOURCE /tools/Xilinx/Vitis_HLS/2022.2/common/technology/autopilot/ap_int_base.h:840 VARIABLE add_ln840_349 LOOP VITIS_LOOP_249_1 BUNDLEDNAME {} DSP 0 BRAM 0 URAM 0 DISPNAME {bind_op add}} {BINDTYPE op ID {} IMPL fabric LATENCY 0 OPTYPE add PRAGMA {} RTLNAME add_ln840_350_fu_16937_p2 SOURCE /tools/Xilinx/Vitis_HLS/2022.2/common/technology/autopilot/ap_int_base.h:840 VARIABLE add_ln840_350 LOOP VITIS_LOOP_249_1 BUNDLEDNAME {} DSP 0 BRAM 0 URAM 0 DISPNAME {bind_op add}} {BINDTYPE op ID {} IMPL fabric LATENCY 0 OPTYPE mul PRAGMA yes RTLNAME mul_4s_4ns_8_1_1_U222 SOURCE /tools/Xilinx/Vitis_HLS/2022.2/common/technology/autopilot/ap_int_base.h:1494 VARIABLE ret_V_352 LOOP VITIS_LOOP_249_1 BUNDLEDNAME {} DSP 0 BRAM 0 URAM 0 DISPNAME {bind_op mul}} {BINDTYPE op ID {} IMPL fabric LATENCY 0 OPTYPE mul PRAGMA yes RTLNAME mul_4s_4ns_8_1_1_U223 SOURCE /tools/Xilinx/Vitis_HLS/2022.2/common/technology/autopilot/ap_int_base.h:1494 VARIABLE ret_V_353 LOOP VITIS_LOOP_249_1 BUNDLEDNAME {} DSP 0 BRAM 0 URAM 0 DISPNAME {bind_op mul}} {BINDTYPE op ID {} IMPL fabric LATENCY 0 OPTYPE mul PRAGMA yes RTLNAME mul_4s_4ns_8_1_1_U224 SOURCE /tools/Xilinx/Vitis_HLS/2022.2/common/technology/autopilot/ap_int_base.h:1494 VARIABLE ret_V_354 LOOP VITIS_LOOP_249_1 BUNDLEDNAME {} DSP 0 BRAM 0 URAM 0 DISPNAME {bind_op mul}} {BINDTYPE op ID {} IMPL fabric LATENCY 0 OPTYPE mul PRAGMA yes RTLNAME mul_4s_4ns_8_1_1_U225 SOURCE /tools/Xilinx/Vitis_HLS/2022.2/common/technology/autopilot/ap_int_base.h:1494 VARIABLE ret_V_355 LOOP VITIS_LOOP_249_1 BUNDLEDNAME {} DSP 0 BRAM 0 URAM 0 DISPNAME {bind_op mul}} {BINDTYPE op ID {} IMPL fabric LATENCY 0 OPTYPE mul PRAGMA yes RTLNAME mul_4s_4ns_8_1_1_U454 SOURCE /tools/Xilinx/Vitis_HLS/2022.2/common/technology/autopilot/ap_int_base.h:1494 VARIABLE ret_V_356 LOOP VITIS_LOOP_249_1 BUNDLEDNAME {} DSP 0 BRAM 0 URAM 0 DISPNAME {bind_op mul}} {BINDTYPE op ID {} IMPL fabric LATENCY 0 OPTYPE mul PRAGMA yes RTLNAME mul_4s_4ns_8_1_1_U455 SOURCE /tools/Xilinx/Vitis_HLS/2022.2/common/technology/autopilot/ap_int_base.h:1494 VARIABLE ret_V_357 LOOP VITIS_LOOP_249_1 BUNDLEDNAME {} DSP 0 BRAM 0 URAM 0 DISPNAME {bind_op mul}} {BINDTYPE op ID {} IMPL fabric LATENCY 0 OPTYPE mul PRAGMA yes RTLNAME mul_4s_4ns_8_1_1_U456 SOURCE /tools/Xilinx/Vitis_HLS/2022.2/common/technology/autopilot/ap_int_base.h:1494 VARIABLE ret_V_358 LOOP VITIS_LOOP_249_1 BUNDLEDNAME {} DSP 0 BRAM 0 URAM 0 DISPNAME {bind_op mul}} {BINDTYPE op ID {} IMPL fabric LATENCY 0 OPTYPE mul PRAGMA yes RTLNAME mul_4s_4ns_8_1_1_U226 SOURCE /tools/Xilinx/Vitis_HLS/2022.2/common/technology/autopilot/ap_int_base.h:1494 VARIABLE ret_V_359 LOOP VITIS_LOOP_249_1 BUNDLEDNAME {} DSP 0 BRAM 0 URAM 0 DISPNAME {bind_op mul}} {BINDTYPE op ID {} IMPL fabric LATENCY 0 OPTYPE add PRAGMA {} RTLNAME add_ln840_352_fu_20094_p2 SOURCE /tools/Xilinx/Vitis_HLS/2022.2/common/technology/autopilot/ap_int_base.h:840 VARIABLE add_ln840_352 LOOP VITIS_LOOP_249_1 BUNDLEDNAME {} DSP 0 BRAM 0 URAM 0 DISPNAME {bind_op add}} {BINDTYPE op ID {} IMPL fabric LATENCY 0 OPTYPE add PRAGMA {} RTLNAME add_ln840_353_fu_16981_p2 SOURCE /tools/Xilinx/Vitis_HLS/2022.2/common/technology/autopilot/ap_int_base.h:840 VARIABLE add_ln840_353 LOOP VITIS_LOOP_249_1 BUNDLEDNAME {} DSP 0 BRAM 0 URAM 0 DISPNAME {bind_op add}} {BINDTYPE op ID {} IMPL fabric LATENCY 0 OPTYPE add PRAGMA {} RTLNAME add_ln840_355_fu_12631_p2 SOURCE /tools/Xilinx/Vitis_HLS/2022.2/common/technology/autopilot/ap_int_base.h:840 VARIABLE add_ln840_355 LOOP VITIS_LOOP_249_1 BUNDLEDNAME {} DSP 0 BRAM 0 URAM 0 DISPNAME {bind_op add}} {BINDTYPE op ID {} IMPL fabric LATENCY 0 OPTYPE add PRAGMA {} RTLNAME add_ln840_356_fu_12637_p2 SOURCE /tools/Xilinx/Vitis_HLS/2022.2/common/technology/autopilot/ap_int_base.h:840 VARIABLE add_ln840_356 LOOP VITIS_LOOP_249_1 BUNDLEDNAME {} DSP 0 BRAM 0 URAM 0 DISPNAME {bind_op add}} {BINDTYPE op ID {} IMPL fabric LATENCY 0 OPTYPE add PRAGMA {} RTLNAME add_ln840_357_fu_16993_p2 SOURCE /tools/Xilinx/Vitis_HLS/2022.2/common/technology/autopilot/ap_int_base.h:840 VARIABLE add_ln840_357 LOOP VITIS_LOOP_249_1 BUNDLEDNAME {} DSP 0 BRAM 0 URAM 0 DISPNAME {bind_op add}} {BINDTYPE op ID {} IMPL fabric LATENCY 0 OPTYPE add PRAGMA {} RTLNAME add_ln840_358_fu_17003_p2 SOURCE /tools/Xilinx/Vitis_HLS/2022.2/common/technology/autopilot/ap_int_base.h:840 VARIABLE add_ln840_358 LOOP VITIS_LOOP_249_1 BUNDLEDNAME {} DSP 0 BRAM 0 URAM 0 DISPNAME {bind_op add}} {BINDTYPE op ID {} IMPL fabric LATENCY 0 OPTYPE mul PRAGMA yes RTLNAME mul_4s_4ns_8_1_1_U227 SOURCE /tools/Xilinx/Vitis_HLS/2022.2/common/technology/autopilot/ap_int_base.h:1494 VARIABLE ret_V_360 LOOP VITIS_LOOP_249_1 BUNDLEDNAME {} DSP 0 BRAM 0 URAM 0 DISPNAME {bind_op mul}} {BINDTYPE op ID {} IMPL fabric LATENCY 0 OPTYPE mul PRAGMA yes RTLNAME mul_4s_4ns_8_1_1_U228 SOURCE /tools/Xilinx/Vitis_HLS/2022.2/common/technology/autopilot/ap_int_base.h:1494 VARIABLE ret_V_361 LOOP VITIS_LOOP_249_1 BUNDLEDNAME {} DSP 0 BRAM 0 URAM 0 DISPNAME {bind_op mul}} {BINDTYPE op ID {} IMPL fabric LATENCY 0 OPTYPE mul PRAGMA yes RTLNAME mul_4s_4ns_8_1_1_U229 SOURCE /tools/Xilinx/Vitis_HLS/2022.2/common/technology/autopilot/ap_int_base.h:1494 VARIABLE ret_V_362 LOOP VITIS_LOOP_249_1 BUNDLEDNAME {} DSP 0 BRAM 0 URAM 0 DISPNAME {bind_op mul}} {BINDTYPE op ID {} IMPL fabric LATENCY 0 OPTYPE mul PRAGMA yes RTLNAME mul_4s_4ns_8_1_1_U230 SOURCE /tools/Xilinx/Vitis_HLS/2022.2/common/technology/autopilot/ap_int_base.h:1494 VARIABLE ret_V_363 LOOP VITIS_LOOP_249_1 BUNDLEDNAME {} DSP 0 BRAM 0 URAM 0 DISPNAME {bind_op mul}} {BINDTYPE op ID {} IMPL fabric LATENCY 0 OPTYPE mul PRAGMA yes RTLNAME mul_4s_4ns_8_1_1_U457 SOURCE /tools/Xilinx/Vitis_HLS/2022.2/common/technology/autopilot/ap_int_base.h:1494 VARIABLE ret_V_364 LOOP VITIS_LOOP_249_1 BUNDLEDNAME {} DSP 0 BRAM 0 URAM 0 DISPNAME {bind_op mul}} {BINDTYPE op ID {} IMPL fabric LATENCY 0 OPTYPE mul PRAGMA yes RTLNAME mul_4s_4ns_8_1_1_U458 SOURCE /tools/Xilinx/Vitis_HLS/2022.2/common/technology/autopilot/ap_int_base.h:1494 VARIABLE ret_V_365 LOOP VITIS_LOOP_249_1 BUNDLEDNAME {} DSP 0 BRAM 0 URAM 0 DISPNAME {bind_op mul}} {BINDTYPE op ID {} IMPL fabric LATENCY 0 OPTYPE mul PRAGMA yes RTLNAME mul_4s_4ns_8_1_1_U459 SOURCE /tools/Xilinx/Vitis_HLS/2022.2/common/technology/autopilot/ap_int_base.h:1494 VARIABLE ret_V_366 LOOP VITIS_LOOP_249_1 BUNDLEDNAME {} DSP 0 BRAM 0 URAM 0 DISPNAME {bind_op mul}} {BINDTYPE op ID {} IMPL fabric LATENCY 0 OPTYPE mul PRAGMA yes RTLNAME mul_4s_4ns_8_1_1_U231 SOURCE /tools/Xilinx/Vitis_HLS/2022.2/common/technology/autopilot/ap_int_base.h:1494 VARIABLE ret_V_367 LOOP VITIS_LOOP_249_1 BUNDLEDNAME {} DSP 0 BRAM 0 URAM 0 DISPNAME {bind_op mul}} {BINDTYPE op ID {} IMPL fabric LATENCY 0 OPTYPE add PRAGMA {} RTLNAME add_ln840_360_fu_20121_p2 SOURCE /tools/Xilinx/Vitis_HLS/2022.2/common/technology/autopilot/ap_int_base.h:840 VARIABLE add_ln840_360 LOOP VITIS_LOOP_249_1 BUNDLEDNAME {} DSP 0 BRAM 0 URAM 0 DISPNAME {bind_op add}} {BINDTYPE op ID {} IMPL fabric LATENCY 0 OPTYPE add PRAGMA {} RTLNAME add_ln840_361_fu_17047_p2 SOURCE /tools/Xilinx/Vitis_HLS/2022.2/common/technology/autopilot/ap_int_base.h:840 VARIABLE add_ln840_361 LOOP VITIS_LOOP_249_1 BUNDLEDNAME {} DSP 0 BRAM 0 URAM 0 DISPNAME {bind_op add}} {BINDTYPE op ID {} IMPL fabric LATENCY 0 OPTYPE add PRAGMA {} RTLNAME add_ln840_363_fu_12704_p2 SOURCE /tools/Xilinx/Vitis_HLS/2022.2/common/technology/autopilot/ap_int_base.h:840 VARIABLE add_ln840_363 LOOP VITIS_LOOP_249_1 BUNDLEDNAME {} DSP 0 BRAM 0 URAM 0 DISPNAME {bind_op add}} {BINDTYPE op ID {} IMPL fabric LATENCY 0 OPTYPE add PRAGMA {} RTLNAME add_ln840_364_fu_12710_p2 SOURCE /tools/Xilinx/Vitis_HLS/2022.2/common/technology/autopilot/ap_int_base.h:840 VARIABLE add_ln840_364 LOOP VITIS_LOOP_249_1 BUNDLEDNAME {} DSP 0 BRAM 0 URAM 0 DISPNAME {bind_op add}} {BINDTYPE op ID {} IMPL fabric LATENCY 0 OPTYPE add PRAGMA {} RTLNAME add_ln840_365_fu_17059_p2 SOURCE /tools/Xilinx/Vitis_HLS/2022.2/common/technology/autopilot/ap_int_base.h:840 VARIABLE add_ln840_365 LOOP VITIS_LOOP_249_1 BUNDLEDNAME {} DSP 0 BRAM 0 URAM 0 DISPNAME {bind_op add}} {BINDTYPE op ID {} IMPL fabric LATENCY 0 OPTYPE add PRAGMA {} RTLNAME add_ln840_366_fu_17069_p2 SOURCE /tools/Xilinx/Vitis_HLS/2022.2/common/technology/autopilot/ap_int_base.h:840 VARIABLE add_ln840_366 LOOP VITIS_LOOP_249_1 BUNDLEDNAME {} DSP 0 BRAM 0 URAM 0 DISPNAME {bind_op add}} {BINDTYPE op ID {} IMPL fabric LATENCY 0 OPTYPE mul PRAGMA yes RTLNAME mul_4s_4ns_8_1_1_U232 SOURCE /tools/Xilinx/Vitis_HLS/2022.2/common/technology/autopilot/ap_int_base.h:1494 VARIABLE ret_V_368 LOOP VITIS_LOOP_249_1 BUNDLEDNAME {} DSP 0 BRAM 0 URAM 0 DISPNAME {bind_op mul}} {BINDTYPE op ID {} IMPL fabric LATENCY 0 OPTYPE mul PRAGMA yes RTLNAME mul_4s_4ns_8_1_1_U233 SOURCE /tools/Xilinx/Vitis_HLS/2022.2/common/technology/autopilot/ap_int_base.h:1494 VARIABLE ret_V_369 LOOP VITIS_LOOP_249_1 BUNDLEDNAME {} DSP 0 BRAM 0 URAM 0 DISPNAME {bind_op mul}} {BINDTYPE op ID {} IMPL fabric LATENCY 0 OPTYPE mul PRAGMA yes RTLNAME mul_4s_4ns_8_1_1_U234 SOURCE /tools/Xilinx/Vitis_HLS/2022.2/common/technology/autopilot/ap_int_base.h:1494 VARIABLE ret_V_370 LOOP VITIS_LOOP_249_1 BUNDLEDNAME {} DSP 0 BRAM 0 URAM 0 DISPNAME {bind_op mul}} {BINDTYPE op ID {} IMPL fabric LATENCY 0 OPTYPE mul PRAGMA yes RTLNAME mul_4s_4ns_8_1_1_U235 SOURCE /tools/Xilinx/Vitis_HLS/2022.2/common/technology/autopilot/ap_int_base.h:1494 VARIABLE ret_V_371 LOOP VITIS_LOOP_249_1 BUNDLEDNAME {} DSP 0 BRAM 0 URAM 0 DISPNAME {bind_op mul}} {BINDTYPE op ID {} IMPL fabric LATENCY 0 OPTYPE mul PRAGMA yes RTLNAME mul_4s_4ns_8_1_1_U460 SOURCE /tools/Xilinx/Vitis_HLS/2022.2/common/technology/autopilot/ap_int_base.h:1494 VARIABLE ret_V_372 LOOP VITIS_LOOP_249_1 BUNDLEDNAME {} DSP 0 BRAM 0 URAM 0 DISPNAME {bind_op mul}} {BINDTYPE op ID {} IMPL fabric LATENCY 0 OPTYPE mul PRAGMA yes RTLNAME mul_4s_4ns_8_1_1_U461 SOURCE /tools/Xilinx/Vitis_HLS/2022.2/common/technology/autopilot/ap_int_base.h:1494 VARIABLE ret_V_373 LOOP VITIS_LOOP_249_1 BUNDLEDNAME {} DSP 0 BRAM 0 URAM 0 DISPNAME {bind_op mul}} {BINDTYPE op ID {} IMPL fabric LATENCY 0 OPTYPE mul PRAGMA yes RTLNAME mul_4s_4ns_8_1_1_U462 SOURCE /tools/Xilinx/Vitis_HLS/2022.2/common/technology/autopilot/ap_int_base.h:1494 VARIABLE ret_V_374 LOOP VITIS_LOOP_249_1 BUNDLEDNAME {} DSP 0 BRAM 0 URAM 0 DISPNAME {bind_op mul}} {BINDTYPE op ID {} IMPL fabric LATENCY 0 OPTYPE mul PRAGMA yes RTLNAME mul_4s_4ns_8_1_1_U236 SOURCE /tools/Xilinx/Vitis_HLS/2022.2/common/technology/autopilot/ap_int_base.h:1494 VARIABLE ret_V_375 LOOP VITIS_LOOP_249_1 BUNDLEDNAME {} DSP 0 BRAM 0 URAM 0 DISPNAME {bind_op mul}} {BINDTYPE op ID {} IMPL fabric LATENCY 0 OPTYPE add PRAGMA {} RTLNAME add_ln840_368_fu_20148_p2 SOURCE /tools/Xilinx/Vitis_HLS/2022.2/common/technology/autopilot/ap_int_base.h:840 VARIABLE add_ln840_368 LOOP VITIS_LOOP_249_1 BUNDLEDNAME {} DSP 0 BRAM 0 URAM 0 DISPNAME {bind_op add}} {BINDTYPE op ID {} IMPL fabric LATENCY 0 OPTYPE add PRAGMA {} RTLNAME add_ln840_369_fu_17113_p2 SOURCE /tools/Xilinx/Vitis_HLS/2022.2/common/technology/autopilot/ap_int_base.h:840 VARIABLE add_ln840_369 LOOP VITIS_LOOP_249_1 BUNDLEDNAME {} DSP 0 BRAM 0 URAM 0 DISPNAME {bind_op add}} {BINDTYPE op ID {} IMPL fabric LATENCY 0 OPTYPE add PRAGMA {} RTLNAME add_ln840_371_fu_12777_p2 SOURCE /tools/Xilinx/Vitis_HLS/2022.2/common/technology/autopilot/ap_int_base.h:840 VARIABLE add_ln840_371 LOOP VITIS_LOOP_249_1 BUNDLEDNAME {} DSP 0 BRAM 0 URAM 0 DISPNAME {bind_op add}} {BINDTYPE op ID {} IMPL fabric LATENCY 0 OPTYPE add PRAGMA {} RTLNAME add_ln840_372_fu_12783_p2 SOURCE /tools/Xilinx/Vitis_HLS/2022.2/common/technology/autopilot/ap_int_base.h:840 VARIABLE add_ln840_372 LOOP VITIS_LOOP_249_1 BUNDLEDNAME {} DSP 0 BRAM 0 URAM 0 DISPNAME {bind_op add}} {BINDTYPE op ID {} IMPL fabric LATENCY 0 OPTYPE add PRAGMA {} RTLNAME add_ln840_373_fu_17125_p2 SOURCE /tools/Xilinx/Vitis_HLS/2022.2/common/technology/autopilot/ap_int_base.h:840 VARIABLE add_ln840_373 LOOP VITIS_LOOP_249_1 BUNDLEDNAME {} DSP 0 BRAM 0 URAM 0 DISPNAME {bind_op add}} {BINDTYPE op ID {} IMPL fabric LATENCY 0 OPTYPE add PRAGMA {} RTLNAME add_ln840_374_fu_17135_p2 SOURCE /tools/Xilinx/Vitis_HLS/2022.2/common/technology/autopilot/ap_int_base.h:840 VARIABLE add_ln840_374 LOOP VITIS_LOOP_249_1 BUNDLEDNAME {} DSP 0 BRAM 0 URAM 0 DISPNAME {bind_op add}} {BINDTYPE op ID {} IMPL fabric LATENCY 0 OPTYPE mul PRAGMA yes RTLNAME mul_4s_4ns_8_1_1_U237 SOURCE /tools/Xilinx/Vitis_HLS/2022.2/common/technology/autopilot/ap_int_base.h:1494 VARIABLE ret_V_376 LOOP VITIS_LOOP_249_1 BUNDLEDNAME {} DSP 0 BRAM 0 URAM 0 DISPNAME {bind_op mul}} {BINDTYPE op ID {} IMPL fabric LATENCY 0 OPTYPE mul PRAGMA yes RTLNAME mul_4s_4ns_8_1_1_U238 SOURCE /tools/Xilinx/Vitis_HLS/2022.2/common/technology/autopilot/ap_int_base.h:1494 VARIABLE ret_V_377 LOOP VITIS_LOOP_249_1 BUNDLEDNAME {} DSP 0 BRAM 0 URAM 0 DISPNAME {bind_op mul}} {BINDTYPE op ID {} IMPL fabric LATENCY 0 OPTYPE mul PRAGMA yes RTLNAME mul_4s_4ns_8_1_1_U239 SOURCE /tools/Xilinx/Vitis_HLS/2022.2/common/technology/autopilot/ap_int_base.h:1494 VARIABLE ret_V_378 LOOP VITIS_LOOP_249_1 BUNDLEDNAME {} DSP 0 BRAM 0 URAM 0 DISPNAME {bind_op mul}} {BINDTYPE op ID {} IMPL fabric LATENCY 0 OPTYPE mul PRAGMA yes RTLNAME mul_4s_4ns_8_1_1_U240 SOURCE /tools/Xilinx/Vitis_HLS/2022.2/common/technology/autopilot/ap_int_base.h:1494 VARIABLE ret_V_379 LOOP VITIS_LOOP_249_1 BUNDLEDNAME {} DSP 0 BRAM 0 URAM 0 DISPNAME {bind_op mul}} {BINDTYPE op ID {} IMPL fabric LATENCY 0 OPTYPE mul PRAGMA yes RTLNAME mul_4s_4ns_8_1_1_U463 SOURCE /tools/Xilinx/Vitis_HLS/2022.2/common/technology/autopilot/ap_int_base.h:1494 VARIABLE ret_V_380 LOOP VITIS_LOOP_249_1 BUNDLEDNAME {} DSP 0 BRAM 0 URAM 0 DISPNAME {bind_op mul}} {BINDTYPE op ID {} IMPL fabric LATENCY 0 OPTYPE mul PRAGMA yes RTLNAME mul_4s_4ns_8_1_1_U464 SOURCE /tools/Xilinx/Vitis_HLS/2022.2/common/technology/autopilot/ap_int_base.h:1494 VARIABLE ret_V_381 LOOP VITIS_LOOP_249_1 BUNDLEDNAME {} DSP 0 BRAM 0 URAM 0 DISPNAME {bind_op mul}} {BINDTYPE op ID {} IMPL fabric LATENCY 0 OPTYPE mul PRAGMA yes RTLNAME mul_4s_4ns_8_1_1_U465 SOURCE /tools/Xilinx/Vitis_HLS/2022.2/common/technology/autopilot/ap_int_base.h:1494 VARIABLE ret_V_382 LOOP VITIS_LOOP_249_1 BUNDLEDNAME {} DSP 0 BRAM 0 URAM 0 DISPNAME {bind_op mul}} {BINDTYPE op ID {} IMPL fabric LATENCY 0 OPTYPE mul PRAGMA yes RTLNAME mul_4s_4ns_8_1_1_U241 SOURCE /tools/Xilinx/Vitis_HLS/2022.2/common/technology/autopilot/ap_int_base.h:1494 VARIABLE ret_V_383 LOOP VITIS_LOOP_249_1 BUNDLEDNAME {} DSP 0 BRAM 0 URAM 0 DISPNAME {bind_op mul}} {BINDTYPE op ID {} IMPL fabric LATENCY 0 OPTYPE add PRAGMA {} RTLNAME add_ln840_376_fu_20175_p2 SOURCE /tools/Xilinx/Vitis_HLS/2022.2/common/technology/autopilot/ap_int_base.h:840 VARIABLE add_ln840_376 LOOP VITIS_LOOP_249_1 BUNDLEDNAME {} DSP 0 BRAM 0 URAM 0 DISPNAME {bind_op add}} {BINDTYPE op ID {} IMPL fabric LATENCY 0 OPTYPE add PRAGMA {} RTLNAME add_ln840_377_fu_17179_p2 SOURCE /tools/Xilinx/Vitis_HLS/2022.2/common/technology/autopilot/ap_int_base.h:840 VARIABLE add_ln840_377 LOOP VITIS_LOOP_249_1 BUNDLEDNAME {} DSP 0 BRAM 0 URAM 0 DISPNAME {bind_op add}} {BINDTYPE op ID {} IMPL fabric LATENCY 0 OPTYPE add PRAGMA {} RTLNAME add_ln840_379_fu_12850_p2 SOURCE /tools/Xilinx/Vitis_HLS/2022.2/common/technology/autopilot/ap_int_base.h:840 VARIABLE add_ln840_379 LOOP VITIS_LOOP_249_1 BUNDLEDNAME {} DSP 0 BRAM 0 URAM 0 DISPNAME {bind_op add}} {BINDTYPE op ID {} IMPL fabric LATENCY 0 OPTYPE add PRAGMA {} RTLNAME add_ln840_380_fu_12856_p2 SOURCE /tools/Xilinx/Vitis_HLS/2022.2/common/technology/autopilot/ap_int_base.h:840 VARIABLE add_ln840_380 LOOP VITIS_LOOP_249_1 BUNDLEDNAME {} DSP 0 BRAM 0 URAM 0 DISPNAME {bind_op add}} {BINDTYPE op ID {} IMPL fabric LATENCY 0 OPTYPE add PRAGMA {} RTLNAME add_ln840_381_fu_17191_p2 SOURCE /tools/Xilinx/Vitis_HLS/2022.2/common/technology/autopilot/ap_int_base.h:840 VARIABLE add_ln840_381 LOOP VITIS_LOOP_249_1 BUNDLEDNAME {} DSP 0 BRAM 0 URAM 0 DISPNAME {bind_op add}} {BINDTYPE op ID {} IMPL fabric LATENCY 0 OPTYPE add PRAGMA {} RTLNAME add_ln840_382_fu_17201_p2 SOURCE /tools/Xilinx/Vitis_HLS/2022.2/common/technology/autopilot/ap_int_base.h:840 VARIABLE add_ln840_382 LOOP VITIS_LOOP_249_1 BUNDLEDNAME {} DSP 0 BRAM 0 URAM 0 DISPNAME {bind_op add}} {BINDTYPE op ID {} IMPL fabric LATENCY 0 OPTYPE mul PRAGMA yes RTLNAME mul_4s_4ns_8_1_1_U242 SOURCE /tools/Xilinx/Vitis_HLS/2022.2/common/technology/autopilot/ap_int_base.h:1494 VARIABLE ret_V_384 LOOP VITIS_LOOP_249_1 BUNDLEDNAME {} DSP 0 BRAM 0 URAM 0 DISPNAME {bind_op mul}} {BINDTYPE op ID {} IMPL fabric LATENCY 0 OPTYPE mul PRAGMA yes RTLNAME mul_4s_4ns_8_1_1_U243 SOURCE /tools/Xilinx/Vitis_HLS/2022.2/common/technology/autopilot/ap_int_base.h:1494 VARIABLE ret_V_385 LOOP VITIS_LOOP_249_1 BUNDLEDNAME {} DSP 0 BRAM 0 URAM 0 DISPNAME {bind_op mul}} {BINDTYPE op ID {} IMPL fabric LATENCY 0 OPTYPE mul PRAGMA yes RTLNAME mul_4s_4ns_8_1_1_U244 SOURCE /tools/Xilinx/Vitis_HLS/2022.2/common/technology/autopilot/ap_int_base.h:1494 VARIABLE ret_V_386 LOOP VITIS_LOOP_249_1 BUNDLEDNAME {} DSP 0 BRAM 0 URAM 0 DISPNAME {bind_op mul}} {BINDTYPE op ID {} IMPL fabric LATENCY 0 OPTYPE mul PRAGMA yes RTLNAME mul_4s_4ns_8_1_1_U245 SOURCE /tools/Xilinx/Vitis_HLS/2022.2/common/technology/autopilot/ap_int_base.h:1494 VARIABLE ret_V_387 LOOP VITIS_LOOP_249_1 BUNDLEDNAME {} DSP 0 BRAM 0 URAM 0 DISPNAME {bind_op mul}} {BINDTYPE op ID {} IMPL fabric LATENCY 0 OPTYPE mul PRAGMA yes RTLNAME mul_4s_4ns_8_1_1_U466 SOURCE /tools/Xilinx/Vitis_HLS/2022.2/common/technology/autopilot/ap_int_base.h:1494 VARIABLE ret_V_388 LOOP VITIS_LOOP_249_1 BUNDLEDNAME {} DSP 0 BRAM 0 URAM 0 DISPNAME {bind_op mul}} {BINDTYPE op ID {} IMPL fabric LATENCY 0 OPTYPE mul PRAGMA yes RTLNAME mul_4s_4ns_8_1_1_U467 SOURCE /tools/Xilinx/Vitis_HLS/2022.2/common/technology/autopilot/ap_int_base.h:1494 VARIABLE ret_V_389 LOOP VITIS_LOOP_249_1 BUNDLEDNAME {} DSP 0 BRAM 0 URAM 0 DISPNAME {bind_op mul}} {BINDTYPE op ID {} IMPL fabric LATENCY 0 OPTYPE mul PRAGMA yes RTLNAME mul_4s_4ns_8_1_1_U468 SOURCE /tools/Xilinx/Vitis_HLS/2022.2/common/technology/autopilot/ap_int_base.h:1494 VARIABLE ret_V_390 LOOP VITIS_LOOP_249_1 BUNDLEDNAME {} DSP 0 BRAM 0 URAM 0 DISPNAME {bind_op mul}} {BINDTYPE op ID {} IMPL fabric LATENCY 0 OPTYPE mul PRAGMA yes RTLNAME mul_4s_4ns_8_1_1_U246 SOURCE /tools/Xilinx/Vitis_HLS/2022.2/common/technology/autopilot/ap_int_base.h:1494 VARIABLE ret_V_391 LOOP VITIS_LOOP_249_1 BUNDLEDNAME {} DSP 0 BRAM 0 URAM 0 DISPNAME {bind_op mul}} {BINDTYPE op ID {} IMPL fabric LATENCY 0 OPTYPE add PRAGMA {} RTLNAME add_ln840_384_fu_20202_p2 SOURCE /tools/Xilinx/Vitis_HLS/2022.2/common/technology/autopilot/ap_int_base.h:840 VARIABLE add_ln840_384 LOOP VITIS_LOOP_249_1 BUNDLEDNAME {} DSP 0 BRAM 0 URAM 0 DISPNAME {bind_op add}} {BINDTYPE op ID {} IMPL fabric LATENCY 0 OPTYPE add PRAGMA {} RTLNAME add_ln840_385_fu_17245_p2 SOURCE /tools/Xilinx/Vitis_HLS/2022.2/common/technology/autopilot/ap_int_base.h:840 VARIABLE add_ln840_385 LOOP VITIS_LOOP_249_1 BUNDLEDNAME {} DSP 0 BRAM 0 URAM 0 DISPNAME {bind_op add}} {BINDTYPE op ID {} IMPL fabric LATENCY 0 OPTYPE add PRAGMA {} RTLNAME add_ln840_387_fu_12923_p2 SOURCE /tools/Xilinx/Vitis_HLS/2022.2/common/technology/autopilot/ap_int_base.h:840 VARIABLE add_ln840_387 LOOP VITIS_LOOP_249_1 BUNDLEDNAME {} DSP 0 BRAM 0 URAM 0 DISPNAME {bind_op add}} {BINDTYPE op ID {} IMPL fabric LATENCY 0 OPTYPE add PRAGMA {} RTLNAME add_ln840_388_fu_12929_p2 SOURCE /tools/Xilinx/Vitis_HLS/2022.2/common/technology/autopilot/ap_int_base.h:840 VARIABLE add_ln840_388 LOOP VITIS_LOOP_249_1 BUNDLEDNAME {} DSP 0 BRAM 0 URAM 0 DISPNAME {bind_op add}} {BINDTYPE op ID {} IMPL fabric LATENCY 0 OPTYPE add PRAGMA {} RTLNAME add_ln840_389_fu_17257_p2 SOURCE /tools/Xilinx/Vitis_HLS/2022.2/common/technology/autopilot/ap_int_base.h:840 VARIABLE add_ln840_389 LOOP VITIS_LOOP_249_1 BUNDLEDNAME {} DSP 0 BRAM 0 URAM 0 DISPNAME {bind_op add}} {BINDTYPE op ID {} IMPL fabric LATENCY 0 OPTYPE add PRAGMA {} RTLNAME add_ln840_390_fu_17267_p2 SOURCE /tools/Xilinx/Vitis_HLS/2022.2/common/technology/autopilot/ap_int_base.h:840 VARIABLE add_ln840_390 LOOP VITIS_LOOP_249_1 BUNDLEDNAME {} DSP 0 BRAM 0 URAM 0 DISPNAME {bind_op add}} {BINDTYPE op ID {} IMPL fabric LATENCY 0 OPTYPE mul PRAGMA yes RTLNAME mul_4s_4ns_8_1_1_U247 SOURCE /tools/Xilinx/Vitis_HLS/2022.2/common/technology/autopilot/ap_int_base.h:1494 VARIABLE ret_V_392 LOOP VITIS_LOOP_249_1 BUNDLEDNAME {} DSP 0 BRAM 0 URAM 0 DISPNAME {bind_op mul}} {BINDTYPE op ID {} IMPL fabric LATENCY 0 OPTYPE mul PRAGMA yes RTLNAME mul_4s_4ns_8_1_1_U248 SOURCE /tools/Xilinx/Vitis_HLS/2022.2/common/technology/autopilot/ap_int_base.h:1494 VARIABLE ret_V_393 LOOP VITIS_LOOP_249_1 BUNDLEDNAME {} DSP 0 BRAM 0 URAM 0 DISPNAME {bind_op mul}} {BINDTYPE op ID {} IMPL fabric LATENCY 0 OPTYPE mul PRAGMA yes RTLNAME mul_4s_4ns_8_1_1_U249 SOURCE /tools/Xilinx/Vitis_HLS/2022.2/common/technology/autopilot/ap_int_base.h:1494 VARIABLE ret_V_394 LOOP VITIS_LOOP_249_1 BUNDLEDNAME {} DSP 0 BRAM 0 URAM 0 DISPNAME {bind_op mul}} {BINDTYPE op ID {} IMPL fabric LATENCY 0 OPTYPE mul PRAGMA yes RTLNAME mul_4s_4ns_8_1_1_U250 SOURCE /tools/Xilinx/Vitis_HLS/2022.2/common/technology/autopilot/ap_int_base.h:1494 VARIABLE ret_V_395 LOOP VITIS_LOOP_249_1 BUNDLEDNAME {} DSP 0 BRAM 0 URAM 0 DISPNAME {bind_op mul}} {BINDTYPE op ID {} IMPL fabric LATENCY 0 OPTYPE mul PRAGMA yes RTLNAME mul_4s_4ns_8_1_1_U469 SOURCE /tools/Xilinx/Vitis_HLS/2022.2/common/technology/autopilot/ap_int_base.h:1494 VARIABLE ret_V_396 LOOP VITIS_LOOP_249_1 BUNDLEDNAME {} DSP 0 BRAM 0 URAM 0 DISPNAME {bind_op mul}} {BINDTYPE op ID {} IMPL fabric LATENCY 0 OPTYPE mul PRAGMA yes RTLNAME mul_4s_4ns_8_1_1_U470 SOURCE /tools/Xilinx/Vitis_HLS/2022.2/common/technology/autopilot/ap_int_base.h:1494 VARIABLE ret_V_397 LOOP VITIS_LOOP_249_1 BUNDLEDNAME {} DSP 0 BRAM 0 URAM 0 DISPNAME {bind_op mul}} {BINDTYPE op ID {} IMPL fabric LATENCY 0 OPTYPE mul PRAGMA yes RTLNAME mul_4s_4ns_8_1_1_U471 SOURCE /tools/Xilinx/Vitis_HLS/2022.2/common/technology/autopilot/ap_int_base.h:1494 VARIABLE ret_V_398 LOOP VITIS_LOOP_249_1 BUNDLEDNAME {} DSP 0 BRAM 0 URAM 0 DISPNAME {bind_op mul}} {BINDTYPE op ID {} IMPL fabric LATENCY 0 OPTYPE mul PRAGMA yes RTLNAME mul_4s_4ns_8_1_1_U251 SOURCE /tools/Xilinx/Vitis_HLS/2022.2/common/technology/autopilot/ap_int_base.h:1494 VARIABLE ret_V_399 LOOP VITIS_LOOP_249_1 BUNDLEDNAME {} DSP 0 BRAM 0 URAM 0 DISPNAME {bind_op mul}} {BINDTYPE op ID {} IMPL fabric LATENCY 0 OPTYPE add PRAGMA {} RTLNAME add_ln840_392_fu_20229_p2 SOURCE /tools/Xilinx/Vitis_HLS/2022.2/common/technology/autopilot/ap_int_base.h:840 VARIABLE add_ln840_392 LOOP VITIS_LOOP_249_1 BUNDLEDNAME {} DSP 0 BRAM 0 URAM 0 DISPNAME {bind_op add}} {BINDTYPE op ID {} IMPL fabric LATENCY 0 OPTYPE add PRAGMA {} RTLNAME add_ln840_393_fu_17311_p2 SOURCE /tools/Xilinx/Vitis_HLS/2022.2/common/technology/autopilot/ap_int_base.h:840 VARIABLE add_ln840_393 LOOP VITIS_LOOP_249_1 BUNDLEDNAME {} DSP 0 BRAM 0 URAM 0 DISPNAME {bind_op add}} {BINDTYPE op ID {} IMPL fabric LATENCY 0 OPTYPE add PRAGMA {} RTLNAME add_ln840_395_fu_12996_p2 SOURCE /tools/Xilinx/Vitis_HLS/2022.2/common/technology/autopilot/ap_int_base.h:840 VARIABLE add_ln840_395 LOOP VITIS_LOOP_249_1 BUNDLEDNAME {} DSP 0 BRAM 0 URAM 0 DISPNAME {bind_op add}} {BINDTYPE op ID {} IMPL fabric LATENCY 0 OPTYPE add PRAGMA {} RTLNAME add_ln840_396_fu_13002_p2 SOURCE /tools/Xilinx/Vitis_HLS/2022.2/common/technology/autopilot/ap_int_base.h:840 VARIABLE add_ln840_396 LOOP VITIS_LOOP_249_1 BUNDLEDNAME {} DSP 0 BRAM 0 URAM 0 DISPNAME {bind_op add}} {BINDTYPE op ID {} IMPL fabric LATENCY 0 OPTYPE add PRAGMA {} RTLNAME add_ln840_397_fu_17323_p2 SOURCE /tools/Xilinx/Vitis_HLS/2022.2/common/technology/autopilot/ap_int_base.h:840 VARIABLE add_ln840_397 LOOP VITIS_LOOP_249_1 BUNDLEDNAME {} DSP 0 BRAM 0 URAM 0 DISPNAME {bind_op add}} {BINDTYPE op ID {} IMPL fabric LATENCY 0 OPTYPE add PRAGMA {} RTLNAME add_ln840_398_fu_17333_p2 SOURCE /tools/Xilinx/Vitis_HLS/2022.2/common/technology/autopilot/ap_int_base.h:840 VARIABLE add_ln840_398 LOOP VITIS_LOOP_249_1 BUNDLEDNAME {} DSP 0 BRAM 0 URAM 0 DISPNAME {bind_op add}} {BINDTYPE op ID {} IMPL fabric LATENCY 0 OPTYPE mul PRAGMA yes RTLNAME mul_4s_4ns_8_1_1_U252 SOURCE /tools/Xilinx/Vitis_HLS/2022.2/common/technology/autopilot/ap_int_base.h:1494 VARIABLE ret_V_400 LOOP VITIS_LOOP_249_1 BUNDLEDNAME {} DSP 0 BRAM 0 URAM 0 DISPNAME {bind_op mul}} {BINDTYPE op ID {} IMPL fabric LATENCY 0 OPTYPE mul PRAGMA yes RTLNAME mul_4s_4ns_8_1_1_U253 SOURCE /tools/Xilinx/Vitis_HLS/2022.2/common/technology/autopilot/ap_int_base.h:1494 VARIABLE ret_V_401 LOOP VITIS_LOOP_249_1 BUNDLEDNAME {} DSP 0 BRAM 0 URAM 0 DISPNAME {bind_op mul}} {BINDTYPE op ID {} IMPL fabric LATENCY 0 OPTYPE mul PRAGMA yes RTLNAME mul_4s_4ns_8_1_1_U254 SOURCE /tools/Xilinx/Vitis_HLS/2022.2/common/technology/autopilot/ap_int_base.h:1494 VARIABLE ret_V_402 LOOP VITIS_LOOP_249_1 BUNDLEDNAME {} DSP 0 BRAM 0 URAM 0 DISPNAME {bind_op mul}} {BINDTYPE op ID {} IMPL fabric LATENCY 0 OPTYPE mul PRAGMA yes RTLNAME mul_4s_4ns_8_1_1_U255 SOURCE /tools/Xilinx/Vitis_HLS/2022.2/common/technology/autopilot/ap_int_base.h:1494 VARIABLE ret_V_403 LOOP VITIS_LOOP_249_1 BUNDLEDNAME {} DSP 0 BRAM 0 URAM 0 DISPNAME {bind_op mul}} {BINDTYPE op ID {} IMPL fabric LATENCY 0 OPTYPE mul PRAGMA yes RTLNAME mul_4s_4ns_8_1_1_U472 SOURCE /tools/Xilinx/Vitis_HLS/2022.2/common/technology/autopilot/ap_int_base.h:1494 VARIABLE ret_V_404 LOOP VITIS_LOOP_249_1 BUNDLEDNAME {} DSP 0 BRAM 0 URAM 0 DISPNAME {bind_op mul}} {BINDTYPE op ID {} IMPL fabric LATENCY 0 OPTYPE mul PRAGMA yes RTLNAME mul_4s_4ns_8_1_1_U473 SOURCE /tools/Xilinx/Vitis_HLS/2022.2/common/technology/autopilot/ap_int_base.h:1494 VARIABLE ret_V_405 LOOP VITIS_LOOP_249_1 BUNDLEDNAME {} DSP 0 BRAM 0 URAM 0 DISPNAME {bind_op mul}} {BINDTYPE op ID {} IMPL fabric LATENCY 0 OPTYPE mul PRAGMA yes RTLNAME mul_4s_4ns_8_1_1_U474 SOURCE /tools/Xilinx/Vitis_HLS/2022.2/common/technology/autopilot/ap_int_base.h:1494 VARIABLE ret_V_406 LOOP VITIS_LOOP_249_1 BUNDLEDNAME {} DSP 0 BRAM 0 URAM 0 DISPNAME {bind_op mul}} {BINDTYPE op ID {} IMPL fabric LATENCY 0 OPTYPE mul PRAGMA yes RTLNAME mul_4s_4ns_8_1_1_U256 SOURCE /tools/Xilinx/Vitis_HLS/2022.2/common/technology/autopilot/ap_int_base.h:1494 VARIABLE ret_V_407 LOOP VITIS_LOOP_249_1 BUNDLEDNAME {} DSP 0 BRAM 0 URAM 0 DISPNAME {bind_op mul}} {BINDTYPE op ID {} IMPL fabric LATENCY 0 OPTYPE add PRAGMA {} RTLNAME add_ln840_400_fu_20256_p2 SOURCE /tools/Xilinx/Vitis_HLS/2022.2/common/technology/autopilot/ap_int_base.h:840 VARIABLE add_ln840_400 LOOP VITIS_LOOP_249_1 BUNDLEDNAME {} DSP 0 BRAM 0 URAM 0 DISPNAME {bind_op add}} {BINDTYPE op ID {} IMPL fabric LATENCY 0 OPTYPE add PRAGMA {} RTLNAME add_ln840_401_fu_17377_p2 SOURCE /tools/Xilinx/Vitis_HLS/2022.2/common/technology/autopilot/ap_int_base.h:840 VARIABLE add_ln840_401 LOOP VITIS_LOOP_249_1 BUNDLEDNAME {} DSP 0 BRAM 0 URAM 0 DISPNAME {bind_op add}} {BINDTYPE op ID {} IMPL fabric LATENCY 0 OPTYPE add PRAGMA {} RTLNAME add_ln840_403_fu_13069_p2 SOURCE /tools/Xilinx/Vitis_HLS/2022.2/common/technology/autopilot/ap_int_base.h:840 VARIABLE add_ln840_403 LOOP VITIS_LOOP_249_1 BUNDLEDNAME {} DSP 0 BRAM 0 URAM 0 DISPNAME {bind_op add}} {BINDTYPE op ID {} IMPL fabric LATENCY 0 OPTYPE add PRAGMA {} RTLNAME add_ln840_404_fu_13075_p2 SOURCE /tools/Xilinx/Vitis_HLS/2022.2/common/technology/autopilot/ap_int_base.h:840 VARIABLE add_ln840_404 LOOP VITIS_LOOP_249_1 BUNDLEDNAME {} DSP 0 BRAM 0 URAM 0 DISPNAME {bind_op add}} {BINDTYPE op ID {} IMPL fabric LATENCY 0 OPTYPE add PRAGMA {} RTLNAME add_ln840_405_fu_17389_p2 SOURCE /tools/Xilinx/Vitis_HLS/2022.2/common/technology/autopilot/ap_int_base.h:840 VARIABLE add_ln840_405 LOOP VITIS_LOOP_249_1 BUNDLEDNAME {} DSP 0 BRAM 0 URAM 0 DISPNAME {bind_op add}} {BINDTYPE op ID {} IMPL fabric LATENCY 0 OPTYPE add PRAGMA {} RTLNAME add_ln840_406_fu_17399_p2 SOURCE /tools/Xilinx/Vitis_HLS/2022.2/common/technology/autopilot/ap_int_base.h:840 VARIABLE add_ln840_406 LOOP VITIS_LOOP_249_1 BUNDLEDNAME {} DSP 0 BRAM 0 URAM 0 DISPNAME {bind_op add}} {BINDTYPE op ID {} IMPL fabric LATENCY 0 OPTYPE mul PRAGMA yes RTLNAME mul_4s_4ns_8_1_1_U257 SOURCE /tools/Xilinx/Vitis_HLS/2022.2/common/technology/autopilot/ap_int_base.h:1494 VARIABLE ret_V_408 LOOP VITIS_LOOP_249_1 BUNDLEDNAME {} DSP 0 BRAM 0 URAM 0 DISPNAME {bind_op mul}} {BINDTYPE op ID {} IMPL fabric LATENCY 0 OPTYPE mul PRAGMA yes RTLNAME mul_4s_4ns_8_1_1_U258 SOURCE /tools/Xilinx/Vitis_HLS/2022.2/common/technology/autopilot/ap_int_base.h:1494 VARIABLE ret_V_409 LOOP VITIS_LOOP_249_1 BUNDLEDNAME {} DSP 0 BRAM 0 URAM 0 DISPNAME {bind_op mul}} {BINDTYPE op ID {} IMPL fabric LATENCY 0 OPTYPE mul PRAGMA yes RTLNAME mul_4s_4ns_8_1_1_U259 SOURCE /tools/Xilinx/Vitis_HLS/2022.2/common/technology/autopilot/ap_int_base.h:1494 VARIABLE ret_V_410 LOOP VITIS_LOOP_249_1 BUNDLEDNAME {} DSP 0 BRAM 0 URAM 0 DISPNAME {bind_op mul}} {BINDTYPE op ID {} IMPL fabric LATENCY 0 OPTYPE mul PRAGMA yes RTLNAME mul_4s_4ns_8_1_1_U260 SOURCE /tools/Xilinx/Vitis_HLS/2022.2/common/technology/autopilot/ap_int_base.h:1494 VARIABLE ret_V_411 LOOP VITIS_LOOP_249_1 BUNDLEDNAME {} DSP 0 BRAM 0 URAM 0 DISPNAME {bind_op mul}} {BINDTYPE op ID {} IMPL fabric LATENCY 0 OPTYPE mul PRAGMA yes RTLNAME mul_4s_4ns_8_1_1_U475 SOURCE /tools/Xilinx/Vitis_HLS/2022.2/common/technology/autopilot/ap_int_base.h:1494 VARIABLE ret_V_412 LOOP VITIS_LOOP_249_1 BUNDLEDNAME {} DSP 0 BRAM 0 URAM 0 DISPNAME {bind_op mul}} {BINDTYPE op ID {} IMPL fabric LATENCY 0 OPTYPE mul PRAGMA yes RTLNAME mul_4s_4ns_8_1_1_U476 SOURCE /tools/Xilinx/Vitis_HLS/2022.2/common/technology/autopilot/ap_int_base.h:1494 VARIABLE ret_V_413 LOOP VITIS_LOOP_249_1 BUNDLEDNAME {} DSP 0 BRAM 0 URAM 0 DISPNAME {bind_op mul}} {BINDTYPE op ID {} IMPL fabric LATENCY 0 OPTYPE mul PRAGMA yes RTLNAME mul_4s_4ns_8_1_1_U477 SOURCE /tools/Xilinx/Vitis_HLS/2022.2/common/technology/autopilot/ap_int_base.h:1494 VARIABLE ret_V_414 LOOP VITIS_LOOP_249_1 BUNDLEDNAME {} DSP 0 BRAM 0 URAM 0 DISPNAME {bind_op mul}} {BINDTYPE op ID {} IMPL fabric LATENCY 0 OPTYPE mul PRAGMA yes RTLNAME mul_4s_4ns_8_1_1_U261 SOURCE /tools/Xilinx/Vitis_HLS/2022.2/common/technology/autopilot/ap_int_base.h:1494 VARIABLE ret_V_415 LOOP VITIS_LOOP_249_1 BUNDLEDNAME {} DSP 0 BRAM 0 URAM 0 DISPNAME {bind_op mul}} {BINDTYPE op ID {} IMPL fabric LATENCY 0 OPTYPE add PRAGMA {} RTLNAME add_ln840_408_fu_20283_p2 SOURCE /tools/Xilinx/Vitis_HLS/2022.2/common/technology/autopilot/ap_int_base.h:840 VARIABLE add_ln840_408 LOOP VITIS_LOOP_249_1 BUNDLEDNAME {} DSP 0 BRAM 0 URAM 0 DISPNAME {bind_op add}} {BINDTYPE op ID {} IMPL fabric LATENCY 0 OPTYPE add PRAGMA {} RTLNAME add_ln840_409_fu_17443_p2 SOURCE /tools/Xilinx/Vitis_HLS/2022.2/common/technology/autopilot/ap_int_base.h:840 VARIABLE add_ln840_409 LOOP VITIS_LOOP_249_1 BUNDLEDNAME {} DSP 0 BRAM 0 URAM 0 DISPNAME {bind_op add}} {BINDTYPE op ID {} IMPL fabric LATENCY 0 OPTYPE add PRAGMA {} RTLNAME add_ln840_411_fu_13142_p2 SOURCE /tools/Xilinx/Vitis_HLS/2022.2/common/technology/autopilot/ap_int_base.h:840 VARIABLE add_ln840_411 LOOP VITIS_LOOP_249_1 BUNDLEDNAME {} DSP 0 BRAM 0 URAM 0 DISPNAME {bind_op add}} {BINDTYPE op ID {} IMPL fabric LATENCY 0 OPTYPE add PRAGMA {} RTLNAME add_ln840_412_fu_13148_p2 SOURCE /tools/Xilinx/Vitis_HLS/2022.2/common/technology/autopilot/ap_int_base.h:840 VARIABLE add_ln840_412 LOOP VITIS_LOOP_249_1 BUNDLEDNAME {} DSP 0 BRAM 0 URAM 0 DISPNAME {bind_op add}} {BINDTYPE op ID {} IMPL fabric LATENCY 0 OPTYPE add PRAGMA {} RTLNAME add_ln840_413_fu_17455_p2 SOURCE /tools/Xilinx/Vitis_HLS/2022.2/common/technology/autopilot/ap_int_base.h:840 VARIABLE add_ln840_413 LOOP VITIS_LOOP_249_1 BUNDLEDNAME {} DSP 0 BRAM 0 URAM 0 DISPNAME {bind_op add}} {BINDTYPE op ID {} IMPL fabric LATENCY 0 OPTYPE add PRAGMA {} RTLNAME add_ln840_414_fu_17465_p2 SOURCE /tools/Xilinx/Vitis_HLS/2022.2/common/technology/autopilot/ap_int_base.h:840 VARIABLE add_ln840_414 LOOP VITIS_LOOP_249_1 BUNDLEDNAME {} DSP 0 BRAM 0 URAM 0 DISPNAME {bind_op add}} {BINDTYPE op ID {} IMPL fabric LATENCY 0 OPTYPE mul PRAGMA yes RTLNAME mul_4s_4ns_8_1_1_U262 SOURCE /tools/Xilinx/Vitis_HLS/2022.2/common/technology/autopilot/ap_int_base.h:1494 VARIABLE ret_V_416 LOOP VITIS_LOOP_249_1 BUNDLEDNAME {} DSP 0 BRAM 0 URAM 0 DISPNAME {bind_op mul}} {BINDTYPE op ID {} IMPL fabric LATENCY 0 OPTYPE mul PRAGMA yes RTLNAME mul_4s_4ns_8_1_1_U263 SOURCE /tools/Xilinx/Vitis_HLS/2022.2/common/technology/autopilot/ap_int_base.h:1494 VARIABLE ret_V_417 LOOP VITIS_LOOP_249_1 BUNDLEDNAME {} DSP 0 BRAM 0 URAM 0 DISPNAME {bind_op mul}} {BINDTYPE op ID {} IMPL fabric LATENCY 0 OPTYPE mul PRAGMA yes RTLNAME mul_4s_4ns_8_1_1_U264 SOURCE /tools/Xilinx/Vitis_HLS/2022.2/common/technology/autopilot/ap_int_base.h:1494 VARIABLE ret_V_418 LOOP VITIS_LOOP_249_1 BUNDLEDNAME {} DSP 0 BRAM 0 URAM 0 DISPNAME {bind_op mul}} {BINDTYPE op ID {} IMPL fabric LATENCY 0 OPTYPE mul PRAGMA yes RTLNAME mul_4s_4ns_8_1_1_U265 SOURCE /tools/Xilinx/Vitis_HLS/2022.2/common/technology/autopilot/ap_int_base.h:1494 VARIABLE ret_V_419 LOOP VITIS_LOOP_249_1 BUNDLEDNAME {} DSP 0 BRAM 0 URAM 0 DISPNAME {bind_op mul}} {BINDTYPE op ID {} IMPL fabric LATENCY 0 OPTYPE mul PRAGMA yes RTLNAME mul_4s_4ns_8_1_1_U478 SOURCE /tools/Xilinx/Vitis_HLS/2022.2/common/technology/autopilot/ap_int_base.h:1494 VARIABLE ret_V_420 LOOP VITIS_LOOP_249_1 BUNDLEDNAME {} DSP 0 BRAM 0 URAM 0 DISPNAME {bind_op mul}} {BINDTYPE op ID {} IMPL fabric LATENCY 0 OPTYPE mul PRAGMA yes RTLNAME mul_4s_4ns_8_1_1_U479 SOURCE /tools/Xilinx/Vitis_HLS/2022.2/common/technology/autopilot/ap_int_base.h:1494 VARIABLE ret_V_421 LOOP VITIS_LOOP_249_1 BUNDLEDNAME {} DSP 0 BRAM 0 URAM 0 DISPNAME {bind_op mul}} {BINDTYPE op ID {} IMPL fabric LATENCY 0 OPTYPE mul PRAGMA yes RTLNAME mul_4s_4ns_8_1_1_U480 SOURCE /tools/Xilinx/Vitis_HLS/2022.2/common/technology/autopilot/ap_int_base.h:1494 VARIABLE ret_V_422 LOOP VITIS_LOOP_249_1 BUNDLEDNAME {} DSP 0 BRAM 0 URAM 0 DISPNAME {bind_op mul}} {BINDTYPE op ID {} IMPL fabric LATENCY 0 OPTYPE mul PRAGMA yes RTLNAME mul_4s_4ns_8_1_1_U266 SOURCE /tools/Xilinx/Vitis_HLS/2022.2/common/technology/autopilot/ap_int_base.h:1494 VARIABLE ret_V_423 LOOP VITIS_LOOP_249_1 BUNDLEDNAME {} DSP 0 BRAM 0 URAM 0 DISPNAME {bind_op mul}} {BINDTYPE op ID {} IMPL fabric LATENCY 0 OPTYPE add PRAGMA {} RTLNAME add_ln840_416_fu_20310_p2 SOURCE /tools/Xilinx/Vitis_HLS/2022.2/common/technology/autopilot/ap_int_base.h:840 VARIABLE add_ln840_416 LOOP VITIS_LOOP_249_1 BUNDLEDNAME {} DSP 0 BRAM 0 URAM 0 DISPNAME {bind_op add}} {BINDTYPE op ID {} IMPL fabric LATENCY 0 OPTYPE add PRAGMA {} RTLNAME add_ln840_417_fu_17509_p2 SOURCE /tools/Xilinx/Vitis_HLS/2022.2/common/technology/autopilot/ap_int_base.h:840 VARIABLE add_ln840_417 LOOP VITIS_LOOP_249_1 BUNDLEDNAME {} DSP 0 BRAM 0 URAM 0 DISPNAME {bind_op add}} {BINDTYPE op ID {} IMPL fabric LATENCY 0 OPTYPE add PRAGMA {} RTLNAME add_ln840_419_fu_13215_p2 SOURCE /tools/Xilinx/Vitis_HLS/2022.2/common/technology/autopilot/ap_int_base.h:840 VARIABLE add_ln840_419 LOOP VITIS_LOOP_249_1 BUNDLEDNAME {} DSP 0 BRAM 0 URAM 0 DISPNAME {bind_op add}} {BINDTYPE op ID {} IMPL fabric LATENCY 0 OPTYPE add PRAGMA {} RTLNAME add_ln840_420_fu_13221_p2 SOURCE /tools/Xilinx/Vitis_HLS/2022.2/common/technology/autopilot/ap_int_base.h:840 VARIABLE add_ln840_420 LOOP VITIS_LOOP_249_1 BUNDLEDNAME {} DSP 0 BRAM 0 URAM 0 DISPNAME {bind_op add}} {BINDTYPE op ID {} IMPL fabric LATENCY 0 OPTYPE add PRAGMA {} RTLNAME add_ln840_421_fu_17521_p2 SOURCE /tools/Xilinx/Vitis_HLS/2022.2/common/technology/autopilot/ap_int_base.h:840 VARIABLE add_ln840_421 LOOP VITIS_LOOP_249_1 BUNDLEDNAME {} DSP 0 BRAM 0 URAM 0 DISPNAME {bind_op add}} {BINDTYPE op ID {} IMPL fabric LATENCY 0 OPTYPE add PRAGMA {} RTLNAME add_ln840_422_fu_17531_p2 SOURCE /tools/Xilinx/Vitis_HLS/2022.2/common/technology/autopilot/ap_int_base.h:840 VARIABLE add_ln840_422 LOOP VITIS_LOOP_249_1 BUNDLEDNAME {} DSP 0 BRAM 0 URAM 0 DISPNAME {bind_op add}} {BINDTYPE op ID {} IMPL fabric LATENCY 0 OPTYPE mul PRAGMA yes RTLNAME mul_4s_4ns_8_1_1_U267 SOURCE /tools/Xilinx/Vitis_HLS/2022.2/common/technology/autopilot/ap_int_base.h:1494 VARIABLE ret_V_424 LOOP VITIS_LOOP_249_1 BUNDLEDNAME {} DSP 0 BRAM 0 URAM 0 DISPNAME {bind_op mul}} {BINDTYPE op ID {} IMPL fabric LATENCY 0 OPTYPE mul PRAGMA yes RTLNAME mul_4s_4ns_8_1_1_U268 SOURCE /tools/Xilinx/Vitis_HLS/2022.2/common/technology/autopilot/ap_int_base.h:1494 VARIABLE ret_V_425 LOOP VITIS_LOOP_249_1 BUNDLEDNAME {} DSP 0 BRAM 0 URAM 0 DISPNAME {bind_op mul}} {BINDTYPE op ID {} IMPL fabric LATENCY 0 OPTYPE mul PRAGMA yes RTLNAME mul_4s_4ns_8_1_1_U269 SOURCE /tools/Xilinx/Vitis_HLS/2022.2/common/technology/autopilot/ap_int_base.h:1494 VARIABLE ret_V_426 LOOP VITIS_LOOP_249_1 BUNDLEDNAME {} DSP 0 BRAM 0 URAM 0 DISPNAME {bind_op mul}} {BINDTYPE op ID {} IMPL fabric LATENCY 0 OPTYPE mul PRAGMA yes RTLNAME mul_4s_4ns_8_1_1_U270 SOURCE /tools/Xilinx/Vitis_HLS/2022.2/common/technology/autopilot/ap_int_base.h:1494 VARIABLE ret_V_427 LOOP VITIS_LOOP_249_1 BUNDLEDNAME {} DSP 0 BRAM 0 URAM 0 DISPNAME {bind_op mul}} {BINDTYPE op ID {} IMPL fabric LATENCY 0 OPTYPE mul PRAGMA yes RTLNAME mul_4s_4ns_8_1_1_U481 SOURCE /tools/Xilinx/Vitis_HLS/2022.2/common/technology/autopilot/ap_int_base.h:1494 VARIABLE ret_V_428 LOOP VITIS_LOOP_249_1 BUNDLEDNAME {} DSP 0 BRAM 0 URAM 0 DISPNAME {bind_op mul}} {BINDTYPE op ID {} IMPL fabric LATENCY 0 OPTYPE mul PRAGMA yes RTLNAME mul_4s_4ns_8_1_1_U482 SOURCE /tools/Xilinx/Vitis_HLS/2022.2/common/technology/autopilot/ap_int_base.h:1494 VARIABLE ret_V_429 LOOP VITIS_LOOP_249_1 BUNDLEDNAME {} DSP 0 BRAM 0 URAM 0 DISPNAME {bind_op mul}} {BINDTYPE op ID {} IMPL fabric LATENCY 0 OPTYPE mul PRAGMA yes RTLNAME mul_4s_4ns_8_1_1_U483 SOURCE /tools/Xilinx/Vitis_HLS/2022.2/common/technology/autopilot/ap_int_base.h:1494 VARIABLE ret_V_430 LOOP VITIS_LOOP_249_1 BUNDLEDNAME {} DSP 0 BRAM 0 URAM 0 DISPNAME {bind_op mul}} {BINDTYPE op ID {} IMPL fabric LATENCY 0 OPTYPE mul PRAGMA yes RTLNAME mul_4s_4ns_8_1_1_U271 SOURCE /tools/Xilinx/Vitis_HLS/2022.2/common/technology/autopilot/ap_int_base.h:1494 VARIABLE ret_V_431 LOOP VITIS_LOOP_249_1 BUNDLEDNAME {} DSP 0 BRAM 0 URAM 0 DISPNAME {bind_op mul}} {BINDTYPE op ID {} IMPL fabric LATENCY 0 OPTYPE add PRAGMA {} RTLNAME add_ln840_424_fu_20337_p2 SOURCE /tools/Xilinx/Vitis_HLS/2022.2/common/technology/autopilot/ap_int_base.h:840 VARIABLE add_ln840_424 LOOP VITIS_LOOP_249_1 BUNDLEDNAME {} DSP 0 BRAM 0 URAM 0 DISPNAME {bind_op add}} {BINDTYPE op ID {} IMPL fabric LATENCY 0 OPTYPE add PRAGMA {} RTLNAME add_ln840_425_fu_17575_p2 SOURCE /tools/Xilinx/Vitis_HLS/2022.2/common/technology/autopilot/ap_int_base.h:840 VARIABLE add_ln840_425 LOOP VITIS_LOOP_249_1 BUNDLEDNAME {} DSP 0 BRAM 0 URAM 0 DISPNAME {bind_op add}} {BINDTYPE op ID {} IMPL fabric LATENCY 0 OPTYPE add PRAGMA {} RTLNAME add_ln840_427_fu_13288_p2 SOURCE /tools/Xilinx/Vitis_HLS/2022.2/common/technology/autopilot/ap_int_base.h:840 VARIABLE add_ln840_427 LOOP VITIS_LOOP_249_1 BUNDLEDNAME {} DSP 0 BRAM 0 URAM 0 DISPNAME {bind_op add}} {BINDTYPE op ID {} IMPL fabric LATENCY 0 OPTYPE add PRAGMA {} RTLNAME add_ln840_428_fu_13294_p2 SOURCE /tools/Xilinx/Vitis_HLS/2022.2/common/technology/autopilot/ap_int_base.h:840 VARIABLE add_ln840_428 LOOP VITIS_LOOP_249_1 BUNDLEDNAME {} DSP 0 BRAM 0 URAM 0 DISPNAME {bind_op add}} {BINDTYPE op ID {} IMPL fabric LATENCY 0 OPTYPE add PRAGMA {} RTLNAME add_ln840_429_fu_17587_p2 SOURCE /tools/Xilinx/Vitis_HLS/2022.2/common/technology/autopilot/ap_int_base.h:840 VARIABLE add_ln840_429 LOOP VITIS_LOOP_249_1 BUNDLEDNAME {} DSP 0 BRAM 0 URAM 0 DISPNAME {bind_op add}} {BINDTYPE op ID {} IMPL fabric LATENCY 0 OPTYPE add PRAGMA {} RTLNAME add_ln840_430_fu_17597_p2 SOURCE /tools/Xilinx/Vitis_HLS/2022.2/common/technology/autopilot/ap_int_base.h:840 VARIABLE add_ln840_430 LOOP VITIS_LOOP_249_1 BUNDLEDNAME {} DSP 0 BRAM 0 URAM 0 DISPNAME {bind_op add}} {BINDTYPE op ID {} IMPL fabric LATENCY 0 OPTYPE mul PRAGMA yes RTLNAME mul_4s_4ns_8_1_1_U272 SOURCE /tools/Xilinx/Vitis_HLS/2022.2/common/technology/autopilot/ap_int_base.h:1494 VARIABLE ret_V_432 LOOP VITIS_LOOP_249_1 BUNDLEDNAME {} DSP 0 BRAM 0 URAM 0 DISPNAME {bind_op mul}} {BINDTYPE op ID {} IMPL fabric LATENCY 0 OPTYPE mul PRAGMA yes RTLNAME mul_4s_4ns_8_1_1_U273 SOURCE /tools/Xilinx/Vitis_HLS/2022.2/common/technology/autopilot/ap_int_base.h:1494 VARIABLE ret_V_433 LOOP VITIS_LOOP_249_1 BUNDLEDNAME {} DSP 0 BRAM 0 URAM 0 DISPNAME {bind_op mul}} {BINDTYPE op ID {} IMPL fabric LATENCY 0 OPTYPE mul PRAGMA yes RTLNAME mul_4s_4ns_8_1_1_U274 SOURCE /tools/Xilinx/Vitis_HLS/2022.2/common/technology/autopilot/ap_int_base.h:1494 VARIABLE ret_V_434 LOOP VITIS_LOOP_249_1 BUNDLEDNAME {} DSP 0 BRAM 0 URAM 0 DISPNAME {bind_op mul}} {BINDTYPE op ID {} IMPL fabric LATENCY 0 OPTYPE mul PRAGMA yes RTLNAME mul_4s_4ns_8_1_1_U275 SOURCE /tools/Xilinx/Vitis_HLS/2022.2/common/technology/autopilot/ap_int_base.h:1494 VARIABLE ret_V_435 LOOP VITIS_LOOP_249_1 BUNDLEDNAME {} DSP 0 BRAM 0 URAM 0 DISPNAME {bind_op mul}} {BINDTYPE op ID {} IMPL fabric LATENCY 0 OPTYPE mul PRAGMA yes RTLNAME mul_4s_4ns_8_1_1_U484 SOURCE /tools/Xilinx/Vitis_HLS/2022.2/common/technology/autopilot/ap_int_base.h:1494 VARIABLE ret_V_436 LOOP VITIS_LOOP_249_1 BUNDLEDNAME {} DSP 0 BRAM 0 URAM 0 DISPNAME {bind_op mul}} {BINDTYPE op ID {} IMPL fabric LATENCY 0 OPTYPE mul PRAGMA yes RTLNAME mul_4s_4ns_8_1_1_U485 SOURCE /tools/Xilinx/Vitis_HLS/2022.2/common/technology/autopilot/ap_int_base.h:1494 VARIABLE ret_V_437 LOOP VITIS_LOOP_249_1 BUNDLEDNAME {} DSP 0 BRAM 0 URAM 0 DISPNAME {bind_op mul}} {BINDTYPE op ID {} IMPL fabric LATENCY 0 OPTYPE mul PRAGMA yes RTLNAME mul_4s_4ns_8_1_1_U486 SOURCE /tools/Xilinx/Vitis_HLS/2022.2/common/technology/autopilot/ap_int_base.h:1494 VARIABLE ret_V_438 LOOP VITIS_LOOP_249_1 BUNDLEDNAME {} DSP 0 BRAM 0 URAM 0 DISPNAME {bind_op mul}} {BINDTYPE op ID {} IMPL fabric LATENCY 0 OPTYPE mul PRAGMA yes RTLNAME mul_4s_4ns_8_1_1_U276 SOURCE /tools/Xilinx/Vitis_HLS/2022.2/common/technology/autopilot/ap_int_base.h:1494 VARIABLE ret_V_439 LOOP VITIS_LOOP_249_1 BUNDLEDNAME {} DSP 0 BRAM 0 URAM 0 DISPNAME {bind_op mul}} {BINDTYPE op ID {} IMPL fabric LATENCY 0 OPTYPE add PRAGMA {} RTLNAME add_ln840_432_fu_20364_p2 SOURCE /tools/Xilinx/Vitis_HLS/2022.2/common/technology/autopilot/ap_int_base.h:840 VARIABLE add_ln840_432 LOOP VITIS_LOOP_249_1 BUNDLEDNAME {} DSP 0 BRAM 0 URAM 0 DISPNAME {bind_op add}} {BINDTYPE op ID {} IMPL fabric LATENCY 0 OPTYPE add PRAGMA {} RTLNAME add_ln840_433_fu_17641_p2 SOURCE /tools/Xilinx/Vitis_HLS/2022.2/common/technology/autopilot/ap_int_base.h:840 VARIABLE add_ln840_433 LOOP VITIS_LOOP_249_1 BUNDLEDNAME {} DSP 0 BRAM 0 URAM 0 DISPNAME {bind_op add}} {BINDTYPE op ID {} IMPL fabric LATENCY 0 OPTYPE add PRAGMA {} RTLNAME add_ln840_435_fu_13361_p2 SOURCE /tools/Xilinx/Vitis_HLS/2022.2/common/technology/autopilot/ap_int_base.h:840 VARIABLE add_ln840_435 LOOP VITIS_LOOP_249_1 BUNDLEDNAME {} DSP 0 BRAM 0 URAM 0 DISPNAME {bind_op add}} {BINDTYPE op ID {} IMPL fabric LATENCY 0 OPTYPE add PRAGMA {} RTLNAME add_ln840_436_fu_13367_p2 SOURCE /tools/Xilinx/Vitis_HLS/2022.2/common/technology/autopilot/ap_int_base.h:840 VARIABLE add_ln840_436 LOOP VITIS_LOOP_249_1 BUNDLEDNAME {} DSP 0 BRAM 0 URAM 0 DISPNAME {bind_op add}} {BINDTYPE op ID {} IMPL fabric LATENCY 0 OPTYPE add PRAGMA {} RTLNAME add_ln840_437_fu_17653_p2 SOURCE /tools/Xilinx/Vitis_HLS/2022.2/common/technology/autopilot/ap_int_base.h:840 VARIABLE add_ln840_437 LOOP VITIS_LOOP_249_1 BUNDLEDNAME {} DSP 0 BRAM 0 URAM 0 DISPNAME {bind_op add}} {BINDTYPE op ID {} IMPL fabric LATENCY 0 OPTYPE add PRAGMA {} RTLNAME add_ln840_438_fu_17663_p2 SOURCE /tools/Xilinx/Vitis_HLS/2022.2/common/technology/autopilot/ap_int_base.h:840 VARIABLE add_ln840_438 LOOP VITIS_LOOP_249_1 BUNDLEDNAME {} DSP 0 BRAM 0 URAM 0 DISPNAME {bind_op add}} {BINDTYPE op ID {} IMPL fabric LATENCY 0 OPTYPE mul PRAGMA yes RTLNAME mul_4s_4ns_8_1_1_U277 SOURCE /tools/Xilinx/Vitis_HLS/2022.2/common/technology/autopilot/ap_int_base.h:1494 VARIABLE ret_V_440 LOOP VITIS_LOOP_249_1 BUNDLEDNAME {} DSP 0 BRAM 0 URAM 0 DISPNAME {bind_op mul}} {BINDTYPE op ID {} IMPL fabric LATENCY 0 OPTYPE mul PRAGMA yes RTLNAME mul_4s_4ns_8_1_1_U278 SOURCE /tools/Xilinx/Vitis_HLS/2022.2/common/technology/autopilot/ap_int_base.h:1494 VARIABLE ret_V_441 LOOP VITIS_LOOP_249_1 BUNDLEDNAME {} DSP 0 BRAM 0 URAM 0 DISPNAME {bind_op mul}} {BINDTYPE op ID {} IMPL fabric LATENCY 0 OPTYPE mul PRAGMA yes RTLNAME mul_4s_4ns_8_1_1_U279 SOURCE /tools/Xilinx/Vitis_HLS/2022.2/common/technology/autopilot/ap_int_base.h:1494 VARIABLE ret_V_442 LOOP VITIS_LOOP_249_1 BUNDLEDNAME {} DSP 0 BRAM 0 URAM 0 DISPNAME {bind_op mul}} {BINDTYPE op ID {} IMPL fabric LATENCY 0 OPTYPE mul PRAGMA yes RTLNAME mul_4s_4ns_8_1_1_U280 SOURCE /tools/Xilinx/Vitis_HLS/2022.2/common/technology/autopilot/ap_int_base.h:1494 VARIABLE ret_V_443 LOOP VITIS_LOOP_249_1 BUNDLEDNAME {} DSP 0 BRAM 0 URAM 0 DISPNAME {bind_op mul}} {BINDTYPE op ID {} IMPL fabric LATENCY 0 OPTYPE mul PRAGMA yes RTLNAME mul_4s_4ns_8_1_1_U487 SOURCE /tools/Xilinx/Vitis_HLS/2022.2/common/technology/autopilot/ap_int_base.h:1494 VARIABLE ret_V_444 LOOP VITIS_LOOP_249_1 BUNDLEDNAME {} DSP 0 BRAM 0 URAM 0 DISPNAME {bind_op mul}} {BINDTYPE op ID {} IMPL fabric LATENCY 0 OPTYPE mul PRAGMA yes RTLNAME mul_4s_4ns_8_1_1_U488 SOURCE /tools/Xilinx/Vitis_HLS/2022.2/common/technology/autopilot/ap_int_base.h:1494 VARIABLE ret_V_445 LOOP VITIS_LOOP_249_1 BUNDLEDNAME {} DSP 0 BRAM 0 URAM 0 DISPNAME {bind_op mul}} {BINDTYPE op ID {} IMPL fabric LATENCY 0 OPTYPE mul PRAGMA yes RTLNAME mul_4s_4ns_8_1_1_U489 SOURCE /tools/Xilinx/Vitis_HLS/2022.2/common/technology/autopilot/ap_int_base.h:1494 VARIABLE ret_V_446 LOOP VITIS_LOOP_249_1 BUNDLEDNAME {} DSP 0 BRAM 0 URAM 0 DISPNAME {bind_op mul}} {BINDTYPE op ID {} IMPL fabric LATENCY 0 OPTYPE mul PRAGMA yes RTLNAME mul_4s_4ns_8_1_1_U281 SOURCE /tools/Xilinx/Vitis_HLS/2022.2/common/technology/autopilot/ap_int_base.h:1494 VARIABLE ret_V_447 LOOP VITIS_LOOP_249_1 BUNDLEDNAME {} DSP 0 BRAM 0 URAM 0 DISPNAME {bind_op mul}} {BINDTYPE op ID {} IMPL fabric LATENCY 0 OPTYPE add PRAGMA {} RTLNAME add_ln840_440_fu_20391_p2 SOURCE /tools/Xilinx/Vitis_HLS/2022.2/common/technology/autopilot/ap_int_base.h:840 VARIABLE add_ln840_440 LOOP VITIS_LOOP_249_1 BUNDLEDNAME {} DSP 0 BRAM 0 URAM 0 DISPNAME {bind_op add}} {BINDTYPE op ID {} IMPL fabric LATENCY 0 OPTYPE add PRAGMA {} RTLNAME add_ln840_441_fu_17707_p2 SOURCE /tools/Xilinx/Vitis_HLS/2022.2/common/technology/autopilot/ap_int_base.h:840 VARIABLE add_ln840_441 LOOP VITIS_LOOP_249_1 BUNDLEDNAME {} DSP 0 BRAM 0 URAM 0 DISPNAME {bind_op add}} {BINDTYPE op ID {} IMPL fabric LATENCY 0 OPTYPE add PRAGMA {} RTLNAME add_ln840_443_fu_13434_p2 SOURCE /tools/Xilinx/Vitis_HLS/2022.2/common/technology/autopilot/ap_int_base.h:840 VARIABLE add_ln840_443 LOOP VITIS_LOOP_249_1 BUNDLEDNAME {} DSP 0 BRAM 0 URAM 0 DISPNAME {bind_op add}} {BINDTYPE op ID {} IMPL fabric LATENCY 0 OPTYPE add PRAGMA {} RTLNAME add_ln840_444_fu_13440_p2 SOURCE /tools/Xilinx/Vitis_HLS/2022.2/common/technology/autopilot/ap_int_base.h:840 VARIABLE add_ln840_444 LOOP VITIS_LOOP_249_1 BUNDLEDNAME {} DSP 0 BRAM 0 URAM 0 DISPNAME {bind_op add}} {BINDTYPE op ID {} IMPL fabric LATENCY 0 OPTYPE add PRAGMA {} RTLNAME add_ln840_445_fu_17719_p2 SOURCE /tools/Xilinx/Vitis_HLS/2022.2/common/technology/autopilot/ap_int_base.h:840 VARIABLE add_ln840_445 LOOP VITIS_LOOP_249_1 BUNDLEDNAME {} DSP 0 BRAM 0 URAM 0 DISPNAME {bind_op add}} {BINDTYPE op ID {} IMPL fabric LATENCY 0 OPTYPE add PRAGMA {} RTLNAME add_ln840_446_fu_17729_p2 SOURCE /tools/Xilinx/Vitis_HLS/2022.2/common/technology/autopilot/ap_int_base.h:840 VARIABLE add_ln840_446 LOOP VITIS_LOOP_249_1 BUNDLEDNAME {} DSP 0 BRAM 0 URAM 0 DISPNAME {bind_op add}} {BINDTYPE op ID {} IMPL fabric LATENCY 0 OPTYPE mul PRAGMA yes RTLNAME mul_4s_4ns_8_1_1_U282 SOURCE /tools/Xilinx/Vitis_HLS/2022.2/common/technology/autopilot/ap_int_base.h:1494 VARIABLE ret_V_448 LOOP VITIS_LOOP_249_1 BUNDLEDNAME {} DSP 0 BRAM 0 URAM 0 DISPNAME {bind_op mul}} {BINDTYPE op ID {} IMPL fabric LATENCY 0 OPTYPE mul PRAGMA yes RTLNAME mul_4s_4ns_8_1_1_U283 SOURCE /tools/Xilinx/Vitis_HLS/2022.2/common/technology/autopilot/ap_int_base.h:1494 VARIABLE ret_V_449 LOOP VITIS_LOOP_249_1 BUNDLEDNAME {} DSP 0 BRAM 0 URAM 0 DISPNAME {bind_op mul}} {BINDTYPE op ID {} IMPL fabric LATENCY 0 OPTYPE mul PRAGMA yes RTLNAME mul_4s_4ns_8_1_1_U284 SOURCE /tools/Xilinx/Vitis_HLS/2022.2/common/technology/autopilot/ap_int_base.h:1494 VARIABLE ret_V_450 LOOP VITIS_LOOP_249_1 BUNDLEDNAME {} DSP 0 BRAM 0 URAM 0 DISPNAME {bind_op mul}} {BINDTYPE op ID {} IMPL fabric LATENCY 0 OPTYPE mul PRAGMA yes RTLNAME mul_4s_4ns_8_1_1_U285 SOURCE /tools/Xilinx/Vitis_HLS/2022.2/common/technology/autopilot/ap_int_base.h:1494 VARIABLE ret_V_451 LOOP VITIS_LOOP_249_1 BUNDLEDNAME {} DSP 0 BRAM 0 URAM 0 DISPNAME {bind_op mul}} {BINDTYPE op ID {} IMPL fabric LATENCY 0 OPTYPE mul PRAGMA yes RTLNAME mul_4s_4ns_8_1_1_U490 SOURCE /tools/Xilinx/Vitis_HLS/2022.2/common/technology/autopilot/ap_int_base.h:1494 VARIABLE ret_V_452 LOOP VITIS_LOOP_249_1 BUNDLEDNAME {} DSP 0 BRAM 0 URAM 0 DISPNAME {bind_op mul}} {BINDTYPE op ID {} IMPL fabric LATENCY 0 OPTYPE mul PRAGMA yes RTLNAME mul_4s_4ns_8_1_1_U491 SOURCE /tools/Xilinx/Vitis_HLS/2022.2/common/technology/autopilot/ap_int_base.h:1494 VARIABLE ret_V_453 LOOP VITIS_LOOP_249_1 BUNDLEDNAME {} DSP 0 BRAM 0 URAM 0 DISPNAME {bind_op mul}} {BINDTYPE op ID {} IMPL fabric LATENCY 0 OPTYPE mul PRAGMA yes RTLNAME mul_4s_4ns_8_1_1_U492 SOURCE /tools/Xilinx/Vitis_HLS/2022.2/common/technology/autopilot/ap_int_base.h:1494 VARIABLE ret_V_454 LOOP VITIS_LOOP_249_1 BUNDLEDNAME {} DSP 0 BRAM 0 URAM 0 DISPNAME {bind_op mul}} {BINDTYPE op ID {} IMPL fabric LATENCY 0 OPTYPE mul PRAGMA yes RTLNAME mul_4s_4ns_8_1_1_U286 SOURCE /tools/Xilinx/Vitis_HLS/2022.2/common/technology/autopilot/ap_int_base.h:1494 VARIABLE ret_V_455 LOOP VITIS_LOOP_249_1 BUNDLEDNAME {} DSP 0 BRAM 0 URAM 0 DISPNAME {bind_op mul}} {BINDTYPE op ID {} IMPL fabric LATENCY 0 OPTYPE add PRAGMA {} RTLNAME add_ln840_448_fu_20418_p2 SOURCE /tools/Xilinx/Vitis_HLS/2022.2/common/technology/autopilot/ap_int_base.h:840 VARIABLE add_ln840_448 LOOP VITIS_LOOP_249_1 BUNDLEDNAME {} DSP 0 BRAM 0 URAM 0 DISPNAME {bind_op add}} {BINDTYPE op ID {} IMPL fabric LATENCY 0 OPTYPE add PRAGMA {} RTLNAME add_ln840_449_fu_17773_p2 SOURCE /tools/Xilinx/Vitis_HLS/2022.2/common/technology/autopilot/ap_int_base.h:840 VARIABLE add_ln840_449 LOOP VITIS_LOOP_249_1 BUNDLEDNAME {} DSP 0 BRAM 0 URAM 0 DISPNAME {bind_op add}} {BINDTYPE op ID {} IMPL fabric LATENCY 0 OPTYPE add PRAGMA {} RTLNAME add_ln840_451_fu_13507_p2 SOURCE /tools/Xilinx/Vitis_HLS/2022.2/common/technology/autopilot/ap_int_base.h:840 VARIABLE add_ln840_451 LOOP VITIS_LOOP_249_1 BUNDLEDNAME {} DSP 0 BRAM 0 URAM 0 DISPNAME {bind_op add}} {BINDTYPE op ID {} IMPL fabric LATENCY 0 OPTYPE add PRAGMA {} RTLNAME add_ln840_452_fu_13513_p2 SOURCE /tools/Xilinx/Vitis_HLS/2022.2/common/technology/autopilot/ap_int_base.h:840 VARIABLE add_ln840_452 LOOP VITIS_LOOP_249_1 BUNDLEDNAME {} DSP 0 BRAM 0 URAM 0 DISPNAME {bind_op add}} {BINDTYPE op ID {} IMPL fabric LATENCY 0 OPTYPE add PRAGMA {} RTLNAME add_ln840_453_fu_17785_p2 SOURCE /tools/Xilinx/Vitis_HLS/2022.2/common/technology/autopilot/ap_int_base.h:840 VARIABLE add_ln840_453 LOOP VITIS_LOOP_249_1 BUNDLEDNAME {} DSP 0 BRAM 0 URAM 0 DISPNAME {bind_op add}} {BINDTYPE op ID {} IMPL fabric LATENCY 0 OPTYPE add PRAGMA {} RTLNAME add_ln840_454_fu_17795_p2 SOURCE /tools/Xilinx/Vitis_HLS/2022.2/common/technology/autopilot/ap_int_base.h:840 VARIABLE add_ln840_454 LOOP VITIS_LOOP_249_1 BUNDLEDNAME {} DSP 0 BRAM 0 URAM 0 DISPNAME {bind_op add}} {BINDTYPE op ID {} IMPL fabric LATENCY 0 OPTYPE mul PRAGMA yes RTLNAME mul_4s_4ns_8_1_1_U287 SOURCE /tools/Xilinx/Vitis_HLS/2022.2/common/technology/autopilot/ap_int_base.h:1494 VARIABLE ret_V_456 LOOP VITIS_LOOP_249_1 BUNDLEDNAME {} DSP 0 BRAM 0 URAM 0 DISPNAME {bind_op mul}} {BINDTYPE op ID {} IMPL fabric LATENCY 0 OPTYPE mul PRAGMA yes RTLNAME mul_4s_4ns_8_1_1_U288 SOURCE /tools/Xilinx/Vitis_HLS/2022.2/common/technology/autopilot/ap_int_base.h:1494 VARIABLE ret_V_457 LOOP VITIS_LOOP_249_1 BUNDLEDNAME {} DSP 0 BRAM 0 URAM 0 DISPNAME {bind_op mul}} {BINDTYPE op ID {} IMPL fabric LATENCY 0 OPTYPE mul PRAGMA yes RTLNAME mul_4s_4ns_8_1_1_U289 SOURCE /tools/Xilinx/Vitis_HLS/2022.2/common/technology/autopilot/ap_int_base.h:1494 VARIABLE ret_V_458 LOOP VITIS_LOOP_249_1 BUNDLEDNAME {} DSP 0 BRAM 0 URAM 0 DISPNAME {bind_op mul}} {BINDTYPE op ID {} IMPL fabric LATENCY 0 OPTYPE mul PRAGMA yes RTLNAME mul_4s_4ns_8_1_1_U290 SOURCE /tools/Xilinx/Vitis_HLS/2022.2/common/technology/autopilot/ap_int_base.h:1494 VARIABLE ret_V_459 LOOP VITIS_LOOP_249_1 BUNDLEDNAME {} DSP 0 BRAM 0 URAM 0 DISPNAME {bind_op mul}} {BINDTYPE op ID {} IMPL fabric LATENCY 0 OPTYPE mul PRAGMA yes RTLNAME mul_4s_4ns_8_1_1_U493 SOURCE /tools/Xilinx/Vitis_HLS/2022.2/common/technology/autopilot/ap_int_base.h:1494 VARIABLE ret_V_460 LOOP VITIS_LOOP_249_1 BUNDLEDNAME {} DSP 0 BRAM 0 URAM 0 DISPNAME {bind_op mul}} {BINDTYPE op ID {} IMPL fabric LATENCY 0 OPTYPE mul PRAGMA yes RTLNAME mul_4s_4ns_8_1_1_U494 SOURCE /tools/Xilinx/Vitis_HLS/2022.2/common/technology/autopilot/ap_int_base.h:1494 VARIABLE ret_V_461 LOOP VITIS_LOOP_249_1 BUNDLEDNAME {} DSP 0 BRAM 0 URAM 0 DISPNAME {bind_op mul}} {BINDTYPE op ID {} IMPL fabric LATENCY 0 OPTYPE mul PRAGMA yes RTLNAME mul_4s_4ns_8_1_1_U495 SOURCE /tools/Xilinx/Vitis_HLS/2022.2/common/technology/autopilot/ap_int_base.h:1494 VARIABLE ret_V_462 LOOP VITIS_LOOP_249_1 BUNDLEDNAME {} DSP 0 BRAM 0 URAM 0 DISPNAME {bind_op mul}} {BINDTYPE op ID {} IMPL fabric LATENCY 0 OPTYPE mul PRAGMA yes RTLNAME mul_4s_4ns_8_1_1_U291 SOURCE /tools/Xilinx/Vitis_HLS/2022.2/common/technology/autopilot/ap_int_base.h:1494 VARIABLE ret_V_463 LOOP VITIS_LOOP_249_1 BUNDLEDNAME {} DSP 0 BRAM 0 URAM 0 DISPNAME {bind_op mul}} {BINDTYPE op ID {} IMPL fabric LATENCY 0 OPTYPE add PRAGMA {} RTLNAME add_ln840_456_fu_20445_p2 SOURCE /tools/Xilinx/Vitis_HLS/2022.2/common/technology/autopilot/ap_int_base.h:840 VARIABLE add_ln840_456 LOOP VITIS_LOOP_249_1 BUNDLEDNAME {} DSP 0 BRAM 0 URAM 0 DISPNAME {bind_op add}} {BINDTYPE op ID {} IMPL fabric LATENCY 0 OPTYPE add PRAGMA {} RTLNAME add_ln840_457_fu_17839_p2 SOURCE /tools/Xilinx/Vitis_HLS/2022.2/common/technology/autopilot/ap_int_base.h:840 VARIABLE add_ln840_457 LOOP VITIS_LOOP_249_1 BUNDLEDNAME {} DSP 0 BRAM 0 URAM 0 DISPNAME {bind_op add}} {BINDTYPE op ID {} IMPL fabric LATENCY 0 OPTYPE add PRAGMA {} RTLNAME add_ln840_459_fu_13580_p2 SOURCE /tools/Xilinx/Vitis_HLS/2022.2/common/technology/autopilot/ap_int_base.h:840 VARIABLE add_ln840_459 LOOP VITIS_LOOP_249_1 BUNDLEDNAME {} DSP 0 BRAM 0 URAM 0 DISPNAME {bind_op add}} {BINDTYPE op ID {} IMPL fabric LATENCY 0 OPTYPE add PRAGMA {} RTLNAME add_ln840_460_fu_13586_p2 SOURCE /tools/Xilinx/Vitis_HLS/2022.2/common/technology/autopilot/ap_int_base.h:840 VARIABLE add_ln840_460 LOOP VITIS_LOOP_249_1 BUNDLEDNAME {} DSP 0 BRAM 0 URAM 0 DISPNAME {bind_op add}} {BINDTYPE op ID {} IMPL fabric LATENCY 0 OPTYPE add PRAGMA {} RTLNAME add_ln840_461_fu_17851_p2 SOURCE /tools/Xilinx/Vitis_HLS/2022.2/common/technology/autopilot/ap_int_base.h:840 VARIABLE add_ln840_461 LOOP VITIS_LOOP_249_1 BUNDLEDNAME {} DSP 0 BRAM 0 URAM 0 DISPNAME {bind_op add}} {BINDTYPE op ID {} IMPL fabric LATENCY 0 OPTYPE add PRAGMA {} RTLNAME add_ln840_462_fu_17861_p2 SOURCE /tools/Xilinx/Vitis_HLS/2022.2/common/technology/autopilot/ap_int_base.h:840 VARIABLE add_ln840_462 LOOP VITIS_LOOP_249_1 BUNDLEDNAME {} DSP 0 BRAM 0 URAM 0 DISPNAME {bind_op add}} {BINDTYPE op ID {} IMPL fabric LATENCY 0 OPTYPE mul PRAGMA yes RTLNAME mul_4s_4ns_8_1_1_U292 SOURCE /tools/Xilinx/Vitis_HLS/2022.2/common/technology/autopilot/ap_int_base.h:1494 VARIABLE ret_V_464 LOOP VITIS_LOOP_249_1 BUNDLEDNAME {} DSP 0 BRAM 0 URAM 0 DISPNAME {bind_op mul}} {BINDTYPE op ID {} IMPL fabric LATENCY 0 OPTYPE mul PRAGMA yes RTLNAME mul_4s_4ns_8_1_1_U293 SOURCE /tools/Xilinx/Vitis_HLS/2022.2/common/technology/autopilot/ap_int_base.h:1494 VARIABLE ret_V_465 LOOP VITIS_LOOP_249_1 BUNDLEDNAME {} DSP 0 BRAM 0 URAM 0 DISPNAME {bind_op mul}} {BINDTYPE op ID {} IMPL fabric LATENCY 0 OPTYPE mul PRAGMA yes RTLNAME mul_4s_4ns_8_1_1_U294 SOURCE /tools/Xilinx/Vitis_HLS/2022.2/common/technology/autopilot/ap_int_base.h:1494 VARIABLE ret_V_466 LOOP VITIS_LOOP_249_1 BUNDLEDNAME {} DSP 0 BRAM 0 URAM 0 DISPNAME {bind_op mul}} {BINDTYPE op ID {} IMPL fabric LATENCY 0 OPTYPE mul PRAGMA yes RTLNAME mul_4s_4ns_8_1_1_U295 SOURCE /tools/Xilinx/Vitis_HLS/2022.2/common/technology/autopilot/ap_int_base.h:1494 VARIABLE ret_V_467 LOOP VITIS_LOOP_249_1 BUNDLEDNAME {} DSP 0 BRAM 0 URAM 0 DISPNAME {bind_op mul}} {BINDTYPE op ID {} IMPL fabric LATENCY 0 OPTYPE mul PRAGMA yes RTLNAME mul_4s_4ns_8_1_1_U496 SOURCE /tools/Xilinx/Vitis_HLS/2022.2/common/technology/autopilot/ap_int_base.h:1494 VARIABLE ret_V_468 LOOP VITIS_LOOP_249_1 BUNDLEDNAME {} DSP 0 BRAM 0 URAM 0 DISPNAME {bind_op mul}} {BINDTYPE op ID {} IMPL fabric LATENCY 0 OPTYPE mul PRAGMA yes RTLNAME mul_4s_4ns_8_1_1_U497 SOURCE /tools/Xilinx/Vitis_HLS/2022.2/common/technology/autopilot/ap_int_base.h:1494 VARIABLE ret_V_469 LOOP VITIS_LOOP_249_1 BUNDLEDNAME {} DSP 0 BRAM 0 URAM 0 DISPNAME {bind_op mul}} {BINDTYPE op ID {} IMPL fabric LATENCY 0 OPTYPE mul PRAGMA yes RTLNAME mul_4s_4ns_8_1_1_U498 SOURCE /tools/Xilinx/Vitis_HLS/2022.2/common/technology/autopilot/ap_int_base.h:1494 VARIABLE ret_V_470 LOOP VITIS_LOOP_249_1 BUNDLEDNAME {} DSP 0 BRAM 0 URAM 0 DISPNAME {bind_op mul}} {BINDTYPE op ID {} IMPL fabric LATENCY 0 OPTYPE mul PRAGMA yes RTLNAME mul_4s_4ns_8_1_1_U296 SOURCE /tools/Xilinx/Vitis_HLS/2022.2/common/technology/autopilot/ap_int_base.h:1494 VARIABLE ret_V_471 LOOP VITIS_LOOP_249_1 BUNDLEDNAME {} DSP 0 BRAM 0 URAM 0 DISPNAME {bind_op mul}} {BINDTYPE op ID {} IMPL fabric LATENCY 0 OPTYPE add PRAGMA {} RTLNAME add_ln840_464_fu_20472_p2 SOURCE /tools/Xilinx/Vitis_HLS/2022.2/common/technology/autopilot/ap_int_base.h:840 VARIABLE add_ln840_464 LOOP VITIS_LOOP_249_1 BUNDLEDNAME {} DSP 0 BRAM 0 URAM 0 DISPNAME {bind_op add}} {BINDTYPE op ID {} IMPL fabric LATENCY 0 OPTYPE add PRAGMA {} RTLNAME add_ln840_465_fu_17905_p2 SOURCE /tools/Xilinx/Vitis_HLS/2022.2/common/technology/autopilot/ap_int_base.h:840 VARIABLE add_ln840_465 LOOP VITIS_LOOP_249_1 BUNDLEDNAME {} DSP 0 BRAM 0 URAM 0 DISPNAME {bind_op add}} {BINDTYPE op ID {} IMPL fabric LATENCY 0 OPTYPE add PRAGMA {} RTLNAME add_ln840_467_fu_13653_p2 SOURCE /tools/Xilinx/Vitis_HLS/2022.2/common/technology/autopilot/ap_int_base.h:840 VARIABLE add_ln840_467 LOOP VITIS_LOOP_249_1 BUNDLEDNAME {} DSP 0 BRAM 0 URAM 0 DISPNAME {bind_op add}} {BINDTYPE op ID {} IMPL fabric LATENCY 0 OPTYPE add PRAGMA {} RTLNAME add_ln840_468_fu_13659_p2 SOURCE /tools/Xilinx/Vitis_HLS/2022.2/common/technology/autopilot/ap_int_base.h:840 VARIABLE add_ln840_468 LOOP VITIS_LOOP_249_1 BUNDLEDNAME {} DSP 0 BRAM 0 URAM 0 DISPNAME {bind_op add}} {BINDTYPE op ID {} IMPL fabric LATENCY 0 OPTYPE add PRAGMA {} RTLNAME add_ln840_469_fu_17917_p2 SOURCE /tools/Xilinx/Vitis_HLS/2022.2/common/technology/autopilot/ap_int_base.h:840 VARIABLE add_ln840_469 LOOP VITIS_LOOP_249_1 BUNDLEDNAME {} DSP 0 BRAM 0 URAM 0 DISPNAME {bind_op add}} {BINDTYPE op ID {} IMPL fabric LATENCY 0 OPTYPE add PRAGMA {} RTLNAME add_ln840_470_fu_17927_p2 SOURCE /tools/Xilinx/Vitis_HLS/2022.2/common/technology/autopilot/ap_int_base.h:840 VARIABLE add_ln840_470 LOOP VITIS_LOOP_249_1 BUNDLEDNAME {} DSP 0 BRAM 0 URAM 0 DISPNAME {bind_op add}} {BINDTYPE op ID {} IMPL fabric LATENCY 0 OPTYPE mul PRAGMA yes RTLNAME mul_4s_4ns_8_1_1_U297 SOURCE /tools/Xilinx/Vitis_HLS/2022.2/common/technology/autopilot/ap_int_base.h:1494 VARIABLE ret_V_472 LOOP VITIS_LOOP_249_1 BUNDLEDNAME {} DSP 0 BRAM 0 URAM 0 DISPNAME {bind_op mul}} {BINDTYPE op ID {} IMPL fabric LATENCY 0 OPTYPE mul PRAGMA yes RTLNAME mul_4s_4ns_8_1_1_U298 SOURCE /tools/Xilinx/Vitis_HLS/2022.2/common/technology/autopilot/ap_int_base.h:1494 VARIABLE ret_V_473 LOOP VITIS_LOOP_249_1 BUNDLEDNAME {} DSP 0 BRAM 0 URAM 0 DISPNAME {bind_op mul}} {BINDTYPE op ID {} IMPL fabric LATENCY 0 OPTYPE mul PRAGMA yes RTLNAME mul_4s_4ns_8_1_1_U299 SOURCE /tools/Xilinx/Vitis_HLS/2022.2/common/technology/autopilot/ap_int_base.h:1494 VARIABLE ret_V_474 LOOP VITIS_LOOP_249_1 BUNDLEDNAME {} DSP 0 BRAM 0 URAM 0 DISPNAME {bind_op mul}} {BINDTYPE op ID {} IMPL fabric LATENCY 0 OPTYPE mul PRAGMA yes RTLNAME mul_4s_4ns_8_1_1_U300 SOURCE /tools/Xilinx/Vitis_HLS/2022.2/common/technology/autopilot/ap_int_base.h:1494 VARIABLE ret_V_475 LOOP VITIS_LOOP_249_1 BUNDLEDNAME {} DSP 0 BRAM 0 URAM 0 DISPNAME {bind_op mul}} {BINDTYPE op ID {} IMPL fabric LATENCY 0 OPTYPE mul PRAGMA yes RTLNAME mul_4s_4ns_8_1_1_U499 SOURCE /tools/Xilinx/Vitis_HLS/2022.2/common/technology/autopilot/ap_int_base.h:1494 VARIABLE ret_V_476 LOOP VITIS_LOOP_249_1 BUNDLEDNAME {} DSP 0 BRAM 0 URAM 0 DISPNAME {bind_op mul}} {BINDTYPE op ID {} IMPL fabric LATENCY 0 OPTYPE mul PRAGMA yes RTLNAME mul_4s_4ns_8_1_1_U500 SOURCE /tools/Xilinx/Vitis_HLS/2022.2/common/technology/autopilot/ap_int_base.h:1494 VARIABLE ret_V_477 LOOP VITIS_LOOP_249_1 BUNDLEDNAME {} DSP 0 BRAM 0 URAM 0 DISPNAME {bind_op mul}} {BINDTYPE op ID {} IMPL fabric LATENCY 0 OPTYPE mul PRAGMA yes RTLNAME mul_4s_4ns_8_1_1_U501 SOURCE /tools/Xilinx/Vitis_HLS/2022.2/common/technology/autopilot/ap_int_base.h:1494 VARIABLE ret_V_478 LOOP VITIS_LOOP_249_1 BUNDLEDNAME {} DSP 0 BRAM 0 URAM 0 DISPNAME {bind_op mul}} {BINDTYPE op ID {} IMPL fabric LATENCY 0 OPTYPE mul PRAGMA yes RTLNAME mul_4s_4ns_8_1_1_U301 SOURCE /tools/Xilinx/Vitis_HLS/2022.2/common/technology/autopilot/ap_int_base.h:1494 VARIABLE ret_V_479 LOOP VITIS_LOOP_249_1 BUNDLEDNAME {} DSP 0 BRAM 0 URAM 0 DISPNAME {bind_op mul}} {BINDTYPE op ID {} IMPL fabric LATENCY 0 OPTYPE add PRAGMA {} RTLNAME add_ln840_472_fu_20499_p2 SOURCE /tools/Xilinx/Vitis_HLS/2022.2/common/technology/autopilot/ap_int_base.h:840 VARIABLE add_ln840_472 LOOP VITIS_LOOP_249_1 BUNDLEDNAME {} DSP 0 BRAM 0 URAM 0 DISPNAME {bind_op add}} {BINDTYPE op ID {} IMPL fabric LATENCY 0 OPTYPE add PRAGMA {} RTLNAME add_ln840_473_fu_17971_p2 SOURCE /tools/Xilinx/Vitis_HLS/2022.2/common/technology/autopilot/ap_int_base.h:840 VARIABLE add_ln840_473 LOOP VITIS_LOOP_249_1 BUNDLEDNAME {} DSP 0 BRAM 0 URAM 0 DISPNAME {bind_op add}} {BINDTYPE op ID {} IMPL fabric LATENCY 0 OPTYPE add PRAGMA {} RTLNAME add_ln840_475_fu_13726_p2 SOURCE /tools/Xilinx/Vitis_HLS/2022.2/common/technology/autopilot/ap_int_base.h:840 VARIABLE add_ln840_475 LOOP VITIS_LOOP_249_1 BUNDLEDNAME {} DSP 0 BRAM 0 URAM 0 DISPNAME {bind_op add}} {BINDTYPE op ID {} IMPL fabric LATENCY 0 OPTYPE add PRAGMA {} RTLNAME add_ln840_476_fu_13732_p2 SOURCE /tools/Xilinx/Vitis_HLS/2022.2/common/technology/autopilot/ap_int_base.h:840 VARIABLE add_ln840_476 LOOP VITIS_LOOP_249_1 BUNDLEDNAME {} DSP 0 BRAM 0 URAM 0 DISPNAME {bind_op add}} {BINDTYPE op ID {} IMPL fabric LATENCY 0 OPTYPE add PRAGMA {} RTLNAME add_ln840_477_fu_17983_p2 SOURCE /tools/Xilinx/Vitis_HLS/2022.2/common/technology/autopilot/ap_int_base.h:840 VARIABLE add_ln840_477 LOOP VITIS_LOOP_249_1 BUNDLEDNAME {} DSP 0 BRAM 0 URAM 0 DISPNAME {bind_op add}} {BINDTYPE op ID {} IMPL fabric LATENCY 0 OPTYPE add PRAGMA {} RTLNAME add_ln840_478_fu_17993_p2 SOURCE /tools/Xilinx/Vitis_HLS/2022.2/common/technology/autopilot/ap_int_base.h:840 VARIABLE add_ln840_478 LOOP VITIS_LOOP_249_1 BUNDLEDNAME {} DSP 0 BRAM 0 URAM 0 DISPNAME {bind_op add}} {BINDTYPE op ID {} IMPL fabric LATENCY 0 OPTYPE mul PRAGMA yes RTLNAME mul_4s_4ns_8_1_1_U302 SOURCE /tools/Xilinx/Vitis_HLS/2022.2/common/technology/autopilot/ap_int_base.h:1494 VARIABLE ret_V_480 LOOP VITIS_LOOP_249_1 BUNDLEDNAME {} DSP 0 BRAM 0 URAM 0 DISPNAME {bind_op mul}} {BINDTYPE op ID {} IMPL fabric LATENCY 0 OPTYPE mul PRAGMA yes RTLNAME mul_4s_4ns_8_1_1_U303 SOURCE /tools/Xilinx/Vitis_HLS/2022.2/common/technology/autopilot/ap_int_base.h:1494 VARIABLE ret_V_481 LOOP VITIS_LOOP_249_1 BUNDLEDNAME {} DSP 0 BRAM 0 URAM 0 DISPNAME {bind_op mul}} {BINDTYPE op ID {} IMPL fabric LATENCY 0 OPTYPE mul PRAGMA yes RTLNAME mul_4s_4ns_8_1_1_U304 SOURCE /tools/Xilinx/Vitis_HLS/2022.2/common/technology/autopilot/ap_int_base.h:1494 VARIABLE ret_V_482 LOOP VITIS_LOOP_249_1 BUNDLEDNAME {} DSP 0 BRAM 0 URAM 0 DISPNAME {bind_op mul}} {BINDTYPE op ID {} IMPL fabric LATENCY 0 OPTYPE mul PRAGMA yes RTLNAME mul_4s_4ns_8_1_1_U305 SOURCE /tools/Xilinx/Vitis_HLS/2022.2/common/technology/autopilot/ap_int_base.h:1494 VARIABLE ret_V_483 LOOP VITIS_LOOP_249_1 BUNDLEDNAME {} DSP 0 BRAM 0 URAM 0 DISPNAME {bind_op mul}} {BINDTYPE op ID {} IMPL fabric LATENCY 0 OPTYPE mul PRAGMA yes RTLNAME mul_4s_4ns_8_1_1_U502 SOURCE /tools/Xilinx/Vitis_HLS/2022.2/common/technology/autopilot/ap_int_base.h:1494 VARIABLE ret_V_484 LOOP VITIS_LOOP_249_1 BUNDLEDNAME {} DSP 0 BRAM 0 URAM 0 DISPNAME {bind_op mul}} {BINDTYPE op ID {} IMPL fabric LATENCY 0 OPTYPE mul PRAGMA yes RTLNAME mul_4s_4ns_8_1_1_U503 SOURCE /tools/Xilinx/Vitis_HLS/2022.2/common/technology/autopilot/ap_int_base.h:1494 VARIABLE ret_V_485 LOOP VITIS_LOOP_249_1 BUNDLEDNAME {} DSP 0 BRAM 0 URAM 0 DISPNAME {bind_op mul}} {BINDTYPE op ID {} IMPL fabric LATENCY 0 OPTYPE mul PRAGMA yes RTLNAME mul_4s_4ns_8_1_1_U504 SOURCE /tools/Xilinx/Vitis_HLS/2022.2/common/technology/autopilot/ap_int_base.h:1494 VARIABLE ret_V_486 LOOP VITIS_LOOP_249_1 BUNDLEDNAME {} DSP 0 BRAM 0 URAM 0 DISPNAME {bind_op mul}} {BINDTYPE op ID {} IMPL fabric LATENCY 0 OPTYPE mul PRAGMA yes RTLNAME mul_4s_4ns_8_1_1_U306 SOURCE /tools/Xilinx/Vitis_HLS/2022.2/common/technology/autopilot/ap_int_base.h:1494 VARIABLE ret_V_487 LOOP VITIS_LOOP_249_1 BUNDLEDNAME {} DSP 0 BRAM 0 URAM 0 DISPNAME {bind_op mul}} {BINDTYPE op ID {} IMPL fabric LATENCY 0 OPTYPE add PRAGMA {} RTLNAME add_ln840_480_fu_20526_p2 SOURCE /tools/Xilinx/Vitis_HLS/2022.2/common/technology/autopilot/ap_int_base.h:840 VARIABLE add_ln840_480 LOOP VITIS_LOOP_249_1 BUNDLEDNAME {} DSP 0 BRAM 0 URAM 0 DISPNAME {bind_op add}} {BINDTYPE op ID {} IMPL fabric LATENCY 0 OPTYPE add PRAGMA {} RTLNAME add_ln840_481_fu_18037_p2 SOURCE /tools/Xilinx/Vitis_HLS/2022.2/common/technology/autopilot/ap_int_base.h:840 VARIABLE add_ln840_481 LOOP VITIS_LOOP_249_1 BUNDLEDNAME {} DSP 0 BRAM 0 URAM 0 DISPNAME {bind_op add}} {BINDTYPE op ID {} IMPL fabric LATENCY 0 OPTYPE add PRAGMA {} RTLNAME add_ln840_483_fu_13799_p2 SOURCE /tools/Xilinx/Vitis_HLS/2022.2/common/technology/autopilot/ap_int_base.h:840 VARIABLE add_ln840_483 LOOP VITIS_LOOP_249_1 BUNDLEDNAME {} DSP 0 BRAM 0 URAM 0 DISPNAME {bind_op add}} {BINDTYPE op ID {} IMPL fabric LATENCY 0 OPTYPE add PRAGMA {} RTLNAME add_ln840_484_fu_13805_p2 SOURCE /tools/Xilinx/Vitis_HLS/2022.2/common/technology/autopilot/ap_int_base.h:840 VARIABLE add_ln840_484 LOOP VITIS_LOOP_249_1 BUNDLEDNAME {} DSP 0 BRAM 0 URAM 0 DISPNAME {bind_op add}} {BINDTYPE op ID {} IMPL fabric LATENCY 0 OPTYPE add PRAGMA {} RTLNAME add_ln840_485_fu_18049_p2 SOURCE /tools/Xilinx/Vitis_HLS/2022.2/common/technology/autopilot/ap_int_base.h:840 VARIABLE add_ln840_485 LOOP VITIS_LOOP_249_1 BUNDLEDNAME {} DSP 0 BRAM 0 URAM 0 DISPNAME {bind_op add}} {BINDTYPE op ID {} IMPL fabric LATENCY 0 OPTYPE add PRAGMA {} RTLNAME add_ln840_486_fu_18059_p2 SOURCE /tools/Xilinx/Vitis_HLS/2022.2/common/technology/autopilot/ap_int_base.h:840 VARIABLE add_ln840_486 LOOP VITIS_LOOP_249_1 BUNDLEDNAME {} DSP 0 BRAM 0 URAM 0 DISPNAME {bind_op add}} {BINDTYPE op ID {} IMPL fabric LATENCY 0 OPTYPE mul PRAGMA yes RTLNAME mul_4s_4ns_8_1_1_U307 SOURCE /tools/Xilinx/Vitis_HLS/2022.2/common/technology/autopilot/ap_int_base.h:1494 VARIABLE ret_V_488 LOOP VITIS_LOOP_249_1 BUNDLEDNAME {} DSP 0 BRAM 0 URAM 0 DISPNAME {bind_op mul}} {BINDTYPE op ID {} IMPL fabric LATENCY 0 OPTYPE mul PRAGMA yes RTLNAME mul_4s_4ns_8_1_1_U308 SOURCE /tools/Xilinx/Vitis_HLS/2022.2/common/technology/autopilot/ap_int_base.h:1494 VARIABLE ret_V_489 LOOP VITIS_LOOP_249_1 BUNDLEDNAME {} DSP 0 BRAM 0 URAM 0 DISPNAME {bind_op mul}} {BINDTYPE op ID {} IMPL fabric LATENCY 0 OPTYPE mul PRAGMA yes RTLNAME mul_4s_4ns_8_1_1_U309 SOURCE /tools/Xilinx/Vitis_HLS/2022.2/common/technology/autopilot/ap_int_base.h:1494 VARIABLE ret_V_490 LOOP VITIS_LOOP_249_1 BUNDLEDNAME {} DSP 0 BRAM 0 URAM 0 DISPNAME {bind_op mul}} {BINDTYPE op ID {} IMPL fabric LATENCY 0 OPTYPE mul PRAGMA yes RTLNAME mul_4s_4ns_8_1_1_U310 SOURCE /tools/Xilinx/Vitis_HLS/2022.2/common/technology/autopilot/ap_int_base.h:1494 VARIABLE ret_V_491 LOOP VITIS_LOOP_249_1 BUNDLEDNAME {} DSP 0 BRAM 0 URAM 0 DISPNAME {bind_op mul}} {BINDTYPE op ID {} IMPL fabric LATENCY 0 OPTYPE mul PRAGMA yes RTLNAME mul_4s_4ns_8_1_1_U505 SOURCE /tools/Xilinx/Vitis_HLS/2022.2/common/technology/autopilot/ap_int_base.h:1494 VARIABLE ret_V_492 LOOP VITIS_LOOP_249_1 BUNDLEDNAME {} DSP 0 BRAM 0 URAM 0 DISPNAME {bind_op mul}} {BINDTYPE op ID {} IMPL fabric LATENCY 0 OPTYPE mul PRAGMA yes RTLNAME mul_4s_4ns_8_1_1_U506 SOURCE /tools/Xilinx/Vitis_HLS/2022.2/common/technology/autopilot/ap_int_base.h:1494 VARIABLE ret_V_493 LOOP VITIS_LOOP_249_1 BUNDLEDNAME {} DSP 0 BRAM 0 URAM 0 DISPNAME {bind_op mul}} {BINDTYPE op ID {} IMPL fabric LATENCY 0 OPTYPE mul PRAGMA yes RTLNAME mul_4s_4ns_8_1_1_U507 SOURCE /tools/Xilinx/Vitis_HLS/2022.2/common/technology/autopilot/ap_int_base.h:1494 VARIABLE ret_V_494 LOOP VITIS_LOOP_249_1 BUNDLEDNAME {} DSP 0 BRAM 0 URAM 0 DISPNAME {bind_op mul}} {BINDTYPE op ID {} IMPL fabric LATENCY 0 OPTYPE mul PRAGMA yes RTLNAME mul_4s_4ns_8_1_1_U311 SOURCE /tools/Xilinx/Vitis_HLS/2022.2/common/technology/autopilot/ap_int_base.h:1494 VARIABLE ret_V_495 LOOP VITIS_LOOP_249_1 BUNDLEDNAME {} DSP 0 BRAM 0 URAM 0 DISPNAME {bind_op mul}} {BINDTYPE op ID {} IMPL fabric LATENCY 0 OPTYPE add PRAGMA {} RTLNAME add_ln840_488_fu_20553_p2 SOURCE /tools/Xilinx/Vitis_HLS/2022.2/common/technology/autopilot/ap_int_base.h:840 VARIABLE add_ln840_488 LOOP VITIS_LOOP_249_1 BUNDLEDNAME {} DSP 0 BRAM 0 URAM 0 DISPNAME {bind_op add}} {BINDTYPE op ID {} IMPL fabric LATENCY 0 OPTYPE add PRAGMA {} RTLNAME add_ln840_489_fu_18103_p2 SOURCE /tools/Xilinx/Vitis_HLS/2022.2/common/technology/autopilot/ap_int_base.h:840 VARIABLE add_ln840_489 LOOP VITIS_LOOP_249_1 BUNDLEDNAME {} DSP 0 BRAM 0 URAM 0 DISPNAME {bind_op add}} {BINDTYPE op ID {} IMPL fabric LATENCY 0 OPTYPE add PRAGMA {} RTLNAME add_ln840_491_fu_13872_p2 SOURCE /tools/Xilinx/Vitis_HLS/2022.2/common/technology/autopilot/ap_int_base.h:840 VARIABLE add_ln840_491 LOOP VITIS_LOOP_249_1 BUNDLEDNAME {} DSP 0 BRAM 0 URAM 0 DISPNAME {bind_op add}} {BINDTYPE op ID {} IMPL fabric LATENCY 0 OPTYPE add PRAGMA {} RTLNAME add_ln840_492_fu_13878_p2 SOURCE /tools/Xilinx/Vitis_HLS/2022.2/common/technology/autopilot/ap_int_base.h:840 VARIABLE add_ln840_492 LOOP VITIS_LOOP_249_1 BUNDLEDNAME {} DSP 0 BRAM 0 URAM 0 DISPNAME {bind_op add}} {BINDTYPE op ID {} IMPL fabric LATENCY 0 OPTYPE add PRAGMA {} RTLNAME add_ln840_493_fu_18115_p2 SOURCE /tools/Xilinx/Vitis_HLS/2022.2/common/technology/autopilot/ap_int_base.h:840 VARIABLE add_ln840_493 LOOP VITIS_LOOP_249_1 BUNDLEDNAME {} DSP 0 BRAM 0 URAM 0 DISPNAME {bind_op add}} {BINDTYPE op ID {} IMPL fabric LATENCY 0 OPTYPE add PRAGMA {} RTLNAME add_ln840_494_fu_18125_p2 SOURCE /tools/Xilinx/Vitis_HLS/2022.2/common/technology/autopilot/ap_int_base.h:840 VARIABLE add_ln840_494 LOOP VITIS_LOOP_249_1 BUNDLEDNAME {} DSP 0 BRAM 0 URAM 0 DISPNAME {bind_op add}} {BINDTYPE op ID {} IMPL fabric LATENCY 0 OPTYPE mul PRAGMA yes RTLNAME mul_4s_4ns_8_1_1_U312 SOURCE /tools/Xilinx/Vitis_HLS/2022.2/common/technology/autopilot/ap_int_base.h:1494 VARIABLE ret_V_496 LOOP VITIS_LOOP_249_1 BUNDLEDNAME {} DSP 0 BRAM 0 URAM 0 DISPNAME {bind_op mul}} {BINDTYPE op ID {} IMPL fabric LATENCY 0 OPTYPE mul PRAGMA yes RTLNAME mul_4s_4ns_8_1_1_U313 SOURCE /tools/Xilinx/Vitis_HLS/2022.2/common/technology/autopilot/ap_int_base.h:1494 VARIABLE ret_V_497 LOOP VITIS_LOOP_249_1 BUNDLEDNAME {} DSP 0 BRAM 0 URAM 0 DISPNAME {bind_op mul}} {BINDTYPE op ID {} IMPL fabric LATENCY 0 OPTYPE mul PRAGMA yes RTLNAME mul_4s_4ns_8_1_1_U314 SOURCE /tools/Xilinx/Vitis_HLS/2022.2/common/technology/autopilot/ap_int_base.h:1494 VARIABLE ret_V_498 LOOP VITIS_LOOP_249_1 BUNDLEDNAME {} DSP 0 BRAM 0 URAM 0 DISPNAME {bind_op mul}} {BINDTYPE op ID {} IMPL fabric LATENCY 0 OPTYPE mul PRAGMA yes RTLNAME mul_4s_4ns_8_1_1_U315 SOURCE /tools/Xilinx/Vitis_HLS/2022.2/common/technology/autopilot/ap_int_base.h:1494 VARIABLE ret_V_499 LOOP VITIS_LOOP_249_1 BUNDLEDNAME {} DSP 0 BRAM 0 URAM 0 DISPNAME {bind_op mul}} {BINDTYPE op ID {} IMPL fabric LATENCY 0 OPTYPE mul PRAGMA yes RTLNAME mul_4s_4ns_8_1_1_U508 SOURCE /tools/Xilinx/Vitis_HLS/2022.2/common/technology/autopilot/ap_int_base.h:1494 VARIABLE ret_V_500 LOOP VITIS_LOOP_249_1 BUNDLEDNAME {} DSP 0 BRAM 0 URAM 0 DISPNAME {bind_op mul}} {BINDTYPE op ID {} IMPL fabric LATENCY 0 OPTYPE mul PRAGMA yes RTLNAME mul_4s_4ns_8_1_1_U509 SOURCE /tools/Xilinx/Vitis_HLS/2022.2/common/technology/autopilot/ap_int_base.h:1494 VARIABLE ret_V_501 LOOP VITIS_LOOP_249_1 BUNDLEDNAME {} DSP 0 BRAM 0 URAM 0 DISPNAME {bind_op mul}} {BINDTYPE op ID {} IMPL fabric LATENCY 0 OPTYPE mul PRAGMA yes RTLNAME mul_4s_4ns_8_1_1_U510 SOURCE /tools/Xilinx/Vitis_HLS/2022.2/common/technology/autopilot/ap_int_base.h:1494 VARIABLE ret_V_502 LOOP VITIS_LOOP_249_1 BUNDLEDNAME {} DSP 0 BRAM 0 URAM 0 DISPNAME {bind_op mul}} {BINDTYPE op ID {} IMPL fabric LATENCY 0 OPTYPE mul PRAGMA yes RTLNAME mul_4s_4ns_8_1_1_U316 SOURCE /tools/Xilinx/Vitis_HLS/2022.2/common/technology/autopilot/ap_int_base.h:1494 VARIABLE ret_V_503 LOOP VITIS_LOOP_249_1 BUNDLEDNAME {} DSP 0 BRAM 0 URAM 0 DISPNAME {bind_op mul}} {BINDTYPE op ID {} IMPL fabric LATENCY 0 OPTYPE add PRAGMA {} RTLNAME add_ln840_496_fu_20580_p2 SOURCE /tools/Xilinx/Vitis_HLS/2022.2/common/technology/autopilot/ap_int_base.h:840 VARIABLE add_ln840_496 LOOP VITIS_LOOP_249_1 BUNDLEDNAME {} DSP 0 BRAM 0 URAM 0 DISPNAME {bind_op add}} {BINDTYPE op ID {} IMPL fabric LATENCY 0 OPTYPE add PRAGMA {} RTLNAME add_ln840_497_fu_18169_p2 SOURCE /tools/Xilinx/Vitis_HLS/2022.2/common/technology/autopilot/ap_int_base.h:840 VARIABLE add_ln840_497 LOOP VITIS_LOOP_249_1 BUNDLEDNAME {} DSP 0 BRAM 0 URAM 0 DISPNAME {bind_op add}} {BINDTYPE op ID {} IMPL fabric LATENCY 0 OPTYPE add PRAGMA {} RTLNAME add_ln840_499_fu_13945_p2 SOURCE /tools/Xilinx/Vitis_HLS/2022.2/common/technology/autopilot/ap_int_base.h:840 VARIABLE add_ln840_499 LOOP VITIS_LOOP_249_1 BUNDLEDNAME {} DSP 0 BRAM 0 URAM 0 DISPNAME {bind_op add}} {BINDTYPE op ID {} IMPL fabric LATENCY 0 OPTYPE add PRAGMA {} RTLNAME add_ln840_500_fu_13951_p2 SOURCE /tools/Xilinx/Vitis_HLS/2022.2/common/technology/autopilot/ap_int_base.h:840 VARIABLE add_ln840_500 LOOP VITIS_LOOP_249_1 BUNDLEDNAME {} DSP 0 BRAM 0 URAM 0 DISPNAME {bind_op add}} {BINDTYPE op ID {} IMPL fabric LATENCY 0 OPTYPE add PRAGMA {} RTLNAME add_ln840_501_fu_18181_p2 SOURCE /tools/Xilinx/Vitis_HLS/2022.2/common/technology/autopilot/ap_int_base.h:840 VARIABLE add_ln840_501 LOOP VITIS_LOOP_249_1 BUNDLEDNAME {} DSP 0 BRAM 0 URAM 0 DISPNAME {bind_op add}} {BINDTYPE op ID {} IMPL fabric LATENCY 0 OPTYPE add PRAGMA {} RTLNAME add_ln840_502_fu_18191_p2 SOURCE /tools/Xilinx/Vitis_HLS/2022.2/common/technology/autopilot/ap_int_base.h:840 VARIABLE add_ln840_502 LOOP VITIS_LOOP_249_1 BUNDLEDNAME {} DSP 0 BRAM 0 URAM 0 DISPNAME {bind_op add}} {BINDTYPE op ID {} IMPL fabric LATENCY 0 OPTYPE mul PRAGMA yes RTLNAME mul_4s_4ns_8_1_1_U317 SOURCE /tools/Xilinx/Vitis_HLS/2022.2/common/technology/autopilot/ap_int_base.h:1494 VARIABLE ret_V_504 LOOP VITIS_LOOP_249_1 BUNDLEDNAME {} DSP 0 BRAM 0 URAM 0 DISPNAME {bind_op mul}} {BINDTYPE op ID {} IMPL fabric LATENCY 0 OPTYPE mul PRAGMA yes RTLNAME mul_4s_4ns_8_1_1_U318 SOURCE /tools/Xilinx/Vitis_HLS/2022.2/common/technology/autopilot/ap_int_base.h:1494 VARIABLE ret_V_505 LOOP VITIS_LOOP_249_1 BUNDLEDNAME {} DSP 0 BRAM 0 URAM 0 DISPNAME {bind_op mul}} {BINDTYPE op ID {} IMPL fabric LATENCY 0 OPTYPE mul PRAGMA yes RTLNAME mul_4s_4ns_8_1_1_U319 SOURCE /tools/Xilinx/Vitis_HLS/2022.2/common/technology/autopilot/ap_int_base.h:1494 VARIABLE ret_V_506 LOOP VITIS_LOOP_249_1 BUNDLEDNAME {} DSP 0 BRAM 0 URAM 0 DISPNAME {bind_op mul}} {BINDTYPE op ID {} IMPL fabric LATENCY 0 OPTYPE mul PRAGMA yes RTLNAME mul_4s_4ns_8_1_1_U320 SOURCE /tools/Xilinx/Vitis_HLS/2022.2/common/technology/autopilot/ap_int_base.h:1494 VARIABLE ret_V_507 LOOP VITIS_LOOP_249_1 BUNDLEDNAME {} DSP 0 BRAM 0 URAM 0 DISPNAME {bind_op mul}} {BINDTYPE op ID {} IMPL fabric LATENCY 0 OPTYPE mul PRAGMA yes RTLNAME mul_4s_4ns_8_1_1_U511 SOURCE /tools/Xilinx/Vitis_HLS/2022.2/common/technology/autopilot/ap_int_base.h:1494 VARIABLE ret_V_508 LOOP VITIS_LOOP_249_1 BUNDLEDNAME {} DSP 0 BRAM 0 URAM 0 DISPNAME {bind_op mul}} {BINDTYPE op ID {} IMPL fabric LATENCY 0 OPTYPE mul PRAGMA yes RTLNAME mul_4s_4ns_8_1_1_U512 SOURCE /tools/Xilinx/Vitis_HLS/2022.2/common/technology/autopilot/ap_int_base.h:1494 VARIABLE ret_V_509 LOOP VITIS_LOOP_249_1 BUNDLEDNAME {} DSP 0 BRAM 0 URAM 0 DISPNAME {bind_op mul}} {BINDTYPE op ID {} IMPL fabric LATENCY 0 OPTYPE mul PRAGMA yes RTLNAME mul_4s_4ns_8_1_1_U513 SOURCE /tools/Xilinx/Vitis_HLS/2022.2/common/technology/autopilot/ap_int_base.h:1494 VARIABLE ret_V_510 LOOP VITIS_LOOP_249_1 BUNDLEDNAME {} DSP 0 BRAM 0 URAM 0 DISPNAME {bind_op mul}} {BINDTYPE op ID {} IMPL fabric LATENCY 0 OPTYPE mul PRAGMA yes RTLNAME mul_4s_4ns_8_1_1_U321 SOURCE /tools/Xilinx/Vitis_HLS/2022.2/common/technology/autopilot/ap_int_base.h:1494 VARIABLE ret_V_511 LOOP VITIS_LOOP_249_1 BUNDLEDNAME {} DSP 0 BRAM 0 URAM 0 DISPNAME {bind_op mul}} {BINDTYPE op ID {} IMPL fabric LATENCY 0 OPTYPE add PRAGMA {} RTLNAME add_ln840_504_fu_20607_p2 SOURCE /tools/Xilinx/Vitis_HLS/2022.2/common/technology/autopilot/ap_int_base.h:840 VARIABLE add_ln840_504 LOOP VITIS_LOOP_249_1 BUNDLEDNAME {} DSP 0 BRAM 0 URAM 0 DISPNAME {bind_op add}} {BINDTYPE op ID {} IMPL fabric LATENCY 0 OPTYPE add PRAGMA {} RTLNAME add_ln840_505_fu_18235_p2 SOURCE /tools/Xilinx/Vitis_HLS/2022.2/common/technology/autopilot/ap_int_base.h:840 VARIABLE add_ln840_505 LOOP VITIS_LOOP_249_1 BUNDLEDNAME {} DSP 0 BRAM 0 URAM 0 DISPNAME {bind_op add}} {BINDTYPE op ID {} IMPL fabric LATENCY 0 OPTYPE add PRAGMA {} RTLNAME add_ln840_507_fu_14018_p2 SOURCE /tools/Xilinx/Vitis_HLS/2022.2/common/technology/autopilot/ap_int_base.h:840 VARIABLE add_ln840_507 LOOP VITIS_LOOP_249_1 BUNDLEDNAME {} DSP 0 BRAM 0 URAM 0 DISPNAME {bind_op add}} {BINDTYPE op ID {} IMPL fabric LATENCY 0 OPTYPE add PRAGMA {} RTLNAME add_ln840_508_fu_14024_p2 SOURCE /tools/Xilinx/Vitis_HLS/2022.2/common/technology/autopilot/ap_int_base.h:840 VARIABLE add_ln840_508 LOOP VITIS_LOOP_249_1 BUNDLEDNAME {} DSP 0 BRAM 0 URAM 0 DISPNAME {bind_op add}} {BINDTYPE op ID {} IMPL fabric LATENCY 0 OPTYPE add PRAGMA {} RTLNAME add_ln840_509_fu_18247_p2 SOURCE /tools/Xilinx/Vitis_HLS/2022.2/common/technology/autopilot/ap_int_base.h:840 VARIABLE add_ln840_509 LOOP VITIS_LOOP_249_1 BUNDLEDNAME {} DSP 0 BRAM 0 URAM 0 DISPNAME {bind_op add}} {BINDTYPE op ID {} IMPL fabric LATENCY 0 OPTYPE add PRAGMA {} RTLNAME add_ln840_510_fu_18257_p2 SOURCE /tools/Xilinx/Vitis_HLS/2022.2/common/technology/autopilot/ap_int_base.h:840 VARIABLE add_ln840_510 LOOP VITIS_LOOP_249_1 BUNDLEDNAME {} DSP 0 BRAM 0 URAM 0 DISPNAME {bind_op add}} {BINDTYPE op ID {} IMPL fabric LATENCY 0 OPTYPE add PRAGMA {} RTLNAME sf_2_fu_9212_p2 SOURCE /home/miguel_tfg/FINN-v0.9-Stable/deps/finn-hlslib/mvau.hpp:290 VARIABLE sf_2 LOOP VITIS_LOOP_249_1 BUNDLEDNAME {} DSP 0 BRAM 0 URAM 0 DISPNAME {bind_op add}} {BINDTYPE op ID {} IMPL fabric LATENCY 0 OPTYPE add PRAGMA {} RTLNAME add_ln840_514_fu_21112_p2 SOURCE /tools/Xilinx/Vitis_HLS/2022.2/common/technology/autopilot/ap_int_base.h:840 VARIABLE add_ln840_514 LOOP VITIS_LOOP_249_1 BUNDLEDNAME {} DSP 0 BRAM 0 URAM 0 DISPNAME {bind_op add}} {BINDTYPE op ID {} IMPL fabric LATENCY 0 OPTYPE add PRAGMA {} RTLNAME add_ln840_515_fu_21122_p2 SOURCE /tools/Xilinx/Vitis_HLS/2022.2/common/technology/autopilot/ap_int_base.h:840 VARIABLE add_ln840_515 LOOP VITIS_LOOP_249_1 BUNDLEDNAME {} DSP 0 BRAM 0 URAM 0 DISPNAME {bind_op add}} {BINDTYPE op ID {} IMPL fabric LATENCY 0 OPTYPE add PRAGMA {} RTLNAME add_ln840_518_fu_21144_p2 SOURCE /tools/Xilinx/Vitis_HLS/2022.2/common/technology/autopilot/ap_int_base.h:840 VARIABLE add_ln840_518 LOOP VITIS_LOOP_249_1 BUNDLEDNAME {} DSP 0 BRAM 0 URAM 0 DISPNAME {bind_op add}} {BINDTYPE op ID {} IMPL fabric LATENCY 0 OPTYPE add PRAGMA {} RTLNAME add_ln840_519_fu_21154_p2 SOURCE /tools/Xilinx/Vitis_HLS/2022.2/common/technology/autopilot/ap_int_base.h:840 VARIABLE add_ln840_519 LOOP VITIS_LOOP_249_1 BUNDLEDNAME {} DSP 0 BRAM 0 URAM 0 DISPNAME {bind_op add}} {BINDTYPE op ID {} IMPL fabric LATENCY 0 OPTYPE add PRAGMA {} RTLNAME add_ln840_520_fu_21164_p2 SOURCE /tools/Xilinx/Vitis_HLS/2022.2/common/technology/autopilot/ap_int_base.h:840 VARIABLE add_ln840_520 LOOP VITIS_LOOP_249_1 BUNDLEDNAME {} DSP 0 BRAM 0 URAM 0 DISPNAME {bind_op add}} {BINDTYPE op ID {} IMPL fabric LATENCY 0 OPTYPE add PRAGMA {} RTLNAME add_ln840_521_fu_21170_p2 SOURCE /tools/Xilinx/Vitis_HLS/2022.2/common/technology/autopilot/ap_int_base.h:840 VARIABLE add_ln840_521 LOOP VITIS_LOOP_249_1 BUNDLEDNAME {} DSP 0 BRAM 0 URAM 0 DISPNAME {bind_op add}} {BINDTYPE op ID {} IMPL fabric LATENCY 0 OPTYPE add PRAGMA {} RTLNAME add_ln840_522_fu_21180_p2 SOURCE /tools/Xilinx/Vitis_HLS/2022.2/common/technology/autopilot/ap_int_base.h:840 VARIABLE add_ln840_522 LOOP VITIS_LOOP_249_1 BUNDLEDNAME {} DSP 0 BRAM 0 URAM 0 DISPNAME {bind_op add}} {BINDTYPE op ID {} IMPL fabric LATENCY 0 OPTYPE add PRAGMA {} RTLNAME add_ln840_523_fu_21190_p2 SOURCE /tools/Xilinx/Vitis_HLS/2022.2/common/technology/autopilot/ap_int_base.h:840 VARIABLE add_ln840_523 LOOP VITIS_LOOP_249_1 BUNDLEDNAME {} DSP 0 BRAM 0 URAM 0 DISPNAME {bind_op add}} {BINDTYPE op ID {} IMPL fabric LATENCY 0 OPTYPE add PRAGMA {} RTLNAME add_ln840_528_fu_21357_p2 SOURCE /tools/Xilinx/Vitis_HLS/2022.2/common/technology/autopilot/ap_int_base.h:840 VARIABLE add_ln840_528 LOOP VITIS_LOOP_249_1 BUNDLEDNAME {} DSP 0 BRAM 0 URAM 0 DISPNAME {bind_op add}} {BINDTYPE op ID {} IMPL fabric LATENCY 0 OPTYPE add PRAGMA {} RTLNAME add_ln840_529_fu_21367_p2 SOURCE /tools/Xilinx/Vitis_HLS/2022.2/common/technology/autopilot/ap_int_base.h:840 VARIABLE add_ln840_529 LOOP VITIS_LOOP_249_1 BUNDLEDNAME {} DSP 0 BRAM 0 URAM 0 DISPNAME {bind_op add}} {BINDTYPE op ID {} IMPL fabric LATENCY 0 OPTYPE add PRAGMA {} RTLNAME add_ln840_532_fu_21389_p2 SOURCE /tools/Xilinx/Vitis_HLS/2022.2/common/technology/autopilot/ap_int_base.h:840 VARIABLE add_ln840_532 LOOP VITIS_LOOP_249_1 BUNDLEDNAME {} DSP 0 BRAM 0 URAM 0 DISPNAME {bind_op add}} {BINDTYPE op ID {} IMPL fabric LATENCY 0 OPTYPE add PRAGMA {} RTLNAME add_ln840_533_fu_21399_p2 SOURCE /tools/Xilinx/Vitis_HLS/2022.2/common/technology/autopilot/ap_int_base.h:840 VARIABLE add_ln840_533 LOOP VITIS_LOOP_249_1 BUNDLEDNAME {} DSP 0 BRAM 0 URAM 0 DISPNAME {bind_op add}} {BINDTYPE op ID {} IMPL fabric LATENCY 0 OPTYPE add PRAGMA {} RTLNAME add_ln840_534_fu_21409_p2 SOURCE /tools/Xilinx/Vitis_HLS/2022.2/common/technology/autopilot/ap_int_base.h:840 VARIABLE add_ln840_534 LOOP VITIS_LOOP_249_1 BUNDLEDNAME {} DSP 0 BRAM 0 URAM 0 DISPNAME {bind_op add}} {BINDTYPE op ID {} IMPL fabric LATENCY 0 OPTYPE add PRAGMA {} RTLNAME add_ln840_535_fu_21415_p2 SOURCE /tools/Xilinx/Vitis_HLS/2022.2/common/technology/autopilot/ap_int_base.h:840 VARIABLE add_ln840_535 LOOP VITIS_LOOP_249_1 BUNDLEDNAME {} DSP 0 BRAM 0 URAM 0 DISPNAME {bind_op add}} {BINDTYPE op ID {} IMPL fabric LATENCY 0 OPTYPE add PRAGMA {} RTLNAME add_ln840_536_fu_21425_p2 SOURCE /tools/Xilinx/Vitis_HLS/2022.2/common/technology/autopilot/ap_int_base.h:840 VARIABLE add_ln840_536 LOOP VITIS_LOOP_249_1 BUNDLEDNAME {} DSP 0 BRAM 0 URAM 0 DISPNAME {bind_op add}} {BINDTYPE op ID {} IMPL fabric LATENCY 0 OPTYPE add PRAGMA {} RTLNAME add_ln840_537_fu_21435_p2 SOURCE /tools/Xilinx/Vitis_HLS/2022.2/common/technology/autopilot/ap_int_base.h:840 VARIABLE add_ln840_537 LOOP VITIS_LOOP_249_1 BUNDLEDNAME {} DSP 0 BRAM 0 URAM 0 DISPNAME {bind_op add}} {BINDTYPE op ID {} IMPL fabric LATENCY 0 OPTYPE add PRAGMA {} RTLNAME add_ln840_542_fu_21602_p2 SOURCE /tools/Xilinx/Vitis_HLS/2022.2/common/technology/autopilot/ap_int_base.h:840 VARIABLE add_ln840_542 LOOP VITIS_LOOP_249_1 BUNDLEDNAME {} DSP 0 BRAM 0 URAM 0 DISPNAME {bind_op add}} {BINDTYPE op ID {} IMPL fabric LATENCY 0 OPTYPE add PRAGMA {} RTLNAME add_ln840_543_fu_21612_p2 SOURCE /tools/Xilinx/Vitis_HLS/2022.2/common/technology/autopilot/ap_int_base.h:840 VARIABLE add_ln840_543 LOOP VITIS_LOOP_249_1 BUNDLEDNAME {} DSP 0 BRAM 0 URAM 0 DISPNAME {bind_op add}} {BINDTYPE op ID {} IMPL fabric LATENCY 0 OPTYPE add PRAGMA {} RTLNAME add_ln840_546_fu_21634_p2 SOURCE /tools/Xilinx/Vitis_HLS/2022.2/common/technology/autopilot/ap_int_base.h:840 VARIABLE add_ln840_546 LOOP VITIS_LOOP_249_1 BUNDLEDNAME {} DSP 0 BRAM 0 URAM 0 DISPNAME {bind_op add}} {BINDTYPE op ID {} IMPL fabric LATENCY 0 OPTYPE add PRAGMA {} RTLNAME add_ln840_547_fu_21644_p2 SOURCE /tools/Xilinx/Vitis_HLS/2022.2/common/technology/autopilot/ap_int_base.h:840 VARIABLE add_ln840_547 LOOP VITIS_LOOP_249_1 BUNDLEDNAME {} DSP 0 BRAM 0 URAM 0 DISPNAME {bind_op add}} {BINDTYPE op ID {} IMPL fabric LATENCY 0 OPTYPE add PRAGMA {} RTLNAME add_ln840_548_fu_21654_p2 SOURCE /tools/Xilinx/Vitis_HLS/2022.2/common/technology/autopilot/ap_int_base.h:840 VARIABLE add_ln840_548 LOOP VITIS_LOOP_249_1 BUNDLEDNAME {} DSP 0 BRAM 0 URAM 0 DISPNAME {bind_op add}} {BINDTYPE op ID {} IMPL fabric LATENCY 0 OPTYPE add PRAGMA {} RTLNAME add_ln840_549_fu_21660_p2 SOURCE /tools/Xilinx/Vitis_HLS/2022.2/common/technology/autopilot/ap_int_base.h:840 VARIABLE add_ln840_549 LOOP VITIS_LOOP_249_1 BUNDLEDNAME {} DSP 0 BRAM 0 URAM 0 DISPNAME {bind_op add}} {BINDTYPE op ID {} IMPL fabric LATENCY 0 OPTYPE add PRAGMA {} RTLNAME add_ln840_550_fu_21670_p2 SOURCE /tools/Xilinx/Vitis_HLS/2022.2/common/technology/autopilot/ap_int_base.h:840 VARIABLE add_ln840_550 LOOP VITIS_LOOP_249_1 BUNDLEDNAME {} DSP 0 BRAM 0 URAM 0 DISPNAME {bind_op add}} {BINDTYPE op ID {} IMPL fabric LATENCY 0 OPTYPE add PRAGMA {} RTLNAME add_ln840_551_fu_21680_p2 SOURCE /tools/Xilinx/Vitis_HLS/2022.2/common/technology/autopilot/ap_int_base.h:840 VARIABLE add_ln840_551 LOOP VITIS_LOOP_249_1 BUNDLEDNAME {} DSP 0 BRAM 0 URAM 0 DISPNAME {bind_op add}} {BINDTYPE op ID {} IMPL fabric LATENCY 0 OPTYPE add PRAGMA {} RTLNAME add_ln840_556_fu_21847_p2 SOURCE /tools/Xilinx/Vitis_HLS/2022.2/common/technology/autopilot/ap_int_base.h:840 VARIABLE add_ln840_556 LOOP VITIS_LOOP_249_1 BUNDLEDNAME {} DSP 0 BRAM 0 URAM 0 DISPNAME {bind_op add}} {BINDTYPE op ID {} IMPL fabric LATENCY 0 OPTYPE add PRAGMA {} RTLNAME add_ln840_557_fu_21857_p2 SOURCE /tools/Xilinx/Vitis_HLS/2022.2/common/technology/autopilot/ap_int_base.h:840 VARIABLE add_ln840_557 LOOP VITIS_LOOP_249_1 BUNDLEDNAME {} DSP 0 BRAM 0 URAM 0 DISPNAME {bind_op add}} {BINDTYPE op ID {} IMPL fabric LATENCY 0 OPTYPE add PRAGMA {} RTLNAME add_ln840_560_fu_21879_p2 SOURCE /tools/Xilinx/Vitis_HLS/2022.2/common/technology/autopilot/ap_int_base.h:840 VARIABLE add_ln840_560 LOOP VITIS_LOOP_249_1 BUNDLEDNAME {} DSP 0 BRAM 0 URAM 0 DISPNAME {bind_op add}} {BINDTYPE op ID {} IMPL fabric LATENCY 0 OPTYPE add PRAGMA {} RTLNAME add_ln840_561_fu_21889_p2 SOURCE /tools/Xilinx/Vitis_HLS/2022.2/common/technology/autopilot/ap_int_base.h:840 VARIABLE add_ln840_561 LOOP VITIS_LOOP_249_1 BUNDLEDNAME {} DSP 0 BRAM 0 URAM 0 DISPNAME {bind_op add}} {BINDTYPE op ID {} IMPL fabric LATENCY 0 OPTYPE add PRAGMA {} RTLNAME add_ln840_562_fu_21899_p2 SOURCE /tools/Xilinx/Vitis_HLS/2022.2/common/technology/autopilot/ap_int_base.h:840 VARIABLE add_ln840_562 LOOP VITIS_LOOP_249_1 BUNDLEDNAME {} DSP 0 BRAM 0 URAM 0 DISPNAME {bind_op add}} {BINDTYPE op ID {} IMPL fabric LATENCY 0 OPTYPE add PRAGMA {} RTLNAME add_ln840_563_fu_21905_p2 SOURCE /tools/Xilinx/Vitis_HLS/2022.2/common/technology/autopilot/ap_int_base.h:840 VARIABLE add_ln840_563 LOOP VITIS_LOOP_249_1 BUNDLEDNAME {} DSP 0 BRAM 0 URAM 0 DISPNAME {bind_op add}} {BINDTYPE op ID {} IMPL fabric LATENCY 0 OPTYPE add PRAGMA {} RTLNAME add_ln840_564_fu_21915_p2 SOURCE /tools/Xilinx/Vitis_HLS/2022.2/common/technology/autopilot/ap_int_base.h:840 VARIABLE add_ln840_564 LOOP VITIS_LOOP_249_1 BUNDLEDNAME {} DSP 0 BRAM 0 URAM 0 DISPNAME {bind_op add}} {BINDTYPE op ID {} IMPL fabric LATENCY 0 OPTYPE add PRAGMA {} RTLNAME add_ln840_565_fu_21925_p2 SOURCE /tools/Xilinx/Vitis_HLS/2022.2/common/technology/autopilot/ap_int_base.h:840 VARIABLE add_ln840_565 LOOP VITIS_LOOP_249_1 BUNDLEDNAME {} DSP 0 BRAM 0 URAM 0 DISPNAME {bind_op add}} {BINDTYPE op ID {} IMPL fabric LATENCY 0 OPTYPE add PRAGMA {} RTLNAME add_ln840_570_fu_22092_p2 SOURCE /tools/Xilinx/Vitis_HLS/2022.2/common/technology/autopilot/ap_int_base.h:840 VARIABLE add_ln840_570 LOOP VITIS_LOOP_249_1 BUNDLEDNAME {} DSP 0 BRAM 0 URAM 0 DISPNAME {bind_op add}} {BINDTYPE op ID {} IMPL fabric LATENCY 0 OPTYPE add PRAGMA {} RTLNAME add_ln840_571_fu_22102_p2 SOURCE /tools/Xilinx/Vitis_HLS/2022.2/common/technology/autopilot/ap_int_base.h:840 VARIABLE add_ln840_571 LOOP VITIS_LOOP_249_1 BUNDLEDNAME {} DSP 0 BRAM 0 URAM 0 DISPNAME {bind_op add}} {BINDTYPE op ID {} IMPL fabric LATENCY 0 OPTYPE add PRAGMA {} RTLNAME add_ln840_574_fu_22124_p2 SOURCE /tools/Xilinx/Vitis_HLS/2022.2/common/technology/autopilot/ap_int_base.h:840 VARIABLE add_ln840_574 LOOP VITIS_LOOP_249_1 BUNDLEDNAME {} DSP 0 BRAM 0 URAM 0 DISPNAME {bind_op add}} {BINDTYPE op ID {} IMPL fabric LATENCY 0 OPTYPE add PRAGMA {} RTLNAME add_ln840_575_fu_22134_p2 SOURCE /tools/Xilinx/Vitis_HLS/2022.2/common/technology/autopilot/ap_int_base.h:840 VARIABLE add_ln840_575 LOOP VITIS_LOOP_249_1 BUNDLEDNAME {} DSP 0 BRAM 0 URAM 0 DISPNAME {bind_op add}} {BINDTYPE op ID {} IMPL fabric LATENCY 0 OPTYPE add PRAGMA {} RTLNAME add_ln840_576_fu_22144_p2 SOURCE /tools/Xilinx/Vitis_HLS/2022.2/common/technology/autopilot/ap_int_base.h:840 VARIABLE add_ln840_576 LOOP VITIS_LOOP_249_1 BUNDLEDNAME {} DSP 0 BRAM 0 URAM 0 DISPNAME {bind_op add}} {BINDTYPE op ID {} IMPL fabric LATENCY 0 OPTYPE add PRAGMA {} RTLNAME add_ln840_577_fu_22150_p2 SOURCE /tools/Xilinx/Vitis_HLS/2022.2/common/technology/autopilot/ap_int_base.h:840 VARIABLE add_ln840_577 LOOP VITIS_LOOP_249_1 BUNDLEDNAME {} DSP 0 BRAM 0 URAM 0 DISPNAME {bind_op add}} {BINDTYPE op ID {} IMPL fabric LATENCY 0 OPTYPE add PRAGMA {} RTLNAME add_ln840_578_fu_22160_p2 SOURCE /tools/Xilinx/Vitis_HLS/2022.2/common/technology/autopilot/ap_int_base.h:840 VARIABLE add_ln840_578 LOOP VITIS_LOOP_249_1 BUNDLEDNAME {} DSP 0 BRAM 0 URAM 0 DISPNAME {bind_op add}} {BINDTYPE op ID {} IMPL fabric LATENCY 0 OPTYPE add PRAGMA {} RTLNAME add_ln840_579_fu_22170_p2 SOURCE /tools/Xilinx/Vitis_HLS/2022.2/common/technology/autopilot/ap_int_base.h:840 VARIABLE add_ln840_579 LOOP VITIS_LOOP_249_1 BUNDLEDNAME {} DSP 0 BRAM 0 URAM 0 DISPNAME {bind_op add}} {BINDTYPE op ID {} IMPL fabric LATENCY 0 OPTYPE add PRAGMA {} RTLNAME add_ln840_584_fu_22337_p2 SOURCE /tools/Xilinx/Vitis_HLS/2022.2/common/technology/autopilot/ap_int_base.h:840 VARIABLE add_ln840_584 LOOP VITIS_LOOP_249_1 BUNDLEDNAME {} DSP 0 BRAM 0 URAM 0 DISPNAME {bind_op add}} {BINDTYPE op ID {} IMPL fabric LATENCY 0 OPTYPE add PRAGMA {} RTLNAME add_ln840_585_fu_22347_p2 SOURCE /tools/Xilinx/Vitis_HLS/2022.2/common/technology/autopilot/ap_int_base.h:840 VARIABLE add_ln840_585 LOOP VITIS_LOOP_249_1 BUNDLEDNAME {} DSP 0 BRAM 0 URAM 0 DISPNAME {bind_op add}} {BINDTYPE op ID {} IMPL fabric LATENCY 0 OPTYPE add PRAGMA {} RTLNAME add_ln840_588_fu_22369_p2 SOURCE /tools/Xilinx/Vitis_HLS/2022.2/common/technology/autopilot/ap_int_base.h:840 VARIABLE add_ln840_588 LOOP VITIS_LOOP_249_1 BUNDLEDNAME {} DSP 0 BRAM 0 URAM 0 DISPNAME {bind_op add}} {BINDTYPE op ID {} IMPL fabric LATENCY 0 OPTYPE add PRAGMA {} RTLNAME add_ln840_589_fu_22379_p2 SOURCE /tools/Xilinx/Vitis_HLS/2022.2/common/technology/autopilot/ap_int_base.h:840 VARIABLE add_ln840_589 LOOP VITIS_LOOP_249_1 BUNDLEDNAME {} DSP 0 BRAM 0 URAM 0 DISPNAME {bind_op add}} {BINDTYPE op ID {} IMPL fabric LATENCY 0 OPTYPE add PRAGMA {} RTLNAME add_ln840_590_fu_22389_p2 SOURCE /tools/Xilinx/Vitis_HLS/2022.2/common/technology/autopilot/ap_int_base.h:840 VARIABLE add_ln840_590 LOOP VITIS_LOOP_249_1 BUNDLEDNAME {} DSP 0 BRAM 0 URAM 0 DISPNAME {bind_op add}} {BINDTYPE op ID {} IMPL fabric LATENCY 0 OPTYPE add PRAGMA {} RTLNAME add_ln840_591_fu_22395_p2 SOURCE /tools/Xilinx/Vitis_HLS/2022.2/common/technology/autopilot/ap_int_base.h:840 VARIABLE add_ln840_591 LOOP VITIS_LOOP_249_1 BUNDLEDNAME {} DSP 0 BRAM 0 URAM 0 DISPNAME {bind_op add}} {BINDTYPE op ID {} IMPL fabric LATENCY 0 OPTYPE add PRAGMA {} RTLNAME add_ln840_592_fu_22405_p2 SOURCE /tools/Xilinx/Vitis_HLS/2022.2/common/technology/autopilot/ap_int_base.h:840 VARIABLE add_ln840_592 LOOP VITIS_LOOP_249_1 BUNDLEDNAME {} DSP 0 BRAM 0 URAM 0 DISPNAME {bind_op add}} {BINDTYPE op ID {} IMPL fabric LATENCY 0 OPTYPE add PRAGMA {} RTLNAME add_ln840_593_fu_22415_p2 SOURCE /tools/Xilinx/Vitis_HLS/2022.2/common/technology/autopilot/ap_int_base.h:840 VARIABLE add_ln840_593 LOOP VITIS_LOOP_249_1 BUNDLEDNAME {} DSP 0 BRAM 0 URAM 0 DISPNAME {bind_op add}} {BINDTYPE op ID {} IMPL fabric LATENCY 0 OPTYPE add PRAGMA {} RTLNAME add_ln840_598_fu_22582_p2 SOURCE /tools/Xilinx/Vitis_HLS/2022.2/common/technology/autopilot/ap_int_base.h:840 VARIABLE add_ln840_598 LOOP VITIS_LOOP_249_1 BUNDLEDNAME {} DSP 0 BRAM 0 URAM 0 DISPNAME {bind_op add}} {BINDTYPE op ID {} IMPL fabric LATENCY 0 OPTYPE add PRAGMA {} RTLNAME add_ln840_599_fu_22592_p2 SOURCE /tools/Xilinx/Vitis_HLS/2022.2/common/technology/autopilot/ap_int_base.h:840 VARIABLE add_ln840_599 LOOP VITIS_LOOP_249_1 BUNDLEDNAME {} DSP 0 BRAM 0 URAM 0 DISPNAME {bind_op add}} {BINDTYPE op ID {} IMPL fabric LATENCY 0 OPTYPE add PRAGMA {} RTLNAME add_ln840_602_fu_22614_p2 SOURCE /tools/Xilinx/Vitis_HLS/2022.2/common/technology/autopilot/ap_int_base.h:840 VARIABLE add_ln840_602 LOOP VITIS_LOOP_249_1 BUNDLEDNAME {} DSP 0 BRAM 0 URAM 0 DISPNAME {bind_op add}} {BINDTYPE op ID {} IMPL fabric LATENCY 0 OPTYPE add PRAGMA {} RTLNAME add_ln840_603_fu_22624_p2 SOURCE /tools/Xilinx/Vitis_HLS/2022.2/common/technology/autopilot/ap_int_base.h:840 VARIABLE add_ln840_603 LOOP VITIS_LOOP_249_1 BUNDLEDNAME {} DSP 0 BRAM 0 URAM 0 DISPNAME {bind_op add}} {BINDTYPE op ID {} IMPL fabric LATENCY 0 OPTYPE add PRAGMA {} RTLNAME add_ln840_604_fu_22634_p2 SOURCE /tools/Xilinx/Vitis_HLS/2022.2/common/technology/autopilot/ap_int_base.h:840 VARIABLE add_ln840_604 LOOP VITIS_LOOP_249_1 BUNDLEDNAME {} DSP 0 BRAM 0 URAM 0 DISPNAME {bind_op add}} {BINDTYPE op ID {} IMPL fabric LATENCY 0 OPTYPE add PRAGMA {} RTLNAME add_ln840_605_fu_22640_p2 SOURCE /tools/Xilinx/Vitis_HLS/2022.2/common/technology/autopilot/ap_int_base.h:840 VARIABLE add_ln840_605 LOOP VITIS_LOOP_249_1 BUNDLEDNAME {} DSP 0 BRAM 0 URAM 0 DISPNAME {bind_op add}} {BINDTYPE op ID {} IMPL fabric LATENCY 0 OPTYPE add PRAGMA {} RTLNAME add_ln840_606_fu_22650_p2 SOURCE /tools/Xilinx/Vitis_HLS/2022.2/common/technology/autopilot/ap_int_base.h:840 VARIABLE add_ln840_606 LOOP VITIS_LOOP_249_1 BUNDLEDNAME {} DSP 0 BRAM 0 URAM 0 DISPNAME {bind_op add}} {BINDTYPE op ID {} IMPL fabric LATENCY 0 OPTYPE add PRAGMA {} RTLNAME add_ln840_607_fu_22660_p2 SOURCE /tools/Xilinx/Vitis_HLS/2022.2/common/technology/autopilot/ap_int_base.h:840 VARIABLE add_ln840_607 LOOP VITIS_LOOP_249_1 BUNDLEDNAME {} DSP 0 BRAM 0 URAM 0 DISPNAME {bind_op add}} {BINDTYPE op ID {} IMPL fabric LATENCY 0 OPTYPE add PRAGMA {} RTLNAME add_ln840_612_fu_22827_p2 SOURCE /tools/Xilinx/Vitis_HLS/2022.2/common/technology/autopilot/ap_int_base.h:840 VARIABLE add_ln840_612 LOOP VITIS_LOOP_249_1 BUNDLEDNAME {} DSP 0 BRAM 0 URAM 0 DISPNAME {bind_op add}} {BINDTYPE op ID {} IMPL fabric LATENCY 0 OPTYPE add PRAGMA {} RTLNAME add_ln840_613_fu_22837_p2 SOURCE /tools/Xilinx/Vitis_HLS/2022.2/common/technology/autopilot/ap_int_base.h:840 VARIABLE add_ln840_613 LOOP VITIS_LOOP_249_1 BUNDLEDNAME {} DSP 0 BRAM 0 URAM 0 DISPNAME {bind_op add}} {BINDTYPE op ID {} IMPL fabric LATENCY 0 OPTYPE add PRAGMA {} RTLNAME add_ln840_616_fu_22859_p2 SOURCE /tools/Xilinx/Vitis_HLS/2022.2/common/technology/autopilot/ap_int_base.h:840 VARIABLE add_ln840_616 LOOP VITIS_LOOP_249_1 BUNDLEDNAME {} DSP 0 BRAM 0 URAM 0 DISPNAME {bind_op add}} {BINDTYPE op ID {} IMPL fabric LATENCY 0 OPTYPE add PRAGMA {} RTLNAME add_ln840_617_fu_22869_p2 SOURCE /tools/Xilinx/Vitis_HLS/2022.2/common/technology/autopilot/ap_int_base.h:840 VARIABLE add_ln840_617 LOOP VITIS_LOOP_249_1 BUNDLEDNAME {} DSP 0 BRAM 0 URAM 0 DISPNAME {bind_op add}} {BINDTYPE op ID {} IMPL fabric LATENCY 0 OPTYPE add PRAGMA {} RTLNAME add_ln840_618_fu_22879_p2 SOURCE /tools/Xilinx/Vitis_HLS/2022.2/common/technology/autopilot/ap_int_base.h:840 VARIABLE add_ln840_618 LOOP VITIS_LOOP_249_1 BUNDLEDNAME {} DSP 0 BRAM 0 URAM 0 DISPNAME {bind_op add}} {BINDTYPE op ID {} IMPL fabric LATENCY 0 OPTYPE add PRAGMA {} RTLNAME add_ln840_619_fu_22885_p2 SOURCE /tools/Xilinx/Vitis_HLS/2022.2/common/technology/autopilot/ap_int_base.h:840 VARIABLE add_ln840_619 LOOP VITIS_LOOP_249_1 BUNDLEDNAME {} DSP 0 BRAM 0 URAM 0 DISPNAME {bind_op add}} {BINDTYPE op ID {} IMPL fabric LATENCY 0 OPTYPE add PRAGMA {} RTLNAME add_ln840_620_fu_22895_p2 SOURCE /tools/Xilinx/Vitis_HLS/2022.2/common/technology/autopilot/ap_int_base.h:840 VARIABLE add_ln840_620 LOOP VITIS_LOOP_249_1 BUNDLEDNAME {} DSP 0 BRAM 0 URAM 0 DISPNAME {bind_op add}} {BINDTYPE op ID {} IMPL fabric LATENCY 0 OPTYPE add PRAGMA {} RTLNAME add_ln840_621_fu_22905_p2 SOURCE /tools/Xilinx/Vitis_HLS/2022.2/common/technology/autopilot/ap_int_base.h:840 VARIABLE add_ln840_621 LOOP VITIS_LOOP_249_1 BUNDLEDNAME {} DSP 0 BRAM 0 URAM 0 DISPNAME {bind_op add}} {BINDTYPE op ID {} IMPL fabric LATENCY 0 OPTYPE add PRAGMA {} RTLNAME add_ln840_626_fu_23072_p2 SOURCE /tools/Xilinx/Vitis_HLS/2022.2/common/technology/autopilot/ap_int_base.h:840 VARIABLE add_ln840_626 LOOP VITIS_LOOP_249_1 BUNDLEDNAME {} DSP 0 BRAM 0 URAM 0 DISPNAME {bind_op add}} {BINDTYPE op ID {} IMPL fabric LATENCY 0 OPTYPE add PRAGMA {} RTLNAME add_ln840_627_fu_23082_p2 SOURCE /tools/Xilinx/Vitis_HLS/2022.2/common/technology/autopilot/ap_int_base.h:840 VARIABLE add_ln840_627 LOOP VITIS_LOOP_249_1 BUNDLEDNAME {} DSP 0 BRAM 0 URAM 0 DISPNAME {bind_op add}} {BINDTYPE op ID {} IMPL fabric LATENCY 0 OPTYPE add PRAGMA {} RTLNAME add_ln840_630_fu_23104_p2 SOURCE /tools/Xilinx/Vitis_HLS/2022.2/common/technology/autopilot/ap_int_base.h:840 VARIABLE add_ln840_630 LOOP VITIS_LOOP_249_1 BUNDLEDNAME {} DSP 0 BRAM 0 URAM 0 DISPNAME {bind_op add}} {BINDTYPE op ID {} IMPL fabric LATENCY 0 OPTYPE add PRAGMA {} RTLNAME add_ln840_631_fu_23114_p2 SOURCE /tools/Xilinx/Vitis_HLS/2022.2/common/technology/autopilot/ap_int_base.h:840 VARIABLE add_ln840_631 LOOP VITIS_LOOP_249_1 BUNDLEDNAME {} DSP 0 BRAM 0 URAM 0 DISPNAME {bind_op add}} {BINDTYPE op ID {} IMPL fabric LATENCY 0 OPTYPE add PRAGMA {} RTLNAME add_ln840_632_fu_23124_p2 SOURCE /tools/Xilinx/Vitis_HLS/2022.2/common/technology/autopilot/ap_int_base.h:840 VARIABLE add_ln840_632 LOOP VITIS_LOOP_249_1 BUNDLEDNAME {} DSP 0 BRAM 0 URAM 0 DISPNAME {bind_op add}} {BINDTYPE op ID {} IMPL fabric LATENCY 0 OPTYPE add PRAGMA {} RTLNAME add_ln840_633_fu_23130_p2 SOURCE /tools/Xilinx/Vitis_HLS/2022.2/common/technology/autopilot/ap_int_base.h:840 VARIABLE add_ln840_633 LOOP VITIS_LOOP_249_1 BUNDLEDNAME {} DSP 0 BRAM 0 URAM 0 DISPNAME {bind_op add}} {BINDTYPE op ID {} IMPL fabric LATENCY 0 OPTYPE add PRAGMA {} RTLNAME add_ln840_634_fu_23140_p2 SOURCE /tools/Xilinx/Vitis_HLS/2022.2/common/technology/autopilot/ap_int_base.h:840 VARIABLE add_ln840_634 LOOP VITIS_LOOP_249_1 BUNDLEDNAME {} DSP 0 BRAM 0 URAM 0 DISPNAME {bind_op add}} {BINDTYPE op ID {} IMPL fabric LATENCY 0 OPTYPE add PRAGMA {} RTLNAME add_ln840_635_fu_23150_p2 SOURCE /tools/Xilinx/Vitis_HLS/2022.2/common/technology/autopilot/ap_int_base.h:840 VARIABLE add_ln840_635 LOOP VITIS_LOOP_249_1 BUNDLEDNAME {} DSP 0 BRAM 0 URAM 0 DISPNAME {bind_op add}} {BINDTYPE op ID {} IMPL fabric LATENCY 0 OPTYPE add PRAGMA {} RTLNAME add_ln840_640_fu_23317_p2 SOURCE /tools/Xilinx/Vitis_HLS/2022.2/common/technology/autopilot/ap_int_base.h:840 VARIABLE add_ln840_640 LOOP VITIS_LOOP_249_1 BUNDLEDNAME {} DSP 0 BRAM 0 URAM 0 DISPNAME {bind_op add}} {BINDTYPE op ID {} IMPL fabric LATENCY 0 OPTYPE add PRAGMA {} RTLNAME add_ln840_641_fu_23327_p2 SOURCE /tools/Xilinx/Vitis_HLS/2022.2/common/technology/autopilot/ap_int_base.h:840 VARIABLE add_ln840_641 LOOP VITIS_LOOP_249_1 BUNDLEDNAME {} DSP 0 BRAM 0 URAM 0 DISPNAME {bind_op add}} {BINDTYPE op ID {} IMPL fabric LATENCY 0 OPTYPE add PRAGMA {} RTLNAME add_ln840_644_fu_23349_p2 SOURCE /tools/Xilinx/Vitis_HLS/2022.2/common/technology/autopilot/ap_int_base.h:840 VARIABLE add_ln840_644 LOOP VITIS_LOOP_249_1 BUNDLEDNAME {} DSP 0 BRAM 0 URAM 0 DISPNAME {bind_op add}} {BINDTYPE op ID {} IMPL fabric LATENCY 0 OPTYPE add PRAGMA {} RTLNAME add_ln840_645_fu_23359_p2 SOURCE /tools/Xilinx/Vitis_HLS/2022.2/common/technology/autopilot/ap_int_base.h:840 VARIABLE add_ln840_645 LOOP VITIS_LOOP_249_1 BUNDLEDNAME {} DSP 0 BRAM 0 URAM 0 DISPNAME {bind_op add}} {BINDTYPE op ID {} IMPL fabric LATENCY 0 OPTYPE add PRAGMA {} RTLNAME add_ln840_646_fu_23369_p2 SOURCE /tools/Xilinx/Vitis_HLS/2022.2/common/technology/autopilot/ap_int_base.h:840 VARIABLE add_ln840_646 LOOP VITIS_LOOP_249_1 BUNDLEDNAME {} DSP 0 BRAM 0 URAM 0 DISPNAME {bind_op add}} {BINDTYPE op ID {} IMPL fabric LATENCY 0 OPTYPE add PRAGMA {} RTLNAME add_ln840_647_fu_23375_p2 SOURCE /tools/Xilinx/Vitis_HLS/2022.2/common/technology/autopilot/ap_int_base.h:840 VARIABLE add_ln840_647 LOOP VITIS_LOOP_249_1 BUNDLEDNAME {} DSP 0 BRAM 0 URAM 0 DISPNAME {bind_op add}} {BINDTYPE op ID {} IMPL fabric LATENCY 0 OPTYPE add PRAGMA {} RTLNAME add_ln840_648_fu_23385_p2 SOURCE /tools/Xilinx/Vitis_HLS/2022.2/common/technology/autopilot/ap_int_base.h:840 VARIABLE add_ln840_648 LOOP VITIS_LOOP_249_1 BUNDLEDNAME {} DSP 0 BRAM 0 URAM 0 DISPNAME {bind_op add}} {BINDTYPE op ID {} IMPL fabric LATENCY 0 OPTYPE add PRAGMA {} RTLNAME add_ln840_649_fu_23395_p2 SOURCE /tools/Xilinx/Vitis_HLS/2022.2/common/technology/autopilot/ap_int_base.h:840 VARIABLE add_ln840_649 LOOP VITIS_LOOP_249_1 BUNDLEDNAME {} DSP 0 BRAM 0 URAM 0 DISPNAME {bind_op add}} {BINDTYPE op ID {} IMPL fabric LATENCY 0 OPTYPE add PRAGMA {} RTLNAME add_ln840_654_fu_23562_p2 SOURCE /tools/Xilinx/Vitis_HLS/2022.2/common/technology/autopilot/ap_int_base.h:840 VARIABLE add_ln840_654 LOOP VITIS_LOOP_249_1 BUNDLEDNAME {} DSP 0 BRAM 0 URAM 0 DISPNAME {bind_op add}} {BINDTYPE op ID {} IMPL fabric LATENCY 0 OPTYPE add PRAGMA {} RTLNAME add_ln840_655_fu_23572_p2 SOURCE /tools/Xilinx/Vitis_HLS/2022.2/common/technology/autopilot/ap_int_base.h:840 VARIABLE add_ln840_655 LOOP VITIS_LOOP_249_1 BUNDLEDNAME {} DSP 0 BRAM 0 URAM 0 DISPNAME {bind_op add}} {BINDTYPE op ID {} IMPL fabric LATENCY 0 OPTYPE add PRAGMA {} RTLNAME add_ln840_658_fu_23594_p2 SOURCE /tools/Xilinx/Vitis_HLS/2022.2/common/technology/autopilot/ap_int_base.h:840 VARIABLE add_ln840_658 LOOP VITIS_LOOP_249_1 BUNDLEDNAME {} DSP 0 BRAM 0 URAM 0 DISPNAME {bind_op add}} {BINDTYPE op ID {} IMPL fabric LATENCY 0 OPTYPE add PRAGMA {} RTLNAME add_ln840_659_fu_23604_p2 SOURCE /tools/Xilinx/Vitis_HLS/2022.2/common/technology/autopilot/ap_int_base.h:840 VARIABLE add_ln840_659 LOOP VITIS_LOOP_249_1 BUNDLEDNAME {} DSP 0 BRAM 0 URAM 0 DISPNAME {bind_op add}} {BINDTYPE op ID {} IMPL fabric LATENCY 0 OPTYPE add PRAGMA {} RTLNAME add_ln840_660_fu_23614_p2 SOURCE /tools/Xilinx/Vitis_HLS/2022.2/common/technology/autopilot/ap_int_base.h:840 VARIABLE add_ln840_660 LOOP VITIS_LOOP_249_1 BUNDLEDNAME {} DSP 0 BRAM 0 URAM 0 DISPNAME {bind_op add}} {BINDTYPE op ID {} IMPL fabric LATENCY 0 OPTYPE add PRAGMA {} RTLNAME add_ln840_661_fu_23620_p2 SOURCE /tools/Xilinx/Vitis_HLS/2022.2/common/technology/autopilot/ap_int_base.h:840 VARIABLE add_ln840_661 LOOP VITIS_LOOP_249_1 BUNDLEDNAME {} DSP 0 BRAM 0 URAM 0 DISPNAME {bind_op add}} {BINDTYPE op ID {} IMPL fabric LATENCY 0 OPTYPE add PRAGMA {} RTLNAME add_ln840_662_fu_23630_p2 SOURCE /tools/Xilinx/Vitis_HLS/2022.2/common/technology/autopilot/ap_int_base.h:840 VARIABLE add_ln840_662 LOOP VITIS_LOOP_249_1 BUNDLEDNAME {} DSP 0 BRAM 0 URAM 0 DISPNAME {bind_op add}} {BINDTYPE op ID {} IMPL fabric LATENCY 0 OPTYPE add PRAGMA {} RTLNAME add_ln840_663_fu_23640_p2 SOURCE /tools/Xilinx/Vitis_HLS/2022.2/common/technology/autopilot/ap_int_base.h:840 VARIABLE add_ln840_663 LOOP VITIS_LOOP_249_1 BUNDLEDNAME {} DSP 0 BRAM 0 URAM 0 DISPNAME {bind_op add}} {BINDTYPE op ID {} IMPL fabric LATENCY 0 OPTYPE add PRAGMA {} RTLNAME add_ln840_668_fu_23807_p2 SOURCE /tools/Xilinx/Vitis_HLS/2022.2/common/technology/autopilot/ap_int_base.h:840 VARIABLE add_ln840_668 LOOP VITIS_LOOP_249_1 BUNDLEDNAME {} DSP 0 BRAM 0 URAM 0 DISPNAME {bind_op add}} {BINDTYPE op ID {} IMPL fabric LATENCY 0 OPTYPE add PRAGMA {} RTLNAME add_ln840_669_fu_23817_p2 SOURCE /tools/Xilinx/Vitis_HLS/2022.2/common/technology/autopilot/ap_int_base.h:840 VARIABLE add_ln840_669 LOOP VITIS_LOOP_249_1 BUNDLEDNAME {} DSP 0 BRAM 0 URAM 0 DISPNAME {bind_op add}} {BINDTYPE op ID {} IMPL fabric LATENCY 0 OPTYPE add PRAGMA {} RTLNAME add_ln840_672_fu_23839_p2 SOURCE /tools/Xilinx/Vitis_HLS/2022.2/common/technology/autopilot/ap_int_base.h:840 VARIABLE add_ln840_672 LOOP VITIS_LOOP_249_1 BUNDLEDNAME {} DSP 0 BRAM 0 URAM 0 DISPNAME {bind_op add}} {BINDTYPE op ID {} IMPL fabric LATENCY 0 OPTYPE add PRAGMA {} RTLNAME add_ln840_673_fu_23849_p2 SOURCE /tools/Xilinx/Vitis_HLS/2022.2/common/technology/autopilot/ap_int_base.h:840 VARIABLE add_ln840_673 LOOP VITIS_LOOP_249_1 BUNDLEDNAME {} DSP 0 BRAM 0 URAM 0 DISPNAME {bind_op add}} {BINDTYPE op ID {} IMPL fabric LATENCY 0 OPTYPE add PRAGMA {} RTLNAME add_ln840_674_fu_23859_p2 SOURCE /tools/Xilinx/Vitis_HLS/2022.2/common/technology/autopilot/ap_int_base.h:840 VARIABLE add_ln840_674 LOOP VITIS_LOOP_249_1 BUNDLEDNAME {} DSP 0 BRAM 0 URAM 0 DISPNAME {bind_op add}} {BINDTYPE op ID {} IMPL fabric LATENCY 0 OPTYPE add PRAGMA {} RTLNAME add_ln840_675_fu_23865_p2 SOURCE /tools/Xilinx/Vitis_HLS/2022.2/common/technology/autopilot/ap_int_base.h:840 VARIABLE add_ln840_675 LOOP VITIS_LOOP_249_1 BUNDLEDNAME {} DSP 0 BRAM 0 URAM 0 DISPNAME {bind_op add}} {BINDTYPE op ID {} IMPL fabric LATENCY 0 OPTYPE add PRAGMA {} RTLNAME add_ln840_676_fu_23875_p2 SOURCE /tools/Xilinx/Vitis_HLS/2022.2/common/technology/autopilot/ap_int_base.h:840 VARIABLE add_ln840_676 LOOP VITIS_LOOP_249_1 BUNDLEDNAME {} DSP 0 BRAM 0 URAM 0 DISPNAME {bind_op add}} {BINDTYPE op ID {} IMPL fabric LATENCY 0 OPTYPE add PRAGMA {} RTLNAME add_ln840_677_fu_23885_p2 SOURCE /tools/Xilinx/Vitis_HLS/2022.2/common/technology/autopilot/ap_int_base.h:840 VARIABLE add_ln840_677 LOOP VITIS_LOOP_249_1 BUNDLEDNAME {} DSP 0 BRAM 0 URAM 0 DISPNAME {bind_op add}} {BINDTYPE op ID {} IMPL fabric LATENCY 0 OPTYPE add PRAGMA {} RTLNAME add_ln840_682_fu_24052_p2 SOURCE /tools/Xilinx/Vitis_HLS/2022.2/common/technology/autopilot/ap_int_base.h:840 VARIABLE add_ln840_682 LOOP VITIS_LOOP_249_1 BUNDLEDNAME {} DSP 0 BRAM 0 URAM 0 DISPNAME {bind_op add}} {BINDTYPE op ID {} IMPL fabric LATENCY 0 OPTYPE add PRAGMA {} RTLNAME add_ln840_683_fu_24062_p2 SOURCE /tools/Xilinx/Vitis_HLS/2022.2/common/technology/autopilot/ap_int_base.h:840 VARIABLE add_ln840_683 LOOP VITIS_LOOP_249_1 BUNDLEDNAME {} DSP 0 BRAM 0 URAM 0 DISPNAME {bind_op add}} {BINDTYPE op ID {} IMPL fabric LATENCY 0 OPTYPE add PRAGMA {} RTLNAME add_ln840_686_fu_24084_p2 SOURCE /tools/Xilinx/Vitis_HLS/2022.2/common/technology/autopilot/ap_int_base.h:840 VARIABLE add_ln840_686 LOOP VITIS_LOOP_249_1 BUNDLEDNAME {} DSP 0 BRAM 0 URAM 0 DISPNAME {bind_op add}} {BINDTYPE op ID {} IMPL fabric LATENCY 0 OPTYPE add PRAGMA {} RTLNAME add_ln840_687_fu_24094_p2 SOURCE /tools/Xilinx/Vitis_HLS/2022.2/common/technology/autopilot/ap_int_base.h:840 VARIABLE add_ln840_687 LOOP VITIS_LOOP_249_1 BUNDLEDNAME {} DSP 0 BRAM 0 URAM 0 DISPNAME {bind_op add}} {BINDTYPE op ID {} IMPL fabric LATENCY 0 OPTYPE add PRAGMA {} RTLNAME add_ln840_688_fu_24104_p2 SOURCE /tools/Xilinx/Vitis_HLS/2022.2/common/technology/autopilot/ap_int_base.h:840 VARIABLE add_ln840_688 LOOP VITIS_LOOP_249_1 BUNDLEDNAME {} DSP 0 BRAM 0 URAM 0 DISPNAME {bind_op add}} {BINDTYPE op ID {} IMPL fabric LATENCY 0 OPTYPE add PRAGMA {} RTLNAME add_ln840_689_fu_24110_p2 SOURCE /tools/Xilinx/Vitis_HLS/2022.2/common/technology/autopilot/ap_int_base.h:840 VARIABLE add_ln840_689 LOOP VITIS_LOOP_249_1 BUNDLEDNAME {} DSP 0 BRAM 0 URAM 0 DISPNAME {bind_op add}} {BINDTYPE op ID {} IMPL fabric LATENCY 0 OPTYPE add PRAGMA {} RTLNAME add_ln840_690_fu_24120_p2 SOURCE /tools/Xilinx/Vitis_HLS/2022.2/common/technology/autopilot/ap_int_base.h:840 VARIABLE add_ln840_690 LOOP VITIS_LOOP_249_1 BUNDLEDNAME {} DSP 0 BRAM 0 URAM 0 DISPNAME {bind_op add}} {BINDTYPE op ID {} IMPL fabric LATENCY 0 OPTYPE add PRAGMA {} RTLNAME add_ln840_691_fu_24130_p2 SOURCE /tools/Xilinx/Vitis_HLS/2022.2/common/technology/autopilot/ap_int_base.h:840 VARIABLE add_ln840_691 LOOP VITIS_LOOP_249_1 BUNDLEDNAME {} DSP 0 BRAM 0 URAM 0 DISPNAME {bind_op add}} {BINDTYPE op ID {} IMPL fabric LATENCY 0 OPTYPE add PRAGMA {} RTLNAME add_ln840_696_fu_24297_p2 SOURCE /tools/Xilinx/Vitis_HLS/2022.2/common/technology/autopilot/ap_int_base.h:840 VARIABLE add_ln840_696 LOOP VITIS_LOOP_249_1 BUNDLEDNAME {} DSP 0 BRAM 0 URAM 0 DISPNAME {bind_op add}} {BINDTYPE op ID {} IMPL fabric LATENCY 0 OPTYPE add PRAGMA {} RTLNAME add_ln840_697_fu_24307_p2 SOURCE /tools/Xilinx/Vitis_HLS/2022.2/common/technology/autopilot/ap_int_base.h:840 VARIABLE add_ln840_697 LOOP VITIS_LOOP_249_1 BUNDLEDNAME {} DSP 0 BRAM 0 URAM 0 DISPNAME {bind_op add}} {BINDTYPE op ID {} IMPL fabric LATENCY 0 OPTYPE add PRAGMA {} RTLNAME add_ln840_700_fu_24329_p2 SOURCE /tools/Xilinx/Vitis_HLS/2022.2/common/technology/autopilot/ap_int_base.h:840 VARIABLE add_ln840_700 LOOP VITIS_LOOP_249_1 BUNDLEDNAME {} DSP 0 BRAM 0 URAM 0 DISPNAME {bind_op add}} {BINDTYPE op ID {} IMPL fabric LATENCY 0 OPTYPE add PRAGMA {} RTLNAME add_ln840_701_fu_24339_p2 SOURCE /tools/Xilinx/Vitis_HLS/2022.2/common/technology/autopilot/ap_int_base.h:840 VARIABLE add_ln840_701 LOOP VITIS_LOOP_249_1 BUNDLEDNAME {} DSP 0 BRAM 0 URAM 0 DISPNAME {bind_op add}} {BINDTYPE op ID {} IMPL fabric LATENCY 0 OPTYPE add PRAGMA {} RTLNAME add_ln840_702_fu_24349_p2 SOURCE /tools/Xilinx/Vitis_HLS/2022.2/common/technology/autopilot/ap_int_base.h:840 VARIABLE add_ln840_702 LOOP VITIS_LOOP_249_1 BUNDLEDNAME {} DSP 0 BRAM 0 URAM 0 DISPNAME {bind_op add}} {BINDTYPE op ID {} IMPL fabric LATENCY 0 OPTYPE add PRAGMA {} RTLNAME add_ln840_703_fu_24355_p2 SOURCE /tools/Xilinx/Vitis_HLS/2022.2/common/technology/autopilot/ap_int_base.h:840 VARIABLE add_ln840_703 LOOP VITIS_LOOP_249_1 BUNDLEDNAME {} DSP 0 BRAM 0 URAM 0 DISPNAME {bind_op add}} {BINDTYPE op ID {} IMPL fabric LATENCY 0 OPTYPE add PRAGMA {} RTLNAME add_ln840_704_fu_24365_p2 SOURCE /tools/Xilinx/Vitis_HLS/2022.2/common/technology/autopilot/ap_int_base.h:840 VARIABLE add_ln840_704 LOOP VITIS_LOOP_249_1 BUNDLEDNAME {} DSP 0 BRAM 0 URAM 0 DISPNAME {bind_op add}} {BINDTYPE op ID {} IMPL fabric LATENCY 0 OPTYPE add PRAGMA {} RTLNAME add_ln840_705_fu_24375_p2 SOURCE /tools/Xilinx/Vitis_HLS/2022.2/common/technology/autopilot/ap_int_base.h:840 VARIABLE add_ln840_705 LOOP VITIS_LOOP_249_1 BUNDLEDNAME {} DSP 0 BRAM 0 URAM 0 DISPNAME {bind_op add}} {BINDTYPE op ID {} IMPL fabric LATENCY 0 OPTYPE add PRAGMA {} RTLNAME add_ln840_710_fu_24542_p2 SOURCE /tools/Xilinx/Vitis_HLS/2022.2/common/technology/autopilot/ap_int_base.h:840 VARIABLE add_ln840_710 LOOP VITIS_LOOP_249_1 BUNDLEDNAME {} DSP 0 BRAM 0 URAM 0 DISPNAME {bind_op add}} {BINDTYPE op ID {} IMPL fabric LATENCY 0 OPTYPE add PRAGMA {} RTLNAME add_ln840_711_fu_24552_p2 SOURCE /tools/Xilinx/Vitis_HLS/2022.2/common/technology/autopilot/ap_int_base.h:840 VARIABLE add_ln840_711 LOOP VITIS_LOOP_249_1 BUNDLEDNAME {} DSP 0 BRAM 0 URAM 0 DISPNAME {bind_op add}} {BINDTYPE op ID {} IMPL fabric LATENCY 0 OPTYPE add PRAGMA {} RTLNAME add_ln840_714_fu_24574_p2 SOURCE /tools/Xilinx/Vitis_HLS/2022.2/common/technology/autopilot/ap_int_base.h:840 VARIABLE add_ln840_714 LOOP VITIS_LOOP_249_1 BUNDLEDNAME {} DSP 0 BRAM 0 URAM 0 DISPNAME {bind_op add}} {BINDTYPE op ID {} IMPL fabric LATENCY 0 OPTYPE add PRAGMA {} RTLNAME add_ln840_715_fu_24584_p2 SOURCE /tools/Xilinx/Vitis_HLS/2022.2/common/technology/autopilot/ap_int_base.h:840 VARIABLE add_ln840_715 LOOP VITIS_LOOP_249_1 BUNDLEDNAME {} DSP 0 BRAM 0 URAM 0 DISPNAME {bind_op add}} {BINDTYPE op ID {} IMPL fabric LATENCY 0 OPTYPE add PRAGMA {} RTLNAME add_ln840_716_fu_24594_p2 SOURCE /tools/Xilinx/Vitis_HLS/2022.2/common/technology/autopilot/ap_int_base.h:840 VARIABLE add_ln840_716 LOOP VITIS_LOOP_249_1 BUNDLEDNAME {} DSP 0 BRAM 0 URAM 0 DISPNAME {bind_op add}} {BINDTYPE op ID {} IMPL fabric LATENCY 0 OPTYPE add PRAGMA {} RTLNAME add_ln840_717_fu_24600_p2 SOURCE /tools/Xilinx/Vitis_HLS/2022.2/common/technology/autopilot/ap_int_base.h:840 VARIABLE add_ln840_717 LOOP VITIS_LOOP_249_1 BUNDLEDNAME {} DSP 0 BRAM 0 URAM 0 DISPNAME {bind_op add}} {BINDTYPE op ID {} IMPL fabric LATENCY 0 OPTYPE add PRAGMA {} RTLNAME add_ln840_718_fu_24610_p2 SOURCE /tools/Xilinx/Vitis_HLS/2022.2/common/technology/autopilot/ap_int_base.h:840 VARIABLE add_ln840_718 LOOP VITIS_LOOP_249_1 BUNDLEDNAME {} DSP 0 BRAM 0 URAM 0 DISPNAME {bind_op add}} {BINDTYPE op ID {} IMPL fabric LATENCY 0 OPTYPE add PRAGMA {} RTLNAME add_ln840_719_fu_24620_p2 SOURCE /tools/Xilinx/Vitis_HLS/2022.2/common/technology/autopilot/ap_int_base.h:840 VARIABLE add_ln840_719 LOOP VITIS_LOOP_249_1 BUNDLEDNAME {} DSP 0 BRAM 0 URAM 0 DISPNAME {bind_op add}} {BINDTYPE op ID {} IMPL fabric LATENCY 0 OPTYPE add PRAGMA {} RTLNAME add_ln840_724_fu_24787_p2 SOURCE /tools/Xilinx/Vitis_HLS/2022.2/common/technology/autopilot/ap_int_base.h:840 VARIABLE add_ln840_724 LOOP VITIS_LOOP_249_1 BUNDLEDNAME {} DSP 0 BRAM 0 URAM 0 DISPNAME {bind_op add}} {BINDTYPE op ID {} IMPL fabric LATENCY 0 OPTYPE add PRAGMA {} RTLNAME add_ln840_725_fu_24797_p2 SOURCE /tools/Xilinx/Vitis_HLS/2022.2/common/technology/autopilot/ap_int_base.h:840 VARIABLE add_ln840_725 LOOP VITIS_LOOP_249_1 BUNDLEDNAME {} DSP 0 BRAM 0 URAM 0 DISPNAME {bind_op add}} {BINDTYPE op ID {} IMPL fabric LATENCY 0 OPTYPE add PRAGMA {} RTLNAME add_ln840_728_fu_24819_p2 SOURCE /tools/Xilinx/Vitis_HLS/2022.2/common/technology/autopilot/ap_int_base.h:840 VARIABLE add_ln840_728 LOOP VITIS_LOOP_249_1 BUNDLEDNAME {} DSP 0 BRAM 0 URAM 0 DISPNAME {bind_op add}} {BINDTYPE op ID {} IMPL fabric LATENCY 0 OPTYPE add PRAGMA {} RTLNAME add_ln840_729_fu_24829_p2 SOURCE /tools/Xilinx/Vitis_HLS/2022.2/common/technology/autopilot/ap_int_base.h:840 VARIABLE add_ln840_729 LOOP VITIS_LOOP_249_1 BUNDLEDNAME {} DSP 0 BRAM 0 URAM 0 DISPNAME {bind_op add}} {BINDTYPE op ID {} IMPL fabric LATENCY 0 OPTYPE add PRAGMA {} RTLNAME add_ln840_730_fu_24839_p2 SOURCE /tools/Xilinx/Vitis_HLS/2022.2/common/technology/autopilot/ap_int_base.h:840 VARIABLE add_ln840_730 LOOP VITIS_LOOP_249_1 BUNDLEDNAME {} DSP 0 BRAM 0 URAM 0 DISPNAME {bind_op add}} {BINDTYPE op ID {} IMPL fabric LATENCY 0 OPTYPE add PRAGMA {} RTLNAME add_ln840_731_fu_24845_p2 SOURCE /tools/Xilinx/Vitis_HLS/2022.2/common/technology/autopilot/ap_int_base.h:840 VARIABLE add_ln840_731 LOOP VITIS_LOOP_249_1 BUNDLEDNAME {} DSP 0 BRAM 0 URAM 0 DISPNAME {bind_op add}} {BINDTYPE op ID {} IMPL fabric LATENCY 0 OPTYPE add PRAGMA {} RTLNAME add_ln840_732_fu_24855_p2 SOURCE /tools/Xilinx/Vitis_HLS/2022.2/common/technology/autopilot/ap_int_base.h:840 VARIABLE add_ln840_732 LOOP VITIS_LOOP_249_1 BUNDLEDNAME {} DSP 0 BRAM 0 URAM 0 DISPNAME {bind_op add}} {BINDTYPE op ID {} IMPL fabric LATENCY 0 OPTYPE add PRAGMA {} RTLNAME add_ln840_733_fu_24865_p2 SOURCE /tools/Xilinx/Vitis_HLS/2022.2/common/technology/autopilot/ap_int_base.h:840 VARIABLE add_ln840_733 LOOP VITIS_LOOP_249_1 BUNDLEDNAME {} DSP 0 BRAM 0 URAM 0 DISPNAME {bind_op add}} {BINDTYPE op ID {} IMPL fabric LATENCY 0 OPTYPE add PRAGMA {} RTLNAME add_ln840_738_fu_25032_p2 SOURCE /tools/Xilinx/Vitis_HLS/2022.2/common/technology/autopilot/ap_int_base.h:840 VARIABLE add_ln840_738 LOOP VITIS_LOOP_249_1 BUNDLEDNAME {} DSP 0 BRAM 0 URAM 0 DISPNAME {bind_op add}} {BINDTYPE op ID {} IMPL fabric LATENCY 0 OPTYPE add PRAGMA {} RTLNAME add_ln840_739_fu_25042_p2 SOURCE /tools/Xilinx/Vitis_HLS/2022.2/common/technology/autopilot/ap_int_base.h:840 VARIABLE add_ln840_739 LOOP VITIS_LOOP_249_1 BUNDLEDNAME {} DSP 0 BRAM 0 URAM 0 DISPNAME {bind_op add}} {BINDTYPE op ID {} IMPL fabric LATENCY 0 OPTYPE add PRAGMA {} RTLNAME add_ln840_742_fu_25064_p2 SOURCE /tools/Xilinx/Vitis_HLS/2022.2/common/technology/autopilot/ap_int_base.h:840 VARIABLE add_ln840_742 LOOP VITIS_LOOP_249_1 BUNDLEDNAME {} DSP 0 BRAM 0 URAM 0 DISPNAME {bind_op add}} {BINDTYPE op ID {} IMPL fabric LATENCY 0 OPTYPE add PRAGMA {} RTLNAME add_ln840_743_fu_25074_p2 SOURCE /tools/Xilinx/Vitis_HLS/2022.2/common/technology/autopilot/ap_int_base.h:840 VARIABLE add_ln840_743 LOOP VITIS_LOOP_249_1 BUNDLEDNAME {} DSP 0 BRAM 0 URAM 0 DISPNAME {bind_op add}} {BINDTYPE op ID {} IMPL fabric LATENCY 0 OPTYPE add PRAGMA {} RTLNAME add_ln840_744_fu_25084_p2 SOURCE /tools/Xilinx/Vitis_HLS/2022.2/common/technology/autopilot/ap_int_base.h:840 VARIABLE add_ln840_744 LOOP VITIS_LOOP_249_1 BUNDLEDNAME {} DSP 0 BRAM 0 URAM 0 DISPNAME {bind_op add}} {BINDTYPE op ID {} IMPL fabric LATENCY 0 OPTYPE add PRAGMA {} RTLNAME add_ln840_745_fu_25090_p2 SOURCE /tools/Xilinx/Vitis_HLS/2022.2/common/technology/autopilot/ap_int_base.h:840 VARIABLE add_ln840_745 LOOP VITIS_LOOP_249_1 BUNDLEDNAME {} DSP 0 BRAM 0 URAM 0 DISPNAME {bind_op add}} {BINDTYPE op ID {} IMPL fabric LATENCY 0 OPTYPE add PRAGMA {} RTLNAME add_ln840_746_fu_25100_p2 SOURCE /tools/Xilinx/Vitis_HLS/2022.2/common/technology/autopilot/ap_int_base.h:840 VARIABLE add_ln840_746 LOOP VITIS_LOOP_249_1 BUNDLEDNAME {} DSP 0 BRAM 0 URAM 0 DISPNAME {bind_op add}} {BINDTYPE op ID {} IMPL fabric LATENCY 0 OPTYPE add PRAGMA {} RTLNAME add_ln840_747_fu_25110_p2 SOURCE /tools/Xilinx/Vitis_HLS/2022.2/common/technology/autopilot/ap_int_base.h:840 VARIABLE add_ln840_747 LOOP VITIS_LOOP_249_1 BUNDLEDNAME {} DSP 0 BRAM 0 URAM 0 DISPNAME {bind_op add}} {BINDTYPE op ID {} IMPL fabric LATENCY 0 OPTYPE add PRAGMA {} RTLNAME add_ln840_752_fu_25277_p2 SOURCE /tools/Xilinx/Vitis_HLS/2022.2/common/technology/autopilot/ap_int_base.h:840 VARIABLE add_ln840_752 LOOP VITIS_LOOP_249_1 BUNDLEDNAME {} DSP 0 BRAM 0 URAM 0 DISPNAME {bind_op add}} {BINDTYPE op ID {} IMPL fabric LATENCY 0 OPTYPE add PRAGMA {} RTLNAME add_ln840_753_fu_25287_p2 SOURCE /tools/Xilinx/Vitis_HLS/2022.2/common/technology/autopilot/ap_int_base.h:840 VARIABLE add_ln840_753 LOOP VITIS_LOOP_249_1 BUNDLEDNAME {} DSP 0 BRAM 0 URAM 0 DISPNAME {bind_op add}} {BINDTYPE op ID {} IMPL fabric LATENCY 0 OPTYPE add PRAGMA {} RTLNAME add_ln840_756_fu_25309_p2 SOURCE /tools/Xilinx/Vitis_HLS/2022.2/common/technology/autopilot/ap_int_base.h:840 VARIABLE add_ln840_756 LOOP VITIS_LOOP_249_1 BUNDLEDNAME {} DSP 0 BRAM 0 URAM 0 DISPNAME {bind_op add}} {BINDTYPE op ID {} IMPL fabric LATENCY 0 OPTYPE add PRAGMA {} RTLNAME add_ln840_757_fu_25319_p2 SOURCE /tools/Xilinx/Vitis_HLS/2022.2/common/technology/autopilot/ap_int_base.h:840 VARIABLE add_ln840_757 LOOP VITIS_LOOP_249_1 BUNDLEDNAME {} DSP 0 BRAM 0 URAM 0 DISPNAME {bind_op add}} {BINDTYPE op ID {} IMPL fabric LATENCY 0 OPTYPE add PRAGMA {} RTLNAME add_ln840_758_fu_25329_p2 SOURCE /tools/Xilinx/Vitis_HLS/2022.2/common/technology/autopilot/ap_int_base.h:840 VARIABLE add_ln840_758 LOOP VITIS_LOOP_249_1 BUNDLEDNAME {} DSP 0 BRAM 0 URAM 0 DISPNAME {bind_op add}} {BINDTYPE op ID {} IMPL fabric LATENCY 0 OPTYPE add PRAGMA {} RTLNAME add_ln840_759_fu_25335_p2 SOURCE /tools/Xilinx/Vitis_HLS/2022.2/common/technology/autopilot/ap_int_base.h:840 VARIABLE add_ln840_759 LOOP VITIS_LOOP_249_1 BUNDLEDNAME {} DSP 0 BRAM 0 URAM 0 DISPNAME {bind_op add}} {BINDTYPE op ID {} IMPL fabric LATENCY 0 OPTYPE add PRAGMA {} RTLNAME add_ln840_760_fu_25345_p2 SOURCE /tools/Xilinx/Vitis_HLS/2022.2/common/technology/autopilot/ap_int_base.h:840 VARIABLE add_ln840_760 LOOP VITIS_LOOP_249_1 BUNDLEDNAME {} DSP 0 BRAM 0 URAM 0 DISPNAME {bind_op add}} {BINDTYPE op ID {} IMPL fabric LATENCY 0 OPTYPE add PRAGMA {} RTLNAME add_ln840_761_fu_25355_p2 SOURCE /tools/Xilinx/Vitis_HLS/2022.2/common/technology/autopilot/ap_int_base.h:840 VARIABLE add_ln840_761 LOOP VITIS_LOOP_249_1 BUNDLEDNAME {} DSP 0 BRAM 0 URAM 0 DISPNAME {bind_op add}} {BINDTYPE op ID {} IMPL fabric LATENCY 0 OPTYPE add PRAGMA {} RTLNAME add_ln840_766_fu_25522_p2 SOURCE /tools/Xilinx/Vitis_HLS/2022.2/common/technology/autopilot/ap_int_base.h:840 VARIABLE add_ln840_766 LOOP VITIS_LOOP_249_1 BUNDLEDNAME {} DSP 0 BRAM 0 URAM 0 DISPNAME {bind_op add}} {BINDTYPE op ID {} IMPL fabric LATENCY 0 OPTYPE add PRAGMA {} RTLNAME add_ln840_767_fu_25532_p2 SOURCE /tools/Xilinx/Vitis_HLS/2022.2/common/technology/autopilot/ap_int_base.h:840 VARIABLE add_ln840_767 LOOP VITIS_LOOP_249_1 BUNDLEDNAME {} DSP 0 BRAM 0 URAM 0 DISPNAME {bind_op add}} {BINDTYPE op ID {} IMPL fabric LATENCY 0 OPTYPE add PRAGMA {} RTLNAME add_ln840_770_fu_25554_p2 SOURCE /tools/Xilinx/Vitis_HLS/2022.2/common/technology/autopilot/ap_int_base.h:840 VARIABLE add_ln840_770 LOOP VITIS_LOOP_249_1 BUNDLEDNAME {} DSP 0 BRAM 0 URAM 0 DISPNAME {bind_op add}} {BINDTYPE op ID {} IMPL fabric LATENCY 0 OPTYPE add PRAGMA {} RTLNAME add_ln840_771_fu_25564_p2 SOURCE /tools/Xilinx/Vitis_HLS/2022.2/common/technology/autopilot/ap_int_base.h:840 VARIABLE add_ln840_771 LOOP VITIS_LOOP_249_1 BUNDLEDNAME {} DSP 0 BRAM 0 URAM 0 DISPNAME {bind_op add}} {BINDTYPE op ID {} IMPL fabric LATENCY 0 OPTYPE add PRAGMA {} RTLNAME add_ln840_772_fu_25574_p2 SOURCE /tools/Xilinx/Vitis_HLS/2022.2/common/technology/autopilot/ap_int_base.h:840 VARIABLE add_ln840_772 LOOP VITIS_LOOP_249_1 BUNDLEDNAME {} DSP 0 BRAM 0 URAM 0 DISPNAME {bind_op add}} {BINDTYPE op ID {} IMPL fabric LATENCY 0 OPTYPE add PRAGMA {} RTLNAME add_ln840_773_fu_25580_p2 SOURCE /tools/Xilinx/Vitis_HLS/2022.2/common/technology/autopilot/ap_int_base.h:840 VARIABLE add_ln840_773 LOOP VITIS_LOOP_249_1 BUNDLEDNAME {} DSP 0 BRAM 0 URAM 0 DISPNAME {bind_op add}} {BINDTYPE op ID {} IMPL fabric LATENCY 0 OPTYPE add PRAGMA {} RTLNAME add_ln840_774_fu_25590_p2 SOURCE /tools/Xilinx/Vitis_HLS/2022.2/common/technology/autopilot/ap_int_base.h:840 VARIABLE add_ln840_774 LOOP VITIS_LOOP_249_1 BUNDLEDNAME {} DSP 0 BRAM 0 URAM 0 DISPNAME {bind_op add}} {BINDTYPE op ID {} IMPL fabric LATENCY 0 OPTYPE add PRAGMA {} RTLNAME add_ln840_775_fu_25600_p2 SOURCE /tools/Xilinx/Vitis_HLS/2022.2/common/technology/autopilot/ap_int_base.h:840 VARIABLE add_ln840_775 LOOP VITIS_LOOP_249_1 BUNDLEDNAME {} DSP 0 BRAM 0 URAM 0 DISPNAME {bind_op add}} {BINDTYPE op ID {} IMPL fabric LATENCY 0 OPTYPE add PRAGMA {} RTLNAME add_ln840_780_fu_25767_p2 SOURCE /tools/Xilinx/Vitis_HLS/2022.2/common/technology/autopilot/ap_int_base.h:840 VARIABLE add_ln840_780 LOOP VITIS_LOOP_249_1 BUNDLEDNAME {} DSP 0 BRAM 0 URAM 0 DISPNAME {bind_op add}} {BINDTYPE op ID {} IMPL fabric LATENCY 0 OPTYPE add PRAGMA {} RTLNAME add_ln840_781_fu_25777_p2 SOURCE /tools/Xilinx/Vitis_HLS/2022.2/common/technology/autopilot/ap_int_base.h:840 VARIABLE add_ln840_781 LOOP VITIS_LOOP_249_1 BUNDLEDNAME {} DSP 0 BRAM 0 URAM 0 DISPNAME {bind_op add}} {BINDTYPE op ID {} IMPL fabric LATENCY 0 OPTYPE add PRAGMA {} RTLNAME add_ln840_784_fu_25799_p2 SOURCE /tools/Xilinx/Vitis_HLS/2022.2/common/technology/autopilot/ap_int_base.h:840 VARIABLE add_ln840_784 LOOP VITIS_LOOP_249_1 BUNDLEDNAME {} DSP 0 BRAM 0 URAM 0 DISPNAME {bind_op add}} {BINDTYPE op ID {} IMPL fabric LATENCY 0 OPTYPE add PRAGMA {} RTLNAME add_ln840_785_fu_25809_p2 SOURCE /tools/Xilinx/Vitis_HLS/2022.2/common/technology/autopilot/ap_int_base.h:840 VARIABLE add_ln840_785 LOOP VITIS_LOOP_249_1 BUNDLEDNAME {} DSP 0 BRAM 0 URAM 0 DISPNAME {bind_op add}} {BINDTYPE op ID {} IMPL fabric LATENCY 0 OPTYPE add PRAGMA {} RTLNAME add_ln840_786_fu_25819_p2 SOURCE /tools/Xilinx/Vitis_HLS/2022.2/common/technology/autopilot/ap_int_base.h:840 VARIABLE add_ln840_786 LOOP VITIS_LOOP_249_1 BUNDLEDNAME {} DSP 0 BRAM 0 URAM 0 DISPNAME {bind_op add}} {BINDTYPE op ID {} IMPL fabric LATENCY 0 OPTYPE add PRAGMA {} RTLNAME add_ln840_787_fu_25825_p2 SOURCE /tools/Xilinx/Vitis_HLS/2022.2/common/technology/autopilot/ap_int_base.h:840 VARIABLE add_ln840_787 LOOP VITIS_LOOP_249_1 BUNDLEDNAME {} DSP 0 BRAM 0 URAM 0 DISPNAME {bind_op add}} {BINDTYPE op ID {} IMPL fabric LATENCY 0 OPTYPE add PRAGMA {} RTLNAME add_ln840_788_fu_25835_p2 SOURCE /tools/Xilinx/Vitis_HLS/2022.2/common/technology/autopilot/ap_int_base.h:840 VARIABLE add_ln840_788 LOOP VITIS_LOOP_249_1 BUNDLEDNAME {} DSP 0 BRAM 0 URAM 0 DISPNAME {bind_op add}} {BINDTYPE op ID {} IMPL fabric LATENCY 0 OPTYPE add PRAGMA {} RTLNAME add_ln840_789_fu_25845_p2 SOURCE /tools/Xilinx/Vitis_HLS/2022.2/common/technology/autopilot/ap_int_base.h:840 VARIABLE add_ln840_789 LOOP VITIS_LOOP_249_1 BUNDLEDNAME {} DSP 0 BRAM 0 URAM 0 DISPNAME {bind_op add}} {BINDTYPE op ID {} IMPL fabric LATENCY 0 OPTYPE add PRAGMA {} RTLNAME add_ln840_794_fu_26012_p2 SOURCE /tools/Xilinx/Vitis_HLS/2022.2/common/technology/autopilot/ap_int_base.h:840 VARIABLE add_ln840_794 LOOP VITIS_LOOP_249_1 BUNDLEDNAME {} DSP 0 BRAM 0 URAM 0 DISPNAME {bind_op add}} {BINDTYPE op ID {} IMPL fabric LATENCY 0 OPTYPE add PRAGMA {} RTLNAME add_ln840_795_fu_26022_p2 SOURCE /tools/Xilinx/Vitis_HLS/2022.2/common/technology/autopilot/ap_int_base.h:840 VARIABLE add_ln840_795 LOOP VITIS_LOOP_249_1 BUNDLEDNAME {} DSP 0 BRAM 0 URAM 0 DISPNAME {bind_op add}} {BINDTYPE op ID {} IMPL fabric LATENCY 0 OPTYPE add PRAGMA {} RTLNAME add_ln840_798_fu_26044_p2 SOURCE /tools/Xilinx/Vitis_HLS/2022.2/common/technology/autopilot/ap_int_base.h:840 VARIABLE add_ln840_798 LOOP VITIS_LOOP_249_1 BUNDLEDNAME {} DSP 0 BRAM 0 URAM 0 DISPNAME {bind_op add}} {BINDTYPE op ID {} IMPL fabric LATENCY 0 OPTYPE add PRAGMA {} RTLNAME add_ln840_799_fu_26054_p2 SOURCE /tools/Xilinx/Vitis_HLS/2022.2/common/technology/autopilot/ap_int_base.h:840 VARIABLE add_ln840_799 LOOP VITIS_LOOP_249_1 BUNDLEDNAME {} DSP 0 BRAM 0 URAM 0 DISPNAME {bind_op add}} {BINDTYPE op ID {} IMPL fabric LATENCY 0 OPTYPE add PRAGMA {} RTLNAME add_ln840_800_fu_26064_p2 SOURCE /tools/Xilinx/Vitis_HLS/2022.2/common/technology/autopilot/ap_int_base.h:840 VARIABLE add_ln840_800 LOOP VITIS_LOOP_249_1 BUNDLEDNAME {} DSP 0 BRAM 0 URAM 0 DISPNAME {bind_op add}} {BINDTYPE op ID {} IMPL fabric LATENCY 0 OPTYPE add PRAGMA {} RTLNAME add_ln840_801_fu_26070_p2 SOURCE /tools/Xilinx/Vitis_HLS/2022.2/common/technology/autopilot/ap_int_base.h:840 VARIABLE add_ln840_801 LOOP VITIS_LOOP_249_1 BUNDLEDNAME {} DSP 0 BRAM 0 URAM 0 DISPNAME {bind_op add}} {BINDTYPE op ID {} IMPL fabric LATENCY 0 OPTYPE add PRAGMA {} RTLNAME add_ln840_802_fu_26080_p2 SOURCE /tools/Xilinx/Vitis_HLS/2022.2/common/technology/autopilot/ap_int_base.h:840 VARIABLE add_ln840_802 LOOP VITIS_LOOP_249_1 BUNDLEDNAME {} DSP 0 BRAM 0 URAM 0 DISPNAME {bind_op add}} {BINDTYPE op ID {} IMPL fabric LATENCY 0 OPTYPE add PRAGMA {} RTLNAME add_ln840_803_fu_26090_p2 SOURCE /tools/Xilinx/Vitis_HLS/2022.2/common/technology/autopilot/ap_int_base.h:840 VARIABLE add_ln840_803 LOOP VITIS_LOOP_249_1 BUNDLEDNAME {} DSP 0 BRAM 0 URAM 0 DISPNAME {bind_op add}} {BINDTYPE op ID {} IMPL fabric LATENCY 0 OPTYPE add PRAGMA {} RTLNAME add_ln840_808_fu_26257_p2 SOURCE /tools/Xilinx/Vitis_HLS/2022.2/common/technology/autopilot/ap_int_base.h:840 VARIABLE add_ln840_808 LOOP VITIS_LOOP_249_1 BUNDLEDNAME {} DSP 0 BRAM 0 URAM 0 DISPNAME {bind_op add}} {BINDTYPE op ID {} IMPL fabric LATENCY 0 OPTYPE add PRAGMA {} RTLNAME add_ln840_809_fu_26267_p2 SOURCE /tools/Xilinx/Vitis_HLS/2022.2/common/technology/autopilot/ap_int_base.h:840 VARIABLE add_ln840_809 LOOP VITIS_LOOP_249_1 BUNDLEDNAME {} DSP 0 BRAM 0 URAM 0 DISPNAME {bind_op add}} {BINDTYPE op ID {} IMPL fabric LATENCY 0 OPTYPE add PRAGMA {} RTLNAME add_ln840_812_fu_26289_p2 SOURCE /tools/Xilinx/Vitis_HLS/2022.2/common/technology/autopilot/ap_int_base.h:840 VARIABLE add_ln840_812 LOOP VITIS_LOOP_249_1 BUNDLEDNAME {} DSP 0 BRAM 0 URAM 0 DISPNAME {bind_op add}} {BINDTYPE op ID {} IMPL fabric LATENCY 0 OPTYPE add PRAGMA {} RTLNAME add_ln840_813_fu_26299_p2 SOURCE /tools/Xilinx/Vitis_HLS/2022.2/common/technology/autopilot/ap_int_base.h:840 VARIABLE add_ln840_813 LOOP VITIS_LOOP_249_1 BUNDLEDNAME {} DSP 0 BRAM 0 URAM 0 DISPNAME {bind_op add}} {BINDTYPE op ID {} IMPL fabric LATENCY 0 OPTYPE add PRAGMA {} RTLNAME add_ln840_814_fu_26309_p2 SOURCE /tools/Xilinx/Vitis_HLS/2022.2/common/technology/autopilot/ap_int_base.h:840 VARIABLE add_ln840_814 LOOP VITIS_LOOP_249_1 BUNDLEDNAME {} DSP 0 BRAM 0 URAM 0 DISPNAME {bind_op add}} {BINDTYPE op ID {} IMPL fabric LATENCY 0 OPTYPE add PRAGMA {} RTLNAME add_ln840_815_fu_26315_p2 SOURCE /tools/Xilinx/Vitis_HLS/2022.2/common/technology/autopilot/ap_int_base.h:840 VARIABLE add_ln840_815 LOOP VITIS_LOOP_249_1 BUNDLEDNAME {} DSP 0 BRAM 0 URAM 0 DISPNAME {bind_op add}} {BINDTYPE op ID {} IMPL fabric LATENCY 0 OPTYPE add PRAGMA {} RTLNAME add_ln840_816_fu_26325_p2 SOURCE /tools/Xilinx/Vitis_HLS/2022.2/common/technology/autopilot/ap_int_base.h:840 VARIABLE add_ln840_816 LOOP VITIS_LOOP_249_1 BUNDLEDNAME {} DSP 0 BRAM 0 URAM 0 DISPNAME {bind_op add}} {BINDTYPE op ID {} IMPL fabric LATENCY 0 OPTYPE add PRAGMA {} RTLNAME add_ln840_817_fu_26335_p2 SOURCE /tools/Xilinx/Vitis_HLS/2022.2/common/technology/autopilot/ap_int_base.h:840 VARIABLE add_ln840_817 LOOP VITIS_LOOP_249_1 BUNDLEDNAME {} DSP 0 BRAM 0 URAM 0 DISPNAME {bind_op add}} {BINDTYPE op ID {} IMPL fabric LATENCY 0 OPTYPE add PRAGMA {} RTLNAME add_ln840_822_fu_26502_p2 SOURCE /tools/Xilinx/Vitis_HLS/2022.2/common/technology/autopilot/ap_int_base.h:840 VARIABLE add_ln840_822 LOOP VITIS_LOOP_249_1 BUNDLEDNAME {} DSP 0 BRAM 0 URAM 0 DISPNAME {bind_op add}} {BINDTYPE op ID {} IMPL fabric LATENCY 0 OPTYPE add PRAGMA {} RTLNAME add_ln840_823_fu_26512_p2 SOURCE /tools/Xilinx/Vitis_HLS/2022.2/common/technology/autopilot/ap_int_base.h:840 VARIABLE add_ln840_823 LOOP VITIS_LOOP_249_1 BUNDLEDNAME {} DSP 0 BRAM 0 URAM 0 DISPNAME {bind_op add}} {BINDTYPE op ID {} IMPL fabric LATENCY 0 OPTYPE add PRAGMA {} RTLNAME add_ln840_826_fu_26534_p2 SOURCE /tools/Xilinx/Vitis_HLS/2022.2/common/technology/autopilot/ap_int_base.h:840 VARIABLE add_ln840_826 LOOP VITIS_LOOP_249_1 BUNDLEDNAME {} DSP 0 BRAM 0 URAM 0 DISPNAME {bind_op add}} {BINDTYPE op ID {} IMPL fabric LATENCY 0 OPTYPE add PRAGMA {} RTLNAME add_ln840_827_fu_26544_p2 SOURCE /tools/Xilinx/Vitis_HLS/2022.2/common/technology/autopilot/ap_int_base.h:840 VARIABLE add_ln840_827 LOOP VITIS_LOOP_249_1 BUNDLEDNAME {} DSP 0 BRAM 0 URAM 0 DISPNAME {bind_op add}} {BINDTYPE op ID {} IMPL fabric LATENCY 0 OPTYPE add PRAGMA {} RTLNAME add_ln840_828_fu_26554_p2 SOURCE /tools/Xilinx/Vitis_HLS/2022.2/common/technology/autopilot/ap_int_base.h:840 VARIABLE add_ln840_828 LOOP VITIS_LOOP_249_1 BUNDLEDNAME {} DSP 0 BRAM 0 URAM 0 DISPNAME {bind_op add}} {BINDTYPE op ID {} IMPL fabric LATENCY 0 OPTYPE add PRAGMA {} RTLNAME add_ln840_829_fu_26560_p2 SOURCE /tools/Xilinx/Vitis_HLS/2022.2/common/technology/autopilot/ap_int_base.h:840 VARIABLE add_ln840_829 LOOP VITIS_LOOP_249_1 BUNDLEDNAME {} DSP 0 BRAM 0 URAM 0 DISPNAME {bind_op add}} {BINDTYPE op ID {} IMPL fabric LATENCY 0 OPTYPE add PRAGMA {} RTLNAME add_ln840_830_fu_26570_p2 SOURCE /tools/Xilinx/Vitis_HLS/2022.2/common/technology/autopilot/ap_int_base.h:840 VARIABLE add_ln840_830 LOOP VITIS_LOOP_249_1 BUNDLEDNAME {} DSP 0 BRAM 0 URAM 0 DISPNAME {bind_op add}} {BINDTYPE op ID {} IMPL fabric LATENCY 0 OPTYPE add PRAGMA {} RTLNAME add_ln840_831_fu_26580_p2 SOURCE /tools/Xilinx/Vitis_HLS/2022.2/common/technology/autopilot/ap_int_base.h:840 VARIABLE add_ln840_831 LOOP VITIS_LOOP_249_1 BUNDLEDNAME {} DSP 0 BRAM 0 URAM 0 DISPNAME {bind_op add}} {BINDTYPE op ID {} IMPL fabric LATENCY 0 OPTYPE add PRAGMA {} RTLNAME add_ln840_836_fu_26747_p2 SOURCE /tools/Xilinx/Vitis_HLS/2022.2/common/technology/autopilot/ap_int_base.h:840 VARIABLE add_ln840_836 LOOP VITIS_LOOP_249_1 BUNDLEDNAME {} DSP 0 BRAM 0 URAM 0 DISPNAME {bind_op add}} {BINDTYPE op ID {} IMPL fabric LATENCY 0 OPTYPE add PRAGMA {} RTLNAME add_ln840_837_fu_26757_p2 SOURCE /tools/Xilinx/Vitis_HLS/2022.2/common/technology/autopilot/ap_int_base.h:840 VARIABLE add_ln840_837 LOOP VITIS_LOOP_249_1 BUNDLEDNAME {} DSP 0 BRAM 0 URAM 0 DISPNAME {bind_op add}} {BINDTYPE op ID {} IMPL fabric LATENCY 0 OPTYPE add PRAGMA {} RTLNAME add_ln840_840_fu_26779_p2 SOURCE /tools/Xilinx/Vitis_HLS/2022.2/common/technology/autopilot/ap_int_base.h:840 VARIABLE add_ln840_840 LOOP VITIS_LOOP_249_1 BUNDLEDNAME {} DSP 0 BRAM 0 URAM 0 DISPNAME {bind_op add}} {BINDTYPE op ID {} IMPL fabric LATENCY 0 OPTYPE add PRAGMA {} RTLNAME add_ln840_841_fu_26789_p2 SOURCE /tools/Xilinx/Vitis_HLS/2022.2/common/technology/autopilot/ap_int_base.h:840 VARIABLE add_ln840_841 LOOP VITIS_LOOP_249_1 BUNDLEDNAME {} DSP 0 BRAM 0 URAM 0 DISPNAME {bind_op add}} {BINDTYPE op ID {} IMPL fabric LATENCY 0 OPTYPE add PRAGMA {} RTLNAME add_ln840_842_fu_26799_p2 SOURCE /tools/Xilinx/Vitis_HLS/2022.2/common/technology/autopilot/ap_int_base.h:840 VARIABLE add_ln840_842 LOOP VITIS_LOOP_249_1 BUNDLEDNAME {} DSP 0 BRAM 0 URAM 0 DISPNAME {bind_op add}} {BINDTYPE op ID {} IMPL fabric LATENCY 0 OPTYPE add PRAGMA {} RTLNAME add_ln840_843_fu_26805_p2 SOURCE /tools/Xilinx/Vitis_HLS/2022.2/common/technology/autopilot/ap_int_base.h:840 VARIABLE add_ln840_843 LOOP VITIS_LOOP_249_1 BUNDLEDNAME {} DSP 0 BRAM 0 URAM 0 DISPNAME {bind_op add}} {BINDTYPE op ID {} IMPL fabric LATENCY 0 OPTYPE add PRAGMA {} RTLNAME add_ln840_844_fu_26815_p2 SOURCE /tools/Xilinx/Vitis_HLS/2022.2/common/technology/autopilot/ap_int_base.h:840 VARIABLE add_ln840_844 LOOP VITIS_LOOP_249_1 BUNDLEDNAME {} DSP 0 BRAM 0 URAM 0 DISPNAME {bind_op add}} {BINDTYPE op ID {} IMPL fabric LATENCY 0 OPTYPE add PRAGMA {} RTLNAME add_ln840_845_fu_26825_p2 SOURCE /tools/Xilinx/Vitis_HLS/2022.2/common/technology/autopilot/ap_int_base.h:840 VARIABLE add_ln840_845 LOOP VITIS_LOOP_249_1 BUNDLEDNAME {} DSP 0 BRAM 0 URAM 0 DISPNAME {bind_op add}} {BINDTYPE op ID {} IMPL fabric LATENCY 0 OPTYPE add PRAGMA {} RTLNAME add_ln840_850_fu_26992_p2 SOURCE /tools/Xilinx/Vitis_HLS/2022.2/common/technology/autopilot/ap_int_base.h:840 VARIABLE add_ln840_850 LOOP VITIS_LOOP_249_1 BUNDLEDNAME {} DSP 0 BRAM 0 URAM 0 DISPNAME {bind_op add}} {BINDTYPE op ID {} IMPL fabric LATENCY 0 OPTYPE add PRAGMA {} RTLNAME add_ln840_851_fu_27002_p2 SOURCE /tools/Xilinx/Vitis_HLS/2022.2/common/technology/autopilot/ap_int_base.h:840 VARIABLE add_ln840_851 LOOP VITIS_LOOP_249_1 BUNDLEDNAME {} DSP 0 BRAM 0 URAM 0 DISPNAME {bind_op add}} {BINDTYPE op ID {} IMPL fabric LATENCY 0 OPTYPE add PRAGMA {} RTLNAME add_ln840_854_fu_27024_p2 SOURCE /tools/Xilinx/Vitis_HLS/2022.2/common/technology/autopilot/ap_int_base.h:840 VARIABLE add_ln840_854 LOOP VITIS_LOOP_249_1 BUNDLEDNAME {} DSP 0 BRAM 0 URAM 0 DISPNAME {bind_op add}} {BINDTYPE op ID {} IMPL fabric LATENCY 0 OPTYPE add PRAGMA {} RTLNAME add_ln840_855_fu_27034_p2 SOURCE /tools/Xilinx/Vitis_HLS/2022.2/common/technology/autopilot/ap_int_base.h:840 VARIABLE add_ln840_855 LOOP VITIS_LOOP_249_1 BUNDLEDNAME {} DSP 0 BRAM 0 URAM 0 DISPNAME {bind_op add}} {BINDTYPE op ID {} IMPL fabric LATENCY 0 OPTYPE add PRAGMA {} RTLNAME add_ln840_856_fu_27044_p2 SOURCE /tools/Xilinx/Vitis_HLS/2022.2/common/technology/autopilot/ap_int_base.h:840 VARIABLE add_ln840_856 LOOP VITIS_LOOP_249_1 BUNDLEDNAME {} DSP 0 BRAM 0 URAM 0 DISPNAME {bind_op add}} {BINDTYPE op ID {} IMPL fabric LATENCY 0 OPTYPE add PRAGMA {} RTLNAME add_ln840_857_fu_27050_p2 SOURCE /tools/Xilinx/Vitis_HLS/2022.2/common/technology/autopilot/ap_int_base.h:840 VARIABLE add_ln840_857 LOOP VITIS_LOOP_249_1 BUNDLEDNAME {} DSP 0 BRAM 0 URAM 0 DISPNAME {bind_op add}} {BINDTYPE op ID {} IMPL fabric LATENCY 0 OPTYPE add PRAGMA {} RTLNAME add_ln840_858_fu_27060_p2 SOURCE /tools/Xilinx/Vitis_HLS/2022.2/common/technology/autopilot/ap_int_base.h:840 VARIABLE add_ln840_858 LOOP VITIS_LOOP_249_1 BUNDLEDNAME {} DSP 0 BRAM 0 URAM 0 DISPNAME {bind_op add}} {BINDTYPE op ID {} IMPL fabric LATENCY 0 OPTYPE add PRAGMA {} RTLNAME add_ln840_859_fu_27070_p2 SOURCE /tools/Xilinx/Vitis_HLS/2022.2/common/technology/autopilot/ap_int_base.h:840 VARIABLE add_ln840_859 LOOP VITIS_LOOP_249_1 BUNDLEDNAME {} DSP 0 BRAM 0 URAM 0 DISPNAME {bind_op add}} {BINDTYPE op ID {} IMPL fabric LATENCY 0 OPTYPE add PRAGMA {} RTLNAME add_ln840_864_fu_27237_p2 SOURCE /tools/Xilinx/Vitis_HLS/2022.2/common/technology/autopilot/ap_int_base.h:840 VARIABLE add_ln840_864 LOOP VITIS_LOOP_249_1 BUNDLEDNAME {} DSP 0 BRAM 0 URAM 0 DISPNAME {bind_op add}} {BINDTYPE op ID {} IMPL fabric LATENCY 0 OPTYPE add PRAGMA {} RTLNAME add_ln840_865_fu_27247_p2 SOURCE /tools/Xilinx/Vitis_HLS/2022.2/common/technology/autopilot/ap_int_base.h:840 VARIABLE add_ln840_865 LOOP VITIS_LOOP_249_1 BUNDLEDNAME {} DSP 0 BRAM 0 URAM 0 DISPNAME {bind_op add}} {BINDTYPE op ID {} IMPL fabric LATENCY 0 OPTYPE add PRAGMA {} RTLNAME add_ln840_868_fu_27269_p2 SOURCE /tools/Xilinx/Vitis_HLS/2022.2/common/technology/autopilot/ap_int_base.h:840 VARIABLE add_ln840_868 LOOP VITIS_LOOP_249_1 BUNDLEDNAME {} DSP 0 BRAM 0 URAM 0 DISPNAME {bind_op add}} {BINDTYPE op ID {} IMPL fabric LATENCY 0 OPTYPE add PRAGMA {} RTLNAME add_ln840_869_fu_27279_p2 SOURCE /tools/Xilinx/Vitis_HLS/2022.2/common/technology/autopilot/ap_int_base.h:840 VARIABLE add_ln840_869 LOOP VITIS_LOOP_249_1 BUNDLEDNAME {} DSP 0 BRAM 0 URAM 0 DISPNAME {bind_op add}} {BINDTYPE op ID {} IMPL fabric LATENCY 0 OPTYPE add PRAGMA {} RTLNAME add_ln840_870_fu_27289_p2 SOURCE /tools/Xilinx/Vitis_HLS/2022.2/common/technology/autopilot/ap_int_base.h:840 VARIABLE add_ln840_870 LOOP VITIS_LOOP_249_1 BUNDLEDNAME {} DSP 0 BRAM 0 URAM 0 DISPNAME {bind_op add}} {BINDTYPE op ID {} IMPL fabric LATENCY 0 OPTYPE add PRAGMA {} RTLNAME add_ln840_871_fu_27295_p2 SOURCE /tools/Xilinx/Vitis_HLS/2022.2/common/technology/autopilot/ap_int_base.h:840 VARIABLE add_ln840_871 LOOP VITIS_LOOP_249_1 BUNDLEDNAME {} DSP 0 BRAM 0 URAM 0 DISPNAME {bind_op add}} {BINDTYPE op ID {} IMPL fabric LATENCY 0 OPTYPE add PRAGMA {} RTLNAME add_ln840_872_fu_27305_p2 SOURCE /tools/Xilinx/Vitis_HLS/2022.2/common/technology/autopilot/ap_int_base.h:840 VARIABLE add_ln840_872 LOOP VITIS_LOOP_249_1 BUNDLEDNAME {} DSP 0 BRAM 0 URAM 0 DISPNAME {bind_op add}} {BINDTYPE op ID {} IMPL fabric LATENCY 0 OPTYPE add PRAGMA {} RTLNAME add_ln840_873_fu_27315_p2 SOURCE /tools/Xilinx/Vitis_HLS/2022.2/common/technology/autopilot/ap_int_base.h:840 VARIABLE add_ln840_873 LOOP VITIS_LOOP_249_1 BUNDLEDNAME {} DSP 0 BRAM 0 URAM 0 DISPNAME {bind_op add}} {BINDTYPE op ID {} IMPL fabric LATENCY 0 OPTYPE add PRAGMA {} RTLNAME add_ln840_878_fu_27482_p2 SOURCE /tools/Xilinx/Vitis_HLS/2022.2/common/technology/autopilot/ap_int_base.h:840 VARIABLE add_ln840_878 LOOP VITIS_LOOP_249_1 BUNDLEDNAME {} DSP 0 BRAM 0 URAM 0 DISPNAME {bind_op add}} {BINDTYPE op ID {} IMPL fabric LATENCY 0 OPTYPE add PRAGMA {} RTLNAME add_ln840_879_fu_27492_p2 SOURCE /tools/Xilinx/Vitis_HLS/2022.2/common/technology/autopilot/ap_int_base.h:840 VARIABLE add_ln840_879 LOOP VITIS_LOOP_249_1 BUNDLEDNAME {} DSP 0 BRAM 0 URAM 0 DISPNAME {bind_op add}} {BINDTYPE op ID {} IMPL fabric LATENCY 0 OPTYPE add PRAGMA {} RTLNAME add_ln840_882_fu_27514_p2 SOURCE /tools/Xilinx/Vitis_HLS/2022.2/common/technology/autopilot/ap_int_base.h:840 VARIABLE add_ln840_882 LOOP VITIS_LOOP_249_1 BUNDLEDNAME {} DSP 0 BRAM 0 URAM 0 DISPNAME {bind_op add}} {BINDTYPE op ID {} IMPL fabric LATENCY 0 OPTYPE add PRAGMA {} RTLNAME add_ln840_883_fu_27524_p2 SOURCE /tools/Xilinx/Vitis_HLS/2022.2/common/technology/autopilot/ap_int_base.h:840 VARIABLE add_ln840_883 LOOP VITIS_LOOP_249_1 BUNDLEDNAME {} DSP 0 BRAM 0 URAM 0 DISPNAME {bind_op add}} {BINDTYPE op ID {} IMPL fabric LATENCY 0 OPTYPE add PRAGMA {} RTLNAME add_ln840_884_fu_27534_p2 SOURCE /tools/Xilinx/Vitis_HLS/2022.2/common/technology/autopilot/ap_int_base.h:840 VARIABLE add_ln840_884 LOOP VITIS_LOOP_249_1 BUNDLEDNAME {} DSP 0 BRAM 0 URAM 0 DISPNAME {bind_op add}} {BINDTYPE op ID {} IMPL fabric LATENCY 0 OPTYPE add PRAGMA {} RTLNAME add_ln840_885_fu_27540_p2 SOURCE /tools/Xilinx/Vitis_HLS/2022.2/common/technology/autopilot/ap_int_base.h:840 VARIABLE add_ln840_885 LOOP VITIS_LOOP_249_1 BUNDLEDNAME {} DSP 0 BRAM 0 URAM 0 DISPNAME {bind_op add}} {BINDTYPE op ID {} IMPL fabric LATENCY 0 OPTYPE add PRAGMA {} RTLNAME add_ln840_886_fu_27550_p2 SOURCE /tools/Xilinx/Vitis_HLS/2022.2/common/technology/autopilot/ap_int_base.h:840 VARIABLE add_ln840_886 LOOP VITIS_LOOP_249_1 BUNDLEDNAME {} DSP 0 BRAM 0 URAM 0 DISPNAME {bind_op add}} {BINDTYPE op ID {} IMPL fabric LATENCY 0 OPTYPE add PRAGMA {} RTLNAME add_ln840_887_fu_27560_p2 SOURCE /tools/Xilinx/Vitis_HLS/2022.2/common/technology/autopilot/ap_int_base.h:840 VARIABLE add_ln840_887 LOOP VITIS_LOOP_249_1 BUNDLEDNAME {} DSP 0 BRAM 0 URAM 0 DISPNAME {bind_op add}} {BINDTYPE op ID {} IMPL fabric LATENCY 0 OPTYPE add PRAGMA {} RTLNAME add_ln840_892_fu_27727_p2 SOURCE /tools/Xilinx/Vitis_HLS/2022.2/common/technology/autopilot/ap_int_base.h:840 VARIABLE add_ln840_892 LOOP VITIS_LOOP_249_1 BUNDLEDNAME {} DSP 0 BRAM 0 URAM 0 DISPNAME {bind_op add}} {BINDTYPE op ID {} IMPL fabric LATENCY 0 OPTYPE add PRAGMA {} RTLNAME add_ln840_893_fu_27737_p2 SOURCE /tools/Xilinx/Vitis_HLS/2022.2/common/technology/autopilot/ap_int_base.h:840 VARIABLE add_ln840_893 LOOP VITIS_LOOP_249_1 BUNDLEDNAME {} DSP 0 BRAM 0 URAM 0 DISPNAME {bind_op add}} {BINDTYPE op ID {} IMPL fabric LATENCY 0 OPTYPE add PRAGMA {} RTLNAME add_ln840_896_fu_27759_p2 SOURCE /tools/Xilinx/Vitis_HLS/2022.2/common/technology/autopilot/ap_int_base.h:840 VARIABLE add_ln840_896 LOOP VITIS_LOOP_249_1 BUNDLEDNAME {} DSP 0 BRAM 0 URAM 0 DISPNAME {bind_op add}} {BINDTYPE op ID {} IMPL fabric LATENCY 0 OPTYPE add PRAGMA {} RTLNAME add_ln840_897_fu_27769_p2 SOURCE /tools/Xilinx/Vitis_HLS/2022.2/common/technology/autopilot/ap_int_base.h:840 VARIABLE add_ln840_897 LOOP VITIS_LOOP_249_1 BUNDLEDNAME {} DSP 0 BRAM 0 URAM 0 DISPNAME {bind_op add}} {BINDTYPE op ID {} IMPL fabric LATENCY 0 OPTYPE add PRAGMA {} RTLNAME add_ln840_898_fu_27779_p2 SOURCE /tools/Xilinx/Vitis_HLS/2022.2/common/technology/autopilot/ap_int_base.h:840 VARIABLE add_ln840_898 LOOP VITIS_LOOP_249_1 BUNDLEDNAME {} DSP 0 BRAM 0 URAM 0 DISPNAME {bind_op add}} {BINDTYPE op ID {} IMPL fabric LATENCY 0 OPTYPE add PRAGMA {} RTLNAME add_ln840_899_fu_27785_p2 SOURCE /tools/Xilinx/Vitis_HLS/2022.2/common/technology/autopilot/ap_int_base.h:840 VARIABLE add_ln840_899 LOOP VITIS_LOOP_249_1 BUNDLEDNAME {} DSP 0 BRAM 0 URAM 0 DISPNAME {bind_op add}} {BINDTYPE op ID {} IMPL fabric LATENCY 0 OPTYPE add PRAGMA {} RTLNAME add_ln840_900_fu_27795_p2 SOURCE /tools/Xilinx/Vitis_HLS/2022.2/common/technology/autopilot/ap_int_base.h:840 VARIABLE add_ln840_900 LOOP VITIS_LOOP_249_1 BUNDLEDNAME {} DSP 0 BRAM 0 URAM 0 DISPNAME {bind_op add}} {BINDTYPE op ID {} IMPL fabric LATENCY 0 OPTYPE add PRAGMA {} RTLNAME add_ln840_901_fu_27805_p2 SOURCE /tools/Xilinx/Vitis_HLS/2022.2/common/technology/autopilot/ap_int_base.h:840 VARIABLE add_ln840_901 LOOP VITIS_LOOP_249_1 BUNDLEDNAME {} DSP 0 BRAM 0 URAM 0 DISPNAME {bind_op add}} {BINDTYPE op ID {} IMPL fabric LATENCY 0 OPTYPE add PRAGMA {} RTLNAME add_ln840_906_fu_27972_p2 SOURCE /tools/Xilinx/Vitis_HLS/2022.2/common/technology/autopilot/ap_int_base.h:840 VARIABLE add_ln840_906 LOOP VITIS_LOOP_249_1 BUNDLEDNAME {} DSP 0 BRAM 0 URAM 0 DISPNAME {bind_op add}} {BINDTYPE op ID {} IMPL fabric LATENCY 0 OPTYPE add PRAGMA {} RTLNAME add_ln840_907_fu_27982_p2 SOURCE /tools/Xilinx/Vitis_HLS/2022.2/common/technology/autopilot/ap_int_base.h:840 VARIABLE add_ln840_907 LOOP VITIS_LOOP_249_1 BUNDLEDNAME {} DSP 0 BRAM 0 URAM 0 DISPNAME {bind_op add}} {BINDTYPE op ID {} IMPL fabric LATENCY 0 OPTYPE add PRAGMA {} RTLNAME add_ln840_910_fu_28004_p2 SOURCE /tools/Xilinx/Vitis_HLS/2022.2/common/technology/autopilot/ap_int_base.h:840 VARIABLE add_ln840_910 LOOP VITIS_LOOP_249_1 BUNDLEDNAME {} DSP 0 BRAM 0 URAM 0 DISPNAME {bind_op add}} {BINDTYPE op ID {} IMPL fabric LATENCY 0 OPTYPE add PRAGMA {} RTLNAME add_ln840_911_fu_28014_p2 SOURCE /tools/Xilinx/Vitis_HLS/2022.2/common/technology/autopilot/ap_int_base.h:840 VARIABLE add_ln840_911 LOOP VITIS_LOOP_249_1 BUNDLEDNAME {} DSP 0 BRAM 0 URAM 0 DISPNAME {bind_op add}} {BINDTYPE op ID {} IMPL fabric LATENCY 0 OPTYPE add PRAGMA {} RTLNAME add_ln840_912_fu_28024_p2 SOURCE /tools/Xilinx/Vitis_HLS/2022.2/common/technology/autopilot/ap_int_base.h:840 VARIABLE add_ln840_912 LOOP VITIS_LOOP_249_1 BUNDLEDNAME {} DSP 0 BRAM 0 URAM 0 DISPNAME {bind_op add}} {BINDTYPE op ID {} IMPL fabric LATENCY 0 OPTYPE add PRAGMA {} RTLNAME add_ln840_913_fu_28030_p2 SOURCE /tools/Xilinx/Vitis_HLS/2022.2/common/technology/autopilot/ap_int_base.h:840 VARIABLE add_ln840_913 LOOP VITIS_LOOP_249_1 BUNDLEDNAME {} DSP 0 BRAM 0 URAM 0 DISPNAME {bind_op add}} {BINDTYPE op ID {} IMPL fabric LATENCY 0 OPTYPE add PRAGMA {} RTLNAME add_ln840_914_fu_28040_p2 SOURCE /tools/Xilinx/Vitis_HLS/2022.2/common/technology/autopilot/ap_int_base.h:840 VARIABLE add_ln840_914 LOOP VITIS_LOOP_249_1 BUNDLEDNAME {} DSP 0 BRAM 0 URAM 0 DISPNAME {bind_op add}} {BINDTYPE op ID {} IMPL fabric LATENCY 0 OPTYPE add PRAGMA {} RTLNAME add_ln840_915_fu_28050_p2 SOURCE /tools/Xilinx/Vitis_HLS/2022.2/common/technology/autopilot/ap_int_base.h:840 VARIABLE add_ln840_915 LOOP VITIS_LOOP_249_1 BUNDLEDNAME {} DSP 0 BRAM 0 URAM 0 DISPNAME {bind_op add}} {BINDTYPE op ID {} IMPL fabric LATENCY 0 OPTYPE add PRAGMA {} RTLNAME add_ln840_920_fu_28217_p2 SOURCE /tools/Xilinx/Vitis_HLS/2022.2/common/technology/autopilot/ap_int_base.h:840 VARIABLE add_ln840_920 LOOP VITIS_LOOP_249_1 BUNDLEDNAME {} DSP 0 BRAM 0 URAM 0 DISPNAME {bind_op add}} {BINDTYPE op ID {} IMPL fabric LATENCY 0 OPTYPE add PRAGMA {} RTLNAME add_ln840_921_fu_28227_p2 SOURCE /tools/Xilinx/Vitis_HLS/2022.2/common/technology/autopilot/ap_int_base.h:840 VARIABLE add_ln840_921 LOOP VITIS_LOOP_249_1 BUNDLEDNAME {} DSP 0 BRAM 0 URAM 0 DISPNAME {bind_op add}} {BINDTYPE op ID {} IMPL fabric LATENCY 0 OPTYPE add PRAGMA {} RTLNAME add_ln840_924_fu_28249_p2 SOURCE /tools/Xilinx/Vitis_HLS/2022.2/common/technology/autopilot/ap_int_base.h:840 VARIABLE add_ln840_924 LOOP VITIS_LOOP_249_1 BUNDLEDNAME {} DSP 0 BRAM 0 URAM 0 DISPNAME {bind_op add}} {BINDTYPE op ID {} IMPL fabric LATENCY 0 OPTYPE add PRAGMA {} RTLNAME add_ln840_925_fu_28259_p2 SOURCE /tools/Xilinx/Vitis_HLS/2022.2/common/technology/autopilot/ap_int_base.h:840 VARIABLE add_ln840_925 LOOP VITIS_LOOP_249_1 BUNDLEDNAME {} DSP 0 BRAM 0 URAM 0 DISPNAME {bind_op add}} {BINDTYPE op ID {} IMPL fabric LATENCY 0 OPTYPE add PRAGMA {} RTLNAME add_ln840_926_fu_28269_p2 SOURCE /tools/Xilinx/Vitis_HLS/2022.2/common/technology/autopilot/ap_int_base.h:840 VARIABLE add_ln840_926 LOOP VITIS_LOOP_249_1 BUNDLEDNAME {} DSP 0 BRAM 0 URAM 0 DISPNAME {bind_op add}} {BINDTYPE op ID {} IMPL fabric LATENCY 0 OPTYPE add PRAGMA {} RTLNAME add_ln840_927_fu_28275_p2 SOURCE /tools/Xilinx/Vitis_HLS/2022.2/common/technology/autopilot/ap_int_base.h:840 VARIABLE add_ln840_927 LOOP VITIS_LOOP_249_1 BUNDLEDNAME {} DSP 0 BRAM 0 URAM 0 DISPNAME {bind_op add}} {BINDTYPE op ID {} IMPL fabric LATENCY 0 OPTYPE add PRAGMA {} RTLNAME add_ln840_928_fu_28285_p2 SOURCE /tools/Xilinx/Vitis_HLS/2022.2/common/technology/autopilot/ap_int_base.h:840 VARIABLE add_ln840_928 LOOP VITIS_LOOP_249_1 BUNDLEDNAME {} DSP 0 BRAM 0 URAM 0 DISPNAME {bind_op add}} {BINDTYPE op ID {} IMPL fabric LATENCY 0 OPTYPE add PRAGMA {} RTLNAME add_ln840_929_fu_28295_p2 SOURCE /tools/Xilinx/Vitis_HLS/2022.2/common/technology/autopilot/ap_int_base.h:840 VARIABLE add_ln840_929 LOOP VITIS_LOOP_249_1 BUNDLEDNAME {} DSP 0 BRAM 0 URAM 0 DISPNAME {bind_op add}} {BINDTYPE op ID {} IMPL fabric LATENCY 0 OPTYPE add PRAGMA {} RTLNAME add_ln840_934_fu_28462_p2 SOURCE /tools/Xilinx/Vitis_HLS/2022.2/common/technology/autopilot/ap_int_base.h:840 VARIABLE add_ln840_934 LOOP VITIS_LOOP_249_1 BUNDLEDNAME {} DSP 0 BRAM 0 URAM 0 DISPNAME {bind_op add}} {BINDTYPE op ID {} IMPL fabric LATENCY 0 OPTYPE add PRAGMA {} RTLNAME add_ln840_935_fu_28472_p2 SOURCE /tools/Xilinx/Vitis_HLS/2022.2/common/technology/autopilot/ap_int_base.h:840 VARIABLE add_ln840_935 LOOP VITIS_LOOP_249_1 BUNDLEDNAME {} DSP 0 BRAM 0 URAM 0 DISPNAME {bind_op add}} {BINDTYPE op ID {} IMPL fabric LATENCY 0 OPTYPE add PRAGMA {} RTLNAME add_ln840_938_fu_28494_p2 SOURCE /tools/Xilinx/Vitis_HLS/2022.2/common/technology/autopilot/ap_int_base.h:840 VARIABLE add_ln840_938 LOOP VITIS_LOOP_249_1 BUNDLEDNAME {} DSP 0 BRAM 0 URAM 0 DISPNAME {bind_op add}} {BINDTYPE op ID {} IMPL fabric LATENCY 0 OPTYPE add PRAGMA {} RTLNAME add_ln840_939_fu_28504_p2 SOURCE /tools/Xilinx/Vitis_HLS/2022.2/common/technology/autopilot/ap_int_base.h:840 VARIABLE add_ln840_939 LOOP VITIS_LOOP_249_1 BUNDLEDNAME {} DSP 0 BRAM 0 URAM 0 DISPNAME {bind_op add}} {BINDTYPE op ID {} IMPL fabric LATENCY 0 OPTYPE add PRAGMA {} RTLNAME add_ln840_940_fu_28514_p2 SOURCE /tools/Xilinx/Vitis_HLS/2022.2/common/technology/autopilot/ap_int_base.h:840 VARIABLE add_ln840_940 LOOP VITIS_LOOP_249_1 BUNDLEDNAME {} DSP 0 BRAM 0 URAM 0 DISPNAME {bind_op add}} {BINDTYPE op ID {} IMPL fabric LATENCY 0 OPTYPE add PRAGMA {} RTLNAME add_ln840_941_fu_28520_p2 SOURCE /tools/Xilinx/Vitis_HLS/2022.2/common/technology/autopilot/ap_int_base.h:840 VARIABLE add_ln840_941 LOOP VITIS_LOOP_249_1 BUNDLEDNAME {} DSP 0 BRAM 0 URAM 0 DISPNAME {bind_op add}} {BINDTYPE op ID {} IMPL fabric LATENCY 0 OPTYPE add PRAGMA {} RTLNAME add_ln840_942_fu_28530_p2 SOURCE /tools/Xilinx/Vitis_HLS/2022.2/common/technology/autopilot/ap_int_base.h:840 VARIABLE add_ln840_942 LOOP VITIS_LOOP_249_1 BUNDLEDNAME {} DSP 0 BRAM 0 URAM 0 DISPNAME {bind_op add}} {BINDTYPE op ID {} IMPL fabric LATENCY 0 OPTYPE add PRAGMA {} RTLNAME add_ln840_943_fu_28540_p2 SOURCE /tools/Xilinx/Vitis_HLS/2022.2/common/technology/autopilot/ap_int_base.h:840 VARIABLE add_ln840_943 LOOP VITIS_LOOP_249_1 BUNDLEDNAME {} DSP 0 BRAM 0 URAM 0 DISPNAME {bind_op add}} {BINDTYPE op ID {} IMPL fabric LATENCY 0 OPTYPE add PRAGMA {} RTLNAME add_ln840_948_fu_28707_p2 SOURCE /tools/Xilinx/Vitis_HLS/2022.2/common/technology/autopilot/ap_int_base.h:840 VARIABLE add_ln840_948 LOOP VITIS_LOOP_249_1 BUNDLEDNAME {} DSP 0 BRAM 0 URAM 0 DISPNAME {bind_op add}} {BINDTYPE op ID {} IMPL fabric LATENCY 0 OPTYPE add PRAGMA {} RTLNAME add_ln840_949_fu_28717_p2 SOURCE /tools/Xilinx/Vitis_HLS/2022.2/common/technology/autopilot/ap_int_base.h:840 VARIABLE add_ln840_949 LOOP VITIS_LOOP_249_1 BUNDLEDNAME {} DSP 0 BRAM 0 URAM 0 DISPNAME {bind_op add}} {BINDTYPE op ID {} IMPL fabric LATENCY 0 OPTYPE add PRAGMA {} RTLNAME add_ln840_952_fu_28739_p2 SOURCE /tools/Xilinx/Vitis_HLS/2022.2/common/technology/autopilot/ap_int_base.h:840 VARIABLE add_ln840_952 LOOP VITIS_LOOP_249_1 BUNDLEDNAME {} DSP 0 BRAM 0 URAM 0 DISPNAME {bind_op add}} {BINDTYPE op ID {} IMPL fabric LATENCY 0 OPTYPE add PRAGMA {} RTLNAME add_ln840_953_fu_28749_p2 SOURCE /tools/Xilinx/Vitis_HLS/2022.2/common/technology/autopilot/ap_int_base.h:840 VARIABLE add_ln840_953 LOOP VITIS_LOOP_249_1 BUNDLEDNAME {} DSP 0 BRAM 0 URAM 0 DISPNAME {bind_op add}} {BINDTYPE op ID {} IMPL fabric LATENCY 0 OPTYPE add PRAGMA {} RTLNAME add_ln840_954_fu_28759_p2 SOURCE /tools/Xilinx/Vitis_HLS/2022.2/common/technology/autopilot/ap_int_base.h:840 VARIABLE add_ln840_954 LOOP VITIS_LOOP_249_1 BUNDLEDNAME {} DSP 0 BRAM 0 URAM 0 DISPNAME {bind_op add}} {BINDTYPE op ID {} IMPL fabric LATENCY 0 OPTYPE add PRAGMA {} RTLNAME add_ln840_955_fu_28765_p2 SOURCE /tools/Xilinx/Vitis_HLS/2022.2/common/technology/autopilot/ap_int_base.h:840 VARIABLE add_ln840_955 LOOP VITIS_LOOP_249_1 BUNDLEDNAME {} DSP 0 BRAM 0 URAM 0 DISPNAME {bind_op add}} {BINDTYPE op ID {} IMPL fabric LATENCY 0 OPTYPE add PRAGMA {} RTLNAME add_ln840_956_fu_28775_p2 SOURCE /tools/Xilinx/Vitis_HLS/2022.2/common/technology/autopilot/ap_int_base.h:840 VARIABLE add_ln840_956 LOOP VITIS_LOOP_249_1 BUNDLEDNAME {} DSP 0 BRAM 0 URAM 0 DISPNAME {bind_op add}} {BINDTYPE op ID {} IMPL fabric LATENCY 0 OPTYPE add PRAGMA {} RTLNAME add_ln840_957_fu_28785_p2 SOURCE /tools/Xilinx/Vitis_HLS/2022.2/common/technology/autopilot/ap_int_base.h:840 VARIABLE add_ln840_957 LOOP VITIS_LOOP_249_1 BUNDLEDNAME {} DSP 0 BRAM 0 URAM 0 DISPNAME {bind_op add}} {BINDTYPE op ID {} IMPL fabric LATENCY 0 OPTYPE add PRAGMA {} RTLNAME add_ln840_962_fu_28952_p2 SOURCE /tools/Xilinx/Vitis_HLS/2022.2/common/technology/autopilot/ap_int_base.h:840 VARIABLE add_ln840_962 LOOP VITIS_LOOP_249_1 BUNDLEDNAME {} DSP 0 BRAM 0 URAM 0 DISPNAME {bind_op add}} {BINDTYPE op ID {} IMPL fabric LATENCY 0 OPTYPE add PRAGMA {} RTLNAME add_ln840_963_fu_28962_p2 SOURCE /tools/Xilinx/Vitis_HLS/2022.2/common/technology/autopilot/ap_int_base.h:840 VARIABLE add_ln840_963 LOOP VITIS_LOOP_249_1 BUNDLEDNAME {} DSP 0 BRAM 0 URAM 0 DISPNAME {bind_op add}} {BINDTYPE op ID {} IMPL fabric LATENCY 0 OPTYPE add PRAGMA {} RTLNAME add_ln840_966_fu_28984_p2 SOURCE /tools/Xilinx/Vitis_HLS/2022.2/common/technology/autopilot/ap_int_base.h:840 VARIABLE add_ln840_966 LOOP VITIS_LOOP_249_1 BUNDLEDNAME {} DSP 0 BRAM 0 URAM 0 DISPNAME {bind_op add}} {BINDTYPE op ID {} IMPL fabric LATENCY 0 OPTYPE add PRAGMA {} RTLNAME add_ln840_967_fu_28994_p2 SOURCE /tools/Xilinx/Vitis_HLS/2022.2/common/technology/autopilot/ap_int_base.h:840 VARIABLE add_ln840_967 LOOP VITIS_LOOP_249_1 BUNDLEDNAME {} DSP 0 BRAM 0 URAM 0 DISPNAME {bind_op add}} {BINDTYPE op ID {} IMPL fabric LATENCY 0 OPTYPE add PRAGMA {} RTLNAME add_ln840_968_fu_29004_p2 SOURCE /tools/Xilinx/Vitis_HLS/2022.2/common/technology/autopilot/ap_int_base.h:840 VARIABLE add_ln840_968 LOOP VITIS_LOOP_249_1 BUNDLEDNAME {} DSP 0 BRAM 0 URAM 0 DISPNAME {bind_op add}} {BINDTYPE op ID {} IMPL fabric LATENCY 0 OPTYPE add PRAGMA {} RTLNAME add_ln840_969_fu_29010_p2 SOURCE /tools/Xilinx/Vitis_HLS/2022.2/common/technology/autopilot/ap_int_base.h:840 VARIABLE add_ln840_969 LOOP VITIS_LOOP_249_1 BUNDLEDNAME {} DSP 0 BRAM 0 URAM 0 DISPNAME {bind_op add}} {BINDTYPE op ID {} IMPL fabric LATENCY 0 OPTYPE add PRAGMA {} RTLNAME add_ln840_970_fu_29020_p2 SOURCE /tools/Xilinx/Vitis_HLS/2022.2/common/technology/autopilot/ap_int_base.h:840 VARIABLE add_ln840_970 LOOP VITIS_LOOP_249_1 BUNDLEDNAME {} DSP 0 BRAM 0 URAM 0 DISPNAME {bind_op add}} {BINDTYPE op ID {} IMPL fabric LATENCY 0 OPTYPE add PRAGMA {} RTLNAME add_ln840_971_fu_29030_p2 SOURCE /tools/Xilinx/Vitis_HLS/2022.2/common/technology/autopilot/ap_int_base.h:840 VARIABLE add_ln840_971 LOOP VITIS_LOOP_249_1 BUNDLEDNAME {} DSP 0 BRAM 0 URAM 0 DISPNAME {bind_op add}} {BINDTYPE op ID {} IMPL fabric LATENCY 0 OPTYPE add PRAGMA {} RTLNAME add_ln840_976_fu_29197_p2 SOURCE /tools/Xilinx/Vitis_HLS/2022.2/common/technology/autopilot/ap_int_base.h:840 VARIABLE add_ln840_976 LOOP VITIS_LOOP_249_1 BUNDLEDNAME {} DSP 0 BRAM 0 URAM 0 DISPNAME {bind_op add}} {BINDTYPE op ID {} IMPL fabric LATENCY 0 OPTYPE add PRAGMA {} RTLNAME add_ln840_977_fu_29207_p2 SOURCE /tools/Xilinx/Vitis_HLS/2022.2/common/technology/autopilot/ap_int_base.h:840 VARIABLE add_ln840_977 LOOP VITIS_LOOP_249_1 BUNDLEDNAME {} DSP 0 BRAM 0 URAM 0 DISPNAME {bind_op add}} {BINDTYPE op ID {} IMPL fabric LATENCY 0 OPTYPE add PRAGMA {} RTLNAME add_ln840_980_fu_29229_p2 SOURCE /tools/Xilinx/Vitis_HLS/2022.2/common/technology/autopilot/ap_int_base.h:840 VARIABLE add_ln840_980 LOOP VITIS_LOOP_249_1 BUNDLEDNAME {} DSP 0 BRAM 0 URAM 0 DISPNAME {bind_op add}} {BINDTYPE op ID {} IMPL fabric LATENCY 0 OPTYPE add PRAGMA {} RTLNAME add_ln840_981_fu_29239_p2 SOURCE /tools/Xilinx/Vitis_HLS/2022.2/common/technology/autopilot/ap_int_base.h:840 VARIABLE add_ln840_981 LOOP VITIS_LOOP_249_1 BUNDLEDNAME {} DSP 0 BRAM 0 URAM 0 DISPNAME {bind_op add}} {BINDTYPE op ID {} IMPL fabric LATENCY 0 OPTYPE add PRAGMA {} RTLNAME add_ln840_982_fu_29249_p2 SOURCE /tools/Xilinx/Vitis_HLS/2022.2/common/technology/autopilot/ap_int_base.h:840 VARIABLE add_ln840_982 LOOP VITIS_LOOP_249_1 BUNDLEDNAME {} DSP 0 BRAM 0 URAM 0 DISPNAME {bind_op add}} {BINDTYPE op ID {} IMPL fabric LATENCY 0 OPTYPE add PRAGMA {} RTLNAME add_ln840_983_fu_29255_p2 SOURCE /tools/Xilinx/Vitis_HLS/2022.2/common/technology/autopilot/ap_int_base.h:840 VARIABLE add_ln840_983 LOOP VITIS_LOOP_249_1 BUNDLEDNAME {} DSP 0 BRAM 0 URAM 0 DISPNAME {bind_op add}} {BINDTYPE op ID {} IMPL fabric LATENCY 0 OPTYPE add PRAGMA {} RTLNAME add_ln840_984_fu_29265_p2 SOURCE /tools/Xilinx/Vitis_HLS/2022.2/common/technology/autopilot/ap_int_base.h:840 VARIABLE add_ln840_984 LOOP VITIS_LOOP_249_1 BUNDLEDNAME {} DSP 0 BRAM 0 URAM 0 DISPNAME {bind_op add}} {BINDTYPE op ID {} IMPL fabric LATENCY 0 OPTYPE add PRAGMA {} RTLNAME add_ln840_985_fu_29275_p2 SOURCE /tools/Xilinx/Vitis_HLS/2022.2/common/technology/autopilot/ap_int_base.h:840 VARIABLE add_ln840_985 LOOP VITIS_LOOP_249_1 BUNDLEDNAME {} DSP 0 BRAM 0 URAM 0 DISPNAME {bind_op add}} {BINDTYPE op ID {} IMPL fabric LATENCY 0 OPTYPE add PRAGMA {} RTLNAME add_ln840_990_fu_29442_p2 SOURCE /tools/Xilinx/Vitis_HLS/2022.2/common/technology/autopilot/ap_int_base.h:840 VARIABLE add_ln840_990 LOOP VITIS_LOOP_249_1 BUNDLEDNAME {} DSP 0 BRAM 0 URAM 0 DISPNAME {bind_op add}} {BINDTYPE op ID {} IMPL fabric LATENCY 0 OPTYPE add PRAGMA {} RTLNAME add_ln840_991_fu_29452_p2 SOURCE /tools/Xilinx/Vitis_HLS/2022.2/common/technology/autopilot/ap_int_base.h:840 VARIABLE add_ln840_991 LOOP VITIS_LOOP_249_1 BUNDLEDNAME {} DSP 0 BRAM 0 URAM 0 DISPNAME {bind_op add}} {BINDTYPE op ID {} IMPL fabric LATENCY 0 OPTYPE add PRAGMA {} RTLNAME add_ln840_994_fu_29474_p2 SOURCE /tools/Xilinx/Vitis_HLS/2022.2/common/technology/autopilot/ap_int_base.h:840 VARIABLE add_ln840_994 LOOP VITIS_LOOP_249_1 BUNDLEDNAME {} DSP 0 BRAM 0 URAM 0 DISPNAME {bind_op add}} {BINDTYPE op ID {} IMPL fabric LATENCY 0 OPTYPE add PRAGMA {} RTLNAME add_ln840_995_fu_29484_p2 SOURCE /tools/Xilinx/Vitis_HLS/2022.2/common/technology/autopilot/ap_int_base.h:840 VARIABLE add_ln840_995 LOOP VITIS_LOOP_249_1 BUNDLEDNAME {} DSP 0 BRAM 0 URAM 0 DISPNAME {bind_op add}} {BINDTYPE op ID {} IMPL fabric LATENCY 0 OPTYPE add PRAGMA {} RTLNAME add_ln840_996_fu_29494_p2 SOURCE /tools/Xilinx/Vitis_HLS/2022.2/common/technology/autopilot/ap_int_base.h:840 VARIABLE add_ln840_996 LOOP VITIS_LOOP_249_1 BUNDLEDNAME {} DSP 0 BRAM 0 URAM 0 DISPNAME {bind_op add}} {BINDTYPE op ID {} IMPL fabric LATENCY 0 OPTYPE add PRAGMA {} RTLNAME add_ln840_997_fu_29500_p2 SOURCE /tools/Xilinx/Vitis_HLS/2022.2/common/technology/autopilot/ap_int_base.h:840 VARIABLE add_ln840_997 LOOP VITIS_LOOP_249_1 BUNDLEDNAME {} DSP 0 BRAM 0 URAM 0 DISPNAME {bind_op add}} {BINDTYPE op ID {} IMPL fabric LATENCY 0 OPTYPE add PRAGMA {} RTLNAME add_ln840_998_fu_29510_p2 SOURCE /tools/Xilinx/Vitis_HLS/2022.2/common/technology/autopilot/ap_int_base.h:840 VARIABLE add_ln840_998 LOOP VITIS_LOOP_249_1 BUNDLEDNAME {} DSP 0 BRAM 0 URAM 0 DISPNAME {bind_op add}} {BINDTYPE op ID {} IMPL fabric LATENCY 0 OPTYPE add PRAGMA {} RTLNAME add_ln840_999_fu_29520_p2 SOURCE /tools/Xilinx/Vitis_HLS/2022.2/common/technology/autopilot/ap_int_base.h:840 VARIABLE add_ln840_999 LOOP VITIS_LOOP_249_1 BUNDLEDNAME {} DSP 0 BRAM 0 URAM 0 DISPNAME {bind_op add}} {BINDTYPE op ID {} IMPL fabric LATENCY 0 OPTYPE add PRAGMA {} RTLNAME add_ln840_1004_fu_29687_p2 SOURCE /tools/Xilinx/Vitis_HLS/2022.2/common/technology/autopilot/ap_int_base.h:840 VARIABLE add_ln840_1004 LOOP VITIS_LOOP_249_1 BUNDLEDNAME {} DSP 0 BRAM 0 URAM 0 DISPNAME {bind_op add}} {BINDTYPE op ID {} IMPL fabric LATENCY 0 OPTYPE add PRAGMA {} RTLNAME add_ln840_1005_fu_29697_p2 SOURCE /tools/Xilinx/Vitis_HLS/2022.2/common/technology/autopilot/ap_int_base.h:840 VARIABLE add_ln840_1005 LOOP VITIS_LOOP_249_1 BUNDLEDNAME {} DSP 0 BRAM 0 URAM 0 DISPNAME {bind_op add}} {BINDTYPE op ID {} IMPL fabric LATENCY 0 OPTYPE add PRAGMA {} RTLNAME add_ln840_1008_fu_29719_p2 SOURCE /tools/Xilinx/Vitis_HLS/2022.2/common/technology/autopilot/ap_int_base.h:840 VARIABLE add_ln840_1008 LOOP VITIS_LOOP_249_1 BUNDLEDNAME {} DSP 0 BRAM 0 URAM 0 DISPNAME {bind_op add}} {BINDTYPE op ID {} IMPL fabric LATENCY 0 OPTYPE add PRAGMA {} RTLNAME add_ln840_1009_fu_29729_p2 SOURCE /tools/Xilinx/Vitis_HLS/2022.2/common/technology/autopilot/ap_int_base.h:840 VARIABLE add_ln840_1009 LOOP VITIS_LOOP_249_1 BUNDLEDNAME {} DSP 0 BRAM 0 URAM 0 DISPNAME {bind_op add}} {BINDTYPE op ID {} IMPL fabric LATENCY 0 OPTYPE add PRAGMA {} RTLNAME add_ln840_1010_fu_29739_p2 SOURCE /tools/Xilinx/Vitis_HLS/2022.2/common/technology/autopilot/ap_int_base.h:840 VARIABLE add_ln840_1010 LOOP VITIS_LOOP_249_1 BUNDLEDNAME {} DSP 0 BRAM 0 URAM 0 DISPNAME {bind_op add}} {BINDTYPE op ID {} IMPL fabric LATENCY 0 OPTYPE add PRAGMA {} RTLNAME add_ln840_1011_fu_29745_p2 SOURCE /tools/Xilinx/Vitis_HLS/2022.2/common/technology/autopilot/ap_int_base.h:840 VARIABLE add_ln840_1011 LOOP VITIS_LOOP_249_1 BUNDLEDNAME {} DSP 0 BRAM 0 URAM 0 DISPNAME {bind_op add}} {BINDTYPE op ID {} IMPL fabric LATENCY 0 OPTYPE add PRAGMA {} RTLNAME add_ln840_1012_fu_29755_p2 SOURCE /tools/Xilinx/Vitis_HLS/2022.2/common/technology/autopilot/ap_int_base.h:840 VARIABLE add_ln840_1012 LOOP VITIS_LOOP_249_1 BUNDLEDNAME {} DSP 0 BRAM 0 URAM 0 DISPNAME {bind_op add}} {BINDTYPE op ID {} IMPL fabric LATENCY 0 OPTYPE add PRAGMA {} RTLNAME add_ln840_1013_fu_29765_p2 SOURCE /tools/Xilinx/Vitis_HLS/2022.2/common/technology/autopilot/ap_int_base.h:840 VARIABLE add_ln840_1013 LOOP VITIS_LOOP_249_1 BUNDLEDNAME {} DSP 0 BRAM 0 URAM 0 DISPNAME {bind_op add}} {BINDTYPE op ID {} IMPL fabric LATENCY 0 OPTYPE add PRAGMA {} RTLNAME add_ln840_1018_fu_29932_p2 SOURCE /tools/Xilinx/Vitis_HLS/2022.2/common/technology/autopilot/ap_int_base.h:840 VARIABLE add_ln840_1018 LOOP VITIS_LOOP_249_1 BUNDLEDNAME {} DSP 0 BRAM 0 URAM 0 DISPNAME {bind_op add}} {BINDTYPE op ID {} IMPL fabric LATENCY 0 OPTYPE add PRAGMA {} RTLNAME add_ln840_1019_fu_29942_p2 SOURCE /tools/Xilinx/Vitis_HLS/2022.2/common/technology/autopilot/ap_int_base.h:840 VARIABLE add_ln840_1019 LOOP VITIS_LOOP_249_1 BUNDLEDNAME {} DSP 0 BRAM 0 URAM 0 DISPNAME {bind_op add}} {BINDTYPE op ID {} IMPL fabric LATENCY 0 OPTYPE add PRAGMA {} RTLNAME add_ln840_1022_fu_29964_p2 SOURCE /tools/Xilinx/Vitis_HLS/2022.2/common/technology/autopilot/ap_int_base.h:840 VARIABLE add_ln840_1022 LOOP VITIS_LOOP_249_1 BUNDLEDNAME {} DSP 0 BRAM 0 URAM 0 DISPNAME {bind_op add}} {BINDTYPE op ID {} IMPL fabric LATENCY 0 OPTYPE add PRAGMA {} RTLNAME add_ln840_1023_fu_29974_p2 SOURCE /tools/Xilinx/Vitis_HLS/2022.2/common/technology/autopilot/ap_int_base.h:840 VARIABLE add_ln840_1023 LOOP VITIS_LOOP_249_1 BUNDLEDNAME {} DSP 0 BRAM 0 URAM 0 DISPNAME {bind_op add}} {BINDTYPE op ID {} IMPL fabric LATENCY 0 OPTYPE add PRAGMA {} RTLNAME add_ln840_1024_fu_29984_p2 SOURCE /tools/Xilinx/Vitis_HLS/2022.2/common/technology/autopilot/ap_int_base.h:840 VARIABLE add_ln840_1024 LOOP VITIS_LOOP_249_1 BUNDLEDNAME {} DSP 0 BRAM 0 URAM 0 DISPNAME {bind_op add}} {BINDTYPE op ID {} IMPL fabric LATENCY 0 OPTYPE add PRAGMA {} RTLNAME add_ln840_1025_fu_29990_p2 SOURCE /tools/Xilinx/Vitis_HLS/2022.2/common/technology/autopilot/ap_int_base.h:840 VARIABLE add_ln840_1025 LOOP VITIS_LOOP_249_1 BUNDLEDNAME {} DSP 0 BRAM 0 URAM 0 DISPNAME {bind_op add}} {BINDTYPE op ID {} IMPL fabric LATENCY 0 OPTYPE add PRAGMA {} RTLNAME add_ln840_1026_fu_30000_p2 SOURCE /tools/Xilinx/Vitis_HLS/2022.2/common/technology/autopilot/ap_int_base.h:840 VARIABLE add_ln840_1026 LOOP VITIS_LOOP_249_1 BUNDLEDNAME {} DSP 0 BRAM 0 URAM 0 DISPNAME {bind_op add}} {BINDTYPE op ID {} IMPL fabric LATENCY 0 OPTYPE add PRAGMA {} RTLNAME add_ln840_1027_fu_30010_p2 SOURCE /tools/Xilinx/Vitis_HLS/2022.2/common/technology/autopilot/ap_int_base.h:840 VARIABLE add_ln840_1027 LOOP VITIS_LOOP_249_1 BUNDLEDNAME {} DSP 0 BRAM 0 URAM 0 DISPNAME {bind_op add}} {BINDTYPE op ID {} IMPL fabric LATENCY 0 OPTYPE add PRAGMA {} RTLNAME add_ln840_1032_fu_30177_p2 SOURCE /tools/Xilinx/Vitis_HLS/2022.2/common/technology/autopilot/ap_int_base.h:840 VARIABLE add_ln840_1032 LOOP VITIS_LOOP_249_1 BUNDLEDNAME {} DSP 0 BRAM 0 URAM 0 DISPNAME {bind_op add}} {BINDTYPE op ID {} IMPL fabric LATENCY 0 OPTYPE add PRAGMA {} RTLNAME add_ln840_1033_fu_30187_p2 SOURCE /tools/Xilinx/Vitis_HLS/2022.2/common/technology/autopilot/ap_int_base.h:840 VARIABLE add_ln840_1033 LOOP VITIS_LOOP_249_1 BUNDLEDNAME {} DSP 0 BRAM 0 URAM 0 DISPNAME {bind_op add}} {BINDTYPE op ID {} IMPL fabric LATENCY 0 OPTYPE add PRAGMA {} RTLNAME add_ln840_1036_fu_30209_p2 SOURCE /tools/Xilinx/Vitis_HLS/2022.2/common/technology/autopilot/ap_int_base.h:840 VARIABLE add_ln840_1036 LOOP VITIS_LOOP_249_1 BUNDLEDNAME {} DSP 0 BRAM 0 URAM 0 DISPNAME {bind_op add}} {BINDTYPE op ID {} IMPL fabric LATENCY 0 OPTYPE add PRAGMA {} RTLNAME add_ln840_1037_fu_30219_p2 SOURCE /tools/Xilinx/Vitis_HLS/2022.2/common/technology/autopilot/ap_int_base.h:840 VARIABLE add_ln840_1037 LOOP VITIS_LOOP_249_1 BUNDLEDNAME {} DSP 0 BRAM 0 URAM 0 DISPNAME {bind_op add}} {BINDTYPE op ID {} IMPL fabric LATENCY 0 OPTYPE add PRAGMA {} RTLNAME add_ln840_1038_fu_30229_p2 SOURCE /tools/Xilinx/Vitis_HLS/2022.2/common/technology/autopilot/ap_int_base.h:840 VARIABLE add_ln840_1038 LOOP VITIS_LOOP_249_1 BUNDLEDNAME {} DSP 0 BRAM 0 URAM 0 DISPNAME {bind_op add}} {BINDTYPE op ID {} IMPL fabric LATENCY 0 OPTYPE add PRAGMA {} RTLNAME add_ln840_1039_fu_30235_p2 SOURCE /tools/Xilinx/Vitis_HLS/2022.2/common/technology/autopilot/ap_int_base.h:840 VARIABLE add_ln840_1039 LOOP VITIS_LOOP_249_1 BUNDLEDNAME {} DSP 0 BRAM 0 URAM 0 DISPNAME {bind_op add}} {BINDTYPE op ID {} IMPL fabric LATENCY 0 OPTYPE add PRAGMA {} RTLNAME add_ln840_1040_fu_30245_p2 SOURCE /tools/Xilinx/Vitis_HLS/2022.2/common/technology/autopilot/ap_int_base.h:840 VARIABLE add_ln840_1040 LOOP VITIS_LOOP_249_1 BUNDLEDNAME {} DSP 0 BRAM 0 URAM 0 DISPNAME {bind_op add}} {BINDTYPE op ID {} IMPL fabric LATENCY 0 OPTYPE add PRAGMA {} RTLNAME add_ln840_1041_fu_30255_p2 SOURCE /tools/Xilinx/Vitis_HLS/2022.2/common/technology/autopilot/ap_int_base.h:840 VARIABLE add_ln840_1041 LOOP VITIS_LOOP_249_1 BUNDLEDNAME {} DSP 0 BRAM 0 URAM 0 DISPNAME {bind_op add}} {BINDTYPE op ID {} IMPL fabric LATENCY 0 OPTYPE add PRAGMA {} RTLNAME add_ln840_1046_fu_30422_p2 SOURCE /tools/Xilinx/Vitis_HLS/2022.2/common/technology/autopilot/ap_int_base.h:840 VARIABLE add_ln840_1046 LOOP VITIS_LOOP_249_1 BUNDLEDNAME {} DSP 0 BRAM 0 URAM 0 DISPNAME {bind_op add}} {BINDTYPE op ID {} IMPL fabric LATENCY 0 OPTYPE add PRAGMA {} RTLNAME add_ln840_1047_fu_30432_p2 SOURCE /tools/Xilinx/Vitis_HLS/2022.2/common/technology/autopilot/ap_int_base.h:840 VARIABLE add_ln840_1047 LOOP VITIS_LOOP_249_1 BUNDLEDNAME {} DSP 0 BRAM 0 URAM 0 DISPNAME {bind_op add}} {BINDTYPE op ID {} IMPL fabric LATENCY 0 OPTYPE add PRAGMA {} RTLNAME add_ln840_1050_fu_30454_p2 SOURCE /tools/Xilinx/Vitis_HLS/2022.2/common/technology/autopilot/ap_int_base.h:840 VARIABLE add_ln840_1050 LOOP VITIS_LOOP_249_1 BUNDLEDNAME {} DSP 0 BRAM 0 URAM 0 DISPNAME {bind_op add}} {BINDTYPE op ID {} IMPL fabric LATENCY 0 OPTYPE add PRAGMA {} RTLNAME add_ln840_1051_fu_30464_p2 SOURCE /tools/Xilinx/Vitis_HLS/2022.2/common/technology/autopilot/ap_int_base.h:840 VARIABLE add_ln840_1051 LOOP VITIS_LOOP_249_1 BUNDLEDNAME {} DSP 0 BRAM 0 URAM 0 DISPNAME {bind_op add}} {BINDTYPE op ID {} IMPL fabric LATENCY 0 OPTYPE add PRAGMA {} RTLNAME add_ln840_1052_fu_30474_p2 SOURCE /tools/Xilinx/Vitis_HLS/2022.2/common/technology/autopilot/ap_int_base.h:840 VARIABLE add_ln840_1052 LOOP VITIS_LOOP_249_1 BUNDLEDNAME {} DSP 0 BRAM 0 URAM 0 DISPNAME {bind_op add}} {BINDTYPE op ID {} IMPL fabric LATENCY 0 OPTYPE add PRAGMA {} RTLNAME add_ln840_1053_fu_30480_p2 SOURCE /tools/Xilinx/Vitis_HLS/2022.2/common/technology/autopilot/ap_int_base.h:840 VARIABLE add_ln840_1053 LOOP VITIS_LOOP_249_1 BUNDLEDNAME {} DSP 0 BRAM 0 URAM 0 DISPNAME {bind_op add}} {BINDTYPE op ID {} IMPL fabric LATENCY 0 OPTYPE add PRAGMA {} RTLNAME add_ln840_1054_fu_30490_p2 SOURCE /tools/Xilinx/Vitis_HLS/2022.2/common/technology/autopilot/ap_int_base.h:840 VARIABLE add_ln840_1054 LOOP VITIS_LOOP_249_1 BUNDLEDNAME {} DSP 0 BRAM 0 URAM 0 DISPNAME {bind_op add}} {BINDTYPE op ID {} IMPL fabric LATENCY 0 OPTYPE add PRAGMA {} RTLNAME add_ln840_1055_fu_30500_p2 SOURCE /tools/Xilinx/Vitis_HLS/2022.2/common/technology/autopilot/ap_int_base.h:840 VARIABLE add_ln840_1055 LOOP VITIS_LOOP_249_1 BUNDLEDNAME {} DSP 0 BRAM 0 URAM 0 DISPNAME {bind_op add}} {BINDTYPE op ID {} IMPL fabric LATENCY 0 OPTYPE add PRAGMA {} RTLNAME add_ln840_1060_fu_30667_p2 SOURCE /tools/Xilinx/Vitis_HLS/2022.2/common/technology/autopilot/ap_int_base.h:840 VARIABLE add_ln840_1060 LOOP VITIS_LOOP_249_1 BUNDLEDNAME {} DSP 0 BRAM 0 URAM 0 DISPNAME {bind_op add}} {BINDTYPE op ID {} IMPL fabric LATENCY 0 OPTYPE add PRAGMA {} RTLNAME add_ln840_1061_fu_30677_p2 SOURCE /tools/Xilinx/Vitis_HLS/2022.2/common/technology/autopilot/ap_int_base.h:840 VARIABLE add_ln840_1061 LOOP VITIS_LOOP_249_1 BUNDLEDNAME {} DSP 0 BRAM 0 URAM 0 DISPNAME {bind_op add}} {BINDTYPE op ID {} IMPL fabric LATENCY 0 OPTYPE add PRAGMA {} RTLNAME add_ln840_1064_fu_30699_p2 SOURCE /tools/Xilinx/Vitis_HLS/2022.2/common/technology/autopilot/ap_int_base.h:840 VARIABLE add_ln840_1064 LOOP VITIS_LOOP_249_1 BUNDLEDNAME {} DSP 0 BRAM 0 URAM 0 DISPNAME {bind_op add}} {BINDTYPE op ID {} IMPL fabric LATENCY 0 OPTYPE add PRAGMA {} RTLNAME add_ln840_1065_fu_30709_p2 SOURCE /tools/Xilinx/Vitis_HLS/2022.2/common/technology/autopilot/ap_int_base.h:840 VARIABLE add_ln840_1065 LOOP VITIS_LOOP_249_1 BUNDLEDNAME {} DSP 0 BRAM 0 URAM 0 DISPNAME {bind_op add}} {BINDTYPE op ID {} IMPL fabric LATENCY 0 OPTYPE add PRAGMA {} RTLNAME add_ln840_1066_fu_30719_p2 SOURCE /tools/Xilinx/Vitis_HLS/2022.2/common/technology/autopilot/ap_int_base.h:840 VARIABLE add_ln840_1066 LOOP VITIS_LOOP_249_1 BUNDLEDNAME {} DSP 0 BRAM 0 URAM 0 DISPNAME {bind_op add}} {BINDTYPE op ID {} IMPL fabric LATENCY 0 OPTYPE add PRAGMA {} RTLNAME add_ln840_1067_fu_30725_p2 SOURCE /tools/Xilinx/Vitis_HLS/2022.2/common/technology/autopilot/ap_int_base.h:840 VARIABLE add_ln840_1067 LOOP VITIS_LOOP_249_1 BUNDLEDNAME {} DSP 0 BRAM 0 URAM 0 DISPNAME {bind_op add}} {BINDTYPE op ID {} IMPL fabric LATENCY 0 OPTYPE add PRAGMA {} RTLNAME add_ln840_1068_fu_30735_p2 SOURCE /tools/Xilinx/Vitis_HLS/2022.2/common/technology/autopilot/ap_int_base.h:840 VARIABLE add_ln840_1068 LOOP VITIS_LOOP_249_1 BUNDLEDNAME {} DSP 0 BRAM 0 URAM 0 DISPNAME {bind_op add}} {BINDTYPE op ID {} IMPL fabric LATENCY 0 OPTYPE add PRAGMA {} RTLNAME add_ln840_1069_fu_30745_p2 SOURCE /tools/Xilinx/Vitis_HLS/2022.2/common/technology/autopilot/ap_int_base.h:840 VARIABLE add_ln840_1069 LOOP VITIS_LOOP_249_1 BUNDLEDNAME {} DSP 0 BRAM 0 URAM 0 DISPNAME {bind_op add}} {BINDTYPE op ID {} IMPL fabric LATENCY 0 OPTYPE add PRAGMA {} RTLNAME add_ln840_1074_fu_30912_p2 SOURCE /tools/Xilinx/Vitis_HLS/2022.2/common/technology/autopilot/ap_int_base.h:840 VARIABLE add_ln840_1074 LOOP VITIS_LOOP_249_1 BUNDLEDNAME {} DSP 0 BRAM 0 URAM 0 DISPNAME {bind_op add}} {BINDTYPE op ID {} IMPL fabric LATENCY 0 OPTYPE add PRAGMA {} RTLNAME add_ln840_1075_fu_30922_p2 SOURCE /tools/Xilinx/Vitis_HLS/2022.2/common/technology/autopilot/ap_int_base.h:840 VARIABLE add_ln840_1075 LOOP VITIS_LOOP_249_1 BUNDLEDNAME {} DSP 0 BRAM 0 URAM 0 DISPNAME {bind_op add}} {BINDTYPE op ID {} IMPL fabric LATENCY 0 OPTYPE add PRAGMA {} RTLNAME add_ln840_1078_fu_30944_p2 SOURCE /tools/Xilinx/Vitis_HLS/2022.2/common/technology/autopilot/ap_int_base.h:840 VARIABLE add_ln840_1078 LOOP VITIS_LOOP_249_1 BUNDLEDNAME {} DSP 0 BRAM 0 URAM 0 DISPNAME {bind_op add}} {BINDTYPE op ID {} IMPL fabric LATENCY 0 OPTYPE add PRAGMA {} RTLNAME add_ln840_1079_fu_30954_p2 SOURCE /tools/Xilinx/Vitis_HLS/2022.2/common/technology/autopilot/ap_int_base.h:840 VARIABLE add_ln840_1079 LOOP VITIS_LOOP_249_1 BUNDLEDNAME {} DSP 0 BRAM 0 URAM 0 DISPNAME {bind_op add}} {BINDTYPE op ID {} IMPL fabric LATENCY 0 OPTYPE add PRAGMA {} RTLNAME add_ln840_1080_fu_30964_p2 SOURCE /tools/Xilinx/Vitis_HLS/2022.2/common/technology/autopilot/ap_int_base.h:840 VARIABLE add_ln840_1080 LOOP VITIS_LOOP_249_1 BUNDLEDNAME {} DSP 0 BRAM 0 URAM 0 DISPNAME {bind_op add}} {BINDTYPE op ID {} IMPL fabric LATENCY 0 OPTYPE add PRAGMA {} RTLNAME add_ln840_1081_fu_30970_p2 SOURCE /tools/Xilinx/Vitis_HLS/2022.2/common/technology/autopilot/ap_int_base.h:840 VARIABLE add_ln840_1081 LOOP VITIS_LOOP_249_1 BUNDLEDNAME {} DSP 0 BRAM 0 URAM 0 DISPNAME {bind_op add}} {BINDTYPE op ID {} IMPL fabric LATENCY 0 OPTYPE add PRAGMA {} RTLNAME add_ln840_1082_fu_30980_p2 SOURCE /tools/Xilinx/Vitis_HLS/2022.2/common/technology/autopilot/ap_int_base.h:840 VARIABLE add_ln840_1082 LOOP VITIS_LOOP_249_1 BUNDLEDNAME {} DSP 0 BRAM 0 URAM 0 DISPNAME {bind_op add}} {BINDTYPE op ID {} IMPL fabric LATENCY 0 OPTYPE add PRAGMA {} RTLNAME add_ln840_1083_fu_30990_p2 SOURCE /tools/Xilinx/Vitis_HLS/2022.2/common/technology/autopilot/ap_int_base.h:840 VARIABLE add_ln840_1083 LOOP VITIS_LOOP_249_1 BUNDLEDNAME {} DSP 0 BRAM 0 URAM 0 DISPNAME {bind_op add}} {BINDTYPE op ID {} IMPL fabric LATENCY 0 OPTYPE add PRAGMA {} RTLNAME add_ln840_1088_fu_31157_p2 SOURCE /tools/Xilinx/Vitis_HLS/2022.2/common/technology/autopilot/ap_int_base.h:840 VARIABLE add_ln840_1088 LOOP VITIS_LOOP_249_1 BUNDLEDNAME {} DSP 0 BRAM 0 URAM 0 DISPNAME {bind_op add}} {BINDTYPE op ID {} IMPL fabric LATENCY 0 OPTYPE add PRAGMA {} RTLNAME add_ln840_1089_fu_31167_p2 SOURCE /tools/Xilinx/Vitis_HLS/2022.2/common/technology/autopilot/ap_int_base.h:840 VARIABLE add_ln840_1089 LOOP VITIS_LOOP_249_1 BUNDLEDNAME {} DSP 0 BRAM 0 URAM 0 DISPNAME {bind_op add}} {BINDTYPE op ID {} IMPL fabric LATENCY 0 OPTYPE add PRAGMA {} RTLNAME add_ln840_1092_fu_31189_p2 SOURCE /tools/Xilinx/Vitis_HLS/2022.2/common/technology/autopilot/ap_int_base.h:840 VARIABLE add_ln840_1092 LOOP VITIS_LOOP_249_1 BUNDLEDNAME {} DSP 0 BRAM 0 URAM 0 DISPNAME {bind_op add}} {BINDTYPE op ID {} IMPL fabric LATENCY 0 OPTYPE add PRAGMA {} RTLNAME add_ln840_1093_fu_31199_p2 SOURCE /tools/Xilinx/Vitis_HLS/2022.2/common/technology/autopilot/ap_int_base.h:840 VARIABLE add_ln840_1093 LOOP VITIS_LOOP_249_1 BUNDLEDNAME {} DSP 0 BRAM 0 URAM 0 DISPNAME {bind_op add}} {BINDTYPE op ID {} IMPL fabric LATENCY 0 OPTYPE add PRAGMA {} RTLNAME add_ln840_1094_fu_31209_p2 SOURCE /tools/Xilinx/Vitis_HLS/2022.2/common/technology/autopilot/ap_int_base.h:840 VARIABLE add_ln840_1094 LOOP VITIS_LOOP_249_1 BUNDLEDNAME {} DSP 0 BRAM 0 URAM 0 DISPNAME {bind_op add}} {BINDTYPE op ID {} IMPL fabric LATENCY 0 OPTYPE add PRAGMA {} RTLNAME add_ln840_1095_fu_31215_p2 SOURCE /tools/Xilinx/Vitis_HLS/2022.2/common/technology/autopilot/ap_int_base.h:840 VARIABLE add_ln840_1095 LOOP VITIS_LOOP_249_1 BUNDLEDNAME {} DSP 0 BRAM 0 URAM 0 DISPNAME {bind_op add}} {BINDTYPE op ID {} IMPL fabric LATENCY 0 OPTYPE add PRAGMA {} RTLNAME add_ln840_1096_fu_31225_p2 SOURCE /tools/Xilinx/Vitis_HLS/2022.2/common/technology/autopilot/ap_int_base.h:840 VARIABLE add_ln840_1096 LOOP VITIS_LOOP_249_1 BUNDLEDNAME {} DSP 0 BRAM 0 URAM 0 DISPNAME {bind_op add}} {BINDTYPE op ID {} IMPL fabric LATENCY 0 OPTYPE add PRAGMA {} RTLNAME add_ln840_1097_fu_31235_p2 SOURCE /tools/Xilinx/Vitis_HLS/2022.2/common/technology/autopilot/ap_int_base.h:840 VARIABLE add_ln840_1097 LOOP VITIS_LOOP_249_1 BUNDLEDNAME {} DSP 0 BRAM 0 URAM 0 DISPNAME {bind_op add}} {BINDTYPE op ID {} IMPL fabric LATENCY 0 OPTYPE add PRAGMA {} RTLNAME add_ln840_1102_fu_31402_p2 SOURCE /tools/Xilinx/Vitis_HLS/2022.2/common/technology/autopilot/ap_int_base.h:840 VARIABLE add_ln840_1102 LOOP VITIS_LOOP_249_1 BUNDLEDNAME {} DSP 0 BRAM 0 URAM 0 DISPNAME {bind_op add}} {BINDTYPE op ID {} IMPL fabric LATENCY 0 OPTYPE add PRAGMA {} RTLNAME add_ln840_1103_fu_31412_p2 SOURCE /tools/Xilinx/Vitis_HLS/2022.2/common/technology/autopilot/ap_int_base.h:840 VARIABLE add_ln840_1103 LOOP VITIS_LOOP_249_1 BUNDLEDNAME {} DSP 0 BRAM 0 URAM 0 DISPNAME {bind_op add}} {BINDTYPE op ID {} IMPL fabric LATENCY 0 OPTYPE add PRAGMA {} RTLNAME add_ln840_1106_fu_31434_p2 SOURCE /tools/Xilinx/Vitis_HLS/2022.2/common/technology/autopilot/ap_int_base.h:840 VARIABLE add_ln840_1106 LOOP VITIS_LOOP_249_1 BUNDLEDNAME {} DSP 0 BRAM 0 URAM 0 DISPNAME {bind_op add}} {BINDTYPE op ID {} IMPL fabric LATENCY 0 OPTYPE add PRAGMA {} RTLNAME add_ln840_1107_fu_31444_p2 SOURCE /tools/Xilinx/Vitis_HLS/2022.2/common/technology/autopilot/ap_int_base.h:840 VARIABLE add_ln840_1107 LOOP VITIS_LOOP_249_1 BUNDLEDNAME {} DSP 0 BRAM 0 URAM 0 DISPNAME {bind_op add}} {BINDTYPE op ID {} IMPL fabric LATENCY 0 OPTYPE add PRAGMA {} RTLNAME add_ln840_1108_fu_31454_p2 SOURCE /tools/Xilinx/Vitis_HLS/2022.2/common/technology/autopilot/ap_int_base.h:840 VARIABLE add_ln840_1108 LOOP VITIS_LOOP_249_1 BUNDLEDNAME {} DSP 0 BRAM 0 URAM 0 DISPNAME {bind_op add}} {BINDTYPE op ID {} IMPL fabric LATENCY 0 OPTYPE add PRAGMA {} RTLNAME add_ln840_1109_fu_31460_p2 SOURCE /tools/Xilinx/Vitis_HLS/2022.2/common/technology/autopilot/ap_int_base.h:840 VARIABLE add_ln840_1109 LOOP VITIS_LOOP_249_1 BUNDLEDNAME {} DSP 0 BRAM 0 URAM 0 DISPNAME {bind_op add}} {BINDTYPE op ID {} IMPL fabric LATENCY 0 OPTYPE add PRAGMA {} RTLNAME add_ln840_1110_fu_31470_p2 SOURCE /tools/Xilinx/Vitis_HLS/2022.2/common/technology/autopilot/ap_int_base.h:840 VARIABLE add_ln840_1110 LOOP VITIS_LOOP_249_1 BUNDLEDNAME {} DSP 0 BRAM 0 URAM 0 DISPNAME {bind_op add}} {BINDTYPE op ID {} IMPL fabric LATENCY 0 OPTYPE add PRAGMA {} RTLNAME add_ln840_1111_fu_31480_p2 SOURCE /tools/Xilinx/Vitis_HLS/2022.2/common/technology/autopilot/ap_int_base.h:840 VARIABLE add_ln840_1111 LOOP VITIS_LOOP_249_1 BUNDLEDNAME {} DSP 0 BRAM 0 URAM 0 DISPNAME {bind_op add}} {BINDTYPE op ID {} IMPL fabric LATENCY 0 OPTYPE add PRAGMA {} RTLNAME add_ln840_1116_fu_31647_p2 SOURCE /tools/Xilinx/Vitis_HLS/2022.2/common/technology/autopilot/ap_int_base.h:840 VARIABLE add_ln840_1116 LOOP VITIS_LOOP_249_1 BUNDLEDNAME {} DSP 0 BRAM 0 URAM 0 DISPNAME {bind_op add}} {BINDTYPE op ID {} IMPL fabric LATENCY 0 OPTYPE add PRAGMA {} RTLNAME add_ln840_1117_fu_31657_p2 SOURCE /tools/Xilinx/Vitis_HLS/2022.2/common/technology/autopilot/ap_int_base.h:840 VARIABLE add_ln840_1117 LOOP VITIS_LOOP_249_1 BUNDLEDNAME {} DSP 0 BRAM 0 URAM 0 DISPNAME {bind_op add}} {BINDTYPE op ID {} IMPL fabric LATENCY 0 OPTYPE add PRAGMA {} RTLNAME add_ln840_1120_fu_31679_p2 SOURCE /tools/Xilinx/Vitis_HLS/2022.2/common/technology/autopilot/ap_int_base.h:840 VARIABLE add_ln840_1120 LOOP VITIS_LOOP_249_1 BUNDLEDNAME {} DSP 0 BRAM 0 URAM 0 DISPNAME {bind_op add}} {BINDTYPE op ID {} IMPL fabric LATENCY 0 OPTYPE add PRAGMA {} RTLNAME add_ln840_1121_fu_31689_p2 SOURCE /tools/Xilinx/Vitis_HLS/2022.2/common/technology/autopilot/ap_int_base.h:840 VARIABLE add_ln840_1121 LOOP VITIS_LOOP_249_1 BUNDLEDNAME {} DSP 0 BRAM 0 URAM 0 DISPNAME {bind_op add}} {BINDTYPE op ID {} IMPL fabric LATENCY 0 OPTYPE add PRAGMA {} RTLNAME add_ln840_1122_fu_31699_p2 SOURCE /tools/Xilinx/Vitis_HLS/2022.2/common/technology/autopilot/ap_int_base.h:840 VARIABLE add_ln840_1122 LOOP VITIS_LOOP_249_1 BUNDLEDNAME {} DSP 0 BRAM 0 URAM 0 DISPNAME {bind_op add}} {BINDTYPE op ID {} IMPL fabric LATENCY 0 OPTYPE add PRAGMA {} RTLNAME add_ln840_1123_fu_31705_p2 SOURCE /tools/Xilinx/Vitis_HLS/2022.2/common/technology/autopilot/ap_int_base.h:840 VARIABLE add_ln840_1123 LOOP VITIS_LOOP_249_1 BUNDLEDNAME {} DSP 0 BRAM 0 URAM 0 DISPNAME {bind_op add}} {BINDTYPE op ID {} IMPL fabric LATENCY 0 OPTYPE add PRAGMA {} RTLNAME add_ln840_1124_fu_31715_p2 SOURCE /tools/Xilinx/Vitis_HLS/2022.2/common/technology/autopilot/ap_int_base.h:840 VARIABLE add_ln840_1124 LOOP VITIS_LOOP_249_1 BUNDLEDNAME {} DSP 0 BRAM 0 URAM 0 DISPNAME {bind_op add}} {BINDTYPE op ID {} IMPL fabric LATENCY 0 OPTYPE add PRAGMA {} RTLNAME add_ln840_1125_fu_31725_p2 SOURCE /tools/Xilinx/Vitis_HLS/2022.2/common/technology/autopilot/ap_int_base.h:840 VARIABLE add_ln840_1125 LOOP VITIS_LOOP_249_1 BUNDLEDNAME {} DSP 0 BRAM 0 URAM 0 DISPNAME {bind_op add}} {BINDTYPE op ID {} IMPL fabric LATENCY 0 OPTYPE add PRAGMA {} RTLNAME add_ln840_1130_fu_31892_p2 SOURCE /tools/Xilinx/Vitis_HLS/2022.2/common/technology/autopilot/ap_int_base.h:840 VARIABLE add_ln840_1130 LOOP VITIS_LOOP_249_1 BUNDLEDNAME {} DSP 0 BRAM 0 URAM 0 DISPNAME {bind_op add}} {BINDTYPE op ID {} IMPL fabric LATENCY 0 OPTYPE add PRAGMA {} RTLNAME add_ln840_1131_fu_31902_p2 SOURCE /tools/Xilinx/Vitis_HLS/2022.2/common/technology/autopilot/ap_int_base.h:840 VARIABLE add_ln840_1131 LOOP VITIS_LOOP_249_1 BUNDLEDNAME {} DSP 0 BRAM 0 URAM 0 DISPNAME {bind_op add}} {BINDTYPE op ID {} IMPL fabric LATENCY 0 OPTYPE add PRAGMA {} RTLNAME add_ln840_1134_fu_31924_p2 SOURCE /tools/Xilinx/Vitis_HLS/2022.2/common/technology/autopilot/ap_int_base.h:840 VARIABLE add_ln840_1134 LOOP VITIS_LOOP_249_1 BUNDLEDNAME {} DSP 0 BRAM 0 URAM 0 DISPNAME {bind_op add}} {BINDTYPE op ID {} IMPL fabric LATENCY 0 OPTYPE add PRAGMA {} RTLNAME add_ln840_1135_fu_31934_p2 SOURCE /tools/Xilinx/Vitis_HLS/2022.2/common/technology/autopilot/ap_int_base.h:840 VARIABLE add_ln840_1135 LOOP VITIS_LOOP_249_1 BUNDLEDNAME {} DSP 0 BRAM 0 URAM 0 DISPNAME {bind_op add}} {BINDTYPE op ID {} IMPL fabric LATENCY 0 OPTYPE add PRAGMA {} RTLNAME add_ln840_1136_fu_31944_p2 SOURCE /tools/Xilinx/Vitis_HLS/2022.2/common/technology/autopilot/ap_int_base.h:840 VARIABLE add_ln840_1136 LOOP VITIS_LOOP_249_1 BUNDLEDNAME {} DSP 0 BRAM 0 URAM 0 DISPNAME {bind_op add}} {BINDTYPE op ID {} IMPL fabric LATENCY 0 OPTYPE add PRAGMA {} RTLNAME add_ln840_1137_fu_31950_p2 SOURCE /tools/Xilinx/Vitis_HLS/2022.2/common/technology/autopilot/ap_int_base.h:840 VARIABLE add_ln840_1137 LOOP VITIS_LOOP_249_1 BUNDLEDNAME {} DSP 0 BRAM 0 URAM 0 DISPNAME {bind_op add}} {BINDTYPE op ID {} IMPL fabric LATENCY 0 OPTYPE add PRAGMA {} RTLNAME add_ln840_1138_fu_31960_p2 SOURCE /tools/Xilinx/Vitis_HLS/2022.2/common/technology/autopilot/ap_int_base.h:840 VARIABLE add_ln840_1138 LOOP VITIS_LOOP_249_1 BUNDLEDNAME {} DSP 0 BRAM 0 URAM 0 DISPNAME {bind_op add}} {BINDTYPE op ID {} IMPL fabric LATENCY 0 OPTYPE add PRAGMA {} RTLNAME add_ln840_1139_fu_31970_p2 SOURCE /tools/Xilinx/Vitis_HLS/2022.2/common/technology/autopilot/ap_int_base.h:840 VARIABLE add_ln840_1139 LOOP VITIS_LOOP_249_1 BUNDLEDNAME {} DSP 0 BRAM 0 URAM 0 DISPNAME {bind_op add}} {BINDTYPE op ID {} IMPL fabric LATENCY 0 OPTYPE add PRAGMA {} RTLNAME add_ln840_1144_fu_32137_p2 SOURCE /tools/Xilinx/Vitis_HLS/2022.2/common/technology/autopilot/ap_int_base.h:840 VARIABLE add_ln840_1144 LOOP VITIS_LOOP_249_1 BUNDLEDNAME {} DSP 0 BRAM 0 URAM 0 DISPNAME {bind_op add}} {BINDTYPE op ID {} IMPL fabric LATENCY 0 OPTYPE add PRAGMA {} RTLNAME add_ln840_1145_fu_32147_p2 SOURCE /tools/Xilinx/Vitis_HLS/2022.2/common/technology/autopilot/ap_int_base.h:840 VARIABLE add_ln840_1145 LOOP VITIS_LOOP_249_1 BUNDLEDNAME {} DSP 0 BRAM 0 URAM 0 DISPNAME {bind_op add}} {BINDTYPE op ID {} IMPL fabric LATENCY 0 OPTYPE add PRAGMA {} RTLNAME add_ln840_1148_fu_32169_p2 SOURCE /tools/Xilinx/Vitis_HLS/2022.2/common/technology/autopilot/ap_int_base.h:840 VARIABLE add_ln840_1148 LOOP VITIS_LOOP_249_1 BUNDLEDNAME {} DSP 0 BRAM 0 URAM 0 DISPNAME {bind_op add}} {BINDTYPE op ID {} IMPL fabric LATENCY 0 OPTYPE add PRAGMA {} RTLNAME add_ln840_1149_fu_32179_p2 SOURCE /tools/Xilinx/Vitis_HLS/2022.2/common/technology/autopilot/ap_int_base.h:840 VARIABLE add_ln840_1149 LOOP VITIS_LOOP_249_1 BUNDLEDNAME {} DSP 0 BRAM 0 URAM 0 DISPNAME {bind_op add}} {BINDTYPE op ID {} IMPL fabric LATENCY 0 OPTYPE add PRAGMA {} RTLNAME add_ln840_1150_fu_32189_p2 SOURCE /tools/Xilinx/Vitis_HLS/2022.2/common/technology/autopilot/ap_int_base.h:840 VARIABLE add_ln840_1150 LOOP VITIS_LOOP_249_1 BUNDLEDNAME {} DSP 0 BRAM 0 URAM 0 DISPNAME {bind_op add}} {BINDTYPE op ID {} IMPL fabric LATENCY 0 OPTYPE add PRAGMA {} RTLNAME add_ln840_1151_fu_32195_p2 SOURCE /tools/Xilinx/Vitis_HLS/2022.2/common/technology/autopilot/ap_int_base.h:840 VARIABLE add_ln840_1151 LOOP VITIS_LOOP_249_1 BUNDLEDNAME {} DSP 0 BRAM 0 URAM 0 DISPNAME {bind_op add}} {BINDTYPE op ID {} IMPL fabric LATENCY 0 OPTYPE add PRAGMA {} RTLNAME add_ln840_1152_fu_32205_p2 SOURCE /tools/Xilinx/Vitis_HLS/2022.2/common/technology/autopilot/ap_int_base.h:840 VARIABLE add_ln840_1152 LOOP VITIS_LOOP_249_1 BUNDLEDNAME {} DSP 0 BRAM 0 URAM 0 DISPNAME {bind_op add}} {BINDTYPE op ID {} IMPL fabric LATENCY 0 OPTYPE add PRAGMA {} RTLNAME add_ln840_1153_fu_32215_p2 SOURCE /tools/Xilinx/Vitis_HLS/2022.2/common/technology/autopilot/ap_int_base.h:840 VARIABLE add_ln840_1153 LOOP VITIS_LOOP_249_1 BUNDLEDNAME {} DSP 0 BRAM 0 URAM 0 DISPNAME {bind_op add}} {BINDTYPE op ID {} IMPL fabric LATENCY 0 OPTYPE add PRAGMA {} RTLNAME add_ln840_1158_fu_32382_p2 SOURCE /tools/Xilinx/Vitis_HLS/2022.2/common/technology/autopilot/ap_int_base.h:840 VARIABLE add_ln840_1158 LOOP VITIS_LOOP_249_1 BUNDLEDNAME {} DSP 0 BRAM 0 URAM 0 DISPNAME {bind_op add}} {BINDTYPE op ID {} IMPL fabric LATENCY 0 OPTYPE add PRAGMA {} RTLNAME add_ln840_1159_fu_32392_p2 SOURCE /tools/Xilinx/Vitis_HLS/2022.2/common/technology/autopilot/ap_int_base.h:840 VARIABLE add_ln840_1159 LOOP VITIS_LOOP_249_1 BUNDLEDNAME {} DSP 0 BRAM 0 URAM 0 DISPNAME {bind_op add}} {BINDTYPE op ID {} IMPL fabric LATENCY 0 OPTYPE add PRAGMA {} RTLNAME add_ln840_1162_fu_32414_p2 SOURCE /tools/Xilinx/Vitis_HLS/2022.2/common/technology/autopilot/ap_int_base.h:840 VARIABLE add_ln840_1162 LOOP VITIS_LOOP_249_1 BUNDLEDNAME {} DSP 0 BRAM 0 URAM 0 DISPNAME {bind_op add}} {BINDTYPE op ID {} IMPL fabric LATENCY 0 OPTYPE add PRAGMA {} RTLNAME add_ln840_1163_fu_32424_p2 SOURCE /tools/Xilinx/Vitis_HLS/2022.2/common/technology/autopilot/ap_int_base.h:840 VARIABLE add_ln840_1163 LOOP VITIS_LOOP_249_1 BUNDLEDNAME {} DSP 0 BRAM 0 URAM 0 DISPNAME {bind_op add}} {BINDTYPE op ID {} IMPL fabric LATENCY 0 OPTYPE add PRAGMA {} RTLNAME add_ln840_1164_fu_32434_p2 SOURCE /tools/Xilinx/Vitis_HLS/2022.2/common/technology/autopilot/ap_int_base.h:840 VARIABLE add_ln840_1164 LOOP VITIS_LOOP_249_1 BUNDLEDNAME {} DSP 0 BRAM 0 URAM 0 DISPNAME {bind_op add}} {BINDTYPE op ID {} IMPL fabric LATENCY 0 OPTYPE add PRAGMA {} RTLNAME add_ln840_1165_fu_32440_p2 SOURCE /tools/Xilinx/Vitis_HLS/2022.2/common/technology/autopilot/ap_int_base.h:840 VARIABLE add_ln840_1165 LOOP VITIS_LOOP_249_1 BUNDLEDNAME {} DSP 0 BRAM 0 URAM 0 DISPNAME {bind_op add}} {BINDTYPE op ID {} IMPL fabric LATENCY 0 OPTYPE add PRAGMA {} RTLNAME add_ln840_1166_fu_32450_p2 SOURCE /tools/Xilinx/Vitis_HLS/2022.2/common/technology/autopilot/ap_int_base.h:840 VARIABLE add_ln840_1166 LOOP VITIS_LOOP_249_1 BUNDLEDNAME {} DSP 0 BRAM 0 URAM 0 DISPNAME {bind_op add}} {BINDTYPE op ID {} IMPL fabric LATENCY 0 OPTYPE add PRAGMA {} RTLNAME add_ln840_1167_fu_32460_p2 SOURCE /tools/Xilinx/Vitis_HLS/2022.2/common/technology/autopilot/ap_int_base.h:840 VARIABLE add_ln840_1167 LOOP VITIS_LOOP_249_1 BUNDLEDNAME {} DSP 0 BRAM 0 URAM 0 DISPNAME {bind_op add}} {BINDTYPE op ID {} IMPL fabric LATENCY 0 OPTYPE add PRAGMA {} RTLNAME add_ln840_1172_fu_32627_p2 SOURCE /tools/Xilinx/Vitis_HLS/2022.2/common/technology/autopilot/ap_int_base.h:840 VARIABLE add_ln840_1172 LOOP VITIS_LOOP_249_1 BUNDLEDNAME {} DSP 0 BRAM 0 URAM 0 DISPNAME {bind_op add}} {BINDTYPE op ID {} IMPL fabric LATENCY 0 OPTYPE add PRAGMA {} RTLNAME add_ln840_1173_fu_32637_p2 SOURCE /tools/Xilinx/Vitis_HLS/2022.2/common/technology/autopilot/ap_int_base.h:840 VARIABLE add_ln840_1173 LOOP VITIS_LOOP_249_1 BUNDLEDNAME {} DSP 0 BRAM 0 URAM 0 DISPNAME {bind_op add}} {BINDTYPE op ID {} IMPL fabric LATENCY 0 OPTYPE add PRAGMA {} RTLNAME add_ln840_1176_fu_32659_p2 SOURCE /tools/Xilinx/Vitis_HLS/2022.2/common/technology/autopilot/ap_int_base.h:840 VARIABLE add_ln840_1176 LOOP VITIS_LOOP_249_1 BUNDLEDNAME {} DSP 0 BRAM 0 URAM 0 DISPNAME {bind_op add}} {BINDTYPE op ID {} IMPL fabric LATENCY 0 OPTYPE add PRAGMA {} RTLNAME add_ln840_1177_fu_32669_p2 SOURCE /tools/Xilinx/Vitis_HLS/2022.2/common/technology/autopilot/ap_int_base.h:840 VARIABLE add_ln840_1177 LOOP VITIS_LOOP_249_1 BUNDLEDNAME {} DSP 0 BRAM 0 URAM 0 DISPNAME {bind_op add}} {BINDTYPE op ID {} IMPL fabric LATENCY 0 OPTYPE add PRAGMA {} RTLNAME add_ln840_1178_fu_32679_p2 SOURCE /tools/Xilinx/Vitis_HLS/2022.2/common/technology/autopilot/ap_int_base.h:840 VARIABLE add_ln840_1178 LOOP VITIS_LOOP_249_1 BUNDLEDNAME {} DSP 0 BRAM 0 URAM 0 DISPNAME {bind_op add}} {BINDTYPE op ID {} IMPL fabric LATENCY 0 OPTYPE add PRAGMA {} RTLNAME add_ln840_1179_fu_32685_p2 SOURCE /tools/Xilinx/Vitis_HLS/2022.2/common/technology/autopilot/ap_int_base.h:840 VARIABLE add_ln840_1179 LOOP VITIS_LOOP_249_1 BUNDLEDNAME {} DSP 0 BRAM 0 URAM 0 DISPNAME {bind_op add}} {BINDTYPE op ID {} IMPL fabric LATENCY 0 OPTYPE add PRAGMA {} RTLNAME add_ln840_1180_fu_32695_p2 SOURCE /tools/Xilinx/Vitis_HLS/2022.2/common/technology/autopilot/ap_int_base.h:840 VARIABLE add_ln840_1180 LOOP VITIS_LOOP_249_1 BUNDLEDNAME {} DSP 0 BRAM 0 URAM 0 DISPNAME {bind_op add}} {BINDTYPE op ID {} IMPL fabric LATENCY 0 OPTYPE add PRAGMA {} RTLNAME add_ln840_1181_fu_32705_p2 SOURCE /tools/Xilinx/Vitis_HLS/2022.2/common/technology/autopilot/ap_int_base.h:840 VARIABLE add_ln840_1181 LOOP VITIS_LOOP_249_1 BUNDLEDNAME {} DSP 0 BRAM 0 URAM 0 DISPNAME {bind_op add}} {BINDTYPE op ID {} IMPL fabric LATENCY 0 OPTYPE add PRAGMA {} RTLNAME add_ln840_1186_fu_32872_p2 SOURCE /tools/Xilinx/Vitis_HLS/2022.2/common/technology/autopilot/ap_int_base.h:840 VARIABLE add_ln840_1186 LOOP VITIS_LOOP_249_1 BUNDLEDNAME {} DSP 0 BRAM 0 URAM 0 DISPNAME {bind_op add}} {BINDTYPE op ID {} IMPL fabric LATENCY 0 OPTYPE add PRAGMA {} RTLNAME add_ln840_1187_fu_32882_p2 SOURCE /tools/Xilinx/Vitis_HLS/2022.2/common/technology/autopilot/ap_int_base.h:840 VARIABLE add_ln840_1187 LOOP VITIS_LOOP_249_1 BUNDLEDNAME {} DSP 0 BRAM 0 URAM 0 DISPNAME {bind_op add}} {BINDTYPE op ID {} IMPL fabric LATENCY 0 OPTYPE add PRAGMA {} RTLNAME add_ln840_1190_fu_32904_p2 SOURCE /tools/Xilinx/Vitis_HLS/2022.2/common/technology/autopilot/ap_int_base.h:840 VARIABLE add_ln840_1190 LOOP VITIS_LOOP_249_1 BUNDLEDNAME {} DSP 0 BRAM 0 URAM 0 DISPNAME {bind_op add}} {BINDTYPE op ID {} IMPL fabric LATENCY 0 OPTYPE add PRAGMA {} RTLNAME add_ln840_1191_fu_32914_p2 SOURCE /tools/Xilinx/Vitis_HLS/2022.2/common/technology/autopilot/ap_int_base.h:840 VARIABLE add_ln840_1191 LOOP VITIS_LOOP_249_1 BUNDLEDNAME {} DSP 0 BRAM 0 URAM 0 DISPNAME {bind_op add}} {BINDTYPE op ID {} IMPL fabric LATENCY 0 OPTYPE add PRAGMA {} RTLNAME add_ln840_1192_fu_32924_p2 SOURCE /tools/Xilinx/Vitis_HLS/2022.2/common/technology/autopilot/ap_int_base.h:840 VARIABLE add_ln840_1192 LOOP VITIS_LOOP_249_1 BUNDLEDNAME {} DSP 0 BRAM 0 URAM 0 DISPNAME {bind_op add}} {BINDTYPE op ID {} IMPL fabric LATENCY 0 OPTYPE add PRAGMA {} RTLNAME add_ln840_1193_fu_32930_p2 SOURCE /tools/Xilinx/Vitis_HLS/2022.2/common/technology/autopilot/ap_int_base.h:840 VARIABLE add_ln840_1193 LOOP VITIS_LOOP_249_1 BUNDLEDNAME {} DSP 0 BRAM 0 URAM 0 DISPNAME {bind_op add}} {BINDTYPE op ID {} IMPL fabric LATENCY 0 OPTYPE add PRAGMA {} RTLNAME add_ln840_1194_fu_32940_p2 SOURCE /tools/Xilinx/Vitis_HLS/2022.2/common/technology/autopilot/ap_int_base.h:840 VARIABLE add_ln840_1194 LOOP VITIS_LOOP_249_1 BUNDLEDNAME {} DSP 0 BRAM 0 URAM 0 DISPNAME {bind_op add}} {BINDTYPE op ID {} IMPL fabric LATENCY 0 OPTYPE add PRAGMA {} RTLNAME add_ln840_1195_fu_32950_p2 SOURCE /tools/Xilinx/Vitis_HLS/2022.2/common/technology/autopilot/ap_int_base.h:840 VARIABLE add_ln840_1195 LOOP VITIS_LOOP_249_1 BUNDLEDNAME {} DSP 0 BRAM 0 URAM 0 DISPNAME {bind_op add}} {BINDTYPE op ID {} IMPL fabric LATENCY 0 OPTYPE add PRAGMA {} RTLNAME add_ln840_1200_fu_33117_p2 SOURCE /tools/Xilinx/Vitis_HLS/2022.2/common/technology/autopilot/ap_int_base.h:840 VARIABLE add_ln840_1200 LOOP VITIS_LOOP_249_1 BUNDLEDNAME {} DSP 0 BRAM 0 URAM 0 DISPNAME {bind_op add}} {BINDTYPE op ID {} IMPL fabric LATENCY 0 OPTYPE add PRAGMA {} RTLNAME add_ln840_1201_fu_33127_p2 SOURCE /tools/Xilinx/Vitis_HLS/2022.2/common/technology/autopilot/ap_int_base.h:840 VARIABLE add_ln840_1201 LOOP VITIS_LOOP_249_1 BUNDLEDNAME {} DSP 0 BRAM 0 URAM 0 DISPNAME {bind_op add}} {BINDTYPE op ID {} IMPL fabric LATENCY 0 OPTYPE add PRAGMA {} RTLNAME add_ln840_1204_fu_33149_p2 SOURCE /tools/Xilinx/Vitis_HLS/2022.2/common/technology/autopilot/ap_int_base.h:840 VARIABLE add_ln840_1204 LOOP VITIS_LOOP_249_1 BUNDLEDNAME {} DSP 0 BRAM 0 URAM 0 DISPNAME {bind_op add}} {BINDTYPE op ID {} IMPL fabric LATENCY 0 OPTYPE add PRAGMA {} RTLNAME add_ln840_1205_fu_33159_p2 SOURCE /tools/Xilinx/Vitis_HLS/2022.2/common/technology/autopilot/ap_int_base.h:840 VARIABLE add_ln840_1205 LOOP VITIS_LOOP_249_1 BUNDLEDNAME {} DSP 0 BRAM 0 URAM 0 DISPNAME {bind_op add}} {BINDTYPE op ID {} IMPL fabric LATENCY 0 OPTYPE add PRAGMA {} RTLNAME add_ln840_1206_fu_33169_p2 SOURCE /tools/Xilinx/Vitis_HLS/2022.2/common/technology/autopilot/ap_int_base.h:840 VARIABLE add_ln840_1206 LOOP VITIS_LOOP_249_1 BUNDLEDNAME {} DSP 0 BRAM 0 URAM 0 DISPNAME {bind_op add}} {BINDTYPE op ID {} IMPL fabric LATENCY 0 OPTYPE add PRAGMA {} RTLNAME add_ln840_1207_fu_33175_p2 SOURCE /tools/Xilinx/Vitis_HLS/2022.2/common/technology/autopilot/ap_int_base.h:840 VARIABLE add_ln840_1207 LOOP VITIS_LOOP_249_1 BUNDLEDNAME {} DSP 0 BRAM 0 URAM 0 DISPNAME {bind_op add}} {BINDTYPE op ID {} IMPL fabric LATENCY 0 OPTYPE add PRAGMA {} RTLNAME add_ln840_1208_fu_33185_p2 SOURCE /tools/Xilinx/Vitis_HLS/2022.2/common/technology/autopilot/ap_int_base.h:840 VARIABLE add_ln840_1208 LOOP VITIS_LOOP_249_1 BUNDLEDNAME {} DSP 0 BRAM 0 URAM 0 DISPNAME {bind_op add}} {BINDTYPE op ID {} IMPL fabric LATENCY 0 OPTYPE add PRAGMA {} RTLNAME add_ln840_1209_fu_33195_p2 SOURCE /tools/Xilinx/Vitis_HLS/2022.2/common/technology/autopilot/ap_int_base.h:840 VARIABLE add_ln840_1209 LOOP VITIS_LOOP_249_1 BUNDLEDNAME {} DSP 0 BRAM 0 URAM 0 DISPNAME {bind_op add}} {BINDTYPE op ID {} IMPL fabric LATENCY 0 OPTYPE add PRAGMA {} RTLNAME add_ln840_1214_fu_33362_p2 SOURCE /tools/Xilinx/Vitis_HLS/2022.2/common/technology/autopilot/ap_int_base.h:840 VARIABLE add_ln840_1214 LOOP VITIS_LOOP_249_1 BUNDLEDNAME {} DSP 0 BRAM 0 URAM 0 DISPNAME {bind_op add}} {BINDTYPE op ID {} IMPL fabric LATENCY 0 OPTYPE add PRAGMA {} RTLNAME add_ln840_1215_fu_33372_p2 SOURCE /tools/Xilinx/Vitis_HLS/2022.2/common/technology/autopilot/ap_int_base.h:840 VARIABLE add_ln840_1215 LOOP VITIS_LOOP_249_1 BUNDLEDNAME {} DSP 0 BRAM 0 URAM 0 DISPNAME {bind_op add}} {BINDTYPE op ID {} IMPL fabric LATENCY 0 OPTYPE add PRAGMA {} RTLNAME add_ln840_1218_fu_33394_p2 SOURCE /tools/Xilinx/Vitis_HLS/2022.2/common/technology/autopilot/ap_int_base.h:840 VARIABLE add_ln840_1218 LOOP VITIS_LOOP_249_1 BUNDLEDNAME {} DSP 0 BRAM 0 URAM 0 DISPNAME {bind_op add}} {BINDTYPE op ID {} IMPL fabric LATENCY 0 OPTYPE add PRAGMA {} RTLNAME add_ln840_1219_fu_33404_p2 SOURCE /tools/Xilinx/Vitis_HLS/2022.2/common/technology/autopilot/ap_int_base.h:840 VARIABLE add_ln840_1219 LOOP VITIS_LOOP_249_1 BUNDLEDNAME {} DSP 0 BRAM 0 URAM 0 DISPNAME {bind_op add}} {BINDTYPE op ID {} IMPL fabric LATENCY 0 OPTYPE add PRAGMA {} RTLNAME add_ln840_1220_fu_33414_p2 SOURCE /tools/Xilinx/Vitis_HLS/2022.2/common/technology/autopilot/ap_int_base.h:840 VARIABLE add_ln840_1220 LOOP VITIS_LOOP_249_1 BUNDLEDNAME {} DSP 0 BRAM 0 URAM 0 DISPNAME {bind_op add}} {BINDTYPE op ID {} IMPL fabric LATENCY 0 OPTYPE add PRAGMA {} RTLNAME add_ln840_1221_fu_33420_p2 SOURCE /tools/Xilinx/Vitis_HLS/2022.2/common/technology/autopilot/ap_int_base.h:840 VARIABLE add_ln840_1221 LOOP VITIS_LOOP_249_1 BUNDLEDNAME {} DSP 0 BRAM 0 URAM 0 DISPNAME {bind_op add}} {BINDTYPE op ID {} IMPL fabric LATENCY 0 OPTYPE add PRAGMA {} RTLNAME add_ln840_1222_fu_33430_p2 SOURCE /tools/Xilinx/Vitis_HLS/2022.2/common/technology/autopilot/ap_int_base.h:840 VARIABLE add_ln840_1222 LOOP VITIS_LOOP_249_1 BUNDLEDNAME {} DSP 0 BRAM 0 URAM 0 DISPNAME {bind_op add}} {BINDTYPE op ID {} IMPL fabric LATENCY 0 OPTYPE add PRAGMA {} RTLNAME add_ln840_1223_fu_33440_p2 SOURCE /tools/Xilinx/Vitis_HLS/2022.2/common/technology/autopilot/ap_int_base.h:840 VARIABLE add_ln840_1223 LOOP VITIS_LOOP_249_1 BUNDLEDNAME {} DSP 0 BRAM 0 URAM 0 DISPNAME {bind_op add}} {BINDTYPE op ID {} IMPL fabric LATENCY 0 OPTYPE add PRAGMA {} RTLNAME add_ln840_1228_fu_33607_p2 SOURCE /tools/Xilinx/Vitis_HLS/2022.2/common/technology/autopilot/ap_int_base.h:840 VARIABLE add_ln840_1228 LOOP VITIS_LOOP_249_1 BUNDLEDNAME {} DSP 0 BRAM 0 URAM 0 DISPNAME {bind_op add}} {BINDTYPE op ID {} IMPL fabric LATENCY 0 OPTYPE add PRAGMA {} RTLNAME add_ln840_1229_fu_33617_p2 SOURCE /tools/Xilinx/Vitis_HLS/2022.2/common/technology/autopilot/ap_int_base.h:840 VARIABLE add_ln840_1229 LOOP VITIS_LOOP_249_1 BUNDLEDNAME {} DSP 0 BRAM 0 URAM 0 DISPNAME {bind_op add}} {BINDTYPE op ID {} IMPL fabric LATENCY 0 OPTYPE add PRAGMA {} RTLNAME add_ln840_1232_fu_33639_p2 SOURCE /tools/Xilinx/Vitis_HLS/2022.2/common/technology/autopilot/ap_int_base.h:840 VARIABLE add_ln840_1232 LOOP VITIS_LOOP_249_1 BUNDLEDNAME {} DSP 0 BRAM 0 URAM 0 DISPNAME {bind_op add}} {BINDTYPE op ID {} IMPL fabric LATENCY 0 OPTYPE add PRAGMA {} RTLNAME add_ln840_1233_fu_33649_p2 SOURCE /tools/Xilinx/Vitis_HLS/2022.2/common/technology/autopilot/ap_int_base.h:840 VARIABLE add_ln840_1233 LOOP VITIS_LOOP_249_1 BUNDLEDNAME {} DSP 0 BRAM 0 URAM 0 DISPNAME {bind_op add}} {BINDTYPE op ID {} IMPL fabric LATENCY 0 OPTYPE add PRAGMA {} RTLNAME add_ln840_1234_fu_33659_p2 SOURCE /tools/Xilinx/Vitis_HLS/2022.2/common/technology/autopilot/ap_int_base.h:840 VARIABLE add_ln840_1234 LOOP VITIS_LOOP_249_1 BUNDLEDNAME {} DSP 0 BRAM 0 URAM 0 DISPNAME {bind_op add}} {BINDTYPE op ID {} IMPL fabric LATENCY 0 OPTYPE add PRAGMA {} RTLNAME add_ln840_1235_fu_33665_p2 SOURCE /tools/Xilinx/Vitis_HLS/2022.2/common/technology/autopilot/ap_int_base.h:840 VARIABLE add_ln840_1235 LOOP VITIS_LOOP_249_1 BUNDLEDNAME {} DSP 0 BRAM 0 URAM 0 DISPNAME {bind_op add}} {BINDTYPE op ID {} IMPL fabric LATENCY 0 OPTYPE add PRAGMA {} RTLNAME add_ln840_1236_fu_33675_p2 SOURCE /tools/Xilinx/Vitis_HLS/2022.2/common/technology/autopilot/ap_int_base.h:840 VARIABLE add_ln840_1236 LOOP VITIS_LOOP_249_1 BUNDLEDNAME {} DSP 0 BRAM 0 URAM 0 DISPNAME {bind_op add}} {BINDTYPE op ID {} IMPL fabric LATENCY 0 OPTYPE add PRAGMA {} RTLNAME add_ln840_1237_fu_33685_p2 SOURCE /tools/Xilinx/Vitis_HLS/2022.2/common/technology/autopilot/ap_int_base.h:840 VARIABLE add_ln840_1237 LOOP VITIS_LOOP_249_1 BUNDLEDNAME {} DSP 0 BRAM 0 URAM 0 DISPNAME {bind_op add}} {BINDTYPE op ID {} IMPL fabric LATENCY 0 OPTYPE add PRAGMA {} RTLNAME add_ln840_1242_fu_33852_p2 SOURCE /tools/Xilinx/Vitis_HLS/2022.2/common/technology/autopilot/ap_int_base.h:840 VARIABLE add_ln840_1242 LOOP VITIS_LOOP_249_1 BUNDLEDNAME {} DSP 0 BRAM 0 URAM 0 DISPNAME {bind_op add}} {BINDTYPE op ID {} IMPL fabric LATENCY 0 OPTYPE add PRAGMA {} RTLNAME add_ln840_1243_fu_33862_p2 SOURCE /tools/Xilinx/Vitis_HLS/2022.2/common/technology/autopilot/ap_int_base.h:840 VARIABLE add_ln840_1243 LOOP VITIS_LOOP_249_1 BUNDLEDNAME {} DSP 0 BRAM 0 URAM 0 DISPNAME {bind_op add}} {BINDTYPE op ID {} IMPL fabric LATENCY 0 OPTYPE add PRAGMA {} RTLNAME add_ln840_1246_fu_33884_p2 SOURCE /tools/Xilinx/Vitis_HLS/2022.2/common/technology/autopilot/ap_int_base.h:840 VARIABLE add_ln840_1246 LOOP VITIS_LOOP_249_1 BUNDLEDNAME {} DSP 0 BRAM 0 URAM 0 DISPNAME {bind_op add}} {BINDTYPE op ID {} IMPL fabric LATENCY 0 OPTYPE add PRAGMA {} RTLNAME add_ln840_1247_fu_33894_p2 SOURCE /tools/Xilinx/Vitis_HLS/2022.2/common/technology/autopilot/ap_int_base.h:840 VARIABLE add_ln840_1247 LOOP VITIS_LOOP_249_1 BUNDLEDNAME {} DSP 0 BRAM 0 URAM 0 DISPNAME {bind_op add}} {BINDTYPE op ID {} IMPL fabric LATENCY 0 OPTYPE add PRAGMA {} RTLNAME add_ln840_1248_fu_33904_p2 SOURCE /tools/Xilinx/Vitis_HLS/2022.2/common/technology/autopilot/ap_int_base.h:840 VARIABLE add_ln840_1248 LOOP VITIS_LOOP_249_1 BUNDLEDNAME {} DSP 0 BRAM 0 URAM 0 DISPNAME {bind_op add}} {BINDTYPE op ID {} IMPL fabric LATENCY 0 OPTYPE add PRAGMA {} RTLNAME add_ln840_1249_fu_33910_p2 SOURCE /tools/Xilinx/Vitis_HLS/2022.2/common/technology/autopilot/ap_int_base.h:840 VARIABLE add_ln840_1249 LOOP VITIS_LOOP_249_1 BUNDLEDNAME {} DSP 0 BRAM 0 URAM 0 DISPNAME {bind_op add}} {BINDTYPE op ID {} IMPL fabric LATENCY 0 OPTYPE add PRAGMA {} RTLNAME add_ln840_1250_fu_33920_p2 SOURCE /tools/Xilinx/Vitis_HLS/2022.2/common/technology/autopilot/ap_int_base.h:840 VARIABLE add_ln840_1250 LOOP VITIS_LOOP_249_1 BUNDLEDNAME {} DSP 0 BRAM 0 URAM 0 DISPNAME {bind_op add}} {BINDTYPE op ID {} IMPL fabric LATENCY 0 OPTYPE add PRAGMA {} RTLNAME add_ln840_1251_fu_33930_p2 SOURCE /tools/Xilinx/Vitis_HLS/2022.2/common/technology/autopilot/ap_int_base.h:840 VARIABLE add_ln840_1251 LOOP VITIS_LOOP_249_1 BUNDLEDNAME {} DSP 0 BRAM 0 URAM 0 DISPNAME {bind_op add}} {BINDTYPE op ID {} IMPL fabric LATENCY 0 OPTYPE add PRAGMA {} RTLNAME add_ln840_1256_fu_34097_p2 SOURCE /tools/Xilinx/Vitis_HLS/2022.2/common/technology/autopilot/ap_int_base.h:840 VARIABLE add_ln840_1256 LOOP VITIS_LOOP_249_1 BUNDLEDNAME {} DSP 0 BRAM 0 URAM 0 DISPNAME {bind_op add}} {BINDTYPE op ID {} IMPL fabric LATENCY 0 OPTYPE add PRAGMA {} RTLNAME add_ln840_1257_fu_34107_p2 SOURCE /tools/Xilinx/Vitis_HLS/2022.2/common/technology/autopilot/ap_int_base.h:840 VARIABLE add_ln840_1257 LOOP VITIS_LOOP_249_1 BUNDLEDNAME {} DSP 0 BRAM 0 URAM 0 DISPNAME {bind_op add}} {BINDTYPE op ID {} IMPL fabric LATENCY 0 OPTYPE add PRAGMA {} RTLNAME add_ln840_1260_fu_34129_p2 SOURCE /tools/Xilinx/Vitis_HLS/2022.2/common/technology/autopilot/ap_int_base.h:840 VARIABLE add_ln840_1260 LOOP VITIS_LOOP_249_1 BUNDLEDNAME {} DSP 0 BRAM 0 URAM 0 DISPNAME {bind_op add}} {BINDTYPE op ID {} IMPL fabric LATENCY 0 OPTYPE add PRAGMA {} RTLNAME add_ln840_1261_fu_34139_p2 SOURCE /tools/Xilinx/Vitis_HLS/2022.2/common/technology/autopilot/ap_int_base.h:840 VARIABLE add_ln840_1261 LOOP VITIS_LOOP_249_1 BUNDLEDNAME {} DSP 0 BRAM 0 URAM 0 DISPNAME {bind_op add}} {BINDTYPE op ID {} IMPL fabric LATENCY 0 OPTYPE add PRAGMA {} RTLNAME add_ln840_1262_fu_34149_p2 SOURCE /tools/Xilinx/Vitis_HLS/2022.2/common/technology/autopilot/ap_int_base.h:840 VARIABLE add_ln840_1262 LOOP VITIS_LOOP_249_1 BUNDLEDNAME {} DSP 0 BRAM 0 URAM 0 DISPNAME {bind_op add}} {BINDTYPE op ID {} IMPL fabric LATENCY 0 OPTYPE add PRAGMA {} RTLNAME add_ln840_1263_fu_34155_p2 SOURCE /tools/Xilinx/Vitis_HLS/2022.2/common/technology/autopilot/ap_int_base.h:840 VARIABLE add_ln840_1263 LOOP VITIS_LOOP_249_1 BUNDLEDNAME {} DSP 0 BRAM 0 URAM 0 DISPNAME {bind_op add}} {BINDTYPE op ID {} IMPL fabric LATENCY 0 OPTYPE add PRAGMA {} RTLNAME add_ln840_1264_fu_34165_p2 SOURCE /tools/Xilinx/Vitis_HLS/2022.2/common/technology/autopilot/ap_int_base.h:840 VARIABLE add_ln840_1264 LOOP VITIS_LOOP_249_1 BUNDLEDNAME {} DSP 0 BRAM 0 URAM 0 DISPNAME {bind_op add}} {BINDTYPE op ID {} IMPL fabric LATENCY 0 OPTYPE add PRAGMA {} RTLNAME add_ln840_1265_fu_34175_p2 SOURCE /tools/Xilinx/Vitis_HLS/2022.2/common/technology/autopilot/ap_int_base.h:840 VARIABLE add_ln840_1265 LOOP VITIS_LOOP_249_1 BUNDLEDNAME {} DSP 0 BRAM 0 URAM 0 DISPNAME {bind_op add}} {BINDTYPE op ID {} IMPL fabric LATENCY 0 OPTYPE add PRAGMA {} RTLNAME add_ln840_1270_fu_34342_p2 SOURCE /tools/Xilinx/Vitis_HLS/2022.2/common/technology/autopilot/ap_int_base.h:840 VARIABLE add_ln840_1270 LOOP VITIS_LOOP_249_1 BUNDLEDNAME {} DSP 0 BRAM 0 URAM 0 DISPNAME {bind_op add}} {BINDTYPE op ID {} IMPL fabric LATENCY 0 OPTYPE add PRAGMA {} RTLNAME add_ln840_1271_fu_34352_p2 SOURCE /tools/Xilinx/Vitis_HLS/2022.2/common/technology/autopilot/ap_int_base.h:840 VARIABLE add_ln840_1271 LOOP VITIS_LOOP_249_1 BUNDLEDNAME {} DSP 0 BRAM 0 URAM 0 DISPNAME {bind_op add}} {BINDTYPE op ID {} IMPL fabric LATENCY 0 OPTYPE add PRAGMA {} RTLNAME add_ln840_1274_fu_34374_p2 SOURCE /tools/Xilinx/Vitis_HLS/2022.2/common/technology/autopilot/ap_int_base.h:840 VARIABLE add_ln840_1274 LOOP VITIS_LOOP_249_1 BUNDLEDNAME {} DSP 0 BRAM 0 URAM 0 DISPNAME {bind_op add}} {BINDTYPE op ID {} IMPL fabric LATENCY 0 OPTYPE add PRAGMA {} RTLNAME add_ln840_1275_fu_34384_p2 SOURCE /tools/Xilinx/Vitis_HLS/2022.2/common/technology/autopilot/ap_int_base.h:840 VARIABLE add_ln840_1275 LOOP VITIS_LOOP_249_1 BUNDLEDNAME {} DSP 0 BRAM 0 URAM 0 DISPNAME {bind_op add}} {BINDTYPE op ID {} IMPL fabric LATENCY 0 OPTYPE add PRAGMA {} RTLNAME add_ln840_1276_fu_34394_p2 SOURCE /tools/Xilinx/Vitis_HLS/2022.2/common/technology/autopilot/ap_int_base.h:840 VARIABLE add_ln840_1276 LOOP VITIS_LOOP_249_1 BUNDLEDNAME {} DSP 0 BRAM 0 URAM 0 DISPNAME {bind_op add}} {BINDTYPE op ID {} IMPL fabric LATENCY 0 OPTYPE add PRAGMA {} RTLNAME add_ln840_1277_fu_34400_p2 SOURCE /tools/Xilinx/Vitis_HLS/2022.2/common/technology/autopilot/ap_int_base.h:840 VARIABLE add_ln840_1277 LOOP VITIS_LOOP_249_1 BUNDLEDNAME {} DSP 0 BRAM 0 URAM 0 DISPNAME {bind_op add}} {BINDTYPE op ID {} IMPL fabric LATENCY 0 OPTYPE add PRAGMA {} RTLNAME add_ln840_1278_fu_34410_p2 SOURCE /tools/Xilinx/Vitis_HLS/2022.2/common/technology/autopilot/ap_int_base.h:840 VARIABLE add_ln840_1278 LOOP VITIS_LOOP_249_1 BUNDLEDNAME {} DSP 0 BRAM 0 URAM 0 DISPNAME {bind_op add}} {BINDTYPE op ID {} IMPL fabric LATENCY 0 OPTYPE add PRAGMA {} RTLNAME add_ln840_1279_fu_34420_p2 SOURCE /tools/Xilinx/Vitis_HLS/2022.2/common/technology/autopilot/ap_int_base.h:840 VARIABLE add_ln840_1279 LOOP VITIS_LOOP_249_1 BUNDLEDNAME {} DSP 0 BRAM 0 URAM 0 DISPNAME {bind_op add}} {BINDTYPE op ID {} IMPL fabric LATENCY 0 OPTYPE add PRAGMA {} RTLNAME add_ln840_1284_fu_34587_p2 SOURCE /tools/Xilinx/Vitis_HLS/2022.2/common/technology/autopilot/ap_int_base.h:840 VARIABLE add_ln840_1284 LOOP VITIS_LOOP_249_1 BUNDLEDNAME {} DSP 0 BRAM 0 URAM 0 DISPNAME {bind_op add}} {BINDTYPE op ID {} IMPL fabric LATENCY 0 OPTYPE add PRAGMA {} RTLNAME add_ln840_1285_fu_34597_p2 SOURCE /tools/Xilinx/Vitis_HLS/2022.2/common/technology/autopilot/ap_int_base.h:840 VARIABLE add_ln840_1285 LOOP VITIS_LOOP_249_1 BUNDLEDNAME {} DSP 0 BRAM 0 URAM 0 DISPNAME {bind_op add}} {BINDTYPE op ID {} IMPL fabric LATENCY 0 OPTYPE add PRAGMA {} RTLNAME add_ln840_1288_fu_34619_p2 SOURCE /tools/Xilinx/Vitis_HLS/2022.2/common/technology/autopilot/ap_int_base.h:840 VARIABLE add_ln840_1288 LOOP VITIS_LOOP_249_1 BUNDLEDNAME {} DSP 0 BRAM 0 URAM 0 DISPNAME {bind_op add}} {BINDTYPE op ID {} IMPL fabric LATENCY 0 OPTYPE add PRAGMA {} RTLNAME add_ln840_1289_fu_34629_p2 SOURCE /tools/Xilinx/Vitis_HLS/2022.2/common/technology/autopilot/ap_int_base.h:840 VARIABLE add_ln840_1289 LOOP VITIS_LOOP_249_1 BUNDLEDNAME {} DSP 0 BRAM 0 URAM 0 DISPNAME {bind_op add}} {BINDTYPE op ID {} IMPL fabric LATENCY 0 OPTYPE add PRAGMA {} RTLNAME add_ln840_1290_fu_34639_p2 SOURCE /tools/Xilinx/Vitis_HLS/2022.2/common/technology/autopilot/ap_int_base.h:840 VARIABLE add_ln840_1290 LOOP VITIS_LOOP_249_1 BUNDLEDNAME {} DSP 0 BRAM 0 URAM 0 DISPNAME {bind_op add}} {BINDTYPE op ID {} IMPL fabric LATENCY 0 OPTYPE add PRAGMA {} RTLNAME add_ln840_1291_fu_34645_p2 SOURCE /tools/Xilinx/Vitis_HLS/2022.2/common/technology/autopilot/ap_int_base.h:840 VARIABLE add_ln840_1291 LOOP VITIS_LOOP_249_1 BUNDLEDNAME {} DSP 0 BRAM 0 URAM 0 DISPNAME {bind_op add}} {BINDTYPE op ID {} IMPL fabric LATENCY 0 OPTYPE add PRAGMA {} RTLNAME add_ln840_1292_fu_34655_p2 SOURCE /tools/Xilinx/Vitis_HLS/2022.2/common/technology/autopilot/ap_int_base.h:840 VARIABLE add_ln840_1292 LOOP VITIS_LOOP_249_1 BUNDLEDNAME {} DSP 0 BRAM 0 URAM 0 DISPNAME {bind_op add}} {BINDTYPE op ID {} IMPL fabric LATENCY 0 OPTYPE add PRAGMA {} RTLNAME add_ln840_1293_fu_34665_p2 SOURCE /tools/Xilinx/Vitis_HLS/2022.2/common/technology/autopilot/ap_int_base.h:840 VARIABLE add_ln840_1293 LOOP VITIS_LOOP_249_1 BUNDLEDNAME {} DSP 0 BRAM 0 URAM 0 DISPNAME {bind_op add}} {BINDTYPE op ID {} IMPL fabric LATENCY 0 OPTYPE add PRAGMA {} RTLNAME add_ln840_1298_fu_34832_p2 SOURCE /tools/Xilinx/Vitis_HLS/2022.2/common/technology/autopilot/ap_int_base.h:840 VARIABLE add_ln840_1298 LOOP VITIS_LOOP_249_1 BUNDLEDNAME {} DSP 0 BRAM 0 URAM 0 DISPNAME {bind_op add}} {BINDTYPE op ID {} IMPL fabric LATENCY 0 OPTYPE add PRAGMA {} RTLNAME add_ln840_1299_fu_34842_p2 SOURCE /tools/Xilinx/Vitis_HLS/2022.2/common/technology/autopilot/ap_int_base.h:840 VARIABLE add_ln840_1299 LOOP VITIS_LOOP_249_1 BUNDLEDNAME {} DSP 0 BRAM 0 URAM 0 DISPNAME {bind_op add}} {BINDTYPE op ID {} IMPL fabric LATENCY 0 OPTYPE add PRAGMA {} RTLNAME add_ln840_1302_fu_34864_p2 SOURCE /tools/Xilinx/Vitis_HLS/2022.2/common/technology/autopilot/ap_int_base.h:840 VARIABLE add_ln840_1302 LOOP VITIS_LOOP_249_1 BUNDLEDNAME {} DSP 0 BRAM 0 URAM 0 DISPNAME {bind_op add}} {BINDTYPE op ID {} IMPL fabric LATENCY 0 OPTYPE add PRAGMA {} RTLNAME add_ln840_1303_fu_34874_p2 SOURCE /tools/Xilinx/Vitis_HLS/2022.2/common/technology/autopilot/ap_int_base.h:840 VARIABLE add_ln840_1303 LOOP VITIS_LOOP_249_1 BUNDLEDNAME {} DSP 0 BRAM 0 URAM 0 DISPNAME {bind_op add}} {BINDTYPE op ID {} IMPL fabric LATENCY 0 OPTYPE add PRAGMA {} RTLNAME add_ln840_1304_fu_34884_p2 SOURCE /tools/Xilinx/Vitis_HLS/2022.2/common/technology/autopilot/ap_int_base.h:840 VARIABLE add_ln840_1304 LOOP VITIS_LOOP_249_1 BUNDLEDNAME {} DSP 0 BRAM 0 URAM 0 DISPNAME {bind_op add}} {BINDTYPE op ID {} IMPL fabric LATENCY 0 OPTYPE add PRAGMA {} RTLNAME add_ln840_1305_fu_34890_p2 SOURCE /tools/Xilinx/Vitis_HLS/2022.2/common/technology/autopilot/ap_int_base.h:840 VARIABLE add_ln840_1305 LOOP VITIS_LOOP_249_1 BUNDLEDNAME {} DSP 0 BRAM 0 URAM 0 DISPNAME {bind_op add}} {BINDTYPE op ID {} IMPL fabric LATENCY 0 OPTYPE add PRAGMA {} RTLNAME add_ln840_1306_fu_34900_p2 SOURCE /tools/Xilinx/Vitis_HLS/2022.2/common/technology/autopilot/ap_int_base.h:840 VARIABLE add_ln840_1306 LOOP VITIS_LOOP_249_1 BUNDLEDNAME {} DSP 0 BRAM 0 URAM 0 DISPNAME {bind_op add}} {BINDTYPE op ID {} IMPL fabric LATENCY 0 OPTYPE add PRAGMA {} RTLNAME add_ln840_1307_fu_34910_p2 SOURCE /tools/Xilinx/Vitis_HLS/2022.2/common/technology/autopilot/ap_int_base.h:840 VARIABLE add_ln840_1307 LOOP VITIS_LOOP_249_1 BUNDLEDNAME {} DSP 0 BRAM 0 URAM 0 DISPNAME {bind_op add}} {BINDTYPE op ID {} IMPL fabric LATENCY 0 OPTYPE add PRAGMA {} RTLNAME add_ln840_1312_fu_35077_p2 SOURCE /tools/Xilinx/Vitis_HLS/2022.2/common/technology/autopilot/ap_int_base.h:840 VARIABLE add_ln840_1312 LOOP VITIS_LOOP_249_1 BUNDLEDNAME {} DSP 0 BRAM 0 URAM 0 DISPNAME {bind_op add}} {BINDTYPE op ID {} IMPL fabric LATENCY 0 OPTYPE add PRAGMA {} RTLNAME add_ln840_1313_fu_35087_p2 SOURCE /tools/Xilinx/Vitis_HLS/2022.2/common/technology/autopilot/ap_int_base.h:840 VARIABLE add_ln840_1313 LOOP VITIS_LOOP_249_1 BUNDLEDNAME {} DSP 0 BRAM 0 URAM 0 DISPNAME {bind_op add}} {BINDTYPE op ID {} IMPL fabric LATENCY 0 OPTYPE add PRAGMA {} RTLNAME add_ln840_1316_fu_35109_p2 SOURCE /tools/Xilinx/Vitis_HLS/2022.2/common/technology/autopilot/ap_int_base.h:840 VARIABLE add_ln840_1316 LOOP VITIS_LOOP_249_1 BUNDLEDNAME {} DSP 0 BRAM 0 URAM 0 DISPNAME {bind_op add}} {BINDTYPE op ID {} IMPL fabric LATENCY 0 OPTYPE add PRAGMA {} RTLNAME add_ln840_1317_fu_35119_p2 SOURCE /tools/Xilinx/Vitis_HLS/2022.2/common/technology/autopilot/ap_int_base.h:840 VARIABLE add_ln840_1317 LOOP VITIS_LOOP_249_1 BUNDLEDNAME {} DSP 0 BRAM 0 URAM 0 DISPNAME {bind_op add}} {BINDTYPE op ID {} IMPL fabric LATENCY 0 OPTYPE add PRAGMA {} RTLNAME add_ln840_1318_fu_35129_p2 SOURCE /tools/Xilinx/Vitis_HLS/2022.2/common/technology/autopilot/ap_int_base.h:840 VARIABLE add_ln840_1318 LOOP VITIS_LOOP_249_1 BUNDLEDNAME {} DSP 0 BRAM 0 URAM 0 DISPNAME {bind_op add}} {BINDTYPE op ID {} IMPL fabric LATENCY 0 OPTYPE add PRAGMA {} RTLNAME add_ln840_1319_fu_35135_p2 SOURCE /tools/Xilinx/Vitis_HLS/2022.2/common/technology/autopilot/ap_int_base.h:840 VARIABLE add_ln840_1319 LOOP VITIS_LOOP_249_1 BUNDLEDNAME {} DSP 0 BRAM 0 URAM 0 DISPNAME {bind_op add}} {BINDTYPE op ID {} IMPL fabric LATENCY 0 OPTYPE add PRAGMA {} RTLNAME add_ln840_1320_fu_35145_p2 SOURCE /tools/Xilinx/Vitis_HLS/2022.2/common/technology/autopilot/ap_int_base.h:840 VARIABLE add_ln840_1320 LOOP VITIS_LOOP_249_1 BUNDLEDNAME {} DSP 0 BRAM 0 URAM 0 DISPNAME {bind_op add}} {BINDTYPE op ID {} IMPL fabric LATENCY 0 OPTYPE add PRAGMA {} RTLNAME add_ln840_1321_fu_35155_p2 SOURCE /tools/Xilinx/Vitis_HLS/2022.2/common/technology/autopilot/ap_int_base.h:840 VARIABLE add_ln840_1321 LOOP VITIS_LOOP_249_1 BUNDLEDNAME {} DSP 0 BRAM 0 URAM 0 DISPNAME {bind_op add}} {BINDTYPE op ID {} IMPL fabric LATENCY 0 OPTYPE add PRAGMA {} RTLNAME add_ln840_1326_fu_35322_p2 SOURCE /tools/Xilinx/Vitis_HLS/2022.2/common/technology/autopilot/ap_int_base.h:840 VARIABLE add_ln840_1326 LOOP VITIS_LOOP_249_1 BUNDLEDNAME {} DSP 0 BRAM 0 URAM 0 DISPNAME {bind_op add}} {BINDTYPE op ID {} IMPL fabric LATENCY 0 OPTYPE add PRAGMA {} RTLNAME add_ln840_1327_fu_35332_p2 SOURCE /tools/Xilinx/Vitis_HLS/2022.2/common/technology/autopilot/ap_int_base.h:840 VARIABLE add_ln840_1327 LOOP VITIS_LOOP_249_1 BUNDLEDNAME {} DSP 0 BRAM 0 URAM 0 DISPNAME {bind_op add}} {BINDTYPE op ID {} IMPL fabric LATENCY 0 OPTYPE add PRAGMA {} RTLNAME add_ln840_1330_fu_35354_p2 SOURCE /tools/Xilinx/Vitis_HLS/2022.2/common/technology/autopilot/ap_int_base.h:840 VARIABLE add_ln840_1330 LOOP VITIS_LOOP_249_1 BUNDLEDNAME {} DSP 0 BRAM 0 URAM 0 DISPNAME {bind_op add}} {BINDTYPE op ID {} IMPL fabric LATENCY 0 OPTYPE add PRAGMA {} RTLNAME add_ln840_1331_fu_35364_p2 SOURCE /tools/Xilinx/Vitis_HLS/2022.2/common/technology/autopilot/ap_int_base.h:840 VARIABLE add_ln840_1331 LOOP VITIS_LOOP_249_1 BUNDLEDNAME {} DSP 0 BRAM 0 URAM 0 DISPNAME {bind_op add}} {BINDTYPE op ID {} IMPL fabric LATENCY 0 OPTYPE add PRAGMA {} RTLNAME add_ln840_1332_fu_35374_p2 SOURCE /tools/Xilinx/Vitis_HLS/2022.2/common/technology/autopilot/ap_int_base.h:840 VARIABLE add_ln840_1332 LOOP VITIS_LOOP_249_1 BUNDLEDNAME {} DSP 0 BRAM 0 URAM 0 DISPNAME {bind_op add}} {BINDTYPE op ID {} IMPL fabric LATENCY 0 OPTYPE add PRAGMA {} RTLNAME add_ln840_1333_fu_35380_p2 SOURCE /tools/Xilinx/Vitis_HLS/2022.2/common/technology/autopilot/ap_int_base.h:840 VARIABLE add_ln840_1333 LOOP VITIS_LOOP_249_1 BUNDLEDNAME {} DSP 0 BRAM 0 URAM 0 DISPNAME {bind_op add}} {BINDTYPE op ID {} IMPL fabric LATENCY 0 OPTYPE add PRAGMA {} RTLNAME add_ln840_1334_fu_35390_p2 SOURCE /tools/Xilinx/Vitis_HLS/2022.2/common/technology/autopilot/ap_int_base.h:840 VARIABLE add_ln840_1334 LOOP VITIS_LOOP_249_1 BUNDLEDNAME {} DSP 0 BRAM 0 URAM 0 DISPNAME {bind_op add}} {BINDTYPE op ID {} IMPL fabric LATENCY 0 OPTYPE add PRAGMA {} RTLNAME add_ln840_1335_fu_35400_p2 SOURCE /tools/Xilinx/Vitis_HLS/2022.2/common/technology/autopilot/ap_int_base.h:840 VARIABLE add_ln840_1335 LOOP VITIS_LOOP_249_1 BUNDLEDNAME {} DSP 0 BRAM 0 URAM 0 DISPNAME {bind_op add}} {BINDTYPE op ID {} IMPL fabric LATENCY 0 OPTYPE add PRAGMA {} RTLNAME add_ln840_1340_fu_35567_p2 SOURCE /tools/Xilinx/Vitis_HLS/2022.2/common/technology/autopilot/ap_int_base.h:840 VARIABLE add_ln840_1340 LOOP VITIS_LOOP_249_1 BUNDLEDNAME {} DSP 0 BRAM 0 URAM 0 DISPNAME {bind_op add}} {BINDTYPE op ID {} IMPL fabric LATENCY 0 OPTYPE add PRAGMA {} RTLNAME add_ln840_1341_fu_35577_p2 SOURCE /tools/Xilinx/Vitis_HLS/2022.2/common/technology/autopilot/ap_int_base.h:840 VARIABLE add_ln840_1341 LOOP VITIS_LOOP_249_1 BUNDLEDNAME {} DSP 0 BRAM 0 URAM 0 DISPNAME {bind_op add}} {BINDTYPE op ID {} IMPL fabric LATENCY 0 OPTYPE add PRAGMA {} RTLNAME add_ln840_1344_fu_35599_p2 SOURCE /tools/Xilinx/Vitis_HLS/2022.2/common/technology/autopilot/ap_int_base.h:840 VARIABLE add_ln840_1344 LOOP VITIS_LOOP_249_1 BUNDLEDNAME {} DSP 0 BRAM 0 URAM 0 DISPNAME {bind_op add}} {BINDTYPE op ID {} IMPL fabric LATENCY 0 OPTYPE add PRAGMA {} RTLNAME add_ln840_1345_fu_35609_p2 SOURCE /tools/Xilinx/Vitis_HLS/2022.2/common/technology/autopilot/ap_int_base.h:840 VARIABLE add_ln840_1345 LOOP VITIS_LOOP_249_1 BUNDLEDNAME {} DSP 0 BRAM 0 URAM 0 DISPNAME {bind_op add}} {BINDTYPE op ID {} IMPL fabric LATENCY 0 OPTYPE add PRAGMA {} RTLNAME add_ln840_1346_fu_35619_p2 SOURCE /tools/Xilinx/Vitis_HLS/2022.2/common/technology/autopilot/ap_int_base.h:840 VARIABLE add_ln840_1346 LOOP VITIS_LOOP_249_1 BUNDLEDNAME {} DSP 0 BRAM 0 URAM 0 DISPNAME {bind_op add}} {BINDTYPE op ID {} IMPL fabric LATENCY 0 OPTYPE add PRAGMA {} RTLNAME add_ln840_1347_fu_35625_p2 SOURCE /tools/Xilinx/Vitis_HLS/2022.2/common/technology/autopilot/ap_int_base.h:840 VARIABLE add_ln840_1347 LOOP VITIS_LOOP_249_1 BUNDLEDNAME {} DSP 0 BRAM 0 URAM 0 DISPNAME {bind_op add}} {BINDTYPE op ID {} IMPL fabric LATENCY 0 OPTYPE add PRAGMA {} RTLNAME add_ln840_1348_fu_35635_p2 SOURCE /tools/Xilinx/Vitis_HLS/2022.2/common/technology/autopilot/ap_int_base.h:840 VARIABLE add_ln840_1348 LOOP VITIS_LOOP_249_1 BUNDLEDNAME {} DSP 0 BRAM 0 URAM 0 DISPNAME {bind_op add}} {BINDTYPE op ID {} IMPL fabric LATENCY 0 OPTYPE add PRAGMA {} RTLNAME add_ln840_1349_fu_35645_p2 SOURCE /tools/Xilinx/Vitis_HLS/2022.2/common/technology/autopilot/ap_int_base.h:840 VARIABLE add_ln840_1349 LOOP VITIS_LOOP_249_1 BUNDLEDNAME {} DSP 0 BRAM 0 URAM 0 DISPNAME {bind_op add}} {BINDTYPE op ID {} IMPL fabric LATENCY 0 OPTYPE add PRAGMA {} RTLNAME add_ln840_1354_fu_35812_p2 SOURCE /tools/Xilinx/Vitis_HLS/2022.2/common/technology/autopilot/ap_int_base.h:840 VARIABLE add_ln840_1354 LOOP VITIS_LOOP_249_1 BUNDLEDNAME {} DSP 0 BRAM 0 URAM 0 DISPNAME {bind_op add}} {BINDTYPE op ID {} IMPL fabric LATENCY 0 OPTYPE add PRAGMA {} RTLNAME add_ln840_1355_fu_35822_p2 SOURCE /tools/Xilinx/Vitis_HLS/2022.2/common/technology/autopilot/ap_int_base.h:840 VARIABLE add_ln840_1355 LOOP VITIS_LOOP_249_1 BUNDLEDNAME {} DSP 0 BRAM 0 URAM 0 DISPNAME {bind_op add}} {BINDTYPE op ID {} IMPL fabric LATENCY 0 OPTYPE add PRAGMA {} RTLNAME add_ln840_1358_fu_35844_p2 SOURCE /tools/Xilinx/Vitis_HLS/2022.2/common/technology/autopilot/ap_int_base.h:840 VARIABLE add_ln840_1358 LOOP VITIS_LOOP_249_1 BUNDLEDNAME {} DSP 0 BRAM 0 URAM 0 DISPNAME {bind_op add}} {BINDTYPE op ID {} IMPL fabric LATENCY 0 OPTYPE add PRAGMA {} RTLNAME add_ln840_1359_fu_35854_p2 SOURCE /tools/Xilinx/Vitis_HLS/2022.2/common/technology/autopilot/ap_int_base.h:840 VARIABLE add_ln840_1359 LOOP VITIS_LOOP_249_1 BUNDLEDNAME {} DSP 0 BRAM 0 URAM 0 DISPNAME {bind_op add}} {BINDTYPE op ID {} IMPL fabric LATENCY 0 OPTYPE add PRAGMA {} RTLNAME add_ln840_1360_fu_35864_p2 SOURCE /tools/Xilinx/Vitis_HLS/2022.2/common/technology/autopilot/ap_int_base.h:840 VARIABLE add_ln840_1360 LOOP VITIS_LOOP_249_1 BUNDLEDNAME {} DSP 0 BRAM 0 URAM 0 DISPNAME {bind_op add}} {BINDTYPE op ID {} IMPL fabric LATENCY 0 OPTYPE add PRAGMA {} RTLNAME add_ln840_1361_fu_35870_p2 SOURCE /tools/Xilinx/Vitis_HLS/2022.2/common/technology/autopilot/ap_int_base.h:840 VARIABLE add_ln840_1361 LOOP VITIS_LOOP_249_1 BUNDLEDNAME {} DSP 0 BRAM 0 URAM 0 DISPNAME {bind_op add}} {BINDTYPE op ID {} IMPL fabric LATENCY 0 OPTYPE add PRAGMA {} RTLNAME add_ln840_1362_fu_35880_p2 SOURCE /tools/Xilinx/Vitis_HLS/2022.2/common/technology/autopilot/ap_int_base.h:840 VARIABLE add_ln840_1362 LOOP VITIS_LOOP_249_1 BUNDLEDNAME {} DSP 0 BRAM 0 URAM 0 DISPNAME {bind_op add}} {BINDTYPE op ID {} IMPL fabric LATENCY 0 OPTYPE add PRAGMA {} RTLNAME add_ln840_1363_fu_35890_p2 SOURCE /tools/Xilinx/Vitis_HLS/2022.2/common/technology/autopilot/ap_int_base.h:840 VARIABLE add_ln840_1363 LOOP VITIS_LOOP_249_1 BUNDLEDNAME {} DSP 0 BRAM 0 URAM 0 DISPNAME {bind_op add}} {BINDTYPE op ID {} IMPL fabric LATENCY 0 OPTYPE add PRAGMA {} RTLNAME add_ln840_1368_fu_36057_p2 SOURCE /tools/Xilinx/Vitis_HLS/2022.2/common/technology/autopilot/ap_int_base.h:840 VARIABLE add_ln840_1368 LOOP VITIS_LOOP_249_1 BUNDLEDNAME {} DSP 0 BRAM 0 URAM 0 DISPNAME {bind_op add}} {BINDTYPE op ID {} IMPL fabric LATENCY 0 OPTYPE add PRAGMA {} RTLNAME add_ln840_1369_fu_36067_p2 SOURCE /tools/Xilinx/Vitis_HLS/2022.2/common/technology/autopilot/ap_int_base.h:840 VARIABLE add_ln840_1369 LOOP VITIS_LOOP_249_1 BUNDLEDNAME {} DSP 0 BRAM 0 URAM 0 DISPNAME {bind_op add}} {BINDTYPE op ID {} IMPL fabric LATENCY 0 OPTYPE add PRAGMA {} RTLNAME add_ln840_1372_fu_36089_p2 SOURCE /tools/Xilinx/Vitis_HLS/2022.2/common/technology/autopilot/ap_int_base.h:840 VARIABLE add_ln840_1372 LOOP VITIS_LOOP_249_1 BUNDLEDNAME {} DSP 0 BRAM 0 URAM 0 DISPNAME {bind_op add}} {BINDTYPE op ID {} IMPL fabric LATENCY 0 OPTYPE add PRAGMA {} RTLNAME add_ln840_1373_fu_36099_p2 SOURCE /tools/Xilinx/Vitis_HLS/2022.2/common/technology/autopilot/ap_int_base.h:840 VARIABLE add_ln840_1373 LOOP VITIS_LOOP_249_1 BUNDLEDNAME {} DSP 0 BRAM 0 URAM 0 DISPNAME {bind_op add}} {BINDTYPE op ID {} IMPL fabric LATENCY 0 OPTYPE add PRAGMA {} RTLNAME add_ln840_1374_fu_36109_p2 SOURCE /tools/Xilinx/Vitis_HLS/2022.2/common/technology/autopilot/ap_int_base.h:840 VARIABLE add_ln840_1374 LOOP VITIS_LOOP_249_1 BUNDLEDNAME {} DSP 0 BRAM 0 URAM 0 DISPNAME {bind_op add}} {BINDTYPE op ID {} IMPL fabric LATENCY 0 OPTYPE add PRAGMA {} RTLNAME add_ln840_1375_fu_36115_p2 SOURCE /tools/Xilinx/Vitis_HLS/2022.2/common/technology/autopilot/ap_int_base.h:840 VARIABLE add_ln840_1375 LOOP VITIS_LOOP_249_1 BUNDLEDNAME {} DSP 0 BRAM 0 URAM 0 DISPNAME {bind_op add}} {BINDTYPE op ID {} IMPL fabric LATENCY 0 OPTYPE add PRAGMA {} RTLNAME add_ln840_1376_fu_36125_p2 SOURCE /tools/Xilinx/Vitis_HLS/2022.2/common/technology/autopilot/ap_int_base.h:840 VARIABLE add_ln840_1376 LOOP VITIS_LOOP_249_1 BUNDLEDNAME {} DSP 0 BRAM 0 URAM 0 DISPNAME {bind_op add}} {BINDTYPE op ID {} IMPL fabric LATENCY 0 OPTYPE add PRAGMA {} RTLNAME add_ln840_1377_fu_36135_p2 SOURCE /tools/Xilinx/Vitis_HLS/2022.2/common/technology/autopilot/ap_int_base.h:840 VARIABLE add_ln840_1377 LOOP VITIS_LOOP_249_1 BUNDLEDNAME {} DSP 0 BRAM 0 URAM 0 DISPNAME {bind_op add}} {BINDTYPE op ID {} IMPL fabric LATENCY 0 OPTYPE add PRAGMA {} RTLNAME add_ln840_1382_fu_36302_p2 SOURCE /tools/Xilinx/Vitis_HLS/2022.2/common/technology/autopilot/ap_int_base.h:840 VARIABLE add_ln840_1382 LOOP VITIS_LOOP_249_1 BUNDLEDNAME {} DSP 0 BRAM 0 URAM 0 DISPNAME {bind_op add}} {BINDTYPE op ID {} IMPL fabric LATENCY 0 OPTYPE add PRAGMA {} RTLNAME add_ln840_1383_fu_36312_p2 SOURCE /tools/Xilinx/Vitis_HLS/2022.2/common/technology/autopilot/ap_int_base.h:840 VARIABLE add_ln840_1383 LOOP VITIS_LOOP_249_1 BUNDLEDNAME {} DSP 0 BRAM 0 URAM 0 DISPNAME {bind_op add}} {BINDTYPE op ID {} IMPL fabric LATENCY 0 OPTYPE add PRAGMA {} RTLNAME add_ln840_1386_fu_36334_p2 SOURCE /tools/Xilinx/Vitis_HLS/2022.2/common/technology/autopilot/ap_int_base.h:840 VARIABLE add_ln840_1386 LOOP VITIS_LOOP_249_1 BUNDLEDNAME {} DSP 0 BRAM 0 URAM 0 DISPNAME {bind_op add}} {BINDTYPE op ID {} IMPL fabric LATENCY 0 OPTYPE add PRAGMA {} RTLNAME add_ln840_1387_fu_36344_p2 SOURCE /tools/Xilinx/Vitis_HLS/2022.2/common/technology/autopilot/ap_int_base.h:840 VARIABLE add_ln840_1387 LOOP VITIS_LOOP_249_1 BUNDLEDNAME {} DSP 0 BRAM 0 URAM 0 DISPNAME {bind_op add}} {BINDTYPE op ID {} IMPL fabric LATENCY 0 OPTYPE add PRAGMA {} RTLNAME add_ln840_1388_fu_36354_p2 SOURCE /tools/Xilinx/Vitis_HLS/2022.2/common/technology/autopilot/ap_int_base.h:840 VARIABLE add_ln840_1388 LOOP VITIS_LOOP_249_1 BUNDLEDNAME {} DSP 0 BRAM 0 URAM 0 DISPNAME {bind_op add}} {BINDTYPE op ID {} IMPL fabric LATENCY 0 OPTYPE add PRAGMA {} RTLNAME add_ln840_1389_fu_36360_p2 SOURCE /tools/Xilinx/Vitis_HLS/2022.2/common/technology/autopilot/ap_int_base.h:840 VARIABLE add_ln840_1389 LOOP VITIS_LOOP_249_1 BUNDLEDNAME {} DSP 0 BRAM 0 URAM 0 DISPNAME {bind_op add}} {BINDTYPE op ID {} IMPL fabric LATENCY 0 OPTYPE add PRAGMA {} RTLNAME add_ln840_1390_fu_36370_p2 SOURCE /tools/Xilinx/Vitis_HLS/2022.2/common/technology/autopilot/ap_int_base.h:840 VARIABLE add_ln840_1390 LOOP VITIS_LOOP_249_1 BUNDLEDNAME {} DSP 0 BRAM 0 URAM 0 DISPNAME {bind_op add}} {BINDTYPE op ID {} IMPL fabric LATENCY 0 OPTYPE add PRAGMA {} RTLNAME add_ln840_1391_fu_36380_p2 SOURCE /tools/Xilinx/Vitis_HLS/2022.2/common/technology/autopilot/ap_int_base.h:840 VARIABLE add_ln840_1391 LOOP VITIS_LOOP_249_1 BUNDLEDNAME {} DSP 0 BRAM 0 URAM 0 DISPNAME {bind_op add}} {BINDTYPE op ID {} IMPL fabric LATENCY 0 OPTYPE add PRAGMA {} RTLNAME add_ln840_1396_fu_36547_p2 SOURCE /tools/Xilinx/Vitis_HLS/2022.2/common/technology/autopilot/ap_int_base.h:840 VARIABLE add_ln840_1396 LOOP VITIS_LOOP_249_1 BUNDLEDNAME {} DSP 0 BRAM 0 URAM 0 DISPNAME {bind_op add}} {BINDTYPE op ID {} IMPL fabric LATENCY 0 OPTYPE add PRAGMA {} RTLNAME add_ln840_1397_fu_36557_p2 SOURCE /tools/Xilinx/Vitis_HLS/2022.2/common/technology/autopilot/ap_int_base.h:840 VARIABLE add_ln840_1397 LOOP VITIS_LOOP_249_1 BUNDLEDNAME {} DSP 0 BRAM 0 URAM 0 DISPNAME {bind_op add}} {BINDTYPE op ID {} IMPL fabric LATENCY 0 OPTYPE add PRAGMA {} RTLNAME add_ln840_1400_fu_36579_p2 SOURCE /tools/Xilinx/Vitis_HLS/2022.2/common/technology/autopilot/ap_int_base.h:840 VARIABLE add_ln840_1400 LOOP VITIS_LOOP_249_1 BUNDLEDNAME {} DSP 0 BRAM 0 URAM 0 DISPNAME {bind_op add}} {BINDTYPE op ID {} IMPL fabric LATENCY 0 OPTYPE add PRAGMA {} RTLNAME add_ln840_1401_fu_36589_p2 SOURCE /tools/Xilinx/Vitis_HLS/2022.2/common/technology/autopilot/ap_int_base.h:840 VARIABLE add_ln840_1401 LOOP VITIS_LOOP_249_1 BUNDLEDNAME {} DSP 0 BRAM 0 URAM 0 DISPNAME {bind_op add}} {BINDTYPE op ID {} IMPL fabric LATENCY 0 OPTYPE add PRAGMA {} RTLNAME add_ln840_1402_fu_36599_p2 SOURCE /tools/Xilinx/Vitis_HLS/2022.2/common/technology/autopilot/ap_int_base.h:840 VARIABLE add_ln840_1402 LOOP VITIS_LOOP_249_1 BUNDLEDNAME {} DSP 0 BRAM 0 URAM 0 DISPNAME {bind_op add}} {BINDTYPE op ID {} IMPL fabric LATENCY 0 OPTYPE add PRAGMA {} RTLNAME add_ln840_1403_fu_36605_p2 SOURCE /tools/Xilinx/Vitis_HLS/2022.2/common/technology/autopilot/ap_int_base.h:840 VARIABLE add_ln840_1403 LOOP VITIS_LOOP_249_1 BUNDLEDNAME {} DSP 0 BRAM 0 URAM 0 DISPNAME {bind_op add}} {BINDTYPE op ID {} IMPL fabric LATENCY 0 OPTYPE add PRAGMA {} RTLNAME add_ln840_1404_fu_36615_p2 SOURCE /tools/Xilinx/Vitis_HLS/2022.2/common/technology/autopilot/ap_int_base.h:840 VARIABLE add_ln840_1404 LOOP VITIS_LOOP_249_1 BUNDLEDNAME {} DSP 0 BRAM 0 URAM 0 DISPNAME {bind_op add}} {BINDTYPE op ID {} IMPL fabric LATENCY 0 OPTYPE add PRAGMA {} RTLNAME add_ln840_1405_fu_36625_p2 SOURCE /tools/Xilinx/Vitis_HLS/2022.2/common/technology/autopilot/ap_int_base.h:840 VARIABLE add_ln840_1405 LOOP VITIS_LOOP_249_1 BUNDLEDNAME {} DSP 0 BRAM 0 URAM 0 DISPNAME {bind_op add}} {BINDTYPE op ID {} IMPL fabric LATENCY 0 OPTYPE add PRAGMA {} RTLNAME nf_fu_9229_p2 SOURCE /home/miguel_tfg/FINN-v0.9-Stable/deps/finn-hlslib/mvau.hpp:302 VARIABLE nf LOOP VITIS_LOOP_249_1 BUNDLEDNAME {} DSP 0 BRAM 0 URAM 0 DISPNAME {bind_op add}}} AREA {DSP 0 BRAM 0 URAM 0}} MatrixVectorActivation_1 {AREA {DSP 0 BRAM 0 URAM 0}}}}'
INFO-FLOW: DBG:PUTS:      update_csynth_reports json2rpt_hw_sw_interfaces
INFO-FLOW: Running: gen_csynth_sec_pragma
INFO-FLOW: Done: gen_csynth_sec_pragma time: 0 seconds per iteration
INFO-FLOW: DBG:PUTS:      update_csynth_reports wrote xml
INFO-FLOW: DBG:PUTS:      update_csynth_reports appended to csynth rpt file
INFO: [HLS 200-111] Finished Updating report files: CPU user time: 0.51 seconds. CPU system time: 0.01 seconds. Elapsed time: 0.52 seconds; current allocated memory: 1.863 GB.
INFO: [VHDL 208-304] Generating VHDL RTL for MatrixVectorActivation_1.
INFO: [VLOG 209-307] Generating Verilog RTL for MatrixVectorActivation_1.
Execute       syn_report -model MatrixVectorActivation_1 -printsummary 
INFO: [HLS 200-790] **** Loop Constraint Status: All loop constraints were satisfied.
INFO: [HLS 200-789] **** Estimated Fmax: 131.73 MHz
Command     autosyn done; 41.28 sec.
Command   csynth_design done; 102.39 sec.
INFO: [HLS 200-111] Finished Command csynth_design CPU user time: 100.42 seconds. CPU system time: 1.65 seconds. Elapsed time: 102.39 seconds; current allocated memory: 407.832 MB.
Execute   export_design -format ip_catalog 
INFO: [HLS 200-1510] Running: export_design -format ip_catalog 
Execute     config_export -format=ip_catalog 
INFO-FLOW: DBG:PUTS: export_design_wrap: -format ip_catalog -rtl verilog
Execute     source /home/miguel_tfg/FINN-v0.9-Stable/notebooks/UAH_example/FINN_build/code_gen_ipgen_MatrixVectorActivation_1_ufvsgxba/project_MatrixVectorActivation_1/sol1/.autopilot/db/global.setting.tcl 
INFO-FLOW: DBG:PUTS:   auto_impl: pack: -export -rtl verilog
INFO-FLOW: DBG:PROC: ::AESL_AUTOIMPL::auto_impl args='-export -rtl verilog'
Execute     source /home/miguel_tfg/FINN-v0.9-Stable/notebooks/UAH_example/FINN_build/code_gen_ipgen_MatrixVectorActivation_1_ufvsgxba/project_MatrixVectorActivation_1/sol1/.autopilot/db/global.setting.tcl 
INFO: [IMPL 213-8] Exporting RTL as a Vivado IP.
Execute     source /home/miguel_tfg/FINN-v0.9-Stable/notebooks/UAH_example/FINN_build/code_gen_ipgen_MatrixVectorActivation_1_ufvsgxba/project_MatrixVectorActivation_1/sol1/.autopilot/db/global.setting.tcl 
INFO-FLOW: DBG:PUTS: automg_wrap -export -pcore_version 1.00.a -rtl vlog -tool Vivado -impltomg_flag
INFO-FLOW: DBG:PROC: ::AESL_AUTOMG::auto_generate args='-export -pcore_version 1.00.a -rtl vlog -tool Vivado -impltomg_flag'
INFO-FLOW: DBG:PUTS:     auto_generate -export -pcore_version 1.00.a -rtl vlog -tool Vivado -impltomg_flag
Execute     source /home/miguel_tfg/FINN-v0.9-Stable/notebooks/UAH_example/FINN_build/code_gen_ipgen_MatrixVectorActivation_1_ufvsgxba/project_MatrixVectorActivation_1/sol1/.autopilot/db/global.setting.tcl 
INFO-FLOW: DBG:PUTS: read_platform_lib /home/miguel_tfg/FINN-v0.9-Stable/notebooks/UAH_example/FINN_build/code_gen_ipgen_MatrixVectorActivation_1_ufvsgxba/project_MatrixVectorActivation_1/sol1/.autopilot/db/global.setting.tcl
Execute     source /tools/Xilinx/Vitis_HLS/2022.2/common/technology/generic/autopilot/common.gen 
Execute       source /tools/Xilinx/Vitis_HLS/2022.2/common/technology/generic/autopilot/APCoreGen.gen 
Execute     source /tools/Xilinx/Vitis_HLS/2022.2/common/technology/generic/autopilot/op.gen 
Execute     source /tools/Xilinx/Vitis_HLS/2022.2/common/technology/generic/autopilot/op_simcore.gen 
Execute     source /tools/Xilinx/Vitis_HLS/2022.2/common/technology/generic/autopilot/interface.gen 
Execute     source /home/miguel_tfg/FINN-v0.9-Stable/notebooks/UAH_example/FINN_build/code_gen_ipgen_MatrixVectorActivation_1_ufvsgxba/project_MatrixVectorActivation_1/sol1/.autopilot/db/global.setting.tcl 
Execute     source /tools/Xilinx/Vitis_HLS/2022.2/common/technology/xilinx/common/xilinx.gen 
Execute       source /tools/Xilinx/Vitis_HLS/2022.2/common/technology/xilinx/interface/plb46.gen 
Execute       source /tools/Xilinx/Vitis_HLS/2022.2/common/technology/xilinx/interface/axi4.gen 
Execute       source /tools/Xilinx/Vitis_HLS/2022.2/common/technology/xilinx/interface/nativeAXI4.gen 
Execute         source /tools/Xilinx/Vitis_HLS/2022.2/common/technology/xilinx/interface/saxilite.gen 
Execute       source /tools/Xilinx/Vitis_HLS/2022.2/common/technology/xilinx/scripts/xilinxcoregen.gen 
Execute       source /tools/Xilinx/Vitis_HLS/2022.2/common/technology/xilinx/interface/XilEDKCoreGen.gen 
Execute       source /tools/Xilinx/Vitis_HLS/2022.2/common/technology/xilinx/ip/util.gen 
Execute       source /tools/Xilinx/Vitis_HLS/2022.2/common/technology/xilinx/ip/xfir.gen 
Execute       source /tools/Xilinx/Vitis_HLS/2022.2/common/technology/xilinx/ip/xfft.gen 
Execute       source /tools/Xilinx/Vitis_HLS/2022.2/common/technology/xilinx/ip/dds_compiler.gen 
Execute       source /tools/Xilinx/Vitis_HLS/2022.2/common/technology/xilinx/DSP48/dsp48.gen 
INFO-FLOW: DBG:PUTS:       initCTypeInfo top_module=MatrixVectorActivation_1 xml_exists=0
Execute     source /home/miguel_tfg/FINN-v0.9-Stable/notebooks/UAH_example/FINN_build/code_gen_ipgen_MatrixVectorActivation_1_ufvsgxba/project_MatrixVectorActivation_1/sol1/.autopilot/db/MatrixVectorActivation_1.rtl_wrap.cfg.tcl 
Execute     source /home/miguel_tfg/FINN-v0.9-Stable/notebooks/UAH_example/FINN_build/code_gen_ipgen_MatrixVectorActivation_1_ufvsgxba/project_MatrixVectorActivation_1/sol1/.autopilot/db/MatrixVectorActivation_1.rtl_wrap.cfg.tcl 
Execute     source /home/miguel_tfg/FINN-v0.9-Stable/notebooks/UAH_example/FINN_build/code_gen_ipgen_MatrixVectorActivation_1_ufvsgxba/project_MatrixVectorActivation_1/sol1/.autopilot/db/MatrixVectorActivation_1.rtl_wrap.cfg.tcl 
Execute     source /home/miguel_tfg/FINN-v0.9-Stable/notebooks/UAH_example/FINN_build/code_gen_ipgen_MatrixVectorActivation_1_ufvsgxba/project_MatrixVectorActivation_1/sol1/.autopilot/db/MatrixVectorActivation_1.tbgen.tcl 
Execute     source /home/miguel_tfg/FINN-v0.9-Stable/notebooks/UAH_example/FINN_build/code_gen_ipgen_MatrixVectorActivation_1_ufvsgxba/project_MatrixVectorActivation_1/sol1/.autopilot/db/MatrixVectorActivation_1.tbgen.tcl 
Execute     source /home/miguel_tfg/FINN-v0.9-Stable/notebooks/UAH_example/FINN_build/code_gen_ipgen_MatrixVectorActivation_1_ufvsgxba/project_MatrixVectorActivation_1/sol1/.autopilot/db/global.setting.tcl 
Execute     source /home/miguel_tfg/FINN-v0.9-Stable/notebooks/UAH_example/FINN_build/code_gen_ipgen_MatrixVectorActivation_1_ufvsgxba/project_MatrixVectorActivation_1/sol1/.autopilot/db/MatrixVectorActivation_1.tbgen.tcl 
INFO-FLOW: DBG:PUTS:       cosim_export_main adding deadlock detection to MatrixVectorActivation_1
INFO-FLOW: DBG:PUTS: Skipping loadAnalyze_DB, #g_database=3
INFO-FLOW: DBG:PUTS:       generate_json generate_bd_files=0 generate_xo_files=false #modelList=9 #gSsdmPorts=0
INFO-FLOW: DBG:PROC: ::AP::DESIGN_DATA::generate_json generate_bd_files='0' generate_xo_files='false' modelList='MatrixVectorActivation_1_mux_325_32_1_1
MatrixVectorActivation_1_mul_4ns_4s_8_1_1
MatrixVectorActivation_1_mul_4s_4ns_8_1_1
MatrixVectorActivation_1_flow_control_loop_pipe_sequential_init
MatrixVectorActivation_1_regslice_both
MatrixVectorActivation_1_regslice_both
MatrixVectorActivation_1_regslice_both
Matrix_Vector_Activate_Stream_Batch
MatrixVectorActivation_1
' rtl_lang='vlog' bootstrap_tcl='false' outdir='' outfilename=''
Execute     source /home/miguel_tfg/FINN-v0.9-Stable/notebooks/UAH_example/FINN_build/code_gen_ipgen_MatrixVectorActivation_1_ufvsgxba/project_MatrixVectorActivation_1/sol1/.autopilot/db/global.setting.tcl 
Execute     source /home/miguel_tfg/FINN-v0.9-Stable/notebooks/UAH_example/FINN_build/code_gen_ipgen_MatrixVectorActivation_1_ufvsgxba/project_MatrixVectorActivation_1/sol1/.autopilot/db/global.setting.tcl 
Execute     source /home/miguel_tfg/FINN-v0.9-Stable/notebooks/UAH_example/FINN_build/code_gen_ipgen_MatrixVectorActivation_1_ufvsgxba/project_MatrixVectorActivation_1/sol1/.autopilot/db/top-io-be.tcl 
Execute     source /home/miguel_tfg/FINN-v0.9-Stable/notebooks/UAH_example/FINN_build/code_gen_ipgen_MatrixVectorActivation_1_ufvsgxba/project_MatrixVectorActivation_1/sol1/.autopilot/db/MatrixVectorActivation_1.tbgen.tcl 
Execute     source /home/miguel_tfg/FINN-v0.9-Stable/notebooks/UAH_example/FINN_build/code_gen_ipgen_MatrixVectorActivation_1_ufvsgxba/project_MatrixVectorActivation_1/sol1/.autopilot/db/MatrixVectorActivation_1.rtl_wrap.cfg.tcl 
Execute     source /home/miguel_tfg/FINN-v0.9-Stable/notebooks/UAH_example/FINN_build/code_gen_ipgen_MatrixVectorActivation_1_ufvsgxba/project_MatrixVectorActivation_1/sol1/.autopilot/db/MatrixVectorActivation_1.compgen.dataonly.tcl 
Execute     source /home/miguel_tfg/FINN-v0.9-Stable/notebooks/UAH_example/FINN_build/code_gen_ipgen_MatrixVectorActivation_1_ufvsgxba/project_MatrixVectorActivation_1/sol1/.autopilot/db/Matrix_Vector_Activate_Stream_Batch.tbgen.tcl 
Execute     source /home/miguel_tfg/FINN-v0.9-Stable/notebooks/UAH_example/FINN_build/code_gen_ipgen_MatrixVectorActivation_1_ufvsgxba/project_MatrixVectorActivation_1/sol1/.autopilot/db/MatrixVectorActivation_1.tbgen.tcl 
Execute     source /home/miguel_tfg/FINN-v0.9-Stable/notebooks/UAH_example/FINN_build/code_gen_ipgen_MatrixVectorActivation_1_ufvsgxba/project_MatrixVectorActivation_1/sol1/.autopilot/db/global.setting.tcl 
Execute     ap_part_info -name xc7z020-clg400-1 -data names -quiet 
Execute     ap_part_info -name xc7z020-clg400-1 -data info -quiet 
Execute     source /home/miguel_tfg/FINN-v0.9-Stable/notebooks/UAH_example/FINN_build/code_gen_ipgen_MatrixVectorActivation_1_ufvsgxba/project_MatrixVectorActivation_1/sol1/.autopilot/db/MatrixVectorActivation_1.constraint.tcl 
Execute     sc_get_clocks MatrixVectorActivation_1 
Execute     source /home/miguel_tfg/FINN-v0.9-Stable/notebooks/UAH_example/FINN_build/code_gen_ipgen_MatrixVectorActivation_1_ufvsgxba/project_MatrixVectorActivation_1/sol1/.autopilot/db/global.setting.tcl 
Execute     source /home/miguel_tfg/FINN-v0.9-Stable/notebooks/UAH_example/FINN_build/code_gen_ipgen_MatrixVectorActivation_1_ufvsgxba/project_MatrixVectorActivation_1/sol1/.autopilot/db/global.setting.tcl 
Execute     source /home/miguel_tfg/FINN-v0.9-Stable/notebooks/UAH_example/FINN_build/code_gen_ipgen_MatrixVectorActivation_1_ufvsgxba/project_MatrixVectorActivation_1/sol1/.autopilot/db/MatrixVectorActivation_1.tbgen.tcl 
INFO-FLOW: DBG:PUTS:       cosim_export_main adding deadlock detection to MatrixVectorActivation_1
INFO-FLOW: DBG:PUTS:       generate_ip_script #gSsdmPorts=0 g_lang=vlog is_sdaccel=false is_sdsoc=true xo_file=
Execute     ap_part_info -name xc7z020-clg400-1 -data names -quiet 
Execute     ap_part_info -name xc7z020-clg400-1 -data info -quiet 
Execute     ap_part_info -name xc7z020-clg400-1 -data names -quiet 
Execute     ap_part_info -name xc7z020-clg400-1 -data info -quiet 
Execute     source /home/miguel_tfg/FINN-v0.9-Stable/notebooks/UAH_example/FINN_build/code_gen_ipgen_MatrixVectorActivation_1_ufvsgxba/project_MatrixVectorActivation_1/sol1/.autopilot/db/MatrixVectorActivation_1.tbgen.tcl 
Execute     source /home/miguel_tfg/FINN-v0.9-Stable/notebooks/UAH_example/FINN_build/code_gen_ipgen_MatrixVectorActivation_1_ufvsgxba/project_MatrixVectorActivation_1/sol1/.autopilot/db/MatrixVectorActivation_1.tbgen.tcl 
Execute     source /home/miguel_tfg/FINN-v0.9-Stable/notebooks/UAH_example/FINN_build/code_gen_ipgen_MatrixVectorActivation_1_ufvsgxba/project_MatrixVectorActivation_1/sol1/.autopilot/db/global.setting.tcl 
INFO-FLOW: DBG:PUTS:       generate_top_info
INFO-FLOW: DBG:PUTS:       prepArgInfo -> loadAnalyze_DB top_module=MatrixVectorActivation_1
Execute     source /home/miguel_tfg/FINN-v0.9-Stable/notebooks/UAH_example/FINN_build/code_gen_ipgen_MatrixVectorActivation_1_ufvsgxba/project_MatrixVectorActivation_1/sol1/.autopilot/db/MatrixVectorActivation_1.rtl_wrap.cfg.tcl 
Execute     source /home/miguel_tfg/FINN-v0.9-Stable/notebooks/UAH_example/FINN_build/code_gen_ipgen_MatrixVectorActivation_1_ufvsgxba/project_MatrixVectorActivation_1/sol1/.autopilot/db/MatrixVectorActivation_1.rtl_wrap.cfg.tcl 
Execute     source /home/miguel_tfg/FINN-v0.9-Stable/notebooks/UAH_example/FINN_build/code_gen_ipgen_MatrixVectorActivation_1_ufvsgxba/project_MatrixVectorActivation_1/sol1/.autopilot/db/MatrixVectorActivation_1.rtl_wrap.cfg.tcl 
Execute     source /home/miguel_tfg/FINN-v0.9-Stable/notebooks/UAH_example/FINN_build/code_gen_ipgen_MatrixVectorActivation_1_ufvsgxba/project_MatrixVectorActivation_1/sol1/.autopilot/db/MatrixVectorActivation_1.tbgen.tcl 
Execute     source /home/miguel_tfg/FINN-v0.9-Stable/notebooks/UAH_example/FINN_build/code_gen_ipgen_MatrixVectorActivation_1_ufvsgxba/project_MatrixVectorActivation_1/sol1/.autopilot/db/MatrixVectorActivation_1.tbgen.tcl 
Execute     ap_part_info -name xc7z020-clg400-1 -data names -quiet 
Execute     ap_part_info -name xc7z020-clg400-1 -data info -quiet 
Execute     ap_part_info -name xc7z020-clg400-1 -data names -quiet 
Execute     ap_part_info -name xc7z020-clg400-1 -data info -quiet 
Execute     source /home/miguel_tfg/FINN-v0.9-Stable/notebooks/UAH_example/FINN_build/code_gen_ipgen_MatrixVectorActivation_1_ufvsgxba/project_MatrixVectorActivation_1/sol1/.autopilot/db/MatrixVectorActivation_1.tbgen.tcl 
Execute     source /home/miguel_tfg/FINN-v0.9-Stable/notebooks/UAH_example/FINN_build/code_gen_ipgen_MatrixVectorActivation_1_ufvsgxba/project_MatrixVectorActivation_1/sol1/.autopilot/db/global.setting.tcl 
Execute     source /home/miguel_tfg/FINN-v0.9-Stable/notebooks/UAH_example/FINN_build/code_gen_ipgen_MatrixVectorActivation_1_ufvsgxba/project_MatrixVectorActivation_1/sol1/.autopilot/db/MatrixVectorActivation_1.constraint.tcl 
INFO-FLOW: DBG:PUTS:       generate_ipi_example_script
Execute     ap_part_info -name xc7z020-clg400-1 -data names -quiet 
Execute     ap_part_info -name xc7z020-clg400-1 -data info -quiet 
Execute     ap_part_info -name xc7z020-clg400-1 -data names -quiet 
Execute     ap_part_info -name xc7z020-clg400-1 -data info -quiet 
INFO-FLOW: DBG:PUTS:       generate_syn_sh
Execute     ap_part_info -name xc7z020-clg400-1 -data names -quiet 
Execute     ap_part_info -name xc7z020-clg400-1 -data info -quiet 
Execute     source /home/miguel_tfg/FINN-v0.9-Stable/notebooks/UAH_example/FINN_build/code_gen_ipgen_MatrixVectorActivation_1_ufvsgxba/project_MatrixVectorActivation_1/sol1/.autopilot/db/global.setting.tcl 
INFO-FLOW: DBG:PUTS:       generate_imp_constraints
Execute     ap_part_info -name xc7z020-clg400-1 -data names -quiet 
Execute     ap_part_info -name xc7z020-clg400-1 -data info -quiet 
Execute     source /home/miguel_tfg/FINN-v0.9-Stable/notebooks/UAH_example/FINN_build/code_gen_ipgen_MatrixVectorActivation_1_ufvsgxba/project_MatrixVectorActivation_1/sol1/.autopilot/db/MatrixVectorActivation_1.constraint.tcl 
Execute     source /home/miguel_tfg/FINN-v0.9-Stable/notebooks/UAH_example/FINN_build/code_gen_ipgen_MatrixVectorActivation_1_ufvsgxba/project_MatrixVectorActivation_1/sol1/.autopilot/db/MatrixVectorActivation_1.tbgen.tcl 
INFO-FLOW: DBG:PUTS:       delete-temp-dirs (skipped for debug)
Execute     ap_part_info -name xc7z020-clg400-1 -data names -quiet 
Execute     ap_part_info -name xc7z020-clg400-1 -data info -quiet 
INFO-FLOW: DBG:PUTS: read_platform_lib /home/miguel_tfg/FINN-v0.9-Stable/notebooks/UAH_example/FINN_build/code_gen_ipgen_MatrixVectorActivation_1_ufvsgxba/project_MatrixVectorActivation_1/sol1/.autopilot/db/global.setting.tcl
Execute     source /tools/Xilinx/Vitis_HLS/2022.2/common/technology/generic/autopilot/common.gen 
Execute       source /tools/Xilinx/Vitis_HLS/2022.2/common/technology/generic/autopilot/APCoreGen.gen 
Execute     source /tools/Xilinx/Vitis_HLS/2022.2/common/technology/generic/autopilot/op.gen 
Execute     source /tools/Xilinx/Vitis_HLS/2022.2/common/technology/generic/autopilot/op_simcore.gen 
Execute     source /tools/Xilinx/Vitis_HLS/2022.2/common/technology/generic/autopilot/interface.gen 
Execute     source /home/miguel_tfg/FINN-v0.9-Stable/notebooks/UAH_example/FINN_build/code_gen_ipgen_MatrixVectorActivation_1_ufvsgxba/project_MatrixVectorActivation_1/sol1/.autopilot/db/global.setting.tcl 
Execute     source /tools/Xilinx/Vitis_HLS/2022.2/common/technology/xilinx/common/xilinx.gen 
Execute       source /tools/Xilinx/Vitis_HLS/2022.2/common/technology/xilinx/interface/plb46.gen 
Execute       source /tools/Xilinx/Vitis_HLS/2022.2/common/technology/xilinx/interface/axi4.gen 
Execute       source /tools/Xilinx/Vitis_HLS/2022.2/common/technology/xilinx/interface/nativeAXI4.gen 
Execute         source /tools/Xilinx/Vitis_HLS/2022.2/common/technology/xilinx/interface/saxilite.gen 
Execute       source /tools/Xilinx/Vitis_HLS/2022.2/common/technology/xilinx/scripts/xilinxcoregen.gen 
Execute       source /tools/Xilinx/Vitis_HLS/2022.2/common/technology/xilinx/interface/XilEDKCoreGen.gen 
Execute       source /tools/Xilinx/Vitis_HLS/2022.2/common/technology/xilinx/ip/util.gen 
Execute       source /tools/Xilinx/Vitis_HLS/2022.2/common/technology/xilinx/ip/xfir.gen 
Execute       source /tools/Xilinx/Vitis_HLS/2022.2/common/technology/xilinx/ip/xfft.gen 
Execute       source /tools/Xilinx/Vitis_HLS/2022.2/common/technology/xilinx/ip/dds_compiler.gen 
Execute       source /tools/Xilinx/Vitis_HLS/2022.2/common/technology/xilinx/DSP48/dsp48.gen 
INFO-FLOW: DBG:PUTS:     IP package: exec /home/miguel_tfg/FINN-v0.9-Stable/notebooks/UAH_example/FINN_build/code_gen_ipgen_MatrixVectorActivation_1_ufvsgxba/project_MatrixVectorActivation_1/sol1/impl/ip/pack.sh
INFO-FLOW: DBG:PUTS:     IP package: success /home/miguel_tfg/FINN-v0.9-Stable/notebooks/UAH_example/FINN_build/code_gen_ipgen_MatrixVectorActivation_1_ufvsgxba/project_MatrixVectorActivation_1/sol1/impl/ip/pack.sh
Execute     send_msg_by_id INFO @200-802@%s project_MatrixVectorActivation_1/sol1/impl/export.zip 
INFO: [HLS 200-802] Generated output file project_MatrixVectorActivation_1/sol1/impl/export.zip
Command   export_design done; 11.45 sec.
INFO: [HLS 200-111] Finished Command export_design CPU user time: 8.44 seconds. CPU system time: 0.72 seconds. Elapsed time: 11.45 seconds; current allocated memory: 2.129 MB.
Execute   cleanup_all 
