

================================================================
== Vitis HLS Report for 'Matrix_Vector_Activate_Stream_Batch'
================================================================
* Date:           Fri Jun 12 09:16:39 2026

* Version:        2022.2.2 (Build 3779808 on Feb 17 2023)
* Project:        project_MatrixVectorActivation_1
* Solution:       sol1 (Vivado IP Flow Target)
* Product family: zynq
* Target device:  xc7z020-clg400-1


================================================================
== Performance Estimates
================================================================
+ Timing: 
    * Summary: 
    +--------+----------+----------+------------+
    |  Clock |  Target  | Estimated| Uncertainty|
    +--------+----------+----------+------------+
    |ap_clk  |  10.00 ns|  7.591 ns|     2.70 ns|
    +--------+----------+----------+------------+

+ Latency: 
    * Summary: 
    +---------+---------+-----------+-----------+---------+---------+---------+
    |  Latency (cycles) |   Latency (absolute)  |      Interval     | Pipeline|
    |   min   |   max   |    min    |    max    |   min   |   max   |   Type  |
    +---------+---------+-----------+-----------+---------+---------+---------+
    |  4718599|  4718599|  47.186 ms|  47.186 ms|  4718599|  4718599|       no|
    +---------+---------+-----------+-----------+---------+---------+---------+

    + Detail: 
        * Instance: 
        N/A

        * Loop: 
        +--------------------+---------+---------+----------+-----------+-----------+---------+----------+
        |                    |  Latency (cycles) | Iteration|  Initiation Interval  |   Trip  |          |
        |      Loop Name     |   min   |   max   |  Latency |  achieved |   target  |  Count  | Pipelined|
        +--------------------+---------+---------+----------+-----------+-----------+---------+----------+
        |- VITIS_LOOP_249_1  |  4718597|  4718597|         7|          1|          1|  4718592|  yes(flp)|
        +--------------------+---------+---------+----------+-----------+-----------+---------+----------+



================================================================
== Utilization Estimates
================================================================
* Summary: 
+-----------------+---------+-----+--------+-------+-----+
|       Name      | BRAM_18K| DSP |   FF   |  LUT  | URAM|
+-----------------+---------+-----+--------+-------+-----+
|DSP              |        -|    1|       -|      -|    -|
|Expression       |        -|    -|       0|    568|    -|
|FIFO             |        -|    -|       -|      -|    -|
|Instance         |        -|    -|       0|    769|    -|
|Memory           |        0|    -|     137|     73|    -|
|Multiplexer      |        -|    -|       -|    215|    -|
|Register         |        -|    -|     844|      -|    -|
+-----------------+---------+-----+--------+-------+-----+
|Total            |        0|    1|     981|   1625|    0|
+-----------------+---------+-----+--------+-------+-----+
|Available        |      280|  220|  106400|  53200|    0|
+-----------------+---------+-----+--------+-------+-----+
|Utilization (%)  |        0|   ~0|      ~0|      3|    0|
+-----------------+---------+-----+--------+-------+-----+

+ Detail: 
    * Instance: 
    +-------------------+----------------+---------+----+---+-----+-----+
    |      Instance     |     Module     | BRAM_18K| DSP| FF| LUT | URAM|
    +-------------------+----------------+---------+----+---+-----+-----+
    |mux_1448_4_1_1_U1  |mux_1448_4_1_1  |        0|   0|  0|  769|    0|
    +-------------------+----------------+---------+----+---+-----+-----+
    |Total              |                |        0|   0|  0|  769|    0|
    +-------------------+----------------+---------+----+---+-----+-----+

    * DSP: 
    +---------------------------------+------------------------------+--------------+
    |             Instance            |            Module            |  Expression  |
    +---------------------------------+------------------------------+--------------+
    |mac_muladd_4ns_4s_13s_13_4_1_U2  |mac_muladd_4ns_4s_13s_13_4_1  |  i0 + i1 * i2|
    +---------------------------------+------------------------------+--------------+

    * Memory: 
    +-------------------+-----------------------------------------------------------------+---------+----+----+-----+------+-----+------+-------------+
    |       Memory      |                              Module                             | BRAM_18K| FF | LUT| URAM| Words| Bits| Banks| W*Bits*Banks|
    +-------------------+-----------------------------------------------------------------+---------+----+----+-----+------+-----+------+-------------+
    |p_ZL7threshs_0_U   |Matrix_Vector_Activate_Stream_Batch_p_ZL7threshs_0_ROM_AUTO_1R   |        0|   8|   4|    0|    32|    8|     1|          256|
    |p_ZL7threshs_10_U  |Matrix_Vector_Activate_Stream_Batch_p_ZL7threshs_10_ROM_AUTO_1R  |        0|   9|   5|    0|    32|    9|     1|          288|
    |p_ZL7threshs_11_U  |Matrix_Vector_Activate_Stream_Batch_p_ZL7threshs_11_ROM_AUTO_1R  |        0|  10|   5|    0|    32|   10|     1|          320|
    |p_ZL7threshs_12_U  |Matrix_Vector_Activate_Stream_Batch_p_ZL7threshs_12_ROM_AUTO_1R  |        0|  10|   5|    0|    32|   10|     1|          320|
    |p_ZL7threshs_13_U  |Matrix_Vector_Activate_Stream_Batch_p_ZL7threshs_13_ROM_AUTO_1R  |        0|  10|   5|    0|    32|   10|     1|          320|
    |p_ZL7threshs_14_U  |Matrix_Vector_Activate_Stream_Batch_p_ZL7threshs_14_ROM_AUTO_1R  |        0|  10|   5|    0|    32|   10|     1|          320|
    |p_ZL7threshs_1_U   |Matrix_Vector_Activate_Stream_Batch_p_ZL7threshs_1_ROM_AUTO_1R   |        0|   9|   5|    0|    32|    9|     1|          288|
    |p_ZL7threshs_2_U   |Matrix_Vector_Activate_Stream_Batch_p_ZL7threshs_2_ROM_AUTO_1R   |        0|   9|   5|    0|    32|    9|     1|          288|
    |p_ZL7threshs_3_U   |Matrix_Vector_Activate_Stream_Batch_p_ZL7threshs_3_ROM_AUTO_1R   |        0|   8|   4|    0|    32|    8|     1|          256|
    |p_ZL7threshs_4_U   |Matrix_Vector_Activate_Stream_Batch_p_ZL7threshs_4_ROM_AUTO_1R   |        0|   9|   5|    0|    32|    9|     1|          288|
    |p_ZL7threshs_5_U   |Matrix_Vector_Activate_Stream_Batch_p_ZL7threshs_5_ROM_AUTO_1R   |        0|   9|   5|    0|    32|    9|     1|          288|
    |p_ZL7threshs_6_U   |Matrix_Vector_Activate_Stream_Batch_p_ZL7threshs_6_ROM_AUTO_1R   |        0|   9|   5|    0|    32|    9|     1|          288|
    |p_ZL7threshs_7_U   |Matrix_Vector_Activate_Stream_Batch_p_ZL7threshs_7_ROM_AUTO_1R   |        0|   9|   5|    0|    32|    9|     1|          288|
    |p_ZL7threshs_8_U   |Matrix_Vector_Activate_Stream_Batch_p_ZL7threshs_8_ROM_AUTO_1R   |        0|   9|   5|    0|    32|    9|     1|          288|
    |p_ZL7threshs_9_U   |Matrix_Vector_Activate_Stream_Batch_p_ZL7threshs_9_ROM_AUTO_1R   |        0|   9|   5|    0|    32|    9|     1|          288|
    +-------------------+-----------------------------------------------------------------+---------+----+----+-----+------+-----+------+-------------+
    |Total              |                                                                 |        0| 137|  73|    0|   480|  137|    15|         4384|
    +-------------------+-----------------------------------------------------------------+---------+----+----+-----+------+-----+------+-------------+

    * FIFO: 
    N/A

    * Expression: 
    +----------------------------------+----------+----+---+----+------------+------------+
    |           Variable Name          | Operation| DSP| FF| LUT| Bitwidth P0| Bitwidth P1|
    +----------------------------------+----------+----+---+----+------------+------------+
    |add_ln840_10_fu_3144_p2           |         +|   0|  0|  10|           2|           2|
    |add_ln840_11_fu_3154_p2           |         +|   0|  0|  10|           2|           2|
    |add_ln840_12_fu_3164_p2           |         +|   0|  0|  11|           3|           3|
    |add_ln840_13_fu_3179_p2           |         +|   0|  0|   7|           4|           4|
    |add_ln840_1_fu_3070_p2            |         +|   0|  0|   2|           2|           2|
    |add_ln840_2_fu_3076_p2            |         +|   0|  0|   2|           2|           2|
    |add_ln840_3_fu_3086_p2            |         +|   0|  0|  10|           2|           2|
    |add_ln840_4_fu_3096_p2            |         +|   0|  0|  10|           2|           2|
    |add_ln840_5_fu_3106_p2            |         +|   0|  0|   4|           3|           3|
    |add_ln840_6_fu_3112_p2            |         +|   0|  0|   4|           3|           3|
    |add_ln840_7_fu_3118_p2            |         +|   0|  0|  10|           2|           2|
    |add_ln840_8_fu_3128_p2            |         +|   0|  0|  10|           2|           2|
    |add_ln840_9_fu_3138_p2            |         +|   0|  0|  11|           3|           3|
    |i_2_fu_1229_p2                    |         +|   0|  0|  30|          23|           1|
    |nf_fu_2726_p2                     |         +|   0|  0|  39|          32|           1|
    |result_V_2_fu_3185_p2             |         +|   0|  0|   7|           4|           4|
    |sf_2_fu_2709_p2                   |         +|   0|  0|  39|          32|           1|
    |ap_block_state7_io                |       and|   0|  0|   2|           1|           1|
    |ap_condition_2547                 |       and|   0|  0|   2|           1|           1|
    |ap_predicate_op323_read_state1    |       and|   0|  0|   2|           1|           1|
    |ap_predicate_op777_write_state7   |       and|   0|  0|   2|           1|           1|
    |icmp_ln1039_10_fu_2890_p2         |      icmp|   0|  0|  12|          13|          13|
    |icmp_ln1039_11_fu_2899_p2         |      icmp|   0|  0|  12|          13|          13|
    |icmp_ln1039_12_fu_2908_p2         |      icmp|   0|  0|  12|          13|          13|
    |icmp_ln1039_13_fu_2917_p2         |      icmp|   0|  0|  12|          13|          13|
    |icmp_ln1039_14_fu_2926_p2         |      icmp|   0|  0|  12|          13|          13|
    |icmp_ln1039_1_fu_2809_p2          |      icmp|   0|  0|  12|          13|          13|
    |icmp_ln1039_2_fu_2818_p2          |      icmp|   0|  0|  12|          13|          13|
    |icmp_ln1039_3_fu_2827_p2          |      icmp|   0|  0|  12|          13|          13|
    |icmp_ln1039_4_fu_2836_p2          |      icmp|   0|  0|  12|          13|          13|
    |icmp_ln1039_5_fu_2845_p2          |      icmp|   0|  0|  12|          13|          13|
    |icmp_ln1039_6_fu_2854_p2          |      icmp|   0|  0|  12|          13|          13|
    |icmp_ln1039_7_fu_2863_p2          |      icmp|   0|  0|  12|          13|          13|
    |icmp_ln1039_8_fu_2872_p2          |      icmp|   0|  0|  12|          13|          13|
    |icmp_ln1039_9_fu_2881_p2          |      icmp|   0|  0|  12|          13|          13|
    |icmp_ln1039_fu_2800_p2            |      icmp|   0|  0|  12|          13|          13|
    |icmp_ln249_fu_1223_p2             |      icmp|   0|  0|  15|          23|          23|
    |icmp_ln253_fu_1235_p2             |      icmp|   0|  0|  18|          32|           1|
    |icmp_ln272_fu_2703_p2             |      icmp|   0|  0|  18|          32|           1|
    |icmp_ln290_fu_2715_p2             |      icmp|   0|  0|  18|          32|           8|
    |icmp_ln302_fu_2732_p2             |      icmp|   0|  0|  18|          32|           6|
    |ap_block_state1_pp0_stage0_iter0  |        or|   0|  0|   2|           1|           1|
    |grp_fu_3196_p2                    |    select|   0|  0|  13|           1|           1|
    |nf_3_fu_2738_p3                   |    select|   0|  0|  32|           1|           1|
    |result_V_fu_2935_p2               |       xor|   0|  0|   2|           1|           2|
    |xor_ln1039_10_fu_3034_p2          |       xor|   0|  0|   2|           1|           2|
    |xor_ln1039_11_fu_3043_p2          |       xor|   0|  0|   2|           1|           2|
    |xor_ln1039_12_fu_3052_p2          |       xor|   0|  0|   2|           1|           2|
    |xor_ln1039_13_fu_3061_p2          |       xor|   0|  0|   2|           1|           2|
    |xor_ln1039_1_fu_2953_p2           |       xor|   0|  0|   2|           1|           2|
    |xor_ln1039_2_fu_2962_p2           |       xor|   0|  0|   2|           1|           2|
    |xor_ln1039_3_fu_2971_p2           |       xor|   0|  0|   2|           1|           2|
    |xor_ln1039_4_fu_2980_p2           |       xor|   0|  0|   2|           1|           2|
    |xor_ln1039_5_fu_2989_p2           |       xor|   0|  0|   2|           1|           2|
    |xor_ln1039_6_fu_2998_p2           |       xor|   0|  0|   2|           1|           2|
    |xor_ln1039_7_fu_3007_p2           |       xor|   0|  0|   2|           1|           2|
    |xor_ln1039_8_fu_3016_p2           |       xor|   0|  0|   2|           1|           2|
    |xor_ln1039_9_fu_3025_p2           |       xor|   0|  0|   2|           1|           2|
    |xor_ln1039_fu_2944_p2             |       xor|   0|  0|   2|           1|           2|
    +----------------------------------+----------+----+---+----+------------+------------+
    |Total                             |          |   0|  0| 568|         491|         310|
    +----------------------------------+----------+----+---+----+------------+------------+

    * Multiplexer: 
    +----------------------------------------+----+-----------+-----+-----------+
    |                  Name                  | LUT| Input Size| Bits| Total Bits|
    +----------------------------------------+----+-----------+-----+-----------+
    |ap_NS_iter1_fsm                         |  14|          3|    2|          6|
    |ap_NS_iter2_fsm                         |  14|          3|    2|          6|
    |ap_NS_iter3_fsm                         |  14|          3|    2|          6|
    |ap_NS_iter4_fsm                         |  14|          3|    2|          6|
    |ap_NS_iter5_fsm                         |  14|          3|    2|          6|
    |ap_NS_iter6_fsm                         |  14|          3|    2|          6|
    |ap_done_int                             |   9|          2|    1|          2|
    |ap_loop_exit_ready_pp0_iter6_reg        |   9|          2|    1|          2|
    |ap_phi_mux_inElem_1_phi_fu_1193_p4      |   9|          2|    4|          8|
    |ap_phi_reg_pp0_iter1_inElem_1_reg_1190  |   9|          2|    4|          8|
    |ap_sig_allocacmp_add_i4_i338_load       |   9|          2|   13|         26|
    |ap_sig_allocacmp_i_1                    |   9|          2|   23|         46|
    |ap_sig_allocacmp_nf_2                   |   9|          2|   32|         64|
    |ap_sig_allocacmp_sf_1                   |   9|          2|   32|         64|
    |i_fu_388                                |   9|          2|   23|         46|
    |in0_V_TDATA_blk_n                       |   9|          2|    1|          2|
    |nf_1_fu_972                             |   9|          2|   32|         64|
    |out_V_TDATA_blk_n                       |   9|          2|    1|          2|
    |sf_fu_384                               |  14|          3|   32|         96|
    |weights_V_TDATA_blk_n                   |   9|          2|    1|          2|
    +----------------------------------------+----+-----------+-----+-----------+
    |Total                                   | 215|         47|  212|        468|
    +----------------------------------------+----+-----------+-----+-----------+

    * Register: 
    +----------------------------------------+----+----+-----+-----------+
    |                  Name                  | FF | LUT| Bits| Const Bits|
    +----------------------------------------+----+----+-----+-----------+
    |W_packed_V_reg_4138                     |   4|   0|    4|          0|
    |add_i4_i338_fu_392                      |  13|   0|   13|          0|
    |add_ln840_12_reg_4327                   |   3|   0|    3|          0|
    |add_ln840_6_reg_4317                    |   3|   0|    3|          0|
    |add_ln840_9_reg_4322                    |   3|   0|    3|          0|
    |ap_CS_iter0_fsm                         |   1|   0|    1|          0|
    |ap_CS_iter1_fsm                         |   2|   0|    2|          0|
    |ap_CS_iter2_fsm                         |   2|   0|    2|          0|
    |ap_CS_iter3_fsm                         |   2|   0|    2|          0|
    |ap_CS_iter4_fsm                         |   2|   0|    2|          0|
    |ap_CS_iter5_fsm                         |   2|   0|    2|          0|
    |ap_CS_iter6_fsm                         |   2|   0|    2|          0|
    |ap_done_reg                             |   1|   0|    1|          0|
    |ap_loop_exit_ready_pp0_iter1_reg        |   1|   0|    1|          0|
    |ap_loop_exit_ready_pp0_iter2_reg        |   1|   0|    1|          0|
    |ap_loop_exit_ready_pp0_iter3_reg        |   1|   0|    1|          0|
    |ap_loop_exit_ready_pp0_iter4_reg        |   1|   0|    1|          0|
    |ap_loop_exit_ready_pp0_iter5_reg        |   1|   0|    1|          0|
    |ap_loop_exit_ready_pp0_iter6_reg        |   1|   0|    1|          0|
    |ap_phi_reg_pp0_iter1_inElem_1_reg_1190  |   4|   0|    4|          0|
    |i_fu_388                                |  23|   0|   23|          0|
    |icmp_ln1039_10_reg_4292                 |   1|   0|    1|          0|
    |icmp_ln1039_11_reg_4297                 |   1|   0|    1|          0|
    |icmp_ln1039_12_reg_4302                 |   1|   0|    1|          0|
    |icmp_ln1039_13_reg_4307                 |   1|   0|    1|          0|
    |icmp_ln1039_14_reg_4312                 |   1|   0|    1|          0|
    |icmp_ln1039_1_reg_4247                  |   1|   0|    1|          0|
    |icmp_ln1039_2_reg_4252                  |   1|   0|    1|          0|
    |icmp_ln1039_3_reg_4257                  |   1|   0|    1|          0|
    |icmp_ln1039_4_reg_4262                  |   1|   0|    1|          0|
    |icmp_ln1039_5_reg_4267                  |   1|   0|    1|          0|
    |icmp_ln1039_6_reg_4272                  |   1|   0|    1|          0|
    |icmp_ln1039_7_reg_4277                  |   1|   0|    1|          0|
    |icmp_ln1039_8_reg_4282                  |   1|   0|    1|          0|
    |icmp_ln1039_9_reg_4287                  |   1|   0|    1|          0|
    |icmp_ln1039_reg_4242                    |   1|   0|    1|          0|
    |icmp_ln249_reg_4117                     |   1|   0|    1|          0|
    |icmp_ln249_reg_4117_pp0_iter1_reg       |   1|   0|    1|          0|
    |icmp_ln249_reg_4117_pp0_iter2_reg       |   1|   0|    1|          0|
    |icmp_ln249_reg_4117_pp0_iter3_reg       |   1|   0|    1|          0|
    |icmp_ln249_reg_4117_pp0_iter4_reg       |   1|   0|    1|          0|
    |icmp_ln249_reg_4117_pp0_iter5_reg       |   1|   0|    1|          0|
    |icmp_ln253_reg_4121                     |   1|   0|    1|          0|
    |icmp_ln272_reg_4143                     |   1|   0|    1|          0|
    |icmp_ln272_reg_4143_pp0_iter1_reg       |   1|   0|    1|          0|
    |icmp_ln272_reg_4143_pp0_iter2_reg       |   1|   0|    1|          0|
    |icmp_ln290_reg_4148                     |   1|   0|    1|          0|
    |icmp_ln290_reg_4148_pp0_iter1_reg       |   1|   0|    1|          0|
    |icmp_ln290_reg_4148_pp0_iter2_reg       |   1|   0|    1|          0|
    |icmp_ln290_reg_4148_pp0_iter3_reg       |   1|   0|    1|          0|
    |icmp_ln290_reg_4148_pp0_iter4_reg       |   1|   0|    1|          0|
    |icmp_ln290_reg_4148_pp0_iter5_reg       |   1|   0|    1|          0|
    |inElem_reg_4130                         |   4|   0|    4|          0|
    |inputBuf_V_100_fu_796                   |   4|   0|    4|          0|
    |inputBuf_V_101_fu_800                   |   4|   0|    4|          0|
    |inputBuf_V_102_fu_804                   |   4|   0|    4|          0|
    |inputBuf_V_103_fu_808                   |   4|   0|    4|          0|
    |inputBuf_V_104_fu_812                   |   4|   0|    4|          0|
    |inputBuf_V_105_fu_816                   |   4|   0|    4|          0|
    |inputBuf_V_106_fu_820                   |   4|   0|    4|          0|
    |inputBuf_V_107_fu_824                   |   4|   0|    4|          0|
    |inputBuf_V_108_fu_828                   |   4|   0|    4|          0|
    |inputBuf_V_109_fu_832                   |   4|   0|    4|          0|
    |inputBuf_V_10_fu_436                    |   4|   0|    4|          0|
    |inputBuf_V_110_fu_836                   |   4|   0|    4|          0|
    |inputBuf_V_111_fu_840                   |   4|   0|    4|          0|
    |inputBuf_V_112_fu_844                   |   4|   0|    4|          0|
    |inputBuf_V_113_fu_848                   |   4|   0|    4|          0|
    |inputBuf_V_114_fu_852                   |   4|   0|    4|          0|
    |inputBuf_V_115_fu_856                   |   4|   0|    4|          0|
    |inputBuf_V_116_fu_860                   |   4|   0|    4|          0|
    |inputBuf_V_117_fu_864                   |   4|   0|    4|          0|
    |inputBuf_V_118_fu_868                   |   4|   0|    4|          0|
    |inputBuf_V_119_fu_872                   |   4|   0|    4|          0|
    |inputBuf_V_11_fu_440                    |   4|   0|    4|          0|
    |inputBuf_V_120_fu_876                   |   4|   0|    4|          0|
    |inputBuf_V_121_fu_880                   |   4|   0|    4|          0|
    |inputBuf_V_122_fu_884                   |   4|   0|    4|          0|
    |inputBuf_V_123_fu_888                   |   4|   0|    4|          0|
    |inputBuf_V_124_fu_892                   |   4|   0|    4|          0|
    |inputBuf_V_125_fu_896                   |   4|   0|    4|          0|
    |inputBuf_V_126_fu_900                   |   4|   0|    4|          0|
    |inputBuf_V_127_fu_904                   |   4|   0|    4|          0|
    |inputBuf_V_128_fu_908                   |   4|   0|    4|          0|
    |inputBuf_V_129_fu_912                   |   4|   0|    4|          0|
    |inputBuf_V_12_fu_444                    |   4|   0|    4|          0|
    |inputBuf_V_130_fu_916                   |   4|   0|    4|          0|
    |inputBuf_V_131_fu_920                   |   4|   0|    4|          0|
    |inputBuf_V_132_fu_924                   |   4|   0|    4|          0|
    |inputBuf_V_133_fu_928                   |   4|   0|    4|          0|
    |inputBuf_V_134_fu_932                   |   4|   0|    4|          0|
    |inputBuf_V_135_fu_936                   |   4|   0|    4|          0|
    |inputBuf_V_136_fu_940                   |   4|   0|    4|          0|
    |inputBuf_V_137_fu_944                   |   4|   0|    4|          0|
    |inputBuf_V_138_fu_948                   |   4|   0|    4|          0|
    |inputBuf_V_139_fu_952                   |   4|   0|    4|          0|
    |inputBuf_V_13_fu_448                    |   4|   0|    4|          0|
    |inputBuf_V_140_fu_956                   |   4|   0|    4|          0|
    |inputBuf_V_141_fu_960                   |   4|   0|    4|          0|
    |inputBuf_V_142_fu_964                   |   4|   0|    4|          0|
    |inputBuf_V_143_fu_968                   |   4|   0|    4|          0|
    |inputBuf_V_14_fu_452                    |   4|   0|    4|          0|
    |inputBuf_V_15_fu_456                    |   4|   0|    4|          0|
    |inputBuf_V_16_fu_460                    |   4|   0|    4|          0|
    |inputBuf_V_17_fu_464                    |   4|   0|    4|          0|
    |inputBuf_V_18_fu_468                    |   4|   0|    4|          0|
    |inputBuf_V_19_fu_472                    |   4|   0|    4|          0|
    |inputBuf_V_1_fu_400                     |   4|   0|    4|          0|
    |inputBuf_V_20_fu_476                    |   4|   0|    4|          0|
    |inputBuf_V_21_fu_480                    |   4|   0|    4|          0|
    |inputBuf_V_22_fu_484                    |   4|   0|    4|          0|
    |inputBuf_V_23_fu_488                    |   4|   0|    4|          0|
    |inputBuf_V_24_fu_492                    |   4|   0|    4|          0|
    |inputBuf_V_25_fu_496                    |   4|   0|    4|          0|
    |inputBuf_V_26_fu_500                    |   4|   0|    4|          0|
    |inputBuf_V_27_fu_504                    |   4|   0|    4|          0|
    |inputBuf_V_28_fu_508                    |   4|   0|    4|          0|
    |inputBuf_V_29_fu_512                    |   4|   0|    4|          0|
    |inputBuf_V_2_fu_404                     |   4|   0|    4|          0|
    |inputBuf_V_30_fu_516                    |   4|   0|    4|          0|
    |inputBuf_V_31_fu_520                    |   4|   0|    4|          0|
    |inputBuf_V_32_fu_524                    |   4|   0|    4|          0|
    |inputBuf_V_33_fu_528                    |   4|   0|    4|          0|
    |inputBuf_V_34_fu_532                    |   4|   0|    4|          0|
    |inputBuf_V_35_fu_536                    |   4|   0|    4|          0|
    |inputBuf_V_36_fu_540                    |   4|   0|    4|          0|
    |inputBuf_V_37_fu_544                    |   4|   0|    4|          0|
    |inputBuf_V_38_fu_548                    |   4|   0|    4|          0|
    |inputBuf_V_39_fu_552                    |   4|   0|    4|          0|
    |inputBuf_V_3_fu_408                     |   4|   0|    4|          0|
    |inputBuf_V_40_fu_556                    |   4|   0|    4|          0|
    |inputBuf_V_41_fu_560                    |   4|   0|    4|          0|
    |inputBuf_V_42_fu_564                    |   4|   0|    4|          0|
    |inputBuf_V_43_fu_568                    |   4|   0|    4|          0|
    |inputBuf_V_44_fu_572                    |   4|   0|    4|          0|
    |inputBuf_V_45_fu_576                    |   4|   0|    4|          0|
    |inputBuf_V_46_fu_580                    |   4|   0|    4|          0|
    |inputBuf_V_47_fu_584                    |   4|   0|    4|          0|
    |inputBuf_V_48_fu_588                    |   4|   0|    4|          0|
    |inputBuf_V_49_fu_592                    |   4|   0|    4|          0|
    |inputBuf_V_4_fu_412                     |   4|   0|    4|          0|
    |inputBuf_V_50_fu_596                    |   4|   0|    4|          0|
    |inputBuf_V_51_fu_600                    |   4|   0|    4|          0|
    |inputBuf_V_52_fu_604                    |   4|   0|    4|          0|
    |inputBuf_V_53_fu_608                    |   4|   0|    4|          0|
    |inputBuf_V_54_fu_612                    |   4|   0|    4|          0|
    |inputBuf_V_55_fu_616                    |   4|   0|    4|          0|
    |inputBuf_V_56_fu_620                    |   4|   0|    4|          0|
    |inputBuf_V_57_fu_624                    |   4|   0|    4|          0|
    |inputBuf_V_58_fu_628                    |   4|   0|    4|          0|
    |inputBuf_V_59_fu_632                    |   4|   0|    4|          0|
    |inputBuf_V_5_fu_416                     |   4|   0|    4|          0|
    |inputBuf_V_60_fu_636                    |   4|   0|    4|          0|
    |inputBuf_V_61_fu_640                    |   4|   0|    4|          0|
    |inputBuf_V_62_fu_644                    |   4|   0|    4|          0|
    |inputBuf_V_63_fu_648                    |   4|   0|    4|          0|
    |inputBuf_V_64_fu_652                    |   4|   0|    4|          0|
    |inputBuf_V_65_fu_656                    |   4|   0|    4|          0|
    |inputBuf_V_66_fu_660                    |   4|   0|    4|          0|
    |inputBuf_V_67_fu_664                    |   4|   0|    4|          0|
    |inputBuf_V_68_fu_668                    |   4|   0|    4|          0|
    |inputBuf_V_69_fu_672                    |   4|   0|    4|          0|
    |inputBuf_V_6_fu_420                     |   4|   0|    4|          0|
    |inputBuf_V_70_fu_676                    |   4|   0|    4|          0|
    |inputBuf_V_71_fu_680                    |   4|   0|    4|          0|
    |inputBuf_V_72_fu_684                    |   4|   0|    4|          0|
    |inputBuf_V_73_fu_688                    |   4|   0|    4|          0|
    |inputBuf_V_74_fu_692                    |   4|   0|    4|          0|
    |inputBuf_V_75_fu_696                    |   4|   0|    4|          0|
    |inputBuf_V_76_fu_700                    |   4|   0|    4|          0|
    |inputBuf_V_77_fu_704                    |   4|   0|    4|          0|
    |inputBuf_V_78_fu_708                    |   4|   0|    4|          0|
    |inputBuf_V_79_fu_712                    |   4|   0|    4|          0|
    |inputBuf_V_7_fu_424                     |   4|   0|    4|          0|
    |inputBuf_V_80_fu_716                    |   4|   0|    4|          0|
    |inputBuf_V_81_fu_720                    |   4|   0|    4|          0|
    |inputBuf_V_82_fu_724                    |   4|   0|    4|          0|
    |inputBuf_V_83_fu_728                    |   4|   0|    4|          0|
    |inputBuf_V_84_fu_732                    |   4|   0|    4|          0|
    |inputBuf_V_85_fu_736                    |   4|   0|    4|          0|
    |inputBuf_V_86_fu_740                    |   4|   0|    4|          0|
    |inputBuf_V_87_fu_744                    |   4|   0|    4|          0|
    |inputBuf_V_88_fu_748                    |   4|   0|    4|          0|
    |inputBuf_V_89_fu_752                    |   4|   0|    4|          0|
    |inputBuf_V_8_fu_428                     |   4|   0|    4|          0|
    |inputBuf_V_90_fu_756                    |   4|   0|    4|          0|
    |inputBuf_V_91_fu_760                    |   4|   0|    4|          0|
    |inputBuf_V_92_fu_764                    |   4|   0|    4|          0|
    |inputBuf_V_93_fu_768                    |   4|   0|    4|          0|
    |inputBuf_V_94_fu_772                    |   4|   0|    4|          0|
    |inputBuf_V_95_fu_776                    |   4|   0|    4|          0|
    |inputBuf_V_96_fu_780                    |   4|   0|    4|          0|
    |inputBuf_V_97_fu_784                    |   4|   0|    4|          0|
    |inputBuf_V_98_fu_788                    |   4|   0|    4|          0|
    |inputBuf_V_99_fu_792                    |   4|   0|    4|          0|
    |inputBuf_V_9_fu_432                     |   4|   0|    4|          0|
    |inputBuf_V_fu_396                       |   4|   0|    4|          0|
    |nf_1_fu_972                             |  32|   0|   32|          0|
    |nf_2_reg_4112                           |  32|   0|   32|          0|
    |nf_2_reg_4112_pp0_iter1_reg             |  32|   0|   32|          0|
    |nf_2_reg_4112_pp0_iter2_reg             |  32|   0|   32|          0|
    |sf_fu_384                               |  32|   0|   32|          0|
    +----------------------------------------+----+----+-----+-----------+
    |Total                                   | 844|   0|  844|          0|
    +----------------------------------------+----+----+-----+-----------+



================================================================
== Interface
================================================================
* Summary: 
+------------------+-----+-----+------------+-------------------------------------+--------------+
|     RTL Ports    | Dir | Bits|  Protocol  |            Source Object            |    C Type    |
+------------------+-----+-----+------------+-------------------------------------+--------------+
|ap_clk            |   in|    1|  ap_ctrl_hs|  Matrix_Vector_Activate_Stream_Batch|  return value|
|ap_rst            |   in|    1|  ap_ctrl_hs|  Matrix_Vector_Activate_Stream_Batch|  return value|
|ap_start          |   in|    1|  ap_ctrl_hs|  Matrix_Vector_Activate_Stream_Batch|  return value|
|ap_done           |  out|    1|  ap_ctrl_hs|  Matrix_Vector_Activate_Stream_Batch|  return value|
|ap_idle           |  out|    1|  ap_ctrl_hs|  Matrix_Vector_Activate_Stream_Batch|  return value|
|ap_ready          |  out|    1|  ap_ctrl_hs|  Matrix_Vector_Activate_Stream_Batch|  return value|
|in0_V_TVALID      |   in|    1|        axis|                                in0_V|       pointer|
|in0_V_TDATA       |   in|    8|        axis|                                in0_V|       pointer|
|in0_V_TREADY      |  out|    1|        axis|                                in0_V|       pointer|
|weights_V_TVALID  |   in|    1|        axis|                            weights_V|       pointer|
|weights_V_TDATA   |   in|    8|        axis|                            weights_V|       pointer|
|weights_V_TREADY  |  out|    1|        axis|                            weights_V|       pointer|
|out_V_TREADY      |   in|    1|        axis|                                out_V|       pointer|
|out_V_TDATA       |  out|    8|        axis|                                out_V|       pointer|
|out_V_TVALID      |  out|    1|        axis|                                out_V|       pointer|
+------------------+-----+-----+------------+-------------------------------------+--------------+

============================================================
+ Verbose Summary: Synthesis Manager
============================================================
InlineROM: 1
ExposeGlobal: 0
============================================================
+ Verbose Summary: CDFG Model
============================================================
IsTopModel: 0
ResetActiveHigh: 1
IsCombinational: 2
IsDatapathOnly: 2
HasWiredReturn: 1
HasMFsm: 1
HasVarLatency: 1
IsPipeline: 0
IsRtlPipelined: 0
IsInstanceOverlapped: 0
IsDontTouch: 0
HasImplIP: 0
IsGatedGlobalClock: 0

+ Individual pipeline summary: 
  * Pipeline-0: initiation interval (II) = 1, depth = 7


============================================================
+ Verbose Summary: Schedule
============================================================
* Number of FSM states : 7
* Pipeline : 1
  Pipeline-0 : II = 1, D = 7, States = { 1 2 3 4 5 6 7 }
* Dataflow Pipeline: 0

* FSM state transitions: 
1 --> 2 
2 --> 3 
3 --> 4 
4 --> 5 
5 --> 6 
6 --> 7 
7 --> 

* FSM state operations: 

State 1 <SV = 0> <Delay = 7.59>
ST_1 : Operation 10 [1/1] (0.00ns)   --->   "%sf = alloca i32 1"   --->   Operation 10 'alloca' 'sf' <Predicate = true> <Delay = 0.00>
ST_1 : Operation 11 [1/1] (0.00ns)   --->   "%i = alloca i32 1"   --->   Operation 11 'alloca' 'i' <Predicate = true> <Delay = 0.00>
ST_1 : Operation 12 [1/1] (0.00ns)   --->   "%add_i4_i338 = alloca i32 1"   --->   Operation 12 'alloca' 'add_i4_i338' <Predicate = true> <Delay = 0.00>
ST_1 : Operation 13 [1/1] (0.00ns)   --->   "%inputBuf_V = alloca i32 1"   --->   Operation 13 'alloca' 'inputBuf_V' <Predicate = true> <Delay = 0.00>
ST_1 : Operation 14 [1/1] (0.00ns)   --->   "%inputBuf_V_1 = alloca i32 1"   --->   Operation 14 'alloca' 'inputBuf_V_1' <Predicate = true> <Delay = 0.00>
ST_1 : Operation 15 [1/1] (0.00ns)   --->   "%inputBuf_V_2 = alloca i32 1"   --->   Operation 15 'alloca' 'inputBuf_V_2' <Predicate = true> <Delay = 0.00>
ST_1 : Operation 16 [1/1] (0.00ns)   --->   "%inputBuf_V_3 = alloca i32 1"   --->   Operation 16 'alloca' 'inputBuf_V_3' <Predicate = true> <Delay = 0.00>
ST_1 : Operation 17 [1/1] (0.00ns)   --->   "%inputBuf_V_4 = alloca i32 1"   --->   Operation 17 'alloca' 'inputBuf_V_4' <Predicate = true> <Delay = 0.00>
ST_1 : Operation 18 [1/1] (0.00ns)   --->   "%inputBuf_V_5 = alloca i32 1"   --->   Operation 18 'alloca' 'inputBuf_V_5' <Predicate = true> <Delay = 0.00>
ST_1 : Operation 19 [1/1] (0.00ns)   --->   "%inputBuf_V_6 = alloca i32 1"   --->   Operation 19 'alloca' 'inputBuf_V_6' <Predicate = true> <Delay = 0.00>
ST_1 : Operation 20 [1/1] (0.00ns)   --->   "%inputBuf_V_7 = alloca i32 1"   --->   Operation 20 'alloca' 'inputBuf_V_7' <Predicate = true> <Delay = 0.00>
ST_1 : Operation 21 [1/1] (0.00ns)   --->   "%inputBuf_V_8 = alloca i32 1"   --->   Operation 21 'alloca' 'inputBuf_V_8' <Predicate = true> <Delay = 0.00>
ST_1 : Operation 22 [1/1] (0.00ns)   --->   "%inputBuf_V_9 = alloca i32 1"   --->   Operation 22 'alloca' 'inputBuf_V_9' <Predicate = true> <Delay = 0.00>
ST_1 : Operation 23 [1/1] (0.00ns)   --->   "%inputBuf_V_10 = alloca i32 1"   --->   Operation 23 'alloca' 'inputBuf_V_10' <Predicate = true> <Delay = 0.00>
ST_1 : Operation 24 [1/1] (0.00ns)   --->   "%inputBuf_V_11 = alloca i32 1"   --->   Operation 24 'alloca' 'inputBuf_V_11' <Predicate = true> <Delay = 0.00>
ST_1 : Operation 25 [1/1] (0.00ns)   --->   "%inputBuf_V_12 = alloca i32 1"   --->   Operation 25 'alloca' 'inputBuf_V_12' <Predicate = true> <Delay = 0.00>
ST_1 : Operation 26 [1/1] (0.00ns)   --->   "%inputBuf_V_13 = alloca i32 1"   --->   Operation 26 'alloca' 'inputBuf_V_13' <Predicate = true> <Delay = 0.00>
ST_1 : Operation 27 [1/1] (0.00ns)   --->   "%inputBuf_V_14 = alloca i32 1"   --->   Operation 27 'alloca' 'inputBuf_V_14' <Predicate = true> <Delay = 0.00>
ST_1 : Operation 28 [1/1] (0.00ns)   --->   "%inputBuf_V_15 = alloca i32 1"   --->   Operation 28 'alloca' 'inputBuf_V_15' <Predicate = true> <Delay = 0.00>
ST_1 : Operation 29 [1/1] (0.00ns)   --->   "%inputBuf_V_16 = alloca i32 1"   --->   Operation 29 'alloca' 'inputBuf_V_16' <Predicate = true> <Delay = 0.00>
ST_1 : Operation 30 [1/1] (0.00ns)   --->   "%inputBuf_V_17 = alloca i32 1"   --->   Operation 30 'alloca' 'inputBuf_V_17' <Predicate = true> <Delay = 0.00>
ST_1 : Operation 31 [1/1] (0.00ns)   --->   "%inputBuf_V_18 = alloca i32 1"   --->   Operation 31 'alloca' 'inputBuf_V_18' <Predicate = true> <Delay = 0.00>
ST_1 : Operation 32 [1/1] (0.00ns)   --->   "%inputBuf_V_19 = alloca i32 1"   --->   Operation 32 'alloca' 'inputBuf_V_19' <Predicate = true> <Delay = 0.00>
ST_1 : Operation 33 [1/1] (0.00ns)   --->   "%inputBuf_V_20 = alloca i32 1"   --->   Operation 33 'alloca' 'inputBuf_V_20' <Predicate = true> <Delay = 0.00>
ST_1 : Operation 34 [1/1] (0.00ns)   --->   "%inputBuf_V_21 = alloca i32 1"   --->   Operation 34 'alloca' 'inputBuf_V_21' <Predicate = true> <Delay = 0.00>
ST_1 : Operation 35 [1/1] (0.00ns)   --->   "%inputBuf_V_22 = alloca i32 1"   --->   Operation 35 'alloca' 'inputBuf_V_22' <Predicate = true> <Delay = 0.00>
ST_1 : Operation 36 [1/1] (0.00ns)   --->   "%inputBuf_V_23 = alloca i32 1"   --->   Operation 36 'alloca' 'inputBuf_V_23' <Predicate = true> <Delay = 0.00>
ST_1 : Operation 37 [1/1] (0.00ns)   --->   "%inputBuf_V_24 = alloca i32 1"   --->   Operation 37 'alloca' 'inputBuf_V_24' <Predicate = true> <Delay = 0.00>
ST_1 : Operation 38 [1/1] (0.00ns)   --->   "%inputBuf_V_25 = alloca i32 1"   --->   Operation 38 'alloca' 'inputBuf_V_25' <Predicate = true> <Delay = 0.00>
ST_1 : Operation 39 [1/1] (0.00ns)   --->   "%inputBuf_V_26 = alloca i32 1"   --->   Operation 39 'alloca' 'inputBuf_V_26' <Predicate = true> <Delay = 0.00>
ST_1 : Operation 40 [1/1] (0.00ns)   --->   "%inputBuf_V_27 = alloca i32 1"   --->   Operation 40 'alloca' 'inputBuf_V_27' <Predicate = true> <Delay = 0.00>
ST_1 : Operation 41 [1/1] (0.00ns)   --->   "%inputBuf_V_28 = alloca i32 1"   --->   Operation 41 'alloca' 'inputBuf_V_28' <Predicate = true> <Delay = 0.00>
ST_1 : Operation 42 [1/1] (0.00ns)   --->   "%inputBuf_V_29 = alloca i32 1"   --->   Operation 42 'alloca' 'inputBuf_V_29' <Predicate = true> <Delay = 0.00>
ST_1 : Operation 43 [1/1] (0.00ns)   --->   "%inputBuf_V_30 = alloca i32 1"   --->   Operation 43 'alloca' 'inputBuf_V_30' <Predicate = true> <Delay = 0.00>
ST_1 : Operation 44 [1/1] (0.00ns)   --->   "%inputBuf_V_31 = alloca i32 1"   --->   Operation 44 'alloca' 'inputBuf_V_31' <Predicate = true> <Delay = 0.00>
ST_1 : Operation 45 [1/1] (0.00ns)   --->   "%inputBuf_V_32 = alloca i32 1"   --->   Operation 45 'alloca' 'inputBuf_V_32' <Predicate = true> <Delay = 0.00>
ST_1 : Operation 46 [1/1] (0.00ns)   --->   "%inputBuf_V_33 = alloca i32 1"   --->   Operation 46 'alloca' 'inputBuf_V_33' <Predicate = true> <Delay = 0.00>
ST_1 : Operation 47 [1/1] (0.00ns)   --->   "%inputBuf_V_34 = alloca i32 1"   --->   Operation 47 'alloca' 'inputBuf_V_34' <Predicate = true> <Delay = 0.00>
ST_1 : Operation 48 [1/1] (0.00ns)   --->   "%inputBuf_V_35 = alloca i32 1"   --->   Operation 48 'alloca' 'inputBuf_V_35' <Predicate = true> <Delay = 0.00>
ST_1 : Operation 49 [1/1] (0.00ns)   --->   "%inputBuf_V_36 = alloca i32 1"   --->   Operation 49 'alloca' 'inputBuf_V_36' <Predicate = true> <Delay = 0.00>
ST_1 : Operation 50 [1/1] (0.00ns)   --->   "%inputBuf_V_37 = alloca i32 1"   --->   Operation 50 'alloca' 'inputBuf_V_37' <Predicate = true> <Delay = 0.00>
ST_1 : Operation 51 [1/1] (0.00ns)   --->   "%inputBuf_V_38 = alloca i32 1"   --->   Operation 51 'alloca' 'inputBuf_V_38' <Predicate = true> <Delay = 0.00>
ST_1 : Operation 52 [1/1] (0.00ns)   --->   "%inputBuf_V_39 = alloca i32 1"   --->   Operation 52 'alloca' 'inputBuf_V_39' <Predicate = true> <Delay = 0.00>
ST_1 : Operation 53 [1/1] (0.00ns)   --->   "%inputBuf_V_40 = alloca i32 1"   --->   Operation 53 'alloca' 'inputBuf_V_40' <Predicate = true> <Delay = 0.00>
ST_1 : Operation 54 [1/1] (0.00ns)   --->   "%inputBuf_V_41 = alloca i32 1"   --->   Operation 54 'alloca' 'inputBuf_V_41' <Predicate = true> <Delay = 0.00>
ST_1 : Operation 55 [1/1] (0.00ns)   --->   "%inputBuf_V_42 = alloca i32 1"   --->   Operation 55 'alloca' 'inputBuf_V_42' <Predicate = true> <Delay = 0.00>
ST_1 : Operation 56 [1/1] (0.00ns)   --->   "%inputBuf_V_43 = alloca i32 1"   --->   Operation 56 'alloca' 'inputBuf_V_43' <Predicate = true> <Delay = 0.00>
ST_1 : Operation 57 [1/1] (0.00ns)   --->   "%inputBuf_V_44 = alloca i32 1"   --->   Operation 57 'alloca' 'inputBuf_V_44' <Predicate = true> <Delay = 0.00>
ST_1 : Operation 58 [1/1] (0.00ns)   --->   "%inputBuf_V_45 = alloca i32 1"   --->   Operation 58 'alloca' 'inputBuf_V_45' <Predicate = true> <Delay = 0.00>
ST_1 : Operation 59 [1/1] (0.00ns)   --->   "%inputBuf_V_46 = alloca i32 1"   --->   Operation 59 'alloca' 'inputBuf_V_46' <Predicate = true> <Delay = 0.00>
ST_1 : Operation 60 [1/1] (0.00ns)   --->   "%inputBuf_V_47 = alloca i32 1"   --->   Operation 60 'alloca' 'inputBuf_V_47' <Predicate = true> <Delay = 0.00>
ST_1 : Operation 61 [1/1] (0.00ns)   --->   "%inputBuf_V_48 = alloca i32 1"   --->   Operation 61 'alloca' 'inputBuf_V_48' <Predicate = true> <Delay = 0.00>
ST_1 : Operation 62 [1/1] (0.00ns)   --->   "%inputBuf_V_49 = alloca i32 1"   --->   Operation 62 'alloca' 'inputBuf_V_49' <Predicate = true> <Delay = 0.00>
ST_1 : Operation 63 [1/1] (0.00ns)   --->   "%inputBuf_V_50 = alloca i32 1"   --->   Operation 63 'alloca' 'inputBuf_V_50' <Predicate = true> <Delay = 0.00>
ST_1 : Operation 64 [1/1] (0.00ns)   --->   "%inputBuf_V_51 = alloca i32 1"   --->   Operation 64 'alloca' 'inputBuf_V_51' <Predicate = true> <Delay = 0.00>
ST_1 : Operation 65 [1/1] (0.00ns)   --->   "%inputBuf_V_52 = alloca i32 1"   --->   Operation 65 'alloca' 'inputBuf_V_52' <Predicate = true> <Delay = 0.00>
ST_1 : Operation 66 [1/1] (0.00ns)   --->   "%inputBuf_V_53 = alloca i32 1"   --->   Operation 66 'alloca' 'inputBuf_V_53' <Predicate = true> <Delay = 0.00>
ST_1 : Operation 67 [1/1] (0.00ns)   --->   "%inputBuf_V_54 = alloca i32 1"   --->   Operation 67 'alloca' 'inputBuf_V_54' <Predicate = true> <Delay = 0.00>
ST_1 : Operation 68 [1/1] (0.00ns)   --->   "%inputBuf_V_55 = alloca i32 1"   --->   Operation 68 'alloca' 'inputBuf_V_55' <Predicate = true> <Delay = 0.00>
ST_1 : Operation 69 [1/1] (0.00ns)   --->   "%inputBuf_V_56 = alloca i32 1"   --->   Operation 69 'alloca' 'inputBuf_V_56' <Predicate = true> <Delay = 0.00>
ST_1 : Operation 70 [1/1] (0.00ns)   --->   "%inputBuf_V_57 = alloca i32 1"   --->   Operation 70 'alloca' 'inputBuf_V_57' <Predicate = true> <Delay = 0.00>
ST_1 : Operation 71 [1/1] (0.00ns)   --->   "%inputBuf_V_58 = alloca i32 1"   --->   Operation 71 'alloca' 'inputBuf_V_58' <Predicate = true> <Delay = 0.00>
ST_1 : Operation 72 [1/1] (0.00ns)   --->   "%inputBuf_V_59 = alloca i32 1"   --->   Operation 72 'alloca' 'inputBuf_V_59' <Predicate = true> <Delay = 0.00>
ST_1 : Operation 73 [1/1] (0.00ns)   --->   "%inputBuf_V_60 = alloca i32 1"   --->   Operation 73 'alloca' 'inputBuf_V_60' <Predicate = true> <Delay = 0.00>
ST_1 : Operation 74 [1/1] (0.00ns)   --->   "%inputBuf_V_61 = alloca i32 1"   --->   Operation 74 'alloca' 'inputBuf_V_61' <Predicate = true> <Delay = 0.00>
ST_1 : Operation 75 [1/1] (0.00ns)   --->   "%inputBuf_V_62 = alloca i32 1"   --->   Operation 75 'alloca' 'inputBuf_V_62' <Predicate = true> <Delay = 0.00>
ST_1 : Operation 76 [1/1] (0.00ns)   --->   "%inputBuf_V_63 = alloca i32 1"   --->   Operation 76 'alloca' 'inputBuf_V_63' <Predicate = true> <Delay = 0.00>
ST_1 : Operation 77 [1/1] (0.00ns)   --->   "%inputBuf_V_64 = alloca i32 1"   --->   Operation 77 'alloca' 'inputBuf_V_64' <Predicate = true> <Delay = 0.00>
ST_1 : Operation 78 [1/1] (0.00ns)   --->   "%inputBuf_V_65 = alloca i32 1"   --->   Operation 78 'alloca' 'inputBuf_V_65' <Predicate = true> <Delay = 0.00>
ST_1 : Operation 79 [1/1] (0.00ns)   --->   "%inputBuf_V_66 = alloca i32 1"   --->   Operation 79 'alloca' 'inputBuf_V_66' <Predicate = true> <Delay = 0.00>
ST_1 : Operation 80 [1/1] (0.00ns)   --->   "%inputBuf_V_67 = alloca i32 1"   --->   Operation 80 'alloca' 'inputBuf_V_67' <Predicate = true> <Delay = 0.00>
ST_1 : Operation 81 [1/1] (0.00ns)   --->   "%inputBuf_V_68 = alloca i32 1"   --->   Operation 81 'alloca' 'inputBuf_V_68' <Predicate = true> <Delay = 0.00>
ST_1 : Operation 82 [1/1] (0.00ns)   --->   "%inputBuf_V_69 = alloca i32 1"   --->   Operation 82 'alloca' 'inputBuf_V_69' <Predicate = true> <Delay = 0.00>
ST_1 : Operation 83 [1/1] (0.00ns)   --->   "%inputBuf_V_70 = alloca i32 1"   --->   Operation 83 'alloca' 'inputBuf_V_70' <Predicate = true> <Delay = 0.00>
ST_1 : Operation 84 [1/1] (0.00ns)   --->   "%inputBuf_V_71 = alloca i32 1"   --->   Operation 84 'alloca' 'inputBuf_V_71' <Predicate = true> <Delay = 0.00>
ST_1 : Operation 85 [1/1] (0.00ns)   --->   "%inputBuf_V_72 = alloca i32 1"   --->   Operation 85 'alloca' 'inputBuf_V_72' <Predicate = true> <Delay = 0.00>
ST_1 : Operation 86 [1/1] (0.00ns)   --->   "%inputBuf_V_73 = alloca i32 1"   --->   Operation 86 'alloca' 'inputBuf_V_73' <Predicate = true> <Delay = 0.00>
ST_1 : Operation 87 [1/1] (0.00ns)   --->   "%inputBuf_V_74 = alloca i32 1"   --->   Operation 87 'alloca' 'inputBuf_V_74' <Predicate = true> <Delay = 0.00>
ST_1 : Operation 88 [1/1] (0.00ns)   --->   "%inputBuf_V_75 = alloca i32 1"   --->   Operation 88 'alloca' 'inputBuf_V_75' <Predicate = true> <Delay = 0.00>
ST_1 : Operation 89 [1/1] (0.00ns)   --->   "%inputBuf_V_76 = alloca i32 1"   --->   Operation 89 'alloca' 'inputBuf_V_76' <Predicate = true> <Delay = 0.00>
ST_1 : Operation 90 [1/1] (0.00ns)   --->   "%inputBuf_V_77 = alloca i32 1"   --->   Operation 90 'alloca' 'inputBuf_V_77' <Predicate = true> <Delay = 0.00>
ST_1 : Operation 91 [1/1] (0.00ns)   --->   "%inputBuf_V_78 = alloca i32 1"   --->   Operation 91 'alloca' 'inputBuf_V_78' <Predicate = true> <Delay = 0.00>
ST_1 : Operation 92 [1/1] (0.00ns)   --->   "%inputBuf_V_79 = alloca i32 1"   --->   Operation 92 'alloca' 'inputBuf_V_79' <Predicate = true> <Delay = 0.00>
ST_1 : Operation 93 [1/1] (0.00ns)   --->   "%inputBuf_V_80 = alloca i32 1"   --->   Operation 93 'alloca' 'inputBuf_V_80' <Predicate = true> <Delay = 0.00>
ST_1 : Operation 94 [1/1] (0.00ns)   --->   "%inputBuf_V_81 = alloca i32 1"   --->   Operation 94 'alloca' 'inputBuf_V_81' <Predicate = true> <Delay = 0.00>
ST_1 : Operation 95 [1/1] (0.00ns)   --->   "%inputBuf_V_82 = alloca i32 1"   --->   Operation 95 'alloca' 'inputBuf_V_82' <Predicate = true> <Delay = 0.00>
ST_1 : Operation 96 [1/1] (0.00ns)   --->   "%inputBuf_V_83 = alloca i32 1"   --->   Operation 96 'alloca' 'inputBuf_V_83' <Predicate = true> <Delay = 0.00>
ST_1 : Operation 97 [1/1] (0.00ns)   --->   "%inputBuf_V_84 = alloca i32 1"   --->   Operation 97 'alloca' 'inputBuf_V_84' <Predicate = true> <Delay = 0.00>
ST_1 : Operation 98 [1/1] (0.00ns)   --->   "%inputBuf_V_85 = alloca i32 1"   --->   Operation 98 'alloca' 'inputBuf_V_85' <Predicate = true> <Delay = 0.00>
ST_1 : Operation 99 [1/1] (0.00ns)   --->   "%inputBuf_V_86 = alloca i32 1"   --->   Operation 99 'alloca' 'inputBuf_V_86' <Predicate = true> <Delay = 0.00>
ST_1 : Operation 100 [1/1] (0.00ns)   --->   "%inputBuf_V_87 = alloca i32 1"   --->   Operation 100 'alloca' 'inputBuf_V_87' <Predicate = true> <Delay = 0.00>
ST_1 : Operation 101 [1/1] (0.00ns)   --->   "%inputBuf_V_88 = alloca i32 1"   --->   Operation 101 'alloca' 'inputBuf_V_88' <Predicate = true> <Delay = 0.00>
ST_1 : Operation 102 [1/1] (0.00ns)   --->   "%inputBuf_V_89 = alloca i32 1"   --->   Operation 102 'alloca' 'inputBuf_V_89' <Predicate = true> <Delay = 0.00>
ST_1 : Operation 103 [1/1] (0.00ns)   --->   "%inputBuf_V_90 = alloca i32 1"   --->   Operation 103 'alloca' 'inputBuf_V_90' <Predicate = true> <Delay = 0.00>
ST_1 : Operation 104 [1/1] (0.00ns)   --->   "%inputBuf_V_91 = alloca i32 1"   --->   Operation 104 'alloca' 'inputBuf_V_91' <Predicate = true> <Delay = 0.00>
ST_1 : Operation 105 [1/1] (0.00ns)   --->   "%inputBuf_V_92 = alloca i32 1"   --->   Operation 105 'alloca' 'inputBuf_V_92' <Predicate = true> <Delay = 0.00>
ST_1 : Operation 106 [1/1] (0.00ns)   --->   "%inputBuf_V_93 = alloca i32 1"   --->   Operation 106 'alloca' 'inputBuf_V_93' <Predicate = true> <Delay = 0.00>
ST_1 : Operation 107 [1/1] (0.00ns)   --->   "%inputBuf_V_94 = alloca i32 1"   --->   Operation 107 'alloca' 'inputBuf_V_94' <Predicate = true> <Delay = 0.00>
ST_1 : Operation 108 [1/1] (0.00ns)   --->   "%inputBuf_V_95 = alloca i32 1"   --->   Operation 108 'alloca' 'inputBuf_V_95' <Predicate = true> <Delay = 0.00>
ST_1 : Operation 109 [1/1] (0.00ns)   --->   "%inputBuf_V_96 = alloca i32 1"   --->   Operation 109 'alloca' 'inputBuf_V_96' <Predicate = true> <Delay = 0.00>
ST_1 : Operation 110 [1/1] (0.00ns)   --->   "%inputBuf_V_97 = alloca i32 1"   --->   Operation 110 'alloca' 'inputBuf_V_97' <Predicate = true> <Delay = 0.00>
ST_1 : Operation 111 [1/1] (0.00ns)   --->   "%inputBuf_V_98 = alloca i32 1"   --->   Operation 111 'alloca' 'inputBuf_V_98' <Predicate = true> <Delay = 0.00>
ST_1 : Operation 112 [1/1] (0.00ns)   --->   "%inputBuf_V_99 = alloca i32 1"   --->   Operation 112 'alloca' 'inputBuf_V_99' <Predicate = true> <Delay = 0.00>
ST_1 : Operation 113 [1/1] (0.00ns)   --->   "%inputBuf_V_100 = alloca i32 1"   --->   Operation 113 'alloca' 'inputBuf_V_100' <Predicate = true> <Delay = 0.00>
ST_1 : Operation 114 [1/1] (0.00ns)   --->   "%inputBuf_V_101 = alloca i32 1"   --->   Operation 114 'alloca' 'inputBuf_V_101' <Predicate = true> <Delay = 0.00>
ST_1 : Operation 115 [1/1] (0.00ns)   --->   "%inputBuf_V_102 = alloca i32 1"   --->   Operation 115 'alloca' 'inputBuf_V_102' <Predicate = true> <Delay = 0.00>
ST_1 : Operation 116 [1/1] (0.00ns)   --->   "%inputBuf_V_103 = alloca i32 1"   --->   Operation 116 'alloca' 'inputBuf_V_103' <Predicate = true> <Delay = 0.00>
ST_1 : Operation 117 [1/1] (0.00ns)   --->   "%inputBuf_V_104 = alloca i32 1"   --->   Operation 117 'alloca' 'inputBuf_V_104' <Predicate = true> <Delay = 0.00>
ST_1 : Operation 118 [1/1] (0.00ns)   --->   "%inputBuf_V_105 = alloca i32 1"   --->   Operation 118 'alloca' 'inputBuf_V_105' <Predicate = true> <Delay = 0.00>
ST_1 : Operation 119 [1/1] (0.00ns)   --->   "%inputBuf_V_106 = alloca i32 1"   --->   Operation 119 'alloca' 'inputBuf_V_106' <Predicate = true> <Delay = 0.00>
ST_1 : Operation 120 [1/1] (0.00ns)   --->   "%inputBuf_V_107 = alloca i32 1"   --->   Operation 120 'alloca' 'inputBuf_V_107' <Predicate = true> <Delay = 0.00>
ST_1 : Operation 121 [1/1] (0.00ns)   --->   "%inputBuf_V_108 = alloca i32 1"   --->   Operation 121 'alloca' 'inputBuf_V_108' <Predicate = true> <Delay = 0.00>
ST_1 : Operation 122 [1/1] (0.00ns)   --->   "%inputBuf_V_109 = alloca i32 1"   --->   Operation 122 'alloca' 'inputBuf_V_109' <Predicate = true> <Delay = 0.00>
ST_1 : Operation 123 [1/1] (0.00ns)   --->   "%inputBuf_V_110 = alloca i32 1"   --->   Operation 123 'alloca' 'inputBuf_V_110' <Predicate = true> <Delay = 0.00>
ST_1 : Operation 124 [1/1] (0.00ns)   --->   "%inputBuf_V_111 = alloca i32 1"   --->   Operation 124 'alloca' 'inputBuf_V_111' <Predicate = true> <Delay = 0.00>
ST_1 : Operation 125 [1/1] (0.00ns)   --->   "%inputBuf_V_112 = alloca i32 1"   --->   Operation 125 'alloca' 'inputBuf_V_112' <Predicate = true> <Delay = 0.00>
ST_1 : Operation 126 [1/1] (0.00ns)   --->   "%inputBuf_V_113 = alloca i32 1"   --->   Operation 126 'alloca' 'inputBuf_V_113' <Predicate = true> <Delay = 0.00>
ST_1 : Operation 127 [1/1] (0.00ns)   --->   "%inputBuf_V_114 = alloca i32 1"   --->   Operation 127 'alloca' 'inputBuf_V_114' <Predicate = true> <Delay = 0.00>
ST_1 : Operation 128 [1/1] (0.00ns)   --->   "%inputBuf_V_115 = alloca i32 1"   --->   Operation 128 'alloca' 'inputBuf_V_115' <Predicate = true> <Delay = 0.00>
ST_1 : Operation 129 [1/1] (0.00ns)   --->   "%inputBuf_V_116 = alloca i32 1"   --->   Operation 129 'alloca' 'inputBuf_V_116' <Predicate = true> <Delay = 0.00>
ST_1 : Operation 130 [1/1] (0.00ns)   --->   "%inputBuf_V_117 = alloca i32 1"   --->   Operation 130 'alloca' 'inputBuf_V_117' <Predicate = true> <Delay = 0.00>
ST_1 : Operation 131 [1/1] (0.00ns)   --->   "%inputBuf_V_118 = alloca i32 1"   --->   Operation 131 'alloca' 'inputBuf_V_118' <Predicate = true> <Delay = 0.00>
ST_1 : Operation 132 [1/1] (0.00ns)   --->   "%inputBuf_V_119 = alloca i32 1"   --->   Operation 132 'alloca' 'inputBuf_V_119' <Predicate = true> <Delay = 0.00>
ST_1 : Operation 133 [1/1] (0.00ns)   --->   "%inputBuf_V_120 = alloca i32 1"   --->   Operation 133 'alloca' 'inputBuf_V_120' <Predicate = true> <Delay = 0.00>
ST_1 : Operation 134 [1/1] (0.00ns)   --->   "%inputBuf_V_121 = alloca i32 1"   --->   Operation 134 'alloca' 'inputBuf_V_121' <Predicate = true> <Delay = 0.00>
ST_1 : Operation 135 [1/1] (0.00ns)   --->   "%inputBuf_V_122 = alloca i32 1"   --->   Operation 135 'alloca' 'inputBuf_V_122' <Predicate = true> <Delay = 0.00>
ST_1 : Operation 136 [1/1] (0.00ns)   --->   "%inputBuf_V_123 = alloca i32 1"   --->   Operation 136 'alloca' 'inputBuf_V_123' <Predicate = true> <Delay = 0.00>
ST_1 : Operation 137 [1/1] (0.00ns)   --->   "%inputBuf_V_124 = alloca i32 1"   --->   Operation 137 'alloca' 'inputBuf_V_124' <Predicate = true> <Delay = 0.00>
ST_1 : Operation 138 [1/1] (0.00ns)   --->   "%inputBuf_V_125 = alloca i32 1"   --->   Operation 138 'alloca' 'inputBuf_V_125' <Predicate = true> <Delay = 0.00>
ST_1 : Operation 139 [1/1] (0.00ns)   --->   "%inputBuf_V_126 = alloca i32 1"   --->   Operation 139 'alloca' 'inputBuf_V_126' <Predicate = true> <Delay = 0.00>
ST_1 : Operation 140 [1/1] (0.00ns)   --->   "%inputBuf_V_127 = alloca i32 1"   --->   Operation 140 'alloca' 'inputBuf_V_127' <Predicate = true> <Delay = 0.00>
ST_1 : Operation 141 [1/1] (0.00ns)   --->   "%inputBuf_V_128 = alloca i32 1"   --->   Operation 141 'alloca' 'inputBuf_V_128' <Predicate = true> <Delay = 0.00>
ST_1 : Operation 142 [1/1] (0.00ns)   --->   "%inputBuf_V_129 = alloca i32 1"   --->   Operation 142 'alloca' 'inputBuf_V_129' <Predicate = true> <Delay = 0.00>
ST_1 : Operation 143 [1/1] (0.00ns)   --->   "%inputBuf_V_130 = alloca i32 1"   --->   Operation 143 'alloca' 'inputBuf_V_130' <Predicate = true> <Delay = 0.00>
ST_1 : Operation 144 [1/1] (0.00ns)   --->   "%inputBuf_V_131 = alloca i32 1"   --->   Operation 144 'alloca' 'inputBuf_V_131' <Predicate = true> <Delay = 0.00>
ST_1 : Operation 145 [1/1] (0.00ns)   --->   "%inputBuf_V_132 = alloca i32 1"   --->   Operation 145 'alloca' 'inputBuf_V_132' <Predicate = true> <Delay = 0.00>
ST_1 : Operation 146 [1/1] (0.00ns)   --->   "%inputBuf_V_133 = alloca i32 1"   --->   Operation 146 'alloca' 'inputBuf_V_133' <Predicate = true> <Delay = 0.00>
ST_1 : Operation 147 [1/1] (0.00ns)   --->   "%inputBuf_V_134 = alloca i32 1"   --->   Operation 147 'alloca' 'inputBuf_V_134' <Predicate = true> <Delay = 0.00>
ST_1 : Operation 148 [1/1] (0.00ns)   --->   "%inputBuf_V_135 = alloca i32 1"   --->   Operation 148 'alloca' 'inputBuf_V_135' <Predicate = true> <Delay = 0.00>
ST_1 : Operation 149 [1/1] (0.00ns)   --->   "%inputBuf_V_136 = alloca i32 1"   --->   Operation 149 'alloca' 'inputBuf_V_136' <Predicate = true> <Delay = 0.00>
ST_1 : Operation 150 [1/1] (0.00ns)   --->   "%inputBuf_V_137 = alloca i32 1"   --->   Operation 150 'alloca' 'inputBuf_V_137' <Predicate = true> <Delay = 0.00>
ST_1 : Operation 151 [1/1] (0.00ns)   --->   "%inputBuf_V_138 = alloca i32 1"   --->   Operation 151 'alloca' 'inputBuf_V_138' <Predicate = true> <Delay = 0.00>
ST_1 : Operation 152 [1/1] (0.00ns)   --->   "%inputBuf_V_139 = alloca i32 1"   --->   Operation 152 'alloca' 'inputBuf_V_139' <Predicate = true> <Delay = 0.00>
ST_1 : Operation 153 [1/1] (0.00ns)   --->   "%inputBuf_V_140 = alloca i32 1"   --->   Operation 153 'alloca' 'inputBuf_V_140' <Predicate = true> <Delay = 0.00>
ST_1 : Operation 154 [1/1] (0.00ns)   --->   "%inputBuf_V_141 = alloca i32 1"   --->   Operation 154 'alloca' 'inputBuf_V_141' <Predicate = true> <Delay = 0.00>
ST_1 : Operation 155 [1/1] (0.00ns)   --->   "%inputBuf_V_142 = alloca i32 1"   --->   Operation 155 'alloca' 'inputBuf_V_142' <Predicate = true> <Delay = 0.00>
ST_1 : Operation 156 [1/1] (0.00ns)   --->   "%inputBuf_V_143 = alloca i32 1"   --->   Operation 156 'alloca' 'inputBuf_V_143' <Predicate = true> <Delay = 0.00>
ST_1 : Operation 157 [1/1] (0.00ns)   --->   "%nf_1 = alloca i32 1"   --->   Operation 157 'alloca' 'nf_1' <Predicate = true> <Delay = 0.00>
ST_1 : Operation 158 [1/1] (0.00ns)   --->   "%specinterface_ln0 = specinterface void @_ssdm_op_SpecInterface, i8 %out_V, void @empty_0, i32 0, i32 0, void @empty_1, i32 0, i32 0, void @empty_2, void @empty_2, void @empty_2, i32 0, i32 0, i32 0, i32 0, void @empty_2, void @empty_2, i32 4294967295, i32 0"   --->   Operation 158 'specinterface' 'specinterface_ln0' <Predicate = true> <Delay = 0.00>
ST_1 : Operation 159 [1/1] (0.00ns)   --->   "%specinterface_ln0 = specinterface void @_ssdm_op_SpecInterface, i8 %weights_V, void @empty_0, i32 0, i32 0, void @empty_1, i32 0, i32 0, void @empty_2, void @empty_2, void @empty_2, i32 0, i32 0, i32 0, i32 0, void @empty_2, void @empty_2, i32 4294967295, i32 0"   --->   Operation 159 'specinterface' 'specinterface_ln0' <Predicate = true> <Delay = 0.00>
ST_1 : Operation 160 [1/1] (0.00ns)   --->   "%specinterface_ln0 = specinterface void @_ssdm_op_SpecInterface, i8 %in0_V, void @empty_0, i32 0, i32 0, void @empty_1, i32 0, i32 0, void @empty_2, void @empty_2, void @empty_2, i32 0, i32 0, i32 0, i32 0, void @empty_2, void @empty_2, i32 4294967295, i32 0"   --->   Operation 160 'specinterface' 'specinterface_ln0' <Predicate = true> <Delay = 0.00>
ST_1 : Operation 161 [1/1] (1.58ns)   --->   "%store_ln249 = store i32 0, i32 %nf_1" [/home/miguel_tfg/FINN-v0.9-Stable/deps/finn-hlslib/mvau.hpp:249]   --->   Operation 161 'store' 'store_ln249' <Predicate = true> <Delay = 1.58>
ST_1 : Operation 162 [1/1] (1.58ns)   --->   "%store_ln249 = store i23 0, i23 %i" [/home/miguel_tfg/FINN-v0.9-Stable/deps/finn-hlslib/mvau.hpp:249]   --->   Operation 162 'store' 'store_ln249' <Predicate = true> <Delay = 1.58>
ST_1 : Operation 163 [1/1] (1.58ns)   --->   "%store_ln249 = store i32 0, i32 %sf" [/home/miguel_tfg/FINN-v0.9-Stable/deps/finn-hlslib/mvau.hpp:249]   --->   Operation 163 'store' 'store_ln249' <Predicate = true> <Delay = 1.58>
ST_1 : Operation 164 [1/1] (0.00ns)   --->   "%br_ln249 = br void %for.body" [/home/miguel_tfg/FINN-v0.9-Stable/deps/finn-hlslib/mvau.hpp:249]   --->   Operation 164 'br' 'br_ln249' <Predicate = true> <Delay = 0.00>
ST_1 : Operation 165 [1/1] (0.00ns)   --->   "%sf_1 = load i32 %sf" [/home/miguel_tfg/FINN-v0.9-Stable/deps/finn-hlslib/mvau.hpp:261]   --->   Operation 165 'load' 'sf_1' <Predicate = true> <Delay = 0.00>
ST_1 : Operation 166 [1/1] (0.00ns)   --->   "%i_1 = load i23 %i" [/home/miguel_tfg/FINN-v0.9-Stable/deps/finn-hlslib/mvau.hpp:249]   --->   Operation 166 'load' 'i_1' <Predicate = true> <Delay = 0.00>
ST_1 : Operation 167 [1/1] (0.00ns)   --->   "%nf_2 = load i32 %nf_1" [/home/miguel_tfg/FINN-v0.9-Stable/deps/finn-hlslib/mvau.hpp:302]   --->   Operation 167 'load' 'nf_2' <Predicate = true> <Delay = 0.00>
ST_1 : Operation 168 [1/1] (2.44ns)   --->   "%icmp_ln249 = icmp_eq  i23 %i_1, i23 4718592" [/home/miguel_tfg/FINN-v0.9-Stable/deps/finn-hlslib/mvau.hpp:249]   --->   Operation 168 'icmp' 'icmp_ln249' <Predicate = true> <Delay = 2.44> <CoreInst = "Cmp">   --->   Core 9 'Cmp' <Latency = 0> <II = 1> <Delay = 2.44> <FuncUnit> <Opcode : 'icmp'> <InPorts = 2> <OutPorts = 1>
ST_1 : Operation 169 [1/1] (0.00ns)   --->   "%empty = speclooptripcount i32 @_ssdm_op_SpecLoopTripCount, i64 4718592, i64 4718592, i64 4718592"   --->   Operation 169 'speclooptripcount' 'empty' <Predicate = true> <Delay = 0.00>
ST_1 : Operation 170 [1/1] (2.28ns)   --->   "%i_2 = add i23 %i_1, i23 1" [/home/miguel_tfg/FINN-v0.9-Stable/deps/finn-hlslib/mvau.hpp:249]   --->   Operation 170 'add' 'i_2' <Predicate = true> <Delay = 2.28> <CoreInst = "Adder">   --->   Core 1 'Adder' <Latency = 0> <II = 1> <Delay = 2.28> <FuncUnit> <Opcode : 'add' 'sub'> <InPorts = 2> <OutPorts = 1>
ST_1 : Operation 171 [1/1] (0.00ns)   --->   "%br_ln249 = br i1 %icmp_ln249, void %for.body.split, void %for.end92" [/home/miguel_tfg/FINN-v0.9-Stable/deps/finn-hlslib/mvau.hpp:249]   --->   Operation 171 'br' 'br_ln249' <Predicate = true> <Delay = 0.00>
ST_1 : Operation 172 [1/1] (0.00ns)   --->   "%specpipeline_ln250 = specpipeline void @_ssdm_op_SpecPipeline, i32 1, i32 2, i32 0, i32 0, void @empty_2" [/home/miguel_tfg/FINN-v0.9-Stable/deps/finn-hlslib/mvau.hpp:250]   --->   Operation 172 'specpipeline' 'specpipeline_ln250' <Predicate = (!icmp_ln249)> <Delay = 0.00>
ST_1 : Operation 173 [1/1] (0.00ns)   --->   "%specloopname_ln231 = specloopname void @_ssdm_op_SpecLoopName, void @empty_5" [/home/miguel_tfg/FINN-v0.9-Stable/deps/finn-hlslib/mvau.hpp:231]   --->   Operation 173 'specloopname' 'specloopname_ln231' <Predicate = (!icmp_ln249)> <Delay = 0.00>
ST_1 : Operation 174 [1/1] (2.47ns)   --->   "%icmp_ln253 = icmp_eq  i32 %nf_2, i32 0" [/home/miguel_tfg/FINN-v0.9-Stable/deps/finn-hlslib/mvau.hpp:253]   --->   Operation 174 'icmp' 'icmp_ln253' <Predicate = (!icmp_ln249)> <Delay = 2.47> <CoreInst = "Cmp">   --->   Core 9 'Cmp' <Latency = 0> <II = 1> <Delay = 2.47> <FuncUnit> <Opcode : 'icmp'> <InPorts = 2> <OutPorts = 1>
ST_1 : Operation 175 [1/1] (0.00ns)   --->   "%br_ln253 = br i1 %icmp_ln253, void %if.else, void %if.then" [/home/miguel_tfg/FINN-v0.9-Stable/deps/finn-hlslib/mvau.hpp:253]   --->   Operation 175 'br' 'br_ln253' <Predicate = (!icmp_ln249)> <Delay = 0.00>
ST_1 : Operation 176 [1/1] (0.00ns)   --->   "%inputBuf_V_load = load i4 %inputBuf_V" [/home/miguel_tfg/FINN-v0.9-Stable/deps/finn-hlslib/mvau.hpp:261]   --->   Operation 176 'load' 'inputBuf_V_load' <Predicate = (!icmp_ln249 & !icmp_ln253)> <Delay = 0.00>
ST_1 : Operation 177 [1/1] (0.00ns)   --->   "%inputBuf_V_1_load = load i4 %inputBuf_V_1" [/home/miguel_tfg/FINN-v0.9-Stable/deps/finn-hlslib/mvau.hpp:261]   --->   Operation 177 'load' 'inputBuf_V_1_load' <Predicate = (!icmp_ln249 & !icmp_ln253)> <Delay = 0.00>
ST_1 : Operation 178 [1/1] (0.00ns)   --->   "%inputBuf_V_2_load = load i4 %inputBuf_V_2" [/home/miguel_tfg/FINN-v0.9-Stable/deps/finn-hlslib/mvau.hpp:261]   --->   Operation 178 'load' 'inputBuf_V_2_load' <Predicate = (!icmp_ln249 & !icmp_ln253)> <Delay = 0.00>
ST_1 : Operation 179 [1/1] (0.00ns)   --->   "%inputBuf_V_3_load = load i4 %inputBuf_V_3" [/home/miguel_tfg/FINN-v0.9-Stable/deps/finn-hlslib/mvau.hpp:261]   --->   Operation 179 'load' 'inputBuf_V_3_load' <Predicate = (!icmp_ln249 & !icmp_ln253)> <Delay = 0.00>
ST_1 : Operation 180 [1/1] (0.00ns)   --->   "%inputBuf_V_4_load = load i4 %inputBuf_V_4" [/home/miguel_tfg/FINN-v0.9-Stable/deps/finn-hlslib/mvau.hpp:261]   --->   Operation 180 'load' 'inputBuf_V_4_load' <Predicate = (!icmp_ln249 & !icmp_ln253)> <Delay = 0.00>
ST_1 : Operation 181 [1/1] (0.00ns)   --->   "%inputBuf_V_5_load = load i4 %inputBuf_V_5" [/home/miguel_tfg/FINN-v0.9-Stable/deps/finn-hlslib/mvau.hpp:261]   --->   Operation 181 'load' 'inputBuf_V_5_load' <Predicate = (!icmp_ln249 & !icmp_ln253)> <Delay = 0.00>
ST_1 : Operation 182 [1/1] (0.00ns)   --->   "%inputBuf_V_6_load = load i4 %inputBuf_V_6" [/home/miguel_tfg/FINN-v0.9-Stable/deps/finn-hlslib/mvau.hpp:261]   --->   Operation 182 'load' 'inputBuf_V_6_load' <Predicate = (!icmp_ln249 & !icmp_ln253)> <Delay = 0.00>
ST_1 : Operation 183 [1/1] (0.00ns)   --->   "%inputBuf_V_7_load = load i4 %inputBuf_V_7" [/home/miguel_tfg/FINN-v0.9-Stable/deps/finn-hlslib/mvau.hpp:261]   --->   Operation 183 'load' 'inputBuf_V_7_load' <Predicate = (!icmp_ln249 & !icmp_ln253)> <Delay = 0.00>
ST_1 : Operation 184 [1/1] (0.00ns)   --->   "%inputBuf_V_8_load = load i4 %inputBuf_V_8" [/home/miguel_tfg/FINN-v0.9-Stable/deps/finn-hlslib/mvau.hpp:261]   --->   Operation 184 'load' 'inputBuf_V_8_load' <Predicate = (!icmp_ln249 & !icmp_ln253)> <Delay = 0.00>
ST_1 : Operation 185 [1/1] (0.00ns)   --->   "%inputBuf_V_9_load = load i4 %inputBuf_V_9" [/home/miguel_tfg/FINN-v0.9-Stable/deps/finn-hlslib/mvau.hpp:261]   --->   Operation 185 'load' 'inputBuf_V_9_load' <Predicate = (!icmp_ln249 & !icmp_ln253)> <Delay = 0.00>
ST_1 : Operation 186 [1/1] (0.00ns)   --->   "%inputBuf_V_10_load = load i4 %inputBuf_V_10" [/home/miguel_tfg/FINN-v0.9-Stable/deps/finn-hlslib/mvau.hpp:261]   --->   Operation 186 'load' 'inputBuf_V_10_load' <Predicate = (!icmp_ln249 & !icmp_ln253)> <Delay = 0.00>
ST_1 : Operation 187 [1/1] (0.00ns)   --->   "%inputBuf_V_11_load = load i4 %inputBuf_V_11" [/home/miguel_tfg/FINN-v0.9-Stable/deps/finn-hlslib/mvau.hpp:261]   --->   Operation 187 'load' 'inputBuf_V_11_load' <Predicate = (!icmp_ln249 & !icmp_ln253)> <Delay = 0.00>
ST_1 : Operation 188 [1/1] (0.00ns)   --->   "%inputBuf_V_12_load = load i4 %inputBuf_V_12" [/home/miguel_tfg/FINN-v0.9-Stable/deps/finn-hlslib/mvau.hpp:261]   --->   Operation 188 'load' 'inputBuf_V_12_load' <Predicate = (!icmp_ln249 & !icmp_ln253)> <Delay = 0.00>
ST_1 : Operation 189 [1/1] (0.00ns)   --->   "%inputBuf_V_13_load = load i4 %inputBuf_V_13" [/home/miguel_tfg/FINN-v0.9-Stable/deps/finn-hlslib/mvau.hpp:261]   --->   Operation 189 'load' 'inputBuf_V_13_load' <Predicate = (!icmp_ln249 & !icmp_ln253)> <Delay = 0.00>
ST_1 : Operation 190 [1/1] (0.00ns)   --->   "%inputBuf_V_14_load = load i4 %inputBuf_V_14" [/home/miguel_tfg/FINN-v0.9-Stable/deps/finn-hlslib/mvau.hpp:261]   --->   Operation 190 'load' 'inputBuf_V_14_load' <Predicate = (!icmp_ln249 & !icmp_ln253)> <Delay = 0.00>
ST_1 : Operation 191 [1/1] (0.00ns)   --->   "%inputBuf_V_15_load = load i4 %inputBuf_V_15" [/home/miguel_tfg/FINN-v0.9-Stable/deps/finn-hlslib/mvau.hpp:261]   --->   Operation 191 'load' 'inputBuf_V_15_load' <Predicate = (!icmp_ln249 & !icmp_ln253)> <Delay = 0.00>
ST_1 : Operation 192 [1/1] (0.00ns)   --->   "%inputBuf_V_16_load = load i4 %inputBuf_V_16" [/home/miguel_tfg/FINN-v0.9-Stable/deps/finn-hlslib/mvau.hpp:261]   --->   Operation 192 'load' 'inputBuf_V_16_load' <Predicate = (!icmp_ln249 & !icmp_ln253)> <Delay = 0.00>
ST_1 : Operation 193 [1/1] (0.00ns)   --->   "%inputBuf_V_17_load = load i4 %inputBuf_V_17" [/home/miguel_tfg/FINN-v0.9-Stable/deps/finn-hlslib/mvau.hpp:261]   --->   Operation 193 'load' 'inputBuf_V_17_load' <Predicate = (!icmp_ln249 & !icmp_ln253)> <Delay = 0.00>
ST_1 : Operation 194 [1/1] (0.00ns)   --->   "%inputBuf_V_18_load = load i4 %inputBuf_V_18" [/home/miguel_tfg/FINN-v0.9-Stable/deps/finn-hlslib/mvau.hpp:261]   --->   Operation 194 'load' 'inputBuf_V_18_load' <Predicate = (!icmp_ln249 & !icmp_ln253)> <Delay = 0.00>
ST_1 : Operation 195 [1/1] (0.00ns)   --->   "%inputBuf_V_19_load = load i4 %inputBuf_V_19" [/home/miguel_tfg/FINN-v0.9-Stable/deps/finn-hlslib/mvau.hpp:261]   --->   Operation 195 'load' 'inputBuf_V_19_load' <Predicate = (!icmp_ln249 & !icmp_ln253)> <Delay = 0.00>
ST_1 : Operation 196 [1/1] (0.00ns)   --->   "%inputBuf_V_20_load = load i4 %inputBuf_V_20" [/home/miguel_tfg/FINN-v0.9-Stable/deps/finn-hlslib/mvau.hpp:261]   --->   Operation 196 'load' 'inputBuf_V_20_load' <Predicate = (!icmp_ln249 & !icmp_ln253)> <Delay = 0.00>
ST_1 : Operation 197 [1/1] (0.00ns)   --->   "%inputBuf_V_21_load = load i4 %inputBuf_V_21" [/home/miguel_tfg/FINN-v0.9-Stable/deps/finn-hlslib/mvau.hpp:261]   --->   Operation 197 'load' 'inputBuf_V_21_load' <Predicate = (!icmp_ln249 & !icmp_ln253)> <Delay = 0.00>
ST_1 : Operation 198 [1/1] (0.00ns)   --->   "%inputBuf_V_22_load = load i4 %inputBuf_V_22" [/home/miguel_tfg/FINN-v0.9-Stable/deps/finn-hlslib/mvau.hpp:261]   --->   Operation 198 'load' 'inputBuf_V_22_load' <Predicate = (!icmp_ln249 & !icmp_ln253)> <Delay = 0.00>
ST_1 : Operation 199 [1/1] (0.00ns)   --->   "%inputBuf_V_23_load = load i4 %inputBuf_V_23" [/home/miguel_tfg/FINN-v0.9-Stable/deps/finn-hlslib/mvau.hpp:261]   --->   Operation 199 'load' 'inputBuf_V_23_load' <Predicate = (!icmp_ln249 & !icmp_ln253)> <Delay = 0.00>
ST_1 : Operation 200 [1/1] (0.00ns)   --->   "%inputBuf_V_24_load = load i4 %inputBuf_V_24" [/home/miguel_tfg/FINN-v0.9-Stable/deps/finn-hlslib/mvau.hpp:261]   --->   Operation 200 'load' 'inputBuf_V_24_load' <Predicate = (!icmp_ln249 & !icmp_ln253)> <Delay = 0.00>
ST_1 : Operation 201 [1/1] (0.00ns)   --->   "%inputBuf_V_25_load = load i4 %inputBuf_V_25" [/home/miguel_tfg/FINN-v0.9-Stable/deps/finn-hlslib/mvau.hpp:261]   --->   Operation 201 'load' 'inputBuf_V_25_load' <Predicate = (!icmp_ln249 & !icmp_ln253)> <Delay = 0.00>
ST_1 : Operation 202 [1/1] (0.00ns)   --->   "%inputBuf_V_26_load = load i4 %inputBuf_V_26" [/home/miguel_tfg/FINN-v0.9-Stable/deps/finn-hlslib/mvau.hpp:261]   --->   Operation 202 'load' 'inputBuf_V_26_load' <Predicate = (!icmp_ln249 & !icmp_ln253)> <Delay = 0.00>
ST_1 : Operation 203 [1/1] (0.00ns)   --->   "%inputBuf_V_27_load = load i4 %inputBuf_V_27" [/home/miguel_tfg/FINN-v0.9-Stable/deps/finn-hlslib/mvau.hpp:261]   --->   Operation 203 'load' 'inputBuf_V_27_load' <Predicate = (!icmp_ln249 & !icmp_ln253)> <Delay = 0.00>
ST_1 : Operation 204 [1/1] (0.00ns)   --->   "%inputBuf_V_28_load = load i4 %inputBuf_V_28" [/home/miguel_tfg/FINN-v0.9-Stable/deps/finn-hlslib/mvau.hpp:261]   --->   Operation 204 'load' 'inputBuf_V_28_load' <Predicate = (!icmp_ln249 & !icmp_ln253)> <Delay = 0.00>
ST_1 : Operation 205 [1/1] (0.00ns)   --->   "%inputBuf_V_29_load = load i4 %inputBuf_V_29" [/home/miguel_tfg/FINN-v0.9-Stable/deps/finn-hlslib/mvau.hpp:261]   --->   Operation 205 'load' 'inputBuf_V_29_load' <Predicate = (!icmp_ln249 & !icmp_ln253)> <Delay = 0.00>
ST_1 : Operation 206 [1/1] (0.00ns)   --->   "%inputBuf_V_30_load = load i4 %inputBuf_V_30" [/home/miguel_tfg/FINN-v0.9-Stable/deps/finn-hlslib/mvau.hpp:261]   --->   Operation 206 'load' 'inputBuf_V_30_load' <Predicate = (!icmp_ln249 & !icmp_ln253)> <Delay = 0.00>
ST_1 : Operation 207 [1/1] (0.00ns)   --->   "%inputBuf_V_31_load = load i4 %inputBuf_V_31" [/home/miguel_tfg/FINN-v0.9-Stable/deps/finn-hlslib/mvau.hpp:261]   --->   Operation 207 'load' 'inputBuf_V_31_load' <Predicate = (!icmp_ln249 & !icmp_ln253)> <Delay = 0.00>
ST_1 : Operation 208 [1/1] (0.00ns)   --->   "%inputBuf_V_32_load = load i4 %inputBuf_V_32" [/home/miguel_tfg/FINN-v0.9-Stable/deps/finn-hlslib/mvau.hpp:261]   --->   Operation 208 'load' 'inputBuf_V_32_load' <Predicate = (!icmp_ln249 & !icmp_ln253)> <Delay = 0.00>
ST_1 : Operation 209 [1/1] (0.00ns)   --->   "%inputBuf_V_33_load = load i4 %inputBuf_V_33" [/home/miguel_tfg/FINN-v0.9-Stable/deps/finn-hlslib/mvau.hpp:261]   --->   Operation 209 'load' 'inputBuf_V_33_load' <Predicate = (!icmp_ln249 & !icmp_ln253)> <Delay = 0.00>
ST_1 : Operation 210 [1/1] (0.00ns)   --->   "%inputBuf_V_34_load = load i4 %inputBuf_V_34" [/home/miguel_tfg/FINN-v0.9-Stable/deps/finn-hlslib/mvau.hpp:261]   --->   Operation 210 'load' 'inputBuf_V_34_load' <Predicate = (!icmp_ln249 & !icmp_ln253)> <Delay = 0.00>
ST_1 : Operation 211 [1/1] (0.00ns)   --->   "%inputBuf_V_35_load = load i4 %inputBuf_V_35" [/home/miguel_tfg/FINN-v0.9-Stable/deps/finn-hlslib/mvau.hpp:261]   --->   Operation 211 'load' 'inputBuf_V_35_load' <Predicate = (!icmp_ln249 & !icmp_ln253)> <Delay = 0.00>
ST_1 : Operation 212 [1/1] (0.00ns)   --->   "%inputBuf_V_36_load = load i4 %inputBuf_V_36" [/home/miguel_tfg/FINN-v0.9-Stable/deps/finn-hlslib/mvau.hpp:261]   --->   Operation 212 'load' 'inputBuf_V_36_load' <Predicate = (!icmp_ln249 & !icmp_ln253)> <Delay = 0.00>
ST_1 : Operation 213 [1/1] (0.00ns)   --->   "%inputBuf_V_37_load = load i4 %inputBuf_V_37" [/home/miguel_tfg/FINN-v0.9-Stable/deps/finn-hlslib/mvau.hpp:261]   --->   Operation 213 'load' 'inputBuf_V_37_load' <Predicate = (!icmp_ln249 & !icmp_ln253)> <Delay = 0.00>
ST_1 : Operation 214 [1/1] (0.00ns)   --->   "%inputBuf_V_38_load = load i4 %inputBuf_V_38" [/home/miguel_tfg/FINN-v0.9-Stable/deps/finn-hlslib/mvau.hpp:261]   --->   Operation 214 'load' 'inputBuf_V_38_load' <Predicate = (!icmp_ln249 & !icmp_ln253)> <Delay = 0.00>
ST_1 : Operation 215 [1/1] (0.00ns)   --->   "%inputBuf_V_39_load = load i4 %inputBuf_V_39" [/home/miguel_tfg/FINN-v0.9-Stable/deps/finn-hlslib/mvau.hpp:261]   --->   Operation 215 'load' 'inputBuf_V_39_load' <Predicate = (!icmp_ln249 & !icmp_ln253)> <Delay = 0.00>
ST_1 : Operation 216 [1/1] (0.00ns)   --->   "%inputBuf_V_40_load = load i4 %inputBuf_V_40" [/home/miguel_tfg/FINN-v0.9-Stable/deps/finn-hlslib/mvau.hpp:261]   --->   Operation 216 'load' 'inputBuf_V_40_load' <Predicate = (!icmp_ln249 & !icmp_ln253)> <Delay = 0.00>
ST_1 : Operation 217 [1/1] (0.00ns)   --->   "%inputBuf_V_41_load = load i4 %inputBuf_V_41" [/home/miguel_tfg/FINN-v0.9-Stable/deps/finn-hlslib/mvau.hpp:261]   --->   Operation 217 'load' 'inputBuf_V_41_load' <Predicate = (!icmp_ln249 & !icmp_ln253)> <Delay = 0.00>
ST_1 : Operation 218 [1/1] (0.00ns)   --->   "%inputBuf_V_42_load = load i4 %inputBuf_V_42" [/home/miguel_tfg/FINN-v0.9-Stable/deps/finn-hlslib/mvau.hpp:261]   --->   Operation 218 'load' 'inputBuf_V_42_load' <Predicate = (!icmp_ln249 & !icmp_ln253)> <Delay = 0.00>
ST_1 : Operation 219 [1/1] (0.00ns)   --->   "%inputBuf_V_43_load = load i4 %inputBuf_V_43" [/home/miguel_tfg/FINN-v0.9-Stable/deps/finn-hlslib/mvau.hpp:261]   --->   Operation 219 'load' 'inputBuf_V_43_load' <Predicate = (!icmp_ln249 & !icmp_ln253)> <Delay = 0.00>
ST_1 : Operation 220 [1/1] (0.00ns)   --->   "%inputBuf_V_44_load = load i4 %inputBuf_V_44" [/home/miguel_tfg/FINN-v0.9-Stable/deps/finn-hlslib/mvau.hpp:261]   --->   Operation 220 'load' 'inputBuf_V_44_load' <Predicate = (!icmp_ln249 & !icmp_ln253)> <Delay = 0.00>
ST_1 : Operation 221 [1/1] (0.00ns)   --->   "%inputBuf_V_45_load = load i4 %inputBuf_V_45" [/home/miguel_tfg/FINN-v0.9-Stable/deps/finn-hlslib/mvau.hpp:261]   --->   Operation 221 'load' 'inputBuf_V_45_load' <Predicate = (!icmp_ln249 & !icmp_ln253)> <Delay = 0.00>
ST_1 : Operation 222 [1/1] (0.00ns)   --->   "%inputBuf_V_46_load = load i4 %inputBuf_V_46" [/home/miguel_tfg/FINN-v0.9-Stable/deps/finn-hlslib/mvau.hpp:261]   --->   Operation 222 'load' 'inputBuf_V_46_load' <Predicate = (!icmp_ln249 & !icmp_ln253)> <Delay = 0.00>
ST_1 : Operation 223 [1/1] (0.00ns)   --->   "%inputBuf_V_47_load = load i4 %inputBuf_V_47" [/home/miguel_tfg/FINN-v0.9-Stable/deps/finn-hlslib/mvau.hpp:261]   --->   Operation 223 'load' 'inputBuf_V_47_load' <Predicate = (!icmp_ln249 & !icmp_ln253)> <Delay = 0.00>
ST_1 : Operation 224 [1/1] (0.00ns)   --->   "%inputBuf_V_48_load = load i4 %inputBuf_V_48" [/home/miguel_tfg/FINN-v0.9-Stable/deps/finn-hlslib/mvau.hpp:261]   --->   Operation 224 'load' 'inputBuf_V_48_load' <Predicate = (!icmp_ln249 & !icmp_ln253)> <Delay = 0.00>
ST_1 : Operation 225 [1/1] (0.00ns)   --->   "%inputBuf_V_49_load = load i4 %inputBuf_V_49" [/home/miguel_tfg/FINN-v0.9-Stable/deps/finn-hlslib/mvau.hpp:261]   --->   Operation 225 'load' 'inputBuf_V_49_load' <Predicate = (!icmp_ln249 & !icmp_ln253)> <Delay = 0.00>
ST_1 : Operation 226 [1/1] (0.00ns)   --->   "%inputBuf_V_50_load = load i4 %inputBuf_V_50" [/home/miguel_tfg/FINN-v0.9-Stable/deps/finn-hlslib/mvau.hpp:261]   --->   Operation 226 'load' 'inputBuf_V_50_load' <Predicate = (!icmp_ln249 & !icmp_ln253)> <Delay = 0.00>
ST_1 : Operation 227 [1/1] (0.00ns)   --->   "%inputBuf_V_51_load = load i4 %inputBuf_V_51" [/home/miguel_tfg/FINN-v0.9-Stable/deps/finn-hlslib/mvau.hpp:261]   --->   Operation 227 'load' 'inputBuf_V_51_load' <Predicate = (!icmp_ln249 & !icmp_ln253)> <Delay = 0.00>
ST_1 : Operation 228 [1/1] (0.00ns)   --->   "%inputBuf_V_52_load = load i4 %inputBuf_V_52" [/home/miguel_tfg/FINN-v0.9-Stable/deps/finn-hlslib/mvau.hpp:261]   --->   Operation 228 'load' 'inputBuf_V_52_load' <Predicate = (!icmp_ln249 & !icmp_ln253)> <Delay = 0.00>
ST_1 : Operation 229 [1/1] (0.00ns)   --->   "%inputBuf_V_53_load = load i4 %inputBuf_V_53" [/home/miguel_tfg/FINN-v0.9-Stable/deps/finn-hlslib/mvau.hpp:261]   --->   Operation 229 'load' 'inputBuf_V_53_load' <Predicate = (!icmp_ln249 & !icmp_ln253)> <Delay = 0.00>
ST_1 : Operation 230 [1/1] (0.00ns)   --->   "%inputBuf_V_54_load = load i4 %inputBuf_V_54" [/home/miguel_tfg/FINN-v0.9-Stable/deps/finn-hlslib/mvau.hpp:261]   --->   Operation 230 'load' 'inputBuf_V_54_load' <Predicate = (!icmp_ln249 & !icmp_ln253)> <Delay = 0.00>
ST_1 : Operation 231 [1/1] (0.00ns)   --->   "%inputBuf_V_55_load = load i4 %inputBuf_V_55" [/home/miguel_tfg/FINN-v0.9-Stable/deps/finn-hlslib/mvau.hpp:261]   --->   Operation 231 'load' 'inputBuf_V_55_load' <Predicate = (!icmp_ln249 & !icmp_ln253)> <Delay = 0.00>
ST_1 : Operation 232 [1/1] (0.00ns)   --->   "%inputBuf_V_56_load = load i4 %inputBuf_V_56" [/home/miguel_tfg/FINN-v0.9-Stable/deps/finn-hlslib/mvau.hpp:261]   --->   Operation 232 'load' 'inputBuf_V_56_load' <Predicate = (!icmp_ln249 & !icmp_ln253)> <Delay = 0.00>
ST_1 : Operation 233 [1/1] (0.00ns)   --->   "%inputBuf_V_57_load = load i4 %inputBuf_V_57" [/home/miguel_tfg/FINN-v0.9-Stable/deps/finn-hlslib/mvau.hpp:261]   --->   Operation 233 'load' 'inputBuf_V_57_load' <Predicate = (!icmp_ln249 & !icmp_ln253)> <Delay = 0.00>
ST_1 : Operation 234 [1/1] (0.00ns)   --->   "%inputBuf_V_58_load = load i4 %inputBuf_V_58" [/home/miguel_tfg/FINN-v0.9-Stable/deps/finn-hlslib/mvau.hpp:261]   --->   Operation 234 'load' 'inputBuf_V_58_load' <Predicate = (!icmp_ln249 & !icmp_ln253)> <Delay = 0.00>
ST_1 : Operation 235 [1/1] (0.00ns)   --->   "%inputBuf_V_59_load = load i4 %inputBuf_V_59" [/home/miguel_tfg/FINN-v0.9-Stable/deps/finn-hlslib/mvau.hpp:261]   --->   Operation 235 'load' 'inputBuf_V_59_load' <Predicate = (!icmp_ln249 & !icmp_ln253)> <Delay = 0.00>
ST_1 : Operation 236 [1/1] (0.00ns)   --->   "%inputBuf_V_60_load = load i4 %inputBuf_V_60" [/home/miguel_tfg/FINN-v0.9-Stable/deps/finn-hlslib/mvau.hpp:261]   --->   Operation 236 'load' 'inputBuf_V_60_load' <Predicate = (!icmp_ln249 & !icmp_ln253)> <Delay = 0.00>
ST_1 : Operation 237 [1/1] (0.00ns)   --->   "%inputBuf_V_61_load = load i4 %inputBuf_V_61" [/home/miguel_tfg/FINN-v0.9-Stable/deps/finn-hlslib/mvau.hpp:261]   --->   Operation 237 'load' 'inputBuf_V_61_load' <Predicate = (!icmp_ln249 & !icmp_ln253)> <Delay = 0.00>
ST_1 : Operation 238 [1/1] (0.00ns)   --->   "%inputBuf_V_62_load = load i4 %inputBuf_V_62" [/home/miguel_tfg/FINN-v0.9-Stable/deps/finn-hlslib/mvau.hpp:261]   --->   Operation 238 'load' 'inputBuf_V_62_load' <Predicate = (!icmp_ln249 & !icmp_ln253)> <Delay = 0.00>
ST_1 : Operation 239 [1/1] (0.00ns)   --->   "%inputBuf_V_63_load = load i4 %inputBuf_V_63" [/home/miguel_tfg/FINN-v0.9-Stable/deps/finn-hlslib/mvau.hpp:261]   --->   Operation 239 'load' 'inputBuf_V_63_load' <Predicate = (!icmp_ln249 & !icmp_ln253)> <Delay = 0.00>
ST_1 : Operation 240 [1/1] (0.00ns)   --->   "%inputBuf_V_64_load = load i4 %inputBuf_V_64" [/home/miguel_tfg/FINN-v0.9-Stable/deps/finn-hlslib/mvau.hpp:261]   --->   Operation 240 'load' 'inputBuf_V_64_load' <Predicate = (!icmp_ln249 & !icmp_ln253)> <Delay = 0.00>
ST_1 : Operation 241 [1/1] (0.00ns)   --->   "%inputBuf_V_65_load = load i4 %inputBuf_V_65" [/home/miguel_tfg/FINN-v0.9-Stable/deps/finn-hlslib/mvau.hpp:261]   --->   Operation 241 'load' 'inputBuf_V_65_load' <Predicate = (!icmp_ln249 & !icmp_ln253)> <Delay = 0.00>
ST_1 : Operation 242 [1/1] (0.00ns)   --->   "%inputBuf_V_66_load = load i4 %inputBuf_V_66" [/home/miguel_tfg/FINN-v0.9-Stable/deps/finn-hlslib/mvau.hpp:261]   --->   Operation 242 'load' 'inputBuf_V_66_load' <Predicate = (!icmp_ln249 & !icmp_ln253)> <Delay = 0.00>
ST_1 : Operation 243 [1/1] (0.00ns)   --->   "%inputBuf_V_67_load = load i4 %inputBuf_V_67" [/home/miguel_tfg/FINN-v0.9-Stable/deps/finn-hlslib/mvau.hpp:261]   --->   Operation 243 'load' 'inputBuf_V_67_load' <Predicate = (!icmp_ln249 & !icmp_ln253)> <Delay = 0.00>
ST_1 : Operation 244 [1/1] (0.00ns)   --->   "%inputBuf_V_68_load = load i4 %inputBuf_V_68" [/home/miguel_tfg/FINN-v0.9-Stable/deps/finn-hlslib/mvau.hpp:261]   --->   Operation 244 'load' 'inputBuf_V_68_load' <Predicate = (!icmp_ln249 & !icmp_ln253)> <Delay = 0.00>
ST_1 : Operation 245 [1/1] (0.00ns)   --->   "%inputBuf_V_69_load = load i4 %inputBuf_V_69" [/home/miguel_tfg/FINN-v0.9-Stable/deps/finn-hlslib/mvau.hpp:261]   --->   Operation 245 'load' 'inputBuf_V_69_load' <Predicate = (!icmp_ln249 & !icmp_ln253)> <Delay = 0.00>
ST_1 : Operation 246 [1/1] (0.00ns)   --->   "%inputBuf_V_70_load = load i4 %inputBuf_V_70" [/home/miguel_tfg/FINN-v0.9-Stable/deps/finn-hlslib/mvau.hpp:261]   --->   Operation 246 'load' 'inputBuf_V_70_load' <Predicate = (!icmp_ln249 & !icmp_ln253)> <Delay = 0.00>
ST_1 : Operation 247 [1/1] (0.00ns)   --->   "%inputBuf_V_71_load = load i4 %inputBuf_V_71" [/home/miguel_tfg/FINN-v0.9-Stable/deps/finn-hlslib/mvau.hpp:261]   --->   Operation 247 'load' 'inputBuf_V_71_load' <Predicate = (!icmp_ln249 & !icmp_ln253)> <Delay = 0.00>
ST_1 : Operation 248 [1/1] (0.00ns)   --->   "%inputBuf_V_72_load = load i4 %inputBuf_V_72" [/home/miguel_tfg/FINN-v0.9-Stable/deps/finn-hlslib/mvau.hpp:261]   --->   Operation 248 'load' 'inputBuf_V_72_load' <Predicate = (!icmp_ln249 & !icmp_ln253)> <Delay = 0.00>
ST_1 : Operation 249 [1/1] (0.00ns)   --->   "%inputBuf_V_73_load = load i4 %inputBuf_V_73" [/home/miguel_tfg/FINN-v0.9-Stable/deps/finn-hlslib/mvau.hpp:261]   --->   Operation 249 'load' 'inputBuf_V_73_load' <Predicate = (!icmp_ln249 & !icmp_ln253)> <Delay = 0.00>
ST_1 : Operation 250 [1/1] (0.00ns)   --->   "%inputBuf_V_74_load = load i4 %inputBuf_V_74" [/home/miguel_tfg/FINN-v0.9-Stable/deps/finn-hlslib/mvau.hpp:261]   --->   Operation 250 'load' 'inputBuf_V_74_load' <Predicate = (!icmp_ln249 & !icmp_ln253)> <Delay = 0.00>
ST_1 : Operation 251 [1/1] (0.00ns)   --->   "%inputBuf_V_75_load = load i4 %inputBuf_V_75" [/home/miguel_tfg/FINN-v0.9-Stable/deps/finn-hlslib/mvau.hpp:261]   --->   Operation 251 'load' 'inputBuf_V_75_load' <Predicate = (!icmp_ln249 & !icmp_ln253)> <Delay = 0.00>
ST_1 : Operation 252 [1/1] (0.00ns)   --->   "%inputBuf_V_76_load = load i4 %inputBuf_V_76" [/home/miguel_tfg/FINN-v0.9-Stable/deps/finn-hlslib/mvau.hpp:261]   --->   Operation 252 'load' 'inputBuf_V_76_load' <Predicate = (!icmp_ln249 & !icmp_ln253)> <Delay = 0.00>
ST_1 : Operation 253 [1/1] (0.00ns)   --->   "%inputBuf_V_77_load = load i4 %inputBuf_V_77" [/home/miguel_tfg/FINN-v0.9-Stable/deps/finn-hlslib/mvau.hpp:261]   --->   Operation 253 'load' 'inputBuf_V_77_load' <Predicate = (!icmp_ln249 & !icmp_ln253)> <Delay = 0.00>
ST_1 : Operation 254 [1/1] (0.00ns)   --->   "%inputBuf_V_78_load = load i4 %inputBuf_V_78" [/home/miguel_tfg/FINN-v0.9-Stable/deps/finn-hlslib/mvau.hpp:261]   --->   Operation 254 'load' 'inputBuf_V_78_load' <Predicate = (!icmp_ln249 & !icmp_ln253)> <Delay = 0.00>
ST_1 : Operation 255 [1/1] (0.00ns)   --->   "%inputBuf_V_79_load = load i4 %inputBuf_V_79" [/home/miguel_tfg/FINN-v0.9-Stable/deps/finn-hlslib/mvau.hpp:261]   --->   Operation 255 'load' 'inputBuf_V_79_load' <Predicate = (!icmp_ln249 & !icmp_ln253)> <Delay = 0.00>
ST_1 : Operation 256 [1/1] (0.00ns)   --->   "%inputBuf_V_80_load = load i4 %inputBuf_V_80" [/home/miguel_tfg/FINN-v0.9-Stable/deps/finn-hlslib/mvau.hpp:261]   --->   Operation 256 'load' 'inputBuf_V_80_load' <Predicate = (!icmp_ln249 & !icmp_ln253)> <Delay = 0.00>
ST_1 : Operation 257 [1/1] (0.00ns)   --->   "%inputBuf_V_81_load = load i4 %inputBuf_V_81" [/home/miguel_tfg/FINN-v0.9-Stable/deps/finn-hlslib/mvau.hpp:261]   --->   Operation 257 'load' 'inputBuf_V_81_load' <Predicate = (!icmp_ln249 & !icmp_ln253)> <Delay = 0.00>
ST_1 : Operation 258 [1/1] (0.00ns)   --->   "%inputBuf_V_82_load = load i4 %inputBuf_V_82" [/home/miguel_tfg/FINN-v0.9-Stable/deps/finn-hlslib/mvau.hpp:261]   --->   Operation 258 'load' 'inputBuf_V_82_load' <Predicate = (!icmp_ln249 & !icmp_ln253)> <Delay = 0.00>
ST_1 : Operation 259 [1/1] (0.00ns)   --->   "%inputBuf_V_83_load = load i4 %inputBuf_V_83" [/home/miguel_tfg/FINN-v0.9-Stable/deps/finn-hlslib/mvau.hpp:261]   --->   Operation 259 'load' 'inputBuf_V_83_load' <Predicate = (!icmp_ln249 & !icmp_ln253)> <Delay = 0.00>
ST_1 : Operation 260 [1/1] (0.00ns)   --->   "%inputBuf_V_84_load = load i4 %inputBuf_V_84" [/home/miguel_tfg/FINN-v0.9-Stable/deps/finn-hlslib/mvau.hpp:261]   --->   Operation 260 'load' 'inputBuf_V_84_load' <Predicate = (!icmp_ln249 & !icmp_ln253)> <Delay = 0.00>
ST_1 : Operation 261 [1/1] (0.00ns)   --->   "%inputBuf_V_85_load = load i4 %inputBuf_V_85" [/home/miguel_tfg/FINN-v0.9-Stable/deps/finn-hlslib/mvau.hpp:261]   --->   Operation 261 'load' 'inputBuf_V_85_load' <Predicate = (!icmp_ln249 & !icmp_ln253)> <Delay = 0.00>
ST_1 : Operation 262 [1/1] (0.00ns)   --->   "%inputBuf_V_86_load = load i4 %inputBuf_V_86" [/home/miguel_tfg/FINN-v0.9-Stable/deps/finn-hlslib/mvau.hpp:261]   --->   Operation 262 'load' 'inputBuf_V_86_load' <Predicate = (!icmp_ln249 & !icmp_ln253)> <Delay = 0.00>
ST_1 : Operation 263 [1/1] (0.00ns)   --->   "%inputBuf_V_87_load = load i4 %inputBuf_V_87" [/home/miguel_tfg/FINN-v0.9-Stable/deps/finn-hlslib/mvau.hpp:261]   --->   Operation 263 'load' 'inputBuf_V_87_load' <Predicate = (!icmp_ln249 & !icmp_ln253)> <Delay = 0.00>
ST_1 : Operation 264 [1/1] (0.00ns)   --->   "%inputBuf_V_88_load = load i4 %inputBuf_V_88" [/home/miguel_tfg/FINN-v0.9-Stable/deps/finn-hlslib/mvau.hpp:261]   --->   Operation 264 'load' 'inputBuf_V_88_load' <Predicate = (!icmp_ln249 & !icmp_ln253)> <Delay = 0.00>
ST_1 : Operation 265 [1/1] (0.00ns)   --->   "%inputBuf_V_89_load = load i4 %inputBuf_V_89" [/home/miguel_tfg/FINN-v0.9-Stable/deps/finn-hlslib/mvau.hpp:261]   --->   Operation 265 'load' 'inputBuf_V_89_load' <Predicate = (!icmp_ln249 & !icmp_ln253)> <Delay = 0.00>
ST_1 : Operation 266 [1/1] (0.00ns)   --->   "%inputBuf_V_90_load = load i4 %inputBuf_V_90" [/home/miguel_tfg/FINN-v0.9-Stable/deps/finn-hlslib/mvau.hpp:261]   --->   Operation 266 'load' 'inputBuf_V_90_load' <Predicate = (!icmp_ln249 & !icmp_ln253)> <Delay = 0.00>
ST_1 : Operation 267 [1/1] (0.00ns)   --->   "%inputBuf_V_91_load = load i4 %inputBuf_V_91" [/home/miguel_tfg/FINN-v0.9-Stable/deps/finn-hlslib/mvau.hpp:261]   --->   Operation 267 'load' 'inputBuf_V_91_load' <Predicate = (!icmp_ln249 & !icmp_ln253)> <Delay = 0.00>
ST_1 : Operation 268 [1/1] (0.00ns)   --->   "%inputBuf_V_92_load = load i4 %inputBuf_V_92" [/home/miguel_tfg/FINN-v0.9-Stable/deps/finn-hlslib/mvau.hpp:261]   --->   Operation 268 'load' 'inputBuf_V_92_load' <Predicate = (!icmp_ln249 & !icmp_ln253)> <Delay = 0.00>
ST_1 : Operation 269 [1/1] (0.00ns)   --->   "%inputBuf_V_93_load = load i4 %inputBuf_V_93" [/home/miguel_tfg/FINN-v0.9-Stable/deps/finn-hlslib/mvau.hpp:261]   --->   Operation 269 'load' 'inputBuf_V_93_load' <Predicate = (!icmp_ln249 & !icmp_ln253)> <Delay = 0.00>
ST_1 : Operation 270 [1/1] (0.00ns)   --->   "%inputBuf_V_94_load = load i4 %inputBuf_V_94" [/home/miguel_tfg/FINN-v0.9-Stable/deps/finn-hlslib/mvau.hpp:261]   --->   Operation 270 'load' 'inputBuf_V_94_load' <Predicate = (!icmp_ln249 & !icmp_ln253)> <Delay = 0.00>
ST_1 : Operation 271 [1/1] (0.00ns)   --->   "%inputBuf_V_95_load = load i4 %inputBuf_V_95" [/home/miguel_tfg/FINN-v0.9-Stable/deps/finn-hlslib/mvau.hpp:261]   --->   Operation 271 'load' 'inputBuf_V_95_load' <Predicate = (!icmp_ln249 & !icmp_ln253)> <Delay = 0.00>
ST_1 : Operation 272 [1/1] (0.00ns)   --->   "%inputBuf_V_96_load = load i4 %inputBuf_V_96" [/home/miguel_tfg/FINN-v0.9-Stable/deps/finn-hlslib/mvau.hpp:261]   --->   Operation 272 'load' 'inputBuf_V_96_load' <Predicate = (!icmp_ln249 & !icmp_ln253)> <Delay = 0.00>
ST_1 : Operation 273 [1/1] (0.00ns)   --->   "%inputBuf_V_97_load = load i4 %inputBuf_V_97" [/home/miguel_tfg/FINN-v0.9-Stable/deps/finn-hlslib/mvau.hpp:261]   --->   Operation 273 'load' 'inputBuf_V_97_load' <Predicate = (!icmp_ln249 & !icmp_ln253)> <Delay = 0.00>
ST_1 : Operation 274 [1/1] (0.00ns)   --->   "%inputBuf_V_98_load = load i4 %inputBuf_V_98" [/home/miguel_tfg/FINN-v0.9-Stable/deps/finn-hlslib/mvau.hpp:261]   --->   Operation 274 'load' 'inputBuf_V_98_load' <Predicate = (!icmp_ln249 & !icmp_ln253)> <Delay = 0.00>
ST_1 : Operation 275 [1/1] (0.00ns)   --->   "%inputBuf_V_99_load = load i4 %inputBuf_V_99" [/home/miguel_tfg/FINN-v0.9-Stable/deps/finn-hlslib/mvau.hpp:261]   --->   Operation 275 'load' 'inputBuf_V_99_load' <Predicate = (!icmp_ln249 & !icmp_ln253)> <Delay = 0.00>
ST_1 : Operation 276 [1/1] (0.00ns)   --->   "%inputBuf_V_100_load = load i4 %inputBuf_V_100" [/home/miguel_tfg/FINN-v0.9-Stable/deps/finn-hlslib/mvau.hpp:261]   --->   Operation 276 'load' 'inputBuf_V_100_load' <Predicate = (!icmp_ln249 & !icmp_ln253)> <Delay = 0.00>
ST_1 : Operation 277 [1/1] (0.00ns)   --->   "%inputBuf_V_101_load = load i4 %inputBuf_V_101" [/home/miguel_tfg/FINN-v0.9-Stable/deps/finn-hlslib/mvau.hpp:261]   --->   Operation 277 'load' 'inputBuf_V_101_load' <Predicate = (!icmp_ln249 & !icmp_ln253)> <Delay = 0.00>
ST_1 : Operation 278 [1/1] (0.00ns)   --->   "%inputBuf_V_102_load = load i4 %inputBuf_V_102" [/home/miguel_tfg/FINN-v0.9-Stable/deps/finn-hlslib/mvau.hpp:261]   --->   Operation 278 'load' 'inputBuf_V_102_load' <Predicate = (!icmp_ln249 & !icmp_ln253)> <Delay = 0.00>
ST_1 : Operation 279 [1/1] (0.00ns)   --->   "%inputBuf_V_103_load = load i4 %inputBuf_V_103" [/home/miguel_tfg/FINN-v0.9-Stable/deps/finn-hlslib/mvau.hpp:261]   --->   Operation 279 'load' 'inputBuf_V_103_load' <Predicate = (!icmp_ln249 & !icmp_ln253)> <Delay = 0.00>
ST_1 : Operation 280 [1/1] (0.00ns)   --->   "%inputBuf_V_104_load = load i4 %inputBuf_V_104" [/home/miguel_tfg/FINN-v0.9-Stable/deps/finn-hlslib/mvau.hpp:261]   --->   Operation 280 'load' 'inputBuf_V_104_load' <Predicate = (!icmp_ln249 & !icmp_ln253)> <Delay = 0.00>
ST_1 : Operation 281 [1/1] (0.00ns)   --->   "%inputBuf_V_105_load = load i4 %inputBuf_V_105" [/home/miguel_tfg/FINN-v0.9-Stable/deps/finn-hlslib/mvau.hpp:261]   --->   Operation 281 'load' 'inputBuf_V_105_load' <Predicate = (!icmp_ln249 & !icmp_ln253)> <Delay = 0.00>
ST_1 : Operation 282 [1/1] (0.00ns)   --->   "%inputBuf_V_106_load = load i4 %inputBuf_V_106" [/home/miguel_tfg/FINN-v0.9-Stable/deps/finn-hlslib/mvau.hpp:261]   --->   Operation 282 'load' 'inputBuf_V_106_load' <Predicate = (!icmp_ln249 & !icmp_ln253)> <Delay = 0.00>
ST_1 : Operation 283 [1/1] (0.00ns)   --->   "%inputBuf_V_107_load = load i4 %inputBuf_V_107" [/home/miguel_tfg/FINN-v0.9-Stable/deps/finn-hlslib/mvau.hpp:261]   --->   Operation 283 'load' 'inputBuf_V_107_load' <Predicate = (!icmp_ln249 & !icmp_ln253)> <Delay = 0.00>
ST_1 : Operation 284 [1/1] (0.00ns)   --->   "%inputBuf_V_108_load = load i4 %inputBuf_V_108" [/home/miguel_tfg/FINN-v0.9-Stable/deps/finn-hlslib/mvau.hpp:261]   --->   Operation 284 'load' 'inputBuf_V_108_load' <Predicate = (!icmp_ln249 & !icmp_ln253)> <Delay = 0.00>
ST_1 : Operation 285 [1/1] (0.00ns)   --->   "%inputBuf_V_109_load = load i4 %inputBuf_V_109" [/home/miguel_tfg/FINN-v0.9-Stable/deps/finn-hlslib/mvau.hpp:261]   --->   Operation 285 'load' 'inputBuf_V_109_load' <Predicate = (!icmp_ln249 & !icmp_ln253)> <Delay = 0.00>
ST_1 : Operation 286 [1/1] (0.00ns)   --->   "%inputBuf_V_110_load = load i4 %inputBuf_V_110" [/home/miguel_tfg/FINN-v0.9-Stable/deps/finn-hlslib/mvau.hpp:261]   --->   Operation 286 'load' 'inputBuf_V_110_load' <Predicate = (!icmp_ln249 & !icmp_ln253)> <Delay = 0.00>
ST_1 : Operation 287 [1/1] (0.00ns)   --->   "%inputBuf_V_111_load = load i4 %inputBuf_V_111" [/home/miguel_tfg/FINN-v0.9-Stable/deps/finn-hlslib/mvau.hpp:261]   --->   Operation 287 'load' 'inputBuf_V_111_load' <Predicate = (!icmp_ln249 & !icmp_ln253)> <Delay = 0.00>
ST_1 : Operation 288 [1/1] (0.00ns)   --->   "%inputBuf_V_112_load = load i4 %inputBuf_V_112" [/home/miguel_tfg/FINN-v0.9-Stable/deps/finn-hlslib/mvau.hpp:261]   --->   Operation 288 'load' 'inputBuf_V_112_load' <Predicate = (!icmp_ln249 & !icmp_ln253)> <Delay = 0.00>
ST_1 : Operation 289 [1/1] (0.00ns)   --->   "%inputBuf_V_113_load = load i4 %inputBuf_V_113" [/home/miguel_tfg/FINN-v0.9-Stable/deps/finn-hlslib/mvau.hpp:261]   --->   Operation 289 'load' 'inputBuf_V_113_load' <Predicate = (!icmp_ln249 & !icmp_ln253)> <Delay = 0.00>
ST_1 : Operation 290 [1/1] (0.00ns)   --->   "%inputBuf_V_114_load = load i4 %inputBuf_V_114" [/home/miguel_tfg/FINN-v0.9-Stable/deps/finn-hlslib/mvau.hpp:261]   --->   Operation 290 'load' 'inputBuf_V_114_load' <Predicate = (!icmp_ln249 & !icmp_ln253)> <Delay = 0.00>
ST_1 : Operation 291 [1/1] (0.00ns)   --->   "%inputBuf_V_115_load = load i4 %inputBuf_V_115" [/home/miguel_tfg/FINN-v0.9-Stable/deps/finn-hlslib/mvau.hpp:261]   --->   Operation 291 'load' 'inputBuf_V_115_load' <Predicate = (!icmp_ln249 & !icmp_ln253)> <Delay = 0.00>
ST_1 : Operation 292 [1/1] (0.00ns)   --->   "%inputBuf_V_116_load = load i4 %inputBuf_V_116" [/home/miguel_tfg/FINN-v0.9-Stable/deps/finn-hlslib/mvau.hpp:261]   --->   Operation 292 'load' 'inputBuf_V_116_load' <Predicate = (!icmp_ln249 & !icmp_ln253)> <Delay = 0.00>
ST_1 : Operation 293 [1/1] (0.00ns)   --->   "%inputBuf_V_117_load = load i4 %inputBuf_V_117" [/home/miguel_tfg/FINN-v0.9-Stable/deps/finn-hlslib/mvau.hpp:261]   --->   Operation 293 'load' 'inputBuf_V_117_load' <Predicate = (!icmp_ln249 & !icmp_ln253)> <Delay = 0.00>
ST_1 : Operation 294 [1/1] (0.00ns)   --->   "%inputBuf_V_118_load = load i4 %inputBuf_V_118" [/home/miguel_tfg/FINN-v0.9-Stable/deps/finn-hlslib/mvau.hpp:261]   --->   Operation 294 'load' 'inputBuf_V_118_load' <Predicate = (!icmp_ln249 & !icmp_ln253)> <Delay = 0.00>
ST_1 : Operation 295 [1/1] (0.00ns)   --->   "%inputBuf_V_119_load = load i4 %inputBuf_V_119" [/home/miguel_tfg/FINN-v0.9-Stable/deps/finn-hlslib/mvau.hpp:261]   --->   Operation 295 'load' 'inputBuf_V_119_load' <Predicate = (!icmp_ln249 & !icmp_ln253)> <Delay = 0.00>
ST_1 : Operation 296 [1/1] (0.00ns)   --->   "%inputBuf_V_120_load = load i4 %inputBuf_V_120" [/home/miguel_tfg/FINN-v0.9-Stable/deps/finn-hlslib/mvau.hpp:261]   --->   Operation 296 'load' 'inputBuf_V_120_load' <Predicate = (!icmp_ln249 & !icmp_ln253)> <Delay = 0.00>
ST_1 : Operation 297 [1/1] (0.00ns)   --->   "%inputBuf_V_121_load = load i4 %inputBuf_V_121" [/home/miguel_tfg/FINN-v0.9-Stable/deps/finn-hlslib/mvau.hpp:261]   --->   Operation 297 'load' 'inputBuf_V_121_load' <Predicate = (!icmp_ln249 & !icmp_ln253)> <Delay = 0.00>
ST_1 : Operation 298 [1/1] (0.00ns)   --->   "%inputBuf_V_122_load = load i4 %inputBuf_V_122" [/home/miguel_tfg/FINN-v0.9-Stable/deps/finn-hlslib/mvau.hpp:261]   --->   Operation 298 'load' 'inputBuf_V_122_load' <Predicate = (!icmp_ln249 & !icmp_ln253)> <Delay = 0.00>
ST_1 : Operation 299 [1/1] (0.00ns)   --->   "%inputBuf_V_123_load = load i4 %inputBuf_V_123" [/home/miguel_tfg/FINN-v0.9-Stable/deps/finn-hlslib/mvau.hpp:261]   --->   Operation 299 'load' 'inputBuf_V_123_load' <Predicate = (!icmp_ln249 & !icmp_ln253)> <Delay = 0.00>
ST_1 : Operation 300 [1/1] (0.00ns)   --->   "%inputBuf_V_124_load = load i4 %inputBuf_V_124" [/home/miguel_tfg/FINN-v0.9-Stable/deps/finn-hlslib/mvau.hpp:261]   --->   Operation 300 'load' 'inputBuf_V_124_load' <Predicate = (!icmp_ln249 & !icmp_ln253)> <Delay = 0.00>
ST_1 : Operation 301 [1/1] (0.00ns)   --->   "%inputBuf_V_125_load = load i4 %inputBuf_V_125" [/home/miguel_tfg/FINN-v0.9-Stable/deps/finn-hlslib/mvau.hpp:261]   --->   Operation 301 'load' 'inputBuf_V_125_load' <Predicate = (!icmp_ln249 & !icmp_ln253)> <Delay = 0.00>
ST_1 : Operation 302 [1/1] (0.00ns)   --->   "%inputBuf_V_126_load = load i4 %inputBuf_V_126" [/home/miguel_tfg/FINN-v0.9-Stable/deps/finn-hlslib/mvau.hpp:261]   --->   Operation 302 'load' 'inputBuf_V_126_load' <Predicate = (!icmp_ln249 & !icmp_ln253)> <Delay = 0.00>
ST_1 : Operation 303 [1/1] (0.00ns)   --->   "%inputBuf_V_127_load = load i4 %inputBuf_V_127" [/home/miguel_tfg/FINN-v0.9-Stable/deps/finn-hlslib/mvau.hpp:261]   --->   Operation 303 'load' 'inputBuf_V_127_load' <Predicate = (!icmp_ln249 & !icmp_ln253)> <Delay = 0.00>
ST_1 : Operation 304 [1/1] (0.00ns)   --->   "%inputBuf_V_128_load = load i4 %inputBuf_V_128" [/home/miguel_tfg/FINN-v0.9-Stable/deps/finn-hlslib/mvau.hpp:261]   --->   Operation 304 'load' 'inputBuf_V_128_load' <Predicate = (!icmp_ln249 & !icmp_ln253)> <Delay = 0.00>
ST_1 : Operation 305 [1/1] (0.00ns)   --->   "%inputBuf_V_129_load = load i4 %inputBuf_V_129" [/home/miguel_tfg/FINN-v0.9-Stable/deps/finn-hlslib/mvau.hpp:261]   --->   Operation 305 'load' 'inputBuf_V_129_load' <Predicate = (!icmp_ln249 & !icmp_ln253)> <Delay = 0.00>
ST_1 : Operation 306 [1/1] (0.00ns)   --->   "%inputBuf_V_130_load = load i4 %inputBuf_V_130" [/home/miguel_tfg/FINN-v0.9-Stable/deps/finn-hlslib/mvau.hpp:261]   --->   Operation 306 'load' 'inputBuf_V_130_load' <Predicate = (!icmp_ln249 & !icmp_ln253)> <Delay = 0.00>
ST_1 : Operation 307 [1/1] (0.00ns)   --->   "%inputBuf_V_131_load = load i4 %inputBuf_V_131" [/home/miguel_tfg/FINN-v0.9-Stable/deps/finn-hlslib/mvau.hpp:261]   --->   Operation 307 'load' 'inputBuf_V_131_load' <Predicate = (!icmp_ln249 & !icmp_ln253)> <Delay = 0.00>
ST_1 : Operation 308 [1/1] (0.00ns)   --->   "%inputBuf_V_132_load = load i4 %inputBuf_V_132" [/home/miguel_tfg/FINN-v0.9-Stable/deps/finn-hlslib/mvau.hpp:261]   --->   Operation 308 'load' 'inputBuf_V_132_load' <Predicate = (!icmp_ln249 & !icmp_ln253)> <Delay = 0.00>
ST_1 : Operation 309 [1/1] (0.00ns)   --->   "%inputBuf_V_133_load = load i4 %inputBuf_V_133" [/home/miguel_tfg/FINN-v0.9-Stable/deps/finn-hlslib/mvau.hpp:261]   --->   Operation 309 'load' 'inputBuf_V_133_load' <Predicate = (!icmp_ln249 & !icmp_ln253)> <Delay = 0.00>
ST_1 : Operation 310 [1/1] (0.00ns)   --->   "%inputBuf_V_134_load = load i4 %inputBuf_V_134" [/home/miguel_tfg/FINN-v0.9-Stable/deps/finn-hlslib/mvau.hpp:261]   --->   Operation 310 'load' 'inputBuf_V_134_load' <Predicate = (!icmp_ln249 & !icmp_ln253)> <Delay = 0.00>
ST_1 : Operation 311 [1/1] (0.00ns)   --->   "%inputBuf_V_135_load = load i4 %inputBuf_V_135" [/home/miguel_tfg/FINN-v0.9-Stable/deps/finn-hlslib/mvau.hpp:261]   --->   Operation 311 'load' 'inputBuf_V_135_load' <Predicate = (!icmp_ln249 & !icmp_ln253)> <Delay = 0.00>
ST_1 : Operation 312 [1/1] (0.00ns)   --->   "%inputBuf_V_136_load = load i4 %inputBuf_V_136" [/home/miguel_tfg/FINN-v0.9-Stable/deps/finn-hlslib/mvau.hpp:261]   --->   Operation 312 'load' 'inputBuf_V_136_load' <Predicate = (!icmp_ln249 & !icmp_ln253)> <Delay = 0.00>
ST_1 : Operation 313 [1/1] (0.00ns)   --->   "%inputBuf_V_137_load = load i4 %inputBuf_V_137" [/home/miguel_tfg/FINN-v0.9-Stable/deps/finn-hlslib/mvau.hpp:261]   --->   Operation 313 'load' 'inputBuf_V_137_load' <Predicate = (!icmp_ln249 & !icmp_ln253)> <Delay = 0.00>
ST_1 : Operation 314 [1/1] (0.00ns)   --->   "%inputBuf_V_138_load = load i4 %inputBuf_V_138" [/home/miguel_tfg/FINN-v0.9-Stable/deps/finn-hlslib/mvau.hpp:261]   --->   Operation 314 'load' 'inputBuf_V_138_load' <Predicate = (!icmp_ln249 & !icmp_ln253)> <Delay = 0.00>
ST_1 : Operation 315 [1/1] (0.00ns)   --->   "%inputBuf_V_139_load = load i4 %inputBuf_V_139" [/home/miguel_tfg/FINN-v0.9-Stable/deps/finn-hlslib/mvau.hpp:261]   --->   Operation 315 'load' 'inputBuf_V_139_load' <Predicate = (!icmp_ln249 & !icmp_ln253)> <Delay = 0.00>
ST_1 : Operation 316 [1/1] (0.00ns)   --->   "%inputBuf_V_140_load = load i4 %inputBuf_V_140" [/home/miguel_tfg/FINN-v0.9-Stable/deps/finn-hlslib/mvau.hpp:261]   --->   Operation 316 'load' 'inputBuf_V_140_load' <Predicate = (!icmp_ln249 & !icmp_ln253)> <Delay = 0.00>
ST_1 : Operation 317 [1/1] (0.00ns)   --->   "%inputBuf_V_141_load = load i4 %inputBuf_V_141" [/home/miguel_tfg/FINN-v0.9-Stable/deps/finn-hlslib/mvau.hpp:261]   --->   Operation 317 'load' 'inputBuf_V_141_load' <Predicate = (!icmp_ln249 & !icmp_ln253)> <Delay = 0.00>
ST_1 : Operation 318 [1/1] (0.00ns)   --->   "%inputBuf_V_142_load = load i4 %inputBuf_V_142" [/home/miguel_tfg/FINN-v0.9-Stable/deps/finn-hlslib/mvau.hpp:261]   --->   Operation 318 'load' 'inputBuf_V_142_load' <Predicate = (!icmp_ln249 & !icmp_ln253)> <Delay = 0.00>
ST_1 : Operation 319 [1/1] (0.00ns)   --->   "%inputBuf_V_143_load = load i4 %inputBuf_V_143" [/home/miguel_tfg/FINN-v0.9-Stable/deps/finn-hlslib/mvau.hpp:261]   --->   Operation 319 'load' 'inputBuf_V_143_load' <Predicate = (!icmp_ln249 & !icmp_ln253)> <Delay = 0.00>
ST_1 : Operation 320 [1/1] (0.00ns)   --->   "%trunc_ln261 = trunc i32 %sf_1" [/home/miguel_tfg/FINN-v0.9-Stable/deps/finn-hlslib/mvau.hpp:261]   --->   Operation 320 'trunc' 'trunc_ln261' <Predicate = (!icmp_ln249 & !icmp_ln253)> <Delay = 0.00>
ST_1 : Operation 321 [1/1] (4.35ns)   --->   "%tmp = mux i4 @_ssdm_op_Mux.ap_auto.144i4.i8, i4 %inputBuf_V_load, i4 %inputBuf_V_1_load, i4 %inputBuf_V_2_load, i4 %inputBuf_V_3_load, i4 %inputBuf_V_4_load, i4 %inputBuf_V_5_load, i4 %inputBuf_V_6_load, i4 %inputBuf_V_7_load, i4 %inputBuf_V_8_load, i4 %inputBuf_V_9_load, i4 %inputBuf_V_10_load, i4 %inputBuf_V_11_load, i4 %inputBuf_V_12_load, i4 %inputBuf_V_13_load, i4 %inputBuf_V_14_load, i4 %inputBuf_V_15_load, i4 %inputBuf_V_16_load, i4 %inputBuf_V_17_load, i4 %inputBuf_V_18_load, i4 %inputBuf_V_19_load, i4 %inputBuf_V_20_load, i4 %inputBuf_V_21_load, i4 %inputBuf_V_22_load, i4 %inputBuf_V_23_load, i4 %inputBuf_V_24_load, i4 %inputBuf_V_25_load, i4 %inputBuf_V_26_load, i4 %inputBuf_V_27_load, i4 %inputBuf_V_28_load, i4 %inputBuf_V_29_load, i4 %inputBuf_V_30_load, i4 %inputBuf_V_31_load, i4 %inputBuf_V_32_load, i4 %inputBuf_V_33_load, i4 %inputBuf_V_34_load, i4 %inputBuf_V_35_load, i4 %inputBuf_V_36_load, i4 %inputBuf_V_37_load, i4 %inputBuf_V_38_load, i4 %inputBuf_V_39_load, i4 %inputBuf_V_40_load, i4 %inputBuf_V_41_load, i4 %inputBuf_V_42_load, i4 %inputBuf_V_43_load, i4 %inputBuf_V_44_load, i4 %inputBuf_V_45_load, i4 %inputBuf_V_46_load, i4 %inputBuf_V_47_load, i4 %inputBuf_V_48_load, i4 %inputBuf_V_49_load, i4 %inputBuf_V_50_load, i4 %inputBuf_V_51_load, i4 %inputBuf_V_52_load, i4 %inputBuf_V_53_load, i4 %inputBuf_V_54_load, i4 %inputBuf_V_55_load, i4 %inputBuf_V_56_load, i4 %inputBuf_V_57_load, i4 %inputBuf_V_58_load, i4 %inputBuf_V_59_load, i4 %inputBuf_V_60_load, i4 %inputBuf_V_61_load, i4 %inputBuf_V_62_load, i4 %inputBuf_V_63_load, i4 %inputBuf_V_64_load, i4 %inputBuf_V_65_load, i4 %inputBuf_V_66_load, i4 %inputBuf_V_67_load, i4 %inputBuf_V_68_load, i4 %inputBuf_V_69_load, i4 %inputBuf_V_70_load, i4 %inputBuf_V_71_load, i4 %inputBuf_V_72_load, i4 %inputBuf_V_73_load, i4 %inputBuf_V_74_load, i4 %inputBuf_V_75_load, i4 %inputBuf_V_76_load, i4 %inputBuf_V_77_load, i4 %inputBuf_V_78_load, i4 %inputBuf_V_79_load, i4 %inputBuf_V_80_load, i4 %inputBuf_V_81_load, i4 %inputBuf_V_82_load, i4 %inputBuf_V_83_load, i4 %inputBuf_V_84_load, i4 %inputBuf_V_85_load, i4 %inputBuf_V_86_load, i4 %inputBuf_V_87_load, i4 %inputBuf_V_88_load, i4 %inputBuf_V_89_load, i4 %inputBuf_V_90_load, i4 %inputBuf_V_91_load, i4 %inputBuf_V_92_load, i4 %inputBuf_V_93_load, i4 %inputBuf_V_94_load, i4 %inputBuf_V_95_load, i4 %inputBuf_V_96_load, i4 %inputBuf_V_97_load, i4 %inputBuf_V_98_load, i4 %inputBuf_V_99_load, i4 %inputBuf_V_100_load, i4 %inputBuf_V_101_load, i4 %inputBuf_V_102_load, i4 %inputBuf_V_103_load, i4 %inputBuf_V_104_load, i4 %inputBuf_V_105_load, i4 %inputBuf_V_106_load, i4 %inputBuf_V_107_load, i4 %inputBuf_V_108_load, i4 %inputBuf_V_109_load, i4 %inputBuf_V_110_load, i4 %inputBuf_V_111_load, i4 %inputBuf_V_112_load, i4 %inputBuf_V_113_load, i4 %inputBuf_V_114_load, i4 %inputBuf_V_115_load, i4 %inputBuf_V_116_load, i4 %inputBuf_V_117_load, i4 %inputBuf_V_118_load, i4 %inputBuf_V_119_load, i4 %inputBuf_V_120_load, i4 %inputBuf_V_121_load, i4 %inputBuf_V_122_load, i4 %inputBuf_V_123_load, i4 %inputBuf_V_124_load, i4 %inputBuf_V_125_load, i4 %inputBuf_V_126_load, i4 %inputBuf_V_127_load, i4 %inputBuf_V_128_load, i4 %inputBuf_V_129_load, i4 %inputBuf_V_130_load, i4 %inputBuf_V_131_load, i4 %inputBuf_V_132_load, i4 %inputBuf_V_133_load, i4 %inputBuf_V_134_load, i4 %inputBuf_V_135_load, i4 %inputBuf_V_136_load, i4 %inputBuf_V_137_load, i4 %inputBuf_V_138_load, i4 %inputBuf_V_139_load, i4 %inputBuf_V_140_load, i4 %inputBuf_V_141_load, i4 %inputBuf_V_142_load, i4 %inputBuf_V_143_load, i8 %trunc_ln261" [/home/miguel_tfg/FINN-v0.9-Stable/deps/finn-hlslib/mvau.hpp:261]   --->   Operation 321 'mux' 'tmp' <Predicate = (!icmp_ln249 & !icmp_ln253)> <Delay = 4.35> <CoreInst = "Multiplexer">   --->   Core 76 'Multiplexer' <Latency = 0> <II = 1> <Delay = 4.35> <FuncUnit> <Opcode : 'mux'> <InPorts = 2> <OutPorts = 1>
ST_1 : Operation 322 [1/1] (1.58ns)   --->   "%br_ln0 = br void %fpga_resource_hint.for.inc.0"   --->   Operation 322 'br' 'br_ln0' <Predicate = (!icmp_ln249 & !icmp_ln253)> <Delay = 1.58>
ST_1 : Operation 323 [1/1] (0.00ns)   --->   "%in0_V_read = read i8 @_ssdm_op_Read.axis.volatile.i8P128A, i8 %in0_V" [/home/miguel_tfg/FINN-v0.9-Stable/deps/finn-hlslib/mvau.hpp:255]   --->   Operation 323 'read' 'in0_V_read' <Predicate = (!icmp_ln249 & icmp_ln253)> <Delay = 0.00> <CoreInst = "axis">   --->   Core 115 'axis' <Latency = 0> <II = 1> <Delay = 1.00> <Adapter> <Opcode : >
ST_1 : Operation 324 [1/1] (0.00ns)   --->   "%inElem = trunc i8 %in0_V_read" [/home/miguel_tfg/FINN-v0.9-Stable/deps/finn-hlslib/mvau.hpp:255]   --->   Operation 324 'trunc' 'inElem' <Predicate = (!icmp_ln249 & icmp_ln253)> <Delay = 0.00>
ST_1 : Operation 325 [1/1] (0.00ns)   --->   "%trunc_ln257 = trunc i32 %sf_1" [/home/miguel_tfg/FINN-v0.9-Stable/deps/finn-hlslib/mvau.hpp:257]   --->   Operation 325 'trunc' 'trunc_ln257' <Predicate = (!icmp_ln249 & icmp_ln253)> <Delay = 0.00>
ST_1 : Operation 326 [1/1] (0.95ns)   --->   "%switch_ln257 = switch i8 %trunc_ln257, void %arrayidx.case.143, i8 0, void %arrayidx.case.0, i8 1, void %arrayidx.case.1, i8 2, void %arrayidx.case.2, i8 3, void %arrayidx.case.3, i8 4, void %arrayidx.case.4, i8 5, void %arrayidx.case.5, i8 6, void %arrayidx.case.6, i8 7, void %arrayidx.case.7, i8 8, void %arrayidx.case.8, i8 9, void %arrayidx.case.9, i8 10, void %arrayidx.case.10, i8 11, void %arrayidx.case.11, i8 12, void %arrayidx.case.12, i8 13, void %arrayidx.case.13, i8 14, void %arrayidx.case.14, i8 15, void %arrayidx.case.15, i8 16, void %arrayidx.case.16, i8 17, void %arrayidx.case.17, i8 18, void %arrayidx.case.18, i8 19, void %arrayidx.case.19, i8 20, void %arrayidx.case.20, i8 21, void %arrayidx.case.21, i8 22, void %arrayidx.case.22, i8 23, void %arrayidx.case.23, i8 24, void %arrayidx.case.24, i8 25, void %arrayidx.case.25, i8 26, void %arrayidx.case.26, i8 27, void %arrayidx.case.27, i8 28, void %arrayidx.case.28, i8 29, void %arrayidx.case.29, i8 30, void %arrayidx.case.30, i8 31, void %arrayidx.case.31, i8 32, void %arrayidx.case.32, i8 33, void %arrayidx.case.33, i8 34, void %arrayidx.case.34, i8 35, void %arrayidx.case.35, i8 36, void %arrayidx.case.36, i8 37, void %arrayidx.case.37, i8 38, void %arrayidx.case.38, i8 39, void %arrayidx.case.39, i8 40, void %arrayidx.case.40, i8 41, void %arrayidx.case.41, i8 42, void %arrayidx.case.42, i8 43, void %arrayidx.case.43, i8 44, void %arrayidx.case.44, i8 45, void %arrayidx.case.45, i8 46, void %arrayidx.case.46, i8 47, void %arrayidx.case.47, i8 48, void %arrayidx.case.48, i8 49, void %arrayidx.case.49, i8 50, void %arrayidx.case.50, i8 51, void %arrayidx.case.51, i8 52, void %arrayidx.case.52, i8 53, void %arrayidx.case.53, i8 54, void %arrayidx.case.54, i8 55, void %arrayidx.case.55, i8 56, void %arrayidx.case.56, i8 57, void %arrayidx.case.57, i8 58, void %arrayidx.case.58, i8 59, void %arrayidx.case.59, i8 60, void %arrayidx.case.60, i8 61, void %arrayidx.case.61, i8 62, void %arrayidx.case.62, i8 63, void %arrayidx.case.63, i8 64, void %arrayidx.case.64, i8 65, void %arrayidx.case.65, i8 66, void %arrayidx.case.66, i8 67, void %arrayidx.case.67, i8 68, void %arrayidx.case.68, i8 69, void %arrayidx.case.69, i8 70, void %arrayidx.case.70, i8 71, void %arrayidx.case.71, i8 72, void %arrayidx.case.72, i8 73, void %arrayidx.case.73, i8 74, void %arrayidx.case.74, i8 75, void %arrayidx.case.75, i8 76, void %arrayidx.case.76, i8 77, void %arrayidx.case.77, i8 78, void %arrayidx.case.78, i8 79, void %arrayidx.case.79, i8 80, void %arrayidx.case.80, i8 81, void %arrayidx.case.81, i8 82, void %arrayidx.case.82, i8 83, void %arrayidx.case.83, i8 84, void %arrayidx.case.84, i8 85, void %arrayidx.case.85, i8 86, void %arrayidx.case.86, i8 87, void %arrayidx.case.87, i8 88, void %arrayidx.case.88, i8 89, void %arrayidx.case.89, i8 90, void %arrayidx.case.90, i8 91, void %arrayidx.case.91, i8 92, void %arrayidx.case.92, i8 93, void %arrayidx.case.93, i8 94, void %arrayidx.case.94, i8 95, void %arrayidx.case.95, i8 96, void %arrayidx.case.96, i8 97, void %arrayidx.case.97, i8 98, void %arrayidx.case.98, i8 99, void %arrayidx.case.99, i8 100, void %arrayidx.case.100, i8 101, void %arrayidx.case.101, i8 102, void %arrayidx.case.102, i8 103, void %arrayidx.case.103, i8 104, void %arrayidx.case.104, i8 105, void %arrayidx.case.105, i8 106, void %arrayidx.case.106, i8 107, void %arrayidx.case.107, i8 108, void %arrayidx.case.108, i8 109, void %arrayidx.case.109, i8 110, void %arrayidx.case.110, i8 111, void %arrayidx.case.111, i8 112, void %arrayidx.case.112, i8 113, void %arrayidx.case.113, i8 114, void %arrayidx.case.114, i8 115, void %arrayidx.case.115, i8 116, void %arrayidx.case.116, i8 117, void %arrayidx.case.117, i8 118, void %arrayidx.case.118, i8 119, void %arrayidx.case.119, i8 120, void %arrayidx.case.120, i8 121, void %arrayidx.case.121, i8 122, void %arrayidx.case.122, i8 123, void %arrayidx.case.123, i8 124, void %arrayidx.case.124, i8 125, void %arrayidx.case.125, i8 126, void %arrayidx.case.126, i8 127, void %arrayidx.case.127, i8 128, void %arrayidx.case.128, i8 129, void %arrayidx.case.129, i8 130, void %arrayidx.case.130, i8 131, void %arrayidx.case.131, i8 132, void %arrayidx.case.132, i8 133, void %arrayidx.case.133, i8 134, void %arrayidx.case.134, i8 135, void %arrayidx.case.135, i8 136, void %arrayidx.case.136, i8 137, void %arrayidx.case.137, i8 138, void %arrayidx.case.138, i8 139, void %arrayidx.case.139, i8 140, void %arrayidx.case.140, i8 141, void %arrayidx.case.141, i8 142, void %if.then.arrayidx.exit_crit_edge" [/home/miguel_tfg/FINN-v0.9-Stable/deps/finn-hlslib/mvau.hpp:257]   --->   Operation 326 'switch' 'switch_ln257' <Predicate = (!icmp_ln249 & icmp_ln253)> <Delay = 0.95>
ST_1 : Operation 327 [1/1] (0.00ns)   --->   "%store_ln257 = store i4 %inElem, i4 %inputBuf_V_142" [/home/miguel_tfg/FINN-v0.9-Stable/deps/finn-hlslib/mvau.hpp:257]   --->   Operation 327 'store' 'store_ln257' <Predicate = (!icmp_ln249 & icmp_ln253 & trunc_ln257 == 142)> <Delay = 0.00>
ST_1 : Operation 328 [1/1] (0.00ns)   --->   "%br_ln257 = br void %arrayidx.exit" [/home/miguel_tfg/FINN-v0.9-Stable/deps/finn-hlslib/mvau.hpp:257]   --->   Operation 328 'br' 'br_ln257' <Predicate = (!icmp_ln249 & icmp_ln253 & trunc_ln257 == 142)> <Delay = 0.00>
ST_1 : Operation 329 [1/1] (0.00ns)   --->   "%store_ln257 = store i4 %inElem, i4 %inputBuf_V_141" [/home/miguel_tfg/FINN-v0.9-Stable/deps/finn-hlslib/mvau.hpp:257]   --->   Operation 329 'store' 'store_ln257' <Predicate = (!icmp_ln249 & icmp_ln253 & trunc_ln257 == 141)> <Delay = 0.00>
ST_1 : Operation 330 [1/1] (0.00ns)   --->   "%br_ln257 = br void %arrayidx.exit" [/home/miguel_tfg/FINN-v0.9-Stable/deps/finn-hlslib/mvau.hpp:257]   --->   Operation 330 'br' 'br_ln257' <Predicate = (!icmp_ln249 & icmp_ln253 & trunc_ln257 == 141)> <Delay = 0.00>
ST_1 : Operation 331 [1/1] (0.00ns)   --->   "%store_ln257 = store i4 %inElem, i4 %inputBuf_V_140" [/home/miguel_tfg/FINN-v0.9-Stable/deps/finn-hlslib/mvau.hpp:257]   --->   Operation 331 'store' 'store_ln257' <Predicate = (!icmp_ln249 & icmp_ln253 & trunc_ln257 == 140)> <Delay = 0.00>
ST_1 : Operation 332 [1/1] (0.00ns)   --->   "%br_ln257 = br void %arrayidx.exit" [/home/miguel_tfg/FINN-v0.9-Stable/deps/finn-hlslib/mvau.hpp:257]   --->   Operation 332 'br' 'br_ln257' <Predicate = (!icmp_ln249 & icmp_ln253 & trunc_ln257 == 140)> <Delay = 0.00>
ST_1 : Operation 333 [1/1] (0.00ns)   --->   "%store_ln257 = store i4 %inElem, i4 %inputBuf_V_139" [/home/miguel_tfg/FINN-v0.9-Stable/deps/finn-hlslib/mvau.hpp:257]   --->   Operation 333 'store' 'store_ln257' <Predicate = (!icmp_ln249 & icmp_ln253 & trunc_ln257 == 139)> <Delay = 0.00>
ST_1 : Operation 334 [1/1] (0.00ns)   --->   "%br_ln257 = br void %arrayidx.exit" [/home/miguel_tfg/FINN-v0.9-Stable/deps/finn-hlslib/mvau.hpp:257]   --->   Operation 334 'br' 'br_ln257' <Predicate = (!icmp_ln249 & icmp_ln253 & trunc_ln257 == 139)> <Delay = 0.00>
ST_1 : Operation 335 [1/1] (0.00ns)   --->   "%store_ln257 = store i4 %inElem, i4 %inputBuf_V_138" [/home/miguel_tfg/FINN-v0.9-Stable/deps/finn-hlslib/mvau.hpp:257]   --->   Operation 335 'store' 'store_ln257' <Predicate = (!icmp_ln249 & icmp_ln253 & trunc_ln257 == 138)> <Delay = 0.00>
ST_1 : Operation 336 [1/1] (0.00ns)   --->   "%br_ln257 = br void %arrayidx.exit" [/home/miguel_tfg/FINN-v0.9-Stable/deps/finn-hlslib/mvau.hpp:257]   --->   Operation 336 'br' 'br_ln257' <Predicate = (!icmp_ln249 & icmp_ln253 & trunc_ln257 == 138)> <Delay = 0.00>
ST_1 : Operation 337 [1/1] (0.00ns)   --->   "%store_ln257 = store i4 %inElem, i4 %inputBuf_V_137" [/home/miguel_tfg/FINN-v0.9-Stable/deps/finn-hlslib/mvau.hpp:257]   --->   Operation 337 'store' 'store_ln257' <Predicate = (!icmp_ln249 & icmp_ln253 & trunc_ln257 == 137)> <Delay = 0.00>
ST_1 : Operation 338 [1/1] (0.00ns)   --->   "%br_ln257 = br void %arrayidx.exit" [/home/miguel_tfg/FINN-v0.9-Stable/deps/finn-hlslib/mvau.hpp:257]   --->   Operation 338 'br' 'br_ln257' <Predicate = (!icmp_ln249 & icmp_ln253 & trunc_ln257 == 137)> <Delay = 0.00>
ST_1 : Operation 339 [1/1] (0.00ns)   --->   "%store_ln257 = store i4 %inElem, i4 %inputBuf_V_136" [/home/miguel_tfg/FINN-v0.9-Stable/deps/finn-hlslib/mvau.hpp:257]   --->   Operation 339 'store' 'store_ln257' <Predicate = (!icmp_ln249 & icmp_ln253 & trunc_ln257 == 136)> <Delay = 0.00>
ST_1 : Operation 340 [1/1] (0.00ns)   --->   "%br_ln257 = br void %arrayidx.exit" [/home/miguel_tfg/FINN-v0.9-Stable/deps/finn-hlslib/mvau.hpp:257]   --->   Operation 340 'br' 'br_ln257' <Predicate = (!icmp_ln249 & icmp_ln253 & trunc_ln257 == 136)> <Delay = 0.00>
ST_1 : Operation 341 [1/1] (0.00ns)   --->   "%store_ln257 = store i4 %inElem, i4 %inputBuf_V_135" [/home/miguel_tfg/FINN-v0.9-Stable/deps/finn-hlslib/mvau.hpp:257]   --->   Operation 341 'store' 'store_ln257' <Predicate = (!icmp_ln249 & icmp_ln253 & trunc_ln257 == 135)> <Delay = 0.00>
ST_1 : Operation 342 [1/1] (0.00ns)   --->   "%br_ln257 = br void %arrayidx.exit" [/home/miguel_tfg/FINN-v0.9-Stable/deps/finn-hlslib/mvau.hpp:257]   --->   Operation 342 'br' 'br_ln257' <Predicate = (!icmp_ln249 & icmp_ln253 & trunc_ln257 == 135)> <Delay = 0.00>
ST_1 : Operation 343 [1/1] (0.00ns)   --->   "%store_ln257 = store i4 %inElem, i4 %inputBuf_V_134" [/home/miguel_tfg/FINN-v0.9-Stable/deps/finn-hlslib/mvau.hpp:257]   --->   Operation 343 'store' 'store_ln257' <Predicate = (!icmp_ln249 & icmp_ln253 & trunc_ln257 == 134)> <Delay = 0.00>
ST_1 : Operation 344 [1/1] (0.00ns)   --->   "%br_ln257 = br void %arrayidx.exit" [/home/miguel_tfg/FINN-v0.9-Stable/deps/finn-hlslib/mvau.hpp:257]   --->   Operation 344 'br' 'br_ln257' <Predicate = (!icmp_ln249 & icmp_ln253 & trunc_ln257 == 134)> <Delay = 0.00>
ST_1 : Operation 345 [1/1] (0.00ns)   --->   "%store_ln257 = store i4 %inElem, i4 %inputBuf_V_133" [/home/miguel_tfg/FINN-v0.9-Stable/deps/finn-hlslib/mvau.hpp:257]   --->   Operation 345 'store' 'store_ln257' <Predicate = (!icmp_ln249 & icmp_ln253 & trunc_ln257 == 133)> <Delay = 0.00>
ST_1 : Operation 346 [1/1] (0.00ns)   --->   "%br_ln257 = br void %arrayidx.exit" [/home/miguel_tfg/FINN-v0.9-Stable/deps/finn-hlslib/mvau.hpp:257]   --->   Operation 346 'br' 'br_ln257' <Predicate = (!icmp_ln249 & icmp_ln253 & trunc_ln257 == 133)> <Delay = 0.00>
ST_1 : Operation 347 [1/1] (0.00ns)   --->   "%store_ln257 = store i4 %inElem, i4 %inputBuf_V_132" [/home/miguel_tfg/FINN-v0.9-Stable/deps/finn-hlslib/mvau.hpp:257]   --->   Operation 347 'store' 'store_ln257' <Predicate = (!icmp_ln249 & icmp_ln253 & trunc_ln257 == 132)> <Delay = 0.00>
ST_1 : Operation 348 [1/1] (0.00ns)   --->   "%br_ln257 = br void %arrayidx.exit" [/home/miguel_tfg/FINN-v0.9-Stable/deps/finn-hlslib/mvau.hpp:257]   --->   Operation 348 'br' 'br_ln257' <Predicate = (!icmp_ln249 & icmp_ln253 & trunc_ln257 == 132)> <Delay = 0.00>
ST_1 : Operation 349 [1/1] (0.00ns)   --->   "%store_ln257 = store i4 %inElem, i4 %inputBuf_V_131" [/home/miguel_tfg/FINN-v0.9-Stable/deps/finn-hlslib/mvau.hpp:257]   --->   Operation 349 'store' 'store_ln257' <Predicate = (!icmp_ln249 & icmp_ln253 & trunc_ln257 == 131)> <Delay = 0.00>
ST_1 : Operation 350 [1/1] (0.00ns)   --->   "%br_ln257 = br void %arrayidx.exit" [/home/miguel_tfg/FINN-v0.9-Stable/deps/finn-hlslib/mvau.hpp:257]   --->   Operation 350 'br' 'br_ln257' <Predicate = (!icmp_ln249 & icmp_ln253 & trunc_ln257 == 131)> <Delay = 0.00>
ST_1 : Operation 351 [1/1] (0.00ns)   --->   "%store_ln257 = store i4 %inElem, i4 %inputBuf_V_130" [/home/miguel_tfg/FINN-v0.9-Stable/deps/finn-hlslib/mvau.hpp:257]   --->   Operation 351 'store' 'store_ln257' <Predicate = (!icmp_ln249 & icmp_ln253 & trunc_ln257 == 130)> <Delay = 0.00>
ST_1 : Operation 352 [1/1] (0.00ns)   --->   "%br_ln257 = br void %arrayidx.exit" [/home/miguel_tfg/FINN-v0.9-Stable/deps/finn-hlslib/mvau.hpp:257]   --->   Operation 352 'br' 'br_ln257' <Predicate = (!icmp_ln249 & icmp_ln253 & trunc_ln257 == 130)> <Delay = 0.00>
ST_1 : Operation 353 [1/1] (0.00ns)   --->   "%store_ln257 = store i4 %inElem, i4 %inputBuf_V_129" [/home/miguel_tfg/FINN-v0.9-Stable/deps/finn-hlslib/mvau.hpp:257]   --->   Operation 353 'store' 'store_ln257' <Predicate = (!icmp_ln249 & icmp_ln253 & trunc_ln257 == 129)> <Delay = 0.00>
ST_1 : Operation 354 [1/1] (0.00ns)   --->   "%br_ln257 = br void %arrayidx.exit" [/home/miguel_tfg/FINN-v0.9-Stable/deps/finn-hlslib/mvau.hpp:257]   --->   Operation 354 'br' 'br_ln257' <Predicate = (!icmp_ln249 & icmp_ln253 & trunc_ln257 == 129)> <Delay = 0.00>
ST_1 : Operation 355 [1/1] (0.00ns)   --->   "%store_ln257 = store i4 %inElem, i4 %inputBuf_V_128" [/home/miguel_tfg/FINN-v0.9-Stable/deps/finn-hlslib/mvau.hpp:257]   --->   Operation 355 'store' 'store_ln257' <Predicate = (!icmp_ln249 & icmp_ln253 & trunc_ln257 == 128)> <Delay = 0.00>
ST_1 : Operation 356 [1/1] (0.00ns)   --->   "%br_ln257 = br void %arrayidx.exit" [/home/miguel_tfg/FINN-v0.9-Stable/deps/finn-hlslib/mvau.hpp:257]   --->   Operation 356 'br' 'br_ln257' <Predicate = (!icmp_ln249 & icmp_ln253 & trunc_ln257 == 128)> <Delay = 0.00>
ST_1 : Operation 357 [1/1] (0.00ns)   --->   "%store_ln257 = store i4 %inElem, i4 %inputBuf_V_127" [/home/miguel_tfg/FINN-v0.9-Stable/deps/finn-hlslib/mvau.hpp:257]   --->   Operation 357 'store' 'store_ln257' <Predicate = (!icmp_ln249 & icmp_ln253 & trunc_ln257 == 127)> <Delay = 0.00>
ST_1 : Operation 358 [1/1] (0.00ns)   --->   "%br_ln257 = br void %arrayidx.exit" [/home/miguel_tfg/FINN-v0.9-Stable/deps/finn-hlslib/mvau.hpp:257]   --->   Operation 358 'br' 'br_ln257' <Predicate = (!icmp_ln249 & icmp_ln253 & trunc_ln257 == 127)> <Delay = 0.00>
ST_1 : Operation 359 [1/1] (0.00ns)   --->   "%store_ln257 = store i4 %inElem, i4 %inputBuf_V_126" [/home/miguel_tfg/FINN-v0.9-Stable/deps/finn-hlslib/mvau.hpp:257]   --->   Operation 359 'store' 'store_ln257' <Predicate = (!icmp_ln249 & icmp_ln253 & trunc_ln257 == 126)> <Delay = 0.00>
ST_1 : Operation 360 [1/1] (0.00ns)   --->   "%br_ln257 = br void %arrayidx.exit" [/home/miguel_tfg/FINN-v0.9-Stable/deps/finn-hlslib/mvau.hpp:257]   --->   Operation 360 'br' 'br_ln257' <Predicate = (!icmp_ln249 & icmp_ln253 & trunc_ln257 == 126)> <Delay = 0.00>
ST_1 : Operation 361 [1/1] (0.00ns)   --->   "%store_ln257 = store i4 %inElem, i4 %inputBuf_V_125" [/home/miguel_tfg/FINN-v0.9-Stable/deps/finn-hlslib/mvau.hpp:257]   --->   Operation 361 'store' 'store_ln257' <Predicate = (!icmp_ln249 & icmp_ln253 & trunc_ln257 == 125)> <Delay = 0.00>
ST_1 : Operation 362 [1/1] (0.00ns)   --->   "%br_ln257 = br void %arrayidx.exit" [/home/miguel_tfg/FINN-v0.9-Stable/deps/finn-hlslib/mvau.hpp:257]   --->   Operation 362 'br' 'br_ln257' <Predicate = (!icmp_ln249 & icmp_ln253 & trunc_ln257 == 125)> <Delay = 0.00>
ST_1 : Operation 363 [1/1] (0.00ns)   --->   "%store_ln257 = store i4 %inElem, i4 %inputBuf_V_124" [/home/miguel_tfg/FINN-v0.9-Stable/deps/finn-hlslib/mvau.hpp:257]   --->   Operation 363 'store' 'store_ln257' <Predicate = (!icmp_ln249 & icmp_ln253 & trunc_ln257 == 124)> <Delay = 0.00>
ST_1 : Operation 364 [1/1] (0.00ns)   --->   "%br_ln257 = br void %arrayidx.exit" [/home/miguel_tfg/FINN-v0.9-Stable/deps/finn-hlslib/mvau.hpp:257]   --->   Operation 364 'br' 'br_ln257' <Predicate = (!icmp_ln249 & icmp_ln253 & trunc_ln257 == 124)> <Delay = 0.00>
ST_1 : Operation 365 [1/1] (0.00ns)   --->   "%store_ln257 = store i4 %inElem, i4 %inputBuf_V_123" [/home/miguel_tfg/FINN-v0.9-Stable/deps/finn-hlslib/mvau.hpp:257]   --->   Operation 365 'store' 'store_ln257' <Predicate = (!icmp_ln249 & icmp_ln253 & trunc_ln257 == 123)> <Delay = 0.00>
ST_1 : Operation 366 [1/1] (0.00ns)   --->   "%br_ln257 = br void %arrayidx.exit" [/home/miguel_tfg/FINN-v0.9-Stable/deps/finn-hlslib/mvau.hpp:257]   --->   Operation 366 'br' 'br_ln257' <Predicate = (!icmp_ln249 & icmp_ln253 & trunc_ln257 == 123)> <Delay = 0.00>
ST_1 : Operation 367 [1/1] (0.00ns)   --->   "%store_ln257 = store i4 %inElem, i4 %inputBuf_V_122" [/home/miguel_tfg/FINN-v0.9-Stable/deps/finn-hlslib/mvau.hpp:257]   --->   Operation 367 'store' 'store_ln257' <Predicate = (!icmp_ln249 & icmp_ln253 & trunc_ln257 == 122)> <Delay = 0.00>
ST_1 : Operation 368 [1/1] (0.00ns)   --->   "%br_ln257 = br void %arrayidx.exit" [/home/miguel_tfg/FINN-v0.9-Stable/deps/finn-hlslib/mvau.hpp:257]   --->   Operation 368 'br' 'br_ln257' <Predicate = (!icmp_ln249 & icmp_ln253 & trunc_ln257 == 122)> <Delay = 0.00>
ST_1 : Operation 369 [1/1] (0.00ns)   --->   "%store_ln257 = store i4 %inElem, i4 %inputBuf_V_121" [/home/miguel_tfg/FINN-v0.9-Stable/deps/finn-hlslib/mvau.hpp:257]   --->   Operation 369 'store' 'store_ln257' <Predicate = (!icmp_ln249 & icmp_ln253 & trunc_ln257 == 121)> <Delay = 0.00>
ST_1 : Operation 370 [1/1] (0.00ns)   --->   "%br_ln257 = br void %arrayidx.exit" [/home/miguel_tfg/FINN-v0.9-Stable/deps/finn-hlslib/mvau.hpp:257]   --->   Operation 370 'br' 'br_ln257' <Predicate = (!icmp_ln249 & icmp_ln253 & trunc_ln257 == 121)> <Delay = 0.00>
ST_1 : Operation 371 [1/1] (0.00ns)   --->   "%store_ln257 = store i4 %inElem, i4 %inputBuf_V_120" [/home/miguel_tfg/FINN-v0.9-Stable/deps/finn-hlslib/mvau.hpp:257]   --->   Operation 371 'store' 'store_ln257' <Predicate = (!icmp_ln249 & icmp_ln253 & trunc_ln257 == 120)> <Delay = 0.00>
ST_1 : Operation 372 [1/1] (0.00ns)   --->   "%br_ln257 = br void %arrayidx.exit" [/home/miguel_tfg/FINN-v0.9-Stable/deps/finn-hlslib/mvau.hpp:257]   --->   Operation 372 'br' 'br_ln257' <Predicate = (!icmp_ln249 & icmp_ln253 & trunc_ln257 == 120)> <Delay = 0.00>
ST_1 : Operation 373 [1/1] (0.00ns)   --->   "%store_ln257 = store i4 %inElem, i4 %inputBuf_V_119" [/home/miguel_tfg/FINN-v0.9-Stable/deps/finn-hlslib/mvau.hpp:257]   --->   Operation 373 'store' 'store_ln257' <Predicate = (!icmp_ln249 & icmp_ln253 & trunc_ln257 == 119)> <Delay = 0.00>
ST_1 : Operation 374 [1/1] (0.00ns)   --->   "%br_ln257 = br void %arrayidx.exit" [/home/miguel_tfg/FINN-v0.9-Stable/deps/finn-hlslib/mvau.hpp:257]   --->   Operation 374 'br' 'br_ln257' <Predicate = (!icmp_ln249 & icmp_ln253 & trunc_ln257 == 119)> <Delay = 0.00>
ST_1 : Operation 375 [1/1] (0.00ns)   --->   "%store_ln257 = store i4 %inElem, i4 %inputBuf_V_118" [/home/miguel_tfg/FINN-v0.9-Stable/deps/finn-hlslib/mvau.hpp:257]   --->   Operation 375 'store' 'store_ln257' <Predicate = (!icmp_ln249 & icmp_ln253 & trunc_ln257 == 118)> <Delay = 0.00>
ST_1 : Operation 376 [1/1] (0.00ns)   --->   "%br_ln257 = br void %arrayidx.exit" [/home/miguel_tfg/FINN-v0.9-Stable/deps/finn-hlslib/mvau.hpp:257]   --->   Operation 376 'br' 'br_ln257' <Predicate = (!icmp_ln249 & icmp_ln253 & trunc_ln257 == 118)> <Delay = 0.00>
ST_1 : Operation 377 [1/1] (0.00ns)   --->   "%store_ln257 = store i4 %inElem, i4 %inputBuf_V_117" [/home/miguel_tfg/FINN-v0.9-Stable/deps/finn-hlslib/mvau.hpp:257]   --->   Operation 377 'store' 'store_ln257' <Predicate = (!icmp_ln249 & icmp_ln253 & trunc_ln257 == 117)> <Delay = 0.00>
ST_1 : Operation 378 [1/1] (0.00ns)   --->   "%br_ln257 = br void %arrayidx.exit" [/home/miguel_tfg/FINN-v0.9-Stable/deps/finn-hlslib/mvau.hpp:257]   --->   Operation 378 'br' 'br_ln257' <Predicate = (!icmp_ln249 & icmp_ln253 & trunc_ln257 == 117)> <Delay = 0.00>
ST_1 : Operation 379 [1/1] (0.00ns)   --->   "%store_ln257 = store i4 %inElem, i4 %inputBuf_V_116" [/home/miguel_tfg/FINN-v0.9-Stable/deps/finn-hlslib/mvau.hpp:257]   --->   Operation 379 'store' 'store_ln257' <Predicate = (!icmp_ln249 & icmp_ln253 & trunc_ln257 == 116)> <Delay = 0.00>
ST_1 : Operation 380 [1/1] (0.00ns)   --->   "%br_ln257 = br void %arrayidx.exit" [/home/miguel_tfg/FINN-v0.9-Stable/deps/finn-hlslib/mvau.hpp:257]   --->   Operation 380 'br' 'br_ln257' <Predicate = (!icmp_ln249 & icmp_ln253 & trunc_ln257 == 116)> <Delay = 0.00>
ST_1 : Operation 381 [1/1] (0.00ns)   --->   "%store_ln257 = store i4 %inElem, i4 %inputBuf_V_115" [/home/miguel_tfg/FINN-v0.9-Stable/deps/finn-hlslib/mvau.hpp:257]   --->   Operation 381 'store' 'store_ln257' <Predicate = (!icmp_ln249 & icmp_ln253 & trunc_ln257 == 115)> <Delay = 0.00>
ST_1 : Operation 382 [1/1] (0.00ns)   --->   "%br_ln257 = br void %arrayidx.exit" [/home/miguel_tfg/FINN-v0.9-Stable/deps/finn-hlslib/mvau.hpp:257]   --->   Operation 382 'br' 'br_ln257' <Predicate = (!icmp_ln249 & icmp_ln253 & trunc_ln257 == 115)> <Delay = 0.00>
ST_1 : Operation 383 [1/1] (0.00ns)   --->   "%store_ln257 = store i4 %inElem, i4 %inputBuf_V_114" [/home/miguel_tfg/FINN-v0.9-Stable/deps/finn-hlslib/mvau.hpp:257]   --->   Operation 383 'store' 'store_ln257' <Predicate = (!icmp_ln249 & icmp_ln253 & trunc_ln257 == 114)> <Delay = 0.00>
ST_1 : Operation 384 [1/1] (0.00ns)   --->   "%br_ln257 = br void %arrayidx.exit" [/home/miguel_tfg/FINN-v0.9-Stable/deps/finn-hlslib/mvau.hpp:257]   --->   Operation 384 'br' 'br_ln257' <Predicate = (!icmp_ln249 & icmp_ln253 & trunc_ln257 == 114)> <Delay = 0.00>
ST_1 : Operation 385 [1/1] (0.00ns)   --->   "%store_ln257 = store i4 %inElem, i4 %inputBuf_V_113" [/home/miguel_tfg/FINN-v0.9-Stable/deps/finn-hlslib/mvau.hpp:257]   --->   Operation 385 'store' 'store_ln257' <Predicate = (!icmp_ln249 & icmp_ln253 & trunc_ln257 == 113)> <Delay = 0.00>
ST_1 : Operation 386 [1/1] (0.00ns)   --->   "%br_ln257 = br void %arrayidx.exit" [/home/miguel_tfg/FINN-v0.9-Stable/deps/finn-hlslib/mvau.hpp:257]   --->   Operation 386 'br' 'br_ln257' <Predicate = (!icmp_ln249 & icmp_ln253 & trunc_ln257 == 113)> <Delay = 0.00>
ST_1 : Operation 387 [1/1] (0.00ns)   --->   "%store_ln257 = store i4 %inElem, i4 %inputBuf_V_112" [/home/miguel_tfg/FINN-v0.9-Stable/deps/finn-hlslib/mvau.hpp:257]   --->   Operation 387 'store' 'store_ln257' <Predicate = (!icmp_ln249 & icmp_ln253 & trunc_ln257 == 112)> <Delay = 0.00>
ST_1 : Operation 388 [1/1] (0.00ns)   --->   "%br_ln257 = br void %arrayidx.exit" [/home/miguel_tfg/FINN-v0.9-Stable/deps/finn-hlslib/mvau.hpp:257]   --->   Operation 388 'br' 'br_ln257' <Predicate = (!icmp_ln249 & icmp_ln253 & trunc_ln257 == 112)> <Delay = 0.00>
ST_1 : Operation 389 [1/1] (0.00ns)   --->   "%store_ln257 = store i4 %inElem, i4 %inputBuf_V_111" [/home/miguel_tfg/FINN-v0.9-Stable/deps/finn-hlslib/mvau.hpp:257]   --->   Operation 389 'store' 'store_ln257' <Predicate = (!icmp_ln249 & icmp_ln253 & trunc_ln257 == 111)> <Delay = 0.00>
ST_1 : Operation 390 [1/1] (0.00ns)   --->   "%br_ln257 = br void %arrayidx.exit" [/home/miguel_tfg/FINN-v0.9-Stable/deps/finn-hlslib/mvau.hpp:257]   --->   Operation 390 'br' 'br_ln257' <Predicate = (!icmp_ln249 & icmp_ln253 & trunc_ln257 == 111)> <Delay = 0.00>
ST_1 : Operation 391 [1/1] (0.00ns)   --->   "%store_ln257 = store i4 %inElem, i4 %inputBuf_V_110" [/home/miguel_tfg/FINN-v0.9-Stable/deps/finn-hlslib/mvau.hpp:257]   --->   Operation 391 'store' 'store_ln257' <Predicate = (!icmp_ln249 & icmp_ln253 & trunc_ln257 == 110)> <Delay = 0.00>
ST_1 : Operation 392 [1/1] (0.00ns)   --->   "%br_ln257 = br void %arrayidx.exit" [/home/miguel_tfg/FINN-v0.9-Stable/deps/finn-hlslib/mvau.hpp:257]   --->   Operation 392 'br' 'br_ln257' <Predicate = (!icmp_ln249 & icmp_ln253 & trunc_ln257 == 110)> <Delay = 0.00>
ST_1 : Operation 393 [1/1] (0.00ns)   --->   "%store_ln257 = store i4 %inElem, i4 %inputBuf_V_109" [/home/miguel_tfg/FINN-v0.9-Stable/deps/finn-hlslib/mvau.hpp:257]   --->   Operation 393 'store' 'store_ln257' <Predicate = (!icmp_ln249 & icmp_ln253 & trunc_ln257 == 109)> <Delay = 0.00>
ST_1 : Operation 394 [1/1] (0.00ns)   --->   "%br_ln257 = br void %arrayidx.exit" [/home/miguel_tfg/FINN-v0.9-Stable/deps/finn-hlslib/mvau.hpp:257]   --->   Operation 394 'br' 'br_ln257' <Predicate = (!icmp_ln249 & icmp_ln253 & trunc_ln257 == 109)> <Delay = 0.00>
ST_1 : Operation 395 [1/1] (0.00ns)   --->   "%store_ln257 = store i4 %inElem, i4 %inputBuf_V_108" [/home/miguel_tfg/FINN-v0.9-Stable/deps/finn-hlslib/mvau.hpp:257]   --->   Operation 395 'store' 'store_ln257' <Predicate = (!icmp_ln249 & icmp_ln253 & trunc_ln257 == 108)> <Delay = 0.00>
ST_1 : Operation 396 [1/1] (0.00ns)   --->   "%br_ln257 = br void %arrayidx.exit" [/home/miguel_tfg/FINN-v0.9-Stable/deps/finn-hlslib/mvau.hpp:257]   --->   Operation 396 'br' 'br_ln257' <Predicate = (!icmp_ln249 & icmp_ln253 & trunc_ln257 == 108)> <Delay = 0.00>
ST_1 : Operation 397 [1/1] (0.00ns)   --->   "%store_ln257 = store i4 %inElem, i4 %inputBuf_V_107" [/home/miguel_tfg/FINN-v0.9-Stable/deps/finn-hlslib/mvau.hpp:257]   --->   Operation 397 'store' 'store_ln257' <Predicate = (!icmp_ln249 & icmp_ln253 & trunc_ln257 == 107)> <Delay = 0.00>
ST_1 : Operation 398 [1/1] (0.00ns)   --->   "%br_ln257 = br void %arrayidx.exit" [/home/miguel_tfg/FINN-v0.9-Stable/deps/finn-hlslib/mvau.hpp:257]   --->   Operation 398 'br' 'br_ln257' <Predicate = (!icmp_ln249 & icmp_ln253 & trunc_ln257 == 107)> <Delay = 0.00>
ST_1 : Operation 399 [1/1] (0.00ns)   --->   "%store_ln257 = store i4 %inElem, i4 %inputBuf_V_106" [/home/miguel_tfg/FINN-v0.9-Stable/deps/finn-hlslib/mvau.hpp:257]   --->   Operation 399 'store' 'store_ln257' <Predicate = (!icmp_ln249 & icmp_ln253 & trunc_ln257 == 106)> <Delay = 0.00>
ST_1 : Operation 400 [1/1] (0.00ns)   --->   "%br_ln257 = br void %arrayidx.exit" [/home/miguel_tfg/FINN-v0.9-Stable/deps/finn-hlslib/mvau.hpp:257]   --->   Operation 400 'br' 'br_ln257' <Predicate = (!icmp_ln249 & icmp_ln253 & trunc_ln257 == 106)> <Delay = 0.00>
ST_1 : Operation 401 [1/1] (0.00ns)   --->   "%store_ln257 = store i4 %inElem, i4 %inputBuf_V_105" [/home/miguel_tfg/FINN-v0.9-Stable/deps/finn-hlslib/mvau.hpp:257]   --->   Operation 401 'store' 'store_ln257' <Predicate = (!icmp_ln249 & icmp_ln253 & trunc_ln257 == 105)> <Delay = 0.00>
ST_1 : Operation 402 [1/1] (0.00ns)   --->   "%br_ln257 = br void %arrayidx.exit" [/home/miguel_tfg/FINN-v0.9-Stable/deps/finn-hlslib/mvau.hpp:257]   --->   Operation 402 'br' 'br_ln257' <Predicate = (!icmp_ln249 & icmp_ln253 & trunc_ln257 == 105)> <Delay = 0.00>
ST_1 : Operation 403 [1/1] (0.00ns)   --->   "%store_ln257 = store i4 %inElem, i4 %inputBuf_V_104" [/home/miguel_tfg/FINN-v0.9-Stable/deps/finn-hlslib/mvau.hpp:257]   --->   Operation 403 'store' 'store_ln257' <Predicate = (!icmp_ln249 & icmp_ln253 & trunc_ln257 == 104)> <Delay = 0.00>
ST_1 : Operation 404 [1/1] (0.00ns)   --->   "%br_ln257 = br void %arrayidx.exit" [/home/miguel_tfg/FINN-v0.9-Stable/deps/finn-hlslib/mvau.hpp:257]   --->   Operation 404 'br' 'br_ln257' <Predicate = (!icmp_ln249 & icmp_ln253 & trunc_ln257 == 104)> <Delay = 0.00>
ST_1 : Operation 405 [1/1] (0.00ns)   --->   "%store_ln257 = store i4 %inElem, i4 %inputBuf_V_103" [/home/miguel_tfg/FINN-v0.9-Stable/deps/finn-hlslib/mvau.hpp:257]   --->   Operation 405 'store' 'store_ln257' <Predicate = (!icmp_ln249 & icmp_ln253 & trunc_ln257 == 103)> <Delay = 0.00>
ST_1 : Operation 406 [1/1] (0.00ns)   --->   "%br_ln257 = br void %arrayidx.exit" [/home/miguel_tfg/FINN-v0.9-Stable/deps/finn-hlslib/mvau.hpp:257]   --->   Operation 406 'br' 'br_ln257' <Predicate = (!icmp_ln249 & icmp_ln253 & trunc_ln257 == 103)> <Delay = 0.00>
ST_1 : Operation 407 [1/1] (0.00ns)   --->   "%store_ln257 = store i4 %inElem, i4 %inputBuf_V_102" [/home/miguel_tfg/FINN-v0.9-Stable/deps/finn-hlslib/mvau.hpp:257]   --->   Operation 407 'store' 'store_ln257' <Predicate = (!icmp_ln249 & icmp_ln253 & trunc_ln257 == 102)> <Delay = 0.00>
ST_1 : Operation 408 [1/1] (0.00ns)   --->   "%br_ln257 = br void %arrayidx.exit" [/home/miguel_tfg/FINN-v0.9-Stable/deps/finn-hlslib/mvau.hpp:257]   --->   Operation 408 'br' 'br_ln257' <Predicate = (!icmp_ln249 & icmp_ln253 & trunc_ln257 == 102)> <Delay = 0.00>
ST_1 : Operation 409 [1/1] (0.00ns)   --->   "%store_ln257 = store i4 %inElem, i4 %inputBuf_V_101" [/home/miguel_tfg/FINN-v0.9-Stable/deps/finn-hlslib/mvau.hpp:257]   --->   Operation 409 'store' 'store_ln257' <Predicate = (!icmp_ln249 & icmp_ln253 & trunc_ln257 == 101)> <Delay = 0.00>
ST_1 : Operation 410 [1/1] (0.00ns)   --->   "%br_ln257 = br void %arrayidx.exit" [/home/miguel_tfg/FINN-v0.9-Stable/deps/finn-hlslib/mvau.hpp:257]   --->   Operation 410 'br' 'br_ln257' <Predicate = (!icmp_ln249 & icmp_ln253 & trunc_ln257 == 101)> <Delay = 0.00>
ST_1 : Operation 411 [1/1] (0.00ns)   --->   "%store_ln257 = store i4 %inElem, i4 %inputBuf_V_100" [/home/miguel_tfg/FINN-v0.9-Stable/deps/finn-hlslib/mvau.hpp:257]   --->   Operation 411 'store' 'store_ln257' <Predicate = (!icmp_ln249 & icmp_ln253 & trunc_ln257 == 100)> <Delay = 0.00>
ST_1 : Operation 412 [1/1] (0.00ns)   --->   "%br_ln257 = br void %arrayidx.exit" [/home/miguel_tfg/FINN-v0.9-Stable/deps/finn-hlslib/mvau.hpp:257]   --->   Operation 412 'br' 'br_ln257' <Predicate = (!icmp_ln249 & icmp_ln253 & trunc_ln257 == 100)> <Delay = 0.00>
ST_1 : Operation 413 [1/1] (0.00ns)   --->   "%store_ln257 = store i4 %inElem, i4 %inputBuf_V_99" [/home/miguel_tfg/FINN-v0.9-Stable/deps/finn-hlslib/mvau.hpp:257]   --->   Operation 413 'store' 'store_ln257' <Predicate = (!icmp_ln249 & icmp_ln253 & trunc_ln257 == 99)> <Delay = 0.00>
ST_1 : Operation 414 [1/1] (0.00ns)   --->   "%br_ln257 = br void %arrayidx.exit" [/home/miguel_tfg/FINN-v0.9-Stable/deps/finn-hlslib/mvau.hpp:257]   --->   Operation 414 'br' 'br_ln257' <Predicate = (!icmp_ln249 & icmp_ln253 & trunc_ln257 == 99)> <Delay = 0.00>
ST_1 : Operation 415 [1/1] (0.00ns)   --->   "%store_ln257 = store i4 %inElem, i4 %inputBuf_V_98" [/home/miguel_tfg/FINN-v0.9-Stable/deps/finn-hlslib/mvau.hpp:257]   --->   Operation 415 'store' 'store_ln257' <Predicate = (!icmp_ln249 & icmp_ln253 & trunc_ln257 == 98)> <Delay = 0.00>
ST_1 : Operation 416 [1/1] (0.00ns)   --->   "%br_ln257 = br void %arrayidx.exit" [/home/miguel_tfg/FINN-v0.9-Stable/deps/finn-hlslib/mvau.hpp:257]   --->   Operation 416 'br' 'br_ln257' <Predicate = (!icmp_ln249 & icmp_ln253 & trunc_ln257 == 98)> <Delay = 0.00>
ST_1 : Operation 417 [1/1] (0.00ns)   --->   "%store_ln257 = store i4 %inElem, i4 %inputBuf_V_97" [/home/miguel_tfg/FINN-v0.9-Stable/deps/finn-hlslib/mvau.hpp:257]   --->   Operation 417 'store' 'store_ln257' <Predicate = (!icmp_ln249 & icmp_ln253 & trunc_ln257 == 97)> <Delay = 0.00>
ST_1 : Operation 418 [1/1] (0.00ns)   --->   "%br_ln257 = br void %arrayidx.exit" [/home/miguel_tfg/FINN-v0.9-Stable/deps/finn-hlslib/mvau.hpp:257]   --->   Operation 418 'br' 'br_ln257' <Predicate = (!icmp_ln249 & icmp_ln253 & trunc_ln257 == 97)> <Delay = 0.00>
ST_1 : Operation 419 [1/1] (0.00ns)   --->   "%store_ln257 = store i4 %inElem, i4 %inputBuf_V_96" [/home/miguel_tfg/FINN-v0.9-Stable/deps/finn-hlslib/mvau.hpp:257]   --->   Operation 419 'store' 'store_ln257' <Predicate = (!icmp_ln249 & icmp_ln253 & trunc_ln257 == 96)> <Delay = 0.00>
ST_1 : Operation 420 [1/1] (0.00ns)   --->   "%br_ln257 = br void %arrayidx.exit" [/home/miguel_tfg/FINN-v0.9-Stable/deps/finn-hlslib/mvau.hpp:257]   --->   Operation 420 'br' 'br_ln257' <Predicate = (!icmp_ln249 & icmp_ln253 & trunc_ln257 == 96)> <Delay = 0.00>
ST_1 : Operation 421 [1/1] (0.00ns)   --->   "%store_ln257 = store i4 %inElem, i4 %inputBuf_V_95" [/home/miguel_tfg/FINN-v0.9-Stable/deps/finn-hlslib/mvau.hpp:257]   --->   Operation 421 'store' 'store_ln257' <Predicate = (!icmp_ln249 & icmp_ln253 & trunc_ln257 == 95)> <Delay = 0.00>
ST_1 : Operation 422 [1/1] (0.00ns)   --->   "%br_ln257 = br void %arrayidx.exit" [/home/miguel_tfg/FINN-v0.9-Stable/deps/finn-hlslib/mvau.hpp:257]   --->   Operation 422 'br' 'br_ln257' <Predicate = (!icmp_ln249 & icmp_ln253 & trunc_ln257 == 95)> <Delay = 0.00>
ST_1 : Operation 423 [1/1] (0.00ns)   --->   "%store_ln257 = store i4 %inElem, i4 %inputBuf_V_94" [/home/miguel_tfg/FINN-v0.9-Stable/deps/finn-hlslib/mvau.hpp:257]   --->   Operation 423 'store' 'store_ln257' <Predicate = (!icmp_ln249 & icmp_ln253 & trunc_ln257 == 94)> <Delay = 0.00>
ST_1 : Operation 424 [1/1] (0.00ns)   --->   "%br_ln257 = br void %arrayidx.exit" [/home/miguel_tfg/FINN-v0.9-Stable/deps/finn-hlslib/mvau.hpp:257]   --->   Operation 424 'br' 'br_ln257' <Predicate = (!icmp_ln249 & icmp_ln253 & trunc_ln257 == 94)> <Delay = 0.00>
ST_1 : Operation 425 [1/1] (0.00ns)   --->   "%store_ln257 = store i4 %inElem, i4 %inputBuf_V_93" [/home/miguel_tfg/FINN-v0.9-Stable/deps/finn-hlslib/mvau.hpp:257]   --->   Operation 425 'store' 'store_ln257' <Predicate = (!icmp_ln249 & icmp_ln253 & trunc_ln257 == 93)> <Delay = 0.00>
ST_1 : Operation 426 [1/1] (0.00ns)   --->   "%br_ln257 = br void %arrayidx.exit" [/home/miguel_tfg/FINN-v0.9-Stable/deps/finn-hlslib/mvau.hpp:257]   --->   Operation 426 'br' 'br_ln257' <Predicate = (!icmp_ln249 & icmp_ln253 & trunc_ln257 == 93)> <Delay = 0.00>
ST_1 : Operation 427 [1/1] (0.00ns)   --->   "%store_ln257 = store i4 %inElem, i4 %inputBuf_V_92" [/home/miguel_tfg/FINN-v0.9-Stable/deps/finn-hlslib/mvau.hpp:257]   --->   Operation 427 'store' 'store_ln257' <Predicate = (!icmp_ln249 & icmp_ln253 & trunc_ln257 == 92)> <Delay = 0.00>
ST_1 : Operation 428 [1/1] (0.00ns)   --->   "%br_ln257 = br void %arrayidx.exit" [/home/miguel_tfg/FINN-v0.9-Stable/deps/finn-hlslib/mvau.hpp:257]   --->   Operation 428 'br' 'br_ln257' <Predicate = (!icmp_ln249 & icmp_ln253 & trunc_ln257 == 92)> <Delay = 0.00>
ST_1 : Operation 429 [1/1] (0.00ns)   --->   "%store_ln257 = store i4 %inElem, i4 %inputBuf_V_91" [/home/miguel_tfg/FINN-v0.9-Stable/deps/finn-hlslib/mvau.hpp:257]   --->   Operation 429 'store' 'store_ln257' <Predicate = (!icmp_ln249 & icmp_ln253 & trunc_ln257 == 91)> <Delay = 0.00>
ST_1 : Operation 430 [1/1] (0.00ns)   --->   "%br_ln257 = br void %arrayidx.exit" [/home/miguel_tfg/FINN-v0.9-Stable/deps/finn-hlslib/mvau.hpp:257]   --->   Operation 430 'br' 'br_ln257' <Predicate = (!icmp_ln249 & icmp_ln253 & trunc_ln257 == 91)> <Delay = 0.00>
ST_1 : Operation 431 [1/1] (0.00ns)   --->   "%store_ln257 = store i4 %inElem, i4 %inputBuf_V_90" [/home/miguel_tfg/FINN-v0.9-Stable/deps/finn-hlslib/mvau.hpp:257]   --->   Operation 431 'store' 'store_ln257' <Predicate = (!icmp_ln249 & icmp_ln253 & trunc_ln257 == 90)> <Delay = 0.00>
ST_1 : Operation 432 [1/1] (0.00ns)   --->   "%br_ln257 = br void %arrayidx.exit" [/home/miguel_tfg/FINN-v0.9-Stable/deps/finn-hlslib/mvau.hpp:257]   --->   Operation 432 'br' 'br_ln257' <Predicate = (!icmp_ln249 & icmp_ln253 & trunc_ln257 == 90)> <Delay = 0.00>
ST_1 : Operation 433 [1/1] (0.00ns)   --->   "%store_ln257 = store i4 %inElem, i4 %inputBuf_V_89" [/home/miguel_tfg/FINN-v0.9-Stable/deps/finn-hlslib/mvau.hpp:257]   --->   Operation 433 'store' 'store_ln257' <Predicate = (!icmp_ln249 & icmp_ln253 & trunc_ln257 == 89)> <Delay = 0.00>
ST_1 : Operation 434 [1/1] (0.00ns)   --->   "%br_ln257 = br void %arrayidx.exit" [/home/miguel_tfg/FINN-v0.9-Stable/deps/finn-hlslib/mvau.hpp:257]   --->   Operation 434 'br' 'br_ln257' <Predicate = (!icmp_ln249 & icmp_ln253 & trunc_ln257 == 89)> <Delay = 0.00>
ST_1 : Operation 435 [1/1] (0.00ns)   --->   "%store_ln257 = store i4 %inElem, i4 %inputBuf_V_88" [/home/miguel_tfg/FINN-v0.9-Stable/deps/finn-hlslib/mvau.hpp:257]   --->   Operation 435 'store' 'store_ln257' <Predicate = (!icmp_ln249 & icmp_ln253 & trunc_ln257 == 88)> <Delay = 0.00>
ST_1 : Operation 436 [1/1] (0.00ns)   --->   "%br_ln257 = br void %arrayidx.exit" [/home/miguel_tfg/FINN-v0.9-Stable/deps/finn-hlslib/mvau.hpp:257]   --->   Operation 436 'br' 'br_ln257' <Predicate = (!icmp_ln249 & icmp_ln253 & trunc_ln257 == 88)> <Delay = 0.00>
ST_1 : Operation 437 [1/1] (0.00ns)   --->   "%store_ln257 = store i4 %inElem, i4 %inputBuf_V_87" [/home/miguel_tfg/FINN-v0.9-Stable/deps/finn-hlslib/mvau.hpp:257]   --->   Operation 437 'store' 'store_ln257' <Predicate = (!icmp_ln249 & icmp_ln253 & trunc_ln257 == 87)> <Delay = 0.00>
ST_1 : Operation 438 [1/1] (0.00ns)   --->   "%br_ln257 = br void %arrayidx.exit" [/home/miguel_tfg/FINN-v0.9-Stable/deps/finn-hlslib/mvau.hpp:257]   --->   Operation 438 'br' 'br_ln257' <Predicate = (!icmp_ln249 & icmp_ln253 & trunc_ln257 == 87)> <Delay = 0.00>
ST_1 : Operation 439 [1/1] (0.00ns)   --->   "%store_ln257 = store i4 %inElem, i4 %inputBuf_V_86" [/home/miguel_tfg/FINN-v0.9-Stable/deps/finn-hlslib/mvau.hpp:257]   --->   Operation 439 'store' 'store_ln257' <Predicate = (!icmp_ln249 & icmp_ln253 & trunc_ln257 == 86)> <Delay = 0.00>
ST_1 : Operation 440 [1/1] (0.00ns)   --->   "%br_ln257 = br void %arrayidx.exit" [/home/miguel_tfg/FINN-v0.9-Stable/deps/finn-hlslib/mvau.hpp:257]   --->   Operation 440 'br' 'br_ln257' <Predicate = (!icmp_ln249 & icmp_ln253 & trunc_ln257 == 86)> <Delay = 0.00>
ST_1 : Operation 441 [1/1] (0.00ns)   --->   "%store_ln257 = store i4 %inElem, i4 %inputBuf_V_85" [/home/miguel_tfg/FINN-v0.9-Stable/deps/finn-hlslib/mvau.hpp:257]   --->   Operation 441 'store' 'store_ln257' <Predicate = (!icmp_ln249 & icmp_ln253 & trunc_ln257 == 85)> <Delay = 0.00>
ST_1 : Operation 442 [1/1] (0.00ns)   --->   "%br_ln257 = br void %arrayidx.exit" [/home/miguel_tfg/FINN-v0.9-Stable/deps/finn-hlslib/mvau.hpp:257]   --->   Operation 442 'br' 'br_ln257' <Predicate = (!icmp_ln249 & icmp_ln253 & trunc_ln257 == 85)> <Delay = 0.00>
ST_1 : Operation 443 [1/1] (0.00ns)   --->   "%store_ln257 = store i4 %inElem, i4 %inputBuf_V_84" [/home/miguel_tfg/FINN-v0.9-Stable/deps/finn-hlslib/mvau.hpp:257]   --->   Operation 443 'store' 'store_ln257' <Predicate = (!icmp_ln249 & icmp_ln253 & trunc_ln257 == 84)> <Delay = 0.00>
ST_1 : Operation 444 [1/1] (0.00ns)   --->   "%br_ln257 = br void %arrayidx.exit" [/home/miguel_tfg/FINN-v0.9-Stable/deps/finn-hlslib/mvau.hpp:257]   --->   Operation 444 'br' 'br_ln257' <Predicate = (!icmp_ln249 & icmp_ln253 & trunc_ln257 == 84)> <Delay = 0.00>
ST_1 : Operation 445 [1/1] (0.00ns)   --->   "%store_ln257 = store i4 %inElem, i4 %inputBuf_V_83" [/home/miguel_tfg/FINN-v0.9-Stable/deps/finn-hlslib/mvau.hpp:257]   --->   Operation 445 'store' 'store_ln257' <Predicate = (!icmp_ln249 & icmp_ln253 & trunc_ln257 == 83)> <Delay = 0.00>
ST_1 : Operation 446 [1/1] (0.00ns)   --->   "%br_ln257 = br void %arrayidx.exit" [/home/miguel_tfg/FINN-v0.9-Stable/deps/finn-hlslib/mvau.hpp:257]   --->   Operation 446 'br' 'br_ln257' <Predicate = (!icmp_ln249 & icmp_ln253 & trunc_ln257 == 83)> <Delay = 0.00>
ST_1 : Operation 447 [1/1] (0.00ns)   --->   "%store_ln257 = store i4 %inElem, i4 %inputBuf_V_82" [/home/miguel_tfg/FINN-v0.9-Stable/deps/finn-hlslib/mvau.hpp:257]   --->   Operation 447 'store' 'store_ln257' <Predicate = (!icmp_ln249 & icmp_ln253 & trunc_ln257 == 82)> <Delay = 0.00>
ST_1 : Operation 448 [1/1] (0.00ns)   --->   "%br_ln257 = br void %arrayidx.exit" [/home/miguel_tfg/FINN-v0.9-Stable/deps/finn-hlslib/mvau.hpp:257]   --->   Operation 448 'br' 'br_ln257' <Predicate = (!icmp_ln249 & icmp_ln253 & trunc_ln257 == 82)> <Delay = 0.00>
ST_1 : Operation 449 [1/1] (0.00ns)   --->   "%store_ln257 = store i4 %inElem, i4 %inputBuf_V_81" [/home/miguel_tfg/FINN-v0.9-Stable/deps/finn-hlslib/mvau.hpp:257]   --->   Operation 449 'store' 'store_ln257' <Predicate = (!icmp_ln249 & icmp_ln253 & trunc_ln257 == 81)> <Delay = 0.00>
ST_1 : Operation 450 [1/1] (0.00ns)   --->   "%br_ln257 = br void %arrayidx.exit" [/home/miguel_tfg/FINN-v0.9-Stable/deps/finn-hlslib/mvau.hpp:257]   --->   Operation 450 'br' 'br_ln257' <Predicate = (!icmp_ln249 & icmp_ln253 & trunc_ln257 == 81)> <Delay = 0.00>
ST_1 : Operation 451 [1/1] (0.00ns)   --->   "%store_ln257 = store i4 %inElem, i4 %inputBuf_V_80" [/home/miguel_tfg/FINN-v0.9-Stable/deps/finn-hlslib/mvau.hpp:257]   --->   Operation 451 'store' 'store_ln257' <Predicate = (!icmp_ln249 & icmp_ln253 & trunc_ln257 == 80)> <Delay = 0.00>
ST_1 : Operation 452 [1/1] (0.00ns)   --->   "%br_ln257 = br void %arrayidx.exit" [/home/miguel_tfg/FINN-v0.9-Stable/deps/finn-hlslib/mvau.hpp:257]   --->   Operation 452 'br' 'br_ln257' <Predicate = (!icmp_ln249 & icmp_ln253 & trunc_ln257 == 80)> <Delay = 0.00>
ST_1 : Operation 453 [1/1] (0.00ns)   --->   "%store_ln257 = store i4 %inElem, i4 %inputBuf_V_79" [/home/miguel_tfg/FINN-v0.9-Stable/deps/finn-hlslib/mvau.hpp:257]   --->   Operation 453 'store' 'store_ln257' <Predicate = (!icmp_ln249 & icmp_ln253 & trunc_ln257 == 79)> <Delay = 0.00>
ST_1 : Operation 454 [1/1] (0.00ns)   --->   "%br_ln257 = br void %arrayidx.exit" [/home/miguel_tfg/FINN-v0.9-Stable/deps/finn-hlslib/mvau.hpp:257]   --->   Operation 454 'br' 'br_ln257' <Predicate = (!icmp_ln249 & icmp_ln253 & trunc_ln257 == 79)> <Delay = 0.00>
ST_1 : Operation 455 [1/1] (0.00ns)   --->   "%store_ln257 = store i4 %inElem, i4 %inputBuf_V_78" [/home/miguel_tfg/FINN-v0.9-Stable/deps/finn-hlslib/mvau.hpp:257]   --->   Operation 455 'store' 'store_ln257' <Predicate = (!icmp_ln249 & icmp_ln253 & trunc_ln257 == 78)> <Delay = 0.00>
ST_1 : Operation 456 [1/1] (0.00ns)   --->   "%br_ln257 = br void %arrayidx.exit" [/home/miguel_tfg/FINN-v0.9-Stable/deps/finn-hlslib/mvau.hpp:257]   --->   Operation 456 'br' 'br_ln257' <Predicate = (!icmp_ln249 & icmp_ln253 & trunc_ln257 == 78)> <Delay = 0.00>
ST_1 : Operation 457 [1/1] (0.00ns)   --->   "%store_ln257 = store i4 %inElem, i4 %inputBuf_V_77" [/home/miguel_tfg/FINN-v0.9-Stable/deps/finn-hlslib/mvau.hpp:257]   --->   Operation 457 'store' 'store_ln257' <Predicate = (!icmp_ln249 & icmp_ln253 & trunc_ln257 == 77)> <Delay = 0.00>
ST_1 : Operation 458 [1/1] (0.00ns)   --->   "%br_ln257 = br void %arrayidx.exit" [/home/miguel_tfg/FINN-v0.9-Stable/deps/finn-hlslib/mvau.hpp:257]   --->   Operation 458 'br' 'br_ln257' <Predicate = (!icmp_ln249 & icmp_ln253 & trunc_ln257 == 77)> <Delay = 0.00>
ST_1 : Operation 459 [1/1] (0.00ns)   --->   "%store_ln257 = store i4 %inElem, i4 %inputBuf_V_76" [/home/miguel_tfg/FINN-v0.9-Stable/deps/finn-hlslib/mvau.hpp:257]   --->   Operation 459 'store' 'store_ln257' <Predicate = (!icmp_ln249 & icmp_ln253 & trunc_ln257 == 76)> <Delay = 0.00>
ST_1 : Operation 460 [1/1] (0.00ns)   --->   "%br_ln257 = br void %arrayidx.exit" [/home/miguel_tfg/FINN-v0.9-Stable/deps/finn-hlslib/mvau.hpp:257]   --->   Operation 460 'br' 'br_ln257' <Predicate = (!icmp_ln249 & icmp_ln253 & trunc_ln257 == 76)> <Delay = 0.00>
ST_1 : Operation 461 [1/1] (0.00ns)   --->   "%store_ln257 = store i4 %inElem, i4 %inputBuf_V_75" [/home/miguel_tfg/FINN-v0.9-Stable/deps/finn-hlslib/mvau.hpp:257]   --->   Operation 461 'store' 'store_ln257' <Predicate = (!icmp_ln249 & icmp_ln253 & trunc_ln257 == 75)> <Delay = 0.00>
ST_1 : Operation 462 [1/1] (0.00ns)   --->   "%br_ln257 = br void %arrayidx.exit" [/home/miguel_tfg/FINN-v0.9-Stable/deps/finn-hlslib/mvau.hpp:257]   --->   Operation 462 'br' 'br_ln257' <Predicate = (!icmp_ln249 & icmp_ln253 & trunc_ln257 == 75)> <Delay = 0.00>
ST_1 : Operation 463 [1/1] (0.00ns)   --->   "%store_ln257 = store i4 %inElem, i4 %inputBuf_V_74" [/home/miguel_tfg/FINN-v0.9-Stable/deps/finn-hlslib/mvau.hpp:257]   --->   Operation 463 'store' 'store_ln257' <Predicate = (!icmp_ln249 & icmp_ln253 & trunc_ln257 == 74)> <Delay = 0.00>
ST_1 : Operation 464 [1/1] (0.00ns)   --->   "%br_ln257 = br void %arrayidx.exit" [/home/miguel_tfg/FINN-v0.9-Stable/deps/finn-hlslib/mvau.hpp:257]   --->   Operation 464 'br' 'br_ln257' <Predicate = (!icmp_ln249 & icmp_ln253 & trunc_ln257 == 74)> <Delay = 0.00>
ST_1 : Operation 465 [1/1] (0.00ns)   --->   "%store_ln257 = store i4 %inElem, i4 %inputBuf_V_73" [/home/miguel_tfg/FINN-v0.9-Stable/deps/finn-hlslib/mvau.hpp:257]   --->   Operation 465 'store' 'store_ln257' <Predicate = (!icmp_ln249 & icmp_ln253 & trunc_ln257 == 73)> <Delay = 0.00>
ST_1 : Operation 466 [1/1] (0.00ns)   --->   "%br_ln257 = br void %arrayidx.exit" [/home/miguel_tfg/FINN-v0.9-Stable/deps/finn-hlslib/mvau.hpp:257]   --->   Operation 466 'br' 'br_ln257' <Predicate = (!icmp_ln249 & icmp_ln253 & trunc_ln257 == 73)> <Delay = 0.00>
ST_1 : Operation 467 [1/1] (0.00ns)   --->   "%store_ln257 = store i4 %inElem, i4 %inputBuf_V_72" [/home/miguel_tfg/FINN-v0.9-Stable/deps/finn-hlslib/mvau.hpp:257]   --->   Operation 467 'store' 'store_ln257' <Predicate = (!icmp_ln249 & icmp_ln253 & trunc_ln257 == 72)> <Delay = 0.00>
ST_1 : Operation 468 [1/1] (0.00ns)   --->   "%br_ln257 = br void %arrayidx.exit" [/home/miguel_tfg/FINN-v0.9-Stable/deps/finn-hlslib/mvau.hpp:257]   --->   Operation 468 'br' 'br_ln257' <Predicate = (!icmp_ln249 & icmp_ln253 & trunc_ln257 == 72)> <Delay = 0.00>
ST_1 : Operation 469 [1/1] (0.00ns)   --->   "%store_ln257 = store i4 %inElem, i4 %inputBuf_V_71" [/home/miguel_tfg/FINN-v0.9-Stable/deps/finn-hlslib/mvau.hpp:257]   --->   Operation 469 'store' 'store_ln257' <Predicate = (!icmp_ln249 & icmp_ln253 & trunc_ln257 == 71)> <Delay = 0.00>
ST_1 : Operation 470 [1/1] (0.00ns)   --->   "%br_ln257 = br void %arrayidx.exit" [/home/miguel_tfg/FINN-v0.9-Stable/deps/finn-hlslib/mvau.hpp:257]   --->   Operation 470 'br' 'br_ln257' <Predicate = (!icmp_ln249 & icmp_ln253 & trunc_ln257 == 71)> <Delay = 0.00>
ST_1 : Operation 471 [1/1] (0.00ns)   --->   "%store_ln257 = store i4 %inElem, i4 %inputBuf_V_70" [/home/miguel_tfg/FINN-v0.9-Stable/deps/finn-hlslib/mvau.hpp:257]   --->   Operation 471 'store' 'store_ln257' <Predicate = (!icmp_ln249 & icmp_ln253 & trunc_ln257 == 70)> <Delay = 0.00>
ST_1 : Operation 472 [1/1] (0.00ns)   --->   "%br_ln257 = br void %arrayidx.exit" [/home/miguel_tfg/FINN-v0.9-Stable/deps/finn-hlslib/mvau.hpp:257]   --->   Operation 472 'br' 'br_ln257' <Predicate = (!icmp_ln249 & icmp_ln253 & trunc_ln257 == 70)> <Delay = 0.00>
ST_1 : Operation 473 [1/1] (0.00ns)   --->   "%store_ln257 = store i4 %inElem, i4 %inputBuf_V_69" [/home/miguel_tfg/FINN-v0.9-Stable/deps/finn-hlslib/mvau.hpp:257]   --->   Operation 473 'store' 'store_ln257' <Predicate = (!icmp_ln249 & icmp_ln253 & trunc_ln257 == 69)> <Delay = 0.00>
ST_1 : Operation 474 [1/1] (0.00ns)   --->   "%br_ln257 = br void %arrayidx.exit" [/home/miguel_tfg/FINN-v0.9-Stable/deps/finn-hlslib/mvau.hpp:257]   --->   Operation 474 'br' 'br_ln257' <Predicate = (!icmp_ln249 & icmp_ln253 & trunc_ln257 == 69)> <Delay = 0.00>
ST_1 : Operation 475 [1/1] (0.00ns)   --->   "%store_ln257 = store i4 %inElem, i4 %inputBuf_V_68" [/home/miguel_tfg/FINN-v0.9-Stable/deps/finn-hlslib/mvau.hpp:257]   --->   Operation 475 'store' 'store_ln257' <Predicate = (!icmp_ln249 & icmp_ln253 & trunc_ln257 == 68)> <Delay = 0.00>
ST_1 : Operation 476 [1/1] (0.00ns)   --->   "%br_ln257 = br void %arrayidx.exit" [/home/miguel_tfg/FINN-v0.9-Stable/deps/finn-hlslib/mvau.hpp:257]   --->   Operation 476 'br' 'br_ln257' <Predicate = (!icmp_ln249 & icmp_ln253 & trunc_ln257 == 68)> <Delay = 0.00>
ST_1 : Operation 477 [1/1] (0.00ns)   --->   "%store_ln257 = store i4 %inElem, i4 %inputBuf_V_67" [/home/miguel_tfg/FINN-v0.9-Stable/deps/finn-hlslib/mvau.hpp:257]   --->   Operation 477 'store' 'store_ln257' <Predicate = (!icmp_ln249 & icmp_ln253 & trunc_ln257 == 67)> <Delay = 0.00>
ST_1 : Operation 478 [1/1] (0.00ns)   --->   "%br_ln257 = br void %arrayidx.exit" [/home/miguel_tfg/FINN-v0.9-Stable/deps/finn-hlslib/mvau.hpp:257]   --->   Operation 478 'br' 'br_ln257' <Predicate = (!icmp_ln249 & icmp_ln253 & trunc_ln257 == 67)> <Delay = 0.00>
ST_1 : Operation 479 [1/1] (0.00ns)   --->   "%store_ln257 = store i4 %inElem, i4 %inputBuf_V_66" [/home/miguel_tfg/FINN-v0.9-Stable/deps/finn-hlslib/mvau.hpp:257]   --->   Operation 479 'store' 'store_ln257' <Predicate = (!icmp_ln249 & icmp_ln253 & trunc_ln257 == 66)> <Delay = 0.00>
ST_1 : Operation 480 [1/1] (0.00ns)   --->   "%br_ln257 = br void %arrayidx.exit" [/home/miguel_tfg/FINN-v0.9-Stable/deps/finn-hlslib/mvau.hpp:257]   --->   Operation 480 'br' 'br_ln257' <Predicate = (!icmp_ln249 & icmp_ln253 & trunc_ln257 == 66)> <Delay = 0.00>
ST_1 : Operation 481 [1/1] (0.00ns)   --->   "%store_ln257 = store i4 %inElem, i4 %inputBuf_V_65" [/home/miguel_tfg/FINN-v0.9-Stable/deps/finn-hlslib/mvau.hpp:257]   --->   Operation 481 'store' 'store_ln257' <Predicate = (!icmp_ln249 & icmp_ln253 & trunc_ln257 == 65)> <Delay = 0.00>
ST_1 : Operation 482 [1/1] (0.00ns)   --->   "%br_ln257 = br void %arrayidx.exit" [/home/miguel_tfg/FINN-v0.9-Stable/deps/finn-hlslib/mvau.hpp:257]   --->   Operation 482 'br' 'br_ln257' <Predicate = (!icmp_ln249 & icmp_ln253 & trunc_ln257 == 65)> <Delay = 0.00>
ST_1 : Operation 483 [1/1] (0.00ns)   --->   "%store_ln257 = store i4 %inElem, i4 %inputBuf_V_64" [/home/miguel_tfg/FINN-v0.9-Stable/deps/finn-hlslib/mvau.hpp:257]   --->   Operation 483 'store' 'store_ln257' <Predicate = (!icmp_ln249 & icmp_ln253 & trunc_ln257 == 64)> <Delay = 0.00>
ST_1 : Operation 484 [1/1] (0.00ns)   --->   "%br_ln257 = br void %arrayidx.exit" [/home/miguel_tfg/FINN-v0.9-Stable/deps/finn-hlslib/mvau.hpp:257]   --->   Operation 484 'br' 'br_ln257' <Predicate = (!icmp_ln249 & icmp_ln253 & trunc_ln257 == 64)> <Delay = 0.00>
ST_1 : Operation 485 [1/1] (0.00ns)   --->   "%store_ln257 = store i4 %inElem, i4 %inputBuf_V_63" [/home/miguel_tfg/FINN-v0.9-Stable/deps/finn-hlslib/mvau.hpp:257]   --->   Operation 485 'store' 'store_ln257' <Predicate = (!icmp_ln249 & icmp_ln253 & trunc_ln257 == 63)> <Delay = 0.00>
ST_1 : Operation 486 [1/1] (0.00ns)   --->   "%br_ln257 = br void %arrayidx.exit" [/home/miguel_tfg/FINN-v0.9-Stable/deps/finn-hlslib/mvau.hpp:257]   --->   Operation 486 'br' 'br_ln257' <Predicate = (!icmp_ln249 & icmp_ln253 & trunc_ln257 == 63)> <Delay = 0.00>
ST_1 : Operation 487 [1/1] (0.00ns)   --->   "%store_ln257 = store i4 %inElem, i4 %inputBuf_V_62" [/home/miguel_tfg/FINN-v0.9-Stable/deps/finn-hlslib/mvau.hpp:257]   --->   Operation 487 'store' 'store_ln257' <Predicate = (!icmp_ln249 & icmp_ln253 & trunc_ln257 == 62)> <Delay = 0.00>
ST_1 : Operation 488 [1/1] (0.00ns)   --->   "%br_ln257 = br void %arrayidx.exit" [/home/miguel_tfg/FINN-v0.9-Stable/deps/finn-hlslib/mvau.hpp:257]   --->   Operation 488 'br' 'br_ln257' <Predicate = (!icmp_ln249 & icmp_ln253 & trunc_ln257 == 62)> <Delay = 0.00>
ST_1 : Operation 489 [1/1] (0.00ns)   --->   "%store_ln257 = store i4 %inElem, i4 %inputBuf_V_61" [/home/miguel_tfg/FINN-v0.9-Stable/deps/finn-hlslib/mvau.hpp:257]   --->   Operation 489 'store' 'store_ln257' <Predicate = (!icmp_ln249 & icmp_ln253 & trunc_ln257 == 61)> <Delay = 0.00>
ST_1 : Operation 490 [1/1] (0.00ns)   --->   "%br_ln257 = br void %arrayidx.exit" [/home/miguel_tfg/FINN-v0.9-Stable/deps/finn-hlslib/mvau.hpp:257]   --->   Operation 490 'br' 'br_ln257' <Predicate = (!icmp_ln249 & icmp_ln253 & trunc_ln257 == 61)> <Delay = 0.00>
ST_1 : Operation 491 [1/1] (0.00ns)   --->   "%store_ln257 = store i4 %inElem, i4 %inputBuf_V_60" [/home/miguel_tfg/FINN-v0.9-Stable/deps/finn-hlslib/mvau.hpp:257]   --->   Operation 491 'store' 'store_ln257' <Predicate = (!icmp_ln249 & icmp_ln253 & trunc_ln257 == 60)> <Delay = 0.00>
ST_1 : Operation 492 [1/1] (0.00ns)   --->   "%br_ln257 = br void %arrayidx.exit" [/home/miguel_tfg/FINN-v0.9-Stable/deps/finn-hlslib/mvau.hpp:257]   --->   Operation 492 'br' 'br_ln257' <Predicate = (!icmp_ln249 & icmp_ln253 & trunc_ln257 == 60)> <Delay = 0.00>
ST_1 : Operation 493 [1/1] (0.00ns)   --->   "%store_ln257 = store i4 %inElem, i4 %inputBuf_V_59" [/home/miguel_tfg/FINN-v0.9-Stable/deps/finn-hlslib/mvau.hpp:257]   --->   Operation 493 'store' 'store_ln257' <Predicate = (!icmp_ln249 & icmp_ln253 & trunc_ln257 == 59)> <Delay = 0.00>
ST_1 : Operation 494 [1/1] (0.00ns)   --->   "%br_ln257 = br void %arrayidx.exit" [/home/miguel_tfg/FINN-v0.9-Stable/deps/finn-hlslib/mvau.hpp:257]   --->   Operation 494 'br' 'br_ln257' <Predicate = (!icmp_ln249 & icmp_ln253 & trunc_ln257 == 59)> <Delay = 0.00>
ST_1 : Operation 495 [1/1] (0.00ns)   --->   "%store_ln257 = store i4 %inElem, i4 %inputBuf_V_58" [/home/miguel_tfg/FINN-v0.9-Stable/deps/finn-hlslib/mvau.hpp:257]   --->   Operation 495 'store' 'store_ln257' <Predicate = (!icmp_ln249 & icmp_ln253 & trunc_ln257 == 58)> <Delay = 0.00>
ST_1 : Operation 496 [1/1] (0.00ns)   --->   "%br_ln257 = br void %arrayidx.exit" [/home/miguel_tfg/FINN-v0.9-Stable/deps/finn-hlslib/mvau.hpp:257]   --->   Operation 496 'br' 'br_ln257' <Predicate = (!icmp_ln249 & icmp_ln253 & trunc_ln257 == 58)> <Delay = 0.00>
ST_1 : Operation 497 [1/1] (0.00ns)   --->   "%store_ln257 = store i4 %inElem, i4 %inputBuf_V_57" [/home/miguel_tfg/FINN-v0.9-Stable/deps/finn-hlslib/mvau.hpp:257]   --->   Operation 497 'store' 'store_ln257' <Predicate = (!icmp_ln249 & icmp_ln253 & trunc_ln257 == 57)> <Delay = 0.00>
ST_1 : Operation 498 [1/1] (0.00ns)   --->   "%br_ln257 = br void %arrayidx.exit" [/home/miguel_tfg/FINN-v0.9-Stable/deps/finn-hlslib/mvau.hpp:257]   --->   Operation 498 'br' 'br_ln257' <Predicate = (!icmp_ln249 & icmp_ln253 & trunc_ln257 == 57)> <Delay = 0.00>
ST_1 : Operation 499 [1/1] (0.00ns)   --->   "%store_ln257 = store i4 %inElem, i4 %inputBuf_V_56" [/home/miguel_tfg/FINN-v0.9-Stable/deps/finn-hlslib/mvau.hpp:257]   --->   Operation 499 'store' 'store_ln257' <Predicate = (!icmp_ln249 & icmp_ln253 & trunc_ln257 == 56)> <Delay = 0.00>
ST_1 : Operation 500 [1/1] (0.00ns)   --->   "%br_ln257 = br void %arrayidx.exit" [/home/miguel_tfg/FINN-v0.9-Stable/deps/finn-hlslib/mvau.hpp:257]   --->   Operation 500 'br' 'br_ln257' <Predicate = (!icmp_ln249 & icmp_ln253 & trunc_ln257 == 56)> <Delay = 0.00>
ST_1 : Operation 501 [1/1] (0.00ns)   --->   "%store_ln257 = store i4 %inElem, i4 %inputBuf_V_55" [/home/miguel_tfg/FINN-v0.9-Stable/deps/finn-hlslib/mvau.hpp:257]   --->   Operation 501 'store' 'store_ln257' <Predicate = (!icmp_ln249 & icmp_ln253 & trunc_ln257 == 55)> <Delay = 0.00>
ST_1 : Operation 502 [1/1] (0.00ns)   --->   "%br_ln257 = br void %arrayidx.exit" [/home/miguel_tfg/FINN-v0.9-Stable/deps/finn-hlslib/mvau.hpp:257]   --->   Operation 502 'br' 'br_ln257' <Predicate = (!icmp_ln249 & icmp_ln253 & trunc_ln257 == 55)> <Delay = 0.00>
ST_1 : Operation 503 [1/1] (0.00ns)   --->   "%store_ln257 = store i4 %inElem, i4 %inputBuf_V_54" [/home/miguel_tfg/FINN-v0.9-Stable/deps/finn-hlslib/mvau.hpp:257]   --->   Operation 503 'store' 'store_ln257' <Predicate = (!icmp_ln249 & icmp_ln253 & trunc_ln257 == 54)> <Delay = 0.00>
ST_1 : Operation 504 [1/1] (0.00ns)   --->   "%br_ln257 = br void %arrayidx.exit" [/home/miguel_tfg/FINN-v0.9-Stable/deps/finn-hlslib/mvau.hpp:257]   --->   Operation 504 'br' 'br_ln257' <Predicate = (!icmp_ln249 & icmp_ln253 & trunc_ln257 == 54)> <Delay = 0.00>
ST_1 : Operation 505 [1/1] (0.00ns)   --->   "%store_ln257 = store i4 %inElem, i4 %inputBuf_V_53" [/home/miguel_tfg/FINN-v0.9-Stable/deps/finn-hlslib/mvau.hpp:257]   --->   Operation 505 'store' 'store_ln257' <Predicate = (!icmp_ln249 & icmp_ln253 & trunc_ln257 == 53)> <Delay = 0.00>
ST_1 : Operation 506 [1/1] (0.00ns)   --->   "%br_ln257 = br void %arrayidx.exit" [/home/miguel_tfg/FINN-v0.9-Stable/deps/finn-hlslib/mvau.hpp:257]   --->   Operation 506 'br' 'br_ln257' <Predicate = (!icmp_ln249 & icmp_ln253 & trunc_ln257 == 53)> <Delay = 0.00>
ST_1 : Operation 507 [1/1] (0.00ns)   --->   "%store_ln257 = store i4 %inElem, i4 %inputBuf_V_52" [/home/miguel_tfg/FINN-v0.9-Stable/deps/finn-hlslib/mvau.hpp:257]   --->   Operation 507 'store' 'store_ln257' <Predicate = (!icmp_ln249 & icmp_ln253 & trunc_ln257 == 52)> <Delay = 0.00>
ST_1 : Operation 508 [1/1] (0.00ns)   --->   "%br_ln257 = br void %arrayidx.exit" [/home/miguel_tfg/FINN-v0.9-Stable/deps/finn-hlslib/mvau.hpp:257]   --->   Operation 508 'br' 'br_ln257' <Predicate = (!icmp_ln249 & icmp_ln253 & trunc_ln257 == 52)> <Delay = 0.00>
ST_1 : Operation 509 [1/1] (0.00ns)   --->   "%store_ln257 = store i4 %inElem, i4 %inputBuf_V_51" [/home/miguel_tfg/FINN-v0.9-Stable/deps/finn-hlslib/mvau.hpp:257]   --->   Operation 509 'store' 'store_ln257' <Predicate = (!icmp_ln249 & icmp_ln253 & trunc_ln257 == 51)> <Delay = 0.00>
ST_1 : Operation 510 [1/1] (0.00ns)   --->   "%br_ln257 = br void %arrayidx.exit" [/home/miguel_tfg/FINN-v0.9-Stable/deps/finn-hlslib/mvau.hpp:257]   --->   Operation 510 'br' 'br_ln257' <Predicate = (!icmp_ln249 & icmp_ln253 & trunc_ln257 == 51)> <Delay = 0.00>
ST_1 : Operation 511 [1/1] (0.00ns)   --->   "%store_ln257 = store i4 %inElem, i4 %inputBuf_V_50" [/home/miguel_tfg/FINN-v0.9-Stable/deps/finn-hlslib/mvau.hpp:257]   --->   Operation 511 'store' 'store_ln257' <Predicate = (!icmp_ln249 & icmp_ln253 & trunc_ln257 == 50)> <Delay = 0.00>
ST_1 : Operation 512 [1/1] (0.00ns)   --->   "%br_ln257 = br void %arrayidx.exit" [/home/miguel_tfg/FINN-v0.9-Stable/deps/finn-hlslib/mvau.hpp:257]   --->   Operation 512 'br' 'br_ln257' <Predicate = (!icmp_ln249 & icmp_ln253 & trunc_ln257 == 50)> <Delay = 0.00>
ST_1 : Operation 513 [1/1] (0.00ns)   --->   "%store_ln257 = store i4 %inElem, i4 %inputBuf_V_49" [/home/miguel_tfg/FINN-v0.9-Stable/deps/finn-hlslib/mvau.hpp:257]   --->   Operation 513 'store' 'store_ln257' <Predicate = (!icmp_ln249 & icmp_ln253 & trunc_ln257 == 49)> <Delay = 0.00>
ST_1 : Operation 514 [1/1] (0.00ns)   --->   "%br_ln257 = br void %arrayidx.exit" [/home/miguel_tfg/FINN-v0.9-Stable/deps/finn-hlslib/mvau.hpp:257]   --->   Operation 514 'br' 'br_ln257' <Predicate = (!icmp_ln249 & icmp_ln253 & trunc_ln257 == 49)> <Delay = 0.00>
ST_1 : Operation 515 [1/1] (0.00ns)   --->   "%store_ln257 = store i4 %inElem, i4 %inputBuf_V_48" [/home/miguel_tfg/FINN-v0.9-Stable/deps/finn-hlslib/mvau.hpp:257]   --->   Operation 515 'store' 'store_ln257' <Predicate = (!icmp_ln249 & icmp_ln253 & trunc_ln257 == 48)> <Delay = 0.00>
ST_1 : Operation 516 [1/1] (0.00ns)   --->   "%br_ln257 = br void %arrayidx.exit" [/home/miguel_tfg/FINN-v0.9-Stable/deps/finn-hlslib/mvau.hpp:257]   --->   Operation 516 'br' 'br_ln257' <Predicate = (!icmp_ln249 & icmp_ln253 & trunc_ln257 == 48)> <Delay = 0.00>
ST_1 : Operation 517 [1/1] (0.00ns)   --->   "%store_ln257 = store i4 %inElem, i4 %inputBuf_V_47" [/home/miguel_tfg/FINN-v0.9-Stable/deps/finn-hlslib/mvau.hpp:257]   --->   Operation 517 'store' 'store_ln257' <Predicate = (!icmp_ln249 & icmp_ln253 & trunc_ln257 == 47)> <Delay = 0.00>
ST_1 : Operation 518 [1/1] (0.00ns)   --->   "%br_ln257 = br void %arrayidx.exit" [/home/miguel_tfg/FINN-v0.9-Stable/deps/finn-hlslib/mvau.hpp:257]   --->   Operation 518 'br' 'br_ln257' <Predicate = (!icmp_ln249 & icmp_ln253 & trunc_ln257 == 47)> <Delay = 0.00>
ST_1 : Operation 519 [1/1] (0.00ns)   --->   "%store_ln257 = store i4 %inElem, i4 %inputBuf_V_46" [/home/miguel_tfg/FINN-v0.9-Stable/deps/finn-hlslib/mvau.hpp:257]   --->   Operation 519 'store' 'store_ln257' <Predicate = (!icmp_ln249 & icmp_ln253 & trunc_ln257 == 46)> <Delay = 0.00>
ST_1 : Operation 520 [1/1] (0.00ns)   --->   "%br_ln257 = br void %arrayidx.exit" [/home/miguel_tfg/FINN-v0.9-Stable/deps/finn-hlslib/mvau.hpp:257]   --->   Operation 520 'br' 'br_ln257' <Predicate = (!icmp_ln249 & icmp_ln253 & trunc_ln257 == 46)> <Delay = 0.00>
ST_1 : Operation 521 [1/1] (0.00ns)   --->   "%store_ln257 = store i4 %inElem, i4 %inputBuf_V_45" [/home/miguel_tfg/FINN-v0.9-Stable/deps/finn-hlslib/mvau.hpp:257]   --->   Operation 521 'store' 'store_ln257' <Predicate = (!icmp_ln249 & icmp_ln253 & trunc_ln257 == 45)> <Delay = 0.00>
ST_1 : Operation 522 [1/1] (0.00ns)   --->   "%br_ln257 = br void %arrayidx.exit" [/home/miguel_tfg/FINN-v0.9-Stable/deps/finn-hlslib/mvau.hpp:257]   --->   Operation 522 'br' 'br_ln257' <Predicate = (!icmp_ln249 & icmp_ln253 & trunc_ln257 == 45)> <Delay = 0.00>
ST_1 : Operation 523 [1/1] (0.00ns)   --->   "%store_ln257 = store i4 %inElem, i4 %inputBuf_V_44" [/home/miguel_tfg/FINN-v0.9-Stable/deps/finn-hlslib/mvau.hpp:257]   --->   Operation 523 'store' 'store_ln257' <Predicate = (!icmp_ln249 & icmp_ln253 & trunc_ln257 == 44)> <Delay = 0.00>
ST_1 : Operation 524 [1/1] (0.00ns)   --->   "%br_ln257 = br void %arrayidx.exit" [/home/miguel_tfg/FINN-v0.9-Stable/deps/finn-hlslib/mvau.hpp:257]   --->   Operation 524 'br' 'br_ln257' <Predicate = (!icmp_ln249 & icmp_ln253 & trunc_ln257 == 44)> <Delay = 0.00>
ST_1 : Operation 525 [1/1] (0.00ns)   --->   "%store_ln257 = store i4 %inElem, i4 %inputBuf_V_43" [/home/miguel_tfg/FINN-v0.9-Stable/deps/finn-hlslib/mvau.hpp:257]   --->   Operation 525 'store' 'store_ln257' <Predicate = (!icmp_ln249 & icmp_ln253 & trunc_ln257 == 43)> <Delay = 0.00>
ST_1 : Operation 526 [1/1] (0.00ns)   --->   "%br_ln257 = br void %arrayidx.exit" [/home/miguel_tfg/FINN-v0.9-Stable/deps/finn-hlslib/mvau.hpp:257]   --->   Operation 526 'br' 'br_ln257' <Predicate = (!icmp_ln249 & icmp_ln253 & trunc_ln257 == 43)> <Delay = 0.00>
ST_1 : Operation 527 [1/1] (0.00ns)   --->   "%store_ln257 = store i4 %inElem, i4 %inputBuf_V_42" [/home/miguel_tfg/FINN-v0.9-Stable/deps/finn-hlslib/mvau.hpp:257]   --->   Operation 527 'store' 'store_ln257' <Predicate = (!icmp_ln249 & icmp_ln253 & trunc_ln257 == 42)> <Delay = 0.00>
ST_1 : Operation 528 [1/1] (0.00ns)   --->   "%br_ln257 = br void %arrayidx.exit" [/home/miguel_tfg/FINN-v0.9-Stable/deps/finn-hlslib/mvau.hpp:257]   --->   Operation 528 'br' 'br_ln257' <Predicate = (!icmp_ln249 & icmp_ln253 & trunc_ln257 == 42)> <Delay = 0.00>
ST_1 : Operation 529 [1/1] (0.00ns)   --->   "%store_ln257 = store i4 %inElem, i4 %inputBuf_V_41" [/home/miguel_tfg/FINN-v0.9-Stable/deps/finn-hlslib/mvau.hpp:257]   --->   Operation 529 'store' 'store_ln257' <Predicate = (!icmp_ln249 & icmp_ln253 & trunc_ln257 == 41)> <Delay = 0.00>
ST_1 : Operation 530 [1/1] (0.00ns)   --->   "%br_ln257 = br void %arrayidx.exit" [/home/miguel_tfg/FINN-v0.9-Stable/deps/finn-hlslib/mvau.hpp:257]   --->   Operation 530 'br' 'br_ln257' <Predicate = (!icmp_ln249 & icmp_ln253 & trunc_ln257 == 41)> <Delay = 0.00>
ST_1 : Operation 531 [1/1] (0.00ns)   --->   "%store_ln257 = store i4 %inElem, i4 %inputBuf_V_40" [/home/miguel_tfg/FINN-v0.9-Stable/deps/finn-hlslib/mvau.hpp:257]   --->   Operation 531 'store' 'store_ln257' <Predicate = (!icmp_ln249 & icmp_ln253 & trunc_ln257 == 40)> <Delay = 0.00>
ST_1 : Operation 532 [1/1] (0.00ns)   --->   "%br_ln257 = br void %arrayidx.exit" [/home/miguel_tfg/FINN-v0.9-Stable/deps/finn-hlslib/mvau.hpp:257]   --->   Operation 532 'br' 'br_ln257' <Predicate = (!icmp_ln249 & icmp_ln253 & trunc_ln257 == 40)> <Delay = 0.00>
ST_1 : Operation 533 [1/1] (0.00ns)   --->   "%store_ln257 = store i4 %inElem, i4 %inputBuf_V_39" [/home/miguel_tfg/FINN-v0.9-Stable/deps/finn-hlslib/mvau.hpp:257]   --->   Operation 533 'store' 'store_ln257' <Predicate = (!icmp_ln249 & icmp_ln253 & trunc_ln257 == 39)> <Delay = 0.00>
ST_1 : Operation 534 [1/1] (0.00ns)   --->   "%br_ln257 = br void %arrayidx.exit" [/home/miguel_tfg/FINN-v0.9-Stable/deps/finn-hlslib/mvau.hpp:257]   --->   Operation 534 'br' 'br_ln257' <Predicate = (!icmp_ln249 & icmp_ln253 & trunc_ln257 == 39)> <Delay = 0.00>
ST_1 : Operation 535 [1/1] (0.00ns)   --->   "%store_ln257 = store i4 %inElem, i4 %inputBuf_V_38" [/home/miguel_tfg/FINN-v0.9-Stable/deps/finn-hlslib/mvau.hpp:257]   --->   Operation 535 'store' 'store_ln257' <Predicate = (!icmp_ln249 & icmp_ln253 & trunc_ln257 == 38)> <Delay = 0.00>
ST_1 : Operation 536 [1/1] (0.00ns)   --->   "%br_ln257 = br void %arrayidx.exit" [/home/miguel_tfg/FINN-v0.9-Stable/deps/finn-hlslib/mvau.hpp:257]   --->   Operation 536 'br' 'br_ln257' <Predicate = (!icmp_ln249 & icmp_ln253 & trunc_ln257 == 38)> <Delay = 0.00>
ST_1 : Operation 537 [1/1] (0.00ns)   --->   "%store_ln257 = store i4 %inElem, i4 %inputBuf_V_37" [/home/miguel_tfg/FINN-v0.9-Stable/deps/finn-hlslib/mvau.hpp:257]   --->   Operation 537 'store' 'store_ln257' <Predicate = (!icmp_ln249 & icmp_ln253 & trunc_ln257 == 37)> <Delay = 0.00>
ST_1 : Operation 538 [1/1] (0.00ns)   --->   "%br_ln257 = br void %arrayidx.exit" [/home/miguel_tfg/FINN-v0.9-Stable/deps/finn-hlslib/mvau.hpp:257]   --->   Operation 538 'br' 'br_ln257' <Predicate = (!icmp_ln249 & icmp_ln253 & trunc_ln257 == 37)> <Delay = 0.00>
ST_1 : Operation 539 [1/1] (0.00ns)   --->   "%store_ln257 = store i4 %inElem, i4 %inputBuf_V_36" [/home/miguel_tfg/FINN-v0.9-Stable/deps/finn-hlslib/mvau.hpp:257]   --->   Operation 539 'store' 'store_ln257' <Predicate = (!icmp_ln249 & icmp_ln253 & trunc_ln257 == 36)> <Delay = 0.00>
ST_1 : Operation 540 [1/1] (0.00ns)   --->   "%br_ln257 = br void %arrayidx.exit" [/home/miguel_tfg/FINN-v0.9-Stable/deps/finn-hlslib/mvau.hpp:257]   --->   Operation 540 'br' 'br_ln257' <Predicate = (!icmp_ln249 & icmp_ln253 & trunc_ln257 == 36)> <Delay = 0.00>
ST_1 : Operation 541 [1/1] (0.00ns)   --->   "%store_ln257 = store i4 %inElem, i4 %inputBuf_V_35" [/home/miguel_tfg/FINN-v0.9-Stable/deps/finn-hlslib/mvau.hpp:257]   --->   Operation 541 'store' 'store_ln257' <Predicate = (!icmp_ln249 & icmp_ln253 & trunc_ln257 == 35)> <Delay = 0.00>
ST_1 : Operation 542 [1/1] (0.00ns)   --->   "%br_ln257 = br void %arrayidx.exit" [/home/miguel_tfg/FINN-v0.9-Stable/deps/finn-hlslib/mvau.hpp:257]   --->   Operation 542 'br' 'br_ln257' <Predicate = (!icmp_ln249 & icmp_ln253 & trunc_ln257 == 35)> <Delay = 0.00>
ST_1 : Operation 543 [1/1] (0.00ns)   --->   "%store_ln257 = store i4 %inElem, i4 %inputBuf_V_34" [/home/miguel_tfg/FINN-v0.9-Stable/deps/finn-hlslib/mvau.hpp:257]   --->   Operation 543 'store' 'store_ln257' <Predicate = (!icmp_ln249 & icmp_ln253 & trunc_ln257 == 34)> <Delay = 0.00>
ST_1 : Operation 544 [1/1] (0.00ns)   --->   "%br_ln257 = br void %arrayidx.exit" [/home/miguel_tfg/FINN-v0.9-Stable/deps/finn-hlslib/mvau.hpp:257]   --->   Operation 544 'br' 'br_ln257' <Predicate = (!icmp_ln249 & icmp_ln253 & trunc_ln257 == 34)> <Delay = 0.00>
ST_1 : Operation 545 [1/1] (0.00ns)   --->   "%store_ln257 = store i4 %inElem, i4 %inputBuf_V_33" [/home/miguel_tfg/FINN-v0.9-Stable/deps/finn-hlslib/mvau.hpp:257]   --->   Operation 545 'store' 'store_ln257' <Predicate = (!icmp_ln249 & icmp_ln253 & trunc_ln257 == 33)> <Delay = 0.00>
ST_1 : Operation 546 [1/1] (0.00ns)   --->   "%br_ln257 = br void %arrayidx.exit" [/home/miguel_tfg/FINN-v0.9-Stable/deps/finn-hlslib/mvau.hpp:257]   --->   Operation 546 'br' 'br_ln257' <Predicate = (!icmp_ln249 & icmp_ln253 & trunc_ln257 == 33)> <Delay = 0.00>
ST_1 : Operation 547 [1/1] (0.00ns)   --->   "%store_ln257 = store i4 %inElem, i4 %inputBuf_V_32" [/home/miguel_tfg/FINN-v0.9-Stable/deps/finn-hlslib/mvau.hpp:257]   --->   Operation 547 'store' 'store_ln257' <Predicate = (!icmp_ln249 & icmp_ln253 & trunc_ln257 == 32)> <Delay = 0.00>
ST_1 : Operation 548 [1/1] (0.00ns)   --->   "%br_ln257 = br void %arrayidx.exit" [/home/miguel_tfg/FINN-v0.9-Stable/deps/finn-hlslib/mvau.hpp:257]   --->   Operation 548 'br' 'br_ln257' <Predicate = (!icmp_ln249 & icmp_ln253 & trunc_ln257 == 32)> <Delay = 0.00>
ST_1 : Operation 549 [1/1] (0.00ns)   --->   "%store_ln257 = store i4 %inElem, i4 %inputBuf_V_31" [/home/miguel_tfg/FINN-v0.9-Stable/deps/finn-hlslib/mvau.hpp:257]   --->   Operation 549 'store' 'store_ln257' <Predicate = (!icmp_ln249 & icmp_ln253 & trunc_ln257 == 31)> <Delay = 0.00>
ST_1 : Operation 550 [1/1] (0.00ns)   --->   "%br_ln257 = br void %arrayidx.exit" [/home/miguel_tfg/FINN-v0.9-Stable/deps/finn-hlslib/mvau.hpp:257]   --->   Operation 550 'br' 'br_ln257' <Predicate = (!icmp_ln249 & icmp_ln253 & trunc_ln257 == 31)> <Delay = 0.00>
ST_1 : Operation 551 [1/1] (0.00ns)   --->   "%store_ln257 = store i4 %inElem, i4 %inputBuf_V_30" [/home/miguel_tfg/FINN-v0.9-Stable/deps/finn-hlslib/mvau.hpp:257]   --->   Operation 551 'store' 'store_ln257' <Predicate = (!icmp_ln249 & icmp_ln253 & trunc_ln257 == 30)> <Delay = 0.00>
ST_1 : Operation 552 [1/1] (0.00ns)   --->   "%br_ln257 = br void %arrayidx.exit" [/home/miguel_tfg/FINN-v0.9-Stable/deps/finn-hlslib/mvau.hpp:257]   --->   Operation 552 'br' 'br_ln257' <Predicate = (!icmp_ln249 & icmp_ln253 & trunc_ln257 == 30)> <Delay = 0.00>
ST_1 : Operation 553 [1/1] (0.00ns)   --->   "%store_ln257 = store i4 %inElem, i4 %inputBuf_V_29" [/home/miguel_tfg/FINN-v0.9-Stable/deps/finn-hlslib/mvau.hpp:257]   --->   Operation 553 'store' 'store_ln257' <Predicate = (!icmp_ln249 & icmp_ln253 & trunc_ln257 == 29)> <Delay = 0.00>
ST_1 : Operation 554 [1/1] (0.00ns)   --->   "%br_ln257 = br void %arrayidx.exit" [/home/miguel_tfg/FINN-v0.9-Stable/deps/finn-hlslib/mvau.hpp:257]   --->   Operation 554 'br' 'br_ln257' <Predicate = (!icmp_ln249 & icmp_ln253 & trunc_ln257 == 29)> <Delay = 0.00>
ST_1 : Operation 555 [1/1] (0.00ns)   --->   "%store_ln257 = store i4 %inElem, i4 %inputBuf_V_28" [/home/miguel_tfg/FINN-v0.9-Stable/deps/finn-hlslib/mvau.hpp:257]   --->   Operation 555 'store' 'store_ln257' <Predicate = (!icmp_ln249 & icmp_ln253 & trunc_ln257 == 28)> <Delay = 0.00>
ST_1 : Operation 556 [1/1] (0.00ns)   --->   "%br_ln257 = br void %arrayidx.exit" [/home/miguel_tfg/FINN-v0.9-Stable/deps/finn-hlslib/mvau.hpp:257]   --->   Operation 556 'br' 'br_ln257' <Predicate = (!icmp_ln249 & icmp_ln253 & trunc_ln257 == 28)> <Delay = 0.00>
ST_1 : Operation 557 [1/1] (0.00ns)   --->   "%store_ln257 = store i4 %inElem, i4 %inputBuf_V_27" [/home/miguel_tfg/FINN-v0.9-Stable/deps/finn-hlslib/mvau.hpp:257]   --->   Operation 557 'store' 'store_ln257' <Predicate = (!icmp_ln249 & icmp_ln253 & trunc_ln257 == 27)> <Delay = 0.00>
ST_1 : Operation 558 [1/1] (0.00ns)   --->   "%br_ln257 = br void %arrayidx.exit" [/home/miguel_tfg/FINN-v0.9-Stable/deps/finn-hlslib/mvau.hpp:257]   --->   Operation 558 'br' 'br_ln257' <Predicate = (!icmp_ln249 & icmp_ln253 & trunc_ln257 == 27)> <Delay = 0.00>
ST_1 : Operation 559 [1/1] (0.00ns)   --->   "%store_ln257 = store i4 %inElem, i4 %inputBuf_V_26" [/home/miguel_tfg/FINN-v0.9-Stable/deps/finn-hlslib/mvau.hpp:257]   --->   Operation 559 'store' 'store_ln257' <Predicate = (!icmp_ln249 & icmp_ln253 & trunc_ln257 == 26)> <Delay = 0.00>
ST_1 : Operation 560 [1/1] (0.00ns)   --->   "%br_ln257 = br void %arrayidx.exit" [/home/miguel_tfg/FINN-v0.9-Stable/deps/finn-hlslib/mvau.hpp:257]   --->   Operation 560 'br' 'br_ln257' <Predicate = (!icmp_ln249 & icmp_ln253 & trunc_ln257 == 26)> <Delay = 0.00>
ST_1 : Operation 561 [1/1] (0.00ns)   --->   "%store_ln257 = store i4 %inElem, i4 %inputBuf_V_25" [/home/miguel_tfg/FINN-v0.9-Stable/deps/finn-hlslib/mvau.hpp:257]   --->   Operation 561 'store' 'store_ln257' <Predicate = (!icmp_ln249 & icmp_ln253 & trunc_ln257 == 25)> <Delay = 0.00>
ST_1 : Operation 562 [1/1] (0.00ns)   --->   "%br_ln257 = br void %arrayidx.exit" [/home/miguel_tfg/FINN-v0.9-Stable/deps/finn-hlslib/mvau.hpp:257]   --->   Operation 562 'br' 'br_ln257' <Predicate = (!icmp_ln249 & icmp_ln253 & trunc_ln257 == 25)> <Delay = 0.00>
ST_1 : Operation 563 [1/1] (0.00ns)   --->   "%store_ln257 = store i4 %inElem, i4 %inputBuf_V_24" [/home/miguel_tfg/FINN-v0.9-Stable/deps/finn-hlslib/mvau.hpp:257]   --->   Operation 563 'store' 'store_ln257' <Predicate = (!icmp_ln249 & icmp_ln253 & trunc_ln257 == 24)> <Delay = 0.00>
ST_1 : Operation 564 [1/1] (0.00ns)   --->   "%br_ln257 = br void %arrayidx.exit" [/home/miguel_tfg/FINN-v0.9-Stable/deps/finn-hlslib/mvau.hpp:257]   --->   Operation 564 'br' 'br_ln257' <Predicate = (!icmp_ln249 & icmp_ln253 & trunc_ln257 == 24)> <Delay = 0.00>
ST_1 : Operation 565 [1/1] (0.00ns)   --->   "%store_ln257 = store i4 %inElem, i4 %inputBuf_V_23" [/home/miguel_tfg/FINN-v0.9-Stable/deps/finn-hlslib/mvau.hpp:257]   --->   Operation 565 'store' 'store_ln257' <Predicate = (!icmp_ln249 & icmp_ln253 & trunc_ln257 == 23)> <Delay = 0.00>
ST_1 : Operation 566 [1/1] (0.00ns)   --->   "%br_ln257 = br void %arrayidx.exit" [/home/miguel_tfg/FINN-v0.9-Stable/deps/finn-hlslib/mvau.hpp:257]   --->   Operation 566 'br' 'br_ln257' <Predicate = (!icmp_ln249 & icmp_ln253 & trunc_ln257 == 23)> <Delay = 0.00>
ST_1 : Operation 567 [1/1] (0.00ns)   --->   "%store_ln257 = store i4 %inElem, i4 %inputBuf_V_22" [/home/miguel_tfg/FINN-v0.9-Stable/deps/finn-hlslib/mvau.hpp:257]   --->   Operation 567 'store' 'store_ln257' <Predicate = (!icmp_ln249 & icmp_ln253 & trunc_ln257 == 22)> <Delay = 0.00>
ST_1 : Operation 568 [1/1] (0.00ns)   --->   "%br_ln257 = br void %arrayidx.exit" [/home/miguel_tfg/FINN-v0.9-Stable/deps/finn-hlslib/mvau.hpp:257]   --->   Operation 568 'br' 'br_ln257' <Predicate = (!icmp_ln249 & icmp_ln253 & trunc_ln257 == 22)> <Delay = 0.00>
ST_1 : Operation 569 [1/1] (0.00ns)   --->   "%store_ln257 = store i4 %inElem, i4 %inputBuf_V_21" [/home/miguel_tfg/FINN-v0.9-Stable/deps/finn-hlslib/mvau.hpp:257]   --->   Operation 569 'store' 'store_ln257' <Predicate = (!icmp_ln249 & icmp_ln253 & trunc_ln257 == 21)> <Delay = 0.00>
ST_1 : Operation 570 [1/1] (0.00ns)   --->   "%br_ln257 = br void %arrayidx.exit" [/home/miguel_tfg/FINN-v0.9-Stable/deps/finn-hlslib/mvau.hpp:257]   --->   Operation 570 'br' 'br_ln257' <Predicate = (!icmp_ln249 & icmp_ln253 & trunc_ln257 == 21)> <Delay = 0.00>
ST_1 : Operation 571 [1/1] (0.00ns)   --->   "%store_ln257 = store i4 %inElem, i4 %inputBuf_V_20" [/home/miguel_tfg/FINN-v0.9-Stable/deps/finn-hlslib/mvau.hpp:257]   --->   Operation 571 'store' 'store_ln257' <Predicate = (!icmp_ln249 & icmp_ln253 & trunc_ln257 == 20)> <Delay = 0.00>
ST_1 : Operation 572 [1/1] (0.00ns)   --->   "%br_ln257 = br void %arrayidx.exit" [/home/miguel_tfg/FINN-v0.9-Stable/deps/finn-hlslib/mvau.hpp:257]   --->   Operation 572 'br' 'br_ln257' <Predicate = (!icmp_ln249 & icmp_ln253 & trunc_ln257 == 20)> <Delay = 0.00>
ST_1 : Operation 573 [1/1] (0.00ns)   --->   "%store_ln257 = store i4 %inElem, i4 %inputBuf_V_19" [/home/miguel_tfg/FINN-v0.9-Stable/deps/finn-hlslib/mvau.hpp:257]   --->   Operation 573 'store' 'store_ln257' <Predicate = (!icmp_ln249 & icmp_ln253 & trunc_ln257 == 19)> <Delay = 0.00>
ST_1 : Operation 574 [1/1] (0.00ns)   --->   "%br_ln257 = br void %arrayidx.exit" [/home/miguel_tfg/FINN-v0.9-Stable/deps/finn-hlslib/mvau.hpp:257]   --->   Operation 574 'br' 'br_ln257' <Predicate = (!icmp_ln249 & icmp_ln253 & trunc_ln257 == 19)> <Delay = 0.00>
ST_1 : Operation 575 [1/1] (0.00ns)   --->   "%store_ln257 = store i4 %inElem, i4 %inputBuf_V_18" [/home/miguel_tfg/FINN-v0.9-Stable/deps/finn-hlslib/mvau.hpp:257]   --->   Operation 575 'store' 'store_ln257' <Predicate = (!icmp_ln249 & icmp_ln253 & trunc_ln257 == 18)> <Delay = 0.00>
ST_1 : Operation 576 [1/1] (0.00ns)   --->   "%br_ln257 = br void %arrayidx.exit" [/home/miguel_tfg/FINN-v0.9-Stable/deps/finn-hlslib/mvau.hpp:257]   --->   Operation 576 'br' 'br_ln257' <Predicate = (!icmp_ln249 & icmp_ln253 & trunc_ln257 == 18)> <Delay = 0.00>
ST_1 : Operation 577 [1/1] (0.00ns)   --->   "%store_ln257 = store i4 %inElem, i4 %inputBuf_V_17" [/home/miguel_tfg/FINN-v0.9-Stable/deps/finn-hlslib/mvau.hpp:257]   --->   Operation 577 'store' 'store_ln257' <Predicate = (!icmp_ln249 & icmp_ln253 & trunc_ln257 == 17)> <Delay = 0.00>
ST_1 : Operation 578 [1/1] (0.00ns)   --->   "%br_ln257 = br void %arrayidx.exit" [/home/miguel_tfg/FINN-v0.9-Stable/deps/finn-hlslib/mvau.hpp:257]   --->   Operation 578 'br' 'br_ln257' <Predicate = (!icmp_ln249 & icmp_ln253 & trunc_ln257 == 17)> <Delay = 0.00>
ST_1 : Operation 579 [1/1] (0.00ns)   --->   "%store_ln257 = store i4 %inElem, i4 %inputBuf_V_16" [/home/miguel_tfg/FINN-v0.9-Stable/deps/finn-hlslib/mvau.hpp:257]   --->   Operation 579 'store' 'store_ln257' <Predicate = (!icmp_ln249 & icmp_ln253 & trunc_ln257 == 16)> <Delay = 0.00>
ST_1 : Operation 580 [1/1] (0.00ns)   --->   "%br_ln257 = br void %arrayidx.exit" [/home/miguel_tfg/FINN-v0.9-Stable/deps/finn-hlslib/mvau.hpp:257]   --->   Operation 580 'br' 'br_ln257' <Predicate = (!icmp_ln249 & icmp_ln253 & trunc_ln257 == 16)> <Delay = 0.00>
ST_1 : Operation 581 [1/1] (0.00ns)   --->   "%store_ln257 = store i4 %inElem, i4 %inputBuf_V_15" [/home/miguel_tfg/FINN-v0.9-Stable/deps/finn-hlslib/mvau.hpp:257]   --->   Operation 581 'store' 'store_ln257' <Predicate = (!icmp_ln249 & icmp_ln253 & trunc_ln257 == 15)> <Delay = 0.00>
ST_1 : Operation 582 [1/1] (0.00ns)   --->   "%br_ln257 = br void %arrayidx.exit" [/home/miguel_tfg/FINN-v0.9-Stable/deps/finn-hlslib/mvau.hpp:257]   --->   Operation 582 'br' 'br_ln257' <Predicate = (!icmp_ln249 & icmp_ln253 & trunc_ln257 == 15)> <Delay = 0.00>
ST_1 : Operation 583 [1/1] (0.00ns)   --->   "%store_ln257 = store i4 %inElem, i4 %inputBuf_V_14" [/home/miguel_tfg/FINN-v0.9-Stable/deps/finn-hlslib/mvau.hpp:257]   --->   Operation 583 'store' 'store_ln257' <Predicate = (!icmp_ln249 & icmp_ln253 & trunc_ln257 == 14)> <Delay = 0.00>
ST_1 : Operation 584 [1/1] (0.00ns)   --->   "%br_ln257 = br void %arrayidx.exit" [/home/miguel_tfg/FINN-v0.9-Stable/deps/finn-hlslib/mvau.hpp:257]   --->   Operation 584 'br' 'br_ln257' <Predicate = (!icmp_ln249 & icmp_ln253 & trunc_ln257 == 14)> <Delay = 0.00>
ST_1 : Operation 585 [1/1] (0.00ns)   --->   "%store_ln257 = store i4 %inElem, i4 %inputBuf_V_13" [/home/miguel_tfg/FINN-v0.9-Stable/deps/finn-hlslib/mvau.hpp:257]   --->   Operation 585 'store' 'store_ln257' <Predicate = (!icmp_ln249 & icmp_ln253 & trunc_ln257 == 13)> <Delay = 0.00>
ST_1 : Operation 586 [1/1] (0.00ns)   --->   "%br_ln257 = br void %arrayidx.exit" [/home/miguel_tfg/FINN-v0.9-Stable/deps/finn-hlslib/mvau.hpp:257]   --->   Operation 586 'br' 'br_ln257' <Predicate = (!icmp_ln249 & icmp_ln253 & trunc_ln257 == 13)> <Delay = 0.00>
ST_1 : Operation 587 [1/1] (0.00ns)   --->   "%store_ln257 = store i4 %inElem, i4 %inputBuf_V_12" [/home/miguel_tfg/FINN-v0.9-Stable/deps/finn-hlslib/mvau.hpp:257]   --->   Operation 587 'store' 'store_ln257' <Predicate = (!icmp_ln249 & icmp_ln253 & trunc_ln257 == 12)> <Delay = 0.00>
ST_1 : Operation 588 [1/1] (0.00ns)   --->   "%br_ln257 = br void %arrayidx.exit" [/home/miguel_tfg/FINN-v0.9-Stable/deps/finn-hlslib/mvau.hpp:257]   --->   Operation 588 'br' 'br_ln257' <Predicate = (!icmp_ln249 & icmp_ln253 & trunc_ln257 == 12)> <Delay = 0.00>
ST_1 : Operation 589 [1/1] (0.00ns)   --->   "%store_ln257 = store i4 %inElem, i4 %inputBuf_V_11" [/home/miguel_tfg/FINN-v0.9-Stable/deps/finn-hlslib/mvau.hpp:257]   --->   Operation 589 'store' 'store_ln257' <Predicate = (!icmp_ln249 & icmp_ln253 & trunc_ln257 == 11)> <Delay = 0.00>
ST_1 : Operation 590 [1/1] (0.00ns)   --->   "%br_ln257 = br void %arrayidx.exit" [/home/miguel_tfg/FINN-v0.9-Stable/deps/finn-hlslib/mvau.hpp:257]   --->   Operation 590 'br' 'br_ln257' <Predicate = (!icmp_ln249 & icmp_ln253 & trunc_ln257 == 11)> <Delay = 0.00>
ST_1 : Operation 591 [1/1] (0.00ns)   --->   "%store_ln257 = store i4 %inElem, i4 %inputBuf_V_10" [/home/miguel_tfg/FINN-v0.9-Stable/deps/finn-hlslib/mvau.hpp:257]   --->   Operation 591 'store' 'store_ln257' <Predicate = (!icmp_ln249 & icmp_ln253 & trunc_ln257 == 10)> <Delay = 0.00>
ST_1 : Operation 592 [1/1] (0.00ns)   --->   "%br_ln257 = br void %arrayidx.exit" [/home/miguel_tfg/FINN-v0.9-Stable/deps/finn-hlslib/mvau.hpp:257]   --->   Operation 592 'br' 'br_ln257' <Predicate = (!icmp_ln249 & icmp_ln253 & trunc_ln257 == 10)> <Delay = 0.00>
ST_1 : Operation 593 [1/1] (0.00ns)   --->   "%store_ln257 = store i4 %inElem, i4 %inputBuf_V_9" [/home/miguel_tfg/FINN-v0.9-Stable/deps/finn-hlslib/mvau.hpp:257]   --->   Operation 593 'store' 'store_ln257' <Predicate = (!icmp_ln249 & icmp_ln253 & trunc_ln257 == 9)> <Delay = 0.00>
ST_1 : Operation 594 [1/1] (0.00ns)   --->   "%br_ln257 = br void %arrayidx.exit" [/home/miguel_tfg/FINN-v0.9-Stable/deps/finn-hlslib/mvau.hpp:257]   --->   Operation 594 'br' 'br_ln257' <Predicate = (!icmp_ln249 & icmp_ln253 & trunc_ln257 == 9)> <Delay = 0.00>
ST_1 : Operation 595 [1/1] (0.00ns)   --->   "%store_ln257 = store i4 %inElem, i4 %inputBuf_V_8" [/home/miguel_tfg/FINN-v0.9-Stable/deps/finn-hlslib/mvau.hpp:257]   --->   Operation 595 'store' 'store_ln257' <Predicate = (!icmp_ln249 & icmp_ln253 & trunc_ln257 == 8)> <Delay = 0.00>
ST_1 : Operation 596 [1/1] (0.00ns)   --->   "%br_ln257 = br void %arrayidx.exit" [/home/miguel_tfg/FINN-v0.9-Stable/deps/finn-hlslib/mvau.hpp:257]   --->   Operation 596 'br' 'br_ln257' <Predicate = (!icmp_ln249 & icmp_ln253 & trunc_ln257 == 8)> <Delay = 0.00>
ST_1 : Operation 597 [1/1] (0.00ns)   --->   "%store_ln257 = store i4 %inElem, i4 %inputBuf_V_7" [/home/miguel_tfg/FINN-v0.9-Stable/deps/finn-hlslib/mvau.hpp:257]   --->   Operation 597 'store' 'store_ln257' <Predicate = (!icmp_ln249 & icmp_ln253 & trunc_ln257 == 7)> <Delay = 0.00>
ST_1 : Operation 598 [1/1] (0.00ns)   --->   "%br_ln257 = br void %arrayidx.exit" [/home/miguel_tfg/FINN-v0.9-Stable/deps/finn-hlslib/mvau.hpp:257]   --->   Operation 598 'br' 'br_ln257' <Predicate = (!icmp_ln249 & icmp_ln253 & trunc_ln257 == 7)> <Delay = 0.00>
ST_1 : Operation 599 [1/1] (0.00ns)   --->   "%store_ln257 = store i4 %inElem, i4 %inputBuf_V_6" [/home/miguel_tfg/FINN-v0.9-Stable/deps/finn-hlslib/mvau.hpp:257]   --->   Operation 599 'store' 'store_ln257' <Predicate = (!icmp_ln249 & icmp_ln253 & trunc_ln257 == 6)> <Delay = 0.00>
ST_1 : Operation 600 [1/1] (0.00ns)   --->   "%br_ln257 = br void %arrayidx.exit" [/home/miguel_tfg/FINN-v0.9-Stable/deps/finn-hlslib/mvau.hpp:257]   --->   Operation 600 'br' 'br_ln257' <Predicate = (!icmp_ln249 & icmp_ln253 & trunc_ln257 == 6)> <Delay = 0.00>
ST_1 : Operation 601 [1/1] (0.00ns)   --->   "%store_ln257 = store i4 %inElem, i4 %inputBuf_V_5" [/home/miguel_tfg/FINN-v0.9-Stable/deps/finn-hlslib/mvau.hpp:257]   --->   Operation 601 'store' 'store_ln257' <Predicate = (!icmp_ln249 & icmp_ln253 & trunc_ln257 == 5)> <Delay = 0.00>
ST_1 : Operation 602 [1/1] (0.00ns)   --->   "%br_ln257 = br void %arrayidx.exit" [/home/miguel_tfg/FINN-v0.9-Stable/deps/finn-hlslib/mvau.hpp:257]   --->   Operation 602 'br' 'br_ln257' <Predicate = (!icmp_ln249 & icmp_ln253 & trunc_ln257 == 5)> <Delay = 0.00>
ST_1 : Operation 603 [1/1] (0.00ns)   --->   "%store_ln257 = store i4 %inElem, i4 %inputBuf_V_4" [/home/miguel_tfg/FINN-v0.9-Stable/deps/finn-hlslib/mvau.hpp:257]   --->   Operation 603 'store' 'store_ln257' <Predicate = (!icmp_ln249 & icmp_ln253 & trunc_ln257 == 4)> <Delay = 0.00>
ST_1 : Operation 604 [1/1] (0.00ns)   --->   "%br_ln257 = br void %arrayidx.exit" [/home/miguel_tfg/FINN-v0.9-Stable/deps/finn-hlslib/mvau.hpp:257]   --->   Operation 604 'br' 'br_ln257' <Predicate = (!icmp_ln249 & icmp_ln253 & trunc_ln257 == 4)> <Delay = 0.00>
ST_1 : Operation 605 [1/1] (0.00ns)   --->   "%store_ln257 = store i4 %inElem, i4 %inputBuf_V_3" [/home/miguel_tfg/FINN-v0.9-Stable/deps/finn-hlslib/mvau.hpp:257]   --->   Operation 605 'store' 'store_ln257' <Predicate = (!icmp_ln249 & icmp_ln253 & trunc_ln257 == 3)> <Delay = 0.00>
ST_1 : Operation 606 [1/1] (0.00ns)   --->   "%br_ln257 = br void %arrayidx.exit" [/home/miguel_tfg/FINN-v0.9-Stable/deps/finn-hlslib/mvau.hpp:257]   --->   Operation 606 'br' 'br_ln257' <Predicate = (!icmp_ln249 & icmp_ln253 & trunc_ln257 == 3)> <Delay = 0.00>
ST_1 : Operation 607 [1/1] (0.00ns)   --->   "%store_ln257 = store i4 %inElem, i4 %inputBuf_V_2" [/home/miguel_tfg/FINN-v0.9-Stable/deps/finn-hlslib/mvau.hpp:257]   --->   Operation 607 'store' 'store_ln257' <Predicate = (!icmp_ln249 & icmp_ln253 & trunc_ln257 == 2)> <Delay = 0.00>
ST_1 : Operation 608 [1/1] (0.00ns)   --->   "%br_ln257 = br void %arrayidx.exit" [/home/miguel_tfg/FINN-v0.9-Stable/deps/finn-hlslib/mvau.hpp:257]   --->   Operation 608 'br' 'br_ln257' <Predicate = (!icmp_ln249 & icmp_ln253 & trunc_ln257 == 2)> <Delay = 0.00>
ST_1 : Operation 609 [1/1] (0.00ns)   --->   "%store_ln257 = store i4 %inElem, i4 %inputBuf_V_1" [/home/miguel_tfg/FINN-v0.9-Stable/deps/finn-hlslib/mvau.hpp:257]   --->   Operation 609 'store' 'store_ln257' <Predicate = (!icmp_ln249 & icmp_ln253 & trunc_ln257 == 1)> <Delay = 0.00>
ST_1 : Operation 610 [1/1] (0.00ns)   --->   "%br_ln257 = br void %arrayidx.exit" [/home/miguel_tfg/FINN-v0.9-Stable/deps/finn-hlslib/mvau.hpp:257]   --->   Operation 610 'br' 'br_ln257' <Predicate = (!icmp_ln249 & icmp_ln253 & trunc_ln257 == 1)> <Delay = 0.00>
ST_1 : Operation 611 [1/1] (0.00ns)   --->   "%store_ln257 = store i4 %inElem, i4 %inputBuf_V" [/home/miguel_tfg/FINN-v0.9-Stable/deps/finn-hlslib/mvau.hpp:257]   --->   Operation 611 'store' 'store_ln257' <Predicate = (!icmp_ln249 & icmp_ln253 & trunc_ln257 == 0)> <Delay = 0.00>
ST_1 : Operation 612 [1/1] (0.00ns)   --->   "%br_ln257 = br void %arrayidx.exit" [/home/miguel_tfg/FINN-v0.9-Stable/deps/finn-hlslib/mvau.hpp:257]   --->   Operation 612 'br' 'br_ln257' <Predicate = (!icmp_ln249 & icmp_ln253 & trunc_ln257 == 0)> <Delay = 0.00>
ST_1 : Operation 613 [1/1] (0.00ns)   --->   "%store_ln257 = store i4 %inElem, i4 %inputBuf_V_143" [/home/miguel_tfg/FINN-v0.9-Stable/deps/finn-hlslib/mvau.hpp:257]   --->   Operation 613 'store' 'store_ln257' <Predicate = 146.000000 bdd nodes> <Delay = 0.00>
ST_1 : Operation 614 [1/1] (0.00ns)   --->   "%br_ln257 = br void %arrayidx.exit" [/home/miguel_tfg/FINN-v0.9-Stable/deps/finn-hlslib/mvau.hpp:257]   --->   Operation 614 'br' 'br_ln257' <Predicate = 146.000000 bdd nodes> <Delay = 0.00>
ST_1 : Operation 615 [1/1] (0.00ns)   --->   "%weights_V_read = read i8 @_ssdm_op_Read.axis.volatile.i8P128A, i8 %weights_V" [/home/miguel_tfg/FINN-v0.9-Stable/deps/finn-hlslib/mvau.hpp:265]   --->   Operation 615 'read' 'weights_V_read' <Predicate = (!icmp_ln249)> <Delay = 0.00> <CoreInst = "axis">   --->   Core 115 'axis' <Latency = 0> <II = 1> <Delay = 1.00> <Adapter> <Opcode : >
ST_1 : Operation 616 [1/1] (0.00ns)   --->   "%W_packed_V = trunc i8 %weights_V_read" [/home/miguel_tfg/FINN-v0.9-Stable/deps/finn-hlslib/mvau.hpp:265]   --->   Operation 616 'trunc' 'W_packed_V' <Predicate = (!icmp_ln249)> <Delay = 0.00>
ST_1 : Operation 617 [1/1] (2.47ns)   --->   "%icmp_ln272 = icmp_eq  i32 %sf_1, i32 0" [/home/miguel_tfg/FINN-v0.9-Stable/deps/finn-hlslib/mvau.hpp:272]   --->   Operation 617 'icmp' 'icmp_ln272' <Predicate = (!icmp_ln249)> <Delay = 2.47> <CoreInst = "Cmp">   --->   Core 9 'Cmp' <Latency = 0> <II = 1> <Delay = 2.47> <FuncUnit> <Opcode : 'icmp'> <InPorts = 2> <OutPorts = 1>
ST_1 : Operation 618 [1/1] (2.55ns)   --->   "%sf_2 = add i32 %sf_1, i32 1" [/home/miguel_tfg/FINN-v0.9-Stable/deps/finn-hlslib/mvau.hpp:290]   --->   Operation 618 'add' 'sf_2' <Predicate = (!icmp_ln249)> <Delay = 2.55> <CoreInst = "Adder">   --->   Core 1 'Adder' <Latency = 0> <II = 1> <Delay = 2.55> <FuncUnit> <Opcode : 'add' 'sub'> <InPorts = 2> <OutPorts = 1>
ST_1 : Operation 619 [1/1] (2.47ns)   --->   "%icmp_ln290 = icmp_eq  i32 %sf_2, i32 144" [/home/miguel_tfg/FINN-v0.9-Stable/deps/finn-hlslib/mvau.hpp:290]   --->   Operation 619 'icmp' 'icmp_ln290' <Predicate = (!icmp_ln249)> <Delay = 2.47> <CoreInst = "Cmp">   --->   Core 9 'Cmp' <Latency = 0> <II = 1> <Delay = 2.47> <FuncUnit> <Opcode : 'icmp'> <InPorts = 2> <OutPorts = 1>
ST_1 : Operation 620 [1/1] (0.00ns)   --->   "%br_ln290 = br i1 %icmp_ln290, void %fpga_resource_hint.for.inc.0.for.inc90_crit_edge, void %for.body.i" [/home/miguel_tfg/FINN-v0.9-Stable/deps/finn-hlslib/mvau.hpp:290]   --->   Operation 620 'br' 'br_ln290' <Predicate = (!icmp_ln249)> <Delay = 0.00>
ST_1 : Operation 621 [1/1] (1.58ns)   --->   "%store_ln290 = store i32 %sf_2, i32 %sf" [/home/miguel_tfg/FINN-v0.9-Stable/deps/finn-hlslib/mvau.hpp:290]   --->   Operation 621 'store' 'store_ln290' <Predicate = (!icmp_ln249 & !icmp_ln290)> <Delay = 1.58>
ST_1 : Operation 622 [1/1] (0.00ns)   --->   "%br_ln290 = br void %for.inc90" [/home/miguel_tfg/FINN-v0.9-Stable/deps/finn-hlslib/mvau.hpp:290]   --->   Operation 622 'br' 'br_ln290' <Predicate = (!icmp_ln249 & !icmp_ln290)> <Delay = 0.00>
ST_1 : Operation 623 [1/1] (2.55ns)   --->   "%nf = add i32 %nf_2, i32 1" [/home/miguel_tfg/FINN-v0.9-Stable/deps/finn-hlslib/mvau.hpp:302]   --->   Operation 623 'add' 'nf' <Predicate = (!icmp_ln249 & icmp_ln290)> <Delay = 2.55> <CoreInst = "Adder">   --->   Core 1 'Adder' <Latency = 0> <II = 1> <Delay = 2.55> <FuncUnit> <Opcode : 'add' 'sub'> <InPorts = 2> <OutPorts = 1>
ST_1 : Operation 624 [1/1] (2.47ns)   --->   "%icmp_ln302 = icmp_eq  i32 %nf, i32 32" [/home/miguel_tfg/FINN-v0.9-Stable/deps/finn-hlslib/mvau.hpp:302]   --->   Operation 624 'icmp' 'icmp_ln302' <Predicate = (!icmp_ln249 & icmp_ln290)> <Delay = 2.47> <CoreInst = "Cmp">   --->   Core 9 'Cmp' <Latency = 0> <II = 1> <Delay = 2.47> <FuncUnit> <Opcode : 'icmp'> <InPorts = 2> <OutPorts = 1>
ST_1 : Operation 625 [1/1] (0.69ns)   --->   "%nf_3 = select i1 %icmp_ln302, i32 0, i32 %nf" [/home/miguel_tfg/FINN-v0.9-Stable/deps/finn-hlslib/mvau.hpp:302]   --->   Operation 625 'select' 'nf_3' <Predicate = (!icmp_ln249 & icmp_ln290)> <Delay = 0.69> <CoreInst = "Sel">   --->   Core 73 'Sel' <Latency = 0> <II = 1> <Delay = 0.69> <FuncUnit> <Opcode : 'select'> <InPorts = 3> <OutPorts = 1>
ST_1 : Operation 626 [1/1] (1.58ns)   --->   "%store_ln306 = store i32 %nf_3, i32 %nf_1" [/home/miguel_tfg/FINN-v0.9-Stable/deps/finn-hlslib/mvau.hpp:306]   --->   Operation 626 'store' 'store_ln306' <Predicate = (!icmp_ln249 & icmp_ln290)> <Delay = 1.58>
ST_1 : Operation 627 [1/1] (1.58ns)   --->   "%store_ln306 = store i32 0, i32 %sf" [/home/miguel_tfg/FINN-v0.9-Stable/deps/finn-hlslib/mvau.hpp:306]   --->   Operation 627 'store' 'store_ln306' <Predicate = (!icmp_ln249 & icmp_ln290)> <Delay = 1.58>
ST_1 : Operation 628 [1/1] (1.58ns)   --->   "%store_ln249 = store i23 %i_2, i23 %i" [/home/miguel_tfg/FINN-v0.9-Stable/deps/finn-hlslib/mvau.hpp:249]   --->   Operation 628 'store' 'store_ln249' <Predicate = (!icmp_ln249)> <Delay = 1.58>

State 2 <SV = 1> <Delay = 2.63>
ST_2 : Operation 629 [1/1] (1.58ns)   --->   "%br_ln258 = br void %fpga_resource_hint.for.inc.0" [/home/miguel_tfg/FINN-v0.9-Stable/deps/finn-hlslib/mvau.hpp:258]   --->   Operation 629 'br' 'br_ln258' <Predicate = (!icmp_ln249 & icmp_ln253)> <Delay = 1.58>
ST_2 : Operation 630 [1/1] (0.00ns)   --->   "%inElem_1 = phi i4 %inElem, void %arrayidx.exit, i4 %tmp, void %if.else"   --->   Operation 630 'phi' 'inElem_1' <Predicate = (!icmp_ln249)> <Delay = 0.00>
ST_2 : Operation 631 [1/1] (0.00ns)   --->   "%sext_ln1494 = sext i4 %W_packed_V"   --->   Operation 631 'sext' 'sext_ln1494' <Predicate = (!icmp_ln249)> <Delay = 0.00>
ST_2 : Operation 632 [1/1] (0.00ns)   --->   "%zext_ln1494 = zext i4 %inElem_1"   --->   Operation 632 'zext' 'zext_ln1494' <Predicate = (!icmp_ln249)> <Delay = 0.00>
ST_2 : Operation 633 [3/3] (1.05ns) (grouped into DSP with root node add_ln840)   --->   "%ret_V = mul i8 %zext_ln1494, i8 %sext_ln1494"   --->   Operation 633 'mul' 'ret_V' <Predicate = (!icmp_ln249)> <Delay = 1.05> <CoreInst = "DSP48">   --->   Core 119 'DSP48' <Latency = 3> <II = 1> <Delay = 2.15> <IPBlock> <Opcode : 'mul' 'add' 'sub' 'select'> <InPorts = 0> <OutPorts = 1> <Sync> <CReg>

State 3 <SV = 2> <Delay = 1.05>
ST_3 : Operation 634 [2/3] (1.05ns) (grouped into DSP with root node add_ln840)   --->   "%ret_V = mul i8 %zext_ln1494, i8 %sext_ln1494"   --->   Operation 634 'mul' 'ret_V' <Predicate = (!icmp_ln249)> <Delay = 1.05> <CoreInst = "DSP48">   --->   Core 119 'DSP48' <Latency = 3> <II = 1> <Delay = 2.15> <IPBlock> <Opcode : 'mul' 'add' 'sub' 'select'> <InPorts = 0> <OutPorts = 1> <Sync> <CReg>

State 4 <SV = 3> <Delay = 2.79>
ST_4 : Operation 635 [1/1] (0.00ns)   --->   "%add_i4_i338_load = load i13 %add_i4_i338" [/home/miguel_tfg/FINN-v0.9-Stable/deps/finn-hlslib/mvau.hpp:272]   --->   Operation 635 'load' 'add_i4_i338_load' <Predicate = (!icmp_ln249 & !icmp_ln272)> <Delay = 0.00>
ST_4 : Operation 636 [1/1] (0.69ns)   --->   "%select_ln272 = select i1 %icmp_ln272, i13 0, i13 %add_i4_i338_load" [/home/miguel_tfg/FINN-v0.9-Stable/deps/finn-hlslib/mvau.hpp:272]   --->   Operation 636 'select' 'select_ln272' <Predicate = (!icmp_ln249)> <Delay = 0.69> <CoreInst = "Sel">   --->   Core 73 'Sel' <Latency = 0> <II = 1> <Delay = 0.69> <FuncUnit> <Opcode : 'select'> <InPorts = 3> <OutPorts = 1>
ST_4 : Operation 637 [1/3] (0.00ns) (grouped into DSP with root node add_ln840)   --->   "%ret_V = mul i8 %zext_ln1494, i8 %sext_ln1494"   --->   Operation 637 'mul' 'ret_V' <Predicate = (!icmp_ln249)> <Delay = 0.00> <CoreInst = "DSP48">   --->   Core 119 'DSP48' <Latency = 3> <II = 1> <Delay = 2.15> <IPBlock> <Opcode : 'mul' 'add' 'sub' 'select'> <InPorts = 0> <OutPorts = 1> <Sync> <CReg>
ST_4 : Operation 638 [1/1] (0.00ns)   --->   "%specfucore_ln142 = specfucore void @_ssdm_op_SpecFUCore, i8 %ret_V, i64 12, i64 3, i64 18446744073709551615" [/home/miguel_tfg/FINN-v0.9-Stable/deps/finn-hlslib/mac.hpp:142]   --->   Operation 638 'specfucore' 'specfucore_ln142' <Predicate = (!icmp_ln249)> <Delay = 0.00>
ST_4 : Operation 639 [1/1] (0.00ns) (grouped into DSP with root node add_ln840)   --->   "%sext_ln840 = sext i8 %ret_V"   --->   Operation 639 'sext' 'sext_ln840' <Predicate = (!icmp_ln249)> <Delay = 0.00>
ST_4 : Operation 640 [2/2] (2.10ns) (root node of the DSP)   --->   "%add_ln840 = add i13 %select_ln272, i13 %sext_ln840"   --->   Operation 640 'add' 'add_ln840' <Predicate = (!icmp_ln249)> <Delay = 2.10> <CoreInst = "DSP48">   --->   Core 119 'DSP48' <Latency = 3> <II = 1> <Delay = 2.15> <IPBlock> <Opcode : 'mul' 'add' 'sub' 'select'> <InPorts = 0> <OutPorts = 1> <Sync> <CReg>
ST_4 : Operation 641 [1/1] (0.00ns)   --->   "%idxprom2_i = zext i32 %nf_2" [/home/miguel_tfg/FINN-v0.9-Stable/deps/finn-hlslib/mvau.hpp:302]   --->   Operation 641 'zext' 'idxprom2_i' <Predicate = (!icmp_ln249 & icmp_ln290)> <Delay = 0.00>
ST_4 : Operation 642 [1/1] (0.00ns)   --->   "%p_ZL7threshs_0_addr = getelementptr i8 %p_ZL7threshs_0, i64 0, i64 %idxprom2_i" [/home/miguel_tfg/FINN-v0.9-Stable/deps/finn-hlslib/activations.hpp:218]   --->   Operation 642 'getelementptr' 'p_ZL7threshs_0_addr' <Predicate = (!icmp_ln249 & icmp_ln290)> <Delay = 0.00>
ST_4 : Operation 643 [2/2] (2.32ns)   --->   "%p_ZL7threshs_0_load = load i5 %p_ZL7threshs_0_addr"   --->   Operation 643 'load' 'p_ZL7threshs_0_load' <Predicate = (!icmp_ln249 & icmp_ln290)> <Delay = 2.32> <CoreInst = "ROM">   --->   Core 95 'ROM' <Latency = 1> <II = 1> <Delay = 2.32> <Storage> <Opcode : 'load'> <Ports = 0> <Width = 8> <Depth = 32> <ROM>
ST_4 : Operation 644 [1/1] (0.00ns)   --->   "%p_ZL7threshs_1_addr = getelementptr i9 %p_ZL7threshs_1, i64 0, i64 %idxprom2_i" [/home/miguel_tfg/FINN-v0.9-Stable/deps/finn-hlslib/activations.hpp:218]   --->   Operation 644 'getelementptr' 'p_ZL7threshs_1_addr' <Predicate = (!icmp_ln249 & icmp_ln290)> <Delay = 0.00>
ST_4 : Operation 645 [2/2] (2.32ns)   --->   "%p_ZL7threshs_1_load = load i5 %p_ZL7threshs_1_addr"   --->   Operation 645 'load' 'p_ZL7threshs_1_load' <Predicate = (!icmp_ln249 & icmp_ln290)> <Delay = 2.32> <CoreInst = "ROM">   --->   Core 95 'ROM' <Latency = 1> <II = 1> <Delay = 2.32> <Storage> <Opcode : 'load'> <Ports = 0> <Width = 9> <Depth = 32> <ROM>
ST_4 : Operation 646 [1/1] (0.00ns)   --->   "%p_ZL7threshs_2_addr = getelementptr i9 %p_ZL7threshs_2, i64 0, i64 %idxprom2_i" [/home/miguel_tfg/FINN-v0.9-Stable/deps/finn-hlslib/activations.hpp:218]   --->   Operation 646 'getelementptr' 'p_ZL7threshs_2_addr' <Predicate = (!icmp_ln249 & icmp_ln290)> <Delay = 0.00>
ST_4 : Operation 647 [2/2] (2.32ns)   --->   "%p_ZL7threshs_2_load = load i5 %p_ZL7threshs_2_addr"   --->   Operation 647 'load' 'p_ZL7threshs_2_load' <Predicate = (!icmp_ln249 & icmp_ln290)> <Delay = 2.32> <CoreInst = "ROM">   --->   Core 95 'ROM' <Latency = 1> <II = 1> <Delay = 2.32> <Storage> <Opcode : 'load'> <Ports = 0> <Width = 9> <Depth = 32> <ROM>
ST_4 : Operation 648 [1/1] (0.00ns)   --->   "%p_ZL7threshs_3_addr = getelementptr i8 %p_ZL7threshs_3, i64 0, i64 %idxprom2_i" [/home/miguel_tfg/FINN-v0.9-Stable/deps/finn-hlslib/activations.hpp:218]   --->   Operation 648 'getelementptr' 'p_ZL7threshs_3_addr' <Predicate = (!icmp_ln249 & icmp_ln290)> <Delay = 0.00>
ST_4 : Operation 649 [2/2] (2.32ns)   --->   "%p_ZL7threshs_3_load = load i5 %p_ZL7threshs_3_addr"   --->   Operation 649 'load' 'p_ZL7threshs_3_load' <Predicate = (!icmp_ln249 & icmp_ln290)> <Delay = 2.32> <CoreInst = "ROM">   --->   Core 95 'ROM' <Latency = 1> <II = 1> <Delay = 2.32> <Storage> <Opcode : 'load'> <Ports = 0> <Width = 8> <Depth = 32> <ROM>
ST_4 : Operation 650 [1/1] (0.00ns)   --->   "%p_ZL7threshs_4_addr = getelementptr i9 %p_ZL7threshs_4, i64 0, i64 %idxprom2_i" [/home/miguel_tfg/FINN-v0.9-Stable/deps/finn-hlslib/activations.hpp:218]   --->   Operation 650 'getelementptr' 'p_ZL7threshs_4_addr' <Predicate = (!icmp_ln249 & icmp_ln290)> <Delay = 0.00>
ST_4 : Operation 651 [2/2] (2.32ns)   --->   "%p_ZL7threshs_4_load = load i5 %p_ZL7threshs_4_addr"   --->   Operation 651 'load' 'p_ZL7threshs_4_load' <Predicate = (!icmp_ln249 & icmp_ln290)> <Delay = 2.32> <CoreInst = "ROM">   --->   Core 95 'ROM' <Latency = 1> <II = 1> <Delay = 2.32> <Storage> <Opcode : 'load'> <Ports = 0> <Width = 9> <Depth = 32> <ROM>
ST_4 : Operation 652 [1/1] (0.00ns)   --->   "%p_ZL7threshs_5_addr = getelementptr i9 %p_ZL7threshs_5, i64 0, i64 %idxprom2_i" [/home/miguel_tfg/FINN-v0.9-Stable/deps/finn-hlslib/activations.hpp:218]   --->   Operation 652 'getelementptr' 'p_ZL7threshs_5_addr' <Predicate = (!icmp_ln249 & icmp_ln290)> <Delay = 0.00>
ST_4 : Operation 653 [2/2] (2.32ns)   --->   "%p_ZL7threshs_5_load = load i5 %p_ZL7threshs_5_addr"   --->   Operation 653 'load' 'p_ZL7threshs_5_load' <Predicate = (!icmp_ln249 & icmp_ln290)> <Delay = 2.32> <CoreInst = "ROM">   --->   Core 95 'ROM' <Latency = 1> <II = 1> <Delay = 2.32> <Storage> <Opcode : 'load'> <Ports = 0> <Width = 9> <Depth = 32> <ROM>
ST_4 : Operation 654 [1/1] (0.00ns)   --->   "%p_ZL7threshs_6_addr = getelementptr i9 %p_ZL7threshs_6, i64 0, i64 %idxprom2_i" [/home/miguel_tfg/FINN-v0.9-Stable/deps/finn-hlslib/activations.hpp:218]   --->   Operation 654 'getelementptr' 'p_ZL7threshs_6_addr' <Predicate = (!icmp_ln249 & icmp_ln290)> <Delay = 0.00>
ST_4 : Operation 655 [2/2] (2.32ns)   --->   "%p_ZL7threshs_6_load = load i5 %p_ZL7threshs_6_addr"   --->   Operation 655 'load' 'p_ZL7threshs_6_load' <Predicate = (!icmp_ln249 & icmp_ln290)> <Delay = 2.32> <CoreInst = "ROM">   --->   Core 95 'ROM' <Latency = 1> <II = 1> <Delay = 2.32> <Storage> <Opcode : 'load'> <Ports = 0> <Width = 9> <Depth = 32> <ROM>
ST_4 : Operation 656 [1/1] (0.00ns)   --->   "%p_ZL7threshs_7_addr = getelementptr i9 %p_ZL7threshs_7, i64 0, i64 %idxprom2_i" [/home/miguel_tfg/FINN-v0.9-Stable/deps/finn-hlslib/activations.hpp:218]   --->   Operation 656 'getelementptr' 'p_ZL7threshs_7_addr' <Predicate = (!icmp_ln249 & icmp_ln290)> <Delay = 0.00>
ST_4 : Operation 657 [2/2] (2.32ns)   --->   "%p_ZL7threshs_7_load = load i5 %p_ZL7threshs_7_addr"   --->   Operation 657 'load' 'p_ZL7threshs_7_load' <Predicate = (!icmp_ln249 & icmp_ln290)> <Delay = 2.32> <CoreInst = "ROM">   --->   Core 95 'ROM' <Latency = 1> <II = 1> <Delay = 2.32> <Storage> <Opcode : 'load'> <Ports = 0> <Width = 9> <Depth = 32> <ROM>
ST_4 : Operation 658 [1/1] (0.00ns)   --->   "%p_ZL7threshs_8_addr = getelementptr i9 %p_ZL7threshs_8, i64 0, i64 %idxprom2_i" [/home/miguel_tfg/FINN-v0.9-Stable/deps/finn-hlslib/activations.hpp:218]   --->   Operation 658 'getelementptr' 'p_ZL7threshs_8_addr' <Predicate = (!icmp_ln249 & icmp_ln290)> <Delay = 0.00>
ST_4 : Operation 659 [2/2] (2.32ns)   --->   "%p_ZL7threshs_8_load = load i5 %p_ZL7threshs_8_addr"   --->   Operation 659 'load' 'p_ZL7threshs_8_load' <Predicate = (!icmp_ln249 & icmp_ln290)> <Delay = 2.32> <CoreInst = "ROM">   --->   Core 95 'ROM' <Latency = 1> <II = 1> <Delay = 2.32> <Storage> <Opcode : 'load'> <Ports = 0> <Width = 9> <Depth = 32> <ROM>
ST_4 : Operation 660 [1/1] (0.00ns)   --->   "%p_ZL7threshs_9_addr = getelementptr i9 %p_ZL7threshs_9, i64 0, i64 %idxprom2_i" [/home/miguel_tfg/FINN-v0.9-Stable/deps/finn-hlslib/activations.hpp:218]   --->   Operation 660 'getelementptr' 'p_ZL7threshs_9_addr' <Predicate = (!icmp_ln249 & icmp_ln290)> <Delay = 0.00>
ST_4 : Operation 661 [2/2] (2.32ns)   --->   "%p_ZL7threshs_9_load = load i5 %p_ZL7threshs_9_addr"   --->   Operation 661 'load' 'p_ZL7threshs_9_load' <Predicate = (!icmp_ln249 & icmp_ln290)> <Delay = 2.32> <CoreInst = "ROM">   --->   Core 95 'ROM' <Latency = 1> <II = 1> <Delay = 2.32> <Storage> <Opcode : 'load'> <Ports = 0> <Width = 9> <Depth = 32> <ROM>
ST_4 : Operation 662 [1/1] (0.00ns)   --->   "%p_ZL7threshs_10_addr = getelementptr i9 %p_ZL7threshs_10, i64 0, i64 %idxprom2_i" [/home/miguel_tfg/FINN-v0.9-Stable/deps/finn-hlslib/activations.hpp:218]   --->   Operation 662 'getelementptr' 'p_ZL7threshs_10_addr' <Predicate = (!icmp_ln249 & icmp_ln290)> <Delay = 0.00>
ST_4 : Operation 663 [2/2] (2.32ns)   --->   "%p_ZL7threshs_10_load = load i5 %p_ZL7threshs_10_addr"   --->   Operation 663 'load' 'p_ZL7threshs_10_load' <Predicate = (!icmp_ln249 & icmp_ln290)> <Delay = 2.32> <CoreInst = "ROM">   --->   Core 95 'ROM' <Latency = 1> <II = 1> <Delay = 2.32> <Storage> <Opcode : 'load'> <Ports = 0> <Width = 9> <Depth = 32> <ROM>
ST_4 : Operation 664 [1/1] (0.00ns)   --->   "%p_ZL7threshs_11_addr = getelementptr i10 %p_ZL7threshs_11, i64 0, i64 %idxprom2_i" [/home/miguel_tfg/FINN-v0.9-Stable/deps/finn-hlslib/activations.hpp:218]   --->   Operation 664 'getelementptr' 'p_ZL7threshs_11_addr' <Predicate = (!icmp_ln249 & icmp_ln290)> <Delay = 0.00>
ST_4 : Operation 665 [2/2] (2.32ns)   --->   "%p_ZL7threshs_11_load = load i5 %p_ZL7threshs_11_addr"   --->   Operation 665 'load' 'p_ZL7threshs_11_load' <Predicate = (!icmp_ln249 & icmp_ln290)> <Delay = 2.32> <CoreInst = "ROM">   --->   Core 95 'ROM' <Latency = 1> <II = 1> <Delay = 2.32> <Storage> <Opcode : 'load'> <Ports = 0> <Width = 10> <Depth = 32> <ROM>
ST_4 : Operation 666 [1/1] (0.00ns)   --->   "%p_ZL7threshs_12_addr = getelementptr i10 %p_ZL7threshs_12, i64 0, i64 %idxprom2_i" [/home/miguel_tfg/FINN-v0.9-Stable/deps/finn-hlslib/activations.hpp:218]   --->   Operation 666 'getelementptr' 'p_ZL7threshs_12_addr' <Predicate = (!icmp_ln249 & icmp_ln290)> <Delay = 0.00>
ST_4 : Operation 667 [2/2] (2.32ns)   --->   "%p_ZL7threshs_12_load = load i5 %p_ZL7threshs_12_addr"   --->   Operation 667 'load' 'p_ZL7threshs_12_load' <Predicate = (!icmp_ln249 & icmp_ln290)> <Delay = 2.32> <CoreInst = "ROM">   --->   Core 95 'ROM' <Latency = 1> <II = 1> <Delay = 2.32> <Storage> <Opcode : 'load'> <Ports = 0> <Width = 10> <Depth = 32> <ROM>
ST_4 : Operation 668 [1/1] (0.00ns)   --->   "%p_ZL7threshs_13_addr = getelementptr i10 %p_ZL7threshs_13, i64 0, i64 %idxprom2_i" [/home/miguel_tfg/FINN-v0.9-Stable/deps/finn-hlslib/activations.hpp:218]   --->   Operation 668 'getelementptr' 'p_ZL7threshs_13_addr' <Predicate = (!icmp_ln249 & icmp_ln290)> <Delay = 0.00>
ST_4 : Operation 669 [2/2] (2.32ns)   --->   "%p_ZL7threshs_13_load = load i5 %p_ZL7threshs_13_addr"   --->   Operation 669 'load' 'p_ZL7threshs_13_load' <Predicate = (!icmp_ln249 & icmp_ln290)> <Delay = 2.32> <CoreInst = "ROM">   --->   Core 95 'ROM' <Latency = 1> <II = 1> <Delay = 2.32> <Storage> <Opcode : 'load'> <Ports = 0> <Width = 10> <Depth = 32> <ROM>
ST_4 : Operation 670 [1/1] (0.00ns)   --->   "%p_ZL7threshs_14_addr = getelementptr i10 %p_ZL7threshs_14, i64 0, i64 %idxprom2_i" [/home/miguel_tfg/FINN-v0.9-Stable/deps/finn-hlslib/activations.hpp:218]   --->   Operation 670 'getelementptr' 'p_ZL7threshs_14_addr' <Predicate = (!icmp_ln249 & icmp_ln290)> <Delay = 0.00>
ST_4 : Operation 671 [2/2] (2.32ns)   --->   "%p_ZL7threshs_14_load = load i5 %p_ZL7threshs_14_addr"   --->   Operation 671 'load' 'p_ZL7threshs_14_load' <Predicate = (!icmp_ln249 & icmp_ln290)> <Delay = 2.32> <CoreInst = "ROM">   --->   Core 95 'ROM' <Latency = 1> <II = 1> <Delay = 2.32> <Storage> <Opcode : 'load'> <Ports = 0> <Width = 10> <Depth = 32> <ROM>

State 5 <SV = 4> <Delay = 4.42>
ST_5 : Operation 672 [1/1] (0.00ns)   --->   "%rbegin = specregionbegin i32 @_ssdm_op_SpecRegionBegin, void @empty" [/home/miguel_tfg/FINN-v0.9-Stable/deps/finn-hlslib/mac.hpp:141]   --->   Operation 672 'specregionbegin' 'rbegin' <Predicate = (!icmp_ln249)> <Delay = 0.00>
ST_5 : Operation 673 [1/1] (0.00ns)   --->   "%rend = specregionend i32 @_ssdm_op_SpecRegionEnd, void @empty, i32 %rbegin" [/home/miguel_tfg/FINN-v0.9-Stable/deps/finn-hlslib/mac.hpp:141]   --->   Operation 673 'specregionend' 'rend' <Predicate = (!icmp_ln249)> <Delay = 0.00>
ST_5 : Operation 674 [1/2] (2.10ns) (root node of the DSP)   --->   "%add_ln840 = add i13 %select_ln272, i13 %sext_ln840"   --->   Operation 674 'add' 'add_ln840' <Predicate = (!icmp_ln249)> <Delay = 2.10> <CoreInst = "DSP48">   --->   Core 119 'DSP48' <Latency = 3> <II = 1> <Delay = 2.15> <IPBlock> <Opcode : 'mul' 'add' 'sub' 'select'> <InPorts = 0> <OutPorts = 1> <Sync> <CReg>
ST_5 : Operation 675 [1/2] (2.32ns)   --->   "%p_ZL7threshs_0_load = load i5 %p_ZL7threshs_0_addr"   --->   Operation 675 'load' 'p_ZL7threshs_0_load' <Predicate = (!icmp_ln249 & icmp_ln290)> <Delay = 2.32> <CoreInst = "ROM">   --->   Core 95 'ROM' <Latency = 1> <II = 1> <Delay = 2.32> <Storage> <Opcode : 'load'> <Ports = 0> <Width = 8> <Depth = 32> <ROM>
ST_5 : Operation 676 [1/1] (0.00ns)   --->   "%sext_ln1039 = sext i8 %p_ZL7threshs_0_load"   --->   Operation 676 'sext' 'sext_ln1039' <Predicate = (!icmp_ln249 & icmp_ln290)> <Delay = 0.00>
ST_5 : Operation 677 [1/1] (2.09ns)   --->   "%icmp_ln1039 = icmp_slt  i13 %add_ln840, i13 %sext_ln1039"   --->   Operation 677 'icmp' 'icmp_ln1039' <Predicate = (!icmp_ln249 & icmp_ln290)> <Delay = 2.09> <CoreInst = "Cmp">   --->   Core 9 'Cmp' <Latency = 0> <II = 1> <Delay = 2.09> <FuncUnit> <Opcode : 'icmp'> <InPorts = 2> <OutPorts = 1>
ST_5 : Operation 678 [1/2] (2.32ns)   --->   "%p_ZL7threshs_1_load = load i5 %p_ZL7threshs_1_addr"   --->   Operation 678 'load' 'p_ZL7threshs_1_load' <Predicate = (!icmp_ln249 & icmp_ln290)> <Delay = 2.32> <CoreInst = "ROM">   --->   Core 95 'ROM' <Latency = 1> <II = 1> <Delay = 2.32> <Storage> <Opcode : 'load'> <Ports = 0> <Width = 9> <Depth = 32> <ROM>
ST_5 : Operation 679 [1/1] (0.00ns)   --->   "%sext_ln1039_1 = sext i9 %p_ZL7threshs_1_load"   --->   Operation 679 'sext' 'sext_ln1039_1' <Predicate = (!icmp_ln249 & icmp_ln290)> <Delay = 0.00>
ST_5 : Operation 680 [1/1] (2.09ns)   --->   "%icmp_ln1039_1 = icmp_slt  i13 %add_ln840, i13 %sext_ln1039_1"   --->   Operation 680 'icmp' 'icmp_ln1039_1' <Predicate = (!icmp_ln249 & icmp_ln290)> <Delay = 2.09> <CoreInst = "Cmp">   --->   Core 9 'Cmp' <Latency = 0> <II = 1> <Delay = 2.09> <FuncUnit> <Opcode : 'icmp'> <InPorts = 2> <OutPorts = 1>
ST_5 : Operation 681 [1/2] (2.32ns)   --->   "%p_ZL7threshs_2_load = load i5 %p_ZL7threshs_2_addr"   --->   Operation 681 'load' 'p_ZL7threshs_2_load' <Predicate = (!icmp_ln249 & icmp_ln290)> <Delay = 2.32> <CoreInst = "ROM">   --->   Core 95 'ROM' <Latency = 1> <II = 1> <Delay = 2.32> <Storage> <Opcode : 'load'> <Ports = 0> <Width = 9> <Depth = 32> <ROM>
ST_5 : Operation 682 [1/1] (0.00ns)   --->   "%sext_ln1039_2 = sext i9 %p_ZL7threshs_2_load"   --->   Operation 682 'sext' 'sext_ln1039_2' <Predicate = (!icmp_ln249 & icmp_ln290)> <Delay = 0.00>
ST_5 : Operation 683 [1/1] (2.09ns)   --->   "%icmp_ln1039_2 = icmp_slt  i13 %add_ln840, i13 %sext_ln1039_2"   --->   Operation 683 'icmp' 'icmp_ln1039_2' <Predicate = (!icmp_ln249 & icmp_ln290)> <Delay = 2.09> <CoreInst = "Cmp">   --->   Core 9 'Cmp' <Latency = 0> <II = 1> <Delay = 2.09> <FuncUnit> <Opcode : 'icmp'> <InPorts = 2> <OutPorts = 1>
ST_5 : Operation 684 [1/2] (2.32ns)   --->   "%p_ZL7threshs_3_load = load i5 %p_ZL7threshs_3_addr"   --->   Operation 684 'load' 'p_ZL7threshs_3_load' <Predicate = (!icmp_ln249 & icmp_ln290)> <Delay = 2.32> <CoreInst = "ROM">   --->   Core 95 'ROM' <Latency = 1> <II = 1> <Delay = 2.32> <Storage> <Opcode : 'load'> <Ports = 0> <Width = 8> <Depth = 32> <ROM>
ST_5 : Operation 685 [1/1] (0.00ns)   --->   "%zext_ln1039 = zext i8 %p_ZL7threshs_3_load"   --->   Operation 685 'zext' 'zext_ln1039' <Predicate = (!icmp_ln249 & icmp_ln290)> <Delay = 0.00>
ST_5 : Operation 686 [1/1] (2.09ns)   --->   "%icmp_ln1039_3 = icmp_slt  i13 %add_ln840, i13 %zext_ln1039"   --->   Operation 686 'icmp' 'icmp_ln1039_3' <Predicate = (!icmp_ln249 & icmp_ln290)> <Delay = 2.09> <CoreInst = "Cmp">   --->   Core 9 'Cmp' <Latency = 0> <II = 1> <Delay = 2.09> <FuncUnit> <Opcode : 'icmp'> <InPorts = 2> <OutPorts = 1>
ST_5 : Operation 687 [1/2] (2.32ns)   --->   "%p_ZL7threshs_4_load = load i5 %p_ZL7threshs_4_addr"   --->   Operation 687 'load' 'p_ZL7threshs_4_load' <Predicate = (!icmp_ln249 & icmp_ln290)> <Delay = 2.32> <CoreInst = "ROM">   --->   Core 95 'ROM' <Latency = 1> <II = 1> <Delay = 2.32> <Storage> <Opcode : 'load'> <Ports = 0> <Width = 9> <Depth = 32> <ROM>
ST_5 : Operation 688 [1/1] (0.00ns)   --->   "%zext_ln1039_1 = zext i9 %p_ZL7threshs_4_load"   --->   Operation 688 'zext' 'zext_ln1039_1' <Predicate = (!icmp_ln249 & icmp_ln290)> <Delay = 0.00>
ST_5 : Operation 689 [1/1] (2.09ns)   --->   "%icmp_ln1039_4 = icmp_slt  i13 %add_ln840, i13 %zext_ln1039_1"   --->   Operation 689 'icmp' 'icmp_ln1039_4' <Predicate = (!icmp_ln249 & icmp_ln290)> <Delay = 2.09> <CoreInst = "Cmp">   --->   Core 9 'Cmp' <Latency = 0> <II = 1> <Delay = 2.09> <FuncUnit> <Opcode : 'icmp'> <InPorts = 2> <OutPorts = 1>
ST_5 : Operation 690 [1/2] (2.32ns)   --->   "%p_ZL7threshs_5_load = load i5 %p_ZL7threshs_5_addr"   --->   Operation 690 'load' 'p_ZL7threshs_5_load' <Predicate = (!icmp_ln249 & icmp_ln290)> <Delay = 2.32> <CoreInst = "ROM">   --->   Core 95 'ROM' <Latency = 1> <II = 1> <Delay = 2.32> <Storage> <Opcode : 'load'> <Ports = 0> <Width = 9> <Depth = 32> <ROM>
ST_5 : Operation 691 [1/1] (0.00ns)   --->   "%zext_ln1039_2 = zext i9 %p_ZL7threshs_5_load"   --->   Operation 691 'zext' 'zext_ln1039_2' <Predicate = (!icmp_ln249 & icmp_ln290)> <Delay = 0.00>
ST_5 : Operation 692 [1/1] (2.09ns)   --->   "%icmp_ln1039_5 = icmp_slt  i13 %add_ln840, i13 %zext_ln1039_2"   --->   Operation 692 'icmp' 'icmp_ln1039_5' <Predicate = (!icmp_ln249 & icmp_ln290)> <Delay = 2.09> <CoreInst = "Cmp">   --->   Core 9 'Cmp' <Latency = 0> <II = 1> <Delay = 2.09> <FuncUnit> <Opcode : 'icmp'> <InPorts = 2> <OutPorts = 1>
ST_5 : Operation 693 [1/2] (2.32ns)   --->   "%p_ZL7threshs_6_load = load i5 %p_ZL7threshs_6_addr"   --->   Operation 693 'load' 'p_ZL7threshs_6_load' <Predicate = (!icmp_ln249 & icmp_ln290)> <Delay = 2.32> <CoreInst = "ROM">   --->   Core 95 'ROM' <Latency = 1> <II = 1> <Delay = 2.32> <Storage> <Opcode : 'load'> <Ports = 0> <Width = 9> <Depth = 32> <ROM>
ST_5 : Operation 694 [1/1] (0.00ns)   --->   "%zext_ln1039_3 = zext i9 %p_ZL7threshs_6_load"   --->   Operation 694 'zext' 'zext_ln1039_3' <Predicate = (!icmp_ln249 & icmp_ln290)> <Delay = 0.00>
ST_5 : Operation 695 [1/1] (2.09ns)   --->   "%icmp_ln1039_6 = icmp_slt  i13 %add_ln840, i13 %zext_ln1039_3"   --->   Operation 695 'icmp' 'icmp_ln1039_6' <Predicate = (!icmp_ln249 & icmp_ln290)> <Delay = 2.09> <CoreInst = "Cmp">   --->   Core 9 'Cmp' <Latency = 0> <II = 1> <Delay = 2.09> <FuncUnit> <Opcode : 'icmp'> <InPorts = 2> <OutPorts = 1>
ST_5 : Operation 696 [1/2] (2.32ns)   --->   "%p_ZL7threshs_7_load = load i5 %p_ZL7threshs_7_addr"   --->   Operation 696 'load' 'p_ZL7threshs_7_load' <Predicate = (!icmp_ln249 & icmp_ln290)> <Delay = 2.32> <CoreInst = "ROM">   --->   Core 95 'ROM' <Latency = 1> <II = 1> <Delay = 2.32> <Storage> <Opcode : 'load'> <Ports = 0> <Width = 9> <Depth = 32> <ROM>
ST_5 : Operation 697 [1/1] (0.00ns)   --->   "%zext_ln1039_4 = zext i9 %p_ZL7threshs_7_load"   --->   Operation 697 'zext' 'zext_ln1039_4' <Predicate = (!icmp_ln249 & icmp_ln290)> <Delay = 0.00>
ST_5 : Operation 698 [1/1] (2.09ns)   --->   "%icmp_ln1039_7 = icmp_slt  i13 %add_ln840, i13 %zext_ln1039_4"   --->   Operation 698 'icmp' 'icmp_ln1039_7' <Predicate = (!icmp_ln249 & icmp_ln290)> <Delay = 2.09> <CoreInst = "Cmp">   --->   Core 9 'Cmp' <Latency = 0> <II = 1> <Delay = 2.09> <FuncUnit> <Opcode : 'icmp'> <InPorts = 2> <OutPorts = 1>
ST_5 : Operation 699 [1/2] (2.32ns)   --->   "%p_ZL7threshs_8_load = load i5 %p_ZL7threshs_8_addr"   --->   Operation 699 'load' 'p_ZL7threshs_8_load' <Predicate = (!icmp_ln249 & icmp_ln290)> <Delay = 2.32> <CoreInst = "ROM">   --->   Core 95 'ROM' <Latency = 1> <II = 1> <Delay = 2.32> <Storage> <Opcode : 'load'> <Ports = 0> <Width = 9> <Depth = 32> <ROM>
ST_5 : Operation 700 [1/1] (0.00ns)   --->   "%zext_ln1039_5 = zext i9 %p_ZL7threshs_8_load"   --->   Operation 700 'zext' 'zext_ln1039_5' <Predicate = (!icmp_ln249 & icmp_ln290)> <Delay = 0.00>
ST_5 : Operation 701 [1/1] (2.09ns)   --->   "%icmp_ln1039_8 = icmp_slt  i13 %add_ln840, i13 %zext_ln1039_5"   --->   Operation 701 'icmp' 'icmp_ln1039_8' <Predicate = (!icmp_ln249 & icmp_ln290)> <Delay = 2.09> <CoreInst = "Cmp">   --->   Core 9 'Cmp' <Latency = 0> <II = 1> <Delay = 2.09> <FuncUnit> <Opcode : 'icmp'> <InPorts = 2> <OutPorts = 1>
ST_5 : Operation 702 [1/2] (2.32ns)   --->   "%p_ZL7threshs_9_load = load i5 %p_ZL7threshs_9_addr"   --->   Operation 702 'load' 'p_ZL7threshs_9_load' <Predicate = (!icmp_ln249 & icmp_ln290)> <Delay = 2.32> <CoreInst = "ROM">   --->   Core 95 'ROM' <Latency = 1> <II = 1> <Delay = 2.32> <Storage> <Opcode : 'load'> <Ports = 0> <Width = 9> <Depth = 32> <ROM>
ST_5 : Operation 703 [1/1] (0.00ns)   --->   "%zext_ln1039_6 = zext i9 %p_ZL7threshs_9_load"   --->   Operation 703 'zext' 'zext_ln1039_6' <Predicate = (!icmp_ln249 & icmp_ln290)> <Delay = 0.00>
ST_5 : Operation 704 [1/1] (2.09ns)   --->   "%icmp_ln1039_9 = icmp_slt  i13 %add_ln840, i13 %zext_ln1039_6"   --->   Operation 704 'icmp' 'icmp_ln1039_9' <Predicate = (!icmp_ln249 & icmp_ln290)> <Delay = 2.09> <CoreInst = "Cmp">   --->   Core 9 'Cmp' <Latency = 0> <II = 1> <Delay = 2.09> <FuncUnit> <Opcode : 'icmp'> <InPorts = 2> <OutPorts = 1>
ST_5 : Operation 705 [1/2] (2.32ns)   --->   "%p_ZL7threshs_10_load = load i5 %p_ZL7threshs_10_addr"   --->   Operation 705 'load' 'p_ZL7threshs_10_load' <Predicate = (!icmp_ln249 & icmp_ln290)> <Delay = 2.32> <CoreInst = "ROM">   --->   Core 95 'ROM' <Latency = 1> <II = 1> <Delay = 2.32> <Storage> <Opcode : 'load'> <Ports = 0> <Width = 9> <Depth = 32> <ROM>
ST_5 : Operation 706 [1/1] (0.00ns)   --->   "%zext_ln1039_7 = zext i9 %p_ZL7threshs_10_load"   --->   Operation 706 'zext' 'zext_ln1039_7' <Predicate = (!icmp_ln249 & icmp_ln290)> <Delay = 0.00>
ST_5 : Operation 707 [1/1] (2.09ns)   --->   "%icmp_ln1039_10 = icmp_slt  i13 %add_ln840, i13 %zext_ln1039_7"   --->   Operation 707 'icmp' 'icmp_ln1039_10' <Predicate = (!icmp_ln249 & icmp_ln290)> <Delay = 2.09> <CoreInst = "Cmp">   --->   Core 9 'Cmp' <Latency = 0> <II = 1> <Delay = 2.09> <FuncUnit> <Opcode : 'icmp'> <InPorts = 2> <OutPorts = 1>
ST_5 : Operation 708 [1/2] (2.32ns)   --->   "%p_ZL7threshs_11_load = load i5 %p_ZL7threshs_11_addr"   --->   Operation 708 'load' 'p_ZL7threshs_11_load' <Predicate = (!icmp_ln249 & icmp_ln290)> <Delay = 2.32> <CoreInst = "ROM">   --->   Core 95 'ROM' <Latency = 1> <II = 1> <Delay = 2.32> <Storage> <Opcode : 'load'> <Ports = 0> <Width = 10> <Depth = 32> <ROM>
ST_5 : Operation 709 [1/1] (0.00ns)   --->   "%zext_ln1039_8 = zext i10 %p_ZL7threshs_11_load"   --->   Operation 709 'zext' 'zext_ln1039_8' <Predicate = (!icmp_ln249 & icmp_ln290)> <Delay = 0.00>
ST_5 : Operation 710 [1/1] (2.09ns)   --->   "%icmp_ln1039_11 = icmp_slt  i13 %add_ln840, i13 %zext_ln1039_8"   --->   Operation 710 'icmp' 'icmp_ln1039_11' <Predicate = (!icmp_ln249 & icmp_ln290)> <Delay = 2.09> <CoreInst = "Cmp">   --->   Core 9 'Cmp' <Latency = 0> <II = 1> <Delay = 2.09> <FuncUnit> <Opcode : 'icmp'> <InPorts = 2> <OutPorts = 1>
ST_5 : Operation 711 [1/2] (2.32ns)   --->   "%p_ZL7threshs_12_load = load i5 %p_ZL7threshs_12_addr"   --->   Operation 711 'load' 'p_ZL7threshs_12_load' <Predicate = (!icmp_ln249 & icmp_ln290)> <Delay = 2.32> <CoreInst = "ROM">   --->   Core 95 'ROM' <Latency = 1> <II = 1> <Delay = 2.32> <Storage> <Opcode : 'load'> <Ports = 0> <Width = 10> <Depth = 32> <ROM>
ST_5 : Operation 712 [1/1] (0.00ns)   --->   "%zext_ln1039_9 = zext i10 %p_ZL7threshs_12_load"   --->   Operation 712 'zext' 'zext_ln1039_9' <Predicate = (!icmp_ln249 & icmp_ln290)> <Delay = 0.00>
ST_5 : Operation 713 [1/1] (2.09ns)   --->   "%icmp_ln1039_12 = icmp_slt  i13 %add_ln840, i13 %zext_ln1039_9"   --->   Operation 713 'icmp' 'icmp_ln1039_12' <Predicate = (!icmp_ln249 & icmp_ln290)> <Delay = 2.09> <CoreInst = "Cmp">   --->   Core 9 'Cmp' <Latency = 0> <II = 1> <Delay = 2.09> <FuncUnit> <Opcode : 'icmp'> <InPorts = 2> <OutPorts = 1>
ST_5 : Operation 714 [1/2] (2.32ns)   --->   "%p_ZL7threshs_13_load = load i5 %p_ZL7threshs_13_addr"   --->   Operation 714 'load' 'p_ZL7threshs_13_load' <Predicate = (!icmp_ln249 & icmp_ln290)> <Delay = 2.32> <CoreInst = "ROM">   --->   Core 95 'ROM' <Latency = 1> <II = 1> <Delay = 2.32> <Storage> <Opcode : 'load'> <Ports = 0> <Width = 10> <Depth = 32> <ROM>
ST_5 : Operation 715 [1/1] (0.00ns)   --->   "%zext_ln1039_10 = zext i10 %p_ZL7threshs_13_load"   --->   Operation 715 'zext' 'zext_ln1039_10' <Predicate = (!icmp_ln249 & icmp_ln290)> <Delay = 0.00>
ST_5 : Operation 716 [1/1] (2.09ns)   --->   "%icmp_ln1039_13 = icmp_slt  i13 %add_ln840, i13 %zext_ln1039_10"   --->   Operation 716 'icmp' 'icmp_ln1039_13' <Predicate = (!icmp_ln249 & icmp_ln290)> <Delay = 2.09> <CoreInst = "Cmp">   --->   Core 9 'Cmp' <Latency = 0> <II = 1> <Delay = 2.09> <FuncUnit> <Opcode : 'icmp'> <InPorts = 2> <OutPorts = 1>
ST_5 : Operation 717 [1/2] (2.32ns)   --->   "%p_ZL7threshs_14_load = load i5 %p_ZL7threshs_14_addr"   --->   Operation 717 'load' 'p_ZL7threshs_14_load' <Predicate = (!icmp_ln249 & icmp_ln290)> <Delay = 2.32> <CoreInst = "ROM">   --->   Core 95 'ROM' <Latency = 1> <II = 1> <Delay = 2.32> <Storage> <Opcode : 'load'> <Ports = 0> <Width = 10> <Depth = 32> <ROM>
ST_5 : Operation 718 [1/1] (0.00ns)   --->   "%zext_ln1039_11 = zext i10 %p_ZL7threshs_14_load"   --->   Operation 718 'zext' 'zext_ln1039_11' <Predicate = (!icmp_ln249 & icmp_ln290)> <Delay = 0.00>
ST_5 : Operation 719 [1/1] (2.09ns)   --->   "%icmp_ln1039_14 = icmp_slt  i13 %add_ln840, i13 %zext_ln1039_11"   --->   Operation 719 'icmp' 'icmp_ln1039_14' <Predicate = (!icmp_ln249 & icmp_ln290)> <Delay = 2.09> <CoreInst = "Cmp">   --->   Core 9 'Cmp' <Latency = 0> <II = 1> <Delay = 2.09> <FuncUnit> <Opcode : 'icmp'> <InPorts = 2> <OutPorts = 1>
ST_5 : Operation 720 [1/1] (0.00ns)   --->   "%store_ln249 = store i13 %add_ln840, i13 %add_i4_i338" [/home/miguel_tfg/FINN-v0.9-Stable/deps/finn-hlslib/mvau.hpp:249]   --->   Operation 720 'store' 'store_ln249' <Predicate = (!icmp_ln249)> <Delay = 0.00>
ST_5 : Operation 721 [1/1] (0.00ns)   --->   "%br_ln249 = br void %for.body" [/home/miguel_tfg/FINN-v0.9-Stable/deps/finn-hlslib/mvau.hpp:249]   --->   Operation 721 'br' 'br_ln249' <Predicate = (!icmp_ln249)> <Delay = 0.00>

State 6 <SV = 5> <Delay = 5.74>
ST_6 : Operation 722 [1/1] (0.97ns)   --->   "%result_V = xor i1 %icmp_ln1039, i1 1"   --->   Operation 722 'xor' 'result_V' <Predicate = (!icmp_ln249 & icmp_ln290)> <Delay = 0.97> <CoreInst = "LogicGate">   --->   Core 74 'LogicGate' <Latency = 0> <II = 1> <Delay = 0.97> <FuncUnit> <Opcode : 'and' 'or' 'xor'> <InPorts = 2> <OutPorts = 1>
ST_6 : Operation 723 [1/1] (0.00ns)   --->   "%zext_ln215 = zext i1 %result_V" [/home/miguel_tfg/FINN-v0.9-Stable/deps/finn-hlslib/activations.hpp:215]   --->   Operation 723 'zext' 'zext_ln215' <Predicate = (!icmp_ln249 & icmp_ln290)> <Delay = 0.00>
ST_6 : Operation 724 [1/1] (0.97ns)   --->   "%xor_ln1039 = xor i1 %icmp_ln1039_1, i1 1"   --->   Operation 724 'xor' 'xor_ln1039' <Predicate = (!icmp_ln249 & icmp_ln290)> <Delay = 0.97> <CoreInst = "LogicGate">   --->   Core 74 'LogicGate' <Latency = 0> <II = 1> <Delay = 0.97> <FuncUnit> <Opcode : 'and' 'or' 'xor'> <InPorts = 2> <OutPorts = 1>
ST_6 : Operation 725 [1/1] (0.00ns)   --->   "%zext_ln218 = zext i1 %xor_ln1039" [/home/miguel_tfg/FINN-v0.9-Stable/deps/finn-hlslib/activations.hpp:218]   --->   Operation 725 'zext' 'zext_ln218' <Predicate = (!icmp_ln249 & icmp_ln290)> <Delay = 0.00>
ST_6 : Operation 726 [1/1] (0.97ns)   --->   "%xor_ln1039_1 = xor i1 %icmp_ln1039_2, i1 1"   --->   Operation 726 'xor' 'xor_ln1039_1' <Predicate = (!icmp_ln249 & icmp_ln290)> <Delay = 0.97> <CoreInst = "LogicGate">   --->   Core 74 'LogicGate' <Latency = 0> <II = 1> <Delay = 0.97> <FuncUnit> <Opcode : 'and' 'or' 'xor'> <InPorts = 2> <OutPorts = 1>
ST_6 : Operation 727 [1/1] (0.00ns)   --->   "%zext_ln218_1 = zext i1 %xor_ln1039_1" [/home/miguel_tfg/FINN-v0.9-Stable/deps/finn-hlslib/activations.hpp:218]   --->   Operation 727 'zext' 'zext_ln218_1' <Predicate = (!icmp_ln249 & icmp_ln290)> <Delay = 0.00>
ST_6 : Operation 728 [1/1] (0.00ns) (grouped into LUT with out node add_ln840_3)   --->   "%xor_ln1039_2 = xor i1 %icmp_ln1039_3, i1 1"   --->   Operation 728 'xor' 'xor_ln1039_2' <Predicate = (!icmp_ln249 & icmp_ln290)> <Delay = 0.00> <CoreInst = "LogicGate">   --->   Core 74 'LogicGate' <Latency = 0> <II = 1> <Delay = 0.97> <FuncUnit> <Opcode : 'and' 'or' 'xor'> <InPorts = 2> <OutPorts = 1>
ST_6 : Operation 729 [1/1] (0.00ns) (grouped into LUT with out node add_ln840_3)   --->   "%zext_ln218_2 = zext i1 %xor_ln1039_2" [/home/miguel_tfg/FINN-v0.9-Stable/deps/finn-hlslib/activations.hpp:218]   --->   Operation 729 'zext' 'zext_ln218_2' <Predicate = (!icmp_ln249 & icmp_ln290)> <Delay = 0.00>
ST_6 : Operation 730 [1/1] (0.00ns) (grouped into LUT with out node add_ln840_3)   --->   "%xor_ln1039_3 = xor i1 %icmp_ln1039_4, i1 1"   --->   Operation 730 'xor' 'xor_ln1039_3' <Predicate = (!icmp_ln249 & icmp_ln290)> <Delay = 0.00> <CoreInst = "LogicGate">   --->   Core 74 'LogicGate' <Latency = 0> <II = 1> <Delay = 0.97> <FuncUnit> <Opcode : 'and' 'or' 'xor'> <InPorts = 2> <OutPorts = 1>
ST_6 : Operation 731 [1/1] (0.00ns) (grouped into LUT with out node add_ln840_3)   --->   "%zext_ln218_3 = zext i1 %xor_ln1039_3" [/home/miguel_tfg/FINN-v0.9-Stable/deps/finn-hlslib/activations.hpp:218]   --->   Operation 731 'zext' 'zext_ln218_3' <Predicate = (!icmp_ln249 & icmp_ln290)> <Delay = 0.00>
ST_6 : Operation 732 [1/1] (0.00ns) (grouped into LUT with out node add_ln840_4)   --->   "%xor_ln1039_4 = xor i1 %icmp_ln1039_5, i1 1"   --->   Operation 732 'xor' 'xor_ln1039_4' <Predicate = (!icmp_ln249 & icmp_ln290)> <Delay = 0.00> <CoreInst = "LogicGate">   --->   Core 74 'LogicGate' <Latency = 0> <II = 1> <Delay = 0.97> <FuncUnit> <Opcode : 'and' 'or' 'xor'> <InPorts = 2> <OutPorts = 1>
ST_6 : Operation 733 [1/1] (0.00ns) (grouped into LUT with out node add_ln840_4)   --->   "%zext_ln218_4 = zext i1 %xor_ln1039_4" [/home/miguel_tfg/FINN-v0.9-Stable/deps/finn-hlslib/activations.hpp:218]   --->   Operation 733 'zext' 'zext_ln218_4' <Predicate = (!icmp_ln249 & icmp_ln290)> <Delay = 0.00>
ST_6 : Operation 734 [1/1] (0.00ns) (grouped into LUT with out node add_ln840_4)   --->   "%xor_ln1039_5 = xor i1 %icmp_ln1039_6, i1 1"   --->   Operation 734 'xor' 'xor_ln1039_5' <Predicate = (!icmp_ln249 & icmp_ln290)> <Delay = 0.00> <CoreInst = "LogicGate">   --->   Core 74 'LogicGate' <Latency = 0> <II = 1> <Delay = 0.97> <FuncUnit> <Opcode : 'and' 'or' 'xor'> <InPorts = 2> <OutPorts = 1>
ST_6 : Operation 735 [1/1] (0.00ns) (grouped into LUT with out node add_ln840_4)   --->   "%zext_ln218_5 = zext i1 %xor_ln1039_5" [/home/miguel_tfg/FINN-v0.9-Stable/deps/finn-hlslib/activations.hpp:218]   --->   Operation 735 'zext' 'zext_ln218_5' <Predicate = (!icmp_ln249 & icmp_ln290)> <Delay = 0.00>
ST_6 : Operation 736 [1/1] (0.00ns) (grouped into LUT with out node add_ln840_7)   --->   "%xor_ln1039_6 = xor i1 %icmp_ln1039_7, i1 1"   --->   Operation 736 'xor' 'xor_ln1039_6' <Predicate = (!icmp_ln249 & icmp_ln290)> <Delay = 0.00> <CoreInst = "LogicGate">   --->   Core 74 'LogicGate' <Latency = 0> <II = 1> <Delay = 0.97> <FuncUnit> <Opcode : 'and' 'or' 'xor'> <InPorts = 2> <OutPorts = 1>
ST_6 : Operation 737 [1/1] (0.00ns) (grouped into LUT with out node add_ln840_7)   --->   "%zext_ln218_6 = zext i1 %xor_ln1039_6" [/home/miguel_tfg/FINN-v0.9-Stable/deps/finn-hlslib/activations.hpp:218]   --->   Operation 737 'zext' 'zext_ln218_6' <Predicate = (!icmp_ln249 & icmp_ln290)> <Delay = 0.00>
ST_6 : Operation 738 [1/1] (0.00ns) (grouped into LUT with out node add_ln840_7)   --->   "%xor_ln1039_7 = xor i1 %icmp_ln1039_8, i1 1"   --->   Operation 738 'xor' 'xor_ln1039_7' <Predicate = (!icmp_ln249 & icmp_ln290)> <Delay = 0.00> <CoreInst = "LogicGate">   --->   Core 74 'LogicGate' <Latency = 0> <II = 1> <Delay = 0.97> <FuncUnit> <Opcode : 'and' 'or' 'xor'> <InPorts = 2> <OutPorts = 1>
ST_6 : Operation 739 [1/1] (0.00ns) (grouped into LUT with out node add_ln840_7)   --->   "%zext_ln218_7 = zext i1 %xor_ln1039_7" [/home/miguel_tfg/FINN-v0.9-Stable/deps/finn-hlslib/activations.hpp:218]   --->   Operation 739 'zext' 'zext_ln218_7' <Predicate = (!icmp_ln249 & icmp_ln290)> <Delay = 0.00>
ST_6 : Operation 740 [1/1] (0.00ns) (grouped into LUT with out node add_ln840_8)   --->   "%xor_ln1039_8 = xor i1 %icmp_ln1039_9, i1 1"   --->   Operation 740 'xor' 'xor_ln1039_8' <Predicate = (!icmp_ln249 & icmp_ln290)> <Delay = 0.00> <CoreInst = "LogicGate">   --->   Core 74 'LogicGate' <Latency = 0> <II = 1> <Delay = 0.97> <FuncUnit> <Opcode : 'and' 'or' 'xor'> <InPorts = 2> <OutPorts = 1>
ST_6 : Operation 741 [1/1] (0.00ns) (grouped into LUT with out node add_ln840_8)   --->   "%zext_ln218_8 = zext i1 %xor_ln1039_8" [/home/miguel_tfg/FINN-v0.9-Stable/deps/finn-hlslib/activations.hpp:218]   --->   Operation 741 'zext' 'zext_ln218_8' <Predicate = (!icmp_ln249 & icmp_ln290)> <Delay = 0.00>
ST_6 : Operation 742 [1/1] (0.00ns) (grouped into LUT with out node add_ln840_8)   --->   "%xor_ln1039_9 = xor i1 %icmp_ln1039_10, i1 1"   --->   Operation 742 'xor' 'xor_ln1039_9' <Predicate = (!icmp_ln249 & icmp_ln290)> <Delay = 0.00> <CoreInst = "LogicGate">   --->   Core 74 'LogicGate' <Latency = 0> <II = 1> <Delay = 0.97> <FuncUnit> <Opcode : 'and' 'or' 'xor'> <InPorts = 2> <OutPorts = 1>
ST_6 : Operation 743 [1/1] (0.00ns) (grouped into LUT with out node add_ln840_8)   --->   "%zext_ln218_9 = zext i1 %xor_ln1039_9" [/home/miguel_tfg/FINN-v0.9-Stable/deps/finn-hlslib/activations.hpp:218]   --->   Operation 743 'zext' 'zext_ln218_9' <Predicate = (!icmp_ln249 & icmp_ln290)> <Delay = 0.00>
ST_6 : Operation 744 [1/1] (0.00ns) (grouped into LUT with out node add_ln840_10)   --->   "%xor_ln1039_10 = xor i1 %icmp_ln1039_11, i1 1"   --->   Operation 744 'xor' 'xor_ln1039_10' <Predicate = (!icmp_ln249 & icmp_ln290)> <Delay = 0.00> <CoreInst = "LogicGate">   --->   Core 74 'LogicGate' <Latency = 0> <II = 1> <Delay = 0.97> <FuncUnit> <Opcode : 'and' 'or' 'xor'> <InPorts = 2> <OutPorts = 1>
ST_6 : Operation 745 [1/1] (0.00ns) (grouped into LUT with out node add_ln840_10)   --->   "%zext_ln218_10 = zext i1 %xor_ln1039_10" [/home/miguel_tfg/FINN-v0.9-Stable/deps/finn-hlslib/activations.hpp:218]   --->   Operation 745 'zext' 'zext_ln218_10' <Predicate = (!icmp_ln249 & icmp_ln290)> <Delay = 0.00>
ST_6 : Operation 746 [1/1] (0.00ns) (grouped into LUT with out node add_ln840_10)   --->   "%xor_ln1039_11 = xor i1 %icmp_ln1039_12, i1 1"   --->   Operation 746 'xor' 'xor_ln1039_11' <Predicate = (!icmp_ln249 & icmp_ln290)> <Delay = 0.00> <CoreInst = "LogicGate">   --->   Core 74 'LogicGate' <Latency = 0> <II = 1> <Delay = 0.97> <FuncUnit> <Opcode : 'and' 'or' 'xor'> <InPorts = 2> <OutPorts = 1>
ST_6 : Operation 747 [1/1] (0.00ns) (grouped into LUT with out node add_ln840_10)   --->   "%zext_ln218_11 = zext i1 %xor_ln1039_11" [/home/miguel_tfg/FINN-v0.9-Stable/deps/finn-hlslib/activations.hpp:218]   --->   Operation 747 'zext' 'zext_ln218_11' <Predicate = (!icmp_ln249 & icmp_ln290)> <Delay = 0.00>
ST_6 : Operation 748 [1/1] (0.00ns) (grouped into LUT with out node add_ln840_11)   --->   "%xor_ln1039_12 = xor i1 %icmp_ln1039_13, i1 1"   --->   Operation 748 'xor' 'xor_ln1039_12' <Predicate = (!icmp_ln249 & icmp_ln290)> <Delay = 0.00> <CoreInst = "LogicGate">   --->   Core 74 'LogicGate' <Latency = 0> <II = 1> <Delay = 0.97> <FuncUnit> <Opcode : 'and' 'or' 'xor'> <InPorts = 2> <OutPorts = 1>
ST_6 : Operation 749 [1/1] (0.00ns) (grouped into LUT with out node add_ln840_11)   --->   "%zext_ln218_12 = zext i1 %xor_ln1039_12" [/home/miguel_tfg/FINN-v0.9-Stable/deps/finn-hlslib/activations.hpp:218]   --->   Operation 749 'zext' 'zext_ln218_12' <Predicate = (!icmp_ln249 & icmp_ln290)> <Delay = 0.00>
ST_6 : Operation 750 [1/1] (0.00ns) (grouped into LUT with out node add_ln840_11)   --->   "%xor_ln1039_13 = xor i1 %icmp_ln1039_14, i1 1"   --->   Operation 750 'xor' 'xor_ln1039_13' <Predicate = (!icmp_ln249 & icmp_ln290)> <Delay = 0.00> <CoreInst = "LogicGate">   --->   Core 74 'LogicGate' <Latency = 0> <II = 1> <Delay = 0.97> <FuncUnit> <Opcode : 'and' 'or' 'xor'> <InPorts = 2> <OutPorts = 1>
ST_6 : Operation 751 [1/1] (0.00ns) (grouped into LUT with out node add_ln840_11)   --->   "%zext_ln840 = zext i1 %xor_ln1039_13"   --->   Operation 751 'zext' 'zext_ln840' <Predicate = (!icmp_ln249 & icmp_ln290)> <Delay = 0.00>
ST_6 : Operation 752 [1/1] (0.00ns) (grouped into TernaryAdder)   --->   "%add_ln840_1 = add i2 %zext_ln215, i2 %zext_ln218_1"   --->   Operation 752 'add' 'add_ln840_1' <Predicate = (!icmp_ln249 & icmp_ln290)> <Delay = 0.00> <CoreInst = "TAddSub">   --->   Core 10 'TAddSub' <Latency = 0> <II = 1> <Delay = 1.65> <IPBlock> <Opcode : 'add' 'sub'> <InPorts = 3> <OutPorts = 1> <Sync> <CReg>
ST_6 : Operation 753 [1/1] (2.07ns) (root node of TernaryAdder)   --->   "%add_ln840_2 = add i2 %add_ln840_1, i2 %zext_ln218"   --->   Operation 753 'add' 'add_ln840_2' <Predicate = (!icmp_ln249 & icmp_ln290)> <Delay = 2.07> <CoreInst = "TAddSub">   --->   Core 10 'TAddSub' <Latency = 0> <II = 1> <Delay = 1.65> <IPBlock> <Opcode : 'add' 'sub'> <InPorts = 3> <OutPorts = 1> <Sync> <CReg>
ST_6 : Operation 754 [1/1] (0.00ns)   --->   "%zext_ln840_1 = zext i2 %add_ln840_2"   --->   Operation 754 'zext' 'zext_ln840_1' <Predicate = (!icmp_ln249 & icmp_ln290)> <Delay = 0.00>
ST_6 : Operation 755 [1/1] (1.56ns) (out node of the LUT)   --->   "%add_ln840_3 = add i2 %zext_ln218_2, i2 %zext_ln218_3"   --->   Operation 755 'add' 'add_ln840_3' <Predicate = (!icmp_ln249 & icmp_ln290)> <Delay = 1.56> <CoreInst = "Adder">   --->   Core 1 'Adder' <Latency = 0> <II = 1> <Delay = 1.56> <FuncUnit> <Opcode : 'add' 'sub'> <InPorts = 2> <OutPorts = 1>
ST_6 : Operation 756 [1/1] (0.00ns)   --->   "%zext_ln840_2 = zext i2 %add_ln840_3"   --->   Operation 756 'zext' 'zext_ln840_2' <Predicate = (!icmp_ln249 & icmp_ln290)> <Delay = 0.00>
ST_6 : Operation 757 [1/1] (1.56ns) (out node of the LUT)   --->   "%add_ln840_4 = add i2 %zext_ln218_4, i2 %zext_ln218_5"   --->   Operation 757 'add' 'add_ln840_4' <Predicate = (!icmp_ln249 & icmp_ln290)> <Delay = 1.56> <CoreInst = "Adder">   --->   Core 1 'Adder' <Latency = 0> <II = 1> <Delay = 1.56> <FuncUnit> <Opcode : 'add' 'sub'> <InPorts = 2> <OutPorts = 1>
ST_6 : Operation 758 [1/1] (0.00ns)   --->   "%zext_ln840_3 = zext i2 %add_ln840_4"   --->   Operation 758 'zext' 'zext_ln840_3' <Predicate = (!icmp_ln249 & icmp_ln290)> <Delay = 0.00>
ST_6 : Operation 759 [1/1] (0.00ns) (grouped into TernaryAdder)   --->   "%add_ln840_5 = add i3 %zext_ln840_3, i3 %zext_ln840_2"   --->   Operation 759 'add' 'add_ln840_5' <Predicate = (!icmp_ln249 & icmp_ln290)> <Delay = 0.00> <CoreInst = "TAddSub">   --->   Core 10 'TAddSub' <Latency = 0> <II = 1> <Delay = 1.65> <IPBlock> <Opcode : 'add' 'sub'> <InPorts = 3> <OutPorts = 1> <Sync> <CReg>
ST_6 : Operation 760 [1/1] (2.69ns) (root node of TernaryAdder)   --->   "%add_ln840_6 = add i3 %add_ln840_5, i3 %zext_ln840_1"   --->   Operation 760 'add' 'add_ln840_6' <Predicate = (!icmp_ln249 & icmp_ln290)> <Delay = 2.69> <CoreInst = "TAddSub">   --->   Core 10 'TAddSub' <Latency = 0> <II = 1> <Delay = 1.65> <IPBlock> <Opcode : 'add' 'sub'> <InPorts = 3> <OutPorts = 1> <Sync> <CReg>
ST_6 : Operation 761 [1/1] (1.56ns) (out node of the LUT)   --->   "%add_ln840_7 = add i2 %zext_ln218_6, i2 %zext_ln218_7"   --->   Operation 761 'add' 'add_ln840_7' <Predicate = (!icmp_ln249 & icmp_ln290)> <Delay = 1.56> <CoreInst = "Adder">   --->   Core 1 'Adder' <Latency = 0> <II = 1> <Delay = 1.56> <FuncUnit> <Opcode : 'add' 'sub'> <InPorts = 2> <OutPorts = 1>
ST_6 : Operation 762 [1/1] (0.00ns)   --->   "%zext_ln840_5 = zext i2 %add_ln840_7"   --->   Operation 762 'zext' 'zext_ln840_5' <Predicate = (!icmp_ln249 & icmp_ln290)> <Delay = 0.00>
ST_6 : Operation 763 [1/1] (1.56ns) (out node of the LUT)   --->   "%add_ln840_8 = add i2 %zext_ln218_8, i2 %zext_ln218_9"   --->   Operation 763 'add' 'add_ln840_8' <Predicate = (!icmp_ln249 & icmp_ln290)> <Delay = 1.56> <CoreInst = "Adder">   --->   Core 1 'Adder' <Latency = 0> <II = 1> <Delay = 1.56> <FuncUnit> <Opcode : 'add' 'sub'> <InPorts = 2> <OutPorts = 1>
ST_6 : Operation 764 [1/1] (0.00ns)   --->   "%zext_ln840_6 = zext i2 %add_ln840_8"   --->   Operation 764 'zext' 'zext_ln840_6' <Predicate = (!icmp_ln249 & icmp_ln290)> <Delay = 0.00>
ST_6 : Operation 765 [1/1] (1.56ns)   --->   "%add_ln840_9 = add i3 %zext_ln840_6, i3 %zext_ln840_5"   --->   Operation 765 'add' 'add_ln840_9' <Predicate = (!icmp_ln249 & icmp_ln290)> <Delay = 1.56> <CoreInst = "Adder">   --->   Core 1 'Adder' <Latency = 0> <II = 1> <Delay = 1.65> <FuncUnit> <Opcode : 'add' 'sub'> <InPorts = 2> <OutPorts = 1>
ST_6 : Operation 766 [1/1] (1.56ns) (out node of the LUT)   --->   "%add_ln840_10 = add i2 %zext_ln218_10, i2 %zext_ln218_11"   --->   Operation 766 'add' 'add_ln840_10' <Predicate = (!icmp_ln249 & icmp_ln290)> <Delay = 1.56> <CoreInst = "Adder">   --->   Core 1 'Adder' <Latency = 0> <II = 1> <Delay = 1.56> <FuncUnit> <Opcode : 'add' 'sub'> <InPorts = 2> <OutPorts = 1>
ST_6 : Operation 767 [1/1] (0.00ns)   --->   "%zext_ln840_8 = zext i2 %add_ln840_10"   --->   Operation 767 'zext' 'zext_ln840_8' <Predicate = (!icmp_ln249 & icmp_ln290)> <Delay = 0.00>
ST_6 : Operation 768 [1/1] (1.56ns) (out node of the LUT)   --->   "%add_ln840_11 = add i2 %zext_ln218_12, i2 %zext_ln840"   --->   Operation 768 'add' 'add_ln840_11' <Predicate = (!icmp_ln249 & icmp_ln290)> <Delay = 1.56> <CoreInst = "Adder">   --->   Core 1 'Adder' <Latency = 0> <II = 1> <Delay = 1.56> <FuncUnit> <Opcode : 'add' 'sub'> <InPorts = 2> <OutPorts = 1>
ST_6 : Operation 769 [1/1] (0.00ns)   --->   "%zext_ln840_9 = zext i2 %add_ln840_11"   --->   Operation 769 'zext' 'zext_ln840_9' <Predicate = (!icmp_ln249 & icmp_ln290)> <Delay = 0.00>
ST_6 : Operation 770 [1/1] (1.56ns)   --->   "%add_ln840_12 = add i3 %zext_ln840_9, i3 %zext_ln840_8"   --->   Operation 770 'add' 'add_ln840_12' <Predicate = (!icmp_ln249 & icmp_ln290)> <Delay = 1.56> <CoreInst = "Adder">   --->   Core 1 'Adder' <Latency = 0> <II = 1> <Delay = 1.65> <FuncUnit> <Opcode : 'add' 'sub'> <InPorts = 2> <OutPorts = 1>

State 7 <SV = 6> <Delay = 3.31>
ST_7 : Operation 771 [1/1] (0.00ns)   --->   "%zext_ln840_4 = zext i3 %add_ln840_6"   --->   Operation 771 'zext' 'zext_ln840_4' <Predicate = (!icmp_ln249 & icmp_ln290)> <Delay = 0.00>
ST_7 : Operation 772 [1/1] (0.00ns)   --->   "%zext_ln840_7 = zext i3 %add_ln840_9"   --->   Operation 772 'zext' 'zext_ln840_7' <Predicate = (!icmp_ln249 & icmp_ln290)> <Delay = 0.00>
ST_7 : Operation 773 [1/1] (0.00ns)   --->   "%zext_ln840_10 = zext i3 %add_ln840_12"   --->   Operation 773 'zext' 'zext_ln840_10' <Predicate = (!icmp_ln249 & icmp_ln290)> <Delay = 0.00>
ST_7 : Operation 774 [1/1] (0.00ns) (grouped into TernaryAdder)   --->   "%add_ln840_13 = add i4 %zext_ln840_10, i4 %zext_ln840_7"   --->   Operation 774 'add' 'add_ln840_13' <Predicate = (!icmp_ln249 & icmp_ln290)> <Delay = 0.00> <CoreInst = "TAddSub">   --->   Core 10 'TAddSub' <Latency = 0> <II = 1> <Delay = 1.65> <IPBlock> <Opcode : 'add' 'sub'> <InPorts = 3> <OutPorts = 1> <Sync> <CReg>
ST_7 : Operation 775 [1/1] (3.31ns) (root node of TernaryAdder)   --->   "%result_V_2 = add i4 %add_ln840_13, i4 %zext_ln840_4"   --->   Operation 775 'add' 'result_V_2' <Predicate = (!icmp_ln249 & icmp_ln290)> <Delay = 3.31> <CoreInst = "TAddSub">   --->   Core 10 'TAddSub' <Latency = 0> <II = 1> <Delay = 1.65> <IPBlock> <Opcode : 'add' 'sub'> <InPorts = 3> <OutPorts = 1> <Sync> <CReg>
ST_7 : Operation 776 [1/1] (0.00ns)   --->   "%zext_ln298 = zext i4 %result_V_2" [/home/miguel_tfg/FINN-v0.9-Stable/deps/finn-hlslib/mvau.hpp:298]   --->   Operation 776 'zext' 'zext_ln298' <Predicate = (!icmp_ln249 & icmp_ln290)> <Delay = 0.00>
ST_7 : Operation 777 [1/1] (0.00ns)   --->   "%write_ln298 = write void @_ssdm_op_Write.axis.volatile.i8P128A, i8 %out_V, i8 %zext_ln298" [/home/miguel_tfg/FINN-v0.9-Stable/deps/finn-hlslib/mvau.hpp:298]   --->   Operation 777 'write' 'write_ln298' <Predicate = (!icmp_ln249 & icmp_ln290)> <Delay = 0.00> <CoreInst = "axis">   --->   Core 115 'axis' <Latency = 0> <II = 1> <Delay = 1.00> <Adapter> <Opcode : >
ST_7 : Operation 778 [1/1] (0.00ns)   --->   "%br_ln306 = br void %for.inc90" [/home/miguel_tfg/FINN-v0.9-Stable/deps/finn-hlslib/mvau.hpp:306]   --->   Operation 778 'br' 'br_ln306' <Predicate = (!icmp_ln249 & icmp_ln290)> <Delay = 0.00>
ST_7 : Operation 779 [1/1] (0.00ns)   --->   "%ret_ln308 = ret" [/home/miguel_tfg/FINN-v0.9-Stable/deps/finn-hlslib/mvau.hpp:308]   --->   Operation 779 'ret' 'ret_ln308' <Predicate = (icmp_ln249)> <Delay = 0.00>


============================================================
+ Verbose Summary: Binding
============================================================
STG Binding: 
---------------- STG Properties BEGIN ----------------
- Is combinational: 0
- Is one-state seq: 0
- Is datapath-only: 0
- Is pipelined: 0
- Is top level: 0
Port [ Return ] is wired: 1; IO mode=ap_ctrl_hs:ce=0
Port [ in0_V]:  wired=1; compound=1; hidden=0; nouse=0; global=0; static=0; extern=0; dir=0; type=0; pingpong=0; private_global=0; IO mode=axis:ce=0
Port [ out_V]:  wired=1; compound=1; hidden=0; nouse=0; global=0; static=0; extern=0; dir=1; type=0; pingpong=0; private_global=0; IO mode=axis:ce=0
Port [ weights_V]:  wired=1; compound=1; hidden=0; nouse=0; global=0; static=0; extern=0; dir=0; type=0; pingpong=0; private_global=0; IO mode=axis:ce=0
Port [ p_ZL7threshs_0]:  wired=0; compound=1; hidden=1; nouse=0; global=1; static=1; extern=0; dir=0; type=1; pingpong=0; private_global=1; MemPort=[1]; IO mode=ap_memory:ce=0
Port [ p_ZL7threshs_1]:  wired=0; compound=1; hidden=1; nouse=0; global=1; static=1; extern=0; dir=0; type=1; pingpong=0; private_global=1; MemPort=[1]; IO mode=ap_memory:ce=0
Port [ p_ZL7threshs_2]:  wired=0; compound=1; hidden=1; nouse=0; global=1; static=1; extern=0; dir=0; type=1; pingpong=0; private_global=1; MemPort=[1]; IO mode=ap_memory:ce=0
Port [ p_ZL7threshs_3]:  wired=0; compound=1; hidden=1; nouse=0; global=1; static=1; extern=0; dir=0; type=1; pingpong=0; private_global=1; MemPort=[1]; IO mode=ap_memory:ce=0
Port [ p_ZL7threshs_4]:  wired=0; compound=1; hidden=1; nouse=0; global=1; static=1; extern=0; dir=0; type=1; pingpong=0; private_global=1; MemPort=[1]; IO mode=ap_memory:ce=0
Port [ p_ZL7threshs_5]:  wired=0; compound=1; hidden=1; nouse=0; global=1; static=1; extern=0; dir=0; type=1; pingpong=0; private_global=1; MemPort=[1]; IO mode=ap_memory:ce=0
Port [ p_ZL7threshs_6]:  wired=0; compound=1; hidden=1; nouse=0; global=1; static=1; extern=0; dir=0; type=1; pingpong=0; private_global=1; MemPort=[1]; IO mode=ap_memory:ce=0
Port [ p_ZL7threshs_7]:  wired=0; compound=1; hidden=1; nouse=0; global=1; static=1; extern=0; dir=0; type=1; pingpong=0; private_global=1; MemPort=[1]; IO mode=ap_memory:ce=0
Port [ p_ZL7threshs_8]:  wired=0; compound=1; hidden=1; nouse=0; global=1; static=1; extern=0; dir=0; type=1; pingpong=0; private_global=1; MemPort=[1]; IO mode=ap_memory:ce=0
Port [ p_ZL7threshs_9]:  wired=0; compound=1; hidden=1; nouse=0; global=1; static=1; extern=0; dir=0; type=1; pingpong=0; private_global=1; MemPort=[1]; IO mode=ap_memory:ce=0
Port [ p_ZL7threshs_10]:  wired=0; compound=1; hidden=1; nouse=0; global=1; static=1; extern=0; dir=0; type=1; pingpong=0; private_global=1; MemPort=[1]; IO mode=ap_memory:ce=0
Port [ p_ZL7threshs_11]:  wired=0; compound=1; hidden=1; nouse=0; global=1; static=1; extern=0; dir=0; type=1; pingpong=0; private_global=1; MemPort=[1]; IO mode=ap_memory:ce=0
Port [ p_ZL7threshs_12]:  wired=0; compound=1; hidden=1; nouse=0; global=1; static=1; extern=0; dir=0; type=1; pingpong=0; private_global=1; MemPort=[1]; IO mode=ap_memory:ce=0
Port [ p_ZL7threshs_13]:  wired=0; compound=1; hidden=1; nouse=0; global=1; static=1; extern=0; dir=0; type=1; pingpong=0; private_global=1; MemPort=[1]; IO mode=ap_memory:ce=0
Port [ p_ZL7threshs_14]:  wired=0; compound=1; hidden=1; nouse=0; global=1; static=1; extern=0; dir=0; type=1; pingpong=0; private_global=1; MemPort=[1]; IO mode=ap_memory:ce=0
---------------- STG Properties END ------------------

---------------- Datapath Model BEGIN ----------------

<LifeTime>
<method=bitvector/>
sf                   (alloca           ) [ 01000000]
i                    (alloca           ) [ 01000000]
add_i4_i338          (alloca           ) [ 01111100]
inputBuf_V           (alloca           ) [ 01000000]
inputBuf_V_1         (alloca           ) [ 01000000]
inputBuf_V_2         (alloca           ) [ 01000000]
inputBuf_V_3         (alloca           ) [ 01000000]
inputBuf_V_4         (alloca           ) [ 01000000]
inputBuf_V_5         (alloca           ) [ 01000000]
inputBuf_V_6         (alloca           ) [ 01000000]
inputBuf_V_7         (alloca           ) [ 01000000]
inputBuf_V_8         (alloca           ) [ 01000000]
inputBuf_V_9         (alloca           ) [ 01000000]
inputBuf_V_10        (alloca           ) [ 01000000]
inputBuf_V_11        (alloca           ) [ 01000000]
inputBuf_V_12        (alloca           ) [ 01000000]
inputBuf_V_13        (alloca           ) [ 01000000]
inputBuf_V_14        (alloca           ) [ 01000000]
inputBuf_V_15        (alloca           ) [ 01000000]
inputBuf_V_16        (alloca           ) [ 01000000]
inputBuf_V_17        (alloca           ) [ 01000000]
inputBuf_V_18        (alloca           ) [ 01000000]
inputBuf_V_19        (alloca           ) [ 01000000]
inputBuf_V_20        (alloca           ) [ 01000000]
inputBuf_V_21        (alloca           ) [ 01000000]
inputBuf_V_22        (alloca           ) [ 01000000]
inputBuf_V_23        (alloca           ) [ 01000000]
inputBuf_V_24        (alloca           ) [ 01000000]
inputBuf_V_25        (alloca           ) [ 01000000]
inputBuf_V_26        (alloca           ) [ 01000000]
inputBuf_V_27        (alloca           ) [ 01000000]
inputBuf_V_28        (alloca           ) [ 01000000]
inputBuf_V_29        (alloca           ) [ 01000000]
inputBuf_V_30        (alloca           ) [ 01000000]
inputBuf_V_31        (alloca           ) [ 01000000]
inputBuf_V_32        (alloca           ) [ 01000000]
inputBuf_V_33        (alloca           ) [ 01000000]
inputBuf_V_34        (alloca           ) [ 01000000]
inputBuf_V_35        (alloca           ) [ 01000000]
inputBuf_V_36        (alloca           ) [ 01000000]
inputBuf_V_37        (alloca           ) [ 01000000]
inputBuf_V_38        (alloca           ) [ 01000000]
inputBuf_V_39        (alloca           ) [ 01000000]
inputBuf_V_40        (alloca           ) [ 01000000]
inputBuf_V_41        (alloca           ) [ 01000000]
inputBuf_V_42        (alloca           ) [ 01000000]
inputBuf_V_43        (alloca           ) [ 01000000]
inputBuf_V_44        (alloca           ) [ 01000000]
inputBuf_V_45        (alloca           ) [ 01000000]
inputBuf_V_46        (alloca           ) [ 01000000]
inputBuf_V_47        (alloca           ) [ 01000000]
inputBuf_V_48        (alloca           ) [ 01000000]
inputBuf_V_49        (alloca           ) [ 01000000]
inputBuf_V_50        (alloca           ) [ 01000000]
inputBuf_V_51        (alloca           ) [ 01000000]
inputBuf_V_52        (alloca           ) [ 01000000]
inputBuf_V_53        (alloca           ) [ 01000000]
inputBuf_V_54        (alloca           ) [ 01000000]
inputBuf_V_55        (alloca           ) [ 01000000]
inputBuf_V_56        (alloca           ) [ 01000000]
inputBuf_V_57        (alloca           ) [ 01000000]
inputBuf_V_58        (alloca           ) [ 01000000]
inputBuf_V_59        (alloca           ) [ 01000000]
inputBuf_V_60        (alloca           ) [ 01000000]
inputBuf_V_61        (alloca           ) [ 01000000]
inputBuf_V_62        (alloca           ) [ 01000000]
inputBuf_V_63        (alloca           ) [ 01000000]
inputBuf_V_64        (alloca           ) [ 01000000]
inputBuf_V_65        (alloca           ) [ 01000000]
inputBuf_V_66        (alloca           ) [ 01000000]
inputBuf_V_67        (alloca           ) [ 01000000]
inputBuf_V_68        (alloca           ) [ 01000000]
inputBuf_V_69        (alloca           ) [ 01000000]
inputBuf_V_70        (alloca           ) [ 01000000]
inputBuf_V_71        (alloca           ) [ 01000000]
inputBuf_V_72        (alloca           ) [ 01000000]
inputBuf_V_73        (alloca           ) [ 01000000]
inputBuf_V_74        (alloca           ) [ 01000000]
inputBuf_V_75        (alloca           ) [ 01000000]
inputBuf_V_76        (alloca           ) [ 01000000]
inputBuf_V_77        (alloca           ) [ 01000000]
inputBuf_V_78        (alloca           ) [ 01000000]
inputBuf_V_79        (alloca           ) [ 01000000]
inputBuf_V_80        (alloca           ) [ 01000000]
inputBuf_V_81        (alloca           ) [ 01000000]
inputBuf_V_82        (alloca           ) [ 01000000]
inputBuf_V_83        (alloca           ) [ 01000000]
inputBuf_V_84        (alloca           ) [ 01000000]
inputBuf_V_85        (alloca           ) [ 01000000]
inputBuf_V_86        (alloca           ) [ 01000000]
inputBuf_V_87        (alloca           ) [ 01000000]
inputBuf_V_88        (alloca           ) [ 01000000]
inputBuf_V_89        (alloca           ) [ 01000000]
inputBuf_V_90        (alloca           ) [ 01000000]
inputBuf_V_91        (alloca           ) [ 01000000]
inputBuf_V_92        (alloca           ) [ 01000000]
inputBuf_V_93        (alloca           ) [ 01000000]
inputBuf_V_94        (alloca           ) [ 01000000]
inputBuf_V_95        (alloca           ) [ 01000000]
inputBuf_V_96        (alloca           ) [ 01000000]
inputBuf_V_97        (alloca           ) [ 01000000]
inputBuf_V_98        (alloca           ) [ 01000000]
inputBuf_V_99        (alloca           ) [ 01000000]
inputBuf_V_100       (alloca           ) [ 01000000]
inputBuf_V_101       (alloca           ) [ 01000000]
inputBuf_V_102       (alloca           ) [ 01000000]
inputBuf_V_103       (alloca           ) [ 01000000]
inputBuf_V_104       (alloca           ) [ 01000000]
inputBuf_V_105       (alloca           ) [ 01000000]
inputBuf_V_106       (alloca           ) [ 01000000]
inputBuf_V_107       (alloca           ) [ 01000000]
inputBuf_V_108       (alloca           ) [ 01000000]
inputBuf_V_109       (alloca           ) [ 01000000]
inputBuf_V_110       (alloca           ) [ 01000000]
inputBuf_V_111       (alloca           ) [ 01000000]
inputBuf_V_112       (alloca           ) [ 01000000]
inputBuf_V_113       (alloca           ) [ 01000000]
inputBuf_V_114       (alloca           ) [ 01000000]
inputBuf_V_115       (alloca           ) [ 01000000]
inputBuf_V_116       (alloca           ) [ 01000000]
inputBuf_V_117       (alloca           ) [ 01000000]
inputBuf_V_118       (alloca           ) [ 01000000]
inputBuf_V_119       (alloca           ) [ 01000000]
inputBuf_V_120       (alloca           ) [ 01000000]
inputBuf_V_121       (alloca           ) [ 01000000]
inputBuf_V_122       (alloca           ) [ 01000000]
inputBuf_V_123       (alloca           ) [ 01000000]
inputBuf_V_124       (alloca           ) [ 01000000]
inputBuf_V_125       (alloca           ) [ 01000000]
inputBuf_V_126       (alloca           ) [ 01000000]
inputBuf_V_127       (alloca           ) [ 01000000]
inputBuf_V_128       (alloca           ) [ 01000000]
inputBuf_V_129       (alloca           ) [ 01000000]
inputBuf_V_130       (alloca           ) [ 01000000]
inputBuf_V_131       (alloca           ) [ 01000000]
inputBuf_V_132       (alloca           ) [ 01000000]
inputBuf_V_133       (alloca           ) [ 01000000]
inputBuf_V_134       (alloca           ) [ 01000000]
inputBuf_V_135       (alloca           ) [ 01000000]
inputBuf_V_136       (alloca           ) [ 01000000]
inputBuf_V_137       (alloca           ) [ 01000000]
inputBuf_V_138       (alloca           ) [ 01000000]
inputBuf_V_139       (alloca           ) [ 01000000]
inputBuf_V_140       (alloca           ) [ 01000000]
inputBuf_V_141       (alloca           ) [ 01000000]
inputBuf_V_142       (alloca           ) [ 01000000]
inputBuf_V_143       (alloca           ) [ 01000000]
nf_1                 (alloca           ) [ 01000000]
specinterface_ln0    (specinterface    ) [ 00000000]
specinterface_ln0    (specinterface    ) [ 00000000]
specinterface_ln0    (specinterface    ) [ 00000000]
store_ln249          (store            ) [ 00000000]
store_ln249          (store            ) [ 00000000]
store_ln249          (store            ) [ 00000000]
br_ln249             (br               ) [ 00000000]
sf_1                 (load             ) [ 00000000]
i_1                  (load             ) [ 00000000]
nf_2                 (load             ) [ 01111000]
icmp_ln249           (icmp             ) [ 01111111]
empty                (speclooptripcount) [ 00000000]
i_2                  (add              ) [ 00000000]
br_ln249             (br               ) [ 00000000]
specpipeline_ln250   (specpipeline     ) [ 00000000]
specloopname_ln231   (specloopname     ) [ 00000000]
icmp_ln253           (icmp             ) [ 01111111]
br_ln253             (br               ) [ 00000000]
inputBuf_V_load      (load             ) [ 00000000]
inputBuf_V_1_load    (load             ) [ 00000000]
inputBuf_V_2_load    (load             ) [ 00000000]
inputBuf_V_3_load    (load             ) [ 00000000]
inputBuf_V_4_load    (load             ) [ 00000000]
inputBuf_V_5_load    (load             ) [ 00000000]
inputBuf_V_6_load    (load             ) [ 00000000]
inputBuf_V_7_load    (load             ) [ 00000000]
inputBuf_V_8_load    (load             ) [ 00000000]
inputBuf_V_9_load    (load             ) [ 00000000]
inputBuf_V_10_load   (load             ) [ 00000000]
inputBuf_V_11_load   (load             ) [ 00000000]
inputBuf_V_12_load   (load             ) [ 00000000]
inputBuf_V_13_load   (load             ) [ 00000000]
inputBuf_V_14_load   (load             ) [ 00000000]
inputBuf_V_15_load   (load             ) [ 00000000]
inputBuf_V_16_load   (load             ) [ 00000000]
inputBuf_V_17_load   (load             ) [ 00000000]
inputBuf_V_18_load   (load             ) [ 00000000]
inputBuf_V_19_load   (load             ) [ 00000000]
inputBuf_V_20_load   (load             ) [ 00000000]
inputBuf_V_21_load   (load             ) [ 00000000]
inputBuf_V_22_load   (load             ) [ 00000000]
inputBuf_V_23_load   (load             ) [ 00000000]
inputBuf_V_24_load   (load             ) [ 00000000]
inputBuf_V_25_load   (load             ) [ 00000000]
inputBuf_V_26_load   (load             ) [ 00000000]
inputBuf_V_27_load   (load             ) [ 00000000]
inputBuf_V_28_load   (load             ) [ 00000000]
inputBuf_V_29_load   (load             ) [ 00000000]
inputBuf_V_30_load   (load             ) [ 00000000]
inputBuf_V_31_load   (load             ) [ 00000000]
inputBuf_V_32_load   (load             ) [ 00000000]
inputBuf_V_33_load   (load             ) [ 00000000]
inputBuf_V_34_load   (load             ) [ 00000000]
inputBuf_V_35_load   (load             ) [ 00000000]
inputBuf_V_36_load   (load             ) [ 00000000]
inputBuf_V_37_load   (load             ) [ 00000000]
inputBuf_V_38_load   (load             ) [ 00000000]
inputBuf_V_39_load   (load             ) [ 00000000]
inputBuf_V_40_load   (load             ) [ 00000000]
inputBuf_V_41_load   (load             ) [ 00000000]
inputBuf_V_42_load   (load             ) [ 00000000]
inputBuf_V_43_load   (load             ) [ 00000000]
inputBuf_V_44_load   (load             ) [ 00000000]
inputBuf_V_45_load   (load             ) [ 00000000]
inputBuf_V_46_load   (load             ) [ 00000000]
inputBuf_V_47_load   (load             ) [ 00000000]
inputBuf_V_48_load   (load             ) [ 00000000]
inputBuf_V_49_load   (load             ) [ 00000000]
inputBuf_V_50_load   (load             ) [ 00000000]
inputBuf_V_51_load   (load             ) [ 00000000]
inputBuf_V_52_load   (load             ) [ 00000000]
inputBuf_V_53_load   (load             ) [ 00000000]
inputBuf_V_54_load   (load             ) [ 00000000]
inputBuf_V_55_load   (load             ) [ 00000000]
inputBuf_V_56_load   (load             ) [ 00000000]
inputBuf_V_57_load   (load             ) [ 00000000]
inputBuf_V_58_load   (load             ) [ 00000000]
inputBuf_V_59_load   (load             ) [ 00000000]
inputBuf_V_60_load   (load             ) [ 00000000]
inputBuf_V_61_load   (load             ) [ 00000000]
inputBuf_V_62_load   (load             ) [ 00000000]
inputBuf_V_63_load   (load             ) [ 00000000]
inputBuf_V_64_load   (load             ) [ 00000000]
inputBuf_V_65_load   (load             ) [ 00000000]
inputBuf_V_66_load   (load             ) [ 00000000]
inputBuf_V_67_load   (load             ) [ 00000000]
inputBuf_V_68_load   (load             ) [ 00000000]
inputBuf_V_69_load   (load             ) [ 00000000]
inputBuf_V_70_load   (load             ) [ 00000000]
inputBuf_V_71_load   (load             ) [ 00000000]
inputBuf_V_72_load   (load             ) [ 00000000]
inputBuf_V_73_load   (load             ) [ 00000000]
inputBuf_V_74_load   (load             ) [ 00000000]
inputBuf_V_75_load   (load             ) [ 00000000]
inputBuf_V_76_load   (load             ) [ 00000000]
inputBuf_V_77_load   (load             ) [ 00000000]
inputBuf_V_78_load   (load             ) [ 00000000]
inputBuf_V_79_load   (load             ) [ 00000000]
inputBuf_V_80_load   (load             ) [ 00000000]
inputBuf_V_81_load   (load             ) [ 00000000]
inputBuf_V_82_load   (load             ) [ 00000000]
inputBuf_V_83_load   (load             ) [ 00000000]
inputBuf_V_84_load   (load             ) [ 00000000]
inputBuf_V_85_load   (load             ) [ 00000000]
inputBuf_V_86_load   (load             ) [ 00000000]
inputBuf_V_87_load   (load             ) [ 00000000]
inputBuf_V_88_load   (load             ) [ 00000000]
inputBuf_V_89_load   (load             ) [ 00000000]
inputBuf_V_90_load   (load             ) [ 00000000]
inputBuf_V_91_load   (load             ) [ 00000000]
inputBuf_V_92_load   (load             ) [ 00000000]
inputBuf_V_93_load   (load             ) [ 00000000]
inputBuf_V_94_load   (load             ) [ 00000000]
inputBuf_V_95_load   (load             ) [ 00000000]
inputBuf_V_96_load   (load             ) [ 00000000]
inputBuf_V_97_load   (load             ) [ 00000000]
inputBuf_V_98_load   (load             ) [ 00000000]
inputBuf_V_99_load   (load             ) [ 00000000]
inputBuf_V_100_load  (load             ) [ 00000000]
inputBuf_V_101_load  (load             ) [ 00000000]
inputBuf_V_102_load  (load             ) [ 00000000]
inputBuf_V_103_load  (load             ) [ 00000000]
inputBuf_V_104_load  (load             ) [ 00000000]
inputBuf_V_105_load  (load             ) [ 00000000]
inputBuf_V_106_load  (load             ) [ 00000000]
inputBuf_V_107_load  (load             ) [ 00000000]
inputBuf_V_108_load  (load             ) [ 00000000]
inputBuf_V_109_load  (load             ) [ 00000000]
inputBuf_V_110_load  (load             ) [ 00000000]
inputBuf_V_111_load  (load             ) [ 00000000]
inputBuf_V_112_load  (load             ) [ 00000000]
inputBuf_V_113_load  (load             ) [ 00000000]
inputBuf_V_114_load  (load             ) [ 00000000]
inputBuf_V_115_load  (load             ) [ 00000000]
inputBuf_V_116_load  (load             ) [ 00000000]
inputBuf_V_117_load  (load             ) [ 00000000]
inputBuf_V_118_load  (load             ) [ 00000000]
inputBuf_V_119_load  (load             ) [ 00000000]
inputBuf_V_120_load  (load             ) [ 00000000]
inputBuf_V_121_load  (load             ) [ 00000000]
inputBuf_V_122_load  (load             ) [ 00000000]
inputBuf_V_123_load  (load             ) [ 00000000]
inputBuf_V_124_load  (load             ) [ 00000000]
inputBuf_V_125_load  (load             ) [ 00000000]
inputBuf_V_126_load  (load             ) [ 00000000]
inputBuf_V_127_load  (load             ) [ 00000000]
inputBuf_V_128_load  (load             ) [ 00000000]
inputBuf_V_129_load  (load             ) [ 00000000]
inputBuf_V_130_load  (load             ) [ 00000000]
inputBuf_V_131_load  (load             ) [ 00000000]
inputBuf_V_132_load  (load             ) [ 00000000]
inputBuf_V_133_load  (load             ) [ 00000000]
inputBuf_V_134_load  (load             ) [ 00000000]
inputBuf_V_135_load  (load             ) [ 00000000]
inputBuf_V_136_load  (load             ) [ 00000000]
inputBuf_V_137_load  (load             ) [ 00000000]
inputBuf_V_138_load  (load             ) [ 00000000]
inputBuf_V_139_load  (load             ) [ 00000000]
inputBuf_V_140_load  (load             ) [ 00000000]
inputBuf_V_141_load  (load             ) [ 00000000]
inputBuf_V_142_load  (load             ) [ 00000000]
inputBuf_V_143_load  (load             ) [ 00000000]
trunc_ln261          (trunc            ) [ 00000000]
tmp                  (mux              ) [ 01100000]
br_ln0               (br               ) [ 01100000]
in0_V_read           (read             ) [ 00000000]
inElem               (trunc            ) [ 01100000]
trunc_ln257          (trunc            ) [ 01000000]
switch_ln257         (switch           ) [ 00000000]
store_ln257          (store            ) [ 00000000]
br_ln257             (br               ) [ 00000000]
store_ln257          (store            ) [ 00000000]
br_ln257             (br               ) [ 00000000]
store_ln257          (store            ) [ 00000000]
br_ln257             (br               ) [ 00000000]
store_ln257          (store            ) [ 00000000]
br_ln257             (br               ) [ 00000000]
store_ln257          (store            ) [ 00000000]
br_ln257             (br               ) [ 00000000]
store_ln257          (store            ) [ 00000000]
br_ln257             (br               ) [ 00000000]
store_ln257          (store            ) [ 00000000]
br_ln257             (br               ) [ 00000000]
store_ln257          (store            ) [ 00000000]
br_ln257             (br               ) [ 00000000]
store_ln257          (store            ) [ 00000000]
br_ln257             (br               ) [ 00000000]
store_ln257          (store            ) [ 00000000]
br_ln257             (br               ) [ 00000000]
store_ln257          (store            ) [ 00000000]
br_ln257             (br               ) [ 00000000]
store_ln257          (store            ) [ 00000000]
br_ln257             (br               ) [ 00000000]
store_ln257          (store            ) [ 00000000]
br_ln257             (br               ) [ 00000000]
store_ln257          (store            ) [ 00000000]
br_ln257             (br               ) [ 00000000]
store_ln257          (store            ) [ 00000000]
br_ln257             (br               ) [ 00000000]
store_ln257          (store            ) [ 00000000]
br_ln257             (br               ) [ 00000000]
store_ln257          (store            ) [ 00000000]
br_ln257             (br               ) [ 00000000]
store_ln257          (store            ) [ 00000000]
br_ln257             (br               ) [ 00000000]
store_ln257          (store            ) [ 00000000]
br_ln257             (br               ) [ 00000000]
store_ln257          (store            ) [ 00000000]
br_ln257             (br               ) [ 00000000]
store_ln257          (store            ) [ 00000000]
br_ln257             (br               ) [ 00000000]
store_ln257          (store            ) [ 00000000]
br_ln257             (br               ) [ 00000000]
store_ln257          (store            ) [ 00000000]
br_ln257             (br               ) [ 00000000]
store_ln257          (store            ) [ 00000000]
br_ln257             (br               ) [ 00000000]
store_ln257          (store            ) [ 00000000]
br_ln257             (br               ) [ 00000000]
store_ln257          (store            ) [ 00000000]
br_ln257             (br               ) [ 00000000]
store_ln257          (store            ) [ 00000000]
br_ln257             (br               ) [ 00000000]
store_ln257          (store            ) [ 00000000]
br_ln257             (br               ) [ 00000000]
store_ln257          (store            ) [ 00000000]
br_ln257             (br               ) [ 00000000]
store_ln257          (store            ) [ 00000000]
br_ln257             (br               ) [ 00000000]
store_ln257          (store            ) [ 00000000]
br_ln257             (br               ) [ 00000000]
store_ln257          (store            ) [ 00000000]
br_ln257             (br               ) [ 00000000]
store_ln257          (store            ) [ 00000000]
br_ln257             (br               ) [ 00000000]
store_ln257          (store            ) [ 00000000]
br_ln257             (br               ) [ 00000000]
store_ln257          (store            ) [ 00000000]
br_ln257             (br               ) [ 00000000]
store_ln257          (store            ) [ 00000000]
br_ln257             (br               ) [ 00000000]
store_ln257          (store            ) [ 00000000]
br_ln257             (br               ) [ 00000000]
store_ln257          (store            ) [ 00000000]
br_ln257             (br               ) [ 00000000]
store_ln257          (store            ) [ 00000000]
br_ln257             (br               ) [ 00000000]
store_ln257          (store            ) [ 00000000]
br_ln257             (br               ) [ 00000000]
store_ln257          (store            ) [ 00000000]
br_ln257             (br               ) [ 00000000]
store_ln257          (store            ) [ 00000000]
br_ln257             (br               ) [ 00000000]
store_ln257          (store            ) [ 00000000]
br_ln257             (br               ) [ 00000000]
store_ln257          (store            ) [ 00000000]
br_ln257             (br               ) [ 00000000]
store_ln257          (store            ) [ 00000000]
br_ln257             (br               ) [ 00000000]
store_ln257          (store            ) [ 00000000]
br_ln257             (br               ) [ 00000000]
store_ln257          (store            ) [ 00000000]
br_ln257             (br               ) [ 00000000]
store_ln257          (store            ) [ 00000000]
br_ln257             (br               ) [ 00000000]
store_ln257          (store            ) [ 00000000]
br_ln257             (br               ) [ 00000000]
store_ln257          (store            ) [ 00000000]
br_ln257             (br               ) [ 00000000]
store_ln257          (store            ) [ 00000000]
br_ln257             (br               ) [ 00000000]
store_ln257          (store            ) [ 00000000]
br_ln257             (br               ) [ 00000000]
store_ln257          (store            ) [ 00000000]
br_ln257             (br               ) [ 00000000]
store_ln257          (store            ) [ 00000000]
br_ln257             (br               ) [ 00000000]
store_ln257          (store            ) [ 00000000]
br_ln257             (br               ) [ 00000000]
store_ln257          (store            ) [ 00000000]
br_ln257             (br               ) [ 00000000]
store_ln257          (store            ) [ 00000000]
br_ln257             (br               ) [ 00000000]
store_ln257          (store            ) [ 00000000]
br_ln257             (br               ) [ 00000000]
store_ln257          (store            ) [ 00000000]
br_ln257             (br               ) [ 00000000]
store_ln257          (store            ) [ 00000000]
br_ln257             (br               ) [ 00000000]
store_ln257          (store            ) [ 00000000]
br_ln257             (br               ) [ 00000000]
store_ln257          (store            ) [ 00000000]
br_ln257             (br               ) [ 00000000]
store_ln257          (store            ) [ 00000000]
br_ln257             (br               ) [ 00000000]
store_ln257          (store            ) [ 00000000]
br_ln257             (br               ) [ 00000000]
store_ln257          (store            ) [ 00000000]
br_ln257             (br               ) [ 00000000]
store_ln257          (store            ) [ 00000000]
br_ln257             (br               ) [ 00000000]
store_ln257          (store            ) [ 00000000]
br_ln257             (br               ) [ 00000000]
store_ln257          (store            ) [ 00000000]
br_ln257             (br               ) [ 00000000]
store_ln257          (store            ) [ 00000000]
br_ln257             (br               ) [ 00000000]
store_ln257          (store            ) [ 00000000]
br_ln257             (br               ) [ 00000000]
store_ln257          (store            ) [ 00000000]
br_ln257             (br               ) [ 00000000]
store_ln257          (store            ) [ 00000000]
br_ln257             (br               ) [ 00000000]
store_ln257          (store            ) [ 00000000]
br_ln257             (br               ) [ 00000000]
store_ln257          (store            ) [ 00000000]
br_ln257             (br               ) [ 00000000]
store_ln257          (store            ) [ 00000000]
br_ln257             (br               ) [ 00000000]
store_ln257          (store            ) [ 00000000]
br_ln257             (br               ) [ 00000000]
store_ln257          (store            ) [ 00000000]
br_ln257             (br               ) [ 00000000]
store_ln257          (store            ) [ 00000000]
br_ln257             (br               ) [ 00000000]
store_ln257          (store            ) [ 00000000]
br_ln257             (br               ) [ 00000000]
store_ln257          (store            ) [ 00000000]
br_ln257             (br               ) [ 00000000]
store_ln257          (store            ) [ 00000000]
br_ln257             (br               ) [ 00000000]
store_ln257          (store            ) [ 00000000]
br_ln257             (br               ) [ 00000000]
store_ln257          (store            ) [ 00000000]
br_ln257             (br               ) [ 00000000]
store_ln257          (store            ) [ 00000000]
br_ln257             (br               ) [ 00000000]
store_ln257          (store            ) [ 00000000]
br_ln257             (br               ) [ 00000000]
store_ln257          (store            ) [ 00000000]
br_ln257             (br               ) [ 00000000]
store_ln257          (store            ) [ 00000000]
br_ln257             (br               ) [ 00000000]
store_ln257          (store            ) [ 00000000]
br_ln257             (br               ) [ 00000000]
store_ln257          (store            ) [ 00000000]
br_ln257             (br               ) [ 00000000]
store_ln257          (store            ) [ 00000000]
br_ln257             (br               ) [ 00000000]
store_ln257          (store            ) [ 00000000]
br_ln257             (br               ) [ 00000000]
store_ln257          (store            ) [ 00000000]
br_ln257             (br               ) [ 00000000]
store_ln257          (store            ) [ 00000000]
br_ln257             (br               ) [ 00000000]
store_ln257          (store            ) [ 00000000]
br_ln257             (br               ) [ 00000000]
store_ln257          (store            ) [ 00000000]
br_ln257             (br               ) [ 00000000]
store_ln257          (store            ) [ 00000000]
br_ln257             (br               ) [ 00000000]
store_ln257          (store            ) [ 00000000]
br_ln257             (br               ) [ 00000000]
store_ln257          (store            ) [ 00000000]
br_ln257             (br               ) [ 00000000]
store_ln257          (store            ) [ 00000000]
br_ln257             (br               ) [ 00000000]
store_ln257          (store            ) [ 00000000]
br_ln257             (br               ) [ 00000000]
store_ln257          (store            ) [ 00000000]
br_ln257             (br               ) [ 00000000]
store_ln257          (store            ) [ 00000000]
br_ln257             (br               ) [ 00000000]
store_ln257          (store            ) [ 00000000]
br_ln257             (br               ) [ 00000000]
store_ln257          (store            ) [ 00000000]
br_ln257             (br               ) [ 00000000]
store_ln257          (store            ) [ 00000000]
br_ln257             (br               ) [ 00000000]
store_ln257          (store            ) [ 00000000]
br_ln257             (br               ) [ 00000000]
store_ln257          (store            ) [ 00000000]
br_ln257             (br               ) [ 00000000]
store_ln257          (store            ) [ 00000000]
br_ln257             (br               ) [ 00000000]
store_ln257          (store            ) [ 00000000]
br_ln257             (br               ) [ 00000000]
store_ln257          (store            ) [ 00000000]
br_ln257             (br               ) [ 00000000]
store_ln257          (store            ) [ 00000000]
br_ln257             (br               ) [ 00000000]
store_ln257          (store            ) [ 00000000]
br_ln257             (br               ) [ 00000000]
store_ln257          (store            ) [ 00000000]
br_ln257             (br               ) [ 00000000]
store_ln257          (store            ) [ 00000000]
br_ln257             (br               ) [ 00000000]
store_ln257          (store            ) [ 00000000]
br_ln257             (br               ) [ 00000000]
store_ln257          (store            ) [ 00000000]
br_ln257             (br               ) [ 00000000]
store_ln257          (store            ) [ 00000000]
br_ln257             (br               ) [ 00000000]
store_ln257          (store            ) [ 00000000]
br_ln257             (br               ) [ 00000000]
store_ln257          (store            ) [ 00000000]
br_ln257             (br               ) [ 00000000]
store_ln257          (store            ) [ 00000000]
br_ln257             (br               ) [ 00000000]
store_ln257          (store            ) [ 00000000]
br_ln257             (br               ) [ 00000000]
store_ln257          (store            ) [ 00000000]
br_ln257             (br               ) [ 00000000]
store_ln257          (store            ) [ 00000000]
br_ln257             (br               ) [ 00000000]
store_ln257          (store            ) [ 00000000]
br_ln257             (br               ) [ 00000000]
store_ln257          (store            ) [ 00000000]
br_ln257             (br               ) [ 00000000]
store_ln257          (store            ) [ 00000000]
br_ln257             (br               ) [ 00000000]
store_ln257          (store            ) [ 00000000]
br_ln257             (br               ) [ 00000000]
store_ln257          (store            ) [ 00000000]
br_ln257             (br               ) [ 00000000]
store_ln257          (store            ) [ 00000000]
br_ln257             (br               ) [ 00000000]
store_ln257          (store            ) [ 00000000]
br_ln257             (br               ) [ 00000000]
store_ln257          (store            ) [ 00000000]
br_ln257             (br               ) [ 00000000]
store_ln257          (store            ) [ 00000000]
br_ln257             (br               ) [ 00000000]
store_ln257          (store            ) [ 00000000]
br_ln257             (br               ) [ 00000000]
store_ln257          (store            ) [ 00000000]
br_ln257             (br               ) [ 00000000]
store_ln257          (store            ) [ 00000000]
br_ln257             (br               ) [ 00000000]
store_ln257          (store            ) [ 00000000]
br_ln257             (br               ) [ 00000000]
store_ln257          (store            ) [ 00000000]
br_ln257             (br               ) [ 00000000]
store_ln257          (store            ) [ 00000000]
br_ln257             (br               ) [ 00000000]
store_ln257          (store            ) [ 00000000]
br_ln257             (br               ) [ 00000000]
store_ln257          (store            ) [ 00000000]
br_ln257             (br               ) [ 00000000]
store_ln257          (store            ) [ 00000000]
br_ln257             (br               ) [ 00000000]
store_ln257          (store            ) [ 00000000]
br_ln257             (br               ) [ 00000000]
store_ln257          (store            ) [ 00000000]
br_ln257             (br               ) [ 00000000]
store_ln257          (store            ) [ 00000000]
br_ln257             (br               ) [ 00000000]
weights_V_read       (read             ) [ 00000000]
W_packed_V           (trunc            ) [ 01100000]
icmp_ln272           (icmp             ) [ 01111000]
sf_2                 (add              ) [ 00000000]
icmp_ln290           (icmp             ) [ 01111111]
br_ln290             (br               ) [ 00000000]
store_ln290          (store            ) [ 00000000]
br_ln290             (br               ) [ 00000000]
nf                   (add              ) [ 00000000]
icmp_ln302           (icmp             ) [ 00000000]
nf_3                 (select           ) [ 00000000]
store_ln306          (store            ) [ 00000000]
store_ln306          (store            ) [ 00000000]
store_ln249          (store            ) [ 00000000]
br_ln258             (br               ) [ 00000000]
inElem_1             (phi              ) [ 01100000]
sext_ln1494          (sext             ) [ 01011000]
zext_ln1494          (zext             ) [ 01011000]
add_i4_i338_load     (load             ) [ 00000000]
select_ln272         (select           ) [ 01000100]
ret_V                (mul              ) [ 00000000]
specfucore_ln142     (specfucore       ) [ 00000000]
sext_ln840           (sext             ) [ 01000100]
idxprom2_i           (zext             ) [ 00000000]
p_ZL7threshs_0_addr  (getelementptr    ) [ 01000100]
p_ZL7threshs_1_addr  (getelementptr    ) [ 01000100]
p_ZL7threshs_2_addr  (getelementptr    ) [ 01000100]
p_ZL7threshs_3_addr  (getelementptr    ) [ 01000100]
p_ZL7threshs_4_addr  (getelementptr    ) [ 01000100]
p_ZL7threshs_5_addr  (getelementptr    ) [ 01000100]
p_ZL7threshs_6_addr  (getelementptr    ) [ 01000100]
p_ZL7threshs_7_addr  (getelementptr    ) [ 01000100]
p_ZL7threshs_8_addr  (getelementptr    ) [ 01000100]
p_ZL7threshs_9_addr  (getelementptr    ) [ 01000100]
p_ZL7threshs_10_addr (getelementptr    ) [ 01000100]
p_ZL7threshs_11_addr (getelementptr    ) [ 01000100]
p_ZL7threshs_12_addr (getelementptr    ) [ 01000100]
p_ZL7threshs_13_addr (getelementptr    ) [ 01000100]
p_ZL7threshs_14_addr (getelementptr    ) [ 01000100]
rbegin               (specregionbegin  ) [ 00000000]
rend                 (specregionend    ) [ 00000000]
add_ln840            (add              ) [ 00000000]
p_ZL7threshs_0_load  (load             ) [ 00000000]
sext_ln1039          (sext             ) [ 00000000]
icmp_ln1039          (icmp             ) [ 01000010]
p_ZL7threshs_1_load  (load             ) [ 00000000]
sext_ln1039_1        (sext             ) [ 00000000]
icmp_ln1039_1        (icmp             ) [ 01000010]
p_ZL7threshs_2_load  (load             ) [ 00000000]
sext_ln1039_2        (sext             ) [ 00000000]
icmp_ln1039_2        (icmp             ) [ 01000010]
p_ZL7threshs_3_load  (load             ) [ 00000000]
zext_ln1039          (zext             ) [ 00000000]
icmp_ln1039_3        (icmp             ) [ 01000010]
p_ZL7threshs_4_load  (load             ) [ 00000000]
zext_ln1039_1        (zext             ) [ 00000000]
icmp_ln1039_4        (icmp             ) [ 01000010]
p_ZL7threshs_5_load  (load             ) [ 00000000]
zext_ln1039_2        (zext             ) [ 00000000]
icmp_ln1039_5        (icmp             ) [ 01000010]
p_ZL7threshs_6_load  (load             ) [ 00000000]
zext_ln1039_3        (zext             ) [ 00000000]
icmp_ln1039_6        (icmp             ) [ 01000010]
p_ZL7threshs_7_load  (load             ) [ 00000000]
zext_ln1039_4        (zext             ) [ 00000000]
icmp_ln1039_7        (icmp             ) [ 01000010]
p_ZL7threshs_8_load  (load             ) [ 00000000]
zext_ln1039_5        (zext             ) [ 00000000]
icmp_ln1039_8        (icmp             ) [ 01000010]
p_ZL7threshs_9_load  (load             ) [ 00000000]
zext_ln1039_6        (zext             ) [ 00000000]
icmp_ln1039_9        (icmp             ) [ 01000010]
p_ZL7threshs_10_load (load             ) [ 00000000]
zext_ln1039_7        (zext             ) [ 00000000]
icmp_ln1039_10       (icmp             ) [ 01000010]
p_ZL7threshs_11_load (load             ) [ 00000000]
zext_ln1039_8        (zext             ) [ 00000000]
icmp_ln1039_11       (icmp             ) [ 01000010]
p_ZL7threshs_12_load (load             ) [ 00000000]
zext_ln1039_9        (zext             ) [ 00000000]
icmp_ln1039_12       (icmp             ) [ 01000010]
p_ZL7threshs_13_load (load             ) [ 00000000]
zext_ln1039_10       (zext             ) [ 00000000]
icmp_ln1039_13       (icmp             ) [ 01000010]
p_ZL7threshs_14_load (load             ) [ 00000000]
zext_ln1039_11       (zext             ) [ 00000000]
icmp_ln1039_14       (icmp             ) [ 01000010]
store_ln249          (store            ) [ 00000000]
br_ln249             (br               ) [ 00000000]
result_V             (xor              ) [ 00000000]
zext_ln215           (zext             ) [ 00000000]
xor_ln1039           (xor              ) [ 00000000]
zext_ln218           (zext             ) [ 00000000]
xor_ln1039_1         (xor              ) [ 00000000]
zext_ln218_1         (zext             ) [ 00000000]
xor_ln1039_2         (xor              ) [ 00000000]
zext_ln218_2         (zext             ) [ 00000000]
xor_ln1039_3         (xor              ) [ 00000000]
zext_ln218_3         (zext             ) [ 00000000]
xor_ln1039_4         (xor              ) [ 00000000]
zext_ln218_4         (zext             ) [ 00000000]
xor_ln1039_5         (xor              ) [ 00000000]
zext_ln218_5         (zext             ) [ 00000000]
xor_ln1039_6         (xor              ) [ 00000000]
zext_ln218_6         (zext             ) [ 00000000]
xor_ln1039_7         (xor              ) [ 00000000]
zext_ln218_7         (zext             ) [ 00000000]
xor_ln1039_8         (xor              ) [ 00000000]
zext_ln218_8         (zext             ) [ 00000000]
xor_ln1039_9         (xor              ) [ 00000000]
zext_ln218_9         (zext             ) [ 00000000]
xor_ln1039_10        (xor              ) [ 00000000]
zext_ln218_10        (zext             ) [ 00000000]
xor_ln1039_11        (xor              ) [ 00000000]
zext_ln218_11        (zext             ) [ 00000000]
xor_ln1039_12        (xor              ) [ 00000000]
zext_ln218_12        (zext             ) [ 00000000]
xor_ln1039_13        (xor              ) [ 00000000]
zext_ln840           (zext             ) [ 00000000]
add_ln840_1          (add              ) [ 00000000]
add_ln840_2          (add              ) [ 00000000]
zext_ln840_1         (zext             ) [ 00000000]
add_ln840_3          (add              ) [ 00000000]
zext_ln840_2         (zext             ) [ 00000000]
add_ln840_4          (add              ) [ 00000000]
zext_ln840_3         (zext             ) [ 00000000]
add_ln840_5          (add              ) [ 00000000]
add_ln840_6          (add              ) [ 01000001]
add_ln840_7          (add              ) [ 00000000]
zext_ln840_5         (zext             ) [ 00000000]
add_ln840_8          (add              ) [ 00000000]
zext_ln840_6         (zext             ) [ 00000000]
add_ln840_9          (add              ) [ 01000001]
add_ln840_10         (add              ) [ 00000000]
zext_ln840_8         (zext             ) [ 00000000]
add_ln840_11         (add              ) [ 00000000]
zext_ln840_9         (zext             ) [ 00000000]
add_ln840_12         (add              ) [ 01000001]
zext_ln840_4         (zext             ) [ 00000000]
zext_ln840_7         (zext             ) [ 00000000]
zext_ln840_10        (zext             ) [ 00000000]
add_ln840_13         (add              ) [ 00000000]
result_V_2           (add              ) [ 00000000]
zext_ln298           (zext             ) [ 00000000]
write_ln298          (write            ) [ 00000000]
br_ln306             (br               ) [ 00000000]
ret_ln308            (ret              ) [ 00000000]
</LifeTime>

<model>

<comp_list>
<comp id="0" class="1000" name="in0_V">
<pin_list>
<pin id="1" dir="1" index="0" bw="1" slack="0"/>
</pin_list>
<bind>
<StgValue><ssdm name="in0_V"/></StgValue>
</bind>
</comp>

<comp id="2" class="1000" name="out_V">
<pin_list>
<pin id="3" dir="1" index="0" bw="1" slack="0"/>
</pin_list>
<bind>
<StgValue><ssdm name="out_V"/></StgValue>
</bind>
</comp>

<comp id="4" class="1000" name="weights_V">
<pin_list>
<pin id="5" dir="1" index="0" bw="1" slack="0"/>
</pin_list>
<bind>
<StgValue><ssdm name="weights_V"/></StgValue>
</bind>
</comp>

<comp id="6" class="1000" name="p_ZL7threshs_0">
<pin_list>
<pin id="7" dir="1" index="0" bw="1" slack="0"/>
</pin_list>
<bind>
<StgValue><ssdm name="p_ZL7threshs_0"/><MemPortTyVec>1 </MemPortTyVec>
</StgValue>
</bind>
</comp>

<comp id="8" class="1000" name="p_ZL7threshs_1">
<pin_list>
<pin id="9" dir="1" index="0" bw="1" slack="0"/>
</pin_list>
<bind>
<StgValue><ssdm name="p_ZL7threshs_1"/><MemPortTyVec>1 </MemPortTyVec>
</StgValue>
</bind>
</comp>

<comp id="10" class="1000" name="p_ZL7threshs_2">
<pin_list>
<pin id="11" dir="1" index="0" bw="1" slack="0"/>
</pin_list>
<bind>
<StgValue><ssdm name="p_ZL7threshs_2"/><MemPortTyVec>1 </MemPortTyVec>
</StgValue>
</bind>
</comp>

<comp id="12" class="1000" name="p_ZL7threshs_3">
<pin_list>
<pin id="13" dir="1" index="0" bw="1" slack="0"/>
</pin_list>
<bind>
<StgValue><ssdm name="p_ZL7threshs_3"/><MemPortTyVec>1 </MemPortTyVec>
</StgValue>
</bind>
</comp>

<comp id="14" class="1000" name="p_ZL7threshs_4">
<pin_list>
<pin id="15" dir="1" index="0" bw="1" slack="0"/>
</pin_list>
<bind>
<StgValue><ssdm name="p_ZL7threshs_4"/><MemPortTyVec>1 </MemPortTyVec>
</StgValue>
</bind>
</comp>

<comp id="16" class="1000" name="p_ZL7threshs_5">
<pin_list>
<pin id="17" dir="1" index="0" bw="1" slack="0"/>
</pin_list>
<bind>
<StgValue><ssdm name="p_ZL7threshs_5"/><MemPortTyVec>1 </MemPortTyVec>
</StgValue>
</bind>
</comp>

<comp id="18" class="1000" name="p_ZL7threshs_6">
<pin_list>
<pin id="19" dir="1" index="0" bw="1" slack="0"/>
</pin_list>
<bind>
<StgValue><ssdm name="p_ZL7threshs_6"/><MemPortTyVec>1 </MemPortTyVec>
</StgValue>
</bind>
</comp>

<comp id="20" class="1000" name="p_ZL7threshs_7">
<pin_list>
<pin id="21" dir="1" index="0" bw="1" slack="0"/>
</pin_list>
<bind>
<StgValue><ssdm name="p_ZL7threshs_7"/><MemPortTyVec>1 </MemPortTyVec>
</StgValue>
</bind>
</comp>

<comp id="22" class="1000" name="p_ZL7threshs_8">
<pin_list>
<pin id="23" dir="1" index="0" bw="1" slack="0"/>
</pin_list>
<bind>
<StgValue><ssdm name="p_ZL7threshs_8"/><MemPortTyVec>1 </MemPortTyVec>
</StgValue>
</bind>
</comp>

<comp id="24" class="1000" name="p_ZL7threshs_9">
<pin_list>
<pin id="25" dir="1" index="0" bw="1" slack="0"/>
</pin_list>
<bind>
<StgValue><ssdm name="p_ZL7threshs_9"/><MemPortTyVec>1 </MemPortTyVec>
</StgValue>
</bind>
</comp>

<comp id="26" class="1000" name="p_ZL7threshs_10">
<pin_list>
<pin id="27" dir="1" index="0" bw="1" slack="0"/>
</pin_list>
<bind>
<StgValue><ssdm name="p_ZL7threshs_10"/><MemPortTyVec>1 </MemPortTyVec>
</StgValue>
</bind>
</comp>

<comp id="28" class="1000" name="p_ZL7threshs_11">
<pin_list>
<pin id="29" dir="1" index="0" bw="1" slack="0"/>
</pin_list>
<bind>
<StgValue><ssdm name="p_ZL7threshs_11"/><MemPortTyVec>1 </MemPortTyVec>
</StgValue>
</bind>
</comp>

<comp id="30" class="1000" name="p_ZL7threshs_12">
<pin_list>
<pin id="31" dir="1" index="0" bw="1" slack="0"/>
</pin_list>
<bind>
<StgValue><ssdm name="p_ZL7threshs_12"/><MemPortTyVec>1 </MemPortTyVec>
</StgValue>
</bind>
</comp>

<comp id="32" class="1000" name="p_ZL7threshs_13">
<pin_list>
<pin id="33" dir="1" index="0" bw="1" slack="0"/>
</pin_list>
<bind>
<StgValue><ssdm name="p_ZL7threshs_13"/><MemPortTyVec>1 </MemPortTyVec>
</StgValue>
</bind>
</comp>

<comp id="34" class="1000" name="p_ZL7threshs_14">
<pin_list>
<pin id="35" dir="1" index="0" bw="1" slack="0"/>
</pin_list>
<bind>
<StgValue><ssdm name="p_ZL7threshs_14"/><MemPortTyVec>1 </MemPortTyVec>
</StgValue>
</bind>
</comp>

<comp id="36" class="1001" name="const_36">
<pin_list>
<pin id="37" dir="1" index="0" bw="1" slack="0"/>
</pin_list>
<bind>
<StgValue><ssdm name=""/></StgValue>
</bind>
</comp>

<comp id="38" class="1001" name="const_38">
<pin_list>
<pin id="39" dir="1" index="0" bw="1" slack="2147483647"/>
</pin_list>
<bind>
<StgValue><ssdm name="_ssdm_op_SpecInterface"/></StgValue>
</bind>
</comp>

<comp id="40" class="1001" name="const_40">
<pin_list>
<pin id="41" dir="1" index="0" bw="1" slack="2147483647"/>
</pin_list>
<bind>
<StgValue><ssdm name="empty_0"/></StgValue>
</bind>
</comp>

<comp id="42" class="1001" name="const_42">
<pin_list>
<pin id="43" dir="1" index="0" bw="1" slack="0"/>
</pin_list>
<bind>
<StgValue><ssdm name=""/></StgValue>
</bind>
</comp>

<comp id="44" class="1001" name="const_44">
<pin_list>
<pin id="45" dir="1" index="0" bw="1" slack="2147483647"/>
</pin_list>
<bind>
<StgValue><ssdm name="empty_1"/></StgValue>
</bind>
</comp>

<comp id="46" class="1001" name="const_46">
<pin_list>
<pin id="47" dir="1" index="0" bw="1" slack="2147483647"/>
</pin_list>
<bind>
<StgValue><ssdm name="empty_2"/></StgValue>
</bind>
</comp>

<comp id="48" class="1001" name="const_48">
<pin_list>
<pin id="49" dir="1" index="0" bw="1" slack="2147483647"/>
</pin_list>
<bind>
<StgValue><ssdm name=""/></StgValue>
</bind>
</comp>

<comp id="50" class="1001" name="const_50">
<pin_list>
<pin id="51" dir="1" index="0" bw="1" slack="0"/>
</pin_list>
<bind>
<StgValue><ssdm name=""/></StgValue>
</bind>
</comp>

<comp id="52" class="1001" name="const_52">
<pin_list>
<pin id="53" dir="1" index="0" bw="1" slack="0"/>
</pin_list>
<bind>
<StgValue><ssdm name=""/></StgValue>
</bind>
</comp>

<comp id="54" class="1001" name="const_54">
<pin_list>
<pin id="55" dir="1" index="0" bw="1" slack="2147483647"/>
</pin_list>
<bind>
<StgValue><ssdm name="_ssdm_op_SpecLoopTripCount"/></StgValue>
</bind>
</comp>

<comp id="56" class="1001" name="const_56">
<pin_list>
<pin id="57" dir="1" index="0" bw="1" slack="2147483647"/>
</pin_list>
<bind>
<StgValue><ssdm name=""/></StgValue>
</bind>
</comp>

<comp id="58" class="1001" name="const_58">
<pin_list>
<pin id="59" dir="1" index="0" bw="1" slack="0"/>
</pin_list>
<bind>
<StgValue><ssdm name=""/></StgValue>
</bind>
</comp>

<comp id="60" class="1001" name="const_60">
<pin_list>
<pin id="61" dir="1" index="0" bw="1" slack="2147483647"/>
</pin_list>
<bind>
<StgValue><ssdm name="_ssdm_op_SpecPipeline"/></StgValue>
</bind>
</comp>

<comp id="62" class="1001" name="const_62">
<pin_list>
<pin id="63" dir="1" index="0" bw="1" slack="2147483647"/>
</pin_list>
<bind>
<StgValue><ssdm name=""/></StgValue>
</bind>
</comp>

<comp id="64" class="1001" name="const_64">
<pin_list>
<pin id="65" dir="1" index="0" bw="1" slack="2147483647"/>
</pin_list>
<bind>
<StgValue><ssdm name="_ssdm_op_SpecLoopName"/></StgValue>
</bind>
</comp>

<comp id="66" class="1001" name="const_66">
<pin_list>
<pin id="67" dir="1" index="0" bw="1" slack="2147483647"/>
</pin_list>
<bind>
<StgValue><ssdm name="empty_5"/></StgValue>
</bind>
</comp>

<comp id="68" class="1001" name="const_68">
<pin_list>
<pin id="69" dir="1" index="0" bw="1" slack="0"/>
</pin_list>
<bind>
<StgValue><ssdm name="_ssdm_op_Mux.ap_auto.144i4.i8"/></StgValue>
</bind>
</comp>

<comp id="70" class="1001" name="const_70">
<pin_list>
<pin id="71" dir="1" index="0" bw="1" slack="0"/>
</pin_list>
<bind>
<StgValue><ssdm name="_ssdm_op_Read.axis.volatile.i8P128A"/></StgValue>
</bind>
</comp>

<comp id="72" class="1001" name="const_72">
<pin_list>
<pin id="73" dir="1" index="0" bw="1" slack="2147483647"/>
</pin_list>
<bind>
<StgValue><ssdm name=""/></StgValue>
</bind>
</comp>

<comp id="74" class="1001" name="const_74">
<pin_list>
<pin id="75" dir="1" index="0" bw="1" slack="2147483647"/>
</pin_list>
<bind>
<StgValue><ssdm name=""/></StgValue>
</bind>
</comp>

<comp id="76" class="1001" name="const_76">
<pin_list>
<pin id="77" dir="1" index="0" bw="1" slack="2147483647"/>
</pin_list>
<bind>
<StgValue><ssdm name=""/></StgValue>
</bind>
</comp>

<comp id="78" class="1001" name="const_78">
<pin_list>
<pin id="79" dir="1" index="0" bw="1" slack="2147483647"/>
</pin_list>
<bind>
<StgValue><ssdm name=""/></StgValue>
</bind>
</comp>

<comp id="80" class="1001" name="const_80">
<pin_list>
<pin id="81" dir="1" index="0" bw="1" slack="2147483647"/>
</pin_list>
<bind>
<StgValue><ssdm name=""/></StgValue>
</bind>
</comp>

<comp id="82" class="1001" name="const_82">
<pin_list>
<pin id="83" dir="1" index="0" bw="1" slack="2147483647"/>
</pin_list>
<bind>
<StgValue><ssdm name=""/></StgValue>
</bind>
</comp>

<comp id="84" class="1001" name="const_84">
<pin_list>
<pin id="85" dir="1" index="0" bw="1" slack="2147483647"/>
</pin_list>
<bind>
<StgValue><ssdm name=""/></StgValue>
</bind>
</comp>

<comp id="86" class="1001" name="const_86">
<pin_list>
<pin id="87" dir="1" index="0" bw="1" slack="2147483647"/>
</pin_list>
<bind>
<StgValue><ssdm name=""/></StgValue>
</bind>
</comp>

<comp id="88" class="1001" name="const_88">
<pin_list>
<pin id="89" dir="1" index="0" bw="1" slack="2147483647"/>
</pin_list>
<bind>
<StgValue><ssdm name=""/></StgValue>
</bind>
</comp>

<comp id="90" class="1001" name="const_90">
<pin_list>
<pin id="91" dir="1" index="0" bw="1" slack="2147483647"/>
</pin_list>
<bind>
<StgValue><ssdm name=""/></StgValue>
</bind>
</comp>

<comp id="92" class="1001" name="const_92">
<pin_list>
<pin id="93" dir="1" index="0" bw="1" slack="2147483647"/>
</pin_list>
<bind>
<StgValue><ssdm name=""/></StgValue>
</bind>
</comp>

<comp id="94" class="1001" name="const_94">
<pin_list>
<pin id="95" dir="1" index="0" bw="1" slack="2147483647"/>
</pin_list>
<bind>
<StgValue><ssdm name=""/></StgValue>
</bind>
</comp>

<comp id="96" class="1001" name="const_96">
<pin_list>
<pin id="97" dir="1" index="0" bw="1" slack="2147483647"/>
</pin_list>
<bind>
<StgValue><ssdm name=""/></StgValue>
</bind>
</comp>

<comp id="98" class="1001" name="const_98">
<pin_list>
<pin id="99" dir="1" index="0" bw="1" slack="2147483647"/>
</pin_list>
<bind>
<StgValue><ssdm name=""/></StgValue>
</bind>
</comp>

<comp id="100" class="1001" name="const_100">
<pin_list>
<pin id="101" dir="1" index="0" bw="1" slack="2147483647"/>
</pin_list>
<bind>
<StgValue><ssdm name=""/></StgValue>
</bind>
</comp>

<comp id="102" class="1001" name="const_102">
<pin_list>
<pin id="103" dir="1" index="0" bw="1" slack="2147483647"/>
</pin_list>
<bind>
<StgValue><ssdm name=""/></StgValue>
</bind>
</comp>

<comp id="104" class="1001" name="const_104">
<pin_list>
<pin id="105" dir="1" index="0" bw="1" slack="2147483647"/>
</pin_list>
<bind>
<StgValue><ssdm name=""/></StgValue>
</bind>
</comp>

<comp id="106" class="1001" name="const_106">
<pin_list>
<pin id="107" dir="1" index="0" bw="1" slack="2147483647"/>
</pin_list>
<bind>
<StgValue><ssdm name=""/></StgValue>
</bind>
</comp>

<comp id="108" class="1001" name="const_108">
<pin_list>
<pin id="109" dir="1" index="0" bw="1" slack="2147483647"/>
</pin_list>
<bind>
<StgValue><ssdm name=""/></StgValue>
</bind>
</comp>

<comp id="110" class="1001" name="const_110">
<pin_list>
<pin id="111" dir="1" index="0" bw="1" slack="2147483647"/>
</pin_list>
<bind>
<StgValue><ssdm name=""/></StgValue>
</bind>
</comp>

<comp id="112" class="1001" name="const_112">
<pin_list>
<pin id="113" dir="1" index="0" bw="1" slack="2147483647"/>
</pin_list>
<bind>
<StgValue><ssdm name=""/></StgValue>
</bind>
</comp>

<comp id="114" class="1001" name="const_114">
<pin_list>
<pin id="115" dir="1" index="0" bw="1" slack="2147483647"/>
</pin_list>
<bind>
<StgValue><ssdm name=""/></StgValue>
</bind>
</comp>

<comp id="116" class="1001" name="const_116">
<pin_list>
<pin id="117" dir="1" index="0" bw="1" slack="2147483647"/>
</pin_list>
<bind>
<StgValue><ssdm name=""/></StgValue>
</bind>
</comp>

<comp id="118" class="1001" name="const_118">
<pin_list>
<pin id="119" dir="1" index="0" bw="1" slack="2147483647"/>
</pin_list>
<bind>
<StgValue><ssdm name=""/></StgValue>
</bind>
</comp>

<comp id="120" class="1001" name="const_120">
<pin_list>
<pin id="121" dir="1" index="0" bw="1" slack="2147483647"/>
</pin_list>
<bind>
<StgValue><ssdm name=""/></StgValue>
</bind>
</comp>

<comp id="122" class="1001" name="const_122">
<pin_list>
<pin id="123" dir="1" index="0" bw="1" slack="2147483647"/>
</pin_list>
<bind>
<StgValue><ssdm name=""/></StgValue>
</bind>
</comp>

<comp id="124" class="1001" name="const_124">
<pin_list>
<pin id="125" dir="1" index="0" bw="1" slack="2147483647"/>
</pin_list>
<bind>
<StgValue><ssdm name=""/></StgValue>
</bind>
</comp>

<comp id="126" class="1001" name="const_126">
<pin_list>
<pin id="127" dir="1" index="0" bw="1" slack="2147483647"/>
</pin_list>
<bind>
<StgValue><ssdm name=""/></StgValue>
</bind>
</comp>

<comp id="128" class="1001" name="const_128">
<pin_list>
<pin id="129" dir="1" index="0" bw="1" slack="2147483647"/>
</pin_list>
<bind>
<StgValue><ssdm name=""/></StgValue>
</bind>
</comp>

<comp id="130" class="1001" name="const_130">
<pin_list>
<pin id="131" dir="1" index="0" bw="1" slack="2147483647"/>
</pin_list>
<bind>
<StgValue><ssdm name=""/></StgValue>
</bind>
</comp>

<comp id="132" class="1001" name="const_132">
<pin_list>
<pin id="133" dir="1" index="0" bw="1" slack="2147483647"/>
</pin_list>
<bind>
<StgValue><ssdm name=""/></StgValue>
</bind>
</comp>

<comp id="134" class="1001" name="const_134">
<pin_list>
<pin id="135" dir="1" index="0" bw="1" slack="2147483647"/>
</pin_list>
<bind>
<StgValue><ssdm name=""/></StgValue>
</bind>
</comp>

<comp id="136" class="1001" name="const_136">
<pin_list>
<pin id="137" dir="1" index="0" bw="1" slack="2147483647"/>
</pin_list>
<bind>
<StgValue><ssdm name=""/></StgValue>
</bind>
</comp>

<comp id="138" class="1001" name="const_138">
<pin_list>
<pin id="139" dir="1" index="0" bw="1" slack="2147483647"/>
</pin_list>
<bind>
<StgValue><ssdm name=""/></StgValue>
</bind>
</comp>

<comp id="140" class="1001" name="const_140">
<pin_list>
<pin id="141" dir="1" index="0" bw="1" slack="2147483647"/>
</pin_list>
<bind>
<StgValue><ssdm name=""/></StgValue>
</bind>
</comp>

<comp id="142" class="1001" name="const_142">
<pin_list>
<pin id="143" dir="1" index="0" bw="1" slack="2147483647"/>
</pin_list>
<bind>
<StgValue><ssdm name=""/></StgValue>
</bind>
</comp>

<comp id="144" class="1001" name="const_144">
<pin_list>
<pin id="145" dir="1" index="0" bw="1" slack="2147483647"/>
</pin_list>
<bind>
<StgValue><ssdm name=""/></StgValue>
</bind>
</comp>

<comp id="146" class="1001" name="const_146">
<pin_list>
<pin id="147" dir="1" index="0" bw="1" slack="2147483647"/>
</pin_list>
<bind>
<StgValue><ssdm name=""/></StgValue>
</bind>
</comp>

<comp id="148" class="1001" name="const_148">
<pin_list>
<pin id="149" dir="1" index="0" bw="1" slack="2147483647"/>
</pin_list>
<bind>
<StgValue><ssdm name=""/></StgValue>
</bind>
</comp>

<comp id="150" class="1001" name="const_150">
<pin_list>
<pin id="151" dir="1" index="0" bw="1" slack="2147483647"/>
</pin_list>
<bind>
<StgValue><ssdm name=""/></StgValue>
</bind>
</comp>

<comp id="152" class="1001" name="const_152">
<pin_list>
<pin id="153" dir="1" index="0" bw="1" slack="2147483647"/>
</pin_list>
<bind>
<StgValue><ssdm name=""/></StgValue>
</bind>
</comp>

<comp id="154" class="1001" name="const_154">
<pin_list>
<pin id="155" dir="1" index="0" bw="1" slack="2147483647"/>
</pin_list>
<bind>
<StgValue><ssdm name=""/></StgValue>
</bind>
</comp>

<comp id="156" class="1001" name="const_156">
<pin_list>
<pin id="157" dir="1" index="0" bw="1" slack="2147483647"/>
</pin_list>
<bind>
<StgValue><ssdm name=""/></StgValue>
</bind>
</comp>

<comp id="158" class="1001" name="const_158">
<pin_list>
<pin id="159" dir="1" index="0" bw="1" slack="2147483647"/>
</pin_list>
<bind>
<StgValue><ssdm name=""/></StgValue>
</bind>
</comp>

<comp id="160" class="1001" name="const_160">
<pin_list>
<pin id="161" dir="1" index="0" bw="1" slack="2147483647"/>
</pin_list>
<bind>
<StgValue><ssdm name=""/></StgValue>
</bind>
</comp>

<comp id="162" class="1001" name="const_162">
<pin_list>
<pin id="163" dir="1" index="0" bw="1" slack="2147483647"/>
</pin_list>
<bind>
<StgValue><ssdm name=""/></StgValue>
</bind>
</comp>

<comp id="164" class="1001" name="const_164">
<pin_list>
<pin id="165" dir="1" index="0" bw="1" slack="2147483647"/>
</pin_list>
<bind>
<StgValue><ssdm name=""/></StgValue>
</bind>
</comp>

<comp id="166" class="1001" name="const_166">
<pin_list>
<pin id="167" dir="1" index="0" bw="1" slack="2147483647"/>
</pin_list>
<bind>
<StgValue><ssdm name=""/></StgValue>
</bind>
</comp>

<comp id="168" class="1001" name="const_168">
<pin_list>
<pin id="169" dir="1" index="0" bw="1" slack="2147483647"/>
</pin_list>
<bind>
<StgValue><ssdm name=""/></StgValue>
</bind>
</comp>

<comp id="170" class="1001" name="const_170">
<pin_list>
<pin id="171" dir="1" index="0" bw="1" slack="2147483647"/>
</pin_list>
<bind>
<StgValue><ssdm name=""/></StgValue>
</bind>
</comp>

<comp id="172" class="1001" name="const_172">
<pin_list>
<pin id="173" dir="1" index="0" bw="1" slack="2147483647"/>
</pin_list>
<bind>
<StgValue><ssdm name=""/></StgValue>
</bind>
</comp>

<comp id="174" class="1001" name="const_174">
<pin_list>
<pin id="175" dir="1" index="0" bw="1" slack="2147483647"/>
</pin_list>
<bind>
<StgValue><ssdm name=""/></StgValue>
</bind>
</comp>

<comp id="176" class="1001" name="const_176">
<pin_list>
<pin id="177" dir="1" index="0" bw="1" slack="2147483647"/>
</pin_list>
<bind>
<StgValue><ssdm name=""/></StgValue>
</bind>
</comp>

<comp id="178" class="1001" name="const_178">
<pin_list>
<pin id="179" dir="1" index="0" bw="1" slack="2147483647"/>
</pin_list>
<bind>
<StgValue><ssdm name=""/></StgValue>
</bind>
</comp>

<comp id="180" class="1001" name="const_180">
<pin_list>
<pin id="181" dir="1" index="0" bw="1" slack="2147483647"/>
</pin_list>
<bind>
<StgValue><ssdm name=""/></StgValue>
</bind>
</comp>

<comp id="182" class="1001" name="const_182">
<pin_list>
<pin id="183" dir="1" index="0" bw="1" slack="2147483647"/>
</pin_list>
<bind>
<StgValue><ssdm name=""/></StgValue>
</bind>
</comp>

<comp id="184" class="1001" name="const_184">
<pin_list>
<pin id="185" dir="1" index="0" bw="1" slack="2147483647"/>
</pin_list>
<bind>
<StgValue><ssdm name=""/></StgValue>
</bind>
</comp>

<comp id="186" class="1001" name="const_186">
<pin_list>
<pin id="187" dir="1" index="0" bw="1" slack="2147483647"/>
</pin_list>
<bind>
<StgValue><ssdm name=""/></StgValue>
</bind>
</comp>

<comp id="188" class="1001" name="const_188">
<pin_list>
<pin id="189" dir="1" index="0" bw="1" slack="2147483647"/>
</pin_list>
<bind>
<StgValue><ssdm name=""/></StgValue>
</bind>
</comp>

<comp id="190" class="1001" name="const_190">
<pin_list>
<pin id="191" dir="1" index="0" bw="1" slack="2147483647"/>
</pin_list>
<bind>
<StgValue><ssdm name=""/></StgValue>
</bind>
</comp>

<comp id="192" class="1001" name="const_192">
<pin_list>
<pin id="193" dir="1" index="0" bw="1" slack="2147483647"/>
</pin_list>
<bind>
<StgValue><ssdm name=""/></StgValue>
</bind>
</comp>

<comp id="194" class="1001" name="const_194">
<pin_list>
<pin id="195" dir="1" index="0" bw="1" slack="2147483647"/>
</pin_list>
<bind>
<StgValue><ssdm name=""/></StgValue>
</bind>
</comp>

<comp id="196" class="1001" name="const_196">
<pin_list>
<pin id="197" dir="1" index="0" bw="1" slack="2147483647"/>
</pin_list>
<bind>
<StgValue><ssdm name=""/></StgValue>
</bind>
</comp>

<comp id="198" class="1001" name="const_198">
<pin_list>
<pin id="199" dir="1" index="0" bw="1" slack="2147483647"/>
</pin_list>
<bind>
<StgValue><ssdm name=""/></StgValue>
</bind>
</comp>

<comp id="200" class="1001" name="const_200">
<pin_list>
<pin id="201" dir="1" index="0" bw="1" slack="2147483647"/>
</pin_list>
<bind>
<StgValue><ssdm name=""/></StgValue>
</bind>
</comp>

<comp id="202" class="1001" name="const_202">
<pin_list>
<pin id="203" dir="1" index="0" bw="1" slack="2147483647"/>
</pin_list>
<bind>
<StgValue><ssdm name=""/></StgValue>
</bind>
</comp>

<comp id="204" class="1001" name="const_204">
<pin_list>
<pin id="205" dir="1" index="0" bw="1" slack="2147483647"/>
</pin_list>
<bind>
<StgValue><ssdm name=""/></StgValue>
</bind>
</comp>

<comp id="206" class="1001" name="const_206">
<pin_list>
<pin id="207" dir="1" index="0" bw="1" slack="2147483647"/>
</pin_list>
<bind>
<StgValue><ssdm name=""/></StgValue>
</bind>
</comp>

<comp id="208" class="1001" name="const_208">
<pin_list>
<pin id="209" dir="1" index="0" bw="1" slack="2147483647"/>
</pin_list>
<bind>
<StgValue><ssdm name=""/></StgValue>
</bind>
</comp>

<comp id="210" class="1001" name="const_210">
<pin_list>
<pin id="211" dir="1" index="0" bw="1" slack="2147483647"/>
</pin_list>
<bind>
<StgValue><ssdm name=""/></StgValue>
</bind>
</comp>

<comp id="212" class="1001" name="const_212">
<pin_list>
<pin id="213" dir="1" index="0" bw="1" slack="2147483647"/>
</pin_list>
<bind>
<StgValue><ssdm name=""/></StgValue>
</bind>
</comp>

<comp id="214" class="1001" name="const_214">
<pin_list>
<pin id="215" dir="1" index="0" bw="1" slack="2147483647"/>
</pin_list>
<bind>
<StgValue><ssdm name=""/></StgValue>
</bind>
</comp>

<comp id="216" class="1001" name="const_216">
<pin_list>
<pin id="217" dir="1" index="0" bw="1" slack="2147483647"/>
</pin_list>
<bind>
<StgValue><ssdm name=""/></StgValue>
</bind>
</comp>

<comp id="218" class="1001" name="const_218">
<pin_list>
<pin id="219" dir="1" index="0" bw="1" slack="2147483647"/>
</pin_list>
<bind>
<StgValue><ssdm name=""/></StgValue>
</bind>
</comp>

<comp id="220" class="1001" name="const_220">
<pin_list>
<pin id="221" dir="1" index="0" bw="1" slack="2147483647"/>
</pin_list>
<bind>
<StgValue><ssdm name=""/></StgValue>
</bind>
</comp>

<comp id="222" class="1001" name="const_222">
<pin_list>
<pin id="223" dir="1" index="0" bw="1" slack="2147483647"/>
</pin_list>
<bind>
<StgValue><ssdm name=""/></StgValue>
</bind>
</comp>

<comp id="224" class="1001" name="const_224">
<pin_list>
<pin id="225" dir="1" index="0" bw="1" slack="2147483647"/>
</pin_list>
<bind>
<StgValue><ssdm name=""/></StgValue>
</bind>
</comp>

<comp id="226" class="1001" name="const_226">
<pin_list>
<pin id="227" dir="1" index="0" bw="1" slack="2147483647"/>
</pin_list>
<bind>
<StgValue><ssdm name=""/></StgValue>
</bind>
</comp>

<comp id="228" class="1001" name="const_228">
<pin_list>
<pin id="229" dir="1" index="0" bw="1" slack="2147483647"/>
</pin_list>
<bind>
<StgValue><ssdm name=""/></StgValue>
</bind>
</comp>

<comp id="230" class="1001" name="const_230">
<pin_list>
<pin id="231" dir="1" index="0" bw="1" slack="2147483647"/>
</pin_list>
<bind>
<StgValue><ssdm name=""/></StgValue>
</bind>
</comp>

<comp id="232" class="1001" name="const_232">
<pin_list>
<pin id="233" dir="1" index="0" bw="1" slack="2147483647"/>
</pin_list>
<bind>
<StgValue><ssdm name=""/></StgValue>
</bind>
</comp>

<comp id="234" class="1001" name="const_234">
<pin_list>
<pin id="235" dir="1" index="0" bw="1" slack="2147483647"/>
</pin_list>
<bind>
<StgValue><ssdm name=""/></StgValue>
</bind>
</comp>

<comp id="236" class="1001" name="const_236">
<pin_list>
<pin id="237" dir="1" index="0" bw="1" slack="2147483647"/>
</pin_list>
<bind>
<StgValue><ssdm name=""/></StgValue>
</bind>
</comp>

<comp id="238" class="1001" name="const_238">
<pin_list>
<pin id="239" dir="1" index="0" bw="1" slack="2147483647"/>
</pin_list>
<bind>
<StgValue><ssdm name=""/></StgValue>
</bind>
</comp>

<comp id="240" class="1001" name="const_240">
<pin_list>
<pin id="241" dir="1" index="0" bw="1" slack="2147483647"/>
</pin_list>
<bind>
<StgValue><ssdm name=""/></StgValue>
</bind>
</comp>

<comp id="242" class="1001" name="const_242">
<pin_list>
<pin id="243" dir="1" index="0" bw="1" slack="2147483647"/>
</pin_list>
<bind>
<StgValue><ssdm name=""/></StgValue>
</bind>
</comp>

<comp id="244" class="1001" name="const_244">
<pin_list>
<pin id="245" dir="1" index="0" bw="1" slack="2147483647"/>
</pin_list>
<bind>
<StgValue><ssdm name=""/></StgValue>
</bind>
</comp>

<comp id="246" class="1001" name="const_246">
<pin_list>
<pin id="247" dir="1" index="0" bw="1" slack="2147483647"/>
</pin_list>
<bind>
<StgValue><ssdm name=""/></StgValue>
</bind>
</comp>

<comp id="248" class="1001" name="const_248">
<pin_list>
<pin id="249" dir="1" index="0" bw="1" slack="2147483647"/>
</pin_list>
<bind>
<StgValue><ssdm name=""/></StgValue>
</bind>
</comp>

<comp id="250" class="1001" name="const_250">
<pin_list>
<pin id="251" dir="1" index="0" bw="1" slack="2147483647"/>
</pin_list>
<bind>
<StgValue><ssdm name=""/></StgValue>
</bind>
</comp>

<comp id="252" class="1001" name="const_252">
<pin_list>
<pin id="253" dir="1" index="0" bw="1" slack="2147483647"/>
</pin_list>
<bind>
<StgValue><ssdm name=""/></StgValue>
</bind>
</comp>

<comp id="254" class="1001" name="const_254">
<pin_list>
<pin id="255" dir="1" index="0" bw="1" slack="2147483647"/>
</pin_list>
<bind>
<StgValue><ssdm name=""/></StgValue>
</bind>
</comp>

<comp id="256" class="1001" name="const_256">
<pin_list>
<pin id="257" dir="1" index="0" bw="1" slack="2147483647"/>
</pin_list>
<bind>
<StgValue><ssdm name=""/></StgValue>
</bind>
</comp>

<comp id="258" class="1001" name="const_258">
<pin_list>
<pin id="259" dir="1" index="0" bw="1" slack="2147483647"/>
</pin_list>
<bind>
<StgValue><ssdm name=""/></StgValue>
</bind>
</comp>

<comp id="260" class="1001" name="const_260">
<pin_list>
<pin id="261" dir="1" index="0" bw="1" slack="2147483647"/>
</pin_list>
<bind>
<StgValue><ssdm name=""/></StgValue>
</bind>
</comp>

<comp id="262" class="1001" name="const_262">
<pin_list>
<pin id="263" dir="1" index="0" bw="1" slack="2147483647"/>
</pin_list>
<bind>
<StgValue><ssdm name=""/></StgValue>
</bind>
</comp>

<comp id="264" class="1001" name="const_264">
<pin_list>
<pin id="265" dir="1" index="0" bw="1" slack="2147483647"/>
</pin_list>
<bind>
<StgValue><ssdm name=""/></StgValue>
</bind>
</comp>

<comp id="266" class="1001" name="const_266">
<pin_list>
<pin id="267" dir="1" index="0" bw="1" slack="2147483647"/>
</pin_list>
<bind>
<StgValue><ssdm name=""/></StgValue>
</bind>
</comp>

<comp id="268" class="1001" name="const_268">
<pin_list>
<pin id="269" dir="1" index="0" bw="1" slack="2147483647"/>
</pin_list>
<bind>
<StgValue><ssdm name=""/></StgValue>
</bind>
</comp>

<comp id="270" class="1001" name="const_270">
<pin_list>
<pin id="271" dir="1" index="0" bw="1" slack="2147483647"/>
</pin_list>
<bind>
<StgValue><ssdm name=""/></StgValue>
</bind>
</comp>

<comp id="272" class="1001" name="const_272">
<pin_list>
<pin id="273" dir="1" index="0" bw="1" slack="2147483647"/>
</pin_list>
<bind>
<StgValue><ssdm name=""/></StgValue>
</bind>
</comp>

<comp id="274" class="1001" name="const_274">
<pin_list>
<pin id="275" dir="1" index="0" bw="1" slack="2147483647"/>
</pin_list>
<bind>
<StgValue><ssdm name=""/></StgValue>
</bind>
</comp>

<comp id="276" class="1001" name="const_276">
<pin_list>
<pin id="277" dir="1" index="0" bw="1" slack="2147483647"/>
</pin_list>
<bind>
<StgValue><ssdm name=""/></StgValue>
</bind>
</comp>

<comp id="278" class="1001" name="const_278">
<pin_list>
<pin id="279" dir="1" index="0" bw="1" slack="2147483647"/>
</pin_list>
<bind>
<StgValue><ssdm name=""/></StgValue>
</bind>
</comp>

<comp id="280" class="1001" name="const_280">
<pin_list>
<pin id="281" dir="1" index="0" bw="1" slack="2147483647"/>
</pin_list>
<bind>
<StgValue><ssdm name=""/></StgValue>
</bind>
</comp>

<comp id="282" class="1001" name="const_282">
<pin_list>
<pin id="283" dir="1" index="0" bw="1" slack="2147483647"/>
</pin_list>
<bind>
<StgValue><ssdm name=""/></StgValue>
</bind>
</comp>

<comp id="284" class="1001" name="const_284">
<pin_list>
<pin id="285" dir="1" index="0" bw="1" slack="2147483647"/>
</pin_list>
<bind>
<StgValue><ssdm name=""/></StgValue>
</bind>
</comp>

<comp id="286" class="1001" name="const_286">
<pin_list>
<pin id="287" dir="1" index="0" bw="1" slack="2147483647"/>
</pin_list>
<bind>
<StgValue><ssdm name=""/></StgValue>
</bind>
</comp>

<comp id="288" class="1001" name="const_288">
<pin_list>
<pin id="289" dir="1" index="0" bw="1" slack="2147483647"/>
</pin_list>
<bind>
<StgValue><ssdm name=""/></StgValue>
</bind>
</comp>

<comp id="290" class="1001" name="const_290">
<pin_list>
<pin id="291" dir="1" index="0" bw="1" slack="2147483647"/>
</pin_list>
<bind>
<StgValue><ssdm name=""/></StgValue>
</bind>
</comp>

<comp id="292" class="1001" name="const_292">
<pin_list>
<pin id="293" dir="1" index="0" bw="1" slack="2147483647"/>
</pin_list>
<bind>
<StgValue><ssdm name=""/></StgValue>
</bind>
</comp>

<comp id="294" class="1001" name="const_294">
<pin_list>
<pin id="295" dir="1" index="0" bw="1" slack="2147483647"/>
</pin_list>
<bind>
<StgValue><ssdm name=""/></StgValue>
</bind>
</comp>

<comp id="296" class="1001" name="const_296">
<pin_list>
<pin id="297" dir="1" index="0" bw="1" slack="2147483647"/>
</pin_list>
<bind>
<StgValue><ssdm name=""/></StgValue>
</bind>
</comp>

<comp id="298" class="1001" name="const_298">
<pin_list>
<pin id="299" dir="1" index="0" bw="1" slack="2147483647"/>
</pin_list>
<bind>
<StgValue><ssdm name=""/></StgValue>
</bind>
</comp>

<comp id="300" class="1001" name="const_300">
<pin_list>
<pin id="301" dir="1" index="0" bw="1" slack="2147483647"/>
</pin_list>
<bind>
<StgValue><ssdm name=""/></StgValue>
</bind>
</comp>

<comp id="302" class="1001" name="const_302">
<pin_list>
<pin id="303" dir="1" index="0" bw="1" slack="2147483647"/>
</pin_list>
<bind>
<StgValue><ssdm name=""/></StgValue>
</bind>
</comp>

<comp id="304" class="1001" name="const_304">
<pin_list>
<pin id="305" dir="1" index="0" bw="1" slack="2147483647"/>
</pin_list>
<bind>
<StgValue><ssdm name=""/></StgValue>
</bind>
</comp>

<comp id="306" class="1001" name="const_306">
<pin_list>
<pin id="307" dir="1" index="0" bw="1" slack="2147483647"/>
</pin_list>
<bind>
<StgValue><ssdm name=""/></StgValue>
</bind>
</comp>

<comp id="308" class="1001" name="const_308">
<pin_list>
<pin id="309" dir="1" index="0" bw="1" slack="2147483647"/>
</pin_list>
<bind>
<StgValue><ssdm name=""/></StgValue>
</bind>
</comp>

<comp id="310" class="1001" name="const_310">
<pin_list>
<pin id="311" dir="1" index="0" bw="1" slack="2147483647"/>
</pin_list>
<bind>
<StgValue><ssdm name=""/></StgValue>
</bind>
</comp>

<comp id="312" class="1001" name="const_312">
<pin_list>
<pin id="313" dir="1" index="0" bw="1" slack="2147483647"/>
</pin_list>
<bind>
<StgValue><ssdm name=""/></StgValue>
</bind>
</comp>

<comp id="314" class="1001" name="const_314">
<pin_list>
<pin id="315" dir="1" index="0" bw="1" slack="2147483647"/>
</pin_list>
<bind>
<StgValue><ssdm name=""/></StgValue>
</bind>
</comp>

<comp id="316" class="1001" name="const_316">
<pin_list>
<pin id="317" dir="1" index="0" bw="1" slack="2147483647"/>
</pin_list>
<bind>
<StgValue><ssdm name=""/></StgValue>
</bind>
</comp>

<comp id="318" class="1001" name="const_318">
<pin_list>
<pin id="319" dir="1" index="0" bw="1" slack="2147483647"/>
</pin_list>
<bind>
<StgValue><ssdm name=""/></StgValue>
</bind>
</comp>

<comp id="320" class="1001" name="const_320">
<pin_list>
<pin id="321" dir="1" index="0" bw="1" slack="2147483647"/>
</pin_list>
<bind>
<StgValue><ssdm name=""/></StgValue>
</bind>
</comp>

<comp id="322" class="1001" name="const_322">
<pin_list>
<pin id="323" dir="1" index="0" bw="1" slack="2147483647"/>
</pin_list>
<bind>
<StgValue><ssdm name=""/></StgValue>
</bind>
</comp>

<comp id="324" class="1001" name="const_324">
<pin_list>
<pin id="325" dir="1" index="0" bw="1" slack="2147483647"/>
</pin_list>
<bind>
<StgValue><ssdm name=""/></StgValue>
</bind>
</comp>

<comp id="326" class="1001" name="const_326">
<pin_list>
<pin id="327" dir="1" index="0" bw="1" slack="2147483647"/>
</pin_list>
<bind>
<StgValue><ssdm name=""/></StgValue>
</bind>
</comp>

<comp id="328" class="1001" name="const_328">
<pin_list>
<pin id="329" dir="1" index="0" bw="1" slack="2147483647"/>
</pin_list>
<bind>
<StgValue><ssdm name=""/></StgValue>
</bind>
</comp>

<comp id="330" class="1001" name="const_330">
<pin_list>
<pin id="331" dir="1" index="0" bw="1" slack="2147483647"/>
</pin_list>
<bind>
<StgValue><ssdm name=""/></StgValue>
</bind>
</comp>

<comp id="332" class="1001" name="const_332">
<pin_list>
<pin id="333" dir="1" index="0" bw="1" slack="2147483647"/>
</pin_list>
<bind>
<StgValue><ssdm name=""/></StgValue>
</bind>
</comp>

<comp id="334" class="1001" name="const_334">
<pin_list>
<pin id="335" dir="1" index="0" bw="1" slack="2147483647"/>
</pin_list>
<bind>
<StgValue><ssdm name=""/></StgValue>
</bind>
</comp>

<comp id="336" class="1001" name="const_336">
<pin_list>
<pin id="337" dir="1" index="0" bw="1" slack="2147483647"/>
</pin_list>
<bind>
<StgValue><ssdm name=""/></StgValue>
</bind>
</comp>

<comp id="338" class="1001" name="const_338">
<pin_list>
<pin id="339" dir="1" index="0" bw="1" slack="2147483647"/>
</pin_list>
<bind>
<StgValue><ssdm name=""/></StgValue>
</bind>
</comp>

<comp id="340" class="1001" name="const_340">
<pin_list>
<pin id="341" dir="1" index="0" bw="1" slack="2147483647"/>
</pin_list>
<bind>
<StgValue><ssdm name=""/></StgValue>
</bind>
</comp>

<comp id="342" class="1001" name="const_342">
<pin_list>
<pin id="343" dir="1" index="0" bw="1" slack="2147483647"/>
</pin_list>
<bind>
<StgValue><ssdm name=""/></StgValue>
</bind>
</comp>

<comp id="344" class="1001" name="const_344">
<pin_list>
<pin id="345" dir="1" index="0" bw="1" slack="2147483647"/>
</pin_list>
<bind>
<StgValue><ssdm name=""/></StgValue>
</bind>
</comp>

<comp id="346" class="1001" name="const_346">
<pin_list>
<pin id="347" dir="1" index="0" bw="1" slack="2147483647"/>
</pin_list>
<bind>
<StgValue><ssdm name=""/></StgValue>
</bind>
</comp>

<comp id="348" class="1001" name="const_348">
<pin_list>
<pin id="349" dir="1" index="0" bw="1" slack="2147483647"/>
</pin_list>
<bind>
<StgValue><ssdm name=""/></StgValue>
</bind>
</comp>

<comp id="350" class="1001" name="const_350">
<pin_list>
<pin id="351" dir="1" index="0" bw="1" slack="2147483647"/>
</pin_list>
<bind>
<StgValue><ssdm name=""/></StgValue>
</bind>
</comp>

<comp id="352" class="1001" name="const_352">
<pin_list>
<pin id="353" dir="1" index="0" bw="1" slack="2147483647"/>
</pin_list>
<bind>
<StgValue><ssdm name=""/></StgValue>
</bind>
</comp>

<comp id="354" class="1001" name="const_354">
<pin_list>
<pin id="355" dir="1" index="0" bw="1" slack="2147483647"/>
</pin_list>
<bind>
<StgValue><ssdm name=""/></StgValue>
</bind>
</comp>

<comp id="356" class="1001" name="const_356">
<pin_list>
<pin id="357" dir="1" index="0" bw="1" slack="2147483647"/>
</pin_list>
<bind>
<StgValue><ssdm name=""/></StgValue>
</bind>
</comp>

<comp id="358" class="1001" name="const_358">
<pin_list>
<pin id="359" dir="1" index="0" bw="1" slack="0"/>
</pin_list>
<bind>
<StgValue><ssdm name=""/></StgValue>
</bind>
</comp>

<comp id="360" class="1001" name="const_360">
<pin_list>
<pin id="361" dir="1" index="0" bw="1" slack="0"/>
</pin_list>
<bind>
<StgValue><ssdm name=""/></StgValue>
</bind>
</comp>

<comp id="362" class="1001" name="const_362">
<pin_list>
<pin id="363" dir="1" index="0" bw="1" slack="0"/>
</pin_list>
<bind>
<StgValue><ssdm name=""/></StgValue>
</bind>
</comp>

<comp id="364" class="1001" name="const_364">
<pin_list>
<pin id="365" dir="1" index="0" bw="1" slack="2147483647"/>
</pin_list>
<bind>
<StgValue><ssdm name="_ssdm_op_SpecFUCore"/></StgValue>
</bind>
</comp>

<comp id="366" class="1001" name="const_366">
<pin_list>
<pin id="367" dir="1" index="0" bw="1" slack="2147483647"/>
</pin_list>
<bind>
<StgValue><ssdm name=""/></StgValue>
</bind>
</comp>

<comp id="368" class="1001" name="const_368">
<pin_list>
<pin id="369" dir="1" index="0" bw="1" slack="2147483647"/>
</pin_list>
<bind>
<StgValue><ssdm name=""/></StgValue>
</bind>
</comp>

<comp id="370" class="1001" name="const_370">
<pin_list>
<pin id="371" dir="1" index="0" bw="1" slack="2147483647"/>
</pin_list>
<bind>
<StgValue><ssdm name=""/></StgValue>
</bind>
</comp>

<comp id="372" class="1001" name="const_372">
<pin_list>
<pin id="373" dir="1" index="0" bw="1" slack="0"/>
</pin_list>
<bind>
<StgValue><ssdm name=""/></StgValue>
</bind>
</comp>

<comp id="374" class="1001" name="const_374">
<pin_list>
<pin id="375" dir="1" index="0" bw="1" slack="2147483647"/>
</pin_list>
<bind>
<StgValue><ssdm name="_ssdm_op_SpecRegionBegin"/></StgValue>
</bind>
</comp>

<comp id="376" class="1001" name="const_376">
<pin_list>
<pin id="377" dir="1" index="0" bw="1" slack="2147483647"/>
</pin_list>
<bind>
<StgValue><ssdm name="empty"/></StgValue>
</bind>
</comp>

<comp id="378" class="1001" name="const_378">
<pin_list>
<pin id="379" dir="1" index="0" bw="1" slack="2147483647"/>
</pin_list>
<bind>
<StgValue><ssdm name="_ssdm_op_SpecRegionEnd"/></StgValue>
</bind>
</comp>

<comp id="380" class="1001" name="const_380">
<pin_list>
<pin id="381" dir="1" index="0" bw="1" slack="0"/>
</pin_list>
<bind>
<StgValue><ssdm name=""/></StgValue>
</bind>
</comp>

<comp id="382" class="1001" name="const_382">
<pin_list>
<pin id="383" dir="1" index="0" bw="1" slack="0"/>
</pin_list>
<bind>
<StgValue><ssdm name="_ssdm_op_Write.axis.volatile.i8P128A"/></StgValue>
</bind>
</comp>

<comp id="384" class="1004" name="sf_fu_384">
<pin_list>
<pin id="385" dir="0" index="0" bw="1" slack="0"/>
<pin id="386" dir="1" index="1" bw="32" slack="0"/>
</pin_list>
<bind>
<opcode="alloca(26) " fcode="alloca"/>
<opset="sf/1 "/>
</bind>
</comp>

<comp id="388" class="1004" name="i_fu_388">
<pin_list>
<pin id="389" dir="0" index="0" bw="1" slack="0"/>
<pin id="390" dir="1" index="1" bw="23" slack="0"/>
</pin_list>
<bind>
<opcode="alloca(26) " fcode="alloca"/>
<opset="i/1 "/>
</bind>
</comp>

<comp id="392" class="1004" name="add_i4_i338_fu_392">
<pin_list>
<pin id="393" dir="0" index="0" bw="1" slack="0"/>
<pin id="394" dir="1" index="1" bw="13" slack="3"/>
</pin_list>
<bind>
<opcode="alloca(26) " fcode="alloca"/>
<opset="add_i4_i338/1 "/>
</bind>
</comp>

<comp id="396" class="1004" name="inputBuf_V_fu_396">
<pin_list>
<pin id="397" dir="0" index="0" bw="1" slack="0"/>
<pin id="398" dir="1" index="1" bw="4" slack="0"/>
</pin_list>
<bind>
<opcode="alloca(26) " fcode="alloca"/>
<opset="inputBuf_V/1 "/>
</bind>
</comp>

<comp id="400" class="1004" name="inputBuf_V_1_fu_400">
<pin_list>
<pin id="401" dir="0" index="0" bw="1" slack="0"/>
<pin id="402" dir="1" index="1" bw="4" slack="0"/>
</pin_list>
<bind>
<opcode="alloca(26) " fcode="alloca"/>
<opset="inputBuf_V_1/1 "/>
</bind>
</comp>

<comp id="404" class="1004" name="inputBuf_V_2_fu_404">
<pin_list>
<pin id="405" dir="0" index="0" bw="1" slack="0"/>
<pin id="406" dir="1" index="1" bw="4" slack="0"/>
</pin_list>
<bind>
<opcode="alloca(26) " fcode="alloca"/>
<opset="inputBuf_V_2/1 "/>
</bind>
</comp>

<comp id="408" class="1004" name="inputBuf_V_3_fu_408">
<pin_list>
<pin id="409" dir="0" index="0" bw="1" slack="0"/>
<pin id="410" dir="1" index="1" bw="4" slack="0"/>
</pin_list>
<bind>
<opcode="alloca(26) " fcode="alloca"/>
<opset="inputBuf_V_3/1 "/>
</bind>
</comp>

<comp id="412" class="1004" name="inputBuf_V_4_fu_412">
<pin_list>
<pin id="413" dir="0" index="0" bw="1" slack="0"/>
<pin id="414" dir="1" index="1" bw="4" slack="0"/>
</pin_list>
<bind>
<opcode="alloca(26) " fcode="alloca"/>
<opset="inputBuf_V_4/1 "/>
</bind>
</comp>

<comp id="416" class="1004" name="inputBuf_V_5_fu_416">
<pin_list>
<pin id="417" dir="0" index="0" bw="1" slack="0"/>
<pin id="418" dir="1" index="1" bw="4" slack="0"/>
</pin_list>
<bind>
<opcode="alloca(26) " fcode="alloca"/>
<opset="inputBuf_V_5/1 "/>
</bind>
</comp>

<comp id="420" class="1004" name="inputBuf_V_6_fu_420">
<pin_list>
<pin id="421" dir="0" index="0" bw="1" slack="0"/>
<pin id="422" dir="1" index="1" bw="4" slack="0"/>
</pin_list>
<bind>
<opcode="alloca(26) " fcode="alloca"/>
<opset="inputBuf_V_6/1 "/>
</bind>
</comp>

<comp id="424" class="1004" name="inputBuf_V_7_fu_424">
<pin_list>
<pin id="425" dir="0" index="0" bw="1" slack="0"/>
<pin id="426" dir="1" index="1" bw="4" slack="0"/>
</pin_list>
<bind>
<opcode="alloca(26) " fcode="alloca"/>
<opset="inputBuf_V_7/1 "/>
</bind>
</comp>

<comp id="428" class="1004" name="inputBuf_V_8_fu_428">
<pin_list>
<pin id="429" dir="0" index="0" bw="1" slack="0"/>
<pin id="430" dir="1" index="1" bw="4" slack="0"/>
</pin_list>
<bind>
<opcode="alloca(26) " fcode="alloca"/>
<opset="inputBuf_V_8/1 "/>
</bind>
</comp>

<comp id="432" class="1004" name="inputBuf_V_9_fu_432">
<pin_list>
<pin id="433" dir="0" index="0" bw="1" slack="0"/>
<pin id="434" dir="1" index="1" bw="4" slack="0"/>
</pin_list>
<bind>
<opcode="alloca(26) " fcode="alloca"/>
<opset="inputBuf_V_9/1 "/>
</bind>
</comp>

<comp id="436" class="1004" name="inputBuf_V_10_fu_436">
<pin_list>
<pin id="437" dir="0" index="0" bw="1" slack="0"/>
<pin id="438" dir="1" index="1" bw="4" slack="0"/>
</pin_list>
<bind>
<opcode="alloca(26) " fcode="alloca"/>
<opset="inputBuf_V_10/1 "/>
</bind>
</comp>

<comp id="440" class="1004" name="inputBuf_V_11_fu_440">
<pin_list>
<pin id="441" dir="0" index="0" bw="1" slack="0"/>
<pin id="442" dir="1" index="1" bw="4" slack="0"/>
</pin_list>
<bind>
<opcode="alloca(26) " fcode="alloca"/>
<opset="inputBuf_V_11/1 "/>
</bind>
</comp>

<comp id="444" class="1004" name="inputBuf_V_12_fu_444">
<pin_list>
<pin id="445" dir="0" index="0" bw="1" slack="0"/>
<pin id="446" dir="1" index="1" bw="4" slack="0"/>
</pin_list>
<bind>
<opcode="alloca(26) " fcode="alloca"/>
<opset="inputBuf_V_12/1 "/>
</bind>
</comp>

<comp id="448" class="1004" name="inputBuf_V_13_fu_448">
<pin_list>
<pin id="449" dir="0" index="0" bw="1" slack="0"/>
<pin id="450" dir="1" index="1" bw="4" slack="0"/>
</pin_list>
<bind>
<opcode="alloca(26) " fcode="alloca"/>
<opset="inputBuf_V_13/1 "/>
</bind>
</comp>

<comp id="452" class="1004" name="inputBuf_V_14_fu_452">
<pin_list>
<pin id="453" dir="0" index="0" bw="1" slack="0"/>
<pin id="454" dir="1" index="1" bw="4" slack="0"/>
</pin_list>
<bind>
<opcode="alloca(26) " fcode="alloca"/>
<opset="inputBuf_V_14/1 "/>
</bind>
</comp>

<comp id="456" class="1004" name="inputBuf_V_15_fu_456">
<pin_list>
<pin id="457" dir="0" index="0" bw="1" slack="0"/>
<pin id="458" dir="1" index="1" bw="4" slack="0"/>
</pin_list>
<bind>
<opcode="alloca(26) " fcode="alloca"/>
<opset="inputBuf_V_15/1 "/>
</bind>
</comp>

<comp id="460" class="1004" name="inputBuf_V_16_fu_460">
<pin_list>
<pin id="461" dir="0" index="0" bw="1" slack="0"/>
<pin id="462" dir="1" index="1" bw="4" slack="0"/>
</pin_list>
<bind>
<opcode="alloca(26) " fcode="alloca"/>
<opset="inputBuf_V_16/1 "/>
</bind>
</comp>

<comp id="464" class="1004" name="inputBuf_V_17_fu_464">
<pin_list>
<pin id="465" dir="0" index="0" bw="1" slack="0"/>
<pin id="466" dir="1" index="1" bw="4" slack="0"/>
</pin_list>
<bind>
<opcode="alloca(26) " fcode="alloca"/>
<opset="inputBuf_V_17/1 "/>
</bind>
</comp>

<comp id="468" class="1004" name="inputBuf_V_18_fu_468">
<pin_list>
<pin id="469" dir="0" index="0" bw="1" slack="0"/>
<pin id="470" dir="1" index="1" bw="4" slack="0"/>
</pin_list>
<bind>
<opcode="alloca(26) " fcode="alloca"/>
<opset="inputBuf_V_18/1 "/>
</bind>
</comp>

<comp id="472" class="1004" name="inputBuf_V_19_fu_472">
<pin_list>
<pin id="473" dir="0" index="0" bw="1" slack="0"/>
<pin id="474" dir="1" index="1" bw="4" slack="0"/>
</pin_list>
<bind>
<opcode="alloca(26) " fcode="alloca"/>
<opset="inputBuf_V_19/1 "/>
</bind>
</comp>

<comp id="476" class="1004" name="inputBuf_V_20_fu_476">
<pin_list>
<pin id="477" dir="0" index="0" bw="1" slack="0"/>
<pin id="478" dir="1" index="1" bw="4" slack="0"/>
</pin_list>
<bind>
<opcode="alloca(26) " fcode="alloca"/>
<opset="inputBuf_V_20/1 "/>
</bind>
</comp>

<comp id="480" class="1004" name="inputBuf_V_21_fu_480">
<pin_list>
<pin id="481" dir="0" index="0" bw="1" slack="0"/>
<pin id="482" dir="1" index="1" bw="4" slack="0"/>
</pin_list>
<bind>
<opcode="alloca(26) " fcode="alloca"/>
<opset="inputBuf_V_21/1 "/>
</bind>
</comp>

<comp id="484" class="1004" name="inputBuf_V_22_fu_484">
<pin_list>
<pin id="485" dir="0" index="0" bw="1" slack="0"/>
<pin id="486" dir="1" index="1" bw="4" slack="0"/>
</pin_list>
<bind>
<opcode="alloca(26) " fcode="alloca"/>
<opset="inputBuf_V_22/1 "/>
</bind>
</comp>

<comp id="488" class="1004" name="inputBuf_V_23_fu_488">
<pin_list>
<pin id="489" dir="0" index="0" bw="1" slack="0"/>
<pin id="490" dir="1" index="1" bw="4" slack="0"/>
</pin_list>
<bind>
<opcode="alloca(26) " fcode="alloca"/>
<opset="inputBuf_V_23/1 "/>
</bind>
</comp>

<comp id="492" class="1004" name="inputBuf_V_24_fu_492">
<pin_list>
<pin id="493" dir="0" index="0" bw="1" slack="0"/>
<pin id="494" dir="1" index="1" bw="4" slack="0"/>
</pin_list>
<bind>
<opcode="alloca(26) " fcode="alloca"/>
<opset="inputBuf_V_24/1 "/>
</bind>
</comp>

<comp id="496" class="1004" name="inputBuf_V_25_fu_496">
<pin_list>
<pin id="497" dir="0" index="0" bw="1" slack="0"/>
<pin id="498" dir="1" index="1" bw="4" slack="0"/>
</pin_list>
<bind>
<opcode="alloca(26) " fcode="alloca"/>
<opset="inputBuf_V_25/1 "/>
</bind>
</comp>

<comp id="500" class="1004" name="inputBuf_V_26_fu_500">
<pin_list>
<pin id="501" dir="0" index="0" bw="1" slack="0"/>
<pin id="502" dir="1" index="1" bw="4" slack="0"/>
</pin_list>
<bind>
<opcode="alloca(26) " fcode="alloca"/>
<opset="inputBuf_V_26/1 "/>
</bind>
</comp>

<comp id="504" class="1004" name="inputBuf_V_27_fu_504">
<pin_list>
<pin id="505" dir="0" index="0" bw="1" slack="0"/>
<pin id="506" dir="1" index="1" bw="4" slack="0"/>
</pin_list>
<bind>
<opcode="alloca(26) " fcode="alloca"/>
<opset="inputBuf_V_27/1 "/>
</bind>
</comp>

<comp id="508" class="1004" name="inputBuf_V_28_fu_508">
<pin_list>
<pin id="509" dir="0" index="0" bw="1" slack="0"/>
<pin id="510" dir="1" index="1" bw="4" slack="0"/>
</pin_list>
<bind>
<opcode="alloca(26) " fcode="alloca"/>
<opset="inputBuf_V_28/1 "/>
</bind>
</comp>

<comp id="512" class="1004" name="inputBuf_V_29_fu_512">
<pin_list>
<pin id="513" dir="0" index="0" bw="1" slack="0"/>
<pin id="514" dir="1" index="1" bw="4" slack="0"/>
</pin_list>
<bind>
<opcode="alloca(26) " fcode="alloca"/>
<opset="inputBuf_V_29/1 "/>
</bind>
</comp>

<comp id="516" class="1004" name="inputBuf_V_30_fu_516">
<pin_list>
<pin id="517" dir="0" index="0" bw="1" slack="0"/>
<pin id="518" dir="1" index="1" bw="4" slack="0"/>
</pin_list>
<bind>
<opcode="alloca(26) " fcode="alloca"/>
<opset="inputBuf_V_30/1 "/>
</bind>
</comp>

<comp id="520" class="1004" name="inputBuf_V_31_fu_520">
<pin_list>
<pin id="521" dir="0" index="0" bw="1" slack="0"/>
<pin id="522" dir="1" index="1" bw="4" slack="0"/>
</pin_list>
<bind>
<opcode="alloca(26) " fcode="alloca"/>
<opset="inputBuf_V_31/1 "/>
</bind>
</comp>

<comp id="524" class="1004" name="inputBuf_V_32_fu_524">
<pin_list>
<pin id="525" dir="0" index="0" bw="1" slack="0"/>
<pin id="526" dir="1" index="1" bw="4" slack="0"/>
</pin_list>
<bind>
<opcode="alloca(26) " fcode="alloca"/>
<opset="inputBuf_V_32/1 "/>
</bind>
</comp>

<comp id="528" class="1004" name="inputBuf_V_33_fu_528">
<pin_list>
<pin id="529" dir="0" index="0" bw="1" slack="0"/>
<pin id="530" dir="1" index="1" bw="4" slack="0"/>
</pin_list>
<bind>
<opcode="alloca(26) " fcode="alloca"/>
<opset="inputBuf_V_33/1 "/>
</bind>
</comp>

<comp id="532" class="1004" name="inputBuf_V_34_fu_532">
<pin_list>
<pin id="533" dir="0" index="0" bw="1" slack="0"/>
<pin id="534" dir="1" index="1" bw="4" slack="0"/>
</pin_list>
<bind>
<opcode="alloca(26) " fcode="alloca"/>
<opset="inputBuf_V_34/1 "/>
</bind>
</comp>

<comp id="536" class="1004" name="inputBuf_V_35_fu_536">
<pin_list>
<pin id="537" dir="0" index="0" bw="1" slack="0"/>
<pin id="538" dir="1" index="1" bw="4" slack="0"/>
</pin_list>
<bind>
<opcode="alloca(26) " fcode="alloca"/>
<opset="inputBuf_V_35/1 "/>
</bind>
</comp>

<comp id="540" class="1004" name="inputBuf_V_36_fu_540">
<pin_list>
<pin id="541" dir="0" index="0" bw="1" slack="0"/>
<pin id="542" dir="1" index="1" bw="4" slack="0"/>
</pin_list>
<bind>
<opcode="alloca(26) " fcode="alloca"/>
<opset="inputBuf_V_36/1 "/>
</bind>
</comp>

<comp id="544" class="1004" name="inputBuf_V_37_fu_544">
<pin_list>
<pin id="545" dir="0" index="0" bw="1" slack="0"/>
<pin id="546" dir="1" index="1" bw="4" slack="0"/>
</pin_list>
<bind>
<opcode="alloca(26) " fcode="alloca"/>
<opset="inputBuf_V_37/1 "/>
</bind>
</comp>

<comp id="548" class="1004" name="inputBuf_V_38_fu_548">
<pin_list>
<pin id="549" dir="0" index="0" bw="1" slack="0"/>
<pin id="550" dir="1" index="1" bw="4" slack="0"/>
</pin_list>
<bind>
<opcode="alloca(26) " fcode="alloca"/>
<opset="inputBuf_V_38/1 "/>
</bind>
</comp>

<comp id="552" class="1004" name="inputBuf_V_39_fu_552">
<pin_list>
<pin id="553" dir="0" index="0" bw="1" slack="0"/>
<pin id="554" dir="1" index="1" bw="4" slack="0"/>
</pin_list>
<bind>
<opcode="alloca(26) " fcode="alloca"/>
<opset="inputBuf_V_39/1 "/>
</bind>
</comp>

<comp id="556" class="1004" name="inputBuf_V_40_fu_556">
<pin_list>
<pin id="557" dir="0" index="0" bw="1" slack="0"/>
<pin id="558" dir="1" index="1" bw="4" slack="0"/>
</pin_list>
<bind>
<opcode="alloca(26) " fcode="alloca"/>
<opset="inputBuf_V_40/1 "/>
</bind>
</comp>

<comp id="560" class="1004" name="inputBuf_V_41_fu_560">
<pin_list>
<pin id="561" dir="0" index="0" bw="1" slack="0"/>
<pin id="562" dir="1" index="1" bw="4" slack="0"/>
</pin_list>
<bind>
<opcode="alloca(26) " fcode="alloca"/>
<opset="inputBuf_V_41/1 "/>
</bind>
</comp>

<comp id="564" class="1004" name="inputBuf_V_42_fu_564">
<pin_list>
<pin id="565" dir="0" index="0" bw="1" slack="0"/>
<pin id="566" dir="1" index="1" bw="4" slack="0"/>
</pin_list>
<bind>
<opcode="alloca(26) " fcode="alloca"/>
<opset="inputBuf_V_42/1 "/>
</bind>
</comp>

<comp id="568" class="1004" name="inputBuf_V_43_fu_568">
<pin_list>
<pin id="569" dir="0" index="0" bw="1" slack="0"/>
<pin id="570" dir="1" index="1" bw="4" slack="0"/>
</pin_list>
<bind>
<opcode="alloca(26) " fcode="alloca"/>
<opset="inputBuf_V_43/1 "/>
</bind>
</comp>

<comp id="572" class="1004" name="inputBuf_V_44_fu_572">
<pin_list>
<pin id="573" dir="0" index="0" bw="1" slack="0"/>
<pin id="574" dir="1" index="1" bw="4" slack="0"/>
</pin_list>
<bind>
<opcode="alloca(26) " fcode="alloca"/>
<opset="inputBuf_V_44/1 "/>
</bind>
</comp>

<comp id="576" class="1004" name="inputBuf_V_45_fu_576">
<pin_list>
<pin id="577" dir="0" index="0" bw="1" slack="0"/>
<pin id="578" dir="1" index="1" bw="4" slack="0"/>
</pin_list>
<bind>
<opcode="alloca(26) " fcode="alloca"/>
<opset="inputBuf_V_45/1 "/>
</bind>
</comp>

<comp id="580" class="1004" name="inputBuf_V_46_fu_580">
<pin_list>
<pin id="581" dir="0" index="0" bw="1" slack="0"/>
<pin id="582" dir="1" index="1" bw="4" slack="0"/>
</pin_list>
<bind>
<opcode="alloca(26) " fcode="alloca"/>
<opset="inputBuf_V_46/1 "/>
</bind>
</comp>

<comp id="584" class="1004" name="inputBuf_V_47_fu_584">
<pin_list>
<pin id="585" dir="0" index="0" bw="1" slack="0"/>
<pin id="586" dir="1" index="1" bw="4" slack="0"/>
</pin_list>
<bind>
<opcode="alloca(26) " fcode="alloca"/>
<opset="inputBuf_V_47/1 "/>
</bind>
</comp>

<comp id="588" class="1004" name="inputBuf_V_48_fu_588">
<pin_list>
<pin id="589" dir="0" index="0" bw="1" slack="0"/>
<pin id="590" dir="1" index="1" bw="4" slack="0"/>
</pin_list>
<bind>
<opcode="alloca(26) " fcode="alloca"/>
<opset="inputBuf_V_48/1 "/>
</bind>
</comp>

<comp id="592" class="1004" name="inputBuf_V_49_fu_592">
<pin_list>
<pin id="593" dir="0" index="0" bw="1" slack="0"/>
<pin id="594" dir="1" index="1" bw="4" slack="0"/>
</pin_list>
<bind>
<opcode="alloca(26) " fcode="alloca"/>
<opset="inputBuf_V_49/1 "/>
</bind>
</comp>

<comp id="596" class="1004" name="inputBuf_V_50_fu_596">
<pin_list>
<pin id="597" dir="0" index="0" bw="1" slack="0"/>
<pin id="598" dir="1" index="1" bw="4" slack="0"/>
</pin_list>
<bind>
<opcode="alloca(26) " fcode="alloca"/>
<opset="inputBuf_V_50/1 "/>
</bind>
</comp>

<comp id="600" class="1004" name="inputBuf_V_51_fu_600">
<pin_list>
<pin id="601" dir="0" index="0" bw="1" slack="0"/>
<pin id="602" dir="1" index="1" bw="4" slack="0"/>
</pin_list>
<bind>
<opcode="alloca(26) " fcode="alloca"/>
<opset="inputBuf_V_51/1 "/>
</bind>
</comp>

<comp id="604" class="1004" name="inputBuf_V_52_fu_604">
<pin_list>
<pin id="605" dir="0" index="0" bw="1" slack="0"/>
<pin id="606" dir="1" index="1" bw="4" slack="0"/>
</pin_list>
<bind>
<opcode="alloca(26) " fcode="alloca"/>
<opset="inputBuf_V_52/1 "/>
</bind>
</comp>

<comp id="608" class="1004" name="inputBuf_V_53_fu_608">
<pin_list>
<pin id="609" dir="0" index="0" bw="1" slack="0"/>
<pin id="610" dir="1" index="1" bw="4" slack="0"/>
</pin_list>
<bind>
<opcode="alloca(26) " fcode="alloca"/>
<opset="inputBuf_V_53/1 "/>
</bind>
</comp>

<comp id="612" class="1004" name="inputBuf_V_54_fu_612">
<pin_list>
<pin id="613" dir="0" index="0" bw="1" slack="0"/>
<pin id="614" dir="1" index="1" bw="4" slack="0"/>
</pin_list>
<bind>
<opcode="alloca(26) " fcode="alloca"/>
<opset="inputBuf_V_54/1 "/>
</bind>
</comp>

<comp id="616" class="1004" name="inputBuf_V_55_fu_616">
<pin_list>
<pin id="617" dir="0" index="0" bw="1" slack="0"/>
<pin id="618" dir="1" index="1" bw="4" slack="0"/>
</pin_list>
<bind>
<opcode="alloca(26) " fcode="alloca"/>
<opset="inputBuf_V_55/1 "/>
</bind>
</comp>

<comp id="620" class="1004" name="inputBuf_V_56_fu_620">
<pin_list>
<pin id="621" dir="0" index="0" bw="1" slack="0"/>
<pin id="622" dir="1" index="1" bw="4" slack="0"/>
</pin_list>
<bind>
<opcode="alloca(26) " fcode="alloca"/>
<opset="inputBuf_V_56/1 "/>
</bind>
</comp>

<comp id="624" class="1004" name="inputBuf_V_57_fu_624">
<pin_list>
<pin id="625" dir="0" index="0" bw="1" slack="0"/>
<pin id="626" dir="1" index="1" bw="4" slack="0"/>
</pin_list>
<bind>
<opcode="alloca(26) " fcode="alloca"/>
<opset="inputBuf_V_57/1 "/>
</bind>
</comp>

<comp id="628" class="1004" name="inputBuf_V_58_fu_628">
<pin_list>
<pin id="629" dir="0" index="0" bw="1" slack="0"/>
<pin id="630" dir="1" index="1" bw="4" slack="0"/>
</pin_list>
<bind>
<opcode="alloca(26) " fcode="alloca"/>
<opset="inputBuf_V_58/1 "/>
</bind>
</comp>

<comp id="632" class="1004" name="inputBuf_V_59_fu_632">
<pin_list>
<pin id="633" dir="0" index="0" bw="1" slack="0"/>
<pin id="634" dir="1" index="1" bw="4" slack="0"/>
</pin_list>
<bind>
<opcode="alloca(26) " fcode="alloca"/>
<opset="inputBuf_V_59/1 "/>
</bind>
</comp>

<comp id="636" class="1004" name="inputBuf_V_60_fu_636">
<pin_list>
<pin id="637" dir="0" index="0" bw="1" slack="0"/>
<pin id="638" dir="1" index="1" bw="4" slack="0"/>
</pin_list>
<bind>
<opcode="alloca(26) " fcode="alloca"/>
<opset="inputBuf_V_60/1 "/>
</bind>
</comp>

<comp id="640" class="1004" name="inputBuf_V_61_fu_640">
<pin_list>
<pin id="641" dir="0" index="0" bw="1" slack="0"/>
<pin id="642" dir="1" index="1" bw="4" slack="0"/>
</pin_list>
<bind>
<opcode="alloca(26) " fcode="alloca"/>
<opset="inputBuf_V_61/1 "/>
</bind>
</comp>

<comp id="644" class="1004" name="inputBuf_V_62_fu_644">
<pin_list>
<pin id="645" dir="0" index="0" bw="1" slack="0"/>
<pin id="646" dir="1" index="1" bw="4" slack="0"/>
</pin_list>
<bind>
<opcode="alloca(26) " fcode="alloca"/>
<opset="inputBuf_V_62/1 "/>
</bind>
</comp>

<comp id="648" class="1004" name="inputBuf_V_63_fu_648">
<pin_list>
<pin id="649" dir="0" index="0" bw="1" slack="0"/>
<pin id="650" dir="1" index="1" bw="4" slack="0"/>
</pin_list>
<bind>
<opcode="alloca(26) " fcode="alloca"/>
<opset="inputBuf_V_63/1 "/>
</bind>
</comp>

<comp id="652" class="1004" name="inputBuf_V_64_fu_652">
<pin_list>
<pin id="653" dir="0" index="0" bw="1" slack="0"/>
<pin id="654" dir="1" index="1" bw="4" slack="0"/>
</pin_list>
<bind>
<opcode="alloca(26) " fcode="alloca"/>
<opset="inputBuf_V_64/1 "/>
</bind>
</comp>

<comp id="656" class="1004" name="inputBuf_V_65_fu_656">
<pin_list>
<pin id="657" dir="0" index="0" bw="1" slack="0"/>
<pin id="658" dir="1" index="1" bw="4" slack="0"/>
</pin_list>
<bind>
<opcode="alloca(26) " fcode="alloca"/>
<opset="inputBuf_V_65/1 "/>
</bind>
</comp>

<comp id="660" class="1004" name="inputBuf_V_66_fu_660">
<pin_list>
<pin id="661" dir="0" index="0" bw="1" slack="0"/>
<pin id="662" dir="1" index="1" bw="4" slack="0"/>
</pin_list>
<bind>
<opcode="alloca(26) " fcode="alloca"/>
<opset="inputBuf_V_66/1 "/>
</bind>
</comp>

<comp id="664" class="1004" name="inputBuf_V_67_fu_664">
<pin_list>
<pin id="665" dir="0" index="0" bw="1" slack="0"/>
<pin id="666" dir="1" index="1" bw="4" slack="0"/>
</pin_list>
<bind>
<opcode="alloca(26) " fcode="alloca"/>
<opset="inputBuf_V_67/1 "/>
</bind>
</comp>

<comp id="668" class="1004" name="inputBuf_V_68_fu_668">
<pin_list>
<pin id="669" dir="0" index="0" bw="1" slack="0"/>
<pin id="670" dir="1" index="1" bw="4" slack="0"/>
</pin_list>
<bind>
<opcode="alloca(26) " fcode="alloca"/>
<opset="inputBuf_V_68/1 "/>
</bind>
</comp>

<comp id="672" class="1004" name="inputBuf_V_69_fu_672">
<pin_list>
<pin id="673" dir="0" index="0" bw="1" slack="0"/>
<pin id="674" dir="1" index="1" bw="4" slack="0"/>
</pin_list>
<bind>
<opcode="alloca(26) " fcode="alloca"/>
<opset="inputBuf_V_69/1 "/>
</bind>
</comp>

<comp id="676" class="1004" name="inputBuf_V_70_fu_676">
<pin_list>
<pin id="677" dir="0" index="0" bw="1" slack="0"/>
<pin id="678" dir="1" index="1" bw="4" slack="0"/>
</pin_list>
<bind>
<opcode="alloca(26) " fcode="alloca"/>
<opset="inputBuf_V_70/1 "/>
</bind>
</comp>

<comp id="680" class="1004" name="inputBuf_V_71_fu_680">
<pin_list>
<pin id="681" dir="0" index="0" bw="1" slack="0"/>
<pin id="682" dir="1" index="1" bw="4" slack="0"/>
</pin_list>
<bind>
<opcode="alloca(26) " fcode="alloca"/>
<opset="inputBuf_V_71/1 "/>
</bind>
</comp>

<comp id="684" class="1004" name="inputBuf_V_72_fu_684">
<pin_list>
<pin id="685" dir="0" index="0" bw="1" slack="0"/>
<pin id="686" dir="1" index="1" bw="4" slack="0"/>
</pin_list>
<bind>
<opcode="alloca(26) " fcode="alloca"/>
<opset="inputBuf_V_72/1 "/>
</bind>
</comp>

<comp id="688" class="1004" name="inputBuf_V_73_fu_688">
<pin_list>
<pin id="689" dir="0" index="0" bw="1" slack="0"/>
<pin id="690" dir="1" index="1" bw="4" slack="0"/>
</pin_list>
<bind>
<opcode="alloca(26) " fcode="alloca"/>
<opset="inputBuf_V_73/1 "/>
</bind>
</comp>

<comp id="692" class="1004" name="inputBuf_V_74_fu_692">
<pin_list>
<pin id="693" dir="0" index="0" bw="1" slack="0"/>
<pin id="694" dir="1" index="1" bw="4" slack="0"/>
</pin_list>
<bind>
<opcode="alloca(26) " fcode="alloca"/>
<opset="inputBuf_V_74/1 "/>
</bind>
</comp>

<comp id="696" class="1004" name="inputBuf_V_75_fu_696">
<pin_list>
<pin id="697" dir="0" index="0" bw="1" slack="0"/>
<pin id="698" dir="1" index="1" bw="4" slack="0"/>
</pin_list>
<bind>
<opcode="alloca(26) " fcode="alloca"/>
<opset="inputBuf_V_75/1 "/>
</bind>
</comp>

<comp id="700" class="1004" name="inputBuf_V_76_fu_700">
<pin_list>
<pin id="701" dir="0" index="0" bw="1" slack="0"/>
<pin id="702" dir="1" index="1" bw="4" slack="0"/>
</pin_list>
<bind>
<opcode="alloca(26) " fcode="alloca"/>
<opset="inputBuf_V_76/1 "/>
</bind>
</comp>

<comp id="704" class="1004" name="inputBuf_V_77_fu_704">
<pin_list>
<pin id="705" dir="0" index="0" bw="1" slack="0"/>
<pin id="706" dir="1" index="1" bw="4" slack="0"/>
</pin_list>
<bind>
<opcode="alloca(26) " fcode="alloca"/>
<opset="inputBuf_V_77/1 "/>
</bind>
</comp>

<comp id="708" class="1004" name="inputBuf_V_78_fu_708">
<pin_list>
<pin id="709" dir="0" index="0" bw="1" slack="0"/>
<pin id="710" dir="1" index="1" bw="4" slack="0"/>
</pin_list>
<bind>
<opcode="alloca(26) " fcode="alloca"/>
<opset="inputBuf_V_78/1 "/>
</bind>
</comp>

<comp id="712" class="1004" name="inputBuf_V_79_fu_712">
<pin_list>
<pin id="713" dir="0" index="0" bw="1" slack="0"/>
<pin id="714" dir="1" index="1" bw="4" slack="0"/>
</pin_list>
<bind>
<opcode="alloca(26) " fcode="alloca"/>
<opset="inputBuf_V_79/1 "/>
</bind>
</comp>

<comp id="716" class="1004" name="inputBuf_V_80_fu_716">
<pin_list>
<pin id="717" dir="0" index="0" bw="1" slack="0"/>
<pin id="718" dir="1" index="1" bw="4" slack="0"/>
</pin_list>
<bind>
<opcode="alloca(26) " fcode="alloca"/>
<opset="inputBuf_V_80/1 "/>
</bind>
</comp>

<comp id="720" class="1004" name="inputBuf_V_81_fu_720">
<pin_list>
<pin id="721" dir="0" index="0" bw="1" slack="0"/>
<pin id="722" dir="1" index="1" bw="4" slack="0"/>
</pin_list>
<bind>
<opcode="alloca(26) " fcode="alloca"/>
<opset="inputBuf_V_81/1 "/>
</bind>
</comp>

<comp id="724" class="1004" name="inputBuf_V_82_fu_724">
<pin_list>
<pin id="725" dir="0" index="0" bw="1" slack="0"/>
<pin id="726" dir="1" index="1" bw="4" slack="0"/>
</pin_list>
<bind>
<opcode="alloca(26) " fcode="alloca"/>
<opset="inputBuf_V_82/1 "/>
</bind>
</comp>

<comp id="728" class="1004" name="inputBuf_V_83_fu_728">
<pin_list>
<pin id="729" dir="0" index="0" bw="1" slack="0"/>
<pin id="730" dir="1" index="1" bw="4" slack="0"/>
</pin_list>
<bind>
<opcode="alloca(26) " fcode="alloca"/>
<opset="inputBuf_V_83/1 "/>
</bind>
</comp>

<comp id="732" class="1004" name="inputBuf_V_84_fu_732">
<pin_list>
<pin id="733" dir="0" index="0" bw="1" slack="0"/>
<pin id="734" dir="1" index="1" bw="4" slack="0"/>
</pin_list>
<bind>
<opcode="alloca(26) " fcode="alloca"/>
<opset="inputBuf_V_84/1 "/>
</bind>
</comp>

<comp id="736" class="1004" name="inputBuf_V_85_fu_736">
<pin_list>
<pin id="737" dir="0" index="0" bw="1" slack="0"/>
<pin id="738" dir="1" index="1" bw="4" slack="0"/>
</pin_list>
<bind>
<opcode="alloca(26) " fcode="alloca"/>
<opset="inputBuf_V_85/1 "/>
</bind>
</comp>

<comp id="740" class="1004" name="inputBuf_V_86_fu_740">
<pin_list>
<pin id="741" dir="0" index="0" bw="1" slack="0"/>
<pin id="742" dir="1" index="1" bw="4" slack="0"/>
</pin_list>
<bind>
<opcode="alloca(26) " fcode="alloca"/>
<opset="inputBuf_V_86/1 "/>
</bind>
</comp>

<comp id="744" class="1004" name="inputBuf_V_87_fu_744">
<pin_list>
<pin id="745" dir="0" index="0" bw="1" slack="0"/>
<pin id="746" dir="1" index="1" bw="4" slack="0"/>
</pin_list>
<bind>
<opcode="alloca(26) " fcode="alloca"/>
<opset="inputBuf_V_87/1 "/>
</bind>
</comp>

<comp id="748" class="1004" name="inputBuf_V_88_fu_748">
<pin_list>
<pin id="749" dir="0" index="0" bw="1" slack="0"/>
<pin id="750" dir="1" index="1" bw="4" slack="0"/>
</pin_list>
<bind>
<opcode="alloca(26) " fcode="alloca"/>
<opset="inputBuf_V_88/1 "/>
</bind>
</comp>

<comp id="752" class="1004" name="inputBuf_V_89_fu_752">
<pin_list>
<pin id="753" dir="0" index="0" bw="1" slack="0"/>
<pin id="754" dir="1" index="1" bw="4" slack="0"/>
</pin_list>
<bind>
<opcode="alloca(26) " fcode="alloca"/>
<opset="inputBuf_V_89/1 "/>
</bind>
</comp>

<comp id="756" class="1004" name="inputBuf_V_90_fu_756">
<pin_list>
<pin id="757" dir="0" index="0" bw="1" slack="0"/>
<pin id="758" dir="1" index="1" bw="4" slack="0"/>
</pin_list>
<bind>
<opcode="alloca(26) " fcode="alloca"/>
<opset="inputBuf_V_90/1 "/>
</bind>
</comp>

<comp id="760" class="1004" name="inputBuf_V_91_fu_760">
<pin_list>
<pin id="761" dir="0" index="0" bw="1" slack="0"/>
<pin id="762" dir="1" index="1" bw="4" slack="0"/>
</pin_list>
<bind>
<opcode="alloca(26) " fcode="alloca"/>
<opset="inputBuf_V_91/1 "/>
</bind>
</comp>

<comp id="764" class="1004" name="inputBuf_V_92_fu_764">
<pin_list>
<pin id="765" dir="0" index="0" bw="1" slack="0"/>
<pin id="766" dir="1" index="1" bw="4" slack="0"/>
</pin_list>
<bind>
<opcode="alloca(26) " fcode="alloca"/>
<opset="inputBuf_V_92/1 "/>
</bind>
</comp>

<comp id="768" class="1004" name="inputBuf_V_93_fu_768">
<pin_list>
<pin id="769" dir="0" index="0" bw="1" slack="0"/>
<pin id="770" dir="1" index="1" bw="4" slack="0"/>
</pin_list>
<bind>
<opcode="alloca(26) " fcode="alloca"/>
<opset="inputBuf_V_93/1 "/>
</bind>
</comp>

<comp id="772" class="1004" name="inputBuf_V_94_fu_772">
<pin_list>
<pin id="773" dir="0" index="0" bw="1" slack="0"/>
<pin id="774" dir="1" index="1" bw="4" slack="0"/>
</pin_list>
<bind>
<opcode="alloca(26) " fcode="alloca"/>
<opset="inputBuf_V_94/1 "/>
</bind>
</comp>

<comp id="776" class="1004" name="inputBuf_V_95_fu_776">
<pin_list>
<pin id="777" dir="0" index="0" bw="1" slack="0"/>
<pin id="778" dir="1" index="1" bw="4" slack="0"/>
</pin_list>
<bind>
<opcode="alloca(26) " fcode="alloca"/>
<opset="inputBuf_V_95/1 "/>
</bind>
</comp>

<comp id="780" class="1004" name="inputBuf_V_96_fu_780">
<pin_list>
<pin id="781" dir="0" index="0" bw="1" slack="0"/>
<pin id="782" dir="1" index="1" bw="4" slack="0"/>
</pin_list>
<bind>
<opcode="alloca(26) " fcode="alloca"/>
<opset="inputBuf_V_96/1 "/>
</bind>
</comp>

<comp id="784" class="1004" name="inputBuf_V_97_fu_784">
<pin_list>
<pin id="785" dir="0" index="0" bw="1" slack="0"/>
<pin id="786" dir="1" index="1" bw="4" slack="0"/>
</pin_list>
<bind>
<opcode="alloca(26) " fcode="alloca"/>
<opset="inputBuf_V_97/1 "/>
</bind>
</comp>

<comp id="788" class="1004" name="inputBuf_V_98_fu_788">
<pin_list>
<pin id="789" dir="0" index="0" bw="1" slack="0"/>
<pin id="790" dir="1" index="1" bw="4" slack="0"/>
</pin_list>
<bind>
<opcode="alloca(26) " fcode="alloca"/>
<opset="inputBuf_V_98/1 "/>
</bind>
</comp>

<comp id="792" class="1004" name="inputBuf_V_99_fu_792">
<pin_list>
<pin id="793" dir="0" index="0" bw="1" slack="0"/>
<pin id="794" dir="1" index="1" bw="4" slack="0"/>
</pin_list>
<bind>
<opcode="alloca(26) " fcode="alloca"/>
<opset="inputBuf_V_99/1 "/>
</bind>
</comp>

<comp id="796" class="1004" name="inputBuf_V_100_fu_796">
<pin_list>
<pin id="797" dir="0" index="0" bw="1" slack="0"/>
<pin id="798" dir="1" index="1" bw="4" slack="0"/>
</pin_list>
<bind>
<opcode="alloca(26) " fcode="alloca"/>
<opset="inputBuf_V_100/1 "/>
</bind>
</comp>

<comp id="800" class="1004" name="inputBuf_V_101_fu_800">
<pin_list>
<pin id="801" dir="0" index="0" bw="1" slack="0"/>
<pin id="802" dir="1" index="1" bw="4" slack="0"/>
</pin_list>
<bind>
<opcode="alloca(26) " fcode="alloca"/>
<opset="inputBuf_V_101/1 "/>
</bind>
</comp>

<comp id="804" class="1004" name="inputBuf_V_102_fu_804">
<pin_list>
<pin id="805" dir="0" index="0" bw="1" slack="0"/>
<pin id="806" dir="1" index="1" bw="4" slack="0"/>
</pin_list>
<bind>
<opcode="alloca(26) " fcode="alloca"/>
<opset="inputBuf_V_102/1 "/>
</bind>
</comp>

<comp id="808" class="1004" name="inputBuf_V_103_fu_808">
<pin_list>
<pin id="809" dir="0" index="0" bw="1" slack="0"/>
<pin id="810" dir="1" index="1" bw="4" slack="0"/>
</pin_list>
<bind>
<opcode="alloca(26) " fcode="alloca"/>
<opset="inputBuf_V_103/1 "/>
</bind>
</comp>

<comp id="812" class="1004" name="inputBuf_V_104_fu_812">
<pin_list>
<pin id="813" dir="0" index="0" bw="1" slack="0"/>
<pin id="814" dir="1" index="1" bw="4" slack="0"/>
</pin_list>
<bind>
<opcode="alloca(26) " fcode="alloca"/>
<opset="inputBuf_V_104/1 "/>
</bind>
</comp>

<comp id="816" class="1004" name="inputBuf_V_105_fu_816">
<pin_list>
<pin id="817" dir="0" index="0" bw="1" slack="0"/>
<pin id="818" dir="1" index="1" bw="4" slack="0"/>
</pin_list>
<bind>
<opcode="alloca(26) " fcode="alloca"/>
<opset="inputBuf_V_105/1 "/>
</bind>
</comp>

<comp id="820" class="1004" name="inputBuf_V_106_fu_820">
<pin_list>
<pin id="821" dir="0" index="0" bw="1" slack="0"/>
<pin id="822" dir="1" index="1" bw="4" slack="0"/>
</pin_list>
<bind>
<opcode="alloca(26) " fcode="alloca"/>
<opset="inputBuf_V_106/1 "/>
</bind>
</comp>

<comp id="824" class="1004" name="inputBuf_V_107_fu_824">
<pin_list>
<pin id="825" dir="0" index="0" bw="1" slack="0"/>
<pin id="826" dir="1" index="1" bw="4" slack="0"/>
</pin_list>
<bind>
<opcode="alloca(26) " fcode="alloca"/>
<opset="inputBuf_V_107/1 "/>
</bind>
</comp>

<comp id="828" class="1004" name="inputBuf_V_108_fu_828">
<pin_list>
<pin id="829" dir="0" index="0" bw="1" slack="0"/>
<pin id="830" dir="1" index="1" bw="4" slack="0"/>
</pin_list>
<bind>
<opcode="alloca(26) " fcode="alloca"/>
<opset="inputBuf_V_108/1 "/>
</bind>
</comp>

<comp id="832" class="1004" name="inputBuf_V_109_fu_832">
<pin_list>
<pin id="833" dir="0" index="0" bw="1" slack="0"/>
<pin id="834" dir="1" index="1" bw="4" slack="0"/>
</pin_list>
<bind>
<opcode="alloca(26) " fcode="alloca"/>
<opset="inputBuf_V_109/1 "/>
</bind>
</comp>

<comp id="836" class="1004" name="inputBuf_V_110_fu_836">
<pin_list>
<pin id="837" dir="0" index="0" bw="1" slack="0"/>
<pin id="838" dir="1" index="1" bw="4" slack="0"/>
</pin_list>
<bind>
<opcode="alloca(26) " fcode="alloca"/>
<opset="inputBuf_V_110/1 "/>
</bind>
</comp>

<comp id="840" class="1004" name="inputBuf_V_111_fu_840">
<pin_list>
<pin id="841" dir="0" index="0" bw="1" slack="0"/>
<pin id="842" dir="1" index="1" bw="4" slack="0"/>
</pin_list>
<bind>
<opcode="alloca(26) " fcode="alloca"/>
<opset="inputBuf_V_111/1 "/>
</bind>
</comp>

<comp id="844" class="1004" name="inputBuf_V_112_fu_844">
<pin_list>
<pin id="845" dir="0" index="0" bw="1" slack="0"/>
<pin id="846" dir="1" index="1" bw="4" slack="0"/>
</pin_list>
<bind>
<opcode="alloca(26) " fcode="alloca"/>
<opset="inputBuf_V_112/1 "/>
</bind>
</comp>

<comp id="848" class="1004" name="inputBuf_V_113_fu_848">
<pin_list>
<pin id="849" dir="0" index="0" bw="1" slack="0"/>
<pin id="850" dir="1" index="1" bw="4" slack="0"/>
</pin_list>
<bind>
<opcode="alloca(26) " fcode="alloca"/>
<opset="inputBuf_V_113/1 "/>
</bind>
</comp>

<comp id="852" class="1004" name="inputBuf_V_114_fu_852">
<pin_list>
<pin id="853" dir="0" index="0" bw="1" slack="0"/>
<pin id="854" dir="1" index="1" bw="4" slack="0"/>
</pin_list>
<bind>
<opcode="alloca(26) " fcode="alloca"/>
<opset="inputBuf_V_114/1 "/>
</bind>
</comp>

<comp id="856" class="1004" name="inputBuf_V_115_fu_856">
<pin_list>
<pin id="857" dir="0" index="0" bw="1" slack="0"/>
<pin id="858" dir="1" index="1" bw="4" slack="0"/>
</pin_list>
<bind>
<opcode="alloca(26) " fcode="alloca"/>
<opset="inputBuf_V_115/1 "/>
</bind>
</comp>

<comp id="860" class="1004" name="inputBuf_V_116_fu_860">
<pin_list>
<pin id="861" dir="0" index="0" bw="1" slack="0"/>
<pin id="862" dir="1" index="1" bw="4" slack="0"/>
</pin_list>
<bind>
<opcode="alloca(26) " fcode="alloca"/>
<opset="inputBuf_V_116/1 "/>
</bind>
</comp>

<comp id="864" class="1004" name="inputBuf_V_117_fu_864">
<pin_list>
<pin id="865" dir="0" index="0" bw="1" slack="0"/>
<pin id="866" dir="1" index="1" bw="4" slack="0"/>
</pin_list>
<bind>
<opcode="alloca(26) " fcode="alloca"/>
<opset="inputBuf_V_117/1 "/>
</bind>
</comp>

<comp id="868" class="1004" name="inputBuf_V_118_fu_868">
<pin_list>
<pin id="869" dir="0" index="0" bw="1" slack="0"/>
<pin id="870" dir="1" index="1" bw="4" slack="0"/>
</pin_list>
<bind>
<opcode="alloca(26) " fcode="alloca"/>
<opset="inputBuf_V_118/1 "/>
</bind>
</comp>

<comp id="872" class="1004" name="inputBuf_V_119_fu_872">
<pin_list>
<pin id="873" dir="0" index="0" bw="1" slack="0"/>
<pin id="874" dir="1" index="1" bw="4" slack="0"/>
</pin_list>
<bind>
<opcode="alloca(26) " fcode="alloca"/>
<opset="inputBuf_V_119/1 "/>
</bind>
</comp>

<comp id="876" class="1004" name="inputBuf_V_120_fu_876">
<pin_list>
<pin id="877" dir="0" index="0" bw="1" slack="0"/>
<pin id="878" dir="1" index="1" bw="4" slack="0"/>
</pin_list>
<bind>
<opcode="alloca(26) " fcode="alloca"/>
<opset="inputBuf_V_120/1 "/>
</bind>
</comp>

<comp id="880" class="1004" name="inputBuf_V_121_fu_880">
<pin_list>
<pin id="881" dir="0" index="0" bw="1" slack="0"/>
<pin id="882" dir="1" index="1" bw="4" slack="0"/>
</pin_list>
<bind>
<opcode="alloca(26) " fcode="alloca"/>
<opset="inputBuf_V_121/1 "/>
</bind>
</comp>

<comp id="884" class="1004" name="inputBuf_V_122_fu_884">
<pin_list>
<pin id="885" dir="0" index="0" bw="1" slack="0"/>
<pin id="886" dir="1" index="1" bw="4" slack="0"/>
</pin_list>
<bind>
<opcode="alloca(26) " fcode="alloca"/>
<opset="inputBuf_V_122/1 "/>
</bind>
</comp>

<comp id="888" class="1004" name="inputBuf_V_123_fu_888">
<pin_list>
<pin id="889" dir="0" index="0" bw="1" slack="0"/>
<pin id="890" dir="1" index="1" bw="4" slack="0"/>
</pin_list>
<bind>
<opcode="alloca(26) " fcode="alloca"/>
<opset="inputBuf_V_123/1 "/>
</bind>
</comp>

<comp id="892" class="1004" name="inputBuf_V_124_fu_892">
<pin_list>
<pin id="893" dir="0" index="0" bw="1" slack="0"/>
<pin id="894" dir="1" index="1" bw="4" slack="0"/>
</pin_list>
<bind>
<opcode="alloca(26) " fcode="alloca"/>
<opset="inputBuf_V_124/1 "/>
</bind>
</comp>

<comp id="896" class="1004" name="inputBuf_V_125_fu_896">
<pin_list>
<pin id="897" dir="0" index="0" bw="1" slack="0"/>
<pin id="898" dir="1" index="1" bw="4" slack="0"/>
</pin_list>
<bind>
<opcode="alloca(26) " fcode="alloca"/>
<opset="inputBuf_V_125/1 "/>
</bind>
</comp>

<comp id="900" class="1004" name="inputBuf_V_126_fu_900">
<pin_list>
<pin id="901" dir="0" index="0" bw="1" slack="0"/>
<pin id="902" dir="1" index="1" bw="4" slack="0"/>
</pin_list>
<bind>
<opcode="alloca(26) " fcode="alloca"/>
<opset="inputBuf_V_126/1 "/>
</bind>
</comp>

<comp id="904" class="1004" name="inputBuf_V_127_fu_904">
<pin_list>
<pin id="905" dir="0" index="0" bw="1" slack="0"/>
<pin id="906" dir="1" index="1" bw="4" slack="0"/>
</pin_list>
<bind>
<opcode="alloca(26) " fcode="alloca"/>
<opset="inputBuf_V_127/1 "/>
</bind>
</comp>

<comp id="908" class="1004" name="inputBuf_V_128_fu_908">
<pin_list>
<pin id="909" dir="0" index="0" bw="1" slack="0"/>
<pin id="910" dir="1" index="1" bw="4" slack="0"/>
</pin_list>
<bind>
<opcode="alloca(26) " fcode="alloca"/>
<opset="inputBuf_V_128/1 "/>
</bind>
</comp>

<comp id="912" class="1004" name="inputBuf_V_129_fu_912">
<pin_list>
<pin id="913" dir="0" index="0" bw="1" slack="0"/>
<pin id="914" dir="1" index="1" bw="4" slack="0"/>
</pin_list>
<bind>
<opcode="alloca(26) " fcode="alloca"/>
<opset="inputBuf_V_129/1 "/>
</bind>
</comp>

<comp id="916" class="1004" name="inputBuf_V_130_fu_916">
<pin_list>
<pin id="917" dir="0" index="0" bw="1" slack="0"/>
<pin id="918" dir="1" index="1" bw="4" slack="0"/>
</pin_list>
<bind>
<opcode="alloca(26) " fcode="alloca"/>
<opset="inputBuf_V_130/1 "/>
</bind>
</comp>

<comp id="920" class="1004" name="inputBuf_V_131_fu_920">
<pin_list>
<pin id="921" dir="0" index="0" bw="1" slack="0"/>
<pin id="922" dir="1" index="1" bw="4" slack="0"/>
</pin_list>
<bind>
<opcode="alloca(26) " fcode="alloca"/>
<opset="inputBuf_V_131/1 "/>
</bind>
</comp>

<comp id="924" class="1004" name="inputBuf_V_132_fu_924">
<pin_list>
<pin id="925" dir="0" index="0" bw="1" slack="0"/>
<pin id="926" dir="1" index="1" bw="4" slack="0"/>
</pin_list>
<bind>
<opcode="alloca(26) " fcode="alloca"/>
<opset="inputBuf_V_132/1 "/>
</bind>
</comp>

<comp id="928" class="1004" name="inputBuf_V_133_fu_928">
<pin_list>
<pin id="929" dir="0" index="0" bw="1" slack="0"/>
<pin id="930" dir="1" index="1" bw="4" slack="0"/>
</pin_list>
<bind>
<opcode="alloca(26) " fcode="alloca"/>
<opset="inputBuf_V_133/1 "/>
</bind>
</comp>

<comp id="932" class="1004" name="inputBuf_V_134_fu_932">
<pin_list>
<pin id="933" dir="0" index="0" bw="1" slack="0"/>
<pin id="934" dir="1" index="1" bw="4" slack="0"/>
</pin_list>
<bind>
<opcode="alloca(26) " fcode="alloca"/>
<opset="inputBuf_V_134/1 "/>
</bind>
</comp>

<comp id="936" class="1004" name="inputBuf_V_135_fu_936">
<pin_list>
<pin id="937" dir="0" index="0" bw="1" slack="0"/>
<pin id="938" dir="1" index="1" bw="4" slack="0"/>
</pin_list>
<bind>
<opcode="alloca(26) " fcode="alloca"/>
<opset="inputBuf_V_135/1 "/>
</bind>
</comp>

<comp id="940" class="1004" name="inputBuf_V_136_fu_940">
<pin_list>
<pin id="941" dir="0" index="0" bw="1" slack="0"/>
<pin id="942" dir="1" index="1" bw="4" slack="0"/>
</pin_list>
<bind>
<opcode="alloca(26) " fcode="alloca"/>
<opset="inputBuf_V_136/1 "/>
</bind>
</comp>

<comp id="944" class="1004" name="inputBuf_V_137_fu_944">
<pin_list>
<pin id="945" dir="0" index="0" bw="1" slack="0"/>
<pin id="946" dir="1" index="1" bw="4" slack="0"/>
</pin_list>
<bind>
<opcode="alloca(26) " fcode="alloca"/>
<opset="inputBuf_V_137/1 "/>
</bind>
</comp>

<comp id="948" class="1004" name="inputBuf_V_138_fu_948">
<pin_list>
<pin id="949" dir="0" index="0" bw="1" slack="0"/>
<pin id="950" dir="1" index="1" bw="4" slack="0"/>
</pin_list>
<bind>
<opcode="alloca(26) " fcode="alloca"/>
<opset="inputBuf_V_138/1 "/>
</bind>
</comp>

<comp id="952" class="1004" name="inputBuf_V_139_fu_952">
<pin_list>
<pin id="953" dir="0" index="0" bw="1" slack="0"/>
<pin id="954" dir="1" index="1" bw="4" slack="0"/>
</pin_list>
<bind>
<opcode="alloca(26) " fcode="alloca"/>
<opset="inputBuf_V_139/1 "/>
</bind>
</comp>

<comp id="956" class="1004" name="inputBuf_V_140_fu_956">
<pin_list>
<pin id="957" dir="0" index="0" bw="1" slack="0"/>
<pin id="958" dir="1" index="1" bw="4" slack="0"/>
</pin_list>
<bind>
<opcode="alloca(26) " fcode="alloca"/>
<opset="inputBuf_V_140/1 "/>
</bind>
</comp>

<comp id="960" class="1004" name="inputBuf_V_141_fu_960">
<pin_list>
<pin id="961" dir="0" index="0" bw="1" slack="0"/>
<pin id="962" dir="1" index="1" bw="4" slack="0"/>
</pin_list>
<bind>
<opcode="alloca(26) " fcode="alloca"/>
<opset="inputBuf_V_141/1 "/>
</bind>
</comp>

<comp id="964" class="1004" name="inputBuf_V_142_fu_964">
<pin_list>
<pin id="965" dir="0" index="0" bw="1" slack="0"/>
<pin id="966" dir="1" index="1" bw="4" slack="0"/>
</pin_list>
<bind>
<opcode="alloca(26) " fcode="alloca"/>
<opset="inputBuf_V_142/1 "/>
</bind>
</comp>

<comp id="968" class="1004" name="inputBuf_V_143_fu_968">
<pin_list>
<pin id="969" dir="0" index="0" bw="1" slack="0"/>
<pin id="970" dir="1" index="1" bw="4" slack="0"/>
</pin_list>
<bind>
<opcode="alloca(26) " fcode="alloca"/>
<opset="inputBuf_V_143/1 "/>
</bind>
</comp>

<comp id="972" class="1004" name="nf_1_fu_972">
<pin_list>
<pin id="973" dir="0" index="0" bw="1" slack="0"/>
<pin id="974" dir="1" index="1" bw="32" slack="0"/>
</pin_list>
<bind>
<opcode="alloca(26) " fcode="alloca"/>
<opset="nf_1/1 "/>
</bind>
</comp>

<comp id="976" class="1004" name="in0_V_read_read_fu_976">
<pin_list>
<pin id="977" dir="0" index="0" bw="8" slack="0"/>
<pin id="978" dir="0" index="1" bw="8" slack="0"/>
<pin id="979" dir="1" index="2" bw="8" slack="0"/>
</pin_list>
<bind>
<opcode="read(1150) " fcode="read"/>
<opset="in0_V_read/1 "/>
</bind>
</comp>

<comp id="982" class="1004" name="weights_V_read_read_fu_982">
<pin_list>
<pin id="983" dir="0" index="0" bw="8" slack="0"/>
<pin id="984" dir="0" index="1" bw="8" slack="0"/>
<pin id="985" dir="1" index="2" bw="8" slack="0"/>
</pin_list>
<bind>
<opcode="read(1150) " fcode="read"/>
<opset="weights_V_read/1 "/>
</bind>
</comp>

<comp id="988" class="1004" name="write_ln298_write_fu_988">
<pin_list>
<pin id="989" dir="0" index="0" bw="0" slack="0"/>
<pin id="990" dir="0" index="1" bw="8" slack="0"/>
<pin id="991" dir="0" index="2" bw="4" slack="0"/>
<pin id="992" dir="1" index="3" bw="0" slack="2147483647"/>
</pin_list>
<bind>
<opcode="write(1151) " fcode="write"/>
<opset="write_ln298/7 "/>
</bind>
</comp>

<comp id="995" class="1004" name="p_ZL7threshs_0_addr_gep_fu_995">
<pin_list>
<pin id="996" dir="0" index="0" bw="8" slack="0"/>
<pin id="997" dir="0" index="1" bw="1" slack="0"/>
<pin id="998" dir="0" index="2" bw="32" slack="0"/>
<pin id="999" dir="1" index="3" bw="5" slack="0"/>
</pin_list>
<bind>
<opcode="getelementptr(29) " fcode="getelementptr"/>
<opset="p_ZL7threshs_0_addr/4 "/>
</bind>
</comp>

<comp id="1002" class="1004" name="grp_access_fu_1002">
<pin_list>
<pin id="1003" dir="0" index="0" bw="5" slack="0"/>
<pin id="1004" dir="0" index="1" bw="8" slack="2147483647"/>
<pin id="1005" dir="0" index="2" bw="0" slack="2147483647"/>
<pin id="1006" dir="1" index="3" bw="8" slack="0"/>
</pin_list>
<bind>
<opcode="load(27) " fcode="load"/>
<opset="p_ZL7threshs_0_load/4 "/>
</bind>
</comp>

<comp id="1008" class="1004" name="p_ZL7threshs_1_addr_gep_fu_1008">
<pin_list>
<pin id="1009" dir="0" index="0" bw="9" slack="0"/>
<pin id="1010" dir="0" index="1" bw="1" slack="0"/>
<pin id="1011" dir="0" index="2" bw="32" slack="0"/>
<pin id="1012" dir="1" index="3" bw="5" slack="0"/>
</pin_list>
<bind>
<opcode="getelementptr(29) " fcode="getelementptr"/>
<opset="p_ZL7threshs_1_addr/4 "/>
</bind>
</comp>

<comp id="1015" class="1004" name="grp_access_fu_1015">
<pin_list>
<pin id="1016" dir="0" index="0" bw="5" slack="0"/>
<pin id="1017" dir="0" index="1" bw="9" slack="2147483647"/>
<pin id="1018" dir="0" index="2" bw="0" slack="2147483647"/>
<pin id="1019" dir="1" index="3" bw="9" slack="0"/>
</pin_list>
<bind>
<opcode="load(27) " fcode="load"/>
<opset="p_ZL7threshs_1_load/4 "/>
</bind>
</comp>

<comp id="1021" class="1004" name="p_ZL7threshs_2_addr_gep_fu_1021">
<pin_list>
<pin id="1022" dir="0" index="0" bw="9" slack="0"/>
<pin id="1023" dir="0" index="1" bw="1" slack="0"/>
<pin id="1024" dir="0" index="2" bw="32" slack="0"/>
<pin id="1025" dir="1" index="3" bw="5" slack="0"/>
</pin_list>
<bind>
<opcode="getelementptr(29) " fcode="getelementptr"/>
<opset="p_ZL7threshs_2_addr/4 "/>
</bind>
</comp>

<comp id="1028" class="1004" name="grp_access_fu_1028">
<pin_list>
<pin id="1029" dir="0" index="0" bw="5" slack="0"/>
<pin id="1030" dir="0" index="1" bw="9" slack="2147483647"/>
<pin id="1031" dir="0" index="2" bw="0" slack="2147483647"/>
<pin id="1032" dir="1" index="3" bw="9" slack="0"/>
</pin_list>
<bind>
<opcode="load(27) " fcode="load"/>
<opset="p_ZL7threshs_2_load/4 "/>
</bind>
</comp>

<comp id="1034" class="1004" name="p_ZL7threshs_3_addr_gep_fu_1034">
<pin_list>
<pin id="1035" dir="0" index="0" bw="8" slack="0"/>
<pin id="1036" dir="0" index="1" bw="1" slack="0"/>
<pin id="1037" dir="0" index="2" bw="32" slack="0"/>
<pin id="1038" dir="1" index="3" bw="5" slack="0"/>
</pin_list>
<bind>
<opcode="getelementptr(29) " fcode="getelementptr"/>
<opset="p_ZL7threshs_3_addr/4 "/>
</bind>
</comp>

<comp id="1041" class="1004" name="grp_access_fu_1041">
<pin_list>
<pin id="1042" dir="0" index="0" bw="5" slack="0"/>
<pin id="1043" dir="0" index="1" bw="8" slack="2147483647"/>
<pin id="1044" dir="0" index="2" bw="0" slack="2147483647"/>
<pin id="1045" dir="1" index="3" bw="8" slack="0"/>
</pin_list>
<bind>
<opcode="load(27) " fcode="load"/>
<opset="p_ZL7threshs_3_load/4 "/>
</bind>
</comp>

<comp id="1047" class="1004" name="p_ZL7threshs_4_addr_gep_fu_1047">
<pin_list>
<pin id="1048" dir="0" index="0" bw="9" slack="0"/>
<pin id="1049" dir="0" index="1" bw="1" slack="0"/>
<pin id="1050" dir="0" index="2" bw="32" slack="0"/>
<pin id="1051" dir="1" index="3" bw="5" slack="0"/>
</pin_list>
<bind>
<opcode="getelementptr(29) " fcode="getelementptr"/>
<opset="p_ZL7threshs_4_addr/4 "/>
</bind>
</comp>

<comp id="1054" class="1004" name="grp_access_fu_1054">
<pin_list>
<pin id="1055" dir="0" index="0" bw="5" slack="0"/>
<pin id="1056" dir="0" index="1" bw="9" slack="2147483647"/>
<pin id="1057" dir="0" index="2" bw="0" slack="2147483647"/>
<pin id="1058" dir="1" index="3" bw="9" slack="0"/>
</pin_list>
<bind>
<opcode="load(27) " fcode="load"/>
<opset="p_ZL7threshs_4_load/4 "/>
</bind>
</comp>

<comp id="1060" class="1004" name="p_ZL7threshs_5_addr_gep_fu_1060">
<pin_list>
<pin id="1061" dir="0" index="0" bw="9" slack="0"/>
<pin id="1062" dir="0" index="1" bw="1" slack="0"/>
<pin id="1063" dir="0" index="2" bw="32" slack="0"/>
<pin id="1064" dir="1" index="3" bw="5" slack="0"/>
</pin_list>
<bind>
<opcode="getelementptr(29) " fcode="getelementptr"/>
<opset="p_ZL7threshs_5_addr/4 "/>
</bind>
</comp>

<comp id="1067" class="1004" name="grp_access_fu_1067">
<pin_list>
<pin id="1068" dir="0" index="0" bw="5" slack="0"/>
<pin id="1069" dir="0" index="1" bw="9" slack="2147483647"/>
<pin id="1070" dir="0" index="2" bw="0" slack="2147483647"/>
<pin id="1071" dir="1" index="3" bw="9" slack="0"/>
</pin_list>
<bind>
<opcode="load(27) " fcode="load"/>
<opset="p_ZL7threshs_5_load/4 "/>
</bind>
</comp>

<comp id="1073" class="1004" name="p_ZL7threshs_6_addr_gep_fu_1073">
<pin_list>
<pin id="1074" dir="0" index="0" bw="9" slack="0"/>
<pin id="1075" dir="0" index="1" bw="1" slack="0"/>
<pin id="1076" dir="0" index="2" bw="32" slack="0"/>
<pin id="1077" dir="1" index="3" bw="5" slack="0"/>
</pin_list>
<bind>
<opcode="getelementptr(29) " fcode="getelementptr"/>
<opset="p_ZL7threshs_6_addr/4 "/>
</bind>
</comp>

<comp id="1080" class="1004" name="grp_access_fu_1080">
<pin_list>
<pin id="1081" dir="0" index="0" bw="5" slack="0"/>
<pin id="1082" dir="0" index="1" bw="9" slack="2147483647"/>
<pin id="1083" dir="0" index="2" bw="0" slack="2147483647"/>
<pin id="1084" dir="1" index="3" bw="9" slack="0"/>
</pin_list>
<bind>
<opcode="load(27) " fcode="load"/>
<opset="p_ZL7threshs_6_load/4 "/>
</bind>
</comp>

<comp id="1086" class="1004" name="p_ZL7threshs_7_addr_gep_fu_1086">
<pin_list>
<pin id="1087" dir="0" index="0" bw="9" slack="0"/>
<pin id="1088" dir="0" index="1" bw="1" slack="0"/>
<pin id="1089" dir="0" index="2" bw="32" slack="0"/>
<pin id="1090" dir="1" index="3" bw="5" slack="0"/>
</pin_list>
<bind>
<opcode="getelementptr(29) " fcode="getelementptr"/>
<opset="p_ZL7threshs_7_addr/4 "/>
</bind>
</comp>

<comp id="1093" class="1004" name="grp_access_fu_1093">
<pin_list>
<pin id="1094" dir="0" index="0" bw="5" slack="0"/>
<pin id="1095" dir="0" index="1" bw="9" slack="2147483647"/>
<pin id="1096" dir="0" index="2" bw="0" slack="2147483647"/>
<pin id="1097" dir="1" index="3" bw="9" slack="0"/>
</pin_list>
<bind>
<opcode="load(27) " fcode="load"/>
<opset="p_ZL7threshs_7_load/4 "/>
</bind>
</comp>

<comp id="1099" class="1004" name="p_ZL7threshs_8_addr_gep_fu_1099">
<pin_list>
<pin id="1100" dir="0" index="0" bw="9" slack="0"/>
<pin id="1101" dir="0" index="1" bw="1" slack="0"/>
<pin id="1102" dir="0" index="2" bw="32" slack="0"/>
<pin id="1103" dir="1" index="3" bw="5" slack="0"/>
</pin_list>
<bind>
<opcode="getelementptr(29) " fcode="getelementptr"/>
<opset="p_ZL7threshs_8_addr/4 "/>
</bind>
</comp>

<comp id="1106" class="1004" name="grp_access_fu_1106">
<pin_list>
<pin id="1107" dir="0" index="0" bw="5" slack="0"/>
<pin id="1108" dir="0" index="1" bw="9" slack="2147483647"/>
<pin id="1109" dir="0" index="2" bw="0" slack="2147483647"/>
<pin id="1110" dir="1" index="3" bw="9" slack="0"/>
</pin_list>
<bind>
<opcode="load(27) " fcode="load"/>
<opset="p_ZL7threshs_8_load/4 "/>
</bind>
</comp>

<comp id="1112" class="1004" name="p_ZL7threshs_9_addr_gep_fu_1112">
<pin_list>
<pin id="1113" dir="0" index="0" bw="9" slack="0"/>
<pin id="1114" dir="0" index="1" bw="1" slack="0"/>
<pin id="1115" dir="0" index="2" bw="32" slack="0"/>
<pin id="1116" dir="1" index="3" bw="5" slack="0"/>
</pin_list>
<bind>
<opcode="getelementptr(29) " fcode="getelementptr"/>
<opset="p_ZL7threshs_9_addr/4 "/>
</bind>
</comp>

<comp id="1119" class="1004" name="grp_access_fu_1119">
<pin_list>
<pin id="1120" dir="0" index="0" bw="5" slack="0"/>
<pin id="1121" dir="0" index="1" bw="9" slack="2147483647"/>
<pin id="1122" dir="0" index="2" bw="0" slack="2147483647"/>
<pin id="1123" dir="1" index="3" bw="9" slack="0"/>
</pin_list>
<bind>
<opcode="load(27) " fcode="load"/>
<opset="p_ZL7threshs_9_load/4 "/>
</bind>
</comp>

<comp id="1125" class="1004" name="p_ZL7threshs_10_addr_gep_fu_1125">
<pin_list>
<pin id="1126" dir="0" index="0" bw="9" slack="0"/>
<pin id="1127" dir="0" index="1" bw="1" slack="0"/>
<pin id="1128" dir="0" index="2" bw="32" slack="0"/>
<pin id="1129" dir="1" index="3" bw="5" slack="0"/>
</pin_list>
<bind>
<opcode="getelementptr(29) " fcode="getelementptr"/>
<opset="p_ZL7threshs_10_addr/4 "/>
</bind>
</comp>

<comp id="1132" class="1004" name="grp_access_fu_1132">
<pin_list>
<pin id="1133" dir="0" index="0" bw="5" slack="0"/>
<pin id="1134" dir="0" index="1" bw="9" slack="2147483647"/>
<pin id="1135" dir="0" index="2" bw="0" slack="2147483647"/>
<pin id="1136" dir="1" index="3" bw="9" slack="0"/>
</pin_list>
<bind>
<opcode="load(27) " fcode="load"/>
<opset="p_ZL7threshs_10_load/4 "/>
</bind>
</comp>

<comp id="1138" class="1004" name="p_ZL7threshs_11_addr_gep_fu_1138">
<pin_list>
<pin id="1139" dir="0" index="0" bw="10" slack="0"/>
<pin id="1140" dir="0" index="1" bw="1" slack="0"/>
<pin id="1141" dir="0" index="2" bw="32" slack="0"/>
<pin id="1142" dir="1" index="3" bw="5" slack="0"/>
</pin_list>
<bind>
<opcode="getelementptr(29) " fcode="getelementptr"/>
<opset="p_ZL7threshs_11_addr/4 "/>
</bind>
</comp>

<comp id="1145" class="1004" name="grp_access_fu_1145">
<pin_list>
<pin id="1146" dir="0" index="0" bw="5" slack="0"/>
<pin id="1147" dir="0" index="1" bw="10" slack="2147483647"/>
<pin id="1148" dir="0" index="2" bw="0" slack="2147483647"/>
<pin id="1149" dir="1" index="3" bw="10" slack="0"/>
</pin_list>
<bind>
<opcode="load(27) " fcode="load"/>
<opset="p_ZL7threshs_11_load/4 "/>
</bind>
</comp>

<comp id="1151" class="1004" name="p_ZL7threshs_12_addr_gep_fu_1151">
<pin_list>
<pin id="1152" dir="0" index="0" bw="10" slack="0"/>
<pin id="1153" dir="0" index="1" bw="1" slack="0"/>
<pin id="1154" dir="0" index="2" bw="32" slack="0"/>
<pin id="1155" dir="1" index="3" bw="5" slack="0"/>
</pin_list>
<bind>
<opcode="getelementptr(29) " fcode="getelementptr"/>
<opset="p_ZL7threshs_12_addr/4 "/>
</bind>
</comp>

<comp id="1158" class="1004" name="grp_access_fu_1158">
<pin_list>
<pin id="1159" dir="0" index="0" bw="5" slack="0"/>
<pin id="1160" dir="0" index="1" bw="10" slack="2147483647"/>
<pin id="1161" dir="0" index="2" bw="0" slack="2147483647"/>
<pin id="1162" dir="1" index="3" bw="10" slack="0"/>
</pin_list>
<bind>
<opcode="load(27) " fcode="load"/>
<opset="p_ZL7threshs_12_load/4 "/>
</bind>
</comp>

<comp id="1164" class="1004" name="p_ZL7threshs_13_addr_gep_fu_1164">
<pin_list>
<pin id="1165" dir="0" index="0" bw="10" slack="0"/>
<pin id="1166" dir="0" index="1" bw="1" slack="0"/>
<pin id="1167" dir="0" index="2" bw="32" slack="0"/>
<pin id="1168" dir="1" index="3" bw="5" slack="0"/>
</pin_list>
<bind>
<opcode="getelementptr(29) " fcode="getelementptr"/>
<opset="p_ZL7threshs_13_addr/4 "/>
</bind>
</comp>

<comp id="1171" class="1004" name="grp_access_fu_1171">
<pin_list>
<pin id="1172" dir="0" index="0" bw="5" slack="0"/>
<pin id="1173" dir="0" index="1" bw="10" slack="2147483647"/>
<pin id="1174" dir="0" index="2" bw="0" slack="2147483647"/>
<pin id="1175" dir="1" index="3" bw="10" slack="0"/>
</pin_list>
<bind>
<opcode="load(27) " fcode="load"/>
<opset="p_ZL7threshs_13_load/4 "/>
</bind>
</comp>

<comp id="1177" class="1004" name="p_ZL7threshs_14_addr_gep_fu_1177">
<pin_list>
<pin id="1178" dir="0" index="0" bw="10" slack="0"/>
<pin id="1179" dir="0" index="1" bw="1" slack="0"/>
<pin id="1180" dir="0" index="2" bw="32" slack="0"/>
<pin id="1181" dir="1" index="3" bw="5" slack="0"/>
</pin_list>
<bind>
<opcode="getelementptr(29) " fcode="getelementptr"/>
<opset="p_ZL7threshs_14_addr/4 "/>
</bind>
</comp>

<comp id="1184" class="1004" name="grp_access_fu_1184">
<pin_list>
<pin id="1185" dir="0" index="0" bw="5" slack="0"/>
<pin id="1186" dir="0" index="1" bw="10" slack="2147483647"/>
<pin id="1187" dir="0" index="2" bw="0" slack="2147483647"/>
<pin id="1188" dir="1" index="3" bw="10" slack="0"/>
</pin_list>
<bind>
<opcode="load(27) " fcode="load"/>
<opset="p_ZL7threshs_14_load/4 "/>
</bind>
</comp>

<comp id="1190" class="1005" name="inElem_1_reg_1190">
<pin_list>
<pin id="1191" dir="0" index="0" bw="4" slack="2147483647"/>
<pin id="1192" dir="1" index="1" bw="4" slack="2147483647"/>
</pin_list>
<bind>
<opset="inElem_1 (phireg) "/>
</bind>
</comp>

<comp id="1193" class="1004" name="inElem_1_phi_fu_1193">
<pin_list>
<pin id="1194" dir="0" index="0" bw="4" slack="1"/>
<pin id="1195" dir="0" index="1" bw="0" slack="2147483647"/>
<pin id="1196" dir="0" index="2" bw="4" slack="1"/>
<pin id="1197" dir="0" index="3" bw="0" slack="2147483647"/>
<pin id="1198" dir="1" index="4" bw="4" slack="0"/>
</pin_list>
<bind>
<opcode="phi(47) " fcode="phi"/>
<opset="inElem_1/2 "/>
</bind>
</comp>

<comp id="1199" class="1004" name="store_ln249_store_fu_1199">
<pin_list>
<pin id="1200" dir="0" index="0" bw="1" slack="0"/>
<pin id="1201" dir="0" index="1" bw="32" slack="0"/>
<pin id="1202" dir="1" index="2" bw="0" slack="2147483647"/>
</pin_list>
<bind>
<opcode="store(28) " fcode="store"/>
<opset="store_ln249/1 "/>
</bind>
</comp>

<comp id="1204" class="1004" name="store_ln249_store_fu_1204">
<pin_list>
<pin id="1205" dir="0" index="0" bw="1" slack="0"/>
<pin id="1206" dir="0" index="1" bw="23" slack="0"/>
<pin id="1207" dir="1" index="2" bw="0" slack="2147483647"/>
</pin_list>
<bind>
<opcode="store(28) " fcode="store"/>
<opset="store_ln249/1 "/>
</bind>
</comp>

<comp id="1209" class="1004" name="store_ln249_store_fu_1209">
<pin_list>
<pin id="1210" dir="0" index="0" bw="1" slack="0"/>
<pin id="1211" dir="0" index="1" bw="32" slack="0"/>
<pin id="1212" dir="1" index="2" bw="0" slack="2147483647"/>
</pin_list>
<bind>
<opcode="store(28) " fcode="store"/>
<opset="store_ln249/1 "/>
</bind>
</comp>

<comp id="1214" class="1004" name="sf_1_load_fu_1214">
<pin_list>
<pin id="1215" dir="0" index="0" bw="32" slack="0"/>
<pin id="1216" dir="1" index="1" bw="32" slack="0"/>
</pin_list>
<bind>
<opcode="load(27) " fcode="load"/>
<opset="sf_1/1 "/>
</bind>
</comp>

<comp id="1217" class="1004" name="i_1_load_fu_1217">
<pin_list>
<pin id="1218" dir="0" index="0" bw="23" slack="0"/>
<pin id="1219" dir="1" index="1" bw="23" slack="0"/>
</pin_list>
<bind>
<opcode="load(27) " fcode="load"/>
<opset="i_1/1 "/>
</bind>
</comp>

<comp id="1220" class="1004" name="nf_2_load_fu_1220">
<pin_list>
<pin id="1221" dir="0" index="0" bw="32" slack="0"/>
<pin id="1222" dir="1" index="1" bw="32" slack="0"/>
</pin_list>
<bind>
<opcode="load(27) " fcode="load"/>
<opset="nf_2/1 "/>
</bind>
</comp>

<comp id="1223" class="1004" name="icmp_ln249_fu_1223">
<pin_list>
<pin id="1224" dir="0" index="0" bw="23" slack="0"/>
<pin id="1225" dir="0" index="1" bw="23" slack="0"/>
<pin id="1226" dir="1" index="2" bw="1" slack="1"/>
</pin_list>
<bind>
<opcode="icmp(45) " fcode="icmp"/>
<opset="icmp_ln249/1 "/>
</bind>
</comp>

<comp id="1229" class="1004" name="i_2_fu_1229">
<pin_list>
<pin id="1230" dir="0" index="0" bw="23" slack="0"/>
<pin id="1231" dir="0" index="1" bw="1" slack="0"/>
<pin id="1232" dir="1" index="2" bw="23" slack="0"/>
</pin_list>
<bind>
<opcode="add(8) " fcode="add"/>
<opset="i_2/1 "/>
</bind>
</comp>

<comp id="1235" class="1004" name="icmp_ln253_fu_1235">
<pin_list>
<pin id="1236" dir="0" index="0" bw="32" slack="0"/>
<pin id="1237" dir="0" index="1" bw="32" slack="0"/>
<pin id="1238" dir="1" index="2" bw="1" slack="1"/>
</pin_list>
<bind>
<opcode="icmp(45) " fcode="icmp"/>
<opset="icmp_ln253/1 "/>
</bind>
</comp>

<comp id="1241" class="1004" name="inputBuf_V_load_load_fu_1241">
<pin_list>
<pin id="1242" dir="0" index="0" bw="4" slack="0"/>
<pin id="1243" dir="1" index="1" bw="4" slack="0"/>
</pin_list>
<bind>
<opcode="load(27) " fcode="load"/>
<opset="inputBuf_V_load/1 "/>
</bind>
</comp>

<comp id="1244" class="1004" name="inputBuf_V_1_load_load_fu_1244">
<pin_list>
<pin id="1245" dir="0" index="0" bw="4" slack="0"/>
<pin id="1246" dir="1" index="1" bw="4" slack="0"/>
</pin_list>
<bind>
<opcode="load(27) " fcode="load"/>
<opset="inputBuf_V_1_load/1 "/>
</bind>
</comp>

<comp id="1247" class="1004" name="inputBuf_V_2_load_load_fu_1247">
<pin_list>
<pin id="1248" dir="0" index="0" bw="4" slack="0"/>
<pin id="1249" dir="1" index="1" bw="4" slack="0"/>
</pin_list>
<bind>
<opcode="load(27) " fcode="load"/>
<opset="inputBuf_V_2_load/1 "/>
</bind>
</comp>

<comp id="1250" class="1004" name="inputBuf_V_3_load_load_fu_1250">
<pin_list>
<pin id="1251" dir="0" index="0" bw="4" slack="0"/>
<pin id="1252" dir="1" index="1" bw="4" slack="0"/>
</pin_list>
<bind>
<opcode="load(27) " fcode="load"/>
<opset="inputBuf_V_3_load/1 "/>
</bind>
</comp>

<comp id="1253" class="1004" name="inputBuf_V_4_load_load_fu_1253">
<pin_list>
<pin id="1254" dir="0" index="0" bw="4" slack="0"/>
<pin id="1255" dir="1" index="1" bw="4" slack="0"/>
</pin_list>
<bind>
<opcode="load(27) " fcode="load"/>
<opset="inputBuf_V_4_load/1 "/>
</bind>
</comp>

<comp id="1256" class="1004" name="inputBuf_V_5_load_load_fu_1256">
<pin_list>
<pin id="1257" dir="0" index="0" bw="4" slack="0"/>
<pin id="1258" dir="1" index="1" bw="4" slack="0"/>
</pin_list>
<bind>
<opcode="load(27) " fcode="load"/>
<opset="inputBuf_V_5_load/1 "/>
</bind>
</comp>

<comp id="1259" class="1004" name="inputBuf_V_6_load_load_fu_1259">
<pin_list>
<pin id="1260" dir="0" index="0" bw="4" slack="0"/>
<pin id="1261" dir="1" index="1" bw="4" slack="0"/>
</pin_list>
<bind>
<opcode="load(27) " fcode="load"/>
<opset="inputBuf_V_6_load/1 "/>
</bind>
</comp>

<comp id="1262" class="1004" name="inputBuf_V_7_load_load_fu_1262">
<pin_list>
<pin id="1263" dir="0" index="0" bw="4" slack="0"/>
<pin id="1264" dir="1" index="1" bw="4" slack="0"/>
</pin_list>
<bind>
<opcode="load(27) " fcode="load"/>
<opset="inputBuf_V_7_load/1 "/>
</bind>
</comp>

<comp id="1265" class="1004" name="inputBuf_V_8_load_load_fu_1265">
<pin_list>
<pin id="1266" dir="0" index="0" bw="4" slack="0"/>
<pin id="1267" dir="1" index="1" bw="4" slack="0"/>
</pin_list>
<bind>
<opcode="load(27) " fcode="load"/>
<opset="inputBuf_V_8_load/1 "/>
</bind>
</comp>

<comp id="1268" class="1004" name="inputBuf_V_9_load_load_fu_1268">
<pin_list>
<pin id="1269" dir="0" index="0" bw="4" slack="0"/>
<pin id="1270" dir="1" index="1" bw="4" slack="0"/>
</pin_list>
<bind>
<opcode="load(27) " fcode="load"/>
<opset="inputBuf_V_9_load/1 "/>
</bind>
</comp>

<comp id="1271" class="1004" name="inputBuf_V_10_load_load_fu_1271">
<pin_list>
<pin id="1272" dir="0" index="0" bw="4" slack="0"/>
<pin id="1273" dir="1" index="1" bw="4" slack="0"/>
</pin_list>
<bind>
<opcode="load(27) " fcode="load"/>
<opset="inputBuf_V_10_load/1 "/>
</bind>
</comp>

<comp id="1274" class="1004" name="inputBuf_V_11_load_load_fu_1274">
<pin_list>
<pin id="1275" dir="0" index="0" bw="4" slack="0"/>
<pin id="1276" dir="1" index="1" bw="4" slack="0"/>
</pin_list>
<bind>
<opcode="load(27) " fcode="load"/>
<opset="inputBuf_V_11_load/1 "/>
</bind>
</comp>

<comp id="1277" class="1004" name="inputBuf_V_12_load_load_fu_1277">
<pin_list>
<pin id="1278" dir="0" index="0" bw="4" slack="0"/>
<pin id="1279" dir="1" index="1" bw="4" slack="0"/>
</pin_list>
<bind>
<opcode="load(27) " fcode="load"/>
<opset="inputBuf_V_12_load/1 "/>
</bind>
</comp>

<comp id="1280" class="1004" name="inputBuf_V_13_load_load_fu_1280">
<pin_list>
<pin id="1281" dir="0" index="0" bw="4" slack="0"/>
<pin id="1282" dir="1" index="1" bw="4" slack="0"/>
</pin_list>
<bind>
<opcode="load(27) " fcode="load"/>
<opset="inputBuf_V_13_load/1 "/>
</bind>
</comp>

<comp id="1283" class="1004" name="inputBuf_V_14_load_load_fu_1283">
<pin_list>
<pin id="1284" dir="0" index="0" bw="4" slack="0"/>
<pin id="1285" dir="1" index="1" bw="4" slack="0"/>
</pin_list>
<bind>
<opcode="load(27) " fcode="load"/>
<opset="inputBuf_V_14_load/1 "/>
</bind>
</comp>

<comp id="1286" class="1004" name="inputBuf_V_15_load_load_fu_1286">
<pin_list>
<pin id="1287" dir="0" index="0" bw="4" slack="0"/>
<pin id="1288" dir="1" index="1" bw="4" slack="0"/>
</pin_list>
<bind>
<opcode="load(27) " fcode="load"/>
<opset="inputBuf_V_15_load/1 "/>
</bind>
</comp>

<comp id="1289" class="1004" name="inputBuf_V_16_load_load_fu_1289">
<pin_list>
<pin id="1290" dir="0" index="0" bw="4" slack="0"/>
<pin id="1291" dir="1" index="1" bw="4" slack="0"/>
</pin_list>
<bind>
<opcode="load(27) " fcode="load"/>
<opset="inputBuf_V_16_load/1 "/>
</bind>
</comp>

<comp id="1292" class="1004" name="inputBuf_V_17_load_load_fu_1292">
<pin_list>
<pin id="1293" dir="0" index="0" bw="4" slack="0"/>
<pin id="1294" dir="1" index="1" bw="4" slack="0"/>
</pin_list>
<bind>
<opcode="load(27) " fcode="load"/>
<opset="inputBuf_V_17_load/1 "/>
</bind>
</comp>

<comp id="1295" class="1004" name="inputBuf_V_18_load_load_fu_1295">
<pin_list>
<pin id="1296" dir="0" index="0" bw="4" slack="0"/>
<pin id="1297" dir="1" index="1" bw="4" slack="0"/>
</pin_list>
<bind>
<opcode="load(27) " fcode="load"/>
<opset="inputBuf_V_18_load/1 "/>
</bind>
</comp>

<comp id="1298" class="1004" name="inputBuf_V_19_load_load_fu_1298">
<pin_list>
<pin id="1299" dir="0" index="0" bw="4" slack="0"/>
<pin id="1300" dir="1" index="1" bw="4" slack="0"/>
</pin_list>
<bind>
<opcode="load(27) " fcode="load"/>
<opset="inputBuf_V_19_load/1 "/>
</bind>
</comp>

<comp id="1301" class="1004" name="inputBuf_V_20_load_load_fu_1301">
<pin_list>
<pin id="1302" dir="0" index="0" bw="4" slack="0"/>
<pin id="1303" dir="1" index="1" bw="4" slack="0"/>
</pin_list>
<bind>
<opcode="load(27) " fcode="load"/>
<opset="inputBuf_V_20_load/1 "/>
</bind>
</comp>

<comp id="1304" class="1004" name="inputBuf_V_21_load_load_fu_1304">
<pin_list>
<pin id="1305" dir="0" index="0" bw="4" slack="0"/>
<pin id="1306" dir="1" index="1" bw="4" slack="0"/>
</pin_list>
<bind>
<opcode="load(27) " fcode="load"/>
<opset="inputBuf_V_21_load/1 "/>
</bind>
</comp>

<comp id="1307" class="1004" name="inputBuf_V_22_load_load_fu_1307">
<pin_list>
<pin id="1308" dir="0" index="0" bw="4" slack="0"/>
<pin id="1309" dir="1" index="1" bw="4" slack="0"/>
</pin_list>
<bind>
<opcode="load(27) " fcode="load"/>
<opset="inputBuf_V_22_load/1 "/>
</bind>
</comp>

<comp id="1310" class="1004" name="inputBuf_V_23_load_load_fu_1310">
<pin_list>
<pin id="1311" dir="0" index="0" bw="4" slack="0"/>
<pin id="1312" dir="1" index="1" bw="4" slack="0"/>
</pin_list>
<bind>
<opcode="load(27) " fcode="load"/>
<opset="inputBuf_V_23_load/1 "/>
</bind>
</comp>

<comp id="1313" class="1004" name="inputBuf_V_24_load_load_fu_1313">
<pin_list>
<pin id="1314" dir="0" index="0" bw="4" slack="0"/>
<pin id="1315" dir="1" index="1" bw="4" slack="0"/>
</pin_list>
<bind>
<opcode="load(27) " fcode="load"/>
<opset="inputBuf_V_24_load/1 "/>
</bind>
</comp>

<comp id="1316" class="1004" name="inputBuf_V_25_load_load_fu_1316">
<pin_list>
<pin id="1317" dir="0" index="0" bw="4" slack="0"/>
<pin id="1318" dir="1" index="1" bw="4" slack="0"/>
</pin_list>
<bind>
<opcode="load(27) " fcode="load"/>
<opset="inputBuf_V_25_load/1 "/>
</bind>
</comp>

<comp id="1319" class="1004" name="inputBuf_V_26_load_load_fu_1319">
<pin_list>
<pin id="1320" dir="0" index="0" bw="4" slack="0"/>
<pin id="1321" dir="1" index="1" bw="4" slack="0"/>
</pin_list>
<bind>
<opcode="load(27) " fcode="load"/>
<opset="inputBuf_V_26_load/1 "/>
</bind>
</comp>

<comp id="1322" class="1004" name="inputBuf_V_27_load_load_fu_1322">
<pin_list>
<pin id="1323" dir="0" index="0" bw="4" slack="0"/>
<pin id="1324" dir="1" index="1" bw="4" slack="0"/>
</pin_list>
<bind>
<opcode="load(27) " fcode="load"/>
<opset="inputBuf_V_27_load/1 "/>
</bind>
</comp>

<comp id="1325" class="1004" name="inputBuf_V_28_load_load_fu_1325">
<pin_list>
<pin id="1326" dir="0" index="0" bw="4" slack="0"/>
<pin id="1327" dir="1" index="1" bw="4" slack="0"/>
</pin_list>
<bind>
<opcode="load(27) " fcode="load"/>
<opset="inputBuf_V_28_load/1 "/>
</bind>
</comp>

<comp id="1328" class="1004" name="inputBuf_V_29_load_load_fu_1328">
<pin_list>
<pin id="1329" dir="0" index="0" bw="4" slack="0"/>
<pin id="1330" dir="1" index="1" bw="4" slack="0"/>
</pin_list>
<bind>
<opcode="load(27) " fcode="load"/>
<opset="inputBuf_V_29_load/1 "/>
</bind>
</comp>

<comp id="1331" class="1004" name="inputBuf_V_30_load_load_fu_1331">
<pin_list>
<pin id="1332" dir="0" index="0" bw="4" slack="0"/>
<pin id="1333" dir="1" index="1" bw="4" slack="0"/>
</pin_list>
<bind>
<opcode="load(27) " fcode="load"/>
<opset="inputBuf_V_30_load/1 "/>
</bind>
</comp>

<comp id="1334" class="1004" name="inputBuf_V_31_load_load_fu_1334">
<pin_list>
<pin id="1335" dir="0" index="0" bw="4" slack="0"/>
<pin id="1336" dir="1" index="1" bw="4" slack="0"/>
</pin_list>
<bind>
<opcode="load(27) " fcode="load"/>
<opset="inputBuf_V_31_load/1 "/>
</bind>
</comp>

<comp id="1337" class="1004" name="inputBuf_V_32_load_load_fu_1337">
<pin_list>
<pin id="1338" dir="0" index="0" bw="4" slack="0"/>
<pin id="1339" dir="1" index="1" bw="4" slack="0"/>
</pin_list>
<bind>
<opcode="load(27) " fcode="load"/>
<opset="inputBuf_V_32_load/1 "/>
</bind>
</comp>

<comp id="1340" class="1004" name="inputBuf_V_33_load_load_fu_1340">
<pin_list>
<pin id="1341" dir="0" index="0" bw="4" slack="0"/>
<pin id="1342" dir="1" index="1" bw="4" slack="0"/>
</pin_list>
<bind>
<opcode="load(27) " fcode="load"/>
<opset="inputBuf_V_33_load/1 "/>
</bind>
</comp>

<comp id="1343" class="1004" name="inputBuf_V_34_load_load_fu_1343">
<pin_list>
<pin id="1344" dir="0" index="0" bw="4" slack="0"/>
<pin id="1345" dir="1" index="1" bw="4" slack="0"/>
</pin_list>
<bind>
<opcode="load(27) " fcode="load"/>
<opset="inputBuf_V_34_load/1 "/>
</bind>
</comp>

<comp id="1346" class="1004" name="inputBuf_V_35_load_load_fu_1346">
<pin_list>
<pin id="1347" dir="0" index="0" bw="4" slack="0"/>
<pin id="1348" dir="1" index="1" bw="4" slack="0"/>
</pin_list>
<bind>
<opcode="load(27) " fcode="load"/>
<opset="inputBuf_V_35_load/1 "/>
</bind>
</comp>

<comp id="1349" class="1004" name="inputBuf_V_36_load_load_fu_1349">
<pin_list>
<pin id="1350" dir="0" index="0" bw="4" slack="0"/>
<pin id="1351" dir="1" index="1" bw="4" slack="0"/>
</pin_list>
<bind>
<opcode="load(27) " fcode="load"/>
<opset="inputBuf_V_36_load/1 "/>
</bind>
</comp>

<comp id="1352" class="1004" name="inputBuf_V_37_load_load_fu_1352">
<pin_list>
<pin id="1353" dir="0" index="0" bw="4" slack="0"/>
<pin id="1354" dir="1" index="1" bw="4" slack="0"/>
</pin_list>
<bind>
<opcode="load(27) " fcode="load"/>
<opset="inputBuf_V_37_load/1 "/>
</bind>
</comp>

<comp id="1355" class="1004" name="inputBuf_V_38_load_load_fu_1355">
<pin_list>
<pin id="1356" dir="0" index="0" bw="4" slack="0"/>
<pin id="1357" dir="1" index="1" bw="4" slack="0"/>
</pin_list>
<bind>
<opcode="load(27) " fcode="load"/>
<opset="inputBuf_V_38_load/1 "/>
</bind>
</comp>

<comp id="1358" class="1004" name="inputBuf_V_39_load_load_fu_1358">
<pin_list>
<pin id="1359" dir="0" index="0" bw="4" slack="0"/>
<pin id="1360" dir="1" index="1" bw="4" slack="0"/>
</pin_list>
<bind>
<opcode="load(27) " fcode="load"/>
<opset="inputBuf_V_39_load/1 "/>
</bind>
</comp>

<comp id="1361" class="1004" name="inputBuf_V_40_load_load_fu_1361">
<pin_list>
<pin id="1362" dir="0" index="0" bw="4" slack="0"/>
<pin id="1363" dir="1" index="1" bw="4" slack="0"/>
</pin_list>
<bind>
<opcode="load(27) " fcode="load"/>
<opset="inputBuf_V_40_load/1 "/>
</bind>
</comp>

<comp id="1364" class="1004" name="inputBuf_V_41_load_load_fu_1364">
<pin_list>
<pin id="1365" dir="0" index="0" bw="4" slack="0"/>
<pin id="1366" dir="1" index="1" bw="4" slack="0"/>
</pin_list>
<bind>
<opcode="load(27) " fcode="load"/>
<opset="inputBuf_V_41_load/1 "/>
</bind>
</comp>

<comp id="1367" class="1004" name="inputBuf_V_42_load_load_fu_1367">
<pin_list>
<pin id="1368" dir="0" index="0" bw="4" slack="0"/>
<pin id="1369" dir="1" index="1" bw="4" slack="0"/>
</pin_list>
<bind>
<opcode="load(27) " fcode="load"/>
<opset="inputBuf_V_42_load/1 "/>
</bind>
</comp>

<comp id="1370" class="1004" name="inputBuf_V_43_load_load_fu_1370">
<pin_list>
<pin id="1371" dir="0" index="0" bw="4" slack="0"/>
<pin id="1372" dir="1" index="1" bw="4" slack="0"/>
</pin_list>
<bind>
<opcode="load(27) " fcode="load"/>
<opset="inputBuf_V_43_load/1 "/>
</bind>
</comp>

<comp id="1373" class="1004" name="inputBuf_V_44_load_load_fu_1373">
<pin_list>
<pin id="1374" dir="0" index="0" bw="4" slack="0"/>
<pin id="1375" dir="1" index="1" bw="4" slack="0"/>
</pin_list>
<bind>
<opcode="load(27) " fcode="load"/>
<opset="inputBuf_V_44_load/1 "/>
</bind>
</comp>

<comp id="1376" class="1004" name="inputBuf_V_45_load_load_fu_1376">
<pin_list>
<pin id="1377" dir="0" index="0" bw="4" slack="0"/>
<pin id="1378" dir="1" index="1" bw="4" slack="0"/>
</pin_list>
<bind>
<opcode="load(27) " fcode="load"/>
<opset="inputBuf_V_45_load/1 "/>
</bind>
</comp>

<comp id="1379" class="1004" name="inputBuf_V_46_load_load_fu_1379">
<pin_list>
<pin id="1380" dir="0" index="0" bw="4" slack="0"/>
<pin id="1381" dir="1" index="1" bw="4" slack="0"/>
</pin_list>
<bind>
<opcode="load(27) " fcode="load"/>
<opset="inputBuf_V_46_load/1 "/>
</bind>
</comp>

<comp id="1382" class="1004" name="inputBuf_V_47_load_load_fu_1382">
<pin_list>
<pin id="1383" dir="0" index="0" bw="4" slack="0"/>
<pin id="1384" dir="1" index="1" bw="4" slack="0"/>
</pin_list>
<bind>
<opcode="load(27) " fcode="load"/>
<opset="inputBuf_V_47_load/1 "/>
</bind>
</comp>

<comp id="1385" class="1004" name="inputBuf_V_48_load_load_fu_1385">
<pin_list>
<pin id="1386" dir="0" index="0" bw="4" slack="0"/>
<pin id="1387" dir="1" index="1" bw="4" slack="0"/>
</pin_list>
<bind>
<opcode="load(27) " fcode="load"/>
<opset="inputBuf_V_48_load/1 "/>
</bind>
</comp>

<comp id="1388" class="1004" name="inputBuf_V_49_load_load_fu_1388">
<pin_list>
<pin id="1389" dir="0" index="0" bw="4" slack="0"/>
<pin id="1390" dir="1" index="1" bw="4" slack="0"/>
</pin_list>
<bind>
<opcode="load(27) " fcode="load"/>
<opset="inputBuf_V_49_load/1 "/>
</bind>
</comp>

<comp id="1391" class="1004" name="inputBuf_V_50_load_load_fu_1391">
<pin_list>
<pin id="1392" dir="0" index="0" bw="4" slack="0"/>
<pin id="1393" dir="1" index="1" bw="4" slack="0"/>
</pin_list>
<bind>
<opcode="load(27) " fcode="load"/>
<opset="inputBuf_V_50_load/1 "/>
</bind>
</comp>

<comp id="1394" class="1004" name="inputBuf_V_51_load_load_fu_1394">
<pin_list>
<pin id="1395" dir="0" index="0" bw="4" slack="0"/>
<pin id="1396" dir="1" index="1" bw="4" slack="0"/>
</pin_list>
<bind>
<opcode="load(27) " fcode="load"/>
<opset="inputBuf_V_51_load/1 "/>
</bind>
</comp>

<comp id="1397" class="1004" name="inputBuf_V_52_load_load_fu_1397">
<pin_list>
<pin id="1398" dir="0" index="0" bw="4" slack="0"/>
<pin id="1399" dir="1" index="1" bw="4" slack="0"/>
</pin_list>
<bind>
<opcode="load(27) " fcode="load"/>
<opset="inputBuf_V_52_load/1 "/>
</bind>
</comp>

<comp id="1400" class="1004" name="inputBuf_V_53_load_load_fu_1400">
<pin_list>
<pin id="1401" dir="0" index="0" bw="4" slack="0"/>
<pin id="1402" dir="1" index="1" bw="4" slack="0"/>
</pin_list>
<bind>
<opcode="load(27) " fcode="load"/>
<opset="inputBuf_V_53_load/1 "/>
</bind>
</comp>

<comp id="1403" class="1004" name="inputBuf_V_54_load_load_fu_1403">
<pin_list>
<pin id="1404" dir="0" index="0" bw="4" slack="0"/>
<pin id="1405" dir="1" index="1" bw="4" slack="0"/>
</pin_list>
<bind>
<opcode="load(27) " fcode="load"/>
<opset="inputBuf_V_54_load/1 "/>
</bind>
</comp>

<comp id="1406" class="1004" name="inputBuf_V_55_load_load_fu_1406">
<pin_list>
<pin id="1407" dir="0" index="0" bw="4" slack="0"/>
<pin id="1408" dir="1" index="1" bw="4" slack="0"/>
</pin_list>
<bind>
<opcode="load(27) " fcode="load"/>
<opset="inputBuf_V_55_load/1 "/>
</bind>
</comp>

<comp id="1409" class="1004" name="inputBuf_V_56_load_load_fu_1409">
<pin_list>
<pin id="1410" dir="0" index="0" bw="4" slack="0"/>
<pin id="1411" dir="1" index="1" bw="4" slack="0"/>
</pin_list>
<bind>
<opcode="load(27) " fcode="load"/>
<opset="inputBuf_V_56_load/1 "/>
</bind>
</comp>

<comp id="1412" class="1004" name="inputBuf_V_57_load_load_fu_1412">
<pin_list>
<pin id="1413" dir="0" index="0" bw="4" slack="0"/>
<pin id="1414" dir="1" index="1" bw="4" slack="0"/>
</pin_list>
<bind>
<opcode="load(27) " fcode="load"/>
<opset="inputBuf_V_57_load/1 "/>
</bind>
</comp>

<comp id="1415" class="1004" name="inputBuf_V_58_load_load_fu_1415">
<pin_list>
<pin id="1416" dir="0" index="0" bw="4" slack="0"/>
<pin id="1417" dir="1" index="1" bw="4" slack="0"/>
</pin_list>
<bind>
<opcode="load(27) " fcode="load"/>
<opset="inputBuf_V_58_load/1 "/>
</bind>
</comp>

<comp id="1418" class="1004" name="inputBuf_V_59_load_load_fu_1418">
<pin_list>
<pin id="1419" dir="0" index="0" bw="4" slack="0"/>
<pin id="1420" dir="1" index="1" bw="4" slack="0"/>
</pin_list>
<bind>
<opcode="load(27) " fcode="load"/>
<opset="inputBuf_V_59_load/1 "/>
</bind>
</comp>

<comp id="1421" class="1004" name="inputBuf_V_60_load_load_fu_1421">
<pin_list>
<pin id="1422" dir="0" index="0" bw="4" slack="0"/>
<pin id="1423" dir="1" index="1" bw="4" slack="0"/>
</pin_list>
<bind>
<opcode="load(27) " fcode="load"/>
<opset="inputBuf_V_60_load/1 "/>
</bind>
</comp>

<comp id="1424" class="1004" name="inputBuf_V_61_load_load_fu_1424">
<pin_list>
<pin id="1425" dir="0" index="0" bw="4" slack="0"/>
<pin id="1426" dir="1" index="1" bw="4" slack="0"/>
</pin_list>
<bind>
<opcode="load(27) " fcode="load"/>
<opset="inputBuf_V_61_load/1 "/>
</bind>
</comp>

<comp id="1427" class="1004" name="inputBuf_V_62_load_load_fu_1427">
<pin_list>
<pin id="1428" dir="0" index="0" bw="4" slack="0"/>
<pin id="1429" dir="1" index="1" bw="4" slack="0"/>
</pin_list>
<bind>
<opcode="load(27) " fcode="load"/>
<opset="inputBuf_V_62_load/1 "/>
</bind>
</comp>

<comp id="1430" class="1004" name="inputBuf_V_63_load_load_fu_1430">
<pin_list>
<pin id="1431" dir="0" index="0" bw="4" slack="0"/>
<pin id="1432" dir="1" index="1" bw="4" slack="0"/>
</pin_list>
<bind>
<opcode="load(27) " fcode="load"/>
<opset="inputBuf_V_63_load/1 "/>
</bind>
</comp>

<comp id="1433" class="1004" name="inputBuf_V_64_load_load_fu_1433">
<pin_list>
<pin id="1434" dir="0" index="0" bw="4" slack="0"/>
<pin id="1435" dir="1" index="1" bw="4" slack="0"/>
</pin_list>
<bind>
<opcode="load(27) " fcode="load"/>
<opset="inputBuf_V_64_load/1 "/>
</bind>
</comp>

<comp id="1436" class="1004" name="inputBuf_V_65_load_load_fu_1436">
<pin_list>
<pin id="1437" dir="0" index="0" bw="4" slack="0"/>
<pin id="1438" dir="1" index="1" bw="4" slack="0"/>
</pin_list>
<bind>
<opcode="load(27) " fcode="load"/>
<opset="inputBuf_V_65_load/1 "/>
</bind>
</comp>

<comp id="1439" class="1004" name="inputBuf_V_66_load_load_fu_1439">
<pin_list>
<pin id="1440" dir="0" index="0" bw="4" slack="0"/>
<pin id="1441" dir="1" index="1" bw="4" slack="0"/>
</pin_list>
<bind>
<opcode="load(27) " fcode="load"/>
<opset="inputBuf_V_66_load/1 "/>
</bind>
</comp>

<comp id="1442" class="1004" name="inputBuf_V_67_load_load_fu_1442">
<pin_list>
<pin id="1443" dir="0" index="0" bw="4" slack="0"/>
<pin id="1444" dir="1" index="1" bw="4" slack="0"/>
</pin_list>
<bind>
<opcode="load(27) " fcode="load"/>
<opset="inputBuf_V_67_load/1 "/>
</bind>
</comp>

<comp id="1445" class="1004" name="inputBuf_V_68_load_load_fu_1445">
<pin_list>
<pin id="1446" dir="0" index="0" bw="4" slack="0"/>
<pin id="1447" dir="1" index="1" bw="4" slack="0"/>
</pin_list>
<bind>
<opcode="load(27) " fcode="load"/>
<opset="inputBuf_V_68_load/1 "/>
</bind>
</comp>

<comp id="1448" class="1004" name="inputBuf_V_69_load_load_fu_1448">
<pin_list>
<pin id="1449" dir="0" index="0" bw="4" slack="0"/>
<pin id="1450" dir="1" index="1" bw="4" slack="0"/>
</pin_list>
<bind>
<opcode="load(27) " fcode="load"/>
<opset="inputBuf_V_69_load/1 "/>
</bind>
</comp>

<comp id="1451" class="1004" name="inputBuf_V_70_load_load_fu_1451">
<pin_list>
<pin id="1452" dir="0" index="0" bw="4" slack="0"/>
<pin id="1453" dir="1" index="1" bw="4" slack="0"/>
</pin_list>
<bind>
<opcode="load(27) " fcode="load"/>
<opset="inputBuf_V_70_load/1 "/>
</bind>
</comp>

<comp id="1454" class="1004" name="inputBuf_V_71_load_load_fu_1454">
<pin_list>
<pin id="1455" dir="0" index="0" bw="4" slack="0"/>
<pin id="1456" dir="1" index="1" bw="4" slack="0"/>
</pin_list>
<bind>
<opcode="load(27) " fcode="load"/>
<opset="inputBuf_V_71_load/1 "/>
</bind>
</comp>

<comp id="1457" class="1004" name="inputBuf_V_72_load_load_fu_1457">
<pin_list>
<pin id="1458" dir="0" index="0" bw="4" slack="0"/>
<pin id="1459" dir="1" index="1" bw="4" slack="0"/>
</pin_list>
<bind>
<opcode="load(27) " fcode="load"/>
<opset="inputBuf_V_72_load/1 "/>
</bind>
</comp>

<comp id="1460" class="1004" name="inputBuf_V_73_load_load_fu_1460">
<pin_list>
<pin id="1461" dir="0" index="0" bw="4" slack="0"/>
<pin id="1462" dir="1" index="1" bw="4" slack="0"/>
</pin_list>
<bind>
<opcode="load(27) " fcode="load"/>
<opset="inputBuf_V_73_load/1 "/>
</bind>
</comp>

<comp id="1463" class="1004" name="inputBuf_V_74_load_load_fu_1463">
<pin_list>
<pin id="1464" dir="0" index="0" bw="4" slack="0"/>
<pin id="1465" dir="1" index="1" bw="4" slack="0"/>
</pin_list>
<bind>
<opcode="load(27) " fcode="load"/>
<opset="inputBuf_V_74_load/1 "/>
</bind>
</comp>

<comp id="1466" class="1004" name="inputBuf_V_75_load_load_fu_1466">
<pin_list>
<pin id="1467" dir="0" index="0" bw="4" slack="0"/>
<pin id="1468" dir="1" index="1" bw="4" slack="0"/>
</pin_list>
<bind>
<opcode="load(27) " fcode="load"/>
<opset="inputBuf_V_75_load/1 "/>
</bind>
</comp>

<comp id="1469" class="1004" name="inputBuf_V_76_load_load_fu_1469">
<pin_list>
<pin id="1470" dir="0" index="0" bw="4" slack="0"/>
<pin id="1471" dir="1" index="1" bw="4" slack="0"/>
</pin_list>
<bind>
<opcode="load(27) " fcode="load"/>
<opset="inputBuf_V_76_load/1 "/>
</bind>
</comp>

<comp id="1472" class="1004" name="inputBuf_V_77_load_load_fu_1472">
<pin_list>
<pin id="1473" dir="0" index="0" bw="4" slack="0"/>
<pin id="1474" dir="1" index="1" bw="4" slack="0"/>
</pin_list>
<bind>
<opcode="load(27) " fcode="load"/>
<opset="inputBuf_V_77_load/1 "/>
</bind>
</comp>

<comp id="1475" class="1004" name="inputBuf_V_78_load_load_fu_1475">
<pin_list>
<pin id="1476" dir="0" index="0" bw="4" slack="0"/>
<pin id="1477" dir="1" index="1" bw="4" slack="0"/>
</pin_list>
<bind>
<opcode="load(27) " fcode="load"/>
<opset="inputBuf_V_78_load/1 "/>
</bind>
</comp>

<comp id="1478" class="1004" name="inputBuf_V_79_load_load_fu_1478">
<pin_list>
<pin id="1479" dir="0" index="0" bw="4" slack="0"/>
<pin id="1480" dir="1" index="1" bw="4" slack="0"/>
</pin_list>
<bind>
<opcode="load(27) " fcode="load"/>
<opset="inputBuf_V_79_load/1 "/>
</bind>
</comp>

<comp id="1481" class="1004" name="inputBuf_V_80_load_load_fu_1481">
<pin_list>
<pin id="1482" dir="0" index="0" bw="4" slack="0"/>
<pin id="1483" dir="1" index="1" bw="4" slack="0"/>
</pin_list>
<bind>
<opcode="load(27) " fcode="load"/>
<opset="inputBuf_V_80_load/1 "/>
</bind>
</comp>

<comp id="1484" class="1004" name="inputBuf_V_81_load_load_fu_1484">
<pin_list>
<pin id="1485" dir="0" index="0" bw="4" slack="0"/>
<pin id="1486" dir="1" index="1" bw="4" slack="0"/>
</pin_list>
<bind>
<opcode="load(27) " fcode="load"/>
<opset="inputBuf_V_81_load/1 "/>
</bind>
</comp>

<comp id="1487" class="1004" name="inputBuf_V_82_load_load_fu_1487">
<pin_list>
<pin id="1488" dir="0" index="0" bw="4" slack="0"/>
<pin id="1489" dir="1" index="1" bw="4" slack="0"/>
</pin_list>
<bind>
<opcode="load(27) " fcode="load"/>
<opset="inputBuf_V_82_load/1 "/>
</bind>
</comp>

<comp id="1490" class="1004" name="inputBuf_V_83_load_load_fu_1490">
<pin_list>
<pin id="1491" dir="0" index="0" bw="4" slack="0"/>
<pin id="1492" dir="1" index="1" bw="4" slack="0"/>
</pin_list>
<bind>
<opcode="load(27) " fcode="load"/>
<opset="inputBuf_V_83_load/1 "/>
</bind>
</comp>

<comp id="1493" class="1004" name="inputBuf_V_84_load_load_fu_1493">
<pin_list>
<pin id="1494" dir="0" index="0" bw="4" slack="0"/>
<pin id="1495" dir="1" index="1" bw="4" slack="0"/>
</pin_list>
<bind>
<opcode="load(27) " fcode="load"/>
<opset="inputBuf_V_84_load/1 "/>
</bind>
</comp>

<comp id="1496" class="1004" name="inputBuf_V_85_load_load_fu_1496">
<pin_list>
<pin id="1497" dir="0" index="0" bw="4" slack="0"/>
<pin id="1498" dir="1" index="1" bw="4" slack="0"/>
</pin_list>
<bind>
<opcode="load(27) " fcode="load"/>
<opset="inputBuf_V_85_load/1 "/>
</bind>
</comp>

<comp id="1499" class="1004" name="inputBuf_V_86_load_load_fu_1499">
<pin_list>
<pin id="1500" dir="0" index="0" bw="4" slack="0"/>
<pin id="1501" dir="1" index="1" bw="4" slack="0"/>
</pin_list>
<bind>
<opcode="load(27) " fcode="load"/>
<opset="inputBuf_V_86_load/1 "/>
</bind>
</comp>

<comp id="1502" class="1004" name="inputBuf_V_87_load_load_fu_1502">
<pin_list>
<pin id="1503" dir="0" index="0" bw="4" slack="0"/>
<pin id="1504" dir="1" index="1" bw="4" slack="0"/>
</pin_list>
<bind>
<opcode="load(27) " fcode="load"/>
<opset="inputBuf_V_87_load/1 "/>
</bind>
</comp>

<comp id="1505" class="1004" name="inputBuf_V_88_load_load_fu_1505">
<pin_list>
<pin id="1506" dir="0" index="0" bw="4" slack="0"/>
<pin id="1507" dir="1" index="1" bw="4" slack="0"/>
</pin_list>
<bind>
<opcode="load(27) " fcode="load"/>
<opset="inputBuf_V_88_load/1 "/>
</bind>
</comp>

<comp id="1508" class="1004" name="inputBuf_V_89_load_load_fu_1508">
<pin_list>
<pin id="1509" dir="0" index="0" bw="4" slack="0"/>
<pin id="1510" dir="1" index="1" bw="4" slack="0"/>
</pin_list>
<bind>
<opcode="load(27) " fcode="load"/>
<opset="inputBuf_V_89_load/1 "/>
</bind>
</comp>

<comp id="1511" class="1004" name="inputBuf_V_90_load_load_fu_1511">
<pin_list>
<pin id="1512" dir="0" index="0" bw="4" slack="0"/>
<pin id="1513" dir="1" index="1" bw="4" slack="0"/>
</pin_list>
<bind>
<opcode="load(27) " fcode="load"/>
<opset="inputBuf_V_90_load/1 "/>
</bind>
</comp>

<comp id="1514" class="1004" name="inputBuf_V_91_load_load_fu_1514">
<pin_list>
<pin id="1515" dir="0" index="0" bw="4" slack="0"/>
<pin id="1516" dir="1" index="1" bw="4" slack="0"/>
</pin_list>
<bind>
<opcode="load(27) " fcode="load"/>
<opset="inputBuf_V_91_load/1 "/>
</bind>
</comp>

<comp id="1517" class="1004" name="inputBuf_V_92_load_load_fu_1517">
<pin_list>
<pin id="1518" dir="0" index="0" bw="4" slack="0"/>
<pin id="1519" dir="1" index="1" bw="4" slack="0"/>
</pin_list>
<bind>
<opcode="load(27) " fcode="load"/>
<opset="inputBuf_V_92_load/1 "/>
</bind>
</comp>

<comp id="1520" class="1004" name="inputBuf_V_93_load_load_fu_1520">
<pin_list>
<pin id="1521" dir="0" index="0" bw="4" slack="0"/>
<pin id="1522" dir="1" index="1" bw="4" slack="0"/>
</pin_list>
<bind>
<opcode="load(27) " fcode="load"/>
<opset="inputBuf_V_93_load/1 "/>
</bind>
</comp>

<comp id="1523" class="1004" name="inputBuf_V_94_load_load_fu_1523">
<pin_list>
<pin id="1524" dir="0" index="0" bw="4" slack="0"/>
<pin id="1525" dir="1" index="1" bw="4" slack="0"/>
</pin_list>
<bind>
<opcode="load(27) " fcode="load"/>
<opset="inputBuf_V_94_load/1 "/>
</bind>
</comp>

<comp id="1526" class="1004" name="inputBuf_V_95_load_load_fu_1526">
<pin_list>
<pin id="1527" dir="0" index="0" bw="4" slack="0"/>
<pin id="1528" dir="1" index="1" bw="4" slack="0"/>
</pin_list>
<bind>
<opcode="load(27) " fcode="load"/>
<opset="inputBuf_V_95_load/1 "/>
</bind>
</comp>

<comp id="1529" class="1004" name="inputBuf_V_96_load_load_fu_1529">
<pin_list>
<pin id="1530" dir="0" index="0" bw="4" slack="0"/>
<pin id="1531" dir="1" index="1" bw="4" slack="0"/>
</pin_list>
<bind>
<opcode="load(27) " fcode="load"/>
<opset="inputBuf_V_96_load/1 "/>
</bind>
</comp>

<comp id="1532" class="1004" name="inputBuf_V_97_load_load_fu_1532">
<pin_list>
<pin id="1533" dir="0" index="0" bw="4" slack="0"/>
<pin id="1534" dir="1" index="1" bw="4" slack="0"/>
</pin_list>
<bind>
<opcode="load(27) " fcode="load"/>
<opset="inputBuf_V_97_load/1 "/>
</bind>
</comp>

<comp id="1535" class="1004" name="inputBuf_V_98_load_load_fu_1535">
<pin_list>
<pin id="1536" dir="0" index="0" bw="4" slack="0"/>
<pin id="1537" dir="1" index="1" bw="4" slack="0"/>
</pin_list>
<bind>
<opcode="load(27) " fcode="load"/>
<opset="inputBuf_V_98_load/1 "/>
</bind>
</comp>

<comp id="1538" class="1004" name="inputBuf_V_99_load_load_fu_1538">
<pin_list>
<pin id="1539" dir="0" index="0" bw="4" slack="0"/>
<pin id="1540" dir="1" index="1" bw="4" slack="0"/>
</pin_list>
<bind>
<opcode="load(27) " fcode="load"/>
<opset="inputBuf_V_99_load/1 "/>
</bind>
</comp>

<comp id="1541" class="1004" name="inputBuf_V_100_load_load_fu_1541">
<pin_list>
<pin id="1542" dir="0" index="0" bw="4" slack="0"/>
<pin id="1543" dir="1" index="1" bw="4" slack="0"/>
</pin_list>
<bind>
<opcode="load(27) " fcode="load"/>
<opset="inputBuf_V_100_load/1 "/>
</bind>
</comp>

<comp id="1544" class="1004" name="inputBuf_V_101_load_load_fu_1544">
<pin_list>
<pin id="1545" dir="0" index="0" bw="4" slack="0"/>
<pin id="1546" dir="1" index="1" bw="4" slack="0"/>
</pin_list>
<bind>
<opcode="load(27) " fcode="load"/>
<opset="inputBuf_V_101_load/1 "/>
</bind>
</comp>

<comp id="1547" class="1004" name="inputBuf_V_102_load_load_fu_1547">
<pin_list>
<pin id="1548" dir="0" index="0" bw="4" slack="0"/>
<pin id="1549" dir="1" index="1" bw="4" slack="0"/>
</pin_list>
<bind>
<opcode="load(27) " fcode="load"/>
<opset="inputBuf_V_102_load/1 "/>
</bind>
</comp>

<comp id="1550" class="1004" name="inputBuf_V_103_load_load_fu_1550">
<pin_list>
<pin id="1551" dir="0" index="0" bw="4" slack="0"/>
<pin id="1552" dir="1" index="1" bw="4" slack="0"/>
</pin_list>
<bind>
<opcode="load(27) " fcode="load"/>
<opset="inputBuf_V_103_load/1 "/>
</bind>
</comp>

<comp id="1553" class="1004" name="inputBuf_V_104_load_load_fu_1553">
<pin_list>
<pin id="1554" dir="0" index="0" bw="4" slack="0"/>
<pin id="1555" dir="1" index="1" bw="4" slack="0"/>
</pin_list>
<bind>
<opcode="load(27) " fcode="load"/>
<opset="inputBuf_V_104_load/1 "/>
</bind>
</comp>

<comp id="1556" class="1004" name="inputBuf_V_105_load_load_fu_1556">
<pin_list>
<pin id="1557" dir="0" index="0" bw="4" slack="0"/>
<pin id="1558" dir="1" index="1" bw="4" slack="0"/>
</pin_list>
<bind>
<opcode="load(27) " fcode="load"/>
<opset="inputBuf_V_105_load/1 "/>
</bind>
</comp>

<comp id="1559" class="1004" name="inputBuf_V_106_load_load_fu_1559">
<pin_list>
<pin id="1560" dir="0" index="0" bw="4" slack="0"/>
<pin id="1561" dir="1" index="1" bw="4" slack="0"/>
</pin_list>
<bind>
<opcode="load(27) " fcode="load"/>
<opset="inputBuf_V_106_load/1 "/>
</bind>
</comp>

<comp id="1562" class="1004" name="inputBuf_V_107_load_load_fu_1562">
<pin_list>
<pin id="1563" dir="0" index="0" bw="4" slack="0"/>
<pin id="1564" dir="1" index="1" bw="4" slack="0"/>
</pin_list>
<bind>
<opcode="load(27) " fcode="load"/>
<opset="inputBuf_V_107_load/1 "/>
</bind>
</comp>

<comp id="1565" class="1004" name="inputBuf_V_108_load_load_fu_1565">
<pin_list>
<pin id="1566" dir="0" index="0" bw="4" slack="0"/>
<pin id="1567" dir="1" index="1" bw="4" slack="0"/>
</pin_list>
<bind>
<opcode="load(27) " fcode="load"/>
<opset="inputBuf_V_108_load/1 "/>
</bind>
</comp>

<comp id="1568" class="1004" name="inputBuf_V_109_load_load_fu_1568">
<pin_list>
<pin id="1569" dir="0" index="0" bw="4" slack="0"/>
<pin id="1570" dir="1" index="1" bw="4" slack="0"/>
</pin_list>
<bind>
<opcode="load(27) " fcode="load"/>
<opset="inputBuf_V_109_load/1 "/>
</bind>
</comp>

<comp id="1571" class="1004" name="inputBuf_V_110_load_load_fu_1571">
<pin_list>
<pin id="1572" dir="0" index="0" bw="4" slack="0"/>
<pin id="1573" dir="1" index="1" bw="4" slack="0"/>
</pin_list>
<bind>
<opcode="load(27) " fcode="load"/>
<opset="inputBuf_V_110_load/1 "/>
</bind>
</comp>

<comp id="1574" class="1004" name="inputBuf_V_111_load_load_fu_1574">
<pin_list>
<pin id="1575" dir="0" index="0" bw="4" slack="0"/>
<pin id="1576" dir="1" index="1" bw="4" slack="0"/>
</pin_list>
<bind>
<opcode="load(27) " fcode="load"/>
<opset="inputBuf_V_111_load/1 "/>
</bind>
</comp>

<comp id="1577" class="1004" name="inputBuf_V_112_load_load_fu_1577">
<pin_list>
<pin id="1578" dir="0" index="0" bw="4" slack="0"/>
<pin id="1579" dir="1" index="1" bw="4" slack="0"/>
</pin_list>
<bind>
<opcode="load(27) " fcode="load"/>
<opset="inputBuf_V_112_load/1 "/>
</bind>
</comp>

<comp id="1580" class="1004" name="inputBuf_V_113_load_load_fu_1580">
<pin_list>
<pin id="1581" dir="0" index="0" bw="4" slack="0"/>
<pin id="1582" dir="1" index="1" bw="4" slack="0"/>
</pin_list>
<bind>
<opcode="load(27) " fcode="load"/>
<opset="inputBuf_V_113_load/1 "/>
</bind>
</comp>

<comp id="1583" class="1004" name="inputBuf_V_114_load_load_fu_1583">
<pin_list>
<pin id="1584" dir="0" index="0" bw="4" slack="0"/>
<pin id="1585" dir="1" index="1" bw="4" slack="0"/>
</pin_list>
<bind>
<opcode="load(27) " fcode="load"/>
<opset="inputBuf_V_114_load/1 "/>
</bind>
</comp>

<comp id="1586" class="1004" name="inputBuf_V_115_load_load_fu_1586">
<pin_list>
<pin id="1587" dir="0" index="0" bw="4" slack="0"/>
<pin id="1588" dir="1" index="1" bw="4" slack="0"/>
</pin_list>
<bind>
<opcode="load(27) " fcode="load"/>
<opset="inputBuf_V_115_load/1 "/>
</bind>
</comp>

<comp id="1589" class="1004" name="inputBuf_V_116_load_load_fu_1589">
<pin_list>
<pin id="1590" dir="0" index="0" bw="4" slack="0"/>
<pin id="1591" dir="1" index="1" bw="4" slack="0"/>
</pin_list>
<bind>
<opcode="load(27) " fcode="load"/>
<opset="inputBuf_V_116_load/1 "/>
</bind>
</comp>

<comp id="1592" class="1004" name="inputBuf_V_117_load_load_fu_1592">
<pin_list>
<pin id="1593" dir="0" index="0" bw="4" slack="0"/>
<pin id="1594" dir="1" index="1" bw="4" slack="0"/>
</pin_list>
<bind>
<opcode="load(27) " fcode="load"/>
<opset="inputBuf_V_117_load/1 "/>
</bind>
</comp>

<comp id="1595" class="1004" name="inputBuf_V_118_load_load_fu_1595">
<pin_list>
<pin id="1596" dir="0" index="0" bw="4" slack="0"/>
<pin id="1597" dir="1" index="1" bw="4" slack="0"/>
</pin_list>
<bind>
<opcode="load(27) " fcode="load"/>
<opset="inputBuf_V_118_load/1 "/>
</bind>
</comp>

<comp id="1598" class="1004" name="inputBuf_V_119_load_load_fu_1598">
<pin_list>
<pin id="1599" dir="0" index="0" bw="4" slack="0"/>
<pin id="1600" dir="1" index="1" bw="4" slack="0"/>
</pin_list>
<bind>
<opcode="load(27) " fcode="load"/>
<opset="inputBuf_V_119_load/1 "/>
</bind>
</comp>

<comp id="1601" class="1004" name="inputBuf_V_120_load_load_fu_1601">
<pin_list>
<pin id="1602" dir="0" index="0" bw="4" slack="0"/>
<pin id="1603" dir="1" index="1" bw="4" slack="0"/>
</pin_list>
<bind>
<opcode="load(27) " fcode="load"/>
<opset="inputBuf_V_120_load/1 "/>
</bind>
</comp>

<comp id="1604" class="1004" name="inputBuf_V_121_load_load_fu_1604">
<pin_list>
<pin id="1605" dir="0" index="0" bw="4" slack="0"/>
<pin id="1606" dir="1" index="1" bw="4" slack="0"/>
</pin_list>
<bind>
<opcode="load(27) " fcode="load"/>
<opset="inputBuf_V_121_load/1 "/>
</bind>
</comp>

<comp id="1607" class="1004" name="inputBuf_V_122_load_load_fu_1607">
<pin_list>
<pin id="1608" dir="0" index="0" bw="4" slack="0"/>
<pin id="1609" dir="1" index="1" bw="4" slack="0"/>
</pin_list>
<bind>
<opcode="load(27) " fcode="load"/>
<opset="inputBuf_V_122_load/1 "/>
</bind>
</comp>

<comp id="1610" class="1004" name="inputBuf_V_123_load_load_fu_1610">
<pin_list>
<pin id="1611" dir="0" index="0" bw="4" slack="0"/>
<pin id="1612" dir="1" index="1" bw="4" slack="0"/>
</pin_list>
<bind>
<opcode="load(27) " fcode="load"/>
<opset="inputBuf_V_123_load/1 "/>
</bind>
</comp>

<comp id="1613" class="1004" name="inputBuf_V_124_load_load_fu_1613">
<pin_list>
<pin id="1614" dir="0" index="0" bw="4" slack="0"/>
<pin id="1615" dir="1" index="1" bw="4" slack="0"/>
</pin_list>
<bind>
<opcode="load(27) " fcode="load"/>
<opset="inputBuf_V_124_load/1 "/>
</bind>
</comp>

<comp id="1616" class="1004" name="inputBuf_V_125_load_load_fu_1616">
<pin_list>
<pin id="1617" dir="0" index="0" bw="4" slack="0"/>
<pin id="1618" dir="1" index="1" bw="4" slack="0"/>
</pin_list>
<bind>
<opcode="load(27) " fcode="load"/>
<opset="inputBuf_V_125_load/1 "/>
</bind>
</comp>

<comp id="1619" class="1004" name="inputBuf_V_126_load_load_fu_1619">
<pin_list>
<pin id="1620" dir="0" index="0" bw="4" slack="0"/>
<pin id="1621" dir="1" index="1" bw="4" slack="0"/>
</pin_list>
<bind>
<opcode="load(27) " fcode="load"/>
<opset="inputBuf_V_126_load/1 "/>
</bind>
</comp>

<comp id="1622" class="1004" name="inputBuf_V_127_load_load_fu_1622">
<pin_list>
<pin id="1623" dir="0" index="0" bw="4" slack="0"/>
<pin id="1624" dir="1" index="1" bw="4" slack="0"/>
</pin_list>
<bind>
<opcode="load(27) " fcode="load"/>
<opset="inputBuf_V_127_load/1 "/>
</bind>
</comp>

<comp id="1625" class="1004" name="inputBuf_V_128_load_load_fu_1625">
<pin_list>
<pin id="1626" dir="0" index="0" bw="4" slack="0"/>
<pin id="1627" dir="1" index="1" bw="4" slack="0"/>
</pin_list>
<bind>
<opcode="load(27) " fcode="load"/>
<opset="inputBuf_V_128_load/1 "/>
</bind>
</comp>

<comp id="1628" class="1004" name="inputBuf_V_129_load_load_fu_1628">
<pin_list>
<pin id="1629" dir="0" index="0" bw="4" slack="0"/>
<pin id="1630" dir="1" index="1" bw="4" slack="0"/>
</pin_list>
<bind>
<opcode="load(27) " fcode="load"/>
<opset="inputBuf_V_129_load/1 "/>
</bind>
</comp>

<comp id="1631" class="1004" name="inputBuf_V_130_load_load_fu_1631">
<pin_list>
<pin id="1632" dir="0" index="0" bw="4" slack="0"/>
<pin id="1633" dir="1" index="1" bw="4" slack="0"/>
</pin_list>
<bind>
<opcode="load(27) " fcode="load"/>
<opset="inputBuf_V_130_load/1 "/>
</bind>
</comp>

<comp id="1634" class="1004" name="inputBuf_V_131_load_load_fu_1634">
<pin_list>
<pin id="1635" dir="0" index="0" bw="4" slack="0"/>
<pin id="1636" dir="1" index="1" bw="4" slack="0"/>
</pin_list>
<bind>
<opcode="load(27) " fcode="load"/>
<opset="inputBuf_V_131_load/1 "/>
</bind>
</comp>

<comp id="1637" class="1004" name="inputBuf_V_132_load_load_fu_1637">
<pin_list>
<pin id="1638" dir="0" index="0" bw="4" slack="0"/>
<pin id="1639" dir="1" index="1" bw="4" slack="0"/>
</pin_list>
<bind>
<opcode="load(27) " fcode="load"/>
<opset="inputBuf_V_132_load/1 "/>
</bind>
</comp>

<comp id="1640" class="1004" name="inputBuf_V_133_load_load_fu_1640">
<pin_list>
<pin id="1641" dir="0" index="0" bw="4" slack="0"/>
<pin id="1642" dir="1" index="1" bw="4" slack="0"/>
</pin_list>
<bind>
<opcode="load(27) " fcode="load"/>
<opset="inputBuf_V_133_load/1 "/>
</bind>
</comp>

<comp id="1643" class="1004" name="inputBuf_V_134_load_load_fu_1643">
<pin_list>
<pin id="1644" dir="0" index="0" bw="4" slack="0"/>
<pin id="1645" dir="1" index="1" bw="4" slack="0"/>
</pin_list>
<bind>
<opcode="load(27) " fcode="load"/>
<opset="inputBuf_V_134_load/1 "/>
</bind>
</comp>

<comp id="1646" class="1004" name="inputBuf_V_135_load_load_fu_1646">
<pin_list>
<pin id="1647" dir="0" index="0" bw="4" slack="0"/>
<pin id="1648" dir="1" index="1" bw="4" slack="0"/>
</pin_list>
<bind>
<opcode="load(27) " fcode="load"/>
<opset="inputBuf_V_135_load/1 "/>
</bind>
</comp>

<comp id="1649" class="1004" name="inputBuf_V_136_load_load_fu_1649">
<pin_list>
<pin id="1650" dir="0" index="0" bw="4" slack="0"/>
<pin id="1651" dir="1" index="1" bw="4" slack="0"/>
</pin_list>
<bind>
<opcode="load(27) " fcode="load"/>
<opset="inputBuf_V_136_load/1 "/>
</bind>
</comp>

<comp id="1652" class="1004" name="inputBuf_V_137_load_load_fu_1652">
<pin_list>
<pin id="1653" dir="0" index="0" bw="4" slack="0"/>
<pin id="1654" dir="1" index="1" bw="4" slack="0"/>
</pin_list>
<bind>
<opcode="load(27) " fcode="load"/>
<opset="inputBuf_V_137_load/1 "/>
</bind>
</comp>

<comp id="1655" class="1004" name="inputBuf_V_138_load_load_fu_1655">
<pin_list>
<pin id="1656" dir="0" index="0" bw="4" slack="0"/>
<pin id="1657" dir="1" index="1" bw="4" slack="0"/>
</pin_list>
<bind>
<opcode="load(27) " fcode="load"/>
<opset="inputBuf_V_138_load/1 "/>
</bind>
</comp>

<comp id="1658" class="1004" name="inputBuf_V_139_load_load_fu_1658">
<pin_list>
<pin id="1659" dir="0" index="0" bw="4" slack="0"/>
<pin id="1660" dir="1" index="1" bw="4" slack="0"/>
</pin_list>
<bind>
<opcode="load(27) " fcode="load"/>
<opset="inputBuf_V_139_load/1 "/>
</bind>
</comp>

<comp id="1661" class="1004" name="inputBuf_V_140_load_load_fu_1661">
<pin_list>
<pin id="1662" dir="0" index="0" bw="4" slack="0"/>
<pin id="1663" dir="1" index="1" bw="4" slack="0"/>
</pin_list>
<bind>
<opcode="load(27) " fcode="load"/>
<opset="inputBuf_V_140_load/1 "/>
</bind>
</comp>

<comp id="1664" class="1004" name="inputBuf_V_141_load_load_fu_1664">
<pin_list>
<pin id="1665" dir="0" index="0" bw="4" slack="0"/>
<pin id="1666" dir="1" index="1" bw="4" slack="0"/>
</pin_list>
<bind>
<opcode="load(27) " fcode="load"/>
<opset="inputBuf_V_141_load/1 "/>
</bind>
</comp>

<comp id="1667" class="1004" name="inputBuf_V_142_load_load_fu_1667">
<pin_list>
<pin id="1668" dir="0" index="0" bw="4" slack="0"/>
<pin id="1669" dir="1" index="1" bw="4" slack="0"/>
</pin_list>
<bind>
<opcode="load(27) " fcode="load"/>
<opset="inputBuf_V_142_load/1 "/>
</bind>
</comp>

<comp id="1670" class="1004" name="inputBuf_V_143_load_load_fu_1670">
<pin_list>
<pin id="1671" dir="0" index="0" bw="4" slack="0"/>
<pin id="1672" dir="1" index="1" bw="4" slack="0"/>
</pin_list>
<bind>
<opcode="load(27) " fcode="load"/>
<opset="inputBuf_V_143_load/1 "/>
</bind>
</comp>

<comp id="1673" class="1004" name="trunc_ln261_fu_1673">
<pin_list>
<pin id="1674" dir="0" index="0" bw="32" slack="0"/>
<pin id="1675" dir="1" index="1" bw="8" slack="0"/>
</pin_list>
<bind>
<opcode="trunc(33) " fcode="trunc"/>
<opset="trunc_ln261/1 "/>
</bind>
</comp>

<comp id="1677" class="1004" name="tmp_fu_1677">
<pin_list>
<pin id="1678" dir="0" index="0" bw="4" slack="0"/>
<pin id="1679" dir="0" index="1" bw="4" slack="0"/>
<pin id="1680" dir="0" index="2" bw="4" slack="0"/>
<pin id="1681" dir="0" index="3" bw="4" slack="0"/>
<pin id="1682" dir="0" index="4" bw="4" slack="0"/>
<pin id="1683" dir="0" index="5" bw="4" slack="0"/>
<pin id="1684" dir="0" index="6" bw="4" slack="0"/>
<pin id="1685" dir="0" index="7" bw="4" slack="0"/>
<pin id="1686" dir="0" index="8" bw="4" slack="0"/>
<pin id="1687" dir="0" index="9" bw="4" slack="0"/>
<pin id="1688" dir="0" index="10" bw="4" slack="0"/>
<pin id="1689" dir="0" index="11" bw="4" slack="0"/>
<pin id="1690" dir="0" index="12" bw="4" slack="0"/>
<pin id="1691" dir="0" index="13" bw="4" slack="0"/>
<pin id="1692" dir="0" index="14" bw="4" slack="0"/>
<pin id="1693" dir="0" index="15" bw="4" slack="0"/>
<pin id="1694" dir="0" index="16" bw="4" slack="0"/>
<pin id="1695" dir="0" index="17" bw="4" slack="0"/>
<pin id="1696" dir="0" index="18" bw="4" slack="0"/>
<pin id="1697" dir="0" index="19" bw="4" slack="0"/>
<pin id="1698" dir="0" index="20" bw="4" slack="0"/>
<pin id="1699" dir="0" index="21" bw="4" slack="0"/>
<pin id="1700" dir="0" index="22" bw="4" slack="0"/>
<pin id="1701" dir="0" index="23" bw="4" slack="0"/>
<pin id="1702" dir="0" index="24" bw="4" slack="0"/>
<pin id="1703" dir="0" index="25" bw="4" slack="0"/>
<pin id="1704" dir="0" index="26" bw="4" slack="0"/>
<pin id="1705" dir="0" index="27" bw="4" slack="0"/>
<pin id="1706" dir="0" index="28" bw="4" slack="0"/>
<pin id="1707" dir="0" index="29" bw="4" slack="0"/>
<pin id="1708" dir="0" index="30" bw="4" slack="0"/>
<pin id="1709" dir="0" index="31" bw="4" slack="0"/>
<pin id="1710" dir="0" index="32" bw="4" slack="0"/>
<pin id="1711" dir="0" index="33" bw="4" slack="0"/>
<pin id="1712" dir="0" index="34" bw="4" slack="0"/>
<pin id="1713" dir="0" index="35" bw="4" slack="0"/>
<pin id="1714" dir="0" index="36" bw="4" slack="0"/>
<pin id="1715" dir="0" index="37" bw="4" slack="0"/>
<pin id="1716" dir="0" index="38" bw="4" slack="0"/>
<pin id="1717" dir="0" index="39" bw="4" slack="0"/>
<pin id="1718" dir="0" index="40" bw="4" slack="0"/>
<pin id="1719" dir="0" index="41" bw="4" slack="0"/>
<pin id="1720" dir="0" index="42" bw="4" slack="0"/>
<pin id="1721" dir="0" index="43" bw="4" slack="0"/>
<pin id="1722" dir="0" index="44" bw="4" slack="0"/>
<pin id="1723" dir="0" index="45" bw="4" slack="0"/>
<pin id="1724" dir="0" index="46" bw="4" slack="0"/>
<pin id="1725" dir="0" index="47" bw="4" slack="0"/>
<pin id="1726" dir="0" index="48" bw="4" slack="0"/>
<pin id="1727" dir="0" index="49" bw="4" slack="0"/>
<pin id="1728" dir="0" index="50" bw="4" slack="0"/>
<pin id="1729" dir="0" index="51" bw="4" slack="0"/>
<pin id="1730" dir="0" index="52" bw="4" slack="0"/>
<pin id="1731" dir="0" index="53" bw="4" slack="0"/>
<pin id="1732" dir="0" index="54" bw="4" slack="0"/>
<pin id="1733" dir="0" index="55" bw="4" slack="0"/>
<pin id="1734" dir="0" index="56" bw="4" slack="0"/>
<pin id="1735" dir="0" index="57" bw="4" slack="0"/>
<pin id="1736" dir="0" index="58" bw="4" slack="0"/>
<pin id="1737" dir="0" index="59" bw="4" slack="0"/>
<pin id="1738" dir="0" index="60" bw="4" slack="0"/>
<pin id="1739" dir="0" index="61" bw="4" slack="0"/>
<pin id="1740" dir="0" index="62" bw="4" slack="0"/>
<pin id="1741" dir="0" index="63" bw="4" slack="0"/>
<pin id="1742" dir="0" index="64" bw="4" slack="0"/>
<pin id="1743" dir="0" index="65" bw="4" slack="0"/>
<pin id="1744" dir="0" index="66" bw="4" slack="0"/>
<pin id="1745" dir="0" index="67" bw="4" slack="0"/>
<pin id="1746" dir="0" index="68" bw="4" slack="0"/>
<pin id="1747" dir="0" index="69" bw="4" slack="0"/>
<pin id="1748" dir="0" index="70" bw="4" slack="0"/>
<pin id="1749" dir="0" index="71" bw="4" slack="0"/>
<pin id="1750" dir="0" index="72" bw="4" slack="0"/>
<pin id="1751" dir="0" index="73" bw="4" slack="0"/>
<pin id="1752" dir="0" index="74" bw="4" slack="0"/>
<pin id="1753" dir="0" index="75" bw="4" slack="0"/>
<pin id="1754" dir="0" index="76" bw="4" slack="0"/>
<pin id="1755" dir="0" index="77" bw="4" slack="0"/>
<pin id="1756" dir="0" index="78" bw="4" slack="0"/>
<pin id="1757" dir="0" index="79" bw="4" slack="0"/>
<pin id="1758" dir="0" index="80" bw="4" slack="0"/>
<pin id="1759" dir="0" index="81" bw="4" slack="0"/>
<pin id="1760" dir="0" index="82" bw="4" slack="0"/>
<pin id="1761" dir="0" index="83" bw="4" slack="0"/>
<pin id="1762" dir="0" index="84" bw="4" slack="0"/>
<pin id="1763" dir="0" index="85" bw="4" slack="0"/>
<pin id="1764" dir="0" index="86" bw="4" slack="0"/>
<pin id="1765" dir="0" index="87" bw="4" slack="0"/>
<pin id="1766" dir="0" index="88" bw="4" slack="0"/>
<pin id="1767" dir="0" index="89" bw="4" slack="0"/>
<pin id="1768" dir="0" index="90" bw="4" slack="0"/>
<pin id="1769" dir="0" index="91" bw="4" slack="0"/>
<pin id="1770" dir="0" index="92" bw="4" slack="0"/>
<pin id="1771" dir="0" index="93" bw="4" slack="0"/>
<pin id="1772" dir="0" index="94" bw="4" slack="0"/>
<pin id="1773" dir="0" index="95" bw="4" slack="0"/>
<pin id="1774" dir="0" index="96" bw="4" slack="0"/>
<pin id="1775" dir="0" index="97" bw="4" slack="0"/>
<pin id="1776" dir="0" index="98" bw="4" slack="0"/>
<pin id="1777" dir="0" index="99" bw="4" slack="0"/>
<pin id="1778" dir="0" index="100" bw="4" slack="0"/>
<pin id="1779" dir="0" index="101" bw="4" slack="0"/>
<pin id="1780" dir="0" index="102" bw="4" slack="0"/>
<pin id="1781" dir="0" index="103" bw="4" slack="0"/>
<pin id="1782" dir="0" index="104" bw="4" slack="0"/>
<pin id="1783" dir="0" index="105" bw="4" slack="0"/>
<pin id="1784" dir="0" index="106" bw="4" slack="0"/>
<pin id="1785" dir="0" index="107" bw="4" slack="0"/>
<pin id="1786" dir="0" index="108" bw="4" slack="0"/>
<pin id="1787" dir="0" index="109" bw="4" slack="0"/>
<pin id="1788" dir="0" index="110" bw="4" slack="0"/>
<pin id="1789" dir="0" index="111" bw="4" slack="0"/>
<pin id="1790" dir="0" index="112" bw="4" slack="0"/>
<pin id="1791" dir="0" index="113" bw="4" slack="0"/>
<pin id="1792" dir="0" index="114" bw="4" slack="0"/>
<pin id="1793" dir="0" index="115" bw="4" slack="0"/>
<pin id="1794" dir="0" index="116" bw="4" slack="0"/>
<pin id="1795" dir="0" index="117" bw="4" slack="0"/>
<pin id="1796" dir="0" index="118" bw="4" slack="0"/>
<pin id="1797" dir="0" index="119" bw="4" slack="0"/>
<pin id="1798" dir="0" index="120" bw="4" slack="0"/>
<pin id="1799" dir="0" index="121" bw="4" slack="0"/>
<pin id="1800" dir="0" index="122" bw="4" slack="0"/>
<pin id="1801" dir="0" index="123" bw="4" slack="0"/>
<pin id="1802" dir="0" index="124" bw="4" slack="0"/>
<pin id="1803" dir="0" index="125" bw="4" slack="0"/>
<pin id="1804" dir="0" index="126" bw="4" slack="0"/>
<pin id="1805" dir="0" index="127" bw="4" slack="0"/>
<pin id="1806" dir="0" index="128" bw="4" slack="0"/>
<pin id="1807" dir="0" index="129" bw="4" slack="0"/>
<pin id="1808" dir="0" index="130" bw="4" slack="0"/>
<pin id="1809" dir="0" index="131" bw="4" slack="0"/>
<pin id="1810" dir="0" index="132" bw="4" slack="0"/>
<pin id="1811" dir="0" index="133" bw="4" slack="0"/>
<pin id="1812" dir="0" index="134" bw="4" slack="0"/>
<pin id="1813" dir="0" index="135" bw="4" slack="0"/>
<pin id="1814" dir="0" index="136" bw="4" slack="0"/>
<pin id="1815" dir="0" index="137" bw="4" slack="0"/>
<pin id="1816" dir="0" index="138" bw="4" slack="0"/>
<pin id="1817" dir="0" index="139" bw="4" slack="0"/>
<pin id="1818" dir="0" index="140" bw="4" slack="0"/>
<pin id="1819" dir="0" index="141" bw="4" slack="0"/>
<pin id="1820" dir="0" index="142" bw="4" slack="0"/>
<pin id="1821" dir="0" index="143" bw="4" slack="0"/>
<pin id="1822" dir="0" index="144" bw="4" slack="0"/>
<pin id="1823" dir="0" index="145" bw="8" slack="0"/>
<pin id="1824" dir="1" index="146" bw="4" slack="1"/>
</pin_list>
<bind>
<opcode="mux(1196) " fcode="mux"/>
<opset="tmp/1 "/>
</bind>
</comp>

<comp id="1971" class="1004" name="inElem_fu_1971">
<pin_list>
<pin id="1972" dir="0" index="0" bw="8" slack="0"/>
<pin id="1973" dir="1" index="1" bw="4" slack="0"/>
</pin_list>
<bind>
<opcode="trunc(33) " fcode="trunc"/>
<opset="inElem/1 "/>
</bind>
</comp>

<comp id="1975" class="1004" name="trunc_ln257_fu_1975">
<pin_list>
<pin id="1976" dir="0" index="0" bw="32" slack="0"/>
<pin id="1977" dir="1" index="1" bw="8" slack="2147483647"/>
</pin_list>
<bind>
<opcode="trunc(33) " fcode="trunc"/>
<opset="trunc_ln257/1 "/>
</bind>
</comp>

<comp id="1979" class="1004" name="store_ln257_store_fu_1979">
<pin_list>
<pin id="1980" dir="0" index="0" bw="4" slack="0"/>
<pin id="1981" dir="0" index="1" bw="4" slack="0"/>
<pin id="1982" dir="1" index="2" bw="0" slack="2147483647"/>
</pin_list>
<bind>
<opcode="store(28) " fcode="store"/>
<opset="store_ln257/1 "/>
</bind>
</comp>

<comp id="1984" class="1004" name="store_ln257_store_fu_1984">
<pin_list>
<pin id="1985" dir="0" index="0" bw="4" slack="0"/>
<pin id="1986" dir="0" index="1" bw="4" slack="0"/>
<pin id="1987" dir="1" index="2" bw="0" slack="2147483647"/>
</pin_list>
<bind>
<opcode="store(28) " fcode="store"/>
<opset="store_ln257/1 "/>
</bind>
</comp>

<comp id="1989" class="1004" name="store_ln257_store_fu_1989">
<pin_list>
<pin id="1990" dir="0" index="0" bw="4" slack="0"/>
<pin id="1991" dir="0" index="1" bw="4" slack="0"/>
<pin id="1992" dir="1" index="2" bw="0" slack="2147483647"/>
</pin_list>
<bind>
<opcode="store(28) " fcode="store"/>
<opset="store_ln257/1 "/>
</bind>
</comp>

<comp id="1994" class="1004" name="store_ln257_store_fu_1994">
<pin_list>
<pin id="1995" dir="0" index="0" bw="4" slack="0"/>
<pin id="1996" dir="0" index="1" bw="4" slack="0"/>
<pin id="1997" dir="1" index="2" bw="0" slack="2147483647"/>
</pin_list>
<bind>
<opcode="store(28) " fcode="store"/>
<opset="store_ln257/1 "/>
</bind>
</comp>

<comp id="1999" class="1004" name="store_ln257_store_fu_1999">
<pin_list>
<pin id="2000" dir="0" index="0" bw="4" slack="0"/>
<pin id="2001" dir="0" index="1" bw="4" slack="0"/>
<pin id="2002" dir="1" index="2" bw="0" slack="2147483647"/>
</pin_list>
<bind>
<opcode="store(28) " fcode="store"/>
<opset="store_ln257/1 "/>
</bind>
</comp>

<comp id="2004" class="1004" name="store_ln257_store_fu_2004">
<pin_list>
<pin id="2005" dir="0" index="0" bw="4" slack="0"/>
<pin id="2006" dir="0" index="1" bw="4" slack="0"/>
<pin id="2007" dir="1" index="2" bw="0" slack="2147483647"/>
</pin_list>
<bind>
<opcode="store(28) " fcode="store"/>
<opset="store_ln257/1 "/>
</bind>
</comp>

<comp id="2009" class="1004" name="store_ln257_store_fu_2009">
<pin_list>
<pin id="2010" dir="0" index="0" bw="4" slack="0"/>
<pin id="2011" dir="0" index="1" bw="4" slack="0"/>
<pin id="2012" dir="1" index="2" bw="0" slack="2147483647"/>
</pin_list>
<bind>
<opcode="store(28) " fcode="store"/>
<opset="store_ln257/1 "/>
</bind>
</comp>

<comp id="2014" class="1004" name="store_ln257_store_fu_2014">
<pin_list>
<pin id="2015" dir="0" index="0" bw="4" slack="0"/>
<pin id="2016" dir="0" index="1" bw="4" slack="0"/>
<pin id="2017" dir="1" index="2" bw="0" slack="2147483647"/>
</pin_list>
<bind>
<opcode="store(28) " fcode="store"/>
<opset="store_ln257/1 "/>
</bind>
</comp>

<comp id="2019" class="1004" name="store_ln257_store_fu_2019">
<pin_list>
<pin id="2020" dir="0" index="0" bw="4" slack="0"/>
<pin id="2021" dir="0" index="1" bw="4" slack="0"/>
<pin id="2022" dir="1" index="2" bw="0" slack="2147483647"/>
</pin_list>
<bind>
<opcode="store(28) " fcode="store"/>
<opset="store_ln257/1 "/>
</bind>
</comp>

<comp id="2024" class="1004" name="store_ln257_store_fu_2024">
<pin_list>
<pin id="2025" dir="0" index="0" bw="4" slack="0"/>
<pin id="2026" dir="0" index="1" bw="4" slack="0"/>
<pin id="2027" dir="1" index="2" bw="0" slack="2147483647"/>
</pin_list>
<bind>
<opcode="store(28) " fcode="store"/>
<opset="store_ln257/1 "/>
</bind>
</comp>

<comp id="2029" class="1004" name="store_ln257_store_fu_2029">
<pin_list>
<pin id="2030" dir="0" index="0" bw="4" slack="0"/>
<pin id="2031" dir="0" index="1" bw="4" slack="0"/>
<pin id="2032" dir="1" index="2" bw="0" slack="2147483647"/>
</pin_list>
<bind>
<opcode="store(28) " fcode="store"/>
<opset="store_ln257/1 "/>
</bind>
</comp>

<comp id="2034" class="1004" name="store_ln257_store_fu_2034">
<pin_list>
<pin id="2035" dir="0" index="0" bw="4" slack="0"/>
<pin id="2036" dir="0" index="1" bw="4" slack="0"/>
<pin id="2037" dir="1" index="2" bw="0" slack="2147483647"/>
</pin_list>
<bind>
<opcode="store(28) " fcode="store"/>
<opset="store_ln257/1 "/>
</bind>
</comp>

<comp id="2039" class="1004" name="store_ln257_store_fu_2039">
<pin_list>
<pin id="2040" dir="0" index="0" bw="4" slack="0"/>
<pin id="2041" dir="0" index="1" bw="4" slack="0"/>
<pin id="2042" dir="1" index="2" bw="0" slack="2147483647"/>
</pin_list>
<bind>
<opcode="store(28) " fcode="store"/>
<opset="store_ln257/1 "/>
</bind>
</comp>

<comp id="2044" class="1004" name="store_ln257_store_fu_2044">
<pin_list>
<pin id="2045" dir="0" index="0" bw="4" slack="0"/>
<pin id="2046" dir="0" index="1" bw="4" slack="0"/>
<pin id="2047" dir="1" index="2" bw="0" slack="2147483647"/>
</pin_list>
<bind>
<opcode="store(28) " fcode="store"/>
<opset="store_ln257/1 "/>
</bind>
</comp>

<comp id="2049" class="1004" name="store_ln257_store_fu_2049">
<pin_list>
<pin id="2050" dir="0" index="0" bw="4" slack="0"/>
<pin id="2051" dir="0" index="1" bw="4" slack="0"/>
<pin id="2052" dir="1" index="2" bw="0" slack="2147483647"/>
</pin_list>
<bind>
<opcode="store(28) " fcode="store"/>
<opset="store_ln257/1 "/>
</bind>
</comp>

<comp id="2054" class="1004" name="store_ln257_store_fu_2054">
<pin_list>
<pin id="2055" dir="0" index="0" bw="4" slack="0"/>
<pin id="2056" dir="0" index="1" bw="4" slack="0"/>
<pin id="2057" dir="1" index="2" bw="0" slack="2147483647"/>
</pin_list>
<bind>
<opcode="store(28) " fcode="store"/>
<opset="store_ln257/1 "/>
</bind>
</comp>

<comp id="2059" class="1004" name="store_ln257_store_fu_2059">
<pin_list>
<pin id="2060" dir="0" index="0" bw="4" slack="0"/>
<pin id="2061" dir="0" index="1" bw="4" slack="0"/>
<pin id="2062" dir="1" index="2" bw="0" slack="2147483647"/>
</pin_list>
<bind>
<opcode="store(28) " fcode="store"/>
<opset="store_ln257/1 "/>
</bind>
</comp>

<comp id="2064" class="1004" name="store_ln257_store_fu_2064">
<pin_list>
<pin id="2065" dir="0" index="0" bw="4" slack="0"/>
<pin id="2066" dir="0" index="1" bw="4" slack="0"/>
<pin id="2067" dir="1" index="2" bw="0" slack="2147483647"/>
</pin_list>
<bind>
<opcode="store(28) " fcode="store"/>
<opset="store_ln257/1 "/>
</bind>
</comp>

<comp id="2069" class="1004" name="store_ln257_store_fu_2069">
<pin_list>
<pin id="2070" dir="0" index="0" bw="4" slack="0"/>
<pin id="2071" dir="0" index="1" bw="4" slack="0"/>
<pin id="2072" dir="1" index="2" bw="0" slack="2147483647"/>
</pin_list>
<bind>
<opcode="store(28) " fcode="store"/>
<opset="store_ln257/1 "/>
</bind>
</comp>

<comp id="2074" class="1004" name="store_ln257_store_fu_2074">
<pin_list>
<pin id="2075" dir="0" index="0" bw="4" slack="0"/>
<pin id="2076" dir="0" index="1" bw="4" slack="0"/>
<pin id="2077" dir="1" index="2" bw="0" slack="2147483647"/>
</pin_list>
<bind>
<opcode="store(28) " fcode="store"/>
<opset="store_ln257/1 "/>
</bind>
</comp>

<comp id="2079" class="1004" name="store_ln257_store_fu_2079">
<pin_list>
<pin id="2080" dir="0" index="0" bw="4" slack="0"/>
<pin id="2081" dir="0" index="1" bw="4" slack="0"/>
<pin id="2082" dir="1" index="2" bw="0" slack="2147483647"/>
</pin_list>
<bind>
<opcode="store(28) " fcode="store"/>
<opset="store_ln257/1 "/>
</bind>
</comp>

<comp id="2084" class="1004" name="store_ln257_store_fu_2084">
<pin_list>
<pin id="2085" dir="0" index="0" bw="4" slack="0"/>
<pin id="2086" dir="0" index="1" bw="4" slack="0"/>
<pin id="2087" dir="1" index="2" bw="0" slack="2147483647"/>
</pin_list>
<bind>
<opcode="store(28) " fcode="store"/>
<opset="store_ln257/1 "/>
</bind>
</comp>

<comp id="2089" class="1004" name="store_ln257_store_fu_2089">
<pin_list>
<pin id="2090" dir="0" index="0" bw="4" slack="0"/>
<pin id="2091" dir="0" index="1" bw="4" slack="0"/>
<pin id="2092" dir="1" index="2" bw="0" slack="2147483647"/>
</pin_list>
<bind>
<opcode="store(28) " fcode="store"/>
<opset="store_ln257/1 "/>
</bind>
</comp>

<comp id="2094" class="1004" name="store_ln257_store_fu_2094">
<pin_list>
<pin id="2095" dir="0" index="0" bw="4" slack="0"/>
<pin id="2096" dir="0" index="1" bw="4" slack="0"/>
<pin id="2097" dir="1" index="2" bw="0" slack="2147483647"/>
</pin_list>
<bind>
<opcode="store(28) " fcode="store"/>
<opset="store_ln257/1 "/>
</bind>
</comp>

<comp id="2099" class="1004" name="store_ln257_store_fu_2099">
<pin_list>
<pin id="2100" dir="0" index="0" bw="4" slack="0"/>
<pin id="2101" dir="0" index="1" bw="4" slack="0"/>
<pin id="2102" dir="1" index="2" bw="0" slack="2147483647"/>
</pin_list>
<bind>
<opcode="store(28) " fcode="store"/>
<opset="store_ln257/1 "/>
</bind>
</comp>

<comp id="2104" class="1004" name="store_ln257_store_fu_2104">
<pin_list>
<pin id="2105" dir="0" index="0" bw="4" slack="0"/>
<pin id="2106" dir="0" index="1" bw="4" slack="0"/>
<pin id="2107" dir="1" index="2" bw="0" slack="2147483647"/>
</pin_list>
<bind>
<opcode="store(28) " fcode="store"/>
<opset="store_ln257/1 "/>
</bind>
</comp>

<comp id="2109" class="1004" name="store_ln257_store_fu_2109">
<pin_list>
<pin id="2110" dir="0" index="0" bw="4" slack="0"/>
<pin id="2111" dir="0" index="1" bw="4" slack="0"/>
<pin id="2112" dir="1" index="2" bw="0" slack="2147483647"/>
</pin_list>
<bind>
<opcode="store(28) " fcode="store"/>
<opset="store_ln257/1 "/>
</bind>
</comp>

<comp id="2114" class="1004" name="store_ln257_store_fu_2114">
<pin_list>
<pin id="2115" dir="0" index="0" bw="4" slack="0"/>
<pin id="2116" dir="0" index="1" bw="4" slack="0"/>
<pin id="2117" dir="1" index="2" bw="0" slack="2147483647"/>
</pin_list>
<bind>
<opcode="store(28) " fcode="store"/>
<opset="store_ln257/1 "/>
</bind>
</comp>

<comp id="2119" class="1004" name="store_ln257_store_fu_2119">
<pin_list>
<pin id="2120" dir="0" index="0" bw="4" slack="0"/>
<pin id="2121" dir="0" index="1" bw="4" slack="0"/>
<pin id="2122" dir="1" index="2" bw="0" slack="2147483647"/>
</pin_list>
<bind>
<opcode="store(28) " fcode="store"/>
<opset="store_ln257/1 "/>
</bind>
</comp>

<comp id="2124" class="1004" name="store_ln257_store_fu_2124">
<pin_list>
<pin id="2125" dir="0" index="0" bw="4" slack="0"/>
<pin id="2126" dir="0" index="1" bw="4" slack="0"/>
<pin id="2127" dir="1" index="2" bw="0" slack="2147483647"/>
</pin_list>
<bind>
<opcode="store(28) " fcode="store"/>
<opset="store_ln257/1 "/>
</bind>
</comp>

<comp id="2129" class="1004" name="store_ln257_store_fu_2129">
<pin_list>
<pin id="2130" dir="0" index="0" bw="4" slack="0"/>
<pin id="2131" dir="0" index="1" bw="4" slack="0"/>
<pin id="2132" dir="1" index="2" bw="0" slack="2147483647"/>
</pin_list>
<bind>
<opcode="store(28) " fcode="store"/>
<opset="store_ln257/1 "/>
</bind>
</comp>

<comp id="2134" class="1004" name="store_ln257_store_fu_2134">
<pin_list>
<pin id="2135" dir="0" index="0" bw="4" slack="0"/>
<pin id="2136" dir="0" index="1" bw="4" slack="0"/>
<pin id="2137" dir="1" index="2" bw="0" slack="2147483647"/>
</pin_list>
<bind>
<opcode="store(28) " fcode="store"/>
<opset="store_ln257/1 "/>
</bind>
</comp>

<comp id="2139" class="1004" name="store_ln257_store_fu_2139">
<pin_list>
<pin id="2140" dir="0" index="0" bw="4" slack="0"/>
<pin id="2141" dir="0" index="1" bw="4" slack="0"/>
<pin id="2142" dir="1" index="2" bw="0" slack="2147483647"/>
</pin_list>
<bind>
<opcode="store(28) " fcode="store"/>
<opset="store_ln257/1 "/>
</bind>
</comp>

<comp id="2144" class="1004" name="store_ln257_store_fu_2144">
<pin_list>
<pin id="2145" dir="0" index="0" bw="4" slack="0"/>
<pin id="2146" dir="0" index="1" bw="4" slack="0"/>
<pin id="2147" dir="1" index="2" bw="0" slack="2147483647"/>
</pin_list>
<bind>
<opcode="store(28) " fcode="store"/>
<opset="store_ln257/1 "/>
</bind>
</comp>

<comp id="2149" class="1004" name="store_ln257_store_fu_2149">
<pin_list>
<pin id="2150" dir="0" index="0" bw="4" slack="0"/>
<pin id="2151" dir="0" index="1" bw="4" slack="0"/>
<pin id="2152" dir="1" index="2" bw="0" slack="2147483647"/>
</pin_list>
<bind>
<opcode="store(28) " fcode="store"/>
<opset="store_ln257/1 "/>
</bind>
</comp>

<comp id="2154" class="1004" name="store_ln257_store_fu_2154">
<pin_list>
<pin id="2155" dir="0" index="0" bw="4" slack="0"/>
<pin id="2156" dir="0" index="1" bw="4" slack="0"/>
<pin id="2157" dir="1" index="2" bw="0" slack="2147483647"/>
</pin_list>
<bind>
<opcode="store(28) " fcode="store"/>
<opset="store_ln257/1 "/>
</bind>
</comp>

<comp id="2159" class="1004" name="store_ln257_store_fu_2159">
<pin_list>
<pin id="2160" dir="0" index="0" bw="4" slack="0"/>
<pin id="2161" dir="0" index="1" bw="4" slack="0"/>
<pin id="2162" dir="1" index="2" bw="0" slack="2147483647"/>
</pin_list>
<bind>
<opcode="store(28) " fcode="store"/>
<opset="store_ln257/1 "/>
</bind>
</comp>

<comp id="2164" class="1004" name="store_ln257_store_fu_2164">
<pin_list>
<pin id="2165" dir="0" index="0" bw="4" slack="0"/>
<pin id="2166" dir="0" index="1" bw="4" slack="0"/>
<pin id="2167" dir="1" index="2" bw="0" slack="2147483647"/>
</pin_list>
<bind>
<opcode="store(28) " fcode="store"/>
<opset="store_ln257/1 "/>
</bind>
</comp>

<comp id="2169" class="1004" name="store_ln257_store_fu_2169">
<pin_list>
<pin id="2170" dir="0" index="0" bw="4" slack="0"/>
<pin id="2171" dir="0" index="1" bw="4" slack="0"/>
<pin id="2172" dir="1" index="2" bw="0" slack="2147483647"/>
</pin_list>
<bind>
<opcode="store(28) " fcode="store"/>
<opset="store_ln257/1 "/>
</bind>
</comp>

<comp id="2174" class="1004" name="store_ln257_store_fu_2174">
<pin_list>
<pin id="2175" dir="0" index="0" bw="4" slack="0"/>
<pin id="2176" dir="0" index="1" bw="4" slack="0"/>
<pin id="2177" dir="1" index="2" bw="0" slack="2147483647"/>
</pin_list>
<bind>
<opcode="store(28) " fcode="store"/>
<opset="store_ln257/1 "/>
</bind>
</comp>

<comp id="2179" class="1004" name="store_ln257_store_fu_2179">
<pin_list>
<pin id="2180" dir="0" index="0" bw="4" slack="0"/>
<pin id="2181" dir="0" index="1" bw="4" slack="0"/>
<pin id="2182" dir="1" index="2" bw="0" slack="2147483647"/>
</pin_list>
<bind>
<opcode="store(28) " fcode="store"/>
<opset="store_ln257/1 "/>
</bind>
</comp>

<comp id="2184" class="1004" name="store_ln257_store_fu_2184">
<pin_list>
<pin id="2185" dir="0" index="0" bw="4" slack="0"/>
<pin id="2186" dir="0" index="1" bw="4" slack="0"/>
<pin id="2187" dir="1" index="2" bw="0" slack="2147483647"/>
</pin_list>
<bind>
<opcode="store(28) " fcode="store"/>
<opset="store_ln257/1 "/>
</bind>
</comp>

<comp id="2189" class="1004" name="store_ln257_store_fu_2189">
<pin_list>
<pin id="2190" dir="0" index="0" bw="4" slack="0"/>
<pin id="2191" dir="0" index="1" bw="4" slack="0"/>
<pin id="2192" dir="1" index="2" bw="0" slack="2147483647"/>
</pin_list>
<bind>
<opcode="store(28) " fcode="store"/>
<opset="store_ln257/1 "/>
</bind>
</comp>

<comp id="2194" class="1004" name="store_ln257_store_fu_2194">
<pin_list>
<pin id="2195" dir="0" index="0" bw="4" slack="0"/>
<pin id="2196" dir="0" index="1" bw="4" slack="0"/>
<pin id="2197" dir="1" index="2" bw="0" slack="2147483647"/>
</pin_list>
<bind>
<opcode="store(28) " fcode="store"/>
<opset="store_ln257/1 "/>
</bind>
</comp>

<comp id="2199" class="1004" name="store_ln257_store_fu_2199">
<pin_list>
<pin id="2200" dir="0" index="0" bw="4" slack="0"/>
<pin id="2201" dir="0" index="1" bw="4" slack="0"/>
<pin id="2202" dir="1" index="2" bw="0" slack="2147483647"/>
</pin_list>
<bind>
<opcode="store(28) " fcode="store"/>
<opset="store_ln257/1 "/>
</bind>
</comp>

<comp id="2204" class="1004" name="store_ln257_store_fu_2204">
<pin_list>
<pin id="2205" dir="0" index="0" bw="4" slack="0"/>
<pin id="2206" dir="0" index="1" bw="4" slack="0"/>
<pin id="2207" dir="1" index="2" bw="0" slack="2147483647"/>
</pin_list>
<bind>
<opcode="store(28) " fcode="store"/>
<opset="store_ln257/1 "/>
</bind>
</comp>

<comp id="2209" class="1004" name="store_ln257_store_fu_2209">
<pin_list>
<pin id="2210" dir="0" index="0" bw="4" slack="0"/>
<pin id="2211" dir="0" index="1" bw="4" slack="0"/>
<pin id="2212" dir="1" index="2" bw="0" slack="2147483647"/>
</pin_list>
<bind>
<opcode="store(28) " fcode="store"/>
<opset="store_ln257/1 "/>
</bind>
</comp>

<comp id="2214" class="1004" name="store_ln257_store_fu_2214">
<pin_list>
<pin id="2215" dir="0" index="0" bw="4" slack="0"/>
<pin id="2216" dir="0" index="1" bw="4" slack="0"/>
<pin id="2217" dir="1" index="2" bw="0" slack="2147483647"/>
</pin_list>
<bind>
<opcode="store(28) " fcode="store"/>
<opset="store_ln257/1 "/>
</bind>
</comp>

<comp id="2219" class="1004" name="store_ln257_store_fu_2219">
<pin_list>
<pin id="2220" dir="0" index="0" bw="4" slack="0"/>
<pin id="2221" dir="0" index="1" bw="4" slack="0"/>
<pin id="2222" dir="1" index="2" bw="0" slack="2147483647"/>
</pin_list>
<bind>
<opcode="store(28) " fcode="store"/>
<opset="store_ln257/1 "/>
</bind>
</comp>

<comp id="2224" class="1004" name="store_ln257_store_fu_2224">
<pin_list>
<pin id="2225" dir="0" index="0" bw="4" slack="0"/>
<pin id="2226" dir="0" index="1" bw="4" slack="0"/>
<pin id="2227" dir="1" index="2" bw="0" slack="2147483647"/>
</pin_list>
<bind>
<opcode="store(28) " fcode="store"/>
<opset="store_ln257/1 "/>
</bind>
</comp>

<comp id="2229" class="1004" name="store_ln257_store_fu_2229">
<pin_list>
<pin id="2230" dir="0" index="0" bw="4" slack="0"/>
<pin id="2231" dir="0" index="1" bw="4" slack="0"/>
<pin id="2232" dir="1" index="2" bw="0" slack="2147483647"/>
</pin_list>
<bind>
<opcode="store(28) " fcode="store"/>
<opset="store_ln257/1 "/>
</bind>
</comp>

<comp id="2234" class="1004" name="store_ln257_store_fu_2234">
<pin_list>
<pin id="2235" dir="0" index="0" bw="4" slack="0"/>
<pin id="2236" dir="0" index="1" bw="4" slack="0"/>
<pin id="2237" dir="1" index="2" bw="0" slack="2147483647"/>
</pin_list>
<bind>
<opcode="store(28) " fcode="store"/>
<opset="store_ln257/1 "/>
</bind>
</comp>

<comp id="2239" class="1004" name="store_ln257_store_fu_2239">
<pin_list>
<pin id="2240" dir="0" index="0" bw="4" slack="0"/>
<pin id="2241" dir="0" index="1" bw="4" slack="0"/>
<pin id="2242" dir="1" index="2" bw="0" slack="2147483647"/>
</pin_list>
<bind>
<opcode="store(28) " fcode="store"/>
<opset="store_ln257/1 "/>
</bind>
</comp>

<comp id="2244" class="1004" name="store_ln257_store_fu_2244">
<pin_list>
<pin id="2245" dir="0" index="0" bw="4" slack="0"/>
<pin id="2246" dir="0" index="1" bw="4" slack="0"/>
<pin id="2247" dir="1" index="2" bw="0" slack="2147483647"/>
</pin_list>
<bind>
<opcode="store(28) " fcode="store"/>
<opset="store_ln257/1 "/>
</bind>
</comp>

<comp id="2249" class="1004" name="store_ln257_store_fu_2249">
<pin_list>
<pin id="2250" dir="0" index="0" bw="4" slack="0"/>
<pin id="2251" dir="0" index="1" bw="4" slack="0"/>
<pin id="2252" dir="1" index="2" bw="0" slack="2147483647"/>
</pin_list>
<bind>
<opcode="store(28) " fcode="store"/>
<opset="store_ln257/1 "/>
</bind>
</comp>

<comp id="2254" class="1004" name="store_ln257_store_fu_2254">
<pin_list>
<pin id="2255" dir="0" index="0" bw="4" slack="0"/>
<pin id="2256" dir="0" index="1" bw="4" slack="0"/>
<pin id="2257" dir="1" index="2" bw="0" slack="2147483647"/>
</pin_list>
<bind>
<opcode="store(28) " fcode="store"/>
<opset="store_ln257/1 "/>
</bind>
</comp>

<comp id="2259" class="1004" name="store_ln257_store_fu_2259">
<pin_list>
<pin id="2260" dir="0" index="0" bw="4" slack="0"/>
<pin id="2261" dir="0" index="1" bw="4" slack="0"/>
<pin id="2262" dir="1" index="2" bw="0" slack="2147483647"/>
</pin_list>
<bind>
<opcode="store(28) " fcode="store"/>
<opset="store_ln257/1 "/>
</bind>
</comp>

<comp id="2264" class="1004" name="store_ln257_store_fu_2264">
<pin_list>
<pin id="2265" dir="0" index="0" bw="4" slack="0"/>
<pin id="2266" dir="0" index="1" bw="4" slack="0"/>
<pin id="2267" dir="1" index="2" bw="0" slack="2147483647"/>
</pin_list>
<bind>
<opcode="store(28) " fcode="store"/>
<opset="store_ln257/1 "/>
</bind>
</comp>

<comp id="2269" class="1004" name="store_ln257_store_fu_2269">
<pin_list>
<pin id="2270" dir="0" index="0" bw="4" slack="0"/>
<pin id="2271" dir="0" index="1" bw="4" slack="0"/>
<pin id="2272" dir="1" index="2" bw="0" slack="2147483647"/>
</pin_list>
<bind>
<opcode="store(28) " fcode="store"/>
<opset="store_ln257/1 "/>
</bind>
</comp>

<comp id="2274" class="1004" name="store_ln257_store_fu_2274">
<pin_list>
<pin id="2275" dir="0" index="0" bw="4" slack="0"/>
<pin id="2276" dir="0" index="1" bw="4" slack="0"/>
<pin id="2277" dir="1" index="2" bw="0" slack="2147483647"/>
</pin_list>
<bind>
<opcode="store(28) " fcode="store"/>
<opset="store_ln257/1 "/>
</bind>
</comp>

<comp id="2279" class="1004" name="store_ln257_store_fu_2279">
<pin_list>
<pin id="2280" dir="0" index="0" bw="4" slack="0"/>
<pin id="2281" dir="0" index="1" bw="4" slack="0"/>
<pin id="2282" dir="1" index="2" bw="0" slack="2147483647"/>
</pin_list>
<bind>
<opcode="store(28) " fcode="store"/>
<opset="store_ln257/1 "/>
</bind>
</comp>

<comp id="2284" class="1004" name="store_ln257_store_fu_2284">
<pin_list>
<pin id="2285" dir="0" index="0" bw="4" slack="0"/>
<pin id="2286" dir="0" index="1" bw="4" slack="0"/>
<pin id="2287" dir="1" index="2" bw="0" slack="2147483647"/>
</pin_list>
<bind>
<opcode="store(28) " fcode="store"/>
<opset="store_ln257/1 "/>
</bind>
</comp>

<comp id="2289" class="1004" name="store_ln257_store_fu_2289">
<pin_list>
<pin id="2290" dir="0" index="0" bw="4" slack="0"/>
<pin id="2291" dir="0" index="1" bw="4" slack="0"/>
<pin id="2292" dir="1" index="2" bw="0" slack="2147483647"/>
</pin_list>
<bind>
<opcode="store(28) " fcode="store"/>
<opset="store_ln257/1 "/>
</bind>
</comp>

<comp id="2294" class="1004" name="store_ln257_store_fu_2294">
<pin_list>
<pin id="2295" dir="0" index="0" bw="4" slack="0"/>
<pin id="2296" dir="0" index="1" bw="4" slack="0"/>
<pin id="2297" dir="1" index="2" bw="0" slack="2147483647"/>
</pin_list>
<bind>
<opcode="store(28) " fcode="store"/>
<opset="store_ln257/1 "/>
</bind>
</comp>

<comp id="2299" class="1004" name="store_ln257_store_fu_2299">
<pin_list>
<pin id="2300" dir="0" index="0" bw="4" slack="0"/>
<pin id="2301" dir="0" index="1" bw="4" slack="0"/>
<pin id="2302" dir="1" index="2" bw="0" slack="2147483647"/>
</pin_list>
<bind>
<opcode="store(28) " fcode="store"/>
<opset="store_ln257/1 "/>
</bind>
</comp>

<comp id="2304" class="1004" name="store_ln257_store_fu_2304">
<pin_list>
<pin id="2305" dir="0" index="0" bw="4" slack="0"/>
<pin id="2306" dir="0" index="1" bw="4" slack="0"/>
<pin id="2307" dir="1" index="2" bw="0" slack="2147483647"/>
</pin_list>
<bind>
<opcode="store(28) " fcode="store"/>
<opset="store_ln257/1 "/>
</bind>
</comp>

<comp id="2309" class="1004" name="store_ln257_store_fu_2309">
<pin_list>
<pin id="2310" dir="0" index="0" bw="4" slack="0"/>
<pin id="2311" dir="0" index="1" bw="4" slack="0"/>
<pin id="2312" dir="1" index="2" bw="0" slack="2147483647"/>
</pin_list>
<bind>
<opcode="store(28) " fcode="store"/>
<opset="store_ln257/1 "/>
</bind>
</comp>

<comp id="2314" class="1004" name="store_ln257_store_fu_2314">
<pin_list>
<pin id="2315" dir="0" index="0" bw="4" slack="0"/>
<pin id="2316" dir="0" index="1" bw="4" slack="0"/>
<pin id="2317" dir="1" index="2" bw="0" slack="2147483647"/>
</pin_list>
<bind>
<opcode="store(28) " fcode="store"/>
<opset="store_ln257/1 "/>
</bind>
</comp>

<comp id="2319" class="1004" name="store_ln257_store_fu_2319">
<pin_list>
<pin id="2320" dir="0" index="0" bw="4" slack="0"/>
<pin id="2321" dir="0" index="1" bw="4" slack="0"/>
<pin id="2322" dir="1" index="2" bw="0" slack="2147483647"/>
</pin_list>
<bind>
<opcode="store(28) " fcode="store"/>
<opset="store_ln257/1 "/>
</bind>
</comp>

<comp id="2324" class="1004" name="store_ln257_store_fu_2324">
<pin_list>
<pin id="2325" dir="0" index="0" bw="4" slack="0"/>
<pin id="2326" dir="0" index="1" bw="4" slack="0"/>
<pin id="2327" dir="1" index="2" bw="0" slack="2147483647"/>
</pin_list>
<bind>
<opcode="store(28) " fcode="store"/>
<opset="store_ln257/1 "/>
</bind>
</comp>

<comp id="2329" class="1004" name="store_ln257_store_fu_2329">
<pin_list>
<pin id="2330" dir="0" index="0" bw="4" slack="0"/>
<pin id="2331" dir="0" index="1" bw="4" slack="0"/>
<pin id="2332" dir="1" index="2" bw="0" slack="2147483647"/>
</pin_list>
<bind>
<opcode="store(28) " fcode="store"/>
<opset="store_ln257/1 "/>
</bind>
</comp>

<comp id="2334" class="1004" name="store_ln257_store_fu_2334">
<pin_list>
<pin id="2335" dir="0" index="0" bw="4" slack="0"/>
<pin id="2336" dir="0" index="1" bw="4" slack="0"/>
<pin id="2337" dir="1" index="2" bw="0" slack="2147483647"/>
</pin_list>
<bind>
<opcode="store(28) " fcode="store"/>
<opset="store_ln257/1 "/>
</bind>
</comp>

<comp id="2339" class="1004" name="store_ln257_store_fu_2339">
<pin_list>
<pin id="2340" dir="0" index="0" bw="4" slack="0"/>
<pin id="2341" dir="0" index="1" bw="4" slack="0"/>
<pin id="2342" dir="1" index="2" bw="0" slack="2147483647"/>
</pin_list>
<bind>
<opcode="store(28) " fcode="store"/>
<opset="store_ln257/1 "/>
</bind>
</comp>

<comp id="2344" class="1004" name="store_ln257_store_fu_2344">
<pin_list>
<pin id="2345" dir="0" index="0" bw="4" slack="0"/>
<pin id="2346" dir="0" index="1" bw="4" slack="0"/>
<pin id="2347" dir="1" index="2" bw="0" slack="2147483647"/>
</pin_list>
<bind>
<opcode="store(28) " fcode="store"/>
<opset="store_ln257/1 "/>
</bind>
</comp>

<comp id="2349" class="1004" name="store_ln257_store_fu_2349">
<pin_list>
<pin id="2350" dir="0" index="0" bw="4" slack="0"/>
<pin id="2351" dir="0" index="1" bw="4" slack="0"/>
<pin id="2352" dir="1" index="2" bw="0" slack="2147483647"/>
</pin_list>
<bind>
<opcode="store(28) " fcode="store"/>
<opset="store_ln257/1 "/>
</bind>
</comp>

<comp id="2354" class="1004" name="store_ln257_store_fu_2354">
<pin_list>
<pin id="2355" dir="0" index="0" bw="4" slack="0"/>
<pin id="2356" dir="0" index="1" bw="4" slack="0"/>
<pin id="2357" dir="1" index="2" bw="0" slack="2147483647"/>
</pin_list>
<bind>
<opcode="store(28) " fcode="store"/>
<opset="store_ln257/1 "/>
</bind>
</comp>

<comp id="2359" class="1004" name="store_ln257_store_fu_2359">
<pin_list>
<pin id="2360" dir="0" index="0" bw="4" slack="0"/>
<pin id="2361" dir="0" index="1" bw="4" slack="0"/>
<pin id="2362" dir="1" index="2" bw="0" slack="2147483647"/>
</pin_list>
<bind>
<opcode="store(28) " fcode="store"/>
<opset="store_ln257/1 "/>
</bind>
</comp>

<comp id="2364" class="1004" name="store_ln257_store_fu_2364">
<pin_list>
<pin id="2365" dir="0" index="0" bw="4" slack="0"/>
<pin id="2366" dir="0" index="1" bw="4" slack="0"/>
<pin id="2367" dir="1" index="2" bw="0" slack="2147483647"/>
</pin_list>
<bind>
<opcode="store(28) " fcode="store"/>
<opset="store_ln257/1 "/>
</bind>
</comp>

<comp id="2369" class="1004" name="store_ln257_store_fu_2369">
<pin_list>
<pin id="2370" dir="0" index="0" bw="4" slack="0"/>
<pin id="2371" dir="0" index="1" bw="4" slack="0"/>
<pin id="2372" dir="1" index="2" bw="0" slack="2147483647"/>
</pin_list>
<bind>
<opcode="store(28) " fcode="store"/>
<opset="store_ln257/1 "/>
</bind>
</comp>

<comp id="2374" class="1004" name="store_ln257_store_fu_2374">
<pin_list>
<pin id="2375" dir="0" index="0" bw="4" slack="0"/>
<pin id="2376" dir="0" index="1" bw="4" slack="0"/>
<pin id="2377" dir="1" index="2" bw="0" slack="2147483647"/>
</pin_list>
<bind>
<opcode="store(28) " fcode="store"/>
<opset="store_ln257/1 "/>
</bind>
</comp>

<comp id="2379" class="1004" name="store_ln257_store_fu_2379">
<pin_list>
<pin id="2380" dir="0" index="0" bw="4" slack="0"/>
<pin id="2381" dir="0" index="1" bw="4" slack="0"/>
<pin id="2382" dir="1" index="2" bw="0" slack="2147483647"/>
</pin_list>
<bind>
<opcode="store(28) " fcode="store"/>
<opset="store_ln257/1 "/>
</bind>
</comp>

<comp id="2384" class="1004" name="store_ln257_store_fu_2384">
<pin_list>
<pin id="2385" dir="0" index="0" bw="4" slack="0"/>
<pin id="2386" dir="0" index="1" bw="4" slack="0"/>
<pin id="2387" dir="1" index="2" bw="0" slack="2147483647"/>
</pin_list>
<bind>
<opcode="store(28) " fcode="store"/>
<opset="store_ln257/1 "/>
</bind>
</comp>

<comp id="2389" class="1004" name="store_ln257_store_fu_2389">
<pin_list>
<pin id="2390" dir="0" index="0" bw="4" slack="0"/>
<pin id="2391" dir="0" index="1" bw="4" slack="0"/>
<pin id="2392" dir="1" index="2" bw="0" slack="2147483647"/>
</pin_list>
<bind>
<opcode="store(28) " fcode="store"/>
<opset="store_ln257/1 "/>
</bind>
</comp>

<comp id="2394" class="1004" name="store_ln257_store_fu_2394">
<pin_list>
<pin id="2395" dir="0" index="0" bw="4" slack="0"/>
<pin id="2396" dir="0" index="1" bw="4" slack="0"/>
<pin id="2397" dir="1" index="2" bw="0" slack="2147483647"/>
</pin_list>
<bind>
<opcode="store(28) " fcode="store"/>
<opset="store_ln257/1 "/>
</bind>
</comp>

<comp id="2399" class="1004" name="store_ln257_store_fu_2399">
<pin_list>
<pin id="2400" dir="0" index="0" bw="4" slack="0"/>
<pin id="2401" dir="0" index="1" bw="4" slack="0"/>
<pin id="2402" dir="1" index="2" bw="0" slack="2147483647"/>
</pin_list>
<bind>
<opcode="store(28) " fcode="store"/>
<opset="store_ln257/1 "/>
</bind>
</comp>

<comp id="2404" class="1004" name="store_ln257_store_fu_2404">
<pin_list>
<pin id="2405" dir="0" index="0" bw="4" slack="0"/>
<pin id="2406" dir="0" index="1" bw="4" slack="0"/>
<pin id="2407" dir="1" index="2" bw="0" slack="2147483647"/>
</pin_list>
<bind>
<opcode="store(28) " fcode="store"/>
<opset="store_ln257/1 "/>
</bind>
</comp>

<comp id="2409" class="1004" name="store_ln257_store_fu_2409">
<pin_list>
<pin id="2410" dir="0" index="0" bw="4" slack="0"/>
<pin id="2411" dir="0" index="1" bw="4" slack="0"/>
<pin id="2412" dir="1" index="2" bw="0" slack="2147483647"/>
</pin_list>
<bind>
<opcode="store(28) " fcode="store"/>
<opset="store_ln257/1 "/>
</bind>
</comp>

<comp id="2414" class="1004" name="store_ln257_store_fu_2414">
<pin_list>
<pin id="2415" dir="0" index="0" bw="4" slack="0"/>
<pin id="2416" dir="0" index="1" bw="4" slack="0"/>
<pin id="2417" dir="1" index="2" bw="0" slack="2147483647"/>
</pin_list>
<bind>
<opcode="store(28) " fcode="store"/>
<opset="store_ln257/1 "/>
</bind>
</comp>

<comp id="2419" class="1004" name="store_ln257_store_fu_2419">
<pin_list>
<pin id="2420" dir="0" index="0" bw="4" slack="0"/>
<pin id="2421" dir="0" index="1" bw="4" slack="0"/>
<pin id="2422" dir="1" index="2" bw="0" slack="2147483647"/>
</pin_list>
<bind>
<opcode="store(28) " fcode="store"/>
<opset="store_ln257/1 "/>
</bind>
</comp>

<comp id="2424" class="1004" name="store_ln257_store_fu_2424">
<pin_list>
<pin id="2425" dir="0" index="0" bw="4" slack="0"/>
<pin id="2426" dir="0" index="1" bw="4" slack="0"/>
<pin id="2427" dir="1" index="2" bw="0" slack="2147483647"/>
</pin_list>
<bind>
<opcode="store(28) " fcode="store"/>
<opset="store_ln257/1 "/>
</bind>
</comp>

<comp id="2429" class="1004" name="store_ln257_store_fu_2429">
<pin_list>
<pin id="2430" dir="0" index="0" bw="4" slack="0"/>
<pin id="2431" dir="0" index="1" bw="4" slack="0"/>
<pin id="2432" dir="1" index="2" bw="0" slack="2147483647"/>
</pin_list>
<bind>
<opcode="store(28) " fcode="store"/>
<opset="store_ln257/1 "/>
</bind>
</comp>

<comp id="2434" class="1004" name="store_ln257_store_fu_2434">
<pin_list>
<pin id="2435" dir="0" index="0" bw="4" slack="0"/>
<pin id="2436" dir="0" index="1" bw="4" slack="0"/>
<pin id="2437" dir="1" index="2" bw="0" slack="2147483647"/>
</pin_list>
<bind>
<opcode="store(28) " fcode="store"/>
<opset="store_ln257/1 "/>
</bind>
</comp>

<comp id="2439" class="1004" name="store_ln257_store_fu_2439">
<pin_list>
<pin id="2440" dir="0" index="0" bw="4" slack="0"/>
<pin id="2441" dir="0" index="1" bw="4" slack="0"/>
<pin id="2442" dir="1" index="2" bw="0" slack="2147483647"/>
</pin_list>
<bind>
<opcode="store(28) " fcode="store"/>
<opset="store_ln257/1 "/>
</bind>
</comp>

<comp id="2444" class="1004" name="store_ln257_store_fu_2444">
<pin_list>
<pin id="2445" dir="0" index="0" bw="4" slack="0"/>
<pin id="2446" dir="0" index="1" bw="4" slack="0"/>
<pin id="2447" dir="1" index="2" bw="0" slack="2147483647"/>
</pin_list>
<bind>
<opcode="store(28) " fcode="store"/>
<opset="store_ln257/1 "/>
</bind>
</comp>

<comp id="2449" class="1004" name="store_ln257_store_fu_2449">
<pin_list>
<pin id="2450" dir="0" index="0" bw="4" slack="0"/>
<pin id="2451" dir="0" index="1" bw="4" slack="0"/>
<pin id="2452" dir="1" index="2" bw="0" slack="2147483647"/>
</pin_list>
<bind>
<opcode="store(28) " fcode="store"/>
<opset="store_ln257/1 "/>
</bind>
</comp>

<comp id="2454" class="1004" name="store_ln257_store_fu_2454">
<pin_list>
<pin id="2455" dir="0" index="0" bw="4" slack="0"/>
<pin id="2456" dir="0" index="1" bw="4" slack="0"/>
<pin id="2457" dir="1" index="2" bw="0" slack="2147483647"/>
</pin_list>
<bind>
<opcode="store(28) " fcode="store"/>
<opset="store_ln257/1 "/>
</bind>
</comp>

<comp id="2459" class="1004" name="store_ln257_store_fu_2459">
<pin_list>
<pin id="2460" dir="0" index="0" bw="4" slack="0"/>
<pin id="2461" dir="0" index="1" bw="4" slack="0"/>
<pin id="2462" dir="1" index="2" bw="0" slack="2147483647"/>
</pin_list>
<bind>
<opcode="store(28) " fcode="store"/>
<opset="store_ln257/1 "/>
</bind>
</comp>

<comp id="2464" class="1004" name="store_ln257_store_fu_2464">
<pin_list>
<pin id="2465" dir="0" index="0" bw="4" slack="0"/>
<pin id="2466" dir="0" index="1" bw="4" slack="0"/>
<pin id="2467" dir="1" index="2" bw="0" slack="2147483647"/>
</pin_list>
<bind>
<opcode="store(28) " fcode="store"/>
<opset="store_ln257/1 "/>
</bind>
</comp>

<comp id="2469" class="1004" name="store_ln257_store_fu_2469">
<pin_list>
<pin id="2470" dir="0" index="0" bw="4" slack="0"/>
<pin id="2471" dir="0" index="1" bw="4" slack="0"/>
<pin id="2472" dir="1" index="2" bw="0" slack="2147483647"/>
</pin_list>
<bind>
<opcode="store(28) " fcode="store"/>
<opset="store_ln257/1 "/>
</bind>
</comp>

<comp id="2474" class="1004" name="store_ln257_store_fu_2474">
<pin_list>
<pin id="2475" dir="0" index="0" bw="4" slack="0"/>
<pin id="2476" dir="0" index="1" bw="4" slack="0"/>
<pin id="2477" dir="1" index="2" bw="0" slack="2147483647"/>
</pin_list>
<bind>
<opcode="store(28) " fcode="store"/>
<opset="store_ln257/1 "/>
</bind>
</comp>

<comp id="2479" class="1004" name="store_ln257_store_fu_2479">
<pin_list>
<pin id="2480" dir="0" index="0" bw="4" slack="0"/>
<pin id="2481" dir="0" index="1" bw="4" slack="0"/>
<pin id="2482" dir="1" index="2" bw="0" slack="2147483647"/>
</pin_list>
<bind>
<opcode="store(28) " fcode="store"/>
<opset="store_ln257/1 "/>
</bind>
</comp>

<comp id="2484" class="1004" name="store_ln257_store_fu_2484">
<pin_list>
<pin id="2485" dir="0" index="0" bw="4" slack="0"/>
<pin id="2486" dir="0" index="1" bw="4" slack="0"/>
<pin id="2487" dir="1" index="2" bw="0" slack="2147483647"/>
</pin_list>
<bind>
<opcode="store(28) " fcode="store"/>
<opset="store_ln257/1 "/>
</bind>
</comp>

<comp id="2489" class="1004" name="store_ln257_store_fu_2489">
<pin_list>
<pin id="2490" dir="0" index="0" bw="4" slack="0"/>
<pin id="2491" dir="0" index="1" bw="4" slack="0"/>
<pin id="2492" dir="1" index="2" bw="0" slack="2147483647"/>
</pin_list>
<bind>
<opcode="store(28) " fcode="store"/>
<opset="store_ln257/1 "/>
</bind>
</comp>

<comp id="2494" class="1004" name="store_ln257_store_fu_2494">
<pin_list>
<pin id="2495" dir="0" index="0" bw="4" slack="0"/>
<pin id="2496" dir="0" index="1" bw="4" slack="0"/>
<pin id="2497" dir="1" index="2" bw="0" slack="2147483647"/>
</pin_list>
<bind>
<opcode="store(28) " fcode="store"/>
<opset="store_ln257/1 "/>
</bind>
</comp>

<comp id="2499" class="1004" name="store_ln257_store_fu_2499">
<pin_list>
<pin id="2500" dir="0" index="0" bw="4" slack="0"/>
<pin id="2501" dir="0" index="1" bw="4" slack="0"/>
<pin id="2502" dir="1" index="2" bw="0" slack="2147483647"/>
</pin_list>
<bind>
<opcode="store(28) " fcode="store"/>
<opset="store_ln257/1 "/>
</bind>
</comp>

<comp id="2504" class="1004" name="store_ln257_store_fu_2504">
<pin_list>
<pin id="2505" dir="0" index="0" bw="4" slack="0"/>
<pin id="2506" dir="0" index="1" bw="4" slack="0"/>
<pin id="2507" dir="1" index="2" bw="0" slack="2147483647"/>
</pin_list>
<bind>
<opcode="store(28) " fcode="store"/>
<opset="store_ln257/1 "/>
</bind>
</comp>

<comp id="2509" class="1004" name="store_ln257_store_fu_2509">
<pin_list>
<pin id="2510" dir="0" index="0" bw="4" slack="0"/>
<pin id="2511" dir="0" index="1" bw="4" slack="0"/>
<pin id="2512" dir="1" index="2" bw="0" slack="2147483647"/>
</pin_list>
<bind>
<opcode="store(28) " fcode="store"/>
<opset="store_ln257/1 "/>
</bind>
</comp>

<comp id="2514" class="1004" name="store_ln257_store_fu_2514">
<pin_list>
<pin id="2515" dir="0" index="0" bw="4" slack="0"/>
<pin id="2516" dir="0" index="1" bw="4" slack="0"/>
<pin id="2517" dir="1" index="2" bw="0" slack="2147483647"/>
</pin_list>
<bind>
<opcode="store(28) " fcode="store"/>
<opset="store_ln257/1 "/>
</bind>
</comp>

<comp id="2519" class="1004" name="store_ln257_store_fu_2519">
<pin_list>
<pin id="2520" dir="0" index="0" bw="4" slack="0"/>
<pin id="2521" dir="0" index="1" bw="4" slack="0"/>
<pin id="2522" dir="1" index="2" bw="0" slack="2147483647"/>
</pin_list>
<bind>
<opcode="store(28) " fcode="store"/>
<opset="store_ln257/1 "/>
</bind>
</comp>

<comp id="2524" class="1004" name="store_ln257_store_fu_2524">
<pin_list>
<pin id="2525" dir="0" index="0" bw="4" slack="0"/>
<pin id="2526" dir="0" index="1" bw="4" slack="0"/>
<pin id="2527" dir="1" index="2" bw="0" slack="2147483647"/>
</pin_list>
<bind>
<opcode="store(28) " fcode="store"/>
<opset="store_ln257/1 "/>
</bind>
</comp>

<comp id="2529" class="1004" name="store_ln257_store_fu_2529">
<pin_list>
<pin id="2530" dir="0" index="0" bw="4" slack="0"/>
<pin id="2531" dir="0" index="1" bw="4" slack="0"/>
<pin id="2532" dir="1" index="2" bw="0" slack="2147483647"/>
</pin_list>
<bind>
<opcode="store(28) " fcode="store"/>
<opset="store_ln257/1 "/>
</bind>
</comp>

<comp id="2534" class="1004" name="store_ln257_store_fu_2534">
<pin_list>
<pin id="2535" dir="0" index="0" bw="4" slack="0"/>
<pin id="2536" dir="0" index="1" bw="4" slack="0"/>
<pin id="2537" dir="1" index="2" bw="0" slack="2147483647"/>
</pin_list>
<bind>
<opcode="store(28) " fcode="store"/>
<opset="store_ln257/1 "/>
</bind>
</comp>

<comp id="2539" class="1004" name="store_ln257_store_fu_2539">
<pin_list>
<pin id="2540" dir="0" index="0" bw="4" slack="0"/>
<pin id="2541" dir="0" index="1" bw="4" slack="0"/>
<pin id="2542" dir="1" index="2" bw="0" slack="2147483647"/>
</pin_list>
<bind>
<opcode="store(28) " fcode="store"/>
<opset="store_ln257/1 "/>
</bind>
</comp>

<comp id="2544" class="1004" name="store_ln257_store_fu_2544">
<pin_list>
<pin id="2545" dir="0" index="0" bw="4" slack="0"/>
<pin id="2546" dir="0" index="1" bw="4" slack="0"/>
<pin id="2547" dir="1" index="2" bw="0" slack="2147483647"/>
</pin_list>
<bind>
<opcode="store(28) " fcode="store"/>
<opset="store_ln257/1 "/>
</bind>
</comp>

<comp id="2549" class="1004" name="store_ln257_store_fu_2549">
<pin_list>
<pin id="2550" dir="0" index="0" bw="4" slack="0"/>
<pin id="2551" dir="0" index="1" bw="4" slack="0"/>
<pin id="2552" dir="1" index="2" bw="0" slack="2147483647"/>
</pin_list>
<bind>
<opcode="store(28) " fcode="store"/>
<opset="store_ln257/1 "/>
</bind>
</comp>

<comp id="2554" class="1004" name="store_ln257_store_fu_2554">
<pin_list>
<pin id="2555" dir="0" index="0" bw="4" slack="0"/>
<pin id="2556" dir="0" index="1" bw="4" slack="0"/>
<pin id="2557" dir="1" index="2" bw="0" slack="2147483647"/>
</pin_list>
<bind>
<opcode="store(28) " fcode="store"/>
<opset="store_ln257/1 "/>
</bind>
</comp>

<comp id="2559" class="1004" name="store_ln257_store_fu_2559">
<pin_list>
<pin id="2560" dir="0" index="0" bw="4" slack="0"/>
<pin id="2561" dir="0" index="1" bw="4" slack="0"/>
<pin id="2562" dir="1" index="2" bw="0" slack="2147483647"/>
</pin_list>
<bind>
<opcode="store(28) " fcode="store"/>
<opset="store_ln257/1 "/>
</bind>
</comp>

<comp id="2564" class="1004" name="store_ln257_store_fu_2564">
<pin_list>
<pin id="2565" dir="0" index="0" bw="4" slack="0"/>
<pin id="2566" dir="0" index="1" bw="4" slack="0"/>
<pin id="2567" dir="1" index="2" bw="0" slack="2147483647"/>
</pin_list>
<bind>
<opcode="store(28) " fcode="store"/>
<opset="store_ln257/1 "/>
</bind>
</comp>

<comp id="2569" class="1004" name="store_ln257_store_fu_2569">
<pin_list>
<pin id="2570" dir="0" index="0" bw="4" slack="0"/>
<pin id="2571" dir="0" index="1" bw="4" slack="0"/>
<pin id="2572" dir="1" index="2" bw="0" slack="2147483647"/>
</pin_list>
<bind>
<opcode="store(28) " fcode="store"/>
<opset="store_ln257/1 "/>
</bind>
</comp>

<comp id="2574" class="1004" name="store_ln257_store_fu_2574">
<pin_list>
<pin id="2575" dir="0" index="0" bw="4" slack="0"/>
<pin id="2576" dir="0" index="1" bw="4" slack="0"/>
<pin id="2577" dir="1" index="2" bw="0" slack="2147483647"/>
</pin_list>
<bind>
<opcode="store(28) " fcode="store"/>
<opset="store_ln257/1 "/>
</bind>
</comp>

<comp id="2579" class="1004" name="store_ln257_store_fu_2579">
<pin_list>
<pin id="2580" dir="0" index="0" bw="4" slack="0"/>
<pin id="2581" dir="0" index="1" bw="4" slack="0"/>
<pin id="2582" dir="1" index="2" bw="0" slack="2147483647"/>
</pin_list>
<bind>
<opcode="store(28) " fcode="store"/>
<opset="store_ln257/1 "/>
</bind>
</comp>

<comp id="2584" class="1004" name="store_ln257_store_fu_2584">
<pin_list>
<pin id="2585" dir="0" index="0" bw="4" slack="0"/>
<pin id="2586" dir="0" index="1" bw="4" slack="0"/>
<pin id="2587" dir="1" index="2" bw="0" slack="2147483647"/>
</pin_list>
<bind>
<opcode="store(28) " fcode="store"/>
<opset="store_ln257/1 "/>
</bind>
</comp>

<comp id="2589" class="1004" name="store_ln257_store_fu_2589">
<pin_list>
<pin id="2590" dir="0" index="0" bw="4" slack="0"/>
<pin id="2591" dir="0" index="1" bw="4" slack="0"/>
<pin id="2592" dir="1" index="2" bw="0" slack="2147483647"/>
</pin_list>
<bind>
<opcode="store(28) " fcode="store"/>
<opset="store_ln257/1 "/>
</bind>
</comp>

<comp id="2594" class="1004" name="store_ln257_store_fu_2594">
<pin_list>
<pin id="2595" dir="0" index="0" bw="4" slack="0"/>
<pin id="2596" dir="0" index="1" bw="4" slack="0"/>
<pin id="2597" dir="1" index="2" bw="0" slack="2147483647"/>
</pin_list>
<bind>
<opcode="store(28) " fcode="store"/>
<opset="store_ln257/1 "/>
</bind>
</comp>

<comp id="2599" class="1004" name="store_ln257_store_fu_2599">
<pin_list>
<pin id="2600" dir="0" index="0" bw="4" slack="0"/>
<pin id="2601" dir="0" index="1" bw="4" slack="0"/>
<pin id="2602" dir="1" index="2" bw="0" slack="2147483647"/>
</pin_list>
<bind>
<opcode="store(28) " fcode="store"/>
<opset="store_ln257/1 "/>
</bind>
</comp>

<comp id="2604" class="1004" name="store_ln257_store_fu_2604">
<pin_list>
<pin id="2605" dir="0" index="0" bw="4" slack="0"/>
<pin id="2606" dir="0" index="1" bw="4" slack="0"/>
<pin id="2607" dir="1" index="2" bw="0" slack="2147483647"/>
</pin_list>
<bind>
<opcode="store(28) " fcode="store"/>
<opset="store_ln257/1 "/>
</bind>
</comp>

<comp id="2609" class="1004" name="store_ln257_store_fu_2609">
<pin_list>
<pin id="2610" dir="0" index="0" bw="4" slack="0"/>
<pin id="2611" dir="0" index="1" bw="4" slack="0"/>
<pin id="2612" dir="1" index="2" bw="0" slack="2147483647"/>
</pin_list>
<bind>
<opcode="store(28) " fcode="store"/>
<opset="store_ln257/1 "/>
</bind>
</comp>

<comp id="2614" class="1004" name="store_ln257_store_fu_2614">
<pin_list>
<pin id="2615" dir="0" index="0" bw="4" slack="0"/>
<pin id="2616" dir="0" index="1" bw="4" slack="0"/>
<pin id="2617" dir="1" index="2" bw="0" slack="2147483647"/>
</pin_list>
<bind>
<opcode="store(28) " fcode="store"/>
<opset="store_ln257/1 "/>
</bind>
</comp>

<comp id="2619" class="1004" name="store_ln257_store_fu_2619">
<pin_list>
<pin id="2620" dir="0" index="0" bw="4" slack="0"/>
<pin id="2621" dir="0" index="1" bw="4" slack="0"/>
<pin id="2622" dir="1" index="2" bw="0" slack="2147483647"/>
</pin_list>
<bind>
<opcode="store(28) " fcode="store"/>
<opset="store_ln257/1 "/>
</bind>
</comp>

<comp id="2624" class="1004" name="store_ln257_store_fu_2624">
<pin_list>
<pin id="2625" dir="0" index="0" bw="4" slack="0"/>
<pin id="2626" dir="0" index="1" bw="4" slack="0"/>
<pin id="2627" dir="1" index="2" bw="0" slack="2147483647"/>
</pin_list>
<bind>
<opcode="store(28) " fcode="store"/>
<opset="store_ln257/1 "/>
</bind>
</comp>

<comp id="2629" class="1004" name="store_ln257_store_fu_2629">
<pin_list>
<pin id="2630" dir="0" index="0" bw="4" slack="0"/>
<pin id="2631" dir="0" index="1" bw="4" slack="0"/>
<pin id="2632" dir="1" index="2" bw="0" slack="2147483647"/>
</pin_list>
<bind>
<opcode="store(28) " fcode="store"/>
<opset="store_ln257/1 "/>
</bind>
</comp>

<comp id="2634" class="1004" name="store_ln257_store_fu_2634">
<pin_list>
<pin id="2635" dir="0" index="0" bw="4" slack="0"/>
<pin id="2636" dir="0" index="1" bw="4" slack="0"/>
<pin id="2637" dir="1" index="2" bw="0" slack="2147483647"/>
</pin_list>
<bind>
<opcode="store(28) " fcode="store"/>
<opset="store_ln257/1 "/>
</bind>
</comp>

<comp id="2639" class="1004" name="store_ln257_store_fu_2639">
<pin_list>
<pin id="2640" dir="0" index="0" bw="4" slack="0"/>
<pin id="2641" dir="0" index="1" bw="4" slack="0"/>
<pin id="2642" dir="1" index="2" bw="0" slack="2147483647"/>
</pin_list>
<bind>
<opcode="store(28) " fcode="store"/>
<opset="store_ln257/1 "/>
</bind>
</comp>

<comp id="2644" class="1004" name="store_ln257_store_fu_2644">
<pin_list>
<pin id="2645" dir="0" index="0" bw="4" slack="0"/>
<pin id="2646" dir="0" index="1" bw="4" slack="0"/>
<pin id="2647" dir="1" index="2" bw="0" slack="2147483647"/>
</pin_list>
<bind>
<opcode="store(28) " fcode="store"/>
<opset="store_ln257/1 "/>
</bind>
</comp>

<comp id="2649" class="1004" name="store_ln257_store_fu_2649">
<pin_list>
<pin id="2650" dir="0" index="0" bw="4" slack="0"/>
<pin id="2651" dir="0" index="1" bw="4" slack="0"/>
<pin id="2652" dir="1" index="2" bw="0" slack="2147483647"/>
</pin_list>
<bind>
<opcode="store(28) " fcode="store"/>
<opset="store_ln257/1 "/>
</bind>
</comp>

<comp id="2654" class="1004" name="store_ln257_store_fu_2654">
<pin_list>
<pin id="2655" dir="0" index="0" bw="4" slack="0"/>
<pin id="2656" dir="0" index="1" bw="4" slack="0"/>
<pin id="2657" dir="1" index="2" bw="0" slack="2147483647"/>
</pin_list>
<bind>
<opcode="store(28) " fcode="store"/>
<opset="store_ln257/1 "/>
</bind>
</comp>

<comp id="2659" class="1004" name="store_ln257_store_fu_2659">
<pin_list>
<pin id="2660" dir="0" index="0" bw="4" slack="0"/>
<pin id="2661" dir="0" index="1" bw="4" slack="0"/>
<pin id="2662" dir="1" index="2" bw="0" slack="2147483647"/>
</pin_list>
<bind>
<opcode="store(28) " fcode="store"/>
<opset="store_ln257/1 "/>
</bind>
</comp>

<comp id="2664" class="1004" name="store_ln257_store_fu_2664">
<pin_list>
<pin id="2665" dir="0" index="0" bw="4" slack="0"/>
<pin id="2666" dir="0" index="1" bw="4" slack="0"/>
<pin id="2667" dir="1" index="2" bw="0" slack="2147483647"/>
</pin_list>
<bind>
<opcode="store(28) " fcode="store"/>
<opset="store_ln257/1 "/>
</bind>
</comp>

<comp id="2669" class="1004" name="store_ln257_store_fu_2669">
<pin_list>
<pin id="2670" dir="0" index="0" bw="4" slack="0"/>
<pin id="2671" dir="0" index="1" bw="4" slack="0"/>
<pin id="2672" dir="1" index="2" bw="0" slack="2147483647"/>
</pin_list>
<bind>
<opcode="store(28) " fcode="store"/>
<opset="store_ln257/1 "/>
</bind>
</comp>

<comp id="2674" class="1004" name="store_ln257_store_fu_2674">
<pin_list>
<pin id="2675" dir="0" index="0" bw="4" slack="0"/>
<pin id="2676" dir="0" index="1" bw="4" slack="0"/>
<pin id="2677" dir="1" index="2" bw="0" slack="2147483647"/>
</pin_list>
<bind>
<opcode="store(28) " fcode="store"/>
<opset="store_ln257/1 "/>
</bind>
</comp>

<comp id="2679" class="1004" name="store_ln257_store_fu_2679">
<pin_list>
<pin id="2680" dir="0" index="0" bw="4" slack="0"/>
<pin id="2681" dir="0" index="1" bw="4" slack="0"/>
<pin id="2682" dir="1" index="2" bw="0" slack="2147483647"/>
</pin_list>
<bind>
<opcode="store(28) " fcode="store"/>
<opset="store_ln257/1 "/>
</bind>
</comp>

<comp id="2684" class="1004" name="store_ln257_store_fu_2684">
<pin_list>
<pin id="2685" dir="0" index="0" bw="4" slack="0"/>
<pin id="2686" dir="0" index="1" bw="4" slack="0"/>
<pin id="2687" dir="1" index="2" bw="0" slack="2147483647"/>
</pin_list>
<bind>
<opcode="store(28) " fcode="store"/>
<opset="store_ln257/1 "/>
</bind>
</comp>

<comp id="2689" class="1004" name="store_ln257_store_fu_2689">
<pin_list>
<pin id="2690" dir="0" index="0" bw="4" slack="0"/>
<pin id="2691" dir="0" index="1" bw="4" slack="0"/>
<pin id="2692" dir="1" index="2" bw="0" slack="2147483647"/>
</pin_list>
<bind>
<opcode="store(28) " fcode="store"/>
<opset="store_ln257/1 "/>
</bind>
</comp>

<comp id="2694" class="1004" name="store_ln257_store_fu_2694">
<pin_list>
<pin id="2695" dir="0" index="0" bw="4" slack="0"/>
<pin id="2696" dir="0" index="1" bw="4" slack="0"/>
<pin id="2697" dir="1" index="2" bw="0" slack="2147483647"/>
</pin_list>
<bind>
<opcode="store(28) " fcode="store"/>
<opset="store_ln257/1 "/>
</bind>
</comp>

<comp id="2699" class="1004" name="W_packed_V_fu_2699">
<pin_list>
<pin id="2700" dir="0" index="0" bw="8" slack="0"/>
<pin id="2701" dir="1" index="1" bw="4" slack="1"/>
</pin_list>
<bind>
<opcode="trunc(33) " fcode="trunc"/>
<opset="W_packed_V/1 "/>
</bind>
</comp>

<comp id="2703" class="1004" name="icmp_ln272_fu_2703">
<pin_list>
<pin id="2704" dir="0" index="0" bw="32" slack="0"/>
<pin id="2705" dir="0" index="1" bw="32" slack="0"/>
<pin id="2706" dir="1" index="2" bw="1" slack="3"/>
</pin_list>
<bind>
<opcode="icmp(45) " fcode="icmp"/>
<opset="icmp_ln272/1 "/>
</bind>
</comp>

<comp id="2709" class="1004" name="sf_2_fu_2709">
<pin_list>
<pin id="2710" dir="0" index="0" bw="32" slack="0"/>
<pin id="2711" dir="0" index="1" bw="1" slack="0"/>
<pin id="2712" dir="1" index="2" bw="32" slack="0"/>
</pin_list>
<bind>
<opcode="add(8) " fcode="add"/>
<opset="sf_2/1 "/>
</bind>
</comp>

<comp id="2715" class="1004" name="icmp_ln290_fu_2715">
<pin_list>
<pin id="2716" dir="0" index="0" bw="32" slack="0"/>
<pin id="2717" dir="0" index="1" bw="32" slack="0"/>
<pin id="2718" dir="1" index="2" bw="1" slack="3"/>
</pin_list>
<bind>
<opcode="icmp(45) " fcode="icmp"/>
<opset="icmp_ln290/1 "/>
</bind>
</comp>

<comp id="2721" class="1004" name="store_ln290_store_fu_2721">
<pin_list>
<pin id="2722" dir="0" index="0" bw="32" slack="0"/>
<pin id="2723" dir="0" index="1" bw="32" slack="0"/>
<pin id="2724" dir="1" index="2" bw="0" slack="2147483647"/>
</pin_list>
<bind>
<opcode="store(28) " fcode="store"/>
<opset="store_ln290/1 "/>
</bind>
</comp>

<comp id="2726" class="1004" name="nf_fu_2726">
<pin_list>
<pin id="2727" dir="0" index="0" bw="32" slack="0"/>
<pin id="2728" dir="0" index="1" bw="1" slack="0"/>
<pin id="2729" dir="1" index="2" bw="32" slack="0"/>
</pin_list>
<bind>
<opcode="add(8) " fcode="add"/>
<opset="nf/1 "/>
</bind>
</comp>

<comp id="2732" class="1004" name="icmp_ln302_fu_2732">
<pin_list>
<pin id="2733" dir="0" index="0" bw="32" slack="0"/>
<pin id="2734" dir="0" index="1" bw="32" slack="0"/>
<pin id="2735" dir="1" index="2" bw="1" slack="0"/>
</pin_list>
<bind>
<opcode="icmp(45) " fcode="icmp"/>
<opset="icmp_ln302/1 "/>
</bind>
</comp>

<comp id="2738" class="1004" name="nf_3_fu_2738">
<pin_list>
<pin id="2739" dir="0" index="0" bw="1" slack="0"/>
<pin id="2740" dir="0" index="1" bw="32" slack="0"/>
<pin id="2741" dir="0" index="2" bw="32" slack="0"/>
<pin id="2742" dir="1" index="3" bw="32" slack="0"/>
</pin_list>
<bind>
<opcode="select(49) " fcode="select"/>
<opset="nf_3/1 "/>
</bind>
</comp>

<comp id="2746" class="1004" name="store_ln306_store_fu_2746">
<pin_list>
<pin id="2747" dir="0" index="0" bw="32" slack="0"/>
<pin id="2748" dir="0" index="1" bw="32" slack="0"/>
<pin id="2749" dir="1" index="2" bw="0" slack="2147483647"/>
</pin_list>
<bind>
<opcode="store(28) " fcode="store"/>
<opset="store_ln306/1 "/>
</bind>
</comp>

<comp id="2751" class="1004" name="store_ln306_store_fu_2751">
<pin_list>
<pin id="2752" dir="0" index="0" bw="1" slack="0"/>
<pin id="2753" dir="0" index="1" bw="32" slack="0"/>
<pin id="2754" dir="1" index="2" bw="0" slack="2147483647"/>
</pin_list>
<bind>
<opcode="store(28) " fcode="store"/>
<opset="store_ln306/1 "/>
</bind>
</comp>

<comp id="2756" class="1004" name="store_ln249_store_fu_2756">
<pin_list>
<pin id="2757" dir="0" index="0" bw="23" slack="0"/>
<pin id="2758" dir="0" index="1" bw="23" slack="0"/>
<pin id="2759" dir="1" index="2" bw="0" slack="2147483647"/>
</pin_list>
<bind>
<opcode="store(28) " fcode="store"/>
<opset="store_ln249/1 "/>
</bind>
</comp>

<comp id="2761" class="1004" name="sext_ln1494_fu_2761">
<pin_list>
<pin id="2762" dir="0" index="0" bw="4" slack="1"/>
<pin id="2763" dir="1" index="1" bw="8" slack="0"/>
</pin_list>
<bind>
<opcode="sext(35) " fcode="sext"/>
<opset="sext_ln1494/2 "/>
</bind>
</comp>

<comp id="2764" class="1004" name="zext_ln1494_fu_2764">
<pin_list>
<pin id="2765" dir="0" index="0" bw="4" slack="0"/>
<pin id="2766" dir="1" index="1" bw="8" slack="0"/>
</pin_list>
<bind>
<opcode="zext(34) " fcode="zext"/>
<opset="zext_ln1494/2 "/>
</bind>
</comp>

<comp id="2768" class="1004" name="add_i4_i338_load_load_fu_2768">
<pin_list>
<pin id="2769" dir="0" index="0" bw="13" slack="3"/>
<pin id="2770" dir="1" index="1" bw="13" slack="0"/>
</pin_list>
<bind>
<opcode="load(27) " fcode="load"/>
<opset="add_i4_i338_load/4 "/>
</bind>
</comp>

<comp id="2771" class="1004" name="select_ln272_fu_2771">
<pin_list>
<pin id="2772" dir="0" index="0" bw="1" slack="3"/>
<pin id="2773" dir="0" index="1" bw="13" slack="0"/>
<pin id="2774" dir="0" index="2" bw="13" slack="0"/>
<pin id="2775" dir="1" index="3" bw="13" slack="0"/>
</pin_list>
<bind>
<opcode="select(49) " fcode="select"/>
<opset="select_ln272/4 "/>
</bind>
</comp>

<comp id="2778" class="1004" name="idxprom2_i_fu_2778">
<pin_list>
<pin id="2779" dir="0" index="0" bw="32" slack="3"/>
<pin id="2780" dir="1" index="1" bw="64" slack="0"/>
</pin_list>
<bind>
<opcode="zext(34) " fcode="zext"/>
<opset="idxprom2_i/4 "/>
</bind>
</comp>

<comp id="2796" class="1004" name="sext_ln1039_fu_2796">
<pin_list>
<pin id="2797" dir="0" index="0" bw="8" slack="0"/>
<pin id="2798" dir="1" index="1" bw="13" slack="0"/>
</pin_list>
<bind>
<opcode="sext(35) " fcode="sext"/>
<opset="sext_ln1039/5 "/>
</bind>
</comp>

<comp id="2800" class="1004" name="icmp_ln1039_fu_2800">
<pin_list>
<pin id="2801" dir="0" index="0" bw="13" slack="0"/>
<pin id="2802" dir="0" index="1" bw="13" slack="0"/>
<pin id="2803" dir="1" index="2" bw="1" slack="1"/>
</pin_list>
<bind>
<opcode="icmp(45) " fcode="icmp"/>
<opset="icmp_ln1039/5 "/>
</bind>
</comp>

<comp id="2805" class="1004" name="sext_ln1039_1_fu_2805">
<pin_list>
<pin id="2806" dir="0" index="0" bw="9" slack="0"/>
<pin id="2807" dir="1" index="1" bw="13" slack="0"/>
</pin_list>
<bind>
<opcode="sext(35) " fcode="sext"/>
<opset="sext_ln1039_1/5 "/>
</bind>
</comp>

<comp id="2809" class="1004" name="icmp_ln1039_1_fu_2809">
<pin_list>
<pin id="2810" dir="0" index="0" bw="13" slack="0"/>
<pin id="2811" dir="0" index="1" bw="13" slack="0"/>
<pin id="2812" dir="1" index="2" bw="1" slack="1"/>
</pin_list>
<bind>
<opcode="icmp(45) " fcode="icmp"/>
<opset="icmp_ln1039_1/5 "/>
</bind>
</comp>

<comp id="2814" class="1004" name="sext_ln1039_2_fu_2814">
<pin_list>
<pin id="2815" dir="0" index="0" bw="9" slack="0"/>
<pin id="2816" dir="1" index="1" bw="13" slack="0"/>
</pin_list>
<bind>
<opcode="sext(35) " fcode="sext"/>
<opset="sext_ln1039_2/5 "/>
</bind>
</comp>

<comp id="2818" class="1004" name="icmp_ln1039_2_fu_2818">
<pin_list>
<pin id="2819" dir="0" index="0" bw="13" slack="0"/>
<pin id="2820" dir="0" index="1" bw="13" slack="0"/>
<pin id="2821" dir="1" index="2" bw="1" slack="1"/>
</pin_list>
<bind>
<opcode="icmp(45) " fcode="icmp"/>
<opset="icmp_ln1039_2/5 "/>
</bind>
</comp>

<comp id="2823" class="1004" name="zext_ln1039_fu_2823">
<pin_list>
<pin id="2824" dir="0" index="0" bw="8" slack="0"/>
<pin id="2825" dir="1" index="1" bw="13" slack="0"/>
</pin_list>
<bind>
<opcode="zext(34) " fcode="zext"/>
<opset="zext_ln1039/5 "/>
</bind>
</comp>

<comp id="2827" class="1004" name="icmp_ln1039_3_fu_2827">
<pin_list>
<pin id="2828" dir="0" index="0" bw="13" slack="0"/>
<pin id="2829" dir="0" index="1" bw="13" slack="0"/>
<pin id="2830" dir="1" index="2" bw="1" slack="1"/>
</pin_list>
<bind>
<opcode="icmp(45) " fcode="icmp"/>
<opset="icmp_ln1039_3/5 "/>
</bind>
</comp>

<comp id="2832" class="1004" name="zext_ln1039_1_fu_2832">
<pin_list>
<pin id="2833" dir="0" index="0" bw="9" slack="0"/>
<pin id="2834" dir="1" index="1" bw="13" slack="0"/>
</pin_list>
<bind>
<opcode="zext(34) " fcode="zext"/>
<opset="zext_ln1039_1/5 "/>
</bind>
</comp>

<comp id="2836" class="1004" name="icmp_ln1039_4_fu_2836">
<pin_list>
<pin id="2837" dir="0" index="0" bw="13" slack="0"/>
<pin id="2838" dir="0" index="1" bw="13" slack="0"/>
<pin id="2839" dir="1" index="2" bw="1" slack="1"/>
</pin_list>
<bind>
<opcode="icmp(45) " fcode="icmp"/>
<opset="icmp_ln1039_4/5 "/>
</bind>
</comp>

<comp id="2841" class="1004" name="zext_ln1039_2_fu_2841">
<pin_list>
<pin id="2842" dir="0" index="0" bw="9" slack="0"/>
<pin id="2843" dir="1" index="1" bw="13" slack="0"/>
</pin_list>
<bind>
<opcode="zext(34) " fcode="zext"/>
<opset="zext_ln1039_2/5 "/>
</bind>
</comp>

<comp id="2845" class="1004" name="icmp_ln1039_5_fu_2845">
<pin_list>
<pin id="2846" dir="0" index="0" bw="13" slack="0"/>
<pin id="2847" dir="0" index="1" bw="13" slack="0"/>
<pin id="2848" dir="1" index="2" bw="1" slack="1"/>
</pin_list>
<bind>
<opcode="icmp(45) " fcode="icmp"/>
<opset="icmp_ln1039_5/5 "/>
</bind>
</comp>

<comp id="2850" class="1004" name="zext_ln1039_3_fu_2850">
<pin_list>
<pin id="2851" dir="0" index="0" bw="9" slack="0"/>
<pin id="2852" dir="1" index="1" bw="13" slack="0"/>
</pin_list>
<bind>
<opcode="zext(34) " fcode="zext"/>
<opset="zext_ln1039_3/5 "/>
</bind>
</comp>

<comp id="2854" class="1004" name="icmp_ln1039_6_fu_2854">
<pin_list>
<pin id="2855" dir="0" index="0" bw="13" slack="0"/>
<pin id="2856" dir="0" index="1" bw="13" slack="0"/>
<pin id="2857" dir="1" index="2" bw="1" slack="1"/>
</pin_list>
<bind>
<opcode="icmp(45) " fcode="icmp"/>
<opset="icmp_ln1039_6/5 "/>
</bind>
</comp>

<comp id="2859" class="1004" name="zext_ln1039_4_fu_2859">
<pin_list>
<pin id="2860" dir="0" index="0" bw="9" slack="0"/>
<pin id="2861" dir="1" index="1" bw="13" slack="0"/>
</pin_list>
<bind>
<opcode="zext(34) " fcode="zext"/>
<opset="zext_ln1039_4/5 "/>
</bind>
</comp>

<comp id="2863" class="1004" name="icmp_ln1039_7_fu_2863">
<pin_list>
<pin id="2864" dir="0" index="0" bw="13" slack="0"/>
<pin id="2865" dir="0" index="1" bw="13" slack="0"/>
<pin id="2866" dir="1" index="2" bw="1" slack="1"/>
</pin_list>
<bind>
<opcode="icmp(45) " fcode="icmp"/>
<opset="icmp_ln1039_7/5 "/>
</bind>
</comp>

<comp id="2868" class="1004" name="zext_ln1039_5_fu_2868">
<pin_list>
<pin id="2869" dir="0" index="0" bw="9" slack="0"/>
<pin id="2870" dir="1" index="1" bw="13" slack="0"/>
</pin_list>
<bind>
<opcode="zext(34) " fcode="zext"/>
<opset="zext_ln1039_5/5 "/>
</bind>
</comp>

<comp id="2872" class="1004" name="icmp_ln1039_8_fu_2872">
<pin_list>
<pin id="2873" dir="0" index="0" bw="13" slack="0"/>
<pin id="2874" dir="0" index="1" bw="13" slack="0"/>
<pin id="2875" dir="1" index="2" bw="1" slack="1"/>
</pin_list>
<bind>
<opcode="icmp(45) " fcode="icmp"/>
<opset="icmp_ln1039_8/5 "/>
</bind>
</comp>

<comp id="2877" class="1004" name="zext_ln1039_6_fu_2877">
<pin_list>
<pin id="2878" dir="0" index="0" bw="9" slack="0"/>
<pin id="2879" dir="1" index="1" bw="13" slack="0"/>
</pin_list>
<bind>
<opcode="zext(34) " fcode="zext"/>
<opset="zext_ln1039_6/5 "/>
</bind>
</comp>

<comp id="2881" class="1004" name="icmp_ln1039_9_fu_2881">
<pin_list>
<pin id="2882" dir="0" index="0" bw="13" slack="0"/>
<pin id="2883" dir="0" index="1" bw="13" slack="0"/>
<pin id="2884" dir="1" index="2" bw="1" slack="1"/>
</pin_list>
<bind>
<opcode="icmp(45) " fcode="icmp"/>
<opset="icmp_ln1039_9/5 "/>
</bind>
</comp>

<comp id="2886" class="1004" name="zext_ln1039_7_fu_2886">
<pin_list>
<pin id="2887" dir="0" index="0" bw="9" slack="0"/>
<pin id="2888" dir="1" index="1" bw="13" slack="0"/>
</pin_list>
<bind>
<opcode="zext(34) " fcode="zext"/>
<opset="zext_ln1039_7/5 "/>
</bind>
</comp>

<comp id="2890" class="1004" name="icmp_ln1039_10_fu_2890">
<pin_list>
<pin id="2891" dir="0" index="0" bw="13" slack="0"/>
<pin id="2892" dir="0" index="1" bw="13" slack="0"/>
<pin id="2893" dir="1" index="2" bw="1" slack="1"/>
</pin_list>
<bind>
<opcode="icmp(45) " fcode="icmp"/>
<opset="icmp_ln1039_10/5 "/>
</bind>
</comp>

<comp id="2895" class="1004" name="zext_ln1039_8_fu_2895">
<pin_list>
<pin id="2896" dir="0" index="0" bw="10" slack="0"/>
<pin id="2897" dir="1" index="1" bw="13" slack="0"/>
</pin_list>
<bind>
<opcode="zext(34) " fcode="zext"/>
<opset="zext_ln1039_8/5 "/>
</bind>
</comp>

<comp id="2899" class="1004" name="icmp_ln1039_11_fu_2899">
<pin_list>
<pin id="2900" dir="0" index="0" bw="13" slack="0"/>
<pin id="2901" dir="0" index="1" bw="13" slack="0"/>
<pin id="2902" dir="1" index="2" bw="1" slack="1"/>
</pin_list>
<bind>
<opcode="icmp(45) " fcode="icmp"/>
<opset="icmp_ln1039_11/5 "/>
</bind>
</comp>

<comp id="2904" class="1004" name="zext_ln1039_9_fu_2904">
<pin_list>
<pin id="2905" dir="0" index="0" bw="10" slack="0"/>
<pin id="2906" dir="1" index="1" bw="13" slack="0"/>
</pin_list>
<bind>
<opcode="zext(34) " fcode="zext"/>
<opset="zext_ln1039_9/5 "/>
</bind>
</comp>

<comp id="2908" class="1004" name="icmp_ln1039_12_fu_2908">
<pin_list>
<pin id="2909" dir="0" index="0" bw="13" slack="0"/>
<pin id="2910" dir="0" index="1" bw="13" slack="0"/>
<pin id="2911" dir="1" index="2" bw="1" slack="1"/>
</pin_list>
<bind>
<opcode="icmp(45) " fcode="icmp"/>
<opset="icmp_ln1039_12/5 "/>
</bind>
</comp>

<comp id="2913" class="1004" name="zext_ln1039_10_fu_2913">
<pin_list>
<pin id="2914" dir="0" index="0" bw="10" slack="0"/>
<pin id="2915" dir="1" index="1" bw="13" slack="0"/>
</pin_list>
<bind>
<opcode="zext(34) " fcode="zext"/>
<opset="zext_ln1039_10/5 "/>
</bind>
</comp>

<comp id="2917" class="1004" name="icmp_ln1039_13_fu_2917">
<pin_list>
<pin id="2918" dir="0" index="0" bw="13" slack="0"/>
<pin id="2919" dir="0" index="1" bw="13" slack="0"/>
<pin id="2920" dir="1" index="2" bw="1" slack="1"/>
</pin_list>
<bind>
<opcode="icmp(45) " fcode="icmp"/>
<opset="icmp_ln1039_13/5 "/>
</bind>
</comp>

<comp id="2922" class="1004" name="zext_ln1039_11_fu_2922">
<pin_list>
<pin id="2923" dir="0" index="0" bw="10" slack="0"/>
<pin id="2924" dir="1" index="1" bw="13" slack="0"/>
</pin_list>
<bind>
<opcode="zext(34) " fcode="zext"/>
<opset="zext_ln1039_11/5 "/>
</bind>
</comp>

<comp id="2926" class="1004" name="icmp_ln1039_14_fu_2926">
<pin_list>
<pin id="2927" dir="0" index="0" bw="13" slack="0"/>
<pin id="2928" dir="0" index="1" bw="13" slack="0"/>
<pin id="2929" dir="1" index="2" bw="1" slack="1"/>
</pin_list>
<bind>
<opcode="icmp(45) " fcode="icmp"/>
<opset="icmp_ln1039_14/5 "/>
</bind>
</comp>

<comp id="2931" class="1004" name="store_ln249_store_fu_2931">
<pin_list>
<pin id="2932" dir="0" index="0" bw="13" slack="0"/>
<pin id="2933" dir="0" index="1" bw="13" slack="4"/>
<pin id="2934" dir="1" index="2" bw="0" slack="2147483647"/>
</pin_list>
<bind>
<opcode="store(28) " fcode="store"/>
<opset="store_ln249/5 "/>
</bind>
</comp>

<comp id="2935" class="1004" name="result_V_fu_2935">
<pin_list>
<pin id="2936" dir="0" index="0" bw="1" slack="1"/>
<pin id="2937" dir="0" index="1" bw="1" slack="0"/>
<pin id="2938" dir="1" index="2" bw="1" slack="0"/>
</pin_list>
<bind>
<opcode="xor(25) " fcode="xor"/>
<opset="result_V/6 "/>
</bind>
</comp>

<comp id="2940" class="1004" name="zext_ln215_fu_2940">
<pin_list>
<pin id="2941" dir="0" index="0" bw="1" slack="0"/>
<pin id="2942" dir="1" index="1" bw="2" slack="0"/>
</pin_list>
<bind>
<opcode="zext(34) " fcode="zext"/>
<opset="zext_ln215/6 "/>
</bind>
</comp>

<comp id="2944" class="1004" name="xor_ln1039_fu_2944">
<pin_list>
<pin id="2945" dir="0" index="0" bw="1" slack="1"/>
<pin id="2946" dir="0" index="1" bw="1" slack="0"/>
<pin id="2947" dir="1" index="2" bw="1" slack="0"/>
</pin_list>
<bind>
<opcode="xor(25) " fcode="xor"/>
<opset="xor_ln1039/6 "/>
</bind>
</comp>

<comp id="2949" class="1004" name="zext_ln218_fu_2949">
<pin_list>
<pin id="2950" dir="0" index="0" bw="1" slack="0"/>
<pin id="2951" dir="1" index="1" bw="2" slack="0"/>
</pin_list>
<bind>
<opcode="zext(34) " fcode="zext"/>
<opset="zext_ln218/6 "/>
</bind>
</comp>

<comp id="2953" class="1004" name="xor_ln1039_1_fu_2953">
<pin_list>
<pin id="2954" dir="0" index="0" bw="1" slack="1"/>
<pin id="2955" dir="0" index="1" bw="1" slack="0"/>
<pin id="2956" dir="1" index="2" bw="1" slack="0"/>
</pin_list>
<bind>
<opcode="xor(25) " fcode="xor"/>
<opset="xor_ln1039_1/6 "/>
</bind>
</comp>

<comp id="2958" class="1004" name="zext_ln218_1_fu_2958">
<pin_list>
<pin id="2959" dir="0" index="0" bw="1" slack="0"/>
<pin id="2960" dir="1" index="1" bw="2" slack="0"/>
</pin_list>
<bind>
<opcode="zext(34) " fcode="zext"/>
<opset="zext_ln218_1/6 "/>
</bind>
</comp>

<comp id="2962" class="1004" name="xor_ln1039_2_fu_2962">
<pin_list>
<pin id="2963" dir="0" index="0" bw="1" slack="1"/>
<pin id="2964" dir="0" index="1" bw="1" slack="0"/>
<pin id="2965" dir="1" index="2" bw="1" slack="0"/>
</pin_list>
<bind>
<opcode="xor(25) " fcode="xor"/>
<opset="xor_ln1039_2/6 "/>
</bind>
</comp>

<comp id="2967" class="1004" name="zext_ln218_2_fu_2967">
<pin_list>
<pin id="2968" dir="0" index="0" bw="1" slack="0"/>
<pin id="2969" dir="1" index="1" bw="2" slack="0"/>
</pin_list>
<bind>
<opcode="zext(34) " fcode="zext"/>
<opset="zext_ln218_2/6 "/>
</bind>
</comp>

<comp id="2971" class="1004" name="xor_ln1039_3_fu_2971">
<pin_list>
<pin id="2972" dir="0" index="0" bw="1" slack="1"/>
<pin id="2973" dir="0" index="1" bw="1" slack="0"/>
<pin id="2974" dir="1" index="2" bw="1" slack="0"/>
</pin_list>
<bind>
<opcode="xor(25) " fcode="xor"/>
<opset="xor_ln1039_3/6 "/>
</bind>
</comp>

<comp id="2976" class="1004" name="zext_ln218_3_fu_2976">
<pin_list>
<pin id="2977" dir="0" index="0" bw="1" slack="0"/>
<pin id="2978" dir="1" index="1" bw="2" slack="0"/>
</pin_list>
<bind>
<opcode="zext(34) " fcode="zext"/>
<opset="zext_ln218_3/6 "/>
</bind>
</comp>

<comp id="2980" class="1004" name="xor_ln1039_4_fu_2980">
<pin_list>
<pin id="2981" dir="0" index="0" bw="1" slack="1"/>
<pin id="2982" dir="0" index="1" bw="1" slack="0"/>
<pin id="2983" dir="1" index="2" bw="1" slack="0"/>
</pin_list>
<bind>
<opcode="xor(25) " fcode="xor"/>
<opset="xor_ln1039_4/6 "/>
</bind>
</comp>

<comp id="2985" class="1004" name="zext_ln218_4_fu_2985">
<pin_list>
<pin id="2986" dir="0" index="0" bw="1" slack="0"/>
<pin id="2987" dir="1" index="1" bw="2" slack="0"/>
</pin_list>
<bind>
<opcode="zext(34) " fcode="zext"/>
<opset="zext_ln218_4/6 "/>
</bind>
</comp>

<comp id="2989" class="1004" name="xor_ln1039_5_fu_2989">
<pin_list>
<pin id="2990" dir="0" index="0" bw="1" slack="1"/>
<pin id="2991" dir="0" index="1" bw="1" slack="0"/>
<pin id="2992" dir="1" index="2" bw="1" slack="0"/>
</pin_list>
<bind>
<opcode="xor(25) " fcode="xor"/>
<opset="xor_ln1039_5/6 "/>
</bind>
</comp>

<comp id="2994" class="1004" name="zext_ln218_5_fu_2994">
<pin_list>
<pin id="2995" dir="0" index="0" bw="1" slack="0"/>
<pin id="2996" dir="1" index="1" bw="2" slack="0"/>
</pin_list>
<bind>
<opcode="zext(34) " fcode="zext"/>
<opset="zext_ln218_5/6 "/>
</bind>
</comp>

<comp id="2998" class="1004" name="xor_ln1039_6_fu_2998">
<pin_list>
<pin id="2999" dir="0" index="0" bw="1" slack="1"/>
<pin id="3000" dir="0" index="1" bw="1" slack="0"/>
<pin id="3001" dir="1" index="2" bw="1" slack="0"/>
</pin_list>
<bind>
<opcode="xor(25) " fcode="xor"/>
<opset="xor_ln1039_6/6 "/>
</bind>
</comp>

<comp id="3003" class="1004" name="zext_ln218_6_fu_3003">
<pin_list>
<pin id="3004" dir="0" index="0" bw="1" slack="0"/>
<pin id="3005" dir="1" index="1" bw="2" slack="0"/>
</pin_list>
<bind>
<opcode="zext(34) " fcode="zext"/>
<opset="zext_ln218_6/6 "/>
</bind>
</comp>

<comp id="3007" class="1004" name="xor_ln1039_7_fu_3007">
<pin_list>
<pin id="3008" dir="0" index="0" bw="1" slack="1"/>
<pin id="3009" dir="0" index="1" bw="1" slack="0"/>
<pin id="3010" dir="1" index="2" bw="1" slack="0"/>
</pin_list>
<bind>
<opcode="xor(25) " fcode="xor"/>
<opset="xor_ln1039_7/6 "/>
</bind>
</comp>

<comp id="3012" class="1004" name="zext_ln218_7_fu_3012">
<pin_list>
<pin id="3013" dir="0" index="0" bw="1" slack="0"/>
<pin id="3014" dir="1" index="1" bw="2" slack="0"/>
</pin_list>
<bind>
<opcode="zext(34) " fcode="zext"/>
<opset="zext_ln218_7/6 "/>
</bind>
</comp>

<comp id="3016" class="1004" name="xor_ln1039_8_fu_3016">
<pin_list>
<pin id="3017" dir="0" index="0" bw="1" slack="1"/>
<pin id="3018" dir="0" index="1" bw="1" slack="0"/>
<pin id="3019" dir="1" index="2" bw="1" slack="0"/>
</pin_list>
<bind>
<opcode="xor(25) " fcode="xor"/>
<opset="xor_ln1039_8/6 "/>
</bind>
</comp>

<comp id="3021" class="1004" name="zext_ln218_8_fu_3021">
<pin_list>
<pin id="3022" dir="0" index="0" bw="1" slack="0"/>
<pin id="3023" dir="1" index="1" bw="2" slack="0"/>
</pin_list>
<bind>
<opcode="zext(34) " fcode="zext"/>
<opset="zext_ln218_8/6 "/>
</bind>
</comp>

<comp id="3025" class="1004" name="xor_ln1039_9_fu_3025">
<pin_list>
<pin id="3026" dir="0" index="0" bw="1" slack="1"/>
<pin id="3027" dir="0" index="1" bw="1" slack="0"/>
<pin id="3028" dir="1" index="2" bw="1" slack="0"/>
</pin_list>
<bind>
<opcode="xor(25) " fcode="xor"/>
<opset="xor_ln1039_9/6 "/>
</bind>
</comp>

<comp id="3030" class="1004" name="zext_ln218_9_fu_3030">
<pin_list>
<pin id="3031" dir="0" index="0" bw="1" slack="0"/>
<pin id="3032" dir="1" index="1" bw="2" slack="0"/>
</pin_list>
<bind>
<opcode="zext(34) " fcode="zext"/>
<opset="zext_ln218_9/6 "/>
</bind>
</comp>

<comp id="3034" class="1004" name="xor_ln1039_10_fu_3034">
<pin_list>
<pin id="3035" dir="0" index="0" bw="1" slack="1"/>
<pin id="3036" dir="0" index="1" bw="1" slack="0"/>
<pin id="3037" dir="1" index="2" bw="1" slack="0"/>
</pin_list>
<bind>
<opcode="xor(25) " fcode="xor"/>
<opset="xor_ln1039_10/6 "/>
</bind>
</comp>

<comp id="3039" class="1004" name="zext_ln218_10_fu_3039">
<pin_list>
<pin id="3040" dir="0" index="0" bw="1" slack="0"/>
<pin id="3041" dir="1" index="1" bw="2" slack="0"/>
</pin_list>
<bind>
<opcode="zext(34) " fcode="zext"/>
<opset="zext_ln218_10/6 "/>
</bind>
</comp>

<comp id="3043" class="1004" name="xor_ln1039_11_fu_3043">
<pin_list>
<pin id="3044" dir="0" index="0" bw="1" slack="1"/>
<pin id="3045" dir="0" index="1" bw="1" slack="0"/>
<pin id="3046" dir="1" index="2" bw="1" slack="0"/>
</pin_list>
<bind>
<opcode="xor(25) " fcode="xor"/>
<opset="xor_ln1039_11/6 "/>
</bind>
</comp>

<comp id="3048" class="1004" name="zext_ln218_11_fu_3048">
<pin_list>
<pin id="3049" dir="0" index="0" bw="1" slack="0"/>
<pin id="3050" dir="1" index="1" bw="2" slack="0"/>
</pin_list>
<bind>
<opcode="zext(34) " fcode="zext"/>
<opset="zext_ln218_11/6 "/>
</bind>
</comp>

<comp id="3052" class="1004" name="xor_ln1039_12_fu_3052">
<pin_list>
<pin id="3053" dir="0" index="0" bw="1" slack="1"/>
<pin id="3054" dir="0" index="1" bw="1" slack="0"/>
<pin id="3055" dir="1" index="2" bw="1" slack="0"/>
</pin_list>
<bind>
<opcode="xor(25) " fcode="xor"/>
<opset="xor_ln1039_12/6 "/>
</bind>
</comp>

<comp id="3057" class="1004" name="zext_ln218_12_fu_3057">
<pin_list>
<pin id="3058" dir="0" index="0" bw="1" slack="0"/>
<pin id="3059" dir="1" index="1" bw="2" slack="0"/>
</pin_list>
<bind>
<opcode="zext(34) " fcode="zext"/>
<opset="zext_ln218_12/6 "/>
</bind>
</comp>

<comp id="3061" class="1004" name="xor_ln1039_13_fu_3061">
<pin_list>
<pin id="3062" dir="0" index="0" bw="1" slack="1"/>
<pin id="3063" dir="0" index="1" bw="1" slack="0"/>
<pin id="3064" dir="1" index="2" bw="1" slack="0"/>
</pin_list>
<bind>
<opcode="xor(25) " fcode="xor"/>
<opset="xor_ln1039_13/6 "/>
</bind>
</comp>

<comp id="3066" class="1004" name="zext_ln840_fu_3066">
<pin_list>
<pin id="3067" dir="0" index="0" bw="1" slack="0"/>
<pin id="3068" dir="1" index="1" bw="2" slack="0"/>
</pin_list>
<bind>
<opcode="zext(34) " fcode="zext"/>
<opset="zext_ln840/6 "/>
</bind>
</comp>

<comp id="3070" class="1004" name="add_ln840_1_fu_3070">
<pin_list>
<pin id="3071" dir="0" index="0" bw="1" slack="0"/>
<pin id="3072" dir="0" index="1" bw="1" slack="0"/>
<pin id="3073" dir="1" index="2" bw="2" slack="0"/>
</pin_list>
<bind>
<opcode="add(8) " fcode="add"/>
<opset="add_ln840_1/6 "/>
</bind>
</comp>

<comp id="3076" class="1004" name="add_ln840_2_fu_3076">
<pin_list>
<pin id="3077" dir="0" index="0" bw="2" slack="0"/>
<pin id="3078" dir="0" index="1" bw="1" slack="0"/>
<pin id="3079" dir="1" index="2" bw="2" slack="0"/>
</pin_list>
<bind>
<opcode="add(8) " fcode="add"/>
<opset="add_ln840_2/6 "/>
</bind>
</comp>

<comp id="3082" class="1004" name="zext_ln840_1_fu_3082">
<pin_list>
<pin id="3083" dir="0" index="0" bw="2" slack="0"/>
<pin id="3084" dir="1" index="1" bw="3" slack="0"/>
</pin_list>
<bind>
<opcode="zext(34) " fcode="zext"/>
<opset="zext_ln840_1/6 "/>
</bind>
</comp>

<comp id="3086" class="1004" name="add_ln840_3_fu_3086">
<pin_list>
<pin id="3087" dir="0" index="0" bw="1" slack="0"/>
<pin id="3088" dir="0" index="1" bw="1" slack="0"/>
<pin id="3089" dir="1" index="2" bw="2" slack="0"/>
</pin_list>
<bind>
<opcode="add(8) " fcode="add"/>
<opset="add_ln840_3/6 "/>
</bind>
</comp>

<comp id="3092" class="1004" name="zext_ln840_2_fu_3092">
<pin_list>
<pin id="3093" dir="0" index="0" bw="2" slack="0"/>
<pin id="3094" dir="1" index="1" bw="3" slack="0"/>
</pin_list>
<bind>
<opcode="zext(34) " fcode="zext"/>
<opset="zext_ln840_2/6 "/>
</bind>
</comp>

<comp id="3096" class="1004" name="add_ln840_4_fu_3096">
<pin_list>
<pin id="3097" dir="0" index="0" bw="1" slack="0"/>
<pin id="3098" dir="0" index="1" bw="1" slack="0"/>
<pin id="3099" dir="1" index="2" bw="2" slack="0"/>
</pin_list>
<bind>
<opcode="add(8) " fcode="add"/>
<opset="add_ln840_4/6 "/>
</bind>
</comp>

<comp id="3102" class="1004" name="zext_ln840_3_fu_3102">
<pin_list>
<pin id="3103" dir="0" index="0" bw="2" slack="0"/>
<pin id="3104" dir="1" index="1" bw="3" slack="0"/>
</pin_list>
<bind>
<opcode="zext(34) " fcode="zext"/>
<opset="zext_ln840_3/6 "/>
</bind>
</comp>

<comp id="3106" class="1004" name="add_ln840_5_fu_3106">
<pin_list>
<pin id="3107" dir="0" index="0" bw="2" slack="0"/>
<pin id="3108" dir="0" index="1" bw="2" slack="0"/>
<pin id="3109" dir="1" index="2" bw="3" slack="0"/>
</pin_list>
<bind>
<opcode="add(8) " fcode="add"/>
<opset="add_ln840_5/6 "/>
</bind>
</comp>

<comp id="3112" class="1004" name="add_ln840_6_fu_3112">
<pin_list>
<pin id="3113" dir="0" index="0" bw="3" slack="0"/>
<pin id="3114" dir="0" index="1" bw="2" slack="0"/>
<pin id="3115" dir="1" index="2" bw="3" slack="1"/>
</pin_list>
<bind>
<opcode="add(8) " fcode="add"/>
<opset="add_ln840_6/6 "/>
</bind>
</comp>

<comp id="3118" class="1004" name="add_ln840_7_fu_3118">
<pin_list>
<pin id="3119" dir="0" index="0" bw="1" slack="0"/>
<pin id="3120" dir="0" index="1" bw="1" slack="0"/>
<pin id="3121" dir="1" index="2" bw="2" slack="0"/>
</pin_list>
<bind>
<opcode="add(8) " fcode="add"/>
<opset="add_ln840_7/6 "/>
</bind>
</comp>

<comp id="3124" class="1004" name="zext_ln840_5_fu_3124">
<pin_list>
<pin id="3125" dir="0" index="0" bw="2" slack="0"/>
<pin id="3126" dir="1" index="1" bw="3" slack="0"/>
</pin_list>
<bind>
<opcode="zext(34) " fcode="zext"/>
<opset="zext_ln840_5/6 "/>
</bind>
</comp>

<comp id="3128" class="1004" name="add_ln840_8_fu_3128">
<pin_list>
<pin id="3129" dir="0" index="0" bw="1" slack="0"/>
<pin id="3130" dir="0" index="1" bw="1" slack="0"/>
<pin id="3131" dir="1" index="2" bw="2" slack="0"/>
</pin_list>
<bind>
<opcode="add(8) " fcode="add"/>
<opset="add_ln840_8/6 "/>
</bind>
</comp>

<comp id="3134" class="1004" name="zext_ln840_6_fu_3134">
<pin_list>
<pin id="3135" dir="0" index="0" bw="2" slack="0"/>
<pin id="3136" dir="1" index="1" bw="3" slack="0"/>
</pin_list>
<bind>
<opcode="zext(34) " fcode="zext"/>
<opset="zext_ln840_6/6 "/>
</bind>
</comp>

<comp id="3138" class="1004" name="add_ln840_9_fu_3138">
<pin_list>
<pin id="3139" dir="0" index="0" bw="2" slack="0"/>
<pin id="3140" dir="0" index="1" bw="2" slack="0"/>
<pin id="3141" dir="1" index="2" bw="3" slack="1"/>
</pin_list>
<bind>
<opcode="add(8) " fcode="add"/>
<opset="add_ln840_9/6 "/>
</bind>
</comp>

<comp id="3144" class="1004" name="add_ln840_10_fu_3144">
<pin_list>
<pin id="3145" dir="0" index="0" bw="1" slack="0"/>
<pin id="3146" dir="0" index="1" bw="1" slack="0"/>
<pin id="3147" dir="1" index="2" bw="2" slack="0"/>
</pin_list>
<bind>
<opcode="add(8) " fcode="add"/>
<opset="add_ln840_10/6 "/>
</bind>
</comp>

<comp id="3150" class="1004" name="zext_ln840_8_fu_3150">
<pin_list>
<pin id="3151" dir="0" index="0" bw="2" slack="0"/>
<pin id="3152" dir="1" index="1" bw="3" slack="0"/>
</pin_list>
<bind>
<opcode="zext(34) " fcode="zext"/>
<opset="zext_ln840_8/6 "/>
</bind>
</comp>

<comp id="3154" class="1004" name="add_ln840_11_fu_3154">
<pin_list>
<pin id="3155" dir="0" index="0" bw="1" slack="0"/>
<pin id="3156" dir="0" index="1" bw="1" slack="0"/>
<pin id="3157" dir="1" index="2" bw="2" slack="0"/>
</pin_list>
<bind>
<opcode="add(8) " fcode="add"/>
<opset="add_ln840_11/6 "/>
</bind>
</comp>

<comp id="3160" class="1004" name="zext_ln840_9_fu_3160">
<pin_list>
<pin id="3161" dir="0" index="0" bw="2" slack="0"/>
<pin id="3162" dir="1" index="1" bw="3" slack="0"/>
</pin_list>
<bind>
<opcode="zext(34) " fcode="zext"/>
<opset="zext_ln840_9/6 "/>
</bind>
</comp>

<comp id="3164" class="1004" name="add_ln840_12_fu_3164">
<pin_list>
<pin id="3165" dir="0" index="0" bw="2" slack="0"/>
<pin id="3166" dir="0" index="1" bw="2" slack="0"/>
<pin id="3167" dir="1" index="2" bw="3" slack="1"/>
</pin_list>
<bind>
<opcode="add(8) " fcode="add"/>
<opset="add_ln840_12/6 "/>
</bind>
</comp>

<comp id="3170" class="1004" name="zext_ln840_4_fu_3170">
<pin_list>
<pin id="3171" dir="0" index="0" bw="3" slack="1"/>
<pin id="3172" dir="1" index="1" bw="4" slack="0"/>
</pin_list>
<bind>
<opcode="zext(34) " fcode="zext"/>
<opset="zext_ln840_4/7 "/>
</bind>
</comp>

<comp id="3173" class="1004" name="zext_ln840_7_fu_3173">
<pin_list>
<pin id="3174" dir="0" index="0" bw="3" slack="1"/>
<pin id="3175" dir="1" index="1" bw="4" slack="0"/>
</pin_list>
<bind>
<opcode="zext(34) " fcode="zext"/>
<opset="zext_ln840_7/7 "/>
</bind>
</comp>

<comp id="3176" class="1004" name="zext_ln840_10_fu_3176">
<pin_list>
<pin id="3177" dir="0" index="0" bw="3" slack="1"/>
<pin id="3178" dir="1" index="1" bw="4" slack="0"/>
</pin_list>
<bind>
<opcode="zext(34) " fcode="zext"/>
<opset="zext_ln840_10/7 "/>
</bind>
</comp>

<comp id="3179" class="1004" name="add_ln840_13_fu_3179">
<pin_list>
<pin id="3180" dir="0" index="0" bw="3" slack="0"/>
<pin id="3181" dir="0" index="1" bw="3" slack="0"/>
<pin id="3182" dir="1" index="2" bw="4" slack="0"/>
</pin_list>
<bind>
<opcode="add(8) " fcode="add"/>
<opset="add_ln840_13/7 "/>
</bind>
</comp>

<comp id="3185" class="1004" name="result_V_2_fu_3185">
<pin_list>
<pin id="3186" dir="0" index="0" bw="4" slack="0"/>
<pin id="3187" dir="0" index="1" bw="3" slack="0"/>
<pin id="3188" dir="1" index="2" bw="4" slack="0"/>
</pin_list>
<bind>
<opcode="add(8) " fcode="add"/>
<opset="result_V_2/7 "/>
</bind>
</comp>

<comp id="3191" class="1004" name="zext_ln298_fu_3191">
<pin_list>
<pin id="3192" dir="0" index="0" bw="4" slack="0"/>
<pin id="3193" dir="1" index="1" bw="8" slack="0"/>
</pin_list>
<bind>
<opcode="zext(34) " fcode="zext"/>
<opset="zext_ln298/7 "/>
</bind>
</comp>

<comp id="3196" class="1007" name="grp_fu_3196">
<pin_list>
<pin id="3197" dir="0" index="0" bw="4" slack="0"/>
<pin id="3198" dir="0" index="1" bw="4" slack="0"/>
<pin id="3199" dir="0" index="2" bw="13" slack="0"/>
<pin id="3200" dir="1" index="3" bw="13" slack="0"/>
</pin_list>
<bind>
<opcode="muladd(1172) " fcode="muladd"/>
<opset="ret_V/2 sext_ln840/4 add_ln840/4 "/>
</bind>
</comp>

<comp id="3220" class="1005" name="sf_reg_3220">
<pin_list>
<pin id="3221" dir="0" index="0" bw="32" slack="0"/>
<pin id="3222" dir="1" index="1" bw="32" slack="0"/>
</pin_list>
<bind>
<opset="sf "/>
</bind>
</comp>

<comp id="3228" class="1005" name="i_reg_3228">
<pin_list>
<pin id="3229" dir="0" index="0" bw="23" slack="0"/>
<pin id="3230" dir="1" index="1" bw="23" slack="0"/>
</pin_list>
<bind>
<opset="i "/>
</bind>
</comp>

<comp id="3235" class="1005" name="add_i4_i338_reg_3235">
<pin_list>
<pin id="3236" dir="0" index="0" bw="13" slack="3"/>
<pin id="3237" dir="1" index="1" bw="13" slack="3"/>
</pin_list>
<bind>
<opset="add_i4_i338 "/>
</bind>
</comp>

<comp id="3241" class="1005" name="inputBuf_V_reg_3241">
<pin_list>
<pin id="3242" dir="0" index="0" bw="4" slack="0"/>
<pin id="3243" dir="1" index="1" bw="4" slack="0"/>
</pin_list>
<bind>
<opset="inputBuf_V "/>
</bind>
</comp>

<comp id="3247" class="1005" name="inputBuf_V_1_reg_3247">
<pin_list>
<pin id="3248" dir="0" index="0" bw="4" slack="0"/>
<pin id="3249" dir="1" index="1" bw="4" slack="0"/>
</pin_list>
<bind>
<opset="inputBuf_V_1 "/>
</bind>
</comp>

<comp id="3253" class="1005" name="inputBuf_V_2_reg_3253">
<pin_list>
<pin id="3254" dir="0" index="0" bw="4" slack="0"/>
<pin id="3255" dir="1" index="1" bw="4" slack="0"/>
</pin_list>
<bind>
<opset="inputBuf_V_2 "/>
</bind>
</comp>

<comp id="3259" class="1005" name="inputBuf_V_3_reg_3259">
<pin_list>
<pin id="3260" dir="0" index="0" bw="4" slack="0"/>
<pin id="3261" dir="1" index="1" bw="4" slack="0"/>
</pin_list>
<bind>
<opset="inputBuf_V_3 "/>
</bind>
</comp>

<comp id="3265" class="1005" name="inputBuf_V_4_reg_3265">
<pin_list>
<pin id="3266" dir="0" index="0" bw="4" slack="0"/>
<pin id="3267" dir="1" index="1" bw="4" slack="0"/>
</pin_list>
<bind>
<opset="inputBuf_V_4 "/>
</bind>
</comp>

<comp id="3271" class="1005" name="inputBuf_V_5_reg_3271">
<pin_list>
<pin id="3272" dir="0" index="0" bw="4" slack="0"/>
<pin id="3273" dir="1" index="1" bw="4" slack="0"/>
</pin_list>
<bind>
<opset="inputBuf_V_5 "/>
</bind>
</comp>

<comp id="3277" class="1005" name="inputBuf_V_6_reg_3277">
<pin_list>
<pin id="3278" dir="0" index="0" bw="4" slack="0"/>
<pin id="3279" dir="1" index="1" bw="4" slack="0"/>
</pin_list>
<bind>
<opset="inputBuf_V_6 "/>
</bind>
</comp>

<comp id="3283" class="1005" name="inputBuf_V_7_reg_3283">
<pin_list>
<pin id="3284" dir="0" index="0" bw="4" slack="0"/>
<pin id="3285" dir="1" index="1" bw="4" slack="0"/>
</pin_list>
<bind>
<opset="inputBuf_V_7 "/>
</bind>
</comp>

<comp id="3289" class="1005" name="inputBuf_V_8_reg_3289">
<pin_list>
<pin id="3290" dir="0" index="0" bw="4" slack="0"/>
<pin id="3291" dir="1" index="1" bw="4" slack="0"/>
</pin_list>
<bind>
<opset="inputBuf_V_8 "/>
</bind>
</comp>

<comp id="3295" class="1005" name="inputBuf_V_9_reg_3295">
<pin_list>
<pin id="3296" dir="0" index="0" bw="4" slack="0"/>
<pin id="3297" dir="1" index="1" bw="4" slack="0"/>
</pin_list>
<bind>
<opset="inputBuf_V_9 "/>
</bind>
</comp>

<comp id="3301" class="1005" name="inputBuf_V_10_reg_3301">
<pin_list>
<pin id="3302" dir="0" index="0" bw="4" slack="0"/>
<pin id="3303" dir="1" index="1" bw="4" slack="0"/>
</pin_list>
<bind>
<opset="inputBuf_V_10 "/>
</bind>
</comp>

<comp id="3307" class="1005" name="inputBuf_V_11_reg_3307">
<pin_list>
<pin id="3308" dir="0" index="0" bw="4" slack="0"/>
<pin id="3309" dir="1" index="1" bw="4" slack="0"/>
</pin_list>
<bind>
<opset="inputBuf_V_11 "/>
</bind>
</comp>

<comp id="3313" class="1005" name="inputBuf_V_12_reg_3313">
<pin_list>
<pin id="3314" dir="0" index="0" bw="4" slack="0"/>
<pin id="3315" dir="1" index="1" bw="4" slack="0"/>
</pin_list>
<bind>
<opset="inputBuf_V_12 "/>
</bind>
</comp>

<comp id="3319" class="1005" name="inputBuf_V_13_reg_3319">
<pin_list>
<pin id="3320" dir="0" index="0" bw="4" slack="0"/>
<pin id="3321" dir="1" index="1" bw="4" slack="0"/>
</pin_list>
<bind>
<opset="inputBuf_V_13 "/>
</bind>
</comp>

<comp id="3325" class="1005" name="inputBuf_V_14_reg_3325">
<pin_list>
<pin id="3326" dir="0" index="0" bw="4" slack="0"/>
<pin id="3327" dir="1" index="1" bw="4" slack="0"/>
</pin_list>
<bind>
<opset="inputBuf_V_14 "/>
</bind>
</comp>

<comp id="3331" class="1005" name="inputBuf_V_15_reg_3331">
<pin_list>
<pin id="3332" dir="0" index="0" bw="4" slack="0"/>
<pin id="3333" dir="1" index="1" bw="4" slack="0"/>
</pin_list>
<bind>
<opset="inputBuf_V_15 "/>
</bind>
</comp>

<comp id="3337" class="1005" name="inputBuf_V_16_reg_3337">
<pin_list>
<pin id="3338" dir="0" index="0" bw="4" slack="0"/>
<pin id="3339" dir="1" index="1" bw="4" slack="0"/>
</pin_list>
<bind>
<opset="inputBuf_V_16 "/>
</bind>
</comp>

<comp id="3343" class="1005" name="inputBuf_V_17_reg_3343">
<pin_list>
<pin id="3344" dir="0" index="0" bw="4" slack="0"/>
<pin id="3345" dir="1" index="1" bw="4" slack="0"/>
</pin_list>
<bind>
<opset="inputBuf_V_17 "/>
</bind>
</comp>

<comp id="3349" class="1005" name="inputBuf_V_18_reg_3349">
<pin_list>
<pin id="3350" dir="0" index="0" bw="4" slack="0"/>
<pin id="3351" dir="1" index="1" bw="4" slack="0"/>
</pin_list>
<bind>
<opset="inputBuf_V_18 "/>
</bind>
</comp>

<comp id="3355" class="1005" name="inputBuf_V_19_reg_3355">
<pin_list>
<pin id="3356" dir="0" index="0" bw="4" slack="0"/>
<pin id="3357" dir="1" index="1" bw="4" slack="0"/>
</pin_list>
<bind>
<opset="inputBuf_V_19 "/>
</bind>
</comp>

<comp id="3361" class="1005" name="inputBuf_V_20_reg_3361">
<pin_list>
<pin id="3362" dir="0" index="0" bw="4" slack="0"/>
<pin id="3363" dir="1" index="1" bw="4" slack="0"/>
</pin_list>
<bind>
<opset="inputBuf_V_20 "/>
</bind>
</comp>

<comp id="3367" class="1005" name="inputBuf_V_21_reg_3367">
<pin_list>
<pin id="3368" dir="0" index="0" bw="4" slack="0"/>
<pin id="3369" dir="1" index="1" bw="4" slack="0"/>
</pin_list>
<bind>
<opset="inputBuf_V_21 "/>
</bind>
</comp>

<comp id="3373" class="1005" name="inputBuf_V_22_reg_3373">
<pin_list>
<pin id="3374" dir="0" index="0" bw="4" slack="0"/>
<pin id="3375" dir="1" index="1" bw="4" slack="0"/>
</pin_list>
<bind>
<opset="inputBuf_V_22 "/>
</bind>
</comp>

<comp id="3379" class="1005" name="inputBuf_V_23_reg_3379">
<pin_list>
<pin id="3380" dir="0" index="0" bw="4" slack="0"/>
<pin id="3381" dir="1" index="1" bw="4" slack="0"/>
</pin_list>
<bind>
<opset="inputBuf_V_23 "/>
</bind>
</comp>

<comp id="3385" class="1005" name="inputBuf_V_24_reg_3385">
<pin_list>
<pin id="3386" dir="0" index="0" bw="4" slack="0"/>
<pin id="3387" dir="1" index="1" bw="4" slack="0"/>
</pin_list>
<bind>
<opset="inputBuf_V_24 "/>
</bind>
</comp>

<comp id="3391" class="1005" name="inputBuf_V_25_reg_3391">
<pin_list>
<pin id="3392" dir="0" index="0" bw="4" slack="0"/>
<pin id="3393" dir="1" index="1" bw="4" slack="0"/>
</pin_list>
<bind>
<opset="inputBuf_V_25 "/>
</bind>
</comp>

<comp id="3397" class="1005" name="inputBuf_V_26_reg_3397">
<pin_list>
<pin id="3398" dir="0" index="0" bw="4" slack="0"/>
<pin id="3399" dir="1" index="1" bw="4" slack="0"/>
</pin_list>
<bind>
<opset="inputBuf_V_26 "/>
</bind>
</comp>

<comp id="3403" class="1005" name="inputBuf_V_27_reg_3403">
<pin_list>
<pin id="3404" dir="0" index="0" bw="4" slack="0"/>
<pin id="3405" dir="1" index="1" bw="4" slack="0"/>
</pin_list>
<bind>
<opset="inputBuf_V_27 "/>
</bind>
</comp>

<comp id="3409" class="1005" name="inputBuf_V_28_reg_3409">
<pin_list>
<pin id="3410" dir="0" index="0" bw="4" slack="0"/>
<pin id="3411" dir="1" index="1" bw="4" slack="0"/>
</pin_list>
<bind>
<opset="inputBuf_V_28 "/>
</bind>
</comp>

<comp id="3415" class="1005" name="inputBuf_V_29_reg_3415">
<pin_list>
<pin id="3416" dir="0" index="0" bw="4" slack="0"/>
<pin id="3417" dir="1" index="1" bw="4" slack="0"/>
</pin_list>
<bind>
<opset="inputBuf_V_29 "/>
</bind>
</comp>

<comp id="3421" class="1005" name="inputBuf_V_30_reg_3421">
<pin_list>
<pin id="3422" dir="0" index="0" bw="4" slack="0"/>
<pin id="3423" dir="1" index="1" bw="4" slack="0"/>
</pin_list>
<bind>
<opset="inputBuf_V_30 "/>
</bind>
</comp>

<comp id="3427" class="1005" name="inputBuf_V_31_reg_3427">
<pin_list>
<pin id="3428" dir="0" index="0" bw="4" slack="0"/>
<pin id="3429" dir="1" index="1" bw="4" slack="0"/>
</pin_list>
<bind>
<opset="inputBuf_V_31 "/>
</bind>
</comp>

<comp id="3433" class="1005" name="inputBuf_V_32_reg_3433">
<pin_list>
<pin id="3434" dir="0" index="0" bw="4" slack="0"/>
<pin id="3435" dir="1" index="1" bw="4" slack="0"/>
</pin_list>
<bind>
<opset="inputBuf_V_32 "/>
</bind>
</comp>

<comp id="3439" class="1005" name="inputBuf_V_33_reg_3439">
<pin_list>
<pin id="3440" dir="0" index="0" bw="4" slack="0"/>
<pin id="3441" dir="1" index="1" bw="4" slack="0"/>
</pin_list>
<bind>
<opset="inputBuf_V_33 "/>
</bind>
</comp>

<comp id="3445" class="1005" name="inputBuf_V_34_reg_3445">
<pin_list>
<pin id="3446" dir="0" index="0" bw="4" slack="0"/>
<pin id="3447" dir="1" index="1" bw="4" slack="0"/>
</pin_list>
<bind>
<opset="inputBuf_V_34 "/>
</bind>
</comp>

<comp id="3451" class="1005" name="inputBuf_V_35_reg_3451">
<pin_list>
<pin id="3452" dir="0" index="0" bw="4" slack="0"/>
<pin id="3453" dir="1" index="1" bw="4" slack="0"/>
</pin_list>
<bind>
<opset="inputBuf_V_35 "/>
</bind>
</comp>

<comp id="3457" class="1005" name="inputBuf_V_36_reg_3457">
<pin_list>
<pin id="3458" dir="0" index="0" bw="4" slack="0"/>
<pin id="3459" dir="1" index="1" bw="4" slack="0"/>
</pin_list>
<bind>
<opset="inputBuf_V_36 "/>
</bind>
</comp>

<comp id="3463" class="1005" name="inputBuf_V_37_reg_3463">
<pin_list>
<pin id="3464" dir="0" index="0" bw="4" slack="0"/>
<pin id="3465" dir="1" index="1" bw="4" slack="0"/>
</pin_list>
<bind>
<opset="inputBuf_V_37 "/>
</bind>
</comp>

<comp id="3469" class="1005" name="inputBuf_V_38_reg_3469">
<pin_list>
<pin id="3470" dir="0" index="0" bw="4" slack="0"/>
<pin id="3471" dir="1" index="1" bw="4" slack="0"/>
</pin_list>
<bind>
<opset="inputBuf_V_38 "/>
</bind>
</comp>

<comp id="3475" class="1005" name="inputBuf_V_39_reg_3475">
<pin_list>
<pin id="3476" dir="0" index="0" bw="4" slack="0"/>
<pin id="3477" dir="1" index="1" bw="4" slack="0"/>
</pin_list>
<bind>
<opset="inputBuf_V_39 "/>
</bind>
</comp>

<comp id="3481" class="1005" name="inputBuf_V_40_reg_3481">
<pin_list>
<pin id="3482" dir="0" index="0" bw="4" slack="0"/>
<pin id="3483" dir="1" index="1" bw="4" slack="0"/>
</pin_list>
<bind>
<opset="inputBuf_V_40 "/>
</bind>
</comp>

<comp id="3487" class="1005" name="inputBuf_V_41_reg_3487">
<pin_list>
<pin id="3488" dir="0" index="0" bw="4" slack="0"/>
<pin id="3489" dir="1" index="1" bw="4" slack="0"/>
</pin_list>
<bind>
<opset="inputBuf_V_41 "/>
</bind>
</comp>

<comp id="3493" class="1005" name="inputBuf_V_42_reg_3493">
<pin_list>
<pin id="3494" dir="0" index="0" bw="4" slack="0"/>
<pin id="3495" dir="1" index="1" bw="4" slack="0"/>
</pin_list>
<bind>
<opset="inputBuf_V_42 "/>
</bind>
</comp>

<comp id="3499" class="1005" name="inputBuf_V_43_reg_3499">
<pin_list>
<pin id="3500" dir="0" index="0" bw="4" slack="0"/>
<pin id="3501" dir="1" index="1" bw="4" slack="0"/>
</pin_list>
<bind>
<opset="inputBuf_V_43 "/>
</bind>
</comp>

<comp id="3505" class="1005" name="inputBuf_V_44_reg_3505">
<pin_list>
<pin id="3506" dir="0" index="0" bw="4" slack="0"/>
<pin id="3507" dir="1" index="1" bw="4" slack="0"/>
</pin_list>
<bind>
<opset="inputBuf_V_44 "/>
</bind>
</comp>

<comp id="3511" class="1005" name="inputBuf_V_45_reg_3511">
<pin_list>
<pin id="3512" dir="0" index="0" bw="4" slack="0"/>
<pin id="3513" dir="1" index="1" bw="4" slack="0"/>
</pin_list>
<bind>
<opset="inputBuf_V_45 "/>
</bind>
</comp>

<comp id="3517" class="1005" name="inputBuf_V_46_reg_3517">
<pin_list>
<pin id="3518" dir="0" index="0" bw="4" slack="0"/>
<pin id="3519" dir="1" index="1" bw="4" slack="0"/>
</pin_list>
<bind>
<opset="inputBuf_V_46 "/>
</bind>
</comp>

<comp id="3523" class="1005" name="inputBuf_V_47_reg_3523">
<pin_list>
<pin id="3524" dir="0" index="0" bw="4" slack="0"/>
<pin id="3525" dir="1" index="1" bw="4" slack="0"/>
</pin_list>
<bind>
<opset="inputBuf_V_47 "/>
</bind>
</comp>

<comp id="3529" class="1005" name="inputBuf_V_48_reg_3529">
<pin_list>
<pin id="3530" dir="0" index="0" bw="4" slack="0"/>
<pin id="3531" dir="1" index="1" bw="4" slack="0"/>
</pin_list>
<bind>
<opset="inputBuf_V_48 "/>
</bind>
</comp>

<comp id="3535" class="1005" name="inputBuf_V_49_reg_3535">
<pin_list>
<pin id="3536" dir="0" index="0" bw="4" slack="0"/>
<pin id="3537" dir="1" index="1" bw="4" slack="0"/>
</pin_list>
<bind>
<opset="inputBuf_V_49 "/>
</bind>
</comp>

<comp id="3541" class="1005" name="inputBuf_V_50_reg_3541">
<pin_list>
<pin id="3542" dir="0" index="0" bw="4" slack="0"/>
<pin id="3543" dir="1" index="1" bw="4" slack="0"/>
</pin_list>
<bind>
<opset="inputBuf_V_50 "/>
</bind>
</comp>

<comp id="3547" class="1005" name="inputBuf_V_51_reg_3547">
<pin_list>
<pin id="3548" dir="0" index="0" bw="4" slack="0"/>
<pin id="3549" dir="1" index="1" bw="4" slack="0"/>
</pin_list>
<bind>
<opset="inputBuf_V_51 "/>
</bind>
</comp>

<comp id="3553" class="1005" name="inputBuf_V_52_reg_3553">
<pin_list>
<pin id="3554" dir="0" index="0" bw="4" slack="0"/>
<pin id="3555" dir="1" index="1" bw="4" slack="0"/>
</pin_list>
<bind>
<opset="inputBuf_V_52 "/>
</bind>
</comp>

<comp id="3559" class="1005" name="inputBuf_V_53_reg_3559">
<pin_list>
<pin id="3560" dir="0" index="0" bw="4" slack="0"/>
<pin id="3561" dir="1" index="1" bw="4" slack="0"/>
</pin_list>
<bind>
<opset="inputBuf_V_53 "/>
</bind>
</comp>

<comp id="3565" class="1005" name="inputBuf_V_54_reg_3565">
<pin_list>
<pin id="3566" dir="0" index="0" bw="4" slack="0"/>
<pin id="3567" dir="1" index="1" bw="4" slack="0"/>
</pin_list>
<bind>
<opset="inputBuf_V_54 "/>
</bind>
</comp>

<comp id="3571" class="1005" name="inputBuf_V_55_reg_3571">
<pin_list>
<pin id="3572" dir="0" index="0" bw="4" slack="0"/>
<pin id="3573" dir="1" index="1" bw="4" slack="0"/>
</pin_list>
<bind>
<opset="inputBuf_V_55 "/>
</bind>
</comp>

<comp id="3577" class="1005" name="inputBuf_V_56_reg_3577">
<pin_list>
<pin id="3578" dir="0" index="0" bw="4" slack="0"/>
<pin id="3579" dir="1" index="1" bw="4" slack="0"/>
</pin_list>
<bind>
<opset="inputBuf_V_56 "/>
</bind>
</comp>

<comp id="3583" class="1005" name="inputBuf_V_57_reg_3583">
<pin_list>
<pin id="3584" dir="0" index="0" bw="4" slack="0"/>
<pin id="3585" dir="1" index="1" bw="4" slack="0"/>
</pin_list>
<bind>
<opset="inputBuf_V_57 "/>
</bind>
</comp>

<comp id="3589" class="1005" name="inputBuf_V_58_reg_3589">
<pin_list>
<pin id="3590" dir="0" index="0" bw="4" slack="0"/>
<pin id="3591" dir="1" index="1" bw="4" slack="0"/>
</pin_list>
<bind>
<opset="inputBuf_V_58 "/>
</bind>
</comp>

<comp id="3595" class="1005" name="inputBuf_V_59_reg_3595">
<pin_list>
<pin id="3596" dir="0" index="0" bw="4" slack="0"/>
<pin id="3597" dir="1" index="1" bw="4" slack="0"/>
</pin_list>
<bind>
<opset="inputBuf_V_59 "/>
</bind>
</comp>

<comp id="3601" class="1005" name="inputBuf_V_60_reg_3601">
<pin_list>
<pin id="3602" dir="0" index="0" bw="4" slack="0"/>
<pin id="3603" dir="1" index="1" bw="4" slack="0"/>
</pin_list>
<bind>
<opset="inputBuf_V_60 "/>
</bind>
</comp>

<comp id="3607" class="1005" name="inputBuf_V_61_reg_3607">
<pin_list>
<pin id="3608" dir="0" index="0" bw="4" slack="0"/>
<pin id="3609" dir="1" index="1" bw="4" slack="0"/>
</pin_list>
<bind>
<opset="inputBuf_V_61 "/>
</bind>
</comp>

<comp id="3613" class="1005" name="inputBuf_V_62_reg_3613">
<pin_list>
<pin id="3614" dir="0" index="0" bw="4" slack="0"/>
<pin id="3615" dir="1" index="1" bw="4" slack="0"/>
</pin_list>
<bind>
<opset="inputBuf_V_62 "/>
</bind>
</comp>

<comp id="3619" class="1005" name="inputBuf_V_63_reg_3619">
<pin_list>
<pin id="3620" dir="0" index="0" bw="4" slack="0"/>
<pin id="3621" dir="1" index="1" bw="4" slack="0"/>
</pin_list>
<bind>
<opset="inputBuf_V_63 "/>
</bind>
</comp>

<comp id="3625" class="1005" name="inputBuf_V_64_reg_3625">
<pin_list>
<pin id="3626" dir="0" index="0" bw="4" slack="0"/>
<pin id="3627" dir="1" index="1" bw="4" slack="0"/>
</pin_list>
<bind>
<opset="inputBuf_V_64 "/>
</bind>
</comp>

<comp id="3631" class="1005" name="inputBuf_V_65_reg_3631">
<pin_list>
<pin id="3632" dir="0" index="0" bw="4" slack="0"/>
<pin id="3633" dir="1" index="1" bw="4" slack="0"/>
</pin_list>
<bind>
<opset="inputBuf_V_65 "/>
</bind>
</comp>

<comp id="3637" class="1005" name="inputBuf_V_66_reg_3637">
<pin_list>
<pin id="3638" dir="0" index="0" bw="4" slack="0"/>
<pin id="3639" dir="1" index="1" bw="4" slack="0"/>
</pin_list>
<bind>
<opset="inputBuf_V_66 "/>
</bind>
</comp>

<comp id="3643" class="1005" name="inputBuf_V_67_reg_3643">
<pin_list>
<pin id="3644" dir="0" index="0" bw="4" slack="0"/>
<pin id="3645" dir="1" index="1" bw="4" slack="0"/>
</pin_list>
<bind>
<opset="inputBuf_V_67 "/>
</bind>
</comp>

<comp id="3649" class="1005" name="inputBuf_V_68_reg_3649">
<pin_list>
<pin id="3650" dir="0" index="0" bw="4" slack="0"/>
<pin id="3651" dir="1" index="1" bw="4" slack="0"/>
</pin_list>
<bind>
<opset="inputBuf_V_68 "/>
</bind>
</comp>

<comp id="3655" class="1005" name="inputBuf_V_69_reg_3655">
<pin_list>
<pin id="3656" dir="0" index="0" bw="4" slack="0"/>
<pin id="3657" dir="1" index="1" bw="4" slack="0"/>
</pin_list>
<bind>
<opset="inputBuf_V_69 "/>
</bind>
</comp>

<comp id="3661" class="1005" name="inputBuf_V_70_reg_3661">
<pin_list>
<pin id="3662" dir="0" index="0" bw="4" slack="0"/>
<pin id="3663" dir="1" index="1" bw="4" slack="0"/>
</pin_list>
<bind>
<opset="inputBuf_V_70 "/>
</bind>
</comp>

<comp id="3667" class="1005" name="inputBuf_V_71_reg_3667">
<pin_list>
<pin id="3668" dir="0" index="0" bw="4" slack="0"/>
<pin id="3669" dir="1" index="1" bw="4" slack="0"/>
</pin_list>
<bind>
<opset="inputBuf_V_71 "/>
</bind>
</comp>

<comp id="3673" class="1005" name="inputBuf_V_72_reg_3673">
<pin_list>
<pin id="3674" dir="0" index="0" bw="4" slack="0"/>
<pin id="3675" dir="1" index="1" bw="4" slack="0"/>
</pin_list>
<bind>
<opset="inputBuf_V_72 "/>
</bind>
</comp>

<comp id="3679" class="1005" name="inputBuf_V_73_reg_3679">
<pin_list>
<pin id="3680" dir="0" index="0" bw="4" slack="0"/>
<pin id="3681" dir="1" index="1" bw="4" slack="0"/>
</pin_list>
<bind>
<opset="inputBuf_V_73 "/>
</bind>
</comp>

<comp id="3685" class="1005" name="inputBuf_V_74_reg_3685">
<pin_list>
<pin id="3686" dir="0" index="0" bw="4" slack="0"/>
<pin id="3687" dir="1" index="1" bw="4" slack="0"/>
</pin_list>
<bind>
<opset="inputBuf_V_74 "/>
</bind>
</comp>

<comp id="3691" class="1005" name="inputBuf_V_75_reg_3691">
<pin_list>
<pin id="3692" dir="0" index="0" bw="4" slack="0"/>
<pin id="3693" dir="1" index="1" bw="4" slack="0"/>
</pin_list>
<bind>
<opset="inputBuf_V_75 "/>
</bind>
</comp>

<comp id="3697" class="1005" name="inputBuf_V_76_reg_3697">
<pin_list>
<pin id="3698" dir="0" index="0" bw="4" slack="0"/>
<pin id="3699" dir="1" index="1" bw="4" slack="0"/>
</pin_list>
<bind>
<opset="inputBuf_V_76 "/>
</bind>
</comp>

<comp id="3703" class="1005" name="inputBuf_V_77_reg_3703">
<pin_list>
<pin id="3704" dir="0" index="0" bw="4" slack="0"/>
<pin id="3705" dir="1" index="1" bw="4" slack="0"/>
</pin_list>
<bind>
<opset="inputBuf_V_77 "/>
</bind>
</comp>

<comp id="3709" class="1005" name="inputBuf_V_78_reg_3709">
<pin_list>
<pin id="3710" dir="0" index="0" bw="4" slack="0"/>
<pin id="3711" dir="1" index="1" bw="4" slack="0"/>
</pin_list>
<bind>
<opset="inputBuf_V_78 "/>
</bind>
</comp>

<comp id="3715" class="1005" name="inputBuf_V_79_reg_3715">
<pin_list>
<pin id="3716" dir="0" index="0" bw="4" slack="0"/>
<pin id="3717" dir="1" index="1" bw="4" slack="0"/>
</pin_list>
<bind>
<opset="inputBuf_V_79 "/>
</bind>
</comp>

<comp id="3721" class="1005" name="inputBuf_V_80_reg_3721">
<pin_list>
<pin id="3722" dir="0" index="0" bw="4" slack="0"/>
<pin id="3723" dir="1" index="1" bw="4" slack="0"/>
</pin_list>
<bind>
<opset="inputBuf_V_80 "/>
</bind>
</comp>

<comp id="3727" class="1005" name="inputBuf_V_81_reg_3727">
<pin_list>
<pin id="3728" dir="0" index="0" bw="4" slack="0"/>
<pin id="3729" dir="1" index="1" bw="4" slack="0"/>
</pin_list>
<bind>
<opset="inputBuf_V_81 "/>
</bind>
</comp>

<comp id="3733" class="1005" name="inputBuf_V_82_reg_3733">
<pin_list>
<pin id="3734" dir="0" index="0" bw="4" slack="0"/>
<pin id="3735" dir="1" index="1" bw="4" slack="0"/>
</pin_list>
<bind>
<opset="inputBuf_V_82 "/>
</bind>
</comp>

<comp id="3739" class="1005" name="inputBuf_V_83_reg_3739">
<pin_list>
<pin id="3740" dir="0" index="0" bw="4" slack="0"/>
<pin id="3741" dir="1" index="1" bw="4" slack="0"/>
</pin_list>
<bind>
<opset="inputBuf_V_83 "/>
</bind>
</comp>

<comp id="3745" class="1005" name="inputBuf_V_84_reg_3745">
<pin_list>
<pin id="3746" dir="0" index="0" bw="4" slack="0"/>
<pin id="3747" dir="1" index="1" bw="4" slack="0"/>
</pin_list>
<bind>
<opset="inputBuf_V_84 "/>
</bind>
</comp>

<comp id="3751" class="1005" name="inputBuf_V_85_reg_3751">
<pin_list>
<pin id="3752" dir="0" index="0" bw="4" slack="0"/>
<pin id="3753" dir="1" index="1" bw="4" slack="0"/>
</pin_list>
<bind>
<opset="inputBuf_V_85 "/>
</bind>
</comp>

<comp id="3757" class="1005" name="inputBuf_V_86_reg_3757">
<pin_list>
<pin id="3758" dir="0" index="0" bw="4" slack="0"/>
<pin id="3759" dir="1" index="1" bw="4" slack="0"/>
</pin_list>
<bind>
<opset="inputBuf_V_86 "/>
</bind>
</comp>

<comp id="3763" class="1005" name="inputBuf_V_87_reg_3763">
<pin_list>
<pin id="3764" dir="0" index="0" bw="4" slack="0"/>
<pin id="3765" dir="1" index="1" bw="4" slack="0"/>
</pin_list>
<bind>
<opset="inputBuf_V_87 "/>
</bind>
</comp>

<comp id="3769" class="1005" name="inputBuf_V_88_reg_3769">
<pin_list>
<pin id="3770" dir="0" index="0" bw="4" slack="0"/>
<pin id="3771" dir="1" index="1" bw="4" slack="0"/>
</pin_list>
<bind>
<opset="inputBuf_V_88 "/>
</bind>
</comp>

<comp id="3775" class="1005" name="inputBuf_V_89_reg_3775">
<pin_list>
<pin id="3776" dir="0" index="0" bw="4" slack="0"/>
<pin id="3777" dir="1" index="1" bw="4" slack="0"/>
</pin_list>
<bind>
<opset="inputBuf_V_89 "/>
</bind>
</comp>

<comp id="3781" class="1005" name="inputBuf_V_90_reg_3781">
<pin_list>
<pin id="3782" dir="0" index="0" bw="4" slack="0"/>
<pin id="3783" dir="1" index="1" bw="4" slack="0"/>
</pin_list>
<bind>
<opset="inputBuf_V_90 "/>
</bind>
</comp>

<comp id="3787" class="1005" name="inputBuf_V_91_reg_3787">
<pin_list>
<pin id="3788" dir="0" index="0" bw="4" slack="0"/>
<pin id="3789" dir="1" index="1" bw="4" slack="0"/>
</pin_list>
<bind>
<opset="inputBuf_V_91 "/>
</bind>
</comp>

<comp id="3793" class="1005" name="inputBuf_V_92_reg_3793">
<pin_list>
<pin id="3794" dir="0" index="0" bw="4" slack="0"/>
<pin id="3795" dir="1" index="1" bw="4" slack="0"/>
</pin_list>
<bind>
<opset="inputBuf_V_92 "/>
</bind>
</comp>

<comp id="3799" class="1005" name="inputBuf_V_93_reg_3799">
<pin_list>
<pin id="3800" dir="0" index="0" bw="4" slack="0"/>
<pin id="3801" dir="1" index="1" bw="4" slack="0"/>
</pin_list>
<bind>
<opset="inputBuf_V_93 "/>
</bind>
</comp>

<comp id="3805" class="1005" name="inputBuf_V_94_reg_3805">
<pin_list>
<pin id="3806" dir="0" index="0" bw="4" slack="0"/>
<pin id="3807" dir="1" index="1" bw="4" slack="0"/>
</pin_list>
<bind>
<opset="inputBuf_V_94 "/>
</bind>
</comp>

<comp id="3811" class="1005" name="inputBuf_V_95_reg_3811">
<pin_list>
<pin id="3812" dir="0" index="0" bw="4" slack="0"/>
<pin id="3813" dir="1" index="1" bw="4" slack="0"/>
</pin_list>
<bind>
<opset="inputBuf_V_95 "/>
</bind>
</comp>

<comp id="3817" class="1005" name="inputBuf_V_96_reg_3817">
<pin_list>
<pin id="3818" dir="0" index="0" bw="4" slack="0"/>
<pin id="3819" dir="1" index="1" bw="4" slack="0"/>
</pin_list>
<bind>
<opset="inputBuf_V_96 "/>
</bind>
</comp>

<comp id="3823" class="1005" name="inputBuf_V_97_reg_3823">
<pin_list>
<pin id="3824" dir="0" index="0" bw="4" slack="0"/>
<pin id="3825" dir="1" index="1" bw="4" slack="0"/>
</pin_list>
<bind>
<opset="inputBuf_V_97 "/>
</bind>
</comp>

<comp id="3829" class="1005" name="inputBuf_V_98_reg_3829">
<pin_list>
<pin id="3830" dir="0" index="0" bw="4" slack="0"/>
<pin id="3831" dir="1" index="1" bw="4" slack="0"/>
</pin_list>
<bind>
<opset="inputBuf_V_98 "/>
</bind>
</comp>

<comp id="3835" class="1005" name="inputBuf_V_99_reg_3835">
<pin_list>
<pin id="3836" dir="0" index="0" bw="4" slack="0"/>
<pin id="3837" dir="1" index="1" bw="4" slack="0"/>
</pin_list>
<bind>
<opset="inputBuf_V_99 "/>
</bind>
</comp>

<comp id="3841" class="1005" name="inputBuf_V_100_reg_3841">
<pin_list>
<pin id="3842" dir="0" index="0" bw="4" slack="0"/>
<pin id="3843" dir="1" index="1" bw="4" slack="0"/>
</pin_list>
<bind>
<opset="inputBuf_V_100 "/>
</bind>
</comp>

<comp id="3847" class="1005" name="inputBuf_V_101_reg_3847">
<pin_list>
<pin id="3848" dir="0" index="0" bw="4" slack="0"/>
<pin id="3849" dir="1" index="1" bw="4" slack="0"/>
</pin_list>
<bind>
<opset="inputBuf_V_101 "/>
</bind>
</comp>

<comp id="3853" class="1005" name="inputBuf_V_102_reg_3853">
<pin_list>
<pin id="3854" dir="0" index="0" bw="4" slack="0"/>
<pin id="3855" dir="1" index="1" bw="4" slack="0"/>
</pin_list>
<bind>
<opset="inputBuf_V_102 "/>
</bind>
</comp>

<comp id="3859" class="1005" name="inputBuf_V_103_reg_3859">
<pin_list>
<pin id="3860" dir="0" index="0" bw="4" slack="0"/>
<pin id="3861" dir="1" index="1" bw="4" slack="0"/>
</pin_list>
<bind>
<opset="inputBuf_V_103 "/>
</bind>
</comp>

<comp id="3865" class="1005" name="inputBuf_V_104_reg_3865">
<pin_list>
<pin id="3866" dir="0" index="0" bw="4" slack="0"/>
<pin id="3867" dir="1" index="1" bw="4" slack="0"/>
</pin_list>
<bind>
<opset="inputBuf_V_104 "/>
</bind>
</comp>

<comp id="3871" class="1005" name="inputBuf_V_105_reg_3871">
<pin_list>
<pin id="3872" dir="0" index="0" bw="4" slack="0"/>
<pin id="3873" dir="1" index="1" bw="4" slack="0"/>
</pin_list>
<bind>
<opset="inputBuf_V_105 "/>
</bind>
</comp>

<comp id="3877" class="1005" name="inputBuf_V_106_reg_3877">
<pin_list>
<pin id="3878" dir="0" index="0" bw="4" slack="0"/>
<pin id="3879" dir="1" index="1" bw="4" slack="0"/>
</pin_list>
<bind>
<opset="inputBuf_V_106 "/>
</bind>
</comp>

<comp id="3883" class="1005" name="inputBuf_V_107_reg_3883">
<pin_list>
<pin id="3884" dir="0" index="0" bw="4" slack="0"/>
<pin id="3885" dir="1" index="1" bw="4" slack="0"/>
</pin_list>
<bind>
<opset="inputBuf_V_107 "/>
</bind>
</comp>

<comp id="3889" class="1005" name="inputBuf_V_108_reg_3889">
<pin_list>
<pin id="3890" dir="0" index="0" bw="4" slack="0"/>
<pin id="3891" dir="1" index="1" bw="4" slack="0"/>
</pin_list>
<bind>
<opset="inputBuf_V_108 "/>
</bind>
</comp>

<comp id="3895" class="1005" name="inputBuf_V_109_reg_3895">
<pin_list>
<pin id="3896" dir="0" index="0" bw="4" slack="0"/>
<pin id="3897" dir="1" index="1" bw="4" slack="0"/>
</pin_list>
<bind>
<opset="inputBuf_V_109 "/>
</bind>
</comp>

<comp id="3901" class="1005" name="inputBuf_V_110_reg_3901">
<pin_list>
<pin id="3902" dir="0" index="0" bw="4" slack="0"/>
<pin id="3903" dir="1" index="1" bw="4" slack="0"/>
</pin_list>
<bind>
<opset="inputBuf_V_110 "/>
</bind>
</comp>

<comp id="3907" class="1005" name="inputBuf_V_111_reg_3907">
<pin_list>
<pin id="3908" dir="0" index="0" bw="4" slack="0"/>
<pin id="3909" dir="1" index="1" bw="4" slack="0"/>
</pin_list>
<bind>
<opset="inputBuf_V_111 "/>
</bind>
</comp>

<comp id="3913" class="1005" name="inputBuf_V_112_reg_3913">
<pin_list>
<pin id="3914" dir="0" index="0" bw="4" slack="0"/>
<pin id="3915" dir="1" index="1" bw="4" slack="0"/>
</pin_list>
<bind>
<opset="inputBuf_V_112 "/>
</bind>
</comp>

<comp id="3919" class="1005" name="inputBuf_V_113_reg_3919">
<pin_list>
<pin id="3920" dir="0" index="0" bw="4" slack="0"/>
<pin id="3921" dir="1" index="1" bw="4" slack="0"/>
</pin_list>
<bind>
<opset="inputBuf_V_113 "/>
</bind>
</comp>

<comp id="3925" class="1005" name="inputBuf_V_114_reg_3925">
<pin_list>
<pin id="3926" dir="0" index="0" bw="4" slack="0"/>
<pin id="3927" dir="1" index="1" bw="4" slack="0"/>
</pin_list>
<bind>
<opset="inputBuf_V_114 "/>
</bind>
</comp>

<comp id="3931" class="1005" name="inputBuf_V_115_reg_3931">
<pin_list>
<pin id="3932" dir="0" index="0" bw="4" slack="0"/>
<pin id="3933" dir="1" index="1" bw="4" slack="0"/>
</pin_list>
<bind>
<opset="inputBuf_V_115 "/>
</bind>
</comp>

<comp id="3937" class="1005" name="inputBuf_V_116_reg_3937">
<pin_list>
<pin id="3938" dir="0" index="0" bw="4" slack="0"/>
<pin id="3939" dir="1" index="1" bw="4" slack="0"/>
</pin_list>
<bind>
<opset="inputBuf_V_116 "/>
</bind>
</comp>

<comp id="3943" class="1005" name="inputBuf_V_117_reg_3943">
<pin_list>
<pin id="3944" dir="0" index="0" bw="4" slack="0"/>
<pin id="3945" dir="1" index="1" bw="4" slack="0"/>
</pin_list>
<bind>
<opset="inputBuf_V_117 "/>
</bind>
</comp>

<comp id="3949" class="1005" name="inputBuf_V_118_reg_3949">
<pin_list>
<pin id="3950" dir="0" index="0" bw="4" slack="0"/>
<pin id="3951" dir="1" index="1" bw="4" slack="0"/>
</pin_list>
<bind>
<opset="inputBuf_V_118 "/>
</bind>
</comp>

<comp id="3955" class="1005" name="inputBuf_V_119_reg_3955">
<pin_list>
<pin id="3956" dir="0" index="0" bw="4" slack="0"/>
<pin id="3957" dir="1" index="1" bw="4" slack="0"/>
</pin_list>
<bind>
<opset="inputBuf_V_119 "/>
</bind>
</comp>

<comp id="3961" class="1005" name="inputBuf_V_120_reg_3961">
<pin_list>
<pin id="3962" dir="0" index="0" bw="4" slack="0"/>
<pin id="3963" dir="1" index="1" bw="4" slack="0"/>
</pin_list>
<bind>
<opset="inputBuf_V_120 "/>
</bind>
</comp>

<comp id="3967" class="1005" name="inputBuf_V_121_reg_3967">
<pin_list>
<pin id="3968" dir="0" index="0" bw="4" slack="0"/>
<pin id="3969" dir="1" index="1" bw="4" slack="0"/>
</pin_list>
<bind>
<opset="inputBuf_V_121 "/>
</bind>
</comp>

<comp id="3973" class="1005" name="inputBuf_V_122_reg_3973">
<pin_list>
<pin id="3974" dir="0" index="0" bw="4" slack="0"/>
<pin id="3975" dir="1" index="1" bw="4" slack="0"/>
</pin_list>
<bind>
<opset="inputBuf_V_122 "/>
</bind>
</comp>

<comp id="3979" class="1005" name="inputBuf_V_123_reg_3979">
<pin_list>
<pin id="3980" dir="0" index="0" bw="4" slack="0"/>
<pin id="3981" dir="1" index="1" bw="4" slack="0"/>
</pin_list>
<bind>
<opset="inputBuf_V_123 "/>
</bind>
</comp>

<comp id="3985" class="1005" name="inputBuf_V_124_reg_3985">
<pin_list>
<pin id="3986" dir="0" index="0" bw="4" slack="0"/>
<pin id="3987" dir="1" index="1" bw="4" slack="0"/>
</pin_list>
<bind>
<opset="inputBuf_V_124 "/>
</bind>
</comp>

<comp id="3991" class="1005" name="inputBuf_V_125_reg_3991">
<pin_list>
<pin id="3992" dir="0" index="0" bw="4" slack="0"/>
<pin id="3993" dir="1" index="1" bw="4" slack="0"/>
</pin_list>
<bind>
<opset="inputBuf_V_125 "/>
</bind>
</comp>

<comp id="3997" class="1005" name="inputBuf_V_126_reg_3997">
<pin_list>
<pin id="3998" dir="0" index="0" bw="4" slack="0"/>
<pin id="3999" dir="1" index="1" bw="4" slack="0"/>
</pin_list>
<bind>
<opset="inputBuf_V_126 "/>
</bind>
</comp>

<comp id="4003" class="1005" name="inputBuf_V_127_reg_4003">
<pin_list>
<pin id="4004" dir="0" index="0" bw="4" slack="0"/>
<pin id="4005" dir="1" index="1" bw="4" slack="0"/>
</pin_list>
<bind>
<opset="inputBuf_V_127 "/>
</bind>
</comp>

<comp id="4009" class="1005" name="inputBuf_V_128_reg_4009">
<pin_list>
<pin id="4010" dir="0" index="0" bw="4" slack="0"/>
<pin id="4011" dir="1" index="1" bw="4" slack="0"/>
</pin_list>
<bind>
<opset="inputBuf_V_128 "/>
</bind>
</comp>

<comp id="4015" class="1005" name="inputBuf_V_129_reg_4015">
<pin_list>
<pin id="4016" dir="0" index="0" bw="4" slack="0"/>
<pin id="4017" dir="1" index="1" bw="4" slack="0"/>
</pin_list>
<bind>
<opset="inputBuf_V_129 "/>
</bind>
</comp>

<comp id="4021" class="1005" name="inputBuf_V_130_reg_4021">
<pin_list>
<pin id="4022" dir="0" index="0" bw="4" slack="0"/>
<pin id="4023" dir="1" index="1" bw="4" slack="0"/>
</pin_list>
<bind>
<opset="inputBuf_V_130 "/>
</bind>
</comp>

<comp id="4027" class="1005" name="inputBuf_V_131_reg_4027">
<pin_list>
<pin id="4028" dir="0" index="0" bw="4" slack="0"/>
<pin id="4029" dir="1" index="1" bw="4" slack="0"/>
</pin_list>
<bind>
<opset="inputBuf_V_131 "/>
</bind>
</comp>

<comp id="4033" class="1005" name="inputBuf_V_132_reg_4033">
<pin_list>
<pin id="4034" dir="0" index="0" bw="4" slack="0"/>
<pin id="4035" dir="1" index="1" bw="4" slack="0"/>
</pin_list>
<bind>
<opset="inputBuf_V_132 "/>
</bind>
</comp>

<comp id="4039" class="1005" name="inputBuf_V_133_reg_4039">
<pin_list>
<pin id="4040" dir="0" index="0" bw="4" slack="0"/>
<pin id="4041" dir="1" index="1" bw="4" slack="0"/>
</pin_list>
<bind>
<opset="inputBuf_V_133 "/>
</bind>
</comp>

<comp id="4045" class="1005" name="inputBuf_V_134_reg_4045">
<pin_list>
<pin id="4046" dir="0" index="0" bw="4" slack="0"/>
<pin id="4047" dir="1" index="1" bw="4" slack="0"/>
</pin_list>
<bind>
<opset="inputBuf_V_134 "/>
</bind>
</comp>

<comp id="4051" class="1005" name="inputBuf_V_135_reg_4051">
<pin_list>
<pin id="4052" dir="0" index="0" bw="4" slack="0"/>
<pin id="4053" dir="1" index="1" bw="4" slack="0"/>
</pin_list>
<bind>
<opset="inputBuf_V_135 "/>
</bind>
</comp>

<comp id="4057" class="1005" name="inputBuf_V_136_reg_4057">
<pin_list>
<pin id="4058" dir="0" index="0" bw="4" slack="0"/>
<pin id="4059" dir="1" index="1" bw="4" slack="0"/>
</pin_list>
<bind>
<opset="inputBuf_V_136 "/>
</bind>
</comp>

<comp id="4063" class="1005" name="inputBuf_V_137_reg_4063">
<pin_list>
<pin id="4064" dir="0" index="0" bw="4" slack="0"/>
<pin id="4065" dir="1" index="1" bw="4" slack="0"/>
</pin_list>
<bind>
<opset="inputBuf_V_137 "/>
</bind>
</comp>

<comp id="4069" class="1005" name="inputBuf_V_138_reg_4069">
<pin_list>
<pin id="4070" dir="0" index="0" bw="4" slack="0"/>
<pin id="4071" dir="1" index="1" bw="4" slack="0"/>
</pin_list>
<bind>
<opset="inputBuf_V_138 "/>
</bind>
</comp>

<comp id="4075" class="1005" name="inputBuf_V_139_reg_4075">
<pin_list>
<pin id="4076" dir="0" index="0" bw="4" slack="0"/>
<pin id="4077" dir="1" index="1" bw="4" slack="0"/>
</pin_list>
<bind>
<opset="inputBuf_V_139 "/>
</bind>
</comp>

<comp id="4081" class="1005" name="inputBuf_V_140_reg_4081">
<pin_list>
<pin id="4082" dir="0" index="0" bw="4" slack="0"/>
<pin id="4083" dir="1" index="1" bw="4" slack="0"/>
</pin_list>
<bind>
<opset="inputBuf_V_140 "/>
</bind>
</comp>

<comp id="4087" class="1005" name="inputBuf_V_141_reg_4087">
<pin_list>
<pin id="4088" dir="0" index="0" bw="4" slack="0"/>
<pin id="4089" dir="1" index="1" bw="4" slack="0"/>
</pin_list>
<bind>
<opset="inputBuf_V_141 "/>
</bind>
</comp>

<comp id="4093" class="1005" name="inputBuf_V_142_reg_4093">
<pin_list>
<pin id="4094" dir="0" index="0" bw="4" slack="0"/>
<pin id="4095" dir="1" index="1" bw="4" slack="0"/>
</pin_list>
<bind>
<opset="inputBuf_V_142 "/>
</bind>
</comp>

<comp id="4099" class="1005" name="inputBuf_V_143_reg_4099">
<pin_list>
<pin id="4100" dir="0" index="0" bw="4" slack="0"/>
<pin id="4101" dir="1" index="1" bw="4" slack="0"/>
</pin_list>
<bind>
<opset="inputBuf_V_143 "/>
</bind>
</comp>

<comp id="4105" class="1005" name="nf_1_reg_4105">
<pin_list>
<pin id="4106" dir="0" index="0" bw="32" slack="0"/>
<pin id="4107" dir="1" index="1" bw="32" slack="0"/>
</pin_list>
<bind>
<opset="nf_1 "/>
</bind>
</comp>

<comp id="4112" class="1005" name="nf_2_reg_4112">
<pin_list>
<pin id="4113" dir="0" index="0" bw="32" slack="3"/>
<pin id="4114" dir="1" index="1" bw="32" slack="3"/>
</pin_list>
<bind>
<opset="nf_2 "/>
</bind>
</comp>

<comp id="4117" class="1005" name="icmp_ln249_reg_4117">
<pin_list>
<pin id="4118" dir="0" index="0" bw="1" slack="1"/>
<pin id="4119" dir="1" index="1" bw="1" slack="2147483647"/>
</pin_list>
<bind>
<opset="icmp_ln249 "/>
</bind>
</comp>

<comp id="4121" class="1005" name="icmp_ln253_reg_4121">
<pin_list>
<pin id="4122" dir="0" index="0" bw="1" slack="1"/>
<pin id="4123" dir="1" index="1" bw="1" slack="2147483647"/>
</pin_list>
<bind>
<opset="icmp_ln253 "/>
</bind>
</comp>

<comp id="4125" class="1005" name="tmp_reg_4125">
<pin_list>
<pin id="4126" dir="0" index="0" bw="4" slack="1"/>
<pin id="4127" dir="1" index="1" bw="4" slack="1"/>
</pin_list>
<bind>
<opset="tmp "/>
</bind>
</comp>

<comp id="4130" class="1005" name="inElem_reg_4130">
<pin_list>
<pin id="4131" dir="0" index="0" bw="4" slack="1"/>
<pin id="4132" dir="1" index="1" bw="4" slack="1"/>
</pin_list>
<bind>
<opset="inElem "/>
</bind>
</comp>

<comp id="4138" class="1005" name="W_packed_V_reg_4138">
<pin_list>
<pin id="4139" dir="0" index="0" bw="4" slack="1"/>
<pin id="4140" dir="1" index="1" bw="4" slack="1"/>
</pin_list>
<bind>
<opset="W_packed_V "/>
</bind>
</comp>

<comp id="4143" class="1005" name="icmp_ln272_reg_4143">
<pin_list>
<pin id="4144" dir="0" index="0" bw="1" slack="3"/>
<pin id="4145" dir="1" index="1" bw="1" slack="3"/>
</pin_list>
<bind>
<opset="icmp_ln272 "/>
</bind>
</comp>

<comp id="4148" class="1005" name="icmp_ln290_reg_4148">
<pin_list>
<pin id="4149" dir="0" index="0" bw="1" slack="3"/>
<pin id="4150" dir="1" index="1" bw="1" slack="2147483647"/>
</pin_list>
<bind>
<opset="icmp_ln290 "/>
</bind>
</comp>

<comp id="4152" class="1005" name="sext_ln1494_reg_4152">
<pin_list>
<pin id="4153" dir="0" index="0" bw="8" slack="1"/>
<pin id="4154" dir="1" index="1" bw="8" slack="1"/>
</pin_list>
<bind>
<opset="sext_ln1494 "/>
</bind>
</comp>

<comp id="4157" class="1005" name="zext_ln1494_reg_4157">
<pin_list>
<pin id="4158" dir="0" index="0" bw="8" slack="1"/>
<pin id="4159" dir="1" index="1" bw="8" slack="1"/>
</pin_list>
<bind>
<opset="zext_ln1494 "/>
</bind>
</comp>

<comp id="4162" class="1005" name="select_ln272_reg_4162">
<pin_list>
<pin id="4163" dir="0" index="0" bw="13" slack="1"/>
<pin id="4164" dir="1" index="1" bw="13" slack="1"/>
</pin_list>
<bind>
<opset="select_ln272 "/>
</bind>
</comp>

<comp id="4167" class="1005" name="p_ZL7threshs_0_addr_reg_4167">
<pin_list>
<pin id="4168" dir="0" index="0" bw="5" slack="1"/>
<pin id="4169" dir="1" index="1" bw="5" slack="1"/>
</pin_list>
<bind>
<opset="p_ZL7threshs_0_addr "/>
</bind>
</comp>

<comp id="4172" class="1005" name="p_ZL7threshs_1_addr_reg_4172">
<pin_list>
<pin id="4173" dir="0" index="0" bw="5" slack="1"/>
<pin id="4174" dir="1" index="1" bw="5" slack="1"/>
</pin_list>
<bind>
<opset="p_ZL7threshs_1_addr "/>
</bind>
</comp>

<comp id="4177" class="1005" name="p_ZL7threshs_2_addr_reg_4177">
<pin_list>
<pin id="4178" dir="0" index="0" bw="5" slack="1"/>
<pin id="4179" dir="1" index="1" bw="5" slack="1"/>
</pin_list>
<bind>
<opset="p_ZL7threshs_2_addr "/>
</bind>
</comp>

<comp id="4182" class="1005" name="p_ZL7threshs_3_addr_reg_4182">
<pin_list>
<pin id="4183" dir="0" index="0" bw="5" slack="1"/>
<pin id="4184" dir="1" index="1" bw="5" slack="1"/>
</pin_list>
<bind>
<opset="p_ZL7threshs_3_addr "/>
</bind>
</comp>

<comp id="4187" class="1005" name="p_ZL7threshs_4_addr_reg_4187">
<pin_list>
<pin id="4188" dir="0" index="0" bw="5" slack="1"/>
<pin id="4189" dir="1" index="1" bw="5" slack="1"/>
</pin_list>
<bind>
<opset="p_ZL7threshs_4_addr "/>
</bind>
</comp>

<comp id="4192" class="1005" name="p_ZL7threshs_5_addr_reg_4192">
<pin_list>
<pin id="4193" dir="0" index="0" bw="5" slack="1"/>
<pin id="4194" dir="1" index="1" bw="5" slack="1"/>
</pin_list>
<bind>
<opset="p_ZL7threshs_5_addr "/>
</bind>
</comp>

<comp id="4197" class="1005" name="p_ZL7threshs_6_addr_reg_4197">
<pin_list>
<pin id="4198" dir="0" index="0" bw="5" slack="1"/>
<pin id="4199" dir="1" index="1" bw="5" slack="1"/>
</pin_list>
<bind>
<opset="p_ZL7threshs_6_addr "/>
</bind>
</comp>

<comp id="4202" class="1005" name="p_ZL7threshs_7_addr_reg_4202">
<pin_list>
<pin id="4203" dir="0" index="0" bw="5" slack="1"/>
<pin id="4204" dir="1" index="1" bw="5" slack="1"/>
</pin_list>
<bind>
<opset="p_ZL7threshs_7_addr "/>
</bind>
</comp>

<comp id="4207" class="1005" name="p_ZL7threshs_8_addr_reg_4207">
<pin_list>
<pin id="4208" dir="0" index="0" bw="5" slack="1"/>
<pin id="4209" dir="1" index="1" bw="5" slack="1"/>
</pin_list>
<bind>
<opset="p_ZL7threshs_8_addr "/>
</bind>
</comp>

<comp id="4212" class="1005" name="p_ZL7threshs_9_addr_reg_4212">
<pin_list>
<pin id="4213" dir="0" index="0" bw="5" slack="1"/>
<pin id="4214" dir="1" index="1" bw="5" slack="1"/>
</pin_list>
<bind>
<opset="p_ZL7threshs_9_addr "/>
</bind>
</comp>

<comp id="4217" class="1005" name="p_ZL7threshs_10_addr_reg_4217">
<pin_list>
<pin id="4218" dir="0" index="0" bw="5" slack="1"/>
<pin id="4219" dir="1" index="1" bw="5" slack="1"/>
</pin_list>
<bind>
<opset="p_ZL7threshs_10_addr "/>
</bind>
</comp>

<comp id="4222" class="1005" name="p_ZL7threshs_11_addr_reg_4222">
<pin_list>
<pin id="4223" dir="0" index="0" bw="5" slack="1"/>
<pin id="4224" dir="1" index="1" bw="5" slack="1"/>
</pin_list>
<bind>
<opset="p_ZL7threshs_11_addr "/>
</bind>
</comp>

<comp id="4227" class="1005" name="p_ZL7threshs_12_addr_reg_4227">
<pin_list>
<pin id="4228" dir="0" index="0" bw="5" slack="1"/>
<pin id="4229" dir="1" index="1" bw="5" slack="1"/>
</pin_list>
<bind>
<opset="p_ZL7threshs_12_addr "/>
</bind>
</comp>

<comp id="4232" class="1005" name="p_ZL7threshs_13_addr_reg_4232">
<pin_list>
<pin id="4233" dir="0" index="0" bw="5" slack="1"/>
<pin id="4234" dir="1" index="1" bw="5" slack="1"/>
</pin_list>
<bind>
<opset="p_ZL7threshs_13_addr "/>
</bind>
</comp>

<comp id="4237" class="1005" name="p_ZL7threshs_14_addr_reg_4237">
<pin_list>
<pin id="4238" dir="0" index="0" bw="5" slack="1"/>
<pin id="4239" dir="1" index="1" bw="5" slack="1"/>
</pin_list>
<bind>
<opset="p_ZL7threshs_14_addr "/>
</bind>
</comp>

<comp id="4242" class="1005" name="icmp_ln1039_reg_4242">
<pin_list>
<pin id="4243" dir="0" index="0" bw="1" slack="1"/>
<pin id="4244" dir="1" index="1" bw="1" slack="1"/>
</pin_list>
<bind>
<opset="icmp_ln1039 "/>
</bind>
</comp>

<comp id="4247" class="1005" name="icmp_ln1039_1_reg_4247">
<pin_list>
<pin id="4248" dir="0" index="0" bw="1" slack="1"/>
<pin id="4249" dir="1" index="1" bw="1" slack="1"/>
</pin_list>
<bind>
<opset="icmp_ln1039_1 "/>
</bind>
</comp>

<comp id="4252" class="1005" name="icmp_ln1039_2_reg_4252">
<pin_list>
<pin id="4253" dir="0" index="0" bw="1" slack="1"/>
<pin id="4254" dir="1" index="1" bw="1" slack="1"/>
</pin_list>
<bind>
<opset="icmp_ln1039_2 "/>
</bind>
</comp>

<comp id="4257" class="1005" name="icmp_ln1039_3_reg_4257">
<pin_list>
<pin id="4258" dir="0" index="0" bw="1" slack="1"/>
<pin id="4259" dir="1" index="1" bw="1" slack="1"/>
</pin_list>
<bind>
<opset="icmp_ln1039_3 "/>
</bind>
</comp>

<comp id="4262" class="1005" name="icmp_ln1039_4_reg_4262">
<pin_list>
<pin id="4263" dir="0" index="0" bw="1" slack="1"/>
<pin id="4264" dir="1" index="1" bw="1" slack="1"/>
</pin_list>
<bind>
<opset="icmp_ln1039_4 "/>
</bind>
</comp>

<comp id="4267" class="1005" name="icmp_ln1039_5_reg_4267">
<pin_list>
<pin id="4268" dir="0" index="0" bw="1" slack="1"/>
<pin id="4269" dir="1" index="1" bw="1" slack="1"/>
</pin_list>
<bind>
<opset="icmp_ln1039_5 "/>
</bind>
</comp>

<comp id="4272" class="1005" name="icmp_ln1039_6_reg_4272">
<pin_list>
<pin id="4273" dir="0" index="0" bw="1" slack="1"/>
<pin id="4274" dir="1" index="1" bw="1" slack="1"/>
</pin_list>
<bind>
<opset="icmp_ln1039_6 "/>
</bind>
</comp>

<comp id="4277" class="1005" name="icmp_ln1039_7_reg_4277">
<pin_list>
<pin id="4278" dir="0" index="0" bw="1" slack="1"/>
<pin id="4279" dir="1" index="1" bw="1" slack="1"/>
</pin_list>
<bind>
<opset="icmp_ln1039_7 "/>
</bind>
</comp>

<comp id="4282" class="1005" name="icmp_ln1039_8_reg_4282">
<pin_list>
<pin id="4283" dir="0" index="0" bw="1" slack="1"/>
<pin id="4284" dir="1" index="1" bw="1" slack="1"/>
</pin_list>
<bind>
<opset="icmp_ln1039_8 "/>
</bind>
</comp>

<comp id="4287" class="1005" name="icmp_ln1039_9_reg_4287">
<pin_list>
<pin id="4288" dir="0" index="0" bw="1" slack="1"/>
<pin id="4289" dir="1" index="1" bw="1" slack="1"/>
</pin_list>
<bind>
<opset="icmp_ln1039_9 "/>
</bind>
</comp>

<comp id="4292" class="1005" name="icmp_ln1039_10_reg_4292">
<pin_list>
<pin id="4293" dir="0" index="0" bw="1" slack="1"/>
<pin id="4294" dir="1" index="1" bw="1" slack="1"/>
</pin_list>
<bind>
<opset="icmp_ln1039_10 "/>
</bind>
</comp>

<comp id="4297" class="1005" name="icmp_ln1039_11_reg_4297">
<pin_list>
<pin id="4298" dir="0" index="0" bw="1" slack="1"/>
<pin id="4299" dir="1" index="1" bw="1" slack="1"/>
</pin_list>
<bind>
<opset="icmp_ln1039_11 "/>
</bind>
</comp>

<comp id="4302" class="1005" name="icmp_ln1039_12_reg_4302">
<pin_list>
<pin id="4303" dir="0" index="0" bw="1" slack="1"/>
<pin id="4304" dir="1" index="1" bw="1" slack="1"/>
</pin_list>
<bind>
<opset="icmp_ln1039_12 "/>
</bind>
</comp>

<comp id="4307" class="1005" name="icmp_ln1039_13_reg_4307">
<pin_list>
<pin id="4308" dir="0" index="0" bw="1" slack="1"/>
<pin id="4309" dir="1" index="1" bw="1" slack="1"/>
</pin_list>
<bind>
<opset="icmp_ln1039_13 "/>
</bind>
</comp>

<comp id="4312" class="1005" name="icmp_ln1039_14_reg_4312">
<pin_list>
<pin id="4313" dir="0" index="0" bw="1" slack="1"/>
<pin id="4314" dir="1" index="1" bw="1" slack="1"/>
</pin_list>
<bind>
<opset="icmp_ln1039_14 "/>
</bind>
</comp>

<comp id="4317" class="1005" name="add_ln840_6_reg_4317">
<pin_list>
<pin id="4318" dir="0" index="0" bw="3" slack="1"/>
<pin id="4319" dir="1" index="1" bw="3" slack="1"/>
</pin_list>
<bind>
<opset="add_ln840_6 "/>
</bind>
</comp>

<comp id="4322" class="1005" name="add_ln840_9_reg_4322">
<pin_list>
<pin id="4323" dir="0" index="0" bw="3" slack="1"/>
<pin id="4324" dir="1" index="1" bw="3" slack="1"/>
</pin_list>
<bind>
<opset="add_ln840_9 "/>
</bind>
</comp>

<comp id="4327" class="1005" name="add_ln840_12_reg_4327">
<pin_list>
<pin id="4328" dir="0" index="0" bw="3" slack="1"/>
<pin id="4329" dir="1" index="1" bw="3" slack="1"/>
</pin_list>
<bind>
<opset="add_ln840_12 "/>
</bind>
</comp>

</comp_list>

<net_list>
<net id="387"><net_src comp="36" pin="0"/><net_sink comp="384" pin=0"/></net>

<net id="391"><net_src comp="36" pin="0"/><net_sink comp="388" pin=0"/></net>

<net id="395"><net_src comp="36" pin="0"/><net_sink comp="392" pin=0"/></net>

<net id="399"><net_src comp="36" pin="0"/><net_sink comp="396" pin=0"/></net>

<net id="403"><net_src comp="36" pin="0"/><net_sink comp="400" pin=0"/></net>

<net id="407"><net_src comp="36" pin="0"/><net_sink comp="404" pin=0"/></net>

<net id="411"><net_src comp="36" pin="0"/><net_sink comp="408" pin=0"/></net>

<net id="415"><net_src comp="36" pin="0"/><net_sink comp="412" pin=0"/></net>

<net id="419"><net_src comp="36" pin="0"/><net_sink comp="416" pin=0"/></net>

<net id="423"><net_src comp="36" pin="0"/><net_sink comp="420" pin=0"/></net>

<net id="427"><net_src comp="36" pin="0"/><net_sink comp="424" pin=0"/></net>

<net id="431"><net_src comp="36" pin="0"/><net_sink comp="428" pin=0"/></net>

<net id="435"><net_src comp="36" pin="0"/><net_sink comp="432" pin=0"/></net>

<net id="439"><net_src comp="36" pin="0"/><net_sink comp="436" pin=0"/></net>

<net id="443"><net_src comp="36" pin="0"/><net_sink comp="440" pin=0"/></net>

<net id="447"><net_src comp="36" pin="0"/><net_sink comp="444" pin=0"/></net>

<net id="451"><net_src comp="36" pin="0"/><net_sink comp="448" pin=0"/></net>

<net id="455"><net_src comp="36" pin="0"/><net_sink comp="452" pin=0"/></net>

<net id="459"><net_src comp="36" pin="0"/><net_sink comp="456" pin=0"/></net>

<net id="463"><net_src comp="36" pin="0"/><net_sink comp="460" pin=0"/></net>

<net id="467"><net_src comp="36" pin="0"/><net_sink comp="464" pin=0"/></net>

<net id="471"><net_src comp="36" pin="0"/><net_sink comp="468" pin=0"/></net>

<net id="475"><net_src comp="36" pin="0"/><net_sink comp="472" pin=0"/></net>

<net id="479"><net_src comp="36" pin="0"/><net_sink comp="476" pin=0"/></net>

<net id="483"><net_src comp="36" pin="0"/><net_sink comp="480" pin=0"/></net>

<net id="487"><net_src comp="36" pin="0"/><net_sink comp="484" pin=0"/></net>

<net id="491"><net_src comp="36" pin="0"/><net_sink comp="488" pin=0"/></net>

<net id="495"><net_src comp="36" pin="0"/><net_sink comp="492" pin=0"/></net>

<net id="499"><net_src comp="36" pin="0"/><net_sink comp="496" pin=0"/></net>

<net id="503"><net_src comp="36" pin="0"/><net_sink comp="500" pin=0"/></net>

<net id="507"><net_src comp="36" pin="0"/><net_sink comp="504" pin=0"/></net>

<net id="511"><net_src comp="36" pin="0"/><net_sink comp="508" pin=0"/></net>

<net id="515"><net_src comp="36" pin="0"/><net_sink comp="512" pin=0"/></net>

<net id="519"><net_src comp="36" pin="0"/><net_sink comp="516" pin=0"/></net>

<net id="523"><net_src comp="36" pin="0"/><net_sink comp="520" pin=0"/></net>

<net id="527"><net_src comp="36" pin="0"/><net_sink comp="524" pin=0"/></net>

<net id="531"><net_src comp="36" pin="0"/><net_sink comp="528" pin=0"/></net>

<net id="535"><net_src comp="36" pin="0"/><net_sink comp="532" pin=0"/></net>

<net id="539"><net_src comp="36" pin="0"/><net_sink comp="536" pin=0"/></net>

<net id="543"><net_src comp="36" pin="0"/><net_sink comp="540" pin=0"/></net>

<net id="547"><net_src comp="36" pin="0"/><net_sink comp="544" pin=0"/></net>

<net id="551"><net_src comp="36" pin="0"/><net_sink comp="548" pin=0"/></net>

<net id="555"><net_src comp="36" pin="0"/><net_sink comp="552" pin=0"/></net>

<net id="559"><net_src comp="36" pin="0"/><net_sink comp="556" pin=0"/></net>

<net id="563"><net_src comp="36" pin="0"/><net_sink comp="560" pin=0"/></net>

<net id="567"><net_src comp="36" pin="0"/><net_sink comp="564" pin=0"/></net>

<net id="571"><net_src comp="36" pin="0"/><net_sink comp="568" pin=0"/></net>

<net id="575"><net_src comp="36" pin="0"/><net_sink comp="572" pin=0"/></net>

<net id="579"><net_src comp="36" pin="0"/><net_sink comp="576" pin=0"/></net>

<net id="583"><net_src comp="36" pin="0"/><net_sink comp="580" pin=0"/></net>

<net id="587"><net_src comp="36" pin="0"/><net_sink comp="584" pin=0"/></net>

<net id="591"><net_src comp="36" pin="0"/><net_sink comp="588" pin=0"/></net>

<net id="595"><net_src comp="36" pin="0"/><net_sink comp="592" pin=0"/></net>

<net id="599"><net_src comp="36" pin="0"/><net_sink comp="596" pin=0"/></net>

<net id="603"><net_src comp="36" pin="0"/><net_sink comp="600" pin=0"/></net>

<net id="607"><net_src comp="36" pin="0"/><net_sink comp="604" pin=0"/></net>

<net id="611"><net_src comp="36" pin="0"/><net_sink comp="608" pin=0"/></net>

<net id="615"><net_src comp="36" pin="0"/><net_sink comp="612" pin=0"/></net>

<net id="619"><net_src comp="36" pin="0"/><net_sink comp="616" pin=0"/></net>

<net id="623"><net_src comp="36" pin="0"/><net_sink comp="620" pin=0"/></net>

<net id="627"><net_src comp="36" pin="0"/><net_sink comp="624" pin=0"/></net>

<net id="631"><net_src comp="36" pin="0"/><net_sink comp="628" pin=0"/></net>

<net id="635"><net_src comp="36" pin="0"/><net_sink comp="632" pin=0"/></net>

<net id="639"><net_src comp="36" pin="0"/><net_sink comp="636" pin=0"/></net>

<net id="643"><net_src comp="36" pin="0"/><net_sink comp="640" pin=0"/></net>

<net id="647"><net_src comp="36" pin="0"/><net_sink comp="644" pin=0"/></net>

<net id="651"><net_src comp="36" pin="0"/><net_sink comp="648" pin=0"/></net>

<net id="655"><net_src comp="36" pin="0"/><net_sink comp="652" pin=0"/></net>

<net id="659"><net_src comp="36" pin="0"/><net_sink comp="656" pin=0"/></net>

<net id="663"><net_src comp="36" pin="0"/><net_sink comp="660" pin=0"/></net>

<net id="667"><net_src comp="36" pin="0"/><net_sink comp="664" pin=0"/></net>

<net id="671"><net_src comp="36" pin="0"/><net_sink comp="668" pin=0"/></net>

<net id="675"><net_src comp="36" pin="0"/><net_sink comp="672" pin=0"/></net>

<net id="679"><net_src comp="36" pin="0"/><net_sink comp="676" pin=0"/></net>

<net id="683"><net_src comp="36" pin="0"/><net_sink comp="680" pin=0"/></net>

<net id="687"><net_src comp="36" pin="0"/><net_sink comp="684" pin=0"/></net>

<net id="691"><net_src comp="36" pin="0"/><net_sink comp="688" pin=0"/></net>

<net id="695"><net_src comp="36" pin="0"/><net_sink comp="692" pin=0"/></net>

<net id="699"><net_src comp="36" pin="0"/><net_sink comp="696" pin=0"/></net>

<net id="703"><net_src comp="36" pin="0"/><net_sink comp="700" pin=0"/></net>

<net id="707"><net_src comp="36" pin="0"/><net_sink comp="704" pin=0"/></net>

<net id="711"><net_src comp="36" pin="0"/><net_sink comp="708" pin=0"/></net>

<net id="715"><net_src comp="36" pin="0"/><net_sink comp="712" pin=0"/></net>

<net id="719"><net_src comp="36" pin="0"/><net_sink comp="716" pin=0"/></net>

<net id="723"><net_src comp="36" pin="0"/><net_sink comp="720" pin=0"/></net>

<net id="727"><net_src comp="36" pin="0"/><net_sink comp="724" pin=0"/></net>

<net id="731"><net_src comp="36" pin="0"/><net_sink comp="728" pin=0"/></net>

<net id="735"><net_src comp="36" pin="0"/><net_sink comp="732" pin=0"/></net>

<net id="739"><net_src comp="36" pin="0"/><net_sink comp="736" pin=0"/></net>

<net id="743"><net_src comp="36" pin="0"/><net_sink comp="740" pin=0"/></net>

<net id="747"><net_src comp="36" pin="0"/><net_sink comp="744" pin=0"/></net>

<net id="751"><net_src comp="36" pin="0"/><net_sink comp="748" pin=0"/></net>

<net id="755"><net_src comp="36" pin="0"/><net_sink comp="752" pin=0"/></net>

<net id="759"><net_src comp="36" pin="0"/><net_sink comp="756" pin=0"/></net>

<net id="763"><net_src comp="36" pin="0"/><net_sink comp="760" pin=0"/></net>

<net id="767"><net_src comp="36" pin="0"/><net_sink comp="764" pin=0"/></net>

<net id="771"><net_src comp="36" pin="0"/><net_sink comp="768" pin=0"/></net>

<net id="775"><net_src comp="36" pin="0"/><net_sink comp="772" pin=0"/></net>

<net id="779"><net_src comp="36" pin="0"/><net_sink comp="776" pin=0"/></net>

<net id="783"><net_src comp="36" pin="0"/><net_sink comp="780" pin=0"/></net>

<net id="787"><net_src comp="36" pin="0"/><net_sink comp="784" pin=0"/></net>

<net id="791"><net_src comp="36" pin="0"/><net_sink comp="788" pin=0"/></net>

<net id="795"><net_src comp="36" pin="0"/><net_sink comp="792" pin=0"/></net>

<net id="799"><net_src comp="36" pin="0"/><net_sink comp="796" pin=0"/></net>

<net id="803"><net_src comp="36" pin="0"/><net_sink comp="800" pin=0"/></net>

<net id="807"><net_src comp="36" pin="0"/><net_sink comp="804" pin=0"/></net>

<net id="811"><net_src comp="36" pin="0"/><net_sink comp="808" pin=0"/></net>

<net id="815"><net_src comp="36" pin="0"/><net_sink comp="812" pin=0"/></net>

<net id="819"><net_src comp="36" pin="0"/><net_sink comp="816" pin=0"/></net>

<net id="823"><net_src comp="36" pin="0"/><net_sink comp="820" pin=0"/></net>

<net id="827"><net_src comp="36" pin="0"/><net_sink comp="824" pin=0"/></net>

<net id="831"><net_src comp="36" pin="0"/><net_sink comp="828" pin=0"/></net>

<net id="835"><net_src comp="36" pin="0"/><net_sink comp="832" pin=0"/></net>

<net id="839"><net_src comp="36" pin="0"/><net_sink comp="836" pin=0"/></net>

<net id="843"><net_src comp="36" pin="0"/><net_sink comp="840" pin=0"/></net>

<net id="847"><net_src comp="36" pin="0"/><net_sink comp="844" pin=0"/></net>

<net id="851"><net_src comp="36" pin="0"/><net_sink comp="848" pin=0"/></net>

<net id="855"><net_src comp="36" pin="0"/><net_sink comp="852" pin=0"/></net>

<net id="859"><net_src comp="36" pin="0"/><net_sink comp="856" pin=0"/></net>

<net id="863"><net_src comp="36" pin="0"/><net_sink comp="860" pin=0"/></net>

<net id="867"><net_src comp="36" pin="0"/><net_sink comp="864" pin=0"/></net>

<net id="871"><net_src comp="36" pin="0"/><net_sink comp="868" pin=0"/></net>

<net id="875"><net_src comp="36" pin="0"/><net_sink comp="872" pin=0"/></net>

<net id="879"><net_src comp="36" pin="0"/><net_sink comp="876" pin=0"/></net>

<net id="883"><net_src comp="36" pin="0"/><net_sink comp="880" pin=0"/></net>

<net id="887"><net_src comp="36" pin="0"/><net_sink comp="884" pin=0"/></net>

<net id="891"><net_src comp="36" pin="0"/><net_sink comp="888" pin=0"/></net>

<net id="895"><net_src comp="36" pin="0"/><net_sink comp="892" pin=0"/></net>

<net id="899"><net_src comp="36" pin="0"/><net_sink comp="896" pin=0"/></net>

<net id="903"><net_src comp="36" pin="0"/><net_sink comp="900" pin=0"/></net>

<net id="907"><net_src comp="36" pin="0"/><net_sink comp="904" pin=0"/></net>

<net id="911"><net_src comp="36" pin="0"/><net_sink comp="908" pin=0"/></net>

<net id="915"><net_src comp="36" pin="0"/><net_sink comp="912" pin=0"/></net>

<net id="919"><net_src comp="36" pin="0"/><net_sink comp="916" pin=0"/></net>

<net id="923"><net_src comp="36" pin="0"/><net_sink comp="920" pin=0"/></net>

<net id="927"><net_src comp="36" pin="0"/><net_sink comp="924" pin=0"/></net>

<net id="931"><net_src comp="36" pin="0"/><net_sink comp="928" pin=0"/></net>

<net id="935"><net_src comp="36" pin="0"/><net_sink comp="932" pin=0"/></net>

<net id="939"><net_src comp="36" pin="0"/><net_sink comp="936" pin=0"/></net>

<net id="943"><net_src comp="36" pin="0"/><net_sink comp="940" pin=0"/></net>

<net id="947"><net_src comp="36" pin="0"/><net_sink comp="944" pin=0"/></net>

<net id="951"><net_src comp="36" pin="0"/><net_sink comp="948" pin=0"/></net>

<net id="955"><net_src comp="36" pin="0"/><net_sink comp="952" pin=0"/></net>

<net id="959"><net_src comp="36" pin="0"/><net_sink comp="956" pin=0"/></net>

<net id="963"><net_src comp="36" pin="0"/><net_sink comp="960" pin=0"/></net>

<net id="967"><net_src comp="36" pin="0"/><net_sink comp="964" pin=0"/></net>

<net id="971"><net_src comp="36" pin="0"/><net_sink comp="968" pin=0"/></net>

<net id="975"><net_src comp="36" pin="0"/><net_sink comp="972" pin=0"/></net>

<net id="980"><net_src comp="70" pin="0"/><net_sink comp="976" pin=0"/></net>

<net id="981"><net_src comp="0" pin="0"/><net_sink comp="976" pin=1"/></net>

<net id="986"><net_src comp="70" pin="0"/><net_sink comp="982" pin=0"/></net>

<net id="987"><net_src comp="4" pin="0"/><net_sink comp="982" pin=1"/></net>

<net id="993"><net_src comp="382" pin="0"/><net_sink comp="988" pin=0"/></net>

<net id="994"><net_src comp="2" pin="0"/><net_sink comp="988" pin=1"/></net>

<net id="1000"><net_src comp="6" pin="0"/><net_sink comp="995" pin=0"/></net>

<net id="1001"><net_src comp="372" pin="0"/><net_sink comp="995" pin=1"/></net>

<net id="1007"><net_src comp="995" pin="3"/><net_sink comp="1002" pin=0"/></net>

<net id="1013"><net_src comp="8" pin="0"/><net_sink comp="1008" pin=0"/></net>

<net id="1014"><net_src comp="372" pin="0"/><net_sink comp="1008" pin=1"/></net>

<net id="1020"><net_src comp="1008" pin="3"/><net_sink comp="1015" pin=0"/></net>

<net id="1026"><net_src comp="10" pin="0"/><net_sink comp="1021" pin=0"/></net>

<net id="1027"><net_src comp="372" pin="0"/><net_sink comp="1021" pin=1"/></net>

<net id="1033"><net_src comp="1021" pin="3"/><net_sink comp="1028" pin=0"/></net>

<net id="1039"><net_src comp="12" pin="0"/><net_sink comp="1034" pin=0"/></net>

<net id="1040"><net_src comp="372" pin="0"/><net_sink comp="1034" pin=1"/></net>

<net id="1046"><net_src comp="1034" pin="3"/><net_sink comp="1041" pin=0"/></net>

<net id="1052"><net_src comp="14" pin="0"/><net_sink comp="1047" pin=0"/></net>

<net id="1053"><net_src comp="372" pin="0"/><net_sink comp="1047" pin=1"/></net>

<net id="1059"><net_src comp="1047" pin="3"/><net_sink comp="1054" pin=0"/></net>

<net id="1065"><net_src comp="16" pin="0"/><net_sink comp="1060" pin=0"/></net>

<net id="1066"><net_src comp="372" pin="0"/><net_sink comp="1060" pin=1"/></net>

<net id="1072"><net_src comp="1060" pin="3"/><net_sink comp="1067" pin=0"/></net>

<net id="1078"><net_src comp="18" pin="0"/><net_sink comp="1073" pin=0"/></net>

<net id="1079"><net_src comp="372" pin="0"/><net_sink comp="1073" pin=1"/></net>

<net id="1085"><net_src comp="1073" pin="3"/><net_sink comp="1080" pin=0"/></net>

<net id="1091"><net_src comp="20" pin="0"/><net_sink comp="1086" pin=0"/></net>

<net id="1092"><net_src comp="372" pin="0"/><net_sink comp="1086" pin=1"/></net>

<net id="1098"><net_src comp="1086" pin="3"/><net_sink comp="1093" pin=0"/></net>

<net id="1104"><net_src comp="22" pin="0"/><net_sink comp="1099" pin=0"/></net>

<net id="1105"><net_src comp="372" pin="0"/><net_sink comp="1099" pin=1"/></net>

<net id="1111"><net_src comp="1099" pin="3"/><net_sink comp="1106" pin=0"/></net>

<net id="1117"><net_src comp="24" pin="0"/><net_sink comp="1112" pin=0"/></net>

<net id="1118"><net_src comp="372" pin="0"/><net_sink comp="1112" pin=1"/></net>

<net id="1124"><net_src comp="1112" pin="3"/><net_sink comp="1119" pin=0"/></net>

<net id="1130"><net_src comp="26" pin="0"/><net_sink comp="1125" pin=0"/></net>

<net id="1131"><net_src comp="372" pin="0"/><net_sink comp="1125" pin=1"/></net>

<net id="1137"><net_src comp="1125" pin="3"/><net_sink comp="1132" pin=0"/></net>

<net id="1143"><net_src comp="28" pin="0"/><net_sink comp="1138" pin=0"/></net>

<net id="1144"><net_src comp="372" pin="0"/><net_sink comp="1138" pin=1"/></net>

<net id="1150"><net_src comp="1138" pin="3"/><net_sink comp="1145" pin=0"/></net>

<net id="1156"><net_src comp="30" pin="0"/><net_sink comp="1151" pin=0"/></net>

<net id="1157"><net_src comp="372" pin="0"/><net_sink comp="1151" pin=1"/></net>

<net id="1163"><net_src comp="1151" pin="3"/><net_sink comp="1158" pin=0"/></net>

<net id="1169"><net_src comp="32" pin="0"/><net_sink comp="1164" pin=0"/></net>

<net id="1170"><net_src comp="372" pin="0"/><net_sink comp="1164" pin=1"/></net>

<net id="1176"><net_src comp="1164" pin="3"/><net_sink comp="1171" pin=0"/></net>

<net id="1182"><net_src comp="34" pin="0"/><net_sink comp="1177" pin=0"/></net>

<net id="1183"><net_src comp="372" pin="0"/><net_sink comp="1177" pin=1"/></net>

<net id="1189"><net_src comp="1177" pin="3"/><net_sink comp="1184" pin=0"/></net>

<net id="1203"><net_src comp="42" pin="0"/><net_sink comp="1199" pin=0"/></net>

<net id="1208"><net_src comp="50" pin="0"/><net_sink comp="1204" pin=0"/></net>

<net id="1213"><net_src comp="42" pin="0"/><net_sink comp="1209" pin=0"/></net>

<net id="1227"><net_src comp="1217" pin="1"/><net_sink comp="1223" pin=0"/></net>

<net id="1228"><net_src comp="52" pin="0"/><net_sink comp="1223" pin=1"/></net>

<net id="1233"><net_src comp="1217" pin="1"/><net_sink comp="1229" pin=0"/></net>

<net id="1234"><net_src comp="58" pin="0"/><net_sink comp="1229" pin=1"/></net>

<net id="1239"><net_src comp="1220" pin="1"/><net_sink comp="1235" pin=0"/></net>

<net id="1240"><net_src comp="42" pin="0"/><net_sink comp="1235" pin=1"/></net>

<net id="1676"><net_src comp="1214" pin="1"/><net_sink comp="1673" pin=0"/></net>

<net id="1825"><net_src comp="68" pin="0"/><net_sink comp="1677" pin=0"/></net>

<net id="1826"><net_src comp="1241" pin="1"/><net_sink comp="1677" pin=1"/></net>

<net id="1827"><net_src comp="1244" pin="1"/><net_sink comp="1677" pin=2"/></net>

<net id="1828"><net_src comp="1247" pin="1"/><net_sink comp="1677" pin=3"/></net>

<net id="1829"><net_src comp="1250" pin="1"/><net_sink comp="1677" pin=4"/></net>

<net id="1830"><net_src comp="1253" pin="1"/><net_sink comp="1677" pin=5"/></net>

<net id="1831"><net_src comp="1256" pin="1"/><net_sink comp="1677" pin=6"/></net>

<net id="1832"><net_src comp="1259" pin="1"/><net_sink comp="1677" pin=7"/></net>

<net id="1833"><net_src comp="1262" pin="1"/><net_sink comp="1677" pin=8"/></net>

<net id="1834"><net_src comp="1265" pin="1"/><net_sink comp="1677" pin=9"/></net>

<net id="1835"><net_src comp="1268" pin="1"/><net_sink comp="1677" pin=10"/></net>

<net id="1836"><net_src comp="1271" pin="1"/><net_sink comp="1677" pin=11"/></net>

<net id="1837"><net_src comp="1274" pin="1"/><net_sink comp="1677" pin=12"/></net>

<net id="1838"><net_src comp="1277" pin="1"/><net_sink comp="1677" pin=13"/></net>

<net id="1839"><net_src comp="1280" pin="1"/><net_sink comp="1677" pin=14"/></net>

<net id="1840"><net_src comp="1283" pin="1"/><net_sink comp="1677" pin=15"/></net>

<net id="1841"><net_src comp="1286" pin="1"/><net_sink comp="1677" pin=16"/></net>

<net id="1842"><net_src comp="1289" pin="1"/><net_sink comp="1677" pin=17"/></net>

<net id="1843"><net_src comp="1292" pin="1"/><net_sink comp="1677" pin=18"/></net>

<net id="1844"><net_src comp="1295" pin="1"/><net_sink comp="1677" pin=19"/></net>

<net id="1845"><net_src comp="1298" pin="1"/><net_sink comp="1677" pin=20"/></net>

<net id="1846"><net_src comp="1301" pin="1"/><net_sink comp="1677" pin=21"/></net>

<net id="1847"><net_src comp="1304" pin="1"/><net_sink comp="1677" pin=22"/></net>

<net id="1848"><net_src comp="1307" pin="1"/><net_sink comp="1677" pin=23"/></net>

<net id="1849"><net_src comp="1310" pin="1"/><net_sink comp="1677" pin=24"/></net>

<net id="1850"><net_src comp="1313" pin="1"/><net_sink comp="1677" pin=25"/></net>

<net id="1851"><net_src comp="1316" pin="1"/><net_sink comp="1677" pin=26"/></net>

<net id="1852"><net_src comp="1319" pin="1"/><net_sink comp="1677" pin=27"/></net>

<net id="1853"><net_src comp="1322" pin="1"/><net_sink comp="1677" pin=28"/></net>

<net id="1854"><net_src comp="1325" pin="1"/><net_sink comp="1677" pin=29"/></net>

<net id="1855"><net_src comp="1328" pin="1"/><net_sink comp="1677" pin=30"/></net>

<net id="1856"><net_src comp="1331" pin="1"/><net_sink comp="1677" pin=31"/></net>

<net id="1857"><net_src comp="1334" pin="1"/><net_sink comp="1677" pin=32"/></net>

<net id="1858"><net_src comp="1337" pin="1"/><net_sink comp="1677" pin=33"/></net>

<net id="1859"><net_src comp="1340" pin="1"/><net_sink comp="1677" pin=34"/></net>

<net id="1860"><net_src comp="1343" pin="1"/><net_sink comp="1677" pin=35"/></net>

<net id="1861"><net_src comp="1346" pin="1"/><net_sink comp="1677" pin=36"/></net>

<net id="1862"><net_src comp="1349" pin="1"/><net_sink comp="1677" pin=37"/></net>

<net id="1863"><net_src comp="1352" pin="1"/><net_sink comp="1677" pin=38"/></net>

<net id="1864"><net_src comp="1355" pin="1"/><net_sink comp="1677" pin=39"/></net>

<net id="1865"><net_src comp="1358" pin="1"/><net_sink comp="1677" pin=40"/></net>

<net id="1866"><net_src comp="1361" pin="1"/><net_sink comp="1677" pin=41"/></net>

<net id="1867"><net_src comp="1364" pin="1"/><net_sink comp="1677" pin=42"/></net>

<net id="1868"><net_src comp="1367" pin="1"/><net_sink comp="1677" pin=43"/></net>

<net id="1869"><net_src comp="1370" pin="1"/><net_sink comp="1677" pin=44"/></net>

<net id="1870"><net_src comp="1373" pin="1"/><net_sink comp="1677" pin=45"/></net>

<net id="1871"><net_src comp="1376" pin="1"/><net_sink comp="1677" pin=46"/></net>

<net id="1872"><net_src comp="1379" pin="1"/><net_sink comp="1677" pin=47"/></net>

<net id="1873"><net_src comp="1382" pin="1"/><net_sink comp="1677" pin=48"/></net>

<net id="1874"><net_src comp="1385" pin="1"/><net_sink comp="1677" pin=49"/></net>

<net id="1875"><net_src comp="1388" pin="1"/><net_sink comp="1677" pin=50"/></net>

<net id="1876"><net_src comp="1391" pin="1"/><net_sink comp="1677" pin=51"/></net>

<net id="1877"><net_src comp="1394" pin="1"/><net_sink comp="1677" pin=52"/></net>

<net id="1878"><net_src comp="1397" pin="1"/><net_sink comp="1677" pin=53"/></net>

<net id="1879"><net_src comp="1400" pin="1"/><net_sink comp="1677" pin=54"/></net>

<net id="1880"><net_src comp="1403" pin="1"/><net_sink comp="1677" pin=55"/></net>

<net id="1881"><net_src comp="1406" pin="1"/><net_sink comp="1677" pin=56"/></net>

<net id="1882"><net_src comp="1409" pin="1"/><net_sink comp="1677" pin=57"/></net>

<net id="1883"><net_src comp="1412" pin="1"/><net_sink comp="1677" pin=58"/></net>

<net id="1884"><net_src comp="1415" pin="1"/><net_sink comp="1677" pin=59"/></net>

<net id="1885"><net_src comp="1418" pin="1"/><net_sink comp="1677" pin=60"/></net>

<net id="1886"><net_src comp="1421" pin="1"/><net_sink comp="1677" pin=61"/></net>

<net id="1887"><net_src comp="1424" pin="1"/><net_sink comp="1677" pin=62"/></net>

<net id="1888"><net_src comp="1427" pin="1"/><net_sink comp="1677" pin=63"/></net>

<net id="1889"><net_src comp="1430" pin="1"/><net_sink comp="1677" pin=64"/></net>

<net id="1890"><net_src comp="1433" pin="1"/><net_sink comp="1677" pin=65"/></net>

<net id="1891"><net_src comp="1436" pin="1"/><net_sink comp="1677" pin=66"/></net>

<net id="1892"><net_src comp="1439" pin="1"/><net_sink comp="1677" pin=67"/></net>

<net id="1893"><net_src comp="1442" pin="1"/><net_sink comp="1677" pin=68"/></net>

<net id="1894"><net_src comp="1445" pin="1"/><net_sink comp="1677" pin=69"/></net>

<net id="1895"><net_src comp="1448" pin="1"/><net_sink comp="1677" pin=70"/></net>

<net id="1896"><net_src comp="1451" pin="1"/><net_sink comp="1677" pin=71"/></net>

<net id="1897"><net_src comp="1454" pin="1"/><net_sink comp="1677" pin=72"/></net>

<net id="1898"><net_src comp="1457" pin="1"/><net_sink comp="1677" pin=73"/></net>

<net id="1899"><net_src comp="1460" pin="1"/><net_sink comp="1677" pin=74"/></net>

<net id="1900"><net_src comp="1463" pin="1"/><net_sink comp="1677" pin=75"/></net>

<net id="1901"><net_src comp="1466" pin="1"/><net_sink comp="1677" pin=76"/></net>

<net id="1902"><net_src comp="1469" pin="1"/><net_sink comp="1677" pin=77"/></net>

<net id="1903"><net_src comp="1472" pin="1"/><net_sink comp="1677" pin=78"/></net>

<net id="1904"><net_src comp="1475" pin="1"/><net_sink comp="1677" pin=79"/></net>

<net id="1905"><net_src comp="1478" pin="1"/><net_sink comp="1677" pin=80"/></net>

<net id="1906"><net_src comp="1481" pin="1"/><net_sink comp="1677" pin=81"/></net>

<net id="1907"><net_src comp="1484" pin="1"/><net_sink comp="1677" pin=82"/></net>

<net id="1908"><net_src comp="1487" pin="1"/><net_sink comp="1677" pin=83"/></net>

<net id="1909"><net_src comp="1490" pin="1"/><net_sink comp="1677" pin=84"/></net>

<net id="1910"><net_src comp="1493" pin="1"/><net_sink comp="1677" pin=85"/></net>

<net id="1911"><net_src comp="1496" pin="1"/><net_sink comp="1677" pin=86"/></net>

<net id="1912"><net_src comp="1499" pin="1"/><net_sink comp="1677" pin=87"/></net>

<net id="1913"><net_src comp="1502" pin="1"/><net_sink comp="1677" pin=88"/></net>

<net id="1914"><net_src comp="1505" pin="1"/><net_sink comp="1677" pin=89"/></net>

<net id="1915"><net_src comp="1508" pin="1"/><net_sink comp="1677" pin=90"/></net>

<net id="1916"><net_src comp="1511" pin="1"/><net_sink comp="1677" pin=91"/></net>

<net id="1917"><net_src comp="1514" pin="1"/><net_sink comp="1677" pin=92"/></net>

<net id="1918"><net_src comp="1517" pin="1"/><net_sink comp="1677" pin=93"/></net>

<net id="1919"><net_src comp="1520" pin="1"/><net_sink comp="1677" pin=94"/></net>

<net id="1920"><net_src comp="1523" pin="1"/><net_sink comp="1677" pin=95"/></net>

<net id="1921"><net_src comp="1526" pin="1"/><net_sink comp="1677" pin=96"/></net>

<net id="1922"><net_src comp="1529" pin="1"/><net_sink comp="1677" pin=97"/></net>

<net id="1923"><net_src comp="1532" pin="1"/><net_sink comp="1677" pin=98"/></net>

<net id="1924"><net_src comp="1535" pin="1"/><net_sink comp="1677" pin=99"/></net>

<net id="1925"><net_src comp="1538" pin="1"/><net_sink comp="1677" pin=100"/></net>

<net id="1926"><net_src comp="1541" pin="1"/><net_sink comp="1677" pin=101"/></net>

<net id="1927"><net_src comp="1544" pin="1"/><net_sink comp="1677" pin=102"/></net>

<net id="1928"><net_src comp="1547" pin="1"/><net_sink comp="1677" pin=103"/></net>

<net id="1929"><net_src comp="1550" pin="1"/><net_sink comp="1677" pin=104"/></net>

<net id="1930"><net_src comp="1553" pin="1"/><net_sink comp="1677" pin=105"/></net>

<net id="1931"><net_src comp="1556" pin="1"/><net_sink comp="1677" pin=106"/></net>

<net id="1932"><net_src comp="1559" pin="1"/><net_sink comp="1677" pin=107"/></net>

<net id="1933"><net_src comp="1562" pin="1"/><net_sink comp="1677" pin=108"/></net>

<net id="1934"><net_src comp="1565" pin="1"/><net_sink comp="1677" pin=109"/></net>

<net id="1935"><net_src comp="1568" pin="1"/><net_sink comp="1677" pin=110"/></net>

<net id="1936"><net_src comp="1571" pin="1"/><net_sink comp="1677" pin=111"/></net>

<net id="1937"><net_src comp="1574" pin="1"/><net_sink comp="1677" pin=112"/></net>

<net id="1938"><net_src comp="1577" pin="1"/><net_sink comp="1677" pin=113"/></net>

<net id="1939"><net_src comp="1580" pin="1"/><net_sink comp="1677" pin=114"/></net>

<net id="1940"><net_src comp="1583" pin="1"/><net_sink comp="1677" pin=115"/></net>

<net id="1941"><net_src comp="1586" pin="1"/><net_sink comp="1677" pin=116"/></net>

<net id="1942"><net_src comp="1589" pin="1"/><net_sink comp="1677" pin=117"/></net>

<net id="1943"><net_src comp="1592" pin="1"/><net_sink comp="1677" pin=118"/></net>

<net id="1944"><net_src comp="1595" pin="1"/><net_sink comp="1677" pin=119"/></net>

<net id="1945"><net_src comp="1598" pin="1"/><net_sink comp="1677" pin=120"/></net>

<net id="1946"><net_src comp="1601" pin="1"/><net_sink comp="1677" pin=121"/></net>

<net id="1947"><net_src comp="1604" pin="1"/><net_sink comp="1677" pin=122"/></net>

<net id="1948"><net_src comp="1607" pin="1"/><net_sink comp="1677" pin=123"/></net>

<net id="1949"><net_src comp="1610" pin="1"/><net_sink comp="1677" pin=124"/></net>

<net id="1950"><net_src comp="1613" pin="1"/><net_sink comp="1677" pin=125"/></net>

<net id="1951"><net_src comp="1616" pin="1"/><net_sink comp="1677" pin=126"/></net>

<net id="1952"><net_src comp="1619" pin="1"/><net_sink comp="1677" pin=127"/></net>

<net id="1953"><net_src comp="1622" pin="1"/><net_sink comp="1677" pin=128"/></net>

<net id="1954"><net_src comp="1625" pin="1"/><net_sink comp="1677" pin=129"/></net>

<net id="1955"><net_src comp="1628" pin="1"/><net_sink comp="1677" pin=130"/></net>

<net id="1956"><net_src comp="1631" pin="1"/><net_sink comp="1677" pin=131"/></net>

<net id="1957"><net_src comp="1634" pin="1"/><net_sink comp="1677" pin=132"/></net>

<net id="1958"><net_src comp="1637" pin="1"/><net_sink comp="1677" pin=133"/></net>

<net id="1959"><net_src comp="1640" pin="1"/><net_sink comp="1677" pin=134"/></net>

<net id="1960"><net_src comp="1643" pin="1"/><net_sink comp="1677" pin=135"/></net>

<net id="1961"><net_src comp="1646" pin="1"/><net_sink comp="1677" pin=136"/></net>

<net id="1962"><net_src comp="1649" pin="1"/><net_sink comp="1677" pin=137"/></net>

<net id="1963"><net_src comp="1652" pin="1"/><net_sink comp="1677" pin=138"/></net>

<net id="1964"><net_src comp="1655" pin="1"/><net_sink comp="1677" pin=139"/></net>

<net id="1965"><net_src comp="1658" pin="1"/><net_sink comp="1677" pin=140"/></net>

<net id="1966"><net_src comp="1661" pin="1"/><net_sink comp="1677" pin=141"/></net>

<net id="1967"><net_src comp="1664" pin="1"/><net_sink comp="1677" pin=142"/></net>

<net id="1968"><net_src comp="1667" pin="1"/><net_sink comp="1677" pin=143"/></net>

<net id="1969"><net_src comp="1670" pin="1"/><net_sink comp="1677" pin=144"/></net>

<net id="1970"><net_src comp="1673" pin="1"/><net_sink comp="1677" pin=145"/></net>

<net id="1974"><net_src comp="976" pin="2"/><net_sink comp="1971" pin=0"/></net>

<net id="1978"><net_src comp="1214" pin="1"/><net_sink comp="1975" pin=0"/></net>

<net id="1983"><net_src comp="1971" pin="1"/><net_sink comp="1979" pin=0"/></net>

<net id="1988"><net_src comp="1971" pin="1"/><net_sink comp="1984" pin=0"/></net>

<net id="1993"><net_src comp="1971" pin="1"/><net_sink comp="1989" pin=0"/></net>

<net id="1998"><net_src comp="1971" pin="1"/><net_sink comp="1994" pin=0"/></net>

<net id="2003"><net_src comp="1971" pin="1"/><net_sink comp="1999" pin=0"/></net>

<net id="2008"><net_src comp="1971" pin="1"/><net_sink comp="2004" pin=0"/></net>

<net id="2013"><net_src comp="1971" pin="1"/><net_sink comp="2009" pin=0"/></net>

<net id="2018"><net_src comp="1971" pin="1"/><net_sink comp="2014" pin=0"/></net>

<net id="2023"><net_src comp="1971" pin="1"/><net_sink comp="2019" pin=0"/></net>

<net id="2028"><net_src comp="1971" pin="1"/><net_sink comp="2024" pin=0"/></net>

<net id="2033"><net_src comp="1971" pin="1"/><net_sink comp="2029" pin=0"/></net>

<net id="2038"><net_src comp="1971" pin="1"/><net_sink comp="2034" pin=0"/></net>

<net id="2043"><net_src comp="1971" pin="1"/><net_sink comp="2039" pin=0"/></net>

<net id="2048"><net_src comp="1971" pin="1"/><net_sink comp="2044" pin=0"/></net>

<net id="2053"><net_src comp="1971" pin="1"/><net_sink comp="2049" pin=0"/></net>

<net id="2058"><net_src comp="1971" pin="1"/><net_sink comp="2054" pin=0"/></net>

<net id="2063"><net_src comp="1971" pin="1"/><net_sink comp="2059" pin=0"/></net>

<net id="2068"><net_src comp="1971" pin="1"/><net_sink comp="2064" pin=0"/></net>

<net id="2073"><net_src comp="1971" pin="1"/><net_sink comp="2069" pin=0"/></net>

<net id="2078"><net_src comp="1971" pin="1"/><net_sink comp="2074" pin=0"/></net>

<net id="2083"><net_src comp="1971" pin="1"/><net_sink comp="2079" pin=0"/></net>

<net id="2088"><net_src comp="1971" pin="1"/><net_sink comp="2084" pin=0"/></net>

<net id="2093"><net_src comp="1971" pin="1"/><net_sink comp="2089" pin=0"/></net>

<net id="2098"><net_src comp="1971" pin="1"/><net_sink comp="2094" pin=0"/></net>

<net id="2103"><net_src comp="1971" pin="1"/><net_sink comp="2099" pin=0"/></net>

<net id="2108"><net_src comp="1971" pin="1"/><net_sink comp="2104" pin=0"/></net>

<net id="2113"><net_src comp="1971" pin="1"/><net_sink comp="2109" pin=0"/></net>

<net id="2118"><net_src comp="1971" pin="1"/><net_sink comp="2114" pin=0"/></net>

<net id="2123"><net_src comp="1971" pin="1"/><net_sink comp="2119" pin=0"/></net>

<net id="2128"><net_src comp="1971" pin="1"/><net_sink comp="2124" pin=0"/></net>

<net id="2133"><net_src comp="1971" pin="1"/><net_sink comp="2129" pin=0"/></net>

<net id="2138"><net_src comp="1971" pin="1"/><net_sink comp="2134" pin=0"/></net>

<net id="2143"><net_src comp="1971" pin="1"/><net_sink comp="2139" pin=0"/></net>

<net id="2148"><net_src comp="1971" pin="1"/><net_sink comp="2144" pin=0"/></net>

<net id="2153"><net_src comp="1971" pin="1"/><net_sink comp="2149" pin=0"/></net>

<net id="2158"><net_src comp="1971" pin="1"/><net_sink comp="2154" pin=0"/></net>

<net id="2163"><net_src comp="1971" pin="1"/><net_sink comp="2159" pin=0"/></net>

<net id="2168"><net_src comp="1971" pin="1"/><net_sink comp="2164" pin=0"/></net>

<net id="2173"><net_src comp="1971" pin="1"/><net_sink comp="2169" pin=0"/></net>

<net id="2178"><net_src comp="1971" pin="1"/><net_sink comp="2174" pin=0"/></net>

<net id="2183"><net_src comp="1971" pin="1"/><net_sink comp="2179" pin=0"/></net>

<net id="2188"><net_src comp="1971" pin="1"/><net_sink comp="2184" pin=0"/></net>

<net id="2193"><net_src comp="1971" pin="1"/><net_sink comp="2189" pin=0"/></net>

<net id="2198"><net_src comp="1971" pin="1"/><net_sink comp="2194" pin=0"/></net>

<net id="2203"><net_src comp="1971" pin="1"/><net_sink comp="2199" pin=0"/></net>

<net id="2208"><net_src comp="1971" pin="1"/><net_sink comp="2204" pin=0"/></net>

<net id="2213"><net_src comp="1971" pin="1"/><net_sink comp="2209" pin=0"/></net>

<net id="2218"><net_src comp="1971" pin="1"/><net_sink comp="2214" pin=0"/></net>

<net id="2223"><net_src comp="1971" pin="1"/><net_sink comp="2219" pin=0"/></net>

<net id="2228"><net_src comp="1971" pin="1"/><net_sink comp="2224" pin=0"/></net>

<net id="2233"><net_src comp="1971" pin="1"/><net_sink comp="2229" pin=0"/></net>

<net id="2238"><net_src comp="1971" pin="1"/><net_sink comp="2234" pin=0"/></net>

<net id="2243"><net_src comp="1971" pin="1"/><net_sink comp="2239" pin=0"/></net>

<net id="2248"><net_src comp="1971" pin="1"/><net_sink comp="2244" pin=0"/></net>

<net id="2253"><net_src comp="1971" pin="1"/><net_sink comp="2249" pin=0"/></net>

<net id="2258"><net_src comp="1971" pin="1"/><net_sink comp="2254" pin=0"/></net>

<net id="2263"><net_src comp="1971" pin="1"/><net_sink comp="2259" pin=0"/></net>

<net id="2268"><net_src comp="1971" pin="1"/><net_sink comp="2264" pin=0"/></net>

<net id="2273"><net_src comp="1971" pin="1"/><net_sink comp="2269" pin=0"/></net>

<net id="2278"><net_src comp="1971" pin="1"/><net_sink comp="2274" pin=0"/></net>

<net id="2283"><net_src comp="1971" pin="1"/><net_sink comp="2279" pin=0"/></net>

<net id="2288"><net_src comp="1971" pin="1"/><net_sink comp="2284" pin=0"/></net>

<net id="2293"><net_src comp="1971" pin="1"/><net_sink comp="2289" pin=0"/></net>

<net id="2298"><net_src comp="1971" pin="1"/><net_sink comp="2294" pin=0"/></net>

<net id="2303"><net_src comp="1971" pin="1"/><net_sink comp="2299" pin=0"/></net>

<net id="2308"><net_src comp="1971" pin="1"/><net_sink comp="2304" pin=0"/></net>

<net id="2313"><net_src comp="1971" pin="1"/><net_sink comp="2309" pin=0"/></net>

<net id="2318"><net_src comp="1971" pin="1"/><net_sink comp="2314" pin=0"/></net>

<net id="2323"><net_src comp="1971" pin="1"/><net_sink comp="2319" pin=0"/></net>

<net id="2328"><net_src comp="1971" pin="1"/><net_sink comp="2324" pin=0"/></net>

<net id="2333"><net_src comp="1971" pin="1"/><net_sink comp="2329" pin=0"/></net>

<net id="2338"><net_src comp="1971" pin="1"/><net_sink comp="2334" pin=0"/></net>

<net id="2343"><net_src comp="1971" pin="1"/><net_sink comp="2339" pin=0"/></net>

<net id="2348"><net_src comp="1971" pin="1"/><net_sink comp="2344" pin=0"/></net>

<net id="2353"><net_src comp="1971" pin="1"/><net_sink comp="2349" pin=0"/></net>

<net id="2358"><net_src comp="1971" pin="1"/><net_sink comp="2354" pin=0"/></net>

<net id="2363"><net_src comp="1971" pin="1"/><net_sink comp="2359" pin=0"/></net>

<net id="2368"><net_src comp="1971" pin="1"/><net_sink comp="2364" pin=0"/></net>

<net id="2373"><net_src comp="1971" pin="1"/><net_sink comp="2369" pin=0"/></net>

<net id="2378"><net_src comp="1971" pin="1"/><net_sink comp="2374" pin=0"/></net>

<net id="2383"><net_src comp="1971" pin="1"/><net_sink comp="2379" pin=0"/></net>

<net id="2388"><net_src comp="1971" pin="1"/><net_sink comp="2384" pin=0"/></net>

<net id="2393"><net_src comp="1971" pin="1"/><net_sink comp="2389" pin=0"/></net>

<net id="2398"><net_src comp="1971" pin="1"/><net_sink comp="2394" pin=0"/></net>

<net id="2403"><net_src comp="1971" pin="1"/><net_sink comp="2399" pin=0"/></net>

<net id="2408"><net_src comp="1971" pin="1"/><net_sink comp="2404" pin=0"/></net>

<net id="2413"><net_src comp="1971" pin="1"/><net_sink comp="2409" pin=0"/></net>

<net id="2418"><net_src comp="1971" pin="1"/><net_sink comp="2414" pin=0"/></net>

<net id="2423"><net_src comp="1971" pin="1"/><net_sink comp="2419" pin=0"/></net>

<net id="2428"><net_src comp="1971" pin="1"/><net_sink comp="2424" pin=0"/></net>

<net id="2433"><net_src comp="1971" pin="1"/><net_sink comp="2429" pin=0"/></net>

<net id="2438"><net_src comp="1971" pin="1"/><net_sink comp="2434" pin=0"/></net>

<net id="2443"><net_src comp="1971" pin="1"/><net_sink comp="2439" pin=0"/></net>

<net id="2448"><net_src comp="1971" pin="1"/><net_sink comp="2444" pin=0"/></net>

<net id="2453"><net_src comp="1971" pin="1"/><net_sink comp="2449" pin=0"/></net>

<net id="2458"><net_src comp="1971" pin="1"/><net_sink comp="2454" pin=0"/></net>

<net id="2463"><net_src comp="1971" pin="1"/><net_sink comp="2459" pin=0"/></net>

<net id="2468"><net_src comp="1971" pin="1"/><net_sink comp="2464" pin=0"/></net>

<net id="2473"><net_src comp="1971" pin="1"/><net_sink comp="2469" pin=0"/></net>

<net id="2478"><net_src comp="1971" pin="1"/><net_sink comp="2474" pin=0"/></net>

<net id="2483"><net_src comp="1971" pin="1"/><net_sink comp="2479" pin=0"/></net>

<net id="2488"><net_src comp="1971" pin="1"/><net_sink comp="2484" pin=0"/></net>

<net id="2493"><net_src comp="1971" pin="1"/><net_sink comp="2489" pin=0"/></net>

<net id="2498"><net_src comp="1971" pin="1"/><net_sink comp="2494" pin=0"/></net>

<net id="2503"><net_src comp="1971" pin="1"/><net_sink comp="2499" pin=0"/></net>

<net id="2508"><net_src comp="1971" pin="1"/><net_sink comp="2504" pin=0"/></net>

<net id="2513"><net_src comp="1971" pin="1"/><net_sink comp="2509" pin=0"/></net>

<net id="2518"><net_src comp="1971" pin="1"/><net_sink comp="2514" pin=0"/></net>

<net id="2523"><net_src comp="1971" pin="1"/><net_sink comp="2519" pin=0"/></net>

<net id="2528"><net_src comp="1971" pin="1"/><net_sink comp="2524" pin=0"/></net>

<net id="2533"><net_src comp="1971" pin="1"/><net_sink comp="2529" pin=0"/></net>

<net id="2538"><net_src comp="1971" pin="1"/><net_sink comp="2534" pin=0"/></net>

<net id="2543"><net_src comp="1971" pin="1"/><net_sink comp="2539" pin=0"/></net>

<net id="2548"><net_src comp="1971" pin="1"/><net_sink comp="2544" pin=0"/></net>

<net id="2553"><net_src comp="1971" pin="1"/><net_sink comp="2549" pin=0"/></net>

<net id="2558"><net_src comp="1971" pin="1"/><net_sink comp="2554" pin=0"/></net>

<net id="2563"><net_src comp="1971" pin="1"/><net_sink comp="2559" pin=0"/></net>

<net id="2568"><net_src comp="1971" pin="1"/><net_sink comp="2564" pin=0"/></net>

<net id="2573"><net_src comp="1971" pin="1"/><net_sink comp="2569" pin=0"/></net>

<net id="2578"><net_src comp="1971" pin="1"/><net_sink comp="2574" pin=0"/></net>

<net id="2583"><net_src comp="1971" pin="1"/><net_sink comp="2579" pin=0"/></net>

<net id="2588"><net_src comp="1971" pin="1"/><net_sink comp="2584" pin=0"/></net>

<net id="2593"><net_src comp="1971" pin="1"/><net_sink comp="2589" pin=0"/></net>

<net id="2598"><net_src comp="1971" pin="1"/><net_sink comp="2594" pin=0"/></net>

<net id="2603"><net_src comp="1971" pin="1"/><net_sink comp="2599" pin=0"/></net>

<net id="2608"><net_src comp="1971" pin="1"/><net_sink comp="2604" pin=0"/></net>

<net id="2613"><net_src comp="1971" pin="1"/><net_sink comp="2609" pin=0"/></net>

<net id="2618"><net_src comp="1971" pin="1"/><net_sink comp="2614" pin=0"/></net>

<net id="2623"><net_src comp="1971" pin="1"/><net_sink comp="2619" pin=0"/></net>

<net id="2628"><net_src comp="1971" pin="1"/><net_sink comp="2624" pin=0"/></net>

<net id="2633"><net_src comp="1971" pin="1"/><net_sink comp="2629" pin=0"/></net>

<net id="2638"><net_src comp="1971" pin="1"/><net_sink comp="2634" pin=0"/></net>

<net id="2643"><net_src comp="1971" pin="1"/><net_sink comp="2639" pin=0"/></net>

<net id="2648"><net_src comp="1971" pin="1"/><net_sink comp="2644" pin=0"/></net>

<net id="2653"><net_src comp="1971" pin="1"/><net_sink comp="2649" pin=0"/></net>

<net id="2658"><net_src comp="1971" pin="1"/><net_sink comp="2654" pin=0"/></net>

<net id="2663"><net_src comp="1971" pin="1"/><net_sink comp="2659" pin=0"/></net>

<net id="2668"><net_src comp="1971" pin="1"/><net_sink comp="2664" pin=0"/></net>

<net id="2673"><net_src comp="1971" pin="1"/><net_sink comp="2669" pin=0"/></net>

<net id="2678"><net_src comp="1971" pin="1"/><net_sink comp="2674" pin=0"/></net>

<net id="2683"><net_src comp="1971" pin="1"/><net_sink comp="2679" pin=0"/></net>

<net id="2688"><net_src comp="1971" pin="1"/><net_sink comp="2684" pin=0"/></net>

<net id="2693"><net_src comp="1971" pin="1"/><net_sink comp="2689" pin=0"/></net>

<net id="2698"><net_src comp="1971" pin="1"/><net_sink comp="2694" pin=0"/></net>

<net id="2702"><net_src comp="982" pin="2"/><net_sink comp="2699" pin=0"/></net>

<net id="2707"><net_src comp="1214" pin="1"/><net_sink comp="2703" pin=0"/></net>

<net id="2708"><net_src comp="42" pin="0"/><net_sink comp="2703" pin=1"/></net>

<net id="2713"><net_src comp="1214" pin="1"/><net_sink comp="2709" pin=0"/></net>

<net id="2714"><net_src comp="36" pin="0"/><net_sink comp="2709" pin=1"/></net>

<net id="2719"><net_src comp="2709" pin="2"/><net_sink comp="2715" pin=0"/></net>

<net id="2720"><net_src comp="358" pin="0"/><net_sink comp="2715" pin=1"/></net>

<net id="2725"><net_src comp="2709" pin="2"/><net_sink comp="2721" pin=0"/></net>

<net id="2730"><net_src comp="1220" pin="1"/><net_sink comp="2726" pin=0"/></net>

<net id="2731"><net_src comp="36" pin="0"/><net_sink comp="2726" pin=1"/></net>

<net id="2736"><net_src comp="2726" pin="2"/><net_sink comp="2732" pin=0"/></net>

<net id="2737"><net_src comp="360" pin="0"/><net_sink comp="2732" pin=1"/></net>

<net id="2743"><net_src comp="2732" pin="2"/><net_sink comp="2738" pin=0"/></net>

<net id="2744"><net_src comp="42" pin="0"/><net_sink comp="2738" pin=1"/></net>

<net id="2745"><net_src comp="2726" pin="2"/><net_sink comp="2738" pin=2"/></net>

<net id="2750"><net_src comp="2738" pin="3"/><net_sink comp="2746" pin=0"/></net>

<net id="2755"><net_src comp="42" pin="0"/><net_sink comp="2751" pin=0"/></net>

<net id="2760"><net_src comp="1229" pin="2"/><net_sink comp="2756" pin=0"/></net>

<net id="2767"><net_src comp="1193" pin="4"/><net_sink comp="2764" pin=0"/></net>

<net id="2776"><net_src comp="362" pin="0"/><net_sink comp="2771" pin=1"/></net>

<net id="2777"><net_src comp="2768" pin="1"/><net_sink comp="2771" pin=2"/></net>

<net id="2781"><net_src comp="2778" pin="1"/><net_sink comp="995" pin=2"/></net>

<net id="2782"><net_src comp="2778" pin="1"/><net_sink comp="1008" pin=2"/></net>

<net id="2783"><net_src comp="2778" pin="1"/><net_sink comp="1021" pin=2"/></net>

<net id="2784"><net_src comp="2778" pin="1"/><net_sink comp="1034" pin=2"/></net>

<net id="2785"><net_src comp="2778" pin="1"/><net_sink comp="1047" pin=2"/></net>

<net id="2786"><net_src comp="2778" pin="1"/><net_sink comp="1060" pin=2"/></net>

<net id="2787"><net_src comp="2778" pin="1"/><net_sink comp="1073" pin=2"/></net>

<net id="2788"><net_src comp="2778" pin="1"/><net_sink comp="1086" pin=2"/></net>

<net id="2789"><net_src comp="2778" pin="1"/><net_sink comp="1099" pin=2"/></net>

<net id="2790"><net_src comp="2778" pin="1"/><net_sink comp="1112" pin=2"/></net>

<net id="2791"><net_src comp="2778" pin="1"/><net_sink comp="1125" pin=2"/></net>

<net id="2792"><net_src comp="2778" pin="1"/><net_sink comp="1138" pin=2"/></net>

<net id="2793"><net_src comp="2778" pin="1"/><net_sink comp="1151" pin=2"/></net>

<net id="2794"><net_src comp="2778" pin="1"/><net_sink comp="1164" pin=2"/></net>

<net id="2795"><net_src comp="2778" pin="1"/><net_sink comp="1177" pin=2"/></net>

<net id="2799"><net_src comp="1002" pin="3"/><net_sink comp="2796" pin=0"/></net>

<net id="2804"><net_src comp="2796" pin="1"/><net_sink comp="2800" pin=1"/></net>

<net id="2808"><net_src comp="1015" pin="3"/><net_sink comp="2805" pin=0"/></net>

<net id="2813"><net_src comp="2805" pin="1"/><net_sink comp="2809" pin=1"/></net>

<net id="2817"><net_src comp="1028" pin="3"/><net_sink comp="2814" pin=0"/></net>

<net id="2822"><net_src comp="2814" pin="1"/><net_sink comp="2818" pin=1"/></net>

<net id="2826"><net_src comp="1041" pin="3"/><net_sink comp="2823" pin=0"/></net>

<net id="2831"><net_src comp="2823" pin="1"/><net_sink comp="2827" pin=1"/></net>

<net id="2835"><net_src comp="1054" pin="3"/><net_sink comp="2832" pin=0"/></net>

<net id="2840"><net_src comp="2832" pin="1"/><net_sink comp="2836" pin=1"/></net>

<net id="2844"><net_src comp="1067" pin="3"/><net_sink comp="2841" pin=0"/></net>

<net id="2849"><net_src comp="2841" pin="1"/><net_sink comp="2845" pin=1"/></net>

<net id="2853"><net_src comp="1080" pin="3"/><net_sink comp="2850" pin=0"/></net>

<net id="2858"><net_src comp="2850" pin="1"/><net_sink comp="2854" pin=1"/></net>

<net id="2862"><net_src comp="1093" pin="3"/><net_sink comp="2859" pin=0"/></net>

<net id="2867"><net_src comp="2859" pin="1"/><net_sink comp="2863" pin=1"/></net>

<net id="2871"><net_src comp="1106" pin="3"/><net_sink comp="2868" pin=0"/></net>

<net id="2876"><net_src comp="2868" pin="1"/><net_sink comp="2872" pin=1"/></net>

<net id="2880"><net_src comp="1119" pin="3"/><net_sink comp="2877" pin=0"/></net>

<net id="2885"><net_src comp="2877" pin="1"/><net_sink comp="2881" pin=1"/></net>

<net id="2889"><net_src comp="1132" pin="3"/><net_sink comp="2886" pin=0"/></net>

<net id="2894"><net_src comp="2886" pin="1"/><net_sink comp="2890" pin=1"/></net>

<net id="2898"><net_src comp="1145" pin="3"/><net_sink comp="2895" pin=0"/></net>

<net id="2903"><net_src comp="2895" pin="1"/><net_sink comp="2899" pin=1"/></net>

<net id="2907"><net_src comp="1158" pin="3"/><net_sink comp="2904" pin=0"/></net>

<net id="2912"><net_src comp="2904" pin="1"/><net_sink comp="2908" pin=1"/></net>

<net id="2916"><net_src comp="1171" pin="3"/><net_sink comp="2913" pin=0"/></net>

<net id="2921"><net_src comp="2913" pin="1"/><net_sink comp="2917" pin=1"/></net>

<net id="2925"><net_src comp="1184" pin="3"/><net_sink comp="2922" pin=0"/></net>

<net id="2930"><net_src comp="2922" pin="1"/><net_sink comp="2926" pin=1"/></net>

<net id="2939"><net_src comp="380" pin="0"/><net_sink comp="2935" pin=1"/></net>

<net id="2943"><net_src comp="2935" pin="2"/><net_sink comp="2940" pin=0"/></net>

<net id="2948"><net_src comp="380" pin="0"/><net_sink comp="2944" pin=1"/></net>

<net id="2952"><net_src comp="2944" pin="2"/><net_sink comp="2949" pin=0"/></net>

<net id="2957"><net_src comp="380" pin="0"/><net_sink comp="2953" pin=1"/></net>

<net id="2961"><net_src comp="2953" pin="2"/><net_sink comp="2958" pin=0"/></net>

<net id="2966"><net_src comp="380" pin="0"/><net_sink comp="2962" pin=1"/></net>

<net id="2970"><net_src comp="2962" pin="2"/><net_sink comp="2967" pin=0"/></net>

<net id="2975"><net_src comp="380" pin="0"/><net_sink comp="2971" pin=1"/></net>

<net id="2979"><net_src comp="2971" pin="2"/><net_sink comp="2976" pin=0"/></net>

<net id="2984"><net_src comp="380" pin="0"/><net_sink comp="2980" pin=1"/></net>

<net id="2988"><net_src comp="2980" pin="2"/><net_sink comp="2985" pin=0"/></net>

<net id="2993"><net_src comp="380" pin="0"/><net_sink comp="2989" pin=1"/></net>

<net id="2997"><net_src comp="2989" pin="2"/><net_sink comp="2994" pin=0"/></net>

<net id="3002"><net_src comp="380" pin="0"/><net_sink comp="2998" pin=1"/></net>

<net id="3006"><net_src comp="2998" pin="2"/><net_sink comp="3003" pin=0"/></net>

<net id="3011"><net_src comp="380" pin="0"/><net_sink comp="3007" pin=1"/></net>

<net id="3015"><net_src comp="3007" pin="2"/><net_sink comp="3012" pin=0"/></net>

<net id="3020"><net_src comp="380" pin="0"/><net_sink comp="3016" pin=1"/></net>

<net id="3024"><net_src comp="3016" pin="2"/><net_sink comp="3021" pin=0"/></net>

<net id="3029"><net_src comp="380" pin="0"/><net_sink comp="3025" pin=1"/></net>

<net id="3033"><net_src comp="3025" pin="2"/><net_sink comp="3030" pin=0"/></net>

<net id="3038"><net_src comp="380" pin="0"/><net_sink comp="3034" pin=1"/></net>

<net id="3042"><net_src comp="3034" pin="2"/><net_sink comp="3039" pin=0"/></net>

<net id="3047"><net_src comp="380" pin="0"/><net_sink comp="3043" pin=1"/></net>

<net id="3051"><net_src comp="3043" pin="2"/><net_sink comp="3048" pin=0"/></net>

<net id="3056"><net_src comp="380" pin="0"/><net_sink comp="3052" pin=1"/></net>

<net id="3060"><net_src comp="3052" pin="2"/><net_sink comp="3057" pin=0"/></net>

<net id="3065"><net_src comp="380" pin="0"/><net_sink comp="3061" pin=1"/></net>

<net id="3069"><net_src comp="3061" pin="2"/><net_sink comp="3066" pin=0"/></net>

<net id="3074"><net_src comp="2940" pin="1"/><net_sink comp="3070" pin=0"/></net>

<net id="3075"><net_src comp="2958" pin="1"/><net_sink comp="3070" pin=1"/></net>

<net id="3080"><net_src comp="3070" pin="2"/><net_sink comp="3076" pin=0"/></net>

<net id="3081"><net_src comp="2949" pin="1"/><net_sink comp="3076" pin=1"/></net>

<net id="3085"><net_src comp="3076" pin="2"/><net_sink comp="3082" pin=0"/></net>

<net id="3090"><net_src comp="2967" pin="1"/><net_sink comp="3086" pin=0"/></net>

<net id="3091"><net_src comp="2976" pin="1"/><net_sink comp="3086" pin=1"/></net>

<net id="3095"><net_src comp="3086" pin="2"/><net_sink comp="3092" pin=0"/></net>

<net id="3100"><net_src comp="2985" pin="1"/><net_sink comp="3096" pin=0"/></net>

<net id="3101"><net_src comp="2994" pin="1"/><net_sink comp="3096" pin=1"/></net>

<net id="3105"><net_src comp="3096" pin="2"/><net_sink comp="3102" pin=0"/></net>

<net id="3110"><net_src comp="3102" pin="1"/><net_sink comp="3106" pin=0"/></net>

<net id="3111"><net_src comp="3092" pin="1"/><net_sink comp="3106" pin=1"/></net>

<net id="3116"><net_src comp="3106" pin="2"/><net_sink comp="3112" pin=0"/></net>

<net id="3117"><net_src comp="3082" pin="1"/><net_sink comp="3112" pin=1"/></net>

<net id="3122"><net_src comp="3003" pin="1"/><net_sink comp="3118" pin=0"/></net>

<net id="3123"><net_src comp="3012" pin="1"/><net_sink comp="3118" pin=1"/></net>

<net id="3127"><net_src comp="3118" pin="2"/><net_sink comp="3124" pin=0"/></net>

<net id="3132"><net_src comp="3021" pin="1"/><net_sink comp="3128" pin=0"/></net>

<net id="3133"><net_src comp="3030" pin="1"/><net_sink comp="3128" pin=1"/></net>

<net id="3137"><net_src comp="3128" pin="2"/><net_sink comp="3134" pin=0"/></net>

<net id="3142"><net_src comp="3134" pin="1"/><net_sink comp="3138" pin=0"/></net>

<net id="3143"><net_src comp="3124" pin="1"/><net_sink comp="3138" pin=1"/></net>

<net id="3148"><net_src comp="3039" pin="1"/><net_sink comp="3144" pin=0"/></net>

<net id="3149"><net_src comp="3048" pin="1"/><net_sink comp="3144" pin=1"/></net>

<net id="3153"><net_src comp="3144" pin="2"/><net_sink comp="3150" pin=0"/></net>

<net id="3158"><net_src comp="3057" pin="1"/><net_sink comp="3154" pin=0"/></net>

<net id="3159"><net_src comp="3066" pin="1"/><net_sink comp="3154" pin=1"/></net>

<net id="3163"><net_src comp="3154" pin="2"/><net_sink comp="3160" pin=0"/></net>

<net id="3168"><net_src comp="3160" pin="1"/><net_sink comp="3164" pin=0"/></net>

<net id="3169"><net_src comp="3150" pin="1"/><net_sink comp="3164" pin=1"/></net>

<net id="3183"><net_src comp="3176" pin="1"/><net_sink comp="3179" pin=0"/></net>

<net id="3184"><net_src comp="3173" pin="1"/><net_sink comp="3179" pin=1"/></net>

<net id="3189"><net_src comp="3179" pin="2"/><net_sink comp="3185" pin=0"/></net>

<net id="3190"><net_src comp="3170" pin="1"/><net_sink comp="3185" pin=1"/></net>

<net id="3194"><net_src comp="3185" pin="2"/><net_sink comp="3191" pin=0"/></net>

<net id="3195"><net_src comp="3191" pin="1"/><net_sink comp="988" pin=2"/></net>

<net id="3201"><net_src comp="2764" pin="1"/><net_sink comp="3196" pin=0"/></net>

<net id="3202"><net_src comp="2761" pin="1"/><net_sink comp="3196" pin=1"/></net>

<net id="3203"><net_src comp="2771" pin="3"/><net_sink comp="3196" pin=2"/></net>

<net id="3204"><net_src comp="3196" pin="3"/><net_sink comp="2800" pin=0"/></net>

<net id="3205"><net_src comp="3196" pin="3"/><net_sink comp="2809" pin=0"/></net>

<net id="3206"><net_src comp="3196" pin="3"/><net_sink comp="2818" pin=0"/></net>

<net id="3207"><net_src comp="3196" pin="3"/><net_sink comp="2827" pin=0"/></net>

<net id="3208"><net_src comp="3196" pin="3"/><net_sink comp="2836" pin=0"/></net>

<net id="3209"><net_src comp="3196" pin="3"/><net_sink comp="2845" pin=0"/></net>

<net id="3210"><net_src comp="3196" pin="3"/><net_sink comp="2854" pin=0"/></net>

<net id="3211"><net_src comp="3196" pin="3"/><net_sink comp="2863" pin=0"/></net>

<net id="3212"><net_src comp="3196" pin="3"/><net_sink comp="2872" pin=0"/></net>

<net id="3213"><net_src comp="3196" pin="3"/><net_sink comp="2881" pin=0"/></net>

<net id="3214"><net_src comp="3196" pin="3"/><net_sink comp="2890" pin=0"/></net>

<net id="3215"><net_src comp="3196" pin="3"/><net_sink comp="2899" pin=0"/></net>

<net id="3216"><net_src comp="3196" pin="3"/><net_sink comp="2908" pin=0"/></net>

<net id="3217"><net_src comp="3196" pin="3"/><net_sink comp="2917" pin=0"/></net>

<net id="3218"><net_src comp="3196" pin="3"/><net_sink comp="2926" pin=0"/></net>

<net id="3219"><net_src comp="3196" pin="3"/><net_sink comp="2931" pin=0"/></net>

<net id="3223"><net_src comp="384" pin="1"/><net_sink comp="3220" pin=0"/></net>

<net id="3224"><net_src comp="3220" pin="1"/><net_sink comp="1209" pin=1"/></net>

<net id="3225"><net_src comp="3220" pin="1"/><net_sink comp="1214" pin=0"/></net>

<net id="3226"><net_src comp="3220" pin="1"/><net_sink comp="2721" pin=1"/></net>

<net id="3227"><net_src comp="3220" pin="1"/><net_sink comp="2751" pin=1"/></net>

<net id="3231"><net_src comp="388" pin="1"/><net_sink comp="3228" pin=0"/></net>

<net id="3232"><net_src comp="3228" pin="1"/><net_sink comp="1204" pin=1"/></net>

<net id="3233"><net_src comp="3228" pin="1"/><net_sink comp="1217" pin=0"/></net>

<net id="3234"><net_src comp="3228" pin="1"/><net_sink comp="2756" pin=1"/></net>

<net id="3238"><net_src comp="392" pin="1"/><net_sink comp="3235" pin=0"/></net>

<net id="3239"><net_src comp="3235" pin="1"/><net_sink comp="2768" pin=0"/></net>

<net id="3240"><net_src comp="3235" pin="1"/><net_sink comp="2931" pin=1"/></net>

<net id="3244"><net_src comp="396" pin="1"/><net_sink comp="3241" pin=0"/></net>

<net id="3245"><net_src comp="3241" pin="1"/><net_sink comp="1241" pin=0"/></net>

<net id="3246"><net_src comp="3241" pin="1"/><net_sink comp="2689" pin=1"/></net>

<net id="3250"><net_src comp="400" pin="1"/><net_sink comp="3247" pin=0"/></net>

<net id="3251"><net_src comp="3247" pin="1"/><net_sink comp="1244" pin=0"/></net>

<net id="3252"><net_src comp="3247" pin="1"/><net_sink comp="2684" pin=1"/></net>

<net id="3256"><net_src comp="404" pin="1"/><net_sink comp="3253" pin=0"/></net>

<net id="3257"><net_src comp="3253" pin="1"/><net_sink comp="1247" pin=0"/></net>

<net id="3258"><net_src comp="3253" pin="1"/><net_sink comp="2679" pin=1"/></net>

<net id="3262"><net_src comp="408" pin="1"/><net_sink comp="3259" pin=0"/></net>

<net id="3263"><net_src comp="3259" pin="1"/><net_sink comp="1250" pin=0"/></net>

<net id="3264"><net_src comp="3259" pin="1"/><net_sink comp="2674" pin=1"/></net>

<net id="3268"><net_src comp="412" pin="1"/><net_sink comp="3265" pin=0"/></net>

<net id="3269"><net_src comp="3265" pin="1"/><net_sink comp="1253" pin=0"/></net>

<net id="3270"><net_src comp="3265" pin="1"/><net_sink comp="2669" pin=1"/></net>

<net id="3274"><net_src comp="416" pin="1"/><net_sink comp="3271" pin=0"/></net>

<net id="3275"><net_src comp="3271" pin="1"/><net_sink comp="1256" pin=0"/></net>

<net id="3276"><net_src comp="3271" pin="1"/><net_sink comp="2664" pin=1"/></net>

<net id="3280"><net_src comp="420" pin="1"/><net_sink comp="3277" pin=0"/></net>

<net id="3281"><net_src comp="3277" pin="1"/><net_sink comp="1259" pin=0"/></net>

<net id="3282"><net_src comp="3277" pin="1"/><net_sink comp="2659" pin=1"/></net>

<net id="3286"><net_src comp="424" pin="1"/><net_sink comp="3283" pin=0"/></net>

<net id="3287"><net_src comp="3283" pin="1"/><net_sink comp="1262" pin=0"/></net>

<net id="3288"><net_src comp="3283" pin="1"/><net_sink comp="2654" pin=1"/></net>

<net id="3292"><net_src comp="428" pin="1"/><net_sink comp="3289" pin=0"/></net>

<net id="3293"><net_src comp="3289" pin="1"/><net_sink comp="1265" pin=0"/></net>

<net id="3294"><net_src comp="3289" pin="1"/><net_sink comp="2649" pin=1"/></net>

<net id="3298"><net_src comp="432" pin="1"/><net_sink comp="3295" pin=0"/></net>

<net id="3299"><net_src comp="3295" pin="1"/><net_sink comp="1268" pin=0"/></net>

<net id="3300"><net_src comp="3295" pin="1"/><net_sink comp="2644" pin=1"/></net>

<net id="3304"><net_src comp="436" pin="1"/><net_sink comp="3301" pin=0"/></net>

<net id="3305"><net_src comp="3301" pin="1"/><net_sink comp="1271" pin=0"/></net>

<net id="3306"><net_src comp="3301" pin="1"/><net_sink comp="2639" pin=1"/></net>

<net id="3310"><net_src comp="440" pin="1"/><net_sink comp="3307" pin=0"/></net>

<net id="3311"><net_src comp="3307" pin="1"/><net_sink comp="1274" pin=0"/></net>

<net id="3312"><net_src comp="3307" pin="1"/><net_sink comp="2634" pin=1"/></net>

<net id="3316"><net_src comp="444" pin="1"/><net_sink comp="3313" pin=0"/></net>

<net id="3317"><net_src comp="3313" pin="1"/><net_sink comp="1277" pin=0"/></net>

<net id="3318"><net_src comp="3313" pin="1"/><net_sink comp="2629" pin=1"/></net>

<net id="3322"><net_src comp="448" pin="1"/><net_sink comp="3319" pin=0"/></net>

<net id="3323"><net_src comp="3319" pin="1"/><net_sink comp="1280" pin=0"/></net>

<net id="3324"><net_src comp="3319" pin="1"/><net_sink comp="2624" pin=1"/></net>

<net id="3328"><net_src comp="452" pin="1"/><net_sink comp="3325" pin=0"/></net>

<net id="3329"><net_src comp="3325" pin="1"/><net_sink comp="1283" pin=0"/></net>

<net id="3330"><net_src comp="3325" pin="1"/><net_sink comp="2619" pin=1"/></net>

<net id="3334"><net_src comp="456" pin="1"/><net_sink comp="3331" pin=0"/></net>

<net id="3335"><net_src comp="3331" pin="1"/><net_sink comp="1286" pin=0"/></net>

<net id="3336"><net_src comp="3331" pin="1"/><net_sink comp="2614" pin=1"/></net>

<net id="3340"><net_src comp="460" pin="1"/><net_sink comp="3337" pin=0"/></net>

<net id="3341"><net_src comp="3337" pin="1"/><net_sink comp="1289" pin=0"/></net>

<net id="3342"><net_src comp="3337" pin="1"/><net_sink comp="2609" pin=1"/></net>

<net id="3346"><net_src comp="464" pin="1"/><net_sink comp="3343" pin=0"/></net>

<net id="3347"><net_src comp="3343" pin="1"/><net_sink comp="1292" pin=0"/></net>

<net id="3348"><net_src comp="3343" pin="1"/><net_sink comp="2604" pin=1"/></net>

<net id="3352"><net_src comp="468" pin="1"/><net_sink comp="3349" pin=0"/></net>

<net id="3353"><net_src comp="3349" pin="1"/><net_sink comp="1295" pin=0"/></net>

<net id="3354"><net_src comp="3349" pin="1"/><net_sink comp="2599" pin=1"/></net>

<net id="3358"><net_src comp="472" pin="1"/><net_sink comp="3355" pin=0"/></net>

<net id="3359"><net_src comp="3355" pin="1"/><net_sink comp="1298" pin=0"/></net>

<net id="3360"><net_src comp="3355" pin="1"/><net_sink comp="2594" pin=1"/></net>

<net id="3364"><net_src comp="476" pin="1"/><net_sink comp="3361" pin=0"/></net>

<net id="3365"><net_src comp="3361" pin="1"/><net_sink comp="1301" pin=0"/></net>

<net id="3366"><net_src comp="3361" pin="1"/><net_sink comp="2589" pin=1"/></net>

<net id="3370"><net_src comp="480" pin="1"/><net_sink comp="3367" pin=0"/></net>

<net id="3371"><net_src comp="3367" pin="1"/><net_sink comp="1304" pin=0"/></net>

<net id="3372"><net_src comp="3367" pin="1"/><net_sink comp="2584" pin=1"/></net>

<net id="3376"><net_src comp="484" pin="1"/><net_sink comp="3373" pin=0"/></net>

<net id="3377"><net_src comp="3373" pin="1"/><net_sink comp="1307" pin=0"/></net>

<net id="3378"><net_src comp="3373" pin="1"/><net_sink comp="2579" pin=1"/></net>

<net id="3382"><net_src comp="488" pin="1"/><net_sink comp="3379" pin=0"/></net>

<net id="3383"><net_src comp="3379" pin="1"/><net_sink comp="1310" pin=0"/></net>

<net id="3384"><net_src comp="3379" pin="1"/><net_sink comp="2574" pin=1"/></net>

<net id="3388"><net_src comp="492" pin="1"/><net_sink comp="3385" pin=0"/></net>

<net id="3389"><net_src comp="3385" pin="1"/><net_sink comp="1313" pin=0"/></net>

<net id="3390"><net_src comp="3385" pin="1"/><net_sink comp="2569" pin=1"/></net>

<net id="3394"><net_src comp="496" pin="1"/><net_sink comp="3391" pin=0"/></net>

<net id="3395"><net_src comp="3391" pin="1"/><net_sink comp="1316" pin=0"/></net>

<net id="3396"><net_src comp="3391" pin="1"/><net_sink comp="2564" pin=1"/></net>

<net id="3400"><net_src comp="500" pin="1"/><net_sink comp="3397" pin=0"/></net>

<net id="3401"><net_src comp="3397" pin="1"/><net_sink comp="1319" pin=0"/></net>

<net id="3402"><net_src comp="3397" pin="1"/><net_sink comp="2559" pin=1"/></net>

<net id="3406"><net_src comp="504" pin="1"/><net_sink comp="3403" pin=0"/></net>

<net id="3407"><net_src comp="3403" pin="1"/><net_sink comp="1322" pin=0"/></net>

<net id="3408"><net_src comp="3403" pin="1"/><net_sink comp="2554" pin=1"/></net>

<net id="3412"><net_src comp="508" pin="1"/><net_sink comp="3409" pin=0"/></net>

<net id="3413"><net_src comp="3409" pin="1"/><net_sink comp="1325" pin=0"/></net>

<net id="3414"><net_src comp="3409" pin="1"/><net_sink comp="2549" pin=1"/></net>

<net id="3418"><net_src comp="512" pin="1"/><net_sink comp="3415" pin=0"/></net>

<net id="3419"><net_src comp="3415" pin="1"/><net_sink comp="1328" pin=0"/></net>

<net id="3420"><net_src comp="3415" pin="1"/><net_sink comp="2544" pin=1"/></net>

<net id="3424"><net_src comp="516" pin="1"/><net_sink comp="3421" pin=0"/></net>

<net id="3425"><net_src comp="3421" pin="1"/><net_sink comp="1331" pin=0"/></net>

<net id="3426"><net_src comp="3421" pin="1"/><net_sink comp="2539" pin=1"/></net>

<net id="3430"><net_src comp="520" pin="1"/><net_sink comp="3427" pin=0"/></net>

<net id="3431"><net_src comp="3427" pin="1"/><net_sink comp="1334" pin=0"/></net>

<net id="3432"><net_src comp="3427" pin="1"/><net_sink comp="2534" pin=1"/></net>

<net id="3436"><net_src comp="524" pin="1"/><net_sink comp="3433" pin=0"/></net>

<net id="3437"><net_src comp="3433" pin="1"/><net_sink comp="1337" pin=0"/></net>

<net id="3438"><net_src comp="3433" pin="1"/><net_sink comp="2529" pin=1"/></net>

<net id="3442"><net_src comp="528" pin="1"/><net_sink comp="3439" pin=0"/></net>

<net id="3443"><net_src comp="3439" pin="1"/><net_sink comp="1340" pin=0"/></net>

<net id="3444"><net_src comp="3439" pin="1"/><net_sink comp="2524" pin=1"/></net>

<net id="3448"><net_src comp="532" pin="1"/><net_sink comp="3445" pin=0"/></net>

<net id="3449"><net_src comp="3445" pin="1"/><net_sink comp="1343" pin=0"/></net>

<net id="3450"><net_src comp="3445" pin="1"/><net_sink comp="2519" pin=1"/></net>

<net id="3454"><net_src comp="536" pin="1"/><net_sink comp="3451" pin=0"/></net>

<net id="3455"><net_src comp="3451" pin="1"/><net_sink comp="1346" pin=0"/></net>

<net id="3456"><net_src comp="3451" pin="1"/><net_sink comp="2514" pin=1"/></net>

<net id="3460"><net_src comp="540" pin="1"/><net_sink comp="3457" pin=0"/></net>

<net id="3461"><net_src comp="3457" pin="1"/><net_sink comp="1349" pin=0"/></net>

<net id="3462"><net_src comp="3457" pin="1"/><net_sink comp="2509" pin=1"/></net>

<net id="3466"><net_src comp="544" pin="1"/><net_sink comp="3463" pin=0"/></net>

<net id="3467"><net_src comp="3463" pin="1"/><net_sink comp="1352" pin=0"/></net>

<net id="3468"><net_src comp="3463" pin="1"/><net_sink comp="2504" pin=1"/></net>

<net id="3472"><net_src comp="548" pin="1"/><net_sink comp="3469" pin=0"/></net>

<net id="3473"><net_src comp="3469" pin="1"/><net_sink comp="1355" pin=0"/></net>

<net id="3474"><net_src comp="3469" pin="1"/><net_sink comp="2499" pin=1"/></net>

<net id="3478"><net_src comp="552" pin="1"/><net_sink comp="3475" pin=0"/></net>

<net id="3479"><net_src comp="3475" pin="1"/><net_sink comp="1358" pin=0"/></net>

<net id="3480"><net_src comp="3475" pin="1"/><net_sink comp="2494" pin=1"/></net>

<net id="3484"><net_src comp="556" pin="1"/><net_sink comp="3481" pin=0"/></net>

<net id="3485"><net_src comp="3481" pin="1"/><net_sink comp="1361" pin=0"/></net>

<net id="3486"><net_src comp="3481" pin="1"/><net_sink comp="2489" pin=1"/></net>

<net id="3490"><net_src comp="560" pin="1"/><net_sink comp="3487" pin=0"/></net>

<net id="3491"><net_src comp="3487" pin="1"/><net_sink comp="1364" pin=0"/></net>

<net id="3492"><net_src comp="3487" pin="1"/><net_sink comp="2484" pin=1"/></net>

<net id="3496"><net_src comp="564" pin="1"/><net_sink comp="3493" pin=0"/></net>

<net id="3497"><net_src comp="3493" pin="1"/><net_sink comp="1367" pin=0"/></net>

<net id="3498"><net_src comp="3493" pin="1"/><net_sink comp="2479" pin=1"/></net>

<net id="3502"><net_src comp="568" pin="1"/><net_sink comp="3499" pin=0"/></net>

<net id="3503"><net_src comp="3499" pin="1"/><net_sink comp="1370" pin=0"/></net>

<net id="3504"><net_src comp="3499" pin="1"/><net_sink comp="2474" pin=1"/></net>

<net id="3508"><net_src comp="572" pin="1"/><net_sink comp="3505" pin=0"/></net>

<net id="3509"><net_src comp="3505" pin="1"/><net_sink comp="1373" pin=0"/></net>

<net id="3510"><net_src comp="3505" pin="1"/><net_sink comp="2469" pin=1"/></net>

<net id="3514"><net_src comp="576" pin="1"/><net_sink comp="3511" pin=0"/></net>

<net id="3515"><net_src comp="3511" pin="1"/><net_sink comp="1376" pin=0"/></net>

<net id="3516"><net_src comp="3511" pin="1"/><net_sink comp="2464" pin=1"/></net>

<net id="3520"><net_src comp="580" pin="1"/><net_sink comp="3517" pin=0"/></net>

<net id="3521"><net_src comp="3517" pin="1"/><net_sink comp="1379" pin=0"/></net>

<net id="3522"><net_src comp="3517" pin="1"/><net_sink comp="2459" pin=1"/></net>

<net id="3526"><net_src comp="584" pin="1"/><net_sink comp="3523" pin=0"/></net>

<net id="3527"><net_src comp="3523" pin="1"/><net_sink comp="1382" pin=0"/></net>

<net id="3528"><net_src comp="3523" pin="1"/><net_sink comp="2454" pin=1"/></net>

<net id="3532"><net_src comp="588" pin="1"/><net_sink comp="3529" pin=0"/></net>

<net id="3533"><net_src comp="3529" pin="1"/><net_sink comp="1385" pin=0"/></net>

<net id="3534"><net_src comp="3529" pin="1"/><net_sink comp="2449" pin=1"/></net>

<net id="3538"><net_src comp="592" pin="1"/><net_sink comp="3535" pin=0"/></net>

<net id="3539"><net_src comp="3535" pin="1"/><net_sink comp="1388" pin=0"/></net>

<net id="3540"><net_src comp="3535" pin="1"/><net_sink comp="2444" pin=1"/></net>

<net id="3544"><net_src comp="596" pin="1"/><net_sink comp="3541" pin=0"/></net>

<net id="3545"><net_src comp="3541" pin="1"/><net_sink comp="1391" pin=0"/></net>

<net id="3546"><net_src comp="3541" pin="1"/><net_sink comp="2439" pin=1"/></net>

<net id="3550"><net_src comp="600" pin="1"/><net_sink comp="3547" pin=0"/></net>

<net id="3551"><net_src comp="3547" pin="1"/><net_sink comp="1394" pin=0"/></net>

<net id="3552"><net_src comp="3547" pin="1"/><net_sink comp="2434" pin=1"/></net>

<net id="3556"><net_src comp="604" pin="1"/><net_sink comp="3553" pin=0"/></net>

<net id="3557"><net_src comp="3553" pin="1"/><net_sink comp="1397" pin=0"/></net>

<net id="3558"><net_src comp="3553" pin="1"/><net_sink comp="2429" pin=1"/></net>

<net id="3562"><net_src comp="608" pin="1"/><net_sink comp="3559" pin=0"/></net>

<net id="3563"><net_src comp="3559" pin="1"/><net_sink comp="1400" pin=0"/></net>

<net id="3564"><net_src comp="3559" pin="1"/><net_sink comp="2424" pin=1"/></net>

<net id="3568"><net_src comp="612" pin="1"/><net_sink comp="3565" pin=0"/></net>

<net id="3569"><net_src comp="3565" pin="1"/><net_sink comp="1403" pin=0"/></net>

<net id="3570"><net_src comp="3565" pin="1"/><net_sink comp="2419" pin=1"/></net>

<net id="3574"><net_src comp="616" pin="1"/><net_sink comp="3571" pin=0"/></net>

<net id="3575"><net_src comp="3571" pin="1"/><net_sink comp="1406" pin=0"/></net>

<net id="3576"><net_src comp="3571" pin="1"/><net_sink comp="2414" pin=1"/></net>

<net id="3580"><net_src comp="620" pin="1"/><net_sink comp="3577" pin=0"/></net>

<net id="3581"><net_src comp="3577" pin="1"/><net_sink comp="1409" pin=0"/></net>

<net id="3582"><net_src comp="3577" pin="1"/><net_sink comp="2409" pin=1"/></net>

<net id="3586"><net_src comp="624" pin="1"/><net_sink comp="3583" pin=0"/></net>

<net id="3587"><net_src comp="3583" pin="1"/><net_sink comp="1412" pin=0"/></net>

<net id="3588"><net_src comp="3583" pin="1"/><net_sink comp="2404" pin=1"/></net>

<net id="3592"><net_src comp="628" pin="1"/><net_sink comp="3589" pin=0"/></net>

<net id="3593"><net_src comp="3589" pin="1"/><net_sink comp="1415" pin=0"/></net>

<net id="3594"><net_src comp="3589" pin="1"/><net_sink comp="2399" pin=1"/></net>

<net id="3598"><net_src comp="632" pin="1"/><net_sink comp="3595" pin=0"/></net>

<net id="3599"><net_src comp="3595" pin="1"/><net_sink comp="1418" pin=0"/></net>

<net id="3600"><net_src comp="3595" pin="1"/><net_sink comp="2394" pin=1"/></net>

<net id="3604"><net_src comp="636" pin="1"/><net_sink comp="3601" pin=0"/></net>

<net id="3605"><net_src comp="3601" pin="1"/><net_sink comp="1421" pin=0"/></net>

<net id="3606"><net_src comp="3601" pin="1"/><net_sink comp="2389" pin=1"/></net>

<net id="3610"><net_src comp="640" pin="1"/><net_sink comp="3607" pin=0"/></net>

<net id="3611"><net_src comp="3607" pin="1"/><net_sink comp="1424" pin=0"/></net>

<net id="3612"><net_src comp="3607" pin="1"/><net_sink comp="2384" pin=1"/></net>

<net id="3616"><net_src comp="644" pin="1"/><net_sink comp="3613" pin=0"/></net>

<net id="3617"><net_src comp="3613" pin="1"/><net_sink comp="1427" pin=0"/></net>

<net id="3618"><net_src comp="3613" pin="1"/><net_sink comp="2379" pin=1"/></net>

<net id="3622"><net_src comp="648" pin="1"/><net_sink comp="3619" pin=0"/></net>

<net id="3623"><net_src comp="3619" pin="1"/><net_sink comp="1430" pin=0"/></net>

<net id="3624"><net_src comp="3619" pin="1"/><net_sink comp="2374" pin=1"/></net>

<net id="3628"><net_src comp="652" pin="1"/><net_sink comp="3625" pin=0"/></net>

<net id="3629"><net_src comp="3625" pin="1"/><net_sink comp="1433" pin=0"/></net>

<net id="3630"><net_src comp="3625" pin="1"/><net_sink comp="2369" pin=1"/></net>

<net id="3634"><net_src comp="656" pin="1"/><net_sink comp="3631" pin=0"/></net>

<net id="3635"><net_src comp="3631" pin="1"/><net_sink comp="1436" pin=0"/></net>

<net id="3636"><net_src comp="3631" pin="1"/><net_sink comp="2364" pin=1"/></net>

<net id="3640"><net_src comp="660" pin="1"/><net_sink comp="3637" pin=0"/></net>

<net id="3641"><net_src comp="3637" pin="1"/><net_sink comp="1439" pin=0"/></net>

<net id="3642"><net_src comp="3637" pin="1"/><net_sink comp="2359" pin=1"/></net>

<net id="3646"><net_src comp="664" pin="1"/><net_sink comp="3643" pin=0"/></net>

<net id="3647"><net_src comp="3643" pin="1"/><net_sink comp="1442" pin=0"/></net>

<net id="3648"><net_src comp="3643" pin="1"/><net_sink comp="2354" pin=1"/></net>

<net id="3652"><net_src comp="668" pin="1"/><net_sink comp="3649" pin=0"/></net>

<net id="3653"><net_src comp="3649" pin="1"/><net_sink comp="1445" pin=0"/></net>

<net id="3654"><net_src comp="3649" pin="1"/><net_sink comp="2349" pin=1"/></net>

<net id="3658"><net_src comp="672" pin="1"/><net_sink comp="3655" pin=0"/></net>

<net id="3659"><net_src comp="3655" pin="1"/><net_sink comp="1448" pin=0"/></net>

<net id="3660"><net_src comp="3655" pin="1"/><net_sink comp="2344" pin=1"/></net>

<net id="3664"><net_src comp="676" pin="1"/><net_sink comp="3661" pin=0"/></net>

<net id="3665"><net_src comp="3661" pin="1"/><net_sink comp="1451" pin=0"/></net>

<net id="3666"><net_src comp="3661" pin="1"/><net_sink comp="2339" pin=1"/></net>

<net id="3670"><net_src comp="680" pin="1"/><net_sink comp="3667" pin=0"/></net>

<net id="3671"><net_src comp="3667" pin="1"/><net_sink comp="1454" pin=0"/></net>

<net id="3672"><net_src comp="3667" pin="1"/><net_sink comp="2334" pin=1"/></net>

<net id="3676"><net_src comp="684" pin="1"/><net_sink comp="3673" pin=0"/></net>

<net id="3677"><net_src comp="3673" pin="1"/><net_sink comp="1457" pin=0"/></net>

<net id="3678"><net_src comp="3673" pin="1"/><net_sink comp="2329" pin=1"/></net>

<net id="3682"><net_src comp="688" pin="1"/><net_sink comp="3679" pin=0"/></net>

<net id="3683"><net_src comp="3679" pin="1"/><net_sink comp="1460" pin=0"/></net>

<net id="3684"><net_src comp="3679" pin="1"/><net_sink comp="2324" pin=1"/></net>

<net id="3688"><net_src comp="692" pin="1"/><net_sink comp="3685" pin=0"/></net>

<net id="3689"><net_src comp="3685" pin="1"/><net_sink comp="1463" pin=0"/></net>

<net id="3690"><net_src comp="3685" pin="1"/><net_sink comp="2319" pin=1"/></net>

<net id="3694"><net_src comp="696" pin="1"/><net_sink comp="3691" pin=0"/></net>

<net id="3695"><net_src comp="3691" pin="1"/><net_sink comp="1466" pin=0"/></net>

<net id="3696"><net_src comp="3691" pin="1"/><net_sink comp="2314" pin=1"/></net>

<net id="3700"><net_src comp="700" pin="1"/><net_sink comp="3697" pin=0"/></net>

<net id="3701"><net_src comp="3697" pin="1"/><net_sink comp="1469" pin=0"/></net>

<net id="3702"><net_src comp="3697" pin="1"/><net_sink comp="2309" pin=1"/></net>

<net id="3706"><net_src comp="704" pin="1"/><net_sink comp="3703" pin=0"/></net>

<net id="3707"><net_src comp="3703" pin="1"/><net_sink comp="1472" pin=0"/></net>

<net id="3708"><net_src comp="3703" pin="1"/><net_sink comp="2304" pin=1"/></net>

<net id="3712"><net_src comp="708" pin="1"/><net_sink comp="3709" pin=0"/></net>

<net id="3713"><net_src comp="3709" pin="1"/><net_sink comp="1475" pin=0"/></net>

<net id="3714"><net_src comp="3709" pin="1"/><net_sink comp="2299" pin=1"/></net>

<net id="3718"><net_src comp="712" pin="1"/><net_sink comp="3715" pin=0"/></net>

<net id="3719"><net_src comp="3715" pin="1"/><net_sink comp="1478" pin=0"/></net>

<net id="3720"><net_src comp="3715" pin="1"/><net_sink comp="2294" pin=1"/></net>

<net id="3724"><net_src comp="716" pin="1"/><net_sink comp="3721" pin=0"/></net>

<net id="3725"><net_src comp="3721" pin="1"/><net_sink comp="1481" pin=0"/></net>

<net id="3726"><net_src comp="3721" pin="1"/><net_sink comp="2289" pin=1"/></net>

<net id="3730"><net_src comp="720" pin="1"/><net_sink comp="3727" pin=0"/></net>

<net id="3731"><net_src comp="3727" pin="1"/><net_sink comp="1484" pin=0"/></net>

<net id="3732"><net_src comp="3727" pin="1"/><net_sink comp="2284" pin=1"/></net>

<net id="3736"><net_src comp="724" pin="1"/><net_sink comp="3733" pin=0"/></net>

<net id="3737"><net_src comp="3733" pin="1"/><net_sink comp="1487" pin=0"/></net>

<net id="3738"><net_src comp="3733" pin="1"/><net_sink comp="2279" pin=1"/></net>

<net id="3742"><net_src comp="728" pin="1"/><net_sink comp="3739" pin=0"/></net>

<net id="3743"><net_src comp="3739" pin="1"/><net_sink comp="1490" pin=0"/></net>

<net id="3744"><net_src comp="3739" pin="1"/><net_sink comp="2274" pin=1"/></net>

<net id="3748"><net_src comp="732" pin="1"/><net_sink comp="3745" pin=0"/></net>

<net id="3749"><net_src comp="3745" pin="1"/><net_sink comp="1493" pin=0"/></net>

<net id="3750"><net_src comp="3745" pin="1"/><net_sink comp="2269" pin=1"/></net>

<net id="3754"><net_src comp="736" pin="1"/><net_sink comp="3751" pin=0"/></net>

<net id="3755"><net_src comp="3751" pin="1"/><net_sink comp="1496" pin=0"/></net>

<net id="3756"><net_src comp="3751" pin="1"/><net_sink comp="2264" pin=1"/></net>

<net id="3760"><net_src comp="740" pin="1"/><net_sink comp="3757" pin=0"/></net>

<net id="3761"><net_src comp="3757" pin="1"/><net_sink comp="1499" pin=0"/></net>

<net id="3762"><net_src comp="3757" pin="1"/><net_sink comp="2259" pin=1"/></net>

<net id="3766"><net_src comp="744" pin="1"/><net_sink comp="3763" pin=0"/></net>

<net id="3767"><net_src comp="3763" pin="1"/><net_sink comp="1502" pin=0"/></net>

<net id="3768"><net_src comp="3763" pin="1"/><net_sink comp="2254" pin=1"/></net>

<net id="3772"><net_src comp="748" pin="1"/><net_sink comp="3769" pin=0"/></net>

<net id="3773"><net_src comp="3769" pin="1"/><net_sink comp="1505" pin=0"/></net>

<net id="3774"><net_src comp="3769" pin="1"/><net_sink comp="2249" pin=1"/></net>

<net id="3778"><net_src comp="752" pin="1"/><net_sink comp="3775" pin=0"/></net>

<net id="3779"><net_src comp="3775" pin="1"/><net_sink comp="1508" pin=0"/></net>

<net id="3780"><net_src comp="3775" pin="1"/><net_sink comp="2244" pin=1"/></net>

<net id="3784"><net_src comp="756" pin="1"/><net_sink comp="3781" pin=0"/></net>

<net id="3785"><net_src comp="3781" pin="1"/><net_sink comp="1511" pin=0"/></net>

<net id="3786"><net_src comp="3781" pin="1"/><net_sink comp="2239" pin=1"/></net>

<net id="3790"><net_src comp="760" pin="1"/><net_sink comp="3787" pin=0"/></net>

<net id="3791"><net_src comp="3787" pin="1"/><net_sink comp="1514" pin=0"/></net>

<net id="3792"><net_src comp="3787" pin="1"/><net_sink comp="2234" pin=1"/></net>

<net id="3796"><net_src comp="764" pin="1"/><net_sink comp="3793" pin=0"/></net>

<net id="3797"><net_src comp="3793" pin="1"/><net_sink comp="1517" pin=0"/></net>

<net id="3798"><net_src comp="3793" pin="1"/><net_sink comp="2229" pin=1"/></net>

<net id="3802"><net_src comp="768" pin="1"/><net_sink comp="3799" pin=0"/></net>

<net id="3803"><net_src comp="3799" pin="1"/><net_sink comp="1520" pin=0"/></net>

<net id="3804"><net_src comp="3799" pin="1"/><net_sink comp="2224" pin=1"/></net>

<net id="3808"><net_src comp="772" pin="1"/><net_sink comp="3805" pin=0"/></net>

<net id="3809"><net_src comp="3805" pin="1"/><net_sink comp="1523" pin=0"/></net>

<net id="3810"><net_src comp="3805" pin="1"/><net_sink comp="2219" pin=1"/></net>

<net id="3814"><net_src comp="776" pin="1"/><net_sink comp="3811" pin=0"/></net>

<net id="3815"><net_src comp="3811" pin="1"/><net_sink comp="1526" pin=0"/></net>

<net id="3816"><net_src comp="3811" pin="1"/><net_sink comp="2214" pin=1"/></net>

<net id="3820"><net_src comp="780" pin="1"/><net_sink comp="3817" pin=0"/></net>

<net id="3821"><net_src comp="3817" pin="1"/><net_sink comp="1529" pin=0"/></net>

<net id="3822"><net_src comp="3817" pin="1"/><net_sink comp="2209" pin=1"/></net>

<net id="3826"><net_src comp="784" pin="1"/><net_sink comp="3823" pin=0"/></net>

<net id="3827"><net_src comp="3823" pin="1"/><net_sink comp="1532" pin=0"/></net>

<net id="3828"><net_src comp="3823" pin="1"/><net_sink comp="2204" pin=1"/></net>

<net id="3832"><net_src comp="788" pin="1"/><net_sink comp="3829" pin=0"/></net>

<net id="3833"><net_src comp="3829" pin="1"/><net_sink comp="1535" pin=0"/></net>

<net id="3834"><net_src comp="3829" pin="1"/><net_sink comp="2199" pin=1"/></net>

<net id="3838"><net_src comp="792" pin="1"/><net_sink comp="3835" pin=0"/></net>

<net id="3839"><net_src comp="3835" pin="1"/><net_sink comp="1538" pin=0"/></net>

<net id="3840"><net_src comp="3835" pin="1"/><net_sink comp="2194" pin=1"/></net>

<net id="3844"><net_src comp="796" pin="1"/><net_sink comp="3841" pin=0"/></net>

<net id="3845"><net_src comp="3841" pin="1"/><net_sink comp="1541" pin=0"/></net>

<net id="3846"><net_src comp="3841" pin="1"/><net_sink comp="2189" pin=1"/></net>

<net id="3850"><net_src comp="800" pin="1"/><net_sink comp="3847" pin=0"/></net>

<net id="3851"><net_src comp="3847" pin="1"/><net_sink comp="1544" pin=0"/></net>

<net id="3852"><net_src comp="3847" pin="1"/><net_sink comp="2184" pin=1"/></net>

<net id="3856"><net_src comp="804" pin="1"/><net_sink comp="3853" pin=0"/></net>

<net id="3857"><net_src comp="3853" pin="1"/><net_sink comp="1547" pin=0"/></net>

<net id="3858"><net_src comp="3853" pin="1"/><net_sink comp="2179" pin=1"/></net>

<net id="3862"><net_src comp="808" pin="1"/><net_sink comp="3859" pin=0"/></net>

<net id="3863"><net_src comp="3859" pin="1"/><net_sink comp="1550" pin=0"/></net>

<net id="3864"><net_src comp="3859" pin="1"/><net_sink comp="2174" pin=1"/></net>

<net id="3868"><net_src comp="812" pin="1"/><net_sink comp="3865" pin=0"/></net>

<net id="3869"><net_src comp="3865" pin="1"/><net_sink comp="1553" pin=0"/></net>

<net id="3870"><net_src comp="3865" pin="1"/><net_sink comp="2169" pin=1"/></net>

<net id="3874"><net_src comp="816" pin="1"/><net_sink comp="3871" pin=0"/></net>

<net id="3875"><net_src comp="3871" pin="1"/><net_sink comp="1556" pin=0"/></net>

<net id="3876"><net_src comp="3871" pin="1"/><net_sink comp="2164" pin=1"/></net>

<net id="3880"><net_src comp="820" pin="1"/><net_sink comp="3877" pin=0"/></net>

<net id="3881"><net_src comp="3877" pin="1"/><net_sink comp="1559" pin=0"/></net>

<net id="3882"><net_src comp="3877" pin="1"/><net_sink comp="2159" pin=1"/></net>

<net id="3886"><net_src comp="824" pin="1"/><net_sink comp="3883" pin=0"/></net>

<net id="3887"><net_src comp="3883" pin="1"/><net_sink comp="1562" pin=0"/></net>

<net id="3888"><net_src comp="3883" pin="1"/><net_sink comp="2154" pin=1"/></net>

<net id="3892"><net_src comp="828" pin="1"/><net_sink comp="3889" pin=0"/></net>

<net id="3893"><net_src comp="3889" pin="1"/><net_sink comp="1565" pin=0"/></net>

<net id="3894"><net_src comp="3889" pin="1"/><net_sink comp="2149" pin=1"/></net>

<net id="3898"><net_src comp="832" pin="1"/><net_sink comp="3895" pin=0"/></net>

<net id="3899"><net_src comp="3895" pin="1"/><net_sink comp="1568" pin=0"/></net>

<net id="3900"><net_src comp="3895" pin="1"/><net_sink comp="2144" pin=1"/></net>

<net id="3904"><net_src comp="836" pin="1"/><net_sink comp="3901" pin=0"/></net>

<net id="3905"><net_src comp="3901" pin="1"/><net_sink comp="1571" pin=0"/></net>

<net id="3906"><net_src comp="3901" pin="1"/><net_sink comp="2139" pin=1"/></net>

<net id="3910"><net_src comp="840" pin="1"/><net_sink comp="3907" pin=0"/></net>

<net id="3911"><net_src comp="3907" pin="1"/><net_sink comp="1574" pin=0"/></net>

<net id="3912"><net_src comp="3907" pin="1"/><net_sink comp="2134" pin=1"/></net>

<net id="3916"><net_src comp="844" pin="1"/><net_sink comp="3913" pin=0"/></net>

<net id="3917"><net_src comp="3913" pin="1"/><net_sink comp="1577" pin=0"/></net>

<net id="3918"><net_src comp="3913" pin="1"/><net_sink comp="2129" pin=1"/></net>

<net id="3922"><net_src comp="848" pin="1"/><net_sink comp="3919" pin=0"/></net>

<net id="3923"><net_src comp="3919" pin="1"/><net_sink comp="1580" pin=0"/></net>

<net id="3924"><net_src comp="3919" pin="1"/><net_sink comp="2124" pin=1"/></net>

<net id="3928"><net_src comp="852" pin="1"/><net_sink comp="3925" pin=0"/></net>

<net id="3929"><net_src comp="3925" pin="1"/><net_sink comp="1583" pin=0"/></net>

<net id="3930"><net_src comp="3925" pin="1"/><net_sink comp="2119" pin=1"/></net>

<net id="3934"><net_src comp="856" pin="1"/><net_sink comp="3931" pin=0"/></net>

<net id="3935"><net_src comp="3931" pin="1"/><net_sink comp="1586" pin=0"/></net>

<net id="3936"><net_src comp="3931" pin="1"/><net_sink comp="2114" pin=1"/></net>

<net id="3940"><net_src comp="860" pin="1"/><net_sink comp="3937" pin=0"/></net>

<net id="3941"><net_src comp="3937" pin="1"/><net_sink comp="1589" pin=0"/></net>

<net id="3942"><net_src comp="3937" pin="1"/><net_sink comp="2109" pin=1"/></net>

<net id="3946"><net_src comp="864" pin="1"/><net_sink comp="3943" pin=0"/></net>

<net id="3947"><net_src comp="3943" pin="1"/><net_sink comp="1592" pin=0"/></net>

<net id="3948"><net_src comp="3943" pin="1"/><net_sink comp="2104" pin=1"/></net>

<net id="3952"><net_src comp="868" pin="1"/><net_sink comp="3949" pin=0"/></net>

<net id="3953"><net_src comp="3949" pin="1"/><net_sink comp="1595" pin=0"/></net>

<net id="3954"><net_src comp="3949" pin="1"/><net_sink comp="2099" pin=1"/></net>

<net id="3958"><net_src comp="872" pin="1"/><net_sink comp="3955" pin=0"/></net>

<net id="3959"><net_src comp="3955" pin="1"/><net_sink comp="1598" pin=0"/></net>

<net id="3960"><net_src comp="3955" pin="1"/><net_sink comp="2094" pin=1"/></net>

<net id="3964"><net_src comp="876" pin="1"/><net_sink comp="3961" pin=0"/></net>

<net id="3965"><net_src comp="3961" pin="1"/><net_sink comp="1601" pin=0"/></net>

<net id="3966"><net_src comp="3961" pin="1"/><net_sink comp="2089" pin=1"/></net>

<net id="3970"><net_src comp="880" pin="1"/><net_sink comp="3967" pin=0"/></net>

<net id="3971"><net_src comp="3967" pin="1"/><net_sink comp="1604" pin=0"/></net>

<net id="3972"><net_src comp="3967" pin="1"/><net_sink comp="2084" pin=1"/></net>

<net id="3976"><net_src comp="884" pin="1"/><net_sink comp="3973" pin=0"/></net>

<net id="3977"><net_src comp="3973" pin="1"/><net_sink comp="1607" pin=0"/></net>

<net id="3978"><net_src comp="3973" pin="1"/><net_sink comp="2079" pin=1"/></net>

<net id="3982"><net_src comp="888" pin="1"/><net_sink comp="3979" pin=0"/></net>

<net id="3983"><net_src comp="3979" pin="1"/><net_sink comp="1610" pin=0"/></net>

<net id="3984"><net_src comp="3979" pin="1"/><net_sink comp="2074" pin=1"/></net>

<net id="3988"><net_src comp="892" pin="1"/><net_sink comp="3985" pin=0"/></net>

<net id="3989"><net_src comp="3985" pin="1"/><net_sink comp="1613" pin=0"/></net>

<net id="3990"><net_src comp="3985" pin="1"/><net_sink comp="2069" pin=1"/></net>

<net id="3994"><net_src comp="896" pin="1"/><net_sink comp="3991" pin=0"/></net>

<net id="3995"><net_src comp="3991" pin="1"/><net_sink comp="1616" pin=0"/></net>

<net id="3996"><net_src comp="3991" pin="1"/><net_sink comp="2064" pin=1"/></net>

<net id="4000"><net_src comp="900" pin="1"/><net_sink comp="3997" pin=0"/></net>

<net id="4001"><net_src comp="3997" pin="1"/><net_sink comp="1619" pin=0"/></net>

<net id="4002"><net_src comp="3997" pin="1"/><net_sink comp="2059" pin=1"/></net>

<net id="4006"><net_src comp="904" pin="1"/><net_sink comp="4003" pin=0"/></net>

<net id="4007"><net_src comp="4003" pin="1"/><net_sink comp="1622" pin=0"/></net>

<net id="4008"><net_src comp="4003" pin="1"/><net_sink comp="2054" pin=1"/></net>

<net id="4012"><net_src comp="908" pin="1"/><net_sink comp="4009" pin=0"/></net>

<net id="4013"><net_src comp="4009" pin="1"/><net_sink comp="1625" pin=0"/></net>

<net id="4014"><net_src comp="4009" pin="1"/><net_sink comp="2049" pin=1"/></net>

<net id="4018"><net_src comp="912" pin="1"/><net_sink comp="4015" pin=0"/></net>

<net id="4019"><net_src comp="4015" pin="1"/><net_sink comp="1628" pin=0"/></net>

<net id="4020"><net_src comp="4015" pin="1"/><net_sink comp="2044" pin=1"/></net>

<net id="4024"><net_src comp="916" pin="1"/><net_sink comp="4021" pin=0"/></net>

<net id="4025"><net_src comp="4021" pin="1"/><net_sink comp="1631" pin=0"/></net>

<net id="4026"><net_src comp="4021" pin="1"/><net_sink comp="2039" pin=1"/></net>

<net id="4030"><net_src comp="920" pin="1"/><net_sink comp="4027" pin=0"/></net>

<net id="4031"><net_src comp="4027" pin="1"/><net_sink comp="1634" pin=0"/></net>

<net id="4032"><net_src comp="4027" pin="1"/><net_sink comp="2034" pin=1"/></net>

<net id="4036"><net_src comp="924" pin="1"/><net_sink comp="4033" pin=0"/></net>

<net id="4037"><net_src comp="4033" pin="1"/><net_sink comp="1637" pin=0"/></net>

<net id="4038"><net_src comp="4033" pin="1"/><net_sink comp="2029" pin=1"/></net>

<net id="4042"><net_src comp="928" pin="1"/><net_sink comp="4039" pin=0"/></net>

<net id="4043"><net_src comp="4039" pin="1"/><net_sink comp="1640" pin=0"/></net>

<net id="4044"><net_src comp="4039" pin="1"/><net_sink comp="2024" pin=1"/></net>

<net id="4048"><net_src comp="932" pin="1"/><net_sink comp="4045" pin=0"/></net>

<net id="4049"><net_src comp="4045" pin="1"/><net_sink comp="1643" pin=0"/></net>

<net id="4050"><net_src comp="4045" pin="1"/><net_sink comp="2019" pin=1"/></net>

<net id="4054"><net_src comp="936" pin="1"/><net_sink comp="4051" pin=0"/></net>

<net id="4055"><net_src comp="4051" pin="1"/><net_sink comp="1646" pin=0"/></net>

<net id="4056"><net_src comp="4051" pin="1"/><net_sink comp="2014" pin=1"/></net>

<net id="4060"><net_src comp="940" pin="1"/><net_sink comp="4057" pin=0"/></net>

<net id="4061"><net_src comp="4057" pin="1"/><net_sink comp="1649" pin=0"/></net>

<net id="4062"><net_src comp="4057" pin="1"/><net_sink comp="2009" pin=1"/></net>

<net id="4066"><net_src comp="944" pin="1"/><net_sink comp="4063" pin=0"/></net>

<net id="4067"><net_src comp="4063" pin="1"/><net_sink comp="1652" pin=0"/></net>

<net id="4068"><net_src comp="4063" pin="1"/><net_sink comp="2004" pin=1"/></net>

<net id="4072"><net_src comp="948" pin="1"/><net_sink comp="4069" pin=0"/></net>

<net id="4073"><net_src comp="4069" pin="1"/><net_sink comp="1655" pin=0"/></net>

<net id="4074"><net_src comp="4069" pin="1"/><net_sink comp="1999" pin=1"/></net>

<net id="4078"><net_src comp="952" pin="1"/><net_sink comp="4075" pin=0"/></net>

<net id="4079"><net_src comp="4075" pin="1"/><net_sink comp="1658" pin=0"/></net>

<net id="4080"><net_src comp="4075" pin="1"/><net_sink comp="1994" pin=1"/></net>

<net id="4084"><net_src comp="956" pin="1"/><net_sink comp="4081" pin=0"/></net>

<net id="4085"><net_src comp="4081" pin="1"/><net_sink comp="1661" pin=0"/></net>

<net id="4086"><net_src comp="4081" pin="1"/><net_sink comp="1989" pin=1"/></net>

<net id="4090"><net_src comp="960" pin="1"/><net_sink comp="4087" pin=0"/></net>

<net id="4091"><net_src comp="4087" pin="1"/><net_sink comp="1664" pin=0"/></net>

<net id="4092"><net_src comp="4087" pin="1"/><net_sink comp="1984" pin=1"/></net>

<net id="4096"><net_src comp="964" pin="1"/><net_sink comp="4093" pin=0"/></net>

<net id="4097"><net_src comp="4093" pin="1"/><net_sink comp="1667" pin=0"/></net>

<net id="4098"><net_src comp="4093" pin="1"/><net_sink comp="1979" pin=1"/></net>

<net id="4102"><net_src comp="968" pin="1"/><net_sink comp="4099" pin=0"/></net>

<net id="4103"><net_src comp="4099" pin="1"/><net_sink comp="1670" pin=0"/></net>

<net id="4104"><net_src comp="4099" pin="1"/><net_sink comp="2694" pin=1"/></net>

<net id="4108"><net_src comp="972" pin="1"/><net_sink comp="4105" pin=0"/></net>

<net id="4109"><net_src comp="4105" pin="1"/><net_sink comp="1199" pin=1"/></net>

<net id="4110"><net_src comp="4105" pin="1"/><net_sink comp="1220" pin=0"/></net>

<net id="4111"><net_src comp="4105" pin="1"/><net_sink comp="2746" pin=1"/></net>

<net id="4115"><net_src comp="1220" pin="1"/><net_sink comp="4112" pin=0"/></net>

<net id="4116"><net_src comp="4112" pin="1"/><net_sink comp="2778" pin=0"/></net>

<net id="4120"><net_src comp="1223" pin="2"/><net_sink comp="4117" pin=0"/></net>

<net id="4124"><net_src comp="1235" pin="2"/><net_sink comp="4121" pin=0"/></net>

<net id="4128"><net_src comp="1677" pin="146"/><net_sink comp="4125" pin=0"/></net>

<net id="4129"><net_src comp="4125" pin="1"/><net_sink comp="1193" pin=2"/></net>

<net id="4133"><net_src comp="1971" pin="1"/><net_sink comp="4130" pin=0"/></net>

<net id="4134"><net_src comp="4130" pin="1"/><net_sink comp="1193" pin=0"/></net>

<net id="4141"><net_src comp="2699" pin="1"/><net_sink comp="4138" pin=0"/></net>

<net id="4142"><net_src comp="4138" pin="1"/><net_sink comp="2761" pin=0"/></net>

<net id="4146"><net_src comp="2703" pin="2"/><net_sink comp="4143" pin=0"/></net>

<net id="4147"><net_src comp="4143" pin="1"/><net_sink comp="2771" pin=0"/></net>

<net id="4151"><net_src comp="2715" pin="2"/><net_sink comp="4148" pin=0"/></net>

<net id="4155"><net_src comp="2761" pin="1"/><net_sink comp="4152" pin=0"/></net>

<net id="4156"><net_src comp="4152" pin="1"/><net_sink comp="3196" pin=1"/></net>

<net id="4160"><net_src comp="2764" pin="1"/><net_sink comp="4157" pin=0"/></net>

<net id="4161"><net_src comp="4157" pin="1"/><net_sink comp="3196" pin=0"/></net>

<net id="4165"><net_src comp="2771" pin="3"/><net_sink comp="4162" pin=0"/></net>

<net id="4166"><net_src comp="4162" pin="1"/><net_sink comp="3196" pin=0"/></net>

<net id="4170"><net_src comp="995" pin="3"/><net_sink comp="4167" pin=0"/></net>

<net id="4171"><net_src comp="4167" pin="1"/><net_sink comp="1002" pin=0"/></net>

<net id="4175"><net_src comp="1008" pin="3"/><net_sink comp="4172" pin=0"/></net>

<net id="4176"><net_src comp="4172" pin="1"/><net_sink comp="1015" pin=0"/></net>

<net id="4180"><net_src comp="1021" pin="3"/><net_sink comp="4177" pin=0"/></net>

<net id="4181"><net_src comp="4177" pin="1"/><net_sink comp="1028" pin=0"/></net>

<net id="4185"><net_src comp="1034" pin="3"/><net_sink comp="4182" pin=0"/></net>

<net id="4186"><net_src comp="4182" pin="1"/><net_sink comp="1041" pin=0"/></net>

<net id="4190"><net_src comp="1047" pin="3"/><net_sink comp="4187" pin=0"/></net>

<net id="4191"><net_src comp="4187" pin="1"/><net_sink comp="1054" pin=0"/></net>

<net id="4195"><net_src comp="1060" pin="3"/><net_sink comp="4192" pin=0"/></net>

<net id="4196"><net_src comp="4192" pin="1"/><net_sink comp="1067" pin=0"/></net>

<net id="4200"><net_src comp="1073" pin="3"/><net_sink comp="4197" pin=0"/></net>

<net id="4201"><net_src comp="4197" pin="1"/><net_sink comp="1080" pin=0"/></net>

<net id="4205"><net_src comp="1086" pin="3"/><net_sink comp="4202" pin=0"/></net>

<net id="4206"><net_src comp="4202" pin="1"/><net_sink comp="1093" pin=0"/></net>

<net id="4210"><net_src comp="1099" pin="3"/><net_sink comp="4207" pin=0"/></net>

<net id="4211"><net_src comp="4207" pin="1"/><net_sink comp="1106" pin=0"/></net>

<net id="4215"><net_src comp="1112" pin="3"/><net_sink comp="4212" pin=0"/></net>

<net id="4216"><net_src comp="4212" pin="1"/><net_sink comp="1119" pin=0"/></net>

<net id="4220"><net_src comp="1125" pin="3"/><net_sink comp="4217" pin=0"/></net>

<net id="4221"><net_src comp="4217" pin="1"/><net_sink comp="1132" pin=0"/></net>

<net id="4225"><net_src comp="1138" pin="3"/><net_sink comp="4222" pin=0"/></net>

<net id="4226"><net_src comp="4222" pin="1"/><net_sink comp="1145" pin=0"/></net>

<net id="4230"><net_src comp="1151" pin="3"/><net_sink comp="4227" pin=0"/></net>

<net id="4231"><net_src comp="4227" pin="1"/><net_sink comp="1158" pin=0"/></net>

<net id="4235"><net_src comp="1164" pin="3"/><net_sink comp="4232" pin=0"/></net>

<net id="4236"><net_src comp="4232" pin="1"/><net_sink comp="1171" pin=0"/></net>

<net id="4240"><net_src comp="1177" pin="3"/><net_sink comp="4237" pin=0"/></net>

<net id="4241"><net_src comp="4237" pin="1"/><net_sink comp="1184" pin=0"/></net>

<net id="4245"><net_src comp="2800" pin="2"/><net_sink comp="4242" pin=0"/></net>

<net id="4246"><net_src comp="4242" pin="1"/><net_sink comp="2935" pin=0"/></net>

<net id="4250"><net_src comp="2809" pin="2"/><net_sink comp="4247" pin=0"/></net>

<net id="4251"><net_src comp="4247" pin="1"/><net_sink comp="2944" pin=0"/></net>

<net id="4255"><net_src comp="2818" pin="2"/><net_sink comp="4252" pin=0"/></net>

<net id="4256"><net_src comp="4252" pin="1"/><net_sink comp="2953" pin=0"/></net>

<net id="4260"><net_src comp="2827" pin="2"/><net_sink comp="4257" pin=0"/></net>

<net id="4261"><net_src comp="4257" pin="1"/><net_sink comp="2962" pin=0"/></net>

<net id="4265"><net_src comp="2836" pin="2"/><net_sink comp="4262" pin=0"/></net>

<net id="4266"><net_src comp="4262" pin="1"/><net_sink comp="2971" pin=0"/></net>

<net id="4270"><net_src comp="2845" pin="2"/><net_sink comp="4267" pin=0"/></net>

<net id="4271"><net_src comp="4267" pin="1"/><net_sink comp="2980" pin=0"/></net>

<net id="4275"><net_src comp="2854" pin="2"/><net_sink comp="4272" pin=0"/></net>

<net id="4276"><net_src comp="4272" pin="1"/><net_sink comp="2989" pin=0"/></net>

<net id="4280"><net_src comp="2863" pin="2"/><net_sink comp="4277" pin=0"/></net>

<net id="4281"><net_src comp="4277" pin="1"/><net_sink comp="2998" pin=0"/></net>

<net id="4285"><net_src comp="2872" pin="2"/><net_sink comp="4282" pin=0"/></net>

<net id="4286"><net_src comp="4282" pin="1"/><net_sink comp="3007" pin=0"/></net>

<net id="4290"><net_src comp="2881" pin="2"/><net_sink comp="4287" pin=0"/></net>

<net id="4291"><net_src comp="4287" pin="1"/><net_sink comp="3016" pin=0"/></net>

<net id="4295"><net_src comp="2890" pin="2"/><net_sink comp="4292" pin=0"/></net>

<net id="4296"><net_src comp="4292" pin="1"/><net_sink comp="3025" pin=0"/></net>

<net id="4300"><net_src comp="2899" pin="2"/><net_sink comp="4297" pin=0"/></net>

<net id="4301"><net_src comp="4297" pin="1"/><net_sink comp="3034" pin=0"/></net>

<net id="4305"><net_src comp="2908" pin="2"/><net_sink comp="4302" pin=0"/></net>

<net id="4306"><net_src comp="4302" pin="1"/><net_sink comp="3043" pin=0"/></net>

<net id="4310"><net_src comp="2917" pin="2"/><net_sink comp="4307" pin=0"/></net>

<net id="4311"><net_src comp="4307" pin="1"/><net_sink comp="3052" pin=0"/></net>

<net id="4315"><net_src comp="2926" pin="2"/><net_sink comp="4312" pin=0"/></net>

<net id="4316"><net_src comp="4312" pin="1"/><net_sink comp="3061" pin=0"/></net>

<net id="4320"><net_src comp="3112" pin="2"/><net_sink comp="4317" pin=0"/></net>

<net id="4321"><net_src comp="4317" pin="1"/><net_sink comp="3170" pin=0"/></net>

<net id="4325"><net_src comp="3138" pin="2"/><net_sink comp="4322" pin=0"/></net>

<net id="4326"><net_src comp="4322" pin="1"/><net_sink comp="3173" pin=0"/></net>

<net id="4330"><net_src comp="3164" pin="2"/><net_sink comp="4327" pin=0"/></net>

<net id="4331"><net_src comp="4327" pin="1"/><net_sink comp="3176" pin=0"/></net>

</net_list>

</model> 
---------------- Datapath Model END ------------------

* FSMD analyzer results:
  - Output states:
	Port: in0_V | {}
	Port: out_V | {7 }
	Port: weights_V | {}
	Port: p_ZL7threshs_0 | {}
	Port: p_ZL7threshs_1 | {}
	Port: p_ZL7threshs_2 | {}
	Port: p_ZL7threshs_3 | {}
	Port: p_ZL7threshs_4 | {}
	Port: p_ZL7threshs_5 | {}
	Port: p_ZL7threshs_6 | {}
	Port: p_ZL7threshs_7 | {}
	Port: p_ZL7threshs_8 | {}
	Port: p_ZL7threshs_9 | {}
	Port: p_ZL7threshs_10 | {}
	Port: p_ZL7threshs_11 | {}
	Port: p_ZL7threshs_12 | {}
	Port: p_ZL7threshs_13 | {}
	Port: p_ZL7threshs_14 | {}
 - Input state : 
	Port: Matrix_Vector_Activate_Stream_Batch : in0_V | {1 }
	Port: Matrix_Vector_Activate_Stream_Batch : out_V | {}
	Port: Matrix_Vector_Activate_Stream_Batch : weights_V | {1 }
	Port: Matrix_Vector_Activate_Stream_Batch : p_ZL7threshs_0 | {4 5 }
	Port: Matrix_Vector_Activate_Stream_Batch : p_ZL7threshs_1 | {4 5 }
	Port: Matrix_Vector_Activate_Stream_Batch : p_ZL7threshs_2 | {4 5 }
	Port: Matrix_Vector_Activate_Stream_Batch : p_ZL7threshs_3 | {4 5 }
	Port: Matrix_Vector_Activate_Stream_Batch : p_ZL7threshs_4 | {4 5 }
	Port: Matrix_Vector_Activate_Stream_Batch : p_ZL7threshs_5 | {4 5 }
	Port: Matrix_Vector_Activate_Stream_Batch : p_ZL7threshs_6 | {4 5 }
	Port: Matrix_Vector_Activate_Stream_Batch : p_ZL7threshs_7 | {4 5 }
	Port: Matrix_Vector_Activate_Stream_Batch : p_ZL7threshs_8 | {4 5 }
	Port: Matrix_Vector_Activate_Stream_Batch : p_ZL7threshs_9 | {4 5 }
	Port: Matrix_Vector_Activate_Stream_Batch : p_ZL7threshs_10 | {4 5 }
	Port: Matrix_Vector_Activate_Stream_Batch : p_ZL7threshs_11 | {4 5 }
	Port: Matrix_Vector_Activate_Stream_Batch : p_ZL7threshs_12 | {4 5 }
	Port: Matrix_Vector_Activate_Stream_Batch : p_ZL7threshs_13 | {4 5 }
	Port: Matrix_Vector_Activate_Stream_Batch : p_ZL7threshs_14 | {4 5 }
  - Chain level:
	State 1
		store_ln249 : 1
		store_ln249 : 1
		store_ln249 : 1
		sf_1 : 1
		i_1 : 1
		nf_2 : 1
		icmp_ln249 : 2
		i_2 : 2
		br_ln249 : 3
		icmp_ln253 : 2
		br_ln253 : 3
		inputBuf_V_load : 1
		inputBuf_V_1_load : 1
		inputBuf_V_2_load : 1
		inputBuf_V_3_load : 1
		inputBuf_V_4_load : 1
		inputBuf_V_5_load : 1
		inputBuf_V_6_load : 1
		inputBuf_V_7_load : 1
		inputBuf_V_8_load : 1
		inputBuf_V_9_load : 1
		inputBuf_V_10_load : 1
		inputBuf_V_11_load : 1
		inputBuf_V_12_load : 1
		inputBuf_V_13_load : 1
		inputBuf_V_14_load : 1
		inputBuf_V_15_load : 1
		inputBuf_V_16_load : 1
		inputBuf_V_17_load : 1
		inputBuf_V_18_load : 1
		inputBuf_V_19_load : 1
		inputBuf_V_20_load : 1
		inputBuf_V_21_load : 1
		inputBuf_V_22_load : 1
		inputBuf_V_23_load : 1
		inputBuf_V_24_load : 1
		inputBuf_V_25_load : 1
		inputBuf_V_26_load : 1
		inputBuf_V_27_load : 1
		inputBuf_V_28_load : 1
		inputBuf_V_29_load : 1
		inputBuf_V_30_load : 1
		inputBuf_V_31_load : 1
		inputBuf_V_32_load : 1
		inputBuf_V_33_load : 1
		inputBuf_V_34_load : 1
		inputBuf_V_35_load : 1
		inputBuf_V_36_load : 1
		inputBuf_V_37_load : 1
		inputBuf_V_38_load : 1
		inputBuf_V_39_load : 1
		inputBuf_V_40_load : 1
		inputBuf_V_41_load : 1
		inputBuf_V_42_load : 1
		inputBuf_V_43_load : 1
		inputBuf_V_44_load : 1
		inputBuf_V_45_load : 1
		inputBuf_V_46_load : 1
		inputBuf_V_47_load : 1
		inputBuf_V_48_load : 1
		inputBuf_V_49_load : 1
		inputBuf_V_50_load : 1
		inputBuf_V_51_load : 1
		inputBuf_V_52_load : 1
		inputBuf_V_53_load : 1
		inputBuf_V_54_load : 1
		inputBuf_V_55_load : 1
		inputBuf_V_56_load : 1
		inputBuf_V_57_load : 1
		inputBuf_V_58_load : 1
		inputBuf_V_59_load : 1
		inputBuf_V_60_load : 1
		inputBuf_V_61_load : 1
		inputBuf_V_62_load : 1
		inputBuf_V_63_load : 1
		inputBuf_V_64_load : 1
		inputBuf_V_65_load : 1
		inputBuf_V_66_load : 1
		inputBuf_V_67_load : 1
		inputBuf_V_68_load : 1
		inputBuf_V_69_load : 1
		inputBuf_V_70_load : 1
		inputBuf_V_71_load : 1
		inputBuf_V_72_load : 1
		inputBuf_V_73_load : 1
		inputBuf_V_74_load : 1
		inputBuf_V_75_load : 1
		inputBuf_V_76_load : 1
		inputBuf_V_77_load : 1
		inputBuf_V_78_load : 1
		inputBuf_V_79_load : 1
		inputBuf_V_80_load : 1
		inputBuf_V_81_load : 1
		inputBuf_V_82_load : 1
		inputBuf_V_83_load : 1
		inputBuf_V_84_load : 1
		inputBuf_V_85_load : 1
		inputBuf_V_86_load : 1
		inputBuf_V_87_load : 1
		inputBuf_V_88_load : 1
		inputBuf_V_89_load : 1
		inputBuf_V_90_load : 1
		inputBuf_V_91_load : 1
		inputBuf_V_92_load : 1
		inputBuf_V_93_load : 1
		inputBuf_V_94_load : 1
		inputBuf_V_95_load : 1
		inputBuf_V_96_load : 1
		inputBuf_V_97_load : 1
		inputBuf_V_98_load : 1
		inputBuf_V_99_load : 1
		inputBuf_V_100_load : 1
		inputBuf_V_101_load : 1
		inputBuf_V_102_load : 1
		inputBuf_V_103_load : 1
		inputBuf_V_104_load : 1
		inputBuf_V_105_load : 1
		inputBuf_V_106_load : 1
		inputBuf_V_107_load : 1
		inputBuf_V_108_load : 1
		inputBuf_V_109_load : 1
		inputBuf_V_110_load : 1
		inputBuf_V_111_load : 1
		inputBuf_V_112_load : 1
		inputBuf_V_113_load : 1
		inputBuf_V_114_load : 1
		inputBuf_V_115_load : 1
		inputBuf_V_116_load : 1
		inputBuf_V_117_load : 1
		inputBuf_V_118_load : 1
		inputBuf_V_119_load : 1
		inputBuf_V_120_load : 1
		inputBuf_V_121_load : 1
		inputBuf_V_122_load : 1
		inputBuf_V_123_load : 1
		inputBuf_V_124_load : 1
		inputBuf_V_125_load : 1
		inputBuf_V_126_load : 1
		inputBuf_V_127_load : 1
		inputBuf_V_128_load : 1
		inputBuf_V_129_load : 1
		inputBuf_V_130_load : 1
		inputBuf_V_131_load : 1
		inputBuf_V_132_load : 1
		inputBuf_V_133_load : 1
		inputBuf_V_134_load : 1
		inputBuf_V_135_load : 1
		inputBuf_V_136_load : 1
		inputBuf_V_137_load : 1
		inputBuf_V_138_load : 1
		inputBuf_V_139_load : 1
		inputBuf_V_140_load : 1
		inputBuf_V_141_load : 1
		inputBuf_V_142_load : 1
		inputBuf_V_143_load : 1
		trunc_ln261 : 2
		tmp : 3
		trunc_ln257 : 2
		switch_ln257 : 3
		store_ln257 : 1
		store_ln257 : 1
		store_ln257 : 1
		store_ln257 : 1
		store_ln257 : 1
		store_ln257 : 1
		store_ln257 : 1
		store_ln257 : 1
		store_ln257 : 1
		store_ln257 : 1
		store_ln257 : 1
		store_ln257 : 1
		store_ln257 : 1
		store_ln257 : 1
		store_ln257 : 1
		store_ln257 : 1
		store_ln257 : 1
		store_ln257 : 1
		store_ln257 : 1
		store_ln257 : 1
		store_ln257 : 1
		store_ln257 : 1
		store_ln257 : 1
		store_ln257 : 1
		store_ln257 : 1
		store_ln257 : 1
		store_ln257 : 1
		store_ln257 : 1
		store_ln257 : 1
		store_ln257 : 1
		store_ln257 : 1
		store_ln257 : 1
		store_ln257 : 1
		store_ln257 : 1
		store_ln257 : 1
		store_ln257 : 1
		store_ln257 : 1
		store_ln257 : 1
		store_ln257 : 1
		store_ln257 : 1
		store_ln257 : 1
		store_ln257 : 1
		store_ln257 : 1
		store_ln257 : 1
		store_ln257 : 1
		store_ln257 : 1
		store_ln257 : 1
		store_ln257 : 1
		store_ln257 : 1
		store_ln257 : 1
		store_ln257 : 1
		store_ln257 : 1
		store_ln257 : 1
		store_ln257 : 1
		store_ln257 : 1
		store_ln257 : 1
		store_ln257 : 1
		store_ln257 : 1
		store_ln257 : 1
		store_ln257 : 1
		store_ln257 : 1
		store_ln257 : 1
		store_ln257 : 1
		store_ln257 : 1
		store_ln257 : 1
		store_ln257 : 1
		store_ln257 : 1
		store_ln257 : 1
		store_ln257 : 1
		store_ln257 : 1
		store_ln257 : 1
		store_ln257 : 1
		store_ln257 : 1
		store_ln257 : 1
		store_ln257 : 1
		store_ln257 : 1
		store_ln257 : 1
		store_ln257 : 1
		store_ln257 : 1
		store_ln257 : 1
		store_ln257 : 1
		store_ln257 : 1
		store_ln257 : 1
		store_ln257 : 1
		store_ln257 : 1
		store_ln257 : 1
		store_ln257 : 1
		store_ln257 : 1
		store_ln257 : 1
		store_ln257 : 1
		store_ln257 : 1
		store_ln257 : 1
		store_ln257 : 1
		store_ln257 : 1
		store_ln257 : 1
		store_ln257 : 1
		store_ln257 : 1
		store_ln257 : 1
		store_ln257 : 1
		store_ln257 : 1
		store_ln257 : 1
		store_ln257 : 1
		store_ln257 : 1
		store_ln257 : 1
		store_ln257 : 1
		store_ln257 : 1
		store_ln257 : 1
		store_ln257 : 1
		store_ln257 : 1
		store_ln257 : 1
		store_ln257 : 1
		store_ln257 : 1
		store_ln257 : 1
		store_ln257 : 1
		store_ln257 : 1
		store_ln257 : 1
		store_ln257 : 1
		store_ln257 : 1
		store_ln257 : 1
		store_ln257 : 1
		store_ln257 : 1
		store_ln257 : 1
		store_ln257 : 1
		store_ln257 : 1
		store_ln257 : 1
		store_ln257 : 1
		store_ln257 : 1
		store_ln257 : 1
		store_ln257 : 1
		store_ln257 : 1
		store_ln257 : 1
		store_ln257 : 1
		store_ln257 : 1
		store_ln257 : 1
		store_ln257 : 1
		store_ln257 : 1
		store_ln257 : 1
		store_ln257 : 1
		store_ln257 : 1
		store_ln257 : 1
		store_ln257 : 1
		store_ln257 : 1
		store_ln257 : 1
		store_ln257 : 1
		icmp_ln272 : 2
		sf_2 : 2
		icmp_ln290 : 3
		br_ln290 : 4
		store_ln290 : 3
		nf : 2
		icmp_ln302 : 3
		nf_3 : 4
		store_ln306 : 5
		store_ln306 : 1
		store_ln249 : 3
	State 2
		inElem_1 : 1
		zext_ln1494 : 2
		ret_V : 3
	State 3
	State 4
		select_ln272 : 1
		specfucore_ln142 : 1
		sext_ln840 : 1
		add_ln840 : 2
		p_ZL7threshs_0_addr : 1
		p_ZL7threshs_0_load : 2
		p_ZL7threshs_1_addr : 1
		p_ZL7threshs_1_load : 2
		p_ZL7threshs_2_addr : 1
		p_ZL7threshs_2_load : 2
		p_ZL7threshs_3_addr : 1
		p_ZL7threshs_3_load : 2
		p_ZL7threshs_4_addr : 1
		p_ZL7threshs_4_load : 2
		p_ZL7threshs_5_addr : 1
		p_ZL7threshs_5_load : 2
		p_ZL7threshs_6_addr : 1
		p_ZL7threshs_6_load : 2
		p_ZL7threshs_7_addr : 1
		p_ZL7threshs_7_load : 2
		p_ZL7threshs_8_addr : 1
		p_ZL7threshs_8_load : 2
		p_ZL7threshs_9_addr : 1
		p_ZL7threshs_9_load : 2
		p_ZL7threshs_10_addr : 1
		p_ZL7threshs_10_load : 2
		p_ZL7threshs_11_addr : 1
		p_ZL7threshs_11_load : 2
		p_ZL7threshs_12_addr : 1
		p_ZL7threshs_12_load : 2
		p_ZL7threshs_13_addr : 1
		p_ZL7threshs_13_load : 2
		p_ZL7threshs_14_addr : 1
		p_ZL7threshs_14_load : 2
	State 5
		rend : 1
		sext_ln1039 : 1
		icmp_ln1039 : 2
		sext_ln1039_1 : 1
		icmp_ln1039_1 : 2
		sext_ln1039_2 : 1
		icmp_ln1039_2 : 2
		zext_ln1039 : 1
		icmp_ln1039_3 : 2
		zext_ln1039_1 : 1
		icmp_ln1039_4 : 2
		zext_ln1039_2 : 1
		icmp_ln1039_5 : 2
		zext_ln1039_3 : 1
		icmp_ln1039_6 : 2
		zext_ln1039_4 : 1
		icmp_ln1039_7 : 2
		zext_ln1039_5 : 1
		icmp_ln1039_8 : 2
		zext_ln1039_6 : 1
		icmp_ln1039_9 : 2
		zext_ln1039_7 : 1
		icmp_ln1039_10 : 2
		zext_ln1039_8 : 1
		icmp_ln1039_11 : 2
		zext_ln1039_9 : 1
		icmp_ln1039_12 : 2
		zext_ln1039_10 : 1
		icmp_ln1039_13 : 2
		zext_ln1039_11 : 1
		icmp_ln1039_14 : 2
		store_ln249 : 1
	State 6
		add_ln840_1 : 1
		add_ln840_2 : 2
		zext_ln840_1 : 3
		add_ln840_3 : 1
		zext_ln840_2 : 2
		add_ln840_4 : 1
		zext_ln840_3 : 2
		add_ln840_5 : 3
		add_ln840_6 : 4
		add_ln840_7 : 1
		zext_ln840_5 : 2
		add_ln840_8 : 1
		zext_ln840_6 : 2
		add_ln840_9 : 3
		add_ln840_10 : 1
		zext_ln840_8 : 2
		add_ln840_11 : 1
		zext_ln840_9 : 2
		add_ln840_12 : 3
	State 7
		add_ln840_13 : 1
		result_V_2 : 2
		zext_ln298 : 3
		write_ln298 : 4


============================================================
+ Verbose Summary: Datapath Resource usage 
============================================================

* Functional unit list:
|----------|----------------------------|---------|---------|---------|
| Operation|       Functional Unit      |   DSP   |    FF   |   LUT   |
|----------|----------------------------|---------|---------|---------|
|    mux   |         tmp_fu_1677        |    0    |    0    |   769   |
|----------|----------------------------|---------|---------|---------|
|          |     icmp_ln249_fu_1223     |    0    |    0    |    15   |
|          |     icmp_ln253_fu_1235     |    0    |    0    |    18   |
|          |     icmp_ln272_fu_2703     |    0    |    0    |    18   |
|          |     icmp_ln290_fu_2715     |    0    |    0    |    18   |
|          |     icmp_ln302_fu_2732     |    0    |    0    |    18   |
|          |     icmp_ln1039_fu_2800    |    0    |    0    |    12   |
|          |    icmp_ln1039_1_fu_2809   |    0    |    0    |    12   |
|          |    icmp_ln1039_2_fu_2818   |    0    |    0    |    12   |
|          |    icmp_ln1039_3_fu_2827   |    0    |    0    |    12   |
|   icmp   |    icmp_ln1039_4_fu_2836   |    0    |    0    |    12   |
|          |    icmp_ln1039_5_fu_2845   |    0    |    0    |    12   |
|          |    icmp_ln1039_6_fu_2854   |    0    |    0    |    12   |
|          |    icmp_ln1039_7_fu_2863   |    0    |    0    |    12   |
|          |    icmp_ln1039_8_fu_2872   |    0    |    0    |    12   |
|          |    icmp_ln1039_9_fu_2881   |    0    |    0    |    12   |
|          |   icmp_ln1039_10_fu_2890   |    0    |    0    |    12   |
|          |   icmp_ln1039_11_fu_2899   |    0    |    0    |    12   |
|          |   icmp_ln1039_12_fu_2908   |    0    |    0    |    12   |
|          |   icmp_ln1039_13_fu_2917   |    0    |    0    |    12   |
|          |   icmp_ln1039_14_fu_2926   |    0    |    0    |    12   |
|----------|----------------------------|---------|---------|---------|
|          |         i_2_fu_1229        |    0    |    0    |    30   |
|          |        sf_2_fu_2709        |    0    |    0    |    39   |
|          |         nf_fu_2726         |    0    |    0    |    39   |
|          |     add_ln840_1_fu_3070    |    0    |    0    |    2    |
|          |     add_ln840_2_fu_3076    |    0    |    0    |    2    |
|          |     add_ln840_3_fu_3086    |    0    |    0    |    10   |
|          |     add_ln840_4_fu_3096    |    0    |    0    |    10   |
|          |     add_ln840_5_fu_3106    |    0    |    0    |    2    |
|    add   |     add_ln840_6_fu_3112    |    0    |    0    |    4    |
|          |     add_ln840_7_fu_3118    |    0    |    0    |    10   |
|          |     add_ln840_8_fu_3128    |    0    |    0    |    10   |
|          |     add_ln840_9_fu_3138    |    0    |    0    |    10   |
|          |    add_ln840_10_fu_3144    |    0    |    0    |    10   |
|          |    add_ln840_11_fu_3154    |    0    |    0    |    10   |
|          |    add_ln840_12_fu_3164    |    0    |    0    |    10   |
|          |    add_ln840_13_fu_3179    |    0    |    0    |    4    |
|          |     result_V_2_fu_3185     |    0    |    0    |    7    |
|----------|----------------------------|---------|---------|---------|
|  select  |        nf_3_fu_2738        |    0    |    0    |    32   |
|          |    select_ln272_fu_2771    |    0    |    0    |    13   |
|----------|----------------------------|---------|---------|---------|
|          |      result_V_fu_2935      |    0    |    0    |    2    |
|          |     xor_ln1039_fu_2944     |    0    |    0    |    2    |
|          |    xor_ln1039_1_fu_2953    |    0    |    0    |    2    |
|          |    xor_ln1039_2_fu_2962    |    0    |    0    |    2    |
|          |    xor_ln1039_3_fu_2971    |    0    |    0    |    2    |
|          |    xor_ln1039_4_fu_2980    |    0    |    0    |    2    |
|          |    xor_ln1039_5_fu_2989    |    0    |    0    |    2    |
|    xor   |    xor_ln1039_6_fu_2998    |    0    |    0    |    2    |
|          |    xor_ln1039_7_fu_3007    |    0    |    0    |    2    |
|          |    xor_ln1039_8_fu_3016    |    0    |    0    |    2    |
|          |    xor_ln1039_9_fu_3025    |    0    |    0    |    2    |
|          |    xor_ln1039_10_fu_3034   |    0    |    0    |    2    |
|          |    xor_ln1039_11_fu_3043   |    0    |    0    |    2    |
|          |    xor_ln1039_12_fu_3052   |    0    |    0    |    2    |
|          |    xor_ln1039_13_fu_3061   |    0    |    0    |    2    |
|----------|----------------------------|---------|---------|---------|
|  muladd  |         grp_fu_3196        |    1    |    0    |    0    |
|----------|----------------------------|---------|---------|---------|
|   read   |   in0_V_read_read_fu_976   |    0    |    0    |    0    |
|          | weights_V_read_read_fu_982 |    0    |    0    |    0    |
|----------|----------------------------|---------|---------|---------|
|   write  |  write_ln298_write_fu_988  |    0    |    0    |    0    |
|----------|----------------------------|---------|---------|---------|
|          |     trunc_ln261_fu_1673    |    0    |    0    |    0    |
|   trunc  |       inElem_fu_1971       |    0    |    0    |    0    |
|          |     trunc_ln257_fu_1975    |    0    |    0    |    0    |
|          |     W_packed_V_fu_2699     |    0    |    0    |    0    |
|----------|----------------------------|---------|---------|---------|
|          |     sext_ln1494_fu_2761    |    0    |    0    |    0    |
|   sext   |     sext_ln1039_fu_2796    |    0    |    0    |    0    |
|          |    sext_ln1039_1_fu_2805   |    0    |    0    |    0    |
|          |    sext_ln1039_2_fu_2814   |    0    |    0    |    0    |
|----------|----------------------------|---------|---------|---------|
|          |     zext_ln1494_fu_2764    |    0    |    0    |    0    |
|          |     idxprom2_i_fu_2778     |    0    |    0    |    0    |
|          |     zext_ln1039_fu_2823    |    0    |    0    |    0    |
|          |    zext_ln1039_1_fu_2832   |    0    |    0    |    0    |
|          |    zext_ln1039_2_fu_2841   |    0    |    0    |    0    |
|          |    zext_ln1039_3_fu_2850   |    0    |    0    |    0    |
|          |    zext_ln1039_4_fu_2859   |    0    |    0    |    0    |
|          |    zext_ln1039_5_fu_2868   |    0    |    0    |    0    |
|          |    zext_ln1039_6_fu_2877   |    0    |    0    |    0    |
|          |    zext_ln1039_7_fu_2886   |    0    |    0    |    0    |
|          |    zext_ln1039_8_fu_2895   |    0    |    0    |    0    |
|          |    zext_ln1039_9_fu_2904   |    0    |    0    |    0    |
|          |   zext_ln1039_10_fu_2913   |    0    |    0    |    0    |
|          |   zext_ln1039_11_fu_2922   |    0    |    0    |    0    |
|          |     zext_ln215_fu_2940     |    0    |    0    |    0    |
|          |     zext_ln218_fu_2949     |    0    |    0    |    0    |
|          |    zext_ln218_1_fu_2958    |    0    |    0    |    0    |
|          |    zext_ln218_2_fu_2967    |    0    |    0    |    0    |
|          |    zext_ln218_3_fu_2976    |    0    |    0    |    0    |
|   zext   |    zext_ln218_4_fu_2985    |    0    |    0    |    0    |
|          |    zext_ln218_5_fu_2994    |    0    |    0    |    0    |
|          |    zext_ln218_6_fu_3003    |    0    |    0    |    0    |
|          |    zext_ln218_7_fu_3012    |    0    |    0    |    0    |
|          |    zext_ln218_8_fu_3021    |    0    |    0    |    0    |
|          |    zext_ln218_9_fu_3030    |    0    |    0    |    0    |
|          |    zext_ln218_10_fu_3039   |    0    |    0    |    0    |
|          |    zext_ln218_11_fu_3048   |    0    |    0    |    0    |
|          |    zext_ln218_12_fu_3057   |    0    |    0    |    0    |
|          |     zext_ln840_fu_3066     |    0    |    0    |    0    |
|          |    zext_ln840_1_fu_3082    |    0    |    0    |    0    |
|          |    zext_ln840_2_fu_3092    |    0    |    0    |    0    |
|          |    zext_ln840_3_fu_3102    |    0    |    0    |    0    |
|          |    zext_ln840_5_fu_3124    |    0    |    0    |    0    |
|          |    zext_ln840_6_fu_3134    |    0    |    0    |    0    |
|          |    zext_ln840_8_fu_3150    |    0    |    0    |    0    |
|          |    zext_ln840_9_fu_3160    |    0    |    0    |    0    |
|          |    zext_ln840_4_fu_3170    |    0    |    0    |    0    |
|          |    zext_ln840_7_fu_3173    |    0    |    0    |    0    |
|          |    zext_ln840_10_fu_3176   |    0    |    0    |    0    |
|          |     zext_ln298_fu_3191     |    0    |    0    |    0    |
|----------|----------------------------|---------|---------|---------|
|   Total  |                            |    1    |    0    |   1320  |
|----------|----------------------------|---------|---------|---------|

Memories:
N/A

* Register list:
+-----------------------------+--------+
|                             |   FF   |
+-----------------------------+--------+
|     W_packed_V_reg_4138     |    4   |
|     add_i4_i338_reg_3235    |   13   |
|    add_ln840_12_reg_4327    |    3   |
|     add_ln840_6_reg_4317    |    3   |
|     add_ln840_9_reg_4322    |    3   |
|          i_reg_3228         |   23   |
|   icmp_ln1039_10_reg_4292   |    1   |
|   icmp_ln1039_11_reg_4297   |    1   |
|   icmp_ln1039_12_reg_4302   |    1   |
|   icmp_ln1039_13_reg_4307   |    1   |
|   icmp_ln1039_14_reg_4312   |    1   |
|    icmp_ln1039_1_reg_4247   |    1   |
|    icmp_ln1039_2_reg_4252   |    1   |
|    icmp_ln1039_3_reg_4257   |    1   |
|    icmp_ln1039_4_reg_4262   |    1   |
|    icmp_ln1039_5_reg_4267   |    1   |
|    icmp_ln1039_6_reg_4272   |    1   |
|    icmp_ln1039_7_reg_4277   |    1   |
|    icmp_ln1039_8_reg_4282   |    1   |
|    icmp_ln1039_9_reg_4287   |    1   |
|     icmp_ln1039_reg_4242    |    1   |
|     icmp_ln249_reg_4117     |    1   |
|     icmp_ln253_reg_4121     |    1   |
|     icmp_ln272_reg_4143     |    1   |
|     icmp_ln290_reg_4148     |    1   |
|      inElem_1_reg_1190      |    4   |
|       inElem_reg_4130       |    4   |
|   inputBuf_V_100_reg_3841   |    4   |
|   inputBuf_V_101_reg_3847   |    4   |
|   inputBuf_V_102_reg_3853   |    4   |
|   inputBuf_V_103_reg_3859   |    4   |
|   inputBuf_V_104_reg_3865   |    4   |
|   inputBuf_V_105_reg_3871   |    4   |
|   inputBuf_V_106_reg_3877   |    4   |
|   inputBuf_V_107_reg_3883   |    4   |
|   inputBuf_V_108_reg_3889   |    4   |
|   inputBuf_V_109_reg_3895   |    4   |
|    inputBuf_V_10_reg_3301   |    4   |
|   inputBuf_V_110_reg_3901   |    4   |
|   inputBuf_V_111_reg_3907   |    4   |
|   inputBuf_V_112_reg_3913   |    4   |
|   inputBuf_V_113_reg_3919   |    4   |
|   inputBuf_V_114_reg_3925   |    4   |
|   inputBuf_V_115_reg_3931   |    4   |
|   inputBuf_V_116_reg_3937   |    4   |
|   inputBuf_V_117_reg_3943   |    4   |
|   inputBuf_V_118_reg_3949   |    4   |
|   inputBuf_V_119_reg_3955   |    4   |
|    inputBuf_V_11_reg_3307   |    4   |
|   inputBuf_V_120_reg_3961   |    4   |
|   inputBuf_V_121_reg_3967   |    4   |
|   inputBuf_V_122_reg_3973   |    4   |
|   inputBuf_V_123_reg_3979   |    4   |
|   inputBuf_V_124_reg_3985   |    4   |
|   inputBuf_V_125_reg_3991   |    4   |
|   inputBuf_V_126_reg_3997   |    4   |
|   inputBuf_V_127_reg_4003   |    4   |
|   inputBuf_V_128_reg_4009   |    4   |
|   inputBuf_V_129_reg_4015   |    4   |
|    inputBuf_V_12_reg_3313   |    4   |
|   inputBuf_V_130_reg_4021   |    4   |
|   inputBuf_V_131_reg_4027   |    4   |
|   inputBuf_V_132_reg_4033   |    4   |
|   inputBuf_V_133_reg_4039   |    4   |
|   inputBuf_V_134_reg_4045   |    4   |
|   inputBuf_V_135_reg_4051   |    4   |
|   inputBuf_V_136_reg_4057   |    4   |
|   inputBuf_V_137_reg_4063   |    4   |
|   inputBuf_V_138_reg_4069   |    4   |
|   inputBuf_V_139_reg_4075   |    4   |
|    inputBuf_V_13_reg_3319   |    4   |
|   inputBuf_V_140_reg_4081   |    4   |
|   inputBuf_V_141_reg_4087   |    4   |
|   inputBuf_V_142_reg_4093   |    4   |
|   inputBuf_V_143_reg_4099   |    4   |
|    inputBuf_V_14_reg_3325   |    4   |
|    inputBuf_V_15_reg_3331   |    4   |
|    inputBuf_V_16_reg_3337   |    4   |
|    inputBuf_V_17_reg_3343   |    4   |
|    inputBuf_V_18_reg_3349   |    4   |
|    inputBuf_V_19_reg_3355   |    4   |
|    inputBuf_V_1_reg_3247    |    4   |
|    inputBuf_V_20_reg_3361   |    4   |
|    inputBuf_V_21_reg_3367   |    4   |
|    inputBuf_V_22_reg_3373   |    4   |
|    inputBuf_V_23_reg_3379   |    4   |
|    inputBuf_V_24_reg_3385   |    4   |
|    inputBuf_V_25_reg_3391   |    4   |
|    inputBuf_V_26_reg_3397   |    4   |
|    inputBuf_V_27_reg_3403   |    4   |
|    inputBuf_V_28_reg_3409   |    4   |
|    inputBuf_V_29_reg_3415   |    4   |
|    inputBuf_V_2_reg_3253    |    4   |
|    inputBuf_V_30_reg_3421   |    4   |
|    inputBuf_V_31_reg_3427   |    4   |
|    inputBuf_V_32_reg_3433   |    4   |
|    inputBuf_V_33_reg_3439   |    4   |
|    inputBuf_V_34_reg_3445   |    4   |
|    inputBuf_V_35_reg_3451   |    4   |
|    inputBuf_V_36_reg_3457   |    4   |
|    inputBuf_V_37_reg_3463   |    4   |
|    inputBuf_V_38_reg_3469   |    4   |
|    inputBuf_V_39_reg_3475   |    4   |
|    inputBuf_V_3_reg_3259    |    4   |
|    inputBuf_V_40_reg_3481   |    4   |
|    inputBuf_V_41_reg_3487   |    4   |
|    inputBuf_V_42_reg_3493   |    4   |
|    inputBuf_V_43_reg_3499   |    4   |
|    inputBuf_V_44_reg_3505   |    4   |
|    inputBuf_V_45_reg_3511   |    4   |
|    inputBuf_V_46_reg_3517   |    4   |
|    inputBuf_V_47_reg_3523   |    4   |
|    inputBuf_V_48_reg_3529   |    4   |
|    inputBuf_V_49_reg_3535   |    4   |
|    inputBuf_V_4_reg_3265    |    4   |
|    inputBuf_V_50_reg_3541   |    4   |
|    inputBuf_V_51_reg_3547   |    4   |
|    inputBuf_V_52_reg_3553   |    4   |
|    inputBuf_V_53_reg_3559   |    4   |
|    inputBuf_V_54_reg_3565   |    4   |
|    inputBuf_V_55_reg_3571   |    4   |
|    inputBuf_V_56_reg_3577   |    4   |
|    inputBuf_V_57_reg_3583   |    4   |
|    inputBuf_V_58_reg_3589   |    4   |
|    inputBuf_V_59_reg_3595   |    4   |
|    inputBuf_V_5_reg_3271    |    4   |
|    inputBuf_V_60_reg_3601   |    4   |
|    inputBuf_V_61_reg_3607   |    4   |
|    inputBuf_V_62_reg_3613   |    4   |
|    inputBuf_V_63_reg_3619   |    4   |
|    inputBuf_V_64_reg_3625   |    4   |
|    inputBuf_V_65_reg_3631   |    4   |
|    inputBuf_V_66_reg_3637   |    4   |
|    inputBuf_V_67_reg_3643   |    4   |
|    inputBuf_V_68_reg_3649   |    4   |
|    inputBuf_V_69_reg_3655   |    4   |
|    inputBuf_V_6_reg_3277    |    4   |
|    inputBuf_V_70_reg_3661   |    4   |
|    inputBuf_V_71_reg_3667   |    4   |
|    inputBuf_V_72_reg_3673   |    4   |
|    inputBuf_V_73_reg_3679   |    4   |
|    inputBuf_V_74_reg_3685   |    4   |
|    inputBuf_V_75_reg_3691   |    4   |
|    inputBuf_V_76_reg_3697   |    4   |
|    inputBuf_V_77_reg_3703   |    4   |
|    inputBuf_V_78_reg_3709   |    4   |
|    inputBuf_V_79_reg_3715   |    4   |
|    inputBuf_V_7_reg_3283    |    4   |
|    inputBuf_V_80_reg_3721   |    4   |
|    inputBuf_V_81_reg_3727   |    4   |
|    inputBuf_V_82_reg_3733   |    4   |
|    inputBuf_V_83_reg_3739   |    4   |
|    inputBuf_V_84_reg_3745   |    4   |
|    inputBuf_V_85_reg_3751   |    4   |
|    inputBuf_V_86_reg_3757   |    4   |
|    inputBuf_V_87_reg_3763   |    4   |
|    inputBuf_V_88_reg_3769   |    4   |
|    inputBuf_V_89_reg_3775   |    4   |
|    inputBuf_V_8_reg_3289    |    4   |
|    inputBuf_V_90_reg_3781   |    4   |
|    inputBuf_V_91_reg_3787   |    4   |
|    inputBuf_V_92_reg_3793   |    4   |
|    inputBuf_V_93_reg_3799   |    4   |
|    inputBuf_V_94_reg_3805   |    4   |
|    inputBuf_V_95_reg_3811   |    4   |
|    inputBuf_V_96_reg_3817   |    4   |
|    inputBuf_V_97_reg_3823   |    4   |
|    inputBuf_V_98_reg_3829   |    4   |
|    inputBuf_V_99_reg_3835   |    4   |
|    inputBuf_V_9_reg_3295    |    4   |
|     inputBuf_V_reg_3241     |    4   |
|        nf_1_reg_4105        |   32   |
|        nf_2_reg_4112        |   32   |
| p_ZL7threshs_0_addr_reg_4167|    5   |
|p_ZL7threshs_10_addr_reg_4217|    5   |
|p_ZL7threshs_11_addr_reg_4222|    5   |
|p_ZL7threshs_12_addr_reg_4227|    5   |
|p_ZL7threshs_13_addr_reg_4232|    5   |
|p_ZL7threshs_14_addr_reg_4237|    5   |
| p_ZL7threshs_1_addr_reg_4172|    5   |
| p_ZL7threshs_2_addr_reg_4177|    5   |
| p_ZL7threshs_3_addr_reg_4182|    5   |
| p_ZL7threshs_4_addr_reg_4187|    5   |
| p_ZL7threshs_5_addr_reg_4192|    5   |
| p_ZL7threshs_6_addr_reg_4197|    5   |
| p_ZL7threshs_7_addr_reg_4202|    5   |
| p_ZL7threshs_8_addr_reg_4207|    5   |
| p_ZL7threshs_9_addr_reg_4212|    5   |
|    select_ln272_reg_4162    |   13   |
|     sext_ln1494_reg_4152    |    8   |
|         sf_reg_3220         |   32   |
|         tmp_reg_4125        |    4   |
|     zext_ln1494_reg_4157    |    8   |
+-----------------------------+--------+
|            Total            |   856  |
+-----------------------------+--------+

* Multiplexer (MUX) list: 
|--------------------|------|------|------|--------||---------||---------|
|        Comp        |  Pin | Size |  BW  | S x BW ||  Delay  ||   LUT   |
|--------------------|------|------|------|--------||---------||---------|
| grp_access_fu_1002 |  p0  |   2  |   5  |   10   ||    9    |
| grp_access_fu_1015 |  p0  |   2  |   5  |   10   ||    9    |
| grp_access_fu_1028 |  p0  |   2  |   5  |   10   ||    9    |
| grp_access_fu_1041 |  p0  |   2  |   5  |   10   ||    9    |
| grp_access_fu_1054 |  p0  |   2  |   5  |   10   ||    9    |
| grp_access_fu_1067 |  p0  |   2  |   5  |   10   ||    9    |
| grp_access_fu_1080 |  p0  |   2  |   5  |   10   ||    9    |
| grp_access_fu_1093 |  p0  |   2  |   5  |   10   ||    9    |
| grp_access_fu_1106 |  p0  |   2  |   5  |   10   ||    9    |
| grp_access_fu_1119 |  p0  |   2  |   5  |   10   ||    9    |
| grp_access_fu_1132 |  p0  |   2  |   5  |   10   ||    9    |
| grp_access_fu_1145 |  p0  |   2  |   5  |   10   ||    9    |
| grp_access_fu_1158 |  p0  |   2  |   5  |   10   ||    9    |
| grp_access_fu_1171 |  p0  |   2  |   5  |   10   ||    9    |
| grp_access_fu_1184 |  p0  |   2  |   5  |   10   ||    9    |
|     grp_fu_3196    |  p0  |   3  |   4  |   12   ||    14   |
|     grp_fu_3196    |  p1  |   2  |   4  |    8   ||    9    |
|--------------------|------|------|------|--------||---------||---------|
|        Total       |      |      |      |   170  || 27.1153 ||   158   |
|--------------------|------|------|------|--------||---------||---------|



* Summary:
+-----------+--------+--------+--------+--------+
|           |   DSP  |  Delay |   FF   |   LUT  |
+-----------+--------+--------+--------+--------+
|  Function |    1   |    -   |    0   |  1320  |
|   Memory  |    -   |    -   |    -   |    -   |
|Multiplexer|    -   |   27   |    -   |   158  |
|  Register |    -   |    -   |   856  |    -   |
+-----------+--------+--------+--------+--------+
|   Total   |    1   |   27   |   856  |  1478  |
+-----------+--------+--------+--------+--------+
