

================================================================
== Vitis HLS Report for 'MatrixVectorActivation_1'
================================================================
* Date:           Tue Jun 16 08:26:58 2026

* Version:        2022.2.2 (Build 3779808 on Feb 17 2023)
* Project:        project_MatrixVectorActivation_1
* Solution:       sol1 (Vivado IP Flow Target)
* Product family: zynq
* Target device:  xc7z020-clg400-1


================================================================
== Performance Estimates
================================================================
+ Timing: 
    * Summary: 
    +--------+----------+----------+------------+
    |  Clock |  Target  | Estimated| Uncertainty|
    +--------+----------+----------+------------+
    |ap_clk  |  10.00 ns|  7.591 ns|     2.70 ns|
    +--------+----------+----------+------------+

+ Latency: 
    * Summary: 
    +---------+---------+----------+----------+-----+-----+---------+
    |  Latency (cycles) |  Latency (absolute) |  Interval | Pipeline|
    |   min   |   max   |    min   |    max   | min | max |   Type  |
    +---------+---------+----------+----------+-----+-----+---------+
    |      268|      268|  2.680 us|  2.680 us|  269|  269|       no|
    +---------+---------+----------+----------+-----+-----+---------+

    + Detail: 
        * Instance: 
        +------------------------------------------------+-------------------------------------+---------+---------+----------+----------+-----+-----+---------+
        |                                                |                                     |  Latency (cycles) |  Latency (absolute) |  Interval | Pipeline|
        |                    Instance                    |                Module               |   min   |   max   |    min   |    max   | min | max |   Type  |
        +------------------------------------------------+-------------------------------------+---------+---------+----------+----------+-----+-----+---------+
        |grp_Matrix_Vector_Activate_Stream_Batch_fu_510  |Matrix_Vector_Activate_Stream_Batch  |      265|      265|  2.650 us|  2.650 us|  265|  265|       no|
        +------------------------------------------------+-------------------------------------+---------+---------+----------+----------+-----+-----+---------+

        * Loop: 
        N/A



================================================================
== Utilization Estimates
================================================================
* Summary: 
+-----------------+---------+-----+--------+-------+-----+
|       Name      | BRAM_18K| DSP |   FF   |  LUT  | URAM|
+-----------------+---------+-----+--------+-------+-----+
|DSP              |        -|    -|       -|      -|    -|
|Expression       |        -|    -|       0|      2|    -|
|FIFO             |        -|    -|       -|      -|    -|
|Instance         |        0|   80|    4932|   7629|    -|
|Memory           |        -|    -|       -|      -|    -|
|Multiplexer      |        -|    -|       -|     43|    -|
|Register         |        -|    -|       5|      -|    -|
+-----------------+---------+-----+--------+-------+-----+
|Total            |        0|   80|    4937|   7674|    0|
+-----------------+---------+-----+--------+-------+-----+
|Available        |      280|  220|  106400|  53200|    0|
+-----------------+---------+-----+--------+-------+-----+
|Utilization (%)  |        0|   36|       4|     14|    0|
+-----------------+---------+-----+--------+-------+-----+

+ Detail: 
    * Instance: 
    +------------------------------------------------+-------------------------------------+---------+----+------+------+-----+
    |                    Instance                    |                Module               | BRAM_18K| DSP|  FF  |  LUT | URAM|
    +------------------------------------------------+-------------------------------------+---------+----+------+------+-----+
    |grp_Matrix_Vector_Activate_Stream_Batch_fu_510  |Matrix_Vector_Activate_Stream_Batch  |        0|  80|  4932|  7629|    0|
    +------------------------------------------------+-------------------------------------+---------+----+------+------+-----+
    |Total                                           |                                     |        0|  80|  4932|  7629|    0|
    +------------------------------------------------+-------------------------------------+---------+----+------+------+-----+

    * DSP: 
    N/A

    * Memory: 
    N/A

    * FIFO: 
    N/A

    * Expression: 
    +-------------------------------------------------------------+----------+----+---+----+------------+------------+
    |                        Variable Name                        | Operation| DSP| FF| LUT| Bitwidth P0| Bitwidth P1|
    +-------------------------------------------------------------+----------+----+---+----+------------+------------+
    |grp_Matrix_Vector_Activate_Stream_Batch_fu_510_out_V_TREADY  |       and|   0|  0|   2|           1|           1|
    +-------------------------------------------------------------+----------+----+---+----+------------+------------+
    |Total                                                        |          |   0|  0|   2|           1|           1|
    +-------------------------------------------------------------+----------+----+---+----+------------+------------+

    * Multiplexer: 
    +-------------------------------+----+-----------+-----+-----------+
    |              Name             | LUT| Input Size| Bits| Total Bits|
    +-------------------------------+----+-----------+-----+-----------+
    |ap_NS_fsm                      |  25|          5|    1|          5|
    |in0_V_TREADY_int_regslice      |   9|          2|    1|          2|
    |weights_V_TREADY_int_regslice  |   9|          2|    1|          2|
    +-------------------------------+----+-----------+-----+-----------+
    |Total                          |  43|          9|    3|          9|
    +-------------------------------+----+-----------+-----+-----------+

    * Register: 
    +-------------------------------------------------------------+---+----+-----+-----------+
    |                             Name                            | FF| LUT| Bits| Const Bits|
    +-------------------------------------------------------------+---+----+-----+-----------+
    |ap_CS_fsm                                                    |  4|   0|    4|          0|
    |grp_Matrix_Vector_Activate_Stream_Batch_fu_510_ap_start_reg  |  1|   0|    1|          0|
    +-------------------------------------------------------------+---+----+-----+-----------+
    |Total                                                        |  5|   0|    5|          0|
    +-------------------------------------------------------------+---+----+-----+-----------+



================================================================
== Interface
================================================================
* Summary: 
+------------------+-----+-----+--------------+--------------------------+--------------+
|     RTL Ports    | Dir | Bits|   Protocol   |       Source Object      |    C Type    |
+------------------+-----+-----+--------------+--------------------------+--------------+
|ap_clk            |   in|    1|  ap_ctrl_none|  MatrixVectorActivation_1|  return value|
|ap_rst_n          |   in|    1|  ap_ctrl_none|  MatrixVectorActivation_1|  return value|
|in0_V_TDATA       |   in|   32|          axis|                     in0_V|       pointer|
|in0_V_TVALID      |   in|    1|          axis|                     in0_V|       pointer|
|in0_V_TREADY      |  out|    1|          axis|                     in0_V|       pointer|
|weights_V_TDATA   |   in|  512|          axis|                 weights_V|       pointer|
|weights_V_TVALID  |   in|    1|          axis|                 weights_V|       pointer|
|weights_V_TREADY  |  out|    1|          axis|                 weights_V|       pointer|
|out_V_TDATA       |  out|   64|          axis|                     out_V|       pointer|
|out_V_TVALID      |  out|    1|          axis|                     out_V|       pointer|
|out_V_TREADY      |   in|    1|          axis|                     out_V|       pointer|
+------------------+-----+-----+--------------+--------------------------+--------------+

============================================================
+ Verbose Summary: Synthesis Manager
============================================================
InlineROM: 1
ExposeGlobal: 0
============================================================
+ Verbose Summary: CDFG Model
============================================================
IsTopModel: 1
ResetActiveHigh: 1
IsCombinational: 2
IsDatapathOnly: 2
HasWiredReturn: 1
HasMFsm: 0
HasVarLatency: 1
IsPipeline: 0
IsRtlPipelined: 0
IsInstanceOverlapped: 0
IsDontTouch: 0
HasImplIP: 0
IsGatedGlobalClock: 0


============================================================
+ Verbose Summary: Schedule
============================================================
* Number of FSM states : 4
* Pipeline : 0
* Dataflow Pipeline: 0

* FSM state transitions: 
1 --> 2 
2 --> 3 
3 --> 4 
4 --> 

* FSM state operations: 

State 1 <SV = 0> <Delay = 0.00>

State 2 <SV = 1> <Delay = 1.58>
ST_2 : Operation 5 [2/2] (1.58ns)   --->   "%call_ln38 = call void @Matrix_Vector_Activate_Stream_Batch, i32 %in0_V, i64 %out_V, i512 %weights_V, i1 %p_ZL7threshs_0_0, i4 %p_ZL7threshs_0_1, i3 %p_ZL7threshs_0_2, i5 %p_ZL7threshs_0_3, i5 %p_ZL7threshs_0_4, i3 %p_ZL7threshs_0_5, i6 %p_ZL7threshs_0_6, i6 %p_ZL7threshs_0_7, i6 %p_ZL7threshs_0_8, i5 %p_ZL7threshs_0_9, i5 %p_ZL7threshs_0_10, i4 %p_ZL7threshs_0_11, i1 %p_ZL7threshs_0_12, i7 %p_ZL7threshs_0_13, i7 %p_ZL7threshs_0_14, i1 %p_ZL7threshs_1_0, i4 %p_ZL7threshs_1_1, i3 %p_ZL7threshs_1_2, i5 %p_ZL7threshs_1_3, i5 %p_ZL7threshs_1_4, i3 %p_ZL7threshs_1_5, i6 %p_ZL7threshs_1_6, i6 %p_ZL7threshs_1_7, i6 %p_ZL7threshs_1_8, i5 %p_ZL7threshs_1_9, i5 %p_ZL7threshs_1_10, i4 %p_ZL7threshs_1_11, i1 %p_ZL7threshs_1_12, i7 %p_ZL7threshs_1_13, i7 %p_ZL7threshs_1_14, i1 %p_ZL7threshs_2_0, i4 %p_ZL7threshs_2_1, i3 %p_ZL7threshs_2_2, i5 %p_ZL7threshs_2_3, i5 %p_ZL7threshs_2_4, i3 %p_ZL7threshs_2_5, i6 %p_ZL7threshs_2_6, i6 %p_ZL7threshs_2_7, i6 %p_ZL7threshs_2_8, i5 %p_ZL7threshs_2_9, i5 %p_ZL7threshs_2_10, i4 %p_ZL7threshs_2_11, i1 %p_ZL7threshs_2_12, i7 %p_ZL7threshs_2_13, i7 %p_ZL7threshs_2_14, i1 %p_ZL7threshs_3_0, i4 %p_ZL7threshs_3_1, i3 %p_ZL7threshs_3_2, i5 %p_ZL7threshs_3_3, i5 %p_ZL7threshs_3_4, i3 %p_ZL7threshs_3_5, i6 %p_ZL7threshs_3_6, i6 %p_ZL7threshs_3_7, i6 %p_ZL7threshs_3_8, i5 %p_ZL7threshs_3_9, i5 %p_ZL7threshs_3_10, i4 %p_ZL7threshs_3_11, i1 %p_ZL7threshs_3_12, i7 %p_ZL7threshs_3_13, i7 %p_ZL7threshs_3_14, i1 %p_ZL7threshs_4_0, i4 %p_ZL7threshs_4_1, i3 %p_ZL7threshs_4_2, i5 %p_ZL7threshs_4_3, i5 %p_ZL7threshs_4_4, i3 %p_ZL7threshs_4_5, i6 %p_ZL7threshs_4_6, i6 %p_ZL7threshs_4_7, i6 %p_ZL7threshs_4_8, i5 %p_ZL7threshs_4_9, i5 %p_ZL7threshs_4_10, i4 %p_ZL7threshs_4_11, i1 %p_ZL7threshs_4_12, i7 %p_ZL7threshs_4_13, i7 %p_ZL7threshs_4_14, i1 %p_ZL7threshs_5_0, i4 %p_ZL7threshs_5_1, i3 %p_ZL7threshs_5_2, i5 %p_ZL7threshs_5_3, i5 %p_ZL7threshs_5_4, i3 %p_ZL7threshs_5_5, i6 %p_ZL7threshs_5_6, i6 %p_ZL7threshs_5_7, i6 %p_ZL7threshs_5_8, i5 %p_ZL7threshs_5_9, i5 %p_ZL7threshs_5_10, i4 %p_ZL7threshs_5_11, i1 %p_ZL7threshs_5_12, i7 %p_ZL7threshs_5_13, i7 %p_ZL7threshs_5_14, i1 %p_ZL7threshs_6_0, i4 %p_ZL7threshs_6_1, i3 %p_ZL7threshs_6_2, i5 %p_ZL7threshs_6_3, i5 %p_ZL7threshs_6_4, i3 %p_ZL7threshs_6_5, i6 %p_ZL7threshs_6_6, i6 %p_ZL7threshs_6_7, i6 %p_ZL7threshs_6_8, i5 %p_ZL7threshs_6_9, i5 %p_ZL7threshs_6_10, i4 %p_ZL7threshs_6_11, i1 %p_ZL7threshs_6_12, i7 %p_ZL7threshs_6_13, i7 %p_ZL7threshs_6_14, i1 %p_ZL7threshs_7_0, i4 %p_ZL7threshs_7_1, i3 %p_ZL7threshs_7_2, i5 %p_ZL7threshs_7_3, i5 %p_ZL7threshs_7_4, i3 %p_ZL7threshs_7_5, i6 %p_ZL7threshs_7_6, i6 %p_ZL7threshs_7_7, i6 %p_ZL7threshs_7_8, i5 %p_ZL7threshs_7_9, i5 %p_ZL7threshs_7_10, i4 %p_ZL7threshs_7_11, i1 %p_ZL7threshs_7_12, i7 %p_ZL7threshs_7_13, i7 %p_ZL7threshs_7_14, i1 %p_ZL7threshs_8_0, i4 %p_ZL7threshs_8_1, i3 %p_ZL7threshs_8_2, i5 %p_ZL7threshs_8_3, i5 %p_ZL7threshs_8_4, i3 %p_ZL7threshs_8_5, i6 %p_ZL7threshs_8_6, i6 %p_ZL7threshs_8_7, i6 %p_ZL7threshs_8_8, i5 %p_ZL7threshs_8_9, i5 %p_ZL7threshs_8_10, i4 %p_ZL7threshs_8_11, i1 %p_ZL7threshs_8_12, i7 %p_ZL7threshs_8_13, i7 %p_ZL7threshs_8_14, i1 %p_ZL7threshs_9_0, i4 %p_ZL7threshs_9_1, i3 %p_ZL7threshs_9_2, i5 %p_ZL7threshs_9_3, i5 %p_ZL7threshs_9_4, i3 %p_ZL7threshs_9_5, i6 %p_ZL7threshs_9_6, i6 %p_ZL7threshs_9_7, i6 %p_ZL7threshs_9_8, i5 %p_ZL7threshs_9_9, i5 %p_ZL7threshs_9_10, i4 %p_ZL7threshs_9_11, i1 %p_ZL7threshs_9_12, i7 %p_ZL7threshs_9_13, i7 %p_ZL7threshs_9_14, i1 %p_ZL7threshs_10_0, i4 %p_ZL7threshs_10_1, i3 %p_ZL7threshs_10_2, i5 %p_ZL7threshs_10_3, i5 %p_ZL7threshs_10_4, i3 %p_ZL7threshs_10_5, i6 %p_ZL7threshs_10_6, i6 %p_ZL7threshs_10_7, i6 %p_ZL7threshs_10_8, i5 %p_ZL7threshs_10_9, i5 %p_ZL7threshs_10_10, i4 %p_ZL7threshs_10_11, i1 %p_ZL7threshs_10_12, i7 %p_ZL7threshs_10_13, i7 %p_ZL7threshs_10_14, i1 %p_ZL7threshs_11_0, i4 %p_ZL7threshs_11_1, i3 %p_ZL7threshs_11_2, i5 %p_ZL7threshs_11_3, i5 %p_ZL7threshs_11_4, i3 %p_ZL7threshs_11_5, i6 %p_ZL7threshs_11_6, i6 %p_ZL7threshs_11_7, i6 %p_ZL7threshs_11_8, i5 %p_ZL7threshs_11_9, i5 %p_ZL7threshs_11_10, i4 %p_ZL7threshs_11_11, i1 %p_ZL7threshs_11_12, i7 %p_ZL7threshs_11_13, i7 %p_ZL7threshs_11_14, i1 %p_ZL7threshs_12_0, i4 %p_ZL7threshs_12_1, i3 %p_ZL7threshs_12_2, i5 %p_ZL7threshs_12_3, i5 %p_ZL7threshs_12_4, i3 %p_ZL7threshs_12_5, i6 %p_ZL7threshs_12_6, i6 %p_ZL7threshs_12_7, i6 %p_ZL7threshs_12_8, i5 %p_ZL7threshs_12_9, i5 %p_ZL7threshs_12_10, i4 %p_ZL7threshs_12_11, i1 %p_ZL7threshs_12_12, i7 %p_ZL7threshs_12_13, i7 %p_ZL7threshs_12_14, i1 %p_ZL7threshs_13_0, i4 %p_ZL7threshs_13_1, i3 %p_ZL7threshs_13_2, i5 %p_ZL7threshs_13_3, i5 %p_ZL7threshs_13_4, i3 %p_ZL7threshs_13_5, i6 %p_ZL7threshs_13_6, i6 %p_ZL7threshs_13_7, i6 %p_ZL7threshs_13_8, i5 %p_ZL7threshs_13_9, i5 %p_ZL7threshs_13_10, i4 %p_ZL7threshs_13_11, i1 %p_ZL7threshs_13_12, i7 %p_ZL7threshs_13_13, i7 %p_ZL7threshs_13_14, i1 %p_ZL7threshs_14_0, i4 %p_ZL7threshs_14_1, i3 %p_ZL7threshs_14_2, i5 %p_ZL7threshs_14_3, i5 %p_ZL7threshs_14_4, i3 %p_ZL7threshs_14_5, i6 %p_ZL7threshs_14_6, i6 %p_ZL7threshs_14_7, i6 %p_ZL7threshs_14_8, i5 %p_ZL7threshs_14_9, i5 %p_ZL7threshs_14_10, i4 %p_ZL7threshs_14_11, i1 %p_ZL7threshs_14_12, i7 %p_ZL7threshs_14_13, i7 %p_ZL7threshs_14_14, i1 %p_ZL7threshs_15_0, i4 %p_ZL7threshs_15_1, i3 %p_ZL7threshs_15_2, i5 %p_ZL7threshs_15_3, i5 %p_ZL7threshs_15_4, i3 %p_ZL7threshs_15_5, i6 %p_ZL7threshs_15_6, i6 %p_ZL7threshs_15_7, i6 %p_ZL7threshs_15_8, i5 %p_ZL7threshs_15_9, i5 %p_ZL7threshs_15_10, i4 %p_ZL7threshs_15_11, i1 %p_ZL7threshs_15_12, i7 %p_ZL7threshs_15_13, i7 %p_ZL7threshs_15_14" [/home/miguel_tfg/FINN-v0.9-Stable/notebooks/UAH_example/FINN_build/code_gen_ipgen_MatrixVectorActivation_1_gm83o_k0/top_MatrixVectorActivation_1.cpp:38]   --->   Operation 5 'call' 'call_ln38' <Predicate = true> <Delay = 1.58> <CoreType = "Generic">   --->   Core 0 '' <Latency = 0> <II = 1> <Delay = 1.00> <Generic> <Opcode : >

State 3 <SV = 2> <Delay = 6.44>
ST_3 : Operation 6 [1/2] (6.44ns)   --->   "%call_ln38 = call void @Matrix_Vector_Activate_Stream_Batch, i32 %in0_V, i64 %out_V, i512 %weights_V, i1 %p_ZL7threshs_0_0, i4 %p_ZL7threshs_0_1, i3 %p_ZL7threshs_0_2, i5 %p_ZL7threshs_0_3, i5 %p_ZL7threshs_0_4, i3 %p_ZL7threshs_0_5, i6 %p_ZL7threshs_0_6, i6 %p_ZL7threshs_0_7, i6 %p_ZL7threshs_0_8, i5 %p_ZL7threshs_0_9, i5 %p_ZL7threshs_0_10, i4 %p_ZL7threshs_0_11, i1 %p_ZL7threshs_0_12, i7 %p_ZL7threshs_0_13, i7 %p_ZL7threshs_0_14, i1 %p_ZL7threshs_1_0, i4 %p_ZL7threshs_1_1, i3 %p_ZL7threshs_1_2, i5 %p_ZL7threshs_1_3, i5 %p_ZL7threshs_1_4, i3 %p_ZL7threshs_1_5, i6 %p_ZL7threshs_1_6, i6 %p_ZL7threshs_1_7, i6 %p_ZL7threshs_1_8, i5 %p_ZL7threshs_1_9, i5 %p_ZL7threshs_1_10, i4 %p_ZL7threshs_1_11, i1 %p_ZL7threshs_1_12, i7 %p_ZL7threshs_1_13, i7 %p_ZL7threshs_1_14, i1 %p_ZL7threshs_2_0, i4 %p_ZL7threshs_2_1, i3 %p_ZL7threshs_2_2, i5 %p_ZL7threshs_2_3, i5 %p_ZL7threshs_2_4, i3 %p_ZL7threshs_2_5, i6 %p_ZL7threshs_2_6, i6 %p_ZL7threshs_2_7, i6 %p_ZL7threshs_2_8, i5 %p_ZL7threshs_2_9, i5 %p_ZL7threshs_2_10, i4 %p_ZL7threshs_2_11, i1 %p_ZL7threshs_2_12, i7 %p_ZL7threshs_2_13, i7 %p_ZL7threshs_2_14, i1 %p_ZL7threshs_3_0, i4 %p_ZL7threshs_3_1, i3 %p_ZL7threshs_3_2, i5 %p_ZL7threshs_3_3, i5 %p_ZL7threshs_3_4, i3 %p_ZL7threshs_3_5, i6 %p_ZL7threshs_3_6, i6 %p_ZL7threshs_3_7, i6 %p_ZL7threshs_3_8, i5 %p_ZL7threshs_3_9, i5 %p_ZL7threshs_3_10, i4 %p_ZL7threshs_3_11, i1 %p_ZL7threshs_3_12, i7 %p_ZL7threshs_3_13, i7 %p_ZL7threshs_3_14, i1 %p_ZL7threshs_4_0, i4 %p_ZL7threshs_4_1, i3 %p_ZL7threshs_4_2, i5 %p_ZL7threshs_4_3, i5 %p_ZL7threshs_4_4, i3 %p_ZL7threshs_4_5, i6 %p_ZL7threshs_4_6, i6 %p_ZL7threshs_4_7, i6 %p_ZL7threshs_4_8, i5 %p_ZL7threshs_4_9, i5 %p_ZL7threshs_4_10, i4 %p_ZL7threshs_4_11, i1 %p_ZL7threshs_4_12, i7 %p_ZL7threshs_4_13, i7 %p_ZL7threshs_4_14, i1 %p_ZL7threshs_5_0, i4 %p_ZL7threshs_5_1, i3 %p_ZL7threshs_5_2, i5 %p_ZL7threshs_5_3, i5 %p_ZL7threshs_5_4, i3 %p_ZL7threshs_5_5, i6 %p_ZL7threshs_5_6, i6 %p_ZL7threshs_5_7, i6 %p_ZL7threshs_5_8, i5 %p_ZL7threshs_5_9, i5 %p_ZL7threshs_5_10, i4 %p_ZL7threshs_5_11, i1 %p_ZL7threshs_5_12, i7 %p_ZL7threshs_5_13, i7 %p_ZL7threshs_5_14, i1 %p_ZL7threshs_6_0, i4 %p_ZL7threshs_6_1, i3 %p_ZL7threshs_6_2, i5 %p_ZL7threshs_6_3, i5 %p_ZL7threshs_6_4, i3 %p_ZL7threshs_6_5, i6 %p_ZL7threshs_6_6, i6 %p_ZL7threshs_6_7, i6 %p_ZL7threshs_6_8, i5 %p_ZL7threshs_6_9, i5 %p_ZL7threshs_6_10, i4 %p_ZL7threshs_6_11, i1 %p_ZL7threshs_6_12, i7 %p_ZL7threshs_6_13, i7 %p_ZL7threshs_6_14, i1 %p_ZL7threshs_7_0, i4 %p_ZL7threshs_7_1, i3 %p_ZL7threshs_7_2, i5 %p_ZL7threshs_7_3, i5 %p_ZL7threshs_7_4, i3 %p_ZL7threshs_7_5, i6 %p_ZL7threshs_7_6, i6 %p_ZL7threshs_7_7, i6 %p_ZL7threshs_7_8, i5 %p_ZL7threshs_7_9, i5 %p_ZL7threshs_7_10, i4 %p_ZL7threshs_7_11, i1 %p_ZL7threshs_7_12, i7 %p_ZL7threshs_7_13, i7 %p_ZL7threshs_7_14, i1 %p_ZL7threshs_8_0, i4 %p_ZL7threshs_8_1, i3 %p_ZL7threshs_8_2, i5 %p_ZL7threshs_8_3, i5 %p_ZL7threshs_8_4, i3 %p_ZL7threshs_8_5, i6 %p_ZL7threshs_8_6, i6 %p_ZL7threshs_8_7, i6 %p_ZL7threshs_8_8, i5 %p_ZL7threshs_8_9, i5 %p_ZL7threshs_8_10, i4 %p_ZL7threshs_8_11, i1 %p_ZL7threshs_8_12, i7 %p_ZL7threshs_8_13, i7 %p_ZL7threshs_8_14, i1 %p_ZL7threshs_9_0, i4 %p_ZL7threshs_9_1, i3 %p_ZL7threshs_9_2, i5 %p_ZL7threshs_9_3, i5 %p_ZL7threshs_9_4, i3 %p_ZL7threshs_9_5, i6 %p_ZL7threshs_9_6, i6 %p_ZL7threshs_9_7, i6 %p_ZL7threshs_9_8, i5 %p_ZL7threshs_9_9, i5 %p_ZL7threshs_9_10, i4 %p_ZL7threshs_9_11, i1 %p_ZL7threshs_9_12, i7 %p_ZL7threshs_9_13, i7 %p_ZL7threshs_9_14, i1 %p_ZL7threshs_10_0, i4 %p_ZL7threshs_10_1, i3 %p_ZL7threshs_10_2, i5 %p_ZL7threshs_10_3, i5 %p_ZL7threshs_10_4, i3 %p_ZL7threshs_10_5, i6 %p_ZL7threshs_10_6, i6 %p_ZL7threshs_10_7, i6 %p_ZL7threshs_10_8, i5 %p_ZL7threshs_10_9, i5 %p_ZL7threshs_10_10, i4 %p_ZL7threshs_10_11, i1 %p_ZL7threshs_10_12, i7 %p_ZL7threshs_10_13, i7 %p_ZL7threshs_10_14, i1 %p_ZL7threshs_11_0, i4 %p_ZL7threshs_11_1, i3 %p_ZL7threshs_11_2, i5 %p_ZL7threshs_11_3, i5 %p_ZL7threshs_11_4, i3 %p_ZL7threshs_11_5, i6 %p_ZL7threshs_11_6, i6 %p_ZL7threshs_11_7, i6 %p_ZL7threshs_11_8, i5 %p_ZL7threshs_11_9, i5 %p_ZL7threshs_11_10, i4 %p_ZL7threshs_11_11, i1 %p_ZL7threshs_11_12, i7 %p_ZL7threshs_11_13, i7 %p_ZL7threshs_11_14, i1 %p_ZL7threshs_12_0, i4 %p_ZL7threshs_12_1, i3 %p_ZL7threshs_12_2, i5 %p_ZL7threshs_12_3, i5 %p_ZL7threshs_12_4, i3 %p_ZL7threshs_12_5, i6 %p_ZL7threshs_12_6, i6 %p_ZL7threshs_12_7, i6 %p_ZL7threshs_12_8, i5 %p_ZL7threshs_12_9, i5 %p_ZL7threshs_12_10, i4 %p_ZL7threshs_12_11, i1 %p_ZL7threshs_12_12, i7 %p_ZL7threshs_12_13, i7 %p_ZL7threshs_12_14, i1 %p_ZL7threshs_13_0, i4 %p_ZL7threshs_13_1, i3 %p_ZL7threshs_13_2, i5 %p_ZL7threshs_13_3, i5 %p_ZL7threshs_13_4, i3 %p_ZL7threshs_13_5, i6 %p_ZL7threshs_13_6, i6 %p_ZL7threshs_13_7, i6 %p_ZL7threshs_13_8, i5 %p_ZL7threshs_13_9, i5 %p_ZL7threshs_13_10, i4 %p_ZL7threshs_13_11, i1 %p_ZL7threshs_13_12, i7 %p_ZL7threshs_13_13, i7 %p_ZL7threshs_13_14, i1 %p_ZL7threshs_14_0, i4 %p_ZL7threshs_14_1, i3 %p_ZL7threshs_14_2, i5 %p_ZL7threshs_14_3, i5 %p_ZL7threshs_14_4, i3 %p_ZL7threshs_14_5, i6 %p_ZL7threshs_14_6, i6 %p_ZL7threshs_14_7, i6 %p_ZL7threshs_14_8, i5 %p_ZL7threshs_14_9, i5 %p_ZL7threshs_14_10, i4 %p_ZL7threshs_14_11, i1 %p_ZL7threshs_14_12, i7 %p_ZL7threshs_14_13, i7 %p_ZL7threshs_14_14, i1 %p_ZL7threshs_15_0, i4 %p_ZL7threshs_15_1, i3 %p_ZL7threshs_15_2, i5 %p_ZL7threshs_15_3, i5 %p_ZL7threshs_15_4, i3 %p_ZL7threshs_15_5, i6 %p_ZL7threshs_15_6, i6 %p_ZL7threshs_15_7, i6 %p_ZL7threshs_15_8, i5 %p_ZL7threshs_15_9, i5 %p_ZL7threshs_15_10, i4 %p_ZL7threshs_15_11, i1 %p_ZL7threshs_15_12, i7 %p_ZL7threshs_15_13, i7 %p_ZL7threshs_15_14" [/home/miguel_tfg/FINN-v0.9-Stable/notebooks/UAH_example/FINN_build/code_gen_ipgen_MatrixVectorActivation_1_gm83o_k0/top_MatrixVectorActivation_1.cpp:38]   --->   Operation 6 'call' 'call_ln38' <Predicate = true> <Delay = 6.44> <CoreType = "Generic">   --->   Core 0 '' <Latency = 0> <II = 1> <Delay = 1.00> <Generic> <Opcode : >

State 4 <SV = 3> <Delay = 0.00>
ST_4 : Operation 7 [1/1] (0.00ns)   --->   "%spectopmodule_ln25 = spectopmodule void @_ssdm_op_SpecTopModule, void @empty_2" [/home/miguel_tfg/FINN-v0.9-Stable/notebooks/UAH_example/FINN_build/code_gen_ipgen_MatrixVectorActivation_1_gm83o_k0/top_MatrixVectorActivation_1.cpp:25]   --->   Operation 7 'spectopmodule' 'spectopmodule_ln25' <Predicate = true> <Delay = 0.00>
ST_4 : Operation 8 [1/1] (0.00ns)   --->   "%specinterface_ln25 = specinterface void @_ssdm_op_SpecInterface, i32 0, void @empty_3, i32 0, i32 0, void @empty_1, i32 0, i32 0, void @empty_1, void @empty_1, void @empty_1, i32 0, i32 0, i32 0, i32 0, void @empty_1, void @empty_1, i32 4294967295, i32 0" [/home/miguel_tfg/FINN-v0.9-Stable/notebooks/UAH_example/FINN_build/code_gen_ipgen_MatrixVectorActivation_1_gm83o_k0/top_MatrixVectorActivation_1.cpp:25]   --->   Operation 8 'specinterface' 'specinterface_ln25' <Predicate = true> <Delay = 0.00>
ST_4 : Operation 9 [1/1] (0.00ns)   --->   "%specinterface_ln0 = specinterface void @_ssdm_op_SpecInterface, i32 %in0_V, void @empty, i32 1, i32 1, void @empty_0, i32 0, i32 0, void @empty_1, void @empty_1, void @empty_1, i32 0, i32 0, i32 0, i32 0, void @empty_1, void @empty_1, i32 4294967295, i32 0"   --->   Operation 9 'specinterface' 'specinterface_ln0' <Predicate = true> <Delay = 0.00>
ST_4 : Operation 10 [1/1] (0.00ns)   --->   "%specbitsmap_ln0 = specbitsmap void @_ssdm_op_SpecBitsMap, i32 %in0_V"   --->   Operation 10 'specbitsmap' 'specbitsmap_ln0' <Predicate = true> <Delay = 0.00>
ST_4 : Operation 11 [1/1] (0.00ns)   --->   "%specinterface_ln0 = specinterface void @_ssdm_op_SpecInterface, i512 %weights_V, void @empty, i32 1, i32 1, void @empty_0, i32 0, i32 0, void @empty_1, void @empty_1, void @empty_1, i32 0, i32 0, i32 0, i32 0, void @empty_1, void @empty_1, i32 4294967295, i32 0"   --->   Operation 11 'specinterface' 'specinterface_ln0' <Predicate = true> <Delay = 0.00>
ST_4 : Operation 12 [1/1] (0.00ns)   --->   "%specbitsmap_ln0 = specbitsmap void @_ssdm_op_SpecBitsMap, i512 %weights_V"   --->   Operation 12 'specbitsmap' 'specbitsmap_ln0' <Predicate = true> <Delay = 0.00>
ST_4 : Operation 13 [1/1] (0.00ns)   --->   "%specinterface_ln0 = specinterface void @_ssdm_op_SpecInterface, i64 %out_V, void @empty, i32 1, i32 1, void @empty_0, i32 0, i32 0, void @empty_1, void @empty_1, void @empty_1, i32 0, i32 0, i32 0, i32 0, void @empty_1, void @empty_1, i32 4294967295, i32 0"   --->   Operation 13 'specinterface' 'specinterface_ln0' <Predicate = true> <Delay = 0.00>
ST_4 : Operation 14 [1/1] (0.00ns)   --->   "%specbitsmap_ln0 = specbitsmap void @_ssdm_op_SpecBitsMap, i64 %out_V"   --->   Operation 14 'specbitsmap' 'specbitsmap_ln0' <Predicate = true> <Delay = 0.00>
ST_4 : Operation 15 [1/1] (0.00ns)   --->   "%ret_ln40 = ret" [/home/miguel_tfg/FINN-v0.9-Stable/notebooks/UAH_example/FINN_build/code_gen_ipgen_MatrixVectorActivation_1_gm83o_k0/top_MatrixVectorActivation_1.cpp:40]   --->   Operation 15 'ret' 'ret_ln40' <Predicate = true> <Delay = 0.00>


============================================================
+ Verbose Summary: Binding
============================================================
STG Binding: 
---------------- STG Properties BEGIN ----------------
- Is combinational: 0
- Is one-state seq: 0
- Is datapath-only: 0
- Is pipelined: 0
- Is top level: 1
Port [ Return ] is wired: 1; IO mode=ap_ctrl_none:ce=0
Port [ in0_V]:  wired=1; compound=1; hidden=0; nouse=0; global=0; static=0; extern=0; dir=0; type=0; pingpong=0; private_global=0; IO mode=axis:ce=0
Port [ weights_V]:  wired=1; compound=1; hidden=0; nouse=0; global=0; static=0; extern=0; dir=0; type=0; pingpong=0; private_global=0; IO mode=axis:ce=0
Port [ out_V]:  wired=1; compound=1; hidden=0; nouse=0; global=0; static=0; extern=0; dir=1; type=0; pingpong=0; private_global=0; IO mode=axis:ce=0
Port [ p_ZL7threshs_0_0]:  wired=0; compound=1; hidden=1; nouse=1; global=1; static=1; extern=0; dir=0; type=1; pingpong=0; private_global=0; MemPort=[1]; IO mode=ap_memory:ce=0
Port [ p_ZL7threshs_0_1]:  wired=0; compound=1; hidden=1; nouse=1; global=1; static=1; extern=0; dir=0; type=1; pingpong=0; private_global=0; MemPort=[1]; IO mode=ap_memory:ce=0
Port [ p_ZL7threshs_0_2]:  wired=0; compound=1; hidden=1; nouse=1; global=1; static=1; extern=0; dir=0; type=1; pingpong=0; private_global=0; MemPort=[1]; IO mode=ap_memory:ce=0
Port [ p_ZL7threshs_0_3]:  wired=0; compound=1; hidden=1; nouse=1; global=1; static=1; extern=0; dir=0; type=1; pingpong=0; private_global=0; MemPort=[1]; IO mode=ap_memory:ce=0
Port [ p_ZL7threshs_0_4]:  wired=0; compound=1; hidden=1; nouse=1; global=1; static=1; extern=0; dir=0; type=1; pingpong=0; private_global=0; MemPort=[1]; IO mode=ap_memory:ce=0
Port [ p_ZL7threshs_0_5]:  wired=0; compound=1; hidden=1; nouse=1; global=1; static=1; extern=0; dir=0; type=1; pingpong=0; private_global=0; MemPort=[1]; IO mode=ap_memory:ce=0
Port [ p_ZL7threshs_0_6]:  wired=0; compound=1; hidden=1; nouse=1; global=1; static=1; extern=0; dir=0; type=1; pingpong=0; private_global=0; MemPort=[1]; IO mode=ap_memory:ce=0
Port [ p_ZL7threshs_0_7]:  wired=0; compound=1; hidden=1; nouse=1; global=1; static=1; extern=0; dir=0; type=1; pingpong=0; private_global=0; MemPort=[1]; IO mode=ap_memory:ce=0
Port [ p_ZL7threshs_0_8]:  wired=0; compound=1; hidden=1; nouse=1; global=1; static=1; extern=0; dir=0; type=1; pingpong=0; private_global=0; MemPort=[1]; IO mode=ap_memory:ce=0
Port [ p_ZL7threshs_0_9]:  wired=0; compound=1; hidden=1; nouse=1; global=1; static=1; extern=0; dir=0; type=1; pingpong=0; private_global=0; MemPort=[1]; IO mode=ap_memory:ce=0
Port [ p_ZL7threshs_0_10]:  wired=0; compound=1; hidden=1; nouse=1; global=1; static=1; extern=0; dir=0; type=1; pingpong=0; private_global=0; MemPort=[1]; IO mode=ap_memory:ce=0
Port [ p_ZL7threshs_0_11]:  wired=0; compound=1; hidden=1; nouse=1; global=1; static=1; extern=0; dir=0; type=1; pingpong=0; private_global=0; MemPort=[1]; IO mode=ap_memory:ce=0
Port [ p_ZL7threshs_0_12]:  wired=0; compound=1; hidden=1; nouse=1; global=1; static=1; extern=0; dir=0; type=1; pingpong=0; private_global=0; MemPort=[1]; IO mode=ap_memory:ce=0
Port [ p_ZL7threshs_0_13]:  wired=0; compound=1; hidden=1; nouse=1; global=1; static=1; extern=0; dir=0; type=1; pingpong=0; private_global=0; MemPort=[1]; IO mode=ap_memory:ce=0
Port [ p_ZL7threshs_0_14]:  wired=0; compound=1; hidden=1; nouse=1; global=1; static=1; extern=0; dir=0; type=1; pingpong=0; private_global=0; MemPort=[1]; IO mode=ap_memory:ce=0
Port [ p_ZL7threshs_1_0]:  wired=0; compound=1; hidden=1; nouse=1; global=1; static=1; extern=0; dir=0; type=1; pingpong=0; private_global=0; MemPort=[1]; IO mode=ap_memory:ce=0
Port [ p_ZL7threshs_1_1]:  wired=0; compound=1; hidden=1; nouse=1; global=1; static=1; extern=0; dir=0; type=1; pingpong=0; private_global=0; MemPort=[1]; IO mode=ap_memory:ce=0
Port [ p_ZL7threshs_1_2]:  wired=0; compound=1; hidden=1; nouse=1; global=1; static=1; extern=0; dir=0; type=1; pingpong=0; private_global=0; MemPort=[1]; IO mode=ap_memory:ce=0
Port [ p_ZL7threshs_1_3]:  wired=0; compound=1; hidden=1; nouse=1; global=1; static=1; extern=0; dir=0; type=1; pingpong=0; private_global=0; MemPort=[1]; IO mode=ap_memory:ce=0
Port [ p_ZL7threshs_1_4]:  wired=0; compound=1; hidden=1; nouse=1; global=1; static=1; extern=0; dir=0; type=1; pingpong=0; private_global=0; MemPort=[1]; IO mode=ap_memory:ce=0
Port [ p_ZL7threshs_1_5]:  wired=0; compound=1; hidden=1; nouse=1; global=1; static=1; extern=0; dir=0; type=1; pingpong=0; private_global=0; MemPort=[1]; IO mode=ap_memory:ce=0
Port [ p_ZL7threshs_1_6]:  wired=0; compound=1; hidden=1; nouse=1; global=1; static=1; extern=0; dir=0; type=1; pingpong=0; private_global=0; MemPort=[1]; IO mode=ap_memory:ce=0
Port [ p_ZL7threshs_1_7]:  wired=0; compound=1; hidden=1; nouse=1; global=1; static=1; extern=0; dir=0; type=1; pingpong=0; private_global=0; MemPort=[1]; IO mode=ap_memory:ce=0
Port [ p_ZL7threshs_1_8]:  wired=0; compound=1; hidden=1; nouse=1; global=1; static=1; extern=0; dir=0; type=1; pingpong=0; private_global=0; MemPort=[1]; IO mode=ap_memory:ce=0
Port [ p_ZL7threshs_1_9]:  wired=0; compound=1; hidden=1; nouse=1; global=1; static=1; extern=0; dir=0; type=1; pingpong=0; private_global=0; MemPort=[1]; IO mode=ap_memory:ce=0
Port [ p_ZL7threshs_1_10]:  wired=0; compound=1; hidden=1; nouse=1; global=1; static=1; extern=0; dir=0; type=1; pingpong=0; private_global=0; MemPort=[1]; IO mode=ap_memory:ce=0
Port [ p_ZL7threshs_1_11]:  wired=0; compound=1; hidden=1; nouse=1; global=1; static=1; extern=0; dir=0; type=1; pingpong=0; private_global=0; MemPort=[1]; IO mode=ap_memory:ce=0
Port [ p_ZL7threshs_1_12]:  wired=0; compound=1; hidden=1; nouse=1; global=1; static=1; extern=0; dir=0; type=1; pingpong=0; private_global=0; MemPort=[1]; IO mode=ap_memory:ce=0
Port [ p_ZL7threshs_1_13]:  wired=0; compound=1; hidden=1; nouse=1; global=1; static=1; extern=0; dir=0; type=1; pingpong=0; private_global=0; MemPort=[1]; IO mode=ap_memory:ce=0
Port [ p_ZL7threshs_1_14]:  wired=0; compound=1; hidden=1; nouse=1; global=1; static=1; extern=0; dir=0; type=1; pingpong=0; private_global=0; MemPort=[1]; IO mode=ap_memory:ce=0
Port [ p_ZL7threshs_2_0]:  wired=0; compound=1; hidden=1; nouse=1; global=1; static=1; extern=0; dir=0; type=1; pingpong=0; private_global=0; MemPort=[1]; IO mode=ap_memory:ce=0
Port [ p_ZL7threshs_2_1]:  wired=0; compound=1; hidden=1; nouse=1; global=1; static=1; extern=0; dir=0; type=1; pingpong=0; private_global=0; MemPort=[1]; IO mode=ap_memory:ce=0
Port [ p_ZL7threshs_2_2]:  wired=0; compound=1; hidden=1; nouse=1; global=1; static=1; extern=0; dir=0; type=1; pingpong=0; private_global=0; MemPort=[1]; IO mode=ap_memory:ce=0
Port [ p_ZL7threshs_2_3]:  wired=0; compound=1; hidden=1; nouse=1; global=1; static=1; extern=0; dir=0; type=1; pingpong=0; private_global=0; MemPort=[1]; IO mode=ap_memory:ce=0
Port [ p_ZL7threshs_2_4]:  wired=0; compound=1; hidden=1; nouse=1; global=1; static=1; extern=0; dir=0; type=1; pingpong=0; private_global=0; MemPort=[1]; IO mode=ap_memory:ce=0
Port [ p_ZL7threshs_2_5]:  wired=0; compound=1; hidden=1; nouse=1; global=1; static=1; extern=0; dir=0; type=1; pingpong=0; private_global=0; MemPort=[1]; IO mode=ap_memory:ce=0
Port [ p_ZL7threshs_2_6]:  wired=0; compound=1; hidden=1; nouse=1; global=1; static=1; extern=0; dir=0; type=1; pingpong=0; private_global=0; MemPort=[1]; IO mode=ap_memory:ce=0
Port [ p_ZL7threshs_2_7]:  wired=0; compound=1; hidden=1; nouse=1; global=1; static=1; extern=0; dir=0; type=1; pingpong=0; private_global=0; MemPort=[1]; IO mode=ap_memory:ce=0
Port [ p_ZL7threshs_2_8]:  wired=0; compound=1; hidden=1; nouse=1; global=1; static=1; extern=0; dir=0; type=1; pingpong=0; private_global=0; MemPort=[1]; IO mode=ap_memory:ce=0
Port [ p_ZL7threshs_2_9]:  wired=0; compound=1; hidden=1; nouse=1; global=1; static=1; extern=0; dir=0; type=1; pingpong=0; private_global=0; MemPort=[1]; IO mode=ap_memory:ce=0
Port [ p_ZL7threshs_2_10]:  wired=0; compound=1; hidden=1; nouse=1; global=1; static=1; extern=0; dir=0; type=1; pingpong=0; private_global=0; MemPort=[1]; IO mode=ap_memory:ce=0
Port [ p_ZL7threshs_2_11]:  wired=0; compound=1; hidden=1; nouse=1; global=1; static=1; extern=0; dir=0; type=1; pingpong=0; private_global=0; MemPort=[1]; IO mode=ap_memory:ce=0
Port [ p_ZL7threshs_2_12]:  wired=0; compound=1; hidden=1; nouse=1; global=1; static=1; extern=0; dir=0; type=1; pingpong=0; private_global=0; MemPort=[1]; IO mode=ap_memory:ce=0
Port [ p_ZL7threshs_2_13]:  wired=0; compound=1; hidden=1; nouse=1; global=1; static=1; extern=0; dir=0; type=1; pingpong=0; private_global=0; MemPort=[1]; IO mode=ap_memory:ce=0
Port [ p_ZL7threshs_2_14]:  wired=0; compound=1; hidden=1; nouse=1; global=1; static=1; extern=0; dir=0; type=1; pingpong=0; private_global=0; MemPort=[1]; IO mode=ap_memory:ce=0
Port [ p_ZL7threshs_3_0]:  wired=0; compound=1; hidden=1; nouse=1; global=1; static=1; extern=0; dir=0; type=1; pingpong=0; private_global=0; MemPort=[1]; IO mode=ap_memory:ce=0
Port [ p_ZL7threshs_3_1]:  wired=0; compound=1; hidden=1; nouse=1; global=1; static=1; extern=0; dir=0; type=1; pingpong=0; private_global=0; MemPort=[1]; IO mode=ap_memory:ce=0
Port [ p_ZL7threshs_3_2]:  wired=0; compound=1; hidden=1; nouse=1; global=1; static=1; extern=0; dir=0; type=1; pingpong=0; private_global=0; MemPort=[1]; IO mode=ap_memory:ce=0
Port [ p_ZL7threshs_3_3]:  wired=0; compound=1; hidden=1; nouse=1; global=1; static=1; extern=0; dir=0; type=1; pingpong=0; private_global=0; MemPort=[1]; IO mode=ap_memory:ce=0
Port [ p_ZL7threshs_3_4]:  wired=0; compound=1; hidden=1; nouse=1; global=1; static=1; extern=0; dir=0; type=1; pingpong=0; private_global=0; MemPort=[1]; IO mode=ap_memory:ce=0
Port [ p_ZL7threshs_3_5]:  wired=0; compound=1; hidden=1; nouse=1; global=1; static=1; extern=0; dir=0; type=1; pingpong=0; private_global=0; MemPort=[1]; IO mode=ap_memory:ce=0
Port [ p_ZL7threshs_3_6]:  wired=0; compound=1; hidden=1; nouse=1; global=1; static=1; extern=0; dir=0; type=1; pingpong=0; private_global=0; MemPort=[1]; IO mode=ap_memory:ce=0
Port [ p_ZL7threshs_3_7]:  wired=0; compound=1; hidden=1; nouse=1; global=1; static=1; extern=0; dir=0; type=1; pingpong=0; private_global=0; MemPort=[1]; IO mode=ap_memory:ce=0
Port [ p_ZL7threshs_3_8]:  wired=0; compound=1; hidden=1; nouse=1; global=1; static=1; extern=0; dir=0; type=1; pingpong=0; private_global=0; MemPort=[1]; IO mode=ap_memory:ce=0
Port [ p_ZL7threshs_3_9]:  wired=0; compound=1; hidden=1; nouse=1; global=1; static=1; extern=0; dir=0; type=1; pingpong=0; private_global=0; MemPort=[1]; IO mode=ap_memory:ce=0
Port [ p_ZL7threshs_3_10]:  wired=0; compound=1; hidden=1; nouse=1; global=1; static=1; extern=0; dir=0; type=1; pingpong=0; private_global=0; MemPort=[1]; IO mode=ap_memory:ce=0
Port [ p_ZL7threshs_3_11]:  wired=0; compound=1; hidden=1; nouse=1; global=1; static=1; extern=0; dir=0; type=1; pingpong=0; private_global=0; MemPort=[1]; IO mode=ap_memory:ce=0
Port [ p_ZL7threshs_3_12]:  wired=0; compound=1; hidden=1; nouse=1; global=1; static=1; extern=0; dir=0; type=1; pingpong=0; private_global=0; MemPort=[1]; IO mode=ap_memory:ce=0
Port [ p_ZL7threshs_3_13]:  wired=0; compound=1; hidden=1; nouse=1; global=1; static=1; extern=0; dir=0; type=1; pingpong=0; private_global=0; MemPort=[1]; IO mode=ap_memory:ce=0
Port [ p_ZL7threshs_3_14]:  wired=0; compound=1; hidden=1; nouse=1; global=1; static=1; extern=0; dir=0; type=1; pingpong=0; private_global=0; MemPort=[1]; IO mode=ap_memory:ce=0
Port [ p_ZL7threshs_4_0]:  wired=0; compound=1; hidden=1; nouse=1; global=1; static=1; extern=0; dir=0; type=1; pingpong=0; private_global=0; MemPort=[1]; IO mode=ap_memory:ce=0
Port [ p_ZL7threshs_4_1]:  wired=0; compound=1; hidden=1; nouse=1; global=1; static=1; extern=0; dir=0; type=1; pingpong=0; private_global=0; MemPort=[1]; IO mode=ap_memory:ce=0
Port [ p_ZL7threshs_4_2]:  wired=0; compound=1; hidden=1; nouse=1; global=1; static=1; extern=0; dir=0; type=1; pingpong=0; private_global=0; MemPort=[1]; IO mode=ap_memory:ce=0
Port [ p_ZL7threshs_4_3]:  wired=0; compound=1; hidden=1; nouse=1; global=1; static=1; extern=0; dir=0; type=1; pingpong=0; private_global=0; MemPort=[1]; IO mode=ap_memory:ce=0
Port [ p_ZL7threshs_4_4]:  wired=0; compound=1; hidden=1; nouse=1; global=1; static=1; extern=0; dir=0; type=1; pingpong=0; private_global=0; MemPort=[1]; IO mode=ap_memory:ce=0
Port [ p_ZL7threshs_4_5]:  wired=0; compound=1; hidden=1; nouse=1; global=1; static=1; extern=0; dir=0; type=1; pingpong=0; private_global=0; MemPort=[1]; IO mode=ap_memory:ce=0
Port [ p_ZL7threshs_4_6]:  wired=0; compound=1; hidden=1; nouse=1; global=1; static=1; extern=0; dir=0; type=1; pingpong=0; private_global=0; MemPort=[1]; IO mode=ap_memory:ce=0
Port [ p_ZL7threshs_4_7]:  wired=0; compound=1; hidden=1; nouse=1; global=1; static=1; extern=0; dir=0; type=1; pingpong=0; private_global=0; MemPort=[1]; IO mode=ap_memory:ce=0
Port [ p_ZL7threshs_4_8]:  wired=0; compound=1; hidden=1; nouse=1; global=1; static=1; extern=0; dir=0; type=1; pingpong=0; private_global=0; MemPort=[1]; IO mode=ap_memory:ce=0
Port [ p_ZL7threshs_4_9]:  wired=0; compound=1; hidden=1; nouse=1; global=1; static=1; extern=0; dir=0; type=1; pingpong=0; private_global=0; MemPort=[1]; IO mode=ap_memory:ce=0
Port [ p_ZL7threshs_4_10]:  wired=0; compound=1; hidden=1; nouse=1; global=1; static=1; extern=0; dir=0; type=1; pingpong=0; private_global=0; MemPort=[1]; IO mode=ap_memory:ce=0
Port [ p_ZL7threshs_4_11]:  wired=0; compound=1; hidden=1; nouse=1; global=1; static=1; extern=0; dir=0; type=1; pingpong=0; private_global=0; MemPort=[1]; IO mode=ap_memory:ce=0
Port [ p_ZL7threshs_4_12]:  wired=0; compound=1; hidden=1; nouse=1; global=1; static=1; extern=0; dir=0; type=1; pingpong=0; private_global=0; MemPort=[1]; IO mode=ap_memory:ce=0
Port [ p_ZL7threshs_4_13]:  wired=0; compound=1; hidden=1; nouse=1; global=1; static=1; extern=0; dir=0; type=1; pingpong=0; private_global=0; MemPort=[1]; IO mode=ap_memory:ce=0
Port [ p_ZL7threshs_4_14]:  wired=0; compound=1; hidden=1; nouse=1; global=1; static=1; extern=0; dir=0; type=1; pingpong=0; private_global=0; MemPort=[1]; IO mode=ap_memory:ce=0
Port [ p_ZL7threshs_5_0]:  wired=0; compound=1; hidden=1; nouse=1; global=1; static=1; extern=0; dir=0; type=1; pingpong=0; private_global=0; MemPort=[1]; IO mode=ap_memory:ce=0
Port [ p_ZL7threshs_5_1]:  wired=0; compound=1; hidden=1; nouse=1; global=1; static=1; extern=0; dir=0; type=1; pingpong=0; private_global=0; MemPort=[1]; IO mode=ap_memory:ce=0
Port [ p_ZL7threshs_5_2]:  wired=0; compound=1; hidden=1; nouse=1; global=1; static=1; extern=0; dir=0; type=1; pingpong=0; private_global=0; MemPort=[1]; IO mode=ap_memory:ce=0
Port [ p_ZL7threshs_5_3]:  wired=0; compound=1; hidden=1; nouse=1; global=1; static=1; extern=0; dir=0; type=1; pingpong=0; private_global=0; MemPort=[1]; IO mode=ap_memory:ce=0
Port [ p_ZL7threshs_5_4]:  wired=0; compound=1; hidden=1; nouse=1; global=1; static=1; extern=0; dir=0; type=1; pingpong=0; private_global=0; MemPort=[1]; IO mode=ap_memory:ce=0
Port [ p_ZL7threshs_5_5]:  wired=0; compound=1; hidden=1; nouse=1; global=1; static=1; extern=0; dir=0; type=1; pingpong=0; private_global=0; MemPort=[1]; IO mode=ap_memory:ce=0
Port [ p_ZL7threshs_5_6]:  wired=0; compound=1; hidden=1; nouse=1; global=1; static=1; extern=0; dir=0; type=1; pingpong=0; private_global=0; MemPort=[1]; IO mode=ap_memory:ce=0
Port [ p_ZL7threshs_5_7]:  wired=0; compound=1; hidden=1; nouse=1; global=1; static=1; extern=0; dir=0; type=1; pingpong=0; private_global=0; MemPort=[1]; IO mode=ap_memory:ce=0
Port [ p_ZL7threshs_5_8]:  wired=0; compound=1; hidden=1; nouse=1; global=1; static=1; extern=0; dir=0; type=1; pingpong=0; private_global=0; MemPort=[1]; IO mode=ap_memory:ce=0
Port [ p_ZL7threshs_5_9]:  wired=0; compound=1; hidden=1; nouse=1; global=1; static=1; extern=0; dir=0; type=1; pingpong=0; private_global=0; MemPort=[1]; IO mode=ap_memory:ce=0
Port [ p_ZL7threshs_5_10]:  wired=0; compound=1; hidden=1; nouse=1; global=1; static=1; extern=0; dir=0; type=1; pingpong=0; private_global=0; MemPort=[1]; IO mode=ap_memory:ce=0
Port [ p_ZL7threshs_5_11]:  wired=0; compound=1; hidden=1; nouse=1; global=1; static=1; extern=0; dir=0; type=1; pingpong=0; private_global=0; MemPort=[1]; IO mode=ap_memory:ce=0
Port [ p_ZL7threshs_5_12]:  wired=0; compound=1; hidden=1; nouse=1; global=1; static=1; extern=0; dir=0; type=1; pingpong=0; private_global=0; MemPort=[1]; IO mode=ap_memory:ce=0
Port [ p_ZL7threshs_5_13]:  wired=0; compound=1; hidden=1; nouse=1; global=1; static=1; extern=0; dir=0; type=1; pingpong=0; private_global=0; MemPort=[1]; IO mode=ap_memory:ce=0
Port [ p_ZL7threshs_5_14]:  wired=0; compound=1; hidden=1; nouse=1; global=1; static=1; extern=0; dir=0; type=1; pingpong=0; private_global=0; MemPort=[1]; IO mode=ap_memory:ce=0
Port [ p_ZL7threshs_6_0]:  wired=0; compound=1; hidden=1; nouse=1; global=1; static=1; extern=0; dir=0; type=1; pingpong=0; private_global=0; MemPort=[1]; IO mode=ap_memory:ce=0
Port [ p_ZL7threshs_6_1]:  wired=0; compound=1; hidden=1; nouse=1; global=1; static=1; extern=0; dir=0; type=1; pingpong=0; private_global=0; MemPort=[1]; IO mode=ap_memory:ce=0
Port [ p_ZL7threshs_6_2]:  wired=0; compound=1; hidden=1; nouse=1; global=1; static=1; extern=0; dir=0; type=1; pingpong=0; private_global=0; MemPort=[1]; IO mode=ap_memory:ce=0
Port [ p_ZL7threshs_6_3]:  wired=0; compound=1; hidden=1; nouse=1; global=1; static=1; extern=0; dir=0; type=1; pingpong=0; private_global=0; MemPort=[1]; IO mode=ap_memory:ce=0
Port [ p_ZL7threshs_6_4]:  wired=0; compound=1; hidden=1; nouse=1; global=1; static=1; extern=0; dir=0; type=1; pingpong=0; private_global=0; MemPort=[1]; IO mode=ap_memory:ce=0
Port [ p_ZL7threshs_6_5]:  wired=0; compound=1; hidden=1; nouse=1; global=1; static=1; extern=0; dir=0; type=1; pingpong=0; private_global=0; MemPort=[1]; IO mode=ap_memory:ce=0
Port [ p_ZL7threshs_6_6]:  wired=0; compound=1; hidden=1; nouse=1; global=1; static=1; extern=0; dir=0; type=1; pingpong=0; private_global=0; MemPort=[1]; IO mode=ap_memory:ce=0
Port [ p_ZL7threshs_6_7]:  wired=0; compound=1; hidden=1; nouse=1; global=1; static=1; extern=0; dir=0; type=1; pingpong=0; private_global=0; MemPort=[1]; IO mode=ap_memory:ce=0
Port [ p_ZL7threshs_6_8]:  wired=0; compound=1; hidden=1; nouse=1; global=1; static=1; extern=0; dir=0; type=1; pingpong=0; private_global=0; MemPort=[1]; IO mode=ap_memory:ce=0
Port [ p_ZL7threshs_6_9]:  wired=0; compound=1; hidden=1; nouse=1; global=1; static=1; extern=0; dir=0; type=1; pingpong=0; private_global=0; MemPort=[1]; IO mode=ap_memory:ce=0
Port [ p_ZL7threshs_6_10]:  wired=0; compound=1; hidden=1; nouse=1; global=1; static=1; extern=0; dir=0; type=1; pingpong=0; private_global=0; MemPort=[1]; IO mode=ap_memory:ce=0
Port [ p_ZL7threshs_6_11]:  wired=0; compound=1; hidden=1; nouse=1; global=1; static=1; extern=0; dir=0; type=1; pingpong=0; private_global=0; MemPort=[1]; IO mode=ap_memory:ce=0
Port [ p_ZL7threshs_6_12]:  wired=0; compound=1; hidden=1; nouse=1; global=1; static=1; extern=0; dir=0; type=1; pingpong=0; private_global=0; MemPort=[1]; IO mode=ap_memory:ce=0
Port [ p_ZL7threshs_6_13]:  wired=0; compound=1; hidden=1; nouse=1; global=1; static=1; extern=0; dir=0; type=1; pingpong=0; private_global=0; MemPort=[1]; IO mode=ap_memory:ce=0
Port [ p_ZL7threshs_6_14]:  wired=0; compound=1; hidden=1; nouse=1; global=1; static=1; extern=0; dir=0; type=1; pingpong=0; private_global=0; MemPort=[1]; IO mode=ap_memory:ce=0
Port [ p_ZL7threshs_7_0]:  wired=0; compound=1; hidden=1; nouse=1; global=1; static=1; extern=0; dir=0; type=1; pingpong=0; private_global=0; MemPort=[1]; IO mode=ap_memory:ce=0
Port [ p_ZL7threshs_7_1]:  wired=0; compound=1; hidden=1; nouse=1; global=1; static=1; extern=0; dir=0; type=1; pingpong=0; private_global=0; MemPort=[1]; IO mode=ap_memory:ce=0
Port [ p_ZL7threshs_7_2]:  wired=0; compound=1; hidden=1; nouse=1; global=1; static=1; extern=0; dir=0; type=1; pingpong=0; private_global=0; MemPort=[1]; IO mode=ap_memory:ce=0
Port [ p_ZL7threshs_7_3]:  wired=0; compound=1; hidden=1; nouse=1; global=1; static=1; extern=0; dir=0; type=1; pingpong=0; private_global=0; MemPort=[1]; IO mode=ap_memory:ce=0
Port [ p_ZL7threshs_7_4]:  wired=0; compound=1; hidden=1; nouse=1; global=1; static=1; extern=0; dir=0; type=1; pingpong=0; private_global=0; MemPort=[1]; IO mode=ap_memory:ce=0
Port [ p_ZL7threshs_7_5]:  wired=0; compound=1; hidden=1; nouse=1; global=1; static=1; extern=0; dir=0; type=1; pingpong=0; private_global=0; MemPort=[1]; IO mode=ap_memory:ce=0
Port [ p_ZL7threshs_7_6]:  wired=0; compound=1; hidden=1; nouse=1; global=1; static=1; extern=0; dir=0; type=1; pingpong=0; private_global=0; MemPort=[1]; IO mode=ap_memory:ce=0
Port [ p_ZL7threshs_7_7]:  wired=0; compound=1; hidden=1; nouse=1; global=1; static=1; extern=0; dir=0; type=1; pingpong=0; private_global=0; MemPort=[1]; IO mode=ap_memory:ce=0
Port [ p_ZL7threshs_7_8]:  wired=0; compound=1; hidden=1; nouse=1; global=1; static=1; extern=0; dir=0; type=1; pingpong=0; private_global=0; MemPort=[1]; IO mode=ap_memory:ce=0
Port [ p_ZL7threshs_7_9]:  wired=0; compound=1; hidden=1; nouse=1; global=1; static=1; extern=0; dir=0; type=1; pingpong=0; private_global=0; MemPort=[1]; IO mode=ap_memory:ce=0
Port [ p_ZL7threshs_7_10]:  wired=0; compound=1; hidden=1; nouse=1; global=1; static=1; extern=0; dir=0; type=1; pingpong=0; private_global=0; MemPort=[1]; IO mode=ap_memory:ce=0
Port [ p_ZL7threshs_7_11]:  wired=0; compound=1; hidden=1; nouse=1; global=1; static=1; extern=0; dir=0; type=1; pingpong=0; private_global=0; MemPort=[1]; IO mode=ap_memory:ce=0
Port [ p_ZL7threshs_7_12]:  wired=0; compound=1; hidden=1; nouse=1; global=1; static=1; extern=0; dir=0; type=1; pingpong=0; private_global=0; MemPort=[1]; IO mode=ap_memory:ce=0
Port [ p_ZL7threshs_7_13]:  wired=0; compound=1; hidden=1; nouse=1; global=1; static=1; extern=0; dir=0; type=1; pingpong=0; private_global=0; MemPort=[1]; IO mode=ap_memory:ce=0
Port [ p_ZL7threshs_7_14]:  wired=0; compound=1; hidden=1; nouse=1; global=1; static=1; extern=0; dir=0; type=1; pingpong=0; private_global=0; MemPort=[1]; IO mode=ap_memory:ce=0
Port [ p_ZL7threshs_8_0]:  wired=0; compound=1; hidden=1; nouse=1; global=1; static=1; extern=0; dir=0; type=1; pingpong=0; private_global=0; MemPort=[1]; IO mode=ap_memory:ce=0
Port [ p_ZL7threshs_8_1]:  wired=0; compound=1; hidden=1; nouse=1; global=1; static=1; extern=0; dir=0; type=1; pingpong=0; private_global=0; MemPort=[1]; IO mode=ap_memory:ce=0
Port [ p_ZL7threshs_8_2]:  wired=0; compound=1; hidden=1; nouse=1; global=1; static=1; extern=0; dir=0; type=1; pingpong=0; private_global=0; MemPort=[1]; IO mode=ap_memory:ce=0
Port [ p_ZL7threshs_8_3]:  wired=0; compound=1; hidden=1; nouse=1; global=1; static=1; extern=0; dir=0; type=1; pingpong=0; private_global=0; MemPort=[1]; IO mode=ap_memory:ce=0
Port [ p_ZL7threshs_8_4]:  wired=0; compound=1; hidden=1; nouse=1; global=1; static=1; extern=0; dir=0; type=1; pingpong=0; private_global=0; MemPort=[1]; IO mode=ap_memory:ce=0
Port [ p_ZL7threshs_8_5]:  wired=0; compound=1; hidden=1; nouse=1; global=1; static=1; extern=0; dir=0; type=1; pingpong=0; private_global=0; MemPort=[1]; IO mode=ap_memory:ce=0
Port [ p_ZL7threshs_8_6]:  wired=0; compound=1; hidden=1; nouse=1; global=1; static=1; extern=0; dir=0; type=1; pingpong=0; private_global=0; MemPort=[1]; IO mode=ap_memory:ce=0
Port [ p_ZL7threshs_8_7]:  wired=0; compound=1; hidden=1; nouse=1; global=1; static=1; extern=0; dir=0; type=1; pingpong=0; private_global=0; MemPort=[1]; IO mode=ap_memory:ce=0
Port [ p_ZL7threshs_8_8]:  wired=0; compound=1; hidden=1; nouse=1; global=1; static=1; extern=0; dir=0; type=1; pingpong=0; private_global=0; MemPort=[1]; IO mode=ap_memory:ce=0
Port [ p_ZL7threshs_8_9]:  wired=0; compound=1; hidden=1; nouse=1; global=1; static=1; extern=0; dir=0; type=1; pingpong=0; private_global=0; MemPort=[1]; IO mode=ap_memory:ce=0
Port [ p_ZL7threshs_8_10]:  wired=0; compound=1; hidden=1; nouse=1; global=1; static=1; extern=0; dir=0; type=1; pingpong=0; private_global=0; MemPort=[1]; IO mode=ap_memory:ce=0
Port [ p_ZL7threshs_8_11]:  wired=0; compound=1; hidden=1; nouse=1; global=1; static=1; extern=0; dir=0; type=1; pingpong=0; private_global=0; MemPort=[1]; IO mode=ap_memory:ce=0
Port [ p_ZL7threshs_8_12]:  wired=0; compound=1; hidden=1; nouse=1; global=1; static=1; extern=0; dir=0; type=1; pingpong=0; private_global=0; MemPort=[1]; IO mode=ap_memory:ce=0
Port [ p_ZL7threshs_8_13]:  wired=0; compound=1; hidden=1; nouse=1; global=1; static=1; extern=0; dir=0; type=1; pingpong=0; private_global=0; MemPort=[1]; IO mode=ap_memory:ce=0
Port [ p_ZL7threshs_8_14]:  wired=0; compound=1; hidden=1; nouse=1; global=1; static=1; extern=0; dir=0; type=1; pingpong=0; private_global=0; MemPort=[1]; IO mode=ap_memory:ce=0
Port [ p_ZL7threshs_9_0]:  wired=0; compound=1; hidden=1; nouse=1; global=1; static=1; extern=0; dir=0; type=1; pingpong=0; private_global=0; MemPort=[1]; IO mode=ap_memory:ce=0
Port [ p_ZL7threshs_9_1]:  wired=0; compound=1; hidden=1; nouse=1; global=1; static=1; extern=0; dir=0; type=1; pingpong=0; private_global=0; MemPort=[1]; IO mode=ap_memory:ce=0
Port [ p_ZL7threshs_9_2]:  wired=0; compound=1; hidden=1; nouse=1; global=1; static=1; extern=0; dir=0; type=1; pingpong=0; private_global=0; MemPort=[1]; IO mode=ap_memory:ce=0
Port [ p_ZL7threshs_9_3]:  wired=0; compound=1; hidden=1; nouse=1; global=1; static=1; extern=0; dir=0; type=1; pingpong=0; private_global=0; MemPort=[1]; IO mode=ap_memory:ce=0
Port [ p_ZL7threshs_9_4]:  wired=0; compound=1; hidden=1; nouse=1; global=1; static=1; extern=0; dir=0; type=1; pingpong=0; private_global=0; MemPort=[1]; IO mode=ap_memory:ce=0
Port [ p_ZL7threshs_9_5]:  wired=0; compound=1; hidden=1; nouse=1; global=1; static=1; extern=0; dir=0; type=1; pingpong=0; private_global=0; MemPort=[1]; IO mode=ap_memory:ce=0
Port [ p_ZL7threshs_9_6]:  wired=0; compound=1; hidden=1; nouse=1; global=1; static=1; extern=0; dir=0; type=1; pingpong=0; private_global=0; MemPort=[1]; IO mode=ap_memory:ce=0
Port [ p_ZL7threshs_9_7]:  wired=0; compound=1; hidden=1; nouse=1; global=1; static=1; extern=0; dir=0; type=1; pingpong=0; private_global=0; MemPort=[1]; IO mode=ap_memory:ce=0
Port [ p_ZL7threshs_9_8]:  wired=0; compound=1; hidden=1; nouse=1; global=1; static=1; extern=0; dir=0; type=1; pingpong=0; private_global=0; MemPort=[1]; IO mode=ap_memory:ce=0
Port [ p_ZL7threshs_9_9]:  wired=0; compound=1; hidden=1; nouse=1; global=1; static=1; extern=0; dir=0; type=1; pingpong=0; private_global=0; MemPort=[1]; IO mode=ap_memory:ce=0
Port [ p_ZL7threshs_9_10]:  wired=0; compound=1; hidden=1; nouse=1; global=1; static=1; extern=0; dir=0; type=1; pingpong=0; private_global=0; MemPort=[1]; IO mode=ap_memory:ce=0
Port [ p_ZL7threshs_9_11]:  wired=0; compound=1; hidden=1; nouse=1; global=1; static=1; extern=0; dir=0; type=1; pingpong=0; private_global=0; MemPort=[1]; IO mode=ap_memory:ce=0
Port [ p_ZL7threshs_9_12]:  wired=0; compound=1; hidden=1; nouse=1; global=1; static=1; extern=0; dir=0; type=1; pingpong=0; private_global=0; MemPort=[1]; IO mode=ap_memory:ce=0
Port [ p_ZL7threshs_9_13]:  wired=0; compound=1; hidden=1; nouse=1; global=1; static=1; extern=0; dir=0; type=1; pingpong=0; private_global=0; MemPort=[1]; IO mode=ap_memory:ce=0
Port [ p_ZL7threshs_9_14]:  wired=0; compound=1; hidden=1; nouse=1; global=1; static=1; extern=0; dir=0; type=1; pingpong=0; private_global=0; MemPort=[1]; IO mode=ap_memory:ce=0
Port [ p_ZL7threshs_10_0]:  wired=0; compound=1; hidden=1; nouse=1; global=1; static=1; extern=0; dir=0; type=1; pingpong=0; private_global=0; MemPort=[1]; IO mode=ap_memory:ce=0
Port [ p_ZL7threshs_10_1]:  wired=0; compound=1; hidden=1; nouse=1; global=1; static=1; extern=0; dir=0; type=1; pingpong=0; private_global=0; MemPort=[1]; IO mode=ap_memory:ce=0
Port [ p_ZL7threshs_10_2]:  wired=0; compound=1; hidden=1; nouse=1; global=1; static=1; extern=0; dir=0; type=1; pingpong=0; private_global=0; MemPort=[1]; IO mode=ap_memory:ce=0
Port [ p_ZL7threshs_10_3]:  wired=0; compound=1; hidden=1; nouse=1; global=1; static=1; extern=0; dir=0; type=1; pingpong=0; private_global=0; MemPort=[1]; IO mode=ap_memory:ce=0
Port [ p_ZL7threshs_10_4]:  wired=0; compound=1; hidden=1; nouse=1; global=1; static=1; extern=0; dir=0; type=1; pingpong=0; private_global=0; MemPort=[1]; IO mode=ap_memory:ce=0
Port [ p_ZL7threshs_10_5]:  wired=0; compound=1; hidden=1; nouse=1; global=1; static=1; extern=0; dir=0; type=1; pingpong=0; private_global=0; MemPort=[1]; IO mode=ap_memory:ce=0
Port [ p_ZL7threshs_10_6]:  wired=0; compound=1; hidden=1; nouse=1; global=1; static=1; extern=0; dir=0; type=1; pingpong=0; private_global=0; MemPort=[1]; IO mode=ap_memory:ce=0
Port [ p_ZL7threshs_10_7]:  wired=0; compound=1; hidden=1; nouse=1; global=1; static=1; extern=0; dir=0; type=1; pingpong=0; private_global=0; MemPort=[1]; IO mode=ap_memory:ce=0
Port [ p_ZL7threshs_10_8]:  wired=0; compound=1; hidden=1; nouse=1; global=1; static=1; extern=0; dir=0; type=1; pingpong=0; private_global=0; MemPort=[1]; IO mode=ap_memory:ce=0
Port [ p_ZL7threshs_10_9]:  wired=0; compound=1; hidden=1; nouse=1; global=1; static=1; extern=0; dir=0; type=1; pingpong=0; private_global=0; MemPort=[1]; IO mode=ap_memory:ce=0
Port [ p_ZL7threshs_10_10]:  wired=0; compound=1; hidden=1; nouse=1; global=1; static=1; extern=0; dir=0; type=1; pingpong=0; private_global=0; MemPort=[1]; IO mode=ap_memory:ce=0
Port [ p_ZL7threshs_10_11]:  wired=0; compound=1; hidden=1; nouse=1; global=1; static=1; extern=0; dir=0; type=1; pingpong=0; private_global=0; MemPort=[1]; IO mode=ap_memory:ce=0
Port [ p_ZL7threshs_10_12]:  wired=0; compound=1; hidden=1; nouse=1; global=1; static=1; extern=0; dir=0; type=1; pingpong=0; private_global=0; MemPort=[1]; IO mode=ap_memory:ce=0
Port [ p_ZL7threshs_10_13]:  wired=0; compound=1; hidden=1; nouse=1; global=1; static=1; extern=0; dir=0; type=1; pingpong=0; private_global=0; MemPort=[1]; IO mode=ap_memory:ce=0
Port [ p_ZL7threshs_10_14]:  wired=0; compound=1; hidden=1; nouse=1; global=1; static=1; extern=0; dir=0; type=1; pingpong=0; private_global=0; MemPort=[1]; IO mode=ap_memory:ce=0
Port [ p_ZL7threshs_11_0]:  wired=0; compound=1; hidden=1; nouse=1; global=1; static=1; extern=0; dir=0; type=1; pingpong=0; private_global=0; MemPort=[1]; IO mode=ap_memory:ce=0
Port [ p_ZL7threshs_11_1]:  wired=0; compound=1; hidden=1; nouse=1; global=1; static=1; extern=0; dir=0; type=1; pingpong=0; private_global=0; MemPort=[1]; IO mode=ap_memory:ce=0
Port [ p_ZL7threshs_11_2]:  wired=0; compound=1; hidden=1; nouse=1; global=1; static=1; extern=0; dir=0; type=1; pingpong=0; private_global=0; MemPort=[1]; IO mode=ap_memory:ce=0
Port [ p_ZL7threshs_11_3]:  wired=0; compound=1; hidden=1; nouse=1; global=1; static=1; extern=0; dir=0; type=1; pingpong=0; private_global=0; MemPort=[1]; IO mode=ap_memory:ce=0
Port [ p_ZL7threshs_11_4]:  wired=0; compound=1; hidden=1; nouse=1; global=1; static=1; extern=0; dir=0; type=1; pingpong=0; private_global=0; MemPort=[1]; IO mode=ap_memory:ce=0
Port [ p_ZL7threshs_11_5]:  wired=0; compound=1; hidden=1; nouse=1; global=1; static=1; extern=0; dir=0; type=1; pingpong=0; private_global=0; MemPort=[1]; IO mode=ap_memory:ce=0
Port [ p_ZL7threshs_11_6]:  wired=0; compound=1; hidden=1; nouse=1; global=1; static=1; extern=0; dir=0; type=1; pingpong=0; private_global=0; MemPort=[1]; IO mode=ap_memory:ce=0
Port [ p_ZL7threshs_11_7]:  wired=0; compound=1; hidden=1; nouse=1; global=1; static=1; extern=0; dir=0; type=1; pingpong=0; private_global=0; MemPort=[1]; IO mode=ap_memory:ce=0
Port [ p_ZL7threshs_11_8]:  wired=0; compound=1; hidden=1; nouse=1; global=1; static=1; extern=0; dir=0; type=1; pingpong=0; private_global=0; MemPort=[1]; IO mode=ap_memory:ce=0
Port [ p_ZL7threshs_11_9]:  wired=0; compound=1; hidden=1; nouse=1; global=1; static=1; extern=0; dir=0; type=1; pingpong=0; private_global=0; MemPort=[1]; IO mode=ap_memory:ce=0
Port [ p_ZL7threshs_11_10]:  wired=0; compound=1; hidden=1; nouse=1; global=1; static=1; extern=0; dir=0; type=1; pingpong=0; private_global=0; MemPort=[1]; IO mode=ap_memory:ce=0
Port [ p_ZL7threshs_11_11]:  wired=0; compound=1; hidden=1; nouse=1; global=1; static=1; extern=0; dir=0; type=1; pingpong=0; private_global=0; MemPort=[1]; IO mode=ap_memory:ce=0
Port [ p_ZL7threshs_11_12]:  wired=0; compound=1; hidden=1; nouse=1; global=1; static=1; extern=0; dir=0; type=1; pingpong=0; private_global=0; MemPort=[1]; IO mode=ap_memory:ce=0
Port [ p_ZL7threshs_11_13]:  wired=0; compound=1; hidden=1; nouse=1; global=1; static=1; extern=0; dir=0; type=1; pingpong=0; private_global=0; MemPort=[1]; IO mode=ap_memory:ce=0
Port [ p_ZL7threshs_11_14]:  wired=0; compound=1; hidden=1; nouse=1; global=1; static=1; extern=0; dir=0; type=1; pingpong=0; private_global=0; MemPort=[1]; IO mode=ap_memory:ce=0
Port [ p_ZL7threshs_12_0]:  wired=0; compound=1; hidden=1; nouse=1; global=1; static=1; extern=0; dir=0; type=1; pingpong=0; private_global=0; MemPort=[1]; IO mode=ap_memory:ce=0
Port [ p_ZL7threshs_12_1]:  wired=0; compound=1; hidden=1; nouse=1; global=1; static=1; extern=0; dir=0; type=1; pingpong=0; private_global=0; MemPort=[1]; IO mode=ap_memory:ce=0
Port [ p_ZL7threshs_12_2]:  wired=0; compound=1; hidden=1; nouse=1; global=1; static=1; extern=0; dir=0; type=1; pingpong=0; private_global=0; MemPort=[1]; IO mode=ap_memory:ce=0
Port [ p_ZL7threshs_12_3]:  wired=0; compound=1; hidden=1; nouse=1; global=1; static=1; extern=0; dir=0; type=1; pingpong=0; private_global=0; MemPort=[1]; IO mode=ap_memory:ce=0
Port [ p_ZL7threshs_12_4]:  wired=0; compound=1; hidden=1; nouse=1; global=1; static=1; extern=0; dir=0; type=1; pingpong=0; private_global=0; MemPort=[1]; IO mode=ap_memory:ce=0
Port [ p_ZL7threshs_12_5]:  wired=0; compound=1; hidden=1; nouse=1; global=1; static=1; extern=0; dir=0; type=1; pingpong=0; private_global=0; MemPort=[1]; IO mode=ap_memory:ce=0
Port [ p_ZL7threshs_12_6]:  wired=0; compound=1; hidden=1; nouse=1; global=1; static=1; extern=0; dir=0; type=1; pingpong=0; private_global=0; MemPort=[1]; IO mode=ap_memory:ce=0
Port [ p_ZL7threshs_12_7]:  wired=0; compound=1; hidden=1; nouse=1; global=1; static=1; extern=0; dir=0; type=1; pingpong=0; private_global=0; MemPort=[1]; IO mode=ap_memory:ce=0
Port [ p_ZL7threshs_12_8]:  wired=0; compound=1; hidden=1; nouse=1; global=1; static=1; extern=0; dir=0; type=1; pingpong=0; private_global=0; MemPort=[1]; IO mode=ap_memory:ce=0
Port [ p_ZL7threshs_12_9]:  wired=0; compound=1; hidden=1; nouse=1; global=1; static=1; extern=0; dir=0; type=1; pingpong=0; private_global=0; MemPort=[1]; IO mode=ap_memory:ce=0
Port [ p_ZL7threshs_12_10]:  wired=0; compound=1; hidden=1; nouse=1; global=1; static=1; extern=0; dir=0; type=1; pingpong=0; private_global=0; MemPort=[1]; IO mode=ap_memory:ce=0
Port [ p_ZL7threshs_12_11]:  wired=0; compound=1; hidden=1; nouse=1; global=1; static=1; extern=0; dir=0; type=1; pingpong=0; private_global=0; MemPort=[1]; IO mode=ap_memory:ce=0
Port [ p_ZL7threshs_12_12]:  wired=0; compound=1; hidden=1; nouse=1; global=1; static=1; extern=0; dir=0; type=1; pingpong=0; private_global=0; MemPort=[1]; IO mode=ap_memory:ce=0
Port [ p_ZL7threshs_12_13]:  wired=0; compound=1; hidden=1; nouse=1; global=1; static=1; extern=0; dir=0; type=1; pingpong=0; private_global=0; MemPort=[1]; IO mode=ap_memory:ce=0
Port [ p_ZL7threshs_12_14]:  wired=0; compound=1; hidden=1; nouse=1; global=1; static=1; extern=0; dir=0; type=1; pingpong=0; private_global=0; MemPort=[1]; IO mode=ap_memory:ce=0
Port [ p_ZL7threshs_13_0]:  wired=0; compound=1; hidden=1; nouse=1; global=1; static=1; extern=0; dir=0; type=1; pingpong=0; private_global=0; MemPort=[1]; IO mode=ap_memory:ce=0
Port [ p_ZL7threshs_13_1]:  wired=0; compound=1; hidden=1; nouse=1; global=1; static=1; extern=0; dir=0; type=1; pingpong=0; private_global=0; MemPort=[1]; IO mode=ap_memory:ce=0
Port [ p_ZL7threshs_13_2]:  wired=0; compound=1; hidden=1; nouse=1; global=1; static=1; extern=0; dir=0; type=1; pingpong=0; private_global=0; MemPort=[1]; IO mode=ap_memory:ce=0
Port [ p_ZL7threshs_13_3]:  wired=0; compound=1; hidden=1; nouse=1; global=1; static=1; extern=0; dir=0; type=1; pingpong=0; private_global=0; MemPort=[1]; IO mode=ap_memory:ce=0
Port [ p_ZL7threshs_13_4]:  wired=0; compound=1; hidden=1; nouse=1; global=1; static=1; extern=0; dir=0; type=1; pingpong=0; private_global=0; MemPort=[1]; IO mode=ap_memory:ce=0
Port [ p_ZL7threshs_13_5]:  wired=0; compound=1; hidden=1; nouse=1; global=1; static=1; extern=0; dir=0; type=1; pingpong=0; private_global=0; MemPort=[1]; IO mode=ap_memory:ce=0
Port [ p_ZL7threshs_13_6]:  wired=0; compound=1; hidden=1; nouse=1; global=1; static=1; extern=0; dir=0; type=1; pingpong=0; private_global=0; MemPort=[1]; IO mode=ap_memory:ce=0
Port [ p_ZL7threshs_13_7]:  wired=0; compound=1; hidden=1; nouse=1; global=1; static=1; extern=0; dir=0; type=1; pingpong=0; private_global=0; MemPort=[1]; IO mode=ap_memory:ce=0
Port [ p_ZL7threshs_13_8]:  wired=0; compound=1; hidden=1; nouse=1; global=1; static=1; extern=0; dir=0; type=1; pingpong=0; private_global=0; MemPort=[1]; IO mode=ap_memory:ce=0
Port [ p_ZL7threshs_13_9]:  wired=0; compound=1; hidden=1; nouse=1; global=1; static=1; extern=0; dir=0; type=1; pingpong=0; private_global=0; MemPort=[1]; IO mode=ap_memory:ce=0
Port [ p_ZL7threshs_13_10]:  wired=0; compound=1; hidden=1; nouse=1; global=1; static=1; extern=0; dir=0; type=1; pingpong=0; private_global=0; MemPort=[1]; IO mode=ap_memory:ce=0
Port [ p_ZL7threshs_13_11]:  wired=0; compound=1; hidden=1; nouse=1; global=1; static=1; extern=0; dir=0; type=1; pingpong=0; private_global=0; MemPort=[1]; IO mode=ap_memory:ce=0
Port [ p_ZL7threshs_13_12]:  wired=0; compound=1; hidden=1; nouse=1; global=1; static=1; extern=0; dir=0; type=1; pingpong=0; private_global=0; MemPort=[1]; IO mode=ap_memory:ce=0
Port [ p_ZL7threshs_13_13]:  wired=0; compound=1; hidden=1; nouse=1; global=1; static=1; extern=0; dir=0; type=1; pingpong=0; private_global=0; MemPort=[1]; IO mode=ap_memory:ce=0
Port [ p_ZL7threshs_13_14]:  wired=0; compound=1; hidden=1; nouse=1; global=1; static=1; extern=0; dir=0; type=1; pingpong=0; private_global=0; MemPort=[1]; IO mode=ap_memory:ce=0
Port [ p_ZL7threshs_14_0]:  wired=0; compound=1; hidden=1; nouse=1; global=1; static=1; extern=0; dir=0; type=1; pingpong=0; private_global=0; MemPort=[1]; IO mode=ap_memory:ce=0
Port [ p_ZL7threshs_14_1]:  wired=0; compound=1; hidden=1; nouse=1; global=1; static=1; extern=0; dir=0; type=1; pingpong=0; private_global=0; MemPort=[1]; IO mode=ap_memory:ce=0
Port [ p_ZL7threshs_14_2]:  wired=0; compound=1; hidden=1; nouse=1; global=1; static=1; extern=0; dir=0; type=1; pingpong=0; private_global=0; MemPort=[1]; IO mode=ap_memory:ce=0
Port [ p_ZL7threshs_14_3]:  wired=0; compound=1; hidden=1; nouse=1; global=1; static=1; extern=0; dir=0; type=1; pingpong=0; private_global=0; MemPort=[1]; IO mode=ap_memory:ce=0
Port [ p_ZL7threshs_14_4]:  wired=0; compound=1; hidden=1; nouse=1; global=1; static=1; extern=0; dir=0; type=1; pingpong=0; private_global=0; MemPort=[1]; IO mode=ap_memory:ce=0
Port [ p_ZL7threshs_14_5]:  wired=0; compound=1; hidden=1; nouse=1; global=1; static=1; extern=0; dir=0; type=1; pingpong=0; private_global=0; MemPort=[1]; IO mode=ap_memory:ce=0
Port [ p_ZL7threshs_14_6]:  wired=0; compound=1; hidden=1; nouse=1; global=1; static=1; extern=0; dir=0; type=1; pingpong=0; private_global=0; MemPort=[1]; IO mode=ap_memory:ce=0
Port [ p_ZL7threshs_14_7]:  wired=0; compound=1; hidden=1; nouse=1; global=1; static=1; extern=0; dir=0; type=1; pingpong=0; private_global=0; MemPort=[1]; IO mode=ap_memory:ce=0
Port [ p_ZL7threshs_14_8]:  wired=0; compound=1; hidden=1; nouse=1; global=1; static=1; extern=0; dir=0; type=1; pingpong=0; private_global=0; MemPort=[1]; IO mode=ap_memory:ce=0
Port [ p_ZL7threshs_14_9]:  wired=0; compound=1; hidden=1; nouse=1; global=1; static=1; extern=0; dir=0; type=1; pingpong=0; private_global=0; MemPort=[1]; IO mode=ap_memory:ce=0
Port [ p_ZL7threshs_14_10]:  wired=0; compound=1; hidden=1; nouse=1; global=1; static=1; extern=0; dir=0; type=1; pingpong=0; private_global=0; MemPort=[1]; IO mode=ap_memory:ce=0
Port [ p_ZL7threshs_14_11]:  wired=0; compound=1; hidden=1; nouse=1; global=1; static=1; extern=0; dir=0; type=1; pingpong=0; private_global=0; MemPort=[1]; IO mode=ap_memory:ce=0
Port [ p_ZL7threshs_14_12]:  wired=0; compound=1; hidden=1; nouse=1; global=1; static=1; extern=0; dir=0; type=1; pingpong=0; private_global=0; MemPort=[1]; IO mode=ap_memory:ce=0
Port [ p_ZL7threshs_14_13]:  wired=0; compound=1; hidden=1; nouse=1; global=1; static=1; extern=0; dir=0; type=1; pingpong=0; private_global=0; MemPort=[1]; IO mode=ap_memory:ce=0
Port [ p_ZL7threshs_14_14]:  wired=0; compound=1; hidden=1; nouse=1; global=1; static=1; extern=0; dir=0; type=1; pingpong=0; private_global=0; MemPort=[1]; IO mode=ap_memory:ce=0
Port [ p_ZL7threshs_15_0]:  wired=0; compound=1; hidden=1; nouse=1; global=1; static=1; extern=0; dir=0; type=1; pingpong=0; private_global=0; MemPort=[1]; IO mode=ap_memory:ce=0
Port [ p_ZL7threshs_15_1]:  wired=0; compound=1; hidden=1; nouse=1; global=1; static=1; extern=0; dir=0; type=1; pingpong=0; private_global=0; MemPort=[1]; IO mode=ap_memory:ce=0
Port [ p_ZL7threshs_15_2]:  wired=0; compound=1; hidden=1; nouse=1; global=1; static=1; extern=0; dir=0; type=1; pingpong=0; private_global=0; MemPort=[1]; IO mode=ap_memory:ce=0
Port [ p_ZL7threshs_15_3]:  wired=0; compound=1; hidden=1; nouse=1; global=1; static=1; extern=0; dir=0; type=1; pingpong=0; private_global=0; MemPort=[1]; IO mode=ap_memory:ce=0
Port [ p_ZL7threshs_15_4]:  wired=0; compound=1; hidden=1; nouse=1; global=1; static=1; extern=0; dir=0; type=1; pingpong=0; private_global=0; MemPort=[1]; IO mode=ap_memory:ce=0
Port [ p_ZL7threshs_15_5]:  wired=0; compound=1; hidden=1; nouse=1; global=1; static=1; extern=0; dir=0; type=1; pingpong=0; private_global=0; MemPort=[1]; IO mode=ap_memory:ce=0
Port [ p_ZL7threshs_15_6]:  wired=0; compound=1; hidden=1; nouse=1; global=1; static=1; extern=0; dir=0; type=1; pingpong=0; private_global=0; MemPort=[1]; IO mode=ap_memory:ce=0
Port [ p_ZL7threshs_15_7]:  wired=0; compound=1; hidden=1; nouse=1; global=1; static=1; extern=0; dir=0; type=1; pingpong=0; private_global=0; MemPort=[1]; IO mode=ap_memory:ce=0
Port [ p_ZL7threshs_15_8]:  wired=0; compound=1; hidden=1; nouse=1; global=1; static=1; extern=0; dir=0; type=1; pingpong=0; private_global=0; MemPort=[1]; IO mode=ap_memory:ce=0
Port [ p_ZL7threshs_15_9]:  wired=0; compound=1; hidden=1; nouse=1; global=1; static=1; extern=0; dir=0; type=1; pingpong=0; private_global=0; MemPort=[1]; IO mode=ap_memory:ce=0
Port [ p_ZL7threshs_15_10]:  wired=0; compound=1; hidden=1; nouse=1; global=1; static=1; extern=0; dir=0; type=1; pingpong=0; private_global=0; MemPort=[1]; IO mode=ap_memory:ce=0
Port [ p_ZL7threshs_15_11]:  wired=0; compound=1; hidden=1; nouse=1; global=1; static=1; extern=0; dir=0; type=1; pingpong=0; private_global=0; MemPort=[1]; IO mode=ap_memory:ce=0
Port [ p_ZL7threshs_15_12]:  wired=0; compound=1; hidden=1; nouse=1; global=1; static=1; extern=0; dir=0; type=1; pingpong=0; private_global=0; MemPort=[1]; IO mode=ap_memory:ce=0
Port [ p_ZL7threshs_15_13]:  wired=0; compound=1; hidden=1; nouse=1; global=1; static=1; extern=0; dir=0; type=1; pingpong=0; private_global=0; MemPort=[1]; IO mode=ap_memory:ce=0
Port [ p_ZL7threshs_15_14]:  wired=0; compound=1; hidden=1; nouse=1; global=1; static=1; extern=0; dir=0; type=1; pingpong=0; private_global=0; MemPort=[1]; IO mode=ap_memory:ce=0
---------------- STG Properties END ------------------

---------------- Datapath Model BEGIN ----------------

<LifeTime>
<method=bitvector/>
call_ln38          (call         ) [ 00000]
spectopmodule_ln25 (spectopmodule) [ 00000]
specinterface_ln25 (specinterface) [ 00000]
specinterface_ln0  (specinterface) [ 00000]
specbitsmap_ln0    (specbitsmap  ) [ 00000]
specinterface_ln0  (specinterface) [ 00000]
specbitsmap_ln0    (specbitsmap  ) [ 00000]
specinterface_ln0  (specinterface) [ 00000]
specbitsmap_ln0    (specbitsmap  ) [ 00000]
ret_ln40           (ret          ) [ 00000]
</LifeTime>

<model>

<comp_list>
<comp id="0" class="1000" name="in0_V">
<pin_list>
<pin id="1" dir="1" index="0" bw="1" slack="0"/>
</pin_list>
<bind>
<StgValue><ssdm name="in0_V"/></StgValue>
</bind>
</comp>

<comp id="2" class="1000" name="weights_V">
<pin_list>
<pin id="3" dir="1" index="0" bw="1" slack="0"/>
</pin_list>
<bind>
<StgValue><ssdm name="weights_V"/></StgValue>
</bind>
</comp>

<comp id="4" class="1000" name="out_V">
<pin_list>
<pin id="5" dir="1" index="0" bw="1" slack="0"/>
</pin_list>
<bind>
<StgValue><ssdm name="out_V"/></StgValue>
</bind>
</comp>

<comp id="6" class="1000" name="p_ZL7threshs_0_0">
<pin_list>
<pin id="7" dir="1" index="0" bw="1" slack="0"/>
</pin_list>
<bind>
<StgValue><ssdm name="p_ZL7threshs_0_0"/><MemPortTyVec>1 </MemPortTyVec>
</StgValue>
</bind>
</comp>

<comp id="8" class="1000" name="p_ZL7threshs_0_1">
<pin_list>
<pin id="9" dir="1" index="0" bw="1" slack="0"/>
</pin_list>
<bind>
<StgValue><ssdm name="p_ZL7threshs_0_1"/><MemPortTyVec>1 </MemPortTyVec>
</StgValue>
</bind>
</comp>

<comp id="10" class="1000" name="p_ZL7threshs_0_2">
<pin_list>
<pin id="11" dir="1" index="0" bw="1" slack="0"/>
</pin_list>
<bind>
<StgValue><ssdm name="p_ZL7threshs_0_2"/><MemPortTyVec>1 </MemPortTyVec>
</StgValue>
</bind>
</comp>

<comp id="12" class="1000" name="p_ZL7threshs_0_3">
<pin_list>
<pin id="13" dir="1" index="0" bw="1" slack="0"/>
</pin_list>
<bind>
<StgValue><ssdm name="p_ZL7threshs_0_3"/><MemPortTyVec>1 </MemPortTyVec>
</StgValue>
</bind>
</comp>

<comp id="14" class="1000" name="p_ZL7threshs_0_4">
<pin_list>
<pin id="15" dir="1" index="0" bw="1" slack="0"/>
</pin_list>
<bind>
<StgValue><ssdm name="p_ZL7threshs_0_4"/><MemPortTyVec>1 </MemPortTyVec>
</StgValue>
</bind>
</comp>

<comp id="16" class="1000" name="p_ZL7threshs_0_5">
<pin_list>
<pin id="17" dir="1" index="0" bw="1" slack="0"/>
</pin_list>
<bind>
<StgValue><ssdm name="p_ZL7threshs_0_5"/><MemPortTyVec>1 </MemPortTyVec>
</StgValue>
</bind>
</comp>

<comp id="18" class="1000" name="p_ZL7threshs_0_6">
<pin_list>
<pin id="19" dir="1" index="0" bw="1" slack="0"/>
</pin_list>
<bind>
<StgValue><ssdm name="p_ZL7threshs_0_6"/><MemPortTyVec>1 </MemPortTyVec>
</StgValue>
</bind>
</comp>

<comp id="20" class="1000" name="p_ZL7threshs_0_7">
<pin_list>
<pin id="21" dir="1" index="0" bw="1" slack="0"/>
</pin_list>
<bind>
<StgValue><ssdm name="p_ZL7threshs_0_7"/><MemPortTyVec>1 </MemPortTyVec>
</StgValue>
</bind>
</comp>

<comp id="22" class="1000" name="p_ZL7threshs_0_8">
<pin_list>
<pin id="23" dir="1" index="0" bw="1" slack="0"/>
</pin_list>
<bind>
<StgValue><ssdm name="p_ZL7threshs_0_8"/><MemPortTyVec>1 </MemPortTyVec>
</StgValue>
</bind>
</comp>

<comp id="24" class="1000" name="p_ZL7threshs_0_9">
<pin_list>
<pin id="25" dir="1" index="0" bw="1" slack="0"/>
</pin_list>
<bind>
<StgValue><ssdm name="p_ZL7threshs_0_9"/><MemPortTyVec>1 </MemPortTyVec>
</StgValue>
</bind>
</comp>

<comp id="26" class="1000" name="p_ZL7threshs_0_10">
<pin_list>
<pin id="27" dir="1" index="0" bw="1" slack="0"/>
</pin_list>
<bind>
<StgValue><ssdm name="p_ZL7threshs_0_10"/><MemPortTyVec>1 </MemPortTyVec>
</StgValue>
</bind>
</comp>

<comp id="28" class="1000" name="p_ZL7threshs_0_11">
<pin_list>
<pin id="29" dir="1" index="0" bw="1" slack="0"/>
</pin_list>
<bind>
<StgValue><ssdm name="p_ZL7threshs_0_11"/><MemPortTyVec>1 </MemPortTyVec>
</StgValue>
</bind>
</comp>

<comp id="30" class="1000" name="p_ZL7threshs_0_12">
<pin_list>
<pin id="31" dir="1" index="0" bw="1" slack="0"/>
</pin_list>
<bind>
<StgValue><ssdm name="p_ZL7threshs_0_12"/><MemPortTyVec>1 </MemPortTyVec>
</StgValue>
</bind>
</comp>

<comp id="32" class="1000" name="p_ZL7threshs_0_13">
<pin_list>
<pin id="33" dir="1" index="0" bw="1" slack="0"/>
</pin_list>
<bind>
<StgValue><ssdm name="p_ZL7threshs_0_13"/><MemPortTyVec>1 </MemPortTyVec>
</StgValue>
</bind>
</comp>

<comp id="34" class="1000" name="p_ZL7threshs_0_14">
<pin_list>
<pin id="35" dir="1" index="0" bw="1" slack="0"/>
</pin_list>
<bind>
<StgValue><ssdm name="p_ZL7threshs_0_14"/><MemPortTyVec>1 </MemPortTyVec>
</StgValue>
</bind>
</comp>

<comp id="36" class="1000" name="p_ZL7threshs_1_0">
<pin_list>
<pin id="37" dir="1" index="0" bw="1" slack="0"/>
</pin_list>
<bind>
<StgValue><ssdm name="p_ZL7threshs_1_0"/><MemPortTyVec>1 </MemPortTyVec>
</StgValue>
</bind>
</comp>

<comp id="38" class="1000" name="p_ZL7threshs_1_1">
<pin_list>
<pin id="39" dir="1" index="0" bw="1" slack="0"/>
</pin_list>
<bind>
<StgValue><ssdm name="p_ZL7threshs_1_1"/><MemPortTyVec>1 </MemPortTyVec>
</StgValue>
</bind>
</comp>

<comp id="40" class="1000" name="p_ZL7threshs_1_2">
<pin_list>
<pin id="41" dir="1" index="0" bw="1" slack="0"/>
</pin_list>
<bind>
<StgValue><ssdm name="p_ZL7threshs_1_2"/><MemPortTyVec>1 </MemPortTyVec>
</StgValue>
</bind>
</comp>

<comp id="42" class="1000" name="p_ZL7threshs_1_3">
<pin_list>
<pin id="43" dir="1" index="0" bw="1" slack="0"/>
</pin_list>
<bind>
<StgValue><ssdm name="p_ZL7threshs_1_3"/><MemPortTyVec>1 </MemPortTyVec>
</StgValue>
</bind>
</comp>

<comp id="44" class="1000" name="p_ZL7threshs_1_4">
<pin_list>
<pin id="45" dir="1" index="0" bw="1" slack="0"/>
</pin_list>
<bind>
<StgValue><ssdm name="p_ZL7threshs_1_4"/><MemPortTyVec>1 </MemPortTyVec>
</StgValue>
</bind>
</comp>

<comp id="46" class="1000" name="p_ZL7threshs_1_5">
<pin_list>
<pin id="47" dir="1" index="0" bw="1" slack="0"/>
</pin_list>
<bind>
<StgValue><ssdm name="p_ZL7threshs_1_5"/><MemPortTyVec>1 </MemPortTyVec>
</StgValue>
</bind>
</comp>

<comp id="48" class="1000" name="p_ZL7threshs_1_6">
<pin_list>
<pin id="49" dir="1" index="0" bw="1" slack="0"/>
</pin_list>
<bind>
<StgValue><ssdm name="p_ZL7threshs_1_6"/><MemPortTyVec>1 </MemPortTyVec>
</StgValue>
</bind>
</comp>

<comp id="50" class="1000" name="p_ZL7threshs_1_7">
<pin_list>
<pin id="51" dir="1" index="0" bw="1" slack="0"/>
</pin_list>
<bind>
<StgValue><ssdm name="p_ZL7threshs_1_7"/><MemPortTyVec>1 </MemPortTyVec>
</StgValue>
</bind>
</comp>

<comp id="52" class="1000" name="p_ZL7threshs_1_8">
<pin_list>
<pin id="53" dir="1" index="0" bw="1" slack="0"/>
</pin_list>
<bind>
<StgValue><ssdm name="p_ZL7threshs_1_8"/><MemPortTyVec>1 </MemPortTyVec>
</StgValue>
</bind>
</comp>

<comp id="54" class="1000" name="p_ZL7threshs_1_9">
<pin_list>
<pin id="55" dir="1" index="0" bw="1" slack="0"/>
</pin_list>
<bind>
<StgValue><ssdm name="p_ZL7threshs_1_9"/><MemPortTyVec>1 </MemPortTyVec>
</StgValue>
</bind>
</comp>

<comp id="56" class="1000" name="p_ZL7threshs_1_10">
<pin_list>
<pin id="57" dir="1" index="0" bw="1" slack="0"/>
</pin_list>
<bind>
<StgValue><ssdm name="p_ZL7threshs_1_10"/><MemPortTyVec>1 </MemPortTyVec>
</StgValue>
</bind>
</comp>

<comp id="58" class="1000" name="p_ZL7threshs_1_11">
<pin_list>
<pin id="59" dir="1" index="0" bw="1" slack="0"/>
</pin_list>
<bind>
<StgValue><ssdm name="p_ZL7threshs_1_11"/><MemPortTyVec>1 </MemPortTyVec>
</StgValue>
</bind>
</comp>

<comp id="60" class="1000" name="p_ZL7threshs_1_12">
<pin_list>
<pin id="61" dir="1" index="0" bw="1" slack="0"/>
</pin_list>
<bind>
<StgValue><ssdm name="p_ZL7threshs_1_12"/><MemPortTyVec>1 </MemPortTyVec>
</StgValue>
</bind>
</comp>

<comp id="62" class="1000" name="p_ZL7threshs_1_13">
<pin_list>
<pin id="63" dir="1" index="0" bw="1" slack="0"/>
</pin_list>
<bind>
<StgValue><ssdm name="p_ZL7threshs_1_13"/><MemPortTyVec>1 </MemPortTyVec>
</StgValue>
</bind>
</comp>

<comp id="64" class="1000" name="p_ZL7threshs_1_14">
<pin_list>
<pin id="65" dir="1" index="0" bw="1" slack="0"/>
</pin_list>
<bind>
<StgValue><ssdm name="p_ZL7threshs_1_14"/><MemPortTyVec>1 </MemPortTyVec>
</StgValue>
</bind>
</comp>

<comp id="66" class="1000" name="p_ZL7threshs_2_0">
<pin_list>
<pin id="67" dir="1" index="0" bw="1" slack="0"/>
</pin_list>
<bind>
<StgValue><ssdm name="p_ZL7threshs_2_0"/><MemPortTyVec>1 </MemPortTyVec>
</StgValue>
</bind>
</comp>

<comp id="68" class="1000" name="p_ZL7threshs_2_1">
<pin_list>
<pin id="69" dir="1" index="0" bw="1" slack="0"/>
</pin_list>
<bind>
<StgValue><ssdm name="p_ZL7threshs_2_1"/><MemPortTyVec>1 </MemPortTyVec>
</StgValue>
</bind>
</comp>

<comp id="70" class="1000" name="p_ZL7threshs_2_2">
<pin_list>
<pin id="71" dir="1" index="0" bw="1" slack="0"/>
</pin_list>
<bind>
<StgValue><ssdm name="p_ZL7threshs_2_2"/><MemPortTyVec>1 </MemPortTyVec>
</StgValue>
</bind>
</comp>

<comp id="72" class="1000" name="p_ZL7threshs_2_3">
<pin_list>
<pin id="73" dir="1" index="0" bw="1" slack="0"/>
</pin_list>
<bind>
<StgValue><ssdm name="p_ZL7threshs_2_3"/><MemPortTyVec>1 </MemPortTyVec>
</StgValue>
</bind>
</comp>

<comp id="74" class="1000" name="p_ZL7threshs_2_4">
<pin_list>
<pin id="75" dir="1" index="0" bw="1" slack="0"/>
</pin_list>
<bind>
<StgValue><ssdm name="p_ZL7threshs_2_4"/><MemPortTyVec>1 </MemPortTyVec>
</StgValue>
</bind>
</comp>

<comp id="76" class="1000" name="p_ZL7threshs_2_5">
<pin_list>
<pin id="77" dir="1" index="0" bw="1" slack="0"/>
</pin_list>
<bind>
<StgValue><ssdm name="p_ZL7threshs_2_5"/><MemPortTyVec>1 </MemPortTyVec>
</StgValue>
</bind>
</comp>

<comp id="78" class="1000" name="p_ZL7threshs_2_6">
<pin_list>
<pin id="79" dir="1" index="0" bw="1" slack="0"/>
</pin_list>
<bind>
<StgValue><ssdm name="p_ZL7threshs_2_6"/><MemPortTyVec>1 </MemPortTyVec>
</StgValue>
</bind>
</comp>

<comp id="80" class="1000" name="p_ZL7threshs_2_7">
<pin_list>
<pin id="81" dir="1" index="0" bw="1" slack="0"/>
</pin_list>
<bind>
<StgValue><ssdm name="p_ZL7threshs_2_7"/><MemPortTyVec>1 </MemPortTyVec>
</StgValue>
</bind>
</comp>

<comp id="82" class="1000" name="p_ZL7threshs_2_8">
<pin_list>
<pin id="83" dir="1" index="0" bw="1" slack="0"/>
</pin_list>
<bind>
<StgValue><ssdm name="p_ZL7threshs_2_8"/><MemPortTyVec>1 </MemPortTyVec>
</StgValue>
</bind>
</comp>

<comp id="84" class="1000" name="p_ZL7threshs_2_9">
<pin_list>
<pin id="85" dir="1" index="0" bw="1" slack="0"/>
</pin_list>
<bind>
<StgValue><ssdm name="p_ZL7threshs_2_9"/><MemPortTyVec>1 </MemPortTyVec>
</StgValue>
</bind>
</comp>

<comp id="86" class="1000" name="p_ZL7threshs_2_10">
<pin_list>
<pin id="87" dir="1" index="0" bw="1" slack="0"/>
</pin_list>
<bind>
<StgValue><ssdm name="p_ZL7threshs_2_10"/><MemPortTyVec>1 </MemPortTyVec>
</StgValue>
</bind>
</comp>

<comp id="88" class="1000" name="p_ZL7threshs_2_11">
<pin_list>
<pin id="89" dir="1" index="0" bw="1" slack="0"/>
</pin_list>
<bind>
<StgValue><ssdm name="p_ZL7threshs_2_11"/><MemPortTyVec>1 </MemPortTyVec>
</StgValue>
</bind>
</comp>

<comp id="90" class="1000" name="p_ZL7threshs_2_12">
<pin_list>
<pin id="91" dir="1" index="0" bw="1" slack="0"/>
</pin_list>
<bind>
<StgValue><ssdm name="p_ZL7threshs_2_12"/><MemPortTyVec>1 </MemPortTyVec>
</StgValue>
</bind>
</comp>

<comp id="92" class="1000" name="p_ZL7threshs_2_13">
<pin_list>
<pin id="93" dir="1" index="0" bw="1" slack="0"/>
</pin_list>
<bind>
<StgValue><ssdm name="p_ZL7threshs_2_13"/><MemPortTyVec>1 </MemPortTyVec>
</StgValue>
</bind>
</comp>

<comp id="94" class="1000" name="p_ZL7threshs_2_14">
<pin_list>
<pin id="95" dir="1" index="0" bw="1" slack="0"/>
</pin_list>
<bind>
<StgValue><ssdm name="p_ZL7threshs_2_14"/><MemPortTyVec>1 </MemPortTyVec>
</StgValue>
</bind>
</comp>

<comp id="96" class="1000" name="p_ZL7threshs_3_0">
<pin_list>
<pin id="97" dir="1" index="0" bw="1" slack="0"/>
</pin_list>
<bind>
<StgValue><ssdm name="p_ZL7threshs_3_0"/><MemPortTyVec>1 </MemPortTyVec>
</StgValue>
</bind>
</comp>

<comp id="98" class="1000" name="p_ZL7threshs_3_1">
<pin_list>
<pin id="99" dir="1" index="0" bw="1" slack="0"/>
</pin_list>
<bind>
<StgValue><ssdm name="p_ZL7threshs_3_1"/><MemPortTyVec>1 </MemPortTyVec>
</StgValue>
</bind>
</comp>

<comp id="100" class="1000" name="p_ZL7threshs_3_2">
<pin_list>
<pin id="101" dir="1" index="0" bw="1" slack="0"/>
</pin_list>
<bind>
<StgValue><ssdm name="p_ZL7threshs_3_2"/><MemPortTyVec>1 </MemPortTyVec>
</StgValue>
</bind>
</comp>

<comp id="102" class="1000" name="p_ZL7threshs_3_3">
<pin_list>
<pin id="103" dir="1" index="0" bw="1" slack="0"/>
</pin_list>
<bind>
<StgValue><ssdm name="p_ZL7threshs_3_3"/><MemPortTyVec>1 </MemPortTyVec>
</StgValue>
</bind>
</comp>

<comp id="104" class="1000" name="p_ZL7threshs_3_4">
<pin_list>
<pin id="105" dir="1" index="0" bw="1" slack="0"/>
</pin_list>
<bind>
<StgValue><ssdm name="p_ZL7threshs_3_4"/><MemPortTyVec>1 </MemPortTyVec>
</StgValue>
</bind>
</comp>

<comp id="106" class="1000" name="p_ZL7threshs_3_5">
<pin_list>
<pin id="107" dir="1" index="0" bw="1" slack="0"/>
</pin_list>
<bind>
<StgValue><ssdm name="p_ZL7threshs_3_5"/><MemPortTyVec>1 </MemPortTyVec>
</StgValue>
</bind>
</comp>

<comp id="108" class="1000" name="p_ZL7threshs_3_6">
<pin_list>
<pin id="109" dir="1" index="0" bw="1" slack="0"/>
</pin_list>
<bind>
<StgValue><ssdm name="p_ZL7threshs_3_6"/><MemPortTyVec>1 </MemPortTyVec>
</StgValue>
</bind>
</comp>

<comp id="110" class="1000" name="p_ZL7threshs_3_7">
<pin_list>
<pin id="111" dir="1" index="0" bw="1" slack="0"/>
</pin_list>
<bind>
<StgValue><ssdm name="p_ZL7threshs_3_7"/><MemPortTyVec>1 </MemPortTyVec>
</StgValue>
</bind>
</comp>

<comp id="112" class="1000" name="p_ZL7threshs_3_8">
<pin_list>
<pin id="113" dir="1" index="0" bw="1" slack="0"/>
</pin_list>
<bind>
<StgValue><ssdm name="p_ZL7threshs_3_8"/><MemPortTyVec>1 </MemPortTyVec>
</StgValue>
</bind>
</comp>

<comp id="114" class="1000" name="p_ZL7threshs_3_9">
<pin_list>
<pin id="115" dir="1" index="0" bw="1" slack="0"/>
</pin_list>
<bind>
<StgValue><ssdm name="p_ZL7threshs_3_9"/><MemPortTyVec>1 </MemPortTyVec>
</StgValue>
</bind>
</comp>

<comp id="116" class="1000" name="p_ZL7threshs_3_10">
<pin_list>
<pin id="117" dir="1" index="0" bw="1" slack="0"/>
</pin_list>
<bind>
<StgValue><ssdm name="p_ZL7threshs_3_10"/><MemPortTyVec>1 </MemPortTyVec>
</StgValue>
</bind>
</comp>

<comp id="118" class="1000" name="p_ZL7threshs_3_11">
<pin_list>
<pin id="119" dir="1" index="0" bw="1" slack="0"/>
</pin_list>
<bind>
<StgValue><ssdm name="p_ZL7threshs_3_11"/><MemPortTyVec>1 </MemPortTyVec>
</StgValue>
</bind>
</comp>

<comp id="120" class="1000" name="p_ZL7threshs_3_12">
<pin_list>
<pin id="121" dir="1" index="0" bw="1" slack="0"/>
</pin_list>
<bind>
<StgValue><ssdm name="p_ZL7threshs_3_12"/><MemPortTyVec>1 </MemPortTyVec>
</StgValue>
</bind>
</comp>

<comp id="122" class="1000" name="p_ZL7threshs_3_13">
<pin_list>
<pin id="123" dir="1" index="0" bw="1" slack="0"/>
</pin_list>
<bind>
<StgValue><ssdm name="p_ZL7threshs_3_13"/><MemPortTyVec>1 </MemPortTyVec>
</StgValue>
</bind>
</comp>

<comp id="124" class="1000" name="p_ZL7threshs_3_14">
<pin_list>
<pin id="125" dir="1" index="0" bw="1" slack="0"/>
</pin_list>
<bind>
<StgValue><ssdm name="p_ZL7threshs_3_14"/><MemPortTyVec>1 </MemPortTyVec>
</StgValue>
</bind>
</comp>

<comp id="126" class="1000" name="p_ZL7threshs_4_0">
<pin_list>
<pin id="127" dir="1" index="0" bw="1" slack="0"/>
</pin_list>
<bind>
<StgValue><ssdm name="p_ZL7threshs_4_0"/><MemPortTyVec>1 </MemPortTyVec>
</StgValue>
</bind>
</comp>

<comp id="128" class="1000" name="p_ZL7threshs_4_1">
<pin_list>
<pin id="129" dir="1" index="0" bw="1" slack="0"/>
</pin_list>
<bind>
<StgValue><ssdm name="p_ZL7threshs_4_1"/><MemPortTyVec>1 </MemPortTyVec>
</StgValue>
</bind>
</comp>

<comp id="130" class="1000" name="p_ZL7threshs_4_2">
<pin_list>
<pin id="131" dir="1" index="0" bw="1" slack="0"/>
</pin_list>
<bind>
<StgValue><ssdm name="p_ZL7threshs_4_2"/><MemPortTyVec>1 </MemPortTyVec>
</StgValue>
</bind>
</comp>

<comp id="132" class="1000" name="p_ZL7threshs_4_3">
<pin_list>
<pin id="133" dir="1" index="0" bw="1" slack="0"/>
</pin_list>
<bind>
<StgValue><ssdm name="p_ZL7threshs_4_3"/><MemPortTyVec>1 </MemPortTyVec>
</StgValue>
</bind>
</comp>

<comp id="134" class="1000" name="p_ZL7threshs_4_4">
<pin_list>
<pin id="135" dir="1" index="0" bw="1" slack="0"/>
</pin_list>
<bind>
<StgValue><ssdm name="p_ZL7threshs_4_4"/><MemPortTyVec>1 </MemPortTyVec>
</StgValue>
</bind>
</comp>

<comp id="136" class="1000" name="p_ZL7threshs_4_5">
<pin_list>
<pin id="137" dir="1" index="0" bw="1" slack="0"/>
</pin_list>
<bind>
<StgValue><ssdm name="p_ZL7threshs_4_5"/><MemPortTyVec>1 </MemPortTyVec>
</StgValue>
</bind>
</comp>

<comp id="138" class="1000" name="p_ZL7threshs_4_6">
<pin_list>
<pin id="139" dir="1" index="0" bw="1" slack="0"/>
</pin_list>
<bind>
<StgValue><ssdm name="p_ZL7threshs_4_6"/><MemPortTyVec>1 </MemPortTyVec>
</StgValue>
</bind>
</comp>

<comp id="140" class="1000" name="p_ZL7threshs_4_7">
<pin_list>
<pin id="141" dir="1" index="0" bw="1" slack="0"/>
</pin_list>
<bind>
<StgValue><ssdm name="p_ZL7threshs_4_7"/><MemPortTyVec>1 </MemPortTyVec>
</StgValue>
</bind>
</comp>

<comp id="142" class="1000" name="p_ZL7threshs_4_8">
<pin_list>
<pin id="143" dir="1" index="0" bw="1" slack="0"/>
</pin_list>
<bind>
<StgValue><ssdm name="p_ZL7threshs_4_8"/><MemPortTyVec>1 </MemPortTyVec>
</StgValue>
</bind>
</comp>

<comp id="144" class="1000" name="p_ZL7threshs_4_9">
<pin_list>
<pin id="145" dir="1" index="0" bw="1" slack="0"/>
</pin_list>
<bind>
<StgValue><ssdm name="p_ZL7threshs_4_9"/><MemPortTyVec>1 </MemPortTyVec>
</StgValue>
</bind>
</comp>

<comp id="146" class="1000" name="p_ZL7threshs_4_10">
<pin_list>
<pin id="147" dir="1" index="0" bw="1" slack="0"/>
</pin_list>
<bind>
<StgValue><ssdm name="p_ZL7threshs_4_10"/><MemPortTyVec>1 </MemPortTyVec>
</StgValue>
</bind>
</comp>

<comp id="148" class="1000" name="p_ZL7threshs_4_11">
<pin_list>
<pin id="149" dir="1" index="0" bw="1" slack="0"/>
</pin_list>
<bind>
<StgValue><ssdm name="p_ZL7threshs_4_11"/><MemPortTyVec>1 </MemPortTyVec>
</StgValue>
</bind>
</comp>

<comp id="150" class="1000" name="p_ZL7threshs_4_12">
<pin_list>
<pin id="151" dir="1" index="0" bw="1" slack="0"/>
</pin_list>
<bind>
<StgValue><ssdm name="p_ZL7threshs_4_12"/><MemPortTyVec>1 </MemPortTyVec>
</StgValue>
</bind>
</comp>

<comp id="152" class="1000" name="p_ZL7threshs_4_13">
<pin_list>
<pin id="153" dir="1" index="0" bw="1" slack="0"/>
</pin_list>
<bind>
<StgValue><ssdm name="p_ZL7threshs_4_13"/><MemPortTyVec>1 </MemPortTyVec>
</StgValue>
</bind>
</comp>

<comp id="154" class="1000" name="p_ZL7threshs_4_14">
<pin_list>
<pin id="155" dir="1" index="0" bw="1" slack="0"/>
</pin_list>
<bind>
<StgValue><ssdm name="p_ZL7threshs_4_14"/><MemPortTyVec>1 </MemPortTyVec>
</StgValue>
</bind>
</comp>

<comp id="156" class="1000" name="p_ZL7threshs_5_0">
<pin_list>
<pin id="157" dir="1" index="0" bw="1" slack="0"/>
</pin_list>
<bind>
<StgValue><ssdm name="p_ZL7threshs_5_0"/><MemPortTyVec>1 </MemPortTyVec>
</StgValue>
</bind>
</comp>

<comp id="158" class="1000" name="p_ZL7threshs_5_1">
<pin_list>
<pin id="159" dir="1" index="0" bw="1" slack="0"/>
</pin_list>
<bind>
<StgValue><ssdm name="p_ZL7threshs_5_1"/><MemPortTyVec>1 </MemPortTyVec>
</StgValue>
</bind>
</comp>

<comp id="160" class="1000" name="p_ZL7threshs_5_2">
<pin_list>
<pin id="161" dir="1" index="0" bw="1" slack="0"/>
</pin_list>
<bind>
<StgValue><ssdm name="p_ZL7threshs_5_2"/><MemPortTyVec>1 </MemPortTyVec>
</StgValue>
</bind>
</comp>

<comp id="162" class="1000" name="p_ZL7threshs_5_3">
<pin_list>
<pin id="163" dir="1" index="0" bw="1" slack="0"/>
</pin_list>
<bind>
<StgValue><ssdm name="p_ZL7threshs_5_3"/><MemPortTyVec>1 </MemPortTyVec>
</StgValue>
</bind>
</comp>

<comp id="164" class="1000" name="p_ZL7threshs_5_4">
<pin_list>
<pin id="165" dir="1" index="0" bw="1" slack="0"/>
</pin_list>
<bind>
<StgValue><ssdm name="p_ZL7threshs_5_4"/><MemPortTyVec>1 </MemPortTyVec>
</StgValue>
</bind>
</comp>

<comp id="166" class="1000" name="p_ZL7threshs_5_5">
<pin_list>
<pin id="167" dir="1" index="0" bw="1" slack="0"/>
</pin_list>
<bind>
<StgValue><ssdm name="p_ZL7threshs_5_5"/><MemPortTyVec>1 </MemPortTyVec>
</StgValue>
</bind>
</comp>

<comp id="168" class="1000" name="p_ZL7threshs_5_6">
<pin_list>
<pin id="169" dir="1" index="0" bw="1" slack="0"/>
</pin_list>
<bind>
<StgValue><ssdm name="p_ZL7threshs_5_6"/><MemPortTyVec>1 </MemPortTyVec>
</StgValue>
</bind>
</comp>

<comp id="170" class="1000" name="p_ZL7threshs_5_7">
<pin_list>
<pin id="171" dir="1" index="0" bw="1" slack="0"/>
</pin_list>
<bind>
<StgValue><ssdm name="p_ZL7threshs_5_7"/><MemPortTyVec>1 </MemPortTyVec>
</StgValue>
</bind>
</comp>

<comp id="172" class="1000" name="p_ZL7threshs_5_8">
<pin_list>
<pin id="173" dir="1" index="0" bw="1" slack="0"/>
</pin_list>
<bind>
<StgValue><ssdm name="p_ZL7threshs_5_8"/><MemPortTyVec>1 </MemPortTyVec>
</StgValue>
</bind>
</comp>

<comp id="174" class="1000" name="p_ZL7threshs_5_9">
<pin_list>
<pin id="175" dir="1" index="0" bw="1" slack="0"/>
</pin_list>
<bind>
<StgValue><ssdm name="p_ZL7threshs_5_9"/><MemPortTyVec>1 </MemPortTyVec>
</StgValue>
</bind>
</comp>

<comp id="176" class="1000" name="p_ZL7threshs_5_10">
<pin_list>
<pin id="177" dir="1" index="0" bw="1" slack="0"/>
</pin_list>
<bind>
<StgValue><ssdm name="p_ZL7threshs_5_10"/><MemPortTyVec>1 </MemPortTyVec>
</StgValue>
</bind>
</comp>

<comp id="178" class="1000" name="p_ZL7threshs_5_11">
<pin_list>
<pin id="179" dir="1" index="0" bw="1" slack="0"/>
</pin_list>
<bind>
<StgValue><ssdm name="p_ZL7threshs_5_11"/><MemPortTyVec>1 </MemPortTyVec>
</StgValue>
</bind>
</comp>

<comp id="180" class="1000" name="p_ZL7threshs_5_12">
<pin_list>
<pin id="181" dir="1" index="0" bw="1" slack="0"/>
</pin_list>
<bind>
<StgValue><ssdm name="p_ZL7threshs_5_12"/><MemPortTyVec>1 </MemPortTyVec>
</StgValue>
</bind>
</comp>

<comp id="182" class="1000" name="p_ZL7threshs_5_13">
<pin_list>
<pin id="183" dir="1" index="0" bw="1" slack="0"/>
</pin_list>
<bind>
<StgValue><ssdm name="p_ZL7threshs_5_13"/><MemPortTyVec>1 </MemPortTyVec>
</StgValue>
</bind>
</comp>

<comp id="184" class="1000" name="p_ZL7threshs_5_14">
<pin_list>
<pin id="185" dir="1" index="0" bw="1" slack="0"/>
</pin_list>
<bind>
<StgValue><ssdm name="p_ZL7threshs_5_14"/><MemPortTyVec>1 </MemPortTyVec>
</StgValue>
</bind>
</comp>

<comp id="186" class="1000" name="p_ZL7threshs_6_0">
<pin_list>
<pin id="187" dir="1" index="0" bw="1" slack="0"/>
</pin_list>
<bind>
<StgValue><ssdm name="p_ZL7threshs_6_0"/><MemPortTyVec>1 </MemPortTyVec>
</StgValue>
</bind>
</comp>

<comp id="188" class="1000" name="p_ZL7threshs_6_1">
<pin_list>
<pin id="189" dir="1" index="0" bw="1" slack="0"/>
</pin_list>
<bind>
<StgValue><ssdm name="p_ZL7threshs_6_1"/><MemPortTyVec>1 </MemPortTyVec>
</StgValue>
</bind>
</comp>

<comp id="190" class="1000" name="p_ZL7threshs_6_2">
<pin_list>
<pin id="191" dir="1" index="0" bw="1" slack="0"/>
</pin_list>
<bind>
<StgValue><ssdm name="p_ZL7threshs_6_2"/><MemPortTyVec>1 </MemPortTyVec>
</StgValue>
</bind>
</comp>

<comp id="192" class="1000" name="p_ZL7threshs_6_3">
<pin_list>
<pin id="193" dir="1" index="0" bw="1" slack="0"/>
</pin_list>
<bind>
<StgValue><ssdm name="p_ZL7threshs_6_3"/><MemPortTyVec>1 </MemPortTyVec>
</StgValue>
</bind>
</comp>

<comp id="194" class="1000" name="p_ZL7threshs_6_4">
<pin_list>
<pin id="195" dir="1" index="0" bw="1" slack="0"/>
</pin_list>
<bind>
<StgValue><ssdm name="p_ZL7threshs_6_4"/><MemPortTyVec>1 </MemPortTyVec>
</StgValue>
</bind>
</comp>

<comp id="196" class="1000" name="p_ZL7threshs_6_5">
<pin_list>
<pin id="197" dir="1" index="0" bw="1" slack="0"/>
</pin_list>
<bind>
<StgValue><ssdm name="p_ZL7threshs_6_5"/><MemPortTyVec>1 </MemPortTyVec>
</StgValue>
</bind>
</comp>

<comp id="198" class="1000" name="p_ZL7threshs_6_6">
<pin_list>
<pin id="199" dir="1" index="0" bw="1" slack="0"/>
</pin_list>
<bind>
<StgValue><ssdm name="p_ZL7threshs_6_6"/><MemPortTyVec>1 </MemPortTyVec>
</StgValue>
</bind>
</comp>

<comp id="200" class="1000" name="p_ZL7threshs_6_7">
<pin_list>
<pin id="201" dir="1" index="0" bw="1" slack="0"/>
</pin_list>
<bind>
<StgValue><ssdm name="p_ZL7threshs_6_7"/><MemPortTyVec>1 </MemPortTyVec>
</StgValue>
</bind>
</comp>

<comp id="202" class="1000" name="p_ZL7threshs_6_8">
<pin_list>
<pin id="203" dir="1" index="0" bw="1" slack="0"/>
</pin_list>
<bind>
<StgValue><ssdm name="p_ZL7threshs_6_8"/><MemPortTyVec>1 </MemPortTyVec>
</StgValue>
</bind>
</comp>

<comp id="204" class="1000" name="p_ZL7threshs_6_9">
<pin_list>
<pin id="205" dir="1" index="0" bw="1" slack="0"/>
</pin_list>
<bind>
<StgValue><ssdm name="p_ZL7threshs_6_9"/><MemPortTyVec>1 </MemPortTyVec>
</StgValue>
</bind>
</comp>

<comp id="206" class="1000" name="p_ZL7threshs_6_10">
<pin_list>
<pin id="207" dir="1" index="0" bw="1" slack="0"/>
</pin_list>
<bind>
<StgValue><ssdm name="p_ZL7threshs_6_10"/><MemPortTyVec>1 </MemPortTyVec>
</StgValue>
</bind>
</comp>

<comp id="208" class="1000" name="p_ZL7threshs_6_11">
<pin_list>
<pin id="209" dir="1" index="0" bw="1" slack="0"/>
</pin_list>
<bind>
<StgValue><ssdm name="p_ZL7threshs_6_11"/><MemPortTyVec>1 </MemPortTyVec>
</StgValue>
</bind>
</comp>

<comp id="210" class="1000" name="p_ZL7threshs_6_12">
<pin_list>
<pin id="211" dir="1" index="0" bw="1" slack="0"/>
</pin_list>
<bind>
<StgValue><ssdm name="p_ZL7threshs_6_12"/><MemPortTyVec>1 </MemPortTyVec>
</StgValue>
</bind>
</comp>

<comp id="212" class="1000" name="p_ZL7threshs_6_13">
<pin_list>
<pin id="213" dir="1" index="0" bw="1" slack="0"/>
</pin_list>
<bind>
<StgValue><ssdm name="p_ZL7threshs_6_13"/><MemPortTyVec>1 </MemPortTyVec>
</StgValue>
</bind>
</comp>

<comp id="214" class="1000" name="p_ZL7threshs_6_14">
<pin_list>
<pin id="215" dir="1" index="0" bw="1" slack="0"/>
</pin_list>
<bind>
<StgValue><ssdm name="p_ZL7threshs_6_14"/><MemPortTyVec>1 </MemPortTyVec>
</StgValue>
</bind>
</comp>

<comp id="216" class="1000" name="p_ZL7threshs_7_0">
<pin_list>
<pin id="217" dir="1" index="0" bw="1" slack="0"/>
</pin_list>
<bind>
<StgValue><ssdm name="p_ZL7threshs_7_0"/><MemPortTyVec>1 </MemPortTyVec>
</StgValue>
</bind>
</comp>

<comp id="218" class="1000" name="p_ZL7threshs_7_1">
<pin_list>
<pin id="219" dir="1" index="0" bw="1" slack="0"/>
</pin_list>
<bind>
<StgValue><ssdm name="p_ZL7threshs_7_1"/><MemPortTyVec>1 </MemPortTyVec>
</StgValue>
</bind>
</comp>

<comp id="220" class="1000" name="p_ZL7threshs_7_2">
<pin_list>
<pin id="221" dir="1" index="0" bw="1" slack="0"/>
</pin_list>
<bind>
<StgValue><ssdm name="p_ZL7threshs_7_2"/><MemPortTyVec>1 </MemPortTyVec>
</StgValue>
</bind>
</comp>

<comp id="222" class="1000" name="p_ZL7threshs_7_3">
<pin_list>
<pin id="223" dir="1" index="0" bw="1" slack="0"/>
</pin_list>
<bind>
<StgValue><ssdm name="p_ZL7threshs_7_3"/><MemPortTyVec>1 </MemPortTyVec>
</StgValue>
</bind>
</comp>

<comp id="224" class="1000" name="p_ZL7threshs_7_4">
<pin_list>
<pin id="225" dir="1" index="0" bw="1" slack="0"/>
</pin_list>
<bind>
<StgValue><ssdm name="p_ZL7threshs_7_4"/><MemPortTyVec>1 </MemPortTyVec>
</StgValue>
</bind>
</comp>

<comp id="226" class="1000" name="p_ZL7threshs_7_5">
<pin_list>
<pin id="227" dir="1" index="0" bw="1" slack="0"/>
</pin_list>
<bind>
<StgValue><ssdm name="p_ZL7threshs_7_5"/><MemPortTyVec>1 </MemPortTyVec>
</StgValue>
</bind>
</comp>

<comp id="228" class="1000" name="p_ZL7threshs_7_6">
<pin_list>
<pin id="229" dir="1" index="0" bw="1" slack="0"/>
</pin_list>
<bind>
<StgValue><ssdm name="p_ZL7threshs_7_6"/><MemPortTyVec>1 </MemPortTyVec>
</StgValue>
</bind>
</comp>

<comp id="230" class="1000" name="p_ZL7threshs_7_7">
<pin_list>
<pin id="231" dir="1" index="0" bw="1" slack="0"/>
</pin_list>
<bind>
<StgValue><ssdm name="p_ZL7threshs_7_7"/><MemPortTyVec>1 </MemPortTyVec>
</StgValue>
</bind>
</comp>

<comp id="232" class="1000" name="p_ZL7threshs_7_8">
<pin_list>
<pin id="233" dir="1" index="0" bw="1" slack="0"/>
</pin_list>
<bind>
<StgValue><ssdm name="p_ZL7threshs_7_8"/><MemPortTyVec>1 </MemPortTyVec>
</StgValue>
</bind>
</comp>

<comp id="234" class="1000" name="p_ZL7threshs_7_9">
<pin_list>
<pin id="235" dir="1" index="0" bw="1" slack="0"/>
</pin_list>
<bind>
<StgValue><ssdm name="p_ZL7threshs_7_9"/><MemPortTyVec>1 </MemPortTyVec>
</StgValue>
</bind>
</comp>

<comp id="236" class="1000" name="p_ZL7threshs_7_10">
<pin_list>
<pin id="237" dir="1" index="0" bw="1" slack="0"/>
</pin_list>
<bind>
<StgValue><ssdm name="p_ZL7threshs_7_10"/><MemPortTyVec>1 </MemPortTyVec>
</StgValue>
</bind>
</comp>

<comp id="238" class="1000" name="p_ZL7threshs_7_11">
<pin_list>
<pin id="239" dir="1" index="0" bw="1" slack="0"/>
</pin_list>
<bind>
<StgValue><ssdm name="p_ZL7threshs_7_11"/><MemPortTyVec>1 </MemPortTyVec>
</StgValue>
</bind>
</comp>

<comp id="240" class="1000" name="p_ZL7threshs_7_12">
<pin_list>
<pin id="241" dir="1" index="0" bw="1" slack="0"/>
</pin_list>
<bind>
<StgValue><ssdm name="p_ZL7threshs_7_12"/><MemPortTyVec>1 </MemPortTyVec>
</StgValue>
</bind>
</comp>

<comp id="242" class="1000" name="p_ZL7threshs_7_13">
<pin_list>
<pin id="243" dir="1" index="0" bw="1" slack="0"/>
</pin_list>
<bind>
<StgValue><ssdm name="p_ZL7threshs_7_13"/><MemPortTyVec>1 </MemPortTyVec>
</StgValue>
</bind>
</comp>

<comp id="244" class="1000" name="p_ZL7threshs_7_14">
<pin_list>
<pin id="245" dir="1" index="0" bw="1" slack="0"/>
</pin_list>
<bind>
<StgValue><ssdm name="p_ZL7threshs_7_14"/><MemPortTyVec>1 </MemPortTyVec>
</StgValue>
</bind>
</comp>

<comp id="246" class="1000" name="p_ZL7threshs_8_0">
<pin_list>
<pin id="247" dir="1" index="0" bw="1" slack="0"/>
</pin_list>
<bind>
<StgValue><ssdm name="p_ZL7threshs_8_0"/><MemPortTyVec>1 </MemPortTyVec>
</StgValue>
</bind>
</comp>

<comp id="248" class="1000" name="p_ZL7threshs_8_1">
<pin_list>
<pin id="249" dir="1" index="0" bw="1" slack="0"/>
</pin_list>
<bind>
<StgValue><ssdm name="p_ZL7threshs_8_1"/><MemPortTyVec>1 </MemPortTyVec>
</StgValue>
</bind>
</comp>

<comp id="250" class="1000" name="p_ZL7threshs_8_2">
<pin_list>
<pin id="251" dir="1" index="0" bw="1" slack="0"/>
</pin_list>
<bind>
<StgValue><ssdm name="p_ZL7threshs_8_2"/><MemPortTyVec>1 </MemPortTyVec>
</StgValue>
</bind>
</comp>

<comp id="252" class="1000" name="p_ZL7threshs_8_3">
<pin_list>
<pin id="253" dir="1" index="0" bw="1" slack="0"/>
</pin_list>
<bind>
<StgValue><ssdm name="p_ZL7threshs_8_3"/><MemPortTyVec>1 </MemPortTyVec>
</StgValue>
</bind>
</comp>

<comp id="254" class="1000" name="p_ZL7threshs_8_4">
<pin_list>
<pin id="255" dir="1" index="0" bw="1" slack="0"/>
</pin_list>
<bind>
<StgValue><ssdm name="p_ZL7threshs_8_4"/><MemPortTyVec>1 </MemPortTyVec>
</StgValue>
</bind>
</comp>

<comp id="256" class="1000" name="p_ZL7threshs_8_5">
<pin_list>
<pin id="257" dir="1" index="0" bw="1" slack="0"/>
</pin_list>
<bind>
<StgValue><ssdm name="p_ZL7threshs_8_5"/><MemPortTyVec>1 </MemPortTyVec>
</StgValue>
</bind>
</comp>

<comp id="258" class="1000" name="p_ZL7threshs_8_6">
<pin_list>
<pin id="259" dir="1" index="0" bw="1" slack="0"/>
</pin_list>
<bind>
<StgValue><ssdm name="p_ZL7threshs_8_6"/><MemPortTyVec>1 </MemPortTyVec>
</StgValue>
</bind>
</comp>

<comp id="260" class="1000" name="p_ZL7threshs_8_7">
<pin_list>
<pin id="261" dir="1" index="0" bw="1" slack="0"/>
</pin_list>
<bind>
<StgValue><ssdm name="p_ZL7threshs_8_7"/><MemPortTyVec>1 </MemPortTyVec>
</StgValue>
</bind>
</comp>

<comp id="262" class="1000" name="p_ZL7threshs_8_8">
<pin_list>
<pin id="263" dir="1" index="0" bw="1" slack="0"/>
</pin_list>
<bind>
<StgValue><ssdm name="p_ZL7threshs_8_8"/><MemPortTyVec>1 </MemPortTyVec>
</StgValue>
</bind>
</comp>

<comp id="264" class="1000" name="p_ZL7threshs_8_9">
<pin_list>
<pin id="265" dir="1" index="0" bw="1" slack="0"/>
</pin_list>
<bind>
<StgValue><ssdm name="p_ZL7threshs_8_9"/><MemPortTyVec>1 </MemPortTyVec>
</StgValue>
</bind>
</comp>

<comp id="266" class="1000" name="p_ZL7threshs_8_10">
<pin_list>
<pin id="267" dir="1" index="0" bw="1" slack="0"/>
</pin_list>
<bind>
<StgValue><ssdm name="p_ZL7threshs_8_10"/><MemPortTyVec>1 </MemPortTyVec>
</StgValue>
</bind>
</comp>

<comp id="268" class="1000" name="p_ZL7threshs_8_11">
<pin_list>
<pin id="269" dir="1" index="0" bw="1" slack="0"/>
</pin_list>
<bind>
<StgValue><ssdm name="p_ZL7threshs_8_11"/><MemPortTyVec>1 </MemPortTyVec>
</StgValue>
</bind>
</comp>

<comp id="270" class="1000" name="p_ZL7threshs_8_12">
<pin_list>
<pin id="271" dir="1" index="0" bw="1" slack="0"/>
</pin_list>
<bind>
<StgValue><ssdm name="p_ZL7threshs_8_12"/><MemPortTyVec>1 </MemPortTyVec>
</StgValue>
</bind>
</comp>

<comp id="272" class="1000" name="p_ZL7threshs_8_13">
<pin_list>
<pin id="273" dir="1" index="0" bw="1" slack="0"/>
</pin_list>
<bind>
<StgValue><ssdm name="p_ZL7threshs_8_13"/><MemPortTyVec>1 </MemPortTyVec>
</StgValue>
</bind>
</comp>

<comp id="274" class="1000" name="p_ZL7threshs_8_14">
<pin_list>
<pin id="275" dir="1" index="0" bw="1" slack="0"/>
</pin_list>
<bind>
<StgValue><ssdm name="p_ZL7threshs_8_14"/><MemPortTyVec>1 </MemPortTyVec>
</StgValue>
</bind>
</comp>

<comp id="276" class="1000" name="p_ZL7threshs_9_0">
<pin_list>
<pin id="277" dir="1" index="0" bw="1" slack="0"/>
</pin_list>
<bind>
<StgValue><ssdm name="p_ZL7threshs_9_0"/><MemPortTyVec>1 </MemPortTyVec>
</StgValue>
</bind>
</comp>

<comp id="278" class="1000" name="p_ZL7threshs_9_1">
<pin_list>
<pin id="279" dir="1" index="0" bw="1" slack="0"/>
</pin_list>
<bind>
<StgValue><ssdm name="p_ZL7threshs_9_1"/><MemPortTyVec>1 </MemPortTyVec>
</StgValue>
</bind>
</comp>

<comp id="280" class="1000" name="p_ZL7threshs_9_2">
<pin_list>
<pin id="281" dir="1" index="0" bw="1" slack="0"/>
</pin_list>
<bind>
<StgValue><ssdm name="p_ZL7threshs_9_2"/><MemPortTyVec>1 </MemPortTyVec>
</StgValue>
</bind>
</comp>

<comp id="282" class="1000" name="p_ZL7threshs_9_3">
<pin_list>
<pin id="283" dir="1" index="0" bw="1" slack="0"/>
</pin_list>
<bind>
<StgValue><ssdm name="p_ZL7threshs_9_3"/><MemPortTyVec>1 </MemPortTyVec>
</StgValue>
</bind>
</comp>

<comp id="284" class="1000" name="p_ZL7threshs_9_4">
<pin_list>
<pin id="285" dir="1" index="0" bw="1" slack="0"/>
</pin_list>
<bind>
<StgValue><ssdm name="p_ZL7threshs_9_4"/><MemPortTyVec>1 </MemPortTyVec>
</StgValue>
</bind>
</comp>

<comp id="286" class="1000" name="p_ZL7threshs_9_5">
<pin_list>
<pin id="287" dir="1" index="0" bw="1" slack="0"/>
</pin_list>
<bind>
<StgValue><ssdm name="p_ZL7threshs_9_5"/><MemPortTyVec>1 </MemPortTyVec>
</StgValue>
</bind>
</comp>

<comp id="288" class="1000" name="p_ZL7threshs_9_6">
<pin_list>
<pin id="289" dir="1" index="0" bw="1" slack="0"/>
</pin_list>
<bind>
<StgValue><ssdm name="p_ZL7threshs_9_6"/><MemPortTyVec>1 </MemPortTyVec>
</StgValue>
</bind>
</comp>

<comp id="290" class="1000" name="p_ZL7threshs_9_7">
<pin_list>
<pin id="291" dir="1" index="0" bw="1" slack="0"/>
</pin_list>
<bind>
<StgValue><ssdm name="p_ZL7threshs_9_7"/><MemPortTyVec>1 </MemPortTyVec>
</StgValue>
</bind>
</comp>

<comp id="292" class="1000" name="p_ZL7threshs_9_8">
<pin_list>
<pin id="293" dir="1" index="0" bw="1" slack="0"/>
</pin_list>
<bind>
<StgValue><ssdm name="p_ZL7threshs_9_8"/><MemPortTyVec>1 </MemPortTyVec>
</StgValue>
</bind>
</comp>

<comp id="294" class="1000" name="p_ZL7threshs_9_9">
<pin_list>
<pin id="295" dir="1" index="0" bw="1" slack="0"/>
</pin_list>
<bind>
<StgValue><ssdm name="p_ZL7threshs_9_9"/><MemPortTyVec>1 </MemPortTyVec>
</StgValue>
</bind>
</comp>

<comp id="296" class="1000" name="p_ZL7threshs_9_10">
<pin_list>
<pin id="297" dir="1" index="0" bw="1" slack="0"/>
</pin_list>
<bind>
<StgValue><ssdm name="p_ZL7threshs_9_10"/><MemPortTyVec>1 </MemPortTyVec>
</StgValue>
</bind>
</comp>

<comp id="298" class="1000" name="p_ZL7threshs_9_11">
<pin_list>
<pin id="299" dir="1" index="0" bw="1" slack="0"/>
</pin_list>
<bind>
<StgValue><ssdm name="p_ZL7threshs_9_11"/><MemPortTyVec>1 </MemPortTyVec>
</StgValue>
</bind>
</comp>

<comp id="300" class="1000" name="p_ZL7threshs_9_12">
<pin_list>
<pin id="301" dir="1" index="0" bw="1" slack="0"/>
</pin_list>
<bind>
<StgValue><ssdm name="p_ZL7threshs_9_12"/><MemPortTyVec>1 </MemPortTyVec>
</StgValue>
</bind>
</comp>

<comp id="302" class="1000" name="p_ZL7threshs_9_13">
<pin_list>
<pin id="303" dir="1" index="0" bw="1" slack="0"/>
</pin_list>
<bind>
<StgValue><ssdm name="p_ZL7threshs_9_13"/><MemPortTyVec>1 </MemPortTyVec>
</StgValue>
</bind>
</comp>

<comp id="304" class="1000" name="p_ZL7threshs_9_14">
<pin_list>
<pin id="305" dir="1" index="0" bw="1" slack="0"/>
</pin_list>
<bind>
<StgValue><ssdm name="p_ZL7threshs_9_14"/><MemPortTyVec>1 </MemPortTyVec>
</StgValue>
</bind>
</comp>

<comp id="306" class="1000" name="p_ZL7threshs_10_0">
<pin_list>
<pin id="307" dir="1" index="0" bw="1" slack="0"/>
</pin_list>
<bind>
<StgValue><ssdm name="p_ZL7threshs_10_0"/><MemPortTyVec>1 </MemPortTyVec>
</StgValue>
</bind>
</comp>

<comp id="308" class="1000" name="p_ZL7threshs_10_1">
<pin_list>
<pin id="309" dir="1" index="0" bw="1" slack="0"/>
</pin_list>
<bind>
<StgValue><ssdm name="p_ZL7threshs_10_1"/><MemPortTyVec>1 </MemPortTyVec>
</StgValue>
</bind>
</comp>

<comp id="310" class="1000" name="p_ZL7threshs_10_2">
<pin_list>
<pin id="311" dir="1" index="0" bw="1" slack="0"/>
</pin_list>
<bind>
<StgValue><ssdm name="p_ZL7threshs_10_2"/><MemPortTyVec>1 </MemPortTyVec>
</StgValue>
</bind>
</comp>

<comp id="312" class="1000" name="p_ZL7threshs_10_3">
<pin_list>
<pin id="313" dir="1" index="0" bw="1" slack="0"/>
</pin_list>
<bind>
<StgValue><ssdm name="p_ZL7threshs_10_3"/><MemPortTyVec>1 </MemPortTyVec>
</StgValue>
</bind>
</comp>

<comp id="314" class="1000" name="p_ZL7threshs_10_4">
<pin_list>
<pin id="315" dir="1" index="0" bw="1" slack="0"/>
</pin_list>
<bind>
<StgValue><ssdm name="p_ZL7threshs_10_4"/><MemPortTyVec>1 </MemPortTyVec>
</StgValue>
</bind>
</comp>

<comp id="316" class="1000" name="p_ZL7threshs_10_5">
<pin_list>
<pin id="317" dir="1" index="0" bw="1" slack="0"/>
</pin_list>
<bind>
<StgValue><ssdm name="p_ZL7threshs_10_5"/><MemPortTyVec>1 </MemPortTyVec>
</StgValue>
</bind>
</comp>

<comp id="318" class="1000" name="p_ZL7threshs_10_6">
<pin_list>
<pin id="319" dir="1" index="0" bw="1" slack="0"/>
</pin_list>
<bind>
<StgValue><ssdm name="p_ZL7threshs_10_6"/><MemPortTyVec>1 </MemPortTyVec>
</StgValue>
</bind>
</comp>

<comp id="320" class="1000" name="p_ZL7threshs_10_7">
<pin_list>
<pin id="321" dir="1" index="0" bw="1" slack="0"/>
</pin_list>
<bind>
<StgValue><ssdm name="p_ZL7threshs_10_7"/><MemPortTyVec>1 </MemPortTyVec>
</StgValue>
</bind>
</comp>

<comp id="322" class="1000" name="p_ZL7threshs_10_8">
<pin_list>
<pin id="323" dir="1" index="0" bw="1" slack="0"/>
</pin_list>
<bind>
<StgValue><ssdm name="p_ZL7threshs_10_8"/><MemPortTyVec>1 </MemPortTyVec>
</StgValue>
</bind>
</comp>

<comp id="324" class="1000" name="p_ZL7threshs_10_9">
<pin_list>
<pin id="325" dir="1" index="0" bw="1" slack="0"/>
</pin_list>
<bind>
<StgValue><ssdm name="p_ZL7threshs_10_9"/><MemPortTyVec>1 </MemPortTyVec>
</StgValue>
</bind>
</comp>

<comp id="326" class="1000" name="p_ZL7threshs_10_10">
<pin_list>
<pin id="327" dir="1" index="0" bw="1" slack="0"/>
</pin_list>
<bind>
<StgValue><ssdm name="p_ZL7threshs_10_10"/><MemPortTyVec>1 </MemPortTyVec>
</StgValue>
</bind>
</comp>

<comp id="328" class="1000" name="p_ZL7threshs_10_11">
<pin_list>
<pin id="329" dir="1" index="0" bw="1" slack="0"/>
</pin_list>
<bind>
<StgValue><ssdm name="p_ZL7threshs_10_11"/><MemPortTyVec>1 </MemPortTyVec>
</StgValue>
</bind>
</comp>

<comp id="330" class="1000" name="p_ZL7threshs_10_12">
<pin_list>
<pin id="331" dir="1" index="0" bw="1" slack="0"/>
</pin_list>
<bind>
<StgValue><ssdm name="p_ZL7threshs_10_12"/><MemPortTyVec>1 </MemPortTyVec>
</StgValue>
</bind>
</comp>

<comp id="332" class="1000" name="p_ZL7threshs_10_13">
<pin_list>
<pin id="333" dir="1" index="0" bw="1" slack="0"/>
</pin_list>
<bind>
<StgValue><ssdm name="p_ZL7threshs_10_13"/><MemPortTyVec>1 </MemPortTyVec>
</StgValue>
</bind>
</comp>

<comp id="334" class="1000" name="p_ZL7threshs_10_14">
<pin_list>
<pin id="335" dir="1" index="0" bw="1" slack="0"/>
</pin_list>
<bind>
<StgValue><ssdm name="p_ZL7threshs_10_14"/><MemPortTyVec>1 </MemPortTyVec>
</StgValue>
</bind>
</comp>

<comp id="336" class="1000" name="p_ZL7threshs_11_0">
<pin_list>
<pin id="337" dir="1" index="0" bw="1" slack="0"/>
</pin_list>
<bind>
<StgValue><ssdm name="p_ZL7threshs_11_0"/><MemPortTyVec>1 </MemPortTyVec>
</StgValue>
</bind>
</comp>

<comp id="338" class="1000" name="p_ZL7threshs_11_1">
<pin_list>
<pin id="339" dir="1" index="0" bw="1" slack="0"/>
</pin_list>
<bind>
<StgValue><ssdm name="p_ZL7threshs_11_1"/><MemPortTyVec>1 </MemPortTyVec>
</StgValue>
</bind>
</comp>

<comp id="340" class="1000" name="p_ZL7threshs_11_2">
<pin_list>
<pin id="341" dir="1" index="0" bw="1" slack="0"/>
</pin_list>
<bind>
<StgValue><ssdm name="p_ZL7threshs_11_2"/><MemPortTyVec>1 </MemPortTyVec>
</StgValue>
</bind>
</comp>

<comp id="342" class="1000" name="p_ZL7threshs_11_3">
<pin_list>
<pin id="343" dir="1" index="0" bw="1" slack="0"/>
</pin_list>
<bind>
<StgValue><ssdm name="p_ZL7threshs_11_3"/><MemPortTyVec>1 </MemPortTyVec>
</StgValue>
</bind>
</comp>

<comp id="344" class="1000" name="p_ZL7threshs_11_4">
<pin_list>
<pin id="345" dir="1" index="0" bw="1" slack="0"/>
</pin_list>
<bind>
<StgValue><ssdm name="p_ZL7threshs_11_4"/><MemPortTyVec>1 </MemPortTyVec>
</StgValue>
</bind>
</comp>

<comp id="346" class="1000" name="p_ZL7threshs_11_5">
<pin_list>
<pin id="347" dir="1" index="0" bw="1" slack="0"/>
</pin_list>
<bind>
<StgValue><ssdm name="p_ZL7threshs_11_5"/><MemPortTyVec>1 </MemPortTyVec>
</StgValue>
</bind>
</comp>

<comp id="348" class="1000" name="p_ZL7threshs_11_6">
<pin_list>
<pin id="349" dir="1" index="0" bw="1" slack="0"/>
</pin_list>
<bind>
<StgValue><ssdm name="p_ZL7threshs_11_6"/><MemPortTyVec>1 </MemPortTyVec>
</StgValue>
</bind>
</comp>

<comp id="350" class="1000" name="p_ZL7threshs_11_7">
<pin_list>
<pin id="351" dir="1" index="0" bw="1" slack="0"/>
</pin_list>
<bind>
<StgValue><ssdm name="p_ZL7threshs_11_7"/><MemPortTyVec>1 </MemPortTyVec>
</StgValue>
</bind>
</comp>

<comp id="352" class="1000" name="p_ZL7threshs_11_8">
<pin_list>
<pin id="353" dir="1" index="0" bw="1" slack="0"/>
</pin_list>
<bind>
<StgValue><ssdm name="p_ZL7threshs_11_8"/><MemPortTyVec>1 </MemPortTyVec>
</StgValue>
</bind>
</comp>

<comp id="354" class="1000" name="p_ZL7threshs_11_9">
<pin_list>
<pin id="355" dir="1" index="0" bw="1" slack="0"/>
</pin_list>
<bind>
<StgValue><ssdm name="p_ZL7threshs_11_9"/><MemPortTyVec>1 </MemPortTyVec>
</StgValue>
</bind>
</comp>

<comp id="356" class="1000" name="p_ZL7threshs_11_10">
<pin_list>
<pin id="357" dir="1" index="0" bw="1" slack="0"/>
</pin_list>
<bind>
<StgValue><ssdm name="p_ZL7threshs_11_10"/><MemPortTyVec>1 </MemPortTyVec>
</StgValue>
</bind>
</comp>

<comp id="358" class="1000" name="p_ZL7threshs_11_11">
<pin_list>
<pin id="359" dir="1" index="0" bw="1" slack="0"/>
</pin_list>
<bind>
<StgValue><ssdm name="p_ZL7threshs_11_11"/><MemPortTyVec>1 </MemPortTyVec>
</StgValue>
</bind>
</comp>

<comp id="360" class="1000" name="p_ZL7threshs_11_12">
<pin_list>
<pin id="361" dir="1" index="0" bw="1" slack="0"/>
</pin_list>
<bind>
<StgValue><ssdm name="p_ZL7threshs_11_12"/><MemPortTyVec>1 </MemPortTyVec>
</StgValue>
</bind>
</comp>

<comp id="362" class="1000" name="p_ZL7threshs_11_13">
<pin_list>
<pin id="363" dir="1" index="0" bw="1" slack="0"/>
</pin_list>
<bind>
<StgValue><ssdm name="p_ZL7threshs_11_13"/><MemPortTyVec>1 </MemPortTyVec>
</StgValue>
</bind>
</comp>

<comp id="364" class="1000" name="p_ZL7threshs_11_14">
<pin_list>
<pin id="365" dir="1" index="0" bw="1" slack="0"/>
</pin_list>
<bind>
<StgValue><ssdm name="p_ZL7threshs_11_14"/><MemPortTyVec>1 </MemPortTyVec>
</StgValue>
</bind>
</comp>

<comp id="366" class="1000" name="p_ZL7threshs_12_0">
<pin_list>
<pin id="367" dir="1" index="0" bw="1" slack="0"/>
</pin_list>
<bind>
<StgValue><ssdm name="p_ZL7threshs_12_0"/><MemPortTyVec>1 </MemPortTyVec>
</StgValue>
</bind>
</comp>

<comp id="368" class="1000" name="p_ZL7threshs_12_1">
<pin_list>
<pin id="369" dir="1" index="0" bw="1" slack="0"/>
</pin_list>
<bind>
<StgValue><ssdm name="p_ZL7threshs_12_1"/><MemPortTyVec>1 </MemPortTyVec>
</StgValue>
</bind>
</comp>

<comp id="370" class="1000" name="p_ZL7threshs_12_2">
<pin_list>
<pin id="371" dir="1" index="0" bw="1" slack="0"/>
</pin_list>
<bind>
<StgValue><ssdm name="p_ZL7threshs_12_2"/><MemPortTyVec>1 </MemPortTyVec>
</StgValue>
</bind>
</comp>

<comp id="372" class="1000" name="p_ZL7threshs_12_3">
<pin_list>
<pin id="373" dir="1" index="0" bw="1" slack="0"/>
</pin_list>
<bind>
<StgValue><ssdm name="p_ZL7threshs_12_3"/><MemPortTyVec>1 </MemPortTyVec>
</StgValue>
</bind>
</comp>

<comp id="374" class="1000" name="p_ZL7threshs_12_4">
<pin_list>
<pin id="375" dir="1" index="0" bw="1" slack="0"/>
</pin_list>
<bind>
<StgValue><ssdm name="p_ZL7threshs_12_4"/><MemPortTyVec>1 </MemPortTyVec>
</StgValue>
</bind>
</comp>

<comp id="376" class="1000" name="p_ZL7threshs_12_5">
<pin_list>
<pin id="377" dir="1" index="0" bw="1" slack="0"/>
</pin_list>
<bind>
<StgValue><ssdm name="p_ZL7threshs_12_5"/><MemPortTyVec>1 </MemPortTyVec>
</StgValue>
</bind>
</comp>

<comp id="378" class="1000" name="p_ZL7threshs_12_6">
<pin_list>
<pin id="379" dir="1" index="0" bw="1" slack="0"/>
</pin_list>
<bind>
<StgValue><ssdm name="p_ZL7threshs_12_6"/><MemPortTyVec>1 </MemPortTyVec>
</StgValue>
</bind>
</comp>

<comp id="380" class="1000" name="p_ZL7threshs_12_7">
<pin_list>
<pin id="381" dir="1" index="0" bw="1" slack="0"/>
</pin_list>
<bind>
<StgValue><ssdm name="p_ZL7threshs_12_7"/><MemPortTyVec>1 </MemPortTyVec>
</StgValue>
</bind>
</comp>

<comp id="382" class="1000" name="p_ZL7threshs_12_8">
<pin_list>
<pin id="383" dir="1" index="0" bw="1" slack="0"/>
</pin_list>
<bind>
<StgValue><ssdm name="p_ZL7threshs_12_8"/><MemPortTyVec>1 </MemPortTyVec>
</StgValue>
</bind>
</comp>

<comp id="384" class="1000" name="p_ZL7threshs_12_9">
<pin_list>
<pin id="385" dir="1" index="0" bw="1" slack="0"/>
</pin_list>
<bind>
<StgValue><ssdm name="p_ZL7threshs_12_9"/><MemPortTyVec>1 </MemPortTyVec>
</StgValue>
</bind>
</comp>

<comp id="386" class="1000" name="p_ZL7threshs_12_10">
<pin_list>
<pin id="387" dir="1" index="0" bw="1" slack="0"/>
</pin_list>
<bind>
<StgValue><ssdm name="p_ZL7threshs_12_10"/><MemPortTyVec>1 </MemPortTyVec>
</StgValue>
</bind>
</comp>

<comp id="388" class="1000" name="p_ZL7threshs_12_11">
<pin_list>
<pin id="389" dir="1" index="0" bw="1" slack="0"/>
</pin_list>
<bind>
<StgValue><ssdm name="p_ZL7threshs_12_11"/><MemPortTyVec>1 </MemPortTyVec>
</StgValue>
</bind>
</comp>

<comp id="390" class="1000" name="p_ZL7threshs_12_12">
<pin_list>
<pin id="391" dir="1" index="0" bw="1" slack="0"/>
</pin_list>
<bind>
<StgValue><ssdm name="p_ZL7threshs_12_12"/><MemPortTyVec>1 </MemPortTyVec>
</StgValue>
</bind>
</comp>

<comp id="392" class="1000" name="p_ZL7threshs_12_13">
<pin_list>
<pin id="393" dir="1" index="0" bw="1" slack="0"/>
</pin_list>
<bind>
<StgValue><ssdm name="p_ZL7threshs_12_13"/><MemPortTyVec>1 </MemPortTyVec>
</StgValue>
</bind>
</comp>

<comp id="394" class="1000" name="p_ZL7threshs_12_14">
<pin_list>
<pin id="395" dir="1" index="0" bw="1" slack="0"/>
</pin_list>
<bind>
<StgValue><ssdm name="p_ZL7threshs_12_14"/><MemPortTyVec>1 </MemPortTyVec>
</StgValue>
</bind>
</comp>

<comp id="396" class="1000" name="p_ZL7threshs_13_0">
<pin_list>
<pin id="397" dir="1" index="0" bw="1" slack="0"/>
</pin_list>
<bind>
<StgValue><ssdm name="p_ZL7threshs_13_0"/><MemPortTyVec>1 </MemPortTyVec>
</StgValue>
</bind>
</comp>

<comp id="398" class="1000" name="p_ZL7threshs_13_1">
<pin_list>
<pin id="399" dir="1" index="0" bw="1" slack="0"/>
</pin_list>
<bind>
<StgValue><ssdm name="p_ZL7threshs_13_1"/><MemPortTyVec>1 </MemPortTyVec>
</StgValue>
</bind>
</comp>

<comp id="400" class="1000" name="p_ZL7threshs_13_2">
<pin_list>
<pin id="401" dir="1" index="0" bw="1" slack="0"/>
</pin_list>
<bind>
<StgValue><ssdm name="p_ZL7threshs_13_2"/><MemPortTyVec>1 </MemPortTyVec>
</StgValue>
</bind>
</comp>

<comp id="402" class="1000" name="p_ZL7threshs_13_3">
<pin_list>
<pin id="403" dir="1" index="0" bw="1" slack="0"/>
</pin_list>
<bind>
<StgValue><ssdm name="p_ZL7threshs_13_3"/><MemPortTyVec>1 </MemPortTyVec>
</StgValue>
</bind>
</comp>

<comp id="404" class="1000" name="p_ZL7threshs_13_4">
<pin_list>
<pin id="405" dir="1" index="0" bw="1" slack="0"/>
</pin_list>
<bind>
<StgValue><ssdm name="p_ZL7threshs_13_4"/><MemPortTyVec>1 </MemPortTyVec>
</StgValue>
</bind>
</comp>

<comp id="406" class="1000" name="p_ZL7threshs_13_5">
<pin_list>
<pin id="407" dir="1" index="0" bw="1" slack="0"/>
</pin_list>
<bind>
<StgValue><ssdm name="p_ZL7threshs_13_5"/><MemPortTyVec>1 </MemPortTyVec>
</StgValue>
</bind>
</comp>

<comp id="408" class="1000" name="p_ZL7threshs_13_6">
<pin_list>
<pin id="409" dir="1" index="0" bw="1" slack="0"/>
</pin_list>
<bind>
<StgValue><ssdm name="p_ZL7threshs_13_6"/><MemPortTyVec>1 </MemPortTyVec>
</StgValue>
</bind>
</comp>

<comp id="410" class="1000" name="p_ZL7threshs_13_7">
<pin_list>
<pin id="411" dir="1" index="0" bw="1" slack="0"/>
</pin_list>
<bind>
<StgValue><ssdm name="p_ZL7threshs_13_7"/><MemPortTyVec>1 </MemPortTyVec>
</StgValue>
</bind>
</comp>

<comp id="412" class="1000" name="p_ZL7threshs_13_8">
<pin_list>
<pin id="413" dir="1" index="0" bw="1" slack="0"/>
</pin_list>
<bind>
<StgValue><ssdm name="p_ZL7threshs_13_8"/><MemPortTyVec>1 </MemPortTyVec>
</StgValue>
</bind>
</comp>

<comp id="414" class="1000" name="p_ZL7threshs_13_9">
<pin_list>
<pin id="415" dir="1" index="0" bw="1" slack="0"/>
</pin_list>
<bind>
<StgValue><ssdm name="p_ZL7threshs_13_9"/><MemPortTyVec>1 </MemPortTyVec>
</StgValue>
</bind>
</comp>

<comp id="416" class="1000" name="p_ZL7threshs_13_10">
<pin_list>
<pin id="417" dir="1" index="0" bw="1" slack="0"/>
</pin_list>
<bind>
<StgValue><ssdm name="p_ZL7threshs_13_10"/><MemPortTyVec>1 </MemPortTyVec>
</StgValue>
</bind>
</comp>

<comp id="418" class="1000" name="p_ZL7threshs_13_11">
<pin_list>
<pin id="419" dir="1" index="0" bw="1" slack="0"/>
</pin_list>
<bind>
<StgValue><ssdm name="p_ZL7threshs_13_11"/><MemPortTyVec>1 </MemPortTyVec>
</StgValue>
</bind>
</comp>

<comp id="420" class="1000" name="p_ZL7threshs_13_12">
<pin_list>
<pin id="421" dir="1" index="0" bw="1" slack="0"/>
</pin_list>
<bind>
<StgValue><ssdm name="p_ZL7threshs_13_12"/><MemPortTyVec>1 </MemPortTyVec>
</StgValue>
</bind>
</comp>

<comp id="422" class="1000" name="p_ZL7threshs_13_13">
<pin_list>
<pin id="423" dir="1" index="0" bw="1" slack="0"/>
</pin_list>
<bind>
<StgValue><ssdm name="p_ZL7threshs_13_13"/><MemPortTyVec>1 </MemPortTyVec>
</StgValue>
</bind>
</comp>

<comp id="424" class="1000" name="p_ZL7threshs_13_14">
<pin_list>
<pin id="425" dir="1" index="0" bw="1" slack="0"/>
</pin_list>
<bind>
<StgValue><ssdm name="p_ZL7threshs_13_14"/><MemPortTyVec>1 </MemPortTyVec>
</StgValue>
</bind>
</comp>

<comp id="426" class="1000" name="p_ZL7threshs_14_0">
<pin_list>
<pin id="427" dir="1" index="0" bw="1" slack="0"/>
</pin_list>
<bind>
<StgValue><ssdm name="p_ZL7threshs_14_0"/><MemPortTyVec>1 </MemPortTyVec>
</StgValue>
</bind>
</comp>

<comp id="428" class="1000" name="p_ZL7threshs_14_1">
<pin_list>
<pin id="429" dir="1" index="0" bw="1" slack="0"/>
</pin_list>
<bind>
<StgValue><ssdm name="p_ZL7threshs_14_1"/><MemPortTyVec>1 </MemPortTyVec>
</StgValue>
</bind>
</comp>

<comp id="430" class="1000" name="p_ZL7threshs_14_2">
<pin_list>
<pin id="431" dir="1" index="0" bw="1" slack="0"/>
</pin_list>
<bind>
<StgValue><ssdm name="p_ZL7threshs_14_2"/><MemPortTyVec>1 </MemPortTyVec>
</StgValue>
</bind>
</comp>

<comp id="432" class="1000" name="p_ZL7threshs_14_3">
<pin_list>
<pin id="433" dir="1" index="0" bw="1" slack="0"/>
</pin_list>
<bind>
<StgValue><ssdm name="p_ZL7threshs_14_3"/><MemPortTyVec>1 </MemPortTyVec>
</StgValue>
</bind>
</comp>

<comp id="434" class="1000" name="p_ZL7threshs_14_4">
<pin_list>
<pin id="435" dir="1" index="0" bw="1" slack="0"/>
</pin_list>
<bind>
<StgValue><ssdm name="p_ZL7threshs_14_4"/><MemPortTyVec>1 </MemPortTyVec>
</StgValue>
</bind>
</comp>

<comp id="436" class="1000" name="p_ZL7threshs_14_5">
<pin_list>
<pin id="437" dir="1" index="0" bw="1" slack="0"/>
</pin_list>
<bind>
<StgValue><ssdm name="p_ZL7threshs_14_5"/><MemPortTyVec>1 </MemPortTyVec>
</StgValue>
</bind>
</comp>

<comp id="438" class="1000" name="p_ZL7threshs_14_6">
<pin_list>
<pin id="439" dir="1" index="0" bw="1" slack="0"/>
</pin_list>
<bind>
<StgValue><ssdm name="p_ZL7threshs_14_6"/><MemPortTyVec>1 </MemPortTyVec>
</StgValue>
</bind>
</comp>

<comp id="440" class="1000" name="p_ZL7threshs_14_7">
<pin_list>
<pin id="441" dir="1" index="0" bw="1" slack="0"/>
</pin_list>
<bind>
<StgValue><ssdm name="p_ZL7threshs_14_7"/><MemPortTyVec>1 </MemPortTyVec>
</StgValue>
</bind>
</comp>

<comp id="442" class="1000" name="p_ZL7threshs_14_8">
<pin_list>
<pin id="443" dir="1" index="0" bw="1" slack="0"/>
</pin_list>
<bind>
<StgValue><ssdm name="p_ZL7threshs_14_8"/><MemPortTyVec>1 </MemPortTyVec>
</StgValue>
</bind>
</comp>

<comp id="444" class="1000" name="p_ZL7threshs_14_9">
<pin_list>
<pin id="445" dir="1" index="0" bw="1" slack="0"/>
</pin_list>
<bind>
<StgValue><ssdm name="p_ZL7threshs_14_9"/><MemPortTyVec>1 </MemPortTyVec>
</StgValue>
</bind>
</comp>

<comp id="446" class="1000" name="p_ZL7threshs_14_10">
<pin_list>
<pin id="447" dir="1" index="0" bw="1" slack="0"/>
</pin_list>
<bind>
<StgValue><ssdm name="p_ZL7threshs_14_10"/><MemPortTyVec>1 </MemPortTyVec>
</StgValue>
</bind>
</comp>

<comp id="448" class="1000" name="p_ZL7threshs_14_11">
<pin_list>
<pin id="449" dir="1" index="0" bw="1" slack="0"/>
</pin_list>
<bind>
<StgValue><ssdm name="p_ZL7threshs_14_11"/><MemPortTyVec>1 </MemPortTyVec>
</StgValue>
</bind>
</comp>

<comp id="450" class="1000" name="p_ZL7threshs_14_12">
<pin_list>
<pin id="451" dir="1" index="0" bw="1" slack="0"/>
</pin_list>
<bind>
<StgValue><ssdm name="p_ZL7threshs_14_12"/><MemPortTyVec>1 </MemPortTyVec>
</StgValue>
</bind>
</comp>

<comp id="452" class="1000" name="p_ZL7threshs_14_13">
<pin_list>
<pin id="453" dir="1" index="0" bw="1" slack="0"/>
</pin_list>
<bind>
<StgValue><ssdm name="p_ZL7threshs_14_13"/><MemPortTyVec>1 </MemPortTyVec>
</StgValue>
</bind>
</comp>

<comp id="454" class="1000" name="p_ZL7threshs_14_14">
<pin_list>
<pin id="455" dir="1" index="0" bw="1" slack="0"/>
</pin_list>
<bind>
<StgValue><ssdm name="p_ZL7threshs_14_14"/><MemPortTyVec>1 </MemPortTyVec>
</StgValue>
</bind>
</comp>

<comp id="456" class="1000" name="p_ZL7threshs_15_0">
<pin_list>
<pin id="457" dir="1" index="0" bw="1" slack="0"/>
</pin_list>
<bind>
<StgValue><ssdm name="p_ZL7threshs_15_0"/><MemPortTyVec>1 </MemPortTyVec>
</StgValue>
</bind>
</comp>

<comp id="458" class="1000" name="p_ZL7threshs_15_1">
<pin_list>
<pin id="459" dir="1" index="0" bw="1" slack="0"/>
</pin_list>
<bind>
<StgValue><ssdm name="p_ZL7threshs_15_1"/><MemPortTyVec>1 </MemPortTyVec>
</StgValue>
</bind>
</comp>

<comp id="460" class="1000" name="p_ZL7threshs_15_2">
<pin_list>
<pin id="461" dir="1" index="0" bw="1" slack="0"/>
</pin_list>
<bind>
<StgValue><ssdm name="p_ZL7threshs_15_2"/><MemPortTyVec>1 </MemPortTyVec>
</StgValue>
</bind>
</comp>

<comp id="462" class="1000" name="p_ZL7threshs_15_3">
<pin_list>
<pin id="463" dir="1" index="0" bw="1" slack="0"/>
</pin_list>
<bind>
<StgValue><ssdm name="p_ZL7threshs_15_3"/><MemPortTyVec>1 </MemPortTyVec>
</StgValue>
</bind>
</comp>

<comp id="464" class="1000" name="p_ZL7threshs_15_4">
<pin_list>
<pin id="465" dir="1" index="0" bw="1" slack="0"/>
</pin_list>
<bind>
<StgValue><ssdm name="p_ZL7threshs_15_4"/><MemPortTyVec>1 </MemPortTyVec>
</StgValue>
</bind>
</comp>

<comp id="466" class="1000" name="p_ZL7threshs_15_5">
<pin_list>
<pin id="467" dir="1" index="0" bw="1" slack="0"/>
</pin_list>
<bind>
<StgValue><ssdm name="p_ZL7threshs_15_5"/><MemPortTyVec>1 </MemPortTyVec>
</StgValue>
</bind>
</comp>

<comp id="468" class="1000" name="p_ZL7threshs_15_6">
<pin_list>
<pin id="469" dir="1" index="0" bw="1" slack="0"/>
</pin_list>
<bind>
<StgValue><ssdm name="p_ZL7threshs_15_6"/><MemPortTyVec>1 </MemPortTyVec>
</StgValue>
</bind>
</comp>

<comp id="470" class="1000" name="p_ZL7threshs_15_7">
<pin_list>
<pin id="471" dir="1" index="0" bw="1" slack="0"/>
</pin_list>
<bind>
<StgValue><ssdm name="p_ZL7threshs_15_7"/><MemPortTyVec>1 </MemPortTyVec>
</StgValue>
</bind>
</comp>

<comp id="472" class="1000" name="p_ZL7threshs_15_8">
<pin_list>
<pin id="473" dir="1" index="0" bw="1" slack="0"/>
</pin_list>
<bind>
<StgValue><ssdm name="p_ZL7threshs_15_8"/><MemPortTyVec>1 </MemPortTyVec>
</StgValue>
</bind>
</comp>

<comp id="474" class="1000" name="p_ZL7threshs_15_9">
<pin_list>
<pin id="475" dir="1" index="0" bw="1" slack="0"/>
</pin_list>
<bind>
<StgValue><ssdm name="p_ZL7threshs_15_9"/><MemPortTyVec>1 </MemPortTyVec>
</StgValue>
</bind>
</comp>

<comp id="476" class="1000" name="p_ZL7threshs_15_10">
<pin_list>
<pin id="477" dir="1" index="0" bw="1" slack="0"/>
</pin_list>
<bind>
<StgValue><ssdm name="p_ZL7threshs_15_10"/><MemPortTyVec>1 </MemPortTyVec>
</StgValue>
</bind>
</comp>

<comp id="478" class="1000" name="p_ZL7threshs_15_11">
<pin_list>
<pin id="479" dir="1" index="0" bw="1" slack="0"/>
</pin_list>
<bind>
<StgValue><ssdm name="p_ZL7threshs_15_11"/><MemPortTyVec>1 </MemPortTyVec>
</StgValue>
</bind>
</comp>

<comp id="480" class="1000" name="p_ZL7threshs_15_12">
<pin_list>
<pin id="481" dir="1" index="0" bw="1" slack="0"/>
</pin_list>
<bind>
<StgValue><ssdm name="p_ZL7threshs_15_12"/><MemPortTyVec>1 </MemPortTyVec>
</StgValue>
</bind>
</comp>

<comp id="482" class="1000" name="p_ZL7threshs_15_13">
<pin_list>
<pin id="483" dir="1" index="0" bw="1" slack="0"/>
</pin_list>
<bind>
<StgValue><ssdm name="p_ZL7threshs_15_13"/><MemPortTyVec>1 </MemPortTyVec>
</StgValue>
</bind>
</comp>

<comp id="484" class="1000" name="p_ZL7threshs_15_14">
<pin_list>
<pin id="485" dir="1" index="0" bw="1" slack="0"/>
</pin_list>
<bind>
<StgValue><ssdm name="p_ZL7threshs_15_14"/><MemPortTyVec>1 </MemPortTyVec>
</StgValue>
</bind>
</comp>

<comp id="486" class="1001" name="const_486">
<pin_list>
<pin id="487" dir="1" index="0" bw="1" slack="0"/>
</pin_list>
<bind>
<StgValue><ssdm name="Matrix_Vector_Activate_Stream_Batch"/></StgValue>
</bind>
</comp>

<comp id="488" class="1001" name="const_488">
<pin_list>
<pin id="489" dir="1" index="0" bw="1" slack="2147483647"/>
</pin_list>
<bind>
<StgValue><ssdm name="_ssdm_op_SpecTopModule"/></StgValue>
</bind>
</comp>

<comp id="490" class="1001" name="const_490">
<pin_list>
<pin id="491" dir="1" index="0" bw="1" slack="2147483647"/>
</pin_list>
<bind>
<StgValue><ssdm name="empty_2"/></StgValue>
</bind>
</comp>

<comp id="492" class="1001" name="const_492">
<pin_list>
<pin id="493" dir="1" index="0" bw="1" slack="2147483647"/>
</pin_list>
<bind>
<StgValue><ssdm name="_ssdm_op_SpecInterface"/></StgValue>
</bind>
</comp>

<comp id="494" class="1001" name="const_494">
<pin_list>
<pin id="495" dir="1" index="0" bw="1" slack="2147483647"/>
</pin_list>
<bind>
<StgValue><ssdm name=""/></StgValue>
</bind>
</comp>

<comp id="496" class="1001" name="const_496">
<pin_list>
<pin id="497" dir="1" index="0" bw="1" slack="2147483647"/>
</pin_list>
<bind>
<StgValue><ssdm name="empty_3"/></StgValue>
</bind>
</comp>

<comp id="498" class="1001" name="const_498">
<pin_list>
<pin id="499" dir="1" index="0" bw="1" slack="2147483647"/>
</pin_list>
<bind>
<StgValue><ssdm name="empty_1"/></StgValue>
</bind>
</comp>

<comp id="500" class="1001" name="const_500">
<pin_list>
<pin id="501" dir="1" index="0" bw="1" slack="2147483647"/>
</pin_list>
<bind>
<StgValue><ssdm name=""/></StgValue>
</bind>
</comp>

<comp id="502" class="1001" name="const_502">
<pin_list>
<pin id="503" dir="1" index="0" bw="1" slack="2147483647"/>
</pin_list>
<bind>
<StgValue><ssdm name="empty"/></StgValue>
</bind>
</comp>

<comp id="504" class="1001" name="const_504">
<pin_list>
<pin id="505" dir="1" index="0" bw="1" slack="2147483647"/>
</pin_list>
<bind>
<StgValue><ssdm name=""/></StgValue>
</bind>
</comp>

<comp id="506" class="1001" name="const_506">
<pin_list>
<pin id="507" dir="1" index="0" bw="1" slack="2147483647"/>
</pin_list>
<bind>
<StgValue><ssdm name="empty_0"/></StgValue>
</bind>
</comp>

<comp id="508" class="1001" name="const_508">
<pin_list>
<pin id="509" dir="1" index="0" bw="1" slack="2147483647"/>
</pin_list>
<bind>
<StgValue><ssdm name="_ssdm_op_SpecBitsMap"/></StgValue>
</bind>
</comp>

<comp id="510" class="1004" name="grp_Matrix_Vector_Activate_Stream_Batch_fu_510">
<pin_list>
<pin id="511" dir="0" index="0" bw="0" slack="0"/>
<pin id="512" dir="0" index="1" bw="32" slack="0"/>
<pin id="513" dir="0" index="2" bw="64" slack="0"/>
<pin id="514" dir="0" index="3" bw="512" slack="0"/>
<pin id="515" dir="0" index="4" bw="1" slack="0"/>
<pin id="516" dir="0" index="5" bw="4" slack="0"/>
<pin id="517" dir="0" index="6" bw="3" slack="0"/>
<pin id="518" dir="0" index="7" bw="5" slack="0"/>
<pin id="519" dir="0" index="8" bw="5" slack="0"/>
<pin id="520" dir="0" index="9" bw="3" slack="0"/>
<pin id="521" dir="0" index="10" bw="6" slack="0"/>
<pin id="522" dir="0" index="11" bw="6" slack="0"/>
<pin id="523" dir="0" index="12" bw="6" slack="0"/>
<pin id="524" dir="0" index="13" bw="5" slack="0"/>
<pin id="525" dir="0" index="14" bw="5" slack="0"/>
<pin id="526" dir="0" index="15" bw="4" slack="0"/>
<pin id="527" dir="0" index="16" bw="1" slack="0"/>
<pin id="528" dir="0" index="17" bw="7" slack="0"/>
<pin id="529" dir="0" index="18" bw="7" slack="0"/>
<pin id="530" dir="0" index="19" bw="1" slack="0"/>
<pin id="531" dir="0" index="20" bw="4" slack="0"/>
<pin id="532" dir="0" index="21" bw="3" slack="0"/>
<pin id="533" dir="0" index="22" bw="5" slack="0"/>
<pin id="534" dir="0" index="23" bw="5" slack="0"/>
<pin id="535" dir="0" index="24" bw="3" slack="0"/>
<pin id="536" dir="0" index="25" bw="6" slack="0"/>
<pin id="537" dir="0" index="26" bw="6" slack="0"/>
<pin id="538" dir="0" index="27" bw="6" slack="0"/>
<pin id="539" dir="0" index="28" bw="5" slack="0"/>
<pin id="540" dir="0" index="29" bw="5" slack="0"/>
<pin id="541" dir="0" index="30" bw="4" slack="0"/>
<pin id="542" dir="0" index="31" bw="1" slack="0"/>
<pin id="543" dir="0" index="32" bw="7" slack="0"/>
<pin id="544" dir="0" index="33" bw="7" slack="0"/>
<pin id="545" dir="0" index="34" bw="1" slack="0"/>
<pin id="546" dir="0" index="35" bw="4" slack="0"/>
<pin id="547" dir="0" index="36" bw="3" slack="0"/>
<pin id="548" dir="0" index="37" bw="5" slack="0"/>
<pin id="549" dir="0" index="38" bw="5" slack="0"/>
<pin id="550" dir="0" index="39" bw="3" slack="0"/>
<pin id="551" dir="0" index="40" bw="6" slack="0"/>
<pin id="552" dir="0" index="41" bw="6" slack="0"/>
<pin id="553" dir="0" index="42" bw="6" slack="0"/>
<pin id="554" dir="0" index="43" bw="5" slack="0"/>
<pin id="555" dir="0" index="44" bw="5" slack="0"/>
<pin id="556" dir="0" index="45" bw="4" slack="0"/>
<pin id="557" dir="0" index="46" bw="1" slack="0"/>
<pin id="558" dir="0" index="47" bw="7" slack="0"/>
<pin id="559" dir="0" index="48" bw="7" slack="0"/>
<pin id="560" dir="0" index="49" bw="1" slack="0"/>
<pin id="561" dir="0" index="50" bw="4" slack="0"/>
<pin id="562" dir="0" index="51" bw="3" slack="0"/>
<pin id="563" dir="0" index="52" bw="5" slack="0"/>
<pin id="564" dir="0" index="53" bw="5" slack="0"/>
<pin id="565" dir="0" index="54" bw="3" slack="0"/>
<pin id="566" dir="0" index="55" bw="6" slack="0"/>
<pin id="567" dir="0" index="56" bw="6" slack="0"/>
<pin id="568" dir="0" index="57" bw="6" slack="0"/>
<pin id="569" dir="0" index="58" bw="5" slack="0"/>
<pin id="570" dir="0" index="59" bw="5" slack="0"/>
<pin id="571" dir="0" index="60" bw="4" slack="0"/>
<pin id="572" dir="0" index="61" bw="1" slack="0"/>
<pin id="573" dir="0" index="62" bw="7" slack="0"/>
<pin id="574" dir="0" index="63" bw="7" slack="0"/>
<pin id="575" dir="0" index="64" bw="1" slack="0"/>
<pin id="576" dir="0" index="65" bw="4" slack="0"/>
<pin id="577" dir="0" index="66" bw="3" slack="0"/>
<pin id="578" dir="0" index="67" bw="5" slack="0"/>
<pin id="579" dir="0" index="68" bw="5" slack="0"/>
<pin id="580" dir="0" index="69" bw="3" slack="0"/>
<pin id="581" dir="0" index="70" bw="6" slack="0"/>
<pin id="582" dir="0" index="71" bw="6" slack="0"/>
<pin id="583" dir="0" index="72" bw="6" slack="0"/>
<pin id="584" dir="0" index="73" bw="5" slack="0"/>
<pin id="585" dir="0" index="74" bw="5" slack="0"/>
<pin id="586" dir="0" index="75" bw="4" slack="0"/>
<pin id="587" dir="0" index="76" bw="1" slack="0"/>
<pin id="588" dir="0" index="77" bw="7" slack="0"/>
<pin id="589" dir="0" index="78" bw="7" slack="0"/>
<pin id="590" dir="0" index="79" bw="1" slack="0"/>
<pin id="591" dir="0" index="80" bw="4" slack="0"/>
<pin id="592" dir="0" index="81" bw="3" slack="0"/>
<pin id="593" dir="0" index="82" bw="5" slack="0"/>
<pin id="594" dir="0" index="83" bw="5" slack="0"/>
<pin id="595" dir="0" index="84" bw="3" slack="0"/>
<pin id="596" dir="0" index="85" bw="6" slack="0"/>
<pin id="597" dir="0" index="86" bw="6" slack="0"/>
<pin id="598" dir="0" index="87" bw="6" slack="0"/>
<pin id="599" dir="0" index="88" bw="5" slack="0"/>
<pin id="600" dir="0" index="89" bw="5" slack="0"/>
<pin id="601" dir="0" index="90" bw="4" slack="0"/>
<pin id="602" dir="0" index="91" bw="1" slack="0"/>
<pin id="603" dir="0" index="92" bw="7" slack="0"/>
<pin id="604" dir="0" index="93" bw="7" slack="0"/>
<pin id="605" dir="0" index="94" bw="1" slack="0"/>
<pin id="606" dir="0" index="95" bw="4" slack="0"/>
<pin id="607" dir="0" index="96" bw="3" slack="0"/>
<pin id="608" dir="0" index="97" bw="5" slack="0"/>
<pin id="609" dir="0" index="98" bw="5" slack="0"/>
<pin id="610" dir="0" index="99" bw="3" slack="0"/>
<pin id="611" dir="0" index="100" bw="6" slack="0"/>
<pin id="612" dir="0" index="101" bw="6" slack="0"/>
<pin id="613" dir="0" index="102" bw="6" slack="0"/>
<pin id="614" dir="0" index="103" bw="5" slack="0"/>
<pin id="615" dir="0" index="104" bw="5" slack="0"/>
<pin id="616" dir="0" index="105" bw="4" slack="0"/>
<pin id="617" dir="0" index="106" bw="1" slack="0"/>
<pin id="618" dir="0" index="107" bw="7" slack="0"/>
<pin id="619" dir="0" index="108" bw="7" slack="0"/>
<pin id="620" dir="0" index="109" bw="1" slack="0"/>
<pin id="621" dir="0" index="110" bw="4" slack="0"/>
<pin id="622" dir="0" index="111" bw="3" slack="0"/>
<pin id="623" dir="0" index="112" bw="5" slack="0"/>
<pin id="624" dir="0" index="113" bw="5" slack="0"/>
<pin id="625" dir="0" index="114" bw="3" slack="0"/>
<pin id="626" dir="0" index="115" bw="6" slack="0"/>
<pin id="627" dir="0" index="116" bw="6" slack="0"/>
<pin id="628" dir="0" index="117" bw="6" slack="0"/>
<pin id="629" dir="0" index="118" bw="5" slack="0"/>
<pin id="630" dir="0" index="119" bw="5" slack="0"/>
<pin id="631" dir="0" index="120" bw="4" slack="0"/>
<pin id="632" dir="0" index="121" bw="1" slack="0"/>
<pin id="633" dir="0" index="122" bw="7" slack="0"/>
<pin id="634" dir="0" index="123" bw="7" slack="0"/>
<pin id="635" dir="0" index="124" bw="1" slack="0"/>
<pin id="636" dir="0" index="125" bw="4" slack="0"/>
<pin id="637" dir="0" index="126" bw="3" slack="0"/>
<pin id="638" dir="0" index="127" bw="5" slack="0"/>
<pin id="639" dir="0" index="128" bw="5" slack="0"/>
<pin id="640" dir="0" index="129" bw="3" slack="0"/>
<pin id="641" dir="0" index="130" bw="6" slack="0"/>
<pin id="642" dir="0" index="131" bw="6" slack="0"/>
<pin id="643" dir="0" index="132" bw="6" slack="0"/>
<pin id="644" dir="0" index="133" bw="5" slack="0"/>
<pin id="645" dir="0" index="134" bw="5" slack="0"/>
<pin id="646" dir="0" index="135" bw="4" slack="0"/>
<pin id="647" dir="0" index="136" bw="1" slack="0"/>
<pin id="648" dir="0" index="137" bw="7" slack="0"/>
<pin id="649" dir="0" index="138" bw="7" slack="0"/>
<pin id="650" dir="0" index="139" bw="1" slack="0"/>
<pin id="651" dir="0" index="140" bw="4" slack="0"/>
<pin id="652" dir="0" index="141" bw="3" slack="0"/>
<pin id="653" dir="0" index="142" bw="5" slack="0"/>
<pin id="654" dir="0" index="143" bw="5" slack="0"/>
<pin id="655" dir="0" index="144" bw="3" slack="0"/>
<pin id="656" dir="0" index="145" bw="6" slack="0"/>
<pin id="657" dir="0" index="146" bw="6" slack="0"/>
<pin id="658" dir="0" index="147" bw="6" slack="0"/>
<pin id="659" dir="0" index="148" bw="5" slack="0"/>
<pin id="660" dir="0" index="149" bw="5" slack="0"/>
<pin id="661" dir="0" index="150" bw="4" slack="0"/>
<pin id="662" dir="0" index="151" bw="1" slack="0"/>
<pin id="663" dir="0" index="152" bw="7" slack="0"/>
<pin id="664" dir="0" index="153" bw="7" slack="0"/>
<pin id="665" dir="0" index="154" bw="1" slack="0"/>
<pin id="666" dir="0" index="155" bw="4" slack="0"/>
<pin id="667" dir="0" index="156" bw="3" slack="0"/>
<pin id="668" dir="0" index="157" bw="5" slack="0"/>
<pin id="669" dir="0" index="158" bw="5" slack="0"/>
<pin id="670" dir="0" index="159" bw="3" slack="0"/>
<pin id="671" dir="0" index="160" bw="6" slack="0"/>
<pin id="672" dir="0" index="161" bw="6" slack="0"/>
<pin id="673" dir="0" index="162" bw="6" slack="0"/>
<pin id="674" dir="0" index="163" bw="5" slack="0"/>
<pin id="675" dir="0" index="164" bw="5" slack="0"/>
<pin id="676" dir="0" index="165" bw="4" slack="0"/>
<pin id="677" dir="0" index="166" bw="1" slack="0"/>
<pin id="678" dir="0" index="167" bw="7" slack="0"/>
<pin id="679" dir="0" index="168" bw="7" slack="0"/>
<pin id="680" dir="0" index="169" bw="1" slack="0"/>
<pin id="681" dir="0" index="170" bw="4" slack="0"/>
<pin id="682" dir="0" index="171" bw="3" slack="0"/>
<pin id="683" dir="0" index="172" bw="5" slack="0"/>
<pin id="684" dir="0" index="173" bw="5" slack="0"/>
<pin id="685" dir="0" index="174" bw="3" slack="0"/>
<pin id="686" dir="0" index="175" bw="6" slack="0"/>
<pin id="687" dir="0" index="176" bw="6" slack="0"/>
<pin id="688" dir="0" index="177" bw="6" slack="0"/>
<pin id="689" dir="0" index="178" bw="5" slack="0"/>
<pin id="690" dir="0" index="179" bw="5" slack="0"/>
<pin id="691" dir="0" index="180" bw="4" slack="0"/>
<pin id="692" dir="0" index="181" bw="1" slack="0"/>
<pin id="693" dir="0" index="182" bw="7" slack="0"/>
<pin id="694" dir="0" index="183" bw="7" slack="0"/>
<pin id="695" dir="0" index="184" bw="1" slack="0"/>
<pin id="696" dir="0" index="185" bw="4" slack="0"/>
<pin id="697" dir="0" index="186" bw="3" slack="0"/>
<pin id="698" dir="0" index="187" bw="5" slack="0"/>
<pin id="699" dir="0" index="188" bw="5" slack="0"/>
<pin id="700" dir="0" index="189" bw="3" slack="0"/>
<pin id="701" dir="0" index="190" bw="6" slack="0"/>
<pin id="702" dir="0" index="191" bw="6" slack="0"/>
<pin id="703" dir="0" index="192" bw="6" slack="0"/>
<pin id="704" dir="0" index="193" bw="5" slack="0"/>
<pin id="705" dir="0" index="194" bw="5" slack="0"/>
<pin id="706" dir="0" index="195" bw="4" slack="0"/>
<pin id="707" dir="0" index="196" bw="1" slack="0"/>
<pin id="708" dir="0" index="197" bw="7" slack="0"/>
<pin id="709" dir="0" index="198" bw="7" slack="0"/>
<pin id="710" dir="0" index="199" bw="1" slack="0"/>
<pin id="711" dir="0" index="200" bw="4" slack="0"/>
<pin id="712" dir="0" index="201" bw="3" slack="0"/>
<pin id="713" dir="0" index="202" bw="5" slack="0"/>
<pin id="714" dir="0" index="203" bw="5" slack="0"/>
<pin id="715" dir="0" index="204" bw="3" slack="0"/>
<pin id="716" dir="0" index="205" bw="6" slack="0"/>
<pin id="717" dir="0" index="206" bw="6" slack="0"/>
<pin id="718" dir="0" index="207" bw="6" slack="0"/>
<pin id="719" dir="0" index="208" bw="5" slack="0"/>
<pin id="720" dir="0" index="209" bw="5" slack="0"/>
<pin id="721" dir="0" index="210" bw="4" slack="0"/>
<pin id="722" dir="0" index="211" bw="1" slack="0"/>
<pin id="723" dir="0" index="212" bw="7" slack="0"/>
<pin id="724" dir="0" index="213" bw="7" slack="0"/>
<pin id="725" dir="0" index="214" bw="1" slack="0"/>
<pin id="726" dir="0" index="215" bw="4" slack="0"/>
<pin id="727" dir="0" index="216" bw="3" slack="0"/>
<pin id="728" dir="0" index="217" bw="5" slack="0"/>
<pin id="729" dir="0" index="218" bw="5" slack="0"/>
<pin id="730" dir="0" index="219" bw="3" slack="0"/>
<pin id="731" dir="0" index="220" bw="6" slack="0"/>
<pin id="732" dir="0" index="221" bw="6" slack="0"/>
<pin id="733" dir="0" index="222" bw="6" slack="0"/>
<pin id="734" dir="0" index="223" bw="5" slack="0"/>
<pin id="735" dir="0" index="224" bw="5" slack="0"/>
<pin id="736" dir="0" index="225" bw="4" slack="0"/>
<pin id="737" dir="0" index="226" bw="1" slack="0"/>
<pin id="738" dir="0" index="227" bw="7" slack="0"/>
<pin id="739" dir="0" index="228" bw="7" slack="0"/>
<pin id="740" dir="0" index="229" bw="1" slack="0"/>
<pin id="741" dir="0" index="230" bw="4" slack="0"/>
<pin id="742" dir="0" index="231" bw="3" slack="0"/>
<pin id="743" dir="0" index="232" bw="5" slack="0"/>
<pin id="744" dir="0" index="233" bw="5" slack="0"/>
<pin id="745" dir="0" index="234" bw="3" slack="0"/>
<pin id="746" dir="0" index="235" bw="6" slack="0"/>
<pin id="747" dir="0" index="236" bw="6" slack="0"/>
<pin id="748" dir="0" index="237" bw="6" slack="0"/>
<pin id="749" dir="0" index="238" bw="5" slack="0"/>
<pin id="750" dir="0" index="239" bw="5" slack="0"/>
<pin id="751" dir="0" index="240" bw="4" slack="0"/>
<pin id="752" dir="0" index="241" bw="1" slack="0"/>
<pin id="753" dir="0" index="242" bw="7" slack="0"/>
<pin id="754" dir="0" index="243" bw="7" slack="0"/>
<pin id="755" dir="1" index="244" bw="0" slack="2147483647"/>
</pin_list>
<bind>
<opcode="call(48) " fcode="call"/>
<opset="call_ln38/2 "/>
</bind>
</comp>

</comp_list>

<net_list>
<net id="756"><net_src comp="486" pin="0"/><net_sink comp="510" pin=0"/></net>

<net id="757"><net_src comp="0" pin="0"/><net_sink comp="510" pin=1"/></net>

<net id="758"><net_src comp="4" pin="0"/><net_sink comp="510" pin=2"/></net>

<net id="759"><net_src comp="2" pin="0"/><net_sink comp="510" pin=3"/></net>

<net id="760"><net_src comp="6" pin="0"/><net_sink comp="510" pin=4"/></net>

<net id="761"><net_src comp="8" pin="0"/><net_sink comp="510" pin=5"/></net>

<net id="762"><net_src comp="10" pin="0"/><net_sink comp="510" pin=6"/></net>

<net id="763"><net_src comp="12" pin="0"/><net_sink comp="510" pin=7"/></net>

<net id="764"><net_src comp="14" pin="0"/><net_sink comp="510" pin=8"/></net>

<net id="765"><net_src comp="16" pin="0"/><net_sink comp="510" pin=9"/></net>

<net id="766"><net_src comp="18" pin="0"/><net_sink comp="510" pin=10"/></net>

<net id="767"><net_src comp="20" pin="0"/><net_sink comp="510" pin=11"/></net>

<net id="768"><net_src comp="22" pin="0"/><net_sink comp="510" pin=12"/></net>

<net id="769"><net_src comp="24" pin="0"/><net_sink comp="510" pin=13"/></net>

<net id="770"><net_src comp="26" pin="0"/><net_sink comp="510" pin=14"/></net>

<net id="771"><net_src comp="28" pin="0"/><net_sink comp="510" pin=15"/></net>

<net id="772"><net_src comp="30" pin="0"/><net_sink comp="510" pin=16"/></net>

<net id="773"><net_src comp="32" pin="0"/><net_sink comp="510" pin=17"/></net>

<net id="774"><net_src comp="34" pin="0"/><net_sink comp="510" pin=18"/></net>

<net id="775"><net_src comp="36" pin="0"/><net_sink comp="510" pin=19"/></net>

<net id="776"><net_src comp="38" pin="0"/><net_sink comp="510" pin=20"/></net>

<net id="777"><net_src comp="40" pin="0"/><net_sink comp="510" pin=21"/></net>

<net id="778"><net_src comp="42" pin="0"/><net_sink comp="510" pin=22"/></net>

<net id="779"><net_src comp="44" pin="0"/><net_sink comp="510" pin=23"/></net>

<net id="780"><net_src comp="46" pin="0"/><net_sink comp="510" pin=24"/></net>

<net id="781"><net_src comp="48" pin="0"/><net_sink comp="510" pin=25"/></net>

<net id="782"><net_src comp="50" pin="0"/><net_sink comp="510" pin=26"/></net>

<net id="783"><net_src comp="52" pin="0"/><net_sink comp="510" pin=27"/></net>

<net id="784"><net_src comp="54" pin="0"/><net_sink comp="510" pin=28"/></net>

<net id="785"><net_src comp="56" pin="0"/><net_sink comp="510" pin=29"/></net>

<net id="786"><net_src comp="58" pin="0"/><net_sink comp="510" pin=30"/></net>

<net id="787"><net_src comp="60" pin="0"/><net_sink comp="510" pin=31"/></net>

<net id="788"><net_src comp="62" pin="0"/><net_sink comp="510" pin=32"/></net>

<net id="789"><net_src comp="64" pin="0"/><net_sink comp="510" pin=33"/></net>

<net id="790"><net_src comp="66" pin="0"/><net_sink comp="510" pin=34"/></net>

<net id="791"><net_src comp="68" pin="0"/><net_sink comp="510" pin=35"/></net>

<net id="792"><net_src comp="70" pin="0"/><net_sink comp="510" pin=36"/></net>

<net id="793"><net_src comp="72" pin="0"/><net_sink comp="510" pin=37"/></net>

<net id="794"><net_src comp="74" pin="0"/><net_sink comp="510" pin=38"/></net>

<net id="795"><net_src comp="76" pin="0"/><net_sink comp="510" pin=39"/></net>

<net id="796"><net_src comp="78" pin="0"/><net_sink comp="510" pin=40"/></net>

<net id="797"><net_src comp="80" pin="0"/><net_sink comp="510" pin=41"/></net>

<net id="798"><net_src comp="82" pin="0"/><net_sink comp="510" pin=42"/></net>

<net id="799"><net_src comp="84" pin="0"/><net_sink comp="510" pin=43"/></net>

<net id="800"><net_src comp="86" pin="0"/><net_sink comp="510" pin=44"/></net>

<net id="801"><net_src comp="88" pin="0"/><net_sink comp="510" pin=45"/></net>

<net id="802"><net_src comp="90" pin="0"/><net_sink comp="510" pin=46"/></net>

<net id="803"><net_src comp="92" pin="0"/><net_sink comp="510" pin=47"/></net>

<net id="804"><net_src comp="94" pin="0"/><net_sink comp="510" pin=48"/></net>

<net id="805"><net_src comp="96" pin="0"/><net_sink comp="510" pin=49"/></net>

<net id="806"><net_src comp="98" pin="0"/><net_sink comp="510" pin=50"/></net>

<net id="807"><net_src comp="100" pin="0"/><net_sink comp="510" pin=51"/></net>

<net id="808"><net_src comp="102" pin="0"/><net_sink comp="510" pin=52"/></net>

<net id="809"><net_src comp="104" pin="0"/><net_sink comp="510" pin=53"/></net>

<net id="810"><net_src comp="106" pin="0"/><net_sink comp="510" pin=54"/></net>

<net id="811"><net_src comp="108" pin="0"/><net_sink comp="510" pin=55"/></net>

<net id="812"><net_src comp="110" pin="0"/><net_sink comp="510" pin=56"/></net>

<net id="813"><net_src comp="112" pin="0"/><net_sink comp="510" pin=57"/></net>

<net id="814"><net_src comp="114" pin="0"/><net_sink comp="510" pin=58"/></net>

<net id="815"><net_src comp="116" pin="0"/><net_sink comp="510" pin=59"/></net>

<net id="816"><net_src comp="118" pin="0"/><net_sink comp="510" pin=60"/></net>

<net id="817"><net_src comp="120" pin="0"/><net_sink comp="510" pin=61"/></net>

<net id="818"><net_src comp="122" pin="0"/><net_sink comp="510" pin=62"/></net>

<net id="819"><net_src comp="124" pin="0"/><net_sink comp="510" pin=63"/></net>

<net id="820"><net_src comp="126" pin="0"/><net_sink comp="510" pin=64"/></net>

<net id="821"><net_src comp="128" pin="0"/><net_sink comp="510" pin=65"/></net>

<net id="822"><net_src comp="130" pin="0"/><net_sink comp="510" pin=66"/></net>

<net id="823"><net_src comp="132" pin="0"/><net_sink comp="510" pin=67"/></net>

<net id="824"><net_src comp="134" pin="0"/><net_sink comp="510" pin=68"/></net>

<net id="825"><net_src comp="136" pin="0"/><net_sink comp="510" pin=69"/></net>

<net id="826"><net_src comp="138" pin="0"/><net_sink comp="510" pin=70"/></net>

<net id="827"><net_src comp="140" pin="0"/><net_sink comp="510" pin=71"/></net>

<net id="828"><net_src comp="142" pin="0"/><net_sink comp="510" pin=72"/></net>

<net id="829"><net_src comp="144" pin="0"/><net_sink comp="510" pin=73"/></net>

<net id="830"><net_src comp="146" pin="0"/><net_sink comp="510" pin=74"/></net>

<net id="831"><net_src comp="148" pin="0"/><net_sink comp="510" pin=75"/></net>

<net id="832"><net_src comp="150" pin="0"/><net_sink comp="510" pin=76"/></net>

<net id="833"><net_src comp="152" pin="0"/><net_sink comp="510" pin=77"/></net>

<net id="834"><net_src comp="154" pin="0"/><net_sink comp="510" pin=78"/></net>

<net id="835"><net_src comp="156" pin="0"/><net_sink comp="510" pin=79"/></net>

<net id="836"><net_src comp="158" pin="0"/><net_sink comp="510" pin=80"/></net>

<net id="837"><net_src comp="160" pin="0"/><net_sink comp="510" pin=81"/></net>

<net id="838"><net_src comp="162" pin="0"/><net_sink comp="510" pin=82"/></net>

<net id="839"><net_src comp="164" pin="0"/><net_sink comp="510" pin=83"/></net>

<net id="840"><net_src comp="166" pin="0"/><net_sink comp="510" pin=84"/></net>

<net id="841"><net_src comp="168" pin="0"/><net_sink comp="510" pin=85"/></net>

<net id="842"><net_src comp="170" pin="0"/><net_sink comp="510" pin=86"/></net>

<net id="843"><net_src comp="172" pin="0"/><net_sink comp="510" pin=87"/></net>

<net id="844"><net_src comp="174" pin="0"/><net_sink comp="510" pin=88"/></net>

<net id="845"><net_src comp="176" pin="0"/><net_sink comp="510" pin=89"/></net>

<net id="846"><net_src comp="178" pin="0"/><net_sink comp="510" pin=90"/></net>

<net id="847"><net_src comp="180" pin="0"/><net_sink comp="510" pin=91"/></net>

<net id="848"><net_src comp="182" pin="0"/><net_sink comp="510" pin=92"/></net>

<net id="849"><net_src comp="184" pin="0"/><net_sink comp="510" pin=93"/></net>

<net id="850"><net_src comp="186" pin="0"/><net_sink comp="510" pin=94"/></net>

<net id="851"><net_src comp="188" pin="0"/><net_sink comp="510" pin=95"/></net>

<net id="852"><net_src comp="190" pin="0"/><net_sink comp="510" pin=96"/></net>

<net id="853"><net_src comp="192" pin="0"/><net_sink comp="510" pin=97"/></net>

<net id="854"><net_src comp="194" pin="0"/><net_sink comp="510" pin=98"/></net>

<net id="855"><net_src comp="196" pin="0"/><net_sink comp="510" pin=99"/></net>

<net id="856"><net_src comp="198" pin="0"/><net_sink comp="510" pin=100"/></net>

<net id="857"><net_src comp="200" pin="0"/><net_sink comp="510" pin=101"/></net>

<net id="858"><net_src comp="202" pin="0"/><net_sink comp="510" pin=102"/></net>

<net id="859"><net_src comp="204" pin="0"/><net_sink comp="510" pin=103"/></net>

<net id="860"><net_src comp="206" pin="0"/><net_sink comp="510" pin=104"/></net>

<net id="861"><net_src comp="208" pin="0"/><net_sink comp="510" pin=105"/></net>

<net id="862"><net_src comp="210" pin="0"/><net_sink comp="510" pin=106"/></net>

<net id="863"><net_src comp="212" pin="0"/><net_sink comp="510" pin=107"/></net>

<net id="864"><net_src comp="214" pin="0"/><net_sink comp="510" pin=108"/></net>

<net id="865"><net_src comp="216" pin="0"/><net_sink comp="510" pin=109"/></net>

<net id="866"><net_src comp="218" pin="0"/><net_sink comp="510" pin=110"/></net>

<net id="867"><net_src comp="220" pin="0"/><net_sink comp="510" pin=111"/></net>

<net id="868"><net_src comp="222" pin="0"/><net_sink comp="510" pin=112"/></net>

<net id="869"><net_src comp="224" pin="0"/><net_sink comp="510" pin=113"/></net>

<net id="870"><net_src comp="226" pin="0"/><net_sink comp="510" pin=114"/></net>

<net id="871"><net_src comp="228" pin="0"/><net_sink comp="510" pin=115"/></net>

<net id="872"><net_src comp="230" pin="0"/><net_sink comp="510" pin=116"/></net>

<net id="873"><net_src comp="232" pin="0"/><net_sink comp="510" pin=117"/></net>

<net id="874"><net_src comp="234" pin="0"/><net_sink comp="510" pin=118"/></net>

<net id="875"><net_src comp="236" pin="0"/><net_sink comp="510" pin=119"/></net>

<net id="876"><net_src comp="238" pin="0"/><net_sink comp="510" pin=120"/></net>

<net id="877"><net_src comp="240" pin="0"/><net_sink comp="510" pin=121"/></net>

<net id="878"><net_src comp="242" pin="0"/><net_sink comp="510" pin=122"/></net>

<net id="879"><net_src comp="244" pin="0"/><net_sink comp="510" pin=123"/></net>

<net id="880"><net_src comp="246" pin="0"/><net_sink comp="510" pin=124"/></net>

<net id="881"><net_src comp="248" pin="0"/><net_sink comp="510" pin=125"/></net>

<net id="882"><net_src comp="250" pin="0"/><net_sink comp="510" pin=126"/></net>

<net id="883"><net_src comp="252" pin="0"/><net_sink comp="510" pin=127"/></net>

<net id="884"><net_src comp="254" pin="0"/><net_sink comp="510" pin=128"/></net>

<net id="885"><net_src comp="256" pin="0"/><net_sink comp="510" pin=129"/></net>

<net id="886"><net_src comp="258" pin="0"/><net_sink comp="510" pin=130"/></net>

<net id="887"><net_src comp="260" pin="0"/><net_sink comp="510" pin=131"/></net>

<net id="888"><net_src comp="262" pin="0"/><net_sink comp="510" pin=132"/></net>

<net id="889"><net_src comp="264" pin="0"/><net_sink comp="510" pin=133"/></net>

<net id="890"><net_src comp="266" pin="0"/><net_sink comp="510" pin=134"/></net>

<net id="891"><net_src comp="268" pin="0"/><net_sink comp="510" pin=135"/></net>

<net id="892"><net_src comp="270" pin="0"/><net_sink comp="510" pin=136"/></net>

<net id="893"><net_src comp="272" pin="0"/><net_sink comp="510" pin=137"/></net>

<net id="894"><net_src comp="274" pin="0"/><net_sink comp="510" pin=138"/></net>

<net id="895"><net_src comp="276" pin="0"/><net_sink comp="510" pin=139"/></net>

<net id="896"><net_src comp="278" pin="0"/><net_sink comp="510" pin=140"/></net>

<net id="897"><net_src comp="280" pin="0"/><net_sink comp="510" pin=141"/></net>

<net id="898"><net_src comp="282" pin="0"/><net_sink comp="510" pin=142"/></net>

<net id="899"><net_src comp="284" pin="0"/><net_sink comp="510" pin=143"/></net>

<net id="900"><net_src comp="286" pin="0"/><net_sink comp="510" pin=144"/></net>

<net id="901"><net_src comp="288" pin="0"/><net_sink comp="510" pin=145"/></net>

<net id="902"><net_src comp="290" pin="0"/><net_sink comp="510" pin=146"/></net>

<net id="903"><net_src comp="292" pin="0"/><net_sink comp="510" pin=147"/></net>

<net id="904"><net_src comp="294" pin="0"/><net_sink comp="510" pin=148"/></net>

<net id="905"><net_src comp="296" pin="0"/><net_sink comp="510" pin=149"/></net>

<net id="906"><net_src comp="298" pin="0"/><net_sink comp="510" pin=150"/></net>

<net id="907"><net_src comp="300" pin="0"/><net_sink comp="510" pin=151"/></net>

<net id="908"><net_src comp="302" pin="0"/><net_sink comp="510" pin=152"/></net>

<net id="909"><net_src comp="304" pin="0"/><net_sink comp="510" pin=153"/></net>

<net id="910"><net_src comp="306" pin="0"/><net_sink comp="510" pin=154"/></net>

<net id="911"><net_src comp="308" pin="0"/><net_sink comp="510" pin=155"/></net>

<net id="912"><net_src comp="310" pin="0"/><net_sink comp="510" pin=156"/></net>

<net id="913"><net_src comp="312" pin="0"/><net_sink comp="510" pin=157"/></net>

<net id="914"><net_src comp="314" pin="0"/><net_sink comp="510" pin=158"/></net>

<net id="915"><net_src comp="316" pin="0"/><net_sink comp="510" pin=159"/></net>

<net id="916"><net_src comp="318" pin="0"/><net_sink comp="510" pin=160"/></net>

<net id="917"><net_src comp="320" pin="0"/><net_sink comp="510" pin=161"/></net>

<net id="918"><net_src comp="322" pin="0"/><net_sink comp="510" pin=162"/></net>

<net id="919"><net_src comp="324" pin="0"/><net_sink comp="510" pin=163"/></net>

<net id="920"><net_src comp="326" pin="0"/><net_sink comp="510" pin=164"/></net>

<net id="921"><net_src comp="328" pin="0"/><net_sink comp="510" pin=165"/></net>

<net id="922"><net_src comp="330" pin="0"/><net_sink comp="510" pin=166"/></net>

<net id="923"><net_src comp="332" pin="0"/><net_sink comp="510" pin=167"/></net>

<net id="924"><net_src comp="334" pin="0"/><net_sink comp="510" pin=168"/></net>

<net id="925"><net_src comp="336" pin="0"/><net_sink comp="510" pin=169"/></net>

<net id="926"><net_src comp="338" pin="0"/><net_sink comp="510" pin=170"/></net>

<net id="927"><net_src comp="340" pin="0"/><net_sink comp="510" pin=171"/></net>

<net id="928"><net_src comp="342" pin="0"/><net_sink comp="510" pin=172"/></net>

<net id="929"><net_src comp="344" pin="0"/><net_sink comp="510" pin=173"/></net>

<net id="930"><net_src comp="346" pin="0"/><net_sink comp="510" pin=174"/></net>

<net id="931"><net_src comp="348" pin="0"/><net_sink comp="510" pin=175"/></net>

<net id="932"><net_src comp="350" pin="0"/><net_sink comp="510" pin=176"/></net>

<net id="933"><net_src comp="352" pin="0"/><net_sink comp="510" pin=177"/></net>

<net id="934"><net_src comp="354" pin="0"/><net_sink comp="510" pin=178"/></net>

<net id="935"><net_src comp="356" pin="0"/><net_sink comp="510" pin=179"/></net>

<net id="936"><net_src comp="358" pin="0"/><net_sink comp="510" pin=180"/></net>

<net id="937"><net_src comp="360" pin="0"/><net_sink comp="510" pin=181"/></net>

<net id="938"><net_src comp="362" pin="0"/><net_sink comp="510" pin=182"/></net>

<net id="939"><net_src comp="364" pin="0"/><net_sink comp="510" pin=183"/></net>

<net id="940"><net_src comp="366" pin="0"/><net_sink comp="510" pin=184"/></net>

<net id="941"><net_src comp="368" pin="0"/><net_sink comp="510" pin=185"/></net>

<net id="942"><net_src comp="370" pin="0"/><net_sink comp="510" pin=186"/></net>

<net id="943"><net_src comp="372" pin="0"/><net_sink comp="510" pin=187"/></net>

<net id="944"><net_src comp="374" pin="0"/><net_sink comp="510" pin=188"/></net>

<net id="945"><net_src comp="376" pin="0"/><net_sink comp="510" pin=189"/></net>

<net id="946"><net_src comp="378" pin="0"/><net_sink comp="510" pin=190"/></net>

<net id="947"><net_src comp="380" pin="0"/><net_sink comp="510" pin=191"/></net>

<net id="948"><net_src comp="382" pin="0"/><net_sink comp="510" pin=192"/></net>

<net id="949"><net_src comp="384" pin="0"/><net_sink comp="510" pin=193"/></net>

<net id="950"><net_src comp="386" pin="0"/><net_sink comp="510" pin=194"/></net>

<net id="951"><net_src comp="388" pin="0"/><net_sink comp="510" pin=195"/></net>

<net id="952"><net_src comp="390" pin="0"/><net_sink comp="510" pin=196"/></net>

<net id="953"><net_src comp="392" pin="0"/><net_sink comp="510" pin=197"/></net>

<net id="954"><net_src comp="394" pin="0"/><net_sink comp="510" pin=198"/></net>

<net id="955"><net_src comp="396" pin="0"/><net_sink comp="510" pin=199"/></net>

<net id="956"><net_src comp="398" pin="0"/><net_sink comp="510" pin=200"/></net>

<net id="957"><net_src comp="400" pin="0"/><net_sink comp="510" pin=201"/></net>

<net id="958"><net_src comp="402" pin="0"/><net_sink comp="510" pin=202"/></net>

<net id="959"><net_src comp="404" pin="0"/><net_sink comp="510" pin=203"/></net>

<net id="960"><net_src comp="406" pin="0"/><net_sink comp="510" pin=204"/></net>

<net id="961"><net_src comp="408" pin="0"/><net_sink comp="510" pin=205"/></net>

<net id="962"><net_src comp="410" pin="0"/><net_sink comp="510" pin=206"/></net>

<net id="963"><net_src comp="412" pin="0"/><net_sink comp="510" pin=207"/></net>

<net id="964"><net_src comp="414" pin="0"/><net_sink comp="510" pin=208"/></net>

<net id="965"><net_src comp="416" pin="0"/><net_sink comp="510" pin=209"/></net>

<net id="966"><net_src comp="418" pin="0"/><net_sink comp="510" pin=210"/></net>

<net id="967"><net_src comp="420" pin="0"/><net_sink comp="510" pin=211"/></net>

<net id="968"><net_src comp="422" pin="0"/><net_sink comp="510" pin=212"/></net>

<net id="969"><net_src comp="424" pin="0"/><net_sink comp="510" pin=213"/></net>

<net id="970"><net_src comp="426" pin="0"/><net_sink comp="510" pin=214"/></net>

<net id="971"><net_src comp="428" pin="0"/><net_sink comp="510" pin=215"/></net>

<net id="972"><net_src comp="430" pin="0"/><net_sink comp="510" pin=216"/></net>

<net id="973"><net_src comp="432" pin="0"/><net_sink comp="510" pin=217"/></net>

<net id="974"><net_src comp="434" pin="0"/><net_sink comp="510" pin=218"/></net>

<net id="975"><net_src comp="436" pin="0"/><net_sink comp="510" pin=219"/></net>

<net id="976"><net_src comp="438" pin="0"/><net_sink comp="510" pin=220"/></net>

<net id="977"><net_src comp="440" pin="0"/><net_sink comp="510" pin=221"/></net>

<net id="978"><net_src comp="442" pin="0"/><net_sink comp="510" pin=222"/></net>

<net id="979"><net_src comp="444" pin="0"/><net_sink comp="510" pin=223"/></net>

<net id="980"><net_src comp="446" pin="0"/><net_sink comp="510" pin=224"/></net>

<net id="981"><net_src comp="448" pin="0"/><net_sink comp="510" pin=225"/></net>

<net id="982"><net_src comp="450" pin="0"/><net_sink comp="510" pin=226"/></net>

<net id="983"><net_src comp="452" pin="0"/><net_sink comp="510" pin=227"/></net>

<net id="984"><net_src comp="454" pin="0"/><net_sink comp="510" pin=228"/></net>

<net id="985"><net_src comp="456" pin="0"/><net_sink comp="510" pin=229"/></net>

<net id="986"><net_src comp="458" pin="0"/><net_sink comp="510" pin=230"/></net>

<net id="987"><net_src comp="460" pin="0"/><net_sink comp="510" pin=231"/></net>

<net id="988"><net_src comp="462" pin="0"/><net_sink comp="510" pin=232"/></net>

<net id="989"><net_src comp="464" pin="0"/><net_sink comp="510" pin=233"/></net>

<net id="990"><net_src comp="466" pin="0"/><net_sink comp="510" pin=234"/></net>

<net id="991"><net_src comp="468" pin="0"/><net_sink comp="510" pin=235"/></net>

<net id="992"><net_src comp="470" pin="0"/><net_sink comp="510" pin=236"/></net>

<net id="993"><net_src comp="472" pin="0"/><net_sink comp="510" pin=237"/></net>

<net id="994"><net_src comp="474" pin="0"/><net_sink comp="510" pin=238"/></net>

<net id="995"><net_src comp="476" pin="0"/><net_sink comp="510" pin=239"/></net>

<net id="996"><net_src comp="478" pin="0"/><net_sink comp="510" pin=240"/></net>

<net id="997"><net_src comp="480" pin="0"/><net_sink comp="510" pin=241"/></net>

<net id="998"><net_src comp="482" pin="0"/><net_sink comp="510" pin=242"/></net>

<net id="999"><net_src comp="484" pin="0"/><net_sink comp="510" pin=243"/></net>

</net_list>

</model> 
---------------- Datapath Model END ------------------

* FSMD analyzer results:
  - Output states:
	Port: out_V | {2 3 }
 - Input state : 
	Port: MatrixVectorActivation_1 : in0_V | {2 3 }
	Port: MatrixVectorActivation_1 : weights_V | {2 3 }
	Port: MatrixVectorActivation_1 : p_ZL7threshs_0_0 | {2 3 }
	Port: MatrixVectorActivation_1 : p_ZL7threshs_0_1 | {2 3 }
	Port: MatrixVectorActivation_1 : p_ZL7threshs_0_2 | {2 3 }
	Port: MatrixVectorActivation_1 : p_ZL7threshs_0_3 | {2 3 }
	Port: MatrixVectorActivation_1 : p_ZL7threshs_0_4 | {2 3 }
	Port: MatrixVectorActivation_1 : p_ZL7threshs_0_5 | {2 3 }
	Port: MatrixVectorActivation_1 : p_ZL7threshs_0_6 | {2 3 }
	Port: MatrixVectorActivation_1 : p_ZL7threshs_0_7 | {2 3 }
	Port: MatrixVectorActivation_1 : p_ZL7threshs_0_8 | {2 3 }
	Port: MatrixVectorActivation_1 : p_ZL7threshs_0_9 | {2 3 }
	Port: MatrixVectorActivation_1 : p_ZL7threshs_0_10 | {2 3 }
	Port: MatrixVectorActivation_1 : p_ZL7threshs_0_11 | {2 3 }
	Port: MatrixVectorActivation_1 : p_ZL7threshs_0_12 | {2 3 }
	Port: MatrixVectorActivation_1 : p_ZL7threshs_0_13 | {2 3 }
	Port: MatrixVectorActivation_1 : p_ZL7threshs_0_14 | {2 3 }
	Port: MatrixVectorActivation_1 : p_ZL7threshs_1_0 | {2 3 }
	Port: MatrixVectorActivation_1 : p_ZL7threshs_1_1 | {2 3 }
	Port: MatrixVectorActivation_1 : p_ZL7threshs_1_2 | {2 3 }
	Port: MatrixVectorActivation_1 : p_ZL7threshs_1_3 | {2 3 }
	Port: MatrixVectorActivation_1 : p_ZL7threshs_1_4 | {2 3 }
	Port: MatrixVectorActivation_1 : p_ZL7threshs_1_5 | {2 3 }
	Port: MatrixVectorActivation_1 : p_ZL7threshs_1_6 | {2 3 }
	Port: MatrixVectorActivation_1 : p_ZL7threshs_1_7 | {2 3 }
	Port: MatrixVectorActivation_1 : p_ZL7threshs_1_8 | {2 3 }
	Port: MatrixVectorActivation_1 : p_ZL7threshs_1_9 | {2 3 }
	Port: MatrixVectorActivation_1 : p_ZL7threshs_1_10 | {2 3 }
	Port: MatrixVectorActivation_1 : p_ZL7threshs_1_11 | {2 3 }
	Port: MatrixVectorActivation_1 : p_ZL7threshs_1_12 | {2 3 }
	Port: MatrixVectorActivation_1 : p_ZL7threshs_1_13 | {2 3 }
	Port: MatrixVectorActivation_1 : p_ZL7threshs_1_14 | {2 3 }
	Port: MatrixVectorActivation_1 : p_ZL7threshs_2_0 | {2 3 }
	Port: MatrixVectorActivation_1 : p_ZL7threshs_2_1 | {2 3 }
	Port: MatrixVectorActivation_1 : p_ZL7threshs_2_2 | {2 3 }
	Port: MatrixVectorActivation_1 : p_ZL7threshs_2_3 | {2 3 }
	Port: MatrixVectorActivation_1 : p_ZL7threshs_2_4 | {2 3 }
	Port: MatrixVectorActivation_1 : p_ZL7threshs_2_5 | {2 3 }
	Port: MatrixVectorActivation_1 : p_ZL7threshs_2_6 | {2 3 }
	Port: MatrixVectorActivation_1 : p_ZL7threshs_2_7 | {2 3 }
	Port: MatrixVectorActivation_1 : p_ZL7threshs_2_8 | {2 3 }
	Port: MatrixVectorActivation_1 : p_ZL7threshs_2_9 | {2 3 }
	Port: MatrixVectorActivation_1 : p_ZL7threshs_2_10 | {2 3 }
	Port: MatrixVectorActivation_1 : p_ZL7threshs_2_11 | {2 3 }
	Port: MatrixVectorActivation_1 : p_ZL7threshs_2_12 | {2 3 }
	Port: MatrixVectorActivation_1 : p_ZL7threshs_2_13 | {2 3 }
	Port: MatrixVectorActivation_1 : p_ZL7threshs_2_14 | {2 3 }
	Port: MatrixVectorActivation_1 : p_ZL7threshs_3_0 | {2 3 }
	Port: MatrixVectorActivation_1 : p_ZL7threshs_3_1 | {2 3 }
	Port: MatrixVectorActivation_1 : p_ZL7threshs_3_2 | {2 3 }
	Port: MatrixVectorActivation_1 : p_ZL7threshs_3_3 | {2 3 }
	Port: MatrixVectorActivation_1 : p_ZL7threshs_3_4 | {2 3 }
	Port: MatrixVectorActivation_1 : p_ZL7threshs_3_5 | {2 3 }
	Port: MatrixVectorActivation_1 : p_ZL7threshs_3_6 | {2 3 }
	Port: MatrixVectorActivation_1 : p_ZL7threshs_3_7 | {2 3 }
	Port: MatrixVectorActivation_1 : p_ZL7threshs_3_8 | {2 3 }
	Port: MatrixVectorActivation_1 : p_ZL7threshs_3_9 | {2 3 }
	Port: MatrixVectorActivation_1 : p_ZL7threshs_3_10 | {2 3 }
	Port: MatrixVectorActivation_1 : p_ZL7threshs_3_11 | {2 3 }
	Port: MatrixVectorActivation_1 : p_ZL7threshs_3_12 | {2 3 }
	Port: MatrixVectorActivation_1 : p_ZL7threshs_3_13 | {2 3 }
	Port: MatrixVectorActivation_1 : p_ZL7threshs_3_14 | {2 3 }
	Port: MatrixVectorActivation_1 : p_ZL7threshs_4_0 | {2 3 }
	Port: MatrixVectorActivation_1 : p_ZL7threshs_4_1 | {2 3 }
	Port: MatrixVectorActivation_1 : p_ZL7threshs_4_2 | {2 3 }
	Port: MatrixVectorActivation_1 : p_ZL7threshs_4_3 | {2 3 }
	Port: MatrixVectorActivation_1 : p_ZL7threshs_4_4 | {2 3 }
	Port: MatrixVectorActivation_1 : p_ZL7threshs_4_5 | {2 3 }
	Port: MatrixVectorActivation_1 : p_ZL7threshs_4_6 | {2 3 }
	Port: MatrixVectorActivation_1 : p_ZL7threshs_4_7 | {2 3 }
	Port: MatrixVectorActivation_1 : p_ZL7threshs_4_8 | {2 3 }
	Port: MatrixVectorActivation_1 : p_ZL7threshs_4_9 | {2 3 }
	Port: MatrixVectorActivation_1 : p_ZL7threshs_4_10 | {2 3 }
	Port: MatrixVectorActivation_1 : p_ZL7threshs_4_11 | {2 3 }
	Port: MatrixVectorActivation_1 : p_ZL7threshs_4_12 | {2 3 }
	Port: MatrixVectorActivation_1 : p_ZL7threshs_4_13 | {2 3 }
	Port: MatrixVectorActivation_1 : p_ZL7threshs_4_14 | {2 3 }
	Port: MatrixVectorActivation_1 : p_ZL7threshs_5_0 | {2 3 }
	Port: MatrixVectorActivation_1 : p_ZL7threshs_5_1 | {2 3 }
	Port: MatrixVectorActivation_1 : p_ZL7threshs_5_2 | {2 3 }
	Port: MatrixVectorActivation_1 : p_ZL7threshs_5_3 | {2 3 }
	Port: MatrixVectorActivation_1 : p_ZL7threshs_5_4 | {2 3 }
	Port: MatrixVectorActivation_1 : p_ZL7threshs_5_5 | {2 3 }
	Port: MatrixVectorActivation_1 : p_ZL7threshs_5_6 | {2 3 }
	Port: MatrixVectorActivation_1 : p_ZL7threshs_5_7 | {2 3 }
	Port: MatrixVectorActivation_1 : p_ZL7threshs_5_8 | {2 3 }
	Port: MatrixVectorActivation_1 : p_ZL7threshs_5_9 | {2 3 }
	Port: MatrixVectorActivation_1 : p_ZL7threshs_5_10 | {2 3 }
	Port: MatrixVectorActivation_1 : p_ZL7threshs_5_11 | {2 3 }
	Port: MatrixVectorActivation_1 : p_ZL7threshs_5_12 | {2 3 }
	Port: MatrixVectorActivation_1 : p_ZL7threshs_5_13 | {2 3 }
	Port: MatrixVectorActivation_1 : p_ZL7threshs_5_14 | {2 3 }
	Port: MatrixVectorActivation_1 : p_ZL7threshs_6_0 | {2 3 }
	Port: MatrixVectorActivation_1 : p_ZL7threshs_6_1 | {2 3 }
	Port: MatrixVectorActivation_1 : p_ZL7threshs_6_2 | {2 3 }
	Port: MatrixVectorActivation_1 : p_ZL7threshs_6_3 | {2 3 }
	Port: MatrixVectorActivation_1 : p_ZL7threshs_6_4 | {2 3 }
	Port: MatrixVectorActivation_1 : p_ZL7threshs_6_5 | {2 3 }
	Port: MatrixVectorActivation_1 : p_ZL7threshs_6_6 | {2 3 }
	Port: MatrixVectorActivation_1 : p_ZL7threshs_6_7 | {2 3 }
	Port: MatrixVectorActivation_1 : p_ZL7threshs_6_8 | {2 3 }
	Port: MatrixVectorActivation_1 : p_ZL7threshs_6_9 | {2 3 }
	Port: MatrixVectorActivation_1 : p_ZL7threshs_6_10 | {2 3 }
	Port: MatrixVectorActivation_1 : p_ZL7threshs_6_11 | {2 3 }
	Port: MatrixVectorActivation_1 : p_ZL7threshs_6_12 | {2 3 }
	Port: MatrixVectorActivation_1 : p_ZL7threshs_6_13 | {2 3 }
	Port: MatrixVectorActivation_1 : p_ZL7threshs_6_14 | {2 3 }
	Port: MatrixVectorActivation_1 : p_ZL7threshs_7_0 | {2 3 }
	Port: MatrixVectorActivation_1 : p_ZL7threshs_7_1 | {2 3 }
	Port: MatrixVectorActivation_1 : p_ZL7threshs_7_2 | {2 3 }
	Port: MatrixVectorActivation_1 : p_ZL7threshs_7_3 | {2 3 }
	Port: MatrixVectorActivation_1 : p_ZL7threshs_7_4 | {2 3 }
	Port: MatrixVectorActivation_1 : p_ZL7threshs_7_5 | {2 3 }
	Port: MatrixVectorActivation_1 : p_ZL7threshs_7_6 | {2 3 }
	Port: MatrixVectorActivation_1 : p_ZL7threshs_7_7 | {2 3 }
	Port: MatrixVectorActivation_1 : p_ZL7threshs_7_8 | {2 3 }
	Port: MatrixVectorActivation_1 : p_ZL7threshs_7_9 | {2 3 }
	Port: MatrixVectorActivation_1 : p_ZL7threshs_7_10 | {2 3 }
	Port: MatrixVectorActivation_1 : p_ZL7threshs_7_11 | {2 3 }
	Port: MatrixVectorActivation_1 : p_ZL7threshs_7_12 | {2 3 }
	Port: MatrixVectorActivation_1 : p_ZL7threshs_7_13 | {2 3 }
	Port: MatrixVectorActivation_1 : p_ZL7threshs_7_14 | {2 3 }
	Port: MatrixVectorActivation_1 : p_ZL7threshs_8_0 | {2 3 }
	Port: MatrixVectorActivation_1 : p_ZL7threshs_8_1 | {2 3 }
	Port: MatrixVectorActivation_1 : p_ZL7threshs_8_2 | {2 3 }
	Port: MatrixVectorActivation_1 : p_ZL7threshs_8_3 | {2 3 }
	Port: MatrixVectorActivation_1 : p_ZL7threshs_8_4 | {2 3 }
	Port: MatrixVectorActivation_1 : p_ZL7threshs_8_5 | {2 3 }
	Port: MatrixVectorActivation_1 : p_ZL7threshs_8_6 | {2 3 }
	Port: MatrixVectorActivation_1 : p_ZL7threshs_8_7 | {2 3 }
	Port: MatrixVectorActivation_1 : p_ZL7threshs_8_8 | {2 3 }
	Port: MatrixVectorActivation_1 : p_ZL7threshs_8_9 | {2 3 }
	Port: MatrixVectorActivation_1 : p_ZL7threshs_8_10 | {2 3 }
	Port: MatrixVectorActivation_1 : p_ZL7threshs_8_11 | {2 3 }
	Port: MatrixVectorActivation_1 : p_ZL7threshs_8_12 | {2 3 }
	Port: MatrixVectorActivation_1 : p_ZL7threshs_8_13 | {2 3 }
	Port: MatrixVectorActivation_1 : p_ZL7threshs_8_14 | {2 3 }
	Port: MatrixVectorActivation_1 : p_ZL7threshs_9_0 | {2 3 }
	Port: MatrixVectorActivation_1 : p_ZL7threshs_9_1 | {2 3 }
	Port: MatrixVectorActivation_1 : p_ZL7threshs_9_2 | {2 3 }
	Port: MatrixVectorActivation_1 : p_ZL7threshs_9_3 | {2 3 }
	Port: MatrixVectorActivation_1 : p_ZL7threshs_9_4 | {2 3 }
	Port: MatrixVectorActivation_1 : p_ZL7threshs_9_5 | {2 3 }
	Port: MatrixVectorActivation_1 : p_ZL7threshs_9_6 | {2 3 }
	Port: MatrixVectorActivation_1 : p_ZL7threshs_9_7 | {2 3 }
	Port: MatrixVectorActivation_1 : p_ZL7threshs_9_8 | {2 3 }
	Port: MatrixVectorActivation_1 : p_ZL7threshs_9_9 | {2 3 }
	Port: MatrixVectorActivation_1 : p_ZL7threshs_9_10 | {2 3 }
	Port: MatrixVectorActivation_1 : p_ZL7threshs_9_11 | {2 3 }
	Port: MatrixVectorActivation_1 : p_ZL7threshs_9_12 | {2 3 }
	Port: MatrixVectorActivation_1 : p_ZL7threshs_9_13 | {2 3 }
	Port: MatrixVectorActivation_1 : p_ZL7threshs_9_14 | {2 3 }
	Port: MatrixVectorActivation_1 : p_ZL7threshs_10_0 | {2 3 }
	Port: MatrixVectorActivation_1 : p_ZL7threshs_10_1 | {2 3 }
	Port: MatrixVectorActivation_1 : p_ZL7threshs_10_2 | {2 3 }
	Port: MatrixVectorActivation_1 : p_ZL7threshs_10_3 | {2 3 }
	Port: MatrixVectorActivation_1 : p_ZL7threshs_10_4 | {2 3 }
	Port: MatrixVectorActivation_1 : p_ZL7threshs_10_5 | {2 3 }
	Port: MatrixVectorActivation_1 : p_ZL7threshs_10_6 | {2 3 }
	Port: MatrixVectorActivation_1 : p_ZL7threshs_10_7 | {2 3 }
	Port: MatrixVectorActivation_1 : p_ZL7threshs_10_8 | {2 3 }
	Port: MatrixVectorActivation_1 : p_ZL7threshs_10_9 | {2 3 }
	Port: MatrixVectorActivation_1 : p_ZL7threshs_10_10 | {2 3 }
	Port: MatrixVectorActivation_1 : p_ZL7threshs_10_11 | {2 3 }
	Port: MatrixVectorActivation_1 : p_ZL7threshs_10_12 | {2 3 }
	Port: MatrixVectorActivation_1 : p_ZL7threshs_10_13 | {2 3 }
	Port: MatrixVectorActivation_1 : p_ZL7threshs_10_14 | {2 3 }
	Port: MatrixVectorActivation_1 : p_ZL7threshs_11_0 | {2 3 }
	Port: MatrixVectorActivation_1 : p_ZL7threshs_11_1 | {2 3 }
	Port: MatrixVectorActivation_1 : p_ZL7threshs_11_2 | {2 3 }
	Port: MatrixVectorActivation_1 : p_ZL7threshs_11_3 | {2 3 }
	Port: MatrixVectorActivation_1 : p_ZL7threshs_11_4 | {2 3 }
	Port: MatrixVectorActivation_1 : p_ZL7threshs_11_5 | {2 3 }
	Port: MatrixVectorActivation_1 : p_ZL7threshs_11_6 | {2 3 }
	Port: MatrixVectorActivation_1 : p_ZL7threshs_11_7 | {2 3 }
	Port: MatrixVectorActivation_1 : p_ZL7threshs_11_8 | {2 3 }
	Port: MatrixVectorActivation_1 : p_ZL7threshs_11_9 | {2 3 }
	Port: MatrixVectorActivation_1 : p_ZL7threshs_11_10 | {2 3 }
	Port: MatrixVectorActivation_1 : p_ZL7threshs_11_11 | {2 3 }
	Port: MatrixVectorActivation_1 : p_ZL7threshs_11_12 | {2 3 }
	Port: MatrixVectorActivation_1 : p_ZL7threshs_11_13 | {2 3 }
	Port: MatrixVectorActivation_1 : p_ZL7threshs_11_14 | {2 3 }
	Port: MatrixVectorActivation_1 : p_ZL7threshs_12_0 | {2 3 }
	Port: MatrixVectorActivation_1 : p_ZL7threshs_12_1 | {2 3 }
	Port: MatrixVectorActivation_1 : p_ZL7threshs_12_2 | {2 3 }
	Port: MatrixVectorActivation_1 : p_ZL7threshs_12_3 | {2 3 }
	Port: MatrixVectorActivation_1 : p_ZL7threshs_12_4 | {2 3 }
	Port: MatrixVectorActivation_1 : p_ZL7threshs_12_5 | {2 3 }
	Port: MatrixVectorActivation_1 : p_ZL7threshs_12_6 | {2 3 }
	Port: MatrixVectorActivation_1 : p_ZL7threshs_12_7 | {2 3 }
	Port: MatrixVectorActivation_1 : p_ZL7threshs_12_8 | {2 3 }
	Port: MatrixVectorActivation_1 : p_ZL7threshs_12_9 | {2 3 }
	Port: MatrixVectorActivation_1 : p_ZL7threshs_12_10 | {2 3 }
	Port: MatrixVectorActivation_1 : p_ZL7threshs_12_11 | {2 3 }
	Port: MatrixVectorActivation_1 : p_ZL7threshs_12_12 | {2 3 }
	Port: MatrixVectorActivation_1 : p_ZL7threshs_12_13 | {2 3 }
	Port: MatrixVectorActivation_1 : p_ZL7threshs_12_14 | {2 3 }
	Port: MatrixVectorActivation_1 : p_ZL7threshs_13_0 | {2 3 }
	Port: MatrixVectorActivation_1 : p_ZL7threshs_13_1 | {2 3 }
	Port: MatrixVectorActivation_1 : p_ZL7threshs_13_2 | {2 3 }
	Port: MatrixVectorActivation_1 : p_ZL7threshs_13_3 | {2 3 }
	Port: MatrixVectorActivation_1 : p_ZL7threshs_13_4 | {2 3 }
	Port: MatrixVectorActivation_1 : p_ZL7threshs_13_5 | {2 3 }
	Port: MatrixVectorActivation_1 : p_ZL7threshs_13_6 | {2 3 }
	Port: MatrixVectorActivation_1 : p_ZL7threshs_13_7 | {2 3 }
	Port: MatrixVectorActivation_1 : p_ZL7threshs_13_8 | {2 3 }
	Port: MatrixVectorActivation_1 : p_ZL7threshs_13_9 | {2 3 }
	Port: MatrixVectorActivation_1 : p_ZL7threshs_13_10 | {2 3 }
	Port: MatrixVectorActivation_1 : p_ZL7threshs_13_11 | {2 3 }
	Port: MatrixVectorActivation_1 : p_ZL7threshs_13_12 | {2 3 }
	Port: MatrixVectorActivation_1 : p_ZL7threshs_13_13 | {2 3 }
	Port: MatrixVectorActivation_1 : p_ZL7threshs_13_14 | {2 3 }
	Port: MatrixVectorActivation_1 : p_ZL7threshs_14_0 | {2 3 }
	Port: MatrixVectorActivation_1 : p_ZL7threshs_14_1 | {2 3 }
	Port: MatrixVectorActivation_1 : p_ZL7threshs_14_2 | {2 3 }
	Port: MatrixVectorActivation_1 : p_ZL7threshs_14_3 | {2 3 }
	Port: MatrixVectorActivation_1 : p_ZL7threshs_14_4 | {2 3 }
	Port: MatrixVectorActivation_1 : p_ZL7threshs_14_5 | {2 3 }
	Port: MatrixVectorActivation_1 : p_ZL7threshs_14_6 | {2 3 }
	Port: MatrixVectorActivation_1 : p_ZL7threshs_14_7 | {2 3 }
	Port: MatrixVectorActivation_1 : p_ZL7threshs_14_8 | {2 3 }
	Port: MatrixVectorActivation_1 : p_ZL7threshs_14_9 | {2 3 }
	Port: MatrixVectorActivation_1 : p_ZL7threshs_14_10 | {2 3 }
	Port: MatrixVectorActivation_1 : p_ZL7threshs_14_11 | {2 3 }
	Port: MatrixVectorActivation_1 : p_ZL7threshs_14_12 | {2 3 }
	Port: MatrixVectorActivation_1 : p_ZL7threshs_14_13 | {2 3 }
	Port: MatrixVectorActivation_1 : p_ZL7threshs_14_14 | {2 3 }
	Port: MatrixVectorActivation_1 : p_ZL7threshs_15_0 | {2 3 }
	Port: MatrixVectorActivation_1 : p_ZL7threshs_15_1 | {2 3 }
	Port: MatrixVectorActivation_1 : p_ZL7threshs_15_2 | {2 3 }
	Port: MatrixVectorActivation_1 : p_ZL7threshs_15_3 | {2 3 }
	Port: MatrixVectorActivation_1 : p_ZL7threshs_15_4 | {2 3 }
	Port: MatrixVectorActivation_1 : p_ZL7threshs_15_5 | {2 3 }
	Port: MatrixVectorActivation_1 : p_ZL7threshs_15_6 | {2 3 }
	Port: MatrixVectorActivation_1 : p_ZL7threshs_15_7 | {2 3 }
	Port: MatrixVectorActivation_1 : p_ZL7threshs_15_8 | {2 3 }
	Port: MatrixVectorActivation_1 : p_ZL7threshs_15_9 | {2 3 }
	Port: MatrixVectorActivation_1 : p_ZL7threshs_15_10 | {2 3 }
	Port: MatrixVectorActivation_1 : p_ZL7threshs_15_11 | {2 3 }
	Port: MatrixVectorActivation_1 : p_ZL7threshs_15_12 | {2 3 }
	Port: MatrixVectorActivation_1 : p_ZL7threshs_15_13 | {2 3 }
	Port: MatrixVectorActivation_1 : p_ZL7threshs_15_14 | {2 3 }
  - Chain level:
	State 1
	State 2
	State 3
	State 4


============================================================
+ Verbose Summary: Datapath Resource usage 
============================================================

* Functional unit list:
|----------|------------------------------------------------|---------|---------|---------|---------|
| Operation|                 Functional Unit                |   DSP   |  Delay  |    FF   |   LUT   |
|----------|------------------------------------------------|---------|---------|---------|---------|
|   call   | grp_Matrix_Vector_Activate_Stream_Batch_fu_510 |    80   | 644.744 |   4982  |  11197  |
|----------|------------------------------------------------|---------|---------|---------|---------|
|   Total  |                                                |    80   | 644.744 |   4982  |  11197  |
|----------|------------------------------------------------|---------|---------|---------|---------|

Memories:
+------------------+--------+--------+--------+
|                  |  BRAM  |   FF   |   LUT  |
+------------------+--------+--------+--------+
| p_ZL7threshs_0_0 |    0   |    1   |    1   |
| p_ZL7threshs_0_1 |    0   |    4   |    1   |
| p_ZL7threshs_0_10|    0   |    5   |    1   |
| p_ZL7threshs_0_11|    0   |    4   |    1   |
| p_ZL7threshs_0_12|    0   |    1   |    1   |
| p_ZL7threshs_0_13|    0   |    7   |    1   |
| p_ZL7threshs_0_14|    0   |    7   |    1   |
| p_ZL7threshs_0_2 |    0   |    3   |    1   |
| p_ZL7threshs_0_3 |    0   |    5   |    1   |
| p_ZL7threshs_0_4 |    0   |    5   |    1   |
| p_ZL7threshs_0_5 |    0   |    3   |    1   |
| p_ZL7threshs_0_6 |    0   |    6   |    1   |
| p_ZL7threshs_0_7 |    0   |    6   |    1   |
| p_ZL7threshs_0_8 |    0   |    6   |    1   |
| p_ZL7threshs_0_9 |    0   |    5   |    1   |
| p_ZL7threshs_10_0|    0   |    1   |    1   |
| p_ZL7threshs_10_1|    0   |    4   |    1   |
|p_ZL7threshs_10_10|    0   |    5   |    1   |
|p_ZL7threshs_10_11|    0   |    4   |    1   |
|p_ZL7threshs_10_12|    0   |    1   |    1   |
|p_ZL7threshs_10_13|    0   |    7   |    1   |
|p_ZL7threshs_10_14|    0   |    7   |    1   |
| p_ZL7threshs_10_2|    0   |    3   |    1   |
| p_ZL7threshs_10_3|    0   |    5   |    1   |
| p_ZL7threshs_10_4|    0   |    5   |    1   |
| p_ZL7threshs_10_5|    0   |    3   |    1   |
| p_ZL7threshs_10_6|    0   |    6   |    1   |
| p_ZL7threshs_10_7|    0   |    6   |    1   |
| p_ZL7threshs_10_8|    0   |    6   |    1   |
| p_ZL7threshs_10_9|    0   |    5   |    1   |
| p_ZL7threshs_11_0|    0   |    1   |    1   |
| p_ZL7threshs_11_1|    0   |    4   |    1   |
|p_ZL7threshs_11_10|    0   |    5   |    1   |
|p_ZL7threshs_11_11|    0   |    4   |    1   |
|p_ZL7threshs_11_12|    0   |    1   |    1   |
|p_ZL7threshs_11_13|    0   |    7   |    1   |
|p_ZL7threshs_11_14|    0   |    7   |    1   |
| p_ZL7threshs_11_2|    0   |    3   |    1   |
| p_ZL7threshs_11_3|    0   |    5   |    1   |
| p_ZL7threshs_11_4|    0   |    5   |    1   |
| p_ZL7threshs_11_5|    0   |    3   |    1   |
| p_ZL7threshs_11_6|    0   |    6   |    1   |
| p_ZL7threshs_11_7|    0   |    6   |    1   |
| p_ZL7threshs_11_8|    0   |    6   |    1   |
| p_ZL7threshs_11_9|    0   |    5   |    1   |
| p_ZL7threshs_12_0|    0   |    1   |    1   |
| p_ZL7threshs_12_1|    0   |    4   |    1   |
|p_ZL7threshs_12_10|    0   |    5   |    1   |
|p_ZL7threshs_12_11|    0   |    4   |    1   |
|p_ZL7threshs_12_12|    0   |    1   |    1   |
|p_ZL7threshs_12_13|    0   |    7   |    1   |
|p_ZL7threshs_12_14|    0   |    7   |    1   |
| p_ZL7threshs_12_2|    0   |    3   |    1   |
| p_ZL7threshs_12_3|    0   |    5   |    1   |
| p_ZL7threshs_12_4|    0   |    5   |    1   |
| p_ZL7threshs_12_5|    0   |    3   |    1   |
| p_ZL7threshs_12_6|    0   |    6   |    1   |
| p_ZL7threshs_12_7|    0   |    6   |    1   |
| p_ZL7threshs_12_8|    0   |    6   |    1   |
| p_ZL7threshs_12_9|    0   |    5   |    1   |
| p_ZL7threshs_13_0|    0   |    1   |    1   |
| p_ZL7threshs_13_1|    0   |    4   |    1   |
|p_ZL7threshs_13_10|    0   |    5   |    1   |
|p_ZL7threshs_13_11|    0   |    4   |    1   |
|p_ZL7threshs_13_12|    0   |    1   |    1   |
|p_ZL7threshs_13_13|    0   |    7   |    1   |
|p_ZL7threshs_13_14|    0   |    7   |    1   |
| p_ZL7threshs_13_2|    0   |    3   |    1   |
| p_ZL7threshs_13_3|    0   |    5   |    1   |
| p_ZL7threshs_13_4|    0   |    5   |    1   |
| p_ZL7threshs_13_5|    0   |    3   |    1   |
| p_ZL7threshs_13_6|    0   |    6   |    1   |
| p_ZL7threshs_13_7|    0   |    6   |    1   |
| p_ZL7threshs_13_8|    0   |    6   |    1   |
| p_ZL7threshs_13_9|    0   |    5   |    1   |
| p_ZL7threshs_14_0|    0   |    1   |    1   |
| p_ZL7threshs_14_1|    0   |    4   |    1   |
|p_ZL7threshs_14_10|    0   |    5   |    1   |
|p_ZL7threshs_14_11|    0   |    4   |    1   |
|p_ZL7threshs_14_12|    0   |    1   |    1   |
|p_ZL7threshs_14_13|    0   |    7   |    1   |
|p_ZL7threshs_14_14|    0   |    7   |    1   |
| p_ZL7threshs_14_2|    0   |    3   |    1   |
| p_ZL7threshs_14_3|    0   |    5   |    1   |
| p_ZL7threshs_14_4|    0   |    5   |    1   |
| p_ZL7threshs_14_5|    0   |    3   |    1   |
| p_ZL7threshs_14_6|    0   |    6   |    1   |
| p_ZL7threshs_14_7|    0   |    6   |    1   |
| p_ZL7threshs_14_8|    0   |    6   |    1   |
| p_ZL7threshs_14_9|    0   |    5   |    1   |
| p_ZL7threshs_15_0|    0   |    1   |    1   |
| p_ZL7threshs_15_1|    0   |    4   |    1   |
|p_ZL7threshs_15_10|    0   |    5   |    1   |
|p_ZL7threshs_15_11|    0   |    4   |    1   |
|p_ZL7threshs_15_12|    0   |    1   |    1   |
|p_ZL7threshs_15_13|    0   |    7   |    1   |
|p_ZL7threshs_15_14|    0   |    7   |    1   |
| p_ZL7threshs_15_2|    0   |    3   |    1   |
| p_ZL7threshs_15_3|    0   |    5   |    1   |
| p_ZL7threshs_15_4|    0   |    5   |    1   |
| p_ZL7threshs_15_5|    0   |    3   |    1   |
| p_ZL7threshs_15_6|    0   |    6   |    1   |
| p_ZL7threshs_15_7|    0   |    6   |    1   |
| p_ZL7threshs_15_8|    0   |    6   |    1   |
| p_ZL7threshs_15_9|    0   |    5   |    1   |
| p_ZL7threshs_1_0 |    0   |    1   |    1   |
| p_ZL7threshs_1_1 |    0   |    4   |    1   |
| p_ZL7threshs_1_10|    0   |    5   |    1   |
| p_ZL7threshs_1_11|    0   |    4   |    1   |
| p_ZL7threshs_1_12|    0   |    1   |    1   |
| p_ZL7threshs_1_13|    0   |    7   |    1   |
| p_ZL7threshs_1_14|    0   |    7   |    1   |
| p_ZL7threshs_1_2 |    0   |    3   |    1   |
| p_ZL7threshs_1_3 |    0   |    5   |    1   |
| p_ZL7threshs_1_4 |    0   |    5   |    1   |
| p_ZL7threshs_1_5 |    0   |    3   |    1   |
| p_ZL7threshs_1_6 |    0   |    6   |    1   |
| p_ZL7threshs_1_7 |    0   |    6   |    1   |
| p_ZL7threshs_1_8 |    0   |    6   |    1   |
| p_ZL7threshs_1_9 |    0   |    5   |    1   |
| p_ZL7threshs_2_0 |    0   |    1   |    1   |
| p_ZL7threshs_2_1 |    0   |    4   |    1   |
| p_ZL7threshs_2_10|    0   |    5   |    1   |
| p_ZL7threshs_2_11|    0   |    4   |    1   |
| p_ZL7threshs_2_12|    0   |    1   |    1   |
| p_ZL7threshs_2_13|    0   |    7   |    1   |
| p_ZL7threshs_2_14|    0   |    7   |    1   |
| p_ZL7threshs_2_2 |    0   |    3   |    1   |
| p_ZL7threshs_2_3 |    0   |    5   |    1   |
| p_ZL7threshs_2_4 |    0   |    5   |    1   |
| p_ZL7threshs_2_5 |    0   |    3   |    1   |
| p_ZL7threshs_2_6 |    0   |    6   |    1   |
| p_ZL7threshs_2_7 |    0   |    6   |    1   |
| p_ZL7threshs_2_8 |    0   |    6   |    1   |
| p_ZL7threshs_2_9 |    0   |    5   |    1   |
| p_ZL7threshs_3_0 |    0   |    1   |    1   |
| p_ZL7threshs_3_1 |    0   |    4   |    1   |
| p_ZL7threshs_3_10|    0   |    5   |    1   |
| p_ZL7threshs_3_11|    0   |    4   |    1   |
| p_ZL7threshs_3_12|    0   |    1   |    1   |
| p_ZL7threshs_3_13|    0   |    7   |    1   |
| p_ZL7threshs_3_14|    0   |    7   |    1   |
| p_ZL7threshs_3_2 |    0   |    3   |    1   |
| p_ZL7threshs_3_3 |    0   |    5   |    1   |
| p_ZL7threshs_3_4 |    0   |    5   |    1   |
| p_ZL7threshs_3_5 |    0   |    3   |    1   |
| p_ZL7threshs_3_6 |    0   |    6   |    1   |
| p_ZL7threshs_3_7 |    0   |    6   |    1   |
| p_ZL7threshs_3_8 |    0   |    6   |    1   |
| p_ZL7threshs_3_9 |    0   |    5   |    1   |
| p_ZL7threshs_4_0 |    0   |    1   |    1   |
| p_ZL7threshs_4_1 |    0   |    4   |    1   |
| p_ZL7threshs_4_10|    0   |    5   |    1   |
| p_ZL7threshs_4_11|    0   |    4   |    1   |
| p_ZL7threshs_4_12|    0   |    1   |    1   |
| p_ZL7threshs_4_13|    0   |    7   |    1   |
| p_ZL7threshs_4_14|    0   |    7   |    1   |
| p_ZL7threshs_4_2 |    0   |    3   |    1   |
| p_ZL7threshs_4_3 |    0   |    5   |    1   |
| p_ZL7threshs_4_4 |    0   |    5   |    1   |
| p_ZL7threshs_4_5 |    0   |    3   |    1   |
| p_ZL7threshs_4_6 |    0   |    6   |    1   |
| p_ZL7threshs_4_7 |    0   |    6   |    1   |
| p_ZL7threshs_4_8 |    0   |    6   |    1   |
| p_ZL7threshs_4_9 |    0   |    5   |    1   |
| p_ZL7threshs_5_0 |    0   |    1   |    1   |
| p_ZL7threshs_5_1 |    0   |    4   |    1   |
| p_ZL7threshs_5_10|    0   |    5   |    1   |
| p_ZL7threshs_5_11|    0   |    4   |    1   |
| p_ZL7threshs_5_12|    0   |    1   |    1   |
| p_ZL7threshs_5_13|    0   |    7   |    1   |
| p_ZL7threshs_5_14|    0   |    7   |    1   |
| p_ZL7threshs_5_2 |    0   |    3   |    1   |
| p_ZL7threshs_5_3 |    0   |    5   |    1   |
| p_ZL7threshs_5_4 |    0   |    5   |    1   |
| p_ZL7threshs_5_5 |    0   |    3   |    1   |
| p_ZL7threshs_5_6 |    0   |    6   |    1   |
| p_ZL7threshs_5_7 |    0   |    6   |    1   |
| p_ZL7threshs_5_8 |    0   |    6   |    1   |
| p_ZL7threshs_5_9 |    0   |    5   |    1   |
| p_ZL7threshs_6_0 |    0   |    1   |    1   |
| p_ZL7threshs_6_1 |    0   |    4   |    1   |
| p_ZL7threshs_6_10|    0   |    5   |    1   |
| p_ZL7threshs_6_11|    0   |    4   |    1   |
| p_ZL7threshs_6_12|    0   |    1   |    1   |
| p_ZL7threshs_6_13|    0   |    7   |    1   |
| p_ZL7threshs_6_14|    0   |    7   |    1   |
| p_ZL7threshs_6_2 |    0   |    3   |    1   |
| p_ZL7threshs_6_3 |    0   |    5   |    1   |
| p_ZL7threshs_6_4 |    0   |    5   |    1   |
| p_ZL7threshs_6_5 |    0   |    3   |    1   |
| p_ZL7threshs_6_6 |    0   |    6   |    1   |
| p_ZL7threshs_6_7 |    0   |    6   |    1   |
| p_ZL7threshs_6_8 |    0   |    6   |    1   |
| p_ZL7threshs_6_9 |    0   |    5   |    1   |
| p_ZL7threshs_7_0 |    0   |    1   |    1   |
| p_ZL7threshs_7_1 |    0   |    4   |    1   |
| p_ZL7threshs_7_10|    0   |    5   |    1   |
| p_ZL7threshs_7_11|    0   |    4   |    1   |
| p_ZL7threshs_7_12|    0   |    1   |    1   |
| p_ZL7threshs_7_13|    0   |    7   |    1   |
| p_ZL7threshs_7_14|    0   |    7   |    1   |
| p_ZL7threshs_7_2 |    0   |    3   |    1   |
| p_ZL7threshs_7_3 |    0   |    5   |    1   |
| p_ZL7threshs_7_4 |    0   |    5   |    1   |
| p_ZL7threshs_7_5 |    0   |    3   |    1   |
| p_ZL7threshs_7_6 |    0   |    6   |    1   |
| p_ZL7threshs_7_7 |    0   |    6   |    1   |
| p_ZL7threshs_7_8 |    0   |    6   |    1   |
| p_ZL7threshs_7_9 |    0   |    5   |    1   |
| p_ZL7threshs_8_0 |    0   |    1   |    1   |
| p_ZL7threshs_8_1 |    0   |    4   |    1   |
| p_ZL7threshs_8_10|    0   |    5   |    1   |
| p_ZL7threshs_8_11|    0   |    4   |    1   |
| p_ZL7threshs_8_12|    0   |    1   |    1   |
| p_ZL7threshs_8_13|    0   |    7   |    1   |
| p_ZL7threshs_8_14|    0   |    7   |    1   |
| p_ZL7threshs_8_2 |    0   |    3   |    1   |
| p_ZL7threshs_8_3 |    0   |    5   |    1   |
| p_ZL7threshs_8_4 |    0   |    5   |    1   |
| p_ZL7threshs_8_5 |    0   |    3   |    1   |
| p_ZL7threshs_8_6 |    0   |    6   |    1   |
| p_ZL7threshs_8_7 |    0   |    6   |    1   |
| p_ZL7threshs_8_8 |    0   |    6   |    1   |
| p_ZL7threshs_8_9 |    0   |    5   |    1   |
| p_ZL7threshs_9_0 |    0   |    1   |    1   |
| p_ZL7threshs_9_1 |    0   |    4   |    1   |
| p_ZL7threshs_9_10|    0   |    5   |    1   |
| p_ZL7threshs_9_11|    0   |    4   |    1   |
| p_ZL7threshs_9_12|    0   |    1   |    1   |
| p_ZL7threshs_9_13|    0   |    7   |    1   |
| p_ZL7threshs_9_14|    0   |    7   |    1   |
| p_ZL7threshs_9_2 |    0   |    3   |    1   |
| p_ZL7threshs_9_3 |    0   |    5   |    1   |
| p_ZL7threshs_9_4 |    0   |    5   |    1   |
| p_ZL7threshs_9_5 |    0   |    3   |    1   |
| p_ZL7threshs_9_6 |    0   |    6   |    1   |
| p_ZL7threshs_9_7 |    0   |    6   |    1   |
| p_ZL7threshs_9_8 |    0   |    6   |    1   |
| p_ZL7threshs_9_9 |    0   |    5   |    1   |
+------------------+--------+--------+--------+
|       Total      |    0   |  1088  |   240  |
+------------------+--------+--------+--------+

* Register list:
N/A

* Multiplexer (MUX) list: 
|--------|------|------|------|--------|
|  Comp  |  Pin | Size |  BW  | S x BW |
|--------|------|------|------|--------|
|  Total |      |      |      |    0   |
|--------|------|------|------|--------|



* Summary:
+-----------+--------+--------+--------+--------+--------+
|           |  BRAM  |   DSP  |  Delay |   FF   |   LUT  |
+-----------+--------+--------+--------+--------+--------+
|  Function |    -   |   80   |   644  |  4982  |  11197 |
|   Memory  |    0   |    -   |    -   |  1088  |   240  |
|Multiplexer|    -   |    -   |    -   |    -   |    -   |
|  Register |    -   |    -   |    -   |    -   |    -   |
+-----------+--------+--------+--------+--------+--------+
|   Total   |    0   |   80   |   644  |  6070  |  11437 |
+-----------+--------+--------+--------+--------+--------+
