

================================================================
== Vitis HLS Report for 'Matrix_Vector_Activate_Stream_Batch'
================================================================
* Date:           Fri Jun 12 09:17:09 2026

* Version:        2022.2.2 (Build 3779808 on Feb 17 2023)
* Project:        project_MatrixVectorActivation_0
* Solution:       sol1 (Vivado IP Flow Target)
* Product family: zynq
* Target device:  xc7z020-clg400-1


================================================================
== Performance Estimates
================================================================
+ Timing: 
    * Summary: 
    +--------+----------+----------+------------+
    |  Clock |  Target  | Estimated| Uncertainty|
    +--------+----------+----------+------------+
    |ap_clk  |  10.00 ns|  7.591 ns|     2.70 ns|
    +--------+----------+----------+------------+

+ Latency: 
    * Summary: 
    +---------+---------+----------+----------+--------+--------+---------+
    |  Latency (cycles) |  Latency (absolute) |     Interval    | Pipeline|
    |   min   |   max   |    min   |    max   |   min  |   max  |   Type  |
    +---------+---------+----------+----------+--------+--------+---------+
    |   589831|   589831|  5.898 ms|  5.898 ms|  589831|  589831|       no|
    +---------+---------+----------+----------+--------+--------+---------+

    + Detail: 
        * Instance: 
        N/A

        * Loop: 
        +--------------------+---------+---------+----------+-----------+-----------+--------+----------+
        |                    |  Latency (cycles) | Iteration|  Initiation Interval  |  Trip  |          |
        |      Loop Name     |   min   |   max   |  Latency |  achieved |   target  |  Count | Pipelined|
        +--------------------+---------+---------+----------+-----------+-----------+--------+----------+
        |- VITIS_LOOP_249_1  |   589829|   589829|         7|          1|          1|  589824|  yes(flp)|
        +--------------------+---------+---------+----------+-----------+-----------+--------+----------+



================================================================
== Utilization Estimates
================================================================
* Summary: 
+-----------------+---------+-----+--------+-------+-----+
|       Name      | BRAM_18K| DSP |   FF   |  LUT  | URAM|
+-----------------+---------+-----+--------+-------+-----+
|DSP              |        -|    1|       -|      -|    -|
|Expression       |        -|    -|       0|    565|    -|
|FIFO             |        -|    -|       -|      -|    -|
|Instance         |        -|    -|       0|     48|    -|
|Memory           |        0|    -|     124|     38|    -|
|Multiplexer      |        -|    -|       -|    211|    -|
|Register         |        -|    -|     337|      -|    -|
+-----------------+---------+-----+--------+-------+-----+
|Total            |        0|    1|     461|    862|    0|
+-----------------+---------+-----+--------+-------+-----+
|Available        |      280|  220|  106400|  53200|    0|
+-----------------+---------+-----+--------+-------+-----+
|Utilization (%)  |        0|   ~0|      ~0|      1|    0|
+-----------------+---------+-----+--------+-------+-----+

+ Detail: 
    * Instance: 
    +-----------------+--------------+---------+----+---+----+-----+
    |     Instance    |    Module    | BRAM_18K| DSP| FF| LUT| URAM|
    +-----------------+--------------+---------+----+---+----+-----+
    |mux_94_8_1_1_U1  |mux_94_8_1_1  |        0|   0|  0|  48|    0|
    +-----------------+--------------+---------+----+---+----+-----+
    |Total            |              |        0|   0|  0|  48|    0|
    +-----------------+--------------+---------+----+---+----+-----+

    * DSP: 
    +--------------------------------+-----------------------------+--------------+
    |            Instance            |            Module           |  Expression  |
    +--------------------------------+-----------------------------+--------------+
    |mac_muladd_8s_4s_14s_14_4_1_U2  |mac_muladd_8s_4s_14s_14_4_1  |  i0 + i1 * i2|
    +--------------------------------+-----------------------------+--------------+

    * Memory: 
    +-------------------+-----------------------------------------------------------------+---------+----+----+-----+------+-----+------+-------------+
    |       Memory      |                              Module                             | BRAM_18K| FF | LUT| URAM| Words| Bits| Banks| W*Bits*Banks|
    +-------------------+-----------------------------------------------------------------+---------+----+----+-----+------+-----+------+-------------+
    |p_ZL7threshs_0_U   |Matrix_Vector_Activate_Stream_Batch_p_ZL7threshs_0_ROM_AUTO_1R   |        0|   6|   2|    0|    16|    6|     1|           96|
    |p_ZL7threshs_10_U  |Matrix_Vector_Activate_Stream_Batch_p_ZL7threshs_10_ROM_AUTO_1R  |        0|  10|   3|    0|    16|   10|     1|          160|
    |p_ZL7threshs_11_U  |Matrix_Vector_Activate_Stream_Batch_p_ZL7threshs_11_ROM_AUTO_1R  |        0|   9|   3|    0|    16|    9|     1|          144|
    |p_ZL7threshs_12_U  |Matrix_Vector_Activate_Stream_Batch_p_ZL7threshs_12_ROM_AUTO_1R  |        0|   9|   3|    0|    16|    9|     1|          144|
    |p_ZL7threshs_13_U  |Matrix_Vector_Activate_Stream_Batch_p_ZL7threshs_13_ROM_AUTO_1R  |        0|   8|   2|    0|    16|    8|     1|          128|
    |p_ZL7threshs_14_U  |Matrix_Vector_Activate_Stream_Batch_p_ZL7threshs_14_ROM_AUTO_1R  |        0|   7|   2|    0|    16|    7|     1|          112|
    |p_ZL7threshs_1_U   |Matrix_Vector_Activate_Stream_Batch_p_ZL7threshs_1_ROM_AUTO_1R   |        0|   6|   2|    0|    16|    6|     1|           96|
    |p_ZL7threshs_2_U   |Matrix_Vector_Activate_Stream_Batch_p_ZL7threshs_2_ROM_AUTO_1R   |        0|   8|   2|    0|    16|    8|     1|          128|
    |p_ZL7threshs_3_U   |Matrix_Vector_Activate_Stream_Batch_p_ZL7threshs_3_ROM_AUTO_1R   |        0|   5|   2|    0|    16|    5|     1|           80|
    |p_ZL7threshs_4_U   |Matrix_Vector_Activate_Stream_Batch_p_ZL7threshs_4_ROM_AUTO_1R   |        0|   9|   3|    0|    16|    9|     1|          144|
    |p_ZL7threshs_5_U   |Matrix_Vector_Activate_Stream_Batch_p_ZL7threshs_5_ROM_AUTO_1R   |        0|   9|   3|    0|    16|    9|     1|          144|
    |p_ZL7threshs_6_U   |Matrix_Vector_Activate_Stream_Batch_p_ZL7threshs_6_ROM_AUTO_1R   |        0|   8|   2|    0|    16|    8|     1|          128|
    |p_ZL7threshs_7_U   |Matrix_Vector_Activate_Stream_Batch_p_ZL7threshs_7_ROM_AUTO_1R   |        0|  10|   3|    0|    16|   10|     1|          160|
    |p_ZL7threshs_8_U   |Matrix_Vector_Activate_Stream_Batch_p_ZL7threshs_8_ROM_AUTO_1R   |        0|  10|   3|    0|    16|   10|     1|          160|
    |p_ZL7threshs_9_U   |Matrix_Vector_Activate_Stream_Batch_p_ZL7threshs_9_ROM_AUTO_1R   |        0|  10|   3|    0|    16|   10|     1|          160|
    +-------------------+-----------------------------------------------------------------+---------+----+----+-----+------+-----+------+-------------+
    |Total              |                                                                 |        0| 124|  38|    0|   240|  124|    15|         1984|
    +-------------------+-----------------------------------------------------------------+---------+----+----+-----+------+-----+------+-------------+

    * FIFO: 
    N/A

    * Expression: 
    +----------------------------------+----------+----+---+----+------------+------------+
    |           Variable Name          | Operation| DSP| FF| LUT| Bitwidth P0| Bitwidth P1|
    +----------------------------------+----------+----+---+----+------------+------------+
    |add_ln840_10_fu_1024_p2           |         +|   0|  0|  10|           2|           2|
    |add_ln840_11_fu_1034_p2           |         +|   0|  0|  10|           2|           2|
    |add_ln840_12_fu_1044_p2           |         +|   0|  0|  11|           3|           3|
    |add_ln840_13_fu_1059_p2           |         +|   0|  0|   7|           4|           4|
    |add_ln840_1_fu_950_p2             |         +|   0|  0|   2|           2|           2|
    |add_ln840_2_fu_956_p2             |         +|   0|  0|   2|           2|           2|
    |add_ln840_3_fu_966_p2             |         +|   0|  0|  10|           2|           2|
    |add_ln840_4_fu_976_p2             |         +|   0|  0|  10|           2|           2|
    |add_ln840_5_fu_986_p2             |         +|   0|  0|   4|           3|           3|
    |add_ln840_6_fu_992_p2             |         +|   0|  0|   4|           3|           3|
    |add_ln840_7_fu_998_p2             |         +|   0|  0|  10|           2|           2|
    |add_ln840_8_fu_1008_p2            |         +|   0|  0|  10|           2|           2|
    |add_ln840_9_fu_1018_p2            |         +|   0|  0|  11|           3|           3|
    |i_2_fu_435_p2                     |         +|   0|  0|  27|          20|           1|
    |nf_fu_578_p2                      |         +|   0|  0|  39|          32|           1|
    |result_V_2_fu_1065_p2             |         +|   0|  0|   7|           4|           4|
    |sf_2_fu_561_p2                    |         +|   0|  0|  39|          32|           1|
    |ap_block_state7_io                |       and|   0|  0|   2|           1|           1|
    |ap_condition_1088                 |       and|   0|  0|   2|           1|           1|
    |ap_predicate_op242_write_state7   |       and|   0|  0|   2|           1|           1|
    |ap_predicate_op53_read_state1     |       and|   0|  0|   2|           1|           1|
    |icmp_ln1039_10_fu_754_p2          |      icmp|   0|  0|  12|          14|          14|
    |icmp_ln1039_11_fu_767_p2          |      icmp|   0|  0|  12|          14|          14|
    |icmp_ln1039_12_fu_780_p2          |      icmp|   0|  0|  12|          14|          14|
    |icmp_ln1039_13_fu_793_p2          |      icmp|   0|  0|  12|          14|          14|
    |icmp_ln1039_14_fu_806_p2          |      icmp|   0|  0|  12|          14|          14|
    |icmp_ln1039_1_fu_665_p2           |      icmp|   0|  0|  12|          14|          14|
    |icmp_ln1039_2_fu_674_p2           |      icmp|   0|  0|  12|          14|          14|
    |icmp_ln1039_3_fu_687_p2           |      icmp|   0|  0|  12|          14|          14|
    |icmp_ln1039_4_fu_696_p2           |      icmp|   0|  0|  12|          14|          14|
    |icmp_ln1039_5_fu_705_p2           |      icmp|   0|  0|  12|          14|          14|
    |icmp_ln1039_6_fu_718_p2           |      icmp|   0|  0|  12|          14|          14|
    |icmp_ln1039_7_fu_727_p2           |      icmp|   0|  0|  12|          14|          14|
    |icmp_ln1039_8_fu_736_p2           |      icmp|   0|  0|  12|          14|          14|
    |icmp_ln1039_9_fu_745_p2           |      icmp|   0|  0|  12|          14|          14|
    |icmp_ln1039_fu_652_p2             |      icmp|   0|  0|  12|          14|          14|
    |icmp_ln249_fu_429_p2              |      icmp|   0|  0|  14|          20|          20|
    |icmp_ln253_fu_441_p2              |      icmp|   0|  0|  18|          32|           1|
    |icmp_ln272_fu_555_p2              |      icmp|   0|  0|  18|          32|           1|
    |icmp_ln290_fu_567_p2              |      icmp|   0|  0|  18|          32|           4|
    |icmp_ln302_fu_584_p2              |      icmp|   0|  0|  18|          32|           5|
    |ap_block_state1_pp0_stage0_iter0  |        or|   0|  0|   2|           1|           1|
    |grp_fu_1076_p2                    |    select|   0|  0|  14|           1|           1|
    |nf_3_fu_590_p3                    |    select|   0|  0|  32|           1|           1|
    |result_V_fu_815_p2                |       xor|   0|  0|   2|           1|           2|
    |xor_ln1039_10_fu_914_p2           |       xor|   0|  0|   2|           1|           2|
    |xor_ln1039_11_fu_923_p2           |       xor|   0|  0|   2|           1|           2|
    |xor_ln1039_12_fu_932_p2           |       xor|   0|  0|   2|           1|           2|
    |xor_ln1039_13_fu_941_p2           |       xor|   0|  0|   2|           1|           2|
    |xor_ln1039_1_fu_833_p2            |       xor|   0|  0|   2|           1|           2|
    |xor_ln1039_2_fu_842_p2            |       xor|   0|  0|   2|           1|           2|
    |xor_ln1039_3_fu_851_p2            |       xor|   0|  0|   2|           1|           2|
    |xor_ln1039_4_fu_860_p2            |       xor|   0|  0|   2|           1|           2|
    |xor_ln1039_5_fu_869_p2            |       xor|   0|  0|   2|           1|           2|
    |xor_ln1039_6_fu_878_p2            |       xor|   0|  0|   2|           1|           2|
    |xor_ln1039_7_fu_887_p2            |       xor|   0|  0|   2|           1|           2|
    |xor_ln1039_8_fu_896_p2            |       xor|   0|  0|   2|           1|           2|
    |xor_ln1039_9_fu_905_p2            |       xor|   0|  0|   2|           1|           2|
    |xor_ln1039_fu_824_p2              |       xor|   0|  0|   2|           1|           2|
    +----------------------------------+----------+----+---+----+------------+------------+
    |Total                             |          |   0|  0| 565|         500|         317|
    +----------------------------------+----------+----+---+----+------------+------------+

    * Multiplexer: 
    +---------------------------------------+----+-----------+-----+-----------+
    |                  Name                 | LUT| Input Size| Bits| Total Bits|
    +---------------------------------------+----+-----------+-----+-----------+
    |ap_NS_iter1_fsm                        |  14|          3|    2|          6|
    |ap_NS_iter2_fsm                        |  14|          3|    2|          6|
    |ap_NS_iter3_fsm                        |  14|          3|    2|          6|
    |ap_NS_iter4_fsm                        |  14|          3|    2|          6|
    |ap_NS_iter5_fsm                        |  14|          3|    2|          6|
    |ap_NS_iter6_fsm                        |  14|          3|    2|          6|
    |ap_done_int                            |   9|          2|    1|          2|
    |ap_loop_exit_ready_pp0_iter6_reg       |   9|          2|    1|          2|
    |ap_phi_reg_pp0_iter1_inElem_1_reg_380  |  14|          3|    8|         24|
    |ap_sig_allocacmp_add_i4_i338_load      |   9|          2|   14|         28|
    |ap_sig_allocacmp_i_1                   |   9|          2|   20|         40|
    |ap_sig_allocacmp_nf_2                  |   9|          2|   32|         64|
    |ap_sig_allocacmp_sf_1                  |   9|          2|   32|         64|
    |i_fu_118                               |   9|          2|   20|         40|
    |in0_V_TDATA_blk_n                      |   9|          2|    1|          2|
    |nf_1_fu_162                            |   9|          2|   32|         64|
    |out_V_TDATA_blk_n                      |   9|          2|    1|          2|
    |sf_fu_114                              |  14|          3|   32|         96|
    |weights_V_TDATA_blk_n                  |   9|          2|    1|          2|
    +---------------------------------------+----+-----------+-----+-----------+
    |Total                                  | 211|         46|  207|        466|
    +---------------------------------------+----+-----------+-----+-----------+

    * Register: 
    +---------------------------------------+----+----+-----+-----------+
    |                  Name                 | FF | LUT| Bits| Const Bits|
    +---------------------------------------+----+----+-----+-----------+
    |W_packed_V_reg_1217                    |   4|   0|    4|          0|
    |add_i4_i338_fu_122                     |  14|   0|   14|          0|
    |add_ln840_12_reg_1406                  |   3|   0|    3|          0|
    |add_ln840_6_reg_1396                   |   3|   0|    3|          0|
    |add_ln840_9_reg_1401                   |   3|   0|    3|          0|
    |ap_CS_iter0_fsm                        |   1|   0|    1|          0|
    |ap_CS_iter1_fsm                        |   2|   0|    2|          0|
    |ap_CS_iter2_fsm                        |   2|   0|    2|          0|
    |ap_CS_iter3_fsm                        |   2|   0|    2|          0|
    |ap_CS_iter4_fsm                        |   2|   0|    2|          0|
    |ap_CS_iter5_fsm                        |   2|   0|    2|          0|
    |ap_CS_iter6_fsm                        |   2|   0|    2|          0|
    |ap_done_reg                            |   1|   0|    1|          0|
    |ap_loop_exit_ready_pp0_iter1_reg       |   1|   0|    1|          0|
    |ap_loop_exit_ready_pp0_iter2_reg       |   1|   0|    1|          0|
    |ap_loop_exit_ready_pp0_iter3_reg       |   1|   0|    1|          0|
    |ap_loop_exit_ready_pp0_iter4_reg       |   1|   0|    1|          0|
    |ap_loop_exit_ready_pp0_iter5_reg       |   1|   0|    1|          0|
    |ap_loop_exit_ready_pp0_iter6_reg       |   1|   0|    1|          0|
    |ap_phi_reg_pp0_iter1_inElem_1_reg_380  |   8|   0|    8|          0|
    |i_fu_118                               |  20|   0|   20|          0|
    |icmp_ln1039_10_reg_1371                |   1|   0|    1|          0|
    |icmp_ln1039_11_reg_1376                |   1|   0|    1|          0|
    |icmp_ln1039_12_reg_1381                |   1|   0|    1|          0|
    |icmp_ln1039_13_reg_1386                |   1|   0|    1|          0|
    |icmp_ln1039_14_reg_1391                |   1|   0|    1|          0|
    |icmp_ln1039_1_reg_1326                 |   1|   0|    1|          0|
    |icmp_ln1039_2_reg_1331                 |   1|   0|    1|          0|
    |icmp_ln1039_3_reg_1336                 |   1|   0|    1|          0|
    |icmp_ln1039_4_reg_1341                 |   1|   0|    1|          0|
    |icmp_ln1039_5_reg_1346                 |   1|   0|    1|          0|
    |icmp_ln1039_6_reg_1351                 |   1|   0|    1|          0|
    |icmp_ln1039_7_reg_1356                 |   1|   0|    1|          0|
    |icmp_ln1039_8_reg_1361                 |   1|   0|    1|          0|
    |icmp_ln1039_9_reg_1366                 |   1|   0|    1|          0|
    |icmp_ln1039_reg_1321                   |   1|   0|    1|          0|
    |icmp_ln249_reg_1187                    |   1|   0|    1|          0|
    |icmp_ln249_reg_1187_pp0_iter1_reg      |   1|   0|    1|          0|
    |icmp_ln249_reg_1187_pp0_iter2_reg      |   1|   0|    1|          0|
    |icmp_ln249_reg_1187_pp0_iter3_reg      |   1|   0|    1|          0|
    |icmp_ln249_reg_1187_pp0_iter4_reg      |   1|   0|    1|          0|
    |icmp_ln249_reg_1187_pp0_iter5_reg      |   1|   0|    1|          0|
    |icmp_ln272_reg_1222                    |   1|   0|    1|          0|
    |icmp_ln272_reg_1222_pp0_iter1_reg      |   1|   0|    1|          0|
    |icmp_ln272_reg_1222_pp0_iter2_reg      |   1|   0|    1|          0|
    |icmp_ln290_reg_1227                    |   1|   0|    1|          0|
    |icmp_ln290_reg_1227_pp0_iter1_reg      |   1|   0|    1|          0|
    |icmp_ln290_reg_1227_pp0_iter2_reg      |   1|   0|    1|          0|
    |icmp_ln290_reg_1227_pp0_iter3_reg      |   1|   0|    1|          0|
    |icmp_ln290_reg_1227_pp0_iter4_reg      |   1|   0|    1|          0|
    |icmp_ln290_reg_1227_pp0_iter5_reg      |   1|   0|    1|          0|
    |inputBuf_V_1_fu_130                    |   8|   0|    8|          0|
    |inputBuf_V_2_fu_134                    |   8|   0|    8|          0|
    |inputBuf_V_3_fu_138                    |   8|   0|    8|          0|
    |inputBuf_V_4_fu_142                    |   8|   0|    8|          0|
    |inputBuf_V_5_fu_146                    |   8|   0|    8|          0|
    |inputBuf_V_6_fu_150                    |   8|   0|    8|          0|
    |inputBuf_V_7_fu_154                    |   8|   0|    8|          0|
    |inputBuf_V_8_fu_158                    |   8|   0|    8|          0|
    |inputBuf_V_fu_126                      |   8|   0|    8|          0|
    |nf_1_fu_162                            |  32|   0|   32|          0|
    |nf_2_reg_1182                          |  32|   0|   32|          0|
    |nf_2_reg_1182_pp0_iter1_reg            |  32|   0|   32|          0|
    |nf_2_reg_1182_pp0_iter2_reg            |  32|   0|   32|          0|
    |sf_fu_114                              |  32|   0|   32|          0|
    +---------------------------------------+----+----+-----+-----------+
    |Total                                  | 337|   0|  337|          0|
    +---------------------------------------+----+----+-----+-----------+



================================================================
== Interface
================================================================
* Summary: 
+------------------+-----+-----+------------+-------------------------------------+--------------+
|     RTL Ports    | Dir | Bits|  Protocol  |            Source Object            |    C Type    |
+------------------+-----+-----+------------+-------------------------------------+--------------+
|ap_clk            |   in|    1|  ap_ctrl_hs|  Matrix_Vector_Activate_Stream_Batch|  return value|
|ap_rst            |   in|    1|  ap_ctrl_hs|  Matrix_Vector_Activate_Stream_Batch|  return value|
|ap_start          |   in|    1|  ap_ctrl_hs|  Matrix_Vector_Activate_Stream_Batch|  return value|
|ap_done           |  out|    1|  ap_ctrl_hs|  Matrix_Vector_Activate_Stream_Batch|  return value|
|ap_idle           |  out|    1|  ap_ctrl_hs|  Matrix_Vector_Activate_Stream_Batch|  return value|
|ap_ready          |  out|    1|  ap_ctrl_hs|  Matrix_Vector_Activate_Stream_Batch|  return value|
|in0_V_TVALID      |   in|    1|        axis|                                in0_V|       pointer|
|in0_V_TDATA       |   in|    8|        axis|                                in0_V|       pointer|
|in0_V_TREADY      |  out|    1|        axis|                                in0_V|       pointer|
|weights_V_TVALID  |   in|    1|        axis|                            weights_V|       pointer|
|weights_V_TDATA   |   in|    8|        axis|                            weights_V|       pointer|
|weights_V_TREADY  |  out|    1|        axis|                            weights_V|       pointer|
|out_V_TREADY      |   in|    1|        axis|                                out_V|       pointer|
|out_V_TDATA       |  out|    8|        axis|                                out_V|       pointer|
|out_V_TVALID      |  out|    1|        axis|                                out_V|       pointer|
+------------------+-----+-----+------------+-------------------------------------+--------------+

============================================================
+ Verbose Summary: Synthesis Manager
============================================================
InlineROM: 1
ExposeGlobal: 0
============================================================
+ Verbose Summary: CDFG Model
============================================================
IsTopModel: 0
ResetActiveHigh: 1
IsCombinational: 2
IsDatapathOnly: 2
HasWiredReturn: 1
HasMFsm: 1
HasVarLatency: 1
IsPipeline: 0
IsRtlPipelined: 0
IsInstanceOverlapped: 0
IsDontTouch: 0
HasImplIP: 0
IsGatedGlobalClock: 0

+ Individual pipeline summary: 
  * Pipeline-0: initiation interval (II) = 1, depth = 7


============================================================
+ Verbose Summary: Schedule
============================================================
* Number of FSM states : 7
* Pipeline : 1
  Pipeline-0 : II = 1, D = 7, States = { 1 2 3 4 5 6 7 }
* Dataflow Pipeline: 0

* FSM state transitions: 
1 --> 2 
2 --> 3 
3 --> 4 
4 --> 5 
5 --> 6 
6 --> 7 
7 --> 

* FSM state operations: 

State 1 <SV = 0> <Delay = 7.59>
ST_1 : Operation 10 [1/1] (0.00ns)   --->   "%sf = alloca i32 1"   --->   Operation 10 'alloca' 'sf' <Predicate = true> <Delay = 0.00>
ST_1 : Operation 11 [1/1] (0.00ns)   --->   "%i = alloca i32 1"   --->   Operation 11 'alloca' 'i' <Predicate = true> <Delay = 0.00>
ST_1 : Operation 12 [1/1] (0.00ns)   --->   "%add_i4_i338 = alloca i32 1"   --->   Operation 12 'alloca' 'add_i4_i338' <Predicate = true> <Delay = 0.00>
ST_1 : Operation 13 [1/1] (0.00ns)   --->   "%inputBuf_V = alloca i32 1"   --->   Operation 13 'alloca' 'inputBuf_V' <Predicate = true> <Delay = 0.00>
ST_1 : Operation 14 [1/1] (0.00ns)   --->   "%inputBuf_V_1 = alloca i32 1"   --->   Operation 14 'alloca' 'inputBuf_V_1' <Predicate = true> <Delay = 0.00>
ST_1 : Operation 15 [1/1] (0.00ns)   --->   "%inputBuf_V_2 = alloca i32 1"   --->   Operation 15 'alloca' 'inputBuf_V_2' <Predicate = true> <Delay = 0.00>
ST_1 : Operation 16 [1/1] (0.00ns)   --->   "%inputBuf_V_3 = alloca i32 1"   --->   Operation 16 'alloca' 'inputBuf_V_3' <Predicate = true> <Delay = 0.00>
ST_1 : Operation 17 [1/1] (0.00ns)   --->   "%inputBuf_V_4 = alloca i32 1"   --->   Operation 17 'alloca' 'inputBuf_V_4' <Predicate = true> <Delay = 0.00>
ST_1 : Operation 18 [1/1] (0.00ns)   --->   "%inputBuf_V_5 = alloca i32 1"   --->   Operation 18 'alloca' 'inputBuf_V_5' <Predicate = true> <Delay = 0.00>
ST_1 : Operation 19 [1/1] (0.00ns)   --->   "%inputBuf_V_6 = alloca i32 1"   --->   Operation 19 'alloca' 'inputBuf_V_6' <Predicate = true> <Delay = 0.00>
ST_1 : Operation 20 [1/1] (0.00ns)   --->   "%inputBuf_V_7 = alloca i32 1"   --->   Operation 20 'alloca' 'inputBuf_V_7' <Predicate = true> <Delay = 0.00>
ST_1 : Operation 21 [1/1] (0.00ns)   --->   "%inputBuf_V_8 = alloca i32 1"   --->   Operation 21 'alloca' 'inputBuf_V_8' <Predicate = true> <Delay = 0.00>
ST_1 : Operation 22 [1/1] (0.00ns)   --->   "%nf_1 = alloca i32 1"   --->   Operation 22 'alloca' 'nf_1' <Predicate = true> <Delay = 0.00>
ST_1 : Operation 23 [1/1] (0.00ns)   --->   "%specinterface_ln0 = specinterface void @_ssdm_op_SpecInterface, i8 %out_V, void @empty_0, i32 0, i32 0, void @empty_1, i32 0, i32 0, void @empty_2, void @empty_2, void @empty_2, i32 0, i32 0, i32 0, i32 0, void @empty_2, void @empty_2, i32 4294967295, i32 0"   --->   Operation 23 'specinterface' 'specinterface_ln0' <Predicate = true> <Delay = 0.00>
ST_1 : Operation 24 [1/1] (0.00ns)   --->   "%specinterface_ln0 = specinterface void @_ssdm_op_SpecInterface, i8 %weights_V, void @empty_0, i32 0, i32 0, void @empty_1, i32 0, i32 0, void @empty_2, void @empty_2, void @empty_2, i32 0, i32 0, i32 0, i32 0, void @empty_2, void @empty_2, i32 4294967295, i32 0"   --->   Operation 24 'specinterface' 'specinterface_ln0' <Predicate = true> <Delay = 0.00>
ST_1 : Operation 25 [1/1] (0.00ns)   --->   "%specinterface_ln0 = specinterface void @_ssdm_op_SpecInterface, i8 %in0_V, void @empty_0, i32 0, i32 0, void @empty_1, i32 0, i32 0, void @empty_2, void @empty_2, void @empty_2, i32 0, i32 0, i32 0, i32 0, void @empty_2, void @empty_2, i32 4294967295, i32 0"   --->   Operation 25 'specinterface' 'specinterface_ln0' <Predicate = true> <Delay = 0.00>
ST_1 : Operation 26 [1/1] (1.58ns)   --->   "%store_ln249 = store i32 0, i32 %nf_1" [/home/miguel_tfg/FINN-v0.9-Stable/deps/finn-hlslib/mvau.hpp:249]   --->   Operation 26 'store' 'store_ln249' <Predicate = true> <Delay = 1.58>
ST_1 : Operation 27 [1/1] (1.58ns)   --->   "%store_ln249 = store i20 0, i20 %i" [/home/miguel_tfg/FINN-v0.9-Stable/deps/finn-hlslib/mvau.hpp:249]   --->   Operation 27 'store' 'store_ln249' <Predicate = true> <Delay = 1.58>
ST_1 : Operation 28 [1/1] (1.58ns)   --->   "%store_ln249 = store i32 0, i32 %sf" [/home/miguel_tfg/FINN-v0.9-Stable/deps/finn-hlslib/mvau.hpp:249]   --->   Operation 28 'store' 'store_ln249' <Predicate = true> <Delay = 1.58>
ST_1 : Operation 29 [1/1] (0.00ns)   --->   "%br_ln249 = br void %for.body" [/home/miguel_tfg/FINN-v0.9-Stable/deps/finn-hlslib/mvau.hpp:249]   --->   Operation 29 'br' 'br_ln249' <Predicate = true> <Delay = 0.00>
ST_1 : Operation 30 [1/1] (0.00ns)   --->   "%sf_1 = load i32 %sf" [/home/miguel_tfg/FINN-v0.9-Stable/deps/finn-hlslib/mvau.hpp:261]   --->   Operation 30 'load' 'sf_1' <Predicate = true> <Delay = 0.00>
ST_1 : Operation 31 [1/1] (0.00ns)   --->   "%i_1 = load i20 %i" [/home/miguel_tfg/FINN-v0.9-Stable/deps/finn-hlslib/mvau.hpp:249]   --->   Operation 31 'load' 'i_1' <Predicate = true> <Delay = 0.00>
ST_1 : Operation 32 [1/1] (0.00ns)   --->   "%nf_2 = load i32 %nf_1" [/home/miguel_tfg/FINN-v0.9-Stable/deps/finn-hlslib/mvau.hpp:302]   --->   Operation 32 'load' 'nf_2' <Predicate = true> <Delay = 0.00>
ST_1 : Operation 33 [1/1] (2.44ns)   --->   "%icmp_ln249 = icmp_eq  i20 %i_1, i20 589824" [/home/miguel_tfg/FINN-v0.9-Stable/deps/finn-hlslib/mvau.hpp:249]   --->   Operation 33 'icmp' 'icmp_ln249' <Predicate = true> <Delay = 2.44> <CoreInst = "Cmp">   --->   Core 9 'Cmp' <Latency = 0> <II = 1> <Delay = 2.44> <FuncUnit> <Opcode : 'icmp'> <InPorts = 2> <OutPorts = 1>
ST_1 : Operation 34 [1/1] (0.00ns)   --->   "%empty = speclooptripcount i32 @_ssdm_op_SpecLoopTripCount, i64 589824, i64 589824, i64 589824"   --->   Operation 34 'speclooptripcount' 'empty' <Predicate = true> <Delay = 0.00>
ST_1 : Operation 35 [1/1] (2.19ns)   --->   "%i_2 = add i20 %i_1, i20 1" [/home/miguel_tfg/FINN-v0.9-Stable/deps/finn-hlslib/mvau.hpp:249]   --->   Operation 35 'add' 'i_2' <Predicate = true> <Delay = 2.19> <CoreInst = "Adder">   --->   Core 1 'Adder' <Latency = 0> <II = 1> <Delay = 2.19> <FuncUnit> <Opcode : 'add' 'sub'> <InPorts = 2> <OutPorts = 1>
ST_1 : Operation 36 [1/1] (0.00ns)   --->   "%br_ln249 = br i1 %icmp_ln249, void %for.body.split, void %for.end92" [/home/miguel_tfg/FINN-v0.9-Stable/deps/finn-hlslib/mvau.hpp:249]   --->   Operation 36 'br' 'br_ln249' <Predicate = true> <Delay = 0.00>
ST_1 : Operation 37 [1/1] (0.00ns)   --->   "%specpipeline_ln250 = specpipeline void @_ssdm_op_SpecPipeline, i32 1, i32 2, i32 0, i32 0, void @empty_2" [/home/miguel_tfg/FINN-v0.9-Stable/deps/finn-hlslib/mvau.hpp:250]   --->   Operation 37 'specpipeline' 'specpipeline_ln250' <Predicate = (!icmp_ln249)> <Delay = 0.00>
ST_1 : Operation 38 [1/1] (0.00ns)   --->   "%specloopname_ln231 = specloopname void @_ssdm_op_SpecLoopName, void @empty_5" [/home/miguel_tfg/FINN-v0.9-Stable/deps/finn-hlslib/mvau.hpp:231]   --->   Operation 38 'specloopname' 'specloopname_ln231' <Predicate = (!icmp_ln249)> <Delay = 0.00>
ST_1 : Operation 39 [1/1] (2.47ns)   --->   "%icmp_ln253 = icmp_eq  i32 %nf_2, i32 0" [/home/miguel_tfg/FINN-v0.9-Stable/deps/finn-hlslib/mvau.hpp:253]   --->   Operation 39 'icmp' 'icmp_ln253' <Predicate = (!icmp_ln249)> <Delay = 2.47> <CoreInst = "Cmp">   --->   Core 9 'Cmp' <Latency = 0> <II = 1> <Delay = 2.47> <FuncUnit> <Opcode : 'icmp'> <InPorts = 2> <OutPorts = 1>
ST_1 : Operation 40 [1/1] (0.00ns)   --->   "%br_ln253 = br i1 %icmp_ln253, void %if.else, void %if.then" [/home/miguel_tfg/FINN-v0.9-Stable/deps/finn-hlslib/mvau.hpp:253]   --->   Operation 40 'br' 'br_ln253' <Predicate = (!icmp_ln249)> <Delay = 0.00>
ST_1 : Operation 41 [1/1] (0.00ns)   --->   "%inputBuf_V_load = load i8 %inputBuf_V" [/home/miguel_tfg/FINN-v0.9-Stable/deps/finn-hlslib/mvau.hpp:261]   --->   Operation 41 'load' 'inputBuf_V_load' <Predicate = (!icmp_ln249 & !icmp_ln253)> <Delay = 0.00>
ST_1 : Operation 42 [1/1] (0.00ns)   --->   "%inputBuf_V_1_load = load i8 %inputBuf_V_1" [/home/miguel_tfg/FINN-v0.9-Stable/deps/finn-hlslib/mvau.hpp:261]   --->   Operation 42 'load' 'inputBuf_V_1_load' <Predicate = (!icmp_ln249 & !icmp_ln253)> <Delay = 0.00>
ST_1 : Operation 43 [1/1] (0.00ns)   --->   "%inputBuf_V_2_load = load i8 %inputBuf_V_2" [/home/miguel_tfg/FINN-v0.9-Stable/deps/finn-hlslib/mvau.hpp:261]   --->   Operation 43 'load' 'inputBuf_V_2_load' <Predicate = (!icmp_ln249 & !icmp_ln253)> <Delay = 0.00>
ST_1 : Operation 44 [1/1] (0.00ns)   --->   "%inputBuf_V_3_load = load i8 %inputBuf_V_3" [/home/miguel_tfg/FINN-v0.9-Stable/deps/finn-hlslib/mvau.hpp:261]   --->   Operation 44 'load' 'inputBuf_V_3_load' <Predicate = (!icmp_ln249 & !icmp_ln253)> <Delay = 0.00>
ST_1 : Operation 45 [1/1] (0.00ns)   --->   "%inputBuf_V_4_load = load i8 %inputBuf_V_4" [/home/miguel_tfg/FINN-v0.9-Stable/deps/finn-hlslib/mvau.hpp:261]   --->   Operation 45 'load' 'inputBuf_V_4_load' <Predicate = (!icmp_ln249 & !icmp_ln253)> <Delay = 0.00>
ST_1 : Operation 46 [1/1] (0.00ns)   --->   "%inputBuf_V_5_load = load i8 %inputBuf_V_5" [/home/miguel_tfg/FINN-v0.9-Stable/deps/finn-hlslib/mvau.hpp:261]   --->   Operation 46 'load' 'inputBuf_V_5_load' <Predicate = (!icmp_ln249 & !icmp_ln253)> <Delay = 0.00>
ST_1 : Operation 47 [1/1] (0.00ns)   --->   "%inputBuf_V_6_load = load i8 %inputBuf_V_6" [/home/miguel_tfg/FINN-v0.9-Stable/deps/finn-hlslib/mvau.hpp:261]   --->   Operation 47 'load' 'inputBuf_V_6_load' <Predicate = (!icmp_ln249 & !icmp_ln253)> <Delay = 0.00>
ST_1 : Operation 48 [1/1] (0.00ns)   --->   "%inputBuf_V_7_load = load i8 %inputBuf_V_7" [/home/miguel_tfg/FINN-v0.9-Stable/deps/finn-hlslib/mvau.hpp:261]   --->   Operation 48 'load' 'inputBuf_V_7_load' <Predicate = (!icmp_ln249 & !icmp_ln253)> <Delay = 0.00>
ST_1 : Operation 49 [1/1] (0.00ns)   --->   "%inputBuf_V_8_load = load i8 %inputBuf_V_8" [/home/miguel_tfg/FINN-v0.9-Stable/deps/finn-hlslib/mvau.hpp:261]   --->   Operation 49 'load' 'inputBuf_V_8_load' <Predicate = (!icmp_ln249 & !icmp_ln253)> <Delay = 0.00>
ST_1 : Operation 50 [1/1] (0.00ns)   --->   "%trunc_ln261 = trunc i32 %sf_1" [/home/miguel_tfg/FINN-v0.9-Stable/deps/finn-hlslib/mvau.hpp:261]   --->   Operation 50 'trunc' 'trunc_ln261' <Predicate = (!icmp_ln249 & !icmp_ln253)> <Delay = 0.00>
ST_1 : Operation 51 [1/1] (2.42ns)   --->   "%tmp = mux i8 @_ssdm_op_Mux.ap_auto.9i8.i4, i8 %inputBuf_V_load, i8 %inputBuf_V_1_load, i8 %inputBuf_V_2_load, i8 %inputBuf_V_3_load, i8 %inputBuf_V_4_load, i8 %inputBuf_V_5_load, i8 %inputBuf_V_6_load, i8 %inputBuf_V_7_load, i8 %inputBuf_V_8_load, i4 %trunc_ln261" [/home/miguel_tfg/FINN-v0.9-Stable/deps/finn-hlslib/mvau.hpp:261]   --->   Operation 51 'mux' 'tmp' <Predicate = (!icmp_ln249 & !icmp_ln253)> <Delay = 2.42> <CoreInst = "Multiplexer">   --->   Core 76 'Multiplexer' <Latency = 0> <II = 1> <Delay = 2.42> <FuncUnit> <Opcode : 'mux'> <InPorts = 2> <OutPorts = 1>
ST_1 : Operation 52 [1/1] (1.58ns)   --->   "%br_ln0 = br void %fpga_resource_hint.for.inc.0"   --->   Operation 52 'br' 'br_ln0' <Predicate = (!icmp_ln249 & !icmp_ln253)> <Delay = 1.58>
ST_1 : Operation 53 [1/1] (0.00ns)   --->   "%inElem = read i8 @_ssdm_op_Read.axis.volatile.i8P128A, i8 %in0_V" [/home/miguel_tfg/FINN-v0.9-Stable/deps/finn-hlslib/mvau.hpp:255]   --->   Operation 53 'read' 'inElem' <Predicate = (!icmp_ln249 & icmp_ln253)> <Delay = 0.00> <CoreInst = "axis">   --->   Core 115 'axis' <Latency = 0> <II = 1> <Delay = 1.00> <Adapter> <Opcode : >
ST_1 : Operation 54 [1/1] (0.00ns)   --->   "%trunc_ln257 = trunc i32 %sf_1" [/home/miguel_tfg/FINN-v0.9-Stable/deps/finn-hlslib/mvau.hpp:257]   --->   Operation 54 'trunc' 'trunc_ln257' <Predicate = (!icmp_ln249 & icmp_ln253)> <Delay = 0.00>
ST_1 : Operation 55 [1/1] (0.95ns)   --->   "%switch_ln257 = switch i4 %trunc_ln257, void %arrayidx.case.8, i4 0, void %arrayidx.case.0, i4 1, void %arrayidx.case.1, i4 2, void %arrayidx.case.2, i4 3, void %arrayidx.case.3, i4 4, void %arrayidx.case.4, i4 5, void %arrayidx.case.5, i4 6, void %arrayidx.case.6, i4 7, void %if.then.fpga_resource_hint.for.inc.0_crit_edge" [/home/miguel_tfg/FINN-v0.9-Stable/deps/finn-hlslib/mvau.hpp:257]   --->   Operation 55 'switch' 'switch_ln257' <Predicate = (!icmp_ln249 & icmp_ln253)> <Delay = 0.95>
ST_1 : Operation 56 [1/1] (0.00ns)   --->   "%store_ln257 = store i8 %inElem, i8 %inputBuf_V_7" [/home/miguel_tfg/FINN-v0.9-Stable/deps/finn-hlslib/mvau.hpp:257]   --->   Operation 56 'store' 'store_ln257' <Predicate = (!icmp_ln249 & icmp_ln253 & trunc_ln257 == 7)> <Delay = 0.00>
ST_1 : Operation 57 [1/1] (1.58ns)   --->   "%br_ln257 = br void %fpga_resource_hint.for.inc.0" [/home/miguel_tfg/FINN-v0.9-Stable/deps/finn-hlslib/mvau.hpp:257]   --->   Operation 57 'br' 'br_ln257' <Predicate = (!icmp_ln249 & icmp_ln253 & trunc_ln257 == 7)> <Delay = 1.58>
ST_1 : Operation 58 [1/1] (0.00ns)   --->   "%store_ln257 = store i8 %inElem, i8 %inputBuf_V_6" [/home/miguel_tfg/FINN-v0.9-Stable/deps/finn-hlslib/mvau.hpp:257]   --->   Operation 58 'store' 'store_ln257' <Predicate = (!icmp_ln249 & icmp_ln253 & trunc_ln257 == 6)> <Delay = 0.00>
ST_1 : Operation 59 [1/1] (1.58ns)   --->   "%br_ln257 = br void %fpga_resource_hint.for.inc.0" [/home/miguel_tfg/FINN-v0.9-Stable/deps/finn-hlslib/mvau.hpp:257]   --->   Operation 59 'br' 'br_ln257' <Predicate = (!icmp_ln249 & icmp_ln253 & trunc_ln257 == 6)> <Delay = 1.58>
ST_1 : Operation 60 [1/1] (0.00ns)   --->   "%store_ln257 = store i8 %inElem, i8 %inputBuf_V_5" [/home/miguel_tfg/FINN-v0.9-Stable/deps/finn-hlslib/mvau.hpp:257]   --->   Operation 60 'store' 'store_ln257' <Predicate = (!icmp_ln249 & icmp_ln253 & trunc_ln257 == 5)> <Delay = 0.00>
ST_1 : Operation 61 [1/1] (1.58ns)   --->   "%br_ln257 = br void %fpga_resource_hint.for.inc.0" [/home/miguel_tfg/FINN-v0.9-Stable/deps/finn-hlslib/mvau.hpp:257]   --->   Operation 61 'br' 'br_ln257' <Predicate = (!icmp_ln249 & icmp_ln253 & trunc_ln257 == 5)> <Delay = 1.58>
ST_1 : Operation 62 [1/1] (0.00ns)   --->   "%store_ln257 = store i8 %inElem, i8 %inputBuf_V_4" [/home/miguel_tfg/FINN-v0.9-Stable/deps/finn-hlslib/mvau.hpp:257]   --->   Operation 62 'store' 'store_ln257' <Predicate = (!icmp_ln249 & icmp_ln253 & trunc_ln257 == 4)> <Delay = 0.00>
ST_1 : Operation 63 [1/1] (1.58ns)   --->   "%br_ln257 = br void %fpga_resource_hint.for.inc.0" [/home/miguel_tfg/FINN-v0.9-Stable/deps/finn-hlslib/mvau.hpp:257]   --->   Operation 63 'br' 'br_ln257' <Predicate = (!icmp_ln249 & icmp_ln253 & trunc_ln257 == 4)> <Delay = 1.58>
ST_1 : Operation 64 [1/1] (0.00ns)   --->   "%store_ln257 = store i8 %inElem, i8 %inputBuf_V_3" [/home/miguel_tfg/FINN-v0.9-Stable/deps/finn-hlslib/mvau.hpp:257]   --->   Operation 64 'store' 'store_ln257' <Predicate = (!icmp_ln249 & icmp_ln253 & trunc_ln257 == 3)> <Delay = 0.00>
ST_1 : Operation 65 [1/1] (1.58ns)   --->   "%br_ln257 = br void %fpga_resource_hint.for.inc.0" [/home/miguel_tfg/FINN-v0.9-Stable/deps/finn-hlslib/mvau.hpp:257]   --->   Operation 65 'br' 'br_ln257' <Predicate = (!icmp_ln249 & icmp_ln253 & trunc_ln257 == 3)> <Delay = 1.58>
ST_1 : Operation 66 [1/1] (0.00ns)   --->   "%store_ln257 = store i8 %inElem, i8 %inputBuf_V_2" [/home/miguel_tfg/FINN-v0.9-Stable/deps/finn-hlslib/mvau.hpp:257]   --->   Operation 66 'store' 'store_ln257' <Predicate = (!icmp_ln249 & icmp_ln253 & trunc_ln257 == 2)> <Delay = 0.00>
ST_1 : Operation 67 [1/1] (1.58ns)   --->   "%br_ln257 = br void %fpga_resource_hint.for.inc.0" [/home/miguel_tfg/FINN-v0.9-Stable/deps/finn-hlslib/mvau.hpp:257]   --->   Operation 67 'br' 'br_ln257' <Predicate = (!icmp_ln249 & icmp_ln253 & trunc_ln257 == 2)> <Delay = 1.58>
ST_1 : Operation 68 [1/1] (0.00ns)   --->   "%store_ln257 = store i8 %inElem, i8 %inputBuf_V_1" [/home/miguel_tfg/FINN-v0.9-Stable/deps/finn-hlslib/mvau.hpp:257]   --->   Operation 68 'store' 'store_ln257' <Predicate = (!icmp_ln249 & icmp_ln253 & trunc_ln257 == 1)> <Delay = 0.00>
ST_1 : Operation 69 [1/1] (1.58ns)   --->   "%br_ln257 = br void %fpga_resource_hint.for.inc.0" [/home/miguel_tfg/FINN-v0.9-Stable/deps/finn-hlslib/mvau.hpp:257]   --->   Operation 69 'br' 'br_ln257' <Predicate = (!icmp_ln249 & icmp_ln253 & trunc_ln257 == 1)> <Delay = 1.58>
ST_1 : Operation 70 [1/1] (0.00ns)   --->   "%store_ln257 = store i8 %inElem, i8 %inputBuf_V" [/home/miguel_tfg/FINN-v0.9-Stable/deps/finn-hlslib/mvau.hpp:257]   --->   Operation 70 'store' 'store_ln257' <Predicate = (!icmp_ln249 & icmp_ln253 & trunc_ln257 == 0)> <Delay = 0.00>
ST_1 : Operation 71 [1/1] (1.58ns)   --->   "%br_ln257 = br void %fpga_resource_hint.for.inc.0" [/home/miguel_tfg/FINN-v0.9-Stable/deps/finn-hlslib/mvau.hpp:257]   --->   Operation 71 'br' 'br_ln257' <Predicate = (!icmp_ln249 & icmp_ln253 & trunc_ln257 == 0)> <Delay = 1.58>
ST_1 : Operation 72 [1/1] (0.00ns)   --->   "%store_ln257 = store i8 %inElem, i8 %inputBuf_V_8" [/home/miguel_tfg/FINN-v0.9-Stable/deps/finn-hlslib/mvau.hpp:257]   --->   Operation 72 'store' 'store_ln257' <Predicate = (!icmp_ln249 & icmp_ln253 & trunc_ln257 != 0 & trunc_ln257 != 1 & trunc_ln257 != 2 & trunc_ln257 != 3 & trunc_ln257 != 4 & trunc_ln257 != 5 & trunc_ln257 != 6 & trunc_ln257 != 7)> <Delay = 0.00>
ST_1 : Operation 73 [1/1] (1.58ns)   --->   "%br_ln257 = br void %fpga_resource_hint.for.inc.0" [/home/miguel_tfg/FINN-v0.9-Stable/deps/finn-hlslib/mvau.hpp:257]   --->   Operation 73 'br' 'br_ln257' <Predicate = (!icmp_ln249 & icmp_ln253 & trunc_ln257 != 0 & trunc_ln257 != 1 & trunc_ln257 != 2 & trunc_ln257 != 3 & trunc_ln257 != 4 & trunc_ln257 != 5 & trunc_ln257 != 6 & trunc_ln257 != 7)> <Delay = 1.58>
ST_1 : Operation 74 [1/1] (0.00ns)   --->   "%weights_V_read = read i8 @_ssdm_op_Read.axis.volatile.i8P128A, i8 %weights_V" [/home/miguel_tfg/FINN-v0.9-Stable/deps/finn-hlslib/mvau.hpp:265]   --->   Operation 74 'read' 'weights_V_read' <Predicate = (!icmp_ln249)> <Delay = 0.00> <CoreInst = "axis">   --->   Core 115 'axis' <Latency = 0> <II = 1> <Delay = 1.00> <Adapter> <Opcode : >
ST_1 : Operation 75 [1/1] (0.00ns)   --->   "%W_packed_V = trunc i8 %weights_V_read" [/home/miguel_tfg/FINN-v0.9-Stable/deps/finn-hlslib/mvau.hpp:265]   --->   Operation 75 'trunc' 'W_packed_V' <Predicate = (!icmp_ln249)> <Delay = 0.00>
ST_1 : Operation 76 [1/1] (2.47ns)   --->   "%icmp_ln272 = icmp_eq  i32 %sf_1, i32 0" [/home/miguel_tfg/FINN-v0.9-Stable/deps/finn-hlslib/mvau.hpp:272]   --->   Operation 76 'icmp' 'icmp_ln272' <Predicate = (!icmp_ln249)> <Delay = 2.47> <CoreInst = "Cmp">   --->   Core 9 'Cmp' <Latency = 0> <II = 1> <Delay = 2.47> <FuncUnit> <Opcode : 'icmp'> <InPorts = 2> <OutPorts = 1>
ST_1 : Operation 77 [1/1] (2.55ns)   --->   "%sf_2 = add i32 %sf_1, i32 1" [/home/miguel_tfg/FINN-v0.9-Stable/deps/finn-hlslib/mvau.hpp:290]   --->   Operation 77 'add' 'sf_2' <Predicate = (!icmp_ln249)> <Delay = 2.55> <CoreInst = "Adder">   --->   Core 1 'Adder' <Latency = 0> <II = 1> <Delay = 2.55> <FuncUnit> <Opcode : 'add' 'sub'> <InPorts = 2> <OutPorts = 1>
ST_1 : Operation 78 [1/1] (2.47ns)   --->   "%icmp_ln290 = icmp_eq  i32 %sf_2, i32 9" [/home/miguel_tfg/FINN-v0.9-Stable/deps/finn-hlslib/mvau.hpp:290]   --->   Operation 78 'icmp' 'icmp_ln290' <Predicate = (!icmp_ln249)> <Delay = 2.47> <CoreInst = "Cmp">   --->   Core 9 'Cmp' <Latency = 0> <II = 1> <Delay = 2.47> <FuncUnit> <Opcode : 'icmp'> <InPorts = 2> <OutPorts = 1>
ST_1 : Operation 79 [1/1] (0.00ns)   --->   "%br_ln290 = br i1 %icmp_ln290, void %fpga_resource_hint.for.inc.0.for.inc90_crit_edge, void %for.body.i" [/home/miguel_tfg/FINN-v0.9-Stable/deps/finn-hlslib/mvau.hpp:290]   --->   Operation 79 'br' 'br_ln290' <Predicate = (!icmp_ln249)> <Delay = 0.00>
ST_1 : Operation 80 [1/1] (1.58ns)   --->   "%store_ln290 = store i32 %sf_2, i32 %sf" [/home/miguel_tfg/FINN-v0.9-Stable/deps/finn-hlslib/mvau.hpp:290]   --->   Operation 80 'store' 'store_ln290' <Predicate = (!icmp_ln249 & !icmp_ln290)> <Delay = 1.58>
ST_1 : Operation 81 [1/1] (0.00ns)   --->   "%br_ln290 = br void %for.inc90" [/home/miguel_tfg/FINN-v0.9-Stable/deps/finn-hlslib/mvau.hpp:290]   --->   Operation 81 'br' 'br_ln290' <Predicate = (!icmp_ln249 & !icmp_ln290)> <Delay = 0.00>
ST_1 : Operation 82 [1/1] (2.55ns)   --->   "%nf = add i32 %nf_2, i32 1" [/home/miguel_tfg/FINN-v0.9-Stable/deps/finn-hlslib/mvau.hpp:302]   --->   Operation 82 'add' 'nf' <Predicate = (!icmp_ln249 & icmp_ln290)> <Delay = 2.55> <CoreInst = "Adder">   --->   Core 1 'Adder' <Latency = 0> <II = 1> <Delay = 2.55> <FuncUnit> <Opcode : 'add' 'sub'> <InPorts = 2> <OutPorts = 1>
ST_1 : Operation 83 [1/1] (2.47ns)   --->   "%icmp_ln302 = icmp_eq  i32 %nf, i32 16" [/home/miguel_tfg/FINN-v0.9-Stable/deps/finn-hlslib/mvau.hpp:302]   --->   Operation 83 'icmp' 'icmp_ln302' <Predicate = (!icmp_ln249 & icmp_ln290)> <Delay = 2.47> <CoreInst = "Cmp">   --->   Core 9 'Cmp' <Latency = 0> <II = 1> <Delay = 2.47> <FuncUnit> <Opcode : 'icmp'> <InPorts = 2> <OutPorts = 1>
ST_1 : Operation 84 [1/1] (0.69ns)   --->   "%nf_3 = select i1 %icmp_ln302, i32 0, i32 %nf" [/home/miguel_tfg/FINN-v0.9-Stable/deps/finn-hlslib/mvau.hpp:302]   --->   Operation 84 'select' 'nf_3' <Predicate = (!icmp_ln249 & icmp_ln290)> <Delay = 0.69> <CoreInst = "Sel">   --->   Core 73 'Sel' <Latency = 0> <II = 1> <Delay = 0.69> <FuncUnit> <Opcode : 'select'> <InPorts = 3> <OutPorts = 1>
ST_1 : Operation 85 [1/1] (1.58ns)   --->   "%store_ln306 = store i32 %nf_3, i32 %nf_1" [/home/miguel_tfg/FINN-v0.9-Stable/deps/finn-hlslib/mvau.hpp:306]   --->   Operation 85 'store' 'store_ln306' <Predicate = (!icmp_ln249 & icmp_ln290)> <Delay = 1.58>
ST_1 : Operation 86 [1/1] (1.58ns)   --->   "%store_ln306 = store i32 0, i32 %sf" [/home/miguel_tfg/FINN-v0.9-Stable/deps/finn-hlslib/mvau.hpp:306]   --->   Operation 86 'store' 'store_ln306' <Predicate = (!icmp_ln249 & icmp_ln290)> <Delay = 1.58>
ST_1 : Operation 87 [1/1] (1.58ns)   --->   "%store_ln249 = store i20 %i_2, i20 %i" [/home/miguel_tfg/FINN-v0.9-Stable/deps/finn-hlslib/mvau.hpp:249]   --->   Operation 87 'store' 'store_ln249' <Predicate = (!icmp_ln249)> <Delay = 1.58>

State 2 <SV = 1> <Delay = 1.05>
ST_2 : Operation 88 [1/1] (0.00ns)   --->   "%inElem_1 = phi i8 %tmp, void %if.else, i8 %inElem, void %arrayidx.case.6, i8 %inElem, void %arrayidx.case.5, i8 %inElem, void %arrayidx.case.4, i8 %inElem, void %arrayidx.case.3, i8 %inElem, void %arrayidx.case.2, i8 %inElem, void %arrayidx.case.1, i8 %inElem, void %arrayidx.case.0, i8 %inElem, void %if.then.fpga_resource_hint.for.inc.0_crit_edge, i8 %inElem, void %arrayidx.case.8"   --->   Operation 88 'phi' 'inElem_1' <Predicate = (!icmp_ln249)> <Delay = 0.00>
ST_2 : Operation 89 [1/1] (0.00ns)   --->   "%sext_ln1494 = sext i4 %W_packed_V"   --->   Operation 89 'sext' 'sext_ln1494' <Predicate = (!icmp_ln249)> <Delay = 0.00>
ST_2 : Operation 90 [1/1] (0.00ns)   --->   "%sext_ln1494_1 = sext i8 %inElem_1"   --->   Operation 90 'sext' 'sext_ln1494_1' <Predicate = (!icmp_ln249)> <Delay = 0.00>
ST_2 : Operation 91 [3/3] (1.05ns) (grouped into DSP with root node add_ln840)   --->   "%ret_V = mul i12 %sext_ln1494_1, i12 %sext_ln1494"   --->   Operation 91 'mul' 'ret_V' <Predicate = (!icmp_ln249)> <Delay = 1.05> <CoreInst = "DSP48">   --->   Core 119 'DSP48' <Latency = 3> <II = 1> <Delay = 2.15> <IPBlock> <Opcode : 'mul' 'add' 'sub' 'select'> <InPorts = 0> <OutPorts = 1> <Sync> <CReg>

State 3 <SV = 2> <Delay = 1.05>
ST_3 : Operation 92 [2/3] (1.05ns) (grouped into DSP with root node add_ln840)   --->   "%ret_V = mul i12 %sext_ln1494_1, i12 %sext_ln1494"   --->   Operation 92 'mul' 'ret_V' <Predicate = (!icmp_ln249)> <Delay = 1.05> <CoreInst = "DSP48">   --->   Core 119 'DSP48' <Latency = 3> <II = 1> <Delay = 2.15> <IPBlock> <Opcode : 'mul' 'add' 'sub' 'select'> <InPorts = 0> <OutPorts = 1> <Sync> <CReg>

State 4 <SV = 3> <Delay = 2.80>
ST_4 : Operation 93 [1/1] (0.00ns)   --->   "%add_i4_i338_load = load i14 %add_i4_i338" [/home/miguel_tfg/FINN-v0.9-Stable/deps/finn-hlslib/mvau.hpp:272]   --->   Operation 93 'load' 'add_i4_i338_load' <Predicate = (!icmp_ln249 & !icmp_ln272)> <Delay = 0.00>
ST_4 : Operation 94 [1/1] (0.70ns)   --->   "%select_ln272 = select i1 %icmp_ln272, i14 0, i14 %add_i4_i338_load" [/home/miguel_tfg/FINN-v0.9-Stable/deps/finn-hlslib/mvau.hpp:272]   --->   Operation 94 'select' 'select_ln272' <Predicate = (!icmp_ln249)> <Delay = 0.70> <CoreInst = "Sel">   --->   Core 73 'Sel' <Latency = 0> <II = 1> <Delay = 0.70> <FuncUnit> <Opcode : 'select'> <InPorts = 3> <OutPorts = 1>
ST_4 : Operation 95 [1/3] (0.00ns) (grouped into DSP with root node add_ln840)   --->   "%ret_V = mul i12 %sext_ln1494_1, i12 %sext_ln1494"   --->   Operation 95 'mul' 'ret_V' <Predicate = (!icmp_ln249)> <Delay = 0.00> <CoreInst = "DSP48">   --->   Core 119 'DSP48' <Latency = 3> <II = 1> <Delay = 2.15> <IPBlock> <Opcode : 'mul' 'add' 'sub' 'select'> <InPorts = 0> <OutPorts = 1> <Sync> <CReg>
ST_4 : Operation 96 [1/1] (0.00ns)   --->   "%specfucore_ln142 = specfucore void @_ssdm_op_SpecFUCore, i12 %ret_V, i64 12, i64 3, i64 18446744073709551615" [/home/miguel_tfg/FINN-v0.9-Stable/deps/finn-hlslib/mac.hpp:142]   --->   Operation 96 'specfucore' 'specfucore_ln142' <Predicate = (!icmp_ln249)> <Delay = 0.00>
ST_4 : Operation 97 [1/1] (0.00ns) (grouped into DSP with root node add_ln840)   --->   "%sext_ln840 = sext i12 %ret_V"   --->   Operation 97 'sext' 'sext_ln840' <Predicate = (!icmp_ln249)> <Delay = 0.00>
ST_4 : Operation 98 [2/2] (2.10ns) (root node of the DSP)   --->   "%add_ln840 = add i14 %select_ln272, i14 %sext_ln840"   --->   Operation 98 'add' 'add_ln840' <Predicate = (!icmp_ln249)> <Delay = 2.10> <CoreInst = "DSP48">   --->   Core 119 'DSP48' <Latency = 3> <II = 1> <Delay = 2.15> <IPBlock> <Opcode : 'mul' 'add' 'sub' 'select'> <InPorts = 0> <OutPorts = 1> <Sync> <CReg>
ST_4 : Operation 99 [1/1] (0.00ns)   --->   "%idxprom2_i = zext i32 %nf_2" [/home/miguel_tfg/FINN-v0.9-Stable/deps/finn-hlslib/mvau.hpp:302]   --->   Operation 99 'zext' 'idxprom2_i' <Predicate = (!icmp_ln249 & icmp_ln290)> <Delay = 0.00>
ST_4 : Operation 100 [1/1] (0.00ns)   --->   "%p_ZL7threshs_0_addr = getelementptr i6 %p_ZL7threshs_0, i64 0, i64 %idxprom2_i" [/home/miguel_tfg/FINN-v0.9-Stable/deps/finn-hlslib/activations.hpp:218]   --->   Operation 100 'getelementptr' 'p_ZL7threshs_0_addr' <Predicate = (!icmp_ln249 & icmp_ln290)> <Delay = 0.00>
ST_4 : Operation 101 [2/2] (2.32ns)   --->   "%p_ZL7threshs_0_load = load i4 %p_ZL7threshs_0_addr"   --->   Operation 101 'load' 'p_ZL7threshs_0_load' <Predicate = (!icmp_ln249 & icmp_ln290)> <Delay = 2.32> <CoreInst = "ROM">   --->   Core 95 'ROM' <Latency = 1> <II = 1> <Delay = 2.32> <Storage> <Opcode : 'load'> <Ports = 0> <Width = 6> <Depth = 16> <ROM>
ST_4 : Operation 102 [1/1] (0.00ns)   --->   "%p_ZL7threshs_1_addr = getelementptr i6 %p_ZL7threshs_1, i64 0, i64 %idxprom2_i" [/home/miguel_tfg/FINN-v0.9-Stable/deps/finn-hlslib/activations.hpp:218]   --->   Operation 102 'getelementptr' 'p_ZL7threshs_1_addr' <Predicate = (!icmp_ln249 & icmp_ln290)> <Delay = 0.00>
ST_4 : Operation 103 [2/2] (2.32ns)   --->   "%p_ZL7threshs_1_load = load i4 %p_ZL7threshs_1_addr"   --->   Operation 103 'load' 'p_ZL7threshs_1_load' <Predicate = (!icmp_ln249 & icmp_ln290)> <Delay = 2.32> <CoreInst = "ROM">   --->   Core 95 'ROM' <Latency = 1> <II = 1> <Delay = 2.32> <Storage> <Opcode : 'load'> <Ports = 0> <Width = 6> <Depth = 16> <ROM>
ST_4 : Operation 104 [1/1] (0.00ns)   --->   "%p_ZL7threshs_2_addr = getelementptr i8 %p_ZL7threshs_2, i64 0, i64 %idxprom2_i" [/home/miguel_tfg/FINN-v0.9-Stable/deps/finn-hlslib/activations.hpp:218]   --->   Operation 104 'getelementptr' 'p_ZL7threshs_2_addr' <Predicate = (!icmp_ln249 & icmp_ln290)> <Delay = 0.00>
ST_4 : Operation 105 [2/2] (2.32ns)   --->   "%p_ZL7threshs_2_load = load i4 %p_ZL7threshs_2_addr"   --->   Operation 105 'load' 'p_ZL7threshs_2_load' <Predicate = (!icmp_ln249 & icmp_ln290)> <Delay = 2.32> <CoreInst = "ROM">   --->   Core 95 'ROM' <Latency = 1> <II = 1> <Delay = 2.32> <Storage> <Opcode : 'load'> <Ports = 0> <Width = 8> <Depth = 16> <ROM>
ST_4 : Operation 106 [1/1] (0.00ns)   --->   "%p_ZL7threshs_3_addr = getelementptr i5 %p_ZL7threshs_3, i64 0, i64 %idxprom2_i" [/home/miguel_tfg/FINN-v0.9-Stable/deps/finn-hlslib/activations.hpp:218]   --->   Operation 106 'getelementptr' 'p_ZL7threshs_3_addr' <Predicate = (!icmp_ln249 & icmp_ln290)> <Delay = 0.00>
ST_4 : Operation 107 [2/2] (2.32ns)   --->   "%p_ZL7threshs_3_load = load i4 %p_ZL7threshs_3_addr"   --->   Operation 107 'load' 'p_ZL7threshs_3_load' <Predicate = (!icmp_ln249 & icmp_ln290)> <Delay = 2.32> <CoreInst = "ROM">   --->   Core 95 'ROM' <Latency = 1> <II = 1> <Delay = 2.32> <Storage> <Opcode : 'load'> <Ports = 0> <Width = 5> <Depth = 16> <ROM>
ST_4 : Operation 108 [1/1] (0.00ns)   --->   "%p_ZL7threshs_4_addr = getelementptr i9 %p_ZL7threshs_4, i64 0, i64 %idxprom2_i" [/home/miguel_tfg/FINN-v0.9-Stable/deps/finn-hlslib/activations.hpp:218]   --->   Operation 108 'getelementptr' 'p_ZL7threshs_4_addr' <Predicate = (!icmp_ln249 & icmp_ln290)> <Delay = 0.00>
ST_4 : Operation 109 [2/2] (2.32ns)   --->   "%p_ZL7threshs_4_load = load i4 %p_ZL7threshs_4_addr"   --->   Operation 109 'load' 'p_ZL7threshs_4_load' <Predicate = (!icmp_ln249 & icmp_ln290)> <Delay = 2.32> <CoreInst = "ROM">   --->   Core 95 'ROM' <Latency = 1> <II = 1> <Delay = 2.32> <Storage> <Opcode : 'load'> <Ports = 0> <Width = 9> <Depth = 16> <ROM>
ST_4 : Operation 110 [1/1] (0.00ns)   --->   "%p_ZL7threshs_5_addr = getelementptr i9 %p_ZL7threshs_5, i64 0, i64 %idxprom2_i" [/home/miguel_tfg/FINN-v0.9-Stable/deps/finn-hlslib/activations.hpp:218]   --->   Operation 110 'getelementptr' 'p_ZL7threshs_5_addr' <Predicate = (!icmp_ln249 & icmp_ln290)> <Delay = 0.00>
ST_4 : Operation 111 [2/2] (2.32ns)   --->   "%p_ZL7threshs_5_load = load i4 %p_ZL7threshs_5_addr"   --->   Operation 111 'load' 'p_ZL7threshs_5_load' <Predicate = (!icmp_ln249 & icmp_ln290)> <Delay = 2.32> <CoreInst = "ROM">   --->   Core 95 'ROM' <Latency = 1> <II = 1> <Delay = 2.32> <Storage> <Opcode : 'load'> <Ports = 0> <Width = 9> <Depth = 16> <ROM>
ST_4 : Operation 112 [1/1] (0.00ns)   --->   "%p_ZL7threshs_6_addr = getelementptr i8 %p_ZL7threshs_6, i64 0, i64 %idxprom2_i" [/home/miguel_tfg/FINN-v0.9-Stable/deps/finn-hlslib/activations.hpp:218]   --->   Operation 112 'getelementptr' 'p_ZL7threshs_6_addr' <Predicate = (!icmp_ln249 & icmp_ln290)> <Delay = 0.00>
ST_4 : Operation 113 [2/2] (2.32ns)   --->   "%p_ZL7threshs_6_load = load i4 %p_ZL7threshs_6_addr"   --->   Operation 113 'load' 'p_ZL7threshs_6_load' <Predicate = (!icmp_ln249 & icmp_ln290)> <Delay = 2.32> <CoreInst = "ROM">   --->   Core 95 'ROM' <Latency = 1> <II = 1> <Delay = 2.32> <Storage> <Opcode : 'load'> <Ports = 0> <Width = 8> <Depth = 16> <ROM>
ST_4 : Operation 114 [1/1] (0.00ns)   --->   "%p_ZL7threshs_7_addr = getelementptr i10 %p_ZL7threshs_7, i64 0, i64 %idxprom2_i" [/home/miguel_tfg/FINN-v0.9-Stable/deps/finn-hlslib/activations.hpp:218]   --->   Operation 114 'getelementptr' 'p_ZL7threshs_7_addr' <Predicate = (!icmp_ln249 & icmp_ln290)> <Delay = 0.00>
ST_4 : Operation 115 [2/2] (2.32ns)   --->   "%p_ZL7threshs_7_load = load i4 %p_ZL7threshs_7_addr"   --->   Operation 115 'load' 'p_ZL7threshs_7_load' <Predicate = (!icmp_ln249 & icmp_ln290)> <Delay = 2.32> <CoreInst = "ROM">   --->   Core 95 'ROM' <Latency = 1> <II = 1> <Delay = 2.32> <Storage> <Opcode : 'load'> <Ports = 0> <Width = 10> <Depth = 16> <ROM>
ST_4 : Operation 116 [1/1] (0.00ns)   --->   "%p_ZL7threshs_8_addr = getelementptr i10 %p_ZL7threshs_8, i64 0, i64 %idxprom2_i" [/home/miguel_tfg/FINN-v0.9-Stable/deps/finn-hlslib/activations.hpp:218]   --->   Operation 116 'getelementptr' 'p_ZL7threshs_8_addr' <Predicate = (!icmp_ln249 & icmp_ln290)> <Delay = 0.00>
ST_4 : Operation 117 [2/2] (2.32ns)   --->   "%p_ZL7threshs_8_load = load i4 %p_ZL7threshs_8_addr"   --->   Operation 117 'load' 'p_ZL7threshs_8_load' <Predicate = (!icmp_ln249 & icmp_ln290)> <Delay = 2.32> <CoreInst = "ROM">   --->   Core 95 'ROM' <Latency = 1> <II = 1> <Delay = 2.32> <Storage> <Opcode : 'load'> <Ports = 0> <Width = 10> <Depth = 16> <ROM>
ST_4 : Operation 118 [1/1] (0.00ns)   --->   "%p_ZL7threshs_9_addr = getelementptr i10 %p_ZL7threshs_9, i64 0, i64 %idxprom2_i" [/home/miguel_tfg/FINN-v0.9-Stable/deps/finn-hlslib/activations.hpp:218]   --->   Operation 118 'getelementptr' 'p_ZL7threshs_9_addr' <Predicate = (!icmp_ln249 & icmp_ln290)> <Delay = 0.00>
ST_4 : Operation 119 [2/2] (2.32ns)   --->   "%p_ZL7threshs_9_load = load i4 %p_ZL7threshs_9_addr"   --->   Operation 119 'load' 'p_ZL7threshs_9_load' <Predicate = (!icmp_ln249 & icmp_ln290)> <Delay = 2.32> <CoreInst = "ROM">   --->   Core 95 'ROM' <Latency = 1> <II = 1> <Delay = 2.32> <Storage> <Opcode : 'load'> <Ports = 0> <Width = 10> <Depth = 16> <ROM>
ST_4 : Operation 120 [1/1] (0.00ns)   --->   "%p_ZL7threshs_10_addr = getelementptr i10 %p_ZL7threshs_10, i64 0, i64 %idxprom2_i" [/home/miguel_tfg/FINN-v0.9-Stable/deps/finn-hlslib/activations.hpp:218]   --->   Operation 120 'getelementptr' 'p_ZL7threshs_10_addr' <Predicate = (!icmp_ln249 & icmp_ln290)> <Delay = 0.00>
ST_4 : Operation 121 [2/2] (2.32ns)   --->   "%p_ZL7threshs_10_load = load i4 %p_ZL7threshs_10_addr"   --->   Operation 121 'load' 'p_ZL7threshs_10_load' <Predicate = (!icmp_ln249 & icmp_ln290)> <Delay = 2.32> <CoreInst = "ROM">   --->   Core 95 'ROM' <Latency = 1> <II = 1> <Delay = 2.32> <Storage> <Opcode : 'load'> <Ports = 0> <Width = 10> <Depth = 16> <ROM>
ST_4 : Operation 122 [1/1] (0.00ns)   --->   "%p_ZL7threshs_11_addr = getelementptr i9 %p_ZL7threshs_11, i64 0, i64 %idxprom2_i" [/home/miguel_tfg/FINN-v0.9-Stable/deps/finn-hlslib/activations.hpp:218]   --->   Operation 122 'getelementptr' 'p_ZL7threshs_11_addr' <Predicate = (!icmp_ln249 & icmp_ln290)> <Delay = 0.00>
ST_4 : Operation 123 [2/2] (2.32ns)   --->   "%p_ZL7threshs_11_load = load i4 %p_ZL7threshs_11_addr"   --->   Operation 123 'load' 'p_ZL7threshs_11_load' <Predicate = (!icmp_ln249 & icmp_ln290)> <Delay = 2.32> <CoreInst = "ROM">   --->   Core 95 'ROM' <Latency = 1> <II = 1> <Delay = 2.32> <Storage> <Opcode : 'load'> <Ports = 0> <Width = 9> <Depth = 16> <ROM>
ST_4 : Operation 124 [1/1] (0.00ns)   --->   "%p_ZL7threshs_12_addr = getelementptr i9 %p_ZL7threshs_12, i64 0, i64 %idxprom2_i" [/home/miguel_tfg/FINN-v0.9-Stable/deps/finn-hlslib/activations.hpp:218]   --->   Operation 124 'getelementptr' 'p_ZL7threshs_12_addr' <Predicate = (!icmp_ln249 & icmp_ln290)> <Delay = 0.00>
ST_4 : Operation 125 [2/2] (2.32ns)   --->   "%p_ZL7threshs_12_load = load i4 %p_ZL7threshs_12_addr"   --->   Operation 125 'load' 'p_ZL7threshs_12_load' <Predicate = (!icmp_ln249 & icmp_ln290)> <Delay = 2.32> <CoreInst = "ROM">   --->   Core 95 'ROM' <Latency = 1> <II = 1> <Delay = 2.32> <Storage> <Opcode : 'load'> <Ports = 0> <Width = 9> <Depth = 16> <ROM>
ST_4 : Operation 126 [1/1] (0.00ns)   --->   "%p_ZL7threshs_13_addr = getelementptr i8 %p_ZL7threshs_13, i64 0, i64 %idxprom2_i" [/home/miguel_tfg/FINN-v0.9-Stable/deps/finn-hlslib/activations.hpp:218]   --->   Operation 126 'getelementptr' 'p_ZL7threshs_13_addr' <Predicate = (!icmp_ln249 & icmp_ln290)> <Delay = 0.00>
ST_4 : Operation 127 [2/2] (2.32ns)   --->   "%p_ZL7threshs_13_load = load i4 %p_ZL7threshs_13_addr"   --->   Operation 127 'load' 'p_ZL7threshs_13_load' <Predicate = (!icmp_ln249 & icmp_ln290)> <Delay = 2.32> <CoreInst = "ROM">   --->   Core 95 'ROM' <Latency = 1> <II = 1> <Delay = 2.32> <Storage> <Opcode : 'load'> <Ports = 0> <Width = 8> <Depth = 16> <ROM>
ST_4 : Operation 128 [1/1] (0.00ns)   --->   "%p_ZL7threshs_14_addr = getelementptr i7 %p_ZL7threshs_14, i64 0, i64 %idxprom2_i" [/home/miguel_tfg/FINN-v0.9-Stable/deps/finn-hlslib/activations.hpp:218]   --->   Operation 128 'getelementptr' 'p_ZL7threshs_14_addr' <Predicate = (!icmp_ln249 & icmp_ln290)> <Delay = 0.00>
ST_4 : Operation 129 [2/2] (2.32ns)   --->   "%p_ZL7threshs_14_load = load i4 %p_ZL7threshs_14_addr"   --->   Operation 129 'load' 'p_ZL7threshs_14_load' <Predicate = (!icmp_ln249 & icmp_ln290)> <Delay = 2.32> <CoreInst = "ROM">   --->   Core 95 'ROM' <Latency = 1> <II = 1> <Delay = 2.32> <Storage> <Opcode : 'load'> <Ports = 0> <Width = 7> <Depth = 16> <ROM>

State 5 <SV = 4> <Delay = 4.53>
ST_5 : Operation 130 [1/1] (0.00ns)   --->   "%rbegin = specregionbegin i32 @_ssdm_op_SpecRegionBegin, void @empty" [/home/miguel_tfg/FINN-v0.9-Stable/deps/finn-hlslib/mac.hpp:141]   --->   Operation 130 'specregionbegin' 'rbegin' <Predicate = (!icmp_ln249)> <Delay = 0.00>
ST_5 : Operation 131 [1/1] (0.00ns)   --->   "%rend = specregionend i32 @_ssdm_op_SpecRegionEnd, void @empty, i32 %rbegin" [/home/miguel_tfg/FINN-v0.9-Stable/deps/finn-hlslib/mac.hpp:141]   --->   Operation 131 'specregionend' 'rend' <Predicate = (!icmp_ln249)> <Delay = 0.00>
ST_5 : Operation 132 [1/2] (2.10ns) (root node of the DSP)   --->   "%add_ln840 = add i14 %select_ln272, i14 %sext_ln840"   --->   Operation 132 'add' 'add_ln840' <Predicate = (!icmp_ln249)> <Delay = 2.10> <CoreInst = "DSP48">   --->   Core 119 'DSP48' <Latency = 3> <II = 1> <Delay = 2.15> <IPBlock> <Opcode : 'mul' 'add' 'sub' 'select'> <InPorts = 0> <OutPorts = 1> <Sync> <CReg>
ST_5 : Operation 133 [1/2] (2.32ns)   --->   "%p_ZL7threshs_0_load = load i4 %p_ZL7threshs_0_addr"   --->   Operation 133 'load' 'p_ZL7threshs_0_load' <Predicate = (!icmp_ln249 & icmp_ln290)> <Delay = 2.32> <CoreInst = "ROM">   --->   Core 95 'ROM' <Latency = 1> <II = 1> <Delay = 2.32> <Storage> <Opcode : 'load'> <Ports = 0> <Width = 6> <Depth = 16> <ROM>
ST_5 : Operation 134 [1/1] (0.00ns)   --->   "%zext_ln1039 = zext i6 %p_ZL7threshs_0_load"   --->   Operation 134 'zext' 'zext_ln1039' <Predicate = (!icmp_ln249 & icmp_ln290)> <Delay = 0.00>
ST_5 : Operation 135 [1/1] (2.20ns)   --->   "%icmp_ln1039 = icmp_slt  i14 %add_ln840, i14 %zext_ln1039"   --->   Operation 135 'icmp' 'icmp_ln1039' <Predicate = (!icmp_ln249 & icmp_ln290)> <Delay = 2.20> <CoreInst = "Cmp">   --->   Core 9 'Cmp' <Latency = 0> <II = 1> <Delay = 2.20> <FuncUnit> <Opcode : 'icmp'> <InPorts = 2> <OutPorts = 1>
ST_5 : Operation 136 [1/2] (2.32ns)   --->   "%p_ZL7threshs_1_load = load i4 %p_ZL7threshs_1_addr"   --->   Operation 136 'load' 'p_ZL7threshs_1_load' <Predicate = (!icmp_ln249 & icmp_ln290)> <Delay = 2.32> <CoreInst = "ROM">   --->   Core 95 'ROM' <Latency = 1> <II = 1> <Delay = 2.32> <Storage> <Opcode : 'load'> <Ports = 0> <Width = 6> <Depth = 16> <ROM>
ST_5 : Operation 137 [1/1] (0.00ns)   --->   "%sext_ln1039 = sext i6 %p_ZL7threshs_1_load"   --->   Operation 137 'sext' 'sext_ln1039' <Predicate = (!icmp_ln249 & icmp_ln290)> <Delay = 0.00>
ST_5 : Operation 138 [1/1] (0.00ns)   --->   "%zext_ln1039_1 = zext i7 %sext_ln1039"   --->   Operation 138 'zext' 'zext_ln1039_1' <Predicate = (!icmp_ln249 & icmp_ln290)> <Delay = 0.00>
ST_5 : Operation 139 [1/1] (2.20ns)   --->   "%icmp_ln1039_1 = icmp_slt  i14 %add_ln840, i14 %zext_ln1039_1"   --->   Operation 139 'icmp' 'icmp_ln1039_1' <Predicate = (!icmp_ln249 & icmp_ln290)> <Delay = 2.20> <CoreInst = "Cmp">   --->   Core 9 'Cmp' <Latency = 0> <II = 1> <Delay = 2.20> <FuncUnit> <Opcode : 'icmp'> <InPorts = 2> <OutPorts = 1>
ST_5 : Operation 140 [1/2] (2.32ns)   --->   "%p_ZL7threshs_2_load = load i4 %p_ZL7threshs_2_addr"   --->   Operation 140 'load' 'p_ZL7threshs_2_load' <Predicate = (!icmp_ln249 & icmp_ln290)> <Delay = 2.32> <CoreInst = "ROM">   --->   Core 95 'ROM' <Latency = 1> <II = 1> <Delay = 2.32> <Storage> <Opcode : 'load'> <Ports = 0> <Width = 8> <Depth = 16> <ROM>
ST_5 : Operation 141 [1/1] (0.00ns)   --->   "%zext_ln1039_2 = zext i8 %p_ZL7threshs_2_load"   --->   Operation 141 'zext' 'zext_ln1039_2' <Predicate = (!icmp_ln249 & icmp_ln290)> <Delay = 0.00>
ST_5 : Operation 142 [1/1] (2.20ns)   --->   "%icmp_ln1039_2 = icmp_slt  i14 %add_ln840, i14 %zext_ln1039_2"   --->   Operation 142 'icmp' 'icmp_ln1039_2' <Predicate = (!icmp_ln249 & icmp_ln290)> <Delay = 2.20> <CoreInst = "Cmp">   --->   Core 9 'Cmp' <Latency = 0> <II = 1> <Delay = 2.20> <FuncUnit> <Opcode : 'icmp'> <InPorts = 2> <OutPorts = 1>
ST_5 : Operation 143 [1/2] (2.32ns)   --->   "%p_ZL7threshs_3_load = load i4 %p_ZL7threshs_3_addr"   --->   Operation 143 'load' 'p_ZL7threshs_3_load' <Predicate = (!icmp_ln249 & icmp_ln290)> <Delay = 2.32> <CoreInst = "ROM">   --->   Core 95 'ROM' <Latency = 1> <II = 1> <Delay = 2.32> <Storage> <Opcode : 'load'> <Ports = 0> <Width = 5> <Depth = 16> <ROM>
ST_5 : Operation 144 [1/1] (0.00ns)   --->   "%sext_ln1039_1 = sext i5 %p_ZL7threshs_3_load"   --->   Operation 144 'sext' 'sext_ln1039_1' <Predicate = (!icmp_ln249 & icmp_ln290)> <Delay = 0.00>
ST_5 : Operation 145 [1/1] (0.00ns)   --->   "%zext_ln1039_3 = zext i8 %sext_ln1039_1"   --->   Operation 145 'zext' 'zext_ln1039_3' <Predicate = (!icmp_ln249 & icmp_ln290)> <Delay = 0.00>
ST_5 : Operation 146 [1/1] (2.20ns)   --->   "%icmp_ln1039_3 = icmp_slt  i14 %add_ln840, i14 %zext_ln1039_3"   --->   Operation 146 'icmp' 'icmp_ln1039_3' <Predicate = (!icmp_ln249 & icmp_ln290)> <Delay = 2.20> <CoreInst = "Cmp">   --->   Core 9 'Cmp' <Latency = 0> <II = 1> <Delay = 2.20> <FuncUnit> <Opcode : 'icmp'> <InPorts = 2> <OutPorts = 1>
ST_5 : Operation 147 [1/2] (2.32ns)   --->   "%p_ZL7threshs_4_load = load i4 %p_ZL7threshs_4_addr"   --->   Operation 147 'load' 'p_ZL7threshs_4_load' <Predicate = (!icmp_ln249 & icmp_ln290)> <Delay = 2.32> <CoreInst = "ROM">   --->   Core 95 'ROM' <Latency = 1> <II = 1> <Delay = 2.32> <Storage> <Opcode : 'load'> <Ports = 0> <Width = 9> <Depth = 16> <ROM>
ST_5 : Operation 148 [1/1] (0.00ns)   --->   "%zext_ln1039_4 = zext i9 %p_ZL7threshs_4_load"   --->   Operation 148 'zext' 'zext_ln1039_4' <Predicate = (!icmp_ln249 & icmp_ln290)> <Delay = 0.00>
ST_5 : Operation 149 [1/1] (2.20ns)   --->   "%icmp_ln1039_4 = icmp_slt  i14 %add_ln840, i14 %zext_ln1039_4"   --->   Operation 149 'icmp' 'icmp_ln1039_4' <Predicate = (!icmp_ln249 & icmp_ln290)> <Delay = 2.20> <CoreInst = "Cmp">   --->   Core 9 'Cmp' <Latency = 0> <II = 1> <Delay = 2.20> <FuncUnit> <Opcode : 'icmp'> <InPorts = 2> <OutPorts = 1>
ST_5 : Operation 150 [1/2] (2.32ns)   --->   "%p_ZL7threshs_5_load = load i4 %p_ZL7threshs_5_addr"   --->   Operation 150 'load' 'p_ZL7threshs_5_load' <Predicate = (!icmp_ln249 & icmp_ln290)> <Delay = 2.32> <CoreInst = "ROM">   --->   Core 95 'ROM' <Latency = 1> <II = 1> <Delay = 2.32> <Storage> <Opcode : 'load'> <Ports = 0> <Width = 9> <Depth = 16> <ROM>
ST_5 : Operation 151 [1/1] (0.00ns)   --->   "%zext_ln1039_5 = zext i9 %p_ZL7threshs_5_load"   --->   Operation 151 'zext' 'zext_ln1039_5' <Predicate = (!icmp_ln249 & icmp_ln290)> <Delay = 0.00>
ST_5 : Operation 152 [1/1] (2.20ns)   --->   "%icmp_ln1039_5 = icmp_slt  i14 %add_ln840, i14 %zext_ln1039_5"   --->   Operation 152 'icmp' 'icmp_ln1039_5' <Predicate = (!icmp_ln249 & icmp_ln290)> <Delay = 2.20> <CoreInst = "Cmp">   --->   Core 9 'Cmp' <Latency = 0> <II = 1> <Delay = 2.20> <FuncUnit> <Opcode : 'icmp'> <InPorts = 2> <OutPorts = 1>
ST_5 : Operation 153 [1/2] (2.32ns)   --->   "%p_ZL7threshs_6_load = load i4 %p_ZL7threshs_6_addr"   --->   Operation 153 'load' 'p_ZL7threshs_6_load' <Predicate = (!icmp_ln249 & icmp_ln290)> <Delay = 2.32> <CoreInst = "ROM">   --->   Core 95 'ROM' <Latency = 1> <II = 1> <Delay = 2.32> <Storage> <Opcode : 'load'> <Ports = 0> <Width = 8> <Depth = 16> <ROM>
ST_5 : Operation 154 [1/1] (0.00ns)   --->   "%sext_ln1039_2 = sext i8 %p_ZL7threshs_6_load"   --->   Operation 154 'sext' 'sext_ln1039_2' <Predicate = (!icmp_ln249 & icmp_ln290)> <Delay = 0.00>
ST_5 : Operation 155 [1/1] (0.00ns)   --->   "%zext_ln1039_6 = zext i9 %sext_ln1039_2"   --->   Operation 155 'zext' 'zext_ln1039_6' <Predicate = (!icmp_ln249 & icmp_ln290)> <Delay = 0.00>
ST_5 : Operation 156 [1/1] (2.20ns)   --->   "%icmp_ln1039_6 = icmp_slt  i14 %add_ln840, i14 %zext_ln1039_6"   --->   Operation 156 'icmp' 'icmp_ln1039_6' <Predicate = (!icmp_ln249 & icmp_ln290)> <Delay = 2.20> <CoreInst = "Cmp">   --->   Core 9 'Cmp' <Latency = 0> <II = 1> <Delay = 2.20> <FuncUnit> <Opcode : 'icmp'> <InPorts = 2> <OutPorts = 1>
ST_5 : Operation 157 [1/2] (2.32ns)   --->   "%p_ZL7threshs_7_load = load i4 %p_ZL7threshs_7_addr"   --->   Operation 157 'load' 'p_ZL7threshs_7_load' <Predicate = (!icmp_ln249 & icmp_ln290)> <Delay = 2.32> <CoreInst = "ROM">   --->   Core 95 'ROM' <Latency = 1> <II = 1> <Delay = 2.32> <Storage> <Opcode : 'load'> <Ports = 0> <Width = 10> <Depth = 16> <ROM>
ST_5 : Operation 158 [1/1] (0.00ns)   --->   "%zext_ln1039_7 = zext i10 %p_ZL7threshs_7_load"   --->   Operation 158 'zext' 'zext_ln1039_7' <Predicate = (!icmp_ln249 & icmp_ln290)> <Delay = 0.00>
ST_5 : Operation 159 [1/1] (2.20ns)   --->   "%icmp_ln1039_7 = icmp_slt  i14 %add_ln840, i14 %zext_ln1039_7"   --->   Operation 159 'icmp' 'icmp_ln1039_7' <Predicate = (!icmp_ln249 & icmp_ln290)> <Delay = 2.20> <CoreInst = "Cmp">   --->   Core 9 'Cmp' <Latency = 0> <II = 1> <Delay = 2.20> <FuncUnit> <Opcode : 'icmp'> <InPorts = 2> <OutPorts = 1>
ST_5 : Operation 160 [1/2] (2.32ns)   --->   "%p_ZL7threshs_8_load = load i4 %p_ZL7threshs_8_addr"   --->   Operation 160 'load' 'p_ZL7threshs_8_load' <Predicate = (!icmp_ln249 & icmp_ln290)> <Delay = 2.32> <CoreInst = "ROM">   --->   Core 95 'ROM' <Latency = 1> <II = 1> <Delay = 2.32> <Storage> <Opcode : 'load'> <Ports = 0> <Width = 10> <Depth = 16> <ROM>
ST_5 : Operation 161 [1/1] (0.00ns)   --->   "%zext_ln1039_8 = zext i10 %p_ZL7threshs_8_load"   --->   Operation 161 'zext' 'zext_ln1039_8' <Predicate = (!icmp_ln249 & icmp_ln290)> <Delay = 0.00>
ST_5 : Operation 162 [1/1] (2.20ns)   --->   "%icmp_ln1039_8 = icmp_slt  i14 %add_ln840, i14 %zext_ln1039_8"   --->   Operation 162 'icmp' 'icmp_ln1039_8' <Predicate = (!icmp_ln249 & icmp_ln290)> <Delay = 2.20> <CoreInst = "Cmp">   --->   Core 9 'Cmp' <Latency = 0> <II = 1> <Delay = 2.20> <FuncUnit> <Opcode : 'icmp'> <InPorts = 2> <OutPorts = 1>
ST_5 : Operation 163 [1/2] (2.32ns)   --->   "%p_ZL7threshs_9_load = load i4 %p_ZL7threshs_9_addr"   --->   Operation 163 'load' 'p_ZL7threshs_9_load' <Predicate = (!icmp_ln249 & icmp_ln290)> <Delay = 2.32> <CoreInst = "ROM">   --->   Core 95 'ROM' <Latency = 1> <II = 1> <Delay = 2.32> <Storage> <Opcode : 'load'> <Ports = 0> <Width = 10> <Depth = 16> <ROM>
ST_5 : Operation 164 [1/1] (0.00ns)   --->   "%zext_ln1039_9 = zext i10 %p_ZL7threshs_9_load"   --->   Operation 164 'zext' 'zext_ln1039_9' <Predicate = (!icmp_ln249 & icmp_ln290)> <Delay = 0.00>
ST_5 : Operation 165 [1/1] (2.20ns)   --->   "%icmp_ln1039_9 = icmp_slt  i14 %add_ln840, i14 %zext_ln1039_9"   --->   Operation 165 'icmp' 'icmp_ln1039_9' <Predicate = (!icmp_ln249 & icmp_ln290)> <Delay = 2.20> <CoreInst = "Cmp">   --->   Core 9 'Cmp' <Latency = 0> <II = 1> <Delay = 2.20> <FuncUnit> <Opcode : 'icmp'> <InPorts = 2> <OutPorts = 1>
ST_5 : Operation 166 [1/2] (2.32ns)   --->   "%p_ZL7threshs_10_load = load i4 %p_ZL7threshs_10_addr"   --->   Operation 166 'load' 'p_ZL7threshs_10_load' <Predicate = (!icmp_ln249 & icmp_ln290)> <Delay = 2.32> <CoreInst = "ROM">   --->   Core 95 'ROM' <Latency = 1> <II = 1> <Delay = 2.32> <Storage> <Opcode : 'load'> <Ports = 0> <Width = 10> <Depth = 16> <ROM>
ST_5 : Operation 167 [1/1] (0.00ns)   --->   "%zext_ln1039_10 = zext i10 %p_ZL7threshs_10_load"   --->   Operation 167 'zext' 'zext_ln1039_10' <Predicate = (!icmp_ln249 & icmp_ln290)> <Delay = 0.00>
ST_5 : Operation 168 [1/1] (2.20ns)   --->   "%icmp_ln1039_10 = icmp_slt  i14 %add_ln840, i14 %zext_ln1039_10"   --->   Operation 168 'icmp' 'icmp_ln1039_10' <Predicate = (!icmp_ln249 & icmp_ln290)> <Delay = 2.20> <CoreInst = "Cmp">   --->   Core 9 'Cmp' <Latency = 0> <II = 1> <Delay = 2.20> <FuncUnit> <Opcode : 'icmp'> <InPorts = 2> <OutPorts = 1>
ST_5 : Operation 169 [1/2] (2.32ns)   --->   "%p_ZL7threshs_11_load = load i4 %p_ZL7threshs_11_addr"   --->   Operation 169 'load' 'p_ZL7threshs_11_load' <Predicate = (!icmp_ln249 & icmp_ln290)> <Delay = 2.32> <CoreInst = "ROM">   --->   Core 95 'ROM' <Latency = 1> <II = 1> <Delay = 2.32> <Storage> <Opcode : 'load'> <Ports = 0> <Width = 9> <Depth = 16> <ROM>
ST_5 : Operation 170 [1/1] (0.00ns)   --->   "%sext_ln1039_3 = sext i9 %p_ZL7threshs_11_load"   --->   Operation 170 'sext' 'sext_ln1039_3' <Predicate = (!icmp_ln249 & icmp_ln290)> <Delay = 0.00>
ST_5 : Operation 171 [1/1] (0.00ns)   --->   "%zext_ln1039_11 = zext i10 %sext_ln1039_3"   --->   Operation 171 'zext' 'zext_ln1039_11' <Predicate = (!icmp_ln249 & icmp_ln290)> <Delay = 0.00>
ST_5 : Operation 172 [1/1] (2.20ns)   --->   "%icmp_ln1039_11 = icmp_slt  i14 %add_ln840, i14 %zext_ln1039_11"   --->   Operation 172 'icmp' 'icmp_ln1039_11' <Predicate = (!icmp_ln249 & icmp_ln290)> <Delay = 2.20> <CoreInst = "Cmp">   --->   Core 9 'Cmp' <Latency = 0> <II = 1> <Delay = 2.20> <FuncUnit> <Opcode : 'icmp'> <InPorts = 2> <OutPorts = 1>
ST_5 : Operation 173 [1/2] (2.32ns)   --->   "%p_ZL7threshs_12_load = load i4 %p_ZL7threshs_12_addr"   --->   Operation 173 'load' 'p_ZL7threshs_12_load' <Predicate = (!icmp_ln249 & icmp_ln290)> <Delay = 2.32> <CoreInst = "ROM">   --->   Core 95 'ROM' <Latency = 1> <II = 1> <Delay = 2.32> <Storage> <Opcode : 'load'> <Ports = 0> <Width = 9> <Depth = 16> <ROM>
ST_5 : Operation 174 [1/1] (0.00ns)   --->   "%sext_ln1039_4 = sext i9 %p_ZL7threshs_12_load"   --->   Operation 174 'sext' 'sext_ln1039_4' <Predicate = (!icmp_ln249 & icmp_ln290)> <Delay = 0.00>
ST_5 : Operation 175 [1/1] (0.00ns)   --->   "%zext_ln1039_12 = zext i10 %sext_ln1039_4"   --->   Operation 175 'zext' 'zext_ln1039_12' <Predicate = (!icmp_ln249 & icmp_ln290)> <Delay = 0.00>
ST_5 : Operation 176 [1/1] (2.20ns)   --->   "%icmp_ln1039_12 = icmp_slt  i14 %add_ln840, i14 %zext_ln1039_12"   --->   Operation 176 'icmp' 'icmp_ln1039_12' <Predicate = (!icmp_ln249 & icmp_ln290)> <Delay = 2.20> <CoreInst = "Cmp">   --->   Core 9 'Cmp' <Latency = 0> <II = 1> <Delay = 2.20> <FuncUnit> <Opcode : 'icmp'> <InPorts = 2> <OutPorts = 1>
ST_5 : Operation 177 [1/2] (2.32ns)   --->   "%p_ZL7threshs_13_load = load i4 %p_ZL7threshs_13_addr"   --->   Operation 177 'load' 'p_ZL7threshs_13_load' <Predicate = (!icmp_ln249 & icmp_ln290)> <Delay = 2.32> <CoreInst = "ROM">   --->   Core 95 'ROM' <Latency = 1> <II = 1> <Delay = 2.32> <Storage> <Opcode : 'load'> <Ports = 0> <Width = 8> <Depth = 16> <ROM>
ST_5 : Operation 178 [1/1] (0.00ns)   --->   "%sext_ln1039_5 = sext i8 %p_ZL7threshs_13_load"   --->   Operation 178 'sext' 'sext_ln1039_5' <Predicate = (!icmp_ln249 & icmp_ln290)> <Delay = 0.00>
ST_5 : Operation 179 [1/1] (0.00ns)   --->   "%zext_ln1039_13 = zext i10 %sext_ln1039_5"   --->   Operation 179 'zext' 'zext_ln1039_13' <Predicate = (!icmp_ln249 & icmp_ln290)> <Delay = 0.00>
ST_5 : Operation 180 [1/1] (2.20ns)   --->   "%icmp_ln1039_13 = icmp_slt  i14 %add_ln840, i14 %zext_ln1039_13"   --->   Operation 180 'icmp' 'icmp_ln1039_13' <Predicate = (!icmp_ln249 & icmp_ln290)> <Delay = 2.20> <CoreInst = "Cmp">   --->   Core 9 'Cmp' <Latency = 0> <II = 1> <Delay = 2.20> <FuncUnit> <Opcode : 'icmp'> <InPorts = 2> <OutPorts = 1>
ST_5 : Operation 181 [1/2] (2.32ns)   --->   "%p_ZL7threshs_14_load = load i4 %p_ZL7threshs_14_addr"   --->   Operation 181 'load' 'p_ZL7threshs_14_load' <Predicate = (!icmp_ln249 & icmp_ln290)> <Delay = 2.32> <CoreInst = "ROM">   --->   Core 95 'ROM' <Latency = 1> <II = 1> <Delay = 2.32> <Storage> <Opcode : 'load'> <Ports = 0> <Width = 7> <Depth = 16> <ROM>
ST_5 : Operation 182 [1/1] (0.00ns)   --->   "%sext_ln1039_6 = sext i7 %p_ZL7threshs_14_load"   --->   Operation 182 'sext' 'sext_ln1039_6' <Predicate = (!icmp_ln249 & icmp_ln290)> <Delay = 0.00>
ST_5 : Operation 183 [1/1] (0.00ns)   --->   "%zext_ln1039_14 = zext i10 %sext_ln1039_6"   --->   Operation 183 'zext' 'zext_ln1039_14' <Predicate = (!icmp_ln249 & icmp_ln290)> <Delay = 0.00>
ST_5 : Operation 184 [1/1] (2.20ns)   --->   "%icmp_ln1039_14 = icmp_slt  i14 %add_ln840, i14 %zext_ln1039_14"   --->   Operation 184 'icmp' 'icmp_ln1039_14' <Predicate = (!icmp_ln249 & icmp_ln290)> <Delay = 2.20> <CoreInst = "Cmp">   --->   Core 9 'Cmp' <Latency = 0> <II = 1> <Delay = 2.20> <FuncUnit> <Opcode : 'icmp'> <InPorts = 2> <OutPorts = 1>
ST_5 : Operation 185 [1/1] (0.00ns)   --->   "%store_ln249 = store i14 %add_ln840, i14 %add_i4_i338" [/home/miguel_tfg/FINN-v0.9-Stable/deps/finn-hlslib/mvau.hpp:249]   --->   Operation 185 'store' 'store_ln249' <Predicate = (!icmp_ln249)> <Delay = 0.00>
ST_5 : Operation 186 [1/1] (0.00ns)   --->   "%br_ln249 = br void %for.body" [/home/miguel_tfg/FINN-v0.9-Stable/deps/finn-hlslib/mvau.hpp:249]   --->   Operation 186 'br' 'br_ln249' <Predicate = (!icmp_ln249)> <Delay = 0.00>

State 6 <SV = 5> <Delay = 5.74>
ST_6 : Operation 187 [1/1] (0.97ns)   --->   "%result_V = xor i1 %icmp_ln1039, i1 1"   --->   Operation 187 'xor' 'result_V' <Predicate = (!icmp_ln249 & icmp_ln290)> <Delay = 0.97> <CoreInst = "LogicGate">   --->   Core 74 'LogicGate' <Latency = 0> <II = 1> <Delay = 0.97> <FuncUnit> <Opcode : 'and' 'or' 'xor'> <InPorts = 2> <OutPorts = 1>
ST_6 : Operation 188 [1/1] (0.00ns)   --->   "%zext_ln215 = zext i1 %result_V" [/home/miguel_tfg/FINN-v0.9-Stable/deps/finn-hlslib/activations.hpp:215]   --->   Operation 188 'zext' 'zext_ln215' <Predicate = (!icmp_ln249 & icmp_ln290)> <Delay = 0.00>
ST_6 : Operation 189 [1/1] (0.97ns)   --->   "%xor_ln1039 = xor i1 %icmp_ln1039_1, i1 1"   --->   Operation 189 'xor' 'xor_ln1039' <Predicate = (!icmp_ln249 & icmp_ln290)> <Delay = 0.97> <CoreInst = "LogicGate">   --->   Core 74 'LogicGate' <Latency = 0> <II = 1> <Delay = 0.97> <FuncUnit> <Opcode : 'and' 'or' 'xor'> <InPorts = 2> <OutPorts = 1>
ST_6 : Operation 190 [1/1] (0.00ns)   --->   "%zext_ln218 = zext i1 %xor_ln1039" [/home/miguel_tfg/FINN-v0.9-Stable/deps/finn-hlslib/activations.hpp:218]   --->   Operation 190 'zext' 'zext_ln218' <Predicate = (!icmp_ln249 & icmp_ln290)> <Delay = 0.00>
ST_6 : Operation 191 [1/1] (0.97ns)   --->   "%xor_ln1039_1 = xor i1 %icmp_ln1039_2, i1 1"   --->   Operation 191 'xor' 'xor_ln1039_1' <Predicate = (!icmp_ln249 & icmp_ln290)> <Delay = 0.97> <CoreInst = "LogicGate">   --->   Core 74 'LogicGate' <Latency = 0> <II = 1> <Delay = 0.97> <FuncUnit> <Opcode : 'and' 'or' 'xor'> <InPorts = 2> <OutPorts = 1>
ST_6 : Operation 192 [1/1] (0.00ns)   --->   "%zext_ln218_1 = zext i1 %xor_ln1039_1" [/home/miguel_tfg/FINN-v0.9-Stable/deps/finn-hlslib/activations.hpp:218]   --->   Operation 192 'zext' 'zext_ln218_1' <Predicate = (!icmp_ln249 & icmp_ln290)> <Delay = 0.00>
ST_6 : Operation 193 [1/1] (0.00ns) (grouped into LUT with out node add_ln840_3)   --->   "%xor_ln1039_2 = xor i1 %icmp_ln1039_3, i1 1"   --->   Operation 193 'xor' 'xor_ln1039_2' <Predicate = (!icmp_ln249 & icmp_ln290)> <Delay = 0.00> <CoreInst = "LogicGate">   --->   Core 74 'LogicGate' <Latency = 0> <II = 1> <Delay = 0.97> <FuncUnit> <Opcode : 'and' 'or' 'xor'> <InPorts = 2> <OutPorts = 1>
ST_6 : Operation 194 [1/1] (0.00ns) (grouped into LUT with out node add_ln840_3)   --->   "%zext_ln218_2 = zext i1 %xor_ln1039_2" [/home/miguel_tfg/FINN-v0.9-Stable/deps/finn-hlslib/activations.hpp:218]   --->   Operation 194 'zext' 'zext_ln218_2' <Predicate = (!icmp_ln249 & icmp_ln290)> <Delay = 0.00>
ST_6 : Operation 195 [1/1] (0.00ns) (grouped into LUT with out node add_ln840_3)   --->   "%xor_ln1039_3 = xor i1 %icmp_ln1039_4, i1 1"   --->   Operation 195 'xor' 'xor_ln1039_3' <Predicate = (!icmp_ln249 & icmp_ln290)> <Delay = 0.00> <CoreInst = "LogicGate">   --->   Core 74 'LogicGate' <Latency = 0> <II = 1> <Delay = 0.97> <FuncUnit> <Opcode : 'and' 'or' 'xor'> <InPorts = 2> <OutPorts = 1>
ST_6 : Operation 196 [1/1] (0.00ns) (grouped into LUT with out node add_ln840_3)   --->   "%zext_ln218_3 = zext i1 %xor_ln1039_3" [/home/miguel_tfg/FINN-v0.9-Stable/deps/finn-hlslib/activations.hpp:218]   --->   Operation 196 'zext' 'zext_ln218_3' <Predicate = (!icmp_ln249 & icmp_ln290)> <Delay = 0.00>
ST_6 : Operation 197 [1/1] (0.00ns) (grouped into LUT with out node add_ln840_4)   --->   "%xor_ln1039_4 = xor i1 %icmp_ln1039_5, i1 1"   --->   Operation 197 'xor' 'xor_ln1039_4' <Predicate = (!icmp_ln249 & icmp_ln290)> <Delay = 0.00> <CoreInst = "LogicGate">   --->   Core 74 'LogicGate' <Latency = 0> <II = 1> <Delay = 0.97> <FuncUnit> <Opcode : 'and' 'or' 'xor'> <InPorts = 2> <OutPorts = 1>
ST_6 : Operation 198 [1/1] (0.00ns) (grouped into LUT with out node add_ln840_4)   --->   "%zext_ln218_4 = zext i1 %xor_ln1039_4" [/home/miguel_tfg/FINN-v0.9-Stable/deps/finn-hlslib/activations.hpp:218]   --->   Operation 198 'zext' 'zext_ln218_4' <Predicate = (!icmp_ln249 & icmp_ln290)> <Delay = 0.00>
ST_6 : Operation 199 [1/1] (0.00ns) (grouped into LUT with out node add_ln840_4)   --->   "%xor_ln1039_5 = xor i1 %icmp_ln1039_6, i1 1"   --->   Operation 199 'xor' 'xor_ln1039_5' <Predicate = (!icmp_ln249 & icmp_ln290)> <Delay = 0.00> <CoreInst = "LogicGate">   --->   Core 74 'LogicGate' <Latency = 0> <II = 1> <Delay = 0.97> <FuncUnit> <Opcode : 'and' 'or' 'xor'> <InPorts = 2> <OutPorts = 1>
ST_6 : Operation 200 [1/1] (0.00ns) (grouped into LUT with out node add_ln840_4)   --->   "%zext_ln218_5 = zext i1 %xor_ln1039_5" [/home/miguel_tfg/FINN-v0.9-Stable/deps/finn-hlslib/activations.hpp:218]   --->   Operation 200 'zext' 'zext_ln218_5' <Predicate = (!icmp_ln249 & icmp_ln290)> <Delay = 0.00>
ST_6 : Operation 201 [1/1] (0.00ns) (grouped into LUT with out node add_ln840_7)   --->   "%xor_ln1039_6 = xor i1 %icmp_ln1039_7, i1 1"   --->   Operation 201 'xor' 'xor_ln1039_6' <Predicate = (!icmp_ln249 & icmp_ln290)> <Delay = 0.00> <CoreInst = "LogicGate">   --->   Core 74 'LogicGate' <Latency = 0> <II = 1> <Delay = 0.97> <FuncUnit> <Opcode : 'and' 'or' 'xor'> <InPorts = 2> <OutPorts = 1>
ST_6 : Operation 202 [1/1] (0.00ns) (grouped into LUT with out node add_ln840_7)   --->   "%zext_ln218_6 = zext i1 %xor_ln1039_6" [/home/miguel_tfg/FINN-v0.9-Stable/deps/finn-hlslib/activations.hpp:218]   --->   Operation 202 'zext' 'zext_ln218_6' <Predicate = (!icmp_ln249 & icmp_ln290)> <Delay = 0.00>
ST_6 : Operation 203 [1/1] (0.00ns) (grouped into LUT with out node add_ln840_7)   --->   "%xor_ln1039_7 = xor i1 %icmp_ln1039_8, i1 1"   --->   Operation 203 'xor' 'xor_ln1039_7' <Predicate = (!icmp_ln249 & icmp_ln290)> <Delay = 0.00> <CoreInst = "LogicGate">   --->   Core 74 'LogicGate' <Latency = 0> <II = 1> <Delay = 0.97> <FuncUnit> <Opcode : 'and' 'or' 'xor'> <InPorts = 2> <OutPorts = 1>
ST_6 : Operation 204 [1/1] (0.00ns) (grouped into LUT with out node add_ln840_7)   --->   "%zext_ln218_7 = zext i1 %xor_ln1039_7" [/home/miguel_tfg/FINN-v0.9-Stable/deps/finn-hlslib/activations.hpp:218]   --->   Operation 204 'zext' 'zext_ln218_7' <Predicate = (!icmp_ln249 & icmp_ln290)> <Delay = 0.00>
ST_6 : Operation 205 [1/1] (0.00ns) (grouped into LUT with out node add_ln840_8)   --->   "%xor_ln1039_8 = xor i1 %icmp_ln1039_9, i1 1"   --->   Operation 205 'xor' 'xor_ln1039_8' <Predicate = (!icmp_ln249 & icmp_ln290)> <Delay = 0.00> <CoreInst = "LogicGate">   --->   Core 74 'LogicGate' <Latency = 0> <II = 1> <Delay = 0.97> <FuncUnit> <Opcode : 'and' 'or' 'xor'> <InPorts = 2> <OutPorts = 1>
ST_6 : Operation 206 [1/1] (0.00ns) (grouped into LUT with out node add_ln840_8)   --->   "%zext_ln218_8 = zext i1 %xor_ln1039_8" [/home/miguel_tfg/FINN-v0.9-Stable/deps/finn-hlslib/activations.hpp:218]   --->   Operation 206 'zext' 'zext_ln218_8' <Predicate = (!icmp_ln249 & icmp_ln290)> <Delay = 0.00>
ST_6 : Operation 207 [1/1] (0.00ns) (grouped into LUT with out node add_ln840_8)   --->   "%xor_ln1039_9 = xor i1 %icmp_ln1039_10, i1 1"   --->   Operation 207 'xor' 'xor_ln1039_9' <Predicate = (!icmp_ln249 & icmp_ln290)> <Delay = 0.00> <CoreInst = "LogicGate">   --->   Core 74 'LogicGate' <Latency = 0> <II = 1> <Delay = 0.97> <FuncUnit> <Opcode : 'and' 'or' 'xor'> <InPorts = 2> <OutPorts = 1>
ST_6 : Operation 208 [1/1] (0.00ns) (grouped into LUT with out node add_ln840_8)   --->   "%zext_ln218_9 = zext i1 %xor_ln1039_9" [/home/miguel_tfg/FINN-v0.9-Stable/deps/finn-hlslib/activations.hpp:218]   --->   Operation 208 'zext' 'zext_ln218_9' <Predicate = (!icmp_ln249 & icmp_ln290)> <Delay = 0.00>
ST_6 : Operation 209 [1/1] (0.00ns) (grouped into LUT with out node add_ln840_10)   --->   "%xor_ln1039_10 = xor i1 %icmp_ln1039_11, i1 1"   --->   Operation 209 'xor' 'xor_ln1039_10' <Predicate = (!icmp_ln249 & icmp_ln290)> <Delay = 0.00> <CoreInst = "LogicGate">   --->   Core 74 'LogicGate' <Latency = 0> <II = 1> <Delay = 0.97> <FuncUnit> <Opcode : 'and' 'or' 'xor'> <InPorts = 2> <OutPorts = 1>
ST_6 : Operation 210 [1/1] (0.00ns) (grouped into LUT with out node add_ln840_10)   --->   "%zext_ln218_10 = zext i1 %xor_ln1039_10" [/home/miguel_tfg/FINN-v0.9-Stable/deps/finn-hlslib/activations.hpp:218]   --->   Operation 210 'zext' 'zext_ln218_10' <Predicate = (!icmp_ln249 & icmp_ln290)> <Delay = 0.00>
ST_6 : Operation 211 [1/1] (0.00ns) (grouped into LUT with out node add_ln840_10)   --->   "%xor_ln1039_11 = xor i1 %icmp_ln1039_12, i1 1"   --->   Operation 211 'xor' 'xor_ln1039_11' <Predicate = (!icmp_ln249 & icmp_ln290)> <Delay = 0.00> <CoreInst = "LogicGate">   --->   Core 74 'LogicGate' <Latency = 0> <II = 1> <Delay = 0.97> <FuncUnit> <Opcode : 'and' 'or' 'xor'> <InPorts = 2> <OutPorts = 1>
ST_6 : Operation 212 [1/1] (0.00ns) (grouped into LUT with out node add_ln840_10)   --->   "%zext_ln218_11 = zext i1 %xor_ln1039_11" [/home/miguel_tfg/FINN-v0.9-Stable/deps/finn-hlslib/activations.hpp:218]   --->   Operation 212 'zext' 'zext_ln218_11' <Predicate = (!icmp_ln249 & icmp_ln290)> <Delay = 0.00>
ST_6 : Operation 213 [1/1] (0.00ns) (grouped into LUT with out node add_ln840_11)   --->   "%xor_ln1039_12 = xor i1 %icmp_ln1039_13, i1 1"   --->   Operation 213 'xor' 'xor_ln1039_12' <Predicate = (!icmp_ln249 & icmp_ln290)> <Delay = 0.00> <CoreInst = "LogicGate">   --->   Core 74 'LogicGate' <Latency = 0> <II = 1> <Delay = 0.97> <FuncUnit> <Opcode : 'and' 'or' 'xor'> <InPorts = 2> <OutPorts = 1>
ST_6 : Operation 214 [1/1] (0.00ns) (grouped into LUT with out node add_ln840_11)   --->   "%zext_ln218_12 = zext i1 %xor_ln1039_12" [/home/miguel_tfg/FINN-v0.9-Stable/deps/finn-hlslib/activations.hpp:218]   --->   Operation 214 'zext' 'zext_ln218_12' <Predicate = (!icmp_ln249 & icmp_ln290)> <Delay = 0.00>
ST_6 : Operation 215 [1/1] (0.00ns) (grouped into LUT with out node add_ln840_11)   --->   "%xor_ln1039_13 = xor i1 %icmp_ln1039_14, i1 1"   --->   Operation 215 'xor' 'xor_ln1039_13' <Predicate = (!icmp_ln249 & icmp_ln290)> <Delay = 0.00> <CoreInst = "LogicGate">   --->   Core 74 'LogicGate' <Latency = 0> <II = 1> <Delay = 0.97> <FuncUnit> <Opcode : 'and' 'or' 'xor'> <InPorts = 2> <OutPorts = 1>
ST_6 : Operation 216 [1/1] (0.00ns) (grouped into LUT with out node add_ln840_11)   --->   "%zext_ln840 = zext i1 %xor_ln1039_13"   --->   Operation 216 'zext' 'zext_ln840' <Predicate = (!icmp_ln249 & icmp_ln290)> <Delay = 0.00>
ST_6 : Operation 217 [1/1] (0.00ns) (grouped into TernaryAdder)   --->   "%add_ln840_1 = add i2 %zext_ln215, i2 %zext_ln218_1"   --->   Operation 217 'add' 'add_ln840_1' <Predicate = (!icmp_ln249 & icmp_ln290)> <Delay = 0.00> <CoreInst = "TAddSub">   --->   Core 10 'TAddSub' <Latency = 0> <II = 1> <Delay = 1.65> <IPBlock> <Opcode : 'add' 'sub'> <InPorts = 3> <OutPorts = 1> <Sync> <CReg>
ST_6 : Operation 218 [1/1] (2.07ns) (root node of TernaryAdder)   --->   "%add_ln840_2 = add i2 %add_ln840_1, i2 %zext_ln218"   --->   Operation 218 'add' 'add_ln840_2' <Predicate = (!icmp_ln249 & icmp_ln290)> <Delay = 2.07> <CoreInst = "TAddSub">   --->   Core 10 'TAddSub' <Latency = 0> <II = 1> <Delay = 1.65> <IPBlock> <Opcode : 'add' 'sub'> <InPorts = 3> <OutPorts = 1> <Sync> <CReg>
ST_6 : Operation 219 [1/1] (0.00ns)   --->   "%zext_ln840_1 = zext i2 %add_ln840_2"   --->   Operation 219 'zext' 'zext_ln840_1' <Predicate = (!icmp_ln249 & icmp_ln290)> <Delay = 0.00>
ST_6 : Operation 220 [1/1] (1.56ns) (out node of the LUT)   --->   "%add_ln840_3 = add i2 %zext_ln218_2, i2 %zext_ln218_3"   --->   Operation 220 'add' 'add_ln840_3' <Predicate = (!icmp_ln249 & icmp_ln290)> <Delay = 1.56> <CoreInst = "Adder">   --->   Core 1 'Adder' <Latency = 0> <II = 1> <Delay = 1.56> <FuncUnit> <Opcode : 'add' 'sub'> <InPorts = 2> <OutPorts = 1>
ST_6 : Operation 221 [1/1] (0.00ns)   --->   "%zext_ln840_2 = zext i2 %add_ln840_3"   --->   Operation 221 'zext' 'zext_ln840_2' <Predicate = (!icmp_ln249 & icmp_ln290)> <Delay = 0.00>
ST_6 : Operation 222 [1/1] (1.56ns) (out node of the LUT)   --->   "%add_ln840_4 = add i2 %zext_ln218_4, i2 %zext_ln218_5"   --->   Operation 222 'add' 'add_ln840_4' <Predicate = (!icmp_ln249 & icmp_ln290)> <Delay = 1.56> <CoreInst = "Adder">   --->   Core 1 'Adder' <Latency = 0> <II = 1> <Delay = 1.56> <FuncUnit> <Opcode : 'add' 'sub'> <InPorts = 2> <OutPorts = 1>
ST_6 : Operation 223 [1/1] (0.00ns)   --->   "%zext_ln840_3 = zext i2 %add_ln840_4"   --->   Operation 223 'zext' 'zext_ln840_3' <Predicate = (!icmp_ln249 & icmp_ln290)> <Delay = 0.00>
ST_6 : Operation 224 [1/1] (0.00ns) (grouped into TernaryAdder)   --->   "%add_ln840_5 = add i3 %zext_ln840_3, i3 %zext_ln840_2"   --->   Operation 224 'add' 'add_ln840_5' <Predicate = (!icmp_ln249 & icmp_ln290)> <Delay = 0.00> <CoreInst = "TAddSub">   --->   Core 10 'TAddSub' <Latency = 0> <II = 1> <Delay = 1.65> <IPBlock> <Opcode : 'add' 'sub'> <InPorts = 3> <OutPorts = 1> <Sync> <CReg>
ST_6 : Operation 225 [1/1] (2.69ns) (root node of TernaryAdder)   --->   "%add_ln840_6 = add i3 %add_ln840_5, i3 %zext_ln840_1"   --->   Operation 225 'add' 'add_ln840_6' <Predicate = (!icmp_ln249 & icmp_ln290)> <Delay = 2.69> <CoreInst = "TAddSub">   --->   Core 10 'TAddSub' <Latency = 0> <II = 1> <Delay = 1.65> <IPBlock> <Opcode : 'add' 'sub'> <InPorts = 3> <OutPorts = 1> <Sync> <CReg>
ST_6 : Operation 226 [1/1] (1.56ns) (out node of the LUT)   --->   "%add_ln840_7 = add i2 %zext_ln218_6, i2 %zext_ln218_7"   --->   Operation 226 'add' 'add_ln840_7' <Predicate = (!icmp_ln249 & icmp_ln290)> <Delay = 1.56> <CoreInst = "Adder">   --->   Core 1 'Adder' <Latency = 0> <II = 1> <Delay = 1.56> <FuncUnit> <Opcode : 'add' 'sub'> <InPorts = 2> <OutPorts = 1>
ST_6 : Operation 227 [1/1] (0.00ns)   --->   "%zext_ln840_5 = zext i2 %add_ln840_7"   --->   Operation 227 'zext' 'zext_ln840_5' <Predicate = (!icmp_ln249 & icmp_ln290)> <Delay = 0.00>
ST_6 : Operation 228 [1/1] (1.56ns) (out node of the LUT)   --->   "%add_ln840_8 = add i2 %zext_ln218_8, i2 %zext_ln218_9"   --->   Operation 228 'add' 'add_ln840_8' <Predicate = (!icmp_ln249 & icmp_ln290)> <Delay = 1.56> <CoreInst = "Adder">   --->   Core 1 'Adder' <Latency = 0> <II = 1> <Delay = 1.56> <FuncUnit> <Opcode : 'add' 'sub'> <InPorts = 2> <OutPorts = 1>
ST_6 : Operation 229 [1/1] (0.00ns)   --->   "%zext_ln840_6 = zext i2 %add_ln840_8"   --->   Operation 229 'zext' 'zext_ln840_6' <Predicate = (!icmp_ln249 & icmp_ln290)> <Delay = 0.00>
ST_6 : Operation 230 [1/1] (1.56ns)   --->   "%add_ln840_9 = add i3 %zext_ln840_6, i3 %zext_ln840_5"   --->   Operation 230 'add' 'add_ln840_9' <Predicate = (!icmp_ln249 & icmp_ln290)> <Delay = 1.56> <CoreInst = "Adder">   --->   Core 1 'Adder' <Latency = 0> <II = 1> <Delay = 1.65> <FuncUnit> <Opcode : 'add' 'sub'> <InPorts = 2> <OutPorts = 1>
ST_6 : Operation 231 [1/1] (1.56ns) (out node of the LUT)   --->   "%add_ln840_10 = add i2 %zext_ln218_10, i2 %zext_ln218_11"   --->   Operation 231 'add' 'add_ln840_10' <Predicate = (!icmp_ln249 & icmp_ln290)> <Delay = 1.56> <CoreInst = "Adder">   --->   Core 1 'Adder' <Latency = 0> <II = 1> <Delay = 1.56> <FuncUnit> <Opcode : 'add' 'sub'> <InPorts = 2> <OutPorts = 1>
ST_6 : Operation 232 [1/1] (0.00ns)   --->   "%zext_ln840_8 = zext i2 %add_ln840_10"   --->   Operation 232 'zext' 'zext_ln840_8' <Predicate = (!icmp_ln249 & icmp_ln290)> <Delay = 0.00>
ST_6 : Operation 233 [1/1] (1.56ns) (out node of the LUT)   --->   "%add_ln840_11 = add i2 %zext_ln218_12, i2 %zext_ln840"   --->   Operation 233 'add' 'add_ln840_11' <Predicate = (!icmp_ln249 & icmp_ln290)> <Delay = 1.56> <CoreInst = "Adder">   --->   Core 1 'Adder' <Latency = 0> <II = 1> <Delay = 1.56> <FuncUnit> <Opcode : 'add' 'sub'> <InPorts = 2> <OutPorts = 1>
ST_6 : Operation 234 [1/1] (0.00ns)   --->   "%zext_ln840_9 = zext i2 %add_ln840_11"   --->   Operation 234 'zext' 'zext_ln840_9' <Predicate = (!icmp_ln249 & icmp_ln290)> <Delay = 0.00>
ST_6 : Operation 235 [1/1] (1.56ns)   --->   "%add_ln840_12 = add i3 %zext_ln840_9, i3 %zext_ln840_8"   --->   Operation 235 'add' 'add_ln840_12' <Predicate = (!icmp_ln249 & icmp_ln290)> <Delay = 1.56> <CoreInst = "Adder">   --->   Core 1 'Adder' <Latency = 0> <II = 1> <Delay = 1.65> <FuncUnit> <Opcode : 'add' 'sub'> <InPorts = 2> <OutPorts = 1>

State 7 <SV = 6> <Delay = 3.31>
ST_7 : Operation 236 [1/1] (0.00ns)   --->   "%zext_ln840_4 = zext i3 %add_ln840_6"   --->   Operation 236 'zext' 'zext_ln840_4' <Predicate = (!icmp_ln249 & icmp_ln290)> <Delay = 0.00>
ST_7 : Operation 237 [1/1] (0.00ns)   --->   "%zext_ln840_7 = zext i3 %add_ln840_9"   --->   Operation 237 'zext' 'zext_ln840_7' <Predicate = (!icmp_ln249 & icmp_ln290)> <Delay = 0.00>
ST_7 : Operation 238 [1/1] (0.00ns)   --->   "%zext_ln840_10 = zext i3 %add_ln840_12"   --->   Operation 238 'zext' 'zext_ln840_10' <Predicate = (!icmp_ln249 & icmp_ln290)> <Delay = 0.00>
ST_7 : Operation 239 [1/1] (0.00ns) (grouped into TernaryAdder)   --->   "%add_ln840_13 = add i4 %zext_ln840_10, i4 %zext_ln840_7"   --->   Operation 239 'add' 'add_ln840_13' <Predicate = (!icmp_ln249 & icmp_ln290)> <Delay = 0.00> <CoreInst = "TAddSub">   --->   Core 10 'TAddSub' <Latency = 0> <II = 1> <Delay = 1.65> <IPBlock> <Opcode : 'add' 'sub'> <InPorts = 3> <OutPorts = 1> <Sync> <CReg>
ST_7 : Operation 240 [1/1] (3.31ns) (root node of TernaryAdder)   --->   "%result_V_2 = add i4 %add_ln840_13, i4 %zext_ln840_4"   --->   Operation 240 'add' 'result_V_2' <Predicate = (!icmp_ln249 & icmp_ln290)> <Delay = 3.31> <CoreInst = "TAddSub">   --->   Core 10 'TAddSub' <Latency = 0> <II = 1> <Delay = 1.65> <IPBlock> <Opcode : 'add' 'sub'> <InPorts = 3> <OutPorts = 1> <Sync> <CReg>
ST_7 : Operation 241 [1/1] (0.00ns)   --->   "%zext_ln298 = zext i4 %result_V_2" [/home/miguel_tfg/FINN-v0.9-Stable/deps/finn-hlslib/mvau.hpp:298]   --->   Operation 241 'zext' 'zext_ln298' <Predicate = (!icmp_ln249 & icmp_ln290)> <Delay = 0.00>
ST_7 : Operation 242 [1/1] (0.00ns)   --->   "%write_ln298 = write void @_ssdm_op_Write.axis.volatile.i8P128A, i8 %out_V, i8 %zext_ln298" [/home/miguel_tfg/FINN-v0.9-Stable/deps/finn-hlslib/mvau.hpp:298]   --->   Operation 242 'write' 'write_ln298' <Predicate = (!icmp_ln249 & icmp_ln290)> <Delay = 0.00> <CoreInst = "axis">   --->   Core 115 'axis' <Latency = 0> <II = 1> <Delay = 1.00> <Adapter> <Opcode : >
ST_7 : Operation 243 [1/1] (0.00ns)   --->   "%br_ln306 = br void %for.inc90" [/home/miguel_tfg/FINN-v0.9-Stable/deps/finn-hlslib/mvau.hpp:306]   --->   Operation 243 'br' 'br_ln306' <Predicate = (!icmp_ln249 & icmp_ln290)> <Delay = 0.00>
ST_7 : Operation 244 [1/1] (0.00ns)   --->   "%ret_ln308 = ret" [/home/miguel_tfg/FINN-v0.9-Stable/deps/finn-hlslib/mvau.hpp:308]   --->   Operation 244 'ret' 'ret_ln308' <Predicate = (icmp_ln249)> <Delay = 0.00>


============================================================
+ Verbose Summary: Binding
============================================================
STG Binding: 
---------------- STG Properties BEGIN ----------------
- Is combinational: 0
- Is one-state seq: 0
- Is datapath-only: 0
- Is pipelined: 0
- Is top level: 0
Port [ Return ] is wired: 1; IO mode=ap_ctrl_hs:ce=0
Port [ in0_V]:  wired=1; compound=1; hidden=0; nouse=0; global=0; static=0; extern=0; dir=0; type=0; pingpong=0; private_global=0; IO mode=axis:ce=0
Port [ out_V]:  wired=1; compound=1; hidden=0; nouse=0; global=0; static=0; extern=0; dir=1; type=0; pingpong=0; private_global=0; IO mode=axis:ce=0
Port [ weights_V]:  wired=1; compound=1; hidden=0; nouse=0; global=0; static=0; extern=0; dir=0; type=0; pingpong=0; private_global=0; IO mode=axis:ce=0
Port [ p_ZL7threshs_0]:  wired=0; compound=1; hidden=1; nouse=0; global=1; static=1; extern=0; dir=0; type=1; pingpong=0; private_global=1; MemPort=[1]; IO mode=ap_memory:ce=0
Port [ p_ZL7threshs_1]:  wired=0; compound=1; hidden=1; nouse=0; global=1; static=1; extern=0; dir=0; type=1; pingpong=0; private_global=1; MemPort=[1]; IO mode=ap_memory:ce=0
Port [ p_ZL7threshs_2]:  wired=0; compound=1; hidden=1; nouse=0; global=1; static=1; extern=0; dir=0; type=1; pingpong=0; private_global=1; MemPort=[1]; IO mode=ap_memory:ce=0
Port [ p_ZL7threshs_3]:  wired=0; compound=1; hidden=1; nouse=0; global=1; static=1; extern=0; dir=0; type=1; pingpong=0; private_global=1; MemPort=[1]; IO mode=ap_memory:ce=0
Port [ p_ZL7threshs_4]:  wired=0; compound=1; hidden=1; nouse=0; global=1; static=1; extern=0; dir=0; type=1; pingpong=0; private_global=1; MemPort=[1]; IO mode=ap_memory:ce=0
Port [ p_ZL7threshs_5]:  wired=0; compound=1; hidden=1; nouse=0; global=1; static=1; extern=0; dir=0; type=1; pingpong=0; private_global=1; MemPort=[1]; IO mode=ap_memory:ce=0
Port [ p_ZL7threshs_6]:  wired=0; compound=1; hidden=1; nouse=0; global=1; static=1; extern=0; dir=0; type=1; pingpong=0; private_global=1; MemPort=[1]; IO mode=ap_memory:ce=0
Port [ p_ZL7threshs_7]:  wired=0; compound=1; hidden=1; nouse=0; global=1; static=1; extern=0; dir=0; type=1; pingpong=0; private_global=1; MemPort=[1]; IO mode=ap_memory:ce=0
Port [ p_ZL7threshs_8]:  wired=0; compound=1; hidden=1; nouse=0; global=1; static=1; extern=0; dir=0; type=1; pingpong=0; private_global=1; MemPort=[1]; IO mode=ap_memory:ce=0
Port [ p_ZL7threshs_9]:  wired=0; compound=1; hidden=1; nouse=0; global=1; static=1; extern=0; dir=0; type=1; pingpong=0; private_global=1; MemPort=[1]; IO mode=ap_memory:ce=0
Port [ p_ZL7threshs_10]:  wired=0; compound=1; hidden=1; nouse=0; global=1; static=1; extern=0; dir=0; type=1; pingpong=0; private_global=1; MemPort=[1]; IO mode=ap_memory:ce=0
Port [ p_ZL7threshs_11]:  wired=0; compound=1; hidden=1; nouse=0; global=1; static=1; extern=0; dir=0; type=1; pingpong=0; private_global=1; MemPort=[1]; IO mode=ap_memory:ce=0
Port [ p_ZL7threshs_12]:  wired=0; compound=1; hidden=1; nouse=0; global=1; static=1; extern=0; dir=0; type=1; pingpong=0; private_global=1; MemPort=[1]; IO mode=ap_memory:ce=0
Port [ p_ZL7threshs_13]:  wired=0; compound=1; hidden=1; nouse=0; global=1; static=1; extern=0; dir=0; type=1; pingpong=0; private_global=1; MemPort=[1]; IO mode=ap_memory:ce=0
Port [ p_ZL7threshs_14]:  wired=0; compound=1; hidden=1; nouse=0; global=1; static=1; extern=0; dir=0; type=1; pingpong=0; private_global=1; MemPort=[1]; IO mode=ap_memory:ce=0
---------------- STG Properties END ------------------

---------------- Datapath Model BEGIN ----------------

<LifeTime>
<method=bitvector/>
sf                   (alloca           ) [ 01000000]
i                    (alloca           ) [ 01000000]
add_i4_i338          (alloca           ) [ 01111100]
inputBuf_V           (alloca           ) [ 01000000]
inputBuf_V_1         (alloca           ) [ 01000000]
inputBuf_V_2         (alloca           ) [ 01000000]
inputBuf_V_3         (alloca           ) [ 01000000]
inputBuf_V_4         (alloca           ) [ 01000000]
inputBuf_V_5         (alloca           ) [ 01000000]
inputBuf_V_6         (alloca           ) [ 01000000]
inputBuf_V_7         (alloca           ) [ 01000000]
inputBuf_V_8         (alloca           ) [ 01000000]
nf_1                 (alloca           ) [ 01000000]
specinterface_ln0    (specinterface    ) [ 00000000]
specinterface_ln0    (specinterface    ) [ 00000000]
specinterface_ln0    (specinterface    ) [ 00000000]
store_ln249          (store            ) [ 00000000]
store_ln249          (store            ) [ 00000000]
store_ln249          (store            ) [ 00000000]
br_ln249             (br               ) [ 00000000]
sf_1                 (load             ) [ 00000000]
i_1                  (load             ) [ 00000000]
nf_2                 (load             ) [ 01111000]
icmp_ln249           (icmp             ) [ 01111111]
empty                (speclooptripcount) [ 00000000]
i_2                  (add              ) [ 00000000]
br_ln249             (br               ) [ 00000000]
specpipeline_ln250   (specpipeline     ) [ 00000000]
specloopname_ln231   (specloopname     ) [ 00000000]
icmp_ln253           (icmp             ) [ 01111111]
br_ln253             (br               ) [ 00000000]
inputBuf_V_load      (load             ) [ 00000000]
inputBuf_V_1_load    (load             ) [ 00000000]
inputBuf_V_2_load    (load             ) [ 00000000]
inputBuf_V_3_load    (load             ) [ 00000000]
inputBuf_V_4_load    (load             ) [ 00000000]
inputBuf_V_5_load    (load             ) [ 00000000]
inputBuf_V_6_load    (load             ) [ 00000000]
inputBuf_V_7_load    (load             ) [ 00000000]
inputBuf_V_8_load    (load             ) [ 00000000]
trunc_ln261          (trunc            ) [ 00000000]
tmp                  (mux              ) [ 01100000]
br_ln0               (br               ) [ 01100000]
inElem               (read             ) [ 01100000]
trunc_ln257          (trunc            ) [ 01111111]
switch_ln257         (switch           ) [ 00000000]
store_ln257          (store            ) [ 00000000]
br_ln257             (br               ) [ 01100000]
store_ln257          (store            ) [ 00000000]
br_ln257             (br               ) [ 01100000]
store_ln257          (store            ) [ 00000000]
br_ln257             (br               ) [ 01100000]
store_ln257          (store            ) [ 00000000]
br_ln257             (br               ) [ 01100000]
store_ln257          (store            ) [ 00000000]
br_ln257             (br               ) [ 01100000]
store_ln257          (store            ) [ 00000000]
br_ln257             (br               ) [ 01100000]
store_ln257          (store            ) [ 00000000]
br_ln257             (br               ) [ 01100000]
store_ln257          (store            ) [ 00000000]
br_ln257             (br               ) [ 01100000]
store_ln257          (store            ) [ 00000000]
br_ln257             (br               ) [ 01100000]
weights_V_read       (read             ) [ 00000000]
W_packed_V           (trunc            ) [ 01100000]
icmp_ln272           (icmp             ) [ 01111000]
sf_2                 (add              ) [ 00000000]
icmp_ln290           (icmp             ) [ 01111111]
br_ln290             (br               ) [ 00000000]
store_ln290          (store            ) [ 00000000]
br_ln290             (br               ) [ 00000000]
nf                   (add              ) [ 00000000]
icmp_ln302           (icmp             ) [ 00000000]
nf_3                 (select           ) [ 00000000]
store_ln306          (store            ) [ 00000000]
store_ln306          (store            ) [ 00000000]
store_ln249          (store            ) [ 00000000]
inElem_1             (phi              ) [ 01100000]
sext_ln1494          (sext             ) [ 01011000]
sext_ln1494_1        (sext             ) [ 01011000]
add_i4_i338_load     (load             ) [ 00000000]
select_ln272         (select           ) [ 01000100]
ret_V                (mul              ) [ 00000000]
specfucore_ln142     (specfucore       ) [ 00000000]
sext_ln840           (sext             ) [ 01000100]
idxprom2_i           (zext             ) [ 00000000]
p_ZL7threshs_0_addr  (getelementptr    ) [ 01000100]
p_ZL7threshs_1_addr  (getelementptr    ) [ 01000100]
p_ZL7threshs_2_addr  (getelementptr    ) [ 01000100]
p_ZL7threshs_3_addr  (getelementptr    ) [ 01000100]
p_ZL7threshs_4_addr  (getelementptr    ) [ 01000100]
p_ZL7threshs_5_addr  (getelementptr    ) [ 01000100]
p_ZL7threshs_6_addr  (getelementptr    ) [ 01000100]
p_ZL7threshs_7_addr  (getelementptr    ) [ 01000100]
p_ZL7threshs_8_addr  (getelementptr    ) [ 01000100]
p_ZL7threshs_9_addr  (getelementptr    ) [ 01000100]
p_ZL7threshs_10_addr (getelementptr    ) [ 01000100]
p_ZL7threshs_11_addr (getelementptr    ) [ 01000100]
p_ZL7threshs_12_addr (getelementptr    ) [ 01000100]
p_ZL7threshs_13_addr (getelementptr    ) [ 01000100]
p_ZL7threshs_14_addr (getelementptr    ) [ 01000100]
rbegin               (specregionbegin  ) [ 00000000]
rend                 (specregionend    ) [ 00000000]
add_ln840            (add              ) [ 00000000]
p_ZL7threshs_0_load  (load             ) [ 00000000]
zext_ln1039          (zext             ) [ 00000000]
icmp_ln1039          (icmp             ) [ 01000010]
p_ZL7threshs_1_load  (load             ) [ 00000000]
sext_ln1039          (sext             ) [ 00000000]
zext_ln1039_1        (zext             ) [ 00000000]
icmp_ln1039_1        (icmp             ) [ 01000010]
p_ZL7threshs_2_load  (load             ) [ 00000000]
zext_ln1039_2        (zext             ) [ 00000000]
icmp_ln1039_2        (icmp             ) [ 01000010]
p_ZL7threshs_3_load  (load             ) [ 00000000]
sext_ln1039_1        (sext             ) [ 00000000]
zext_ln1039_3        (zext             ) [ 00000000]
icmp_ln1039_3        (icmp             ) [ 01000010]
p_ZL7threshs_4_load  (load             ) [ 00000000]
zext_ln1039_4        (zext             ) [ 00000000]
icmp_ln1039_4        (icmp             ) [ 01000010]
p_ZL7threshs_5_load  (load             ) [ 00000000]
zext_ln1039_5        (zext             ) [ 00000000]
icmp_ln1039_5        (icmp             ) [ 01000010]
p_ZL7threshs_6_load  (load             ) [ 00000000]
sext_ln1039_2        (sext             ) [ 00000000]
zext_ln1039_6        (zext             ) [ 00000000]
icmp_ln1039_6        (icmp             ) [ 01000010]
p_ZL7threshs_7_load  (load             ) [ 00000000]
zext_ln1039_7        (zext             ) [ 00000000]
icmp_ln1039_7        (icmp             ) [ 01000010]
p_ZL7threshs_8_load  (load             ) [ 00000000]
zext_ln1039_8        (zext             ) [ 00000000]
icmp_ln1039_8        (icmp             ) [ 01000010]
p_ZL7threshs_9_load  (load             ) [ 00000000]
zext_ln1039_9        (zext             ) [ 00000000]
icmp_ln1039_9        (icmp             ) [ 01000010]
p_ZL7threshs_10_load (load             ) [ 00000000]
zext_ln1039_10       (zext             ) [ 00000000]
icmp_ln1039_10       (icmp             ) [ 01000010]
p_ZL7threshs_11_load (load             ) [ 00000000]
sext_ln1039_3        (sext             ) [ 00000000]
zext_ln1039_11       (zext             ) [ 00000000]
icmp_ln1039_11       (icmp             ) [ 01000010]
p_ZL7threshs_12_load (load             ) [ 00000000]
sext_ln1039_4        (sext             ) [ 00000000]
zext_ln1039_12       (zext             ) [ 00000000]
icmp_ln1039_12       (icmp             ) [ 01000010]
p_ZL7threshs_13_load (load             ) [ 00000000]
sext_ln1039_5        (sext             ) [ 00000000]
zext_ln1039_13       (zext             ) [ 00000000]
icmp_ln1039_13       (icmp             ) [ 01000010]
p_ZL7threshs_14_load (load             ) [ 00000000]
sext_ln1039_6        (sext             ) [ 00000000]
zext_ln1039_14       (zext             ) [ 00000000]
icmp_ln1039_14       (icmp             ) [ 01000010]
store_ln249          (store            ) [ 00000000]
br_ln249             (br               ) [ 00000000]
result_V             (xor              ) [ 00000000]
zext_ln215           (zext             ) [ 00000000]
xor_ln1039           (xor              ) [ 00000000]
zext_ln218           (zext             ) [ 00000000]
xor_ln1039_1         (xor              ) [ 00000000]
zext_ln218_1         (zext             ) [ 00000000]
xor_ln1039_2         (xor              ) [ 00000000]
zext_ln218_2         (zext             ) [ 00000000]
xor_ln1039_3         (xor              ) [ 00000000]
zext_ln218_3         (zext             ) [ 00000000]
xor_ln1039_4         (xor              ) [ 00000000]
zext_ln218_4         (zext             ) [ 00000000]
xor_ln1039_5         (xor              ) [ 00000000]
zext_ln218_5         (zext             ) [ 00000000]
xor_ln1039_6         (xor              ) [ 00000000]
zext_ln218_6         (zext             ) [ 00000000]
xor_ln1039_7         (xor              ) [ 00000000]
zext_ln218_7         (zext             ) [ 00000000]
xor_ln1039_8         (xor              ) [ 00000000]
zext_ln218_8         (zext             ) [ 00000000]
xor_ln1039_9         (xor              ) [ 00000000]
zext_ln218_9         (zext             ) [ 00000000]
xor_ln1039_10        (xor              ) [ 00000000]
zext_ln218_10        (zext             ) [ 00000000]
xor_ln1039_11        (xor              ) [ 00000000]
zext_ln218_11        (zext             ) [ 00000000]
xor_ln1039_12        (xor              ) [ 00000000]
zext_ln218_12        (zext             ) [ 00000000]
xor_ln1039_13        (xor              ) [ 00000000]
zext_ln840           (zext             ) [ 00000000]
add_ln840_1          (add              ) [ 00000000]
add_ln840_2          (add              ) [ 00000000]
zext_ln840_1         (zext             ) [ 00000000]
add_ln840_3          (add              ) [ 00000000]
zext_ln840_2         (zext             ) [ 00000000]
add_ln840_4          (add              ) [ 00000000]
zext_ln840_3         (zext             ) [ 00000000]
add_ln840_5          (add              ) [ 00000000]
add_ln840_6          (add              ) [ 01000001]
add_ln840_7          (add              ) [ 00000000]
zext_ln840_5         (zext             ) [ 00000000]
add_ln840_8          (add              ) [ 00000000]
zext_ln840_6         (zext             ) [ 00000000]
add_ln840_9          (add              ) [ 01000001]
add_ln840_10         (add              ) [ 00000000]
zext_ln840_8         (zext             ) [ 00000000]
add_ln840_11         (add              ) [ 00000000]
zext_ln840_9         (zext             ) [ 00000000]
add_ln840_12         (add              ) [ 01000001]
zext_ln840_4         (zext             ) [ 00000000]
zext_ln840_7         (zext             ) [ 00000000]
zext_ln840_10        (zext             ) [ 00000000]
add_ln840_13         (add              ) [ 00000000]
result_V_2           (add              ) [ 00000000]
zext_ln298           (zext             ) [ 00000000]
write_ln298          (write            ) [ 00000000]
br_ln306             (br               ) [ 00000000]
ret_ln308            (ret              ) [ 00000000]
</LifeTime>

<model>

<comp_list>
<comp id="0" class="1000" name="in0_V">
<pin_list>
<pin id="1" dir="1" index="0" bw="1" slack="0"/>
</pin_list>
<bind>
<StgValue><ssdm name="in0_V"/></StgValue>
</bind>
</comp>

<comp id="2" class="1000" name="out_V">
<pin_list>
<pin id="3" dir="1" index="0" bw="1" slack="0"/>
</pin_list>
<bind>
<StgValue><ssdm name="out_V"/></StgValue>
</bind>
</comp>

<comp id="4" class="1000" name="weights_V">
<pin_list>
<pin id="5" dir="1" index="0" bw="1" slack="0"/>
</pin_list>
<bind>
<StgValue><ssdm name="weights_V"/></StgValue>
</bind>
</comp>

<comp id="6" class="1000" name="p_ZL7threshs_0">
<pin_list>
<pin id="7" dir="1" index="0" bw="1" slack="0"/>
</pin_list>
<bind>
<StgValue><ssdm name="p_ZL7threshs_0"/><MemPortTyVec>1 </MemPortTyVec>
</StgValue>
</bind>
</comp>

<comp id="8" class="1000" name="p_ZL7threshs_1">
<pin_list>
<pin id="9" dir="1" index="0" bw="1" slack="0"/>
</pin_list>
<bind>
<StgValue><ssdm name="p_ZL7threshs_1"/><MemPortTyVec>1 </MemPortTyVec>
</StgValue>
</bind>
</comp>

<comp id="10" class="1000" name="p_ZL7threshs_2">
<pin_list>
<pin id="11" dir="1" index="0" bw="1" slack="0"/>
</pin_list>
<bind>
<StgValue><ssdm name="p_ZL7threshs_2"/><MemPortTyVec>1 </MemPortTyVec>
</StgValue>
</bind>
</comp>

<comp id="12" class="1000" name="p_ZL7threshs_3">
<pin_list>
<pin id="13" dir="1" index="0" bw="1" slack="0"/>
</pin_list>
<bind>
<StgValue><ssdm name="p_ZL7threshs_3"/><MemPortTyVec>1 </MemPortTyVec>
</StgValue>
</bind>
</comp>

<comp id="14" class="1000" name="p_ZL7threshs_4">
<pin_list>
<pin id="15" dir="1" index="0" bw="1" slack="0"/>
</pin_list>
<bind>
<StgValue><ssdm name="p_ZL7threshs_4"/><MemPortTyVec>1 </MemPortTyVec>
</StgValue>
</bind>
</comp>

<comp id="16" class="1000" name="p_ZL7threshs_5">
<pin_list>
<pin id="17" dir="1" index="0" bw="1" slack="0"/>
</pin_list>
<bind>
<StgValue><ssdm name="p_ZL7threshs_5"/><MemPortTyVec>1 </MemPortTyVec>
</StgValue>
</bind>
</comp>

<comp id="18" class="1000" name="p_ZL7threshs_6">
<pin_list>
<pin id="19" dir="1" index="0" bw="1" slack="0"/>
</pin_list>
<bind>
<StgValue><ssdm name="p_ZL7threshs_6"/><MemPortTyVec>1 </MemPortTyVec>
</StgValue>
</bind>
</comp>

<comp id="20" class="1000" name="p_ZL7threshs_7">
<pin_list>
<pin id="21" dir="1" index="0" bw="1" slack="0"/>
</pin_list>
<bind>
<StgValue><ssdm name="p_ZL7threshs_7"/><MemPortTyVec>1 </MemPortTyVec>
</StgValue>
</bind>
</comp>

<comp id="22" class="1000" name="p_ZL7threshs_8">
<pin_list>
<pin id="23" dir="1" index="0" bw="1" slack="0"/>
</pin_list>
<bind>
<StgValue><ssdm name="p_ZL7threshs_8"/><MemPortTyVec>1 </MemPortTyVec>
</StgValue>
</bind>
</comp>

<comp id="24" class="1000" name="p_ZL7threshs_9">
<pin_list>
<pin id="25" dir="1" index="0" bw="1" slack="0"/>
</pin_list>
<bind>
<StgValue><ssdm name="p_ZL7threshs_9"/><MemPortTyVec>1 </MemPortTyVec>
</StgValue>
</bind>
</comp>

<comp id="26" class="1000" name="p_ZL7threshs_10">
<pin_list>
<pin id="27" dir="1" index="0" bw="1" slack="0"/>
</pin_list>
<bind>
<StgValue><ssdm name="p_ZL7threshs_10"/><MemPortTyVec>1 </MemPortTyVec>
</StgValue>
</bind>
</comp>

<comp id="28" class="1000" name="p_ZL7threshs_11">
<pin_list>
<pin id="29" dir="1" index="0" bw="1" slack="0"/>
</pin_list>
<bind>
<StgValue><ssdm name="p_ZL7threshs_11"/><MemPortTyVec>1 </MemPortTyVec>
</StgValue>
</bind>
</comp>

<comp id="30" class="1000" name="p_ZL7threshs_12">
<pin_list>
<pin id="31" dir="1" index="0" bw="1" slack="0"/>
</pin_list>
<bind>
<StgValue><ssdm name="p_ZL7threshs_12"/><MemPortTyVec>1 </MemPortTyVec>
</StgValue>
</bind>
</comp>

<comp id="32" class="1000" name="p_ZL7threshs_13">
<pin_list>
<pin id="33" dir="1" index="0" bw="1" slack="0"/>
</pin_list>
<bind>
<StgValue><ssdm name="p_ZL7threshs_13"/><MemPortTyVec>1 </MemPortTyVec>
</StgValue>
</bind>
</comp>

<comp id="34" class="1000" name="p_ZL7threshs_14">
<pin_list>
<pin id="35" dir="1" index="0" bw="1" slack="0"/>
</pin_list>
<bind>
<StgValue><ssdm name="p_ZL7threshs_14"/><MemPortTyVec>1 </MemPortTyVec>
</StgValue>
</bind>
</comp>

<comp id="36" class="1001" name="const_36">
<pin_list>
<pin id="37" dir="1" index="0" bw="1" slack="0"/>
</pin_list>
<bind>
<StgValue><ssdm name=""/></StgValue>
</bind>
</comp>

<comp id="38" class="1001" name="const_38">
<pin_list>
<pin id="39" dir="1" index="0" bw="1" slack="2147483647"/>
</pin_list>
<bind>
<StgValue><ssdm name="_ssdm_op_SpecInterface"/></StgValue>
</bind>
</comp>

<comp id="40" class="1001" name="const_40">
<pin_list>
<pin id="41" dir="1" index="0" bw="1" slack="2147483647"/>
</pin_list>
<bind>
<StgValue><ssdm name="empty_0"/></StgValue>
</bind>
</comp>

<comp id="42" class="1001" name="const_42">
<pin_list>
<pin id="43" dir="1" index="0" bw="1" slack="0"/>
</pin_list>
<bind>
<StgValue><ssdm name=""/></StgValue>
</bind>
</comp>

<comp id="44" class="1001" name="const_44">
<pin_list>
<pin id="45" dir="1" index="0" bw="1" slack="2147483647"/>
</pin_list>
<bind>
<StgValue><ssdm name="empty_1"/></StgValue>
</bind>
</comp>

<comp id="46" class="1001" name="const_46">
<pin_list>
<pin id="47" dir="1" index="0" bw="1" slack="2147483647"/>
</pin_list>
<bind>
<StgValue><ssdm name="empty_2"/></StgValue>
</bind>
</comp>

<comp id="48" class="1001" name="const_48">
<pin_list>
<pin id="49" dir="1" index="0" bw="1" slack="2147483647"/>
</pin_list>
<bind>
<StgValue><ssdm name=""/></StgValue>
</bind>
</comp>

<comp id="50" class="1001" name="const_50">
<pin_list>
<pin id="51" dir="1" index="0" bw="1" slack="0"/>
</pin_list>
<bind>
<StgValue><ssdm name=""/></StgValue>
</bind>
</comp>

<comp id="52" class="1001" name="const_52">
<pin_list>
<pin id="53" dir="1" index="0" bw="1" slack="0"/>
</pin_list>
<bind>
<StgValue><ssdm name=""/></StgValue>
</bind>
</comp>

<comp id="54" class="1001" name="const_54">
<pin_list>
<pin id="55" dir="1" index="0" bw="1" slack="2147483647"/>
</pin_list>
<bind>
<StgValue><ssdm name="_ssdm_op_SpecLoopTripCount"/></StgValue>
</bind>
</comp>

<comp id="56" class="1001" name="const_56">
<pin_list>
<pin id="57" dir="1" index="0" bw="1" slack="2147483647"/>
</pin_list>
<bind>
<StgValue><ssdm name=""/></StgValue>
</bind>
</comp>

<comp id="58" class="1001" name="const_58">
<pin_list>
<pin id="59" dir="1" index="0" bw="1" slack="0"/>
</pin_list>
<bind>
<StgValue><ssdm name=""/></StgValue>
</bind>
</comp>

<comp id="60" class="1001" name="const_60">
<pin_list>
<pin id="61" dir="1" index="0" bw="1" slack="2147483647"/>
</pin_list>
<bind>
<StgValue><ssdm name="_ssdm_op_SpecPipeline"/></StgValue>
</bind>
</comp>

<comp id="62" class="1001" name="const_62">
<pin_list>
<pin id="63" dir="1" index="0" bw="1" slack="2147483647"/>
</pin_list>
<bind>
<StgValue><ssdm name=""/></StgValue>
</bind>
</comp>

<comp id="64" class="1001" name="const_64">
<pin_list>
<pin id="65" dir="1" index="0" bw="1" slack="2147483647"/>
</pin_list>
<bind>
<StgValue><ssdm name="_ssdm_op_SpecLoopName"/></StgValue>
</bind>
</comp>

<comp id="66" class="1001" name="const_66">
<pin_list>
<pin id="67" dir="1" index="0" bw="1" slack="2147483647"/>
</pin_list>
<bind>
<StgValue><ssdm name="empty_5"/></StgValue>
</bind>
</comp>

<comp id="68" class="1001" name="const_68">
<pin_list>
<pin id="69" dir="1" index="0" bw="1" slack="0"/>
</pin_list>
<bind>
<StgValue><ssdm name="_ssdm_op_Mux.ap_auto.9i8.i4"/></StgValue>
</bind>
</comp>

<comp id="70" class="1001" name="const_70">
<pin_list>
<pin id="71" dir="1" index="0" bw="1" slack="0"/>
</pin_list>
<bind>
<StgValue><ssdm name="_ssdm_op_Read.axis.volatile.i8P128A"/></StgValue>
</bind>
</comp>

<comp id="72" class="1001" name="const_72">
<pin_list>
<pin id="73" dir="1" index="0" bw="1" slack="2147483647"/>
</pin_list>
<bind>
<StgValue><ssdm name=""/></StgValue>
</bind>
</comp>

<comp id="74" class="1001" name="const_74">
<pin_list>
<pin id="75" dir="1" index="0" bw="1" slack="2147483647"/>
</pin_list>
<bind>
<StgValue><ssdm name=""/></StgValue>
</bind>
</comp>

<comp id="76" class="1001" name="const_76">
<pin_list>
<pin id="77" dir="1" index="0" bw="1" slack="2147483647"/>
</pin_list>
<bind>
<StgValue><ssdm name=""/></StgValue>
</bind>
</comp>

<comp id="78" class="1001" name="const_78">
<pin_list>
<pin id="79" dir="1" index="0" bw="1" slack="2147483647"/>
</pin_list>
<bind>
<StgValue><ssdm name=""/></StgValue>
</bind>
</comp>

<comp id="80" class="1001" name="const_80">
<pin_list>
<pin id="81" dir="1" index="0" bw="1" slack="2147483647"/>
</pin_list>
<bind>
<StgValue><ssdm name=""/></StgValue>
</bind>
</comp>

<comp id="82" class="1001" name="const_82">
<pin_list>
<pin id="83" dir="1" index="0" bw="1" slack="2147483647"/>
</pin_list>
<bind>
<StgValue><ssdm name=""/></StgValue>
</bind>
</comp>

<comp id="84" class="1001" name="const_84">
<pin_list>
<pin id="85" dir="1" index="0" bw="1" slack="2147483647"/>
</pin_list>
<bind>
<StgValue><ssdm name=""/></StgValue>
</bind>
</comp>

<comp id="86" class="1001" name="const_86">
<pin_list>
<pin id="87" dir="1" index="0" bw="1" slack="2147483647"/>
</pin_list>
<bind>
<StgValue><ssdm name=""/></StgValue>
</bind>
</comp>

<comp id="88" class="1001" name="const_88">
<pin_list>
<pin id="89" dir="1" index="0" bw="1" slack="0"/>
</pin_list>
<bind>
<StgValue><ssdm name=""/></StgValue>
</bind>
</comp>

<comp id="90" class="1001" name="const_90">
<pin_list>
<pin id="91" dir="1" index="0" bw="1" slack="0"/>
</pin_list>
<bind>
<StgValue><ssdm name=""/></StgValue>
</bind>
</comp>

<comp id="92" class="1001" name="const_92">
<pin_list>
<pin id="93" dir="1" index="0" bw="1" slack="0"/>
</pin_list>
<bind>
<StgValue><ssdm name=""/></StgValue>
</bind>
</comp>

<comp id="94" class="1001" name="const_94">
<pin_list>
<pin id="95" dir="1" index="0" bw="1" slack="2147483647"/>
</pin_list>
<bind>
<StgValue><ssdm name="_ssdm_op_SpecFUCore"/></StgValue>
</bind>
</comp>

<comp id="96" class="1001" name="const_96">
<pin_list>
<pin id="97" dir="1" index="0" bw="1" slack="2147483647"/>
</pin_list>
<bind>
<StgValue><ssdm name=""/></StgValue>
</bind>
</comp>

<comp id="98" class="1001" name="const_98">
<pin_list>
<pin id="99" dir="1" index="0" bw="1" slack="2147483647"/>
</pin_list>
<bind>
<StgValue><ssdm name=""/></StgValue>
</bind>
</comp>

<comp id="100" class="1001" name="const_100">
<pin_list>
<pin id="101" dir="1" index="0" bw="1" slack="2147483647"/>
</pin_list>
<bind>
<StgValue><ssdm name=""/></StgValue>
</bind>
</comp>

<comp id="102" class="1001" name="const_102">
<pin_list>
<pin id="103" dir="1" index="0" bw="1" slack="0"/>
</pin_list>
<bind>
<StgValue><ssdm name=""/></StgValue>
</bind>
</comp>

<comp id="104" class="1001" name="const_104">
<pin_list>
<pin id="105" dir="1" index="0" bw="1" slack="2147483647"/>
</pin_list>
<bind>
<StgValue><ssdm name="_ssdm_op_SpecRegionBegin"/></StgValue>
</bind>
</comp>

<comp id="106" class="1001" name="const_106">
<pin_list>
<pin id="107" dir="1" index="0" bw="1" slack="2147483647"/>
</pin_list>
<bind>
<StgValue><ssdm name="empty"/></StgValue>
</bind>
</comp>

<comp id="108" class="1001" name="const_108">
<pin_list>
<pin id="109" dir="1" index="0" bw="1" slack="2147483647"/>
</pin_list>
<bind>
<StgValue><ssdm name="_ssdm_op_SpecRegionEnd"/></StgValue>
</bind>
</comp>

<comp id="110" class="1001" name="const_110">
<pin_list>
<pin id="111" dir="1" index="0" bw="1" slack="0"/>
</pin_list>
<bind>
<StgValue><ssdm name=""/></StgValue>
</bind>
</comp>

<comp id="112" class="1001" name="const_112">
<pin_list>
<pin id="113" dir="1" index="0" bw="1" slack="0"/>
</pin_list>
<bind>
<StgValue><ssdm name="_ssdm_op_Write.axis.volatile.i8P128A"/></StgValue>
</bind>
</comp>

<comp id="114" class="1004" name="sf_fu_114">
<pin_list>
<pin id="115" dir="0" index="0" bw="1" slack="0"/>
<pin id="116" dir="1" index="1" bw="32" slack="0"/>
</pin_list>
<bind>
<opcode="alloca(26) " fcode="alloca"/>
<opset="sf/1 "/>
</bind>
</comp>

<comp id="118" class="1004" name="i_fu_118">
<pin_list>
<pin id="119" dir="0" index="0" bw="1" slack="0"/>
<pin id="120" dir="1" index="1" bw="20" slack="0"/>
</pin_list>
<bind>
<opcode="alloca(26) " fcode="alloca"/>
<opset="i/1 "/>
</bind>
</comp>

<comp id="122" class="1004" name="add_i4_i338_fu_122">
<pin_list>
<pin id="123" dir="0" index="0" bw="1" slack="0"/>
<pin id="124" dir="1" index="1" bw="14" slack="3"/>
</pin_list>
<bind>
<opcode="alloca(26) " fcode="alloca"/>
<opset="add_i4_i338/1 "/>
</bind>
</comp>

<comp id="126" class="1004" name="inputBuf_V_fu_126">
<pin_list>
<pin id="127" dir="0" index="0" bw="1" slack="0"/>
<pin id="128" dir="1" index="1" bw="8" slack="0"/>
</pin_list>
<bind>
<opcode="alloca(26) " fcode="alloca"/>
<opset="inputBuf_V/1 "/>
</bind>
</comp>

<comp id="130" class="1004" name="inputBuf_V_1_fu_130">
<pin_list>
<pin id="131" dir="0" index="0" bw="1" slack="0"/>
<pin id="132" dir="1" index="1" bw="8" slack="0"/>
</pin_list>
<bind>
<opcode="alloca(26) " fcode="alloca"/>
<opset="inputBuf_V_1/1 "/>
</bind>
</comp>

<comp id="134" class="1004" name="inputBuf_V_2_fu_134">
<pin_list>
<pin id="135" dir="0" index="0" bw="1" slack="0"/>
<pin id="136" dir="1" index="1" bw="8" slack="0"/>
</pin_list>
<bind>
<opcode="alloca(26) " fcode="alloca"/>
<opset="inputBuf_V_2/1 "/>
</bind>
</comp>

<comp id="138" class="1004" name="inputBuf_V_3_fu_138">
<pin_list>
<pin id="139" dir="0" index="0" bw="1" slack="0"/>
<pin id="140" dir="1" index="1" bw="8" slack="0"/>
</pin_list>
<bind>
<opcode="alloca(26) " fcode="alloca"/>
<opset="inputBuf_V_3/1 "/>
</bind>
</comp>

<comp id="142" class="1004" name="inputBuf_V_4_fu_142">
<pin_list>
<pin id="143" dir="0" index="0" bw="1" slack="0"/>
<pin id="144" dir="1" index="1" bw="8" slack="0"/>
</pin_list>
<bind>
<opcode="alloca(26) " fcode="alloca"/>
<opset="inputBuf_V_4/1 "/>
</bind>
</comp>

<comp id="146" class="1004" name="inputBuf_V_5_fu_146">
<pin_list>
<pin id="147" dir="0" index="0" bw="1" slack="0"/>
<pin id="148" dir="1" index="1" bw="8" slack="0"/>
</pin_list>
<bind>
<opcode="alloca(26) " fcode="alloca"/>
<opset="inputBuf_V_5/1 "/>
</bind>
</comp>

<comp id="150" class="1004" name="inputBuf_V_6_fu_150">
<pin_list>
<pin id="151" dir="0" index="0" bw="1" slack="0"/>
<pin id="152" dir="1" index="1" bw="8" slack="0"/>
</pin_list>
<bind>
<opcode="alloca(26) " fcode="alloca"/>
<opset="inputBuf_V_6/1 "/>
</bind>
</comp>

<comp id="154" class="1004" name="inputBuf_V_7_fu_154">
<pin_list>
<pin id="155" dir="0" index="0" bw="1" slack="0"/>
<pin id="156" dir="1" index="1" bw="8" slack="0"/>
</pin_list>
<bind>
<opcode="alloca(26) " fcode="alloca"/>
<opset="inputBuf_V_7/1 "/>
</bind>
</comp>

<comp id="158" class="1004" name="inputBuf_V_8_fu_158">
<pin_list>
<pin id="159" dir="0" index="0" bw="1" slack="0"/>
<pin id="160" dir="1" index="1" bw="8" slack="0"/>
</pin_list>
<bind>
<opcode="alloca(26) " fcode="alloca"/>
<opset="inputBuf_V_8/1 "/>
</bind>
</comp>

<comp id="162" class="1004" name="nf_1_fu_162">
<pin_list>
<pin id="163" dir="0" index="0" bw="1" slack="0"/>
<pin id="164" dir="1" index="1" bw="32" slack="0"/>
</pin_list>
<bind>
<opcode="alloca(26) " fcode="alloca"/>
<opset="nf_1/1 "/>
</bind>
</comp>

<comp id="166" class="1004" name="inElem_read_fu_166">
<pin_list>
<pin id="167" dir="0" index="0" bw="8" slack="0"/>
<pin id="168" dir="0" index="1" bw="8" slack="0"/>
<pin id="169" dir="1" index="2" bw="8" slack="0"/>
</pin_list>
<bind>
<opcode="read(1150) " fcode="read"/>
<opset="inElem/1 "/>
</bind>
</comp>

<comp id="172" class="1004" name="weights_V_read_read_fu_172">
<pin_list>
<pin id="173" dir="0" index="0" bw="8" slack="0"/>
<pin id="174" dir="0" index="1" bw="8" slack="0"/>
<pin id="175" dir="1" index="2" bw="8" slack="0"/>
</pin_list>
<bind>
<opcode="read(1150) " fcode="read"/>
<opset="weights_V_read/1 "/>
</bind>
</comp>

<comp id="178" class="1004" name="write_ln298_write_fu_178">
<pin_list>
<pin id="179" dir="0" index="0" bw="0" slack="0"/>
<pin id="180" dir="0" index="1" bw="8" slack="0"/>
<pin id="181" dir="0" index="2" bw="4" slack="0"/>
<pin id="182" dir="1" index="3" bw="0" slack="2147483647"/>
</pin_list>
<bind>
<opcode="write(1151) " fcode="write"/>
<opset="write_ln298/7 "/>
</bind>
</comp>

<comp id="185" class="1004" name="p_ZL7threshs_0_addr_gep_fu_185">
<pin_list>
<pin id="186" dir="0" index="0" bw="6" slack="0"/>
<pin id="187" dir="0" index="1" bw="1" slack="0"/>
<pin id="188" dir="0" index="2" bw="32" slack="0"/>
<pin id="189" dir="1" index="3" bw="4" slack="0"/>
</pin_list>
<bind>
<opcode="getelementptr(29) " fcode="getelementptr"/>
<opset="p_ZL7threshs_0_addr/4 "/>
</bind>
</comp>

<comp id="192" class="1004" name="grp_access_fu_192">
<pin_list>
<pin id="193" dir="0" index="0" bw="4" slack="0"/>
<pin id="194" dir="0" index="1" bw="6" slack="2147483647"/>
<pin id="195" dir="0" index="2" bw="0" slack="2147483647"/>
<pin id="196" dir="1" index="3" bw="6" slack="0"/>
</pin_list>
<bind>
<opcode="load(27) " fcode="load"/>
<opset="p_ZL7threshs_0_load/4 "/>
</bind>
</comp>

<comp id="198" class="1004" name="p_ZL7threshs_1_addr_gep_fu_198">
<pin_list>
<pin id="199" dir="0" index="0" bw="6" slack="0"/>
<pin id="200" dir="0" index="1" bw="1" slack="0"/>
<pin id="201" dir="0" index="2" bw="32" slack="0"/>
<pin id="202" dir="1" index="3" bw="4" slack="0"/>
</pin_list>
<bind>
<opcode="getelementptr(29) " fcode="getelementptr"/>
<opset="p_ZL7threshs_1_addr/4 "/>
</bind>
</comp>

<comp id="205" class="1004" name="grp_access_fu_205">
<pin_list>
<pin id="206" dir="0" index="0" bw="4" slack="0"/>
<pin id="207" dir="0" index="1" bw="6" slack="2147483647"/>
<pin id="208" dir="0" index="2" bw="0" slack="2147483647"/>
<pin id="209" dir="1" index="3" bw="6" slack="0"/>
</pin_list>
<bind>
<opcode="load(27) " fcode="load"/>
<opset="p_ZL7threshs_1_load/4 "/>
</bind>
</comp>

<comp id="211" class="1004" name="p_ZL7threshs_2_addr_gep_fu_211">
<pin_list>
<pin id="212" dir="0" index="0" bw="8" slack="0"/>
<pin id="213" dir="0" index="1" bw="1" slack="0"/>
<pin id="214" dir="0" index="2" bw="32" slack="0"/>
<pin id="215" dir="1" index="3" bw="4" slack="0"/>
</pin_list>
<bind>
<opcode="getelementptr(29) " fcode="getelementptr"/>
<opset="p_ZL7threshs_2_addr/4 "/>
</bind>
</comp>

<comp id="218" class="1004" name="grp_access_fu_218">
<pin_list>
<pin id="219" dir="0" index="0" bw="4" slack="0"/>
<pin id="220" dir="0" index="1" bw="8" slack="2147483647"/>
<pin id="221" dir="0" index="2" bw="0" slack="2147483647"/>
<pin id="222" dir="1" index="3" bw="8" slack="0"/>
</pin_list>
<bind>
<opcode="load(27) " fcode="load"/>
<opset="p_ZL7threshs_2_load/4 "/>
</bind>
</comp>

<comp id="224" class="1004" name="p_ZL7threshs_3_addr_gep_fu_224">
<pin_list>
<pin id="225" dir="0" index="0" bw="5" slack="0"/>
<pin id="226" dir="0" index="1" bw="1" slack="0"/>
<pin id="227" dir="0" index="2" bw="32" slack="0"/>
<pin id="228" dir="1" index="3" bw="4" slack="0"/>
</pin_list>
<bind>
<opcode="getelementptr(29) " fcode="getelementptr"/>
<opset="p_ZL7threshs_3_addr/4 "/>
</bind>
</comp>

<comp id="231" class="1004" name="grp_access_fu_231">
<pin_list>
<pin id="232" dir="0" index="0" bw="4" slack="0"/>
<pin id="233" dir="0" index="1" bw="5" slack="2147483647"/>
<pin id="234" dir="0" index="2" bw="0" slack="2147483647"/>
<pin id="235" dir="1" index="3" bw="5" slack="0"/>
</pin_list>
<bind>
<opcode="load(27) " fcode="load"/>
<opset="p_ZL7threshs_3_load/4 "/>
</bind>
</comp>

<comp id="237" class="1004" name="p_ZL7threshs_4_addr_gep_fu_237">
<pin_list>
<pin id="238" dir="0" index="0" bw="9" slack="0"/>
<pin id="239" dir="0" index="1" bw="1" slack="0"/>
<pin id="240" dir="0" index="2" bw="32" slack="0"/>
<pin id="241" dir="1" index="3" bw="4" slack="0"/>
</pin_list>
<bind>
<opcode="getelementptr(29) " fcode="getelementptr"/>
<opset="p_ZL7threshs_4_addr/4 "/>
</bind>
</comp>

<comp id="244" class="1004" name="grp_access_fu_244">
<pin_list>
<pin id="245" dir="0" index="0" bw="4" slack="0"/>
<pin id="246" dir="0" index="1" bw="9" slack="2147483647"/>
<pin id="247" dir="0" index="2" bw="0" slack="2147483647"/>
<pin id="248" dir="1" index="3" bw="9" slack="0"/>
</pin_list>
<bind>
<opcode="load(27) " fcode="load"/>
<opset="p_ZL7threshs_4_load/4 "/>
</bind>
</comp>

<comp id="250" class="1004" name="p_ZL7threshs_5_addr_gep_fu_250">
<pin_list>
<pin id="251" dir="0" index="0" bw="9" slack="0"/>
<pin id="252" dir="0" index="1" bw="1" slack="0"/>
<pin id="253" dir="0" index="2" bw="32" slack="0"/>
<pin id="254" dir="1" index="3" bw="4" slack="0"/>
</pin_list>
<bind>
<opcode="getelementptr(29) " fcode="getelementptr"/>
<opset="p_ZL7threshs_5_addr/4 "/>
</bind>
</comp>

<comp id="257" class="1004" name="grp_access_fu_257">
<pin_list>
<pin id="258" dir="0" index="0" bw="4" slack="0"/>
<pin id="259" dir="0" index="1" bw="9" slack="2147483647"/>
<pin id="260" dir="0" index="2" bw="0" slack="2147483647"/>
<pin id="261" dir="1" index="3" bw="9" slack="0"/>
</pin_list>
<bind>
<opcode="load(27) " fcode="load"/>
<opset="p_ZL7threshs_5_load/4 "/>
</bind>
</comp>

<comp id="263" class="1004" name="p_ZL7threshs_6_addr_gep_fu_263">
<pin_list>
<pin id="264" dir="0" index="0" bw="8" slack="0"/>
<pin id="265" dir="0" index="1" bw="1" slack="0"/>
<pin id="266" dir="0" index="2" bw="32" slack="0"/>
<pin id="267" dir="1" index="3" bw="4" slack="0"/>
</pin_list>
<bind>
<opcode="getelementptr(29) " fcode="getelementptr"/>
<opset="p_ZL7threshs_6_addr/4 "/>
</bind>
</comp>

<comp id="270" class="1004" name="grp_access_fu_270">
<pin_list>
<pin id="271" dir="0" index="0" bw="4" slack="0"/>
<pin id="272" dir="0" index="1" bw="8" slack="2147483647"/>
<pin id="273" dir="0" index="2" bw="0" slack="2147483647"/>
<pin id="274" dir="1" index="3" bw="8" slack="0"/>
</pin_list>
<bind>
<opcode="load(27) " fcode="load"/>
<opset="p_ZL7threshs_6_load/4 "/>
</bind>
</comp>

<comp id="276" class="1004" name="p_ZL7threshs_7_addr_gep_fu_276">
<pin_list>
<pin id="277" dir="0" index="0" bw="10" slack="0"/>
<pin id="278" dir="0" index="1" bw="1" slack="0"/>
<pin id="279" dir="0" index="2" bw="32" slack="0"/>
<pin id="280" dir="1" index="3" bw="4" slack="0"/>
</pin_list>
<bind>
<opcode="getelementptr(29) " fcode="getelementptr"/>
<opset="p_ZL7threshs_7_addr/4 "/>
</bind>
</comp>

<comp id="283" class="1004" name="grp_access_fu_283">
<pin_list>
<pin id="284" dir="0" index="0" bw="4" slack="0"/>
<pin id="285" dir="0" index="1" bw="10" slack="2147483647"/>
<pin id="286" dir="0" index="2" bw="0" slack="2147483647"/>
<pin id="287" dir="1" index="3" bw="10" slack="0"/>
</pin_list>
<bind>
<opcode="load(27) " fcode="load"/>
<opset="p_ZL7threshs_7_load/4 "/>
</bind>
</comp>

<comp id="289" class="1004" name="p_ZL7threshs_8_addr_gep_fu_289">
<pin_list>
<pin id="290" dir="0" index="0" bw="10" slack="0"/>
<pin id="291" dir="0" index="1" bw="1" slack="0"/>
<pin id="292" dir="0" index="2" bw="32" slack="0"/>
<pin id="293" dir="1" index="3" bw="4" slack="0"/>
</pin_list>
<bind>
<opcode="getelementptr(29) " fcode="getelementptr"/>
<opset="p_ZL7threshs_8_addr/4 "/>
</bind>
</comp>

<comp id="296" class="1004" name="grp_access_fu_296">
<pin_list>
<pin id="297" dir="0" index="0" bw="4" slack="0"/>
<pin id="298" dir="0" index="1" bw="10" slack="2147483647"/>
<pin id="299" dir="0" index="2" bw="0" slack="2147483647"/>
<pin id="300" dir="1" index="3" bw="10" slack="0"/>
</pin_list>
<bind>
<opcode="load(27) " fcode="load"/>
<opset="p_ZL7threshs_8_load/4 "/>
</bind>
</comp>

<comp id="302" class="1004" name="p_ZL7threshs_9_addr_gep_fu_302">
<pin_list>
<pin id="303" dir="0" index="0" bw="10" slack="0"/>
<pin id="304" dir="0" index="1" bw="1" slack="0"/>
<pin id="305" dir="0" index="2" bw="32" slack="0"/>
<pin id="306" dir="1" index="3" bw="4" slack="0"/>
</pin_list>
<bind>
<opcode="getelementptr(29) " fcode="getelementptr"/>
<opset="p_ZL7threshs_9_addr/4 "/>
</bind>
</comp>

<comp id="309" class="1004" name="grp_access_fu_309">
<pin_list>
<pin id="310" dir="0" index="0" bw="4" slack="0"/>
<pin id="311" dir="0" index="1" bw="10" slack="2147483647"/>
<pin id="312" dir="0" index="2" bw="0" slack="2147483647"/>
<pin id="313" dir="1" index="3" bw="10" slack="0"/>
</pin_list>
<bind>
<opcode="load(27) " fcode="load"/>
<opset="p_ZL7threshs_9_load/4 "/>
</bind>
</comp>

<comp id="315" class="1004" name="p_ZL7threshs_10_addr_gep_fu_315">
<pin_list>
<pin id="316" dir="0" index="0" bw="10" slack="0"/>
<pin id="317" dir="0" index="1" bw="1" slack="0"/>
<pin id="318" dir="0" index="2" bw="32" slack="0"/>
<pin id="319" dir="1" index="3" bw="4" slack="0"/>
</pin_list>
<bind>
<opcode="getelementptr(29) " fcode="getelementptr"/>
<opset="p_ZL7threshs_10_addr/4 "/>
</bind>
</comp>

<comp id="322" class="1004" name="grp_access_fu_322">
<pin_list>
<pin id="323" dir="0" index="0" bw="4" slack="0"/>
<pin id="324" dir="0" index="1" bw="10" slack="2147483647"/>
<pin id="325" dir="0" index="2" bw="0" slack="2147483647"/>
<pin id="326" dir="1" index="3" bw="10" slack="0"/>
</pin_list>
<bind>
<opcode="load(27) " fcode="load"/>
<opset="p_ZL7threshs_10_load/4 "/>
</bind>
</comp>

<comp id="328" class="1004" name="p_ZL7threshs_11_addr_gep_fu_328">
<pin_list>
<pin id="329" dir="0" index="0" bw="9" slack="0"/>
<pin id="330" dir="0" index="1" bw="1" slack="0"/>
<pin id="331" dir="0" index="2" bw="32" slack="0"/>
<pin id="332" dir="1" index="3" bw="4" slack="0"/>
</pin_list>
<bind>
<opcode="getelementptr(29) " fcode="getelementptr"/>
<opset="p_ZL7threshs_11_addr/4 "/>
</bind>
</comp>

<comp id="335" class="1004" name="grp_access_fu_335">
<pin_list>
<pin id="336" dir="0" index="0" bw="4" slack="0"/>
<pin id="337" dir="0" index="1" bw="9" slack="2147483647"/>
<pin id="338" dir="0" index="2" bw="0" slack="2147483647"/>
<pin id="339" dir="1" index="3" bw="9" slack="0"/>
</pin_list>
<bind>
<opcode="load(27) " fcode="load"/>
<opset="p_ZL7threshs_11_load/4 "/>
</bind>
</comp>

<comp id="341" class="1004" name="p_ZL7threshs_12_addr_gep_fu_341">
<pin_list>
<pin id="342" dir="0" index="0" bw="9" slack="0"/>
<pin id="343" dir="0" index="1" bw="1" slack="0"/>
<pin id="344" dir="0" index="2" bw="32" slack="0"/>
<pin id="345" dir="1" index="3" bw="4" slack="0"/>
</pin_list>
<bind>
<opcode="getelementptr(29) " fcode="getelementptr"/>
<opset="p_ZL7threshs_12_addr/4 "/>
</bind>
</comp>

<comp id="348" class="1004" name="grp_access_fu_348">
<pin_list>
<pin id="349" dir="0" index="0" bw="4" slack="0"/>
<pin id="350" dir="0" index="1" bw="9" slack="2147483647"/>
<pin id="351" dir="0" index="2" bw="0" slack="2147483647"/>
<pin id="352" dir="1" index="3" bw="9" slack="0"/>
</pin_list>
<bind>
<opcode="load(27) " fcode="load"/>
<opset="p_ZL7threshs_12_load/4 "/>
</bind>
</comp>

<comp id="354" class="1004" name="p_ZL7threshs_13_addr_gep_fu_354">
<pin_list>
<pin id="355" dir="0" index="0" bw="8" slack="0"/>
<pin id="356" dir="0" index="1" bw="1" slack="0"/>
<pin id="357" dir="0" index="2" bw="32" slack="0"/>
<pin id="358" dir="1" index="3" bw="4" slack="0"/>
</pin_list>
<bind>
<opcode="getelementptr(29) " fcode="getelementptr"/>
<opset="p_ZL7threshs_13_addr/4 "/>
</bind>
</comp>

<comp id="361" class="1004" name="grp_access_fu_361">
<pin_list>
<pin id="362" dir="0" index="0" bw="4" slack="0"/>
<pin id="363" dir="0" index="1" bw="8" slack="2147483647"/>
<pin id="364" dir="0" index="2" bw="0" slack="2147483647"/>
<pin id="365" dir="1" index="3" bw="8" slack="0"/>
</pin_list>
<bind>
<opcode="load(27) " fcode="load"/>
<opset="p_ZL7threshs_13_load/4 "/>
</bind>
</comp>

<comp id="367" class="1004" name="p_ZL7threshs_14_addr_gep_fu_367">
<pin_list>
<pin id="368" dir="0" index="0" bw="7" slack="0"/>
<pin id="369" dir="0" index="1" bw="1" slack="0"/>
<pin id="370" dir="0" index="2" bw="32" slack="0"/>
<pin id="371" dir="1" index="3" bw="4" slack="0"/>
</pin_list>
<bind>
<opcode="getelementptr(29) " fcode="getelementptr"/>
<opset="p_ZL7threshs_14_addr/4 "/>
</bind>
</comp>

<comp id="374" class="1004" name="grp_access_fu_374">
<pin_list>
<pin id="375" dir="0" index="0" bw="4" slack="0"/>
<pin id="376" dir="0" index="1" bw="7" slack="2147483647"/>
<pin id="377" dir="0" index="2" bw="0" slack="2147483647"/>
<pin id="378" dir="1" index="3" bw="7" slack="0"/>
</pin_list>
<bind>
<opcode="load(27) " fcode="load"/>
<opset="p_ZL7threshs_14_load/4 "/>
</bind>
</comp>

<comp id="380" class="1005" name="inElem_1_reg_380">
<pin_list>
<pin id="381" dir="0" index="0" bw="8" slack="2147483647"/>
<pin id="382" dir="1" index="1" bw="8" slack="2147483647"/>
</pin_list>
<bind>
<opset="inElem_1 (phireg) "/>
</bind>
</comp>

<comp id="383" class="1004" name="inElem_1_phi_fu_383">
<pin_list>
<pin id="384" dir="0" index="0" bw="8" slack="1"/>
<pin id="385" dir="0" index="1" bw="0" slack="2147483647"/>
<pin id="386" dir="0" index="2" bw="8" slack="1"/>
<pin id="387" dir="0" index="3" bw="0" slack="2147483647"/>
<pin id="388" dir="0" index="4" bw="8" slack="1"/>
<pin id="389" dir="0" index="5" bw="0" slack="2147483647"/>
<pin id="390" dir="0" index="6" bw="8" slack="1"/>
<pin id="391" dir="0" index="7" bw="0" slack="2147483647"/>
<pin id="392" dir="0" index="8" bw="8" slack="1"/>
<pin id="393" dir="0" index="9" bw="0" slack="2147483647"/>
<pin id="394" dir="0" index="10" bw="8" slack="1"/>
<pin id="395" dir="0" index="11" bw="0" slack="2147483647"/>
<pin id="396" dir="0" index="12" bw="8" slack="1"/>
<pin id="397" dir="0" index="13" bw="0" slack="2147483647"/>
<pin id="398" dir="0" index="14" bw="8" slack="1"/>
<pin id="399" dir="0" index="15" bw="0" slack="2147483647"/>
<pin id="400" dir="0" index="16" bw="8" slack="1"/>
<pin id="401" dir="0" index="17" bw="0" slack="2147483647"/>
<pin id="402" dir="0" index="18" bw="8" slack="1"/>
<pin id="403" dir="0" index="19" bw="0" slack="2147483647"/>
<pin id="404" dir="1" index="20" bw="8" slack="0"/>
</pin_list>
<bind>
<opcode="phi(47) " fcode="phi"/>
<opset="inElem_1/2 "/>
</bind>
</comp>

<comp id="405" class="1004" name="store_ln249_store_fu_405">
<pin_list>
<pin id="406" dir="0" index="0" bw="1" slack="0"/>
<pin id="407" dir="0" index="1" bw="32" slack="0"/>
<pin id="408" dir="1" index="2" bw="0" slack="2147483647"/>
</pin_list>
<bind>
<opcode="store(28) " fcode="store"/>
<opset="store_ln249/1 "/>
</bind>
</comp>

<comp id="410" class="1004" name="store_ln249_store_fu_410">
<pin_list>
<pin id="411" dir="0" index="0" bw="1" slack="0"/>
<pin id="412" dir="0" index="1" bw="20" slack="0"/>
<pin id="413" dir="1" index="2" bw="0" slack="2147483647"/>
</pin_list>
<bind>
<opcode="store(28) " fcode="store"/>
<opset="store_ln249/1 "/>
</bind>
</comp>

<comp id="415" class="1004" name="store_ln249_store_fu_415">
<pin_list>
<pin id="416" dir="0" index="0" bw="1" slack="0"/>
<pin id="417" dir="0" index="1" bw="32" slack="0"/>
<pin id="418" dir="1" index="2" bw="0" slack="2147483647"/>
</pin_list>
<bind>
<opcode="store(28) " fcode="store"/>
<opset="store_ln249/1 "/>
</bind>
</comp>

<comp id="420" class="1004" name="sf_1_load_fu_420">
<pin_list>
<pin id="421" dir="0" index="0" bw="32" slack="0"/>
<pin id="422" dir="1" index="1" bw="32" slack="0"/>
</pin_list>
<bind>
<opcode="load(27) " fcode="load"/>
<opset="sf_1/1 "/>
</bind>
</comp>

<comp id="423" class="1004" name="i_1_load_fu_423">
<pin_list>
<pin id="424" dir="0" index="0" bw="20" slack="0"/>
<pin id="425" dir="1" index="1" bw="20" slack="0"/>
</pin_list>
<bind>
<opcode="load(27) " fcode="load"/>
<opset="i_1/1 "/>
</bind>
</comp>

<comp id="426" class="1004" name="nf_2_load_fu_426">
<pin_list>
<pin id="427" dir="0" index="0" bw="32" slack="0"/>
<pin id="428" dir="1" index="1" bw="32" slack="0"/>
</pin_list>
<bind>
<opcode="load(27) " fcode="load"/>
<opset="nf_2/1 "/>
</bind>
</comp>

<comp id="429" class="1004" name="icmp_ln249_fu_429">
<pin_list>
<pin id="430" dir="0" index="0" bw="20" slack="0"/>
<pin id="431" dir="0" index="1" bw="20" slack="0"/>
<pin id="432" dir="1" index="2" bw="1" slack="1"/>
</pin_list>
<bind>
<opcode="icmp(45) " fcode="icmp"/>
<opset="icmp_ln249/1 "/>
</bind>
</comp>

<comp id="435" class="1004" name="i_2_fu_435">
<pin_list>
<pin id="436" dir="0" index="0" bw="20" slack="0"/>
<pin id="437" dir="0" index="1" bw="1" slack="0"/>
<pin id="438" dir="1" index="2" bw="20" slack="0"/>
</pin_list>
<bind>
<opcode="add(8) " fcode="add"/>
<opset="i_2/1 "/>
</bind>
</comp>

<comp id="441" class="1004" name="icmp_ln253_fu_441">
<pin_list>
<pin id="442" dir="0" index="0" bw="32" slack="0"/>
<pin id="443" dir="0" index="1" bw="32" slack="0"/>
<pin id="444" dir="1" index="2" bw="1" slack="1"/>
</pin_list>
<bind>
<opcode="icmp(45) " fcode="icmp"/>
<opset="icmp_ln253/1 "/>
</bind>
</comp>

<comp id="447" class="1004" name="inputBuf_V_load_load_fu_447">
<pin_list>
<pin id="448" dir="0" index="0" bw="8" slack="0"/>
<pin id="449" dir="1" index="1" bw="8" slack="0"/>
</pin_list>
<bind>
<opcode="load(27) " fcode="load"/>
<opset="inputBuf_V_load/1 "/>
</bind>
</comp>

<comp id="450" class="1004" name="inputBuf_V_1_load_load_fu_450">
<pin_list>
<pin id="451" dir="0" index="0" bw="8" slack="0"/>
<pin id="452" dir="1" index="1" bw="8" slack="0"/>
</pin_list>
<bind>
<opcode="load(27) " fcode="load"/>
<opset="inputBuf_V_1_load/1 "/>
</bind>
</comp>

<comp id="453" class="1004" name="inputBuf_V_2_load_load_fu_453">
<pin_list>
<pin id="454" dir="0" index="0" bw="8" slack="0"/>
<pin id="455" dir="1" index="1" bw="8" slack="0"/>
</pin_list>
<bind>
<opcode="load(27) " fcode="load"/>
<opset="inputBuf_V_2_load/1 "/>
</bind>
</comp>

<comp id="456" class="1004" name="inputBuf_V_3_load_load_fu_456">
<pin_list>
<pin id="457" dir="0" index="0" bw="8" slack="0"/>
<pin id="458" dir="1" index="1" bw="8" slack="0"/>
</pin_list>
<bind>
<opcode="load(27) " fcode="load"/>
<opset="inputBuf_V_3_load/1 "/>
</bind>
</comp>

<comp id="459" class="1004" name="inputBuf_V_4_load_load_fu_459">
<pin_list>
<pin id="460" dir="0" index="0" bw="8" slack="0"/>
<pin id="461" dir="1" index="1" bw="8" slack="0"/>
</pin_list>
<bind>
<opcode="load(27) " fcode="load"/>
<opset="inputBuf_V_4_load/1 "/>
</bind>
</comp>

<comp id="462" class="1004" name="inputBuf_V_5_load_load_fu_462">
<pin_list>
<pin id="463" dir="0" index="0" bw="8" slack="0"/>
<pin id="464" dir="1" index="1" bw="8" slack="0"/>
</pin_list>
<bind>
<opcode="load(27) " fcode="load"/>
<opset="inputBuf_V_5_load/1 "/>
</bind>
</comp>

<comp id="465" class="1004" name="inputBuf_V_6_load_load_fu_465">
<pin_list>
<pin id="466" dir="0" index="0" bw="8" slack="0"/>
<pin id="467" dir="1" index="1" bw="8" slack="0"/>
</pin_list>
<bind>
<opcode="load(27) " fcode="load"/>
<opset="inputBuf_V_6_load/1 "/>
</bind>
</comp>

<comp id="468" class="1004" name="inputBuf_V_7_load_load_fu_468">
<pin_list>
<pin id="469" dir="0" index="0" bw="8" slack="0"/>
<pin id="470" dir="1" index="1" bw="8" slack="0"/>
</pin_list>
<bind>
<opcode="load(27) " fcode="load"/>
<opset="inputBuf_V_7_load/1 "/>
</bind>
</comp>

<comp id="471" class="1004" name="inputBuf_V_8_load_load_fu_471">
<pin_list>
<pin id="472" dir="0" index="0" bw="8" slack="0"/>
<pin id="473" dir="1" index="1" bw="8" slack="0"/>
</pin_list>
<bind>
<opcode="load(27) " fcode="load"/>
<opset="inputBuf_V_8_load/1 "/>
</bind>
</comp>

<comp id="474" class="1004" name="trunc_ln261_fu_474">
<pin_list>
<pin id="475" dir="0" index="0" bw="32" slack="0"/>
<pin id="476" dir="1" index="1" bw="4" slack="0"/>
</pin_list>
<bind>
<opcode="trunc(33) " fcode="trunc"/>
<opset="trunc_ln261/1 "/>
</bind>
</comp>

<comp id="478" class="1004" name="tmp_fu_478">
<pin_list>
<pin id="479" dir="0" index="0" bw="8" slack="0"/>
<pin id="480" dir="0" index="1" bw="8" slack="0"/>
<pin id="481" dir="0" index="2" bw="8" slack="0"/>
<pin id="482" dir="0" index="3" bw="8" slack="0"/>
<pin id="483" dir="0" index="4" bw="8" slack="0"/>
<pin id="484" dir="0" index="5" bw="8" slack="0"/>
<pin id="485" dir="0" index="6" bw="8" slack="0"/>
<pin id="486" dir="0" index="7" bw="8" slack="0"/>
<pin id="487" dir="0" index="8" bw="8" slack="0"/>
<pin id="488" dir="0" index="9" bw="8" slack="0"/>
<pin id="489" dir="0" index="10" bw="4" slack="0"/>
<pin id="490" dir="1" index="11" bw="8" slack="1"/>
</pin_list>
<bind>
<opcode="mux(1196) " fcode="mux"/>
<opset="tmp/1 "/>
</bind>
</comp>

<comp id="502" class="1004" name="trunc_ln257_fu_502">
<pin_list>
<pin id="503" dir="0" index="0" bw="32" slack="0"/>
<pin id="504" dir="1" index="1" bw="4" slack="1"/>
</pin_list>
<bind>
<opcode="trunc(33) " fcode="trunc"/>
<opset="trunc_ln257/1 "/>
</bind>
</comp>

<comp id="506" class="1004" name="store_ln257_store_fu_506">
<pin_list>
<pin id="507" dir="0" index="0" bw="8" slack="0"/>
<pin id="508" dir="0" index="1" bw="8" slack="0"/>
<pin id="509" dir="1" index="2" bw="0" slack="2147483647"/>
</pin_list>
<bind>
<opcode="store(28) " fcode="store"/>
<opset="store_ln257/1 "/>
</bind>
</comp>

<comp id="511" class="1004" name="store_ln257_store_fu_511">
<pin_list>
<pin id="512" dir="0" index="0" bw="8" slack="0"/>
<pin id="513" dir="0" index="1" bw="8" slack="0"/>
<pin id="514" dir="1" index="2" bw="0" slack="2147483647"/>
</pin_list>
<bind>
<opcode="store(28) " fcode="store"/>
<opset="store_ln257/1 "/>
</bind>
</comp>

<comp id="516" class="1004" name="store_ln257_store_fu_516">
<pin_list>
<pin id="517" dir="0" index="0" bw="8" slack="0"/>
<pin id="518" dir="0" index="1" bw="8" slack="0"/>
<pin id="519" dir="1" index="2" bw="0" slack="2147483647"/>
</pin_list>
<bind>
<opcode="store(28) " fcode="store"/>
<opset="store_ln257/1 "/>
</bind>
</comp>

<comp id="521" class="1004" name="store_ln257_store_fu_521">
<pin_list>
<pin id="522" dir="0" index="0" bw="8" slack="0"/>
<pin id="523" dir="0" index="1" bw="8" slack="0"/>
<pin id="524" dir="1" index="2" bw="0" slack="2147483647"/>
</pin_list>
<bind>
<opcode="store(28) " fcode="store"/>
<opset="store_ln257/1 "/>
</bind>
</comp>

<comp id="526" class="1004" name="store_ln257_store_fu_526">
<pin_list>
<pin id="527" dir="0" index="0" bw="8" slack="0"/>
<pin id="528" dir="0" index="1" bw="8" slack="0"/>
<pin id="529" dir="1" index="2" bw="0" slack="2147483647"/>
</pin_list>
<bind>
<opcode="store(28) " fcode="store"/>
<opset="store_ln257/1 "/>
</bind>
</comp>

<comp id="531" class="1004" name="store_ln257_store_fu_531">
<pin_list>
<pin id="532" dir="0" index="0" bw="8" slack="0"/>
<pin id="533" dir="0" index="1" bw="8" slack="0"/>
<pin id="534" dir="1" index="2" bw="0" slack="2147483647"/>
</pin_list>
<bind>
<opcode="store(28) " fcode="store"/>
<opset="store_ln257/1 "/>
</bind>
</comp>

<comp id="536" class="1004" name="store_ln257_store_fu_536">
<pin_list>
<pin id="537" dir="0" index="0" bw="8" slack="0"/>
<pin id="538" dir="0" index="1" bw="8" slack="0"/>
<pin id="539" dir="1" index="2" bw="0" slack="2147483647"/>
</pin_list>
<bind>
<opcode="store(28) " fcode="store"/>
<opset="store_ln257/1 "/>
</bind>
</comp>

<comp id="541" class="1004" name="store_ln257_store_fu_541">
<pin_list>
<pin id="542" dir="0" index="0" bw="8" slack="0"/>
<pin id="543" dir="0" index="1" bw="8" slack="0"/>
<pin id="544" dir="1" index="2" bw="0" slack="2147483647"/>
</pin_list>
<bind>
<opcode="store(28) " fcode="store"/>
<opset="store_ln257/1 "/>
</bind>
</comp>

<comp id="546" class="1004" name="store_ln257_store_fu_546">
<pin_list>
<pin id="547" dir="0" index="0" bw="8" slack="0"/>
<pin id="548" dir="0" index="1" bw="8" slack="0"/>
<pin id="549" dir="1" index="2" bw="0" slack="2147483647"/>
</pin_list>
<bind>
<opcode="store(28) " fcode="store"/>
<opset="store_ln257/1 "/>
</bind>
</comp>

<comp id="551" class="1004" name="W_packed_V_fu_551">
<pin_list>
<pin id="552" dir="0" index="0" bw="8" slack="0"/>
<pin id="553" dir="1" index="1" bw="4" slack="1"/>
</pin_list>
<bind>
<opcode="trunc(33) " fcode="trunc"/>
<opset="W_packed_V/1 "/>
</bind>
</comp>

<comp id="555" class="1004" name="icmp_ln272_fu_555">
<pin_list>
<pin id="556" dir="0" index="0" bw="32" slack="0"/>
<pin id="557" dir="0" index="1" bw="32" slack="0"/>
<pin id="558" dir="1" index="2" bw="1" slack="3"/>
</pin_list>
<bind>
<opcode="icmp(45) " fcode="icmp"/>
<opset="icmp_ln272/1 "/>
</bind>
</comp>

<comp id="561" class="1004" name="sf_2_fu_561">
<pin_list>
<pin id="562" dir="0" index="0" bw="32" slack="0"/>
<pin id="563" dir="0" index="1" bw="1" slack="0"/>
<pin id="564" dir="1" index="2" bw="32" slack="0"/>
</pin_list>
<bind>
<opcode="add(8) " fcode="add"/>
<opset="sf_2/1 "/>
</bind>
</comp>

<comp id="567" class="1004" name="icmp_ln290_fu_567">
<pin_list>
<pin id="568" dir="0" index="0" bw="32" slack="0"/>
<pin id="569" dir="0" index="1" bw="32" slack="0"/>
<pin id="570" dir="1" index="2" bw="1" slack="3"/>
</pin_list>
<bind>
<opcode="icmp(45) " fcode="icmp"/>
<opset="icmp_ln290/1 "/>
</bind>
</comp>

<comp id="573" class="1004" name="store_ln290_store_fu_573">
<pin_list>
<pin id="574" dir="0" index="0" bw="32" slack="0"/>
<pin id="575" dir="0" index="1" bw="32" slack="0"/>
<pin id="576" dir="1" index="2" bw="0" slack="2147483647"/>
</pin_list>
<bind>
<opcode="store(28) " fcode="store"/>
<opset="store_ln290/1 "/>
</bind>
</comp>

<comp id="578" class="1004" name="nf_fu_578">
<pin_list>
<pin id="579" dir="0" index="0" bw="32" slack="0"/>
<pin id="580" dir="0" index="1" bw="1" slack="0"/>
<pin id="581" dir="1" index="2" bw="32" slack="0"/>
</pin_list>
<bind>
<opcode="add(8) " fcode="add"/>
<opset="nf/1 "/>
</bind>
</comp>

<comp id="584" class="1004" name="icmp_ln302_fu_584">
<pin_list>
<pin id="585" dir="0" index="0" bw="32" slack="0"/>
<pin id="586" dir="0" index="1" bw="32" slack="0"/>
<pin id="587" dir="1" index="2" bw="1" slack="0"/>
</pin_list>
<bind>
<opcode="icmp(45) " fcode="icmp"/>
<opset="icmp_ln302/1 "/>
</bind>
</comp>

<comp id="590" class="1004" name="nf_3_fu_590">
<pin_list>
<pin id="591" dir="0" index="0" bw="1" slack="0"/>
<pin id="592" dir="0" index="1" bw="32" slack="0"/>
<pin id="593" dir="0" index="2" bw="32" slack="0"/>
<pin id="594" dir="1" index="3" bw="32" slack="0"/>
</pin_list>
<bind>
<opcode="select(49) " fcode="select"/>
<opset="nf_3/1 "/>
</bind>
</comp>

<comp id="598" class="1004" name="store_ln306_store_fu_598">
<pin_list>
<pin id="599" dir="0" index="0" bw="32" slack="0"/>
<pin id="600" dir="0" index="1" bw="32" slack="0"/>
<pin id="601" dir="1" index="2" bw="0" slack="2147483647"/>
</pin_list>
<bind>
<opcode="store(28) " fcode="store"/>
<opset="store_ln306/1 "/>
</bind>
</comp>

<comp id="603" class="1004" name="store_ln306_store_fu_603">
<pin_list>
<pin id="604" dir="0" index="0" bw="1" slack="0"/>
<pin id="605" dir="0" index="1" bw="32" slack="0"/>
<pin id="606" dir="1" index="2" bw="0" slack="2147483647"/>
</pin_list>
<bind>
<opcode="store(28) " fcode="store"/>
<opset="store_ln306/1 "/>
</bind>
</comp>

<comp id="608" class="1004" name="store_ln249_store_fu_608">
<pin_list>
<pin id="609" dir="0" index="0" bw="20" slack="0"/>
<pin id="610" dir="0" index="1" bw="20" slack="0"/>
<pin id="611" dir="1" index="2" bw="0" slack="2147483647"/>
</pin_list>
<bind>
<opcode="store(28) " fcode="store"/>
<opset="store_ln249/1 "/>
</bind>
</comp>

<comp id="613" class="1004" name="sext_ln1494_fu_613">
<pin_list>
<pin id="614" dir="0" index="0" bw="4" slack="1"/>
<pin id="615" dir="1" index="1" bw="12" slack="0"/>
</pin_list>
<bind>
<opcode="sext(35) " fcode="sext"/>
<opset="sext_ln1494/2 "/>
</bind>
</comp>

<comp id="616" class="1004" name="sext_ln1494_1_fu_616">
<pin_list>
<pin id="617" dir="0" index="0" bw="8" slack="0"/>
<pin id="618" dir="1" index="1" bw="12" slack="0"/>
</pin_list>
<bind>
<opcode="sext(35) " fcode="sext"/>
<opset="sext_ln1494_1/2 "/>
</bind>
</comp>

<comp id="620" class="1004" name="add_i4_i338_load_load_fu_620">
<pin_list>
<pin id="621" dir="0" index="0" bw="14" slack="3"/>
<pin id="622" dir="1" index="1" bw="14" slack="0"/>
</pin_list>
<bind>
<opcode="load(27) " fcode="load"/>
<opset="add_i4_i338_load/4 "/>
</bind>
</comp>

<comp id="623" class="1004" name="select_ln272_fu_623">
<pin_list>
<pin id="624" dir="0" index="0" bw="1" slack="3"/>
<pin id="625" dir="0" index="1" bw="14" slack="0"/>
<pin id="626" dir="0" index="2" bw="14" slack="0"/>
<pin id="627" dir="1" index="3" bw="14" slack="0"/>
</pin_list>
<bind>
<opcode="select(49) " fcode="select"/>
<opset="select_ln272/4 "/>
</bind>
</comp>

<comp id="630" class="1004" name="idxprom2_i_fu_630">
<pin_list>
<pin id="631" dir="0" index="0" bw="32" slack="3"/>
<pin id="632" dir="1" index="1" bw="64" slack="0"/>
</pin_list>
<bind>
<opcode="zext(34) " fcode="zext"/>
<opset="idxprom2_i/4 "/>
</bind>
</comp>

<comp id="648" class="1004" name="zext_ln1039_fu_648">
<pin_list>
<pin id="649" dir="0" index="0" bw="6" slack="0"/>
<pin id="650" dir="1" index="1" bw="14" slack="0"/>
</pin_list>
<bind>
<opcode="zext(34) " fcode="zext"/>
<opset="zext_ln1039/5 "/>
</bind>
</comp>

<comp id="652" class="1004" name="icmp_ln1039_fu_652">
<pin_list>
<pin id="653" dir="0" index="0" bw="14" slack="0"/>
<pin id="654" dir="0" index="1" bw="14" slack="0"/>
<pin id="655" dir="1" index="2" bw="1" slack="1"/>
</pin_list>
<bind>
<opcode="icmp(45) " fcode="icmp"/>
<opset="icmp_ln1039/5 "/>
</bind>
</comp>

<comp id="657" class="1004" name="sext_ln1039_fu_657">
<pin_list>
<pin id="658" dir="0" index="0" bw="6" slack="0"/>
<pin id="659" dir="1" index="1" bw="7" slack="0"/>
</pin_list>
<bind>
<opcode="sext(35) " fcode="sext"/>
<opset="sext_ln1039/5 "/>
</bind>
</comp>

<comp id="661" class="1004" name="zext_ln1039_1_fu_661">
<pin_list>
<pin id="662" dir="0" index="0" bw="6" slack="0"/>
<pin id="663" dir="1" index="1" bw="14" slack="0"/>
</pin_list>
<bind>
<opcode="zext(34) " fcode="zext"/>
<opset="zext_ln1039_1/5 "/>
</bind>
</comp>

<comp id="665" class="1004" name="icmp_ln1039_1_fu_665">
<pin_list>
<pin id="666" dir="0" index="0" bw="14" slack="0"/>
<pin id="667" dir="0" index="1" bw="14" slack="0"/>
<pin id="668" dir="1" index="2" bw="1" slack="1"/>
</pin_list>
<bind>
<opcode="icmp(45) " fcode="icmp"/>
<opset="icmp_ln1039_1/5 "/>
</bind>
</comp>

<comp id="670" class="1004" name="zext_ln1039_2_fu_670">
<pin_list>
<pin id="671" dir="0" index="0" bw="8" slack="0"/>
<pin id="672" dir="1" index="1" bw="14" slack="0"/>
</pin_list>
<bind>
<opcode="zext(34) " fcode="zext"/>
<opset="zext_ln1039_2/5 "/>
</bind>
</comp>

<comp id="674" class="1004" name="icmp_ln1039_2_fu_674">
<pin_list>
<pin id="675" dir="0" index="0" bw="14" slack="0"/>
<pin id="676" dir="0" index="1" bw="14" slack="0"/>
<pin id="677" dir="1" index="2" bw="1" slack="1"/>
</pin_list>
<bind>
<opcode="icmp(45) " fcode="icmp"/>
<opset="icmp_ln1039_2/5 "/>
</bind>
</comp>

<comp id="679" class="1004" name="sext_ln1039_1_fu_679">
<pin_list>
<pin id="680" dir="0" index="0" bw="5" slack="0"/>
<pin id="681" dir="1" index="1" bw="8" slack="0"/>
</pin_list>
<bind>
<opcode="sext(35) " fcode="sext"/>
<opset="sext_ln1039_1/5 "/>
</bind>
</comp>

<comp id="683" class="1004" name="zext_ln1039_3_fu_683">
<pin_list>
<pin id="684" dir="0" index="0" bw="5" slack="0"/>
<pin id="685" dir="1" index="1" bw="14" slack="0"/>
</pin_list>
<bind>
<opcode="zext(34) " fcode="zext"/>
<opset="zext_ln1039_3/5 "/>
</bind>
</comp>

<comp id="687" class="1004" name="icmp_ln1039_3_fu_687">
<pin_list>
<pin id="688" dir="0" index="0" bw="14" slack="0"/>
<pin id="689" dir="0" index="1" bw="14" slack="0"/>
<pin id="690" dir="1" index="2" bw="1" slack="1"/>
</pin_list>
<bind>
<opcode="icmp(45) " fcode="icmp"/>
<opset="icmp_ln1039_3/5 "/>
</bind>
</comp>

<comp id="692" class="1004" name="zext_ln1039_4_fu_692">
<pin_list>
<pin id="693" dir="0" index="0" bw="9" slack="0"/>
<pin id="694" dir="1" index="1" bw="14" slack="0"/>
</pin_list>
<bind>
<opcode="zext(34) " fcode="zext"/>
<opset="zext_ln1039_4/5 "/>
</bind>
</comp>

<comp id="696" class="1004" name="icmp_ln1039_4_fu_696">
<pin_list>
<pin id="697" dir="0" index="0" bw="14" slack="0"/>
<pin id="698" dir="0" index="1" bw="14" slack="0"/>
<pin id="699" dir="1" index="2" bw="1" slack="1"/>
</pin_list>
<bind>
<opcode="icmp(45) " fcode="icmp"/>
<opset="icmp_ln1039_4/5 "/>
</bind>
</comp>

<comp id="701" class="1004" name="zext_ln1039_5_fu_701">
<pin_list>
<pin id="702" dir="0" index="0" bw="9" slack="0"/>
<pin id="703" dir="1" index="1" bw="14" slack="0"/>
</pin_list>
<bind>
<opcode="zext(34) " fcode="zext"/>
<opset="zext_ln1039_5/5 "/>
</bind>
</comp>

<comp id="705" class="1004" name="icmp_ln1039_5_fu_705">
<pin_list>
<pin id="706" dir="0" index="0" bw="14" slack="0"/>
<pin id="707" dir="0" index="1" bw="14" slack="0"/>
<pin id="708" dir="1" index="2" bw="1" slack="1"/>
</pin_list>
<bind>
<opcode="icmp(45) " fcode="icmp"/>
<opset="icmp_ln1039_5/5 "/>
</bind>
</comp>

<comp id="710" class="1004" name="sext_ln1039_2_fu_710">
<pin_list>
<pin id="711" dir="0" index="0" bw="8" slack="0"/>
<pin id="712" dir="1" index="1" bw="9" slack="0"/>
</pin_list>
<bind>
<opcode="sext(35) " fcode="sext"/>
<opset="sext_ln1039_2/5 "/>
</bind>
</comp>

<comp id="714" class="1004" name="zext_ln1039_6_fu_714">
<pin_list>
<pin id="715" dir="0" index="0" bw="8" slack="0"/>
<pin id="716" dir="1" index="1" bw="14" slack="0"/>
</pin_list>
<bind>
<opcode="zext(34) " fcode="zext"/>
<opset="zext_ln1039_6/5 "/>
</bind>
</comp>

<comp id="718" class="1004" name="icmp_ln1039_6_fu_718">
<pin_list>
<pin id="719" dir="0" index="0" bw="14" slack="0"/>
<pin id="720" dir="0" index="1" bw="14" slack="0"/>
<pin id="721" dir="1" index="2" bw="1" slack="1"/>
</pin_list>
<bind>
<opcode="icmp(45) " fcode="icmp"/>
<opset="icmp_ln1039_6/5 "/>
</bind>
</comp>

<comp id="723" class="1004" name="zext_ln1039_7_fu_723">
<pin_list>
<pin id="724" dir="0" index="0" bw="10" slack="0"/>
<pin id="725" dir="1" index="1" bw="14" slack="0"/>
</pin_list>
<bind>
<opcode="zext(34) " fcode="zext"/>
<opset="zext_ln1039_7/5 "/>
</bind>
</comp>

<comp id="727" class="1004" name="icmp_ln1039_7_fu_727">
<pin_list>
<pin id="728" dir="0" index="0" bw="14" slack="0"/>
<pin id="729" dir="0" index="1" bw="14" slack="0"/>
<pin id="730" dir="1" index="2" bw="1" slack="1"/>
</pin_list>
<bind>
<opcode="icmp(45) " fcode="icmp"/>
<opset="icmp_ln1039_7/5 "/>
</bind>
</comp>

<comp id="732" class="1004" name="zext_ln1039_8_fu_732">
<pin_list>
<pin id="733" dir="0" index="0" bw="10" slack="0"/>
<pin id="734" dir="1" index="1" bw="14" slack="0"/>
</pin_list>
<bind>
<opcode="zext(34) " fcode="zext"/>
<opset="zext_ln1039_8/5 "/>
</bind>
</comp>

<comp id="736" class="1004" name="icmp_ln1039_8_fu_736">
<pin_list>
<pin id="737" dir="0" index="0" bw="14" slack="0"/>
<pin id="738" dir="0" index="1" bw="14" slack="0"/>
<pin id="739" dir="1" index="2" bw="1" slack="1"/>
</pin_list>
<bind>
<opcode="icmp(45) " fcode="icmp"/>
<opset="icmp_ln1039_8/5 "/>
</bind>
</comp>

<comp id="741" class="1004" name="zext_ln1039_9_fu_741">
<pin_list>
<pin id="742" dir="0" index="0" bw="10" slack="0"/>
<pin id="743" dir="1" index="1" bw="14" slack="0"/>
</pin_list>
<bind>
<opcode="zext(34) " fcode="zext"/>
<opset="zext_ln1039_9/5 "/>
</bind>
</comp>

<comp id="745" class="1004" name="icmp_ln1039_9_fu_745">
<pin_list>
<pin id="746" dir="0" index="0" bw="14" slack="0"/>
<pin id="747" dir="0" index="1" bw="14" slack="0"/>
<pin id="748" dir="1" index="2" bw="1" slack="1"/>
</pin_list>
<bind>
<opcode="icmp(45) " fcode="icmp"/>
<opset="icmp_ln1039_9/5 "/>
</bind>
</comp>

<comp id="750" class="1004" name="zext_ln1039_10_fu_750">
<pin_list>
<pin id="751" dir="0" index="0" bw="10" slack="0"/>
<pin id="752" dir="1" index="1" bw="14" slack="0"/>
</pin_list>
<bind>
<opcode="zext(34) " fcode="zext"/>
<opset="zext_ln1039_10/5 "/>
</bind>
</comp>

<comp id="754" class="1004" name="icmp_ln1039_10_fu_754">
<pin_list>
<pin id="755" dir="0" index="0" bw="14" slack="0"/>
<pin id="756" dir="0" index="1" bw="14" slack="0"/>
<pin id="757" dir="1" index="2" bw="1" slack="1"/>
</pin_list>
<bind>
<opcode="icmp(45) " fcode="icmp"/>
<opset="icmp_ln1039_10/5 "/>
</bind>
</comp>

<comp id="759" class="1004" name="sext_ln1039_3_fu_759">
<pin_list>
<pin id="760" dir="0" index="0" bw="9" slack="0"/>
<pin id="761" dir="1" index="1" bw="10" slack="0"/>
</pin_list>
<bind>
<opcode="sext(35) " fcode="sext"/>
<opset="sext_ln1039_3/5 "/>
</bind>
</comp>

<comp id="763" class="1004" name="zext_ln1039_11_fu_763">
<pin_list>
<pin id="764" dir="0" index="0" bw="9" slack="0"/>
<pin id="765" dir="1" index="1" bw="14" slack="0"/>
</pin_list>
<bind>
<opcode="zext(34) " fcode="zext"/>
<opset="zext_ln1039_11/5 "/>
</bind>
</comp>

<comp id="767" class="1004" name="icmp_ln1039_11_fu_767">
<pin_list>
<pin id="768" dir="0" index="0" bw="14" slack="0"/>
<pin id="769" dir="0" index="1" bw="14" slack="0"/>
<pin id="770" dir="1" index="2" bw="1" slack="1"/>
</pin_list>
<bind>
<opcode="icmp(45) " fcode="icmp"/>
<opset="icmp_ln1039_11/5 "/>
</bind>
</comp>

<comp id="772" class="1004" name="sext_ln1039_4_fu_772">
<pin_list>
<pin id="773" dir="0" index="0" bw="9" slack="0"/>
<pin id="774" dir="1" index="1" bw="10" slack="0"/>
</pin_list>
<bind>
<opcode="sext(35) " fcode="sext"/>
<opset="sext_ln1039_4/5 "/>
</bind>
</comp>

<comp id="776" class="1004" name="zext_ln1039_12_fu_776">
<pin_list>
<pin id="777" dir="0" index="0" bw="9" slack="0"/>
<pin id="778" dir="1" index="1" bw="14" slack="0"/>
</pin_list>
<bind>
<opcode="zext(34) " fcode="zext"/>
<opset="zext_ln1039_12/5 "/>
</bind>
</comp>

<comp id="780" class="1004" name="icmp_ln1039_12_fu_780">
<pin_list>
<pin id="781" dir="0" index="0" bw="14" slack="0"/>
<pin id="782" dir="0" index="1" bw="14" slack="0"/>
<pin id="783" dir="1" index="2" bw="1" slack="1"/>
</pin_list>
<bind>
<opcode="icmp(45) " fcode="icmp"/>
<opset="icmp_ln1039_12/5 "/>
</bind>
</comp>

<comp id="785" class="1004" name="sext_ln1039_5_fu_785">
<pin_list>
<pin id="786" dir="0" index="0" bw="8" slack="0"/>
<pin id="787" dir="1" index="1" bw="10" slack="0"/>
</pin_list>
<bind>
<opcode="sext(35) " fcode="sext"/>
<opset="sext_ln1039_5/5 "/>
</bind>
</comp>

<comp id="789" class="1004" name="zext_ln1039_13_fu_789">
<pin_list>
<pin id="790" dir="0" index="0" bw="8" slack="0"/>
<pin id="791" dir="1" index="1" bw="14" slack="0"/>
</pin_list>
<bind>
<opcode="zext(34) " fcode="zext"/>
<opset="zext_ln1039_13/5 "/>
</bind>
</comp>

<comp id="793" class="1004" name="icmp_ln1039_13_fu_793">
<pin_list>
<pin id="794" dir="0" index="0" bw="14" slack="0"/>
<pin id="795" dir="0" index="1" bw="14" slack="0"/>
<pin id="796" dir="1" index="2" bw="1" slack="1"/>
</pin_list>
<bind>
<opcode="icmp(45) " fcode="icmp"/>
<opset="icmp_ln1039_13/5 "/>
</bind>
</comp>

<comp id="798" class="1004" name="sext_ln1039_6_fu_798">
<pin_list>
<pin id="799" dir="0" index="0" bw="7" slack="0"/>
<pin id="800" dir="1" index="1" bw="10" slack="0"/>
</pin_list>
<bind>
<opcode="sext(35) " fcode="sext"/>
<opset="sext_ln1039_6/5 "/>
</bind>
</comp>

<comp id="802" class="1004" name="zext_ln1039_14_fu_802">
<pin_list>
<pin id="803" dir="0" index="0" bw="7" slack="0"/>
<pin id="804" dir="1" index="1" bw="14" slack="0"/>
</pin_list>
<bind>
<opcode="zext(34) " fcode="zext"/>
<opset="zext_ln1039_14/5 "/>
</bind>
</comp>

<comp id="806" class="1004" name="icmp_ln1039_14_fu_806">
<pin_list>
<pin id="807" dir="0" index="0" bw="14" slack="0"/>
<pin id="808" dir="0" index="1" bw="14" slack="0"/>
<pin id="809" dir="1" index="2" bw="1" slack="1"/>
</pin_list>
<bind>
<opcode="icmp(45) " fcode="icmp"/>
<opset="icmp_ln1039_14/5 "/>
</bind>
</comp>

<comp id="811" class="1004" name="store_ln249_store_fu_811">
<pin_list>
<pin id="812" dir="0" index="0" bw="14" slack="0"/>
<pin id="813" dir="0" index="1" bw="14" slack="4"/>
<pin id="814" dir="1" index="2" bw="0" slack="2147483647"/>
</pin_list>
<bind>
<opcode="store(28) " fcode="store"/>
<opset="store_ln249/5 "/>
</bind>
</comp>

<comp id="815" class="1004" name="result_V_fu_815">
<pin_list>
<pin id="816" dir="0" index="0" bw="1" slack="1"/>
<pin id="817" dir="0" index="1" bw="1" slack="0"/>
<pin id="818" dir="1" index="2" bw="1" slack="0"/>
</pin_list>
<bind>
<opcode="xor(25) " fcode="xor"/>
<opset="result_V/6 "/>
</bind>
</comp>

<comp id="820" class="1004" name="zext_ln215_fu_820">
<pin_list>
<pin id="821" dir="0" index="0" bw="1" slack="0"/>
<pin id="822" dir="1" index="1" bw="2" slack="0"/>
</pin_list>
<bind>
<opcode="zext(34) " fcode="zext"/>
<opset="zext_ln215/6 "/>
</bind>
</comp>

<comp id="824" class="1004" name="xor_ln1039_fu_824">
<pin_list>
<pin id="825" dir="0" index="0" bw="1" slack="1"/>
<pin id="826" dir="0" index="1" bw="1" slack="0"/>
<pin id="827" dir="1" index="2" bw="1" slack="0"/>
</pin_list>
<bind>
<opcode="xor(25) " fcode="xor"/>
<opset="xor_ln1039/6 "/>
</bind>
</comp>

<comp id="829" class="1004" name="zext_ln218_fu_829">
<pin_list>
<pin id="830" dir="0" index="0" bw="1" slack="0"/>
<pin id="831" dir="1" index="1" bw="2" slack="0"/>
</pin_list>
<bind>
<opcode="zext(34) " fcode="zext"/>
<opset="zext_ln218/6 "/>
</bind>
</comp>

<comp id="833" class="1004" name="xor_ln1039_1_fu_833">
<pin_list>
<pin id="834" dir="0" index="0" bw="1" slack="1"/>
<pin id="835" dir="0" index="1" bw="1" slack="0"/>
<pin id="836" dir="1" index="2" bw="1" slack="0"/>
</pin_list>
<bind>
<opcode="xor(25) " fcode="xor"/>
<opset="xor_ln1039_1/6 "/>
</bind>
</comp>

<comp id="838" class="1004" name="zext_ln218_1_fu_838">
<pin_list>
<pin id="839" dir="0" index="0" bw="1" slack="0"/>
<pin id="840" dir="1" index="1" bw="2" slack="0"/>
</pin_list>
<bind>
<opcode="zext(34) " fcode="zext"/>
<opset="zext_ln218_1/6 "/>
</bind>
</comp>

<comp id="842" class="1004" name="xor_ln1039_2_fu_842">
<pin_list>
<pin id="843" dir="0" index="0" bw="1" slack="1"/>
<pin id="844" dir="0" index="1" bw="1" slack="0"/>
<pin id="845" dir="1" index="2" bw="1" slack="0"/>
</pin_list>
<bind>
<opcode="xor(25) " fcode="xor"/>
<opset="xor_ln1039_2/6 "/>
</bind>
</comp>

<comp id="847" class="1004" name="zext_ln218_2_fu_847">
<pin_list>
<pin id="848" dir="0" index="0" bw="1" slack="0"/>
<pin id="849" dir="1" index="1" bw="2" slack="0"/>
</pin_list>
<bind>
<opcode="zext(34) " fcode="zext"/>
<opset="zext_ln218_2/6 "/>
</bind>
</comp>

<comp id="851" class="1004" name="xor_ln1039_3_fu_851">
<pin_list>
<pin id="852" dir="0" index="0" bw="1" slack="1"/>
<pin id="853" dir="0" index="1" bw="1" slack="0"/>
<pin id="854" dir="1" index="2" bw="1" slack="0"/>
</pin_list>
<bind>
<opcode="xor(25) " fcode="xor"/>
<opset="xor_ln1039_3/6 "/>
</bind>
</comp>

<comp id="856" class="1004" name="zext_ln218_3_fu_856">
<pin_list>
<pin id="857" dir="0" index="0" bw="1" slack="0"/>
<pin id="858" dir="1" index="1" bw="2" slack="0"/>
</pin_list>
<bind>
<opcode="zext(34) " fcode="zext"/>
<opset="zext_ln218_3/6 "/>
</bind>
</comp>

<comp id="860" class="1004" name="xor_ln1039_4_fu_860">
<pin_list>
<pin id="861" dir="0" index="0" bw="1" slack="1"/>
<pin id="862" dir="0" index="1" bw="1" slack="0"/>
<pin id="863" dir="1" index="2" bw="1" slack="0"/>
</pin_list>
<bind>
<opcode="xor(25) " fcode="xor"/>
<opset="xor_ln1039_4/6 "/>
</bind>
</comp>

<comp id="865" class="1004" name="zext_ln218_4_fu_865">
<pin_list>
<pin id="866" dir="0" index="0" bw="1" slack="0"/>
<pin id="867" dir="1" index="1" bw="2" slack="0"/>
</pin_list>
<bind>
<opcode="zext(34) " fcode="zext"/>
<opset="zext_ln218_4/6 "/>
</bind>
</comp>

<comp id="869" class="1004" name="xor_ln1039_5_fu_869">
<pin_list>
<pin id="870" dir="0" index="0" bw="1" slack="1"/>
<pin id="871" dir="0" index="1" bw="1" slack="0"/>
<pin id="872" dir="1" index="2" bw="1" slack="0"/>
</pin_list>
<bind>
<opcode="xor(25) " fcode="xor"/>
<opset="xor_ln1039_5/6 "/>
</bind>
</comp>

<comp id="874" class="1004" name="zext_ln218_5_fu_874">
<pin_list>
<pin id="875" dir="0" index="0" bw="1" slack="0"/>
<pin id="876" dir="1" index="1" bw="2" slack="0"/>
</pin_list>
<bind>
<opcode="zext(34) " fcode="zext"/>
<opset="zext_ln218_5/6 "/>
</bind>
</comp>

<comp id="878" class="1004" name="xor_ln1039_6_fu_878">
<pin_list>
<pin id="879" dir="0" index="0" bw="1" slack="1"/>
<pin id="880" dir="0" index="1" bw="1" slack="0"/>
<pin id="881" dir="1" index="2" bw="1" slack="0"/>
</pin_list>
<bind>
<opcode="xor(25) " fcode="xor"/>
<opset="xor_ln1039_6/6 "/>
</bind>
</comp>

<comp id="883" class="1004" name="zext_ln218_6_fu_883">
<pin_list>
<pin id="884" dir="0" index="0" bw="1" slack="0"/>
<pin id="885" dir="1" index="1" bw="2" slack="0"/>
</pin_list>
<bind>
<opcode="zext(34) " fcode="zext"/>
<opset="zext_ln218_6/6 "/>
</bind>
</comp>

<comp id="887" class="1004" name="xor_ln1039_7_fu_887">
<pin_list>
<pin id="888" dir="0" index="0" bw="1" slack="1"/>
<pin id="889" dir="0" index="1" bw="1" slack="0"/>
<pin id="890" dir="1" index="2" bw="1" slack="0"/>
</pin_list>
<bind>
<opcode="xor(25) " fcode="xor"/>
<opset="xor_ln1039_7/6 "/>
</bind>
</comp>

<comp id="892" class="1004" name="zext_ln218_7_fu_892">
<pin_list>
<pin id="893" dir="0" index="0" bw="1" slack="0"/>
<pin id="894" dir="1" index="1" bw="2" slack="0"/>
</pin_list>
<bind>
<opcode="zext(34) " fcode="zext"/>
<opset="zext_ln218_7/6 "/>
</bind>
</comp>

<comp id="896" class="1004" name="xor_ln1039_8_fu_896">
<pin_list>
<pin id="897" dir="0" index="0" bw="1" slack="1"/>
<pin id="898" dir="0" index="1" bw="1" slack="0"/>
<pin id="899" dir="1" index="2" bw="1" slack="0"/>
</pin_list>
<bind>
<opcode="xor(25) " fcode="xor"/>
<opset="xor_ln1039_8/6 "/>
</bind>
</comp>

<comp id="901" class="1004" name="zext_ln218_8_fu_901">
<pin_list>
<pin id="902" dir="0" index="0" bw="1" slack="0"/>
<pin id="903" dir="1" index="1" bw="2" slack="0"/>
</pin_list>
<bind>
<opcode="zext(34) " fcode="zext"/>
<opset="zext_ln218_8/6 "/>
</bind>
</comp>

<comp id="905" class="1004" name="xor_ln1039_9_fu_905">
<pin_list>
<pin id="906" dir="0" index="0" bw="1" slack="1"/>
<pin id="907" dir="0" index="1" bw="1" slack="0"/>
<pin id="908" dir="1" index="2" bw="1" slack="0"/>
</pin_list>
<bind>
<opcode="xor(25) " fcode="xor"/>
<opset="xor_ln1039_9/6 "/>
</bind>
</comp>

<comp id="910" class="1004" name="zext_ln218_9_fu_910">
<pin_list>
<pin id="911" dir="0" index="0" bw="1" slack="0"/>
<pin id="912" dir="1" index="1" bw="2" slack="0"/>
</pin_list>
<bind>
<opcode="zext(34) " fcode="zext"/>
<opset="zext_ln218_9/6 "/>
</bind>
</comp>

<comp id="914" class="1004" name="xor_ln1039_10_fu_914">
<pin_list>
<pin id="915" dir="0" index="0" bw="1" slack="1"/>
<pin id="916" dir="0" index="1" bw="1" slack="0"/>
<pin id="917" dir="1" index="2" bw="1" slack="0"/>
</pin_list>
<bind>
<opcode="xor(25) " fcode="xor"/>
<opset="xor_ln1039_10/6 "/>
</bind>
</comp>

<comp id="919" class="1004" name="zext_ln218_10_fu_919">
<pin_list>
<pin id="920" dir="0" index="0" bw="1" slack="0"/>
<pin id="921" dir="1" index="1" bw="2" slack="0"/>
</pin_list>
<bind>
<opcode="zext(34) " fcode="zext"/>
<opset="zext_ln218_10/6 "/>
</bind>
</comp>

<comp id="923" class="1004" name="xor_ln1039_11_fu_923">
<pin_list>
<pin id="924" dir="0" index="0" bw="1" slack="1"/>
<pin id="925" dir="0" index="1" bw="1" slack="0"/>
<pin id="926" dir="1" index="2" bw="1" slack="0"/>
</pin_list>
<bind>
<opcode="xor(25) " fcode="xor"/>
<opset="xor_ln1039_11/6 "/>
</bind>
</comp>

<comp id="928" class="1004" name="zext_ln218_11_fu_928">
<pin_list>
<pin id="929" dir="0" index="0" bw="1" slack="0"/>
<pin id="930" dir="1" index="1" bw="2" slack="0"/>
</pin_list>
<bind>
<opcode="zext(34) " fcode="zext"/>
<opset="zext_ln218_11/6 "/>
</bind>
</comp>

<comp id="932" class="1004" name="xor_ln1039_12_fu_932">
<pin_list>
<pin id="933" dir="0" index="0" bw="1" slack="1"/>
<pin id="934" dir="0" index="1" bw="1" slack="0"/>
<pin id="935" dir="1" index="2" bw="1" slack="0"/>
</pin_list>
<bind>
<opcode="xor(25) " fcode="xor"/>
<opset="xor_ln1039_12/6 "/>
</bind>
</comp>

<comp id="937" class="1004" name="zext_ln218_12_fu_937">
<pin_list>
<pin id="938" dir="0" index="0" bw="1" slack="0"/>
<pin id="939" dir="1" index="1" bw="2" slack="0"/>
</pin_list>
<bind>
<opcode="zext(34) " fcode="zext"/>
<opset="zext_ln218_12/6 "/>
</bind>
</comp>

<comp id="941" class="1004" name="xor_ln1039_13_fu_941">
<pin_list>
<pin id="942" dir="0" index="0" bw="1" slack="1"/>
<pin id="943" dir="0" index="1" bw="1" slack="0"/>
<pin id="944" dir="1" index="2" bw="1" slack="0"/>
</pin_list>
<bind>
<opcode="xor(25) " fcode="xor"/>
<opset="xor_ln1039_13/6 "/>
</bind>
</comp>

<comp id="946" class="1004" name="zext_ln840_fu_946">
<pin_list>
<pin id="947" dir="0" index="0" bw="1" slack="0"/>
<pin id="948" dir="1" index="1" bw="2" slack="0"/>
</pin_list>
<bind>
<opcode="zext(34) " fcode="zext"/>
<opset="zext_ln840/6 "/>
</bind>
</comp>

<comp id="950" class="1004" name="add_ln840_1_fu_950">
<pin_list>
<pin id="951" dir="0" index="0" bw="1" slack="0"/>
<pin id="952" dir="0" index="1" bw="1" slack="0"/>
<pin id="953" dir="1" index="2" bw="2" slack="0"/>
</pin_list>
<bind>
<opcode="add(8) " fcode="add"/>
<opset="add_ln840_1/6 "/>
</bind>
</comp>

<comp id="956" class="1004" name="add_ln840_2_fu_956">
<pin_list>
<pin id="957" dir="0" index="0" bw="2" slack="0"/>
<pin id="958" dir="0" index="1" bw="1" slack="0"/>
<pin id="959" dir="1" index="2" bw="2" slack="0"/>
</pin_list>
<bind>
<opcode="add(8) " fcode="add"/>
<opset="add_ln840_2/6 "/>
</bind>
</comp>

<comp id="962" class="1004" name="zext_ln840_1_fu_962">
<pin_list>
<pin id="963" dir="0" index="0" bw="2" slack="0"/>
<pin id="964" dir="1" index="1" bw="3" slack="0"/>
</pin_list>
<bind>
<opcode="zext(34) " fcode="zext"/>
<opset="zext_ln840_1/6 "/>
</bind>
</comp>

<comp id="966" class="1004" name="add_ln840_3_fu_966">
<pin_list>
<pin id="967" dir="0" index="0" bw="1" slack="0"/>
<pin id="968" dir="0" index="1" bw="1" slack="0"/>
<pin id="969" dir="1" index="2" bw="2" slack="0"/>
</pin_list>
<bind>
<opcode="add(8) " fcode="add"/>
<opset="add_ln840_3/6 "/>
</bind>
</comp>

<comp id="972" class="1004" name="zext_ln840_2_fu_972">
<pin_list>
<pin id="973" dir="0" index="0" bw="2" slack="0"/>
<pin id="974" dir="1" index="1" bw="3" slack="0"/>
</pin_list>
<bind>
<opcode="zext(34) " fcode="zext"/>
<opset="zext_ln840_2/6 "/>
</bind>
</comp>

<comp id="976" class="1004" name="add_ln840_4_fu_976">
<pin_list>
<pin id="977" dir="0" index="0" bw="1" slack="0"/>
<pin id="978" dir="0" index="1" bw="1" slack="0"/>
<pin id="979" dir="1" index="2" bw="2" slack="0"/>
</pin_list>
<bind>
<opcode="add(8) " fcode="add"/>
<opset="add_ln840_4/6 "/>
</bind>
</comp>

<comp id="982" class="1004" name="zext_ln840_3_fu_982">
<pin_list>
<pin id="983" dir="0" index="0" bw="2" slack="0"/>
<pin id="984" dir="1" index="1" bw="3" slack="0"/>
</pin_list>
<bind>
<opcode="zext(34) " fcode="zext"/>
<opset="zext_ln840_3/6 "/>
</bind>
</comp>

<comp id="986" class="1004" name="add_ln840_5_fu_986">
<pin_list>
<pin id="987" dir="0" index="0" bw="2" slack="0"/>
<pin id="988" dir="0" index="1" bw="2" slack="0"/>
<pin id="989" dir="1" index="2" bw="3" slack="0"/>
</pin_list>
<bind>
<opcode="add(8) " fcode="add"/>
<opset="add_ln840_5/6 "/>
</bind>
</comp>

<comp id="992" class="1004" name="add_ln840_6_fu_992">
<pin_list>
<pin id="993" dir="0" index="0" bw="3" slack="0"/>
<pin id="994" dir="0" index="1" bw="2" slack="0"/>
<pin id="995" dir="1" index="2" bw="3" slack="1"/>
</pin_list>
<bind>
<opcode="add(8) " fcode="add"/>
<opset="add_ln840_6/6 "/>
</bind>
</comp>

<comp id="998" class="1004" name="add_ln840_7_fu_998">
<pin_list>
<pin id="999" dir="0" index="0" bw="1" slack="0"/>
<pin id="1000" dir="0" index="1" bw="1" slack="0"/>
<pin id="1001" dir="1" index="2" bw="2" slack="0"/>
</pin_list>
<bind>
<opcode="add(8) " fcode="add"/>
<opset="add_ln840_7/6 "/>
</bind>
</comp>

<comp id="1004" class="1004" name="zext_ln840_5_fu_1004">
<pin_list>
<pin id="1005" dir="0" index="0" bw="2" slack="0"/>
<pin id="1006" dir="1" index="1" bw="3" slack="0"/>
</pin_list>
<bind>
<opcode="zext(34) " fcode="zext"/>
<opset="zext_ln840_5/6 "/>
</bind>
</comp>

<comp id="1008" class="1004" name="add_ln840_8_fu_1008">
<pin_list>
<pin id="1009" dir="0" index="0" bw="1" slack="0"/>
<pin id="1010" dir="0" index="1" bw="1" slack="0"/>
<pin id="1011" dir="1" index="2" bw="2" slack="0"/>
</pin_list>
<bind>
<opcode="add(8) " fcode="add"/>
<opset="add_ln840_8/6 "/>
</bind>
</comp>

<comp id="1014" class="1004" name="zext_ln840_6_fu_1014">
<pin_list>
<pin id="1015" dir="0" index="0" bw="2" slack="0"/>
<pin id="1016" dir="1" index="1" bw="3" slack="0"/>
</pin_list>
<bind>
<opcode="zext(34) " fcode="zext"/>
<opset="zext_ln840_6/6 "/>
</bind>
</comp>

<comp id="1018" class="1004" name="add_ln840_9_fu_1018">
<pin_list>
<pin id="1019" dir="0" index="0" bw="2" slack="0"/>
<pin id="1020" dir="0" index="1" bw="2" slack="0"/>
<pin id="1021" dir="1" index="2" bw="3" slack="1"/>
</pin_list>
<bind>
<opcode="add(8) " fcode="add"/>
<opset="add_ln840_9/6 "/>
</bind>
</comp>

<comp id="1024" class="1004" name="add_ln840_10_fu_1024">
<pin_list>
<pin id="1025" dir="0" index="0" bw="1" slack="0"/>
<pin id="1026" dir="0" index="1" bw="1" slack="0"/>
<pin id="1027" dir="1" index="2" bw="2" slack="0"/>
</pin_list>
<bind>
<opcode="add(8) " fcode="add"/>
<opset="add_ln840_10/6 "/>
</bind>
</comp>

<comp id="1030" class="1004" name="zext_ln840_8_fu_1030">
<pin_list>
<pin id="1031" dir="0" index="0" bw="2" slack="0"/>
<pin id="1032" dir="1" index="1" bw="3" slack="0"/>
</pin_list>
<bind>
<opcode="zext(34) " fcode="zext"/>
<opset="zext_ln840_8/6 "/>
</bind>
</comp>

<comp id="1034" class="1004" name="add_ln840_11_fu_1034">
<pin_list>
<pin id="1035" dir="0" index="0" bw="1" slack="0"/>
<pin id="1036" dir="0" index="1" bw="1" slack="0"/>
<pin id="1037" dir="1" index="2" bw="2" slack="0"/>
</pin_list>
<bind>
<opcode="add(8) " fcode="add"/>
<opset="add_ln840_11/6 "/>
</bind>
</comp>

<comp id="1040" class="1004" name="zext_ln840_9_fu_1040">
<pin_list>
<pin id="1041" dir="0" index="0" bw="2" slack="0"/>
<pin id="1042" dir="1" index="1" bw="3" slack="0"/>
</pin_list>
<bind>
<opcode="zext(34) " fcode="zext"/>
<opset="zext_ln840_9/6 "/>
</bind>
</comp>

<comp id="1044" class="1004" name="add_ln840_12_fu_1044">
<pin_list>
<pin id="1045" dir="0" index="0" bw="2" slack="0"/>
<pin id="1046" dir="0" index="1" bw="2" slack="0"/>
<pin id="1047" dir="1" index="2" bw="3" slack="1"/>
</pin_list>
<bind>
<opcode="add(8) " fcode="add"/>
<opset="add_ln840_12/6 "/>
</bind>
</comp>

<comp id="1050" class="1004" name="zext_ln840_4_fu_1050">
<pin_list>
<pin id="1051" dir="0" index="0" bw="3" slack="1"/>
<pin id="1052" dir="1" index="1" bw="4" slack="0"/>
</pin_list>
<bind>
<opcode="zext(34) " fcode="zext"/>
<opset="zext_ln840_4/7 "/>
</bind>
</comp>

<comp id="1053" class="1004" name="zext_ln840_7_fu_1053">
<pin_list>
<pin id="1054" dir="0" index="0" bw="3" slack="1"/>
<pin id="1055" dir="1" index="1" bw="4" slack="0"/>
</pin_list>
<bind>
<opcode="zext(34) " fcode="zext"/>
<opset="zext_ln840_7/7 "/>
</bind>
</comp>

<comp id="1056" class="1004" name="zext_ln840_10_fu_1056">
<pin_list>
<pin id="1057" dir="0" index="0" bw="3" slack="1"/>
<pin id="1058" dir="1" index="1" bw="4" slack="0"/>
</pin_list>
<bind>
<opcode="zext(34) " fcode="zext"/>
<opset="zext_ln840_10/7 "/>
</bind>
</comp>

<comp id="1059" class="1004" name="add_ln840_13_fu_1059">
<pin_list>
<pin id="1060" dir="0" index="0" bw="3" slack="0"/>
<pin id="1061" dir="0" index="1" bw="3" slack="0"/>
<pin id="1062" dir="1" index="2" bw="4" slack="0"/>
</pin_list>
<bind>
<opcode="add(8) " fcode="add"/>
<opset="add_ln840_13/7 "/>
</bind>
</comp>

<comp id="1065" class="1004" name="result_V_2_fu_1065">
<pin_list>
<pin id="1066" dir="0" index="0" bw="4" slack="0"/>
<pin id="1067" dir="0" index="1" bw="3" slack="0"/>
<pin id="1068" dir="1" index="2" bw="4" slack="0"/>
</pin_list>
<bind>
<opcode="add(8) " fcode="add"/>
<opset="result_V_2/7 "/>
</bind>
</comp>

<comp id="1071" class="1004" name="zext_ln298_fu_1071">
<pin_list>
<pin id="1072" dir="0" index="0" bw="4" slack="0"/>
<pin id="1073" dir="1" index="1" bw="8" slack="0"/>
</pin_list>
<bind>
<opcode="zext(34) " fcode="zext"/>
<opset="zext_ln298/7 "/>
</bind>
</comp>

<comp id="1076" class="1007" name="grp_fu_1076">
<pin_list>
<pin id="1077" dir="0" index="0" bw="8" slack="0"/>
<pin id="1078" dir="0" index="1" bw="4" slack="0"/>
<pin id="1079" dir="0" index="2" bw="14" slack="0"/>
<pin id="1080" dir="1" index="3" bw="14" slack="0"/>
</pin_list>
<bind>
<opcode="muladd(1172) " fcode="muladd"/>
<opset="ret_V/2 sext_ln840/4 add_ln840/4 "/>
</bind>
</comp>

<comp id="1100" class="1005" name="sf_reg_1100">
<pin_list>
<pin id="1101" dir="0" index="0" bw="32" slack="0"/>
<pin id="1102" dir="1" index="1" bw="32" slack="0"/>
</pin_list>
<bind>
<opset="sf "/>
</bind>
</comp>

<comp id="1108" class="1005" name="i_reg_1108">
<pin_list>
<pin id="1109" dir="0" index="0" bw="20" slack="0"/>
<pin id="1110" dir="1" index="1" bw="20" slack="0"/>
</pin_list>
<bind>
<opset="i "/>
</bind>
</comp>

<comp id="1115" class="1005" name="add_i4_i338_reg_1115">
<pin_list>
<pin id="1116" dir="0" index="0" bw="14" slack="3"/>
<pin id="1117" dir="1" index="1" bw="14" slack="3"/>
</pin_list>
<bind>
<opset="add_i4_i338 "/>
</bind>
</comp>

<comp id="1121" class="1005" name="inputBuf_V_reg_1121">
<pin_list>
<pin id="1122" dir="0" index="0" bw="8" slack="0"/>
<pin id="1123" dir="1" index="1" bw="8" slack="0"/>
</pin_list>
<bind>
<opset="inputBuf_V "/>
</bind>
</comp>

<comp id="1127" class="1005" name="inputBuf_V_1_reg_1127">
<pin_list>
<pin id="1128" dir="0" index="0" bw="8" slack="0"/>
<pin id="1129" dir="1" index="1" bw="8" slack="0"/>
</pin_list>
<bind>
<opset="inputBuf_V_1 "/>
</bind>
</comp>

<comp id="1133" class="1005" name="inputBuf_V_2_reg_1133">
<pin_list>
<pin id="1134" dir="0" index="0" bw="8" slack="0"/>
<pin id="1135" dir="1" index="1" bw="8" slack="0"/>
</pin_list>
<bind>
<opset="inputBuf_V_2 "/>
</bind>
</comp>

<comp id="1139" class="1005" name="inputBuf_V_3_reg_1139">
<pin_list>
<pin id="1140" dir="0" index="0" bw="8" slack="0"/>
<pin id="1141" dir="1" index="1" bw="8" slack="0"/>
</pin_list>
<bind>
<opset="inputBuf_V_3 "/>
</bind>
</comp>

<comp id="1145" class="1005" name="inputBuf_V_4_reg_1145">
<pin_list>
<pin id="1146" dir="0" index="0" bw="8" slack="0"/>
<pin id="1147" dir="1" index="1" bw="8" slack="0"/>
</pin_list>
<bind>
<opset="inputBuf_V_4 "/>
</bind>
</comp>

<comp id="1151" class="1005" name="inputBuf_V_5_reg_1151">
<pin_list>
<pin id="1152" dir="0" index="0" bw="8" slack="0"/>
<pin id="1153" dir="1" index="1" bw="8" slack="0"/>
</pin_list>
<bind>
<opset="inputBuf_V_5 "/>
</bind>
</comp>

<comp id="1157" class="1005" name="inputBuf_V_6_reg_1157">
<pin_list>
<pin id="1158" dir="0" index="0" bw="8" slack="0"/>
<pin id="1159" dir="1" index="1" bw="8" slack="0"/>
</pin_list>
<bind>
<opset="inputBuf_V_6 "/>
</bind>
</comp>

<comp id="1163" class="1005" name="inputBuf_V_7_reg_1163">
<pin_list>
<pin id="1164" dir="0" index="0" bw="8" slack="0"/>
<pin id="1165" dir="1" index="1" bw="8" slack="0"/>
</pin_list>
<bind>
<opset="inputBuf_V_7 "/>
</bind>
</comp>

<comp id="1169" class="1005" name="inputBuf_V_8_reg_1169">
<pin_list>
<pin id="1170" dir="0" index="0" bw="8" slack="0"/>
<pin id="1171" dir="1" index="1" bw="8" slack="0"/>
</pin_list>
<bind>
<opset="inputBuf_V_8 "/>
</bind>
</comp>

<comp id="1175" class="1005" name="nf_1_reg_1175">
<pin_list>
<pin id="1176" dir="0" index="0" bw="32" slack="0"/>
<pin id="1177" dir="1" index="1" bw="32" slack="0"/>
</pin_list>
<bind>
<opset="nf_1 "/>
</bind>
</comp>

<comp id="1182" class="1005" name="nf_2_reg_1182">
<pin_list>
<pin id="1183" dir="0" index="0" bw="32" slack="3"/>
<pin id="1184" dir="1" index="1" bw="32" slack="3"/>
</pin_list>
<bind>
<opset="nf_2 "/>
</bind>
</comp>

<comp id="1187" class="1005" name="icmp_ln249_reg_1187">
<pin_list>
<pin id="1188" dir="0" index="0" bw="1" slack="1"/>
<pin id="1189" dir="1" index="1" bw="1" slack="2147483647"/>
</pin_list>
<bind>
<opset="icmp_ln249 "/>
</bind>
</comp>

<comp id="1191" class="1005" name="icmp_ln253_reg_1191">
<pin_list>
<pin id="1192" dir="0" index="0" bw="1" slack="1"/>
<pin id="1193" dir="1" index="1" bw="1" slack="2147483647"/>
</pin_list>
<bind>
<opset="icmp_ln253 "/>
</bind>
</comp>

<comp id="1195" class="1005" name="tmp_reg_1195">
<pin_list>
<pin id="1196" dir="0" index="0" bw="8" slack="1"/>
<pin id="1197" dir="1" index="1" bw="8" slack="1"/>
</pin_list>
<bind>
<opset="tmp "/>
</bind>
</comp>

<comp id="1200" class="1005" name="inElem_reg_1200">
<pin_list>
<pin id="1201" dir="0" index="0" bw="8" slack="1"/>
<pin id="1202" dir="1" index="1" bw="8" slack="1"/>
</pin_list>
<bind>
<opset="inElem "/>
</bind>
</comp>

<comp id="1213" class="1005" name="trunc_ln257_reg_1213">
<pin_list>
<pin id="1214" dir="0" index="0" bw="4" slack="1"/>
<pin id="1215" dir="1" index="1" bw="4" slack="2147483647"/>
</pin_list>
<bind>
<opset="trunc_ln257 "/>
</bind>
</comp>

<comp id="1217" class="1005" name="W_packed_V_reg_1217">
<pin_list>
<pin id="1218" dir="0" index="0" bw="4" slack="1"/>
<pin id="1219" dir="1" index="1" bw="4" slack="1"/>
</pin_list>
<bind>
<opset="W_packed_V "/>
</bind>
</comp>

<comp id="1222" class="1005" name="icmp_ln272_reg_1222">
<pin_list>
<pin id="1223" dir="0" index="0" bw="1" slack="3"/>
<pin id="1224" dir="1" index="1" bw="1" slack="3"/>
</pin_list>
<bind>
<opset="icmp_ln272 "/>
</bind>
</comp>

<comp id="1227" class="1005" name="icmp_ln290_reg_1227">
<pin_list>
<pin id="1228" dir="0" index="0" bw="1" slack="3"/>
<pin id="1229" dir="1" index="1" bw="1" slack="2147483647"/>
</pin_list>
<bind>
<opset="icmp_ln290 "/>
</bind>
</comp>

<comp id="1231" class="1005" name="sext_ln1494_reg_1231">
<pin_list>
<pin id="1232" dir="0" index="0" bw="12" slack="1"/>
<pin id="1233" dir="1" index="1" bw="12" slack="1"/>
</pin_list>
<bind>
<opset="sext_ln1494 "/>
</bind>
</comp>

<comp id="1236" class="1005" name="sext_ln1494_1_reg_1236">
<pin_list>
<pin id="1237" dir="0" index="0" bw="12" slack="1"/>
<pin id="1238" dir="1" index="1" bw="12" slack="1"/>
</pin_list>
<bind>
<opset="sext_ln1494_1 "/>
</bind>
</comp>

<comp id="1241" class="1005" name="select_ln272_reg_1241">
<pin_list>
<pin id="1242" dir="0" index="0" bw="14" slack="1"/>
<pin id="1243" dir="1" index="1" bw="14" slack="1"/>
</pin_list>
<bind>
<opset="select_ln272 "/>
</bind>
</comp>

<comp id="1246" class="1005" name="p_ZL7threshs_0_addr_reg_1246">
<pin_list>
<pin id="1247" dir="0" index="0" bw="4" slack="1"/>
<pin id="1248" dir="1" index="1" bw="4" slack="1"/>
</pin_list>
<bind>
<opset="p_ZL7threshs_0_addr "/>
</bind>
</comp>

<comp id="1251" class="1005" name="p_ZL7threshs_1_addr_reg_1251">
<pin_list>
<pin id="1252" dir="0" index="0" bw="4" slack="1"/>
<pin id="1253" dir="1" index="1" bw="4" slack="1"/>
</pin_list>
<bind>
<opset="p_ZL7threshs_1_addr "/>
</bind>
</comp>

<comp id="1256" class="1005" name="p_ZL7threshs_2_addr_reg_1256">
<pin_list>
<pin id="1257" dir="0" index="0" bw="4" slack="1"/>
<pin id="1258" dir="1" index="1" bw="4" slack="1"/>
</pin_list>
<bind>
<opset="p_ZL7threshs_2_addr "/>
</bind>
</comp>

<comp id="1261" class="1005" name="p_ZL7threshs_3_addr_reg_1261">
<pin_list>
<pin id="1262" dir="0" index="0" bw="4" slack="1"/>
<pin id="1263" dir="1" index="1" bw="4" slack="1"/>
</pin_list>
<bind>
<opset="p_ZL7threshs_3_addr "/>
</bind>
</comp>

<comp id="1266" class="1005" name="p_ZL7threshs_4_addr_reg_1266">
<pin_list>
<pin id="1267" dir="0" index="0" bw="4" slack="1"/>
<pin id="1268" dir="1" index="1" bw="4" slack="1"/>
</pin_list>
<bind>
<opset="p_ZL7threshs_4_addr "/>
</bind>
</comp>

<comp id="1271" class="1005" name="p_ZL7threshs_5_addr_reg_1271">
<pin_list>
<pin id="1272" dir="0" index="0" bw="4" slack="1"/>
<pin id="1273" dir="1" index="1" bw="4" slack="1"/>
</pin_list>
<bind>
<opset="p_ZL7threshs_5_addr "/>
</bind>
</comp>

<comp id="1276" class="1005" name="p_ZL7threshs_6_addr_reg_1276">
<pin_list>
<pin id="1277" dir="0" index="0" bw="4" slack="1"/>
<pin id="1278" dir="1" index="1" bw="4" slack="1"/>
</pin_list>
<bind>
<opset="p_ZL7threshs_6_addr "/>
</bind>
</comp>

<comp id="1281" class="1005" name="p_ZL7threshs_7_addr_reg_1281">
<pin_list>
<pin id="1282" dir="0" index="0" bw="4" slack="1"/>
<pin id="1283" dir="1" index="1" bw="4" slack="1"/>
</pin_list>
<bind>
<opset="p_ZL7threshs_7_addr "/>
</bind>
</comp>

<comp id="1286" class="1005" name="p_ZL7threshs_8_addr_reg_1286">
<pin_list>
<pin id="1287" dir="0" index="0" bw="4" slack="1"/>
<pin id="1288" dir="1" index="1" bw="4" slack="1"/>
</pin_list>
<bind>
<opset="p_ZL7threshs_8_addr "/>
</bind>
</comp>

<comp id="1291" class="1005" name="p_ZL7threshs_9_addr_reg_1291">
<pin_list>
<pin id="1292" dir="0" index="0" bw="4" slack="1"/>
<pin id="1293" dir="1" index="1" bw="4" slack="1"/>
</pin_list>
<bind>
<opset="p_ZL7threshs_9_addr "/>
</bind>
</comp>

<comp id="1296" class="1005" name="p_ZL7threshs_10_addr_reg_1296">
<pin_list>
<pin id="1297" dir="0" index="0" bw="4" slack="1"/>
<pin id="1298" dir="1" index="1" bw="4" slack="1"/>
</pin_list>
<bind>
<opset="p_ZL7threshs_10_addr "/>
</bind>
</comp>

<comp id="1301" class="1005" name="p_ZL7threshs_11_addr_reg_1301">
<pin_list>
<pin id="1302" dir="0" index="0" bw="4" slack="1"/>
<pin id="1303" dir="1" index="1" bw="4" slack="1"/>
</pin_list>
<bind>
<opset="p_ZL7threshs_11_addr "/>
</bind>
</comp>

<comp id="1306" class="1005" name="p_ZL7threshs_12_addr_reg_1306">
<pin_list>
<pin id="1307" dir="0" index="0" bw="4" slack="1"/>
<pin id="1308" dir="1" index="1" bw="4" slack="1"/>
</pin_list>
<bind>
<opset="p_ZL7threshs_12_addr "/>
</bind>
</comp>

<comp id="1311" class="1005" name="p_ZL7threshs_13_addr_reg_1311">
<pin_list>
<pin id="1312" dir="0" index="0" bw="4" slack="1"/>
<pin id="1313" dir="1" index="1" bw="4" slack="1"/>
</pin_list>
<bind>
<opset="p_ZL7threshs_13_addr "/>
</bind>
</comp>

<comp id="1316" class="1005" name="p_ZL7threshs_14_addr_reg_1316">
<pin_list>
<pin id="1317" dir="0" index="0" bw="4" slack="1"/>
<pin id="1318" dir="1" index="1" bw="4" slack="1"/>
</pin_list>
<bind>
<opset="p_ZL7threshs_14_addr "/>
</bind>
</comp>

<comp id="1321" class="1005" name="icmp_ln1039_reg_1321">
<pin_list>
<pin id="1322" dir="0" index="0" bw="1" slack="1"/>
<pin id="1323" dir="1" index="1" bw="1" slack="1"/>
</pin_list>
<bind>
<opset="icmp_ln1039 "/>
</bind>
</comp>

<comp id="1326" class="1005" name="icmp_ln1039_1_reg_1326">
<pin_list>
<pin id="1327" dir="0" index="0" bw="1" slack="1"/>
<pin id="1328" dir="1" index="1" bw="1" slack="1"/>
</pin_list>
<bind>
<opset="icmp_ln1039_1 "/>
</bind>
</comp>

<comp id="1331" class="1005" name="icmp_ln1039_2_reg_1331">
<pin_list>
<pin id="1332" dir="0" index="0" bw="1" slack="1"/>
<pin id="1333" dir="1" index="1" bw="1" slack="1"/>
</pin_list>
<bind>
<opset="icmp_ln1039_2 "/>
</bind>
</comp>

<comp id="1336" class="1005" name="icmp_ln1039_3_reg_1336">
<pin_list>
<pin id="1337" dir="0" index="0" bw="1" slack="1"/>
<pin id="1338" dir="1" index="1" bw="1" slack="1"/>
</pin_list>
<bind>
<opset="icmp_ln1039_3 "/>
</bind>
</comp>

<comp id="1341" class="1005" name="icmp_ln1039_4_reg_1341">
<pin_list>
<pin id="1342" dir="0" index="0" bw="1" slack="1"/>
<pin id="1343" dir="1" index="1" bw="1" slack="1"/>
</pin_list>
<bind>
<opset="icmp_ln1039_4 "/>
</bind>
</comp>

<comp id="1346" class="1005" name="icmp_ln1039_5_reg_1346">
<pin_list>
<pin id="1347" dir="0" index="0" bw="1" slack="1"/>
<pin id="1348" dir="1" index="1" bw="1" slack="1"/>
</pin_list>
<bind>
<opset="icmp_ln1039_5 "/>
</bind>
</comp>

<comp id="1351" class="1005" name="icmp_ln1039_6_reg_1351">
<pin_list>
<pin id="1352" dir="0" index="0" bw="1" slack="1"/>
<pin id="1353" dir="1" index="1" bw="1" slack="1"/>
</pin_list>
<bind>
<opset="icmp_ln1039_6 "/>
</bind>
</comp>

<comp id="1356" class="1005" name="icmp_ln1039_7_reg_1356">
<pin_list>
<pin id="1357" dir="0" index="0" bw="1" slack="1"/>
<pin id="1358" dir="1" index="1" bw="1" slack="1"/>
</pin_list>
<bind>
<opset="icmp_ln1039_7 "/>
</bind>
</comp>

<comp id="1361" class="1005" name="icmp_ln1039_8_reg_1361">
<pin_list>
<pin id="1362" dir="0" index="0" bw="1" slack="1"/>
<pin id="1363" dir="1" index="1" bw="1" slack="1"/>
</pin_list>
<bind>
<opset="icmp_ln1039_8 "/>
</bind>
</comp>

<comp id="1366" class="1005" name="icmp_ln1039_9_reg_1366">
<pin_list>
<pin id="1367" dir="0" index="0" bw="1" slack="1"/>
<pin id="1368" dir="1" index="1" bw="1" slack="1"/>
</pin_list>
<bind>
<opset="icmp_ln1039_9 "/>
</bind>
</comp>

<comp id="1371" class="1005" name="icmp_ln1039_10_reg_1371">
<pin_list>
<pin id="1372" dir="0" index="0" bw="1" slack="1"/>
<pin id="1373" dir="1" index="1" bw="1" slack="1"/>
</pin_list>
<bind>
<opset="icmp_ln1039_10 "/>
</bind>
</comp>

<comp id="1376" class="1005" name="icmp_ln1039_11_reg_1376">
<pin_list>
<pin id="1377" dir="0" index="0" bw="1" slack="1"/>
<pin id="1378" dir="1" index="1" bw="1" slack="1"/>
</pin_list>
<bind>
<opset="icmp_ln1039_11 "/>
</bind>
</comp>

<comp id="1381" class="1005" name="icmp_ln1039_12_reg_1381">
<pin_list>
<pin id="1382" dir="0" index="0" bw="1" slack="1"/>
<pin id="1383" dir="1" index="1" bw="1" slack="1"/>
</pin_list>
<bind>
<opset="icmp_ln1039_12 "/>
</bind>
</comp>

<comp id="1386" class="1005" name="icmp_ln1039_13_reg_1386">
<pin_list>
<pin id="1387" dir="0" index="0" bw="1" slack="1"/>
<pin id="1388" dir="1" index="1" bw="1" slack="1"/>
</pin_list>
<bind>
<opset="icmp_ln1039_13 "/>
</bind>
</comp>

<comp id="1391" class="1005" name="icmp_ln1039_14_reg_1391">
<pin_list>
<pin id="1392" dir="0" index="0" bw="1" slack="1"/>
<pin id="1393" dir="1" index="1" bw="1" slack="1"/>
</pin_list>
<bind>
<opset="icmp_ln1039_14 "/>
</bind>
</comp>

<comp id="1396" class="1005" name="add_ln840_6_reg_1396">
<pin_list>
<pin id="1397" dir="0" index="0" bw="3" slack="1"/>
<pin id="1398" dir="1" index="1" bw="3" slack="1"/>
</pin_list>
<bind>
<opset="add_ln840_6 "/>
</bind>
</comp>

<comp id="1401" class="1005" name="add_ln840_9_reg_1401">
<pin_list>
<pin id="1402" dir="0" index="0" bw="3" slack="1"/>
<pin id="1403" dir="1" index="1" bw="3" slack="1"/>
</pin_list>
<bind>
<opset="add_ln840_9 "/>
</bind>
</comp>

<comp id="1406" class="1005" name="add_ln840_12_reg_1406">
<pin_list>
<pin id="1407" dir="0" index="0" bw="3" slack="1"/>
<pin id="1408" dir="1" index="1" bw="3" slack="1"/>
</pin_list>
<bind>
<opset="add_ln840_12 "/>
</bind>
</comp>

</comp_list>

<net_list>
<net id="117"><net_src comp="36" pin="0"/><net_sink comp="114" pin=0"/></net>

<net id="121"><net_src comp="36" pin="0"/><net_sink comp="118" pin=0"/></net>

<net id="125"><net_src comp="36" pin="0"/><net_sink comp="122" pin=0"/></net>

<net id="129"><net_src comp="36" pin="0"/><net_sink comp="126" pin=0"/></net>

<net id="133"><net_src comp="36" pin="0"/><net_sink comp="130" pin=0"/></net>

<net id="137"><net_src comp="36" pin="0"/><net_sink comp="134" pin=0"/></net>

<net id="141"><net_src comp="36" pin="0"/><net_sink comp="138" pin=0"/></net>

<net id="145"><net_src comp="36" pin="0"/><net_sink comp="142" pin=0"/></net>

<net id="149"><net_src comp="36" pin="0"/><net_sink comp="146" pin=0"/></net>

<net id="153"><net_src comp="36" pin="0"/><net_sink comp="150" pin=0"/></net>

<net id="157"><net_src comp="36" pin="0"/><net_sink comp="154" pin=0"/></net>

<net id="161"><net_src comp="36" pin="0"/><net_sink comp="158" pin=0"/></net>

<net id="165"><net_src comp="36" pin="0"/><net_sink comp="162" pin=0"/></net>

<net id="170"><net_src comp="70" pin="0"/><net_sink comp="166" pin=0"/></net>

<net id="171"><net_src comp="0" pin="0"/><net_sink comp="166" pin=1"/></net>

<net id="176"><net_src comp="70" pin="0"/><net_sink comp="172" pin=0"/></net>

<net id="177"><net_src comp="4" pin="0"/><net_sink comp="172" pin=1"/></net>

<net id="183"><net_src comp="112" pin="0"/><net_sink comp="178" pin=0"/></net>

<net id="184"><net_src comp="2" pin="0"/><net_sink comp="178" pin=1"/></net>

<net id="190"><net_src comp="6" pin="0"/><net_sink comp="185" pin=0"/></net>

<net id="191"><net_src comp="102" pin="0"/><net_sink comp="185" pin=1"/></net>

<net id="197"><net_src comp="185" pin="3"/><net_sink comp="192" pin=0"/></net>

<net id="203"><net_src comp="8" pin="0"/><net_sink comp="198" pin=0"/></net>

<net id="204"><net_src comp="102" pin="0"/><net_sink comp="198" pin=1"/></net>

<net id="210"><net_src comp="198" pin="3"/><net_sink comp="205" pin=0"/></net>

<net id="216"><net_src comp="10" pin="0"/><net_sink comp="211" pin=0"/></net>

<net id="217"><net_src comp="102" pin="0"/><net_sink comp="211" pin=1"/></net>

<net id="223"><net_src comp="211" pin="3"/><net_sink comp="218" pin=0"/></net>

<net id="229"><net_src comp="12" pin="0"/><net_sink comp="224" pin=0"/></net>

<net id="230"><net_src comp="102" pin="0"/><net_sink comp="224" pin=1"/></net>

<net id="236"><net_src comp="224" pin="3"/><net_sink comp="231" pin=0"/></net>

<net id="242"><net_src comp="14" pin="0"/><net_sink comp="237" pin=0"/></net>

<net id="243"><net_src comp="102" pin="0"/><net_sink comp="237" pin=1"/></net>

<net id="249"><net_src comp="237" pin="3"/><net_sink comp="244" pin=0"/></net>

<net id="255"><net_src comp="16" pin="0"/><net_sink comp="250" pin=0"/></net>

<net id="256"><net_src comp="102" pin="0"/><net_sink comp="250" pin=1"/></net>

<net id="262"><net_src comp="250" pin="3"/><net_sink comp="257" pin=0"/></net>

<net id="268"><net_src comp="18" pin="0"/><net_sink comp="263" pin=0"/></net>

<net id="269"><net_src comp="102" pin="0"/><net_sink comp="263" pin=1"/></net>

<net id="275"><net_src comp="263" pin="3"/><net_sink comp="270" pin=0"/></net>

<net id="281"><net_src comp="20" pin="0"/><net_sink comp="276" pin=0"/></net>

<net id="282"><net_src comp="102" pin="0"/><net_sink comp="276" pin=1"/></net>

<net id="288"><net_src comp="276" pin="3"/><net_sink comp="283" pin=0"/></net>

<net id="294"><net_src comp="22" pin="0"/><net_sink comp="289" pin=0"/></net>

<net id="295"><net_src comp="102" pin="0"/><net_sink comp="289" pin=1"/></net>

<net id="301"><net_src comp="289" pin="3"/><net_sink comp="296" pin=0"/></net>

<net id="307"><net_src comp="24" pin="0"/><net_sink comp="302" pin=0"/></net>

<net id="308"><net_src comp="102" pin="0"/><net_sink comp="302" pin=1"/></net>

<net id="314"><net_src comp="302" pin="3"/><net_sink comp="309" pin=0"/></net>

<net id="320"><net_src comp="26" pin="0"/><net_sink comp="315" pin=0"/></net>

<net id="321"><net_src comp="102" pin="0"/><net_sink comp="315" pin=1"/></net>

<net id="327"><net_src comp="315" pin="3"/><net_sink comp="322" pin=0"/></net>

<net id="333"><net_src comp="28" pin="0"/><net_sink comp="328" pin=0"/></net>

<net id="334"><net_src comp="102" pin="0"/><net_sink comp="328" pin=1"/></net>

<net id="340"><net_src comp="328" pin="3"/><net_sink comp="335" pin=0"/></net>

<net id="346"><net_src comp="30" pin="0"/><net_sink comp="341" pin=0"/></net>

<net id="347"><net_src comp="102" pin="0"/><net_sink comp="341" pin=1"/></net>

<net id="353"><net_src comp="341" pin="3"/><net_sink comp="348" pin=0"/></net>

<net id="359"><net_src comp="32" pin="0"/><net_sink comp="354" pin=0"/></net>

<net id="360"><net_src comp="102" pin="0"/><net_sink comp="354" pin=1"/></net>

<net id="366"><net_src comp="354" pin="3"/><net_sink comp="361" pin=0"/></net>

<net id="372"><net_src comp="34" pin="0"/><net_sink comp="367" pin=0"/></net>

<net id="373"><net_src comp="102" pin="0"/><net_sink comp="367" pin=1"/></net>

<net id="379"><net_src comp="367" pin="3"/><net_sink comp="374" pin=0"/></net>

<net id="409"><net_src comp="42" pin="0"/><net_sink comp="405" pin=0"/></net>

<net id="414"><net_src comp="50" pin="0"/><net_sink comp="410" pin=0"/></net>

<net id="419"><net_src comp="42" pin="0"/><net_sink comp="415" pin=0"/></net>

<net id="433"><net_src comp="423" pin="1"/><net_sink comp="429" pin=0"/></net>

<net id="434"><net_src comp="52" pin="0"/><net_sink comp="429" pin=1"/></net>

<net id="439"><net_src comp="423" pin="1"/><net_sink comp="435" pin=0"/></net>

<net id="440"><net_src comp="58" pin="0"/><net_sink comp="435" pin=1"/></net>

<net id="445"><net_src comp="426" pin="1"/><net_sink comp="441" pin=0"/></net>

<net id="446"><net_src comp="42" pin="0"/><net_sink comp="441" pin=1"/></net>

<net id="477"><net_src comp="420" pin="1"/><net_sink comp="474" pin=0"/></net>

<net id="491"><net_src comp="68" pin="0"/><net_sink comp="478" pin=0"/></net>

<net id="492"><net_src comp="447" pin="1"/><net_sink comp="478" pin=1"/></net>

<net id="493"><net_src comp="450" pin="1"/><net_sink comp="478" pin=2"/></net>

<net id="494"><net_src comp="453" pin="1"/><net_sink comp="478" pin=3"/></net>

<net id="495"><net_src comp="456" pin="1"/><net_sink comp="478" pin=4"/></net>

<net id="496"><net_src comp="459" pin="1"/><net_sink comp="478" pin=5"/></net>

<net id="497"><net_src comp="462" pin="1"/><net_sink comp="478" pin=6"/></net>

<net id="498"><net_src comp="465" pin="1"/><net_sink comp="478" pin=7"/></net>

<net id="499"><net_src comp="468" pin="1"/><net_sink comp="478" pin=8"/></net>

<net id="500"><net_src comp="471" pin="1"/><net_sink comp="478" pin=9"/></net>

<net id="501"><net_src comp="474" pin="1"/><net_sink comp="478" pin=10"/></net>

<net id="505"><net_src comp="420" pin="1"/><net_sink comp="502" pin=0"/></net>

<net id="510"><net_src comp="166" pin="2"/><net_sink comp="506" pin=0"/></net>

<net id="515"><net_src comp="166" pin="2"/><net_sink comp="511" pin=0"/></net>

<net id="520"><net_src comp="166" pin="2"/><net_sink comp="516" pin=0"/></net>

<net id="525"><net_src comp="166" pin="2"/><net_sink comp="521" pin=0"/></net>

<net id="530"><net_src comp="166" pin="2"/><net_sink comp="526" pin=0"/></net>

<net id="535"><net_src comp="166" pin="2"/><net_sink comp="531" pin=0"/></net>

<net id="540"><net_src comp="166" pin="2"/><net_sink comp="536" pin=0"/></net>

<net id="545"><net_src comp="166" pin="2"/><net_sink comp="541" pin=0"/></net>

<net id="550"><net_src comp="166" pin="2"/><net_sink comp="546" pin=0"/></net>

<net id="554"><net_src comp="172" pin="2"/><net_sink comp="551" pin=0"/></net>

<net id="559"><net_src comp="420" pin="1"/><net_sink comp="555" pin=0"/></net>

<net id="560"><net_src comp="42" pin="0"/><net_sink comp="555" pin=1"/></net>

<net id="565"><net_src comp="420" pin="1"/><net_sink comp="561" pin=0"/></net>

<net id="566"><net_src comp="36" pin="0"/><net_sink comp="561" pin=1"/></net>

<net id="571"><net_src comp="561" pin="2"/><net_sink comp="567" pin=0"/></net>

<net id="572"><net_src comp="88" pin="0"/><net_sink comp="567" pin=1"/></net>

<net id="577"><net_src comp="561" pin="2"/><net_sink comp="573" pin=0"/></net>

<net id="582"><net_src comp="426" pin="1"/><net_sink comp="578" pin=0"/></net>

<net id="583"><net_src comp="36" pin="0"/><net_sink comp="578" pin=1"/></net>

<net id="588"><net_src comp="578" pin="2"/><net_sink comp="584" pin=0"/></net>

<net id="589"><net_src comp="90" pin="0"/><net_sink comp="584" pin=1"/></net>

<net id="595"><net_src comp="584" pin="2"/><net_sink comp="590" pin=0"/></net>

<net id="596"><net_src comp="42" pin="0"/><net_sink comp="590" pin=1"/></net>

<net id="597"><net_src comp="578" pin="2"/><net_sink comp="590" pin=2"/></net>

<net id="602"><net_src comp="590" pin="3"/><net_sink comp="598" pin=0"/></net>

<net id="607"><net_src comp="42" pin="0"/><net_sink comp="603" pin=0"/></net>

<net id="612"><net_src comp="435" pin="2"/><net_sink comp="608" pin=0"/></net>

<net id="619"><net_src comp="383" pin="20"/><net_sink comp="616" pin=0"/></net>

<net id="628"><net_src comp="92" pin="0"/><net_sink comp="623" pin=1"/></net>

<net id="629"><net_src comp="620" pin="1"/><net_sink comp="623" pin=2"/></net>

<net id="633"><net_src comp="630" pin="1"/><net_sink comp="185" pin=2"/></net>

<net id="634"><net_src comp="630" pin="1"/><net_sink comp="198" pin=2"/></net>

<net id="635"><net_src comp="630" pin="1"/><net_sink comp="211" pin=2"/></net>

<net id="636"><net_src comp="630" pin="1"/><net_sink comp="224" pin=2"/></net>

<net id="637"><net_src comp="630" pin="1"/><net_sink comp="237" pin=2"/></net>

<net id="638"><net_src comp="630" pin="1"/><net_sink comp="250" pin=2"/></net>

<net id="639"><net_src comp="630" pin="1"/><net_sink comp="263" pin=2"/></net>

<net id="640"><net_src comp="630" pin="1"/><net_sink comp="276" pin=2"/></net>

<net id="641"><net_src comp="630" pin="1"/><net_sink comp="289" pin=2"/></net>

<net id="642"><net_src comp="630" pin="1"/><net_sink comp="302" pin=2"/></net>

<net id="643"><net_src comp="630" pin="1"/><net_sink comp="315" pin=2"/></net>

<net id="644"><net_src comp="630" pin="1"/><net_sink comp="328" pin=2"/></net>

<net id="645"><net_src comp="630" pin="1"/><net_sink comp="341" pin=2"/></net>

<net id="646"><net_src comp="630" pin="1"/><net_sink comp="354" pin=2"/></net>

<net id="647"><net_src comp="630" pin="1"/><net_sink comp="367" pin=2"/></net>

<net id="651"><net_src comp="192" pin="3"/><net_sink comp="648" pin=0"/></net>

<net id="656"><net_src comp="648" pin="1"/><net_sink comp="652" pin=1"/></net>

<net id="660"><net_src comp="205" pin="3"/><net_sink comp="657" pin=0"/></net>

<net id="664"><net_src comp="657" pin="1"/><net_sink comp="661" pin=0"/></net>

<net id="669"><net_src comp="661" pin="1"/><net_sink comp="665" pin=1"/></net>

<net id="673"><net_src comp="218" pin="3"/><net_sink comp="670" pin=0"/></net>

<net id="678"><net_src comp="670" pin="1"/><net_sink comp="674" pin=1"/></net>

<net id="682"><net_src comp="231" pin="3"/><net_sink comp="679" pin=0"/></net>

<net id="686"><net_src comp="679" pin="1"/><net_sink comp="683" pin=0"/></net>

<net id="691"><net_src comp="683" pin="1"/><net_sink comp="687" pin=1"/></net>

<net id="695"><net_src comp="244" pin="3"/><net_sink comp="692" pin=0"/></net>

<net id="700"><net_src comp="692" pin="1"/><net_sink comp="696" pin=1"/></net>

<net id="704"><net_src comp="257" pin="3"/><net_sink comp="701" pin=0"/></net>

<net id="709"><net_src comp="701" pin="1"/><net_sink comp="705" pin=1"/></net>

<net id="713"><net_src comp="270" pin="3"/><net_sink comp="710" pin=0"/></net>

<net id="717"><net_src comp="710" pin="1"/><net_sink comp="714" pin=0"/></net>

<net id="722"><net_src comp="714" pin="1"/><net_sink comp="718" pin=1"/></net>

<net id="726"><net_src comp="283" pin="3"/><net_sink comp="723" pin=0"/></net>

<net id="731"><net_src comp="723" pin="1"/><net_sink comp="727" pin=1"/></net>

<net id="735"><net_src comp="296" pin="3"/><net_sink comp="732" pin=0"/></net>

<net id="740"><net_src comp="732" pin="1"/><net_sink comp="736" pin=1"/></net>

<net id="744"><net_src comp="309" pin="3"/><net_sink comp="741" pin=0"/></net>

<net id="749"><net_src comp="741" pin="1"/><net_sink comp="745" pin=1"/></net>

<net id="753"><net_src comp="322" pin="3"/><net_sink comp="750" pin=0"/></net>

<net id="758"><net_src comp="750" pin="1"/><net_sink comp="754" pin=1"/></net>

<net id="762"><net_src comp="335" pin="3"/><net_sink comp="759" pin=0"/></net>

<net id="766"><net_src comp="759" pin="1"/><net_sink comp="763" pin=0"/></net>

<net id="771"><net_src comp="763" pin="1"/><net_sink comp="767" pin=1"/></net>

<net id="775"><net_src comp="348" pin="3"/><net_sink comp="772" pin=0"/></net>

<net id="779"><net_src comp="772" pin="1"/><net_sink comp="776" pin=0"/></net>

<net id="784"><net_src comp="776" pin="1"/><net_sink comp="780" pin=1"/></net>

<net id="788"><net_src comp="361" pin="3"/><net_sink comp="785" pin=0"/></net>

<net id="792"><net_src comp="785" pin="1"/><net_sink comp="789" pin=0"/></net>

<net id="797"><net_src comp="789" pin="1"/><net_sink comp="793" pin=1"/></net>

<net id="801"><net_src comp="374" pin="3"/><net_sink comp="798" pin=0"/></net>

<net id="805"><net_src comp="798" pin="1"/><net_sink comp="802" pin=0"/></net>

<net id="810"><net_src comp="802" pin="1"/><net_sink comp="806" pin=1"/></net>

<net id="819"><net_src comp="110" pin="0"/><net_sink comp="815" pin=1"/></net>

<net id="823"><net_src comp="815" pin="2"/><net_sink comp="820" pin=0"/></net>

<net id="828"><net_src comp="110" pin="0"/><net_sink comp="824" pin=1"/></net>

<net id="832"><net_src comp="824" pin="2"/><net_sink comp="829" pin=0"/></net>

<net id="837"><net_src comp="110" pin="0"/><net_sink comp="833" pin=1"/></net>

<net id="841"><net_src comp="833" pin="2"/><net_sink comp="838" pin=0"/></net>

<net id="846"><net_src comp="110" pin="0"/><net_sink comp="842" pin=1"/></net>

<net id="850"><net_src comp="842" pin="2"/><net_sink comp="847" pin=0"/></net>

<net id="855"><net_src comp="110" pin="0"/><net_sink comp="851" pin=1"/></net>

<net id="859"><net_src comp="851" pin="2"/><net_sink comp="856" pin=0"/></net>

<net id="864"><net_src comp="110" pin="0"/><net_sink comp="860" pin=1"/></net>

<net id="868"><net_src comp="860" pin="2"/><net_sink comp="865" pin=0"/></net>

<net id="873"><net_src comp="110" pin="0"/><net_sink comp="869" pin=1"/></net>

<net id="877"><net_src comp="869" pin="2"/><net_sink comp="874" pin=0"/></net>

<net id="882"><net_src comp="110" pin="0"/><net_sink comp="878" pin=1"/></net>

<net id="886"><net_src comp="878" pin="2"/><net_sink comp="883" pin=0"/></net>

<net id="891"><net_src comp="110" pin="0"/><net_sink comp="887" pin=1"/></net>

<net id="895"><net_src comp="887" pin="2"/><net_sink comp="892" pin=0"/></net>

<net id="900"><net_src comp="110" pin="0"/><net_sink comp="896" pin=1"/></net>

<net id="904"><net_src comp="896" pin="2"/><net_sink comp="901" pin=0"/></net>

<net id="909"><net_src comp="110" pin="0"/><net_sink comp="905" pin=1"/></net>

<net id="913"><net_src comp="905" pin="2"/><net_sink comp="910" pin=0"/></net>

<net id="918"><net_src comp="110" pin="0"/><net_sink comp="914" pin=1"/></net>

<net id="922"><net_src comp="914" pin="2"/><net_sink comp="919" pin=0"/></net>

<net id="927"><net_src comp="110" pin="0"/><net_sink comp="923" pin=1"/></net>

<net id="931"><net_src comp="923" pin="2"/><net_sink comp="928" pin=0"/></net>

<net id="936"><net_src comp="110" pin="0"/><net_sink comp="932" pin=1"/></net>

<net id="940"><net_src comp="932" pin="2"/><net_sink comp="937" pin=0"/></net>

<net id="945"><net_src comp="110" pin="0"/><net_sink comp="941" pin=1"/></net>

<net id="949"><net_src comp="941" pin="2"/><net_sink comp="946" pin=0"/></net>

<net id="954"><net_src comp="820" pin="1"/><net_sink comp="950" pin=0"/></net>

<net id="955"><net_src comp="838" pin="1"/><net_sink comp="950" pin=1"/></net>

<net id="960"><net_src comp="950" pin="2"/><net_sink comp="956" pin=0"/></net>

<net id="961"><net_src comp="829" pin="1"/><net_sink comp="956" pin=1"/></net>

<net id="965"><net_src comp="956" pin="2"/><net_sink comp="962" pin=0"/></net>

<net id="970"><net_src comp="847" pin="1"/><net_sink comp="966" pin=0"/></net>

<net id="971"><net_src comp="856" pin="1"/><net_sink comp="966" pin=1"/></net>

<net id="975"><net_src comp="966" pin="2"/><net_sink comp="972" pin=0"/></net>

<net id="980"><net_src comp="865" pin="1"/><net_sink comp="976" pin=0"/></net>

<net id="981"><net_src comp="874" pin="1"/><net_sink comp="976" pin=1"/></net>

<net id="985"><net_src comp="976" pin="2"/><net_sink comp="982" pin=0"/></net>

<net id="990"><net_src comp="982" pin="1"/><net_sink comp="986" pin=0"/></net>

<net id="991"><net_src comp="972" pin="1"/><net_sink comp="986" pin=1"/></net>

<net id="996"><net_src comp="986" pin="2"/><net_sink comp="992" pin=0"/></net>

<net id="997"><net_src comp="962" pin="1"/><net_sink comp="992" pin=1"/></net>

<net id="1002"><net_src comp="883" pin="1"/><net_sink comp="998" pin=0"/></net>

<net id="1003"><net_src comp="892" pin="1"/><net_sink comp="998" pin=1"/></net>

<net id="1007"><net_src comp="998" pin="2"/><net_sink comp="1004" pin=0"/></net>

<net id="1012"><net_src comp="901" pin="1"/><net_sink comp="1008" pin=0"/></net>

<net id="1013"><net_src comp="910" pin="1"/><net_sink comp="1008" pin=1"/></net>

<net id="1017"><net_src comp="1008" pin="2"/><net_sink comp="1014" pin=0"/></net>

<net id="1022"><net_src comp="1014" pin="1"/><net_sink comp="1018" pin=0"/></net>

<net id="1023"><net_src comp="1004" pin="1"/><net_sink comp="1018" pin=1"/></net>

<net id="1028"><net_src comp="919" pin="1"/><net_sink comp="1024" pin=0"/></net>

<net id="1029"><net_src comp="928" pin="1"/><net_sink comp="1024" pin=1"/></net>

<net id="1033"><net_src comp="1024" pin="2"/><net_sink comp="1030" pin=0"/></net>

<net id="1038"><net_src comp="937" pin="1"/><net_sink comp="1034" pin=0"/></net>

<net id="1039"><net_src comp="946" pin="1"/><net_sink comp="1034" pin=1"/></net>

<net id="1043"><net_src comp="1034" pin="2"/><net_sink comp="1040" pin=0"/></net>

<net id="1048"><net_src comp="1040" pin="1"/><net_sink comp="1044" pin=0"/></net>

<net id="1049"><net_src comp="1030" pin="1"/><net_sink comp="1044" pin=1"/></net>

<net id="1063"><net_src comp="1056" pin="1"/><net_sink comp="1059" pin=0"/></net>

<net id="1064"><net_src comp="1053" pin="1"/><net_sink comp="1059" pin=1"/></net>

<net id="1069"><net_src comp="1059" pin="2"/><net_sink comp="1065" pin=0"/></net>

<net id="1070"><net_src comp="1050" pin="1"/><net_sink comp="1065" pin=1"/></net>

<net id="1074"><net_src comp="1065" pin="2"/><net_sink comp="1071" pin=0"/></net>

<net id="1075"><net_src comp="1071" pin="1"/><net_sink comp="178" pin=2"/></net>

<net id="1081"><net_src comp="616" pin="1"/><net_sink comp="1076" pin=0"/></net>

<net id="1082"><net_src comp="613" pin="1"/><net_sink comp="1076" pin=1"/></net>

<net id="1083"><net_src comp="623" pin="3"/><net_sink comp="1076" pin=2"/></net>

<net id="1084"><net_src comp="1076" pin="3"/><net_sink comp="652" pin=0"/></net>

<net id="1085"><net_src comp="1076" pin="3"/><net_sink comp="665" pin=0"/></net>

<net id="1086"><net_src comp="1076" pin="3"/><net_sink comp="674" pin=0"/></net>

<net id="1087"><net_src comp="1076" pin="3"/><net_sink comp="687" pin=0"/></net>

<net id="1088"><net_src comp="1076" pin="3"/><net_sink comp="696" pin=0"/></net>

<net id="1089"><net_src comp="1076" pin="3"/><net_sink comp="705" pin=0"/></net>

<net id="1090"><net_src comp="1076" pin="3"/><net_sink comp="718" pin=0"/></net>

<net id="1091"><net_src comp="1076" pin="3"/><net_sink comp="727" pin=0"/></net>

<net id="1092"><net_src comp="1076" pin="3"/><net_sink comp="736" pin=0"/></net>

<net id="1093"><net_src comp="1076" pin="3"/><net_sink comp="745" pin=0"/></net>

<net id="1094"><net_src comp="1076" pin="3"/><net_sink comp="754" pin=0"/></net>

<net id="1095"><net_src comp="1076" pin="3"/><net_sink comp="767" pin=0"/></net>

<net id="1096"><net_src comp="1076" pin="3"/><net_sink comp="780" pin=0"/></net>

<net id="1097"><net_src comp="1076" pin="3"/><net_sink comp="793" pin=0"/></net>

<net id="1098"><net_src comp="1076" pin="3"/><net_sink comp="806" pin=0"/></net>

<net id="1099"><net_src comp="1076" pin="3"/><net_sink comp="811" pin=0"/></net>

<net id="1103"><net_src comp="114" pin="1"/><net_sink comp="1100" pin=0"/></net>

<net id="1104"><net_src comp="1100" pin="1"/><net_sink comp="415" pin=1"/></net>

<net id="1105"><net_src comp="1100" pin="1"/><net_sink comp="420" pin=0"/></net>

<net id="1106"><net_src comp="1100" pin="1"/><net_sink comp="573" pin=1"/></net>

<net id="1107"><net_src comp="1100" pin="1"/><net_sink comp="603" pin=1"/></net>

<net id="1111"><net_src comp="118" pin="1"/><net_sink comp="1108" pin=0"/></net>

<net id="1112"><net_src comp="1108" pin="1"/><net_sink comp="410" pin=1"/></net>

<net id="1113"><net_src comp="1108" pin="1"/><net_sink comp="423" pin=0"/></net>

<net id="1114"><net_src comp="1108" pin="1"/><net_sink comp="608" pin=1"/></net>

<net id="1118"><net_src comp="122" pin="1"/><net_sink comp="1115" pin=0"/></net>

<net id="1119"><net_src comp="1115" pin="1"/><net_sink comp="620" pin=0"/></net>

<net id="1120"><net_src comp="1115" pin="1"/><net_sink comp="811" pin=1"/></net>

<net id="1124"><net_src comp="126" pin="1"/><net_sink comp="1121" pin=0"/></net>

<net id="1125"><net_src comp="1121" pin="1"/><net_sink comp="447" pin=0"/></net>

<net id="1126"><net_src comp="1121" pin="1"/><net_sink comp="541" pin=1"/></net>

<net id="1130"><net_src comp="130" pin="1"/><net_sink comp="1127" pin=0"/></net>

<net id="1131"><net_src comp="1127" pin="1"/><net_sink comp="450" pin=0"/></net>

<net id="1132"><net_src comp="1127" pin="1"/><net_sink comp="536" pin=1"/></net>

<net id="1136"><net_src comp="134" pin="1"/><net_sink comp="1133" pin=0"/></net>

<net id="1137"><net_src comp="1133" pin="1"/><net_sink comp="453" pin=0"/></net>

<net id="1138"><net_src comp="1133" pin="1"/><net_sink comp="531" pin=1"/></net>

<net id="1142"><net_src comp="138" pin="1"/><net_sink comp="1139" pin=0"/></net>

<net id="1143"><net_src comp="1139" pin="1"/><net_sink comp="456" pin=0"/></net>

<net id="1144"><net_src comp="1139" pin="1"/><net_sink comp="526" pin=1"/></net>

<net id="1148"><net_src comp="142" pin="1"/><net_sink comp="1145" pin=0"/></net>

<net id="1149"><net_src comp="1145" pin="1"/><net_sink comp="459" pin=0"/></net>

<net id="1150"><net_src comp="1145" pin="1"/><net_sink comp="521" pin=1"/></net>

<net id="1154"><net_src comp="146" pin="1"/><net_sink comp="1151" pin=0"/></net>

<net id="1155"><net_src comp="1151" pin="1"/><net_sink comp="462" pin=0"/></net>

<net id="1156"><net_src comp="1151" pin="1"/><net_sink comp="516" pin=1"/></net>

<net id="1160"><net_src comp="150" pin="1"/><net_sink comp="1157" pin=0"/></net>

<net id="1161"><net_src comp="1157" pin="1"/><net_sink comp="465" pin=0"/></net>

<net id="1162"><net_src comp="1157" pin="1"/><net_sink comp="511" pin=1"/></net>

<net id="1166"><net_src comp="154" pin="1"/><net_sink comp="1163" pin=0"/></net>

<net id="1167"><net_src comp="1163" pin="1"/><net_sink comp="468" pin=0"/></net>

<net id="1168"><net_src comp="1163" pin="1"/><net_sink comp="506" pin=1"/></net>

<net id="1172"><net_src comp="158" pin="1"/><net_sink comp="1169" pin=0"/></net>

<net id="1173"><net_src comp="1169" pin="1"/><net_sink comp="471" pin=0"/></net>

<net id="1174"><net_src comp="1169" pin="1"/><net_sink comp="546" pin=1"/></net>

<net id="1178"><net_src comp="162" pin="1"/><net_sink comp="1175" pin=0"/></net>

<net id="1179"><net_src comp="1175" pin="1"/><net_sink comp="405" pin=1"/></net>

<net id="1180"><net_src comp="1175" pin="1"/><net_sink comp="426" pin=0"/></net>

<net id="1181"><net_src comp="1175" pin="1"/><net_sink comp="598" pin=1"/></net>

<net id="1185"><net_src comp="426" pin="1"/><net_sink comp="1182" pin=0"/></net>

<net id="1186"><net_src comp="1182" pin="1"/><net_sink comp="630" pin=0"/></net>

<net id="1190"><net_src comp="429" pin="2"/><net_sink comp="1187" pin=0"/></net>

<net id="1194"><net_src comp="441" pin="2"/><net_sink comp="1191" pin=0"/></net>

<net id="1198"><net_src comp="478" pin="11"/><net_sink comp="1195" pin=0"/></net>

<net id="1199"><net_src comp="1195" pin="1"/><net_sink comp="383" pin=0"/></net>

<net id="1203"><net_src comp="166" pin="2"/><net_sink comp="1200" pin=0"/></net>

<net id="1204"><net_src comp="1200" pin="1"/><net_sink comp="383" pin=2"/></net>

<net id="1205"><net_src comp="1200" pin="1"/><net_sink comp="383" pin=4"/></net>

<net id="1206"><net_src comp="1200" pin="1"/><net_sink comp="383" pin=6"/></net>

<net id="1207"><net_src comp="1200" pin="1"/><net_sink comp="383" pin=8"/></net>

<net id="1208"><net_src comp="1200" pin="1"/><net_sink comp="383" pin=10"/></net>

<net id="1209"><net_src comp="1200" pin="1"/><net_sink comp="383" pin=12"/></net>

<net id="1210"><net_src comp="1200" pin="1"/><net_sink comp="383" pin=14"/></net>

<net id="1211"><net_src comp="1200" pin="1"/><net_sink comp="383" pin=16"/></net>

<net id="1212"><net_src comp="1200" pin="1"/><net_sink comp="383" pin=18"/></net>

<net id="1216"><net_src comp="502" pin="1"/><net_sink comp="1213" pin=0"/></net>

<net id="1220"><net_src comp="551" pin="1"/><net_sink comp="1217" pin=0"/></net>

<net id="1221"><net_src comp="1217" pin="1"/><net_sink comp="613" pin=0"/></net>

<net id="1225"><net_src comp="555" pin="2"/><net_sink comp="1222" pin=0"/></net>

<net id="1226"><net_src comp="1222" pin="1"/><net_sink comp="623" pin=0"/></net>

<net id="1230"><net_src comp="567" pin="2"/><net_sink comp="1227" pin=0"/></net>

<net id="1234"><net_src comp="613" pin="1"/><net_sink comp="1231" pin=0"/></net>

<net id="1235"><net_src comp="1231" pin="1"/><net_sink comp="1076" pin=1"/></net>

<net id="1239"><net_src comp="616" pin="1"/><net_sink comp="1236" pin=0"/></net>

<net id="1240"><net_src comp="1236" pin="1"/><net_sink comp="1076" pin=0"/></net>

<net id="1244"><net_src comp="623" pin="3"/><net_sink comp="1241" pin=0"/></net>

<net id="1245"><net_src comp="1241" pin="1"/><net_sink comp="1076" pin=0"/></net>

<net id="1249"><net_src comp="185" pin="3"/><net_sink comp="1246" pin=0"/></net>

<net id="1250"><net_src comp="1246" pin="1"/><net_sink comp="192" pin=0"/></net>

<net id="1254"><net_src comp="198" pin="3"/><net_sink comp="1251" pin=0"/></net>

<net id="1255"><net_src comp="1251" pin="1"/><net_sink comp="205" pin=0"/></net>

<net id="1259"><net_src comp="211" pin="3"/><net_sink comp="1256" pin=0"/></net>

<net id="1260"><net_src comp="1256" pin="1"/><net_sink comp="218" pin=0"/></net>

<net id="1264"><net_src comp="224" pin="3"/><net_sink comp="1261" pin=0"/></net>

<net id="1265"><net_src comp="1261" pin="1"/><net_sink comp="231" pin=0"/></net>

<net id="1269"><net_src comp="237" pin="3"/><net_sink comp="1266" pin=0"/></net>

<net id="1270"><net_src comp="1266" pin="1"/><net_sink comp="244" pin=0"/></net>

<net id="1274"><net_src comp="250" pin="3"/><net_sink comp="1271" pin=0"/></net>

<net id="1275"><net_src comp="1271" pin="1"/><net_sink comp="257" pin=0"/></net>

<net id="1279"><net_src comp="263" pin="3"/><net_sink comp="1276" pin=0"/></net>

<net id="1280"><net_src comp="1276" pin="1"/><net_sink comp="270" pin=0"/></net>

<net id="1284"><net_src comp="276" pin="3"/><net_sink comp="1281" pin=0"/></net>

<net id="1285"><net_src comp="1281" pin="1"/><net_sink comp="283" pin=0"/></net>

<net id="1289"><net_src comp="289" pin="3"/><net_sink comp="1286" pin=0"/></net>

<net id="1290"><net_src comp="1286" pin="1"/><net_sink comp="296" pin=0"/></net>

<net id="1294"><net_src comp="302" pin="3"/><net_sink comp="1291" pin=0"/></net>

<net id="1295"><net_src comp="1291" pin="1"/><net_sink comp="309" pin=0"/></net>

<net id="1299"><net_src comp="315" pin="3"/><net_sink comp="1296" pin=0"/></net>

<net id="1300"><net_src comp="1296" pin="1"/><net_sink comp="322" pin=0"/></net>

<net id="1304"><net_src comp="328" pin="3"/><net_sink comp="1301" pin=0"/></net>

<net id="1305"><net_src comp="1301" pin="1"/><net_sink comp="335" pin=0"/></net>

<net id="1309"><net_src comp="341" pin="3"/><net_sink comp="1306" pin=0"/></net>

<net id="1310"><net_src comp="1306" pin="1"/><net_sink comp="348" pin=0"/></net>

<net id="1314"><net_src comp="354" pin="3"/><net_sink comp="1311" pin=0"/></net>

<net id="1315"><net_src comp="1311" pin="1"/><net_sink comp="361" pin=0"/></net>

<net id="1319"><net_src comp="367" pin="3"/><net_sink comp="1316" pin=0"/></net>

<net id="1320"><net_src comp="1316" pin="1"/><net_sink comp="374" pin=0"/></net>

<net id="1324"><net_src comp="652" pin="2"/><net_sink comp="1321" pin=0"/></net>

<net id="1325"><net_src comp="1321" pin="1"/><net_sink comp="815" pin=0"/></net>

<net id="1329"><net_src comp="665" pin="2"/><net_sink comp="1326" pin=0"/></net>

<net id="1330"><net_src comp="1326" pin="1"/><net_sink comp="824" pin=0"/></net>

<net id="1334"><net_src comp="674" pin="2"/><net_sink comp="1331" pin=0"/></net>

<net id="1335"><net_src comp="1331" pin="1"/><net_sink comp="833" pin=0"/></net>

<net id="1339"><net_src comp="687" pin="2"/><net_sink comp="1336" pin=0"/></net>

<net id="1340"><net_src comp="1336" pin="1"/><net_sink comp="842" pin=0"/></net>

<net id="1344"><net_src comp="696" pin="2"/><net_sink comp="1341" pin=0"/></net>

<net id="1345"><net_src comp="1341" pin="1"/><net_sink comp="851" pin=0"/></net>

<net id="1349"><net_src comp="705" pin="2"/><net_sink comp="1346" pin=0"/></net>

<net id="1350"><net_src comp="1346" pin="1"/><net_sink comp="860" pin=0"/></net>

<net id="1354"><net_src comp="718" pin="2"/><net_sink comp="1351" pin=0"/></net>

<net id="1355"><net_src comp="1351" pin="1"/><net_sink comp="869" pin=0"/></net>

<net id="1359"><net_src comp="727" pin="2"/><net_sink comp="1356" pin=0"/></net>

<net id="1360"><net_src comp="1356" pin="1"/><net_sink comp="878" pin=0"/></net>

<net id="1364"><net_src comp="736" pin="2"/><net_sink comp="1361" pin=0"/></net>

<net id="1365"><net_src comp="1361" pin="1"/><net_sink comp="887" pin=0"/></net>

<net id="1369"><net_src comp="745" pin="2"/><net_sink comp="1366" pin=0"/></net>

<net id="1370"><net_src comp="1366" pin="1"/><net_sink comp="896" pin=0"/></net>

<net id="1374"><net_src comp="754" pin="2"/><net_sink comp="1371" pin=0"/></net>

<net id="1375"><net_src comp="1371" pin="1"/><net_sink comp="905" pin=0"/></net>

<net id="1379"><net_src comp="767" pin="2"/><net_sink comp="1376" pin=0"/></net>

<net id="1380"><net_src comp="1376" pin="1"/><net_sink comp="914" pin=0"/></net>

<net id="1384"><net_src comp="780" pin="2"/><net_sink comp="1381" pin=0"/></net>

<net id="1385"><net_src comp="1381" pin="1"/><net_sink comp="923" pin=0"/></net>

<net id="1389"><net_src comp="793" pin="2"/><net_sink comp="1386" pin=0"/></net>

<net id="1390"><net_src comp="1386" pin="1"/><net_sink comp="932" pin=0"/></net>

<net id="1394"><net_src comp="806" pin="2"/><net_sink comp="1391" pin=0"/></net>

<net id="1395"><net_src comp="1391" pin="1"/><net_sink comp="941" pin=0"/></net>

<net id="1399"><net_src comp="992" pin="2"/><net_sink comp="1396" pin=0"/></net>

<net id="1400"><net_src comp="1396" pin="1"/><net_sink comp="1050" pin=0"/></net>

<net id="1404"><net_src comp="1018" pin="2"/><net_sink comp="1401" pin=0"/></net>

<net id="1405"><net_src comp="1401" pin="1"/><net_sink comp="1053" pin=0"/></net>

<net id="1409"><net_src comp="1044" pin="2"/><net_sink comp="1406" pin=0"/></net>

<net id="1410"><net_src comp="1406" pin="1"/><net_sink comp="1056" pin=0"/></net>

</net_list>

</model> 
---------------- Datapath Model END ------------------

* FSMD analyzer results:
  - Output states:
	Port: in0_V | {}
	Port: out_V | {7 }
	Port: weights_V | {}
	Port: p_ZL7threshs_0 | {}
	Port: p_ZL7threshs_1 | {}
	Port: p_ZL7threshs_2 | {}
	Port: p_ZL7threshs_3 | {}
	Port: p_ZL7threshs_4 | {}
	Port: p_ZL7threshs_5 | {}
	Port: p_ZL7threshs_6 | {}
	Port: p_ZL7threshs_7 | {}
	Port: p_ZL7threshs_8 | {}
	Port: p_ZL7threshs_9 | {}
	Port: p_ZL7threshs_10 | {}
	Port: p_ZL7threshs_11 | {}
	Port: p_ZL7threshs_12 | {}
	Port: p_ZL7threshs_13 | {}
	Port: p_ZL7threshs_14 | {}
 - Input state : 
	Port: Matrix_Vector_Activate_Stream_Batch : in0_V | {1 }
	Port: Matrix_Vector_Activate_Stream_Batch : out_V | {}
	Port: Matrix_Vector_Activate_Stream_Batch : weights_V | {1 }
	Port: Matrix_Vector_Activate_Stream_Batch : p_ZL7threshs_0 | {4 5 }
	Port: Matrix_Vector_Activate_Stream_Batch : p_ZL7threshs_1 | {4 5 }
	Port: Matrix_Vector_Activate_Stream_Batch : p_ZL7threshs_2 | {4 5 }
	Port: Matrix_Vector_Activate_Stream_Batch : p_ZL7threshs_3 | {4 5 }
	Port: Matrix_Vector_Activate_Stream_Batch : p_ZL7threshs_4 | {4 5 }
	Port: Matrix_Vector_Activate_Stream_Batch : p_ZL7threshs_5 | {4 5 }
	Port: Matrix_Vector_Activate_Stream_Batch : p_ZL7threshs_6 | {4 5 }
	Port: Matrix_Vector_Activate_Stream_Batch : p_ZL7threshs_7 | {4 5 }
	Port: Matrix_Vector_Activate_Stream_Batch : p_ZL7threshs_8 | {4 5 }
	Port: Matrix_Vector_Activate_Stream_Batch : p_ZL7threshs_9 | {4 5 }
	Port: Matrix_Vector_Activate_Stream_Batch : p_ZL7threshs_10 | {4 5 }
	Port: Matrix_Vector_Activate_Stream_Batch : p_ZL7threshs_11 | {4 5 }
	Port: Matrix_Vector_Activate_Stream_Batch : p_ZL7threshs_12 | {4 5 }
	Port: Matrix_Vector_Activate_Stream_Batch : p_ZL7threshs_13 | {4 5 }
	Port: Matrix_Vector_Activate_Stream_Batch : p_ZL7threshs_14 | {4 5 }
  - Chain level:
	State 1
		store_ln249 : 1
		store_ln249 : 1
		store_ln249 : 1
		sf_1 : 1
		i_1 : 1
		nf_2 : 1
		icmp_ln249 : 2
		i_2 : 2
		br_ln249 : 3
		icmp_ln253 : 2
		br_ln253 : 3
		inputBuf_V_load : 1
		inputBuf_V_1_load : 1
		inputBuf_V_2_load : 1
		inputBuf_V_3_load : 1
		inputBuf_V_4_load : 1
		inputBuf_V_5_load : 1
		inputBuf_V_6_load : 1
		inputBuf_V_7_load : 1
		inputBuf_V_8_load : 1
		trunc_ln261 : 2
		tmp : 3
		trunc_ln257 : 2
		switch_ln257 : 3
		icmp_ln272 : 2
		sf_2 : 2
		icmp_ln290 : 3
		br_ln290 : 4
		store_ln290 : 3
		nf : 2
		icmp_ln302 : 3
		nf_3 : 4
		store_ln306 : 5
		store_ln306 : 1
		store_ln249 : 3
	State 2
		sext_ln1494_1 : 1
		ret_V : 2
	State 3
	State 4
		select_ln272 : 1
		specfucore_ln142 : 1
		sext_ln840 : 1
		add_ln840 : 2
		p_ZL7threshs_0_addr : 1
		p_ZL7threshs_0_load : 2
		p_ZL7threshs_1_addr : 1
		p_ZL7threshs_1_load : 2
		p_ZL7threshs_2_addr : 1
		p_ZL7threshs_2_load : 2
		p_ZL7threshs_3_addr : 1
		p_ZL7threshs_3_load : 2
		p_ZL7threshs_4_addr : 1
		p_ZL7threshs_4_load : 2
		p_ZL7threshs_5_addr : 1
		p_ZL7threshs_5_load : 2
		p_ZL7threshs_6_addr : 1
		p_ZL7threshs_6_load : 2
		p_ZL7threshs_7_addr : 1
		p_ZL7threshs_7_load : 2
		p_ZL7threshs_8_addr : 1
		p_ZL7threshs_8_load : 2
		p_ZL7threshs_9_addr : 1
		p_ZL7threshs_9_load : 2
		p_ZL7threshs_10_addr : 1
		p_ZL7threshs_10_load : 2
		p_ZL7threshs_11_addr : 1
		p_ZL7threshs_11_load : 2
		p_ZL7threshs_12_addr : 1
		p_ZL7threshs_12_load : 2
		p_ZL7threshs_13_addr : 1
		p_ZL7threshs_13_load : 2
		p_ZL7threshs_14_addr : 1
		p_ZL7threshs_14_load : 2
	State 5
		rend : 1
		zext_ln1039 : 1
		icmp_ln1039 : 2
		sext_ln1039 : 1
		zext_ln1039_1 : 2
		icmp_ln1039_1 : 3
		zext_ln1039_2 : 1
		icmp_ln1039_2 : 2
		sext_ln1039_1 : 1
		zext_ln1039_3 : 2
		icmp_ln1039_3 : 3
		zext_ln1039_4 : 1
		icmp_ln1039_4 : 2
		zext_ln1039_5 : 1
		icmp_ln1039_5 : 2
		sext_ln1039_2 : 1
		zext_ln1039_6 : 2
		icmp_ln1039_6 : 3
		zext_ln1039_7 : 1
		icmp_ln1039_7 : 2
		zext_ln1039_8 : 1
		icmp_ln1039_8 : 2
		zext_ln1039_9 : 1
		icmp_ln1039_9 : 2
		zext_ln1039_10 : 1
		icmp_ln1039_10 : 2
		sext_ln1039_3 : 1
		zext_ln1039_11 : 2
		icmp_ln1039_11 : 3
		sext_ln1039_4 : 1
		zext_ln1039_12 : 2
		icmp_ln1039_12 : 3
		sext_ln1039_5 : 1
		zext_ln1039_13 : 2
		icmp_ln1039_13 : 3
		sext_ln1039_6 : 1
		zext_ln1039_14 : 2
		icmp_ln1039_14 : 3
		store_ln249 : 1
	State 6
		add_ln840_1 : 1
		add_ln840_2 : 2
		zext_ln840_1 : 3
		add_ln840_3 : 1
		zext_ln840_2 : 2
		add_ln840_4 : 1
		zext_ln840_3 : 2
		add_ln840_5 : 3
		add_ln840_6 : 4
		add_ln840_7 : 1
		zext_ln840_5 : 2
		add_ln840_8 : 1
		zext_ln840_6 : 2
		add_ln840_9 : 3
		add_ln840_10 : 1
		zext_ln840_8 : 2
		add_ln840_11 : 1
		zext_ln840_9 : 2
		add_ln840_12 : 3
	State 7
		add_ln840_13 : 1
		result_V_2 : 2
		zext_ln298 : 3
		write_ln298 : 4


============================================================
+ Verbose Summary: Datapath Resource usage 
============================================================

* Functional unit list:
|----------|----------------------------|---------|---------|---------|
| Operation|       Functional Unit      |   DSP   |    FF   |   LUT   |
|----------|----------------------------|---------|---------|---------|
|          |      icmp_ln249_fu_429     |    0    |    0    |    14   |
|          |      icmp_ln253_fu_441     |    0    |    0    |    18   |
|          |      icmp_ln272_fu_555     |    0    |    0    |    18   |
|          |      icmp_ln290_fu_567     |    0    |    0    |    18   |
|          |      icmp_ln302_fu_584     |    0    |    0    |    18   |
|          |     icmp_ln1039_fu_652     |    0    |    0    |    12   |
|          |    icmp_ln1039_1_fu_665    |    0    |    0    |    12   |
|          |    icmp_ln1039_2_fu_674    |    0    |    0    |    12   |
|          |    icmp_ln1039_3_fu_687    |    0    |    0    |    12   |
|   icmp   |    icmp_ln1039_4_fu_696    |    0    |    0    |    12   |
|          |    icmp_ln1039_5_fu_705    |    0    |    0    |    12   |
|          |    icmp_ln1039_6_fu_718    |    0    |    0    |    12   |
|          |    icmp_ln1039_7_fu_727    |    0    |    0    |    12   |
|          |    icmp_ln1039_8_fu_736    |    0    |    0    |    12   |
|          |    icmp_ln1039_9_fu_745    |    0    |    0    |    12   |
|          |    icmp_ln1039_10_fu_754   |    0    |    0    |    12   |
|          |    icmp_ln1039_11_fu_767   |    0    |    0    |    12   |
|          |    icmp_ln1039_12_fu_780   |    0    |    0    |    12   |
|          |    icmp_ln1039_13_fu_793   |    0    |    0    |    12   |
|          |    icmp_ln1039_14_fu_806   |    0    |    0    |    12   |
|----------|----------------------------|---------|---------|---------|
|          |         i_2_fu_435         |    0    |    0    |    27   |
|          |         sf_2_fu_561        |    0    |    0    |    39   |
|          |          nf_fu_578         |    0    |    0    |    39   |
|          |     add_ln840_1_fu_950     |    0    |    0    |    2    |
|          |     add_ln840_2_fu_956     |    0    |    0    |    2    |
|          |     add_ln840_3_fu_966     |    0    |    0    |    10   |
|          |     add_ln840_4_fu_976     |    0    |    0    |    10   |
|          |     add_ln840_5_fu_986     |    0    |    0    |    2    |
|    add   |     add_ln840_6_fu_992     |    0    |    0    |    4    |
|          |     add_ln840_7_fu_998     |    0    |    0    |    10   |
|          |     add_ln840_8_fu_1008    |    0    |    0    |    10   |
|          |     add_ln840_9_fu_1018    |    0    |    0    |    10   |
|          |    add_ln840_10_fu_1024    |    0    |    0    |    10   |
|          |    add_ln840_11_fu_1034    |    0    |    0    |    10   |
|          |    add_ln840_12_fu_1044    |    0    |    0    |    10   |
|          |    add_ln840_13_fu_1059    |    0    |    0    |    4    |
|          |     result_V_2_fu_1065     |    0    |    0    |    7    |
|----------|----------------------------|---------|---------|---------|
|    mux   |         tmp_fu_478         |    0    |    0    |    48   |
|----------|----------------------------|---------|---------|---------|
|  select  |         nf_3_fu_590        |    0    |    0    |    32   |
|          |     select_ln272_fu_623    |    0    |    0    |    14   |
|----------|----------------------------|---------|---------|---------|
|          |       result_V_fu_815      |    0    |    0    |    2    |
|          |      xor_ln1039_fu_824     |    0    |    0    |    2    |
|          |     xor_ln1039_1_fu_833    |    0    |    0    |    2    |
|          |     xor_ln1039_2_fu_842    |    0    |    0    |    2    |
|          |     xor_ln1039_3_fu_851    |    0    |    0    |    2    |
|          |     xor_ln1039_4_fu_860    |    0    |    0    |    2    |
|          |     xor_ln1039_5_fu_869    |    0    |    0    |    2    |
|    xor   |     xor_ln1039_6_fu_878    |    0    |    0    |    2    |
|          |     xor_ln1039_7_fu_887    |    0    |    0    |    2    |
|          |     xor_ln1039_8_fu_896    |    0    |    0    |    2    |
|          |     xor_ln1039_9_fu_905    |    0    |    0    |    2    |
|          |    xor_ln1039_10_fu_914    |    0    |    0    |    2    |
|          |    xor_ln1039_11_fu_923    |    0    |    0    |    2    |
|          |    xor_ln1039_12_fu_932    |    0    |    0    |    2    |
|          |    xor_ln1039_13_fu_941    |    0    |    0    |    2    |
|----------|----------------------------|---------|---------|---------|
|  muladd  |         grp_fu_1076        |    1    |    0    |    0    |
|----------|----------------------------|---------|---------|---------|
|   read   |     inElem_read_fu_166     |    0    |    0    |    0    |
|          | weights_V_read_read_fu_172 |    0    |    0    |    0    |
|----------|----------------------------|---------|---------|---------|
|   write  |  write_ln298_write_fu_178  |    0    |    0    |    0    |
|----------|----------------------------|---------|---------|---------|
|          |     trunc_ln261_fu_474     |    0    |    0    |    0    |
|   trunc  |     trunc_ln257_fu_502     |    0    |    0    |    0    |
|          |      W_packed_V_fu_551     |    0    |    0    |    0    |
|----------|----------------------------|---------|---------|---------|
|          |     sext_ln1494_fu_613     |    0    |    0    |    0    |
|          |    sext_ln1494_1_fu_616    |    0    |    0    |    0    |
|          |     sext_ln1039_fu_657     |    0    |    0    |    0    |
|          |    sext_ln1039_1_fu_679    |    0    |    0    |    0    |
|   sext   |    sext_ln1039_2_fu_710    |    0    |    0    |    0    |
|          |    sext_ln1039_3_fu_759    |    0    |    0    |    0    |
|          |    sext_ln1039_4_fu_772    |    0    |    0    |    0    |
|          |    sext_ln1039_5_fu_785    |    0    |    0    |    0    |
|          |    sext_ln1039_6_fu_798    |    0    |    0    |    0    |
|----------|----------------------------|---------|---------|---------|
|          |      idxprom2_i_fu_630     |    0    |    0    |    0    |
|          |     zext_ln1039_fu_648     |    0    |    0    |    0    |
|          |    zext_ln1039_1_fu_661    |    0    |    0    |    0    |
|          |    zext_ln1039_2_fu_670    |    0    |    0    |    0    |
|          |    zext_ln1039_3_fu_683    |    0    |    0    |    0    |
|          |    zext_ln1039_4_fu_692    |    0    |    0    |    0    |
|          |    zext_ln1039_5_fu_701    |    0    |    0    |    0    |
|          |    zext_ln1039_6_fu_714    |    0    |    0    |    0    |
|          |    zext_ln1039_7_fu_723    |    0    |    0    |    0    |
|          |    zext_ln1039_8_fu_732    |    0    |    0    |    0    |
|          |    zext_ln1039_9_fu_741    |    0    |    0    |    0    |
|          |    zext_ln1039_10_fu_750   |    0    |    0    |    0    |
|          |    zext_ln1039_11_fu_763   |    0    |    0    |    0    |
|          |    zext_ln1039_12_fu_776   |    0    |    0    |    0    |
|          |    zext_ln1039_13_fu_789   |    0    |    0    |    0    |
|          |    zext_ln1039_14_fu_802   |    0    |    0    |    0    |
|          |      zext_ln215_fu_820     |    0    |    0    |    0    |
|          |      zext_ln218_fu_829     |    0    |    0    |    0    |
|          |     zext_ln218_1_fu_838    |    0    |    0    |    0    |
|          |     zext_ln218_2_fu_847    |    0    |    0    |    0    |
|   zext   |     zext_ln218_3_fu_856    |    0    |    0    |    0    |
|          |     zext_ln218_4_fu_865    |    0    |    0    |    0    |
|          |     zext_ln218_5_fu_874    |    0    |    0    |    0    |
|          |     zext_ln218_6_fu_883    |    0    |    0    |    0    |
|          |     zext_ln218_7_fu_892    |    0    |    0    |    0    |
|          |     zext_ln218_8_fu_901    |    0    |    0    |    0    |
|          |     zext_ln218_9_fu_910    |    0    |    0    |    0    |
|          |    zext_ln218_10_fu_919    |    0    |    0    |    0    |
|          |    zext_ln218_11_fu_928    |    0    |    0    |    0    |
|          |    zext_ln218_12_fu_937    |    0    |    0    |    0    |
|          |      zext_ln840_fu_946     |    0    |    0    |    0    |
|          |     zext_ln840_1_fu_962    |    0    |    0    |    0    |
|          |     zext_ln840_2_fu_972    |    0    |    0    |    0    |
|          |     zext_ln840_3_fu_982    |    0    |    0    |    0    |
|          |    zext_ln840_5_fu_1004    |    0    |    0    |    0    |
|          |    zext_ln840_6_fu_1014    |    0    |    0    |    0    |
|          |    zext_ln840_8_fu_1030    |    0    |    0    |    0    |
|          |    zext_ln840_9_fu_1040    |    0    |    0    |    0    |
|          |    zext_ln840_4_fu_1050    |    0    |    0    |    0    |
|          |    zext_ln840_7_fu_1053    |    0    |    0    |    0    |
|          |    zext_ln840_10_fu_1056   |    0    |    0    |    0    |
|          |     zext_ln298_fu_1071     |    0    |    0    |    0    |
|----------|----------------------------|---------|---------|---------|
|   Total  |                            |    1    |    0    |   596   |
|----------|----------------------------|---------|---------|---------|

Memories:
N/A

* Register list:
+-----------------------------+--------+
|                             |   FF   |
+-----------------------------+--------+
|     W_packed_V_reg_1217     |    4   |
|     add_i4_i338_reg_1115    |   14   |
|    add_ln840_12_reg_1406    |    3   |
|     add_ln840_6_reg_1396    |    3   |
|     add_ln840_9_reg_1401    |    3   |
|          i_reg_1108         |   20   |
|   icmp_ln1039_10_reg_1371   |    1   |
|   icmp_ln1039_11_reg_1376   |    1   |
|   icmp_ln1039_12_reg_1381   |    1   |
|   icmp_ln1039_13_reg_1386   |    1   |
|   icmp_ln1039_14_reg_1391   |    1   |
|    icmp_ln1039_1_reg_1326   |    1   |
|    icmp_ln1039_2_reg_1331   |    1   |
|    icmp_ln1039_3_reg_1336   |    1   |
|    icmp_ln1039_4_reg_1341   |    1   |
|    icmp_ln1039_5_reg_1346   |    1   |
|    icmp_ln1039_6_reg_1351   |    1   |
|    icmp_ln1039_7_reg_1356   |    1   |
|    icmp_ln1039_8_reg_1361   |    1   |
|    icmp_ln1039_9_reg_1366   |    1   |
|     icmp_ln1039_reg_1321    |    1   |
|     icmp_ln249_reg_1187     |    1   |
|     icmp_ln253_reg_1191     |    1   |
|     icmp_ln272_reg_1222     |    1   |
|     icmp_ln290_reg_1227     |    1   |
|       inElem_1_reg_380      |    8   |
|       inElem_reg_1200       |    8   |
|    inputBuf_V_1_reg_1127    |    8   |
|    inputBuf_V_2_reg_1133    |    8   |
|    inputBuf_V_3_reg_1139    |    8   |
|    inputBuf_V_4_reg_1145    |    8   |
|    inputBuf_V_5_reg_1151    |    8   |
|    inputBuf_V_6_reg_1157    |    8   |
|    inputBuf_V_7_reg_1163    |    8   |
|    inputBuf_V_8_reg_1169    |    8   |
|     inputBuf_V_reg_1121     |    8   |
|        nf_1_reg_1175        |   32   |
|        nf_2_reg_1182        |   32   |
| p_ZL7threshs_0_addr_reg_1246|    4   |
|p_ZL7threshs_10_addr_reg_1296|    4   |
|p_ZL7threshs_11_addr_reg_1301|    4   |
|p_ZL7threshs_12_addr_reg_1306|    4   |
|p_ZL7threshs_13_addr_reg_1311|    4   |
|p_ZL7threshs_14_addr_reg_1316|    4   |
| p_ZL7threshs_1_addr_reg_1251|    4   |
| p_ZL7threshs_2_addr_reg_1256|    4   |
| p_ZL7threshs_3_addr_reg_1261|    4   |
| p_ZL7threshs_4_addr_reg_1266|    4   |
| p_ZL7threshs_5_addr_reg_1271|    4   |
| p_ZL7threshs_6_addr_reg_1276|    4   |
| p_ZL7threshs_7_addr_reg_1281|    4   |
| p_ZL7threshs_8_addr_reg_1286|    4   |
| p_ZL7threshs_9_addr_reg_1291|    4   |
|    select_ln272_reg_1241    |   14   |
|    sext_ln1494_1_reg_1236   |   12   |
|     sext_ln1494_reg_1231    |   12   |
|         sf_reg_1100         |   32   |
|         tmp_reg_1195        |    8   |
|     trunc_ln257_reg_1213    |    4   |
+-----------------------------+--------+
|            Total            |   360  |
+-----------------------------+--------+

* Multiplexer (MUX) list: 
|-------------------|------|------|------|--------||---------||---------|
|        Comp       |  Pin | Size |  BW  | S x BW ||  Delay  ||   LUT   |
|-------------------|------|------|------|--------||---------||---------|
| grp_access_fu_192 |  p0  |   2  |   4  |    8   ||    9    |
| grp_access_fu_205 |  p0  |   2  |   4  |    8   ||    9    |
| grp_access_fu_218 |  p0  |   2  |   4  |    8   ||    9    |
| grp_access_fu_231 |  p0  |   2  |   4  |    8   ||    9    |
| grp_access_fu_244 |  p0  |   2  |   4  |    8   ||    9    |
| grp_access_fu_257 |  p0  |   2  |   4  |    8   ||    9    |
| grp_access_fu_270 |  p0  |   2  |   4  |    8   ||    9    |
| grp_access_fu_283 |  p0  |   2  |   4  |    8   ||    9    |
| grp_access_fu_296 |  p0  |   2  |   4  |    8   ||    9    |
| grp_access_fu_309 |  p0  |   2  |   4  |    8   ||    9    |
| grp_access_fu_322 |  p0  |   2  |   4  |    8   ||    9    |
| grp_access_fu_335 |  p0  |   2  |   4  |    8   ||    9    |
| grp_access_fu_348 |  p0  |   2  |   4  |    8   ||    9    |
| grp_access_fu_361 |  p0  |   2  |   4  |    8   ||    9    |
| grp_access_fu_374 |  p0  |   2  |   4  |    8   ||    9    |
|    grp_fu_1076    |  p0  |   3  |   8  |   24   ||    14   |
|    grp_fu_1076    |  p1  |   2  |   4  |    8   ||    9    |
|-------------------|------|------|------|--------||---------||---------|
|       Total       |      |      |      |   152  || 27.1153 ||   158   |
|-------------------|------|------|------|--------||---------||---------|



* Summary:
+-----------+--------+--------+--------+--------+
|           |   DSP  |  Delay |   FF   |   LUT  |
+-----------+--------+--------+--------+--------+
|  Function |    1   |    -   |    0   |   596  |
|   Memory  |    -   |    -   |    -   |    -   |
|Multiplexer|    -   |   27   |    -   |   158  |
|  Register |    -   |    -   |   360  |    -   |
+-----------+--------+--------+--------+--------+
|   Total   |    1   |   27   |   360  |   754  |
+-----------+--------+--------+--------+--------+
