

================================================================
== Synthesis Summary Report of 'MatrixVectorActivation_1'
================================================================
+ General Information: 
    * Date:           Tue Jun 16 08:19:24 2026
    * Version:        2022.2.2 (Build 3779808 on Feb 17 2023)
    * Project:        project_MatrixVectorActivation_1
    * Solution:       sol1 (Vivado IP Flow Target)
    * Product family: zynq
    * Target device:  xc7z020-clg400-1
    

+ Performance & Resource Estimates: 
    
    PS: '+' for module; 'o' for loop; '*' for dataflow
    +----------------------------------------+--------+-------+---------+---------+----------+---------+------+----------+------+----+-----------+-------------+-----+
    |                 Modules                |  Issue |       | Latency | Latency | Iteration|         | Trip |          |      |    |           |             |     |
    |                 & Loops                |  Type  | Slack | (cycles)|   (ns)  |  Latency | Interval| Count| Pipelined| BRAM | DSP|     FF    |     LUT     | URAM|
    +----------------------------------------+--------+-------+---------+---------+----------+---------+------+----------+------+----+-----------+-------------+-----+
    |+ MatrixVectorActivation_1              |  Timing|  -0.29|       73|  730.000|         -|       74|     -|        no|     -|   -|  9686 (9%)|  38928 (73%)|    -|
    | + Matrix_Vector_Activate_Stream_Batch  |  Timing|  -0.29|       70|  700.000|         -|       70|     -|        no|     -|   -|  9681 (9%)|  38883 (73%)|    -|
    |  o VITIS_LOOP_249_1                    |       -|   7.30|       68|  680.000|         6|        1|    64|  yes(flp)|     -|   -|          -|            -|    -|
    +----------------------------------------+--------+-------+---------+---------+----------+---------+------+----------+------+----+-----------+-------------+-----+


================================================================
== HW Interfaces
================================================================
* AXIS
+-----------+---------------+-------+--------+--------+
| Interface | Register Mode | TDATA | TREADY | TVALID |
+-----------+---------------+-------+--------+--------+
| in0_V     | both          | 32    | 1      | 1      |
| out_V     | both          | 256   | 1      | 1      |
| weights_V | both          | 2048  | 1      | 1      |
+-----------+---------------+-------+--------+--------+

* TOP LEVEL CONTROL
+-----------+--------------+----------+
| Interface | Type         | Ports    |
+-----------+--------------+----------+
| ap_clk    | clock        | ap_clk   |
| ap_rst_n  | reset        | ap_rst_n |
| ap_ctrl   | ap_ctrl_none |          |
+-----------+--------------+----------+


================================================================
== SW I/O Information
================================================================
* Top Function Arguments
+----------+-----------+---------------------------+
| Argument | Direction | Datatype                  |
+----------+-----------+---------------------------+
| in0      | in        | stream<ap_uint<32>, 0>&   |
| weights  | in        | stream<ap_uint<2048>, 0>& |
| out      | out       | stream<ap_uint<256>, 0>&  |
+----------+-----------+---------------------------+

* SW-to-HW Mapping
+----------+--------------+-----------+
| Argument | HW Interface | HW Type   |
+----------+--------------+-----------+
| in0      | in0_V        | interface |
| weights  | weights_V    | interface |
| out      | out_V        | interface |
+----------+--------------+-----------+


================================================================
== Bind Op Report
================================================================
+----------------------------------------+-----+--------+----------------+-----+--------+---------+
| Name                                   | DSP | Pragma | Variable       | Op  | Impl   | Latency |
+----------------------------------------+-----+--------+----------------+-----+--------+---------+
| + MatrixVectorActivation_1             | 0   |        |                |     |        |         |
|  + Matrix_Vector_Activate_Stream_Batch | 0   |        |                |     |        |         |
|    i_2_fu_3746_p2                      | -   |        | i_2            | add | fabric | 0       |
|    mul_4ns_4s_8_1_1_U2                 | -   | yes    | ret_V          | mul | fabric | 0       |
|    mul_4ns_4s_8_1_1_U3                 | -   | yes    | ret_V_1        | mul | fabric | 0       |
|    mul_4ns_4s_8_1_1_U4                 | -   | yes    | ret_V_2        | mul | fabric | 0       |
|    mul_4ns_4s_8_1_1_U5                 | -   | yes    | ret_V_3        | mul | fabric | 0       |
|    mul_4ns_4s_8_1_1_U322               | -   | yes    | ret_V_4        | mul | fabric | 0       |
|    mul_4ns_4s_8_1_1_U323               | -   | yes    | ret_V_5        | mul | fabric | 0       |
|    mul_4ns_4s_8_1_1_U324               | -   | yes    | ret_V_6        | mul | fabric | 0       |
|    mul_4ns_4s_8_1_1_U6                 | -   | yes    | ret_V_7        | mul | fabric | 0       |
|    add_ln840_fu_18906_p2               | -   |        | add_ln840      | add | fabric | 0       |
|    add_ln840_1_fu_14077_p2             | -   |        | add_ln840_1    | add | fabric | 0       |
|    add_ln840_3_fu_9419_p2              | -   |        | add_ln840_3    | add | fabric | 0       |
|    add_ln840_4_fu_9425_p2              | -   |        | add_ln840_4    | add | fabric | 0       |
|    add_ln840_5_fu_14089_p2             | -   |        | add_ln840_5    | add | fabric | 0       |
|    add_ln840_6_fu_14099_p2             | -   |        | add_ln840_6    | add | fabric | 0       |
|    mul_4s_4ns_8_1_1_U7                 | -   | yes    | ret_V_8        | mul | fabric | 0       |
|    mul_4s_4ns_8_1_1_U8                 | -   | yes    | ret_V_9        | mul | fabric | 0       |
|    mul_4s_4ns_8_1_1_U9                 | -   | yes    | ret_V_10       | mul | fabric | 0       |
|    mul_4s_4ns_8_1_1_U10                | -   | yes    | ret_V_11       | mul | fabric | 0       |
|    mul_4s_4ns_8_1_1_U325               | -   | yes    | ret_V_12       | mul | fabric | 0       |
|    mul_4s_4ns_8_1_1_U326               | -   | yes    | ret_V_13       | mul | fabric | 0       |
|    mul_4s_4ns_8_1_1_U327               | -   | yes    | ret_V_14       | mul | fabric | 0       |
|    mul_4s_4ns_8_1_1_U11                | -   | yes    | ret_V_15       | mul | fabric | 0       |
|    add_ln840_8_fu_18933_p2             | -   |        | add_ln840_8    | add | fabric | 0       |
|    add_ln840_9_fu_14143_p2             | -   |        | add_ln840_9    | add | fabric | 0       |
|    add_ln840_11_fu_9492_p2             | -   |        | add_ln840_11   | add | fabric | 0       |
|    add_ln840_12_fu_9498_p2             | -   |        | add_ln840_12   | add | fabric | 0       |
|    add_ln840_13_fu_14155_p2            | -   |        | add_ln840_13   | add | fabric | 0       |
|    add_ln840_14_fu_14165_p2            | -   |        | add_ln840_14   | add | fabric | 0       |
|    mul_4s_4ns_8_1_1_U12                | -   | yes    | ret_V_16       | mul | fabric | 0       |
|    mul_4s_4ns_8_1_1_U13                | -   | yes    | ret_V_17       | mul | fabric | 0       |
|    mul_4s_4ns_8_1_1_U14                | -   | yes    | ret_V_18       | mul | fabric | 0       |
|    mul_4s_4ns_8_1_1_U15                | -   | yes    | ret_V_19       | mul | fabric | 0       |
|    mul_4s_4ns_8_1_1_U328               | -   | yes    | ret_V_20       | mul | fabric | 0       |
|    mul_4s_4ns_8_1_1_U329               | -   | yes    | ret_V_21       | mul | fabric | 0       |
|    mul_4s_4ns_8_1_1_U330               | -   | yes    | ret_V_22       | mul | fabric | 0       |
|    mul_4s_4ns_8_1_1_U16                | -   | yes    | ret_V_23       | mul | fabric | 0       |
|    add_ln840_16_fu_18960_p2            | -   |        | add_ln840_16   | add | fabric | 0       |
|    add_ln840_17_fu_14209_p2            | -   |        | add_ln840_17   | add | fabric | 0       |
|    add_ln840_19_fu_9565_p2             | -   |        | add_ln840_19   | add | fabric | 0       |
|    add_ln840_20_fu_9571_p2             | -   |        | add_ln840_20   | add | fabric | 0       |
|    add_ln840_21_fu_14221_p2            | -   |        | add_ln840_21   | add | fabric | 0       |
|    add_ln840_22_fu_14231_p2            | -   |        | add_ln840_22   | add | fabric | 0       |
|    mul_4s_4ns_8_1_1_U17                | -   | yes    | ret_V_24       | mul | fabric | 0       |
|    mul_4s_4ns_8_1_1_U18                | -   | yes    | ret_V_25       | mul | fabric | 0       |
|    mul_4s_4ns_8_1_1_U19                | -   | yes    | ret_V_26       | mul | fabric | 0       |
|    mul_4s_4ns_8_1_1_U20                | -   | yes    | ret_V_27       | mul | fabric | 0       |
|    mul_4s_4ns_8_1_1_U331               | -   | yes    | ret_V_28       | mul | fabric | 0       |
|    mul_4s_4ns_8_1_1_U332               | -   | yes    | ret_V_29       | mul | fabric | 0       |
|    mul_4s_4ns_8_1_1_U333               | -   | yes    | ret_V_30       | mul | fabric | 0       |
|    mul_4s_4ns_8_1_1_U21                | -   | yes    | ret_V_31       | mul | fabric | 0       |
|    add_ln840_24_fu_18987_p2            | -   |        | add_ln840_24   | add | fabric | 0       |
|    add_ln840_25_fu_14275_p2            | -   |        | add_ln840_25   | add | fabric | 0       |
|    add_ln840_27_fu_9638_p2             | -   |        | add_ln840_27   | add | fabric | 0       |
|    add_ln840_28_fu_9644_p2             | -   |        | add_ln840_28   | add | fabric | 0       |
|    add_ln840_29_fu_14287_p2            | -   |        | add_ln840_29   | add | fabric | 0       |
|    add_ln840_30_fu_14297_p2            | -   |        | add_ln840_30   | add | fabric | 0       |
|    mul_4s_4ns_8_1_1_U22                | -   | yes    | ret_V_32       | mul | fabric | 0       |
|    mul_4s_4ns_8_1_1_U23                | -   | yes    | ret_V_33       | mul | fabric | 0       |
|    mul_4s_4ns_8_1_1_U24                | -   | yes    | ret_V_34       | mul | fabric | 0       |
|    mul_4s_4ns_8_1_1_U25                | -   | yes    | ret_V_35       | mul | fabric | 0       |
|    mul_4s_4ns_8_1_1_U334               | -   | yes    | ret_V_36       | mul | fabric | 0       |
|    mul_4s_4ns_8_1_1_U335               | -   | yes    | ret_V_37       | mul | fabric | 0       |
|    mul_4s_4ns_8_1_1_U336               | -   | yes    | ret_V_38       | mul | fabric | 0       |
|    mul_4s_4ns_8_1_1_U26                | -   | yes    | ret_V_39       | mul | fabric | 0       |
|    add_ln840_32_fu_19014_p2            | -   |        | add_ln840_32   | add | fabric | 0       |
|    add_ln840_33_fu_14341_p2            | -   |        | add_ln840_33   | add | fabric | 0       |
|    add_ln840_35_fu_9711_p2             | -   |        | add_ln840_35   | add | fabric | 0       |
|    add_ln840_36_fu_9717_p2             | -   |        | add_ln840_36   | add | fabric | 0       |
|    add_ln840_37_fu_14353_p2            | -   |        | add_ln840_37   | add | fabric | 0       |
|    add_ln840_38_fu_14363_p2            | -   |        | add_ln840_38   | add | fabric | 0       |
|    mul_4s_4ns_8_1_1_U27                | -   | yes    | ret_V_40       | mul | fabric | 0       |
|    mul_4s_4ns_8_1_1_U28                | -   | yes    | ret_V_41       | mul | fabric | 0       |
|    mul_4s_4ns_8_1_1_U29                | -   | yes    | ret_V_42       | mul | fabric | 0       |
|    mul_4s_4ns_8_1_1_U30                | -   | yes    | ret_V_43       | mul | fabric | 0       |
|    mul_4s_4ns_8_1_1_U337               | -   | yes    | ret_V_44       | mul | fabric | 0       |
|    mul_4s_4ns_8_1_1_U338               | -   | yes    | ret_V_45       | mul | fabric | 0       |
|    mul_4s_4ns_8_1_1_U339               | -   | yes    | ret_V_46       | mul | fabric | 0       |
|    mul_4s_4ns_8_1_1_U31                | -   | yes    | ret_V_47       | mul | fabric | 0       |
|    add_ln840_40_fu_19041_p2            | -   |        | add_ln840_40   | add | fabric | 0       |
|    add_ln840_41_fu_14407_p2            | -   |        | add_ln840_41   | add | fabric | 0       |
|    add_ln840_43_fu_9784_p2             | -   |        | add_ln840_43   | add | fabric | 0       |
|    add_ln840_44_fu_9790_p2             | -   |        | add_ln840_44   | add | fabric | 0       |
|    add_ln840_45_fu_14419_p2            | -   |        | add_ln840_45   | add | fabric | 0       |
|    add_ln840_46_fu_14429_p2            | -   |        | add_ln840_46   | add | fabric | 0       |
|    mul_4s_4ns_8_1_1_U32                | -   | yes    | ret_V_48       | mul | fabric | 0       |
|    mul_4s_4ns_8_1_1_U33                | -   | yes    | ret_V_49       | mul | fabric | 0       |
|    mul_4s_4ns_8_1_1_U34                | -   | yes    | ret_V_50       | mul | fabric | 0       |
|    mul_4s_4ns_8_1_1_U35                | -   | yes    | ret_V_51       | mul | fabric | 0       |
|    mul_4s_4ns_8_1_1_U340               | -   | yes    | ret_V_52       | mul | fabric | 0       |
|    mul_4s_4ns_8_1_1_U341               | -   | yes    | ret_V_53       | mul | fabric | 0       |
|    mul_4s_4ns_8_1_1_U342               | -   | yes    | ret_V_54       | mul | fabric | 0       |
|    mul_4s_4ns_8_1_1_U36                | -   | yes    | ret_V_55       | mul | fabric | 0       |
|    add_ln840_48_fu_19068_p2            | -   |        | add_ln840_48   | add | fabric | 0       |
|    add_ln840_49_fu_14473_p2            | -   |        | add_ln840_49   | add | fabric | 0       |
|    add_ln840_51_fu_9857_p2             | -   |        | add_ln840_51   | add | fabric | 0       |
|    add_ln840_52_fu_9863_p2             | -   |        | add_ln840_52   | add | fabric | 0       |
|    add_ln840_53_fu_14485_p2            | -   |        | add_ln840_53   | add | fabric | 0       |
|    add_ln840_54_fu_14495_p2            | -   |        | add_ln840_54   | add | fabric | 0       |
|    mul_4s_4ns_8_1_1_U37                | -   | yes    | ret_V_56       | mul | fabric | 0       |
|    mul_4s_4ns_8_1_1_U38                | -   | yes    | ret_V_57       | mul | fabric | 0       |
|    mul_4s_4ns_8_1_1_U39                | -   | yes    | ret_V_58       | mul | fabric | 0       |
|    mul_4s_4ns_8_1_1_U40                | -   | yes    | ret_V_59       | mul | fabric | 0       |
|    mul_4s_4ns_8_1_1_U343               | -   | yes    | ret_V_60       | mul | fabric | 0       |
|    mul_4s_4ns_8_1_1_U344               | -   | yes    | ret_V_61       | mul | fabric | 0       |
|    mul_4s_4ns_8_1_1_U345               | -   | yes    | ret_V_62       | mul | fabric | 0       |
|    mul_4s_4ns_8_1_1_U41                | -   | yes    | ret_V_63       | mul | fabric | 0       |
|    add_ln840_56_fu_19095_p2            | -   |        | add_ln840_56   | add | fabric | 0       |
|    add_ln840_57_fu_14539_p2            | -   |        | add_ln840_57   | add | fabric | 0       |
|    add_ln840_59_fu_9930_p2             | -   |        | add_ln840_59   | add | fabric | 0       |
|    add_ln840_60_fu_9936_p2             | -   |        | add_ln840_60   | add | fabric | 0       |
|    add_ln840_61_fu_14551_p2            | -   |        | add_ln840_61   | add | fabric | 0       |
|    add_ln840_62_fu_14561_p2            | -   |        | add_ln840_62   | add | fabric | 0       |
|    mul_4s_4ns_8_1_1_U42                | -   | yes    | ret_V_64       | mul | fabric | 0       |
|    mul_4s_4ns_8_1_1_U43                | -   | yes    | ret_V_65       | mul | fabric | 0       |
|    mul_4s_4ns_8_1_1_U44                | -   | yes    | ret_V_66       | mul | fabric | 0       |
|    mul_4s_4ns_8_1_1_U45                | -   | yes    | ret_V_67       | mul | fabric | 0       |
|    mul_4s_4ns_8_1_1_U346               | -   | yes    | ret_V_68       | mul | fabric | 0       |
|    mul_4s_4ns_8_1_1_U347               | -   | yes    | ret_V_69       | mul | fabric | 0       |
|    mul_4s_4ns_8_1_1_U348               | -   | yes    | ret_V_70       | mul | fabric | 0       |
|    mul_4s_4ns_8_1_1_U46                | -   | yes    | ret_V_71       | mul | fabric | 0       |
|    add_ln840_64_fu_19122_p2            | -   |        | add_ln840_64   | add | fabric | 0       |
|    add_ln840_65_fu_14605_p2            | -   |        | add_ln840_65   | add | fabric | 0       |
|    add_ln840_67_fu_10003_p2            | -   |        | add_ln840_67   | add | fabric | 0       |
|    add_ln840_68_fu_10009_p2            | -   |        | add_ln840_68   | add | fabric | 0       |
|    add_ln840_69_fu_14617_p2            | -   |        | add_ln840_69   | add | fabric | 0       |
|    add_ln840_70_fu_14627_p2            | -   |        | add_ln840_70   | add | fabric | 0       |
|    mul_4s_4ns_8_1_1_U47                | -   | yes    | ret_V_72       | mul | fabric | 0       |
|    mul_4s_4ns_8_1_1_U48                | -   | yes    | ret_V_73       | mul | fabric | 0       |
|    mul_4s_4ns_8_1_1_U49                | -   | yes    | ret_V_74       | mul | fabric | 0       |
|    mul_4s_4ns_8_1_1_U50                | -   | yes    | ret_V_75       | mul | fabric | 0       |
|    mul_4s_4ns_8_1_1_U349               | -   | yes    | ret_V_76       | mul | fabric | 0       |
|    mul_4s_4ns_8_1_1_U350               | -   | yes    | ret_V_77       | mul | fabric | 0       |
|    mul_4s_4ns_8_1_1_U351               | -   | yes    | ret_V_78       | mul | fabric | 0       |
|    mul_4s_4ns_8_1_1_U51                | -   | yes    | ret_V_79       | mul | fabric | 0       |
|    add_ln840_72_fu_19149_p2            | -   |        | add_ln840_72   | add | fabric | 0       |
|    add_ln840_73_fu_14671_p2            | -   |        | add_ln840_73   | add | fabric | 0       |
|    add_ln840_75_fu_10076_p2            | -   |        | add_ln840_75   | add | fabric | 0       |
|    add_ln840_76_fu_10082_p2            | -   |        | add_ln840_76   | add | fabric | 0       |
|    add_ln840_77_fu_14683_p2            | -   |        | add_ln840_77   | add | fabric | 0       |
|    add_ln840_78_fu_14693_p2            | -   |        | add_ln840_78   | add | fabric | 0       |
|    mul_4s_4ns_8_1_1_U52                | -   | yes    | ret_V_80       | mul | fabric | 0       |
|    mul_4s_4ns_8_1_1_U53                | -   | yes    | ret_V_81       | mul | fabric | 0       |
|    mul_4s_4ns_8_1_1_U54                | -   | yes    | ret_V_82       | mul | fabric | 0       |
|    mul_4s_4ns_8_1_1_U55                | -   | yes    | ret_V_83       | mul | fabric | 0       |
|    mul_4s_4ns_8_1_1_U352               | -   | yes    | ret_V_84       | mul | fabric | 0       |
|    mul_4s_4ns_8_1_1_U353               | -   | yes    | ret_V_85       | mul | fabric | 0       |
|    mul_4s_4ns_8_1_1_U354               | -   | yes    | ret_V_86       | mul | fabric | 0       |
|    mul_4s_4ns_8_1_1_U56                | -   | yes    | ret_V_87       | mul | fabric | 0       |
|    add_ln840_80_fu_19176_p2            | -   |        | add_ln840_80   | add | fabric | 0       |
|    add_ln840_81_fu_14737_p2            | -   |        | add_ln840_81   | add | fabric | 0       |
|    add_ln840_83_fu_10149_p2            | -   |        | add_ln840_83   | add | fabric | 0       |
|    add_ln840_84_fu_10155_p2            | -   |        | add_ln840_84   | add | fabric | 0       |
|    add_ln840_85_fu_14749_p2            | -   |        | add_ln840_85   | add | fabric | 0       |
|    add_ln840_86_fu_14759_p2            | -   |        | add_ln840_86   | add | fabric | 0       |
|    mul_4s_4ns_8_1_1_U57                | -   | yes    | ret_V_88       | mul | fabric | 0       |
|    mul_4s_4ns_8_1_1_U58                | -   | yes    | ret_V_89       | mul | fabric | 0       |
|    mul_4s_4ns_8_1_1_U59                | -   | yes    | ret_V_90       | mul | fabric | 0       |
|    mul_4s_4ns_8_1_1_U60                | -   | yes    | ret_V_91       | mul | fabric | 0       |
|    mul_4s_4ns_8_1_1_U355               | -   | yes    | ret_V_92       | mul | fabric | 0       |
|    mul_4s_4ns_8_1_1_U356               | -   | yes    | ret_V_93       | mul | fabric | 0       |
|    mul_4s_4ns_8_1_1_U357               | -   | yes    | ret_V_94       | mul | fabric | 0       |
|    mul_4s_4ns_8_1_1_U61                | -   | yes    | ret_V_95       | mul | fabric | 0       |
|    add_ln840_88_fu_19203_p2            | -   |        | add_ln840_88   | add | fabric | 0       |
|    add_ln840_89_fu_14803_p2            | -   |        | add_ln840_89   | add | fabric | 0       |
|    add_ln840_91_fu_10222_p2            | -   |        | add_ln840_91   | add | fabric | 0       |
|    add_ln840_92_fu_10228_p2            | -   |        | add_ln840_92   | add | fabric | 0       |
|    add_ln840_93_fu_14815_p2            | -   |        | add_ln840_93   | add | fabric | 0       |
|    add_ln840_94_fu_14825_p2            | -   |        | add_ln840_94   | add | fabric | 0       |
|    mul_4s_4ns_8_1_1_U62                | -   | yes    | ret_V_96       | mul | fabric | 0       |
|    mul_4s_4ns_8_1_1_U63                | -   | yes    | ret_V_97       | mul | fabric | 0       |
|    mul_4s_4ns_8_1_1_U64                | -   | yes    | ret_V_98       | mul | fabric | 0       |
|    mul_4s_4ns_8_1_1_U65                | -   | yes    | ret_V_99       | mul | fabric | 0       |
|    mul_4s_4ns_8_1_1_U358               | -   | yes    | ret_V_100      | mul | fabric | 0       |
|    mul_4s_4ns_8_1_1_U359               | -   | yes    | ret_V_101      | mul | fabric | 0       |
|    mul_4s_4ns_8_1_1_U360               | -   | yes    | ret_V_102      | mul | fabric | 0       |
|    mul_4s_4ns_8_1_1_U66                | -   | yes    | ret_V_103      | mul | fabric | 0       |
|    add_ln840_96_fu_19230_p2            | -   |        | add_ln840_96   | add | fabric | 0       |
|    add_ln840_97_fu_14869_p2            | -   |        | add_ln840_97   | add | fabric | 0       |
|    add_ln840_99_fu_10295_p2            | -   |        | add_ln840_99   | add | fabric | 0       |
|    add_ln840_100_fu_10301_p2           | -   |        | add_ln840_100  | add | fabric | 0       |
|    add_ln840_101_fu_14881_p2           | -   |        | add_ln840_101  | add | fabric | 0       |
|    add_ln840_102_fu_14891_p2           | -   |        | add_ln840_102  | add | fabric | 0       |
|    mul_4s_4ns_8_1_1_U67                | -   | yes    | ret_V_104      | mul | fabric | 0       |
|    mul_4s_4ns_8_1_1_U68                | -   | yes    | ret_V_105      | mul | fabric | 0       |
|    mul_4s_4ns_8_1_1_U69                | -   | yes    | ret_V_106      | mul | fabric | 0       |
|    mul_4s_4ns_8_1_1_U70                | -   | yes    | ret_V_107      | mul | fabric | 0       |
|    mul_4s_4ns_8_1_1_U361               | -   | yes    | ret_V_108      | mul | fabric | 0       |
|    mul_4s_4ns_8_1_1_U362               | -   | yes    | ret_V_109      | mul | fabric | 0       |
|    mul_4s_4ns_8_1_1_U363               | -   | yes    | ret_V_110      | mul | fabric | 0       |
|    mul_4s_4ns_8_1_1_U71                | -   | yes    | ret_V_111      | mul | fabric | 0       |
|    add_ln840_104_fu_19257_p2           | -   |        | add_ln840_104  | add | fabric | 0       |
|    add_ln840_105_fu_14935_p2           | -   |        | add_ln840_105  | add | fabric | 0       |
|    add_ln840_107_fu_10368_p2           | -   |        | add_ln840_107  | add | fabric | 0       |
|    add_ln840_108_fu_10374_p2           | -   |        | add_ln840_108  | add | fabric | 0       |
|    add_ln840_109_fu_14947_p2           | -   |        | add_ln840_109  | add | fabric | 0       |
|    add_ln840_110_fu_14957_p2           | -   |        | add_ln840_110  | add | fabric | 0       |
|    mul_4s_4ns_8_1_1_U72                | -   | yes    | ret_V_112      | mul | fabric | 0       |
|    mul_4s_4ns_8_1_1_U73                | -   | yes    | ret_V_113      | mul | fabric | 0       |
|    mul_4s_4ns_8_1_1_U74                | -   | yes    | ret_V_114      | mul | fabric | 0       |
|    mul_4s_4ns_8_1_1_U75                | -   | yes    | ret_V_115      | mul | fabric | 0       |
|    mul_4s_4ns_8_1_1_U364               | -   | yes    | ret_V_116      | mul | fabric | 0       |
|    mul_4s_4ns_8_1_1_U365               | -   | yes    | ret_V_117      | mul | fabric | 0       |
|    mul_4s_4ns_8_1_1_U366               | -   | yes    | ret_V_118      | mul | fabric | 0       |
|    mul_4s_4ns_8_1_1_U76                | -   | yes    | ret_V_119      | mul | fabric | 0       |
|    add_ln840_112_fu_19284_p2           | -   |        | add_ln840_112  | add | fabric | 0       |
|    add_ln840_113_fu_15001_p2           | -   |        | add_ln840_113  | add | fabric | 0       |
|    add_ln840_115_fu_10441_p2           | -   |        | add_ln840_115  | add | fabric | 0       |
|    add_ln840_116_fu_10447_p2           | -   |        | add_ln840_116  | add | fabric | 0       |
|    add_ln840_117_fu_15013_p2           | -   |        | add_ln840_117  | add | fabric | 0       |
|    add_ln840_118_fu_15023_p2           | -   |        | add_ln840_118  | add | fabric | 0       |
|    mul_4s_4ns_8_1_1_U77                | -   | yes    | ret_V_120      | mul | fabric | 0       |
|    mul_4s_4ns_8_1_1_U78                | -   | yes    | ret_V_121      | mul | fabric | 0       |
|    mul_4s_4ns_8_1_1_U79                | -   | yes    | ret_V_122      | mul | fabric | 0       |
|    mul_4s_4ns_8_1_1_U80                | -   | yes    | ret_V_123      | mul | fabric | 0       |
|    mul_4s_4ns_8_1_1_U367               | -   | yes    | ret_V_124      | mul | fabric | 0       |
|    mul_4s_4ns_8_1_1_U368               | -   | yes    | ret_V_125      | mul | fabric | 0       |
|    mul_4s_4ns_8_1_1_U369               | -   | yes    | ret_V_126      | mul | fabric | 0       |
|    mul_4s_4ns_8_1_1_U81                | -   | yes    | ret_V_127      | mul | fabric | 0       |
|    add_ln840_120_fu_19311_p2           | -   |        | add_ln840_120  | add | fabric | 0       |
|    add_ln840_121_fu_15067_p2           | -   |        | add_ln840_121  | add | fabric | 0       |
|    add_ln840_123_fu_10514_p2           | -   |        | add_ln840_123  | add | fabric | 0       |
|    add_ln840_124_fu_10520_p2           | -   |        | add_ln840_124  | add | fabric | 0       |
|    add_ln840_125_fu_15079_p2           | -   |        | add_ln840_125  | add | fabric | 0       |
|    add_ln840_126_fu_15089_p2           | -   |        | add_ln840_126  | add | fabric | 0       |
|    mul_4s_4ns_8_1_1_U82                | -   | yes    | ret_V_128      | mul | fabric | 0       |
|    mul_4s_4ns_8_1_1_U83                | -   | yes    | ret_V_129      | mul | fabric | 0       |
|    mul_4s_4ns_8_1_1_U84                | -   | yes    | ret_V_130      | mul | fabric | 0       |
|    mul_4s_4ns_8_1_1_U85                | -   | yes    | ret_V_131      | mul | fabric | 0       |
|    mul_4s_4ns_8_1_1_U370               | -   | yes    | ret_V_132      | mul | fabric | 0       |
|    mul_4s_4ns_8_1_1_U371               | -   | yes    | ret_V_133      | mul | fabric | 0       |
|    mul_4s_4ns_8_1_1_U372               | -   | yes    | ret_V_134      | mul | fabric | 0       |
|    mul_4s_4ns_8_1_1_U86                | -   | yes    | ret_V_135      | mul | fabric | 0       |
|    add_ln840_128_fu_19338_p2           | -   |        | add_ln840_128  | add | fabric | 0       |
|    add_ln840_129_fu_15133_p2           | -   |        | add_ln840_129  | add | fabric | 0       |
|    add_ln840_131_fu_10587_p2           | -   |        | add_ln840_131  | add | fabric | 0       |
|    add_ln840_132_fu_10593_p2           | -   |        | add_ln840_132  | add | fabric | 0       |
|    add_ln840_133_fu_15145_p2           | -   |        | add_ln840_133  | add | fabric | 0       |
|    add_ln840_134_fu_15155_p2           | -   |        | add_ln840_134  | add | fabric | 0       |
|    mul_4s_4ns_8_1_1_U87                | -   | yes    | ret_V_136      | mul | fabric | 0       |
|    mul_4s_4ns_8_1_1_U88                | -   | yes    | ret_V_137      | mul | fabric | 0       |
|    mul_4s_4ns_8_1_1_U89                | -   | yes    | ret_V_138      | mul | fabric | 0       |
|    mul_4s_4ns_8_1_1_U90                | -   | yes    | ret_V_139      | mul | fabric | 0       |
|    mul_4s_4ns_8_1_1_U373               | -   | yes    | ret_V_140      | mul | fabric | 0       |
|    mul_4s_4ns_8_1_1_U374               | -   | yes    | ret_V_141      | mul | fabric | 0       |
|    mul_4s_4ns_8_1_1_U375               | -   | yes    | ret_V_142      | mul | fabric | 0       |
|    mul_4s_4ns_8_1_1_U91                | -   | yes    | ret_V_143      | mul | fabric | 0       |
|    add_ln840_136_fu_19365_p2           | -   |        | add_ln840_136  | add | fabric | 0       |
|    add_ln840_137_fu_15199_p2           | -   |        | add_ln840_137  | add | fabric | 0       |
|    add_ln840_139_fu_10660_p2           | -   |        | add_ln840_139  | add | fabric | 0       |
|    add_ln840_140_fu_10666_p2           | -   |        | add_ln840_140  | add | fabric | 0       |
|    add_ln840_141_fu_15211_p2           | -   |        | add_ln840_141  | add | fabric | 0       |
|    add_ln840_142_fu_15221_p2           | -   |        | add_ln840_142  | add | fabric | 0       |
|    mul_4s_4ns_8_1_1_U92                | -   | yes    | ret_V_144      | mul | fabric | 0       |
|    mul_4s_4ns_8_1_1_U93                | -   | yes    | ret_V_145      | mul | fabric | 0       |
|    mul_4s_4ns_8_1_1_U94                | -   | yes    | ret_V_146      | mul | fabric | 0       |
|    mul_4s_4ns_8_1_1_U95                | -   | yes    | ret_V_147      | mul | fabric | 0       |
|    mul_4s_4ns_8_1_1_U376               | -   | yes    | ret_V_148      | mul | fabric | 0       |
|    mul_4s_4ns_8_1_1_U377               | -   | yes    | ret_V_149      | mul | fabric | 0       |
|    mul_4s_4ns_8_1_1_U378               | -   | yes    | ret_V_150      | mul | fabric | 0       |
|    mul_4s_4ns_8_1_1_U96                | -   | yes    | ret_V_151      | mul | fabric | 0       |
|    add_ln840_144_fu_19392_p2           | -   |        | add_ln840_144  | add | fabric | 0       |
|    add_ln840_145_fu_15265_p2           | -   |        | add_ln840_145  | add | fabric | 0       |
|    add_ln840_147_fu_10733_p2           | -   |        | add_ln840_147  | add | fabric | 0       |
|    add_ln840_148_fu_10739_p2           | -   |        | add_ln840_148  | add | fabric | 0       |
|    add_ln840_149_fu_15277_p2           | -   |        | add_ln840_149  | add | fabric | 0       |
|    add_ln840_150_fu_15287_p2           | -   |        | add_ln840_150  | add | fabric | 0       |
|    mul_4s_4ns_8_1_1_U97                | -   | yes    | ret_V_152      | mul | fabric | 0       |
|    mul_4s_4ns_8_1_1_U98                | -   | yes    | ret_V_153      | mul | fabric | 0       |
|    mul_4s_4ns_8_1_1_U99                | -   | yes    | ret_V_154      | mul | fabric | 0       |
|    mul_4s_4ns_8_1_1_U100               | -   | yes    | ret_V_155      | mul | fabric | 0       |
|    mul_4s_4ns_8_1_1_U379               | -   | yes    | ret_V_156      | mul | fabric | 0       |
|    mul_4s_4ns_8_1_1_U380               | -   | yes    | ret_V_157      | mul | fabric | 0       |
|    mul_4s_4ns_8_1_1_U381               | -   | yes    | ret_V_158      | mul | fabric | 0       |
|    mul_4s_4ns_8_1_1_U101               | -   | yes    | ret_V_159      | mul | fabric | 0       |
|    add_ln840_152_fu_19419_p2           | -   |        | add_ln840_152  | add | fabric | 0       |
|    add_ln840_153_fu_15331_p2           | -   |        | add_ln840_153  | add | fabric | 0       |
|    add_ln840_155_fu_10806_p2           | -   |        | add_ln840_155  | add | fabric | 0       |
|    add_ln840_156_fu_10812_p2           | -   |        | add_ln840_156  | add | fabric | 0       |
|    add_ln840_157_fu_15343_p2           | -   |        | add_ln840_157  | add | fabric | 0       |
|    add_ln840_158_fu_15353_p2           | -   |        | add_ln840_158  | add | fabric | 0       |
|    mul_4s_4ns_8_1_1_U102               | -   | yes    | ret_V_160      | mul | fabric | 0       |
|    mul_4s_4ns_8_1_1_U103               | -   | yes    | ret_V_161      | mul | fabric | 0       |
|    mul_4s_4ns_8_1_1_U104               | -   | yes    | ret_V_162      | mul | fabric | 0       |
|    mul_4s_4ns_8_1_1_U105               | -   | yes    | ret_V_163      | mul | fabric | 0       |
|    mul_4s_4ns_8_1_1_U382               | -   | yes    | ret_V_164      | mul | fabric | 0       |
|    mul_4s_4ns_8_1_1_U383               | -   | yes    | ret_V_165      | mul | fabric | 0       |
|    mul_4s_4ns_8_1_1_U384               | -   | yes    | ret_V_166      | mul | fabric | 0       |
|    mul_4s_4ns_8_1_1_U106               | -   | yes    | ret_V_167      | mul | fabric | 0       |
|    add_ln840_160_fu_19446_p2           | -   |        | add_ln840_160  | add | fabric | 0       |
|    add_ln840_161_fu_15397_p2           | -   |        | add_ln840_161  | add | fabric | 0       |
|    add_ln840_163_fu_10879_p2           | -   |        | add_ln840_163  | add | fabric | 0       |
|    add_ln840_164_fu_10885_p2           | -   |        | add_ln840_164  | add | fabric | 0       |
|    add_ln840_165_fu_15409_p2           | -   |        | add_ln840_165  | add | fabric | 0       |
|    add_ln840_166_fu_15419_p2           | -   |        | add_ln840_166  | add | fabric | 0       |
|    mul_4s_4ns_8_1_1_U107               | -   | yes    | ret_V_168      | mul | fabric | 0       |
|    mul_4s_4ns_8_1_1_U108               | -   | yes    | ret_V_169      | mul | fabric | 0       |
|    mul_4s_4ns_8_1_1_U109               | -   | yes    | ret_V_170      | mul | fabric | 0       |
|    mul_4s_4ns_8_1_1_U110               | -   | yes    | ret_V_171      | mul | fabric | 0       |
|    mul_4s_4ns_8_1_1_U385               | -   | yes    | ret_V_172      | mul | fabric | 0       |
|    mul_4s_4ns_8_1_1_U386               | -   | yes    | ret_V_173      | mul | fabric | 0       |
|    mul_4s_4ns_8_1_1_U387               | -   | yes    | ret_V_174      | mul | fabric | 0       |
|    mul_4s_4ns_8_1_1_U111               | -   | yes    | ret_V_175      | mul | fabric | 0       |
|    add_ln840_168_fu_19473_p2           | -   |        | add_ln840_168  | add | fabric | 0       |
|    add_ln840_169_fu_15463_p2           | -   |        | add_ln840_169  | add | fabric | 0       |
|    add_ln840_171_fu_10952_p2           | -   |        | add_ln840_171  | add | fabric | 0       |
|    add_ln840_172_fu_10958_p2           | -   |        | add_ln840_172  | add | fabric | 0       |
|    add_ln840_173_fu_15475_p2           | -   |        | add_ln840_173  | add | fabric | 0       |
|    add_ln840_174_fu_15485_p2           | -   |        | add_ln840_174  | add | fabric | 0       |
|    mul_4s_4ns_8_1_1_U112               | -   | yes    | ret_V_176      | mul | fabric | 0       |
|    mul_4s_4ns_8_1_1_U113               | -   | yes    | ret_V_177      | mul | fabric | 0       |
|    mul_4s_4ns_8_1_1_U114               | -   | yes    | ret_V_178      | mul | fabric | 0       |
|    mul_4s_4ns_8_1_1_U115               | -   | yes    | ret_V_179      | mul | fabric | 0       |
|    mul_4s_4ns_8_1_1_U388               | -   | yes    | ret_V_180      | mul | fabric | 0       |
|    mul_4s_4ns_8_1_1_U389               | -   | yes    | ret_V_181      | mul | fabric | 0       |
|    mul_4s_4ns_8_1_1_U390               | -   | yes    | ret_V_182      | mul | fabric | 0       |
|    mul_4s_4ns_8_1_1_U116               | -   | yes    | ret_V_183      | mul | fabric | 0       |
|    add_ln840_176_fu_19500_p2           | -   |        | add_ln840_176  | add | fabric | 0       |
|    add_ln840_177_fu_15529_p2           | -   |        | add_ln840_177  | add | fabric | 0       |
|    add_ln840_179_fu_11025_p2           | -   |        | add_ln840_179  | add | fabric | 0       |
|    add_ln840_180_fu_11031_p2           | -   |        | add_ln840_180  | add | fabric | 0       |
|    add_ln840_181_fu_15541_p2           | -   |        | add_ln840_181  | add | fabric | 0       |
|    add_ln840_182_fu_15551_p2           | -   |        | add_ln840_182  | add | fabric | 0       |
|    mul_4s_4ns_8_1_1_U117               | -   | yes    | ret_V_184      | mul | fabric | 0       |
|    mul_4s_4ns_8_1_1_U118               | -   | yes    | ret_V_185      | mul | fabric | 0       |
|    mul_4s_4ns_8_1_1_U119               | -   | yes    | ret_V_186      | mul | fabric | 0       |
|    mul_4s_4ns_8_1_1_U120               | -   | yes    | ret_V_187      | mul | fabric | 0       |
|    mul_4s_4ns_8_1_1_U391               | -   | yes    | ret_V_188      | mul | fabric | 0       |
|    mul_4s_4ns_8_1_1_U392               | -   | yes    | ret_V_189      | mul | fabric | 0       |
|    mul_4s_4ns_8_1_1_U393               | -   | yes    | ret_V_190      | mul | fabric | 0       |
|    mul_4s_4ns_8_1_1_U121               | -   | yes    | ret_V_191      | mul | fabric | 0       |
|    add_ln840_184_fu_19527_p2           | -   |        | add_ln840_184  | add | fabric | 0       |
|    add_ln840_185_fu_15595_p2           | -   |        | add_ln840_185  | add | fabric | 0       |
|    add_ln840_187_fu_11098_p2           | -   |        | add_ln840_187  | add | fabric | 0       |
|    add_ln840_188_fu_11104_p2           | -   |        | add_ln840_188  | add | fabric | 0       |
|    add_ln840_189_fu_15607_p2           | -   |        | add_ln840_189  | add | fabric | 0       |
|    add_ln840_190_fu_15617_p2           | -   |        | add_ln840_190  | add | fabric | 0       |
|    mul_4s_4ns_8_1_1_U122               | -   | yes    | ret_V_192      | mul | fabric | 0       |
|    mul_4s_4ns_8_1_1_U123               | -   | yes    | ret_V_193      | mul | fabric | 0       |
|    mul_4s_4ns_8_1_1_U124               | -   | yes    | ret_V_194      | mul | fabric | 0       |
|    mul_4s_4ns_8_1_1_U125               | -   | yes    | ret_V_195      | mul | fabric | 0       |
|    mul_4s_4ns_8_1_1_U394               | -   | yes    | ret_V_196      | mul | fabric | 0       |
|    mul_4s_4ns_8_1_1_U395               | -   | yes    | ret_V_197      | mul | fabric | 0       |
|    mul_4s_4ns_8_1_1_U396               | -   | yes    | ret_V_198      | mul | fabric | 0       |
|    mul_4s_4ns_8_1_1_U126               | -   | yes    | ret_V_199      | mul | fabric | 0       |
|    add_ln840_192_fu_19554_p2           | -   |        | add_ln840_192  | add | fabric | 0       |
|    add_ln840_193_fu_15661_p2           | -   |        | add_ln840_193  | add | fabric | 0       |
|    add_ln840_195_fu_11171_p2           | -   |        | add_ln840_195  | add | fabric | 0       |
|    add_ln840_196_fu_11177_p2           | -   |        | add_ln840_196  | add | fabric | 0       |
|    add_ln840_197_fu_15673_p2           | -   |        | add_ln840_197  | add | fabric | 0       |
|    add_ln840_198_fu_15683_p2           | -   |        | add_ln840_198  | add | fabric | 0       |
|    mul_4s_4ns_8_1_1_U127               | -   | yes    | ret_V_200      | mul | fabric | 0       |
|    mul_4s_4ns_8_1_1_U128               | -   | yes    | ret_V_201      | mul | fabric | 0       |
|    mul_4s_4ns_8_1_1_U129               | -   | yes    | ret_V_202      | mul | fabric | 0       |
|    mul_4s_4ns_8_1_1_U130               | -   | yes    | ret_V_203      | mul | fabric | 0       |
|    mul_4s_4ns_8_1_1_U397               | -   | yes    | ret_V_204      | mul | fabric | 0       |
|    mul_4s_4ns_8_1_1_U398               | -   | yes    | ret_V_205      | mul | fabric | 0       |
|    mul_4s_4ns_8_1_1_U399               | -   | yes    | ret_V_206      | mul | fabric | 0       |
|    mul_4s_4ns_8_1_1_U131               | -   | yes    | ret_V_207      | mul | fabric | 0       |
|    add_ln840_200_fu_19581_p2           | -   |        | add_ln840_200  | add | fabric | 0       |
|    add_ln840_201_fu_15727_p2           | -   |        | add_ln840_201  | add | fabric | 0       |
|    add_ln840_203_fu_11244_p2           | -   |        | add_ln840_203  | add | fabric | 0       |
|    add_ln840_204_fu_11250_p2           | -   |        | add_ln840_204  | add | fabric | 0       |
|    add_ln840_205_fu_15739_p2           | -   |        | add_ln840_205  | add | fabric | 0       |
|    add_ln840_206_fu_15749_p2           | -   |        | add_ln840_206  | add | fabric | 0       |
|    mul_4s_4ns_8_1_1_U132               | -   | yes    | ret_V_208      | mul | fabric | 0       |
|    mul_4s_4ns_8_1_1_U133               | -   | yes    | ret_V_209      | mul | fabric | 0       |
|    mul_4s_4ns_8_1_1_U134               | -   | yes    | ret_V_210      | mul | fabric | 0       |
|    mul_4s_4ns_8_1_1_U135               | -   | yes    | ret_V_211      | mul | fabric | 0       |
|    mul_4s_4ns_8_1_1_U400               | -   | yes    | ret_V_212      | mul | fabric | 0       |
|    mul_4s_4ns_8_1_1_U401               | -   | yes    | ret_V_213      | mul | fabric | 0       |
|    mul_4s_4ns_8_1_1_U402               | -   | yes    | ret_V_214      | mul | fabric | 0       |
|    mul_4s_4ns_8_1_1_U136               | -   | yes    | ret_V_215      | mul | fabric | 0       |
|    add_ln840_208_fu_19608_p2           | -   |        | add_ln840_208  | add | fabric | 0       |
|    add_ln840_209_fu_15793_p2           | -   |        | add_ln840_209  | add | fabric | 0       |
|    add_ln840_211_fu_11317_p2           | -   |        | add_ln840_211  | add | fabric | 0       |
|    add_ln840_212_fu_11323_p2           | -   |        | add_ln840_212  | add | fabric | 0       |
|    add_ln840_213_fu_15805_p2           | -   |        | add_ln840_213  | add | fabric | 0       |
|    add_ln840_214_fu_15815_p2           | -   |        | add_ln840_214  | add | fabric | 0       |
|    mul_4s_4ns_8_1_1_U137               | -   | yes    | ret_V_216      | mul | fabric | 0       |
|    mul_4s_4ns_8_1_1_U138               | -   | yes    | ret_V_217      | mul | fabric | 0       |
|    mul_4s_4ns_8_1_1_U139               | -   | yes    | ret_V_218      | mul | fabric | 0       |
|    mul_4s_4ns_8_1_1_U140               | -   | yes    | ret_V_219      | mul | fabric | 0       |
|    mul_4s_4ns_8_1_1_U403               | -   | yes    | ret_V_220      | mul | fabric | 0       |
|    mul_4s_4ns_8_1_1_U404               | -   | yes    | ret_V_221      | mul | fabric | 0       |
|    mul_4s_4ns_8_1_1_U405               | -   | yes    | ret_V_222      | mul | fabric | 0       |
|    mul_4s_4ns_8_1_1_U141               | -   | yes    | ret_V_223      | mul | fabric | 0       |
|    add_ln840_216_fu_19635_p2           | -   |        | add_ln840_216  | add | fabric | 0       |
|    add_ln840_217_fu_15859_p2           | -   |        | add_ln840_217  | add | fabric | 0       |
|    add_ln840_219_fu_11390_p2           | -   |        | add_ln840_219  | add | fabric | 0       |
|    add_ln840_220_fu_11396_p2           | -   |        | add_ln840_220  | add | fabric | 0       |
|    add_ln840_221_fu_15871_p2           | -   |        | add_ln840_221  | add | fabric | 0       |
|    add_ln840_222_fu_15881_p2           | -   |        | add_ln840_222  | add | fabric | 0       |
|    mul_4s_4ns_8_1_1_U142               | -   | yes    | ret_V_224      | mul | fabric | 0       |
|    mul_4s_4ns_8_1_1_U143               | -   | yes    | ret_V_225      | mul | fabric | 0       |
|    mul_4s_4ns_8_1_1_U144               | -   | yes    | ret_V_226      | mul | fabric | 0       |
|    mul_4s_4ns_8_1_1_U145               | -   | yes    | ret_V_227      | mul | fabric | 0       |
|    mul_4s_4ns_8_1_1_U406               | -   | yes    | ret_V_228      | mul | fabric | 0       |
|    mul_4s_4ns_8_1_1_U407               | -   | yes    | ret_V_229      | mul | fabric | 0       |
|    mul_4s_4ns_8_1_1_U408               | -   | yes    | ret_V_230      | mul | fabric | 0       |
|    mul_4s_4ns_8_1_1_U146               | -   | yes    | ret_V_231      | mul | fabric | 0       |
|    add_ln840_224_fu_19662_p2           | -   |        | add_ln840_224  | add | fabric | 0       |
|    add_ln840_225_fu_15925_p2           | -   |        | add_ln840_225  | add | fabric | 0       |
|    add_ln840_227_fu_11463_p2           | -   |        | add_ln840_227  | add | fabric | 0       |
|    add_ln840_228_fu_11469_p2           | -   |        | add_ln840_228  | add | fabric | 0       |
|    add_ln840_229_fu_15937_p2           | -   |        | add_ln840_229  | add | fabric | 0       |
|    add_ln840_230_fu_15947_p2           | -   |        | add_ln840_230  | add | fabric | 0       |
|    mul_4s_4ns_8_1_1_U147               | -   | yes    | ret_V_232      | mul | fabric | 0       |
|    mul_4s_4ns_8_1_1_U148               | -   | yes    | ret_V_233      | mul | fabric | 0       |
|    mul_4s_4ns_8_1_1_U149               | -   | yes    | ret_V_234      | mul | fabric | 0       |
|    mul_4s_4ns_8_1_1_U150               | -   | yes    | ret_V_235      | mul | fabric | 0       |
|    mul_4s_4ns_8_1_1_U409               | -   | yes    | ret_V_236      | mul | fabric | 0       |
|    mul_4s_4ns_8_1_1_U410               | -   | yes    | ret_V_237      | mul | fabric | 0       |
|    mul_4s_4ns_8_1_1_U411               | -   | yes    | ret_V_238      | mul | fabric | 0       |
|    mul_4s_4ns_8_1_1_U151               | -   | yes    | ret_V_239      | mul | fabric | 0       |
|    add_ln840_232_fu_19689_p2           | -   |        | add_ln840_232  | add | fabric | 0       |
|    add_ln840_233_fu_15991_p2           | -   |        | add_ln840_233  | add | fabric | 0       |
|    add_ln840_235_fu_11536_p2           | -   |        | add_ln840_235  | add | fabric | 0       |
|    add_ln840_236_fu_11542_p2           | -   |        | add_ln840_236  | add | fabric | 0       |
|    add_ln840_237_fu_16003_p2           | -   |        | add_ln840_237  | add | fabric | 0       |
|    add_ln840_238_fu_16013_p2           | -   |        | add_ln840_238  | add | fabric | 0       |
|    mul_4s_4ns_8_1_1_U152               | -   | yes    | ret_V_240      | mul | fabric | 0       |
|    mul_4s_4ns_8_1_1_U153               | -   | yes    | ret_V_241      | mul | fabric | 0       |
|    mul_4s_4ns_8_1_1_U154               | -   | yes    | ret_V_242      | mul | fabric | 0       |
|    mul_4s_4ns_8_1_1_U155               | -   | yes    | ret_V_243      | mul | fabric | 0       |
|    mul_4s_4ns_8_1_1_U412               | -   | yes    | ret_V_244      | mul | fabric | 0       |
|    mul_4s_4ns_8_1_1_U413               | -   | yes    | ret_V_245      | mul | fabric | 0       |
|    mul_4s_4ns_8_1_1_U414               | -   | yes    | ret_V_246      | mul | fabric | 0       |
|    mul_4s_4ns_8_1_1_U156               | -   | yes    | ret_V_247      | mul | fabric | 0       |
|    add_ln840_240_fu_19716_p2           | -   |        | add_ln840_240  | add | fabric | 0       |
|    add_ln840_241_fu_16057_p2           | -   |        | add_ln840_241  | add | fabric | 0       |
|    add_ln840_243_fu_11609_p2           | -   |        | add_ln840_243  | add | fabric | 0       |
|    add_ln840_244_fu_11615_p2           | -   |        | add_ln840_244  | add | fabric | 0       |
|    add_ln840_245_fu_16069_p2           | -   |        | add_ln840_245  | add | fabric | 0       |
|    add_ln840_246_fu_16079_p2           | -   |        | add_ln840_246  | add | fabric | 0       |
|    mul_4s_4ns_8_1_1_U157               | -   | yes    | ret_V_248      | mul | fabric | 0       |
|    mul_4s_4ns_8_1_1_U158               | -   | yes    | ret_V_249      | mul | fabric | 0       |
|    mul_4s_4ns_8_1_1_U159               | -   | yes    | ret_V_250      | mul | fabric | 0       |
|    mul_4s_4ns_8_1_1_U160               | -   | yes    | ret_V_251      | mul | fabric | 0       |
|    mul_4s_4ns_8_1_1_U415               | -   | yes    | ret_V_252      | mul | fabric | 0       |
|    mul_4s_4ns_8_1_1_U416               | -   | yes    | ret_V_253      | mul | fabric | 0       |
|    mul_4s_4ns_8_1_1_U417               | -   | yes    | ret_V_254      | mul | fabric | 0       |
|    mul_4s_4ns_8_1_1_U161               | -   | yes    | ret_V_255      | mul | fabric | 0       |
|    add_ln840_248_fu_19743_p2           | -   |        | add_ln840_248  | add | fabric | 0       |
|    add_ln840_249_fu_16123_p2           | -   |        | add_ln840_249  | add | fabric | 0       |
|    add_ln840_251_fu_11682_p2           | -   |        | add_ln840_251  | add | fabric | 0       |
|    add_ln840_252_fu_11688_p2           | -   |        | add_ln840_252  | add | fabric | 0       |
|    add_ln840_253_fu_16135_p2           | -   |        | add_ln840_253  | add | fabric | 0       |
|    add_ln840_254_fu_16145_p2           | -   |        | add_ln840_254  | add | fabric | 0       |
|    mul_4s_4ns_8_1_1_U162               | -   | yes    | ret_V_256      | mul | fabric | 0       |
|    mul_4s_4ns_8_1_1_U163               | -   | yes    | ret_V_257      | mul | fabric | 0       |
|    mul_4s_4ns_8_1_1_U164               | -   | yes    | ret_V_258      | mul | fabric | 0       |
|    mul_4s_4ns_8_1_1_U165               | -   | yes    | ret_V_259      | mul | fabric | 0       |
|    mul_4s_4ns_8_1_1_U418               | -   | yes    | ret_V_260      | mul | fabric | 0       |
|    mul_4s_4ns_8_1_1_U419               | -   | yes    | ret_V_261      | mul | fabric | 0       |
|    mul_4s_4ns_8_1_1_U420               | -   | yes    | ret_V_262      | mul | fabric | 0       |
|    mul_4s_4ns_8_1_1_U166               | -   | yes    | ret_V_263      | mul | fabric | 0       |
|    add_ln840_256_fu_19770_p2           | -   |        | add_ln840_256  | add | fabric | 0       |
|    add_ln840_257_fu_16189_p2           | -   |        | add_ln840_257  | add | fabric | 0       |
|    add_ln840_259_fu_11755_p2           | -   |        | add_ln840_259  | add | fabric | 0       |
|    add_ln840_260_fu_11761_p2           | -   |        | add_ln840_260  | add | fabric | 0       |
|    add_ln840_261_fu_16201_p2           | -   |        | add_ln840_261  | add | fabric | 0       |
|    add_ln840_262_fu_16211_p2           | -   |        | add_ln840_262  | add | fabric | 0       |
|    mul_4s_4ns_8_1_1_U167               | -   | yes    | ret_V_264      | mul | fabric | 0       |
|    mul_4s_4ns_8_1_1_U168               | -   | yes    | ret_V_265      | mul | fabric | 0       |
|    mul_4s_4ns_8_1_1_U169               | -   | yes    | ret_V_266      | mul | fabric | 0       |
|    mul_4s_4ns_8_1_1_U170               | -   | yes    | ret_V_267      | mul | fabric | 0       |
|    mul_4s_4ns_8_1_1_U421               | -   | yes    | ret_V_268      | mul | fabric | 0       |
|    mul_4s_4ns_8_1_1_U422               | -   | yes    | ret_V_269      | mul | fabric | 0       |
|    mul_4s_4ns_8_1_1_U423               | -   | yes    | ret_V_270      | mul | fabric | 0       |
|    mul_4s_4ns_8_1_1_U171               | -   | yes    | ret_V_271      | mul | fabric | 0       |
|    add_ln840_264_fu_19797_p2           | -   |        | add_ln840_264  | add | fabric | 0       |
|    add_ln840_265_fu_16255_p2           | -   |        | add_ln840_265  | add | fabric | 0       |
|    add_ln840_267_fu_11828_p2           | -   |        | add_ln840_267  | add | fabric | 0       |
|    add_ln840_268_fu_11834_p2           | -   |        | add_ln840_268  | add | fabric | 0       |
|    add_ln840_269_fu_16267_p2           | -   |        | add_ln840_269  | add | fabric | 0       |
|    add_ln840_270_fu_16277_p2           | -   |        | add_ln840_270  | add | fabric | 0       |
|    mul_4s_4ns_8_1_1_U172               | -   | yes    | ret_V_272      | mul | fabric | 0       |
|    mul_4s_4ns_8_1_1_U173               | -   | yes    | ret_V_273      | mul | fabric | 0       |
|    mul_4s_4ns_8_1_1_U174               | -   | yes    | ret_V_274      | mul | fabric | 0       |
|    mul_4s_4ns_8_1_1_U175               | -   | yes    | ret_V_275      | mul | fabric | 0       |
|    mul_4s_4ns_8_1_1_U424               | -   | yes    | ret_V_276      | mul | fabric | 0       |
|    mul_4s_4ns_8_1_1_U425               | -   | yes    | ret_V_277      | mul | fabric | 0       |
|    mul_4s_4ns_8_1_1_U426               | -   | yes    | ret_V_278      | mul | fabric | 0       |
|    mul_4s_4ns_8_1_1_U176               | -   | yes    | ret_V_279      | mul | fabric | 0       |
|    add_ln840_272_fu_19824_p2           | -   |        | add_ln840_272  | add | fabric | 0       |
|    add_ln840_273_fu_16321_p2           | -   |        | add_ln840_273  | add | fabric | 0       |
|    add_ln840_275_fu_11901_p2           | -   |        | add_ln840_275  | add | fabric | 0       |
|    add_ln840_276_fu_11907_p2           | -   |        | add_ln840_276  | add | fabric | 0       |
|    add_ln840_277_fu_16333_p2           | -   |        | add_ln840_277  | add | fabric | 0       |
|    add_ln840_278_fu_16343_p2           | -   |        | add_ln840_278  | add | fabric | 0       |
|    mul_4s_4ns_8_1_1_U177               | -   | yes    | ret_V_280      | mul | fabric | 0       |
|    mul_4s_4ns_8_1_1_U178               | -   | yes    | ret_V_281      | mul | fabric | 0       |
|    mul_4s_4ns_8_1_1_U179               | -   | yes    | ret_V_282      | mul | fabric | 0       |
|    mul_4s_4ns_8_1_1_U180               | -   | yes    | ret_V_283      | mul | fabric | 0       |
|    mul_4s_4ns_8_1_1_U427               | -   | yes    | ret_V_284      | mul | fabric | 0       |
|    mul_4s_4ns_8_1_1_U428               | -   | yes    | ret_V_285      | mul | fabric | 0       |
|    mul_4s_4ns_8_1_1_U429               | -   | yes    | ret_V_286      | mul | fabric | 0       |
|    mul_4s_4ns_8_1_1_U181               | -   | yes    | ret_V_287      | mul | fabric | 0       |
|    add_ln840_280_fu_19851_p2           | -   |        | add_ln840_280  | add | fabric | 0       |
|    add_ln840_281_fu_16387_p2           | -   |        | add_ln840_281  | add | fabric | 0       |
|    add_ln840_283_fu_11974_p2           | -   |        | add_ln840_283  | add | fabric | 0       |
|    add_ln840_284_fu_11980_p2           | -   |        | add_ln840_284  | add | fabric | 0       |
|    add_ln840_285_fu_16399_p2           | -   |        | add_ln840_285  | add | fabric | 0       |
|    add_ln840_286_fu_16409_p2           | -   |        | add_ln840_286  | add | fabric | 0       |
|    mul_4s_4ns_8_1_1_U182               | -   | yes    | ret_V_288      | mul | fabric | 0       |
|    mul_4s_4ns_8_1_1_U183               | -   | yes    | ret_V_289      | mul | fabric | 0       |
|    mul_4s_4ns_8_1_1_U184               | -   | yes    | ret_V_290      | mul | fabric | 0       |
|    mul_4s_4ns_8_1_1_U185               | -   | yes    | ret_V_291      | mul | fabric | 0       |
|    mul_4s_4ns_8_1_1_U430               | -   | yes    | ret_V_292      | mul | fabric | 0       |
|    mul_4s_4ns_8_1_1_U431               | -   | yes    | ret_V_293      | mul | fabric | 0       |
|    mul_4s_4ns_8_1_1_U432               | -   | yes    | ret_V_294      | mul | fabric | 0       |
|    mul_4s_4ns_8_1_1_U186               | -   | yes    | ret_V_295      | mul | fabric | 0       |
|    add_ln840_288_fu_19878_p2           | -   |        | add_ln840_288  | add | fabric | 0       |
|    add_ln840_289_fu_16453_p2           | -   |        | add_ln840_289  | add | fabric | 0       |
|    add_ln840_291_fu_12047_p2           | -   |        | add_ln840_291  | add | fabric | 0       |
|    add_ln840_292_fu_12053_p2           | -   |        | add_ln840_292  | add | fabric | 0       |
|    add_ln840_293_fu_16465_p2           | -   |        | add_ln840_293  | add | fabric | 0       |
|    add_ln840_294_fu_16475_p2           | -   |        | add_ln840_294  | add | fabric | 0       |
|    mul_4s_4ns_8_1_1_U187               | -   | yes    | ret_V_296      | mul | fabric | 0       |
|    mul_4s_4ns_8_1_1_U188               | -   | yes    | ret_V_297      | mul | fabric | 0       |
|    mul_4s_4ns_8_1_1_U189               | -   | yes    | ret_V_298      | mul | fabric | 0       |
|    mul_4s_4ns_8_1_1_U190               | -   | yes    | ret_V_299      | mul | fabric | 0       |
|    mul_4s_4ns_8_1_1_U433               | -   | yes    | ret_V_300      | mul | fabric | 0       |
|    mul_4s_4ns_8_1_1_U434               | -   | yes    | ret_V_301      | mul | fabric | 0       |
|    mul_4s_4ns_8_1_1_U435               | -   | yes    | ret_V_302      | mul | fabric | 0       |
|    mul_4s_4ns_8_1_1_U191               | -   | yes    | ret_V_303      | mul | fabric | 0       |
|    add_ln840_296_fu_19905_p2           | -   |        | add_ln840_296  | add | fabric | 0       |
|    add_ln840_297_fu_16519_p2           | -   |        | add_ln840_297  | add | fabric | 0       |
|    add_ln840_299_fu_12120_p2           | -   |        | add_ln840_299  | add | fabric | 0       |
|    add_ln840_300_fu_12126_p2           | -   |        | add_ln840_300  | add | fabric | 0       |
|    add_ln840_301_fu_16531_p2           | -   |        | add_ln840_301  | add | fabric | 0       |
|    add_ln840_302_fu_16541_p2           | -   |        | add_ln840_302  | add | fabric | 0       |
|    mul_4s_4ns_8_1_1_U192               | -   | yes    | ret_V_304      | mul | fabric | 0       |
|    mul_4s_4ns_8_1_1_U193               | -   | yes    | ret_V_305      | mul | fabric | 0       |
|    mul_4s_4ns_8_1_1_U194               | -   | yes    | ret_V_306      | mul | fabric | 0       |
|    mul_4s_4ns_8_1_1_U195               | -   | yes    | ret_V_307      | mul | fabric | 0       |
|    mul_4s_4ns_8_1_1_U436               | -   | yes    | ret_V_308      | mul | fabric | 0       |
|    mul_4s_4ns_8_1_1_U437               | -   | yes    | ret_V_309      | mul | fabric | 0       |
|    mul_4s_4ns_8_1_1_U438               | -   | yes    | ret_V_310      | mul | fabric | 0       |
|    mul_4s_4ns_8_1_1_U196               | -   | yes    | ret_V_311      | mul | fabric | 0       |
|    add_ln840_304_fu_19932_p2           | -   |        | add_ln840_304  | add | fabric | 0       |
|    add_ln840_305_fu_16585_p2           | -   |        | add_ln840_305  | add | fabric | 0       |
|    add_ln840_307_fu_12193_p2           | -   |        | add_ln840_307  | add | fabric | 0       |
|    add_ln840_308_fu_12199_p2           | -   |        | add_ln840_308  | add | fabric | 0       |
|    add_ln840_309_fu_16597_p2           | -   |        | add_ln840_309  | add | fabric | 0       |
|    add_ln840_310_fu_16607_p2           | -   |        | add_ln840_310  | add | fabric | 0       |
|    mul_4s_4ns_8_1_1_U197               | -   | yes    | ret_V_312      | mul | fabric | 0       |
|    mul_4s_4ns_8_1_1_U198               | -   | yes    | ret_V_313      | mul | fabric | 0       |
|    mul_4s_4ns_8_1_1_U199               | -   | yes    | ret_V_314      | mul | fabric | 0       |
|    mul_4s_4ns_8_1_1_U200               | -   | yes    | ret_V_315      | mul | fabric | 0       |
|    mul_4s_4ns_8_1_1_U439               | -   | yes    | ret_V_316      | mul | fabric | 0       |
|    mul_4s_4ns_8_1_1_U440               | -   | yes    | ret_V_317      | mul | fabric | 0       |
|    mul_4s_4ns_8_1_1_U441               | -   | yes    | ret_V_318      | mul | fabric | 0       |
|    mul_4s_4ns_8_1_1_U201               | -   | yes    | ret_V_319      | mul | fabric | 0       |
|    add_ln840_312_fu_19959_p2           | -   |        | add_ln840_312  | add | fabric | 0       |
|    add_ln840_313_fu_16651_p2           | -   |        | add_ln840_313  | add | fabric | 0       |
|    add_ln840_315_fu_12266_p2           | -   |        | add_ln840_315  | add | fabric | 0       |
|    add_ln840_316_fu_12272_p2           | -   |        | add_ln840_316  | add | fabric | 0       |
|    add_ln840_317_fu_16663_p2           | -   |        | add_ln840_317  | add | fabric | 0       |
|    add_ln840_318_fu_16673_p2           | -   |        | add_ln840_318  | add | fabric | 0       |
|    mul_4s_4ns_8_1_1_U202               | -   | yes    | ret_V_320      | mul | fabric | 0       |
|    mul_4s_4ns_8_1_1_U203               | -   | yes    | ret_V_321      | mul | fabric | 0       |
|    mul_4s_4ns_8_1_1_U204               | -   | yes    | ret_V_322      | mul | fabric | 0       |
|    mul_4s_4ns_8_1_1_U205               | -   | yes    | ret_V_323      | mul | fabric | 0       |
|    mul_4s_4ns_8_1_1_U442               | -   | yes    | ret_V_324      | mul | fabric | 0       |
|    mul_4s_4ns_8_1_1_U443               | -   | yes    | ret_V_325      | mul | fabric | 0       |
|    mul_4s_4ns_8_1_1_U444               | -   | yes    | ret_V_326      | mul | fabric | 0       |
|    mul_4s_4ns_8_1_1_U206               | -   | yes    | ret_V_327      | mul | fabric | 0       |
|    add_ln840_320_fu_19986_p2           | -   |        | add_ln840_320  | add | fabric | 0       |
|    add_ln840_321_fu_16717_p2           | -   |        | add_ln840_321  | add | fabric | 0       |
|    add_ln840_323_fu_12339_p2           | -   |        | add_ln840_323  | add | fabric | 0       |
|    add_ln840_324_fu_12345_p2           | -   |        | add_ln840_324  | add | fabric | 0       |
|    add_ln840_325_fu_16729_p2           | -   |        | add_ln840_325  | add | fabric | 0       |
|    add_ln840_326_fu_16739_p2           | -   |        | add_ln840_326  | add | fabric | 0       |
|    mul_4s_4ns_8_1_1_U207               | -   | yes    | ret_V_328      | mul | fabric | 0       |
|    mul_4s_4ns_8_1_1_U208               | -   | yes    | ret_V_329      | mul | fabric | 0       |
|    mul_4s_4ns_8_1_1_U209               | -   | yes    | ret_V_330      | mul | fabric | 0       |
|    mul_4s_4ns_8_1_1_U210               | -   | yes    | ret_V_331      | mul | fabric | 0       |
|    mul_4s_4ns_8_1_1_U445               | -   | yes    | ret_V_332      | mul | fabric | 0       |
|    mul_4s_4ns_8_1_1_U446               | -   | yes    | ret_V_333      | mul | fabric | 0       |
|    mul_4s_4ns_8_1_1_U447               | -   | yes    | ret_V_334      | mul | fabric | 0       |
|    mul_4s_4ns_8_1_1_U211               | -   | yes    | ret_V_335      | mul | fabric | 0       |
|    add_ln840_328_fu_20013_p2           | -   |        | add_ln840_328  | add | fabric | 0       |
|    add_ln840_329_fu_16783_p2           | -   |        | add_ln840_329  | add | fabric | 0       |
|    add_ln840_331_fu_12412_p2           | -   |        | add_ln840_331  | add | fabric | 0       |
|    add_ln840_332_fu_12418_p2           | -   |        | add_ln840_332  | add | fabric | 0       |
|    add_ln840_333_fu_16795_p2           | -   |        | add_ln840_333  | add | fabric | 0       |
|    add_ln840_334_fu_16805_p2           | -   |        | add_ln840_334  | add | fabric | 0       |
|    mul_4s_4ns_8_1_1_U212               | -   | yes    | ret_V_336      | mul | fabric | 0       |
|    mul_4s_4ns_8_1_1_U213               | -   | yes    | ret_V_337      | mul | fabric | 0       |
|    mul_4s_4ns_8_1_1_U214               | -   | yes    | ret_V_338      | mul | fabric | 0       |
|    mul_4s_4ns_8_1_1_U215               | -   | yes    | ret_V_339      | mul | fabric | 0       |
|    mul_4s_4ns_8_1_1_U448               | -   | yes    | ret_V_340      | mul | fabric | 0       |
|    mul_4s_4ns_8_1_1_U449               | -   | yes    | ret_V_341      | mul | fabric | 0       |
|    mul_4s_4ns_8_1_1_U450               | -   | yes    | ret_V_342      | mul | fabric | 0       |
|    mul_4s_4ns_8_1_1_U216               | -   | yes    | ret_V_343      | mul | fabric | 0       |
|    add_ln840_336_fu_20040_p2           | -   |        | add_ln840_336  | add | fabric | 0       |
|    add_ln840_337_fu_16849_p2           | -   |        | add_ln840_337  | add | fabric | 0       |
|    add_ln840_339_fu_12485_p2           | -   |        | add_ln840_339  | add | fabric | 0       |
|    add_ln840_340_fu_12491_p2           | -   |        | add_ln840_340  | add | fabric | 0       |
|    add_ln840_341_fu_16861_p2           | -   |        | add_ln840_341  | add | fabric | 0       |
|    add_ln840_342_fu_16871_p2           | -   |        | add_ln840_342  | add | fabric | 0       |
|    mul_4s_4ns_8_1_1_U217               | -   | yes    | ret_V_344      | mul | fabric | 0       |
|    mul_4s_4ns_8_1_1_U218               | -   | yes    | ret_V_345      | mul | fabric | 0       |
|    mul_4s_4ns_8_1_1_U219               | -   | yes    | ret_V_346      | mul | fabric | 0       |
|    mul_4s_4ns_8_1_1_U220               | -   | yes    | ret_V_347      | mul | fabric | 0       |
|    mul_4s_4ns_8_1_1_U451               | -   | yes    | ret_V_348      | mul | fabric | 0       |
|    mul_4s_4ns_8_1_1_U452               | -   | yes    | ret_V_349      | mul | fabric | 0       |
|    mul_4s_4ns_8_1_1_U453               | -   | yes    | ret_V_350      | mul | fabric | 0       |
|    mul_4s_4ns_8_1_1_U221               | -   | yes    | ret_V_351      | mul | fabric | 0       |
|    add_ln840_344_fu_20067_p2           | -   |        | add_ln840_344  | add | fabric | 0       |
|    add_ln840_345_fu_16915_p2           | -   |        | add_ln840_345  | add | fabric | 0       |
|    add_ln840_347_fu_12558_p2           | -   |        | add_ln840_347  | add | fabric | 0       |
|    add_ln840_348_fu_12564_p2           | -   |        | add_ln840_348  | add | fabric | 0       |
|    add_ln840_349_fu_16927_p2           | -   |        | add_ln840_349  | add | fabric | 0       |
|    add_ln840_350_fu_16937_p2           | -   |        | add_ln840_350  | add | fabric | 0       |
|    mul_4s_4ns_8_1_1_U222               | -   | yes    | ret_V_352      | mul | fabric | 0       |
|    mul_4s_4ns_8_1_1_U223               | -   | yes    | ret_V_353      | mul | fabric | 0       |
|    mul_4s_4ns_8_1_1_U224               | -   | yes    | ret_V_354      | mul | fabric | 0       |
|    mul_4s_4ns_8_1_1_U225               | -   | yes    | ret_V_355      | mul | fabric | 0       |
|    mul_4s_4ns_8_1_1_U454               | -   | yes    | ret_V_356      | mul | fabric | 0       |
|    mul_4s_4ns_8_1_1_U455               | -   | yes    | ret_V_357      | mul | fabric | 0       |
|    mul_4s_4ns_8_1_1_U456               | -   | yes    | ret_V_358      | mul | fabric | 0       |
|    mul_4s_4ns_8_1_1_U226               | -   | yes    | ret_V_359      | mul | fabric | 0       |
|    add_ln840_352_fu_20094_p2           | -   |        | add_ln840_352  | add | fabric | 0       |
|    add_ln840_353_fu_16981_p2           | -   |        | add_ln840_353  | add | fabric | 0       |
|    add_ln840_355_fu_12631_p2           | -   |        | add_ln840_355  | add | fabric | 0       |
|    add_ln840_356_fu_12637_p2           | -   |        | add_ln840_356  | add | fabric | 0       |
|    add_ln840_357_fu_16993_p2           | -   |        | add_ln840_357  | add | fabric | 0       |
|    add_ln840_358_fu_17003_p2           | -   |        | add_ln840_358  | add | fabric | 0       |
|    mul_4s_4ns_8_1_1_U227               | -   | yes    | ret_V_360      | mul | fabric | 0       |
|    mul_4s_4ns_8_1_1_U228               | -   | yes    | ret_V_361      | mul | fabric | 0       |
|    mul_4s_4ns_8_1_1_U229               | -   | yes    | ret_V_362      | mul | fabric | 0       |
|    mul_4s_4ns_8_1_1_U230               | -   | yes    | ret_V_363      | mul | fabric | 0       |
|    mul_4s_4ns_8_1_1_U457               | -   | yes    | ret_V_364      | mul | fabric | 0       |
|    mul_4s_4ns_8_1_1_U458               | -   | yes    | ret_V_365      | mul | fabric | 0       |
|    mul_4s_4ns_8_1_1_U459               | -   | yes    | ret_V_366      | mul | fabric | 0       |
|    mul_4s_4ns_8_1_1_U231               | -   | yes    | ret_V_367      | mul | fabric | 0       |
|    add_ln840_360_fu_20121_p2           | -   |        | add_ln840_360  | add | fabric | 0       |
|    add_ln840_361_fu_17047_p2           | -   |        | add_ln840_361  | add | fabric | 0       |
|    add_ln840_363_fu_12704_p2           | -   |        | add_ln840_363  | add | fabric | 0       |
|    add_ln840_364_fu_12710_p2           | -   |        | add_ln840_364  | add | fabric | 0       |
|    add_ln840_365_fu_17059_p2           | -   |        | add_ln840_365  | add | fabric | 0       |
|    add_ln840_366_fu_17069_p2           | -   |        | add_ln840_366  | add | fabric | 0       |
|    mul_4s_4ns_8_1_1_U232               | -   | yes    | ret_V_368      | mul | fabric | 0       |
|    mul_4s_4ns_8_1_1_U233               | -   | yes    | ret_V_369      | mul | fabric | 0       |
|    mul_4s_4ns_8_1_1_U234               | -   | yes    | ret_V_370      | mul | fabric | 0       |
|    mul_4s_4ns_8_1_1_U235               | -   | yes    | ret_V_371      | mul | fabric | 0       |
|    mul_4s_4ns_8_1_1_U460               | -   | yes    | ret_V_372      | mul | fabric | 0       |
|    mul_4s_4ns_8_1_1_U461               | -   | yes    | ret_V_373      | mul | fabric | 0       |
|    mul_4s_4ns_8_1_1_U462               | -   | yes    | ret_V_374      | mul | fabric | 0       |
|    mul_4s_4ns_8_1_1_U236               | -   | yes    | ret_V_375      | mul | fabric | 0       |
|    add_ln840_368_fu_20148_p2           | -   |        | add_ln840_368  | add | fabric | 0       |
|    add_ln840_369_fu_17113_p2           | -   |        | add_ln840_369  | add | fabric | 0       |
|    add_ln840_371_fu_12777_p2           | -   |        | add_ln840_371  | add | fabric | 0       |
|    add_ln840_372_fu_12783_p2           | -   |        | add_ln840_372  | add | fabric | 0       |
|    add_ln840_373_fu_17125_p2           | -   |        | add_ln840_373  | add | fabric | 0       |
|    add_ln840_374_fu_17135_p2           | -   |        | add_ln840_374  | add | fabric | 0       |
|    mul_4s_4ns_8_1_1_U237               | -   | yes    | ret_V_376      | mul | fabric | 0       |
|    mul_4s_4ns_8_1_1_U238               | -   | yes    | ret_V_377      | mul | fabric | 0       |
|    mul_4s_4ns_8_1_1_U239               | -   | yes    | ret_V_378      | mul | fabric | 0       |
|    mul_4s_4ns_8_1_1_U240               | -   | yes    | ret_V_379      | mul | fabric | 0       |
|    mul_4s_4ns_8_1_1_U463               | -   | yes    | ret_V_380      | mul | fabric | 0       |
|    mul_4s_4ns_8_1_1_U464               | -   | yes    | ret_V_381      | mul | fabric | 0       |
|    mul_4s_4ns_8_1_1_U465               | -   | yes    | ret_V_382      | mul | fabric | 0       |
|    mul_4s_4ns_8_1_1_U241               | -   | yes    | ret_V_383      | mul | fabric | 0       |
|    add_ln840_376_fu_20175_p2           | -   |        | add_ln840_376  | add | fabric | 0       |
|    add_ln840_377_fu_17179_p2           | -   |        | add_ln840_377  | add | fabric | 0       |
|    add_ln840_379_fu_12850_p2           | -   |        | add_ln840_379  | add | fabric | 0       |
|    add_ln840_380_fu_12856_p2           | -   |        | add_ln840_380  | add | fabric | 0       |
|    add_ln840_381_fu_17191_p2           | -   |        | add_ln840_381  | add | fabric | 0       |
|    add_ln840_382_fu_17201_p2           | -   |        | add_ln840_382  | add | fabric | 0       |
|    mul_4s_4ns_8_1_1_U242               | -   | yes    | ret_V_384      | mul | fabric | 0       |
|    mul_4s_4ns_8_1_1_U243               | -   | yes    | ret_V_385      | mul | fabric | 0       |
|    mul_4s_4ns_8_1_1_U244               | -   | yes    | ret_V_386      | mul | fabric | 0       |
|    mul_4s_4ns_8_1_1_U245               | -   | yes    | ret_V_387      | mul | fabric | 0       |
|    mul_4s_4ns_8_1_1_U466               | -   | yes    | ret_V_388      | mul | fabric | 0       |
|    mul_4s_4ns_8_1_1_U467               | -   | yes    | ret_V_389      | mul | fabric | 0       |
|    mul_4s_4ns_8_1_1_U468               | -   | yes    | ret_V_390      | mul | fabric | 0       |
|    mul_4s_4ns_8_1_1_U246               | -   | yes    | ret_V_391      | mul | fabric | 0       |
|    add_ln840_384_fu_20202_p2           | -   |        | add_ln840_384  | add | fabric | 0       |
|    add_ln840_385_fu_17245_p2           | -   |        | add_ln840_385  | add | fabric | 0       |
|    add_ln840_387_fu_12923_p2           | -   |        | add_ln840_387  | add | fabric | 0       |
|    add_ln840_388_fu_12929_p2           | -   |        | add_ln840_388  | add | fabric | 0       |
|    add_ln840_389_fu_17257_p2           | -   |        | add_ln840_389  | add | fabric | 0       |
|    add_ln840_390_fu_17267_p2           | -   |        | add_ln840_390  | add | fabric | 0       |
|    mul_4s_4ns_8_1_1_U247               | -   | yes    | ret_V_392      | mul | fabric | 0       |
|    mul_4s_4ns_8_1_1_U248               | -   | yes    | ret_V_393      | mul | fabric | 0       |
|    mul_4s_4ns_8_1_1_U249               | -   | yes    | ret_V_394      | mul | fabric | 0       |
|    mul_4s_4ns_8_1_1_U250               | -   | yes    | ret_V_395      | mul | fabric | 0       |
|    mul_4s_4ns_8_1_1_U469               | -   | yes    | ret_V_396      | mul | fabric | 0       |
|    mul_4s_4ns_8_1_1_U470               | -   | yes    | ret_V_397      | mul | fabric | 0       |
|    mul_4s_4ns_8_1_1_U471               | -   | yes    | ret_V_398      | mul | fabric | 0       |
|    mul_4s_4ns_8_1_1_U251               | -   | yes    | ret_V_399      | mul | fabric | 0       |
|    add_ln840_392_fu_20229_p2           | -   |        | add_ln840_392  | add | fabric | 0       |
|    add_ln840_393_fu_17311_p2           | -   |        | add_ln840_393  | add | fabric | 0       |
|    add_ln840_395_fu_12996_p2           | -   |        | add_ln840_395  | add | fabric | 0       |
|    add_ln840_396_fu_13002_p2           | -   |        | add_ln840_396  | add | fabric | 0       |
|    add_ln840_397_fu_17323_p2           | -   |        | add_ln840_397  | add | fabric | 0       |
|    add_ln840_398_fu_17333_p2           | -   |        | add_ln840_398  | add | fabric | 0       |
|    mul_4s_4ns_8_1_1_U252               | -   | yes    | ret_V_400      | mul | fabric | 0       |
|    mul_4s_4ns_8_1_1_U253               | -   | yes    | ret_V_401      | mul | fabric | 0       |
|    mul_4s_4ns_8_1_1_U254               | -   | yes    | ret_V_402      | mul | fabric | 0       |
|    mul_4s_4ns_8_1_1_U255               | -   | yes    | ret_V_403      | mul | fabric | 0       |
|    mul_4s_4ns_8_1_1_U472               | -   | yes    | ret_V_404      | mul | fabric | 0       |
|    mul_4s_4ns_8_1_1_U473               | -   | yes    | ret_V_405      | mul | fabric | 0       |
|    mul_4s_4ns_8_1_1_U474               | -   | yes    | ret_V_406      | mul | fabric | 0       |
|    mul_4s_4ns_8_1_1_U256               | -   | yes    | ret_V_407      | mul | fabric | 0       |
|    add_ln840_400_fu_20256_p2           | -   |        | add_ln840_400  | add | fabric | 0       |
|    add_ln840_401_fu_17377_p2           | -   |        | add_ln840_401  | add | fabric | 0       |
|    add_ln840_403_fu_13069_p2           | -   |        | add_ln840_403  | add | fabric | 0       |
|    add_ln840_404_fu_13075_p2           | -   |        | add_ln840_404  | add | fabric | 0       |
|    add_ln840_405_fu_17389_p2           | -   |        | add_ln840_405  | add | fabric | 0       |
|    add_ln840_406_fu_17399_p2           | -   |        | add_ln840_406  | add | fabric | 0       |
|    mul_4s_4ns_8_1_1_U257               | -   | yes    | ret_V_408      | mul | fabric | 0       |
|    mul_4s_4ns_8_1_1_U258               | -   | yes    | ret_V_409      | mul | fabric | 0       |
|    mul_4s_4ns_8_1_1_U259               | -   | yes    | ret_V_410      | mul | fabric | 0       |
|    mul_4s_4ns_8_1_1_U260               | -   | yes    | ret_V_411      | mul | fabric | 0       |
|    mul_4s_4ns_8_1_1_U475               | -   | yes    | ret_V_412      | mul | fabric | 0       |
|    mul_4s_4ns_8_1_1_U476               | -   | yes    | ret_V_413      | mul | fabric | 0       |
|    mul_4s_4ns_8_1_1_U477               | -   | yes    | ret_V_414      | mul | fabric | 0       |
|    mul_4s_4ns_8_1_1_U261               | -   | yes    | ret_V_415      | mul | fabric | 0       |
|    add_ln840_408_fu_20283_p2           | -   |        | add_ln840_408  | add | fabric | 0       |
|    add_ln840_409_fu_17443_p2           | -   |        | add_ln840_409  | add | fabric | 0       |
|    add_ln840_411_fu_13142_p2           | -   |        | add_ln840_411  | add | fabric | 0       |
|    add_ln840_412_fu_13148_p2           | -   |        | add_ln840_412  | add | fabric | 0       |
|    add_ln840_413_fu_17455_p2           | -   |        | add_ln840_413  | add | fabric | 0       |
|    add_ln840_414_fu_17465_p2           | -   |        | add_ln840_414  | add | fabric | 0       |
|    mul_4s_4ns_8_1_1_U262               | -   | yes    | ret_V_416      | mul | fabric | 0       |
|    mul_4s_4ns_8_1_1_U263               | -   | yes    | ret_V_417      | mul | fabric | 0       |
|    mul_4s_4ns_8_1_1_U264               | -   | yes    | ret_V_418      | mul | fabric | 0       |
|    mul_4s_4ns_8_1_1_U265               | -   | yes    | ret_V_419      | mul | fabric | 0       |
|    mul_4s_4ns_8_1_1_U478               | -   | yes    | ret_V_420      | mul | fabric | 0       |
|    mul_4s_4ns_8_1_1_U479               | -   | yes    | ret_V_421      | mul | fabric | 0       |
|    mul_4s_4ns_8_1_1_U480               | -   | yes    | ret_V_422      | mul | fabric | 0       |
|    mul_4s_4ns_8_1_1_U266               | -   | yes    | ret_V_423      | mul | fabric | 0       |
|    add_ln840_416_fu_20310_p2           | -   |        | add_ln840_416  | add | fabric | 0       |
|    add_ln840_417_fu_17509_p2           | -   |        | add_ln840_417  | add | fabric | 0       |
|    add_ln840_419_fu_13215_p2           | -   |        | add_ln840_419  | add | fabric | 0       |
|    add_ln840_420_fu_13221_p2           | -   |        | add_ln840_420  | add | fabric | 0       |
|    add_ln840_421_fu_17521_p2           | -   |        | add_ln840_421  | add | fabric | 0       |
|    add_ln840_422_fu_17531_p2           | -   |        | add_ln840_422  | add | fabric | 0       |
|    mul_4s_4ns_8_1_1_U267               | -   | yes    | ret_V_424      | mul | fabric | 0       |
|    mul_4s_4ns_8_1_1_U268               | -   | yes    | ret_V_425      | mul | fabric | 0       |
|    mul_4s_4ns_8_1_1_U269               | -   | yes    | ret_V_426      | mul | fabric | 0       |
|    mul_4s_4ns_8_1_1_U270               | -   | yes    | ret_V_427      | mul | fabric | 0       |
|    mul_4s_4ns_8_1_1_U481               | -   | yes    | ret_V_428      | mul | fabric | 0       |
|    mul_4s_4ns_8_1_1_U482               | -   | yes    | ret_V_429      | mul | fabric | 0       |
|    mul_4s_4ns_8_1_1_U483               | -   | yes    | ret_V_430      | mul | fabric | 0       |
|    mul_4s_4ns_8_1_1_U271               | -   | yes    | ret_V_431      | mul | fabric | 0       |
|    add_ln840_424_fu_20337_p2           | -   |        | add_ln840_424  | add | fabric | 0       |
|    add_ln840_425_fu_17575_p2           | -   |        | add_ln840_425  | add | fabric | 0       |
|    add_ln840_427_fu_13288_p2           | -   |        | add_ln840_427  | add | fabric | 0       |
|    add_ln840_428_fu_13294_p2           | -   |        | add_ln840_428  | add | fabric | 0       |
|    add_ln840_429_fu_17587_p2           | -   |        | add_ln840_429  | add | fabric | 0       |
|    add_ln840_430_fu_17597_p2           | -   |        | add_ln840_430  | add | fabric | 0       |
|    mul_4s_4ns_8_1_1_U272               | -   | yes    | ret_V_432      | mul | fabric | 0       |
|    mul_4s_4ns_8_1_1_U273               | -   | yes    | ret_V_433      | mul | fabric | 0       |
|    mul_4s_4ns_8_1_1_U274               | -   | yes    | ret_V_434      | mul | fabric | 0       |
|    mul_4s_4ns_8_1_1_U275               | -   | yes    | ret_V_435      | mul | fabric | 0       |
|    mul_4s_4ns_8_1_1_U484               | -   | yes    | ret_V_436      | mul | fabric | 0       |
|    mul_4s_4ns_8_1_1_U485               | -   | yes    | ret_V_437      | mul | fabric | 0       |
|    mul_4s_4ns_8_1_1_U486               | -   | yes    | ret_V_438      | mul | fabric | 0       |
|    mul_4s_4ns_8_1_1_U276               | -   | yes    | ret_V_439      | mul | fabric | 0       |
|    add_ln840_432_fu_20364_p2           | -   |        | add_ln840_432  | add | fabric | 0       |
|    add_ln840_433_fu_17641_p2           | -   |        | add_ln840_433  | add | fabric | 0       |
|    add_ln840_435_fu_13361_p2           | -   |        | add_ln840_435  | add | fabric | 0       |
|    add_ln840_436_fu_13367_p2           | -   |        | add_ln840_436  | add | fabric | 0       |
|    add_ln840_437_fu_17653_p2           | -   |        | add_ln840_437  | add | fabric | 0       |
|    add_ln840_438_fu_17663_p2           | -   |        | add_ln840_438  | add | fabric | 0       |
|    mul_4s_4ns_8_1_1_U277               | -   | yes    | ret_V_440      | mul | fabric | 0       |
|    mul_4s_4ns_8_1_1_U278               | -   | yes    | ret_V_441      | mul | fabric | 0       |
|    mul_4s_4ns_8_1_1_U279               | -   | yes    | ret_V_442      | mul | fabric | 0       |
|    mul_4s_4ns_8_1_1_U280               | -   | yes    | ret_V_443      | mul | fabric | 0       |
|    mul_4s_4ns_8_1_1_U487               | -   | yes    | ret_V_444      | mul | fabric | 0       |
|    mul_4s_4ns_8_1_1_U488               | -   | yes    | ret_V_445      | mul | fabric | 0       |
|    mul_4s_4ns_8_1_1_U489               | -   | yes    | ret_V_446      | mul | fabric | 0       |
|    mul_4s_4ns_8_1_1_U281               | -   | yes    | ret_V_447      | mul | fabric | 0       |
|    add_ln840_440_fu_20391_p2           | -   |        | add_ln840_440  | add | fabric | 0       |
|    add_ln840_441_fu_17707_p2           | -   |        | add_ln840_441  | add | fabric | 0       |
|    add_ln840_443_fu_13434_p2           | -   |        | add_ln840_443  | add | fabric | 0       |
|    add_ln840_444_fu_13440_p2           | -   |        | add_ln840_444  | add | fabric | 0       |
|    add_ln840_445_fu_17719_p2           | -   |        | add_ln840_445  | add | fabric | 0       |
|    add_ln840_446_fu_17729_p2           | -   |        | add_ln840_446  | add | fabric | 0       |
|    mul_4s_4ns_8_1_1_U282               | -   | yes    | ret_V_448      | mul | fabric | 0       |
|    mul_4s_4ns_8_1_1_U283               | -   | yes    | ret_V_449      | mul | fabric | 0       |
|    mul_4s_4ns_8_1_1_U284               | -   | yes    | ret_V_450      | mul | fabric | 0       |
|    mul_4s_4ns_8_1_1_U285               | -   | yes    | ret_V_451      | mul | fabric | 0       |
|    mul_4s_4ns_8_1_1_U490               | -   | yes    | ret_V_452      | mul | fabric | 0       |
|    mul_4s_4ns_8_1_1_U491               | -   | yes    | ret_V_453      | mul | fabric | 0       |
|    mul_4s_4ns_8_1_1_U492               | -   | yes    | ret_V_454      | mul | fabric | 0       |
|    mul_4s_4ns_8_1_1_U286               | -   | yes    | ret_V_455      | mul | fabric | 0       |
|    add_ln840_448_fu_20418_p2           | -   |        | add_ln840_448  | add | fabric | 0       |
|    add_ln840_449_fu_17773_p2           | -   |        | add_ln840_449  | add | fabric | 0       |
|    add_ln840_451_fu_13507_p2           | -   |        | add_ln840_451  | add | fabric | 0       |
|    add_ln840_452_fu_13513_p2           | -   |        | add_ln840_452  | add | fabric | 0       |
|    add_ln840_453_fu_17785_p2           | -   |        | add_ln840_453  | add | fabric | 0       |
|    add_ln840_454_fu_17795_p2           | -   |        | add_ln840_454  | add | fabric | 0       |
|    mul_4s_4ns_8_1_1_U287               | -   | yes    | ret_V_456      | mul | fabric | 0       |
|    mul_4s_4ns_8_1_1_U288               | -   | yes    | ret_V_457      | mul | fabric | 0       |
|    mul_4s_4ns_8_1_1_U289               | -   | yes    | ret_V_458      | mul | fabric | 0       |
|    mul_4s_4ns_8_1_1_U290               | -   | yes    | ret_V_459      | mul | fabric | 0       |
|    mul_4s_4ns_8_1_1_U493               | -   | yes    | ret_V_460      | mul | fabric | 0       |
|    mul_4s_4ns_8_1_1_U494               | -   | yes    | ret_V_461      | mul | fabric | 0       |
|    mul_4s_4ns_8_1_1_U495               | -   | yes    | ret_V_462      | mul | fabric | 0       |
|    mul_4s_4ns_8_1_1_U291               | -   | yes    | ret_V_463      | mul | fabric | 0       |
|    add_ln840_456_fu_20445_p2           | -   |        | add_ln840_456  | add | fabric | 0       |
|    add_ln840_457_fu_17839_p2           | -   |        | add_ln840_457  | add | fabric | 0       |
|    add_ln840_459_fu_13580_p2           | -   |        | add_ln840_459  | add | fabric | 0       |
|    add_ln840_460_fu_13586_p2           | -   |        | add_ln840_460  | add | fabric | 0       |
|    add_ln840_461_fu_17851_p2           | -   |        | add_ln840_461  | add | fabric | 0       |
|    add_ln840_462_fu_17861_p2           | -   |        | add_ln840_462  | add | fabric | 0       |
|    mul_4s_4ns_8_1_1_U292               | -   | yes    | ret_V_464      | mul | fabric | 0       |
|    mul_4s_4ns_8_1_1_U293               | -   | yes    | ret_V_465      | mul | fabric | 0       |
|    mul_4s_4ns_8_1_1_U294               | -   | yes    | ret_V_466      | mul | fabric | 0       |
|    mul_4s_4ns_8_1_1_U295               | -   | yes    | ret_V_467      | mul | fabric | 0       |
|    mul_4s_4ns_8_1_1_U496               | -   | yes    | ret_V_468      | mul | fabric | 0       |
|    mul_4s_4ns_8_1_1_U497               | -   | yes    | ret_V_469      | mul | fabric | 0       |
|    mul_4s_4ns_8_1_1_U498               | -   | yes    | ret_V_470      | mul | fabric | 0       |
|    mul_4s_4ns_8_1_1_U296               | -   | yes    | ret_V_471      | mul | fabric | 0       |
|    add_ln840_464_fu_20472_p2           | -   |        | add_ln840_464  | add | fabric | 0       |
|    add_ln840_465_fu_17905_p2           | -   |        | add_ln840_465  | add | fabric | 0       |
|    add_ln840_467_fu_13653_p2           | -   |        | add_ln840_467  | add | fabric | 0       |
|    add_ln840_468_fu_13659_p2           | -   |        | add_ln840_468  | add | fabric | 0       |
|    add_ln840_469_fu_17917_p2           | -   |        | add_ln840_469  | add | fabric | 0       |
|    add_ln840_470_fu_17927_p2           | -   |        | add_ln840_470  | add | fabric | 0       |
|    mul_4s_4ns_8_1_1_U297               | -   | yes    | ret_V_472      | mul | fabric | 0       |
|    mul_4s_4ns_8_1_1_U298               | -   | yes    | ret_V_473      | mul | fabric | 0       |
|    mul_4s_4ns_8_1_1_U299               | -   | yes    | ret_V_474      | mul | fabric | 0       |
|    mul_4s_4ns_8_1_1_U300               | -   | yes    | ret_V_475      | mul | fabric | 0       |
|    mul_4s_4ns_8_1_1_U499               | -   | yes    | ret_V_476      | mul | fabric | 0       |
|    mul_4s_4ns_8_1_1_U500               | -   | yes    | ret_V_477      | mul | fabric | 0       |
|    mul_4s_4ns_8_1_1_U501               | -   | yes    | ret_V_478      | mul | fabric | 0       |
|    mul_4s_4ns_8_1_1_U301               | -   | yes    | ret_V_479      | mul | fabric | 0       |
|    add_ln840_472_fu_20499_p2           | -   |        | add_ln840_472  | add | fabric | 0       |
|    add_ln840_473_fu_17971_p2           | -   |        | add_ln840_473  | add | fabric | 0       |
|    add_ln840_475_fu_13726_p2           | -   |        | add_ln840_475  | add | fabric | 0       |
|    add_ln840_476_fu_13732_p2           | -   |        | add_ln840_476  | add | fabric | 0       |
|    add_ln840_477_fu_17983_p2           | -   |        | add_ln840_477  | add | fabric | 0       |
|    add_ln840_478_fu_17993_p2           | -   |        | add_ln840_478  | add | fabric | 0       |
|    mul_4s_4ns_8_1_1_U302               | -   | yes    | ret_V_480      | mul | fabric | 0       |
|    mul_4s_4ns_8_1_1_U303               | -   | yes    | ret_V_481      | mul | fabric | 0       |
|    mul_4s_4ns_8_1_1_U304               | -   | yes    | ret_V_482      | mul | fabric | 0       |
|    mul_4s_4ns_8_1_1_U305               | -   | yes    | ret_V_483      | mul | fabric | 0       |
|    mul_4s_4ns_8_1_1_U502               | -   | yes    | ret_V_484      | mul | fabric | 0       |
|    mul_4s_4ns_8_1_1_U503               | -   | yes    | ret_V_485      | mul | fabric | 0       |
|    mul_4s_4ns_8_1_1_U504               | -   | yes    | ret_V_486      | mul | fabric | 0       |
|    mul_4s_4ns_8_1_1_U306               | -   | yes    | ret_V_487      | mul | fabric | 0       |
|    add_ln840_480_fu_20526_p2           | -   |        | add_ln840_480  | add | fabric | 0       |
|    add_ln840_481_fu_18037_p2           | -   |        | add_ln840_481  | add | fabric | 0       |
|    add_ln840_483_fu_13799_p2           | -   |        | add_ln840_483  | add | fabric | 0       |
|    add_ln840_484_fu_13805_p2           | -   |        | add_ln840_484  | add | fabric | 0       |
|    add_ln840_485_fu_18049_p2           | -   |        | add_ln840_485  | add | fabric | 0       |
|    add_ln840_486_fu_18059_p2           | -   |        | add_ln840_486  | add | fabric | 0       |
|    mul_4s_4ns_8_1_1_U307               | -   | yes    | ret_V_488      | mul | fabric | 0       |
|    mul_4s_4ns_8_1_1_U308               | -   | yes    | ret_V_489      | mul | fabric | 0       |
|    mul_4s_4ns_8_1_1_U309               | -   | yes    | ret_V_490      | mul | fabric | 0       |
|    mul_4s_4ns_8_1_1_U310               | -   | yes    | ret_V_491      | mul | fabric | 0       |
|    mul_4s_4ns_8_1_1_U505               | -   | yes    | ret_V_492      | mul | fabric | 0       |
|    mul_4s_4ns_8_1_1_U506               | -   | yes    | ret_V_493      | mul | fabric | 0       |
|    mul_4s_4ns_8_1_1_U507               | -   | yes    | ret_V_494      | mul | fabric | 0       |
|    mul_4s_4ns_8_1_1_U311               | -   | yes    | ret_V_495      | mul | fabric | 0       |
|    add_ln840_488_fu_20553_p2           | -   |        | add_ln840_488  | add | fabric | 0       |
|    add_ln840_489_fu_18103_p2           | -   |        | add_ln840_489  | add | fabric | 0       |
|    add_ln840_491_fu_13872_p2           | -   |        | add_ln840_491  | add | fabric | 0       |
|    add_ln840_492_fu_13878_p2           | -   |        | add_ln840_492  | add | fabric | 0       |
|    add_ln840_493_fu_18115_p2           | -   |        | add_ln840_493  | add | fabric | 0       |
|    add_ln840_494_fu_18125_p2           | -   |        | add_ln840_494  | add | fabric | 0       |
|    mul_4s_4ns_8_1_1_U312               | -   | yes    | ret_V_496      | mul | fabric | 0       |
|    mul_4s_4ns_8_1_1_U313               | -   | yes    | ret_V_497      | mul | fabric | 0       |
|    mul_4s_4ns_8_1_1_U314               | -   | yes    | ret_V_498      | mul | fabric | 0       |
|    mul_4s_4ns_8_1_1_U315               | -   | yes    | ret_V_499      | mul | fabric | 0       |
|    mul_4s_4ns_8_1_1_U508               | -   | yes    | ret_V_500      | mul | fabric | 0       |
|    mul_4s_4ns_8_1_1_U509               | -   | yes    | ret_V_501      | mul | fabric | 0       |
|    mul_4s_4ns_8_1_1_U510               | -   | yes    | ret_V_502      | mul | fabric | 0       |
|    mul_4s_4ns_8_1_1_U316               | -   | yes    | ret_V_503      | mul | fabric | 0       |
|    add_ln840_496_fu_20580_p2           | -   |        | add_ln840_496  | add | fabric | 0       |
|    add_ln840_497_fu_18169_p2           | -   |        | add_ln840_497  | add | fabric | 0       |
|    add_ln840_499_fu_13945_p2           | -   |        | add_ln840_499  | add | fabric | 0       |
|    add_ln840_500_fu_13951_p2           | -   |        | add_ln840_500  | add | fabric | 0       |
|    add_ln840_501_fu_18181_p2           | -   |        | add_ln840_501  | add | fabric | 0       |
|    add_ln840_502_fu_18191_p2           | -   |        | add_ln840_502  | add | fabric | 0       |
|    mul_4s_4ns_8_1_1_U317               | -   | yes    | ret_V_504      | mul | fabric | 0       |
|    mul_4s_4ns_8_1_1_U318               | -   | yes    | ret_V_505      | mul | fabric | 0       |
|    mul_4s_4ns_8_1_1_U319               | -   | yes    | ret_V_506      | mul | fabric | 0       |
|    mul_4s_4ns_8_1_1_U320               | -   | yes    | ret_V_507      | mul | fabric | 0       |
|    mul_4s_4ns_8_1_1_U511               | -   | yes    | ret_V_508      | mul | fabric | 0       |
|    mul_4s_4ns_8_1_1_U512               | -   | yes    | ret_V_509      | mul | fabric | 0       |
|    mul_4s_4ns_8_1_1_U513               | -   | yes    | ret_V_510      | mul | fabric | 0       |
|    mul_4s_4ns_8_1_1_U321               | -   | yes    | ret_V_511      | mul | fabric | 0       |
|    add_ln840_504_fu_20607_p2           | -   |        | add_ln840_504  | add | fabric | 0       |
|    add_ln840_505_fu_18235_p2           | -   |        | add_ln840_505  | add | fabric | 0       |
|    add_ln840_507_fu_14018_p2           | -   |        | add_ln840_507  | add | fabric | 0       |
|    add_ln840_508_fu_14024_p2           | -   |        | add_ln840_508  | add | fabric | 0       |
|    add_ln840_509_fu_18247_p2           | -   |        | add_ln840_509  | add | fabric | 0       |
|    add_ln840_510_fu_18257_p2           | -   |        | add_ln840_510  | add | fabric | 0       |
|    sf_2_fu_9212_p2                     | -   |        | sf_2           | add | fabric | 0       |
|    add_ln840_514_fu_21112_p2           | -   |        | add_ln840_514  | add | fabric | 0       |
|    add_ln840_515_fu_21122_p2           | -   |        | add_ln840_515  | add | fabric | 0       |
|    add_ln840_518_fu_21144_p2           | -   |        | add_ln840_518  | add | fabric | 0       |
|    add_ln840_519_fu_21154_p2           | -   |        | add_ln840_519  | add | fabric | 0       |
|    add_ln840_520_fu_21164_p2           | -   |        | add_ln840_520  | add | fabric | 0       |
|    add_ln840_521_fu_21170_p2           | -   |        | add_ln840_521  | add | fabric | 0       |
|    add_ln840_522_fu_21180_p2           | -   |        | add_ln840_522  | add | fabric | 0       |
|    add_ln840_523_fu_21190_p2           | -   |        | add_ln840_523  | add | fabric | 0       |
|    add_ln840_528_fu_21357_p2           | -   |        | add_ln840_528  | add | fabric | 0       |
|    add_ln840_529_fu_21367_p2           | -   |        | add_ln840_529  | add | fabric | 0       |
|    add_ln840_532_fu_21389_p2           | -   |        | add_ln840_532  | add | fabric | 0       |
|    add_ln840_533_fu_21399_p2           | -   |        | add_ln840_533  | add | fabric | 0       |
|    add_ln840_534_fu_21409_p2           | -   |        | add_ln840_534  | add | fabric | 0       |
|    add_ln840_535_fu_21415_p2           | -   |        | add_ln840_535  | add | fabric | 0       |
|    add_ln840_536_fu_21425_p2           | -   |        | add_ln840_536  | add | fabric | 0       |
|    add_ln840_537_fu_21435_p2           | -   |        | add_ln840_537  | add | fabric | 0       |
|    add_ln840_542_fu_21602_p2           | -   |        | add_ln840_542  | add | fabric | 0       |
|    add_ln840_543_fu_21612_p2           | -   |        | add_ln840_543  | add | fabric | 0       |
|    add_ln840_546_fu_21634_p2           | -   |        | add_ln840_546  | add | fabric | 0       |
|    add_ln840_547_fu_21644_p2           | -   |        | add_ln840_547  | add | fabric | 0       |
|    add_ln840_548_fu_21654_p2           | -   |        | add_ln840_548  | add | fabric | 0       |
|    add_ln840_549_fu_21660_p2           | -   |        | add_ln840_549  | add | fabric | 0       |
|    add_ln840_550_fu_21670_p2           | -   |        | add_ln840_550  | add | fabric | 0       |
|    add_ln840_551_fu_21680_p2           | -   |        | add_ln840_551  | add | fabric | 0       |
|    add_ln840_556_fu_21847_p2           | -   |        | add_ln840_556  | add | fabric | 0       |
|    add_ln840_557_fu_21857_p2           | -   |        | add_ln840_557  | add | fabric | 0       |
|    add_ln840_560_fu_21879_p2           | -   |        | add_ln840_560  | add | fabric | 0       |
|    add_ln840_561_fu_21889_p2           | -   |        | add_ln840_561  | add | fabric | 0       |
|    add_ln840_562_fu_21899_p2           | -   |        | add_ln840_562  | add | fabric | 0       |
|    add_ln840_563_fu_21905_p2           | -   |        | add_ln840_563  | add | fabric | 0       |
|    add_ln840_564_fu_21915_p2           | -   |        | add_ln840_564  | add | fabric | 0       |
|    add_ln840_565_fu_21925_p2           | -   |        | add_ln840_565  | add | fabric | 0       |
|    add_ln840_570_fu_22092_p2           | -   |        | add_ln840_570  | add | fabric | 0       |
|    add_ln840_571_fu_22102_p2           | -   |        | add_ln840_571  | add | fabric | 0       |
|    add_ln840_574_fu_22124_p2           | -   |        | add_ln840_574  | add | fabric | 0       |
|    add_ln840_575_fu_22134_p2           | -   |        | add_ln840_575  | add | fabric | 0       |
|    add_ln840_576_fu_22144_p2           | -   |        | add_ln840_576  | add | fabric | 0       |
|    add_ln840_577_fu_22150_p2           | -   |        | add_ln840_577  | add | fabric | 0       |
|    add_ln840_578_fu_22160_p2           | -   |        | add_ln840_578  | add | fabric | 0       |
|    add_ln840_579_fu_22170_p2           | -   |        | add_ln840_579  | add | fabric | 0       |
|    add_ln840_584_fu_22337_p2           | -   |        | add_ln840_584  | add | fabric | 0       |
|    add_ln840_585_fu_22347_p2           | -   |        | add_ln840_585  | add | fabric | 0       |
|    add_ln840_588_fu_22369_p2           | -   |        | add_ln840_588  | add | fabric | 0       |
|    add_ln840_589_fu_22379_p2           | -   |        | add_ln840_589  | add | fabric | 0       |
|    add_ln840_590_fu_22389_p2           | -   |        | add_ln840_590  | add | fabric | 0       |
|    add_ln840_591_fu_22395_p2           | -   |        | add_ln840_591  | add | fabric | 0       |
|    add_ln840_592_fu_22405_p2           | -   |        | add_ln840_592  | add | fabric | 0       |
|    add_ln840_593_fu_22415_p2           | -   |        | add_ln840_593  | add | fabric | 0       |
|    add_ln840_598_fu_22582_p2           | -   |        | add_ln840_598  | add | fabric | 0       |
|    add_ln840_599_fu_22592_p2           | -   |        | add_ln840_599  | add | fabric | 0       |
|    add_ln840_602_fu_22614_p2           | -   |        | add_ln840_602  | add | fabric | 0       |
|    add_ln840_603_fu_22624_p2           | -   |        | add_ln840_603  | add | fabric | 0       |
|    add_ln840_604_fu_22634_p2           | -   |        | add_ln840_604  | add | fabric | 0       |
|    add_ln840_605_fu_22640_p2           | -   |        | add_ln840_605  | add | fabric | 0       |
|    add_ln840_606_fu_22650_p2           | -   |        | add_ln840_606  | add | fabric | 0       |
|    add_ln840_607_fu_22660_p2           | -   |        | add_ln840_607  | add | fabric | 0       |
|    add_ln840_612_fu_22827_p2           | -   |        | add_ln840_612  | add | fabric | 0       |
|    add_ln840_613_fu_22837_p2           | -   |        | add_ln840_613  | add | fabric | 0       |
|    add_ln840_616_fu_22859_p2           | -   |        | add_ln840_616  | add | fabric | 0       |
|    add_ln840_617_fu_22869_p2           | -   |        | add_ln840_617  | add | fabric | 0       |
|    add_ln840_618_fu_22879_p2           | -   |        | add_ln840_618  | add | fabric | 0       |
|    add_ln840_619_fu_22885_p2           | -   |        | add_ln840_619  | add | fabric | 0       |
|    add_ln840_620_fu_22895_p2           | -   |        | add_ln840_620  | add | fabric | 0       |
|    add_ln840_621_fu_22905_p2           | -   |        | add_ln840_621  | add | fabric | 0       |
|    add_ln840_626_fu_23072_p2           | -   |        | add_ln840_626  | add | fabric | 0       |
|    add_ln840_627_fu_23082_p2           | -   |        | add_ln840_627  | add | fabric | 0       |
|    add_ln840_630_fu_23104_p2           | -   |        | add_ln840_630  | add | fabric | 0       |
|    add_ln840_631_fu_23114_p2           | -   |        | add_ln840_631  | add | fabric | 0       |
|    add_ln840_632_fu_23124_p2           | -   |        | add_ln840_632  | add | fabric | 0       |
|    add_ln840_633_fu_23130_p2           | -   |        | add_ln840_633  | add | fabric | 0       |
|    add_ln840_634_fu_23140_p2           | -   |        | add_ln840_634  | add | fabric | 0       |
|    add_ln840_635_fu_23150_p2           | -   |        | add_ln840_635  | add | fabric | 0       |
|    add_ln840_640_fu_23317_p2           | -   |        | add_ln840_640  | add | fabric | 0       |
|    add_ln840_641_fu_23327_p2           | -   |        | add_ln840_641  | add | fabric | 0       |
|    add_ln840_644_fu_23349_p2           | -   |        | add_ln840_644  | add | fabric | 0       |
|    add_ln840_645_fu_23359_p2           | -   |        | add_ln840_645  | add | fabric | 0       |
|    add_ln840_646_fu_23369_p2           | -   |        | add_ln840_646  | add | fabric | 0       |
|    add_ln840_647_fu_23375_p2           | -   |        | add_ln840_647  | add | fabric | 0       |
|    add_ln840_648_fu_23385_p2           | -   |        | add_ln840_648  | add | fabric | 0       |
|    add_ln840_649_fu_23395_p2           | -   |        | add_ln840_649  | add | fabric | 0       |
|    add_ln840_654_fu_23562_p2           | -   |        | add_ln840_654  | add | fabric | 0       |
|    add_ln840_655_fu_23572_p2           | -   |        | add_ln840_655  | add | fabric | 0       |
|    add_ln840_658_fu_23594_p2           | -   |        | add_ln840_658  | add | fabric | 0       |
|    add_ln840_659_fu_23604_p2           | -   |        | add_ln840_659  | add | fabric | 0       |
|    add_ln840_660_fu_23614_p2           | -   |        | add_ln840_660  | add | fabric | 0       |
|    add_ln840_661_fu_23620_p2           | -   |        | add_ln840_661  | add | fabric | 0       |
|    add_ln840_662_fu_23630_p2           | -   |        | add_ln840_662  | add | fabric | 0       |
|    add_ln840_663_fu_23640_p2           | -   |        | add_ln840_663  | add | fabric | 0       |
|    add_ln840_668_fu_23807_p2           | -   |        | add_ln840_668  | add | fabric | 0       |
|    add_ln840_669_fu_23817_p2           | -   |        | add_ln840_669  | add | fabric | 0       |
|    add_ln840_672_fu_23839_p2           | -   |        | add_ln840_672  | add | fabric | 0       |
|    add_ln840_673_fu_23849_p2           | -   |        | add_ln840_673  | add | fabric | 0       |
|    add_ln840_674_fu_23859_p2           | -   |        | add_ln840_674  | add | fabric | 0       |
|    add_ln840_675_fu_23865_p2           | -   |        | add_ln840_675  | add | fabric | 0       |
|    add_ln840_676_fu_23875_p2           | -   |        | add_ln840_676  | add | fabric | 0       |
|    add_ln840_677_fu_23885_p2           | -   |        | add_ln840_677  | add | fabric | 0       |
|    add_ln840_682_fu_24052_p2           | -   |        | add_ln840_682  | add | fabric | 0       |
|    add_ln840_683_fu_24062_p2           | -   |        | add_ln840_683  | add | fabric | 0       |
|    add_ln840_686_fu_24084_p2           | -   |        | add_ln840_686  | add | fabric | 0       |
|    add_ln840_687_fu_24094_p2           | -   |        | add_ln840_687  | add | fabric | 0       |
|    add_ln840_688_fu_24104_p2           | -   |        | add_ln840_688  | add | fabric | 0       |
|    add_ln840_689_fu_24110_p2           | -   |        | add_ln840_689  | add | fabric | 0       |
|    add_ln840_690_fu_24120_p2           | -   |        | add_ln840_690  | add | fabric | 0       |
|    add_ln840_691_fu_24130_p2           | -   |        | add_ln840_691  | add | fabric | 0       |
|    add_ln840_696_fu_24297_p2           | -   |        | add_ln840_696  | add | fabric | 0       |
|    add_ln840_697_fu_24307_p2           | -   |        | add_ln840_697  | add | fabric | 0       |
|    add_ln840_700_fu_24329_p2           | -   |        | add_ln840_700  | add | fabric | 0       |
|    add_ln840_701_fu_24339_p2           | -   |        | add_ln840_701  | add | fabric | 0       |
|    add_ln840_702_fu_24349_p2           | -   |        | add_ln840_702  | add | fabric | 0       |
|    add_ln840_703_fu_24355_p2           | -   |        | add_ln840_703  | add | fabric | 0       |
|    add_ln840_704_fu_24365_p2           | -   |        | add_ln840_704  | add | fabric | 0       |
|    add_ln840_705_fu_24375_p2           | -   |        | add_ln840_705  | add | fabric | 0       |
|    add_ln840_710_fu_24542_p2           | -   |        | add_ln840_710  | add | fabric | 0       |
|    add_ln840_711_fu_24552_p2           | -   |        | add_ln840_711  | add | fabric | 0       |
|    add_ln840_714_fu_24574_p2           | -   |        | add_ln840_714  | add | fabric | 0       |
|    add_ln840_715_fu_24584_p2           | -   |        | add_ln840_715  | add | fabric | 0       |
|    add_ln840_716_fu_24594_p2           | -   |        | add_ln840_716  | add | fabric | 0       |
|    add_ln840_717_fu_24600_p2           | -   |        | add_ln840_717  | add | fabric | 0       |
|    add_ln840_718_fu_24610_p2           | -   |        | add_ln840_718  | add | fabric | 0       |
|    add_ln840_719_fu_24620_p2           | -   |        | add_ln840_719  | add | fabric | 0       |
|    add_ln840_724_fu_24787_p2           | -   |        | add_ln840_724  | add | fabric | 0       |
|    add_ln840_725_fu_24797_p2           | -   |        | add_ln840_725  | add | fabric | 0       |
|    add_ln840_728_fu_24819_p2           | -   |        | add_ln840_728  | add | fabric | 0       |
|    add_ln840_729_fu_24829_p2           | -   |        | add_ln840_729  | add | fabric | 0       |
|    add_ln840_730_fu_24839_p2           | -   |        | add_ln840_730  | add | fabric | 0       |
|    add_ln840_731_fu_24845_p2           | -   |        | add_ln840_731  | add | fabric | 0       |
|    add_ln840_732_fu_24855_p2           | -   |        | add_ln840_732  | add | fabric | 0       |
|    add_ln840_733_fu_24865_p2           | -   |        | add_ln840_733  | add | fabric | 0       |
|    add_ln840_738_fu_25032_p2           | -   |        | add_ln840_738  | add | fabric | 0       |
|    add_ln840_739_fu_25042_p2           | -   |        | add_ln840_739  | add | fabric | 0       |
|    add_ln840_742_fu_25064_p2           | -   |        | add_ln840_742  | add | fabric | 0       |
|    add_ln840_743_fu_25074_p2           | -   |        | add_ln840_743  | add | fabric | 0       |
|    add_ln840_744_fu_25084_p2           | -   |        | add_ln840_744  | add | fabric | 0       |
|    add_ln840_745_fu_25090_p2           | -   |        | add_ln840_745  | add | fabric | 0       |
|    add_ln840_746_fu_25100_p2           | -   |        | add_ln840_746  | add | fabric | 0       |
|    add_ln840_747_fu_25110_p2           | -   |        | add_ln840_747  | add | fabric | 0       |
|    add_ln840_752_fu_25277_p2           | -   |        | add_ln840_752  | add | fabric | 0       |
|    add_ln840_753_fu_25287_p2           | -   |        | add_ln840_753  | add | fabric | 0       |
|    add_ln840_756_fu_25309_p2           | -   |        | add_ln840_756  | add | fabric | 0       |
|    add_ln840_757_fu_25319_p2           | -   |        | add_ln840_757  | add | fabric | 0       |
|    add_ln840_758_fu_25329_p2           | -   |        | add_ln840_758  | add | fabric | 0       |
|    add_ln840_759_fu_25335_p2           | -   |        | add_ln840_759  | add | fabric | 0       |
|    add_ln840_760_fu_25345_p2           | -   |        | add_ln840_760  | add | fabric | 0       |
|    add_ln840_761_fu_25355_p2           | -   |        | add_ln840_761  | add | fabric | 0       |
|    add_ln840_766_fu_25522_p2           | -   |        | add_ln840_766  | add | fabric | 0       |
|    add_ln840_767_fu_25532_p2           | -   |        | add_ln840_767  | add | fabric | 0       |
|    add_ln840_770_fu_25554_p2           | -   |        | add_ln840_770  | add | fabric | 0       |
|    add_ln840_771_fu_25564_p2           | -   |        | add_ln840_771  | add | fabric | 0       |
|    add_ln840_772_fu_25574_p2           | -   |        | add_ln840_772  | add | fabric | 0       |
|    add_ln840_773_fu_25580_p2           | -   |        | add_ln840_773  | add | fabric | 0       |
|    add_ln840_774_fu_25590_p2           | -   |        | add_ln840_774  | add | fabric | 0       |
|    add_ln840_775_fu_25600_p2           | -   |        | add_ln840_775  | add | fabric | 0       |
|    add_ln840_780_fu_25767_p2           | -   |        | add_ln840_780  | add | fabric | 0       |
|    add_ln840_781_fu_25777_p2           | -   |        | add_ln840_781  | add | fabric | 0       |
|    add_ln840_784_fu_25799_p2           | -   |        | add_ln840_784  | add | fabric | 0       |
|    add_ln840_785_fu_25809_p2           | -   |        | add_ln840_785  | add | fabric | 0       |
|    add_ln840_786_fu_25819_p2           | -   |        | add_ln840_786  | add | fabric | 0       |
|    add_ln840_787_fu_25825_p2           | -   |        | add_ln840_787  | add | fabric | 0       |
|    add_ln840_788_fu_25835_p2           | -   |        | add_ln840_788  | add | fabric | 0       |
|    add_ln840_789_fu_25845_p2           | -   |        | add_ln840_789  | add | fabric | 0       |
|    add_ln840_794_fu_26012_p2           | -   |        | add_ln840_794  | add | fabric | 0       |
|    add_ln840_795_fu_26022_p2           | -   |        | add_ln840_795  | add | fabric | 0       |
|    add_ln840_798_fu_26044_p2           | -   |        | add_ln840_798  | add | fabric | 0       |
|    add_ln840_799_fu_26054_p2           | -   |        | add_ln840_799  | add | fabric | 0       |
|    add_ln840_800_fu_26064_p2           | -   |        | add_ln840_800  | add | fabric | 0       |
|    add_ln840_801_fu_26070_p2           | -   |        | add_ln840_801  | add | fabric | 0       |
|    add_ln840_802_fu_26080_p2           | -   |        | add_ln840_802  | add | fabric | 0       |
|    add_ln840_803_fu_26090_p2           | -   |        | add_ln840_803  | add | fabric | 0       |
|    add_ln840_808_fu_26257_p2           | -   |        | add_ln840_808  | add | fabric | 0       |
|    add_ln840_809_fu_26267_p2           | -   |        | add_ln840_809  | add | fabric | 0       |
|    add_ln840_812_fu_26289_p2           | -   |        | add_ln840_812  | add | fabric | 0       |
|    add_ln840_813_fu_26299_p2           | -   |        | add_ln840_813  | add | fabric | 0       |
|    add_ln840_814_fu_26309_p2           | -   |        | add_ln840_814  | add | fabric | 0       |
|    add_ln840_815_fu_26315_p2           | -   |        | add_ln840_815  | add | fabric | 0       |
|    add_ln840_816_fu_26325_p2           | -   |        | add_ln840_816  | add | fabric | 0       |
|    add_ln840_817_fu_26335_p2           | -   |        | add_ln840_817  | add | fabric | 0       |
|    add_ln840_822_fu_26502_p2           | -   |        | add_ln840_822  | add | fabric | 0       |
|    add_ln840_823_fu_26512_p2           | -   |        | add_ln840_823  | add | fabric | 0       |
|    add_ln840_826_fu_26534_p2           | -   |        | add_ln840_826  | add | fabric | 0       |
|    add_ln840_827_fu_26544_p2           | -   |        | add_ln840_827  | add | fabric | 0       |
|    add_ln840_828_fu_26554_p2           | -   |        | add_ln840_828  | add | fabric | 0       |
|    add_ln840_829_fu_26560_p2           | -   |        | add_ln840_829  | add | fabric | 0       |
|    add_ln840_830_fu_26570_p2           | -   |        | add_ln840_830  | add | fabric | 0       |
|    add_ln840_831_fu_26580_p2           | -   |        | add_ln840_831  | add | fabric | 0       |
|    add_ln840_836_fu_26747_p2           | -   |        | add_ln840_836  | add | fabric | 0       |
|    add_ln840_837_fu_26757_p2           | -   |        | add_ln840_837  | add | fabric | 0       |
|    add_ln840_840_fu_26779_p2           | -   |        | add_ln840_840  | add | fabric | 0       |
|    add_ln840_841_fu_26789_p2           | -   |        | add_ln840_841  | add | fabric | 0       |
|    add_ln840_842_fu_26799_p2           | -   |        | add_ln840_842  | add | fabric | 0       |
|    add_ln840_843_fu_26805_p2           | -   |        | add_ln840_843  | add | fabric | 0       |
|    add_ln840_844_fu_26815_p2           | -   |        | add_ln840_844  | add | fabric | 0       |
|    add_ln840_845_fu_26825_p2           | -   |        | add_ln840_845  | add | fabric | 0       |
|    add_ln840_850_fu_26992_p2           | -   |        | add_ln840_850  | add | fabric | 0       |
|    add_ln840_851_fu_27002_p2           | -   |        | add_ln840_851  | add | fabric | 0       |
|    add_ln840_854_fu_27024_p2           | -   |        | add_ln840_854  | add | fabric | 0       |
|    add_ln840_855_fu_27034_p2           | -   |        | add_ln840_855  | add | fabric | 0       |
|    add_ln840_856_fu_27044_p2           | -   |        | add_ln840_856  | add | fabric | 0       |
|    add_ln840_857_fu_27050_p2           | -   |        | add_ln840_857  | add | fabric | 0       |
|    add_ln840_858_fu_27060_p2           | -   |        | add_ln840_858  | add | fabric | 0       |
|    add_ln840_859_fu_27070_p2           | -   |        | add_ln840_859  | add | fabric | 0       |
|    add_ln840_864_fu_27237_p2           | -   |        | add_ln840_864  | add | fabric | 0       |
|    add_ln840_865_fu_27247_p2           | -   |        | add_ln840_865  | add | fabric | 0       |
|    add_ln840_868_fu_27269_p2           | -   |        | add_ln840_868  | add | fabric | 0       |
|    add_ln840_869_fu_27279_p2           | -   |        | add_ln840_869  | add | fabric | 0       |
|    add_ln840_870_fu_27289_p2           | -   |        | add_ln840_870  | add | fabric | 0       |
|    add_ln840_871_fu_27295_p2           | -   |        | add_ln840_871  | add | fabric | 0       |
|    add_ln840_872_fu_27305_p2           | -   |        | add_ln840_872  | add | fabric | 0       |
|    add_ln840_873_fu_27315_p2           | -   |        | add_ln840_873  | add | fabric | 0       |
|    add_ln840_878_fu_27482_p2           | -   |        | add_ln840_878  | add | fabric | 0       |
|    add_ln840_879_fu_27492_p2           | -   |        | add_ln840_879  | add | fabric | 0       |
|    add_ln840_882_fu_27514_p2           | -   |        | add_ln840_882  | add | fabric | 0       |
|    add_ln840_883_fu_27524_p2           | -   |        | add_ln840_883  | add | fabric | 0       |
|    add_ln840_884_fu_27534_p2           | -   |        | add_ln840_884  | add | fabric | 0       |
|    add_ln840_885_fu_27540_p2           | -   |        | add_ln840_885  | add | fabric | 0       |
|    add_ln840_886_fu_27550_p2           | -   |        | add_ln840_886  | add | fabric | 0       |
|    add_ln840_887_fu_27560_p2           | -   |        | add_ln840_887  | add | fabric | 0       |
|    add_ln840_892_fu_27727_p2           | -   |        | add_ln840_892  | add | fabric | 0       |
|    add_ln840_893_fu_27737_p2           | -   |        | add_ln840_893  | add | fabric | 0       |
|    add_ln840_896_fu_27759_p2           | -   |        | add_ln840_896  | add | fabric | 0       |
|    add_ln840_897_fu_27769_p2           | -   |        | add_ln840_897  | add | fabric | 0       |
|    add_ln840_898_fu_27779_p2           | -   |        | add_ln840_898  | add | fabric | 0       |
|    add_ln840_899_fu_27785_p2           | -   |        | add_ln840_899  | add | fabric | 0       |
|    add_ln840_900_fu_27795_p2           | -   |        | add_ln840_900  | add | fabric | 0       |
|    add_ln840_901_fu_27805_p2           | -   |        | add_ln840_901  | add | fabric | 0       |
|    add_ln840_906_fu_27972_p2           | -   |        | add_ln840_906  | add | fabric | 0       |
|    add_ln840_907_fu_27982_p2           | -   |        | add_ln840_907  | add | fabric | 0       |
|    add_ln840_910_fu_28004_p2           | -   |        | add_ln840_910  | add | fabric | 0       |
|    add_ln840_911_fu_28014_p2           | -   |        | add_ln840_911  | add | fabric | 0       |
|    add_ln840_912_fu_28024_p2           | -   |        | add_ln840_912  | add | fabric | 0       |
|    add_ln840_913_fu_28030_p2           | -   |        | add_ln840_913  | add | fabric | 0       |
|    add_ln840_914_fu_28040_p2           | -   |        | add_ln840_914  | add | fabric | 0       |
|    add_ln840_915_fu_28050_p2           | -   |        | add_ln840_915  | add | fabric | 0       |
|    add_ln840_920_fu_28217_p2           | -   |        | add_ln840_920  | add | fabric | 0       |
|    add_ln840_921_fu_28227_p2           | -   |        | add_ln840_921  | add | fabric | 0       |
|    add_ln840_924_fu_28249_p2           | -   |        | add_ln840_924  | add | fabric | 0       |
|    add_ln840_925_fu_28259_p2           | -   |        | add_ln840_925  | add | fabric | 0       |
|    add_ln840_926_fu_28269_p2           | -   |        | add_ln840_926  | add | fabric | 0       |
|    add_ln840_927_fu_28275_p2           | -   |        | add_ln840_927  | add | fabric | 0       |
|    add_ln840_928_fu_28285_p2           | -   |        | add_ln840_928  | add | fabric | 0       |
|    add_ln840_929_fu_28295_p2           | -   |        | add_ln840_929  | add | fabric | 0       |
|    add_ln840_934_fu_28462_p2           | -   |        | add_ln840_934  | add | fabric | 0       |
|    add_ln840_935_fu_28472_p2           | -   |        | add_ln840_935  | add | fabric | 0       |
|    add_ln840_938_fu_28494_p2           | -   |        | add_ln840_938  | add | fabric | 0       |
|    add_ln840_939_fu_28504_p2           | -   |        | add_ln840_939  | add | fabric | 0       |
|    add_ln840_940_fu_28514_p2           | -   |        | add_ln840_940  | add | fabric | 0       |
|    add_ln840_941_fu_28520_p2           | -   |        | add_ln840_941  | add | fabric | 0       |
|    add_ln840_942_fu_28530_p2           | -   |        | add_ln840_942  | add | fabric | 0       |
|    add_ln840_943_fu_28540_p2           | -   |        | add_ln840_943  | add | fabric | 0       |
|    add_ln840_948_fu_28707_p2           | -   |        | add_ln840_948  | add | fabric | 0       |
|    add_ln840_949_fu_28717_p2           | -   |        | add_ln840_949  | add | fabric | 0       |
|    add_ln840_952_fu_28739_p2           | -   |        | add_ln840_952  | add | fabric | 0       |
|    add_ln840_953_fu_28749_p2           | -   |        | add_ln840_953  | add | fabric | 0       |
|    add_ln840_954_fu_28759_p2           | -   |        | add_ln840_954  | add | fabric | 0       |
|    add_ln840_955_fu_28765_p2           | -   |        | add_ln840_955  | add | fabric | 0       |
|    add_ln840_956_fu_28775_p2           | -   |        | add_ln840_956  | add | fabric | 0       |
|    add_ln840_957_fu_28785_p2           | -   |        | add_ln840_957  | add | fabric | 0       |
|    add_ln840_962_fu_28952_p2           | -   |        | add_ln840_962  | add | fabric | 0       |
|    add_ln840_963_fu_28962_p2           | -   |        | add_ln840_963  | add | fabric | 0       |
|    add_ln840_966_fu_28984_p2           | -   |        | add_ln840_966  | add | fabric | 0       |
|    add_ln840_967_fu_28994_p2           | -   |        | add_ln840_967  | add | fabric | 0       |
|    add_ln840_968_fu_29004_p2           | -   |        | add_ln840_968  | add | fabric | 0       |
|    add_ln840_969_fu_29010_p2           | -   |        | add_ln840_969  | add | fabric | 0       |
|    add_ln840_970_fu_29020_p2           | -   |        | add_ln840_970  | add | fabric | 0       |
|    add_ln840_971_fu_29030_p2           | -   |        | add_ln840_971  | add | fabric | 0       |
|    add_ln840_976_fu_29197_p2           | -   |        | add_ln840_976  | add | fabric | 0       |
|    add_ln840_977_fu_29207_p2           | -   |        | add_ln840_977  | add | fabric | 0       |
|    add_ln840_980_fu_29229_p2           | -   |        | add_ln840_980  | add | fabric | 0       |
|    add_ln840_981_fu_29239_p2           | -   |        | add_ln840_981  | add | fabric | 0       |
|    add_ln840_982_fu_29249_p2           | -   |        | add_ln840_982  | add | fabric | 0       |
|    add_ln840_983_fu_29255_p2           | -   |        | add_ln840_983  | add | fabric | 0       |
|    add_ln840_984_fu_29265_p2           | -   |        | add_ln840_984  | add | fabric | 0       |
|    add_ln840_985_fu_29275_p2           | -   |        | add_ln840_985  | add | fabric | 0       |
|    add_ln840_990_fu_29442_p2           | -   |        | add_ln840_990  | add | fabric | 0       |
|    add_ln840_991_fu_29452_p2           | -   |        | add_ln840_991  | add | fabric | 0       |
|    add_ln840_994_fu_29474_p2           | -   |        | add_ln840_994  | add | fabric | 0       |
|    add_ln840_995_fu_29484_p2           | -   |        | add_ln840_995  | add | fabric | 0       |
|    add_ln840_996_fu_29494_p2           | -   |        | add_ln840_996  | add | fabric | 0       |
|    add_ln840_997_fu_29500_p2           | -   |        | add_ln840_997  | add | fabric | 0       |
|    add_ln840_998_fu_29510_p2           | -   |        | add_ln840_998  | add | fabric | 0       |
|    add_ln840_999_fu_29520_p2           | -   |        | add_ln840_999  | add | fabric | 0       |
|    add_ln840_1004_fu_29687_p2          | -   |        | add_ln840_1004 | add | fabric | 0       |
|    add_ln840_1005_fu_29697_p2          | -   |        | add_ln840_1005 | add | fabric | 0       |
|    add_ln840_1008_fu_29719_p2          | -   |        | add_ln840_1008 | add | fabric | 0       |
|    add_ln840_1009_fu_29729_p2          | -   |        | add_ln840_1009 | add | fabric | 0       |
|    add_ln840_1010_fu_29739_p2          | -   |        | add_ln840_1010 | add | fabric | 0       |
|    add_ln840_1011_fu_29745_p2          | -   |        | add_ln840_1011 | add | fabric | 0       |
|    add_ln840_1012_fu_29755_p2          | -   |        | add_ln840_1012 | add | fabric | 0       |
|    add_ln840_1013_fu_29765_p2          | -   |        | add_ln840_1013 | add | fabric | 0       |
|    add_ln840_1018_fu_29932_p2          | -   |        | add_ln840_1018 | add | fabric | 0       |
|    add_ln840_1019_fu_29942_p2          | -   |        | add_ln840_1019 | add | fabric | 0       |
|    add_ln840_1022_fu_29964_p2          | -   |        | add_ln840_1022 | add | fabric | 0       |
|    add_ln840_1023_fu_29974_p2          | -   |        | add_ln840_1023 | add | fabric | 0       |
|    add_ln840_1024_fu_29984_p2          | -   |        | add_ln840_1024 | add | fabric | 0       |
|    add_ln840_1025_fu_29990_p2          | -   |        | add_ln840_1025 | add | fabric | 0       |
|    add_ln840_1026_fu_30000_p2          | -   |        | add_ln840_1026 | add | fabric | 0       |
|    add_ln840_1027_fu_30010_p2          | -   |        | add_ln840_1027 | add | fabric | 0       |
|    add_ln840_1032_fu_30177_p2          | -   |        | add_ln840_1032 | add | fabric | 0       |
|    add_ln840_1033_fu_30187_p2          | -   |        | add_ln840_1033 | add | fabric | 0       |
|    add_ln840_1036_fu_30209_p2          | -   |        | add_ln840_1036 | add | fabric | 0       |
|    add_ln840_1037_fu_30219_p2          | -   |        | add_ln840_1037 | add | fabric | 0       |
|    add_ln840_1038_fu_30229_p2          | -   |        | add_ln840_1038 | add | fabric | 0       |
|    add_ln840_1039_fu_30235_p2          | -   |        | add_ln840_1039 | add | fabric | 0       |
|    add_ln840_1040_fu_30245_p2          | -   |        | add_ln840_1040 | add | fabric | 0       |
|    add_ln840_1041_fu_30255_p2          | -   |        | add_ln840_1041 | add | fabric | 0       |
|    add_ln840_1046_fu_30422_p2          | -   |        | add_ln840_1046 | add | fabric | 0       |
|    add_ln840_1047_fu_30432_p2          | -   |        | add_ln840_1047 | add | fabric | 0       |
|    add_ln840_1050_fu_30454_p2          | -   |        | add_ln840_1050 | add | fabric | 0       |
|    add_ln840_1051_fu_30464_p2          | -   |        | add_ln840_1051 | add | fabric | 0       |
|    add_ln840_1052_fu_30474_p2          | -   |        | add_ln840_1052 | add | fabric | 0       |
|    add_ln840_1053_fu_30480_p2          | -   |        | add_ln840_1053 | add | fabric | 0       |
|    add_ln840_1054_fu_30490_p2          | -   |        | add_ln840_1054 | add | fabric | 0       |
|    add_ln840_1055_fu_30500_p2          | -   |        | add_ln840_1055 | add | fabric | 0       |
|    add_ln840_1060_fu_30667_p2          | -   |        | add_ln840_1060 | add | fabric | 0       |
|    add_ln840_1061_fu_30677_p2          | -   |        | add_ln840_1061 | add | fabric | 0       |
|    add_ln840_1064_fu_30699_p2          | -   |        | add_ln840_1064 | add | fabric | 0       |
|    add_ln840_1065_fu_30709_p2          | -   |        | add_ln840_1065 | add | fabric | 0       |
|    add_ln840_1066_fu_30719_p2          | -   |        | add_ln840_1066 | add | fabric | 0       |
|    add_ln840_1067_fu_30725_p2          | -   |        | add_ln840_1067 | add | fabric | 0       |
|    add_ln840_1068_fu_30735_p2          | -   |        | add_ln840_1068 | add | fabric | 0       |
|    add_ln840_1069_fu_30745_p2          | -   |        | add_ln840_1069 | add | fabric | 0       |
|    add_ln840_1074_fu_30912_p2          | -   |        | add_ln840_1074 | add | fabric | 0       |
|    add_ln840_1075_fu_30922_p2          | -   |        | add_ln840_1075 | add | fabric | 0       |
|    add_ln840_1078_fu_30944_p2          | -   |        | add_ln840_1078 | add | fabric | 0       |
|    add_ln840_1079_fu_30954_p2          | -   |        | add_ln840_1079 | add | fabric | 0       |
|    add_ln840_1080_fu_30964_p2          | -   |        | add_ln840_1080 | add | fabric | 0       |
|    add_ln840_1081_fu_30970_p2          | -   |        | add_ln840_1081 | add | fabric | 0       |
|    add_ln840_1082_fu_30980_p2          | -   |        | add_ln840_1082 | add | fabric | 0       |
|    add_ln840_1083_fu_30990_p2          | -   |        | add_ln840_1083 | add | fabric | 0       |
|    add_ln840_1088_fu_31157_p2          | -   |        | add_ln840_1088 | add | fabric | 0       |
|    add_ln840_1089_fu_31167_p2          | -   |        | add_ln840_1089 | add | fabric | 0       |
|    add_ln840_1092_fu_31189_p2          | -   |        | add_ln840_1092 | add | fabric | 0       |
|    add_ln840_1093_fu_31199_p2          | -   |        | add_ln840_1093 | add | fabric | 0       |
|    add_ln840_1094_fu_31209_p2          | -   |        | add_ln840_1094 | add | fabric | 0       |
|    add_ln840_1095_fu_31215_p2          | -   |        | add_ln840_1095 | add | fabric | 0       |
|    add_ln840_1096_fu_31225_p2          | -   |        | add_ln840_1096 | add | fabric | 0       |
|    add_ln840_1097_fu_31235_p2          | -   |        | add_ln840_1097 | add | fabric | 0       |
|    add_ln840_1102_fu_31402_p2          | -   |        | add_ln840_1102 | add | fabric | 0       |
|    add_ln840_1103_fu_31412_p2          | -   |        | add_ln840_1103 | add | fabric | 0       |
|    add_ln840_1106_fu_31434_p2          | -   |        | add_ln840_1106 | add | fabric | 0       |
|    add_ln840_1107_fu_31444_p2          | -   |        | add_ln840_1107 | add | fabric | 0       |
|    add_ln840_1108_fu_31454_p2          | -   |        | add_ln840_1108 | add | fabric | 0       |
|    add_ln840_1109_fu_31460_p2          | -   |        | add_ln840_1109 | add | fabric | 0       |
|    add_ln840_1110_fu_31470_p2          | -   |        | add_ln840_1110 | add | fabric | 0       |
|    add_ln840_1111_fu_31480_p2          | -   |        | add_ln840_1111 | add | fabric | 0       |
|    add_ln840_1116_fu_31647_p2          | -   |        | add_ln840_1116 | add | fabric | 0       |
|    add_ln840_1117_fu_31657_p2          | -   |        | add_ln840_1117 | add | fabric | 0       |
|    add_ln840_1120_fu_31679_p2          | -   |        | add_ln840_1120 | add | fabric | 0       |
|    add_ln840_1121_fu_31689_p2          | -   |        | add_ln840_1121 | add | fabric | 0       |
|    add_ln840_1122_fu_31699_p2          | -   |        | add_ln840_1122 | add | fabric | 0       |
|    add_ln840_1123_fu_31705_p2          | -   |        | add_ln840_1123 | add | fabric | 0       |
|    add_ln840_1124_fu_31715_p2          | -   |        | add_ln840_1124 | add | fabric | 0       |
|    add_ln840_1125_fu_31725_p2          | -   |        | add_ln840_1125 | add | fabric | 0       |
|    add_ln840_1130_fu_31892_p2          | -   |        | add_ln840_1130 | add | fabric | 0       |
|    add_ln840_1131_fu_31902_p2          | -   |        | add_ln840_1131 | add | fabric | 0       |
|    add_ln840_1134_fu_31924_p2          | -   |        | add_ln840_1134 | add | fabric | 0       |
|    add_ln840_1135_fu_31934_p2          | -   |        | add_ln840_1135 | add | fabric | 0       |
|    add_ln840_1136_fu_31944_p2          | -   |        | add_ln840_1136 | add | fabric | 0       |
|    add_ln840_1137_fu_31950_p2          | -   |        | add_ln840_1137 | add | fabric | 0       |
|    add_ln840_1138_fu_31960_p2          | -   |        | add_ln840_1138 | add | fabric | 0       |
|    add_ln840_1139_fu_31970_p2          | -   |        | add_ln840_1139 | add | fabric | 0       |
|    add_ln840_1144_fu_32137_p2          | -   |        | add_ln840_1144 | add | fabric | 0       |
|    add_ln840_1145_fu_32147_p2          | -   |        | add_ln840_1145 | add | fabric | 0       |
|    add_ln840_1148_fu_32169_p2          | -   |        | add_ln840_1148 | add | fabric | 0       |
|    add_ln840_1149_fu_32179_p2          | -   |        | add_ln840_1149 | add | fabric | 0       |
|    add_ln840_1150_fu_32189_p2          | -   |        | add_ln840_1150 | add | fabric | 0       |
|    add_ln840_1151_fu_32195_p2          | -   |        | add_ln840_1151 | add | fabric | 0       |
|    add_ln840_1152_fu_32205_p2          | -   |        | add_ln840_1152 | add | fabric | 0       |
|    add_ln840_1153_fu_32215_p2          | -   |        | add_ln840_1153 | add | fabric | 0       |
|    add_ln840_1158_fu_32382_p2          | -   |        | add_ln840_1158 | add | fabric | 0       |
|    add_ln840_1159_fu_32392_p2          | -   |        | add_ln840_1159 | add | fabric | 0       |
|    add_ln840_1162_fu_32414_p2          | -   |        | add_ln840_1162 | add | fabric | 0       |
|    add_ln840_1163_fu_32424_p2          | -   |        | add_ln840_1163 | add | fabric | 0       |
|    add_ln840_1164_fu_32434_p2          | -   |        | add_ln840_1164 | add | fabric | 0       |
|    add_ln840_1165_fu_32440_p2          | -   |        | add_ln840_1165 | add | fabric | 0       |
|    add_ln840_1166_fu_32450_p2          | -   |        | add_ln840_1166 | add | fabric | 0       |
|    add_ln840_1167_fu_32460_p2          | -   |        | add_ln840_1167 | add | fabric | 0       |
|    add_ln840_1172_fu_32627_p2          | -   |        | add_ln840_1172 | add | fabric | 0       |
|    add_ln840_1173_fu_32637_p2          | -   |        | add_ln840_1173 | add | fabric | 0       |
|    add_ln840_1176_fu_32659_p2          | -   |        | add_ln840_1176 | add | fabric | 0       |
|    add_ln840_1177_fu_32669_p2          | -   |        | add_ln840_1177 | add | fabric | 0       |
|    add_ln840_1178_fu_32679_p2          | -   |        | add_ln840_1178 | add | fabric | 0       |
|    add_ln840_1179_fu_32685_p2          | -   |        | add_ln840_1179 | add | fabric | 0       |
|    add_ln840_1180_fu_32695_p2          | -   |        | add_ln840_1180 | add | fabric | 0       |
|    add_ln840_1181_fu_32705_p2          | -   |        | add_ln840_1181 | add | fabric | 0       |
|    add_ln840_1186_fu_32872_p2          | -   |        | add_ln840_1186 | add | fabric | 0       |
|    add_ln840_1187_fu_32882_p2          | -   |        | add_ln840_1187 | add | fabric | 0       |
|    add_ln840_1190_fu_32904_p2          | -   |        | add_ln840_1190 | add | fabric | 0       |
|    add_ln840_1191_fu_32914_p2          | -   |        | add_ln840_1191 | add | fabric | 0       |
|    add_ln840_1192_fu_32924_p2          | -   |        | add_ln840_1192 | add | fabric | 0       |
|    add_ln840_1193_fu_32930_p2          | -   |        | add_ln840_1193 | add | fabric | 0       |
|    add_ln840_1194_fu_32940_p2          | -   |        | add_ln840_1194 | add | fabric | 0       |
|    add_ln840_1195_fu_32950_p2          | -   |        | add_ln840_1195 | add | fabric | 0       |
|    add_ln840_1200_fu_33117_p2          | -   |        | add_ln840_1200 | add | fabric | 0       |
|    add_ln840_1201_fu_33127_p2          | -   |        | add_ln840_1201 | add | fabric | 0       |
|    add_ln840_1204_fu_33149_p2          | -   |        | add_ln840_1204 | add | fabric | 0       |
|    add_ln840_1205_fu_33159_p2          | -   |        | add_ln840_1205 | add | fabric | 0       |
|    add_ln840_1206_fu_33169_p2          | -   |        | add_ln840_1206 | add | fabric | 0       |
|    add_ln840_1207_fu_33175_p2          | -   |        | add_ln840_1207 | add | fabric | 0       |
|    add_ln840_1208_fu_33185_p2          | -   |        | add_ln840_1208 | add | fabric | 0       |
|    add_ln840_1209_fu_33195_p2          | -   |        | add_ln840_1209 | add | fabric | 0       |
|    add_ln840_1214_fu_33362_p2          | -   |        | add_ln840_1214 | add | fabric | 0       |
|    add_ln840_1215_fu_33372_p2          | -   |        | add_ln840_1215 | add | fabric | 0       |
|    add_ln840_1218_fu_33394_p2          | -   |        | add_ln840_1218 | add | fabric | 0       |
|    add_ln840_1219_fu_33404_p2          | -   |        | add_ln840_1219 | add | fabric | 0       |
|    add_ln840_1220_fu_33414_p2          | -   |        | add_ln840_1220 | add | fabric | 0       |
|    add_ln840_1221_fu_33420_p2          | -   |        | add_ln840_1221 | add | fabric | 0       |
|    add_ln840_1222_fu_33430_p2          | -   |        | add_ln840_1222 | add | fabric | 0       |
|    add_ln840_1223_fu_33440_p2          | -   |        | add_ln840_1223 | add | fabric | 0       |
|    add_ln840_1228_fu_33607_p2          | -   |        | add_ln840_1228 | add | fabric | 0       |
|    add_ln840_1229_fu_33617_p2          | -   |        | add_ln840_1229 | add | fabric | 0       |
|    add_ln840_1232_fu_33639_p2          | -   |        | add_ln840_1232 | add | fabric | 0       |
|    add_ln840_1233_fu_33649_p2          | -   |        | add_ln840_1233 | add | fabric | 0       |
|    add_ln840_1234_fu_33659_p2          | -   |        | add_ln840_1234 | add | fabric | 0       |
|    add_ln840_1235_fu_33665_p2          | -   |        | add_ln840_1235 | add | fabric | 0       |
|    add_ln840_1236_fu_33675_p2          | -   |        | add_ln840_1236 | add | fabric | 0       |
|    add_ln840_1237_fu_33685_p2          | -   |        | add_ln840_1237 | add | fabric | 0       |
|    add_ln840_1242_fu_33852_p2          | -   |        | add_ln840_1242 | add | fabric | 0       |
|    add_ln840_1243_fu_33862_p2          | -   |        | add_ln840_1243 | add | fabric | 0       |
|    add_ln840_1246_fu_33884_p2          | -   |        | add_ln840_1246 | add | fabric | 0       |
|    add_ln840_1247_fu_33894_p2          | -   |        | add_ln840_1247 | add | fabric | 0       |
|    add_ln840_1248_fu_33904_p2          | -   |        | add_ln840_1248 | add | fabric | 0       |
|    add_ln840_1249_fu_33910_p2          | -   |        | add_ln840_1249 | add | fabric | 0       |
|    add_ln840_1250_fu_33920_p2          | -   |        | add_ln840_1250 | add | fabric | 0       |
|    add_ln840_1251_fu_33930_p2          | -   |        | add_ln840_1251 | add | fabric | 0       |
|    add_ln840_1256_fu_34097_p2          | -   |        | add_ln840_1256 | add | fabric | 0       |
|    add_ln840_1257_fu_34107_p2          | -   |        | add_ln840_1257 | add | fabric | 0       |
|    add_ln840_1260_fu_34129_p2          | -   |        | add_ln840_1260 | add | fabric | 0       |
|    add_ln840_1261_fu_34139_p2          | -   |        | add_ln840_1261 | add | fabric | 0       |
|    add_ln840_1262_fu_34149_p2          | -   |        | add_ln840_1262 | add | fabric | 0       |
|    add_ln840_1263_fu_34155_p2          | -   |        | add_ln840_1263 | add | fabric | 0       |
|    add_ln840_1264_fu_34165_p2          | -   |        | add_ln840_1264 | add | fabric | 0       |
|    add_ln840_1265_fu_34175_p2          | -   |        | add_ln840_1265 | add | fabric | 0       |
|    add_ln840_1270_fu_34342_p2          | -   |        | add_ln840_1270 | add | fabric | 0       |
|    add_ln840_1271_fu_34352_p2          | -   |        | add_ln840_1271 | add | fabric | 0       |
|    add_ln840_1274_fu_34374_p2          | -   |        | add_ln840_1274 | add | fabric | 0       |
|    add_ln840_1275_fu_34384_p2          | -   |        | add_ln840_1275 | add | fabric | 0       |
|    add_ln840_1276_fu_34394_p2          | -   |        | add_ln840_1276 | add | fabric | 0       |
|    add_ln840_1277_fu_34400_p2          | -   |        | add_ln840_1277 | add | fabric | 0       |
|    add_ln840_1278_fu_34410_p2          | -   |        | add_ln840_1278 | add | fabric | 0       |
|    add_ln840_1279_fu_34420_p2          | -   |        | add_ln840_1279 | add | fabric | 0       |
|    add_ln840_1284_fu_34587_p2          | -   |        | add_ln840_1284 | add | fabric | 0       |
|    add_ln840_1285_fu_34597_p2          | -   |        | add_ln840_1285 | add | fabric | 0       |
|    add_ln840_1288_fu_34619_p2          | -   |        | add_ln840_1288 | add | fabric | 0       |
|    add_ln840_1289_fu_34629_p2          | -   |        | add_ln840_1289 | add | fabric | 0       |
|    add_ln840_1290_fu_34639_p2          | -   |        | add_ln840_1290 | add | fabric | 0       |
|    add_ln840_1291_fu_34645_p2          | -   |        | add_ln840_1291 | add | fabric | 0       |
|    add_ln840_1292_fu_34655_p2          | -   |        | add_ln840_1292 | add | fabric | 0       |
|    add_ln840_1293_fu_34665_p2          | -   |        | add_ln840_1293 | add | fabric | 0       |
|    add_ln840_1298_fu_34832_p2          | -   |        | add_ln840_1298 | add | fabric | 0       |
|    add_ln840_1299_fu_34842_p2          | -   |        | add_ln840_1299 | add | fabric | 0       |
|    add_ln840_1302_fu_34864_p2          | -   |        | add_ln840_1302 | add | fabric | 0       |
|    add_ln840_1303_fu_34874_p2          | -   |        | add_ln840_1303 | add | fabric | 0       |
|    add_ln840_1304_fu_34884_p2          | -   |        | add_ln840_1304 | add | fabric | 0       |
|    add_ln840_1305_fu_34890_p2          | -   |        | add_ln840_1305 | add | fabric | 0       |
|    add_ln840_1306_fu_34900_p2          | -   |        | add_ln840_1306 | add | fabric | 0       |
|    add_ln840_1307_fu_34910_p2          | -   |        | add_ln840_1307 | add | fabric | 0       |
|    add_ln840_1312_fu_35077_p2          | -   |        | add_ln840_1312 | add | fabric | 0       |
|    add_ln840_1313_fu_35087_p2          | -   |        | add_ln840_1313 | add | fabric | 0       |
|    add_ln840_1316_fu_35109_p2          | -   |        | add_ln840_1316 | add | fabric | 0       |
|    add_ln840_1317_fu_35119_p2          | -   |        | add_ln840_1317 | add | fabric | 0       |
|    add_ln840_1318_fu_35129_p2          | -   |        | add_ln840_1318 | add | fabric | 0       |
|    add_ln840_1319_fu_35135_p2          | -   |        | add_ln840_1319 | add | fabric | 0       |
|    add_ln840_1320_fu_35145_p2          | -   |        | add_ln840_1320 | add | fabric | 0       |
|    add_ln840_1321_fu_35155_p2          | -   |        | add_ln840_1321 | add | fabric | 0       |
|    add_ln840_1326_fu_35322_p2          | -   |        | add_ln840_1326 | add | fabric | 0       |
|    add_ln840_1327_fu_35332_p2          | -   |        | add_ln840_1327 | add | fabric | 0       |
|    add_ln840_1330_fu_35354_p2          | -   |        | add_ln840_1330 | add | fabric | 0       |
|    add_ln840_1331_fu_35364_p2          | -   |        | add_ln840_1331 | add | fabric | 0       |
|    add_ln840_1332_fu_35374_p2          | -   |        | add_ln840_1332 | add | fabric | 0       |
|    add_ln840_1333_fu_35380_p2          | -   |        | add_ln840_1333 | add | fabric | 0       |
|    add_ln840_1334_fu_35390_p2          | -   |        | add_ln840_1334 | add | fabric | 0       |
|    add_ln840_1335_fu_35400_p2          | -   |        | add_ln840_1335 | add | fabric | 0       |
|    add_ln840_1340_fu_35567_p2          | -   |        | add_ln840_1340 | add | fabric | 0       |
|    add_ln840_1341_fu_35577_p2          | -   |        | add_ln840_1341 | add | fabric | 0       |
|    add_ln840_1344_fu_35599_p2          | -   |        | add_ln840_1344 | add | fabric | 0       |
|    add_ln840_1345_fu_35609_p2          | -   |        | add_ln840_1345 | add | fabric | 0       |
|    add_ln840_1346_fu_35619_p2          | -   |        | add_ln840_1346 | add | fabric | 0       |
|    add_ln840_1347_fu_35625_p2          | -   |        | add_ln840_1347 | add | fabric | 0       |
|    add_ln840_1348_fu_35635_p2          | -   |        | add_ln840_1348 | add | fabric | 0       |
|    add_ln840_1349_fu_35645_p2          | -   |        | add_ln840_1349 | add | fabric | 0       |
|    add_ln840_1354_fu_35812_p2          | -   |        | add_ln840_1354 | add | fabric | 0       |
|    add_ln840_1355_fu_35822_p2          | -   |        | add_ln840_1355 | add | fabric | 0       |
|    add_ln840_1358_fu_35844_p2          | -   |        | add_ln840_1358 | add | fabric | 0       |
|    add_ln840_1359_fu_35854_p2          | -   |        | add_ln840_1359 | add | fabric | 0       |
|    add_ln840_1360_fu_35864_p2          | -   |        | add_ln840_1360 | add | fabric | 0       |
|    add_ln840_1361_fu_35870_p2          | -   |        | add_ln840_1361 | add | fabric | 0       |
|    add_ln840_1362_fu_35880_p2          | -   |        | add_ln840_1362 | add | fabric | 0       |
|    add_ln840_1363_fu_35890_p2          | -   |        | add_ln840_1363 | add | fabric | 0       |
|    add_ln840_1368_fu_36057_p2          | -   |        | add_ln840_1368 | add | fabric | 0       |
|    add_ln840_1369_fu_36067_p2          | -   |        | add_ln840_1369 | add | fabric | 0       |
|    add_ln840_1372_fu_36089_p2          | -   |        | add_ln840_1372 | add | fabric | 0       |
|    add_ln840_1373_fu_36099_p2          | -   |        | add_ln840_1373 | add | fabric | 0       |
|    add_ln840_1374_fu_36109_p2          | -   |        | add_ln840_1374 | add | fabric | 0       |
|    add_ln840_1375_fu_36115_p2          | -   |        | add_ln840_1375 | add | fabric | 0       |
|    add_ln840_1376_fu_36125_p2          | -   |        | add_ln840_1376 | add | fabric | 0       |
|    add_ln840_1377_fu_36135_p2          | -   |        | add_ln840_1377 | add | fabric | 0       |
|    add_ln840_1382_fu_36302_p2          | -   |        | add_ln840_1382 | add | fabric | 0       |
|    add_ln840_1383_fu_36312_p2          | -   |        | add_ln840_1383 | add | fabric | 0       |
|    add_ln840_1386_fu_36334_p2          | -   |        | add_ln840_1386 | add | fabric | 0       |
|    add_ln840_1387_fu_36344_p2          | -   |        | add_ln840_1387 | add | fabric | 0       |
|    add_ln840_1388_fu_36354_p2          | -   |        | add_ln840_1388 | add | fabric | 0       |
|    add_ln840_1389_fu_36360_p2          | -   |        | add_ln840_1389 | add | fabric | 0       |
|    add_ln840_1390_fu_36370_p2          | -   |        | add_ln840_1390 | add | fabric | 0       |
|    add_ln840_1391_fu_36380_p2          | -   |        | add_ln840_1391 | add | fabric | 0       |
|    add_ln840_1396_fu_36547_p2          | -   |        | add_ln840_1396 | add | fabric | 0       |
|    add_ln840_1397_fu_36557_p2          | -   |        | add_ln840_1397 | add | fabric | 0       |
|    add_ln840_1400_fu_36579_p2          | -   |        | add_ln840_1400 | add | fabric | 0       |
|    add_ln840_1401_fu_36589_p2          | -   |        | add_ln840_1401 | add | fabric | 0       |
|    add_ln840_1402_fu_36599_p2          | -   |        | add_ln840_1402 | add | fabric | 0       |
|    add_ln840_1403_fu_36605_p2          | -   |        | add_ln840_1403 | add | fabric | 0       |
|    add_ln840_1404_fu_36615_p2          | -   |        | add_ln840_1404 | add | fabric | 0       |
|    add_ln840_1405_fu_36625_p2          | -   |        | add_ln840_1405 | add | fabric | 0       |
|    nf_fu_9229_p2                       | -   |        | nf             | add | fabric | 0       |
+----------------------------------------+-----+--------+----------------+-----+--------+---------+


================================================================
== Bind Storage Report
================================================================
  No bind storage info in design

================================================================
== Pragma Report
================================================================
* Pragmas with Warnings
+--------+--------------------------+--------------------------------------------------------------------------+------------------------------------------------------------------+
| Type   | Options                  | Location                                                                 | Messages                                                         |
+--------+--------------------------+--------------------------------------------------------------------------+------------------------------------------------------------------+
| stream | depth=8 variable=weights | top_MatrixVectorActivation_1.cpp:35 in matrixvectoractivation_1, weights | The stream pragma on function argument, in 'call' is unsupported |
+--------+--------------------------+--------------------------------------------------------------------------+------------------------------------------------------------------+

* Valid Pragma Syntax
+-----------------+---------------------------------------------------+-----------------------------------------------------------------------------------------------------------------------+
| Type            | Options                                           | Location                                                                                                              |
+-----------------+---------------------------------------------------+-----------------------------------------------------------------------------------------------------------------------+
| inline          |                                                   | ../../../../deps/finn-hlslib/activations.hpp:145 in init                                                              |
| inline          |                                                   | ../../../../deps/finn-hlslib/activations.hpp:163 in activate                                                          |
| inline          |                                                   | ../../../../deps/finn-hlslib/activations.hpp:180 in thresholdactivation<ta, compare>                                  |
| inline          |                                                   | ../../../../deps/finn-hlslib/activations.hpp:185 in activate                                                          |
| inline          |                                                   | ../../../../deps/finn-hlslib/activations.hpp:208 in init                                                              |
| inline          |                                                   | ../../../../deps/finn-hlslib/activations.hpp:214 in activate                                                          |
| unroll          |                                                   | ../../../../deps/finn-hlslib/activations.hpp:217 in activate                                                          |
| inline          |                                                   | ../../../../deps/finn-hlslib/activations.hpp:247 in init                                                              |
| inline          |                                                   | ../../../../deps/finn-hlslib/activations.hpp:252 in activate                                                          |
| pipeline        | style=flp II=1                                    | ../../../../deps/finn-hlslib/activations.hpp:296 in thresholding_batch                                                |
| unroll          |                                                   | ../../../../deps/finn-hlslib/activations.hpp:302 in thresholding_batch                                                |
| array_partition | variable=internal_thr.m_thresholds complete dim=0 | ../../../../deps/finn-hlslib/activations.hpp:352 in thresholding_stream_batch, internal_thr.m_thresholds              |
| pipeline        | style=flp II=1                                    | ../../../../deps/finn-hlslib/activations.hpp:358 in thresholding_stream_batch                                         |
| unroll          |                                                   | ../../../../deps/finn-hlslib/activations.hpp:371 in thresholding_stream_batch                                         |
| unroll          |                                                   | ../../../../deps/finn-hlslib/activations.hpp:376 in thresholding_stream_batch                                         |
| inline          |                                                   | ../../../../deps/finn-hlslib/convlayer.h:113 in convlayer_batch                                                       |
| inline          |                                                   | ../../../../deps/finn-hlslib/convlayer.h:198 in convlayer_batch_tmr                                                   |
| inline          |                                                   | ../../../../deps/finn-hlslib/convlayer.h:284 in convlayer_batch_mmv                                                   |
| pipeline        | style=flp II=1                                    | ../../../../deps/finn-hlslib/dma.h:141 in mem2stream                                                                  |
| pipeline        | style=flp II=1                                    | ../../../../deps/finn-hlslib/dma.h:154 in stream2mem                                                                  |
| pipeline        | style=flp II=1                                    | ../../../../deps/finn-hlslib/dma.h:224 in genparamstream                                                              |
| inline          |                                                   | ../../../../deps/finn-hlslib/interpret.hpp:62 in xnormul                                                              |
| inline          |                                                   | ../../../../deps/finn-hlslib/interpret.hpp:67 in operator*                                                            |
| inline          |                                                   | ../../../../deps/finn-hlslib/interpret.hpp:72 in operator*                                                            |
| inline          |                                                   | ../../../../deps/finn-hlslib/interpret.hpp:80 in binary                                                               |
| inline          |                                                   | ../../../../deps/finn-hlslib/interpret.hpp:89 in operator*                                                            |
| inline          |                                                   | ../../../../deps/finn-hlslib/interpret.hpp:97 in operator*                                                            |
| inline          |                                                   | ../../../../deps/finn-hlslib/interpret.hpp:102 in operator*                                                           |
| inline          |                                                   | ../../../../deps/finn-hlslib/interpret.hpp:116 in operator()                                                          |
| inline          |                                                   | ../../../../deps/finn-hlslib/interpret.hpp:122 in operator()                                                          |
| inline          |                                                   | ../../../../deps/finn-hlslib/interpret.hpp:138 in container<tv>                                                       |
| inline          |                                                   | ../../../../deps/finn-hlslib/interpret.hpp:143 in operator[]                                                          |
| inline          |                                                   | ../../../../deps/finn-hlslib/interpret.hpp:147 in operator[]                                                          |
| inline          |                                                   | ../../../../deps/finn-hlslib/interpret.hpp:151 in operator()                                                          |
| inline          |                                                   | ../../../../deps/finn-hlslib/interpret.hpp:155 in operator const type-parameter-1-0 &                                 |
| inline          |                                                   | ../../../../deps/finn-hlslib/interpret.hpp:163 in operator()                                                          |
| inline          |                                                   | ../../../../deps/finn-hlslib/interpret.hpp:168 in operator()                                                          |
| inline          |                                                   | ../../../../deps/finn-hlslib/interpret.hpp:173 in operator()                                                          |
| inline          |                                                   | ../../../../deps/finn-hlslib/interpret.hpp:204 in container<tv>                                                       |
| inline          |                                                   | ../../../../deps/finn-hlslib/interpret.hpp:207 in container<tv>                                                       |
| inline          |                                                   | ../../../../deps/finn-hlslib/interpret.hpp:211 in operator()                                                          |
| inline          |                                                   | ../../../../deps/finn-hlslib/interpret.hpp:215 in operator()                                                          |
| inline          |                                                   | ../../../../deps/finn-hlslib/interpret.hpp:220 in operator[]                                                          |
| inline          |                                                   | ../../../../deps/finn-hlslib/interpret.hpp:224 in operator const type-parameter-1-0 &                                 |
| inline          |                                                   | ../../../../deps/finn-hlslib/interpret.hpp:232 in operator()                                                          |
| inline          |                                                   | ../../../../deps/finn-hlslib/interpret.hpp:237 in operator()                                                          |
| inline          |                                                   | ../../../../deps/finn-hlslib/interpret.hpp:242 in operator()                                                          |
| inline          |                                                   | ../../../../deps/finn-hlslib/interpret.hpp:261 in container<tv>                                                       |
| inline          |                                                   | ../../../../deps/finn-hlslib/interpret.hpp:264 in container<tv>                                                       |
| inline          |                                                   | ../../../../deps/finn-hlslib/interpret.hpp:267 in container<tv>                                                       |
| inline          |                                                   | ../../../../deps/finn-hlslib/interpret.hpp:271 in operator const type-parameter-1-0 &                                 |
| inline          |                                                   | ../../../../deps/finn-hlslib/interpret.hpp:275 in operator()                                                          |
| inline          |                                                   | ../../../../deps/finn-hlslib/interpret.hpp:279 in operator()                                                          |
| inline          |                                                   | ../../../../deps/finn-hlslib/interpret.hpp:284 in operator[]                                                          |
| inline          |                                                   | ../../../../deps/finn-hlslib/interpret.hpp:292 in operator()                                                          |
| inline          |                                                   | ../../../../deps/finn-hlslib/interpret.hpp:297 in operator()                                                          |
| inline          |                                                   | ../../../../deps/finn-hlslib/interpret.hpp:302 in operator()                                                          |
| inline          |                                                   | ../../../../deps/finn-hlslib/mac.hpp:89 in mul                                                                        |
| inline          |                                                   | ../../../../deps/finn-hlslib/mac.hpp:114 in mul                                                                       |
| bind_op         | variable=res op=mul impl=fabric                   | ../../../../deps/finn-hlslib/mac.hpp:116 in mul, res                                                                  |
| inline          |                                                   | ../../../../deps/finn-hlslib/mac.hpp:140 in mul                                                                       |
| bind_op         | variable=res op=mul impl=dsp                      | ../../../../deps/finn-hlslib/mac.hpp:142 in mul, res                                                                  |
| inline          |                                                   | ../../../../deps/finn-hlslib/mac.hpp:165 in mac                                                                       |
| unroll          |                                                   | ../../../../deps/finn-hlslib/mac.hpp:168 in mac                                                                       |
| inline          |                                                   | ../../../../deps/finn-hlslib/mac.hpp:192 in mac                                                                       |
| unroll          |                                                   | ../../../../deps/finn-hlslib/mac.hpp:195 in mac                                                                       |
| inline          |                                                   | ../../../../deps/finn-hlslib/mac.hpp:202 in mac                                                                       |
| unroll          |                                                   | ../../../../deps/finn-hlslib/maxpool.h:74 in streamingmaxpool                                                         |
| pipeline        | style=flp II=1                                    | ../../../../deps/finn-hlslib/maxpool.h:83 in streamingmaxpool                                                         |
| pipeline        | style=flp II=1                                    | ../../../../deps/finn-hlslib/maxpool.h:91 in streamingmaxpool                                                         |
| array_partition | variable=buf complete dim=2                       | ../../../../deps/finn-hlslib/maxpool.h:146 in streamingmaxpool_precision, buf                                         |
| unroll          |                                                   | ../../../../deps/finn-hlslib/maxpool.h:149 in streamingmaxpool_precision                                              |
| pipeline        | style=flp II=1                                    | ../../../../deps/finn-hlslib/maxpool.h:159 in streamingmaxpool_precision                                              |
| unroll          |                                                   | ../../../../deps/finn-hlslib/maxpool.h:162 in streamingmaxpool_precision                                              |
| unroll          |                                                   | ../../../../deps/finn-hlslib/maxpool.h:176 in streamingmaxpool_precision                                              |
| inline          |                                                   | ../../../../deps/finn-hlslib/maxpool.h:210 in streamingmaxpool_precision_batch                                        |
| array_partition | variable=buf complete dim=2                       | ../../../../deps/finn-hlslib/maxpool.h:255 in streamingmaxpool_precision_1d, buf                                      |
| pipeline        | style=flp II=1                                    | ../../../../deps/finn-hlslib/maxpool.h:258 in streamingmaxpool_precision_1d                                           |
| unroll          |                                                   | ../../../../deps/finn-hlslib/maxpool.h:260 in streamingmaxpool_precision_1d                                           |
| pipeline        | style=flp II=1                                    | ../../../../deps/finn-hlslib/maxpool.h:272 in streamingmaxpool_precision_1d                                           |
| unroll          |                                                   | ../../../../deps/finn-hlslib/maxpool.h:275 in streamingmaxpool_precision_1d                                           |
| pipeline        | style=flp II=1                                    | ../../../../deps/finn-hlslib/maxpool.h:288 in streamingmaxpool_precision_1d                                           |
| unroll          |                                                   | ../../../../deps/finn-hlslib/maxpool.h:290 in streamingmaxpool_precision_1d                                           |
| pipeline        | style=flp II=1                                    | ../../../../deps/finn-hlslib/maxpool.h:302 in streamingmaxpool_precision_1d                                           |
| inline          |                                                   | ../../../../deps/finn-hlslib/maxpool.h:331 in streamingmaxpool_precision_batch_1d                                     |
| pipeline        | style=flp II=1                                    | ../../../../deps/finn-hlslib/maxpool.h:370 in relu_batch                                                              |
| unroll          |                                                   | ../../../../deps/finn-hlslib/maxpool.h:373 in relu_batch                                                              |
| bind_storage    | variable=accumulators type=RAM_2P impl=LUTRAM     | ../../../../deps/finn-hlslib/maxpool.h:415 in accpool_batch, accumulators                                             |
| pipeline        | style=flp II=1                                    | ../../../../deps/finn-hlslib/maxpool.h:421 in accpool_batch                                                           |
| unroll          |                                                   | ../../../../deps/finn-hlslib/maxpool.h:425 in accpool_batch                                                           |
| array_partition | variable=topval complete dim=1                    | ../../../../deps/finn-hlslib/maxpool.h:477 in labelselect_batch, topval                                               |
| array_partition | variable=toplabels complete dim=1                 | ../../../../deps/finn-hlslib/maxpool.h:479 in labelselect_batch, toplabels                                            |
| unroll          |                                                   | ../../../../deps/finn-hlslib/maxpool.h:484 in labelselect_batch                                                       |
| pipeline        | style=flp II=1                                    | ../../../../deps/finn-hlslib/maxpool.h:489 in labelselect_batch                                                       |
| unroll          |                                                   | ../../../../deps/finn-hlslib/maxpool.h:492 in labelselect_batch                                                       |
| unroll          |                                                   | ../../../../deps/finn-hlslib/maxpool.h:501 in labelselect_batch                                                       |
| unroll          |                                                   | ../../../../deps/finn-hlslib/maxpool.h:508 in labelselect_batch                                                       |
| array_partition | variable=accu complete dim=0                      | ../../../../deps/finn-hlslib/maxpool.h:570 in pool_batch, accu                                                        |
| pipeline        | style=flp II=1                                    | ../../../../deps/finn-hlslib/maxpool.h:576 in pool_batch                                                              |
| unroll          |                                                   | ../../../../deps/finn-hlslib/maxpool.h:583 in pool_batch                                                              |
| unroll          |                                                   | ../../../../deps/finn-hlslib/maxpool.h:590 in pool_batch                                                              |
| unroll          |                                                   | ../../../../deps/finn-hlslib/maxpool.h:599 in pool_batch                                                              |
| inline          |                                                   | ../../../../deps/finn-hlslib/mmv.hpp:53 in operator[]                                                                 |
| array_partition | variable=inputBuf complete dim=0                  | ../../../../deps/finn-hlslib/mvau.hpp:110 in matrix_vector_activate_batch, inputBuf                                   |
| array_partition | variable=accu complete dim=0                      | ../../../../deps/finn-hlslib/mvau.hpp:114 in matrix_vector_activate_batch, accu                                       |
| pipeline        | style=flp II=1                                    | ../../../../deps/finn-hlslib/mvau.hpp:124 in matrix_vector_activate_batch                                             |
| unroll          |                                                   | ../../../../deps/finn-hlslib/mvau.hpp:140 in matrix_vector_activate_batch                                             |
| unroll          |                                                   | ../../../../deps/finn-hlslib/mvau.hpp:142 in matrix_vector_activate_batch                                             |
| unroll          |                                                   | ../../../../deps/finn-hlslib/mvau.hpp:151 in matrix_vector_activate_batch                                             |
| unroll          |                                                   | ../../../../deps/finn-hlslib/mvau.hpp:165 in matrix_vector_activate_batch                                             |
| unroll          |                                                   | ../../../../deps/finn-hlslib/mvau.hpp:167 in matrix_vector_activate_batch                                             |
| array_partition | variable=inputBuf complete dim=1                  | ../../../../deps/finn-hlslib/mvau.hpp:232 in matrix_vector_activate_stream_batch, inputBuf                            |
| array_partition | variable=accu complete dim=0                      | ../../../../deps/finn-hlslib/mvau.hpp:235 in matrix_vector_activate_stream_batch, accu                                |
| array_partition | variable=w.m_weights complete dim=0               | ../../../../deps/finn-hlslib/mvau.hpp:238 in matrix_vector_activate_stream_batch, w.m_weights                         |
| pipeline        | style=flp II=1                                    | ../../../../deps/finn-hlslib/mvau.hpp:250 in matrix_vector_activate_stream_batch                                      |
| unroll          |                                                   | ../../../../deps/finn-hlslib/mvau.hpp:267 in matrix_vector_activate_stream_batch                                      |
| unroll          |                                                   | ../../../../deps/finn-hlslib/mvau.hpp:274 in matrix_vector_activate_stream_batch                                      |
| unroll          |                                                   | ../../../../deps/finn-hlslib/mvau.hpp:281 in matrix_vector_activate_stream_batch                                      |
| unroll          |                                                   | ../../../../deps/finn-hlslib/mvau.hpp:294 in matrix_vector_activate_stream_batch                                      |
| bind_storage    | variable=inputBuf type=RAM_2P                     | ../../../../deps/finn-hlslib/slidingwindow.h:74 in memory_resource, inputBuf                                          |
| bind_storage    | variable=inputBuf type=RAM_S2P impl=BRAM          | ../../../../deps/finn-hlslib/slidingwindow.h:95 in memory_resource, inputBuf                                          |
| bind_storage    | variable=inputBuf type=RAM_S2P impl=URAM          | ../../../../deps/finn-hlslib/slidingwindow.h:116 in memory_resource, inputBuf                                         |
| bind_storage    | variable=inputBuf type=RAM_S2P impl=LUTRAM        | ../../../../deps/finn-hlslib/slidingwindow.h:137 in memory_resource, inputBuf                                         |
| array_partition | variable=inputBuf complete dim=1                  | ../../../../deps/finn-hlslib/slidingwindow.h:177 in convolutioninputgenerator, inputBuf                               |
| pipeline        | style=flp II=1                                    | ../../../../deps/finn-hlslib/slidingwindow.h:192 in convolutioninputgenerator                                         |
| dependence      | variable=inputBuf intra false                     | ../../../../deps/finn-hlslib/slidingwindow.h:243 in convolutioninputgenerator, inputBuf                               |
| dependence      | variable=inputBuf inter false                     | ../../../../deps/finn-hlslib/slidingwindow.h:244 in convolutioninputgenerator, inputBuf                               |
| dependence      | variable=current_block_write intra false          | ../../../../deps/finn-hlslib/slidingwindow.h:254 in convolutioninputgenerator, current_block_write                    |
| dependence      | variable=inputBuf inter false                     | ../../../../deps/finn-hlslib/slidingwindow.h:308 in convolutioninputgenerator_mmv, inputBuf                           |
| dependence      | variable=inputBuf intra false                     | ../../../../deps/finn-hlslib/slidingwindow.h:309 in convolutioninputgenerator_mmv, inputBuf                           |
| array_partition | variable=inputBuf complete dim=1                  | ../../../../deps/finn-hlslib/slidingwindow.h:310 in convolutioninputgenerator_mmv, inputBuf                           |
| array_partition | variable=inputBuf complete dim=2                  | ../../../../deps/finn-hlslib/slidingwindow.h:311 in convolutioninputgenerator_mmv, inputBuf                           |
| pipeline        | style=flp II=1                                    | ../../../../deps/finn-hlslib/slidingwindow.h:326 in convolutioninputgenerator_mmv                                     |
| unroll          |                                                   | ../../../../deps/finn-hlslib/slidingwindow.h:333 in convolutioninputgenerator_mmv                                     |
| unroll          |                                                   | ../../../../deps/finn-hlslib/slidingwindow.h:359 in convolutioninputgenerator_mmv                                     |
| unroll          |                                                   | ../../../../deps/finn-hlslib/slidingwindow.h:392 in convolutioninputgenerator_mmv                                     |
| dependence      | variable=inputBuf intra false                     | ../../../../deps/finn-hlslib/slidingwindow.h:394 in convolutioninputgenerator_mmv, inputBuf                           |
| dependence      | variable=inputBuf inter false                     | ../../../../deps/finn-hlslib/slidingwindow.h:395 in convolutioninputgenerator_mmv, inputBuf                           |
| dependence      | variable=current_block_write intra false          | ../../../../deps/finn-hlslib/slidingwindow.h:406 in convolutioninputgenerator_mmv, current_block_write                |
| array_partition | variable=inputBuf complete dim=1                  | ../../../../deps/finn-hlslib/slidingwindow.h:466 in convolutioninputgenerator_kernel_stride, inputBuf                 |
| dependence      | variable=inputBuf inter false                     | ../../../../deps/finn-hlslib/slidingwindow.h:467 in convolutioninputgenerator_kernel_stride, inputBuf                 |
| dependence      | variable=inputBuf intra false                     | ../../../../deps/finn-hlslib/slidingwindow.h:468 in convolutioninputgenerator_kernel_stride, inputBuf                 |
| dependence      | variable=current_block_write intra false          | ../../../../deps/finn-hlslib/slidingwindow.h:476 in convolutioninputgenerator_kernel_stride, current_block_write      |
| pipeline        | style=flp II=1                                    | ../../../../deps/finn-hlslib/slidingwindow.h:479 in convolutioninputgenerator_kernel_stride                           |
| dependence      | variable=inputBuf inter false                     | ../../../../deps/finn-hlslib/slidingwindow.h:544 in convolutioninputgenerator_kernel_stride, inputBuf                 |
| dependence      | variable=inputBuf intra false                     | ../../../../deps/finn-hlslib/slidingwindow.h:545 in convolutioninputgenerator_kernel_stride, inputBuf                 |
| dependence      | variable=current_block_write intra false          | ../../../../deps/finn-hlslib/slidingwindow.h:554 in convolutioninputgenerator_kernel_stride, current_block_write      |
| dependence      | variable=inputBuf inter false                     | ../../../../deps/finn-hlslib/slidingwindow.h:610 in convolutioninputgenerator_kernel_stride_mmv, inputBuf             |
| dependence      | variable=inputBuf intra false                     | ../../../../deps/finn-hlslib/slidingwindow.h:611 in convolutioninputgenerator_kernel_stride_mmv, inputBuf             |
| array_partition | variable=inputBuf complete dim=1                  | ../../../../deps/finn-hlslib/slidingwindow.h:612 in convolutioninputgenerator_kernel_stride_mmv, inputBuf             |
| array_partition | variable=inputBuf complete dim=2                  | ../../../../deps/finn-hlslib/slidingwindow.h:613 in convolutioninputgenerator_kernel_stride_mmv, inputBuf             |
| dependence      | variable=current_block_write intra false          | ../../../../deps/finn-hlslib/slidingwindow.h:628 in convolutioninputgenerator_kernel_stride_mmv, current_block_write  |
| pipeline        | style=flp II=1                                    | ../../../../deps/finn-hlslib/slidingwindow.h:631 in convolutioninputgenerator_kernel_stride_mmv                       |
| unroll          |                                                   | ../../../../deps/finn-hlslib/slidingwindow.h:638 in convolutioninputgenerator_kernel_stride_mmv                       |
| unroll          |                                                   | ../../../../deps/finn-hlslib/slidingwindow.h:672 in convolutioninputgenerator_kernel_stride_mmv                       |
| unroll          |                                                   | ../../../../deps/finn-hlslib/slidingwindow.h:705 in convolutioninputgenerator_kernel_stride_mmv                       |
| dependence      | variable=current_block_write intra false          | ../../../../deps/finn-hlslib/slidingwindow.h:716 in convolutioninputgenerator_kernel_stride_mmv, current_block_write  |
| array_partition | variable=inputBuf complete dim=1                  | ../../../../deps/finn-hlslib/slidingwindow.h:767 in convolutioninputgenerator_dws, inputBuf                           |
| pipeline        | style=flp II=1                                    | ../../../../deps/finn-hlslib/slidingwindow.h:782 in convolutioninputgenerator_dws                                     |
| dependence      | variable=inputBuf intra false                     | ../../../../deps/finn-hlslib/slidingwindow.h:833 in convolutioninputgenerator_dws, inputBuf                           |
| dependence      | variable=inputBuf inter false                     | ../../../../deps/finn-hlslib/slidingwindow.h:834 in convolutioninputgenerator_dws, inputBuf                           |
| dependence      | variable=current_block_write intra false          | ../../../../deps/finn-hlslib/slidingwindow.h:844 in convolutioninputgenerator_dws, current_block_write                |
| array_partition | variable=inputBuf complete dim=1                  | ../../../../deps/finn-hlslib/slidingwindow.h:903 in convolutioninputgenerator_kernel_stride_dws, inputBuf             |
| dependence      | variable=inputBuf inter false                     | ../../../../deps/finn-hlslib/slidingwindow.h:904 in convolutioninputgenerator_kernel_stride_dws, inputBuf             |
| dependence      | variable=inputBuf intra false                     | ../../../../deps/finn-hlslib/slidingwindow.h:905 in convolutioninputgenerator_kernel_stride_dws, inputBuf             |
| pipeline        | style=flp II=1                                    | ../../../../deps/finn-hlslib/slidingwindow.h:915 in convolutioninputgenerator_kernel_stride_dws                       |
| dependence      | variable=current_block_write intra false          | ../../../../deps/finn-hlslib/slidingwindow.h:917 in convolutioninputgenerator_kernel_stride_dws, current_block_write  |
| dependence      | variable=inputBuf inter false                     | ../../../../deps/finn-hlslib/slidingwindow.h:983 in convolutioninputgenerator_kernel_stride_dws, inputBuf             |
| dependence      | variable=inputBuf intra false                     | ../../../../deps/finn-hlslib/slidingwindow.h:984 in convolutioninputgenerator_kernel_stride_dws, inputBuf             |
| dependence      | variable=current_block_write intra false          | ../../../../deps/finn-hlslib/slidingwindow.h:993 in convolutioninputgenerator_kernel_stride_dws, current_block_write  |
| dependence      | variable=inputBuf inter false                     | ../../../../deps/finn-hlslib/slidingwindow.h:1048 in convolutioninputgenerator_dws_mmv, inputBuf                      |
| dependence      | variable=inputBuf intra false                     | ../../../../deps/finn-hlslib/slidingwindow.h:1049 in convolutioninputgenerator_dws_mmv, inputBuf                      |
| array_partition | variable=inputBuf complete dim=1                  | ../../../../deps/finn-hlslib/slidingwindow.h:1050 in convolutioninputgenerator_dws_mmv, inputBuf                      |
| array_partition | variable=inputBuf complete dim=2                  | ../../../../deps/finn-hlslib/slidingwindow.h:1051 in convolutioninputgenerator_dws_mmv, inputBuf                      |
| pipeline        | style=flp II=1                                    | ../../../../deps/finn-hlslib/slidingwindow.h:1066 in convolutioninputgenerator_dws_mmv                                |
| unroll          |                                                   | ../../../../deps/finn-hlslib/slidingwindow.h:1073 in convolutioninputgenerator_dws_mmv                                |
| unroll          |                                                   | ../../../../deps/finn-hlslib/slidingwindow.h:1099 in convolutioninputgenerator_dws_mmv                                |
| unroll          |                                                   | ../../../../deps/finn-hlslib/slidingwindow.h:1132 in convolutioninputgenerator_dws_mmv                                |
| dependence      | variable=inputBuf intra false                     | ../../../../deps/finn-hlslib/slidingwindow.h:1134 in convolutioninputgenerator_dws_mmv, inputBuf                      |
| dependence      | variable=inputBuf inter false                     | ../../../../deps/finn-hlslib/slidingwindow.h:1135 in convolutioninputgenerator_dws_mmv, inputBuf                      |
| dependence      | variable=current_block_write intra false          | ../../../../deps/finn-hlslib/slidingwindow.h:1146 in convolutioninputgenerator_dws_mmv, current_block_write           |
| pipeline        | style=flp II=1                                    | ../../../../deps/finn-hlslib/slidingwindow.h:1199 in convolutioninputgenerator_2d_kernel1                             |
| pipeline        | style=flp II=1                                    | ../../../../deps/finn-hlslib/slidingwindow.h:1243 in convolutioninputgenerator_1d_kernel1                             |
| array_partition | variable=inputBuf complete dim=1                  | ../../../../deps/finn-hlslib/slidingwindow.h:1298 in convolutioninputgenerator_nonsquare, inputBuf                    |
| pipeline        | style=flp II=1                                    | ../../../../deps/finn-hlslib/slidingwindow.h:1313 in convolutioninputgenerator_nonsquare                              |
| dependence      | variable=inputBuf intra false                     | ../../../../deps/finn-hlslib/slidingwindow.h:1364 in convolutioninputgenerator_nonsquare, inputBuf                    |
| dependence      | variable=inputBuf inter false                     | ../../../../deps/finn-hlslib/slidingwindow.h:1365 in convolutioninputgenerator_nonsquare, inputBuf                    |
| dependence      | variable=current_block_write intra false          | ../../../../deps/finn-hlslib/slidingwindow.h:1375 in convolutioninputgenerator_nonsquare, current_block_write         |
| array_partition | variable=inputBuf complete dim=1                  | ../../../../deps/finn-hlslib/slidingwindow.h:1432 in convolutioninputgenerator_nonsquare_dws, inputBuf                |
| pipeline        | style=flp II=1                                    | ../../../../deps/finn-hlslib/slidingwindow.h:1447 in convolutioninputgenerator_nonsquare_dws                          |
| dependence      | variable=inputBuf intra false                     | ../../../../deps/finn-hlslib/slidingwindow.h:1498 in convolutioninputgenerator_nonsquare_dws, inputBuf                |
| dependence      | variable=inputBuf inter false                     | ../../../../deps/finn-hlslib/slidingwindow.h:1499 in convolutioninputgenerator_nonsquare_dws, inputBuf                |
| dependence      | variable=current_block_write intra false          | ../../../../deps/finn-hlslib/slidingwindow.h:1509 in convolutioninputgenerator_nonsquare_dws, current_block_write     |
| array_partition | variable=inputBuf complete dim=1                  | ../../../../deps/finn-hlslib/slidingwindow.h:1573 in convolutioninputgenerator_nonsquare_dilated, inputBuf            |
| pipeline        | style=flp II=1                                    | ../../../../deps/finn-hlslib/slidingwindow.h:1588 in convolutioninputgenerator_nonsquare_dilated                      |
| dependence      | variable=inputBuf intra false                     | ../../../../deps/finn-hlslib/slidingwindow.h:1640 in convolutioninputgenerator_nonsquare_dilated, inputBuf            |
| dependence      | variable=inputBuf inter false                     | ../../../../deps/finn-hlslib/slidingwindow.h:1641 in convolutioninputgenerator_nonsquare_dilated, inputBuf            |
| dependence      | variable=current_block_write intra false          | ../../../../deps/finn-hlslib/slidingwindow.h:1651 in convolutioninputgenerator_nonsquare_dilated, current_block_write |
| array_partition | variable=inputBuf complete                        | ../../../../deps/finn-hlslib/slidingwindow.h:1708 in convolutioninputgenerator_1d_parallel, inputBuf                  |
| pipeline        | style=flp II=1                                    | ../../../../deps/finn-hlslib/slidingwindow.h:1716 in convolutioninputgenerator_1d_parallel                            |
| unroll          |                                                   | ../../../../deps/finn-hlslib/slidingwindow.h:1737 in convolutioninputgenerator_1d_parallel                            |
| dependence      | variable=inputBuf intra false                     | ../../../../deps/finn-hlslib/slidingwindow.h:1758 in convolutioninputgenerator_1d_parallel, inputBuf                  |
| dependence      | variable=inputBuf inter false                     | ../../../../deps/finn-hlslib/slidingwindow.h:1759 in convolutioninputgenerator_1d_parallel, inputBuf                  |
| dependence      | variable=current_block_write intra false          | ../../../../deps/finn-hlslib/slidingwindow.h:1766 in convolutioninputgenerator_1d_parallel, current_block_write       |
| pipeline        | style=flp II=1                                    | ../../../../deps/finn-hlslib/slidingwindow.h:1822 in convolutioninputgenerator_1d_dws_naive                           |
| pipeline        | style=flp II=1                                    | ../../../../deps/finn-hlslib/slidingwindow.h:1906 in convolutioninputgenerator_1d                                     |
| pipeline        | style=flp II=1                                    | ../../../../deps/finn-hlslib/slidingwindow.h:1982 in convolutioninputgenerator_1d_dws                                 |
| pipeline        | style=flp II=1                                    | ../../../../deps/finn-hlslib/slidingwindow.h:2061 in convolutioninputgenerator_1d_dws_stride                          |
| pipeline        | style=flp II=1                                    | ../../../../deps/finn-hlslib/streamtools.h:77 in streamlimiter                                                        |
| pipeline        | style=flp II=1                                    | ../../../../deps/finn-hlslib/streamtools.h:160 in sameresize                                                          |
| pipeline        | style=flp II=1                                    | ../../../../deps/finn-hlslib/streamtools.h:234 in streamingcast                                                       |
| pipeline        | style=flp II=1                                    | ../../../../deps/finn-hlslib/streamtools.h:280 in fmpadding_nonsquare                                                 |
| inline          |                                                   | ../../../../deps/finn-hlslib/streamtools.h:374 in fmpadding                                                           |
| pipeline        | style=flp II=1                                    | ../../../../deps/finn-hlslib/streamtools.h:451 in streamingdatawidthconverter_batch                                   |
| pipeline        | style=flp II=1                                    | ../../../../deps/finn-hlslib/streamtools.h:471 in streamingdatawidthconverter_batch                                   |
| pipeline        | style=flp II=1                                    | ../../../../deps/finn-hlslib/streamtools.h:482 in streamingdatawidthconverter_batch                                   |
| pipeline        | style=flp II=1                                    | ../../../../deps/finn-hlslib/streamtools.h:591 in duplicatestreams                                                    |
| pipeline        | style=flp II=1                                    | ../../../../deps/finn-hlslib/streamtools.h:649 in addstreams                                                          |
| unroll          |                                                   | ../../../../deps/finn-hlslib/streamtools.h:654 in addstreams                                                          |
| inline          |                                                   | ../../../../deps/finn-hlslib/streamtools.h:723 in addstreamslayer_batch                                               |
| pipeline        | style=flp II=1                                    | ../../../../deps/finn-hlslib/streamtools.h:770 in multichandatawidthconverter_batch                                   |
| unroll          |                                                   | ../../../../deps/finn-hlslib/streamtools.h:777 in multichandatawidthconverter_batch                                   |
| pipeline        | style=flp II=1                                    | ../../../../deps/finn-hlslib/streamtools.h:793 in multichandatawidthconverter_batch                                   |
| unroll          |                                                   | ../../../../deps/finn-hlslib/streamtools.h:799 in multichandatawidthconverter_batch                                   |
| pipeline        | style=flp II=1                                    | ../../../../deps/finn-hlslib/streamtools.h:811 in multichandatawidthconverter_batch                                   |
| unroll          |                                                   | ../../../../deps/finn-hlslib/streamtools.h:815 in multichandatawidthconverter_batch                                   |
| pipeline        | style=flp II=1                                    | ../../../../deps/finn-hlslib/streamtools.h:851 in flattenmultichandata                                                |
| unroll          |                                                   | ../../../../deps/finn-hlslib/streamtools.h:855 in flattenmultichandata                                                |
| pipeline        | style=flp II=1                                    | ../../../../deps/finn-hlslib/streamtools.h:882 in packmultichandata                                                   |
| unroll          |                                                   | ../../../../deps/finn-hlslib/streamtools.h:886 in packmultichandata                                                   |
| pipeline        | style=flp II=1                                    | ../../../../deps/finn-hlslib/streamtools.h:975 in qdma2stream_batch                                                   |
| pipeline        | style=flp II=1                                    | ../../../../deps/finn-hlslib/streamtools.h:998 in stream2qdma_batch                                                   |
| array_partition | variable=red_ch_index complete dim=0              | ../../../../deps/finn-hlslib/tmrcheck.hpp:82 in tmrcheck, red_ch_index                                                |
| pipeline        | style=flp II=1                                    | ../../../../deps/finn-hlslib/tmrcheck.hpp:91 in tmrcheck                                                              |
| array_partition | variable=numerrors complete dim=0                 | ../../../../deps/finn-hlslib/tmrcheck.hpp:99 in tmrcheck, numerrors                                                   |
| unroll          |                                                   | ../../../../deps/finn-hlslib/tmrcheck.hpp:103 in tmrcheck                                                             |
| array_partition | variable=compute complete dim=0                   | ../../../../deps/finn-hlslib/tmrcheck.hpp:129 in tmrcheck, compute                                                    |
| unroll          |                                                   | ../../../../deps/finn-hlslib/tmrcheck.hpp:132 in tmrcheck                                                             |
| pipeline        | style=flp II=1                                    | ../../../../deps/finn-hlslib/upsample.hpp:86 in upsamplenearestneighbour                                              |
| pipeline        | II=1 style=flp                                    | ../../../../deps/finn-hlslib/upsample.hpp:175 in upsamplenearestneighbour_1d                                          |
| array_partition | variable=accu complete dim=0                      | ../../../../deps/finn-hlslib/vvau.hpp:103 in vector_vector_activate_batch, accu                                       |
| pipeline        | style=flp II=1                                    | ../../../../deps/finn-hlslib/vvau.hpp:112 in vector_vector_activate_batch                                             |
| unroll          |                                                   | ../../../../deps/finn-hlslib/vvau.hpp:119 in vector_vector_activate_batch                                             |
| unroll          |                                                   | ../../../../deps/finn-hlslib/vvau.hpp:128 in vector_vector_activate_batch                                             |
| unroll          |                                                   | ../../../../deps/finn-hlslib/vvau.hpp:142 in vector_vector_activate_batch                                             |
| unroll          |                                                   | ../../../../deps/finn-hlslib/vvau.hpp:144 in vector_vector_activate_batch                                             |
| array_partition | variable=accu complete dim=0                      | ../../../../deps/finn-hlslib/vvau.hpp:213 in vector_vector_activate_stream_batch, accu                                |
| pipeline        | style=flp II=1                                    | ../../../../deps/finn-hlslib/vvau.hpp:223 in vector_vector_activate_stream_batch                                      |
| unroll          |                                                   | ../../../../deps/finn-hlslib/vvau.hpp:230 in vector_vector_activate_stream_batch                                      |
| array_partition | variable=w.m_weights complete dim=0               | ../../../../deps/finn-hlslib/vvau.hpp:239 in vector_vector_activate_stream_batch, w.m_weights                         |
| unroll          |                                                   | ../../../../deps/finn-hlslib/vvau.hpp:241 in vector_vector_activate_stream_batch                                      |
| unroll          |                                                   | ../../../../deps/finn-hlslib/vvau.hpp:246 in vector_vector_activate_stream_batch                                      |
| unroll          |                                                   | ../../../../deps/finn-hlslib/vvau.hpp:260 in vector_vector_activate_stream_batch                                      |
| unroll          |                                                   | ../../../../deps/finn-hlslib/vvau.hpp:262 in vector_vector_activate_stream_batch                                      |
| inline          |                                                   | ../../../../deps/finn-hlslib/weights.hpp:83 in tileindex                                                              |
| inline          |                                                   | ../../../../deps/finn-hlslib/weights.hpp:88 in operator[]                                                             |
| inline          |                                                   | ../../../../deps/finn-hlslib/weights.hpp:95 in weights                                                                |
| inline          |                                                   | ../../../../deps/finn-hlslib/weights.hpp:127 in tileindex                                                             |
| inline          |                                                   | ../../../../deps/finn-hlslib/weights.hpp:132 in operator[]                                                            |
| unroll          |                                                   | ../../../../deps/finn-hlslib/weights.hpp:135 in operator[]                                                            |
| inline          |                                                   | ../../../../deps/finn-hlslib/weights.hpp:145 in weights                                                               |
| inline          |                                                   | ../../../../deps/finn-hlslib/weights.hpp:157 in operator[]                                                            |
| unroll          |                                                   | ../../../../deps/finn-hlslib/weights.hpp:160 in operator[]                                                            |
| interface       | axis port=in0 name=in0_V                          | top_MatrixVectorActivation_1.cpp:31 in matrixvectoractivation_1, in0                                                  |
| interface       | axis port=out name=out_V                          | top_MatrixVectorActivation_1.cpp:32 in matrixvectoractivation_1, out                                                  |
| interface       | ap_ctrl_none port=return                          | top_MatrixVectorActivation_1.cpp:33 in matrixvectoractivation_1, return                                               |
| interface       | axis port=weights name=weights_V                  | top_MatrixVectorActivation_1.cpp:34 in matrixvectoractivation_1, weights                                              |
| array_partition | variable=threshs.m_thresholds complete dim=1      | top_MatrixVectorActivation_1.cpp:36 in matrixvectoractivation_1, threshs.m_thresholds                                 |
| array_partition | variable=threshs.m_thresholds complete dim=3      | top_MatrixVectorActivation_1.cpp:37 in matrixvectoractivation_1, threshs.m_thresholds                                 |
+-----------------+---------------------------------------------------+-----------------------------------------------------------------------------------------------------------------------+


