Copyright 1986-2023 Xilinx, Inc. All Rights Reserved.
-------------------------------------------------------------------------------------------------------------
| Tool Version : Vivado v.2022.2.2 (lin64) Build 3788238 Tue Feb 21 19:59:23 MST 2023
| Date         : Wed Jul  8 10:45:34 2026
| Host         : finn_dev_miguel_tfg running 64-bit Ubuntu 18.04.5 LTS
| Command      : report_utilization -hierarchical -hierarchical_depth 5 -file finn_design_partition_util.rpt
| Design       : finn_design_wrapper
| Device       : xc7z020clg400-1
| Speed File   : -1
| Design State : Synthesized
-------------------------------------------------------------------------------------------------------------

Utilization Design Information

Table of Contents
-----------------
1. Utilization by Hierarchy

1. Utilization by Hierarchy
---------------------------

+-----------------------------------------------------+---------------------------------------------------------------------------------------------------------------------------+------------+------------+---------+------+-------+--------+--------+------------+
|                       Instance                      |                                                           Module                                                          | Total LUTs | Logic LUTs | LUTRAMs | SRLs |  FFs  | RAMB36 | RAMB18 | DSP Blocks |
+-----------------------------------------------------+---------------------------------------------------------------------------------------------------------------------------+------------+------------+---------+------+-------+--------+--------+------------+
| finn_design_wrapper                                 |                                                                                                                     (top) |      10871 |      10831 |       0 |   40 | 11090 |      5 |    251 |          0 |
|   finn_design_i                                     |                                                                                                               finn_design |      10871 |      10831 |       0 |   40 | 11090 |      5 |    251 |          0 |
|     MatrixVectorActivation_0                        |                                                                                    finn_design_MatrixVectorActivation_0_0 |       5746 |       5746 |       0 |    0 |  7313 |      4 |      0 |          0 |
|       inst                                          |                                                           finn_design_MatrixVectorActivation_0_0_MatrixVectorActivation_0 |       5746 |       5746 |       0 |    0 |  7313 |      4 |      0 |          0 |
|         (inst)                                      |                                                           finn_design_MatrixVectorActivation_0_0_MatrixVectorActivation_0 |          1 |          1 |       0 |    0 |     5 |      0 |      0 |          0 |
|         grp_Matrix_Vector_Activate_Batch_fu_540     |                              finn_design_MatrixVectorActivation_0_0_MatrixVectorActivation_0_Matrix_Vector_Activate_Batch |       5663 |       5663 |       0 |    0 |  7268 |      4 |      0 |          0 |
|           (grp_Matrix_Vector_Activate_Batch_fu_540) |                              finn_design_MatrixVectorActivation_0_0_MatrixVectorActivation_0_Matrix_Vector_Activate_Batch |       1247 |       1247 |       0 |    0 |  5302 |      4 |      0 |          0 |
|           flow_control_loop_pipe_sequential_init_U  |                    finn_design_MatrixVectorActivation_0_0_MatrixVectorActivation_0_flow_control_loop_pipe_sequential_init |        754 |        754 |       0 |    0 |     3 |      0 |      0 |          0 |
|           mul_8s_4s_12_1_1_U2                       |                                          finn_design_MatrixVectorActivation_0_0_MatrixVectorActivation_0_mul_8s_4s_12_1_1 |         28 |         28 |       0 |    0 |     0 |      0 |      0 |          0 |
|           mux_57610_8_1_1_U1                        |                                           finn_design_MatrixVectorActivation_0_0_MatrixVectorActivation_0_mux_57610_8_1_1 |       1232 |       1232 |       0 |    0 |     0 |      0 |      0 |          0 |
|           p_ZL7threshs_0_U                          |   finn_design_MatrixVectorActivation_0_0_MatrixVectorActivation_0_Matrix_Vector_Activate_Batch_p_ZL7threshs_0_ROM_AUTO_1R |         12 |         12 |       0 |    0 |     7 |      0 |      0 |          0 |
|           p_ZL7threshs_100_U                        | finn_design_MatrixVectorActivation_0_0_MatrixVectorActivation_0_Matrix_Vector_Activate_Batch_p_ZL7threshs_100_ROM_AUTO_1R |         11 |         11 |       0 |    0 |     9 |      0 |      0 |          0 |
|           p_ZL7threshs_101_U                        | finn_design_MatrixVectorActivation_0_0_MatrixVectorActivation_0_Matrix_Vector_Activate_Batch_p_ZL7threshs_101_ROM_AUTO_1R |         10 |         10 |       0 |    0 |     9 |      0 |      0 |          0 |
|           p_ZL7threshs_102_U                        | finn_design_MatrixVectorActivation_0_0_MatrixVectorActivation_0_Matrix_Vector_Activate_Batch_p_ZL7threshs_102_ROM_AUTO_1R |         11 |         11 |       0 |    0 |     9 |      0 |      0 |          0 |
|           p_ZL7threshs_103_U                        | finn_design_MatrixVectorActivation_0_0_MatrixVectorActivation_0_Matrix_Vector_Activate_Batch_p_ZL7threshs_103_ROM_AUTO_1R |          8 |          8 |       0 |    0 |     7 |      0 |      0 |          0 |
|           p_ZL7threshs_104_U                        | finn_design_MatrixVectorActivation_0_0_MatrixVectorActivation_0_Matrix_Vector_Activate_Batch_p_ZL7threshs_104_ROM_AUTO_1R |          9 |          9 |       0 |    0 |     7 |      0 |      0 |          0 |
|           p_ZL7threshs_105_U                        | finn_design_MatrixVectorActivation_0_0_MatrixVectorActivation_0_Matrix_Vector_Activate_Batch_p_ZL7threshs_105_ROM_AUTO_1R |          8 |          8 |       0 |    0 |     7 |      0 |      0 |          0 |
|           p_ZL7threshs_106_U                        | finn_design_MatrixVectorActivation_0_0_MatrixVectorActivation_0_Matrix_Vector_Activate_Batch_p_ZL7threshs_106_ROM_AUTO_1R |          9 |          9 |       0 |    0 |     7 |      0 |      0 |          0 |
|           p_ZL7threshs_107_U                        | finn_design_MatrixVectorActivation_0_0_MatrixVectorActivation_0_Matrix_Vector_Activate_Batch_p_ZL7threshs_107_ROM_AUTO_1R |          8 |          8 |       0 |    0 |     7 |      0 |      0 |          0 |
|           p_ZL7threshs_108_U                        | finn_design_MatrixVectorActivation_0_0_MatrixVectorActivation_0_Matrix_Vector_Activate_Batch_p_ZL7threshs_108_ROM_AUTO_1R |          9 |          9 |       0 |    0 |     7 |      0 |      0 |          0 |
|           p_ZL7threshs_109_U                        | finn_design_MatrixVectorActivation_0_0_MatrixVectorActivation_0_Matrix_Vector_Activate_Batch_p_ZL7threshs_109_ROM_AUTO_1R |          9 |          9 |       0 |    0 |     8 |      0 |      0 |          0 |
|           p_ZL7threshs_10_U                         |  finn_design_MatrixVectorActivation_0_0_MatrixVectorActivation_0_Matrix_Vector_Activate_Batch_p_ZL7threshs_10_ROM_AUTO_1R |         13 |         13 |       0 |    0 |     8 |      0 |      0 |          0 |
|           p_ZL7threshs_110_U                        | finn_design_MatrixVectorActivation_0_0_MatrixVectorActivation_0_Matrix_Vector_Activate_Batch_p_ZL7threshs_110_ROM_AUTO_1R |          9 |          9 |       0 |    0 |     8 |      0 |      0 |          0 |
|           p_ZL7threshs_111_U                        | finn_design_MatrixVectorActivation_0_0_MatrixVectorActivation_0_Matrix_Vector_Activate_Batch_p_ZL7threshs_111_ROM_AUTO_1R |          8 |          8 |       0 |    0 |     8 |      0 |      0 |          0 |
|           p_ZL7threshs_112_U                        | finn_design_MatrixVectorActivation_0_0_MatrixVectorActivation_0_Matrix_Vector_Activate_Batch_p_ZL7threshs_112_ROM_AUTO_1R |          9 |          9 |       0 |    0 |     8 |      0 |      0 |          0 |
|           p_ZL7threshs_113_U                        | finn_design_MatrixVectorActivation_0_0_MatrixVectorActivation_0_Matrix_Vector_Activate_Batch_p_ZL7threshs_113_ROM_AUTO_1R |          8 |          8 |       0 |    0 |     8 |      0 |      0 |          0 |
|           p_ZL7threshs_114_U                        | finn_design_MatrixVectorActivation_0_0_MatrixVectorActivation_0_Matrix_Vector_Activate_Batch_p_ZL7threshs_114_ROM_AUTO_1R |          9 |          9 |       0 |    0 |     8 |      0 |      0 |          0 |
|           p_ZL7threshs_115_U                        | finn_design_MatrixVectorActivation_0_0_MatrixVectorActivation_0_Matrix_Vector_Activate_Batch_p_ZL7threshs_115_ROM_AUTO_1R |         10 |         10 |       0 |    0 |     8 |      0 |      0 |          0 |
|           p_ZL7threshs_116_U                        | finn_design_MatrixVectorActivation_0_0_MatrixVectorActivation_0_Matrix_Vector_Activate_Batch_p_ZL7threshs_116_ROM_AUTO_1R |         10 |         10 |       0 |    0 |     8 |      0 |      0 |          0 |
|           p_ZL7threshs_117_U                        | finn_design_MatrixVectorActivation_0_0_MatrixVectorActivation_0_Matrix_Vector_Activate_Batch_p_ZL7threshs_117_ROM_AUTO_1R |          8 |          8 |       0 |    0 |     8 |      0 |      0 |          0 |
|           p_ZL7threshs_118_U                        | finn_design_MatrixVectorActivation_0_0_MatrixVectorActivation_0_Matrix_Vector_Activate_Batch_p_ZL7threshs_118_ROM_AUTO_1R |         10 |         10 |       0 |    0 |     8 |      0 |      0 |          0 |
|           p_ZL7threshs_119_U                        | finn_design_MatrixVectorActivation_0_0_MatrixVectorActivation_0_Matrix_Vector_Activate_Batch_p_ZL7threshs_119_ROM_AUTO_1R |          9 |          9 |       0 |    0 |     8 |      0 |      0 |          0 |
|           p_ZL7threshs_11_U                         |  finn_design_MatrixVectorActivation_0_0_MatrixVectorActivation_0_Matrix_Vector_Activate_Batch_p_ZL7threshs_11_ROM_AUTO_1R |         13 |         13 |       0 |    0 |     8 |      0 |      0 |          0 |
|           p_ZL7threshs_120_U                        | finn_design_MatrixVectorActivation_0_0_MatrixVectorActivation_0_Matrix_Vector_Activate_Batch_p_ZL7threshs_120_ROM_AUTO_1R |         10 |         10 |       0 |    0 |     8 |      0 |      0 |          0 |
|           p_ZL7threshs_121_U                        | finn_design_MatrixVectorActivation_0_0_MatrixVectorActivation_0_Matrix_Vector_Activate_Batch_p_ZL7threshs_121_ROM_AUTO_1R |          9 |          9 |       0 |    0 |     8 |      0 |      0 |          0 |
|           p_ZL7threshs_122_U                        | finn_design_MatrixVectorActivation_0_0_MatrixVectorActivation_0_Matrix_Vector_Activate_Batch_p_ZL7threshs_122_ROM_AUTO_1R |         10 |         10 |       0 |    0 |     8 |      0 |      0 |          0 |
|           p_ZL7threshs_123_U                        | finn_design_MatrixVectorActivation_0_0_MatrixVectorActivation_0_Matrix_Vector_Activate_Batch_p_ZL7threshs_123_ROM_AUTO_1R |          9 |          9 |       0 |    0 |     8 |      0 |      0 |          0 |
|           p_ZL7threshs_124_U                        | finn_design_MatrixVectorActivation_0_0_MatrixVectorActivation_0_Matrix_Vector_Activate_Batch_p_ZL7threshs_124_ROM_AUTO_1R |         10 |         10 |       0 |    0 |     8 |      0 |      0 |          0 |
|           p_ZL7threshs_125_U                        | finn_design_MatrixVectorActivation_0_0_MatrixVectorActivation_0_Matrix_Vector_Activate_Batch_p_ZL7threshs_125_ROM_AUTO_1R |          8 |          8 |       0 |    0 |     7 |      0 |      0 |          0 |
|           p_ZL7threshs_126_U                        | finn_design_MatrixVectorActivation_0_0_MatrixVectorActivation_0_Matrix_Vector_Activate_Batch_p_ZL7threshs_126_ROM_AUTO_1R |          9 |          9 |       0 |    0 |     7 |      0 |      0 |          0 |
|           p_ZL7threshs_127_U                        | finn_design_MatrixVectorActivation_0_0_MatrixVectorActivation_0_Matrix_Vector_Activate_Batch_p_ZL7threshs_127_ROM_AUTO_1R |          8 |          8 |       0 |    0 |     7 |      0 |      0 |          0 |
|           p_ZL7threshs_128_U                        | finn_design_MatrixVectorActivation_0_0_MatrixVectorActivation_0_Matrix_Vector_Activate_Batch_p_ZL7threshs_128_ROM_AUTO_1R |          9 |          9 |       0 |    0 |     7 |      0 |      0 |          0 |
|           p_ZL7threshs_129_U                        | finn_design_MatrixVectorActivation_0_0_MatrixVectorActivation_0_Matrix_Vector_Activate_Batch_p_ZL7threshs_129_ROM_AUTO_1R |          8 |          8 |       0 |    0 |     7 |      0 |      0 |          0 |
|           p_ZL7threshs_12_U                         |  finn_design_MatrixVectorActivation_0_0_MatrixVectorActivation_0_Matrix_Vector_Activate_Batch_p_ZL7threshs_12_ROM_AUTO_1R |         13 |         13 |       0 |    0 |     8 |      0 |      0 |          0 |
|           p_ZL7threshs_130_U                        | finn_design_MatrixVectorActivation_0_0_MatrixVectorActivation_0_Matrix_Vector_Activate_Batch_p_ZL7threshs_130_ROM_AUTO_1R |          9 |          9 |       0 |    0 |     7 |      0 |      0 |          0 |
|           p_ZL7threshs_131_U                        | finn_design_MatrixVectorActivation_0_0_MatrixVectorActivation_0_Matrix_Vector_Activate_Batch_p_ZL7threshs_131_ROM_AUTO_1R |         10 |         10 |       0 |    0 |     9 |      0 |      0 |          0 |
|           p_ZL7threshs_132_U                        | finn_design_MatrixVectorActivation_0_0_MatrixVectorActivation_0_Matrix_Vector_Activate_Batch_p_ZL7threshs_132_ROM_AUTO_1R |         11 |         11 |       0 |    0 |     9 |      0 |      0 |          0 |
|           p_ZL7threshs_133_U                        | finn_design_MatrixVectorActivation_0_0_MatrixVectorActivation_0_Matrix_Vector_Activate_Batch_p_ZL7threshs_133_ROM_AUTO_1R |         11 |         11 |       0 |    0 |     9 |      0 |      0 |          0 |
|           p_ZL7threshs_134_U                        | finn_design_MatrixVectorActivation_0_0_MatrixVectorActivation_0_Matrix_Vector_Activate_Batch_p_ZL7threshs_134_ROM_AUTO_1R |         10 |         10 |       0 |    0 |     8 |      0 |      0 |          0 |
|           p_ZL7threshs_135_U                        | finn_design_MatrixVectorActivation_0_0_MatrixVectorActivation_0_Matrix_Vector_Activate_Batch_p_ZL7threshs_135_ROM_AUTO_1R |          9 |          9 |       0 |    0 |     8 |      0 |      0 |          0 |
|           p_ZL7threshs_136_U                        | finn_design_MatrixVectorActivation_0_0_MatrixVectorActivation_0_Matrix_Vector_Activate_Batch_p_ZL7threshs_136_ROM_AUTO_1R |         10 |         10 |       0 |    0 |     8 |      0 |      0 |          0 |
|           p_ZL7threshs_137_U                        | finn_design_MatrixVectorActivation_0_0_MatrixVectorActivation_0_Matrix_Vector_Activate_Batch_p_ZL7threshs_137_ROM_AUTO_1R |         10 |         10 |       0 |    0 |     8 |      0 |      0 |          0 |
|           p_ZL7threshs_138_U                        | finn_design_MatrixVectorActivation_0_0_MatrixVectorActivation_0_Matrix_Vector_Activate_Batch_p_ZL7threshs_138_ROM_AUTO_1R |         11 |         11 |       0 |    0 |     8 |      0 |      0 |          0 |
|           p_ZL7threshs_139_U                        | finn_design_MatrixVectorActivation_0_0_MatrixVectorActivation_0_Matrix_Vector_Activate_Batch_p_ZL7threshs_139_ROM_AUTO_1R |          9 |          9 |       0 |    0 |     8 |      0 |      0 |          0 |
|           p_ZL7threshs_13_U                         |  finn_design_MatrixVectorActivation_0_0_MatrixVectorActivation_0_Matrix_Vector_Activate_Batch_p_ZL7threshs_13_ROM_AUTO_1R |         13 |         13 |       0 |    0 |     8 |      0 |      0 |          0 |
|           p_ZL7threshs_140_U                        | finn_design_MatrixVectorActivation_0_0_MatrixVectorActivation_0_Matrix_Vector_Activate_Batch_p_ZL7threshs_140_ROM_AUTO_1R |         11 |         11 |       0 |    0 |     8 |      0 |      0 |          0 |
|           p_ZL7threshs_141_U                        | finn_design_MatrixVectorActivation_0_0_MatrixVectorActivation_0_Matrix_Vector_Activate_Batch_p_ZL7threshs_141_ROM_AUTO_1R |         10 |         10 |       0 |    0 |     8 |      0 |      0 |          0 |
|           p_ZL7threshs_142_U                        | finn_design_MatrixVectorActivation_0_0_MatrixVectorActivation_0_Matrix_Vector_Activate_Batch_p_ZL7threshs_142_ROM_AUTO_1R |         11 |         11 |       0 |    0 |     8 |      0 |      0 |          0 |
|           p_ZL7threshs_143_U                        | finn_design_MatrixVectorActivation_0_0_MatrixVectorActivation_0_Matrix_Vector_Activate_Batch_p_ZL7threshs_143_ROM_AUTO_1R |         10 |         10 |       0 |    0 |     9 |      0 |      0 |          0 |
|           p_ZL7threshs_144_U                        | finn_design_MatrixVectorActivation_0_0_MatrixVectorActivation_0_Matrix_Vector_Activate_Batch_p_ZL7threshs_144_ROM_AUTO_1R |         11 |         11 |       0 |    0 |     9 |      0 |      0 |          0 |
|           p_ZL7threshs_145_U                        | finn_design_MatrixVectorActivation_0_0_MatrixVectorActivation_0_Matrix_Vector_Activate_Batch_p_ZL7threshs_145_ROM_AUTO_1R |         10 |         10 |       0 |    0 |     9 |      0 |      0 |          0 |
|           p_ZL7threshs_146_U                        | finn_design_MatrixVectorActivation_0_0_MatrixVectorActivation_0_Matrix_Vector_Activate_Batch_p_ZL7threshs_146_ROM_AUTO_1R |         11 |         11 |       0 |    0 |     9 |      0 |      0 |          0 |
|           p_ZL7threshs_147_U                        | finn_design_MatrixVectorActivation_0_0_MatrixVectorActivation_0_Matrix_Vector_Activate_Batch_p_ZL7threshs_147_ROM_AUTO_1R |         10 |         10 |       0 |    0 |     9 |      0 |      0 |          0 |
|           p_ZL7threshs_148_U                        | finn_design_MatrixVectorActivation_0_0_MatrixVectorActivation_0_Matrix_Vector_Activate_Batch_p_ZL7threshs_148_ROM_AUTO_1R |          9 |          9 |       0 |    0 |     7 |      0 |      0 |          0 |
|           p_ZL7threshs_149_U                        | finn_design_MatrixVectorActivation_0_0_MatrixVectorActivation_0_Matrix_Vector_Activate_Batch_p_ZL7threshs_149_ROM_AUTO_1R |          8 |          8 |       0 |    0 |     7 |      0 |      0 |          0 |
|           p_ZL7threshs_14_U                         |  finn_design_MatrixVectorActivation_0_0_MatrixVectorActivation_0_Matrix_Vector_Activate_Batch_p_ZL7threshs_14_ROM_AUTO_1R |          8 |          8 |       0 |    0 |     7 |      0 |      0 |          0 |
|           p_ZL7threshs_150_U                        | finn_design_MatrixVectorActivation_0_0_MatrixVectorActivation_0_Matrix_Vector_Activate_Batch_p_ZL7threshs_150_ROM_AUTO_1R |          9 |          9 |       0 |    0 |     7 |      0 |      0 |          0 |
|           p_ZL7threshs_151_U                        | finn_design_MatrixVectorActivation_0_0_MatrixVectorActivation_0_Matrix_Vector_Activate_Batch_p_ZL7threshs_151_ROM_AUTO_1R |          8 |          8 |       0 |    0 |     7 |      0 |      0 |          0 |
|           p_ZL7threshs_152_U                        | finn_design_MatrixVectorActivation_0_0_MatrixVectorActivation_0_Matrix_Vector_Activate_Batch_p_ZL7threshs_152_ROM_AUTO_1R |          9 |          9 |       0 |    0 |     7 |      0 |      0 |          0 |
|           p_ZL7threshs_153_U                        | finn_design_MatrixVectorActivation_0_0_MatrixVectorActivation_0_Matrix_Vector_Activate_Batch_p_ZL7threshs_153_ROM_AUTO_1R |          8 |          8 |       0 |    0 |     7 |      0 |      0 |          0 |
|           p_ZL7threshs_154_U                        | finn_design_MatrixVectorActivation_0_0_MatrixVectorActivation_0_Matrix_Vector_Activate_Batch_p_ZL7threshs_154_ROM_AUTO_1R |          9 |          9 |       0 |    0 |     8 |      0 |      0 |          0 |
|           p_ZL7threshs_155_U                        | finn_design_MatrixVectorActivation_0_0_MatrixVectorActivation_0_Matrix_Vector_Activate_Batch_p_ZL7threshs_155_ROM_AUTO_1R |         10 |         10 |       0 |    0 |     8 |      0 |      0 |          0 |
|           p_ZL7threshs_156_U                        | finn_design_MatrixVectorActivation_0_0_MatrixVectorActivation_0_Matrix_Vector_Activate_Batch_p_ZL7threshs_156_ROM_AUTO_1R |          9 |          9 |       0 |    0 |     8 |      0 |      0 |          0 |
|           p_ZL7threshs_157_U                        | finn_design_MatrixVectorActivation_0_0_MatrixVectorActivation_0_Matrix_Vector_Activate_Batch_p_ZL7threshs_157_ROM_AUTO_1R |          8 |          8 |       0 |    0 |     8 |      0 |      0 |          0 |
|           p_ZL7threshs_158_U                        | finn_design_MatrixVectorActivation_0_0_MatrixVectorActivation_0_Matrix_Vector_Activate_Batch_p_ZL7threshs_158_ROM_AUTO_1R |          9 |          9 |       0 |    0 |     8 |      0 |      0 |          0 |
|           p_ZL7threshs_159_U                        | finn_design_MatrixVectorActivation_0_0_MatrixVectorActivation_0_Matrix_Vector_Activate_Batch_p_ZL7threshs_159_ROM_AUTO_1R |          9 |          9 |       0 |    0 |     8 |      0 |      0 |          0 |
|           p_ZL7threshs_15_U                         |  finn_design_MatrixVectorActivation_0_0_MatrixVectorActivation_0_Matrix_Vector_Activate_Batch_p_ZL7threshs_15_ROM_AUTO_1R |          8 |          8 |       0 |    0 |     7 |      0 |      0 |          0 |
|           p_ZL7threshs_160_U                        | finn_design_MatrixVectorActivation_0_0_MatrixVectorActivation_0_Matrix_Vector_Activate_Batch_p_ZL7threshs_160_ROM_AUTO_1R |         10 |         10 |       0 |    0 |     8 |      0 |      0 |          0 |
|           p_ZL7threshs_161_U                        | finn_design_MatrixVectorActivation_0_0_MatrixVectorActivation_0_Matrix_Vector_Activate_Batch_p_ZL7threshs_161_ROM_AUTO_1R |          9 |          9 |       0 |    0 |     8 |      0 |      0 |          0 |
|           p_ZL7threshs_162_U                        | finn_design_MatrixVectorActivation_0_0_MatrixVectorActivation_0_Matrix_Vector_Activate_Batch_p_ZL7threshs_162_ROM_AUTO_1R |         10 |         10 |       0 |    0 |     8 |      0 |      0 |          0 |
|           p_ZL7threshs_163_U                        | finn_design_MatrixVectorActivation_0_0_MatrixVectorActivation_0_Matrix_Vector_Activate_Batch_p_ZL7threshs_163_ROM_AUTO_1R |          9 |          9 |       0 |    0 |     8 |      0 |      0 |          0 |
|           p_ZL7threshs_164_U                        | finn_design_MatrixVectorActivation_0_0_MatrixVectorActivation_0_Matrix_Vector_Activate_Batch_p_ZL7threshs_164_ROM_AUTO_1R |         10 |         10 |       0 |    0 |     8 |      0 |      0 |          0 |
|           p_ZL7threshs_165_U                        | finn_design_MatrixVectorActivation_0_0_MatrixVectorActivation_0_Matrix_Vector_Activate_Batch_p_ZL7threshs_165_ROM_AUTO_1R |          9 |          9 |       0 |    0 |     8 |      0 |      0 |          0 |
|           p_ZL7threshs_166_U                        | finn_design_MatrixVectorActivation_0_0_MatrixVectorActivation_0_Matrix_Vector_Activate_Batch_p_ZL7threshs_166_ROM_AUTO_1R |         10 |         10 |       0 |    0 |     8 |      0 |      0 |          0 |
|           p_ZL7threshs_167_U                        | finn_design_MatrixVectorActivation_0_0_MatrixVectorActivation_0_Matrix_Vector_Activate_Batch_p_ZL7threshs_167_ROM_AUTO_1R |         10 |         10 |       0 |    0 |     8 |      0 |      0 |          0 |
|           p_ZL7threshs_168_U                        | finn_design_MatrixVectorActivation_0_0_MatrixVectorActivation_0_Matrix_Vector_Activate_Batch_p_ZL7threshs_168_ROM_AUTO_1R |         10 |         10 |       0 |    0 |     8 |      0 |      0 |          0 |
|           p_ZL7threshs_169_U                        | finn_design_MatrixVectorActivation_0_0_MatrixVectorActivation_0_Matrix_Vector_Activate_Batch_p_ZL7threshs_169_ROM_AUTO_1R |          8 |          8 |       0 |    0 |     8 |      0 |      0 |          0 |
|           p_ZL7threshs_16_U                         |  finn_design_MatrixVectorActivation_0_0_MatrixVectorActivation_0_Matrix_Vector_Activate_Batch_p_ZL7threshs_16_ROM_AUTO_1R |          8 |          8 |       0 |    0 |     7 |      0 |      0 |          0 |
|           p_ZL7threshs_176_U                        | finn_design_MatrixVectorActivation_0_0_MatrixVectorActivation_0_Matrix_Vector_Activate_Batch_p_ZL7threshs_176_ROM_AUTO_1R |         12 |         12 |       0 |    0 |     9 |      0 |      0 |          0 |
|           p_ZL7threshs_177_U                        | finn_design_MatrixVectorActivation_0_0_MatrixVectorActivation_0_Matrix_Vector_Activate_Batch_p_ZL7threshs_177_ROM_AUTO_1R |         12 |         12 |       0 |    0 |     9 |      0 |      0 |          0 |
|           p_ZL7threshs_178_U                        | finn_design_MatrixVectorActivation_0_0_MatrixVectorActivation_0_Matrix_Vector_Activate_Batch_p_ZL7threshs_178_ROM_AUTO_1R |         12 |         12 |       0 |    0 |     9 |      0 |      0 |          0 |
|           p_ZL7threshs_179_U                        | finn_design_MatrixVectorActivation_0_0_MatrixVectorActivation_0_Matrix_Vector_Activate_Batch_p_ZL7threshs_179_ROM_AUTO_1R |         10 |         10 |       0 |    0 |     8 |      0 |      0 |          0 |
|           p_ZL7threshs_17_U                         |  finn_design_MatrixVectorActivation_0_0_MatrixVectorActivation_0_Matrix_Vector_Activate_Batch_p_ZL7threshs_17_ROM_AUTO_1R |          8 |          8 |       0 |    0 |     7 |      0 |      0 |          0 |
|           p_ZL7threshs_180_U                        | finn_design_MatrixVectorActivation_0_0_MatrixVectorActivation_0_Matrix_Vector_Activate_Batch_p_ZL7threshs_180_ROM_AUTO_1R |         11 |         11 |       0 |    0 |     8 |      0 |      0 |          0 |
|           p_ZL7threshs_181_U                        | finn_design_MatrixVectorActivation_0_0_MatrixVectorActivation_0_Matrix_Vector_Activate_Batch_p_ZL7threshs_181_ROM_AUTO_1R |         11 |         11 |       0 |    0 |     8 |      0 |      0 |          0 |
|           p_ZL7threshs_182_U                        | finn_design_MatrixVectorActivation_0_0_MatrixVectorActivation_0_Matrix_Vector_Activate_Batch_p_ZL7threshs_182_ROM_AUTO_1R |         12 |         12 |       0 |    0 |     8 |      0 |      0 |          0 |
|           p_ZL7threshs_183_U                        | finn_design_MatrixVectorActivation_0_0_MatrixVectorActivation_0_Matrix_Vector_Activate_Batch_p_ZL7threshs_183_ROM_AUTO_1R |         11 |         11 |       0 |    0 |     8 |      0 |      0 |          0 |
|           p_ZL7threshs_184_U                        | finn_design_MatrixVectorActivation_0_0_MatrixVectorActivation_0_Matrix_Vector_Activate_Batch_p_ZL7threshs_184_ROM_AUTO_1R |         11 |         11 |       0 |    0 |     8 |      0 |      0 |          0 |
|           p_ZL7threshs_185_U                        | finn_design_MatrixVectorActivation_0_0_MatrixVectorActivation_0_Matrix_Vector_Activate_Batch_p_ZL7threshs_185_ROM_AUTO_1R |         11 |         11 |       0 |    0 |     8 |      0 |      0 |          0 |
|           p_ZL7threshs_186_U                        | finn_design_MatrixVectorActivation_0_0_MatrixVectorActivation_0_Matrix_Vector_Activate_Batch_p_ZL7threshs_186_ROM_AUTO_1R |         12 |         12 |       0 |    0 |     8 |      0 |      0 |          0 |
|           p_ZL7threshs_187_U                        | finn_design_MatrixVectorActivation_0_0_MatrixVectorActivation_0_Matrix_Vector_Activate_Batch_p_ZL7threshs_187_ROM_AUTO_1R |         11 |         11 |       0 |    0 |     9 |      0 |      0 |          0 |
|           p_ZL7threshs_188_U                        | finn_design_MatrixVectorActivation_0_0_MatrixVectorActivation_0_Matrix_Vector_Activate_Batch_p_ZL7threshs_188_ROM_AUTO_1R |         12 |         12 |       0 |    0 |     9 |      0 |      0 |          0 |
|           p_ZL7threshs_189_U                        | finn_design_MatrixVectorActivation_0_0_MatrixVectorActivation_0_Matrix_Vector_Activate_Batch_p_ZL7threshs_189_ROM_AUTO_1R |         12 |         12 |       0 |    0 |     9 |      0 |      0 |          0 |
|           p_ZL7threshs_18_U                         |  finn_design_MatrixVectorActivation_0_0_MatrixVectorActivation_0_Matrix_Vector_Activate_Batch_p_ZL7threshs_18_ROM_AUTO_1R |          8 |          8 |       0 |    0 |     7 |      0 |      0 |          0 |
|           p_ZL7threshs_190_U                        | finn_design_MatrixVectorActivation_0_0_MatrixVectorActivation_0_Matrix_Vector_Activate_Batch_p_ZL7threshs_190_ROM_AUTO_1R |         12 |         12 |       0 |    0 |     9 |      0 |      0 |          0 |
|           p_ZL7threshs_191_U                        | finn_design_MatrixVectorActivation_0_0_MatrixVectorActivation_0_Matrix_Vector_Activate_Batch_p_ZL7threshs_191_ROM_AUTO_1R |         12 |         12 |       0 |    0 |     9 |      0 |      0 |          0 |
|           p_ZL7threshs_192_U                        | finn_design_MatrixVectorActivation_0_0_MatrixVectorActivation_0_Matrix_Vector_Activate_Batch_p_ZL7threshs_192_ROM_AUTO_1R |          9 |          9 |       0 |    0 |     7 |      0 |      0 |          0 |
|           p_ZL7threshs_193_U                        | finn_design_MatrixVectorActivation_0_0_MatrixVectorActivation_0_Matrix_Vector_Activate_Batch_p_ZL7threshs_193_ROM_AUTO_1R |          8 |          8 |       0 |    0 |     7 |      0 |      0 |          0 |
|           p_ZL7threshs_194_U                        | finn_design_MatrixVectorActivation_0_0_MatrixVectorActivation_0_Matrix_Vector_Activate_Batch_p_ZL7threshs_194_ROM_AUTO_1R |          9 |          9 |       0 |    0 |     7 |      0 |      0 |          0 |
|           p_ZL7threshs_195_U                        | finn_design_MatrixVectorActivation_0_0_MatrixVectorActivation_0_Matrix_Vector_Activate_Batch_p_ZL7threshs_195_ROM_AUTO_1R |          8 |          8 |       0 |    0 |     7 |      0 |      0 |          0 |
|           p_ZL7threshs_196_U                        | finn_design_MatrixVectorActivation_0_0_MatrixVectorActivation_0_Matrix_Vector_Activate_Batch_p_ZL7threshs_196_ROM_AUTO_1R |          9 |          9 |       0 |    0 |     7 |      0 |      0 |          0 |
|           p_ZL7threshs_197_U                        | finn_design_MatrixVectorActivation_0_0_MatrixVectorActivation_0_Matrix_Vector_Activate_Batch_p_ZL7threshs_197_ROM_AUTO_1R |          8 |          8 |       0 |    0 |     7 |      0 |      0 |          0 |
|           p_ZL7threshs_198_U                        | finn_design_MatrixVectorActivation_0_0_MatrixVectorActivation_0_Matrix_Vector_Activate_Batch_p_ZL7threshs_198_ROM_AUTO_1R |         10 |         10 |       0 |    0 |     8 |      0 |      0 |          0 |
|           p_ZL7threshs_199_U                        | finn_design_MatrixVectorActivation_0_0_MatrixVectorActivation_0_Matrix_Vector_Activate_Batch_p_ZL7threshs_199_ROM_AUTO_1R |          8 |          8 |       0 |    0 |     8 |      0 |      0 |          0 |
|           p_ZL7threshs_19_U                         |  finn_design_MatrixVectorActivation_0_0_MatrixVectorActivation_0_Matrix_Vector_Activate_Batch_p_ZL7threshs_19_ROM_AUTO_1R |          8 |          8 |       0 |    0 |     7 |      0 |      0 |          0 |
|           p_ZL7threshs_1_U                          |   finn_design_MatrixVectorActivation_0_0_MatrixVectorActivation_0_Matrix_Vector_Activate_Batch_p_ZL7threshs_1_ROM_AUTO_1R |         12 |         12 |       0 |    0 |     7 |      0 |      0 |          0 |
|           p_ZL7threshs_200_U                        | finn_design_MatrixVectorActivation_0_0_MatrixVectorActivation_0_Matrix_Vector_Activate_Batch_p_ZL7threshs_200_ROM_AUTO_1R |          9 |          9 |       0 |    0 |     8 |      0 |      0 |          0 |
|           p_ZL7threshs_201_U                        | finn_design_MatrixVectorActivation_0_0_MatrixVectorActivation_0_Matrix_Vector_Activate_Batch_p_ZL7threshs_201_ROM_AUTO_1R |          8 |          8 |       0 |    0 |     8 |      0 |      0 |          0 |
|           p_ZL7threshs_202_U                        | finn_design_MatrixVectorActivation_0_0_MatrixVectorActivation_0_Matrix_Vector_Activate_Batch_p_ZL7threshs_202_ROM_AUTO_1R |          9 |          9 |       0 |    0 |     8 |      0 |      0 |          0 |
|           p_ZL7threshs_203_U                        | finn_design_MatrixVectorActivation_0_0_MatrixVectorActivation_0_Matrix_Vector_Activate_Batch_p_ZL7threshs_203_ROM_AUTO_1R |          8 |          8 |       0 |    0 |     8 |      0 |      0 |          0 |
|           p_ZL7threshs_204_U                        | finn_design_MatrixVectorActivation_0_0_MatrixVectorActivation_0_Matrix_Vector_Activate_Batch_p_ZL7threshs_204_ROM_AUTO_1R |         10 |         10 |       0 |    0 |     8 |      0 |      0 |          0 |
|           p_ZL7threshs_205_U                        | finn_design_MatrixVectorActivation_0_0_MatrixVectorActivation_0_Matrix_Vector_Activate_Batch_p_ZL7threshs_205_ROM_AUTO_1R |          9 |          9 |       0 |    0 |     8 |      0 |      0 |          0 |
|           p_ZL7threshs_206_U                        | finn_design_MatrixVectorActivation_0_0_MatrixVectorActivation_0_Matrix_Vector_Activate_Batch_p_ZL7threshs_206_ROM_AUTO_1R |          9 |          9 |       0 |    0 |     8 |      0 |      0 |          0 |
|           p_ZL7threshs_207_U                        | finn_design_MatrixVectorActivation_0_0_MatrixVectorActivation_0_Matrix_Vector_Activate_Batch_p_ZL7threshs_207_ROM_AUTO_1R |          9 |          9 |       0 |    0 |     8 |      0 |      0 |          0 |
|           p_ZL7threshs_208_U                        | finn_design_MatrixVectorActivation_0_0_MatrixVectorActivation_0_Matrix_Vector_Activate_Batch_p_ZL7threshs_208_ROM_AUTO_1R |          9 |          9 |       0 |    0 |     8 |      0 |      0 |          0 |
|           p_ZL7threshs_209_U                        | finn_design_MatrixVectorActivation_0_0_MatrixVectorActivation_0_Matrix_Vector_Activate_Batch_p_ZL7threshs_209_ROM_AUTO_1R |          9 |          9 |       0 |    0 |     8 |      0 |      0 |          0 |
|           p_ZL7threshs_20_U                         |  finn_design_MatrixVectorActivation_0_0_MatrixVectorActivation_0_Matrix_Vector_Activate_Batch_p_ZL7threshs_20_ROM_AUTO_1R |          8 |          8 |       0 |    0 |     8 |      0 |      0 |          0 |
|           p_ZL7threshs_210_U                        | finn_design_MatrixVectorActivation_0_0_MatrixVectorActivation_0_Matrix_Vector_Activate_Batch_p_ZL7threshs_210_ROM_AUTO_1R |         10 |         10 |       0 |    0 |     8 |      0 |      0 |          0 |
|           p_ZL7threshs_211_U                        | finn_design_MatrixVectorActivation_0_0_MatrixVectorActivation_0_Matrix_Vector_Activate_Batch_p_ZL7threshs_211_ROM_AUTO_1R |          9 |          9 |       0 |    0 |     8 |      0 |      0 |          0 |
|           p_ZL7threshs_212_U                        | finn_design_MatrixVectorActivation_0_0_MatrixVectorActivation_0_Matrix_Vector_Activate_Batch_p_ZL7threshs_212_ROM_AUTO_1R |         10 |         10 |       0 |    0 |     8 |      0 |      0 |          0 |
|           p_ZL7threshs_213_U                        | finn_design_MatrixVectorActivation_0_0_MatrixVectorActivation_0_Matrix_Vector_Activate_Batch_p_ZL7threshs_213_ROM_AUTO_1R |          9 |          9 |       0 |    0 |     8 |      0 |      0 |          0 |
|           p_ZL7threshs_214_U                        | finn_design_MatrixVectorActivation_0_0_MatrixVectorActivation_0_Matrix_Vector_Activate_Batch_p_ZL7threshs_214_ROM_AUTO_1R |         10 |         10 |       0 |    0 |     8 |      0 |      0 |          0 |
|           p_ZL7threshs_215_U                        | finn_design_MatrixVectorActivation_0_0_MatrixVectorActivation_0_Matrix_Vector_Activate_Batch_p_ZL7threshs_215_ROM_AUTO_1R |          8 |          8 |       0 |    0 |     7 |      0 |      0 |          0 |
|           p_ZL7threshs_216_U                        | finn_design_MatrixVectorActivation_0_0_MatrixVectorActivation_0_Matrix_Vector_Activate_Batch_p_ZL7threshs_216_ROM_AUTO_1R |          9 |          9 |       0 |    0 |     7 |      0 |      0 |          0 |
|           p_ZL7threshs_217_U                        | finn_design_MatrixVectorActivation_0_0_MatrixVectorActivation_0_Matrix_Vector_Activate_Batch_p_ZL7threshs_217_ROM_AUTO_1R |          8 |          8 |       0 |    0 |     7 |      0 |      0 |          0 |
|           p_ZL7threshs_218_U                        | finn_design_MatrixVectorActivation_0_0_MatrixVectorActivation_0_Matrix_Vector_Activate_Batch_p_ZL7threshs_218_ROM_AUTO_1R |          9 |          9 |       0 |    0 |     7 |      0 |      0 |          0 |
|           p_ZL7threshs_219_U                        | finn_design_MatrixVectorActivation_0_0_MatrixVectorActivation_0_Matrix_Vector_Activate_Batch_p_ZL7threshs_219_ROM_AUTO_1R |          8 |          8 |       0 |    0 |     7 |      0 |      0 |          0 |
|           p_ZL7threshs_21_U                         |  finn_design_MatrixVectorActivation_0_0_MatrixVectorActivation_0_Matrix_Vector_Activate_Batch_p_ZL7threshs_21_ROM_AUTO_1R |          9 |          9 |       0 |    0 |     8 |      0 |      0 |          0 |
|           p_ZL7threshs_220_U                        | finn_design_MatrixVectorActivation_0_0_MatrixVectorActivation_0_Matrix_Vector_Activate_Batch_p_ZL7threshs_220_ROM_AUTO_1R |          9 |          9 |       0 |    0 |     7 |      0 |      0 |          0 |
|           p_ZL7threshs_221_U                        | finn_design_MatrixVectorActivation_0_0_MatrixVectorActivation_0_Matrix_Vector_Activate_Batch_p_ZL7threshs_221_ROM_AUTO_1R |         10 |         10 |       0 |    0 |     9 |      0 |      0 |          0 |
|           p_ZL7threshs_222_U                        | finn_design_MatrixVectorActivation_0_0_MatrixVectorActivation_0_Matrix_Vector_Activate_Batch_p_ZL7threshs_222_ROM_AUTO_1R |         11 |         11 |       0 |    0 |     9 |      0 |      0 |          0 |
|           p_ZL7threshs_223_U                        | finn_design_MatrixVectorActivation_0_0_MatrixVectorActivation_0_Matrix_Vector_Activate_Batch_p_ZL7threshs_223_ROM_AUTO_1R |         10 |         10 |       0 |    0 |     9 |      0 |      0 |          0 |
|           p_ZL7threshs_224_U                        | finn_design_MatrixVectorActivation_0_0_MatrixVectorActivation_0_Matrix_Vector_Activate_Batch_p_ZL7threshs_224_ROM_AUTO_1R |         10 |         10 |       0 |    0 |     8 |      0 |      0 |          0 |
|           p_ZL7threshs_225_U                        | finn_design_MatrixVectorActivation_0_0_MatrixVectorActivation_0_Matrix_Vector_Activate_Batch_p_ZL7threshs_225_ROM_AUTO_1R |          9 |          9 |       0 |    0 |     8 |      0 |      0 |          0 |
|           p_ZL7threshs_226_U                        | finn_design_MatrixVectorActivation_0_0_MatrixVectorActivation_0_Matrix_Vector_Activate_Batch_p_ZL7threshs_226_ROM_AUTO_1R |         10 |         10 |       0 |    0 |     8 |      0 |      0 |          0 |
|           p_ZL7threshs_227_U                        | finn_design_MatrixVectorActivation_0_0_MatrixVectorActivation_0_Matrix_Vector_Activate_Batch_p_ZL7threshs_227_ROM_AUTO_1R |         10 |         10 |       0 |    0 |     8 |      0 |      0 |          0 |
|           p_ZL7threshs_228_U                        | finn_design_MatrixVectorActivation_0_0_MatrixVectorActivation_0_Matrix_Vector_Activate_Batch_p_ZL7threshs_228_ROM_AUTO_1R |         11 |         11 |       0 |    0 |     8 |      0 |      0 |          0 |
|           p_ZL7threshs_229_U                        | finn_design_MatrixVectorActivation_0_0_MatrixVectorActivation_0_Matrix_Vector_Activate_Batch_p_ZL7threshs_229_ROM_AUTO_1R |         10 |         10 |       0 |    0 |     8 |      0 |      0 |          0 |
|           p_ZL7threshs_22_U                         |  finn_design_MatrixVectorActivation_0_0_MatrixVectorActivation_0_Matrix_Vector_Activate_Batch_p_ZL7threshs_22_ROM_AUTO_1R |          8 |          8 |       0 |    0 |     8 |      0 |      0 |          0 |
|           p_ZL7threshs_230_U                        | finn_design_MatrixVectorActivation_0_0_MatrixVectorActivation_0_Matrix_Vector_Activate_Batch_p_ZL7threshs_230_ROM_AUTO_1R |         11 |         11 |       0 |    0 |     8 |      0 |      0 |          0 |
|           p_ZL7threshs_231_U                        | finn_design_MatrixVectorActivation_0_0_MatrixVectorActivation_0_Matrix_Vector_Activate_Batch_p_ZL7threshs_231_ROM_AUTO_1R |         10 |         10 |       0 |    0 |     8 |      0 |      0 |          0 |
|           p_ZL7threshs_232_U                        | finn_design_MatrixVectorActivation_0_0_MatrixVectorActivation_0_Matrix_Vector_Activate_Batch_p_ZL7threshs_232_ROM_AUTO_1R |         11 |         11 |       0 |    0 |     9 |      0 |      0 |          0 |
|           p_ZL7threshs_233_U                        | finn_design_MatrixVectorActivation_0_0_MatrixVectorActivation_0_Matrix_Vector_Activate_Batch_p_ZL7threshs_233_ROM_AUTO_1R |         10 |         10 |       0 |    0 |     9 |      0 |      0 |          0 |
|           p_ZL7threshs_234_U                        | finn_design_MatrixVectorActivation_0_0_MatrixVectorActivation_0_Matrix_Vector_Activate_Batch_p_ZL7threshs_234_ROM_AUTO_1R |         11 |         11 |       0 |    0 |     9 |      0 |      0 |          0 |
|           p_ZL7threshs_235_U                        | finn_design_MatrixVectorActivation_0_0_MatrixVectorActivation_0_Matrix_Vector_Activate_Batch_p_ZL7threshs_235_ROM_AUTO_1R |         10 |         10 |       0 |    0 |     9 |      0 |      0 |          0 |
|           p_ZL7threshs_236_U                        | finn_design_MatrixVectorActivation_0_0_MatrixVectorActivation_0_Matrix_Vector_Activate_Batch_p_ZL7threshs_236_ROM_AUTO_1R |         12 |         12 |       0 |    0 |     9 |      0 |      0 |          0 |
|           p_ZL7threshs_237_U                        | finn_design_MatrixVectorActivation_0_0_MatrixVectorActivation_0_Matrix_Vector_Activate_Batch_p_ZL7threshs_237_ROM_AUTO_1R |          8 |          8 |       0 |    0 |     7 |      0 |      0 |          0 |
|           p_ZL7threshs_238_U                        | finn_design_MatrixVectorActivation_0_0_MatrixVectorActivation_0_Matrix_Vector_Activate_Batch_p_ZL7threshs_238_ROM_AUTO_1R |          9 |          9 |       0 |    0 |     7 |      0 |      0 |          0 |
|           p_ZL7threshs_239_U                        | finn_design_MatrixVectorActivation_0_0_MatrixVectorActivation_0_Matrix_Vector_Activate_Batch_p_ZL7threshs_239_ROM_AUTO_1R |          8 |          8 |       0 |    0 |     7 |      0 |      0 |          0 |
|           p_ZL7threshs_23_U                         |  finn_design_MatrixVectorActivation_0_0_MatrixVectorActivation_0_Matrix_Vector_Activate_Batch_p_ZL7threshs_23_ROM_AUTO_1R |          8 |          8 |       0 |    0 |     8 |      0 |      0 |          0 |
|           p_ZL7threshs_240_U                        | finn_design_MatrixVectorActivation_0_0_MatrixVectorActivation_0_Matrix_Vector_Activate_Batch_p_ZL7threshs_240_ROM_AUTO_1R |          9 |          9 |       0 |    0 |     7 |      0 |      0 |          0 |
|           p_ZL7threshs_241_U                        | finn_design_MatrixVectorActivation_0_0_MatrixVectorActivation_0_Matrix_Vector_Activate_Batch_p_ZL7threshs_241_ROM_AUTO_1R |          8 |          8 |       0 |    0 |     7 |      0 |      0 |          0 |
|           p_ZL7threshs_242_U                        | finn_design_MatrixVectorActivation_0_0_MatrixVectorActivation_0_Matrix_Vector_Activate_Batch_p_ZL7threshs_242_ROM_AUTO_1R |          9 |          9 |       0 |    0 |     7 |      0 |      0 |          0 |
|           p_ZL7threshs_243_U                        | finn_design_MatrixVectorActivation_0_0_MatrixVectorActivation_0_Matrix_Vector_Activate_Batch_p_ZL7threshs_243_ROM_AUTO_1R |          9 |          9 |       0 |    0 |     8 |      0 |      0 |          0 |
|           p_ZL7threshs_244_U                        | finn_design_MatrixVectorActivation_0_0_MatrixVectorActivation_0_Matrix_Vector_Activate_Batch_p_ZL7threshs_244_ROM_AUTO_1R |          9 |          9 |       0 |    0 |     8 |      0 |      0 |          0 |
|           p_ZL7threshs_245_U                        | finn_design_MatrixVectorActivation_0_0_MatrixVectorActivation_0_Matrix_Vector_Activate_Batch_p_ZL7threshs_245_ROM_AUTO_1R |          8 |          8 |       0 |    0 |     8 |      0 |      0 |          0 |
|           p_ZL7threshs_246_U                        | finn_design_MatrixVectorActivation_0_0_MatrixVectorActivation_0_Matrix_Vector_Activate_Batch_p_ZL7threshs_246_ROM_AUTO_1R |          9 |          9 |       0 |    0 |     8 |      0 |      0 |          0 |
|           p_ZL7threshs_247_U                        | finn_design_MatrixVectorActivation_0_0_MatrixVectorActivation_0_Matrix_Vector_Activate_Batch_p_ZL7threshs_247_ROM_AUTO_1R |          8 |          8 |       0 |    0 |     8 |      0 |      0 |          0 |
|           p_ZL7threshs_248_U                        | finn_design_MatrixVectorActivation_0_0_MatrixVectorActivation_0_Matrix_Vector_Activate_Batch_p_ZL7threshs_248_ROM_AUTO_1R |          9 |          9 |       0 |    0 |     8 |      0 |      0 |          0 |
|           p_ZL7threshs_249_U                        | finn_design_MatrixVectorActivation_0_0_MatrixVectorActivation_0_Matrix_Vector_Activate_Batch_p_ZL7threshs_249_ROM_AUTO_1R |          9 |          9 |       0 |    0 |     8 |      0 |      0 |          0 |
|           p_ZL7threshs_24_U                         |  finn_design_MatrixVectorActivation_0_0_MatrixVectorActivation_0_Matrix_Vector_Activate_Batch_p_ZL7threshs_24_ROM_AUTO_1R |          8 |          8 |       0 |    0 |     8 |      0 |      0 |          0 |
|           p_ZL7threshs_250_U                        | finn_design_MatrixVectorActivation_0_0_MatrixVectorActivation_0_Matrix_Vector_Activate_Batch_p_ZL7threshs_250_ROM_AUTO_1R |         10 |         10 |       0 |    0 |     8 |      0 |      0 |          0 |
|           p_ZL7threshs_251_U                        | finn_design_MatrixVectorActivation_0_0_MatrixVectorActivation_0_Matrix_Vector_Activate_Batch_p_ZL7threshs_251_ROM_AUTO_1R |          8 |          8 |       0 |    0 |     8 |      0 |      0 |          0 |
|           p_ZL7threshs_252_U                        | finn_design_MatrixVectorActivation_0_0_MatrixVectorActivation_0_Matrix_Vector_Activate_Batch_p_ZL7threshs_252_ROM_AUTO_1R |         10 |         10 |       0 |    0 |     8 |      0 |      0 |          0 |
|           p_ZL7threshs_253_U                        | finn_design_MatrixVectorActivation_0_0_MatrixVectorActivation_0_Matrix_Vector_Activate_Batch_p_ZL7threshs_253_ROM_AUTO_1R |          9 |          9 |       0 |    0 |     8 |      0 |      0 |          0 |
|           p_ZL7threshs_254_U                        | finn_design_MatrixVectorActivation_0_0_MatrixVectorActivation_0_Matrix_Vector_Activate_Batch_p_ZL7threshs_254_ROM_AUTO_1R |         10 |         10 |       0 |    0 |     8 |      0 |      0 |          0 |
|           p_ZL7threshs_25_U                         |  finn_design_MatrixVectorActivation_0_0_MatrixVectorActivation_0_Matrix_Vector_Activate_Batch_p_ZL7threshs_25_ROM_AUTO_1R |          8 |          8 |       0 |    0 |     8 |      0 |      0 |          0 |
|           p_ZL7threshs_26_U                         |  finn_design_MatrixVectorActivation_0_0_MatrixVectorActivation_0_Matrix_Vector_Activate_Batch_p_ZL7threshs_26_ROM_AUTO_1R |          9 |          9 |       0 |    0 |     8 |      0 |      0 |          0 |
|           p_ZL7threshs_27_U                         |  finn_design_MatrixVectorActivation_0_0_MatrixVectorActivation_0_Matrix_Vector_Activate_Batch_p_ZL7threshs_27_ROM_AUTO_1R |          9 |          9 |       0 |    0 |     8 |      0 |      0 |          0 |
|           p_ZL7threshs_28_U                         |  finn_design_MatrixVectorActivation_0_0_MatrixVectorActivation_0_Matrix_Vector_Activate_Batch_p_ZL7threshs_28_ROM_AUTO_1R |          9 |          9 |       0 |    0 |     8 |      0 |      0 |          0 |
|           p_ZL7threshs_29_U                         |  finn_design_MatrixVectorActivation_0_0_MatrixVectorActivation_0_Matrix_Vector_Activate_Batch_p_ZL7threshs_29_ROM_AUTO_1R |          9 |          9 |       0 |    0 |     8 |      0 |      0 |          0 |
|           p_ZL7threshs_2_U                          |   finn_design_MatrixVectorActivation_0_0_MatrixVectorActivation_0_Matrix_Vector_Activate_Batch_p_ZL7threshs_2_ROM_AUTO_1R |         12 |         12 |       0 |    0 |     7 |      0 |      0 |          0 |
|           p_ZL7threshs_30_U                         |  finn_design_MatrixVectorActivation_0_0_MatrixVectorActivation_0_Matrix_Vector_Activate_Batch_p_ZL7threshs_30_ROM_AUTO_1R |          9 |          9 |       0 |    0 |     8 |      0 |      0 |          0 |
|           p_ZL7threshs_31_U                         |  finn_design_MatrixVectorActivation_0_0_MatrixVectorActivation_0_Matrix_Vector_Activate_Batch_p_ZL7threshs_31_ROM_AUTO_1R |          9 |          9 |       0 |    0 |     8 |      0 |      0 |          0 |
|           p_ZL7threshs_32_U                         |  finn_design_MatrixVectorActivation_0_0_MatrixVectorActivation_0_Matrix_Vector_Activate_Batch_p_ZL7threshs_32_ROM_AUTO_1R |          9 |          9 |       0 |    0 |     8 |      0 |      0 |          0 |
|           p_ZL7threshs_33_U                         |  finn_design_MatrixVectorActivation_0_0_MatrixVectorActivation_0_Matrix_Vector_Activate_Batch_p_ZL7threshs_33_ROM_AUTO_1R |          9 |          9 |       0 |    0 |     8 |      0 |      0 |          0 |
|           p_ZL7threshs_34_U                         |  finn_design_MatrixVectorActivation_0_0_MatrixVectorActivation_0_Matrix_Vector_Activate_Batch_p_ZL7threshs_34_ROM_AUTO_1R |          9 |          9 |       0 |    0 |     8 |      0 |      0 |          0 |
|           p_ZL7threshs_35_U                         |  finn_design_MatrixVectorActivation_0_0_MatrixVectorActivation_0_Matrix_Vector_Activate_Batch_p_ZL7threshs_35_ROM_AUTO_1R |          8 |          8 |       0 |    0 |     8 |      0 |      0 |          0 |
|           p_ZL7threshs_36_U                         |  finn_design_MatrixVectorActivation_0_0_MatrixVectorActivation_0_Matrix_Vector_Activate_Batch_p_ZL7threshs_36_ROM_AUTO_1R |         13 |         13 |       0 |    0 |     7 |      0 |      0 |          0 |
|           p_ZL7threshs_37_U                         |  finn_design_MatrixVectorActivation_0_0_MatrixVectorActivation_0_Matrix_Vector_Activate_Batch_p_ZL7threshs_37_ROM_AUTO_1R |         12 |         12 |       0 |    0 |     7 |      0 |      0 |          0 |
|           p_ZL7threshs_38_U                         |  finn_design_MatrixVectorActivation_0_0_MatrixVectorActivation_0_Matrix_Vector_Activate_Batch_p_ZL7threshs_38_ROM_AUTO_1R |         13 |         13 |       0 |    0 |     7 |      0 |      0 |          0 |
|           p_ZL7threshs_39_U                         |  finn_design_MatrixVectorActivation_0_0_MatrixVectorActivation_0_Matrix_Vector_Activate_Batch_p_ZL7threshs_39_ROM_AUTO_1R |         12 |         12 |       0 |    0 |     7 |      0 |      0 |          0 |
|           p_ZL7threshs_3_U                          |   finn_design_MatrixVectorActivation_0_0_MatrixVectorActivation_0_Matrix_Vector_Activate_Batch_p_ZL7threshs_3_ROM_AUTO_1R |         12 |         12 |       0 |    0 |     7 |      0 |      0 |          0 |
|           p_ZL7threshs_40_U                         |  finn_design_MatrixVectorActivation_0_0_MatrixVectorActivation_0_Matrix_Vector_Activate_Batch_p_ZL7threshs_40_ROM_AUTO_1R |         13 |         13 |       0 |    0 |     7 |      0 |      0 |          0 |
|           p_ZL7threshs_41_U                         |  finn_design_MatrixVectorActivation_0_0_MatrixVectorActivation_0_Matrix_Vector_Activate_Batch_p_ZL7threshs_41_ROM_AUTO_1R |         12 |         12 |       0 |    0 |     7 |      0 |      0 |          0 |
|           p_ZL7threshs_42_U                         |  finn_design_MatrixVectorActivation_0_0_MatrixVectorActivation_0_Matrix_Vector_Activate_Batch_p_ZL7threshs_42_ROM_AUTO_1R |         10 |         10 |       0 |    0 |     9 |      0 |      0 |          0 |
|           p_ZL7threshs_43_U                         |  finn_design_MatrixVectorActivation_0_0_MatrixVectorActivation_0_Matrix_Vector_Activate_Batch_p_ZL7threshs_43_ROM_AUTO_1R |         10 |         10 |       0 |    0 |     9 |      0 |      0 |          0 |
|           p_ZL7threshs_44_U                         |  finn_design_MatrixVectorActivation_0_0_MatrixVectorActivation_0_Matrix_Vector_Activate_Batch_p_ZL7threshs_44_ROM_AUTO_1R |         10 |         10 |       0 |    0 |     9 |      0 |      0 |          0 |
|           p_ZL7threshs_45_U                         |  finn_design_MatrixVectorActivation_0_0_MatrixVectorActivation_0_Matrix_Vector_Activate_Batch_p_ZL7threshs_45_ROM_AUTO_1R |          9 |          9 |       0 |    0 |     8 |      0 |      0 |          0 |
|           p_ZL7threshs_46_U                         |  finn_design_MatrixVectorActivation_0_0_MatrixVectorActivation_0_Matrix_Vector_Activate_Batch_p_ZL7threshs_46_ROM_AUTO_1R |          9 |          9 |       0 |    0 |     8 |      0 |      0 |          0 |
|           p_ZL7threshs_47_U                         |  finn_design_MatrixVectorActivation_0_0_MatrixVectorActivation_0_Matrix_Vector_Activate_Batch_p_ZL7threshs_47_ROM_AUTO_1R |          9 |          9 |       0 |    0 |     8 |      0 |      0 |          0 |
|           p_ZL7threshs_48_U                         |  finn_design_MatrixVectorActivation_0_0_MatrixVectorActivation_0_Matrix_Vector_Activate_Batch_p_ZL7threshs_48_ROM_AUTO_1R |         10 |         10 |       0 |    0 |     8 |      0 |      0 |          0 |
|           p_ZL7threshs_49_U                         |  finn_design_MatrixVectorActivation_0_0_MatrixVectorActivation_0_Matrix_Vector_Activate_Batch_p_ZL7threshs_49_ROM_AUTO_1R |         10 |         10 |       0 |    0 |     8 |      0 |      0 |          0 |
|           p_ZL7threshs_4_U                          |   finn_design_MatrixVectorActivation_0_0_MatrixVectorActivation_0_Matrix_Vector_Activate_Batch_p_ZL7threshs_4_ROM_AUTO_1R |         12 |         12 |       0 |    0 |     7 |      0 |      0 |          0 |
|           p_ZL7threshs_50_U                         |  finn_design_MatrixVectorActivation_0_0_MatrixVectorActivation_0_Matrix_Vector_Activate_Batch_p_ZL7threshs_50_ROM_AUTO_1R |          9 |          9 |       0 |    0 |     8 |      0 |      0 |          0 |
|           p_ZL7threshs_51_U                         |  finn_design_MatrixVectorActivation_0_0_MatrixVectorActivation_0_Matrix_Vector_Activate_Batch_p_ZL7threshs_51_ROM_AUTO_1R |         10 |         10 |       0 |    0 |     8 |      0 |      0 |          0 |
|           p_ZL7threshs_52_U                         |  finn_design_MatrixVectorActivation_0_0_MatrixVectorActivation_0_Matrix_Vector_Activate_Batch_p_ZL7threshs_52_ROM_AUTO_1R |         10 |         10 |       0 |    0 |     8 |      0 |      0 |          0 |
|           p_ZL7threshs_53_U                         |  finn_design_MatrixVectorActivation_0_0_MatrixVectorActivation_0_Matrix_Vector_Activate_Batch_p_ZL7threshs_53_ROM_AUTO_1R |         10 |         10 |       0 |    0 |     9 |      0 |      0 |          0 |
|           p_ZL7threshs_54_U                         |  finn_design_MatrixVectorActivation_0_0_MatrixVectorActivation_0_Matrix_Vector_Activate_Batch_p_ZL7threshs_54_ROM_AUTO_1R |         10 |         10 |       0 |    0 |     9 |      0 |      0 |          0 |
|           p_ZL7threshs_55_U                         |  finn_design_MatrixVectorActivation_0_0_MatrixVectorActivation_0_Matrix_Vector_Activate_Batch_p_ZL7threshs_55_ROM_AUTO_1R |         10 |         10 |       0 |    0 |     9 |      0 |      0 |          0 |
|           p_ZL7threshs_56_U                         |  finn_design_MatrixVectorActivation_0_0_MatrixVectorActivation_0_Matrix_Vector_Activate_Batch_p_ZL7threshs_56_ROM_AUTO_1R |         10 |         10 |       0 |    0 |     9 |      0 |      0 |          0 |
|           p_ZL7threshs_57_U                         |  finn_design_MatrixVectorActivation_0_0_MatrixVectorActivation_0_Matrix_Vector_Activate_Batch_p_ZL7threshs_57_ROM_AUTO_1R |         10 |         10 |       0 |    0 |     9 |      0 |      0 |          0 |
|           p_ZL7threshs_58_U                         |  finn_design_MatrixVectorActivation_0_0_MatrixVectorActivation_0_Matrix_Vector_Activate_Batch_p_ZL7threshs_58_ROM_AUTO_1R |          8 |          8 |       0 |    0 |     7 |      0 |      0 |          0 |
|           p_ZL7threshs_59_U                         |  finn_design_MatrixVectorActivation_0_0_MatrixVectorActivation_0_Matrix_Vector_Activate_Batch_p_ZL7threshs_59_ROM_AUTO_1R |          8 |          8 |       0 |    0 |     7 |      0 |      0 |          0 |
|           p_ZL7threshs_5_U                          |   finn_design_MatrixVectorActivation_0_0_MatrixVectorActivation_0_Matrix_Vector_Activate_Batch_p_ZL7threshs_5_ROM_AUTO_1R |         12 |         12 |       0 |    0 |     7 |      0 |      0 |          0 |
|           p_ZL7threshs_60_U                         |  finn_design_MatrixVectorActivation_0_0_MatrixVectorActivation_0_Matrix_Vector_Activate_Batch_p_ZL7threshs_60_ROM_AUTO_1R |          8 |          8 |       0 |    0 |     7 |      0 |      0 |          0 |
|           p_ZL7threshs_61_U                         |  finn_design_MatrixVectorActivation_0_0_MatrixVectorActivation_0_Matrix_Vector_Activate_Batch_p_ZL7threshs_61_ROM_AUTO_1R |          8 |          8 |       0 |    0 |     7 |      0 |      0 |          0 |
|           p_ZL7threshs_62_U                         |  finn_design_MatrixVectorActivation_0_0_MatrixVectorActivation_0_Matrix_Vector_Activate_Batch_p_ZL7threshs_62_ROM_AUTO_1R |          8 |          8 |       0 |    0 |     7 |      0 |      0 |          0 |
|           p_ZL7threshs_63_U                         |  finn_design_MatrixVectorActivation_0_0_MatrixVectorActivation_0_Matrix_Vector_Activate_Batch_p_ZL7threshs_63_ROM_AUTO_1R |          8 |          8 |       0 |    0 |     7 |      0 |      0 |          0 |
|           p_ZL7threshs_64_U                         |  finn_design_MatrixVectorActivation_0_0_MatrixVectorActivation_0_Matrix_Vector_Activate_Batch_p_ZL7threshs_64_ROM_AUTO_1R |         10 |         10 |       0 |    0 |     8 |      0 |      0 |          0 |
|           p_ZL7threshs_65_U                         |  finn_design_MatrixVectorActivation_0_0_MatrixVectorActivation_0_Matrix_Vector_Activate_Batch_p_ZL7threshs_65_ROM_AUTO_1R |          8 |          8 |       0 |    0 |     8 |      0 |      0 |          0 |
|           p_ZL7threshs_66_U                         |  finn_design_MatrixVectorActivation_0_0_MatrixVectorActivation_0_Matrix_Vector_Activate_Batch_p_ZL7threshs_66_ROM_AUTO_1R |          9 |          9 |       0 |    0 |     8 |      0 |      0 |          0 |
|           p_ZL7threshs_67_U                         |  finn_design_MatrixVectorActivation_0_0_MatrixVectorActivation_0_Matrix_Vector_Activate_Batch_p_ZL7threshs_67_ROM_AUTO_1R |          8 |          8 |       0 |    0 |     8 |      0 |      0 |          0 |
|           p_ZL7threshs_68_U                         |  finn_design_MatrixVectorActivation_0_0_MatrixVectorActivation_0_Matrix_Vector_Activate_Batch_p_ZL7threshs_68_ROM_AUTO_1R |          9 |          9 |       0 |    0 |     8 |      0 |      0 |          0 |
|           p_ZL7threshs_69_U                         |  finn_design_MatrixVectorActivation_0_0_MatrixVectorActivation_0_Matrix_Vector_Activate_Batch_p_ZL7threshs_69_ROM_AUTO_1R |          8 |          8 |       0 |    0 |     8 |      0 |      0 |          0 |
|           p_ZL7threshs_6_U                          |   finn_design_MatrixVectorActivation_0_0_MatrixVectorActivation_0_Matrix_Vector_Activate_Batch_p_ZL7threshs_6_ROM_AUTO_1R |         12 |         12 |       0 |    0 |     7 |      0 |      0 |          0 |
|           p_ZL7threshs_70_U                         |  finn_design_MatrixVectorActivation_0_0_MatrixVectorActivation_0_Matrix_Vector_Activate_Batch_p_ZL7threshs_70_ROM_AUTO_1R |         10 |         10 |       0 |    0 |     8 |      0 |      0 |          0 |
|           p_ZL7threshs_71_U                         |  finn_design_MatrixVectorActivation_0_0_MatrixVectorActivation_0_Matrix_Vector_Activate_Batch_p_ZL7threshs_71_ROM_AUTO_1R |         10 |         10 |       0 |    0 |     8 |      0 |      0 |          0 |
|           p_ZL7threshs_72_U                         |  finn_design_MatrixVectorActivation_0_0_MatrixVectorActivation_0_Matrix_Vector_Activate_Batch_p_ZL7threshs_72_ROM_AUTO_1R |          9 |          9 |       0 |    0 |     8 |      0 |      0 |          0 |
|           p_ZL7threshs_73_U                         |  finn_design_MatrixVectorActivation_0_0_MatrixVectorActivation_0_Matrix_Vector_Activate_Batch_p_ZL7threshs_73_ROM_AUTO_1R |          9 |          9 |       0 |    0 |     8 |      0 |      0 |          0 |
|           p_ZL7threshs_74_U                         |  finn_design_MatrixVectorActivation_0_0_MatrixVectorActivation_0_Matrix_Vector_Activate_Batch_p_ZL7threshs_74_ROM_AUTO_1R |         10 |         10 |       0 |    0 |     8 |      0 |      0 |          0 |
|           p_ZL7threshs_75_U                         |  finn_design_MatrixVectorActivation_0_0_MatrixVectorActivation_0_Matrix_Vector_Activate_Batch_p_ZL7threshs_75_ROM_AUTO_1R |          9 |          9 |       0 |    0 |     8 |      0 |      0 |          0 |
|           p_ZL7threshs_76_U                         |  finn_design_MatrixVectorActivation_0_0_MatrixVectorActivation_0_Matrix_Vector_Activate_Batch_p_ZL7threshs_76_ROM_AUTO_1R |         10 |         10 |       0 |    0 |     8 |      0 |      0 |          0 |
|           p_ZL7threshs_77_U                         |  finn_design_MatrixVectorActivation_0_0_MatrixVectorActivation_0_Matrix_Vector_Activate_Batch_p_ZL7threshs_77_ROM_AUTO_1R |          9 |          9 |       0 |    0 |     8 |      0 |      0 |          0 |
|           p_ZL7threshs_78_U                         |  finn_design_MatrixVectorActivation_0_0_MatrixVectorActivation_0_Matrix_Vector_Activate_Batch_p_ZL7threshs_78_ROM_AUTO_1R |         10 |         10 |       0 |    0 |     8 |      0 |      0 |          0 |
|           p_ZL7threshs_79_U                         |  finn_design_MatrixVectorActivation_0_0_MatrixVectorActivation_0_Matrix_Vector_Activate_Batch_p_ZL7threshs_79_ROM_AUTO_1R |         10 |         10 |       0 |    0 |     8 |      0 |      0 |          0 |
|           p_ZL7threshs_7_U                          |   finn_design_MatrixVectorActivation_0_0_MatrixVectorActivation_0_Matrix_Vector_Activate_Batch_p_ZL7threshs_7_ROM_AUTO_1R |         12 |         12 |       0 |    0 |     7 |      0 |      0 |          0 |
|           p_ZL7threshs_80_U                         |  finn_design_MatrixVectorActivation_0_0_MatrixVectorActivation_0_Matrix_Vector_Activate_Batch_p_ZL7threshs_80_ROM_AUTO_1R |         10 |         10 |       0 |    0 |     8 |      0 |      0 |          0 |
|           p_ZL7threshs_81_U                         |  finn_design_MatrixVectorActivation_0_0_MatrixVectorActivation_0_Matrix_Vector_Activate_Batch_p_ZL7threshs_81_ROM_AUTO_1R |          8 |          8 |       0 |    0 |     7 |      0 |      0 |          0 |
|           p_ZL7threshs_82_U                         |  finn_design_MatrixVectorActivation_0_0_MatrixVectorActivation_0_Matrix_Vector_Activate_Batch_p_ZL7threshs_82_ROM_AUTO_1R |          9 |          9 |       0 |    0 |     7 |      0 |      0 |          0 |
|           p_ZL7threshs_83_U                         |  finn_design_MatrixVectorActivation_0_0_MatrixVectorActivation_0_Matrix_Vector_Activate_Batch_p_ZL7threshs_83_ROM_AUTO_1R |          8 |          8 |       0 |    0 |     7 |      0 |      0 |          0 |
|           p_ZL7threshs_84_U                         |  finn_design_MatrixVectorActivation_0_0_MatrixVectorActivation_0_Matrix_Vector_Activate_Batch_p_ZL7threshs_84_ROM_AUTO_1R |          9 |          9 |       0 |    0 |     7 |      0 |      0 |          0 |
|           p_ZL7threshs_85_U                         |  finn_design_MatrixVectorActivation_0_0_MatrixVectorActivation_0_Matrix_Vector_Activate_Batch_p_ZL7threshs_85_ROM_AUTO_1R |          8 |          8 |       0 |    0 |     7 |      0 |      0 |          0 |
|           p_ZL7threshs_86_U                         |  finn_design_MatrixVectorActivation_0_0_MatrixVectorActivation_0_Matrix_Vector_Activate_Batch_p_ZL7threshs_86_ROM_AUTO_1R |          9 |          9 |       0 |    0 |     7 |      0 |      0 |          0 |
|           p_ZL7threshs_87_U                         |  finn_design_MatrixVectorActivation_0_0_MatrixVectorActivation_0_Matrix_Vector_Activate_Batch_p_ZL7threshs_87_ROM_AUTO_1R |         10 |         10 |       0 |    0 |     9 |      0 |      0 |          0 |
|           p_ZL7threshs_88_U                         |  finn_design_MatrixVectorActivation_0_0_MatrixVectorActivation_0_Matrix_Vector_Activate_Batch_p_ZL7threshs_88_ROM_AUTO_1R |         11 |         11 |       0 |    0 |     9 |      0 |      0 |          0 |
|           p_ZL7threshs_89_U                         |  finn_design_MatrixVectorActivation_0_0_MatrixVectorActivation_0_Matrix_Vector_Activate_Batch_p_ZL7threshs_89_ROM_AUTO_1R |         10 |         10 |       0 |    0 |     9 |      0 |      0 |          0 |
|           p_ZL7threshs_8_U                          |   finn_design_MatrixVectorActivation_0_0_MatrixVectorActivation_0_Matrix_Vector_Activate_Batch_p_ZL7threshs_8_ROM_AUTO_1R |         12 |         12 |       0 |    0 |     7 |      0 |      0 |          0 |
|           p_ZL7threshs_90_U                         |  finn_design_MatrixVectorActivation_0_0_MatrixVectorActivation_0_Matrix_Vector_Activate_Batch_p_ZL7threshs_90_ROM_AUTO_1R |         10 |         10 |       0 |    0 |     8 |      0 |      0 |          0 |
|           p_ZL7threshs_91_U                         |  finn_design_MatrixVectorActivation_0_0_MatrixVectorActivation_0_Matrix_Vector_Activate_Batch_p_ZL7threshs_91_ROM_AUTO_1R |          9 |          9 |       0 |    0 |     8 |      0 |      0 |          0 |
|           p_ZL7threshs_92_U                         |  finn_design_MatrixVectorActivation_0_0_MatrixVectorActivation_0_Matrix_Vector_Activate_Batch_p_ZL7threshs_92_ROM_AUTO_1R |         10 |         10 |       0 |    0 |     8 |      0 |      0 |          0 |
|           p_ZL7threshs_93_U                         |  finn_design_MatrixVectorActivation_0_0_MatrixVectorActivation_0_Matrix_Vector_Activate_Batch_p_ZL7threshs_93_ROM_AUTO_1R |         10 |         10 |       0 |    0 |     8 |      0 |      0 |          0 |
|           p_ZL7threshs_94_U                         |  finn_design_MatrixVectorActivation_0_0_MatrixVectorActivation_0_Matrix_Vector_Activate_Batch_p_ZL7threshs_94_ROM_AUTO_1R |         11 |         11 |       0 |    0 |     8 |      0 |      0 |          0 |
|           p_ZL7threshs_95_U                         |  finn_design_MatrixVectorActivation_0_0_MatrixVectorActivation_0_Matrix_Vector_Activate_Batch_p_ZL7threshs_95_ROM_AUTO_1R |         10 |         10 |       0 |    0 |     8 |      0 |      0 |          0 |
|           p_ZL7threshs_96_U                         |  finn_design_MatrixVectorActivation_0_0_MatrixVectorActivation_0_Matrix_Vector_Activate_Batch_p_ZL7threshs_96_ROM_AUTO_1R |         11 |         11 |       0 |    0 |     8 |      0 |      0 |          0 |
|           p_ZL7threshs_97_U                         |  finn_design_MatrixVectorActivation_0_0_MatrixVectorActivation_0_Matrix_Vector_Activate_Batch_p_ZL7threshs_97_ROM_AUTO_1R |         10 |         10 |       0 |    0 |     8 |      0 |      0 |          0 |
|           p_ZL7threshs_98_U                         |  finn_design_MatrixVectorActivation_0_0_MatrixVectorActivation_0_Matrix_Vector_Activate_Batch_p_ZL7threshs_98_ROM_AUTO_1R |         11 |         11 |       0 |    0 |     9 |      0 |      0 |          0 |
|           p_ZL7threshs_99_U                         |  finn_design_MatrixVectorActivation_0_0_MatrixVectorActivation_0_Matrix_Vector_Activate_Batch_p_ZL7threshs_99_ROM_AUTO_1R |         10 |         10 |       0 |    0 |     9 |      0 |      0 |          0 |
|           p_ZL7threshs_9_U                          |   finn_design_MatrixVectorActivation_0_0_MatrixVectorActivation_0_Matrix_Vector_Activate_Batch_p_ZL7threshs_9_ROM_AUTO_1R |         13 |         13 |       0 |    0 |     8 |      0 |      0 |          0 |
|         regslice_both_in0_V_U                       |                                             finn_design_MatrixVectorActivation_0_0_MatrixVectorActivation_0_regslice_both |         73 |         73 |       0 |    0 |    20 |      0 |      0 |          0 |
|         regslice_both_out_V_U                       |                                           finn_design_MatrixVectorActivation_0_0_MatrixVectorActivation_0_regslice_both_0 |          9 |          9 |       0 |    0 |    20 |      0 |      0 |          0 |
|     MatrixVectorActivation_1                        |                                                                                    finn_design_MatrixVectorActivation_1_0 |       3015 |       3015 |       0 |    0 |   993 |      1 |    249 |          0 |
|       inst                                          |                                                           finn_design_MatrixVectorActivation_1_0_MatrixVectorActivation_1 |       3015 |       3015 |       0 |    0 |   993 |      1 |    249 |          0 |
|         (inst)                                      |                                                           finn_design_MatrixVectorActivation_1_0_MatrixVectorActivation_1 |          1 |          1 |       0 |    0 |     5 |      0 |      0 |          0 |
|         grp_Matrix_Vector_Activate_Batch_fu_540     |                              finn_design_MatrixVectorActivation_1_0_MatrixVectorActivation_1_Matrix_Vector_Activate_Batch |       2995 |       2995 |       0 |    0 |   948 |      1 |    249 |          0 |
|           (grp_Matrix_Vector_Activate_Batch_fu_540) |                              finn_design_MatrixVectorActivation_1_0_MatrixVectorActivation_1_Matrix_Vector_Activate_Batch |        906 |        906 |       0 |    0 |   896 |      1 |      3 |          0 |
|           flow_control_loop_pipe_sequential_init_U  |                    finn_design_MatrixVectorActivation_1_0_MatrixVectorActivation_1_flow_control_loop_pipe_sequential_init |        179 |        179 |       0 |    0 |     2 |      0 |      0 |          0 |
|           mul_8ns_4s_12_1_1_U2                      |                                         finn_design_MatrixVectorActivation_1_0_MatrixVectorActivation_1_mul_8ns_4s_12_1_1 |         30 |         30 |       0 |    0 |     0 |      0 |      0 |          0 |
|           mux_325_8_1_1_U1                          |                                             finn_design_MatrixVectorActivation_1_0_MatrixVectorActivation_1_mux_325_8_1_1 |         64 |         64 |       0 |    0 |     0 |      0 |      0 |          0 |
|           p_ZL7threshs_100_U                        | finn_design_MatrixVectorActivation_1_0_MatrixVectorActivation_1_Matrix_Vector_Activate_Batch_p_ZL7threshs_100_ROM_AUTO_1R |          6 |          6 |       0 |    0 |     0 |      0 |      1 |          0 |
|           p_ZL7threshs_101_U                        | finn_design_MatrixVectorActivation_1_0_MatrixVectorActivation_1_Matrix_Vector_Activate_Batch_p_ZL7threshs_101_ROM_AUTO_1R |          6 |          6 |       0 |    0 |     0 |      0 |      1 |          0 |
|           p_ZL7threshs_102_U                        | finn_design_MatrixVectorActivation_1_0_MatrixVectorActivation_1_Matrix_Vector_Activate_Batch_p_ZL7threshs_102_ROM_AUTO_1R |          6 |          6 |       0 |    0 |     0 |      0 |      1 |          0 |
|           p_ZL7threshs_103_U                        | finn_design_MatrixVectorActivation_1_0_MatrixVectorActivation_1_Matrix_Vector_Activate_Batch_p_ZL7threshs_103_ROM_AUTO_1R |          6 |          6 |       0 |    0 |     0 |      0 |      1 |          0 |
|           p_ZL7threshs_104_U                        | finn_design_MatrixVectorActivation_1_0_MatrixVectorActivation_1_Matrix_Vector_Activate_Batch_p_ZL7threshs_104_ROM_AUTO_1R |          6 |          6 |       0 |    0 |     0 |      0 |      1 |          0 |
|           p_ZL7threshs_105_U                        | finn_design_MatrixVectorActivation_1_0_MatrixVectorActivation_1_Matrix_Vector_Activate_Batch_p_ZL7threshs_105_ROM_AUTO_1R |          6 |          6 |       0 |    0 |     0 |      0 |      1 |          0 |
|           p_ZL7threshs_106_U                        | finn_design_MatrixVectorActivation_1_0_MatrixVectorActivation_1_Matrix_Vector_Activate_Batch_p_ZL7threshs_106_ROM_AUTO_1R |          6 |          6 |       0 |    0 |     0 |      0 |      1 |          0 |
|           p_ZL7threshs_107_U                        | finn_design_MatrixVectorActivation_1_0_MatrixVectorActivation_1_Matrix_Vector_Activate_Batch_p_ZL7threshs_107_ROM_AUTO_1R |          6 |          6 |       0 |    0 |     0 |      0 |      1 |          0 |
|           p_ZL7threshs_108_U                        | finn_design_MatrixVectorActivation_1_0_MatrixVectorActivation_1_Matrix_Vector_Activate_Batch_p_ZL7threshs_108_ROM_AUTO_1R |          6 |          6 |       0 |    0 |     0 |      0 |      1 |          0 |
|           p_ZL7threshs_109_U                        | finn_design_MatrixVectorActivation_1_0_MatrixVectorActivation_1_Matrix_Vector_Activate_Batch_p_ZL7threshs_109_ROM_AUTO_1R |          6 |          6 |       0 |    0 |     0 |      0 |      1 |          0 |
|           p_ZL7threshs_10_U                         |  finn_design_MatrixVectorActivation_1_0_MatrixVectorActivation_1_Matrix_Vector_Activate_Batch_p_ZL7threshs_10_ROM_AUTO_1R |          8 |          8 |       0 |    0 |     0 |      0 |      1 |          0 |
|           p_ZL7threshs_110_U                        | finn_design_MatrixVectorActivation_1_0_MatrixVectorActivation_1_Matrix_Vector_Activate_Batch_p_ZL7threshs_110_ROM_AUTO_1R |          6 |          6 |       0 |    0 |     0 |      0 |      1 |          0 |
|           p_ZL7threshs_111_U                        | finn_design_MatrixVectorActivation_1_0_MatrixVectorActivation_1_Matrix_Vector_Activate_Batch_p_ZL7threshs_111_ROM_AUTO_1R |          6 |          6 |       0 |    0 |     0 |      0 |      1 |          0 |
|           p_ZL7threshs_112_U                        | finn_design_MatrixVectorActivation_1_0_MatrixVectorActivation_1_Matrix_Vector_Activate_Batch_p_ZL7threshs_112_ROM_AUTO_1R |          6 |          6 |       0 |    0 |     0 |      0 |      1 |          0 |
|           p_ZL7threshs_113_U                        | finn_design_MatrixVectorActivation_1_0_MatrixVectorActivation_1_Matrix_Vector_Activate_Batch_p_ZL7threshs_113_ROM_AUTO_1R |          6 |          6 |       0 |    0 |     0 |      0 |      1 |          0 |
|           p_ZL7threshs_114_U                        | finn_design_MatrixVectorActivation_1_0_MatrixVectorActivation_1_Matrix_Vector_Activate_Batch_p_ZL7threshs_114_ROM_AUTO_1R |          6 |          6 |       0 |    0 |     0 |      0 |      1 |          0 |
|           p_ZL7threshs_115_U                        | finn_design_MatrixVectorActivation_1_0_MatrixVectorActivation_1_Matrix_Vector_Activate_Batch_p_ZL7threshs_115_ROM_AUTO_1R |         12 |         12 |       0 |    0 |     0 |      0 |      1 |          0 |
|           p_ZL7threshs_116_U                        | finn_design_MatrixVectorActivation_1_0_MatrixVectorActivation_1_Matrix_Vector_Activate_Batch_p_ZL7threshs_116_ROM_AUTO_1R |          6 |          6 |       0 |    0 |     0 |      0 |      1 |          0 |
|           p_ZL7threshs_117_U                        | finn_design_MatrixVectorActivation_1_0_MatrixVectorActivation_1_Matrix_Vector_Activate_Batch_p_ZL7threshs_117_ROM_AUTO_1R |          6 |          6 |       0 |    0 |     0 |      0 |      1 |          0 |
|           p_ZL7threshs_118_U                        | finn_design_MatrixVectorActivation_1_0_MatrixVectorActivation_1_Matrix_Vector_Activate_Batch_p_ZL7threshs_118_ROM_AUTO_1R |          6 |          6 |       0 |    0 |     0 |      0 |      1 |          0 |
|           p_ZL7threshs_119_U                        | finn_design_MatrixVectorActivation_1_0_MatrixVectorActivation_1_Matrix_Vector_Activate_Batch_p_ZL7threshs_119_ROM_AUTO_1R |          6 |          6 |       0 |    0 |     0 |      0 |      1 |          0 |
|           p_ZL7threshs_11_U                         |  finn_design_MatrixVectorActivation_1_0_MatrixVectorActivation_1_Matrix_Vector_Activate_Batch_p_ZL7threshs_11_ROM_AUTO_1R |          8 |          8 |       0 |    0 |     0 |      0 |      1 |          0 |
|           p_ZL7threshs_120_U                        | finn_design_MatrixVectorActivation_1_0_MatrixVectorActivation_1_Matrix_Vector_Activate_Batch_p_ZL7threshs_120_ROM_AUTO_1R |          6 |          6 |       0 |    0 |     0 |      0 |      1 |          0 |
|           p_ZL7threshs_121_U                        | finn_design_MatrixVectorActivation_1_0_MatrixVectorActivation_1_Matrix_Vector_Activate_Batch_p_ZL7threshs_121_ROM_AUTO_1R |          6 |          6 |       0 |    0 |     0 |      0 |      1 |          0 |
|           p_ZL7threshs_122_U                        | finn_design_MatrixVectorActivation_1_0_MatrixVectorActivation_1_Matrix_Vector_Activate_Batch_p_ZL7threshs_122_ROM_AUTO_1R |          6 |          6 |       0 |    0 |     0 |      0 |      1 |          0 |
|           p_ZL7threshs_123_U                        | finn_design_MatrixVectorActivation_1_0_MatrixVectorActivation_1_Matrix_Vector_Activate_Batch_p_ZL7threshs_123_ROM_AUTO_1R |          6 |          6 |       0 |    0 |     0 |      0 |      1 |          0 |
|           p_ZL7threshs_124_U                        | finn_design_MatrixVectorActivation_1_0_MatrixVectorActivation_1_Matrix_Vector_Activate_Batch_p_ZL7threshs_124_ROM_AUTO_1R |          6 |          6 |       0 |    0 |     0 |      0 |      1 |          0 |
|           p_ZL7threshs_125_U                        | finn_design_MatrixVectorActivation_1_0_MatrixVectorActivation_1_Matrix_Vector_Activate_Batch_p_ZL7threshs_125_ROM_AUTO_1R |          6 |          6 |       0 |    0 |     0 |      0 |      1 |          0 |
|           p_ZL7threshs_126_U                        | finn_design_MatrixVectorActivation_1_0_MatrixVectorActivation_1_Matrix_Vector_Activate_Batch_p_ZL7threshs_126_ROM_AUTO_1R |          6 |          6 |       0 |    0 |     0 |      0 |      1 |          0 |
|           p_ZL7threshs_127_U                        | finn_design_MatrixVectorActivation_1_0_MatrixVectorActivation_1_Matrix_Vector_Activate_Batch_p_ZL7threshs_127_ROM_AUTO_1R |          6 |          6 |       0 |    0 |     0 |      0 |      1 |          0 |
|           p_ZL7threshs_128_U                        | finn_design_MatrixVectorActivation_1_0_MatrixVectorActivation_1_Matrix_Vector_Activate_Batch_p_ZL7threshs_128_ROM_AUTO_1R |          6 |          6 |       0 |    0 |     0 |      0 |      1 |          0 |
|           p_ZL7threshs_129_U                        | finn_design_MatrixVectorActivation_1_0_MatrixVectorActivation_1_Matrix_Vector_Activate_Batch_p_ZL7threshs_129_ROM_AUTO_1R |          6 |          6 |       0 |    0 |     0 |      0 |      1 |          0 |
|           p_ZL7threshs_12_U                         |  finn_design_MatrixVectorActivation_1_0_MatrixVectorActivation_1_Matrix_Vector_Activate_Batch_p_ZL7threshs_12_ROM_AUTO_1R |          8 |          8 |       0 |    0 |     0 |      0 |      1 |          0 |
|           p_ZL7threshs_130_U                        | finn_design_MatrixVectorActivation_1_0_MatrixVectorActivation_1_Matrix_Vector_Activate_Batch_p_ZL7threshs_130_ROM_AUTO_1R |          6 |          6 |       0 |    0 |     0 |      0 |      1 |          0 |
|           p_ZL7threshs_131_U                        | finn_design_MatrixVectorActivation_1_0_MatrixVectorActivation_1_Matrix_Vector_Activate_Batch_p_ZL7threshs_131_ROM_AUTO_1R |          6 |          6 |       0 |    0 |     0 |      0 |      1 |          0 |
|           p_ZL7threshs_132_U                        | finn_design_MatrixVectorActivation_1_0_MatrixVectorActivation_1_Matrix_Vector_Activate_Batch_p_ZL7threshs_132_ROM_AUTO_1R |          6 |          6 |       0 |    0 |     0 |      0 |      1 |          0 |
|           p_ZL7threshs_133_U                        | finn_design_MatrixVectorActivation_1_0_MatrixVectorActivation_1_Matrix_Vector_Activate_Batch_p_ZL7threshs_133_ROM_AUTO_1R |          6 |          6 |       0 |    0 |     0 |      0 |      1 |          0 |
|           p_ZL7threshs_134_U                        | finn_design_MatrixVectorActivation_1_0_MatrixVectorActivation_1_Matrix_Vector_Activate_Batch_p_ZL7threshs_134_ROM_AUTO_1R |          6 |          6 |       0 |    0 |     0 |      0 |      1 |          0 |
|           p_ZL7threshs_135_U                        | finn_design_MatrixVectorActivation_1_0_MatrixVectorActivation_1_Matrix_Vector_Activate_Batch_p_ZL7threshs_135_ROM_AUTO_1R |          6 |          6 |       0 |    0 |     0 |      0 |      1 |          0 |
|           p_ZL7threshs_136_U                        | finn_design_MatrixVectorActivation_1_0_MatrixVectorActivation_1_Matrix_Vector_Activate_Batch_p_ZL7threshs_136_ROM_AUTO_1R |          6 |          6 |       0 |    0 |     0 |      0 |      1 |          0 |
|           p_ZL7threshs_137_U                        | finn_design_MatrixVectorActivation_1_0_MatrixVectorActivation_1_Matrix_Vector_Activate_Batch_p_ZL7threshs_137_ROM_AUTO_1R |          6 |          6 |       0 |    0 |     0 |      0 |      1 |          0 |
|           p_ZL7threshs_138_U                        | finn_design_MatrixVectorActivation_1_0_MatrixVectorActivation_1_Matrix_Vector_Activate_Batch_p_ZL7threshs_138_ROM_AUTO_1R |          6 |          6 |       0 |    0 |     0 |      0 |      1 |          0 |
|           p_ZL7threshs_139_U                        | finn_design_MatrixVectorActivation_1_0_MatrixVectorActivation_1_Matrix_Vector_Activate_Batch_p_ZL7threshs_139_ROM_AUTO_1R |          6 |          6 |       0 |    0 |     0 |      0 |      1 |          0 |
|           p_ZL7threshs_13_U                         |  finn_design_MatrixVectorActivation_1_0_MatrixVectorActivation_1_Matrix_Vector_Activate_Batch_p_ZL7threshs_13_ROM_AUTO_1R |          8 |          8 |       0 |    0 |     0 |      0 |      1 |          0 |
|           p_ZL7threshs_140_U                        | finn_design_MatrixVectorActivation_1_0_MatrixVectorActivation_1_Matrix_Vector_Activate_Batch_p_ZL7threshs_140_ROM_AUTO_1R |          6 |          6 |       0 |    0 |     0 |      0 |      1 |          0 |
|           p_ZL7threshs_141_U                        | finn_design_MatrixVectorActivation_1_0_MatrixVectorActivation_1_Matrix_Vector_Activate_Batch_p_ZL7threshs_141_ROM_AUTO_1R |          6 |          6 |       0 |    0 |     0 |      0 |      1 |          0 |
|           p_ZL7threshs_142_U                        | finn_design_MatrixVectorActivation_1_0_MatrixVectorActivation_1_Matrix_Vector_Activate_Batch_p_ZL7threshs_142_ROM_AUTO_1R |          6 |          6 |       0 |    0 |     0 |      0 |      1 |          0 |
|           p_ZL7threshs_143_U                        | finn_design_MatrixVectorActivation_1_0_MatrixVectorActivation_1_Matrix_Vector_Activate_Batch_p_ZL7threshs_143_ROM_AUTO_1R |          6 |          6 |       0 |    0 |     0 |      0 |      1 |          0 |
|           p_ZL7threshs_144_U                        | finn_design_MatrixVectorActivation_1_0_MatrixVectorActivation_1_Matrix_Vector_Activate_Batch_p_ZL7threshs_144_ROM_AUTO_1R |          6 |          6 |       0 |    0 |     0 |      0 |      1 |          0 |
|           p_ZL7threshs_145_U                        | finn_design_MatrixVectorActivation_1_0_MatrixVectorActivation_1_Matrix_Vector_Activate_Batch_p_ZL7threshs_145_ROM_AUTO_1R |          6 |          6 |       0 |    0 |     0 |      0 |      1 |          0 |
|           p_ZL7threshs_146_U                        | finn_design_MatrixVectorActivation_1_0_MatrixVectorActivation_1_Matrix_Vector_Activate_Batch_p_ZL7threshs_146_ROM_AUTO_1R |          6 |          6 |       0 |    0 |     0 |      0 |      1 |          0 |
|           p_ZL7threshs_147_U                        | finn_design_MatrixVectorActivation_1_0_MatrixVectorActivation_1_Matrix_Vector_Activate_Batch_p_ZL7threshs_147_ROM_AUTO_1R |          6 |          6 |       0 |    0 |     0 |      0 |      1 |          0 |
|           p_ZL7threshs_148_U                        | finn_design_MatrixVectorActivation_1_0_MatrixVectorActivation_1_Matrix_Vector_Activate_Batch_p_ZL7threshs_148_ROM_AUTO_1R |          6 |          6 |       0 |    0 |     0 |      0 |      1 |          0 |
|           p_ZL7threshs_149_U                        | finn_design_MatrixVectorActivation_1_0_MatrixVectorActivation_1_Matrix_Vector_Activate_Batch_p_ZL7threshs_149_ROM_AUTO_1R |          6 |          6 |       0 |    0 |     0 |      0 |      1 |          0 |
|           p_ZL7threshs_14_U                         |  finn_design_MatrixVectorActivation_1_0_MatrixVectorActivation_1_Matrix_Vector_Activate_Batch_p_ZL7threshs_14_ROM_AUTO_1R |          8 |          8 |       0 |    0 |     0 |      0 |      1 |          0 |
|           p_ZL7threshs_150_U                        | finn_design_MatrixVectorActivation_1_0_MatrixVectorActivation_1_Matrix_Vector_Activate_Batch_p_ZL7threshs_150_ROM_AUTO_1R |          6 |          6 |       0 |    0 |     0 |      0 |      1 |          0 |
|           p_ZL7threshs_151_U                        | finn_design_MatrixVectorActivation_1_0_MatrixVectorActivation_1_Matrix_Vector_Activate_Batch_p_ZL7threshs_151_ROM_AUTO_1R |          6 |          6 |       0 |    0 |     0 |      0 |      1 |          0 |
|           p_ZL7threshs_152_U                        | finn_design_MatrixVectorActivation_1_0_MatrixVectorActivation_1_Matrix_Vector_Activate_Batch_p_ZL7threshs_152_ROM_AUTO_1R |          6 |          6 |       0 |    0 |     0 |      0 |      1 |          0 |
|           p_ZL7threshs_153_U                        | finn_design_MatrixVectorActivation_1_0_MatrixVectorActivation_1_Matrix_Vector_Activate_Batch_p_ZL7threshs_153_ROM_AUTO_1R |          6 |          6 |       0 |    0 |     0 |      0 |      1 |          0 |
|           p_ZL7threshs_154_U                        | finn_design_MatrixVectorActivation_1_0_MatrixVectorActivation_1_Matrix_Vector_Activate_Batch_p_ZL7threshs_154_ROM_AUTO_1R |          6 |          6 |       0 |    0 |     0 |      0 |      1 |          0 |
|           p_ZL7threshs_155_U                        | finn_design_MatrixVectorActivation_1_0_MatrixVectorActivation_1_Matrix_Vector_Activate_Batch_p_ZL7threshs_155_ROM_AUTO_1R |          6 |          6 |       0 |    0 |     0 |      0 |      1 |          0 |
|           p_ZL7threshs_156_U                        | finn_design_MatrixVectorActivation_1_0_MatrixVectorActivation_1_Matrix_Vector_Activate_Batch_p_ZL7threshs_156_ROM_AUTO_1R |          6 |          6 |       0 |    0 |     0 |      0 |      1 |          0 |
|           p_ZL7threshs_157_U                        | finn_design_MatrixVectorActivation_1_0_MatrixVectorActivation_1_Matrix_Vector_Activate_Batch_p_ZL7threshs_157_ROM_AUTO_1R |          6 |          6 |       0 |    0 |     0 |      0 |      1 |          0 |
|           p_ZL7threshs_158_U                        | finn_design_MatrixVectorActivation_1_0_MatrixVectorActivation_1_Matrix_Vector_Activate_Batch_p_ZL7threshs_158_ROM_AUTO_1R |          6 |          6 |       0 |    0 |     0 |      0 |      1 |          0 |
|           p_ZL7threshs_159_U                        | finn_design_MatrixVectorActivation_1_0_MatrixVectorActivation_1_Matrix_Vector_Activate_Batch_p_ZL7threshs_159_ROM_AUTO_1R |          6 |          6 |       0 |    0 |     0 |      0 |      1 |          0 |
|           p_ZL7threshs_15_U                         |  finn_design_MatrixVectorActivation_1_0_MatrixVectorActivation_1_Matrix_Vector_Activate_Batch_p_ZL7threshs_15_ROM_AUTO_1R |          8 |          8 |       0 |    0 |     0 |      0 |      1 |          0 |
|           p_ZL7threshs_160_U                        | finn_design_MatrixVectorActivation_1_0_MatrixVectorActivation_1_Matrix_Vector_Activate_Batch_p_ZL7threshs_160_ROM_AUTO_1R |          6 |          6 |       0 |    0 |     0 |      0 |      1 |          0 |
|           p_ZL7threshs_161_U                        | finn_design_MatrixVectorActivation_1_0_MatrixVectorActivation_1_Matrix_Vector_Activate_Batch_p_ZL7threshs_161_ROM_AUTO_1R |          6 |          6 |       0 |    0 |     0 |      0 |      1 |          0 |
|           p_ZL7threshs_162_U                        | finn_design_MatrixVectorActivation_1_0_MatrixVectorActivation_1_Matrix_Vector_Activate_Batch_p_ZL7threshs_162_ROM_AUTO_1R |          6 |          6 |       0 |    0 |     0 |      0 |      1 |          0 |
|           p_ZL7threshs_163_U                        | finn_design_MatrixVectorActivation_1_0_MatrixVectorActivation_1_Matrix_Vector_Activate_Batch_p_ZL7threshs_163_ROM_AUTO_1R |          6 |          6 |       0 |    0 |     0 |      0 |      1 |          0 |
|           p_ZL7threshs_164_U                        | finn_design_MatrixVectorActivation_1_0_MatrixVectorActivation_1_Matrix_Vector_Activate_Batch_p_ZL7threshs_164_ROM_AUTO_1R |          6 |          6 |       0 |    0 |     0 |      0 |      1 |          0 |
|           p_ZL7threshs_165_U                        | finn_design_MatrixVectorActivation_1_0_MatrixVectorActivation_1_Matrix_Vector_Activate_Batch_p_ZL7threshs_165_ROM_AUTO_1R |          6 |          6 |       0 |    0 |     0 |      0 |      1 |          0 |
|           p_ZL7threshs_166_U                        | finn_design_MatrixVectorActivation_1_0_MatrixVectorActivation_1_Matrix_Vector_Activate_Batch_p_ZL7threshs_166_ROM_AUTO_1R |          6 |          6 |       0 |    0 |     0 |      0 |      1 |          0 |
|           p_ZL7threshs_167_U                        | finn_design_MatrixVectorActivation_1_0_MatrixVectorActivation_1_Matrix_Vector_Activate_Batch_p_ZL7threshs_167_ROM_AUTO_1R |          6 |          6 |       0 |    0 |     0 |      0 |      1 |          0 |
|           p_ZL7threshs_168_U                        | finn_design_MatrixVectorActivation_1_0_MatrixVectorActivation_1_Matrix_Vector_Activate_Batch_p_ZL7threshs_168_ROM_AUTO_1R |          6 |          6 |       0 |    0 |     0 |      0 |      1 |          0 |
|           p_ZL7threshs_169_U                        | finn_design_MatrixVectorActivation_1_0_MatrixVectorActivation_1_Matrix_Vector_Activate_Batch_p_ZL7threshs_169_ROM_AUTO_1R |          6 |          6 |       0 |    0 |     0 |      0 |      1 |          0 |
|           p_ZL7threshs_16_U                         |  finn_design_MatrixVectorActivation_1_0_MatrixVectorActivation_1_Matrix_Vector_Activate_Batch_p_ZL7threshs_16_ROM_AUTO_1R |          8 |          8 |       0 |    0 |     0 |      0 |      1 |          0 |
|           p_ZL7threshs_170_U                        | finn_design_MatrixVectorActivation_1_0_MatrixVectorActivation_1_Matrix_Vector_Activate_Batch_p_ZL7threshs_170_ROM_AUTO_1R |          6 |          6 |       0 |    0 |     0 |      0 |      1 |          0 |
|           p_ZL7threshs_171_U                        | finn_design_MatrixVectorActivation_1_0_MatrixVectorActivation_1_Matrix_Vector_Activate_Batch_p_ZL7threshs_171_ROM_AUTO_1R |          6 |          6 |       0 |    0 |     0 |      0 |      1 |          0 |
|           p_ZL7threshs_172_U                        | finn_design_MatrixVectorActivation_1_0_MatrixVectorActivation_1_Matrix_Vector_Activate_Batch_p_ZL7threshs_172_ROM_AUTO_1R |          6 |          6 |       0 |    0 |     0 |      0 |      1 |          0 |
|           p_ZL7threshs_173_U                        | finn_design_MatrixVectorActivation_1_0_MatrixVectorActivation_1_Matrix_Vector_Activate_Batch_p_ZL7threshs_173_ROM_AUTO_1R |          6 |          6 |       0 |    0 |     0 |      0 |      1 |          0 |
|           p_ZL7threshs_174_U                        | finn_design_MatrixVectorActivation_1_0_MatrixVectorActivation_1_Matrix_Vector_Activate_Batch_p_ZL7threshs_174_ROM_AUTO_1R |          6 |          6 |       0 |    0 |     0 |      0 |      1 |          0 |
|           p_ZL7threshs_175_U                        | finn_design_MatrixVectorActivation_1_0_MatrixVectorActivation_1_Matrix_Vector_Activate_Batch_p_ZL7threshs_175_ROM_AUTO_1R |          6 |          6 |       0 |    0 |     0 |      0 |      1 |          0 |
|           p_ZL7threshs_176_U                        | finn_design_MatrixVectorActivation_1_0_MatrixVectorActivation_1_Matrix_Vector_Activate_Batch_p_ZL7threshs_176_ROM_AUTO_1R |          6 |          6 |       0 |    0 |     0 |      0 |      1 |          0 |
|           p_ZL7threshs_177_U                        | finn_design_MatrixVectorActivation_1_0_MatrixVectorActivation_1_Matrix_Vector_Activate_Batch_p_ZL7threshs_177_ROM_AUTO_1R |         46 |         46 |       0 |    0 |    10 |      0 |      0 |          0 |
|           p_ZL7threshs_178_U                        | finn_design_MatrixVectorActivation_1_0_MatrixVectorActivation_1_Matrix_Vector_Activate_Batch_p_ZL7threshs_178_ROM_AUTO_1R |          6 |          6 |       0 |    0 |     0 |      0 |      1 |          0 |
|           p_ZL7threshs_179_U                        | finn_design_MatrixVectorActivation_1_0_MatrixVectorActivation_1_Matrix_Vector_Activate_Batch_p_ZL7threshs_179_ROM_AUTO_1R |         45 |         45 |       0 |    0 |    10 |      0 |      0 |          0 |
|           p_ZL7threshs_17_U                         |  finn_design_MatrixVectorActivation_1_0_MatrixVectorActivation_1_Matrix_Vector_Activate_Batch_p_ZL7threshs_17_ROM_AUTO_1R |          8 |          8 |       0 |    0 |     0 |      0 |      1 |          0 |
|           p_ZL7threshs_180_U                        | finn_design_MatrixVectorActivation_1_0_MatrixVectorActivation_1_Matrix_Vector_Activate_Batch_p_ZL7threshs_180_ROM_AUTO_1R |          6 |          6 |       0 |    0 |     0 |      0 |      1 |          0 |
|           p_ZL7threshs_181_U                        | finn_design_MatrixVectorActivation_1_0_MatrixVectorActivation_1_Matrix_Vector_Activate_Batch_p_ZL7threshs_181_ROM_AUTO_1R |          6 |          6 |       0 |    0 |     0 |      0 |      1 |          0 |
|           p_ZL7threshs_182_U                        | finn_design_MatrixVectorActivation_1_0_MatrixVectorActivation_1_Matrix_Vector_Activate_Batch_p_ZL7threshs_182_ROM_AUTO_1R |          6 |          6 |       0 |    0 |     0 |      0 |      1 |          0 |
|           p_ZL7threshs_183_U                        | finn_design_MatrixVectorActivation_1_0_MatrixVectorActivation_1_Matrix_Vector_Activate_Batch_p_ZL7threshs_183_ROM_AUTO_1R |          6 |          6 |       0 |    0 |     0 |      0 |      1 |          0 |
|           p_ZL7threshs_184_U                        | finn_design_MatrixVectorActivation_1_0_MatrixVectorActivation_1_Matrix_Vector_Activate_Batch_p_ZL7threshs_184_ROM_AUTO_1R |          6 |          6 |       0 |    0 |     0 |      0 |      1 |          0 |
|           p_ZL7threshs_185_U                        | finn_design_MatrixVectorActivation_1_0_MatrixVectorActivation_1_Matrix_Vector_Activate_Batch_p_ZL7threshs_185_ROM_AUTO_1R |          6 |          6 |       0 |    0 |     0 |      0 |      1 |          0 |
|           p_ZL7threshs_186_U                        | finn_design_MatrixVectorActivation_1_0_MatrixVectorActivation_1_Matrix_Vector_Activate_Batch_p_ZL7threshs_186_ROM_AUTO_1R |          6 |          6 |       0 |    0 |     0 |      0 |      1 |          0 |
|           p_ZL7threshs_187_U                        | finn_design_MatrixVectorActivation_1_0_MatrixVectorActivation_1_Matrix_Vector_Activate_Batch_p_ZL7threshs_187_ROM_AUTO_1R |          6 |          6 |       0 |    0 |     0 |      0 |      1 |          0 |
|           p_ZL7threshs_188_U                        | finn_design_MatrixVectorActivation_1_0_MatrixVectorActivation_1_Matrix_Vector_Activate_Batch_p_ZL7threshs_188_ROM_AUTO_1R |         45 |         45 |       0 |    0 |    10 |      0 |      0 |          0 |
|           p_ZL7threshs_189_U                        | finn_design_MatrixVectorActivation_1_0_MatrixVectorActivation_1_Matrix_Vector_Activate_Batch_p_ZL7threshs_189_ROM_AUTO_1R |          6 |          6 |       0 |    0 |     0 |      0 |      1 |          0 |
|           p_ZL7threshs_18_U                         |  finn_design_MatrixVectorActivation_1_0_MatrixVectorActivation_1_Matrix_Vector_Activate_Batch_p_ZL7threshs_18_ROM_AUTO_1R |          8 |          8 |       0 |    0 |     0 |      0 |      1 |          0 |
|           p_ZL7threshs_190_U                        | finn_design_MatrixVectorActivation_1_0_MatrixVectorActivation_1_Matrix_Vector_Activate_Batch_p_ZL7threshs_190_ROM_AUTO_1R |          6 |          6 |       0 |    0 |     0 |      0 |      1 |          0 |
|           p_ZL7threshs_191_U                        | finn_design_MatrixVectorActivation_1_0_MatrixVectorActivation_1_Matrix_Vector_Activate_Batch_p_ZL7threshs_191_ROM_AUTO_1R |          6 |          6 |       0 |    0 |     0 |      0 |      1 |          0 |
|           p_ZL7threshs_192_U                        | finn_design_MatrixVectorActivation_1_0_MatrixVectorActivation_1_Matrix_Vector_Activate_Batch_p_ZL7threshs_192_ROM_AUTO_1R |          6 |          6 |       0 |    0 |     0 |      0 |      1 |          0 |
|           p_ZL7threshs_193_U                        | finn_design_MatrixVectorActivation_1_0_MatrixVectorActivation_1_Matrix_Vector_Activate_Batch_p_ZL7threshs_193_ROM_AUTO_1R |          6 |          6 |       0 |    0 |     0 |      0 |      1 |          0 |
|           p_ZL7threshs_194_U                        | finn_design_MatrixVectorActivation_1_0_MatrixVectorActivation_1_Matrix_Vector_Activate_Batch_p_ZL7threshs_194_ROM_AUTO_1R |          6 |          6 |       0 |    0 |     0 |      0 |      1 |          0 |
|           p_ZL7threshs_195_U                        | finn_design_MatrixVectorActivation_1_0_MatrixVectorActivation_1_Matrix_Vector_Activate_Batch_p_ZL7threshs_195_ROM_AUTO_1R |         45 |         45 |       0 |    0 |    10 |      0 |      0 |          0 |
|           p_ZL7threshs_196_U                        | finn_design_MatrixVectorActivation_1_0_MatrixVectorActivation_1_Matrix_Vector_Activate_Batch_p_ZL7threshs_196_ROM_AUTO_1R |          6 |          6 |       0 |    0 |     0 |      0 |      1 |          0 |
|           p_ZL7threshs_197_U                        | finn_design_MatrixVectorActivation_1_0_MatrixVectorActivation_1_Matrix_Vector_Activate_Batch_p_ZL7threshs_197_ROM_AUTO_1R |         46 |         46 |       0 |    0 |    10 |      0 |      0 |          0 |
|           p_ZL7threshs_198_U                        | finn_design_MatrixVectorActivation_1_0_MatrixVectorActivation_1_Matrix_Vector_Activate_Batch_p_ZL7threshs_198_ROM_AUTO_1R |          6 |          6 |       0 |    0 |     0 |      0 |      1 |          0 |
|           p_ZL7threshs_199_U                        | finn_design_MatrixVectorActivation_1_0_MatrixVectorActivation_1_Matrix_Vector_Activate_Batch_p_ZL7threshs_199_ROM_AUTO_1R |          6 |          6 |       0 |    0 |     0 |      0 |      1 |          0 |
|           p_ZL7threshs_19_U                         |  finn_design_MatrixVectorActivation_1_0_MatrixVectorActivation_1_Matrix_Vector_Activate_Batch_p_ZL7threshs_19_ROM_AUTO_1R |          8 |          8 |       0 |    0 |     0 |      0 |      1 |          0 |
|           p_ZL7threshs_200_U                        | finn_design_MatrixVectorActivation_1_0_MatrixVectorActivation_1_Matrix_Vector_Activate_Batch_p_ZL7threshs_200_ROM_AUTO_1R |          6 |          6 |       0 |    0 |     0 |      0 |      1 |          0 |
|           p_ZL7threshs_201_U                        | finn_design_MatrixVectorActivation_1_0_MatrixVectorActivation_1_Matrix_Vector_Activate_Batch_p_ZL7threshs_201_ROM_AUTO_1R |          6 |          6 |       0 |    0 |     0 |      0 |      1 |          0 |
|           p_ZL7threshs_202_U                        | finn_design_MatrixVectorActivation_1_0_MatrixVectorActivation_1_Matrix_Vector_Activate_Batch_p_ZL7threshs_202_ROM_AUTO_1R |          6 |          6 |       0 |    0 |     0 |      0 |      1 |          0 |
|           p_ZL7threshs_203_U                        | finn_design_MatrixVectorActivation_1_0_MatrixVectorActivation_1_Matrix_Vector_Activate_Batch_p_ZL7threshs_203_ROM_AUTO_1R |          6 |          6 |       0 |    0 |     0 |      0 |      1 |          0 |
|           p_ZL7threshs_204_U                        | finn_design_MatrixVectorActivation_1_0_MatrixVectorActivation_1_Matrix_Vector_Activate_Batch_p_ZL7threshs_204_ROM_AUTO_1R |          6 |          6 |       0 |    0 |     0 |      0 |      1 |          0 |
|           p_ZL7threshs_205_U                        | finn_design_MatrixVectorActivation_1_0_MatrixVectorActivation_1_Matrix_Vector_Activate_Batch_p_ZL7threshs_205_ROM_AUTO_1R |          6 |          6 |       0 |    0 |     0 |      0 |      1 |          0 |
|           p_ZL7threshs_206_U                        | finn_design_MatrixVectorActivation_1_0_MatrixVectorActivation_1_Matrix_Vector_Activate_Batch_p_ZL7threshs_206_ROM_AUTO_1R |          6 |          6 |       0 |    0 |     0 |      0 |      1 |          0 |
|           p_ZL7threshs_207_U                        | finn_design_MatrixVectorActivation_1_0_MatrixVectorActivation_1_Matrix_Vector_Activate_Batch_p_ZL7threshs_207_ROM_AUTO_1R |          6 |          6 |       0 |    0 |     0 |      0 |      1 |          0 |
|           p_ZL7threshs_208_U                        | finn_design_MatrixVectorActivation_1_0_MatrixVectorActivation_1_Matrix_Vector_Activate_Batch_p_ZL7threshs_208_ROM_AUTO_1R |          6 |          6 |       0 |    0 |     0 |      0 |      1 |          0 |
|           p_ZL7threshs_209_U                        | finn_design_MatrixVectorActivation_1_0_MatrixVectorActivation_1_Matrix_Vector_Activate_Batch_p_ZL7threshs_209_ROM_AUTO_1R |          6 |          6 |       0 |    0 |     0 |      0 |      1 |          0 |
|           p_ZL7threshs_20_U                         |  finn_design_MatrixVectorActivation_1_0_MatrixVectorActivation_1_Matrix_Vector_Activate_Batch_p_ZL7threshs_20_ROM_AUTO_1R |          8 |          8 |       0 |    0 |     0 |      0 |      1 |          0 |
|           p_ZL7threshs_210_U                        | finn_design_MatrixVectorActivation_1_0_MatrixVectorActivation_1_Matrix_Vector_Activate_Batch_p_ZL7threshs_210_ROM_AUTO_1R |          6 |          6 |       0 |    0 |     0 |      0 |      1 |          0 |
|           p_ZL7threshs_211_U                        | finn_design_MatrixVectorActivation_1_0_MatrixVectorActivation_1_Matrix_Vector_Activate_Batch_p_ZL7threshs_211_ROM_AUTO_1R |          6 |          6 |       0 |    0 |     0 |      0 |      1 |          0 |
|           p_ZL7threshs_212_U                        | finn_design_MatrixVectorActivation_1_0_MatrixVectorActivation_1_Matrix_Vector_Activate_Batch_p_ZL7threshs_212_ROM_AUTO_1R |          6 |          6 |       0 |    0 |     0 |      0 |      1 |          0 |
|           p_ZL7threshs_213_U                        | finn_design_MatrixVectorActivation_1_0_MatrixVectorActivation_1_Matrix_Vector_Activate_Batch_p_ZL7threshs_213_ROM_AUTO_1R |          6 |          6 |       0 |    0 |     0 |      0 |      1 |          0 |
|           p_ZL7threshs_214_U                        | finn_design_MatrixVectorActivation_1_0_MatrixVectorActivation_1_Matrix_Vector_Activate_Batch_p_ZL7threshs_214_ROM_AUTO_1R |          6 |          6 |       0 |    0 |     0 |      0 |      1 |          0 |
|           p_ZL7threshs_215_U                        | finn_design_MatrixVectorActivation_1_0_MatrixVectorActivation_1_Matrix_Vector_Activate_Batch_p_ZL7threshs_215_ROM_AUTO_1R |          6 |          6 |       0 |    0 |     0 |      0 |      1 |          0 |
|           p_ZL7threshs_216_U                        | finn_design_MatrixVectorActivation_1_0_MatrixVectorActivation_1_Matrix_Vector_Activate_Batch_p_ZL7threshs_216_ROM_AUTO_1R |          6 |          6 |       0 |    0 |     0 |      0 |      1 |          0 |
|           p_ZL7threshs_217_U                        | finn_design_MatrixVectorActivation_1_0_MatrixVectorActivation_1_Matrix_Vector_Activate_Batch_p_ZL7threshs_217_ROM_AUTO_1R |          6 |          6 |       0 |    0 |     0 |      0 |      1 |          0 |
|           p_ZL7threshs_218_U                        | finn_design_MatrixVectorActivation_1_0_MatrixVectorActivation_1_Matrix_Vector_Activate_Batch_p_ZL7threshs_218_ROM_AUTO_1R |          6 |          6 |       0 |    0 |     0 |      0 |      1 |          0 |
|           p_ZL7threshs_219_U                        | finn_design_MatrixVectorActivation_1_0_MatrixVectorActivation_1_Matrix_Vector_Activate_Batch_p_ZL7threshs_219_ROM_AUTO_1R |          6 |          6 |       0 |    0 |     0 |      0 |      1 |          0 |
|           p_ZL7threshs_21_U                         |  finn_design_MatrixVectorActivation_1_0_MatrixVectorActivation_1_Matrix_Vector_Activate_Batch_p_ZL7threshs_21_ROM_AUTO_1R |          8 |          8 |       0 |    0 |     0 |      0 |      1 |          0 |
|           p_ZL7threshs_220_U                        | finn_design_MatrixVectorActivation_1_0_MatrixVectorActivation_1_Matrix_Vector_Activate_Batch_p_ZL7threshs_220_ROM_AUTO_1R |          6 |          6 |       0 |    0 |     0 |      0 |      1 |          0 |
|           p_ZL7threshs_221_U                        | finn_design_MatrixVectorActivation_1_0_MatrixVectorActivation_1_Matrix_Vector_Activate_Batch_p_ZL7threshs_221_ROM_AUTO_1R |          6 |          6 |       0 |    0 |     0 |      0 |      1 |          0 |
|           p_ZL7threshs_222_U                        | finn_design_MatrixVectorActivation_1_0_MatrixVectorActivation_1_Matrix_Vector_Activate_Batch_p_ZL7threshs_222_ROM_AUTO_1R |          6 |          6 |       0 |    0 |     0 |      0 |      1 |          0 |
|           p_ZL7threshs_223_U                        | finn_design_MatrixVectorActivation_1_0_MatrixVectorActivation_1_Matrix_Vector_Activate_Batch_p_ZL7threshs_223_ROM_AUTO_1R |          6 |          6 |       0 |    0 |     0 |      0 |      1 |          0 |
|           p_ZL7threshs_224_U                        | finn_design_MatrixVectorActivation_1_0_MatrixVectorActivation_1_Matrix_Vector_Activate_Batch_p_ZL7threshs_224_ROM_AUTO_1R |          6 |          6 |       0 |    0 |     0 |      0 |      1 |          0 |
|           p_ZL7threshs_225_U                        | finn_design_MatrixVectorActivation_1_0_MatrixVectorActivation_1_Matrix_Vector_Activate_Batch_p_ZL7threshs_225_ROM_AUTO_1R |          6 |          6 |       0 |    0 |     0 |      0 |      1 |          0 |
|           p_ZL7threshs_226_U                        | finn_design_MatrixVectorActivation_1_0_MatrixVectorActivation_1_Matrix_Vector_Activate_Batch_p_ZL7threshs_226_ROM_AUTO_1R |          6 |          6 |       0 |    0 |     0 |      0 |      1 |          0 |
|           p_ZL7threshs_227_U                        | finn_design_MatrixVectorActivation_1_0_MatrixVectorActivation_1_Matrix_Vector_Activate_Batch_p_ZL7threshs_227_ROM_AUTO_1R |          6 |          6 |       0 |    0 |     0 |      0 |      1 |          0 |
|           p_ZL7threshs_228_U                        | finn_design_MatrixVectorActivation_1_0_MatrixVectorActivation_1_Matrix_Vector_Activate_Batch_p_ZL7threshs_228_ROM_AUTO_1R |          6 |          6 |       0 |    0 |     0 |      0 |      1 |          0 |
|           p_ZL7threshs_229_U                        | finn_design_MatrixVectorActivation_1_0_MatrixVectorActivation_1_Matrix_Vector_Activate_Batch_p_ZL7threshs_229_ROM_AUTO_1R |          6 |          6 |       0 |    0 |     0 |      0 |      1 |          0 |
|           p_ZL7threshs_22_U                         |  finn_design_MatrixVectorActivation_1_0_MatrixVectorActivation_1_Matrix_Vector_Activate_Batch_p_ZL7threshs_22_ROM_AUTO_1R |          8 |          8 |       0 |    0 |     0 |      0 |      1 |          0 |
|           p_ZL7threshs_230_U                        | finn_design_MatrixVectorActivation_1_0_MatrixVectorActivation_1_Matrix_Vector_Activate_Batch_p_ZL7threshs_230_ROM_AUTO_1R |          6 |          6 |       0 |    0 |     0 |      0 |      1 |          0 |
|           p_ZL7threshs_232_U                        | finn_design_MatrixVectorActivation_1_0_MatrixVectorActivation_1_Matrix_Vector_Activate_Batch_p_ZL7threshs_232_ROM_AUTO_1R |          6 |          6 |       0 |    0 |     0 |      0 |      1 |          0 |
|           p_ZL7threshs_233_U                        | finn_design_MatrixVectorActivation_1_0_MatrixVectorActivation_1_Matrix_Vector_Activate_Batch_p_ZL7threshs_233_ROM_AUTO_1R |          6 |          6 |       0 |    0 |     0 |      0 |      1 |          0 |
|           p_ZL7threshs_234_U                        | finn_design_MatrixVectorActivation_1_0_MatrixVectorActivation_1_Matrix_Vector_Activate_Batch_p_ZL7threshs_234_ROM_AUTO_1R |          6 |          6 |       0 |    0 |     0 |      0 |      1 |          0 |
|           p_ZL7threshs_235_U                        | finn_design_MatrixVectorActivation_1_0_MatrixVectorActivation_1_Matrix_Vector_Activate_Batch_p_ZL7threshs_235_ROM_AUTO_1R |          6 |          6 |       0 |    0 |     0 |      0 |      1 |          0 |
|           p_ZL7threshs_236_U                        | finn_design_MatrixVectorActivation_1_0_MatrixVectorActivation_1_Matrix_Vector_Activate_Batch_p_ZL7threshs_236_ROM_AUTO_1R |          6 |          6 |       0 |    0 |     0 |      0 |      1 |          0 |
|           p_ZL7threshs_237_U                        | finn_design_MatrixVectorActivation_1_0_MatrixVectorActivation_1_Matrix_Vector_Activate_Batch_p_ZL7threshs_237_ROM_AUTO_1R |          6 |          6 |       0 |    0 |     0 |      0 |      1 |          0 |
|           p_ZL7threshs_238_U                        | finn_design_MatrixVectorActivation_1_0_MatrixVectorActivation_1_Matrix_Vector_Activate_Batch_p_ZL7threshs_238_ROM_AUTO_1R |          6 |          6 |       0 |    0 |     0 |      0 |      1 |          0 |
|           p_ZL7threshs_239_U                        | finn_design_MatrixVectorActivation_1_0_MatrixVectorActivation_1_Matrix_Vector_Activate_Batch_p_ZL7threshs_239_ROM_AUTO_1R |          6 |          6 |       0 |    0 |     0 |      0 |      1 |          0 |
|           p_ZL7threshs_23_U                         |  finn_design_MatrixVectorActivation_1_0_MatrixVectorActivation_1_Matrix_Vector_Activate_Batch_p_ZL7threshs_23_ROM_AUTO_1R |          8 |          8 |       0 |    0 |     0 |      0 |      1 |          0 |
|           p_ZL7threshs_240_U                        | finn_design_MatrixVectorActivation_1_0_MatrixVectorActivation_1_Matrix_Vector_Activate_Batch_p_ZL7threshs_240_ROM_AUTO_1R |          6 |          6 |       0 |    0 |     0 |      0 |      1 |          0 |
|           p_ZL7threshs_241_U                        | finn_design_MatrixVectorActivation_1_0_MatrixVectorActivation_1_Matrix_Vector_Activate_Batch_p_ZL7threshs_241_ROM_AUTO_1R |          6 |          6 |       0 |    0 |     0 |      0 |      1 |          0 |
|           p_ZL7threshs_242_U                        | finn_design_MatrixVectorActivation_1_0_MatrixVectorActivation_1_Matrix_Vector_Activate_Batch_p_ZL7threshs_242_ROM_AUTO_1R |          6 |          6 |       0 |    0 |     0 |      0 |      1 |          0 |
|           p_ZL7threshs_243_U                        | finn_design_MatrixVectorActivation_1_0_MatrixVectorActivation_1_Matrix_Vector_Activate_Batch_p_ZL7threshs_243_ROM_AUTO_1R |          6 |          6 |       0 |    0 |     0 |      0 |      1 |          0 |
|           p_ZL7threshs_244_U                        | finn_design_MatrixVectorActivation_1_0_MatrixVectorActivation_1_Matrix_Vector_Activate_Batch_p_ZL7threshs_244_ROM_AUTO_1R |          6 |          6 |       0 |    0 |     0 |      0 |      1 |          0 |
|           p_ZL7threshs_245_U                        | finn_design_MatrixVectorActivation_1_0_MatrixVectorActivation_1_Matrix_Vector_Activate_Batch_p_ZL7threshs_245_ROM_AUTO_1R |          6 |          6 |       0 |    0 |     0 |      0 |      1 |          0 |
|           p_ZL7threshs_246_U                        | finn_design_MatrixVectorActivation_1_0_MatrixVectorActivation_1_Matrix_Vector_Activate_Batch_p_ZL7threshs_246_ROM_AUTO_1R |          6 |          6 |       0 |    0 |     0 |      0 |      1 |          0 |
|           p_ZL7threshs_247_U                        | finn_design_MatrixVectorActivation_1_0_MatrixVectorActivation_1_Matrix_Vector_Activate_Batch_p_ZL7threshs_247_ROM_AUTO_1R |          6 |          6 |       0 |    0 |     0 |      0 |      1 |          0 |
|           p_ZL7threshs_248_U                        | finn_design_MatrixVectorActivation_1_0_MatrixVectorActivation_1_Matrix_Vector_Activate_Batch_p_ZL7threshs_248_ROM_AUTO_1R |          6 |          6 |       0 |    0 |     0 |      0 |      1 |          0 |
|           p_ZL7threshs_249_U                        | finn_design_MatrixVectorActivation_1_0_MatrixVectorActivation_1_Matrix_Vector_Activate_Batch_p_ZL7threshs_249_ROM_AUTO_1R |          6 |          6 |       0 |    0 |     0 |      0 |      1 |          0 |
|           p_ZL7threshs_24_U                         |  finn_design_MatrixVectorActivation_1_0_MatrixVectorActivation_1_Matrix_Vector_Activate_Batch_p_ZL7threshs_24_ROM_AUTO_1R |          8 |          8 |       0 |    0 |     0 |      0 |      1 |          0 |
|           p_ZL7threshs_250_U                        | finn_design_MatrixVectorActivation_1_0_MatrixVectorActivation_1_Matrix_Vector_Activate_Batch_p_ZL7threshs_250_ROM_AUTO_1R |          6 |          6 |       0 |    0 |     0 |      0 |      1 |          0 |
|           p_ZL7threshs_251_U                        | finn_design_MatrixVectorActivation_1_0_MatrixVectorActivation_1_Matrix_Vector_Activate_Batch_p_ZL7threshs_251_ROM_AUTO_1R |          6 |          6 |       0 |    0 |     0 |      0 |      1 |          0 |
|           p_ZL7threshs_252_U                        | finn_design_MatrixVectorActivation_1_0_MatrixVectorActivation_1_Matrix_Vector_Activate_Batch_p_ZL7threshs_252_ROM_AUTO_1R |          6 |          6 |       0 |    0 |     0 |      0 |      1 |          0 |
|           p_ZL7threshs_253_U                        | finn_design_MatrixVectorActivation_1_0_MatrixVectorActivation_1_Matrix_Vector_Activate_Batch_p_ZL7threshs_253_ROM_AUTO_1R |          6 |          6 |       0 |    0 |     0 |      0 |      1 |          0 |
|           p_ZL7threshs_254_U                        | finn_design_MatrixVectorActivation_1_0_MatrixVectorActivation_1_Matrix_Vector_Activate_Batch_p_ZL7threshs_254_ROM_AUTO_1R |          6 |          6 |       0 |    0 |     0 |      0 |      1 |          0 |
|           p_ZL7threshs_25_U                         |  finn_design_MatrixVectorActivation_1_0_MatrixVectorActivation_1_Matrix_Vector_Activate_Batch_p_ZL7threshs_25_ROM_AUTO_1R |          8 |          8 |       0 |    0 |     0 |      0 |      1 |          0 |
|           p_ZL7threshs_26_U                         |  finn_design_MatrixVectorActivation_1_0_MatrixVectorActivation_1_Matrix_Vector_Activate_Batch_p_ZL7threshs_26_ROM_AUTO_1R |          8 |          8 |       0 |    0 |     0 |      0 |      1 |          0 |
|           p_ZL7threshs_27_U                         |  finn_design_MatrixVectorActivation_1_0_MatrixVectorActivation_1_Matrix_Vector_Activate_Batch_p_ZL7threshs_27_ROM_AUTO_1R |          8 |          8 |       0 |    0 |     0 |      0 |      1 |          0 |
|           p_ZL7threshs_28_U                         |  finn_design_MatrixVectorActivation_1_0_MatrixVectorActivation_1_Matrix_Vector_Activate_Batch_p_ZL7threshs_28_ROM_AUTO_1R |          8 |          8 |       0 |    0 |     0 |      0 |      1 |          0 |
|           p_ZL7threshs_29_U                         |  finn_design_MatrixVectorActivation_1_0_MatrixVectorActivation_1_Matrix_Vector_Activate_Batch_p_ZL7threshs_29_ROM_AUTO_1R |          8 |          8 |       0 |    0 |     0 |      0 |      1 |          0 |
|           p_ZL7threshs_30_U                         |  finn_design_MatrixVectorActivation_1_0_MatrixVectorActivation_1_Matrix_Vector_Activate_Batch_p_ZL7threshs_30_ROM_AUTO_1R |          8 |          8 |       0 |    0 |     0 |      0 |      1 |          0 |
|           p_ZL7threshs_31_U                         |  finn_design_MatrixVectorActivation_1_0_MatrixVectorActivation_1_Matrix_Vector_Activate_Batch_p_ZL7threshs_31_ROM_AUTO_1R |          8 |          8 |       0 |    0 |     0 |      0 |      1 |          0 |
|           p_ZL7threshs_32_U                         |  finn_design_MatrixVectorActivation_1_0_MatrixVectorActivation_1_Matrix_Vector_Activate_Batch_p_ZL7threshs_32_ROM_AUTO_1R |          8 |          8 |       0 |    0 |     0 |      0 |      1 |          0 |
|           p_ZL7threshs_33_U                         |  finn_design_MatrixVectorActivation_1_0_MatrixVectorActivation_1_Matrix_Vector_Activate_Batch_p_ZL7threshs_33_ROM_AUTO_1R |          8 |          8 |       0 |    0 |     0 |      0 |      1 |          0 |
|           p_ZL7threshs_34_U                         |  finn_design_MatrixVectorActivation_1_0_MatrixVectorActivation_1_Matrix_Vector_Activate_Batch_p_ZL7threshs_34_ROM_AUTO_1R |          8 |          8 |       0 |    0 |     0 |      0 |      1 |          0 |
|           p_ZL7threshs_35_U                         |  finn_design_MatrixVectorActivation_1_0_MatrixVectorActivation_1_Matrix_Vector_Activate_Batch_p_ZL7threshs_35_ROM_AUTO_1R |          8 |          8 |       0 |    0 |     0 |      0 |      1 |          0 |
|           p_ZL7threshs_36_U                         |  finn_design_MatrixVectorActivation_1_0_MatrixVectorActivation_1_Matrix_Vector_Activate_Batch_p_ZL7threshs_36_ROM_AUTO_1R |          8 |          8 |       0 |    0 |     0 |      0 |      1 |          0 |
|           p_ZL7threshs_37_U                         |  finn_design_MatrixVectorActivation_1_0_MatrixVectorActivation_1_Matrix_Vector_Activate_Batch_p_ZL7threshs_37_ROM_AUTO_1R |          8 |          8 |       0 |    0 |     0 |      0 |      1 |          0 |
|           p_ZL7threshs_38_U                         |  finn_design_MatrixVectorActivation_1_0_MatrixVectorActivation_1_Matrix_Vector_Activate_Batch_p_ZL7threshs_38_ROM_AUTO_1R |          8 |          8 |       0 |    0 |     0 |      0 |      1 |          0 |
|           p_ZL7threshs_39_U                         |  finn_design_MatrixVectorActivation_1_0_MatrixVectorActivation_1_Matrix_Vector_Activate_Batch_p_ZL7threshs_39_ROM_AUTO_1R |          8 |          8 |       0 |    0 |     0 |      0 |      1 |          0 |
|           p_ZL7threshs_3_U                          |   finn_design_MatrixVectorActivation_1_0_MatrixVectorActivation_1_Matrix_Vector_Activate_Batch_p_ZL7threshs_3_ROM_AUTO_1R |          8 |          8 |       0 |    0 |     0 |      0 |      1 |          0 |
|           p_ZL7threshs_40_U                         |  finn_design_MatrixVectorActivation_1_0_MatrixVectorActivation_1_Matrix_Vector_Activate_Batch_p_ZL7threshs_40_ROM_AUTO_1R |          8 |          8 |       0 |    0 |     0 |      0 |      1 |          0 |
|           p_ZL7threshs_41_U                         |  finn_design_MatrixVectorActivation_1_0_MatrixVectorActivation_1_Matrix_Vector_Activate_Batch_p_ZL7threshs_41_ROM_AUTO_1R |          8 |          8 |       0 |    0 |     0 |      0 |      1 |          0 |
|           p_ZL7threshs_42_U                         |  finn_design_MatrixVectorActivation_1_0_MatrixVectorActivation_1_Matrix_Vector_Activate_Batch_p_ZL7threshs_42_ROM_AUTO_1R |          8 |          8 |       0 |    0 |     0 |      0 |      1 |          0 |
|           p_ZL7threshs_43_U                         |  finn_design_MatrixVectorActivation_1_0_MatrixVectorActivation_1_Matrix_Vector_Activate_Batch_p_ZL7threshs_43_ROM_AUTO_1R |          8 |          8 |       0 |    0 |     0 |      0 |      1 |          0 |
|           p_ZL7threshs_44_U                         |  finn_design_MatrixVectorActivation_1_0_MatrixVectorActivation_1_Matrix_Vector_Activate_Batch_p_ZL7threshs_44_ROM_AUTO_1R |          8 |          8 |       0 |    0 |     0 |      0 |      1 |          0 |
|           p_ZL7threshs_45_U                         |  finn_design_MatrixVectorActivation_1_0_MatrixVectorActivation_1_Matrix_Vector_Activate_Batch_p_ZL7threshs_45_ROM_AUTO_1R |          8 |          8 |       0 |    0 |     0 |      0 |      1 |          0 |
|           p_ZL7threshs_46_U                         |  finn_design_MatrixVectorActivation_1_0_MatrixVectorActivation_1_Matrix_Vector_Activate_Batch_p_ZL7threshs_46_ROM_AUTO_1R |          8 |          8 |       0 |    0 |     0 |      0 |      1 |          0 |
|           p_ZL7threshs_47_U                         |  finn_design_MatrixVectorActivation_1_0_MatrixVectorActivation_1_Matrix_Vector_Activate_Batch_p_ZL7threshs_47_ROM_AUTO_1R |          8 |          8 |       0 |    0 |     0 |      0 |      1 |          0 |
|           p_ZL7threshs_48_U                         |  finn_design_MatrixVectorActivation_1_0_MatrixVectorActivation_1_Matrix_Vector_Activate_Batch_p_ZL7threshs_48_ROM_AUTO_1R |          8 |          8 |       0 |    0 |     0 |      0 |      1 |          0 |
|           p_ZL7threshs_49_U                         |  finn_design_MatrixVectorActivation_1_0_MatrixVectorActivation_1_Matrix_Vector_Activate_Batch_p_ZL7threshs_49_ROM_AUTO_1R |          8 |          8 |       0 |    0 |     0 |      0 |      1 |          0 |
|           p_ZL7threshs_4_U                          |   finn_design_MatrixVectorActivation_1_0_MatrixVectorActivation_1_Matrix_Vector_Activate_Batch_p_ZL7threshs_4_ROM_AUTO_1R |          8 |          8 |       0 |    0 |     0 |      0 |      1 |          0 |
|           p_ZL7threshs_50_U                         |  finn_design_MatrixVectorActivation_1_0_MatrixVectorActivation_1_Matrix_Vector_Activate_Batch_p_ZL7threshs_50_ROM_AUTO_1R |          8 |          8 |       0 |    0 |     0 |      0 |      1 |          0 |
|           p_ZL7threshs_51_U                         |  finn_design_MatrixVectorActivation_1_0_MatrixVectorActivation_1_Matrix_Vector_Activate_Batch_p_ZL7threshs_51_ROM_AUTO_1R |          8 |          8 |       0 |    0 |     0 |      0 |      1 |          0 |
|           p_ZL7threshs_52_U                         |  finn_design_MatrixVectorActivation_1_0_MatrixVectorActivation_1_Matrix_Vector_Activate_Batch_p_ZL7threshs_52_ROM_AUTO_1R |          8 |          8 |       0 |    0 |     0 |      0 |      1 |          0 |
|           p_ZL7threshs_53_U                         |  finn_design_MatrixVectorActivation_1_0_MatrixVectorActivation_1_Matrix_Vector_Activate_Batch_p_ZL7threshs_53_ROM_AUTO_1R |          8 |          8 |       0 |    0 |     0 |      0 |      1 |          0 |
|           p_ZL7threshs_54_U                         |  finn_design_MatrixVectorActivation_1_0_MatrixVectorActivation_1_Matrix_Vector_Activate_Batch_p_ZL7threshs_54_ROM_AUTO_1R |          8 |          8 |       0 |    0 |     0 |      0 |      1 |          0 |
|           p_ZL7threshs_55_U                         |  finn_design_MatrixVectorActivation_1_0_MatrixVectorActivation_1_Matrix_Vector_Activate_Batch_p_ZL7threshs_55_ROM_AUTO_1R |          8 |          8 |       0 |    0 |     0 |      0 |      1 |          0 |
|           p_ZL7threshs_56_U                         |  finn_design_MatrixVectorActivation_1_0_MatrixVectorActivation_1_Matrix_Vector_Activate_Batch_p_ZL7threshs_56_ROM_AUTO_1R |          8 |          8 |       0 |    0 |     0 |      0 |      1 |          0 |
|           p_ZL7threshs_57_U                         |  finn_design_MatrixVectorActivation_1_0_MatrixVectorActivation_1_Matrix_Vector_Activate_Batch_p_ZL7threshs_57_ROM_AUTO_1R |          5 |          5 |       0 |    0 |     0 |      0 |      1 |          0 |
|           p_ZL7threshs_58_U                         |  finn_design_MatrixVectorActivation_1_0_MatrixVectorActivation_1_Matrix_Vector_Activate_Batch_p_ZL7threshs_58_ROM_AUTO_1R |          6 |          6 |       0 |    0 |     0 |      0 |      1 |          0 |
|           p_ZL7threshs_59_U                         |  finn_design_MatrixVectorActivation_1_0_MatrixVectorActivation_1_Matrix_Vector_Activate_Batch_p_ZL7threshs_59_ROM_AUTO_1R |          6 |          6 |       0 |    0 |     0 |      0 |      1 |          0 |
|           p_ZL7threshs_5_U                          |   finn_design_MatrixVectorActivation_1_0_MatrixVectorActivation_1_Matrix_Vector_Activate_Batch_p_ZL7threshs_5_ROM_AUTO_1R |          8 |          8 |       0 |    0 |     0 |      0 |      1 |          0 |
|           p_ZL7threshs_60_U                         |  finn_design_MatrixVectorActivation_1_0_MatrixVectorActivation_1_Matrix_Vector_Activate_Batch_p_ZL7threshs_60_ROM_AUTO_1R |          6 |          6 |       0 |    0 |     0 |      0 |      1 |          0 |
|           p_ZL7threshs_61_U                         |  finn_design_MatrixVectorActivation_1_0_MatrixVectorActivation_1_Matrix_Vector_Activate_Batch_p_ZL7threshs_61_ROM_AUTO_1R |          6 |          6 |       0 |    0 |     0 |      0 |      1 |          0 |
|           p_ZL7threshs_62_U                         |  finn_design_MatrixVectorActivation_1_0_MatrixVectorActivation_1_Matrix_Vector_Activate_Batch_p_ZL7threshs_62_ROM_AUTO_1R |          6 |          6 |       0 |    0 |     0 |      0 |      1 |          0 |
|           p_ZL7threshs_63_U                         |  finn_design_MatrixVectorActivation_1_0_MatrixVectorActivation_1_Matrix_Vector_Activate_Batch_p_ZL7threshs_63_ROM_AUTO_1R |          6 |          6 |       0 |    0 |     0 |      0 |      1 |          0 |
|           p_ZL7threshs_64_U                         |  finn_design_MatrixVectorActivation_1_0_MatrixVectorActivation_1_Matrix_Vector_Activate_Batch_p_ZL7threshs_64_ROM_AUTO_1R |          6 |          6 |       0 |    0 |     0 |      0 |      1 |          0 |
|           p_ZL7threshs_65_U                         |  finn_design_MatrixVectorActivation_1_0_MatrixVectorActivation_1_Matrix_Vector_Activate_Batch_p_ZL7threshs_65_ROM_AUTO_1R |          6 |          6 |       0 |    0 |     0 |      0 |      1 |          0 |
|           p_ZL7threshs_66_U                         |  finn_design_MatrixVectorActivation_1_0_MatrixVectorActivation_1_Matrix_Vector_Activate_Batch_p_ZL7threshs_66_ROM_AUTO_1R |          6 |          6 |       0 |    0 |     0 |      0 |      1 |          0 |
|           p_ZL7threshs_67_U                         |  finn_design_MatrixVectorActivation_1_0_MatrixVectorActivation_1_Matrix_Vector_Activate_Batch_p_ZL7threshs_67_ROM_AUTO_1R |          6 |          6 |       0 |    0 |     0 |      0 |      1 |          0 |
|           p_ZL7threshs_68_U                         |  finn_design_MatrixVectorActivation_1_0_MatrixVectorActivation_1_Matrix_Vector_Activate_Batch_p_ZL7threshs_68_ROM_AUTO_1R |          6 |          6 |       0 |    0 |     0 |      0 |      1 |          0 |
|           p_ZL7threshs_69_U                         |  finn_design_MatrixVectorActivation_1_0_MatrixVectorActivation_1_Matrix_Vector_Activate_Batch_p_ZL7threshs_69_ROM_AUTO_1R |          6 |          6 |       0 |    0 |     0 |      0 |      1 |          0 |
|           p_ZL7threshs_6_U                          |   finn_design_MatrixVectorActivation_1_0_MatrixVectorActivation_1_Matrix_Vector_Activate_Batch_p_ZL7threshs_6_ROM_AUTO_1R |          8 |          8 |       0 |    0 |     0 |      0 |      1 |          0 |
|           p_ZL7threshs_70_U                         |  finn_design_MatrixVectorActivation_1_0_MatrixVectorActivation_1_Matrix_Vector_Activate_Batch_p_ZL7threshs_70_ROM_AUTO_1R |          6 |          6 |       0 |    0 |     0 |      0 |      1 |          0 |
|           p_ZL7threshs_71_U                         |  finn_design_MatrixVectorActivation_1_0_MatrixVectorActivation_1_Matrix_Vector_Activate_Batch_p_ZL7threshs_71_ROM_AUTO_1R |          6 |          6 |       0 |    0 |     0 |      0 |      1 |          0 |
|           p_ZL7threshs_72_U                         |  finn_design_MatrixVectorActivation_1_0_MatrixVectorActivation_1_Matrix_Vector_Activate_Batch_p_ZL7threshs_72_ROM_AUTO_1R |          6 |          6 |       0 |    0 |     0 |      0 |      1 |          0 |
|           p_ZL7threshs_73_U                         |  finn_design_MatrixVectorActivation_1_0_MatrixVectorActivation_1_Matrix_Vector_Activate_Batch_p_ZL7threshs_73_ROM_AUTO_1R |          6 |          6 |       0 |    0 |     0 |      0 |      1 |          0 |
|           p_ZL7threshs_74_U                         |  finn_design_MatrixVectorActivation_1_0_MatrixVectorActivation_1_Matrix_Vector_Activate_Batch_p_ZL7threshs_74_ROM_AUTO_1R |          6 |          6 |       0 |    0 |     0 |      0 |      1 |          0 |
|           p_ZL7threshs_75_U                         |  finn_design_MatrixVectorActivation_1_0_MatrixVectorActivation_1_Matrix_Vector_Activate_Batch_p_ZL7threshs_75_ROM_AUTO_1R |          6 |          6 |       0 |    0 |     0 |      0 |      1 |          0 |
|           p_ZL7threshs_76_U                         |  finn_design_MatrixVectorActivation_1_0_MatrixVectorActivation_1_Matrix_Vector_Activate_Batch_p_ZL7threshs_76_ROM_AUTO_1R |          6 |          6 |       0 |    0 |     0 |      0 |      1 |          0 |
|           p_ZL7threshs_77_U                         |  finn_design_MatrixVectorActivation_1_0_MatrixVectorActivation_1_Matrix_Vector_Activate_Batch_p_ZL7threshs_77_ROM_AUTO_1R |          6 |          6 |       0 |    0 |     0 |      0 |      1 |          0 |
|           p_ZL7threshs_78_U                         |  finn_design_MatrixVectorActivation_1_0_MatrixVectorActivation_1_Matrix_Vector_Activate_Batch_p_ZL7threshs_78_ROM_AUTO_1R |          6 |          6 |       0 |    0 |     0 |      0 |      1 |          0 |
|           p_ZL7threshs_79_U                         |  finn_design_MatrixVectorActivation_1_0_MatrixVectorActivation_1_Matrix_Vector_Activate_Batch_p_ZL7threshs_79_ROM_AUTO_1R |          6 |          6 |       0 |    0 |     0 |      0 |      1 |          0 |
|           p_ZL7threshs_7_U                          |   finn_design_MatrixVectorActivation_1_0_MatrixVectorActivation_1_Matrix_Vector_Activate_Batch_p_ZL7threshs_7_ROM_AUTO_1R |          8 |          8 |       0 |    0 |     0 |      0 |      1 |          0 |
|           p_ZL7threshs_80_U                         |  finn_design_MatrixVectorActivation_1_0_MatrixVectorActivation_1_Matrix_Vector_Activate_Batch_p_ZL7threshs_80_ROM_AUTO_1R |          6 |          6 |       0 |    0 |     0 |      0 |      1 |          0 |
|           p_ZL7threshs_81_U                         |  finn_design_MatrixVectorActivation_1_0_MatrixVectorActivation_1_Matrix_Vector_Activate_Batch_p_ZL7threshs_81_ROM_AUTO_1R |          6 |          6 |       0 |    0 |     0 |      0 |      1 |          0 |
|           p_ZL7threshs_82_U                         |  finn_design_MatrixVectorActivation_1_0_MatrixVectorActivation_1_Matrix_Vector_Activate_Batch_p_ZL7threshs_82_ROM_AUTO_1R |          6 |          6 |       0 |    0 |     0 |      0 |      1 |          0 |
|           p_ZL7threshs_83_U                         |  finn_design_MatrixVectorActivation_1_0_MatrixVectorActivation_1_Matrix_Vector_Activate_Batch_p_ZL7threshs_83_ROM_AUTO_1R |          6 |          6 |       0 |    0 |     0 |      0 |      1 |          0 |
|           p_ZL7threshs_84_U                         |  finn_design_MatrixVectorActivation_1_0_MatrixVectorActivation_1_Matrix_Vector_Activate_Batch_p_ZL7threshs_84_ROM_AUTO_1R |          6 |          6 |       0 |    0 |     0 |      0 |      1 |          0 |
|           p_ZL7threshs_85_U                         |  finn_design_MatrixVectorActivation_1_0_MatrixVectorActivation_1_Matrix_Vector_Activate_Batch_p_ZL7threshs_85_ROM_AUTO_1R |          6 |          6 |       0 |    0 |     0 |      0 |      1 |          0 |
|           p_ZL7threshs_86_U                         |  finn_design_MatrixVectorActivation_1_0_MatrixVectorActivation_1_Matrix_Vector_Activate_Batch_p_ZL7threshs_86_ROM_AUTO_1R |          6 |          6 |       0 |    0 |     0 |      0 |      1 |          0 |
|           p_ZL7threshs_87_U                         |  finn_design_MatrixVectorActivation_1_0_MatrixVectorActivation_1_Matrix_Vector_Activate_Batch_p_ZL7threshs_87_ROM_AUTO_1R |          6 |          6 |       0 |    0 |     0 |      0 |      1 |          0 |
|           p_ZL7threshs_88_U                         |  finn_design_MatrixVectorActivation_1_0_MatrixVectorActivation_1_Matrix_Vector_Activate_Batch_p_ZL7threshs_88_ROM_AUTO_1R |          6 |          6 |       0 |    0 |     0 |      0 |      1 |          0 |
|           p_ZL7threshs_89_U                         |  finn_design_MatrixVectorActivation_1_0_MatrixVectorActivation_1_Matrix_Vector_Activate_Batch_p_ZL7threshs_89_ROM_AUTO_1R |          6 |          6 |       0 |    0 |     0 |      0 |      1 |          0 |
|           p_ZL7threshs_8_U                          |   finn_design_MatrixVectorActivation_1_0_MatrixVectorActivation_1_Matrix_Vector_Activate_Batch_p_ZL7threshs_8_ROM_AUTO_1R |          8 |          8 |       0 |    0 |     0 |      0 |      1 |          0 |
|           p_ZL7threshs_90_U                         |  finn_design_MatrixVectorActivation_1_0_MatrixVectorActivation_1_Matrix_Vector_Activate_Batch_p_ZL7threshs_90_ROM_AUTO_1R |          6 |          6 |       0 |    0 |     0 |      0 |      1 |          0 |
|           p_ZL7threshs_91_U                         |  finn_design_MatrixVectorActivation_1_0_MatrixVectorActivation_1_Matrix_Vector_Activate_Batch_p_ZL7threshs_91_ROM_AUTO_1R |          6 |          6 |       0 |    0 |     0 |      0 |      1 |          0 |
|           p_ZL7threshs_92_U                         |  finn_design_MatrixVectorActivation_1_0_MatrixVectorActivation_1_Matrix_Vector_Activate_Batch_p_ZL7threshs_92_ROM_AUTO_1R |          6 |          6 |       0 |    0 |     0 |      0 |      1 |          0 |
|           p_ZL7threshs_93_U                         |  finn_design_MatrixVectorActivation_1_0_MatrixVectorActivation_1_Matrix_Vector_Activate_Batch_p_ZL7threshs_93_ROM_AUTO_1R |          6 |          6 |       0 |    0 |     0 |      0 |      1 |          0 |
|           p_ZL7threshs_94_U                         |  finn_design_MatrixVectorActivation_1_0_MatrixVectorActivation_1_Matrix_Vector_Activate_Batch_p_ZL7threshs_94_ROM_AUTO_1R |          6 |          6 |       0 |    0 |     0 |      0 |      1 |          0 |
|           p_ZL7threshs_95_U                         |  finn_design_MatrixVectorActivation_1_0_MatrixVectorActivation_1_Matrix_Vector_Activate_Batch_p_ZL7threshs_95_ROM_AUTO_1R |          6 |          6 |       0 |    0 |     0 |      0 |      1 |          0 |
|           p_ZL7threshs_96_U                         |  finn_design_MatrixVectorActivation_1_0_MatrixVectorActivation_1_Matrix_Vector_Activate_Batch_p_ZL7threshs_96_ROM_AUTO_1R |          6 |          6 |       0 |    0 |     0 |      0 |      1 |          0 |
|           p_ZL7threshs_97_U                         |  finn_design_MatrixVectorActivation_1_0_MatrixVectorActivation_1_Matrix_Vector_Activate_Batch_p_ZL7threshs_97_ROM_AUTO_1R |          6 |          6 |       0 |    0 |     0 |      0 |      1 |          0 |
|           p_ZL7threshs_98_U                         |  finn_design_MatrixVectorActivation_1_0_MatrixVectorActivation_1_Matrix_Vector_Activate_Batch_p_ZL7threshs_98_ROM_AUTO_1R |          6 |          6 |       0 |    0 |     0 |      0 |      1 |          0 |
|           p_ZL7threshs_99_U                         |  finn_design_MatrixVectorActivation_1_0_MatrixVectorActivation_1_Matrix_Vector_Activate_Batch_p_ZL7threshs_99_ROM_AUTO_1R |          6 |          6 |       0 |    0 |     0 |      0 |      1 |          0 |
|           p_ZL7threshs_9_U                          |   finn_design_MatrixVectorActivation_1_0_MatrixVectorActivation_1_Matrix_Vector_Activate_Batch_p_ZL7threshs_9_ROM_AUTO_1R |          8 |          8 |       0 |    0 |     0 |      0 |      1 |          0 |
|         regslice_both_in0_V_U                       |                                             finn_design_MatrixVectorActivation_1_0_MatrixVectorActivation_1_regslice_both |         10 |         10 |       0 |    0 |    20 |      0 |      0 |          0 |
|         regslice_both_out_V_U                       |                                           finn_design_MatrixVectorActivation_1_0_MatrixVectorActivation_1_regslice_both_0 |          9 |          9 |       0 |    0 |    20 |      0 |      0 |          0 |
|     MatrixVectorActivation_2                        |                                                                                    finn_design_MatrixVectorActivation_2_0 |       1131 |       1131 |       0 |    0 |  2320 |      0 |      0 |          0 |
|       inst                                          |                                                           finn_design_MatrixVectorActivation_2_0_MatrixVectorActivation_2 |       1131 |       1131 |       0 |    0 |  2320 |      0 |      0 |          0 |
|         (inst)                                      |                                                           finn_design_MatrixVectorActivation_2_0_MatrixVectorActivation_2 |        587 |        587 |       0 |    0 |  2243 |      0 |      0 |          0 |
|         flow_control_loop_pipe_no_ap_cont_U         |                         finn_design_MatrixVectorActivation_2_0_MatrixVectorActivation_2_flow_control_loop_pipe_no_ap_cont |        390 |        390 |       0 |    0 |     1 |      0 |      0 |          0 |
|         mul_8ns_4s_12_1_1_U2                        |                                         finn_design_MatrixVectorActivation_2_0_MatrixVectorActivation_2_mul_8ns_4s_12_1_1 |         30 |         30 |       0 |    0 |     0 |      0 |      0 |          0 |
|         regslice_both_in0_V_U                       |                                             finn_design_MatrixVectorActivation_2_0_MatrixVectorActivation_2_regslice_both |         35 |         35 |       0 |    0 |    20 |      0 |      0 |          0 |
|         regslice_both_out_V_U                       |                             finn_design_MatrixVectorActivation_2_0_MatrixVectorActivation_2_regslice_both__parameterized0 |         55 |         55 |       0 |    0 |    52 |      0 |      0 |          0 |
|         weights_14_U                                |                                    finn_design_MatrixVectorActivation_2_0_MatrixVectorActivation_2_weights_14_ROM_AUTO_1R |         34 |         34 |       0 |    0 |     4 |      0 |      0 |          0 |
|     StreamingFIFO_0_0                               |                                                                                             StreamingFIFO_0_0_imp_1KTO5GV |         49 |         49 |       0 |    0 |    53 |      0 |      1 |          0 |
|       fifo                                          |                                                                                                        finn_design_fifo_0 |         49 |         49 |       0 |    0 |    53 |      0 |      1 |          0 |
|         (fifo)                                      |                                                                                                        finn_design_fifo_0 |          0 |          0 |       0 |    0 |     0 |      0 |      0 |          0 |
|         inst                                        |                                                                              finn_design_fifo_0_axis_data_fifo_v2_0_9_top |         49 |         49 |       0 |    0 |    53 |      0 |      1 |          0 |
|           (inst)                                    |                                                                              finn_design_fifo_0_axis_data_fifo_v2_0_9_top |          0 |          0 |       0 |    0 |     0 |      0 |      0 |          0 |
|           gen_fifo.xpm_fifo_axis_inst               |                                                                                          finn_design_fifo_0_xpm_fifo_axis |         49 |         49 |       0 |    0 |    53 |      0 |      1 |          0 |
|     StreamingFIFO_0_1                               |                                                                                           finn_design_StreamingFIFO_0_1_0 |         64 |         48 |       0 |   16 |    26 |      0 |      0 |          0 |
|       inst                                          |                                                                         finn_design_StreamingFIFO_0_1_0_StreamingFIFO_0_1 |         64 |         48 |       0 |   16 |    26 |      0 |      0 |          0 |
|         StreamingFIFO_0_1_StreamingFIFO_0_1         |                                                                                     finn_design_StreamingFIFO_0_1_0_Q_srl |         64 |         48 |       0 |   16 |    26 |      0 |      0 |          0 |
|     StreamingFIFO_1_0                               |                                                                                              StreamingFIFO_1_0_imp_MOPZH5 |         49 |         49 |       0 |    0 |    53 |      0 |      1 |          0 |
|       fifo                                          |                                                                                                        finn_design_fifo_1 |         49 |         49 |       0 |    0 |    53 |      0 |      1 |          0 |
|         (fifo)                                      |                                                                                                        finn_design_fifo_1 |          0 |          0 |       0 |    0 |     0 |      0 |      0 |          0 |
|         inst                                        |                                                                              finn_design_fifo_1_axis_data_fifo_v2_0_9_top |         49 |         49 |       0 |    0 |    53 |      0 |      1 |          0 |
|           (inst)                                    |                                                                              finn_design_fifo_1_axis_data_fifo_v2_0_9_top |          0 |          0 |       0 |    0 |     0 |      0 |      0 |          0 |
|           gen_fifo.xpm_fifo_axis_inst               |                                                                                          finn_design_fifo_1_xpm_fifo_axis |         49 |         49 |       0 |    0 |    53 |      0 |      1 |          0 |
|     StreamingFIFO_1_1                               |                                                                                           finn_design_StreamingFIFO_1_1_0 |         64 |         48 |       0 |   16 |    26 |      0 |      0 |          0 |
|       inst                                          |                                                                         finn_design_StreamingFIFO_1_1_0_StreamingFIFO_1_1 |         64 |         48 |       0 |   16 |    26 |      0 |      0 |          0 |
|         StreamingFIFO_1_1_StreamingFIFO_1_1         |                                                                                     finn_design_StreamingFIFO_1_1_0_Q_srl |         64 |         48 |       0 |   16 |    26 |      0 |      0 |          0 |
|     StreamingFIFO_2                                 |                                                                                             finn_design_StreamingFIFO_2_0 |         55 |         47 |       0 |    8 |    24 |      0 |      0 |          0 |
|       inst                                          |                                                                             finn_design_StreamingFIFO_2_0_StreamingFIFO_2 |         55 |         47 |       0 |    8 |    24 |      0 |      0 |          0 |
|         StreamingFIFO_2_StreamingFIFO_2             |                                                                                       finn_design_StreamingFIFO_2_0_Q_srl |         55 |         47 |       0 |    8 |    24 |      0 |      0 |          0 |
|     Thresholding_Batch_0                            |                                                                                        finn_design_Thresholding_Batch_0_0 |        698 |        698 |       0 |    0 |   282 |      0 |      0 |          0 |
|       (Thresholding_Batch_0)                        |                                                                                        finn_design_Thresholding_Batch_0_0 |          0 |          0 |       0 |    0 |     0 |      0 |      0 |          0 |
|       inst                                          |                                                                   finn_design_Thresholding_Batch_0_0_Thresholding_Batch_0 |        698 |        698 |       0 |    0 |   282 |      0 |      0 |          0 |
|         (inst)                                      |                                                                   finn_design_Thresholding_Batch_0_0_Thresholding_Batch_0 |          1 |          1 |       0 |    0 |     5 |      0 |      0 |          0 |
|         grp_Thresholding_Batch_fu_546               |                                                finn_design_Thresholding_Batch_0_0_Thresholding_Batch_0_Thresholding_Batch |        677 |        677 |       0 |    0 |   239 |      0 |      0 |          0 |
|           (grp_Thresholding_Batch_fu_546)           |                                                finn_design_Thresholding_Batch_0_0_Thresholding_Batch_0_Thresholding_Batch |        216 |        216 |       0 |    0 |   229 |      0 |      0 |          0 |
|           flow_control_loop_pipe_sequential_init_U  |                            finn_design_Thresholding_Batch_0_0_Thresholding_Batch_0_flow_control_loop_pipe_sequential_init |         22 |         22 |       0 |    0 |     2 |      0 |      0 |          0 |
|           p_ZL7threshs_128_U                        |              finn_design_Thresholding_Batch_0_0_Thresholding_Batch_0_Thresholding_Batch_p_ZL7threshs_128_ROM_2P_LUTRAM_1R |          5 |          5 |       0 |    0 |     1 |      0 |      0 |          0 |
|           p_ZL7threshs_130_U                        |              finn_design_Thresholding_Batch_0_0_Thresholding_Batch_0_Thresholding_Batch_p_ZL7threshs_130_ROM_2P_LUTRAM_1R |        434 |        434 |       0 |    0 |     7 |      0 |      0 |          0 |
|         regslice_both_in0_V_U                       |                                                     finn_design_Thresholding_Batch_0_0_Thresholding_Batch_0_regslice_both |         10 |         10 |       0 |    0 |    20 |      0 |      0 |          0 |
|         regslice_both_out_V_U                       |                                                   finn_design_Thresholding_Batch_0_0_Thresholding_Batch_0_regslice_both_0 |         10 |         10 |       0 |    0 |    18 |      0 |      0 |          0 |
+-----------------------------------------------------+---------------------------------------------------------------------------------------------------------------------------+------------+------------+---------+------+-------+--------+--------+------------+


