image_name,v,w
1.png,5,-0.0689
2.png,5,-0.065
3.png,5,-0.065
4.png,5,-0.065
5.png,5,-0.065
6.png,5,-0.065
7.png,5,-0.065
8.png,5,-0.065
9.png,5,-0.065
10.png,5,-0.065
11.png,5,-0.065
12.png,5,-0.065
13.png,5,-0.065
14.png,5,-0.065
15.png,5,-0.065
16.png,5,-0.065
17.png,5,-0.065
18.png,5,-0.0385
19.png,5,-0.04
20.png,13,0.0138
21.png,5,0.0889
22.png,5,0.085
23.png,5,0.1698
24.png,5,0.2294
25.png,5,0.2254
26.png,5,0.28675
27.png,5,0.33795
28.png,5,0.33494999999999997
29.png,5,0.35794999999999993
30.png,5,0.35669999999999996
31.png,5,0.35669999999999996
32.png,5,0.30675
33.png,5,0.308
34.png,5,0.308
35.png,5,0.2485
36.png,5,0.252
37.png,5,0.252
38.png,5,0.19124999999999998
39.png,5,0.19574999999999998
40.png,5,0.19574999999999998
41.png,5,0.10834999999999999
42.png,5,0.11309999999999999
43.png,5,0.11309999999999999
44.png,5,0.021099999999999997
45.png,5,0.026099999999999998
46.png,5,0.026099999999999998
47.png,5,-0.0694
48.png,5,-0.0644
49.png,5,-0.0644
50.png,5,-0.1654
51.png,5,-0.16
52.png,13,-0.1277
53.png,13,-0.1242
54.png,13,-0.1242
55.png,5,-0.2777
56.png,5,-0.36455
57.png,5,-0.3588
58.png,5,-0.3588
59.png,5,-0.5417
60.png,5,-0.5307
61.png,5,-0.5307
62.png,5,-0.57725
63.png,5,-0.5720000000000001
64.png,5,-0.49975
65.png,5,-0.504
66.png,5,-0.504
67.png,5,-0.385
68.png,5,-0.392
69.png,5,-0.2653
70.png,5,-0.27404999999999996
71.png,5,-0.1055
72.png,5,-0.11499999999999999
73.png,5,-0.11499999999999999
74.png,5,0.0605
75.png,5,0.05
76.png,5,0.2196
77.png,5,0.21
78.png,5,0.3193
79.png,5,0.31279999999999997
80.png,5,0.36479999999999996
81.png,5,0.36105
82.png,5,0.36105
83.png,5,0.38865
84.png,5,0.38715
85.png,5,0.33475000000000005
86.png,5,0.336
87.png,5,0.336
88.png,5,0.2935
89.png,5,0.296
90.png,5,0.23225
91.png,5,0.23600000000000002
92.png,5,0.23600000000000002
93.png,5,0.15544999999999998
94.png,5,0.16094999999999998
95.png,5,0.05515
96.png,5,0.060899999999999996
97.png,5,0.060899999999999996
98.png,5,-0.0617
99.png,5,-0.0552
100.png,5,-0.1925
101.png,5,-0.185
102.png,5,-0.185
103.png,5,-0.28040000000000004
104.png,5,-0.275
105.png,5,-0.3386
106.png,5,-0.335
107.png,5,-0.3721
108.png,5,-0.37
109.png,5,-0.3806
110.png,5,-0.38
111.png,5,-0.32535000000000003
112.png,5,-0.2914
113.png,5,-0.295
114.png,5,-0.295
115.png,5,-0.19960000000000003
116.png,5,-0.20500000000000002
117.png,5,-0.0937
118.png,5,-0.1
119.png,5,-0.1
120.png,13,0.0109
121.png,5,0.1213
122.png,5,0.115
123.png,5,0.115
124.png,5,0.1931
125.png,5,0.1886
126.png,5,0.22895
127.png,5,0.22619999999999998
128.png,5,0.25379999999999997
129.png,5,0.25229999999999997
130.png,5,0.25229999999999997
131.png,5,0.25229999999999997
132.png,5,0.22929999999999998
133.png,5,0.17534999999999998
134.png,5,0.17834999999999998
135.png,5,0.17834999999999998
136.png,5,0.10474999999999998
137.png,5,0.10874999999999999
138.png,5,0.030549999999999997
139.png,5,0.0348
140.png,5,-0.0602
141.png,5,-0.0552
142.png,5,-0.1766
143.png,5,-0.17
144.png,13,-0.14785
145.png,5,-0.34980000000000006
146.png,5,-0.34500000000000003
147.png,5,-0.34500000000000003
148.png,5,-0.4086
149.png,5,-0.405
150.png,5,-0.37744999999999995
151.png,5,-0.3772
152.png,5,-0.34325
153.png,5,-0.345
154.png,5,-0.2771
155.png,5,-0.2806
156.png,5,-0.20429999999999998
157.png,5,-0.21
158.png,5,-0.0828
159.png,5,0.0372
160.png,5,0.03
161.png,5,0.1678
162.png,5,0.16
163.png,5,0.23935
164.png,5,0.2346
165.png,5,0.2346
166.png,5,0.26325
167.png,5,0.26559999999999995
168.png,5,0.26535
169.png,5,0.26535
170.png,5,0.24234999999999998
171.png,5,0.24359999999999998
172.png,5,0.1976
173.png,5,0.2001
174.png,5,0.1311
175.png,5,0.04745
176.png,5,0.052199999999999996
177.png,5,-0.0515
178.png,5,-0.046
179.png,5,-0.046
180.png,5,-0.1507
181.png,5,-0.145
182.png,5,-0.2245
183.png,5,-0.22
184.png,13,-0.15715
185.png,5,-0.3327
186.png,5,-0.33
187.png,5,-0.3512
188.png,5,-0.35000000000000003
189.png,5,-0.35000000000000003
190.png,5,-0.32880000000000004
191.png,5,-0.33
192.png,5,-0.2717
193.png,5,-0.275
194.png,5,-0.1902
195.png,5,-0.195
196.png,5,-0.0837
197.png,5,-0.09
198.png,5,0.0319
199.png,5,0.025
200.png,5,0.1416
201.png,5,0.135
202.png,5,0.2309
203.png,5,0.2254
204.png,5,0.28214999999999996
205.png,5,0.3198
206.png,5,0.31755
207.png,5,0.32214999999999994
208.png,5,0.32189999999999996
209.png,5,0.32189999999999996
210.png,5,0.2897
211.png,5,0.29145
212.png,5,0.22244999999999998
213.png,5,0.22619999999999998
214.png,5,0.13419999999999999
215.png,5,0.1392
216.png,5,0.0242
217.png,5,0.030449999999999998
218.png,5,-0.10845
219.png,5,-0.1012
220.png,5,-0.2478
221.png,5,-0.24
222.png,13,-0.2063
223.png,13,-0.1998
224.png,5,-0.47600000000000003
225.png,5,-0.47000000000000003
226.png,5,-0.4906
227.png,5,-0.4876
228.png,5,-0.5990999999999999
229.png,5,-0.7158
230.png,5,-0.70905
231.png,5,-0.70905
232.png,5,-0.6400499999999999
233.png,5,-0.6437999999999999
234.png,5,-0.5196
235.png,5,-0.52635
236.png,5,-0.32394999999999996
237.png,5,-0.11170000000000001
238.png,5,-0.1242
239.png,5,-0.1242
240.png,5,0.1353
241.png,5,0.12
242.png,5,0.31079999999999997
243.png,5,0.3
244.png,5,0.39899999999999997
245.png,5,0.39149999999999996
246.png,5,0.5018999999999999
247.png,5,0.49589999999999995
248.png,5,0.5786999999999999
249.png,5,0.5741999999999999
250.png,5,0.5874999999999999
251.png,5,0.584
252.png,5,0.6265
253.png,5,0.624
254.png,5,0.62825
255.png,5,0.628
256.png,5,0.59825
257.png,5,0.6
258.png,5,0.5235000000000001
259.png,5,0.528
260.png,5,0.40475000000000005
261.png,5,0.41200000000000003
262.png,5,0.23349999999999999
263.png,5,0.244
264.png,5,0.04000000000000001
265.png,5,0.052000000000000005
266.png,5,-0.18725
267.png,5,-0.174
268.png,5,-0.4809
269.png,5,-0.465
270.png,5,-0.7193999999999999
271.png,5,-0.705
272.png,5,-0.8329
273.png,5,-0.8234
274.png,5,-0.8798499999999999
275.png,5,-0.87435
276.png,9,-0.49784999999999996
277.png,9,-0.49734999999999996
278.png,5,-0.80485
279.png,5,-0.8090999999999999
280.png,5,-0.6664999999999999
281.png,5,-0.6742499999999999
282.png,5,-0.5270499999999999
283.png,5,-0.5350499999999999
284.png,5,-0.37405
285.png,5,-0.3828
286.png,5,-0.19879999999999998
287.png,5,-0.20879999999999999
288.png,5,-0.08015
289.png,5,-0.0874
290.png,5,0.011
291.png,5,0.005
292.png,5,0.1004
293.png,5,0.095
294.png,5,0.17980000000000002
295.png,5,0.17500000000000002
296.png,5,0.24389999999999998
297.png,5,0.24
298.png,5,0.2887
299.png,5,0.2852
300.png,5,0.3203
301.png,5,0.31755
302.png,5,0.36355
303.png,5,0.36105
304.png,5,0.40704999999999997
305.png,5,0.40454999999999997
306.png,5,0.44134999999999996
307.png,5,0.43934999999999996
308.png,5,0.43374999999999997
309.png,5,0.432
310.png,5,0.449
311.png,5,0.448
312.png,5,0.46075
313.png,5,0.46
314.png,5,0.4685
315.png,5,0.468
316.png,5,0.468
317.png,5,0.468
318.png,5,0.45525000000000004
319.png,5,0.456
320.png,5,0.4305
321.png,5,0.432
322.png,5,0.39375000000000004
323.png,5,0.396
324.png,5,0.3365
325.png,5,0.34
326.png,5,0.26775000000000004
327.png,5,0.272
328.png,5,0.1785
329.png,5,0.184
330.png,5,0.060750000000000005
331.png,5,0.068
332.png,5,-0.07325000000000001
333.png,5,-0.06525
334.png,5,-0.2339
335.png,5,-0.2254
336.png,5,-0.4146
337.png,5,-0.405
338.png,5,-0.5481
339.png,5,-0.54
340.png,5,-0.58895
341.png,5,-0.5841999999999999
342.png,5,-0.5892499999999999
343.png,5,-0.5872499999999999
344.png,5,-0.56425
345.png,5,-0.5655
346.png,5,-0.48269999999999996
347.png,5,-0.48719999999999997
348.png,5,-0.4044
349.png,5,-0.4089
350.png,5,-0.35369999999999996
351.png,5,-0.35669999999999996
352.png,5,-0.3245
353.png,5,-0.32625
354.png,5,-0.31705
355.png,5,-0.31755
356.png,5,-0.31755
357.png,5,-0.31755
358.png,5,-0.32214999999999994
359.png,5,-0.32189999999999996
360.png,5,-0.33569999999999994
361.png,5,-0.33494999999999997
362.png,5,-0.35335
363.png,5,-0.35235
364.png,5,-0.3661499999999999
365.png,5,-0.36539999999999995
366.png,5,-0.38839999999999997
367.png,5,-0.38715
368.png,5,-0.373
369.png,5,-0.372
370.png,5,-0.3975
371.png,5,-0.396
372.png,5,-0.41725
373.png,5,-0.41600000000000004
374.png,5,-0.45425
375.png,5,-0.452
376.png,5,-0.49874999999999997
377.png,5,-0.496
378.png,5,-0.5427500000000001
379.png,5,-0.54
380.png,5,-0.5824999999999999
381.png,5,-0.58
382.png,5,-0.61825
383.png,5,-0.616
384.png,5,-0.65
385.png,5,-0.648
386.png,5,-0.6777500000000001
387.png,5,-0.676
388.png,5,-0.69725
389.png,5,-0.6960000000000001
390.png,5,-0.6645
391.png,5,-0.66375
392.png,5,-0.66775
393.png,5,-0.6675
394.png,5,-0.6595
395.png,5,-0.6599999999999999
396.png,5,-0.636
397.png,5,-0.6375
398.png,5,-0.5975
399.png,5,-0.6
400.png,5,-0.528
401.png,5,-0.5325
402.png,5,-0.4245
403.png,5,-0.43124999999999997
404.png,5,-0.29125
405.png,5,-0.3
406.png,5,-0.133
407.png,5,-0.14400000000000002
408.png,5,0.0685
409.png,5,0.056
410.png,5,0.3166
411.png,5,0.3036
412.png,13,0.31980000000000003
413.png,13,0.3078
414.png,5,0.72325
415.png,5,0.713
416.png,5,0.79845
417.png,5,0.7917
418.png,5,0.9575
419.png,5,0.9440000000000001
420.png,5,1.0490000000000002
421.png,5,1.03875
422.png,5,0.95475
423.png,5,0.96
424.png,5,0.808
425.png,5,0.8175
426.png,5,0.6175
427.png,5,0.63
428.png,5,0.502
429.png,5,0.512
430.png,5,0.393
431.png,5,0.4
432.png,5,0.31075
433.png,5,0.316
434.png,5,0.2395
435.png,5,0.244
436.png,5,0.17174999999999999
437.png,5,0.176
438.png,5,0.12239999999999998
439.png,5,0.12614999999999998
440.png,5,0.05255
441.png,5,0.056549999999999996
442.png,5,-0.0081
443.png,5,-0.0046
444.png,5,-0.0845
445.png,5,-0.08
446.png,5,-0.1542
447.png,5,-0.15
448.png,5,-0.2242
449.png,5,-0.22
450.png,5,-0.28890000000000005
451.png,5,-0.28500000000000003
452.png,5,-0.3301
453.png,5,-0.3266
454.png,5,-0.3848
455.png,5,-0.3818
456.png,5,-0.41624999999999995
457.png,5,-0.41324999999999995
458.png,5,-0.47304999999999997
459.png,5,-0.4698
460.png,5,-0.47875
461.png,5,-0.47600000000000003
462.png,5,-0.52275
463.png,5,-0.52
464.png,5,-0.5667500000000001
465.png,5,-0.5640000000000001
466.png,5,-0.6064999999999999
467.png,5,-0.604
468.png,5,-0.64225
469.png,5,-0.64
470.png,5,-0.674
471.png,5,-0.672
472.png,5,-0.706
473.png,5,-0.704
474.png,5,-0.72525
475.png,5,-0.724
476.png,5,-0.69475
477.png,5,-0.69375
478.png,5,-0.69775
479.png,5,-0.6975
480.png,5,-0.6975
481.png,5,-0.6975
482.png,5,-0.6815
483.png,5,-0.6825
484.png,5,-0.6505
485.png,5,-0.6525
486.png,5,-0.5965
487.png,5,-0.6
488.png,5,-0.512
489.png,5,-0.5175
490.png,5,-0.38949999999999996
491.png,5,-0.39749999999999996
492.png,5,-0.22949999999999998
493.png,5,-0.24
494.png,5,-0.035
495.png,5,-0.048
496.png,5,0.187
497.png,5,0.174
498.png,5,0.4756
499.png,5,0.46
500.png,5,0.7144
501.png,5,0.7000000000000001
502.png,5,0.7791999999999999
503.png,5,0.7699499999999999
504.png,5,0.8665499999999999
505.png,5,0.8613
506.png,5,0.792
507.png,5,0.792
508.png,5,0.71975
509.png,5,0.724
510.png,5,0.58375
511.png,5,0.592
512.png,5,0.405
513.png,5,0.41600000000000004
514.png,5,0.2822
515.png,5,0.29145
516.png,5,0.16724999999999998
517.png,5,0.174
518.png,5,0.09184999999999999
519.png,5,0.09659999999999999
520.png,5,0.020200000000000003
521.png,5,0.025
522.png,5,-0.0545
523.png,5,-0.05
524.png,13,-0.07125000000000001
525.png,13,-0.0675
526.png,5,-0.1939
527.png,5,-0.19
528.png,5,-0.2589
529.png,5,-0.255
530.png,5,-0.32305
531.png,5,-0.31755
532.png,5,-0.42795
533.png,5,-0.42195
534.png,5,-0.44325
535.png,5,-0.44
536.png,5,-0.48674999999999996
537.png,5,-0.484
538.png,5,-0.52225
539.png,5,-0.52
540.png,5,-0.55825
541.png,5,-0.556
542.png,5,-0.58575
543.png,5,-0.584
544.png,5,-0.6094999999999999
545.png,5,-0.608
546.png,5,-0.62925
547.png,5,-0.628
548.png,5,-0.6365
549.png,5,-0.636
550.png,5,-0.59625
551.png,5,-0.59625
552.png,5,-0.5802499999999999
553.png,5,-0.5812499999999999
554.png,5,-0.54525
555.png,5,-0.5475
556.png,5,-0.4915
557.png,5,-0.495
558.png,5,-0.41100000000000003
559.png,5,-0.41625
560.png,5,-0.3165
561.png,5,-0.324
562.png,5,-0.15825
563.png,5,-0.168
564.png,5,0.019
565.png,5,0.008
566.png,5,0.2203
567.png,5,0.20879999999999999
568.png,5,0.4732
569.png,5,0.46
570.png,5,0.672
571.png,5,0.66
572.png,5,0.703
573.png,5,0.696
574.png,5,0.7603999999999999
575.png,5,0.7568999999999999
576.png,5,0.679
577.png,5,0.68
578.png,5,0.5865
579.png,5,0.592
580.png,5,0.45175000000000004
581.png,5,0.46
582.png,5,0.32544999999999996
583.png,5,0.33494999999999997
584.png,5,0.18774999999999997
585.png,5,0.19574999999999998
586.png,5,0.09059999999999999
587.png,5,0.09659999999999999
588.png,5,0.009600000000000001
589.png,5,0.015
590.png,5,-0.0645
591.png,5,-0.06
592.png,5,-0.1395
593.png,5,-0.135
594.png,5,-0.2039
595.png,5,-0.2
596.png,5,-0.24705
597.png,5,-0.2438
598.png,5,-0.302
599.png,5,-0.299
600.png,5,-0.33335
601.png,5,-0.3306
602.png,5,-0.38119999999999993
603.png,5,-0.37844999999999995
604.png,5,-0.3905
605.png,5,-0.388
606.png,5,-0.4305
607.png,5,-0.428
608.png,5,-0.462
609.png,5,-0.46
610.png,5,-0.48974999999999996
611.png,5,-0.488
612.png,5,-0.5135
613.png,5,-0.512
614.png,5,-0.529
615.png,5,-0.528
616.png,5,-0.53225
617.png,5,-0.532
618.png,5,-0.52775
619.png,5,-0.528
620.png,5,-0.50675
621.png,5,-0.508
622.png,5,-0.4655
623.png,5,-0.468
624.png,5,-0.4
625.png,5,-0.404
626.png,5,-0.302
627.png,5,-0.308
628.png,5,-0.172
629.png,5,-0.18
630.png,5,-0.02275
631.png,5,-0.032
632.png,5,0.1492
633.png,5,0.1392
634.png,5,0.372
635.png,5,0.36
636.png,5,0.5402
637.png,5,0.53
638.png,5,0.6234
639.png,5,0.6164
640.png,5,0.6472999999999999
641.png,5,0.6437999999999999
642.png,5,0.6392
643.png,5,0.63945
644.png,5,0.5704499999999999
645.png,5,0.5741999999999999
646.png,5,0.45
647.png,5,0.45675
648.png,5,0.29575
649.png,5,0.3045
650.png,5,0.16194999999999998
651.png,5,0.1702
652.png,5,0.0525
653.png,5,0.06
654.png,5,-0.0407
655.png,5,-0.035
656.png,13,-0.060200000000000004
657.png,13,-0.0567
658.png,5,-0.17920000000000003
659.png,5,-0.17500000000000002
660.png,5,-0.22405
661.png,5,-0.2208
662.png,5,-0.29159999999999997
663.png,5,-0.28709999999999997
664.png,5,-0.39289999999999997
665.png,5,-0.38715
666.png,5,-0.3985
667.png,5,-0.396
668.png,5,-0.43424999999999997
669.png,5,-0.432
670.png,5,-0.46175
671.png,5,-0.46
672.png,5,-0.48124999999999996
673.png,5,-0.48
674.png,5,-0.497
675.png,5,-0.496
676.png,5,-0.5045
677.png,5,-0.504
678.png,5,-0.49975
679.png,5,-0.5
680.png,5,-0.47875
681.png,5,-0.48
682.png,5,-0.4375
683.png,5,-0.44
684.png,5,-0.372
685.png,5,-0.376
686.png,5,-0.28250000000000003
687.png,5,-0.28800000000000003
688.png,5,-0.1775
689.png,5,-0.184
690.png,5,-0.020699999999999996
691.png,5,-0.030449999999999998
692.png,5,0.23635
693.png,5,0.22185
694.png,5,0.5789500000000001
695.png,5,0.5612
696.png,5,1.0498999999999998
697.png,5,1.025
698.png,5,1.3746500000000001
699.png,5,1.3524
700.png,5,1.6652999999999998
701.png,5,1.6442999999999999
702.png,5,1.79675
703.png,5,1.78
704.png,5,1.9585
705.png,5,1.948
706.png,5,1.7647499999999998
707.png,5,1.75175
708.png,5,1.89525
709.png,5,1.885
710.png,5,1.9934999999999998
711.png,5,1.98575
712.png,-0.6,1
713.png,-0.6,1
714.png,-0.6,1
715.png,-0.6,1
716.png,-0.6,1
717.png,-0.6,1
718.png,-0.6,1
719.png,-0.6,1
720.png,-0.6,1
721.png,-0.6,1
722.png,5,2.02075
723.png,5,2.01825
724.png,5,1.94475
725.png,5,1.95
726.png,5,1.8764999999999998
727.png,5,1.8817499999999998
728.png,5,1.7662499999999999
729.png,5,1.7745
730.png,5,1.519
731.png,5,1.53725
732.png,5,1.23975
733.png,5,1.261
734.png,5,1.0017500000000001
735.png,5,1.0255
736.png,5,0.65425
737.png,5,0.679
738.png,5,0.3475
739.png,5,0.37124999999999997
740.png,5,0.017750000000000002
741.png,5,0.04
742.png,5,-0.34750000000000003
743.png,5,-0.325
744.png,5,-0.52695
745.png,5,-0.5152
746.png,5,-0.524
747.png,5,-0.522
748.png,5,-0.378
749.png,5,-0.384
750.png,5,-0.17149999999999999
751.png,5,-0.184
752.png,5,0.12200000000000001
753.png,5,0.10400000000000001
754.png,5,0.5609500000000001
755.png,5,0.5382
756.png,5,1.0408000000000002
757.png,5,1.0150000000000001
758.png,5,1.15905
759.png,5,1.14405
760.png,9,0.70915
761.png,9,0.7031499999999999
762.png,9,0.6842499999999999
763.png,9,0.6859999999999999
764.png,5,1.0579999999999998
765.png,5,1.0574999999999999
766.png,5,1.1375
767.png,5,1.1325
768.png,5,1.1325
769.png,5,1.0605
770.png,5,1.065
771.png,5,1.065
772.png,5,0.833
773.png,5,0.8474999999999999
774.png,5,0.8474999999999999
775.png,5,0.5515
776.png,5,0.57
777.png,5,0.57
778.png,5,0.24200000000000002
779.png,5,0.2625
780.png,5,0.2625
781.png,5,0.2625
782.png,5,-0.0727
783.png,5,-0.052199999999999996
784.png,5,-0.052199999999999996
785.png,5,-0.052199999999999996
786.png,5,-0.4628
787.png,5,-0.44
788.png,5,-0.44
789.png,5,-0.7249
790.png,5,-0.7084
791.png,5,-0.7084
792.png,5,-0.8768999999999999
793.png,5,-0.8656499999999999
794.png,5,-0.8656499999999999
795.png,5,-0.8656499999999999
796.png,5,-0.89375
797.png,5,-0.888
798.png,5,-0.888
799.png,5,-0.888
800.png,5,-0.888
801.png,5,-0.888
802.png,5,-0.888
803.png,5,-0.7645
804.png,5,-0.7687499999999999
805.png,5,-0.7687499999999999
806.png,5,-0.64875
807.png,5,-0.65625
808.png,5,-0.65625
809.png,5,-0.65625
810.png,5,-0.50025
811.png,5,-0.51
812.png,5,-0.51
813.png,5,-0.51
814.png,5,-0.33
815.png,5,-0.34125
816.png,5,-0.34125
817.png,5,-0.15575
818.png,5,-0.168
819.png,5,-0.168
820.png,5,0.038099999999999995
821.png,5,0.026099999999999998
822.png,5,0.026099999999999998
823.png,5,0.241
824.png,5,0.22999999999999998
825.png,5,0.4514
826.png,5,0.44
827.png,5,0.5725
828.png,5,0.5650000000000001
829.png,5,0.578
830.png,5,0.575
831.png,5,0.5299499999999999
832.png,5,0.5307
833.png,5,0.5307
834.png,5,0.4617
835.png,5,0.46545
836.png,5,0.46545
837.png,5,0.36424999999999996
838.png,5,0.36974999999999997
839.png,5,0.36974999999999997
840.png,5,0.2552
841.png,5,0.2622
842.png,5,0.12154999999999999
843.png,5,0.1288
844.png,5,0.1288
845.png,5,-0.0137
846.png,5,-0.005
847.png,5,-0.15339999999999998
848.png,5,-0.145
849.png,5,-0.24495
850.png,5,-0.2392
851.png,5,-0.3366
852.png,5,-0.3306
853.png,5,-0.44099999999999995
854.png,5,-0.43499999999999994
855.png,5,-0.4935
856.png,5,-0.488
857.png,5,-0.5730000000000001
858.png,5,-0.5680000000000001
859.png,5,-0.63175
860.png,5,-0.628
861.png,5,-0.6577500000000001
862.png,5,-0.656
863.png,5,-0.6645
864.png,5,-0.664
865.png,5,-0.647
866.png,5,-0.648
867.png,5,-0.614
868.png,5,-0.616
869.png,5,-0.5735000000000001
870.png,5,-0.5760000000000001
871.png,5,-0.5165000000000001
872.png,5,-0.52
873.png,5,-0.4605
874.png,5,-0.464
875.png,5,-0.4045
876.png,5,-0.40800000000000003
877.png,5,-0.34
878.png,5,-0.34400000000000003
879.png,5,-0.31889999999999996
880.png,5,-0.32189999999999996
881.png,5,-0.28509999999999996
882.png,5,-0.28709999999999997
883.png,5,-0.2687
884.png,5,-0.2697
885.png,5,-0.27065
886.png,5,-0.2714
887.png,5,-0.27625
888.png,5,-0.276
889.png,5,-0.2954
890.png,5,-0.2944
891.png,5,-0.3235
892.png,5,-0.322
893.png,5,-0.3511
894.png,5,-0.3496
895.png,5,-0.38839999999999997
896.png,5,-0.38639999999999997
897.png,5,-0.4252
898.png,5,-0.4232
899.png,5,-0.43699999999999994
900.png,5,-0.43499999999999994
901.png,5,-0.46259999999999996
902.png,5,-0.46109999999999995
903.png,5,-0.4795
904.png,5,-0.4785
905.png,5,-0.49229999999999996
906.png,5,-0.49155
907.png,5,-0.4961499999999999
908.png,5,-0.49589999999999995
909.png,5,-0.49589999999999995
910.png,5,-0.49589999999999995
911.png,5,-0.48669999999999997
912.png,5,-0.48719999999999997
913.png,5,-0.478
914.png,5,-0.4785
915.png,5,-0.46009999999999995
916.png,5,-0.46109999999999995
917.png,5,-0.4427
918.png,5,-0.4437
919.png,5,-0.41609999999999997
920.png,5,-0.41759999999999997
921.png,5,-0.3992
922.png,5,-0.4002
923.png,5,-0.4135
924.png,5,-0.414
925.png,5,-0.4043
926.png,5,-0.4048
927.png,5,-0.3951
928.png,5,-0.3956
929.png,5,-0.38589999999999997
930.png,5,-0.38639999999999997
931.png,5,-0.3767
932.png,5,-0.3772
933.png,5,-0.3772
934.png,5,-0.3772
935.png,5,-0.4206
936.png,5,-0.42
937.png,5,-0.42
938.png,5,-0.42
939.png,5,-0.4306
940.png,5,-0.43
941.png,5,-0.43
942.png,5,-0.43
943.png,5,-0.4406
944.png,5,-0.44
945.png,5,-0.4347
946.png,5,-0.435
947.png,5,-0.435
948.png,5,-0.435
949.png,5,-0.42969999999999997
950.png,5,-0.43
951.png,5,-0.43
952.png,5,-0.43
953.png,5,-0.43
954.png,5,-0.43
955.png,5,-0.43
956.png,5,-0.43
957.png,5,-0.43
958.png,5,-0.43
959.png,5,-0.43
960.png,5,-0.43
961.png,5,-0.43
962.png,5,-0.43
963.png,5,-0.43
964.png,5,-0.43
965.png,5,-0.4512
966.png,5,-0.45
967.png,5,-0.5136000000000001
968.png,5,-0.51
969.png,5,-0.5662
970.png,5,-0.5612
971.png,5,-0.6595
972.png,5,-0.6525
973.png,5,-0.8180999999999999
974.png,5,-0.8090999999999999
975.png,5,-0.91825
976.png,5,-0.908
977.png,5,-1.10775
978.png,5,-1.096
979.png,5,-1.2235
980.png,5,-1.21125
981.png,5,-1.4072500000000001
982.png,5,-1.395
983.png,5,-1.587
984.png,5,-1.575
985.png,5,-1.519
986.png,5,-1.508
987.png,5,-1.6164999999999998
988.png,5,-1.60875
989.png,5,-1.6717499999999998
990.png,5,-1.66725
991.png,5,-1.64975
992.png,5,-1.651
993.png,5,-1.651
994.png,5,-1.5494999999999999
995.png,5,-1.5567499999999999
996.png,5,-1.5567499999999999
997.png,5,-1.36075
998.png,5,-1.37475
999.png,5,-1.218
1000.png,5,-1.2355
1001.png,5,-0.9430000000000001
1002.png,5,-0.9625
1003.png,5,-0.64
1004.png,5,-0.6615
1005.png,5,-0.36474999999999996
1006.png,5,-0.38625
1007.png,5,-0.062249999999999986
1008.png,5,-0.08249999999999999
1009.png,5,0.2217
1010.png,5,0.20445
1011.png,5,0.5212
1012.png,5,0.505
1013.png,5,0.505
1014.png,5,0.63435
1015.png,5,0.6255999999999999
1016.png,5,0.6284
1017.png,5,0.6264
1018.png,5,0.5165000000000001
1019.png,5,0.52
1020.png,5,0.3755
1021.png,5,0.384
1022.png,5,0.19275
1023.png,5,0.20400000000000001
1024.png,5,0.20400000000000001
1025.png,5,-0.021949999999999997
1026.png,5,-0.0087
1027.png,5,-0.3121
1028.png,5,-0.295
1029.png,5,-0.5918000000000001
1030.png,5,-0.5750000000000001
1031.png,5,-0.5750000000000001
1032.png,5,-0.7256499999999999
1033.png,5,-0.7133999999999999
1034.png,5,-0.7133999999999999
1035.png,5,-0.8744
1036.png,5,-0.8656499999999999
1037.png,5,-0.898
1038.png,5,-0.892
1039.png,5,-0.892
1040.png,5,-0.9345
1041.png,5,-0.932
1042.png,5,-0.932
1043.png,5,-0.9277500000000001
1044.png,5,-0.928
1045.png,5,-0.8855000000000001
1046.png,5,-0.888
1047.png,5,-0.8115000000000001
1048.png,5,-0.8160000000000001
1049.png,5,-0.714
1050.png,5,-0.72
1051.png,5,-0.601
1052.png,5,-0.608
1053.png,5,-0.4805
1054.png,5,-0.488
1055.png,5,-0.488
1056.png,5,-0.369
1057.png,5,-0.376
1058.png,5,-0.376
1059.png,5,-0.28929999999999995
1060.png,5,-0.29579999999999995
1061.png,5,-0.2158
1062.png,5,-0.2208
1063.png,5,-0.2208
1064.png,5,-0.1552
1065.png,5,-0.16
1066.png,5,-0.16
1067.png,5,-0.1176
1068.png,5,-0.12
1069.png,5,-0.12
1070.png,5,-0.1094
1071.png,5,-0.11
1072.png,5,-0.11
1073.png,13,-0.0712
1074.png,13,-0.0702
1075.png,13,-0.09380000000000001
1076.png,13,-0.0918
1077.png,13,-0.0918
1078.png,5,-0.3873
1079.png,5,-0.375
1080.png,5,-0.375
1081.png,5,-0.80465
1082.png,5,-0.77865
1083.png,5,-1.0942500000000002
1084.png,5,-1.072
1085.png,5,-1.072
1086.png,9,-0.7132999999999999
1087.png,9,-0.70805
1088.png,9,-0.6972499999999999
1089.png,9,-0.6982499999999999
1090.png,5,-1.10875
1091.png,5,-1.10625
1092.png,5,-1.28225
1093.png,5,-1.27125
1094.png,5,-1.33525
1095.png,5,-1.33125
1096.png,5,-1.33125
1097.png,5,-1.19525
1098.png,5,-1.2037499999999999
1099.png,5,-0.9917499999999999
1100.png,5,-1.005
1101.png,5,-0.749
1102.png,5,-0.765
1103.png,5,-0.765
1104.png,5,-0.578
1105.png,5,-0.592
1106.png,5,-0.592
1107.png,5,-0.456
1108.png,5,-0.464
1109.png,5,-0.41300000000000003
1110.png,5,-0.41600000000000004
1111.png,5,-0.41600000000000004
1112.png,5,-0.41600000000000004
1113.png,5,-0.41600000000000004
1114.png,5,-0.41600000000000004
1115.png,5,-0.45
1116.png,5,-0.448
1117.png,5,-0.448
1118.png,5,-0.5075
1119.png,5,-0.504
1120.png,5,-0.58475
1121.png,5,-0.58
1122.png,5,-0.58
1123.png,5,-0.6947500000000001
1124.png,5,-0.6880000000000001
1125.png,5,-0.8155
1126.png,5,-0.808
1127.png,5,-0.808
1128.png,5,-0.9567500000000001
1129.png,9,-0.6832499999999999
1130.png,9,-0.67375
1131.png,9,-0.67375
1132.png,9,-0.67375
1133.png,5,-1.29925
1134.png,5,-1.2825
1135.png,5,-1.4825
1136.png,5,-1.456
1137.png,5,-1.456
1138.png,5,-1.7219999999999998
1139.png,5,-1.7029999999999998
1140.png,5,-1.8219999999999998
1141.png,5,-1.8135
1142.png,5,-1.8135
1143.png,5,-1.7995
1144.png,5,-1.8005
1145.png,5,-1.8005
1146.png,5,-1.692
1147.png,5,-1.6997499999999999
1148.png,5,-1.6997499999999999
1149.png,5,-1.47575
1150.png,5,-1.49175
1151.png,5,-1.25025
1152.png,5,-1.274
1153.png,5,-0.839
1154.png,5,-0.868
1155.png,5,-0.38050000000000006
1156.png,5,-0.41300000000000003
1157.png,5,0.0975
1158.png,5,0.06375
1159.png,5,0.612
1160.png,5,0.58
1161.png,5,1.3186
1162.png,5,1.285
1163.png,5,1.4813499999999997
1164.png,5,1.4615999999999998
1165.png,5,1.4615999999999998
1166.png,5,1.4
1167.png,5,1.3912499999999999
1168.png,5,1.3912499999999999
1169.png,5,1.36325
1170.png,5,1.365
1171.png,5,1.229
1172.png,5,1.2375
1173.png,5,1.0574999999999999
1174.png,5,1.0687499999999999
1175.png,5,1.0687499999999999
1176.png,5,0.82075
1177.png,5,0.8362499999999999
1178.png,5,0.56025
1179.png,5,0.5775
1180.png,5,0.2675
1181.png,5,0.28800000000000003
1182.png,5,0.28800000000000003
1183.png,5,-0.0778
1184.png,5,-0.056549999999999996
1185.png,5,-0.056549999999999996
1186.png,5,-0.45189999999999997
1187.png,5,-0.6316999999999999
1188.png,5,-0.6176999999999999
1189.png,5,-0.6176999999999999
1190.png,5,-0.79325
1191.png,5,-0.78
1192.png,5,-0.93725
1193.png,5,-0.928
1194.png,9,-0.6386
1195.png,9,-0.6321
1196.png,5,-1.0074999999999998
1197.png,5,-0.981
1198.png,5,-0.9824999999999999
1199.png,5,-0.857
1200.png,5,-0.861
1201.png,5,-0.861
1202.png,5,-0.7522500000000001
1203.png,5,-0.7595000000000001
1204.png,5,-0.6097499999999999
1205.png,5,-0.6224999999999999
1206.png,5,-0.3745
1207.png,5,-0.39
1208.png,5,-0.106
1209.png,5,-0.12375
1210.png,5,0.20375
1211.png,5,0.184
1212.png,5,0.6434
1213.png,5,0.62
1214.png,5,0.9147500000000001
1215.png,5,0.897
1216.png,5,1.10585
1217.png,5,1.09185
1218.png,9,0.71215
1219.png,9,0.7031499999999999
1220.png,5,1.16925
1221.png,5,1.168
1222.png,5,1.0150000000000001
1223.png,5,1.02
1224.png,5,0.9480000000000001
1225.png,5,0.9525
1226.png,5,0.8325
1227.png,5,0.84
1228.png,5,0.5760000000000001
1229.png,5,0.5925
1230.png,5,0.31325000000000003
1231.png,5,0.332
1232.png,5,-0.02995
1233.png,5,-0.0087
1234.png,5,-0.4764
1235.png,5,-0.45
1236.png,5,-0.7411
1237.png,5,-0.7221
1238.png,5,-0.9275
1239.png,5,-0.912
1240.png,9,-0.6909
1241.png,9,-0.67865
1242.png,5,-1.20675
1243.png,5,-1.19625
1244.png,5,-1.32425
1245.png,5,-1.31625
1246.png,5,-1.4602499999999998
1247.png,5,-1.45125
1248.png,5,-1.28575
1249.png,5,-1.28375
1250.png,5,-1.27375
1251.png,5,-1.281
1252.png,5,-1.0635000000000001
1253.png,5,-1.078
1254.png,5,-0.77425
1255.png,5,-0.7945
1256.png,5,-0.4345
1257.png,5,-0.4585
1258.png,5,-0.04325
1259.png,5,-0.07125
1260.png,5,0.42125
1261.png,5,0.392
1262.png,13,0.6068
1263.png,13,0.5778
1264.png,9,0.7969999999999999
1265.png,9,0.7717499999999999
1266.png,5,1.6
1267.png,5,1.58
1268.png,5,1.72475
1269.png,5,1.69325
1270.png,5,1.94875
1271.png,5,1.9304999999999999
1272.png,5,1.8325
1273.png,5,1.8395
1274.png,5,1.5735000000000001
1275.png,5,1.5925
1276.png,5,1.5925
1277.png,5,1.232
1278.png,5,1.25775
1279.png,5,0.90825
1280.png,5,0.9380000000000001
1281.png,5,0.5105000000000001
1282.png,5,0.539
1283.png,5,0.1695
1284.png,5,0.195
1285.png,5,-0.13699999999999998
1286.png,5,-0.11624999999999999
1287.png,5,-0.44304999999999994
1288.png,5,-0.42629999999999996
1289.png,13,-0.45045
1290.png,13,-0.43470000000000003
1291.png,5,-0.9763499999999999
1292.png,5,-0.9613499999999999
1293.png,5,-0.9613499999999999
1294.png,5,-1.2607499999999998
1295.png,5,-1.23375
1296.png,5,-1.65375
1297.png,5,-1.6275
1298.png,5,-1.5715
1299.png,5,-1.5599999999999998
1300.png,5,-1.693
1301.png,5,-1.6835
1302.png,5,-1.7605
1303.png,5,-1.755
1304.png,5,-1.769
1305.png,5,-1.768
1306.png,5,-1.705
1307.png,5,-1.7095
1308.png,5,-1.5555
1309.png,5,-1.5665
1310.png,5,-1.5665
1311.png,5,-1.311
1312.png,5,-1.32925
1313.png,5,-1.0565000000000002
1314.png,5,-1.0815000000000001
1315.png,5,-0.62775
1316.png,5,-0.658
1317.png,5,-0.13299999999999998
1318.png,5,-0.16874999999999998
1319.png,5,0.43124999999999997
1320.png,5,0.39375
1321.png,5,1.3465
1322.png,5,1.3
1323.png,5,1.3
1324.png,5,1.706
1325.png,5,1.67475
1326.png,5,1.67475
1327.png,5,1.7822500000000001
1328.png,5,1.768
1329.png,5,1.6534999999999997
1330.png,5,1.6537499999999998
1331.png,5,1.51775
1332.png,5,1.5262499999999999
1333.png,5,1.29425
1334.png,5,1.3087499999999999
1335.png,5,0.9967499999999999
1336.png,5,1.0162499999999999
1337.png,5,0.6362499999999999
1338.png,5,0.6599999999999999
1339.png,5,0.228
1340.png,5,0.255
1341.png,5,-0.1918
1342.png,5,-0.1653
1343.png,13,-0.35335
1344.png,13,-0.3321
1345.png,13,-0.3321
1346.png,5,-0.82485
1347.png,5,-0.8090999999999999
1348.png,9,-0.7202999999999999
1349.png,9,-0.6958
1350.png,9,-0.6958
1351.png,5,-1.4689999999999999
1352.png,5,-1.4437499999999999
1353.png,5,-1.46125
1354.png,5,-1.44625
1355.png,5,-1.6877499999999999
1356.png,5,-1.6704999999999999
1357.png,5,-1.7545
1358.png,5,-1.7485
1359.png,5,-1.6855
1360.png,5,-1.69
1361.png,5,-1.5255
1362.png,5,-1.53725
1363.png,5,-1.25725
1364.png,5,-1.27725
1365.png,5,-0.978
1366.png,5,-1.0045
1367.png,5,-0.56575
1368.png,5,-0.595
1369.png,5,-0.13349999999999998
1370.png,5,-0.16499999999999998
1371.png,5,0.33499999999999996
1372.png,5,0.30374999999999996
1373.png,5,0.30374999999999996
1374.png,5,0.9158000000000001
1375.png,5,0.8878
1376.png,5,0.8878
1377.png,5,1.3243
1378.png,5,1.3018
1379.png,5,1.3018
1380.png,5,1.4886499999999998
1381.png,5,1.4746499999999998
1382.png,5,1.31525
1383.png,5,1.3125
1384.png,5,1.2485
1385.png,5,1.0965
1386.png,5,1.10625
1387.png,5,1.10625
1388.png,5,0.87025
1389.png,5,0.885
1390.png,5,0.613
1391.png,5,0.63
1392.png,5,0.34475
1393.png,5,0.364
1394.png,5,0.364
1395.png,5,-0.01355
1396.png,5,-0.41400000000000003
1397.png,5,-0.39
1398.png,5,-0.39
1399.png,5,-0.6705
1400.png,5,-0.6525
1401.png,5,-0.9008999999999999
1402.png,5,-1.003
1403.png,5,-0.992
1404.png,5,-0.992
1405.png,5,-1.0659999999999998
1406.png,5,-1.1295
1407.png,5,-1.125
1408.png,5,-1.117
1409.png,5,-1.1175
1410.png,5,-1.1175
1411.png,5,-0.968
1412.png,5,-0.808
1413.png,5,-0.8190000000000001
1414.png,5,-0.8190000000000001
1415.png,5,-0.6295000000000001
1416.png,5,-0.645
1417.png,5,-0.365
1418.png,5,-0.3825
1419.png,5,-0.09449999999999999
1420.png,5,-0.11249999999999999
1421.png,5,0.22
1422.png,5,0.674
1423.png,5,0.65
1424.png,5,0.65
1425.png,5,0.94235
1426.png,5,0.9246
1427.png,5,1.08595
1428.png,5,1.02625
1429.png,5,1.024
1430.png,5,1.024
1431.png,5,0.99
1432.png,5,0.992
1433.png,5,0.856
1434.png,5,0.864
1435.png,5,0.66
1436.png,5,0.672
1437.png,5,0.4085
1438.png,5,0.11375
1439.png,5,0.132
1440.png,5,0.132
1441.png,5,-0.2643
1442.png,5,-0.24
1443.png,5,-0.6534
1444.png,5,-0.63
1445.png,5,-0.8424999999999999
1446.png,5,-0.8264999999999999
1447.png,5,-0.998
1448.png,5,-0.984
1449.png,5,-1.0505
1450.png,5,-1.0425
1451.png,5,-1.0825
1452.png,5,-1.08
1453.png,5,-1.048
1454.png,5,-1.05
1455.png,5,-0.954
1456.png,5,-0.96
1457.png,5,-0.792
1458.png,5,-0.8025
1459.png,5,-0.5625
1460.png,5,-0.5775
1461.png,5,-0.2975
1462.png,5,-0.315
1463.png,5,-0.0045000000000000005
1464.png,5,-0.024
1465.png,5,0.32809999999999995
1466.png,5,0.30884999999999996
1467.png,5,0.7313
1468.png,5,0.71
1469.png,5,0.9028999999999999
1470.png,5,0.8874
1471.png,5,1.00725
1472.png,5,0.996
1473.png,9,0.66675
1474.png,9,0.6615
1475.png,9,0.648
1476.png,9,0.64925
1477.png,5,0.92825
1478.png,5,0.936
1479.png,5,0.7415
1480.png,5,0.75
1481.png,5,0.606
1482.png,5,0.615
1483.png,5,0.40525
1484.png,5,0.42
1485.png,5,0.10124999999999999
1486.png,5,0.12
1487.png,5,-0.26940000000000003
1488.png,5,-0.2484
1489.png,5,-0.7099000000000001
1490.png,5,-0.685
1491.png,5,-0.95935
1492.png,5,-0.9396
1493.png,9,-0.7047
1494.png,9,-0.68845
1495.png,5,-1.1977499999999999
1496.png,5,-1.18875
1497.png,5,-1.24075
1498.png,5,-1.2375
1499.png,5,-1.3055
1500.png,5,-1.30125
1501.png,5,-1.3092499999999998
1502.png,5,-1.3087499999999999
1503.png,5,-1.04525
1504.png,5,-1.057
1505.png,5,-0.817
1506.png,5,-0.833
1507.png,5,-0.5565
1508.png,5,-0.5775
1509.png,5,-0.2095
1510.png,5,-0.23249999999999998
1511.png,5,0.16425
1512.png,5,0.14
1513.png,5,0.6944
1514.png,5,0.665
1515.png,5,1.00175
1516.png,5,0.9787499999999999
1517.png,9,0.75915
1518.png,9,0.7399
1519.png,5,1.3165
1520.png,5,1.305
1521.png,5,1.341
1522.png,5,1.3387499999999999
1523.png,5,1.38275
1524.png,5,1.38
1525.png,5,1.352
1526.png,5,1.35375
1527.png,5,1.04225
1528.png,5,1.057
1529.png,5,0.757
1530.png,5,0.777
1531.png,5,0.40449999999999997
1532.png,5,0.43124999999999997
1533.png,5,-0.04075
1534.png,5,-0.01125
1535.png,5,-0.6054999999999999
1536.png,5,-0.575
1537.png,5,-1.0911499999999998
1538.png,5,-1.0614
1539.png,5,-1.4349999999999998
1540.png,5,-1.408
1541.png,5,-1.628
1542.png,5,-1.60875
1543.png,5,-1.55525
1544.png,5,-1.54375
1545.png,5,-1.56825
1546.png,5,-1.5665
1547.png,5,-1.4685000000000001
1548.png,5,-1.4755
1549.png,5,-1.29
1550.png,5,-1.30325
1551.png,5,-1.1335
1552.png,5,-1.1515
1553.png,5,-0.8065
1554.png,5,-0.8295
1555.png,5,-0.45825
1556.png,5,-0.483
1557.png,5,-0.0895
1558.png,5,-0.11624999999999999
1559.png,5,0.39875
1560.png,5,0.36974999999999997
1561.png,5,1.008
1562.png,5,0.975
1563.png,5,1.30365
1564.png,5,1.2789
1565.png,5,1.4104999999999999
1566.png,5,1.3912499999999999
1567.png,5,1.55525
1568.png,5,1.545
1569.png,5,1.545
1570.png,5,1.545
1571.png,5,1.4369999999999998
1572.png,5,1.4437499999999999
1573.png,5,1.22775
1574.png,5,1.24125
1575.png,5,0.8660000000000001
1576.png,5,0.8855000000000001
1577.png,5,0.56075
1578.png,5,0.585
1579.png,5,0.141
1580.png,5,0.16874999999999998
1581.png,5,-0.33785
1582.png,5,-0.30884999999999996
1583.png,5,-0.9592
1584.png,5,-0.925
1585.png,9,-0.73675
1586.png,9,-0.7105
1587.png,9,-0.7105
1588.png,5,-1.3515
1589.png,5,-1.335
1590.png,5,-1.335
1591.png,5,-1.547
1592.png,5,-1.53375
1593.png,5,-1.44475
1594.png,5,-1.4364999999999999
1595.png,5,-1.3315
1596.png,5,-1.339
1597.png,5,-1.339
1598.png,5,-1.25075
1599.png,5,-1.2635
1600.png,5,-1.2635
1601.png,5,-1.001
1602.png,5,-1.0185
1603.png,5,-0.7035
1604.png,5,-0.7245
1605.png,5,-0.36824999999999997
1606.png,5,-0.39375
1607.png,5,0.03825
1608.png,5,0.01125
1609.png,5,0.01125
1610.png,5,0.45465
1611.png,5,0.43065
1612.png,5,0.9349000000000001
1613.png,5,0.91
1614.png,5,1.0676999999999999
1615.png,5,1.0527
1616.png,5,1.0527
1617.png,5,1.09125
1618.png,5,1.084
1619.png,9,0.6585500000000001
1620.png,9,0.65905
1621.png,9,0.65905
1622.png,5,0.991
1623.png,5,0.996
1624.png,5,0.996
1625.png,5,0.8697499999999999
1626.png,5,0.8737499999999999
1627.png,5,0.7857500000000001
1628.png,5,0.79125
1629.png,5,0.5712499999999999
1630.png,5,0.585
1631.png,5,0.352
1632.png,5,0.368
1633.png,5,0.368
1634.png,5,0.09175
1635.png,5,0.108
1636.png,5,-0.18135
1637.png,5,-0.1656
1638.png,13,-0.2624
1639.png,13,-0.2484
1640.png,13,-0.2484
1641.png,5,-0.6025999999999999
1642.png,5,-0.5915999999999999
1643.png,5,-0.799
1644.png,5,-0.784
1645.png,5,-0.784
1646.png,9,-0.6152
1647.png,9,-0.6027
1648.png,9,-0.6027
1649.png,5,-0.9025
1650.png,5,-0.9037499999999999
1651.png,5,-0.85175
1652.png,5,-0.855
1653.png,5,-0.803
1654.png,5,-0.80625
1655.png,5,-0.80625
1656.png,5,-0.6662499999999999
1657.png,5,-0.6749999999999999
1658.png,5,-0.6749999999999999
1659.png,5,-0.45899999999999996
1660.png,5,-0.4725
1661.png,5,-0.23249999999999998
1662.png,5,-0.2475
1663.png,5,0.025
1664.png,5,0.008
1665.png,5,0.008
1666.png,5,0.339
1667.png,5,0.322
1668.png,5,0.6255999999999999
1669.png,5,0.61
1670.png,5,0.61
1671.png,5,0.7054999999999999
1672.png,5,0.696
1673.png,5,0.7787999999999999
1674.png,5,0.7743
1675.png,5,0.7162499999999999
1676.png,5,0.716
1677.png,5,0.716
1678.png,5,0.6607500000000001
1679.png,5,0.664
1680.png,5,0.664
1681.png,5,0.5577500000000001
1682.png,5,0.5640000000000001
1683.png,5,0.4195
1684.png,5,0.428
1685.png,5,0.2495
1686.png,5,0.26
1687.png,5,0.26
1688.png,5,0.07575
1689.png,5,0.087
1690.png,5,0.087
1691.png,5,-0.11729999999999999
1692.png,5,-0.105
1693.png,5,-0.2958
1694.png,5,-0.28500000000000003
1695.png,5,-0.42224999999999996
1696.png,5,-0.414
1697.png,5,-0.5065
1698.png,5,-0.50025
1699.png,5,-0.494
1700.png,5,-0.492
1701.png,5,-0.492
1702.png,5,-0.47500000000000003
1703.png,5,-0.47600000000000003
1704.png,5,-0.425
1705.png,5,-0.428
1706.png,5,-0.343
1707.png,5,-0.34800000000000003
1708.png,5,-0.2375
1709.png,5,-0.244
1710.png,5,-0.244
1711.png,5,-0.13654999999999998
1712.png,5,-0.14354999999999998
1713.png,5,-0.01475
1714.png,5,-0.02175
1715.png,5,0.12869999999999998
1716.png,5,0.12
1717.png,5,0.12
1718.png,13,0.14445000000000002
1719.png,13,0.13770000000000002
1720.png,13,0.13770000000000002
1721.png,5,0.35040000000000004
1722.png,5,0.34500000000000003
1723.png,5,0.43815
1724.png,5,0.43065
1725.png,5,0.50225
1726.png,5,0.496
1727.png,5,0.45775000000000005
1728.png,5,0.46
1729.png,5,0.46
1730.png,5,0.37925000000000003
1731.png,5,0.384
1732.png,5,0.298
1733.png,5,0.3045
1734.png,5,0.15269999999999997
1735.png,5,0.16094999999999998
1736.png,5,0.0048000000000000004
1737.png,5,0.015
1738.png,5,0.015
1739.png,5,-0.1546
1740.png,5,-0.145
1741.png,5,-0.2881
1742.png,5,-0.28
1743.png,5,-0.36915
1744.png,5,-0.3634
1745.png,5,-0.41724999999999995
1746.png,5,-0.41324999999999995
1747.png,5,-0.41324999999999995
1748.png,5,-0.42245
1749.png,5,-0.42195
1750.png,5,-0.35825
1751.png,5,-0.36
1752.png,5,-0.36
1753.png,5,-0.3005
1754.png,5,-0.304
1755.png,5,-0.24319999999999997
1756.png,5,-0.24794999999999998
1757.png,5,-0.14214999999999997
1758.png,5,-0.14789999999999998
1759.png,5,-0.02545
1760.png,5,-0.0322
1761.png,5,0.1134
1762.png,5,0.105
1763.png,13,0.13045
1764.png,13,0.1242
1765.png,5,0.3148
1766.png,5,0.31
1767.png,5,0.41614999999999996
1768.png,5,0.4094
1769.png,5,0.48834999999999995
1770.png,5,0.48284999999999995
1771.png,5,0.48284999999999995
1772.png,5,0.44145
1773.png,5,0.4437
1774.png,5,0.4437
1775.png,5,0.3563
1776.png,5,0.36105
1777.png,5,0.36105
1778.png,5,0.23684999999999998
1779.png,5,0.24359999999999998
1780.png,5,0.1121
1781.png,5,0.1196
1782.png,5,-0.0237
1783.png,5,-0.015
1784.png,13,-0.09070000000000002
1785.png,13,-0.08370000000000001
1786.png,13,-0.08370000000000001
1787.png,5,-0.2716
1788.png,5,-0.265
1789.png,5,-0.265
1790.png,5,-0.36394999999999994
1791.png,5,-0.35669999999999996
1792.png,5,-0.35669999999999996
1793.png,5,-0.41725
1794.png,5,-0.41200000000000003
1795.png,5,-0.41200000000000003
1796.png,5,-0.4035
1797.png,5,-0.404
1798.png,5,-0.404
1799.png,5,-0.3615
1800.png,5,-0.2875
1801.png,5,-0.292
1802.png,5,-0.292
1803.png,5,-0.20714999999999997
1804.png,5,-0.21314999999999998
1805.png,5,-0.09355
1806.png,5,-0.10005
1807.png,5,0.03485
1808.png,5,0.0276
1809.png,5,0.189
1810.png,5,0.18
1811.png,5,0.18
1812.png,5,0.3125
1813.png,5,0.305
1814.png,5,0.305
1815.png,5,0.3845
1816.png,5,0.38
1817.png,5,0.37384999999999996
1818.png,5,0.3726
1819.png,5,0.3629
1820.png,5,0.3634
1821.png,5,0.3634
1822.png,5,0.3149
1823.png,5,0.3174
1824.png,5,0.23979999999999999
1825.png,5,0.2438
1826.png,5,0.2438
1827.png,5,0.15164999999999998
1828.png,5,0.15639999999999998
1829.png,5,0.0587
1830.png,5,0.065
1831.png,5,-0.0569
1832.png,5,-0.05
1833.png,5,-0.05
1834.png,5,-0.1666
1835.png,5,-0.16
1836.png,5,-0.16
1837.png,5,-0.23950000000000002
1838.png,5,-0.23500000000000001
1839.png,5,-0.255
1840.png,5,-0.253
1841.png,5,-0.2724
1842.png,5,-0.2714
1843.png,5,-0.25205
1844.png,5,-0.25229999999999997
1845.png,5,-0.25229999999999997
1846.png,5,-0.2201
1847.png,5,-0.22185
1848.png,5,-0.22185
1849.png,5,-0.17124999999999999
1850.png,5,-0.174
1851.png,5,-0.1161
1852.png,5,-0.1196
1853.png,5,-0.041999999999999996
1854.png,5,-0.046
1855.png,5,0.050699999999999995
1856.png,5,0.045
1857.png,5,0.1298
1858.png,5,0.125
1859.png,13,0.09995000000000001
1860.png,13,0.09720000000000001
1861.png,13,0.09720000000000001
1862.png,5,0.2118
1863.png,5,0.21
1864.png,5,0.27890000000000004
1865.png,5,0.275
1866.png,5,0.34964999999999996
1867.png,5,0.34364999999999996
1868.png,5,0.34364999999999996
1869.png,5,0.37124999999999997
1870.png,5,0.36974999999999997
1871.png,5,0.36974999999999997
1872.png,5,0.30534999999999995
1873.png,5,0.30884999999999996
1874.png,5,0.20764999999999997
1875.png,5,0.21314999999999998
1876.png,5,0.08959999999999999
1877.png,5,0.09659999999999999
1878.png,5,-0.0646
1879.png,5,-0.055
1880.png,5,-0.055
1881.png,5,-0.2034
1882.png,5,-0.195
1883.png,5,-0.301
1884.png,5,-0.295
1885.png,5,-0.35385
1886.png,5,-0.3496
1887.png,5,-0.3496
1888.png,5,-0.37199999999999994
1889.png,5,-0.36974999999999997
1890.png,5,-0.36974999999999997
1891.png,5,-0.36055
1892.png,5,-0.36105
1893.png,5,-0.31505
1894.png,5,-0.31755
1895.png,5,-0.24854999999999997
1896.png,5,-0.25229999999999997
1897.png,5,-0.15569999999999998
1898.png,5,-0.16094999999999998
1899.png,5,-0.16094999999999998
1900.png,5,-0.05865
1901.png,5,-0.0644
1902.png,5,0.03745
1903.png,5,0.0322
1904.png,5,0.0322
1905.png,5,0.13570000000000002
1906.png,5,0.13
1907.png,13,0.11445000000000001
1908.png,13,0.1107
1909.png,5,0.2686
1910.png,5,0.265
1911.png,5,0.35535
1912.png,5,0.3496
1913.png,5,0.3496
1914.png,5,0.40879999999999994
1915.png,5,0.40454999999999997
1916.png,5,0.36774999999999997
1917.png,5,0.36974999999999997
1918.png,5,0.29614999999999997
1919.png,5,0.30015
1920.png,5,0.19895
1921.png,5,0.20445
1922.png,5,0.20445
1923.png,5,0.09009999999999999
1924.png,5,0.09659999999999999
1925.png,5,0.09659999999999999
1926.png,5,-0.0328
1927.png,5,-0.025
1928.png,13,-0.08430000000000001
1929.png,13,-0.07830000000000001
1930.png,5,-0.2616
1931.png,5,-0.255
1932.png,5,-0.255
1933.png,5,-0.35985
1934.png,5,-0.35235
1935.png,5,-0.35235
1936.png,5,-0.41325
1937.png,5,-0.40800000000000003
1938.png,5,-0.3995
1939.png,5,-0.4
1940.png,5,-0.36175
1941.png,5,-0.364
1942.png,5,-0.364
1943.png,5,-0.29175
1944.png,5,-0.296
1945.png,5,-0.296
1946.png,5,-0.22069999999999998
1947.png,5,-0.22619999999999998
1948.png,5,-0.11579999999999999
1949.png,5,-0.12179999999999999
1950.png,5,0.00215
1951.png,5,-0.0046
1952.png,5,0.154
1953.png,5,0.145
1954.png,5,0.145
1955.png,13,0.15500000000000003
1956.png,13,0.14850000000000002
1957.png,5,0.3598
1958.png,5,0.355
1959.png,5,0.355
1960.png,5,0.42845
1961.png,5,0.42195
1962.png,5,0.48150000000000004
1963.png,5,0.47600000000000003
1964.png,5,0.442
1965.png,5,0.444
1966.png,5,0.444
1967.png,5,0.37175
1968.png,5,0.376
1969.png,5,0.376
1970.png,5,0.2939
1971.png,5,0.30015
1972.png,5,0.16215
1973.png,5,0.16965
1974.png,5,0.01935
1975.png,5,0.0276
1976.png,5,-0.1449
1977.png,5,-0.135
1978.png,5,-0.135
1979.png,5,-0.28340000000000004
1980.png,5,-0.275
1981.png,5,-0.3403
1982.png,5,-0.3358
1983.png,5,-0.36355
1984.png,5,-0.36105
1985.png,5,-0.36105
1986.png,5,-0.36105
1987.png,5,-0.36105
1988.png,5,-0.33344999999999997
1989.png,5,-0.33494999999999997
1990.png,5,-0.27515
1991.png,5,-0.2784
1992.png,5,-0.2002
1993.png,5,-0.20445
1994.png,5,-0.20445
1995.png,5,-0.11245
1996.png,5,-0.11745
1997.png,5,-0.02235
1998.png,5,-0.0276
1999.png,5,0.0813
2000.png,5,0.075
2001.png,5,0.1969
2002.png,5,0.19
2003.png,5,0.19
2004.png,5,0.2801
2005.png,5,0.275
2006.png,5,0.3174
2007.png,5,0.315
2008.png,5,0.30434999999999995
2009.png,5,0.3036
2010.png,5,0.28905000000000003
2011.png,5,0.2898
2012.png,5,0.2413
2013.png,5,0.2438
2014.png,5,0.1759
2015.png,5,0.1794
2016.png,5,0.089
2017.png,5,0.095
2018.png,5,-0.0269
2019.png,5,-0.02
2020.png,5,-0.20550000000000002
2021.png,5,-0.195
2022.png,5,-0.4017
2023.png,5,-0.39
2024.png,5,-0.4957
2025.png,5,-0.48719999999999997
2026.png,5,-0.6712
2027.png,5,-0.6612
2028.png,5,-0.8497999999999999
2029.png,5,-0.8395499999999999
2030.png,5,-0.92925
2031.png,5,-0.92
2032.png,5,-1.0645
2033.png,5,-1.056
2034.png,5,-1.1664999999999999
2035.png,5,-1.16
2036.png,5,-1.1555
2037.png,5,-1.1512499999999999
2038.png,5,-1.17925
2039.png,5,-1.1775
2040.png,5,-1.1615
2041.png,5,-1.1624999999999999
2042.png,5,-1.1145
2043.png,5,-1.1175
2044.png,5,-1.0414999999999999
2045.png,5,-1.04625
2046.png,5,-0.94225
2047.png,5,-0.94875
2048.png,5,-0.82475
2049.png,5,-0.8325
2050.png,5,-0.7435
2051.png,5,-0.752
2052.png,5,-0.6075
2053.png,5,-0.616
2054.png,5,-0.4885
2055.png,5,-0.496
2056.png,5,-0.41059999999999997
2057.png,5,-0.41759999999999997
2058.png,5,-0.3349
2059.png,5,-0.3404
2060.png,5,-0.3011
2061.png,5,-0.305
2062.png,5,-0.2785
2063.png,5,-0.28
2064.png,5,-0.3065
2065.png,5,-0.305
2066.png,5,-0.3739
2067.png,5,-0.37
2068.png,5,-0.4919
2069.png,5,-0.485
2070.png,5,-0.6387
2071.png,5,-0.63
2072.png,5,-0.7444999999999999
2073.png,5,-0.736
2074.png,5,-0.857
2075.png,5,-0.84825
2076.png,5,-1.0000499999999999
2077.png,5,-0.9917999999999999
2078.png,5,-1.1252
2079.png,5,-1.11795
2080.png,5,-1.11725
2081.png,5,-1.112
2082.png,5,-1.21825
2083.png,5,-1.212
2084.png,5,-1.30825
2085.png,5,-1.2974999999999999
2086.png,5,-1.5335
2087.png,5,-1.51875
2088.png,5,-1.56825
2089.png,5,-1.55025
2090.png,5,-1.7742499999999999
2091.png,5,-1.7582499999999999
2092.png,5,-1.90875
2093.png,5,-1.898
2094.png,5,-1.9575
2095.png,5,-1.95325
2096.png,5,-1.9707499999999998
2097.png,5,-1.9694999999999998
2098.png,5,-1.9275
2099.png,5,-1.9304999999999999
2100.png,5,-1.7834999999999999
2101.png,5,-1.7939999999999998
2102.png,5,-1.458
2103.png,5,-1.482
2104.png,5,-1.1385
2105.png,5,-1.169
2106.png,5,-1.169
2107.png,5,-0.65525
2108.png,5,-0.6895
2109.png,5,-0.6895
2110.png,5,-0.1495
2111.png,5,-0.1855
2112.png,5,-0.1855
2113.png,5,0.38925
2114.png,5,0.3525
2115.png,5,0.3525
2116.png,5,1.0823
2117.png,5,1.0488
2118.png,5,1.0488
2119.png,5,1.57745
2120.png,5,1.5502
2121.png,5,1.5502
2122.png,5,1.61575
2123.png,5,1.6
2124.png,5,1.6
2125.png,5,1.556
2126.png,5,1.5525
2127.png,5,1.5525
2128.png,5,1.4565
2129.png,5,1.4625
2130.png,5,1.4625
2131.png,5,1.2825
2132.png,5,1.29375
2133.png,5,1.29375
2134.png,5,1.04575
2135.png,5,1.06125
2136.png,5,1.06125
2137.png,5,0.76125
2138.png,5,0.78
2139.png,5,0.78
2140.png,5,0.45199999999999996
2141.png,5,0.4725
2142.png,5,0.1385
2143.png,5,0.16
2144.png,5,0.16
2145.png,5,-0.20319999999999996
2146.png,5,-0.18269999999999997
2147.png,5,-0.5916
2148.png,5,-0.5700000000000001
2149.png,5,-0.8132999999999999
2150.png,5,-0.7960499999999999
2151.png,5,-0.9954999999999999
2152.png,5,-0.98
2153.png,5,-1.0787499999999999
2154.png,5,-1.0687499999999999
2155.png,5,-1.12875
2156.png,5,-1.125
2157.png,5,-1.101
2158.png,5,-1.1025
2159.png,5,-0.924
2160.png,5,-0.931
2161.png,5,-0.751
2162.png,5,-0.763
2163.png,5,-0.5615
2164.png,5,-0.5775
2165.png,5,-0.2775
2166.png,5,-0.29625
2167.png,5,0.002749999999999999
2168.png,5,-0.016
2169.png,5,0.3
2170.png,5,0.28275
2171.png,5,0.6271
2172.png,5,0.61
2173.png,5,0.76975
2174.png,5,0.759
2175.png,5,0.759
2176.png,5,0.8189499999999998
2177.png,5,0.8134499999999999
2178.png,5,0.8594499999999999
2179.png,5,0.85695
2180.png,5,0.7795000000000001
2181.png,5,0.78
2182.png,5,0.712
2183.png,5,0.716
2184.png,5,0.716
2185.png,5,0.60125
2186.png,5,0.45925000000000005
2187.png,5,0.468
2188.png,5,0.468
2189.png,5,0.31075
2190.png,5,0.32
2191.png,5,0.20539999999999997
2192.png,5,0.21314999999999998
2193.png,5,0.21314999999999998
2194.png,5,0.1019
2195.png,5,0.11
2196.png,5,0.004000000000000001
2197.png,5,0.01
2198.png,5,0.01
2199.png,5,-0.048299999999999996
2200.png,5,-0.045
2201.png,5,-0.045
2202.png,5,-0.04625
2203.png,5,-0.046
2204.png,5,-0.046
2205.png,5,-0.0023499999999999997
2206.png,5,-0.0046
2207.png,5,0.07785
2208.png,5,0.0736
2209.png,5,0.18515
2210.png,5,0.1794
2211.png,5,0.3275
2212.png,5,0.32
2213.png,5,0.32
2214.png,13,0.24950000000000003
2215.png,5,0.5719000000000001
2216.png,5,0.5650000000000001
2217.png,5,0.5650000000000001
2218.png,5,0.5650000000000001
2219.png,5,0.6392
2220.png,5,0.635
2221.png,5,0.6133
2222.png,5,0.6118
2223.png,5,0.6214999999999999
2224.png,5,0.621
2225.png,5,0.6064499999999999
2226.png,5,0.6072
2227.png,5,0.5696
2228.png,5,0.56985
2229.png,5,0.61125
2230.png,5,0.609
2231.png,5,0.609
2232.png,5,0.7101999999999999
2233.png,5,0.7047
2234.png,5,0.7047
2235.png,5,0.7755
2236.png,5,0.768
2237.png,5,0.921
2238.png,5,0.912
2239.png,5,0.912
2240.png,5,1.0905
2241.png,5,1.08
2242.png,5,1.1925
2243.png,5,1.18125
2244.png,5,1.18125
2245.png,5,1.3572499999999998
2246.png,5,1.34625
2247.png,5,1.5222499999999999
2248.png,5,1.51125
2249.png,5,1.4462499999999998
2250.png,5,1.4364999999999999
2251.png,5,1.4364999999999999
2252.png,5,1.5344999999999998
2253.png,5,1.5274999999999999
2254.png,5,1.5274999999999999
2255.png,5,1.5765
2256.png,5,1.573
2257.png,5,1.545
2258.png,5,1.547
2259.png,5,1.547
2260.png,5,1.4385000000000001
2261.png,5,1.44625
2262.png,5,1.44625
2263.png,5,1.2467499999999998
2264.png,5,1.261
2265.png,5,1.261
2266.png,5,1.1105
2267.png,5,1.127
2268.png,5,0.8495
2269.png,5,0.868
2270.png,5,0.568
2271.png,5,0.588
2272.png,5,0.31799999999999995
2273.png,5,0.33749999999999997
2274.png,5,0.33749999999999997
2275.png,5,0.0495
2276.png,5,0.0675
2277.png,5,-0.20689999999999997
2278.png,5,-0.1914
2279.png,5,-0.1914
2280.png,5,-0.47440000000000004
2281.png,5,-0.46
2282.png,5,-0.56385
2283.png,5,-0.5566
2284.png,5,-0.55855
2285.png,5,-0.5568
2286.png,5,-0.444
2287.png,5,-0.448
2288.png,5,-0.312
2289.png,5,-0.32
2290.png,5,-0.15019999999999997
2291.png,5,-0.16094999999999998
2292.png,5,0.0723
2293.png,5,0.0598
2294.png,5,0.0598
2295.png,5,0.3459
2296.png,5,0.33
2297.png,5,0.6003
2298.png,5,0.585
2299.png,5,0.7113499999999999
2300.png,5,0.7003499999999999
2301.png,5,0.7003499999999999
2302.png,5,0.8383499999999999
2303.png,5,0.83085
2304.png,5,0.83085
2305.png,5,0.84475
2306.png,5,0.84
2307.png,5,0.8654999999999999
2308.png,5,0.864
2309.png,5,0.8555
2310.png,5,0.856
2311.png,5,0.80925
2312.png,5,0.812
2313.png,5,0.812
2314.png,5,0.7355
2315.png,5,0.74
2316.png,5,0.6465000000000001
2317.png,5,0.652
2318.png,5,0.652
2319.png,5,0.46075000000000005
2320.png,5,0.47200000000000003
2321.png,5,0.2425
2322.png,5,0.256
2323.png,5,0.0208
2324.png,5,0.0348
2325.png,5,-0.22510000000000002
2326.png,5,-0.2116
2327.png,5,-0.4632
2328.png,5,-0.45
2329.png,5,-0.5498
2330.png,5,-0.5428
2331.png,5,-0.5776999999999999
2332.png,5,-0.5741999999999999
2333.png,5,-0.51525
2334.png,5,-0.516
2335.png,5,-0.465
2336.png,5,-0.468
2337.png,5,-0.37875000000000003
2338.png,5,-0.384
2339.png,5,-0.384
2340.png,5,-0.27775000000000005
2341.png,5,-0.28400000000000003
2342.png,5,-0.28400000000000003
2343.png,5,-0.18005
2344.png,5,-0.18705
2345.png,5,-0.0523
2346.png,5,-0.0598
2347.png,5,0.0834
2348.png,5,0.075
2349.png,13,0.11720000000000001
2350.png,13,0.1107
2351.png,5,0.311
2352.png,5,0.305
2353.png,5,0.42124999999999996
2354.png,5,0.414
2355.png,5,0.45775
2356.png,5,0.452
2357.png,5,0.4265
2358.png,5,0.428
2359.png,5,0.428
2360.png,5,0.36425
2361.png,5,0.368
2362.png,5,0.2944
2363.png,5,0.30015
2364.png,5,0.17134999999999997
2365.png,5,0.17834999999999998
2366.png,5,0.0237
2367.png,5,0.0322
2368.png,5,-0.1452
2369.png,5,-0.135
2370.png,5,-0.3205
2371.png,5,-0.31
2372.png,5,-0.43555
2373.png,5,-0.4278
2374.png,5,-0.51035
2375.png,5,-0.5045999999999999
2376.png,5,-0.50225
2377.png,5,-0.5
2378.png,5,-0.47450000000000003
2379.png,5,-0.47600000000000003
2380.png,5,-0.40800000000000003
2381.png,5,-0.41200000000000003
2382.png,5,-0.3185
2383.png,5,-0.324
2384.png,5,-0.22815
2385.png,5,-0.2349
2386.png,5,-0.2349
2387.png,5,-0.10149999999999998
2388.png,5,-0.10874999999999999
2389.png,5,-0.10874999999999999
2390.png,5,0.02565
2391.png,5,0.0184
2392.png,5,0.0184
2393.png,5,0.1631
2394.png,5,0.155
2395.png,5,0.2716
2396.png,5,0.265
2397.png,5,0.3604
2398.png,5,0.4042
2399.png,5,0.4002
2400.png,5,0.4002
2401.png,5,0.40604999999999997
2402.png,5,0.40454999999999997
2403.png,5,0.38615
2404.png,5,0.38715
2405.png,5,0.32735000000000003
2406.png,5,0.3306
2407.png,5,0.24319999999999997
2408.png,5,0.24794999999999998
2409.png,5,0.1361
2410.png,5,0.1426
2411.png,5,0.0066
2412.png,5,0.015
2413.png,5,-0.14400000000000002
2414.png,5,-0.135
2415.png,5,-0.28340000000000004
2416.png,5,-0.275
2417.png,5,-0.3791
2418.png,5,-0.3726
2419.png,5,-0.41674999999999995
2420.png,5,-0.41324999999999995
2421.png,5,-0.41324999999999995
2422.png,5,-0.41324999999999995
2423.png,5,-0.41324999999999995
2424.png,5,-0.37185
2425.png,5,-0.3741
2426.png,5,-0.3005
2427.png,5,-0.3045
2428.png,5,-0.20789999999999997
2429.png,5,-0.21314999999999998
2430.png,5,-0.11384999999999999
2431.png,5,-0.1196
2432.png,5,-0.1196
2433.png,5,-0.00805
2434.png,5,0.1016
2435.png,5,0.095
2436.png,13,0.11620000000000001
2437.png,13,0.1107
2438.png,5,0.3004
2439.png,5,0.295
2440.png,5,0.3781
2441.png,5,0.3726
2442.png,5,0.3726
2443.png,5,0.43515
2444.png,5,0.43065
2445.png,5,0.39385
2446.png,5,0.39585
2447.png,5,0.32685000000000003
2448.png,5,0.3306
2449.png,5,0.2294
2450.png,5,0.2349
2451.png,5,0.10774999999999998
2452.png,5,0.11499999999999999
2453.png,5,-0.0446
2454.png,5,-0.035
2455.png,13,-0.11625000000000002
2456.png,13,-0.10800000000000001
2457.png,5,-0.36429999999999996
2458.png,5,-0.355
2459.png,5,-0.42845
2460.png,5,-0.42195
2461.png,5,-0.47714999999999996
2462.png,5,-0.47414999999999996
2463.png,5,-0.4275
2464.png,5,-0.428
2465.png,5,-0.3855
2466.png,5,-0.388
2467.png,5,-0.388
2468.png,5,-0.33914999999999995
2469.png,5,-0.34364999999999996
2470.png,5,-0.23784999999999998
2471.png,5,-0.24359999999999998
2472.png,5,-0.1286
2473.png,5,-0.13485
2474.png,5,-0.13485
2475.png,5,-0.01165
2476.png,5,-0.0184
2477.png,5,0.11249999999999999
2478.png,5,0.105
2479.png,5,0.105
2480.png,13,0.12160000000000001
2481.png,5,0.2945
2482.png,5,0.29
2483.png,5,0.32015
2484.png,5,0.3174
2485.png,5,0.3174
2486.png,5,0.3368
2487.png,5,0.3358
2488.png,5,0.31155
2489.png,5,0.31279999999999997
2490.png,5,0.25945
2491.png,5,0.2622
2492.png,5,0.1846
2493.png,5,0.1886
2494.png,5,0.09159999999999999
2495.png,5,0.09659999999999999
2496.png,5,-0.022199999999999998
2497.png,5,-0.015
2498.png,13,-0.07890000000000001
2499.png,13,-0.0729
2500.png,5,-0.2516
2501.png,5,-0.245
2502.png,5,-0.31754999999999994
2503.png,5,-0.31279999999999997
2504.png,5,-0.4154
2505.png,5,-0.4089
2506.png,5,-0.46525
2507.png,5,-0.46
2508.png,5,-0.44725000000000004
2509.png,5,-0.448
2510.png,5,-0.40125000000000005
2511.png,5,-0.404
2512.png,5,-0.31475000000000003
2513.png,5,-0.32
2514.png,5,-0.21459999999999999
2515.png,5,-0.22185
2516.png,5,-0.06544999999999998
2517.png,5,-0.07394999999999999
2518.png,5,0.1058
2519.png,5,0.095
2520.png,13,0.16045
2521.png,13,0.1512
2522.png,5,0.4337
2523.png,5,0.425
2524.png,5,0.425
2525.png,5,0.5445499999999999
2526.png,5,0.5350499999999999
2527.png,5,0.61525
2528.png,5,0.608
2529.png,5,0.5697500000000001
2530.png,5,0.5720000000000001
2531.png,5,0.48275
2532.png,5,0.488
2533.png,5,0.488
2534.png,5,0.35625
2535.png,5,0.364
2536.png,5,0.211
2537.png,5,0.22
2538.png,5,0.046049999999999994
2539.png,5,0.056549999999999996
2540.png,5,-0.1735
2541.png,5,-0.16
2542.png,5,-0.3932
2543.png,5,-0.38
2544.png,5,-0.5436
2545.png,5,-0.5336
2546.png,5,-0.6426
2547.png,5,-0.6351
2548.png,5,-0.635
2549.png,5,-0.632
2550.png,5,-0.60225
2551.png,5,-0.604
2552.png,5,-0.5275000000000001
2553.png,5,-0.532
2554.png,5,-0.40875000000000006
2555.png,5,-0.41600000000000004
2556.png,5,-0.27575000000000005
2557.png,5,-0.28400000000000003
2558.png,5,-0.28400000000000003
2559.png,5,-0.13864999999999997
2560.png,5,-0.14789999999999998
2561.png,5,0.0182
2562.png,5,0.0092
2563.png,5,0.2061
2564.png,5,0.195
2565.png,5,0.39640000000000003
2566.png,5,0.385
2567.png,5,0.51425
2568.png,5,0.506
2569.png,5,0.5889
2570.png,5,0.5829
2571.png,5,0.5700000000000001
2572.png,5,0.5680000000000001
2573.png,5,0.52975
2574.png,5,0.532
2575.png,5,0.447
2576.png,5,0.452
2577.png,5,0.452
2578.png,5,0.3415
2579.png,5,0.34800000000000003
2580.png,5,0.23584999999999998
2581.png,5,0.24359999999999998
2582.png,5,0.09179999999999999
2583.png,5,0.10005
2584.png,5,-0.0494
2585.png,5,-0.0414
2586.png,5,-0.20400000000000001
2587.png,5,-0.195
2588.png,5,-0.195
2589.png,5,-0.3222
2590.png,5,-0.36255
2591.png,5,-0.3588
2592.png,5,-0.3806999999999999
2593.png,5,-0.37844999999999995
2594.png,5,-0.37844999999999995
2595.png,5,-0.38765
2596.png,5,-0.38715
2597.png,5,-0.35035
2598.png,5,-0.35235
2599.png,5,-0.28335
2600.png,5,-0.28709999999999997
2601.png,5,-0.1951
2602.png,5,-0.2001
2603.png,5,-0.09034999999999999
2604.png,5,-0.09659999999999999
2605.png,5,0.0434
2606.png,5,0.035
2607.png,5,0.1834
2608.png,5,0.17500000000000002
2609.png,5,0.31279999999999997
2610.png,5,0.305
2611.png,5,0.38244999999999996
2612.png,5,0.3772
2613.png,5,0.40729999999999994
2614.png,5,0.40454999999999997
2615.png,5,0.39535
2616.png,5,0.39585
2617.png,5,0.34525
2618.png,5,0.348
2619.png,5,0.2698
2620.png,5,0.27404999999999996
2621.png,5,0.17744999999999997
2622.png,5,0.18269999999999997
2623.png,5,0.08165
2624.png,5,0.0874
2625.png,5,-0.021599999999999998
2626.png,5,-0.015
2627.png,5,-0.015
2628.png,13,-0.07005
2629.png,13,-0.0648
2630.png,5,-0.2101
2631.png,5,-0.2792
2632.png,5,-0.275
2633.png,5,-0.34504999999999997
2634.png,5,-0.3393
2635.png,5,-0.3393
2636.png,5,-0.4174999999999999
2637.png,5,-0.41324999999999995
2638.png,5,-0.38565
2639.png,5,-0.38715
2640.png,5,-0.32735000000000003
2641.png,5,-0.3306
2642.png,5,-0.23859999999999998
2643.png,5,-0.24359999999999998
2644.png,5,-0.11939999999999998
2645.png,5,-0.12614999999999998
2646.png,5,0.0121
2647.png,5,0.0046
2648.png,5,0.1746
2649.png,5,0.165
2650.png,5,0.324
2651.png,5,0.315
2652.png,5,0.3965
2653.png,5,0.391
2654.png,5,0.40654999999999997
2655.png,5,0.40454999999999997
2656.png,5,0.39075
2657.png,5,0.39149999999999996
2658.png,5,0.3409
2659.png,5,0.34364999999999996
2660.png,5,0.27004999999999996
2661.png,5,0.27404999999999996
2662.png,5,0.18205
2663.png,5,0.18705
2664.png,5,0.18705
2665.png,5,0.08625
2666.png,5,0.092
2667.png,5,-0.0219
2668.png,5,-0.015
2669.png,13,-0.07595
2670.png,13,-0.0702
2671.png,5,-0.2519
2672.png,5,-0.245
2673.png,5,-0.3224
2674.png,5,-0.3174
2675.png,5,-0.41054999999999997
2676.png,5,-0.40454999999999997
2677.png,5,-0.389
2678.png,5,-0.388
2679.png,5,-0.31575000000000003
2680.png,5,-0.32
2681.png,5,-0.18825
2682.png,5,-0.196
2683.png,5,-0.024549999999999995
2684.png,5,-0.0348
2685.png,5,0.2154
2686.png,5,0.2024
2687.png,13,0.28400000000000003
2688.png,13,0.27
2689.png,5,0.7364499999999999
2690.png,5,0.7222
2691.png,5,0.9221499999999999
2692.png,5,0.9091499999999999
2693.png,5,1.244
2694.png,5,1.22
2695.png,5,1.55575
2696.png,5,1.53
2697.png,5,1.586
2698.png,5,1.5825
2699.png,5,1.5545
2700.png,5,1.55625
2701.png,5,1.41225
2702.png,5,1.42125
2703.png,5,1.1692500000000001
2704.png,5,1.185
2705.png,5,0.806
2706.png,5,0.8260000000000001
2707.png,5,0.509
2708.png,5,0.5325
2709.png,5,0.14725000000000002
2710.png,5,0.17200000000000001
2711.png,5,-0.24355
2712.png,5,-0.2208
2713.png,5,-0.7434999999999999
2714.png,5,-0.715
2715.png,5,-1.03145
2716.png,5,-1.0091999999999999
2717.png,5,-1.22975
2718.png,5,-1.212
2719.png,5,-1.32425
2720.png,5,-1.3125
2721.png,5,-1.3765
2722.png,5,-1.3725
2723.png,5,-1.3325
2724.png,5,-1.335
2725.png,5,-1.199
2726.png,5,-1.2075
2727.png,5,-0.92075
2728.png,5,-0.9345
2729.png,5,-0.65325
2730.png,5,-0.672
2731.png,5,-0.368
2732.png,5,-0.39
2733.png,5,-0.010000000000000002
2734.png,5,-0.03375
2735.png,5,0.41624999999999995
2736.png,5,0.39149999999999996
2737.png,5,0.9164
2738.png,5,0.89
2739.png,5,1.1377
2740.png,5,1.11795
2741.png,5,1.266
2742.png,5,1.252
2743.png,5,1.26975
2744.png,5,1.26375
2745.png,5,1.2237500000000001
2746.png,5,1.22625
2747.png,5,1.0822500000000002
2748.png,5,1.09125
2749.png,5,0.85925
2750.png,5,0.8737499999999999
2751.png,5,0.56575
2752.png,5,0.585
2753.png,5,0.23725000000000002
2754.png,5,0.26
2755.png,5,-0.18184999999999998
2756.png,5,-0.1566
2757.png,13,-0.39515
2758.png,13,-0.3699
2759.png,5,-1.0421500000000001
2760.png,5,-1.0179
2761.png,5,-1.29725
2762.png,5,-1.276
2763.png,5,-1.68025
2764.png,5,-1.65
2765.png,5,-1.801
2766.png,5,-1.7745
2767.png,5,-1.771
2768.png,5,-1.77125
2769.png,5,-1.64875
2770.png,5,-1.6575
2771.png,5,-1.4264999999999999
2772.png,5,-1.4429999999999998
2773.png,5,-1.209
2774.png,5,-1.232
2775.png,5,-0.80825
2776.png,5,-0.8365
2777.png,9,-0.23725000000000002
2778.png,9,-0.2695
2779.png,5,0.1555
2780.png,5,0.12
2781.png,5,0.8553
2782.png,5,0.8188
2783.png,5,1.6627
2784.png,5,1.6192
2785.png,5,2.071
2786.png,5,2.032
2787.png,5,1.8539999999999999
2788.png,5,1.8395
2789.png,5,1.8605
2790.png,5,1.859
2791.png,5,1.775
2792.png,5,1.781
2793.png,5,1.5150000000000001
2794.png,5,1.534
2795.png,5,1.2957500000000002
2796.png,5,1.3195000000000001
2797.png,5,0.87325
2798.png,5,0.903
2799.png,5,0.4195
2800.png,5,0.45375
2801.png,5,-0.15425
2802.png,5,-0.11624999999999999
2803.png,5,-0.9331499999999999
2804.png,5,-0.8924
2805.png,5,-1.8127000000000002
2806.png,5,-1.7650000000000001
2807.png,5,-2.01125
2808.png,5,-1.976
2809.png,5,-1.8679999999999999
2810.png,5,-1.8492499999999998
2811.png,5,-1.90875
2812.png,5,-1.9044999999999999
2813.png,5,-1.9044999999999999
2814.png,5,-1.8764999999999998
2815.png,5,-1.8784999999999998
2816.png,5,-1.805
2817.png,5,-1.81025
2818.png,5,-1.81025
2819.png,5,-1.6037499999999998
2820.png,5,-1.6184999999999998
2821.png,5,-1.6184999999999998
2822.png,5,-1.3105
2823.png,5,-1.3325
2824.png,5,-1.3325
2825.png,5,-1.04875
2826.png,5,-1.0745
2827.png,5,-1.0745
2828.png,5,-0.647
2829.png,5,-0.6755
2830.png,5,-0.24774999999999997
2831.png,5,0.26075000000000004
2832.png,5,0.228
2833.png,5,0.228
2834.png,5,1.0164
2835.png,5,0.975
2836.png,5,1.43535
2837.png,5,1.4076
2838.png,5,1.7083
2839.png,5,1.7815
2840.png,5,1.768
2841.png,5,1.768
2842.png,5,1.6775
2843.png,5,1.67625
2844.png,5,1.52025
2845.png,5,1.2499999999999998
2846.png,5,1.2674999999999998
2847.png,5,0.8955
2848.png,5,0.91875
2849.png,5,0.91875
2850.png,5,0.5067499999999999
2851.png,5,0.5325
2852.png,5,0.5325
2853.png,5,0.12175
2854.png,5,0.148
2855.png,5,0.148
2856.png,5,-0.28975
2857.png,5,-0.264
2858.png,5,-0.264
2859.png,13,-0.45550000000000007
2860.png,13,-0.43200000000000005
2861.png,13,-0.43200000000000005
2862.png,5,-1.10945
2863.png,5,-1.0902
2864.png,5,-1.0902
2865.png,9,-0.89655
2866.png,9,-0.8673
2867.png,9,-0.8673
2868.png,5,-1.7274999999999998
2869.png,5,-1.7025
2870.png,5,-1.5664999999999998
2871.png,5,-1.5599999999999998
2872.png,5,-1.7105
2873.png,5,-1.6997499999999999
2874.png,5,-1.65775
2875.png,5,-1.66075
2876.png,5,-1.41225
2877.png,5,-1.43
2878.png,5,-1.195
2879.png,5,-1.218
2880.png,5,-0.768
2881.png,5,-0.798
2882.png,5,-0.32699999999999996
2883.png,5,0.23225
2884.png,5,0.196
2885.png,5,0.196
2886.png,5,1.04
2887.png,5,0.995
2888.png,5,1.6469
2889.png,5,1.61
2890.png,5,1.61
2891.png,5,1.7088999999999999
2892.png,5,1.6921499999999998
2893.png,5,1.5942500000000002
2894.png,5,1.592
2895.png,5,1.592
2896.png,5,1.3565
2897.png,5,1.365
2898.png,5,1.365
2899.png,5,1.141
2900.png,5,1.155
2901.png,5,1.155
2902.png,5,0.879
2903.png,5,0.89625
2904.png,5,0.62875
2905.png,5,0.648
2906.png,5,0.26125000000000004
2907.png,5,0.28400000000000003
2908.png,5,-0.158
2909.png,5,-0.132
2910.png,5,-0.7426999999999999
2911.png,5,-0.71
2912.png,5,-1.2453
2913.png,5,-1.215
2914.png,5,-1.4618499999999999
2915.png,5,-1.4398499999999999
2916.png,5,-1.58325
2917.png,5,-1.568
2918.png,5,-1.6572500000000001
2919.png,5,-1.6520000000000001
2920.png,5,-1.48475
2921.png,5,-1.48875
2922.png,5,-1.31275
2923.png,5,-1.32375
2924.png,5,-1.04775
2925.png,5,-1.065
2926.png,5,-0.713
2927.png,5,-0.735
2928.png,9,-0.2075
2929.png,9,-0.23274999999999998
2930.png,9,-0.23274999999999998
2931.png,5,0.045
2932.png,5,0.02
2933.png,5,0.02
2934.png,5,0.5709000000000001
2935.png,5,0.54
2936.png,5,0.54
2937.png,5,0.9236
2938.png,5,0.9016
2939.png,5,0.9016
2940.png,5,1.055
2941.png,5,1.044
2942.png,5,1.044
2943.png,5,1.0808
2944.png,5,1.0788
2945.png,5,0.91125
2946.png,5,0.916
2947.png,5,0.7545000000000001
2948.png,5,0.764
2949.png,5,0.5345000000000001
2950.png,5,0.548
2951.png,5,0.259
2952.png,5,0.276
2953.png,5,-0.04485
2954.png,5,-0.026099999999999998
2955.png,5,-0.454
2956.png,5,-0.43
2957.png,11,-0.43734999999999996
2958.png,11,-0.41859999999999997
2959.png,5,-1.0703999999999998
2960.png,5,-1.0534
2961.png,5,-1.2261499999999999
2962.png,5,-1.21365
2963.png,5,-1.31825
2964.png,5,-1.30125
2965.png,5,-1.51725
2966.png,5,-1.50375
2967.png,5,-1.41175
2968.png,5,-1.4175
2969.png,5,-1.2454999999999998
2970.png,5,-1.2562499999999999
2971.png,5,-0.98425
2972.png,5,-1.00125
2973.png,5,-1.00125
2974.png,5,-0.64925
2975.png,5,-0.67125
2976.png,9,-0.19555
2977.png,9,-0.21805
2978.png,5,0.0265
2979.png,5,0.004
2980.png,5,0.004
2981.png,5,0.5244
2982.png,5,0.495
2983.png,5,0.86765
2984.png,5,0.8464
2985.png,5,1.0488
2986.png,5,1.0352999999999999
2987.png,5,1.2285
2988.png,5,1.218
2989.png,5,1.15825
2990.png,5,1.156
2991.png,5,1.0795000000000001
2992.png,5,1.084
2993.png,5,0.90125
2994.png,5,0.912
2995.png,5,0.64
2996.png,5,0.656
2997.png,9,0.1885
2998.png,9,0.20825
2999.png,5,-0.042499999999999996
3000.png,5,-0.02
3001.png,5,-0.48374999999999996
3002.png,5,-0.45999999999999996
3003.png,5,-1.1200999999999999
3004.png,5,-1.085
3005.png,5,-1.44995
3006.png,5,-1.42245
3007.png,5,-1.42245
3008.png,5,-1.56725
3009.png,5,-1.552
3010.png,5,-1.552
3011.png,5,-1.6115000000000002
3012.png,5,-1.608
3013.png,5,-1.608
3014.png,5,-1.3755
3015.png,5,-1.38375
3016.png,5,-1.38375
3017.png,5,-1.38375
3018.png,5,-1.1797499999999999
3019.png,5,-1.1925
3020.png,5,-1.1925
3021.png,5,-0.9325
3022.png,5,-0.94875
3023.png,5,-0.94875
3024.png,5,-0.67625
3025.png,5,-0.6960000000000001
3026.png,5,-0.33899999999999997
3027.png,5,-0.36
3028.png,5,-0.36
3029.png,5,-0.0072499999999999995
3030.png,5,-0.028
3031.png,5,0.3461
3032.png,5,0.3266
3033.png,5,0.7472
3034.png,5,0.725
3035.png,5,0.9527499999999999
3036.png,5,0.9352499999999999
3037.png,5,1.16525
3038.png,5,1.15275
3039.png,5,1.16625
3040.png,5,1.16
3041.png,5,1.1430000000000002
3042.png,5,1.1440000000000001
3043.png,5,1.02075
3044.png,5,1.028
3045.png,5,0.807
3046.png,5,0.8200000000000001
3047.png,5,0.5225000000000001
3048.png,5,0.54
3049.png,5,0.18300000000000002
3050.png,5,0.20400000000000001
3051.png,5,-0.1955
3052.png,5,-0.17200000000000001
3053.png,5,-0.7343999999999999
3054.png,5,-0.705
3055.png,5,-1.1714
3056.png,5,-1.145
3057.png,5,-1.3457499999999998
3058.png,5,-1.3267499999999999
3059.png,5,-1.5567499999999999
3060.png,5,-1.54425
3061.png,5,-1.38725
3062.png,5,-1.38375
3063.png,5,-1.30775
3064.png,5,-1.3125
3065.png,5,-1.1484999999999999
3066.png,5,-1.15875
3067.png,5,-0.97675
3068.png,5,-0.992
3069.png,5,-0.6945
3070.png,5,-0.712
3071.png,5,-0.38475000000000004
3072.png,5,-0.404
3073.png,5,-0.064
3074.png,5,-0.084
3075.png,5,0.2623
3076.png,5,0.2438
3077.png,5,0.5936
3078.png,5,0.5750000000000001
3079.png,5,0.7521
3080.png,5,0.7406
3081.png,5,0.80615
3082.png,5,0.8004
3083.png,5,0.8004
3084.png,5,0.8004
3085.png,5,0.6637500000000001
3086.png,5,0.668
3087.png,9,0.32545
3088.png,9,0.3332
3089.png,5,0.374
3090.png,5,0.384
3091.png,5,0.384
3092.png,5,0.18
3093.png,5,0.192
3094.png,5,0.192
3095.png,5,-0.0304
3096.png,5,-0.0174
3097.png,5,-0.22210000000000002
3098.png,5,-0.2116
3099.png,5,-0.42610000000000003
3100.png,5,-0.41500000000000004
3101.png,5,-0.5581
3102.png,5,-0.55
3103.png,5,-0.5836
3104.png,5,-0.5796
3105.png,5,-0.5527
3106.png,5,-0.55245
3107.png,5,-0.5064500000000001
3108.png,5,-0.50895
3109.png,5,-0.50895
3110.png,5,-0.43074999999999997
3111.png,5,-0.43499999999999994
3112.png,5,-0.43499999999999994
3113.png,5,-0.3384
3114.png,5,-0.34364999999999996
3115.png,5,-0.247
3116.png,5,-0.253
3117.png,5,-0.1372
3118.png,5,-0.145
3119.png,5,-0.017800000000000003
3120.png,5,-0.025
3121.png,5,0.0863
3122.png,5,0.08
3123.png,5,0.1648
3124.png,5,0.16
3125.png,5,0.16
3126.png,5,0.20055
3127.png,5,0.1978
3128.png,5,0.1978
3129.png,5,0.19624999999999998
3130.png,5,0.19574999999999998
3131.png,5,0.19574999999999998
3132.png,5,0.17275
3133.png,5,0.174
3134.png,5,0.174
3135.png,5,0.1372
3136.png,5,0.1392
3137.png,5,0.07479999999999999
3138.png,5,0.0783
3139.png,5,0.01005
3140.png,5,0.0138
3141.png,5,-0.0638
3142.png,5,-0.0598
3143.png,5,-0.0598
3144.png,5,-0.14450000000000002
3145.png,5,-0.14
3146.png,5,-0.2089
3147.png,5,-0.20500000000000002
3148.png,13,-0.14020000000000002
3149.png,13,-0.13770000000000002
3150.png,13,-0.13770000000000002
3151.png,5,-0.28150000000000003
3152.png,5,-0.3966
3153.png,5,-0.39
3154.png,5,-0.39
3155.png,5,-0.44509999999999994
3156.png,5,-0.43934999999999996
3157.png,5,-0.38875
3158.png,5,-0.39149999999999996
3159.png,5,-0.3364
3160.png,5,-0.3404
3161.png,5,-0.23854999999999998
3162.png,5,-0.2438
3163.png,5,-0.1431
3164.png,5,-0.15
3165.png,13,-0.010199999999999999
3166.png,13,-0.0162
3167.png,13,-0.0162
3168.png,5,0.0707
3169.png,5,0.065
3170.png,5,0.065
3171.png,5,0.14450000000000002
3172.png,5,0.14
3173.png,5,0.14
3174.png,5,0.14335
3175.png,5,0.1426
3176.png,5,0.1426
3177.png,5,0.1426
3178.png,5,0.1426
3179.png,5,0.11184999999999999
3180.png,5,0.11309999999999999
3181.png,5,0.11309999999999999
3182.png,5,0.07594999999999999
3183.png,5,0.07819999999999999
3184.png,5,0.02485
3185.png,5,0.0276
3186.png,5,0.0276
3187.png,5,-0.0306
3188.png,5,-0.0276
3189.png,5,-0.0276
3190.png,5,-0.1042
3191.png,5,-0.1
3192.png,5,-0.1
3193.png,5,-0.1583
3194.png,5,-0.155
3195.png,5,-0.155
3196.png,5,-0.20800000000000002
3197.png,13,-0.12545
3198.png,13,-0.1242
3199.png,13,-0.1242
3200.png,13,-0.1242
3201.png,5,-0.3625
3202.png,5,-0.355
3203.png,5,-0.5388499999999999
3204.png,5,-0.52635
3205.png,5,-0.60725
3206.png,5,-0.6
3207.png,5,-0.5447500000000001
3208.png,5,-0.548
3209.png,5,-0.548
3210.png,5,-0.44175000000000003
3211.png,5,-0.448
3212.png,5,-0.33999999999999997
3213.png,5,-0.348
3214.png,5,-0.348
3215.png,5,-0.21459999999999999
3216.png,5,-0.2656
3217.png,5,-0.265
3218.png,5,-0.265
3219.png,5,-0.265
3220.png,5,-0.3021
3221.png,5,-0.3
3222.png,5,-0.3
3223.png,5,-0.34240000000000004
3224.png,5,-0.34
3225.png,5,-0.34
3226.png,5,-0.3516
3227.png,5,-0.3496
3228.png,5,-0.3496
3229.png,5,-0.38839999999999997
3230.png,5,-0.38639999999999997
3231.png,5,-0.38639999999999997
3232.png,5,-0.4022
3233.png,5,-0.4002
3234.png,5,-0.44159999999999994
3235.png,5,-0.43934999999999996
3236.png,5,-0.48074999999999996
3237.png,5,-0.4785
3238.png,5,-0.47825
3239.png,5,-0.47600000000000003
3240.png,5,-0.51425
3241.png,5,-0.512
3242.png,5,-0.546
3243.png,5,-0.544
3244.png,5,-0.5822499999999999
3245.png,5,-0.58
3246.png,5,-0.60975
3247.png,5,-0.608
3248.png,5,-0.642
3249.png,5,-0.64
3250.png,5,-0.6655
3251.png,5,-0.664
3252.png,5,-0.681
3253.png,5,-0.68
3254.png,5,-0.6970000000000001
3255.png,5,-0.6960000000000001
3256.png,5,-0.6604999999999999
3257.png,5,-0.6599999999999999
3258.png,5,-0.6599999999999999
3259.png,5,-0.6599999999999999
3260.png,5,-0.652
3261.png,5,-0.6525
3262.png,5,-0.6325
3263.png,5,-0.6337499999999999
3264.png,5,-0.59775
3265.png,5,-0.6
3266.png,5,-0.544
3267.png,5,-0.5475
3268.png,5,-0.4635
3269.png,5,-0.46875
3270.png,5,-0.35674999999999996
3271.png,5,-0.36374999999999996
3272.png,5,-0.23925
3273.png,5,-0.248
3274.png,5,-0.078
3275.png,5,-0.088
3276.png,5,-0.088
3277.png,5,0.09749999999999999
3278.png,5,0.087
3279.png,5,0.087
3280.png,5,0.2569
3281.png,5,0.429
3282.png,5,0.42
3283.png,5,0.42
3284.png,5,0.4942
3285.png,5,0.49
3286.png,5,0.49
3287.png,5,0.49
3288.png,5,0.49
3289.png,5,0.412
3290.png,5,0.414
3291.png,5,0.33155
3292.png,5,0.3358
3293.png,5,0.3358
3294.png,5,0.2484
3295.png,5,0.255
3296.png,5,0.1437
3297.png,5,0.15
3298.png,5,0.15
3299.png,13,0.03085
3300.png,13,0.0351
3301.png,13,0.0351
3302.png,5,-0.0092
3303.png,5,-0.005
3304.png,5,-0.0474
3305.png,5,-0.045
3306.png,5,-0.1033
3307.png,5,-0.1
3308.png,5,-0.12595
3309.png,5,-0.1242
3310.png,5,-0.1533
3311.png,5,-0.1518
3312.png,5,-0.1712
3313.png,5,-0.1702
3314.png,5,-0.1702
3315.png,5,-0.17475
3316.png,5,-0.174
3317.png,5,-0.174
3318.png,5,-0.17859999999999998
3319.png,5,-0.17834999999999998
3320.png,5,-0.17834999999999998
3321.png,5,-0.18294999999999997
3322.png,5,-0.18269999999999997
3323.png,5,-0.18269999999999997
3324.png,5,-0.17809999999999998
3325.png,5,-0.17834999999999998
3326.png,5,-0.17834999999999998
3327.png,5,-0.16455
3328.png,5,-0.14229999999999998
3329.png,5,-0.14354999999999998
3330.png,5,-0.14354999999999998
3331.png,5,-0.14354999999999998
3332.png,5,-0.12054999999999999
3333.png,5,-0.12179999999999999
3334.png,5,-0.08499999999999999
3335.png,5,-0.087
3336.png,5,-0.087
3337.png,5,-0.045599999999999995
3338.png,5,-0.0021
3339.png,5,-0.0046
3340.png,5,-0.0046
3341.png,5,-0.0046
3342.png,5,0.0342
3343.png,5,0.0322
3344.png,5,0.0322
3345.png,5,0.0613
3346.png,5,0.0598
3347.png,5,0.0598
3348.png,5,0.0915
3349.png,5,0.1059
3350.png,5,0.105
3351.png,5,0.105
3352.png,5,0.105
3353.png,5,0.105
3354.png,5,0.105
3355.png,5,0.0944
3356.png,5,0.095
3357.png,5,0.07379999999999999
3358.png,5,0.075
3359.png,5,0.0538
3360.png,5,0.055
3361.png,5,0.055
3362.png,5,0.023200000000000002
3363.png,5,0.025
3364.png,5,0.0038000000000000004
3365.png,5,0.005
3366.png,5,-0.0162
3367.png,5,-0.015
3368.png,5,-0.02835
3369.png,5,-0.0276
3370.png,5,-0.0373
3371.png,5,-0.0368
3372.png,5,-0.0368
3373.png,5,-0.0465
3374.png,5,-0.046
3375.png,5,-0.05085
3376.png,5,-0.0506
3377.png,5,-0.0506
3378.png,5,-0.0506
3379.png,5,-0.0506
3380.png,5,-0.0409
3381.png,5,-0.0414
3382.png,5,-0.03655
3383.png,5,-0.0368
3384.png,5,-0.0368
3385.png,5,-0.03195
3386.png,5,-0.0322
3387.png,5,-0.0225
3388.png,5,-0.023
3389.png,5,-0.00845
3390.png,5,-0.0092
3391.png,5,0.0005
3392.png,5,-0.0
3393.png,5,0.0097
3394.png,5,0.0092
3395.png,5,0.0189
3396.png,5,0.0184
3397.png,5,0.025300000000000003
3398.png,5,0.025
3399.png,5,0.0303
3400.png,5,0.03
3401.png,5,0.03
3402.png,5,0.03
3403.png,5,0.0247
3404.png,5,0.025
3405.png,5,0.0197
3406.png,5,0.02
3407.png,5,0.0147
3408.png,5,0.015
3409.png,5,0.0044
3410.png,5,0.005
3411.png,5,0.005
3412.png,5,0.005
3413.png,5,0.005
3414.png,5,-0.0051
3415.png,5,-0.0046
3416.png,5,-0.0046
3417.png,5,-0.0046
3418.png,5,-0.0143
3419.png,5,-0.0138
3420.png,5,-0.0138
3421.png,5,-0.0138
3422.png,5,-0.0138
3423.png,5,-0.0138
3424.png,5,-0.0138
3425.png,5,-0.0138
3426.png,5,-0.0138
3427.png,5,-0.0138
3428.png,5,-0.0138
3429.png,5,-0.0138
3430.png,5,-0.0138
3431.png,5,-0.00895
3432.png,5,-0.0092
3433.png,5,-0.0092
3434.png,5,-0.00435
3435.png,5,-0.0046
3436.png,5,-0.0046
3437.png,5,-0.0046
3438.png,5,-0.0046
3439.png,5,-0.0046
3440.png,5,-0.0046
3441.png,5,-0.0046
3442.png,5,0.00025
3443.png,5,-0.0
3444.png,5,0.00485
3445.png,5,0.0046
3446.png,5,0.0046
3447.png,5,0.0046
3448.png,5,0.0046
3449.png,5,0.0046
3450.png,5,0.00945
3451.png,5,0.0092
3452.png,5,0.0092
3453.png,5,0.0092
3454.png,5,0.0092
3455.png,5,0.0092
3456.png,5,0.00435
3457.png,5,0.0046
3458.png,5,0.0046
3459.png,5,0.0046
3460.png,5,0.0046
3461.png,5,0.0046
3462.png,5,0.0046
3463.png,5,0.0046
3464.png,5,-0.00025
3465.png,5,-0.0
3466.png,5,-0.0
3467.png,5,-0.0
3468.png,5,-0.00485
3469.png,5,-0.0046
3470.png,5,-0.0046
3471.png,5,-0.0046
3472.png,5,-0.0046
3473.png,5,-0.0046
3474.png,5,-0.0046
3475.png,5,-0.0046
3476.png,5,-0.0046
3477.png,5,-0.0046
3478.png,5,-0.0046
3479.png,5,-0.0046
3480.png,5,-0.0046
3481.png,5,-0.0046
3482.png,5,0.00025
3483.png,5,-0.0
3484.png,5,-0.0
3485.png,5,-0.0
3486.png,5,0.00485
3487.png,5,0.0046
3488.png,5,0.0046
3489.png,5,0.0046
3490.png,5,0.0046
3491.png,5,0.0046
3492.png,5,0.0046
3493.png,5,0.0046
3494.png,5,0.0046
3495.png,5,0.0046
3496.png,5,0.0046
3497.png,5,-0.00025
3498.png,5,-0.0
3499.png,5,-0.0
3500.png,5,-0.0
3501.png,5,-0.0
3502.png,5,-0.0
3503.png,5,-0.0
3504.png,5,-0.0
3505.png,5,-0.0
3506.png,5,-0.0
3507.png,5,-0.00485
3508.png,5,-0.0046
3509.png,5,-0.0046
3510.png,5,-0.0046
3511.png,5,-0.0046
3512.png,5,-0.0046
3513.png,5,-0.0046
3514.png,5,0.00025
3515.png,5,-0.0
3516.png,5,-0.0
3517.png,5,-0.0
3518.png,5,-0.0
3519.png,5,-0.0
3520.png,5,-0.0
3521.png,5,0.00485
3522.png,5,0.0046
3523.png,5,0.0046
3524.png,5,0.0046
3525.png,5,0.0046
3526.png,5,0.0046
3527.png,5,-0.00025
3528.png,5,-0.0
3529.png,5,-0.0
3530.png,5,-0.0
3531.png,5,-0.0
3532.png,5,-0.0
3533.png,5,-0.0
3534.png,5,-0.0
3535.png,5,-0.0
3536.png,5,-0.0
3537.png,5,-0.0
3538.png,5,-0.0
3539.png,5,-0.0
3540.png,5,-0.0
3541.png,5,-0.0
3542.png,5,-0.0
3543.png,5,-0.0
3544.png,5,-0.0
3545.png,5,-0.0
3546.png,5,-0.0
3547.png,5,-0.0
3548.png,5,-0.0
3549.png,5,-0.0
3550.png,5,-0.0
3551.png,5,-0.0
3552.png,5,-0.0
3553.png,5,-0.0
3554.png,5,-0.0
3555.png,5,-0.0
3556.png,5,-0.0
3557.png,5,-0.0
3558.png,5,-0.0
3559.png,5,-0.0
3560.png,5,-0.0
3561.png,5,-0.0
3562.png,5,-0.00485
3563.png,5,-0.0046
3564.png,5,0.00025
3565.png,5,-0.0
3566.png,5,0.02425
3567.png,5,0.023
3568.png,5,0.06665
3569.png,5,0.1323
3570.png,5,0.1288
3571.png,5,0.24070000000000003
3572.png,5,0.23500000000000001
3573.png,5,0.23500000000000001
3574.png,5,0.3463
3575.png,5,0.34
3576.png,5,0.4513
3577.png,5,0.445
3578.png,5,0.5563
3579.png,5,0.55
3580.png,5,0.6224
3581.png,5,0.6164
3582.png,5,0.7071
3583.png,5,0.7003499999999999
3584.png,5,0.8337499999999999
3585.png,5,0.8264999999999999
3586.png,5,1.0105
3587.png,5,1.0005
3588.png,9,0.6796
3589.png,9,0.66885
3590.png,5,1.2117499999999999
3591.png,5,1.2
3592.png,5,1.388
3593.png,5,1.37625
3594.png,5,1.4902499999999999
3595.png,5,1.4689999999999999
3596.png,5,1.7839999999999998
3597.png,5,1.7614999999999998
3598.png,5,1.8909999999999998
3599.png,5,1.8817499999999998
3600.png,5,1.94825
3601.png,5,1.9435
3602.png,5,1.975
3603.png,5,1.95875
3604.png,5,1.9597499999999999
3605.png,5,1.9597499999999999
3606.png,5,1.88625
3607.png,5,1.8915
3608.png,5,1.6885
3609.png,5,1.367
3610.png,5,1.391
3611.png,5,1.391
3612.png,5,1.0517500000000002
3613.png,5,1.0815000000000001
3614.png,5,0.609
3615.png,5,0.6405
3616.png,5,0.17825
3617.png,5,0.21
3618.png,5,-0.34199999999999997
3619.png,5,-1.1202
3620.png,5,-1.08
3621.png,5,-1.08
3622.png,5,-1.4778
3623.png,5,-1.44855
3624.png,5,-1.604
3625.png,5,-1.588
3626.png,5,-1.5167499999999998
3627.png,5,-1.515
3628.png,5,-1.4269999999999998
3629.png,5,-1.4324999999999999
3630.png,5,-1.1885
3631.png,5,-1.2037499999999999
3632.png,5,-0.786
3633.png,5,-0.8085
3634.png,5,-0.43024999999999997
3635.png,5,-0.45749999999999996
3636.png,5,0.0665
3637.png,5,0.03375
3638.png,5,0.7398
3639.png,5,0.7038
3640.png,11,0.79965
3641.png,11,0.7644
3642.png,5,1.74975
3643.png,5,1.716
3644.png,5,1.76525
3645.png,5,1.73875
3646.png,5,2.0362500000000003
3647.png,5,2.015
3648.png,-0.6,1
3649.png,-0.6,1
3650.png,-0.6,1
3651.png,-0.6,1
3652.png,-0.6,1
3653.png,-0.6,1
3654.png,5,2.05
3655.png,5,2.0475
3656.png,5,1.9705
3657.png,5,1.976
3658.png,5,1.8955
3659.png,5,1.9012499999999999
3660.png,5,1.76475
3661.png,5,1.7745
3662.png,5,1.3965
3663.png,5,1.4235
3664.png,5,1.053
3665.png,5,1.085
3666.png,5,0.5375000000000001
3667.png,5,0.5740000000000001
3668.png,5,-0.013000000000000001
3669.png,5,0.02625
3670.png,5,-0.6411499999999999
3671.png,5,-0.6046499999999999
3672.png,11,-0.6977
3673.png,11,-0.6682
3674.png,11,-0.6682
3675.png,5,-1.46755
3676.png,5,-1.57275
3677.png,5,-1.5525
3678.png,5,-1.5525
3679.png,5,-1.4714999999999998
3680.png,5,-1.4625
3681.png,5,-1.4625
3682.png,5,-1.2665
3683.png,5,-1.2805
3684.png,5,-1.2805
3685.png,5,-1.08275
3686.png,5,-1.1025
3687.png,5,-1.1025
3688.png,5,-0.73875
3689.png,5,-0.763
3690.png,5,-0.763
3691.png,5,-0.3735
3692.png,5,-0.40125
3693.png,5,-0.40125
3694.png,5,0.07075
3695.png,5,0.041249999999999995
3696.png,5,0.041249999999999995
3697.png,5,0.57525
3698.png,5,0.544
3699.png,5,1.2683
3700.png,5,1.235
3701.png,5,1.235
3702.png,5,1.58725
3703.png,5,1.564
3704.png,9,0.9733999999999999
3705.png,9,0.9603999999999999
3706.png,9,0.9603999999999999
3707.png,5,1.6062500000000002
3708.png,5,1.604
3709.png,5,1.63175
3710.png,5,1.62375
3711.png,5,1.51225
3712.png,5,1.50475
3713.png,5,1.56425
3714.png,5,1.575
3715.png,5,1.3469999999999998
3716.png,5,1.3612499999999998
3717.png,5,1.0812499999999998
3718.png,5,1.09875
3719.png,5,0.77075
3720.png,5,0.79125
3721.png,5,0.45125
3722.png,5,0.4725
3723.png,5,0.4725
3724.png,5,0.1555
3725.png,5,0.176
3726.png,5,0.176
3727.png,5,-0.13224999999999998
3728.png,5,-0.11499999999999999
3729.png,5,-0.11499999999999999
3730.png,13,-0.22385000000000002
3731.png,13,-0.2106
3732.png,13,-0.2106
3733.png,5,-0.4957
3734.png,5,-0.48719999999999997
3735.png,5,-0.5797500000000001
3736.png,5,-0.5720000000000001
3737.png,5,-0.57625
3738.png,5,-0.5760000000000001
3739.png,5,-0.4995
3740.png,5,-0.504
3741.png,5,-0.3325
3742.png,5,-0.34125
3743.png,5,-0.34125
3744.png,5,-0.15575
3745.png,5,-0.168
3746.png,5,0.07425
3747.png,5,0.06
3748.png,5,0.06
3749.png,5,0.34125
3750.png,5,0.32625
3751.png,5,0.6824
3752.png,5,0.665
3753.png,5,0.9247000000000001
3754.png,5,0.91
3755.png,5,0.91
3756.png,5,0.9480999999999999
3757.png,5,0.9396
3758.png,5,0.9396
3759.png,5,1.0086
3760.png,5,1.00485
3761.png,5,1.00485
3762.png,5,1.03245
3763.png,5,1.03095
3764.png,5,0.97775
3765.png,5,0.976
3766.png,9,0.6464
3767.png,9,0.6419
3768.png,5,1.0705
3769.png,5,1.065
3770.png,5,1.065
3771.png,5,1.253
3772.png,5,1.24125
3773.png,5,1.24125
3774.png,5,1.4012499999999999
3775.png,5,1.3912499999999999
3776.png,5,1.3912499999999999
3777.png,5,1.43525
3778.png,5,1.4324999999999999
3779.png,5,1.4324999999999999
3780.png,5,1.4445
3781.png,5,1.4437499999999999
3782.png,5,1.4437499999999999
3783.png,5,1.30625
3784.png,5,1.309
3785.png,5,1.309
3786.png,5,1.1927500000000002
3787.png,5,1.2005000000000001
3788.png,5,1.2005000000000001
3789.png,5,1.0055
3790.png,5,1.0185
3791.png,5,0.756
3792.png,5,0.7735
3793.png,5,0.45475000000000004
3794.png,5,0.47600000000000003
3795.png,5,0.47600000000000003
3796.png,5,0.154
3797.png,5,0.17625
3798.png,5,-0.17575
3799.png,5,-0.15375
3800.png,5,-0.15375
3801.png,5,-0.54635
3802.png,5,-0.52635
3803.png,5,-0.52635
3804.png,5,-0.9601000000000001
3805.png,5,-0.9400000000000001
3806.png,5,-0.9400000000000001
3807.png,5,-1.0248
3808.png,5,-1.01355
3809.png,5,-1.01355
3810.png,5,-1.08255
3811.png,5,-1.0788
3812.png,5,-1.0788
3813.png,5,-0.9495000000000001
3814.png,5,-0.9520000000000001
3815.png,5,-0.9520000000000001
3816.png,5,-0.82875
3817.png,5,-0.836
3818.png,5,-0.836
3819.png,5,-0.76375
3820.png,5,-0.768
3821.png,5,-0.768
3822.png,5,-0.683
3823.png,5,-0.6880000000000001
3824.png,5,-0.586
3825.png,5,-0.592
3826.png,5,-0.473
3827.png,5,-0.48
3828.png,5,-0.48
3829.png,5,-0.41159999999999997
3830.png,5,-0.41759999999999997
3831.png,5,-0.3578
3832.png,5,-0.36105
3833.png,5,-0.33805
3834.png,5,-0.3393
3835.png,5,-0.3393
3836.png,5,-0.3393
3837.png,5,-0.3393
3838.png,5,-0.3393
3839.png,5,-0.35769999999999996
3840.png,5,-0.35669999999999996
3841.png,5,-0.35669999999999996
3842.png,5,-0.3843
3843.png,5,-0.3828
3844.png,5,-0.42879999999999996
3845.png,5,-0.42629999999999996
3846.png,5,-0.47689999999999994
3847.png,5,-0.47414999999999996
3848.png,5,-0.47414999999999996
3849.png,5,-0.4955
3850.png,5,-0.492
3851.png,5,-0.492
3852.png,5,-0.5515
3853.png,5,-0.548
3854.png,5,-0.548
3855.png,5,-0.6244999999999999
3856.png,5,-0.62
3857.png,5,-0.62
3858.png,5,-0.7050000000000001
3859.png,5,-0.7000000000000001
3860.png,5,-0.7000000000000001
3861.png,5,-0.78075
3862.png,5,-0.776
3863.png,5,-0.776
3864.png,5,-0.8524999999999999
3865.png,5,-0.848
3866.png,5,-0.848
3867.png,9,-0.5707
3868.png,9,-0.56595
3869.png,9,-0.56595
3870.png,5,-0.9382499999999999
3871.png,5,-0.93375
3872.png,5,-0.93375
3873.png,5,-1.05375
3874.png,5,-1.04625
3875.png,5,-1.04625
3876.png,5,-1.1582499999999998
3877.png,5,-1.1512499999999999
3878.png,5,-1.1512499999999999
3879.png,5,-1.1872500000000001
3880.png,5,-1.185
3881.png,5,-1.185
3882.png,5,-1.169
3883.png,5,-1.17
3884.png,5,-1.17
3885.png,5,-1.0170000000000001
3886.png,5,-1.022
3887.png,5,-1.022
3888.png,5,-0.887
3889.png,5,-0.896
3890.png,5,-0.896
3891.png,5,-0.69725
3892.png,5,-0.7105
3893.png,5,-0.7105
3894.png,5,-0.52125
3895.png,5,-0.53625
3896.png,5,-0.27225
3897.png,5,-0.28875
3898.png,5,-0.28875
3899.png,5,-0.0445
3900.png,5,0.20155
3901.png,5,0.18705
3902.png,5,0.18705
3903.png,5,0.5012
3904.png,5,0.485
3905.png,5,0.485
3906.png,5,0.7129000000000001
3907.png,5,0.7000000000000001
3908.png,5,0.7000000000000001
3909.png,5,0.6917999999999999
3910.png,5,0.6872999999999999
3911.png,5,0.6643
3912.png,5,0.66555
3913.png,5,0.66555
3914.png,5,0.55975
3915.png,5,0.5655
3916.png,5,0.5655
3917.png,5,0.4137
3918.png,5,0.42195
3919.png,5,0.42195
3920.png,5,0.22415
3921.png,5,0.2349
3922.png,5,0.02045
3923.png,13,-0.13155
3924.png,13,-0.1188
3925.png,5,-0.4643
3926.png,5,-0.4508
3927.png,5,-0.4508
3928.png,5,-0.7713
3929.png,5,-0.7525499999999999
3930.png,5,-0.7525499999999999
3931.png,9,-0.60205
3932.png,9,-0.58555
3933.png,5,-1.007
3934.png,5,-0.92525
3935.png,5,-0.92625
3936.png,5,-0.92225
3937.png,5,-0.9225
3938.png,5,-0.9225
3939.png,5,-0.8865
3940.png,5,-0.8887499999999999
3941.png,9,-0.47805
3942.png,9,-0.48755
3943.png,5,-0.55425
3944.png,5,-0.33425
3945.png,5,-0.34875
3946.png,5,-0.0745
3947.png,5,-0.092
3948.png,5,0.18519999999999998
3949.png,5,0.1702
3950.png,5,0.397
3951.png,5,0.385
3952.png,5,0.385
3953.png,5,0.5228
3954.png,5,0.515
3955.png,5,0.5126
3956.png,5,0.46445
3957.png,5,0.46545
3958.png,5,0.46545
3959.png,5,0.38725
3960.png,5,0.39149999999999996
3961.png,5,0.2673
3962.png,5,0.27404999999999996
3963.png,5,0.12004999999999999
3964.png,5,0.1288
3965.png,5,-0.08789999999999999
3966.png,5,-0.075
3967.png,5,-0.3135
3968.png,5,-0.3
3969.png,5,-0.50395
3970.png,5,-0.64945
3971.png,5,-0.63945
3972.png,5,-0.63945
3973.png,5,-0.7154999999999999
3974.png,5,-0.708
3975.png,5,-0.7675
3976.png,5,-0.75125
3977.png,5,-0.752
3978.png,5,-0.752
3979.png,5,-0.71375
3980.png,5,-0.716
3981.png,5,-0.614
3982.png,5,-0.62
3983.png,5,-0.484
3984.png,5,-0.492
3985.png,5,-0.3305
3986.png,5,-0.14875
3987.png,5,-0.16
3988.png,5,0.0422
3989.png,5,0.030449999999999998
3990.png,5,0.030449999999999998
3991.png,5,0.2364
3992.png,5,0.225
3993.png,5,0.35750000000000004
3994.png,5,0.35000000000000003
3995.png,5,0.4093
3996.png,5,0.4048
3997.png,5,0.43339999999999995
3998.png,5,0.43065
3999.png,5,0.41224999999999995
4000.png,5,0.41324999999999995
4001.png,5,0.34425
4002.png,5,0.348
4003.png,5,0.23299999999999998
4004.png,5,0.23925
4005.png,5,0.0784
4006.png,5,0.0874
4007.png,5,-0.11170000000000001
4008.png,5,-0.1
4009.png,5,-0.3332
4010.png,5,-0.32
4011.png,5,-0.50295
4012.png,5,-0.49219999999999997
4013.png,5,-0.6356499999999999
4014.png,5,-0.6264
4015.png,5,-0.7505999999999999
4016.png,5,-0.7438499999999999
4017.png,5,-0.74775
4018.png,5,-0.744
4019.png,5,-0.7525
4020.png,5,-0.752
4021.png,5,-0.7052499999999999
4022.png,5,-0.708
4023.png,5,-0.61025
4024.png,5,-0.616
4025.png,5,-0.48425
4026.png,5,-0.492
4027.png,5,-0.322
4028.png,5,-0.332
4029.png,5,-0.15405
4030.png,5,-0.1653
4031.png,5,0.04345
4032.png,5,0.0322
4033.png,5,0.2682
4034.png,5,0.255
4035.png,5,0.45640000000000003
4036.png,5,0.445
4037.png,5,0.5251499999999999
4038.png,5,0.5176499999999999
4039.png,5,0.58665
4040.png,5,0.5829
4041.png,5,0.5317500000000001
4042.png,5,0.532
4043.png,5,0.45975000000000005
4044.png,5,0.464
4045.png,5,0.3365
4046.png,5,0.34400000000000003
4047.png,5,0.174
4048.png,5,0.184
4049.png,5,-0.0207
4050.png,5,-0.0087
4051.png,5,-0.2856
4052.png,5,-0.27
4053.png,5,-0.5562
4054.png,5,-0.54
4055.png,5,-0.6906
4056.png,5,-0.6786
4057.png,5,-0.8625999999999999
4058.png,5,-0.8525999999999999
4059.png,5,-0.88175
4060.png,5,-0.876
4061.png,5,-0.90575
4062.png,5,-0.904
4063.png,5,-0.86575
4064.png,5,-0.868
4065.png,5,-0.77025
4066.png,5,-0.776
4067.png,5,-0.623
4068.png,5,-0.632
4069.png,5,-0.428
4070.png,5,-0.44
4071.png,5,-0.219
4072.png,5,-0.232
4073.png,5,0.0099
4074.png,5,-0.00435
4075.png,5,-0.00435
4076.png,5,0.26
4077.png,5,0.245
4078.png,5,0.4252
4079.png,5,0.41500000000000004
4080.png,5,0.48984999999999995
4081.png,5,0.48284999999999995
4082.png,5,0.5472499999999999
4083.png,5,0.54375
4084.png,5,0.47025000000000006
4085.png,5,0.47200000000000003
4086.png,5,0.387
4087.png,5,0.392
4088.png,5,0.2645
4089.png,5,0.272
4090.png,5,0.13939999999999997
4091.png,5,0.14789999999999998
4092.png,5,-0.0223
4093.png,5,-0.013049999999999999
4094.png,5,-0.013049999999999999
4095.png,5,-0.2111
4096.png,5,-0.2
4097.png,13,-0.21125000000000002
4098.png,13,-0.2025
4099.png,13,-0.2025
4100.png,5,-0.5234
4101.png,5,-0.515
4102.png,5,-0.515
4103.png,5,-0.6780499999999999
4104.png,5,-0.66555
4105.png,5,-0.66555
4106.png,5,-0.83725
4107.png,5,-0.8240000000000001
4108.png,5,-0.8325
4109.png,5,-0.8320000000000001
4110.png,5,-0.8320000000000001
4111.png,5,-0.77675
4112.png,5,-0.78
4113.png,5,-0.78
4114.png,5,-0.6567500000000001
4115.png,5,-0.664
4116.png,5,-0.664
4117.png,5,-0.49825
4118.png,5,-0.508
4119.png,5,-0.508
4120.png,5,-0.321
4121.png,5,-0.332
4122.png,5,-0.14484999999999998
4123.png,5,-0.1566
4124.png,5,-0.1566
4125.png,5,0.0769
4126.png,5,0.0644
4127.png,5,0.0644
4128.png,13,0.17350000000000002
4129.png,13,0.162
4130.png,13,0.162
4131.png,5,0.43605
4132.png,5,0.4278
4133.png,5,0.4278
4134.png,5,0.58855
4135.png,5,0.57855
4136.png,5,0.57855
4137.png,5,0.64675
4138.png,5,0.64
4139.png,5,0.606
4140.png,5,0.608
4141.png,5,0.608
4142.png,5,0.506
4143.png,5,0.512
4144.png,5,0.3675
4145.png,5,0.19325
4146.png,5,0.20400000000000001
4147.png,5,0.20400000000000001
4148.png,5,-0.012750000000000001
4149.png,5,-0.0
4150.png,5,-0.0
4151.png,5,-0.2328
4152.png,5,-0.2208
4153.png,5,-0.2208
4154.png,13,-0.24760000000000001
4155.png,13,-0.2376
4156.png,13,-0.2376
4157.png,5,-0.5883999999999999
4158.png,5,-0.58
4159.png,5,-0.58
4160.png,5,-0.7392
4161.png,5,-0.7264499999999999
4162.png,5,-0.85925
4163.png,5,-0.81825
4164.png,5,-0.8200000000000001
4165.png,5,-0.8200000000000001
4166.png,5,-0.7435
4167.png,5,-0.748
4168.png,5,-0.60775
4169.png,5,-0.616
4170.png,5,-0.616
4171.png,5,-0.4205
4172.png,5,-0.432
4173.png,5,-0.432
4174.png,5,-0.2195
4175.png,5,-0.232
4176.png,5,-0.0315
4177.png,5,-0.0435
4178.png,5,0.2256
4179.png,5,0.21
4180.png,5,0.4454
4181.png,5,0.4324
4182.png,5,0.6158999999999999
4183.png,5,0.6046499999999999
4184.png,5,0.6920000000000001
4185.png,5,0.684
4186.png,5,0.684
4187.png,5,0.752
4188.png,5,0.748
4189.png,5,0.73525
4190.png,5,0.736
4191.png,5,0.64675
4192.png,5,0.652
4193.png,5,0.652
4194.png,5,0.516
4195.png,5,0.34125
4196.png,5,0.352
4197.png,5,0.352
4198.png,5,0.131
4199.png,5,0.14400000000000002
4200.png,5,-0.09179999999999999
4201.png,5,-0.0783
4202.png,5,-0.3709
4203.png,5,-0.355
4204.png,5,-0.6412
4205.png,5,-0.625
4206.png,5,-0.7553499999999999
4207.png,5,-0.7438499999999999
4208.png,5,-0.89565
4209.png,5,-0.8874
4210.png,5,-0.8755
4211.png,5,-0.855
4212.png,5,-0.856
4213.png,5,-0.7625000000000001
4214.png,5,-0.768
4215.png,5,-0.768
4216.png,5,-0.615
4217.png,5,-0.624
4218.png,5,-0.43275
4219.png,5,-0.444
4220.png,5,-0.22724999999999998
4221.png,5,-0.24
4222.png,5,0.010150000000000001
4223.png,5,-0.0046
4224.png,13,0.17725000000000002
4225.png,13,0.162
4226.png,5,0.5427500000000001
4227.png,5,0.529
4228.png,5,0.7118499999999999
4229.png,5,0.7003499999999999
4230.png,9,0.5537500000000001
4231.png,9,0.539
4232.png,5,0.9929999999999999
4233.png,5,0.9824999999999999
4234.png,5,0.9625
4235.png,5,0.96375
4236.png,5,0.9077500000000001
4237.png,5,0.91125
4238.png,5,0.78325
4239.png,5,0.79125
4240.png,5,0.55925
4241.png,5,0.57375
4242.png,5,0.28574999999999995
4243.png,5,0.30374999999999996
4244.png,5,-0.0245
4245.png,5,-0.004
4246.png,5,-0.40454999999999997
4247.png,5,-0.3828
4248.png,5,-0.8852
4249.png,5,-0.86
4250.png,5,-1.0977999999999999
4251.png,5,-1.0788
4252.png,5,-1.3456
4253.png,5,-1.3311
4254.png,5,-1.2675
4255.png,5,-1.26
4256.png,5,-1.2559999999999998
4257.png,5,-1.2562499999999999
4258.png,5,-1.14025
4259.png,5,-1.1475
4260.png,5,-0.9475
4261.png,5,-0.96
4262.png,5,-0.6960000000000001
4263.png,5,-0.7125
4264.png,5,-0.42425
4265.png,5,-0.444
4266.png,5,-0.061500000000000006
4267.png,5,-0.084
4268.png,5,0.372
4269.png,5,0.74905
4270.png,5,0.7268
4271.png,5,0.7268
4272.png,5,1.0369
4273.png,5,1.13575
4274.png,5,1.124
4275.png,5,1.124
4276.png,5,1.1697499999999998
4277.png,5,1.1624999999999999
4278.png,5,1.1945
4279.png,5,1.1925
4280.png,5,1.1325
4281.png,5,1.13625
4282.png,5,0.9105
4283.png,5,0.9205
4284.png,5,0.6992499999999999
4285.png,5,0.714
4286.png,5,0.457
4287.png,5,0.47625
4288.png,5,0.12825
4289.png,5,0.15
4290.png,5,-0.23525
4291.png,5,-0.212
4292.png,5,-0.7685
4293.png,5,-0.74
4294.png,5,-1.1124500000000002
4295.png,5,-1.36675
4296.png,5,-1.3484999999999998
4297.png,5,-1.3484999999999998
4298.png,5,-1.3504999999999998
4299.png,5,-1.35475
4300.png,5,-1.35375
4301.png,5,-1.35375
4302.png,5,-1.23375
4303.png,5,-1.24125
4304.png,5,-1.0452499999999998
4305.png,5,-1.0574999999999999
4306.png,9,-0.5154
4307.png,9,-0.53165
4308.png,5,-0.48574999999999996
4309.png,5,-0.50625
4310.png,5,-0.15325
4311.png,5,-0.176
4312.png,5,0.26805
4313.png,5,0.2438
4314.png,5,0.65835
4315.png,5,0.6351
4316.png,5,0.9018999999999999
4317.png,5,0.8874
4318.png,9,0.6239999999999999
4319.png,9,0.6124999999999999
4320.png,5,1.0975
4321.png,5,1.0875
4322.png,5,1.2075
4323.png,5,1.2
4324.png,5,1.3479999999999999
4325.png,5,1.41475
4326.png,5,1.41
4327.png,5,1.41
4328.png,5,1.2710000000000001
4329.png,5,1.274
4330.png,5,1.1315
4331.png,5,1.141
4332.png,5,0.9047499999999999
4333.png,5,0.9205
4334.png,5,0.5905
4335.png,5,0.6125
4336.png,5,0.24425000000000002
4337.png,5,0.27
4338.png,5,-0.19399999999999998
4339.png,5,-0.16499999999999998
4340.png,5,-0.7844
4341.png,5,-0.7544
4342.png,5,-1.30245
4343.png,5,-1.2742
4344.png,5,-1.6557499999999998
4345.png,5,-1.6312499999999999
4346.png,5,-1.77625
4347.png,5,-1.76
4348.png,5,-1.5034999999999998
4349.png,5,-1.4982499999999999
4350.png,5,-1.42125
4351.png,5,-1.42675
4352.png,5,-1.42225
4353.png,5,-1.43625
4354.png,5,-1.05175
4355.png,5,-1.071
4356.png,5,-0.741
4357.png,5,-0.763
4358.png,5,-0.46549999999999997
4359.png,5,-0.4875
4360.png,5,-0.20749999999999996
4361.png,5,-0.22499999999999998
4362.png,5,-0.0275
4363.png,5,-0.04
4364.png,5,0.15889999999999999
4365.png,5,0.14789999999999998
4366.png,5,0.382
4367.png,5,0.37
4368.png,5,0.5820000000000001
4369.png,5,0.5700000000000001
4370.png,5,0.6615
4371.png,5,0.6525
4372.png,5,0.8180999999999999
4373.png,5,0.8090999999999999
4374.png,5,0.8885
4375.png,5,0.88
4376.png,5,1.016
4377.png,5,1.008
4378.png,5,1.053
4379.png,5,1.04625
4380.png,5,1.14625
4381.png,5,1.14
4382.png,5,1.216
4383.png,5,1.21125
4384.png,5,1.27525
4385.png,5,1.27125
4386.png,5,1.30325
4387.png,5,1.30125
4388.png,5,1.29325
4389.png,5,1.29375
4390.png,5,1.1325
4391.png,5,1.1375
4392.png,5,0.9800000000000001
4393.png,5,0.9905
4394.png,5,0.7655
4395.png,5,0.7805
4396.png,5,0.46549999999999997
4397.png,5,0.4865
4398.png,5,0.13725
4399.png,5,0.16125
4400.png,5,-0.253
4401.png,5,-0.228
4402.png,5,-0.8150000000000001
4403.png,5,-0.785
4404.png,5,-1.17325
4405.png,5,-1.15
4406.png,5,-1.4463
4407.png,5,-1.4267999999999998
4408.png,5,-1.414
4409.png,5,-1.4024999999999999
4410.png,5,-1.4385000000000001
4411.png,5,-1.43625
4412.png,5,-1.34025
4413.png,5,-1.34625
4414.png,5,-1.14225
4415.png,5,-1.155
4416.png,5,-0.875
4417.png,5,-0.8925
4418.png,5,-0.5325
4419.png,5,-0.5549999999999999
4420.png,5,-0.24300000000000002
4421.png,5,-0.2625
4422.png,5,-0.0165
4423.png,5,-0.032
4424.png,5,0.1722
4425.png,5,0.16094999999999998
4426.png,5,0.3917
4427.png,5,0.38
4428.png,5,0.5867000000000001
4429.png,5,0.5750000000000001
4430.png,5,0.67965
4431.png,5,0.6698999999999999
4432.png,5,0.769
4433.png,5,0.76
4434.png,5,0.896
4435.png,5,0.888
4436.png,9,0.6303
4437.png,9,0.6223
4438.png,5,1.0644999999999998
4439.png,5,1.0574999999999999
4440.png,5,1.1495
4441.png,5,1.14375
4442.png,5,1.27975
4443.png,5,1.27125
4444.png,5,1.3832499999999999
4445.png,5,1.37625
4446.png,5,1.3922499999999998
4447.png,5,1.3912499999999999
4448.png,5,1.2610000000000001
4449.png,5,1.2635
4450.png,5,1.151
4451.png,5,1.1585
4452.png,5,0.9485
4453.png,5,0.9625
4454.png,5,0.6775
4455.png,5,0.6965
4456.png,5,0.35025
4457.png,5,0.375
4458.png,5,-0.081
4459.png,5,-0.0525
4460.png,5,-0.6036999999999999
4461.png,5,-0.5741999999999999
4462.png,5,-1.2111999999999998
4463.png,5,-1.18
4464.png,9,-0.7618
4465.png,9,-0.7448
4466.png,5,-1.3265
4467.png,5,-1.32
4468.png,5,-1.3615
4469.png,5,-1.35375
4470.png,5,-1.4337499999999999
4471.png,5,-1.42875
4472.png,5,-1.24875
4473.png,5,-1.26
4474.png,5,-0.9285000000000001
4475.png,5,-0.9450000000000001
4476.png,5,-0.9450000000000001
4477.png,5,-0.6845
4478.png,5,-0.705
4479.png,5,-0.705
4480.png,5,-0.453
4481.png,5,-0.46875
4482.png,5,-0.46875
4483.png,5,-0.28875
4484.png,5,-0.1755
4485.png,5,-0.184
4486.png,5,-0.184
4487.png,5,-0.05225
4488.png,5,-0.06
4489.png,5,0.07275000000000001
4490.png,5,0.06525
4491.png,5,0.234
4492.png,5,0.225
4493.png,5,0.225
4494.png,5,0.384
4495.png,5,0.375
4496.png,5,0.375
4497.png,5,0.48564999999999997
4498.png,5,0.4784
4499.png,5,0.5811999999999999
4500.png,5,0.5741999999999999
4501.png,5,0.5741999999999999
4502.png,5,0.6385
4503.png,5,0.632
4504.png,5,0.632
4505.png,5,0.72975
4506.png,5,0.724
4507.png,5,0.8175
4508.png,5,0.812
4509.png,5,0.89275
4510.png,5,0.888
4511.png,5,0.888
4512.png,5,0.8925
4513.png,5,0.93275
4514.png,5,0.9299999999999999
4515.png,5,0.9299999999999999
4516.png,5,0.95
4517.png,5,0.94875
4518.png,5,0.8780000000000001
4519.png,5,0.8785000000000001
4520.png,5,0.8785000000000001
4521.png,5,0.8260000000000001
4522.png,5,0.8295
4523.png,5,0.8295
4524.png,5,0.7807499999999999
4525.png,5,0.7875
4526.png,5,0.7875
4527.png,5,0.6275
4528.png,5,0.6375
4529.png,5,0.4215
4530.png,5,0.435
4531.png,5,0.435
4532.png,5,0.195
4533.png,5,0.21
4534.png,5,0.21
4535.png,5,-0.04375
4536.png,5,-0.028
4537.png,5,-0.28805
4538.png,5,-0.27404999999999996
4539.png,5,-0.27404999999999996
4540.png,5,-0.5747000000000001
4541.png,5,-0.56
4542.png,5,-0.56
4543.png,5,-0.7454999999999999
4544.png,5,-0.735
4545.png,5,-0.7176499999999999
4546.png,5,-0.7133999999999999
4547.png,5,-0.7133999999999999
4548.png,5,-0.695
4549.png,5,-0.696
4550.png,5,-0.696
4551.png,5,-0.6178
4552.png,5,-0.62205
4553.png,5,-0.62205
4554.png,5,-0.45725000000000005
4555.png,5,-0.464
4556.png,5,-0.3436
4557.png,5,-0.35235
4558.png,5,-0.19799999999999998
4559.png,5,-0.207
4560.png,5,-0.207
4561.png,5,-0.023600000000000003
4562.png,5,-0.035
4563.png,13,0.0814
4564.png,13,0.0729
4565.png,13,0.0729
4566.png,5,0.2728
4567.png,5,0.265
4568.png,5,0.265
4569.png,5,0.35935
4570.png,5,0.35235
4571.png,5,0.426
4572.png,5,0.42
4573.png,5,0.42
4574.png,5,0.454
4575.png,5,0.452
4576.png,5,0.452
4577.png,5,0.452
4578.png,5,0.452
4579.png,5,0.42225
4580.png,5,0.424
4581.png,5,0.35175
4582.png,5,0.356
4583.png,5,0.356
4584.png,5,0.25825000000000004
4585.png,5,0.264
4586.png,5,0.14925
4587.png,5,0.156
4588.png,5,0.04085
4589.png,5,0.04785
4590.png,5,-0.07635
4591.png,5,-0.0696
4592.png,5,-0.0696
4593.png,5,-0.20720000000000002
4594.png,5,-0.2
4595.png,5,-0.2
4596.png,5,-0.3166
4597.png,5,-0.31
4598.png,5,-0.41600000000000004
4599.png,5,-0.41000000000000003
4600.png,5,-0.463
4601.png,5,-0.46
4602.png,5,-0.46
4603.png,5,-0.46
4604.png,5,-0.3747
4605.png,5,-0.3772
4606.png,5,-0.29475
4607.png,5,-0.299
4608.png,5,-0.2084
4609.png,5,-0.215
4610.png,5,-0.215
4611.png,5,-0.0878
4612.png,5,-0.095
4613.png,5,0.0269
4614.png,5,0.02
4615.png,5,0.1207
4616.png,5,0.115
4617.png,5,0.1737
4618.png,5,0.1702
4619.png,5,0.1702
4620.png,5,0.2187
4621.png,5,0.2162
4622.png,5,0.23204999999999998
4623.png,5,0.23054999999999998
4624.png,5,0.24434999999999998
4625.png,5,0.24359999999999998
4626.png,5,0.239
4627.png,5,0.23925
4628.png,5,0.21164999999999998
4629.png,5,0.21314999999999998
4630.png,5,0.21314999999999998
4631.png,5,0.16715
4632.png,5,0.16965
4633.png,5,0.11445
4634.png,5,0.11745
4635.png,5,0.11745
4636.png,5,0.05304999999999999
4637.png,5,0.056549999999999996
4638.png,5,0.056549999999999996
4639.png,5,-0.0081
4640.png,5,-0.0046
4641.png,5,-0.06765
4642.png,5,-0.0644
4643.png,5,-0.1283
4644.png,5,-0.125
4645.png,5,-0.125
4646.png,5,-0.1621
4647.png,5,-0.16
4648.png,5,-0.1812
4649.png,5,-0.18
4650.png,5,-0.18
4651.png,5,-0.17470000000000002
4652.png,5,-0.17500000000000002
4653.png,13,-0.07975
4654.png,13,-0.081
4655.png,13,-0.081
4656.png,5,-0.1129
4657.png,5,-0.115
4658.png,5,-0.115
4659.png,13,-0.068
4660.png,13,-0.0675
4661.png,13,-0.0675
4662.png,5,-0.14090000000000003
4663.png,5,-0.14
4664.png,5,-0.13470000000000001
4665.png,5,-0.135
4666.png,5,-0.1191
4667.png,5,-0.12
4668.png,5,-0.12
4669.png,13,-0.023500000000000004
4670.png,13,-0.027000000000000003
4671.png,5,0.029500000000000002
4672.png,5,0.025
4673.png,5,0.025
4674.png,5,0.08860000000000001
4675.png,5,0.085
4676.png,5,0.11699999999999999
4677.png,5,0.11499999999999999
4678.png,5,0.11499999999999999
4679.png,5,0.1538
4680.png,5,0.1518
4681.png,5,0.1712
4682.png,5,0.1702
4683.png,5,0.17015
4684.png,5,0.16965
4685.png,5,0.16505
4686.png,5,0.1653
4687.png,5,0.14229999999999998
4688.png,5,0.14354999999999998
4689.png,5,0.14354999999999998
4690.png,5,0.10674999999999998
4691.png,5,0.10874999999999999
4692.png,5,0.10874999999999999
4693.png,5,0.07194999999999999
4694.png,5,0.07394999999999999
4695.png,5,0.07394999999999999
4696.png,5,0.0297
4697.png,5,0.0322
4698.png,5,0.0322
4699.png,5,-0.0163
4700.png,5,-0.0138
4701.png,5,-0.0138
4702.png,5,-0.0526
4703.png,5,-0.0506
4704.png,5,-0.0921
4705.png,5,-0.09
4706.png,5,-0.09
4707.png,5,-0.1165
4708.png,5,-0.115
4709.png,5,-0.115
4710.png,5,-0.1256
4711.png,5,-0.125
4712.png,5,-0.125
4713.png,5,-0.1144
4714.png,5,-0.115
4715.png,5,-0.09910000000000001
4716.png,5,-0.1
4717.png,5,-0.1
4718.png,5,-0.0735
4719.png,5,-0.075
4720.png,5,-0.075
4721.png,5,-0.0379
4722.png,5,-0.04
4723.png,5,-0.0029000000000000002
4724.png,5,-0.005
4725.png,5,-0.005
4726.png,5,0.0268
4727.png,5,0.025
4728.png,5,0.025
4729.png,5,0.0521
4730.png,5,0.02635
4731.png,5,0.0276
4732.png,5,0.0276
4733.png,5,-0.0015
4734.png,5,-0.0
4735.png,5,-0.0291
4736.png,5,-0.0276
4737.png,5,-0.0276
4738.png,5,-0.0618
4739.png,5,-0.06
4740.png,5,-0.06
4741.png,5,-0.08120000000000001
4742.png,5,-0.08
4743.png,5,-0.08
4744.png,5,-0.0959
4745.png,5,-0.095
4746.png,5,-0.095
4747.png,5,-0.095
4748.png,5,-0.095
4749.png,5,-0.0844
4750.png,5,-0.085
4751.png,5,-0.085
4752.png,5,-0.0638
4753.png,5,-0.065
4754.png,5,-0.0438
4755.png,5,-0.045
4756.png,5,-0.045
4757.png,5,-0.0185
4758.png,5,-0.02
4759.png,5,-0.02
4760.png,5,0.0065
4761.png,5,0.005
4762.png,5,0.005
4763.png,5,0.0262
4764.png,5,0.025
4765.png,5,0.025
4766.png,5,0.0327
4767.png,5,0.0419
4768.png,5,0.0414
4769.png,5,0.0414
4770.png,5,0.04625
4771.png,5,0.046
4772.png,5,0.05085
4773.png,5,0.0506
4774.png,5,0.0506
4775.png,5,0.0506
4776.png,5,0.0506
4777.png,5,0.0506
4778.png,5,0.0409
4779.png,5,0.0414
4780.png,5,0.0317
4781.png,5,0.0322
4782.png,5,0.0322
4783.png,5,0.0225
4784.png,5,0.023
4785.png,5,0.023
4786.png,5,0.0133
4787.png,5,0.0138
4788.png,5,-0.00075
4789.png,5,-0.0097
4790.png,5,-0.0092
4791.png,5,-0.0092
4792.png,5,-0.025900000000000003
4793.png,5,-0.03560000000000001
4794.png,5,-0.035
4795.png,5,-0.0456
4796.png,5,-0.045
4797.png,5,-0.045
4798.png,5,-0.045
4799.png,5,-0.0397
4800.png,5,-0.04
4801.png,5,-0.04
4802.png,5,-0.0347
4803.png,5,-0.035
4804.png,5,-0.0244
4805.png,5,-0.0091
4806.png,5,-0.01
4807.png,5,-0.01
4808.png,5,0.0059
4809.png,5,0.005
4810.png,5,0.005
4811.png,5,0.0156
4812.png,5,0.0235
4813.png,5,0.023
4814.png,5,0.023
4815.png,5,0.02785
4816.png,5,0.0276
4817.png,5,0.0276
4818.png,5,0.03245
4819.png,5,0.0322
4820.png,5,0.0322
4821.png,5,0.0322
4822.png,5,0.0322
4823.png,5,0.0322
4824.png,5,0.02735
4825.png,5,0.0276
4826.png,5,0.0179
4827.png,5,0.0184
4828.png,5,0.0184
4829.png,5,0.01355
4830.png,5,0.0138
4831.png,5,0.0040999999999999995
4832.png,5,0.0046
4833.png,5,-0.0051
4834.png,5,-0.0046
4835.png,5,-0.0156
4836.png,5,-0.0256
4837.png,5,-0.025
4838.png,5,-0.025
4839.png,5,-0.03560000000000001
4840.png,5,-0.035
4841.png,5,-0.035
4842.png,5,-0.035
4843.png,5,-0.035
4844.png,5,-0.035
4845.png,5,-0.029699999999999997
4846.png,5,-0.03
4847.png,5,-0.0247
4848.png,5,-0.0144
4849.png,5,-0.015
4850.png,5,-0.015
4851.png,5,-0.0044
4852.png,5,-0.005
4853.png,5,0.0109
4854.png,5,0.01
4855.png,5,0.0189
4856.png,5,0.02325
4857.png,5,0.023
4858.png,5,0.0327
4859.png,5,0.0322
4860.png,5,0.0322
4861.png,5,0.0322
4862.png,5,0.0322
4863.png,5,0.0322
4864.png,5,0.0322
4865.png,5,0.0031
4866.png,5,0.0046
4867.png,5,-0.0439
4868.png,5,-0.0414
4869.png,5,-0.08990000000000001
4870.png,5,-0.0874
4871.png,5,-0.14270000000000002
4872.png,5,-0.14
4873.png,5,-0.1824
4874.png,5,-0.18
4875.png,5,-0.20650000000000002
4876.png,5,-0.20500000000000002
4877.png,13,-0.11660000000000001
4878.png,13,-0.11610000000000001
4879.png,13,-0.1102
4880.png,13,-0.1107
4881.png,13,-0.09595000000000001
4882.png,13,-0.09720000000000001
4883.png,5,-0.2171
4884.png,5,-0.215
4885.png,5,-0.2754
4886.png,5,-0.2714
4887.png,5,-0.31184999999999996
4888.png,5,-0.30884999999999996
4889.png,5,-0.29964999999999997
4890.png,5,-0.30015
4891.png,5,-0.27375000000000005
4892.png,5,-0.276
4893.png,5,-0.23235
4894.png,5,-0.2346
4895.png,5,-0.1861
4896.png,5,-0.1886
4897.png,5,-0.1626
4898.png,5,-0.165
4899.png,5,-0.1279
4900.png,5,-0.13
4901.png,5,-0.0929
4902.png,5,-0.095
4903.png,5,-0.0632
4904.png,5,-0.065
4905.png,5,-0.0385
4906.png,5,-0.04
4907.png,5,-0.0135
4908.png,5,-0.015
4909.png,13,0.0096
4910.png,13,0.0081
4911.png,13,0.0199
4912.png,5,0.0615
4913.png,5,0.06
4914.png,5,0.06
4915.png,5,0.0971
4916.png,5,0.095
4917.png,5,0.13740000000000002
4918.png,5,0.135
4919.png,5,0.1562
4920.png,5,0.155
4921.png,5,0.162
4922.png,5,0.161
4923.png,5,0.17555
4924.png,5,0.1748
4925.png,5,0.18935
4926.png,5,0.1886
4927.png,5,0.208
4928.png,5,0.207
4929.png,5,0.20495
4930.png,5,0.20445
4931.png,5,0.21824999999999997
4932.png,5,0.21749999999999997
4933.png,5,0.23129999999999998
4934.png,5,0.23054999999999998
4935.png,5,0.23975
4936.png,5,0.23925
4937.png,5,0.24384999999999998
4938.png,5,0.24819999999999998
4939.png,5,0.24794999999999998
4940.png,5,0.24794999999999998
4941.png,5,0.25254999999999994
4942.png,5,0.25229999999999997
4943.png,5,0.25229999999999997
4944.png,5,0.24769999999999998
4945.png,5,0.24794999999999998
4946.png,5,0.24334999999999998
4947.png,5,0.24359999999999998
4948.png,5,0.22979999999999998
4949.png,5,0.23054999999999998
4950.png,5,0.22135
4951.png,5,0.22185
4952.png,5,0.20345
4953.png,5,0.20445
4954.png,5,0.17684999999999998
4955.png,5,0.17834999999999998
4956.png,5,0.15535
4957.png,5,0.1566
4958.png,5,0.1566
4959.png,5,0.12439999999999998
4960.png,5,0.12614999999999998
4961.png,5,0.09394999999999999
4962.png,5,0.0957
4963.png,5,0.058899999999999994
4964.png,5,0.060899999999999996
4965.png,5,0.020749999999999998
4966.png,5,0.023
4967.png,5,-0.0255
4968.png,5,-0.023
4969.png,5,-0.07150000000000001
4970.png,5,-0.069
4971.png,5,-0.1651
4972.png,5,-0.16
4973.png,5,-0.23950000000000002
4974.png,5,-0.23500000000000001
4975.png,13,-0.16525
4976.png,13,-0.162
4977.png,5,-0.34240000000000004
4978.png,5,-0.34
4979.png,5,-0.36119999999999997
4980.png,5,-0.36
4981.png,5,-0.4282
4982.png,5,-0.4232
4983.png,5,-0.46919999999999995
4984.png,5,-0.46545
4985.png,5,-0.44245
4986.png,5,-0.4437
4987.png,5,-0.42529999999999996
4988.png,5,-0.42629999999999996
4989.png,5,-0.4125
4990.png,5,-0.41324999999999995
4991.png,5,-0.40404999999999996
4992.png,5,-0.40454999999999997
4993.png,5,-0.40454999999999997
4994.png,5,-0.40454999999999997
4995.png,5,-0.372
4996.png,5,-0.372
4997.png,5,-0.37625
4998.png,5,-0.376
4999.png,5,-0.38025
5000.png,5,-0.38
5001.png,5,-0.3885
5002.png,5,-0.388
5003.png,5,-0.39225
5004.png,5,-0.392
5005.png,5,-0.392
5006.png,5,-0.39625
5007.png,5,-0.396
5008.png,5,-0.4045
5009.png,5,-0.404
5010.png,5,-0.40825
5011.png,5,-0.40800000000000003
5012.png,5,-0.41225
5013.png,5,-0.41200000000000003
5014.png,5,-0.41200000000000003
5015.png,5,-0.41200000000000003
5016.png,5,-0.41625
5017.png,5,-0.41600000000000004
5018.png,5,-0.41600000000000004
5019.png,5,-0.41600000000000004
5020.png,5,-0.41600000000000004
5021.png,5,-0.41600000000000004
5022.png,5,-0.41175000000000006
5023.png,5,-0.41200000000000003
5024.png,5,-0.40775000000000006
5025.png,5,-0.40800000000000003
5026.png,5,-0.3995
5027.png,5,-0.4
5028.png,5,-0.3915
5029.png,5,-0.392
5030.png,5,-0.37925000000000003
5031.png,5,-0.38
5032.png,5,-0.363
5033.png,5,-0.364
5034.png,5,-0.3385
5035.png,5,-0.34
5036.png,5,-0.3145
5037.png,5,-0.316
5038.png,5,-0.27775000000000005
5039.png,5,-0.28
5040.png,5,-0.2375
5041.png,5,-0.24
5042.png,5,-0.189
5043.png,5,-0.192
5044.png,5,-0.13675
5045.png,5,-0.14
5046.png,5,-0.08324999999999999
5047.png,5,-0.087
5048.png,5,-0.008799999999999999
5049.png,5,-0.013049999999999999
5050.png,5,0.07835
5051.png,5,0.0736
5052.png,5,0.1754
5053.png,5,0.17
5054.png,5,0.2548
5055.png,5,0.25
5056.png,13,0.17040000000000002
5057.png,13,0.16740000000000002
5058.png,5,0.3471
5059.png,5,0.34500000000000003
5060.png,5,0.34500000000000003
5061.png,5,0.34500000000000003
5062.png,5,0.38044999999999995
5063.png,5,0.3772
5064.png,5,0.4027
5065.png,5,0.4002
5066.png,5,0.345
5067.png,5,0.348
5068.png,5,0.30979999999999996
5069.png,5,0.31279999999999997
5070.png,5,0.25945
5071.png,5,0.2622
5072.png,5,0.2137
5073.png,5,0.2162
5074.png,5,0.18225
5075.png,5,0.184
5076.png,5,0.16820000000000002
5077.png,5,0.17
5078.png,5,0.1435
5079.png,5,0.145
5080.png,5,0.1185
5081.png,5,0.12
5082.png,5,0.0829
5083.png,5,0.085
5084.png,5,0.021400000000000002
5085.png,5,0.025
5086.png,5,-0.0439
5087.png,5,-0.04
5088.png,13,-0.05995
5089.png,13,-0.0567
5090.png,5,-0.1633
5091.png,5,-0.16
5092.png,5,-0.2183
5093.png,5,-0.215
5094.png,5,-0.2948
5095.png,5,-0.2898
5096.png,5,-0.3706499999999999
5097.png,5,-0.36539999999999995
5098.png,5,-0.3785
5099.png,5,-0.376
5100.png,5,-0.41850000000000004
5101.png,5,-0.41600000000000004
5102.png,5,-0.45425
5103.png,5,-0.452
5104.png,5,-0.486
5105.png,5,-0.484
5106.png,5,-0.51375
5107.png,5,-0.512
5108.png,5,-0.5375
5109.png,5,-0.536
5110.png,5,-0.55725
5111.png,5,-0.556
5112.png,5,-0.5687500000000001
5113.png,5,-0.5680000000000001
5114.png,5,-0.5765
5115.png,5,-0.5760000000000001
5116.png,5,-0.5760000000000001
5117.png,5,-0.5760000000000001
5118.png,5,-0.559
5119.png,5,-0.56
5120.png,5,-0.53025
5121.png,5,-0.532
5122.png,5,-0.481
5123.png,5,-0.484
5124.png,5,-0.399
5125.png,5,-0.404
5126.png,5,-0.2935
5127.png,5,-0.3
5128.png,5,-0.1555
5129.png,5,-0.164
5130.png,5,0.01025
5131.png,5,-0.0
5132.png,5,0.2037
5133.png,5,0.19319999999999998
5134.png,5,0.42200000000000004
5135.png,5,0.41000000000000003
5136.png,5,0.6008
5137.png,5,0.59
5138.png,5,0.6375
5139.png,5,0.6307499999999999
5140.png,5,0.6905499999999999
5141.png,5,0.6872999999999999
5142.png,5,0.6688999999999999
5143.png,5,0.6698999999999999
5144.png,5,0.5395000000000001
5145.png,5,0.544
5146.png,5,0.45359999999999995
5147.png,5,0.46109999999999995
5148.png,5,0.2955
5149.png,5,0.3045
5150.png,5,0.18134999999999998
5151.png,5,0.1886
5152.png,5,0.09899999999999999
5153.png,5,0.105
5154.png,5,0.020200000000000003
5155.png,5,0.025
5156.png,13,-0.027800000000000002
5157.png,13,-0.024300000000000002
5158.png,5,-0.1086
5159.png,5,-0.105
5160.png,5,-0.1686
5161.png,5,-0.165
5162.png,5,-0.23424999999999999
5163.png,5,-0.22999999999999998
5164.png,5,-0.31409999999999993
5165.png,5,-0.30884999999999996
5166.png,5,-0.35485
5167.png,5,-0.35235
5168.png,5,-0.3665
5169.png,5,-0.364
5170.png,5,-0.398
5171.png,5,-0.396
5172.png,5,-0.42574999999999996
5173.png,5,-0.424
5174.png,5,-0.45375
5175.png,5,-0.452
5176.png,5,-0.47325
5177.png,5,-0.47200000000000003
5178.png,5,-0.489
5179.png,5,-0.488
5180.png,5,-0.4965
5181.png,5,-0.496
5182.png,5,-0.496
5183.png,5,-0.496
5184.png,5,-0.48325
5185.png,5,-0.484
5186.png,5,-0.45425000000000004
5187.png,5,-0.456
5188.png,5,-0.40925000000000006
5189.png,5,-0.41200000000000003
5190.png,5,-0.34400000000000003
5191.png,5,-0.34800000000000003
5192.png,5,-0.25025000000000003
5193.png,5,-0.256
5194.png,5,-0.14125
5195.png,5,-0.148
5196.png,5,-0.04135
5197.png,5,-0.04785
5198.png,5,0.08035
5199.png,5,0.0736
5200.png,5,0.2231
5201.png,5,0.215
5202.png,5,0.33690000000000003
5203.png,5,0.33
5204.png,5,0.43069999999999997
5205.png,5,0.425
5206.png,5,0.4833
5207.png,5,0.48
5208.png,5,0.44644999999999996
5209.png,5,0.4462
5210.png,5,0.3977
5211.png,5,0.4002
5212.png,5,0.30319999999999997
5213.png,5,0.3082
5214.png,5,0.19720000000000001
5215.png,5,0.20500000000000002
5216.png,5,0.046
5217.png,5,0.055
5218.png,5,-0.104
5219.png,5,-0.095
5220.png,5,-0.2038
5221.png,5,-0.1978
5222.png,5,-0.26985
5223.png,5,-0.26535
5224.png,5,-0.33435
5225.png,5,-0.3306
5226.png,5,-0.35075
5227.png,5,-0.34800000000000003
5228.png,5,-0.382
5229.png,5,-0.38
5230.png,5,-0.40125
5231.png,5,-0.4
5232.png,5,-0.40850000000000003
5233.png,5,-0.40800000000000003
5234.png,5,-0.39525000000000005
5235.png,5,-0.396
5236.png,5,-0.35775
5237.png,5,-0.36
5238.png,5,-0.28775
5239.png,5,-0.292
5240.png,5,-0.19425
5241.png,5,-0.2
5242.png,5,-0.07675
5243.png,5,-0.084
5244.png,5,0.05585
5245.png,5,0.04785
5246.png,5,0.20095
5247.png,5,0.19319999999999998
5248.png,5,0.369
5249.png,5,0.36
5250.png,5,0.4925
5251.png,5,0.485
5252.png,5,0.52865
5253.png,5,0.5244
5254.png,5,0.5235
5255.png,5,0.522
5256.png,5,0.48519999999999996
5257.png,5,0.48719999999999997
5258.png,5,0.4044
5259.png,5,0.4089
5260.png,5,0.30145
5261.png,5,0.3082
5262.png,5,0.16010000000000002
5263.png,5,0.17
5264.png,5,-0.004899999999999999
5265.png,5,0.005
5266.png,5,-0.1487
5267.png,5,-0.14
5268.png,5,-0.24035
5269.png,5,-0.2346
5270.png,5,-0.30465
5271.png,5,-0.30015
5272.png,5,-0.36455
5273.png,5,-0.36105
5274.png,5,-0.383
5275.png,5,-0.38
5276.png,5,-0.4225
5277.png,5,-0.42
5278.png,5,-0.4455
5279.png,5,-0.444
5280.png,5,-0.461
5281.png,5,-0.46
5282.png,5,-0.45575000000000004
5283.png,5,-0.456
5284.png,5,-0.42625
5285.png,5,-0.428
5286.png,5,-0.37275
5287.png,5,-0.376
5288.png,5,-0.28250000000000003
5289.png,5,-0.28800000000000003
5290.png,5,-0.1605
5291.png,5,-0.168
5292.png,5,-0.026299999999999997
5293.png,5,-0.0348
5294.png,5,0.1308
5295.png,5,0.12179999999999999
5296.png,5,0.3308
5297.png,5,0.32
5298.png,5,0.4896
5299.png,5,0.48
5300.png,5,0.558
5301.png,5,0.552
5302.png,5,0.5863999999999999
5303.png,5,0.5829
5304.png,5,0.5783
5305.png,5,0.57855
5306.png,5,0.51415
5307.png,5,0.5176499999999999
5308.png,5,0.40724999999999995
5309.png,5,0.41324999999999995
5310.png,5,0.26145
5311.png,5,0.2697
5312.png,5,0.1139
5313.png,5,0.125
5314.png,13,-0.0505
5315.png,13,-0.0405
5316.png,5,-0.2658
5317.png,5,-0.255
5318.png,5,-0.37525
5319.png,5,-0.368
5320.png,5,-0.49
5321.png,5,-0.48
5322.png,5,-0.6585
5323.png,5,-0.648
5324.png,5,-0.733
5325.png,5,-0.728
5326.png,5,-0.7917500000000001
5327.png,5,-0.788
5328.png,5,-0.7787499999999999
5329.png,5,-0.77625
5330.png,5,-0.78825
5331.png,5,-0.7875
5332.png,5,-0.7555
5333.png,5,-0.7575
5334.png,5,-0.6855
5335.png,5,-0.69
5336.png,5,-0.5619999999999999
5337.png,5,-0.57
5338.png,5,-0.38599999999999995
5339.png,5,-0.39749999999999996
5340.png,5,-0.1735
5341.png,5,-0.1875
5342.png,5,0.0635
5343.png,5,0.048
5344.png,5,0.3753
5345.png,5,0.3588
5346.png,5,0.7027000000000001
5347.png,5,0.685
5348.png,5,0.83515
5349.png,5,0.8221499999999999
5350.png,5,0.9877499999999999
5351.png,5,0.9787499999999999
5352.png,5,0.95525
5353.png,5,0.9520000000000001
5354.png,5,0.918
5355.png,5,0.92
5356.png,5,0.801
5357.png,5,0.808
5358.png,5,0.6125
5359.png,5,0.624
5360.png,5,0.3775
5361.png,5,0.392
5362.png,5,0.15949999999999998
5363.png,5,0.174
5364.png,5,-0.048799999999999996
5365.png,5,-0.0368
5366.png,5,-0.2308
5367.png,5,-0.22
5368.png,5,-0.3843
5369.png,5,-0.375
5370.png,5,-0.45044999999999996
5371.png,5,-0.4437
5372.png,5,-0.5632999999999999
5373.png,5,-0.5568
5374.png,5,-0.614
5375.png,5,-0.608
5376.png,5,-0.69725
5377.png,5,-0.6920000000000001
5378.png,5,-0.77275
5379.png,5,-0.768
5380.png,5,-0.8444999999999999
5381.png,5,-0.84
5382.png,5,-0.8355
5383.png,5,-0.8325
5384.png,5,-0.8605
5385.png,5,-0.85875
5386.png,5,-0.8627499999999999
5387.png,5,-0.8624999999999999
5388.png,5,-0.8225
5389.png,5,-0.825
5390.png,5,-0.737
5391.png,5,-0.7424999999999999
5392.png,5,-0.6065
5393.png,5,-0.615
5394.png,5,-0.415
5395.png,5,-0.4275
5396.png,5,-0.21149999999999997
5397.png,5,-0.22499999999999998
5398.png,5,0.006500000000000001
5399.png,5,-0.008
5400.png,5,0.2351
5401.png,5,0.22185
5402.png,5,0.5041
5403.png,5,0.49
5404.png,5,0.6702
5405.png,5,0.66
5406.png,5,0.6569999999999999
5407.png,5,0.6525
5408.png,5,0.6479
5409.png,5,0.64815
5410.png,5,0.5791499999999999
5411.png,5,0.5829
5412.png,5,0.47709999999999997
5413.png,5,0.48284999999999995
5414.png,5,0.34025
5415.png,5,0.348
5416.png,5,0.19824999999999998
5417.png,5,0.207
5418.png,5,0.0342
5419.png,5,0.045
5420.png,5,-0.1246
5421.png,5,-0.115
5422.png,5,-0.25279999999999997
5423.png,5,-0.245
5424.png,5,-0.29595
5425.png,5,-0.29145
5426.png,5,-0.29145
5427.png,5,-0.35124999999999995
5428.png,5,-0.348
5429.png,5,-0.35824999999999996
5430.png,5,-0.356
5431.png,5,-0.38575
5432.png,5,-0.384
5433.png,5,-0.40525
5434.png,5,-0.404
5435.png,5,-0.39125000000000004
5436.png,5,-0.392
5437.png,5,-0.34525000000000006
5438.png,5,-0.34800000000000003
5439.png,5,-0.27575000000000005
5440.png,5,-0.28
5441.png,5,-0.28
5442.png,5,-0.195
5443.png,5,-0.2
5444.png,5,-0.2
5445.png,5,-0.1117
5446.png,5,-0.11745
5447.png,5,-0.007049999999999999
5448.png,5,-0.013049999999999999
5449.png,5,-0.013049999999999999
5450.png,5,0.09290000000000001
5451.png,5,0.0874
5452.png,5,0.1957
5453.png,5,0.19
5454.png,5,0.19
5455.png,5,0.2642
5456.png,5,0.26
5457.png,5,0.26
5458.png,13,0.164
5459.png,13,0.162
5460.png,5,0.3
5461.png,5,0.3
5462.png,5,0.3
5463.png,5,0.3689
5464.png,5,0.365
5465.png,5,0.37274999999999997
5466.png,5,0.36974999999999997
5467.png,5,0.36974999999999997
5468.png,5,0.3134
5469.png,5,0.3174
5470.png,5,0.20099999999999998
5471.png,5,0.207
5472.png,5,0.0766
5473.png,5,0.085
5474.png,5,-0.08990000000000001
5475.png,5,-0.08
5476.png,5,-0.23365
5477.png,5,-0.2254
5478.png,5,-0.35114999999999996
5479.png,5,-0.34364999999999996
5480.png,5,-0.42225
5481.png,5,-0.41600000000000004
5482.png,5,-0.47975
5483.png,5,-0.47600000000000003
5484.png,5,-0.50575
5485.png,5,-0.504
5486.png,5,-0.49125
5487.png,5,-0.492
5488.png,5,-0.43675
5489.png,5,-0.44
5490.png,5,-0.3465
5491.png,5,-0.352
5492.png,5,-0.2245
5493.png,5,-0.232
5494.png,5,-0.07899999999999999
5495.png,5,0.08369999999999998
5496.png,5,0.07394999999999999
5497.png,5,0.07394999999999999
5498.png,5,0.2917
5499.png,5,0.28
5500.png,13,0.24265000000000003
5501.png,13,0.23490000000000003
5502.png,5,0.5516000000000001
5503.png,5,0.545
5504.png,5,0.579
5505.png,5,0.6955499999999999
5506.png,5,0.6872999999999999
5507.png,5,0.6872999999999999
5508.png,5,0.7424999999999999
5509.png,5,0.736
5510.png,5,0.63825
5511.png,5,0.644
5512.png,5,0.491
5513.png,5,0.5
5514.png,5,0.296
5515.png,5,0.06815
5516.png,5,0.08265
5517.png,5,0.08265
5518.png,5,-0.1912
5519.png,5,-0.17500000000000002
5520.png,5,-0.3923
5521.png,5,-0.38
5522.png,5,-0.4962
5523.png,5,-0.48719999999999997
5524.png,5,-0.57125
5525.png,5,-0.5640000000000001
5526.png,5,-0.666
5527.png,5,-0.66
5528.png,5,-0.74075
5529.png,5,-0.736
5530.png,5,-0.7955
5531.png,5,-0.792
5532.png,5,-0.7585
5533.png,5,-0.7575
5534.png,5,-0.7254999999999999
5535.png,5,-0.6395000000000001
5536.png,5,-0.645
5537.png,5,-0.645
5538.png,5,-0.501
5539.png,5,-0.51
5540.png,5,-0.31799999999999995
5541.png,5,-0.131
5542.png,5,-0.14400000000000002
5543.png,5,-0.14400000000000002
5544.png,5,0.111
5545.png,5,0.096
5546.png,5,0.36745
5547.png,5,0.3542
5548.png,5,0.6341
5549.png,5,0.62
5550.png,5,0.7233999999999999
5551.png,5,0.7133999999999999
5552.png,5,0.8054
5553.png,5,0.8004
5554.png,5,0.7444999999999999
5555.png,5,0.744
5556.png,5,0.6675000000000001
5557.png,5,0.672
5558.png,5,0.536
5559.png,5,0.544
5560.png,5,0.357
5561.png,5,0.368
5562.png,5,0.16099999999999998
5563.png,5,0.174
5564.png,5,-0.1021
5565.png,5,-0.085
5566.png,5,-0.085
5567.png,5,-0.35000000000000003
5568.png,5,-0.335
5569.png,5,-0.45704999999999996
5570.png,5,-0.44804999999999995
5571.png,5,-0.44804999999999995
5572.png,5,-0.514
5573.png,5,-0.508
5574.png,5,-0.5675
5575.png,5,-0.5640000000000001
5576.png,5,-0.5640000000000001
5577.png,5,-0.581
5578.png,5,-0.58
5579.png,5,-0.546
5580.png,5,-0.548
5581.png,5,-0.548
5582.png,5,-0.46725000000000005
5583.png,5,-0.47200000000000003
5584.png,5,-0.47200000000000003
5585.png,5,-0.3615
5586.png,5,-0.368
5587.png,5,-0.368
5588.png,5,-0.22775
5589.png,5,-0.23600000000000002
5590.png,5,-0.23600000000000002
5591.png,5,-0.0915
5592.png,5,-0.1
5593.png,5,0.04765
5594.png,5,0.03915
5595.png,5,0.03915
5596.png,5,0.19175
5597.png,5,0.184
5598.png,5,0.3272
5599.png,5,0.32
5600.png,5,0.32
5601.png,5,0.4101
5602.png,5,0.405
5603.png,5,0.4421
5604.png,5,0.44
5605.png,5,0.3951
5606.png,5,0.3956
5607.png,5,0.35195000000000004
5608.png,5,0.3542
5609.png,5,0.3542
5610.png,5,0.2949
5611.png,5,0.3
5612.png,5,0.1887
5613.png,5,0.195
5614.png,5,0.195
5615.png,5,0.0678
5616.png,5,0.075
5617.png,5,-0.0469
5618.png,5,-0.04
5619.png,5,-0.1513
5620.png,5,-0.145
5621.png,5,-0.145
5622.png,5,-0.211
5623.png,5,-0.207
5624.png,5,-0.207
5625.png,5,-0.23715
5626.png,5,-0.2349
5627.png,5,-0.2349
5628.png,5,-0.24869999999999998
5629.png,5,-0.24794999999999998
5630.png,5,-0.24794999999999998
5631.png,5,-0.23875
5632.png,5,-0.23925
5633.png,5,-0.23925
5634.png,5,-0.20704999999999998
5635.png,5,-0.20879999999999999
5636.png,5,-0.20879999999999999
5637.png,5,-0.1628
5638.png,5,-0.1653
5639.png,5,-0.10549999999999998
5640.png,5,-0.10874999999999999
5641.png,5,-0.10874999999999999
5642.png,5,-0.044349999999999994
5643.png,5,-0.04785
5644.png,5,0.0173
5645.png,5,0.0138
5646.png,5,0.0138
5647.png,5,0.07200000000000001
5648.png,5,0.069
5649.png,5,0.069
5650.png,5,0.128
5651.png,5,0.125
5652.png,5,0.1568
5653.png,5,0.155
5654.png,5,0.155
5655.png,5,0.17090000000000002
5656.png,5,0.17
5657.png,5,0.17
5658.png,5,0.1647
5659.png,5,0.165
5660.png,5,0.165
5661.png,13,0.07435
5662.png,13,0.0756
5663.png,13,0.0756
5664.png,5,0.10289999999999999
5665.png,5,0.105
5666.png,5,0.105
5667.png,13,0.0567
5668.png,13,0.0567
5669.png,13,0.0567
5670.png,13,0.06555
5671.png,13,0.0648
5672.png,13,0.0648
5673.png,13,0.06185
5674.png,13,0.0621
5675.png,13,0.0621
5676.png,5,0.13620000000000002
5677.png,5,0.135
5678.png,5,0.14559999999999998
5679.png,5,0.145
5680.png,5,0.11320000000000001
5681.png,5,0.115
5682.png,13,0.0149
5683.png,13,0.0189
5684.png,5,-0.07100000000000001
5685.png,5,-0.065
5686.png,5,-0.224
5687.png,5,-0.215
5688.png,5,-0.31584999999999996
5689.png,5,-0.30884999999999996
5690.png,5,-0.30884999999999996
5691.png,5,-0.36405
5692.png,5,-0.36105
5693.png,5,-0.34475
5694.png,5,-0.34400000000000003
5695.png,5,-0.327
5696.png,5,-0.328
5697.png,5,-0.28550000000000003
5698.png,5,-0.28800000000000003
5699.png,5,-0.28800000000000003
5700.png,5,-0.2285
5701.png,5,-0.232
5702.png,5,-0.16949999999999998
5703.png,5,-0.174
5704.png,5,-0.174
5705.png,5,-0.08199999999999999
5706.png,5,-0.087
5707.png,5,0.009600000000000001
5708.png,5,0.00435
5709.png,5,0.00435
5710.png,5,0.09675
5711.png,5,0.092
5712.png,5,0.1848
5713.png,5,0.18
5714.png,5,0.2383
5715.png,5,0.23500000000000001
5716.png,5,0.23500000000000001
5717.png,13,0.14165
5718.png,13,0.1404
5719.png,13,0.1404
5720.png,5,0.2547
5721.png,5,0.255
5722.png,5,0.255
5723.png,5,0.308
5724.png,5,0.305
5725.png,5,0.305
5726.png,5,0.32425
5727.png,5,0.322
5728.png,5,0.2541
5729.png,5,0.2576
5730.png,5,0.174
5731.png,5,0.18
5732.png,5,0.18
5733.png,5,0.0475
5734.png,5,0.055
5735.png,5,-0.0616
5736.png,5,-0.055
5737.png,5,-0.1875
5738.png,5,-0.28200000000000003
5739.png,5,-0.276
5740.png,5,-0.34839999999999993
5741.png,5,-0.34364999999999996
5742.png,5,-0.35424999999999995
5743.png,5,-0.352
5744.png,5,-0.352
5745.png,5,-0.33925000000000005
5746.png,5,-0.34
5747.png,5,-0.306
5748.png,5,-0.308
5749.png,5,-0.24425
5750.png,5,-0.248
5751.png,5,-0.16725
5752.png,5,-0.07665
5753.png,5,-0.08265
5754.png,5,-0.08265
5755.png,5,0.03235
5756.png,5,0.026099999999999998
5757.png,5,0.13915
5758.png,5,0.251
5759.png,5,0.245
5760.png,13,0.18835000000000002
5761.png,13,0.1836
5762.png,5,0.393
5763.png,5,0.39
5764.png,5,0.46064999999999995
5765.png,5,0.45539999999999997
5766.png,5,0.45539999999999997
5767.png,5,0.5088499999999999
5768.png,5,0.5045999999999999
5769.png,5,0.4264
5770.png,5,0.43065
5771.png,5,0.31105
5772.png,5,0.31755
5773.png,5,0.1709
5774.png,5,0.1794
5775.png,5,-0.016999999999999998
5776.png,5,-0.005
5777.png,5,-0.2276
5778.png,5,-0.215
5779.png,5,-0.38694999999999996
5780.png,5,-0.3772
5781.png,5,-0.47675
5782.png,5,-0.468
5783.png,5,-0.5700000000000001
5784.png,5,-0.5640000000000001
5785.png,5,-0.61075
5786.png,5,-0.608
5787.png,5,-0.608
5788.png,5,-0.608
5789.png,5,-0.557
5790.png,5,-0.56
5791.png,5,-0.458
5792.png,5,-0.464
5793.png,5,-0.3195
5794.png,5,-0.328
5795.png,5,-0.15375
5796.png,5,-0.164
5797.png,5,0.037849999999999995
5798.png,5,0.026099999999999998
5799.png,5,0.2507
5800.png,5,0.2392
5801.png,13,0.2761
5802.png,13,0.2646
5803.png,5,0.5866
5804.png,5,0.5796
5805.png,5,0.6078999999999999
5806.png,5,0.6046499999999999
5807.png,5,0.5984999999999999
5808.png,5,0.596
5809.png,5,0.5195000000000001
5810.png,5,0.524
5811.png,5,0.303
5812.png,5,0.316
5813.png,5,0.040049999999999995
5814.png,5,0.056549999999999996
5815.png,5,-0.35900000000000004
5816.png,5,-0.335
5817.png,5,-0.72045
5818.png,5,-0.6992
5819.png,5,-1.0475999999999999
5820.png,5,-1.0266
5821.png,5,-1.267
5822.png,5,-1.248
5823.png,5,-1.378
5824.png,5,-1.365
5825.png,5,-1.485
5826.png,5,-1.4775
5827.png,5,-1.4934999999999998
5828.png,5,-1.4925
5829.png,5,-1.4244999999999999
5830.png,5,-1.42875
5831.png,5,-1.2767499999999998
5832.png,5,-1.28625
5833.png,5,-0.9867500000000001
5834.png,5,-1.0010000000000001
5835.png,5,-0.731
5836.png,5,-0.749
5837.png,5,-0.48249999999999993
5838.png,5,-0.5025
5839.png,5,-0.1585
5840.png,5,-0.18
5841.png,5,0.1316
5842.png,5,0.11309999999999999
5843.png,5,0.42150000000000004
5844.png,5,0.405
5845.png,5,0.5520499999999999
5846.png,5,0.5428
5847.png,5,0.6236999999999999
5848.png,5,0.6176999999999999
5849.png,5,0.602
5850.png,5,0.6
5851.png,5,0.53625
5852.png,5,0.54
5853.png,5,0.404
5854.png,5,0.41200000000000003
5855.png,5,0.208
5856.png,5,0.22
5857.png,5,-0.022949999999999998
5858.png,5,-0.0087
5859.png,5,-0.3598
5860.png,5,-0.34
5861.png,5,-0.6792
5862.png,5,-0.66
5863.png,5,-0.8041999999999999
5864.png,5,-0.7917
5865.png,5,-0.9480999999999999
5866.png,5,-0.9396
5867.png,5,-0.9405
5868.png,5,-0.936
5869.png,5,-0.9530000000000001
5870.png,5,-0.9520000000000001
5871.png,5,-0.918
5872.png,5,-0.92
5873.png,5,-0.8435
5874.png,5,-0.848
5875.png,5,-0.74175
5876.png,5,-0.748
5877.png,5,-0.61625
5878.png,5,-0.624
5879.png,5,-0.4795
5880.png,5,-0.488
5881.png,5,-0.34349999999999997
5882.png,5,-0.352
5883.png,5,-0.24479999999999996
5884.png,5,-0.25229999999999997
5885.png,5,-0.12129999999999999
5886.png,5,-0.1288
5887.png,5,0.0084
5888.png,5,-0.0
5889.png,5,0.1113
5890.png,5,0.105
5891.png,5,0.16935
5892.png,5,0.1656
5893.png,5,0.185
5894.png,5,0.184
5895.png,5,0.1326
5896.png,5,0.13485
5897.png,5,0.03825
5898.png,5,0.0435
5899.png,5,-0.09465000000000001
5900.png,5,-0.0874
5901.png,5,-0.2752
5902.png,5,-0.265
5903.png,5,-0.4717
5904.png,5,-0.46
5905.png,5,-0.6172
5906.png,5,-0.6072
5907.png,5,-0.7444
5908.png,5,-0.73515
5909.png,5,-0.8455499999999999
5910.png,5,-0.8395499999999999
5911.png,5,-0.8993499999999999
5912.png,5,-0.8960999999999999
5913.png,5,-0.85375
5914.png,5,-0.852
5915.png,5,-0.8137500000000001
5916.png,5,-0.8160000000000001
5917.png,5,-0.7225
5918.png,5,-0.728
5919.png,5,-0.592
5920.png,5,-0.6
5921.png,5,-0.413
5922.png,5,-0.424
5923.png,5,-0.24029999999999996
5924.png,5,-0.25229999999999997
5925.png,5,-0.02915
5926.png,5,-0.0414
5927.png,5,0.2094
5928.png,5,0.195
5929.png,5,0.4123
5930.png,5,0.4
5931.png,5,0.4905999999999999
5932.png,5,0.48284999999999995
5933.png,5,0.5205
5934.png,5,0.516
5935.png,5,0.57125
5936.png,5,0.5680000000000001
5937.png,5,0.6104999999999999
5938.png,5,0.608
5939.png,5,0.625
5940.png,5,0.624
5941.png,5,0.62825
5942.png,5,0.628
5943.png,5,0.61525
5944.png,5,0.616
5945.png,5,0.5905
5946.png,5,0.592
5947.png,5,0.5495000000000001
5948.png,5,0.552
5949.png,5,0.50525
5950.png,5,0.508
5951.png,5,0.457
5952.png,5,0.46
5953.png,5,0.41325000000000006
5954.png,5,0.41600000000000004
5955.png,5,0.3735
5956.png,5,0.376
5957.png,5,0.33775000000000005
5958.png,5,0.34
5959.png,5,0.34214999999999995
5960.png,5,0.34364999999999996
5961.png,5,0.33444999999999997
5962.png,5,0.33494999999999997
5963.png,5,0.32575
5964.png,5,0.32625
5965.png,5,0.32625
5966.png,5,0.32625
5967.png,5,0.34004999999999996
5968.png,5,0.3393
5969.png,5,0.35769999999999996
5970.png,5,0.35669999999999996
5971.png,5,0.3751
5972.png,5,0.3741
5973.png,5,0.4017
5974.png,5,0.4002
5975.png,5,0.42779999999999996
5976.png,5,0.42629999999999996
5977.png,5,0.45389999999999997
5978.png,5,0.45239999999999997
5979.png,5,0.4708
5980.png,5,0.4698
5981.png,5,0.4835999999999999
5982.png,5,0.48284999999999995
5983.png,5,0.49205
5984.png,5,0.49155
5985.png,5,0.49155
5986.png,5,0.49155
5987.png,5,0.48695
5988.png,5,0.48719999999999997
5989.png,5,0.478
5990.png,5,0.4785
5991.png,5,0.4647
5992.png,5,0.46545
5993.png,5,0.44704999999999995
5994.png,5,0.44804999999999995
5995.png,5,0.43424999999999997
5996.png,5,0.43499999999999994
5997.png,5,0.41659999999999997
5998.png,5,0.41759999999999997
5999.png,5,0.4038
6000.png,5,0.40454999999999997
6001.png,5,0.39535
6002.png,5,0.39585
6003.png,5,0.4089
6004.png,5,0.4094
6005.png,5,0.4094
6006.png,5,0.4094
6007.png,5,0.40455
6008.png,5,0.4048
6009.png,5,0.4048
6010.png,5,0.4048
6011.png,5,0.40964999999999996
6012.png,5,0.4094
6013.png,5,0.41424999999999995
6014.png,5,0.414
6015.png,5,0.414
6016.png,5,0.414
6017.png,5,0.414
6018.png,5,0.4237
6019.png,5,0.4232
6020.png,5,0.42805
6021.png,5,0.4278
6022.png,5,0.44234999999999997
6023.png,5,0.4416
6024.png,5,0.6231
6025.png,5,0.615
6026.png,5,0.7422
6027.png,5,0.735
6028.png,5,0.6992499999999999
6029.png,5,0.696
6030.png,5,0.6684
6031.png,5,0.6698999999999999
6032.png,5,0.5917
6033.png,5,0.59595
6034.png,5,0.47634999999999994
6035.png,5,0.48284999999999995
6036.png,5,0.33105
6037.png,5,0.3393
6038.png,5,0.1745
6039.png,5,0.184
6040.png,5,0.0039000000000000007
6041.png,5,0.015
6042.png,5,-0.16519999999999999
6043.png,5,-0.155
6044.png,5,-0.2881
6045.png,5,-0.2806
6046.png,5,-0.35735
6047.png,5,-0.35235
6048.png,5,-0.35235
6049.png,5,-0.40295
6050.png,5,-0.4002
6051.png,5,-0.4002
6052.png,5,-0.3765
6053.png,5,-0.376
6054.png,5,-0.3505
6055.png,5,-0.352
6056.png,5,-0.29675
6057.png,5,-0.3
6058.png,5,-0.22775
6059.png,5,-0.232
6060.png,5,-0.1603
6061.png,5,-0.1653
6062.png,5,-0.06409999999999999
6063.png,5,-0.0696
6064.png,5,0.027
6065.png,5,0.02175
6066.png,5,0.12
6067.png,5,0.11499999999999999
6068.png,5,0.20980000000000001
6069.png,5,0.20500000000000002
6070.png,13,0.14315
6071.png,13,0.1404
6072.png,13,0.1404
6073.png,13,0.1522
6074.png,13,0.1512
6075.png,5,0.3701
6076.png,5,0.365
6077.png,5,0.47395
6078.png,5,0.46545
6079.png,5,0.5427500000000001
6080.png,5,0.536
6081.png,5,0.55725
6082.png,5,0.556
6083.png,5,0.454
6084.png,5,0.46
6085.png,5,0.3155
6086.png,5,0.324
6087.png,5,0.14075
6088.png,5,0.15225
6089.png,5,-0.09
6090.png,5,-0.075
6091.png,5,-0.3506
6092.png,5,-0.335
6093.png,5,-0.51225
6094.png,5,-0.50025
6095.png,5,-0.63425
6096.png,5,-0.624
6097.png,5,-0.743
6098.png,5,-0.736
6099.png,5,-0.79125
6100.png,5,-0.788
6101.png,5,-0.73475
6102.png,5,-0.735
6103.png,5,-0.663
6104.png,5,-0.6675
6105.png,5,-0.5395
6106.png,5,-0.5475
6107.png,5,-0.3715
6108.png,5,-0.3825
6109.png,5,-0.187
6110.png,5,-0.2
6111.png,5,0.0465
6112.png,5,0.032
6113.png,5,0.3181
6114.png,5,0.3036
6115.png,13,0.3375
6116.png,13,0.324
6117.png,5,0.77995
6118.png,5,0.7682
6119.png,5,0.8828499999999999
6120.png,5,0.87435
6121.png,5,1.0505
6122.png,5,1.036
6123.png,5,1.15925
6124.png,5,1.1475
6125.png,5,1.0594999999999999
6126.png,5,1.065
6127.png,5,0.9049999999999999
6128.png,5,0.9149999999999999
6129.png,5,0.6589999999999999
6130.png,5,0.6749999999999999
6131.png,5,0.38
6132.png,5,0.4
6133.png,5,0.043
6134.png,5,0.064
6135.png,5,-0.30160000000000003
6136.png,5,-0.28
6137.png,5,-0.5388999999999999
6138.png,5,-0.5244
6139.png,5,-0.7074999999999999
6140.png,5,-0.696
6141.png,5,-0.81425
6142.png,5,-0.804
6143.png,5,-0.99525
6144.png,5,-0.984
6145.png,5,-1.0625
6146.png,5,-1.05375
6147.png,5,-1.1817499999999999
6148.png,5,-1.1737499999999998
6149.png,5,-1.25775
6150.png,5,-1.2525
6151.png,5,-1.2845
6152.png,5,-1.2825
6153.png,5,-1.2345000000000002
6154.png,5,-1.2375
6155.png,5,-1.2375
6156.png,5,-1.0275
6157.png,5,-1.036
6158.png,5,-0.826
6159.png,5,-0.84
6160.png,5,-0.57
6161.png,5,-0.588
6162.png,5,-0.588
6163.png,5,-0.31799999999999995
6164.png,5,-0.33749999999999997
6165.png,5,-0.33749999999999997
6166.png,5,-0.021499999999999995
6167.png,5,-0.041249999999999995
6168.png,5,-0.041249999999999995
6169.png,5,0.2705
6170.png,5,0.252
6171.png,5,0.252
6172.png,5,0.6648000000000001
6173.png,5,0.645
6174.png,5,0.8456
6175.png,5,0.8326
6176.png,5,0.9161499999999999
6177.png,5,0.9091499999999999
6178.png,5,0.9091499999999999
6179.png,5,0.9229499999999999
6180.png,5,0.9221999999999999
6181.png,5,0.77575
6182.png,5,0.6567500000000001
6183.png,5,0.664
6184.png,5,0.664
6185.png,5,0.477
6186.png,5,0.30069999999999997
6187.png,5,0.3132
6188.png,5,0.0693
6189.png,5,0.0828
6190.png,5,0.0828
6191.png,5,-0.19619999999999999
6192.png,5,-0.18
6193.png,5,-0.379
6194.png,5,-0.368
6195.png,5,-0.5274
6196.png,5,-0.5176499999999999
6197.png,5,-0.6204999999999999
6198.png,5,-0.612
6199.png,5,-0.6970000000000001
6200.png,5,-0.6920000000000001
6201.png,5,-0.72175
6202.png,5,-0.72
6203.png,5,-0.686
6204.png,5,-0.6880000000000001
6205.png,5,-0.565
6206.png,5,-0.57
6207.png,5,-0.434
6208.png,5,-0.4425
6209.png,5,-0.285
6210.png,5,-0.296
6211.png,5,-0.0835
6212.png,5,-0.096
6213.png,5,0.14400000000000002
6214.png,5,0.4362
6215.png,5,0.42
6216.png,5,0.42
6217.png,5,0.6903
6218.png,5,0.675
6219.png,5,0.7620499999999999
6220.png,5,0.7525499999999999
6221.png,5,0.8445499999999999
6222.png,5,0.8395499999999999
6223.png,5,0.8017500000000001
6224.png,5,0.8
6225.png,5,0.749
6226.png,5,0.752
6227.png,5,0.6415000000000001
6228.png,5,0.648
6229.png,5,0.478
6230.png,5,0.488
6231.png,5,0.3053
6232.png,5,0.31755
6233.png,5,0.05935
6234.png,5,0.0736
6235.png,13,-0.13085000000000002
6236.png,13,-0.11610000000000001
6237.png,5,-0.46454999999999996
6238.png,5,-0.4508
6239.png,5,-0.4508
6240.png,5,-0.647
6241.png,5,-0.632
6242.png,5,-0.8360000000000001
6243.png,5,-0.8240000000000001
6244.png,5,-0.8524999999999999
6245.png,5,-0.8474999999999999
6246.png,5,-0.8795
6247.png,5,-0.8775
6248.png,5,-0.8454999999999999
6249.png,5,-0.8474999999999999
6250.png,5,-0.8474999999999999
6251.png,5,-0.7474999999999999
6252.png,5,-0.7537499999999999
6253.png,5,-0.58975
6254.png,5,-0.6
6255.png,5,-0.39199999999999996
6256.png,5,-0.40499999999999997
6257.png,5,-0.40499999999999997
6258.png,5,-0.181
6259.png,5,-0.195
6260.png,5,0.0385
6261.png,5,0.024
6262.png,5,0.2929
6263.png,5,0.2784
6264.png,13,0.34980000000000006
6265.png,13,0.33480000000000004
6266.png,5,0.8129
6267.png,5,0.8004
6268.png,5,0.9363
6269.png,5,0.92655
6270.png,9,0.70005
6271.png,9,0.68355
6272.png,5,1.26225
6273.png,5,1.24875
6274.png,5,1.16075
6275.png,5,1.16625
6276.png,5,1.08225
6277.png,5,1.0875
6278.png,5,0.865
6279.png,5,0.875
6280.png,5,0.6255000000000001
6281.png,5,0.645
6282.png,5,0.301
6283.png,5,0.3225
6284.png,5,0.0465
6285.png,5,0.064
6286.png,5,-0.1972
6287.png,5,-0.18269999999999997
6288.png,13,-0.25205
6289.png,13,-0.2403
6290.png,5,-0.6276499999999999
6291.png,5,-0.6164
6292.png,5,-0.7853
6293.png,5,-0.7743
6294.png,5,-1.0265
6295.png,5,-1.008
6296.png,5,-1.261
6297.png,5,-1.24125
6298.png,5,-1.37325
6299.png,5,-1.365
6300.png,5,-1.465
6301.png,5,-1.45875
6302.png,5,-1.32025
6303.png,5,-1.31625
6304.png,5,-1.33025
6305.png,5,-1.32925
6306.png,5,-1.28725
6307.png,5,-1.29025
6308.png,5,-1.277
6309.png,5,-1.2845
6310.png,5,-1.09325
6311.png,5,-1.106
6312.png,5,-0.8285
6313.png,5,-0.847
6314.png,5,-0.48325000000000007
6315.png,5,-0.5075000000000001
6316.png,5,-0.05975
6317.png,5,-0.09
6318.png,5,0.45225
6319.png,5,0.42
6320.png,13,0.6611
6321.png,13,0.6291
6322.png,5,1.55635
6323.png,5,1.5268499999999998
6324.png,5,1.79075
6325.png,5,1.768
6326.png,5,1.923
6327.png,5,1.88825
6328.png,5,2.0807499999999997
6329.png,5,2.0669999999999997
6330.png,5,1.9969999999999999
6331.png,5,2.002
6332.png,5,1.883
6333.png,5,1.8915
6334.png,5,1.5554999999999999
6335.png,5,1.5795
6336.png,5,1.2085
6337.png,5,1.2349999999999999
6338.png,5,0.97
6339.png,5,0.994
6340.png,5,0.66775
6341.png,5,0.6895
6342.png,5,0.40075
6343.png,5,0.42
6344.png,5,0.102
6345.png,5,0.12375
6346.png,5,-0.25225
6347.png,5,-0.22874999999999998
6348.png,5,-0.76075
6349.png,5,-0.736
6350.png,5,-1.1822
6351.png,5,-1.1592
6352.png,5,-1.4504
6353.png,5,-1.43115
6354.png,5,-1.42975
6355.png,5,-1.4175
6356.png,5,-1.4654999999999998
6357.png,5,-1.4625
6358.png,5,-1.3944999999999999
6359.png,5,-1.39875
6360.png,5,-1.36675
6361.png,5,-1.36875
6362.png,5,-1.34875
6363.png,5,-1.3499999999999999
6364.png,5,-1.342
6365.png,5,-1.3425
6366.png,5,-1.23425
6367.png,5,-1.2355
6368.png,5,-1.1717499999999998
6369.png,5,-1.176
6370.png,5,-1.0410000000000001
6371.png,5,-1.05
6372.png,5,-0.84375
6373.png,5,-0.8575
6374.png,5,-0.5725
6375.png,5,-0.5915
6376.png,5,-0.26575
6377.png,5,-0.28875
6378.png,5,0.11925
6379.png,5,0.09375
6380.png,5,0.58715
6381.png,5,0.5611499999999999
6382.png,5,1.1591
6383.png,5,1.1300000000000001
6384.png,9,0.7805
6385.png,9,0.7595
6386.png,5,1.3985
6387.png,5,1.38375
6388.png,5,1.4677499999999999
6389.png,5,1.4625
6390.png,5,1.5585
6391.png,5,1.5525
6392.png,5,1.3735
6393.png,5,1.3715
6394.png,5,1.3544999999999998
6395.png,5,1.36875
6396.png,5,0.9775
6397.png,5,0.9975
6398.png,5,0.65625
6399.png,5,0.679
6400.png,5,0.43949999999999995
6401.png,5,0.45749999999999996
6402.png,5,0.21749999999999997
6403.png,5,0.23249999999999998
6404.png,5,0.052500000000000005
6405.png,5,0.064
6406.png,5,-0.12359999999999999
6407.png,5,-0.11309999999999999
6408.png,5,-0.3039
6409.png,5,-0.2944
6410.png,13,-0.28490000000000004
6411.png,13,-0.27540000000000003
6412.png,5,-0.6340999999999999
6413.png,5,-0.6255999999999999
6414.png,5,-0.7387999999999999
6415.png,5,-0.7307999999999999
6416.png,5,-0.9015
6417.png,5,-0.888
6418.png,5,-1.0005
6419.png,5,-0.99
6420.png,5,-1.0619999999999998
6421.png,5,-1.0574999999999999
6422.png,5,-1.1135
6423.png,5,-1.1099999999999999
6424.png,5,-1.15
6425.png,5,-1.1475
6426.png,5,-1.1715
6427.png,5,-1.17
6428.png,5,-1.0995
6429.png,5,-1.099
6430.png,5,-1.07275
6431.png,5,-1.0745
6432.png,5,-1.0070000000000001
6433.png,5,-1.0115
6434.png,5,-0.88775
6435.png,5,-0.896
6436.png,5,-0.7085
6437.png,5,-0.721
6438.png,5,-0.5045
6439.png,5,-0.52125
6440.png,5,-0.19325
6441.png,5,-0.21375
6442.png,5,0.1545
6443.png,5,0.132
6444.png,5,0.598
6445.png,5,0.575
6446.png,5,0.98725
6447.png,5,0.966
6448.png,5,1.2493
6449.png,5,1.23105
6450.png,5,1.336
6451.png,5,1.324
6452.png,5,1.30525
6453.png,5,1.30125
6454.png,5,1.23725
6455.png,5,1.24125
6456.png,5,1.07325
6457.png,5,1.08375
6458.png,5,0.83975
6459.png,5,0.855
6460.png,5,0.5549999999999999
6461.png,5,0.57375
6462.png,5,0.35275
6463.png,5,0.368
6464.png,5,0.17675
6465.png,5,0.188
6466.png,5,0.052649999999999995
6467.png,5,0.060899999999999996
6468.png,5,-0.0714
6469.png,5,-0.0644
6470.png,5,-0.21839999999999998
6471.png,5,-0.21
6472.png,5,-0.3531
6473.png,5,-0.34500000000000003
6474.png,5,-0.4435
6475.png,5,-0.437
6476.png,5,-0.53745
6477.png,5,-0.5307
6478.png,5,-0.59
6479.png,5,-0.584
6480.png,5,-0.686
6481.png,5,-0.68
6482.png,5,-0.7735
6483.png,5,-0.768
6484.png,5,-0.853
6485.png,5,-0.848
6486.png,5,-0.9287500000000001
6487.png,5,-0.924
6488.png,5,-0.92625
6489.png,5,-0.9225
6490.png,5,-0.9744999999999999
6491.png,5,-0.97125
6492.png,5,-1.00725
6493.png,5,-1.005
6494.png,5,-1.021
6495.png,5,-1.02
6496.png,5,-0.937
6497.png,5,-0.9380000000000001
6498.png,5,-0.893
6499.png,5,-0.896
6500.png,5,-0.791
6501.png,5,-0.798
6502.png,5,-0.6405000000000001
6503.png,5,-0.651
6504.png,5,-0.46549999999999997
6505.png,5,-0.48
6506.png,5,-0.192
6507.png,5,-0.21
6508.png,5,0.09475
6509.png,5,0.076
6510.png,5,0.44604999999999995
6511.png,5,0.42629999999999996
6512.png,5,0.8875
6513.png,5,0.865
6514.png,5,1.04695
6515.png,5,1.03095
6516.png,9,0.70485
6517.png,9,0.69335
6518.png,5,1.2085
6519.png,5,1.204
6520.png,5,1.1127500000000001
6521.png,5,1.11375
6522.png,5,1.13375
6523.png,5,1.1325
6524.png,5,1.1005
6525.png,5,1.1025
6526.png,5,0.8865
6527.png,5,0.8999999999999999
6528.png,5,0.6599999999999999
6529.png,5,0.6749999999999999
6530.png,5,0.49099999999999994
6531.png,5,0.5025
6532.png,5,0.383
6533.png,5,0.392
6534.png,5,0.28575
6535.png,5,0.292
6536.png,5,0.19425
6537.png,5,0.2
6538.png,5,0.11499999999999999
6539.png,5,0.12
6540.png,5,0.0339
6541.png,5,0.03915
6542.png,5,-0.0556
6543.png,5,-0.0506
6544.png,5,-0.1557
6545.png,5,-0.15
6546.png,13,-0.13705
6547.png,13,-0.1323
6548.png,5,-0.3351
6549.png,5,-0.33
6550.png,5,-0.38604999999999995
6551.png,5,-0.3818
6552.png,5,-0.5036499999999999
6553.png,5,-0.49589999999999995
6554.png,5,-0.58775
6555.png,5,-0.58
6556.png,5,-0.64375
6557.png,5,-0.64
6558.png,5,-0.6995
6559.png,5,-0.6960000000000001
6560.png,5,-0.747
6561.png,5,-0.744
6562.png,5,-0.795
6563.png,5,-0.792
6564.png,5,-0.7825
6565.png,5,-0.78
6566.png,5,-0.808
6567.png,5,-0.80625
6568.png,5,-0.8262499999999999
6569.png,5,-0.825
6570.png,5,-0.845
6571.png,5,-0.84375
6572.png,5,-0.8477499999999999
6573.png,5,-0.8474999999999999
6574.png,5,-0.8395
6575.png,5,-0.84
6576.png,5,-0.8079999999999999
6577.png,5,-0.8099999999999999
6578.png,5,-0.742
6579.png,5,-0.74625
6580.png,5,-0.63025
6581.png,5,-0.6375
6582.png,5,-0.4775
6583.png,5,-0.4875
6584.png,5,-0.27149999999999996
6585.png,5,-0.285
6586.png,5,-0.036250000000000004
6587.png,5,-0.052000000000000005
6588.png,5,0.25165
6589.png,5,0.2349
6590.png,5,0.6198
6591.png,5,0.6
6592.png,5,0.8381500000000001
6593.png,5,0.8234
6594.png,5,0.9902499999999999
6595.png,5,0.9787499999999999
6596.png,5,1.002
6597.png,5,0.996
6598.png,5,0.996
6599.png,5,0.996
6600.png,5,0.9025000000000001
6601.png,5,0.908
6602.png,5,0.738
6603.png,5,0.748
6604.png,5,0.51425
6605.png,5,0.528
6606.png,5,0.32825000000000004
6607.png,5,0.34
6608.png,5,0.19125
6609.png,5,0.2
6610.png,5,0.10709999999999999
6611.png,5,0.11309999999999999
6612.png,5,0.0226
6613.png,5,0.0276
6614.png,5,-0.0654
6615.png,5,-0.06
6616.png,5,-0.15539999999999998
6617.png,5,-0.15
6618.png,5,-0.24539999999999998
6619.png,5,-0.24
6620.png,5,-0.27414999999999995
6621.png,5,-0.2714
6622.png,5,-0.29345
6623.png,5,-0.29145
6624.png,5,-0.32825
6625.png,5,-0.32625
6626.png,5,-0.35844999999999994
6627.png,5,-0.35669999999999996
6628.png,5,-0.38889999999999997
6629.png,5,-0.38715
6630.png,5,-0.38575
6631.png,5,-0.384
6632.png,5,-0.40950000000000003
6633.png,5,-0.40800000000000003
6634.png,5,-0.42924999999999996
6635.png,5,-0.428
6636.png,5,-0.4535
6637.png,5,-0.452
6638.png,5,-0.47325
6639.png,5,-0.47200000000000003
6640.png,5,-0.489
6641.png,5,-0.488
6642.png,5,-0.50075
6643.png,5,-0.5
6644.png,5,-0.5085
6645.png,5,-0.508
6646.png,5,-0.508
6647.png,5,-0.508
6648.png,5,-0.508
6649.png,5,-0.508
6650.png,5,-0.49525
6651.png,5,-0.496
6652.png,5,-0.47475000000000006
6653.png,5,-0.47600000000000003
6654.png,5,-0.442
6655.png,5,-0.444
6656.png,5,-0.39725000000000005
6657.png,5,-0.4
6658.png,5,-0.33625000000000005
6659.png,5,-0.34
6660.png,5,-0.25075000000000003
6661.png,5,-0.256
6662.png,5,-0.137
6663.png,5,-0.14400000000000002
6664.png,5,-0.0186
6665.png,5,-0.026099999999999998
6666.png,5,0.11649999999999999
6667.png,5,0.10874999999999999
6668.png,5,0.2787
6669.png,5,0.27
6670.png,5,0.376
6671.png,5,0.37
6672.png,5,0.423
6673.png,5,0.42
6674.png,5,0.4359
6675.png,5,0.435
6676.png,5,0.4032
6677.png,5,0.405
6678.png,5,0.3202
6679.png,5,0.325
6680.png,5,0.219
6681.png,5,0.225
6682.png,5,0.10840000000000001
6683.png,5,0.115
6684.png,13,0.023750000000000004
6685.png,13,0.027000000000000003
6686.png,5,0.0023000000000000004
6687.png,5,0.005
6688.png,5,-0.021500000000000002
6689.png,5,-0.02
6690.png,5,-0.07300000000000001
6691.png,5,-0.07
6692.png,5,-0.1071
6693.png,5,-0.105
6694.png,5,-0.11599999999999999
6695.png,5,-0.11499999999999999
6696.png,5,-0.1344
6697.png,5,-0.1334
6698.png,5,-0.1528
6699.png,5,-0.1518
6700.png,5,-0.1615
6701.png,5,-0.161
6702.png,5,-0.16144999999999998
6703.png,5,-0.16094999999999998
6704.png,5,-0.16094999999999998
6705.png,5,-0.16094999999999998
6706.png,5,-0.16094999999999998
6707.png,5,-0.16094999999999998
6708.png,5,-0.15175
6709.png,5,-0.15225
6710.png,5,-0.14304999999999998
6711.png,5,-0.14354999999999998
6712.png,5,-0.12514999999999998
6713.png,5,-0.12614999999999998
6714.png,5,-0.10774999999999998
6715.png,5,-0.10874999999999999
6716.png,5,-0.08574999999999999
6717.png,5,-0.087
6718.png,5,-0.054799999999999995
6719.png,5,-0.056549999999999996
6720.png,5,-0.030699999999999998
6721.png,5,-0.0322
6722.png,5,0.045399999999999996
6723.png,5,0.0414
6724.png,5,0.11415
6725.png,5,0.1104
6726.png,5,0.18889999999999998
6727.png,5,0.185
6728.png,5,0.23270000000000002
6729.png,5,0.23
6730.png,13,0.136
6731.png,13,0.135
6732.png,13,0.13205
6733.png,13,0.1323
6734.png,5,0.32980000000000004
6735.png,5,0.325
6736.png,5,0.41614999999999996
6737.png,5,0.4089
6738.png,5,0.47800000000000004
6739.png,5,0.47200000000000003
6740.png,5,0.47625
6741.png,5,0.47600000000000003
6742.png,5,0.442
6743.png,5,0.444
6744.png,5,0.41425000000000006
6745.png,5,0.41600000000000004
6746.png,5,0.39475000000000005
6747.png,5,0.396
6748.png,5,0.38325000000000004
6749.png,5,0.384
6750.png,5,0.37125
6751.png,5,0.372
6752.png,5,0.3635
6753.png,5,0.364
6754.png,5,0.3555
6755.png,5,0.356
6756.png,5,0.34750000000000003
6757.png,5,0.34800000000000003
6758.png,5,0.34375000000000006
6759.png,5,0.34400000000000003
6760.png,5,0.3355
6761.png,5,0.336
6762.png,5,0.33175000000000004
6763.png,5,0.332
6764.png,5,0.3235
6765.png,5,0.324
6766.png,5,0.3155
6767.png,5,0.316
6768.png,5,0.31175
6769.png,5,0.312
6770.png,5,0.3035
6771.png,5,0.304
6772.png,5,0.29975
6773.png,5,0.3
6774.png,5,0.2915
6775.png,5,0.292
6776.png,5,0.30834999999999996
6777.png,5,0.30884999999999996
6778.png,5,0.29964999999999997
6779.png,5,0.30015
6780.png,5,0.29095
6781.png,5,0.29145
6782.png,5,0.28225
6783.png,5,0.28275
6784.png,5,0.26895
6785.png,5,0.2697
6786.png,5,0.2605
6787.png,5,0.261
6788.png,5,0.24719999999999998
6789.png,5,0.24794999999999998
6790.png,5,0.23415
6791.png,5,0.2349
6792.png,5,0.2211
6793.png,5,0.22185
6794.png,5,0.22185
6795.png,5,0.20804999999999998
6796.png,5,0.20879999999999999
6797.png,5,0.19039999999999999
6798.png,5,0.1914
6799.png,5,0.1914
6800.png,5,0.173
6801.png,5,0.174
6802.png,5,0.1556
6803.png,5,0.1566
6804.png,5,0.1566
6805.png,5,0.1382
6806.png,5,0.1392
6807.png,5,0.1162
6808.png,5,0.11745
6809.png,5,0.1048
6810.png,5,0.1058
6811.png,5,0.08155
6812.png,5,0.0828
6813.png,5,0.0828
6814.png,5,0.05855
6815.png,5,0.03555
6816.png,5,0.0368
6817.png,5,0.0368
6818.png,5,0.02225
6819.png,5,0.023
6820.png,5,0.023
6821.png,5,0.03560000000000001
6822.png,5,0.0668
6823.png,5,0.065
6824.png,5,0.065
6825.png,5,0.065
6826.png,5,0.0809
6827.png,5,0.093
6828.png,5,0.092
6829.png,5,0.092
6830.png,5,0.10655
6831.png,5,0.1058
6832.png,5,0.11549999999999999
6833.png,5,0.11499999999999999
6834.png,5,0.11499999999999999
6835.png,5,0.1247
6836.png,5,0.1242
6837.png,5,0.1242
6838.png,5,0.1242
6839.png,5,0.1242
6840.png,5,0.1242
6841.png,5,0.1242
6842.png,5,0.11449999999999999
6843.png,5,0.11499999999999999
6844.png,5,0.1053
6845.png,5,0.1058
6846.png,5,0.1058
6847.png,5,0.09125
6848.png,5,0.092
6849.png,5,0.092
6850.png,5,0.0726
6851.png,5,0.0736
6852.png,5,0.04935
6853.png,5,0.0506
6854.png,5,0.0506
6855.png,5,0.0312
6856.png,5,0.0322
6857.png,5,0.00795
6858.png,5,0.0092
6859.png,5,-0.01505
6860.png,5,-0.0138
6861.png,5,-0.0138
6862.png,5,-0.0332
6863.png,5,-0.0322
6864.png,5,-0.0509
6865.png,5,-0.05
6866.png,5,-0.05
6867.png,5,-0.0606
6868.png,5,-0.06
6869.png,5,-0.06
6870.png,5,-0.06
6871.png,5,-0.06
6872.png,5,-0.06
6873.png,5,-0.06
6874.png,5,-0.06
6875.png,5,-0.0494
6876.png,5,-0.05
6877.png,5,-0.0447
6878.png,5,-0.045
6879.png,5,-0.045
6880.png,5,-0.029099999999999997
6881.png,5,-0.03
6882.png,5,-0.0194
6883.png,5,-0.02
6884.png,5,-0.0094
6885.png,5,-0.01
6886.png,5,0.0006
6887.png,5,-0.0
6888.png,5,0.0053
6889.png,5,0.005
6890.png,5,0.005
6891.png,5,0.0156
6892.png,5,0.015
6893.png,5,0.020300000000000002
6894.png,5,0.02
6895.png,5,0.02325
6896.png,5,0.023
6897.png,5,0.023
6898.png,5,0.023
6899.png,5,0.023
6900.png,5,0.023
6901.png,5,0.01815
6902.png,5,0.0184
6903.png,5,0.0184
6904.png,5,0.0184
6905.png,5,0.01355
6906.png,5,0.0138
6907.png,5,0.0138
6908.png,5,0.0138
6909.png,5,0.0138
6910.png,5,0.00895
6911.png,5,0.0092
6912.png,5,0.00435
6913.png,5,0.0046
6914.png,5,-0.00025
6915.png,5,-0.0
6916.png,5,-0.0
6917.png,5,-0.0053
6918.png,5,-0.005
6919.png,5,-0.005
6920.png,5,-0.005
6921.png,5,-0.005
6922.png,5,-0.005
6923.png,5,-0.005
6924.png,5,-0.005
6925.png,5,-0.005
6926.png,5,-0.0103
6927.png,5,-0.01
6928.png,5,-0.01
6929.png,5,-0.01
6930.png,5,-0.01
6931.png,5,-0.01
6932.png,5,-0.01
6933.png,5,-0.0047
6934.png,5,-0.005
6935.png,5,-0.005
6936.png,5,-0.005
6937.png,5,-0.005
6938.png,5,-0.005
6939.png,5,-0.005
6940.png,5,-0.005
6941.png,5,-0.005
6942.png,5,-0.005
6943.png,5,-0.005
6944.png,5,-0.005
6945.png,5,-0.005
6946.png,5,0.0162
6947.png,5,0.015
6948.png,5,0.06269999999999999
6949.png,5,0.06
6950.png,5,0.06
6951.png,5,0.10769999999999999
6952.png,5,0.105
6953.png,5,0.105
6954.png,5,0.1257
6955.png,5,0.1242
6956.png,5,0.1242
6957.png,5,0.14845
6958.png,5,0.1472
6959.png,5,0.14839999999999998
6960.png,5,0.14789999999999998
6961.png,5,0.14789999999999998
6962.png,5,0.14789999999999998
6963.png,5,0.14789999999999998
6964.png,5,0.1387
6965.png,5,0.1392
6966.png,5,0.1392
6967.png,5,0.1162
6968.png,5,0.11745
6969.png,5,0.11745
6970.png,5,0.08524999999999999
6971.png,5,0.087
6972.png,5,0.04835
6973.png,5,0.0506
6974.png,5,0.0506
6975.png,5,0.0118
6976.png,5,0.0138
6977.png,5,0.0138
6978.png,5,-0.02985
6979.png,5,-0.0276
6980.png,5,-0.0671
6981.png,5,-0.065
6982.png,5,-0.0968
6983.png,5,-0.095
6984.png,5,-0.1268
6985.png,5,-0.125
6986.png,5,-0.125
6987.png,5,-0.14090000000000003
6988.png,5,-0.14
6989.png,5,-0.14
6990.png,5,-0.14
6991.png,5,-0.14
6992.png,5,-0.14
6993.png,5,-0.11879999999999999
6994.png,5,-0.12
6995.png,5,-0.12
6996.png,5,-0.0882
6997.png,5,-0.09
6998.png,5,-0.09
6999.png,5,-0.0476
7000.png,5,-0.05
7001.png,5,-0.0023000000000000004
7002.png,5,-0.005
7003.png,5,0.0374
7004.png,5,0.035
7005.png,5,0.0807
7006.png,5,0.07819999999999999
7007.png,5,0.07819999999999999
7008.png,5,0.11215
7009.png,5,0.1104
7010.png,5,0.1298
7011.png,5,0.1288
7012.png,5,0.12639999999999998
7013.png,5,0.12614999999999998
7014.png,5,0.12614999999999998
7015.png,5,0.12614999999999998
7016.png,5,0.12614999999999998
7017.png,5,0.12614999999999998
7018.png,5,0.10774999999999998
7019.png,5,0.08574999999999999
7020.png,5,0.087
7021.png,5,0.087
7022.png,5,0.05805
7023.png,5,0.0598
7024.png,5,0.016149999999999998
7025.png,5,0.0184
7026.png,5,-0.02525
7027.png,5,-0.023
7028.png,5,-0.0727
7029.png,5,-0.07
7030.png,5,-0.1124
7031.png,5,-0.11
7032.png,5,-0.11
7033.png,5,-0.14709999999999998
7034.png,5,-0.145
7035.png,5,-0.1556
7036.png,5,-0.155
7037.png,5,-0.155
7038.png,5,-0.1338
7039.png,5,-0.135
7040.png,5,-0.135
7041.png,5,-0.1032
7042.png,5,-0.105
7043.png,5,-0.105
7044.png,5,-0.052
7045.png,5,-0.055
7046.png,5,-0.0126
7047.png,5,-0.015
7048.png,5,0.038000000000000006
7049.png,5,0.035
7050.png,5,0.035
7051.png,5,0.0807
7052.png,5,0.11699999999999999
7053.png,5,0.11499999999999999
7054.png,5,0.1344
7055.png,5,0.1334
7056.png,5,0.13535
7057.png,5,0.13485
7058.png,5,0.13485
7059.png,5,0.13025
7060.png,5,0.1305
7061.png,5,0.1167
7062.png,5,0.11745
7063.png,5,0.08984999999999999
7064.png,5,0.09134999999999999
7065.png,5,0.0578
7066.png,5,0.0598
7067.png,5,0.016149999999999998
7068.png,5,0.0184
7069.png,5,-0.0301
7070.png,5,-0.045899999999999996
7071.png,5,-0.045
7072.png,5,-0.045
7073.png,5,-0.045
7074.png,5,-0.045
7075.png,5,-0.0344
7076.png,5,-0.035
7077.png,5,-0.0085
7078.png,5,-0.01
7079.png,5,0.0165
7080.png,5,0.015
7081.png,5,0.015
7082.png,5,0.0468
7083.png,5,0.045
7084.png,5,0.0608
7085.png,5,0.0598
7086.png,5,0.07435
7087.png,5,0.0736
7088.png,5,0.0833
7089.png,5,0.0828
7090.png,5,0.08765
7091.png,5,0.07769999999999999
7092.png,5,0.07819999999999999
7093.png,5,0.07819999999999999
7094.png,5,0.06365
7095.png,5,0.0644
7096.png,5,0.045
7097.png,5,0.046
7098.png,5,0.02175
7099.png,5,0.023
7100.png,5,-0.01095
7101.png,5,-0.0092
7102.png,5,-0.041800000000000004
7103.png,5,-0.04
7104.png,5,-0.0718
7105.png,5,-0.07
7106.png,5,-0.0965
7107.png,5,-0.095
7108.png,5,-0.1109
7109.png,5,-0.11
7110.png,5,-0.1153
7111.png,5,-0.115
7112.png,5,-0.10439999999999999
7113.png,5,-0.105
7114.png,5,-0.0891
7115.png,5,-0.0529
7116.png,5,-0.055
7117.png,5,-0.055
7118.png,5,-0.0179
7119.png,5,-0.02
7120.png,5,0.0171
7121.png,5,0.015
7122.png,5,0.0574
7123.png,5,0.055
7124.png,5,0.0797
7125.png,5,0.07819999999999999
7126.png,5,0.1073
7127.png,5,0.12035
7128.png,5,0.1196
7129.png,5,0.1196
7130.png,5,0.12445
7131.png,5,0.1242
7132.png,5,0.10824999999999999
7133.png,5,0.10874999999999999
7134.png,5,0.09559999999999999
7135.png,5,0.06265
7136.png,5,0.0644
7137.png,5,0.0644
7138.png,5,0.025599999999999998
7139.png,5,0.0276
7140.png,5,-0.0112
7141.png,5,-0.0092
7142.png,5,-0.0524
7143.png,5,-0.05
7144.png,5,-0.0924
7145.png,5,-0.09
7146.png,5,-0.1271
7147.png,5,-0.125
7148.png,5,-0.1462
7149.png,5,-0.145
7150.png,5,-0.1556
7151.png,5,-0.155
7152.png,5,-0.1444
7153.png,5,-0.145
7154.png,5,-0.1238
7155.png,5,-0.125
7156.png,5,-0.0826
7157.png,5,-0.085
7158.png,5,-0.032
7159.png,5,-0.035
7160.png,5,0.0286
7161.png,5,0.025
7162.png,5,0.08860000000000001
7163.png,5,0.085
7164.png,5,0.1267
7165.png,5,0.1242
7166.png,5,0.16785
7167.png,5,0.1656
7168.png,5,0.17959999999999998
7169.png,5,0.17834999999999998
7170.png,5,0.18294999999999997
7171.png,5,0.18269999999999997
7172.png,5,0.1689
7173.png,5,0.16965
7174.png,5,0.14204999999999998
7175.png,5,0.14354999999999998
7176.png,5,0.10674999999999998
7177.png,5,0.10874999999999999
7178.png,5,0.10045
7179.png,5,0.1012
7180.png,5,0.07694999999999999
7181.png,5,0.07819999999999999
7182.png,5,0.05395
7183.png,5,0.0552
7184.png,5,0.026099999999999998
7185.png,5,0.0276
7186.png,5,-0.0015
7187.png,5,-0.0
7188.png,5,-0.0371
7189.png,5,-0.035
7190.png,5,-0.0668
7191.png,5,-0.065
7192.png,5,-0.0915
7193.png,5,-0.09
7194.png,5,-0.1059
7195.png,5,-0.105
7196.png,5,-0.11560000000000001
7197.png,5,-0.115
7198.png,5,-0.1097
7199.png,5,-0.11
7200.png,5,-0.0941
7201.png,5,-0.095
7202.png,5,-0.0632
7203.png,5,-0.065
7204.png,5,-0.022600000000000002
7205.png,5,-0.025
7206.png,5,0.0174
7207.png,5,0.015
7208.png,5,0.06269999999999999
7209.png,5,0.06
7210.png,5,0.08915000000000001
7211.png,5,0.0874
7212.png,5,0.12135
7213.png,5,0.1196
7214.png,5,0.139
7215.png,5,0.138
7216.png,5,0.1351
7217.png,5,0.13485
7218.png,5,0.12564999999999998
7219.png,5,0.12614999999999998
7220.png,5,0.10774999999999998
7221.png,5,0.10874999999999999
7222.png,5,0.07619999999999999
7223.png,5,0.07819999999999999
7224.png,5,0.0394
7225.png,5,0.0414
7226.png,5,-0.0071
7227.png,5,-0.0046
7228.png,5,-0.0633
7229.png,5,-0.06
7230.png,5,-0.113
7231.png,5,-0.11
7232.png,5,-0.1524
7233.png,5,-0.15
7234.png,5,-0.1818
7235.png,5,-0.18
7236.png,13,-0.10310000000000001
7237.png,13,-0.10260000000000001
7238.png,13,-0.09670000000000001
7239.png,13,-0.09720000000000001
7240.png,13,-0.08245000000000001
7241.png,13,-0.08370000000000001
7242.png,5,-0.1656
7243.png,5,-0.165
7244.png,5,-0.2286
7245.png,5,-0.225
7246.png,5,-0.2555
7247.png,5,-0.253
7248.png,5,-0.2433
7249.png,5,-0.2438
7250.png,5,-0.1749
7251.png,5,-0.18
7252.png,5,-0.06340000000000001
7253.png,5,-0.07
7254.png,5,0.0731
7255.png,5,0.065
7256.png,5,0.2134
7257.png,5,0.20500000000000002
7258.png,5,0.29795
7259.png,5,0.29145
7260.png,5,0.38804999999999995
7261.png,5,0.3828
7262.png,5,0.40725
7263.png,5,0.404
7264.png,5,0.42524999999999996
7265.png,5,0.424
7266.png,5,0.41125000000000006
7267.png,5,0.41200000000000003
7268.png,5,0.35675
7269.png,5,0.36
7270.png,5,0.27925000000000005
7271.png,5,0.28400000000000003
7272.png,5,0.18625
7273.png,5,0.192
7274.png,5,0.09839999999999999
7275.png,5,0.10439999999999999
7276.png,5,-0.019799999999999998
7277.png,5,-0.013049999999999999
7278.png,5,-0.1399
7279.png,5,-0.1334
7280.png,5,-0.2775
7281.png,5,-0.27
7282.png,5,-0.3866
7283.png,5,-0.38
7284.png,5,-0.4542
7285.png,5,-0.45
7286.png,5,-0.4334
7287.png,5,-0.4324
7288.png,5,-0.39845
7289.png,5,-0.4002
7290.png,5,-0.31775000000000003
7291.png,5,-0.322
7292.png,5,-0.20074999999999998
7293.png,5,-0.207
7294.png,5,-0.066
7295.png,5,-0.075
7296.png,5,0.0946
7297.png,5,0.085
7298.png,5,0.24795
7299.png,5,0.2392
7300.png,5,0.37799999999999995
7301.png,5,0.36974999999999997
7302.png,5,0.4505
7303.png,5,0.444
7304.png,5,0.51625
7305.png,5,0.512
7306.png,5,0.5375
7307.png,5,0.536
7308.png,5,0.51475
7309.png,5,0.516
7310.png,5,0.4565
7311.png,5,0.46
7312.png,5,0.3665
7313.png,5,0.372
7314.png,5,0.2445
7315.png,5,0.252
7316.png,5,0.10325000000000001
7317.png,5,0.112
7318.png,5,-0.053
7319.png,5,-0.0435
7320.png,5,-0.2567
7321.png,5,-0.245
7322.png,13,-0.23850000000000002
7323.png,13,-0.2295
7324.png,5,-0.5787000000000001
7325.png,5,-0.5700000000000001
7326.png,5,-0.5786999999999999
7327.png,5,-0.5741999999999999
7328.png,5,-0.66825
7329.png,5,-0.66
7330.png,5,-0.76625
7331.png,5,-0.76
7332.png,5,-0.675
7333.png,5,-0.68
7334.png,5,-0.544
7335.png,5,-0.552
7336.png,5,-0.348
7337.png,5,-0.36
7338.png,5,-0.1155
7339.png,5,-0.1305
7340.png,5,0.1892
7341.png,5,0.17
7342.png,5,0.5145
7343.png,5,0.495
7344.png,5,0.70205
7345.png,5,0.6872999999999999
7346.png,5,0.8190000000000001
7347.png,5,0.808
7348.png,5,0.9525
7349.png,5,0.9440000000000001
7350.png,5,0.961
7351.png,5,0.9562499999999999
7352.png,5,0.9682499999999999
7353.png,5,0.9674999999999999
7354.png,5,0.9075
7355.png,5,0.91125
7356.png,5,0.77125
7357.png,5,0.78
7358.png,5,0.5800000000000001
7359.png,5,0.5925
7360.png,5,0.3405
7361.png,5,0.35625
7362.png,5,0.08675000000000001
7363.png,5,0.10400000000000001
7364.png,5,-0.22729999999999997
7365.png,5,-0.20879999999999999
7366.png,5,-0.6215999999999999
7367.png,5,-0.6
7368.png,5,-0.86725
7369.png,5,-0.851
7370.png,5,-1.04395
7371.png,5,-1.03095
7372.png,5,-1.0755000000000001
7373.png,5,-1.068
7374.png,9,-0.6568499999999999
7375.png,9,-0.6566
7376.png,9,-0.5972000000000001
7377.png,9,-0.6027
7378.png,5,-0.80125
7379.png,5,-0.812
7380.png,5,-0.6165
7381.png,5,-0.628
7382.png,5,-0.441
7383.png,5,-0.452
7384.png,5,-0.18425000000000002
7385.png,5,-0.2
7386.png,5,0.1386
7387.png,5,0.1196
7388.png,5,0.5222
7389.png,5,0.5
7390.png,5,0.7569999999999999
7391.png,5,0.7394999999999999
7392.png,5,0.935
7393.png,5,0.92
7394.png,9,0.6688000000000001
7395.png,9,0.65905
7396.png,5,1.10075
7397.png,5,1.095
7398.png,5,1.119
7399.png,5,1.1175
7400.png,5,1.1215
7401.png,5,1.1212499999999999
7402.png,5,0.99025
7403.png,5,0.994
7404.png,5,0.8065000000000001
7405.png,5,0.8190000000000001
7406.png,5,0.6015
7407.png,5,0.61875
7408.png,5,0.30674999999999997
7409.png,5,0.32625
7410.png,5,-0.013750000000000002
7411.png,5,0.0075
7412.png,5,-0.40069999999999995
7413.png,5,-0.37844999999999995
7414.png,5,-0.9014
7415.png,5,-0.875
7416.png,5,-1.1016499999999998
7417.png,5,-1.0831499999999998
7418.png,5,-1.234
7419.png,5,-1.22
7420.png,5,-1.25575
7421.png,5,-1.24875
7422.png,5,-1.18475
7423.png,5,-1.18875
7424.png,5,-1.0167499999999998
7425.png,5,-1.0274999999999999
7426.png,5,-0.7715
7427.png,5,-0.7875
7428.png,5,-0.46749999999999997
7429.png,5,-0.4875
7430.png,5,-0.13325
7431.png,5,-0.156
7432.png,5,0.29105
7433.png,5,0.2668
7434.png,5,0.7421
7435.png,5,0.7176
7436.png,5,1.088
7437.png,5,1.06575
7438.png,5,1.19875
7439.png,5,1.18125
7440.png,5,1.3572499999999998
7441.png,5,1.34625
7442.png,5,1.4182499999999998
7443.png,5,1.4137499999999998
7444.png,5,1.38575
7445.png,5,1.3875
7446.png,5,1.16375
7447.png,5,1.1725
7448.png,5,0.9475
7449.png,5,0.9625
7450.png,5,0.655
7451.png,5,0.6755
7452.png,5,0.34774999999999995
7453.png,5,0.37124999999999997
7454.png,5,-0.04475
7455.png,5,-0.01875
7456.png,5,-0.46335
7457.png,5,-0.43934999999999996
7458.png,5,-0.9131
7459.png,5,-0.89
7460.png,5,-1.0272999999999999
7461.png,5,-1.01355
7462.png,5,-1.1331499999999999
7463.png,5,-1.12665
7464.png,5,-1.0190000000000001
7465.png,5,-1.02
7466.png,5,-0.92225
7467.png,5,-0.928
7468.png,5,-0.758
7469.png,5,-0.768
7470.png,5,-0.5597500000000001
7471.png,5,-0.5720000000000001
7472.png,5,-0.33825
7473.png,5,-0.352
7474.png,5,-0.116
7475.png,5,-0.1305
7476.png,5,0.13845000000000002
7477.png,5,0.1242
7478.png,5,0.1242
7479.png,5,0.3947
7480.png,5,0.38
7481.png,5,0.38
7482.png,5,0.5146
7483.png,5,0.5045999999999999
7484.png,5,0.5045999999999999
7485.png,5,0.5660000000000001
7486.png,5,0.56
7487.png,5,0.594
7488.png,5,0.592
7489.png,5,0.592
7490.png,5,0.5792499999999999
7491.png,5,0.58
7492.png,5,0.52475
7493.png,5,0.528
7494.png,5,0.43025
7495.png,5,0.436
7496.png,5,0.3
7497.png,5,0.308
7498.png,5,0.1465
7499.png,5,0.156
7500.png,5,-0.02355
7501.png,5,-0.013049999999999999
7502.png,5,-0.22235000000000002
7503.png,5,-0.2116
7504.png,13,-0.24810000000000001
7505.png,13,-0.2376
7506.png,13,-0.2376
7507.png,5,-0.54545
7508.png,5,-0.5382
7509.png,5,-0.71595
7510.png,5,-0.7047
7511.png,5,-0.7047
7512.png,5,-0.801
7513.png,5,-0.792
7514.png,5,-0.71975
7515.png,5,-0.724
7516.png,5,-0.5965
7517.png,5,-0.604
7518.png,5,-0.42125
7519.png,5,-0.432
7520.png,5,-0.19824999999999998
7521.png,5,-0.212
7522.png,5,0.05205
7523.png,5,0.0368
7524.png,5,0.36860000000000004
7525.png,5,0.35000000000000003
7526.png,5,0.5805
7527.png,5,0.5655
7528.png,5,0.7324999999999999
7529.png,5,0.72
7530.png,5,0.8644999999999999
7531.png,5,0.856
7532.png,5,0.924
7533.png,5,0.92
7534.png,5,0.8464999999999999
7535.png,5,0.8474999999999999
7536.png,5,0.7354999999999999
7537.png,5,0.7424999999999999
7538.png,5,0.5864999999999999
7539.png,5,0.59625
7540.png,5,0.40825
7541.png,5,0.42
7542.png,5,0.42
7543.png,5,0.22699999999999998
7544.png,5,0.24
7545.png,5,0.24
7546.png,5,0.019
7547.png,5,0.032
7548.png,5,-0.186
7549.png,5,-0.174
7550.png,5,-0.465
7551.png,5,-0.45
7552.png,5,-0.6938000000000001
7553.png,5,-0.68
7554.png,5,-0.7617999999999999
7555.png,5,-0.7525499999999999
7556.png,5,-0.82155
7557.png,5,-0.8178
7558.png,5,-0.7095
7559.png,5,-0.712
7560.png,5,-0.712
7561.png,5,-0.61
7562.png,5,-0.616
7563.png,5,-0.46725000000000005
7564.png,5,-0.47600000000000003
7565.png,5,-0.29325
7566.png,5,-0.304
7567.png,5,-0.09599999999999999
7568.png,5,-0.10874999999999999
7569.png,5,0.1559
7570.png,5,0.14
7571.png,5,0.42090000000000005
7572.png,5,0.405
7573.png,5,0.57775
7574.png,5,0.5655
7575.png,5,0.6815
7576.png,5,0.672
7577.png,5,0.774
7578.png,5,0.768
7579.png,5,0.7765
7580.png,5,0.776
7581.png,5,0.708
7582.png,5,0.712
7583.png,5,0.712
7584.png,5,0.5475
7585.png,5,0.42625
7586.png,5,0.436
7587.png,5,0.436
7588.png,5,0.436
7589.png,5,0.26175000000000004
7590.png,5,0.272
7591.png,5,0.272
7592.png,5,0.10200000000000001
7593.png,5,0.112
7594.png,5,-0.07139999999999999
7595.png,5,-0.060899999999999996
7596.png,5,-0.30319999999999997
7597.png,5,-0.29
7598.png,5,-0.5126
7599.png,5,-0.5
7600.png,5,-0.6345999999999999
7601.png,5,-0.6255999999999999
7602.png,5,-0.6255999999999999
7603.png,5,-0.6836
7604.png,5,-0.6786
7605.png,5,-0.6786
7606.png,5,-0.6602
7607.png,5,-0.6612
7608.png,5,-0.5357500000000001
7609.png,5,-0.54
7610.png,5,-0.421
7611.png,5,-0.428
7612.png,5,-0.29525
7613.png,5,-0.3045
7614.png,5,-0.11345000000000001
7615.png,5,-0.1242
7616.png,5,0.1088
7617.png,5,0.095
7618.png,5,0.3441
7619.png,5,0.33
7620.png,5,0.48489999999999994
7621.png,5,0.47414999999999996
7622.png,5,0.5847500000000001
7623.png,5,0.5760000000000001
7624.png,5,0.66525
7625.png,5,0.66
7626.png,5,0.6897500000000001
7627.png,5,0.6880000000000001
7628.png,5,0.65825
7629.png,5,0.66
7630.png,5,0.5792499999999999
7631.png,5,0.584
7632.png,5,0.448
7633.png,5,0.456
7634.png,5,0.2945
7635.png,5,0.304
7636.png,5,0.1255
7637.png,5,0.136
7638.png,5,-0.0453
7639.png,5,-0.0348
7640.png,5,-0.0348
7641.png,5,-0.22110000000000002
7642.png,5,-0.2116
7643.png,5,-0.2116
7644.png,13,-0.21565
7645.png,13,-0.2079
7646.png,5,-0.49629999999999996
7647.png,5,-0.49
7648.png,5,-0.5235500000000001
7649.png,5,-0.5198
7650.png,5,-0.65255
7651.png,5,-0.6437999999999999
7652.png,5,-0.711
7653.png,5,-0.704
7654.png,5,-0.6445000000000001
7655.png,5,-0.648
7656.png,5,-0.5375000000000001
7657.png,5,-0.544
7658.png,5,-0.374
7659.png,5,-0.384
7660.png,5,-0.18299999999999997
7661.png,5,-0.19574999999999998
7662.png,5,0.05975
7663.png,5,0.046
7664.png,5,0.046
7665.png,5,0.33089999999999997
7666.png,5,0.315
7667.png,5,0.315
7668.png,5,0.4838
7669.png,5,0.4738
7670.png,5,0.4738
7671.png,5,0.5630499999999999
7672.png,5,0.5545
7673.png,5,0.552
7674.png,5,0.552
7675.png,5,0.5477500000000001
7676.png,5,0.548
7677.png,5,0.50975
7678.png,5,0.512
7679.png,5,0.427
7680.png,5,0.432
7681.png,5,0.313
7682.png,5,0.32
7683.png,5,0.1755
7684.png,5,0.184
7685.png,5,0.016099999999999996
7686.png,5,0.026099999999999998
7687.png,5,-0.17125
7688.png,5,-0.161
7689.png,5,-0.3817
7690.png,5,-0.37
7691.png,5,-0.5555
7692.png,5,-0.545
7693.png,5,-0.5983499999999999
7694.png,5,-0.5915999999999999
7695.png,5,-0.6514
7696.png,5,-0.64815
7697.png,5,-0.5875
7698.png,5,-0.588
7699.png,5,-0.52425
7700.png,5,-0.528
7701.png,5,-0.41325
7702.png,5,-0.42
7703.png,5,-0.29114999999999996
7704.png,5,-0.30015
7705.png,5,-0.11855
7706.png,5,-0.1288
7707.png,5,0.0985
7708.png,5,0.085
7709.png,5,0.3288
7710.png,5,0.315
7711.png,5,0.47645
7712.png,5,0.46545
7713.png,5,0.5555
7714.png,5,0.548
7715.png,5,0.5777500000000001
7716.png,5,0.5760000000000001
7717.png,5,0.4995
7718.png,5,0.504
7719.png,5,0.3045
7720.png,5,0.315
7721.png,5,0.06699999999999999
7722.png,5,0.08249999999999999
7723.png,5,-0.26475
7724.png,5,-0.244
7725.png,5,-0.70255
7726.png,5,-0.6808
7727.png,5,-1.1693
7728.png,5,-1.145
7729.png,5,-1.31355
7730.png,5,-1.2963
7731.png,5,-1.4986999999999997
7732.png,5,-1.4876999999999998
7733.png,5,-1.3585
7734.png,5,-1.35375
7735.png,5,-1.3617499999999998
7736.png,5,-1.3612499999999998
7737.png,5,-1.3172499999999998
7738.png,5,-1.3199999999999998
7739.png,5,-1.3679999999999999
7740.png,5,-1.365
7741.png,5,-1.4929999999999999
7742.png,5,-1.4849999999999999
7743.png,5,-1.669
7744.png,5,-1.6575
7745.png,5,-1.615
7746.png,5,-1.60225
7747.png,5,-1.60225
7748.png,5,-1.7562499999999999
7749.png,5,-1.8712499999999999
7750.png,5,-1.86225
7751.png,5,-1.86225
7752.png,5,-1.86225
7753.png,5,-1.89025
7754.png,5,-1.86375
7755.png,5,-1.8655
7756.png,5,-1.8655
7757.png,5,-1.7254999999999998
7758.png,5,-1.7354999999999998
7759.png,5,-1.529
7760.png,5,-1.54375
7761.png,5,-1.29175
7762.png,5,-1.30975
7763.png,5,-1.12175
7764.png,5,-1.141
7765.png,5,-1.141
7766.png,5,-0.841
7767.png,5,-0.861
7768.png,5,-0.861
7769.png,5,-0.6105
7770.png,5,-0.63
7771.png,5,-0.63
7772.png,5,-0.34199999999999997
7773.png,5,-0.36
7774.png,5,-0.11625
7775.png,5,-0.132
7776.png,5,0.07725
7777.png,5,0.06525
7778.png,5,0.2446
7779.png,5,0.23500000000000001
7780.png,5,0.28800000000000003
7781.png,5,0.28500000000000003
7782.png,5,0.20654999999999998
7783.png,5,0.20879999999999999
7784.png,5,0.07999999999999999
7785.png,5,0.087
7786.png,5,0.087
7787.png,5,-0.1117
7788.png,5,-0.1012
7789.png,5,-0.1012
7790.png,5,-0.3856
7791.png,5,-0.37
7792.png,5,-0.37
7793.png,5,-0.6562
7794.png,5,-0.841
7795.png,5,-0.828
7796.png,5,-0.828
7797.png,5,-0.828
7798.png,5,-0.9531999999999999
7799.png,5,-1.05435
7800.png,5,-1.04835
7801.png,5,-1.04835
7802.png,5,-1.032
7803.png,5,-1.028
7804.png,5,-1.028
7805.png,5,-1.0535
7806.png,5,-1.052
7807.png,5,-1.052
7808.png,5,-1.052
7809.png,5,-1.052
7810.png,5,-1.03075
7811.png,5,-1.032
7812.png,5,-1.032
7813.png,5,-0.98525
7814.png,5,-0.92425
7815.png,5,-0.928
7816.png,5,-0.928
7817.png,5,-0.928
7818.png,5,-0.86
7819.png,5,-0.864
7820.png,5,-0.796
7821.png,5,-0.8
7822.png,5,-0.715
7823.png,5,-0.72
7824.png,5,-0.652
7825.png,5,-0.656
7826.png,5,-0.656
7827.png,5,-0.649
7828.png,5,-0.6065
7829.png,5,-0.609
7830.png,5,-0.609
7831.png,5,-0.609
7832.png,5,-0.609
7833.png,5,-0.6826
7834.png,5,-0.6786
7835.png,5,-0.6786
7836.png,5,-0.6786
7837.png,5,-0.8258
7838.png,5,-0.94325
7839.png,5,-0.932
7840.png,5,-0.932
7841.png,5,-1.1615000000000002
7842.png,5,-1.1480000000000001
7843.png,5,-1.32825
7844.png,5,-1.3125
7845.png,5,-1.3125
7846.png,5,-1.5765
7847.png,5,-1.56
7848.png,5,-1.56
7849.png,5,-1.5899999999999999
7850.png,5,-1.7934999999999999
7851.png,5,-1.77775
7852.png,5,-1.77775
7853.png,5,-1.91075
7854.png,5,-1.9012499999999999
7855.png,5,-1.9012499999999999
7856.png,5,-1.95725
7857.png,5,-1.95325
7858.png,5,-1.95325
7859.png,5,-1.9602499999999998
7860.png,5,-1.9597499999999999
7861.png,5,-1.91775
7862.png,5,-1.92075
7863.png,5,-1.92075
7864.png,5,-1.79125
7865.png,5,-1.8005
7866.png,5,-1.8005
7867.png,5,-1.559
7868.png,5,-1.57625
7869.png,5,-1.29625
7870.png,5,-1.31625
7871.png,5,-1.31625
7872.png,5,-1.095
7873.png,5,-1.1165
7874.png,5,-0.79025
7875.png,5,-0.812
7876.png,5,-0.5339999999999999
7877.png,5,-0.5549999999999999
7878.png,5,-0.24300000000000002
7879.png,5,-0.2625
7880.png,5,-0.2625
7881.png,5,0.0005000000000000004
7882.png,5,-0.016
7883.png,5,-0.016
7884.png,5,0.21925
7885.png,5,0.207
7886.png,5,0.207
7887.png,5,0.3787
7888.png,5,0.37
7889.png,5,0.3495
7890.png,5,0.348
7891.png,5,0.348
7892.png,5,0.2698
7893.png,5,0.27404999999999996
7894.png,5,0.11304999999999998
7895.png,5,0.12179999999999999
7896.png,5,-0.09899999999999999
7897.png,5,-0.087
7898.png,5,-0.087
7899.png,5,-0.4074
7900.png,5,-0.39
7901.png,5,-0.39
7902.png,5,-0.7133
7903.png,5,-0.6950000000000001
7904.png,5,-0.9158499999999999
7905.png,5,-0.9016
7906.png,5,-1.0642
7907.png,5,-1.0527
7908.png,5,-1.1952999999999998
7909.png,5,-1.1875499999999999
7910.png,5,-1.19825
7911.png,5,-1.192
7912.png,5,-1.19625
7913.png,5,-1.196
7914.png,5,-1.11525
7915.png,5,-1.12
7916.png,9,-0.5834
7917.png,9,-0.5929
7918.png,5,-0.75125
7919.png,5,-0.764
7920.png,5,-0.5557500000000001
7921.png,5,-0.5680000000000001
7922.png,5,-0.5680000000000001
7923.png,5,-0.3555
7924.png,5,-0.368
7925.png,5,-0.10875
7926.png,5,-0.124
7927.png,5,0.14839999999999998
7928.png,5,0.1334
7929.png,5,0.1334
7930.png,5,0.4365
7931.png,5,0.42
7932.png,5,0.5585999999999999
7933.png,5,0.5480999999999999
7934.png,5,0.61025
7935.png,5,0.604
7936.png,5,0.64225
7937.png,5,0.64
7938.png,5,0.623
7939.png,5,0.624
7940.png,5,0.624
7941.png,5,0.5645000000000001
7942.png,5,0.5680000000000001
7943.png,5,0.466
7944.png,5,0.47200000000000003
7945.png,5,0.47200000000000003
7946.png,5,0.34025000000000005
7947.png,5,0.34800000000000003
7948.png,5,0.195
7949.png,5,0.20400000000000001
7950.png,5,0.20400000000000001
7951.png,5,0.047049999999999995
7952.png,5,0.056549999999999996
7953.png,5,-0.09985
7954.png,5,-0.09134999999999999
7955.png,5,-0.09134999999999999
7956.png,5,-0.2693
7957.png,5,-0.26
7958.png,13,-0.21120000000000003
7959.png,13,-0.20520000000000002
7960.png,5,-0.4542
7961.png,5,-0.45
7962.png,5,-0.45
7963.png,5,-0.5295
7964.png,5,-0.522
7965.png,5,-0.5862499999999999
7966.png,5,-0.58
7967.png,5,-0.51625
7968.png,5,-0.52
7969.png,5,-0.40525000000000005
7970.png,5,-0.41200000000000003
7971.png,5,-0.41200000000000003
7972.png,5,-0.29164999999999996
7973.png,5,-0.30015
7974.png,5,-0.1331
7975.png,5,-0.1426
7976.png,5,0.046400000000000004
7977.png,5,0.035
7978.png,5,0.2205
7979.png,5,0.21
7980.png,5,0.33385
7981.png,5,0.3266
7982.png,5,0.3266
7983.png,5,0.39165
7984.png,5,0.38715
7985.png,5,0.42854999999999993
7986.png,5,0.42629999999999996
7987.png,5,0.42629999999999996
7988.png,5,0.38775000000000004
7989.png,5,0.388
7990.png,5,0.34975
7991.png,5,0.352
7992.png,5,0.352
7993.png,5,0.28825
7994.png,5,0.292
7995.png,5,0.21125
7996.png,5,0.216
7997.png,5,0.13829999999999998
7998.png,5,0.14354999999999998
7999.png,5,0.14354999999999998
8000.png,5,0.03775
8001.png,5,0.0435
8002.png,5,0.0435
8003.png,5,-0.05585
8004.png,5,-0.0506
8005.png,5,-0.0506
8006.png,5,-0.161
8007.png,5,-0.155
8008.png,5,-0.22920000000000001
8009.png,5,-0.225
8010.png,5,-0.2886
8011.png,5,-0.3327
8012.png,5,-0.33
8013.png,5,-0.33
8014.png,5,-0.3406
8015.png,5,-0.34
8016.png,5,-0.3082
8017.png,5,-0.31
8018.png,5,-0.2411
8019.png,5,-0.245
8020.png,5,-0.13899999999999998
8021.png,5,-0.028400000000000005
8022.png,5,-0.035
8023.png,5,-0.035
8024.png,5,0.1134
8025.png,5,0.105
8026.png,5,0.23220000000000002
8027.png,5,0.225
8028.png,5,0.2846
8029.png,5,0.2806
8030.png,5,0.32055
8031.png,5,0.34054999999999996
8032.png,5,0.3393
8033.png,5,0.3393
8034.png,5,0.295
8035.png,5,0.296
8036.png,5,0.2365
8037.png,5,0.24
8038.png,5,0.1644
8039.png,5,0.16965
8040.png,5,0.059250000000000004
8041.png,5,0.06525
8042.png,5,-0.06195
8043.png,5,-0.219
8044.png,5,-0.21
8045.png,5,-0.21
8046.png,13,-0.19895000000000002
8047.png,5,-0.4557
8048.png,5,-0.45
8049.png,5,-0.45
8050.png,5,-0.46735
8051.png,5,-0.4646
8052.png,5,-0.47914999999999996
8053.png,5,-0.4784
8054.png,5,-0.411
8055.png,5,-0.41324999999999995
8056.png,5,-0.33964999999999995
8057.png,5,-0.2567
8058.png,5,-0.2622
8059.png,5,-0.2622
8060.png,5,-0.1472
8061.png,5,-0.0172
8062.png,5,-0.025
8063.png,5,-0.025
8064.png,5,0.1128
8065.png,5,0.105
8066.png,5,0.1936
8067.png,5,0.1886
8068.png,5,0.25194999999999995
8069.png,5,0.24794999999999998
8070.png,5,0.2985499999999999
8071.png,5,0.29579999999999995
8072.png,5,0.3188
8073.png,5,0.31755
8074.png,5,0.27075000000000005
8075.png,5,0.272
8076.png,5,0.22525
8077.png,5,0.228
8078.png,5,0.16515
8079.png,5,0.16965
8080.png,5,0.06844999999999998
8081.png,5,0.07394999999999999
8082.png,5,-0.0576
8083.png,5,-0.0506
8084.png,5,-0.2034
8085.png,5,-0.195
8086.png,5,-0.3328
8087.png,5,-0.325
8088.png,5,-0.4469
8089.png,5,-0.44
8090.png,5,-0.4921
8091.png,5,-0.4876
8092.png,5,-0.5264
8093.png,5,-0.5244
8094.png,5,-0.4821
8095.png,5,-0.48284999999999995
8096.png,5,-0.42765
8097.png,5,-0.43065
8098.png,5,-0.33864999999999995
8099.png,5,-0.34364999999999996
8100.png,5,-0.23245
8101.png,5,-0.2392
8102.png,5,-0.0957
8103.png,5,-0.105
8104.png,13,0.0259
8105.png,13,0.0189
8106.png,5,0.15345
8107.png,5,0.1472
8108.png,5,0.2588
8109.png,5,0.25229999999999997
8110.png,5,0.36729999999999996
8111.png,5,0.36105
8112.png,5,0.4425
8113.png,5,0.436
8114.png,5,0.48274999999999996
8115.png,5,0.48
8116.png,5,0.497
8117.png,5,0.496
8118.png,5,0.47050000000000003
8119.png,5,0.47200000000000003
8120.png,5,0.41675
8121.png,5,0.42
8122.png,5,0.33075000000000004
8123.png,5,0.336
8124.png,5,0.22125
8125.png,5,0.228
8126.png,5,0.10994999999999999
8127.png,5,0.11745
8128.png,5,-0.02515
8129.png,5,-0.0174
8130.png,5,-0.17900000000000002
8131.png,5,-0.17
8132.png,13,-0.17440000000000003
8133.png,13,-0.16740000000000002
8134.png,5,-0.4213
8135.png,5,-0.41500000000000004
8136.png,5,-0.44
8137.png,5,-0.437
8138.png,5,-0.51445
8139.png,5,-0.50895
8140.png,5,-0.51475
8141.png,5,-0.512
8142.png,5,-0.4185
8143.png,5,-0.424
8144.png,5,-0.3093
8145.png,5,-0.31755
8146.png,5,-0.11975000000000001
8147.png,5,-0.1305
8148.png,5,0.115
8149.png,5,0.1
8150.png,5,0.3756
8151.png,5,0.36
8152.png,5,0.5478
8153.png,5,0.5350499999999999
8154.png,5,0.7374499999999999
8155.png,5,0.7264499999999999
8156.png,5,0.7997500000000001
8157.png,5,0.792
8158.png,5,0.85575
8159.png,5,0.852
8160.png,5,0.852
8161.png,5,0.852
8162.png,5,0.73475
8163.png,5,0.73875
8164.png,5,0.61875
8165.png,5,0.62625
8166.png,5,0.4895
8167.png,5,0.5
8168.png,5,0.2875
8169.png,5,0.3
8170.png,5,0.06625
8171.png,5,0.08
8172.png,5,-0.1752
8173.png,5,-0.16094999999999998
8174.png,5,-0.4712
8175.png,5,-0.455
8176.png,5,-0.6514
8177.png,5,-0.6394
8178.png,5,-0.7610499999999999
8179.png,5,-0.7525499999999999
8180.png,5,-0.8307499999999999
8181.png,5,-0.8264999999999999
8182.png,5,-0.74725
8183.png,5,-0.748
8184.png,5,-0.6587500000000001
8185.png,5,-0.664
8186.png,5,-0.49825
8187.png,5,-0.508
8188.png,5,-0.2955
8189.png,5,-0.308
8190.png,5,-0.05894999999999999
8191.png,5,-0.07394999999999999
8192.png,5,0.2648
8193.png,5,0.245
8194.png,5,0.5358
8195.png,5,0.5198
8196.png,5,0.7767499999999999
8197.png,5,0.76125
8198.png,5,0.89975
8199.png,5,0.888
8200.png,9,0.6248999999999999
8201.png,9,0.6174
8202.png,5,1.0505
8203.png,5,1.048
8204.png,5,0.9425
8205.png,5,0.945
8206.png,5,0.9009999999999999
8207.png,5,0.9037499999999999
8208.png,5,0.81575
8209.png,5,0.8212499999999999
8210.png,5,0.62525
8211.png,5,0.6375
8212.png,5,0.40549999999999997
8213.png,5,0.42
8214.png,5,0.15899999999999997
8215.png,5,0.176
8216.png,5,-0.13979999999999998
8217.png,5,-0.12179999999999999
8218.png,5,-0.511
8219.png,5,-0.49
8220.png,5,-0.7612
8221.png,5,-0.7452
8222.png,5,-0.9393
8223.png,5,-0.92655
8224.png,9,-0.60015
8225.png,9,-0.5929
8226.png,9,-0.6091
8227.png,9,-0.6076
8228.png,9,-0.5562999999999999
8229.png,9,-0.5610499999999999
8230.png,5,-0.8267500000000001
8231.png,5,-0.8320000000000001
8232.png,5,-0.6839999999999999
8233.png,5,-0.69
8234.png,5,-0.522
8235.png,5,-0.5325
8236.png,5,-0.3045
8237.png,5,-0.32
8238.png,5,-0.0012500000000000011
8239.png,5,-0.02
8240.png,5,0.399
8241.png,5,0.375
8242.png,5,0.73785
8243.png,5,0.7176
8244.png,5,1.0144
8245.png,5,0.99615
8246.png,5,1.1625
8247.png,5,1.1480000000000001
8248.png,5,1.19625
8249.png,5,1.18875
8250.png,5,1.21275
8251.png,5,1.21125
8252.png,5,1.1432499999999999
8253.png,5,1.1475
8254.png,5,0.9914999999999999
8255.png,5,1.00125
8256.png,5,0.78525
8257.png,5,0.79875
8258.png,5,0.51875
8259.png,5,0.53625
8260.png,5,0.20825
8261.png,5,0.22874999999999998
8262.png,5,-0.10025
8263.png,5,-0.08
8264.png,5,-0.5134
8265.png,5,-0.49
8266.png,5,-0.80485
8267.png,5,-0.7866
8268.png,5,-1.0244499999999999
8269.png,5,-1.0091999999999999
8270.png,9,-0.6737
8271.png,9,-0.6639499999999999
8272.png,5,-1.07225
8273.png,5,-1.0687499999999999
8274.png,5,-1.0247499999999998
8275.png,5,-1.0274999999999999
8276.png,5,-0.9715
8277.png,5,-0.975
8278.png,5,-0.887
8279.png,5,-0.8925
8280.png,5,-0.6605
8281.png,5,-0.6749999999999999
8282.png,5,-0.391
8283.png,5,-0.40875
8284.png,5,-0.09175
8285.png,5,-0.112
8286.png,5,0.29800000000000004
8287.png,5,0.276
8288.png,5,0.7611
8289.png,5,0.735
8290.png,5,0.9936499999999999
8291.png,5,0.9743999999999999
8292.png,9,0.7081000000000001
8293.png,9,0.69335
8294.png,5,1.18925
8295.png,5,1.18125
8296.png,5,1.19725
8297.png,5,1.19625
8298.png,5,1.2042499999999998
8299.png,5,1.2037499999999999
8300.png,5,1.07475
8301.png,5,1.078
8302.png,5,0.8755000000000001
8303.png,5,0.889
8304.png,5,0.619
8305.png,5,0.637
8306.png,5,0.3345
8307.png,5,0.35625
8308.png,5,-0.01575
8309.png,5,0.0075
8310.png,5,-0.43749999999999994
8311.png,5,-0.41324999999999995
8312.png,5,-0.9944
8313.png,5,-0.965
8314.png,5,-1.21215
8315.png,5,-1.1919
8316.png,5,-1.2834999999999999
8317.png,5,-1.2674999999999998
8318.png,5,-1.3995
8319.png,5,-1.3912499999999999
8320.png,5,-1.37525
8321.png,5,-1.37625
8322.png,5,-1.26425
8323.png,5,-1.27125
8324.png,5,-1.06725
8325.png,5,-1.08
8326.png,5,-0.7919999999999999
8327.png,5,-0.8099999999999999
8328.png,5,-0.44999999999999996
8329.png,5,-0.4725
8330.png,5,-0.0685
8331.png,5,-0.09375
8332.png,5,0.3991
8333.png,5,0.3726
8334.png,5,0.8866999999999999
8335.png,5,0.8602
8336.png,5,1.2366499999999998
8337.png,5,1.21365
8338.png,5,1.33025
8339.png,5,1.3125
8340.png,5,1.4725
8341.png,5,1.4625
8342.png,5,1.4745
8343.png,5,1.47375
8344.png,5,1.36975
8345.png,5,1.37625
8346.png,5,1.09325
8347.png,5,1.106
8348.png,5,0.8285
8349.png,5,0.847
8350.png,5,0.5275
8351.png,5,0.55125
8352.png,5,0.13525
8353.png,5,0.16125
8354.png,5,-0.29550000000000004
8355.png,5,-0.268
8356.png,13,-0.5024500000000001
8357.png,13,-0.4752
8358.png,5,-1.2348
8359.png,5,-1.2092999999999998
8360.png,5,-1.3665
8361.png,5,-1.34625
8362.png,5,-1.59725
8363.png,5,-1.5665
8364.png,5,-1.8989999999999998
8365.png,5,-1.8752499999999999
8366.png,5,-1.82275
8367.png,5,-1.8265
8368.png,5,-1.6654999999999998
8369.png,5,-1.6769999999999998
8370.png,5,-1.6769999999999998
8371.png,5,-1.4005
8372.png,5,-1.42025
8373.png,5,-1.147
8374.png,5,-1.1725
8375.png,5,-0.7000000000000001
8376.png,5,-0.7315
8377.png,5,-0.22374999999999998
8378.png,5,-0.25875
8379.png,5,0.3785
8380.png,5,0.34
8381.png,5,1.2624
8382.png,5,1.215
8383.png,5,1.73325
8384.png,5,1.6965
8385.png,5,1.698
8386.png,5,1.66725
8387.png,5,1.89475
8388.png,5,1.8784999999999998
8389.png,5,1.9029999999999998
8390.png,5,1.9012499999999999
8391.png,5,1.8452499999999998
8392.png,5,1.8492499999999998
8393.png,5,1.67075
8394.png,5,1.6835
8395.png,5,1.4
8396.png,5,1.42025
8397.png,5,1.18075
8398.png,5,1.204
8399.png,5,0.7915000000000001
8400.png,5,0.8190000000000001
8401.png,5,0.3765
8402.png,5,0.406
8403.png,5,0.406
8404.png,5,-0.065
8405.png,5,-0.03375
8406.png,5,-0.03375
8407.png,5,-0.5417500000000001
8408.png,5,-0.512
8409.png,5,-1.1911999999999998
8410.png,5,-1.16
8411.png,5,-1.16
8412.png,9,-0.7763
8413.png,9,-0.75705
8414.png,9,-0.75705
8415.png,5,-1.3067499999999999
8416.png,5,-1.4615
8417.png,5,-1.45125
8418.png,5,-1.45125
8419.png,5,-1.54725
8420.png,5,-1.54125
8421.png,5,-1.54125
8422.png,5,-1.36125
8423.png,5,-1.3725
8424.png,5,-1.3725
8425.png,5,-1.026
8426.png,5,-0.728
8427.png,5,-0.749
8428.png,5,-0.749
8429.png,5,-0.46649999999999997
8430.png,5,-0.4875
8431.png,5,-0.1635
8432.png,5,-0.18375
8433.png,5,-0.18375
8434.png,5,0.16525
8435.png,5,0.14400000000000002
8436.png,5,0.14400000000000002
8437.png,5,0.5934
8438.png,5,0.5700000000000001
8439.png,5,0.5700000000000001
8440.png,5,0.7857
8441.png,5,0.7699499999999999
8442.png,5,0.7699499999999999
8443.png,5,0.94935
8444.png,5,0.9396
8445.png,5,0.9396
8446.png,5,0.9235
8447.png,5,0.92
8448.png,5,0.8945000000000001
8449.png,5,0.896
8450.png,5,0.794
8451.png,5,0.8
8452.png,5,0.606
8453.png,5,0.615
8454.png,5,0.469
8455.png,5,0.48
8456.png,5,0.27175000000000005
8457.png,5,0.28400000000000003
8458.png,5,0.07150000000000001
8459.png,5,0.084
8460.png,5,-0.13405
8461.png,5,-0.12179999999999999
8462.png,5,-0.12179999999999999
8463.png,5,-0.36260000000000003
8464.png,5,-0.35000000000000003
8465.png,5,-0.5302
8466.png,5,-0.52
8467.png,5,-0.5754
8468.png,5,-0.5704
8469.png,5,-0.5623999999999999
8470.png,5,-0.5611499999999999
8471.png,5,-0.5611499999999999
8472.png,5,-0.5289499999999999
8473.png,5,-0.5307
8474.png,5,-0.5307
8475.png,5,-0.45709999999999995
8476.png,5,-0.46109999999999995
8477.png,5,-0.3553
8478.png,5,-0.36105
8479.png,5,-0.23224999999999998
8480.png,5,-0.23925
8481.png,5,-0.10749999999999998
8482.png,5,-0.11499999999999999
8483.png,5,0.034
8484.png,5,0.025
8485.png,13,0.09315000000000001
8486.png,13,0.0864
8487.png,13,0.0864
8488.png,5,0.2766
8489.png,5,0.27
8490.png,5,0.27
8491.png,5,0.3591
8492.png,5,0.35235
8493.png,5,0.35235
8494.png,5,0.44434999999999997
8495.png,5,0.43934999999999996
8496.png,5,0.3955
8497.png,5,0.396
8498.png,5,0.34925
8499.png,5,0.352
8500.png,5,0.352
8501.png,5,0.27125000000000005
8502.png,5,0.276
8503.png,5,0.276
8504.png,5,0.18514999999999998
8505.png,5,0.1914
8506.png,5,0.1914
8507.png,5,0.06719999999999998
8508.png,5,0.07394999999999999
8509.png,5,0.07394999999999999
8510.png,5,-0.04305
8511.png,5,-0.0368
8512.png,5,-0.16720000000000002
8513.png,5,-0.16
8514.png,13,-0.15130000000000002
8515.png,13,-0.1458
8516.png,13,-0.1458
8517.png,5,-0.3813
8518.png,5,-0.47345
8519.png,5,-0.46545
8520.png,5,-0.46545
8521.png,5,-0.62775
8522.png,5,-0.616
8523.png,5,-0.6925
8524.png,5,-0.6880000000000001
8525.png,5,-0.603
8526.png,5,-0.608
8527.png,5,-0.608
8528.png,5,-0.455
8529.png,5,-0.464
8530.png,5,-0.464
8531.png,5,-0.2855
8532.png,5,-0.296
8533.png,5,-0.296
8534.png,5,-0.1103
8535.png,5,-0.12179999999999999
8536.png,5,-0.12179999999999999
8537.png,5,0.08944999999999999
8538.png,5,0.07819999999999999
8539.png,5,0.07819999999999999
8540.png,13,0.16390000000000002
8541.png,13,0.1539
8542.png,13,0.1539
8543.png,5,0.4174
8544.png,5,0.4094
8545.png,5,0.5803499999999999
8546.png,5,0.56985
8547.png,5,0.77475
8548.png,5,0.8245
8549.png,5,0.8175
8550.png,5,0.8175
8551.png,5,0.7935
8552.png,5,0.699
8553.png,5,0.705
8554.png,5,0.705
8555.png,5,0.529
8556.png,5,0.33199999999999996
8557.png,5,0.345
8558.png,5,0.10875
8559.png,5,0.124
8560.png,5,0.124
8561.png,5,-0.14575
8562.png,5,-0.1305
8563.png,5,-0.4362
8564.png,5,-0.6744
8565.png,5,-0.66
8566.png,5,-0.7811999999999999
8567.png,5,-0.7699499999999999
8568.png,5,-0.7699499999999999
8569.png,5,-0.79725
8570.png,5,-0.792
8571.png,5,-0.7665000000000001
8572.png,5,-0.768
8573.png,5,-0.68725
8574.png,5,-0.5645000000000001
8575.png,5,-0.5720000000000001
8576.png,5,-0.3935
8577.png,5,-0.404
8578.png,5,-0.19999999999999998
8579.png,5,-0.212
8580.png,5,-0.018949999999999998
8581.png,5,-0.030449999999999998
8582.png,5,-0.030449999999999998
8583.png,5,0.1929
8584.png,5,0.18
8585.png,5,0.3655
8586.png,5,0.355
8587.png,5,0.45144999999999996
8588.png,5,0.4437
8589.png,5,0.5632999999999999
8590.png,5,0.56725
8591.png,5,0.5640000000000001
8592.png,5,0.5640000000000001
8593.png,5,0.56825
8594.png,5,0.5680000000000001
8595.png,5,0.5255000000000001
8596.png,5,0.528
8597.png,5,0.4345
8598.png,5,0.44
8599.png,5,0.30825
8600.png,5,0.316
8601.png,5,0.15875
8602.png,5,0.168
8603.png,5,-0.0151
8604.png,5,-0.00435
8605.png,5,-0.2329
8606.png,5,-0.22
8607.png,5,-0.43729999999999997
8608.png,5,-0.425
8609.png,5,-0.5607500000000001
8610.png,5,-0.552
8611.png,5,-0.6416
8612.png,5,-0.635
8613.png,5,-0.632
8614.png,5,-0.632
8615.png,5,-0.62775
8616.png,5,-0.56425
8617.png,5,-0.5680000000000001
8618.png,5,-0.5680000000000001
8619.png,5,-0.4575
8620.png,5,-0.464
8621.png,5,-0.32375000000000004
8622.png,5,-0.332
8623.png,5,-0.17704999999999999
8624.png,5,-0.18705
8625.png,5,0.0253
8626.png,5,0.0138
8627.png,13,0.14970000000000003
8628.png,13,0.13770000000000002
8629.png,5,0.45285
8630.png,5,0.4416
8631.png,5,0.5923999999999999
8632.png,5,0.5829
8633.png,5,0.757
8634.png,5,0.744
8635.png,5,0.914
8636.png,5,0.8474999999999999
8637.png,5,0.8474999999999999
8638.png,5,0.8474999999999999
8639.png,5,0.7755000000000001
8640.png,5,0.78
8641.png,5,0.6399999999999999
8642.png,5,0.6487499999999999
8643.png,5,0.45275
8644.png,5,0.46499999999999997
8645.png,5,0.241
8646.png,5,0.256
8647.png,5,-0.0245
8648.png,5,-0.008
8649.png,5,-0.339
8650.png,5,-0.322
8651.png,5,-0.7051000000000001
8652.png,5,-0.685
8653.png,5,-0.8627499999999999
8654.png,5,-0.84825
8655.png,5,-0.9627500000000001
8656.png,5,-0.9520000000000001
8657.png,5,-1.03275
8658.png,5,-1.028
8659.png,5,-0.99825
8660.png,5,-1.0
8661.png,5,-0.8725
8662.png,5,-0.88
8663.png,5,-0.6845000000000001
8664.png,5,-0.6960000000000001
8665.png,5,-0.458
8666.png,5,-0.47200000000000003
8667.png,5,-0.47200000000000003
8668.png,5,-0.21700000000000003
8669.png,5,-0.232
8670.png,5,-0.232
8671.png,5,0.0237
8672.png,5,0.0087
8673.png,5,0.30679999999999996
8674.png,5,0.29
8675.png,5,0.5287
8676.png,5,0.5152
8677.png,5,0.7172
8678.png,5,0.7047
8679.png,5,0.8095
8680.png,5,0.8
8681.png,5,0.885
8682.png,5,0.88
8683.png,5,0.88
8684.png,5,0.88
8685.png,5,0.761
8686.png,5,0.765
8687.png,5,0.637
8688.png,5,0.645
8689.png,5,0.45299999999999996
8690.png,5,0.46499999999999997
8691.png,5,0.258
8692.png,5,0.272
8693.png,5,0.0085
8694.png,5,0.024
8695.png,5,-0.29250000000000004
8696.png,5,-0.276
8697.png,5,-0.6285999999999999
8698.png,5,-0.61
8699.png,5,-0.61
8700.png,5,-0.7422999999999998
8701.png,5,-0.7307999999999999
8702.png,5,-0.8228
8703.png,5,-0.8178
8704.png,5,-0.7435
8705.png,5,-0.744
8706.png,5,-0.744
8707.png,5,-0.6675000000000001
8708.png,5,-0.5487500000000001
8709.png,5,-0.556
8710.png,5,-0.556
8711.png,5,-0.3945
8712.png,5,-0.404
8713.png,5,-0.23694999999999997
8714.png,5,-0.24794999999999998
8715.png,5,-0.0294
8716.png,5,-0.0414
8717.png,5,0.2359
8718.png,5,0.22
8719.png,5,0.4449
8720.png,5,0.4324
8721.png,5,0.6204999999999999
8722.png,5,0.609
8723.png,5,0.70025
8724.png,5,0.6920000000000001
8725.png,5,0.7685
8726.png,5,0.764
8727.png,5,0.76825
8728.png,5,0.768
8729.png,5,0.7085
8730.png,5,0.712
8731.png,5,0.59725
8732.png,5,0.604
8733.png,5,0.42975
8734.png,5,0.44
8735.png,5,0.219
8736.png,5,0.232
8737.png,5,0.011
8738.png,5,0.024
8739.png,5,-0.1955
8740.png,5,-0.184
8741.png,5,-0.184
8742.png,5,-0.41200000000000003
8743.png,5,-0.4
8744.png,5,-0.4
8745.png,5,-0.5484
8746.png,5,-0.54
8747.png,5,-0.5434
8748.png,5,-0.5394
8749.png,5,-0.5578
8750.png,5,-0.5568
8751.png,5,-0.5337999999999999
8752.png,5,-0.5350499999999999
8753.png,5,-0.41975
8754.png,5,-0.424
8755.png,5,-0.34149999999999997
8756.png,5,-0.348
8757.png,5,-0.20079999999999998
8758.png,5,-0.20879999999999999
8759.png,5,-0.04135
8760.png,5,-0.0506
8761.png,5,0.157
8762.png,5,0.145
8763.png,5,0.3252
8764.png,5,0.315
8765.png,5,0.40135
8766.png,5,0.3956
8767.png,5,0.3956
8768.png,5,0.4201
8769.png,5,0.41759999999999997
8770.png,5,0.41759999999999997
8771.png,5,0.41759999999999997
8772.png,5,0.41759999999999997
8773.png,5,0.34575000000000006
8774.png,5,0.34800000000000003
8775.png,5,0.34800000000000003
8776.png,5,0.28425000000000006
8777.png,5,0.28800000000000003
8778.png,5,0.22579999999999997
8779.png,5,0.23054999999999998
8780.png,5,0.23054999999999998
8781.png,5,0.13394999999999999
8782.png,5,0.1392
8783.png,5,0.03565
8784.png,5,0.0414
8785.png,5,-0.0822
8786.png,5,-0.075
8787.png,5,-0.21280000000000002
8788.png,5,-0.20500000000000002
8789.png,5,-0.3216
8790.png,5,-0.315
8791.png,5,-0.41040000000000004
8792.png,5,-0.405
8793.png,5,-0.42595
8794.png,5,-0.4232
8795.png,5,-0.39099999999999996
8796.png,5,-0.39149999999999996
8797.png,5,-0.3363
8798.png,5,-0.3393
8799.png,5,-0.3393
8800.png,5,-0.26665
8801.png,5,-0.2714
8802.png,5,-0.2714
8803.png,5,-0.16955
8804.png,5,-0.1748
8805.png,5,-0.1748
8806.png,5,-0.06280000000000001
8807.png,5,-0.07
8808.png,5,-0.07
8809.png,5,0.051899999999999995
8810.png,5,0.045
8811.png,5,0.045
8812.png,5,0.1563
8813.png,5,0.2348
8814.png,5,0.23
8815.png,5,0.23
8816.png,5,0.27464999999999995
8817.png,5,0.2714
8818.png,5,0.28884999999999994
8819.png,5,0.28709999999999997
8820.png,5,0.28250000000000003
8821.png,5,0.28275
8822.png,5,0.25515
8823.png,5,0.25665
8824.png,5,0.21064999999999998
8825.png,5,0.21314999999999998
8826.png,5,0.13954999999999998
8827.png,5,0.14354999999999998
8828.png,5,0.0645
8829.png,5,0.069
8830.png,5,-0.0363
8831.png,5,-0.03
8832.png,5,-0.1413
8833.png,5,-0.135
8834.png,13,-0.12895
8835.png,13,-0.1242
8836.png,5,-0.3148
8837.png,5,-0.31
8838.png,5,-0.33854999999999996
8839.png,5,-0.3358
8840.png,5,-0.3358
8841.png,5,-0.3358
8842.png,5,-0.3358
8843.png,5,-0.3358
8844.png,5,-0.297
8845.png,5,-0.299
8846.png,5,-0.2311
8847.png,5,-0.2346
8848.png,5,-0.2346
8849.png,5,-0.15960000000000002
8850.png,5,-0.165
8851.png,5,-0.165
8852.png,5,-0.059000000000000004
8853.png,5,-0.065
8854.png,5,-0.065
8855.png,13,0.0239
8856.png,13,0.0189
8857.png,5,0.1304
8858.png,5,0.125
8859.png,5,0.125
8860.png,5,0.22039999999999998
8861.png,5,0.215
8862.png,5,0.27054999999999996
8863.png,5,0.2668
8864.png,5,0.27529999999999993
8865.png,5,0.27404999999999996
8866.png,5,0.27404999999999996
8867.png,5,0.27404999999999996
8868.png,5,0.24184999999999998
8869.png,5,0.24359999999999998
8870.png,5,0.18839999999999998
8871.png,5,0.1914
8872.png,5,0.11779999999999999
8873.png,5,0.12179999999999999
8874.png,5,0.03665
8875.png,5,0.0414
8876.png,5,-0.0663
8877.png,5,-0.06
8878.png,5,-0.1713
8879.png,5,-0.165
8880.png,5,-0.2657
8881.png,5,-0.26
8882.png,5,-0.3183
8883.png,5,-0.315
8884.png,5,-0.3256
8885.png,5,-0.325
8886.png,5,-0.325
8887.png,5,-0.2699
8888.png,5,-0.2714
8889.png,5,-0.2714
8890.png,5,-0.22610000000000002
8891.png,5,-0.23
8892.png,5,-0.1505
8893.png,5,-0.155
8894.png,5,-0.049
8895.png,5,-0.055
8896.png,13,0.03225
8897.png,13,0.027000000000000003
8898.png,5,0.1666
8899.png,5,0.16
8900.png,5,0.2442
8901.png,5,0.2392
8902.png,5,0.33199999999999996
8903.png,5,0.32625
8904.png,5,0.40904999999999997
8905.png,5,0.40454999999999997
8906.png,5,0.3805
8907.png,5,0.38
8908.png,5,0.3545
8909.png,5,0.356
8910.png,5,0.2965
8911.png,5,0.3
8912.png,5,0.22504999999999997
8913.png,5,0.23054999999999998
8914.png,5,0.11095
8915.png,5,0.11745
8916.png,5,-0.01645
8917.png,5,-0.0092
8918.png,5,-0.1743
8919.png,5,-0.165
8920.png,5,-0.165
8921.png,13,-0.1658
8922.png,13,-0.1593
8923.png,13,-0.1593
8924.png,5,-0.3745
8925.png,5,-0.37
8926.png,5,-0.44609999999999994
8927.png,5,-0.43934999999999996
8928.png,5,-0.43934999999999996
8929.png,5,-0.4975
8930.png,5,-0.492
8931.png,5,-0.44525000000000003
8932.png,5,-0.448
8933.png,5,-0.36725
8934.png,5,-0.372
8935.png,5,-0.28035
8936.png,5,-0.28709999999999997
8937.png,5,-0.1261
8938.png,5,-0.13485
8939.png,5,0.046400000000000004
8940.png,5,0.035
8941.png,5,0.2417
8942.png,5,0.23
8943.png,5,0.3959
8944.png,5,0.38639999999999997
8945.png,5,0.485
8946.png,5,0.4785
8947.png,5,0.47825
8948.png,5,0.47600000000000003
8949.png,5,0.46325000000000005
8950.png,5,0.464
8951.png,5,0.41300000000000003
8952.png,5,0.41600000000000004
8953.png,5,0.33525000000000005
8954.png,5,0.34
8955.png,5,0.238
8956.png,5,0.244
8957.png,5,0.244
8958.png,5,0.14575
8959.png,5,0.15225
8960.png,5,0.02805
8961.png,5,0.0348
8962.png,5,-0.10385
8963.png,5,-0.09659999999999999
8964.png,5,-0.264
8965.png,5,-0.255
8966.png,5,-0.255
8967.png,5,-0.3981
8968.png,5,-0.39
8969.png,5,-0.39
8970.png,5,-0.4364
8971.png,5,-0.4324
8972.png,5,-0.4324
8973.png,5,-0.41809999999999997
8974.png,5,-0.41759999999999997
8975.png,5,-0.3762
8976.png,5,-0.37844999999999995
8977.png,5,-0.30484999999999995
8978.png,5,-0.30884999999999996
8979.png,5,-0.21989999999999998
8980.png,5,-0.2254
8981.png,5,-0.1072
8982.png,5,-0.115
8983.png,5,0.0387
8984.png,5,0.03
8985.png,5,0.189
8986.png,5,0.18
8987.png,5,0.30624999999999997
8988.png,5,0.299
8989.png,5,0.38854999999999995
8990.png,5,0.3828
8991.png,5,0.44259999999999994
8992.png,5,0.43934999999999996
8993.png,5,0.39975000000000005
8994.png,5,0.4
8995.png,5,0.35325
8996.png,5,0.356
8997.png,5,0.288
8998.png,5,0.292
8999.png,5,0.22094999999999998
9000.png,5,0.22619999999999998
9001.png,5,0.22619999999999998
9002.png,5,0.12039999999999998
9003.png,5,0.12614999999999998
9004.png,5,0.017
9005.png,5,0.023
9006.png,5,-0.1128
9007.png,5,-0.105
9008.png,5,-0.2481
9009.png,5,-0.24
9010.png,5,-0.3619
9011.png,5,-0.355
9012.png,5,-0.3945
9013.png,5,-0.391
9014.png,5,-0.391
9015.png,5,-0.39585
9016.png,5,-0.3956
9017.png,5,-0.3568
9018.png,5,-0.3588
9019.png,5,-0.28605
9020.png,5,-0.2898
9021.png,5,-0.1928
9022.png,5,-0.1978
9023.png,5,-0.0772
9024.png,5,-0.085
9025.png,5,0.0634
9026.png,5,0.055
9027.png,5,0.2087
9028.png,5,0.2
9029.png,5,0.3101
9030.png,5,0.3036
9031.png,5,0.36529999999999996
9032.png,5,0.36105
9033.png,5,0.37944999999999995
9034.png,5,0.37844999999999995
9035.png,5,0.37844999999999995
9036.png,5,0.36005
9037.png,5,0.36105
9038.png,5,0.30584999999999996
9039.png,5,0.30884999999999996
9040.png,5,0.30884999999999996
9041.png,5,0.23525
9042.png,5,0.23925
9043.png,5,0.23925
9044.png,5,0.14264999999999997
9045.png,5,0.14789999999999998
9046.png,5,0.14789999999999998
9047.png,5,0.05455
9048.png,5,-0.0469
9049.png,5,-0.0414
9050.png,5,-0.0414
9051.png,5,-0.1563
9052.png,5,-0.15
9053.png,13,-0.1341
9054.png,13,-0.1296
9055.png,5,-0.3089
9056.png,5,-0.305
9057.png,5,-0.358
9058.png,5,-0.355
9059.png,5,-0.39624999999999994
9060.png,5,-0.39149999999999996
9061.png,5,-0.46049999999999996
9062.png,5,-0.45675
9063.png,5,-0.41074999999999995
9064.png,5,-0.41324999999999995
9065.png,5,-0.31665
9066.png,5,-0.32189999999999996
9067.png,5,-0.1931
9068.png,5,-0.2001
9069.png,5,-0.2001
9070.png,5,-0.061250000000000006
9071.png,5,-0.069
9072.png,5,0.08399999999999999
9073.png,5,0.075
9074.png,5,0.075
9075.png,5,0.21280000000000002
9076.png,5,0.20500000000000002
9077.png,5,0.2856
9078.png,5,0.2806
9079.png,5,0.33895
9080.png,5,0.33494999999999997
9081.png,5,0.38554999999999995
9082.png,5,0.3828
9083.png,5,0.39659999999999995
9084.png,5,0.39585
9085.png,5,0.34700000000000003
9086.png,5,0.34800000000000003
9087.png,5,0.297
9088.png,5,0.3
9089.png,5,0.23884999999999998
9090.png,5,0.24359999999999998
9091.png,5,0.24359999999999998
9092.png,5,0.147
9093.png,5,0.15225
9094.png,5,0.04645
9095.png,5,0.052199999999999996
9096.png,5,0.052199999999999996
9097.png,5,-0.05635
9098.png,5,-0.0506
9099.png,5,-0.1557
9100.png,5,-0.15
9101.png,5,-0.15
9102.png,13,-0.12525
9103.png,13,-0.12150000000000001
9104.png,5,-0.2727
9105.png,5,-0.27
9106.png,5,-0.2965
9107.png,5,-0.295
9108.png,5,-0.349
9109.png,5,-0.345
9110.png,5,-0.38144999999999996
9111.png,5,-0.37844999999999995
9112.png,5,-0.33244999999999997
9113.png,5,-0.33494999999999997
9114.png,5,-0.26134999999999997
9115.png,5,-0.26535
9116.png,5,-0.16419999999999998
9117.png,5,-0.1702
9118.png,5,-0.0472
9119.png,5,-0.055
9120.png,5,0.0828
9121.png,5,0.075
9122.png,5,0.1916
9123.png,5,0.185
9124.png,5,0.25265
9125.png,5,0.2484
9126.png,5,0.2484
9127.png,5,0.2969
9128.png,5,0.2944
9129.png,5,0.28759999999999997
9130.png,5,0.28709999999999997
9131.png,5,0.2733
9132.png,5,0.27404999999999996
9133.png,5,0.24184999999999998
9134.png,5,0.24359999999999998
9135.png,5,0.1838
9136.png,5,0.18705
9137.png,5,0.11345
9138.png,5,0.11745
9139.png,5,0.0272
9140.png,5,0.0322
9141.png,5,-0.0763
9142.png,5,-0.07
9143.png,5,-0.17600000000000002
9144.png,5,-0.17
9145.png,5,-0.2707
9146.png,5,-0.265
9147.png,5,-0.318
9148.png,5,-0.315
9149.png,5,-0.3256
9150.png,5,-0.325
9151.png,5,-0.26505
9152.png,5,-0.2668
9153.png,5,-0.22110000000000002
9154.png,5,-0.225
9155.png,5,-0.1402
9156.png,5,-0.145
9157.png,5,-0.145
9158.png,5,-0.0549
9159.png,5,-0.06
9160.png,13,0.017750000000000002
9161.png,5,0.12040000000000001
9162.png,5,0.115
9163.png,5,0.115
9164.png,5,0.2104
9165.png,5,0.20500000000000002
9166.png,5,0.2468
9167.png,5,0.2438
9168.png,5,0.2729
9169.png,5,0.2714
9170.png,5,0.26125
9171.png,5,0.261
9172.png,5,0.238
9173.png,5,0.23925
9174.png,5,0.19785
9175.png,5,0.2001
9176.png,5,0.14489999999999997
9177.png,5,0.14789999999999998
9178.png,5,0.0982
9179.png,5,0.1012
9180.png,5,0.0411
9181.png,5,0.045
9182.png,5,-0.034499999999999996
9183.png,5,-0.03
9184.png,5,-0.1095
9185.png,5,-0.105
9186.png,13,-0.09505000000000001
9187.png,13,-0.0918
9188.png,5,-0.2283
9189.png,5,-0.225
9190.png,5,-0.25680000000000003
9191.png,5,-0.255
9192.png,5,-0.3122
9193.png,5,-0.3082
9194.png,5,-0.37884999999999996
9195.png,5,-0.3741
9196.png,5,-0.3511
9197.png,5,-0.35235
9198.png,5,-0.30634999999999996
9199.png,5,-0.30884999999999996
9200.png,5,-0.23929999999999998
9201.png,5,-0.2438
9202.png,5,-0.12739999999999999
9203.png,5,-0.1334
9204.png,5,0.0087
9205.png,5,-0.0
9206.png,13,0.0885
9207.png,13,0.081
9208.png,5,0.28250000000000003
9209.png,5,0.275
9210.png,5,0.33125
9211.png,5,0.32625
9212.png,5,0.43204999999999993
9213.png,5,0.42629999999999996
9214.png,5,0.46
9215.png,5,0.456
9216.png,5,0.44325000000000003
9217.png,5,0.444
9218.png,5,0.38875000000000004
9219.png,5,0.392
9220.png,5,0.2985
9221.png,5,0.304
9222.png,5,0.1595
9223.png,5,0.168
9224.png,5,0.007899999999999999
9225.png,5,0.0174
9226.png,5,-0.1756
9227.png,5,-0.1656
9228.png,13,-0.21225000000000002
9229.png,13,-0.2025
9230.png,5,-0.51475
9231.png,5,-0.506
9232.png,5,-0.5980999999999999
9233.png,5,-0.5915999999999999
9234.png,5,-0.731
9235.png,5,-0.72
9236.png,5,-0.8985
9237.png,5,-0.888
9238.png,5,-0.854
9239.png,5,-0.856
9240.png,5,-0.7625000000000001
9241.png,5,-0.768
9242.png,5,-0.6065
9243.png,5,-0.616
9244.png,5,-0.378
9245.png,5,-0.392
9246.png,5,-0.11575
9247.png,5,-0.132
9248.png,5,0.18769999999999998
9249.png,5,0.1702
9250.png,5,0.5613
9251.png,5,0.54
9252.png,5,0.7457999999999999
9253.png,5,0.7307999999999999
9254.png,5,0.8674999999999999
9255.png,5,0.856
9256.png,5,0.975
9257.png,5,0.968
9258.png,9,0.6037
9259.png,9,0.6027
9260.png,5,0.8584999999999999
9261.png,5,0.8624999999999999
9262.png,5,0.7344999999999999
9263.png,5,0.7424999999999999
9264.png,5,0.5745
9265.png,5,0.585
9266.png,5,0.369
9267.png,5,0.3825
9268.png,5,0.136
9269.png,5,0.152
9270.png,5,-0.1613
9271.png,5,-0.14354999999999998
9272.png,5,-0.5519000000000001
9273.png,5,-0.53
9274.png,5,-0.8077
9275.png,5,-0.7912
9276.png,5,-0.9919999999999999
9277.png,5,-0.9787499999999999
9278.png,5,-1.04875
9279.png,5,-1.04
9280.png,9,-0.6613
9281.png,9,-0.65905
9282.png,9,-0.62395
9283.png,9,-0.6272
9284.png,5,-0.832
9285.png,5,-0.84
9286.png,5,-0.72
9287.png,5,-0.7274999999999999
9288.png,5,-0.6154999999999999
9289.png,5,-0.6224999999999999
9290.png,5,-0.46
9291.png,5,-0.47200000000000003
9292.png,5,-0.2
9293.png,5,-0.216
9294.png,5,0.09169999999999999
9295.png,5,0.07394999999999999
9296.png,13,0.25830000000000003
9297.png,13,0.2403
9298.png,5,0.69535
9299.png,5,0.6786
9300.png,5,0.8534999999999999
9301.png,5,0.84
9302.png,5,1.0715
9303.png,5,1.05375
9304.png,5,1.28575
9305.png,5,1.27125
9306.png,5,1.25125
9307.png,5,1.2525
9308.png,5,1.07525
9309.png,5,1.0815000000000001
9310.png,5,0.8790000000000001
9311.png,5,0.8925000000000001
9312.png,5,0.6075
9313.png,5,0.6265000000000001
9314.png,5,0.30324999999999996
9315.png,5,0.32625
9316.png,5,-0.07375000000000001
9317.png,5,-0.04875
9318.png,5,-0.5257499999999999
9319.png,5,-0.50025
9320.png,5,-1.00915
9321.png,5,-0.9843999999999999
9322.png,9,-0.7565
9323.png,9,-0.735
9324.png,5,-1.381
9325.png,5,-1.365
9326.png,5,-1.4809999999999999
9327.png,5,-1.47375
9328.png,5,-1.62175
9329.png,5,-1.6125
9330.png,5,-1.4674999999999998
9331.png,5,-1.4625
9332.png,5,-1.2945
9333.png,5,-1.3065
9334.png,5,-1.122
9335.png,5,-1.141
9336.png,5,-0.79225
9337.png,5,-0.8155
9338.png,5,-0.43775
9339.png,5,-0.46499999999999997
9340.png,5,0.023
9341.png,5,-0.0075
9342.png,5,0.6067499999999999
9343.png,5,0.575
9344.png,5,1.0911499999999998
9345.png,5,1.0614
9346.png,5,1.3840000000000001
9347.png,5,1.36
9348.png,5,1.579
9349.png,5,1.56
9350.png,5,1.5585
9351.png,5,1.54375
9352.png,5,1.6697499999999998
9353.png,5,1.66075
9354.png,5,1.69225
9355.png,5,1.69
9356.png,5,1.62
9357.png,5,1.625
9358.png,5,1.4465
9359.png,5,1.45925
9360.png,5,1.18275
9361.png,5,1.2025
9362.png,5,0.8975000000000001
9363.png,5,0.924
9364.png,5,0.45899999999999996
9365.png,5,0.49
9366.png,5,-0.023000000000000003
9367.png,5,0.01125
9368.png,5,-0.6085
9369.png,5,-0.5720000000000001
9370.png,5,-1.4835
9371.png,5,-1.44
9372.png,5,-1.8507999999999998
9373.png,5,-1.8182999999999998
9374.png,5,-1.705
9375.png,5,-1.68025
9376.png,5,-1.83775
9377.png,5,-1.8265
9378.png,5,-1.7774999999999999
9379.png,5,-1.781
9380.png,5,-1.627
9381.png,5,-1.638
9382.png,5,-1.4104999999999999
9383.png,5,-1.42675
9384.png,5,-1.1915000000000002
9385.png,5,-1.2145000000000001
9386.png,5,-0.79825
9387.png,5,-0.8260000000000001
9388.png,5,-0.377
9389.png,5,-0.40875
9390.png,5,0.13924999999999998
9391.png,5,0.105
9392.png,5,0.7972
9393.png,5,0.76
9394.png,5,1.1304
9395.png,5,1.1049
9396.png,5,1.38575
9397.png,5,1.364
9398.png,5,1.59075
9399.png,5,1.57125
9400.png,5,1.58575
9401.png,5,1.56975
9402.png,5,1.7447499999999998
9403.png,5,1.7322499999999998
9404.png,5,1.84775
9405.png,5,1.8395
9406.png,5,1.8744999999999998
9407.png,5,1.8719999999999999
9408.png,5,1.8054999999999999
9409.png,5,1.81025
9410.png,5,1.61425
9411.png,5,1.62825
9412.png,5,1.33775
9413.png,5,1.3585
9414.png,5,1.0505
9415.png,5,1.078
9416.png,5,0.57925
9417.png,5,0.6125
9418.png,5,0.05625
9419.png,5,0.09375
9420.png,5,-0.47825
9421.png,5,-0.4425
9422.png,5,-1.2578
9423.png,5,-1.22
9424.png,5,-1.4891999999999999
9425.png,5,-1.4659499999999999
9426.png,5,-1.5605
9427.png,5,-1.548
9428.png,5,-1.46325
9429.png,5,-1.4625
9430.png,5,-1.3465
9431.png,5,-1.35375
9432.png,5,-1.1697499999999998
9433.png,5,-1.18125
9434.png,5,-0.93725
9435.png,5,-0.9525
9436.png,5,-0.6565
9437.png,5,-0.6749999999999999
9438.png,5,-0.355
9439.png,5,-0.375
9440.png,5,-0.375
9441.png,5,-0.051500000000000004
9442.png,5,-0.07200000000000001
9443.png,5,-0.07200000000000001
9444.png,5,0.2858
9445.png,5,0.2668
9446.png,5,0.6504
9447.png,5,0.63
9448.png,5,0.8240999999999999
9449.png,5,0.8090999999999999
9450.png,5,0.9692500000000001
9451.png,5,0.9560000000000001
9452.png,5,0.9560000000000001
9453.png,9,0.6530499999999999
9454.png,9,0.6467999999999999
9455.png,9,0.6467999999999999
9456.png,5,0.974
9457.png,5,0.975
9458.png,5,0.947
9459.png,5,0.94875
9460.png,5,0.86675
9461.png,5,0.868
9462.png,5,0.868
9463.png,5,0.7592500000000001
9464.png,5,0.7665000000000001
9465.png,5,0.7665000000000001
9466.png,5,0.60925
9467.png,5,0.6224999999999999
9468.png,5,0.39049999999999996
9469.png,5,0.40499999999999997
9470.png,5,0.40499999999999997
9471.png,5,0.14100000000000001
9472.png,5,0.1575
9473.png,5,0.1575
9474.png,5,-0.104
9475.png,5,-0.088
9476.png,5,-0.3922
9477.png,5,-0.3772
9478.png,5,-0.3772
9479.png,5,-0.6697000000000001
9480.png,5,-0.655
9481.png,5,-0.7216499999999999
9482.png,5,-0.7133999999999999
9483.png,5,-0.7133999999999999
9484.png,5,-0.7777999999999999
9485.png,5,-0.7743
9486.png,5,-0.6865000000000001
9487.png,5,-0.6880000000000001
9488.png,5,-0.6880000000000001
9489.png,5,-0.60725
9490.png,5,-0.612
9491.png,5,-0.48875
9492.png,5,-0.496
9493.png,5,-0.33875000000000005
9494.png,5,-0.34800000000000003
9495.png,5,-0.34800000000000003
9496.png,5,-0.18064999999999998
9497.png,5,-0.1914
9498.png,5,-0.1914
9499.png,5,-0.0035499999999999993
9500.png,5,-0.0138
9501.png,13,0.10105
9502.png,13,0.0918
9503.png,5,0.3661
9504.png,5,0.355
9505.png,5,0.355
9506.png,5,0.52965
9507.png,5,0.5176499999999999
9508.png,5,0.5176499999999999
9509.png,5,0.62475
9510.png,5,0.616
9511.png,5,0.616
9512.png,5,0.616
9513.png,5,0.56925
9514.png,5,0.5720000000000001
9515.png,5,0.48275
9516.png,5,0.488
9517.png,5,0.488
9518.png,5,0.35625
9519.png,5,0.364
9520.png,5,0.211
9521.png,5,0.22
9522.png,5,0.050649999999999994
9523.png,5,0.060899999999999996
9524.png,5,0.060899999999999996
9525.png,5,-0.1393
9526.png,5,-0.1288
9527.png,5,-0.3202
9528.png,5,-0.31
9529.png,5,-0.31
9530.png,5,-0.4478
9531.png,5,-0.44
9532.png,5,-0.4727
9533.png,5,-0.4692
9534.png,5,-0.4789
9535.png,5,-0.4784
9536.png,5,-0.4784
9537.png,5,-0.411
9538.png,5,-0.41324999999999995
9539.png,5,-0.33964999999999995
9540.png,5,-0.34364999999999996
9541.png,5,-0.247
9542.png,5,-0.253
9543.png,5,-0.1213
9544.png,5,-0.13
9545.png,5,-0.13
9546.png,5,0.0237
9547.png,5,0.015
9548.png,5,0.1528
9549.png,5,0.145
9550.png,5,0.2498
9551.png,5,0.2438
9552.png,5,0.2438
9553.png,5,0.33635
9554.png,5,0.3306
9555.png,5,0.3306
9556.png,5,0.39039999999999997
9557.png,5,0.38715
9558.png,5,0.356
9559.png,5,0.356
9560.png,5,0.33475000000000005
9561.png,5,0.336
9562.png,5,0.336
9563.png,5,0.28500000000000003
9564.png,5,0.28800000000000003
9565.png,5,0.28800000000000003
9566.png,5,0.2304
9567.png,5,0.2349
9568.png,5,0.14289999999999997
9569.png,5,0.14789999999999998
9570.png,5,0.0375
9571.png,5,0.0435
9572.png,5,0.0435
9573.png,5,-0.0704
9574.png,5,-0.0644
9575.png,5,-0.0644
9576.png,5,-0.17070000000000002
9577.png,5,-0.165
9578.png,13,-0.13335
9579.png,13,-0.1296
9580.png,5,-0.3036
9581.png,5,-0.3
9582.png,5,-0.3
9583.png,5,-0.4021
9584.png,5,-0.3956
9585.png,5,-0.3956
9586.png,5,-0.47069999999999995
9587.png,5,-0.46545
9588.png,5,-0.41485
9589.png,5,-0.41759999999999997
9590.png,5,-0.3302
9591.png,5,-0.33494999999999997
9592.png,5,-0.33494999999999997
9593.png,5,-0.21994999999999998
9594.png,5,-0.22619999999999998
9595.png,5,-0.22619999999999998
9596.png,5,-0.09855
9597.png,5,-0.1058
9598.png,5,0.044000000000000004
9599.png,5,0.035
9600.png,5,0.194
9601.png,5,0.185
9602.png,5,0.185
9603.png,5,0.30115
9604.png,5,0.2944
9605.png,5,0.2944
9606.png,5,0.34739999999999993
9607.png,5,0.34364999999999996
9608.png,5,0.37124999999999997
9609.png,5,0.36974999999999997
9610.png,5,0.33575000000000005
9611.png,5,0.336
9612.png,5,0.336
9613.png,5,0.30625
9614.png,5,0.308
9615.png,5,0.308
9616.png,5,0.25275000000000003
9617.png,5,0.256
9618.png,5,0.2002
9619.png,5,0.20445
9620.png,5,0.11245
9621.png,5,0.11745
9622.png,5,0.025449999999999997
9623.png,5,0.030449999999999998
9624.png,5,0.030449999999999998
9625.png,5,-0.0648
9626.png,5,-0.0598
9627.png,5,-0.1604
9628.png,5,-0.155
9629.png,5,-0.2239
9630.png,5,-0.22
9631.png,5,-0.22
9632.png,5,-0.2571
9633.png,5,-0.255
9634.png,5,-0.2656
9635.png,5,-0.265
9636.png,5,-0.2438
9637.png,5,-0.245
9638.png,5,-0.245
9639.png,5,-0.2026
9640.png,5,-0.20500000000000002
9641.png,5,-0.20500000000000002
9642.png,5,-0.1414
9643.png,5,-0.145
9644.png,13,-0.037
9645.png,13,-0.0405
9646.png,5,0.015099999999999999
9647.png,5,0.01
9648.png,5,0.10540000000000001
9649.png,5,0.1
9650.png,5,0.1
9651.png,5,0.16475
9652.png,5,0.161
9653.png,5,0.161
9654.png,5,0.1998
9655.png,5,0.1978
9656.png,5,0.2075
9657.png,5,0.207
9658.png,5,0.19115
9659.png,5,0.1914
9660.png,5,0.1684
9661.png,5,0.16965
9662.png,5,0.16965
9663.png,5,0.13285
9664.png,5,0.13485
9665.png,5,0.13485
9666.png,5,0.09409999999999999
9667.png,5,0.09659999999999999
9668.png,5,0.0481
9669.png,5,0.0506
9670.png,5,-0.01245
9671.png,5,-0.0092
9672.png,5,-0.07360000000000001
9673.png,5,-0.07
9674.png,5,-0.07
9675.png,5,-0.1177
9676.png,5,-0.115
9677.png,5,-0.14679999999999999
9678.png,5,-0.145
9679.png,13,-0.08715
9680.png,13,-0.0864
9681.png,13,-0.08935
9682.png,13,-0.0891
9683.png,5,-0.218
9684.png,5,-0.215
9685.png,5,-0.28995
9686.png,5,-0.2852
9687.png,5,-0.30944999999999995
9688.png,5,-0.3082
9689.png,5,-0.2306
9690.png,5,-0.2346
9691.png,5,-0.2346
9692.png,5,-0.149
9693.png,5,-0.155
9694.png,5,-0.027800000000000005
9695.png,5,-0.035
9696.png,5,-0.035
9697.png,13,0.0519
9698.png,13,0.0459
9699.png,5,0.191
9700.png,5,0.185
9701.png,5,0.185
9702.png,5,0.2769
9703.png,5,0.32564999999999994
9704.png,5,0.32189999999999996
9705.png,5,0.32189999999999996
9706.png,5,0.32189999999999996
9707.png,5,0.32189999999999996
9708.png,5,0.32189999999999996
9709.png,5,0.32189999999999996
9710.png,5,0.2805
9711.png,5,0.28275
9712.png,5,0.22754999999999997
9713.png,5,0.23054999999999998
9714.png,5,0.23054999999999998
9715.png,5,0.15234999999999999
9716.png,5,0.1566
9717.png,5,0.1566
9718.png,5,0.07379999999999999
9719.png,5,0.0783
9720.png,5,0.0783
9721.png,5,-0.00935
9722.png,5,-0.0046
9723.png,5,-0.0046
9724.png,5,-0.09509999999999999
9725.png,5,-0.15889999999999999
9726.png,5,-0.155
9727.png,5,-0.155
9728.png,5,-0.155
9729.png,13,-0.1073
9730.png,13,-0.1053
9731.png,13,-0.11120000000000001
9732.png,13,-0.1107
9733.png,5,-0.2792
9734.png,5,-0.275
9735.png,5,-0.35885
9736.png,5,-0.35235
9737.png,5,-0.38915
9738.png,5,-0.38715
9739.png,5,-0.38715
9740.png,5,-0.30895
9741.png,5,-0.3132
9742.png,5,-0.2148
9743.png,5,-0.2208
9744.png,5,-0.2208
9745.png,5,-0.0863
9746.png,5,-0.095
9747.png,5,0.053399999999999996
9748.png,5,0.045
9749.png,5,0.18280000000000002
9750.png,5,0.17500000000000002
9751.png,5,0.26285
9752.png,5,0.2576
9753.png,5,0.30339999999999995
9754.png,5,0.30015
9755.png,5,0.32775
9756.png,5,0.32625
9757.png,5,0.31705
9758.png,5,0.31755
9759.png,5,0.28075
9760.png,5,0.28275
9761.png,5,0.22294999999999998
9762.png,5,0.22619999999999998
9763.png,5,0.148
9764.png,5,0.15225
9765.png,5,0.06944999999999998
9766.png,5,0.07394999999999999
9767.png,5,0.07394999999999999
9768.png,5,-0.0091
9769.png,5,-0.0046
9770.png,5,-0.09509999999999999
9771.png,5,-0.09
9772.png,5,-0.1748
9773.png,5,-0.17
9774.png,13,-0.13605
9775.png,13,-0.1323
9776.png,5,-0.298
9777.png,5,-0.295
9778.png,5,-0.32680000000000003
9779.png,5,-0.325
9780.png,5,-0.37174999999999997
9781.png,5,-0.368
9782.png,5,-0.40779999999999994
9783.png,5,-0.40454999999999997
9784.png,5,-0.34475
9785.png,5,-0.348
9786.png,5,-0.256
9787.png,5,-0.261
9788.png,5,-0.14504999999999998
9789.png,5,-0.1518
9790.png,5,0.004599999999999999
9791.png,5,-0.005
9792.png,5,0.1752
9793.png,5,0.165
9794.png,5,0.3167
9795.png,5,0.3082
9796.png,5,0.42024999999999996
9797.png,5,0.41324999999999995
9798.png,5,0.465
9799.png,5,0.46
9800.png,5,0.5025
9801.png,5,0.5
9802.png,5,0.49575
9803.png,5,0.496
9804.png,5,0.44925000000000004
9805.png,5,0.452
9806.png,5,0.37125
9807.png,5,0.376
9808.png,5,0.257
9809.png,5,0.264
9810.png,5,0.1195
9811.png,5,0.128
9812.png,5,-0.0356
9813.png,5,-0.026099999999999998
9814.png,5,-0.2314
9815.png,5,-0.22
9816.png,13,-0.22795
9817.png,13,-0.2187
9818.png,5,-0.52295
9819.png,5,-0.5152
9820.png,5,-0.5791999999999999
9821.png,5,-0.5741999999999999
9822.png,5,-0.6980000000000001
9823.png,5,-0.6880000000000001
9824.png,5,-0.8197500000000001
9825.png,5,-0.812
9826.png,5,-0.74825
9827.png,5,-0.752
9828.png,5,-0.63725
9829.png,5,-0.644
9830.png,5,-0.4655
9831.png,5,-0.47600000000000003
9832.png,5,-0.25925000000000004
9833.png,5,-0.272
9834.png,5,-0.052000000000000005
9835.png,5,-0.06525
9836.png,5,0.2112
9837.png,5,0.195
9838.png,5,0.4176
9839.png,5,0.405
9840.png,5,0.5087499999999999
9841.png,5,0.50025
9842.png,5,0.5407500000000001
9843.png,5,0.536
9844.png,5,0.55725
9845.png,5,0.556
9846.png,5,0.556
9847.png,5,0.5305000000000001
9848.png,5,0.46825000000000006
9849.png,5,0.47200000000000003
9850.png,5,0.47200000000000003
9851.png,5,0.38275000000000003
9852.png,5,0.388
9853.png,5,0.2775
9854.png,5,0.28400000000000003
9855.png,5,0.15225
9856.png,5,0.16
9857.png,5,0.0314
9858.png,5,0.03915
9859.png,5,0.03915
9860.png,5,-0.1041
9861.png,5,-0.09659999999999999
9862.png,5,-0.2481
9863.png,5,-0.24
9864.png,5,-0.24
9865.png,13,-0.18565
9866.png,13,-0.1809
9867.png,13,-0.1809
9868.png,5,-0.3986
9869.png,5,-0.395
9870.png,5,-0.395
9871.png,5,-0.45864999999999995
9872.png,5,-0.45239999999999997
9873.png,5,-0.45239999999999997
9874.png,5,-0.50525
9875.png,5,-0.4405
9876.png,5,-0.444
9877.png,5,-0.444
9878.png,5,-0.38165
9879.png,5,-0.38715
9880.png,5,-0.25834999999999997
9881.png,5,-0.26535
9882.png,5,-0.1157
9883.png,5,-0.1242
9884.png,5,0.077
9885.png,5,0.065
9886.png,5,0.2823
9887.png,5,0.41429999999999995
9888.png,5,0.40454999999999997
9889.png,5,0.50375
9890.png,5,0.496
9891.png,5,0.496
9892.png,5,0.56825
9893.png,5,0.5640000000000001
9894.png,5,0.5597500000000001
9895.png,5,0.56
9896.png,5,0.5175000000000001
9897.png,5,0.52
9898.png,5,0.43925000000000003
9899.png,5,0.444
9900.png,5,0.325
9901.png,5,0.332
9902.png,5,0.18325
9903.png,5,0.192
9904.png,5,0.020199999999999996
9905.png,5,0.030449999999999998
9906.png,5,-0.17635
9907.png,5,-0.1656
9908.png,5,-0.392
9909.png,5,-0.38
9910.png,5,-0.5708000000000001
9911.png,5,-0.56
9912.png,5,-0.616
9913.png,5,-0.609
9914.png,5,-0.6733999999999999
9915.png,5,-0.6698999999999999
9916.png,5,-0.61175
9917.png,5,-0.612
9918.png,5,-0.544
9919.png,5,-0.548
9920.png,5,-0.43325
9921.png,5,-0.44
9922.png,5,-0.3083
9923.png,5,-0.31755
9924.png,5,-0.1321
9925.png,5,-0.1426
9926.png,5,0.0941
9927.png,5,0.08
9928.png,5,0.33440000000000003
9929.png,5,0.32
9930.png,5,0.4808
9931.png,5,0.4698
9932.png,5,0.5892499999999999
9933.png,5,0.58
9934.png,5,0.6777500000000001
9935.png,5,0.672
9936.png,5,0.7102499999999999
9937.png,5,0.708
9938.png,5,0.6867500000000001
9939.png,5,0.6880000000000001
9940.png,5,0.6115
9941.png,5,0.616
9942.png,5,0.48
9943.png,5,0.488
9944.png,5,0.301
9945.png,5,0.312
9946.png,5,0.108
9947.png,5,0.12
9948.png,5,-0.09949999999999999
9949.png,5,-0.087
9950.png,5,-0.3226
9951.png,5,-0.31
9952.png,13,-0.26180000000000003
9953.png,13,-0.2538
9954.png,5,-0.5294
9955.png,5,-0.5244
9956.png,5,-0.6707
9957.png,5,-0.6612
9958.png,5,-0.74825
9959.png,5,-0.74
9960.png,5,-0.74
9961.png,5,-0.6677500000000001
9962.png,5,-0.672
9963.png,5,-0.54025
9964.png,5,-0.548
9965.png,5,-0.548
9966.png,5,-0.36525
9967.png,5,-0.376
9968.png,5,-0.376
9969.png,5,-0.19269999999999998
9970.png,5,-0.20445
9971.png,5,-0.20445
9972.png,5,0.01175
9973.png,5,-0.0
9974.png,13,0.12685000000000002
9975.png,13,0.11610000000000001
9976.png,13,0.11610000000000001
9977.png,5,0.3821
9978.png,5,0.3726
9979.png,5,0.56395
9980.png,5,0.55245
9981.png,5,0.55245
9982.png,5,0.763
9983.png,5,0.748
9984.png,5,0.8172499999999999
9985.png,5,0.8099999999999999
9986.png,5,0.778
9987.png,5,0.78
9988.png,5,0.6920000000000001
9989.png,5,0.6975
9990.png,5,0.5455
9991.png,5,0.355
9992.png,5,0.3675
9993.png,5,0.3675
9994.png,5,0.137
9995.png,5,0.152
9996.png,5,-0.10149999999999999
9997.png,5,-0.087
9998.png,5,-0.3733
9999.png,5,-0.3588
10000.png,5,-0.6974
10001.png,5,-0.68
10002.png,5,-0.8031999999999999
10003.png,5,-0.7917
10004.png,5,-0.9389
10005.png,5,-0.9309
10006.png,5,-0.907
10007.png,5,-0.904
10008.png,5,-0.87
10009.png,5,-0.872
10010.png,5,-0.753
10011.png,5,-0.76
10012.png,5,-0.573
10013.png,5,-0.584
10014.png,5,-0.35025
10015.png,5,-0.364
10016.png,5,-0.10145
10017.png,5,-0.11745
10018.png,5,0.22540000000000002
10019.png,5,0.20500000000000002
10020.png,5,0.5135500000000001
10021.png,5,0.4968
10022.png,5,0.7549999999999999
10023.png,5,0.7394999999999999
10024.png,5,0.884
10025.png,5,0.872
10026.png,5,0.991
10027.png,5,0.984
10028.png,5,0.9505
10029.png,5,0.94875
10030.png,5,0.8967499999999999
10031.png,5,0.8999999999999999
10032.png,5,0.772
10033.png,5,0.78
10034.png,5,0.588
10035.png,5,0.6
10036.png,5,0.368
10037.png,5,0.3825
10038.png,5,0.1105
10039.png,5,0.128
10040.png,5,-0.192
10041.png,5,-0.174
10042.png,5,-0.5816
10043.png,5,-0.56
10044.png,5,-0.8401500000000001
10045.png,5,-0.8234
10046.png,5,-1.0224499999999999
10047.png,5,-1.0091999999999999
10048.png,5,-1.0682500000000001
10049.png,5,-1.06
10050.png,9,-0.66815
10051.png,9,-0.6664
10052.png,9,-0.6178
10053.png,9,-0.6223
10054.png,5,-0.8005
10055.png,5,-0.8099999999999999
10056.png,5,-0.658
10057.png,5,-0.6675
10058.png,5,-0.52925
10059.png,5,-0.54
10060.png,5,-0.2935
10061.png,5,-0.308
10062.png,5,-0.054349999999999996
10063.png,5,-0.0696
10064.png,5,0.238
10065.png,5,0.22
10066.png,5,0.5009
10067.png,5,0.485
10068.png,5,0.6105499999999999
10069.png,5,0.6003
10070.png,5,0.64125
10071.png,5,0.636
10072.png,5,0.636
10073.png,5,0.65725
10074.png,5,0.656
10075.png,5,0.62625
10076.png,5,0.628
10077.png,5,0.628
10078.png,5,0.5515000000000001
10079.png,5,0.556
10080.png,5,0.44125000000000003
10081.png,5,0.448
10082.png,5,0.30775
10083.png,5,0.316
10084.png,5,0.15875
10085.png,5,0.168
10086.png,5,0.168
10087.png,5,0.007899999999999999
10088.png,5,0.0174
10089.png,5,-0.15135
10090.png,5,-0.1426
10091.png,5,-0.3087
10092.png,5,-0.3
10093.png,5,-0.3
10094.png,5,-0.4166
10095.png,5,-0.41000000000000003
10096.png,5,-0.41000000000000003
10097.png,5,-0.4736
10098.png,5,-0.47000000000000003
10099.png,5,-0.47000000000000003
10100.png,5,-0.4324
10101.png,5,-0.4324
10102.png,5,-0.4324
10103.png,5,-0.38389999999999996
10104.png,5,-0.38639999999999997
10105.png,5,-0.30395
10106.png,5,-0.3082
10107.png,5,-0.1918
10108.png,5,-0.1978
10109.png,5,-0.0719
10110.png,5,-0.08
10111.png,13,0.04825
10112.png,13,0.0405
10113.png,5,0.234
10114.png,5,0.33795
10115.png,5,0.3312
10116.png,5,0.3312
10117.png,5,0.4604
10118.png,5,0.45239999999999997
10119.png,5,0.50525
10120.png,5,0.5
10121.png,5,0.49575
10122.png,5,0.45775000000000005
10123.png,5,0.46
10124.png,5,0.46
10125.png,5,0.375
10126.png,5,0.38
10127.png,5,0.26525000000000004
10128.png,5,0.272
10129.png,5,0.13175
10130.png,5,0.14
10131.png,5,-0.01795
10132.png,5,-0.0087
10133.png,5,-0.2273
10134.png,5,-0.215
10135.png,13,-0.21935000000000002
10136.png,13,-0.2106
10137.png,5,-0.5596000000000001
10138.png,5,-0.55
10139.png,5,-0.5796999999999999
10140.png,5,-0.5741999999999999
10141.png,5,-0.7065
10142.png,5,-0.6960000000000001
10143.png,5,-0.8235
10144.png,5,-0.8160000000000001
10145.png,5,-0.75225
10146.png,5,-0.756
10147.png,5,-0.64125
10148.png,5,-0.648
10149.png,5,-0.461
10150.png,5,-0.47200000000000003
10151.png,5,-0.22974999999999998
10152.png,5,-0.244
10153.png,5,0.02905
10154.png,5,0.013049999999999999
10155.png,13,0.20280000000000004
10156.png,13,0.18630000000000002
10157.png,5,0.59455
10158.png,5,0.57855
10159.png,5,0.76575
10160.png,5,0.752
10161.png,9,0.655
10162.png,9,0.637
10163.png,5,1.211
10164.png,5,1.19625
10165.png,5,1.2042499999999998
10166.png,5,1.2037499999999999
10167.png,5,1.18775
10168.png,5,1.18875
10169.png,5,1.0195
10170.png,5,1.0255
10171.png,5,0.793
10172.png,5,0.8085
10173.png,5,0.54625
10174.png,5,0.56625
10175.png,5,0.20625
10176.png,5,0.22874999999999998
10177.png,5,-0.1725
10178.png,5,-0.148
10179.png,5,-0.6552
10180.png,5,-0.6302
10181.png,5,-1.0909499999999999
10182.png,5,-1.0672
10183.png,5,-1.3772
10184.png,5,-1.3572
10185.png,5,-1.3860000000000001
10186.png,5,-1.3725
10187.png,5,-1.4445
10188.png,5,-1.44
10189.png,5,-1.368
10190.png,5,-1.3725
10191.png,5,-1.2005
10192.png,5,-1.21125
10193.png,5,-0.88675
10194.png,5,-0.903
10195.png,5,-0.6475
10196.png,5,-0.6675
10197.png,5,-0.32349999999999995
10198.png,5,-0.345
10199.png,5,-0.011
10200.png,5,-0.032
10201.png,5,0.3512
10202.png,5,0.3312
10203.png,5,0.6707
10204.png,5,0.6532
10205.png,5,0.8569
10206.png,5,0.8439
10207.png,5,0.895
10208.png,5,0.888
10209.png,5,0.9135
10210.png,5,0.912
10211.png,5,0.912
10212.png,5,0.861
10213.png,5,0.864
10214.png,5,0.864
10215.png,5,0.698
10216.png,5,0.705
10217.png,5,0.705
10218.png,5,0.553
10219.png,5,0.5625
10220.png,5,0.3785
10221.png,5,0.39
10222.png,5,0.20775
10223.png,5,0.22
10224.png,5,0.22
10225.png,5,0.0075
10226.png,5,0.02
10227.png,5,0.02
10228.png,5,-0.18525
10229.png,5,-0.174
10230.png,5,-0.174
10231.png,5,-0.41200000000000003
10232.png,5,-0.4
10233.png,5,-0.4
10234.png,5,-0.559
10235.png,5,-0.55
10236.png,5,-0.5884499999999999
10237.png,5,-0.5841999999999999
10238.png,5,-0.55245
10239.png,5,-0.55245
10240.png,5,-0.55245
10241.png,5,-0.49724999999999997
10242.png,5,-0.50025
10243.png,5,-0.50025
10244.png,5,-0.40824999999999995
10245.png,5,-0.41324999999999995
10246.png,5,-0.41324999999999995
10247.png,5,-0.29364999999999997
10248.png,5,-0.30015
10249.png,5,-0.1719
10250.png,5,-0.1794
10251.png,5,-0.1794
10252.png,5,-0.0307
10253.png,5,-0.04
10254.png,13,0.06395
10255.png,13,0.0567
10256.png,13,0.0567
10257.png,5,0.23750000000000002
10258.png,5,0.23
10259.png,5,0.3243
10260.png,5,0.31755
10261.png,5,0.4365
10262.png,5,0.428
10263.png,5,0.428
10264.png,5,0.50025
10265.png,5,0.496
10266.png,5,0.47050000000000003
10267.png,5,0.40825000000000006
10268.png,5,0.41200000000000003
10269.png,5,0.3185
10270.png,5,0.324
10271.png,5,0.324
10272.png,5,0.20075
10273.png,5,0.20800000000000002
10274.png,5,0.08359999999999998
10275.png,5,0.09134999999999999
10276.png,5,-0.06045
10277.png,5,-0.052199999999999996
10278.png,5,-0.25079999999999997
10279.png,5,-0.24
10280.png,5,-0.41490000000000005
10281.png,5,-0.405
10282.png,5,-0.50355
10283.png,5,-0.4968
10284.png,5,-0.5525999999999999
10285.png,5,-0.5480999999999999
10286.png,5,-0.5756999999999999
10287.png,5,-0.5741999999999999
10288.png,5,-0.5374
10289.png,5,-0.5394
10290.png,5,-0.45659999999999995
10291.png,5,-0.46109999999999995
10292.png,5,-0.3323
10293.png,5,-0.3393
10294.png,5,-0.18419999999999997
10295.png,5,-0.19319999999999998
10296.png,5,0.007299999999999998
10297.png,5,-0.005
10298.png,5,0.2229
10299.png,5,0.21
10300.png,5,0.3969
10301.png,5,0.38639999999999997
10302.png,5,0.5264
10303.png,5,0.5176499999999999
10304.png,5,0.5864999999999999
10305.png,5,0.58
10306.png,5,0.631
10307.png,5,0.628
10308.png,5,0.62375
10309.png,5,0.624
10310.png,5,0.5645000000000001
10311.png,5,0.5680000000000001
10312.png,5,0.46175000000000005
10313.png,5,0.468
10314.png,5,0.31925000000000003
10315.png,5,0.328
10316.png,5,0.141
10317.png,5,0.152
10318.png,5,-0.0509
10319.png,5,-0.03915
10320.png,5,-0.30469999999999997
10321.png,5,-0.29
10322.png,5,-0.5285
10323.png,5,-0.515
10324.png,5,-0.66295
10325.png,5,-0.6532
10326.png,5,-0.7372999999999998
10327.png,5,-0.7307999999999999
10328.png,5,-0.7144999999999999
10329.png,5,-0.712
10330.png,5,-0.678
10331.png,5,-0.68
10332.png,5,-0.5865
10333.png,5,-0.592
10334.png,5,-0.44325000000000003
10335.png,5,-0.452
10336.png,5,-0.28914999999999996
10337.png,5,-0.30015
10338.png,5,-0.07015
10339.png,5,-0.08265
10340.png,5,0.1859
10341.png,5,0.17
10342.png,5,0.45089999999999997
10343.png,5,0.435
10344.png,5,0.6038499999999999
10345.png,5,0.5915999999999999
10346.png,5,0.6970000000000001
10347.png,5,0.6880000000000001
10348.png,5,0.7815
10349.png,5,0.776
10350.png,5,0.793
10351.png,5,0.792
10352.png,5,0.6945
10353.png,5,0.6975
10354.png,5,0.5935
10355.png,5,0.6
10356.png,5,0.43999999999999995
10357.png,5,0.44999999999999996
10358.png,5,0.276
10359.png,5,0.28800000000000003
10360.png,5,0.07125000000000001
10361.png,5,0.084
10362.png,5,-0.12484999999999999
10363.png,5,-0.11309999999999999
10364.png,5,-0.3526
10365.png,5,-0.34
10366.png,5,-0.5096
10367.png,5,-0.5
10368.png,5,-0.5
10369.png,5,-0.557
10370.png,5,-0.5404
10371.png,5,-0.5394
10372.png,5,-0.5394
10373.png,5,-0.5025999999999999
10374.png,5,-0.5045999999999999
10375.png,5,-0.43099999999999994
10376.png,5,-0.43499999999999994
10377.png,5,-0.3292
10378.png,5,-0.33494999999999997
10379.png,5,-0.33494999999999997
10380.png,5,-0.2087
10381.png,5,-0.2162
10382.png,5,-0.0866
10383.png,5,-0.095
10384.png,5,-0.095
10385.png,5,0.064
10386.png,5,0.055
10387.png,5,0.055
10388.png,5,0.1928
10389.png,5,0.185
10390.png,5,0.185
10391.png,5,0.2672
10392.png,5,0.2622
10393.png,5,0.2622
10394.png,5,0.30315
10395.png,5,0.30015
10396.png,5,0.30015
10397.png,5,0.32314999999999994
10398.png,5,0.32189999999999996
10399.png,5,0.32189999999999996
10400.png,5,0.3081
10401.png,5,0.30884999999999996
10402.png,5,0.30884999999999996
10403.png,5,0.27204999999999996
10404.png,5,0.27404999999999996
10405.png,5,0.27404999999999996
10406.png,5,0.21424999999999997
10407.png,5,0.21749999999999997
10408.png,5,0.14389999999999997
10409.png,5,0.14789999999999998
10410.png,5,0.14789999999999998
10411.png,5,0.06509999999999999
10412.png,5,0.0696
10413.png,5,0.0696
10414.png,5,-0.0137
10415.png,5,-0.0092
10416.png,5,-0.0948
10417.png,5,-0.09
10418.png,5,-0.09
10419.png,5,-0.15889999999999999
10420.png,5,-0.155
10421.png,13,-0.11320000000000001
10422.png,13,-0.12545
10423.png,13,-0.1242
10424.png,13,-0.1242
10425.png,5,-0.2459
10426.png,5,-0.245
10427.png,5,-0.3086
10428.png,5,-0.305
10429.png,5,-0.3711499999999999
10430.png,5,-0.36539999999999995
10431.png,5,-0.39299999999999996
10432.png,5,-0.39149999999999996
10433.png,5,-0.3225
10434.png,5,-0.32625
10435.png,5,-0.22504999999999997
10436.png,5,-0.23054999999999998
10437.png,5,-0.0983
10438.png,5,-0.1058
10439.png,5,0.0652
10440.png,5,0.055
10441.png,5,0.24580000000000002
10442.png,5,0.23500000000000001
10443.png,5,0.37625
10444.png,5,0.368
10445.png,5,0.47219999999999995
10446.png,5,0.5045
10447.png,5,0.5
10448.png,5,0.5
10449.png,5,0.5255
10450.png,5,0.524
10451.png,5,0.4985
10452.png,5,0.5
10453.png,5,0.432
10454.png,5,0.436
10455.png,5,0.334
10456.png,5,0.34
10457.png,5,0.19975
10458.png,5,0.20800000000000002
10459.png,5,0.051399999999999994
10460.png,5,0.060899999999999996
10461.png,5,-0.11989999999999999
10462.png,5,-0.1104
10463.png,5,-0.332
10464.png,5,-0.32
10465.png,5,-0.5055
10466.png,5,-0.495
10467.png,5,-0.58635
10468.png,5,-0.5796
10469.png,5,-0.6263
10470.png,5,-0.62205
10471.png,5,-0.6312499999999999
10472.png,5,-0.6307499999999999
10473.png,5,-0.52475
10474.png,5,-0.528
10475.png,5,-0.43025
10476.png,5,-0.436
10477.png,5,-0.31315
10478.png,5,-0.32189999999999996
10479.png,5,-0.14154999999999998
10480.png,5,-0.1518
10481.png,5,0.0682
10482.png,5,0.055
10483.png,5,0.29350000000000004
10484.png,5,0.28
10485.png,5,0.44139999999999996
10486.png,5,0.43065
10487.png,5,0.5447500000000001
10488.png,5,0.536
10489.png,5,0.638
10490.png,5,0.632
10491.png,5,0.6745
10492.png,5,0.672
10493.png,5,0.655
10494.png,5,0.656
10495.png,5,0.588
10496.png,5,0.592
10497.png,5,0.473
10498.png,5,0.48
10499.png,5,0.31
10500.png,5,0.32
10501.png,5,0.12450000000000001
10502.png,5,0.136
10503.png,5,-0.09129999999999999
10504.png,5,-0.0783
10505.png,5,-0.3603
10506.png,5,-0.34500000000000003
10507.png,5,-0.5941
10508.png,5,-0.58
10509.png,5,-0.6886
10510.png,5,-0.6786
10511.png,5,-0.7981999999999999
10512.png,5,-0.7917
10513.png,5,-0.762
10514.png,5,-0.76
10515.png,5,-0.7175
10516.png,5,-0.72
10517.png,5,-0.618
10518.png,5,-0.624
10519.png,5,-0.471
10520.png,5,-0.48
10521.png,5,-0.29725
10522.png,5,-0.308
10523.png,5,-0.12794999999999998
10524.png,5,-0.1392
10525.png,5,0.0785
10526.png,5,0.065
10527.png,5,0.277
10528.png,5,0.265
10529.png,5,0.40385
10530.png,5,0.3956
10531.png,5,0.47069999999999995
10532.png,5,0.46545
10533.png,5,0.47050000000000003
10534.png,5,0.468
10535.png,5,0.4595
10536.png,5,0.46
10537.png,5,0.4175
10538.png,5,0.42
10539.png,5,0.42
10540.png,5,0.34775
10541.png,5,0.2585
10542.png,5,0.264
10543.png,5,0.264
10544.png,5,0.16625
10545.png,5,0.17200000000000001
10546.png,5,0.07665
10547.png,5,0.08265
10548.png,5,-0.03385
10549.png,5,-0.0276
10550.png,5,-0.15189999999999998
10551.png,5,-0.145
10552.png,5,-0.2457
10553.png,5,-0.24
10554.png,13,-0.165
10555.png,13,-0.162
10556.png,13,-0.162
10557.png,5,-0.3265
10558.png,5,-0.325
10559.png,5,-0.38144999999999996
10560.png,5,-0.3772
10561.png,5,-0.3772
10562.png,5,-0.42569999999999997
10563.png,5,-0.42195
10564.png,5,-0.42195
10565.png,5,-0.35755
10566.png,5,-0.36105
10567.png,5,-0.25984999999999997
10568.png,5,-0.26535
10569.png,5,-0.14479999999999998
10570.png,5,-0.1518
10571.png,5,-0.1518
10572.png,5,-0.016600000000000004
10573.png,5,-0.025
10574.png,5,-0.025
10575.png,13,0.06910000000000001
10576.png,13,0.0621
10577.png,13,0.0621
10578.png,5,0.2369
10579.png,5,0.23
10580.png,5,0.23
10581.png,5,0.31509999999999994
10582.png,5,0.30884999999999996
10583.png,5,0.30884999999999996
10584.png,5,0.39624999999999994
10585.png,5,0.39149999999999996
10586.png,5,0.36424999999999996
10587.png,5,0.364
10588.png,5,0.364
10589.png,5,0.3385
10590.png,5,0.34
10591.png,5,0.289
10592.png,5,0.292
10593.png,5,0.2155
10594.png,5,0.22
10595.png,5,0.13344999999999999
10596.png,5,0.1392
10597.png,5,0.0196
10598.png,5,0.026099999999999998
10599.png,5,-0.1082
10600.png,5,-0.1012
10601.png,5,-0.2531
10602.png,5,-0.245
10603.png,5,-0.3722
10604.png,5,-0.365
10605.png,5,-0.4657
10606.png,5,-0.46
10607.png,5,-0.46685
10608.png,5,-0.4646
10609.png,5,-0.43934999999999996
10610.png,5,-0.43934999999999996
10611.png,5,-0.38415
10612.png,5,-0.38715
10613.png,5,-0.29514999999999997
10614.png,5,-0.30015
10615.png,5,-0.18644999999999998
10616.png,5,-0.19319999999999998
10617.png,5,-0.045700000000000005
10618.png,5,-0.055
10619.png,13,0.0706
10620.png,13,0.0621
10621.png,5,0.28990000000000005
10622.png,5,0.28
10623.png,5,0.3816
10624.png,5,0.3741
10625.png,5,0.49274999999999997
10626.png,5,0.484
10627.png,5,0.59875
10628.png,5,0.592
10629.png,5,0.6004999999999999
10630.png,5,0.6
10631.png,5,0.5660000000000001
10632.png,5,0.5680000000000001
10633.png,5,0.47875
10634.png,5,0.484
10635.png,5,0.348
10636.png,5,0.356
10637.png,5,0.18175
10638.png,5,0.192
10639.png,5,-0.0028000000000000004
10640.png,5,0.0087
10641.png,5,-0.22360000000000002
10642.png,5,-0.2116
10643.png,13,-0.26285
10644.png,13,-0.2511
10645.png,5,-0.6218
10646.png,5,-0.6118
10647.png,5,-0.71195
10648.png,5,-0.7047
10649.png,5,-0.8604999999999999
10650.png,5,-0.848
10651.png,9,-0.6327999999999999
10652.png,9,-0.6223
10653.png,5,-0.8965
10654.png,5,-0.8999999999999999
10655.png,5,-0.772
10656.png,5,-0.78
10657.png,5,-0.6239999999999999
10658.png,5,-0.6337499999999999
10659.png,5,-0.4635
10660.png,5,-0.47600000000000003
10661.png,5,-0.18275000000000002
10662.png,5,-0.2
10663.png,5,0.1229
10664.png,5,0.10439999999999999
10665.png,5,0.5228
10666.png,5,0.5
10667.png,5,0.7662
10668.png,5,0.7482
10669.png,5,0.94725
10670.png,5,0.932
10671.png,9,0.67885
10672.png,9,0.66885
10673.png,5,1.08375
10674.png,5,1.08
10675.png,5,1.0559999999999998
10676.png,5,1.0574999999999999
10677.png,5,1.0095
10678.png,5,1.0125
10679.png,5,0.8475
10680.png,5,0.854
10681.png,5,0.691
10682.png,5,0.705
10683.png,5,0.425
10684.png,5,0.4425
10685.png,5,0.14250000000000002
10686.png,5,0.16125
10687.png,5,-0.134
10688.png,5,-0.116
10689.png,5,-0.4535
10690.png,5,-0.437
10691.png,5,-0.7559
10692.png,5,-0.74
10693.png,5,-0.8094
10694.png,5,-0.8004
10695.png,5,-0.8555999999999999
10696.png,5,-0.8525999999999999
10697.png,5,-0.75
10698.png,5,-0.752
10699.png,5,-0.6585000000000001
10700.png,5,-0.664
10701.png,5,-0.52375
10702.png,5,-0.532
10703.png,5,-0.36625
10704.png,5,-0.376
10705.png,5,-0.21109999999999998
10706.png,5,-0.22185
10707.png,5,-0.22185
10708.png,5,-0.0212
10709.png,5,-0.0322
10710.png,5,0.18760000000000002
10711.png,5,0.17500000000000002
10712.png,5,0.36050000000000004
10713.png,5,0.35000000000000003
10714.png,5,0.4241
10715.png,5,0.41759999999999997
10716.png,5,0.41759999999999997
10717.png,5,0.47739999999999994
10718.png,5,0.47414999999999996
10719.png,5,0.47414999999999996
10720.png,5,0.4445
10721.png,5,0.444
10722.png,5,0.444
10723.png,5,0.41000000000000003
10724.png,5,0.41200000000000003
10725.png,5,0.41200000000000003
10726.png,5,0.3525
10727.png,5,0.356
10728.png,5,0.271
10729.png,5,0.276
10730.png,5,0.276
10731.png,5,0.17825
10732.png,5,0.184
10733.png,5,0.184
10734.png,5,0.08049999999999999
10735.png,5,0.087
10736.png,5,-0.024399999999999998
10737.png,5,-0.0184
10738.png,5,-0.0184
10739.png,5,-0.1419
10740.png,5,-0.135
10741.png,5,-0.135
10742.png,5,-0.2304
10743.png,5,-0.225
10744.png,5,-0.225
10745.png,13,-0.15985000000000002
10746.png,13,-0.15660000000000002
10747.png,5,-0.3165
10748.png,5,-0.315
10749.png,5,-0.315
10750.png,5,-0.315
10751.png,5,-0.34314999999999996
10752.png,5,-0.3404
10753.png,5,-0.36329999999999996
10754.png,5,-0.36105
10755.png,5,-0.29205
10756.png,5,-0.29579999999999995
10757.png,5,-0.21095
10758.png,5,-0.2162
10759.png,5,-0.0972
10760.png,5,-0.105
10761.png,13,0.0318
10762.png,13,0.024300000000000002
10763.png,5,0.2146
10764.png,5,0.20500000000000002
10765.png,5,0.3341
10766.png,5,0.3266
10767.png,5,0.46984999999999993
10768.png,5,0.46109999999999995
10769.png,5,0.54725
10770.png,5,0.54
10771.png,5,0.5655
10772.png,5,0.5640000000000001
10773.png,5,0.5427500000000001
10774.png,5,0.544
10775.png,5,0.4675
10776.png,5,0.47200000000000003
10777.png,5,0.35725
10778.png,5,0.364
10779.png,5,0.20675
10780.png,5,0.216
10781.png,5,0.041699999999999994
10782.png,5,0.052199999999999996
10783.png,5,-0.1582
10784.png,5,-0.1472
10785.png,5,-0.3932
10786.png,5,-0.38
10787.png,5,-0.5814
10788.png,5,-0.5700000000000001
10789.png,5,-0.6338999999999999
10790.png,5,-0.6264
10791.png,5,-0.7045999999999999
10792.png,5,-0.7003499999999999
10793.png,5,-0.644
10794.png,5,-0.644
10795.png,5,-0.5845
10796.png,5,-0.588
10797.png,5,-0.47325
10798.png,5,-0.48
10799.png,5,-0.32275000000000004
10800.png,5,-0.332
10801.png,5,-0.15864999999999999
10802.png,5,-0.16965
10803.png,5,0.07
10804.png,5,0.055
10805.png,5,0.3094
10806.png,5,0.295
10807.png,5,0.47284999999999994
10808.png,5,0.46109999999999995
10809.png,5,0.5855
10810.png,5,0.5760000000000001
10811.png,5,0.6865
10812.png,5,0.68
10813.png,5,0.731
10814.png,5,0.728
10815.png,5,0.7152499999999999
10816.png,5,0.716
10817.png,5,0.64375
10818.png,5,0.648
10819.png,5,0.51625
10820.png,5,0.524
10821.png,5,0.3455
10822.png,5,0.356
10823.png,5,0.13924999999999998
10824.png,5,0.152
10825.png,5,-0.0647
10826.png,5,-0.052199999999999996
10827.png,5,-0.28800000000000003
10828.png,5,-0.276
10829.png,5,-0.5332
10830.png,5,-0.52
10831.png,5,-0.6044999999999999
10832.png,5,-0.598
10833.png,5,-0.6114999999999999
10834.png,5,-0.609
10835.png,5,-0.5814
10836.png,5,-0.5829
10837.png,5,-0.5047
10838.png,5,-0.50895
10839.png,5,-0.39395
10840.png,5,-0.4002
10841.png,5,-0.2576
10842.png,5,-0.26535
10843.png,5,-0.1157
10844.png,5,-0.1242
10845.png,5,0.0399
10846.png,5,0.03
10847.png,5,0.1943
10848.png,5,0.185
10849.png,5,0.185
10850.png,5,0.2866
10851.png,5,0.2806
10852.png,5,0.2806
10853.png,5,0.33895
10854.png,5,0.33494999999999997
10855.png,5,0.36255
10856.png,5,0.36105
10857.png,5,0.36105
10858.png,5,0.35645
10859.png,5,0.35669999999999996
10860.png,5,0.35669999999999996
10861.png,5,0.294
10862.png,5,0.296
10863.png,5,0.2575
10864.png,5,0.261
10865.png,5,0.1828
10866.png,5,0.18705
10867.png,5,0.18705
10868.png,5,0.09505
10869.png,5,0.10005
10870.png,5,0.10005
10871.png,5,0.008799999999999999
10872.png,5,0.0138
10873.png,5,-0.07835
10874.png,5,-0.0736
10875.png,5,-0.1648
10876.png,5,-0.16
10877.png,13,-0.11885000000000001
10878.png,13,-0.11610000000000001
10879.png,5,-0.2468
10880.png,5,-0.245
10881.png,5,-0.3351
10882.png,5,-0.33
10883.png,5,-0.35609999999999997
10884.png,5,-0.35235
10885.png,5,-0.3241
10886.png,5,-0.3266
10887.png,5,-0.23929999999999998
10888.png,5,-0.2438
10889.png,5,-0.13779999999999998
10890.png,5,-0.145
10891.png,5,-0.145
10892.png,5,-0.017800000000000003
10893.png,5,-0.025
10894.png,5,0.1022
10895.png,5,0.095
10896.png,5,0.2222
10897.png,5,0.215
10898.png,5,0.3045
10899.png,5,0.299
10900.png,5,0.36555
10901.png,5,0.36105
10902.png,5,0.40245
10903.png,5,0.4002
10904.png,5,0.37224999999999997
10905.png,5,0.372
10906.png,5,0.34225000000000005
10907.png,5,0.34400000000000003
10908.png,5,0.28025000000000005
10909.png,5,0.28400000000000003
10910.png,5,0.19475
10911.png,5,0.2
10912.png,5,0.10249999999999998
10913.png,5,0.10874999999999999
10914.png,5,-0.0208
10915.png,5,-0.0138
10916.png,5,-0.16870000000000002
10917.png,5,-0.16
10918.png,13,-0.16605
10919.png,13,-0.1593
10920.png,5,-0.4222
10921.png,5,-0.41500000000000004
10922.png,5,-0.45454999999999995
10923.png,5,-0.4508
10924.png,5,-0.5689
10925.png,5,-0.5611499999999999
10926.png,5,-0.62225
10927.png,5,-0.616
10928.png,5,-0.5650000000000001
10929.png,5,-0.5680000000000001
10930.png,5,-0.47025000000000006
10931.png,5,-0.47600000000000003
10932.png,5,-0.323
10933.png,5,-0.332
10934.png,5,-0.15864999999999999
10935.png,5,-0.16965
10936.png,5,0.059399999999999994
10937.png,5,0.045
10938.png,5,0.31529999999999997
10939.png,5,0.3
10940.png,5,0.4818
10941.png,5,0.4698
10942.png,5,0.602
10943.png,5,0.592
10944.png,5,0.711
10945.png,5,0.704
10946.png,5,0.755
10947.png,5,0.752
10948.png,5,0.7435
10949.png,5,0.744
10950.png,5,0.6255000000000001
10951.png,5,0.63
10952.png,5,0.51
10953.png,5,0.5175
10954.png,5,0.36925
10955.png,5,0.38
10956.png,5,0.16324999999999998
10957.png,5,0.176
10958.png,5,-0.0662
10959.png,5,-0.052199999999999996
10960.png,5,-0.3171
10961.png,5,-0.3036
10962.png,5,-0.6268
10963.png,5,-0.61
10964.png,5,-0.7238999999999999
10965.png,5,-0.7133999999999999
10966.png,5,-0.8605999999999999
10967.png,5,-0.8525999999999999
10968.png,5,-0.8350000000000001
10969.png,5,-0.8320000000000001
10970.png,5,-0.8065000000000001
10971.png,5,-0.808
10972.png,5,-0.706
10973.png,5,-0.712
10974.png,5,-0.542
10975.png,5,-0.552
10976.png,5,-0.33525000000000005
10977.png,5,-0.34800000000000003
10978.png,5,-0.11625
10979.png,5,-0.1305
10980.png,5,0.1839
10981.png,5,0.165
10982.png,5,0.49889999999999995
10983.png,5,0.48
10984.png,5,0.6752
10985.png,5,0.6612
10986.png,5,0.8035
10987.png,5,0.792
10988.png,5,0.9025
10989.png,5,0.896
10990.png,5,0.913
10991.png,5,0.912
10992.png,5,0.775
10993.png,5,0.78
10994.png,5,0.644
10995.png,5,0.6525
10996.png,5,0.46849999999999997
10997.png,5,0.48
10998.png,5,0.27199999999999996
10999.png,5,0.285
11000.png,5,0.066
11001.png,5,0.08
11002.png,5,0.08
11003.png,5,-0.1522
11004.png,5,-0.1392
11005.png,5,-0.1392
11006.png,5,-0.3932
11007.png,5,-0.5708000000000001
11008.png,5,-0.56
11009.png,5,-0.56
11010.png,5,-0.56
11011.png,5,-0.5928
11012.png,5,-0.5888
11013.png,5,-0.5888
11014.png,5,-0.5476
11015.png,5,-0.5480999999999999
11016.png,5,-0.5480999999999999
11017.png,5,-0.4975
11018.png,5,-0.50025
11019.png,5,-0.40824999999999995
11020.png,5,-0.41324999999999995
11021.png,5,-0.41324999999999995
11022.png,5,-0.29825
11023.png,5,-0.3045
11024.png,5,-0.18134999999999998
11025.png,5,-0.1886
11026.png,5,-0.1886
11027.png,5,-0.046
11028.png,5,-0.055
11029.png,13,0.055850000000000004
11030.png,13,0.048600000000000004
11031.png,5,0.2225
11032.png,5,0.215
11033.png,5,0.215
11034.png,5,0.3239
11035.png,5,0.3174
11036.png,5,0.3174
11037.png,5,0.39674999999999994
11038.png,5,0.39149999999999996
11039.png,5,0.39149999999999996
11040.png,5,0.3685
11041.png,5,0.368
11042.png,5,0.33825000000000005
11043.png,5,0.34
11044.png,5,0.34
11045.png,5,0.27625000000000005
11046.png,5,0.28
11047.png,5,0.28
11048.png,5,0.22169999999999998
11049.png,5,0.1296
11050.png,5,0.13485
11051.png,5,0.13485
11052.png,5,0.02445
11053.png,5,0.030449999999999998
11054.png,5,0.030449999999999998
11055.png,5,-0.0842
11056.png,5,-0.07819999999999999
11057.png,5,-0.1857
11058.png,5,-0.18
11059.png,13,-0.14735
11060.png,13,-0.1431
11061.png,5,-0.34980000000000006
11062.png,5,-0.34500000000000003
11063.png,5,-0.3874
11064.png,5,-0.385
11065.png,5,-0.43154999999999993
11066.png,5,-0.42629999999999996
11067.png,5,-0.46425
11068.png,5,-0.46
11069.png,5,-0.43584999999999996
11070.png,5,-0.43934999999999996
11071.png,5,-0.34735
11072.png,5,-0.35235
11073.png,5,-0.21434999999999998
11074.png,5,-0.22185
11075.png,5,-0.060000000000000005
11076.png,5,-0.069
11077.png,13,0.0775
11078.png,13,0.0675
11079.png,5,0.337
11080.png,5,0.325
11081.png,5,0.44834999999999997
11082.png,5,0.43934999999999996
11083.png,5,0.591
11084.png,5,0.58
11085.png,5,0.733
11086.png,5,0.724
11087.png,5,0.741
11088.png,5,0.74
11089.png,5,0.65775
11090.png,5,0.6599999999999999
11091.png,5,0.556
11092.png,5,0.5625
11093.png,5,0.4105
11094.png,5,0.42
11095.png,5,0.23975
11096.png,5,0.252
11097.png,5,0.026750000000000003
11098.png,5,0.04
11099.png,5,-0.2141
11100.png,5,-0.2001
11101.png,13,-0.28350000000000003
11102.png,13,-0.27
11103.png,5,-0.7024999999999999
11104.png,5,-0.69
11105.png,5,-0.8226999999999999
11106.png,5,-0.8134499999999999
11107.png,5,-1.02425
11108.png,5,-1.008
11109.png,5,-1.145
11110.png,5,-1.1325
11111.png,5,-1.0685
11112.png,5,-1.0725
11113.png,5,-0.9365
11114.png,5,-0.945
11115.png,5,-0.709
11116.png,5,-0.72375
11117.png,5,-0.43174999999999997
11118.png,5,-0.44999999999999996
11119.png,5,-0.1145
11120.png,5,-0.136
11121.png,5,0.2898
11122.png,5,0.2668
11123.png,5,0.713
11124.png,5,0.69
11125.png,5,1.0296999999999998
11126.png,5,1.0091999999999999
11127.png,5,1.20425
11128.png,5,1.188
11129.png,5,1.27375
11130.png,5,1.26375
11131.png,5,1.31575
11132.png,5,1.3125
11133.png,5,1.2565
11134.png,5,1.26
11135.png,5,1.026
11136.png,5,1.036
11137.png,5,0.811
11138.png,5,0.8260000000000001
11139.png,5,0.565
11140.png,5,0.585
11141.png,5,0.233
11142.png,5,0.255
11143.png,5,-0.13175
11144.png,5,-0.108
11145.png,5,-0.5994999999999999
11146.png,5,-0.575
11147.png,5,-1.0211999999999999
11148.png,5,-0.9982
11149.png,9,-0.74495
11150.png,9,-0.7252
11151.png,5,-1.326
11152.png,5,-1.3125
11153.png,5,-1.3924999999999998
11154.png,5,-1.3875
11155.png,5,-1.4794999999999998
11156.png,5,-1.47375
11157.png,5,-1.49375
11158.png,5,-1.4925
11159.png,5,-1.2565
11160.png,5,-1.27125
11161.png,5,-0.88275
11162.png,5,-0.903
11163.png,5,-0.5795
11164.png,5,-0.60375
11165.png,5,-0.20375
11166.png,5,-0.22874999999999998
11167.png,5,0.16825
11168.png,5,0.14400000000000002
11169.png,5,0.6517
11170.png,5,0.625
11171.png,5,0.625
11172.png,5,0.8887499999999999
11173.png,5,0.8699999999999999
11174.png,5,1.00825
11175.png,5,0.996
11176.png,9,0.67755
11177.png,9,0.6713
11178.png,9,0.6713
11179.png,5,1.0395
11180.png,5,1.03875
11181.png,5,1.03875
11182.png,5,1.04275
11183.png,5,1.0425
11184.png,5,0.93925
11185.png,5,0.9415
11186.png,5,0.9415
11187.png,5,0.78025
11188.png,5,0.791
11189.png,5,0.6234999999999999
11190.png,5,0.6375
11191.png,5,0.6375
11192.png,5,0.3855
11193.png,5,0.40125
11194.png,5,0.40125
11195.png,5,0.12924999999999998
11196.png,5,0.14625
11197.png,5,0.14625
11198.png,5,-0.12025000000000001
11199.png,5,-0.4106
11200.png,5,-0.3956
11201.png,5,-0.3956
11202.png,5,-0.7321
11203.png,5,-0.715
11204.png,5,-0.81985
11205.png,5,-0.8090999999999999
11206.png,5,-0.8781
11207.png,5,-0.87435
11208.png,5,-0.87435
11209.png,5,-0.77425
11210.png,5,-0.776
11211.png,5,-0.6867500000000001
11212.png,5,-0.6920000000000001
11213.png,5,-0.539
11214.png,5,-0.548
11215.png,5,-0.34825
11216.png,5,-0.36
11217.png,5,-0.14769999999999997
11218.png,5,-0.16094999999999998
11219.png,5,0.11710000000000001
11220.png,5,0.1
11221.png,5,0.4074
11222.png,5,0.39
11223.png,5,0.5785
11224.png,5,0.5655
11225.png,5,0.7070000000000001
11226.png,5,0.8150000000000001
11227.png,5,0.808
11228.png,5,0.808
11229.png,5,0.8504999999999999
11230.png,5,0.755
11231.png,5,0.7575
11232.png,5,0.6495
11233.png,5,0.65625
11234.png,5,0.65625
11235.png,5,0.50825
11236.png,5,0.5175
11237.png,5,0.34149999999999997
11238.png,5,0.3525
11239.png,5,0.155
11240.png,5,0.168
11241.png,5,-0.0841
11242.png,5,-0.0696
11243.png,5,-0.3549
11244.png,5,-0.3404
11245.png,5,-0.6562
11246.png,5,-0.64
11247.png,5,-0.773
11248.png,5,-0.76125
11249.png,5,-0.90845
11250.png,5,-0.90045
11251.png,5,-0.879
11252.png,5,-0.876
11253.png,5,-0.83775
11254.png,5,-0.84
11255.png,5,-0.73375
11256.png,5,-0.74
11257.png,5,-0.5615000000000001
11258.png,5,-0.5720000000000001
11259.png,5,-0.34675
11260.png,5,-0.36
11261.png,5,-0.10629999999999999
11262.png,5,-0.12179999999999999
11263.png,5,0.2098
11264.png,5,0.19
11265.png,5,0.5398000000000001
11266.png,5,0.52
11267.png,5,0.7283999999999999
11268.png,5,0.7133999999999999
11269.png,5,0.8514999999999999
11270.png,5,0.84
11271.png,5,0.9547500000000001
11272.png,5,0.9480000000000001
11273.png,9,0.59415
11274.png,9,0.5929
11275.png,5,0.8594999999999999
11276.png,5,0.8624999999999999
11277.png,5,0.7425
11278.png,5,0.75
11279.png,5,0.5820000000000001
11280.png,5,0.5925
11281.png,5,0.40049999999999997
11282.png,5,0.4125
11283.png,5,0.185
11284.png,5,0.2
11285.png,5,-0.08900000000000001
11286.png,5,-0.07200000000000001
11287.png,5,-0.39804999999999996
11288.png,5,-0.3818
11289.png,5,-0.7489
11290.png,5,-0.73
11291.png,5,-0.8834999999999998
11292.png,5,-0.8699999999999999
11293.png,5,-0.9530000000000001
11294.png,5,-0.9440000000000001
11295.png,5,-1.0035
11296.png,5,-1.0
11297.png,5,-0.9575
11298.png,5,-0.96
11299.png,5,-0.841
11300.png,5,-0.848
11301.png,5,-0.6567500000000001
11302.png,5,-0.668
11303.png,5,-0.41725
11304.png,5,-0.432
11305.png,5,-0.13024999999999998
11306.png,5,-0.148
11307.png,5,0.15475
11308.png,5,0.138
11309.png,5,0.4892
11310.png,5,0.47000000000000003
11311.png,5,0.6665
11312.png,5,0.6525
11313.png,5,0.7274999999999999
11314.png,5,0.72
11315.png,5,0.7625
11316.png,5,0.76
11317.png,5,0.7345
11318.png,5,0.736
11319.png,5,0.651
11320.png,5,0.656
11321.png,5,0.5285000000000001
11322.png,5,0.536
11323.png,5,0.3745
11324.png,5,0.384
11325.png,5,0.2055
11326.png,5,0.216
11327.png,5,0.024750000000000005
11328.png,5,0.036000000000000004
11329.png,5,-0.14485
11330.png,5,-0.13485
11331.png,5,-0.3405
11332.png,5,-0.33
11333.png,5,-0.4996
11334.png,5,-0.49
11335.png,5,-0.7444
11336.png,5,-0.73
11337.png,5,-0.92865
11338.png,5,-0.9154
11339.png,5,-1.1094499999999998
11340.png,5,-1.0961999999999998
11341.png,5,-1.317
11342.png,5,-1.305
11343.png,5,-1.4936
11344.png,5,-1.48335
11345.png,5,-1.48725
11346.png,5,-1.48
11347.png,5,-1.4474999999999998
11348.png,5,-1.4437499999999999
11349.png,5,-1.47175
11350.png,5,-1.47
11351.png,5,-1.6059999999999999
11352.png,5,-1.5975
11353.png,5,-1.5944999999999998
11354.png,5,-1.5795
11355.png,5,-1.849
11356.png,5,-1.82975
11357.png,5,-2.0117499999999997
11358.png,5,-1.9987499999999998
11359.png,-0.6,-1
11360.png,-0.6,-1
11361.png,-0.6,-1
11362.png,-0.6,-1
11363.png,-0.6,-1
11364.png,-0.6,-1
11365.png,-0.6,-1
11366.png,-0.6,-1
11367.png,-0.6,-1
11368.png,-0.6,-1
11369.png,-0.6,-1
11370.png,-0.6,-1
11371.png,-0.6,-1
11372.png,5,-2.01975
11373.png,5,-2.01825
11374.png,5,-1.9587499999999998
11375.png,5,-1.9629999999999999
11376.png,5,-1.9105
11377.png,5,-1.91425
11378.png,5,-1.91425
11379.png,5,-1.79175
11380.png,5,-1.8005
11381.png,5,-1.6255
11382.png,5,-1.638
11383.png,5,-1.435
11384.png,5,-1.4495
11385.png,5,-1.4495
11386.png,5,-1.336
11387.png,5,-1.351
11388.png,5,-1.351
11389.png,5,-1.12975
11390.png,5,-1.1445
11391.png,5,-1.1445
11392.png,5,-0.9345
11393.png,5,-0.9485
11394.png,5,-0.8082499999999999
11395.png,5,-0.8212499999999999
11396.png,5,-0.6492499999999999
11397.png,5,-0.6599999999999999
11398.png,5,-0.5722499999999999
11399.png,5,-0.58
11400.png,5,-0.461
11401.png,5,-0.468
11402.png,5,-0.468
11403.png,5,-0.332
11404.png,5,-0.34
11405.png,5,-0.20874999999999996
11406.png,5,-0.21749999999999997
11407.png,5,-0.21749999999999997
11408.png,5,-0.05055
11409.png,5,0.1417
11410.png,5,0.13
11411.png,5,0.13
11412.png,5,0.13
11413.png,5,0.3526
11414.png,5,0.46314999999999995
11415.png,5,0.45539999999999997
11416.png,5,0.45539999999999997
11417.png,5,0.52725
11418.png,5,0.522
11419.png,5,0.6462
11420.png,5,0.63945
11421.png,5,0.76825
11422.png,5,0.76125
11423.png,5,0.80625
11424.png,5,0.8
11425.png,5,0.868
11426.png,5,0.864
11427.png,5,0.864
11428.png,5,0.90225
11429.png,5,0.9
11430.png,5,0.9
11431.png,5,0.9085
11432.png,5,0.908
11433.png,5,0.908
11434.png,5,0.89525
11435.png,5,0.896
11436.png,5,0.896
11437.png,5,0.8535
11438.png,5,0.788
11439.png,5,0.792
11440.png,5,0.792
11441.png,5,0.724
11442.png,5,0.728
11443.png,5,0.728
11444.png,5,0.65575
11445.png,5,0.66
11446.png,5,0.5835
11447.png,5,0.588
11448.png,5,0.588
11449.png,5,0.5115000000000001
11450.png,5,0.516
11451.png,5,0.516
11452.png,5,0.4565
11453.png,5,0.46
11454.png,5,0.44504999999999995
11455.png,5,0.44804999999999995
11456.png,5,0.44804999999999995
11457.png,5,0.42045
11458.png,5,0.42195
11459.png,5,0.42195
11460.png,5,0.40354999999999996
11461.png,5,0.40454999999999997
11462.png,5,0.4278
11463.png,5,0.4278
11464.png,5,0.4278
11465.png,5,0.44234999999999997
11466.png,5,0.4416
11467.png,5,0.4707
11468.png,5,0.4692
11469.png,5,0.4983
11470.png,5,0.4968
11471.png,5,0.5356
11472.png,5,0.5336
11473.png,5,0.5336
11474.png,5,0.5724
11475.png,5,0.5704
11476.png,5,0.567
11477.png,5,0.5655
11478.png,5,0.5655
11479.png,5,0.6023
11480.png,5,0.6003
11481.png,5,0.6003
11482.png,5,0.6233
11483.png,5,0.62205
11484.png,5,0.6450499999999999
11485.png,5,0.6437999999999999
11486.png,5,0.6622
11487.png,5,0.6612
11488.png,5,0.6612
11489.png,5,0.6658
11490.png,5,0.66555
11491.png,5,0.66555
11492.png,5,0.66555
11493.png,5,0.66555
11494.png,5,0.66095
11495.png,5,0.6612
11496.png,5,0.6612
11497.png,5,0.652
11498.png,5,0.6525
11499.png,5,0.6341
11500.png,5,0.6351
11501.png,5,0.6166999999999999
11502.png,5,0.6176999999999999
11503.png,5,0.5992999999999999
11504.png,5,0.6003
11505.png,5,0.6094999999999999
11506.png,5,0.609
11507.png,5,0.609
11508.png,5,0.6826
11509.png,5,0.6786
11510.png,5,0.8258
11511.png,5,0.8178
11512.png,5,0.8178
11513.png,5,1.0156
11514.png,5,1.00485
11515.png,5,1.14925
11516.png,5,1.1360000000000001
11517.png,5,1.373
11518.png,5,1.35375
11519.png,5,1.63375
11520.png,5,1.61625
11521.png,5,1.61625
11522.png,5,1.61775
11523.png,5,1.60225
11524.png,5,1.7422499999999999
11525.png,5,1.7322499999999998
11526.png,5,1.80925
11527.png,5,1.80375
11528.png,5,1.80375
11529.png,5,1.78975
11530.png,5,1.7907499999999998
11531.png,5,1.65425
11532.png,5,1.664
11533.png,5,1.664
11534.png,5,1.4224999999999999
11535.png,5,1.4397499999999999
11536.png,5,1.20175
11537.png,5,1.225
11538.png,5,1.225
11539.png,5,0.8275
11540.png,5,0.854
11541.png,5,0.854
11542.png,5,0.4115
11543.png,5,0.441
11544.png,5,0.441
11545.png,5,-0.0155
11546.png,5,0.015
11547.png,5,-0.48125
11548.png,5,-0.452
11549.png,5,-0.452
11550.png,13,-0.6119
11551.png,13,-0.5859
11552.png,13,-0.5859
11553.png,5,-1.30275
11554.png,5,-1.28325
11555.png,5,-1.28325
11556.png,5,-1.60225
11557.png,5,-1.57125
11558.png,5,-1.71525
11559.png,5,-1.69
11560.png,5,-1.69
11561.png,5,-1.599
11562.png,5,-1.6055
11563.png,5,-1.6055
11564.png,5,-1.3989999999999998
11565.png,5,-1.4137499999999998
11566.png,5,-1.21875
11567.png,5,-1.239
11568.png,5,-1.239
11569.png,5,-0.8865000000000001
11570.png,5,-0.91
11571.png,5,-0.91
11572.png,5,-0.51625
11573.png,5,-0.5425
11574.png,5,-0.12525
11575.png,5,-0.15375
11576.png,5,-0.15375
11577.png,5,0.278
11578.png,5,0.252
11579.png,13,0.45330000000000004
11580.png,13,0.4293
11581.png,5,1.05045
11582.png,5,1.03095
11583.png,5,1.03095
11584.png,5,1.34875
11585.png,5,1.3199999999999998
11586.png,5,1.3199999999999998
11587.png,5,1.445
11588.png,5,1.4235
11589.png,5,1.4235
11590.png,5,1.4304999999999999
11591.png,5,1.43
11592.png,5,1.43
11593.png,5,1.3355
11594.png,5,1.34225
11595.png,5,1.2355
11596.png,5,1.2495
11597.png,5,0.9720000000000001
11598.png,5,0.9905
11599.png,5,0.653
11600.png,5,0.6755
11601.png,5,0.28374999999999995
11602.png,5,-0.15275
11603.png,5,-0.12375
11604.png,5,-0.12375
11605.png,5,-0.7532
11606.png,5,-0.7222
11607.png,5,-1.2071999999999998
11608.png,5,-1.1822
11609.png,5,-1.4813499999999997
11610.png,5,-1.4615999999999998
11611.png,5,-1.504
11612.png,5,-1.48875
11613.png,5,-1.56475
11614.png,5,-1.56
11615.png,5,-1.4919999999999998
11616.png,5,-1.4962499999999999
11617.png,5,-1.31225
11618.png,5,-1.32375
11619.png,5,-0.97675
11620.png,5,-0.994
11621.png,5,-0.705
11622.png,5,-0.7274999999999999
11623.png,5,-0.2955
11624.png,5,-0.3225
11625.png,5,0.12775
11626.png,5,0.1
11627.png,13,0.40675
11628.png,13,0.378
11629.png,5,1.1103999999999998
11630.png,5,1.0831499999999998
11631.png,5,1.29775
11632.png,5,1.275
11633.png,5,1.5425
11634.png,5,1.51125
11635.png,5,1.88225
11636.png,5,1.85575
11637.png,5,1.8977499999999998
11638.png,5,1.89475
11639.png,5,1.8737499999999998
11640.png,5,1.8752499999999999
11641.png,5,1.69675
11642.png,5,1.7095
11643.png,5,1.3909999999999998
11644.png,5,1.4137499999999998
11645.png,5,1.1025
11646.png,5,1.1305
11647.png,5,0.6204999999999999
11648.png,5,0.6545
11649.png,5,0.08925
11650.png,5,0.1275
11651.png,5,-0.5285
11652.png,5,-0.4875
11653.png,5,-1.5457
11654.png,5,-1.495
11655.png,5,-1.84625
11656.png,5,-1.808
11657.png,5,-1.8925
11658.png,5,-1.86225
11659.png,5,-1.9707499999999998
11660.png,5,-1.9629999999999999
11661.png,5,-1.9594999999999998
11662.png,5,-1.9597499999999999
11663.png,5,-1.89675
11664.png,5,-1.9012499999999999
11665.png,5,-1.70875
11666.png,5,-1.7225
11667.png,5,-1.404
11668.png,5,-1.42675
11669.png,5,-1.109
11670.png,5,-1.1375
11671.png,5,-0.6275
11672.png,5,-0.6615
11673.png,5,-0.10074999999999998
11674.png,5,-0.13874999999999998
11675.png,5,0.42575
11676.png,5,0.392
11677.png,13,0.5832
11678.png,13,0.5562
11679.png,9,0.7476999999999999
11680.png,9,0.7252
11681.png,5,1.706
11682.png,5,1.66875
11683.png,5,2.0062499999999996
11684.png,5,1.9662499999999998
11685.png,-0.6,1
11686.png,-0.6,1
11687.png,-0.6,1
11688.png,-0.6,1
11689.png,-0.6,1
11690.png,-0.6,1
11691.png,-0.6,1
11692.png,-0.6,1
11693.png,-0.6,1
11694.png,-0.6,1
11695.png,-0.6,1
11696.png,-0.6,1
11697.png,-0.6,1
11698.png,-0.6,1
11699.png,5,2.0607499999999996
11700.png,5,2.054
11701.png,5,2.005
11702.png,5,2.0084999999999997
11703.png,5,1.914
11704.png,5,1.92075
11705.png,5,1.60575
11706.png,5,1.62825
11707.png,5,1.18725
11708.png,5,1.21875
11709.png,5,0.7725
11710.png,5,0.8085
11711.png,5,0.21975
11712.png,5,0.259
11713.png,5,0.259
11714.png,5,-0.3345
11715.png,5,-0.29625
11716.png,5,-0.29625
11717.png,5,-1.0244499999999999
11718.png,5,-0.9874499999999999
11719.png,5,-1.6262
11720.png,5,-1.5962
11721.png,5,-1.5962
11722.png,5,-1.728
11723.png,5,-1.708
11724.png,5,-1.81
11725.png,5,-1.804
11726.png,5,-1.6152499999999999
11727.png,5,-1.6199999999999999
11728.png,5,-1.6199999999999999
11729.png,5,-1.428
11730.png,5,-1.44
11731.png,5,-1.1680000000000001
11732.png,5,-1.185
11733.png,5,-0.806
11734.png,5,-0.8260000000000001
11735.png,5,-0.8260000000000001
11736.png,5,-0.525
11737.png,5,-0.5475
11738.png,5,-0.5475
11739.png,5,-0.1875
11740.png,5,-0.21
11741.png,5,-0.21
11742.png,5,0.16119999999999998
11743.png,5,0.1392
11744.png,5,0.1392
11745.png,13,0.3224
11746.png,13,0.3024
11747.png,5,0.7861999999999999
11748.png,5,0.7699499999999999
11749.png,5,0.7699499999999999
11750.png,9,0.67125
11751.png,9,0.64925
11752.png,5,1.28175
11753.png,5,1.26375
11754.png,5,1.26375
11755.png,5,1.27975
11756.png,5,1.27875
11757.png,5,1.19875
11758.png,5,1.2037499999999999
11759.png,5,0.9285
11760.png,5,0.9415
11761.png,5,0.6940000000000001
11762.png,5,0.7105
11763.png,5,0.42125
11764.png,5,0.4425
11765.png,5,0.06249999999999999
11766.png,5,0.08625
11767.png,5,-0.34155
11768.png,5,-0.31755
11769.png,13,-0.48325
11770.png,5,-1.1442999999999999
11771.png,5,-1.1222999999999999
11772.png,5,-1.1222999999999999
11773.png,5,-1.321
11774.png,5,-1.304
11775.png,5,-1.3385
11776.png,5,-1.33125
11777.png,5,-1.29125
11778.png,5,-1.29375
11779.png,5,-1.17775
11780.png,5,-1.185
11781.png,5,-0.977
11782.png,5,-0.99
11783.png,5,-0.702
11784.png,5,-0.72
11785.png,5,-0.38
11786.png,5,-0.40125
11787.png,5,-0.02425
11788.png,5,-0.048
11789.png,5,0.4806
11790.png,5,0.45
11791.png,5,0.8285
11792.png,5,0.80475
11793.png,5,1.10125
11794.png,5,1.08
11795.png,5,1.2645
11796.png,5,1.24875
11797.png,5,1.38475
11798.png,5,1.37625
11799.png,5,1.40825
11800.png,5,1.40625
11801.png,5,1.32225
11802.png,5,1.3275
11803.png,5,1.0702500000000001
11804.png,5,1.0815000000000001
11805.png,5,0.8265
11806.png,5,0.8435
11807.png,5,0.5135
11808.png,5,0.5355
11809.png,5,0.18175
11810.png,5,0.20625
11811.png,5,-0.222
11812.png,5,-0.196
11813.png,5,-0.8015
11814.png,5,-0.77
11815.png,5,-1.174
11816.png,5,-1.15
11817.png,5,-1.4601
11818.png,5,-1.4398499999999999
11819.png,5,-1.44525
11820.png,5,-1.4324999999999999
11821.png,5,-1.4805
11822.png,5,-1.4775
11823.png,5,-1.3855
11824.png,5,-1.3912499999999999
11825.png,5,-1.19525
11826.png,5,-1.2075
11827.png,5,-0.8645
11828.png,5,-0.882
11829.png,5,-0.585
11830.png,5,-0.6074999999999999
11831.png,5,-0.1915
11832.png,5,-0.2175
11833.png,5,0.2491
11834.png,5,0.22185
11835.png,5,0.8327
11836.png,5,0.8
11837.png,5,1.1605999999999999
11838.png,5,1.1353499999999999
11839.png,5,1.30275
11840.png,5,1.2825
11841.png,5,1.4985
11842.png,5,1.4849999999999999
11843.png,5,1.601
11844.png,5,1.59375
11845.png,5,1.38475
11846.png,5,1.3844999999999998
11847.png,5,1.283
11848.png,5,1.29025
11849.png,5,1.1645
11850.png,5,1.1795
11851.png,5,0.8795
11852.png,5,0.8995
11853.png,5,0.5545
11854.png,5,0.5775
11855.png,5,0.19475
11856.png,5,0.22125
11857.png,5,-0.23875
11858.png,5,-0.21
11859.png,5,-0.7716999999999999
11860.png,5,-0.7452
11861.png,5,-1.1235000000000002
11862.png,5,-1.104
11863.png,9,-0.723
11864.png,9,-0.7105
11865.png,5,-1.21525
11866.png,5,-1.212
11867.png,5,-1.09225
11868.png,5,-1.095
11869.png,5,-1.087
11870.png,5,-1.0875
11871.png,5,-1.0475
11872.png,5,-1.05
11873.png,5,-0.842
11874.png,5,-0.855
11875.png,5,-0.587
11876.png,5,-0.60375
11877.png,5,-0.29974999999999996
11878.png,5,-0.31875
11879.png,5,-0.012750000000000001
11880.png,5,-0.032
11881.png,5,0.3416
11882.png,5,0.32
11883.png,5,0.6486
11884.png,5,0.63
11885.png,5,0.63
11886.png,5,0.7596999999999999
11887.png,5,0.7482
11888.png,5,0.7482
11889.png,5,0.7815
11890.png,5,0.776
11891.png,5,0.7845
11892.png,5,0.784
11893.png,5,0.73725
11894.png,5,0.74
11895.png,5,0.74
11896.png,5,0.621
11897.png,5,0.628
11898.png,5,0.628
11899.png,5,0.43674999999999997
11900.png,5,0.44625
11901.png,5,0.28475
11902.png,5,0.296
11903.png,5,0.09625
11904.png,5,0.108
11905.png,5,-0.08954999999999999
11906.png,5,-0.0783
11907.png,5,-0.0783
11908.png,5,-0.2768
11909.png,5,-0.2668
11910.png,13,-0.25395
11911.png,13,-0.2457
11912.png,13,-0.2457
11913.png,5,-0.5663
11914.png,5,-0.56
11915.png,5,-0.6803999999999999
11916.png,5,-0.6698999999999999
11917.png,5,-0.6698999999999999
11918.png,5,-0.75625
11919.png,5,-0.748
11920.png,5,-0.6715000000000001
11921.png,5,-0.676
11922.png,5,-0.54
11923.png,5,-0.548
11924.png,5,-0.548
11925.png,5,-0.3695
11926.png,5,-0.38
11927.png,5,-0.38
11928.png,5,-0.19244999999999998
11929.png,5,-0.20445
11930.png,5,0.01175
11931.png,5,-0.0
11932.png,5,-0.0
11933.png,13,0.1298
11934.png,13,0.1188
11935.png,13,0.1188
11936.png,5,0.38184999999999997
11937.png,5,0.3726
11938.png,5,0.3726
11939.png,5,0.5731499999999999
11940.png,5,0.5611499999999999
11941.png,5,0.5611499999999999
11942.png,5,0.669
11943.png,5,0.66
11944.png,5,0.66
11945.png,5,0.66425
11946.png,5,0.664
11947.png,5,0.664
11948.png,5,0.596
11949.png,5,0.6
11950.png,5,0.6
11951.png,5,0.48525
11952.png,5,0.492
11953.png,5,0.492
11954.png,5,0.34325
11955.png,5,0.352
11956.png,5,0.352
11957.png,5,0.18625
11958.png,5,0.196
11959.png,5,0.029149999999999995
11960.png,5,0.03915
11961.png,5,-0.13805
11962.png,5,-0.1288
11963.png,5,-0.3149
11964.png,5,-0.305
11965.png,5,-0.305
11966.png,5,-0.4375
11967.png,5,-0.43
11968.png,5,-0.5042
11969.png,5,-0.5
11970.png,5,-0.48424999999999996
11971.png,5,-0.483
11972.png,5,-0.44295
11973.png,5,-0.4437
11974.png,5,-0.37929999999999997
11975.png,5,-0.3828
11976.png,5,-0.2981
11977.png,5,-0.3036
11978.png,5,-0.16294999999999998
11979.png,5,-0.1702
11980.png,5,-0.015400000000000002
11981.png,5,-0.025
11982.png,5,0.15519999999999998
11983.png,5,0.145
11984.png,5,0.29345
11985.png,5,0.2852
11986.png,5,0.40309999999999996
11987.png,5,0.39585
11988.png,5,0.45325
11989.png,5,0.448
11990.png,5,0.49474999999999997
11991.png,5,0.492
11992.png,5,0.49624999999999997
11993.png,5,0.496
11994.png,5,0.45775000000000005
11995.png,5,0.46
11996.png,5,0.37925000000000003
11997.png,5,0.384
11998.png,5,0.26925000000000004
11999.png,5,0.276
12000.png,5,0.13575
12001.png,5,0.14400000000000002
12002.png,5,-0.0182
12003.png,5,-0.0087
12004.png,5,-0.1935
12005.png,5,-0.184
12006.png,13,-0.21420000000000003
12007.png,13,-0.20520000000000002
12008.png,5,-0.5496000000000001
12009.png,5,-0.54
12010.png,5,-0.571
12011.png,5,-0.5655
12012.png,5,-0.6985
12013.png,5,-0.6880000000000001
12014.png,5,-0.8240000000000001
12015.png,5,-0.8160000000000001
12016.png,5,-0.7565000000000001
12017.png,5,-0.76
12018.png,5,-0.64525
12019.png,5,-0.652
12020.png,5,-0.46925
12021.png,5,-0.48
12022.png,5,-0.242
12023.png,5,-0.256
12024.png,5,0.016
12025.png,5,-0.0
12026.png,13,0.19469999999999998
12027.png,13,0.1782
12028.png,5,0.5815
12029.png,5,0.5655
12030.png,5,0.758
12031.png,5,0.744
12032.png,9,0.6501
12033.png,9,0.6321
12034.png,5,1.2074999999999998
12035.png,5,1.1925
12036.png,5,1.2045
12037.png,5,1.2037499999999999
12038.png,5,1.19575
12039.png,5,1.19625
12040.png,5,1.0265
12041.png,5,1.0325
12042.png,5,0.8075
12043.png,5,0.8225
12044.png,5,0.56925
12045.png,5,0.58875
12046.png,5,0.22075
12047.png,5,0.24375
12048.png,5,-0.1565
12049.png,5,-0.132
12050.png,5,-0.6465
12051.png,5,-0.621
12052.png,5,-1.08175
12053.png,5,-1.058
12054.png,5,-1.3684999999999998
12055.png,5,-1.3484999999999998
12056.png,5,-1.3865
12057.png,5,-1.3725
12058.png,5,-1.4485
12059.png,5,-1.4437499999999999
12060.png,5,-1.37975
12061.png,5,-1.38375
12062.png,5,-1.21575
12063.png,5,-1.22625
12064.png,5,-0.90825
12065.png,5,-0.924
12066.png,5,-0.6859999999999999
12067.png,5,-0.705
12068.png,5,-0.369
12069.png,5,-0.39
12070.png,5,-0.059
12071.png,5,-0.08
12072.png,5,0.3057
12073.png,5,0.2852
12074.png,5,0.6916
12075.png,5,0.67
12076.png,5,0.8220999999999999
12077.png,5,0.8090999999999999
12078.png,5,0.8714999999999999
12079.png,5,0.864
12080.png,5,0.8895
12081.png,5,0.888
12082.png,5,0.84975
12083.png,5,0.852
12084.png,5,0.69875
12085.png,5,0.705
12086.png,5,0.5609999999999999
12087.png,5,0.57
12088.png,5,0.39399999999999996
12089.png,5,0.40499999999999997
12090.png,5,0.22799999999999998
12091.png,5,0.24
12092.png,5,0.036000000000000004
12093.png,5,0.048
12094.png,5,-0.1502
12095.png,5,-0.1392
12096.png,5,-0.1392
12097.png,5,-0.372
12098.png,5,-0.36
12099.png,5,-0.5296000000000001
12100.png,5,-0.52
12101.png,5,-0.52
12102.png,5,-0.5657
12103.png,5,-0.5612
12104.png,5,-0.5612
12105.png,5,-0.5398999999999999
12106.png,5,-0.5394
12107.png,5,-0.5394
12108.png,5,-0.49339999999999995
12109.png,5,-0.41309999999999997
12110.png,5,-0.41759999999999997
12111.png,5,-0.41759999999999997
12112.png,5,-0.41759999999999997
12113.png,5,-0.3118
12114.png,5,-0.21455
12115.png,5,-0.2208
12116.png,5,-0.2208
12117.png,5,-0.2208
12118.png,5,-0.0969
12119.png,5,-0.105
12120.png,5,0.022199999999999998
12121.png,5,0.015
12122.png,5,0.1528
12123.png,5,0.145
12124.png,5,0.145
12125.png,5,0.251
12126.png,5,0.245
12127.png,5,0.28845
12128.png,5,0.2852
12129.png,5,0.2852
12130.png,5,0.29729999999999995
12131.png,5,0.29579999999999995
12132.png,5,0.29579999999999995
12133.png,5,0.28659999999999997
12134.png,5,0.28709999999999997
12135.png,5,0.28709999999999997
12136.png,5,0.2549
12137.png,5,0.25665
12138.png,5,0.25665
12139.png,5,0.20604999999999998
12140.png,5,0.20879999999999999
12141.png,5,0.14439999999999997
12142.png,5,0.14789999999999998
12143.png,5,0.14789999999999998
12144.png,5,0.06969999999999998
12145.png,5,0.07394999999999999
12146.png,5,0.0005999999999999998
12147.png,5,0.0046
12148.png,5,0.0046
12149.png,5,-0.07450000000000001
12150.png,5,-0.07
12151.png,5,-0.1336
12152.png,5,-0.13
12153.png,5,-0.13
12154.png,5,-0.17770000000000002
12155.png,5,-0.17500000000000002
12156.png,13,-0.1063
12157.png,5,-0.2056
12158.png,5,-0.20500000000000002
12159.png,5,-0.19440000000000002
12160.png,5,-0.195
12161.png,5,-0.1579
12162.png,5,-0.16
12163.png,13,-0.05395
12164.png,13,-0.0567
12165.png,13,-0.0567
12166.png,13,-0.027200000000000002
12167.png,13,-0.0060999999999999995
12168.png,13,-0.0081
12169.png,13,-0.0081
12170.png,13,-0.0022
12171.png,5,0.0109
12172.png,5,0.01
12173.png,5,0.025900000000000003
12174.png,5,0.025
12175.png,5,0.025
12176.png,5,0.0462
12177.png,5,0.045
12178.png,5,0.0768
12179.png,5,0.10679999999999999
12180.png,5,0.105
12181.png,5,0.11599999999999999
12182.png,5,0.11499999999999999
12183.png,5,0.11985
12184.png,5,0.1196
12185.png,5,0.1099
12186.png,5,0.1104
12187.png,5,0.09584999999999999
12188.png,5,0.09659999999999999
12189.png,5,0.0675
12190.png,5,0.069
12191.png,5,0.069
12192.png,5,0.03505
12193.png,5,0.0368
12194.png,5,0.0029000000000000002
12195.png,5,0.005
12196.png,5,-0.0321
12197.png,5,-0.03
12198.png,5,-0.0671
12199.png,5,-0.065
12200.png,5,-0.0968
12201.png,5,-0.095
12202.png,5,-0.1215
12203.png,5,-0.12
12204.png,13,-0.07365000000000001
12205.png,13,-0.0729
12206.png,13,-0.0729
12207.png,13,-0.0729
12208.png,13,-0.0611
12209.png,13,-0.0621
12210.png,5,-0.13620000000000002
12211.png,5,-0.135
12212.png,5,-0.1986
12213.png,5,-0.195
12214.png,5,-0.2279
12215.png,5,-0.2254
12216.png,5,-0.22055
12217.png,5,-0.2208
12218.png,5,-0.17110000000000003
12219.png,5,-0.17500000000000002
12220.png,5,-0.0796
12221.png,5,-0.085
12222.png,13,0.019000000000000003
12223.png,13,0.013500000000000002
12224.png,5,0.1469
12225.png,5,0.14
12226.png,5,0.24035
12227.png,5,0.2346
12228.png,5,0.34145
12229.png,5,0.33494999999999997
12230.png,5,0.393
12231.png,5,0.388
12232.png,5,0.41350000000000003
12233.png,5,0.41200000000000003
12234.png,5,0.39925000000000005
12235.png,5,0.4
12236.png,5,0.35325
12237.png,5,0.356
12238.png,5,0.27525000000000005
12239.png,5,0.28
12240.png,5,0.16949999999999998
12241.png,5,0.176
12242.png,5,0.053399999999999996
12243.png,5,0.060899999999999996
12244.png,5,-0.09079999999999999
12245.png,5,-0.0828
12246.png,5,-0.2596
12247.png,5,-0.25
12248.png,5,-0.4037
12249.png,5,-0.395
12250.png,5,-0.47495
12251.png,5,-0.4692
12252.png,5,-0.5080999999999999
12253.png,5,-0.5045999999999999
12254.png,5,-0.5137999999999999
12255.png,5,-0.5133
12256.png,5,-0.4719
12257.png,5,-0.47414999999999996
12258.png,5,-0.38675
12259.png,5,-0.39149999999999996
12260.png,5,-0.2673
12261.png,5,-0.27404999999999996
12262.png,5,-0.12489999999999998
12263.png,5,-0.1334
12264.png,5,0.0564
12265.png,5,0.045
12266.png,5,0.2517
12267.png,5,0.24
12268.png,5,0.3954
12269.png,5,0.38639999999999997
12270.png,5,0.5034
12271.png,5,0.49589999999999995
12272.png,5,0.541
12273.png,5,0.536
12274.png,5,0.5700000000000001
12275.png,5,0.5680000000000001
12276.png,5,0.5467500000000001
12277.png,5,0.548
12278.png,5,0.48425
12279.png,5,0.488
12280.png,5,0.3775
12281.png,5,0.384
12282.png,5,0.2395
12283.png,5,0.248
12284.png,5,0.078
12285.png,5,0.088
12286.png,5,-0.08369999999999998
12287.png,5,-0.07394999999999999
12288.png,5,-0.2599
12289.png,5,-0.25
12290.png,13,-0.21170000000000003
12291.png,13,-0.20520000000000002
12292.png,5,-0.46480000000000005
12293.png,5,-0.46
12294.png,5,-0.5474
12295.png,5,-0.5394
12296.png,5,-0.61075
12297.png,5,-0.604
12298.png,5,-0.54025
12299.png,5,-0.544
12300.png,5,-0.4335
12301.png,5,-0.44
12302.png,5,-0.3175
12303.png,5,-0.32625
12304.png,5,-0.32625
12305.png,5,-0.15144999999999997
12306.png,5,-0.16094999999999998
12307.png,5,-0.16094999999999998
12308.png,5,0.026999999999999996
12309.png,5,0.015
12310.png,5,0.015
12311.png,13,0.11430000000000001
12312.png,13,0.1053
12313.png,13,0.1053
12314.png,5,0.32975
12315.png,5,0.322
12316.png,5,0.322
12317.png,5,0.47009999999999996
12318.png,5,0.46109999999999995
12319.png,5,0.46109999999999995
12320.png,5,0.54725
12321.png,5,0.54
12322.png,5,0.54
12323.png,5,0.54
12324.png,5,0.54
12325.png,5,0.48475
12326.png,5,0.488
12327.png,5,0.488
12328.png,5,0.3945
12329.png,5,0.4
12330.png,5,0.281
12331.png,5,0.28800000000000003
12332.png,5,0.28800000000000003
12333.png,5,0.152
12334.png,5,0.16
12335.png,5,0.16
12336.png,5,0.022199999999999998
12337.png,5,0.030449999999999998
12338.png,5,-0.11815
12339.png,5,-0.1104
12340.png,5,-0.1104
12341.png,5,-0.2631
12342.png,5,-0.255
12343.png,13,-0.1967
12344.png,13,-0.1917
12345.png,13,-0.1917
12346.png,5,-0.41330000000000006
12347.png,5,-0.41000000000000003
12348.png,5,-0.41000000000000003
12349.png,5,-0.47169999999999995
12350.png,5,-0.46545
12351.png,5,-0.51725
12352.png,5,-0.512
12353.png,5,-0.4525
12354.png,5,-0.3993
12355.png,5,-0.40454999999999997
12356.png,5,-0.26654999999999995
12357.png,5,-0.27404999999999996
12358.png,5,-0.27404999999999996
12359.png,5,-0.12004999999999999
12360.png,5,0.0455
12361.png,5,0.035
12362.png,5,0.035
12363.png,5,0.2311
12364.png,5,0.22
12365.png,5,0.35760000000000003
12366.png,5,0.3496
12367.png,5,0.44099999999999995
12368.png,5,0.48075
12369.png,5,0.47600000000000003
12370.png,5,0.51
12371.png,5,0.508
12372.png,5,0.508
12373.png,5,0.491
12374.png,5,0.424
12375.png,5,0.428
12376.png,5,0.428
12377.png,5,0.33025000000000004
12378.png,5,0.336
12379.png,5,0.21275
12380.png,5,0.22
12381.png,5,0.08745
12382.png,5,0.0957
12383.png,5,-0.0745
12384.png,5,-0.06525
12385.png,5,-0.2711
12386.png,5,-0.26
12387.png,5,-0.4402
12388.png,5,-0.43
12389.png,5,-0.5314
12390.png,5,-0.5244
12391.png,5,-0.5786999999999999
12392.png,5,-0.5741999999999999
12393.png,5,-0.5972
12394.png,5,-0.59595
12395.png,5,-0.50975
12396.png,5,-0.512
12397.png,5,-0.43125
12398.png,5,-0.436
12399.png,5,-0.33614999999999995
12400.png,5,-0.34364999999999996
12401.png,5,-0.16884999999999997
12402.png,5,-0.17834999999999998
12403.png,5,0.0016999999999999984
12404.png,5,-0.01
12405.png,5,0.2179
12406.png,5,0.20500000000000002
12407.png,5,0.38744999999999996
12408.png,5,0.3772
12409.png,5,0.5223
12410.png,5,0.5133
12411.png,5,0.5825
12412.png,5,0.5760000000000001
12413.png,5,0.627
12414.png,5,0.624
12415.png,5,0.61975
12416.png,5,0.62
12417.png,5,0.5647500000000001
12418.png,5,0.5680000000000001
12419.png,5,0.466
12420.png,5,0.47200000000000003
12421.png,5,0.32325000000000004
12422.png,5,0.332
12423.png,5,0.1535
12424.png,5,0.164
12425.png,5,-0.037849999999999995
12426.png,5,-0.026099999999999998
12427.png,5,-0.2701
12428.png,5,-0.2576
12429.png,5,-0.5132
12430.png,5,-0.5
12431.png,5,-0.6443
12432.png,5,-0.6348
12433.png,5,-0.7291
12434.png,5,-0.7221
12435.png,5,-0.715
12436.png,5,-0.712
12437.png,5,-0.6865000000000001
12438.png,5,-0.6880000000000001
12439.png,5,-0.59875
12440.png,5,-0.604
12441.png,5,-0.468
12442.png,5,-0.47600000000000003
12443.png,5,-0.306
12444.png,5,-0.316
12445.png,5,-0.15044999999999997
12446.png,5,-0.16094999999999998
12447.png,5,0.0376
12448.png,5,0.025
12449.png,13,0.12855
12450.png,13,0.1188
12451.png,5,0.36245
12452.png,5,0.3542
12453.png,5,0.51435
12454.png,5,0.5045999999999999
12455.png,5,0.5045999999999999
12456.png,5,0.59575
12457.png,5,0.588
12458.png,5,0.588
12459.png,5,0.58375
12460.png,5,0.584
12461.png,5,0.584
12462.png,5,0.5245000000000001
12463.png,5,0.528
12464.png,5,0.528
12465.png,5,0.42175
12466.png,5,0.428
12467.png,5,0.29625
12468.png,5,0.304
12469.png,5,0.304
12470.png,5,0.15525
12471.png,5,0.164
12472.png,5,0.012749999999999997
12473.png,5,0.02175
12474.png,5,-0.13705
12475.png,5,-0.1288
12476.png,5,-0.1288
12477.png,5,-0.28840000000000005
12478.png,5,-0.28
12479.png,5,-0.3913
12480.png,5,-0.385
12481.png,5,-0.46980000000000005
12482.png,5,-0.465
12483.png,5,-0.47145
12484.png,5,-0.4692
12485.png,5,-0.4437
12486.png,5,-0.4437
12487.png,5,-0.38849999999999996
12488.png,5,-0.2995
12489.png,5,-0.3045
12490.png,5,-0.3045
12491.png,5,-0.19105
12492.png,5,-0.1978
12493.png,5,-0.06659999999999999
12494.png,5,-0.075
12495.png,13,0.048
12496.png,13,0.0405
12497.png,5,0.2446
12498.png,5,0.23500000000000001
12499.png,5,0.352
12500.png,5,0.345
12501.png,5,0.4445
12502.png,5,0.436
12503.png,5,0.5507500000000001
12504.png,5,0.544
12505.png,5,0.561
12506.png,5,0.56
12507.png,5,0.53025
12508.png,5,0.532
12509.png,5,0.45975000000000005
12510.png,5,0.464
12511.png,5,0.34075000000000005
12512.png,5,0.34800000000000003
12513.png,5,0.19075
12514.png,5,0.2
12515.png,5,0.019699999999999995
12516.png,5,0.030449999999999998
12517.png,5,-0.17635
12518.png,5,-0.1656
12519.png,5,-0.4132
12520.png,5,-0.4
12521.png,5,-0.6013999999999999
12522.png,5,-0.59
12523.png,5,-0.6512999999999999
12524.png,5,-0.6437999999999999
12525.png,5,-0.7081999999999999
12526.png,5,-0.7047
12527.png,5,-0.6395000000000001
12528.png,5,-0.64
12529.png,5,-0.5720000000000001
12530.png,5,-0.5760000000000001
12531.png,5,-0.45275000000000004
12532.png,5,-0.46
12533.png,5,-0.32085
12534.png,5,-0.3306
12535.png,5,-0.1236
12536.png,5,-0.13485
12537.png,5,0.1047
12538.png,5,0.09
12539.png,5,0.3497
12540.png,5,0.335
12541.png,5,0.5076499999999999
12542.png,5,0.49589999999999995
12543.png,5,0.6174999999999999
12544.png,5,0.608
12545.png,5,0.71
12546.png,5,0.704
12547.png,5,0.738
12548.png,5,0.736
12549.png,5,0.7105
12550.png,5,0.712
12551.png,5,0.627
12552.png,5,0.632
12553.png,5,0.49175
12554.png,5,0.5
12555.png,5,0.31725000000000003
12556.png,5,0.328
12557.png,5,0.107
12558.png,5,0.12
12559.png,5,-0.10869999999999999
12560.png,5,-0.0957
12561.png,5,-0.3326
12562.png,5,-0.32
12563.png,5,-0.5055
12564.png,5,-0.495
12565.png,5,-0.55725
12566.png,5,-0.552
12567.png,5,-0.5495999999999999
12568.png,5,-0.5480999999999999
12569.png,5,-0.5158999999999999
12570.png,5,-0.5176499999999999
12571.png,5,-0.44404999999999994
12572.png,5,-0.44804999999999995
12573.png,5,-0.34225
12574.png,5,-0.348
12575.png,5,-0.22735
12576.png,5,-0.2346
12577.png,5,-0.096
12578.png,5,-0.105
12579.png,5,0.054
12580.png,5,0.045
12581.png,5,0.045
12582.png,5,0.1881
12583.png,5,0.18
12584.png,5,0.18
12585.png,5,0.26744999999999997
12586.png,5,0.2622
12587.png,5,0.2622
12588.png,5,0.30774999999999997
12589.png,5,0.3045
12590.png,5,0.3045
12591.png,5,0.32749999999999996
12592.png,5,0.31705
12593.png,5,0.31755
12594.png,5,0.31755
12595.png,5,0.28075
12596.png,5,0.28275
12597.png,5,0.22754999999999997
12598.png,5,0.23054999999999998
12599.png,5,0.23054999999999998
12600.png,5,0.15694999999999998
12601.png,5,0.16094999999999998
12602.png,5,0.07815
12603.png,5,0.08265
12604.png,5,0.08265
12605.png,5,-0.00475
12606.png,5,-0.0
12607.png,5,-0.0
12608.png,5,-0.0901
12609.png,5,-0.1592
12610.png,5,-0.155
12611.png,13,-0.11910000000000001
12612.png,13,-0.11610000000000001
12613.png,5,-0.2574
12614.png,5,-0.255
12615.png,5,-0.3451
12616.png,5,-0.34
12617.png,5,-0.34
12618.png,5,-0.36479999999999996
12619.png,5,-0.31045
12620.png,5,-0.3132
12621.png,5,-0.23904999999999998
12622.png,5,-0.2438
12623.png,5,-0.2438
12624.png,5,-0.1484
12625.png,5,-0.155
12626.png,5,-0.027800000000000005
12627.png,5,-0.035
12628.png,5,0.1134
12629.png,5,0.105
12630.png,5,0.2481
12631.png,5,0.3238
12632.png,5,0.31755
12633.png,5,0.31755
12634.png,5,0.40035
12635.png,5,0.39585
12636.png,5,0.398
12637.png,5,0.396
12638.png,5,0.3875
12639.png,5,0.388
12640.png,5,0.34975
12641.png,5,0.352
12642.png,5,0.28400000000000003
12643.png,5,0.28800000000000003
12644.png,5,0.19025
12645.png,5,0.196
12646.png,5,0.09355
12647.png,5,0.10005
12648.png,5,-0.03485
12649.png,5,-0.0276
12650.png,5,-0.189
12651.png,5,-0.18
12652.png,13,-0.18275000000000002
12653.png,13,-0.17550000000000002
12654.png,5,-0.4469
12655.png,5,-0.44
12656.png,5,-0.4824
12657.png,5,-0.4784
12658.png,5,-0.595
12659.png,5,-0.5872499999999999
12660.png,5,-0.64625
12661.png,5,-0.64
12662.png,5,-0.5805
12663.png,5,-0.584
12664.png,5,-0.47775
12665.png,5,-0.484
12666.png,5,-0.32675000000000004
12667.png,5,-0.336
12668.png,5,-0.14919999999999997
12669.png,5,-0.16094999999999998
12670.png,5,0.0853
12671.png,5,0.07
12672.png,5,0.3509
12673.png,5,0.335
12674.png,5,0.5168499999999999
12675.png,5,0.5045999999999999
12676.png,5,0.63825
12677.png,5,0.628
12678.png,5,0.74275
12679.png,5,0.736
12680.png,5,0.7827500000000001
12681.png,5,0.78
12682.png,5,0.763
12683.png,5,0.764
12684.png,5,0.64025
12685.png,5,0.645
12686.png,5,0.5049999999999999
12687.png,5,0.5137499999999999
12688.png,5,0.344
12689.png,5,0.356
12690.png,5,0.12225000000000001
12691.png,5,0.136
12692.png,5,-0.1281
12693.png,5,-0.11309999999999999
12694.png,5,-0.4533
12695.png,5,-0.435
12696.png,5,-0.7477
12697.png,5,-0.73
12698.png,5,-0.8513
12699.png,5,-0.8395499999999999
12700.png,5,-0.98215
12701.png,5,-0.9743999999999999
12702.png,5,-0.9385
12703.png,5,-0.936
12704.png,5,-0.88925
12705.png,5,-0.892
12706.png,5,-0.76875
12707.png,5,-0.776
12708.png,5,-0.58475
12709.png,5,-0.596
12710.png,5,-0.36225
12711.png,5,-0.376
12712.png,5,-0.10529999999999999
12713.png,5,-0.12179999999999999
12714.png,5,0.2098
12715.png,5,0.19
12716.png,5,0.4949
12717.png,5,0.4784
12718.png,5,0.7238
12719.png,5,0.70905
12720.png,5,0.8474999999999999
12721.png,5,0.836
12722.png,9,0.5822499999999999
12723.png,9,0.57575
12724.png,5,0.9612499999999999
12725.png,5,0.96
12726.png,5,0.844
12727.png,5,0.8474999999999999
12728.png,9,0.4889
12729.png,9,0.4949
12730.png,5,0.6174999999999999
12731.png,5,0.62625
12732.png,5,0.39025
12733.png,5,0.40499999999999997
12734.png,5,0.1345
12735.png,5,0.152
12736.png,5,-0.19809999999999997
12737.png,5,-0.17834999999999998
12738.png,5,-0.5813
12739.png,5,-0.56
12740.png,5,-0.8256
12741.png,5,-0.8096
12742.png,5,-1.0094
12743.png,5,-0.99615
12744.png,5,-1.1433499999999999
12745.png,5,-1.1353499999999999
12746.png,5,-1.0695000000000001
12747.png,5,-1.068
12748.png,5,-1.00425
12749.png,5,-1.008
12750.png,5,-0.8465
12751.png,5,-0.856
12752.png,5,-0.62225
12753.png,5,-0.636
12754.png,5,-0.35125
12755.png,5,-0.368
12756.png,5,-0.05059999999999999
12757.png,5,-0.0696
12758.png,5,0.3334
12759.png,5,0.31
12760.png,5,0.64895
12761.png,5,0.6302
12762.png,5,0.89035
12763.png,5,0.87435
12764.png,5,1.00375
12765.png,5,0.992
12766.png,5,1.1195000000000002
12767.png,5,1.112
12768.png,5,1.0945
12769.png,5,1.09125
12770.png,5,1.05925
12771.png,5,1.06125
12772.png,5,0.9372499999999999
12773.png,5,0.945
12774.png,5,0.737
12775.png,5,0.75
12776.png,5,0.478
12777.png,5,0.495
12778.png,5,0.18800000000000003
12779.png,5,0.20800000000000002
12780.png,5,-0.17024999999999998
12781.png,5,-0.148
12782.png,5,-0.60185
12783.png,5,-0.5796
12784.png,5,-1.0752
12785.png,5,-1.05
12786.png,5,-1.2400999999999998
12787.png,5,-1.2223499999999998
12788.png,5,-1.44315
12789.png,5,-1.43115
12790.png,5,-1.28975
12791.png,5,-1.28625
12792.png,5,-1.22225
12793.png,5,-1.22625
12794.png,5,-1.0502500000000001
12795.png,5,-1.06125
12796.png,5,-0.86
12797.png,5,-0.876
12798.png,5,-0.5487500000000001
12799.png,5,-0.5680000000000001
12800.png,5,-0.18975
12801.png,5,-0.212
12802.png,5,0.16964999999999997
12803.png,5,0.14789999999999998
12804.png,5,0.5463
12805.png,5,0.525
12806.png,5,0.7546
12807.png,5,0.7406
12808.png,9,0.5186499999999999
12809.png,9,0.50715
12810.png,5,1.0065
12811.png,5,0.996
12812.png,5,1.149
12813.png,5,1.1400000000000001
12814.png,5,1.2567499999999998
12815.png,5,1.2449999999999999
12816.png,5,1.4009999999999998
