

================================================================
== Vitis HLS Report for 'StreamingMaxPool_Precision_Pipeline_VITIS_LOOP_158_6'
================================================================
* Date:           Fri Jun 12 09:15:35 2026

* Version:        2022.2.2 (Build 3779808 on Feb 17 2023)
* Project:        project_StreamingMaxPool_Batch_2
* Solution:       sol1 (Vivado IP Flow Target)
* Product family: zynq
* Target device:  xc7z020-clg400-1


================================================================
== Performance Estimates
================================================================
+ Timing: 
    * Summary: 
    +--------+----------+----------+------------+
    |  Clock |  Target  | Estimated| Uncertainty|
    +--------+----------+----------+------------+
    |ap_clk  |  10.00 ns|  5.824 ns|     2.70 ns|
    +--------+----------+----------+------------+

+ Latency: 
    * Summary: 
    +---------+---------+-----------+-----------+-----+-----+---------+
    |  Latency (cycles) |   Latency (absolute)  |  Interval | Pipeline|
    |   min   |   max   |    min    |    max    | min | max |   Type  |
    +---------+---------+-----------+-----------+-----+-----+---------+
    |        4|        4|  40.000 ns|  40.000 ns|    4|    4|       no|
    +---------+---------+-----------+-----------+-----+-----+---------+

    + Detail: 
        * Instance: 
        N/A

        * Loop: 
        +--------------------+---------+---------+----------+-----------+-----------+------+----------+
        |                    |  Latency (cycles) | Iteration|  Initiation Interval  | Trip |          |
        |      Loop Name     |   min   |   max   |  Latency |  achieved |   target  | Count| Pipelined|
        +--------------------+---------+---------+----------+-----------+-----------+------+----------+
        |- VITIS_LOOP_158_6  |        2|        2|         1|          1|          1|     2|  yes(flp)|
        +--------------------+---------+---------+----------+-----------+-----------+------+----------+

============================================================
+ Verbose Summary: Synthesis Manager
============================================================
InlineROM: 1
ExposeGlobal: 0
============================================================
+ Verbose Summary: CDFG Model
============================================================
IsTopModel: 0
ResetActiveHigh: 1
IsCombinational: 0
IsDatapathOnly: 0
HasWiredReturn: 1
HasMFsm: 1
HasVarLatency: 1
IsPipeline: 0
IsRtlPipelined: 0
IsInstanceOverlapped: 0
IsDontTouch: 0
HasImplIP: 0
IsGatedGlobalClock: 0

+ Individual pipeline summary: 
  * Pipeline-0: initiation interval (II) = 1, depth = 1


============================================================
+ Verbose Summary: Schedule
============================================================
* Number of FSM states : 1
* Pipeline : 1
  Pipeline-0 : II = 1, D = 1, States = { 1 }
* Dataflow Pipeline: 0

* FSM state transitions: 
1 --> 

* FSM state operations: 

State 1 <SV = 0> <Delay = 5.82>
ST_1 : Operation 4 [1/1] (0.00ns)   --->   "%kx = alloca i32 1"   --->   Operation 4 'alloca' 'kx' <Predicate = true> <Delay = 0.00>
ST_1 : Operation 5 [1/1] (0.00ns)   --->   "%oldMax_V = alloca i32 1"   --->   Operation 5 'alloca' 'oldMax_V' <Predicate = true> <Delay = 0.00>
ST_1 : Operation 6 [1/1] (0.00ns)   --->   "%oldMax_V_1 = alloca i32 1"   --->   Operation 6 'alloca' 'oldMax_V_1' <Predicate = true> <Delay = 0.00>
ST_1 : Operation 7 [1/1] (0.00ns)   --->   "%oldMax_V_2 = alloca i32 1"   --->   Operation 7 'alloca' 'oldMax_V_2' <Predicate = true> <Delay = 0.00>
ST_1 : Operation 8 [1/1] (0.00ns)   --->   "%oldMax_V_3 = alloca i32 1"   --->   Operation 8 'alloca' 'oldMax_V_3' <Predicate = true> <Delay = 0.00>
ST_1 : Operation 9 [1/1] (0.00ns)   --->   "%oldMax_V_4 = alloca i32 1"   --->   Operation 9 'alloca' 'oldMax_V_4' <Predicate = true> <Delay = 0.00>
ST_1 : Operation 10 [1/1] (0.00ns)   --->   "%oldMax_V_5 = alloca i32 1"   --->   Operation 10 'alloca' 'oldMax_V_5' <Predicate = true> <Delay = 0.00>
ST_1 : Operation 11 [1/1] (0.00ns)   --->   "%oldMax_V_6 = alloca i32 1"   --->   Operation 11 'alloca' 'oldMax_V_6' <Predicate = true> <Delay = 0.00>
ST_1 : Operation 12 [1/1] (0.00ns)   --->   "%oldMax_V_7 = alloca i32 1"   --->   Operation 12 'alloca' 'oldMax_V_7' <Predicate = true> <Delay = 0.00>
ST_1 : Operation 13 [1/1] (0.00ns)   --->   "%oldMax_V_8 = alloca i32 1"   --->   Operation 13 'alloca' 'oldMax_V_8' <Predicate = true> <Delay = 0.00>
ST_1 : Operation 14 [1/1] (0.00ns)   --->   "%oldMax_V_9 = alloca i32 1"   --->   Operation 14 'alloca' 'oldMax_V_9' <Predicate = true> <Delay = 0.00>
ST_1 : Operation 15 [1/1] (0.00ns)   --->   "%oldMax_V_10 = alloca i32 1"   --->   Operation 15 'alloca' 'oldMax_V_10' <Predicate = true> <Delay = 0.00>
ST_1 : Operation 16 [1/1] (0.00ns)   --->   "%oldMax_V_11 = alloca i32 1"   --->   Operation 16 'alloca' 'oldMax_V_11' <Predicate = true> <Delay = 0.00>
ST_1 : Operation 17 [1/1] (0.00ns)   --->   "%oldMax_V_12 = alloca i32 1"   --->   Operation 17 'alloca' 'oldMax_V_12' <Predicate = true> <Delay = 0.00>
ST_1 : Operation 18 [1/1] (0.00ns)   --->   "%oldMax_V_13 = alloca i32 1"   --->   Operation 18 'alloca' 'oldMax_V_13' <Predicate = true> <Delay = 0.00>
ST_1 : Operation 19 [1/1] (0.00ns)   --->   "%oldMax_V_14 = alloca i32 1"   --->   Operation 19 'alloca' 'oldMax_V_14' <Predicate = true> <Delay = 0.00>
ST_1 : Operation 20 [1/1] (0.00ns)   --->   "%oldMax_V_15 = alloca i32 1"   --->   Operation 20 'alloca' 'oldMax_V_15' <Predicate = true> <Delay = 0.00>
ST_1 : Operation 21 [1/1] (0.00ns)   --->   "%oldMax_V_16 = alloca i32 1"   --->   Operation 21 'alloca' 'oldMax_V_16' <Predicate = true> <Delay = 0.00>
ST_1 : Operation 22 [1/1] (0.00ns)   --->   "%oldMax_V_17 = alloca i32 1"   --->   Operation 22 'alloca' 'oldMax_V_17' <Predicate = true> <Delay = 0.00>
ST_1 : Operation 23 [1/1] (0.00ns)   --->   "%oldMax_V_18 = alloca i32 1"   --->   Operation 23 'alloca' 'oldMax_V_18' <Predicate = true> <Delay = 0.00>
ST_1 : Operation 24 [1/1] (0.00ns)   --->   "%oldMax_V_19 = alloca i32 1"   --->   Operation 24 'alloca' 'oldMax_V_19' <Predicate = true> <Delay = 0.00>
ST_1 : Operation 25 [1/1] (0.00ns)   --->   "%oldMax_V_20 = alloca i32 1"   --->   Operation 25 'alloca' 'oldMax_V_20' <Predicate = true> <Delay = 0.00>
ST_1 : Operation 26 [1/1] (0.00ns)   --->   "%oldMax_V_21 = alloca i32 1"   --->   Operation 26 'alloca' 'oldMax_V_21' <Predicate = true> <Delay = 0.00>
ST_1 : Operation 27 [1/1] (0.00ns)   --->   "%oldMax_V_22 = alloca i32 1"   --->   Operation 27 'alloca' 'oldMax_V_22' <Predicate = true> <Delay = 0.00>
ST_1 : Operation 28 [1/1] (0.00ns)   --->   "%oldMax_V_23 = alloca i32 1"   --->   Operation 28 'alloca' 'oldMax_V_23' <Predicate = true> <Delay = 0.00>
ST_1 : Operation 29 [1/1] (0.00ns)   --->   "%oldMax_V_24 = alloca i32 1"   --->   Operation 29 'alloca' 'oldMax_V_24' <Predicate = true> <Delay = 0.00>
ST_1 : Operation 30 [1/1] (0.00ns)   --->   "%oldMax_V_25 = alloca i32 1"   --->   Operation 30 'alloca' 'oldMax_V_25' <Predicate = true> <Delay = 0.00>
ST_1 : Operation 31 [1/1] (0.00ns)   --->   "%oldMax_V_26 = alloca i32 1"   --->   Operation 31 'alloca' 'oldMax_V_26' <Predicate = true> <Delay = 0.00>
ST_1 : Operation 32 [1/1] (0.00ns)   --->   "%oldMax_V_27 = alloca i32 1"   --->   Operation 32 'alloca' 'oldMax_V_27' <Predicate = true> <Delay = 0.00>
ST_1 : Operation 33 [1/1] (0.00ns)   --->   "%oldMax_V_28 = alloca i32 1"   --->   Operation 33 'alloca' 'oldMax_V_28' <Predicate = true> <Delay = 0.00>
ST_1 : Operation 34 [1/1] (0.00ns)   --->   "%oldMax_V_29 = alloca i32 1"   --->   Operation 34 'alloca' 'oldMax_V_29' <Predicate = true> <Delay = 0.00>
ST_1 : Operation 35 [1/1] (0.00ns)   --->   "%oldMax_V_30 = alloca i32 1"   --->   Operation 35 'alloca' 'oldMax_V_30' <Predicate = true> <Delay = 0.00>
ST_1 : Operation 36 [1/1] (0.00ns)   --->   "%oldMax_V_31 = alloca i32 1"   --->   Operation 36 'alloca' 'oldMax_V_31' <Predicate = true> <Delay = 0.00>
ST_1 : Operation 37 [1/1] (0.00ns)   --->   "%oldMax_V_32 = alloca i32 1"   --->   Operation 37 'alloca' 'oldMax_V_32' <Predicate = true> <Delay = 0.00>
ST_1 : Operation 38 [1/1] (0.00ns)   --->   "%oldMax_V_33 = alloca i32 1"   --->   Operation 38 'alloca' 'oldMax_V_33' <Predicate = true> <Delay = 0.00>
ST_1 : Operation 39 [1/1] (0.00ns)   --->   "%oldMax_V_34 = alloca i32 1"   --->   Operation 39 'alloca' 'oldMax_V_34' <Predicate = true> <Delay = 0.00>
ST_1 : Operation 40 [1/1] (0.00ns)   --->   "%oldMax_V_35 = alloca i32 1"   --->   Operation 40 'alloca' 'oldMax_V_35' <Predicate = true> <Delay = 0.00>
ST_1 : Operation 41 [1/1] (0.00ns)   --->   "%oldMax_V_36 = alloca i32 1"   --->   Operation 41 'alloca' 'oldMax_V_36' <Predicate = true> <Delay = 0.00>
ST_1 : Operation 42 [1/1] (0.00ns)   --->   "%oldMax_V_37 = alloca i32 1"   --->   Operation 42 'alloca' 'oldMax_V_37' <Predicate = true> <Delay = 0.00>
ST_1 : Operation 43 [1/1] (0.00ns)   --->   "%oldMax_V_38 = alloca i32 1"   --->   Operation 43 'alloca' 'oldMax_V_38' <Predicate = true> <Delay = 0.00>
ST_1 : Operation 44 [1/1] (0.00ns)   --->   "%oldMax_V_39 = alloca i32 1"   --->   Operation 44 'alloca' 'oldMax_V_39' <Predicate = true> <Delay = 0.00>
ST_1 : Operation 45 [1/1] (0.00ns)   --->   "%oldMax_V_40 = alloca i32 1"   --->   Operation 45 'alloca' 'oldMax_V_40' <Predicate = true> <Delay = 0.00>
ST_1 : Operation 46 [1/1] (0.00ns)   --->   "%oldMax_V_41 = alloca i32 1"   --->   Operation 46 'alloca' 'oldMax_V_41' <Predicate = true> <Delay = 0.00>
ST_1 : Operation 47 [1/1] (0.00ns)   --->   "%oldMax_V_42 = alloca i32 1"   --->   Operation 47 'alloca' 'oldMax_V_42' <Predicate = true> <Delay = 0.00>
ST_1 : Operation 48 [1/1] (0.00ns)   --->   "%oldMax_V_43 = alloca i32 1"   --->   Operation 48 'alloca' 'oldMax_V_43' <Predicate = true> <Delay = 0.00>
ST_1 : Operation 49 [1/1] (0.00ns)   --->   "%oldMax_V_44 = alloca i32 1"   --->   Operation 49 'alloca' 'oldMax_V_44' <Predicate = true> <Delay = 0.00>
ST_1 : Operation 50 [1/1] (0.00ns)   --->   "%oldMax_V_45 = alloca i32 1"   --->   Operation 50 'alloca' 'oldMax_V_45' <Predicate = true> <Delay = 0.00>
ST_1 : Operation 51 [1/1] (0.00ns)   --->   "%oldMax_V_46 = alloca i32 1"   --->   Operation 51 'alloca' 'oldMax_V_46' <Predicate = true> <Delay = 0.00>
ST_1 : Operation 52 [1/1] (0.00ns)   --->   "%oldMax_V_47 = alloca i32 1"   --->   Operation 52 'alloca' 'oldMax_V_47' <Predicate = true> <Delay = 0.00>
ST_1 : Operation 53 [1/1] (0.00ns)   --->   "%oldMax_V_48 = alloca i32 1"   --->   Operation 53 'alloca' 'oldMax_V_48' <Predicate = true> <Delay = 0.00>
ST_1 : Operation 54 [1/1] (0.00ns)   --->   "%oldMax_V_49 = alloca i32 1"   --->   Operation 54 'alloca' 'oldMax_V_49' <Predicate = true> <Delay = 0.00>
ST_1 : Operation 55 [1/1] (0.00ns)   --->   "%oldMax_V_50 = alloca i32 1"   --->   Operation 55 'alloca' 'oldMax_V_50' <Predicate = true> <Delay = 0.00>
ST_1 : Operation 56 [1/1] (0.00ns)   --->   "%oldMax_V_51 = alloca i32 1"   --->   Operation 56 'alloca' 'oldMax_V_51' <Predicate = true> <Delay = 0.00>
ST_1 : Operation 57 [1/1] (0.00ns)   --->   "%oldMax_V_52 = alloca i32 1"   --->   Operation 57 'alloca' 'oldMax_V_52' <Predicate = true> <Delay = 0.00>
ST_1 : Operation 58 [1/1] (0.00ns)   --->   "%oldMax_V_53 = alloca i32 1"   --->   Operation 58 'alloca' 'oldMax_V_53' <Predicate = true> <Delay = 0.00>
ST_1 : Operation 59 [1/1] (0.00ns)   --->   "%oldMax_V_54 = alloca i32 1"   --->   Operation 59 'alloca' 'oldMax_V_54' <Predicate = true> <Delay = 0.00>
ST_1 : Operation 60 [1/1] (0.00ns)   --->   "%oldMax_V_55 = alloca i32 1"   --->   Operation 60 'alloca' 'oldMax_V_55' <Predicate = true> <Delay = 0.00>
ST_1 : Operation 61 [1/1] (0.00ns)   --->   "%oldMax_V_56 = alloca i32 1"   --->   Operation 61 'alloca' 'oldMax_V_56' <Predicate = true> <Delay = 0.00>
ST_1 : Operation 62 [1/1] (0.00ns)   --->   "%oldMax_V_57 = alloca i32 1"   --->   Operation 62 'alloca' 'oldMax_V_57' <Predicate = true> <Delay = 0.00>
ST_1 : Operation 63 [1/1] (0.00ns)   --->   "%oldMax_V_58 = alloca i32 1"   --->   Operation 63 'alloca' 'oldMax_V_58' <Predicate = true> <Delay = 0.00>
ST_1 : Operation 64 [1/1] (0.00ns)   --->   "%oldMax_V_59 = alloca i32 1"   --->   Operation 64 'alloca' 'oldMax_V_59' <Predicate = true> <Delay = 0.00>
ST_1 : Operation 65 [1/1] (0.00ns)   --->   "%oldMax_V_60 = alloca i32 1"   --->   Operation 65 'alloca' 'oldMax_V_60' <Predicate = true> <Delay = 0.00>
ST_1 : Operation 66 [1/1] (0.00ns)   --->   "%oldMax_V_61 = alloca i32 1"   --->   Operation 66 'alloca' 'oldMax_V_61' <Predicate = true> <Delay = 0.00>
ST_1 : Operation 67 [1/1] (0.00ns)   --->   "%oldMax_V_62 = alloca i32 1"   --->   Operation 67 'alloca' 'oldMax_V_62' <Predicate = true> <Delay = 0.00>
ST_1 : Operation 68 [1/1] (0.00ns)   --->   "%oldMax_V_63 = alloca i32 1"   --->   Operation 68 'alloca' 'oldMax_V_63' <Predicate = true> <Delay = 0.00>
ST_1 : Operation 69 [1/1] (0.00ns)   --->   "%zext_ln156_read = read i3 @_ssdm_op_Read.ap_auto.i3, i3 %zext_ln156"   --->   Operation 69 'read' 'zext_ln156_read' <Predicate = true> <Delay = 0.00>
ST_1 : Operation 70 [1/1] (0.00ns)   --->   "%buf_V_load_1_read = read i4 @_ssdm_op_Read.ap_auto.i4, i4 %buf_V_load_1"   --->   Operation 70 'read' 'buf_V_load_1_read' <Predicate = true> <Delay = 0.00>
ST_1 : Operation 71 [1/1] (0.00ns)   --->   "%buf_V_1_load_1_read = read i4 @_ssdm_op_Read.ap_auto.i4, i4 %buf_V_1_load_1"   --->   Operation 71 'read' 'buf_V_1_load_1_read' <Predicate = true> <Delay = 0.00>
ST_1 : Operation 72 [1/1] (0.00ns)   --->   "%buf_V_2_load_1_read = read i4 @_ssdm_op_Read.ap_auto.i4, i4 %buf_V_2_load_1"   --->   Operation 72 'read' 'buf_V_2_load_1_read' <Predicate = true> <Delay = 0.00>
ST_1 : Operation 73 [1/1] (0.00ns)   --->   "%buf_V_3_load_1_read = read i4 @_ssdm_op_Read.ap_auto.i4, i4 %buf_V_3_load_1"   --->   Operation 73 'read' 'buf_V_3_load_1_read' <Predicate = true> <Delay = 0.00>
ST_1 : Operation 74 [1/1] (0.00ns)   --->   "%buf_V_4_load_1_read = read i4 @_ssdm_op_Read.ap_auto.i4, i4 %buf_V_4_load_1"   --->   Operation 74 'read' 'buf_V_4_load_1_read' <Predicate = true> <Delay = 0.00>
ST_1 : Operation 75 [1/1] (0.00ns)   --->   "%buf_V_5_load_1_read = read i4 @_ssdm_op_Read.ap_auto.i4, i4 %buf_V_5_load_1"   --->   Operation 75 'read' 'buf_V_5_load_1_read' <Predicate = true> <Delay = 0.00>
ST_1 : Operation 76 [1/1] (0.00ns)   --->   "%buf_V_6_load_1_read = read i4 @_ssdm_op_Read.ap_auto.i4, i4 %buf_V_6_load_1"   --->   Operation 76 'read' 'buf_V_6_load_1_read' <Predicate = true> <Delay = 0.00>
ST_1 : Operation 77 [1/1] (0.00ns)   --->   "%buf_V_7_load_1_read = read i4 @_ssdm_op_Read.ap_auto.i4, i4 %buf_V_7_load_1"   --->   Operation 77 'read' 'buf_V_7_load_1_read' <Predicate = true> <Delay = 0.00>
ST_1 : Operation 78 [1/1] (0.00ns)   --->   "%buf_V_8_load_1_read = read i4 @_ssdm_op_Read.ap_auto.i4, i4 %buf_V_8_load_1"   --->   Operation 78 'read' 'buf_V_8_load_1_read' <Predicate = true> <Delay = 0.00>
ST_1 : Operation 79 [1/1] (0.00ns)   --->   "%buf_V_9_load_1_read = read i4 @_ssdm_op_Read.ap_auto.i4, i4 %buf_V_9_load_1"   --->   Operation 79 'read' 'buf_V_9_load_1_read' <Predicate = true> <Delay = 0.00>
ST_1 : Operation 80 [1/1] (0.00ns)   --->   "%buf_V_10_load_1_read = read i4 @_ssdm_op_Read.ap_auto.i4, i4 %buf_V_10_load_1"   --->   Operation 80 'read' 'buf_V_10_load_1_read' <Predicate = true> <Delay = 0.00>
ST_1 : Operation 81 [1/1] (0.00ns)   --->   "%buf_V_11_load_1_read = read i4 @_ssdm_op_Read.ap_auto.i4, i4 %buf_V_11_load_1"   --->   Operation 81 'read' 'buf_V_11_load_1_read' <Predicate = true> <Delay = 0.00>
ST_1 : Operation 82 [1/1] (0.00ns)   --->   "%buf_V_12_load_1_read = read i4 @_ssdm_op_Read.ap_auto.i4, i4 %buf_V_12_load_1"   --->   Operation 82 'read' 'buf_V_12_load_1_read' <Predicate = true> <Delay = 0.00>
ST_1 : Operation 83 [1/1] (0.00ns)   --->   "%buf_V_13_load_1_read = read i4 @_ssdm_op_Read.ap_auto.i4, i4 %buf_V_13_load_1"   --->   Operation 83 'read' 'buf_V_13_load_1_read' <Predicate = true> <Delay = 0.00>
ST_1 : Operation 84 [1/1] (0.00ns)   --->   "%buf_V_14_load_1_read = read i4 @_ssdm_op_Read.ap_auto.i4, i4 %buf_V_14_load_1"   --->   Operation 84 'read' 'buf_V_14_load_1_read' <Predicate = true> <Delay = 0.00>
ST_1 : Operation 85 [1/1] (0.00ns)   --->   "%buf_V_15_load_1_read = read i4 @_ssdm_op_Read.ap_auto.i4, i4 %buf_V_15_load_1"   --->   Operation 85 'read' 'buf_V_15_load_1_read' <Predicate = true> <Delay = 0.00>
ST_1 : Operation 86 [1/1] (0.00ns)   --->   "%buf_V_16_load_1_read = read i4 @_ssdm_op_Read.ap_auto.i4, i4 %buf_V_16_load_1"   --->   Operation 86 'read' 'buf_V_16_load_1_read' <Predicate = true> <Delay = 0.00>
ST_1 : Operation 87 [1/1] (0.00ns)   --->   "%buf_V_17_load_1_read = read i4 @_ssdm_op_Read.ap_auto.i4, i4 %buf_V_17_load_1"   --->   Operation 87 'read' 'buf_V_17_load_1_read' <Predicate = true> <Delay = 0.00>
ST_1 : Operation 88 [1/1] (0.00ns)   --->   "%buf_V_18_load_1_read = read i4 @_ssdm_op_Read.ap_auto.i4, i4 %buf_V_18_load_1"   --->   Operation 88 'read' 'buf_V_18_load_1_read' <Predicate = true> <Delay = 0.00>
ST_1 : Operation 89 [1/1] (0.00ns)   --->   "%buf_V_19_load_1_read = read i4 @_ssdm_op_Read.ap_auto.i4, i4 %buf_V_19_load_1"   --->   Operation 89 'read' 'buf_V_19_load_1_read' <Predicate = true> <Delay = 0.00>
ST_1 : Operation 90 [1/1] (0.00ns)   --->   "%buf_V_20_load_1_read = read i4 @_ssdm_op_Read.ap_auto.i4, i4 %buf_V_20_load_1"   --->   Operation 90 'read' 'buf_V_20_load_1_read' <Predicate = true> <Delay = 0.00>
ST_1 : Operation 91 [1/1] (0.00ns)   --->   "%buf_V_21_load_1_read = read i4 @_ssdm_op_Read.ap_auto.i4, i4 %buf_V_21_load_1"   --->   Operation 91 'read' 'buf_V_21_load_1_read' <Predicate = true> <Delay = 0.00>
ST_1 : Operation 92 [1/1] (0.00ns)   --->   "%buf_V_22_load_1_read = read i4 @_ssdm_op_Read.ap_auto.i4, i4 %buf_V_22_load_1"   --->   Operation 92 'read' 'buf_V_22_load_1_read' <Predicate = true> <Delay = 0.00>
ST_1 : Operation 93 [1/1] (0.00ns)   --->   "%buf_V_23_load_1_read = read i4 @_ssdm_op_Read.ap_auto.i4, i4 %buf_V_23_load_1"   --->   Operation 93 'read' 'buf_V_23_load_1_read' <Predicate = true> <Delay = 0.00>
ST_1 : Operation 94 [1/1] (0.00ns)   --->   "%buf_V_24_load_1_read = read i4 @_ssdm_op_Read.ap_auto.i4, i4 %buf_V_24_load_1"   --->   Operation 94 'read' 'buf_V_24_load_1_read' <Predicate = true> <Delay = 0.00>
ST_1 : Operation 95 [1/1] (0.00ns)   --->   "%buf_V_25_load_1_read = read i4 @_ssdm_op_Read.ap_auto.i4, i4 %buf_V_25_load_1"   --->   Operation 95 'read' 'buf_V_25_load_1_read' <Predicate = true> <Delay = 0.00>
ST_1 : Operation 96 [1/1] (0.00ns)   --->   "%buf_V_26_load_1_read = read i4 @_ssdm_op_Read.ap_auto.i4, i4 %buf_V_26_load_1"   --->   Operation 96 'read' 'buf_V_26_load_1_read' <Predicate = true> <Delay = 0.00>
ST_1 : Operation 97 [1/1] (0.00ns)   --->   "%buf_V_27_load_1_read = read i4 @_ssdm_op_Read.ap_auto.i4, i4 %buf_V_27_load_1"   --->   Operation 97 'read' 'buf_V_27_load_1_read' <Predicate = true> <Delay = 0.00>
ST_1 : Operation 98 [1/1] (0.00ns)   --->   "%buf_V_28_load_1_read = read i4 @_ssdm_op_Read.ap_auto.i4, i4 %buf_V_28_load_1"   --->   Operation 98 'read' 'buf_V_28_load_1_read' <Predicate = true> <Delay = 0.00>
ST_1 : Operation 99 [1/1] (0.00ns)   --->   "%buf_V_29_load_1_read = read i4 @_ssdm_op_Read.ap_auto.i4, i4 %buf_V_29_load_1"   --->   Operation 99 'read' 'buf_V_29_load_1_read' <Predicate = true> <Delay = 0.00>
ST_1 : Operation 100 [1/1] (0.00ns)   --->   "%buf_V_30_load_1_read = read i4 @_ssdm_op_Read.ap_auto.i4, i4 %buf_V_30_load_1"   --->   Operation 100 'read' 'buf_V_30_load_1_read' <Predicate = true> <Delay = 0.00>
ST_1 : Operation 101 [1/1] (0.00ns)   --->   "%buf_V_31_load_1_read = read i4 @_ssdm_op_Read.ap_auto.i4, i4 %buf_V_31_load_1"   --->   Operation 101 'read' 'buf_V_31_load_1_read' <Predicate = true> <Delay = 0.00>
ST_1 : Operation 102 [1/1] (0.00ns)   --->   "%buf_V_32_load_1_read = read i4 @_ssdm_op_Read.ap_auto.i4, i4 %buf_V_32_load_1"   --->   Operation 102 'read' 'buf_V_32_load_1_read' <Predicate = true> <Delay = 0.00>
ST_1 : Operation 103 [1/1] (0.00ns)   --->   "%buf_V_33_load_1_read = read i4 @_ssdm_op_Read.ap_auto.i4, i4 %buf_V_33_load_1"   --->   Operation 103 'read' 'buf_V_33_load_1_read' <Predicate = true> <Delay = 0.00>
ST_1 : Operation 104 [1/1] (0.00ns)   --->   "%buf_V_34_load_1_read = read i4 @_ssdm_op_Read.ap_auto.i4, i4 %buf_V_34_load_1"   --->   Operation 104 'read' 'buf_V_34_load_1_read' <Predicate = true> <Delay = 0.00>
ST_1 : Operation 105 [1/1] (0.00ns)   --->   "%buf_V_35_load_1_read = read i4 @_ssdm_op_Read.ap_auto.i4, i4 %buf_V_35_load_1"   --->   Operation 105 'read' 'buf_V_35_load_1_read' <Predicate = true> <Delay = 0.00>
ST_1 : Operation 106 [1/1] (0.00ns)   --->   "%buf_V_36_load_1_read = read i4 @_ssdm_op_Read.ap_auto.i4, i4 %buf_V_36_load_1"   --->   Operation 106 'read' 'buf_V_36_load_1_read' <Predicate = true> <Delay = 0.00>
ST_1 : Operation 107 [1/1] (0.00ns)   --->   "%buf_V_37_load_1_read = read i4 @_ssdm_op_Read.ap_auto.i4, i4 %buf_V_37_load_1"   --->   Operation 107 'read' 'buf_V_37_load_1_read' <Predicate = true> <Delay = 0.00>
ST_1 : Operation 108 [1/1] (0.00ns)   --->   "%buf_V_38_load_1_read = read i4 @_ssdm_op_Read.ap_auto.i4, i4 %buf_V_38_load_1"   --->   Operation 108 'read' 'buf_V_38_load_1_read' <Predicate = true> <Delay = 0.00>
ST_1 : Operation 109 [1/1] (0.00ns)   --->   "%buf_V_39_load_1_read = read i4 @_ssdm_op_Read.ap_auto.i4, i4 %buf_V_39_load_1"   --->   Operation 109 'read' 'buf_V_39_load_1_read' <Predicate = true> <Delay = 0.00>
ST_1 : Operation 110 [1/1] (0.00ns)   --->   "%buf_V_40_load_1_read = read i4 @_ssdm_op_Read.ap_auto.i4, i4 %buf_V_40_load_1"   --->   Operation 110 'read' 'buf_V_40_load_1_read' <Predicate = true> <Delay = 0.00>
ST_1 : Operation 111 [1/1] (0.00ns)   --->   "%buf_V_41_load_1_read = read i4 @_ssdm_op_Read.ap_auto.i4, i4 %buf_V_41_load_1"   --->   Operation 111 'read' 'buf_V_41_load_1_read' <Predicate = true> <Delay = 0.00>
ST_1 : Operation 112 [1/1] (0.00ns)   --->   "%buf_V_42_load_1_read = read i4 @_ssdm_op_Read.ap_auto.i4, i4 %buf_V_42_load_1"   --->   Operation 112 'read' 'buf_V_42_load_1_read' <Predicate = true> <Delay = 0.00>
ST_1 : Operation 113 [1/1] (0.00ns)   --->   "%buf_V_43_load_1_read = read i4 @_ssdm_op_Read.ap_auto.i4, i4 %buf_V_43_load_1"   --->   Operation 113 'read' 'buf_V_43_load_1_read' <Predicate = true> <Delay = 0.00>
ST_1 : Operation 114 [1/1] (0.00ns)   --->   "%buf_V_44_load_1_read = read i4 @_ssdm_op_Read.ap_auto.i4, i4 %buf_V_44_load_1"   --->   Operation 114 'read' 'buf_V_44_load_1_read' <Predicate = true> <Delay = 0.00>
ST_1 : Operation 115 [1/1] (0.00ns)   --->   "%buf_V_45_load_1_read = read i4 @_ssdm_op_Read.ap_auto.i4, i4 %buf_V_45_load_1"   --->   Operation 115 'read' 'buf_V_45_load_1_read' <Predicate = true> <Delay = 0.00>
ST_1 : Operation 116 [1/1] (0.00ns)   --->   "%buf_V_46_load_1_read = read i4 @_ssdm_op_Read.ap_auto.i4, i4 %buf_V_46_load_1"   --->   Operation 116 'read' 'buf_V_46_load_1_read' <Predicate = true> <Delay = 0.00>
ST_1 : Operation 117 [1/1] (0.00ns)   --->   "%buf_V_47_load_1_read = read i4 @_ssdm_op_Read.ap_auto.i4, i4 %buf_V_47_load_1"   --->   Operation 117 'read' 'buf_V_47_load_1_read' <Predicate = true> <Delay = 0.00>
ST_1 : Operation 118 [1/1] (0.00ns)   --->   "%buf_V_48_load_1_read = read i4 @_ssdm_op_Read.ap_auto.i4, i4 %buf_V_48_load_1"   --->   Operation 118 'read' 'buf_V_48_load_1_read' <Predicate = true> <Delay = 0.00>
ST_1 : Operation 119 [1/1] (0.00ns)   --->   "%buf_V_49_load_1_read = read i4 @_ssdm_op_Read.ap_auto.i4, i4 %buf_V_49_load_1"   --->   Operation 119 'read' 'buf_V_49_load_1_read' <Predicate = true> <Delay = 0.00>
ST_1 : Operation 120 [1/1] (0.00ns)   --->   "%buf_V_50_load_1_read = read i4 @_ssdm_op_Read.ap_auto.i4, i4 %buf_V_50_load_1"   --->   Operation 120 'read' 'buf_V_50_load_1_read' <Predicate = true> <Delay = 0.00>
ST_1 : Operation 121 [1/1] (0.00ns)   --->   "%buf_V_51_load_1_read = read i4 @_ssdm_op_Read.ap_auto.i4, i4 %buf_V_51_load_1"   --->   Operation 121 'read' 'buf_V_51_load_1_read' <Predicate = true> <Delay = 0.00>
ST_1 : Operation 122 [1/1] (0.00ns)   --->   "%buf_V_52_load_1_read = read i4 @_ssdm_op_Read.ap_auto.i4, i4 %buf_V_52_load_1"   --->   Operation 122 'read' 'buf_V_52_load_1_read' <Predicate = true> <Delay = 0.00>
ST_1 : Operation 123 [1/1] (0.00ns)   --->   "%buf_V_53_load_1_read = read i4 @_ssdm_op_Read.ap_auto.i4, i4 %buf_V_53_load_1"   --->   Operation 123 'read' 'buf_V_53_load_1_read' <Predicate = true> <Delay = 0.00>
ST_1 : Operation 124 [1/1] (0.00ns)   --->   "%buf_V_54_load_1_read = read i4 @_ssdm_op_Read.ap_auto.i4, i4 %buf_V_54_load_1"   --->   Operation 124 'read' 'buf_V_54_load_1_read' <Predicate = true> <Delay = 0.00>
ST_1 : Operation 125 [1/1] (0.00ns)   --->   "%buf_V_55_load_1_read = read i4 @_ssdm_op_Read.ap_auto.i4, i4 %buf_V_55_load_1"   --->   Operation 125 'read' 'buf_V_55_load_1_read' <Predicate = true> <Delay = 0.00>
ST_1 : Operation 126 [1/1] (0.00ns)   --->   "%buf_V_56_load_1_read = read i4 @_ssdm_op_Read.ap_auto.i4, i4 %buf_V_56_load_1"   --->   Operation 126 'read' 'buf_V_56_load_1_read' <Predicate = true> <Delay = 0.00>
ST_1 : Operation 127 [1/1] (0.00ns)   --->   "%buf_V_57_load_1_read = read i4 @_ssdm_op_Read.ap_auto.i4, i4 %buf_V_57_load_1"   --->   Operation 127 'read' 'buf_V_57_load_1_read' <Predicate = true> <Delay = 0.00>
ST_1 : Operation 128 [1/1] (0.00ns)   --->   "%buf_V_58_load_1_read = read i4 @_ssdm_op_Read.ap_auto.i4, i4 %buf_V_58_load_1"   --->   Operation 128 'read' 'buf_V_58_load_1_read' <Predicate = true> <Delay = 0.00>
ST_1 : Operation 129 [1/1] (0.00ns)   --->   "%buf_V_59_load_1_read = read i4 @_ssdm_op_Read.ap_auto.i4, i4 %buf_V_59_load_1"   --->   Operation 129 'read' 'buf_V_59_load_1_read' <Predicate = true> <Delay = 0.00>
ST_1 : Operation 130 [1/1] (0.00ns)   --->   "%buf_V_60_load_1_read = read i4 @_ssdm_op_Read.ap_auto.i4, i4 %buf_V_60_load_1"   --->   Operation 130 'read' 'buf_V_60_load_1_read' <Predicate = true> <Delay = 0.00>
ST_1 : Operation 131 [1/1] (0.00ns)   --->   "%buf_V_61_load_1_read = read i4 @_ssdm_op_Read.ap_auto.i4, i4 %buf_V_61_load_1"   --->   Operation 131 'read' 'buf_V_61_load_1_read' <Predicate = true> <Delay = 0.00>
ST_1 : Operation 132 [1/1] (0.00ns)   --->   "%buf_V_62_load_1_read = read i4 @_ssdm_op_Read.ap_auto.i4, i4 %buf_V_62_load_1"   --->   Operation 132 'read' 'buf_V_62_load_1_read' <Predicate = true> <Delay = 0.00>
ST_1 : Operation 133 [1/1] (0.00ns)   --->   "%buf_V_63_load_1_read = read i4 @_ssdm_op_Read.ap_auto.i4, i4 %buf_V_63_load_1"   --->   Operation 133 'read' 'buf_V_63_load_1_read' <Predicate = true> <Delay = 0.00>
ST_1 : Operation 134 [1/1] (0.00ns)   --->   "%zext_ln156_cast = zext i3 %zext_ln156_read"   --->   Operation 134 'zext' 'zext_ln156_cast' <Predicate = true> <Delay = 0.00>
ST_1 : Operation 135 [1/1] (0.00ns)   --->   "%specinterface_ln0 = specinterface void @_ssdm_op_SpecInterface, i256 %in0_V, void @empty, i32 0, i32 0, void @empty_0, i32 0, i32 0, void @empty_1, void @empty_1, void @empty_1, i32 0, i32 0, i32 0, i32 0, void @empty_1, void @empty_1, i32 4294967295, i32 0"   --->   Operation 135 'specinterface' 'specinterface_ln0' <Predicate = true> <Delay = 0.00>
ST_1 : Operation 136 [1/1] (1.58ns)   --->   "%store_ln0 = store i4 %buf_V_63_load_1_read, i4 %oldMax_V_63"   --->   Operation 136 'store' 'store_ln0' <Predicate = true> <Delay = 1.58>
ST_1 : Operation 137 [1/1] (1.58ns)   --->   "%store_ln0 = store i4 %buf_V_62_load_1_read, i4 %oldMax_V_62"   --->   Operation 137 'store' 'store_ln0' <Predicate = true> <Delay = 1.58>
ST_1 : Operation 138 [1/1] (1.58ns)   --->   "%store_ln0 = store i4 %buf_V_61_load_1_read, i4 %oldMax_V_61"   --->   Operation 138 'store' 'store_ln0' <Predicate = true> <Delay = 1.58>
ST_1 : Operation 139 [1/1] (1.58ns)   --->   "%store_ln0 = store i4 %buf_V_60_load_1_read, i4 %oldMax_V_60"   --->   Operation 139 'store' 'store_ln0' <Predicate = true> <Delay = 1.58>
ST_1 : Operation 140 [1/1] (1.58ns)   --->   "%store_ln0 = store i4 %buf_V_59_load_1_read, i4 %oldMax_V_59"   --->   Operation 140 'store' 'store_ln0' <Predicate = true> <Delay = 1.58>
ST_1 : Operation 141 [1/1] (1.58ns)   --->   "%store_ln0 = store i4 %buf_V_58_load_1_read, i4 %oldMax_V_58"   --->   Operation 141 'store' 'store_ln0' <Predicate = true> <Delay = 1.58>
ST_1 : Operation 142 [1/1] (1.58ns)   --->   "%store_ln0 = store i4 %buf_V_57_load_1_read, i4 %oldMax_V_57"   --->   Operation 142 'store' 'store_ln0' <Predicate = true> <Delay = 1.58>
ST_1 : Operation 143 [1/1] (1.58ns)   --->   "%store_ln0 = store i4 %buf_V_56_load_1_read, i4 %oldMax_V_56"   --->   Operation 143 'store' 'store_ln0' <Predicate = true> <Delay = 1.58>
ST_1 : Operation 144 [1/1] (1.58ns)   --->   "%store_ln0 = store i4 %buf_V_55_load_1_read, i4 %oldMax_V_55"   --->   Operation 144 'store' 'store_ln0' <Predicate = true> <Delay = 1.58>
ST_1 : Operation 145 [1/1] (1.58ns)   --->   "%store_ln0 = store i4 %buf_V_54_load_1_read, i4 %oldMax_V_54"   --->   Operation 145 'store' 'store_ln0' <Predicate = true> <Delay = 1.58>
ST_1 : Operation 146 [1/1] (1.58ns)   --->   "%store_ln0 = store i4 %buf_V_53_load_1_read, i4 %oldMax_V_53"   --->   Operation 146 'store' 'store_ln0' <Predicate = true> <Delay = 1.58>
ST_1 : Operation 147 [1/1] (1.58ns)   --->   "%store_ln0 = store i4 %buf_V_52_load_1_read, i4 %oldMax_V_52"   --->   Operation 147 'store' 'store_ln0' <Predicate = true> <Delay = 1.58>
ST_1 : Operation 148 [1/1] (1.58ns)   --->   "%store_ln0 = store i4 %buf_V_51_load_1_read, i4 %oldMax_V_51"   --->   Operation 148 'store' 'store_ln0' <Predicate = true> <Delay = 1.58>
ST_1 : Operation 149 [1/1] (1.58ns)   --->   "%store_ln0 = store i4 %buf_V_50_load_1_read, i4 %oldMax_V_50"   --->   Operation 149 'store' 'store_ln0' <Predicate = true> <Delay = 1.58>
ST_1 : Operation 150 [1/1] (1.58ns)   --->   "%store_ln0 = store i4 %buf_V_49_load_1_read, i4 %oldMax_V_49"   --->   Operation 150 'store' 'store_ln0' <Predicate = true> <Delay = 1.58>
ST_1 : Operation 151 [1/1] (1.58ns)   --->   "%store_ln0 = store i4 %buf_V_48_load_1_read, i4 %oldMax_V_48"   --->   Operation 151 'store' 'store_ln0' <Predicate = true> <Delay = 1.58>
ST_1 : Operation 152 [1/1] (1.58ns)   --->   "%store_ln0 = store i4 %buf_V_47_load_1_read, i4 %oldMax_V_47"   --->   Operation 152 'store' 'store_ln0' <Predicate = true> <Delay = 1.58>
ST_1 : Operation 153 [1/1] (1.58ns)   --->   "%store_ln0 = store i4 %buf_V_46_load_1_read, i4 %oldMax_V_46"   --->   Operation 153 'store' 'store_ln0' <Predicate = true> <Delay = 1.58>
ST_1 : Operation 154 [1/1] (1.58ns)   --->   "%store_ln0 = store i4 %buf_V_45_load_1_read, i4 %oldMax_V_45"   --->   Operation 154 'store' 'store_ln0' <Predicate = true> <Delay = 1.58>
ST_1 : Operation 155 [1/1] (1.58ns)   --->   "%store_ln0 = store i4 %buf_V_44_load_1_read, i4 %oldMax_V_44"   --->   Operation 155 'store' 'store_ln0' <Predicate = true> <Delay = 1.58>
ST_1 : Operation 156 [1/1] (1.58ns)   --->   "%store_ln0 = store i4 %buf_V_43_load_1_read, i4 %oldMax_V_43"   --->   Operation 156 'store' 'store_ln0' <Predicate = true> <Delay = 1.58>
ST_1 : Operation 157 [1/1] (1.58ns)   --->   "%store_ln0 = store i4 %buf_V_42_load_1_read, i4 %oldMax_V_42"   --->   Operation 157 'store' 'store_ln0' <Predicate = true> <Delay = 1.58>
ST_1 : Operation 158 [1/1] (1.58ns)   --->   "%store_ln0 = store i4 %buf_V_41_load_1_read, i4 %oldMax_V_41"   --->   Operation 158 'store' 'store_ln0' <Predicate = true> <Delay = 1.58>
ST_1 : Operation 159 [1/1] (1.58ns)   --->   "%store_ln0 = store i4 %buf_V_40_load_1_read, i4 %oldMax_V_40"   --->   Operation 159 'store' 'store_ln0' <Predicate = true> <Delay = 1.58>
ST_1 : Operation 160 [1/1] (1.58ns)   --->   "%store_ln0 = store i4 %buf_V_39_load_1_read, i4 %oldMax_V_39"   --->   Operation 160 'store' 'store_ln0' <Predicate = true> <Delay = 1.58>
ST_1 : Operation 161 [1/1] (1.58ns)   --->   "%store_ln0 = store i4 %buf_V_38_load_1_read, i4 %oldMax_V_38"   --->   Operation 161 'store' 'store_ln0' <Predicate = true> <Delay = 1.58>
ST_1 : Operation 162 [1/1] (1.58ns)   --->   "%store_ln0 = store i4 %buf_V_37_load_1_read, i4 %oldMax_V_37"   --->   Operation 162 'store' 'store_ln0' <Predicate = true> <Delay = 1.58>
ST_1 : Operation 163 [1/1] (1.58ns)   --->   "%store_ln0 = store i4 %buf_V_36_load_1_read, i4 %oldMax_V_36"   --->   Operation 163 'store' 'store_ln0' <Predicate = true> <Delay = 1.58>
ST_1 : Operation 164 [1/1] (1.58ns)   --->   "%store_ln0 = store i4 %buf_V_35_load_1_read, i4 %oldMax_V_35"   --->   Operation 164 'store' 'store_ln0' <Predicate = true> <Delay = 1.58>
ST_1 : Operation 165 [1/1] (1.58ns)   --->   "%store_ln0 = store i4 %buf_V_34_load_1_read, i4 %oldMax_V_34"   --->   Operation 165 'store' 'store_ln0' <Predicate = true> <Delay = 1.58>
ST_1 : Operation 166 [1/1] (1.58ns)   --->   "%store_ln0 = store i4 %buf_V_33_load_1_read, i4 %oldMax_V_33"   --->   Operation 166 'store' 'store_ln0' <Predicate = true> <Delay = 1.58>
ST_1 : Operation 167 [1/1] (1.58ns)   --->   "%store_ln0 = store i4 %buf_V_32_load_1_read, i4 %oldMax_V_32"   --->   Operation 167 'store' 'store_ln0' <Predicate = true> <Delay = 1.58>
ST_1 : Operation 168 [1/1] (1.58ns)   --->   "%store_ln0 = store i4 %buf_V_31_load_1_read, i4 %oldMax_V_31"   --->   Operation 168 'store' 'store_ln0' <Predicate = true> <Delay = 1.58>
ST_1 : Operation 169 [1/1] (1.58ns)   --->   "%store_ln0 = store i4 %buf_V_30_load_1_read, i4 %oldMax_V_30"   --->   Operation 169 'store' 'store_ln0' <Predicate = true> <Delay = 1.58>
ST_1 : Operation 170 [1/1] (1.58ns)   --->   "%store_ln0 = store i4 %buf_V_29_load_1_read, i4 %oldMax_V_29"   --->   Operation 170 'store' 'store_ln0' <Predicate = true> <Delay = 1.58>
ST_1 : Operation 171 [1/1] (1.58ns)   --->   "%store_ln0 = store i4 %buf_V_28_load_1_read, i4 %oldMax_V_28"   --->   Operation 171 'store' 'store_ln0' <Predicate = true> <Delay = 1.58>
ST_1 : Operation 172 [1/1] (1.58ns)   --->   "%store_ln0 = store i4 %buf_V_27_load_1_read, i4 %oldMax_V_27"   --->   Operation 172 'store' 'store_ln0' <Predicate = true> <Delay = 1.58>
ST_1 : Operation 173 [1/1] (1.58ns)   --->   "%store_ln0 = store i4 %buf_V_26_load_1_read, i4 %oldMax_V_26"   --->   Operation 173 'store' 'store_ln0' <Predicate = true> <Delay = 1.58>
ST_1 : Operation 174 [1/1] (1.58ns)   --->   "%store_ln0 = store i4 %buf_V_25_load_1_read, i4 %oldMax_V_25"   --->   Operation 174 'store' 'store_ln0' <Predicate = true> <Delay = 1.58>
ST_1 : Operation 175 [1/1] (1.58ns)   --->   "%store_ln0 = store i4 %buf_V_24_load_1_read, i4 %oldMax_V_24"   --->   Operation 175 'store' 'store_ln0' <Predicate = true> <Delay = 1.58>
ST_1 : Operation 176 [1/1] (1.58ns)   --->   "%store_ln0 = store i4 %buf_V_23_load_1_read, i4 %oldMax_V_23"   --->   Operation 176 'store' 'store_ln0' <Predicate = true> <Delay = 1.58>
ST_1 : Operation 177 [1/1] (1.58ns)   --->   "%store_ln0 = store i4 %buf_V_22_load_1_read, i4 %oldMax_V_22"   --->   Operation 177 'store' 'store_ln0' <Predicate = true> <Delay = 1.58>
ST_1 : Operation 178 [1/1] (1.58ns)   --->   "%store_ln0 = store i4 %buf_V_21_load_1_read, i4 %oldMax_V_21"   --->   Operation 178 'store' 'store_ln0' <Predicate = true> <Delay = 1.58>
ST_1 : Operation 179 [1/1] (1.58ns)   --->   "%store_ln0 = store i4 %buf_V_20_load_1_read, i4 %oldMax_V_20"   --->   Operation 179 'store' 'store_ln0' <Predicate = true> <Delay = 1.58>
ST_1 : Operation 180 [1/1] (1.58ns)   --->   "%store_ln0 = store i4 %buf_V_19_load_1_read, i4 %oldMax_V_19"   --->   Operation 180 'store' 'store_ln0' <Predicate = true> <Delay = 1.58>
ST_1 : Operation 181 [1/1] (1.58ns)   --->   "%store_ln0 = store i4 %buf_V_18_load_1_read, i4 %oldMax_V_18"   --->   Operation 181 'store' 'store_ln0' <Predicate = true> <Delay = 1.58>
ST_1 : Operation 182 [1/1] (1.58ns)   --->   "%store_ln0 = store i4 %buf_V_17_load_1_read, i4 %oldMax_V_17"   --->   Operation 182 'store' 'store_ln0' <Predicate = true> <Delay = 1.58>
ST_1 : Operation 183 [1/1] (1.58ns)   --->   "%store_ln0 = store i4 %buf_V_16_load_1_read, i4 %oldMax_V_16"   --->   Operation 183 'store' 'store_ln0' <Predicate = true> <Delay = 1.58>
ST_1 : Operation 184 [1/1] (1.58ns)   --->   "%store_ln0 = store i4 %buf_V_15_load_1_read, i4 %oldMax_V_15"   --->   Operation 184 'store' 'store_ln0' <Predicate = true> <Delay = 1.58>
ST_1 : Operation 185 [1/1] (1.58ns)   --->   "%store_ln0 = store i4 %buf_V_14_load_1_read, i4 %oldMax_V_14"   --->   Operation 185 'store' 'store_ln0' <Predicate = true> <Delay = 1.58>
ST_1 : Operation 186 [1/1] (1.58ns)   --->   "%store_ln0 = store i4 %buf_V_13_load_1_read, i4 %oldMax_V_13"   --->   Operation 186 'store' 'store_ln0' <Predicate = true> <Delay = 1.58>
ST_1 : Operation 187 [1/1] (1.58ns)   --->   "%store_ln0 = store i4 %buf_V_12_load_1_read, i4 %oldMax_V_12"   --->   Operation 187 'store' 'store_ln0' <Predicate = true> <Delay = 1.58>
ST_1 : Operation 188 [1/1] (1.58ns)   --->   "%store_ln0 = store i4 %buf_V_11_load_1_read, i4 %oldMax_V_11"   --->   Operation 188 'store' 'store_ln0' <Predicate = true> <Delay = 1.58>
ST_1 : Operation 189 [1/1] (1.58ns)   --->   "%store_ln0 = store i4 %buf_V_10_load_1_read, i4 %oldMax_V_10"   --->   Operation 189 'store' 'store_ln0' <Predicate = true> <Delay = 1.58>
ST_1 : Operation 190 [1/1] (1.58ns)   --->   "%store_ln0 = store i4 %buf_V_9_load_1_read, i4 %oldMax_V_9"   --->   Operation 190 'store' 'store_ln0' <Predicate = true> <Delay = 1.58>
ST_1 : Operation 191 [1/1] (1.58ns)   --->   "%store_ln0 = store i4 %buf_V_8_load_1_read, i4 %oldMax_V_8"   --->   Operation 191 'store' 'store_ln0' <Predicate = true> <Delay = 1.58>
ST_1 : Operation 192 [1/1] (1.58ns)   --->   "%store_ln0 = store i4 %buf_V_7_load_1_read, i4 %oldMax_V_7"   --->   Operation 192 'store' 'store_ln0' <Predicate = true> <Delay = 1.58>
ST_1 : Operation 193 [1/1] (1.58ns)   --->   "%store_ln0 = store i4 %buf_V_6_load_1_read, i4 %oldMax_V_6"   --->   Operation 193 'store' 'store_ln0' <Predicate = true> <Delay = 1.58>
ST_1 : Operation 194 [1/1] (1.58ns)   --->   "%store_ln0 = store i4 %buf_V_5_load_1_read, i4 %oldMax_V_5"   --->   Operation 194 'store' 'store_ln0' <Predicate = true> <Delay = 1.58>
ST_1 : Operation 195 [1/1] (1.58ns)   --->   "%store_ln0 = store i4 %buf_V_4_load_1_read, i4 %oldMax_V_4"   --->   Operation 195 'store' 'store_ln0' <Predicate = true> <Delay = 1.58>
ST_1 : Operation 196 [1/1] (1.58ns)   --->   "%store_ln0 = store i4 %buf_V_3_load_1_read, i4 %oldMax_V_3"   --->   Operation 196 'store' 'store_ln0' <Predicate = true> <Delay = 1.58>
ST_1 : Operation 197 [1/1] (1.58ns)   --->   "%store_ln0 = store i4 %buf_V_2_load_1_read, i4 %oldMax_V_2"   --->   Operation 197 'store' 'store_ln0' <Predicate = true> <Delay = 1.58>
ST_1 : Operation 198 [1/1] (1.58ns)   --->   "%store_ln0 = store i4 %buf_V_1_load_1_read, i4 %oldMax_V_1"   --->   Operation 198 'store' 'store_ln0' <Predicate = true> <Delay = 1.58>
ST_1 : Operation 199 [1/1] (1.58ns)   --->   "%store_ln0 = store i4 %buf_V_load_1_read, i4 %oldMax_V"   --->   Operation 199 'store' 'store_ln0' <Predicate = true> <Delay = 1.58>
ST_1 : Operation 200 [1/1] (1.58ns)   --->   "%store_ln0 = store i2 0, i2 %kx"   --->   Operation 200 'store' 'store_ln0' <Predicate = true> <Delay = 1.58>
ST_1 : Operation 201 [1/1] (0.00ns)   --->   "%br_ln0 = br void %for.body39"   --->   Operation 201 'br' 'br_ln0' <Predicate = true> <Delay = 0.00>
ST_1 : Operation 202 [1/1] (0.00ns)   --->   "%kx_1 = load i2 %kx" [/home/miguel_tfg/FINN-v0.9-Stable/deps/finn-hlslib/maxpool.h:158]   --->   Operation 202 'load' 'kx_1' <Predicate = true> <Delay = 0.00>
ST_1 : Operation 203 [1/1] (0.00ns)   --->   "%buf_V_63_addr = getelementptr i4 %buf_V_63, i64 0, i64 %zext_ln156_cast"   --->   Operation 203 'getelementptr' 'buf_V_63_addr' <Predicate = true> <Delay = 0.00>
ST_1 : Operation 204 [1/1] (0.00ns)   --->   "%buf_V_62_addr = getelementptr i4 %buf_V_62, i64 0, i64 %zext_ln156_cast"   --->   Operation 204 'getelementptr' 'buf_V_62_addr' <Predicate = true> <Delay = 0.00>
ST_1 : Operation 205 [1/1] (0.00ns)   --->   "%buf_V_61_addr = getelementptr i4 %buf_V_61, i64 0, i64 %zext_ln156_cast"   --->   Operation 205 'getelementptr' 'buf_V_61_addr' <Predicate = true> <Delay = 0.00>
ST_1 : Operation 206 [1/1] (0.00ns)   --->   "%buf_V_60_addr = getelementptr i4 %buf_V_60, i64 0, i64 %zext_ln156_cast"   --->   Operation 206 'getelementptr' 'buf_V_60_addr' <Predicate = true> <Delay = 0.00>
ST_1 : Operation 207 [1/1] (0.00ns)   --->   "%buf_V_59_addr = getelementptr i4 %buf_V_59, i64 0, i64 %zext_ln156_cast"   --->   Operation 207 'getelementptr' 'buf_V_59_addr' <Predicate = true> <Delay = 0.00>
ST_1 : Operation 208 [1/1] (0.00ns)   --->   "%buf_V_58_addr = getelementptr i4 %buf_V_58, i64 0, i64 %zext_ln156_cast"   --->   Operation 208 'getelementptr' 'buf_V_58_addr' <Predicate = true> <Delay = 0.00>
ST_1 : Operation 209 [1/1] (0.00ns)   --->   "%buf_V_57_addr = getelementptr i4 %buf_V_57, i64 0, i64 %zext_ln156_cast"   --->   Operation 209 'getelementptr' 'buf_V_57_addr' <Predicate = true> <Delay = 0.00>
ST_1 : Operation 210 [1/1] (0.00ns)   --->   "%buf_V_56_addr = getelementptr i4 %buf_V_56, i64 0, i64 %zext_ln156_cast"   --->   Operation 210 'getelementptr' 'buf_V_56_addr' <Predicate = true> <Delay = 0.00>
ST_1 : Operation 211 [1/1] (0.00ns)   --->   "%buf_V_55_addr = getelementptr i4 %buf_V_55, i64 0, i64 %zext_ln156_cast"   --->   Operation 211 'getelementptr' 'buf_V_55_addr' <Predicate = true> <Delay = 0.00>
ST_1 : Operation 212 [1/1] (0.00ns)   --->   "%buf_V_54_addr = getelementptr i4 %buf_V_54, i64 0, i64 %zext_ln156_cast"   --->   Operation 212 'getelementptr' 'buf_V_54_addr' <Predicate = true> <Delay = 0.00>
ST_1 : Operation 213 [1/1] (0.00ns)   --->   "%buf_V_53_addr = getelementptr i4 %buf_V_53, i64 0, i64 %zext_ln156_cast"   --->   Operation 213 'getelementptr' 'buf_V_53_addr' <Predicate = true> <Delay = 0.00>
ST_1 : Operation 214 [1/1] (0.00ns)   --->   "%buf_V_52_addr = getelementptr i4 %buf_V_52, i64 0, i64 %zext_ln156_cast"   --->   Operation 214 'getelementptr' 'buf_V_52_addr' <Predicate = true> <Delay = 0.00>
ST_1 : Operation 215 [1/1] (0.00ns)   --->   "%buf_V_51_addr = getelementptr i4 %buf_V_51, i64 0, i64 %zext_ln156_cast"   --->   Operation 215 'getelementptr' 'buf_V_51_addr' <Predicate = true> <Delay = 0.00>
ST_1 : Operation 216 [1/1] (0.00ns)   --->   "%buf_V_50_addr = getelementptr i4 %buf_V_50, i64 0, i64 %zext_ln156_cast"   --->   Operation 216 'getelementptr' 'buf_V_50_addr' <Predicate = true> <Delay = 0.00>
ST_1 : Operation 217 [1/1] (0.00ns)   --->   "%buf_V_49_addr = getelementptr i4 %buf_V_49, i64 0, i64 %zext_ln156_cast"   --->   Operation 217 'getelementptr' 'buf_V_49_addr' <Predicate = true> <Delay = 0.00>
ST_1 : Operation 218 [1/1] (0.00ns)   --->   "%buf_V_48_addr = getelementptr i4 %buf_V_48, i64 0, i64 %zext_ln156_cast"   --->   Operation 218 'getelementptr' 'buf_V_48_addr' <Predicate = true> <Delay = 0.00>
ST_1 : Operation 219 [1/1] (0.00ns)   --->   "%buf_V_47_addr = getelementptr i4 %buf_V_47, i64 0, i64 %zext_ln156_cast"   --->   Operation 219 'getelementptr' 'buf_V_47_addr' <Predicate = true> <Delay = 0.00>
ST_1 : Operation 220 [1/1] (0.00ns)   --->   "%buf_V_46_addr = getelementptr i4 %buf_V_46, i64 0, i64 %zext_ln156_cast"   --->   Operation 220 'getelementptr' 'buf_V_46_addr' <Predicate = true> <Delay = 0.00>
ST_1 : Operation 221 [1/1] (0.00ns)   --->   "%buf_V_45_addr = getelementptr i4 %buf_V_45, i64 0, i64 %zext_ln156_cast"   --->   Operation 221 'getelementptr' 'buf_V_45_addr' <Predicate = true> <Delay = 0.00>
ST_1 : Operation 222 [1/1] (0.00ns)   --->   "%buf_V_44_addr = getelementptr i4 %buf_V_44, i64 0, i64 %zext_ln156_cast"   --->   Operation 222 'getelementptr' 'buf_V_44_addr' <Predicate = true> <Delay = 0.00>
ST_1 : Operation 223 [1/1] (0.00ns)   --->   "%buf_V_43_addr = getelementptr i4 %buf_V_43, i64 0, i64 %zext_ln156_cast"   --->   Operation 223 'getelementptr' 'buf_V_43_addr' <Predicate = true> <Delay = 0.00>
ST_1 : Operation 224 [1/1] (0.00ns)   --->   "%buf_V_42_addr = getelementptr i4 %buf_V_42, i64 0, i64 %zext_ln156_cast"   --->   Operation 224 'getelementptr' 'buf_V_42_addr' <Predicate = true> <Delay = 0.00>
ST_1 : Operation 225 [1/1] (0.00ns)   --->   "%buf_V_41_addr = getelementptr i4 %buf_V_41, i64 0, i64 %zext_ln156_cast"   --->   Operation 225 'getelementptr' 'buf_V_41_addr' <Predicate = true> <Delay = 0.00>
ST_1 : Operation 226 [1/1] (0.00ns)   --->   "%buf_V_40_addr = getelementptr i4 %buf_V_40, i64 0, i64 %zext_ln156_cast"   --->   Operation 226 'getelementptr' 'buf_V_40_addr' <Predicate = true> <Delay = 0.00>
ST_1 : Operation 227 [1/1] (0.00ns)   --->   "%buf_V_39_addr = getelementptr i4 %buf_V_39, i64 0, i64 %zext_ln156_cast"   --->   Operation 227 'getelementptr' 'buf_V_39_addr' <Predicate = true> <Delay = 0.00>
ST_1 : Operation 228 [1/1] (0.00ns)   --->   "%buf_V_38_addr = getelementptr i4 %buf_V_38, i64 0, i64 %zext_ln156_cast"   --->   Operation 228 'getelementptr' 'buf_V_38_addr' <Predicate = true> <Delay = 0.00>
ST_1 : Operation 229 [1/1] (0.00ns)   --->   "%buf_V_37_addr = getelementptr i4 %buf_V_37, i64 0, i64 %zext_ln156_cast"   --->   Operation 229 'getelementptr' 'buf_V_37_addr' <Predicate = true> <Delay = 0.00>
ST_1 : Operation 230 [1/1] (0.00ns)   --->   "%buf_V_36_addr = getelementptr i4 %buf_V_36, i64 0, i64 %zext_ln156_cast"   --->   Operation 230 'getelementptr' 'buf_V_36_addr' <Predicate = true> <Delay = 0.00>
ST_1 : Operation 231 [1/1] (0.00ns)   --->   "%buf_V_35_addr = getelementptr i4 %buf_V_35, i64 0, i64 %zext_ln156_cast"   --->   Operation 231 'getelementptr' 'buf_V_35_addr' <Predicate = true> <Delay = 0.00>
ST_1 : Operation 232 [1/1] (0.00ns)   --->   "%buf_V_34_addr = getelementptr i4 %buf_V_34, i64 0, i64 %zext_ln156_cast"   --->   Operation 232 'getelementptr' 'buf_V_34_addr' <Predicate = true> <Delay = 0.00>
ST_1 : Operation 233 [1/1] (0.00ns)   --->   "%buf_V_33_addr = getelementptr i4 %buf_V_33, i64 0, i64 %zext_ln156_cast"   --->   Operation 233 'getelementptr' 'buf_V_33_addr' <Predicate = true> <Delay = 0.00>
ST_1 : Operation 234 [1/1] (0.00ns)   --->   "%buf_V_32_addr = getelementptr i4 %buf_V_32, i64 0, i64 %zext_ln156_cast"   --->   Operation 234 'getelementptr' 'buf_V_32_addr' <Predicate = true> <Delay = 0.00>
ST_1 : Operation 235 [1/1] (0.00ns)   --->   "%buf_V_31_addr = getelementptr i4 %buf_V_31, i64 0, i64 %zext_ln156_cast"   --->   Operation 235 'getelementptr' 'buf_V_31_addr' <Predicate = true> <Delay = 0.00>
ST_1 : Operation 236 [1/1] (0.00ns)   --->   "%buf_V_30_addr = getelementptr i4 %buf_V_30, i64 0, i64 %zext_ln156_cast"   --->   Operation 236 'getelementptr' 'buf_V_30_addr' <Predicate = true> <Delay = 0.00>
ST_1 : Operation 237 [1/1] (0.00ns)   --->   "%buf_V_29_addr = getelementptr i4 %buf_V_29, i64 0, i64 %zext_ln156_cast"   --->   Operation 237 'getelementptr' 'buf_V_29_addr' <Predicate = true> <Delay = 0.00>
ST_1 : Operation 238 [1/1] (0.00ns)   --->   "%buf_V_28_addr = getelementptr i4 %buf_V_28, i64 0, i64 %zext_ln156_cast"   --->   Operation 238 'getelementptr' 'buf_V_28_addr' <Predicate = true> <Delay = 0.00>
ST_1 : Operation 239 [1/1] (0.00ns)   --->   "%buf_V_27_addr = getelementptr i4 %buf_V_27, i64 0, i64 %zext_ln156_cast"   --->   Operation 239 'getelementptr' 'buf_V_27_addr' <Predicate = true> <Delay = 0.00>
ST_1 : Operation 240 [1/1] (0.00ns)   --->   "%buf_V_26_addr = getelementptr i4 %buf_V_26, i64 0, i64 %zext_ln156_cast"   --->   Operation 240 'getelementptr' 'buf_V_26_addr' <Predicate = true> <Delay = 0.00>
ST_1 : Operation 241 [1/1] (0.00ns)   --->   "%buf_V_25_addr = getelementptr i4 %buf_V_25, i64 0, i64 %zext_ln156_cast"   --->   Operation 241 'getelementptr' 'buf_V_25_addr' <Predicate = true> <Delay = 0.00>
ST_1 : Operation 242 [1/1] (0.00ns)   --->   "%buf_V_24_addr = getelementptr i4 %buf_V_24, i64 0, i64 %zext_ln156_cast"   --->   Operation 242 'getelementptr' 'buf_V_24_addr' <Predicate = true> <Delay = 0.00>
ST_1 : Operation 243 [1/1] (0.00ns)   --->   "%buf_V_23_addr = getelementptr i4 %buf_V_23, i64 0, i64 %zext_ln156_cast"   --->   Operation 243 'getelementptr' 'buf_V_23_addr' <Predicate = true> <Delay = 0.00>
ST_1 : Operation 244 [1/1] (0.00ns)   --->   "%buf_V_22_addr = getelementptr i4 %buf_V_22, i64 0, i64 %zext_ln156_cast"   --->   Operation 244 'getelementptr' 'buf_V_22_addr' <Predicate = true> <Delay = 0.00>
ST_1 : Operation 245 [1/1] (0.00ns)   --->   "%buf_V_21_addr = getelementptr i4 %buf_V_21, i64 0, i64 %zext_ln156_cast"   --->   Operation 245 'getelementptr' 'buf_V_21_addr' <Predicate = true> <Delay = 0.00>
ST_1 : Operation 246 [1/1] (0.00ns)   --->   "%buf_V_20_addr = getelementptr i4 %buf_V_20, i64 0, i64 %zext_ln156_cast"   --->   Operation 246 'getelementptr' 'buf_V_20_addr' <Predicate = true> <Delay = 0.00>
ST_1 : Operation 247 [1/1] (0.00ns)   --->   "%buf_V_19_addr = getelementptr i4 %buf_V_19, i64 0, i64 %zext_ln156_cast"   --->   Operation 247 'getelementptr' 'buf_V_19_addr' <Predicate = true> <Delay = 0.00>
ST_1 : Operation 248 [1/1] (0.00ns)   --->   "%buf_V_18_addr = getelementptr i4 %buf_V_18, i64 0, i64 %zext_ln156_cast"   --->   Operation 248 'getelementptr' 'buf_V_18_addr' <Predicate = true> <Delay = 0.00>
ST_1 : Operation 249 [1/1] (0.00ns)   --->   "%buf_V_17_addr = getelementptr i4 %buf_V_17, i64 0, i64 %zext_ln156_cast"   --->   Operation 249 'getelementptr' 'buf_V_17_addr' <Predicate = true> <Delay = 0.00>
ST_1 : Operation 250 [1/1] (0.00ns)   --->   "%buf_V_16_addr = getelementptr i4 %buf_V_16, i64 0, i64 %zext_ln156_cast"   --->   Operation 250 'getelementptr' 'buf_V_16_addr' <Predicate = true> <Delay = 0.00>
ST_1 : Operation 251 [1/1] (0.00ns)   --->   "%buf_V_15_addr = getelementptr i4 %buf_V_15, i64 0, i64 %zext_ln156_cast"   --->   Operation 251 'getelementptr' 'buf_V_15_addr' <Predicate = true> <Delay = 0.00>
ST_1 : Operation 252 [1/1] (0.00ns)   --->   "%buf_V_14_addr = getelementptr i4 %buf_V_14, i64 0, i64 %zext_ln156_cast"   --->   Operation 252 'getelementptr' 'buf_V_14_addr' <Predicate = true> <Delay = 0.00>
ST_1 : Operation 253 [1/1] (0.00ns)   --->   "%buf_V_13_addr = getelementptr i4 %buf_V_13, i64 0, i64 %zext_ln156_cast"   --->   Operation 253 'getelementptr' 'buf_V_13_addr' <Predicate = true> <Delay = 0.00>
ST_1 : Operation 254 [1/1] (0.00ns)   --->   "%buf_V_12_addr = getelementptr i4 %buf_V_12, i64 0, i64 %zext_ln156_cast"   --->   Operation 254 'getelementptr' 'buf_V_12_addr' <Predicate = true> <Delay = 0.00>
ST_1 : Operation 255 [1/1] (0.00ns)   --->   "%buf_V_11_addr = getelementptr i4 %buf_V_11, i64 0, i64 %zext_ln156_cast"   --->   Operation 255 'getelementptr' 'buf_V_11_addr' <Predicate = true> <Delay = 0.00>
ST_1 : Operation 256 [1/1] (0.00ns)   --->   "%buf_V_10_addr = getelementptr i4 %buf_V_10, i64 0, i64 %zext_ln156_cast"   --->   Operation 256 'getelementptr' 'buf_V_10_addr' <Predicate = true> <Delay = 0.00>
ST_1 : Operation 257 [1/1] (0.00ns)   --->   "%buf_V_9_addr = getelementptr i4 %buf_V_9, i64 0, i64 %zext_ln156_cast"   --->   Operation 257 'getelementptr' 'buf_V_9_addr' <Predicate = true> <Delay = 0.00>
ST_1 : Operation 258 [1/1] (0.00ns)   --->   "%buf_V_8_addr = getelementptr i4 %buf_V_8, i64 0, i64 %zext_ln156_cast"   --->   Operation 258 'getelementptr' 'buf_V_8_addr' <Predicate = true> <Delay = 0.00>
ST_1 : Operation 259 [1/1] (0.00ns)   --->   "%buf_V_7_addr = getelementptr i4 %buf_V_7, i64 0, i64 %zext_ln156_cast"   --->   Operation 259 'getelementptr' 'buf_V_7_addr' <Predicate = true> <Delay = 0.00>
ST_1 : Operation 260 [1/1] (0.00ns)   --->   "%buf_V_6_addr = getelementptr i4 %buf_V_6, i64 0, i64 %zext_ln156_cast"   --->   Operation 260 'getelementptr' 'buf_V_6_addr' <Predicate = true> <Delay = 0.00>
ST_1 : Operation 261 [1/1] (0.00ns)   --->   "%buf_V_5_addr = getelementptr i4 %buf_V_5, i64 0, i64 %zext_ln156_cast"   --->   Operation 261 'getelementptr' 'buf_V_5_addr' <Predicate = true> <Delay = 0.00>
ST_1 : Operation 262 [1/1] (0.00ns)   --->   "%buf_V_4_addr = getelementptr i4 %buf_V_4, i64 0, i64 %zext_ln156_cast"   --->   Operation 262 'getelementptr' 'buf_V_4_addr' <Predicate = true> <Delay = 0.00>
ST_1 : Operation 263 [1/1] (0.00ns)   --->   "%buf_V_3_addr = getelementptr i4 %buf_V_3, i64 0, i64 %zext_ln156_cast"   --->   Operation 263 'getelementptr' 'buf_V_3_addr' <Predicate = true> <Delay = 0.00>
ST_1 : Operation 264 [1/1] (0.00ns)   --->   "%buf_V_2_addr = getelementptr i4 %buf_V_2, i64 0, i64 %zext_ln156_cast"   --->   Operation 264 'getelementptr' 'buf_V_2_addr' <Predicate = true> <Delay = 0.00>
ST_1 : Operation 265 [1/1] (0.00ns)   --->   "%buf_V_1_addr = getelementptr i4 %buf_V_1, i64 0, i64 %zext_ln156_cast"   --->   Operation 265 'getelementptr' 'buf_V_1_addr' <Predicate = true> <Delay = 0.00>
ST_1 : Operation 266 [1/1] (0.00ns)   --->   "%buf_V_addr = getelementptr i4 %buf_V, i64 0, i64 %zext_ln156_cast"   --->   Operation 266 'getelementptr' 'buf_V_addr' <Predicate = true> <Delay = 0.00>
ST_1 : Operation 267 [1/1] (0.95ns)   --->   "%icmp_ln158 = icmp_eq  i2 %kx_1, i2 2" [/home/miguel_tfg/FINN-v0.9-Stable/deps/finn-hlslib/maxpool.h:158]   --->   Operation 267 'icmp' 'icmp_ln158' <Predicate = true> <Delay = 0.95> <CoreInst = "Cmp">   --->   Core 9 'Cmp' <Latency = 0> <II = 1> <Delay = 0.95> <FuncUnit> <Opcode : 'icmp'> <InPorts = 2> <OutPorts = 1>
ST_1 : Operation 268 [1/1] (0.00ns)   --->   "%empty = speclooptripcount i32 @_ssdm_op_SpecLoopTripCount, i64 2, i64 2, i64 2"   --->   Operation 268 'speclooptripcount' 'empty' <Predicate = true> <Delay = 0.00>
ST_1 : Operation 269 [1/1] (1.56ns)   --->   "%kx_2 = add i2 %kx_1, i2 1" [/home/miguel_tfg/FINN-v0.9-Stable/deps/finn-hlslib/maxpool.h:158]   --->   Operation 269 'add' 'kx_2' <Predicate = true> <Delay = 1.56> <CoreInst = "Adder">   --->   Core 1 'Adder' <Latency = 0> <II = 1> <Delay = 1.56> <FuncUnit> <Opcode : 'add' 'sub'> <InPorts = 2> <OutPorts = 1>
ST_1 : Operation 270 [1/1] (0.00ns)   --->   "%br_ln158 = br i1 %icmp_ln158, void %for.body39.split, void %for.inc56.exitStub" [/home/miguel_tfg/FINN-v0.9-Stable/deps/finn-hlslib/maxpool.h:158]   --->   Operation 270 'br' 'br_ln158' <Predicate = true> <Delay = 0.00>
ST_1 : Operation 271 [1/1] (0.00ns)   --->   "%oldMax_V_load = load i4 %oldMax_V" [/home/miguel_tfg/FINN-v0.9-Stable/deps/finn-hlslib/maxpool.h:167]   --->   Operation 271 'load' 'oldMax_V_load' <Predicate = (!icmp_ln158)> <Delay = 0.00>
ST_1 : Operation 272 [1/1] (0.00ns)   --->   "%oldMax_V_1_load = load i4 %oldMax_V_1" [/home/miguel_tfg/FINN-v0.9-Stable/deps/finn-hlslib/maxpool.h:167]   --->   Operation 272 'load' 'oldMax_V_1_load' <Predicate = (!icmp_ln158)> <Delay = 0.00>
ST_1 : Operation 273 [1/1] (0.00ns)   --->   "%oldMax_V_2_load = load i4 %oldMax_V_2" [/home/miguel_tfg/FINN-v0.9-Stable/deps/finn-hlslib/maxpool.h:167]   --->   Operation 273 'load' 'oldMax_V_2_load' <Predicate = (!icmp_ln158)> <Delay = 0.00>
ST_1 : Operation 274 [1/1] (0.00ns)   --->   "%oldMax_V_3_load = load i4 %oldMax_V_3" [/home/miguel_tfg/FINN-v0.9-Stable/deps/finn-hlslib/maxpool.h:167]   --->   Operation 274 'load' 'oldMax_V_3_load' <Predicate = (!icmp_ln158)> <Delay = 0.00>
ST_1 : Operation 275 [1/1] (0.00ns)   --->   "%oldMax_V_4_load = load i4 %oldMax_V_4" [/home/miguel_tfg/FINN-v0.9-Stable/deps/finn-hlslib/maxpool.h:167]   --->   Operation 275 'load' 'oldMax_V_4_load' <Predicate = (!icmp_ln158)> <Delay = 0.00>
ST_1 : Operation 276 [1/1] (0.00ns)   --->   "%oldMax_V_5_load = load i4 %oldMax_V_5" [/home/miguel_tfg/FINN-v0.9-Stable/deps/finn-hlslib/maxpool.h:167]   --->   Operation 276 'load' 'oldMax_V_5_load' <Predicate = (!icmp_ln158)> <Delay = 0.00>
ST_1 : Operation 277 [1/1] (0.00ns)   --->   "%oldMax_V_6_load = load i4 %oldMax_V_6" [/home/miguel_tfg/FINN-v0.9-Stable/deps/finn-hlslib/maxpool.h:167]   --->   Operation 277 'load' 'oldMax_V_6_load' <Predicate = (!icmp_ln158)> <Delay = 0.00>
ST_1 : Operation 278 [1/1] (0.00ns)   --->   "%oldMax_V_7_load = load i4 %oldMax_V_7" [/home/miguel_tfg/FINN-v0.9-Stable/deps/finn-hlslib/maxpool.h:167]   --->   Operation 278 'load' 'oldMax_V_7_load' <Predicate = (!icmp_ln158)> <Delay = 0.00>
ST_1 : Operation 279 [1/1] (0.00ns)   --->   "%oldMax_V_8_load = load i4 %oldMax_V_8" [/home/miguel_tfg/FINN-v0.9-Stable/deps/finn-hlslib/maxpool.h:167]   --->   Operation 279 'load' 'oldMax_V_8_load' <Predicate = (!icmp_ln158)> <Delay = 0.00>
ST_1 : Operation 280 [1/1] (0.00ns)   --->   "%oldMax_V_9_load = load i4 %oldMax_V_9" [/home/miguel_tfg/FINN-v0.9-Stable/deps/finn-hlslib/maxpool.h:167]   --->   Operation 280 'load' 'oldMax_V_9_load' <Predicate = (!icmp_ln158)> <Delay = 0.00>
ST_1 : Operation 281 [1/1] (0.00ns)   --->   "%oldMax_V_10_load = load i4 %oldMax_V_10" [/home/miguel_tfg/FINN-v0.9-Stable/deps/finn-hlslib/maxpool.h:167]   --->   Operation 281 'load' 'oldMax_V_10_load' <Predicate = (!icmp_ln158)> <Delay = 0.00>
ST_1 : Operation 282 [1/1] (0.00ns)   --->   "%oldMax_V_11_load = load i4 %oldMax_V_11" [/home/miguel_tfg/FINN-v0.9-Stable/deps/finn-hlslib/maxpool.h:167]   --->   Operation 282 'load' 'oldMax_V_11_load' <Predicate = (!icmp_ln158)> <Delay = 0.00>
ST_1 : Operation 283 [1/1] (0.00ns)   --->   "%oldMax_V_12_load = load i4 %oldMax_V_12" [/home/miguel_tfg/FINN-v0.9-Stable/deps/finn-hlslib/maxpool.h:167]   --->   Operation 283 'load' 'oldMax_V_12_load' <Predicate = (!icmp_ln158)> <Delay = 0.00>
ST_1 : Operation 284 [1/1] (0.00ns)   --->   "%oldMax_V_13_load = load i4 %oldMax_V_13" [/home/miguel_tfg/FINN-v0.9-Stable/deps/finn-hlslib/maxpool.h:167]   --->   Operation 284 'load' 'oldMax_V_13_load' <Predicate = (!icmp_ln158)> <Delay = 0.00>
ST_1 : Operation 285 [1/1] (0.00ns)   --->   "%oldMax_V_14_load = load i4 %oldMax_V_14" [/home/miguel_tfg/FINN-v0.9-Stable/deps/finn-hlslib/maxpool.h:167]   --->   Operation 285 'load' 'oldMax_V_14_load' <Predicate = (!icmp_ln158)> <Delay = 0.00>
ST_1 : Operation 286 [1/1] (0.00ns)   --->   "%oldMax_V_15_load = load i4 %oldMax_V_15" [/home/miguel_tfg/FINN-v0.9-Stable/deps/finn-hlslib/maxpool.h:167]   --->   Operation 286 'load' 'oldMax_V_15_load' <Predicate = (!icmp_ln158)> <Delay = 0.00>
ST_1 : Operation 287 [1/1] (0.00ns)   --->   "%oldMax_V_16_load = load i4 %oldMax_V_16" [/home/miguel_tfg/FINN-v0.9-Stable/deps/finn-hlslib/maxpool.h:167]   --->   Operation 287 'load' 'oldMax_V_16_load' <Predicate = (!icmp_ln158)> <Delay = 0.00>
ST_1 : Operation 288 [1/1] (0.00ns)   --->   "%oldMax_V_17_load = load i4 %oldMax_V_17" [/home/miguel_tfg/FINN-v0.9-Stable/deps/finn-hlslib/maxpool.h:167]   --->   Operation 288 'load' 'oldMax_V_17_load' <Predicate = (!icmp_ln158)> <Delay = 0.00>
ST_1 : Operation 289 [1/1] (0.00ns)   --->   "%oldMax_V_18_load = load i4 %oldMax_V_18" [/home/miguel_tfg/FINN-v0.9-Stable/deps/finn-hlslib/maxpool.h:167]   --->   Operation 289 'load' 'oldMax_V_18_load' <Predicate = (!icmp_ln158)> <Delay = 0.00>
ST_1 : Operation 290 [1/1] (0.00ns)   --->   "%oldMax_V_19_load = load i4 %oldMax_V_19" [/home/miguel_tfg/FINN-v0.9-Stable/deps/finn-hlslib/maxpool.h:167]   --->   Operation 290 'load' 'oldMax_V_19_load' <Predicate = (!icmp_ln158)> <Delay = 0.00>
ST_1 : Operation 291 [1/1] (0.00ns)   --->   "%oldMax_V_20_load = load i4 %oldMax_V_20" [/home/miguel_tfg/FINN-v0.9-Stable/deps/finn-hlslib/maxpool.h:167]   --->   Operation 291 'load' 'oldMax_V_20_load' <Predicate = (!icmp_ln158)> <Delay = 0.00>
ST_1 : Operation 292 [1/1] (0.00ns)   --->   "%oldMax_V_21_load = load i4 %oldMax_V_21" [/home/miguel_tfg/FINN-v0.9-Stable/deps/finn-hlslib/maxpool.h:167]   --->   Operation 292 'load' 'oldMax_V_21_load' <Predicate = (!icmp_ln158)> <Delay = 0.00>
ST_1 : Operation 293 [1/1] (0.00ns)   --->   "%oldMax_V_22_load = load i4 %oldMax_V_22" [/home/miguel_tfg/FINN-v0.9-Stable/deps/finn-hlslib/maxpool.h:167]   --->   Operation 293 'load' 'oldMax_V_22_load' <Predicate = (!icmp_ln158)> <Delay = 0.00>
ST_1 : Operation 294 [1/1] (0.00ns)   --->   "%oldMax_V_23_load = load i4 %oldMax_V_23" [/home/miguel_tfg/FINN-v0.9-Stable/deps/finn-hlslib/maxpool.h:167]   --->   Operation 294 'load' 'oldMax_V_23_load' <Predicate = (!icmp_ln158)> <Delay = 0.00>
ST_1 : Operation 295 [1/1] (0.00ns)   --->   "%oldMax_V_24_load = load i4 %oldMax_V_24" [/home/miguel_tfg/FINN-v0.9-Stable/deps/finn-hlslib/maxpool.h:167]   --->   Operation 295 'load' 'oldMax_V_24_load' <Predicate = (!icmp_ln158)> <Delay = 0.00>
ST_1 : Operation 296 [1/1] (0.00ns)   --->   "%oldMax_V_25_load = load i4 %oldMax_V_25" [/home/miguel_tfg/FINN-v0.9-Stable/deps/finn-hlslib/maxpool.h:167]   --->   Operation 296 'load' 'oldMax_V_25_load' <Predicate = (!icmp_ln158)> <Delay = 0.00>
ST_1 : Operation 297 [1/1] (0.00ns)   --->   "%oldMax_V_26_load = load i4 %oldMax_V_26" [/home/miguel_tfg/FINN-v0.9-Stable/deps/finn-hlslib/maxpool.h:167]   --->   Operation 297 'load' 'oldMax_V_26_load' <Predicate = (!icmp_ln158)> <Delay = 0.00>
ST_1 : Operation 298 [1/1] (0.00ns)   --->   "%oldMax_V_27_load = load i4 %oldMax_V_27" [/home/miguel_tfg/FINN-v0.9-Stable/deps/finn-hlslib/maxpool.h:167]   --->   Operation 298 'load' 'oldMax_V_27_load' <Predicate = (!icmp_ln158)> <Delay = 0.00>
ST_1 : Operation 299 [1/1] (0.00ns)   --->   "%oldMax_V_28_load = load i4 %oldMax_V_28" [/home/miguel_tfg/FINN-v0.9-Stable/deps/finn-hlslib/maxpool.h:167]   --->   Operation 299 'load' 'oldMax_V_28_load' <Predicate = (!icmp_ln158)> <Delay = 0.00>
ST_1 : Operation 300 [1/1] (0.00ns)   --->   "%oldMax_V_29_load = load i4 %oldMax_V_29" [/home/miguel_tfg/FINN-v0.9-Stable/deps/finn-hlslib/maxpool.h:167]   --->   Operation 300 'load' 'oldMax_V_29_load' <Predicate = (!icmp_ln158)> <Delay = 0.00>
ST_1 : Operation 301 [1/1] (0.00ns)   --->   "%oldMax_V_30_load = load i4 %oldMax_V_30" [/home/miguel_tfg/FINN-v0.9-Stable/deps/finn-hlslib/maxpool.h:167]   --->   Operation 301 'load' 'oldMax_V_30_load' <Predicate = (!icmp_ln158)> <Delay = 0.00>
ST_1 : Operation 302 [1/1] (0.00ns)   --->   "%oldMax_V_31_load = load i4 %oldMax_V_31" [/home/miguel_tfg/FINN-v0.9-Stable/deps/finn-hlslib/maxpool.h:167]   --->   Operation 302 'load' 'oldMax_V_31_load' <Predicate = (!icmp_ln158)> <Delay = 0.00>
ST_1 : Operation 303 [1/1] (0.00ns)   --->   "%oldMax_V_32_load = load i4 %oldMax_V_32" [/home/miguel_tfg/FINN-v0.9-Stable/deps/finn-hlslib/maxpool.h:167]   --->   Operation 303 'load' 'oldMax_V_32_load' <Predicate = (!icmp_ln158)> <Delay = 0.00>
ST_1 : Operation 304 [1/1] (0.00ns)   --->   "%oldMax_V_33_load = load i4 %oldMax_V_33" [/home/miguel_tfg/FINN-v0.9-Stable/deps/finn-hlslib/maxpool.h:167]   --->   Operation 304 'load' 'oldMax_V_33_load' <Predicate = (!icmp_ln158)> <Delay = 0.00>
ST_1 : Operation 305 [1/1] (0.00ns)   --->   "%oldMax_V_34_load = load i4 %oldMax_V_34" [/home/miguel_tfg/FINN-v0.9-Stable/deps/finn-hlslib/maxpool.h:167]   --->   Operation 305 'load' 'oldMax_V_34_load' <Predicate = (!icmp_ln158)> <Delay = 0.00>
ST_1 : Operation 306 [1/1] (0.00ns)   --->   "%oldMax_V_35_load = load i4 %oldMax_V_35" [/home/miguel_tfg/FINN-v0.9-Stable/deps/finn-hlslib/maxpool.h:167]   --->   Operation 306 'load' 'oldMax_V_35_load' <Predicate = (!icmp_ln158)> <Delay = 0.00>
ST_1 : Operation 307 [1/1] (0.00ns)   --->   "%oldMax_V_36_load = load i4 %oldMax_V_36" [/home/miguel_tfg/FINN-v0.9-Stable/deps/finn-hlslib/maxpool.h:167]   --->   Operation 307 'load' 'oldMax_V_36_load' <Predicate = (!icmp_ln158)> <Delay = 0.00>
ST_1 : Operation 308 [1/1] (0.00ns)   --->   "%oldMax_V_37_load = load i4 %oldMax_V_37" [/home/miguel_tfg/FINN-v0.9-Stable/deps/finn-hlslib/maxpool.h:167]   --->   Operation 308 'load' 'oldMax_V_37_load' <Predicate = (!icmp_ln158)> <Delay = 0.00>
ST_1 : Operation 309 [1/1] (0.00ns)   --->   "%oldMax_V_38_load = load i4 %oldMax_V_38" [/home/miguel_tfg/FINN-v0.9-Stable/deps/finn-hlslib/maxpool.h:167]   --->   Operation 309 'load' 'oldMax_V_38_load' <Predicate = (!icmp_ln158)> <Delay = 0.00>
ST_1 : Operation 310 [1/1] (0.00ns)   --->   "%oldMax_V_39_load = load i4 %oldMax_V_39" [/home/miguel_tfg/FINN-v0.9-Stable/deps/finn-hlslib/maxpool.h:167]   --->   Operation 310 'load' 'oldMax_V_39_load' <Predicate = (!icmp_ln158)> <Delay = 0.00>
ST_1 : Operation 311 [1/1] (0.00ns)   --->   "%oldMax_V_40_load = load i4 %oldMax_V_40" [/home/miguel_tfg/FINN-v0.9-Stable/deps/finn-hlslib/maxpool.h:167]   --->   Operation 311 'load' 'oldMax_V_40_load' <Predicate = (!icmp_ln158)> <Delay = 0.00>
ST_1 : Operation 312 [1/1] (0.00ns)   --->   "%oldMax_V_41_load = load i4 %oldMax_V_41" [/home/miguel_tfg/FINN-v0.9-Stable/deps/finn-hlslib/maxpool.h:167]   --->   Operation 312 'load' 'oldMax_V_41_load' <Predicate = (!icmp_ln158)> <Delay = 0.00>
ST_1 : Operation 313 [1/1] (0.00ns)   --->   "%oldMax_V_42_load = load i4 %oldMax_V_42" [/home/miguel_tfg/FINN-v0.9-Stable/deps/finn-hlslib/maxpool.h:167]   --->   Operation 313 'load' 'oldMax_V_42_load' <Predicate = (!icmp_ln158)> <Delay = 0.00>
ST_1 : Operation 314 [1/1] (0.00ns)   --->   "%oldMax_V_43_load = load i4 %oldMax_V_43" [/home/miguel_tfg/FINN-v0.9-Stable/deps/finn-hlslib/maxpool.h:167]   --->   Operation 314 'load' 'oldMax_V_43_load' <Predicate = (!icmp_ln158)> <Delay = 0.00>
ST_1 : Operation 315 [1/1] (0.00ns)   --->   "%oldMax_V_44_load = load i4 %oldMax_V_44" [/home/miguel_tfg/FINN-v0.9-Stable/deps/finn-hlslib/maxpool.h:167]   --->   Operation 315 'load' 'oldMax_V_44_load' <Predicate = (!icmp_ln158)> <Delay = 0.00>
ST_1 : Operation 316 [1/1] (0.00ns)   --->   "%oldMax_V_45_load = load i4 %oldMax_V_45" [/home/miguel_tfg/FINN-v0.9-Stable/deps/finn-hlslib/maxpool.h:167]   --->   Operation 316 'load' 'oldMax_V_45_load' <Predicate = (!icmp_ln158)> <Delay = 0.00>
ST_1 : Operation 317 [1/1] (0.00ns)   --->   "%oldMax_V_46_load = load i4 %oldMax_V_46" [/home/miguel_tfg/FINN-v0.9-Stable/deps/finn-hlslib/maxpool.h:167]   --->   Operation 317 'load' 'oldMax_V_46_load' <Predicate = (!icmp_ln158)> <Delay = 0.00>
ST_1 : Operation 318 [1/1] (0.00ns)   --->   "%oldMax_V_47_load = load i4 %oldMax_V_47" [/home/miguel_tfg/FINN-v0.9-Stable/deps/finn-hlslib/maxpool.h:167]   --->   Operation 318 'load' 'oldMax_V_47_load' <Predicate = (!icmp_ln158)> <Delay = 0.00>
ST_1 : Operation 319 [1/1] (0.00ns)   --->   "%oldMax_V_48_load = load i4 %oldMax_V_48" [/home/miguel_tfg/FINN-v0.9-Stable/deps/finn-hlslib/maxpool.h:167]   --->   Operation 319 'load' 'oldMax_V_48_load' <Predicate = (!icmp_ln158)> <Delay = 0.00>
ST_1 : Operation 320 [1/1] (0.00ns)   --->   "%oldMax_V_49_load = load i4 %oldMax_V_49" [/home/miguel_tfg/FINN-v0.9-Stable/deps/finn-hlslib/maxpool.h:167]   --->   Operation 320 'load' 'oldMax_V_49_load' <Predicate = (!icmp_ln158)> <Delay = 0.00>
ST_1 : Operation 321 [1/1] (0.00ns)   --->   "%oldMax_V_50_load = load i4 %oldMax_V_50" [/home/miguel_tfg/FINN-v0.9-Stable/deps/finn-hlslib/maxpool.h:167]   --->   Operation 321 'load' 'oldMax_V_50_load' <Predicate = (!icmp_ln158)> <Delay = 0.00>
ST_1 : Operation 322 [1/1] (0.00ns)   --->   "%oldMax_V_51_load = load i4 %oldMax_V_51" [/home/miguel_tfg/FINN-v0.9-Stable/deps/finn-hlslib/maxpool.h:167]   --->   Operation 322 'load' 'oldMax_V_51_load' <Predicate = (!icmp_ln158)> <Delay = 0.00>
ST_1 : Operation 323 [1/1] (0.00ns)   --->   "%oldMax_V_52_load = load i4 %oldMax_V_52" [/home/miguel_tfg/FINN-v0.9-Stable/deps/finn-hlslib/maxpool.h:167]   --->   Operation 323 'load' 'oldMax_V_52_load' <Predicate = (!icmp_ln158)> <Delay = 0.00>
ST_1 : Operation 324 [1/1] (0.00ns)   --->   "%oldMax_V_53_load = load i4 %oldMax_V_53" [/home/miguel_tfg/FINN-v0.9-Stable/deps/finn-hlslib/maxpool.h:167]   --->   Operation 324 'load' 'oldMax_V_53_load' <Predicate = (!icmp_ln158)> <Delay = 0.00>
ST_1 : Operation 325 [1/1] (0.00ns)   --->   "%oldMax_V_54_load = load i4 %oldMax_V_54" [/home/miguel_tfg/FINN-v0.9-Stable/deps/finn-hlslib/maxpool.h:167]   --->   Operation 325 'load' 'oldMax_V_54_load' <Predicate = (!icmp_ln158)> <Delay = 0.00>
ST_1 : Operation 326 [1/1] (0.00ns)   --->   "%oldMax_V_55_load = load i4 %oldMax_V_55" [/home/miguel_tfg/FINN-v0.9-Stable/deps/finn-hlslib/maxpool.h:167]   --->   Operation 326 'load' 'oldMax_V_55_load' <Predicate = (!icmp_ln158)> <Delay = 0.00>
ST_1 : Operation 327 [1/1] (0.00ns)   --->   "%oldMax_V_56_load = load i4 %oldMax_V_56" [/home/miguel_tfg/FINN-v0.9-Stable/deps/finn-hlslib/maxpool.h:167]   --->   Operation 327 'load' 'oldMax_V_56_load' <Predicate = (!icmp_ln158)> <Delay = 0.00>
ST_1 : Operation 328 [1/1] (0.00ns)   --->   "%oldMax_V_57_load = load i4 %oldMax_V_57" [/home/miguel_tfg/FINN-v0.9-Stable/deps/finn-hlslib/maxpool.h:167]   --->   Operation 328 'load' 'oldMax_V_57_load' <Predicate = (!icmp_ln158)> <Delay = 0.00>
ST_1 : Operation 329 [1/1] (0.00ns)   --->   "%oldMax_V_58_load = load i4 %oldMax_V_58" [/home/miguel_tfg/FINN-v0.9-Stable/deps/finn-hlslib/maxpool.h:167]   --->   Operation 329 'load' 'oldMax_V_58_load' <Predicate = (!icmp_ln158)> <Delay = 0.00>
ST_1 : Operation 330 [1/1] (0.00ns)   --->   "%oldMax_V_59_load = load i4 %oldMax_V_59" [/home/miguel_tfg/FINN-v0.9-Stable/deps/finn-hlslib/maxpool.h:167]   --->   Operation 330 'load' 'oldMax_V_59_load' <Predicate = (!icmp_ln158)> <Delay = 0.00>
ST_1 : Operation 331 [1/1] (0.00ns)   --->   "%oldMax_V_60_load = load i4 %oldMax_V_60" [/home/miguel_tfg/FINN-v0.9-Stable/deps/finn-hlslib/maxpool.h:167]   --->   Operation 331 'load' 'oldMax_V_60_load' <Predicate = (!icmp_ln158)> <Delay = 0.00>
ST_1 : Operation 332 [1/1] (0.00ns)   --->   "%oldMax_V_61_load = load i4 %oldMax_V_61" [/home/miguel_tfg/FINN-v0.9-Stable/deps/finn-hlslib/maxpool.h:167]   --->   Operation 332 'load' 'oldMax_V_61_load' <Predicate = (!icmp_ln158)> <Delay = 0.00>
ST_1 : Operation 333 [1/1] (0.00ns)   --->   "%oldMax_V_62_load = load i4 %oldMax_V_62" [/home/miguel_tfg/FINN-v0.9-Stable/deps/finn-hlslib/maxpool.h:167]   --->   Operation 333 'load' 'oldMax_V_62_load' <Predicate = (!icmp_ln158)> <Delay = 0.00>
ST_1 : Operation 334 [1/1] (0.00ns)   --->   "%oldMax_V_63_load = load i4 %oldMax_V_63" [/home/miguel_tfg/FINN-v0.9-Stable/deps/finn-hlslib/maxpool.h:167]   --->   Operation 334 'load' 'oldMax_V_63_load' <Predicate = (!icmp_ln158)> <Delay = 0.00>
ST_1 : Operation 335 [1/1] (0.00ns)   --->   "%specpipeline_ln159 = specpipeline void @_ssdm_op_SpecPipeline, i32 1, i32 2, i32 0, i32 0, void @empty_1" [/home/miguel_tfg/FINN-v0.9-Stable/deps/finn-hlslib/maxpool.h:159]   --->   Operation 335 'specpipeline' 'specpipeline_ln159' <Predicate = (!icmp_ln158)> <Delay = 0.00>
ST_1 : Operation 336 [1/1] (0.00ns)   --->   "%specloopname_ln158 = specloopname void @_ssdm_op_SpecLoopName, void @empty_4" [/home/miguel_tfg/FINN-v0.9-Stable/deps/finn-hlslib/maxpool.h:158]   --->   Operation 336 'specloopname' 'specloopname_ln158' <Predicate = (!icmp_ln158)> <Delay = 0.00>
ST_1 : Operation 337 [1/1] (0.00ns)   --->   "%inputData_V = read i256 @_ssdm_op_Read.axis.volatile.i256P128A, i256 %in0_V" [/home/miguel_tfg/FINN-v0.9-Stable/deps/finn-hlslib/maxpool.h:160]   --->   Operation 337 'read' 'inputData_V' <Predicate = (!icmp_ln158)> <Delay = 0.00> <CoreInst = "axis">   --->   Core 115 'axis' <Latency = 0> <II = 1> <Delay = 1.00> <Adapter> <Opcode : >
ST_1 : Operation 338 [1/1] (0.00ns)   --->   "%channeldata_V = trunc i256 %inputData_V"   --->   Operation 338 'trunc' 'channeldata_V' <Predicate = (!icmp_ln158)> <Delay = 0.00>
ST_1 : Operation 339 [1/1] (1.30ns)   --->   "%icmp_ln1035 = icmp_ugt  i4 %channeldata_V, i4 %oldMax_V_load"   --->   Operation 339 'icmp' 'icmp_ln1035' <Predicate = (!icmp_ln158)> <Delay = 1.30> <CoreInst = "Cmp">   --->   Core 9 'Cmp' <Latency = 0> <II = 1> <Delay = 1.30> <FuncUnit> <Opcode : 'icmp'> <InPorts = 2> <OutPorts = 1>
ST_1 : Operation 340 [1/1] (1.02ns)   --->   "%select_ln167 = select i1 %icmp_ln1035, i4 %channeldata_V, i4 %oldMax_V_load" [/home/miguel_tfg/FINN-v0.9-Stable/deps/finn-hlslib/maxpool.h:167]   --->   Operation 340 'select' 'select_ln167' <Predicate = (!icmp_ln158)> <Delay = 1.02> <CoreInst = "Sel">   --->   Core 73 'Sel' <Latency = 0> <II = 1> <Delay = 1.02> <FuncUnit> <Opcode : 'select'> <InPorts = 3> <OutPorts = 1>
ST_1 : Operation 341 [1/1] (0.00ns)   --->   "%channeldata_V_1 = partselect i4 @_ssdm_op_PartSelect.i4.i256.i32.i32, i256 %inputData_V, i32 4, i32 7"   --->   Operation 341 'partselect' 'channeldata_V_1' <Predicate = (!icmp_ln158)> <Delay = 0.00>
ST_1 : Operation 342 [1/1] (1.30ns)   --->   "%icmp_ln1035_1 = icmp_ugt  i4 %channeldata_V_1, i4 %oldMax_V_1_load"   --->   Operation 342 'icmp' 'icmp_ln1035_1' <Predicate = (!icmp_ln158)> <Delay = 1.30> <CoreInst = "Cmp">   --->   Core 9 'Cmp' <Latency = 0> <II = 1> <Delay = 1.30> <FuncUnit> <Opcode : 'icmp'> <InPorts = 2> <OutPorts = 1>
ST_1 : Operation 343 [1/1] (1.02ns)   --->   "%select_ln167_1 = select i1 %icmp_ln1035_1, i4 %channeldata_V_1, i4 %oldMax_V_1_load" [/home/miguel_tfg/FINN-v0.9-Stable/deps/finn-hlslib/maxpool.h:167]   --->   Operation 343 'select' 'select_ln167_1' <Predicate = (!icmp_ln158)> <Delay = 1.02> <CoreInst = "Sel">   --->   Core 73 'Sel' <Latency = 0> <II = 1> <Delay = 1.02> <FuncUnit> <Opcode : 'select'> <InPorts = 3> <OutPorts = 1>
ST_1 : Operation 344 [1/1] (0.00ns)   --->   "%channeldata_V_2 = partselect i4 @_ssdm_op_PartSelect.i4.i256.i32.i32, i256 %inputData_V, i32 8, i32 11"   --->   Operation 344 'partselect' 'channeldata_V_2' <Predicate = (!icmp_ln158)> <Delay = 0.00>
ST_1 : Operation 345 [1/1] (1.30ns)   --->   "%icmp_ln1035_2 = icmp_ugt  i4 %channeldata_V_2, i4 %oldMax_V_2_load"   --->   Operation 345 'icmp' 'icmp_ln1035_2' <Predicate = (!icmp_ln158)> <Delay = 1.30> <CoreInst = "Cmp">   --->   Core 9 'Cmp' <Latency = 0> <II = 1> <Delay = 1.30> <FuncUnit> <Opcode : 'icmp'> <InPorts = 2> <OutPorts = 1>
ST_1 : Operation 346 [1/1] (1.02ns)   --->   "%select_ln167_2 = select i1 %icmp_ln1035_2, i4 %channeldata_V_2, i4 %oldMax_V_2_load" [/home/miguel_tfg/FINN-v0.9-Stable/deps/finn-hlslib/maxpool.h:167]   --->   Operation 346 'select' 'select_ln167_2' <Predicate = (!icmp_ln158)> <Delay = 1.02> <CoreInst = "Sel">   --->   Core 73 'Sel' <Latency = 0> <II = 1> <Delay = 1.02> <FuncUnit> <Opcode : 'select'> <InPorts = 3> <OutPorts = 1>
ST_1 : Operation 347 [1/1] (0.00ns)   --->   "%channeldata_V_3 = partselect i4 @_ssdm_op_PartSelect.i4.i256.i32.i32, i256 %inputData_V, i32 12, i32 15"   --->   Operation 347 'partselect' 'channeldata_V_3' <Predicate = (!icmp_ln158)> <Delay = 0.00>
ST_1 : Operation 348 [1/1] (1.30ns)   --->   "%icmp_ln1035_3 = icmp_ugt  i4 %channeldata_V_3, i4 %oldMax_V_3_load"   --->   Operation 348 'icmp' 'icmp_ln1035_3' <Predicate = (!icmp_ln158)> <Delay = 1.30> <CoreInst = "Cmp">   --->   Core 9 'Cmp' <Latency = 0> <II = 1> <Delay = 1.30> <FuncUnit> <Opcode : 'icmp'> <InPorts = 2> <OutPorts = 1>
ST_1 : Operation 349 [1/1] (1.02ns)   --->   "%select_ln167_3 = select i1 %icmp_ln1035_3, i4 %channeldata_V_3, i4 %oldMax_V_3_load" [/home/miguel_tfg/FINN-v0.9-Stable/deps/finn-hlslib/maxpool.h:167]   --->   Operation 349 'select' 'select_ln167_3' <Predicate = (!icmp_ln158)> <Delay = 1.02> <CoreInst = "Sel">   --->   Core 73 'Sel' <Latency = 0> <II = 1> <Delay = 1.02> <FuncUnit> <Opcode : 'select'> <InPorts = 3> <OutPorts = 1>
ST_1 : Operation 350 [1/1] (0.00ns)   --->   "%channeldata_V_4 = partselect i4 @_ssdm_op_PartSelect.i4.i256.i32.i32, i256 %inputData_V, i32 16, i32 19"   --->   Operation 350 'partselect' 'channeldata_V_4' <Predicate = (!icmp_ln158)> <Delay = 0.00>
ST_1 : Operation 351 [1/1] (1.30ns)   --->   "%icmp_ln1035_4 = icmp_ugt  i4 %channeldata_V_4, i4 %oldMax_V_4_load"   --->   Operation 351 'icmp' 'icmp_ln1035_4' <Predicate = (!icmp_ln158)> <Delay = 1.30> <CoreInst = "Cmp">   --->   Core 9 'Cmp' <Latency = 0> <II = 1> <Delay = 1.30> <FuncUnit> <Opcode : 'icmp'> <InPorts = 2> <OutPorts = 1>
ST_1 : Operation 352 [1/1] (1.02ns)   --->   "%select_ln167_4 = select i1 %icmp_ln1035_4, i4 %channeldata_V_4, i4 %oldMax_V_4_load" [/home/miguel_tfg/FINN-v0.9-Stable/deps/finn-hlslib/maxpool.h:167]   --->   Operation 352 'select' 'select_ln167_4' <Predicate = (!icmp_ln158)> <Delay = 1.02> <CoreInst = "Sel">   --->   Core 73 'Sel' <Latency = 0> <II = 1> <Delay = 1.02> <FuncUnit> <Opcode : 'select'> <InPorts = 3> <OutPorts = 1>
ST_1 : Operation 353 [1/1] (0.00ns)   --->   "%channeldata_V_5 = partselect i4 @_ssdm_op_PartSelect.i4.i256.i32.i32, i256 %inputData_V, i32 20, i32 23"   --->   Operation 353 'partselect' 'channeldata_V_5' <Predicate = (!icmp_ln158)> <Delay = 0.00>
ST_1 : Operation 354 [1/1] (1.30ns)   --->   "%icmp_ln1035_5 = icmp_ugt  i4 %channeldata_V_5, i4 %oldMax_V_5_load"   --->   Operation 354 'icmp' 'icmp_ln1035_5' <Predicate = (!icmp_ln158)> <Delay = 1.30> <CoreInst = "Cmp">   --->   Core 9 'Cmp' <Latency = 0> <II = 1> <Delay = 1.30> <FuncUnit> <Opcode : 'icmp'> <InPorts = 2> <OutPorts = 1>
ST_1 : Operation 355 [1/1] (1.02ns)   --->   "%select_ln167_5 = select i1 %icmp_ln1035_5, i4 %channeldata_V_5, i4 %oldMax_V_5_load" [/home/miguel_tfg/FINN-v0.9-Stable/deps/finn-hlslib/maxpool.h:167]   --->   Operation 355 'select' 'select_ln167_5' <Predicate = (!icmp_ln158)> <Delay = 1.02> <CoreInst = "Sel">   --->   Core 73 'Sel' <Latency = 0> <II = 1> <Delay = 1.02> <FuncUnit> <Opcode : 'select'> <InPorts = 3> <OutPorts = 1>
ST_1 : Operation 356 [1/1] (0.00ns)   --->   "%channeldata_V_6 = partselect i4 @_ssdm_op_PartSelect.i4.i256.i32.i32, i256 %inputData_V, i32 24, i32 27"   --->   Operation 356 'partselect' 'channeldata_V_6' <Predicate = (!icmp_ln158)> <Delay = 0.00>
ST_1 : Operation 357 [1/1] (1.30ns)   --->   "%icmp_ln1035_6 = icmp_ugt  i4 %channeldata_V_6, i4 %oldMax_V_6_load"   --->   Operation 357 'icmp' 'icmp_ln1035_6' <Predicate = (!icmp_ln158)> <Delay = 1.30> <CoreInst = "Cmp">   --->   Core 9 'Cmp' <Latency = 0> <II = 1> <Delay = 1.30> <FuncUnit> <Opcode : 'icmp'> <InPorts = 2> <OutPorts = 1>
ST_1 : Operation 358 [1/1] (1.02ns)   --->   "%select_ln167_6 = select i1 %icmp_ln1035_6, i4 %channeldata_V_6, i4 %oldMax_V_6_load" [/home/miguel_tfg/FINN-v0.9-Stable/deps/finn-hlslib/maxpool.h:167]   --->   Operation 358 'select' 'select_ln167_6' <Predicate = (!icmp_ln158)> <Delay = 1.02> <CoreInst = "Sel">   --->   Core 73 'Sel' <Latency = 0> <II = 1> <Delay = 1.02> <FuncUnit> <Opcode : 'select'> <InPorts = 3> <OutPorts = 1>
ST_1 : Operation 359 [1/1] (0.00ns)   --->   "%channeldata_V_7 = partselect i4 @_ssdm_op_PartSelect.i4.i256.i32.i32, i256 %inputData_V, i32 28, i32 31"   --->   Operation 359 'partselect' 'channeldata_V_7' <Predicate = (!icmp_ln158)> <Delay = 0.00>
ST_1 : Operation 360 [1/1] (1.30ns)   --->   "%icmp_ln1035_7 = icmp_ugt  i4 %channeldata_V_7, i4 %oldMax_V_7_load"   --->   Operation 360 'icmp' 'icmp_ln1035_7' <Predicate = (!icmp_ln158)> <Delay = 1.30> <CoreInst = "Cmp">   --->   Core 9 'Cmp' <Latency = 0> <II = 1> <Delay = 1.30> <FuncUnit> <Opcode : 'icmp'> <InPorts = 2> <OutPorts = 1>
ST_1 : Operation 361 [1/1] (1.02ns)   --->   "%select_ln167_7 = select i1 %icmp_ln1035_7, i4 %channeldata_V_7, i4 %oldMax_V_7_load" [/home/miguel_tfg/FINN-v0.9-Stable/deps/finn-hlslib/maxpool.h:167]   --->   Operation 361 'select' 'select_ln167_7' <Predicate = (!icmp_ln158)> <Delay = 1.02> <CoreInst = "Sel">   --->   Core 73 'Sel' <Latency = 0> <II = 1> <Delay = 1.02> <FuncUnit> <Opcode : 'select'> <InPorts = 3> <OutPorts = 1>
ST_1 : Operation 362 [1/1] (0.00ns)   --->   "%channeldata_V_8 = partselect i4 @_ssdm_op_PartSelect.i4.i256.i32.i32, i256 %inputData_V, i32 32, i32 35"   --->   Operation 362 'partselect' 'channeldata_V_8' <Predicate = (!icmp_ln158)> <Delay = 0.00>
ST_1 : Operation 363 [1/1] (1.30ns)   --->   "%icmp_ln1035_8 = icmp_ugt  i4 %channeldata_V_8, i4 %oldMax_V_8_load"   --->   Operation 363 'icmp' 'icmp_ln1035_8' <Predicate = (!icmp_ln158)> <Delay = 1.30> <CoreInst = "Cmp">   --->   Core 9 'Cmp' <Latency = 0> <II = 1> <Delay = 1.30> <FuncUnit> <Opcode : 'icmp'> <InPorts = 2> <OutPorts = 1>
ST_1 : Operation 364 [1/1] (1.02ns)   --->   "%select_ln167_8 = select i1 %icmp_ln1035_8, i4 %channeldata_V_8, i4 %oldMax_V_8_load" [/home/miguel_tfg/FINN-v0.9-Stable/deps/finn-hlslib/maxpool.h:167]   --->   Operation 364 'select' 'select_ln167_8' <Predicate = (!icmp_ln158)> <Delay = 1.02> <CoreInst = "Sel">   --->   Core 73 'Sel' <Latency = 0> <II = 1> <Delay = 1.02> <FuncUnit> <Opcode : 'select'> <InPorts = 3> <OutPorts = 1>
ST_1 : Operation 365 [1/1] (0.00ns)   --->   "%channeldata_V_9 = partselect i4 @_ssdm_op_PartSelect.i4.i256.i32.i32, i256 %inputData_V, i32 36, i32 39"   --->   Operation 365 'partselect' 'channeldata_V_9' <Predicate = (!icmp_ln158)> <Delay = 0.00>
ST_1 : Operation 366 [1/1] (1.30ns)   --->   "%icmp_ln1035_9 = icmp_ugt  i4 %channeldata_V_9, i4 %oldMax_V_9_load"   --->   Operation 366 'icmp' 'icmp_ln1035_9' <Predicate = (!icmp_ln158)> <Delay = 1.30> <CoreInst = "Cmp">   --->   Core 9 'Cmp' <Latency = 0> <II = 1> <Delay = 1.30> <FuncUnit> <Opcode : 'icmp'> <InPorts = 2> <OutPorts = 1>
ST_1 : Operation 367 [1/1] (1.02ns)   --->   "%select_ln167_9 = select i1 %icmp_ln1035_9, i4 %channeldata_V_9, i4 %oldMax_V_9_load" [/home/miguel_tfg/FINN-v0.9-Stable/deps/finn-hlslib/maxpool.h:167]   --->   Operation 367 'select' 'select_ln167_9' <Predicate = (!icmp_ln158)> <Delay = 1.02> <CoreInst = "Sel">   --->   Core 73 'Sel' <Latency = 0> <II = 1> <Delay = 1.02> <FuncUnit> <Opcode : 'select'> <InPorts = 3> <OutPorts = 1>
ST_1 : Operation 368 [1/1] (0.00ns)   --->   "%channeldata_V_10 = partselect i4 @_ssdm_op_PartSelect.i4.i256.i32.i32, i256 %inputData_V, i32 40, i32 43"   --->   Operation 368 'partselect' 'channeldata_V_10' <Predicate = (!icmp_ln158)> <Delay = 0.00>
ST_1 : Operation 369 [1/1] (1.30ns)   --->   "%icmp_ln1035_10 = icmp_ugt  i4 %channeldata_V_10, i4 %oldMax_V_10_load"   --->   Operation 369 'icmp' 'icmp_ln1035_10' <Predicate = (!icmp_ln158)> <Delay = 1.30> <CoreInst = "Cmp">   --->   Core 9 'Cmp' <Latency = 0> <II = 1> <Delay = 1.30> <FuncUnit> <Opcode : 'icmp'> <InPorts = 2> <OutPorts = 1>
ST_1 : Operation 370 [1/1] (1.02ns)   --->   "%select_ln167_10 = select i1 %icmp_ln1035_10, i4 %channeldata_V_10, i4 %oldMax_V_10_load" [/home/miguel_tfg/FINN-v0.9-Stable/deps/finn-hlslib/maxpool.h:167]   --->   Operation 370 'select' 'select_ln167_10' <Predicate = (!icmp_ln158)> <Delay = 1.02> <CoreInst = "Sel">   --->   Core 73 'Sel' <Latency = 0> <II = 1> <Delay = 1.02> <FuncUnit> <Opcode : 'select'> <InPorts = 3> <OutPorts = 1>
ST_1 : Operation 371 [1/1] (0.00ns)   --->   "%channeldata_V_11 = partselect i4 @_ssdm_op_PartSelect.i4.i256.i32.i32, i256 %inputData_V, i32 44, i32 47"   --->   Operation 371 'partselect' 'channeldata_V_11' <Predicate = (!icmp_ln158)> <Delay = 0.00>
ST_1 : Operation 372 [1/1] (1.30ns)   --->   "%icmp_ln1035_11 = icmp_ugt  i4 %channeldata_V_11, i4 %oldMax_V_11_load"   --->   Operation 372 'icmp' 'icmp_ln1035_11' <Predicate = (!icmp_ln158)> <Delay = 1.30> <CoreInst = "Cmp">   --->   Core 9 'Cmp' <Latency = 0> <II = 1> <Delay = 1.30> <FuncUnit> <Opcode : 'icmp'> <InPorts = 2> <OutPorts = 1>
ST_1 : Operation 373 [1/1] (1.02ns)   --->   "%select_ln167_11 = select i1 %icmp_ln1035_11, i4 %channeldata_V_11, i4 %oldMax_V_11_load" [/home/miguel_tfg/FINN-v0.9-Stable/deps/finn-hlslib/maxpool.h:167]   --->   Operation 373 'select' 'select_ln167_11' <Predicate = (!icmp_ln158)> <Delay = 1.02> <CoreInst = "Sel">   --->   Core 73 'Sel' <Latency = 0> <II = 1> <Delay = 1.02> <FuncUnit> <Opcode : 'select'> <InPorts = 3> <OutPorts = 1>
ST_1 : Operation 374 [1/1] (0.00ns)   --->   "%channeldata_V_12 = partselect i4 @_ssdm_op_PartSelect.i4.i256.i32.i32, i256 %inputData_V, i32 48, i32 51"   --->   Operation 374 'partselect' 'channeldata_V_12' <Predicate = (!icmp_ln158)> <Delay = 0.00>
ST_1 : Operation 375 [1/1] (1.30ns)   --->   "%icmp_ln1035_12 = icmp_ugt  i4 %channeldata_V_12, i4 %oldMax_V_12_load"   --->   Operation 375 'icmp' 'icmp_ln1035_12' <Predicate = (!icmp_ln158)> <Delay = 1.30> <CoreInst = "Cmp">   --->   Core 9 'Cmp' <Latency = 0> <II = 1> <Delay = 1.30> <FuncUnit> <Opcode : 'icmp'> <InPorts = 2> <OutPorts = 1>
ST_1 : Operation 376 [1/1] (1.02ns)   --->   "%select_ln167_12 = select i1 %icmp_ln1035_12, i4 %channeldata_V_12, i4 %oldMax_V_12_load" [/home/miguel_tfg/FINN-v0.9-Stable/deps/finn-hlslib/maxpool.h:167]   --->   Operation 376 'select' 'select_ln167_12' <Predicate = (!icmp_ln158)> <Delay = 1.02> <CoreInst = "Sel">   --->   Core 73 'Sel' <Latency = 0> <II = 1> <Delay = 1.02> <FuncUnit> <Opcode : 'select'> <InPorts = 3> <OutPorts = 1>
ST_1 : Operation 377 [1/1] (0.00ns)   --->   "%channeldata_V_13 = partselect i4 @_ssdm_op_PartSelect.i4.i256.i32.i32, i256 %inputData_V, i32 52, i32 55"   --->   Operation 377 'partselect' 'channeldata_V_13' <Predicate = (!icmp_ln158)> <Delay = 0.00>
ST_1 : Operation 378 [1/1] (1.30ns)   --->   "%icmp_ln1035_13 = icmp_ugt  i4 %channeldata_V_13, i4 %oldMax_V_13_load"   --->   Operation 378 'icmp' 'icmp_ln1035_13' <Predicate = (!icmp_ln158)> <Delay = 1.30> <CoreInst = "Cmp">   --->   Core 9 'Cmp' <Latency = 0> <II = 1> <Delay = 1.30> <FuncUnit> <Opcode : 'icmp'> <InPorts = 2> <OutPorts = 1>
ST_1 : Operation 379 [1/1] (1.02ns)   --->   "%select_ln167_13 = select i1 %icmp_ln1035_13, i4 %channeldata_V_13, i4 %oldMax_V_13_load" [/home/miguel_tfg/FINN-v0.9-Stable/deps/finn-hlslib/maxpool.h:167]   --->   Operation 379 'select' 'select_ln167_13' <Predicate = (!icmp_ln158)> <Delay = 1.02> <CoreInst = "Sel">   --->   Core 73 'Sel' <Latency = 0> <II = 1> <Delay = 1.02> <FuncUnit> <Opcode : 'select'> <InPorts = 3> <OutPorts = 1>
ST_1 : Operation 380 [1/1] (0.00ns)   --->   "%channeldata_V_14 = partselect i4 @_ssdm_op_PartSelect.i4.i256.i32.i32, i256 %inputData_V, i32 56, i32 59"   --->   Operation 380 'partselect' 'channeldata_V_14' <Predicate = (!icmp_ln158)> <Delay = 0.00>
ST_1 : Operation 381 [1/1] (1.30ns)   --->   "%icmp_ln1035_14 = icmp_ugt  i4 %channeldata_V_14, i4 %oldMax_V_14_load"   --->   Operation 381 'icmp' 'icmp_ln1035_14' <Predicate = (!icmp_ln158)> <Delay = 1.30> <CoreInst = "Cmp">   --->   Core 9 'Cmp' <Latency = 0> <II = 1> <Delay = 1.30> <FuncUnit> <Opcode : 'icmp'> <InPorts = 2> <OutPorts = 1>
ST_1 : Operation 382 [1/1] (1.02ns)   --->   "%select_ln167_14 = select i1 %icmp_ln1035_14, i4 %channeldata_V_14, i4 %oldMax_V_14_load" [/home/miguel_tfg/FINN-v0.9-Stable/deps/finn-hlslib/maxpool.h:167]   --->   Operation 382 'select' 'select_ln167_14' <Predicate = (!icmp_ln158)> <Delay = 1.02> <CoreInst = "Sel">   --->   Core 73 'Sel' <Latency = 0> <II = 1> <Delay = 1.02> <FuncUnit> <Opcode : 'select'> <InPorts = 3> <OutPorts = 1>
ST_1 : Operation 383 [1/1] (0.00ns)   --->   "%channeldata_V_15 = partselect i4 @_ssdm_op_PartSelect.i4.i256.i32.i32, i256 %inputData_V, i32 60, i32 63"   --->   Operation 383 'partselect' 'channeldata_V_15' <Predicate = (!icmp_ln158)> <Delay = 0.00>
ST_1 : Operation 384 [1/1] (1.30ns)   --->   "%icmp_ln1035_15 = icmp_ugt  i4 %channeldata_V_15, i4 %oldMax_V_15_load"   --->   Operation 384 'icmp' 'icmp_ln1035_15' <Predicate = (!icmp_ln158)> <Delay = 1.30> <CoreInst = "Cmp">   --->   Core 9 'Cmp' <Latency = 0> <II = 1> <Delay = 1.30> <FuncUnit> <Opcode : 'icmp'> <InPorts = 2> <OutPorts = 1>
ST_1 : Operation 385 [1/1] (1.02ns)   --->   "%select_ln167_15 = select i1 %icmp_ln1035_15, i4 %channeldata_V_15, i4 %oldMax_V_15_load" [/home/miguel_tfg/FINN-v0.9-Stable/deps/finn-hlslib/maxpool.h:167]   --->   Operation 385 'select' 'select_ln167_15' <Predicate = (!icmp_ln158)> <Delay = 1.02> <CoreInst = "Sel">   --->   Core 73 'Sel' <Latency = 0> <II = 1> <Delay = 1.02> <FuncUnit> <Opcode : 'select'> <InPorts = 3> <OutPorts = 1>
ST_1 : Operation 386 [1/1] (0.00ns)   --->   "%channeldata_V_16 = partselect i4 @_ssdm_op_PartSelect.i4.i256.i32.i32, i256 %inputData_V, i32 64, i32 67"   --->   Operation 386 'partselect' 'channeldata_V_16' <Predicate = (!icmp_ln158)> <Delay = 0.00>
ST_1 : Operation 387 [1/1] (1.30ns)   --->   "%icmp_ln1035_16 = icmp_ugt  i4 %channeldata_V_16, i4 %oldMax_V_16_load"   --->   Operation 387 'icmp' 'icmp_ln1035_16' <Predicate = (!icmp_ln158)> <Delay = 1.30> <CoreInst = "Cmp">   --->   Core 9 'Cmp' <Latency = 0> <II = 1> <Delay = 1.30> <FuncUnit> <Opcode : 'icmp'> <InPorts = 2> <OutPorts = 1>
ST_1 : Operation 388 [1/1] (1.02ns)   --->   "%select_ln167_16 = select i1 %icmp_ln1035_16, i4 %channeldata_V_16, i4 %oldMax_V_16_load" [/home/miguel_tfg/FINN-v0.9-Stable/deps/finn-hlslib/maxpool.h:167]   --->   Operation 388 'select' 'select_ln167_16' <Predicate = (!icmp_ln158)> <Delay = 1.02> <CoreInst = "Sel">   --->   Core 73 'Sel' <Latency = 0> <II = 1> <Delay = 1.02> <FuncUnit> <Opcode : 'select'> <InPorts = 3> <OutPorts = 1>
ST_1 : Operation 389 [1/1] (0.00ns)   --->   "%channeldata_V_17 = partselect i4 @_ssdm_op_PartSelect.i4.i256.i32.i32, i256 %inputData_V, i32 68, i32 71"   --->   Operation 389 'partselect' 'channeldata_V_17' <Predicate = (!icmp_ln158)> <Delay = 0.00>
ST_1 : Operation 390 [1/1] (1.30ns)   --->   "%icmp_ln1035_17 = icmp_ugt  i4 %channeldata_V_17, i4 %oldMax_V_17_load"   --->   Operation 390 'icmp' 'icmp_ln1035_17' <Predicate = (!icmp_ln158)> <Delay = 1.30> <CoreInst = "Cmp">   --->   Core 9 'Cmp' <Latency = 0> <II = 1> <Delay = 1.30> <FuncUnit> <Opcode : 'icmp'> <InPorts = 2> <OutPorts = 1>
ST_1 : Operation 391 [1/1] (1.02ns)   --->   "%select_ln167_17 = select i1 %icmp_ln1035_17, i4 %channeldata_V_17, i4 %oldMax_V_17_load" [/home/miguel_tfg/FINN-v0.9-Stable/deps/finn-hlslib/maxpool.h:167]   --->   Operation 391 'select' 'select_ln167_17' <Predicate = (!icmp_ln158)> <Delay = 1.02> <CoreInst = "Sel">   --->   Core 73 'Sel' <Latency = 0> <II = 1> <Delay = 1.02> <FuncUnit> <Opcode : 'select'> <InPorts = 3> <OutPorts = 1>
ST_1 : Operation 392 [1/1] (0.00ns)   --->   "%channeldata_V_18 = partselect i4 @_ssdm_op_PartSelect.i4.i256.i32.i32, i256 %inputData_V, i32 72, i32 75"   --->   Operation 392 'partselect' 'channeldata_V_18' <Predicate = (!icmp_ln158)> <Delay = 0.00>
ST_1 : Operation 393 [1/1] (1.30ns)   --->   "%icmp_ln1035_18 = icmp_ugt  i4 %channeldata_V_18, i4 %oldMax_V_18_load"   --->   Operation 393 'icmp' 'icmp_ln1035_18' <Predicate = (!icmp_ln158)> <Delay = 1.30> <CoreInst = "Cmp">   --->   Core 9 'Cmp' <Latency = 0> <II = 1> <Delay = 1.30> <FuncUnit> <Opcode : 'icmp'> <InPorts = 2> <OutPorts = 1>
ST_1 : Operation 394 [1/1] (1.02ns)   --->   "%select_ln167_18 = select i1 %icmp_ln1035_18, i4 %channeldata_V_18, i4 %oldMax_V_18_load" [/home/miguel_tfg/FINN-v0.9-Stable/deps/finn-hlslib/maxpool.h:167]   --->   Operation 394 'select' 'select_ln167_18' <Predicate = (!icmp_ln158)> <Delay = 1.02> <CoreInst = "Sel">   --->   Core 73 'Sel' <Latency = 0> <II = 1> <Delay = 1.02> <FuncUnit> <Opcode : 'select'> <InPorts = 3> <OutPorts = 1>
ST_1 : Operation 395 [1/1] (0.00ns)   --->   "%channeldata_V_19 = partselect i4 @_ssdm_op_PartSelect.i4.i256.i32.i32, i256 %inputData_V, i32 76, i32 79"   --->   Operation 395 'partselect' 'channeldata_V_19' <Predicate = (!icmp_ln158)> <Delay = 0.00>
ST_1 : Operation 396 [1/1] (1.30ns)   --->   "%icmp_ln1035_19 = icmp_ugt  i4 %channeldata_V_19, i4 %oldMax_V_19_load"   --->   Operation 396 'icmp' 'icmp_ln1035_19' <Predicate = (!icmp_ln158)> <Delay = 1.30> <CoreInst = "Cmp">   --->   Core 9 'Cmp' <Latency = 0> <II = 1> <Delay = 1.30> <FuncUnit> <Opcode : 'icmp'> <InPorts = 2> <OutPorts = 1>
ST_1 : Operation 397 [1/1] (1.02ns)   --->   "%select_ln167_19 = select i1 %icmp_ln1035_19, i4 %channeldata_V_19, i4 %oldMax_V_19_load" [/home/miguel_tfg/FINN-v0.9-Stable/deps/finn-hlslib/maxpool.h:167]   --->   Operation 397 'select' 'select_ln167_19' <Predicate = (!icmp_ln158)> <Delay = 1.02> <CoreInst = "Sel">   --->   Core 73 'Sel' <Latency = 0> <II = 1> <Delay = 1.02> <FuncUnit> <Opcode : 'select'> <InPorts = 3> <OutPorts = 1>
ST_1 : Operation 398 [1/1] (0.00ns)   --->   "%channeldata_V_20 = partselect i4 @_ssdm_op_PartSelect.i4.i256.i32.i32, i256 %inputData_V, i32 80, i32 83"   --->   Operation 398 'partselect' 'channeldata_V_20' <Predicate = (!icmp_ln158)> <Delay = 0.00>
ST_1 : Operation 399 [1/1] (1.30ns)   --->   "%icmp_ln1035_20 = icmp_ugt  i4 %channeldata_V_20, i4 %oldMax_V_20_load"   --->   Operation 399 'icmp' 'icmp_ln1035_20' <Predicate = (!icmp_ln158)> <Delay = 1.30> <CoreInst = "Cmp">   --->   Core 9 'Cmp' <Latency = 0> <II = 1> <Delay = 1.30> <FuncUnit> <Opcode : 'icmp'> <InPorts = 2> <OutPorts = 1>
ST_1 : Operation 400 [1/1] (1.02ns)   --->   "%select_ln167_20 = select i1 %icmp_ln1035_20, i4 %channeldata_V_20, i4 %oldMax_V_20_load" [/home/miguel_tfg/FINN-v0.9-Stable/deps/finn-hlslib/maxpool.h:167]   --->   Operation 400 'select' 'select_ln167_20' <Predicate = (!icmp_ln158)> <Delay = 1.02> <CoreInst = "Sel">   --->   Core 73 'Sel' <Latency = 0> <II = 1> <Delay = 1.02> <FuncUnit> <Opcode : 'select'> <InPorts = 3> <OutPorts = 1>
ST_1 : Operation 401 [1/1] (0.00ns)   --->   "%channeldata_V_21 = partselect i4 @_ssdm_op_PartSelect.i4.i256.i32.i32, i256 %inputData_V, i32 84, i32 87"   --->   Operation 401 'partselect' 'channeldata_V_21' <Predicate = (!icmp_ln158)> <Delay = 0.00>
ST_1 : Operation 402 [1/1] (1.30ns)   --->   "%icmp_ln1035_21 = icmp_ugt  i4 %channeldata_V_21, i4 %oldMax_V_21_load"   --->   Operation 402 'icmp' 'icmp_ln1035_21' <Predicate = (!icmp_ln158)> <Delay = 1.30> <CoreInst = "Cmp">   --->   Core 9 'Cmp' <Latency = 0> <II = 1> <Delay = 1.30> <FuncUnit> <Opcode : 'icmp'> <InPorts = 2> <OutPorts = 1>
ST_1 : Operation 403 [1/1] (1.02ns)   --->   "%select_ln167_21 = select i1 %icmp_ln1035_21, i4 %channeldata_V_21, i4 %oldMax_V_21_load" [/home/miguel_tfg/FINN-v0.9-Stable/deps/finn-hlslib/maxpool.h:167]   --->   Operation 403 'select' 'select_ln167_21' <Predicate = (!icmp_ln158)> <Delay = 1.02> <CoreInst = "Sel">   --->   Core 73 'Sel' <Latency = 0> <II = 1> <Delay = 1.02> <FuncUnit> <Opcode : 'select'> <InPorts = 3> <OutPorts = 1>
ST_1 : Operation 404 [1/1] (0.00ns)   --->   "%channeldata_V_22 = partselect i4 @_ssdm_op_PartSelect.i4.i256.i32.i32, i256 %inputData_V, i32 88, i32 91"   --->   Operation 404 'partselect' 'channeldata_V_22' <Predicate = (!icmp_ln158)> <Delay = 0.00>
ST_1 : Operation 405 [1/1] (1.30ns)   --->   "%icmp_ln1035_22 = icmp_ugt  i4 %channeldata_V_22, i4 %oldMax_V_22_load"   --->   Operation 405 'icmp' 'icmp_ln1035_22' <Predicate = (!icmp_ln158)> <Delay = 1.30> <CoreInst = "Cmp">   --->   Core 9 'Cmp' <Latency = 0> <II = 1> <Delay = 1.30> <FuncUnit> <Opcode : 'icmp'> <InPorts = 2> <OutPorts = 1>
ST_1 : Operation 406 [1/1] (1.02ns)   --->   "%select_ln167_22 = select i1 %icmp_ln1035_22, i4 %channeldata_V_22, i4 %oldMax_V_22_load" [/home/miguel_tfg/FINN-v0.9-Stable/deps/finn-hlslib/maxpool.h:167]   --->   Operation 406 'select' 'select_ln167_22' <Predicate = (!icmp_ln158)> <Delay = 1.02> <CoreInst = "Sel">   --->   Core 73 'Sel' <Latency = 0> <II = 1> <Delay = 1.02> <FuncUnit> <Opcode : 'select'> <InPorts = 3> <OutPorts = 1>
ST_1 : Operation 407 [1/1] (0.00ns)   --->   "%channeldata_V_23 = partselect i4 @_ssdm_op_PartSelect.i4.i256.i32.i32, i256 %inputData_V, i32 92, i32 95"   --->   Operation 407 'partselect' 'channeldata_V_23' <Predicate = (!icmp_ln158)> <Delay = 0.00>
ST_1 : Operation 408 [1/1] (1.30ns)   --->   "%icmp_ln1035_23 = icmp_ugt  i4 %channeldata_V_23, i4 %oldMax_V_23_load"   --->   Operation 408 'icmp' 'icmp_ln1035_23' <Predicate = (!icmp_ln158)> <Delay = 1.30> <CoreInst = "Cmp">   --->   Core 9 'Cmp' <Latency = 0> <II = 1> <Delay = 1.30> <FuncUnit> <Opcode : 'icmp'> <InPorts = 2> <OutPorts = 1>
ST_1 : Operation 409 [1/1] (1.02ns)   --->   "%select_ln167_23 = select i1 %icmp_ln1035_23, i4 %channeldata_V_23, i4 %oldMax_V_23_load" [/home/miguel_tfg/FINN-v0.9-Stable/deps/finn-hlslib/maxpool.h:167]   --->   Operation 409 'select' 'select_ln167_23' <Predicate = (!icmp_ln158)> <Delay = 1.02> <CoreInst = "Sel">   --->   Core 73 'Sel' <Latency = 0> <II = 1> <Delay = 1.02> <FuncUnit> <Opcode : 'select'> <InPorts = 3> <OutPorts = 1>
ST_1 : Operation 410 [1/1] (0.00ns)   --->   "%channeldata_V_24 = partselect i4 @_ssdm_op_PartSelect.i4.i256.i32.i32, i256 %inputData_V, i32 96, i32 99"   --->   Operation 410 'partselect' 'channeldata_V_24' <Predicate = (!icmp_ln158)> <Delay = 0.00>
ST_1 : Operation 411 [1/1] (1.30ns)   --->   "%icmp_ln1035_24 = icmp_ugt  i4 %channeldata_V_24, i4 %oldMax_V_24_load"   --->   Operation 411 'icmp' 'icmp_ln1035_24' <Predicate = (!icmp_ln158)> <Delay = 1.30> <CoreInst = "Cmp">   --->   Core 9 'Cmp' <Latency = 0> <II = 1> <Delay = 1.30> <FuncUnit> <Opcode : 'icmp'> <InPorts = 2> <OutPorts = 1>
ST_1 : Operation 412 [1/1] (1.02ns)   --->   "%select_ln167_24 = select i1 %icmp_ln1035_24, i4 %channeldata_V_24, i4 %oldMax_V_24_load" [/home/miguel_tfg/FINN-v0.9-Stable/deps/finn-hlslib/maxpool.h:167]   --->   Operation 412 'select' 'select_ln167_24' <Predicate = (!icmp_ln158)> <Delay = 1.02> <CoreInst = "Sel">   --->   Core 73 'Sel' <Latency = 0> <II = 1> <Delay = 1.02> <FuncUnit> <Opcode : 'select'> <InPorts = 3> <OutPorts = 1>
ST_1 : Operation 413 [1/1] (0.00ns)   --->   "%channeldata_V_25 = partselect i4 @_ssdm_op_PartSelect.i4.i256.i32.i32, i256 %inputData_V, i32 100, i32 103"   --->   Operation 413 'partselect' 'channeldata_V_25' <Predicate = (!icmp_ln158)> <Delay = 0.00>
ST_1 : Operation 414 [1/1] (1.30ns)   --->   "%icmp_ln1035_25 = icmp_ugt  i4 %channeldata_V_25, i4 %oldMax_V_25_load"   --->   Operation 414 'icmp' 'icmp_ln1035_25' <Predicate = (!icmp_ln158)> <Delay = 1.30> <CoreInst = "Cmp">   --->   Core 9 'Cmp' <Latency = 0> <II = 1> <Delay = 1.30> <FuncUnit> <Opcode : 'icmp'> <InPorts = 2> <OutPorts = 1>
ST_1 : Operation 415 [1/1] (1.02ns)   --->   "%select_ln167_25 = select i1 %icmp_ln1035_25, i4 %channeldata_V_25, i4 %oldMax_V_25_load" [/home/miguel_tfg/FINN-v0.9-Stable/deps/finn-hlslib/maxpool.h:167]   --->   Operation 415 'select' 'select_ln167_25' <Predicate = (!icmp_ln158)> <Delay = 1.02> <CoreInst = "Sel">   --->   Core 73 'Sel' <Latency = 0> <II = 1> <Delay = 1.02> <FuncUnit> <Opcode : 'select'> <InPorts = 3> <OutPorts = 1>
ST_1 : Operation 416 [1/1] (0.00ns)   --->   "%channeldata_V_26 = partselect i4 @_ssdm_op_PartSelect.i4.i256.i32.i32, i256 %inputData_V, i32 104, i32 107"   --->   Operation 416 'partselect' 'channeldata_V_26' <Predicate = (!icmp_ln158)> <Delay = 0.00>
ST_1 : Operation 417 [1/1] (1.30ns)   --->   "%icmp_ln1035_26 = icmp_ugt  i4 %channeldata_V_26, i4 %oldMax_V_26_load"   --->   Operation 417 'icmp' 'icmp_ln1035_26' <Predicate = (!icmp_ln158)> <Delay = 1.30> <CoreInst = "Cmp">   --->   Core 9 'Cmp' <Latency = 0> <II = 1> <Delay = 1.30> <FuncUnit> <Opcode : 'icmp'> <InPorts = 2> <OutPorts = 1>
ST_1 : Operation 418 [1/1] (1.02ns)   --->   "%select_ln167_26 = select i1 %icmp_ln1035_26, i4 %channeldata_V_26, i4 %oldMax_V_26_load" [/home/miguel_tfg/FINN-v0.9-Stable/deps/finn-hlslib/maxpool.h:167]   --->   Operation 418 'select' 'select_ln167_26' <Predicate = (!icmp_ln158)> <Delay = 1.02> <CoreInst = "Sel">   --->   Core 73 'Sel' <Latency = 0> <II = 1> <Delay = 1.02> <FuncUnit> <Opcode : 'select'> <InPorts = 3> <OutPorts = 1>
ST_1 : Operation 419 [1/1] (0.00ns)   --->   "%channeldata_V_27 = partselect i4 @_ssdm_op_PartSelect.i4.i256.i32.i32, i256 %inputData_V, i32 108, i32 111"   --->   Operation 419 'partselect' 'channeldata_V_27' <Predicate = (!icmp_ln158)> <Delay = 0.00>
ST_1 : Operation 420 [1/1] (1.30ns)   --->   "%icmp_ln1035_27 = icmp_ugt  i4 %channeldata_V_27, i4 %oldMax_V_27_load"   --->   Operation 420 'icmp' 'icmp_ln1035_27' <Predicate = (!icmp_ln158)> <Delay = 1.30> <CoreInst = "Cmp">   --->   Core 9 'Cmp' <Latency = 0> <II = 1> <Delay = 1.30> <FuncUnit> <Opcode : 'icmp'> <InPorts = 2> <OutPorts = 1>
ST_1 : Operation 421 [1/1] (1.02ns)   --->   "%select_ln167_27 = select i1 %icmp_ln1035_27, i4 %channeldata_V_27, i4 %oldMax_V_27_load" [/home/miguel_tfg/FINN-v0.9-Stable/deps/finn-hlslib/maxpool.h:167]   --->   Operation 421 'select' 'select_ln167_27' <Predicate = (!icmp_ln158)> <Delay = 1.02> <CoreInst = "Sel">   --->   Core 73 'Sel' <Latency = 0> <II = 1> <Delay = 1.02> <FuncUnit> <Opcode : 'select'> <InPorts = 3> <OutPorts = 1>
ST_1 : Operation 422 [1/1] (0.00ns)   --->   "%channeldata_V_28 = partselect i4 @_ssdm_op_PartSelect.i4.i256.i32.i32, i256 %inputData_V, i32 112, i32 115"   --->   Operation 422 'partselect' 'channeldata_V_28' <Predicate = (!icmp_ln158)> <Delay = 0.00>
ST_1 : Operation 423 [1/1] (1.30ns)   --->   "%icmp_ln1035_28 = icmp_ugt  i4 %channeldata_V_28, i4 %oldMax_V_28_load"   --->   Operation 423 'icmp' 'icmp_ln1035_28' <Predicate = (!icmp_ln158)> <Delay = 1.30> <CoreInst = "Cmp">   --->   Core 9 'Cmp' <Latency = 0> <II = 1> <Delay = 1.30> <FuncUnit> <Opcode : 'icmp'> <InPorts = 2> <OutPorts = 1>
ST_1 : Operation 424 [1/1] (1.02ns)   --->   "%select_ln167_28 = select i1 %icmp_ln1035_28, i4 %channeldata_V_28, i4 %oldMax_V_28_load" [/home/miguel_tfg/FINN-v0.9-Stable/deps/finn-hlslib/maxpool.h:167]   --->   Operation 424 'select' 'select_ln167_28' <Predicate = (!icmp_ln158)> <Delay = 1.02> <CoreInst = "Sel">   --->   Core 73 'Sel' <Latency = 0> <II = 1> <Delay = 1.02> <FuncUnit> <Opcode : 'select'> <InPorts = 3> <OutPorts = 1>
ST_1 : Operation 425 [1/1] (0.00ns)   --->   "%channeldata_V_29 = partselect i4 @_ssdm_op_PartSelect.i4.i256.i32.i32, i256 %inputData_V, i32 116, i32 119"   --->   Operation 425 'partselect' 'channeldata_V_29' <Predicate = (!icmp_ln158)> <Delay = 0.00>
ST_1 : Operation 426 [1/1] (1.30ns)   --->   "%icmp_ln1035_29 = icmp_ugt  i4 %channeldata_V_29, i4 %oldMax_V_29_load"   --->   Operation 426 'icmp' 'icmp_ln1035_29' <Predicate = (!icmp_ln158)> <Delay = 1.30> <CoreInst = "Cmp">   --->   Core 9 'Cmp' <Latency = 0> <II = 1> <Delay = 1.30> <FuncUnit> <Opcode : 'icmp'> <InPorts = 2> <OutPorts = 1>
ST_1 : Operation 427 [1/1] (1.02ns)   --->   "%select_ln167_29 = select i1 %icmp_ln1035_29, i4 %channeldata_V_29, i4 %oldMax_V_29_load" [/home/miguel_tfg/FINN-v0.9-Stable/deps/finn-hlslib/maxpool.h:167]   --->   Operation 427 'select' 'select_ln167_29' <Predicate = (!icmp_ln158)> <Delay = 1.02> <CoreInst = "Sel">   --->   Core 73 'Sel' <Latency = 0> <II = 1> <Delay = 1.02> <FuncUnit> <Opcode : 'select'> <InPorts = 3> <OutPorts = 1>
ST_1 : Operation 428 [1/1] (0.00ns)   --->   "%channeldata_V_30 = partselect i4 @_ssdm_op_PartSelect.i4.i256.i32.i32, i256 %inputData_V, i32 120, i32 123"   --->   Operation 428 'partselect' 'channeldata_V_30' <Predicate = (!icmp_ln158)> <Delay = 0.00>
ST_1 : Operation 429 [1/1] (1.30ns)   --->   "%icmp_ln1035_30 = icmp_ugt  i4 %channeldata_V_30, i4 %oldMax_V_30_load"   --->   Operation 429 'icmp' 'icmp_ln1035_30' <Predicate = (!icmp_ln158)> <Delay = 1.30> <CoreInst = "Cmp">   --->   Core 9 'Cmp' <Latency = 0> <II = 1> <Delay = 1.30> <FuncUnit> <Opcode : 'icmp'> <InPorts = 2> <OutPorts = 1>
ST_1 : Operation 430 [1/1] (1.02ns)   --->   "%select_ln167_30 = select i1 %icmp_ln1035_30, i4 %channeldata_V_30, i4 %oldMax_V_30_load" [/home/miguel_tfg/FINN-v0.9-Stable/deps/finn-hlslib/maxpool.h:167]   --->   Operation 430 'select' 'select_ln167_30' <Predicate = (!icmp_ln158)> <Delay = 1.02> <CoreInst = "Sel">   --->   Core 73 'Sel' <Latency = 0> <II = 1> <Delay = 1.02> <FuncUnit> <Opcode : 'select'> <InPorts = 3> <OutPorts = 1>
ST_1 : Operation 431 [1/1] (0.00ns)   --->   "%channeldata_V_31 = partselect i4 @_ssdm_op_PartSelect.i4.i256.i32.i32, i256 %inputData_V, i32 124, i32 127"   --->   Operation 431 'partselect' 'channeldata_V_31' <Predicate = (!icmp_ln158)> <Delay = 0.00>
ST_1 : Operation 432 [1/1] (1.30ns)   --->   "%icmp_ln1035_31 = icmp_ugt  i4 %channeldata_V_31, i4 %oldMax_V_31_load"   --->   Operation 432 'icmp' 'icmp_ln1035_31' <Predicate = (!icmp_ln158)> <Delay = 1.30> <CoreInst = "Cmp">   --->   Core 9 'Cmp' <Latency = 0> <II = 1> <Delay = 1.30> <FuncUnit> <Opcode : 'icmp'> <InPorts = 2> <OutPorts = 1>
ST_1 : Operation 433 [1/1] (1.02ns)   --->   "%select_ln167_31 = select i1 %icmp_ln1035_31, i4 %channeldata_V_31, i4 %oldMax_V_31_load" [/home/miguel_tfg/FINN-v0.9-Stable/deps/finn-hlslib/maxpool.h:167]   --->   Operation 433 'select' 'select_ln167_31' <Predicate = (!icmp_ln158)> <Delay = 1.02> <CoreInst = "Sel">   --->   Core 73 'Sel' <Latency = 0> <II = 1> <Delay = 1.02> <FuncUnit> <Opcode : 'select'> <InPorts = 3> <OutPorts = 1>
ST_1 : Operation 434 [1/1] (0.00ns)   --->   "%channeldata_V_32 = partselect i4 @_ssdm_op_PartSelect.i4.i256.i32.i32, i256 %inputData_V, i32 128, i32 131"   --->   Operation 434 'partselect' 'channeldata_V_32' <Predicate = (!icmp_ln158)> <Delay = 0.00>
ST_1 : Operation 435 [1/1] (1.30ns)   --->   "%icmp_ln1035_32 = icmp_ugt  i4 %channeldata_V_32, i4 %oldMax_V_32_load"   --->   Operation 435 'icmp' 'icmp_ln1035_32' <Predicate = (!icmp_ln158)> <Delay = 1.30> <CoreInst = "Cmp">   --->   Core 9 'Cmp' <Latency = 0> <II = 1> <Delay = 1.30> <FuncUnit> <Opcode : 'icmp'> <InPorts = 2> <OutPorts = 1>
ST_1 : Operation 436 [1/1] (1.02ns)   --->   "%select_ln167_32 = select i1 %icmp_ln1035_32, i4 %channeldata_V_32, i4 %oldMax_V_32_load" [/home/miguel_tfg/FINN-v0.9-Stable/deps/finn-hlslib/maxpool.h:167]   --->   Operation 436 'select' 'select_ln167_32' <Predicate = (!icmp_ln158)> <Delay = 1.02> <CoreInst = "Sel">   --->   Core 73 'Sel' <Latency = 0> <II = 1> <Delay = 1.02> <FuncUnit> <Opcode : 'select'> <InPorts = 3> <OutPorts = 1>
ST_1 : Operation 437 [1/1] (0.00ns)   --->   "%channeldata_V_33 = partselect i4 @_ssdm_op_PartSelect.i4.i256.i32.i32, i256 %inputData_V, i32 132, i32 135"   --->   Operation 437 'partselect' 'channeldata_V_33' <Predicate = (!icmp_ln158)> <Delay = 0.00>
ST_1 : Operation 438 [1/1] (1.30ns)   --->   "%icmp_ln1035_33 = icmp_ugt  i4 %channeldata_V_33, i4 %oldMax_V_33_load"   --->   Operation 438 'icmp' 'icmp_ln1035_33' <Predicate = (!icmp_ln158)> <Delay = 1.30> <CoreInst = "Cmp">   --->   Core 9 'Cmp' <Latency = 0> <II = 1> <Delay = 1.30> <FuncUnit> <Opcode : 'icmp'> <InPorts = 2> <OutPorts = 1>
ST_1 : Operation 439 [1/1] (1.02ns)   --->   "%select_ln167_33 = select i1 %icmp_ln1035_33, i4 %channeldata_V_33, i4 %oldMax_V_33_load" [/home/miguel_tfg/FINN-v0.9-Stable/deps/finn-hlslib/maxpool.h:167]   --->   Operation 439 'select' 'select_ln167_33' <Predicate = (!icmp_ln158)> <Delay = 1.02> <CoreInst = "Sel">   --->   Core 73 'Sel' <Latency = 0> <II = 1> <Delay = 1.02> <FuncUnit> <Opcode : 'select'> <InPorts = 3> <OutPorts = 1>
ST_1 : Operation 440 [1/1] (0.00ns)   --->   "%channeldata_V_34 = partselect i4 @_ssdm_op_PartSelect.i4.i256.i32.i32, i256 %inputData_V, i32 136, i32 139"   --->   Operation 440 'partselect' 'channeldata_V_34' <Predicate = (!icmp_ln158)> <Delay = 0.00>
ST_1 : Operation 441 [1/1] (1.30ns)   --->   "%icmp_ln1035_34 = icmp_ugt  i4 %channeldata_V_34, i4 %oldMax_V_34_load"   --->   Operation 441 'icmp' 'icmp_ln1035_34' <Predicate = (!icmp_ln158)> <Delay = 1.30> <CoreInst = "Cmp">   --->   Core 9 'Cmp' <Latency = 0> <II = 1> <Delay = 1.30> <FuncUnit> <Opcode : 'icmp'> <InPorts = 2> <OutPorts = 1>
ST_1 : Operation 442 [1/1] (1.02ns)   --->   "%select_ln167_34 = select i1 %icmp_ln1035_34, i4 %channeldata_V_34, i4 %oldMax_V_34_load" [/home/miguel_tfg/FINN-v0.9-Stable/deps/finn-hlslib/maxpool.h:167]   --->   Operation 442 'select' 'select_ln167_34' <Predicate = (!icmp_ln158)> <Delay = 1.02> <CoreInst = "Sel">   --->   Core 73 'Sel' <Latency = 0> <II = 1> <Delay = 1.02> <FuncUnit> <Opcode : 'select'> <InPorts = 3> <OutPorts = 1>
ST_1 : Operation 443 [1/1] (0.00ns)   --->   "%channeldata_V_35 = partselect i4 @_ssdm_op_PartSelect.i4.i256.i32.i32, i256 %inputData_V, i32 140, i32 143"   --->   Operation 443 'partselect' 'channeldata_V_35' <Predicate = (!icmp_ln158)> <Delay = 0.00>
ST_1 : Operation 444 [1/1] (1.30ns)   --->   "%icmp_ln1035_35 = icmp_ugt  i4 %channeldata_V_35, i4 %oldMax_V_35_load"   --->   Operation 444 'icmp' 'icmp_ln1035_35' <Predicate = (!icmp_ln158)> <Delay = 1.30> <CoreInst = "Cmp">   --->   Core 9 'Cmp' <Latency = 0> <II = 1> <Delay = 1.30> <FuncUnit> <Opcode : 'icmp'> <InPorts = 2> <OutPorts = 1>
ST_1 : Operation 445 [1/1] (1.02ns)   --->   "%select_ln167_35 = select i1 %icmp_ln1035_35, i4 %channeldata_V_35, i4 %oldMax_V_35_load" [/home/miguel_tfg/FINN-v0.9-Stable/deps/finn-hlslib/maxpool.h:167]   --->   Operation 445 'select' 'select_ln167_35' <Predicate = (!icmp_ln158)> <Delay = 1.02> <CoreInst = "Sel">   --->   Core 73 'Sel' <Latency = 0> <II = 1> <Delay = 1.02> <FuncUnit> <Opcode : 'select'> <InPorts = 3> <OutPorts = 1>
ST_1 : Operation 446 [1/1] (0.00ns)   --->   "%channeldata_V_36 = partselect i4 @_ssdm_op_PartSelect.i4.i256.i32.i32, i256 %inputData_V, i32 144, i32 147"   --->   Operation 446 'partselect' 'channeldata_V_36' <Predicate = (!icmp_ln158)> <Delay = 0.00>
ST_1 : Operation 447 [1/1] (1.30ns)   --->   "%icmp_ln1035_36 = icmp_ugt  i4 %channeldata_V_36, i4 %oldMax_V_36_load"   --->   Operation 447 'icmp' 'icmp_ln1035_36' <Predicate = (!icmp_ln158)> <Delay = 1.30> <CoreInst = "Cmp">   --->   Core 9 'Cmp' <Latency = 0> <II = 1> <Delay = 1.30> <FuncUnit> <Opcode : 'icmp'> <InPorts = 2> <OutPorts = 1>
ST_1 : Operation 448 [1/1] (1.02ns)   --->   "%select_ln167_36 = select i1 %icmp_ln1035_36, i4 %channeldata_V_36, i4 %oldMax_V_36_load" [/home/miguel_tfg/FINN-v0.9-Stable/deps/finn-hlslib/maxpool.h:167]   --->   Operation 448 'select' 'select_ln167_36' <Predicate = (!icmp_ln158)> <Delay = 1.02> <CoreInst = "Sel">   --->   Core 73 'Sel' <Latency = 0> <II = 1> <Delay = 1.02> <FuncUnit> <Opcode : 'select'> <InPorts = 3> <OutPorts = 1>
ST_1 : Operation 449 [1/1] (0.00ns)   --->   "%channeldata_V_37 = partselect i4 @_ssdm_op_PartSelect.i4.i256.i32.i32, i256 %inputData_V, i32 148, i32 151"   --->   Operation 449 'partselect' 'channeldata_V_37' <Predicate = (!icmp_ln158)> <Delay = 0.00>
ST_1 : Operation 450 [1/1] (1.30ns)   --->   "%icmp_ln1035_37 = icmp_ugt  i4 %channeldata_V_37, i4 %oldMax_V_37_load"   --->   Operation 450 'icmp' 'icmp_ln1035_37' <Predicate = (!icmp_ln158)> <Delay = 1.30> <CoreInst = "Cmp">   --->   Core 9 'Cmp' <Latency = 0> <II = 1> <Delay = 1.30> <FuncUnit> <Opcode : 'icmp'> <InPorts = 2> <OutPorts = 1>
ST_1 : Operation 451 [1/1] (1.02ns)   --->   "%select_ln167_37 = select i1 %icmp_ln1035_37, i4 %channeldata_V_37, i4 %oldMax_V_37_load" [/home/miguel_tfg/FINN-v0.9-Stable/deps/finn-hlslib/maxpool.h:167]   --->   Operation 451 'select' 'select_ln167_37' <Predicate = (!icmp_ln158)> <Delay = 1.02> <CoreInst = "Sel">   --->   Core 73 'Sel' <Latency = 0> <II = 1> <Delay = 1.02> <FuncUnit> <Opcode : 'select'> <InPorts = 3> <OutPorts = 1>
ST_1 : Operation 452 [1/1] (0.00ns)   --->   "%channeldata_V_38 = partselect i4 @_ssdm_op_PartSelect.i4.i256.i32.i32, i256 %inputData_V, i32 152, i32 155"   --->   Operation 452 'partselect' 'channeldata_V_38' <Predicate = (!icmp_ln158)> <Delay = 0.00>
ST_1 : Operation 453 [1/1] (1.30ns)   --->   "%icmp_ln1035_38 = icmp_ugt  i4 %channeldata_V_38, i4 %oldMax_V_38_load"   --->   Operation 453 'icmp' 'icmp_ln1035_38' <Predicate = (!icmp_ln158)> <Delay = 1.30> <CoreInst = "Cmp">   --->   Core 9 'Cmp' <Latency = 0> <II = 1> <Delay = 1.30> <FuncUnit> <Opcode : 'icmp'> <InPorts = 2> <OutPorts = 1>
ST_1 : Operation 454 [1/1] (1.02ns)   --->   "%select_ln167_38 = select i1 %icmp_ln1035_38, i4 %channeldata_V_38, i4 %oldMax_V_38_load" [/home/miguel_tfg/FINN-v0.9-Stable/deps/finn-hlslib/maxpool.h:167]   --->   Operation 454 'select' 'select_ln167_38' <Predicate = (!icmp_ln158)> <Delay = 1.02> <CoreInst = "Sel">   --->   Core 73 'Sel' <Latency = 0> <II = 1> <Delay = 1.02> <FuncUnit> <Opcode : 'select'> <InPorts = 3> <OutPorts = 1>
ST_1 : Operation 455 [1/1] (0.00ns)   --->   "%channeldata_V_39 = partselect i4 @_ssdm_op_PartSelect.i4.i256.i32.i32, i256 %inputData_V, i32 156, i32 159"   --->   Operation 455 'partselect' 'channeldata_V_39' <Predicate = (!icmp_ln158)> <Delay = 0.00>
ST_1 : Operation 456 [1/1] (1.30ns)   --->   "%icmp_ln1035_39 = icmp_ugt  i4 %channeldata_V_39, i4 %oldMax_V_39_load"   --->   Operation 456 'icmp' 'icmp_ln1035_39' <Predicate = (!icmp_ln158)> <Delay = 1.30> <CoreInst = "Cmp">   --->   Core 9 'Cmp' <Latency = 0> <II = 1> <Delay = 1.30> <FuncUnit> <Opcode : 'icmp'> <InPorts = 2> <OutPorts = 1>
ST_1 : Operation 457 [1/1] (1.02ns)   --->   "%select_ln167_39 = select i1 %icmp_ln1035_39, i4 %channeldata_V_39, i4 %oldMax_V_39_load" [/home/miguel_tfg/FINN-v0.9-Stable/deps/finn-hlslib/maxpool.h:167]   --->   Operation 457 'select' 'select_ln167_39' <Predicate = (!icmp_ln158)> <Delay = 1.02> <CoreInst = "Sel">   --->   Core 73 'Sel' <Latency = 0> <II = 1> <Delay = 1.02> <FuncUnit> <Opcode : 'select'> <InPorts = 3> <OutPorts = 1>
ST_1 : Operation 458 [1/1] (0.00ns)   --->   "%channeldata_V_40 = partselect i4 @_ssdm_op_PartSelect.i4.i256.i32.i32, i256 %inputData_V, i32 160, i32 163"   --->   Operation 458 'partselect' 'channeldata_V_40' <Predicate = (!icmp_ln158)> <Delay = 0.00>
ST_1 : Operation 459 [1/1] (1.30ns)   --->   "%icmp_ln1035_40 = icmp_ugt  i4 %channeldata_V_40, i4 %oldMax_V_40_load"   --->   Operation 459 'icmp' 'icmp_ln1035_40' <Predicate = (!icmp_ln158)> <Delay = 1.30> <CoreInst = "Cmp">   --->   Core 9 'Cmp' <Latency = 0> <II = 1> <Delay = 1.30> <FuncUnit> <Opcode : 'icmp'> <InPorts = 2> <OutPorts = 1>
ST_1 : Operation 460 [1/1] (1.02ns)   --->   "%select_ln167_40 = select i1 %icmp_ln1035_40, i4 %channeldata_V_40, i4 %oldMax_V_40_load" [/home/miguel_tfg/FINN-v0.9-Stable/deps/finn-hlslib/maxpool.h:167]   --->   Operation 460 'select' 'select_ln167_40' <Predicate = (!icmp_ln158)> <Delay = 1.02> <CoreInst = "Sel">   --->   Core 73 'Sel' <Latency = 0> <II = 1> <Delay = 1.02> <FuncUnit> <Opcode : 'select'> <InPorts = 3> <OutPorts = 1>
ST_1 : Operation 461 [1/1] (0.00ns)   --->   "%channeldata_V_41 = partselect i4 @_ssdm_op_PartSelect.i4.i256.i32.i32, i256 %inputData_V, i32 164, i32 167"   --->   Operation 461 'partselect' 'channeldata_V_41' <Predicate = (!icmp_ln158)> <Delay = 0.00>
ST_1 : Operation 462 [1/1] (1.30ns)   --->   "%icmp_ln1035_41 = icmp_ugt  i4 %channeldata_V_41, i4 %oldMax_V_41_load"   --->   Operation 462 'icmp' 'icmp_ln1035_41' <Predicate = (!icmp_ln158)> <Delay = 1.30> <CoreInst = "Cmp">   --->   Core 9 'Cmp' <Latency = 0> <II = 1> <Delay = 1.30> <FuncUnit> <Opcode : 'icmp'> <InPorts = 2> <OutPorts = 1>
ST_1 : Operation 463 [1/1] (1.02ns)   --->   "%select_ln167_41 = select i1 %icmp_ln1035_41, i4 %channeldata_V_41, i4 %oldMax_V_41_load" [/home/miguel_tfg/FINN-v0.9-Stable/deps/finn-hlslib/maxpool.h:167]   --->   Operation 463 'select' 'select_ln167_41' <Predicate = (!icmp_ln158)> <Delay = 1.02> <CoreInst = "Sel">   --->   Core 73 'Sel' <Latency = 0> <II = 1> <Delay = 1.02> <FuncUnit> <Opcode : 'select'> <InPorts = 3> <OutPorts = 1>
ST_1 : Operation 464 [1/1] (0.00ns)   --->   "%channeldata_V_42 = partselect i4 @_ssdm_op_PartSelect.i4.i256.i32.i32, i256 %inputData_V, i32 168, i32 171"   --->   Operation 464 'partselect' 'channeldata_V_42' <Predicate = (!icmp_ln158)> <Delay = 0.00>
ST_1 : Operation 465 [1/1] (1.30ns)   --->   "%icmp_ln1035_42 = icmp_ugt  i4 %channeldata_V_42, i4 %oldMax_V_42_load"   --->   Operation 465 'icmp' 'icmp_ln1035_42' <Predicate = (!icmp_ln158)> <Delay = 1.30> <CoreInst = "Cmp">   --->   Core 9 'Cmp' <Latency = 0> <II = 1> <Delay = 1.30> <FuncUnit> <Opcode : 'icmp'> <InPorts = 2> <OutPorts = 1>
ST_1 : Operation 466 [1/1] (1.02ns)   --->   "%select_ln167_42 = select i1 %icmp_ln1035_42, i4 %channeldata_V_42, i4 %oldMax_V_42_load" [/home/miguel_tfg/FINN-v0.9-Stable/deps/finn-hlslib/maxpool.h:167]   --->   Operation 466 'select' 'select_ln167_42' <Predicate = (!icmp_ln158)> <Delay = 1.02> <CoreInst = "Sel">   --->   Core 73 'Sel' <Latency = 0> <II = 1> <Delay = 1.02> <FuncUnit> <Opcode : 'select'> <InPorts = 3> <OutPorts = 1>
ST_1 : Operation 467 [1/1] (0.00ns)   --->   "%channeldata_V_43 = partselect i4 @_ssdm_op_PartSelect.i4.i256.i32.i32, i256 %inputData_V, i32 172, i32 175"   --->   Operation 467 'partselect' 'channeldata_V_43' <Predicate = (!icmp_ln158)> <Delay = 0.00>
ST_1 : Operation 468 [1/1] (1.30ns)   --->   "%icmp_ln1035_43 = icmp_ugt  i4 %channeldata_V_43, i4 %oldMax_V_43_load"   --->   Operation 468 'icmp' 'icmp_ln1035_43' <Predicate = (!icmp_ln158)> <Delay = 1.30> <CoreInst = "Cmp">   --->   Core 9 'Cmp' <Latency = 0> <II = 1> <Delay = 1.30> <FuncUnit> <Opcode : 'icmp'> <InPorts = 2> <OutPorts = 1>
ST_1 : Operation 469 [1/1] (1.02ns)   --->   "%select_ln167_43 = select i1 %icmp_ln1035_43, i4 %channeldata_V_43, i4 %oldMax_V_43_load" [/home/miguel_tfg/FINN-v0.9-Stable/deps/finn-hlslib/maxpool.h:167]   --->   Operation 469 'select' 'select_ln167_43' <Predicate = (!icmp_ln158)> <Delay = 1.02> <CoreInst = "Sel">   --->   Core 73 'Sel' <Latency = 0> <II = 1> <Delay = 1.02> <FuncUnit> <Opcode : 'select'> <InPorts = 3> <OutPorts = 1>
ST_1 : Operation 470 [1/1] (0.00ns)   --->   "%channeldata_V_44 = partselect i4 @_ssdm_op_PartSelect.i4.i256.i32.i32, i256 %inputData_V, i32 176, i32 179"   --->   Operation 470 'partselect' 'channeldata_V_44' <Predicate = (!icmp_ln158)> <Delay = 0.00>
ST_1 : Operation 471 [1/1] (1.30ns)   --->   "%icmp_ln1035_44 = icmp_ugt  i4 %channeldata_V_44, i4 %oldMax_V_44_load"   --->   Operation 471 'icmp' 'icmp_ln1035_44' <Predicate = (!icmp_ln158)> <Delay = 1.30> <CoreInst = "Cmp">   --->   Core 9 'Cmp' <Latency = 0> <II = 1> <Delay = 1.30> <FuncUnit> <Opcode : 'icmp'> <InPorts = 2> <OutPorts = 1>
ST_1 : Operation 472 [1/1] (1.02ns)   --->   "%select_ln167_44 = select i1 %icmp_ln1035_44, i4 %channeldata_V_44, i4 %oldMax_V_44_load" [/home/miguel_tfg/FINN-v0.9-Stable/deps/finn-hlslib/maxpool.h:167]   --->   Operation 472 'select' 'select_ln167_44' <Predicate = (!icmp_ln158)> <Delay = 1.02> <CoreInst = "Sel">   --->   Core 73 'Sel' <Latency = 0> <II = 1> <Delay = 1.02> <FuncUnit> <Opcode : 'select'> <InPorts = 3> <OutPorts = 1>
ST_1 : Operation 473 [1/1] (0.00ns)   --->   "%channeldata_V_45 = partselect i4 @_ssdm_op_PartSelect.i4.i256.i32.i32, i256 %inputData_V, i32 180, i32 183"   --->   Operation 473 'partselect' 'channeldata_V_45' <Predicate = (!icmp_ln158)> <Delay = 0.00>
ST_1 : Operation 474 [1/1] (1.30ns)   --->   "%icmp_ln1035_45 = icmp_ugt  i4 %channeldata_V_45, i4 %oldMax_V_45_load"   --->   Operation 474 'icmp' 'icmp_ln1035_45' <Predicate = (!icmp_ln158)> <Delay = 1.30> <CoreInst = "Cmp">   --->   Core 9 'Cmp' <Latency = 0> <II = 1> <Delay = 1.30> <FuncUnit> <Opcode : 'icmp'> <InPorts = 2> <OutPorts = 1>
ST_1 : Operation 475 [1/1] (1.02ns)   --->   "%select_ln167_45 = select i1 %icmp_ln1035_45, i4 %channeldata_V_45, i4 %oldMax_V_45_load" [/home/miguel_tfg/FINN-v0.9-Stable/deps/finn-hlslib/maxpool.h:167]   --->   Operation 475 'select' 'select_ln167_45' <Predicate = (!icmp_ln158)> <Delay = 1.02> <CoreInst = "Sel">   --->   Core 73 'Sel' <Latency = 0> <II = 1> <Delay = 1.02> <FuncUnit> <Opcode : 'select'> <InPorts = 3> <OutPorts = 1>
ST_1 : Operation 476 [1/1] (0.00ns)   --->   "%channeldata_V_46 = partselect i4 @_ssdm_op_PartSelect.i4.i256.i32.i32, i256 %inputData_V, i32 184, i32 187"   --->   Operation 476 'partselect' 'channeldata_V_46' <Predicate = (!icmp_ln158)> <Delay = 0.00>
ST_1 : Operation 477 [1/1] (1.30ns)   --->   "%icmp_ln1035_46 = icmp_ugt  i4 %channeldata_V_46, i4 %oldMax_V_46_load"   --->   Operation 477 'icmp' 'icmp_ln1035_46' <Predicate = (!icmp_ln158)> <Delay = 1.30> <CoreInst = "Cmp">   --->   Core 9 'Cmp' <Latency = 0> <II = 1> <Delay = 1.30> <FuncUnit> <Opcode : 'icmp'> <InPorts = 2> <OutPorts = 1>
ST_1 : Operation 478 [1/1] (1.02ns)   --->   "%select_ln167_46 = select i1 %icmp_ln1035_46, i4 %channeldata_V_46, i4 %oldMax_V_46_load" [/home/miguel_tfg/FINN-v0.9-Stable/deps/finn-hlslib/maxpool.h:167]   --->   Operation 478 'select' 'select_ln167_46' <Predicate = (!icmp_ln158)> <Delay = 1.02> <CoreInst = "Sel">   --->   Core 73 'Sel' <Latency = 0> <II = 1> <Delay = 1.02> <FuncUnit> <Opcode : 'select'> <InPorts = 3> <OutPorts = 1>
ST_1 : Operation 479 [1/1] (0.00ns)   --->   "%channeldata_V_47 = partselect i4 @_ssdm_op_PartSelect.i4.i256.i32.i32, i256 %inputData_V, i32 188, i32 191"   --->   Operation 479 'partselect' 'channeldata_V_47' <Predicate = (!icmp_ln158)> <Delay = 0.00>
ST_1 : Operation 480 [1/1] (1.30ns)   --->   "%icmp_ln1035_47 = icmp_ugt  i4 %channeldata_V_47, i4 %oldMax_V_47_load"   --->   Operation 480 'icmp' 'icmp_ln1035_47' <Predicate = (!icmp_ln158)> <Delay = 1.30> <CoreInst = "Cmp">   --->   Core 9 'Cmp' <Latency = 0> <II = 1> <Delay = 1.30> <FuncUnit> <Opcode : 'icmp'> <InPorts = 2> <OutPorts = 1>
ST_1 : Operation 481 [1/1] (1.02ns)   --->   "%select_ln167_47 = select i1 %icmp_ln1035_47, i4 %channeldata_V_47, i4 %oldMax_V_47_load" [/home/miguel_tfg/FINN-v0.9-Stable/deps/finn-hlslib/maxpool.h:167]   --->   Operation 481 'select' 'select_ln167_47' <Predicate = (!icmp_ln158)> <Delay = 1.02> <CoreInst = "Sel">   --->   Core 73 'Sel' <Latency = 0> <II = 1> <Delay = 1.02> <FuncUnit> <Opcode : 'select'> <InPorts = 3> <OutPorts = 1>
ST_1 : Operation 482 [1/1] (0.00ns)   --->   "%channeldata_V_48 = partselect i4 @_ssdm_op_PartSelect.i4.i256.i32.i32, i256 %inputData_V, i32 192, i32 195"   --->   Operation 482 'partselect' 'channeldata_V_48' <Predicate = (!icmp_ln158)> <Delay = 0.00>
ST_1 : Operation 483 [1/1] (1.30ns)   --->   "%icmp_ln1035_48 = icmp_ugt  i4 %channeldata_V_48, i4 %oldMax_V_48_load"   --->   Operation 483 'icmp' 'icmp_ln1035_48' <Predicate = (!icmp_ln158)> <Delay = 1.30> <CoreInst = "Cmp">   --->   Core 9 'Cmp' <Latency = 0> <II = 1> <Delay = 1.30> <FuncUnit> <Opcode : 'icmp'> <InPorts = 2> <OutPorts = 1>
ST_1 : Operation 484 [1/1] (1.02ns)   --->   "%select_ln167_48 = select i1 %icmp_ln1035_48, i4 %channeldata_V_48, i4 %oldMax_V_48_load" [/home/miguel_tfg/FINN-v0.9-Stable/deps/finn-hlslib/maxpool.h:167]   --->   Operation 484 'select' 'select_ln167_48' <Predicate = (!icmp_ln158)> <Delay = 1.02> <CoreInst = "Sel">   --->   Core 73 'Sel' <Latency = 0> <II = 1> <Delay = 1.02> <FuncUnit> <Opcode : 'select'> <InPorts = 3> <OutPorts = 1>
ST_1 : Operation 485 [1/1] (0.00ns)   --->   "%channeldata_V_49 = partselect i4 @_ssdm_op_PartSelect.i4.i256.i32.i32, i256 %inputData_V, i32 196, i32 199"   --->   Operation 485 'partselect' 'channeldata_V_49' <Predicate = (!icmp_ln158)> <Delay = 0.00>
ST_1 : Operation 486 [1/1] (1.30ns)   --->   "%icmp_ln1035_49 = icmp_ugt  i4 %channeldata_V_49, i4 %oldMax_V_49_load"   --->   Operation 486 'icmp' 'icmp_ln1035_49' <Predicate = (!icmp_ln158)> <Delay = 1.30> <CoreInst = "Cmp">   --->   Core 9 'Cmp' <Latency = 0> <II = 1> <Delay = 1.30> <FuncUnit> <Opcode : 'icmp'> <InPorts = 2> <OutPorts = 1>
ST_1 : Operation 487 [1/1] (1.02ns)   --->   "%select_ln167_49 = select i1 %icmp_ln1035_49, i4 %channeldata_V_49, i4 %oldMax_V_49_load" [/home/miguel_tfg/FINN-v0.9-Stable/deps/finn-hlslib/maxpool.h:167]   --->   Operation 487 'select' 'select_ln167_49' <Predicate = (!icmp_ln158)> <Delay = 1.02> <CoreInst = "Sel">   --->   Core 73 'Sel' <Latency = 0> <II = 1> <Delay = 1.02> <FuncUnit> <Opcode : 'select'> <InPorts = 3> <OutPorts = 1>
ST_1 : Operation 488 [1/1] (0.00ns)   --->   "%channeldata_V_50 = partselect i4 @_ssdm_op_PartSelect.i4.i256.i32.i32, i256 %inputData_V, i32 200, i32 203"   --->   Operation 488 'partselect' 'channeldata_V_50' <Predicate = (!icmp_ln158)> <Delay = 0.00>
ST_1 : Operation 489 [1/1] (1.30ns)   --->   "%icmp_ln1035_50 = icmp_ugt  i4 %channeldata_V_50, i4 %oldMax_V_50_load"   --->   Operation 489 'icmp' 'icmp_ln1035_50' <Predicate = (!icmp_ln158)> <Delay = 1.30> <CoreInst = "Cmp">   --->   Core 9 'Cmp' <Latency = 0> <II = 1> <Delay = 1.30> <FuncUnit> <Opcode : 'icmp'> <InPorts = 2> <OutPorts = 1>
ST_1 : Operation 490 [1/1] (1.02ns)   --->   "%select_ln167_50 = select i1 %icmp_ln1035_50, i4 %channeldata_V_50, i4 %oldMax_V_50_load" [/home/miguel_tfg/FINN-v0.9-Stable/deps/finn-hlslib/maxpool.h:167]   --->   Operation 490 'select' 'select_ln167_50' <Predicate = (!icmp_ln158)> <Delay = 1.02> <CoreInst = "Sel">   --->   Core 73 'Sel' <Latency = 0> <II = 1> <Delay = 1.02> <FuncUnit> <Opcode : 'select'> <InPorts = 3> <OutPorts = 1>
ST_1 : Operation 491 [1/1] (0.00ns)   --->   "%channeldata_V_51 = partselect i4 @_ssdm_op_PartSelect.i4.i256.i32.i32, i256 %inputData_V, i32 204, i32 207"   --->   Operation 491 'partselect' 'channeldata_V_51' <Predicate = (!icmp_ln158)> <Delay = 0.00>
ST_1 : Operation 492 [1/1] (1.30ns)   --->   "%icmp_ln1035_51 = icmp_ugt  i4 %channeldata_V_51, i4 %oldMax_V_51_load"   --->   Operation 492 'icmp' 'icmp_ln1035_51' <Predicate = (!icmp_ln158)> <Delay = 1.30> <CoreInst = "Cmp">   --->   Core 9 'Cmp' <Latency = 0> <II = 1> <Delay = 1.30> <FuncUnit> <Opcode : 'icmp'> <InPorts = 2> <OutPorts = 1>
ST_1 : Operation 493 [1/1] (1.02ns)   --->   "%select_ln167_51 = select i1 %icmp_ln1035_51, i4 %channeldata_V_51, i4 %oldMax_V_51_load" [/home/miguel_tfg/FINN-v0.9-Stable/deps/finn-hlslib/maxpool.h:167]   --->   Operation 493 'select' 'select_ln167_51' <Predicate = (!icmp_ln158)> <Delay = 1.02> <CoreInst = "Sel">   --->   Core 73 'Sel' <Latency = 0> <II = 1> <Delay = 1.02> <FuncUnit> <Opcode : 'select'> <InPorts = 3> <OutPorts = 1>
ST_1 : Operation 494 [1/1] (0.00ns)   --->   "%channeldata_V_52 = partselect i4 @_ssdm_op_PartSelect.i4.i256.i32.i32, i256 %inputData_V, i32 208, i32 211"   --->   Operation 494 'partselect' 'channeldata_V_52' <Predicate = (!icmp_ln158)> <Delay = 0.00>
ST_1 : Operation 495 [1/1] (1.30ns)   --->   "%icmp_ln1035_52 = icmp_ugt  i4 %channeldata_V_52, i4 %oldMax_V_52_load"   --->   Operation 495 'icmp' 'icmp_ln1035_52' <Predicate = (!icmp_ln158)> <Delay = 1.30> <CoreInst = "Cmp">   --->   Core 9 'Cmp' <Latency = 0> <II = 1> <Delay = 1.30> <FuncUnit> <Opcode : 'icmp'> <InPorts = 2> <OutPorts = 1>
ST_1 : Operation 496 [1/1] (1.02ns)   --->   "%select_ln167_52 = select i1 %icmp_ln1035_52, i4 %channeldata_V_52, i4 %oldMax_V_52_load" [/home/miguel_tfg/FINN-v0.9-Stable/deps/finn-hlslib/maxpool.h:167]   --->   Operation 496 'select' 'select_ln167_52' <Predicate = (!icmp_ln158)> <Delay = 1.02> <CoreInst = "Sel">   --->   Core 73 'Sel' <Latency = 0> <II = 1> <Delay = 1.02> <FuncUnit> <Opcode : 'select'> <InPorts = 3> <OutPorts = 1>
ST_1 : Operation 497 [1/1] (0.00ns)   --->   "%channeldata_V_53 = partselect i4 @_ssdm_op_PartSelect.i4.i256.i32.i32, i256 %inputData_V, i32 212, i32 215"   --->   Operation 497 'partselect' 'channeldata_V_53' <Predicate = (!icmp_ln158)> <Delay = 0.00>
ST_1 : Operation 498 [1/1] (1.30ns)   --->   "%icmp_ln1035_53 = icmp_ugt  i4 %channeldata_V_53, i4 %oldMax_V_53_load"   --->   Operation 498 'icmp' 'icmp_ln1035_53' <Predicate = (!icmp_ln158)> <Delay = 1.30> <CoreInst = "Cmp">   --->   Core 9 'Cmp' <Latency = 0> <II = 1> <Delay = 1.30> <FuncUnit> <Opcode : 'icmp'> <InPorts = 2> <OutPorts = 1>
ST_1 : Operation 499 [1/1] (1.02ns)   --->   "%select_ln167_53 = select i1 %icmp_ln1035_53, i4 %channeldata_V_53, i4 %oldMax_V_53_load" [/home/miguel_tfg/FINN-v0.9-Stable/deps/finn-hlslib/maxpool.h:167]   --->   Operation 499 'select' 'select_ln167_53' <Predicate = (!icmp_ln158)> <Delay = 1.02> <CoreInst = "Sel">   --->   Core 73 'Sel' <Latency = 0> <II = 1> <Delay = 1.02> <FuncUnit> <Opcode : 'select'> <InPorts = 3> <OutPorts = 1>
ST_1 : Operation 500 [1/1] (0.00ns)   --->   "%channeldata_V_54 = partselect i4 @_ssdm_op_PartSelect.i4.i256.i32.i32, i256 %inputData_V, i32 216, i32 219"   --->   Operation 500 'partselect' 'channeldata_V_54' <Predicate = (!icmp_ln158)> <Delay = 0.00>
ST_1 : Operation 501 [1/1] (1.30ns)   --->   "%icmp_ln1035_54 = icmp_ugt  i4 %channeldata_V_54, i4 %oldMax_V_54_load"   --->   Operation 501 'icmp' 'icmp_ln1035_54' <Predicate = (!icmp_ln158)> <Delay = 1.30> <CoreInst = "Cmp">   --->   Core 9 'Cmp' <Latency = 0> <II = 1> <Delay = 1.30> <FuncUnit> <Opcode : 'icmp'> <InPorts = 2> <OutPorts = 1>
ST_1 : Operation 502 [1/1] (1.02ns)   --->   "%select_ln167_54 = select i1 %icmp_ln1035_54, i4 %channeldata_V_54, i4 %oldMax_V_54_load" [/home/miguel_tfg/FINN-v0.9-Stable/deps/finn-hlslib/maxpool.h:167]   --->   Operation 502 'select' 'select_ln167_54' <Predicate = (!icmp_ln158)> <Delay = 1.02> <CoreInst = "Sel">   --->   Core 73 'Sel' <Latency = 0> <II = 1> <Delay = 1.02> <FuncUnit> <Opcode : 'select'> <InPorts = 3> <OutPorts = 1>
ST_1 : Operation 503 [1/1] (0.00ns)   --->   "%channeldata_V_55 = partselect i4 @_ssdm_op_PartSelect.i4.i256.i32.i32, i256 %inputData_V, i32 220, i32 223"   --->   Operation 503 'partselect' 'channeldata_V_55' <Predicate = (!icmp_ln158)> <Delay = 0.00>
ST_1 : Operation 504 [1/1] (1.30ns)   --->   "%icmp_ln1035_55 = icmp_ugt  i4 %channeldata_V_55, i4 %oldMax_V_55_load"   --->   Operation 504 'icmp' 'icmp_ln1035_55' <Predicate = (!icmp_ln158)> <Delay = 1.30> <CoreInst = "Cmp">   --->   Core 9 'Cmp' <Latency = 0> <II = 1> <Delay = 1.30> <FuncUnit> <Opcode : 'icmp'> <InPorts = 2> <OutPorts = 1>
ST_1 : Operation 505 [1/1] (1.02ns)   --->   "%select_ln167_55 = select i1 %icmp_ln1035_55, i4 %channeldata_V_55, i4 %oldMax_V_55_load" [/home/miguel_tfg/FINN-v0.9-Stable/deps/finn-hlslib/maxpool.h:167]   --->   Operation 505 'select' 'select_ln167_55' <Predicate = (!icmp_ln158)> <Delay = 1.02> <CoreInst = "Sel">   --->   Core 73 'Sel' <Latency = 0> <II = 1> <Delay = 1.02> <FuncUnit> <Opcode : 'select'> <InPorts = 3> <OutPorts = 1>
ST_1 : Operation 506 [1/1] (0.00ns)   --->   "%channeldata_V_56 = partselect i4 @_ssdm_op_PartSelect.i4.i256.i32.i32, i256 %inputData_V, i32 224, i32 227"   --->   Operation 506 'partselect' 'channeldata_V_56' <Predicate = (!icmp_ln158)> <Delay = 0.00>
ST_1 : Operation 507 [1/1] (1.30ns)   --->   "%icmp_ln1035_56 = icmp_ugt  i4 %channeldata_V_56, i4 %oldMax_V_56_load"   --->   Operation 507 'icmp' 'icmp_ln1035_56' <Predicate = (!icmp_ln158)> <Delay = 1.30> <CoreInst = "Cmp">   --->   Core 9 'Cmp' <Latency = 0> <II = 1> <Delay = 1.30> <FuncUnit> <Opcode : 'icmp'> <InPorts = 2> <OutPorts = 1>
ST_1 : Operation 508 [1/1] (1.02ns)   --->   "%select_ln167_56 = select i1 %icmp_ln1035_56, i4 %channeldata_V_56, i4 %oldMax_V_56_load" [/home/miguel_tfg/FINN-v0.9-Stable/deps/finn-hlslib/maxpool.h:167]   --->   Operation 508 'select' 'select_ln167_56' <Predicate = (!icmp_ln158)> <Delay = 1.02> <CoreInst = "Sel">   --->   Core 73 'Sel' <Latency = 0> <II = 1> <Delay = 1.02> <FuncUnit> <Opcode : 'select'> <InPorts = 3> <OutPorts = 1>
ST_1 : Operation 509 [1/1] (0.00ns)   --->   "%channeldata_V_57 = partselect i4 @_ssdm_op_PartSelect.i4.i256.i32.i32, i256 %inputData_V, i32 228, i32 231"   --->   Operation 509 'partselect' 'channeldata_V_57' <Predicate = (!icmp_ln158)> <Delay = 0.00>
ST_1 : Operation 510 [1/1] (1.30ns)   --->   "%icmp_ln1035_57 = icmp_ugt  i4 %channeldata_V_57, i4 %oldMax_V_57_load"   --->   Operation 510 'icmp' 'icmp_ln1035_57' <Predicate = (!icmp_ln158)> <Delay = 1.30> <CoreInst = "Cmp">   --->   Core 9 'Cmp' <Latency = 0> <II = 1> <Delay = 1.30> <FuncUnit> <Opcode : 'icmp'> <InPorts = 2> <OutPorts = 1>
ST_1 : Operation 511 [1/1] (1.02ns)   --->   "%select_ln167_57 = select i1 %icmp_ln1035_57, i4 %channeldata_V_57, i4 %oldMax_V_57_load" [/home/miguel_tfg/FINN-v0.9-Stable/deps/finn-hlslib/maxpool.h:167]   --->   Operation 511 'select' 'select_ln167_57' <Predicate = (!icmp_ln158)> <Delay = 1.02> <CoreInst = "Sel">   --->   Core 73 'Sel' <Latency = 0> <II = 1> <Delay = 1.02> <FuncUnit> <Opcode : 'select'> <InPorts = 3> <OutPorts = 1>
ST_1 : Operation 512 [1/1] (0.00ns)   --->   "%channeldata_V_58 = partselect i4 @_ssdm_op_PartSelect.i4.i256.i32.i32, i256 %inputData_V, i32 232, i32 235"   --->   Operation 512 'partselect' 'channeldata_V_58' <Predicate = (!icmp_ln158)> <Delay = 0.00>
ST_1 : Operation 513 [1/1] (1.30ns)   --->   "%icmp_ln1035_58 = icmp_ugt  i4 %channeldata_V_58, i4 %oldMax_V_58_load"   --->   Operation 513 'icmp' 'icmp_ln1035_58' <Predicate = (!icmp_ln158)> <Delay = 1.30> <CoreInst = "Cmp">   --->   Core 9 'Cmp' <Latency = 0> <II = 1> <Delay = 1.30> <FuncUnit> <Opcode : 'icmp'> <InPorts = 2> <OutPorts = 1>
ST_1 : Operation 514 [1/1] (1.02ns)   --->   "%select_ln167_58 = select i1 %icmp_ln1035_58, i4 %channeldata_V_58, i4 %oldMax_V_58_load" [/home/miguel_tfg/FINN-v0.9-Stable/deps/finn-hlslib/maxpool.h:167]   --->   Operation 514 'select' 'select_ln167_58' <Predicate = (!icmp_ln158)> <Delay = 1.02> <CoreInst = "Sel">   --->   Core 73 'Sel' <Latency = 0> <II = 1> <Delay = 1.02> <FuncUnit> <Opcode : 'select'> <InPorts = 3> <OutPorts = 1>
ST_1 : Operation 515 [1/1] (0.00ns)   --->   "%channeldata_V_59 = partselect i4 @_ssdm_op_PartSelect.i4.i256.i32.i32, i256 %inputData_V, i32 236, i32 239"   --->   Operation 515 'partselect' 'channeldata_V_59' <Predicate = (!icmp_ln158)> <Delay = 0.00>
ST_1 : Operation 516 [1/1] (1.30ns)   --->   "%icmp_ln1035_59 = icmp_ugt  i4 %channeldata_V_59, i4 %oldMax_V_59_load"   --->   Operation 516 'icmp' 'icmp_ln1035_59' <Predicate = (!icmp_ln158)> <Delay = 1.30> <CoreInst = "Cmp">   --->   Core 9 'Cmp' <Latency = 0> <II = 1> <Delay = 1.30> <FuncUnit> <Opcode : 'icmp'> <InPorts = 2> <OutPorts = 1>
ST_1 : Operation 517 [1/1] (1.02ns)   --->   "%select_ln167_59 = select i1 %icmp_ln1035_59, i4 %channeldata_V_59, i4 %oldMax_V_59_load" [/home/miguel_tfg/FINN-v0.9-Stable/deps/finn-hlslib/maxpool.h:167]   --->   Operation 517 'select' 'select_ln167_59' <Predicate = (!icmp_ln158)> <Delay = 1.02> <CoreInst = "Sel">   --->   Core 73 'Sel' <Latency = 0> <II = 1> <Delay = 1.02> <FuncUnit> <Opcode : 'select'> <InPorts = 3> <OutPorts = 1>
ST_1 : Operation 518 [1/1] (0.00ns)   --->   "%channeldata_V_60 = partselect i4 @_ssdm_op_PartSelect.i4.i256.i32.i32, i256 %inputData_V, i32 240, i32 243"   --->   Operation 518 'partselect' 'channeldata_V_60' <Predicate = (!icmp_ln158)> <Delay = 0.00>
ST_1 : Operation 519 [1/1] (1.30ns)   --->   "%icmp_ln1035_60 = icmp_ugt  i4 %channeldata_V_60, i4 %oldMax_V_60_load"   --->   Operation 519 'icmp' 'icmp_ln1035_60' <Predicate = (!icmp_ln158)> <Delay = 1.30> <CoreInst = "Cmp">   --->   Core 9 'Cmp' <Latency = 0> <II = 1> <Delay = 1.30> <FuncUnit> <Opcode : 'icmp'> <InPorts = 2> <OutPorts = 1>
ST_1 : Operation 520 [1/1] (1.02ns)   --->   "%select_ln167_60 = select i1 %icmp_ln1035_60, i4 %channeldata_V_60, i4 %oldMax_V_60_load" [/home/miguel_tfg/FINN-v0.9-Stable/deps/finn-hlslib/maxpool.h:167]   --->   Operation 520 'select' 'select_ln167_60' <Predicate = (!icmp_ln158)> <Delay = 1.02> <CoreInst = "Sel">   --->   Core 73 'Sel' <Latency = 0> <II = 1> <Delay = 1.02> <FuncUnit> <Opcode : 'select'> <InPorts = 3> <OutPorts = 1>
ST_1 : Operation 521 [1/1] (0.00ns)   --->   "%channeldata_V_61 = partselect i4 @_ssdm_op_PartSelect.i4.i256.i32.i32, i256 %inputData_V, i32 244, i32 247"   --->   Operation 521 'partselect' 'channeldata_V_61' <Predicate = (!icmp_ln158)> <Delay = 0.00>
ST_1 : Operation 522 [1/1] (1.30ns)   --->   "%icmp_ln1035_61 = icmp_ugt  i4 %channeldata_V_61, i4 %oldMax_V_61_load"   --->   Operation 522 'icmp' 'icmp_ln1035_61' <Predicate = (!icmp_ln158)> <Delay = 1.30> <CoreInst = "Cmp">   --->   Core 9 'Cmp' <Latency = 0> <II = 1> <Delay = 1.30> <FuncUnit> <Opcode : 'icmp'> <InPorts = 2> <OutPorts = 1>
ST_1 : Operation 523 [1/1] (1.02ns)   --->   "%select_ln167_61 = select i1 %icmp_ln1035_61, i4 %channeldata_V_61, i4 %oldMax_V_61_load" [/home/miguel_tfg/FINN-v0.9-Stable/deps/finn-hlslib/maxpool.h:167]   --->   Operation 523 'select' 'select_ln167_61' <Predicate = (!icmp_ln158)> <Delay = 1.02> <CoreInst = "Sel">   --->   Core 73 'Sel' <Latency = 0> <II = 1> <Delay = 1.02> <FuncUnit> <Opcode : 'select'> <InPorts = 3> <OutPorts = 1>
ST_1 : Operation 524 [1/1] (0.00ns)   --->   "%channeldata_V_62 = partselect i4 @_ssdm_op_PartSelect.i4.i256.i32.i32, i256 %inputData_V, i32 248, i32 251"   --->   Operation 524 'partselect' 'channeldata_V_62' <Predicate = (!icmp_ln158)> <Delay = 0.00>
ST_1 : Operation 525 [1/1] (1.30ns)   --->   "%icmp_ln1035_62 = icmp_ugt  i4 %channeldata_V_62, i4 %oldMax_V_62_load"   --->   Operation 525 'icmp' 'icmp_ln1035_62' <Predicate = (!icmp_ln158)> <Delay = 1.30> <CoreInst = "Cmp">   --->   Core 9 'Cmp' <Latency = 0> <II = 1> <Delay = 1.30> <FuncUnit> <Opcode : 'icmp'> <InPorts = 2> <OutPorts = 1>
ST_1 : Operation 526 [1/1] (1.02ns)   --->   "%select_ln167_62 = select i1 %icmp_ln1035_62, i4 %channeldata_V_62, i4 %oldMax_V_62_load" [/home/miguel_tfg/FINN-v0.9-Stable/deps/finn-hlslib/maxpool.h:167]   --->   Operation 526 'select' 'select_ln167_62' <Predicate = (!icmp_ln158)> <Delay = 1.02> <CoreInst = "Sel">   --->   Core 73 'Sel' <Latency = 0> <II = 1> <Delay = 1.02> <FuncUnit> <Opcode : 'select'> <InPorts = 3> <OutPorts = 1>
ST_1 : Operation 527 [1/1] (0.00ns)   --->   "%channeldata_V_63 = partselect i4 @_ssdm_op_PartSelect.i4.i256.i32.i32, i256 %inputData_V, i32 252, i32 255"   --->   Operation 527 'partselect' 'channeldata_V_63' <Predicate = (!icmp_ln158)> <Delay = 0.00>
ST_1 : Operation 528 [1/1] (1.30ns)   --->   "%icmp_ln1035_63 = icmp_ugt  i4 %channeldata_V_63, i4 %oldMax_V_63_load"   --->   Operation 528 'icmp' 'icmp_ln1035_63' <Predicate = (!icmp_ln158)> <Delay = 1.30> <CoreInst = "Cmp">   --->   Core 9 'Cmp' <Latency = 0> <II = 1> <Delay = 1.30> <FuncUnit> <Opcode : 'icmp'> <InPorts = 2> <OutPorts = 1>
ST_1 : Operation 529 [1/1] (1.02ns)   --->   "%select_ln167_63 = select i1 %icmp_ln1035_63, i4 %channeldata_V_63, i4 %oldMax_V_63_load" [/home/miguel_tfg/FINN-v0.9-Stable/deps/finn-hlslib/maxpool.h:167]   --->   Operation 529 'select' 'select_ln167_63' <Predicate = (!icmp_ln158)> <Delay = 1.02> <CoreInst = "Sel">   --->   Core 73 'Sel' <Latency = 0> <II = 1> <Delay = 1.02> <FuncUnit> <Opcode : 'select'> <InPorts = 3> <OutPorts = 1>
ST_1 : Operation 530 [1/1] (0.95ns)   --->   "%icmp_ln158_1 = icmp_eq  i2 %kx_2, i2 2" [/home/miguel_tfg/FINN-v0.9-Stable/deps/finn-hlslib/maxpool.h:158]   --->   Operation 530 'icmp' 'icmp_ln158_1' <Predicate = (!icmp_ln158)> <Delay = 0.95> <CoreInst = "Cmp">   --->   Core 9 'Cmp' <Latency = 0> <II = 1> <Delay = 0.95> <FuncUnit> <Opcode : 'icmp'> <InPorts = 2> <OutPorts = 1>
ST_1 : Operation 531 [1/1] (0.00ns)   --->   "%br_ln158 = br i1 %icmp_ln158_1, void %ifFalse, void %ifTrue" [/home/miguel_tfg/FINN-v0.9-Stable/deps/finn-hlslib/maxpool.h:158]   --->   Operation 531 'br' 'br_ln158' <Predicate = (!icmp_ln158)> <Delay = 0.00>
ST_1 : Operation 532 [1/1] (2.32ns)   --->   "%store_ln168 = store i4 %select_ln167, i3 %buf_V_addr" [/home/miguel_tfg/FINN-v0.9-Stable/deps/finn-hlslib/maxpool.h:168]   --->   Operation 532 'store' 'store_ln168' <Predicate = (!icmp_ln158 & icmp_ln158_1)> <Delay = 2.32> <CoreInst = "RAM">   --->   Core 82 'RAM' <Latency = 1> <II = 1> <Delay = 2.32> <Storage> <Opcode : 'load' 'store'> <Ports = 2> <Width = 4> <Depth = 8> <RAM>
ST_1 : Operation 533 [1/1] (2.32ns)   --->   "%store_ln168 = store i4 %select_ln167_1, i3 %buf_V_1_addr" [/home/miguel_tfg/FINN-v0.9-Stable/deps/finn-hlslib/maxpool.h:168]   --->   Operation 533 'store' 'store_ln168' <Predicate = (!icmp_ln158 & icmp_ln158_1)> <Delay = 2.32> <CoreInst = "RAM">   --->   Core 82 'RAM' <Latency = 1> <II = 1> <Delay = 2.32> <Storage> <Opcode : 'load' 'store'> <Ports = 2> <Width = 4> <Depth = 8> <RAM>
ST_1 : Operation 534 [1/1] (2.32ns)   --->   "%store_ln168 = store i4 %select_ln167_2, i3 %buf_V_2_addr" [/home/miguel_tfg/FINN-v0.9-Stable/deps/finn-hlslib/maxpool.h:168]   --->   Operation 534 'store' 'store_ln168' <Predicate = (!icmp_ln158 & icmp_ln158_1)> <Delay = 2.32> <CoreInst = "RAM">   --->   Core 82 'RAM' <Latency = 1> <II = 1> <Delay = 2.32> <Storage> <Opcode : 'load' 'store'> <Ports = 2> <Width = 4> <Depth = 8> <RAM>
ST_1 : Operation 535 [1/1] (2.32ns)   --->   "%store_ln168 = store i4 %select_ln167_3, i3 %buf_V_3_addr" [/home/miguel_tfg/FINN-v0.9-Stable/deps/finn-hlslib/maxpool.h:168]   --->   Operation 535 'store' 'store_ln168' <Predicate = (!icmp_ln158 & icmp_ln158_1)> <Delay = 2.32> <CoreInst = "RAM">   --->   Core 82 'RAM' <Latency = 1> <II = 1> <Delay = 2.32> <Storage> <Opcode : 'load' 'store'> <Ports = 2> <Width = 4> <Depth = 8> <RAM>
ST_1 : Operation 536 [1/1] (2.32ns)   --->   "%store_ln168 = store i4 %select_ln167_4, i3 %buf_V_4_addr" [/home/miguel_tfg/FINN-v0.9-Stable/deps/finn-hlslib/maxpool.h:168]   --->   Operation 536 'store' 'store_ln168' <Predicate = (!icmp_ln158 & icmp_ln158_1)> <Delay = 2.32> <CoreInst = "RAM">   --->   Core 82 'RAM' <Latency = 1> <II = 1> <Delay = 2.32> <Storage> <Opcode : 'load' 'store'> <Ports = 2> <Width = 4> <Depth = 8> <RAM>
ST_1 : Operation 537 [1/1] (2.32ns)   --->   "%store_ln168 = store i4 %select_ln167_5, i3 %buf_V_5_addr" [/home/miguel_tfg/FINN-v0.9-Stable/deps/finn-hlslib/maxpool.h:168]   --->   Operation 537 'store' 'store_ln168' <Predicate = (!icmp_ln158 & icmp_ln158_1)> <Delay = 2.32> <CoreInst = "RAM">   --->   Core 82 'RAM' <Latency = 1> <II = 1> <Delay = 2.32> <Storage> <Opcode : 'load' 'store'> <Ports = 2> <Width = 4> <Depth = 8> <RAM>
ST_1 : Operation 538 [1/1] (2.32ns)   --->   "%store_ln168 = store i4 %select_ln167_6, i3 %buf_V_6_addr" [/home/miguel_tfg/FINN-v0.9-Stable/deps/finn-hlslib/maxpool.h:168]   --->   Operation 538 'store' 'store_ln168' <Predicate = (!icmp_ln158 & icmp_ln158_1)> <Delay = 2.32> <CoreInst = "RAM">   --->   Core 82 'RAM' <Latency = 1> <II = 1> <Delay = 2.32> <Storage> <Opcode : 'load' 'store'> <Ports = 2> <Width = 4> <Depth = 8> <RAM>
ST_1 : Operation 539 [1/1] (2.32ns)   --->   "%store_ln168 = store i4 %select_ln167_7, i3 %buf_V_7_addr" [/home/miguel_tfg/FINN-v0.9-Stable/deps/finn-hlslib/maxpool.h:168]   --->   Operation 539 'store' 'store_ln168' <Predicate = (!icmp_ln158 & icmp_ln158_1)> <Delay = 2.32> <CoreInst = "RAM">   --->   Core 82 'RAM' <Latency = 1> <II = 1> <Delay = 2.32> <Storage> <Opcode : 'load' 'store'> <Ports = 2> <Width = 4> <Depth = 8> <RAM>
ST_1 : Operation 540 [1/1] (2.32ns)   --->   "%store_ln168 = store i4 %select_ln167_8, i3 %buf_V_8_addr" [/home/miguel_tfg/FINN-v0.9-Stable/deps/finn-hlslib/maxpool.h:168]   --->   Operation 540 'store' 'store_ln168' <Predicate = (!icmp_ln158 & icmp_ln158_1)> <Delay = 2.32> <CoreInst = "RAM">   --->   Core 82 'RAM' <Latency = 1> <II = 1> <Delay = 2.32> <Storage> <Opcode : 'load' 'store'> <Ports = 2> <Width = 4> <Depth = 8> <RAM>
ST_1 : Operation 541 [1/1] (2.32ns)   --->   "%store_ln168 = store i4 %select_ln167_9, i3 %buf_V_9_addr" [/home/miguel_tfg/FINN-v0.9-Stable/deps/finn-hlslib/maxpool.h:168]   --->   Operation 541 'store' 'store_ln168' <Predicate = (!icmp_ln158 & icmp_ln158_1)> <Delay = 2.32> <CoreInst = "RAM">   --->   Core 82 'RAM' <Latency = 1> <II = 1> <Delay = 2.32> <Storage> <Opcode : 'load' 'store'> <Ports = 2> <Width = 4> <Depth = 8> <RAM>
ST_1 : Operation 542 [1/1] (2.32ns)   --->   "%store_ln168 = store i4 %select_ln167_10, i3 %buf_V_10_addr" [/home/miguel_tfg/FINN-v0.9-Stable/deps/finn-hlslib/maxpool.h:168]   --->   Operation 542 'store' 'store_ln168' <Predicate = (!icmp_ln158 & icmp_ln158_1)> <Delay = 2.32> <CoreInst = "RAM">   --->   Core 82 'RAM' <Latency = 1> <II = 1> <Delay = 2.32> <Storage> <Opcode : 'load' 'store'> <Ports = 2> <Width = 4> <Depth = 8> <RAM>
ST_1 : Operation 543 [1/1] (2.32ns)   --->   "%store_ln168 = store i4 %select_ln167_11, i3 %buf_V_11_addr" [/home/miguel_tfg/FINN-v0.9-Stable/deps/finn-hlslib/maxpool.h:168]   --->   Operation 543 'store' 'store_ln168' <Predicate = (!icmp_ln158 & icmp_ln158_1)> <Delay = 2.32> <CoreInst = "RAM">   --->   Core 82 'RAM' <Latency = 1> <II = 1> <Delay = 2.32> <Storage> <Opcode : 'load' 'store'> <Ports = 2> <Width = 4> <Depth = 8> <RAM>
ST_1 : Operation 544 [1/1] (2.32ns)   --->   "%store_ln168 = store i4 %select_ln167_12, i3 %buf_V_12_addr" [/home/miguel_tfg/FINN-v0.9-Stable/deps/finn-hlslib/maxpool.h:168]   --->   Operation 544 'store' 'store_ln168' <Predicate = (!icmp_ln158 & icmp_ln158_1)> <Delay = 2.32> <CoreInst = "RAM">   --->   Core 82 'RAM' <Latency = 1> <II = 1> <Delay = 2.32> <Storage> <Opcode : 'load' 'store'> <Ports = 2> <Width = 4> <Depth = 8> <RAM>
ST_1 : Operation 545 [1/1] (2.32ns)   --->   "%store_ln168 = store i4 %select_ln167_13, i3 %buf_V_13_addr" [/home/miguel_tfg/FINN-v0.9-Stable/deps/finn-hlslib/maxpool.h:168]   --->   Operation 545 'store' 'store_ln168' <Predicate = (!icmp_ln158 & icmp_ln158_1)> <Delay = 2.32> <CoreInst = "RAM">   --->   Core 82 'RAM' <Latency = 1> <II = 1> <Delay = 2.32> <Storage> <Opcode : 'load' 'store'> <Ports = 2> <Width = 4> <Depth = 8> <RAM>
ST_1 : Operation 546 [1/1] (2.32ns)   --->   "%store_ln168 = store i4 %select_ln167_14, i3 %buf_V_14_addr" [/home/miguel_tfg/FINN-v0.9-Stable/deps/finn-hlslib/maxpool.h:168]   --->   Operation 546 'store' 'store_ln168' <Predicate = (!icmp_ln158 & icmp_ln158_1)> <Delay = 2.32> <CoreInst = "RAM">   --->   Core 82 'RAM' <Latency = 1> <II = 1> <Delay = 2.32> <Storage> <Opcode : 'load' 'store'> <Ports = 2> <Width = 4> <Depth = 8> <RAM>
ST_1 : Operation 547 [1/1] (2.32ns)   --->   "%store_ln168 = store i4 %select_ln167_15, i3 %buf_V_15_addr" [/home/miguel_tfg/FINN-v0.9-Stable/deps/finn-hlslib/maxpool.h:168]   --->   Operation 547 'store' 'store_ln168' <Predicate = (!icmp_ln158 & icmp_ln158_1)> <Delay = 2.32> <CoreInst = "RAM">   --->   Core 82 'RAM' <Latency = 1> <II = 1> <Delay = 2.32> <Storage> <Opcode : 'load' 'store'> <Ports = 2> <Width = 4> <Depth = 8> <RAM>
ST_1 : Operation 548 [1/1] (2.32ns)   --->   "%store_ln168 = store i4 %select_ln167_16, i3 %buf_V_16_addr" [/home/miguel_tfg/FINN-v0.9-Stable/deps/finn-hlslib/maxpool.h:168]   --->   Operation 548 'store' 'store_ln168' <Predicate = (!icmp_ln158 & icmp_ln158_1)> <Delay = 2.32> <CoreInst = "RAM">   --->   Core 82 'RAM' <Latency = 1> <II = 1> <Delay = 2.32> <Storage> <Opcode : 'load' 'store'> <Ports = 2> <Width = 4> <Depth = 8> <RAM>
ST_1 : Operation 549 [1/1] (2.32ns)   --->   "%store_ln168 = store i4 %select_ln167_17, i3 %buf_V_17_addr" [/home/miguel_tfg/FINN-v0.9-Stable/deps/finn-hlslib/maxpool.h:168]   --->   Operation 549 'store' 'store_ln168' <Predicate = (!icmp_ln158 & icmp_ln158_1)> <Delay = 2.32> <CoreInst = "RAM">   --->   Core 82 'RAM' <Latency = 1> <II = 1> <Delay = 2.32> <Storage> <Opcode : 'load' 'store'> <Ports = 2> <Width = 4> <Depth = 8> <RAM>
ST_1 : Operation 550 [1/1] (2.32ns)   --->   "%store_ln168 = store i4 %select_ln167_18, i3 %buf_V_18_addr" [/home/miguel_tfg/FINN-v0.9-Stable/deps/finn-hlslib/maxpool.h:168]   --->   Operation 550 'store' 'store_ln168' <Predicate = (!icmp_ln158 & icmp_ln158_1)> <Delay = 2.32> <CoreInst = "RAM">   --->   Core 82 'RAM' <Latency = 1> <II = 1> <Delay = 2.32> <Storage> <Opcode : 'load' 'store'> <Ports = 2> <Width = 4> <Depth = 8> <RAM>
ST_1 : Operation 551 [1/1] (2.32ns)   --->   "%store_ln168 = store i4 %select_ln167_19, i3 %buf_V_19_addr" [/home/miguel_tfg/FINN-v0.9-Stable/deps/finn-hlslib/maxpool.h:168]   --->   Operation 551 'store' 'store_ln168' <Predicate = (!icmp_ln158 & icmp_ln158_1)> <Delay = 2.32> <CoreInst = "RAM">   --->   Core 82 'RAM' <Latency = 1> <II = 1> <Delay = 2.32> <Storage> <Opcode : 'load' 'store'> <Ports = 2> <Width = 4> <Depth = 8> <RAM>
ST_1 : Operation 552 [1/1] (2.32ns)   --->   "%store_ln168 = store i4 %select_ln167_20, i3 %buf_V_20_addr" [/home/miguel_tfg/FINN-v0.9-Stable/deps/finn-hlslib/maxpool.h:168]   --->   Operation 552 'store' 'store_ln168' <Predicate = (!icmp_ln158 & icmp_ln158_1)> <Delay = 2.32> <CoreInst = "RAM">   --->   Core 82 'RAM' <Latency = 1> <II = 1> <Delay = 2.32> <Storage> <Opcode : 'load' 'store'> <Ports = 2> <Width = 4> <Depth = 8> <RAM>
ST_1 : Operation 553 [1/1] (2.32ns)   --->   "%store_ln168 = store i4 %select_ln167_21, i3 %buf_V_21_addr" [/home/miguel_tfg/FINN-v0.9-Stable/deps/finn-hlslib/maxpool.h:168]   --->   Operation 553 'store' 'store_ln168' <Predicate = (!icmp_ln158 & icmp_ln158_1)> <Delay = 2.32> <CoreInst = "RAM">   --->   Core 82 'RAM' <Latency = 1> <II = 1> <Delay = 2.32> <Storage> <Opcode : 'load' 'store'> <Ports = 2> <Width = 4> <Depth = 8> <RAM>
ST_1 : Operation 554 [1/1] (2.32ns)   --->   "%store_ln168 = store i4 %select_ln167_22, i3 %buf_V_22_addr" [/home/miguel_tfg/FINN-v0.9-Stable/deps/finn-hlslib/maxpool.h:168]   --->   Operation 554 'store' 'store_ln168' <Predicate = (!icmp_ln158 & icmp_ln158_1)> <Delay = 2.32> <CoreInst = "RAM">   --->   Core 82 'RAM' <Latency = 1> <II = 1> <Delay = 2.32> <Storage> <Opcode : 'load' 'store'> <Ports = 2> <Width = 4> <Depth = 8> <RAM>
ST_1 : Operation 555 [1/1] (2.32ns)   --->   "%store_ln168 = store i4 %select_ln167_23, i3 %buf_V_23_addr" [/home/miguel_tfg/FINN-v0.9-Stable/deps/finn-hlslib/maxpool.h:168]   --->   Operation 555 'store' 'store_ln168' <Predicate = (!icmp_ln158 & icmp_ln158_1)> <Delay = 2.32> <CoreInst = "RAM">   --->   Core 82 'RAM' <Latency = 1> <II = 1> <Delay = 2.32> <Storage> <Opcode : 'load' 'store'> <Ports = 2> <Width = 4> <Depth = 8> <RAM>
ST_1 : Operation 556 [1/1] (2.32ns)   --->   "%store_ln168 = store i4 %select_ln167_24, i3 %buf_V_24_addr" [/home/miguel_tfg/FINN-v0.9-Stable/deps/finn-hlslib/maxpool.h:168]   --->   Operation 556 'store' 'store_ln168' <Predicate = (!icmp_ln158 & icmp_ln158_1)> <Delay = 2.32> <CoreInst = "RAM">   --->   Core 82 'RAM' <Latency = 1> <II = 1> <Delay = 2.32> <Storage> <Opcode : 'load' 'store'> <Ports = 2> <Width = 4> <Depth = 8> <RAM>
ST_1 : Operation 557 [1/1] (2.32ns)   --->   "%store_ln168 = store i4 %select_ln167_25, i3 %buf_V_25_addr" [/home/miguel_tfg/FINN-v0.9-Stable/deps/finn-hlslib/maxpool.h:168]   --->   Operation 557 'store' 'store_ln168' <Predicate = (!icmp_ln158 & icmp_ln158_1)> <Delay = 2.32> <CoreInst = "RAM">   --->   Core 82 'RAM' <Latency = 1> <II = 1> <Delay = 2.32> <Storage> <Opcode : 'load' 'store'> <Ports = 2> <Width = 4> <Depth = 8> <RAM>
ST_1 : Operation 558 [1/1] (2.32ns)   --->   "%store_ln168 = store i4 %select_ln167_26, i3 %buf_V_26_addr" [/home/miguel_tfg/FINN-v0.9-Stable/deps/finn-hlslib/maxpool.h:168]   --->   Operation 558 'store' 'store_ln168' <Predicate = (!icmp_ln158 & icmp_ln158_1)> <Delay = 2.32> <CoreInst = "RAM">   --->   Core 82 'RAM' <Latency = 1> <II = 1> <Delay = 2.32> <Storage> <Opcode : 'load' 'store'> <Ports = 2> <Width = 4> <Depth = 8> <RAM>
ST_1 : Operation 559 [1/1] (2.32ns)   --->   "%store_ln168 = store i4 %select_ln167_27, i3 %buf_V_27_addr" [/home/miguel_tfg/FINN-v0.9-Stable/deps/finn-hlslib/maxpool.h:168]   --->   Operation 559 'store' 'store_ln168' <Predicate = (!icmp_ln158 & icmp_ln158_1)> <Delay = 2.32> <CoreInst = "RAM">   --->   Core 82 'RAM' <Latency = 1> <II = 1> <Delay = 2.32> <Storage> <Opcode : 'load' 'store'> <Ports = 2> <Width = 4> <Depth = 8> <RAM>
ST_1 : Operation 560 [1/1] (2.32ns)   --->   "%store_ln168 = store i4 %select_ln167_28, i3 %buf_V_28_addr" [/home/miguel_tfg/FINN-v0.9-Stable/deps/finn-hlslib/maxpool.h:168]   --->   Operation 560 'store' 'store_ln168' <Predicate = (!icmp_ln158 & icmp_ln158_1)> <Delay = 2.32> <CoreInst = "RAM">   --->   Core 82 'RAM' <Latency = 1> <II = 1> <Delay = 2.32> <Storage> <Opcode : 'load' 'store'> <Ports = 2> <Width = 4> <Depth = 8> <RAM>
ST_1 : Operation 561 [1/1] (2.32ns)   --->   "%store_ln168 = store i4 %select_ln167_29, i3 %buf_V_29_addr" [/home/miguel_tfg/FINN-v0.9-Stable/deps/finn-hlslib/maxpool.h:168]   --->   Operation 561 'store' 'store_ln168' <Predicate = (!icmp_ln158 & icmp_ln158_1)> <Delay = 2.32> <CoreInst = "RAM">   --->   Core 82 'RAM' <Latency = 1> <II = 1> <Delay = 2.32> <Storage> <Opcode : 'load' 'store'> <Ports = 2> <Width = 4> <Depth = 8> <RAM>
ST_1 : Operation 562 [1/1] (2.32ns)   --->   "%store_ln168 = store i4 %select_ln167_30, i3 %buf_V_30_addr" [/home/miguel_tfg/FINN-v0.9-Stable/deps/finn-hlslib/maxpool.h:168]   --->   Operation 562 'store' 'store_ln168' <Predicate = (!icmp_ln158 & icmp_ln158_1)> <Delay = 2.32> <CoreInst = "RAM">   --->   Core 82 'RAM' <Latency = 1> <II = 1> <Delay = 2.32> <Storage> <Opcode : 'load' 'store'> <Ports = 2> <Width = 4> <Depth = 8> <RAM>
ST_1 : Operation 563 [1/1] (2.32ns)   --->   "%store_ln168 = store i4 %select_ln167_31, i3 %buf_V_31_addr" [/home/miguel_tfg/FINN-v0.9-Stable/deps/finn-hlslib/maxpool.h:168]   --->   Operation 563 'store' 'store_ln168' <Predicate = (!icmp_ln158 & icmp_ln158_1)> <Delay = 2.32> <CoreInst = "RAM">   --->   Core 82 'RAM' <Latency = 1> <II = 1> <Delay = 2.32> <Storage> <Opcode : 'load' 'store'> <Ports = 2> <Width = 4> <Depth = 8> <RAM>
ST_1 : Operation 564 [1/1] (2.32ns)   --->   "%store_ln168 = store i4 %select_ln167_32, i3 %buf_V_32_addr" [/home/miguel_tfg/FINN-v0.9-Stable/deps/finn-hlslib/maxpool.h:168]   --->   Operation 564 'store' 'store_ln168' <Predicate = (!icmp_ln158 & icmp_ln158_1)> <Delay = 2.32> <CoreInst = "RAM">   --->   Core 82 'RAM' <Latency = 1> <II = 1> <Delay = 2.32> <Storage> <Opcode : 'load' 'store'> <Ports = 2> <Width = 4> <Depth = 8> <RAM>
ST_1 : Operation 565 [1/1] (2.32ns)   --->   "%store_ln168 = store i4 %select_ln167_33, i3 %buf_V_33_addr" [/home/miguel_tfg/FINN-v0.9-Stable/deps/finn-hlslib/maxpool.h:168]   --->   Operation 565 'store' 'store_ln168' <Predicate = (!icmp_ln158 & icmp_ln158_1)> <Delay = 2.32> <CoreInst = "RAM">   --->   Core 82 'RAM' <Latency = 1> <II = 1> <Delay = 2.32> <Storage> <Opcode : 'load' 'store'> <Ports = 2> <Width = 4> <Depth = 8> <RAM>
ST_1 : Operation 566 [1/1] (2.32ns)   --->   "%store_ln168 = store i4 %select_ln167_34, i3 %buf_V_34_addr" [/home/miguel_tfg/FINN-v0.9-Stable/deps/finn-hlslib/maxpool.h:168]   --->   Operation 566 'store' 'store_ln168' <Predicate = (!icmp_ln158 & icmp_ln158_1)> <Delay = 2.32> <CoreInst = "RAM">   --->   Core 82 'RAM' <Latency = 1> <II = 1> <Delay = 2.32> <Storage> <Opcode : 'load' 'store'> <Ports = 2> <Width = 4> <Depth = 8> <RAM>
ST_1 : Operation 567 [1/1] (2.32ns)   --->   "%store_ln168 = store i4 %select_ln167_35, i3 %buf_V_35_addr" [/home/miguel_tfg/FINN-v0.9-Stable/deps/finn-hlslib/maxpool.h:168]   --->   Operation 567 'store' 'store_ln168' <Predicate = (!icmp_ln158 & icmp_ln158_1)> <Delay = 2.32> <CoreInst = "RAM">   --->   Core 82 'RAM' <Latency = 1> <II = 1> <Delay = 2.32> <Storage> <Opcode : 'load' 'store'> <Ports = 2> <Width = 4> <Depth = 8> <RAM>
ST_1 : Operation 568 [1/1] (2.32ns)   --->   "%store_ln168 = store i4 %select_ln167_36, i3 %buf_V_36_addr" [/home/miguel_tfg/FINN-v0.9-Stable/deps/finn-hlslib/maxpool.h:168]   --->   Operation 568 'store' 'store_ln168' <Predicate = (!icmp_ln158 & icmp_ln158_1)> <Delay = 2.32> <CoreInst = "RAM">   --->   Core 82 'RAM' <Latency = 1> <II = 1> <Delay = 2.32> <Storage> <Opcode : 'load' 'store'> <Ports = 2> <Width = 4> <Depth = 8> <RAM>
ST_1 : Operation 569 [1/1] (2.32ns)   --->   "%store_ln168 = store i4 %select_ln167_37, i3 %buf_V_37_addr" [/home/miguel_tfg/FINN-v0.9-Stable/deps/finn-hlslib/maxpool.h:168]   --->   Operation 569 'store' 'store_ln168' <Predicate = (!icmp_ln158 & icmp_ln158_1)> <Delay = 2.32> <CoreInst = "RAM">   --->   Core 82 'RAM' <Latency = 1> <II = 1> <Delay = 2.32> <Storage> <Opcode : 'load' 'store'> <Ports = 2> <Width = 4> <Depth = 8> <RAM>
ST_1 : Operation 570 [1/1] (2.32ns)   --->   "%store_ln168 = store i4 %select_ln167_38, i3 %buf_V_38_addr" [/home/miguel_tfg/FINN-v0.9-Stable/deps/finn-hlslib/maxpool.h:168]   --->   Operation 570 'store' 'store_ln168' <Predicate = (!icmp_ln158 & icmp_ln158_1)> <Delay = 2.32> <CoreInst = "RAM">   --->   Core 82 'RAM' <Latency = 1> <II = 1> <Delay = 2.32> <Storage> <Opcode : 'load' 'store'> <Ports = 2> <Width = 4> <Depth = 8> <RAM>
ST_1 : Operation 571 [1/1] (2.32ns)   --->   "%store_ln168 = store i4 %select_ln167_39, i3 %buf_V_39_addr" [/home/miguel_tfg/FINN-v0.9-Stable/deps/finn-hlslib/maxpool.h:168]   --->   Operation 571 'store' 'store_ln168' <Predicate = (!icmp_ln158 & icmp_ln158_1)> <Delay = 2.32> <CoreInst = "RAM">   --->   Core 82 'RAM' <Latency = 1> <II = 1> <Delay = 2.32> <Storage> <Opcode : 'load' 'store'> <Ports = 2> <Width = 4> <Depth = 8> <RAM>
ST_1 : Operation 572 [1/1] (2.32ns)   --->   "%store_ln168 = store i4 %select_ln167_40, i3 %buf_V_40_addr" [/home/miguel_tfg/FINN-v0.9-Stable/deps/finn-hlslib/maxpool.h:168]   --->   Operation 572 'store' 'store_ln168' <Predicate = (!icmp_ln158 & icmp_ln158_1)> <Delay = 2.32> <CoreInst = "RAM">   --->   Core 82 'RAM' <Latency = 1> <II = 1> <Delay = 2.32> <Storage> <Opcode : 'load' 'store'> <Ports = 2> <Width = 4> <Depth = 8> <RAM>
ST_1 : Operation 573 [1/1] (2.32ns)   --->   "%store_ln168 = store i4 %select_ln167_41, i3 %buf_V_41_addr" [/home/miguel_tfg/FINN-v0.9-Stable/deps/finn-hlslib/maxpool.h:168]   --->   Operation 573 'store' 'store_ln168' <Predicate = (!icmp_ln158 & icmp_ln158_1)> <Delay = 2.32> <CoreInst = "RAM">   --->   Core 82 'RAM' <Latency = 1> <II = 1> <Delay = 2.32> <Storage> <Opcode : 'load' 'store'> <Ports = 2> <Width = 4> <Depth = 8> <RAM>
ST_1 : Operation 574 [1/1] (2.32ns)   --->   "%store_ln168 = store i4 %select_ln167_42, i3 %buf_V_42_addr" [/home/miguel_tfg/FINN-v0.9-Stable/deps/finn-hlslib/maxpool.h:168]   --->   Operation 574 'store' 'store_ln168' <Predicate = (!icmp_ln158 & icmp_ln158_1)> <Delay = 2.32> <CoreInst = "RAM">   --->   Core 82 'RAM' <Latency = 1> <II = 1> <Delay = 2.32> <Storage> <Opcode : 'load' 'store'> <Ports = 2> <Width = 4> <Depth = 8> <RAM>
ST_1 : Operation 575 [1/1] (2.32ns)   --->   "%store_ln168 = store i4 %select_ln167_43, i3 %buf_V_43_addr" [/home/miguel_tfg/FINN-v0.9-Stable/deps/finn-hlslib/maxpool.h:168]   --->   Operation 575 'store' 'store_ln168' <Predicate = (!icmp_ln158 & icmp_ln158_1)> <Delay = 2.32> <CoreInst = "RAM">   --->   Core 82 'RAM' <Latency = 1> <II = 1> <Delay = 2.32> <Storage> <Opcode : 'load' 'store'> <Ports = 2> <Width = 4> <Depth = 8> <RAM>
ST_1 : Operation 576 [1/1] (2.32ns)   --->   "%store_ln168 = store i4 %select_ln167_44, i3 %buf_V_44_addr" [/home/miguel_tfg/FINN-v0.9-Stable/deps/finn-hlslib/maxpool.h:168]   --->   Operation 576 'store' 'store_ln168' <Predicate = (!icmp_ln158 & icmp_ln158_1)> <Delay = 2.32> <CoreInst = "RAM">   --->   Core 82 'RAM' <Latency = 1> <II = 1> <Delay = 2.32> <Storage> <Opcode : 'load' 'store'> <Ports = 2> <Width = 4> <Depth = 8> <RAM>
ST_1 : Operation 577 [1/1] (2.32ns)   --->   "%store_ln168 = store i4 %select_ln167_45, i3 %buf_V_45_addr" [/home/miguel_tfg/FINN-v0.9-Stable/deps/finn-hlslib/maxpool.h:168]   --->   Operation 577 'store' 'store_ln168' <Predicate = (!icmp_ln158 & icmp_ln158_1)> <Delay = 2.32> <CoreInst = "RAM">   --->   Core 82 'RAM' <Latency = 1> <II = 1> <Delay = 2.32> <Storage> <Opcode : 'load' 'store'> <Ports = 2> <Width = 4> <Depth = 8> <RAM>
ST_1 : Operation 578 [1/1] (2.32ns)   --->   "%store_ln168 = store i4 %select_ln167_46, i3 %buf_V_46_addr" [/home/miguel_tfg/FINN-v0.9-Stable/deps/finn-hlslib/maxpool.h:168]   --->   Operation 578 'store' 'store_ln168' <Predicate = (!icmp_ln158 & icmp_ln158_1)> <Delay = 2.32> <CoreInst = "RAM">   --->   Core 82 'RAM' <Latency = 1> <II = 1> <Delay = 2.32> <Storage> <Opcode : 'load' 'store'> <Ports = 2> <Width = 4> <Depth = 8> <RAM>
ST_1 : Operation 579 [1/1] (2.32ns)   --->   "%store_ln168 = store i4 %select_ln167_47, i3 %buf_V_47_addr" [/home/miguel_tfg/FINN-v0.9-Stable/deps/finn-hlslib/maxpool.h:168]   --->   Operation 579 'store' 'store_ln168' <Predicate = (!icmp_ln158 & icmp_ln158_1)> <Delay = 2.32> <CoreInst = "RAM">   --->   Core 82 'RAM' <Latency = 1> <II = 1> <Delay = 2.32> <Storage> <Opcode : 'load' 'store'> <Ports = 2> <Width = 4> <Depth = 8> <RAM>
ST_1 : Operation 580 [1/1] (2.32ns)   --->   "%store_ln168 = store i4 %select_ln167_48, i3 %buf_V_48_addr" [/home/miguel_tfg/FINN-v0.9-Stable/deps/finn-hlslib/maxpool.h:168]   --->   Operation 580 'store' 'store_ln168' <Predicate = (!icmp_ln158 & icmp_ln158_1)> <Delay = 2.32> <CoreInst = "RAM">   --->   Core 82 'RAM' <Latency = 1> <II = 1> <Delay = 2.32> <Storage> <Opcode : 'load' 'store'> <Ports = 2> <Width = 4> <Depth = 8> <RAM>
ST_1 : Operation 581 [1/1] (2.32ns)   --->   "%store_ln168 = store i4 %select_ln167_49, i3 %buf_V_49_addr" [/home/miguel_tfg/FINN-v0.9-Stable/deps/finn-hlslib/maxpool.h:168]   --->   Operation 581 'store' 'store_ln168' <Predicate = (!icmp_ln158 & icmp_ln158_1)> <Delay = 2.32> <CoreInst = "RAM">   --->   Core 82 'RAM' <Latency = 1> <II = 1> <Delay = 2.32> <Storage> <Opcode : 'load' 'store'> <Ports = 2> <Width = 4> <Depth = 8> <RAM>
ST_1 : Operation 582 [1/1] (2.32ns)   --->   "%store_ln168 = store i4 %select_ln167_50, i3 %buf_V_50_addr" [/home/miguel_tfg/FINN-v0.9-Stable/deps/finn-hlslib/maxpool.h:168]   --->   Operation 582 'store' 'store_ln168' <Predicate = (!icmp_ln158 & icmp_ln158_1)> <Delay = 2.32> <CoreInst = "RAM">   --->   Core 82 'RAM' <Latency = 1> <II = 1> <Delay = 2.32> <Storage> <Opcode : 'load' 'store'> <Ports = 2> <Width = 4> <Depth = 8> <RAM>
ST_1 : Operation 583 [1/1] (2.32ns)   --->   "%store_ln168 = store i4 %select_ln167_51, i3 %buf_V_51_addr" [/home/miguel_tfg/FINN-v0.9-Stable/deps/finn-hlslib/maxpool.h:168]   --->   Operation 583 'store' 'store_ln168' <Predicate = (!icmp_ln158 & icmp_ln158_1)> <Delay = 2.32> <CoreInst = "RAM">   --->   Core 82 'RAM' <Latency = 1> <II = 1> <Delay = 2.32> <Storage> <Opcode : 'load' 'store'> <Ports = 2> <Width = 4> <Depth = 8> <RAM>
ST_1 : Operation 584 [1/1] (2.32ns)   --->   "%store_ln168 = store i4 %select_ln167_52, i3 %buf_V_52_addr" [/home/miguel_tfg/FINN-v0.9-Stable/deps/finn-hlslib/maxpool.h:168]   --->   Operation 584 'store' 'store_ln168' <Predicate = (!icmp_ln158 & icmp_ln158_1)> <Delay = 2.32> <CoreInst = "RAM">   --->   Core 82 'RAM' <Latency = 1> <II = 1> <Delay = 2.32> <Storage> <Opcode : 'load' 'store'> <Ports = 2> <Width = 4> <Depth = 8> <RAM>
ST_1 : Operation 585 [1/1] (2.32ns)   --->   "%store_ln168 = store i4 %select_ln167_53, i3 %buf_V_53_addr" [/home/miguel_tfg/FINN-v0.9-Stable/deps/finn-hlslib/maxpool.h:168]   --->   Operation 585 'store' 'store_ln168' <Predicate = (!icmp_ln158 & icmp_ln158_1)> <Delay = 2.32> <CoreInst = "RAM">   --->   Core 82 'RAM' <Latency = 1> <II = 1> <Delay = 2.32> <Storage> <Opcode : 'load' 'store'> <Ports = 2> <Width = 4> <Depth = 8> <RAM>
ST_1 : Operation 586 [1/1] (2.32ns)   --->   "%store_ln168 = store i4 %select_ln167_54, i3 %buf_V_54_addr" [/home/miguel_tfg/FINN-v0.9-Stable/deps/finn-hlslib/maxpool.h:168]   --->   Operation 586 'store' 'store_ln168' <Predicate = (!icmp_ln158 & icmp_ln158_1)> <Delay = 2.32> <CoreInst = "RAM">   --->   Core 82 'RAM' <Latency = 1> <II = 1> <Delay = 2.32> <Storage> <Opcode : 'load' 'store'> <Ports = 2> <Width = 4> <Depth = 8> <RAM>
ST_1 : Operation 587 [1/1] (2.32ns)   --->   "%store_ln168 = store i4 %select_ln167_55, i3 %buf_V_55_addr" [/home/miguel_tfg/FINN-v0.9-Stable/deps/finn-hlslib/maxpool.h:168]   --->   Operation 587 'store' 'store_ln168' <Predicate = (!icmp_ln158 & icmp_ln158_1)> <Delay = 2.32> <CoreInst = "RAM">   --->   Core 82 'RAM' <Latency = 1> <II = 1> <Delay = 2.32> <Storage> <Opcode : 'load' 'store'> <Ports = 2> <Width = 4> <Depth = 8> <RAM>
ST_1 : Operation 588 [1/1] (2.32ns)   --->   "%store_ln168 = store i4 %select_ln167_56, i3 %buf_V_56_addr" [/home/miguel_tfg/FINN-v0.9-Stable/deps/finn-hlslib/maxpool.h:168]   --->   Operation 588 'store' 'store_ln168' <Predicate = (!icmp_ln158 & icmp_ln158_1)> <Delay = 2.32> <CoreInst = "RAM">   --->   Core 82 'RAM' <Latency = 1> <II = 1> <Delay = 2.32> <Storage> <Opcode : 'load' 'store'> <Ports = 2> <Width = 4> <Depth = 8> <RAM>
ST_1 : Operation 589 [1/1] (2.32ns)   --->   "%store_ln168 = store i4 %select_ln167_57, i3 %buf_V_57_addr" [/home/miguel_tfg/FINN-v0.9-Stable/deps/finn-hlslib/maxpool.h:168]   --->   Operation 589 'store' 'store_ln168' <Predicate = (!icmp_ln158 & icmp_ln158_1)> <Delay = 2.32> <CoreInst = "RAM">   --->   Core 82 'RAM' <Latency = 1> <II = 1> <Delay = 2.32> <Storage> <Opcode : 'load' 'store'> <Ports = 2> <Width = 4> <Depth = 8> <RAM>
ST_1 : Operation 590 [1/1] (2.32ns)   --->   "%store_ln168 = store i4 %select_ln167_58, i3 %buf_V_58_addr" [/home/miguel_tfg/FINN-v0.9-Stable/deps/finn-hlslib/maxpool.h:168]   --->   Operation 590 'store' 'store_ln168' <Predicate = (!icmp_ln158 & icmp_ln158_1)> <Delay = 2.32> <CoreInst = "RAM">   --->   Core 82 'RAM' <Latency = 1> <II = 1> <Delay = 2.32> <Storage> <Opcode : 'load' 'store'> <Ports = 2> <Width = 4> <Depth = 8> <RAM>
ST_1 : Operation 591 [1/1] (2.32ns)   --->   "%store_ln168 = store i4 %select_ln167_59, i3 %buf_V_59_addr" [/home/miguel_tfg/FINN-v0.9-Stable/deps/finn-hlslib/maxpool.h:168]   --->   Operation 591 'store' 'store_ln168' <Predicate = (!icmp_ln158 & icmp_ln158_1)> <Delay = 2.32> <CoreInst = "RAM">   --->   Core 82 'RAM' <Latency = 1> <II = 1> <Delay = 2.32> <Storage> <Opcode : 'load' 'store'> <Ports = 2> <Width = 4> <Depth = 8> <RAM>
ST_1 : Operation 592 [1/1] (2.32ns)   --->   "%store_ln168 = store i4 %select_ln167_60, i3 %buf_V_60_addr" [/home/miguel_tfg/FINN-v0.9-Stable/deps/finn-hlslib/maxpool.h:168]   --->   Operation 592 'store' 'store_ln168' <Predicate = (!icmp_ln158 & icmp_ln158_1)> <Delay = 2.32> <CoreInst = "RAM">   --->   Core 82 'RAM' <Latency = 1> <II = 1> <Delay = 2.32> <Storage> <Opcode : 'load' 'store'> <Ports = 2> <Width = 4> <Depth = 8> <RAM>
ST_1 : Operation 593 [1/1] (2.32ns)   --->   "%store_ln168 = store i4 %select_ln167_61, i3 %buf_V_61_addr" [/home/miguel_tfg/FINN-v0.9-Stable/deps/finn-hlslib/maxpool.h:168]   --->   Operation 593 'store' 'store_ln168' <Predicate = (!icmp_ln158 & icmp_ln158_1)> <Delay = 2.32> <CoreInst = "RAM">   --->   Core 82 'RAM' <Latency = 1> <II = 1> <Delay = 2.32> <Storage> <Opcode : 'load' 'store'> <Ports = 2> <Width = 4> <Depth = 8> <RAM>
ST_1 : Operation 594 [1/1] (2.32ns)   --->   "%store_ln168 = store i4 %select_ln167_62, i3 %buf_V_62_addr" [/home/miguel_tfg/FINN-v0.9-Stable/deps/finn-hlslib/maxpool.h:168]   --->   Operation 594 'store' 'store_ln168' <Predicate = (!icmp_ln158 & icmp_ln158_1)> <Delay = 2.32> <CoreInst = "RAM">   --->   Core 82 'RAM' <Latency = 1> <II = 1> <Delay = 2.32> <Storage> <Opcode : 'load' 'store'> <Ports = 2> <Width = 4> <Depth = 8> <RAM>
ST_1 : Operation 595 [1/1] (2.32ns)   --->   "%store_ln168 = store i4 %select_ln167_63, i3 %buf_V_63_addr" [/home/miguel_tfg/FINN-v0.9-Stable/deps/finn-hlslib/maxpool.h:168]   --->   Operation 595 'store' 'store_ln168' <Predicate = (!icmp_ln158 & icmp_ln158_1)> <Delay = 2.32> <CoreInst = "RAM">   --->   Core 82 'RAM' <Latency = 1> <II = 1> <Delay = 2.32> <Storage> <Opcode : 'load' 'store'> <Ports = 2> <Width = 4> <Depth = 8> <RAM>
ST_1 : Operation 596 [1/1] (0.00ns)   --->   "%br_ln0 = br void %ifFalse"   --->   Operation 596 'br' 'br_ln0' <Predicate = (!icmp_ln158 & icmp_ln158_1)> <Delay = 0.00>
ST_1 : Operation 597 [1/1] (1.58ns)   --->   "%store_ln167 = store i4 %select_ln167_63, i4 %oldMax_V_63" [/home/miguel_tfg/FINN-v0.9-Stable/deps/finn-hlslib/maxpool.h:167]   --->   Operation 597 'store' 'store_ln167' <Predicate = (!icmp_ln158)> <Delay = 1.58>
ST_1 : Operation 598 [1/1] (1.58ns)   --->   "%store_ln167 = store i4 %select_ln167_62, i4 %oldMax_V_62" [/home/miguel_tfg/FINN-v0.9-Stable/deps/finn-hlslib/maxpool.h:167]   --->   Operation 598 'store' 'store_ln167' <Predicate = (!icmp_ln158)> <Delay = 1.58>
ST_1 : Operation 599 [1/1] (1.58ns)   --->   "%store_ln167 = store i4 %select_ln167_61, i4 %oldMax_V_61" [/home/miguel_tfg/FINN-v0.9-Stable/deps/finn-hlslib/maxpool.h:167]   --->   Operation 599 'store' 'store_ln167' <Predicate = (!icmp_ln158)> <Delay = 1.58>
ST_1 : Operation 600 [1/1] (1.58ns)   --->   "%store_ln167 = store i4 %select_ln167_60, i4 %oldMax_V_60" [/home/miguel_tfg/FINN-v0.9-Stable/deps/finn-hlslib/maxpool.h:167]   --->   Operation 600 'store' 'store_ln167' <Predicate = (!icmp_ln158)> <Delay = 1.58>
ST_1 : Operation 601 [1/1] (1.58ns)   --->   "%store_ln167 = store i4 %select_ln167_59, i4 %oldMax_V_59" [/home/miguel_tfg/FINN-v0.9-Stable/deps/finn-hlslib/maxpool.h:167]   --->   Operation 601 'store' 'store_ln167' <Predicate = (!icmp_ln158)> <Delay = 1.58>
ST_1 : Operation 602 [1/1] (1.58ns)   --->   "%store_ln167 = store i4 %select_ln167_58, i4 %oldMax_V_58" [/home/miguel_tfg/FINN-v0.9-Stable/deps/finn-hlslib/maxpool.h:167]   --->   Operation 602 'store' 'store_ln167' <Predicate = (!icmp_ln158)> <Delay = 1.58>
ST_1 : Operation 603 [1/1] (1.58ns)   --->   "%store_ln167 = store i4 %select_ln167_57, i4 %oldMax_V_57" [/home/miguel_tfg/FINN-v0.9-Stable/deps/finn-hlslib/maxpool.h:167]   --->   Operation 603 'store' 'store_ln167' <Predicate = (!icmp_ln158)> <Delay = 1.58>
ST_1 : Operation 604 [1/1] (1.58ns)   --->   "%store_ln167 = store i4 %select_ln167_56, i4 %oldMax_V_56" [/home/miguel_tfg/FINN-v0.9-Stable/deps/finn-hlslib/maxpool.h:167]   --->   Operation 604 'store' 'store_ln167' <Predicate = (!icmp_ln158)> <Delay = 1.58>
ST_1 : Operation 605 [1/1] (1.58ns)   --->   "%store_ln167 = store i4 %select_ln167_55, i4 %oldMax_V_55" [/home/miguel_tfg/FINN-v0.9-Stable/deps/finn-hlslib/maxpool.h:167]   --->   Operation 605 'store' 'store_ln167' <Predicate = (!icmp_ln158)> <Delay = 1.58>
ST_1 : Operation 606 [1/1] (1.58ns)   --->   "%store_ln167 = store i4 %select_ln167_54, i4 %oldMax_V_54" [/home/miguel_tfg/FINN-v0.9-Stable/deps/finn-hlslib/maxpool.h:167]   --->   Operation 606 'store' 'store_ln167' <Predicate = (!icmp_ln158)> <Delay = 1.58>
ST_1 : Operation 607 [1/1] (1.58ns)   --->   "%store_ln167 = store i4 %select_ln167_53, i4 %oldMax_V_53" [/home/miguel_tfg/FINN-v0.9-Stable/deps/finn-hlslib/maxpool.h:167]   --->   Operation 607 'store' 'store_ln167' <Predicate = (!icmp_ln158)> <Delay = 1.58>
ST_1 : Operation 608 [1/1] (1.58ns)   --->   "%store_ln167 = store i4 %select_ln167_52, i4 %oldMax_V_52" [/home/miguel_tfg/FINN-v0.9-Stable/deps/finn-hlslib/maxpool.h:167]   --->   Operation 608 'store' 'store_ln167' <Predicate = (!icmp_ln158)> <Delay = 1.58>
ST_1 : Operation 609 [1/1] (1.58ns)   --->   "%store_ln167 = store i4 %select_ln167_51, i4 %oldMax_V_51" [/home/miguel_tfg/FINN-v0.9-Stable/deps/finn-hlslib/maxpool.h:167]   --->   Operation 609 'store' 'store_ln167' <Predicate = (!icmp_ln158)> <Delay = 1.58>
ST_1 : Operation 610 [1/1] (1.58ns)   --->   "%store_ln167 = store i4 %select_ln167_50, i4 %oldMax_V_50" [/home/miguel_tfg/FINN-v0.9-Stable/deps/finn-hlslib/maxpool.h:167]   --->   Operation 610 'store' 'store_ln167' <Predicate = (!icmp_ln158)> <Delay = 1.58>
ST_1 : Operation 611 [1/1] (1.58ns)   --->   "%store_ln167 = store i4 %select_ln167_49, i4 %oldMax_V_49" [/home/miguel_tfg/FINN-v0.9-Stable/deps/finn-hlslib/maxpool.h:167]   --->   Operation 611 'store' 'store_ln167' <Predicate = (!icmp_ln158)> <Delay = 1.58>
ST_1 : Operation 612 [1/1] (1.58ns)   --->   "%store_ln167 = store i4 %select_ln167_48, i4 %oldMax_V_48" [/home/miguel_tfg/FINN-v0.9-Stable/deps/finn-hlslib/maxpool.h:167]   --->   Operation 612 'store' 'store_ln167' <Predicate = (!icmp_ln158)> <Delay = 1.58>
ST_1 : Operation 613 [1/1] (1.58ns)   --->   "%store_ln167 = store i4 %select_ln167_47, i4 %oldMax_V_47" [/home/miguel_tfg/FINN-v0.9-Stable/deps/finn-hlslib/maxpool.h:167]   --->   Operation 613 'store' 'store_ln167' <Predicate = (!icmp_ln158)> <Delay = 1.58>
ST_1 : Operation 614 [1/1] (1.58ns)   --->   "%store_ln167 = store i4 %select_ln167_46, i4 %oldMax_V_46" [/home/miguel_tfg/FINN-v0.9-Stable/deps/finn-hlslib/maxpool.h:167]   --->   Operation 614 'store' 'store_ln167' <Predicate = (!icmp_ln158)> <Delay = 1.58>
ST_1 : Operation 615 [1/1] (1.58ns)   --->   "%store_ln167 = store i4 %select_ln167_45, i4 %oldMax_V_45" [/home/miguel_tfg/FINN-v0.9-Stable/deps/finn-hlslib/maxpool.h:167]   --->   Operation 615 'store' 'store_ln167' <Predicate = (!icmp_ln158)> <Delay = 1.58>
ST_1 : Operation 616 [1/1] (1.58ns)   --->   "%store_ln167 = store i4 %select_ln167_44, i4 %oldMax_V_44" [/home/miguel_tfg/FINN-v0.9-Stable/deps/finn-hlslib/maxpool.h:167]   --->   Operation 616 'store' 'store_ln167' <Predicate = (!icmp_ln158)> <Delay = 1.58>
ST_1 : Operation 617 [1/1] (1.58ns)   --->   "%store_ln167 = store i4 %select_ln167_43, i4 %oldMax_V_43" [/home/miguel_tfg/FINN-v0.9-Stable/deps/finn-hlslib/maxpool.h:167]   --->   Operation 617 'store' 'store_ln167' <Predicate = (!icmp_ln158)> <Delay = 1.58>
ST_1 : Operation 618 [1/1] (1.58ns)   --->   "%store_ln167 = store i4 %select_ln167_42, i4 %oldMax_V_42" [/home/miguel_tfg/FINN-v0.9-Stable/deps/finn-hlslib/maxpool.h:167]   --->   Operation 618 'store' 'store_ln167' <Predicate = (!icmp_ln158)> <Delay = 1.58>
ST_1 : Operation 619 [1/1] (1.58ns)   --->   "%store_ln167 = store i4 %select_ln167_41, i4 %oldMax_V_41" [/home/miguel_tfg/FINN-v0.9-Stable/deps/finn-hlslib/maxpool.h:167]   --->   Operation 619 'store' 'store_ln167' <Predicate = (!icmp_ln158)> <Delay = 1.58>
ST_1 : Operation 620 [1/1] (1.58ns)   --->   "%store_ln167 = store i4 %select_ln167_40, i4 %oldMax_V_40" [/home/miguel_tfg/FINN-v0.9-Stable/deps/finn-hlslib/maxpool.h:167]   --->   Operation 620 'store' 'store_ln167' <Predicate = (!icmp_ln158)> <Delay = 1.58>
ST_1 : Operation 621 [1/1] (1.58ns)   --->   "%store_ln167 = store i4 %select_ln167_39, i4 %oldMax_V_39" [/home/miguel_tfg/FINN-v0.9-Stable/deps/finn-hlslib/maxpool.h:167]   --->   Operation 621 'store' 'store_ln167' <Predicate = (!icmp_ln158)> <Delay = 1.58>
ST_1 : Operation 622 [1/1] (1.58ns)   --->   "%store_ln167 = store i4 %select_ln167_38, i4 %oldMax_V_38" [/home/miguel_tfg/FINN-v0.9-Stable/deps/finn-hlslib/maxpool.h:167]   --->   Operation 622 'store' 'store_ln167' <Predicate = (!icmp_ln158)> <Delay = 1.58>
ST_1 : Operation 623 [1/1] (1.58ns)   --->   "%store_ln167 = store i4 %select_ln167_37, i4 %oldMax_V_37" [/home/miguel_tfg/FINN-v0.9-Stable/deps/finn-hlslib/maxpool.h:167]   --->   Operation 623 'store' 'store_ln167' <Predicate = (!icmp_ln158)> <Delay = 1.58>
ST_1 : Operation 624 [1/1] (1.58ns)   --->   "%store_ln167 = store i4 %select_ln167_36, i4 %oldMax_V_36" [/home/miguel_tfg/FINN-v0.9-Stable/deps/finn-hlslib/maxpool.h:167]   --->   Operation 624 'store' 'store_ln167' <Predicate = (!icmp_ln158)> <Delay = 1.58>
ST_1 : Operation 625 [1/1] (1.58ns)   --->   "%store_ln167 = store i4 %select_ln167_35, i4 %oldMax_V_35" [/home/miguel_tfg/FINN-v0.9-Stable/deps/finn-hlslib/maxpool.h:167]   --->   Operation 625 'store' 'store_ln167' <Predicate = (!icmp_ln158)> <Delay = 1.58>
ST_1 : Operation 626 [1/1] (1.58ns)   --->   "%store_ln167 = store i4 %select_ln167_34, i4 %oldMax_V_34" [/home/miguel_tfg/FINN-v0.9-Stable/deps/finn-hlslib/maxpool.h:167]   --->   Operation 626 'store' 'store_ln167' <Predicate = (!icmp_ln158)> <Delay = 1.58>
ST_1 : Operation 627 [1/1] (1.58ns)   --->   "%store_ln167 = store i4 %select_ln167_33, i4 %oldMax_V_33" [/home/miguel_tfg/FINN-v0.9-Stable/deps/finn-hlslib/maxpool.h:167]   --->   Operation 627 'store' 'store_ln167' <Predicate = (!icmp_ln158)> <Delay = 1.58>
ST_1 : Operation 628 [1/1] (1.58ns)   --->   "%store_ln167 = store i4 %select_ln167_32, i4 %oldMax_V_32" [/home/miguel_tfg/FINN-v0.9-Stable/deps/finn-hlslib/maxpool.h:167]   --->   Operation 628 'store' 'store_ln167' <Predicate = (!icmp_ln158)> <Delay = 1.58>
ST_1 : Operation 629 [1/1] (1.58ns)   --->   "%store_ln167 = store i4 %select_ln167_31, i4 %oldMax_V_31" [/home/miguel_tfg/FINN-v0.9-Stable/deps/finn-hlslib/maxpool.h:167]   --->   Operation 629 'store' 'store_ln167' <Predicate = (!icmp_ln158)> <Delay = 1.58>
ST_1 : Operation 630 [1/1] (1.58ns)   --->   "%store_ln167 = store i4 %select_ln167_30, i4 %oldMax_V_30" [/home/miguel_tfg/FINN-v0.9-Stable/deps/finn-hlslib/maxpool.h:167]   --->   Operation 630 'store' 'store_ln167' <Predicate = (!icmp_ln158)> <Delay = 1.58>
ST_1 : Operation 631 [1/1] (1.58ns)   --->   "%store_ln167 = store i4 %select_ln167_29, i4 %oldMax_V_29" [/home/miguel_tfg/FINN-v0.9-Stable/deps/finn-hlslib/maxpool.h:167]   --->   Operation 631 'store' 'store_ln167' <Predicate = (!icmp_ln158)> <Delay = 1.58>
ST_1 : Operation 632 [1/1] (1.58ns)   --->   "%store_ln167 = store i4 %select_ln167_28, i4 %oldMax_V_28" [/home/miguel_tfg/FINN-v0.9-Stable/deps/finn-hlslib/maxpool.h:167]   --->   Operation 632 'store' 'store_ln167' <Predicate = (!icmp_ln158)> <Delay = 1.58>
ST_1 : Operation 633 [1/1] (1.58ns)   --->   "%store_ln167 = store i4 %select_ln167_27, i4 %oldMax_V_27" [/home/miguel_tfg/FINN-v0.9-Stable/deps/finn-hlslib/maxpool.h:167]   --->   Operation 633 'store' 'store_ln167' <Predicate = (!icmp_ln158)> <Delay = 1.58>
ST_1 : Operation 634 [1/1] (1.58ns)   --->   "%store_ln167 = store i4 %select_ln167_26, i4 %oldMax_V_26" [/home/miguel_tfg/FINN-v0.9-Stable/deps/finn-hlslib/maxpool.h:167]   --->   Operation 634 'store' 'store_ln167' <Predicate = (!icmp_ln158)> <Delay = 1.58>
ST_1 : Operation 635 [1/1] (1.58ns)   --->   "%store_ln167 = store i4 %select_ln167_25, i4 %oldMax_V_25" [/home/miguel_tfg/FINN-v0.9-Stable/deps/finn-hlslib/maxpool.h:167]   --->   Operation 635 'store' 'store_ln167' <Predicate = (!icmp_ln158)> <Delay = 1.58>
ST_1 : Operation 636 [1/1] (1.58ns)   --->   "%store_ln167 = store i4 %select_ln167_24, i4 %oldMax_V_24" [/home/miguel_tfg/FINN-v0.9-Stable/deps/finn-hlslib/maxpool.h:167]   --->   Operation 636 'store' 'store_ln167' <Predicate = (!icmp_ln158)> <Delay = 1.58>
ST_1 : Operation 637 [1/1] (1.58ns)   --->   "%store_ln167 = store i4 %select_ln167_23, i4 %oldMax_V_23" [/home/miguel_tfg/FINN-v0.9-Stable/deps/finn-hlslib/maxpool.h:167]   --->   Operation 637 'store' 'store_ln167' <Predicate = (!icmp_ln158)> <Delay = 1.58>
ST_1 : Operation 638 [1/1] (1.58ns)   --->   "%store_ln167 = store i4 %select_ln167_22, i4 %oldMax_V_22" [/home/miguel_tfg/FINN-v0.9-Stable/deps/finn-hlslib/maxpool.h:167]   --->   Operation 638 'store' 'store_ln167' <Predicate = (!icmp_ln158)> <Delay = 1.58>
ST_1 : Operation 639 [1/1] (1.58ns)   --->   "%store_ln167 = store i4 %select_ln167_21, i4 %oldMax_V_21" [/home/miguel_tfg/FINN-v0.9-Stable/deps/finn-hlslib/maxpool.h:167]   --->   Operation 639 'store' 'store_ln167' <Predicate = (!icmp_ln158)> <Delay = 1.58>
ST_1 : Operation 640 [1/1] (1.58ns)   --->   "%store_ln167 = store i4 %select_ln167_20, i4 %oldMax_V_20" [/home/miguel_tfg/FINN-v0.9-Stable/deps/finn-hlslib/maxpool.h:167]   --->   Operation 640 'store' 'store_ln167' <Predicate = (!icmp_ln158)> <Delay = 1.58>
ST_1 : Operation 641 [1/1] (1.58ns)   --->   "%store_ln167 = store i4 %select_ln167_19, i4 %oldMax_V_19" [/home/miguel_tfg/FINN-v0.9-Stable/deps/finn-hlslib/maxpool.h:167]   --->   Operation 641 'store' 'store_ln167' <Predicate = (!icmp_ln158)> <Delay = 1.58>
ST_1 : Operation 642 [1/1] (1.58ns)   --->   "%store_ln167 = store i4 %select_ln167_18, i4 %oldMax_V_18" [/home/miguel_tfg/FINN-v0.9-Stable/deps/finn-hlslib/maxpool.h:167]   --->   Operation 642 'store' 'store_ln167' <Predicate = (!icmp_ln158)> <Delay = 1.58>
ST_1 : Operation 643 [1/1] (1.58ns)   --->   "%store_ln167 = store i4 %select_ln167_17, i4 %oldMax_V_17" [/home/miguel_tfg/FINN-v0.9-Stable/deps/finn-hlslib/maxpool.h:167]   --->   Operation 643 'store' 'store_ln167' <Predicate = (!icmp_ln158)> <Delay = 1.58>
ST_1 : Operation 644 [1/1] (1.58ns)   --->   "%store_ln167 = store i4 %select_ln167_16, i4 %oldMax_V_16" [/home/miguel_tfg/FINN-v0.9-Stable/deps/finn-hlslib/maxpool.h:167]   --->   Operation 644 'store' 'store_ln167' <Predicate = (!icmp_ln158)> <Delay = 1.58>
ST_1 : Operation 645 [1/1] (1.58ns)   --->   "%store_ln167 = store i4 %select_ln167_15, i4 %oldMax_V_15" [/home/miguel_tfg/FINN-v0.9-Stable/deps/finn-hlslib/maxpool.h:167]   --->   Operation 645 'store' 'store_ln167' <Predicate = (!icmp_ln158)> <Delay = 1.58>
ST_1 : Operation 646 [1/1] (1.58ns)   --->   "%store_ln167 = store i4 %select_ln167_14, i4 %oldMax_V_14" [/home/miguel_tfg/FINN-v0.9-Stable/deps/finn-hlslib/maxpool.h:167]   --->   Operation 646 'store' 'store_ln167' <Predicate = (!icmp_ln158)> <Delay = 1.58>
ST_1 : Operation 647 [1/1] (1.58ns)   --->   "%store_ln167 = store i4 %select_ln167_13, i4 %oldMax_V_13" [/home/miguel_tfg/FINN-v0.9-Stable/deps/finn-hlslib/maxpool.h:167]   --->   Operation 647 'store' 'store_ln167' <Predicate = (!icmp_ln158)> <Delay = 1.58>
ST_1 : Operation 648 [1/1] (1.58ns)   --->   "%store_ln167 = store i4 %select_ln167_12, i4 %oldMax_V_12" [/home/miguel_tfg/FINN-v0.9-Stable/deps/finn-hlslib/maxpool.h:167]   --->   Operation 648 'store' 'store_ln167' <Predicate = (!icmp_ln158)> <Delay = 1.58>
ST_1 : Operation 649 [1/1] (1.58ns)   --->   "%store_ln167 = store i4 %select_ln167_11, i4 %oldMax_V_11" [/home/miguel_tfg/FINN-v0.9-Stable/deps/finn-hlslib/maxpool.h:167]   --->   Operation 649 'store' 'store_ln167' <Predicate = (!icmp_ln158)> <Delay = 1.58>
ST_1 : Operation 650 [1/1] (1.58ns)   --->   "%store_ln167 = store i4 %select_ln167_10, i4 %oldMax_V_10" [/home/miguel_tfg/FINN-v0.9-Stable/deps/finn-hlslib/maxpool.h:167]   --->   Operation 650 'store' 'store_ln167' <Predicate = (!icmp_ln158)> <Delay = 1.58>
ST_1 : Operation 651 [1/1] (1.58ns)   --->   "%store_ln167 = store i4 %select_ln167_9, i4 %oldMax_V_9" [/home/miguel_tfg/FINN-v0.9-Stable/deps/finn-hlslib/maxpool.h:167]   --->   Operation 651 'store' 'store_ln167' <Predicate = (!icmp_ln158)> <Delay = 1.58>
ST_1 : Operation 652 [1/1] (1.58ns)   --->   "%store_ln167 = store i4 %select_ln167_8, i4 %oldMax_V_8" [/home/miguel_tfg/FINN-v0.9-Stable/deps/finn-hlslib/maxpool.h:167]   --->   Operation 652 'store' 'store_ln167' <Predicate = (!icmp_ln158)> <Delay = 1.58>
ST_1 : Operation 653 [1/1] (1.58ns)   --->   "%store_ln167 = store i4 %select_ln167_7, i4 %oldMax_V_7" [/home/miguel_tfg/FINN-v0.9-Stable/deps/finn-hlslib/maxpool.h:167]   --->   Operation 653 'store' 'store_ln167' <Predicate = (!icmp_ln158)> <Delay = 1.58>
ST_1 : Operation 654 [1/1] (1.58ns)   --->   "%store_ln167 = store i4 %select_ln167_6, i4 %oldMax_V_6" [/home/miguel_tfg/FINN-v0.9-Stable/deps/finn-hlslib/maxpool.h:167]   --->   Operation 654 'store' 'store_ln167' <Predicate = (!icmp_ln158)> <Delay = 1.58>
ST_1 : Operation 655 [1/1] (1.58ns)   --->   "%store_ln167 = store i4 %select_ln167_5, i4 %oldMax_V_5" [/home/miguel_tfg/FINN-v0.9-Stable/deps/finn-hlslib/maxpool.h:167]   --->   Operation 655 'store' 'store_ln167' <Predicate = (!icmp_ln158)> <Delay = 1.58>
ST_1 : Operation 656 [1/1] (1.58ns)   --->   "%store_ln167 = store i4 %select_ln167_4, i4 %oldMax_V_4" [/home/miguel_tfg/FINN-v0.9-Stable/deps/finn-hlslib/maxpool.h:167]   --->   Operation 656 'store' 'store_ln167' <Predicate = (!icmp_ln158)> <Delay = 1.58>
ST_1 : Operation 657 [1/1] (1.58ns)   --->   "%store_ln167 = store i4 %select_ln167_3, i4 %oldMax_V_3" [/home/miguel_tfg/FINN-v0.9-Stable/deps/finn-hlslib/maxpool.h:167]   --->   Operation 657 'store' 'store_ln167' <Predicate = (!icmp_ln158)> <Delay = 1.58>
ST_1 : Operation 658 [1/1] (1.58ns)   --->   "%store_ln167 = store i4 %select_ln167_2, i4 %oldMax_V_2" [/home/miguel_tfg/FINN-v0.9-Stable/deps/finn-hlslib/maxpool.h:167]   --->   Operation 658 'store' 'store_ln167' <Predicate = (!icmp_ln158)> <Delay = 1.58>
ST_1 : Operation 659 [1/1] (1.58ns)   --->   "%store_ln167 = store i4 %select_ln167_1, i4 %oldMax_V_1" [/home/miguel_tfg/FINN-v0.9-Stable/deps/finn-hlslib/maxpool.h:167]   --->   Operation 659 'store' 'store_ln167' <Predicate = (!icmp_ln158)> <Delay = 1.58>
ST_1 : Operation 660 [1/1] (1.58ns)   --->   "%store_ln167 = store i4 %select_ln167, i4 %oldMax_V" [/home/miguel_tfg/FINN-v0.9-Stable/deps/finn-hlslib/maxpool.h:167]   --->   Operation 660 'store' 'store_ln167' <Predicate = (!icmp_ln158)> <Delay = 1.58>
ST_1 : Operation 661 [1/1] (1.58ns)   --->   "%store_ln158 = store i2 %kx_2, i2 %kx" [/home/miguel_tfg/FINN-v0.9-Stable/deps/finn-hlslib/maxpool.h:158]   --->   Operation 661 'store' 'store_ln158' <Predicate = (!icmp_ln158)> <Delay = 1.58>
ST_1 : Operation 662 [1/1] (0.00ns)   --->   "%br_ln0 = br void %for.body39"   --->   Operation 662 'br' 'br_ln0' <Predicate = (!icmp_ln158)> <Delay = 0.00>
ST_1 : Operation 663 [1/1] (0.00ns)   --->   "%ret_ln0 = ret"   --->   Operation 663 'ret' 'ret_ln0' <Predicate = (icmp_ln158)> <Delay = 0.00>


============================================================
+ Verbose Summary: Binding
============================================================
STG Binding: 
---------------- STG Properties BEGIN ----------------
- Is combinational: 0
- Is one-state seq: 0
- Is datapath-only: 0
- Is pipelined: 0
- Is top level: 0
Port [ Return ] is wired: 1; IO mode=ap_ctrl_hs:ce=0
Port [ buf_V_63_load_1]:  wired=1; compound=0; hidden=0; nouse=0; global=0; static=0; extern=0; dir=0; type=0; pingpong=0; private_global=0; IO mode=ap_none:ce=0
Port [ buf_V_62_load_1]:  wired=1; compound=0; hidden=0; nouse=0; global=0; static=0; extern=0; dir=0; type=0; pingpong=0; private_global=0; IO mode=ap_none:ce=0
Port [ buf_V_61_load_1]:  wired=1; compound=0; hidden=0; nouse=0; global=0; static=0; extern=0; dir=0; type=0; pingpong=0; private_global=0; IO mode=ap_none:ce=0
Port [ buf_V_60_load_1]:  wired=1; compound=0; hidden=0; nouse=0; global=0; static=0; extern=0; dir=0; type=0; pingpong=0; private_global=0; IO mode=ap_none:ce=0
Port [ buf_V_59_load_1]:  wired=1; compound=0; hidden=0; nouse=0; global=0; static=0; extern=0; dir=0; type=0; pingpong=0; private_global=0; IO mode=ap_none:ce=0
Port [ buf_V_58_load_1]:  wired=1; compound=0; hidden=0; nouse=0; global=0; static=0; extern=0; dir=0; type=0; pingpong=0; private_global=0; IO mode=ap_none:ce=0
Port [ buf_V_57_load_1]:  wired=1; compound=0; hidden=0; nouse=0; global=0; static=0; extern=0; dir=0; type=0; pingpong=0; private_global=0; IO mode=ap_none:ce=0
Port [ buf_V_56_load_1]:  wired=1; compound=0; hidden=0; nouse=0; global=0; static=0; extern=0; dir=0; type=0; pingpong=0; private_global=0; IO mode=ap_none:ce=0
Port [ buf_V_55_load_1]:  wired=1; compound=0; hidden=0; nouse=0; global=0; static=0; extern=0; dir=0; type=0; pingpong=0; private_global=0; IO mode=ap_none:ce=0
Port [ buf_V_54_load_1]:  wired=1; compound=0; hidden=0; nouse=0; global=0; static=0; extern=0; dir=0; type=0; pingpong=0; private_global=0; IO mode=ap_none:ce=0
Port [ buf_V_53_load_1]:  wired=1; compound=0; hidden=0; nouse=0; global=0; static=0; extern=0; dir=0; type=0; pingpong=0; private_global=0; IO mode=ap_none:ce=0
Port [ buf_V_52_load_1]:  wired=1; compound=0; hidden=0; nouse=0; global=0; static=0; extern=0; dir=0; type=0; pingpong=0; private_global=0; IO mode=ap_none:ce=0
Port [ buf_V_51_load_1]:  wired=1; compound=0; hidden=0; nouse=0; global=0; static=0; extern=0; dir=0; type=0; pingpong=0; private_global=0; IO mode=ap_none:ce=0
Port [ buf_V_50_load_1]:  wired=1; compound=0; hidden=0; nouse=0; global=0; static=0; extern=0; dir=0; type=0; pingpong=0; private_global=0; IO mode=ap_none:ce=0
Port [ buf_V_49_load_1]:  wired=1; compound=0; hidden=0; nouse=0; global=0; static=0; extern=0; dir=0; type=0; pingpong=0; private_global=0; IO mode=ap_none:ce=0
Port [ buf_V_48_load_1]:  wired=1; compound=0; hidden=0; nouse=0; global=0; static=0; extern=0; dir=0; type=0; pingpong=0; private_global=0; IO mode=ap_none:ce=0
Port [ buf_V_47_load_1]:  wired=1; compound=0; hidden=0; nouse=0; global=0; static=0; extern=0; dir=0; type=0; pingpong=0; private_global=0; IO mode=ap_none:ce=0
Port [ buf_V_46_load_1]:  wired=1; compound=0; hidden=0; nouse=0; global=0; static=0; extern=0; dir=0; type=0; pingpong=0; private_global=0; IO mode=ap_none:ce=0
Port [ buf_V_45_load_1]:  wired=1; compound=0; hidden=0; nouse=0; global=0; static=0; extern=0; dir=0; type=0; pingpong=0; private_global=0; IO mode=ap_none:ce=0
Port [ buf_V_44_load_1]:  wired=1; compound=0; hidden=0; nouse=0; global=0; static=0; extern=0; dir=0; type=0; pingpong=0; private_global=0; IO mode=ap_none:ce=0
Port [ buf_V_43_load_1]:  wired=1; compound=0; hidden=0; nouse=0; global=0; static=0; extern=0; dir=0; type=0; pingpong=0; private_global=0; IO mode=ap_none:ce=0
Port [ buf_V_42_load_1]:  wired=1; compound=0; hidden=0; nouse=0; global=0; static=0; extern=0; dir=0; type=0; pingpong=0; private_global=0; IO mode=ap_none:ce=0
Port [ buf_V_41_load_1]:  wired=1; compound=0; hidden=0; nouse=0; global=0; static=0; extern=0; dir=0; type=0; pingpong=0; private_global=0; IO mode=ap_none:ce=0
Port [ buf_V_40_load_1]:  wired=1; compound=0; hidden=0; nouse=0; global=0; static=0; extern=0; dir=0; type=0; pingpong=0; private_global=0; IO mode=ap_none:ce=0
Port [ buf_V_39_load_1]:  wired=1; compound=0; hidden=0; nouse=0; global=0; static=0; extern=0; dir=0; type=0; pingpong=0; private_global=0; IO mode=ap_none:ce=0
Port [ buf_V_38_load_1]:  wired=1; compound=0; hidden=0; nouse=0; global=0; static=0; extern=0; dir=0; type=0; pingpong=0; private_global=0; IO mode=ap_none:ce=0
Port [ buf_V_37_load_1]:  wired=1; compound=0; hidden=0; nouse=0; global=0; static=0; extern=0; dir=0; type=0; pingpong=0; private_global=0; IO mode=ap_none:ce=0
Port [ buf_V_36_load_1]:  wired=1; compound=0; hidden=0; nouse=0; global=0; static=0; extern=0; dir=0; type=0; pingpong=0; private_global=0; IO mode=ap_none:ce=0
Port [ buf_V_35_load_1]:  wired=1; compound=0; hidden=0; nouse=0; global=0; static=0; extern=0; dir=0; type=0; pingpong=0; private_global=0; IO mode=ap_none:ce=0
Port [ buf_V_34_load_1]:  wired=1; compound=0; hidden=0; nouse=0; global=0; static=0; extern=0; dir=0; type=0; pingpong=0; private_global=0; IO mode=ap_none:ce=0
Port [ buf_V_33_load_1]:  wired=1; compound=0; hidden=0; nouse=0; global=0; static=0; extern=0; dir=0; type=0; pingpong=0; private_global=0; IO mode=ap_none:ce=0
Port [ buf_V_32_load_1]:  wired=1; compound=0; hidden=0; nouse=0; global=0; static=0; extern=0; dir=0; type=0; pingpong=0; private_global=0; IO mode=ap_none:ce=0
Port [ buf_V_31_load_1]:  wired=1; compound=0; hidden=0; nouse=0; global=0; static=0; extern=0; dir=0; type=0; pingpong=0; private_global=0; IO mode=ap_none:ce=0
Port [ buf_V_30_load_1]:  wired=1; compound=0; hidden=0; nouse=0; global=0; static=0; extern=0; dir=0; type=0; pingpong=0; private_global=0; IO mode=ap_none:ce=0
Port [ buf_V_29_load_1]:  wired=1; compound=0; hidden=0; nouse=0; global=0; static=0; extern=0; dir=0; type=0; pingpong=0; private_global=0; IO mode=ap_none:ce=0
Port [ buf_V_28_load_1]:  wired=1; compound=0; hidden=0; nouse=0; global=0; static=0; extern=0; dir=0; type=0; pingpong=0; private_global=0; IO mode=ap_none:ce=0
Port [ buf_V_27_load_1]:  wired=1; compound=0; hidden=0; nouse=0; global=0; static=0; extern=0; dir=0; type=0; pingpong=0; private_global=0; IO mode=ap_none:ce=0
Port [ buf_V_26_load_1]:  wired=1; compound=0; hidden=0; nouse=0; global=0; static=0; extern=0; dir=0; type=0; pingpong=0; private_global=0; IO mode=ap_none:ce=0
Port [ buf_V_25_load_1]:  wired=1; compound=0; hidden=0; nouse=0; global=0; static=0; extern=0; dir=0; type=0; pingpong=0; private_global=0; IO mode=ap_none:ce=0
Port [ buf_V_24_load_1]:  wired=1; compound=0; hidden=0; nouse=0; global=0; static=0; extern=0; dir=0; type=0; pingpong=0; private_global=0; IO mode=ap_none:ce=0
Port [ buf_V_23_load_1]:  wired=1; compound=0; hidden=0; nouse=0; global=0; static=0; extern=0; dir=0; type=0; pingpong=0; private_global=0; IO mode=ap_none:ce=0
Port [ buf_V_22_load_1]:  wired=1; compound=0; hidden=0; nouse=0; global=0; static=0; extern=0; dir=0; type=0; pingpong=0; private_global=0; IO mode=ap_none:ce=0
Port [ buf_V_21_load_1]:  wired=1; compound=0; hidden=0; nouse=0; global=0; static=0; extern=0; dir=0; type=0; pingpong=0; private_global=0; IO mode=ap_none:ce=0
Port [ buf_V_20_load_1]:  wired=1; compound=0; hidden=0; nouse=0; global=0; static=0; extern=0; dir=0; type=0; pingpong=0; private_global=0; IO mode=ap_none:ce=0
Port [ buf_V_19_load_1]:  wired=1; compound=0; hidden=0; nouse=0; global=0; static=0; extern=0; dir=0; type=0; pingpong=0; private_global=0; IO mode=ap_none:ce=0
Port [ buf_V_18_load_1]:  wired=1; compound=0; hidden=0; nouse=0; global=0; static=0; extern=0; dir=0; type=0; pingpong=0; private_global=0; IO mode=ap_none:ce=0
Port [ buf_V_17_load_1]:  wired=1; compound=0; hidden=0; nouse=0; global=0; static=0; extern=0; dir=0; type=0; pingpong=0; private_global=0; IO mode=ap_none:ce=0
Port [ buf_V_16_load_1]:  wired=1; compound=0; hidden=0; nouse=0; global=0; static=0; extern=0; dir=0; type=0; pingpong=0; private_global=0; IO mode=ap_none:ce=0
Port [ buf_V_15_load_1]:  wired=1; compound=0; hidden=0; nouse=0; global=0; static=0; extern=0; dir=0; type=0; pingpong=0; private_global=0; IO mode=ap_none:ce=0
Port [ buf_V_14_load_1]:  wired=1; compound=0; hidden=0; nouse=0; global=0; static=0; extern=0; dir=0; type=0; pingpong=0; private_global=0; IO mode=ap_none:ce=0
Port [ buf_V_13_load_1]:  wired=1; compound=0; hidden=0; nouse=0; global=0; static=0; extern=0; dir=0; type=0; pingpong=0; private_global=0; IO mode=ap_none:ce=0
Port [ buf_V_12_load_1]:  wired=1; compound=0; hidden=0; nouse=0; global=0; static=0; extern=0; dir=0; type=0; pingpong=0; private_global=0; IO mode=ap_none:ce=0
Port [ buf_V_11_load_1]:  wired=1; compound=0; hidden=0; nouse=0; global=0; static=0; extern=0; dir=0; type=0; pingpong=0; private_global=0; IO mode=ap_none:ce=0
Port [ buf_V_10_load_1]:  wired=1; compound=0; hidden=0; nouse=0; global=0; static=0; extern=0; dir=0; type=0; pingpong=0; private_global=0; IO mode=ap_none:ce=0
Port [ buf_V_9_load_1]:  wired=1; compound=0; hidden=0; nouse=0; global=0; static=0; extern=0; dir=0; type=0; pingpong=0; private_global=0; IO mode=ap_none:ce=0
Port [ buf_V_8_load_1]:  wired=1; compound=0; hidden=0; nouse=0; global=0; static=0; extern=0; dir=0; type=0; pingpong=0; private_global=0; IO mode=ap_none:ce=0
Port [ buf_V_7_load_1]:  wired=1; compound=0; hidden=0; nouse=0; global=0; static=0; extern=0; dir=0; type=0; pingpong=0; private_global=0; IO mode=ap_none:ce=0
Port [ buf_V_6_load_1]:  wired=1; compound=0; hidden=0; nouse=0; global=0; static=0; extern=0; dir=0; type=0; pingpong=0; private_global=0; IO mode=ap_none:ce=0
Port [ buf_V_5_load_1]:  wired=1; compound=0; hidden=0; nouse=0; global=0; static=0; extern=0; dir=0; type=0; pingpong=0; private_global=0; IO mode=ap_none:ce=0
Port [ buf_V_4_load_1]:  wired=1; compound=0; hidden=0; nouse=0; global=0; static=0; extern=0; dir=0; type=0; pingpong=0; private_global=0; IO mode=ap_none:ce=0
Port [ buf_V_3_load_1]:  wired=1; compound=0; hidden=0; nouse=0; global=0; static=0; extern=0; dir=0; type=0; pingpong=0; private_global=0; IO mode=ap_none:ce=0
Port [ buf_V_2_load_1]:  wired=1; compound=0; hidden=0; nouse=0; global=0; static=0; extern=0; dir=0; type=0; pingpong=0; private_global=0; IO mode=ap_none:ce=0
Port [ buf_V_1_load_1]:  wired=1; compound=0; hidden=0; nouse=0; global=0; static=0; extern=0; dir=0; type=0; pingpong=0; private_global=0; IO mode=ap_none:ce=0
Port [ buf_V_load_1]:  wired=1; compound=0; hidden=0; nouse=0; global=0; static=0; extern=0; dir=0; type=0; pingpong=0; private_global=0; IO mode=ap_none:ce=0
Port [ buf_V_63]:  wired=1; compound=1; hidden=0; nouse=0; global=0; static=0; extern=0; dir=1; type=1; pingpong=0; private_global=0; MemPort=[03]; IO mode=ap_memory:ce=0
Port [ zext_ln156]:  wired=1; compound=0; hidden=0; nouse=0; global=0; static=0; extern=0; dir=0; type=0; pingpong=0; private_global=0; IO mode=ap_none:ce=0
Port [ buf_V_62]:  wired=1; compound=1; hidden=0; nouse=0; global=0; static=0; extern=0; dir=1; type=1; pingpong=0; private_global=0; MemPort=[03]; IO mode=ap_memory:ce=0
Port [ buf_V_61]:  wired=1; compound=1; hidden=0; nouse=0; global=0; static=0; extern=0; dir=1; type=1; pingpong=0; private_global=0; MemPort=[03]; IO mode=ap_memory:ce=0
Port [ buf_V_60]:  wired=1; compound=1; hidden=0; nouse=0; global=0; static=0; extern=0; dir=1; type=1; pingpong=0; private_global=0; MemPort=[03]; IO mode=ap_memory:ce=0
Port [ buf_V_59]:  wired=1; compound=1; hidden=0; nouse=0; global=0; static=0; extern=0; dir=1; type=1; pingpong=0; private_global=0; MemPort=[03]; IO mode=ap_memory:ce=0
Port [ buf_V_58]:  wired=1; compound=1; hidden=0; nouse=0; global=0; static=0; extern=0; dir=1; type=1; pingpong=0; private_global=0; MemPort=[03]; IO mode=ap_memory:ce=0
Port [ buf_V_57]:  wired=1; compound=1; hidden=0; nouse=0; global=0; static=0; extern=0; dir=1; type=1; pingpong=0; private_global=0; MemPort=[03]; IO mode=ap_memory:ce=0
Port [ buf_V_56]:  wired=1; compound=1; hidden=0; nouse=0; global=0; static=0; extern=0; dir=1; type=1; pingpong=0; private_global=0; MemPort=[03]; IO mode=ap_memory:ce=0
Port [ buf_V_55]:  wired=1; compound=1; hidden=0; nouse=0; global=0; static=0; extern=0; dir=1; type=1; pingpong=0; private_global=0; MemPort=[03]; IO mode=ap_memory:ce=0
Port [ buf_V_54]:  wired=1; compound=1; hidden=0; nouse=0; global=0; static=0; extern=0; dir=1; type=1; pingpong=0; private_global=0; MemPort=[03]; IO mode=ap_memory:ce=0
Port [ buf_V_53]:  wired=1; compound=1; hidden=0; nouse=0; global=0; static=0; extern=0; dir=1; type=1; pingpong=0; private_global=0; MemPort=[03]; IO mode=ap_memory:ce=0
Port [ buf_V_52]:  wired=1; compound=1; hidden=0; nouse=0; global=0; static=0; extern=0; dir=1; type=1; pingpong=0; private_global=0; MemPort=[03]; IO mode=ap_memory:ce=0
Port [ buf_V_51]:  wired=1; compound=1; hidden=0; nouse=0; global=0; static=0; extern=0; dir=1; type=1; pingpong=0; private_global=0; MemPort=[03]; IO mode=ap_memory:ce=0
Port [ buf_V_50]:  wired=1; compound=1; hidden=0; nouse=0; global=0; static=0; extern=0; dir=1; type=1; pingpong=0; private_global=0; MemPort=[03]; IO mode=ap_memory:ce=0
Port [ buf_V_49]:  wired=1; compound=1; hidden=0; nouse=0; global=0; static=0; extern=0; dir=1; type=1; pingpong=0; private_global=0; MemPort=[03]; IO mode=ap_memory:ce=0
Port [ buf_V_48]:  wired=1; compound=1; hidden=0; nouse=0; global=0; static=0; extern=0; dir=1; type=1; pingpong=0; private_global=0; MemPort=[03]; IO mode=ap_memory:ce=0
Port [ buf_V_47]:  wired=1; compound=1; hidden=0; nouse=0; global=0; static=0; extern=0; dir=1; type=1; pingpong=0; private_global=0; MemPort=[03]; IO mode=ap_memory:ce=0
Port [ buf_V_46]:  wired=1; compound=1; hidden=0; nouse=0; global=0; static=0; extern=0; dir=1; type=1; pingpong=0; private_global=0; MemPort=[03]; IO mode=ap_memory:ce=0
Port [ buf_V_45]:  wired=1; compound=1; hidden=0; nouse=0; global=0; static=0; extern=0; dir=1; type=1; pingpong=0; private_global=0; MemPort=[03]; IO mode=ap_memory:ce=0
Port [ buf_V_44]:  wired=1; compound=1; hidden=0; nouse=0; global=0; static=0; extern=0; dir=1; type=1; pingpong=0; private_global=0; MemPort=[03]; IO mode=ap_memory:ce=0
Port [ buf_V_43]:  wired=1; compound=1; hidden=0; nouse=0; global=0; static=0; extern=0; dir=1; type=1; pingpong=0; private_global=0; MemPort=[03]; IO mode=ap_memory:ce=0
Port [ buf_V_42]:  wired=1; compound=1; hidden=0; nouse=0; global=0; static=0; extern=0; dir=1; type=1; pingpong=0; private_global=0; MemPort=[03]; IO mode=ap_memory:ce=0
Port [ buf_V_41]:  wired=1; compound=1; hidden=0; nouse=0; global=0; static=0; extern=0; dir=1; type=1; pingpong=0; private_global=0; MemPort=[03]; IO mode=ap_memory:ce=0
Port [ buf_V_40]:  wired=1; compound=1; hidden=0; nouse=0; global=0; static=0; extern=0; dir=1; type=1; pingpong=0; private_global=0; MemPort=[03]; IO mode=ap_memory:ce=0
Port [ buf_V_39]:  wired=1; compound=1; hidden=0; nouse=0; global=0; static=0; extern=0; dir=1; type=1; pingpong=0; private_global=0; MemPort=[03]; IO mode=ap_memory:ce=0
Port [ buf_V_38]:  wired=1; compound=1; hidden=0; nouse=0; global=0; static=0; extern=0; dir=1; type=1; pingpong=0; private_global=0; MemPort=[03]; IO mode=ap_memory:ce=0
Port [ buf_V_37]:  wired=1; compound=1; hidden=0; nouse=0; global=0; static=0; extern=0; dir=1; type=1; pingpong=0; private_global=0; MemPort=[03]; IO mode=ap_memory:ce=0
Port [ buf_V_36]:  wired=1; compound=1; hidden=0; nouse=0; global=0; static=0; extern=0; dir=1; type=1; pingpong=0; private_global=0; MemPort=[03]; IO mode=ap_memory:ce=0
Port [ buf_V_35]:  wired=1; compound=1; hidden=0; nouse=0; global=0; static=0; extern=0; dir=1; type=1; pingpong=0; private_global=0; MemPort=[03]; IO mode=ap_memory:ce=0
Port [ buf_V_34]:  wired=1; compound=1; hidden=0; nouse=0; global=0; static=0; extern=0; dir=1; type=1; pingpong=0; private_global=0; MemPort=[03]; IO mode=ap_memory:ce=0
Port [ buf_V_33]:  wired=1; compound=1; hidden=0; nouse=0; global=0; static=0; extern=0; dir=1; type=1; pingpong=0; private_global=0; MemPort=[03]; IO mode=ap_memory:ce=0
Port [ buf_V_32]:  wired=1; compound=1; hidden=0; nouse=0; global=0; static=0; extern=0; dir=1; type=1; pingpong=0; private_global=0; MemPort=[03]; IO mode=ap_memory:ce=0
Port [ buf_V_31]:  wired=1; compound=1; hidden=0; nouse=0; global=0; static=0; extern=0; dir=1; type=1; pingpong=0; private_global=0; MemPort=[03]; IO mode=ap_memory:ce=0
Port [ buf_V_30]:  wired=1; compound=1; hidden=0; nouse=0; global=0; static=0; extern=0; dir=1; type=1; pingpong=0; private_global=0; MemPort=[03]; IO mode=ap_memory:ce=0
Port [ buf_V_29]:  wired=1; compound=1; hidden=0; nouse=0; global=0; static=0; extern=0; dir=1; type=1; pingpong=0; private_global=0; MemPort=[03]; IO mode=ap_memory:ce=0
Port [ buf_V_28]:  wired=1; compound=1; hidden=0; nouse=0; global=0; static=0; extern=0; dir=1; type=1; pingpong=0; private_global=0; MemPort=[03]; IO mode=ap_memory:ce=0
Port [ buf_V_27]:  wired=1; compound=1; hidden=0; nouse=0; global=0; static=0; extern=0; dir=1; type=1; pingpong=0; private_global=0; MemPort=[03]; IO mode=ap_memory:ce=0
Port [ buf_V_26]:  wired=1; compound=1; hidden=0; nouse=0; global=0; static=0; extern=0; dir=1; type=1; pingpong=0; private_global=0; MemPort=[03]; IO mode=ap_memory:ce=0
Port [ buf_V_25]:  wired=1; compound=1; hidden=0; nouse=0; global=0; static=0; extern=0; dir=1; type=1; pingpong=0; private_global=0; MemPort=[03]; IO mode=ap_memory:ce=0
Port [ buf_V_24]:  wired=1; compound=1; hidden=0; nouse=0; global=0; static=0; extern=0; dir=1; type=1; pingpong=0; private_global=0; MemPort=[03]; IO mode=ap_memory:ce=0
Port [ buf_V_23]:  wired=1; compound=1; hidden=0; nouse=0; global=0; static=0; extern=0; dir=1; type=1; pingpong=0; private_global=0; MemPort=[03]; IO mode=ap_memory:ce=0
Port [ buf_V_22]:  wired=1; compound=1; hidden=0; nouse=0; global=0; static=0; extern=0; dir=1; type=1; pingpong=0; private_global=0; MemPort=[03]; IO mode=ap_memory:ce=0
Port [ buf_V_21]:  wired=1; compound=1; hidden=0; nouse=0; global=0; static=0; extern=0; dir=1; type=1; pingpong=0; private_global=0; MemPort=[03]; IO mode=ap_memory:ce=0
Port [ buf_V_20]:  wired=1; compound=1; hidden=0; nouse=0; global=0; static=0; extern=0; dir=1; type=1; pingpong=0; private_global=0; MemPort=[03]; IO mode=ap_memory:ce=0
Port [ buf_V_19]:  wired=1; compound=1; hidden=0; nouse=0; global=0; static=0; extern=0; dir=1; type=1; pingpong=0; private_global=0; MemPort=[03]; IO mode=ap_memory:ce=0
Port [ buf_V_18]:  wired=1; compound=1; hidden=0; nouse=0; global=0; static=0; extern=0; dir=1; type=1; pingpong=0; private_global=0; MemPort=[03]; IO mode=ap_memory:ce=0
Port [ buf_V_17]:  wired=1; compound=1; hidden=0; nouse=0; global=0; static=0; extern=0; dir=1; type=1; pingpong=0; private_global=0; MemPort=[03]; IO mode=ap_memory:ce=0
Port [ buf_V_16]:  wired=1; compound=1; hidden=0; nouse=0; global=0; static=0; extern=0; dir=1; type=1; pingpong=0; private_global=0; MemPort=[03]; IO mode=ap_memory:ce=0
Port [ buf_V_15]:  wired=1; compound=1; hidden=0; nouse=0; global=0; static=0; extern=0; dir=1; type=1; pingpong=0; private_global=0; MemPort=[03]; IO mode=ap_memory:ce=0
Port [ buf_V_14]:  wired=1; compound=1; hidden=0; nouse=0; global=0; static=0; extern=0; dir=1; type=1; pingpong=0; private_global=0; MemPort=[03]; IO mode=ap_memory:ce=0
Port [ buf_V_13]:  wired=1; compound=1; hidden=0; nouse=0; global=0; static=0; extern=0; dir=1; type=1; pingpong=0; private_global=0; MemPort=[03]; IO mode=ap_memory:ce=0
Port [ buf_V_12]:  wired=1; compound=1; hidden=0; nouse=0; global=0; static=0; extern=0; dir=1; type=1; pingpong=0; private_global=0; MemPort=[03]; IO mode=ap_memory:ce=0
Port [ buf_V_11]:  wired=1; compound=1; hidden=0; nouse=0; global=0; static=0; extern=0; dir=1; type=1; pingpong=0; private_global=0; MemPort=[03]; IO mode=ap_memory:ce=0
Port [ buf_V_10]:  wired=1; compound=1; hidden=0; nouse=0; global=0; static=0; extern=0; dir=1; type=1; pingpong=0; private_global=0; MemPort=[03]; IO mode=ap_memory:ce=0
Port [ buf_V_9]:  wired=1; compound=1; hidden=0; nouse=0; global=0; static=0; extern=0; dir=1; type=1; pingpong=0; private_global=0; MemPort=[03]; IO mode=ap_memory:ce=0
Port [ buf_V_8]:  wired=1; compound=1; hidden=0; nouse=0; global=0; static=0; extern=0; dir=1; type=1; pingpong=0; private_global=0; MemPort=[03]; IO mode=ap_memory:ce=0
Port [ buf_V_7]:  wired=1; compound=1; hidden=0; nouse=0; global=0; static=0; extern=0; dir=1; type=1; pingpong=0; private_global=0; MemPort=[03]; IO mode=ap_memory:ce=0
Port [ buf_V_6]:  wired=1; compound=1; hidden=0; nouse=0; global=0; static=0; extern=0; dir=1; type=1; pingpong=0; private_global=0; MemPort=[03]; IO mode=ap_memory:ce=0
Port [ buf_V_5]:  wired=1; compound=1; hidden=0; nouse=0; global=0; static=0; extern=0; dir=1; type=1; pingpong=0; private_global=0; MemPort=[03]; IO mode=ap_memory:ce=0
Port [ buf_V_4]:  wired=1; compound=1; hidden=0; nouse=0; global=0; static=0; extern=0; dir=1; type=1; pingpong=0; private_global=0; MemPort=[03]; IO mode=ap_memory:ce=0
Port [ buf_V_3]:  wired=1; compound=1; hidden=0; nouse=0; global=0; static=0; extern=0; dir=1; type=1; pingpong=0; private_global=0; MemPort=[03]; IO mode=ap_memory:ce=0
Port [ buf_V_2]:  wired=1; compound=1; hidden=0; nouse=0; global=0; static=0; extern=0; dir=1; type=1; pingpong=0; private_global=0; MemPort=[03]; IO mode=ap_memory:ce=0
Port [ buf_V_1]:  wired=1; compound=1; hidden=0; nouse=0; global=0; static=0; extern=0; dir=1; type=1; pingpong=0; private_global=0; MemPort=[03]; IO mode=ap_memory:ce=0
Port [ buf_V]:  wired=1; compound=1; hidden=0; nouse=0; global=0; static=0; extern=0; dir=1; type=1; pingpong=0; private_global=0; MemPort=[03]; IO mode=ap_memory:ce=0
Port [ in0_V]:  wired=1; compound=1; hidden=0; nouse=0; global=0; static=0; extern=0; dir=0; type=0; pingpong=0; private_global=0; IO mode=axis:ce=0
---------------- STG Properties END ------------------

---------------- Datapath Model BEGIN ----------------

<LifeTime>
<method=bitvector/>
kx                   (alloca           ) [ 01]
oldMax_V             (alloca           ) [ 01]
oldMax_V_1           (alloca           ) [ 01]
oldMax_V_2           (alloca           ) [ 01]
oldMax_V_3           (alloca           ) [ 01]
oldMax_V_4           (alloca           ) [ 01]
oldMax_V_5           (alloca           ) [ 01]
oldMax_V_6           (alloca           ) [ 01]
oldMax_V_7           (alloca           ) [ 01]
oldMax_V_8           (alloca           ) [ 01]
oldMax_V_9           (alloca           ) [ 01]
oldMax_V_10          (alloca           ) [ 01]
oldMax_V_11          (alloca           ) [ 01]
oldMax_V_12          (alloca           ) [ 01]
oldMax_V_13          (alloca           ) [ 01]
oldMax_V_14          (alloca           ) [ 01]
oldMax_V_15          (alloca           ) [ 01]
oldMax_V_16          (alloca           ) [ 01]
oldMax_V_17          (alloca           ) [ 01]
oldMax_V_18          (alloca           ) [ 01]
oldMax_V_19          (alloca           ) [ 01]
oldMax_V_20          (alloca           ) [ 01]
oldMax_V_21          (alloca           ) [ 01]
oldMax_V_22          (alloca           ) [ 01]
oldMax_V_23          (alloca           ) [ 01]
oldMax_V_24          (alloca           ) [ 01]
oldMax_V_25          (alloca           ) [ 01]
oldMax_V_26          (alloca           ) [ 01]
oldMax_V_27          (alloca           ) [ 01]
oldMax_V_28          (alloca           ) [ 01]
oldMax_V_29          (alloca           ) [ 01]
oldMax_V_30          (alloca           ) [ 01]
oldMax_V_31          (alloca           ) [ 01]
oldMax_V_32          (alloca           ) [ 01]
oldMax_V_33          (alloca           ) [ 01]
oldMax_V_34          (alloca           ) [ 01]
oldMax_V_35          (alloca           ) [ 01]
oldMax_V_36          (alloca           ) [ 01]
oldMax_V_37          (alloca           ) [ 01]
oldMax_V_38          (alloca           ) [ 01]
oldMax_V_39          (alloca           ) [ 01]
oldMax_V_40          (alloca           ) [ 01]
oldMax_V_41          (alloca           ) [ 01]
oldMax_V_42          (alloca           ) [ 01]
oldMax_V_43          (alloca           ) [ 01]
oldMax_V_44          (alloca           ) [ 01]
oldMax_V_45          (alloca           ) [ 01]
oldMax_V_46          (alloca           ) [ 01]
oldMax_V_47          (alloca           ) [ 01]
oldMax_V_48          (alloca           ) [ 01]
oldMax_V_49          (alloca           ) [ 01]
oldMax_V_50          (alloca           ) [ 01]
oldMax_V_51          (alloca           ) [ 01]
oldMax_V_52          (alloca           ) [ 01]
oldMax_V_53          (alloca           ) [ 01]
oldMax_V_54          (alloca           ) [ 01]
oldMax_V_55          (alloca           ) [ 01]
oldMax_V_56          (alloca           ) [ 01]
oldMax_V_57          (alloca           ) [ 01]
oldMax_V_58          (alloca           ) [ 01]
oldMax_V_59          (alloca           ) [ 01]
oldMax_V_60          (alloca           ) [ 01]
oldMax_V_61          (alloca           ) [ 01]
oldMax_V_62          (alloca           ) [ 01]
oldMax_V_63          (alloca           ) [ 01]
zext_ln156_read      (read             ) [ 00]
buf_V_load_1_read    (read             ) [ 00]
buf_V_1_load_1_read  (read             ) [ 00]
buf_V_2_load_1_read  (read             ) [ 00]
buf_V_3_load_1_read  (read             ) [ 00]
buf_V_4_load_1_read  (read             ) [ 00]
buf_V_5_load_1_read  (read             ) [ 00]
buf_V_6_load_1_read  (read             ) [ 00]
buf_V_7_load_1_read  (read             ) [ 00]
buf_V_8_load_1_read  (read             ) [ 00]
buf_V_9_load_1_read  (read             ) [ 00]
buf_V_10_load_1_read (read             ) [ 00]
buf_V_11_load_1_read (read             ) [ 00]
buf_V_12_load_1_read (read             ) [ 00]
buf_V_13_load_1_read (read             ) [ 00]
buf_V_14_load_1_read (read             ) [ 00]
buf_V_15_load_1_read (read             ) [ 00]
buf_V_16_load_1_read (read             ) [ 00]
buf_V_17_load_1_read (read             ) [ 00]
buf_V_18_load_1_read (read             ) [ 00]
buf_V_19_load_1_read (read             ) [ 00]
buf_V_20_load_1_read (read             ) [ 00]
buf_V_21_load_1_read (read             ) [ 00]
buf_V_22_load_1_read (read             ) [ 00]
buf_V_23_load_1_read (read             ) [ 00]
buf_V_24_load_1_read (read             ) [ 00]
buf_V_25_load_1_read (read             ) [ 00]
buf_V_26_load_1_read (read             ) [ 00]
buf_V_27_load_1_read (read             ) [ 00]
buf_V_28_load_1_read (read             ) [ 00]
buf_V_29_load_1_read (read             ) [ 00]
buf_V_30_load_1_read (read             ) [ 00]
buf_V_31_load_1_read (read             ) [ 00]
buf_V_32_load_1_read (read             ) [ 00]
buf_V_33_load_1_read (read             ) [ 00]
buf_V_34_load_1_read (read             ) [ 00]
buf_V_35_load_1_read (read             ) [ 00]
buf_V_36_load_1_read (read             ) [ 00]
buf_V_37_load_1_read (read             ) [ 00]
buf_V_38_load_1_read (read             ) [ 00]
buf_V_39_load_1_read (read             ) [ 00]
buf_V_40_load_1_read (read             ) [ 00]
buf_V_41_load_1_read (read             ) [ 00]
buf_V_42_load_1_read (read             ) [ 00]
buf_V_43_load_1_read (read             ) [ 00]
buf_V_44_load_1_read (read             ) [ 00]
buf_V_45_load_1_read (read             ) [ 00]
buf_V_46_load_1_read (read             ) [ 00]
buf_V_47_load_1_read (read             ) [ 00]
buf_V_48_load_1_read (read             ) [ 00]
buf_V_49_load_1_read (read             ) [ 00]
buf_V_50_load_1_read (read             ) [ 00]
buf_V_51_load_1_read (read             ) [ 00]
buf_V_52_load_1_read (read             ) [ 00]
buf_V_53_load_1_read (read             ) [ 00]
buf_V_54_load_1_read (read             ) [ 00]
buf_V_55_load_1_read (read             ) [ 00]
buf_V_56_load_1_read (read             ) [ 00]
buf_V_57_load_1_read (read             ) [ 00]
buf_V_58_load_1_read (read             ) [ 00]
buf_V_59_load_1_read (read             ) [ 00]
buf_V_60_load_1_read (read             ) [ 00]
buf_V_61_load_1_read (read             ) [ 00]
buf_V_62_load_1_read (read             ) [ 00]
buf_V_63_load_1_read (read             ) [ 00]
zext_ln156_cast      (zext             ) [ 00]
specinterface_ln0    (specinterface    ) [ 00]
store_ln0            (store            ) [ 00]
store_ln0            (store            ) [ 00]
store_ln0            (store            ) [ 00]
store_ln0            (store            ) [ 00]
store_ln0            (store            ) [ 00]
store_ln0            (store            ) [ 00]
store_ln0            (store            ) [ 00]
store_ln0            (store            ) [ 00]
store_ln0            (store            ) [ 00]
store_ln0            (store            ) [ 00]
store_ln0            (store            ) [ 00]
store_ln0            (store            ) [ 00]
store_ln0            (store            ) [ 00]
store_ln0            (store            ) [ 00]
store_ln0            (store            ) [ 00]
store_ln0            (store            ) [ 00]
store_ln0            (store            ) [ 00]
store_ln0            (store            ) [ 00]
store_ln0            (store            ) [ 00]
store_ln0            (store            ) [ 00]
store_ln0            (store            ) [ 00]
store_ln0            (store            ) [ 00]
store_ln0            (store            ) [ 00]
store_ln0            (store            ) [ 00]
store_ln0            (store            ) [ 00]
store_ln0            (store            ) [ 00]
store_ln0            (store            ) [ 00]
store_ln0            (store            ) [ 00]
store_ln0            (store            ) [ 00]
store_ln0            (store            ) [ 00]
store_ln0            (store            ) [ 00]
store_ln0            (store            ) [ 00]
store_ln0            (store            ) [ 00]
store_ln0            (store            ) [ 00]
store_ln0            (store            ) [ 00]
store_ln0            (store            ) [ 00]
store_ln0            (store            ) [ 00]
store_ln0            (store            ) [ 00]
store_ln0            (store            ) [ 00]
store_ln0            (store            ) [ 00]
store_ln0            (store            ) [ 00]
store_ln0            (store            ) [ 00]
store_ln0            (store            ) [ 00]
store_ln0            (store            ) [ 00]
store_ln0            (store            ) [ 00]
store_ln0            (store            ) [ 00]
store_ln0            (store            ) [ 00]
store_ln0            (store            ) [ 00]
store_ln0            (store            ) [ 00]
store_ln0            (store            ) [ 00]
store_ln0            (store            ) [ 00]
store_ln0            (store            ) [ 00]
store_ln0            (store            ) [ 00]
store_ln0            (store            ) [ 00]
store_ln0            (store            ) [ 00]
store_ln0            (store            ) [ 00]
store_ln0            (store            ) [ 00]
store_ln0            (store            ) [ 00]
store_ln0            (store            ) [ 00]
store_ln0            (store            ) [ 00]
store_ln0            (store            ) [ 00]
store_ln0            (store            ) [ 00]
store_ln0            (store            ) [ 00]
store_ln0            (store            ) [ 00]
store_ln0            (store            ) [ 00]
br_ln0               (br               ) [ 00]
kx_1                 (load             ) [ 00]
buf_V_63_addr        (getelementptr    ) [ 00]
buf_V_62_addr        (getelementptr    ) [ 00]
buf_V_61_addr        (getelementptr    ) [ 00]
buf_V_60_addr        (getelementptr    ) [ 00]
buf_V_59_addr        (getelementptr    ) [ 00]
buf_V_58_addr        (getelementptr    ) [ 00]
buf_V_57_addr        (getelementptr    ) [ 00]
buf_V_56_addr        (getelementptr    ) [ 00]
buf_V_55_addr        (getelementptr    ) [ 00]
buf_V_54_addr        (getelementptr    ) [ 00]
buf_V_53_addr        (getelementptr    ) [ 00]
buf_V_52_addr        (getelementptr    ) [ 00]
buf_V_51_addr        (getelementptr    ) [ 00]
buf_V_50_addr        (getelementptr    ) [ 00]
buf_V_49_addr        (getelementptr    ) [ 00]
buf_V_48_addr        (getelementptr    ) [ 00]
buf_V_47_addr        (getelementptr    ) [ 00]
buf_V_46_addr        (getelementptr    ) [ 00]
buf_V_45_addr        (getelementptr    ) [ 00]
buf_V_44_addr        (getelementptr    ) [ 00]
buf_V_43_addr        (getelementptr    ) [ 00]
buf_V_42_addr        (getelementptr    ) [ 00]
buf_V_41_addr        (getelementptr    ) [ 00]
buf_V_40_addr        (getelementptr    ) [ 00]
buf_V_39_addr        (getelementptr    ) [ 00]
buf_V_38_addr        (getelementptr    ) [ 00]
buf_V_37_addr        (getelementptr    ) [ 00]
buf_V_36_addr        (getelementptr    ) [ 00]
buf_V_35_addr        (getelementptr    ) [ 00]
buf_V_34_addr        (getelementptr    ) [ 00]
buf_V_33_addr        (getelementptr    ) [ 00]
buf_V_32_addr        (getelementptr    ) [ 00]
buf_V_31_addr        (getelementptr    ) [ 00]
buf_V_30_addr        (getelementptr    ) [ 00]
buf_V_29_addr        (getelementptr    ) [ 00]
buf_V_28_addr        (getelementptr    ) [ 00]
buf_V_27_addr        (getelementptr    ) [ 00]
buf_V_26_addr        (getelementptr    ) [ 00]
buf_V_25_addr        (getelementptr    ) [ 00]
buf_V_24_addr        (getelementptr    ) [ 00]
buf_V_23_addr        (getelementptr    ) [ 00]
buf_V_22_addr        (getelementptr    ) [ 00]
buf_V_21_addr        (getelementptr    ) [ 00]
buf_V_20_addr        (getelementptr    ) [ 00]
buf_V_19_addr        (getelementptr    ) [ 00]
buf_V_18_addr        (getelementptr    ) [ 00]
buf_V_17_addr        (getelementptr    ) [ 00]
buf_V_16_addr        (getelementptr    ) [ 00]
buf_V_15_addr        (getelementptr    ) [ 00]
buf_V_14_addr        (getelementptr    ) [ 00]
buf_V_13_addr        (getelementptr    ) [ 00]
buf_V_12_addr        (getelementptr    ) [ 00]
buf_V_11_addr        (getelementptr    ) [ 00]
buf_V_10_addr        (getelementptr    ) [ 00]
buf_V_9_addr         (getelementptr    ) [ 00]
buf_V_8_addr         (getelementptr    ) [ 00]
buf_V_7_addr         (getelementptr    ) [ 00]
buf_V_6_addr         (getelementptr    ) [ 00]
buf_V_5_addr         (getelementptr    ) [ 00]
buf_V_4_addr         (getelementptr    ) [ 00]
buf_V_3_addr         (getelementptr    ) [ 00]
buf_V_2_addr         (getelementptr    ) [ 00]
buf_V_1_addr         (getelementptr    ) [ 00]
buf_V_addr           (getelementptr    ) [ 00]
icmp_ln158           (icmp             ) [ 01]
empty                (speclooptripcount) [ 00]
kx_2                 (add              ) [ 00]
br_ln158             (br               ) [ 00]
oldMax_V_load        (load             ) [ 00]
oldMax_V_1_load      (load             ) [ 00]
oldMax_V_2_load      (load             ) [ 00]
oldMax_V_3_load      (load             ) [ 00]
oldMax_V_4_load      (load             ) [ 00]
oldMax_V_5_load      (load             ) [ 00]
oldMax_V_6_load      (load             ) [ 00]
oldMax_V_7_load      (load             ) [ 00]
oldMax_V_8_load      (load             ) [ 00]
oldMax_V_9_load      (load             ) [ 00]
oldMax_V_10_load     (load             ) [ 00]
oldMax_V_11_load     (load             ) [ 00]
oldMax_V_12_load     (load             ) [ 00]
oldMax_V_13_load     (load             ) [ 00]
oldMax_V_14_load     (load             ) [ 00]
oldMax_V_15_load     (load             ) [ 00]
oldMax_V_16_load     (load             ) [ 00]
oldMax_V_17_load     (load             ) [ 00]
oldMax_V_18_load     (load             ) [ 00]
oldMax_V_19_load     (load             ) [ 00]
oldMax_V_20_load     (load             ) [ 00]
oldMax_V_21_load     (load             ) [ 00]
oldMax_V_22_load     (load             ) [ 00]
oldMax_V_23_load     (load             ) [ 00]
oldMax_V_24_load     (load             ) [ 00]
oldMax_V_25_load     (load             ) [ 00]
oldMax_V_26_load     (load             ) [ 00]
oldMax_V_27_load     (load             ) [ 00]
oldMax_V_28_load     (load             ) [ 00]
oldMax_V_29_load     (load             ) [ 00]
oldMax_V_30_load     (load             ) [ 00]
oldMax_V_31_load     (load             ) [ 00]
oldMax_V_32_load     (load             ) [ 00]
oldMax_V_33_load     (load             ) [ 00]
oldMax_V_34_load     (load             ) [ 00]
oldMax_V_35_load     (load             ) [ 00]
oldMax_V_36_load     (load             ) [ 00]
oldMax_V_37_load     (load             ) [ 00]
oldMax_V_38_load     (load             ) [ 00]
oldMax_V_39_load     (load             ) [ 00]
oldMax_V_40_load     (load             ) [ 00]
oldMax_V_41_load     (load             ) [ 00]
oldMax_V_42_load     (load             ) [ 00]
oldMax_V_43_load     (load             ) [ 00]
oldMax_V_44_load     (load             ) [ 00]
oldMax_V_45_load     (load             ) [ 00]
oldMax_V_46_load     (load             ) [ 00]
oldMax_V_47_load     (load             ) [ 00]
oldMax_V_48_load     (load             ) [ 00]
oldMax_V_49_load     (load             ) [ 00]
oldMax_V_50_load     (load             ) [ 00]
oldMax_V_51_load     (load             ) [ 00]
oldMax_V_52_load     (load             ) [ 00]
oldMax_V_53_load     (load             ) [ 00]
oldMax_V_54_load     (load             ) [ 00]
oldMax_V_55_load     (load             ) [ 00]
oldMax_V_56_load     (load             ) [ 00]
oldMax_V_57_load     (load             ) [ 00]
oldMax_V_58_load     (load             ) [ 00]
oldMax_V_59_load     (load             ) [ 00]
oldMax_V_60_load     (load             ) [ 00]
oldMax_V_61_load     (load             ) [ 00]
oldMax_V_62_load     (load             ) [ 00]
oldMax_V_63_load     (load             ) [ 00]
specpipeline_ln159   (specpipeline     ) [ 00]
specloopname_ln158   (specloopname     ) [ 00]
inputData_V          (read             ) [ 00]
channeldata_V        (trunc            ) [ 00]
icmp_ln1035          (icmp             ) [ 00]
select_ln167         (select           ) [ 00]
channeldata_V_1      (partselect       ) [ 00]
icmp_ln1035_1        (icmp             ) [ 00]
select_ln167_1       (select           ) [ 00]
channeldata_V_2      (partselect       ) [ 00]
icmp_ln1035_2        (icmp             ) [ 00]
select_ln167_2       (select           ) [ 00]
channeldata_V_3      (partselect       ) [ 00]
icmp_ln1035_3        (icmp             ) [ 00]
select_ln167_3       (select           ) [ 00]
channeldata_V_4      (partselect       ) [ 00]
icmp_ln1035_4        (icmp             ) [ 00]
select_ln167_4       (select           ) [ 00]
channeldata_V_5      (partselect       ) [ 00]
icmp_ln1035_5        (icmp             ) [ 00]
select_ln167_5       (select           ) [ 00]
channeldata_V_6      (partselect       ) [ 00]
icmp_ln1035_6        (icmp             ) [ 00]
select_ln167_6       (select           ) [ 00]
channeldata_V_7      (partselect       ) [ 00]
icmp_ln1035_7        (icmp             ) [ 00]
select_ln167_7       (select           ) [ 00]
channeldata_V_8      (partselect       ) [ 00]
icmp_ln1035_8        (icmp             ) [ 00]
select_ln167_8       (select           ) [ 00]
channeldata_V_9      (partselect       ) [ 00]
icmp_ln1035_9        (icmp             ) [ 00]
select_ln167_9       (select           ) [ 00]
channeldata_V_10     (partselect       ) [ 00]
icmp_ln1035_10       (icmp             ) [ 00]
select_ln167_10      (select           ) [ 00]
channeldata_V_11     (partselect       ) [ 00]
icmp_ln1035_11       (icmp             ) [ 00]
select_ln167_11      (select           ) [ 00]
channeldata_V_12     (partselect       ) [ 00]
icmp_ln1035_12       (icmp             ) [ 00]
select_ln167_12      (select           ) [ 00]
channeldata_V_13     (partselect       ) [ 00]
icmp_ln1035_13       (icmp             ) [ 00]
select_ln167_13      (select           ) [ 00]
channeldata_V_14     (partselect       ) [ 00]
icmp_ln1035_14       (icmp             ) [ 00]
select_ln167_14      (select           ) [ 00]
channeldata_V_15     (partselect       ) [ 00]
icmp_ln1035_15       (icmp             ) [ 00]
select_ln167_15      (select           ) [ 00]
channeldata_V_16     (partselect       ) [ 00]
icmp_ln1035_16       (icmp             ) [ 00]
select_ln167_16      (select           ) [ 00]
channeldata_V_17     (partselect       ) [ 00]
icmp_ln1035_17       (icmp             ) [ 00]
select_ln167_17      (select           ) [ 00]
channeldata_V_18     (partselect       ) [ 00]
icmp_ln1035_18       (icmp             ) [ 00]
select_ln167_18      (select           ) [ 00]
channeldata_V_19     (partselect       ) [ 00]
icmp_ln1035_19       (icmp             ) [ 00]
select_ln167_19      (select           ) [ 00]
channeldata_V_20     (partselect       ) [ 00]
icmp_ln1035_20       (icmp             ) [ 00]
select_ln167_20      (select           ) [ 00]
channeldata_V_21     (partselect       ) [ 00]
icmp_ln1035_21       (icmp             ) [ 00]
select_ln167_21      (select           ) [ 00]
channeldata_V_22     (partselect       ) [ 00]
icmp_ln1035_22       (icmp             ) [ 00]
select_ln167_22      (select           ) [ 00]
channeldata_V_23     (partselect       ) [ 00]
icmp_ln1035_23       (icmp             ) [ 00]
select_ln167_23      (select           ) [ 00]
channeldata_V_24     (partselect       ) [ 00]
icmp_ln1035_24       (icmp             ) [ 00]
select_ln167_24      (select           ) [ 00]
channeldata_V_25     (partselect       ) [ 00]
icmp_ln1035_25       (icmp             ) [ 00]
select_ln167_25      (select           ) [ 00]
channeldata_V_26     (partselect       ) [ 00]
icmp_ln1035_26       (icmp             ) [ 00]
select_ln167_26      (select           ) [ 00]
channeldata_V_27     (partselect       ) [ 00]
icmp_ln1035_27       (icmp             ) [ 00]
select_ln167_27      (select           ) [ 00]
channeldata_V_28     (partselect       ) [ 00]
icmp_ln1035_28       (icmp             ) [ 00]
select_ln167_28      (select           ) [ 00]
channeldata_V_29     (partselect       ) [ 00]
icmp_ln1035_29       (icmp             ) [ 00]
select_ln167_29      (select           ) [ 00]
channeldata_V_30     (partselect       ) [ 00]
icmp_ln1035_30       (icmp             ) [ 00]
select_ln167_30      (select           ) [ 00]
channeldata_V_31     (partselect       ) [ 00]
icmp_ln1035_31       (icmp             ) [ 00]
select_ln167_31      (select           ) [ 00]
channeldata_V_32     (partselect       ) [ 00]
icmp_ln1035_32       (icmp             ) [ 00]
select_ln167_32      (select           ) [ 00]
channeldata_V_33     (partselect       ) [ 00]
icmp_ln1035_33       (icmp             ) [ 00]
select_ln167_33      (select           ) [ 00]
channeldata_V_34     (partselect       ) [ 00]
icmp_ln1035_34       (icmp             ) [ 00]
select_ln167_34      (select           ) [ 00]
channeldata_V_35     (partselect       ) [ 00]
icmp_ln1035_35       (icmp             ) [ 00]
select_ln167_35      (select           ) [ 00]
channeldata_V_36     (partselect       ) [ 00]
icmp_ln1035_36       (icmp             ) [ 00]
select_ln167_36      (select           ) [ 00]
channeldata_V_37     (partselect       ) [ 00]
icmp_ln1035_37       (icmp             ) [ 00]
select_ln167_37      (select           ) [ 00]
channeldata_V_38     (partselect       ) [ 00]
icmp_ln1035_38       (icmp             ) [ 00]
select_ln167_38      (select           ) [ 00]
channeldata_V_39     (partselect       ) [ 00]
icmp_ln1035_39       (icmp             ) [ 00]
select_ln167_39      (select           ) [ 00]
channeldata_V_40     (partselect       ) [ 00]
icmp_ln1035_40       (icmp             ) [ 00]
select_ln167_40      (select           ) [ 00]
channeldata_V_41     (partselect       ) [ 00]
icmp_ln1035_41       (icmp             ) [ 00]
select_ln167_41      (select           ) [ 00]
channeldata_V_42     (partselect       ) [ 00]
icmp_ln1035_42       (icmp             ) [ 00]
select_ln167_42      (select           ) [ 00]
channeldata_V_43     (partselect       ) [ 00]
icmp_ln1035_43       (icmp             ) [ 00]
select_ln167_43      (select           ) [ 00]
channeldata_V_44     (partselect       ) [ 00]
icmp_ln1035_44       (icmp             ) [ 00]
select_ln167_44      (select           ) [ 00]
channeldata_V_45     (partselect       ) [ 00]
icmp_ln1035_45       (icmp             ) [ 00]
select_ln167_45      (select           ) [ 00]
channeldata_V_46     (partselect       ) [ 00]
icmp_ln1035_46       (icmp             ) [ 00]
select_ln167_46      (select           ) [ 00]
channeldata_V_47     (partselect       ) [ 00]
icmp_ln1035_47       (icmp             ) [ 00]
select_ln167_47      (select           ) [ 00]
channeldata_V_48     (partselect       ) [ 00]
icmp_ln1035_48       (icmp             ) [ 00]
select_ln167_48      (select           ) [ 00]
channeldata_V_49     (partselect       ) [ 00]
icmp_ln1035_49       (icmp             ) [ 00]
select_ln167_49      (select           ) [ 00]
channeldata_V_50     (partselect       ) [ 00]
icmp_ln1035_50       (icmp             ) [ 00]
select_ln167_50      (select           ) [ 00]
channeldata_V_51     (partselect       ) [ 00]
icmp_ln1035_51       (icmp             ) [ 00]
select_ln167_51      (select           ) [ 00]
channeldata_V_52     (partselect       ) [ 00]
icmp_ln1035_52       (icmp             ) [ 00]
select_ln167_52      (select           ) [ 00]
channeldata_V_53     (partselect       ) [ 00]
icmp_ln1035_53       (icmp             ) [ 00]
select_ln167_53      (select           ) [ 00]
channeldata_V_54     (partselect       ) [ 00]
icmp_ln1035_54       (icmp             ) [ 00]
select_ln167_54      (select           ) [ 00]
channeldata_V_55     (partselect       ) [ 00]
icmp_ln1035_55       (icmp             ) [ 00]
select_ln167_55      (select           ) [ 00]
channeldata_V_56     (partselect       ) [ 00]
icmp_ln1035_56       (icmp             ) [ 00]
select_ln167_56      (select           ) [ 00]
channeldata_V_57     (partselect       ) [ 00]
icmp_ln1035_57       (icmp             ) [ 00]
select_ln167_57      (select           ) [ 00]
channeldata_V_58     (partselect       ) [ 00]
icmp_ln1035_58       (icmp             ) [ 00]
select_ln167_58      (select           ) [ 00]
channeldata_V_59     (partselect       ) [ 00]
icmp_ln1035_59       (icmp             ) [ 00]
select_ln167_59      (select           ) [ 00]
channeldata_V_60     (partselect       ) [ 00]
icmp_ln1035_60       (icmp             ) [ 00]
select_ln167_60      (select           ) [ 00]
channeldata_V_61     (partselect       ) [ 00]
icmp_ln1035_61       (icmp             ) [ 00]
select_ln167_61      (select           ) [ 00]
channeldata_V_62     (partselect       ) [ 00]
icmp_ln1035_62       (icmp             ) [ 00]
select_ln167_62      (select           ) [ 00]
channeldata_V_63     (partselect       ) [ 00]
icmp_ln1035_63       (icmp             ) [ 00]
select_ln167_63      (select           ) [ 00]
icmp_ln158_1         (icmp             ) [ 01]
br_ln158             (br               ) [ 00]
store_ln168          (store            ) [ 00]
store_ln168          (store            ) [ 00]
store_ln168          (store            ) [ 00]
store_ln168          (store            ) [ 00]
store_ln168          (store            ) [ 00]
store_ln168          (store            ) [ 00]
store_ln168          (store            ) [ 00]
store_ln168          (store            ) [ 00]
store_ln168          (store            ) [ 00]
store_ln168          (store            ) [ 00]
store_ln168          (store            ) [ 00]
store_ln168          (store            ) [ 00]
store_ln168          (store            ) [ 00]
store_ln168          (store            ) [ 00]
store_ln168          (store            ) [ 00]
store_ln168          (store            ) [ 00]
store_ln168          (store            ) [ 00]
store_ln168          (store            ) [ 00]
store_ln168          (store            ) [ 00]
store_ln168          (store            ) [ 00]
store_ln168          (store            ) [ 00]
store_ln168          (store            ) [ 00]
store_ln168          (store            ) [ 00]
store_ln168          (store            ) [ 00]
store_ln168          (store            ) [ 00]
store_ln168          (store            ) [ 00]
store_ln168          (store            ) [ 00]
store_ln168          (store            ) [ 00]
store_ln168          (store            ) [ 00]
store_ln168          (store            ) [ 00]
store_ln168          (store            ) [ 00]
store_ln168          (store            ) [ 00]
store_ln168          (store            ) [ 00]
store_ln168          (store            ) [ 00]
store_ln168          (store            ) [ 00]
store_ln168          (store            ) [ 00]
store_ln168          (store            ) [ 00]
store_ln168          (store            ) [ 00]
store_ln168          (store            ) [ 00]
store_ln168          (store            ) [ 00]
store_ln168          (store            ) [ 00]
store_ln168          (store            ) [ 00]
store_ln168          (store            ) [ 00]
store_ln168          (store            ) [ 00]
store_ln168          (store            ) [ 00]
store_ln168          (store            ) [ 00]
store_ln168          (store            ) [ 00]
store_ln168          (store            ) [ 00]
store_ln168          (store            ) [ 00]
store_ln168          (store            ) [ 00]
store_ln168          (store            ) [ 00]
store_ln168          (store            ) [ 00]
store_ln168          (store            ) [ 00]
store_ln168          (store            ) [ 00]
store_ln168          (store            ) [ 00]
store_ln168          (store            ) [ 00]
store_ln168          (store            ) [ 00]
store_ln168          (store            ) [ 00]
store_ln168          (store            ) [ 00]
store_ln168          (store            ) [ 00]
store_ln168          (store            ) [ 00]
store_ln168          (store            ) [ 00]
store_ln168          (store            ) [ 00]
store_ln168          (store            ) [ 00]
br_ln0               (br               ) [ 00]
store_ln167          (store            ) [ 00]
store_ln167          (store            ) [ 00]
store_ln167          (store            ) [ 00]
store_ln167          (store            ) [ 00]
store_ln167          (store            ) [ 00]
store_ln167          (store            ) [ 00]
store_ln167          (store            ) [ 00]
store_ln167          (store            ) [ 00]
store_ln167          (store            ) [ 00]
store_ln167          (store            ) [ 00]
store_ln167          (store            ) [ 00]
store_ln167          (store            ) [ 00]
store_ln167          (store            ) [ 00]
store_ln167          (store            ) [ 00]
store_ln167          (store            ) [ 00]
store_ln167          (store            ) [ 00]
store_ln167          (store            ) [ 00]
store_ln167          (store            ) [ 00]
store_ln167          (store            ) [ 00]
store_ln167          (store            ) [ 00]
store_ln167          (store            ) [ 00]
store_ln167          (store            ) [ 00]
store_ln167          (store            ) [ 00]
store_ln167          (store            ) [ 00]
store_ln167          (store            ) [ 00]
store_ln167          (store            ) [ 00]
store_ln167          (store            ) [ 00]
store_ln167          (store            ) [ 00]
store_ln167          (store            ) [ 00]
store_ln167          (store            ) [ 00]
store_ln167          (store            ) [ 00]
store_ln167          (store            ) [ 00]
store_ln167          (store            ) [ 00]
store_ln167          (store            ) [ 00]
store_ln167          (store            ) [ 00]
store_ln167          (store            ) [ 00]
store_ln167          (store            ) [ 00]
store_ln167          (store            ) [ 00]
store_ln167          (store            ) [ 00]
store_ln167          (store            ) [ 00]
store_ln167          (store            ) [ 00]
store_ln167          (store            ) [ 00]
store_ln167          (store            ) [ 00]
store_ln167          (store            ) [ 00]
store_ln167          (store            ) [ 00]
store_ln167          (store            ) [ 00]
store_ln167          (store            ) [ 00]
store_ln167          (store            ) [ 00]
store_ln167          (store            ) [ 00]
store_ln167          (store            ) [ 00]
store_ln167          (store            ) [ 00]
store_ln167          (store            ) [ 00]
store_ln167          (store            ) [ 00]
store_ln167          (store            ) [ 00]
store_ln167          (store            ) [ 00]
store_ln167          (store            ) [ 00]
store_ln167          (store            ) [ 00]
store_ln167          (store            ) [ 00]
store_ln167          (store            ) [ 00]
store_ln167          (store            ) [ 00]
store_ln167          (store            ) [ 00]
store_ln167          (store            ) [ 00]
store_ln167          (store            ) [ 00]
store_ln167          (store            ) [ 00]
store_ln158          (store            ) [ 00]
br_ln0               (br               ) [ 00]
ret_ln0              (ret              ) [ 00]
</LifeTime>

<model>

<comp_list>
<comp id="0" class="1000" name="buf_V_63_load_1">
<pin_list>
<pin id="1" dir="1" index="0" bw="1" slack="0"/>
</pin_list>
<bind>
<StgValue><ssdm name="buf_V_63_load_1"/></StgValue>
</bind>
</comp>

<comp id="2" class="1000" name="buf_V_62_load_1">
<pin_list>
<pin id="3" dir="1" index="0" bw="1" slack="0"/>
</pin_list>
<bind>
<StgValue><ssdm name="buf_V_62_load_1"/></StgValue>
</bind>
</comp>

<comp id="4" class="1000" name="buf_V_61_load_1">
<pin_list>
<pin id="5" dir="1" index="0" bw="1" slack="0"/>
</pin_list>
<bind>
<StgValue><ssdm name="buf_V_61_load_1"/></StgValue>
</bind>
</comp>

<comp id="6" class="1000" name="buf_V_60_load_1">
<pin_list>
<pin id="7" dir="1" index="0" bw="1" slack="0"/>
</pin_list>
<bind>
<StgValue><ssdm name="buf_V_60_load_1"/></StgValue>
</bind>
</comp>

<comp id="8" class="1000" name="buf_V_59_load_1">
<pin_list>
<pin id="9" dir="1" index="0" bw="1" slack="0"/>
</pin_list>
<bind>
<StgValue><ssdm name="buf_V_59_load_1"/></StgValue>
</bind>
</comp>

<comp id="10" class="1000" name="buf_V_58_load_1">
<pin_list>
<pin id="11" dir="1" index="0" bw="1" slack="0"/>
</pin_list>
<bind>
<StgValue><ssdm name="buf_V_58_load_1"/></StgValue>
</bind>
</comp>

<comp id="12" class="1000" name="buf_V_57_load_1">
<pin_list>
<pin id="13" dir="1" index="0" bw="1" slack="0"/>
</pin_list>
<bind>
<StgValue><ssdm name="buf_V_57_load_1"/></StgValue>
</bind>
</comp>

<comp id="14" class="1000" name="buf_V_56_load_1">
<pin_list>
<pin id="15" dir="1" index="0" bw="1" slack="0"/>
</pin_list>
<bind>
<StgValue><ssdm name="buf_V_56_load_1"/></StgValue>
</bind>
</comp>

<comp id="16" class="1000" name="buf_V_55_load_1">
<pin_list>
<pin id="17" dir="1" index="0" bw="1" slack="0"/>
</pin_list>
<bind>
<StgValue><ssdm name="buf_V_55_load_1"/></StgValue>
</bind>
</comp>

<comp id="18" class="1000" name="buf_V_54_load_1">
<pin_list>
<pin id="19" dir="1" index="0" bw="1" slack="0"/>
</pin_list>
<bind>
<StgValue><ssdm name="buf_V_54_load_1"/></StgValue>
</bind>
</comp>

<comp id="20" class="1000" name="buf_V_53_load_1">
<pin_list>
<pin id="21" dir="1" index="0" bw="1" slack="0"/>
</pin_list>
<bind>
<StgValue><ssdm name="buf_V_53_load_1"/></StgValue>
</bind>
</comp>

<comp id="22" class="1000" name="buf_V_52_load_1">
<pin_list>
<pin id="23" dir="1" index="0" bw="1" slack="0"/>
</pin_list>
<bind>
<StgValue><ssdm name="buf_V_52_load_1"/></StgValue>
</bind>
</comp>

<comp id="24" class="1000" name="buf_V_51_load_1">
<pin_list>
<pin id="25" dir="1" index="0" bw="1" slack="0"/>
</pin_list>
<bind>
<StgValue><ssdm name="buf_V_51_load_1"/></StgValue>
</bind>
</comp>

<comp id="26" class="1000" name="buf_V_50_load_1">
<pin_list>
<pin id="27" dir="1" index="0" bw="1" slack="0"/>
</pin_list>
<bind>
<StgValue><ssdm name="buf_V_50_load_1"/></StgValue>
</bind>
</comp>

<comp id="28" class="1000" name="buf_V_49_load_1">
<pin_list>
<pin id="29" dir="1" index="0" bw="1" slack="0"/>
</pin_list>
<bind>
<StgValue><ssdm name="buf_V_49_load_1"/></StgValue>
</bind>
</comp>

<comp id="30" class="1000" name="buf_V_48_load_1">
<pin_list>
<pin id="31" dir="1" index="0" bw="1" slack="0"/>
</pin_list>
<bind>
<StgValue><ssdm name="buf_V_48_load_1"/></StgValue>
</bind>
</comp>

<comp id="32" class="1000" name="buf_V_47_load_1">
<pin_list>
<pin id="33" dir="1" index="0" bw="1" slack="0"/>
</pin_list>
<bind>
<StgValue><ssdm name="buf_V_47_load_1"/></StgValue>
</bind>
</comp>

<comp id="34" class="1000" name="buf_V_46_load_1">
<pin_list>
<pin id="35" dir="1" index="0" bw="1" slack="0"/>
</pin_list>
<bind>
<StgValue><ssdm name="buf_V_46_load_1"/></StgValue>
</bind>
</comp>

<comp id="36" class="1000" name="buf_V_45_load_1">
<pin_list>
<pin id="37" dir="1" index="0" bw="1" slack="0"/>
</pin_list>
<bind>
<StgValue><ssdm name="buf_V_45_load_1"/></StgValue>
</bind>
</comp>

<comp id="38" class="1000" name="buf_V_44_load_1">
<pin_list>
<pin id="39" dir="1" index="0" bw="1" slack="0"/>
</pin_list>
<bind>
<StgValue><ssdm name="buf_V_44_load_1"/></StgValue>
</bind>
</comp>

<comp id="40" class="1000" name="buf_V_43_load_1">
<pin_list>
<pin id="41" dir="1" index="0" bw="1" slack="0"/>
</pin_list>
<bind>
<StgValue><ssdm name="buf_V_43_load_1"/></StgValue>
</bind>
</comp>

<comp id="42" class="1000" name="buf_V_42_load_1">
<pin_list>
<pin id="43" dir="1" index="0" bw="1" slack="0"/>
</pin_list>
<bind>
<StgValue><ssdm name="buf_V_42_load_1"/></StgValue>
</bind>
</comp>

<comp id="44" class="1000" name="buf_V_41_load_1">
<pin_list>
<pin id="45" dir="1" index="0" bw="1" slack="0"/>
</pin_list>
<bind>
<StgValue><ssdm name="buf_V_41_load_1"/></StgValue>
</bind>
</comp>

<comp id="46" class="1000" name="buf_V_40_load_1">
<pin_list>
<pin id="47" dir="1" index="0" bw="1" slack="0"/>
</pin_list>
<bind>
<StgValue><ssdm name="buf_V_40_load_1"/></StgValue>
</bind>
</comp>

<comp id="48" class="1000" name="buf_V_39_load_1">
<pin_list>
<pin id="49" dir="1" index="0" bw="1" slack="0"/>
</pin_list>
<bind>
<StgValue><ssdm name="buf_V_39_load_1"/></StgValue>
</bind>
</comp>

<comp id="50" class="1000" name="buf_V_38_load_1">
<pin_list>
<pin id="51" dir="1" index="0" bw="1" slack="0"/>
</pin_list>
<bind>
<StgValue><ssdm name="buf_V_38_load_1"/></StgValue>
</bind>
</comp>

<comp id="52" class="1000" name="buf_V_37_load_1">
<pin_list>
<pin id="53" dir="1" index="0" bw="1" slack="0"/>
</pin_list>
<bind>
<StgValue><ssdm name="buf_V_37_load_1"/></StgValue>
</bind>
</comp>

<comp id="54" class="1000" name="buf_V_36_load_1">
<pin_list>
<pin id="55" dir="1" index="0" bw="1" slack="0"/>
</pin_list>
<bind>
<StgValue><ssdm name="buf_V_36_load_1"/></StgValue>
</bind>
</comp>

<comp id="56" class="1000" name="buf_V_35_load_1">
<pin_list>
<pin id="57" dir="1" index="0" bw="1" slack="0"/>
</pin_list>
<bind>
<StgValue><ssdm name="buf_V_35_load_1"/></StgValue>
</bind>
</comp>

<comp id="58" class="1000" name="buf_V_34_load_1">
<pin_list>
<pin id="59" dir="1" index="0" bw="1" slack="0"/>
</pin_list>
<bind>
<StgValue><ssdm name="buf_V_34_load_1"/></StgValue>
</bind>
</comp>

<comp id="60" class="1000" name="buf_V_33_load_1">
<pin_list>
<pin id="61" dir="1" index="0" bw="1" slack="0"/>
</pin_list>
<bind>
<StgValue><ssdm name="buf_V_33_load_1"/></StgValue>
</bind>
</comp>

<comp id="62" class="1000" name="buf_V_32_load_1">
<pin_list>
<pin id="63" dir="1" index="0" bw="1" slack="0"/>
</pin_list>
<bind>
<StgValue><ssdm name="buf_V_32_load_1"/></StgValue>
</bind>
</comp>

<comp id="64" class="1000" name="buf_V_31_load_1">
<pin_list>
<pin id="65" dir="1" index="0" bw="1" slack="0"/>
</pin_list>
<bind>
<StgValue><ssdm name="buf_V_31_load_1"/></StgValue>
</bind>
</comp>

<comp id="66" class="1000" name="buf_V_30_load_1">
<pin_list>
<pin id="67" dir="1" index="0" bw="1" slack="0"/>
</pin_list>
<bind>
<StgValue><ssdm name="buf_V_30_load_1"/></StgValue>
</bind>
</comp>

<comp id="68" class="1000" name="buf_V_29_load_1">
<pin_list>
<pin id="69" dir="1" index="0" bw="1" slack="0"/>
</pin_list>
<bind>
<StgValue><ssdm name="buf_V_29_load_1"/></StgValue>
</bind>
</comp>

<comp id="70" class="1000" name="buf_V_28_load_1">
<pin_list>
<pin id="71" dir="1" index="0" bw="1" slack="0"/>
</pin_list>
<bind>
<StgValue><ssdm name="buf_V_28_load_1"/></StgValue>
</bind>
</comp>

<comp id="72" class="1000" name="buf_V_27_load_1">
<pin_list>
<pin id="73" dir="1" index="0" bw="1" slack="0"/>
</pin_list>
<bind>
<StgValue><ssdm name="buf_V_27_load_1"/></StgValue>
</bind>
</comp>

<comp id="74" class="1000" name="buf_V_26_load_1">
<pin_list>
<pin id="75" dir="1" index="0" bw="1" slack="0"/>
</pin_list>
<bind>
<StgValue><ssdm name="buf_V_26_load_1"/></StgValue>
</bind>
</comp>

<comp id="76" class="1000" name="buf_V_25_load_1">
<pin_list>
<pin id="77" dir="1" index="0" bw="1" slack="0"/>
</pin_list>
<bind>
<StgValue><ssdm name="buf_V_25_load_1"/></StgValue>
</bind>
</comp>

<comp id="78" class="1000" name="buf_V_24_load_1">
<pin_list>
<pin id="79" dir="1" index="0" bw="1" slack="0"/>
</pin_list>
<bind>
<StgValue><ssdm name="buf_V_24_load_1"/></StgValue>
</bind>
</comp>

<comp id="80" class="1000" name="buf_V_23_load_1">
<pin_list>
<pin id="81" dir="1" index="0" bw="1" slack="0"/>
</pin_list>
<bind>
<StgValue><ssdm name="buf_V_23_load_1"/></StgValue>
</bind>
</comp>

<comp id="82" class="1000" name="buf_V_22_load_1">
<pin_list>
<pin id="83" dir="1" index="0" bw="1" slack="0"/>
</pin_list>
<bind>
<StgValue><ssdm name="buf_V_22_load_1"/></StgValue>
</bind>
</comp>

<comp id="84" class="1000" name="buf_V_21_load_1">
<pin_list>
<pin id="85" dir="1" index="0" bw="1" slack="0"/>
</pin_list>
<bind>
<StgValue><ssdm name="buf_V_21_load_1"/></StgValue>
</bind>
</comp>

<comp id="86" class="1000" name="buf_V_20_load_1">
<pin_list>
<pin id="87" dir="1" index="0" bw="1" slack="0"/>
</pin_list>
<bind>
<StgValue><ssdm name="buf_V_20_load_1"/></StgValue>
</bind>
</comp>

<comp id="88" class="1000" name="buf_V_19_load_1">
<pin_list>
<pin id="89" dir="1" index="0" bw="1" slack="0"/>
</pin_list>
<bind>
<StgValue><ssdm name="buf_V_19_load_1"/></StgValue>
</bind>
</comp>

<comp id="90" class="1000" name="buf_V_18_load_1">
<pin_list>
<pin id="91" dir="1" index="0" bw="1" slack="0"/>
</pin_list>
<bind>
<StgValue><ssdm name="buf_V_18_load_1"/></StgValue>
</bind>
</comp>

<comp id="92" class="1000" name="buf_V_17_load_1">
<pin_list>
<pin id="93" dir="1" index="0" bw="1" slack="0"/>
</pin_list>
<bind>
<StgValue><ssdm name="buf_V_17_load_1"/></StgValue>
</bind>
</comp>

<comp id="94" class="1000" name="buf_V_16_load_1">
<pin_list>
<pin id="95" dir="1" index="0" bw="1" slack="0"/>
</pin_list>
<bind>
<StgValue><ssdm name="buf_V_16_load_1"/></StgValue>
</bind>
</comp>

<comp id="96" class="1000" name="buf_V_15_load_1">
<pin_list>
<pin id="97" dir="1" index="0" bw="1" slack="0"/>
</pin_list>
<bind>
<StgValue><ssdm name="buf_V_15_load_1"/></StgValue>
</bind>
</comp>

<comp id="98" class="1000" name="buf_V_14_load_1">
<pin_list>
<pin id="99" dir="1" index="0" bw="1" slack="0"/>
</pin_list>
<bind>
<StgValue><ssdm name="buf_V_14_load_1"/></StgValue>
</bind>
</comp>

<comp id="100" class="1000" name="buf_V_13_load_1">
<pin_list>
<pin id="101" dir="1" index="0" bw="1" slack="0"/>
</pin_list>
<bind>
<StgValue><ssdm name="buf_V_13_load_1"/></StgValue>
</bind>
</comp>

<comp id="102" class="1000" name="buf_V_12_load_1">
<pin_list>
<pin id="103" dir="1" index="0" bw="1" slack="0"/>
</pin_list>
<bind>
<StgValue><ssdm name="buf_V_12_load_1"/></StgValue>
</bind>
</comp>

<comp id="104" class="1000" name="buf_V_11_load_1">
<pin_list>
<pin id="105" dir="1" index="0" bw="1" slack="0"/>
</pin_list>
<bind>
<StgValue><ssdm name="buf_V_11_load_1"/></StgValue>
</bind>
</comp>

<comp id="106" class="1000" name="buf_V_10_load_1">
<pin_list>
<pin id="107" dir="1" index="0" bw="1" slack="0"/>
</pin_list>
<bind>
<StgValue><ssdm name="buf_V_10_load_1"/></StgValue>
</bind>
</comp>

<comp id="108" class="1000" name="buf_V_9_load_1">
<pin_list>
<pin id="109" dir="1" index="0" bw="1" slack="0"/>
</pin_list>
<bind>
<StgValue><ssdm name="buf_V_9_load_1"/></StgValue>
</bind>
</comp>

<comp id="110" class="1000" name="buf_V_8_load_1">
<pin_list>
<pin id="111" dir="1" index="0" bw="1" slack="0"/>
</pin_list>
<bind>
<StgValue><ssdm name="buf_V_8_load_1"/></StgValue>
</bind>
</comp>

<comp id="112" class="1000" name="buf_V_7_load_1">
<pin_list>
<pin id="113" dir="1" index="0" bw="1" slack="0"/>
</pin_list>
<bind>
<StgValue><ssdm name="buf_V_7_load_1"/></StgValue>
</bind>
</comp>

<comp id="114" class="1000" name="buf_V_6_load_1">
<pin_list>
<pin id="115" dir="1" index="0" bw="1" slack="0"/>
</pin_list>
<bind>
<StgValue><ssdm name="buf_V_6_load_1"/></StgValue>
</bind>
</comp>

<comp id="116" class="1000" name="buf_V_5_load_1">
<pin_list>
<pin id="117" dir="1" index="0" bw="1" slack="0"/>
</pin_list>
<bind>
<StgValue><ssdm name="buf_V_5_load_1"/></StgValue>
</bind>
</comp>

<comp id="118" class="1000" name="buf_V_4_load_1">
<pin_list>
<pin id="119" dir="1" index="0" bw="1" slack="0"/>
</pin_list>
<bind>
<StgValue><ssdm name="buf_V_4_load_1"/></StgValue>
</bind>
</comp>

<comp id="120" class="1000" name="buf_V_3_load_1">
<pin_list>
<pin id="121" dir="1" index="0" bw="1" slack="0"/>
</pin_list>
<bind>
<StgValue><ssdm name="buf_V_3_load_1"/></StgValue>
</bind>
</comp>

<comp id="122" class="1000" name="buf_V_2_load_1">
<pin_list>
<pin id="123" dir="1" index="0" bw="1" slack="0"/>
</pin_list>
<bind>
<StgValue><ssdm name="buf_V_2_load_1"/></StgValue>
</bind>
</comp>

<comp id="124" class="1000" name="buf_V_1_load_1">
<pin_list>
<pin id="125" dir="1" index="0" bw="1" slack="0"/>
</pin_list>
<bind>
<StgValue><ssdm name="buf_V_1_load_1"/></StgValue>
</bind>
</comp>

<comp id="126" class="1000" name="buf_V_load_1">
<pin_list>
<pin id="127" dir="1" index="0" bw="1" slack="0"/>
</pin_list>
<bind>
<StgValue><ssdm name="buf_V_load_1"/></StgValue>
</bind>
</comp>

<comp id="128" class="1000" name="buf_V_63">
<pin_list>
<pin id="129" dir="1" index="0" bw="1" slack="0"/>
</pin_list>
<bind>
<StgValue><ssdm name="buf_V_63"/><MemPortTyVec>0 3 </MemPortTyVec>
</StgValue>
</bind>
</comp>

<comp id="130" class="1000" name="zext_ln156">
<pin_list>
<pin id="131" dir="1" index="0" bw="1" slack="0"/>
</pin_list>
<bind>
<StgValue><ssdm name="zext_ln156"/></StgValue>
</bind>
</comp>

<comp id="132" class="1000" name="buf_V_62">
<pin_list>
<pin id="133" dir="1" index="0" bw="1" slack="0"/>
</pin_list>
<bind>
<StgValue><ssdm name="buf_V_62"/><MemPortTyVec>0 3 </MemPortTyVec>
</StgValue>
</bind>
</comp>

<comp id="134" class="1000" name="buf_V_61">
<pin_list>
<pin id="135" dir="1" index="0" bw="1" slack="0"/>
</pin_list>
<bind>
<StgValue><ssdm name="buf_V_61"/><MemPortTyVec>0 3 </MemPortTyVec>
</StgValue>
</bind>
</comp>

<comp id="136" class="1000" name="buf_V_60">
<pin_list>
<pin id="137" dir="1" index="0" bw="1" slack="0"/>
</pin_list>
<bind>
<StgValue><ssdm name="buf_V_60"/><MemPortTyVec>0 3 </MemPortTyVec>
</StgValue>
</bind>
</comp>

<comp id="138" class="1000" name="buf_V_59">
<pin_list>
<pin id="139" dir="1" index="0" bw="1" slack="0"/>
</pin_list>
<bind>
<StgValue><ssdm name="buf_V_59"/><MemPortTyVec>0 3 </MemPortTyVec>
</StgValue>
</bind>
</comp>

<comp id="140" class="1000" name="buf_V_58">
<pin_list>
<pin id="141" dir="1" index="0" bw="1" slack="0"/>
</pin_list>
<bind>
<StgValue><ssdm name="buf_V_58"/><MemPortTyVec>0 3 </MemPortTyVec>
</StgValue>
</bind>
</comp>

<comp id="142" class="1000" name="buf_V_57">
<pin_list>
<pin id="143" dir="1" index="0" bw="1" slack="0"/>
</pin_list>
<bind>
<StgValue><ssdm name="buf_V_57"/><MemPortTyVec>0 3 </MemPortTyVec>
</StgValue>
</bind>
</comp>

<comp id="144" class="1000" name="buf_V_56">
<pin_list>
<pin id="145" dir="1" index="0" bw="1" slack="0"/>
</pin_list>
<bind>
<StgValue><ssdm name="buf_V_56"/><MemPortTyVec>0 3 </MemPortTyVec>
</StgValue>
</bind>
</comp>

<comp id="146" class="1000" name="buf_V_55">
<pin_list>
<pin id="147" dir="1" index="0" bw="1" slack="0"/>
</pin_list>
<bind>
<StgValue><ssdm name="buf_V_55"/><MemPortTyVec>0 3 </MemPortTyVec>
</StgValue>
</bind>
</comp>

<comp id="148" class="1000" name="buf_V_54">
<pin_list>
<pin id="149" dir="1" index="0" bw="1" slack="0"/>
</pin_list>
<bind>
<StgValue><ssdm name="buf_V_54"/><MemPortTyVec>0 3 </MemPortTyVec>
</StgValue>
</bind>
</comp>

<comp id="150" class="1000" name="buf_V_53">
<pin_list>
<pin id="151" dir="1" index="0" bw="1" slack="0"/>
</pin_list>
<bind>
<StgValue><ssdm name="buf_V_53"/><MemPortTyVec>0 3 </MemPortTyVec>
</StgValue>
</bind>
</comp>

<comp id="152" class="1000" name="buf_V_52">
<pin_list>
<pin id="153" dir="1" index="0" bw="1" slack="0"/>
</pin_list>
<bind>
<StgValue><ssdm name="buf_V_52"/><MemPortTyVec>0 3 </MemPortTyVec>
</StgValue>
</bind>
</comp>

<comp id="154" class="1000" name="buf_V_51">
<pin_list>
<pin id="155" dir="1" index="0" bw="1" slack="0"/>
</pin_list>
<bind>
<StgValue><ssdm name="buf_V_51"/><MemPortTyVec>0 3 </MemPortTyVec>
</StgValue>
</bind>
</comp>

<comp id="156" class="1000" name="buf_V_50">
<pin_list>
<pin id="157" dir="1" index="0" bw="1" slack="0"/>
</pin_list>
<bind>
<StgValue><ssdm name="buf_V_50"/><MemPortTyVec>0 3 </MemPortTyVec>
</StgValue>
</bind>
</comp>

<comp id="158" class="1000" name="buf_V_49">
<pin_list>
<pin id="159" dir="1" index="0" bw="1" slack="0"/>
</pin_list>
<bind>
<StgValue><ssdm name="buf_V_49"/><MemPortTyVec>0 3 </MemPortTyVec>
</StgValue>
</bind>
</comp>

<comp id="160" class="1000" name="buf_V_48">
<pin_list>
<pin id="161" dir="1" index="0" bw="1" slack="0"/>
</pin_list>
<bind>
<StgValue><ssdm name="buf_V_48"/><MemPortTyVec>0 3 </MemPortTyVec>
</StgValue>
</bind>
</comp>

<comp id="162" class="1000" name="buf_V_47">
<pin_list>
<pin id="163" dir="1" index="0" bw="1" slack="0"/>
</pin_list>
<bind>
<StgValue><ssdm name="buf_V_47"/><MemPortTyVec>0 3 </MemPortTyVec>
</StgValue>
</bind>
</comp>

<comp id="164" class="1000" name="buf_V_46">
<pin_list>
<pin id="165" dir="1" index="0" bw="1" slack="0"/>
</pin_list>
<bind>
<StgValue><ssdm name="buf_V_46"/><MemPortTyVec>0 3 </MemPortTyVec>
</StgValue>
</bind>
</comp>

<comp id="166" class="1000" name="buf_V_45">
<pin_list>
<pin id="167" dir="1" index="0" bw="1" slack="0"/>
</pin_list>
<bind>
<StgValue><ssdm name="buf_V_45"/><MemPortTyVec>0 3 </MemPortTyVec>
</StgValue>
</bind>
</comp>

<comp id="168" class="1000" name="buf_V_44">
<pin_list>
<pin id="169" dir="1" index="0" bw="1" slack="0"/>
</pin_list>
<bind>
<StgValue><ssdm name="buf_V_44"/><MemPortTyVec>0 3 </MemPortTyVec>
</StgValue>
</bind>
</comp>

<comp id="170" class="1000" name="buf_V_43">
<pin_list>
<pin id="171" dir="1" index="0" bw="1" slack="0"/>
</pin_list>
<bind>
<StgValue><ssdm name="buf_V_43"/><MemPortTyVec>0 3 </MemPortTyVec>
</StgValue>
</bind>
</comp>

<comp id="172" class="1000" name="buf_V_42">
<pin_list>
<pin id="173" dir="1" index="0" bw="1" slack="0"/>
</pin_list>
<bind>
<StgValue><ssdm name="buf_V_42"/><MemPortTyVec>0 3 </MemPortTyVec>
</StgValue>
</bind>
</comp>

<comp id="174" class="1000" name="buf_V_41">
<pin_list>
<pin id="175" dir="1" index="0" bw="1" slack="0"/>
</pin_list>
<bind>
<StgValue><ssdm name="buf_V_41"/><MemPortTyVec>0 3 </MemPortTyVec>
</StgValue>
</bind>
</comp>

<comp id="176" class="1000" name="buf_V_40">
<pin_list>
<pin id="177" dir="1" index="0" bw="1" slack="0"/>
</pin_list>
<bind>
<StgValue><ssdm name="buf_V_40"/><MemPortTyVec>0 3 </MemPortTyVec>
</StgValue>
</bind>
</comp>

<comp id="178" class="1000" name="buf_V_39">
<pin_list>
<pin id="179" dir="1" index="0" bw="1" slack="0"/>
</pin_list>
<bind>
<StgValue><ssdm name="buf_V_39"/><MemPortTyVec>0 3 </MemPortTyVec>
</StgValue>
</bind>
</comp>

<comp id="180" class="1000" name="buf_V_38">
<pin_list>
<pin id="181" dir="1" index="0" bw="1" slack="0"/>
</pin_list>
<bind>
<StgValue><ssdm name="buf_V_38"/><MemPortTyVec>0 3 </MemPortTyVec>
</StgValue>
</bind>
</comp>

<comp id="182" class="1000" name="buf_V_37">
<pin_list>
<pin id="183" dir="1" index="0" bw="1" slack="0"/>
</pin_list>
<bind>
<StgValue><ssdm name="buf_V_37"/><MemPortTyVec>0 3 </MemPortTyVec>
</StgValue>
</bind>
</comp>

<comp id="184" class="1000" name="buf_V_36">
<pin_list>
<pin id="185" dir="1" index="0" bw="1" slack="0"/>
</pin_list>
<bind>
<StgValue><ssdm name="buf_V_36"/><MemPortTyVec>0 3 </MemPortTyVec>
</StgValue>
</bind>
</comp>

<comp id="186" class="1000" name="buf_V_35">
<pin_list>
<pin id="187" dir="1" index="0" bw="1" slack="0"/>
</pin_list>
<bind>
<StgValue><ssdm name="buf_V_35"/><MemPortTyVec>0 3 </MemPortTyVec>
</StgValue>
</bind>
</comp>

<comp id="188" class="1000" name="buf_V_34">
<pin_list>
<pin id="189" dir="1" index="0" bw="1" slack="0"/>
</pin_list>
<bind>
<StgValue><ssdm name="buf_V_34"/><MemPortTyVec>0 3 </MemPortTyVec>
</StgValue>
</bind>
</comp>

<comp id="190" class="1000" name="buf_V_33">
<pin_list>
<pin id="191" dir="1" index="0" bw="1" slack="0"/>
</pin_list>
<bind>
<StgValue><ssdm name="buf_V_33"/><MemPortTyVec>0 3 </MemPortTyVec>
</StgValue>
</bind>
</comp>

<comp id="192" class="1000" name="buf_V_32">
<pin_list>
<pin id="193" dir="1" index="0" bw="1" slack="0"/>
</pin_list>
<bind>
<StgValue><ssdm name="buf_V_32"/><MemPortTyVec>0 3 </MemPortTyVec>
</StgValue>
</bind>
</comp>

<comp id="194" class="1000" name="buf_V_31">
<pin_list>
<pin id="195" dir="1" index="0" bw="1" slack="0"/>
</pin_list>
<bind>
<StgValue><ssdm name="buf_V_31"/><MemPortTyVec>0 3 </MemPortTyVec>
</StgValue>
</bind>
</comp>

<comp id="196" class="1000" name="buf_V_30">
<pin_list>
<pin id="197" dir="1" index="0" bw="1" slack="0"/>
</pin_list>
<bind>
<StgValue><ssdm name="buf_V_30"/><MemPortTyVec>0 3 </MemPortTyVec>
</StgValue>
</bind>
</comp>

<comp id="198" class="1000" name="buf_V_29">
<pin_list>
<pin id="199" dir="1" index="0" bw="1" slack="0"/>
</pin_list>
<bind>
<StgValue><ssdm name="buf_V_29"/><MemPortTyVec>0 3 </MemPortTyVec>
</StgValue>
</bind>
</comp>

<comp id="200" class="1000" name="buf_V_28">
<pin_list>
<pin id="201" dir="1" index="0" bw="1" slack="0"/>
</pin_list>
<bind>
<StgValue><ssdm name="buf_V_28"/><MemPortTyVec>0 3 </MemPortTyVec>
</StgValue>
</bind>
</comp>

<comp id="202" class="1000" name="buf_V_27">
<pin_list>
<pin id="203" dir="1" index="0" bw="1" slack="0"/>
</pin_list>
<bind>
<StgValue><ssdm name="buf_V_27"/><MemPortTyVec>0 3 </MemPortTyVec>
</StgValue>
</bind>
</comp>

<comp id="204" class="1000" name="buf_V_26">
<pin_list>
<pin id="205" dir="1" index="0" bw="1" slack="0"/>
</pin_list>
<bind>
<StgValue><ssdm name="buf_V_26"/><MemPortTyVec>0 3 </MemPortTyVec>
</StgValue>
</bind>
</comp>

<comp id="206" class="1000" name="buf_V_25">
<pin_list>
<pin id="207" dir="1" index="0" bw="1" slack="0"/>
</pin_list>
<bind>
<StgValue><ssdm name="buf_V_25"/><MemPortTyVec>0 3 </MemPortTyVec>
</StgValue>
</bind>
</comp>

<comp id="208" class="1000" name="buf_V_24">
<pin_list>
<pin id="209" dir="1" index="0" bw="1" slack="0"/>
</pin_list>
<bind>
<StgValue><ssdm name="buf_V_24"/><MemPortTyVec>0 3 </MemPortTyVec>
</StgValue>
</bind>
</comp>

<comp id="210" class="1000" name="buf_V_23">
<pin_list>
<pin id="211" dir="1" index="0" bw="1" slack="0"/>
</pin_list>
<bind>
<StgValue><ssdm name="buf_V_23"/><MemPortTyVec>0 3 </MemPortTyVec>
</StgValue>
</bind>
</comp>

<comp id="212" class="1000" name="buf_V_22">
<pin_list>
<pin id="213" dir="1" index="0" bw="1" slack="0"/>
</pin_list>
<bind>
<StgValue><ssdm name="buf_V_22"/><MemPortTyVec>0 3 </MemPortTyVec>
</StgValue>
</bind>
</comp>

<comp id="214" class="1000" name="buf_V_21">
<pin_list>
<pin id="215" dir="1" index="0" bw="1" slack="0"/>
</pin_list>
<bind>
<StgValue><ssdm name="buf_V_21"/><MemPortTyVec>0 3 </MemPortTyVec>
</StgValue>
</bind>
</comp>

<comp id="216" class="1000" name="buf_V_20">
<pin_list>
<pin id="217" dir="1" index="0" bw="1" slack="0"/>
</pin_list>
<bind>
<StgValue><ssdm name="buf_V_20"/><MemPortTyVec>0 3 </MemPortTyVec>
</StgValue>
</bind>
</comp>

<comp id="218" class="1000" name="buf_V_19">
<pin_list>
<pin id="219" dir="1" index="0" bw="1" slack="0"/>
</pin_list>
<bind>
<StgValue><ssdm name="buf_V_19"/><MemPortTyVec>0 3 </MemPortTyVec>
</StgValue>
</bind>
</comp>

<comp id="220" class="1000" name="buf_V_18">
<pin_list>
<pin id="221" dir="1" index="0" bw="1" slack="0"/>
</pin_list>
<bind>
<StgValue><ssdm name="buf_V_18"/><MemPortTyVec>0 3 </MemPortTyVec>
</StgValue>
</bind>
</comp>

<comp id="222" class="1000" name="buf_V_17">
<pin_list>
<pin id="223" dir="1" index="0" bw="1" slack="0"/>
</pin_list>
<bind>
<StgValue><ssdm name="buf_V_17"/><MemPortTyVec>0 3 </MemPortTyVec>
</StgValue>
</bind>
</comp>

<comp id="224" class="1000" name="buf_V_16">
<pin_list>
<pin id="225" dir="1" index="0" bw="1" slack="0"/>
</pin_list>
<bind>
<StgValue><ssdm name="buf_V_16"/><MemPortTyVec>0 3 </MemPortTyVec>
</StgValue>
</bind>
</comp>

<comp id="226" class="1000" name="buf_V_15">
<pin_list>
<pin id="227" dir="1" index="0" bw="1" slack="0"/>
</pin_list>
<bind>
<StgValue><ssdm name="buf_V_15"/><MemPortTyVec>0 3 </MemPortTyVec>
</StgValue>
</bind>
</comp>

<comp id="228" class="1000" name="buf_V_14">
<pin_list>
<pin id="229" dir="1" index="0" bw="1" slack="0"/>
</pin_list>
<bind>
<StgValue><ssdm name="buf_V_14"/><MemPortTyVec>0 3 </MemPortTyVec>
</StgValue>
</bind>
</comp>

<comp id="230" class="1000" name="buf_V_13">
<pin_list>
<pin id="231" dir="1" index="0" bw="1" slack="0"/>
</pin_list>
<bind>
<StgValue><ssdm name="buf_V_13"/><MemPortTyVec>0 3 </MemPortTyVec>
</StgValue>
</bind>
</comp>

<comp id="232" class="1000" name="buf_V_12">
<pin_list>
<pin id="233" dir="1" index="0" bw="1" slack="0"/>
</pin_list>
<bind>
<StgValue><ssdm name="buf_V_12"/><MemPortTyVec>0 3 </MemPortTyVec>
</StgValue>
</bind>
</comp>

<comp id="234" class="1000" name="buf_V_11">
<pin_list>
<pin id="235" dir="1" index="0" bw="1" slack="0"/>
</pin_list>
<bind>
<StgValue><ssdm name="buf_V_11"/><MemPortTyVec>0 3 </MemPortTyVec>
</StgValue>
</bind>
</comp>

<comp id="236" class="1000" name="buf_V_10">
<pin_list>
<pin id="237" dir="1" index="0" bw="1" slack="0"/>
</pin_list>
<bind>
<StgValue><ssdm name="buf_V_10"/><MemPortTyVec>0 3 </MemPortTyVec>
</StgValue>
</bind>
</comp>

<comp id="238" class="1000" name="buf_V_9">
<pin_list>
<pin id="239" dir="1" index="0" bw="1" slack="0"/>
</pin_list>
<bind>
<StgValue><ssdm name="buf_V_9"/><MemPortTyVec>0 3 </MemPortTyVec>
</StgValue>
</bind>
</comp>

<comp id="240" class="1000" name="buf_V_8">
<pin_list>
<pin id="241" dir="1" index="0" bw="1" slack="0"/>
</pin_list>
<bind>
<StgValue><ssdm name="buf_V_8"/><MemPortTyVec>0 3 </MemPortTyVec>
</StgValue>
</bind>
</comp>

<comp id="242" class="1000" name="buf_V_7">
<pin_list>
<pin id="243" dir="1" index="0" bw="1" slack="0"/>
</pin_list>
<bind>
<StgValue><ssdm name="buf_V_7"/><MemPortTyVec>0 3 </MemPortTyVec>
</StgValue>
</bind>
</comp>

<comp id="244" class="1000" name="buf_V_6">
<pin_list>
<pin id="245" dir="1" index="0" bw="1" slack="0"/>
</pin_list>
<bind>
<StgValue><ssdm name="buf_V_6"/><MemPortTyVec>0 3 </MemPortTyVec>
</StgValue>
</bind>
</comp>

<comp id="246" class="1000" name="buf_V_5">
<pin_list>
<pin id="247" dir="1" index="0" bw="1" slack="0"/>
</pin_list>
<bind>
<StgValue><ssdm name="buf_V_5"/><MemPortTyVec>0 3 </MemPortTyVec>
</StgValue>
</bind>
</comp>

<comp id="248" class="1000" name="buf_V_4">
<pin_list>
<pin id="249" dir="1" index="0" bw="1" slack="0"/>
</pin_list>
<bind>
<StgValue><ssdm name="buf_V_4"/><MemPortTyVec>0 3 </MemPortTyVec>
</StgValue>
</bind>
</comp>

<comp id="250" class="1000" name="buf_V_3">
<pin_list>
<pin id="251" dir="1" index="0" bw="1" slack="0"/>
</pin_list>
<bind>
<StgValue><ssdm name="buf_V_3"/><MemPortTyVec>0 3 </MemPortTyVec>
</StgValue>
</bind>
</comp>

<comp id="252" class="1000" name="buf_V_2">
<pin_list>
<pin id="253" dir="1" index="0" bw="1" slack="0"/>
</pin_list>
<bind>
<StgValue><ssdm name="buf_V_2"/><MemPortTyVec>0 3 </MemPortTyVec>
</StgValue>
</bind>
</comp>

<comp id="254" class="1000" name="buf_V_1">
<pin_list>
<pin id="255" dir="1" index="0" bw="1" slack="0"/>
</pin_list>
<bind>
<StgValue><ssdm name="buf_V_1"/><MemPortTyVec>0 3 </MemPortTyVec>
</StgValue>
</bind>
</comp>

<comp id="256" class="1000" name="buf_V">
<pin_list>
<pin id="257" dir="1" index="0" bw="1" slack="0"/>
</pin_list>
<bind>
<StgValue><ssdm name="buf_V"/><MemPortTyVec>0 3 </MemPortTyVec>
</StgValue>
</bind>
</comp>

<comp id="258" class="1000" name="in0_V">
<pin_list>
<pin id="259" dir="1" index="0" bw="1" slack="0"/>
</pin_list>
<bind>
<StgValue><ssdm name="in0_V"/></StgValue>
</bind>
</comp>

<comp id="260" class="1001" name="const_260">
<pin_list>
<pin id="261" dir="1" index="0" bw="1" slack="0"/>
</pin_list>
<bind>
<StgValue><ssdm name=""/></StgValue>
</bind>
</comp>

<comp id="262" class="1001" name="const_262">
<pin_list>
<pin id="263" dir="1" index="0" bw="1" slack="0"/>
</pin_list>
<bind>
<StgValue><ssdm name="_ssdm_op_Read.ap_auto.i3"/></StgValue>
</bind>
</comp>

<comp id="264" class="1001" name="const_264">
<pin_list>
<pin id="265" dir="1" index="0" bw="1" slack="0"/>
</pin_list>
<bind>
<StgValue><ssdm name="_ssdm_op_Read.ap_auto.i4"/></StgValue>
</bind>
</comp>

<comp id="266" class="1001" name="const_266">
<pin_list>
<pin id="267" dir="1" index="0" bw="1" slack="2147483647"/>
</pin_list>
<bind>
<StgValue><ssdm name="_ssdm_op_SpecInterface"/></StgValue>
</bind>
</comp>

<comp id="268" class="1001" name="const_268">
<pin_list>
<pin id="269" dir="1" index="0" bw="1" slack="2147483647"/>
</pin_list>
<bind>
<StgValue><ssdm name="empty"/></StgValue>
</bind>
</comp>

<comp id="270" class="1001" name="const_270">
<pin_list>
<pin id="271" dir="1" index="0" bw="1" slack="2147483647"/>
</pin_list>
<bind>
<StgValue><ssdm name=""/></StgValue>
</bind>
</comp>

<comp id="272" class="1001" name="const_272">
<pin_list>
<pin id="273" dir="1" index="0" bw="1" slack="2147483647"/>
</pin_list>
<bind>
<StgValue><ssdm name="empty_0"/></StgValue>
</bind>
</comp>

<comp id="274" class="1001" name="const_274">
<pin_list>
<pin id="275" dir="1" index="0" bw="1" slack="2147483647"/>
</pin_list>
<bind>
<StgValue><ssdm name="empty_1"/></StgValue>
</bind>
</comp>

<comp id="276" class="1001" name="const_276">
<pin_list>
<pin id="277" dir="1" index="0" bw="1" slack="2147483647"/>
</pin_list>
<bind>
<StgValue><ssdm name=""/></StgValue>
</bind>
</comp>

<comp id="278" class="1001" name="const_278">
<pin_list>
<pin id="279" dir="1" index="0" bw="1" slack="0"/>
</pin_list>
<bind>
<StgValue><ssdm name=""/></StgValue>
</bind>
</comp>

<comp id="280" class="1001" name="const_280">
<pin_list>
<pin id="281" dir="1" index="0" bw="1" slack="0"/>
</pin_list>
<bind>
<StgValue><ssdm name=""/></StgValue>
</bind>
</comp>

<comp id="282" class="1001" name="const_282">
<pin_list>
<pin id="283" dir="1" index="0" bw="1" slack="0"/>
</pin_list>
<bind>
<StgValue><ssdm name=""/></StgValue>
</bind>
</comp>

<comp id="284" class="1001" name="const_284">
<pin_list>
<pin id="285" dir="1" index="0" bw="1" slack="2147483647"/>
</pin_list>
<bind>
<StgValue><ssdm name="_ssdm_op_SpecLoopTripCount"/></StgValue>
</bind>
</comp>

<comp id="286" class="1001" name="const_286">
<pin_list>
<pin id="287" dir="1" index="0" bw="1" slack="2147483647"/>
</pin_list>
<bind>
<StgValue><ssdm name=""/></StgValue>
</bind>
</comp>

<comp id="288" class="1001" name="const_288">
<pin_list>
<pin id="289" dir="1" index="0" bw="1" slack="0"/>
</pin_list>
<bind>
<StgValue><ssdm name=""/></StgValue>
</bind>
</comp>

<comp id="290" class="1001" name="const_290">
<pin_list>
<pin id="291" dir="1" index="0" bw="1" slack="2147483647"/>
</pin_list>
<bind>
<StgValue><ssdm name="_ssdm_op_SpecPipeline"/></StgValue>
</bind>
</comp>

<comp id="292" class="1001" name="const_292">
<pin_list>
<pin id="293" dir="1" index="0" bw="1" slack="2147483647"/>
</pin_list>
<bind>
<StgValue><ssdm name=""/></StgValue>
</bind>
</comp>

<comp id="294" class="1001" name="const_294">
<pin_list>
<pin id="295" dir="1" index="0" bw="1" slack="2147483647"/>
</pin_list>
<bind>
<StgValue><ssdm name="_ssdm_op_SpecLoopName"/></StgValue>
</bind>
</comp>

<comp id="296" class="1001" name="const_296">
<pin_list>
<pin id="297" dir="1" index="0" bw="1" slack="2147483647"/>
</pin_list>
<bind>
<StgValue><ssdm name="empty_4"/></StgValue>
</bind>
</comp>

<comp id="298" class="1001" name="const_298">
<pin_list>
<pin id="299" dir="1" index="0" bw="1" slack="0"/>
</pin_list>
<bind>
<StgValue><ssdm name="_ssdm_op_Read.axis.volatile.i256P128A"/></StgValue>
</bind>
</comp>

<comp id="300" class="1001" name="const_300">
<pin_list>
<pin id="301" dir="1" index="0" bw="1" slack="0"/>
</pin_list>
<bind>
<StgValue><ssdm name="_ssdm_op_PartSelect.i4.i256.i32.i32"/></StgValue>
</bind>
</comp>

<comp id="302" class="1001" name="const_302">
<pin_list>
<pin id="303" dir="1" index="0" bw="1" slack="0"/>
</pin_list>
<bind>
<StgValue><ssdm name=""/></StgValue>
</bind>
</comp>

<comp id="304" class="1001" name="const_304">
<pin_list>
<pin id="305" dir="1" index="0" bw="1" slack="0"/>
</pin_list>
<bind>
<StgValue><ssdm name=""/></StgValue>
</bind>
</comp>

<comp id="306" class="1001" name="const_306">
<pin_list>
<pin id="307" dir="1" index="0" bw="1" slack="0"/>
</pin_list>
<bind>
<StgValue><ssdm name=""/></StgValue>
</bind>
</comp>

<comp id="308" class="1001" name="const_308">
<pin_list>
<pin id="309" dir="1" index="0" bw="1" slack="0"/>
</pin_list>
<bind>
<StgValue><ssdm name=""/></StgValue>
</bind>
</comp>

<comp id="310" class="1001" name="const_310">
<pin_list>
<pin id="311" dir="1" index="0" bw="1" slack="0"/>
</pin_list>
<bind>
<StgValue><ssdm name=""/></StgValue>
</bind>
</comp>

<comp id="312" class="1001" name="const_312">
<pin_list>
<pin id="313" dir="1" index="0" bw="1" slack="0"/>
</pin_list>
<bind>
<StgValue><ssdm name=""/></StgValue>
</bind>
</comp>

<comp id="314" class="1001" name="const_314">
<pin_list>
<pin id="315" dir="1" index="0" bw="1" slack="0"/>
</pin_list>
<bind>
<StgValue><ssdm name=""/></StgValue>
</bind>
</comp>

<comp id="316" class="1001" name="const_316">
<pin_list>
<pin id="317" dir="1" index="0" bw="1" slack="0"/>
</pin_list>
<bind>
<StgValue><ssdm name=""/></StgValue>
</bind>
</comp>

<comp id="318" class="1001" name="const_318">
<pin_list>
<pin id="319" dir="1" index="0" bw="1" slack="0"/>
</pin_list>
<bind>
<StgValue><ssdm name=""/></StgValue>
</bind>
</comp>

<comp id="320" class="1001" name="const_320">
<pin_list>
<pin id="321" dir="1" index="0" bw="1" slack="0"/>
</pin_list>
<bind>
<StgValue><ssdm name=""/></StgValue>
</bind>
</comp>

<comp id="322" class="1001" name="const_322">
<pin_list>
<pin id="323" dir="1" index="0" bw="1" slack="0"/>
</pin_list>
<bind>
<StgValue><ssdm name=""/></StgValue>
</bind>
</comp>

<comp id="324" class="1001" name="const_324">
<pin_list>
<pin id="325" dir="1" index="0" bw="1" slack="0"/>
</pin_list>
<bind>
<StgValue><ssdm name=""/></StgValue>
</bind>
</comp>

<comp id="326" class="1001" name="const_326">
<pin_list>
<pin id="327" dir="1" index="0" bw="1" slack="0"/>
</pin_list>
<bind>
<StgValue><ssdm name=""/></StgValue>
</bind>
</comp>

<comp id="328" class="1001" name="const_328">
<pin_list>
<pin id="329" dir="1" index="0" bw="1" slack="0"/>
</pin_list>
<bind>
<StgValue><ssdm name=""/></StgValue>
</bind>
</comp>

<comp id="330" class="1001" name="const_330">
<pin_list>
<pin id="331" dir="1" index="0" bw="1" slack="0"/>
</pin_list>
<bind>
<StgValue><ssdm name=""/></StgValue>
</bind>
</comp>

<comp id="332" class="1001" name="const_332">
<pin_list>
<pin id="333" dir="1" index="0" bw="1" slack="0"/>
</pin_list>
<bind>
<StgValue><ssdm name=""/></StgValue>
</bind>
</comp>

<comp id="334" class="1001" name="const_334">
<pin_list>
<pin id="335" dir="1" index="0" bw="1" slack="0"/>
</pin_list>
<bind>
<StgValue><ssdm name=""/></StgValue>
</bind>
</comp>

<comp id="336" class="1001" name="const_336">
<pin_list>
<pin id="337" dir="1" index="0" bw="1" slack="0"/>
</pin_list>
<bind>
<StgValue><ssdm name=""/></StgValue>
</bind>
</comp>

<comp id="338" class="1001" name="const_338">
<pin_list>
<pin id="339" dir="1" index="0" bw="1" slack="0"/>
</pin_list>
<bind>
<StgValue><ssdm name=""/></StgValue>
</bind>
</comp>

<comp id="340" class="1001" name="const_340">
<pin_list>
<pin id="341" dir="1" index="0" bw="1" slack="0"/>
</pin_list>
<bind>
<StgValue><ssdm name=""/></StgValue>
</bind>
</comp>

<comp id="342" class="1001" name="const_342">
<pin_list>
<pin id="343" dir="1" index="0" bw="1" slack="0"/>
</pin_list>
<bind>
<StgValue><ssdm name=""/></StgValue>
</bind>
</comp>

<comp id="344" class="1001" name="const_344">
<pin_list>
<pin id="345" dir="1" index="0" bw="1" slack="0"/>
</pin_list>
<bind>
<StgValue><ssdm name=""/></StgValue>
</bind>
</comp>

<comp id="346" class="1001" name="const_346">
<pin_list>
<pin id="347" dir="1" index="0" bw="1" slack="0"/>
</pin_list>
<bind>
<StgValue><ssdm name=""/></StgValue>
</bind>
</comp>

<comp id="348" class="1001" name="const_348">
<pin_list>
<pin id="349" dir="1" index="0" bw="1" slack="0"/>
</pin_list>
<bind>
<StgValue><ssdm name=""/></StgValue>
</bind>
</comp>

<comp id="350" class="1001" name="const_350">
<pin_list>
<pin id="351" dir="1" index="0" bw="1" slack="0"/>
</pin_list>
<bind>
<StgValue><ssdm name=""/></StgValue>
</bind>
</comp>

<comp id="352" class="1001" name="const_352">
<pin_list>
<pin id="353" dir="1" index="0" bw="1" slack="0"/>
</pin_list>
<bind>
<StgValue><ssdm name=""/></StgValue>
</bind>
</comp>

<comp id="354" class="1001" name="const_354">
<pin_list>
<pin id="355" dir="1" index="0" bw="1" slack="0"/>
</pin_list>
<bind>
<StgValue><ssdm name=""/></StgValue>
</bind>
</comp>

<comp id="356" class="1001" name="const_356">
<pin_list>
<pin id="357" dir="1" index="0" bw="1" slack="0"/>
</pin_list>
<bind>
<StgValue><ssdm name=""/></StgValue>
</bind>
</comp>

<comp id="358" class="1001" name="const_358">
<pin_list>
<pin id="359" dir="1" index="0" bw="1" slack="0"/>
</pin_list>
<bind>
<StgValue><ssdm name=""/></StgValue>
</bind>
</comp>

<comp id="360" class="1001" name="const_360">
<pin_list>
<pin id="361" dir="1" index="0" bw="1" slack="0"/>
</pin_list>
<bind>
<StgValue><ssdm name=""/></StgValue>
</bind>
</comp>

<comp id="362" class="1001" name="const_362">
<pin_list>
<pin id="363" dir="1" index="0" bw="1" slack="0"/>
</pin_list>
<bind>
<StgValue><ssdm name=""/></StgValue>
</bind>
</comp>

<comp id="364" class="1001" name="const_364">
<pin_list>
<pin id="365" dir="1" index="0" bw="1" slack="0"/>
</pin_list>
<bind>
<StgValue><ssdm name=""/></StgValue>
</bind>
</comp>

<comp id="366" class="1001" name="const_366">
<pin_list>
<pin id="367" dir="1" index="0" bw="1" slack="0"/>
</pin_list>
<bind>
<StgValue><ssdm name=""/></StgValue>
</bind>
</comp>

<comp id="368" class="1001" name="const_368">
<pin_list>
<pin id="369" dir="1" index="0" bw="1" slack="0"/>
</pin_list>
<bind>
<StgValue><ssdm name=""/></StgValue>
</bind>
</comp>

<comp id="370" class="1001" name="const_370">
<pin_list>
<pin id="371" dir="1" index="0" bw="1" slack="0"/>
</pin_list>
<bind>
<StgValue><ssdm name=""/></StgValue>
</bind>
</comp>

<comp id="372" class="1001" name="const_372">
<pin_list>
<pin id="373" dir="1" index="0" bw="1" slack="0"/>
</pin_list>
<bind>
<StgValue><ssdm name=""/></StgValue>
</bind>
</comp>

<comp id="374" class="1001" name="const_374">
<pin_list>
<pin id="375" dir="1" index="0" bw="1" slack="0"/>
</pin_list>
<bind>
<StgValue><ssdm name=""/></StgValue>
</bind>
</comp>

<comp id="376" class="1001" name="const_376">
<pin_list>
<pin id="377" dir="1" index="0" bw="1" slack="0"/>
</pin_list>
<bind>
<StgValue><ssdm name=""/></StgValue>
</bind>
</comp>

<comp id="378" class="1001" name="const_378">
<pin_list>
<pin id="379" dir="1" index="0" bw="1" slack="0"/>
</pin_list>
<bind>
<StgValue><ssdm name=""/></StgValue>
</bind>
</comp>

<comp id="380" class="1001" name="const_380">
<pin_list>
<pin id="381" dir="1" index="0" bw="1" slack="0"/>
</pin_list>
<bind>
<StgValue><ssdm name=""/></StgValue>
</bind>
</comp>

<comp id="382" class="1001" name="const_382">
<pin_list>
<pin id="383" dir="1" index="0" bw="1" slack="0"/>
</pin_list>
<bind>
<StgValue><ssdm name=""/></StgValue>
</bind>
</comp>

<comp id="384" class="1001" name="const_384">
<pin_list>
<pin id="385" dir="1" index="0" bw="1" slack="0"/>
</pin_list>
<bind>
<StgValue><ssdm name=""/></StgValue>
</bind>
</comp>

<comp id="386" class="1001" name="const_386">
<pin_list>
<pin id="387" dir="1" index="0" bw="1" slack="0"/>
</pin_list>
<bind>
<StgValue><ssdm name=""/></StgValue>
</bind>
</comp>

<comp id="388" class="1001" name="const_388">
<pin_list>
<pin id="389" dir="1" index="0" bw="1" slack="0"/>
</pin_list>
<bind>
<StgValue><ssdm name=""/></StgValue>
</bind>
</comp>

<comp id="390" class="1001" name="const_390">
<pin_list>
<pin id="391" dir="1" index="0" bw="1" slack="0"/>
</pin_list>
<bind>
<StgValue><ssdm name=""/></StgValue>
</bind>
</comp>

<comp id="392" class="1001" name="const_392">
<pin_list>
<pin id="393" dir="1" index="0" bw="1" slack="0"/>
</pin_list>
<bind>
<StgValue><ssdm name=""/></StgValue>
</bind>
</comp>

<comp id="394" class="1001" name="const_394">
<pin_list>
<pin id="395" dir="1" index="0" bw="1" slack="0"/>
</pin_list>
<bind>
<StgValue><ssdm name=""/></StgValue>
</bind>
</comp>

<comp id="396" class="1001" name="const_396">
<pin_list>
<pin id="397" dir="1" index="0" bw="1" slack="0"/>
</pin_list>
<bind>
<StgValue><ssdm name=""/></StgValue>
</bind>
</comp>

<comp id="398" class="1001" name="const_398">
<pin_list>
<pin id="399" dir="1" index="0" bw="1" slack="0"/>
</pin_list>
<bind>
<StgValue><ssdm name=""/></StgValue>
</bind>
</comp>

<comp id="400" class="1001" name="const_400">
<pin_list>
<pin id="401" dir="1" index="0" bw="1" slack="0"/>
</pin_list>
<bind>
<StgValue><ssdm name=""/></StgValue>
</bind>
</comp>

<comp id="402" class="1001" name="const_402">
<pin_list>
<pin id="403" dir="1" index="0" bw="1" slack="0"/>
</pin_list>
<bind>
<StgValue><ssdm name=""/></StgValue>
</bind>
</comp>

<comp id="404" class="1001" name="const_404">
<pin_list>
<pin id="405" dir="1" index="0" bw="1" slack="0"/>
</pin_list>
<bind>
<StgValue><ssdm name=""/></StgValue>
</bind>
</comp>

<comp id="406" class="1001" name="const_406">
<pin_list>
<pin id="407" dir="1" index="0" bw="1" slack="0"/>
</pin_list>
<bind>
<StgValue><ssdm name=""/></StgValue>
</bind>
</comp>

<comp id="408" class="1001" name="const_408">
<pin_list>
<pin id="409" dir="1" index="0" bw="1" slack="0"/>
</pin_list>
<bind>
<StgValue><ssdm name=""/></StgValue>
</bind>
</comp>

<comp id="410" class="1001" name="const_410">
<pin_list>
<pin id="411" dir="1" index="0" bw="1" slack="0"/>
</pin_list>
<bind>
<StgValue><ssdm name=""/></StgValue>
</bind>
</comp>

<comp id="412" class="1001" name="const_412">
<pin_list>
<pin id="413" dir="1" index="0" bw="1" slack="0"/>
</pin_list>
<bind>
<StgValue><ssdm name=""/></StgValue>
</bind>
</comp>

<comp id="414" class="1001" name="const_414">
<pin_list>
<pin id="415" dir="1" index="0" bw="1" slack="0"/>
</pin_list>
<bind>
<StgValue><ssdm name=""/></StgValue>
</bind>
</comp>

<comp id="416" class="1001" name="const_416">
<pin_list>
<pin id="417" dir="1" index="0" bw="1" slack="0"/>
</pin_list>
<bind>
<StgValue><ssdm name=""/></StgValue>
</bind>
</comp>

<comp id="418" class="1001" name="const_418">
<pin_list>
<pin id="419" dir="1" index="0" bw="1" slack="0"/>
</pin_list>
<bind>
<StgValue><ssdm name=""/></StgValue>
</bind>
</comp>

<comp id="420" class="1001" name="const_420">
<pin_list>
<pin id="421" dir="1" index="0" bw="1" slack="0"/>
</pin_list>
<bind>
<StgValue><ssdm name=""/></StgValue>
</bind>
</comp>

<comp id="422" class="1001" name="const_422">
<pin_list>
<pin id="423" dir="1" index="0" bw="1" slack="0"/>
</pin_list>
<bind>
<StgValue><ssdm name=""/></StgValue>
</bind>
</comp>

<comp id="424" class="1001" name="const_424">
<pin_list>
<pin id="425" dir="1" index="0" bw="1" slack="0"/>
</pin_list>
<bind>
<StgValue><ssdm name=""/></StgValue>
</bind>
</comp>

<comp id="426" class="1001" name="const_426">
<pin_list>
<pin id="427" dir="1" index="0" bw="1" slack="0"/>
</pin_list>
<bind>
<StgValue><ssdm name=""/></StgValue>
</bind>
</comp>

<comp id="428" class="1001" name="const_428">
<pin_list>
<pin id="429" dir="1" index="0" bw="1" slack="0"/>
</pin_list>
<bind>
<StgValue><ssdm name=""/></StgValue>
</bind>
</comp>

<comp id="430" class="1001" name="const_430">
<pin_list>
<pin id="431" dir="1" index="0" bw="1" slack="0"/>
</pin_list>
<bind>
<StgValue><ssdm name=""/></StgValue>
</bind>
</comp>

<comp id="432" class="1001" name="const_432">
<pin_list>
<pin id="433" dir="1" index="0" bw="1" slack="0"/>
</pin_list>
<bind>
<StgValue><ssdm name=""/></StgValue>
</bind>
</comp>

<comp id="434" class="1001" name="const_434">
<pin_list>
<pin id="435" dir="1" index="0" bw="1" slack="0"/>
</pin_list>
<bind>
<StgValue><ssdm name=""/></StgValue>
</bind>
</comp>

<comp id="436" class="1001" name="const_436">
<pin_list>
<pin id="437" dir="1" index="0" bw="1" slack="0"/>
</pin_list>
<bind>
<StgValue><ssdm name=""/></StgValue>
</bind>
</comp>

<comp id="438" class="1001" name="const_438">
<pin_list>
<pin id="439" dir="1" index="0" bw="1" slack="0"/>
</pin_list>
<bind>
<StgValue><ssdm name=""/></StgValue>
</bind>
</comp>

<comp id="440" class="1001" name="const_440">
<pin_list>
<pin id="441" dir="1" index="0" bw="1" slack="0"/>
</pin_list>
<bind>
<StgValue><ssdm name=""/></StgValue>
</bind>
</comp>

<comp id="442" class="1001" name="const_442">
<pin_list>
<pin id="443" dir="1" index="0" bw="1" slack="0"/>
</pin_list>
<bind>
<StgValue><ssdm name=""/></StgValue>
</bind>
</comp>

<comp id="444" class="1001" name="const_444">
<pin_list>
<pin id="445" dir="1" index="0" bw="1" slack="0"/>
</pin_list>
<bind>
<StgValue><ssdm name=""/></StgValue>
</bind>
</comp>

<comp id="446" class="1001" name="const_446">
<pin_list>
<pin id="447" dir="1" index="0" bw="1" slack="0"/>
</pin_list>
<bind>
<StgValue><ssdm name=""/></StgValue>
</bind>
</comp>

<comp id="448" class="1001" name="const_448">
<pin_list>
<pin id="449" dir="1" index="0" bw="1" slack="0"/>
</pin_list>
<bind>
<StgValue><ssdm name=""/></StgValue>
</bind>
</comp>

<comp id="450" class="1001" name="const_450">
<pin_list>
<pin id="451" dir="1" index="0" bw="1" slack="0"/>
</pin_list>
<bind>
<StgValue><ssdm name=""/></StgValue>
</bind>
</comp>

<comp id="452" class="1001" name="const_452">
<pin_list>
<pin id="453" dir="1" index="0" bw="1" slack="0"/>
</pin_list>
<bind>
<StgValue><ssdm name=""/></StgValue>
</bind>
</comp>

<comp id="454" class="1001" name="const_454">
<pin_list>
<pin id="455" dir="1" index="0" bw="1" slack="0"/>
</pin_list>
<bind>
<StgValue><ssdm name=""/></StgValue>
</bind>
</comp>

<comp id="456" class="1001" name="const_456">
<pin_list>
<pin id="457" dir="1" index="0" bw="1" slack="0"/>
</pin_list>
<bind>
<StgValue><ssdm name=""/></StgValue>
</bind>
</comp>

<comp id="458" class="1001" name="const_458">
<pin_list>
<pin id="459" dir="1" index="0" bw="1" slack="0"/>
</pin_list>
<bind>
<StgValue><ssdm name=""/></StgValue>
</bind>
</comp>

<comp id="460" class="1001" name="const_460">
<pin_list>
<pin id="461" dir="1" index="0" bw="1" slack="0"/>
</pin_list>
<bind>
<StgValue><ssdm name=""/></StgValue>
</bind>
</comp>

<comp id="462" class="1001" name="const_462">
<pin_list>
<pin id="463" dir="1" index="0" bw="1" slack="0"/>
</pin_list>
<bind>
<StgValue><ssdm name=""/></StgValue>
</bind>
</comp>

<comp id="464" class="1001" name="const_464">
<pin_list>
<pin id="465" dir="1" index="0" bw="1" slack="0"/>
</pin_list>
<bind>
<StgValue><ssdm name=""/></StgValue>
</bind>
</comp>

<comp id="466" class="1001" name="const_466">
<pin_list>
<pin id="467" dir="1" index="0" bw="1" slack="0"/>
</pin_list>
<bind>
<StgValue><ssdm name=""/></StgValue>
</bind>
</comp>

<comp id="468" class="1001" name="const_468">
<pin_list>
<pin id="469" dir="1" index="0" bw="1" slack="0"/>
</pin_list>
<bind>
<StgValue><ssdm name=""/></StgValue>
</bind>
</comp>

<comp id="470" class="1001" name="const_470">
<pin_list>
<pin id="471" dir="1" index="0" bw="1" slack="0"/>
</pin_list>
<bind>
<StgValue><ssdm name=""/></StgValue>
</bind>
</comp>

<comp id="472" class="1001" name="const_472">
<pin_list>
<pin id="473" dir="1" index="0" bw="1" slack="0"/>
</pin_list>
<bind>
<StgValue><ssdm name=""/></StgValue>
</bind>
</comp>

<comp id="474" class="1001" name="const_474">
<pin_list>
<pin id="475" dir="1" index="0" bw="1" slack="0"/>
</pin_list>
<bind>
<StgValue><ssdm name=""/></StgValue>
</bind>
</comp>

<comp id="476" class="1001" name="const_476">
<pin_list>
<pin id="477" dir="1" index="0" bw="1" slack="0"/>
</pin_list>
<bind>
<StgValue><ssdm name=""/></StgValue>
</bind>
</comp>

<comp id="478" class="1001" name="const_478">
<pin_list>
<pin id="479" dir="1" index="0" bw="1" slack="0"/>
</pin_list>
<bind>
<StgValue><ssdm name=""/></StgValue>
</bind>
</comp>

<comp id="480" class="1001" name="const_480">
<pin_list>
<pin id="481" dir="1" index="0" bw="1" slack="0"/>
</pin_list>
<bind>
<StgValue><ssdm name=""/></StgValue>
</bind>
</comp>

<comp id="482" class="1001" name="const_482">
<pin_list>
<pin id="483" dir="1" index="0" bw="1" slack="0"/>
</pin_list>
<bind>
<StgValue><ssdm name=""/></StgValue>
</bind>
</comp>

<comp id="484" class="1001" name="const_484">
<pin_list>
<pin id="485" dir="1" index="0" bw="1" slack="0"/>
</pin_list>
<bind>
<StgValue><ssdm name=""/></StgValue>
</bind>
</comp>

<comp id="486" class="1001" name="const_486">
<pin_list>
<pin id="487" dir="1" index="0" bw="1" slack="0"/>
</pin_list>
<bind>
<StgValue><ssdm name=""/></StgValue>
</bind>
</comp>

<comp id="488" class="1001" name="const_488">
<pin_list>
<pin id="489" dir="1" index="0" bw="1" slack="0"/>
</pin_list>
<bind>
<StgValue><ssdm name=""/></StgValue>
</bind>
</comp>

<comp id="490" class="1001" name="const_490">
<pin_list>
<pin id="491" dir="1" index="0" bw="1" slack="0"/>
</pin_list>
<bind>
<StgValue><ssdm name=""/></StgValue>
</bind>
</comp>

<comp id="492" class="1001" name="const_492">
<pin_list>
<pin id="493" dir="1" index="0" bw="1" slack="0"/>
</pin_list>
<bind>
<StgValue><ssdm name=""/></StgValue>
</bind>
</comp>

<comp id="494" class="1001" name="const_494">
<pin_list>
<pin id="495" dir="1" index="0" bw="1" slack="0"/>
</pin_list>
<bind>
<StgValue><ssdm name=""/></StgValue>
</bind>
</comp>

<comp id="496" class="1001" name="const_496">
<pin_list>
<pin id="497" dir="1" index="0" bw="1" slack="0"/>
</pin_list>
<bind>
<StgValue><ssdm name=""/></StgValue>
</bind>
</comp>

<comp id="498" class="1001" name="const_498">
<pin_list>
<pin id="499" dir="1" index="0" bw="1" slack="0"/>
</pin_list>
<bind>
<StgValue><ssdm name=""/></StgValue>
</bind>
</comp>

<comp id="500" class="1001" name="const_500">
<pin_list>
<pin id="501" dir="1" index="0" bw="1" slack="0"/>
</pin_list>
<bind>
<StgValue><ssdm name=""/></StgValue>
</bind>
</comp>

<comp id="502" class="1001" name="const_502">
<pin_list>
<pin id="503" dir="1" index="0" bw="1" slack="0"/>
</pin_list>
<bind>
<StgValue><ssdm name=""/></StgValue>
</bind>
</comp>

<comp id="504" class="1001" name="const_504">
<pin_list>
<pin id="505" dir="1" index="0" bw="1" slack="0"/>
</pin_list>
<bind>
<StgValue><ssdm name=""/></StgValue>
</bind>
</comp>

<comp id="506" class="1001" name="const_506">
<pin_list>
<pin id="507" dir="1" index="0" bw="1" slack="0"/>
</pin_list>
<bind>
<StgValue><ssdm name=""/></StgValue>
</bind>
</comp>

<comp id="508" class="1001" name="const_508">
<pin_list>
<pin id="509" dir="1" index="0" bw="1" slack="0"/>
</pin_list>
<bind>
<StgValue><ssdm name=""/></StgValue>
</bind>
</comp>

<comp id="510" class="1001" name="const_510">
<pin_list>
<pin id="511" dir="1" index="0" bw="1" slack="0"/>
</pin_list>
<bind>
<StgValue><ssdm name=""/></StgValue>
</bind>
</comp>

<comp id="512" class="1001" name="const_512">
<pin_list>
<pin id="513" dir="1" index="0" bw="1" slack="0"/>
</pin_list>
<bind>
<StgValue><ssdm name=""/></StgValue>
</bind>
</comp>

<comp id="514" class="1001" name="const_514">
<pin_list>
<pin id="515" dir="1" index="0" bw="1" slack="0"/>
</pin_list>
<bind>
<StgValue><ssdm name=""/></StgValue>
</bind>
</comp>

<comp id="516" class="1001" name="const_516">
<pin_list>
<pin id="517" dir="1" index="0" bw="1" slack="0"/>
</pin_list>
<bind>
<StgValue><ssdm name=""/></StgValue>
</bind>
</comp>

<comp id="518" class="1001" name="const_518">
<pin_list>
<pin id="519" dir="1" index="0" bw="1" slack="0"/>
</pin_list>
<bind>
<StgValue><ssdm name=""/></StgValue>
</bind>
</comp>

<comp id="520" class="1001" name="const_520">
<pin_list>
<pin id="521" dir="1" index="0" bw="1" slack="0"/>
</pin_list>
<bind>
<StgValue><ssdm name=""/></StgValue>
</bind>
</comp>

<comp id="522" class="1001" name="const_522">
<pin_list>
<pin id="523" dir="1" index="0" bw="1" slack="0"/>
</pin_list>
<bind>
<StgValue><ssdm name=""/></StgValue>
</bind>
</comp>

<comp id="524" class="1001" name="const_524">
<pin_list>
<pin id="525" dir="1" index="0" bw="1" slack="0"/>
</pin_list>
<bind>
<StgValue><ssdm name=""/></StgValue>
</bind>
</comp>

<comp id="526" class="1001" name="const_526">
<pin_list>
<pin id="527" dir="1" index="0" bw="1" slack="0"/>
</pin_list>
<bind>
<StgValue><ssdm name=""/></StgValue>
</bind>
</comp>

<comp id="528" class="1001" name="const_528">
<pin_list>
<pin id="529" dir="1" index="0" bw="1" slack="0"/>
</pin_list>
<bind>
<StgValue><ssdm name=""/></StgValue>
</bind>
</comp>

<comp id="530" class="1001" name="const_530">
<pin_list>
<pin id="531" dir="1" index="0" bw="1" slack="0"/>
</pin_list>
<bind>
<StgValue><ssdm name=""/></StgValue>
</bind>
</comp>

<comp id="532" class="1001" name="const_532">
<pin_list>
<pin id="533" dir="1" index="0" bw="1" slack="0"/>
</pin_list>
<bind>
<StgValue><ssdm name=""/></StgValue>
</bind>
</comp>

<comp id="534" class="1001" name="const_534">
<pin_list>
<pin id="535" dir="1" index="0" bw="1" slack="0"/>
</pin_list>
<bind>
<StgValue><ssdm name=""/></StgValue>
</bind>
</comp>

<comp id="536" class="1001" name="const_536">
<pin_list>
<pin id="537" dir="1" index="0" bw="1" slack="0"/>
</pin_list>
<bind>
<StgValue><ssdm name=""/></StgValue>
</bind>
</comp>

<comp id="538" class="1001" name="const_538">
<pin_list>
<pin id="539" dir="1" index="0" bw="1" slack="0"/>
</pin_list>
<bind>
<StgValue><ssdm name=""/></StgValue>
</bind>
</comp>

<comp id="540" class="1001" name="const_540">
<pin_list>
<pin id="541" dir="1" index="0" bw="1" slack="0"/>
</pin_list>
<bind>
<StgValue><ssdm name=""/></StgValue>
</bind>
</comp>

<comp id="542" class="1001" name="const_542">
<pin_list>
<pin id="543" dir="1" index="0" bw="1" slack="0"/>
</pin_list>
<bind>
<StgValue><ssdm name=""/></StgValue>
</bind>
</comp>

<comp id="544" class="1001" name="const_544">
<pin_list>
<pin id="545" dir="1" index="0" bw="1" slack="0"/>
</pin_list>
<bind>
<StgValue><ssdm name=""/></StgValue>
</bind>
</comp>

<comp id="546" class="1001" name="const_546">
<pin_list>
<pin id="547" dir="1" index="0" bw="1" slack="0"/>
</pin_list>
<bind>
<StgValue><ssdm name=""/></StgValue>
</bind>
</comp>

<comp id="548" class="1001" name="const_548">
<pin_list>
<pin id="549" dir="1" index="0" bw="1" slack="0"/>
</pin_list>
<bind>
<StgValue><ssdm name=""/></StgValue>
</bind>
</comp>

<comp id="550" class="1001" name="const_550">
<pin_list>
<pin id="551" dir="1" index="0" bw="1" slack="0"/>
</pin_list>
<bind>
<StgValue><ssdm name=""/></StgValue>
</bind>
</comp>

<comp id="552" class="1001" name="const_552">
<pin_list>
<pin id="553" dir="1" index="0" bw="1" slack="0"/>
</pin_list>
<bind>
<StgValue><ssdm name=""/></StgValue>
</bind>
</comp>

<comp id="554" class="1004" name="kx_fu_554">
<pin_list>
<pin id="555" dir="0" index="0" bw="1" slack="0"/>
<pin id="556" dir="1" index="1" bw="2" slack="0"/>
</pin_list>
<bind>
<opcode="alloca(26) " fcode="alloca"/>
<opset="kx/1 "/>
</bind>
</comp>

<comp id="558" class="1004" name="oldMax_V_fu_558">
<pin_list>
<pin id="559" dir="0" index="0" bw="1" slack="0"/>
<pin id="560" dir="1" index="1" bw="4" slack="0"/>
</pin_list>
<bind>
<opcode="alloca(26) " fcode="alloca"/>
<opset="oldMax_V/1 "/>
</bind>
</comp>

<comp id="562" class="1004" name="oldMax_V_1_fu_562">
<pin_list>
<pin id="563" dir="0" index="0" bw="1" slack="0"/>
<pin id="564" dir="1" index="1" bw="4" slack="0"/>
</pin_list>
<bind>
<opcode="alloca(26) " fcode="alloca"/>
<opset="oldMax_V_1/1 "/>
</bind>
</comp>

<comp id="566" class="1004" name="oldMax_V_2_fu_566">
<pin_list>
<pin id="567" dir="0" index="0" bw="1" slack="0"/>
<pin id="568" dir="1" index="1" bw="4" slack="0"/>
</pin_list>
<bind>
<opcode="alloca(26) " fcode="alloca"/>
<opset="oldMax_V_2/1 "/>
</bind>
</comp>

<comp id="570" class="1004" name="oldMax_V_3_fu_570">
<pin_list>
<pin id="571" dir="0" index="0" bw="1" slack="0"/>
<pin id="572" dir="1" index="1" bw="4" slack="0"/>
</pin_list>
<bind>
<opcode="alloca(26) " fcode="alloca"/>
<opset="oldMax_V_3/1 "/>
</bind>
</comp>

<comp id="574" class="1004" name="oldMax_V_4_fu_574">
<pin_list>
<pin id="575" dir="0" index="0" bw="1" slack="0"/>
<pin id="576" dir="1" index="1" bw="4" slack="0"/>
</pin_list>
<bind>
<opcode="alloca(26) " fcode="alloca"/>
<opset="oldMax_V_4/1 "/>
</bind>
</comp>

<comp id="578" class="1004" name="oldMax_V_5_fu_578">
<pin_list>
<pin id="579" dir="0" index="0" bw="1" slack="0"/>
<pin id="580" dir="1" index="1" bw="4" slack="0"/>
</pin_list>
<bind>
<opcode="alloca(26) " fcode="alloca"/>
<opset="oldMax_V_5/1 "/>
</bind>
</comp>

<comp id="582" class="1004" name="oldMax_V_6_fu_582">
<pin_list>
<pin id="583" dir="0" index="0" bw="1" slack="0"/>
<pin id="584" dir="1" index="1" bw="4" slack="0"/>
</pin_list>
<bind>
<opcode="alloca(26) " fcode="alloca"/>
<opset="oldMax_V_6/1 "/>
</bind>
</comp>

<comp id="586" class="1004" name="oldMax_V_7_fu_586">
<pin_list>
<pin id="587" dir="0" index="0" bw="1" slack="0"/>
<pin id="588" dir="1" index="1" bw="4" slack="0"/>
</pin_list>
<bind>
<opcode="alloca(26) " fcode="alloca"/>
<opset="oldMax_V_7/1 "/>
</bind>
</comp>

<comp id="590" class="1004" name="oldMax_V_8_fu_590">
<pin_list>
<pin id="591" dir="0" index="0" bw="1" slack="0"/>
<pin id="592" dir="1" index="1" bw="4" slack="0"/>
</pin_list>
<bind>
<opcode="alloca(26) " fcode="alloca"/>
<opset="oldMax_V_8/1 "/>
</bind>
</comp>

<comp id="594" class="1004" name="oldMax_V_9_fu_594">
<pin_list>
<pin id="595" dir="0" index="0" bw="1" slack="0"/>
<pin id="596" dir="1" index="1" bw="4" slack="0"/>
</pin_list>
<bind>
<opcode="alloca(26) " fcode="alloca"/>
<opset="oldMax_V_9/1 "/>
</bind>
</comp>

<comp id="598" class="1004" name="oldMax_V_10_fu_598">
<pin_list>
<pin id="599" dir="0" index="0" bw="1" slack="0"/>
<pin id="600" dir="1" index="1" bw="4" slack="0"/>
</pin_list>
<bind>
<opcode="alloca(26) " fcode="alloca"/>
<opset="oldMax_V_10/1 "/>
</bind>
</comp>

<comp id="602" class="1004" name="oldMax_V_11_fu_602">
<pin_list>
<pin id="603" dir="0" index="0" bw="1" slack="0"/>
<pin id="604" dir="1" index="1" bw="4" slack="0"/>
</pin_list>
<bind>
<opcode="alloca(26) " fcode="alloca"/>
<opset="oldMax_V_11/1 "/>
</bind>
</comp>

<comp id="606" class="1004" name="oldMax_V_12_fu_606">
<pin_list>
<pin id="607" dir="0" index="0" bw="1" slack="0"/>
<pin id="608" dir="1" index="1" bw="4" slack="0"/>
</pin_list>
<bind>
<opcode="alloca(26) " fcode="alloca"/>
<opset="oldMax_V_12/1 "/>
</bind>
</comp>

<comp id="610" class="1004" name="oldMax_V_13_fu_610">
<pin_list>
<pin id="611" dir="0" index="0" bw="1" slack="0"/>
<pin id="612" dir="1" index="1" bw="4" slack="0"/>
</pin_list>
<bind>
<opcode="alloca(26) " fcode="alloca"/>
<opset="oldMax_V_13/1 "/>
</bind>
</comp>

<comp id="614" class="1004" name="oldMax_V_14_fu_614">
<pin_list>
<pin id="615" dir="0" index="0" bw="1" slack="0"/>
<pin id="616" dir="1" index="1" bw="4" slack="0"/>
</pin_list>
<bind>
<opcode="alloca(26) " fcode="alloca"/>
<opset="oldMax_V_14/1 "/>
</bind>
</comp>

<comp id="618" class="1004" name="oldMax_V_15_fu_618">
<pin_list>
<pin id="619" dir="0" index="0" bw="1" slack="0"/>
<pin id="620" dir="1" index="1" bw="4" slack="0"/>
</pin_list>
<bind>
<opcode="alloca(26) " fcode="alloca"/>
<opset="oldMax_V_15/1 "/>
</bind>
</comp>

<comp id="622" class="1004" name="oldMax_V_16_fu_622">
<pin_list>
<pin id="623" dir="0" index="0" bw="1" slack="0"/>
<pin id="624" dir="1" index="1" bw="4" slack="0"/>
</pin_list>
<bind>
<opcode="alloca(26) " fcode="alloca"/>
<opset="oldMax_V_16/1 "/>
</bind>
</comp>

<comp id="626" class="1004" name="oldMax_V_17_fu_626">
<pin_list>
<pin id="627" dir="0" index="0" bw="1" slack="0"/>
<pin id="628" dir="1" index="1" bw="4" slack="0"/>
</pin_list>
<bind>
<opcode="alloca(26) " fcode="alloca"/>
<opset="oldMax_V_17/1 "/>
</bind>
</comp>

<comp id="630" class="1004" name="oldMax_V_18_fu_630">
<pin_list>
<pin id="631" dir="0" index="0" bw="1" slack="0"/>
<pin id="632" dir="1" index="1" bw="4" slack="0"/>
</pin_list>
<bind>
<opcode="alloca(26) " fcode="alloca"/>
<opset="oldMax_V_18/1 "/>
</bind>
</comp>

<comp id="634" class="1004" name="oldMax_V_19_fu_634">
<pin_list>
<pin id="635" dir="0" index="0" bw="1" slack="0"/>
<pin id="636" dir="1" index="1" bw="4" slack="0"/>
</pin_list>
<bind>
<opcode="alloca(26) " fcode="alloca"/>
<opset="oldMax_V_19/1 "/>
</bind>
</comp>

<comp id="638" class="1004" name="oldMax_V_20_fu_638">
<pin_list>
<pin id="639" dir="0" index="0" bw="1" slack="0"/>
<pin id="640" dir="1" index="1" bw="4" slack="0"/>
</pin_list>
<bind>
<opcode="alloca(26) " fcode="alloca"/>
<opset="oldMax_V_20/1 "/>
</bind>
</comp>

<comp id="642" class="1004" name="oldMax_V_21_fu_642">
<pin_list>
<pin id="643" dir="0" index="0" bw="1" slack="0"/>
<pin id="644" dir="1" index="1" bw="4" slack="0"/>
</pin_list>
<bind>
<opcode="alloca(26) " fcode="alloca"/>
<opset="oldMax_V_21/1 "/>
</bind>
</comp>

<comp id="646" class="1004" name="oldMax_V_22_fu_646">
<pin_list>
<pin id="647" dir="0" index="0" bw="1" slack="0"/>
<pin id="648" dir="1" index="1" bw="4" slack="0"/>
</pin_list>
<bind>
<opcode="alloca(26) " fcode="alloca"/>
<opset="oldMax_V_22/1 "/>
</bind>
</comp>

<comp id="650" class="1004" name="oldMax_V_23_fu_650">
<pin_list>
<pin id="651" dir="0" index="0" bw="1" slack="0"/>
<pin id="652" dir="1" index="1" bw="4" slack="0"/>
</pin_list>
<bind>
<opcode="alloca(26) " fcode="alloca"/>
<opset="oldMax_V_23/1 "/>
</bind>
</comp>

<comp id="654" class="1004" name="oldMax_V_24_fu_654">
<pin_list>
<pin id="655" dir="0" index="0" bw="1" slack="0"/>
<pin id="656" dir="1" index="1" bw="4" slack="0"/>
</pin_list>
<bind>
<opcode="alloca(26) " fcode="alloca"/>
<opset="oldMax_V_24/1 "/>
</bind>
</comp>

<comp id="658" class="1004" name="oldMax_V_25_fu_658">
<pin_list>
<pin id="659" dir="0" index="0" bw="1" slack="0"/>
<pin id="660" dir="1" index="1" bw="4" slack="0"/>
</pin_list>
<bind>
<opcode="alloca(26) " fcode="alloca"/>
<opset="oldMax_V_25/1 "/>
</bind>
</comp>

<comp id="662" class="1004" name="oldMax_V_26_fu_662">
<pin_list>
<pin id="663" dir="0" index="0" bw="1" slack="0"/>
<pin id="664" dir="1" index="1" bw="4" slack="0"/>
</pin_list>
<bind>
<opcode="alloca(26) " fcode="alloca"/>
<opset="oldMax_V_26/1 "/>
</bind>
</comp>

<comp id="666" class="1004" name="oldMax_V_27_fu_666">
<pin_list>
<pin id="667" dir="0" index="0" bw="1" slack="0"/>
<pin id="668" dir="1" index="1" bw="4" slack="0"/>
</pin_list>
<bind>
<opcode="alloca(26) " fcode="alloca"/>
<opset="oldMax_V_27/1 "/>
</bind>
</comp>

<comp id="670" class="1004" name="oldMax_V_28_fu_670">
<pin_list>
<pin id="671" dir="0" index="0" bw="1" slack="0"/>
<pin id="672" dir="1" index="1" bw="4" slack="0"/>
</pin_list>
<bind>
<opcode="alloca(26) " fcode="alloca"/>
<opset="oldMax_V_28/1 "/>
</bind>
</comp>

<comp id="674" class="1004" name="oldMax_V_29_fu_674">
<pin_list>
<pin id="675" dir="0" index="0" bw="1" slack="0"/>
<pin id="676" dir="1" index="1" bw="4" slack="0"/>
</pin_list>
<bind>
<opcode="alloca(26) " fcode="alloca"/>
<opset="oldMax_V_29/1 "/>
</bind>
</comp>

<comp id="678" class="1004" name="oldMax_V_30_fu_678">
<pin_list>
<pin id="679" dir="0" index="0" bw="1" slack="0"/>
<pin id="680" dir="1" index="1" bw="4" slack="0"/>
</pin_list>
<bind>
<opcode="alloca(26) " fcode="alloca"/>
<opset="oldMax_V_30/1 "/>
</bind>
</comp>

<comp id="682" class="1004" name="oldMax_V_31_fu_682">
<pin_list>
<pin id="683" dir="0" index="0" bw="1" slack="0"/>
<pin id="684" dir="1" index="1" bw="4" slack="0"/>
</pin_list>
<bind>
<opcode="alloca(26) " fcode="alloca"/>
<opset="oldMax_V_31/1 "/>
</bind>
</comp>

<comp id="686" class="1004" name="oldMax_V_32_fu_686">
<pin_list>
<pin id="687" dir="0" index="0" bw="1" slack="0"/>
<pin id="688" dir="1" index="1" bw="4" slack="0"/>
</pin_list>
<bind>
<opcode="alloca(26) " fcode="alloca"/>
<opset="oldMax_V_32/1 "/>
</bind>
</comp>

<comp id="690" class="1004" name="oldMax_V_33_fu_690">
<pin_list>
<pin id="691" dir="0" index="0" bw="1" slack="0"/>
<pin id="692" dir="1" index="1" bw="4" slack="0"/>
</pin_list>
<bind>
<opcode="alloca(26) " fcode="alloca"/>
<opset="oldMax_V_33/1 "/>
</bind>
</comp>

<comp id="694" class="1004" name="oldMax_V_34_fu_694">
<pin_list>
<pin id="695" dir="0" index="0" bw="1" slack="0"/>
<pin id="696" dir="1" index="1" bw="4" slack="0"/>
</pin_list>
<bind>
<opcode="alloca(26) " fcode="alloca"/>
<opset="oldMax_V_34/1 "/>
</bind>
</comp>

<comp id="698" class="1004" name="oldMax_V_35_fu_698">
<pin_list>
<pin id="699" dir="0" index="0" bw="1" slack="0"/>
<pin id="700" dir="1" index="1" bw="4" slack="0"/>
</pin_list>
<bind>
<opcode="alloca(26) " fcode="alloca"/>
<opset="oldMax_V_35/1 "/>
</bind>
</comp>

<comp id="702" class="1004" name="oldMax_V_36_fu_702">
<pin_list>
<pin id="703" dir="0" index="0" bw="1" slack="0"/>
<pin id="704" dir="1" index="1" bw="4" slack="0"/>
</pin_list>
<bind>
<opcode="alloca(26) " fcode="alloca"/>
<opset="oldMax_V_36/1 "/>
</bind>
</comp>

<comp id="706" class="1004" name="oldMax_V_37_fu_706">
<pin_list>
<pin id="707" dir="0" index="0" bw="1" slack="0"/>
<pin id="708" dir="1" index="1" bw="4" slack="0"/>
</pin_list>
<bind>
<opcode="alloca(26) " fcode="alloca"/>
<opset="oldMax_V_37/1 "/>
</bind>
</comp>

<comp id="710" class="1004" name="oldMax_V_38_fu_710">
<pin_list>
<pin id="711" dir="0" index="0" bw="1" slack="0"/>
<pin id="712" dir="1" index="1" bw="4" slack="0"/>
</pin_list>
<bind>
<opcode="alloca(26) " fcode="alloca"/>
<opset="oldMax_V_38/1 "/>
</bind>
</comp>

<comp id="714" class="1004" name="oldMax_V_39_fu_714">
<pin_list>
<pin id="715" dir="0" index="0" bw="1" slack="0"/>
<pin id="716" dir="1" index="1" bw="4" slack="0"/>
</pin_list>
<bind>
<opcode="alloca(26) " fcode="alloca"/>
<opset="oldMax_V_39/1 "/>
</bind>
</comp>

<comp id="718" class="1004" name="oldMax_V_40_fu_718">
<pin_list>
<pin id="719" dir="0" index="0" bw="1" slack="0"/>
<pin id="720" dir="1" index="1" bw="4" slack="0"/>
</pin_list>
<bind>
<opcode="alloca(26) " fcode="alloca"/>
<opset="oldMax_V_40/1 "/>
</bind>
</comp>

<comp id="722" class="1004" name="oldMax_V_41_fu_722">
<pin_list>
<pin id="723" dir="0" index="0" bw="1" slack="0"/>
<pin id="724" dir="1" index="1" bw="4" slack="0"/>
</pin_list>
<bind>
<opcode="alloca(26) " fcode="alloca"/>
<opset="oldMax_V_41/1 "/>
</bind>
</comp>

<comp id="726" class="1004" name="oldMax_V_42_fu_726">
<pin_list>
<pin id="727" dir="0" index="0" bw="1" slack="0"/>
<pin id="728" dir="1" index="1" bw="4" slack="0"/>
</pin_list>
<bind>
<opcode="alloca(26) " fcode="alloca"/>
<opset="oldMax_V_42/1 "/>
</bind>
</comp>

<comp id="730" class="1004" name="oldMax_V_43_fu_730">
<pin_list>
<pin id="731" dir="0" index="0" bw="1" slack="0"/>
<pin id="732" dir="1" index="1" bw="4" slack="0"/>
</pin_list>
<bind>
<opcode="alloca(26) " fcode="alloca"/>
<opset="oldMax_V_43/1 "/>
</bind>
</comp>

<comp id="734" class="1004" name="oldMax_V_44_fu_734">
<pin_list>
<pin id="735" dir="0" index="0" bw="1" slack="0"/>
<pin id="736" dir="1" index="1" bw="4" slack="0"/>
</pin_list>
<bind>
<opcode="alloca(26) " fcode="alloca"/>
<opset="oldMax_V_44/1 "/>
</bind>
</comp>

<comp id="738" class="1004" name="oldMax_V_45_fu_738">
<pin_list>
<pin id="739" dir="0" index="0" bw="1" slack="0"/>
<pin id="740" dir="1" index="1" bw="4" slack="0"/>
</pin_list>
<bind>
<opcode="alloca(26) " fcode="alloca"/>
<opset="oldMax_V_45/1 "/>
</bind>
</comp>

<comp id="742" class="1004" name="oldMax_V_46_fu_742">
<pin_list>
<pin id="743" dir="0" index="0" bw="1" slack="0"/>
<pin id="744" dir="1" index="1" bw="4" slack="0"/>
</pin_list>
<bind>
<opcode="alloca(26) " fcode="alloca"/>
<opset="oldMax_V_46/1 "/>
</bind>
</comp>

<comp id="746" class="1004" name="oldMax_V_47_fu_746">
<pin_list>
<pin id="747" dir="0" index="0" bw="1" slack="0"/>
<pin id="748" dir="1" index="1" bw="4" slack="0"/>
</pin_list>
<bind>
<opcode="alloca(26) " fcode="alloca"/>
<opset="oldMax_V_47/1 "/>
</bind>
</comp>

<comp id="750" class="1004" name="oldMax_V_48_fu_750">
<pin_list>
<pin id="751" dir="0" index="0" bw="1" slack="0"/>
<pin id="752" dir="1" index="1" bw="4" slack="0"/>
</pin_list>
<bind>
<opcode="alloca(26) " fcode="alloca"/>
<opset="oldMax_V_48/1 "/>
</bind>
</comp>

<comp id="754" class="1004" name="oldMax_V_49_fu_754">
<pin_list>
<pin id="755" dir="0" index="0" bw="1" slack="0"/>
<pin id="756" dir="1" index="1" bw="4" slack="0"/>
</pin_list>
<bind>
<opcode="alloca(26) " fcode="alloca"/>
<opset="oldMax_V_49/1 "/>
</bind>
</comp>

<comp id="758" class="1004" name="oldMax_V_50_fu_758">
<pin_list>
<pin id="759" dir="0" index="0" bw="1" slack="0"/>
<pin id="760" dir="1" index="1" bw="4" slack="0"/>
</pin_list>
<bind>
<opcode="alloca(26) " fcode="alloca"/>
<opset="oldMax_V_50/1 "/>
</bind>
</comp>

<comp id="762" class="1004" name="oldMax_V_51_fu_762">
<pin_list>
<pin id="763" dir="0" index="0" bw="1" slack="0"/>
<pin id="764" dir="1" index="1" bw="4" slack="0"/>
</pin_list>
<bind>
<opcode="alloca(26) " fcode="alloca"/>
<opset="oldMax_V_51/1 "/>
</bind>
</comp>

<comp id="766" class="1004" name="oldMax_V_52_fu_766">
<pin_list>
<pin id="767" dir="0" index="0" bw="1" slack="0"/>
<pin id="768" dir="1" index="1" bw="4" slack="0"/>
</pin_list>
<bind>
<opcode="alloca(26) " fcode="alloca"/>
<opset="oldMax_V_52/1 "/>
</bind>
</comp>

<comp id="770" class="1004" name="oldMax_V_53_fu_770">
<pin_list>
<pin id="771" dir="0" index="0" bw="1" slack="0"/>
<pin id="772" dir="1" index="1" bw="4" slack="0"/>
</pin_list>
<bind>
<opcode="alloca(26) " fcode="alloca"/>
<opset="oldMax_V_53/1 "/>
</bind>
</comp>

<comp id="774" class="1004" name="oldMax_V_54_fu_774">
<pin_list>
<pin id="775" dir="0" index="0" bw="1" slack="0"/>
<pin id="776" dir="1" index="1" bw="4" slack="0"/>
</pin_list>
<bind>
<opcode="alloca(26) " fcode="alloca"/>
<opset="oldMax_V_54/1 "/>
</bind>
</comp>

<comp id="778" class="1004" name="oldMax_V_55_fu_778">
<pin_list>
<pin id="779" dir="0" index="0" bw="1" slack="0"/>
<pin id="780" dir="1" index="1" bw="4" slack="0"/>
</pin_list>
<bind>
<opcode="alloca(26) " fcode="alloca"/>
<opset="oldMax_V_55/1 "/>
</bind>
</comp>

<comp id="782" class="1004" name="oldMax_V_56_fu_782">
<pin_list>
<pin id="783" dir="0" index="0" bw="1" slack="0"/>
<pin id="784" dir="1" index="1" bw="4" slack="0"/>
</pin_list>
<bind>
<opcode="alloca(26) " fcode="alloca"/>
<opset="oldMax_V_56/1 "/>
</bind>
</comp>

<comp id="786" class="1004" name="oldMax_V_57_fu_786">
<pin_list>
<pin id="787" dir="0" index="0" bw="1" slack="0"/>
<pin id="788" dir="1" index="1" bw="4" slack="0"/>
</pin_list>
<bind>
<opcode="alloca(26) " fcode="alloca"/>
<opset="oldMax_V_57/1 "/>
</bind>
</comp>

<comp id="790" class="1004" name="oldMax_V_58_fu_790">
<pin_list>
<pin id="791" dir="0" index="0" bw="1" slack="0"/>
<pin id="792" dir="1" index="1" bw="4" slack="0"/>
</pin_list>
<bind>
<opcode="alloca(26) " fcode="alloca"/>
<opset="oldMax_V_58/1 "/>
</bind>
</comp>

<comp id="794" class="1004" name="oldMax_V_59_fu_794">
<pin_list>
<pin id="795" dir="0" index="0" bw="1" slack="0"/>
<pin id="796" dir="1" index="1" bw="4" slack="0"/>
</pin_list>
<bind>
<opcode="alloca(26) " fcode="alloca"/>
<opset="oldMax_V_59/1 "/>
</bind>
</comp>

<comp id="798" class="1004" name="oldMax_V_60_fu_798">
<pin_list>
<pin id="799" dir="0" index="0" bw="1" slack="0"/>
<pin id="800" dir="1" index="1" bw="4" slack="0"/>
</pin_list>
<bind>
<opcode="alloca(26) " fcode="alloca"/>
<opset="oldMax_V_60/1 "/>
</bind>
</comp>

<comp id="802" class="1004" name="oldMax_V_61_fu_802">
<pin_list>
<pin id="803" dir="0" index="0" bw="1" slack="0"/>
<pin id="804" dir="1" index="1" bw="4" slack="0"/>
</pin_list>
<bind>
<opcode="alloca(26) " fcode="alloca"/>
<opset="oldMax_V_61/1 "/>
</bind>
</comp>

<comp id="806" class="1004" name="oldMax_V_62_fu_806">
<pin_list>
<pin id="807" dir="0" index="0" bw="1" slack="0"/>
<pin id="808" dir="1" index="1" bw="4" slack="0"/>
</pin_list>
<bind>
<opcode="alloca(26) " fcode="alloca"/>
<opset="oldMax_V_62/1 "/>
</bind>
</comp>

<comp id="810" class="1004" name="oldMax_V_63_fu_810">
<pin_list>
<pin id="811" dir="0" index="0" bw="1" slack="0"/>
<pin id="812" dir="1" index="1" bw="4" slack="0"/>
</pin_list>
<bind>
<opcode="alloca(26) " fcode="alloca"/>
<opset="oldMax_V_63/1 "/>
</bind>
</comp>

<comp id="814" class="1004" name="zext_ln156_read_read_fu_814">
<pin_list>
<pin id="815" dir="0" index="0" bw="3" slack="0"/>
<pin id="816" dir="0" index="1" bw="3" slack="0"/>
<pin id="817" dir="1" index="2" bw="3" slack="0"/>
</pin_list>
<bind>
<opcode="read(1150) " fcode="read"/>
<opset="zext_ln156_read/1 "/>
</bind>
</comp>

<comp id="820" class="1004" name="buf_V_load_1_read_read_fu_820">
<pin_list>
<pin id="821" dir="0" index="0" bw="4" slack="0"/>
<pin id="822" dir="0" index="1" bw="4" slack="0"/>
<pin id="823" dir="1" index="2" bw="4" slack="0"/>
</pin_list>
<bind>
<opcode="read(1150) " fcode="read"/>
<opset="buf_V_load_1_read/1 "/>
</bind>
</comp>

<comp id="826" class="1004" name="buf_V_1_load_1_read_read_fu_826">
<pin_list>
<pin id="827" dir="0" index="0" bw="4" slack="0"/>
<pin id="828" dir="0" index="1" bw="4" slack="0"/>
<pin id="829" dir="1" index="2" bw="4" slack="0"/>
</pin_list>
<bind>
<opcode="read(1150) " fcode="read"/>
<opset="buf_V_1_load_1_read/1 "/>
</bind>
</comp>

<comp id="832" class="1004" name="buf_V_2_load_1_read_read_fu_832">
<pin_list>
<pin id="833" dir="0" index="0" bw="4" slack="0"/>
<pin id="834" dir="0" index="1" bw="4" slack="0"/>
<pin id="835" dir="1" index="2" bw="4" slack="0"/>
</pin_list>
<bind>
<opcode="read(1150) " fcode="read"/>
<opset="buf_V_2_load_1_read/1 "/>
</bind>
</comp>

<comp id="838" class="1004" name="buf_V_3_load_1_read_read_fu_838">
<pin_list>
<pin id="839" dir="0" index="0" bw="4" slack="0"/>
<pin id="840" dir="0" index="1" bw="4" slack="0"/>
<pin id="841" dir="1" index="2" bw="4" slack="0"/>
</pin_list>
<bind>
<opcode="read(1150) " fcode="read"/>
<opset="buf_V_3_load_1_read/1 "/>
</bind>
</comp>

<comp id="844" class="1004" name="buf_V_4_load_1_read_read_fu_844">
<pin_list>
<pin id="845" dir="0" index="0" bw="4" slack="0"/>
<pin id="846" dir="0" index="1" bw="4" slack="0"/>
<pin id="847" dir="1" index="2" bw="4" slack="0"/>
</pin_list>
<bind>
<opcode="read(1150) " fcode="read"/>
<opset="buf_V_4_load_1_read/1 "/>
</bind>
</comp>

<comp id="850" class="1004" name="buf_V_5_load_1_read_read_fu_850">
<pin_list>
<pin id="851" dir="0" index="0" bw="4" slack="0"/>
<pin id="852" dir="0" index="1" bw="4" slack="0"/>
<pin id="853" dir="1" index="2" bw="4" slack="0"/>
</pin_list>
<bind>
<opcode="read(1150) " fcode="read"/>
<opset="buf_V_5_load_1_read/1 "/>
</bind>
</comp>

<comp id="856" class="1004" name="buf_V_6_load_1_read_read_fu_856">
<pin_list>
<pin id="857" dir="0" index="0" bw="4" slack="0"/>
<pin id="858" dir="0" index="1" bw="4" slack="0"/>
<pin id="859" dir="1" index="2" bw="4" slack="0"/>
</pin_list>
<bind>
<opcode="read(1150) " fcode="read"/>
<opset="buf_V_6_load_1_read/1 "/>
</bind>
</comp>

<comp id="862" class="1004" name="buf_V_7_load_1_read_read_fu_862">
<pin_list>
<pin id="863" dir="0" index="0" bw="4" slack="0"/>
<pin id="864" dir="0" index="1" bw="4" slack="0"/>
<pin id="865" dir="1" index="2" bw="4" slack="0"/>
</pin_list>
<bind>
<opcode="read(1150) " fcode="read"/>
<opset="buf_V_7_load_1_read/1 "/>
</bind>
</comp>

<comp id="868" class="1004" name="buf_V_8_load_1_read_read_fu_868">
<pin_list>
<pin id="869" dir="0" index="0" bw="4" slack="0"/>
<pin id="870" dir="0" index="1" bw="4" slack="0"/>
<pin id="871" dir="1" index="2" bw="4" slack="0"/>
</pin_list>
<bind>
<opcode="read(1150) " fcode="read"/>
<opset="buf_V_8_load_1_read/1 "/>
</bind>
</comp>

<comp id="874" class="1004" name="buf_V_9_load_1_read_read_fu_874">
<pin_list>
<pin id="875" dir="0" index="0" bw="4" slack="0"/>
<pin id="876" dir="0" index="1" bw="4" slack="0"/>
<pin id="877" dir="1" index="2" bw="4" slack="0"/>
</pin_list>
<bind>
<opcode="read(1150) " fcode="read"/>
<opset="buf_V_9_load_1_read/1 "/>
</bind>
</comp>

<comp id="880" class="1004" name="buf_V_10_load_1_read_read_fu_880">
<pin_list>
<pin id="881" dir="0" index="0" bw="4" slack="0"/>
<pin id="882" dir="0" index="1" bw="4" slack="0"/>
<pin id="883" dir="1" index="2" bw="4" slack="0"/>
</pin_list>
<bind>
<opcode="read(1150) " fcode="read"/>
<opset="buf_V_10_load_1_read/1 "/>
</bind>
</comp>

<comp id="886" class="1004" name="buf_V_11_load_1_read_read_fu_886">
<pin_list>
<pin id="887" dir="0" index="0" bw="4" slack="0"/>
<pin id="888" dir="0" index="1" bw="4" slack="0"/>
<pin id="889" dir="1" index="2" bw="4" slack="0"/>
</pin_list>
<bind>
<opcode="read(1150) " fcode="read"/>
<opset="buf_V_11_load_1_read/1 "/>
</bind>
</comp>

<comp id="892" class="1004" name="buf_V_12_load_1_read_read_fu_892">
<pin_list>
<pin id="893" dir="0" index="0" bw="4" slack="0"/>
<pin id="894" dir="0" index="1" bw="4" slack="0"/>
<pin id="895" dir="1" index="2" bw="4" slack="0"/>
</pin_list>
<bind>
<opcode="read(1150) " fcode="read"/>
<opset="buf_V_12_load_1_read/1 "/>
</bind>
</comp>

<comp id="898" class="1004" name="buf_V_13_load_1_read_read_fu_898">
<pin_list>
<pin id="899" dir="0" index="0" bw="4" slack="0"/>
<pin id="900" dir="0" index="1" bw="4" slack="0"/>
<pin id="901" dir="1" index="2" bw="4" slack="0"/>
</pin_list>
<bind>
<opcode="read(1150) " fcode="read"/>
<opset="buf_V_13_load_1_read/1 "/>
</bind>
</comp>

<comp id="904" class="1004" name="buf_V_14_load_1_read_read_fu_904">
<pin_list>
<pin id="905" dir="0" index="0" bw="4" slack="0"/>
<pin id="906" dir="0" index="1" bw="4" slack="0"/>
<pin id="907" dir="1" index="2" bw="4" slack="0"/>
</pin_list>
<bind>
<opcode="read(1150) " fcode="read"/>
<opset="buf_V_14_load_1_read/1 "/>
</bind>
</comp>

<comp id="910" class="1004" name="buf_V_15_load_1_read_read_fu_910">
<pin_list>
<pin id="911" dir="0" index="0" bw="4" slack="0"/>
<pin id="912" dir="0" index="1" bw="4" slack="0"/>
<pin id="913" dir="1" index="2" bw="4" slack="0"/>
</pin_list>
<bind>
<opcode="read(1150) " fcode="read"/>
<opset="buf_V_15_load_1_read/1 "/>
</bind>
</comp>

<comp id="916" class="1004" name="buf_V_16_load_1_read_read_fu_916">
<pin_list>
<pin id="917" dir="0" index="0" bw="4" slack="0"/>
<pin id="918" dir="0" index="1" bw="4" slack="0"/>
<pin id="919" dir="1" index="2" bw="4" slack="0"/>
</pin_list>
<bind>
<opcode="read(1150) " fcode="read"/>
<opset="buf_V_16_load_1_read/1 "/>
</bind>
</comp>

<comp id="922" class="1004" name="buf_V_17_load_1_read_read_fu_922">
<pin_list>
<pin id="923" dir="0" index="0" bw="4" slack="0"/>
<pin id="924" dir="0" index="1" bw="4" slack="0"/>
<pin id="925" dir="1" index="2" bw="4" slack="0"/>
</pin_list>
<bind>
<opcode="read(1150) " fcode="read"/>
<opset="buf_V_17_load_1_read/1 "/>
</bind>
</comp>

<comp id="928" class="1004" name="buf_V_18_load_1_read_read_fu_928">
<pin_list>
<pin id="929" dir="0" index="0" bw="4" slack="0"/>
<pin id="930" dir="0" index="1" bw="4" slack="0"/>
<pin id="931" dir="1" index="2" bw="4" slack="0"/>
</pin_list>
<bind>
<opcode="read(1150) " fcode="read"/>
<opset="buf_V_18_load_1_read/1 "/>
</bind>
</comp>

<comp id="934" class="1004" name="buf_V_19_load_1_read_read_fu_934">
<pin_list>
<pin id="935" dir="0" index="0" bw="4" slack="0"/>
<pin id="936" dir="0" index="1" bw="4" slack="0"/>
<pin id="937" dir="1" index="2" bw="4" slack="0"/>
</pin_list>
<bind>
<opcode="read(1150) " fcode="read"/>
<opset="buf_V_19_load_1_read/1 "/>
</bind>
</comp>

<comp id="940" class="1004" name="buf_V_20_load_1_read_read_fu_940">
<pin_list>
<pin id="941" dir="0" index="0" bw="4" slack="0"/>
<pin id="942" dir="0" index="1" bw="4" slack="0"/>
<pin id="943" dir="1" index="2" bw="4" slack="0"/>
</pin_list>
<bind>
<opcode="read(1150) " fcode="read"/>
<opset="buf_V_20_load_1_read/1 "/>
</bind>
</comp>

<comp id="946" class="1004" name="buf_V_21_load_1_read_read_fu_946">
<pin_list>
<pin id="947" dir="0" index="0" bw="4" slack="0"/>
<pin id="948" dir="0" index="1" bw="4" slack="0"/>
<pin id="949" dir="1" index="2" bw="4" slack="0"/>
</pin_list>
<bind>
<opcode="read(1150) " fcode="read"/>
<opset="buf_V_21_load_1_read/1 "/>
</bind>
</comp>

<comp id="952" class="1004" name="buf_V_22_load_1_read_read_fu_952">
<pin_list>
<pin id="953" dir="0" index="0" bw="4" slack="0"/>
<pin id="954" dir="0" index="1" bw="4" slack="0"/>
<pin id="955" dir="1" index="2" bw="4" slack="0"/>
</pin_list>
<bind>
<opcode="read(1150) " fcode="read"/>
<opset="buf_V_22_load_1_read/1 "/>
</bind>
</comp>

<comp id="958" class="1004" name="buf_V_23_load_1_read_read_fu_958">
<pin_list>
<pin id="959" dir="0" index="0" bw="4" slack="0"/>
<pin id="960" dir="0" index="1" bw="4" slack="0"/>
<pin id="961" dir="1" index="2" bw="4" slack="0"/>
</pin_list>
<bind>
<opcode="read(1150) " fcode="read"/>
<opset="buf_V_23_load_1_read/1 "/>
</bind>
</comp>

<comp id="964" class="1004" name="buf_V_24_load_1_read_read_fu_964">
<pin_list>
<pin id="965" dir="0" index="0" bw="4" slack="0"/>
<pin id="966" dir="0" index="1" bw="4" slack="0"/>
<pin id="967" dir="1" index="2" bw="4" slack="0"/>
</pin_list>
<bind>
<opcode="read(1150) " fcode="read"/>
<opset="buf_V_24_load_1_read/1 "/>
</bind>
</comp>

<comp id="970" class="1004" name="buf_V_25_load_1_read_read_fu_970">
<pin_list>
<pin id="971" dir="0" index="0" bw="4" slack="0"/>
<pin id="972" dir="0" index="1" bw="4" slack="0"/>
<pin id="973" dir="1" index="2" bw="4" slack="0"/>
</pin_list>
<bind>
<opcode="read(1150) " fcode="read"/>
<opset="buf_V_25_load_1_read/1 "/>
</bind>
</comp>

<comp id="976" class="1004" name="buf_V_26_load_1_read_read_fu_976">
<pin_list>
<pin id="977" dir="0" index="0" bw="4" slack="0"/>
<pin id="978" dir="0" index="1" bw="4" slack="0"/>
<pin id="979" dir="1" index="2" bw="4" slack="0"/>
</pin_list>
<bind>
<opcode="read(1150) " fcode="read"/>
<opset="buf_V_26_load_1_read/1 "/>
</bind>
</comp>

<comp id="982" class="1004" name="buf_V_27_load_1_read_read_fu_982">
<pin_list>
<pin id="983" dir="0" index="0" bw="4" slack="0"/>
<pin id="984" dir="0" index="1" bw="4" slack="0"/>
<pin id="985" dir="1" index="2" bw="4" slack="0"/>
</pin_list>
<bind>
<opcode="read(1150) " fcode="read"/>
<opset="buf_V_27_load_1_read/1 "/>
</bind>
</comp>

<comp id="988" class="1004" name="buf_V_28_load_1_read_read_fu_988">
<pin_list>
<pin id="989" dir="0" index="0" bw="4" slack="0"/>
<pin id="990" dir="0" index="1" bw="4" slack="0"/>
<pin id="991" dir="1" index="2" bw="4" slack="0"/>
</pin_list>
<bind>
<opcode="read(1150) " fcode="read"/>
<opset="buf_V_28_load_1_read/1 "/>
</bind>
</comp>

<comp id="994" class="1004" name="buf_V_29_load_1_read_read_fu_994">
<pin_list>
<pin id="995" dir="0" index="0" bw="4" slack="0"/>
<pin id="996" dir="0" index="1" bw="4" slack="0"/>
<pin id="997" dir="1" index="2" bw="4" slack="0"/>
</pin_list>
<bind>
<opcode="read(1150) " fcode="read"/>
<opset="buf_V_29_load_1_read/1 "/>
</bind>
</comp>

<comp id="1000" class="1004" name="buf_V_30_load_1_read_read_fu_1000">
<pin_list>
<pin id="1001" dir="0" index="0" bw="4" slack="0"/>
<pin id="1002" dir="0" index="1" bw="4" slack="0"/>
<pin id="1003" dir="1" index="2" bw="4" slack="0"/>
</pin_list>
<bind>
<opcode="read(1150) " fcode="read"/>
<opset="buf_V_30_load_1_read/1 "/>
</bind>
</comp>

<comp id="1006" class="1004" name="buf_V_31_load_1_read_read_fu_1006">
<pin_list>
<pin id="1007" dir="0" index="0" bw="4" slack="0"/>
<pin id="1008" dir="0" index="1" bw="4" slack="0"/>
<pin id="1009" dir="1" index="2" bw="4" slack="0"/>
</pin_list>
<bind>
<opcode="read(1150) " fcode="read"/>
<opset="buf_V_31_load_1_read/1 "/>
</bind>
</comp>

<comp id="1012" class="1004" name="buf_V_32_load_1_read_read_fu_1012">
<pin_list>
<pin id="1013" dir="0" index="0" bw="4" slack="0"/>
<pin id="1014" dir="0" index="1" bw="4" slack="0"/>
<pin id="1015" dir="1" index="2" bw="4" slack="0"/>
</pin_list>
<bind>
<opcode="read(1150) " fcode="read"/>
<opset="buf_V_32_load_1_read/1 "/>
</bind>
</comp>

<comp id="1018" class="1004" name="buf_V_33_load_1_read_read_fu_1018">
<pin_list>
<pin id="1019" dir="0" index="0" bw="4" slack="0"/>
<pin id="1020" dir="0" index="1" bw="4" slack="0"/>
<pin id="1021" dir="1" index="2" bw="4" slack="0"/>
</pin_list>
<bind>
<opcode="read(1150) " fcode="read"/>
<opset="buf_V_33_load_1_read/1 "/>
</bind>
</comp>

<comp id="1024" class="1004" name="buf_V_34_load_1_read_read_fu_1024">
<pin_list>
<pin id="1025" dir="0" index="0" bw="4" slack="0"/>
<pin id="1026" dir="0" index="1" bw="4" slack="0"/>
<pin id="1027" dir="1" index="2" bw="4" slack="0"/>
</pin_list>
<bind>
<opcode="read(1150) " fcode="read"/>
<opset="buf_V_34_load_1_read/1 "/>
</bind>
</comp>

<comp id="1030" class="1004" name="buf_V_35_load_1_read_read_fu_1030">
<pin_list>
<pin id="1031" dir="0" index="0" bw="4" slack="0"/>
<pin id="1032" dir="0" index="1" bw="4" slack="0"/>
<pin id="1033" dir="1" index="2" bw="4" slack="0"/>
</pin_list>
<bind>
<opcode="read(1150) " fcode="read"/>
<opset="buf_V_35_load_1_read/1 "/>
</bind>
</comp>

<comp id="1036" class="1004" name="buf_V_36_load_1_read_read_fu_1036">
<pin_list>
<pin id="1037" dir="0" index="0" bw="4" slack="0"/>
<pin id="1038" dir="0" index="1" bw="4" slack="0"/>
<pin id="1039" dir="1" index="2" bw="4" slack="0"/>
</pin_list>
<bind>
<opcode="read(1150) " fcode="read"/>
<opset="buf_V_36_load_1_read/1 "/>
</bind>
</comp>

<comp id="1042" class="1004" name="buf_V_37_load_1_read_read_fu_1042">
<pin_list>
<pin id="1043" dir="0" index="0" bw="4" slack="0"/>
<pin id="1044" dir="0" index="1" bw="4" slack="0"/>
<pin id="1045" dir="1" index="2" bw="4" slack="0"/>
</pin_list>
<bind>
<opcode="read(1150) " fcode="read"/>
<opset="buf_V_37_load_1_read/1 "/>
</bind>
</comp>

<comp id="1048" class="1004" name="buf_V_38_load_1_read_read_fu_1048">
<pin_list>
<pin id="1049" dir="0" index="0" bw="4" slack="0"/>
<pin id="1050" dir="0" index="1" bw="4" slack="0"/>
<pin id="1051" dir="1" index="2" bw="4" slack="0"/>
</pin_list>
<bind>
<opcode="read(1150) " fcode="read"/>
<opset="buf_V_38_load_1_read/1 "/>
</bind>
</comp>

<comp id="1054" class="1004" name="buf_V_39_load_1_read_read_fu_1054">
<pin_list>
<pin id="1055" dir="0" index="0" bw="4" slack="0"/>
<pin id="1056" dir="0" index="1" bw="4" slack="0"/>
<pin id="1057" dir="1" index="2" bw="4" slack="0"/>
</pin_list>
<bind>
<opcode="read(1150) " fcode="read"/>
<opset="buf_V_39_load_1_read/1 "/>
</bind>
</comp>

<comp id="1060" class="1004" name="buf_V_40_load_1_read_read_fu_1060">
<pin_list>
<pin id="1061" dir="0" index="0" bw="4" slack="0"/>
<pin id="1062" dir="0" index="1" bw="4" slack="0"/>
<pin id="1063" dir="1" index="2" bw="4" slack="0"/>
</pin_list>
<bind>
<opcode="read(1150) " fcode="read"/>
<opset="buf_V_40_load_1_read/1 "/>
</bind>
</comp>

<comp id="1066" class="1004" name="buf_V_41_load_1_read_read_fu_1066">
<pin_list>
<pin id="1067" dir="0" index="0" bw="4" slack="0"/>
<pin id="1068" dir="0" index="1" bw="4" slack="0"/>
<pin id="1069" dir="1" index="2" bw="4" slack="0"/>
</pin_list>
<bind>
<opcode="read(1150) " fcode="read"/>
<opset="buf_V_41_load_1_read/1 "/>
</bind>
</comp>

<comp id="1072" class="1004" name="buf_V_42_load_1_read_read_fu_1072">
<pin_list>
<pin id="1073" dir="0" index="0" bw="4" slack="0"/>
<pin id="1074" dir="0" index="1" bw="4" slack="0"/>
<pin id="1075" dir="1" index="2" bw="4" slack="0"/>
</pin_list>
<bind>
<opcode="read(1150) " fcode="read"/>
<opset="buf_V_42_load_1_read/1 "/>
</bind>
</comp>

<comp id="1078" class="1004" name="buf_V_43_load_1_read_read_fu_1078">
<pin_list>
<pin id="1079" dir="0" index="0" bw="4" slack="0"/>
<pin id="1080" dir="0" index="1" bw="4" slack="0"/>
<pin id="1081" dir="1" index="2" bw="4" slack="0"/>
</pin_list>
<bind>
<opcode="read(1150) " fcode="read"/>
<opset="buf_V_43_load_1_read/1 "/>
</bind>
</comp>

<comp id="1084" class="1004" name="buf_V_44_load_1_read_read_fu_1084">
<pin_list>
<pin id="1085" dir="0" index="0" bw="4" slack="0"/>
<pin id="1086" dir="0" index="1" bw="4" slack="0"/>
<pin id="1087" dir="1" index="2" bw="4" slack="0"/>
</pin_list>
<bind>
<opcode="read(1150) " fcode="read"/>
<opset="buf_V_44_load_1_read/1 "/>
</bind>
</comp>

<comp id="1090" class="1004" name="buf_V_45_load_1_read_read_fu_1090">
<pin_list>
<pin id="1091" dir="0" index="0" bw="4" slack="0"/>
<pin id="1092" dir="0" index="1" bw="4" slack="0"/>
<pin id="1093" dir="1" index="2" bw="4" slack="0"/>
</pin_list>
<bind>
<opcode="read(1150) " fcode="read"/>
<opset="buf_V_45_load_1_read/1 "/>
</bind>
</comp>

<comp id="1096" class="1004" name="buf_V_46_load_1_read_read_fu_1096">
<pin_list>
<pin id="1097" dir="0" index="0" bw="4" slack="0"/>
<pin id="1098" dir="0" index="1" bw="4" slack="0"/>
<pin id="1099" dir="1" index="2" bw="4" slack="0"/>
</pin_list>
<bind>
<opcode="read(1150) " fcode="read"/>
<opset="buf_V_46_load_1_read/1 "/>
</bind>
</comp>

<comp id="1102" class="1004" name="buf_V_47_load_1_read_read_fu_1102">
<pin_list>
<pin id="1103" dir="0" index="0" bw="4" slack="0"/>
<pin id="1104" dir="0" index="1" bw="4" slack="0"/>
<pin id="1105" dir="1" index="2" bw="4" slack="0"/>
</pin_list>
<bind>
<opcode="read(1150) " fcode="read"/>
<opset="buf_V_47_load_1_read/1 "/>
</bind>
</comp>

<comp id="1108" class="1004" name="buf_V_48_load_1_read_read_fu_1108">
<pin_list>
<pin id="1109" dir="0" index="0" bw="4" slack="0"/>
<pin id="1110" dir="0" index="1" bw="4" slack="0"/>
<pin id="1111" dir="1" index="2" bw="4" slack="0"/>
</pin_list>
<bind>
<opcode="read(1150) " fcode="read"/>
<opset="buf_V_48_load_1_read/1 "/>
</bind>
</comp>

<comp id="1114" class="1004" name="buf_V_49_load_1_read_read_fu_1114">
<pin_list>
<pin id="1115" dir="0" index="0" bw="4" slack="0"/>
<pin id="1116" dir="0" index="1" bw="4" slack="0"/>
<pin id="1117" dir="1" index="2" bw="4" slack="0"/>
</pin_list>
<bind>
<opcode="read(1150) " fcode="read"/>
<opset="buf_V_49_load_1_read/1 "/>
</bind>
</comp>

<comp id="1120" class="1004" name="buf_V_50_load_1_read_read_fu_1120">
<pin_list>
<pin id="1121" dir="0" index="0" bw="4" slack="0"/>
<pin id="1122" dir="0" index="1" bw="4" slack="0"/>
<pin id="1123" dir="1" index="2" bw="4" slack="0"/>
</pin_list>
<bind>
<opcode="read(1150) " fcode="read"/>
<opset="buf_V_50_load_1_read/1 "/>
</bind>
</comp>

<comp id="1126" class="1004" name="buf_V_51_load_1_read_read_fu_1126">
<pin_list>
<pin id="1127" dir="0" index="0" bw="4" slack="0"/>
<pin id="1128" dir="0" index="1" bw="4" slack="0"/>
<pin id="1129" dir="1" index="2" bw="4" slack="0"/>
</pin_list>
<bind>
<opcode="read(1150) " fcode="read"/>
<opset="buf_V_51_load_1_read/1 "/>
</bind>
</comp>

<comp id="1132" class="1004" name="buf_V_52_load_1_read_read_fu_1132">
<pin_list>
<pin id="1133" dir="0" index="0" bw="4" slack="0"/>
<pin id="1134" dir="0" index="1" bw="4" slack="0"/>
<pin id="1135" dir="1" index="2" bw="4" slack="0"/>
</pin_list>
<bind>
<opcode="read(1150) " fcode="read"/>
<opset="buf_V_52_load_1_read/1 "/>
</bind>
</comp>

<comp id="1138" class="1004" name="buf_V_53_load_1_read_read_fu_1138">
<pin_list>
<pin id="1139" dir="0" index="0" bw="4" slack="0"/>
<pin id="1140" dir="0" index="1" bw="4" slack="0"/>
<pin id="1141" dir="1" index="2" bw="4" slack="0"/>
</pin_list>
<bind>
<opcode="read(1150) " fcode="read"/>
<opset="buf_V_53_load_1_read/1 "/>
</bind>
</comp>

<comp id="1144" class="1004" name="buf_V_54_load_1_read_read_fu_1144">
<pin_list>
<pin id="1145" dir="0" index="0" bw="4" slack="0"/>
<pin id="1146" dir="0" index="1" bw="4" slack="0"/>
<pin id="1147" dir="1" index="2" bw="4" slack="0"/>
</pin_list>
<bind>
<opcode="read(1150) " fcode="read"/>
<opset="buf_V_54_load_1_read/1 "/>
</bind>
</comp>

<comp id="1150" class="1004" name="buf_V_55_load_1_read_read_fu_1150">
<pin_list>
<pin id="1151" dir="0" index="0" bw="4" slack="0"/>
<pin id="1152" dir="0" index="1" bw="4" slack="0"/>
<pin id="1153" dir="1" index="2" bw="4" slack="0"/>
</pin_list>
<bind>
<opcode="read(1150) " fcode="read"/>
<opset="buf_V_55_load_1_read/1 "/>
</bind>
</comp>

<comp id="1156" class="1004" name="buf_V_56_load_1_read_read_fu_1156">
<pin_list>
<pin id="1157" dir="0" index="0" bw="4" slack="0"/>
<pin id="1158" dir="0" index="1" bw="4" slack="0"/>
<pin id="1159" dir="1" index="2" bw="4" slack="0"/>
</pin_list>
<bind>
<opcode="read(1150) " fcode="read"/>
<opset="buf_V_56_load_1_read/1 "/>
</bind>
</comp>

<comp id="1162" class="1004" name="buf_V_57_load_1_read_read_fu_1162">
<pin_list>
<pin id="1163" dir="0" index="0" bw="4" slack="0"/>
<pin id="1164" dir="0" index="1" bw="4" slack="0"/>
<pin id="1165" dir="1" index="2" bw="4" slack="0"/>
</pin_list>
<bind>
<opcode="read(1150) " fcode="read"/>
<opset="buf_V_57_load_1_read/1 "/>
</bind>
</comp>

<comp id="1168" class="1004" name="buf_V_58_load_1_read_read_fu_1168">
<pin_list>
<pin id="1169" dir="0" index="0" bw="4" slack="0"/>
<pin id="1170" dir="0" index="1" bw="4" slack="0"/>
<pin id="1171" dir="1" index="2" bw="4" slack="0"/>
</pin_list>
<bind>
<opcode="read(1150) " fcode="read"/>
<opset="buf_V_58_load_1_read/1 "/>
</bind>
</comp>

<comp id="1174" class="1004" name="buf_V_59_load_1_read_read_fu_1174">
<pin_list>
<pin id="1175" dir="0" index="0" bw="4" slack="0"/>
<pin id="1176" dir="0" index="1" bw="4" slack="0"/>
<pin id="1177" dir="1" index="2" bw="4" slack="0"/>
</pin_list>
<bind>
<opcode="read(1150) " fcode="read"/>
<opset="buf_V_59_load_1_read/1 "/>
</bind>
</comp>

<comp id="1180" class="1004" name="buf_V_60_load_1_read_read_fu_1180">
<pin_list>
<pin id="1181" dir="0" index="0" bw="4" slack="0"/>
<pin id="1182" dir="0" index="1" bw="4" slack="0"/>
<pin id="1183" dir="1" index="2" bw="4" slack="0"/>
</pin_list>
<bind>
<opcode="read(1150) " fcode="read"/>
<opset="buf_V_60_load_1_read/1 "/>
</bind>
</comp>

<comp id="1186" class="1004" name="buf_V_61_load_1_read_read_fu_1186">
<pin_list>
<pin id="1187" dir="0" index="0" bw="4" slack="0"/>
<pin id="1188" dir="0" index="1" bw="4" slack="0"/>
<pin id="1189" dir="1" index="2" bw="4" slack="0"/>
</pin_list>
<bind>
<opcode="read(1150) " fcode="read"/>
<opset="buf_V_61_load_1_read/1 "/>
</bind>
</comp>

<comp id="1192" class="1004" name="buf_V_62_load_1_read_read_fu_1192">
<pin_list>
<pin id="1193" dir="0" index="0" bw="4" slack="0"/>
<pin id="1194" dir="0" index="1" bw="4" slack="0"/>
<pin id="1195" dir="1" index="2" bw="4" slack="0"/>
</pin_list>
<bind>
<opcode="read(1150) " fcode="read"/>
<opset="buf_V_62_load_1_read/1 "/>
</bind>
</comp>

<comp id="1198" class="1004" name="buf_V_63_load_1_read_read_fu_1198">
<pin_list>
<pin id="1199" dir="0" index="0" bw="4" slack="0"/>
<pin id="1200" dir="0" index="1" bw="4" slack="0"/>
<pin id="1201" dir="1" index="2" bw="4" slack="0"/>
</pin_list>
<bind>
<opcode="read(1150) " fcode="read"/>
<opset="buf_V_63_load_1_read/1 "/>
</bind>
</comp>

<comp id="1204" class="1004" name="inputData_V_read_fu_1204">
<pin_list>
<pin id="1205" dir="0" index="0" bw="256" slack="0"/>
<pin id="1206" dir="0" index="1" bw="256" slack="0"/>
<pin id="1207" dir="1" index="2" bw="256" slack="0"/>
</pin_list>
<bind>
<opcode="read(1150) " fcode="read"/>
<opset="inputData_V/1 "/>
</bind>
</comp>

<comp id="1210" class="1004" name="buf_V_63_addr_gep_fu_1210">
<pin_list>
<pin id="1211" dir="0" index="0" bw="4" slack="0"/>
<pin id="1212" dir="0" index="1" bw="1" slack="0"/>
<pin id="1213" dir="0" index="2" bw="3" slack="0"/>
<pin id="1214" dir="1" index="3" bw="3" slack="0"/>
</pin_list>
<bind>
<opcode="getelementptr(29) " fcode="getelementptr"/>
<opset="buf_V_63_addr/1 "/>
</bind>
</comp>

<comp id="1217" class="1004" name="buf_V_62_addr_gep_fu_1217">
<pin_list>
<pin id="1218" dir="0" index="0" bw="4" slack="0"/>
<pin id="1219" dir="0" index="1" bw="1" slack="0"/>
<pin id="1220" dir="0" index="2" bw="3" slack="0"/>
<pin id="1221" dir="1" index="3" bw="3" slack="0"/>
</pin_list>
<bind>
<opcode="getelementptr(29) " fcode="getelementptr"/>
<opset="buf_V_62_addr/1 "/>
</bind>
</comp>

<comp id="1224" class="1004" name="buf_V_61_addr_gep_fu_1224">
<pin_list>
<pin id="1225" dir="0" index="0" bw="4" slack="0"/>
<pin id="1226" dir="0" index="1" bw="1" slack="0"/>
<pin id="1227" dir="0" index="2" bw="3" slack="0"/>
<pin id="1228" dir="1" index="3" bw="3" slack="0"/>
</pin_list>
<bind>
<opcode="getelementptr(29) " fcode="getelementptr"/>
<opset="buf_V_61_addr/1 "/>
</bind>
</comp>

<comp id="1231" class="1004" name="buf_V_60_addr_gep_fu_1231">
<pin_list>
<pin id="1232" dir="0" index="0" bw="4" slack="0"/>
<pin id="1233" dir="0" index="1" bw="1" slack="0"/>
<pin id="1234" dir="0" index="2" bw="3" slack="0"/>
<pin id="1235" dir="1" index="3" bw="3" slack="0"/>
</pin_list>
<bind>
<opcode="getelementptr(29) " fcode="getelementptr"/>
<opset="buf_V_60_addr/1 "/>
</bind>
</comp>

<comp id="1238" class="1004" name="buf_V_59_addr_gep_fu_1238">
<pin_list>
<pin id="1239" dir="0" index="0" bw="4" slack="0"/>
<pin id="1240" dir="0" index="1" bw="1" slack="0"/>
<pin id="1241" dir="0" index="2" bw="3" slack="0"/>
<pin id="1242" dir="1" index="3" bw="3" slack="0"/>
</pin_list>
<bind>
<opcode="getelementptr(29) " fcode="getelementptr"/>
<opset="buf_V_59_addr/1 "/>
</bind>
</comp>

<comp id="1245" class="1004" name="buf_V_58_addr_gep_fu_1245">
<pin_list>
<pin id="1246" dir="0" index="0" bw="4" slack="0"/>
<pin id="1247" dir="0" index="1" bw="1" slack="0"/>
<pin id="1248" dir="0" index="2" bw="3" slack="0"/>
<pin id="1249" dir="1" index="3" bw="3" slack="0"/>
</pin_list>
<bind>
<opcode="getelementptr(29) " fcode="getelementptr"/>
<opset="buf_V_58_addr/1 "/>
</bind>
</comp>

<comp id="1252" class="1004" name="buf_V_57_addr_gep_fu_1252">
<pin_list>
<pin id="1253" dir="0" index="0" bw="4" slack="0"/>
<pin id="1254" dir="0" index="1" bw="1" slack="0"/>
<pin id="1255" dir="0" index="2" bw="3" slack="0"/>
<pin id="1256" dir="1" index="3" bw="3" slack="0"/>
</pin_list>
<bind>
<opcode="getelementptr(29) " fcode="getelementptr"/>
<opset="buf_V_57_addr/1 "/>
</bind>
</comp>

<comp id="1259" class="1004" name="buf_V_56_addr_gep_fu_1259">
<pin_list>
<pin id="1260" dir="0" index="0" bw="4" slack="0"/>
<pin id="1261" dir="0" index="1" bw="1" slack="0"/>
<pin id="1262" dir="0" index="2" bw="3" slack="0"/>
<pin id="1263" dir="1" index="3" bw="3" slack="0"/>
</pin_list>
<bind>
<opcode="getelementptr(29) " fcode="getelementptr"/>
<opset="buf_V_56_addr/1 "/>
</bind>
</comp>

<comp id="1266" class="1004" name="buf_V_55_addr_gep_fu_1266">
<pin_list>
<pin id="1267" dir="0" index="0" bw="4" slack="0"/>
<pin id="1268" dir="0" index="1" bw="1" slack="0"/>
<pin id="1269" dir="0" index="2" bw="3" slack="0"/>
<pin id="1270" dir="1" index="3" bw="3" slack="0"/>
</pin_list>
<bind>
<opcode="getelementptr(29) " fcode="getelementptr"/>
<opset="buf_V_55_addr/1 "/>
</bind>
</comp>

<comp id="1273" class="1004" name="buf_V_54_addr_gep_fu_1273">
<pin_list>
<pin id="1274" dir="0" index="0" bw="4" slack="0"/>
<pin id="1275" dir="0" index="1" bw="1" slack="0"/>
<pin id="1276" dir="0" index="2" bw="3" slack="0"/>
<pin id="1277" dir="1" index="3" bw="3" slack="0"/>
</pin_list>
<bind>
<opcode="getelementptr(29) " fcode="getelementptr"/>
<opset="buf_V_54_addr/1 "/>
</bind>
</comp>

<comp id="1280" class="1004" name="buf_V_53_addr_gep_fu_1280">
<pin_list>
<pin id="1281" dir="0" index="0" bw="4" slack="0"/>
<pin id="1282" dir="0" index="1" bw="1" slack="0"/>
<pin id="1283" dir="0" index="2" bw="3" slack="0"/>
<pin id="1284" dir="1" index="3" bw="3" slack="0"/>
</pin_list>
<bind>
<opcode="getelementptr(29) " fcode="getelementptr"/>
<opset="buf_V_53_addr/1 "/>
</bind>
</comp>

<comp id="1287" class="1004" name="buf_V_52_addr_gep_fu_1287">
<pin_list>
<pin id="1288" dir="0" index="0" bw="4" slack="0"/>
<pin id="1289" dir="0" index="1" bw="1" slack="0"/>
<pin id="1290" dir="0" index="2" bw="3" slack="0"/>
<pin id="1291" dir="1" index="3" bw="3" slack="0"/>
</pin_list>
<bind>
<opcode="getelementptr(29) " fcode="getelementptr"/>
<opset="buf_V_52_addr/1 "/>
</bind>
</comp>

<comp id="1294" class="1004" name="buf_V_51_addr_gep_fu_1294">
<pin_list>
<pin id="1295" dir="0" index="0" bw="4" slack="0"/>
<pin id="1296" dir="0" index="1" bw="1" slack="0"/>
<pin id="1297" dir="0" index="2" bw="3" slack="0"/>
<pin id="1298" dir="1" index="3" bw="3" slack="0"/>
</pin_list>
<bind>
<opcode="getelementptr(29) " fcode="getelementptr"/>
<opset="buf_V_51_addr/1 "/>
</bind>
</comp>

<comp id="1301" class="1004" name="buf_V_50_addr_gep_fu_1301">
<pin_list>
<pin id="1302" dir="0" index="0" bw="4" slack="0"/>
<pin id="1303" dir="0" index="1" bw="1" slack="0"/>
<pin id="1304" dir="0" index="2" bw="3" slack="0"/>
<pin id="1305" dir="1" index="3" bw="3" slack="0"/>
</pin_list>
<bind>
<opcode="getelementptr(29) " fcode="getelementptr"/>
<opset="buf_V_50_addr/1 "/>
</bind>
</comp>

<comp id="1308" class="1004" name="buf_V_49_addr_gep_fu_1308">
<pin_list>
<pin id="1309" dir="0" index="0" bw="4" slack="0"/>
<pin id="1310" dir="0" index="1" bw="1" slack="0"/>
<pin id="1311" dir="0" index="2" bw="3" slack="0"/>
<pin id="1312" dir="1" index="3" bw="3" slack="0"/>
</pin_list>
<bind>
<opcode="getelementptr(29) " fcode="getelementptr"/>
<opset="buf_V_49_addr/1 "/>
</bind>
</comp>

<comp id="1315" class="1004" name="buf_V_48_addr_gep_fu_1315">
<pin_list>
<pin id="1316" dir="0" index="0" bw="4" slack="0"/>
<pin id="1317" dir="0" index="1" bw="1" slack="0"/>
<pin id="1318" dir="0" index="2" bw="3" slack="0"/>
<pin id="1319" dir="1" index="3" bw="3" slack="0"/>
</pin_list>
<bind>
<opcode="getelementptr(29) " fcode="getelementptr"/>
<opset="buf_V_48_addr/1 "/>
</bind>
</comp>

<comp id="1322" class="1004" name="buf_V_47_addr_gep_fu_1322">
<pin_list>
<pin id="1323" dir="0" index="0" bw="4" slack="0"/>
<pin id="1324" dir="0" index="1" bw="1" slack="0"/>
<pin id="1325" dir="0" index="2" bw="3" slack="0"/>
<pin id="1326" dir="1" index="3" bw="3" slack="0"/>
</pin_list>
<bind>
<opcode="getelementptr(29) " fcode="getelementptr"/>
<opset="buf_V_47_addr/1 "/>
</bind>
</comp>

<comp id="1329" class="1004" name="buf_V_46_addr_gep_fu_1329">
<pin_list>
<pin id="1330" dir="0" index="0" bw="4" slack="0"/>
<pin id="1331" dir="0" index="1" bw="1" slack="0"/>
<pin id="1332" dir="0" index="2" bw="3" slack="0"/>
<pin id="1333" dir="1" index="3" bw="3" slack="0"/>
</pin_list>
<bind>
<opcode="getelementptr(29) " fcode="getelementptr"/>
<opset="buf_V_46_addr/1 "/>
</bind>
</comp>

<comp id="1336" class="1004" name="buf_V_45_addr_gep_fu_1336">
<pin_list>
<pin id="1337" dir="0" index="0" bw="4" slack="0"/>
<pin id="1338" dir="0" index="1" bw="1" slack="0"/>
<pin id="1339" dir="0" index="2" bw="3" slack="0"/>
<pin id="1340" dir="1" index="3" bw="3" slack="0"/>
</pin_list>
<bind>
<opcode="getelementptr(29) " fcode="getelementptr"/>
<opset="buf_V_45_addr/1 "/>
</bind>
</comp>

<comp id="1343" class="1004" name="buf_V_44_addr_gep_fu_1343">
<pin_list>
<pin id="1344" dir="0" index="0" bw="4" slack="0"/>
<pin id="1345" dir="0" index="1" bw="1" slack="0"/>
<pin id="1346" dir="0" index="2" bw="3" slack="0"/>
<pin id="1347" dir="1" index="3" bw="3" slack="0"/>
</pin_list>
<bind>
<opcode="getelementptr(29) " fcode="getelementptr"/>
<opset="buf_V_44_addr/1 "/>
</bind>
</comp>

<comp id="1350" class="1004" name="buf_V_43_addr_gep_fu_1350">
<pin_list>
<pin id="1351" dir="0" index="0" bw="4" slack="0"/>
<pin id="1352" dir="0" index="1" bw="1" slack="0"/>
<pin id="1353" dir="0" index="2" bw="3" slack="0"/>
<pin id="1354" dir="1" index="3" bw="3" slack="0"/>
</pin_list>
<bind>
<opcode="getelementptr(29) " fcode="getelementptr"/>
<opset="buf_V_43_addr/1 "/>
</bind>
</comp>

<comp id="1357" class="1004" name="buf_V_42_addr_gep_fu_1357">
<pin_list>
<pin id="1358" dir="0" index="0" bw="4" slack="0"/>
<pin id="1359" dir="0" index="1" bw="1" slack="0"/>
<pin id="1360" dir="0" index="2" bw="3" slack="0"/>
<pin id="1361" dir="1" index="3" bw="3" slack="0"/>
</pin_list>
<bind>
<opcode="getelementptr(29) " fcode="getelementptr"/>
<opset="buf_V_42_addr/1 "/>
</bind>
</comp>

<comp id="1364" class="1004" name="buf_V_41_addr_gep_fu_1364">
<pin_list>
<pin id="1365" dir="0" index="0" bw="4" slack="0"/>
<pin id="1366" dir="0" index="1" bw="1" slack="0"/>
<pin id="1367" dir="0" index="2" bw="3" slack="0"/>
<pin id="1368" dir="1" index="3" bw="3" slack="0"/>
</pin_list>
<bind>
<opcode="getelementptr(29) " fcode="getelementptr"/>
<opset="buf_V_41_addr/1 "/>
</bind>
</comp>

<comp id="1371" class="1004" name="buf_V_40_addr_gep_fu_1371">
<pin_list>
<pin id="1372" dir="0" index="0" bw="4" slack="0"/>
<pin id="1373" dir="0" index="1" bw="1" slack="0"/>
<pin id="1374" dir="0" index="2" bw="3" slack="0"/>
<pin id="1375" dir="1" index="3" bw="3" slack="0"/>
</pin_list>
<bind>
<opcode="getelementptr(29) " fcode="getelementptr"/>
<opset="buf_V_40_addr/1 "/>
</bind>
</comp>

<comp id="1378" class="1004" name="buf_V_39_addr_gep_fu_1378">
<pin_list>
<pin id="1379" dir="0" index="0" bw="4" slack="0"/>
<pin id="1380" dir="0" index="1" bw="1" slack="0"/>
<pin id="1381" dir="0" index="2" bw="3" slack="0"/>
<pin id="1382" dir="1" index="3" bw="3" slack="0"/>
</pin_list>
<bind>
<opcode="getelementptr(29) " fcode="getelementptr"/>
<opset="buf_V_39_addr/1 "/>
</bind>
</comp>

<comp id="1385" class="1004" name="buf_V_38_addr_gep_fu_1385">
<pin_list>
<pin id="1386" dir="0" index="0" bw="4" slack="0"/>
<pin id="1387" dir="0" index="1" bw="1" slack="0"/>
<pin id="1388" dir="0" index="2" bw="3" slack="0"/>
<pin id="1389" dir="1" index="3" bw="3" slack="0"/>
</pin_list>
<bind>
<opcode="getelementptr(29) " fcode="getelementptr"/>
<opset="buf_V_38_addr/1 "/>
</bind>
</comp>

<comp id="1392" class="1004" name="buf_V_37_addr_gep_fu_1392">
<pin_list>
<pin id="1393" dir="0" index="0" bw="4" slack="0"/>
<pin id="1394" dir="0" index="1" bw="1" slack="0"/>
<pin id="1395" dir="0" index="2" bw="3" slack="0"/>
<pin id="1396" dir="1" index="3" bw="3" slack="0"/>
</pin_list>
<bind>
<opcode="getelementptr(29) " fcode="getelementptr"/>
<opset="buf_V_37_addr/1 "/>
</bind>
</comp>

<comp id="1399" class="1004" name="buf_V_36_addr_gep_fu_1399">
<pin_list>
<pin id="1400" dir="0" index="0" bw="4" slack="0"/>
<pin id="1401" dir="0" index="1" bw="1" slack="0"/>
<pin id="1402" dir="0" index="2" bw="3" slack="0"/>
<pin id="1403" dir="1" index="3" bw="3" slack="0"/>
</pin_list>
<bind>
<opcode="getelementptr(29) " fcode="getelementptr"/>
<opset="buf_V_36_addr/1 "/>
</bind>
</comp>

<comp id="1406" class="1004" name="buf_V_35_addr_gep_fu_1406">
<pin_list>
<pin id="1407" dir="0" index="0" bw="4" slack="0"/>
<pin id="1408" dir="0" index="1" bw="1" slack="0"/>
<pin id="1409" dir="0" index="2" bw="3" slack="0"/>
<pin id="1410" dir="1" index="3" bw="3" slack="0"/>
</pin_list>
<bind>
<opcode="getelementptr(29) " fcode="getelementptr"/>
<opset="buf_V_35_addr/1 "/>
</bind>
</comp>

<comp id="1413" class="1004" name="buf_V_34_addr_gep_fu_1413">
<pin_list>
<pin id="1414" dir="0" index="0" bw="4" slack="0"/>
<pin id="1415" dir="0" index="1" bw="1" slack="0"/>
<pin id="1416" dir="0" index="2" bw="3" slack="0"/>
<pin id="1417" dir="1" index="3" bw="3" slack="0"/>
</pin_list>
<bind>
<opcode="getelementptr(29) " fcode="getelementptr"/>
<opset="buf_V_34_addr/1 "/>
</bind>
</comp>

<comp id="1420" class="1004" name="buf_V_33_addr_gep_fu_1420">
<pin_list>
<pin id="1421" dir="0" index="0" bw="4" slack="0"/>
<pin id="1422" dir="0" index="1" bw="1" slack="0"/>
<pin id="1423" dir="0" index="2" bw="3" slack="0"/>
<pin id="1424" dir="1" index="3" bw="3" slack="0"/>
</pin_list>
<bind>
<opcode="getelementptr(29) " fcode="getelementptr"/>
<opset="buf_V_33_addr/1 "/>
</bind>
</comp>

<comp id="1427" class="1004" name="buf_V_32_addr_gep_fu_1427">
<pin_list>
<pin id="1428" dir="0" index="0" bw="4" slack="0"/>
<pin id="1429" dir="0" index="1" bw="1" slack="0"/>
<pin id="1430" dir="0" index="2" bw="3" slack="0"/>
<pin id="1431" dir="1" index="3" bw="3" slack="0"/>
</pin_list>
<bind>
<opcode="getelementptr(29) " fcode="getelementptr"/>
<opset="buf_V_32_addr/1 "/>
</bind>
</comp>

<comp id="1434" class="1004" name="buf_V_31_addr_gep_fu_1434">
<pin_list>
<pin id="1435" dir="0" index="0" bw="4" slack="0"/>
<pin id="1436" dir="0" index="1" bw="1" slack="0"/>
<pin id="1437" dir="0" index="2" bw="3" slack="0"/>
<pin id="1438" dir="1" index="3" bw="3" slack="0"/>
</pin_list>
<bind>
<opcode="getelementptr(29) " fcode="getelementptr"/>
<opset="buf_V_31_addr/1 "/>
</bind>
</comp>

<comp id="1441" class="1004" name="buf_V_30_addr_gep_fu_1441">
<pin_list>
<pin id="1442" dir="0" index="0" bw="4" slack="0"/>
<pin id="1443" dir="0" index="1" bw="1" slack="0"/>
<pin id="1444" dir="0" index="2" bw="3" slack="0"/>
<pin id="1445" dir="1" index="3" bw="3" slack="0"/>
</pin_list>
<bind>
<opcode="getelementptr(29) " fcode="getelementptr"/>
<opset="buf_V_30_addr/1 "/>
</bind>
</comp>

<comp id="1448" class="1004" name="buf_V_29_addr_gep_fu_1448">
<pin_list>
<pin id="1449" dir="0" index="0" bw="4" slack="0"/>
<pin id="1450" dir="0" index="1" bw="1" slack="0"/>
<pin id="1451" dir="0" index="2" bw="3" slack="0"/>
<pin id="1452" dir="1" index="3" bw="3" slack="0"/>
</pin_list>
<bind>
<opcode="getelementptr(29) " fcode="getelementptr"/>
<opset="buf_V_29_addr/1 "/>
</bind>
</comp>

<comp id="1455" class="1004" name="buf_V_28_addr_gep_fu_1455">
<pin_list>
<pin id="1456" dir="0" index="0" bw="4" slack="0"/>
<pin id="1457" dir="0" index="1" bw="1" slack="0"/>
<pin id="1458" dir="0" index="2" bw="3" slack="0"/>
<pin id="1459" dir="1" index="3" bw="3" slack="0"/>
</pin_list>
<bind>
<opcode="getelementptr(29) " fcode="getelementptr"/>
<opset="buf_V_28_addr/1 "/>
</bind>
</comp>

<comp id="1462" class="1004" name="buf_V_27_addr_gep_fu_1462">
<pin_list>
<pin id="1463" dir="0" index="0" bw="4" slack="0"/>
<pin id="1464" dir="0" index="1" bw="1" slack="0"/>
<pin id="1465" dir="0" index="2" bw="3" slack="0"/>
<pin id="1466" dir="1" index="3" bw="3" slack="0"/>
</pin_list>
<bind>
<opcode="getelementptr(29) " fcode="getelementptr"/>
<opset="buf_V_27_addr/1 "/>
</bind>
</comp>

<comp id="1469" class="1004" name="buf_V_26_addr_gep_fu_1469">
<pin_list>
<pin id="1470" dir="0" index="0" bw="4" slack="0"/>
<pin id="1471" dir="0" index="1" bw="1" slack="0"/>
<pin id="1472" dir="0" index="2" bw="3" slack="0"/>
<pin id="1473" dir="1" index="3" bw="3" slack="0"/>
</pin_list>
<bind>
<opcode="getelementptr(29) " fcode="getelementptr"/>
<opset="buf_V_26_addr/1 "/>
</bind>
</comp>

<comp id="1476" class="1004" name="buf_V_25_addr_gep_fu_1476">
<pin_list>
<pin id="1477" dir="0" index="0" bw="4" slack="0"/>
<pin id="1478" dir="0" index="1" bw="1" slack="0"/>
<pin id="1479" dir="0" index="2" bw="3" slack="0"/>
<pin id="1480" dir="1" index="3" bw="3" slack="0"/>
</pin_list>
<bind>
<opcode="getelementptr(29) " fcode="getelementptr"/>
<opset="buf_V_25_addr/1 "/>
</bind>
</comp>

<comp id="1483" class="1004" name="buf_V_24_addr_gep_fu_1483">
<pin_list>
<pin id="1484" dir="0" index="0" bw="4" slack="0"/>
<pin id="1485" dir="0" index="1" bw="1" slack="0"/>
<pin id="1486" dir="0" index="2" bw="3" slack="0"/>
<pin id="1487" dir="1" index="3" bw="3" slack="0"/>
</pin_list>
<bind>
<opcode="getelementptr(29) " fcode="getelementptr"/>
<opset="buf_V_24_addr/1 "/>
</bind>
</comp>

<comp id="1490" class="1004" name="buf_V_23_addr_gep_fu_1490">
<pin_list>
<pin id="1491" dir="0" index="0" bw="4" slack="0"/>
<pin id="1492" dir="0" index="1" bw="1" slack="0"/>
<pin id="1493" dir="0" index="2" bw="3" slack="0"/>
<pin id="1494" dir="1" index="3" bw="3" slack="0"/>
</pin_list>
<bind>
<opcode="getelementptr(29) " fcode="getelementptr"/>
<opset="buf_V_23_addr/1 "/>
</bind>
</comp>

<comp id="1497" class="1004" name="buf_V_22_addr_gep_fu_1497">
<pin_list>
<pin id="1498" dir="0" index="0" bw="4" slack="0"/>
<pin id="1499" dir="0" index="1" bw="1" slack="0"/>
<pin id="1500" dir="0" index="2" bw="3" slack="0"/>
<pin id="1501" dir="1" index="3" bw="3" slack="0"/>
</pin_list>
<bind>
<opcode="getelementptr(29) " fcode="getelementptr"/>
<opset="buf_V_22_addr/1 "/>
</bind>
</comp>

<comp id="1504" class="1004" name="buf_V_21_addr_gep_fu_1504">
<pin_list>
<pin id="1505" dir="0" index="0" bw="4" slack="0"/>
<pin id="1506" dir="0" index="1" bw="1" slack="0"/>
<pin id="1507" dir="0" index="2" bw="3" slack="0"/>
<pin id="1508" dir="1" index="3" bw="3" slack="0"/>
</pin_list>
<bind>
<opcode="getelementptr(29) " fcode="getelementptr"/>
<opset="buf_V_21_addr/1 "/>
</bind>
</comp>

<comp id="1511" class="1004" name="buf_V_20_addr_gep_fu_1511">
<pin_list>
<pin id="1512" dir="0" index="0" bw="4" slack="0"/>
<pin id="1513" dir="0" index="1" bw="1" slack="0"/>
<pin id="1514" dir="0" index="2" bw="3" slack="0"/>
<pin id="1515" dir="1" index="3" bw="3" slack="0"/>
</pin_list>
<bind>
<opcode="getelementptr(29) " fcode="getelementptr"/>
<opset="buf_V_20_addr/1 "/>
</bind>
</comp>

<comp id="1518" class="1004" name="buf_V_19_addr_gep_fu_1518">
<pin_list>
<pin id="1519" dir="0" index="0" bw="4" slack="0"/>
<pin id="1520" dir="0" index="1" bw="1" slack="0"/>
<pin id="1521" dir="0" index="2" bw="3" slack="0"/>
<pin id="1522" dir="1" index="3" bw="3" slack="0"/>
</pin_list>
<bind>
<opcode="getelementptr(29) " fcode="getelementptr"/>
<opset="buf_V_19_addr/1 "/>
</bind>
</comp>

<comp id="1525" class="1004" name="buf_V_18_addr_gep_fu_1525">
<pin_list>
<pin id="1526" dir="0" index="0" bw="4" slack="0"/>
<pin id="1527" dir="0" index="1" bw="1" slack="0"/>
<pin id="1528" dir="0" index="2" bw="3" slack="0"/>
<pin id="1529" dir="1" index="3" bw="3" slack="0"/>
</pin_list>
<bind>
<opcode="getelementptr(29) " fcode="getelementptr"/>
<opset="buf_V_18_addr/1 "/>
</bind>
</comp>

<comp id="1532" class="1004" name="buf_V_17_addr_gep_fu_1532">
<pin_list>
<pin id="1533" dir="0" index="0" bw="4" slack="0"/>
<pin id="1534" dir="0" index="1" bw="1" slack="0"/>
<pin id="1535" dir="0" index="2" bw="3" slack="0"/>
<pin id="1536" dir="1" index="3" bw="3" slack="0"/>
</pin_list>
<bind>
<opcode="getelementptr(29) " fcode="getelementptr"/>
<opset="buf_V_17_addr/1 "/>
</bind>
</comp>

<comp id="1539" class="1004" name="buf_V_16_addr_gep_fu_1539">
<pin_list>
<pin id="1540" dir="0" index="0" bw="4" slack="0"/>
<pin id="1541" dir="0" index="1" bw="1" slack="0"/>
<pin id="1542" dir="0" index="2" bw="3" slack="0"/>
<pin id="1543" dir="1" index="3" bw="3" slack="0"/>
</pin_list>
<bind>
<opcode="getelementptr(29) " fcode="getelementptr"/>
<opset="buf_V_16_addr/1 "/>
</bind>
</comp>

<comp id="1546" class="1004" name="buf_V_15_addr_gep_fu_1546">
<pin_list>
<pin id="1547" dir="0" index="0" bw="4" slack="0"/>
<pin id="1548" dir="0" index="1" bw="1" slack="0"/>
<pin id="1549" dir="0" index="2" bw="3" slack="0"/>
<pin id="1550" dir="1" index="3" bw="3" slack="0"/>
</pin_list>
<bind>
<opcode="getelementptr(29) " fcode="getelementptr"/>
<opset="buf_V_15_addr/1 "/>
</bind>
</comp>

<comp id="1553" class="1004" name="buf_V_14_addr_gep_fu_1553">
<pin_list>
<pin id="1554" dir="0" index="0" bw="4" slack="0"/>
<pin id="1555" dir="0" index="1" bw="1" slack="0"/>
<pin id="1556" dir="0" index="2" bw="3" slack="0"/>
<pin id="1557" dir="1" index="3" bw="3" slack="0"/>
</pin_list>
<bind>
<opcode="getelementptr(29) " fcode="getelementptr"/>
<opset="buf_V_14_addr/1 "/>
</bind>
</comp>

<comp id="1560" class="1004" name="buf_V_13_addr_gep_fu_1560">
<pin_list>
<pin id="1561" dir="0" index="0" bw="4" slack="0"/>
<pin id="1562" dir="0" index="1" bw="1" slack="0"/>
<pin id="1563" dir="0" index="2" bw="3" slack="0"/>
<pin id="1564" dir="1" index="3" bw="3" slack="0"/>
</pin_list>
<bind>
<opcode="getelementptr(29) " fcode="getelementptr"/>
<opset="buf_V_13_addr/1 "/>
</bind>
</comp>

<comp id="1567" class="1004" name="buf_V_12_addr_gep_fu_1567">
<pin_list>
<pin id="1568" dir="0" index="0" bw="4" slack="0"/>
<pin id="1569" dir="0" index="1" bw="1" slack="0"/>
<pin id="1570" dir="0" index="2" bw="3" slack="0"/>
<pin id="1571" dir="1" index="3" bw="3" slack="0"/>
</pin_list>
<bind>
<opcode="getelementptr(29) " fcode="getelementptr"/>
<opset="buf_V_12_addr/1 "/>
</bind>
</comp>

<comp id="1574" class="1004" name="buf_V_11_addr_gep_fu_1574">
<pin_list>
<pin id="1575" dir="0" index="0" bw="4" slack="0"/>
<pin id="1576" dir="0" index="1" bw="1" slack="0"/>
<pin id="1577" dir="0" index="2" bw="3" slack="0"/>
<pin id="1578" dir="1" index="3" bw="3" slack="0"/>
</pin_list>
<bind>
<opcode="getelementptr(29) " fcode="getelementptr"/>
<opset="buf_V_11_addr/1 "/>
</bind>
</comp>

<comp id="1581" class="1004" name="buf_V_10_addr_gep_fu_1581">
<pin_list>
<pin id="1582" dir="0" index="0" bw="4" slack="0"/>
<pin id="1583" dir="0" index="1" bw="1" slack="0"/>
<pin id="1584" dir="0" index="2" bw="3" slack="0"/>
<pin id="1585" dir="1" index="3" bw="3" slack="0"/>
</pin_list>
<bind>
<opcode="getelementptr(29) " fcode="getelementptr"/>
<opset="buf_V_10_addr/1 "/>
</bind>
</comp>

<comp id="1588" class="1004" name="buf_V_9_addr_gep_fu_1588">
<pin_list>
<pin id="1589" dir="0" index="0" bw="4" slack="0"/>
<pin id="1590" dir="0" index="1" bw="1" slack="0"/>
<pin id="1591" dir="0" index="2" bw="3" slack="0"/>
<pin id="1592" dir="1" index="3" bw="3" slack="0"/>
</pin_list>
<bind>
<opcode="getelementptr(29) " fcode="getelementptr"/>
<opset="buf_V_9_addr/1 "/>
</bind>
</comp>

<comp id="1595" class="1004" name="buf_V_8_addr_gep_fu_1595">
<pin_list>
<pin id="1596" dir="0" index="0" bw="4" slack="0"/>
<pin id="1597" dir="0" index="1" bw="1" slack="0"/>
<pin id="1598" dir="0" index="2" bw="3" slack="0"/>
<pin id="1599" dir="1" index="3" bw="3" slack="0"/>
</pin_list>
<bind>
<opcode="getelementptr(29) " fcode="getelementptr"/>
<opset="buf_V_8_addr/1 "/>
</bind>
</comp>

<comp id="1602" class="1004" name="buf_V_7_addr_gep_fu_1602">
<pin_list>
<pin id="1603" dir="0" index="0" bw="4" slack="0"/>
<pin id="1604" dir="0" index="1" bw="1" slack="0"/>
<pin id="1605" dir="0" index="2" bw="3" slack="0"/>
<pin id="1606" dir="1" index="3" bw="3" slack="0"/>
</pin_list>
<bind>
<opcode="getelementptr(29) " fcode="getelementptr"/>
<opset="buf_V_7_addr/1 "/>
</bind>
</comp>

<comp id="1609" class="1004" name="buf_V_6_addr_gep_fu_1609">
<pin_list>
<pin id="1610" dir="0" index="0" bw="4" slack="0"/>
<pin id="1611" dir="0" index="1" bw="1" slack="0"/>
<pin id="1612" dir="0" index="2" bw="3" slack="0"/>
<pin id="1613" dir="1" index="3" bw="3" slack="0"/>
</pin_list>
<bind>
<opcode="getelementptr(29) " fcode="getelementptr"/>
<opset="buf_V_6_addr/1 "/>
</bind>
</comp>

<comp id="1616" class="1004" name="buf_V_5_addr_gep_fu_1616">
<pin_list>
<pin id="1617" dir="0" index="0" bw="4" slack="0"/>
<pin id="1618" dir="0" index="1" bw="1" slack="0"/>
<pin id="1619" dir="0" index="2" bw="3" slack="0"/>
<pin id="1620" dir="1" index="3" bw="3" slack="0"/>
</pin_list>
<bind>
<opcode="getelementptr(29) " fcode="getelementptr"/>
<opset="buf_V_5_addr/1 "/>
</bind>
</comp>

<comp id="1623" class="1004" name="buf_V_4_addr_gep_fu_1623">
<pin_list>
<pin id="1624" dir="0" index="0" bw="4" slack="0"/>
<pin id="1625" dir="0" index="1" bw="1" slack="0"/>
<pin id="1626" dir="0" index="2" bw="3" slack="0"/>
<pin id="1627" dir="1" index="3" bw="3" slack="0"/>
</pin_list>
<bind>
<opcode="getelementptr(29) " fcode="getelementptr"/>
<opset="buf_V_4_addr/1 "/>
</bind>
</comp>

<comp id="1630" class="1004" name="buf_V_3_addr_gep_fu_1630">
<pin_list>
<pin id="1631" dir="0" index="0" bw="4" slack="0"/>
<pin id="1632" dir="0" index="1" bw="1" slack="0"/>
<pin id="1633" dir="0" index="2" bw="3" slack="0"/>
<pin id="1634" dir="1" index="3" bw="3" slack="0"/>
</pin_list>
<bind>
<opcode="getelementptr(29) " fcode="getelementptr"/>
<opset="buf_V_3_addr/1 "/>
</bind>
</comp>

<comp id="1637" class="1004" name="buf_V_2_addr_gep_fu_1637">
<pin_list>
<pin id="1638" dir="0" index="0" bw="4" slack="0"/>
<pin id="1639" dir="0" index="1" bw="1" slack="0"/>
<pin id="1640" dir="0" index="2" bw="3" slack="0"/>
<pin id="1641" dir="1" index="3" bw="3" slack="0"/>
</pin_list>
<bind>
<opcode="getelementptr(29) " fcode="getelementptr"/>
<opset="buf_V_2_addr/1 "/>
</bind>
</comp>

<comp id="1644" class="1004" name="buf_V_1_addr_gep_fu_1644">
<pin_list>
<pin id="1645" dir="0" index="0" bw="4" slack="0"/>
<pin id="1646" dir="0" index="1" bw="1" slack="0"/>
<pin id="1647" dir="0" index="2" bw="3" slack="0"/>
<pin id="1648" dir="1" index="3" bw="3" slack="0"/>
</pin_list>
<bind>
<opcode="getelementptr(29) " fcode="getelementptr"/>
<opset="buf_V_1_addr/1 "/>
</bind>
</comp>

<comp id="1651" class="1004" name="buf_V_addr_gep_fu_1651">
<pin_list>
<pin id="1652" dir="0" index="0" bw="4" slack="0"/>
<pin id="1653" dir="0" index="1" bw="1" slack="0"/>
<pin id="1654" dir="0" index="2" bw="3" slack="0"/>
<pin id="1655" dir="1" index="3" bw="3" slack="0"/>
</pin_list>
<bind>
<opcode="getelementptr(29) " fcode="getelementptr"/>
<opset="buf_V_addr/1 "/>
</bind>
</comp>

<comp id="1658" class="1004" name="store_ln168_access_fu_1658">
<pin_list>
<pin id="1659" dir="0" index="0" bw="3" slack="0"/>
<pin id="1660" dir="0" index="1" bw="4" slack="0"/>
<pin id="1661" dir="0" index="2" bw="0" slack="2147483647"/>
<pin id="1662" dir="1" index="3" bw="4" slack="2147483647"/>
</pin_list>
<bind>
<opcode="store(28) " fcode="store"/>
<opset="store_ln168/1 "/>
</bind>
</comp>

<comp id="1664" class="1004" name="store_ln168_access_fu_1664">
<pin_list>
<pin id="1665" dir="0" index="0" bw="3" slack="0"/>
<pin id="1666" dir="0" index="1" bw="4" slack="0"/>
<pin id="1667" dir="0" index="2" bw="0" slack="2147483647"/>
<pin id="1668" dir="1" index="3" bw="4" slack="2147483647"/>
</pin_list>
<bind>
<opcode="store(28) " fcode="store"/>
<opset="store_ln168/1 "/>
</bind>
</comp>

<comp id="1670" class="1004" name="store_ln168_access_fu_1670">
<pin_list>
<pin id="1671" dir="0" index="0" bw="3" slack="0"/>
<pin id="1672" dir="0" index="1" bw="4" slack="0"/>
<pin id="1673" dir="0" index="2" bw="0" slack="2147483647"/>
<pin id="1674" dir="1" index="3" bw="4" slack="2147483647"/>
</pin_list>
<bind>
<opcode="store(28) " fcode="store"/>
<opset="store_ln168/1 "/>
</bind>
</comp>

<comp id="1676" class="1004" name="store_ln168_access_fu_1676">
<pin_list>
<pin id="1677" dir="0" index="0" bw="3" slack="0"/>
<pin id="1678" dir="0" index="1" bw="4" slack="0"/>
<pin id="1679" dir="0" index="2" bw="0" slack="2147483647"/>
<pin id="1680" dir="1" index="3" bw="4" slack="2147483647"/>
</pin_list>
<bind>
<opcode="store(28) " fcode="store"/>
<opset="store_ln168/1 "/>
</bind>
</comp>

<comp id="1682" class="1004" name="store_ln168_access_fu_1682">
<pin_list>
<pin id="1683" dir="0" index="0" bw="3" slack="0"/>
<pin id="1684" dir="0" index="1" bw="4" slack="0"/>
<pin id="1685" dir="0" index="2" bw="0" slack="2147483647"/>
<pin id="1686" dir="1" index="3" bw="4" slack="2147483647"/>
</pin_list>
<bind>
<opcode="store(28) " fcode="store"/>
<opset="store_ln168/1 "/>
</bind>
</comp>

<comp id="1688" class="1004" name="store_ln168_access_fu_1688">
<pin_list>
<pin id="1689" dir="0" index="0" bw="3" slack="0"/>
<pin id="1690" dir="0" index="1" bw="4" slack="0"/>
<pin id="1691" dir="0" index="2" bw="0" slack="2147483647"/>
<pin id="1692" dir="1" index="3" bw="4" slack="2147483647"/>
</pin_list>
<bind>
<opcode="store(28) " fcode="store"/>
<opset="store_ln168/1 "/>
</bind>
</comp>

<comp id="1694" class="1004" name="store_ln168_access_fu_1694">
<pin_list>
<pin id="1695" dir="0" index="0" bw="3" slack="0"/>
<pin id="1696" dir="0" index="1" bw="4" slack="0"/>
<pin id="1697" dir="0" index="2" bw="0" slack="2147483647"/>
<pin id="1698" dir="1" index="3" bw="4" slack="2147483647"/>
</pin_list>
<bind>
<opcode="store(28) " fcode="store"/>
<opset="store_ln168/1 "/>
</bind>
</comp>

<comp id="1700" class="1004" name="store_ln168_access_fu_1700">
<pin_list>
<pin id="1701" dir="0" index="0" bw="3" slack="0"/>
<pin id="1702" dir="0" index="1" bw="4" slack="0"/>
<pin id="1703" dir="0" index="2" bw="0" slack="2147483647"/>
<pin id="1704" dir="1" index="3" bw="4" slack="2147483647"/>
</pin_list>
<bind>
<opcode="store(28) " fcode="store"/>
<opset="store_ln168/1 "/>
</bind>
</comp>

<comp id="1706" class="1004" name="store_ln168_access_fu_1706">
<pin_list>
<pin id="1707" dir="0" index="0" bw="3" slack="0"/>
<pin id="1708" dir="0" index="1" bw="4" slack="0"/>
<pin id="1709" dir="0" index="2" bw="0" slack="2147483647"/>
<pin id="1710" dir="1" index="3" bw="4" slack="2147483647"/>
</pin_list>
<bind>
<opcode="store(28) " fcode="store"/>
<opset="store_ln168/1 "/>
</bind>
</comp>

<comp id="1712" class="1004" name="store_ln168_access_fu_1712">
<pin_list>
<pin id="1713" dir="0" index="0" bw="3" slack="0"/>
<pin id="1714" dir="0" index="1" bw="4" slack="0"/>
<pin id="1715" dir="0" index="2" bw="0" slack="2147483647"/>
<pin id="1716" dir="1" index="3" bw="4" slack="2147483647"/>
</pin_list>
<bind>
<opcode="store(28) " fcode="store"/>
<opset="store_ln168/1 "/>
</bind>
</comp>

<comp id="1718" class="1004" name="store_ln168_access_fu_1718">
<pin_list>
<pin id="1719" dir="0" index="0" bw="3" slack="0"/>
<pin id="1720" dir="0" index="1" bw="4" slack="0"/>
<pin id="1721" dir="0" index="2" bw="0" slack="2147483647"/>
<pin id="1722" dir="1" index="3" bw="4" slack="2147483647"/>
</pin_list>
<bind>
<opcode="store(28) " fcode="store"/>
<opset="store_ln168/1 "/>
</bind>
</comp>

<comp id="1724" class="1004" name="store_ln168_access_fu_1724">
<pin_list>
<pin id="1725" dir="0" index="0" bw="3" slack="0"/>
<pin id="1726" dir="0" index="1" bw="4" slack="0"/>
<pin id="1727" dir="0" index="2" bw="0" slack="2147483647"/>
<pin id="1728" dir="1" index="3" bw="4" slack="2147483647"/>
</pin_list>
<bind>
<opcode="store(28) " fcode="store"/>
<opset="store_ln168/1 "/>
</bind>
</comp>

<comp id="1730" class="1004" name="store_ln168_access_fu_1730">
<pin_list>
<pin id="1731" dir="0" index="0" bw="3" slack="0"/>
<pin id="1732" dir="0" index="1" bw="4" slack="0"/>
<pin id="1733" dir="0" index="2" bw="0" slack="2147483647"/>
<pin id="1734" dir="1" index="3" bw="4" slack="2147483647"/>
</pin_list>
<bind>
<opcode="store(28) " fcode="store"/>
<opset="store_ln168/1 "/>
</bind>
</comp>

<comp id="1736" class="1004" name="store_ln168_access_fu_1736">
<pin_list>
<pin id="1737" dir="0" index="0" bw="3" slack="0"/>
<pin id="1738" dir="0" index="1" bw="4" slack="0"/>
<pin id="1739" dir="0" index="2" bw="0" slack="2147483647"/>
<pin id="1740" dir="1" index="3" bw="4" slack="2147483647"/>
</pin_list>
<bind>
<opcode="store(28) " fcode="store"/>
<opset="store_ln168/1 "/>
</bind>
</comp>

<comp id="1742" class="1004" name="store_ln168_access_fu_1742">
<pin_list>
<pin id="1743" dir="0" index="0" bw="3" slack="0"/>
<pin id="1744" dir="0" index="1" bw="4" slack="0"/>
<pin id="1745" dir="0" index="2" bw="0" slack="2147483647"/>
<pin id="1746" dir="1" index="3" bw="4" slack="2147483647"/>
</pin_list>
<bind>
<opcode="store(28) " fcode="store"/>
<opset="store_ln168/1 "/>
</bind>
</comp>

<comp id="1748" class="1004" name="store_ln168_access_fu_1748">
<pin_list>
<pin id="1749" dir="0" index="0" bw="3" slack="0"/>
<pin id="1750" dir="0" index="1" bw="4" slack="0"/>
<pin id="1751" dir="0" index="2" bw="0" slack="2147483647"/>
<pin id="1752" dir="1" index="3" bw="4" slack="2147483647"/>
</pin_list>
<bind>
<opcode="store(28) " fcode="store"/>
<opset="store_ln168/1 "/>
</bind>
</comp>

<comp id="1754" class="1004" name="store_ln168_access_fu_1754">
<pin_list>
<pin id="1755" dir="0" index="0" bw="3" slack="0"/>
<pin id="1756" dir="0" index="1" bw="4" slack="0"/>
<pin id="1757" dir="0" index="2" bw="0" slack="2147483647"/>
<pin id="1758" dir="1" index="3" bw="4" slack="2147483647"/>
</pin_list>
<bind>
<opcode="store(28) " fcode="store"/>
<opset="store_ln168/1 "/>
</bind>
</comp>

<comp id="1760" class="1004" name="store_ln168_access_fu_1760">
<pin_list>
<pin id="1761" dir="0" index="0" bw="3" slack="0"/>
<pin id="1762" dir="0" index="1" bw="4" slack="0"/>
<pin id="1763" dir="0" index="2" bw="0" slack="2147483647"/>
<pin id="1764" dir="1" index="3" bw="4" slack="2147483647"/>
</pin_list>
<bind>
<opcode="store(28) " fcode="store"/>
<opset="store_ln168/1 "/>
</bind>
</comp>

<comp id="1766" class="1004" name="store_ln168_access_fu_1766">
<pin_list>
<pin id="1767" dir="0" index="0" bw="3" slack="0"/>
<pin id="1768" dir="0" index="1" bw="4" slack="0"/>
<pin id="1769" dir="0" index="2" bw="0" slack="2147483647"/>
<pin id="1770" dir="1" index="3" bw="4" slack="2147483647"/>
</pin_list>
<bind>
<opcode="store(28) " fcode="store"/>
<opset="store_ln168/1 "/>
</bind>
</comp>

<comp id="1772" class="1004" name="store_ln168_access_fu_1772">
<pin_list>
<pin id="1773" dir="0" index="0" bw="3" slack="0"/>
<pin id="1774" dir="0" index="1" bw="4" slack="0"/>
<pin id="1775" dir="0" index="2" bw="0" slack="2147483647"/>
<pin id="1776" dir="1" index="3" bw="4" slack="2147483647"/>
</pin_list>
<bind>
<opcode="store(28) " fcode="store"/>
<opset="store_ln168/1 "/>
</bind>
</comp>

<comp id="1778" class="1004" name="store_ln168_access_fu_1778">
<pin_list>
<pin id="1779" dir="0" index="0" bw="3" slack="0"/>
<pin id="1780" dir="0" index="1" bw="4" slack="0"/>
<pin id="1781" dir="0" index="2" bw="0" slack="2147483647"/>
<pin id="1782" dir="1" index="3" bw="4" slack="2147483647"/>
</pin_list>
<bind>
<opcode="store(28) " fcode="store"/>
<opset="store_ln168/1 "/>
</bind>
</comp>

<comp id="1784" class="1004" name="store_ln168_access_fu_1784">
<pin_list>
<pin id="1785" dir="0" index="0" bw="3" slack="0"/>
<pin id="1786" dir="0" index="1" bw="4" slack="0"/>
<pin id="1787" dir="0" index="2" bw="0" slack="2147483647"/>
<pin id="1788" dir="1" index="3" bw="4" slack="2147483647"/>
</pin_list>
<bind>
<opcode="store(28) " fcode="store"/>
<opset="store_ln168/1 "/>
</bind>
</comp>

<comp id="1790" class="1004" name="store_ln168_access_fu_1790">
<pin_list>
<pin id="1791" dir="0" index="0" bw="3" slack="0"/>
<pin id="1792" dir="0" index="1" bw="4" slack="0"/>
<pin id="1793" dir="0" index="2" bw="0" slack="2147483647"/>
<pin id="1794" dir="1" index="3" bw="4" slack="2147483647"/>
</pin_list>
<bind>
<opcode="store(28) " fcode="store"/>
<opset="store_ln168/1 "/>
</bind>
</comp>

<comp id="1796" class="1004" name="store_ln168_access_fu_1796">
<pin_list>
<pin id="1797" dir="0" index="0" bw="3" slack="0"/>
<pin id="1798" dir="0" index="1" bw="4" slack="0"/>
<pin id="1799" dir="0" index="2" bw="0" slack="2147483647"/>
<pin id="1800" dir="1" index="3" bw="4" slack="2147483647"/>
</pin_list>
<bind>
<opcode="store(28) " fcode="store"/>
<opset="store_ln168/1 "/>
</bind>
</comp>

<comp id="1802" class="1004" name="store_ln168_access_fu_1802">
<pin_list>
<pin id="1803" dir="0" index="0" bw="3" slack="0"/>
<pin id="1804" dir="0" index="1" bw="4" slack="0"/>
<pin id="1805" dir="0" index="2" bw="0" slack="2147483647"/>
<pin id="1806" dir="1" index="3" bw="4" slack="2147483647"/>
</pin_list>
<bind>
<opcode="store(28) " fcode="store"/>
<opset="store_ln168/1 "/>
</bind>
</comp>

<comp id="1808" class="1004" name="store_ln168_access_fu_1808">
<pin_list>
<pin id="1809" dir="0" index="0" bw="3" slack="0"/>
<pin id="1810" dir="0" index="1" bw="4" slack="0"/>
<pin id="1811" dir="0" index="2" bw="0" slack="2147483647"/>
<pin id="1812" dir="1" index="3" bw="4" slack="2147483647"/>
</pin_list>
<bind>
<opcode="store(28) " fcode="store"/>
<opset="store_ln168/1 "/>
</bind>
</comp>

<comp id="1814" class="1004" name="store_ln168_access_fu_1814">
<pin_list>
<pin id="1815" dir="0" index="0" bw="3" slack="0"/>
<pin id="1816" dir="0" index="1" bw="4" slack="0"/>
<pin id="1817" dir="0" index="2" bw="0" slack="2147483647"/>
<pin id="1818" dir="1" index="3" bw="4" slack="2147483647"/>
</pin_list>
<bind>
<opcode="store(28) " fcode="store"/>
<opset="store_ln168/1 "/>
</bind>
</comp>

<comp id="1820" class="1004" name="store_ln168_access_fu_1820">
<pin_list>
<pin id="1821" dir="0" index="0" bw="3" slack="0"/>
<pin id="1822" dir="0" index="1" bw="4" slack="0"/>
<pin id="1823" dir="0" index="2" bw="0" slack="2147483647"/>
<pin id="1824" dir="1" index="3" bw="4" slack="2147483647"/>
</pin_list>
<bind>
<opcode="store(28) " fcode="store"/>
<opset="store_ln168/1 "/>
</bind>
</comp>

<comp id="1826" class="1004" name="store_ln168_access_fu_1826">
<pin_list>
<pin id="1827" dir="0" index="0" bw="3" slack="0"/>
<pin id="1828" dir="0" index="1" bw="4" slack="0"/>
<pin id="1829" dir="0" index="2" bw="0" slack="2147483647"/>
<pin id="1830" dir="1" index="3" bw="4" slack="2147483647"/>
</pin_list>
<bind>
<opcode="store(28) " fcode="store"/>
<opset="store_ln168/1 "/>
</bind>
</comp>

<comp id="1832" class="1004" name="store_ln168_access_fu_1832">
<pin_list>
<pin id="1833" dir="0" index="0" bw="3" slack="0"/>
<pin id="1834" dir="0" index="1" bw="4" slack="0"/>
<pin id="1835" dir="0" index="2" bw="0" slack="2147483647"/>
<pin id="1836" dir="1" index="3" bw="4" slack="2147483647"/>
</pin_list>
<bind>
<opcode="store(28) " fcode="store"/>
<opset="store_ln168/1 "/>
</bind>
</comp>

<comp id="1838" class="1004" name="store_ln168_access_fu_1838">
<pin_list>
<pin id="1839" dir="0" index="0" bw="3" slack="0"/>
<pin id="1840" dir="0" index="1" bw="4" slack="0"/>
<pin id="1841" dir="0" index="2" bw="0" slack="2147483647"/>
<pin id="1842" dir="1" index="3" bw="4" slack="2147483647"/>
</pin_list>
<bind>
<opcode="store(28) " fcode="store"/>
<opset="store_ln168/1 "/>
</bind>
</comp>

<comp id="1844" class="1004" name="store_ln168_access_fu_1844">
<pin_list>
<pin id="1845" dir="0" index="0" bw="3" slack="0"/>
<pin id="1846" dir="0" index="1" bw="4" slack="0"/>
<pin id="1847" dir="0" index="2" bw="0" slack="2147483647"/>
<pin id="1848" dir="1" index="3" bw="4" slack="2147483647"/>
</pin_list>
<bind>
<opcode="store(28) " fcode="store"/>
<opset="store_ln168/1 "/>
</bind>
</comp>

<comp id="1850" class="1004" name="store_ln168_access_fu_1850">
<pin_list>
<pin id="1851" dir="0" index="0" bw="3" slack="0"/>
<pin id="1852" dir="0" index="1" bw="4" slack="0"/>
<pin id="1853" dir="0" index="2" bw="0" slack="2147483647"/>
<pin id="1854" dir="1" index="3" bw="4" slack="2147483647"/>
</pin_list>
<bind>
<opcode="store(28) " fcode="store"/>
<opset="store_ln168/1 "/>
</bind>
</comp>

<comp id="1856" class="1004" name="store_ln168_access_fu_1856">
<pin_list>
<pin id="1857" dir="0" index="0" bw="3" slack="0"/>
<pin id="1858" dir="0" index="1" bw="4" slack="0"/>
<pin id="1859" dir="0" index="2" bw="0" slack="2147483647"/>
<pin id="1860" dir="1" index="3" bw="4" slack="2147483647"/>
</pin_list>
<bind>
<opcode="store(28) " fcode="store"/>
<opset="store_ln168/1 "/>
</bind>
</comp>

<comp id="1862" class="1004" name="store_ln168_access_fu_1862">
<pin_list>
<pin id="1863" dir="0" index="0" bw="3" slack="0"/>
<pin id="1864" dir="0" index="1" bw="4" slack="0"/>
<pin id="1865" dir="0" index="2" bw="0" slack="2147483647"/>
<pin id="1866" dir="1" index="3" bw="4" slack="2147483647"/>
</pin_list>
<bind>
<opcode="store(28) " fcode="store"/>
<opset="store_ln168/1 "/>
</bind>
</comp>

<comp id="1868" class="1004" name="store_ln168_access_fu_1868">
<pin_list>
<pin id="1869" dir="0" index="0" bw="3" slack="0"/>
<pin id="1870" dir="0" index="1" bw="4" slack="0"/>
<pin id="1871" dir="0" index="2" bw="0" slack="2147483647"/>
<pin id="1872" dir="1" index="3" bw="4" slack="2147483647"/>
</pin_list>
<bind>
<opcode="store(28) " fcode="store"/>
<opset="store_ln168/1 "/>
</bind>
</comp>

<comp id="1874" class="1004" name="store_ln168_access_fu_1874">
<pin_list>
<pin id="1875" dir="0" index="0" bw="3" slack="0"/>
<pin id="1876" dir="0" index="1" bw="4" slack="0"/>
<pin id="1877" dir="0" index="2" bw="0" slack="2147483647"/>
<pin id="1878" dir="1" index="3" bw="4" slack="2147483647"/>
</pin_list>
<bind>
<opcode="store(28) " fcode="store"/>
<opset="store_ln168/1 "/>
</bind>
</comp>

<comp id="1880" class="1004" name="store_ln168_access_fu_1880">
<pin_list>
<pin id="1881" dir="0" index="0" bw="3" slack="0"/>
<pin id="1882" dir="0" index="1" bw="4" slack="0"/>
<pin id="1883" dir="0" index="2" bw="0" slack="2147483647"/>
<pin id="1884" dir="1" index="3" bw="4" slack="2147483647"/>
</pin_list>
<bind>
<opcode="store(28) " fcode="store"/>
<opset="store_ln168/1 "/>
</bind>
</comp>

<comp id="1886" class="1004" name="store_ln168_access_fu_1886">
<pin_list>
<pin id="1887" dir="0" index="0" bw="3" slack="0"/>
<pin id="1888" dir="0" index="1" bw="4" slack="0"/>
<pin id="1889" dir="0" index="2" bw="0" slack="2147483647"/>
<pin id="1890" dir="1" index="3" bw="4" slack="2147483647"/>
</pin_list>
<bind>
<opcode="store(28) " fcode="store"/>
<opset="store_ln168/1 "/>
</bind>
</comp>

<comp id="1892" class="1004" name="store_ln168_access_fu_1892">
<pin_list>
<pin id="1893" dir="0" index="0" bw="3" slack="0"/>
<pin id="1894" dir="0" index="1" bw="4" slack="0"/>
<pin id="1895" dir="0" index="2" bw="0" slack="2147483647"/>
<pin id="1896" dir="1" index="3" bw="4" slack="2147483647"/>
</pin_list>
<bind>
<opcode="store(28) " fcode="store"/>
<opset="store_ln168/1 "/>
</bind>
</comp>

<comp id="1898" class="1004" name="store_ln168_access_fu_1898">
<pin_list>
<pin id="1899" dir="0" index="0" bw="3" slack="0"/>
<pin id="1900" dir="0" index="1" bw="4" slack="0"/>
<pin id="1901" dir="0" index="2" bw="0" slack="2147483647"/>
<pin id="1902" dir="1" index="3" bw="4" slack="2147483647"/>
</pin_list>
<bind>
<opcode="store(28) " fcode="store"/>
<opset="store_ln168/1 "/>
</bind>
</comp>

<comp id="1904" class="1004" name="store_ln168_access_fu_1904">
<pin_list>
<pin id="1905" dir="0" index="0" bw="3" slack="0"/>
<pin id="1906" dir="0" index="1" bw="4" slack="0"/>
<pin id="1907" dir="0" index="2" bw="0" slack="2147483647"/>
<pin id="1908" dir="1" index="3" bw="4" slack="2147483647"/>
</pin_list>
<bind>
<opcode="store(28) " fcode="store"/>
<opset="store_ln168/1 "/>
</bind>
</comp>

<comp id="1910" class="1004" name="store_ln168_access_fu_1910">
<pin_list>
<pin id="1911" dir="0" index="0" bw="3" slack="0"/>
<pin id="1912" dir="0" index="1" bw="4" slack="0"/>
<pin id="1913" dir="0" index="2" bw="0" slack="2147483647"/>
<pin id="1914" dir="1" index="3" bw="4" slack="2147483647"/>
</pin_list>
<bind>
<opcode="store(28) " fcode="store"/>
<opset="store_ln168/1 "/>
</bind>
</comp>

<comp id="1916" class="1004" name="store_ln168_access_fu_1916">
<pin_list>
<pin id="1917" dir="0" index="0" bw="3" slack="0"/>
<pin id="1918" dir="0" index="1" bw="4" slack="0"/>
<pin id="1919" dir="0" index="2" bw="0" slack="2147483647"/>
<pin id="1920" dir="1" index="3" bw="4" slack="2147483647"/>
</pin_list>
<bind>
<opcode="store(28) " fcode="store"/>
<opset="store_ln168/1 "/>
</bind>
</comp>

<comp id="1922" class="1004" name="store_ln168_access_fu_1922">
<pin_list>
<pin id="1923" dir="0" index="0" bw="3" slack="0"/>
<pin id="1924" dir="0" index="1" bw="4" slack="0"/>
<pin id="1925" dir="0" index="2" bw="0" slack="2147483647"/>
<pin id="1926" dir="1" index="3" bw="4" slack="2147483647"/>
</pin_list>
<bind>
<opcode="store(28) " fcode="store"/>
<opset="store_ln168/1 "/>
</bind>
</comp>

<comp id="1928" class="1004" name="store_ln168_access_fu_1928">
<pin_list>
<pin id="1929" dir="0" index="0" bw="3" slack="0"/>
<pin id="1930" dir="0" index="1" bw="4" slack="0"/>
<pin id="1931" dir="0" index="2" bw="0" slack="2147483647"/>
<pin id="1932" dir="1" index="3" bw="4" slack="2147483647"/>
</pin_list>
<bind>
<opcode="store(28) " fcode="store"/>
<opset="store_ln168/1 "/>
</bind>
</comp>

<comp id="1934" class="1004" name="store_ln168_access_fu_1934">
<pin_list>
<pin id="1935" dir="0" index="0" bw="3" slack="0"/>
<pin id="1936" dir="0" index="1" bw="4" slack="0"/>
<pin id="1937" dir="0" index="2" bw="0" slack="2147483647"/>
<pin id="1938" dir="1" index="3" bw="4" slack="2147483647"/>
</pin_list>
<bind>
<opcode="store(28) " fcode="store"/>
<opset="store_ln168/1 "/>
</bind>
</comp>

<comp id="1940" class="1004" name="store_ln168_access_fu_1940">
<pin_list>
<pin id="1941" dir="0" index="0" bw="3" slack="0"/>
<pin id="1942" dir="0" index="1" bw="4" slack="0"/>
<pin id="1943" dir="0" index="2" bw="0" slack="2147483647"/>
<pin id="1944" dir="1" index="3" bw="4" slack="2147483647"/>
</pin_list>
<bind>
<opcode="store(28) " fcode="store"/>
<opset="store_ln168/1 "/>
</bind>
</comp>

<comp id="1946" class="1004" name="store_ln168_access_fu_1946">
<pin_list>
<pin id="1947" dir="0" index="0" bw="3" slack="0"/>
<pin id="1948" dir="0" index="1" bw="4" slack="0"/>
<pin id="1949" dir="0" index="2" bw="0" slack="2147483647"/>
<pin id="1950" dir="1" index="3" bw="4" slack="2147483647"/>
</pin_list>
<bind>
<opcode="store(28) " fcode="store"/>
<opset="store_ln168/1 "/>
</bind>
</comp>

<comp id="1952" class="1004" name="store_ln168_access_fu_1952">
<pin_list>
<pin id="1953" dir="0" index="0" bw="3" slack="0"/>
<pin id="1954" dir="0" index="1" bw="4" slack="0"/>
<pin id="1955" dir="0" index="2" bw="0" slack="2147483647"/>
<pin id="1956" dir="1" index="3" bw="4" slack="2147483647"/>
</pin_list>
<bind>
<opcode="store(28) " fcode="store"/>
<opset="store_ln168/1 "/>
</bind>
</comp>

<comp id="1958" class="1004" name="store_ln168_access_fu_1958">
<pin_list>
<pin id="1959" dir="0" index="0" bw="3" slack="0"/>
<pin id="1960" dir="0" index="1" bw="4" slack="0"/>
<pin id="1961" dir="0" index="2" bw="0" slack="2147483647"/>
<pin id="1962" dir="1" index="3" bw="4" slack="2147483647"/>
</pin_list>
<bind>
<opcode="store(28) " fcode="store"/>
<opset="store_ln168/1 "/>
</bind>
</comp>

<comp id="1964" class="1004" name="store_ln168_access_fu_1964">
<pin_list>
<pin id="1965" dir="0" index="0" bw="3" slack="0"/>
<pin id="1966" dir="0" index="1" bw="4" slack="0"/>
<pin id="1967" dir="0" index="2" bw="0" slack="2147483647"/>
<pin id="1968" dir="1" index="3" bw="4" slack="2147483647"/>
</pin_list>
<bind>
<opcode="store(28) " fcode="store"/>
<opset="store_ln168/1 "/>
</bind>
</comp>

<comp id="1970" class="1004" name="store_ln168_access_fu_1970">
<pin_list>
<pin id="1971" dir="0" index="0" bw="3" slack="0"/>
<pin id="1972" dir="0" index="1" bw="4" slack="0"/>
<pin id="1973" dir="0" index="2" bw="0" slack="2147483647"/>
<pin id="1974" dir="1" index="3" bw="4" slack="2147483647"/>
</pin_list>
<bind>
<opcode="store(28) " fcode="store"/>
<opset="store_ln168/1 "/>
</bind>
</comp>

<comp id="1976" class="1004" name="store_ln168_access_fu_1976">
<pin_list>
<pin id="1977" dir="0" index="0" bw="3" slack="0"/>
<pin id="1978" dir="0" index="1" bw="4" slack="0"/>
<pin id="1979" dir="0" index="2" bw="0" slack="2147483647"/>
<pin id="1980" dir="1" index="3" bw="4" slack="2147483647"/>
</pin_list>
<bind>
<opcode="store(28) " fcode="store"/>
<opset="store_ln168/1 "/>
</bind>
</comp>

<comp id="1982" class="1004" name="store_ln168_access_fu_1982">
<pin_list>
<pin id="1983" dir="0" index="0" bw="3" slack="0"/>
<pin id="1984" dir="0" index="1" bw="4" slack="0"/>
<pin id="1985" dir="0" index="2" bw="0" slack="2147483647"/>
<pin id="1986" dir="1" index="3" bw="4" slack="2147483647"/>
</pin_list>
<bind>
<opcode="store(28) " fcode="store"/>
<opset="store_ln168/1 "/>
</bind>
</comp>

<comp id="1988" class="1004" name="store_ln168_access_fu_1988">
<pin_list>
<pin id="1989" dir="0" index="0" bw="3" slack="0"/>
<pin id="1990" dir="0" index="1" bw="4" slack="0"/>
<pin id="1991" dir="0" index="2" bw="0" slack="2147483647"/>
<pin id="1992" dir="1" index="3" bw="4" slack="2147483647"/>
</pin_list>
<bind>
<opcode="store(28) " fcode="store"/>
<opset="store_ln168/1 "/>
</bind>
</comp>

<comp id="1994" class="1004" name="store_ln168_access_fu_1994">
<pin_list>
<pin id="1995" dir="0" index="0" bw="3" slack="0"/>
<pin id="1996" dir="0" index="1" bw="4" slack="0"/>
<pin id="1997" dir="0" index="2" bw="0" slack="2147483647"/>
<pin id="1998" dir="1" index="3" bw="4" slack="2147483647"/>
</pin_list>
<bind>
<opcode="store(28) " fcode="store"/>
<opset="store_ln168/1 "/>
</bind>
</comp>

<comp id="2000" class="1004" name="store_ln168_access_fu_2000">
<pin_list>
<pin id="2001" dir="0" index="0" bw="3" slack="0"/>
<pin id="2002" dir="0" index="1" bw="4" slack="0"/>
<pin id="2003" dir="0" index="2" bw="0" slack="2147483647"/>
<pin id="2004" dir="1" index="3" bw="4" slack="2147483647"/>
</pin_list>
<bind>
<opcode="store(28) " fcode="store"/>
<opset="store_ln168/1 "/>
</bind>
</comp>

<comp id="2006" class="1004" name="store_ln168_access_fu_2006">
<pin_list>
<pin id="2007" dir="0" index="0" bw="3" slack="0"/>
<pin id="2008" dir="0" index="1" bw="4" slack="0"/>
<pin id="2009" dir="0" index="2" bw="0" slack="2147483647"/>
<pin id="2010" dir="1" index="3" bw="4" slack="2147483647"/>
</pin_list>
<bind>
<opcode="store(28) " fcode="store"/>
<opset="store_ln168/1 "/>
</bind>
</comp>

<comp id="2012" class="1004" name="store_ln168_access_fu_2012">
<pin_list>
<pin id="2013" dir="0" index="0" bw="3" slack="0"/>
<pin id="2014" dir="0" index="1" bw="4" slack="0"/>
<pin id="2015" dir="0" index="2" bw="0" slack="2147483647"/>
<pin id="2016" dir="1" index="3" bw="4" slack="2147483647"/>
</pin_list>
<bind>
<opcode="store(28) " fcode="store"/>
<opset="store_ln168/1 "/>
</bind>
</comp>

<comp id="2018" class="1004" name="store_ln168_access_fu_2018">
<pin_list>
<pin id="2019" dir="0" index="0" bw="3" slack="0"/>
<pin id="2020" dir="0" index="1" bw="4" slack="0"/>
<pin id="2021" dir="0" index="2" bw="0" slack="2147483647"/>
<pin id="2022" dir="1" index="3" bw="4" slack="2147483647"/>
</pin_list>
<bind>
<opcode="store(28) " fcode="store"/>
<opset="store_ln168/1 "/>
</bind>
</comp>

<comp id="2024" class="1004" name="store_ln168_access_fu_2024">
<pin_list>
<pin id="2025" dir="0" index="0" bw="3" slack="0"/>
<pin id="2026" dir="0" index="1" bw="4" slack="0"/>
<pin id="2027" dir="0" index="2" bw="0" slack="2147483647"/>
<pin id="2028" dir="1" index="3" bw="4" slack="2147483647"/>
</pin_list>
<bind>
<opcode="store(28) " fcode="store"/>
<opset="store_ln168/1 "/>
</bind>
</comp>

<comp id="2030" class="1004" name="store_ln168_access_fu_2030">
<pin_list>
<pin id="2031" dir="0" index="0" bw="3" slack="0"/>
<pin id="2032" dir="0" index="1" bw="4" slack="0"/>
<pin id="2033" dir="0" index="2" bw="0" slack="2147483647"/>
<pin id="2034" dir="1" index="3" bw="4" slack="2147483647"/>
</pin_list>
<bind>
<opcode="store(28) " fcode="store"/>
<opset="store_ln168/1 "/>
</bind>
</comp>

<comp id="2036" class="1004" name="store_ln168_access_fu_2036">
<pin_list>
<pin id="2037" dir="0" index="0" bw="3" slack="0"/>
<pin id="2038" dir="0" index="1" bw="4" slack="0"/>
<pin id="2039" dir="0" index="2" bw="0" slack="2147483647"/>
<pin id="2040" dir="1" index="3" bw="4" slack="2147483647"/>
</pin_list>
<bind>
<opcode="store(28) " fcode="store"/>
<opset="store_ln168/1 "/>
</bind>
</comp>

<comp id="2042" class="1004" name="zext_ln156_cast_fu_2042">
<pin_list>
<pin id="2043" dir="0" index="0" bw="3" slack="0"/>
<pin id="2044" dir="1" index="1" bw="64" slack="0"/>
</pin_list>
<bind>
<opcode="zext(34) " fcode="zext"/>
<opset="zext_ln156_cast/1 "/>
</bind>
</comp>

<comp id="2110" class="1004" name="store_ln0_store_fu_2110">
<pin_list>
<pin id="2111" dir="0" index="0" bw="4" slack="0"/>
<pin id="2112" dir="0" index="1" bw="4" slack="0"/>
<pin id="2113" dir="1" index="2" bw="0" slack="2147483647"/>
</pin_list>
<bind>
<opcode="store(28) " fcode="store"/>
<opset="store_ln0/1 "/>
</bind>
</comp>

<comp id="2115" class="1004" name="store_ln0_store_fu_2115">
<pin_list>
<pin id="2116" dir="0" index="0" bw="4" slack="0"/>
<pin id="2117" dir="0" index="1" bw="4" slack="0"/>
<pin id="2118" dir="1" index="2" bw="0" slack="2147483647"/>
</pin_list>
<bind>
<opcode="store(28) " fcode="store"/>
<opset="store_ln0/1 "/>
</bind>
</comp>

<comp id="2120" class="1004" name="store_ln0_store_fu_2120">
<pin_list>
<pin id="2121" dir="0" index="0" bw="4" slack="0"/>
<pin id="2122" dir="0" index="1" bw="4" slack="0"/>
<pin id="2123" dir="1" index="2" bw="0" slack="2147483647"/>
</pin_list>
<bind>
<opcode="store(28) " fcode="store"/>
<opset="store_ln0/1 "/>
</bind>
</comp>

<comp id="2125" class="1004" name="store_ln0_store_fu_2125">
<pin_list>
<pin id="2126" dir="0" index="0" bw="4" slack="0"/>
<pin id="2127" dir="0" index="1" bw="4" slack="0"/>
<pin id="2128" dir="1" index="2" bw="0" slack="2147483647"/>
</pin_list>
<bind>
<opcode="store(28) " fcode="store"/>
<opset="store_ln0/1 "/>
</bind>
</comp>

<comp id="2130" class="1004" name="store_ln0_store_fu_2130">
<pin_list>
<pin id="2131" dir="0" index="0" bw="4" slack="0"/>
<pin id="2132" dir="0" index="1" bw="4" slack="0"/>
<pin id="2133" dir="1" index="2" bw="0" slack="2147483647"/>
</pin_list>
<bind>
<opcode="store(28) " fcode="store"/>
<opset="store_ln0/1 "/>
</bind>
</comp>

<comp id="2135" class="1004" name="store_ln0_store_fu_2135">
<pin_list>
<pin id="2136" dir="0" index="0" bw="4" slack="0"/>
<pin id="2137" dir="0" index="1" bw="4" slack="0"/>
<pin id="2138" dir="1" index="2" bw="0" slack="2147483647"/>
</pin_list>
<bind>
<opcode="store(28) " fcode="store"/>
<opset="store_ln0/1 "/>
</bind>
</comp>

<comp id="2140" class="1004" name="store_ln0_store_fu_2140">
<pin_list>
<pin id="2141" dir="0" index="0" bw="4" slack="0"/>
<pin id="2142" dir="0" index="1" bw="4" slack="0"/>
<pin id="2143" dir="1" index="2" bw="0" slack="2147483647"/>
</pin_list>
<bind>
<opcode="store(28) " fcode="store"/>
<opset="store_ln0/1 "/>
</bind>
</comp>

<comp id="2145" class="1004" name="store_ln0_store_fu_2145">
<pin_list>
<pin id="2146" dir="0" index="0" bw="4" slack="0"/>
<pin id="2147" dir="0" index="1" bw="4" slack="0"/>
<pin id="2148" dir="1" index="2" bw="0" slack="2147483647"/>
</pin_list>
<bind>
<opcode="store(28) " fcode="store"/>
<opset="store_ln0/1 "/>
</bind>
</comp>

<comp id="2150" class="1004" name="store_ln0_store_fu_2150">
<pin_list>
<pin id="2151" dir="0" index="0" bw="4" slack="0"/>
<pin id="2152" dir="0" index="1" bw="4" slack="0"/>
<pin id="2153" dir="1" index="2" bw="0" slack="2147483647"/>
</pin_list>
<bind>
<opcode="store(28) " fcode="store"/>
<opset="store_ln0/1 "/>
</bind>
</comp>

<comp id="2155" class="1004" name="store_ln0_store_fu_2155">
<pin_list>
<pin id="2156" dir="0" index="0" bw="4" slack="0"/>
<pin id="2157" dir="0" index="1" bw="4" slack="0"/>
<pin id="2158" dir="1" index="2" bw="0" slack="2147483647"/>
</pin_list>
<bind>
<opcode="store(28) " fcode="store"/>
<opset="store_ln0/1 "/>
</bind>
</comp>

<comp id="2160" class="1004" name="store_ln0_store_fu_2160">
<pin_list>
<pin id="2161" dir="0" index="0" bw="4" slack="0"/>
<pin id="2162" dir="0" index="1" bw="4" slack="0"/>
<pin id="2163" dir="1" index="2" bw="0" slack="2147483647"/>
</pin_list>
<bind>
<opcode="store(28) " fcode="store"/>
<opset="store_ln0/1 "/>
</bind>
</comp>

<comp id="2165" class="1004" name="store_ln0_store_fu_2165">
<pin_list>
<pin id="2166" dir="0" index="0" bw="4" slack="0"/>
<pin id="2167" dir="0" index="1" bw="4" slack="0"/>
<pin id="2168" dir="1" index="2" bw="0" slack="2147483647"/>
</pin_list>
<bind>
<opcode="store(28) " fcode="store"/>
<opset="store_ln0/1 "/>
</bind>
</comp>

<comp id="2170" class="1004" name="store_ln0_store_fu_2170">
<pin_list>
<pin id="2171" dir="0" index="0" bw="4" slack="0"/>
<pin id="2172" dir="0" index="1" bw="4" slack="0"/>
<pin id="2173" dir="1" index="2" bw="0" slack="2147483647"/>
</pin_list>
<bind>
<opcode="store(28) " fcode="store"/>
<opset="store_ln0/1 "/>
</bind>
</comp>

<comp id="2175" class="1004" name="store_ln0_store_fu_2175">
<pin_list>
<pin id="2176" dir="0" index="0" bw="4" slack="0"/>
<pin id="2177" dir="0" index="1" bw="4" slack="0"/>
<pin id="2178" dir="1" index="2" bw="0" slack="2147483647"/>
</pin_list>
<bind>
<opcode="store(28) " fcode="store"/>
<opset="store_ln0/1 "/>
</bind>
</comp>

<comp id="2180" class="1004" name="store_ln0_store_fu_2180">
<pin_list>
<pin id="2181" dir="0" index="0" bw="4" slack="0"/>
<pin id="2182" dir="0" index="1" bw="4" slack="0"/>
<pin id="2183" dir="1" index="2" bw="0" slack="2147483647"/>
</pin_list>
<bind>
<opcode="store(28) " fcode="store"/>
<opset="store_ln0/1 "/>
</bind>
</comp>

<comp id="2185" class="1004" name="store_ln0_store_fu_2185">
<pin_list>
<pin id="2186" dir="0" index="0" bw="4" slack="0"/>
<pin id="2187" dir="0" index="1" bw="4" slack="0"/>
<pin id="2188" dir="1" index="2" bw="0" slack="2147483647"/>
</pin_list>
<bind>
<opcode="store(28) " fcode="store"/>
<opset="store_ln0/1 "/>
</bind>
</comp>

<comp id="2190" class="1004" name="store_ln0_store_fu_2190">
<pin_list>
<pin id="2191" dir="0" index="0" bw="4" slack="0"/>
<pin id="2192" dir="0" index="1" bw="4" slack="0"/>
<pin id="2193" dir="1" index="2" bw="0" slack="2147483647"/>
</pin_list>
<bind>
<opcode="store(28) " fcode="store"/>
<opset="store_ln0/1 "/>
</bind>
</comp>

<comp id="2195" class="1004" name="store_ln0_store_fu_2195">
<pin_list>
<pin id="2196" dir="0" index="0" bw="4" slack="0"/>
<pin id="2197" dir="0" index="1" bw="4" slack="0"/>
<pin id="2198" dir="1" index="2" bw="0" slack="2147483647"/>
</pin_list>
<bind>
<opcode="store(28) " fcode="store"/>
<opset="store_ln0/1 "/>
</bind>
</comp>

<comp id="2200" class="1004" name="store_ln0_store_fu_2200">
<pin_list>
<pin id="2201" dir="0" index="0" bw="4" slack="0"/>
<pin id="2202" dir="0" index="1" bw="4" slack="0"/>
<pin id="2203" dir="1" index="2" bw="0" slack="2147483647"/>
</pin_list>
<bind>
<opcode="store(28) " fcode="store"/>
<opset="store_ln0/1 "/>
</bind>
</comp>

<comp id="2205" class="1004" name="store_ln0_store_fu_2205">
<pin_list>
<pin id="2206" dir="0" index="0" bw="4" slack="0"/>
<pin id="2207" dir="0" index="1" bw="4" slack="0"/>
<pin id="2208" dir="1" index="2" bw="0" slack="2147483647"/>
</pin_list>
<bind>
<opcode="store(28) " fcode="store"/>
<opset="store_ln0/1 "/>
</bind>
</comp>

<comp id="2210" class="1004" name="store_ln0_store_fu_2210">
<pin_list>
<pin id="2211" dir="0" index="0" bw="4" slack="0"/>
<pin id="2212" dir="0" index="1" bw="4" slack="0"/>
<pin id="2213" dir="1" index="2" bw="0" slack="2147483647"/>
</pin_list>
<bind>
<opcode="store(28) " fcode="store"/>
<opset="store_ln0/1 "/>
</bind>
</comp>

<comp id="2215" class="1004" name="store_ln0_store_fu_2215">
<pin_list>
<pin id="2216" dir="0" index="0" bw="4" slack="0"/>
<pin id="2217" dir="0" index="1" bw="4" slack="0"/>
<pin id="2218" dir="1" index="2" bw="0" slack="2147483647"/>
</pin_list>
<bind>
<opcode="store(28) " fcode="store"/>
<opset="store_ln0/1 "/>
</bind>
</comp>

<comp id="2220" class="1004" name="store_ln0_store_fu_2220">
<pin_list>
<pin id="2221" dir="0" index="0" bw="4" slack="0"/>
<pin id="2222" dir="0" index="1" bw="4" slack="0"/>
<pin id="2223" dir="1" index="2" bw="0" slack="2147483647"/>
</pin_list>
<bind>
<opcode="store(28) " fcode="store"/>
<opset="store_ln0/1 "/>
</bind>
</comp>

<comp id="2225" class="1004" name="store_ln0_store_fu_2225">
<pin_list>
<pin id="2226" dir="0" index="0" bw="4" slack="0"/>
<pin id="2227" dir="0" index="1" bw="4" slack="0"/>
<pin id="2228" dir="1" index="2" bw="0" slack="2147483647"/>
</pin_list>
<bind>
<opcode="store(28) " fcode="store"/>
<opset="store_ln0/1 "/>
</bind>
</comp>

<comp id="2230" class="1004" name="store_ln0_store_fu_2230">
<pin_list>
<pin id="2231" dir="0" index="0" bw="4" slack="0"/>
<pin id="2232" dir="0" index="1" bw="4" slack="0"/>
<pin id="2233" dir="1" index="2" bw="0" slack="2147483647"/>
</pin_list>
<bind>
<opcode="store(28) " fcode="store"/>
<opset="store_ln0/1 "/>
</bind>
</comp>

<comp id="2235" class="1004" name="store_ln0_store_fu_2235">
<pin_list>
<pin id="2236" dir="0" index="0" bw="4" slack="0"/>
<pin id="2237" dir="0" index="1" bw="4" slack="0"/>
<pin id="2238" dir="1" index="2" bw="0" slack="2147483647"/>
</pin_list>
<bind>
<opcode="store(28) " fcode="store"/>
<opset="store_ln0/1 "/>
</bind>
</comp>

<comp id="2240" class="1004" name="store_ln0_store_fu_2240">
<pin_list>
<pin id="2241" dir="0" index="0" bw="4" slack="0"/>
<pin id="2242" dir="0" index="1" bw="4" slack="0"/>
<pin id="2243" dir="1" index="2" bw="0" slack="2147483647"/>
</pin_list>
<bind>
<opcode="store(28) " fcode="store"/>
<opset="store_ln0/1 "/>
</bind>
</comp>

<comp id="2245" class="1004" name="store_ln0_store_fu_2245">
<pin_list>
<pin id="2246" dir="0" index="0" bw="4" slack="0"/>
<pin id="2247" dir="0" index="1" bw="4" slack="0"/>
<pin id="2248" dir="1" index="2" bw="0" slack="2147483647"/>
</pin_list>
<bind>
<opcode="store(28) " fcode="store"/>
<opset="store_ln0/1 "/>
</bind>
</comp>

<comp id="2250" class="1004" name="store_ln0_store_fu_2250">
<pin_list>
<pin id="2251" dir="0" index="0" bw="4" slack="0"/>
<pin id="2252" dir="0" index="1" bw="4" slack="0"/>
<pin id="2253" dir="1" index="2" bw="0" slack="2147483647"/>
</pin_list>
<bind>
<opcode="store(28) " fcode="store"/>
<opset="store_ln0/1 "/>
</bind>
</comp>

<comp id="2255" class="1004" name="store_ln0_store_fu_2255">
<pin_list>
<pin id="2256" dir="0" index="0" bw="4" slack="0"/>
<pin id="2257" dir="0" index="1" bw="4" slack="0"/>
<pin id="2258" dir="1" index="2" bw="0" slack="2147483647"/>
</pin_list>
<bind>
<opcode="store(28) " fcode="store"/>
<opset="store_ln0/1 "/>
</bind>
</comp>

<comp id="2260" class="1004" name="store_ln0_store_fu_2260">
<pin_list>
<pin id="2261" dir="0" index="0" bw="4" slack="0"/>
<pin id="2262" dir="0" index="1" bw="4" slack="0"/>
<pin id="2263" dir="1" index="2" bw="0" slack="2147483647"/>
</pin_list>
<bind>
<opcode="store(28) " fcode="store"/>
<opset="store_ln0/1 "/>
</bind>
</comp>

<comp id="2265" class="1004" name="store_ln0_store_fu_2265">
<pin_list>
<pin id="2266" dir="0" index="0" bw="4" slack="0"/>
<pin id="2267" dir="0" index="1" bw="4" slack="0"/>
<pin id="2268" dir="1" index="2" bw="0" slack="2147483647"/>
</pin_list>
<bind>
<opcode="store(28) " fcode="store"/>
<opset="store_ln0/1 "/>
</bind>
</comp>

<comp id="2270" class="1004" name="store_ln0_store_fu_2270">
<pin_list>
<pin id="2271" dir="0" index="0" bw="4" slack="0"/>
<pin id="2272" dir="0" index="1" bw="4" slack="0"/>
<pin id="2273" dir="1" index="2" bw="0" slack="2147483647"/>
</pin_list>
<bind>
<opcode="store(28) " fcode="store"/>
<opset="store_ln0/1 "/>
</bind>
</comp>

<comp id="2275" class="1004" name="store_ln0_store_fu_2275">
<pin_list>
<pin id="2276" dir="0" index="0" bw="4" slack="0"/>
<pin id="2277" dir="0" index="1" bw="4" slack="0"/>
<pin id="2278" dir="1" index="2" bw="0" slack="2147483647"/>
</pin_list>
<bind>
<opcode="store(28) " fcode="store"/>
<opset="store_ln0/1 "/>
</bind>
</comp>

<comp id="2280" class="1004" name="store_ln0_store_fu_2280">
<pin_list>
<pin id="2281" dir="0" index="0" bw="4" slack="0"/>
<pin id="2282" dir="0" index="1" bw="4" slack="0"/>
<pin id="2283" dir="1" index="2" bw="0" slack="2147483647"/>
</pin_list>
<bind>
<opcode="store(28) " fcode="store"/>
<opset="store_ln0/1 "/>
</bind>
</comp>

<comp id="2285" class="1004" name="store_ln0_store_fu_2285">
<pin_list>
<pin id="2286" dir="0" index="0" bw="4" slack="0"/>
<pin id="2287" dir="0" index="1" bw="4" slack="0"/>
<pin id="2288" dir="1" index="2" bw="0" slack="2147483647"/>
</pin_list>
<bind>
<opcode="store(28) " fcode="store"/>
<opset="store_ln0/1 "/>
</bind>
</comp>

<comp id="2290" class="1004" name="store_ln0_store_fu_2290">
<pin_list>
<pin id="2291" dir="0" index="0" bw="4" slack="0"/>
<pin id="2292" dir="0" index="1" bw="4" slack="0"/>
<pin id="2293" dir="1" index="2" bw="0" slack="2147483647"/>
</pin_list>
<bind>
<opcode="store(28) " fcode="store"/>
<opset="store_ln0/1 "/>
</bind>
</comp>

<comp id="2295" class="1004" name="store_ln0_store_fu_2295">
<pin_list>
<pin id="2296" dir="0" index="0" bw="4" slack="0"/>
<pin id="2297" dir="0" index="1" bw="4" slack="0"/>
<pin id="2298" dir="1" index="2" bw="0" slack="2147483647"/>
</pin_list>
<bind>
<opcode="store(28) " fcode="store"/>
<opset="store_ln0/1 "/>
</bind>
</comp>

<comp id="2300" class="1004" name="store_ln0_store_fu_2300">
<pin_list>
<pin id="2301" dir="0" index="0" bw="4" slack="0"/>
<pin id="2302" dir="0" index="1" bw="4" slack="0"/>
<pin id="2303" dir="1" index="2" bw="0" slack="2147483647"/>
</pin_list>
<bind>
<opcode="store(28) " fcode="store"/>
<opset="store_ln0/1 "/>
</bind>
</comp>

<comp id="2305" class="1004" name="store_ln0_store_fu_2305">
<pin_list>
<pin id="2306" dir="0" index="0" bw="4" slack="0"/>
<pin id="2307" dir="0" index="1" bw="4" slack="0"/>
<pin id="2308" dir="1" index="2" bw="0" slack="2147483647"/>
</pin_list>
<bind>
<opcode="store(28) " fcode="store"/>
<opset="store_ln0/1 "/>
</bind>
</comp>

<comp id="2310" class="1004" name="store_ln0_store_fu_2310">
<pin_list>
<pin id="2311" dir="0" index="0" bw="4" slack="0"/>
<pin id="2312" dir="0" index="1" bw="4" slack="0"/>
<pin id="2313" dir="1" index="2" bw="0" slack="2147483647"/>
</pin_list>
<bind>
<opcode="store(28) " fcode="store"/>
<opset="store_ln0/1 "/>
</bind>
</comp>

<comp id="2315" class="1004" name="store_ln0_store_fu_2315">
<pin_list>
<pin id="2316" dir="0" index="0" bw="4" slack="0"/>
<pin id="2317" dir="0" index="1" bw="4" slack="0"/>
<pin id="2318" dir="1" index="2" bw="0" slack="2147483647"/>
</pin_list>
<bind>
<opcode="store(28) " fcode="store"/>
<opset="store_ln0/1 "/>
</bind>
</comp>

<comp id="2320" class="1004" name="store_ln0_store_fu_2320">
<pin_list>
<pin id="2321" dir="0" index="0" bw="4" slack="0"/>
<pin id="2322" dir="0" index="1" bw="4" slack="0"/>
<pin id="2323" dir="1" index="2" bw="0" slack="2147483647"/>
</pin_list>
<bind>
<opcode="store(28) " fcode="store"/>
<opset="store_ln0/1 "/>
</bind>
</comp>

<comp id="2325" class="1004" name="store_ln0_store_fu_2325">
<pin_list>
<pin id="2326" dir="0" index="0" bw="4" slack="0"/>
<pin id="2327" dir="0" index="1" bw="4" slack="0"/>
<pin id="2328" dir="1" index="2" bw="0" slack="2147483647"/>
</pin_list>
<bind>
<opcode="store(28) " fcode="store"/>
<opset="store_ln0/1 "/>
</bind>
</comp>

<comp id="2330" class="1004" name="store_ln0_store_fu_2330">
<pin_list>
<pin id="2331" dir="0" index="0" bw="4" slack="0"/>
<pin id="2332" dir="0" index="1" bw="4" slack="0"/>
<pin id="2333" dir="1" index="2" bw="0" slack="2147483647"/>
</pin_list>
<bind>
<opcode="store(28) " fcode="store"/>
<opset="store_ln0/1 "/>
</bind>
</comp>

<comp id="2335" class="1004" name="store_ln0_store_fu_2335">
<pin_list>
<pin id="2336" dir="0" index="0" bw="4" slack="0"/>
<pin id="2337" dir="0" index="1" bw="4" slack="0"/>
<pin id="2338" dir="1" index="2" bw="0" slack="2147483647"/>
</pin_list>
<bind>
<opcode="store(28) " fcode="store"/>
<opset="store_ln0/1 "/>
</bind>
</comp>

<comp id="2340" class="1004" name="store_ln0_store_fu_2340">
<pin_list>
<pin id="2341" dir="0" index="0" bw="4" slack="0"/>
<pin id="2342" dir="0" index="1" bw="4" slack="0"/>
<pin id="2343" dir="1" index="2" bw="0" slack="2147483647"/>
</pin_list>
<bind>
<opcode="store(28) " fcode="store"/>
<opset="store_ln0/1 "/>
</bind>
</comp>

<comp id="2345" class="1004" name="store_ln0_store_fu_2345">
<pin_list>
<pin id="2346" dir="0" index="0" bw="4" slack="0"/>
<pin id="2347" dir="0" index="1" bw="4" slack="0"/>
<pin id="2348" dir="1" index="2" bw="0" slack="2147483647"/>
</pin_list>
<bind>
<opcode="store(28) " fcode="store"/>
<opset="store_ln0/1 "/>
</bind>
</comp>

<comp id="2350" class="1004" name="store_ln0_store_fu_2350">
<pin_list>
<pin id="2351" dir="0" index="0" bw="4" slack="0"/>
<pin id="2352" dir="0" index="1" bw="4" slack="0"/>
<pin id="2353" dir="1" index="2" bw="0" slack="2147483647"/>
</pin_list>
<bind>
<opcode="store(28) " fcode="store"/>
<opset="store_ln0/1 "/>
</bind>
</comp>

<comp id="2355" class="1004" name="store_ln0_store_fu_2355">
<pin_list>
<pin id="2356" dir="0" index="0" bw="4" slack="0"/>
<pin id="2357" dir="0" index="1" bw="4" slack="0"/>
<pin id="2358" dir="1" index="2" bw="0" slack="2147483647"/>
</pin_list>
<bind>
<opcode="store(28) " fcode="store"/>
<opset="store_ln0/1 "/>
</bind>
</comp>

<comp id="2360" class="1004" name="store_ln0_store_fu_2360">
<pin_list>
<pin id="2361" dir="0" index="0" bw="4" slack="0"/>
<pin id="2362" dir="0" index="1" bw="4" slack="0"/>
<pin id="2363" dir="1" index="2" bw="0" slack="2147483647"/>
</pin_list>
<bind>
<opcode="store(28) " fcode="store"/>
<opset="store_ln0/1 "/>
</bind>
</comp>

<comp id="2365" class="1004" name="store_ln0_store_fu_2365">
<pin_list>
<pin id="2366" dir="0" index="0" bw="4" slack="0"/>
<pin id="2367" dir="0" index="1" bw="4" slack="0"/>
<pin id="2368" dir="1" index="2" bw="0" slack="2147483647"/>
</pin_list>
<bind>
<opcode="store(28) " fcode="store"/>
<opset="store_ln0/1 "/>
</bind>
</comp>

<comp id="2370" class="1004" name="store_ln0_store_fu_2370">
<pin_list>
<pin id="2371" dir="0" index="0" bw="4" slack="0"/>
<pin id="2372" dir="0" index="1" bw="4" slack="0"/>
<pin id="2373" dir="1" index="2" bw="0" slack="2147483647"/>
</pin_list>
<bind>
<opcode="store(28) " fcode="store"/>
<opset="store_ln0/1 "/>
</bind>
</comp>

<comp id="2375" class="1004" name="store_ln0_store_fu_2375">
<pin_list>
<pin id="2376" dir="0" index="0" bw="4" slack="0"/>
<pin id="2377" dir="0" index="1" bw="4" slack="0"/>
<pin id="2378" dir="1" index="2" bw="0" slack="2147483647"/>
</pin_list>
<bind>
<opcode="store(28) " fcode="store"/>
<opset="store_ln0/1 "/>
</bind>
</comp>

<comp id="2380" class="1004" name="store_ln0_store_fu_2380">
<pin_list>
<pin id="2381" dir="0" index="0" bw="4" slack="0"/>
<pin id="2382" dir="0" index="1" bw="4" slack="0"/>
<pin id="2383" dir="1" index="2" bw="0" slack="2147483647"/>
</pin_list>
<bind>
<opcode="store(28) " fcode="store"/>
<opset="store_ln0/1 "/>
</bind>
</comp>

<comp id="2385" class="1004" name="store_ln0_store_fu_2385">
<pin_list>
<pin id="2386" dir="0" index="0" bw="4" slack="0"/>
<pin id="2387" dir="0" index="1" bw="4" slack="0"/>
<pin id="2388" dir="1" index="2" bw="0" slack="2147483647"/>
</pin_list>
<bind>
<opcode="store(28) " fcode="store"/>
<opset="store_ln0/1 "/>
</bind>
</comp>

<comp id="2390" class="1004" name="store_ln0_store_fu_2390">
<pin_list>
<pin id="2391" dir="0" index="0" bw="4" slack="0"/>
<pin id="2392" dir="0" index="1" bw="4" slack="0"/>
<pin id="2393" dir="1" index="2" bw="0" slack="2147483647"/>
</pin_list>
<bind>
<opcode="store(28) " fcode="store"/>
<opset="store_ln0/1 "/>
</bind>
</comp>

<comp id="2395" class="1004" name="store_ln0_store_fu_2395">
<pin_list>
<pin id="2396" dir="0" index="0" bw="4" slack="0"/>
<pin id="2397" dir="0" index="1" bw="4" slack="0"/>
<pin id="2398" dir="1" index="2" bw="0" slack="2147483647"/>
</pin_list>
<bind>
<opcode="store(28) " fcode="store"/>
<opset="store_ln0/1 "/>
</bind>
</comp>

<comp id="2400" class="1004" name="store_ln0_store_fu_2400">
<pin_list>
<pin id="2401" dir="0" index="0" bw="4" slack="0"/>
<pin id="2402" dir="0" index="1" bw="4" slack="0"/>
<pin id="2403" dir="1" index="2" bw="0" slack="2147483647"/>
</pin_list>
<bind>
<opcode="store(28) " fcode="store"/>
<opset="store_ln0/1 "/>
</bind>
</comp>

<comp id="2405" class="1004" name="store_ln0_store_fu_2405">
<pin_list>
<pin id="2406" dir="0" index="0" bw="4" slack="0"/>
<pin id="2407" dir="0" index="1" bw="4" slack="0"/>
<pin id="2408" dir="1" index="2" bw="0" slack="2147483647"/>
</pin_list>
<bind>
<opcode="store(28) " fcode="store"/>
<opset="store_ln0/1 "/>
</bind>
</comp>

<comp id="2410" class="1004" name="store_ln0_store_fu_2410">
<pin_list>
<pin id="2411" dir="0" index="0" bw="4" slack="0"/>
<pin id="2412" dir="0" index="1" bw="4" slack="0"/>
<pin id="2413" dir="1" index="2" bw="0" slack="2147483647"/>
</pin_list>
<bind>
<opcode="store(28) " fcode="store"/>
<opset="store_ln0/1 "/>
</bind>
</comp>

<comp id="2415" class="1004" name="store_ln0_store_fu_2415">
<pin_list>
<pin id="2416" dir="0" index="0" bw="4" slack="0"/>
<pin id="2417" dir="0" index="1" bw="4" slack="0"/>
<pin id="2418" dir="1" index="2" bw="0" slack="2147483647"/>
</pin_list>
<bind>
<opcode="store(28) " fcode="store"/>
<opset="store_ln0/1 "/>
</bind>
</comp>

<comp id="2420" class="1004" name="store_ln0_store_fu_2420">
<pin_list>
<pin id="2421" dir="0" index="0" bw="4" slack="0"/>
<pin id="2422" dir="0" index="1" bw="4" slack="0"/>
<pin id="2423" dir="1" index="2" bw="0" slack="2147483647"/>
</pin_list>
<bind>
<opcode="store(28) " fcode="store"/>
<opset="store_ln0/1 "/>
</bind>
</comp>

<comp id="2425" class="1004" name="store_ln0_store_fu_2425">
<pin_list>
<pin id="2426" dir="0" index="0" bw="4" slack="0"/>
<pin id="2427" dir="0" index="1" bw="4" slack="0"/>
<pin id="2428" dir="1" index="2" bw="0" slack="2147483647"/>
</pin_list>
<bind>
<opcode="store(28) " fcode="store"/>
<opset="store_ln0/1 "/>
</bind>
</comp>

<comp id="2430" class="1004" name="store_ln0_store_fu_2430">
<pin_list>
<pin id="2431" dir="0" index="0" bw="1" slack="0"/>
<pin id="2432" dir="0" index="1" bw="2" slack="0"/>
<pin id="2433" dir="1" index="2" bw="0" slack="2147483647"/>
</pin_list>
<bind>
<opcode="store(28) " fcode="store"/>
<opset="store_ln0/1 "/>
</bind>
</comp>

<comp id="2435" class="1004" name="kx_1_load_fu_2435">
<pin_list>
<pin id="2436" dir="0" index="0" bw="2" slack="0"/>
<pin id="2437" dir="1" index="1" bw="2" slack="0"/>
</pin_list>
<bind>
<opcode="load(27) " fcode="load"/>
<opset="kx_1/1 "/>
</bind>
</comp>

<comp id="2438" class="1004" name="icmp_ln158_fu_2438">
<pin_list>
<pin id="2439" dir="0" index="0" bw="2" slack="0"/>
<pin id="2440" dir="0" index="1" bw="2" slack="0"/>
<pin id="2441" dir="1" index="2" bw="1" slack="2147483647"/>
</pin_list>
<bind>
<opcode="icmp(45) " fcode="icmp"/>
<opset="icmp_ln158/1 "/>
</bind>
</comp>

<comp id="2444" class="1004" name="kx_2_fu_2444">
<pin_list>
<pin id="2445" dir="0" index="0" bw="2" slack="0"/>
<pin id="2446" dir="0" index="1" bw="1" slack="0"/>
<pin id="2447" dir="1" index="2" bw="2" slack="0"/>
</pin_list>
<bind>
<opcode="add(8) " fcode="add"/>
<opset="kx_2/1 "/>
</bind>
</comp>

<comp id="2450" class="1004" name="oldMax_V_load_load_fu_2450">
<pin_list>
<pin id="2451" dir="0" index="0" bw="4" slack="0"/>
<pin id="2452" dir="1" index="1" bw="4" slack="0"/>
</pin_list>
<bind>
<opcode="load(27) " fcode="load"/>
<opset="oldMax_V_load/1 "/>
</bind>
</comp>

<comp id="2453" class="1004" name="oldMax_V_1_load_load_fu_2453">
<pin_list>
<pin id="2454" dir="0" index="0" bw="4" slack="0"/>
<pin id="2455" dir="1" index="1" bw="4" slack="0"/>
</pin_list>
<bind>
<opcode="load(27) " fcode="load"/>
<opset="oldMax_V_1_load/1 "/>
</bind>
</comp>

<comp id="2456" class="1004" name="oldMax_V_2_load_load_fu_2456">
<pin_list>
<pin id="2457" dir="0" index="0" bw="4" slack="0"/>
<pin id="2458" dir="1" index="1" bw="4" slack="0"/>
</pin_list>
<bind>
<opcode="load(27) " fcode="load"/>
<opset="oldMax_V_2_load/1 "/>
</bind>
</comp>

<comp id="2459" class="1004" name="oldMax_V_3_load_load_fu_2459">
<pin_list>
<pin id="2460" dir="0" index="0" bw="4" slack="0"/>
<pin id="2461" dir="1" index="1" bw="4" slack="0"/>
</pin_list>
<bind>
<opcode="load(27) " fcode="load"/>
<opset="oldMax_V_3_load/1 "/>
</bind>
</comp>

<comp id="2462" class="1004" name="oldMax_V_4_load_load_fu_2462">
<pin_list>
<pin id="2463" dir="0" index="0" bw="4" slack="0"/>
<pin id="2464" dir="1" index="1" bw="4" slack="0"/>
</pin_list>
<bind>
<opcode="load(27) " fcode="load"/>
<opset="oldMax_V_4_load/1 "/>
</bind>
</comp>

<comp id="2465" class="1004" name="oldMax_V_5_load_load_fu_2465">
<pin_list>
<pin id="2466" dir="0" index="0" bw="4" slack="0"/>
<pin id="2467" dir="1" index="1" bw="4" slack="0"/>
</pin_list>
<bind>
<opcode="load(27) " fcode="load"/>
<opset="oldMax_V_5_load/1 "/>
</bind>
</comp>

<comp id="2468" class="1004" name="oldMax_V_6_load_load_fu_2468">
<pin_list>
<pin id="2469" dir="0" index="0" bw="4" slack="0"/>
<pin id="2470" dir="1" index="1" bw="4" slack="0"/>
</pin_list>
<bind>
<opcode="load(27) " fcode="load"/>
<opset="oldMax_V_6_load/1 "/>
</bind>
</comp>

<comp id="2471" class="1004" name="oldMax_V_7_load_load_fu_2471">
<pin_list>
<pin id="2472" dir="0" index="0" bw="4" slack="0"/>
<pin id="2473" dir="1" index="1" bw="4" slack="0"/>
</pin_list>
<bind>
<opcode="load(27) " fcode="load"/>
<opset="oldMax_V_7_load/1 "/>
</bind>
</comp>

<comp id="2474" class="1004" name="oldMax_V_8_load_load_fu_2474">
<pin_list>
<pin id="2475" dir="0" index="0" bw="4" slack="0"/>
<pin id="2476" dir="1" index="1" bw="4" slack="0"/>
</pin_list>
<bind>
<opcode="load(27) " fcode="load"/>
<opset="oldMax_V_8_load/1 "/>
</bind>
</comp>

<comp id="2477" class="1004" name="oldMax_V_9_load_load_fu_2477">
<pin_list>
<pin id="2478" dir="0" index="0" bw="4" slack="0"/>
<pin id="2479" dir="1" index="1" bw="4" slack="0"/>
</pin_list>
<bind>
<opcode="load(27) " fcode="load"/>
<opset="oldMax_V_9_load/1 "/>
</bind>
</comp>

<comp id="2480" class="1004" name="oldMax_V_10_load_load_fu_2480">
<pin_list>
<pin id="2481" dir="0" index="0" bw="4" slack="0"/>
<pin id="2482" dir="1" index="1" bw="4" slack="0"/>
</pin_list>
<bind>
<opcode="load(27) " fcode="load"/>
<opset="oldMax_V_10_load/1 "/>
</bind>
</comp>

<comp id="2483" class="1004" name="oldMax_V_11_load_load_fu_2483">
<pin_list>
<pin id="2484" dir="0" index="0" bw="4" slack="0"/>
<pin id="2485" dir="1" index="1" bw="4" slack="0"/>
</pin_list>
<bind>
<opcode="load(27) " fcode="load"/>
<opset="oldMax_V_11_load/1 "/>
</bind>
</comp>

<comp id="2486" class="1004" name="oldMax_V_12_load_load_fu_2486">
<pin_list>
<pin id="2487" dir="0" index="0" bw="4" slack="0"/>
<pin id="2488" dir="1" index="1" bw="4" slack="0"/>
</pin_list>
<bind>
<opcode="load(27) " fcode="load"/>
<opset="oldMax_V_12_load/1 "/>
</bind>
</comp>

<comp id="2489" class="1004" name="oldMax_V_13_load_load_fu_2489">
<pin_list>
<pin id="2490" dir="0" index="0" bw="4" slack="0"/>
<pin id="2491" dir="1" index="1" bw="4" slack="0"/>
</pin_list>
<bind>
<opcode="load(27) " fcode="load"/>
<opset="oldMax_V_13_load/1 "/>
</bind>
</comp>

<comp id="2492" class="1004" name="oldMax_V_14_load_load_fu_2492">
<pin_list>
<pin id="2493" dir="0" index="0" bw="4" slack="0"/>
<pin id="2494" dir="1" index="1" bw="4" slack="0"/>
</pin_list>
<bind>
<opcode="load(27) " fcode="load"/>
<opset="oldMax_V_14_load/1 "/>
</bind>
</comp>

<comp id="2495" class="1004" name="oldMax_V_15_load_load_fu_2495">
<pin_list>
<pin id="2496" dir="0" index="0" bw="4" slack="0"/>
<pin id="2497" dir="1" index="1" bw="4" slack="0"/>
</pin_list>
<bind>
<opcode="load(27) " fcode="load"/>
<opset="oldMax_V_15_load/1 "/>
</bind>
</comp>

<comp id="2498" class="1004" name="oldMax_V_16_load_load_fu_2498">
<pin_list>
<pin id="2499" dir="0" index="0" bw="4" slack="0"/>
<pin id="2500" dir="1" index="1" bw="4" slack="0"/>
</pin_list>
<bind>
<opcode="load(27) " fcode="load"/>
<opset="oldMax_V_16_load/1 "/>
</bind>
</comp>

<comp id="2501" class="1004" name="oldMax_V_17_load_load_fu_2501">
<pin_list>
<pin id="2502" dir="0" index="0" bw="4" slack="0"/>
<pin id="2503" dir="1" index="1" bw="4" slack="0"/>
</pin_list>
<bind>
<opcode="load(27) " fcode="load"/>
<opset="oldMax_V_17_load/1 "/>
</bind>
</comp>

<comp id="2504" class="1004" name="oldMax_V_18_load_load_fu_2504">
<pin_list>
<pin id="2505" dir="0" index="0" bw="4" slack="0"/>
<pin id="2506" dir="1" index="1" bw="4" slack="0"/>
</pin_list>
<bind>
<opcode="load(27) " fcode="load"/>
<opset="oldMax_V_18_load/1 "/>
</bind>
</comp>

<comp id="2507" class="1004" name="oldMax_V_19_load_load_fu_2507">
<pin_list>
<pin id="2508" dir="0" index="0" bw="4" slack="0"/>
<pin id="2509" dir="1" index="1" bw="4" slack="0"/>
</pin_list>
<bind>
<opcode="load(27) " fcode="load"/>
<opset="oldMax_V_19_load/1 "/>
</bind>
</comp>

<comp id="2510" class="1004" name="oldMax_V_20_load_load_fu_2510">
<pin_list>
<pin id="2511" dir="0" index="0" bw="4" slack="0"/>
<pin id="2512" dir="1" index="1" bw="4" slack="0"/>
</pin_list>
<bind>
<opcode="load(27) " fcode="load"/>
<opset="oldMax_V_20_load/1 "/>
</bind>
</comp>

<comp id="2513" class="1004" name="oldMax_V_21_load_load_fu_2513">
<pin_list>
<pin id="2514" dir="0" index="0" bw="4" slack="0"/>
<pin id="2515" dir="1" index="1" bw="4" slack="0"/>
</pin_list>
<bind>
<opcode="load(27) " fcode="load"/>
<opset="oldMax_V_21_load/1 "/>
</bind>
</comp>

<comp id="2516" class="1004" name="oldMax_V_22_load_load_fu_2516">
<pin_list>
<pin id="2517" dir="0" index="0" bw="4" slack="0"/>
<pin id="2518" dir="1" index="1" bw="4" slack="0"/>
</pin_list>
<bind>
<opcode="load(27) " fcode="load"/>
<opset="oldMax_V_22_load/1 "/>
</bind>
</comp>

<comp id="2519" class="1004" name="oldMax_V_23_load_load_fu_2519">
<pin_list>
<pin id="2520" dir="0" index="0" bw="4" slack="0"/>
<pin id="2521" dir="1" index="1" bw="4" slack="0"/>
</pin_list>
<bind>
<opcode="load(27) " fcode="load"/>
<opset="oldMax_V_23_load/1 "/>
</bind>
</comp>

<comp id="2522" class="1004" name="oldMax_V_24_load_load_fu_2522">
<pin_list>
<pin id="2523" dir="0" index="0" bw="4" slack="0"/>
<pin id="2524" dir="1" index="1" bw="4" slack="0"/>
</pin_list>
<bind>
<opcode="load(27) " fcode="load"/>
<opset="oldMax_V_24_load/1 "/>
</bind>
</comp>

<comp id="2525" class="1004" name="oldMax_V_25_load_load_fu_2525">
<pin_list>
<pin id="2526" dir="0" index="0" bw="4" slack="0"/>
<pin id="2527" dir="1" index="1" bw="4" slack="0"/>
</pin_list>
<bind>
<opcode="load(27) " fcode="load"/>
<opset="oldMax_V_25_load/1 "/>
</bind>
</comp>

<comp id="2528" class="1004" name="oldMax_V_26_load_load_fu_2528">
<pin_list>
<pin id="2529" dir="0" index="0" bw="4" slack="0"/>
<pin id="2530" dir="1" index="1" bw="4" slack="0"/>
</pin_list>
<bind>
<opcode="load(27) " fcode="load"/>
<opset="oldMax_V_26_load/1 "/>
</bind>
</comp>

<comp id="2531" class="1004" name="oldMax_V_27_load_load_fu_2531">
<pin_list>
<pin id="2532" dir="0" index="0" bw="4" slack="0"/>
<pin id="2533" dir="1" index="1" bw="4" slack="0"/>
</pin_list>
<bind>
<opcode="load(27) " fcode="load"/>
<opset="oldMax_V_27_load/1 "/>
</bind>
</comp>

<comp id="2534" class="1004" name="oldMax_V_28_load_load_fu_2534">
<pin_list>
<pin id="2535" dir="0" index="0" bw="4" slack="0"/>
<pin id="2536" dir="1" index="1" bw="4" slack="0"/>
</pin_list>
<bind>
<opcode="load(27) " fcode="load"/>
<opset="oldMax_V_28_load/1 "/>
</bind>
</comp>

<comp id="2537" class="1004" name="oldMax_V_29_load_load_fu_2537">
<pin_list>
<pin id="2538" dir="0" index="0" bw="4" slack="0"/>
<pin id="2539" dir="1" index="1" bw="4" slack="0"/>
</pin_list>
<bind>
<opcode="load(27) " fcode="load"/>
<opset="oldMax_V_29_load/1 "/>
</bind>
</comp>

<comp id="2540" class="1004" name="oldMax_V_30_load_load_fu_2540">
<pin_list>
<pin id="2541" dir="0" index="0" bw="4" slack="0"/>
<pin id="2542" dir="1" index="1" bw="4" slack="0"/>
</pin_list>
<bind>
<opcode="load(27) " fcode="load"/>
<opset="oldMax_V_30_load/1 "/>
</bind>
</comp>

<comp id="2543" class="1004" name="oldMax_V_31_load_load_fu_2543">
<pin_list>
<pin id="2544" dir="0" index="0" bw="4" slack="0"/>
<pin id="2545" dir="1" index="1" bw="4" slack="0"/>
</pin_list>
<bind>
<opcode="load(27) " fcode="load"/>
<opset="oldMax_V_31_load/1 "/>
</bind>
</comp>

<comp id="2546" class="1004" name="oldMax_V_32_load_load_fu_2546">
<pin_list>
<pin id="2547" dir="0" index="0" bw="4" slack="0"/>
<pin id="2548" dir="1" index="1" bw="4" slack="0"/>
</pin_list>
<bind>
<opcode="load(27) " fcode="load"/>
<opset="oldMax_V_32_load/1 "/>
</bind>
</comp>

<comp id="2549" class="1004" name="oldMax_V_33_load_load_fu_2549">
<pin_list>
<pin id="2550" dir="0" index="0" bw="4" slack="0"/>
<pin id="2551" dir="1" index="1" bw="4" slack="0"/>
</pin_list>
<bind>
<opcode="load(27) " fcode="load"/>
<opset="oldMax_V_33_load/1 "/>
</bind>
</comp>

<comp id="2552" class="1004" name="oldMax_V_34_load_load_fu_2552">
<pin_list>
<pin id="2553" dir="0" index="0" bw="4" slack="0"/>
<pin id="2554" dir="1" index="1" bw="4" slack="0"/>
</pin_list>
<bind>
<opcode="load(27) " fcode="load"/>
<opset="oldMax_V_34_load/1 "/>
</bind>
</comp>

<comp id="2555" class="1004" name="oldMax_V_35_load_load_fu_2555">
<pin_list>
<pin id="2556" dir="0" index="0" bw="4" slack="0"/>
<pin id="2557" dir="1" index="1" bw="4" slack="0"/>
</pin_list>
<bind>
<opcode="load(27) " fcode="load"/>
<opset="oldMax_V_35_load/1 "/>
</bind>
</comp>

<comp id="2558" class="1004" name="oldMax_V_36_load_load_fu_2558">
<pin_list>
<pin id="2559" dir="0" index="0" bw="4" slack="0"/>
<pin id="2560" dir="1" index="1" bw="4" slack="0"/>
</pin_list>
<bind>
<opcode="load(27) " fcode="load"/>
<opset="oldMax_V_36_load/1 "/>
</bind>
</comp>

<comp id="2561" class="1004" name="oldMax_V_37_load_load_fu_2561">
<pin_list>
<pin id="2562" dir="0" index="0" bw="4" slack="0"/>
<pin id="2563" dir="1" index="1" bw="4" slack="0"/>
</pin_list>
<bind>
<opcode="load(27) " fcode="load"/>
<opset="oldMax_V_37_load/1 "/>
</bind>
</comp>

<comp id="2564" class="1004" name="oldMax_V_38_load_load_fu_2564">
<pin_list>
<pin id="2565" dir="0" index="0" bw="4" slack="0"/>
<pin id="2566" dir="1" index="1" bw="4" slack="0"/>
</pin_list>
<bind>
<opcode="load(27) " fcode="load"/>
<opset="oldMax_V_38_load/1 "/>
</bind>
</comp>

<comp id="2567" class="1004" name="oldMax_V_39_load_load_fu_2567">
<pin_list>
<pin id="2568" dir="0" index="0" bw="4" slack="0"/>
<pin id="2569" dir="1" index="1" bw="4" slack="0"/>
</pin_list>
<bind>
<opcode="load(27) " fcode="load"/>
<opset="oldMax_V_39_load/1 "/>
</bind>
</comp>

<comp id="2570" class="1004" name="oldMax_V_40_load_load_fu_2570">
<pin_list>
<pin id="2571" dir="0" index="0" bw="4" slack="0"/>
<pin id="2572" dir="1" index="1" bw="4" slack="0"/>
</pin_list>
<bind>
<opcode="load(27) " fcode="load"/>
<opset="oldMax_V_40_load/1 "/>
</bind>
</comp>

<comp id="2573" class="1004" name="oldMax_V_41_load_load_fu_2573">
<pin_list>
<pin id="2574" dir="0" index="0" bw="4" slack="0"/>
<pin id="2575" dir="1" index="1" bw="4" slack="0"/>
</pin_list>
<bind>
<opcode="load(27) " fcode="load"/>
<opset="oldMax_V_41_load/1 "/>
</bind>
</comp>

<comp id="2576" class="1004" name="oldMax_V_42_load_load_fu_2576">
<pin_list>
<pin id="2577" dir="0" index="0" bw="4" slack="0"/>
<pin id="2578" dir="1" index="1" bw="4" slack="0"/>
</pin_list>
<bind>
<opcode="load(27) " fcode="load"/>
<opset="oldMax_V_42_load/1 "/>
</bind>
</comp>

<comp id="2579" class="1004" name="oldMax_V_43_load_load_fu_2579">
<pin_list>
<pin id="2580" dir="0" index="0" bw="4" slack="0"/>
<pin id="2581" dir="1" index="1" bw="4" slack="0"/>
</pin_list>
<bind>
<opcode="load(27) " fcode="load"/>
<opset="oldMax_V_43_load/1 "/>
</bind>
</comp>

<comp id="2582" class="1004" name="oldMax_V_44_load_load_fu_2582">
<pin_list>
<pin id="2583" dir="0" index="0" bw="4" slack="0"/>
<pin id="2584" dir="1" index="1" bw="4" slack="0"/>
</pin_list>
<bind>
<opcode="load(27) " fcode="load"/>
<opset="oldMax_V_44_load/1 "/>
</bind>
</comp>

<comp id="2585" class="1004" name="oldMax_V_45_load_load_fu_2585">
<pin_list>
<pin id="2586" dir="0" index="0" bw="4" slack="0"/>
<pin id="2587" dir="1" index="1" bw="4" slack="0"/>
</pin_list>
<bind>
<opcode="load(27) " fcode="load"/>
<opset="oldMax_V_45_load/1 "/>
</bind>
</comp>

<comp id="2588" class="1004" name="oldMax_V_46_load_load_fu_2588">
<pin_list>
<pin id="2589" dir="0" index="0" bw="4" slack="0"/>
<pin id="2590" dir="1" index="1" bw="4" slack="0"/>
</pin_list>
<bind>
<opcode="load(27) " fcode="load"/>
<opset="oldMax_V_46_load/1 "/>
</bind>
</comp>

<comp id="2591" class="1004" name="oldMax_V_47_load_load_fu_2591">
<pin_list>
<pin id="2592" dir="0" index="0" bw="4" slack="0"/>
<pin id="2593" dir="1" index="1" bw="4" slack="0"/>
</pin_list>
<bind>
<opcode="load(27) " fcode="load"/>
<opset="oldMax_V_47_load/1 "/>
</bind>
</comp>

<comp id="2594" class="1004" name="oldMax_V_48_load_load_fu_2594">
<pin_list>
<pin id="2595" dir="0" index="0" bw="4" slack="0"/>
<pin id="2596" dir="1" index="1" bw="4" slack="0"/>
</pin_list>
<bind>
<opcode="load(27) " fcode="load"/>
<opset="oldMax_V_48_load/1 "/>
</bind>
</comp>

<comp id="2597" class="1004" name="oldMax_V_49_load_load_fu_2597">
<pin_list>
<pin id="2598" dir="0" index="0" bw="4" slack="0"/>
<pin id="2599" dir="1" index="1" bw="4" slack="0"/>
</pin_list>
<bind>
<opcode="load(27) " fcode="load"/>
<opset="oldMax_V_49_load/1 "/>
</bind>
</comp>

<comp id="2600" class="1004" name="oldMax_V_50_load_load_fu_2600">
<pin_list>
<pin id="2601" dir="0" index="0" bw="4" slack="0"/>
<pin id="2602" dir="1" index="1" bw="4" slack="0"/>
</pin_list>
<bind>
<opcode="load(27) " fcode="load"/>
<opset="oldMax_V_50_load/1 "/>
</bind>
</comp>

<comp id="2603" class="1004" name="oldMax_V_51_load_load_fu_2603">
<pin_list>
<pin id="2604" dir="0" index="0" bw="4" slack="0"/>
<pin id="2605" dir="1" index="1" bw="4" slack="0"/>
</pin_list>
<bind>
<opcode="load(27) " fcode="load"/>
<opset="oldMax_V_51_load/1 "/>
</bind>
</comp>

<comp id="2606" class="1004" name="oldMax_V_52_load_load_fu_2606">
<pin_list>
<pin id="2607" dir="0" index="0" bw="4" slack="0"/>
<pin id="2608" dir="1" index="1" bw="4" slack="0"/>
</pin_list>
<bind>
<opcode="load(27) " fcode="load"/>
<opset="oldMax_V_52_load/1 "/>
</bind>
</comp>

<comp id="2609" class="1004" name="oldMax_V_53_load_load_fu_2609">
<pin_list>
<pin id="2610" dir="0" index="0" bw="4" slack="0"/>
<pin id="2611" dir="1" index="1" bw="4" slack="0"/>
</pin_list>
<bind>
<opcode="load(27) " fcode="load"/>
<opset="oldMax_V_53_load/1 "/>
</bind>
</comp>

<comp id="2612" class="1004" name="oldMax_V_54_load_load_fu_2612">
<pin_list>
<pin id="2613" dir="0" index="0" bw="4" slack="0"/>
<pin id="2614" dir="1" index="1" bw="4" slack="0"/>
</pin_list>
<bind>
<opcode="load(27) " fcode="load"/>
<opset="oldMax_V_54_load/1 "/>
</bind>
</comp>

<comp id="2615" class="1004" name="oldMax_V_55_load_load_fu_2615">
<pin_list>
<pin id="2616" dir="0" index="0" bw="4" slack="0"/>
<pin id="2617" dir="1" index="1" bw="4" slack="0"/>
</pin_list>
<bind>
<opcode="load(27) " fcode="load"/>
<opset="oldMax_V_55_load/1 "/>
</bind>
</comp>

<comp id="2618" class="1004" name="oldMax_V_56_load_load_fu_2618">
<pin_list>
<pin id="2619" dir="0" index="0" bw="4" slack="0"/>
<pin id="2620" dir="1" index="1" bw="4" slack="0"/>
</pin_list>
<bind>
<opcode="load(27) " fcode="load"/>
<opset="oldMax_V_56_load/1 "/>
</bind>
</comp>

<comp id="2621" class="1004" name="oldMax_V_57_load_load_fu_2621">
<pin_list>
<pin id="2622" dir="0" index="0" bw="4" slack="0"/>
<pin id="2623" dir="1" index="1" bw="4" slack="0"/>
</pin_list>
<bind>
<opcode="load(27) " fcode="load"/>
<opset="oldMax_V_57_load/1 "/>
</bind>
</comp>

<comp id="2624" class="1004" name="oldMax_V_58_load_load_fu_2624">
<pin_list>
<pin id="2625" dir="0" index="0" bw="4" slack="0"/>
<pin id="2626" dir="1" index="1" bw="4" slack="0"/>
</pin_list>
<bind>
<opcode="load(27) " fcode="load"/>
<opset="oldMax_V_58_load/1 "/>
</bind>
</comp>

<comp id="2627" class="1004" name="oldMax_V_59_load_load_fu_2627">
<pin_list>
<pin id="2628" dir="0" index="0" bw="4" slack="0"/>
<pin id="2629" dir="1" index="1" bw="4" slack="0"/>
</pin_list>
<bind>
<opcode="load(27) " fcode="load"/>
<opset="oldMax_V_59_load/1 "/>
</bind>
</comp>

<comp id="2630" class="1004" name="oldMax_V_60_load_load_fu_2630">
<pin_list>
<pin id="2631" dir="0" index="0" bw="4" slack="0"/>
<pin id="2632" dir="1" index="1" bw="4" slack="0"/>
</pin_list>
<bind>
<opcode="load(27) " fcode="load"/>
<opset="oldMax_V_60_load/1 "/>
</bind>
</comp>

<comp id="2633" class="1004" name="oldMax_V_61_load_load_fu_2633">
<pin_list>
<pin id="2634" dir="0" index="0" bw="4" slack="0"/>
<pin id="2635" dir="1" index="1" bw="4" slack="0"/>
</pin_list>
<bind>
<opcode="load(27) " fcode="load"/>
<opset="oldMax_V_61_load/1 "/>
</bind>
</comp>

<comp id="2636" class="1004" name="oldMax_V_62_load_load_fu_2636">
<pin_list>
<pin id="2637" dir="0" index="0" bw="4" slack="0"/>
<pin id="2638" dir="1" index="1" bw="4" slack="0"/>
</pin_list>
<bind>
<opcode="load(27) " fcode="load"/>
<opset="oldMax_V_62_load/1 "/>
</bind>
</comp>

<comp id="2639" class="1004" name="oldMax_V_63_load_load_fu_2639">
<pin_list>
<pin id="2640" dir="0" index="0" bw="4" slack="0"/>
<pin id="2641" dir="1" index="1" bw="4" slack="0"/>
</pin_list>
<bind>
<opcode="load(27) " fcode="load"/>
<opset="oldMax_V_63_load/1 "/>
</bind>
</comp>

<comp id="2642" class="1004" name="channeldata_V_fu_2642">
<pin_list>
<pin id="2643" dir="0" index="0" bw="256" slack="0"/>
<pin id="2644" dir="1" index="1" bw="4" slack="0"/>
</pin_list>
<bind>
<opcode="trunc(33) " fcode="trunc"/>
<opset="channeldata_V/1 "/>
</bind>
</comp>

<comp id="2646" class="1004" name="icmp_ln1035_fu_2646">
<pin_list>
<pin id="2647" dir="0" index="0" bw="4" slack="0"/>
<pin id="2648" dir="0" index="1" bw="4" slack="0"/>
<pin id="2649" dir="1" index="2" bw="1" slack="0"/>
</pin_list>
<bind>
<opcode="icmp(45) " fcode="icmp"/>
<opset="icmp_ln1035/1 "/>
</bind>
</comp>

<comp id="2652" class="1004" name="select_ln167_fu_2652">
<pin_list>
<pin id="2653" dir="0" index="0" bw="1" slack="0"/>
<pin id="2654" dir="0" index="1" bw="4" slack="0"/>
<pin id="2655" dir="0" index="2" bw="4" slack="0"/>
<pin id="2656" dir="1" index="3" bw="4" slack="0"/>
</pin_list>
<bind>
<opcode="select(49) " fcode="select"/>
<opset="select_ln167/1 "/>
</bind>
</comp>

<comp id="2661" class="1004" name="channeldata_V_1_fu_2661">
<pin_list>
<pin id="2662" dir="0" index="0" bw="4" slack="0"/>
<pin id="2663" dir="0" index="1" bw="256" slack="0"/>
<pin id="2664" dir="0" index="2" bw="4" slack="0"/>
<pin id="2665" dir="0" index="3" bw="4" slack="0"/>
<pin id="2666" dir="1" index="4" bw="4" slack="0"/>
</pin_list>
<bind>
<opcode="partselect(1002) " fcode="partselect"/>
<opset="channeldata_V_1/1 "/>
</bind>
</comp>

<comp id="2671" class="1004" name="icmp_ln1035_1_fu_2671">
<pin_list>
<pin id="2672" dir="0" index="0" bw="4" slack="0"/>
<pin id="2673" dir="0" index="1" bw="4" slack="0"/>
<pin id="2674" dir="1" index="2" bw="1" slack="0"/>
</pin_list>
<bind>
<opcode="icmp(45) " fcode="icmp"/>
<opset="icmp_ln1035_1/1 "/>
</bind>
</comp>

<comp id="2677" class="1004" name="select_ln167_1_fu_2677">
<pin_list>
<pin id="2678" dir="0" index="0" bw="1" slack="0"/>
<pin id="2679" dir="0" index="1" bw="4" slack="0"/>
<pin id="2680" dir="0" index="2" bw="4" slack="0"/>
<pin id="2681" dir="1" index="3" bw="4" slack="0"/>
</pin_list>
<bind>
<opcode="select(49) " fcode="select"/>
<opset="select_ln167_1/1 "/>
</bind>
</comp>

<comp id="2686" class="1004" name="channeldata_V_2_fu_2686">
<pin_list>
<pin id="2687" dir="0" index="0" bw="4" slack="0"/>
<pin id="2688" dir="0" index="1" bw="256" slack="0"/>
<pin id="2689" dir="0" index="2" bw="5" slack="0"/>
<pin id="2690" dir="0" index="3" bw="5" slack="0"/>
<pin id="2691" dir="1" index="4" bw="4" slack="0"/>
</pin_list>
<bind>
<opcode="partselect(1002) " fcode="partselect"/>
<opset="channeldata_V_2/1 "/>
</bind>
</comp>

<comp id="2696" class="1004" name="icmp_ln1035_2_fu_2696">
<pin_list>
<pin id="2697" dir="0" index="0" bw="4" slack="0"/>
<pin id="2698" dir="0" index="1" bw="4" slack="0"/>
<pin id="2699" dir="1" index="2" bw="1" slack="0"/>
</pin_list>
<bind>
<opcode="icmp(45) " fcode="icmp"/>
<opset="icmp_ln1035_2/1 "/>
</bind>
</comp>

<comp id="2702" class="1004" name="select_ln167_2_fu_2702">
<pin_list>
<pin id="2703" dir="0" index="0" bw="1" slack="0"/>
<pin id="2704" dir="0" index="1" bw="4" slack="0"/>
<pin id="2705" dir="0" index="2" bw="4" slack="0"/>
<pin id="2706" dir="1" index="3" bw="4" slack="0"/>
</pin_list>
<bind>
<opcode="select(49) " fcode="select"/>
<opset="select_ln167_2/1 "/>
</bind>
</comp>

<comp id="2711" class="1004" name="channeldata_V_3_fu_2711">
<pin_list>
<pin id="2712" dir="0" index="0" bw="4" slack="0"/>
<pin id="2713" dir="0" index="1" bw="256" slack="0"/>
<pin id="2714" dir="0" index="2" bw="5" slack="0"/>
<pin id="2715" dir="0" index="3" bw="5" slack="0"/>
<pin id="2716" dir="1" index="4" bw="4" slack="0"/>
</pin_list>
<bind>
<opcode="partselect(1002) " fcode="partselect"/>
<opset="channeldata_V_3/1 "/>
</bind>
</comp>

<comp id="2721" class="1004" name="icmp_ln1035_3_fu_2721">
<pin_list>
<pin id="2722" dir="0" index="0" bw="4" slack="0"/>
<pin id="2723" dir="0" index="1" bw="4" slack="0"/>
<pin id="2724" dir="1" index="2" bw="1" slack="0"/>
</pin_list>
<bind>
<opcode="icmp(45) " fcode="icmp"/>
<opset="icmp_ln1035_3/1 "/>
</bind>
</comp>

<comp id="2727" class="1004" name="select_ln167_3_fu_2727">
<pin_list>
<pin id="2728" dir="0" index="0" bw="1" slack="0"/>
<pin id="2729" dir="0" index="1" bw="4" slack="0"/>
<pin id="2730" dir="0" index="2" bw="4" slack="0"/>
<pin id="2731" dir="1" index="3" bw="4" slack="0"/>
</pin_list>
<bind>
<opcode="select(49) " fcode="select"/>
<opset="select_ln167_3/1 "/>
</bind>
</comp>

<comp id="2736" class="1004" name="channeldata_V_4_fu_2736">
<pin_list>
<pin id="2737" dir="0" index="0" bw="4" slack="0"/>
<pin id="2738" dir="0" index="1" bw="256" slack="0"/>
<pin id="2739" dir="0" index="2" bw="6" slack="0"/>
<pin id="2740" dir="0" index="3" bw="6" slack="0"/>
<pin id="2741" dir="1" index="4" bw="4" slack="0"/>
</pin_list>
<bind>
<opcode="partselect(1002) " fcode="partselect"/>
<opset="channeldata_V_4/1 "/>
</bind>
</comp>

<comp id="2746" class="1004" name="icmp_ln1035_4_fu_2746">
<pin_list>
<pin id="2747" dir="0" index="0" bw="4" slack="0"/>
<pin id="2748" dir="0" index="1" bw="4" slack="0"/>
<pin id="2749" dir="1" index="2" bw="1" slack="0"/>
</pin_list>
<bind>
<opcode="icmp(45) " fcode="icmp"/>
<opset="icmp_ln1035_4/1 "/>
</bind>
</comp>

<comp id="2752" class="1004" name="select_ln167_4_fu_2752">
<pin_list>
<pin id="2753" dir="0" index="0" bw="1" slack="0"/>
<pin id="2754" dir="0" index="1" bw="4" slack="0"/>
<pin id="2755" dir="0" index="2" bw="4" slack="0"/>
<pin id="2756" dir="1" index="3" bw="4" slack="0"/>
</pin_list>
<bind>
<opcode="select(49) " fcode="select"/>
<opset="select_ln167_4/1 "/>
</bind>
</comp>

<comp id="2761" class="1004" name="channeldata_V_5_fu_2761">
<pin_list>
<pin id="2762" dir="0" index="0" bw="4" slack="0"/>
<pin id="2763" dir="0" index="1" bw="256" slack="0"/>
<pin id="2764" dir="0" index="2" bw="6" slack="0"/>
<pin id="2765" dir="0" index="3" bw="6" slack="0"/>
<pin id="2766" dir="1" index="4" bw="4" slack="0"/>
</pin_list>
<bind>
<opcode="partselect(1002) " fcode="partselect"/>
<opset="channeldata_V_5/1 "/>
</bind>
</comp>

<comp id="2771" class="1004" name="icmp_ln1035_5_fu_2771">
<pin_list>
<pin id="2772" dir="0" index="0" bw="4" slack="0"/>
<pin id="2773" dir="0" index="1" bw="4" slack="0"/>
<pin id="2774" dir="1" index="2" bw="1" slack="0"/>
</pin_list>
<bind>
<opcode="icmp(45) " fcode="icmp"/>
<opset="icmp_ln1035_5/1 "/>
</bind>
</comp>

<comp id="2777" class="1004" name="select_ln167_5_fu_2777">
<pin_list>
<pin id="2778" dir="0" index="0" bw="1" slack="0"/>
<pin id="2779" dir="0" index="1" bw="4" slack="0"/>
<pin id="2780" dir="0" index="2" bw="4" slack="0"/>
<pin id="2781" dir="1" index="3" bw="4" slack="0"/>
</pin_list>
<bind>
<opcode="select(49) " fcode="select"/>
<opset="select_ln167_5/1 "/>
</bind>
</comp>

<comp id="2786" class="1004" name="channeldata_V_6_fu_2786">
<pin_list>
<pin id="2787" dir="0" index="0" bw="4" slack="0"/>
<pin id="2788" dir="0" index="1" bw="256" slack="0"/>
<pin id="2789" dir="0" index="2" bw="6" slack="0"/>
<pin id="2790" dir="0" index="3" bw="6" slack="0"/>
<pin id="2791" dir="1" index="4" bw="4" slack="0"/>
</pin_list>
<bind>
<opcode="partselect(1002) " fcode="partselect"/>
<opset="channeldata_V_6/1 "/>
</bind>
</comp>

<comp id="2796" class="1004" name="icmp_ln1035_6_fu_2796">
<pin_list>
<pin id="2797" dir="0" index="0" bw="4" slack="0"/>
<pin id="2798" dir="0" index="1" bw="4" slack="0"/>
<pin id="2799" dir="1" index="2" bw="1" slack="0"/>
</pin_list>
<bind>
<opcode="icmp(45) " fcode="icmp"/>
<opset="icmp_ln1035_6/1 "/>
</bind>
</comp>

<comp id="2802" class="1004" name="select_ln167_6_fu_2802">
<pin_list>
<pin id="2803" dir="0" index="0" bw="1" slack="0"/>
<pin id="2804" dir="0" index="1" bw="4" slack="0"/>
<pin id="2805" dir="0" index="2" bw="4" slack="0"/>
<pin id="2806" dir="1" index="3" bw="4" slack="0"/>
</pin_list>
<bind>
<opcode="select(49) " fcode="select"/>
<opset="select_ln167_6/1 "/>
</bind>
</comp>

<comp id="2811" class="1004" name="channeldata_V_7_fu_2811">
<pin_list>
<pin id="2812" dir="0" index="0" bw="4" slack="0"/>
<pin id="2813" dir="0" index="1" bw="256" slack="0"/>
<pin id="2814" dir="0" index="2" bw="6" slack="0"/>
<pin id="2815" dir="0" index="3" bw="6" slack="0"/>
<pin id="2816" dir="1" index="4" bw="4" slack="0"/>
</pin_list>
<bind>
<opcode="partselect(1002) " fcode="partselect"/>
<opset="channeldata_V_7/1 "/>
</bind>
</comp>

<comp id="2821" class="1004" name="icmp_ln1035_7_fu_2821">
<pin_list>
<pin id="2822" dir="0" index="0" bw="4" slack="0"/>
<pin id="2823" dir="0" index="1" bw="4" slack="0"/>
<pin id="2824" dir="1" index="2" bw="1" slack="0"/>
</pin_list>
<bind>
<opcode="icmp(45) " fcode="icmp"/>
<opset="icmp_ln1035_7/1 "/>
</bind>
</comp>

<comp id="2827" class="1004" name="select_ln167_7_fu_2827">
<pin_list>
<pin id="2828" dir="0" index="0" bw="1" slack="0"/>
<pin id="2829" dir="0" index="1" bw="4" slack="0"/>
<pin id="2830" dir="0" index="2" bw="4" slack="0"/>
<pin id="2831" dir="1" index="3" bw="4" slack="0"/>
</pin_list>
<bind>
<opcode="select(49) " fcode="select"/>
<opset="select_ln167_7/1 "/>
</bind>
</comp>

<comp id="2836" class="1004" name="channeldata_V_8_fu_2836">
<pin_list>
<pin id="2837" dir="0" index="0" bw="4" slack="0"/>
<pin id="2838" dir="0" index="1" bw="256" slack="0"/>
<pin id="2839" dir="0" index="2" bw="7" slack="0"/>
<pin id="2840" dir="0" index="3" bw="7" slack="0"/>
<pin id="2841" dir="1" index="4" bw="4" slack="0"/>
</pin_list>
<bind>
<opcode="partselect(1002) " fcode="partselect"/>
<opset="channeldata_V_8/1 "/>
</bind>
</comp>

<comp id="2846" class="1004" name="icmp_ln1035_8_fu_2846">
<pin_list>
<pin id="2847" dir="0" index="0" bw="4" slack="0"/>
<pin id="2848" dir="0" index="1" bw="4" slack="0"/>
<pin id="2849" dir="1" index="2" bw="1" slack="0"/>
</pin_list>
<bind>
<opcode="icmp(45) " fcode="icmp"/>
<opset="icmp_ln1035_8/1 "/>
</bind>
</comp>

<comp id="2852" class="1004" name="select_ln167_8_fu_2852">
<pin_list>
<pin id="2853" dir="0" index="0" bw="1" slack="0"/>
<pin id="2854" dir="0" index="1" bw="4" slack="0"/>
<pin id="2855" dir="0" index="2" bw="4" slack="0"/>
<pin id="2856" dir="1" index="3" bw="4" slack="0"/>
</pin_list>
<bind>
<opcode="select(49) " fcode="select"/>
<opset="select_ln167_8/1 "/>
</bind>
</comp>

<comp id="2861" class="1004" name="channeldata_V_9_fu_2861">
<pin_list>
<pin id="2862" dir="0" index="0" bw="4" slack="0"/>
<pin id="2863" dir="0" index="1" bw="256" slack="0"/>
<pin id="2864" dir="0" index="2" bw="7" slack="0"/>
<pin id="2865" dir="0" index="3" bw="7" slack="0"/>
<pin id="2866" dir="1" index="4" bw="4" slack="0"/>
</pin_list>
<bind>
<opcode="partselect(1002) " fcode="partselect"/>
<opset="channeldata_V_9/1 "/>
</bind>
</comp>

<comp id="2871" class="1004" name="icmp_ln1035_9_fu_2871">
<pin_list>
<pin id="2872" dir="0" index="0" bw="4" slack="0"/>
<pin id="2873" dir="0" index="1" bw="4" slack="0"/>
<pin id="2874" dir="1" index="2" bw="1" slack="0"/>
</pin_list>
<bind>
<opcode="icmp(45) " fcode="icmp"/>
<opset="icmp_ln1035_9/1 "/>
</bind>
</comp>

<comp id="2877" class="1004" name="select_ln167_9_fu_2877">
<pin_list>
<pin id="2878" dir="0" index="0" bw="1" slack="0"/>
<pin id="2879" dir="0" index="1" bw="4" slack="0"/>
<pin id="2880" dir="0" index="2" bw="4" slack="0"/>
<pin id="2881" dir="1" index="3" bw="4" slack="0"/>
</pin_list>
<bind>
<opcode="select(49) " fcode="select"/>
<opset="select_ln167_9/1 "/>
</bind>
</comp>

<comp id="2886" class="1004" name="channeldata_V_10_fu_2886">
<pin_list>
<pin id="2887" dir="0" index="0" bw="4" slack="0"/>
<pin id="2888" dir="0" index="1" bw="256" slack="0"/>
<pin id="2889" dir="0" index="2" bw="7" slack="0"/>
<pin id="2890" dir="0" index="3" bw="7" slack="0"/>
<pin id="2891" dir="1" index="4" bw="4" slack="0"/>
</pin_list>
<bind>
<opcode="partselect(1002) " fcode="partselect"/>
<opset="channeldata_V_10/1 "/>
</bind>
</comp>

<comp id="2896" class="1004" name="icmp_ln1035_10_fu_2896">
<pin_list>
<pin id="2897" dir="0" index="0" bw="4" slack="0"/>
<pin id="2898" dir="0" index="1" bw="4" slack="0"/>
<pin id="2899" dir="1" index="2" bw="1" slack="0"/>
</pin_list>
<bind>
<opcode="icmp(45) " fcode="icmp"/>
<opset="icmp_ln1035_10/1 "/>
</bind>
</comp>

<comp id="2902" class="1004" name="select_ln167_10_fu_2902">
<pin_list>
<pin id="2903" dir="0" index="0" bw="1" slack="0"/>
<pin id="2904" dir="0" index="1" bw="4" slack="0"/>
<pin id="2905" dir="0" index="2" bw="4" slack="0"/>
<pin id="2906" dir="1" index="3" bw="4" slack="0"/>
</pin_list>
<bind>
<opcode="select(49) " fcode="select"/>
<opset="select_ln167_10/1 "/>
</bind>
</comp>

<comp id="2911" class="1004" name="channeldata_V_11_fu_2911">
<pin_list>
<pin id="2912" dir="0" index="0" bw="4" slack="0"/>
<pin id="2913" dir="0" index="1" bw="256" slack="0"/>
<pin id="2914" dir="0" index="2" bw="7" slack="0"/>
<pin id="2915" dir="0" index="3" bw="7" slack="0"/>
<pin id="2916" dir="1" index="4" bw="4" slack="0"/>
</pin_list>
<bind>
<opcode="partselect(1002) " fcode="partselect"/>
<opset="channeldata_V_11/1 "/>
</bind>
</comp>

<comp id="2921" class="1004" name="icmp_ln1035_11_fu_2921">
<pin_list>
<pin id="2922" dir="0" index="0" bw="4" slack="0"/>
<pin id="2923" dir="0" index="1" bw="4" slack="0"/>
<pin id="2924" dir="1" index="2" bw="1" slack="0"/>
</pin_list>
<bind>
<opcode="icmp(45) " fcode="icmp"/>
<opset="icmp_ln1035_11/1 "/>
</bind>
</comp>

<comp id="2927" class="1004" name="select_ln167_11_fu_2927">
<pin_list>
<pin id="2928" dir="0" index="0" bw="1" slack="0"/>
<pin id="2929" dir="0" index="1" bw="4" slack="0"/>
<pin id="2930" dir="0" index="2" bw="4" slack="0"/>
<pin id="2931" dir="1" index="3" bw="4" slack="0"/>
</pin_list>
<bind>
<opcode="select(49) " fcode="select"/>
<opset="select_ln167_11/1 "/>
</bind>
</comp>

<comp id="2936" class="1004" name="channeldata_V_12_fu_2936">
<pin_list>
<pin id="2937" dir="0" index="0" bw="4" slack="0"/>
<pin id="2938" dir="0" index="1" bw="256" slack="0"/>
<pin id="2939" dir="0" index="2" bw="7" slack="0"/>
<pin id="2940" dir="0" index="3" bw="7" slack="0"/>
<pin id="2941" dir="1" index="4" bw="4" slack="0"/>
</pin_list>
<bind>
<opcode="partselect(1002) " fcode="partselect"/>
<opset="channeldata_V_12/1 "/>
</bind>
</comp>

<comp id="2946" class="1004" name="icmp_ln1035_12_fu_2946">
<pin_list>
<pin id="2947" dir="0" index="0" bw="4" slack="0"/>
<pin id="2948" dir="0" index="1" bw="4" slack="0"/>
<pin id="2949" dir="1" index="2" bw="1" slack="0"/>
</pin_list>
<bind>
<opcode="icmp(45) " fcode="icmp"/>
<opset="icmp_ln1035_12/1 "/>
</bind>
</comp>

<comp id="2952" class="1004" name="select_ln167_12_fu_2952">
<pin_list>
<pin id="2953" dir="0" index="0" bw="1" slack="0"/>
<pin id="2954" dir="0" index="1" bw="4" slack="0"/>
<pin id="2955" dir="0" index="2" bw="4" slack="0"/>
<pin id="2956" dir="1" index="3" bw="4" slack="0"/>
</pin_list>
<bind>
<opcode="select(49) " fcode="select"/>
<opset="select_ln167_12/1 "/>
</bind>
</comp>

<comp id="2961" class="1004" name="channeldata_V_13_fu_2961">
<pin_list>
<pin id="2962" dir="0" index="0" bw="4" slack="0"/>
<pin id="2963" dir="0" index="1" bw="256" slack="0"/>
<pin id="2964" dir="0" index="2" bw="7" slack="0"/>
<pin id="2965" dir="0" index="3" bw="7" slack="0"/>
<pin id="2966" dir="1" index="4" bw="4" slack="0"/>
</pin_list>
<bind>
<opcode="partselect(1002) " fcode="partselect"/>
<opset="channeldata_V_13/1 "/>
</bind>
</comp>

<comp id="2971" class="1004" name="icmp_ln1035_13_fu_2971">
<pin_list>
<pin id="2972" dir="0" index="0" bw="4" slack="0"/>
<pin id="2973" dir="0" index="1" bw="4" slack="0"/>
<pin id="2974" dir="1" index="2" bw="1" slack="0"/>
</pin_list>
<bind>
<opcode="icmp(45) " fcode="icmp"/>
<opset="icmp_ln1035_13/1 "/>
</bind>
</comp>

<comp id="2977" class="1004" name="select_ln167_13_fu_2977">
<pin_list>
<pin id="2978" dir="0" index="0" bw="1" slack="0"/>
<pin id="2979" dir="0" index="1" bw="4" slack="0"/>
<pin id="2980" dir="0" index="2" bw="4" slack="0"/>
<pin id="2981" dir="1" index="3" bw="4" slack="0"/>
</pin_list>
<bind>
<opcode="select(49) " fcode="select"/>
<opset="select_ln167_13/1 "/>
</bind>
</comp>

<comp id="2986" class="1004" name="channeldata_V_14_fu_2986">
<pin_list>
<pin id="2987" dir="0" index="0" bw="4" slack="0"/>
<pin id="2988" dir="0" index="1" bw="256" slack="0"/>
<pin id="2989" dir="0" index="2" bw="7" slack="0"/>
<pin id="2990" dir="0" index="3" bw="7" slack="0"/>
<pin id="2991" dir="1" index="4" bw="4" slack="0"/>
</pin_list>
<bind>
<opcode="partselect(1002) " fcode="partselect"/>
<opset="channeldata_V_14/1 "/>
</bind>
</comp>

<comp id="2996" class="1004" name="icmp_ln1035_14_fu_2996">
<pin_list>
<pin id="2997" dir="0" index="0" bw="4" slack="0"/>
<pin id="2998" dir="0" index="1" bw="4" slack="0"/>
<pin id="2999" dir="1" index="2" bw="1" slack="0"/>
</pin_list>
<bind>
<opcode="icmp(45) " fcode="icmp"/>
<opset="icmp_ln1035_14/1 "/>
</bind>
</comp>

<comp id="3002" class="1004" name="select_ln167_14_fu_3002">
<pin_list>
<pin id="3003" dir="0" index="0" bw="1" slack="0"/>
<pin id="3004" dir="0" index="1" bw="4" slack="0"/>
<pin id="3005" dir="0" index="2" bw="4" slack="0"/>
<pin id="3006" dir="1" index="3" bw="4" slack="0"/>
</pin_list>
<bind>
<opcode="select(49) " fcode="select"/>
<opset="select_ln167_14/1 "/>
</bind>
</comp>

<comp id="3011" class="1004" name="channeldata_V_15_fu_3011">
<pin_list>
<pin id="3012" dir="0" index="0" bw="4" slack="0"/>
<pin id="3013" dir="0" index="1" bw="256" slack="0"/>
<pin id="3014" dir="0" index="2" bw="7" slack="0"/>
<pin id="3015" dir="0" index="3" bw="7" slack="0"/>
<pin id="3016" dir="1" index="4" bw="4" slack="0"/>
</pin_list>
<bind>
<opcode="partselect(1002) " fcode="partselect"/>
<opset="channeldata_V_15/1 "/>
</bind>
</comp>

<comp id="3021" class="1004" name="icmp_ln1035_15_fu_3021">
<pin_list>
<pin id="3022" dir="0" index="0" bw="4" slack="0"/>
<pin id="3023" dir="0" index="1" bw="4" slack="0"/>
<pin id="3024" dir="1" index="2" bw="1" slack="0"/>
</pin_list>
<bind>
<opcode="icmp(45) " fcode="icmp"/>
<opset="icmp_ln1035_15/1 "/>
</bind>
</comp>

<comp id="3027" class="1004" name="select_ln167_15_fu_3027">
<pin_list>
<pin id="3028" dir="0" index="0" bw="1" slack="0"/>
<pin id="3029" dir="0" index="1" bw="4" slack="0"/>
<pin id="3030" dir="0" index="2" bw="4" slack="0"/>
<pin id="3031" dir="1" index="3" bw="4" slack="0"/>
</pin_list>
<bind>
<opcode="select(49) " fcode="select"/>
<opset="select_ln167_15/1 "/>
</bind>
</comp>

<comp id="3036" class="1004" name="channeldata_V_16_fu_3036">
<pin_list>
<pin id="3037" dir="0" index="0" bw="4" slack="0"/>
<pin id="3038" dir="0" index="1" bw="256" slack="0"/>
<pin id="3039" dir="0" index="2" bw="8" slack="0"/>
<pin id="3040" dir="0" index="3" bw="8" slack="0"/>
<pin id="3041" dir="1" index="4" bw="4" slack="0"/>
</pin_list>
<bind>
<opcode="partselect(1002) " fcode="partselect"/>
<opset="channeldata_V_16/1 "/>
</bind>
</comp>

<comp id="3046" class="1004" name="icmp_ln1035_16_fu_3046">
<pin_list>
<pin id="3047" dir="0" index="0" bw="4" slack="0"/>
<pin id="3048" dir="0" index="1" bw="4" slack="0"/>
<pin id="3049" dir="1" index="2" bw="1" slack="0"/>
</pin_list>
<bind>
<opcode="icmp(45) " fcode="icmp"/>
<opset="icmp_ln1035_16/1 "/>
</bind>
</comp>

<comp id="3052" class="1004" name="select_ln167_16_fu_3052">
<pin_list>
<pin id="3053" dir="0" index="0" bw="1" slack="0"/>
<pin id="3054" dir="0" index="1" bw="4" slack="0"/>
<pin id="3055" dir="0" index="2" bw="4" slack="0"/>
<pin id="3056" dir="1" index="3" bw="4" slack="0"/>
</pin_list>
<bind>
<opcode="select(49) " fcode="select"/>
<opset="select_ln167_16/1 "/>
</bind>
</comp>

<comp id="3061" class="1004" name="channeldata_V_17_fu_3061">
<pin_list>
<pin id="3062" dir="0" index="0" bw="4" slack="0"/>
<pin id="3063" dir="0" index="1" bw="256" slack="0"/>
<pin id="3064" dir="0" index="2" bw="8" slack="0"/>
<pin id="3065" dir="0" index="3" bw="8" slack="0"/>
<pin id="3066" dir="1" index="4" bw="4" slack="0"/>
</pin_list>
<bind>
<opcode="partselect(1002) " fcode="partselect"/>
<opset="channeldata_V_17/1 "/>
</bind>
</comp>

<comp id="3071" class="1004" name="icmp_ln1035_17_fu_3071">
<pin_list>
<pin id="3072" dir="0" index="0" bw="4" slack="0"/>
<pin id="3073" dir="0" index="1" bw="4" slack="0"/>
<pin id="3074" dir="1" index="2" bw="1" slack="0"/>
</pin_list>
<bind>
<opcode="icmp(45) " fcode="icmp"/>
<opset="icmp_ln1035_17/1 "/>
</bind>
</comp>

<comp id="3077" class="1004" name="select_ln167_17_fu_3077">
<pin_list>
<pin id="3078" dir="0" index="0" bw="1" slack="0"/>
<pin id="3079" dir="0" index="1" bw="4" slack="0"/>
<pin id="3080" dir="0" index="2" bw="4" slack="0"/>
<pin id="3081" dir="1" index="3" bw="4" slack="0"/>
</pin_list>
<bind>
<opcode="select(49) " fcode="select"/>
<opset="select_ln167_17/1 "/>
</bind>
</comp>

<comp id="3086" class="1004" name="channeldata_V_18_fu_3086">
<pin_list>
<pin id="3087" dir="0" index="0" bw="4" slack="0"/>
<pin id="3088" dir="0" index="1" bw="256" slack="0"/>
<pin id="3089" dir="0" index="2" bw="8" slack="0"/>
<pin id="3090" dir="0" index="3" bw="8" slack="0"/>
<pin id="3091" dir="1" index="4" bw="4" slack="0"/>
</pin_list>
<bind>
<opcode="partselect(1002) " fcode="partselect"/>
<opset="channeldata_V_18/1 "/>
</bind>
</comp>

<comp id="3096" class="1004" name="icmp_ln1035_18_fu_3096">
<pin_list>
<pin id="3097" dir="0" index="0" bw="4" slack="0"/>
<pin id="3098" dir="0" index="1" bw="4" slack="0"/>
<pin id="3099" dir="1" index="2" bw="1" slack="0"/>
</pin_list>
<bind>
<opcode="icmp(45) " fcode="icmp"/>
<opset="icmp_ln1035_18/1 "/>
</bind>
</comp>

<comp id="3102" class="1004" name="select_ln167_18_fu_3102">
<pin_list>
<pin id="3103" dir="0" index="0" bw="1" slack="0"/>
<pin id="3104" dir="0" index="1" bw="4" slack="0"/>
<pin id="3105" dir="0" index="2" bw="4" slack="0"/>
<pin id="3106" dir="1" index="3" bw="4" slack="0"/>
</pin_list>
<bind>
<opcode="select(49) " fcode="select"/>
<opset="select_ln167_18/1 "/>
</bind>
</comp>

<comp id="3111" class="1004" name="channeldata_V_19_fu_3111">
<pin_list>
<pin id="3112" dir="0" index="0" bw="4" slack="0"/>
<pin id="3113" dir="0" index="1" bw="256" slack="0"/>
<pin id="3114" dir="0" index="2" bw="8" slack="0"/>
<pin id="3115" dir="0" index="3" bw="8" slack="0"/>
<pin id="3116" dir="1" index="4" bw="4" slack="0"/>
</pin_list>
<bind>
<opcode="partselect(1002) " fcode="partselect"/>
<opset="channeldata_V_19/1 "/>
</bind>
</comp>

<comp id="3121" class="1004" name="icmp_ln1035_19_fu_3121">
<pin_list>
<pin id="3122" dir="0" index="0" bw="4" slack="0"/>
<pin id="3123" dir="0" index="1" bw="4" slack="0"/>
<pin id="3124" dir="1" index="2" bw="1" slack="0"/>
</pin_list>
<bind>
<opcode="icmp(45) " fcode="icmp"/>
<opset="icmp_ln1035_19/1 "/>
</bind>
</comp>

<comp id="3127" class="1004" name="select_ln167_19_fu_3127">
<pin_list>
<pin id="3128" dir="0" index="0" bw="1" slack="0"/>
<pin id="3129" dir="0" index="1" bw="4" slack="0"/>
<pin id="3130" dir="0" index="2" bw="4" slack="0"/>
<pin id="3131" dir="1" index="3" bw="4" slack="0"/>
</pin_list>
<bind>
<opcode="select(49) " fcode="select"/>
<opset="select_ln167_19/1 "/>
</bind>
</comp>

<comp id="3136" class="1004" name="channeldata_V_20_fu_3136">
<pin_list>
<pin id="3137" dir="0" index="0" bw="4" slack="0"/>
<pin id="3138" dir="0" index="1" bw="256" slack="0"/>
<pin id="3139" dir="0" index="2" bw="8" slack="0"/>
<pin id="3140" dir="0" index="3" bw="8" slack="0"/>
<pin id="3141" dir="1" index="4" bw="4" slack="0"/>
</pin_list>
<bind>
<opcode="partselect(1002) " fcode="partselect"/>
<opset="channeldata_V_20/1 "/>
</bind>
</comp>

<comp id="3146" class="1004" name="icmp_ln1035_20_fu_3146">
<pin_list>
<pin id="3147" dir="0" index="0" bw="4" slack="0"/>
<pin id="3148" dir="0" index="1" bw="4" slack="0"/>
<pin id="3149" dir="1" index="2" bw="1" slack="0"/>
</pin_list>
<bind>
<opcode="icmp(45) " fcode="icmp"/>
<opset="icmp_ln1035_20/1 "/>
</bind>
</comp>

<comp id="3152" class="1004" name="select_ln167_20_fu_3152">
<pin_list>
<pin id="3153" dir="0" index="0" bw="1" slack="0"/>
<pin id="3154" dir="0" index="1" bw="4" slack="0"/>
<pin id="3155" dir="0" index="2" bw="4" slack="0"/>
<pin id="3156" dir="1" index="3" bw="4" slack="0"/>
</pin_list>
<bind>
<opcode="select(49) " fcode="select"/>
<opset="select_ln167_20/1 "/>
</bind>
</comp>

<comp id="3161" class="1004" name="channeldata_V_21_fu_3161">
<pin_list>
<pin id="3162" dir="0" index="0" bw="4" slack="0"/>
<pin id="3163" dir="0" index="1" bw="256" slack="0"/>
<pin id="3164" dir="0" index="2" bw="8" slack="0"/>
<pin id="3165" dir="0" index="3" bw="8" slack="0"/>
<pin id="3166" dir="1" index="4" bw="4" slack="0"/>
</pin_list>
<bind>
<opcode="partselect(1002) " fcode="partselect"/>
<opset="channeldata_V_21/1 "/>
</bind>
</comp>

<comp id="3171" class="1004" name="icmp_ln1035_21_fu_3171">
<pin_list>
<pin id="3172" dir="0" index="0" bw="4" slack="0"/>
<pin id="3173" dir="0" index="1" bw="4" slack="0"/>
<pin id="3174" dir="1" index="2" bw="1" slack="0"/>
</pin_list>
<bind>
<opcode="icmp(45) " fcode="icmp"/>
<opset="icmp_ln1035_21/1 "/>
</bind>
</comp>

<comp id="3177" class="1004" name="select_ln167_21_fu_3177">
<pin_list>
<pin id="3178" dir="0" index="0" bw="1" slack="0"/>
<pin id="3179" dir="0" index="1" bw="4" slack="0"/>
<pin id="3180" dir="0" index="2" bw="4" slack="0"/>
<pin id="3181" dir="1" index="3" bw="4" slack="0"/>
</pin_list>
<bind>
<opcode="select(49) " fcode="select"/>
<opset="select_ln167_21/1 "/>
</bind>
</comp>

<comp id="3186" class="1004" name="channeldata_V_22_fu_3186">
<pin_list>
<pin id="3187" dir="0" index="0" bw="4" slack="0"/>
<pin id="3188" dir="0" index="1" bw="256" slack="0"/>
<pin id="3189" dir="0" index="2" bw="8" slack="0"/>
<pin id="3190" dir="0" index="3" bw="8" slack="0"/>
<pin id="3191" dir="1" index="4" bw="4" slack="0"/>
</pin_list>
<bind>
<opcode="partselect(1002) " fcode="partselect"/>
<opset="channeldata_V_22/1 "/>
</bind>
</comp>

<comp id="3196" class="1004" name="icmp_ln1035_22_fu_3196">
<pin_list>
<pin id="3197" dir="0" index="0" bw="4" slack="0"/>
<pin id="3198" dir="0" index="1" bw="4" slack="0"/>
<pin id="3199" dir="1" index="2" bw="1" slack="0"/>
</pin_list>
<bind>
<opcode="icmp(45) " fcode="icmp"/>
<opset="icmp_ln1035_22/1 "/>
</bind>
</comp>

<comp id="3202" class="1004" name="select_ln167_22_fu_3202">
<pin_list>
<pin id="3203" dir="0" index="0" bw="1" slack="0"/>
<pin id="3204" dir="0" index="1" bw="4" slack="0"/>
<pin id="3205" dir="0" index="2" bw="4" slack="0"/>
<pin id="3206" dir="1" index="3" bw="4" slack="0"/>
</pin_list>
<bind>
<opcode="select(49) " fcode="select"/>
<opset="select_ln167_22/1 "/>
</bind>
</comp>

<comp id="3211" class="1004" name="channeldata_V_23_fu_3211">
<pin_list>
<pin id="3212" dir="0" index="0" bw="4" slack="0"/>
<pin id="3213" dir="0" index="1" bw="256" slack="0"/>
<pin id="3214" dir="0" index="2" bw="8" slack="0"/>
<pin id="3215" dir="0" index="3" bw="8" slack="0"/>
<pin id="3216" dir="1" index="4" bw="4" slack="0"/>
</pin_list>
<bind>
<opcode="partselect(1002) " fcode="partselect"/>
<opset="channeldata_V_23/1 "/>
</bind>
</comp>

<comp id="3221" class="1004" name="icmp_ln1035_23_fu_3221">
<pin_list>
<pin id="3222" dir="0" index="0" bw="4" slack="0"/>
<pin id="3223" dir="0" index="1" bw="4" slack="0"/>
<pin id="3224" dir="1" index="2" bw="1" slack="0"/>
</pin_list>
<bind>
<opcode="icmp(45) " fcode="icmp"/>
<opset="icmp_ln1035_23/1 "/>
</bind>
</comp>

<comp id="3227" class="1004" name="select_ln167_23_fu_3227">
<pin_list>
<pin id="3228" dir="0" index="0" bw="1" slack="0"/>
<pin id="3229" dir="0" index="1" bw="4" slack="0"/>
<pin id="3230" dir="0" index="2" bw="4" slack="0"/>
<pin id="3231" dir="1" index="3" bw="4" slack="0"/>
</pin_list>
<bind>
<opcode="select(49) " fcode="select"/>
<opset="select_ln167_23/1 "/>
</bind>
</comp>

<comp id="3236" class="1004" name="channeldata_V_24_fu_3236">
<pin_list>
<pin id="3237" dir="0" index="0" bw="4" slack="0"/>
<pin id="3238" dir="0" index="1" bw="256" slack="0"/>
<pin id="3239" dir="0" index="2" bw="8" slack="0"/>
<pin id="3240" dir="0" index="3" bw="8" slack="0"/>
<pin id="3241" dir="1" index="4" bw="4" slack="0"/>
</pin_list>
<bind>
<opcode="partselect(1002) " fcode="partselect"/>
<opset="channeldata_V_24/1 "/>
</bind>
</comp>

<comp id="3246" class="1004" name="icmp_ln1035_24_fu_3246">
<pin_list>
<pin id="3247" dir="0" index="0" bw="4" slack="0"/>
<pin id="3248" dir="0" index="1" bw="4" slack="0"/>
<pin id="3249" dir="1" index="2" bw="1" slack="0"/>
</pin_list>
<bind>
<opcode="icmp(45) " fcode="icmp"/>
<opset="icmp_ln1035_24/1 "/>
</bind>
</comp>

<comp id="3252" class="1004" name="select_ln167_24_fu_3252">
<pin_list>
<pin id="3253" dir="0" index="0" bw="1" slack="0"/>
<pin id="3254" dir="0" index="1" bw="4" slack="0"/>
<pin id="3255" dir="0" index="2" bw="4" slack="0"/>
<pin id="3256" dir="1" index="3" bw="4" slack="0"/>
</pin_list>
<bind>
<opcode="select(49) " fcode="select"/>
<opset="select_ln167_24/1 "/>
</bind>
</comp>

<comp id="3261" class="1004" name="channeldata_V_25_fu_3261">
<pin_list>
<pin id="3262" dir="0" index="0" bw="4" slack="0"/>
<pin id="3263" dir="0" index="1" bw="256" slack="0"/>
<pin id="3264" dir="0" index="2" bw="8" slack="0"/>
<pin id="3265" dir="0" index="3" bw="8" slack="0"/>
<pin id="3266" dir="1" index="4" bw="4" slack="0"/>
</pin_list>
<bind>
<opcode="partselect(1002) " fcode="partselect"/>
<opset="channeldata_V_25/1 "/>
</bind>
</comp>

<comp id="3271" class="1004" name="icmp_ln1035_25_fu_3271">
<pin_list>
<pin id="3272" dir="0" index="0" bw="4" slack="0"/>
<pin id="3273" dir="0" index="1" bw="4" slack="0"/>
<pin id="3274" dir="1" index="2" bw="1" slack="0"/>
</pin_list>
<bind>
<opcode="icmp(45) " fcode="icmp"/>
<opset="icmp_ln1035_25/1 "/>
</bind>
</comp>

<comp id="3277" class="1004" name="select_ln167_25_fu_3277">
<pin_list>
<pin id="3278" dir="0" index="0" bw="1" slack="0"/>
<pin id="3279" dir="0" index="1" bw="4" slack="0"/>
<pin id="3280" dir="0" index="2" bw="4" slack="0"/>
<pin id="3281" dir="1" index="3" bw="4" slack="0"/>
</pin_list>
<bind>
<opcode="select(49) " fcode="select"/>
<opset="select_ln167_25/1 "/>
</bind>
</comp>

<comp id="3286" class="1004" name="channeldata_V_26_fu_3286">
<pin_list>
<pin id="3287" dir="0" index="0" bw="4" slack="0"/>
<pin id="3288" dir="0" index="1" bw="256" slack="0"/>
<pin id="3289" dir="0" index="2" bw="8" slack="0"/>
<pin id="3290" dir="0" index="3" bw="8" slack="0"/>
<pin id="3291" dir="1" index="4" bw="4" slack="0"/>
</pin_list>
<bind>
<opcode="partselect(1002) " fcode="partselect"/>
<opset="channeldata_V_26/1 "/>
</bind>
</comp>

<comp id="3296" class="1004" name="icmp_ln1035_26_fu_3296">
<pin_list>
<pin id="3297" dir="0" index="0" bw="4" slack="0"/>
<pin id="3298" dir="0" index="1" bw="4" slack="0"/>
<pin id="3299" dir="1" index="2" bw="1" slack="0"/>
</pin_list>
<bind>
<opcode="icmp(45) " fcode="icmp"/>
<opset="icmp_ln1035_26/1 "/>
</bind>
</comp>

<comp id="3302" class="1004" name="select_ln167_26_fu_3302">
<pin_list>
<pin id="3303" dir="0" index="0" bw="1" slack="0"/>
<pin id="3304" dir="0" index="1" bw="4" slack="0"/>
<pin id="3305" dir="0" index="2" bw="4" slack="0"/>
<pin id="3306" dir="1" index="3" bw="4" slack="0"/>
</pin_list>
<bind>
<opcode="select(49) " fcode="select"/>
<opset="select_ln167_26/1 "/>
</bind>
</comp>

<comp id="3311" class="1004" name="channeldata_V_27_fu_3311">
<pin_list>
<pin id="3312" dir="0" index="0" bw="4" slack="0"/>
<pin id="3313" dir="0" index="1" bw="256" slack="0"/>
<pin id="3314" dir="0" index="2" bw="8" slack="0"/>
<pin id="3315" dir="0" index="3" bw="8" slack="0"/>
<pin id="3316" dir="1" index="4" bw="4" slack="0"/>
</pin_list>
<bind>
<opcode="partselect(1002) " fcode="partselect"/>
<opset="channeldata_V_27/1 "/>
</bind>
</comp>

<comp id="3321" class="1004" name="icmp_ln1035_27_fu_3321">
<pin_list>
<pin id="3322" dir="0" index="0" bw="4" slack="0"/>
<pin id="3323" dir="0" index="1" bw="4" slack="0"/>
<pin id="3324" dir="1" index="2" bw="1" slack="0"/>
</pin_list>
<bind>
<opcode="icmp(45) " fcode="icmp"/>
<opset="icmp_ln1035_27/1 "/>
</bind>
</comp>

<comp id="3327" class="1004" name="select_ln167_27_fu_3327">
<pin_list>
<pin id="3328" dir="0" index="0" bw="1" slack="0"/>
<pin id="3329" dir="0" index="1" bw="4" slack="0"/>
<pin id="3330" dir="0" index="2" bw="4" slack="0"/>
<pin id="3331" dir="1" index="3" bw="4" slack="0"/>
</pin_list>
<bind>
<opcode="select(49) " fcode="select"/>
<opset="select_ln167_27/1 "/>
</bind>
</comp>

<comp id="3336" class="1004" name="channeldata_V_28_fu_3336">
<pin_list>
<pin id="3337" dir="0" index="0" bw="4" slack="0"/>
<pin id="3338" dir="0" index="1" bw="256" slack="0"/>
<pin id="3339" dir="0" index="2" bw="8" slack="0"/>
<pin id="3340" dir="0" index="3" bw="8" slack="0"/>
<pin id="3341" dir="1" index="4" bw="4" slack="0"/>
</pin_list>
<bind>
<opcode="partselect(1002) " fcode="partselect"/>
<opset="channeldata_V_28/1 "/>
</bind>
</comp>

<comp id="3346" class="1004" name="icmp_ln1035_28_fu_3346">
<pin_list>
<pin id="3347" dir="0" index="0" bw="4" slack="0"/>
<pin id="3348" dir="0" index="1" bw="4" slack="0"/>
<pin id="3349" dir="1" index="2" bw="1" slack="0"/>
</pin_list>
<bind>
<opcode="icmp(45) " fcode="icmp"/>
<opset="icmp_ln1035_28/1 "/>
</bind>
</comp>

<comp id="3352" class="1004" name="select_ln167_28_fu_3352">
<pin_list>
<pin id="3353" dir="0" index="0" bw="1" slack="0"/>
<pin id="3354" dir="0" index="1" bw="4" slack="0"/>
<pin id="3355" dir="0" index="2" bw="4" slack="0"/>
<pin id="3356" dir="1" index="3" bw="4" slack="0"/>
</pin_list>
<bind>
<opcode="select(49) " fcode="select"/>
<opset="select_ln167_28/1 "/>
</bind>
</comp>

<comp id="3361" class="1004" name="channeldata_V_29_fu_3361">
<pin_list>
<pin id="3362" dir="0" index="0" bw="4" slack="0"/>
<pin id="3363" dir="0" index="1" bw="256" slack="0"/>
<pin id="3364" dir="0" index="2" bw="8" slack="0"/>
<pin id="3365" dir="0" index="3" bw="8" slack="0"/>
<pin id="3366" dir="1" index="4" bw="4" slack="0"/>
</pin_list>
<bind>
<opcode="partselect(1002) " fcode="partselect"/>
<opset="channeldata_V_29/1 "/>
</bind>
</comp>

<comp id="3371" class="1004" name="icmp_ln1035_29_fu_3371">
<pin_list>
<pin id="3372" dir="0" index="0" bw="4" slack="0"/>
<pin id="3373" dir="0" index="1" bw="4" slack="0"/>
<pin id="3374" dir="1" index="2" bw="1" slack="0"/>
</pin_list>
<bind>
<opcode="icmp(45) " fcode="icmp"/>
<opset="icmp_ln1035_29/1 "/>
</bind>
</comp>

<comp id="3377" class="1004" name="select_ln167_29_fu_3377">
<pin_list>
<pin id="3378" dir="0" index="0" bw="1" slack="0"/>
<pin id="3379" dir="0" index="1" bw="4" slack="0"/>
<pin id="3380" dir="0" index="2" bw="4" slack="0"/>
<pin id="3381" dir="1" index="3" bw="4" slack="0"/>
</pin_list>
<bind>
<opcode="select(49) " fcode="select"/>
<opset="select_ln167_29/1 "/>
</bind>
</comp>

<comp id="3386" class="1004" name="channeldata_V_30_fu_3386">
<pin_list>
<pin id="3387" dir="0" index="0" bw="4" slack="0"/>
<pin id="3388" dir="0" index="1" bw="256" slack="0"/>
<pin id="3389" dir="0" index="2" bw="8" slack="0"/>
<pin id="3390" dir="0" index="3" bw="8" slack="0"/>
<pin id="3391" dir="1" index="4" bw="4" slack="0"/>
</pin_list>
<bind>
<opcode="partselect(1002) " fcode="partselect"/>
<opset="channeldata_V_30/1 "/>
</bind>
</comp>

<comp id="3396" class="1004" name="icmp_ln1035_30_fu_3396">
<pin_list>
<pin id="3397" dir="0" index="0" bw="4" slack="0"/>
<pin id="3398" dir="0" index="1" bw="4" slack="0"/>
<pin id="3399" dir="1" index="2" bw="1" slack="0"/>
</pin_list>
<bind>
<opcode="icmp(45) " fcode="icmp"/>
<opset="icmp_ln1035_30/1 "/>
</bind>
</comp>

<comp id="3402" class="1004" name="select_ln167_30_fu_3402">
<pin_list>
<pin id="3403" dir="0" index="0" bw="1" slack="0"/>
<pin id="3404" dir="0" index="1" bw="4" slack="0"/>
<pin id="3405" dir="0" index="2" bw="4" slack="0"/>
<pin id="3406" dir="1" index="3" bw="4" slack="0"/>
</pin_list>
<bind>
<opcode="select(49) " fcode="select"/>
<opset="select_ln167_30/1 "/>
</bind>
</comp>

<comp id="3411" class="1004" name="channeldata_V_31_fu_3411">
<pin_list>
<pin id="3412" dir="0" index="0" bw="4" slack="0"/>
<pin id="3413" dir="0" index="1" bw="256" slack="0"/>
<pin id="3414" dir="0" index="2" bw="8" slack="0"/>
<pin id="3415" dir="0" index="3" bw="8" slack="0"/>
<pin id="3416" dir="1" index="4" bw="4" slack="0"/>
</pin_list>
<bind>
<opcode="partselect(1002) " fcode="partselect"/>
<opset="channeldata_V_31/1 "/>
</bind>
</comp>

<comp id="3421" class="1004" name="icmp_ln1035_31_fu_3421">
<pin_list>
<pin id="3422" dir="0" index="0" bw="4" slack="0"/>
<pin id="3423" dir="0" index="1" bw="4" slack="0"/>
<pin id="3424" dir="1" index="2" bw="1" slack="0"/>
</pin_list>
<bind>
<opcode="icmp(45) " fcode="icmp"/>
<opset="icmp_ln1035_31/1 "/>
</bind>
</comp>

<comp id="3427" class="1004" name="select_ln167_31_fu_3427">
<pin_list>
<pin id="3428" dir="0" index="0" bw="1" slack="0"/>
<pin id="3429" dir="0" index="1" bw="4" slack="0"/>
<pin id="3430" dir="0" index="2" bw="4" slack="0"/>
<pin id="3431" dir="1" index="3" bw="4" slack="0"/>
</pin_list>
<bind>
<opcode="select(49) " fcode="select"/>
<opset="select_ln167_31/1 "/>
</bind>
</comp>

<comp id="3436" class="1004" name="channeldata_V_32_fu_3436">
<pin_list>
<pin id="3437" dir="0" index="0" bw="4" slack="0"/>
<pin id="3438" dir="0" index="1" bw="256" slack="0"/>
<pin id="3439" dir="0" index="2" bw="9" slack="0"/>
<pin id="3440" dir="0" index="3" bw="9" slack="0"/>
<pin id="3441" dir="1" index="4" bw="4" slack="0"/>
</pin_list>
<bind>
<opcode="partselect(1002) " fcode="partselect"/>
<opset="channeldata_V_32/1 "/>
</bind>
</comp>

<comp id="3446" class="1004" name="icmp_ln1035_32_fu_3446">
<pin_list>
<pin id="3447" dir="0" index="0" bw="4" slack="0"/>
<pin id="3448" dir="0" index="1" bw="4" slack="0"/>
<pin id="3449" dir="1" index="2" bw="1" slack="0"/>
</pin_list>
<bind>
<opcode="icmp(45) " fcode="icmp"/>
<opset="icmp_ln1035_32/1 "/>
</bind>
</comp>

<comp id="3452" class="1004" name="select_ln167_32_fu_3452">
<pin_list>
<pin id="3453" dir="0" index="0" bw="1" slack="0"/>
<pin id="3454" dir="0" index="1" bw="4" slack="0"/>
<pin id="3455" dir="0" index="2" bw="4" slack="0"/>
<pin id="3456" dir="1" index="3" bw="4" slack="0"/>
</pin_list>
<bind>
<opcode="select(49) " fcode="select"/>
<opset="select_ln167_32/1 "/>
</bind>
</comp>

<comp id="3461" class="1004" name="channeldata_V_33_fu_3461">
<pin_list>
<pin id="3462" dir="0" index="0" bw="4" slack="0"/>
<pin id="3463" dir="0" index="1" bw="256" slack="0"/>
<pin id="3464" dir="0" index="2" bw="9" slack="0"/>
<pin id="3465" dir="0" index="3" bw="9" slack="0"/>
<pin id="3466" dir="1" index="4" bw="4" slack="0"/>
</pin_list>
<bind>
<opcode="partselect(1002) " fcode="partselect"/>
<opset="channeldata_V_33/1 "/>
</bind>
</comp>

<comp id="3471" class="1004" name="icmp_ln1035_33_fu_3471">
<pin_list>
<pin id="3472" dir="0" index="0" bw="4" slack="0"/>
<pin id="3473" dir="0" index="1" bw="4" slack="0"/>
<pin id="3474" dir="1" index="2" bw="1" slack="0"/>
</pin_list>
<bind>
<opcode="icmp(45) " fcode="icmp"/>
<opset="icmp_ln1035_33/1 "/>
</bind>
</comp>

<comp id="3477" class="1004" name="select_ln167_33_fu_3477">
<pin_list>
<pin id="3478" dir="0" index="0" bw="1" slack="0"/>
<pin id="3479" dir="0" index="1" bw="4" slack="0"/>
<pin id="3480" dir="0" index="2" bw="4" slack="0"/>
<pin id="3481" dir="1" index="3" bw="4" slack="0"/>
</pin_list>
<bind>
<opcode="select(49) " fcode="select"/>
<opset="select_ln167_33/1 "/>
</bind>
</comp>

<comp id="3486" class="1004" name="channeldata_V_34_fu_3486">
<pin_list>
<pin id="3487" dir="0" index="0" bw="4" slack="0"/>
<pin id="3488" dir="0" index="1" bw="256" slack="0"/>
<pin id="3489" dir="0" index="2" bw="9" slack="0"/>
<pin id="3490" dir="0" index="3" bw="9" slack="0"/>
<pin id="3491" dir="1" index="4" bw="4" slack="0"/>
</pin_list>
<bind>
<opcode="partselect(1002) " fcode="partselect"/>
<opset="channeldata_V_34/1 "/>
</bind>
</comp>

<comp id="3496" class="1004" name="icmp_ln1035_34_fu_3496">
<pin_list>
<pin id="3497" dir="0" index="0" bw="4" slack="0"/>
<pin id="3498" dir="0" index="1" bw="4" slack="0"/>
<pin id="3499" dir="1" index="2" bw="1" slack="0"/>
</pin_list>
<bind>
<opcode="icmp(45) " fcode="icmp"/>
<opset="icmp_ln1035_34/1 "/>
</bind>
</comp>

<comp id="3502" class="1004" name="select_ln167_34_fu_3502">
<pin_list>
<pin id="3503" dir="0" index="0" bw="1" slack="0"/>
<pin id="3504" dir="0" index="1" bw="4" slack="0"/>
<pin id="3505" dir="0" index="2" bw="4" slack="0"/>
<pin id="3506" dir="1" index="3" bw="4" slack="0"/>
</pin_list>
<bind>
<opcode="select(49) " fcode="select"/>
<opset="select_ln167_34/1 "/>
</bind>
</comp>

<comp id="3511" class="1004" name="channeldata_V_35_fu_3511">
<pin_list>
<pin id="3512" dir="0" index="0" bw="4" slack="0"/>
<pin id="3513" dir="0" index="1" bw="256" slack="0"/>
<pin id="3514" dir="0" index="2" bw="9" slack="0"/>
<pin id="3515" dir="0" index="3" bw="9" slack="0"/>
<pin id="3516" dir="1" index="4" bw="4" slack="0"/>
</pin_list>
<bind>
<opcode="partselect(1002) " fcode="partselect"/>
<opset="channeldata_V_35/1 "/>
</bind>
</comp>

<comp id="3521" class="1004" name="icmp_ln1035_35_fu_3521">
<pin_list>
<pin id="3522" dir="0" index="0" bw="4" slack="0"/>
<pin id="3523" dir="0" index="1" bw="4" slack="0"/>
<pin id="3524" dir="1" index="2" bw="1" slack="0"/>
</pin_list>
<bind>
<opcode="icmp(45) " fcode="icmp"/>
<opset="icmp_ln1035_35/1 "/>
</bind>
</comp>

<comp id="3527" class="1004" name="select_ln167_35_fu_3527">
<pin_list>
<pin id="3528" dir="0" index="0" bw="1" slack="0"/>
<pin id="3529" dir="0" index="1" bw="4" slack="0"/>
<pin id="3530" dir="0" index="2" bw="4" slack="0"/>
<pin id="3531" dir="1" index="3" bw="4" slack="0"/>
</pin_list>
<bind>
<opcode="select(49) " fcode="select"/>
<opset="select_ln167_35/1 "/>
</bind>
</comp>

<comp id="3536" class="1004" name="channeldata_V_36_fu_3536">
<pin_list>
<pin id="3537" dir="0" index="0" bw="4" slack="0"/>
<pin id="3538" dir="0" index="1" bw="256" slack="0"/>
<pin id="3539" dir="0" index="2" bw="9" slack="0"/>
<pin id="3540" dir="0" index="3" bw="9" slack="0"/>
<pin id="3541" dir="1" index="4" bw="4" slack="0"/>
</pin_list>
<bind>
<opcode="partselect(1002) " fcode="partselect"/>
<opset="channeldata_V_36/1 "/>
</bind>
</comp>

<comp id="3546" class="1004" name="icmp_ln1035_36_fu_3546">
<pin_list>
<pin id="3547" dir="0" index="0" bw="4" slack="0"/>
<pin id="3548" dir="0" index="1" bw="4" slack="0"/>
<pin id="3549" dir="1" index="2" bw="1" slack="0"/>
</pin_list>
<bind>
<opcode="icmp(45) " fcode="icmp"/>
<opset="icmp_ln1035_36/1 "/>
</bind>
</comp>

<comp id="3552" class="1004" name="select_ln167_36_fu_3552">
<pin_list>
<pin id="3553" dir="0" index="0" bw="1" slack="0"/>
<pin id="3554" dir="0" index="1" bw="4" slack="0"/>
<pin id="3555" dir="0" index="2" bw="4" slack="0"/>
<pin id="3556" dir="1" index="3" bw="4" slack="0"/>
</pin_list>
<bind>
<opcode="select(49) " fcode="select"/>
<opset="select_ln167_36/1 "/>
</bind>
</comp>

<comp id="3561" class="1004" name="channeldata_V_37_fu_3561">
<pin_list>
<pin id="3562" dir="0" index="0" bw="4" slack="0"/>
<pin id="3563" dir="0" index="1" bw="256" slack="0"/>
<pin id="3564" dir="0" index="2" bw="9" slack="0"/>
<pin id="3565" dir="0" index="3" bw="9" slack="0"/>
<pin id="3566" dir="1" index="4" bw="4" slack="0"/>
</pin_list>
<bind>
<opcode="partselect(1002) " fcode="partselect"/>
<opset="channeldata_V_37/1 "/>
</bind>
</comp>

<comp id="3571" class="1004" name="icmp_ln1035_37_fu_3571">
<pin_list>
<pin id="3572" dir="0" index="0" bw="4" slack="0"/>
<pin id="3573" dir="0" index="1" bw="4" slack="0"/>
<pin id="3574" dir="1" index="2" bw="1" slack="0"/>
</pin_list>
<bind>
<opcode="icmp(45) " fcode="icmp"/>
<opset="icmp_ln1035_37/1 "/>
</bind>
</comp>

<comp id="3577" class="1004" name="select_ln167_37_fu_3577">
<pin_list>
<pin id="3578" dir="0" index="0" bw="1" slack="0"/>
<pin id="3579" dir="0" index="1" bw="4" slack="0"/>
<pin id="3580" dir="0" index="2" bw="4" slack="0"/>
<pin id="3581" dir="1" index="3" bw="4" slack="0"/>
</pin_list>
<bind>
<opcode="select(49) " fcode="select"/>
<opset="select_ln167_37/1 "/>
</bind>
</comp>

<comp id="3586" class="1004" name="channeldata_V_38_fu_3586">
<pin_list>
<pin id="3587" dir="0" index="0" bw="4" slack="0"/>
<pin id="3588" dir="0" index="1" bw="256" slack="0"/>
<pin id="3589" dir="0" index="2" bw="9" slack="0"/>
<pin id="3590" dir="0" index="3" bw="9" slack="0"/>
<pin id="3591" dir="1" index="4" bw="4" slack="0"/>
</pin_list>
<bind>
<opcode="partselect(1002) " fcode="partselect"/>
<opset="channeldata_V_38/1 "/>
</bind>
</comp>

<comp id="3596" class="1004" name="icmp_ln1035_38_fu_3596">
<pin_list>
<pin id="3597" dir="0" index="0" bw="4" slack="0"/>
<pin id="3598" dir="0" index="1" bw="4" slack="0"/>
<pin id="3599" dir="1" index="2" bw="1" slack="0"/>
</pin_list>
<bind>
<opcode="icmp(45) " fcode="icmp"/>
<opset="icmp_ln1035_38/1 "/>
</bind>
</comp>

<comp id="3602" class="1004" name="select_ln167_38_fu_3602">
<pin_list>
<pin id="3603" dir="0" index="0" bw="1" slack="0"/>
<pin id="3604" dir="0" index="1" bw="4" slack="0"/>
<pin id="3605" dir="0" index="2" bw="4" slack="0"/>
<pin id="3606" dir="1" index="3" bw="4" slack="0"/>
</pin_list>
<bind>
<opcode="select(49) " fcode="select"/>
<opset="select_ln167_38/1 "/>
</bind>
</comp>

<comp id="3611" class="1004" name="channeldata_V_39_fu_3611">
<pin_list>
<pin id="3612" dir="0" index="0" bw="4" slack="0"/>
<pin id="3613" dir="0" index="1" bw="256" slack="0"/>
<pin id="3614" dir="0" index="2" bw="9" slack="0"/>
<pin id="3615" dir="0" index="3" bw="9" slack="0"/>
<pin id="3616" dir="1" index="4" bw="4" slack="0"/>
</pin_list>
<bind>
<opcode="partselect(1002) " fcode="partselect"/>
<opset="channeldata_V_39/1 "/>
</bind>
</comp>

<comp id="3621" class="1004" name="icmp_ln1035_39_fu_3621">
<pin_list>
<pin id="3622" dir="0" index="0" bw="4" slack="0"/>
<pin id="3623" dir="0" index="1" bw="4" slack="0"/>
<pin id="3624" dir="1" index="2" bw="1" slack="0"/>
</pin_list>
<bind>
<opcode="icmp(45) " fcode="icmp"/>
<opset="icmp_ln1035_39/1 "/>
</bind>
</comp>

<comp id="3627" class="1004" name="select_ln167_39_fu_3627">
<pin_list>
<pin id="3628" dir="0" index="0" bw="1" slack="0"/>
<pin id="3629" dir="0" index="1" bw="4" slack="0"/>
<pin id="3630" dir="0" index="2" bw="4" slack="0"/>
<pin id="3631" dir="1" index="3" bw="4" slack="0"/>
</pin_list>
<bind>
<opcode="select(49) " fcode="select"/>
<opset="select_ln167_39/1 "/>
</bind>
</comp>

<comp id="3636" class="1004" name="channeldata_V_40_fu_3636">
<pin_list>
<pin id="3637" dir="0" index="0" bw="4" slack="0"/>
<pin id="3638" dir="0" index="1" bw="256" slack="0"/>
<pin id="3639" dir="0" index="2" bw="9" slack="0"/>
<pin id="3640" dir="0" index="3" bw="9" slack="0"/>
<pin id="3641" dir="1" index="4" bw="4" slack="0"/>
</pin_list>
<bind>
<opcode="partselect(1002) " fcode="partselect"/>
<opset="channeldata_V_40/1 "/>
</bind>
</comp>

<comp id="3646" class="1004" name="icmp_ln1035_40_fu_3646">
<pin_list>
<pin id="3647" dir="0" index="0" bw="4" slack="0"/>
<pin id="3648" dir="0" index="1" bw="4" slack="0"/>
<pin id="3649" dir="1" index="2" bw="1" slack="0"/>
</pin_list>
<bind>
<opcode="icmp(45) " fcode="icmp"/>
<opset="icmp_ln1035_40/1 "/>
</bind>
</comp>

<comp id="3652" class="1004" name="select_ln167_40_fu_3652">
<pin_list>
<pin id="3653" dir="0" index="0" bw="1" slack="0"/>
<pin id="3654" dir="0" index="1" bw="4" slack="0"/>
<pin id="3655" dir="0" index="2" bw="4" slack="0"/>
<pin id="3656" dir="1" index="3" bw="4" slack="0"/>
</pin_list>
<bind>
<opcode="select(49) " fcode="select"/>
<opset="select_ln167_40/1 "/>
</bind>
</comp>

<comp id="3661" class="1004" name="channeldata_V_41_fu_3661">
<pin_list>
<pin id="3662" dir="0" index="0" bw="4" slack="0"/>
<pin id="3663" dir="0" index="1" bw="256" slack="0"/>
<pin id="3664" dir="0" index="2" bw="9" slack="0"/>
<pin id="3665" dir="0" index="3" bw="9" slack="0"/>
<pin id="3666" dir="1" index="4" bw="4" slack="0"/>
</pin_list>
<bind>
<opcode="partselect(1002) " fcode="partselect"/>
<opset="channeldata_V_41/1 "/>
</bind>
</comp>

<comp id="3671" class="1004" name="icmp_ln1035_41_fu_3671">
<pin_list>
<pin id="3672" dir="0" index="0" bw="4" slack="0"/>
<pin id="3673" dir="0" index="1" bw="4" slack="0"/>
<pin id="3674" dir="1" index="2" bw="1" slack="0"/>
</pin_list>
<bind>
<opcode="icmp(45) " fcode="icmp"/>
<opset="icmp_ln1035_41/1 "/>
</bind>
</comp>

<comp id="3677" class="1004" name="select_ln167_41_fu_3677">
<pin_list>
<pin id="3678" dir="0" index="0" bw="1" slack="0"/>
<pin id="3679" dir="0" index="1" bw="4" slack="0"/>
<pin id="3680" dir="0" index="2" bw="4" slack="0"/>
<pin id="3681" dir="1" index="3" bw="4" slack="0"/>
</pin_list>
<bind>
<opcode="select(49) " fcode="select"/>
<opset="select_ln167_41/1 "/>
</bind>
</comp>

<comp id="3686" class="1004" name="channeldata_V_42_fu_3686">
<pin_list>
<pin id="3687" dir="0" index="0" bw="4" slack="0"/>
<pin id="3688" dir="0" index="1" bw="256" slack="0"/>
<pin id="3689" dir="0" index="2" bw="9" slack="0"/>
<pin id="3690" dir="0" index="3" bw="9" slack="0"/>
<pin id="3691" dir="1" index="4" bw="4" slack="0"/>
</pin_list>
<bind>
<opcode="partselect(1002) " fcode="partselect"/>
<opset="channeldata_V_42/1 "/>
</bind>
</comp>

<comp id="3696" class="1004" name="icmp_ln1035_42_fu_3696">
<pin_list>
<pin id="3697" dir="0" index="0" bw="4" slack="0"/>
<pin id="3698" dir="0" index="1" bw="4" slack="0"/>
<pin id="3699" dir="1" index="2" bw="1" slack="0"/>
</pin_list>
<bind>
<opcode="icmp(45) " fcode="icmp"/>
<opset="icmp_ln1035_42/1 "/>
</bind>
</comp>

<comp id="3702" class="1004" name="select_ln167_42_fu_3702">
<pin_list>
<pin id="3703" dir="0" index="0" bw="1" slack="0"/>
<pin id="3704" dir="0" index="1" bw="4" slack="0"/>
<pin id="3705" dir="0" index="2" bw="4" slack="0"/>
<pin id="3706" dir="1" index="3" bw="4" slack="0"/>
</pin_list>
<bind>
<opcode="select(49) " fcode="select"/>
<opset="select_ln167_42/1 "/>
</bind>
</comp>

<comp id="3711" class="1004" name="channeldata_V_43_fu_3711">
<pin_list>
<pin id="3712" dir="0" index="0" bw="4" slack="0"/>
<pin id="3713" dir="0" index="1" bw="256" slack="0"/>
<pin id="3714" dir="0" index="2" bw="9" slack="0"/>
<pin id="3715" dir="0" index="3" bw="9" slack="0"/>
<pin id="3716" dir="1" index="4" bw="4" slack="0"/>
</pin_list>
<bind>
<opcode="partselect(1002) " fcode="partselect"/>
<opset="channeldata_V_43/1 "/>
</bind>
</comp>

<comp id="3721" class="1004" name="icmp_ln1035_43_fu_3721">
<pin_list>
<pin id="3722" dir="0" index="0" bw="4" slack="0"/>
<pin id="3723" dir="0" index="1" bw="4" slack="0"/>
<pin id="3724" dir="1" index="2" bw="1" slack="0"/>
</pin_list>
<bind>
<opcode="icmp(45) " fcode="icmp"/>
<opset="icmp_ln1035_43/1 "/>
</bind>
</comp>

<comp id="3727" class="1004" name="select_ln167_43_fu_3727">
<pin_list>
<pin id="3728" dir="0" index="0" bw="1" slack="0"/>
<pin id="3729" dir="0" index="1" bw="4" slack="0"/>
<pin id="3730" dir="0" index="2" bw="4" slack="0"/>
<pin id="3731" dir="1" index="3" bw="4" slack="0"/>
</pin_list>
<bind>
<opcode="select(49) " fcode="select"/>
<opset="select_ln167_43/1 "/>
</bind>
</comp>

<comp id="3736" class="1004" name="channeldata_V_44_fu_3736">
<pin_list>
<pin id="3737" dir="0" index="0" bw="4" slack="0"/>
<pin id="3738" dir="0" index="1" bw="256" slack="0"/>
<pin id="3739" dir="0" index="2" bw="9" slack="0"/>
<pin id="3740" dir="0" index="3" bw="9" slack="0"/>
<pin id="3741" dir="1" index="4" bw="4" slack="0"/>
</pin_list>
<bind>
<opcode="partselect(1002) " fcode="partselect"/>
<opset="channeldata_V_44/1 "/>
</bind>
</comp>

<comp id="3746" class="1004" name="icmp_ln1035_44_fu_3746">
<pin_list>
<pin id="3747" dir="0" index="0" bw="4" slack="0"/>
<pin id="3748" dir="0" index="1" bw="4" slack="0"/>
<pin id="3749" dir="1" index="2" bw="1" slack="0"/>
</pin_list>
<bind>
<opcode="icmp(45) " fcode="icmp"/>
<opset="icmp_ln1035_44/1 "/>
</bind>
</comp>

<comp id="3752" class="1004" name="select_ln167_44_fu_3752">
<pin_list>
<pin id="3753" dir="0" index="0" bw="1" slack="0"/>
<pin id="3754" dir="0" index="1" bw="4" slack="0"/>
<pin id="3755" dir="0" index="2" bw="4" slack="0"/>
<pin id="3756" dir="1" index="3" bw="4" slack="0"/>
</pin_list>
<bind>
<opcode="select(49) " fcode="select"/>
<opset="select_ln167_44/1 "/>
</bind>
</comp>

<comp id="3761" class="1004" name="channeldata_V_45_fu_3761">
<pin_list>
<pin id="3762" dir="0" index="0" bw="4" slack="0"/>
<pin id="3763" dir="0" index="1" bw="256" slack="0"/>
<pin id="3764" dir="0" index="2" bw="9" slack="0"/>
<pin id="3765" dir="0" index="3" bw="9" slack="0"/>
<pin id="3766" dir="1" index="4" bw="4" slack="0"/>
</pin_list>
<bind>
<opcode="partselect(1002) " fcode="partselect"/>
<opset="channeldata_V_45/1 "/>
</bind>
</comp>

<comp id="3771" class="1004" name="icmp_ln1035_45_fu_3771">
<pin_list>
<pin id="3772" dir="0" index="0" bw="4" slack="0"/>
<pin id="3773" dir="0" index="1" bw="4" slack="0"/>
<pin id="3774" dir="1" index="2" bw="1" slack="0"/>
</pin_list>
<bind>
<opcode="icmp(45) " fcode="icmp"/>
<opset="icmp_ln1035_45/1 "/>
</bind>
</comp>

<comp id="3777" class="1004" name="select_ln167_45_fu_3777">
<pin_list>
<pin id="3778" dir="0" index="0" bw="1" slack="0"/>
<pin id="3779" dir="0" index="1" bw="4" slack="0"/>
<pin id="3780" dir="0" index="2" bw="4" slack="0"/>
<pin id="3781" dir="1" index="3" bw="4" slack="0"/>
</pin_list>
<bind>
<opcode="select(49) " fcode="select"/>
<opset="select_ln167_45/1 "/>
</bind>
</comp>

<comp id="3786" class="1004" name="channeldata_V_46_fu_3786">
<pin_list>
<pin id="3787" dir="0" index="0" bw="4" slack="0"/>
<pin id="3788" dir="0" index="1" bw="256" slack="0"/>
<pin id="3789" dir="0" index="2" bw="9" slack="0"/>
<pin id="3790" dir="0" index="3" bw="9" slack="0"/>
<pin id="3791" dir="1" index="4" bw="4" slack="0"/>
</pin_list>
<bind>
<opcode="partselect(1002) " fcode="partselect"/>
<opset="channeldata_V_46/1 "/>
</bind>
</comp>

<comp id="3796" class="1004" name="icmp_ln1035_46_fu_3796">
<pin_list>
<pin id="3797" dir="0" index="0" bw="4" slack="0"/>
<pin id="3798" dir="0" index="1" bw="4" slack="0"/>
<pin id="3799" dir="1" index="2" bw="1" slack="0"/>
</pin_list>
<bind>
<opcode="icmp(45) " fcode="icmp"/>
<opset="icmp_ln1035_46/1 "/>
</bind>
</comp>

<comp id="3802" class="1004" name="select_ln167_46_fu_3802">
<pin_list>
<pin id="3803" dir="0" index="0" bw="1" slack="0"/>
<pin id="3804" dir="0" index="1" bw="4" slack="0"/>
<pin id="3805" dir="0" index="2" bw="4" slack="0"/>
<pin id="3806" dir="1" index="3" bw="4" slack="0"/>
</pin_list>
<bind>
<opcode="select(49) " fcode="select"/>
<opset="select_ln167_46/1 "/>
</bind>
</comp>

<comp id="3811" class="1004" name="channeldata_V_47_fu_3811">
<pin_list>
<pin id="3812" dir="0" index="0" bw="4" slack="0"/>
<pin id="3813" dir="0" index="1" bw="256" slack="0"/>
<pin id="3814" dir="0" index="2" bw="9" slack="0"/>
<pin id="3815" dir="0" index="3" bw="9" slack="0"/>
<pin id="3816" dir="1" index="4" bw="4" slack="0"/>
</pin_list>
<bind>
<opcode="partselect(1002) " fcode="partselect"/>
<opset="channeldata_V_47/1 "/>
</bind>
</comp>

<comp id="3821" class="1004" name="icmp_ln1035_47_fu_3821">
<pin_list>
<pin id="3822" dir="0" index="0" bw="4" slack="0"/>
<pin id="3823" dir="0" index="1" bw="4" slack="0"/>
<pin id="3824" dir="1" index="2" bw="1" slack="0"/>
</pin_list>
<bind>
<opcode="icmp(45) " fcode="icmp"/>
<opset="icmp_ln1035_47/1 "/>
</bind>
</comp>

<comp id="3827" class="1004" name="select_ln167_47_fu_3827">
<pin_list>
<pin id="3828" dir="0" index="0" bw="1" slack="0"/>
<pin id="3829" dir="0" index="1" bw="4" slack="0"/>
<pin id="3830" dir="0" index="2" bw="4" slack="0"/>
<pin id="3831" dir="1" index="3" bw="4" slack="0"/>
</pin_list>
<bind>
<opcode="select(49) " fcode="select"/>
<opset="select_ln167_47/1 "/>
</bind>
</comp>

<comp id="3836" class="1004" name="channeldata_V_48_fu_3836">
<pin_list>
<pin id="3837" dir="0" index="0" bw="4" slack="0"/>
<pin id="3838" dir="0" index="1" bw="256" slack="0"/>
<pin id="3839" dir="0" index="2" bw="9" slack="0"/>
<pin id="3840" dir="0" index="3" bw="9" slack="0"/>
<pin id="3841" dir="1" index="4" bw="4" slack="0"/>
</pin_list>
<bind>
<opcode="partselect(1002) " fcode="partselect"/>
<opset="channeldata_V_48/1 "/>
</bind>
</comp>

<comp id="3846" class="1004" name="icmp_ln1035_48_fu_3846">
<pin_list>
<pin id="3847" dir="0" index="0" bw="4" slack="0"/>
<pin id="3848" dir="0" index="1" bw="4" slack="0"/>
<pin id="3849" dir="1" index="2" bw="1" slack="0"/>
</pin_list>
<bind>
<opcode="icmp(45) " fcode="icmp"/>
<opset="icmp_ln1035_48/1 "/>
</bind>
</comp>

<comp id="3852" class="1004" name="select_ln167_48_fu_3852">
<pin_list>
<pin id="3853" dir="0" index="0" bw="1" slack="0"/>
<pin id="3854" dir="0" index="1" bw="4" slack="0"/>
<pin id="3855" dir="0" index="2" bw="4" slack="0"/>
<pin id="3856" dir="1" index="3" bw="4" slack="0"/>
</pin_list>
<bind>
<opcode="select(49) " fcode="select"/>
<opset="select_ln167_48/1 "/>
</bind>
</comp>

<comp id="3861" class="1004" name="channeldata_V_49_fu_3861">
<pin_list>
<pin id="3862" dir="0" index="0" bw="4" slack="0"/>
<pin id="3863" dir="0" index="1" bw="256" slack="0"/>
<pin id="3864" dir="0" index="2" bw="9" slack="0"/>
<pin id="3865" dir="0" index="3" bw="9" slack="0"/>
<pin id="3866" dir="1" index="4" bw="4" slack="0"/>
</pin_list>
<bind>
<opcode="partselect(1002) " fcode="partselect"/>
<opset="channeldata_V_49/1 "/>
</bind>
</comp>

<comp id="3871" class="1004" name="icmp_ln1035_49_fu_3871">
<pin_list>
<pin id="3872" dir="0" index="0" bw="4" slack="0"/>
<pin id="3873" dir="0" index="1" bw="4" slack="0"/>
<pin id="3874" dir="1" index="2" bw="1" slack="0"/>
</pin_list>
<bind>
<opcode="icmp(45) " fcode="icmp"/>
<opset="icmp_ln1035_49/1 "/>
</bind>
</comp>

<comp id="3877" class="1004" name="select_ln167_49_fu_3877">
<pin_list>
<pin id="3878" dir="0" index="0" bw="1" slack="0"/>
<pin id="3879" dir="0" index="1" bw="4" slack="0"/>
<pin id="3880" dir="0" index="2" bw="4" slack="0"/>
<pin id="3881" dir="1" index="3" bw="4" slack="0"/>
</pin_list>
<bind>
<opcode="select(49) " fcode="select"/>
<opset="select_ln167_49/1 "/>
</bind>
</comp>

<comp id="3886" class="1004" name="channeldata_V_50_fu_3886">
<pin_list>
<pin id="3887" dir="0" index="0" bw="4" slack="0"/>
<pin id="3888" dir="0" index="1" bw="256" slack="0"/>
<pin id="3889" dir="0" index="2" bw="9" slack="0"/>
<pin id="3890" dir="0" index="3" bw="9" slack="0"/>
<pin id="3891" dir="1" index="4" bw="4" slack="0"/>
</pin_list>
<bind>
<opcode="partselect(1002) " fcode="partselect"/>
<opset="channeldata_V_50/1 "/>
</bind>
</comp>

<comp id="3896" class="1004" name="icmp_ln1035_50_fu_3896">
<pin_list>
<pin id="3897" dir="0" index="0" bw="4" slack="0"/>
<pin id="3898" dir="0" index="1" bw="4" slack="0"/>
<pin id="3899" dir="1" index="2" bw="1" slack="0"/>
</pin_list>
<bind>
<opcode="icmp(45) " fcode="icmp"/>
<opset="icmp_ln1035_50/1 "/>
</bind>
</comp>

<comp id="3902" class="1004" name="select_ln167_50_fu_3902">
<pin_list>
<pin id="3903" dir="0" index="0" bw="1" slack="0"/>
<pin id="3904" dir="0" index="1" bw="4" slack="0"/>
<pin id="3905" dir="0" index="2" bw="4" slack="0"/>
<pin id="3906" dir="1" index="3" bw="4" slack="0"/>
</pin_list>
<bind>
<opcode="select(49) " fcode="select"/>
<opset="select_ln167_50/1 "/>
</bind>
</comp>

<comp id="3911" class="1004" name="channeldata_V_51_fu_3911">
<pin_list>
<pin id="3912" dir="0" index="0" bw="4" slack="0"/>
<pin id="3913" dir="0" index="1" bw="256" slack="0"/>
<pin id="3914" dir="0" index="2" bw="9" slack="0"/>
<pin id="3915" dir="0" index="3" bw="9" slack="0"/>
<pin id="3916" dir="1" index="4" bw="4" slack="0"/>
</pin_list>
<bind>
<opcode="partselect(1002) " fcode="partselect"/>
<opset="channeldata_V_51/1 "/>
</bind>
</comp>

<comp id="3921" class="1004" name="icmp_ln1035_51_fu_3921">
<pin_list>
<pin id="3922" dir="0" index="0" bw="4" slack="0"/>
<pin id="3923" dir="0" index="1" bw="4" slack="0"/>
<pin id="3924" dir="1" index="2" bw="1" slack="0"/>
</pin_list>
<bind>
<opcode="icmp(45) " fcode="icmp"/>
<opset="icmp_ln1035_51/1 "/>
</bind>
</comp>

<comp id="3927" class="1004" name="select_ln167_51_fu_3927">
<pin_list>
<pin id="3928" dir="0" index="0" bw="1" slack="0"/>
<pin id="3929" dir="0" index="1" bw="4" slack="0"/>
<pin id="3930" dir="0" index="2" bw="4" slack="0"/>
<pin id="3931" dir="1" index="3" bw="4" slack="0"/>
</pin_list>
<bind>
<opcode="select(49) " fcode="select"/>
<opset="select_ln167_51/1 "/>
</bind>
</comp>

<comp id="3936" class="1004" name="channeldata_V_52_fu_3936">
<pin_list>
<pin id="3937" dir="0" index="0" bw="4" slack="0"/>
<pin id="3938" dir="0" index="1" bw="256" slack="0"/>
<pin id="3939" dir="0" index="2" bw="9" slack="0"/>
<pin id="3940" dir="0" index="3" bw="9" slack="0"/>
<pin id="3941" dir="1" index="4" bw="4" slack="0"/>
</pin_list>
<bind>
<opcode="partselect(1002) " fcode="partselect"/>
<opset="channeldata_V_52/1 "/>
</bind>
</comp>

<comp id="3946" class="1004" name="icmp_ln1035_52_fu_3946">
<pin_list>
<pin id="3947" dir="0" index="0" bw="4" slack="0"/>
<pin id="3948" dir="0" index="1" bw="4" slack="0"/>
<pin id="3949" dir="1" index="2" bw="1" slack="0"/>
</pin_list>
<bind>
<opcode="icmp(45) " fcode="icmp"/>
<opset="icmp_ln1035_52/1 "/>
</bind>
</comp>

<comp id="3952" class="1004" name="select_ln167_52_fu_3952">
<pin_list>
<pin id="3953" dir="0" index="0" bw="1" slack="0"/>
<pin id="3954" dir="0" index="1" bw="4" slack="0"/>
<pin id="3955" dir="0" index="2" bw="4" slack="0"/>
<pin id="3956" dir="1" index="3" bw="4" slack="0"/>
</pin_list>
<bind>
<opcode="select(49) " fcode="select"/>
<opset="select_ln167_52/1 "/>
</bind>
</comp>

<comp id="3961" class="1004" name="channeldata_V_53_fu_3961">
<pin_list>
<pin id="3962" dir="0" index="0" bw="4" slack="0"/>
<pin id="3963" dir="0" index="1" bw="256" slack="0"/>
<pin id="3964" dir="0" index="2" bw="9" slack="0"/>
<pin id="3965" dir="0" index="3" bw="9" slack="0"/>
<pin id="3966" dir="1" index="4" bw="4" slack="0"/>
</pin_list>
<bind>
<opcode="partselect(1002) " fcode="partselect"/>
<opset="channeldata_V_53/1 "/>
</bind>
</comp>

<comp id="3971" class="1004" name="icmp_ln1035_53_fu_3971">
<pin_list>
<pin id="3972" dir="0" index="0" bw="4" slack="0"/>
<pin id="3973" dir="0" index="1" bw="4" slack="0"/>
<pin id="3974" dir="1" index="2" bw="1" slack="0"/>
</pin_list>
<bind>
<opcode="icmp(45) " fcode="icmp"/>
<opset="icmp_ln1035_53/1 "/>
</bind>
</comp>

<comp id="3977" class="1004" name="select_ln167_53_fu_3977">
<pin_list>
<pin id="3978" dir="0" index="0" bw="1" slack="0"/>
<pin id="3979" dir="0" index="1" bw="4" slack="0"/>
<pin id="3980" dir="0" index="2" bw="4" slack="0"/>
<pin id="3981" dir="1" index="3" bw="4" slack="0"/>
</pin_list>
<bind>
<opcode="select(49) " fcode="select"/>
<opset="select_ln167_53/1 "/>
</bind>
</comp>

<comp id="3986" class="1004" name="channeldata_V_54_fu_3986">
<pin_list>
<pin id="3987" dir="0" index="0" bw="4" slack="0"/>
<pin id="3988" dir="0" index="1" bw="256" slack="0"/>
<pin id="3989" dir="0" index="2" bw="9" slack="0"/>
<pin id="3990" dir="0" index="3" bw="9" slack="0"/>
<pin id="3991" dir="1" index="4" bw="4" slack="0"/>
</pin_list>
<bind>
<opcode="partselect(1002) " fcode="partselect"/>
<opset="channeldata_V_54/1 "/>
</bind>
</comp>

<comp id="3996" class="1004" name="icmp_ln1035_54_fu_3996">
<pin_list>
<pin id="3997" dir="0" index="0" bw="4" slack="0"/>
<pin id="3998" dir="0" index="1" bw="4" slack="0"/>
<pin id="3999" dir="1" index="2" bw="1" slack="0"/>
</pin_list>
<bind>
<opcode="icmp(45) " fcode="icmp"/>
<opset="icmp_ln1035_54/1 "/>
</bind>
</comp>

<comp id="4002" class="1004" name="select_ln167_54_fu_4002">
<pin_list>
<pin id="4003" dir="0" index="0" bw="1" slack="0"/>
<pin id="4004" dir="0" index="1" bw="4" slack="0"/>
<pin id="4005" dir="0" index="2" bw="4" slack="0"/>
<pin id="4006" dir="1" index="3" bw="4" slack="0"/>
</pin_list>
<bind>
<opcode="select(49) " fcode="select"/>
<opset="select_ln167_54/1 "/>
</bind>
</comp>

<comp id="4011" class="1004" name="channeldata_V_55_fu_4011">
<pin_list>
<pin id="4012" dir="0" index="0" bw="4" slack="0"/>
<pin id="4013" dir="0" index="1" bw="256" slack="0"/>
<pin id="4014" dir="0" index="2" bw="9" slack="0"/>
<pin id="4015" dir="0" index="3" bw="9" slack="0"/>
<pin id="4016" dir="1" index="4" bw="4" slack="0"/>
</pin_list>
<bind>
<opcode="partselect(1002) " fcode="partselect"/>
<opset="channeldata_V_55/1 "/>
</bind>
</comp>

<comp id="4021" class="1004" name="icmp_ln1035_55_fu_4021">
<pin_list>
<pin id="4022" dir="0" index="0" bw="4" slack="0"/>
<pin id="4023" dir="0" index="1" bw="4" slack="0"/>
<pin id="4024" dir="1" index="2" bw="1" slack="0"/>
</pin_list>
<bind>
<opcode="icmp(45) " fcode="icmp"/>
<opset="icmp_ln1035_55/1 "/>
</bind>
</comp>

<comp id="4027" class="1004" name="select_ln167_55_fu_4027">
<pin_list>
<pin id="4028" dir="0" index="0" bw="1" slack="0"/>
<pin id="4029" dir="0" index="1" bw="4" slack="0"/>
<pin id="4030" dir="0" index="2" bw="4" slack="0"/>
<pin id="4031" dir="1" index="3" bw="4" slack="0"/>
</pin_list>
<bind>
<opcode="select(49) " fcode="select"/>
<opset="select_ln167_55/1 "/>
</bind>
</comp>

<comp id="4036" class="1004" name="channeldata_V_56_fu_4036">
<pin_list>
<pin id="4037" dir="0" index="0" bw="4" slack="0"/>
<pin id="4038" dir="0" index="1" bw="256" slack="0"/>
<pin id="4039" dir="0" index="2" bw="9" slack="0"/>
<pin id="4040" dir="0" index="3" bw="9" slack="0"/>
<pin id="4041" dir="1" index="4" bw="4" slack="0"/>
</pin_list>
<bind>
<opcode="partselect(1002) " fcode="partselect"/>
<opset="channeldata_V_56/1 "/>
</bind>
</comp>

<comp id="4046" class="1004" name="icmp_ln1035_56_fu_4046">
<pin_list>
<pin id="4047" dir="0" index="0" bw="4" slack="0"/>
<pin id="4048" dir="0" index="1" bw="4" slack="0"/>
<pin id="4049" dir="1" index="2" bw="1" slack="0"/>
</pin_list>
<bind>
<opcode="icmp(45) " fcode="icmp"/>
<opset="icmp_ln1035_56/1 "/>
</bind>
</comp>

<comp id="4052" class="1004" name="select_ln167_56_fu_4052">
<pin_list>
<pin id="4053" dir="0" index="0" bw="1" slack="0"/>
<pin id="4054" dir="0" index="1" bw="4" slack="0"/>
<pin id="4055" dir="0" index="2" bw="4" slack="0"/>
<pin id="4056" dir="1" index="3" bw="4" slack="0"/>
</pin_list>
<bind>
<opcode="select(49) " fcode="select"/>
<opset="select_ln167_56/1 "/>
</bind>
</comp>

<comp id="4061" class="1004" name="channeldata_V_57_fu_4061">
<pin_list>
<pin id="4062" dir="0" index="0" bw="4" slack="0"/>
<pin id="4063" dir="0" index="1" bw="256" slack="0"/>
<pin id="4064" dir="0" index="2" bw="9" slack="0"/>
<pin id="4065" dir="0" index="3" bw="9" slack="0"/>
<pin id="4066" dir="1" index="4" bw="4" slack="0"/>
</pin_list>
<bind>
<opcode="partselect(1002) " fcode="partselect"/>
<opset="channeldata_V_57/1 "/>
</bind>
</comp>

<comp id="4071" class="1004" name="icmp_ln1035_57_fu_4071">
<pin_list>
<pin id="4072" dir="0" index="0" bw="4" slack="0"/>
<pin id="4073" dir="0" index="1" bw="4" slack="0"/>
<pin id="4074" dir="1" index="2" bw="1" slack="0"/>
</pin_list>
<bind>
<opcode="icmp(45) " fcode="icmp"/>
<opset="icmp_ln1035_57/1 "/>
</bind>
</comp>

<comp id="4077" class="1004" name="select_ln167_57_fu_4077">
<pin_list>
<pin id="4078" dir="0" index="0" bw="1" slack="0"/>
<pin id="4079" dir="0" index="1" bw="4" slack="0"/>
<pin id="4080" dir="0" index="2" bw="4" slack="0"/>
<pin id="4081" dir="1" index="3" bw="4" slack="0"/>
</pin_list>
<bind>
<opcode="select(49) " fcode="select"/>
<opset="select_ln167_57/1 "/>
</bind>
</comp>

<comp id="4086" class="1004" name="channeldata_V_58_fu_4086">
<pin_list>
<pin id="4087" dir="0" index="0" bw="4" slack="0"/>
<pin id="4088" dir="0" index="1" bw="256" slack="0"/>
<pin id="4089" dir="0" index="2" bw="9" slack="0"/>
<pin id="4090" dir="0" index="3" bw="9" slack="0"/>
<pin id="4091" dir="1" index="4" bw="4" slack="0"/>
</pin_list>
<bind>
<opcode="partselect(1002) " fcode="partselect"/>
<opset="channeldata_V_58/1 "/>
</bind>
</comp>

<comp id="4096" class="1004" name="icmp_ln1035_58_fu_4096">
<pin_list>
<pin id="4097" dir="0" index="0" bw="4" slack="0"/>
<pin id="4098" dir="0" index="1" bw="4" slack="0"/>
<pin id="4099" dir="1" index="2" bw="1" slack="0"/>
</pin_list>
<bind>
<opcode="icmp(45) " fcode="icmp"/>
<opset="icmp_ln1035_58/1 "/>
</bind>
</comp>

<comp id="4102" class="1004" name="select_ln167_58_fu_4102">
<pin_list>
<pin id="4103" dir="0" index="0" bw="1" slack="0"/>
<pin id="4104" dir="0" index="1" bw="4" slack="0"/>
<pin id="4105" dir="0" index="2" bw="4" slack="0"/>
<pin id="4106" dir="1" index="3" bw="4" slack="0"/>
</pin_list>
<bind>
<opcode="select(49) " fcode="select"/>
<opset="select_ln167_58/1 "/>
</bind>
</comp>

<comp id="4111" class="1004" name="channeldata_V_59_fu_4111">
<pin_list>
<pin id="4112" dir="0" index="0" bw="4" slack="0"/>
<pin id="4113" dir="0" index="1" bw="256" slack="0"/>
<pin id="4114" dir="0" index="2" bw="9" slack="0"/>
<pin id="4115" dir="0" index="3" bw="9" slack="0"/>
<pin id="4116" dir="1" index="4" bw="4" slack="0"/>
</pin_list>
<bind>
<opcode="partselect(1002) " fcode="partselect"/>
<opset="channeldata_V_59/1 "/>
</bind>
</comp>

<comp id="4121" class="1004" name="icmp_ln1035_59_fu_4121">
<pin_list>
<pin id="4122" dir="0" index="0" bw="4" slack="0"/>
<pin id="4123" dir="0" index="1" bw="4" slack="0"/>
<pin id="4124" dir="1" index="2" bw="1" slack="0"/>
</pin_list>
<bind>
<opcode="icmp(45) " fcode="icmp"/>
<opset="icmp_ln1035_59/1 "/>
</bind>
</comp>

<comp id="4127" class="1004" name="select_ln167_59_fu_4127">
<pin_list>
<pin id="4128" dir="0" index="0" bw="1" slack="0"/>
<pin id="4129" dir="0" index="1" bw="4" slack="0"/>
<pin id="4130" dir="0" index="2" bw="4" slack="0"/>
<pin id="4131" dir="1" index="3" bw="4" slack="0"/>
</pin_list>
<bind>
<opcode="select(49) " fcode="select"/>
<opset="select_ln167_59/1 "/>
</bind>
</comp>

<comp id="4136" class="1004" name="channeldata_V_60_fu_4136">
<pin_list>
<pin id="4137" dir="0" index="0" bw="4" slack="0"/>
<pin id="4138" dir="0" index="1" bw="256" slack="0"/>
<pin id="4139" dir="0" index="2" bw="9" slack="0"/>
<pin id="4140" dir="0" index="3" bw="9" slack="0"/>
<pin id="4141" dir="1" index="4" bw="4" slack="0"/>
</pin_list>
<bind>
<opcode="partselect(1002) " fcode="partselect"/>
<opset="channeldata_V_60/1 "/>
</bind>
</comp>

<comp id="4146" class="1004" name="icmp_ln1035_60_fu_4146">
<pin_list>
<pin id="4147" dir="0" index="0" bw="4" slack="0"/>
<pin id="4148" dir="0" index="1" bw="4" slack="0"/>
<pin id="4149" dir="1" index="2" bw="1" slack="0"/>
</pin_list>
<bind>
<opcode="icmp(45) " fcode="icmp"/>
<opset="icmp_ln1035_60/1 "/>
</bind>
</comp>

<comp id="4152" class="1004" name="select_ln167_60_fu_4152">
<pin_list>
<pin id="4153" dir="0" index="0" bw="1" slack="0"/>
<pin id="4154" dir="0" index="1" bw="4" slack="0"/>
<pin id="4155" dir="0" index="2" bw="4" slack="0"/>
<pin id="4156" dir="1" index="3" bw="4" slack="0"/>
</pin_list>
<bind>
<opcode="select(49) " fcode="select"/>
<opset="select_ln167_60/1 "/>
</bind>
</comp>

<comp id="4161" class="1004" name="channeldata_V_61_fu_4161">
<pin_list>
<pin id="4162" dir="0" index="0" bw="4" slack="0"/>
<pin id="4163" dir="0" index="1" bw="256" slack="0"/>
<pin id="4164" dir="0" index="2" bw="9" slack="0"/>
<pin id="4165" dir="0" index="3" bw="9" slack="0"/>
<pin id="4166" dir="1" index="4" bw="4" slack="0"/>
</pin_list>
<bind>
<opcode="partselect(1002) " fcode="partselect"/>
<opset="channeldata_V_61/1 "/>
</bind>
</comp>

<comp id="4171" class="1004" name="icmp_ln1035_61_fu_4171">
<pin_list>
<pin id="4172" dir="0" index="0" bw="4" slack="0"/>
<pin id="4173" dir="0" index="1" bw="4" slack="0"/>
<pin id="4174" dir="1" index="2" bw="1" slack="0"/>
</pin_list>
<bind>
<opcode="icmp(45) " fcode="icmp"/>
<opset="icmp_ln1035_61/1 "/>
</bind>
</comp>

<comp id="4177" class="1004" name="select_ln167_61_fu_4177">
<pin_list>
<pin id="4178" dir="0" index="0" bw="1" slack="0"/>
<pin id="4179" dir="0" index="1" bw="4" slack="0"/>
<pin id="4180" dir="0" index="2" bw="4" slack="0"/>
<pin id="4181" dir="1" index="3" bw="4" slack="0"/>
</pin_list>
<bind>
<opcode="select(49) " fcode="select"/>
<opset="select_ln167_61/1 "/>
</bind>
</comp>

<comp id="4186" class="1004" name="channeldata_V_62_fu_4186">
<pin_list>
<pin id="4187" dir="0" index="0" bw="4" slack="0"/>
<pin id="4188" dir="0" index="1" bw="256" slack="0"/>
<pin id="4189" dir="0" index="2" bw="9" slack="0"/>
<pin id="4190" dir="0" index="3" bw="9" slack="0"/>
<pin id="4191" dir="1" index="4" bw="4" slack="0"/>
</pin_list>
<bind>
<opcode="partselect(1002) " fcode="partselect"/>
<opset="channeldata_V_62/1 "/>
</bind>
</comp>

<comp id="4196" class="1004" name="icmp_ln1035_62_fu_4196">
<pin_list>
<pin id="4197" dir="0" index="0" bw="4" slack="0"/>
<pin id="4198" dir="0" index="1" bw="4" slack="0"/>
<pin id="4199" dir="1" index="2" bw="1" slack="0"/>
</pin_list>
<bind>
<opcode="icmp(45) " fcode="icmp"/>
<opset="icmp_ln1035_62/1 "/>
</bind>
</comp>

<comp id="4202" class="1004" name="select_ln167_62_fu_4202">
<pin_list>
<pin id="4203" dir="0" index="0" bw="1" slack="0"/>
<pin id="4204" dir="0" index="1" bw="4" slack="0"/>
<pin id="4205" dir="0" index="2" bw="4" slack="0"/>
<pin id="4206" dir="1" index="3" bw="4" slack="0"/>
</pin_list>
<bind>
<opcode="select(49) " fcode="select"/>
<opset="select_ln167_62/1 "/>
</bind>
</comp>

<comp id="4211" class="1004" name="channeldata_V_63_fu_4211">
<pin_list>
<pin id="4212" dir="0" index="0" bw="4" slack="0"/>
<pin id="4213" dir="0" index="1" bw="256" slack="0"/>
<pin id="4214" dir="0" index="2" bw="9" slack="0"/>
<pin id="4215" dir="0" index="3" bw="9" slack="0"/>
<pin id="4216" dir="1" index="4" bw="4" slack="0"/>
</pin_list>
<bind>
<opcode="partselect(1002) " fcode="partselect"/>
<opset="channeldata_V_63/1 "/>
</bind>
</comp>

<comp id="4221" class="1004" name="icmp_ln1035_63_fu_4221">
<pin_list>
<pin id="4222" dir="0" index="0" bw="4" slack="0"/>
<pin id="4223" dir="0" index="1" bw="4" slack="0"/>
<pin id="4224" dir="1" index="2" bw="1" slack="0"/>
</pin_list>
<bind>
<opcode="icmp(45) " fcode="icmp"/>
<opset="icmp_ln1035_63/1 "/>
</bind>
</comp>

<comp id="4227" class="1004" name="select_ln167_63_fu_4227">
<pin_list>
<pin id="4228" dir="0" index="0" bw="1" slack="0"/>
<pin id="4229" dir="0" index="1" bw="4" slack="0"/>
<pin id="4230" dir="0" index="2" bw="4" slack="0"/>
<pin id="4231" dir="1" index="3" bw="4" slack="0"/>
</pin_list>
<bind>
<opcode="select(49) " fcode="select"/>
<opset="select_ln167_63/1 "/>
</bind>
</comp>

<comp id="4236" class="1004" name="icmp_ln158_1_fu_4236">
<pin_list>
<pin id="4237" dir="0" index="0" bw="2" slack="0"/>
<pin id="4238" dir="0" index="1" bw="2" slack="0"/>
<pin id="4239" dir="1" index="2" bw="1" slack="2147483647"/>
</pin_list>
<bind>
<opcode="icmp(45) " fcode="icmp"/>
<opset="icmp_ln158_1/1 "/>
</bind>
</comp>

<comp id="4242" class="1004" name="store_ln167_store_fu_4242">
<pin_list>
<pin id="4243" dir="0" index="0" bw="4" slack="0"/>
<pin id="4244" dir="0" index="1" bw="4" slack="0"/>
<pin id="4245" dir="1" index="2" bw="0" slack="2147483647"/>
</pin_list>
<bind>
<opcode="store(28) " fcode="store"/>
<opset="store_ln167/1 "/>
</bind>
</comp>

<comp id="4247" class="1004" name="store_ln167_store_fu_4247">
<pin_list>
<pin id="4248" dir="0" index="0" bw="4" slack="0"/>
<pin id="4249" dir="0" index="1" bw="4" slack="0"/>
<pin id="4250" dir="1" index="2" bw="0" slack="2147483647"/>
</pin_list>
<bind>
<opcode="store(28) " fcode="store"/>
<opset="store_ln167/1 "/>
</bind>
</comp>

<comp id="4252" class="1004" name="store_ln167_store_fu_4252">
<pin_list>
<pin id="4253" dir="0" index="0" bw="4" slack="0"/>
<pin id="4254" dir="0" index="1" bw="4" slack="0"/>
<pin id="4255" dir="1" index="2" bw="0" slack="2147483647"/>
</pin_list>
<bind>
<opcode="store(28) " fcode="store"/>
<opset="store_ln167/1 "/>
</bind>
</comp>

<comp id="4257" class="1004" name="store_ln167_store_fu_4257">
<pin_list>
<pin id="4258" dir="0" index="0" bw="4" slack="0"/>
<pin id="4259" dir="0" index="1" bw="4" slack="0"/>
<pin id="4260" dir="1" index="2" bw="0" slack="2147483647"/>
</pin_list>
<bind>
<opcode="store(28) " fcode="store"/>
<opset="store_ln167/1 "/>
</bind>
</comp>

<comp id="4262" class="1004" name="store_ln167_store_fu_4262">
<pin_list>
<pin id="4263" dir="0" index="0" bw="4" slack="0"/>
<pin id="4264" dir="0" index="1" bw="4" slack="0"/>
<pin id="4265" dir="1" index="2" bw="0" slack="2147483647"/>
</pin_list>
<bind>
<opcode="store(28) " fcode="store"/>
<opset="store_ln167/1 "/>
</bind>
</comp>

<comp id="4267" class="1004" name="store_ln167_store_fu_4267">
<pin_list>
<pin id="4268" dir="0" index="0" bw="4" slack="0"/>
<pin id="4269" dir="0" index="1" bw="4" slack="0"/>
<pin id="4270" dir="1" index="2" bw="0" slack="2147483647"/>
</pin_list>
<bind>
<opcode="store(28) " fcode="store"/>
<opset="store_ln167/1 "/>
</bind>
</comp>

<comp id="4272" class="1004" name="store_ln167_store_fu_4272">
<pin_list>
<pin id="4273" dir="0" index="0" bw="4" slack="0"/>
<pin id="4274" dir="0" index="1" bw="4" slack="0"/>
<pin id="4275" dir="1" index="2" bw="0" slack="2147483647"/>
</pin_list>
<bind>
<opcode="store(28) " fcode="store"/>
<opset="store_ln167/1 "/>
</bind>
</comp>

<comp id="4277" class="1004" name="store_ln167_store_fu_4277">
<pin_list>
<pin id="4278" dir="0" index="0" bw="4" slack="0"/>
<pin id="4279" dir="0" index="1" bw="4" slack="0"/>
<pin id="4280" dir="1" index="2" bw="0" slack="2147483647"/>
</pin_list>
<bind>
<opcode="store(28) " fcode="store"/>
<opset="store_ln167/1 "/>
</bind>
</comp>

<comp id="4282" class="1004" name="store_ln167_store_fu_4282">
<pin_list>
<pin id="4283" dir="0" index="0" bw="4" slack="0"/>
<pin id="4284" dir="0" index="1" bw="4" slack="0"/>
<pin id="4285" dir="1" index="2" bw="0" slack="2147483647"/>
</pin_list>
<bind>
<opcode="store(28) " fcode="store"/>
<opset="store_ln167/1 "/>
</bind>
</comp>

<comp id="4287" class="1004" name="store_ln167_store_fu_4287">
<pin_list>
<pin id="4288" dir="0" index="0" bw="4" slack="0"/>
<pin id="4289" dir="0" index="1" bw="4" slack="0"/>
<pin id="4290" dir="1" index="2" bw="0" slack="2147483647"/>
</pin_list>
<bind>
<opcode="store(28) " fcode="store"/>
<opset="store_ln167/1 "/>
</bind>
</comp>

<comp id="4292" class="1004" name="store_ln167_store_fu_4292">
<pin_list>
<pin id="4293" dir="0" index="0" bw="4" slack="0"/>
<pin id="4294" dir="0" index="1" bw="4" slack="0"/>
<pin id="4295" dir="1" index="2" bw="0" slack="2147483647"/>
</pin_list>
<bind>
<opcode="store(28) " fcode="store"/>
<opset="store_ln167/1 "/>
</bind>
</comp>

<comp id="4297" class="1004" name="store_ln167_store_fu_4297">
<pin_list>
<pin id="4298" dir="0" index="0" bw="4" slack="0"/>
<pin id="4299" dir="0" index="1" bw="4" slack="0"/>
<pin id="4300" dir="1" index="2" bw="0" slack="2147483647"/>
</pin_list>
<bind>
<opcode="store(28) " fcode="store"/>
<opset="store_ln167/1 "/>
</bind>
</comp>

<comp id="4302" class="1004" name="store_ln167_store_fu_4302">
<pin_list>
<pin id="4303" dir="0" index="0" bw="4" slack="0"/>
<pin id="4304" dir="0" index="1" bw="4" slack="0"/>
<pin id="4305" dir="1" index="2" bw="0" slack="2147483647"/>
</pin_list>
<bind>
<opcode="store(28) " fcode="store"/>
<opset="store_ln167/1 "/>
</bind>
</comp>

<comp id="4307" class="1004" name="store_ln167_store_fu_4307">
<pin_list>
<pin id="4308" dir="0" index="0" bw="4" slack="0"/>
<pin id="4309" dir="0" index="1" bw="4" slack="0"/>
<pin id="4310" dir="1" index="2" bw="0" slack="2147483647"/>
</pin_list>
<bind>
<opcode="store(28) " fcode="store"/>
<opset="store_ln167/1 "/>
</bind>
</comp>

<comp id="4312" class="1004" name="store_ln167_store_fu_4312">
<pin_list>
<pin id="4313" dir="0" index="0" bw="4" slack="0"/>
<pin id="4314" dir="0" index="1" bw="4" slack="0"/>
<pin id="4315" dir="1" index="2" bw="0" slack="2147483647"/>
</pin_list>
<bind>
<opcode="store(28) " fcode="store"/>
<opset="store_ln167/1 "/>
</bind>
</comp>

<comp id="4317" class="1004" name="store_ln167_store_fu_4317">
<pin_list>
<pin id="4318" dir="0" index="0" bw="4" slack="0"/>
<pin id="4319" dir="0" index="1" bw="4" slack="0"/>
<pin id="4320" dir="1" index="2" bw="0" slack="2147483647"/>
</pin_list>
<bind>
<opcode="store(28) " fcode="store"/>
<opset="store_ln167/1 "/>
</bind>
</comp>

<comp id="4322" class="1004" name="store_ln167_store_fu_4322">
<pin_list>
<pin id="4323" dir="0" index="0" bw="4" slack="0"/>
<pin id="4324" dir="0" index="1" bw="4" slack="0"/>
<pin id="4325" dir="1" index="2" bw="0" slack="2147483647"/>
</pin_list>
<bind>
<opcode="store(28) " fcode="store"/>
<opset="store_ln167/1 "/>
</bind>
</comp>

<comp id="4327" class="1004" name="store_ln167_store_fu_4327">
<pin_list>
<pin id="4328" dir="0" index="0" bw="4" slack="0"/>
<pin id="4329" dir="0" index="1" bw="4" slack="0"/>
<pin id="4330" dir="1" index="2" bw="0" slack="2147483647"/>
</pin_list>
<bind>
<opcode="store(28) " fcode="store"/>
<opset="store_ln167/1 "/>
</bind>
</comp>

<comp id="4332" class="1004" name="store_ln167_store_fu_4332">
<pin_list>
<pin id="4333" dir="0" index="0" bw="4" slack="0"/>
<pin id="4334" dir="0" index="1" bw="4" slack="0"/>
<pin id="4335" dir="1" index="2" bw="0" slack="2147483647"/>
</pin_list>
<bind>
<opcode="store(28) " fcode="store"/>
<opset="store_ln167/1 "/>
</bind>
</comp>

<comp id="4337" class="1004" name="store_ln167_store_fu_4337">
<pin_list>
<pin id="4338" dir="0" index="0" bw="4" slack="0"/>
<pin id="4339" dir="0" index="1" bw="4" slack="0"/>
<pin id="4340" dir="1" index="2" bw="0" slack="2147483647"/>
</pin_list>
<bind>
<opcode="store(28) " fcode="store"/>
<opset="store_ln167/1 "/>
</bind>
</comp>

<comp id="4342" class="1004" name="store_ln167_store_fu_4342">
<pin_list>
<pin id="4343" dir="0" index="0" bw="4" slack="0"/>
<pin id="4344" dir="0" index="1" bw="4" slack="0"/>
<pin id="4345" dir="1" index="2" bw="0" slack="2147483647"/>
</pin_list>
<bind>
<opcode="store(28) " fcode="store"/>
<opset="store_ln167/1 "/>
</bind>
</comp>

<comp id="4347" class="1004" name="store_ln167_store_fu_4347">
<pin_list>
<pin id="4348" dir="0" index="0" bw="4" slack="0"/>
<pin id="4349" dir="0" index="1" bw="4" slack="0"/>
<pin id="4350" dir="1" index="2" bw="0" slack="2147483647"/>
</pin_list>
<bind>
<opcode="store(28) " fcode="store"/>
<opset="store_ln167/1 "/>
</bind>
</comp>

<comp id="4352" class="1004" name="store_ln167_store_fu_4352">
<pin_list>
<pin id="4353" dir="0" index="0" bw="4" slack="0"/>
<pin id="4354" dir="0" index="1" bw="4" slack="0"/>
<pin id="4355" dir="1" index="2" bw="0" slack="2147483647"/>
</pin_list>
<bind>
<opcode="store(28) " fcode="store"/>
<opset="store_ln167/1 "/>
</bind>
</comp>

<comp id="4357" class="1004" name="store_ln167_store_fu_4357">
<pin_list>
<pin id="4358" dir="0" index="0" bw="4" slack="0"/>
<pin id="4359" dir="0" index="1" bw="4" slack="0"/>
<pin id="4360" dir="1" index="2" bw="0" slack="2147483647"/>
</pin_list>
<bind>
<opcode="store(28) " fcode="store"/>
<opset="store_ln167/1 "/>
</bind>
</comp>

<comp id="4362" class="1004" name="store_ln167_store_fu_4362">
<pin_list>
<pin id="4363" dir="0" index="0" bw="4" slack="0"/>
<pin id="4364" dir="0" index="1" bw="4" slack="0"/>
<pin id="4365" dir="1" index="2" bw="0" slack="2147483647"/>
</pin_list>
<bind>
<opcode="store(28) " fcode="store"/>
<opset="store_ln167/1 "/>
</bind>
</comp>

<comp id="4367" class="1004" name="store_ln167_store_fu_4367">
<pin_list>
<pin id="4368" dir="0" index="0" bw="4" slack="0"/>
<pin id="4369" dir="0" index="1" bw="4" slack="0"/>
<pin id="4370" dir="1" index="2" bw="0" slack="2147483647"/>
</pin_list>
<bind>
<opcode="store(28) " fcode="store"/>
<opset="store_ln167/1 "/>
</bind>
</comp>

<comp id="4372" class="1004" name="store_ln167_store_fu_4372">
<pin_list>
<pin id="4373" dir="0" index="0" bw="4" slack="0"/>
<pin id="4374" dir="0" index="1" bw="4" slack="0"/>
<pin id="4375" dir="1" index="2" bw="0" slack="2147483647"/>
</pin_list>
<bind>
<opcode="store(28) " fcode="store"/>
<opset="store_ln167/1 "/>
</bind>
</comp>

<comp id="4377" class="1004" name="store_ln167_store_fu_4377">
<pin_list>
<pin id="4378" dir="0" index="0" bw="4" slack="0"/>
<pin id="4379" dir="0" index="1" bw="4" slack="0"/>
<pin id="4380" dir="1" index="2" bw="0" slack="2147483647"/>
</pin_list>
<bind>
<opcode="store(28) " fcode="store"/>
<opset="store_ln167/1 "/>
</bind>
</comp>

<comp id="4382" class="1004" name="store_ln167_store_fu_4382">
<pin_list>
<pin id="4383" dir="0" index="0" bw="4" slack="0"/>
<pin id="4384" dir="0" index="1" bw="4" slack="0"/>
<pin id="4385" dir="1" index="2" bw="0" slack="2147483647"/>
</pin_list>
<bind>
<opcode="store(28) " fcode="store"/>
<opset="store_ln167/1 "/>
</bind>
</comp>

<comp id="4387" class="1004" name="store_ln167_store_fu_4387">
<pin_list>
<pin id="4388" dir="0" index="0" bw="4" slack="0"/>
<pin id="4389" dir="0" index="1" bw="4" slack="0"/>
<pin id="4390" dir="1" index="2" bw="0" slack="2147483647"/>
</pin_list>
<bind>
<opcode="store(28) " fcode="store"/>
<opset="store_ln167/1 "/>
</bind>
</comp>

<comp id="4392" class="1004" name="store_ln167_store_fu_4392">
<pin_list>
<pin id="4393" dir="0" index="0" bw="4" slack="0"/>
<pin id="4394" dir="0" index="1" bw="4" slack="0"/>
<pin id="4395" dir="1" index="2" bw="0" slack="2147483647"/>
</pin_list>
<bind>
<opcode="store(28) " fcode="store"/>
<opset="store_ln167/1 "/>
</bind>
</comp>

<comp id="4397" class="1004" name="store_ln167_store_fu_4397">
<pin_list>
<pin id="4398" dir="0" index="0" bw="4" slack="0"/>
<pin id="4399" dir="0" index="1" bw="4" slack="0"/>
<pin id="4400" dir="1" index="2" bw="0" slack="2147483647"/>
</pin_list>
<bind>
<opcode="store(28) " fcode="store"/>
<opset="store_ln167/1 "/>
</bind>
</comp>

<comp id="4402" class="1004" name="store_ln167_store_fu_4402">
<pin_list>
<pin id="4403" dir="0" index="0" bw="4" slack="0"/>
<pin id="4404" dir="0" index="1" bw="4" slack="0"/>
<pin id="4405" dir="1" index="2" bw="0" slack="2147483647"/>
</pin_list>
<bind>
<opcode="store(28) " fcode="store"/>
<opset="store_ln167/1 "/>
</bind>
</comp>

<comp id="4407" class="1004" name="store_ln167_store_fu_4407">
<pin_list>
<pin id="4408" dir="0" index="0" bw="4" slack="0"/>
<pin id="4409" dir="0" index="1" bw="4" slack="0"/>
<pin id="4410" dir="1" index="2" bw="0" slack="2147483647"/>
</pin_list>
<bind>
<opcode="store(28) " fcode="store"/>
<opset="store_ln167/1 "/>
</bind>
</comp>

<comp id="4412" class="1004" name="store_ln167_store_fu_4412">
<pin_list>
<pin id="4413" dir="0" index="0" bw="4" slack="0"/>
<pin id="4414" dir="0" index="1" bw="4" slack="0"/>
<pin id="4415" dir="1" index="2" bw="0" slack="2147483647"/>
</pin_list>
<bind>
<opcode="store(28) " fcode="store"/>
<opset="store_ln167/1 "/>
</bind>
</comp>

<comp id="4417" class="1004" name="store_ln167_store_fu_4417">
<pin_list>
<pin id="4418" dir="0" index="0" bw="4" slack="0"/>
<pin id="4419" dir="0" index="1" bw="4" slack="0"/>
<pin id="4420" dir="1" index="2" bw="0" slack="2147483647"/>
</pin_list>
<bind>
<opcode="store(28) " fcode="store"/>
<opset="store_ln167/1 "/>
</bind>
</comp>

<comp id="4422" class="1004" name="store_ln167_store_fu_4422">
<pin_list>
<pin id="4423" dir="0" index="0" bw="4" slack="0"/>
<pin id="4424" dir="0" index="1" bw="4" slack="0"/>
<pin id="4425" dir="1" index="2" bw="0" slack="2147483647"/>
</pin_list>
<bind>
<opcode="store(28) " fcode="store"/>
<opset="store_ln167/1 "/>
</bind>
</comp>

<comp id="4427" class="1004" name="store_ln167_store_fu_4427">
<pin_list>
<pin id="4428" dir="0" index="0" bw="4" slack="0"/>
<pin id="4429" dir="0" index="1" bw="4" slack="0"/>
<pin id="4430" dir="1" index="2" bw="0" slack="2147483647"/>
</pin_list>
<bind>
<opcode="store(28) " fcode="store"/>
<opset="store_ln167/1 "/>
</bind>
</comp>

<comp id="4432" class="1004" name="store_ln167_store_fu_4432">
<pin_list>
<pin id="4433" dir="0" index="0" bw="4" slack="0"/>
<pin id="4434" dir="0" index="1" bw="4" slack="0"/>
<pin id="4435" dir="1" index="2" bw="0" slack="2147483647"/>
</pin_list>
<bind>
<opcode="store(28) " fcode="store"/>
<opset="store_ln167/1 "/>
</bind>
</comp>

<comp id="4437" class="1004" name="store_ln167_store_fu_4437">
<pin_list>
<pin id="4438" dir="0" index="0" bw="4" slack="0"/>
<pin id="4439" dir="0" index="1" bw="4" slack="0"/>
<pin id="4440" dir="1" index="2" bw="0" slack="2147483647"/>
</pin_list>
<bind>
<opcode="store(28) " fcode="store"/>
<opset="store_ln167/1 "/>
</bind>
</comp>

<comp id="4442" class="1004" name="store_ln167_store_fu_4442">
<pin_list>
<pin id="4443" dir="0" index="0" bw="4" slack="0"/>
<pin id="4444" dir="0" index="1" bw="4" slack="0"/>
<pin id="4445" dir="1" index="2" bw="0" slack="2147483647"/>
</pin_list>
<bind>
<opcode="store(28) " fcode="store"/>
<opset="store_ln167/1 "/>
</bind>
</comp>

<comp id="4447" class="1004" name="store_ln167_store_fu_4447">
<pin_list>
<pin id="4448" dir="0" index="0" bw="4" slack="0"/>
<pin id="4449" dir="0" index="1" bw="4" slack="0"/>
<pin id="4450" dir="1" index="2" bw="0" slack="2147483647"/>
</pin_list>
<bind>
<opcode="store(28) " fcode="store"/>
<opset="store_ln167/1 "/>
</bind>
</comp>

<comp id="4452" class="1004" name="store_ln167_store_fu_4452">
<pin_list>
<pin id="4453" dir="0" index="0" bw="4" slack="0"/>
<pin id="4454" dir="0" index="1" bw="4" slack="0"/>
<pin id="4455" dir="1" index="2" bw="0" slack="2147483647"/>
</pin_list>
<bind>
<opcode="store(28) " fcode="store"/>
<opset="store_ln167/1 "/>
</bind>
</comp>

<comp id="4457" class="1004" name="store_ln167_store_fu_4457">
<pin_list>
<pin id="4458" dir="0" index="0" bw="4" slack="0"/>
<pin id="4459" dir="0" index="1" bw="4" slack="0"/>
<pin id="4460" dir="1" index="2" bw="0" slack="2147483647"/>
</pin_list>
<bind>
<opcode="store(28) " fcode="store"/>
<opset="store_ln167/1 "/>
</bind>
</comp>

<comp id="4462" class="1004" name="store_ln167_store_fu_4462">
<pin_list>
<pin id="4463" dir="0" index="0" bw="4" slack="0"/>
<pin id="4464" dir="0" index="1" bw="4" slack="0"/>
<pin id="4465" dir="1" index="2" bw="0" slack="2147483647"/>
</pin_list>
<bind>
<opcode="store(28) " fcode="store"/>
<opset="store_ln167/1 "/>
</bind>
</comp>

<comp id="4467" class="1004" name="store_ln167_store_fu_4467">
<pin_list>
<pin id="4468" dir="0" index="0" bw="4" slack="0"/>
<pin id="4469" dir="0" index="1" bw="4" slack="0"/>
<pin id="4470" dir="1" index="2" bw="0" slack="2147483647"/>
</pin_list>
<bind>
<opcode="store(28) " fcode="store"/>
<opset="store_ln167/1 "/>
</bind>
</comp>

<comp id="4472" class="1004" name="store_ln167_store_fu_4472">
<pin_list>
<pin id="4473" dir="0" index="0" bw="4" slack="0"/>
<pin id="4474" dir="0" index="1" bw="4" slack="0"/>
<pin id="4475" dir="1" index="2" bw="0" slack="2147483647"/>
</pin_list>
<bind>
<opcode="store(28) " fcode="store"/>
<opset="store_ln167/1 "/>
</bind>
</comp>

<comp id="4477" class="1004" name="store_ln167_store_fu_4477">
<pin_list>
<pin id="4478" dir="0" index="0" bw="4" slack="0"/>
<pin id="4479" dir="0" index="1" bw="4" slack="0"/>
<pin id="4480" dir="1" index="2" bw="0" slack="2147483647"/>
</pin_list>
<bind>
<opcode="store(28) " fcode="store"/>
<opset="store_ln167/1 "/>
</bind>
</comp>

<comp id="4482" class="1004" name="store_ln167_store_fu_4482">
<pin_list>
<pin id="4483" dir="0" index="0" bw="4" slack="0"/>
<pin id="4484" dir="0" index="1" bw="4" slack="0"/>
<pin id="4485" dir="1" index="2" bw="0" slack="2147483647"/>
</pin_list>
<bind>
<opcode="store(28) " fcode="store"/>
<opset="store_ln167/1 "/>
</bind>
</comp>

<comp id="4487" class="1004" name="store_ln167_store_fu_4487">
<pin_list>
<pin id="4488" dir="0" index="0" bw="4" slack="0"/>
<pin id="4489" dir="0" index="1" bw="4" slack="0"/>
<pin id="4490" dir="1" index="2" bw="0" slack="2147483647"/>
</pin_list>
<bind>
<opcode="store(28) " fcode="store"/>
<opset="store_ln167/1 "/>
</bind>
</comp>

<comp id="4492" class="1004" name="store_ln167_store_fu_4492">
<pin_list>
<pin id="4493" dir="0" index="0" bw="4" slack="0"/>
<pin id="4494" dir="0" index="1" bw="4" slack="0"/>
<pin id="4495" dir="1" index="2" bw="0" slack="2147483647"/>
</pin_list>
<bind>
<opcode="store(28) " fcode="store"/>
<opset="store_ln167/1 "/>
</bind>
</comp>

<comp id="4497" class="1004" name="store_ln167_store_fu_4497">
<pin_list>
<pin id="4498" dir="0" index="0" bw="4" slack="0"/>
<pin id="4499" dir="0" index="1" bw="4" slack="0"/>
<pin id="4500" dir="1" index="2" bw="0" slack="2147483647"/>
</pin_list>
<bind>
<opcode="store(28) " fcode="store"/>
<opset="store_ln167/1 "/>
</bind>
</comp>

<comp id="4502" class="1004" name="store_ln167_store_fu_4502">
<pin_list>
<pin id="4503" dir="0" index="0" bw="4" slack="0"/>
<pin id="4504" dir="0" index="1" bw="4" slack="0"/>
<pin id="4505" dir="1" index="2" bw="0" slack="2147483647"/>
</pin_list>
<bind>
<opcode="store(28) " fcode="store"/>
<opset="store_ln167/1 "/>
</bind>
</comp>

<comp id="4507" class="1004" name="store_ln167_store_fu_4507">
<pin_list>
<pin id="4508" dir="0" index="0" bw="4" slack="0"/>
<pin id="4509" dir="0" index="1" bw="4" slack="0"/>
<pin id="4510" dir="1" index="2" bw="0" slack="2147483647"/>
</pin_list>
<bind>
<opcode="store(28) " fcode="store"/>
<opset="store_ln167/1 "/>
</bind>
</comp>

<comp id="4512" class="1004" name="store_ln167_store_fu_4512">
<pin_list>
<pin id="4513" dir="0" index="0" bw="4" slack="0"/>
<pin id="4514" dir="0" index="1" bw="4" slack="0"/>
<pin id="4515" dir="1" index="2" bw="0" slack="2147483647"/>
</pin_list>
<bind>
<opcode="store(28) " fcode="store"/>
<opset="store_ln167/1 "/>
</bind>
</comp>

<comp id="4517" class="1004" name="store_ln167_store_fu_4517">
<pin_list>
<pin id="4518" dir="0" index="0" bw="4" slack="0"/>
<pin id="4519" dir="0" index="1" bw="4" slack="0"/>
<pin id="4520" dir="1" index="2" bw="0" slack="2147483647"/>
</pin_list>
<bind>
<opcode="store(28) " fcode="store"/>
<opset="store_ln167/1 "/>
</bind>
</comp>

<comp id="4522" class="1004" name="store_ln167_store_fu_4522">
<pin_list>
<pin id="4523" dir="0" index="0" bw="4" slack="0"/>
<pin id="4524" dir="0" index="1" bw="4" slack="0"/>
<pin id="4525" dir="1" index="2" bw="0" slack="2147483647"/>
</pin_list>
<bind>
<opcode="store(28) " fcode="store"/>
<opset="store_ln167/1 "/>
</bind>
</comp>

<comp id="4527" class="1004" name="store_ln167_store_fu_4527">
<pin_list>
<pin id="4528" dir="0" index="0" bw="4" slack="0"/>
<pin id="4529" dir="0" index="1" bw="4" slack="0"/>
<pin id="4530" dir="1" index="2" bw="0" slack="2147483647"/>
</pin_list>
<bind>
<opcode="store(28) " fcode="store"/>
<opset="store_ln167/1 "/>
</bind>
</comp>

<comp id="4532" class="1004" name="store_ln167_store_fu_4532">
<pin_list>
<pin id="4533" dir="0" index="0" bw="4" slack="0"/>
<pin id="4534" dir="0" index="1" bw="4" slack="0"/>
<pin id="4535" dir="1" index="2" bw="0" slack="2147483647"/>
</pin_list>
<bind>
<opcode="store(28) " fcode="store"/>
<opset="store_ln167/1 "/>
</bind>
</comp>

<comp id="4537" class="1004" name="store_ln167_store_fu_4537">
<pin_list>
<pin id="4538" dir="0" index="0" bw="4" slack="0"/>
<pin id="4539" dir="0" index="1" bw="4" slack="0"/>
<pin id="4540" dir="1" index="2" bw="0" slack="2147483647"/>
</pin_list>
<bind>
<opcode="store(28) " fcode="store"/>
<opset="store_ln167/1 "/>
</bind>
</comp>

<comp id="4542" class="1004" name="store_ln167_store_fu_4542">
<pin_list>
<pin id="4543" dir="0" index="0" bw="4" slack="0"/>
<pin id="4544" dir="0" index="1" bw="4" slack="0"/>
<pin id="4545" dir="1" index="2" bw="0" slack="2147483647"/>
</pin_list>
<bind>
<opcode="store(28) " fcode="store"/>
<opset="store_ln167/1 "/>
</bind>
</comp>

<comp id="4547" class="1004" name="store_ln167_store_fu_4547">
<pin_list>
<pin id="4548" dir="0" index="0" bw="4" slack="0"/>
<pin id="4549" dir="0" index="1" bw="4" slack="0"/>
<pin id="4550" dir="1" index="2" bw="0" slack="2147483647"/>
</pin_list>
<bind>
<opcode="store(28) " fcode="store"/>
<opset="store_ln167/1 "/>
</bind>
</comp>

<comp id="4552" class="1004" name="store_ln167_store_fu_4552">
<pin_list>
<pin id="4553" dir="0" index="0" bw="4" slack="0"/>
<pin id="4554" dir="0" index="1" bw="4" slack="0"/>
<pin id="4555" dir="1" index="2" bw="0" slack="2147483647"/>
</pin_list>
<bind>
<opcode="store(28) " fcode="store"/>
<opset="store_ln167/1 "/>
</bind>
</comp>

<comp id="4557" class="1004" name="store_ln167_store_fu_4557">
<pin_list>
<pin id="4558" dir="0" index="0" bw="4" slack="0"/>
<pin id="4559" dir="0" index="1" bw="4" slack="0"/>
<pin id="4560" dir="1" index="2" bw="0" slack="2147483647"/>
</pin_list>
<bind>
<opcode="store(28) " fcode="store"/>
<opset="store_ln167/1 "/>
</bind>
</comp>

<comp id="4562" class="1004" name="store_ln158_store_fu_4562">
<pin_list>
<pin id="4563" dir="0" index="0" bw="2" slack="0"/>
<pin id="4564" dir="0" index="1" bw="2" slack="0"/>
<pin id="4565" dir="1" index="2" bw="0" slack="2147483647"/>
</pin_list>
<bind>
<opcode="store(28) " fcode="store"/>
<opset="store_ln158/1 "/>
</bind>
</comp>

<comp id="4567" class="1005" name="kx_reg_4567">
<pin_list>
<pin id="4568" dir="0" index="0" bw="2" slack="0"/>
<pin id="4569" dir="1" index="1" bw="2" slack="0"/>
</pin_list>
<bind>
<opset="kx "/>
</bind>
</comp>

<comp id="4574" class="1005" name="oldMax_V_reg_4574">
<pin_list>
<pin id="4575" dir="0" index="0" bw="4" slack="0"/>
<pin id="4576" dir="1" index="1" bw="4" slack="0"/>
</pin_list>
<bind>
<opset="oldMax_V "/>
</bind>
</comp>

<comp id="4581" class="1005" name="oldMax_V_1_reg_4581">
<pin_list>
<pin id="4582" dir="0" index="0" bw="4" slack="0"/>
<pin id="4583" dir="1" index="1" bw="4" slack="0"/>
</pin_list>
<bind>
<opset="oldMax_V_1 "/>
</bind>
</comp>

<comp id="4588" class="1005" name="oldMax_V_2_reg_4588">
<pin_list>
<pin id="4589" dir="0" index="0" bw="4" slack="0"/>
<pin id="4590" dir="1" index="1" bw="4" slack="0"/>
</pin_list>
<bind>
<opset="oldMax_V_2 "/>
</bind>
</comp>

<comp id="4595" class="1005" name="oldMax_V_3_reg_4595">
<pin_list>
<pin id="4596" dir="0" index="0" bw="4" slack="0"/>
<pin id="4597" dir="1" index="1" bw="4" slack="0"/>
</pin_list>
<bind>
<opset="oldMax_V_3 "/>
</bind>
</comp>

<comp id="4602" class="1005" name="oldMax_V_4_reg_4602">
<pin_list>
<pin id="4603" dir="0" index="0" bw="4" slack="0"/>
<pin id="4604" dir="1" index="1" bw="4" slack="0"/>
</pin_list>
<bind>
<opset="oldMax_V_4 "/>
</bind>
</comp>

<comp id="4609" class="1005" name="oldMax_V_5_reg_4609">
<pin_list>
<pin id="4610" dir="0" index="0" bw="4" slack="0"/>
<pin id="4611" dir="1" index="1" bw="4" slack="0"/>
</pin_list>
<bind>
<opset="oldMax_V_5 "/>
</bind>
</comp>

<comp id="4616" class="1005" name="oldMax_V_6_reg_4616">
<pin_list>
<pin id="4617" dir="0" index="0" bw="4" slack="0"/>
<pin id="4618" dir="1" index="1" bw="4" slack="0"/>
</pin_list>
<bind>
<opset="oldMax_V_6 "/>
</bind>
</comp>

<comp id="4623" class="1005" name="oldMax_V_7_reg_4623">
<pin_list>
<pin id="4624" dir="0" index="0" bw="4" slack="0"/>
<pin id="4625" dir="1" index="1" bw="4" slack="0"/>
</pin_list>
<bind>
<opset="oldMax_V_7 "/>
</bind>
</comp>

<comp id="4630" class="1005" name="oldMax_V_8_reg_4630">
<pin_list>
<pin id="4631" dir="0" index="0" bw="4" slack="0"/>
<pin id="4632" dir="1" index="1" bw="4" slack="0"/>
</pin_list>
<bind>
<opset="oldMax_V_8 "/>
</bind>
</comp>

<comp id="4637" class="1005" name="oldMax_V_9_reg_4637">
<pin_list>
<pin id="4638" dir="0" index="0" bw="4" slack="0"/>
<pin id="4639" dir="1" index="1" bw="4" slack="0"/>
</pin_list>
<bind>
<opset="oldMax_V_9 "/>
</bind>
</comp>

<comp id="4644" class="1005" name="oldMax_V_10_reg_4644">
<pin_list>
<pin id="4645" dir="0" index="0" bw="4" slack="0"/>
<pin id="4646" dir="1" index="1" bw="4" slack="0"/>
</pin_list>
<bind>
<opset="oldMax_V_10 "/>
</bind>
</comp>

<comp id="4651" class="1005" name="oldMax_V_11_reg_4651">
<pin_list>
<pin id="4652" dir="0" index="0" bw="4" slack="0"/>
<pin id="4653" dir="1" index="1" bw="4" slack="0"/>
</pin_list>
<bind>
<opset="oldMax_V_11 "/>
</bind>
</comp>

<comp id="4658" class="1005" name="oldMax_V_12_reg_4658">
<pin_list>
<pin id="4659" dir="0" index="0" bw="4" slack="0"/>
<pin id="4660" dir="1" index="1" bw="4" slack="0"/>
</pin_list>
<bind>
<opset="oldMax_V_12 "/>
</bind>
</comp>

<comp id="4665" class="1005" name="oldMax_V_13_reg_4665">
<pin_list>
<pin id="4666" dir="0" index="0" bw="4" slack="0"/>
<pin id="4667" dir="1" index="1" bw="4" slack="0"/>
</pin_list>
<bind>
<opset="oldMax_V_13 "/>
</bind>
</comp>

<comp id="4672" class="1005" name="oldMax_V_14_reg_4672">
<pin_list>
<pin id="4673" dir="0" index="0" bw="4" slack="0"/>
<pin id="4674" dir="1" index="1" bw="4" slack="0"/>
</pin_list>
<bind>
<opset="oldMax_V_14 "/>
</bind>
</comp>

<comp id="4679" class="1005" name="oldMax_V_15_reg_4679">
<pin_list>
<pin id="4680" dir="0" index="0" bw="4" slack="0"/>
<pin id="4681" dir="1" index="1" bw="4" slack="0"/>
</pin_list>
<bind>
<opset="oldMax_V_15 "/>
</bind>
</comp>

<comp id="4686" class="1005" name="oldMax_V_16_reg_4686">
<pin_list>
<pin id="4687" dir="0" index="0" bw="4" slack="0"/>
<pin id="4688" dir="1" index="1" bw="4" slack="0"/>
</pin_list>
<bind>
<opset="oldMax_V_16 "/>
</bind>
</comp>

<comp id="4693" class="1005" name="oldMax_V_17_reg_4693">
<pin_list>
<pin id="4694" dir="0" index="0" bw="4" slack="0"/>
<pin id="4695" dir="1" index="1" bw="4" slack="0"/>
</pin_list>
<bind>
<opset="oldMax_V_17 "/>
</bind>
</comp>

<comp id="4700" class="1005" name="oldMax_V_18_reg_4700">
<pin_list>
<pin id="4701" dir="0" index="0" bw="4" slack="0"/>
<pin id="4702" dir="1" index="1" bw="4" slack="0"/>
</pin_list>
<bind>
<opset="oldMax_V_18 "/>
</bind>
</comp>

<comp id="4707" class="1005" name="oldMax_V_19_reg_4707">
<pin_list>
<pin id="4708" dir="0" index="0" bw="4" slack="0"/>
<pin id="4709" dir="1" index="1" bw="4" slack="0"/>
</pin_list>
<bind>
<opset="oldMax_V_19 "/>
</bind>
</comp>

<comp id="4714" class="1005" name="oldMax_V_20_reg_4714">
<pin_list>
<pin id="4715" dir="0" index="0" bw="4" slack="0"/>
<pin id="4716" dir="1" index="1" bw="4" slack="0"/>
</pin_list>
<bind>
<opset="oldMax_V_20 "/>
</bind>
</comp>

<comp id="4721" class="1005" name="oldMax_V_21_reg_4721">
<pin_list>
<pin id="4722" dir="0" index="0" bw="4" slack="0"/>
<pin id="4723" dir="1" index="1" bw="4" slack="0"/>
</pin_list>
<bind>
<opset="oldMax_V_21 "/>
</bind>
</comp>

<comp id="4728" class="1005" name="oldMax_V_22_reg_4728">
<pin_list>
<pin id="4729" dir="0" index="0" bw="4" slack="0"/>
<pin id="4730" dir="1" index="1" bw="4" slack="0"/>
</pin_list>
<bind>
<opset="oldMax_V_22 "/>
</bind>
</comp>

<comp id="4735" class="1005" name="oldMax_V_23_reg_4735">
<pin_list>
<pin id="4736" dir="0" index="0" bw="4" slack="0"/>
<pin id="4737" dir="1" index="1" bw="4" slack="0"/>
</pin_list>
<bind>
<opset="oldMax_V_23 "/>
</bind>
</comp>

<comp id="4742" class="1005" name="oldMax_V_24_reg_4742">
<pin_list>
<pin id="4743" dir="0" index="0" bw="4" slack="0"/>
<pin id="4744" dir="1" index="1" bw="4" slack="0"/>
</pin_list>
<bind>
<opset="oldMax_V_24 "/>
</bind>
</comp>

<comp id="4749" class="1005" name="oldMax_V_25_reg_4749">
<pin_list>
<pin id="4750" dir="0" index="0" bw="4" slack="0"/>
<pin id="4751" dir="1" index="1" bw="4" slack="0"/>
</pin_list>
<bind>
<opset="oldMax_V_25 "/>
</bind>
</comp>

<comp id="4756" class="1005" name="oldMax_V_26_reg_4756">
<pin_list>
<pin id="4757" dir="0" index="0" bw="4" slack="0"/>
<pin id="4758" dir="1" index="1" bw="4" slack="0"/>
</pin_list>
<bind>
<opset="oldMax_V_26 "/>
</bind>
</comp>

<comp id="4763" class="1005" name="oldMax_V_27_reg_4763">
<pin_list>
<pin id="4764" dir="0" index="0" bw="4" slack="0"/>
<pin id="4765" dir="1" index="1" bw="4" slack="0"/>
</pin_list>
<bind>
<opset="oldMax_V_27 "/>
</bind>
</comp>

<comp id="4770" class="1005" name="oldMax_V_28_reg_4770">
<pin_list>
<pin id="4771" dir="0" index="0" bw="4" slack="0"/>
<pin id="4772" dir="1" index="1" bw="4" slack="0"/>
</pin_list>
<bind>
<opset="oldMax_V_28 "/>
</bind>
</comp>

<comp id="4777" class="1005" name="oldMax_V_29_reg_4777">
<pin_list>
<pin id="4778" dir="0" index="0" bw="4" slack="0"/>
<pin id="4779" dir="1" index="1" bw="4" slack="0"/>
</pin_list>
<bind>
<opset="oldMax_V_29 "/>
</bind>
</comp>

<comp id="4784" class="1005" name="oldMax_V_30_reg_4784">
<pin_list>
<pin id="4785" dir="0" index="0" bw="4" slack="0"/>
<pin id="4786" dir="1" index="1" bw="4" slack="0"/>
</pin_list>
<bind>
<opset="oldMax_V_30 "/>
</bind>
</comp>

<comp id="4791" class="1005" name="oldMax_V_31_reg_4791">
<pin_list>
<pin id="4792" dir="0" index="0" bw="4" slack="0"/>
<pin id="4793" dir="1" index="1" bw="4" slack="0"/>
</pin_list>
<bind>
<opset="oldMax_V_31 "/>
</bind>
</comp>

<comp id="4798" class="1005" name="oldMax_V_32_reg_4798">
<pin_list>
<pin id="4799" dir="0" index="0" bw="4" slack="0"/>
<pin id="4800" dir="1" index="1" bw="4" slack="0"/>
</pin_list>
<bind>
<opset="oldMax_V_32 "/>
</bind>
</comp>

<comp id="4805" class="1005" name="oldMax_V_33_reg_4805">
<pin_list>
<pin id="4806" dir="0" index="0" bw="4" slack="0"/>
<pin id="4807" dir="1" index="1" bw="4" slack="0"/>
</pin_list>
<bind>
<opset="oldMax_V_33 "/>
</bind>
</comp>

<comp id="4812" class="1005" name="oldMax_V_34_reg_4812">
<pin_list>
<pin id="4813" dir="0" index="0" bw="4" slack="0"/>
<pin id="4814" dir="1" index="1" bw="4" slack="0"/>
</pin_list>
<bind>
<opset="oldMax_V_34 "/>
</bind>
</comp>

<comp id="4819" class="1005" name="oldMax_V_35_reg_4819">
<pin_list>
<pin id="4820" dir="0" index="0" bw="4" slack="0"/>
<pin id="4821" dir="1" index="1" bw="4" slack="0"/>
</pin_list>
<bind>
<opset="oldMax_V_35 "/>
</bind>
</comp>

<comp id="4826" class="1005" name="oldMax_V_36_reg_4826">
<pin_list>
<pin id="4827" dir="0" index="0" bw="4" slack="0"/>
<pin id="4828" dir="1" index="1" bw="4" slack="0"/>
</pin_list>
<bind>
<opset="oldMax_V_36 "/>
</bind>
</comp>

<comp id="4833" class="1005" name="oldMax_V_37_reg_4833">
<pin_list>
<pin id="4834" dir="0" index="0" bw="4" slack="0"/>
<pin id="4835" dir="1" index="1" bw="4" slack="0"/>
</pin_list>
<bind>
<opset="oldMax_V_37 "/>
</bind>
</comp>

<comp id="4840" class="1005" name="oldMax_V_38_reg_4840">
<pin_list>
<pin id="4841" dir="0" index="0" bw="4" slack="0"/>
<pin id="4842" dir="1" index="1" bw="4" slack="0"/>
</pin_list>
<bind>
<opset="oldMax_V_38 "/>
</bind>
</comp>

<comp id="4847" class="1005" name="oldMax_V_39_reg_4847">
<pin_list>
<pin id="4848" dir="0" index="0" bw="4" slack="0"/>
<pin id="4849" dir="1" index="1" bw="4" slack="0"/>
</pin_list>
<bind>
<opset="oldMax_V_39 "/>
</bind>
</comp>

<comp id="4854" class="1005" name="oldMax_V_40_reg_4854">
<pin_list>
<pin id="4855" dir="0" index="0" bw="4" slack="0"/>
<pin id="4856" dir="1" index="1" bw="4" slack="0"/>
</pin_list>
<bind>
<opset="oldMax_V_40 "/>
</bind>
</comp>

<comp id="4861" class="1005" name="oldMax_V_41_reg_4861">
<pin_list>
<pin id="4862" dir="0" index="0" bw="4" slack="0"/>
<pin id="4863" dir="1" index="1" bw="4" slack="0"/>
</pin_list>
<bind>
<opset="oldMax_V_41 "/>
</bind>
</comp>

<comp id="4868" class="1005" name="oldMax_V_42_reg_4868">
<pin_list>
<pin id="4869" dir="0" index="0" bw="4" slack="0"/>
<pin id="4870" dir="1" index="1" bw="4" slack="0"/>
</pin_list>
<bind>
<opset="oldMax_V_42 "/>
</bind>
</comp>

<comp id="4875" class="1005" name="oldMax_V_43_reg_4875">
<pin_list>
<pin id="4876" dir="0" index="0" bw="4" slack="0"/>
<pin id="4877" dir="1" index="1" bw="4" slack="0"/>
</pin_list>
<bind>
<opset="oldMax_V_43 "/>
</bind>
</comp>

<comp id="4882" class="1005" name="oldMax_V_44_reg_4882">
<pin_list>
<pin id="4883" dir="0" index="0" bw="4" slack="0"/>
<pin id="4884" dir="1" index="1" bw="4" slack="0"/>
</pin_list>
<bind>
<opset="oldMax_V_44 "/>
</bind>
</comp>

<comp id="4889" class="1005" name="oldMax_V_45_reg_4889">
<pin_list>
<pin id="4890" dir="0" index="0" bw="4" slack="0"/>
<pin id="4891" dir="1" index="1" bw="4" slack="0"/>
</pin_list>
<bind>
<opset="oldMax_V_45 "/>
</bind>
</comp>

<comp id="4896" class="1005" name="oldMax_V_46_reg_4896">
<pin_list>
<pin id="4897" dir="0" index="0" bw="4" slack="0"/>
<pin id="4898" dir="1" index="1" bw="4" slack="0"/>
</pin_list>
<bind>
<opset="oldMax_V_46 "/>
</bind>
</comp>

<comp id="4903" class="1005" name="oldMax_V_47_reg_4903">
<pin_list>
<pin id="4904" dir="0" index="0" bw="4" slack="0"/>
<pin id="4905" dir="1" index="1" bw="4" slack="0"/>
</pin_list>
<bind>
<opset="oldMax_V_47 "/>
</bind>
</comp>

<comp id="4910" class="1005" name="oldMax_V_48_reg_4910">
<pin_list>
<pin id="4911" dir="0" index="0" bw="4" slack="0"/>
<pin id="4912" dir="1" index="1" bw="4" slack="0"/>
</pin_list>
<bind>
<opset="oldMax_V_48 "/>
</bind>
</comp>

<comp id="4917" class="1005" name="oldMax_V_49_reg_4917">
<pin_list>
<pin id="4918" dir="0" index="0" bw="4" slack="0"/>
<pin id="4919" dir="1" index="1" bw="4" slack="0"/>
</pin_list>
<bind>
<opset="oldMax_V_49 "/>
</bind>
</comp>

<comp id="4924" class="1005" name="oldMax_V_50_reg_4924">
<pin_list>
<pin id="4925" dir="0" index="0" bw="4" slack="0"/>
<pin id="4926" dir="1" index="1" bw="4" slack="0"/>
</pin_list>
<bind>
<opset="oldMax_V_50 "/>
</bind>
</comp>

<comp id="4931" class="1005" name="oldMax_V_51_reg_4931">
<pin_list>
<pin id="4932" dir="0" index="0" bw="4" slack="0"/>
<pin id="4933" dir="1" index="1" bw="4" slack="0"/>
</pin_list>
<bind>
<opset="oldMax_V_51 "/>
</bind>
</comp>

<comp id="4938" class="1005" name="oldMax_V_52_reg_4938">
<pin_list>
<pin id="4939" dir="0" index="0" bw="4" slack="0"/>
<pin id="4940" dir="1" index="1" bw="4" slack="0"/>
</pin_list>
<bind>
<opset="oldMax_V_52 "/>
</bind>
</comp>

<comp id="4945" class="1005" name="oldMax_V_53_reg_4945">
<pin_list>
<pin id="4946" dir="0" index="0" bw="4" slack="0"/>
<pin id="4947" dir="1" index="1" bw="4" slack="0"/>
</pin_list>
<bind>
<opset="oldMax_V_53 "/>
</bind>
</comp>

<comp id="4952" class="1005" name="oldMax_V_54_reg_4952">
<pin_list>
<pin id="4953" dir="0" index="0" bw="4" slack="0"/>
<pin id="4954" dir="1" index="1" bw="4" slack="0"/>
</pin_list>
<bind>
<opset="oldMax_V_54 "/>
</bind>
</comp>

<comp id="4959" class="1005" name="oldMax_V_55_reg_4959">
<pin_list>
<pin id="4960" dir="0" index="0" bw="4" slack="0"/>
<pin id="4961" dir="1" index="1" bw="4" slack="0"/>
</pin_list>
<bind>
<opset="oldMax_V_55 "/>
</bind>
</comp>

<comp id="4966" class="1005" name="oldMax_V_56_reg_4966">
<pin_list>
<pin id="4967" dir="0" index="0" bw="4" slack="0"/>
<pin id="4968" dir="1" index="1" bw="4" slack="0"/>
</pin_list>
<bind>
<opset="oldMax_V_56 "/>
</bind>
</comp>

<comp id="4973" class="1005" name="oldMax_V_57_reg_4973">
<pin_list>
<pin id="4974" dir="0" index="0" bw="4" slack="0"/>
<pin id="4975" dir="1" index="1" bw="4" slack="0"/>
</pin_list>
<bind>
<opset="oldMax_V_57 "/>
</bind>
</comp>

<comp id="4980" class="1005" name="oldMax_V_58_reg_4980">
<pin_list>
<pin id="4981" dir="0" index="0" bw="4" slack="0"/>
<pin id="4982" dir="1" index="1" bw="4" slack="0"/>
</pin_list>
<bind>
<opset="oldMax_V_58 "/>
</bind>
</comp>

<comp id="4987" class="1005" name="oldMax_V_59_reg_4987">
<pin_list>
<pin id="4988" dir="0" index="0" bw="4" slack="0"/>
<pin id="4989" dir="1" index="1" bw="4" slack="0"/>
</pin_list>
<bind>
<opset="oldMax_V_59 "/>
</bind>
</comp>

<comp id="4994" class="1005" name="oldMax_V_60_reg_4994">
<pin_list>
<pin id="4995" dir="0" index="0" bw="4" slack="0"/>
<pin id="4996" dir="1" index="1" bw="4" slack="0"/>
</pin_list>
<bind>
<opset="oldMax_V_60 "/>
</bind>
</comp>

<comp id="5001" class="1005" name="oldMax_V_61_reg_5001">
<pin_list>
<pin id="5002" dir="0" index="0" bw="4" slack="0"/>
<pin id="5003" dir="1" index="1" bw="4" slack="0"/>
</pin_list>
<bind>
<opset="oldMax_V_61 "/>
</bind>
</comp>

<comp id="5008" class="1005" name="oldMax_V_62_reg_5008">
<pin_list>
<pin id="5009" dir="0" index="0" bw="4" slack="0"/>
<pin id="5010" dir="1" index="1" bw="4" slack="0"/>
</pin_list>
<bind>
<opset="oldMax_V_62 "/>
</bind>
</comp>

<comp id="5015" class="1005" name="oldMax_V_63_reg_5015">
<pin_list>
<pin id="5016" dir="0" index="0" bw="4" slack="0"/>
<pin id="5017" dir="1" index="1" bw="4" slack="0"/>
</pin_list>
<bind>
<opset="oldMax_V_63 "/>
</bind>
</comp>

</comp_list>

<net_list>
<net id="557"><net_src comp="260" pin="0"/><net_sink comp="554" pin=0"/></net>

<net id="561"><net_src comp="260" pin="0"/><net_sink comp="558" pin=0"/></net>

<net id="565"><net_src comp="260" pin="0"/><net_sink comp="562" pin=0"/></net>

<net id="569"><net_src comp="260" pin="0"/><net_sink comp="566" pin=0"/></net>

<net id="573"><net_src comp="260" pin="0"/><net_sink comp="570" pin=0"/></net>

<net id="577"><net_src comp="260" pin="0"/><net_sink comp="574" pin=0"/></net>

<net id="581"><net_src comp="260" pin="0"/><net_sink comp="578" pin=0"/></net>

<net id="585"><net_src comp="260" pin="0"/><net_sink comp="582" pin=0"/></net>

<net id="589"><net_src comp="260" pin="0"/><net_sink comp="586" pin=0"/></net>

<net id="593"><net_src comp="260" pin="0"/><net_sink comp="590" pin=0"/></net>

<net id="597"><net_src comp="260" pin="0"/><net_sink comp="594" pin=0"/></net>

<net id="601"><net_src comp="260" pin="0"/><net_sink comp="598" pin=0"/></net>

<net id="605"><net_src comp="260" pin="0"/><net_sink comp="602" pin=0"/></net>

<net id="609"><net_src comp="260" pin="0"/><net_sink comp="606" pin=0"/></net>

<net id="613"><net_src comp="260" pin="0"/><net_sink comp="610" pin=0"/></net>

<net id="617"><net_src comp="260" pin="0"/><net_sink comp="614" pin=0"/></net>

<net id="621"><net_src comp="260" pin="0"/><net_sink comp="618" pin=0"/></net>

<net id="625"><net_src comp="260" pin="0"/><net_sink comp="622" pin=0"/></net>

<net id="629"><net_src comp="260" pin="0"/><net_sink comp="626" pin=0"/></net>

<net id="633"><net_src comp="260" pin="0"/><net_sink comp="630" pin=0"/></net>

<net id="637"><net_src comp="260" pin="0"/><net_sink comp="634" pin=0"/></net>

<net id="641"><net_src comp="260" pin="0"/><net_sink comp="638" pin=0"/></net>

<net id="645"><net_src comp="260" pin="0"/><net_sink comp="642" pin=0"/></net>

<net id="649"><net_src comp="260" pin="0"/><net_sink comp="646" pin=0"/></net>

<net id="653"><net_src comp="260" pin="0"/><net_sink comp="650" pin=0"/></net>

<net id="657"><net_src comp="260" pin="0"/><net_sink comp="654" pin=0"/></net>

<net id="661"><net_src comp="260" pin="0"/><net_sink comp="658" pin=0"/></net>

<net id="665"><net_src comp="260" pin="0"/><net_sink comp="662" pin=0"/></net>

<net id="669"><net_src comp="260" pin="0"/><net_sink comp="666" pin=0"/></net>

<net id="673"><net_src comp="260" pin="0"/><net_sink comp="670" pin=0"/></net>

<net id="677"><net_src comp="260" pin="0"/><net_sink comp="674" pin=0"/></net>

<net id="681"><net_src comp="260" pin="0"/><net_sink comp="678" pin=0"/></net>

<net id="685"><net_src comp="260" pin="0"/><net_sink comp="682" pin=0"/></net>

<net id="689"><net_src comp="260" pin="0"/><net_sink comp="686" pin=0"/></net>

<net id="693"><net_src comp="260" pin="0"/><net_sink comp="690" pin=0"/></net>

<net id="697"><net_src comp="260" pin="0"/><net_sink comp="694" pin=0"/></net>

<net id="701"><net_src comp="260" pin="0"/><net_sink comp="698" pin=0"/></net>

<net id="705"><net_src comp="260" pin="0"/><net_sink comp="702" pin=0"/></net>

<net id="709"><net_src comp="260" pin="0"/><net_sink comp="706" pin=0"/></net>

<net id="713"><net_src comp="260" pin="0"/><net_sink comp="710" pin=0"/></net>

<net id="717"><net_src comp="260" pin="0"/><net_sink comp="714" pin=0"/></net>

<net id="721"><net_src comp="260" pin="0"/><net_sink comp="718" pin=0"/></net>

<net id="725"><net_src comp="260" pin="0"/><net_sink comp="722" pin=0"/></net>

<net id="729"><net_src comp="260" pin="0"/><net_sink comp="726" pin=0"/></net>

<net id="733"><net_src comp="260" pin="0"/><net_sink comp="730" pin=0"/></net>

<net id="737"><net_src comp="260" pin="0"/><net_sink comp="734" pin=0"/></net>

<net id="741"><net_src comp="260" pin="0"/><net_sink comp="738" pin=0"/></net>

<net id="745"><net_src comp="260" pin="0"/><net_sink comp="742" pin=0"/></net>

<net id="749"><net_src comp="260" pin="0"/><net_sink comp="746" pin=0"/></net>

<net id="753"><net_src comp="260" pin="0"/><net_sink comp="750" pin=0"/></net>

<net id="757"><net_src comp="260" pin="0"/><net_sink comp="754" pin=0"/></net>

<net id="761"><net_src comp="260" pin="0"/><net_sink comp="758" pin=0"/></net>

<net id="765"><net_src comp="260" pin="0"/><net_sink comp="762" pin=0"/></net>

<net id="769"><net_src comp="260" pin="0"/><net_sink comp="766" pin=0"/></net>

<net id="773"><net_src comp="260" pin="0"/><net_sink comp="770" pin=0"/></net>

<net id="777"><net_src comp="260" pin="0"/><net_sink comp="774" pin=0"/></net>

<net id="781"><net_src comp="260" pin="0"/><net_sink comp="778" pin=0"/></net>

<net id="785"><net_src comp="260" pin="0"/><net_sink comp="782" pin=0"/></net>

<net id="789"><net_src comp="260" pin="0"/><net_sink comp="786" pin=0"/></net>

<net id="793"><net_src comp="260" pin="0"/><net_sink comp="790" pin=0"/></net>

<net id="797"><net_src comp="260" pin="0"/><net_sink comp="794" pin=0"/></net>

<net id="801"><net_src comp="260" pin="0"/><net_sink comp="798" pin=0"/></net>

<net id="805"><net_src comp="260" pin="0"/><net_sink comp="802" pin=0"/></net>

<net id="809"><net_src comp="260" pin="0"/><net_sink comp="806" pin=0"/></net>

<net id="813"><net_src comp="260" pin="0"/><net_sink comp="810" pin=0"/></net>

<net id="818"><net_src comp="262" pin="0"/><net_sink comp="814" pin=0"/></net>

<net id="819"><net_src comp="130" pin="0"/><net_sink comp="814" pin=1"/></net>

<net id="824"><net_src comp="264" pin="0"/><net_sink comp="820" pin=0"/></net>

<net id="825"><net_src comp="126" pin="0"/><net_sink comp="820" pin=1"/></net>

<net id="830"><net_src comp="264" pin="0"/><net_sink comp="826" pin=0"/></net>

<net id="831"><net_src comp="124" pin="0"/><net_sink comp="826" pin=1"/></net>

<net id="836"><net_src comp="264" pin="0"/><net_sink comp="832" pin=0"/></net>

<net id="837"><net_src comp="122" pin="0"/><net_sink comp="832" pin=1"/></net>

<net id="842"><net_src comp="264" pin="0"/><net_sink comp="838" pin=0"/></net>

<net id="843"><net_src comp="120" pin="0"/><net_sink comp="838" pin=1"/></net>

<net id="848"><net_src comp="264" pin="0"/><net_sink comp="844" pin=0"/></net>

<net id="849"><net_src comp="118" pin="0"/><net_sink comp="844" pin=1"/></net>

<net id="854"><net_src comp="264" pin="0"/><net_sink comp="850" pin=0"/></net>

<net id="855"><net_src comp="116" pin="0"/><net_sink comp="850" pin=1"/></net>

<net id="860"><net_src comp="264" pin="0"/><net_sink comp="856" pin=0"/></net>

<net id="861"><net_src comp="114" pin="0"/><net_sink comp="856" pin=1"/></net>

<net id="866"><net_src comp="264" pin="0"/><net_sink comp="862" pin=0"/></net>

<net id="867"><net_src comp="112" pin="0"/><net_sink comp="862" pin=1"/></net>

<net id="872"><net_src comp="264" pin="0"/><net_sink comp="868" pin=0"/></net>

<net id="873"><net_src comp="110" pin="0"/><net_sink comp="868" pin=1"/></net>

<net id="878"><net_src comp="264" pin="0"/><net_sink comp="874" pin=0"/></net>

<net id="879"><net_src comp="108" pin="0"/><net_sink comp="874" pin=1"/></net>

<net id="884"><net_src comp="264" pin="0"/><net_sink comp="880" pin=0"/></net>

<net id="885"><net_src comp="106" pin="0"/><net_sink comp="880" pin=1"/></net>

<net id="890"><net_src comp="264" pin="0"/><net_sink comp="886" pin=0"/></net>

<net id="891"><net_src comp="104" pin="0"/><net_sink comp="886" pin=1"/></net>

<net id="896"><net_src comp="264" pin="0"/><net_sink comp="892" pin=0"/></net>

<net id="897"><net_src comp="102" pin="0"/><net_sink comp="892" pin=1"/></net>

<net id="902"><net_src comp="264" pin="0"/><net_sink comp="898" pin=0"/></net>

<net id="903"><net_src comp="100" pin="0"/><net_sink comp="898" pin=1"/></net>

<net id="908"><net_src comp="264" pin="0"/><net_sink comp="904" pin=0"/></net>

<net id="909"><net_src comp="98" pin="0"/><net_sink comp="904" pin=1"/></net>

<net id="914"><net_src comp="264" pin="0"/><net_sink comp="910" pin=0"/></net>

<net id="915"><net_src comp="96" pin="0"/><net_sink comp="910" pin=1"/></net>

<net id="920"><net_src comp="264" pin="0"/><net_sink comp="916" pin=0"/></net>

<net id="921"><net_src comp="94" pin="0"/><net_sink comp="916" pin=1"/></net>

<net id="926"><net_src comp="264" pin="0"/><net_sink comp="922" pin=0"/></net>

<net id="927"><net_src comp="92" pin="0"/><net_sink comp="922" pin=1"/></net>

<net id="932"><net_src comp="264" pin="0"/><net_sink comp="928" pin=0"/></net>

<net id="933"><net_src comp="90" pin="0"/><net_sink comp="928" pin=1"/></net>

<net id="938"><net_src comp="264" pin="0"/><net_sink comp="934" pin=0"/></net>

<net id="939"><net_src comp="88" pin="0"/><net_sink comp="934" pin=1"/></net>

<net id="944"><net_src comp="264" pin="0"/><net_sink comp="940" pin=0"/></net>

<net id="945"><net_src comp="86" pin="0"/><net_sink comp="940" pin=1"/></net>

<net id="950"><net_src comp="264" pin="0"/><net_sink comp="946" pin=0"/></net>

<net id="951"><net_src comp="84" pin="0"/><net_sink comp="946" pin=1"/></net>

<net id="956"><net_src comp="264" pin="0"/><net_sink comp="952" pin=0"/></net>

<net id="957"><net_src comp="82" pin="0"/><net_sink comp="952" pin=1"/></net>

<net id="962"><net_src comp="264" pin="0"/><net_sink comp="958" pin=0"/></net>

<net id="963"><net_src comp="80" pin="0"/><net_sink comp="958" pin=1"/></net>

<net id="968"><net_src comp="264" pin="0"/><net_sink comp="964" pin=0"/></net>

<net id="969"><net_src comp="78" pin="0"/><net_sink comp="964" pin=1"/></net>

<net id="974"><net_src comp="264" pin="0"/><net_sink comp="970" pin=0"/></net>

<net id="975"><net_src comp="76" pin="0"/><net_sink comp="970" pin=1"/></net>

<net id="980"><net_src comp="264" pin="0"/><net_sink comp="976" pin=0"/></net>

<net id="981"><net_src comp="74" pin="0"/><net_sink comp="976" pin=1"/></net>

<net id="986"><net_src comp="264" pin="0"/><net_sink comp="982" pin=0"/></net>

<net id="987"><net_src comp="72" pin="0"/><net_sink comp="982" pin=1"/></net>

<net id="992"><net_src comp="264" pin="0"/><net_sink comp="988" pin=0"/></net>

<net id="993"><net_src comp="70" pin="0"/><net_sink comp="988" pin=1"/></net>

<net id="998"><net_src comp="264" pin="0"/><net_sink comp="994" pin=0"/></net>

<net id="999"><net_src comp="68" pin="0"/><net_sink comp="994" pin=1"/></net>

<net id="1004"><net_src comp="264" pin="0"/><net_sink comp="1000" pin=0"/></net>

<net id="1005"><net_src comp="66" pin="0"/><net_sink comp="1000" pin=1"/></net>

<net id="1010"><net_src comp="264" pin="0"/><net_sink comp="1006" pin=0"/></net>

<net id="1011"><net_src comp="64" pin="0"/><net_sink comp="1006" pin=1"/></net>

<net id="1016"><net_src comp="264" pin="0"/><net_sink comp="1012" pin=0"/></net>

<net id="1017"><net_src comp="62" pin="0"/><net_sink comp="1012" pin=1"/></net>

<net id="1022"><net_src comp="264" pin="0"/><net_sink comp="1018" pin=0"/></net>

<net id="1023"><net_src comp="60" pin="0"/><net_sink comp="1018" pin=1"/></net>

<net id="1028"><net_src comp="264" pin="0"/><net_sink comp="1024" pin=0"/></net>

<net id="1029"><net_src comp="58" pin="0"/><net_sink comp="1024" pin=1"/></net>

<net id="1034"><net_src comp="264" pin="0"/><net_sink comp="1030" pin=0"/></net>

<net id="1035"><net_src comp="56" pin="0"/><net_sink comp="1030" pin=1"/></net>

<net id="1040"><net_src comp="264" pin="0"/><net_sink comp="1036" pin=0"/></net>

<net id="1041"><net_src comp="54" pin="0"/><net_sink comp="1036" pin=1"/></net>

<net id="1046"><net_src comp="264" pin="0"/><net_sink comp="1042" pin=0"/></net>

<net id="1047"><net_src comp="52" pin="0"/><net_sink comp="1042" pin=1"/></net>

<net id="1052"><net_src comp="264" pin="0"/><net_sink comp="1048" pin=0"/></net>

<net id="1053"><net_src comp="50" pin="0"/><net_sink comp="1048" pin=1"/></net>

<net id="1058"><net_src comp="264" pin="0"/><net_sink comp="1054" pin=0"/></net>

<net id="1059"><net_src comp="48" pin="0"/><net_sink comp="1054" pin=1"/></net>

<net id="1064"><net_src comp="264" pin="0"/><net_sink comp="1060" pin=0"/></net>

<net id="1065"><net_src comp="46" pin="0"/><net_sink comp="1060" pin=1"/></net>

<net id="1070"><net_src comp="264" pin="0"/><net_sink comp="1066" pin=0"/></net>

<net id="1071"><net_src comp="44" pin="0"/><net_sink comp="1066" pin=1"/></net>

<net id="1076"><net_src comp="264" pin="0"/><net_sink comp="1072" pin=0"/></net>

<net id="1077"><net_src comp="42" pin="0"/><net_sink comp="1072" pin=1"/></net>

<net id="1082"><net_src comp="264" pin="0"/><net_sink comp="1078" pin=0"/></net>

<net id="1083"><net_src comp="40" pin="0"/><net_sink comp="1078" pin=1"/></net>

<net id="1088"><net_src comp="264" pin="0"/><net_sink comp="1084" pin=0"/></net>

<net id="1089"><net_src comp="38" pin="0"/><net_sink comp="1084" pin=1"/></net>

<net id="1094"><net_src comp="264" pin="0"/><net_sink comp="1090" pin=0"/></net>

<net id="1095"><net_src comp="36" pin="0"/><net_sink comp="1090" pin=1"/></net>

<net id="1100"><net_src comp="264" pin="0"/><net_sink comp="1096" pin=0"/></net>

<net id="1101"><net_src comp="34" pin="0"/><net_sink comp="1096" pin=1"/></net>

<net id="1106"><net_src comp="264" pin="0"/><net_sink comp="1102" pin=0"/></net>

<net id="1107"><net_src comp="32" pin="0"/><net_sink comp="1102" pin=1"/></net>

<net id="1112"><net_src comp="264" pin="0"/><net_sink comp="1108" pin=0"/></net>

<net id="1113"><net_src comp="30" pin="0"/><net_sink comp="1108" pin=1"/></net>

<net id="1118"><net_src comp="264" pin="0"/><net_sink comp="1114" pin=0"/></net>

<net id="1119"><net_src comp="28" pin="0"/><net_sink comp="1114" pin=1"/></net>

<net id="1124"><net_src comp="264" pin="0"/><net_sink comp="1120" pin=0"/></net>

<net id="1125"><net_src comp="26" pin="0"/><net_sink comp="1120" pin=1"/></net>

<net id="1130"><net_src comp="264" pin="0"/><net_sink comp="1126" pin=0"/></net>

<net id="1131"><net_src comp="24" pin="0"/><net_sink comp="1126" pin=1"/></net>

<net id="1136"><net_src comp="264" pin="0"/><net_sink comp="1132" pin=0"/></net>

<net id="1137"><net_src comp="22" pin="0"/><net_sink comp="1132" pin=1"/></net>

<net id="1142"><net_src comp="264" pin="0"/><net_sink comp="1138" pin=0"/></net>

<net id="1143"><net_src comp="20" pin="0"/><net_sink comp="1138" pin=1"/></net>

<net id="1148"><net_src comp="264" pin="0"/><net_sink comp="1144" pin=0"/></net>

<net id="1149"><net_src comp="18" pin="0"/><net_sink comp="1144" pin=1"/></net>

<net id="1154"><net_src comp="264" pin="0"/><net_sink comp="1150" pin=0"/></net>

<net id="1155"><net_src comp="16" pin="0"/><net_sink comp="1150" pin=1"/></net>

<net id="1160"><net_src comp="264" pin="0"/><net_sink comp="1156" pin=0"/></net>

<net id="1161"><net_src comp="14" pin="0"/><net_sink comp="1156" pin=1"/></net>

<net id="1166"><net_src comp="264" pin="0"/><net_sink comp="1162" pin=0"/></net>

<net id="1167"><net_src comp="12" pin="0"/><net_sink comp="1162" pin=1"/></net>

<net id="1172"><net_src comp="264" pin="0"/><net_sink comp="1168" pin=0"/></net>

<net id="1173"><net_src comp="10" pin="0"/><net_sink comp="1168" pin=1"/></net>

<net id="1178"><net_src comp="264" pin="0"/><net_sink comp="1174" pin=0"/></net>

<net id="1179"><net_src comp="8" pin="0"/><net_sink comp="1174" pin=1"/></net>

<net id="1184"><net_src comp="264" pin="0"/><net_sink comp="1180" pin=0"/></net>

<net id="1185"><net_src comp="6" pin="0"/><net_sink comp="1180" pin=1"/></net>

<net id="1190"><net_src comp="264" pin="0"/><net_sink comp="1186" pin=0"/></net>

<net id="1191"><net_src comp="4" pin="0"/><net_sink comp="1186" pin=1"/></net>

<net id="1196"><net_src comp="264" pin="0"/><net_sink comp="1192" pin=0"/></net>

<net id="1197"><net_src comp="2" pin="0"/><net_sink comp="1192" pin=1"/></net>

<net id="1202"><net_src comp="264" pin="0"/><net_sink comp="1198" pin=0"/></net>

<net id="1203"><net_src comp="0" pin="0"/><net_sink comp="1198" pin=1"/></net>

<net id="1208"><net_src comp="298" pin="0"/><net_sink comp="1204" pin=0"/></net>

<net id="1209"><net_src comp="258" pin="0"/><net_sink comp="1204" pin=1"/></net>

<net id="1215"><net_src comp="128" pin="0"/><net_sink comp="1210" pin=0"/></net>

<net id="1216"><net_src comp="280" pin="0"/><net_sink comp="1210" pin=1"/></net>

<net id="1222"><net_src comp="132" pin="0"/><net_sink comp="1217" pin=0"/></net>

<net id="1223"><net_src comp="280" pin="0"/><net_sink comp="1217" pin=1"/></net>

<net id="1229"><net_src comp="134" pin="0"/><net_sink comp="1224" pin=0"/></net>

<net id="1230"><net_src comp="280" pin="0"/><net_sink comp="1224" pin=1"/></net>

<net id="1236"><net_src comp="136" pin="0"/><net_sink comp="1231" pin=0"/></net>

<net id="1237"><net_src comp="280" pin="0"/><net_sink comp="1231" pin=1"/></net>

<net id="1243"><net_src comp="138" pin="0"/><net_sink comp="1238" pin=0"/></net>

<net id="1244"><net_src comp="280" pin="0"/><net_sink comp="1238" pin=1"/></net>

<net id="1250"><net_src comp="140" pin="0"/><net_sink comp="1245" pin=0"/></net>

<net id="1251"><net_src comp="280" pin="0"/><net_sink comp="1245" pin=1"/></net>

<net id="1257"><net_src comp="142" pin="0"/><net_sink comp="1252" pin=0"/></net>

<net id="1258"><net_src comp="280" pin="0"/><net_sink comp="1252" pin=1"/></net>

<net id="1264"><net_src comp="144" pin="0"/><net_sink comp="1259" pin=0"/></net>

<net id="1265"><net_src comp="280" pin="0"/><net_sink comp="1259" pin=1"/></net>

<net id="1271"><net_src comp="146" pin="0"/><net_sink comp="1266" pin=0"/></net>

<net id="1272"><net_src comp="280" pin="0"/><net_sink comp="1266" pin=1"/></net>

<net id="1278"><net_src comp="148" pin="0"/><net_sink comp="1273" pin=0"/></net>

<net id="1279"><net_src comp="280" pin="0"/><net_sink comp="1273" pin=1"/></net>

<net id="1285"><net_src comp="150" pin="0"/><net_sink comp="1280" pin=0"/></net>

<net id="1286"><net_src comp="280" pin="0"/><net_sink comp="1280" pin=1"/></net>

<net id="1292"><net_src comp="152" pin="0"/><net_sink comp="1287" pin=0"/></net>

<net id="1293"><net_src comp="280" pin="0"/><net_sink comp="1287" pin=1"/></net>

<net id="1299"><net_src comp="154" pin="0"/><net_sink comp="1294" pin=0"/></net>

<net id="1300"><net_src comp="280" pin="0"/><net_sink comp="1294" pin=1"/></net>

<net id="1306"><net_src comp="156" pin="0"/><net_sink comp="1301" pin=0"/></net>

<net id="1307"><net_src comp="280" pin="0"/><net_sink comp="1301" pin=1"/></net>

<net id="1313"><net_src comp="158" pin="0"/><net_sink comp="1308" pin=0"/></net>

<net id="1314"><net_src comp="280" pin="0"/><net_sink comp="1308" pin=1"/></net>

<net id="1320"><net_src comp="160" pin="0"/><net_sink comp="1315" pin=0"/></net>

<net id="1321"><net_src comp="280" pin="0"/><net_sink comp="1315" pin=1"/></net>

<net id="1327"><net_src comp="162" pin="0"/><net_sink comp="1322" pin=0"/></net>

<net id="1328"><net_src comp="280" pin="0"/><net_sink comp="1322" pin=1"/></net>

<net id="1334"><net_src comp="164" pin="0"/><net_sink comp="1329" pin=0"/></net>

<net id="1335"><net_src comp="280" pin="0"/><net_sink comp="1329" pin=1"/></net>

<net id="1341"><net_src comp="166" pin="0"/><net_sink comp="1336" pin=0"/></net>

<net id="1342"><net_src comp="280" pin="0"/><net_sink comp="1336" pin=1"/></net>

<net id="1348"><net_src comp="168" pin="0"/><net_sink comp="1343" pin=0"/></net>

<net id="1349"><net_src comp="280" pin="0"/><net_sink comp="1343" pin=1"/></net>

<net id="1355"><net_src comp="170" pin="0"/><net_sink comp="1350" pin=0"/></net>

<net id="1356"><net_src comp="280" pin="0"/><net_sink comp="1350" pin=1"/></net>

<net id="1362"><net_src comp="172" pin="0"/><net_sink comp="1357" pin=0"/></net>

<net id="1363"><net_src comp="280" pin="0"/><net_sink comp="1357" pin=1"/></net>

<net id="1369"><net_src comp="174" pin="0"/><net_sink comp="1364" pin=0"/></net>

<net id="1370"><net_src comp="280" pin="0"/><net_sink comp="1364" pin=1"/></net>

<net id="1376"><net_src comp="176" pin="0"/><net_sink comp="1371" pin=0"/></net>

<net id="1377"><net_src comp="280" pin="0"/><net_sink comp="1371" pin=1"/></net>

<net id="1383"><net_src comp="178" pin="0"/><net_sink comp="1378" pin=0"/></net>

<net id="1384"><net_src comp="280" pin="0"/><net_sink comp="1378" pin=1"/></net>

<net id="1390"><net_src comp="180" pin="0"/><net_sink comp="1385" pin=0"/></net>

<net id="1391"><net_src comp="280" pin="0"/><net_sink comp="1385" pin=1"/></net>

<net id="1397"><net_src comp="182" pin="0"/><net_sink comp="1392" pin=0"/></net>

<net id="1398"><net_src comp="280" pin="0"/><net_sink comp="1392" pin=1"/></net>

<net id="1404"><net_src comp="184" pin="0"/><net_sink comp="1399" pin=0"/></net>

<net id="1405"><net_src comp="280" pin="0"/><net_sink comp="1399" pin=1"/></net>

<net id="1411"><net_src comp="186" pin="0"/><net_sink comp="1406" pin=0"/></net>

<net id="1412"><net_src comp="280" pin="0"/><net_sink comp="1406" pin=1"/></net>

<net id="1418"><net_src comp="188" pin="0"/><net_sink comp="1413" pin=0"/></net>

<net id="1419"><net_src comp="280" pin="0"/><net_sink comp="1413" pin=1"/></net>

<net id="1425"><net_src comp="190" pin="0"/><net_sink comp="1420" pin=0"/></net>

<net id="1426"><net_src comp="280" pin="0"/><net_sink comp="1420" pin=1"/></net>

<net id="1432"><net_src comp="192" pin="0"/><net_sink comp="1427" pin=0"/></net>

<net id="1433"><net_src comp="280" pin="0"/><net_sink comp="1427" pin=1"/></net>

<net id="1439"><net_src comp="194" pin="0"/><net_sink comp="1434" pin=0"/></net>

<net id="1440"><net_src comp="280" pin="0"/><net_sink comp="1434" pin=1"/></net>

<net id="1446"><net_src comp="196" pin="0"/><net_sink comp="1441" pin=0"/></net>

<net id="1447"><net_src comp="280" pin="0"/><net_sink comp="1441" pin=1"/></net>

<net id="1453"><net_src comp="198" pin="0"/><net_sink comp="1448" pin=0"/></net>

<net id="1454"><net_src comp="280" pin="0"/><net_sink comp="1448" pin=1"/></net>

<net id="1460"><net_src comp="200" pin="0"/><net_sink comp="1455" pin=0"/></net>

<net id="1461"><net_src comp="280" pin="0"/><net_sink comp="1455" pin=1"/></net>

<net id="1467"><net_src comp="202" pin="0"/><net_sink comp="1462" pin=0"/></net>

<net id="1468"><net_src comp="280" pin="0"/><net_sink comp="1462" pin=1"/></net>

<net id="1474"><net_src comp="204" pin="0"/><net_sink comp="1469" pin=0"/></net>

<net id="1475"><net_src comp="280" pin="0"/><net_sink comp="1469" pin=1"/></net>

<net id="1481"><net_src comp="206" pin="0"/><net_sink comp="1476" pin=0"/></net>

<net id="1482"><net_src comp="280" pin="0"/><net_sink comp="1476" pin=1"/></net>

<net id="1488"><net_src comp="208" pin="0"/><net_sink comp="1483" pin=0"/></net>

<net id="1489"><net_src comp="280" pin="0"/><net_sink comp="1483" pin=1"/></net>

<net id="1495"><net_src comp="210" pin="0"/><net_sink comp="1490" pin=0"/></net>

<net id="1496"><net_src comp="280" pin="0"/><net_sink comp="1490" pin=1"/></net>

<net id="1502"><net_src comp="212" pin="0"/><net_sink comp="1497" pin=0"/></net>

<net id="1503"><net_src comp="280" pin="0"/><net_sink comp="1497" pin=1"/></net>

<net id="1509"><net_src comp="214" pin="0"/><net_sink comp="1504" pin=0"/></net>

<net id="1510"><net_src comp="280" pin="0"/><net_sink comp="1504" pin=1"/></net>

<net id="1516"><net_src comp="216" pin="0"/><net_sink comp="1511" pin=0"/></net>

<net id="1517"><net_src comp="280" pin="0"/><net_sink comp="1511" pin=1"/></net>

<net id="1523"><net_src comp="218" pin="0"/><net_sink comp="1518" pin=0"/></net>

<net id="1524"><net_src comp="280" pin="0"/><net_sink comp="1518" pin=1"/></net>

<net id="1530"><net_src comp="220" pin="0"/><net_sink comp="1525" pin=0"/></net>

<net id="1531"><net_src comp="280" pin="0"/><net_sink comp="1525" pin=1"/></net>

<net id="1537"><net_src comp="222" pin="0"/><net_sink comp="1532" pin=0"/></net>

<net id="1538"><net_src comp="280" pin="0"/><net_sink comp="1532" pin=1"/></net>

<net id="1544"><net_src comp="224" pin="0"/><net_sink comp="1539" pin=0"/></net>

<net id="1545"><net_src comp="280" pin="0"/><net_sink comp="1539" pin=1"/></net>

<net id="1551"><net_src comp="226" pin="0"/><net_sink comp="1546" pin=0"/></net>

<net id="1552"><net_src comp="280" pin="0"/><net_sink comp="1546" pin=1"/></net>

<net id="1558"><net_src comp="228" pin="0"/><net_sink comp="1553" pin=0"/></net>

<net id="1559"><net_src comp="280" pin="0"/><net_sink comp="1553" pin=1"/></net>

<net id="1565"><net_src comp="230" pin="0"/><net_sink comp="1560" pin=0"/></net>

<net id="1566"><net_src comp="280" pin="0"/><net_sink comp="1560" pin=1"/></net>

<net id="1572"><net_src comp="232" pin="0"/><net_sink comp="1567" pin=0"/></net>

<net id="1573"><net_src comp="280" pin="0"/><net_sink comp="1567" pin=1"/></net>

<net id="1579"><net_src comp="234" pin="0"/><net_sink comp="1574" pin=0"/></net>

<net id="1580"><net_src comp="280" pin="0"/><net_sink comp="1574" pin=1"/></net>

<net id="1586"><net_src comp="236" pin="0"/><net_sink comp="1581" pin=0"/></net>

<net id="1587"><net_src comp="280" pin="0"/><net_sink comp="1581" pin=1"/></net>

<net id="1593"><net_src comp="238" pin="0"/><net_sink comp="1588" pin=0"/></net>

<net id="1594"><net_src comp="280" pin="0"/><net_sink comp="1588" pin=1"/></net>

<net id="1600"><net_src comp="240" pin="0"/><net_sink comp="1595" pin=0"/></net>

<net id="1601"><net_src comp="280" pin="0"/><net_sink comp="1595" pin=1"/></net>

<net id="1607"><net_src comp="242" pin="0"/><net_sink comp="1602" pin=0"/></net>

<net id="1608"><net_src comp="280" pin="0"/><net_sink comp="1602" pin=1"/></net>

<net id="1614"><net_src comp="244" pin="0"/><net_sink comp="1609" pin=0"/></net>

<net id="1615"><net_src comp="280" pin="0"/><net_sink comp="1609" pin=1"/></net>

<net id="1621"><net_src comp="246" pin="0"/><net_sink comp="1616" pin=0"/></net>

<net id="1622"><net_src comp="280" pin="0"/><net_sink comp="1616" pin=1"/></net>

<net id="1628"><net_src comp="248" pin="0"/><net_sink comp="1623" pin=0"/></net>

<net id="1629"><net_src comp="280" pin="0"/><net_sink comp="1623" pin=1"/></net>

<net id="1635"><net_src comp="250" pin="0"/><net_sink comp="1630" pin=0"/></net>

<net id="1636"><net_src comp="280" pin="0"/><net_sink comp="1630" pin=1"/></net>

<net id="1642"><net_src comp="252" pin="0"/><net_sink comp="1637" pin=0"/></net>

<net id="1643"><net_src comp="280" pin="0"/><net_sink comp="1637" pin=1"/></net>

<net id="1649"><net_src comp="254" pin="0"/><net_sink comp="1644" pin=0"/></net>

<net id="1650"><net_src comp="280" pin="0"/><net_sink comp="1644" pin=1"/></net>

<net id="1656"><net_src comp="256" pin="0"/><net_sink comp="1651" pin=0"/></net>

<net id="1657"><net_src comp="280" pin="0"/><net_sink comp="1651" pin=1"/></net>

<net id="1663"><net_src comp="1651" pin="3"/><net_sink comp="1658" pin=0"/></net>

<net id="1669"><net_src comp="1644" pin="3"/><net_sink comp="1664" pin=0"/></net>

<net id="1675"><net_src comp="1637" pin="3"/><net_sink comp="1670" pin=0"/></net>

<net id="1681"><net_src comp="1630" pin="3"/><net_sink comp="1676" pin=0"/></net>

<net id="1687"><net_src comp="1623" pin="3"/><net_sink comp="1682" pin=0"/></net>

<net id="1693"><net_src comp="1616" pin="3"/><net_sink comp="1688" pin=0"/></net>

<net id="1699"><net_src comp="1609" pin="3"/><net_sink comp="1694" pin=0"/></net>

<net id="1705"><net_src comp="1602" pin="3"/><net_sink comp="1700" pin=0"/></net>

<net id="1711"><net_src comp="1595" pin="3"/><net_sink comp="1706" pin=0"/></net>

<net id="1717"><net_src comp="1588" pin="3"/><net_sink comp="1712" pin=0"/></net>

<net id="1723"><net_src comp="1581" pin="3"/><net_sink comp="1718" pin=0"/></net>

<net id="1729"><net_src comp="1574" pin="3"/><net_sink comp="1724" pin=0"/></net>

<net id="1735"><net_src comp="1567" pin="3"/><net_sink comp="1730" pin=0"/></net>

<net id="1741"><net_src comp="1560" pin="3"/><net_sink comp="1736" pin=0"/></net>

<net id="1747"><net_src comp="1553" pin="3"/><net_sink comp="1742" pin=0"/></net>

<net id="1753"><net_src comp="1546" pin="3"/><net_sink comp="1748" pin=0"/></net>

<net id="1759"><net_src comp="1539" pin="3"/><net_sink comp="1754" pin=0"/></net>

<net id="1765"><net_src comp="1532" pin="3"/><net_sink comp="1760" pin=0"/></net>

<net id="1771"><net_src comp="1525" pin="3"/><net_sink comp="1766" pin=0"/></net>

<net id="1777"><net_src comp="1518" pin="3"/><net_sink comp="1772" pin=0"/></net>

<net id="1783"><net_src comp="1511" pin="3"/><net_sink comp="1778" pin=0"/></net>

<net id="1789"><net_src comp="1504" pin="3"/><net_sink comp="1784" pin=0"/></net>

<net id="1795"><net_src comp="1497" pin="3"/><net_sink comp="1790" pin=0"/></net>

<net id="1801"><net_src comp="1490" pin="3"/><net_sink comp="1796" pin=0"/></net>

<net id="1807"><net_src comp="1483" pin="3"/><net_sink comp="1802" pin=0"/></net>

<net id="1813"><net_src comp="1476" pin="3"/><net_sink comp="1808" pin=0"/></net>

<net id="1819"><net_src comp="1469" pin="3"/><net_sink comp="1814" pin=0"/></net>

<net id="1825"><net_src comp="1462" pin="3"/><net_sink comp="1820" pin=0"/></net>

<net id="1831"><net_src comp="1455" pin="3"/><net_sink comp="1826" pin=0"/></net>

<net id="1837"><net_src comp="1448" pin="3"/><net_sink comp="1832" pin=0"/></net>

<net id="1843"><net_src comp="1441" pin="3"/><net_sink comp="1838" pin=0"/></net>

<net id="1849"><net_src comp="1434" pin="3"/><net_sink comp="1844" pin=0"/></net>

<net id="1855"><net_src comp="1427" pin="3"/><net_sink comp="1850" pin=0"/></net>

<net id="1861"><net_src comp="1420" pin="3"/><net_sink comp="1856" pin=0"/></net>

<net id="1867"><net_src comp="1413" pin="3"/><net_sink comp="1862" pin=0"/></net>

<net id="1873"><net_src comp="1406" pin="3"/><net_sink comp="1868" pin=0"/></net>

<net id="1879"><net_src comp="1399" pin="3"/><net_sink comp="1874" pin=0"/></net>

<net id="1885"><net_src comp="1392" pin="3"/><net_sink comp="1880" pin=0"/></net>

<net id="1891"><net_src comp="1385" pin="3"/><net_sink comp="1886" pin=0"/></net>

<net id="1897"><net_src comp="1378" pin="3"/><net_sink comp="1892" pin=0"/></net>

<net id="1903"><net_src comp="1371" pin="3"/><net_sink comp="1898" pin=0"/></net>

<net id="1909"><net_src comp="1364" pin="3"/><net_sink comp="1904" pin=0"/></net>

<net id="1915"><net_src comp="1357" pin="3"/><net_sink comp="1910" pin=0"/></net>

<net id="1921"><net_src comp="1350" pin="3"/><net_sink comp="1916" pin=0"/></net>

<net id="1927"><net_src comp="1343" pin="3"/><net_sink comp="1922" pin=0"/></net>

<net id="1933"><net_src comp="1336" pin="3"/><net_sink comp="1928" pin=0"/></net>

<net id="1939"><net_src comp="1329" pin="3"/><net_sink comp="1934" pin=0"/></net>

<net id="1945"><net_src comp="1322" pin="3"/><net_sink comp="1940" pin=0"/></net>

<net id="1951"><net_src comp="1315" pin="3"/><net_sink comp="1946" pin=0"/></net>

<net id="1957"><net_src comp="1308" pin="3"/><net_sink comp="1952" pin=0"/></net>

<net id="1963"><net_src comp="1301" pin="3"/><net_sink comp="1958" pin=0"/></net>

<net id="1969"><net_src comp="1294" pin="3"/><net_sink comp="1964" pin=0"/></net>

<net id="1975"><net_src comp="1287" pin="3"/><net_sink comp="1970" pin=0"/></net>

<net id="1981"><net_src comp="1280" pin="3"/><net_sink comp="1976" pin=0"/></net>

<net id="1987"><net_src comp="1273" pin="3"/><net_sink comp="1982" pin=0"/></net>

<net id="1993"><net_src comp="1266" pin="3"/><net_sink comp="1988" pin=0"/></net>

<net id="1999"><net_src comp="1259" pin="3"/><net_sink comp="1994" pin=0"/></net>

<net id="2005"><net_src comp="1252" pin="3"/><net_sink comp="2000" pin=0"/></net>

<net id="2011"><net_src comp="1245" pin="3"/><net_sink comp="2006" pin=0"/></net>

<net id="2017"><net_src comp="1238" pin="3"/><net_sink comp="2012" pin=0"/></net>

<net id="2023"><net_src comp="1231" pin="3"/><net_sink comp="2018" pin=0"/></net>

<net id="2029"><net_src comp="1224" pin="3"/><net_sink comp="2024" pin=0"/></net>

<net id="2035"><net_src comp="1217" pin="3"/><net_sink comp="2030" pin=0"/></net>

<net id="2041"><net_src comp="1210" pin="3"/><net_sink comp="2036" pin=0"/></net>

<net id="2045"><net_src comp="814" pin="2"/><net_sink comp="2042" pin=0"/></net>

<net id="2046"><net_src comp="2042" pin="1"/><net_sink comp="1210" pin=2"/></net>

<net id="2047"><net_src comp="2042" pin="1"/><net_sink comp="1217" pin=2"/></net>

<net id="2048"><net_src comp="2042" pin="1"/><net_sink comp="1224" pin=2"/></net>

<net id="2049"><net_src comp="2042" pin="1"/><net_sink comp="1231" pin=2"/></net>

<net id="2050"><net_src comp="2042" pin="1"/><net_sink comp="1238" pin=2"/></net>

<net id="2051"><net_src comp="2042" pin="1"/><net_sink comp="1245" pin=2"/></net>

<net id="2052"><net_src comp="2042" pin="1"/><net_sink comp="1252" pin=2"/></net>

<net id="2053"><net_src comp="2042" pin="1"/><net_sink comp="1259" pin=2"/></net>

<net id="2054"><net_src comp="2042" pin="1"/><net_sink comp="1266" pin=2"/></net>

<net id="2055"><net_src comp="2042" pin="1"/><net_sink comp="1273" pin=2"/></net>

<net id="2056"><net_src comp="2042" pin="1"/><net_sink comp="1280" pin=2"/></net>

<net id="2057"><net_src comp="2042" pin="1"/><net_sink comp="1287" pin=2"/></net>

<net id="2058"><net_src comp="2042" pin="1"/><net_sink comp="1294" pin=2"/></net>

<net id="2059"><net_src comp="2042" pin="1"/><net_sink comp="1301" pin=2"/></net>

<net id="2060"><net_src comp="2042" pin="1"/><net_sink comp="1308" pin=2"/></net>

<net id="2061"><net_src comp="2042" pin="1"/><net_sink comp="1315" pin=2"/></net>

<net id="2062"><net_src comp="2042" pin="1"/><net_sink comp="1322" pin=2"/></net>

<net id="2063"><net_src comp="2042" pin="1"/><net_sink comp="1329" pin=2"/></net>

<net id="2064"><net_src comp="2042" pin="1"/><net_sink comp="1336" pin=2"/></net>

<net id="2065"><net_src comp="2042" pin="1"/><net_sink comp="1343" pin=2"/></net>

<net id="2066"><net_src comp="2042" pin="1"/><net_sink comp="1350" pin=2"/></net>

<net id="2067"><net_src comp="2042" pin="1"/><net_sink comp="1357" pin=2"/></net>

<net id="2068"><net_src comp="2042" pin="1"/><net_sink comp="1364" pin=2"/></net>

<net id="2069"><net_src comp="2042" pin="1"/><net_sink comp="1371" pin=2"/></net>

<net id="2070"><net_src comp="2042" pin="1"/><net_sink comp="1378" pin=2"/></net>

<net id="2071"><net_src comp="2042" pin="1"/><net_sink comp="1385" pin=2"/></net>

<net id="2072"><net_src comp="2042" pin="1"/><net_sink comp="1392" pin=2"/></net>

<net id="2073"><net_src comp="2042" pin="1"/><net_sink comp="1399" pin=2"/></net>

<net id="2074"><net_src comp="2042" pin="1"/><net_sink comp="1406" pin=2"/></net>

<net id="2075"><net_src comp="2042" pin="1"/><net_sink comp="1413" pin=2"/></net>

<net id="2076"><net_src comp="2042" pin="1"/><net_sink comp="1420" pin=2"/></net>

<net id="2077"><net_src comp="2042" pin="1"/><net_sink comp="1427" pin=2"/></net>

<net id="2078"><net_src comp="2042" pin="1"/><net_sink comp="1434" pin=2"/></net>

<net id="2079"><net_src comp="2042" pin="1"/><net_sink comp="1441" pin=2"/></net>

<net id="2080"><net_src comp="2042" pin="1"/><net_sink comp="1448" pin=2"/></net>

<net id="2081"><net_src comp="2042" pin="1"/><net_sink comp="1455" pin=2"/></net>

<net id="2082"><net_src comp="2042" pin="1"/><net_sink comp="1462" pin=2"/></net>

<net id="2083"><net_src comp="2042" pin="1"/><net_sink comp="1469" pin=2"/></net>

<net id="2084"><net_src comp="2042" pin="1"/><net_sink comp="1476" pin=2"/></net>

<net id="2085"><net_src comp="2042" pin="1"/><net_sink comp="1483" pin=2"/></net>

<net id="2086"><net_src comp="2042" pin="1"/><net_sink comp="1490" pin=2"/></net>

<net id="2087"><net_src comp="2042" pin="1"/><net_sink comp="1497" pin=2"/></net>

<net id="2088"><net_src comp="2042" pin="1"/><net_sink comp="1504" pin=2"/></net>

<net id="2089"><net_src comp="2042" pin="1"/><net_sink comp="1511" pin=2"/></net>

<net id="2090"><net_src comp="2042" pin="1"/><net_sink comp="1518" pin=2"/></net>

<net id="2091"><net_src comp="2042" pin="1"/><net_sink comp="1525" pin=2"/></net>

<net id="2092"><net_src comp="2042" pin="1"/><net_sink comp="1532" pin=2"/></net>

<net id="2093"><net_src comp="2042" pin="1"/><net_sink comp="1539" pin=2"/></net>

<net id="2094"><net_src comp="2042" pin="1"/><net_sink comp="1546" pin=2"/></net>

<net id="2095"><net_src comp="2042" pin="1"/><net_sink comp="1553" pin=2"/></net>

<net id="2096"><net_src comp="2042" pin="1"/><net_sink comp="1560" pin=2"/></net>

<net id="2097"><net_src comp="2042" pin="1"/><net_sink comp="1567" pin=2"/></net>

<net id="2098"><net_src comp="2042" pin="1"/><net_sink comp="1574" pin=2"/></net>

<net id="2099"><net_src comp="2042" pin="1"/><net_sink comp="1581" pin=2"/></net>

<net id="2100"><net_src comp="2042" pin="1"/><net_sink comp="1588" pin=2"/></net>

<net id="2101"><net_src comp="2042" pin="1"/><net_sink comp="1595" pin=2"/></net>

<net id="2102"><net_src comp="2042" pin="1"/><net_sink comp="1602" pin=2"/></net>

<net id="2103"><net_src comp="2042" pin="1"/><net_sink comp="1609" pin=2"/></net>

<net id="2104"><net_src comp="2042" pin="1"/><net_sink comp="1616" pin=2"/></net>

<net id="2105"><net_src comp="2042" pin="1"/><net_sink comp="1623" pin=2"/></net>

<net id="2106"><net_src comp="2042" pin="1"/><net_sink comp="1630" pin=2"/></net>

<net id="2107"><net_src comp="2042" pin="1"/><net_sink comp="1637" pin=2"/></net>

<net id="2108"><net_src comp="2042" pin="1"/><net_sink comp="1644" pin=2"/></net>

<net id="2109"><net_src comp="2042" pin="1"/><net_sink comp="1651" pin=2"/></net>

<net id="2114"><net_src comp="1198" pin="2"/><net_sink comp="2110" pin=0"/></net>

<net id="2119"><net_src comp="1192" pin="2"/><net_sink comp="2115" pin=0"/></net>

<net id="2124"><net_src comp="1186" pin="2"/><net_sink comp="2120" pin=0"/></net>

<net id="2129"><net_src comp="1180" pin="2"/><net_sink comp="2125" pin=0"/></net>

<net id="2134"><net_src comp="1174" pin="2"/><net_sink comp="2130" pin=0"/></net>

<net id="2139"><net_src comp="1168" pin="2"/><net_sink comp="2135" pin=0"/></net>

<net id="2144"><net_src comp="1162" pin="2"/><net_sink comp="2140" pin=0"/></net>

<net id="2149"><net_src comp="1156" pin="2"/><net_sink comp="2145" pin=0"/></net>

<net id="2154"><net_src comp="1150" pin="2"/><net_sink comp="2150" pin=0"/></net>

<net id="2159"><net_src comp="1144" pin="2"/><net_sink comp="2155" pin=0"/></net>

<net id="2164"><net_src comp="1138" pin="2"/><net_sink comp="2160" pin=0"/></net>

<net id="2169"><net_src comp="1132" pin="2"/><net_sink comp="2165" pin=0"/></net>

<net id="2174"><net_src comp="1126" pin="2"/><net_sink comp="2170" pin=0"/></net>

<net id="2179"><net_src comp="1120" pin="2"/><net_sink comp="2175" pin=0"/></net>

<net id="2184"><net_src comp="1114" pin="2"/><net_sink comp="2180" pin=0"/></net>

<net id="2189"><net_src comp="1108" pin="2"/><net_sink comp="2185" pin=0"/></net>

<net id="2194"><net_src comp="1102" pin="2"/><net_sink comp="2190" pin=0"/></net>

<net id="2199"><net_src comp="1096" pin="2"/><net_sink comp="2195" pin=0"/></net>

<net id="2204"><net_src comp="1090" pin="2"/><net_sink comp="2200" pin=0"/></net>

<net id="2209"><net_src comp="1084" pin="2"/><net_sink comp="2205" pin=0"/></net>

<net id="2214"><net_src comp="1078" pin="2"/><net_sink comp="2210" pin=0"/></net>

<net id="2219"><net_src comp="1072" pin="2"/><net_sink comp="2215" pin=0"/></net>

<net id="2224"><net_src comp="1066" pin="2"/><net_sink comp="2220" pin=0"/></net>

<net id="2229"><net_src comp="1060" pin="2"/><net_sink comp="2225" pin=0"/></net>

<net id="2234"><net_src comp="1054" pin="2"/><net_sink comp="2230" pin=0"/></net>

<net id="2239"><net_src comp="1048" pin="2"/><net_sink comp="2235" pin=0"/></net>

<net id="2244"><net_src comp="1042" pin="2"/><net_sink comp="2240" pin=0"/></net>

<net id="2249"><net_src comp="1036" pin="2"/><net_sink comp="2245" pin=0"/></net>

<net id="2254"><net_src comp="1030" pin="2"/><net_sink comp="2250" pin=0"/></net>

<net id="2259"><net_src comp="1024" pin="2"/><net_sink comp="2255" pin=0"/></net>

<net id="2264"><net_src comp="1018" pin="2"/><net_sink comp="2260" pin=0"/></net>

<net id="2269"><net_src comp="1012" pin="2"/><net_sink comp="2265" pin=0"/></net>

<net id="2274"><net_src comp="1006" pin="2"/><net_sink comp="2270" pin=0"/></net>

<net id="2279"><net_src comp="1000" pin="2"/><net_sink comp="2275" pin=0"/></net>

<net id="2284"><net_src comp="994" pin="2"/><net_sink comp="2280" pin=0"/></net>

<net id="2289"><net_src comp="988" pin="2"/><net_sink comp="2285" pin=0"/></net>

<net id="2294"><net_src comp="982" pin="2"/><net_sink comp="2290" pin=0"/></net>

<net id="2299"><net_src comp="976" pin="2"/><net_sink comp="2295" pin=0"/></net>

<net id="2304"><net_src comp="970" pin="2"/><net_sink comp="2300" pin=0"/></net>

<net id="2309"><net_src comp="964" pin="2"/><net_sink comp="2305" pin=0"/></net>

<net id="2314"><net_src comp="958" pin="2"/><net_sink comp="2310" pin=0"/></net>

<net id="2319"><net_src comp="952" pin="2"/><net_sink comp="2315" pin=0"/></net>

<net id="2324"><net_src comp="946" pin="2"/><net_sink comp="2320" pin=0"/></net>

<net id="2329"><net_src comp="940" pin="2"/><net_sink comp="2325" pin=0"/></net>

<net id="2334"><net_src comp="934" pin="2"/><net_sink comp="2330" pin=0"/></net>

<net id="2339"><net_src comp="928" pin="2"/><net_sink comp="2335" pin=0"/></net>

<net id="2344"><net_src comp="922" pin="2"/><net_sink comp="2340" pin=0"/></net>

<net id="2349"><net_src comp="916" pin="2"/><net_sink comp="2345" pin=0"/></net>

<net id="2354"><net_src comp="910" pin="2"/><net_sink comp="2350" pin=0"/></net>

<net id="2359"><net_src comp="904" pin="2"/><net_sink comp="2355" pin=0"/></net>

<net id="2364"><net_src comp="898" pin="2"/><net_sink comp="2360" pin=0"/></net>

<net id="2369"><net_src comp="892" pin="2"/><net_sink comp="2365" pin=0"/></net>

<net id="2374"><net_src comp="886" pin="2"/><net_sink comp="2370" pin=0"/></net>

<net id="2379"><net_src comp="880" pin="2"/><net_sink comp="2375" pin=0"/></net>

<net id="2384"><net_src comp="874" pin="2"/><net_sink comp="2380" pin=0"/></net>

<net id="2389"><net_src comp="868" pin="2"/><net_sink comp="2385" pin=0"/></net>

<net id="2394"><net_src comp="862" pin="2"/><net_sink comp="2390" pin=0"/></net>

<net id="2399"><net_src comp="856" pin="2"/><net_sink comp="2395" pin=0"/></net>

<net id="2404"><net_src comp="850" pin="2"/><net_sink comp="2400" pin=0"/></net>

<net id="2409"><net_src comp="844" pin="2"/><net_sink comp="2405" pin=0"/></net>

<net id="2414"><net_src comp="838" pin="2"/><net_sink comp="2410" pin=0"/></net>

<net id="2419"><net_src comp="832" pin="2"/><net_sink comp="2415" pin=0"/></net>

<net id="2424"><net_src comp="826" pin="2"/><net_sink comp="2420" pin=0"/></net>

<net id="2429"><net_src comp="820" pin="2"/><net_sink comp="2425" pin=0"/></net>

<net id="2434"><net_src comp="278" pin="0"/><net_sink comp="2430" pin=0"/></net>

<net id="2442"><net_src comp="2435" pin="1"/><net_sink comp="2438" pin=0"/></net>

<net id="2443"><net_src comp="282" pin="0"/><net_sink comp="2438" pin=1"/></net>

<net id="2448"><net_src comp="2435" pin="1"/><net_sink comp="2444" pin=0"/></net>

<net id="2449"><net_src comp="288" pin="0"/><net_sink comp="2444" pin=1"/></net>

<net id="2645"><net_src comp="1204" pin="2"/><net_sink comp="2642" pin=0"/></net>

<net id="2650"><net_src comp="2642" pin="1"/><net_sink comp="2646" pin=0"/></net>

<net id="2651"><net_src comp="2450" pin="1"/><net_sink comp="2646" pin=1"/></net>

<net id="2657"><net_src comp="2646" pin="2"/><net_sink comp="2652" pin=0"/></net>

<net id="2658"><net_src comp="2642" pin="1"/><net_sink comp="2652" pin=1"/></net>

<net id="2659"><net_src comp="2450" pin="1"/><net_sink comp="2652" pin=2"/></net>

<net id="2660"><net_src comp="2652" pin="3"/><net_sink comp="1658" pin=1"/></net>

<net id="2667"><net_src comp="300" pin="0"/><net_sink comp="2661" pin=0"/></net>

<net id="2668"><net_src comp="1204" pin="2"/><net_sink comp="2661" pin=1"/></net>

<net id="2669"><net_src comp="302" pin="0"/><net_sink comp="2661" pin=2"/></net>

<net id="2670"><net_src comp="304" pin="0"/><net_sink comp="2661" pin=3"/></net>

<net id="2675"><net_src comp="2661" pin="4"/><net_sink comp="2671" pin=0"/></net>

<net id="2676"><net_src comp="2453" pin="1"/><net_sink comp="2671" pin=1"/></net>

<net id="2682"><net_src comp="2671" pin="2"/><net_sink comp="2677" pin=0"/></net>

<net id="2683"><net_src comp="2661" pin="4"/><net_sink comp="2677" pin=1"/></net>

<net id="2684"><net_src comp="2453" pin="1"/><net_sink comp="2677" pin=2"/></net>

<net id="2685"><net_src comp="2677" pin="3"/><net_sink comp="1664" pin=1"/></net>

<net id="2692"><net_src comp="300" pin="0"/><net_sink comp="2686" pin=0"/></net>

<net id="2693"><net_src comp="1204" pin="2"/><net_sink comp="2686" pin=1"/></net>

<net id="2694"><net_src comp="306" pin="0"/><net_sink comp="2686" pin=2"/></net>

<net id="2695"><net_src comp="308" pin="0"/><net_sink comp="2686" pin=3"/></net>

<net id="2700"><net_src comp="2686" pin="4"/><net_sink comp="2696" pin=0"/></net>

<net id="2701"><net_src comp="2456" pin="1"/><net_sink comp="2696" pin=1"/></net>

<net id="2707"><net_src comp="2696" pin="2"/><net_sink comp="2702" pin=0"/></net>

<net id="2708"><net_src comp="2686" pin="4"/><net_sink comp="2702" pin=1"/></net>

<net id="2709"><net_src comp="2456" pin="1"/><net_sink comp="2702" pin=2"/></net>

<net id="2710"><net_src comp="2702" pin="3"/><net_sink comp="1670" pin=1"/></net>

<net id="2717"><net_src comp="300" pin="0"/><net_sink comp="2711" pin=0"/></net>

<net id="2718"><net_src comp="1204" pin="2"/><net_sink comp="2711" pin=1"/></net>

<net id="2719"><net_src comp="310" pin="0"/><net_sink comp="2711" pin=2"/></net>

<net id="2720"><net_src comp="312" pin="0"/><net_sink comp="2711" pin=3"/></net>

<net id="2725"><net_src comp="2711" pin="4"/><net_sink comp="2721" pin=0"/></net>

<net id="2726"><net_src comp="2459" pin="1"/><net_sink comp="2721" pin=1"/></net>

<net id="2732"><net_src comp="2721" pin="2"/><net_sink comp="2727" pin=0"/></net>

<net id="2733"><net_src comp="2711" pin="4"/><net_sink comp="2727" pin=1"/></net>

<net id="2734"><net_src comp="2459" pin="1"/><net_sink comp="2727" pin=2"/></net>

<net id="2735"><net_src comp="2727" pin="3"/><net_sink comp="1676" pin=1"/></net>

<net id="2742"><net_src comp="300" pin="0"/><net_sink comp="2736" pin=0"/></net>

<net id="2743"><net_src comp="1204" pin="2"/><net_sink comp="2736" pin=1"/></net>

<net id="2744"><net_src comp="314" pin="0"/><net_sink comp="2736" pin=2"/></net>

<net id="2745"><net_src comp="316" pin="0"/><net_sink comp="2736" pin=3"/></net>

<net id="2750"><net_src comp="2736" pin="4"/><net_sink comp="2746" pin=0"/></net>

<net id="2751"><net_src comp="2462" pin="1"/><net_sink comp="2746" pin=1"/></net>

<net id="2757"><net_src comp="2746" pin="2"/><net_sink comp="2752" pin=0"/></net>

<net id="2758"><net_src comp="2736" pin="4"/><net_sink comp="2752" pin=1"/></net>

<net id="2759"><net_src comp="2462" pin="1"/><net_sink comp="2752" pin=2"/></net>

<net id="2760"><net_src comp="2752" pin="3"/><net_sink comp="1682" pin=1"/></net>

<net id="2767"><net_src comp="300" pin="0"/><net_sink comp="2761" pin=0"/></net>

<net id="2768"><net_src comp="1204" pin="2"/><net_sink comp="2761" pin=1"/></net>

<net id="2769"><net_src comp="318" pin="0"/><net_sink comp="2761" pin=2"/></net>

<net id="2770"><net_src comp="320" pin="0"/><net_sink comp="2761" pin=3"/></net>

<net id="2775"><net_src comp="2761" pin="4"/><net_sink comp="2771" pin=0"/></net>

<net id="2776"><net_src comp="2465" pin="1"/><net_sink comp="2771" pin=1"/></net>

<net id="2782"><net_src comp="2771" pin="2"/><net_sink comp="2777" pin=0"/></net>

<net id="2783"><net_src comp="2761" pin="4"/><net_sink comp="2777" pin=1"/></net>

<net id="2784"><net_src comp="2465" pin="1"/><net_sink comp="2777" pin=2"/></net>

<net id="2785"><net_src comp="2777" pin="3"/><net_sink comp="1688" pin=1"/></net>

<net id="2792"><net_src comp="300" pin="0"/><net_sink comp="2786" pin=0"/></net>

<net id="2793"><net_src comp="1204" pin="2"/><net_sink comp="2786" pin=1"/></net>

<net id="2794"><net_src comp="322" pin="0"/><net_sink comp="2786" pin=2"/></net>

<net id="2795"><net_src comp="324" pin="0"/><net_sink comp="2786" pin=3"/></net>

<net id="2800"><net_src comp="2786" pin="4"/><net_sink comp="2796" pin=0"/></net>

<net id="2801"><net_src comp="2468" pin="1"/><net_sink comp="2796" pin=1"/></net>

<net id="2807"><net_src comp="2796" pin="2"/><net_sink comp="2802" pin=0"/></net>

<net id="2808"><net_src comp="2786" pin="4"/><net_sink comp="2802" pin=1"/></net>

<net id="2809"><net_src comp="2468" pin="1"/><net_sink comp="2802" pin=2"/></net>

<net id="2810"><net_src comp="2802" pin="3"/><net_sink comp="1694" pin=1"/></net>

<net id="2817"><net_src comp="300" pin="0"/><net_sink comp="2811" pin=0"/></net>

<net id="2818"><net_src comp="1204" pin="2"/><net_sink comp="2811" pin=1"/></net>

<net id="2819"><net_src comp="326" pin="0"/><net_sink comp="2811" pin=2"/></net>

<net id="2820"><net_src comp="328" pin="0"/><net_sink comp="2811" pin=3"/></net>

<net id="2825"><net_src comp="2811" pin="4"/><net_sink comp="2821" pin=0"/></net>

<net id="2826"><net_src comp="2471" pin="1"/><net_sink comp="2821" pin=1"/></net>

<net id="2832"><net_src comp="2821" pin="2"/><net_sink comp="2827" pin=0"/></net>

<net id="2833"><net_src comp="2811" pin="4"/><net_sink comp="2827" pin=1"/></net>

<net id="2834"><net_src comp="2471" pin="1"/><net_sink comp="2827" pin=2"/></net>

<net id="2835"><net_src comp="2827" pin="3"/><net_sink comp="1700" pin=1"/></net>

<net id="2842"><net_src comp="300" pin="0"/><net_sink comp="2836" pin=0"/></net>

<net id="2843"><net_src comp="1204" pin="2"/><net_sink comp="2836" pin=1"/></net>

<net id="2844"><net_src comp="330" pin="0"/><net_sink comp="2836" pin=2"/></net>

<net id="2845"><net_src comp="332" pin="0"/><net_sink comp="2836" pin=3"/></net>

<net id="2850"><net_src comp="2836" pin="4"/><net_sink comp="2846" pin=0"/></net>

<net id="2851"><net_src comp="2474" pin="1"/><net_sink comp="2846" pin=1"/></net>

<net id="2857"><net_src comp="2846" pin="2"/><net_sink comp="2852" pin=0"/></net>

<net id="2858"><net_src comp="2836" pin="4"/><net_sink comp="2852" pin=1"/></net>

<net id="2859"><net_src comp="2474" pin="1"/><net_sink comp="2852" pin=2"/></net>

<net id="2860"><net_src comp="2852" pin="3"/><net_sink comp="1706" pin=1"/></net>

<net id="2867"><net_src comp="300" pin="0"/><net_sink comp="2861" pin=0"/></net>

<net id="2868"><net_src comp="1204" pin="2"/><net_sink comp="2861" pin=1"/></net>

<net id="2869"><net_src comp="334" pin="0"/><net_sink comp="2861" pin=2"/></net>

<net id="2870"><net_src comp="336" pin="0"/><net_sink comp="2861" pin=3"/></net>

<net id="2875"><net_src comp="2861" pin="4"/><net_sink comp="2871" pin=0"/></net>

<net id="2876"><net_src comp="2477" pin="1"/><net_sink comp="2871" pin=1"/></net>

<net id="2882"><net_src comp="2871" pin="2"/><net_sink comp="2877" pin=0"/></net>

<net id="2883"><net_src comp="2861" pin="4"/><net_sink comp="2877" pin=1"/></net>

<net id="2884"><net_src comp="2477" pin="1"/><net_sink comp="2877" pin=2"/></net>

<net id="2885"><net_src comp="2877" pin="3"/><net_sink comp="1712" pin=1"/></net>

<net id="2892"><net_src comp="300" pin="0"/><net_sink comp="2886" pin=0"/></net>

<net id="2893"><net_src comp="1204" pin="2"/><net_sink comp="2886" pin=1"/></net>

<net id="2894"><net_src comp="338" pin="0"/><net_sink comp="2886" pin=2"/></net>

<net id="2895"><net_src comp="340" pin="0"/><net_sink comp="2886" pin=3"/></net>

<net id="2900"><net_src comp="2886" pin="4"/><net_sink comp="2896" pin=0"/></net>

<net id="2901"><net_src comp="2480" pin="1"/><net_sink comp="2896" pin=1"/></net>

<net id="2907"><net_src comp="2896" pin="2"/><net_sink comp="2902" pin=0"/></net>

<net id="2908"><net_src comp="2886" pin="4"/><net_sink comp="2902" pin=1"/></net>

<net id="2909"><net_src comp="2480" pin="1"/><net_sink comp="2902" pin=2"/></net>

<net id="2910"><net_src comp="2902" pin="3"/><net_sink comp="1718" pin=1"/></net>

<net id="2917"><net_src comp="300" pin="0"/><net_sink comp="2911" pin=0"/></net>

<net id="2918"><net_src comp="1204" pin="2"/><net_sink comp="2911" pin=1"/></net>

<net id="2919"><net_src comp="342" pin="0"/><net_sink comp="2911" pin=2"/></net>

<net id="2920"><net_src comp="344" pin="0"/><net_sink comp="2911" pin=3"/></net>

<net id="2925"><net_src comp="2911" pin="4"/><net_sink comp="2921" pin=0"/></net>

<net id="2926"><net_src comp="2483" pin="1"/><net_sink comp="2921" pin=1"/></net>

<net id="2932"><net_src comp="2921" pin="2"/><net_sink comp="2927" pin=0"/></net>

<net id="2933"><net_src comp="2911" pin="4"/><net_sink comp="2927" pin=1"/></net>

<net id="2934"><net_src comp="2483" pin="1"/><net_sink comp="2927" pin=2"/></net>

<net id="2935"><net_src comp="2927" pin="3"/><net_sink comp="1724" pin=1"/></net>

<net id="2942"><net_src comp="300" pin="0"/><net_sink comp="2936" pin=0"/></net>

<net id="2943"><net_src comp="1204" pin="2"/><net_sink comp="2936" pin=1"/></net>

<net id="2944"><net_src comp="346" pin="0"/><net_sink comp="2936" pin=2"/></net>

<net id="2945"><net_src comp="348" pin="0"/><net_sink comp="2936" pin=3"/></net>

<net id="2950"><net_src comp="2936" pin="4"/><net_sink comp="2946" pin=0"/></net>

<net id="2951"><net_src comp="2486" pin="1"/><net_sink comp="2946" pin=1"/></net>

<net id="2957"><net_src comp="2946" pin="2"/><net_sink comp="2952" pin=0"/></net>

<net id="2958"><net_src comp="2936" pin="4"/><net_sink comp="2952" pin=1"/></net>

<net id="2959"><net_src comp="2486" pin="1"/><net_sink comp="2952" pin=2"/></net>

<net id="2960"><net_src comp="2952" pin="3"/><net_sink comp="1730" pin=1"/></net>

<net id="2967"><net_src comp="300" pin="0"/><net_sink comp="2961" pin=0"/></net>

<net id="2968"><net_src comp="1204" pin="2"/><net_sink comp="2961" pin=1"/></net>

<net id="2969"><net_src comp="350" pin="0"/><net_sink comp="2961" pin=2"/></net>

<net id="2970"><net_src comp="352" pin="0"/><net_sink comp="2961" pin=3"/></net>

<net id="2975"><net_src comp="2961" pin="4"/><net_sink comp="2971" pin=0"/></net>

<net id="2976"><net_src comp="2489" pin="1"/><net_sink comp="2971" pin=1"/></net>

<net id="2982"><net_src comp="2971" pin="2"/><net_sink comp="2977" pin=0"/></net>

<net id="2983"><net_src comp="2961" pin="4"/><net_sink comp="2977" pin=1"/></net>

<net id="2984"><net_src comp="2489" pin="1"/><net_sink comp="2977" pin=2"/></net>

<net id="2985"><net_src comp="2977" pin="3"/><net_sink comp="1736" pin=1"/></net>

<net id="2992"><net_src comp="300" pin="0"/><net_sink comp="2986" pin=0"/></net>

<net id="2993"><net_src comp="1204" pin="2"/><net_sink comp="2986" pin=1"/></net>

<net id="2994"><net_src comp="354" pin="0"/><net_sink comp="2986" pin=2"/></net>

<net id="2995"><net_src comp="356" pin="0"/><net_sink comp="2986" pin=3"/></net>

<net id="3000"><net_src comp="2986" pin="4"/><net_sink comp="2996" pin=0"/></net>

<net id="3001"><net_src comp="2492" pin="1"/><net_sink comp="2996" pin=1"/></net>

<net id="3007"><net_src comp="2996" pin="2"/><net_sink comp="3002" pin=0"/></net>

<net id="3008"><net_src comp="2986" pin="4"/><net_sink comp="3002" pin=1"/></net>

<net id="3009"><net_src comp="2492" pin="1"/><net_sink comp="3002" pin=2"/></net>

<net id="3010"><net_src comp="3002" pin="3"/><net_sink comp="1742" pin=1"/></net>

<net id="3017"><net_src comp="300" pin="0"/><net_sink comp="3011" pin=0"/></net>

<net id="3018"><net_src comp="1204" pin="2"/><net_sink comp="3011" pin=1"/></net>

<net id="3019"><net_src comp="358" pin="0"/><net_sink comp="3011" pin=2"/></net>

<net id="3020"><net_src comp="360" pin="0"/><net_sink comp="3011" pin=3"/></net>

<net id="3025"><net_src comp="3011" pin="4"/><net_sink comp="3021" pin=0"/></net>

<net id="3026"><net_src comp="2495" pin="1"/><net_sink comp="3021" pin=1"/></net>

<net id="3032"><net_src comp="3021" pin="2"/><net_sink comp="3027" pin=0"/></net>

<net id="3033"><net_src comp="3011" pin="4"/><net_sink comp="3027" pin=1"/></net>

<net id="3034"><net_src comp="2495" pin="1"/><net_sink comp="3027" pin=2"/></net>

<net id="3035"><net_src comp="3027" pin="3"/><net_sink comp="1748" pin=1"/></net>

<net id="3042"><net_src comp="300" pin="0"/><net_sink comp="3036" pin=0"/></net>

<net id="3043"><net_src comp="1204" pin="2"/><net_sink comp="3036" pin=1"/></net>

<net id="3044"><net_src comp="362" pin="0"/><net_sink comp="3036" pin=2"/></net>

<net id="3045"><net_src comp="364" pin="0"/><net_sink comp="3036" pin=3"/></net>

<net id="3050"><net_src comp="3036" pin="4"/><net_sink comp="3046" pin=0"/></net>

<net id="3051"><net_src comp="2498" pin="1"/><net_sink comp="3046" pin=1"/></net>

<net id="3057"><net_src comp="3046" pin="2"/><net_sink comp="3052" pin=0"/></net>

<net id="3058"><net_src comp="3036" pin="4"/><net_sink comp="3052" pin=1"/></net>

<net id="3059"><net_src comp="2498" pin="1"/><net_sink comp="3052" pin=2"/></net>

<net id="3060"><net_src comp="3052" pin="3"/><net_sink comp="1754" pin=1"/></net>

<net id="3067"><net_src comp="300" pin="0"/><net_sink comp="3061" pin=0"/></net>

<net id="3068"><net_src comp="1204" pin="2"/><net_sink comp="3061" pin=1"/></net>

<net id="3069"><net_src comp="366" pin="0"/><net_sink comp="3061" pin=2"/></net>

<net id="3070"><net_src comp="368" pin="0"/><net_sink comp="3061" pin=3"/></net>

<net id="3075"><net_src comp="3061" pin="4"/><net_sink comp="3071" pin=0"/></net>

<net id="3076"><net_src comp="2501" pin="1"/><net_sink comp="3071" pin=1"/></net>

<net id="3082"><net_src comp="3071" pin="2"/><net_sink comp="3077" pin=0"/></net>

<net id="3083"><net_src comp="3061" pin="4"/><net_sink comp="3077" pin=1"/></net>

<net id="3084"><net_src comp="2501" pin="1"/><net_sink comp="3077" pin=2"/></net>

<net id="3085"><net_src comp="3077" pin="3"/><net_sink comp="1760" pin=1"/></net>

<net id="3092"><net_src comp="300" pin="0"/><net_sink comp="3086" pin=0"/></net>

<net id="3093"><net_src comp="1204" pin="2"/><net_sink comp="3086" pin=1"/></net>

<net id="3094"><net_src comp="370" pin="0"/><net_sink comp="3086" pin=2"/></net>

<net id="3095"><net_src comp="372" pin="0"/><net_sink comp="3086" pin=3"/></net>

<net id="3100"><net_src comp="3086" pin="4"/><net_sink comp="3096" pin=0"/></net>

<net id="3101"><net_src comp="2504" pin="1"/><net_sink comp="3096" pin=1"/></net>

<net id="3107"><net_src comp="3096" pin="2"/><net_sink comp="3102" pin=0"/></net>

<net id="3108"><net_src comp="3086" pin="4"/><net_sink comp="3102" pin=1"/></net>

<net id="3109"><net_src comp="2504" pin="1"/><net_sink comp="3102" pin=2"/></net>

<net id="3110"><net_src comp="3102" pin="3"/><net_sink comp="1766" pin=1"/></net>

<net id="3117"><net_src comp="300" pin="0"/><net_sink comp="3111" pin=0"/></net>

<net id="3118"><net_src comp="1204" pin="2"/><net_sink comp="3111" pin=1"/></net>

<net id="3119"><net_src comp="374" pin="0"/><net_sink comp="3111" pin=2"/></net>

<net id="3120"><net_src comp="376" pin="0"/><net_sink comp="3111" pin=3"/></net>

<net id="3125"><net_src comp="3111" pin="4"/><net_sink comp="3121" pin=0"/></net>

<net id="3126"><net_src comp="2507" pin="1"/><net_sink comp="3121" pin=1"/></net>

<net id="3132"><net_src comp="3121" pin="2"/><net_sink comp="3127" pin=0"/></net>

<net id="3133"><net_src comp="3111" pin="4"/><net_sink comp="3127" pin=1"/></net>

<net id="3134"><net_src comp="2507" pin="1"/><net_sink comp="3127" pin=2"/></net>

<net id="3135"><net_src comp="3127" pin="3"/><net_sink comp="1772" pin=1"/></net>

<net id="3142"><net_src comp="300" pin="0"/><net_sink comp="3136" pin=0"/></net>

<net id="3143"><net_src comp="1204" pin="2"/><net_sink comp="3136" pin=1"/></net>

<net id="3144"><net_src comp="378" pin="0"/><net_sink comp="3136" pin=2"/></net>

<net id="3145"><net_src comp="380" pin="0"/><net_sink comp="3136" pin=3"/></net>

<net id="3150"><net_src comp="3136" pin="4"/><net_sink comp="3146" pin=0"/></net>

<net id="3151"><net_src comp="2510" pin="1"/><net_sink comp="3146" pin=1"/></net>

<net id="3157"><net_src comp="3146" pin="2"/><net_sink comp="3152" pin=0"/></net>

<net id="3158"><net_src comp="3136" pin="4"/><net_sink comp="3152" pin=1"/></net>

<net id="3159"><net_src comp="2510" pin="1"/><net_sink comp="3152" pin=2"/></net>

<net id="3160"><net_src comp="3152" pin="3"/><net_sink comp="1778" pin=1"/></net>

<net id="3167"><net_src comp="300" pin="0"/><net_sink comp="3161" pin=0"/></net>

<net id="3168"><net_src comp="1204" pin="2"/><net_sink comp="3161" pin=1"/></net>

<net id="3169"><net_src comp="382" pin="0"/><net_sink comp="3161" pin=2"/></net>

<net id="3170"><net_src comp="384" pin="0"/><net_sink comp="3161" pin=3"/></net>

<net id="3175"><net_src comp="3161" pin="4"/><net_sink comp="3171" pin=0"/></net>

<net id="3176"><net_src comp="2513" pin="1"/><net_sink comp="3171" pin=1"/></net>

<net id="3182"><net_src comp="3171" pin="2"/><net_sink comp="3177" pin=0"/></net>

<net id="3183"><net_src comp="3161" pin="4"/><net_sink comp="3177" pin=1"/></net>

<net id="3184"><net_src comp="2513" pin="1"/><net_sink comp="3177" pin=2"/></net>

<net id="3185"><net_src comp="3177" pin="3"/><net_sink comp="1784" pin=1"/></net>

<net id="3192"><net_src comp="300" pin="0"/><net_sink comp="3186" pin=0"/></net>

<net id="3193"><net_src comp="1204" pin="2"/><net_sink comp="3186" pin=1"/></net>

<net id="3194"><net_src comp="386" pin="0"/><net_sink comp="3186" pin=2"/></net>

<net id="3195"><net_src comp="388" pin="0"/><net_sink comp="3186" pin=3"/></net>

<net id="3200"><net_src comp="3186" pin="4"/><net_sink comp="3196" pin=0"/></net>

<net id="3201"><net_src comp="2516" pin="1"/><net_sink comp="3196" pin=1"/></net>

<net id="3207"><net_src comp="3196" pin="2"/><net_sink comp="3202" pin=0"/></net>

<net id="3208"><net_src comp="3186" pin="4"/><net_sink comp="3202" pin=1"/></net>

<net id="3209"><net_src comp="2516" pin="1"/><net_sink comp="3202" pin=2"/></net>

<net id="3210"><net_src comp="3202" pin="3"/><net_sink comp="1790" pin=1"/></net>

<net id="3217"><net_src comp="300" pin="0"/><net_sink comp="3211" pin=0"/></net>

<net id="3218"><net_src comp="1204" pin="2"/><net_sink comp="3211" pin=1"/></net>

<net id="3219"><net_src comp="390" pin="0"/><net_sink comp="3211" pin=2"/></net>

<net id="3220"><net_src comp="392" pin="0"/><net_sink comp="3211" pin=3"/></net>

<net id="3225"><net_src comp="3211" pin="4"/><net_sink comp="3221" pin=0"/></net>

<net id="3226"><net_src comp="2519" pin="1"/><net_sink comp="3221" pin=1"/></net>

<net id="3232"><net_src comp="3221" pin="2"/><net_sink comp="3227" pin=0"/></net>

<net id="3233"><net_src comp="3211" pin="4"/><net_sink comp="3227" pin=1"/></net>

<net id="3234"><net_src comp="2519" pin="1"/><net_sink comp="3227" pin=2"/></net>

<net id="3235"><net_src comp="3227" pin="3"/><net_sink comp="1796" pin=1"/></net>

<net id="3242"><net_src comp="300" pin="0"/><net_sink comp="3236" pin=0"/></net>

<net id="3243"><net_src comp="1204" pin="2"/><net_sink comp="3236" pin=1"/></net>

<net id="3244"><net_src comp="394" pin="0"/><net_sink comp="3236" pin=2"/></net>

<net id="3245"><net_src comp="396" pin="0"/><net_sink comp="3236" pin=3"/></net>

<net id="3250"><net_src comp="3236" pin="4"/><net_sink comp="3246" pin=0"/></net>

<net id="3251"><net_src comp="2522" pin="1"/><net_sink comp="3246" pin=1"/></net>

<net id="3257"><net_src comp="3246" pin="2"/><net_sink comp="3252" pin=0"/></net>

<net id="3258"><net_src comp="3236" pin="4"/><net_sink comp="3252" pin=1"/></net>

<net id="3259"><net_src comp="2522" pin="1"/><net_sink comp="3252" pin=2"/></net>

<net id="3260"><net_src comp="3252" pin="3"/><net_sink comp="1802" pin=1"/></net>

<net id="3267"><net_src comp="300" pin="0"/><net_sink comp="3261" pin=0"/></net>

<net id="3268"><net_src comp="1204" pin="2"/><net_sink comp="3261" pin=1"/></net>

<net id="3269"><net_src comp="398" pin="0"/><net_sink comp="3261" pin=2"/></net>

<net id="3270"><net_src comp="400" pin="0"/><net_sink comp="3261" pin=3"/></net>

<net id="3275"><net_src comp="3261" pin="4"/><net_sink comp="3271" pin=0"/></net>

<net id="3276"><net_src comp="2525" pin="1"/><net_sink comp="3271" pin=1"/></net>

<net id="3282"><net_src comp="3271" pin="2"/><net_sink comp="3277" pin=0"/></net>

<net id="3283"><net_src comp="3261" pin="4"/><net_sink comp="3277" pin=1"/></net>

<net id="3284"><net_src comp="2525" pin="1"/><net_sink comp="3277" pin=2"/></net>

<net id="3285"><net_src comp="3277" pin="3"/><net_sink comp="1808" pin=1"/></net>

<net id="3292"><net_src comp="300" pin="0"/><net_sink comp="3286" pin=0"/></net>

<net id="3293"><net_src comp="1204" pin="2"/><net_sink comp="3286" pin=1"/></net>

<net id="3294"><net_src comp="402" pin="0"/><net_sink comp="3286" pin=2"/></net>

<net id="3295"><net_src comp="404" pin="0"/><net_sink comp="3286" pin=3"/></net>

<net id="3300"><net_src comp="3286" pin="4"/><net_sink comp="3296" pin=0"/></net>

<net id="3301"><net_src comp="2528" pin="1"/><net_sink comp="3296" pin=1"/></net>

<net id="3307"><net_src comp="3296" pin="2"/><net_sink comp="3302" pin=0"/></net>

<net id="3308"><net_src comp="3286" pin="4"/><net_sink comp="3302" pin=1"/></net>

<net id="3309"><net_src comp="2528" pin="1"/><net_sink comp="3302" pin=2"/></net>

<net id="3310"><net_src comp="3302" pin="3"/><net_sink comp="1814" pin=1"/></net>

<net id="3317"><net_src comp="300" pin="0"/><net_sink comp="3311" pin=0"/></net>

<net id="3318"><net_src comp="1204" pin="2"/><net_sink comp="3311" pin=1"/></net>

<net id="3319"><net_src comp="406" pin="0"/><net_sink comp="3311" pin=2"/></net>

<net id="3320"><net_src comp="408" pin="0"/><net_sink comp="3311" pin=3"/></net>

<net id="3325"><net_src comp="3311" pin="4"/><net_sink comp="3321" pin=0"/></net>

<net id="3326"><net_src comp="2531" pin="1"/><net_sink comp="3321" pin=1"/></net>

<net id="3332"><net_src comp="3321" pin="2"/><net_sink comp="3327" pin=0"/></net>

<net id="3333"><net_src comp="3311" pin="4"/><net_sink comp="3327" pin=1"/></net>

<net id="3334"><net_src comp="2531" pin="1"/><net_sink comp="3327" pin=2"/></net>

<net id="3335"><net_src comp="3327" pin="3"/><net_sink comp="1820" pin=1"/></net>

<net id="3342"><net_src comp="300" pin="0"/><net_sink comp="3336" pin=0"/></net>

<net id="3343"><net_src comp="1204" pin="2"/><net_sink comp="3336" pin=1"/></net>

<net id="3344"><net_src comp="410" pin="0"/><net_sink comp="3336" pin=2"/></net>

<net id="3345"><net_src comp="412" pin="0"/><net_sink comp="3336" pin=3"/></net>

<net id="3350"><net_src comp="3336" pin="4"/><net_sink comp="3346" pin=0"/></net>

<net id="3351"><net_src comp="2534" pin="1"/><net_sink comp="3346" pin=1"/></net>

<net id="3357"><net_src comp="3346" pin="2"/><net_sink comp="3352" pin=0"/></net>

<net id="3358"><net_src comp="3336" pin="4"/><net_sink comp="3352" pin=1"/></net>

<net id="3359"><net_src comp="2534" pin="1"/><net_sink comp="3352" pin=2"/></net>

<net id="3360"><net_src comp="3352" pin="3"/><net_sink comp="1826" pin=1"/></net>

<net id="3367"><net_src comp="300" pin="0"/><net_sink comp="3361" pin=0"/></net>

<net id="3368"><net_src comp="1204" pin="2"/><net_sink comp="3361" pin=1"/></net>

<net id="3369"><net_src comp="414" pin="0"/><net_sink comp="3361" pin=2"/></net>

<net id="3370"><net_src comp="416" pin="0"/><net_sink comp="3361" pin=3"/></net>

<net id="3375"><net_src comp="3361" pin="4"/><net_sink comp="3371" pin=0"/></net>

<net id="3376"><net_src comp="2537" pin="1"/><net_sink comp="3371" pin=1"/></net>

<net id="3382"><net_src comp="3371" pin="2"/><net_sink comp="3377" pin=0"/></net>

<net id="3383"><net_src comp="3361" pin="4"/><net_sink comp="3377" pin=1"/></net>

<net id="3384"><net_src comp="2537" pin="1"/><net_sink comp="3377" pin=2"/></net>

<net id="3385"><net_src comp="3377" pin="3"/><net_sink comp="1832" pin=1"/></net>

<net id="3392"><net_src comp="300" pin="0"/><net_sink comp="3386" pin=0"/></net>

<net id="3393"><net_src comp="1204" pin="2"/><net_sink comp="3386" pin=1"/></net>

<net id="3394"><net_src comp="418" pin="0"/><net_sink comp="3386" pin=2"/></net>

<net id="3395"><net_src comp="420" pin="0"/><net_sink comp="3386" pin=3"/></net>

<net id="3400"><net_src comp="3386" pin="4"/><net_sink comp="3396" pin=0"/></net>

<net id="3401"><net_src comp="2540" pin="1"/><net_sink comp="3396" pin=1"/></net>

<net id="3407"><net_src comp="3396" pin="2"/><net_sink comp="3402" pin=0"/></net>

<net id="3408"><net_src comp="3386" pin="4"/><net_sink comp="3402" pin=1"/></net>

<net id="3409"><net_src comp="2540" pin="1"/><net_sink comp="3402" pin=2"/></net>

<net id="3410"><net_src comp="3402" pin="3"/><net_sink comp="1838" pin=1"/></net>

<net id="3417"><net_src comp="300" pin="0"/><net_sink comp="3411" pin=0"/></net>

<net id="3418"><net_src comp="1204" pin="2"/><net_sink comp="3411" pin=1"/></net>

<net id="3419"><net_src comp="422" pin="0"/><net_sink comp="3411" pin=2"/></net>

<net id="3420"><net_src comp="424" pin="0"/><net_sink comp="3411" pin=3"/></net>

<net id="3425"><net_src comp="3411" pin="4"/><net_sink comp="3421" pin=0"/></net>

<net id="3426"><net_src comp="2543" pin="1"/><net_sink comp="3421" pin=1"/></net>

<net id="3432"><net_src comp="3421" pin="2"/><net_sink comp="3427" pin=0"/></net>

<net id="3433"><net_src comp="3411" pin="4"/><net_sink comp="3427" pin=1"/></net>

<net id="3434"><net_src comp="2543" pin="1"/><net_sink comp="3427" pin=2"/></net>

<net id="3435"><net_src comp="3427" pin="3"/><net_sink comp="1844" pin=1"/></net>

<net id="3442"><net_src comp="300" pin="0"/><net_sink comp="3436" pin=0"/></net>

<net id="3443"><net_src comp="1204" pin="2"/><net_sink comp="3436" pin=1"/></net>

<net id="3444"><net_src comp="426" pin="0"/><net_sink comp="3436" pin=2"/></net>

<net id="3445"><net_src comp="428" pin="0"/><net_sink comp="3436" pin=3"/></net>

<net id="3450"><net_src comp="3436" pin="4"/><net_sink comp="3446" pin=0"/></net>

<net id="3451"><net_src comp="2546" pin="1"/><net_sink comp="3446" pin=1"/></net>

<net id="3457"><net_src comp="3446" pin="2"/><net_sink comp="3452" pin=0"/></net>

<net id="3458"><net_src comp="3436" pin="4"/><net_sink comp="3452" pin=1"/></net>

<net id="3459"><net_src comp="2546" pin="1"/><net_sink comp="3452" pin=2"/></net>

<net id="3460"><net_src comp="3452" pin="3"/><net_sink comp="1850" pin=1"/></net>

<net id="3467"><net_src comp="300" pin="0"/><net_sink comp="3461" pin=0"/></net>

<net id="3468"><net_src comp="1204" pin="2"/><net_sink comp="3461" pin=1"/></net>

<net id="3469"><net_src comp="430" pin="0"/><net_sink comp="3461" pin=2"/></net>

<net id="3470"><net_src comp="432" pin="0"/><net_sink comp="3461" pin=3"/></net>

<net id="3475"><net_src comp="3461" pin="4"/><net_sink comp="3471" pin=0"/></net>

<net id="3476"><net_src comp="2549" pin="1"/><net_sink comp="3471" pin=1"/></net>

<net id="3482"><net_src comp="3471" pin="2"/><net_sink comp="3477" pin=0"/></net>

<net id="3483"><net_src comp="3461" pin="4"/><net_sink comp="3477" pin=1"/></net>

<net id="3484"><net_src comp="2549" pin="1"/><net_sink comp="3477" pin=2"/></net>

<net id="3485"><net_src comp="3477" pin="3"/><net_sink comp="1856" pin=1"/></net>

<net id="3492"><net_src comp="300" pin="0"/><net_sink comp="3486" pin=0"/></net>

<net id="3493"><net_src comp="1204" pin="2"/><net_sink comp="3486" pin=1"/></net>

<net id="3494"><net_src comp="434" pin="0"/><net_sink comp="3486" pin=2"/></net>

<net id="3495"><net_src comp="436" pin="0"/><net_sink comp="3486" pin=3"/></net>

<net id="3500"><net_src comp="3486" pin="4"/><net_sink comp="3496" pin=0"/></net>

<net id="3501"><net_src comp="2552" pin="1"/><net_sink comp="3496" pin=1"/></net>

<net id="3507"><net_src comp="3496" pin="2"/><net_sink comp="3502" pin=0"/></net>

<net id="3508"><net_src comp="3486" pin="4"/><net_sink comp="3502" pin=1"/></net>

<net id="3509"><net_src comp="2552" pin="1"/><net_sink comp="3502" pin=2"/></net>

<net id="3510"><net_src comp="3502" pin="3"/><net_sink comp="1862" pin=1"/></net>

<net id="3517"><net_src comp="300" pin="0"/><net_sink comp="3511" pin=0"/></net>

<net id="3518"><net_src comp="1204" pin="2"/><net_sink comp="3511" pin=1"/></net>

<net id="3519"><net_src comp="438" pin="0"/><net_sink comp="3511" pin=2"/></net>

<net id="3520"><net_src comp="440" pin="0"/><net_sink comp="3511" pin=3"/></net>

<net id="3525"><net_src comp="3511" pin="4"/><net_sink comp="3521" pin=0"/></net>

<net id="3526"><net_src comp="2555" pin="1"/><net_sink comp="3521" pin=1"/></net>

<net id="3532"><net_src comp="3521" pin="2"/><net_sink comp="3527" pin=0"/></net>

<net id="3533"><net_src comp="3511" pin="4"/><net_sink comp="3527" pin=1"/></net>

<net id="3534"><net_src comp="2555" pin="1"/><net_sink comp="3527" pin=2"/></net>

<net id="3535"><net_src comp="3527" pin="3"/><net_sink comp="1868" pin=1"/></net>

<net id="3542"><net_src comp="300" pin="0"/><net_sink comp="3536" pin=0"/></net>

<net id="3543"><net_src comp="1204" pin="2"/><net_sink comp="3536" pin=1"/></net>

<net id="3544"><net_src comp="442" pin="0"/><net_sink comp="3536" pin=2"/></net>

<net id="3545"><net_src comp="444" pin="0"/><net_sink comp="3536" pin=3"/></net>

<net id="3550"><net_src comp="3536" pin="4"/><net_sink comp="3546" pin=0"/></net>

<net id="3551"><net_src comp="2558" pin="1"/><net_sink comp="3546" pin=1"/></net>

<net id="3557"><net_src comp="3546" pin="2"/><net_sink comp="3552" pin=0"/></net>

<net id="3558"><net_src comp="3536" pin="4"/><net_sink comp="3552" pin=1"/></net>

<net id="3559"><net_src comp="2558" pin="1"/><net_sink comp="3552" pin=2"/></net>

<net id="3560"><net_src comp="3552" pin="3"/><net_sink comp="1874" pin=1"/></net>

<net id="3567"><net_src comp="300" pin="0"/><net_sink comp="3561" pin=0"/></net>

<net id="3568"><net_src comp="1204" pin="2"/><net_sink comp="3561" pin=1"/></net>

<net id="3569"><net_src comp="446" pin="0"/><net_sink comp="3561" pin=2"/></net>

<net id="3570"><net_src comp="448" pin="0"/><net_sink comp="3561" pin=3"/></net>

<net id="3575"><net_src comp="3561" pin="4"/><net_sink comp="3571" pin=0"/></net>

<net id="3576"><net_src comp="2561" pin="1"/><net_sink comp="3571" pin=1"/></net>

<net id="3582"><net_src comp="3571" pin="2"/><net_sink comp="3577" pin=0"/></net>

<net id="3583"><net_src comp="3561" pin="4"/><net_sink comp="3577" pin=1"/></net>

<net id="3584"><net_src comp="2561" pin="1"/><net_sink comp="3577" pin=2"/></net>

<net id="3585"><net_src comp="3577" pin="3"/><net_sink comp="1880" pin=1"/></net>

<net id="3592"><net_src comp="300" pin="0"/><net_sink comp="3586" pin=0"/></net>

<net id="3593"><net_src comp="1204" pin="2"/><net_sink comp="3586" pin=1"/></net>

<net id="3594"><net_src comp="450" pin="0"/><net_sink comp="3586" pin=2"/></net>

<net id="3595"><net_src comp="452" pin="0"/><net_sink comp="3586" pin=3"/></net>

<net id="3600"><net_src comp="3586" pin="4"/><net_sink comp="3596" pin=0"/></net>

<net id="3601"><net_src comp="2564" pin="1"/><net_sink comp="3596" pin=1"/></net>

<net id="3607"><net_src comp="3596" pin="2"/><net_sink comp="3602" pin=0"/></net>

<net id="3608"><net_src comp="3586" pin="4"/><net_sink comp="3602" pin=1"/></net>

<net id="3609"><net_src comp="2564" pin="1"/><net_sink comp="3602" pin=2"/></net>

<net id="3610"><net_src comp="3602" pin="3"/><net_sink comp="1886" pin=1"/></net>

<net id="3617"><net_src comp="300" pin="0"/><net_sink comp="3611" pin=0"/></net>

<net id="3618"><net_src comp="1204" pin="2"/><net_sink comp="3611" pin=1"/></net>

<net id="3619"><net_src comp="454" pin="0"/><net_sink comp="3611" pin=2"/></net>

<net id="3620"><net_src comp="456" pin="0"/><net_sink comp="3611" pin=3"/></net>

<net id="3625"><net_src comp="3611" pin="4"/><net_sink comp="3621" pin=0"/></net>

<net id="3626"><net_src comp="2567" pin="1"/><net_sink comp="3621" pin=1"/></net>

<net id="3632"><net_src comp="3621" pin="2"/><net_sink comp="3627" pin=0"/></net>

<net id="3633"><net_src comp="3611" pin="4"/><net_sink comp="3627" pin=1"/></net>

<net id="3634"><net_src comp="2567" pin="1"/><net_sink comp="3627" pin=2"/></net>

<net id="3635"><net_src comp="3627" pin="3"/><net_sink comp="1892" pin=1"/></net>

<net id="3642"><net_src comp="300" pin="0"/><net_sink comp="3636" pin=0"/></net>

<net id="3643"><net_src comp="1204" pin="2"/><net_sink comp="3636" pin=1"/></net>

<net id="3644"><net_src comp="458" pin="0"/><net_sink comp="3636" pin=2"/></net>

<net id="3645"><net_src comp="460" pin="0"/><net_sink comp="3636" pin=3"/></net>

<net id="3650"><net_src comp="3636" pin="4"/><net_sink comp="3646" pin=0"/></net>

<net id="3651"><net_src comp="2570" pin="1"/><net_sink comp="3646" pin=1"/></net>

<net id="3657"><net_src comp="3646" pin="2"/><net_sink comp="3652" pin=0"/></net>

<net id="3658"><net_src comp="3636" pin="4"/><net_sink comp="3652" pin=1"/></net>

<net id="3659"><net_src comp="2570" pin="1"/><net_sink comp="3652" pin=2"/></net>

<net id="3660"><net_src comp="3652" pin="3"/><net_sink comp="1898" pin=1"/></net>

<net id="3667"><net_src comp="300" pin="0"/><net_sink comp="3661" pin=0"/></net>

<net id="3668"><net_src comp="1204" pin="2"/><net_sink comp="3661" pin=1"/></net>

<net id="3669"><net_src comp="462" pin="0"/><net_sink comp="3661" pin=2"/></net>

<net id="3670"><net_src comp="464" pin="0"/><net_sink comp="3661" pin=3"/></net>

<net id="3675"><net_src comp="3661" pin="4"/><net_sink comp="3671" pin=0"/></net>

<net id="3676"><net_src comp="2573" pin="1"/><net_sink comp="3671" pin=1"/></net>

<net id="3682"><net_src comp="3671" pin="2"/><net_sink comp="3677" pin=0"/></net>

<net id="3683"><net_src comp="3661" pin="4"/><net_sink comp="3677" pin=1"/></net>

<net id="3684"><net_src comp="2573" pin="1"/><net_sink comp="3677" pin=2"/></net>

<net id="3685"><net_src comp="3677" pin="3"/><net_sink comp="1904" pin=1"/></net>

<net id="3692"><net_src comp="300" pin="0"/><net_sink comp="3686" pin=0"/></net>

<net id="3693"><net_src comp="1204" pin="2"/><net_sink comp="3686" pin=1"/></net>

<net id="3694"><net_src comp="466" pin="0"/><net_sink comp="3686" pin=2"/></net>

<net id="3695"><net_src comp="468" pin="0"/><net_sink comp="3686" pin=3"/></net>

<net id="3700"><net_src comp="3686" pin="4"/><net_sink comp="3696" pin=0"/></net>

<net id="3701"><net_src comp="2576" pin="1"/><net_sink comp="3696" pin=1"/></net>

<net id="3707"><net_src comp="3696" pin="2"/><net_sink comp="3702" pin=0"/></net>

<net id="3708"><net_src comp="3686" pin="4"/><net_sink comp="3702" pin=1"/></net>

<net id="3709"><net_src comp="2576" pin="1"/><net_sink comp="3702" pin=2"/></net>

<net id="3710"><net_src comp="3702" pin="3"/><net_sink comp="1910" pin=1"/></net>

<net id="3717"><net_src comp="300" pin="0"/><net_sink comp="3711" pin=0"/></net>

<net id="3718"><net_src comp="1204" pin="2"/><net_sink comp="3711" pin=1"/></net>

<net id="3719"><net_src comp="470" pin="0"/><net_sink comp="3711" pin=2"/></net>

<net id="3720"><net_src comp="472" pin="0"/><net_sink comp="3711" pin=3"/></net>

<net id="3725"><net_src comp="3711" pin="4"/><net_sink comp="3721" pin=0"/></net>

<net id="3726"><net_src comp="2579" pin="1"/><net_sink comp="3721" pin=1"/></net>

<net id="3732"><net_src comp="3721" pin="2"/><net_sink comp="3727" pin=0"/></net>

<net id="3733"><net_src comp="3711" pin="4"/><net_sink comp="3727" pin=1"/></net>

<net id="3734"><net_src comp="2579" pin="1"/><net_sink comp="3727" pin=2"/></net>

<net id="3735"><net_src comp="3727" pin="3"/><net_sink comp="1916" pin=1"/></net>

<net id="3742"><net_src comp="300" pin="0"/><net_sink comp="3736" pin=0"/></net>

<net id="3743"><net_src comp="1204" pin="2"/><net_sink comp="3736" pin=1"/></net>

<net id="3744"><net_src comp="474" pin="0"/><net_sink comp="3736" pin=2"/></net>

<net id="3745"><net_src comp="476" pin="0"/><net_sink comp="3736" pin=3"/></net>

<net id="3750"><net_src comp="3736" pin="4"/><net_sink comp="3746" pin=0"/></net>

<net id="3751"><net_src comp="2582" pin="1"/><net_sink comp="3746" pin=1"/></net>

<net id="3757"><net_src comp="3746" pin="2"/><net_sink comp="3752" pin=0"/></net>

<net id="3758"><net_src comp="3736" pin="4"/><net_sink comp="3752" pin=1"/></net>

<net id="3759"><net_src comp="2582" pin="1"/><net_sink comp="3752" pin=2"/></net>

<net id="3760"><net_src comp="3752" pin="3"/><net_sink comp="1922" pin=1"/></net>

<net id="3767"><net_src comp="300" pin="0"/><net_sink comp="3761" pin=0"/></net>

<net id="3768"><net_src comp="1204" pin="2"/><net_sink comp="3761" pin=1"/></net>

<net id="3769"><net_src comp="478" pin="0"/><net_sink comp="3761" pin=2"/></net>

<net id="3770"><net_src comp="480" pin="0"/><net_sink comp="3761" pin=3"/></net>

<net id="3775"><net_src comp="3761" pin="4"/><net_sink comp="3771" pin=0"/></net>

<net id="3776"><net_src comp="2585" pin="1"/><net_sink comp="3771" pin=1"/></net>

<net id="3782"><net_src comp="3771" pin="2"/><net_sink comp="3777" pin=0"/></net>

<net id="3783"><net_src comp="3761" pin="4"/><net_sink comp="3777" pin=1"/></net>

<net id="3784"><net_src comp="2585" pin="1"/><net_sink comp="3777" pin=2"/></net>

<net id="3785"><net_src comp="3777" pin="3"/><net_sink comp="1928" pin=1"/></net>

<net id="3792"><net_src comp="300" pin="0"/><net_sink comp="3786" pin=0"/></net>

<net id="3793"><net_src comp="1204" pin="2"/><net_sink comp="3786" pin=1"/></net>

<net id="3794"><net_src comp="482" pin="0"/><net_sink comp="3786" pin=2"/></net>

<net id="3795"><net_src comp="484" pin="0"/><net_sink comp="3786" pin=3"/></net>

<net id="3800"><net_src comp="3786" pin="4"/><net_sink comp="3796" pin=0"/></net>

<net id="3801"><net_src comp="2588" pin="1"/><net_sink comp="3796" pin=1"/></net>

<net id="3807"><net_src comp="3796" pin="2"/><net_sink comp="3802" pin=0"/></net>

<net id="3808"><net_src comp="3786" pin="4"/><net_sink comp="3802" pin=1"/></net>

<net id="3809"><net_src comp="2588" pin="1"/><net_sink comp="3802" pin=2"/></net>

<net id="3810"><net_src comp="3802" pin="3"/><net_sink comp="1934" pin=1"/></net>

<net id="3817"><net_src comp="300" pin="0"/><net_sink comp="3811" pin=0"/></net>

<net id="3818"><net_src comp="1204" pin="2"/><net_sink comp="3811" pin=1"/></net>

<net id="3819"><net_src comp="486" pin="0"/><net_sink comp="3811" pin=2"/></net>

<net id="3820"><net_src comp="488" pin="0"/><net_sink comp="3811" pin=3"/></net>

<net id="3825"><net_src comp="3811" pin="4"/><net_sink comp="3821" pin=0"/></net>

<net id="3826"><net_src comp="2591" pin="1"/><net_sink comp="3821" pin=1"/></net>

<net id="3832"><net_src comp="3821" pin="2"/><net_sink comp="3827" pin=0"/></net>

<net id="3833"><net_src comp="3811" pin="4"/><net_sink comp="3827" pin=1"/></net>

<net id="3834"><net_src comp="2591" pin="1"/><net_sink comp="3827" pin=2"/></net>

<net id="3835"><net_src comp="3827" pin="3"/><net_sink comp="1940" pin=1"/></net>

<net id="3842"><net_src comp="300" pin="0"/><net_sink comp="3836" pin=0"/></net>

<net id="3843"><net_src comp="1204" pin="2"/><net_sink comp="3836" pin=1"/></net>

<net id="3844"><net_src comp="490" pin="0"/><net_sink comp="3836" pin=2"/></net>

<net id="3845"><net_src comp="492" pin="0"/><net_sink comp="3836" pin=3"/></net>

<net id="3850"><net_src comp="3836" pin="4"/><net_sink comp="3846" pin=0"/></net>

<net id="3851"><net_src comp="2594" pin="1"/><net_sink comp="3846" pin=1"/></net>

<net id="3857"><net_src comp="3846" pin="2"/><net_sink comp="3852" pin=0"/></net>

<net id="3858"><net_src comp="3836" pin="4"/><net_sink comp="3852" pin=1"/></net>

<net id="3859"><net_src comp="2594" pin="1"/><net_sink comp="3852" pin=2"/></net>

<net id="3860"><net_src comp="3852" pin="3"/><net_sink comp="1946" pin=1"/></net>

<net id="3867"><net_src comp="300" pin="0"/><net_sink comp="3861" pin=0"/></net>

<net id="3868"><net_src comp="1204" pin="2"/><net_sink comp="3861" pin=1"/></net>

<net id="3869"><net_src comp="494" pin="0"/><net_sink comp="3861" pin=2"/></net>

<net id="3870"><net_src comp="496" pin="0"/><net_sink comp="3861" pin=3"/></net>

<net id="3875"><net_src comp="3861" pin="4"/><net_sink comp="3871" pin=0"/></net>

<net id="3876"><net_src comp="2597" pin="1"/><net_sink comp="3871" pin=1"/></net>

<net id="3882"><net_src comp="3871" pin="2"/><net_sink comp="3877" pin=0"/></net>

<net id="3883"><net_src comp="3861" pin="4"/><net_sink comp="3877" pin=1"/></net>

<net id="3884"><net_src comp="2597" pin="1"/><net_sink comp="3877" pin=2"/></net>

<net id="3885"><net_src comp="3877" pin="3"/><net_sink comp="1952" pin=1"/></net>

<net id="3892"><net_src comp="300" pin="0"/><net_sink comp="3886" pin=0"/></net>

<net id="3893"><net_src comp="1204" pin="2"/><net_sink comp="3886" pin=1"/></net>

<net id="3894"><net_src comp="498" pin="0"/><net_sink comp="3886" pin=2"/></net>

<net id="3895"><net_src comp="500" pin="0"/><net_sink comp="3886" pin=3"/></net>

<net id="3900"><net_src comp="3886" pin="4"/><net_sink comp="3896" pin=0"/></net>

<net id="3901"><net_src comp="2600" pin="1"/><net_sink comp="3896" pin=1"/></net>

<net id="3907"><net_src comp="3896" pin="2"/><net_sink comp="3902" pin=0"/></net>

<net id="3908"><net_src comp="3886" pin="4"/><net_sink comp="3902" pin=1"/></net>

<net id="3909"><net_src comp="2600" pin="1"/><net_sink comp="3902" pin=2"/></net>

<net id="3910"><net_src comp="3902" pin="3"/><net_sink comp="1958" pin=1"/></net>

<net id="3917"><net_src comp="300" pin="0"/><net_sink comp="3911" pin=0"/></net>

<net id="3918"><net_src comp="1204" pin="2"/><net_sink comp="3911" pin=1"/></net>

<net id="3919"><net_src comp="502" pin="0"/><net_sink comp="3911" pin=2"/></net>

<net id="3920"><net_src comp="504" pin="0"/><net_sink comp="3911" pin=3"/></net>

<net id="3925"><net_src comp="3911" pin="4"/><net_sink comp="3921" pin=0"/></net>

<net id="3926"><net_src comp="2603" pin="1"/><net_sink comp="3921" pin=1"/></net>

<net id="3932"><net_src comp="3921" pin="2"/><net_sink comp="3927" pin=0"/></net>

<net id="3933"><net_src comp="3911" pin="4"/><net_sink comp="3927" pin=1"/></net>

<net id="3934"><net_src comp="2603" pin="1"/><net_sink comp="3927" pin=2"/></net>

<net id="3935"><net_src comp="3927" pin="3"/><net_sink comp="1964" pin=1"/></net>

<net id="3942"><net_src comp="300" pin="0"/><net_sink comp="3936" pin=0"/></net>

<net id="3943"><net_src comp="1204" pin="2"/><net_sink comp="3936" pin=1"/></net>

<net id="3944"><net_src comp="506" pin="0"/><net_sink comp="3936" pin=2"/></net>

<net id="3945"><net_src comp="508" pin="0"/><net_sink comp="3936" pin=3"/></net>

<net id="3950"><net_src comp="3936" pin="4"/><net_sink comp="3946" pin=0"/></net>

<net id="3951"><net_src comp="2606" pin="1"/><net_sink comp="3946" pin=1"/></net>

<net id="3957"><net_src comp="3946" pin="2"/><net_sink comp="3952" pin=0"/></net>

<net id="3958"><net_src comp="3936" pin="4"/><net_sink comp="3952" pin=1"/></net>

<net id="3959"><net_src comp="2606" pin="1"/><net_sink comp="3952" pin=2"/></net>

<net id="3960"><net_src comp="3952" pin="3"/><net_sink comp="1970" pin=1"/></net>

<net id="3967"><net_src comp="300" pin="0"/><net_sink comp="3961" pin=0"/></net>

<net id="3968"><net_src comp="1204" pin="2"/><net_sink comp="3961" pin=1"/></net>

<net id="3969"><net_src comp="510" pin="0"/><net_sink comp="3961" pin=2"/></net>

<net id="3970"><net_src comp="512" pin="0"/><net_sink comp="3961" pin=3"/></net>

<net id="3975"><net_src comp="3961" pin="4"/><net_sink comp="3971" pin=0"/></net>

<net id="3976"><net_src comp="2609" pin="1"/><net_sink comp="3971" pin=1"/></net>

<net id="3982"><net_src comp="3971" pin="2"/><net_sink comp="3977" pin=0"/></net>

<net id="3983"><net_src comp="3961" pin="4"/><net_sink comp="3977" pin=1"/></net>

<net id="3984"><net_src comp="2609" pin="1"/><net_sink comp="3977" pin=2"/></net>

<net id="3985"><net_src comp="3977" pin="3"/><net_sink comp="1976" pin=1"/></net>

<net id="3992"><net_src comp="300" pin="0"/><net_sink comp="3986" pin=0"/></net>

<net id="3993"><net_src comp="1204" pin="2"/><net_sink comp="3986" pin=1"/></net>

<net id="3994"><net_src comp="514" pin="0"/><net_sink comp="3986" pin=2"/></net>

<net id="3995"><net_src comp="516" pin="0"/><net_sink comp="3986" pin=3"/></net>

<net id="4000"><net_src comp="3986" pin="4"/><net_sink comp="3996" pin=0"/></net>

<net id="4001"><net_src comp="2612" pin="1"/><net_sink comp="3996" pin=1"/></net>

<net id="4007"><net_src comp="3996" pin="2"/><net_sink comp="4002" pin=0"/></net>

<net id="4008"><net_src comp="3986" pin="4"/><net_sink comp="4002" pin=1"/></net>

<net id="4009"><net_src comp="2612" pin="1"/><net_sink comp="4002" pin=2"/></net>

<net id="4010"><net_src comp="4002" pin="3"/><net_sink comp="1982" pin=1"/></net>

<net id="4017"><net_src comp="300" pin="0"/><net_sink comp="4011" pin=0"/></net>

<net id="4018"><net_src comp="1204" pin="2"/><net_sink comp="4011" pin=1"/></net>

<net id="4019"><net_src comp="518" pin="0"/><net_sink comp="4011" pin=2"/></net>

<net id="4020"><net_src comp="520" pin="0"/><net_sink comp="4011" pin=3"/></net>

<net id="4025"><net_src comp="4011" pin="4"/><net_sink comp="4021" pin=0"/></net>

<net id="4026"><net_src comp="2615" pin="1"/><net_sink comp="4021" pin=1"/></net>

<net id="4032"><net_src comp="4021" pin="2"/><net_sink comp="4027" pin=0"/></net>

<net id="4033"><net_src comp="4011" pin="4"/><net_sink comp="4027" pin=1"/></net>

<net id="4034"><net_src comp="2615" pin="1"/><net_sink comp="4027" pin=2"/></net>

<net id="4035"><net_src comp="4027" pin="3"/><net_sink comp="1988" pin=1"/></net>

<net id="4042"><net_src comp="300" pin="0"/><net_sink comp="4036" pin=0"/></net>

<net id="4043"><net_src comp="1204" pin="2"/><net_sink comp="4036" pin=1"/></net>

<net id="4044"><net_src comp="522" pin="0"/><net_sink comp="4036" pin=2"/></net>

<net id="4045"><net_src comp="524" pin="0"/><net_sink comp="4036" pin=3"/></net>

<net id="4050"><net_src comp="4036" pin="4"/><net_sink comp="4046" pin=0"/></net>

<net id="4051"><net_src comp="2618" pin="1"/><net_sink comp="4046" pin=1"/></net>

<net id="4057"><net_src comp="4046" pin="2"/><net_sink comp="4052" pin=0"/></net>

<net id="4058"><net_src comp="4036" pin="4"/><net_sink comp="4052" pin=1"/></net>

<net id="4059"><net_src comp="2618" pin="1"/><net_sink comp="4052" pin=2"/></net>

<net id="4060"><net_src comp="4052" pin="3"/><net_sink comp="1994" pin=1"/></net>

<net id="4067"><net_src comp="300" pin="0"/><net_sink comp="4061" pin=0"/></net>

<net id="4068"><net_src comp="1204" pin="2"/><net_sink comp="4061" pin=1"/></net>

<net id="4069"><net_src comp="526" pin="0"/><net_sink comp="4061" pin=2"/></net>

<net id="4070"><net_src comp="528" pin="0"/><net_sink comp="4061" pin=3"/></net>

<net id="4075"><net_src comp="4061" pin="4"/><net_sink comp="4071" pin=0"/></net>

<net id="4076"><net_src comp="2621" pin="1"/><net_sink comp="4071" pin=1"/></net>

<net id="4082"><net_src comp="4071" pin="2"/><net_sink comp="4077" pin=0"/></net>

<net id="4083"><net_src comp="4061" pin="4"/><net_sink comp="4077" pin=1"/></net>

<net id="4084"><net_src comp="2621" pin="1"/><net_sink comp="4077" pin=2"/></net>

<net id="4085"><net_src comp="4077" pin="3"/><net_sink comp="2000" pin=1"/></net>

<net id="4092"><net_src comp="300" pin="0"/><net_sink comp="4086" pin=0"/></net>

<net id="4093"><net_src comp="1204" pin="2"/><net_sink comp="4086" pin=1"/></net>

<net id="4094"><net_src comp="530" pin="0"/><net_sink comp="4086" pin=2"/></net>

<net id="4095"><net_src comp="532" pin="0"/><net_sink comp="4086" pin=3"/></net>

<net id="4100"><net_src comp="4086" pin="4"/><net_sink comp="4096" pin=0"/></net>

<net id="4101"><net_src comp="2624" pin="1"/><net_sink comp="4096" pin=1"/></net>

<net id="4107"><net_src comp="4096" pin="2"/><net_sink comp="4102" pin=0"/></net>

<net id="4108"><net_src comp="4086" pin="4"/><net_sink comp="4102" pin=1"/></net>

<net id="4109"><net_src comp="2624" pin="1"/><net_sink comp="4102" pin=2"/></net>

<net id="4110"><net_src comp="4102" pin="3"/><net_sink comp="2006" pin=1"/></net>

<net id="4117"><net_src comp="300" pin="0"/><net_sink comp="4111" pin=0"/></net>

<net id="4118"><net_src comp="1204" pin="2"/><net_sink comp="4111" pin=1"/></net>

<net id="4119"><net_src comp="534" pin="0"/><net_sink comp="4111" pin=2"/></net>

<net id="4120"><net_src comp="536" pin="0"/><net_sink comp="4111" pin=3"/></net>

<net id="4125"><net_src comp="4111" pin="4"/><net_sink comp="4121" pin=0"/></net>

<net id="4126"><net_src comp="2627" pin="1"/><net_sink comp="4121" pin=1"/></net>

<net id="4132"><net_src comp="4121" pin="2"/><net_sink comp="4127" pin=0"/></net>

<net id="4133"><net_src comp="4111" pin="4"/><net_sink comp="4127" pin=1"/></net>

<net id="4134"><net_src comp="2627" pin="1"/><net_sink comp="4127" pin=2"/></net>

<net id="4135"><net_src comp="4127" pin="3"/><net_sink comp="2012" pin=1"/></net>

<net id="4142"><net_src comp="300" pin="0"/><net_sink comp="4136" pin=0"/></net>

<net id="4143"><net_src comp="1204" pin="2"/><net_sink comp="4136" pin=1"/></net>

<net id="4144"><net_src comp="538" pin="0"/><net_sink comp="4136" pin=2"/></net>

<net id="4145"><net_src comp="540" pin="0"/><net_sink comp="4136" pin=3"/></net>

<net id="4150"><net_src comp="4136" pin="4"/><net_sink comp="4146" pin=0"/></net>

<net id="4151"><net_src comp="2630" pin="1"/><net_sink comp="4146" pin=1"/></net>

<net id="4157"><net_src comp="4146" pin="2"/><net_sink comp="4152" pin=0"/></net>

<net id="4158"><net_src comp="4136" pin="4"/><net_sink comp="4152" pin=1"/></net>

<net id="4159"><net_src comp="2630" pin="1"/><net_sink comp="4152" pin=2"/></net>

<net id="4160"><net_src comp="4152" pin="3"/><net_sink comp="2018" pin=1"/></net>

<net id="4167"><net_src comp="300" pin="0"/><net_sink comp="4161" pin=0"/></net>

<net id="4168"><net_src comp="1204" pin="2"/><net_sink comp="4161" pin=1"/></net>

<net id="4169"><net_src comp="542" pin="0"/><net_sink comp="4161" pin=2"/></net>

<net id="4170"><net_src comp="544" pin="0"/><net_sink comp="4161" pin=3"/></net>

<net id="4175"><net_src comp="4161" pin="4"/><net_sink comp="4171" pin=0"/></net>

<net id="4176"><net_src comp="2633" pin="1"/><net_sink comp="4171" pin=1"/></net>

<net id="4182"><net_src comp="4171" pin="2"/><net_sink comp="4177" pin=0"/></net>

<net id="4183"><net_src comp="4161" pin="4"/><net_sink comp="4177" pin=1"/></net>

<net id="4184"><net_src comp="2633" pin="1"/><net_sink comp="4177" pin=2"/></net>

<net id="4185"><net_src comp="4177" pin="3"/><net_sink comp="2024" pin=1"/></net>

<net id="4192"><net_src comp="300" pin="0"/><net_sink comp="4186" pin=0"/></net>

<net id="4193"><net_src comp="1204" pin="2"/><net_sink comp="4186" pin=1"/></net>

<net id="4194"><net_src comp="546" pin="0"/><net_sink comp="4186" pin=2"/></net>

<net id="4195"><net_src comp="548" pin="0"/><net_sink comp="4186" pin=3"/></net>

<net id="4200"><net_src comp="4186" pin="4"/><net_sink comp="4196" pin=0"/></net>

<net id="4201"><net_src comp="2636" pin="1"/><net_sink comp="4196" pin=1"/></net>

<net id="4207"><net_src comp="4196" pin="2"/><net_sink comp="4202" pin=0"/></net>

<net id="4208"><net_src comp="4186" pin="4"/><net_sink comp="4202" pin=1"/></net>

<net id="4209"><net_src comp="2636" pin="1"/><net_sink comp="4202" pin=2"/></net>

<net id="4210"><net_src comp="4202" pin="3"/><net_sink comp="2030" pin=1"/></net>

<net id="4217"><net_src comp="300" pin="0"/><net_sink comp="4211" pin=0"/></net>

<net id="4218"><net_src comp="1204" pin="2"/><net_sink comp="4211" pin=1"/></net>

<net id="4219"><net_src comp="550" pin="0"/><net_sink comp="4211" pin=2"/></net>

<net id="4220"><net_src comp="552" pin="0"/><net_sink comp="4211" pin=3"/></net>

<net id="4225"><net_src comp="4211" pin="4"/><net_sink comp="4221" pin=0"/></net>

<net id="4226"><net_src comp="2639" pin="1"/><net_sink comp="4221" pin=1"/></net>

<net id="4232"><net_src comp="4221" pin="2"/><net_sink comp="4227" pin=0"/></net>

<net id="4233"><net_src comp="4211" pin="4"/><net_sink comp="4227" pin=1"/></net>

<net id="4234"><net_src comp="2639" pin="1"/><net_sink comp="4227" pin=2"/></net>

<net id="4235"><net_src comp="4227" pin="3"/><net_sink comp="2036" pin=1"/></net>

<net id="4240"><net_src comp="2444" pin="2"/><net_sink comp="4236" pin=0"/></net>

<net id="4241"><net_src comp="282" pin="0"/><net_sink comp="4236" pin=1"/></net>

<net id="4246"><net_src comp="4227" pin="3"/><net_sink comp="4242" pin=0"/></net>

<net id="4251"><net_src comp="4202" pin="3"/><net_sink comp="4247" pin=0"/></net>

<net id="4256"><net_src comp="4177" pin="3"/><net_sink comp="4252" pin=0"/></net>

<net id="4261"><net_src comp="4152" pin="3"/><net_sink comp="4257" pin=0"/></net>

<net id="4266"><net_src comp="4127" pin="3"/><net_sink comp="4262" pin=0"/></net>

<net id="4271"><net_src comp="4102" pin="3"/><net_sink comp="4267" pin=0"/></net>

<net id="4276"><net_src comp="4077" pin="3"/><net_sink comp="4272" pin=0"/></net>

<net id="4281"><net_src comp="4052" pin="3"/><net_sink comp="4277" pin=0"/></net>

<net id="4286"><net_src comp="4027" pin="3"/><net_sink comp="4282" pin=0"/></net>

<net id="4291"><net_src comp="4002" pin="3"/><net_sink comp="4287" pin=0"/></net>

<net id="4296"><net_src comp="3977" pin="3"/><net_sink comp="4292" pin=0"/></net>

<net id="4301"><net_src comp="3952" pin="3"/><net_sink comp="4297" pin=0"/></net>

<net id="4306"><net_src comp="3927" pin="3"/><net_sink comp="4302" pin=0"/></net>

<net id="4311"><net_src comp="3902" pin="3"/><net_sink comp="4307" pin=0"/></net>

<net id="4316"><net_src comp="3877" pin="3"/><net_sink comp="4312" pin=0"/></net>

<net id="4321"><net_src comp="3852" pin="3"/><net_sink comp="4317" pin=0"/></net>

<net id="4326"><net_src comp="3827" pin="3"/><net_sink comp="4322" pin=0"/></net>

<net id="4331"><net_src comp="3802" pin="3"/><net_sink comp="4327" pin=0"/></net>

<net id="4336"><net_src comp="3777" pin="3"/><net_sink comp="4332" pin=0"/></net>

<net id="4341"><net_src comp="3752" pin="3"/><net_sink comp="4337" pin=0"/></net>

<net id="4346"><net_src comp="3727" pin="3"/><net_sink comp="4342" pin=0"/></net>

<net id="4351"><net_src comp="3702" pin="3"/><net_sink comp="4347" pin=0"/></net>

<net id="4356"><net_src comp="3677" pin="3"/><net_sink comp="4352" pin=0"/></net>

<net id="4361"><net_src comp="3652" pin="3"/><net_sink comp="4357" pin=0"/></net>

<net id="4366"><net_src comp="3627" pin="3"/><net_sink comp="4362" pin=0"/></net>

<net id="4371"><net_src comp="3602" pin="3"/><net_sink comp="4367" pin=0"/></net>

<net id="4376"><net_src comp="3577" pin="3"/><net_sink comp="4372" pin=0"/></net>

<net id="4381"><net_src comp="3552" pin="3"/><net_sink comp="4377" pin=0"/></net>

<net id="4386"><net_src comp="3527" pin="3"/><net_sink comp="4382" pin=0"/></net>

<net id="4391"><net_src comp="3502" pin="3"/><net_sink comp="4387" pin=0"/></net>

<net id="4396"><net_src comp="3477" pin="3"/><net_sink comp="4392" pin=0"/></net>

<net id="4401"><net_src comp="3452" pin="3"/><net_sink comp="4397" pin=0"/></net>

<net id="4406"><net_src comp="3427" pin="3"/><net_sink comp="4402" pin=0"/></net>

<net id="4411"><net_src comp="3402" pin="3"/><net_sink comp="4407" pin=0"/></net>

<net id="4416"><net_src comp="3377" pin="3"/><net_sink comp="4412" pin=0"/></net>

<net id="4421"><net_src comp="3352" pin="3"/><net_sink comp="4417" pin=0"/></net>

<net id="4426"><net_src comp="3327" pin="3"/><net_sink comp="4422" pin=0"/></net>

<net id="4431"><net_src comp="3302" pin="3"/><net_sink comp="4427" pin=0"/></net>

<net id="4436"><net_src comp="3277" pin="3"/><net_sink comp="4432" pin=0"/></net>

<net id="4441"><net_src comp="3252" pin="3"/><net_sink comp="4437" pin=0"/></net>

<net id="4446"><net_src comp="3227" pin="3"/><net_sink comp="4442" pin=0"/></net>

<net id="4451"><net_src comp="3202" pin="3"/><net_sink comp="4447" pin=0"/></net>

<net id="4456"><net_src comp="3177" pin="3"/><net_sink comp="4452" pin=0"/></net>

<net id="4461"><net_src comp="3152" pin="3"/><net_sink comp="4457" pin=0"/></net>

<net id="4466"><net_src comp="3127" pin="3"/><net_sink comp="4462" pin=0"/></net>

<net id="4471"><net_src comp="3102" pin="3"/><net_sink comp="4467" pin=0"/></net>

<net id="4476"><net_src comp="3077" pin="3"/><net_sink comp="4472" pin=0"/></net>

<net id="4481"><net_src comp="3052" pin="3"/><net_sink comp="4477" pin=0"/></net>

<net id="4486"><net_src comp="3027" pin="3"/><net_sink comp="4482" pin=0"/></net>

<net id="4491"><net_src comp="3002" pin="3"/><net_sink comp="4487" pin=0"/></net>

<net id="4496"><net_src comp="2977" pin="3"/><net_sink comp="4492" pin=0"/></net>

<net id="4501"><net_src comp="2952" pin="3"/><net_sink comp="4497" pin=0"/></net>

<net id="4506"><net_src comp="2927" pin="3"/><net_sink comp="4502" pin=0"/></net>

<net id="4511"><net_src comp="2902" pin="3"/><net_sink comp="4507" pin=0"/></net>

<net id="4516"><net_src comp="2877" pin="3"/><net_sink comp="4512" pin=0"/></net>

<net id="4521"><net_src comp="2852" pin="3"/><net_sink comp="4517" pin=0"/></net>

<net id="4526"><net_src comp="2827" pin="3"/><net_sink comp="4522" pin=0"/></net>

<net id="4531"><net_src comp="2802" pin="3"/><net_sink comp="4527" pin=0"/></net>

<net id="4536"><net_src comp="2777" pin="3"/><net_sink comp="4532" pin=0"/></net>

<net id="4541"><net_src comp="2752" pin="3"/><net_sink comp="4537" pin=0"/></net>

<net id="4546"><net_src comp="2727" pin="3"/><net_sink comp="4542" pin=0"/></net>

<net id="4551"><net_src comp="2702" pin="3"/><net_sink comp="4547" pin=0"/></net>

<net id="4556"><net_src comp="2677" pin="3"/><net_sink comp="4552" pin=0"/></net>

<net id="4561"><net_src comp="2652" pin="3"/><net_sink comp="4557" pin=0"/></net>

<net id="4566"><net_src comp="2444" pin="2"/><net_sink comp="4562" pin=0"/></net>

<net id="4570"><net_src comp="554" pin="1"/><net_sink comp="4567" pin=0"/></net>

<net id="4571"><net_src comp="4567" pin="1"/><net_sink comp="2430" pin=1"/></net>

<net id="4572"><net_src comp="4567" pin="1"/><net_sink comp="2435" pin=0"/></net>

<net id="4573"><net_src comp="4567" pin="1"/><net_sink comp="4562" pin=1"/></net>

<net id="4577"><net_src comp="558" pin="1"/><net_sink comp="4574" pin=0"/></net>

<net id="4578"><net_src comp="4574" pin="1"/><net_sink comp="2425" pin=1"/></net>

<net id="4579"><net_src comp="4574" pin="1"/><net_sink comp="2450" pin=0"/></net>

<net id="4580"><net_src comp="4574" pin="1"/><net_sink comp="4557" pin=1"/></net>

<net id="4584"><net_src comp="562" pin="1"/><net_sink comp="4581" pin=0"/></net>

<net id="4585"><net_src comp="4581" pin="1"/><net_sink comp="2420" pin=1"/></net>

<net id="4586"><net_src comp="4581" pin="1"/><net_sink comp="2453" pin=0"/></net>

<net id="4587"><net_src comp="4581" pin="1"/><net_sink comp="4552" pin=1"/></net>

<net id="4591"><net_src comp="566" pin="1"/><net_sink comp="4588" pin=0"/></net>

<net id="4592"><net_src comp="4588" pin="1"/><net_sink comp="2415" pin=1"/></net>

<net id="4593"><net_src comp="4588" pin="1"/><net_sink comp="2456" pin=0"/></net>

<net id="4594"><net_src comp="4588" pin="1"/><net_sink comp="4547" pin=1"/></net>

<net id="4598"><net_src comp="570" pin="1"/><net_sink comp="4595" pin=0"/></net>

<net id="4599"><net_src comp="4595" pin="1"/><net_sink comp="2410" pin=1"/></net>

<net id="4600"><net_src comp="4595" pin="1"/><net_sink comp="2459" pin=0"/></net>

<net id="4601"><net_src comp="4595" pin="1"/><net_sink comp="4542" pin=1"/></net>

<net id="4605"><net_src comp="574" pin="1"/><net_sink comp="4602" pin=0"/></net>

<net id="4606"><net_src comp="4602" pin="1"/><net_sink comp="2405" pin=1"/></net>

<net id="4607"><net_src comp="4602" pin="1"/><net_sink comp="2462" pin=0"/></net>

<net id="4608"><net_src comp="4602" pin="1"/><net_sink comp="4537" pin=1"/></net>

<net id="4612"><net_src comp="578" pin="1"/><net_sink comp="4609" pin=0"/></net>

<net id="4613"><net_src comp="4609" pin="1"/><net_sink comp="2400" pin=1"/></net>

<net id="4614"><net_src comp="4609" pin="1"/><net_sink comp="2465" pin=0"/></net>

<net id="4615"><net_src comp="4609" pin="1"/><net_sink comp="4532" pin=1"/></net>

<net id="4619"><net_src comp="582" pin="1"/><net_sink comp="4616" pin=0"/></net>

<net id="4620"><net_src comp="4616" pin="1"/><net_sink comp="2395" pin=1"/></net>

<net id="4621"><net_src comp="4616" pin="1"/><net_sink comp="2468" pin=0"/></net>

<net id="4622"><net_src comp="4616" pin="1"/><net_sink comp="4527" pin=1"/></net>

<net id="4626"><net_src comp="586" pin="1"/><net_sink comp="4623" pin=0"/></net>

<net id="4627"><net_src comp="4623" pin="1"/><net_sink comp="2390" pin=1"/></net>

<net id="4628"><net_src comp="4623" pin="1"/><net_sink comp="2471" pin=0"/></net>

<net id="4629"><net_src comp="4623" pin="1"/><net_sink comp="4522" pin=1"/></net>

<net id="4633"><net_src comp="590" pin="1"/><net_sink comp="4630" pin=0"/></net>

<net id="4634"><net_src comp="4630" pin="1"/><net_sink comp="2385" pin=1"/></net>

<net id="4635"><net_src comp="4630" pin="1"/><net_sink comp="2474" pin=0"/></net>

<net id="4636"><net_src comp="4630" pin="1"/><net_sink comp="4517" pin=1"/></net>

<net id="4640"><net_src comp="594" pin="1"/><net_sink comp="4637" pin=0"/></net>

<net id="4641"><net_src comp="4637" pin="1"/><net_sink comp="2380" pin=1"/></net>

<net id="4642"><net_src comp="4637" pin="1"/><net_sink comp="2477" pin=0"/></net>

<net id="4643"><net_src comp="4637" pin="1"/><net_sink comp="4512" pin=1"/></net>

<net id="4647"><net_src comp="598" pin="1"/><net_sink comp="4644" pin=0"/></net>

<net id="4648"><net_src comp="4644" pin="1"/><net_sink comp="2375" pin=1"/></net>

<net id="4649"><net_src comp="4644" pin="1"/><net_sink comp="2480" pin=0"/></net>

<net id="4650"><net_src comp="4644" pin="1"/><net_sink comp="4507" pin=1"/></net>

<net id="4654"><net_src comp="602" pin="1"/><net_sink comp="4651" pin=0"/></net>

<net id="4655"><net_src comp="4651" pin="1"/><net_sink comp="2370" pin=1"/></net>

<net id="4656"><net_src comp="4651" pin="1"/><net_sink comp="2483" pin=0"/></net>

<net id="4657"><net_src comp="4651" pin="1"/><net_sink comp="4502" pin=1"/></net>

<net id="4661"><net_src comp="606" pin="1"/><net_sink comp="4658" pin=0"/></net>

<net id="4662"><net_src comp="4658" pin="1"/><net_sink comp="2365" pin=1"/></net>

<net id="4663"><net_src comp="4658" pin="1"/><net_sink comp="2486" pin=0"/></net>

<net id="4664"><net_src comp="4658" pin="1"/><net_sink comp="4497" pin=1"/></net>

<net id="4668"><net_src comp="610" pin="1"/><net_sink comp="4665" pin=0"/></net>

<net id="4669"><net_src comp="4665" pin="1"/><net_sink comp="2360" pin=1"/></net>

<net id="4670"><net_src comp="4665" pin="1"/><net_sink comp="2489" pin=0"/></net>

<net id="4671"><net_src comp="4665" pin="1"/><net_sink comp="4492" pin=1"/></net>

<net id="4675"><net_src comp="614" pin="1"/><net_sink comp="4672" pin=0"/></net>

<net id="4676"><net_src comp="4672" pin="1"/><net_sink comp="2355" pin=1"/></net>

<net id="4677"><net_src comp="4672" pin="1"/><net_sink comp="2492" pin=0"/></net>

<net id="4678"><net_src comp="4672" pin="1"/><net_sink comp="4487" pin=1"/></net>

<net id="4682"><net_src comp="618" pin="1"/><net_sink comp="4679" pin=0"/></net>

<net id="4683"><net_src comp="4679" pin="1"/><net_sink comp="2350" pin=1"/></net>

<net id="4684"><net_src comp="4679" pin="1"/><net_sink comp="2495" pin=0"/></net>

<net id="4685"><net_src comp="4679" pin="1"/><net_sink comp="4482" pin=1"/></net>

<net id="4689"><net_src comp="622" pin="1"/><net_sink comp="4686" pin=0"/></net>

<net id="4690"><net_src comp="4686" pin="1"/><net_sink comp="2345" pin=1"/></net>

<net id="4691"><net_src comp="4686" pin="1"/><net_sink comp="2498" pin=0"/></net>

<net id="4692"><net_src comp="4686" pin="1"/><net_sink comp="4477" pin=1"/></net>

<net id="4696"><net_src comp="626" pin="1"/><net_sink comp="4693" pin=0"/></net>

<net id="4697"><net_src comp="4693" pin="1"/><net_sink comp="2340" pin=1"/></net>

<net id="4698"><net_src comp="4693" pin="1"/><net_sink comp="2501" pin=0"/></net>

<net id="4699"><net_src comp="4693" pin="1"/><net_sink comp="4472" pin=1"/></net>

<net id="4703"><net_src comp="630" pin="1"/><net_sink comp="4700" pin=0"/></net>

<net id="4704"><net_src comp="4700" pin="1"/><net_sink comp="2335" pin=1"/></net>

<net id="4705"><net_src comp="4700" pin="1"/><net_sink comp="2504" pin=0"/></net>

<net id="4706"><net_src comp="4700" pin="1"/><net_sink comp="4467" pin=1"/></net>

<net id="4710"><net_src comp="634" pin="1"/><net_sink comp="4707" pin=0"/></net>

<net id="4711"><net_src comp="4707" pin="1"/><net_sink comp="2330" pin=1"/></net>

<net id="4712"><net_src comp="4707" pin="1"/><net_sink comp="2507" pin=0"/></net>

<net id="4713"><net_src comp="4707" pin="1"/><net_sink comp="4462" pin=1"/></net>

<net id="4717"><net_src comp="638" pin="1"/><net_sink comp="4714" pin=0"/></net>

<net id="4718"><net_src comp="4714" pin="1"/><net_sink comp="2325" pin=1"/></net>

<net id="4719"><net_src comp="4714" pin="1"/><net_sink comp="2510" pin=0"/></net>

<net id="4720"><net_src comp="4714" pin="1"/><net_sink comp="4457" pin=1"/></net>

<net id="4724"><net_src comp="642" pin="1"/><net_sink comp="4721" pin=0"/></net>

<net id="4725"><net_src comp="4721" pin="1"/><net_sink comp="2320" pin=1"/></net>

<net id="4726"><net_src comp="4721" pin="1"/><net_sink comp="2513" pin=0"/></net>

<net id="4727"><net_src comp="4721" pin="1"/><net_sink comp="4452" pin=1"/></net>

<net id="4731"><net_src comp="646" pin="1"/><net_sink comp="4728" pin=0"/></net>

<net id="4732"><net_src comp="4728" pin="1"/><net_sink comp="2315" pin=1"/></net>

<net id="4733"><net_src comp="4728" pin="1"/><net_sink comp="2516" pin=0"/></net>

<net id="4734"><net_src comp="4728" pin="1"/><net_sink comp="4447" pin=1"/></net>

<net id="4738"><net_src comp="650" pin="1"/><net_sink comp="4735" pin=0"/></net>

<net id="4739"><net_src comp="4735" pin="1"/><net_sink comp="2310" pin=1"/></net>

<net id="4740"><net_src comp="4735" pin="1"/><net_sink comp="2519" pin=0"/></net>

<net id="4741"><net_src comp="4735" pin="1"/><net_sink comp="4442" pin=1"/></net>

<net id="4745"><net_src comp="654" pin="1"/><net_sink comp="4742" pin=0"/></net>

<net id="4746"><net_src comp="4742" pin="1"/><net_sink comp="2305" pin=1"/></net>

<net id="4747"><net_src comp="4742" pin="1"/><net_sink comp="2522" pin=0"/></net>

<net id="4748"><net_src comp="4742" pin="1"/><net_sink comp="4437" pin=1"/></net>

<net id="4752"><net_src comp="658" pin="1"/><net_sink comp="4749" pin=0"/></net>

<net id="4753"><net_src comp="4749" pin="1"/><net_sink comp="2300" pin=1"/></net>

<net id="4754"><net_src comp="4749" pin="1"/><net_sink comp="2525" pin=0"/></net>

<net id="4755"><net_src comp="4749" pin="1"/><net_sink comp="4432" pin=1"/></net>

<net id="4759"><net_src comp="662" pin="1"/><net_sink comp="4756" pin=0"/></net>

<net id="4760"><net_src comp="4756" pin="1"/><net_sink comp="2295" pin=1"/></net>

<net id="4761"><net_src comp="4756" pin="1"/><net_sink comp="2528" pin=0"/></net>

<net id="4762"><net_src comp="4756" pin="1"/><net_sink comp="4427" pin=1"/></net>

<net id="4766"><net_src comp="666" pin="1"/><net_sink comp="4763" pin=0"/></net>

<net id="4767"><net_src comp="4763" pin="1"/><net_sink comp="2290" pin=1"/></net>

<net id="4768"><net_src comp="4763" pin="1"/><net_sink comp="2531" pin=0"/></net>

<net id="4769"><net_src comp="4763" pin="1"/><net_sink comp="4422" pin=1"/></net>

<net id="4773"><net_src comp="670" pin="1"/><net_sink comp="4770" pin=0"/></net>

<net id="4774"><net_src comp="4770" pin="1"/><net_sink comp="2285" pin=1"/></net>

<net id="4775"><net_src comp="4770" pin="1"/><net_sink comp="2534" pin=0"/></net>

<net id="4776"><net_src comp="4770" pin="1"/><net_sink comp="4417" pin=1"/></net>

<net id="4780"><net_src comp="674" pin="1"/><net_sink comp="4777" pin=0"/></net>

<net id="4781"><net_src comp="4777" pin="1"/><net_sink comp="2280" pin=1"/></net>

<net id="4782"><net_src comp="4777" pin="1"/><net_sink comp="2537" pin=0"/></net>

<net id="4783"><net_src comp="4777" pin="1"/><net_sink comp="4412" pin=1"/></net>

<net id="4787"><net_src comp="678" pin="1"/><net_sink comp="4784" pin=0"/></net>

<net id="4788"><net_src comp="4784" pin="1"/><net_sink comp="2275" pin=1"/></net>

<net id="4789"><net_src comp="4784" pin="1"/><net_sink comp="2540" pin=0"/></net>

<net id="4790"><net_src comp="4784" pin="1"/><net_sink comp="4407" pin=1"/></net>

<net id="4794"><net_src comp="682" pin="1"/><net_sink comp="4791" pin=0"/></net>

<net id="4795"><net_src comp="4791" pin="1"/><net_sink comp="2270" pin=1"/></net>

<net id="4796"><net_src comp="4791" pin="1"/><net_sink comp="2543" pin=0"/></net>

<net id="4797"><net_src comp="4791" pin="1"/><net_sink comp="4402" pin=1"/></net>

<net id="4801"><net_src comp="686" pin="1"/><net_sink comp="4798" pin=0"/></net>

<net id="4802"><net_src comp="4798" pin="1"/><net_sink comp="2265" pin=1"/></net>

<net id="4803"><net_src comp="4798" pin="1"/><net_sink comp="2546" pin=0"/></net>

<net id="4804"><net_src comp="4798" pin="1"/><net_sink comp="4397" pin=1"/></net>

<net id="4808"><net_src comp="690" pin="1"/><net_sink comp="4805" pin=0"/></net>

<net id="4809"><net_src comp="4805" pin="1"/><net_sink comp="2260" pin=1"/></net>

<net id="4810"><net_src comp="4805" pin="1"/><net_sink comp="2549" pin=0"/></net>

<net id="4811"><net_src comp="4805" pin="1"/><net_sink comp="4392" pin=1"/></net>

<net id="4815"><net_src comp="694" pin="1"/><net_sink comp="4812" pin=0"/></net>

<net id="4816"><net_src comp="4812" pin="1"/><net_sink comp="2255" pin=1"/></net>

<net id="4817"><net_src comp="4812" pin="1"/><net_sink comp="2552" pin=0"/></net>

<net id="4818"><net_src comp="4812" pin="1"/><net_sink comp="4387" pin=1"/></net>

<net id="4822"><net_src comp="698" pin="1"/><net_sink comp="4819" pin=0"/></net>

<net id="4823"><net_src comp="4819" pin="1"/><net_sink comp="2250" pin=1"/></net>

<net id="4824"><net_src comp="4819" pin="1"/><net_sink comp="2555" pin=0"/></net>

<net id="4825"><net_src comp="4819" pin="1"/><net_sink comp="4382" pin=1"/></net>

<net id="4829"><net_src comp="702" pin="1"/><net_sink comp="4826" pin=0"/></net>

<net id="4830"><net_src comp="4826" pin="1"/><net_sink comp="2245" pin=1"/></net>

<net id="4831"><net_src comp="4826" pin="1"/><net_sink comp="2558" pin=0"/></net>

<net id="4832"><net_src comp="4826" pin="1"/><net_sink comp="4377" pin=1"/></net>

<net id="4836"><net_src comp="706" pin="1"/><net_sink comp="4833" pin=0"/></net>

<net id="4837"><net_src comp="4833" pin="1"/><net_sink comp="2240" pin=1"/></net>

<net id="4838"><net_src comp="4833" pin="1"/><net_sink comp="2561" pin=0"/></net>

<net id="4839"><net_src comp="4833" pin="1"/><net_sink comp="4372" pin=1"/></net>

<net id="4843"><net_src comp="710" pin="1"/><net_sink comp="4840" pin=0"/></net>

<net id="4844"><net_src comp="4840" pin="1"/><net_sink comp="2235" pin=1"/></net>

<net id="4845"><net_src comp="4840" pin="1"/><net_sink comp="2564" pin=0"/></net>

<net id="4846"><net_src comp="4840" pin="1"/><net_sink comp="4367" pin=1"/></net>

<net id="4850"><net_src comp="714" pin="1"/><net_sink comp="4847" pin=0"/></net>

<net id="4851"><net_src comp="4847" pin="1"/><net_sink comp="2230" pin=1"/></net>

<net id="4852"><net_src comp="4847" pin="1"/><net_sink comp="2567" pin=0"/></net>

<net id="4853"><net_src comp="4847" pin="1"/><net_sink comp="4362" pin=1"/></net>

<net id="4857"><net_src comp="718" pin="1"/><net_sink comp="4854" pin=0"/></net>

<net id="4858"><net_src comp="4854" pin="1"/><net_sink comp="2225" pin=1"/></net>

<net id="4859"><net_src comp="4854" pin="1"/><net_sink comp="2570" pin=0"/></net>

<net id="4860"><net_src comp="4854" pin="1"/><net_sink comp="4357" pin=1"/></net>

<net id="4864"><net_src comp="722" pin="1"/><net_sink comp="4861" pin=0"/></net>

<net id="4865"><net_src comp="4861" pin="1"/><net_sink comp="2220" pin=1"/></net>

<net id="4866"><net_src comp="4861" pin="1"/><net_sink comp="2573" pin=0"/></net>

<net id="4867"><net_src comp="4861" pin="1"/><net_sink comp="4352" pin=1"/></net>

<net id="4871"><net_src comp="726" pin="1"/><net_sink comp="4868" pin=0"/></net>

<net id="4872"><net_src comp="4868" pin="1"/><net_sink comp="2215" pin=1"/></net>

<net id="4873"><net_src comp="4868" pin="1"/><net_sink comp="2576" pin=0"/></net>

<net id="4874"><net_src comp="4868" pin="1"/><net_sink comp="4347" pin=1"/></net>

<net id="4878"><net_src comp="730" pin="1"/><net_sink comp="4875" pin=0"/></net>

<net id="4879"><net_src comp="4875" pin="1"/><net_sink comp="2210" pin=1"/></net>

<net id="4880"><net_src comp="4875" pin="1"/><net_sink comp="2579" pin=0"/></net>

<net id="4881"><net_src comp="4875" pin="1"/><net_sink comp="4342" pin=1"/></net>

<net id="4885"><net_src comp="734" pin="1"/><net_sink comp="4882" pin=0"/></net>

<net id="4886"><net_src comp="4882" pin="1"/><net_sink comp="2205" pin=1"/></net>

<net id="4887"><net_src comp="4882" pin="1"/><net_sink comp="2582" pin=0"/></net>

<net id="4888"><net_src comp="4882" pin="1"/><net_sink comp="4337" pin=1"/></net>

<net id="4892"><net_src comp="738" pin="1"/><net_sink comp="4889" pin=0"/></net>

<net id="4893"><net_src comp="4889" pin="1"/><net_sink comp="2200" pin=1"/></net>

<net id="4894"><net_src comp="4889" pin="1"/><net_sink comp="2585" pin=0"/></net>

<net id="4895"><net_src comp="4889" pin="1"/><net_sink comp="4332" pin=1"/></net>

<net id="4899"><net_src comp="742" pin="1"/><net_sink comp="4896" pin=0"/></net>

<net id="4900"><net_src comp="4896" pin="1"/><net_sink comp="2195" pin=1"/></net>

<net id="4901"><net_src comp="4896" pin="1"/><net_sink comp="2588" pin=0"/></net>

<net id="4902"><net_src comp="4896" pin="1"/><net_sink comp="4327" pin=1"/></net>

<net id="4906"><net_src comp="746" pin="1"/><net_sink comp="4903" pin=0"/></net>

<net id="4907"><net_src comp="4903" pin="1"/><net_sink comp="2190" pin=1"/></net>

<net id="4908"><net_src comp="4903" pin="1"/><net_sink comp="2591" pin=0"/></net>

<net id="4909"><net_src comp="4903" pin="1"/><net_sink comp="4322" pin=1"/></net>

<net id="4913"><net_src comp="750" pin="1"/><net_sink comp="4910" pin=0"/></net>

<net id="4914"><net_src comp="4910" pin="1"/><net_sink comp="2185" pin=1"/></net>

<net id="4915"><net_src comp="4910" pin="1"/><net_sink comp="2594" pin=0"/></net>

<net id="4916"><net_src comp="4910" pin="1"/><net_sink comp="4317" pin=1"/></net>

<net id="4920"><net_src comp="754" pin="1"/><net_sink comp="4917" pin=0"/></net>

<net id="4921"><net_src comp="4917" pin="1"/><net_sink comp="2180" pin=1"/></net>

<net id="4922"><net_src comp="4917" pin="1"/><net_sink comp="2597" pin=0"/></net>

<net id="4923"><net_src comp="4917" pin="1"/><net_sink comp="4312" pin=1"/></net>

<net id="4927"><net_src comp="758" pin="1"/><net_sink comp="4924" pin=0"/></net>

<net id="4928"><net_src comp="4924" pin="1"/><net_sink comp="2175" pin=1"/></net>

<net id="4929"><net_src comp="4924" pin="1"/><net_sink comp="2600" pin=0"/></net>

<net id="4930"><net_src comp="4924" pin="1"/><net_sink comp="4307" pin=1"/></net>

<net id="4934"><net_src comp="762" pin="1"/><net_sink comp="4931" pin=0"/></net>

<net id="4935"><net_src comp="4931" pin="1"/><net_sink comp="2170" pin=1"/></net>

<net id="4936"><net_src comp="4931" pin="1"/><net_sink comp="2603" pin=0"/></net>

<net id="4937"><net_src comp="4931" pin="1"/><net_sink comp="4302" pin=1"/></net>

<net id="4941"><net_src comp="766" pin="1"/><net_sink comp="4938" pin=0"/></net>

<net id="4942"><net_src comp="4938" pin="1"/><net_sink comp="2165" pin=1"/></net>

<net id="4943"><net_src comp="4938" pin="1"/><net_sink comp="2606" pin=0"/></net>

<net id="4944"><net_src comp="4938" pin="1"/><net_sink comp="4297" pin=1"/></net>

<net id="4948"><net_src comp="770" pin="1"/><net_sink comp="4945" pin=0"/></net>

<net id="4949"><net_src comp="4945" pin="1"/><net_sink comp="2160" pin=1"/></net>

<net id="4950"><net_src comp="4945" pin="1"/><net_sink comp="2609" pin=0"/></net>

<net id="4951"><net_src comp="4945" pin="1"/><net_sink comp="4292" pin=1"/></net>

<net id="4955"><net_src comp="774" pin="1"/><net_sink comp="4952" pin=0"/></net>

<net id="4956"><net_src comp="4952" pin="1"/><net_sink comp="2155" pin=1"/></net>

<net id="4957"><net_src comp="4952" pin="1"/><net_sink comp="2612" pin=0"/></net>

<net id="4958"><net_src comp="4952" pin="1"/><net_sink comp="4287" pin=1"/></net>

<net id="4962"><net_src comp="778" pin="1"/><net_sink comp="4959" pin=0"/></net>

<net id="4963"><net_src comp="4959" pin="1"/><net_sink comp="2150" pin=1"/></net>

<net id="4964"><net_src comp="4959" pin="1"/><net_sink comp="2615" pin=0"/></net>

<net id="4965"><net_src comp="4959" pin="1"/><net_sink comp="4282" pin=1"/></net>

<net id="4969"><net_src comp="782" pin="1"/><net_sink comp="4966" pin=0"/></net>

<net id="4970"><net_src comp="4966" pin="1"/><net_sink comp="2145" pin=1"/></net>

<net id="4971"><net_src comp="4966" pin="1"/><net_sink comp="2618" pin=0"/></net>

<net id="4972"><net_src comp="4966" pin="1"/><net_sink comp="4277" pin=1"/></net>

<net id="4976"><net_src comp="786" pin="1"/><net_sink comp="4973" pin=0"/></net>

<net id="4977"><net_src comp="4973" pin="1"/><net_sink comp="2140" pin=1"/></net>

<net id="4978"><net_src comp="4973" pin="1"/><net_sink comp="2621" pin=0"/></net>

<net id="4979"><net_src comp="4973" pin="1"/><net_sink comp="4272" pin=1"/></net>

<net id="4983"><net_src comp="790" pin="1"/><net_sink comp="4980" pin=0"/></net>

<net id="4984"><net_src comp="4980" pin="1"/><net_sink comp="2135" pin=1"/></net>

<net id="4985"><net_src comp="4980" pin="1"/><net_sink comp="2624" pin=0"/></net>

<net id="4986"><net_src comp="4980" pin="1"/><net_sink comp="4267" pin=1"/></net>

<net id="4990"><net_src comp="794" pin="1"/><net_sink comp="4987" pin=0"/></net>

<net id="4991"><net_src comp="4987" pin="1"/><net_sink comp="2130" pin=1"/></net>

<net id="4992"><net_src comp="4987" pin="1"/><net_sink comp="2627" pin=0"/></net>

<net id="4993"><net_src comp="4987" pin="1"/><net_sink comp="4262" pin=1"/></net>

<net id="4997"><net_src comp="798" pin="1"/><net_sink comp="4994" pin=0"/></net>

<net id="4998"><net_src comp="4994" pin="1"/><net_sink comp="2125" pin=1"/></net>

<net id="4999"><net_src comp="4994" pin="1"/><net_sink comp="2630" pin=0"/></net>

<net id="5000"><net_src comp="4994" pin="1"/><net_sink comp="4257" pin=1"/></net>

<net id="5004"><net_src comp="802" pin="1"/><net_sink comp="5001" pin=0"/></net>

<net id="5005"><net_src comp="5001" pin="1"/><net_sink comp="2120" pin=1"/></net>

<net id="5006"><net_src comp="5001" pin="1"/><net_sink comp="2633" pin=0"/></net>

<net id="5007"><net_src comp="5001" pin="1"/><net_sink comp="4252" pin=1"/></net>

<net id="5011"><net_src comp="806" pin="1"/><net_sink comp="5008" pin=0"/></net>

<net id="5012"><net_src comp="5008" pin="1"/><net_sink comp="2115" pin=1"/></net>

<net id="5013"><net_src comp="5008" pin="1"/><net_sink comp="2636" pin=0"/></net>

<net id="5014"><net_src comp="5008" pin="1"/><net_sink comp="4247" pin=1"/></net>

<net id="5018"><net_src comp="810" pin="1"/><net_sink comp="5015" pin=0"/></net>

<net id="5019"><net_src comp="5015" pin="1"/><net_sink comp="2110" pin=1"/></net>

<net id="5020"><net_src comp="5015" pin="1"/><net_sink comp="2639" pin=0"/></net>

<net id="5021"><net_src comp="5015" pin="1"/><net_sink comp="4242" pin=1"/></net>

</net_list>

</model> 
---------------- Datapath Model END ------------------

* FSMD analyzer results:
  - Output states:
	Port: buf_V_63 | {1 }
	Port: buf_V_62 | {1 }
	Port: buf_V_61 | {1 }
	Port: buf_V_60 | {1 }
	Port: buf_V_59 | {1 }
	Port: buf_V_58 | {1 }
	Port: buf_V_57 | {1 }
	Port: buf_V_56 | {1 }
	Port: buf_V_55 | {1 }
	Port: buf_V_54 | {1 }
	Port: buf_V_53 | {1 }
	Port: buf_V_52 | {1 }
	Port: buf_V_51 | {1 }
	Port: buf_V_50 | {1 }
	Port: buf_V_49 | {1 }
	Port: buf_V_48 | {1 }
	Port: buf_V_47 | {1 }
	Port: buf_V_46 | {1 }
	Port: buf_V_45 | {1 }
	Port: buf_V_44 | {1 }
	Port: buf_V_43 | {1 }
	Port: buf_V_42 | {1 }
	Port: buf_V_41 | {1 }
	Port: buf_V_40 | {1 }
	Port: buf_V_39 | {1 }
	Port: buf_V_38 | {1 }
	Port: buf_V_37 | {1 }
	Port: buf_V_36 | {1 }
	Port: buf_V_35 | {1 }
	Port: buf_V_34 | {1 }
	Port: buf_V_33 | {1 }
	Port: buf_V_32 | {1 }
	Port: buf_V_31 | {1 }
	Port: buf_V_30 | {1 }
	Port: buf_V_29 | {1 }
	Port: buf_V_28 | {1 }
	Port: buf_V_27 | {1 }
	Port: buf_V_26 | {1 }
	Port: buf_V_25 | {1 }
	Port: buf_V_24 | {1 }
	Port: buf_V_23 | {1 }
	Port: buf_V_22 | {1 }
	Port: buf_V_21 | {1 }
	Port: buf_V_20 | {1 }
	Port: buf_V_19 | {1 }
	Port: buf_V_18 | {1 }
	Port: buf_V_17 | {1 }
	Port: buf_V_16 | {1 }
	Port: buf_V_15 | {1 }
	Port: buf_V_14 | {1 }
	Port: buf_V_13 | {1 }
	Port: buf_V_12 | {1 }
	Port: buf_V_11 | {1 }
	Port: buf_V_10 | {1 }
	Port: buf_V_9 | {1 }
	Port: buf_V_8 | {1 }
	Port: buf_V_7 | {1 }
	Port: buf_V_6 | {1 }
	Port: buf_V_5 | {1 }
	Port: buf_V_4 | {1 }
	Port: buf_V_3 | {1 }
	Port: buf_V_2 | {1 }
	Port: buf_V_1 | {1 }
	Port: buf_V | {1 }
 - Input state : 
	Port: StreamingMaxPool_Precision_Pipeline_VITIS_LOOP_158_6 : buf_V_63_load_1 | {1 }
	Port: StreamingMaxPool_Precision_Pipeline_VITIS_LOOP_158_6 : buf_V_62_load_1 | {1 }
	Port: StreamingMaxPool_Precision_Pipeline_VITIS_LOOP_158_6 : buf_V_61_load_1 | {1 }
	Port: StreamingMaxPool_Precision_Pipeline_VITIS_LOOP_158_6 : buf_V_60_load_1 | {1 }
	Port: StreamingMaxPool_Precision_Pipeline_VITIS_LOOP_158_6 : buf_V_59_load_1 | {1 }
	Port: StreamingMaxPool_Precision_Pipeline_VITIS_LOOP_158_6 : buf_V_58_load_1 | {1 }
	Port: StreamingMaxPool_Precision_Pipeline_VITIS_LOOP_158_6 : buf_V_57_load_1 | {1 }
	Port: StreamingMaxPool_Precision_Pipeline_VITIS_LOOP_158_6 : buf_V_56_load_1 | {1 }
	Port: StreamingMaxPool_Precision_Pipeline_VITIS_LOOP_158_6 : buf_V_55_load_1 | {1 }
	Port: StreamingMaxPool_Precision_Pipeline_VITIS_LOOP_158_6 : buf_V_54_load_1 | {1 }
	Port: StreamingMaxPool_Precision_Pipeline_VITIS_LOOP_158_6 : buf_V_53_load_1 | {1 }
	Port: StreamingMaxPool_Precision_Pipeline_VITIS_LOOP_158_6 : buf_V_52_load_1 | {1 }
	Port: StreamingMaxPool_Precision_Pipeline_VITIS_LOOP_158_6 : buf_V_51_load_1 | {1 }
	Port: StreamingMaxPool_Precision_Pipeline_VITIS_LOOP_158_6 : buf_V_50_load_1 | {1 }
	Port: StreamingMaxPool_Precision_Pipeline_VITIS_LOOP_158_6 : buf_V_49_load_1 | {1 }
	Port: StreamingMaxPool_Precision_Pipeline_VITIS_LOOP_158_6 : buf_V_48_load_1 | {1 }
	Port: StreamingMaxPool_Precision_Pipeline_VITIS_LOOP_158_6 : buf_V_47_load_1 | {1 }
	Port: StreamingMaxPool_Precision_Pipeline_VITIS_LOOP_158_6 : buf_V_46_load_1 | {1 }
	Port: StreamingMaxPool_Precision_Pipeline_VITIS_LOOP_158_6 : buf_V_45_load_1 | {1 }
	Port: StreamingMaxPool_Precision_Pipeline_VITIS_LOOP_158_6 : buf_V_44_load_1 | {1 }
	Port: StreamingMaxPool_Precision_Pipeline_VITIS_LOOP_158_6 : buf_V_43_load_1 | {1 }
	Port: StreamingMaxPool_Precision_Pipeline_VITIS_LOOP_158_6 : buf_V_42_load_1 | {1 }
	Port: StreamingMaxPool_Precision_Pipeline_VITIS_LOOP_158_6 : buf_V_41_load_1 | {1 }
	Port: StreamingMaxPool_Precision_Pipeline_VITIS_LOOP_158_6 : buf_V_40_load_1 | {1 }
	Port: StreamingMaxPool_Precision_Pipeline_VITIS_LOOP_158_6 : buf_V_39_load_1 | {1 }
	Port: StreamingMaxPool_Precision_Pipeline_VITIS_LOOP_158_6 : buf_V_38_load_1 | {1 }
	Port: StreamingMaxPool_Precision_Pipeline_VITIS_LOOP_158_6 : buf_V_37_load_1 | {1 }
	Port: StreamingMaxPool_Precision_Pipeline_VITIS_LOOP_158_6 : buf_V_36_load_1 | {1 }
	Port: StreamingMaxPool_Precision_Pipeline_VITIS_LOOP_158_6 : buf_V_35_load_1 | {1 }
	Port: StreamingMaxPool_Precision_Pipeline_VITIS_LOOP_158_6 : buf_V_34_load_1 | {1 }
	Port: StreamingMaxPool_Precision_Pipeline_VITIS_LOOP_158_6 : buf_V_33_load_1 | {1 }
	Port: StreamingMaxPool_Precision_Pipeline_VITIS_LOOP_158_6 : buf_V_32_load_1 | {1 }
	Port: StreamingMaxPool_Precision_Pipeline_VITIS_LOOP_158_6 : buf_V_31_load_1 | {1 }
	Port: StreamingMaxPool_Precision_Pipeline_VITIS_LOOP_158_6 : buf_V_30_load_1 | {1 }
	Port: StreamingMaxPool_Precision_Pipeline_VITIS_LOOP_158_6 : buf_V_29_load_1 | {1 }
	Port: StreamingMaxPool_Precision_Pipeline_VITIS_LOOP_158_6 : buf_V_28_load_1 | {1 }
	Port: StreamingMaxPool_Precision_Pipeline_VITIS_LOOP_158_6 : buf_V_27_load_1 | {1 }
	Port: StreamingMaxPool_Precision_Pipeline_VITIS_LOOP_158_6 : buf_V_26_load_1 | {1 }
	Port: StreamingMaxPool_Precision_Pipeline_VITIS_LOOP_158_6 : buf_V_25_load_1 | {1 }
	Port: StreamingMaxPool_Precision_Pipeline_VITIS_LOOP_158_6 : buf_V_24_load_1 | {1 }
	Port: StreamingMaxPool_Precision_Pipeline_VITIS_LOOP_158_6 : buf_V_23_load_1 | {1 }
	Port: StreamingMaxPool_Precision_Pipeline_VITIS_LOOP_158_6 : buf_V_22_load_1 | {1 }
	Port: StreamingMaxPool_Precision_Pipeline_VITIS_LOOP_158_6 : buf_V_21_load_1 | {1 }
	Port: StreamingMaxPool_Precision_Pipeline_VITIS_LOOP_158_6 : buf_V_20_load_1 | {1 }
	Port: StreamingMaxPool_Precision_Pipeline_VITIS_LOOP_158_6 : buf_V_19_load_1 | {1 }
	Port: StreamingMaxPool_Precision_Pipeline_VITIS_LOOP_158_6 : buf_V_18_load_1 | {1 }
	Port: StreamingMaxPool_Precision_Pipeline_VITIS_LOOP_158_6 : buf_V_17_load_1 | {1 }
	Port: StreamingMaxPool_Precision_Pipeline_VITIS_LOOP_158_6 : buf_V_16_load_1 | {1 }
	Port: StreamingMaxPool_Precision_Pipeline_VITIS_LOOP_158_6 : buf_V_15_load_1 | {1 }
	Port: StreamingMaxPool_Precision_Pipeline_VITIS_LOOP_158_6 : buf_V_14_load_1 | {1 }
	Port: StreamingMaxPool_Precision_Pipeline_VITIS_LOOP_158_6 : buf_V_13_load_1 | {1 }
	Port: StreamingMaxPool_Precision_Pipeline_VITIS_LOOP_158_6 : buf_V_12_load_1 | {1 }
	Port: StreamingMaxPool_Precision_Pipeline_VITIS_LOOP_158_6 : buf_V_11_load_1 | {1 }
	Port: StreamingMaxPool_Precision_Pipeline_VITIS_LOOP_158_6 : buf_V_10_load_1 | {1 }
	Port: StreamingMaxPool_Precision_Pipeline_VITIS_LOOP_158_6 : buf_V_9_load_1 | {1 }
	Port: StreamingMaxPool_Precision_Pipeline_VITIS_LOOP_158_6 : buf_V_8_load_1 | {1 }
	Port: StreamingMaxPool_Precision_Pipeline_VITIS_LOOP_158_6 : buf_V_7_load_1 | {1 }
	Port: StreamingMaxPool_Precision_Pipeline_VITIS_LOOP_158_6 : buf_V_6_load_1 | {1 }
	Port: StreamingMaxPool_Precision_Pipeline_VITIS_LOOP_158_6 : buf_V_5_load_1 | {1 }
	Port: StreamingMaxPool_Precision_Pipeline_VITIS_LOOP_158_6 : buf_V_4_load_1 | {1 }
	Port: StreamingMaxPool_Precision_Pipeline_VITIS_LOOP_158_6 : buf_V_3_load_1 | {1 }
	Port: StreamingMaxPool_Precision_Pipeline_VITIS_LOOP_158_6 : buf_V_2_load_1 | {1 }
	Port: StreamingMaxPool_Precision_Pipeline_VITIS_LOOP_158_6 : buf_V_1_load_1 | {1 }
	Port: StreamingMaxPool_Precision_Pipeline_VITIS_LOOP_158_6 : buf_V_load_1 | {1 }
	Port: StreamingMaxPool_Precision_Pipeline_VITIS_LOOP_158_6 : zext_ln156 | {1 }
	Port: StreamingMaxPool_Precision_Pipeline_VITIS_LOOP_158_6 : in0_V | {1 }
  - Chain level:
	State 1
		store_ln0 : 1
		kx_1 : 1
		buf_V_63_addr : 1
		buf_V_62_addr : 1
		buf_V_61_addr : 1
		buf_V_60_addr : 1
		buf_V_59_addr : 1
		buf_V_58_addr : 1
		buf_V_57_addr : 1
		buf_V_56_addr : 1
		buf_V_55_addr : 1
		buf_V_54_addr : 1
		buf_V_53_addr : 1
		buf_V_52_addr : 1
		buf_V_51_addr : 1
		buf_V_50_addr : 1
		buf_V_49_addr : 1
		buf_V_48_addr : 1
		buf_V_47_addr : 1
		buf_V_46_addr : 1
		buf_V_45_addr : 1
		buf_V_44_addr : 1
		buf_V_43_addr : 1
		buf_V_42_addr : 1
		buf_V_41_addr : 1
		buf_V_40_addr : 1
		buf_V_39_addr : 1
		buf_V_38_addr : 1
		buf_V_37_addr : 1
		buf_V_36_addr : 1
		buf_V_35_addr : 1
		buf_V_34_addr : 1
		buf_V_33_addr : 1
		buf_V_32_addr : 1
		buf_V_31_addr : 1
		buf_V_30_addr : 1
		buf_V_29_addr : 1
		buf_V_28_addr : 1
		buf_V_27_addr : 1
		buf_V_26_addr : 1
		buf_V_25_addr : 1
		buf_V_24_addr : 1
		buf_V_23_addr : 1
		buf_V_22_addr : 1
		buf_V_21_addr : 1
		buf_V_20_addr : 1
		buf_V_19_addr : 1
		buf_V_18_addr : 1
		buf_V_17_addr : 1
		buf_V_16_addr : 1
		buf_V_15_addr : 1
		buf_V_14_addr : 1
		buf_V_13_addr : 1
		buf_V_12_addr : 1
		buf_V_11_addr : 1
		buf_V_10_addr : 1
		buf_V_9_addr : 1
		buf_V_8_addr : 1
		buf_V_7_addr : 1
		buf_V_6_addr : 1
		buf_V_5_addr : 1
		buf_V_4_addr : 1
		buf_V_3_addr : 1
		buf_V_2_addr : 1
		buf_V_1_addr : 1
		buf_V_addr : 1
		icmp_ln158 : 2
		kx_2 : 2
		br_ln158 : 3
		oldMax_V_load : 1
		oldMax_V_1_load : 1
		oldMax_V_2_load : 1
		oldMax_V_3_load : 1
		oldMax_V_4_load : 1
		oldMax_V_5_load : 1
		oldMax_V_6_load : 1
		oldMax_V_7_load : 1
		oldMax_V_8_load : 1
		oldMax_V_9_load : 1
		oldMax_V_10_load : 1
		oldMax_V_11_load : 1
		oldMax_V_12_load : 1
		oldMax_V_13_load : 1
		oldMax_V_14_load : 1
		oldMax_V_15_load : 1
		oldMax_V_16_load : 1
		oldMax_V_17_load : 1
		oldMax_V_18_load : 1
		oldMax_V_19_load : 1
		oldMax_V_20_load : 1
		oldMax_V_21_load : 1
		oldMax_V_22_load : 1
		oldMax_V_23_load : 1
		oldMax_V_24_load : 1
		oldMax_V_25_load : 1
		oldMax_V_26_load : 1
		oldMax_V_27_load : 1
		oldMax_V_28_load : 1
		oldMax_V_29_load : 1
		oldMax_V_30_load : 1
		oldMax_V_31_load : 1
		oldMax_V_32_load : 1
		oldMax_V_33_load : 1
		oldMax_V_34_load : 1
		oldMax_V_35_load : 1
		oldMax_V_36_load : 1
		oldMax_V_37_load : 1
		oldMax_V_38_load : 1
		oldMax_V_39_load : 1
		oldMax_V_40_load : 1
		oldMax_V_41_load : 1
		oldMax_V_42_load : 1
		oldMax_V_43_load : 1
		oldMax_V_44_load : 1
		oldMax_V_45_load : 1
		oldMax_V_46_load : 1
		oldMax_V_47_load : 1
		oldMax_V_48_load : 1
		oldMax_V_49_load : 1
		oldMax_V_50_load : 1
		oldMax_V_51_load : 1
		oldMax_V_52_load : 1
		oldMax_V_53_load : 1
		oldMax_V_54_load : 1
		oldMax_V_55_load : 1
		oldMax_V_56_load : 1
		oldMax_V_57_load : 1
		oldMax_V_58_load : 1
		oldMax_V_59_load : 1
		oldMax_V_60_load : 1
		oldMax_V_61_load : 1
		oldMax_V_62_load : 1
		oldMax_V_63_load : 1
		icmp_ln1035 : 1
		select_ln167 : 2
		icmp_ln1035_1 : 1
		select_ln167_1 : 2
		icmp_ln1035_2 : 1
		select_ln167_2 : 2
		icmp_ln1035_3 : 1
		select_ln167_3 : 2
		icmp_ln1035_4 : 1
		select_ln167_4 : 2
		icmp_ln1035_5 : 1
		select_ln167_5 : 2
		icmp_ln1035_6 : 1
		select_ln167_6 : 2
		icmp_ln1035_7 : 1
		select_ln167_7 : 2
		icmp_ln1035_8 : 1
		select_ln167_8 : 2
		icmp_ln1035_9 : 1
		select_ln167_9 : 2
		icmp_ln1035_10 : 1
		select_ln167_10 : 2
		icmp_ln1035_11 : 1
		select_ln167_11 : 2
		icmp_ln1035_12 : 1
		select_ln167_12 : 2
		icmp_ln1035_13 : 1
		select_ln167_13 : 2
		icmp_ln1035_14 : 1
		select_ln167_14 : 2
		icmp_ln1035_15 : 1
		select_ln167_15 : 2
		icmp_ln1035_16 : 1
		select_ln167_16 : 2
		icmp_ln1035_17 : 1
		select_ln167_17 : 2
		icmp_ln1035_18 : 1
		select_ln167_18 : 2
		icmp_ln1035_19 : 1
		select_ln167_19 : 2
		icmp_ln1035_20 : 1
		select_ln167_20 : 2
		icmp_ln1035_21 : 1
		select_ln167_21 : 2
		icmp_ln1035_22 : 1
		select_ln167_22 : 2
		icmp_ln1035_23 : 1
		select_ln167_23 : 2
		icmp_ln1035_24 : 1
		select_ln167_24 : 2
		icmp_ln1035_25 : 1
		select_ln167_25 : 2
		icmp_ln1035_26 : 1
		select_ln167_26 : 2
		icmp_ln1035_27 : 1
		select_ln167_27 : 2
		icmp_ln1035_28 : 1
		select_ln167_28 : 2
		icmp_ln1035_29 : 1
		select_ln167_29 : 2
		icmp_ln1035_30 : 1
		select_ln167_30 : 2
		icmp_ln1035_31 : 1
		select_ln167_31 : 2
		icmp_ln1035_32 : 1
		select_ln167_32 : 2
		icmp_ln1035_33 : 1
		select_ln167_33 : 2
		icmp_ln1035_34 : 1
		select_ln167_34 : 2
		icmp_ln1035_35 : 1
		select_ln167_35 : 2
		icmp_ln1035_36 : 1
		select_ln167_36 : 2
		icmp_ln1035_37 : 1
		select_ln167_37 : 2
		icmp_ln1035_38 : 1
		select_ln167_38 : 2
		icmp_ln1035_39 : 1
		select_ln167_39 : 2
		icmp_ln1035_40 : 1
		select_ln167_40 : 2
		icmp_ln1035_41 : 1
		select_ln167_41 : 2
		icmp_ln1035_42 : 1
		select_ln167_42 : 2
		icmp_ln1035_43 : 1
		select_ln167_43 : 2
		icmp_ln1035_44 : 1
		select_ln167_44 : 2
		icmp_ln1035_45 : 1
		select_ln167_45 : 2
		icmp_ln1035_46 : 1
		select_ln167_46 : 2
		icmp_ln1035_47 : 1
		select_ln167_47 : 2
		icmp_ln1035_48 : 1
		select_ln167_48 : 2
		icmp_ln1035_49 : 1
		select_ln167_49 : 2
		icmp_ln1035_50 : 1
		select_ln167_50 : 2
		icmp_ln1035_51 : 1
		select_ln167_51 : 2
		icmp_ln1035_52 : 1
		select_ln167_52 : 2
		icmp_ln1035_53 : 1
		select_ln167_53 : 2
		icmp_ln1035_54 : 1
		select_ln167_54 : 2
		icmp_ln1035_55 : 1
		select_ln167_55 : 2
		icmp_ln1035_56 : 1
		select_ln167_56 : 2
		icmp_ln1035_57 : 1
		select_ln167_57 : 2
		icmp_ln1035_58 : 1
		select_ln167_58 : 2
		icmp_ln1035_59 : 1
		select_ln167_59 : 2
		icmp_ln1035_60 : 1
		select_ln167_60 : 2
		icmp_ln1035_61 : 1
		select_ln167_61 : 2
		icmp_ln1035_62 : 1
		select_ln167_62 : 2
		icmp_ln1035_63 : 1
		select_ln167_63 : 2
		icmp_ln158_1 : 3
		br_ln158 : 4
		store_ln168 : 3
		store_ln168 : 3
		store_ln168 : 3
		store_ln168 : 3
		store_ln168 : 3
		store_ln168 : 3
		store_ln168 : 3
		store_ln168 : 3
		store_ln168 : 3
		store_ln168 : 3
		store_ln168 : 3
		store_ln168 : 3
		store_ln168 : 3
		store_ln168 : 3
		store_ln168 : 3
		store_ln168 : 3
		store_ln168 : 3
		store_ln168 : 3
		store_ln168 : 3
		store_ln168 : 3
		store_ln168 : 3
		store_ln168 : 3
		store_ln168 : 3
		store_ln168 : 3
		store_ln168 : 3
		store_ln168 : 3
		store_ln168 : 3
		store_ln168 : 3
		store_ln168 : 3
		store_ln168 : 3
		store_ln168 : 3
		store_ln168 : 3
		store_ln168 : 3
		store_ln168 : 3
		store_ln168 : 3
		store_ln168 : 3
		store_ln168 : 3
		store_ln168 : 3
		store_ln168 : 3
		store_ln168 : 3
		store_ln168 : 3
		store_ln168 : 3
		store_ln168 : 3
		store_ln168 : 3
		store_ln168 : 3
		store_ln168 : 3
		store_ln168 : 3
		store_ln168 : 3
		store_ln168 : 3
		store_ln168 : 3
		store_ln168 : 3
		store_ln168 : 3
		store_ln168 : 3
		store_ln168 : 3
		store_ln168 : 3
		store_ln168 : 3
		store_ln168 : 3
		store_ln168 : 3
		store_ln168 : 3
		store_ln168 : 3
		store_ln168 : 3
		store_ln168 : 3
		store_ln168 : 3
		store_ln168 : 3
		store_ln167 : 3
		store_ln167 : 3
		store_ln167 : 3
		store_ln167 : 3
		store_ln167 : 3
		store_ln167 : 3
		store_ln167 : 3
		store_ln167 : 3
		store_ln167 : 3
		store_ln167 : 3
		store_ln167 : 3
		store_ln167 : 3
		store_ln167 : 3
		store_ln167 : 3
		store_ln167 : 3
		store_ln167 : 3
		store_ln167 : 3
		store_ln167 : 3
		store_ln167 : 3
		store_ln167 : 3
		store_ln167 : 3
		store_ln167 : 3
		store_ln167 : 3
		store_ln167 : 3
		store_ln167 : 3
		store_ln167 : 3
		store_ln167 : 3
		store_ln167 : 3
		store_ln167 : 3
		store_ln167 : 3
		store_ln167 : 3
		store_ln167 : 3
		store_ln167 : 3
		store_ln167 : 3
		store_ln167 : 3
		store_ln167 : 3
		store_ln167 : 3
		store_ln167 : 3
		store_ln167 : 3
		store_ln167 : 3
		store_ln167 : 3
		store_ln167 : 3
		store_ln167 : 3
		store_ln167 : 3
		store_ln167 : 3
		store_ln167 : 3
		store_ln167 : 3
		store_ln167 : 3
		store_ln167 : 3
		store_ln167 : 3
		store_ln167 : 3
		store_ln167 : 3
		store_ln167 : 3
		store_ln167 : 3
		store_ln167 : 3
		store_ln167 : 3
		store_ln167 : 3
		store_ln167 : 3
		store_ln167 : 3
		store_ln167 : 3
		store_ln167 : 3
		store_ln167 : 3
		store_ln167 : 3
		store_ln167 : 3
		store_ln158 : 3


============================================================
+ Verbose Summary: Datapath Resource usage 
============================================================

* Functional unit list:
|----------|-----------------------------------|---------|---------|
| Operation|          Functional Unit          |    FF   |   LUT   |
|----------|-----------------------------------|---------|---------|
|          |         icmp_ln158_fu_2438        |    0    |    8    |
|          |        icmp_ln1035_fu_2646        |    0    |    9    |
|          |       icmp_ln1035_1_fu_2671       |    0    |    9    |
|          |       icmp_ln1035_2_fu_2696       |    0    |    9    |
|          |       icmp_ln1035_3_fu_2721       |    0    |    9    |
|          |       icmp_ln1035_4_fu_2746       |    0    |    9    |
|          |       icmp_ln1035_5_fu_2771       |    0    |    9    |
|          |       icmp_ln1035_6_fu_2796       |    0    |    9    |
|          |       icmp_ln1035_7_fu_2821       |    0    |    9    |
|          |       icmp_ln1035_8_fu_2846       |    0    |    9    |
|          |       icmp_ln1035_9_fu_2871       |    0    |    9    |
|          |       icmp_ln1035_10_fu_2896      |    0    |    9    |
|          |       icmp_ln1035_11_fu_2921      |    0    |    9    |
|          |       icmp_ln1035_12_fu_2946      |    0    |    9    |
|          |       icmp_ln1035_13_fu_2971      |    0    |    9    |
|          |       icmp_ln1035_14_fu_2996      |    0    |    9    |
|          |       icmp_ln1035_15_fu_3021      |    0    |    9    |
|          |       icmp_ln1035_16_fu_3046      |    0    |    9    |
|          |       icmp_ln1035_17_fu_3071      |    0    |    9    |
|          |       icmp_ln1035_18_fu_3096      |    0    |    9    |
|          |       icmp_ln1035_19_fu_3121      |    0    |    9    |
|          |       icmp_ln1035_20_fu_3146      |    0    |    9    |
|          |       icmp_ln1035_21_fu_3171      |    0    |    9    |
|          |       icmp_ln1035_22_fu_3196      |    0    |    9    |
|          |       icmp_ln1035_23_fu_3221      |    0    |    9    |
|          |       icmp_ln1035_24_fu_3246      |    0    |    9    |
|          |       icmp_ln1035_25_fu_3271      |    0    |    9    |
|          |       icmp_ln1035_26_fu_3296      |    0    |    9    |
|          |       icmp_ln1035_27_fu_3321      |    0    |    9    |
|          |       icmp_ln1035_28_fu_3346      |    0    |    9    |
|          |       icmp_ln1035_29_fu_3371      |    0    |    9    |
|          |       icmp_ln1035_30_fu_3396      |    0    |    9    |
|   icmp   |       icmp_ln1035_31_fu_3421      |    0    |    9    |
|          |       icmp_ln1035_32_fu_3446      |    0    |    9    |
|          |       icmp_ln1035_33_fu_3471      |    0    |    9    |
|          |       icmp_ln1035_34_fu_3496      |    0    |    9    |
|          |       icmp_ln1035_35_fu_3521      |    0    |    9    |
|          |       icmp_ln1035_36_fu_3546      |    0    |    9    |
|          |       icmp_ln1035_37_fu_3571      |    0    |    9    |
|          |       icmp_ln1035_38_fu_3596      |    0    |    9    |
|          |       icmp_ln1035_39_fu_3621      |    0    |    9    |
|          |       icmp_ln1035_40_fu_3646      |    0    |    9    |
|          |       icmp_ln1035_41_fu_3671      |    0    |    9    |
|          |       icmp_ln1035_42_fu_3696      |    0    |    9    |
|          |       icmp_ln1035_43_fu_3721      |    0    |    9    |
|          |       icmp_ln1035_44_fu_3746      |    0    |    9    |
|          |       icmp_ln1035_45_fu_3771      |    0    |    9    |
|          |       icmp_ln1035_46_fu_3796      |    0    |    9    |
|          |       icmp_ln1035_47_fu_3821      |    0    |    9    |
|          |       icmp_ln1035_48_fu_3846      |    0    |    9    |
|          |       icmp_ln1035_49_fu_3871      |    0    |    9    |
|          |       icmp_ln1035_50_fu_3896      |    0    |    9    |
|          |       icmp_ln1035_51_fu_3921      |    0    |    9    |
|          |       icmp_ln1035_52_fu_3946      |    0    |    9    |
|          |       icmp_ln1035_53_fu_3971      |    0    |    9    |
|          |       icmp_ln1035_54_fu_3996      |    0    |    9    |
|          |       icmp_ln1035_55_fu_4021      |    0    |    9    |
|          |       icmp_ln1035_56_fu_4046      |    0    |    9    |
|          |       icmp_ln1035_57_fu_4071      |    0    |    9    |
|          |       icmp_ln1035_58_fu_4096      |    0    |    9    |
|          |       icmp_ln1035_59_fu_4121      |    0    |    9    |
|          |       icmp_ln1035_60_fu_4146      |    0    |    9    |
|          |       icmp_ln1035_61_fu_4171      |    0    |    9    |
|          |       icmp_ln1035_62_fu_4196      |    0    |    9    |
|          |       icmp_ln1035_63_fu_4221      |    0    |    9    |
|          |        icmp_ln158_1_fu_4236       |    0    |    8    |
|----------|-----------------------------------|---------|---------|
|          |        select_ln167_fu_2652       |    0    |    4    |
|          |       select_ln167_1_fu_2677      |    0    |    4    |
|          |       select_ln167_2_fu_2702      |    0    |    4    |
|          |       select_ln167_3_fu_2727      |    0    |    4    |
|          |       select_ln167_4_fu_2752      |    0    |    4    |
|          |       select_ln167_5_fu_2777      |    0    |    4    |
|          |       select_ln167_6_fu_2802      |    0    |    4    |
|          |       select_ln167_7_fu_2827      |    0    |    4    |
|          |       select_ln167_8_fu_2852      |    0    |    4    |
|          |       select_ln167_9_fu_2877      |    0    |    4    |
|          |      select_ln167_10_fu_2902      |    0    |    4    |
|          |      select_ln167_11_fu_2927      |    0    |    4    |
|          |      select_ln167_12_fu_2952      |    0    |    4    |
|          |      select_ln167_13_fu_2977      |    0    |    4    |
|          |      select_ln167_14_fu_3002      |    0    |    4    |
|          |      select_ln167_15_fu_3027      |    0    |    4    |
|          |      select_ln167_16_fu_3052      |    0    |    4    |
|          |      select_ln167_17_fu_3077      |    0    |    4    |
|          |      select_ln167_18_fu_3102      |    0    |    4    |
|          |      select_ln167_19_fu_3127      |    0    |    4    |
|          |      select_ln167_20_fu_3152      |    0    |    4    |
|          |      select_ln167_21_fu_3177      |    0    |    4    |
|          |      select_ln167_22_fu_3202      |    0    |    4    |
|          |      select_ln167_23_fu_3227      |    0    |    4    |
|          |      select_ln167_24_fu_3252      |    0    |    4    |
|          |      select_ln167_25_fu_3277      |    0    |    4    |
|          |      select_ln167_26_fu_3302      |    0    |    4    |
|          |      select_ln167_27_fu_3327      |    0    |    4    |
|          |      select_ln167_28_fu_3352      |    0    |    4    |
|          |      select_ln167_29_fu_3377      |    0    |    4    |
|          |      select_ln167_30_fu_3402      |    0    |    4    |
|  select  |      select_ln167_31_fu_3427      |    0    |    4    |
|          |      select_ln167_32_fu_3452      |    0    |    4    |
|          |      select_ln167_33_fu_3477      |    0    |    4    |
|          |      select_ln167_34_fu_3502      |    0    |    4    |
|          |      select_ln167_35_fu_3527      |    0    |    4    |
|          |      select_ln167_36_fu_3552      |    0    |    4    |
|          |      select_ln167_37_fu_3577      |    0    |    4    |
|          |      select_ln167_38_fu_3602      |    0    |    4    |
|          |      select_ln167_39_fu_3627      |    0    |    4    |
|          |      select_ln167_40_fu_3652      |    0    |    4    |
|          |      select_ln167_41_fu_3677      |    0    |    4    |
|          |      select_ln167_42_fu_3702      |    0    |    4    |
|          |      select_ln167_43_fu_3727      |    0    |    4    |
|          |      select_ln167_44_fu_3752      |    0    |    4    |
|          |      select_ln167_45_fu_3777      |    0    |    4    |
|          |      select_ln167_46_fu_3802      |    0    |    4    |
|          |      select_ln167_47_fu_3827      |    0    |    4    |
|          |      select_ln167_48_fu_3852      |    0    |    4    |
|          |      select_ln167_49_fu_3877      |    0    |    4    |
|          |      select_ln167_50_fu_3902      |    0    |    4    |
|          |      select_ln167_51_fu_3927      |    0    |    4    |
|          |      select_ln167_52_fu_3952      |    0    |    4    |
|          |      select_ln167_53_fu_3977      |    0    |    4    |
|          |      select_ln167_54_fu_4002      |    0    |    4    |
|          |      select_ln167_55_fu_4027      |    0    |    4    |
|          |      select_ln167_56_fu_4052      |    0    |    4    |
|          |      select_ln167_57_fu_4077      |    0    |    4    |
|          |      select_ln167_58_fu_4102      |    0    |    4    |
|          |      select_ln167_59_fu_4127      |    0    |    4    |
|          |      select_ln167_60_fu_4152      |    0    |    4    |
|          |      select_ln167_61_fu_4177      |    0    |    4    |
|          |      select_ln167_62_fu_4202      |    0    |    4    |
|          |      select_ln167_63_fu_4227      |    0    |    4    |
|----------|-----------------------------------|---------|---------|
|    add   |            kx_2_fu_2444           |    0    |    10   |
|----------|-----------------------------------|---------|---------|
|          |    zext_ln156_read_read_fu_814    |    0    |    0    |
|          |   buf_V_load_1_read_read_fu_820   |    0    |    0    |
|          |  buf_V_1_load_1_read_read_fu_826  |    0    |    0    |
|          |  buf_V_2_load_1_read_read_fu_832  |    0    |    0    |
|          |  buf_V_3_load_1_read_read_fu_838  |    0    |    0    |
|          |  buf_V_4_load_1_read_read_fu_844  |    0    |    0    |
|          |  buf_V_5_load_1_read_read_fu_850  |    0    |    0    |
|          |  buf_V_6_load_1_read_read_fu_856  |    0    |    0    |
|          |  buf_V_7_load_1_read_read_fu_862  |    0    |    0    |
|          |  buf_V_8_load_1_read_read_fu_868  |    0    |    0    |
|          |  buf_V_9_load_1_read_read_fu_874  |    0    |    0    |
|          |  buf_V_10_load_1_read_read_fu_880 |    0    |    0    |
|          |  buf_V_11_load_1_read_read_fu_886 |    0    |    0    |
|          |  buf_V_12_load_1_read_read_fu_892 |    0    |    0    |
|          |  buf_V_13_load_1_read_read_fu_898 |    0    |    0    |
|          |  buf_V_14_load_1_read_read_fu_904 |    0    |    0    |
|          |  buf_V_15_load_1_read_read_fu_910 |    0    |    0    |
|          |  buf_V_16_load_1_read_read_fu_916 |    0    |    0    |
|          |  buf_V_17_load_1_read_read_fu_922 |    0    |    0    |
|          |  buf_V_18_load_1_read_read_fu_928 |    0    |    0    |
|          |  buf_V_19_load_1_read_read_fu_934 |    0    |    0    |
|          |  buf_V_20_load_1_read_read_fu_940 |    0    |    0    |
|          |  buf_V_21_load_1_read_read_fu_946 |    0    |    0    |
|          |  buf_V_22_load_1_read_read_fu_952 |    0    |    0    |
|          |  buf_V_23_load_1_read_read_fu_958 |    0    |    0    |
|          |  buf_V_24_load_1_read_read_fu_964 |    0    |    0    |
|          |  buf_V_25_load_1_read_read_fu_970 |    0    |    0    |
|          |  buf_V_26_load_1_read_read_fu_976 |    0    |    0    |
|          |  buf_V_27_load_1_read_read_fu_982 |    0    |    0    |
|          |  buf_V_28_load_1_read_read_fu_988 |    0    |    0    |
|          |  buf_V_29_load_1_read_read_fu_994 |    0    |    0    |
|          | buf_V_30_load_1_read_read_fu_1000 |    0    |    0    |
|   read   | buf_V_31_load_1_read_read_fu_1006 |    0    |    0    |
|          | buf_V_32_load_1_read_read_fu_1012 |    0    |    0    |
|          | buf_V_33_load_1_read_read_fu_1018 |    0    |    0    |
|          | buf_V_34_load_1_read_read_fu_1024 |    0    |    0    |
|          | buf_V_35_load_1_read_read_fu_1030 |    0    |    0    |
|          | buf_V_36_load_1_read_read_fu_1036 |    0    |    0    |
|          | buf_V_37_load_1_read_read_fu_1042 |    0    |    0    |
|          | buf_V_38_load_1_read_read_fu_1048 |    0    |    0    |
|          | buf_V_39_load_1_read_read_fu_1054 |    0    |    0    |
|          | buf_V_40_load_1_read_read_fu_1060 |    0    |    0    |
|          | buf_V_41_load_1_read_read_fu_1066 |    0    |    0    |
|          | buf_V_42_load_1_read_read_fu_1072 |    0    |    0    |
|          | buf_V_43_load_1_read_read_fu_1078 |    0    |    0    |
|          | buf_V_44_load_1_read_read_fu_1084 |    0    |    0    |
|          | buf_V_45_load_1_read_read_fu_1090 |    0    |    0    |
|          | buf_V_46_load_1_read_read_fu_1096 |    0    |    0    |
|          | buf_V_47_load_1_read_read_fu_1102 |    0    |    0    |
|          | buf_V_48_load_1_read_read_fu_1108 |    0    |    0    |
|          | buf_V_49_load_1_read_read_fu_1114 |    0    |    0    |
|          | buf_V_50_load_1_read_read_fu_1120 |    0    |    0    |
|          | buf_V_51_load_1_read_read_fu_1126 |    0    |    0    |
|          | buf_V_52_load_1_read_read_fu_1132 |    0    |    0    |
|          | buf_V_53_load_1_read_read_fu_1138 |    0    |    0    |
|          | buf_V_54_load_1_read_read_fu_1144 |    0    |    0    |
|          | buf_V_55_load_1_read_read_fu_1150 |    0    |    0    |
|          | buf_V_56_load_1_read_read_fu_1156 |    0    |    0    |
|          | buf_V_57_load_1_read_read_fu_1162 |    0    |    0    |
|          | buf_V_58_load_1_read_read_fu_1168 |    0    |    0    |
|          | buf_V_59_load_1_read_read_fu_1174 |    0    |    0    |
|          | buf_V_60_load_1_read_read_fu_1180 |    0    |    0    |
|          | buf_V_61_load_1_read_read_fu_1186 |    0    |    0    |
|          | buf_V_62_load_1_read_read_fu_1192 |    0    |    0    |
|          | buf_V_63_load_1_read_read_fu_1198 |    0    |    0    |
|          |      inputData_V_read_fu_1204     |    0    |    0    |
|----------|-----------------------------------|---------|---------|
|   zext   |      zext_ln156_cast_fu_2042      |    0    |    0    |
|----------|-----------------------------------|---------|---------|
|   trunc  |       channeldata_V_fu_2642       |    0    |    0    |
|----------|-----------------------------------|---------|---------|
|          |      channeldata_V_1_fu_2661      |    0    |    0    |
|          |      channeldata_V_2_fu_2686      |    0    |    0    |
|          |      channeldata_V_3_fu_2711      |    0    |    0    |
|          |      channeldata_V_4_fu_2736      |    0    |    0    |
|          |      channeldata_V_5_fu_2761      |    0    |    0    |
|          |      channeldata_V_6_fu_2786      |    0    |    0    |
|          |      channeldata_V_7_fu_2811      |    0    |    0    |
|          |      channeldata_V_8_fu_2836      |    0    |    0    |
|          |      channeldata_V_9_fu_2861      |    0    |    0    |
|          |      channeldata_V_10_fu_2886     |    0    |    0    |
|          |      channeldata_V_11_fu_2911     |    0    |    0    |
|          |      channeldata_V_12_fu_2936     |    0    |    0    |
|          |      channeldata_V_13_fu_2961     |    0    |    0    |
|          |      channeldata_V_14_fu_2986     |    0    |    0    |
|          |      channeldata_V_15_fu_3011     |    0    |    0    |
|          |      channeldata_V_16_fu_3036     |    0    |    0    |
|          |      channeldata_V_17_fu_3061     |    0    |    0    |
|          |      channeldata_V_18_fu_3086     |    0    |    0    |
|          |      channeldata_V_19_fu_3111     |    0    |    0    |
|          |      channeldata_V_20_fu_3136     |    0    |    0    |
|          |      channeldata_V_21_fu_3161     |    0    |    0    |
|          |      channeldata_V_22_fu_3186     |    0    |    0    |
|          |      channeldata_V_23_fu_3211     |    0    |    0    |
|          |      channeldata_V_24_fu_3236     |    0    |    0    |
|          |      channeldata_V_25_fu_3261     |    0    |    0    |
|          |      channeldata_V_26_fu_3286     |    0    |    0    |
|          |      channeldata_V_27_fu_3311     |    0    |    0    |
|          |      channeldata_V_28_fu_3336     |    0    |    0    |
|          |      channeldata_V_29_fu_3361     |    0    |    0    |
|          |      channeldata_V_30_fu_3386     |    0    |    0    |
|          |      channeldata_V_31_fu_3411     |    0    |    0    |
|partselect|      channeldata_V_32_fu_3436     |    0    |    0    |
|          |      channeldata_V_33_fu_3461     |    0    |    0    |
|          |      channeldata_V_34_fu_3486     |    0    |    0    |
|          |      channeldata_V_35_fu_3511     |    0    |    0    |
|          |      channeldata_V_36_fu_3536     |    0    |    0    |
|          |      channeldata_V_37_fu_3561     |    0    |    0    |
|          |      channeldata_V_38_fu_3586     |    0    |    0    |
|          |      channeldata_V_39_fu_3611     |    0    |    0    |
|          |      channeldata_V_40_fu_3636     |    0    |    0    |
|          |      channeldata_V_41_fu_3661     |    0    |    0    |
|          |      channeldata_V_42_fu_3686     |    0    |    0    |
|          |      channeldata_V_43_fu_3711     |    0    |    0    |
|          |      channeldata_V_44_fu_3736     |    0    |    0    |
|          |      channeldata_V_45_fu_3761     |    0    |    0    |
|          |      channeldata_V_46_fu_3786     |    0    |    0    |
|          |      channeldata_V_47_fu_3811     |    0    |    0    |
|          |      channeldata_V_48_fu_3836     |    0    |    0    |
|          |      channeldata_V_49_fu_3861     |    0    |    0    |
|          |      channeldata_V_50_fu_3886     |    0    |    0    |
|          |      channeldata_V_51_fu_3911     |    0    |    0    |
|          |      channeldata_V_52_fu_3936     |    0    |    0    |
|          |      channeldata_V_53_fu_3961     |    0    |    0    |
|          |      channeldata_V_54_fu_3986     |    0    |    0    |
|          |      channeldata_V_55_fu_4011     |    0    |    0    |
|          |      channeldata_V_56_fu_4036     |    0    |    0    |
|          |      channeldata_V_57_fu_4061     |    0    |    0    |
|          |      channeldata_V_58_fu_4086     |    0    |    0    |
|          |      channeldata_V_59_fu_4111     |    0    |    0    |
|          |      channeldata_V_60_fu_4136     |    0    |    0    |
|          |      channeldata_V_61_fu_4161     |    0    |    0    |
|          |      channeldata_V_62_fu_4186     |    0    |    0    |
|          |      channeldata_V_63_fu_4211     |    0    |    0    |
|----------|-----------------------------------|---------|---------|
|   Total  |                                   |    0    |   858   |
|----------|-----------------------------------|---------|---------|

Memories:
N/A

* Register list:
+--------------------+--------+
|                    |   FF   |
+--------------------+--------+
|     kx_reg_4567    |    2   |
|oldMax_V_10_reg_4644|    4   |
|oldMax_V_11_reg_4651|    4   |
|oldMax_V_12_reg_4658|    4   |
|oldMax_V_13_reg_4665|    4   |
|oldMax_V_14_reg_4672|    4   |
|oldMax_V_15_reg_4679|    4   |
|oldMax_V_16_reg_4686|    4   |
|oldMax_V_17_reg_4693|    4   |
|oldMax_V_18_reg_4700|    4   |
|oldMax_V_19_reg_4707|    4   |
| oldMax_V_1_reg_4581|    4   |
|oldMax_V_20_reg_4714|    4   |
|oldMax_V_21_reg_4721|    4   |
|oldMax_V_22_reg_4728|    4   |
|oldMax_V_23_reg_4735|    4   |
|oldMax_V_24_reg_4742|    4   |
|oldMax_V_25_reg_4749|    4   |
|oldMax_V_26_reg_4756|    4   |
|oldMax_V_27_reg_4763|    4   |
|oldMax_V_28_reg_4770|    4   |
|oldMax_V_29_reg_4777|    4   |
| oldMax_V_2_reg_4588|    4   |
|oldMax_V_30_reg_4784|    4   |
|oldMax_V_31_reg_4791|    4   |
|oldMax_V_32_reg_4798|    4   |
|oldMax_V_33_reg_4805|    4   |
|oldMax_V_34_reg_4812|    4   |
|oldMax_V_35_reg_4819|    4   |
|oldMax_V_36_reg_4826|    4   |
|oldMax_V_37_reg_4833|    4   |
|oldMax_V_38_reg_4840|    4   |
|oldMax_V_39_reg_4847|    4   |
| oldMax_V_3_reg_4595|    4   |
|oldMax_V_40_reg_4854|    4   |
|oldMax_V_41_reg_4861|    4   |
|oldMax_V_42_reg_4868|    4   |
|oldMax_V_43_reg_4875|    4   |
|oldMax_V_44_reg_4882|    4   |
|oldMax_V_45_reg_4889|    4   |
|oldMax_V_46_reg_4896|    4   |
|oldMax_V_47_reg_4903|    4   |
|oldMax_V_48_reg_4910|    4   |
|oldMax_V_49_reg_4917|    4   |
| oldMax_V_4_reg_4602|    4   |
|oldMax_V_50_reg_4924|    4   |
|oldMax_V_51_reg_4931|    4   |
|oldMax_V_52_reg_4938|    4   |
|oldMax_V_53_reg_4945|    4   |
|oldMax_V_54_reg_4952|    4   |
|oldMax_V_55_reg_4959|    4   |
|oldMax_V_56_reg_4966|    4   |
|oldMax_V_57_reg_4973|    4   |
|oldMax_V_58_reg_4980|    4   |
|oldMax_V_59_reg_4987|    4   |
| oldMax_V_5_reg_4609|    4   |
|oldMax_V_60_reg_4994|    4   |
|oldMax_V_61_reg_5001|    4   |
|oldMax_V_62_reg_5008|    4   |
|oldMax_V_63_reg_5015|    4   |
| oldMax_V_6_reg_4616|    4   |
| oldMax_V_7_reg_4623|    4   |
| oldMax_V_8_reg_4630|    4   |
| oldMax_V_9_reg_4637|    4   |
|  oldMax_V_reg_4574 |    4   |
+--------------------+--------+
|        Total       |   258  |
+--------------------+--------+

* Multiplexer (MUX) list: 
|--------|------|------|------|--------|
|  Comp  |  Pin | Size |  BW  | S x BW |
|--------|------|------|------|--------|
|  Total |      |      |      |    0   |
|--------|------|------|------|--------|



* Summary:
+-----------+--------+--------+
|           |   FF   |   LUT  |
+-----------+--------+--------+
|  Function |    0   |   858  |
|   Memory  |    -   |    -   |
|Multiplexer|    -   |    -   |
|  Register |   258  |    -   |
+-----------+--------+--------+
|   Total   |   258  |   858  |
+-----------+--------+--------+
