

================================================================
== Vitis HLS Report for 'MatrixVectorActivation_3'
================================================================
* Date:           Fri Jun 12 09:16:16 2026

* Version:        2022.2.2 (Build 3779808 on Feb 17 2023)
* Project:        project_MatrixVectorActivation_3
* Solution:       sol1 (Vivado IP Flow Target)
* Product family: zynq
* Target device:  xc7z020-clg400-1


================================================================
== Performance Estimates
================================================================
+ Timing: 
    * Summary: 
    +--------+----------+----------+------------+
    |  Clock |  Target  | Estimated| Uncertainty|
    +--------+----------+----------+------------+
    |ap_clk  |  10.00 ns|  7.591 ns|     2.70 ns|
    +--------+----------+----------+------------+

+ Latency: 
    * Summary: 
    +---------+---------+-----------+-----------+------+------+---------+
    |  Latency (cycles) |   Latency (absolute)  |   Interval  | Pipeline|
    |   min   |   max   |    min    |    max    |  min |  max |   Type  |
    +---------+---------+-----------+-----------+------+------+---------+
    |     8204|     8204|  82.040 us|  82.040 us|  8205|  8205|       no|
    +---------+---------+-----------+-----------+------+------+---------+

    + Detail: 
        * Instance: 
        +------------------------------------------------+-------------------------------------+---------+---------+-----------+-----------+------+------+---------+
        |                                                |                                     |  Latency (cycles) |   Latency (absolute)  |   Interval  | Pipeline|
        |                    Instance                    |                Module               |   min   |   max   |    min    |    max    |  min |  max |   Type  |
        +------------------------------------------------+-------------------------------------+---------+---------+-----------+-----------+------+------+---------+
        |grp_Matrix_Vector_Activate_Stream_Batch_fu_270  |Matrix_Vector_Activate_Stream_Batch  |     8201|     8201|  82.010 us|  82.010 us|  8201|  8201|       no|
        +------------------------------------------------+-------------------------------------+---------+---------+-----------+-----------+------+------+---------+

        * Loop: 
        N/A



================================================================
== Utilization Estimates
================================================================
* Summary: 
+-----------------+---------+-----+--------+-------+-----+
|       Name      | BRAM_18K| DSP |   FF   |  LUT  | URAM|
+-----------------+---------+-----+--------+-------+-----+
|DSP              |        -|    -|       -|      -|    -|
|Expression       |        -|    -|       0|      2|    -|
|FIFO             |        -|    -|       -|      -|    -|
|Instance         |        0|   64|   19498|   6740|    -|
|Memory           |        -|    -|       -|      -|    -|
|Multiplexer      |        -|    -|       -|     43|    -|
|Register         |        -|    -|       5|      -|    -|
+-----------------+---------+-----+--------+-------+-----+
|Total            |        0|   64|   19503|   6785|    0|
+-----------------+---------+-----+--------+-------+-----+
|Available        |      280|  220|  106400|  53200|    0|
+-----------------+---------+-----+--------+-------+-----+
|Utilization (%)  |        0|   29|      18|     12|    0|
+-----------------+---------+-----+--------+-------+-----+

+ Detail: 
    * Instance: 
    +------------------------------------------------+-------------------------------------+---------+----+-------+------+-----+
    |                    Instance                    |                Module               | BRAM_18K| DSP|   FF  |  LUT | URAM|
    +------------------------------------------------+-------------------------------------+---------+----+-------+------+-----+
    |grp_Matrix_Vector_Activate_Stream_Batch_fu_270  |Matrix_Vector_Activate_Stream_Batch  |        0|  64|  19498|  6740|    0|
    +------------------------------------------------+-------------------------------------+---------+----+-------+------+-----+
    |Total                                           |                                     |        0|  64|  19498|  6740|    0|
    +------------------------------------------------+-------------------------------------+---------+----+-------+------+-----+

    * DSP: 
    N/A

    * Memory: 
    N/A

    * FIFO: 
    N/A

    * Expression: 
    +-------------------------------------------------------------+----------+----+---+----+------------+------------+
    |                        Variable Name                        | Operation| DSP| FF| LUT| Bitwidth P0| Bitwidth P1|
    +-------------------------------------------------------------+----------+----+---+----+------------+------------+
    |grp_Matrix_Vector_Activate_Stream_Batch_fu_270_out_V_TREADY  |       and|   0|  0|   2|           1|           1|
    +-------------------------------------------------------------+----------+----+---+----+------------+------------+
    |Total                                                        |          |   0|  0|   2|           1|           1|
    +-------------------------------------------------------------+----------+----+---+----+------------+------------+

    * Multiplexer: 
    +-------------------------------+----+-----------+-----+-----------+
    |              Name             | LUT| Input Size| Bits| Total Bits|
    +-------------------------------+----+-----------+-----+-----------+
    |ap_NS_fsm                      |  25|          5|    1|          5|
    |in0_V_TREADY_int_regslice      |   9|          2|    1|          2|
    |weights_V_TREADY_int_regslice  |   9|          2|    1|          2|
    +-------------------------------+----+-----------+-----+-----------+
    |Total                          |  43|          9|    3|          9|
    +-------------------------------+----+-----------+-----+-----------+

    * Register: 
    +-------------------------------------------------------------+---+----+-----+-----------+
    |                             Name                            | FF| LUT| Bits| Const Bits|
    +-------------------------------------------------------------+---+----+-----+-----------+
    |ap_CS_fsm                                                    |  4|   0|    4|          0|
    |grp_Matrix_Vector_Activate_Stream_Batch_fu_270_ap_start_reg  |  1|   0|    1|          0|
    +-------------------------------------------------------------+---+----+-----+-----------+
    |Total                                                        |  5|   0|    5|          0|
    +-------------------------------------------------------------+---+----+-----+-----------+



================================================================
== Interface
================================================================
* Summary: 
+------------------+-----+-----+--------------+--------------------------+--------------+
|     RTL Ports    | Dir | Bits|   Protocol   |       Source Object      |    C Type    |
+------------------+-----+-----+--------------+--------------------------+--------------+
|ap_clk            |   in|    1|  ap_ctrl_none|  MatrixVectorActivation_3|  return value|
|ap_rst_n          |   in|    1|  ap_ctrl_none|  MatrixVectorActivation_3|  return value|
|in0_V_TDATA       |   in|   32|          axis|                     in0_V|       pointer|
|in0_V_TVALID      |   in|    1|          axis|                     in0_V|       pointer|
|in0_V_TREADY      |  out|    1|          axis|                     in0_V|       pointer|
|weights_V_TDATA   |   in|  256|          axis|                 weights_V|       pointer|
|weights_V_TVALID  |   in|    1|          axis|                 weights_V|       pointer|
|weights_V_TREADY  |  out|    1|          axis|                 weights_V|       pointer|
|out_V_TDATA       |  out|   32|          axis|                     out_V|       pointer|
|out_V_TVALID      |  out|    1|          axis|                     out_V|       pointer|
|out_V_TREADY      |   in|    1|          axis|                     out_V|       pointer|
+------------------+-----+-----+--------------+--------------------------+--------------+

============================================================
+ Verbose Summary: Synthesis Manager
============================================================
InlineROM: 1
ExposeGlobal: 0
============================================================
+ Verbose Summary: CDFG Model
============================================================
IsTopModel: 1
ResetActiveHigh: 1
IsCombinational: 2
IsDatapathOnly: 2
HasWiredReturn: 1
HasMFsm: 0
HasVarLatency: 1
IsPipeline: 0
IsRtlPipelined: 0
IsInstanceOverlapped: 0
IsDontTouch: 0
HasImplIP: 0
IsGatedGlobalClock: 0


============================================================
+ Verbose Summary: Schedule
============================================================
* Number of FSM states : 4
* Pipeline : 0
* Dataflow Pipeline: 0

* FSM state transitions: 
1 --> 2 
2 --> 3 
3 --> 4 
4 --> 

* FSM state operations: 

State 1 <SV = 0> <Delay = 0.00>

State 2 <SV = 1> <Delay = 0.00>
ST_2 : Operation 5 [2/2] (0.00ns)   --->   "%call_ln38 = call void @Matrix_Vector_Activate_Stream_Batch, i32 %in0_V, i32 %out_V, i256 %weights_V, i8 %p_ZL7threshs_0_0, i8 %p_ZL7threshs_0_1, i10 %p_ZL7threshs_0_2, i11 %p_ZL7threshs_0_3, i11 %p_ZL7threshs_0_4, i10 %p_ZL7threshs_0_5, i9 %p_ZL7threshs_0_6, i12 %p_ZL7threshs_0_7, i12 %p_ZL7threshs_0_8, i12 %p_ZL7threshs_0_9, i11 %p_ZL7threshs_0_10, i11 %p_ZL7threshs_0_11, i10 %p_ZL7threshs_0_12, i9 %p_ZL7threshs_0_13, i13 %p_ZL7threshs_0_14, i8 %p_ZL7threshs_1_0, i8 %p_ZL7threshs_1_1, i10 %p_ZL7threshs_1_2, i11 %p_ZL7threshs_1_3, i11 %p_ZL7threshs_1_4, i10 %p_ZL7threshs_1_5, i9 %p_ZL7threshs_1_6, i12 %p_ZL7threshs_1_7, i12 %p_ZL7threshs_1_8, i12 %p_ZL7threshs_1_9, i11 %p_ZL7threshs_1_10, i11 %p_ZL7threshs_1_11, i10 %p_ZL7threshs_1_12, i9 %p_ZL7threshs_1_13, i13 %p_ZL7threshs_1_14, i8 %p_ZL7threshs_2_0, i8 %p_ZL7threshs_2_1, i10 %p_ZL7threshs_2_2, i11 %p_ZL7threshs_2_3, i11 %p_ZL7threshs_2_4, i10 %p_ZL7threshs_2_5, i9 %p_ZL7threshs_2_6, i12 %p_ZL7threshs_2_7, i12 %p_ZL7threshs_2_8, i12 %p_ZL7threshs_2_9, i11 %p_ZL7threshs_2_10, i11 %p_ZL7threshs_2_11, i10 %p_ZL7threshs_2_12, i9 %p_ZL7threshs_2_13, i13 %p_ZL7threshs_2_14, i8 %p_ZL7threshs_3_0, i8 %p_ZL7threshs_3_1, i10 %p_ZL7threshs_3_2, i11 %p_ZL7threshs_3_3, i11 %p_ZL7threshs_3_4, i10 %p_ZL7threshs_3_5, i9 %p_ZL7threshs_3_6, i12 %p_ZL7threshs_3_7, i12 %p_ZL7threshs_3_8, i12 %p_ZL7threshs_3_9, i11 %p_ZL7threshs_3_10, i11 %p_ZL7threshs_3_11, i10 %p_ZL7threshs_3_12, i9 %p_ZL7threshs_3_13, i13 %p_ZL7threshs_3_14, i8 %p_ZL7threshs_4_0, i8 %p_ZL7threshs_4_1, i10 %p_ZL7threshs_4_2, i11 %p_ZL7threshs_4_3, i11 %p_ZL7threshs_4_4, i10 %p_ZL7threshs_4_5, i9 %p_ZL7threshs_4_6, i12 %p_ZL7threshs_4_7, i12 %p_ZL7threshs_4_8, i12 %p_ZL7threshs_4_9, i11 %p_ZL7threshs_4_10, i11 %p_ZL7threshs_4_11, i10 %p_ZL7threshs_4_12, i9 %p_ZL7threshs_4_13, i13 %p_ZL7threshs_4_14, i8 %p_ZL7threshs_5_0, i8 %p_ZL7threshs_5_1, i10 %p_ZL7threshs_5_2, i11 %p_ZL7threshs_5_3, i11 %p_ZL7threshs_5_4, i10 %p_ZL7threshs_5_5, i9 %p_ZL7threshs_5_6, i12 %p_ZL7threshs_5_7, i12 %p_ZL7threshs_5_8, i12 %p_ZL7threshs_5_9, i11 %p_ZL7threshs_5_10, i11 %p_ZL7threshs_5_11, i10 %p_ZL7threshs_5_12, i9 %p_ZL7threshs_5_13, i13 %p_ZL7threshs_5_14, i8 %p_ZL7threshs_6_0, i8 %p_ZL7threshs_6_1, i10 %p_ZL7threshs_6_2, i11 %p_ZL7threshs_6_3, i11 %p_ZL7threshs_6_4, i10 %p_ZL7threshs_6_5, i9 %p_ZL7threshs_6_6, i12 %p_ZL7threshs_6_7, i12 %p_ZL7threshs_6_8, i12 %p_ZL7threshs_6_9, i11 %p_ZL7threshs_6_10, i11 %p_ZL7threshs_6_11, i10 %p_ZL7threshs_6_12, i9 %p_ZL7threshs_6_13, i13 %p_ZL7threshs_6_14, i8 %p_ZL7threshs_7_0, i8 %p_ZL7threshs_7_1, i10 %p_ZL7threshs_7_2, i11 %p_ZL7threshs_7_3, i11 %p_ZL7threshs_7_4, i10 %p_ZL7threshs_7_5, i9 %p_ZL7threshs_7_6, i12 %p_ZL7threshs_7_7, i12 %p_ZL7threshs_7_8, i12 %p_ZL7threshs_7_9, i11 %p_ZL7threshs_7_10, i11 %p_ZL7threshs_7_11, i10 %p_ZL7threshs_7_12, i9 %p_ZL7threshs_7_13, i13 %p_ZL7threshs_7_14" [/home/miguel_tfg/FINN-v0.9-Stable/notebooks/UAH_example/FINN_build/code_gen_ipgen_MatrixVectorActivation_3_uqaj8809/top_MatrixVectorActivation_3.cpp:38]   --->   Operation 5 'call' 'call_ln38' <Predicate = true> <Delay = 0.00> <CoreType = "Generic">   --->   Core 0 '' <Latency = 0> <II = 1> <Delay = 1.00> <Generic> <Opcode : >

State 3 <SV = 2> <Delay = 6.44>
ST_3 : Operation 6 [1/2] (6.44ns)   --->   "%call_ln38 = call void @Matrix_Vector_Activate_Stream_Batch, i32 %in0_V, i32 %out_V, i256 %weights_V, i8 %p_ZL7threshs_0_0, i8 %p_ZL7threshs_0_1, i10 %p_ZL7threshs_0_2, i11 %p_ZL7threshs_0_3, i11 %p_ZL7threshs_0_4, i10 %p_ZL7threshs_0_5, i9 %p_ZL7threshs_0_6, i12 %p_ZL7threshs_0_7, i12 %p_ZL7threshs_0_8, i12 %p_ZL7threshs_0_9, i11 %p_ZL7threshs_0_10, i11 %p_ZL7threshs_0_11, i10 %p_ZL7threshs_0_12, i9 %p_ZL7threshs_0_13, i13 %p_ZL7threshs_0_14, i8 %p_ZL7threshs_1_0, i8 %p_ZL7threshs_1_1, i10 %p_ZL7threshs_1_2, i11 %p_ZL7threshs_1_3, i11 %p_ZL7threshs_1_4, i10 %p_ZL7threshs_1_5, i9 %p_ZL7threshs_1_6, i12 %p_ZL7threshs_1_7, i12 %p_ZL7threshs_1_8, i12 %p_ZL7threshs_1_9, i11 %p_ZL7threshs_1_10, i11 %p_ZL7threshs_1_11, i10 %p_ZL7threshs_1_12, i9 %p_ZL7threshs_1_13, i13 %p_ZL7threshs_1_14, i8 %p_ZL7threshs_2_0, i8 %p_ZL7threshs_2_1, i10 %p_ZL7threshs_2_2, i11 %p_ZL7threshs_2_3, i11 %p_ZL7threshs_2_4, i10 %p_ZL7threshs_2_5, i9 %p_ZL7threshs_2_6, i12 %p_ZL7threshs_2_7, i12 %p_ZL7threshs_2_8, i12 %p_ZL7threshs_2_9, i11 %p_ZL7threshs_2_10, i11 %p_ZL7threshs_2_11, i10 %p_ZL7threshs_2_12, i9 %p_ZL7threshs_2_13, i13 %p_ZL7threshs_2_14, i8 %p_ZL7threshs_3_0, i8 %p_ZL7threshs_3_1, i10 %p_ZL7threshs_3_2, i11 %p_ZL7threshs_3_3, i11 %p_ZL7threshs_3_4, i10 %p_ZL7threshs_3_5, i9 %p_ZL7threshs_3_6, i12 %p_ZL7threshs_3_7, i12 %p_ZL7threshs_3_8, i12 %p_ZL7threshs_3_9, i11 %p_ZL7threshs_3_10, i11 %p_ZL7threshs_3_11, i10 %p_ZL7threshs_3_12, i9 %p_ZL7threshs_3_13, i13 %p_ZL7threshs_3_14, i8 %p_ZL7threshs_4_0, i8 %p_ZL7threshs_4_1, i10 %p_ZL7threshs_4_2, i11 %p_ZL7threshs_4_3, i11 %p_ZL7threshs_4_4, i10 %p_ZL7threshs_4_5, i9 %p_ZL7threshs_4_6, i12 %p_ZL7threshs_4_7, i12 %p_ZL7threshs_4_8, i12 %p_ZL7threshs_4_9, i11 %p_ZL7threshs_4_10, i11 %p_ZL7threshs_4_11, i10 %p_ZL7threshs_4_12, i9 %p_ZL7threshs_4_13, i13 %p_ZL7threshs_4_14, i8 %p_ZL7threshs_5_0, i8 %p_ZL7threshs_5_1, i10 %p_ZL7threshs_5_2, i11 %p_ZL7threshs_5_3, i11 %p_ZL7threshs_5_4, i10 %p_ZL7threshs_5_5, i9 %p_ZL7threshs_5_6, i12 %p_ZL7threshs_5_7, i12 %p_ZL7threshs_5_8, i12 %p_ZL7threshs_5_9, i11 %p_ZL7threshs_5_10, i11 %p_ZL7threshs_5_11, i10 %p_ZL7threshs_5_12, i9 %p_ZL7threshs_5_13, i13 %p_ZL7threshs_5_14, i8 %p_ZL7threshs_6_0, i8 %p_ZL7threshs_6_1, i10 %p_ZL7threshs_6_2, i11 %p_ZL7threshs_6_3, i11 %p_ZL7threshs_6_4, i10 %p_ZL7threshs_6_5, i9 %p_ZL7threshs_6_6, i12 %p_ZL7threshs_6_7, i12 %p_ZL7threshs_6_8, i12 %p_ZL7threshs_6_9, i11 %p_ZL7threshs_6_10, i11 %p_ZL7threshs_6_11, i10 %p_ZL7threshs_6_12, i9 %p_ZL7threshs_6_13, i13 %p_ZL7threshs_6_14, i8 %p_ZL7threshs_7_0, i8 %p_ZL7threshs_7_1, i10 %p_ZL7threshs_7_2, i11 %p_ZL7threshs_7_3, i11 %p_ZL7threshs_7_4, i10 %p_ZL7threshs_7_5, i9 %p_ZL7threshs_7_6, i12 %p_ZL7threshs_7_7, i12 %p_ZL7threshs_7_8, i12 %p_ZL7threshs_7_9, i11 %p_ZL7threshs_7_10, i11 %p_ZL7threshs_7_11, i10 %p_ZL7threshs_7_12, i9 %p_ZL7threshs_7_13, i13 %p_ZL7threshs_7_14" [/home/miguel_tfg/FINN-v0.9-Stable/notebooks/UAH_example/FINN_build/code_gen_ipgen_MatrixVectorActivation_3_uqaj8809/top_MatrixVectorActivation_3.cpp:38]   --->   Operation 6 'call' 'call_ln38' <Predicate = true> <Delay = 6.44> <CoreType = "Generic">   --->   Core 0 '' <Latency = 0> <II = 1> <Delay = 1.00> <Generic> <Opcode : >

State 4 <SV = 3> <Delay = 0.00>
ST_4 : Operation 7 [1/1] (0.00ns)   --->   "%spectopmodule_ln25 = spectopmodule void @_ssdm_op_SpecTopModule, void @empty_56" [/home/miguel_tfg/FINN-v0.9-Stable/notebooks/UAH_example/FINN_build/code_gen_ipgen_MatrixVectorActivation_3_uqaj8809/top_MatrixVectorActivation_3.cpp:25]   --->   Operation 7 'spectopmodule' 'spectopmodule_ln25' <Predicate = true> <Delay = 0.00>
ST_4 : Operation 8 [1/1] (0.00ns)   --->   "%specinterface_ln25 = specinterface void @_ssdm_op_SpecInterface, i32 0, void @empty_57, i32 0, i32 0, void @empty_54, i32 0, i32 0, void @empty_54, void @empty_54, void @empty_54, i32 0, i32 0, i32 0, i32 0, void @empty_54, void @empty_54, i32 4294967295, i32 0" [/home/miguel_tfg/FINN-v0.9-Stable/notebooks/UAH_example/FINN_build/code_gen_ipgen_MatrixVectorActivation_3_uqaj8809/top_MatrixVectorActivation_3.cpp:25]   --->   Operation 8 'specinterface' 'specinterface_ln25' <Predicate = true> <Delay = 0.00>
ST_4 : Operation 9 [1/1] (0.00ns)   --->   "%specinterface_ln0 = specinterface void @_ssdm_op_SpecInterface, i32 %in0_V, void @empty_52, i32 1, i32 1, void @empty_53, i32 0, i32 0, void @empty_54, void @empty_54, void @empty_54, i32 0, i32 0, i32 0, i32 0, void @empty_54, void @empty_54, i32 4294967295, i32 0"   --->   Operation 9 'specinterface' 'specinterface_ln0' <Predicate = true> <Delay = 0.00>
ST_4 : Operation 10 [1/1] (0.00ns)   --->   "%specbitsmap_ln0 = specbitsmap void @_ssdm_op_SpecBitsMap, i32 %in0_V"   --->   Operation 10 'specbitsmap' 'specbitsmap_ln0' <Predicate = true> <Delay = 0.00>
ST_4 : Operation 11 [1/1] (0.00ns)   --->   "%specinterface_ln0 = specinterface void @_ssdm_op_SpecInterface, i256 %weights_V, void @empty_52, i32 1, i32 1, void @empty_53, i32 0, i32 0, void @empty_54, void @empty_54, void @empty_54, i32 0, i32 0, i32 0, i32 0, void @empty_54, void @empty_54, i32 4294967295, i32 0"   --->   Operation 11 'specinterface' 'specinterface_ln0' <Predicate = true> <Delay = 0.00>
ST_4 : Operation 12 [1/1] (0.00ns)   --->   "%specbitsmap_ln0 = specbitsmap void @_ssdm_op_SpecBitsMap, i256 %weights_V"   --->   Operation 12 'specbitsmap' 'specbitsmap_ln0' <Predicate = true> <Delay = 0.00>
ST_4 : Operation 13 [1/1] (0.00ns)   --->   "%specinterface_ln0 = specinterface void @_ssdm_op_SpecInterface, i32 %out_V, void @empty_52, i32 1, i32 1, void @empty_53, i32 0, i32 0, void @empty_54, void @empty_54, void @empty_54, i32 0, i32 0, i32 0, i32 0, void @empty_54, void @empty_54, i32 4294967295, i32 0"   --->   Operation 13 'specinterface' 'specinterface_ln0' <Predicate = true> <Delay = 0.00>
ST_4 : Operation 14 [1/1] (0.00ns)   --->   "%specbitsmap_ln0 = specbitsmap void @_ssdm_op_SpecBitsMap, i32 %out_V"   --->   Operation 14 'specbitsmap' 'specbitsmap_ln0' <Predicate = true> <Delay = 0.00>
ST_4 : Operation 15 [1/1] (0.00ns)   --->   "%ret_ln40 = ret" [/home/miguel_tfg/FINN-v0.9-Stable/notebooks/UAH_example/FINN_build/code_gen_ipgen_MatrixVectorActivation_3_uqaj8809/top_MatrixVectorActivation_3.cpp:40]   --->   Operation 15 'ret' 'ret_ln40' <Predicate = true> <Delay = 0.00>


============================================================
+ Verbose Summary: Binding
============================================================
STG Binding: 
---------------- STG Properties BEGIN ----------------
- Is combinational: 0
- Is one-state seq: 0
- Is datapath-only: 0
- Is pipelined: 0
- Is top level: 1
Port [ Return ] is wired: 1; IO mode=ap_ctrl_none:ce=0
Port [ in0_V]:  wired=1; compound=1; hidden=0; nouse=0; global=0; static=0; extern=0; dir=0; type=0; pingpong=0; private_global=0; IO mode=axis:ce=0
Port [ weights_V]:  wired=1; compound=1; hidden=0; nouse=0; global=0; static=0; extern=0; dir=0; type=0; pingpong=0; private_global=0; IO mode=axis:ce=0
Port [ out_V]:  wired=1; compound=1; hidden=0; nouse=0; global=0; static=0; extern=0; dir=1; type=0; pingpong=0; private_global=0; IO mode=axis:ce=0
Port [ p_ZL7threshs_0_0]:  wired=0; compound=1; hidden=1; nouse=1; global=1; static=1; extern=0; dir=0; type=1; pingpong=0; private_global=0; MemPort=[1]; IO mode=ap_memory:ce=0
Port [ p_ZL7threshs_0_1]:  wired=0; compound=1; hidden=1; nouse=1; global=1; static=1; extern=0; dir=0; type=1; pingpong=0; private_global=0; MemPort=[1]; IO mode=ap_memory:ce=0
Port [ p_ZL7threshs_0_2]:  wired=0; compound=1; hidden=1; nouse=1; global=1; static=1; extern=0; dir=0; type=1; pingpong=0; private_global=0; MemPort=[1]; IO mode=ap_memory:ce=0
Port [ p_ZL7threshs_0_3]:  wired=0; compound=1; hidden=1; nouse=1; global=1; static=1; extern=0; dir=0; type=1; pingpong=0; private_global=0; MemPort=[1]; IO mode=ap_memory:ce=0
Port [ p_ZL7threshs_0_4]:  wired=0; compound=1; hidden=1; nouse=1; global=1; static=1; extern=0; dir=0; type=1; pingpong=0; private_global=0; MemPort=[1]; IO mode=ap_memory:ce=0
Port [ p_ZL7threshs_0_5]:  wired=0; compound=1; hidden=1; nouse=1; global=1; static=1; extern=0; dir=0; type=1; pingpong=0; private_global=0; MemPort=[1]; IO mode=ap_memory:ce=0
Port [ p_ZL7threshs_0_6]:  wired=0; compound=1; hidden=1; nouse=1; global=1; static=1; extern=0; dir=0; type=1; pingpong=0; private_global=0; MemPort=[1]; IO mode=ap_memory:ce=0
Port [ p_ZL7threshs_0_7]:  wired=0; compound=1; hidden=1; nouse=1; global=1; static=1; extern=0; dir=0; type=1; pingpong=0; private_global=0; MemPort=[1]; IO mode=ap_memory:ce=0
Port [ p_ZL7threshs_0_8]:  wired=0; compound=1; hidden=1; nouse=1; global=1; static=1; extern=0; dir=0; type=1; pingpong=0; private_global=0; MemPort=[1]; IO mode=ap_memory:ce=0
Port [ p_ZL7threshs_0_9]:  wired=0; compound=1; hidden=1; nouse=1; global=1; static=1; extern=0; dir=0; type=1; pingpong=0; private_global=0; MemPort=[1]; IO mode=ap_memory:ce=0
Port [ p_ZL7threshs_0_10]:  wired=0; compound=1; hidden=1; nouse=1; global=1; static=1; extern=0; dir=0; type=1; pingpong=0; private_global=0; MemPort=[1]; IO mode=ap_memory:ce=0
Port [ p_ZL7threshs_0_11]:  wired=0; compound=1; hidden=1; nouse=1; global=1; static=1; extern=0; dir=0; type=1; pingpong=0; private_global=0; MemPort=[1]; IO mode=ap_memory:ce=0
Port [ p_ZL7threshs_0_12]:  wired=0; compound=1; hidden=1; nouse=1; global=1; static=1; extern=0; dir=0; type=1; pingpong=0; private_global=0; MemPort=[1]; IO mode=ap_memory:ce=0
Port [ p_ZL7threshs_0_13]:  wired=0; compound=1; hidden=1; nouse=1; global=1; static=1; extern=0; dir=0; type=1; pingpong=0; private_global=0; MemPort=[1]; IO mode=ap_memory:ce=0
Port [ p_ZL7threshs_0_14]:  wired=0; compound=1; hidden=1; nouse=1; global=1; static=1; extern=0; dir=0; type=1; pingpong=0; private_global=0; MemPort=[1]; IO mode=ap_memory:ce=0
Port [ p_ZL7threshs_1_0]:  wired=0; compound=1; hidden=1; nouse=1; global=1; static=1; extern=0; dir=0; type=1; pingpong=0; private_global=0; MemPort=[1]; IO mode=ap_memory:ce=0
Port [ p_ZL7threshs_1_1]:  wired=0; compound=1; hidden=1; nouse=1; global=1; static=1; extern=0; dir=0; type=1; pingpong=0; private_global=0; MemPort=[1]; IO mode=ap_memory:ce=0
Port [ p_ZL7threshs_1_2]:  wired=0; compound=1; hidden=1; nouse=1; global=1; static=1; extern=0; dir=0; type=1; pingpong=0; private_global=0; MemPort=[1]; IO mode=ap_memory:ce=0
Port [ p_ZL7threshs_1_3]:  wired=0; compound=1; hidden=1; nouse=1; global=1; static=1; extern=0; dir=0; type=1; pingpong=0; private_global=0; MemPort=[1]; IO mode=ap_memory:ce=0
Port [ p_ZL7threshs_1_4]:  wired=0; compound=1; hidden=1; nouse=1; global=1; static=1; extern=0; dir=0; type=1; pingpong=0; private_global=0; MemPort=[1]; IO mode=ap_memory:ce=0
Port [ p_ZL7threshs_1_5]:  wired=0; compound=1; hidden=1; nouse=1; global=1; static=1; extern=0; dir=0; type=1; pingpong=0; private_global=0; MemPort=[1]; IO mode=ap_memory:ce=0
Port [ p_ZL7threshs_1_6]:  wired=0; compound=1; hidden=1; nouse=1; global=1; static=1; extern=0; dir=0; type=1; pingpong=0; private_global=0; MemPort=[1]; IO mode=ap_memory:ce=0
Port [ p_ZL7threshs_1_7]:  wired=0; compound=1; hidden=1; nouse=1; global=1; static=1; extern=0; dir=0; type=1; pingpong=0; private_global=0; MemPort=[1]; IO mode=ap_memory:ce=0
Port [ p_ZL7threshs_1_8]:  wired=0; compound=1; hidden=1; nouse=1; global=1; static=1; extern=0; dir=0; type=1; pingpong=0; private_global=0; MemPort=[1]; IO mode=ap_memory:ce=0
Port [ p_ZL7threshs_1_9]:  wired=0; compound=1; hidden=1; nouse=1; global=1; static=1; extern=0; dir=0; type=1; pingpong=0; private_global=0; MemPort=[1]; IO mode=ap_memory:ce=0
Port [ p_ZL7threshs_1_10]:  wired=0; compound=1; hidden=1; nouse=1; global=1; static=1; extern=0; dir=0; type=1; pingpong=0; private_global=0; MemPort=[1]; IO mode=ap_memory:ce=0
Port [ p_ZL7threshs_1_11]:  wired=0; compound=1; hidden=1; nouse=1; global=1; static=1; extern=0; dir=0; type=1; pingpong=0; private_global=0; MemPort=[1]; IO mode=ap_memory:ce=0
Port [ p_ZL7threshs_1_12]:  wired=0; compound=1; hidden=1; nouse=1; global=1; static=1; extern=0; dir=0; type=1; pingpong=0; private_global=0; MemPort=[1]; IO mode=ap_memory:ce=0
Port [ p_ZL7threshs_1_13]:  wired=0; compound=1; hidden=1; nouse=1; global=1; static=1; extern=0; dir=0; type=1; pingpong=0; private_global=0; MemPort=[1]; IO mode=ap_memory:ce=0
Port [ p_ZL7threshs_1_14]:  wired=0; compound=1; hidden=1; nouse=1; global=1; static=1; extern=0; dir=0; type=1; pingpong=0; private_global=0; MemPort=[1]; IO mode=ap_memory:ce=0
Port [ p_ZL7threshs_2_0]:  wired=0; compound=1; hidden=1; nouse=1; global=1; static=1; extern=0; dir=0; type=1; pingpong=0; private_global=0; MemPort=[1]; IO mode=ap_memory:ce=0
Port [ p_ZL7threshs_2_1]:  wired=0; compound=1; hidden=1; nouse=1; global=1; static=1; extern=0; dir=0; type=1; pingpong=0; private_global=0; MemPort=[1]; IO mode=ap_memory:ce=0
Port [ p_ZL7threshs_2_2]:  wired=0; compound=1; hidden=1; nouse=1; global=1; static=1; extern=0; dir=0; type=1; pingpong=0; private_global=0; MemPort=[1]; IO mode=ap_memory:ce=0
Port [ p_ZL7threshs_2_3]:  wired=0; compound=1; hidden=1; nouse=1; global=1; static=1; extern=0; dir=0; type=1; pingpong=0; private_global=0; MemPort=[1]; IO mode=ap_memory:ce=0
Port [ p_ZL7threshs_2_4]:  wired=0; compound=1; hidden=1; nouse=1; global=1; static=1; extern=0; dir=0; type=1; pingpong=0; private_global=0; MemPort=[1]; IO mode=ap_memory:ce=0
Port [ p_ZL7threshs_2_5]:  wired=0; compound=1; hidden=1; nouse=1; global=1; static=1; extern=0; dir=0; type=1; pingpong=0; private_global=0; MemPort=[1]; IO mode=ap_memory:ce=0
Port [ p_ZL7threshs_2_6]:  wired=0; compound=1; hidden=1; nouse=1; global=1; static=1; extern=0; dir=0; type=1; pingpong=0; private_global=0; MemPort=[1]; IO mode=ap_memory:ce=0
Port [ p_ZL7threshs_2_7]:  wired=0; compound=1; hidden=1; nouse=1; global=1; static=1; extern=0; dir=0; type=1; pingpong=0; private_global=0; MemPort=[1]; IO mode=ap_memory:ce=0
Port [ p_ZL7threshs_2_8]:  wired=0; compound=1; hidden=1; nouse=1; global=1; static=1; extern=0; dir=0; type=1; pingpong=0; private_global=0; MemPort=[1]; IO mode=ap_memory:ce=0
Port [ p_ZL7threshs_2_9]:  wired=0; compound=1; hidden=1; nouse=1; global=1; static=1; extern=0; dir=0; type=1; pingpong=0; private_global=0; MemPort=[1]; IO mode=ap_memory:ce=0
Port [ p_ZL7threshs_2_10]:  wired=0; compound=1; hidden=1; nouse=1; global=1; static=1; extern=0; dir=0; type=1; pingpong=0; private_global=0; MemPort=[1]; IO mode=ap_memory:ce=0
Port [ p_ZL7threshs_2_11]:  wired=0; compound=1; hidden=1; nouse=1; global=1; static=1; extern=0; dir=0; type=1; pingpong=0; private_global=0; MemPort=[1]; IO mode=ap_memory:ce=0
Port [ p_ZL7threshs_2_12]:  wired=0; compound=1; hidden=1; nouse=1; global=1; static=1; extern=0; dir=0; type=1; pingpong=0; private_global=0; MemPort=[1]; IO mode=ap_memory:ce=0
Port [ p_ZL7threshs_2_13]:  wired=0; compound=1; hidden=1; nouse=1; global=1; static=1; extern=0; dir=0; type=1; pingpong=0; private_global=0; MemPort=[1]; IO mode=ap_memory:ce=0
Port [ p_ZL7threshs_2_14]:  wired=0; compound=1; hidden=1; nouse=1; global=1; static=1; extern=0; dir=0; type=1; pingpong=0; private_global=0; MemPort=[1]; IO mode=ap_memory:ce=0
Port [ p_ZL7threshs_3_0]:  wired=0; compound=1; hidden=1; nouse=1; global=1; static=1; extern=0; dir=0; type=1; pingpong=0; private_global=0; MemPort=[1]; IO mode=ap_memory:ce=0
Port [ p_ZL7threshs_3_1]:  wired=0; compound=1; hidden=1; nouse=1; global=1; static=1; extern=0; dir=0; type=1; pingpong=0; private_global=0; MemPort=[1]; IO mode=ap_memory:ce=0
Port [ p_ZL7threshs_3_2]:  wired=0; compound=1; hidden=1; nouse=1; global=1; static=1; extern=0; dir=0; type=1; pingpong=0; private_global=0; MemPort=[1]; IO mode=ap_memory:ce=0
Port [ p_ZL7threshs_3_3]:  wired=0; compound=1; hidden=1; nouse=1; global=1; static=1; extern=0; dir=0; type=1; pingpong=0; private_global=0; MemPort=[1]; IO mode=ap_memory:ce=0
Port [ p_ZL7threshs_3_4]:  wired=0; compound=1; hidden=1; nouse=1; global=1; static=1; extern=0; dir=0; type=1; pingpong=0; private_global=0; MemPort=[1]; IO mode=ap_memory:ce=0
Port [ p_ZL7threshs_3_5]:  wired=0; compound=1; hidden=1; nouse=1; global=1; static=1; extern=0; dir=0; type=1; pingpong=0; private_global=0; MemPort=[1]; IO mode=ap_memory:ce=0
Port [ p_ZL7threshs_3_6]:  wired=0; compound=1; hidden=1; nouse=1; global=1; static=1; extern=0; dir=0; type=1; pingpong=0; private_global=0; MemPort=[1]; IO mode=ap_memory:ce=0
Port [ p_ZL7threshs_3_7]:  wired=0; compound=1; hidden=1; nouse=1; global=1; static=1; extern=0; dir=0; type=1; pingpong=0; private_global=0; MemPort=[1]; IO mode=ap_memory:ce=0
Port [ p_ZL7threshs_3_8]:  wired=0; compound=1; hidden=1; nouse=1; global=1; static=1; extern=0; dir=0; type=1; pingpong=0; private_global=0; MemPort=[1]; IO mode=ap_memory:ce=0
Port [ p_ZL7threshs_3_9]:  wired=0; compound=1; hidden=1; nouse=1; global=1; static=1; extern=0; dir=0; type=1; pingpong=0; private_global=0; MemPort=[1]; IO mode=ap_memory:ce=0
Port [ p_ZL7threshs_3_10]:  wired=0; compound=1; hidden=1; nouse=1; global=1; static=1; extern=0; dir=0; type=1; pingpong=0; private_global=0; MemPort=[1]; IO mode=ap_memory:ce=0
Port [ p_ZL7threshs_3_11]:  wired=0; compound=1; hidden=1; nouse=1; global=1; static=1; extern=0; dir=0; type=1; pingpong=0; private_global=0; MemPort=[1]; IO mode=ap_memory:ce=0
Port [ p_ZL7threshs_3_12]:  wired=0; compound=1; hidden=1; nouse=1; global=1; static=1; extern=0; dir=0; type=1; pingpong=0; private_global=0; MemPort=[1]; IO mode=ap_memory:ce=0
Port [ p_ZL7threshs_3_13]:  wired=0; compound=1; hidden=1; nouse=1; global=1; static=1; extern=0; dir=0; type=1; pingpong=0; private_global=0; MemPort=[1]; IO mode=ap_memory:ce=0
Port [ p_ZL7threshs_3_14]:  wired=0; compound=1; hidden=1; nouse=1; global=1; static=1; extern=0; dir=0; type=1; pingpong=0; private_global=0; MemPort=[1]; IO mode=ap_memory:ce=0
Port [ p_ZL7threshs_4_0]:  wired=0; compound=1; hidden=1; nouse=1; global=1; static=1; extern=0; dir=0; type=1; pingpong=0; private_global=0; MemPort=[1]; IO mode=ap_memory:ce=0
Port [ p_ZL7threshs_4_1]:  wired=0; compound=1; hidden=1; nouse=1; global=1; static=1; extern=0; dir=0; type=1; pingpong=0; private_global=0; MemPort=[1]; IO mode=ap_memory:ce=0
Port [ p_ZL7threshs_4_2]:  wired=0; compound=1; hidden=1; nouse=1; global=1; static=1; extern=0; dir=0; type=1; pingpong=0; private_global=0; MemPort=[1]; IO mode=ap_memory:ce=0
Port [ p_ZL7threshs_4_3]:  wired=0; compound=1; hidden=1; nouse=1; global=1; static=1; extern=0; dir=0; type=1; pingpong=0; private_global=0; MemPort=[1]; IO mode=ap_memory:ce=0
Port [ p_ZL7threshs_4_4]:  wired=0; compound=1; hidden=1; nouse=1; global=1; static=1; extern=0; dir=0; type=1; pingpong=0; private_global=0; MemPort=[1]; IO mode=ap_memory:ce=0
Port [ p_ZL7threshs_4_5]:  wired=0; compound=1; hidden=1; nouse=1; global=1; static=1; extern=0; dir=0; type=1; pingpong=0; private_global=0; MemPort=[1]; IO mode=ap_memory:ce=0
Port [ p_ZL7threshs_4_6]:  wired=0; compound=1; hidden=1; nouse=1; global=1; static=1; extern=0; dir=0; type=1; pingpong=0; private_global=0; MemPort=[1]; IO mode=ap_memory:ce=0
Port [ p_ZL7threshs_4_7]:  wired=0; compound=1; hidden=1; nouse=1; global=1; static=1; extern=0; dir=0; type=1; pingpong=0; private_global=0; MemPort=[1]; IO mode=ap_memory:ce=0
Port [ p_ZL7threshs_4_8]:  wired=0; compound=1; hidden=1; nouse=1; global=1; static=1; extern=0; dir=0; type=1; pingpong=0; private_global=0; MemPort=[1]; IO mode=ap_memory:ce=0
Port [ p_ZL7threshs_4_9]:  wired=0; compound=1; hidden=1; nouse=1; global=1; static=1; extern=0; dir=0; type=1; pingpong=0; private_global=0; MemPort=[1]; IO mode=ap_memory:ce=0
Port [ p_ZL7threshs_4_10]:  wired=0; compound=1; hidden=1; nouse=1; global=1; static=1; extern=0; dir=0; type=1; pingpong=0; private_global=0; MemPort=[1]; IO mode=ap_memory:ce=0
Port [ p_ZL7threshs_4_11]:  wired=0; compound=1; hidden=1; nouse=1; global=1; static=1; extern=0; dir=0; type=1; pingpong=0; private_global=0; MemPort=[1]; IO mode=ap_memory:ce=0
Port [ p_ZL7threshs_4_12]:  wired=0; compound=1; hidden=1; nouse=1; global=1; static=1; extern=0; dir=0; type=1; pingpong=0; private_global=0; MemPort=[1]; IO mode=ap_memory:ce=0
Port [ p_ZL7threshs_4_13]:  wired=0; compound=1; hidden=1; nouse=1; global=1; static=1; extern=0; dir=0; type=1; pingpong=0; private_global=0; MemPort=[1]; IO mode=ap_memory:ce=0
Port [ p_ZL7threshs_4_14]:  wired=0; compound=1; hidden=1; nouse=1; global=1; static=1; extern=0; dir=0; type=1; pingpong=0; private_global=0; MemPort=[1]; IO mode=ap_memory:ce=0
Port [ p_ZL7threshs_5_0]:  wired=0; compound=1; hidden=1; nouse=1; global=1; static=1; extern=0; dir=0; type=1; pingpong=0; private_global=0; MemPort=[1]; IO mode=ap_memory:ce=0
Port [ p_ZL7threshs_5_1]:  wired=0; compound=1; hidden=1; nouse=1; global=1; static=1; extern=0; dir=0; type=1; pingpong=0; private_global=0; MemPort=[1]; IO mode=ap_memory:ce=0
Port [ p_ZL7threshs_5_2]:  wired=0; compound=1; hidden=1; nouse=1; global=1; static=1; extern=0; dir=0; type=1; pingpong=0; private_global=0; MemPort=[1]; IO mode=ap_memory:ce=0
Port [ p_ZL7threshs_5_3]:  wired=0; compound=1; hidden=1; nouse=1; global=1; static=1; extern=0; dir=0; type=1; pingpong=0; private_global=0; MemPort=[1]; IO mode=ap_memory:ce=0
Port [ p_ZL7threshs_5_4]:  wired=0; compound=1; hidden=1; nouse=1; global=1; static=1; extern=0; dir=0; type=1; pingpong=0; private_global=0; MemPort=[1]; IO mode=ap_memory:ce=0
Port [ p_ZL7threshs_5_5]:  wired=0; compound=1; hidden=1; nouse=1; global=1; static=1; extern=0; dir=0; type=1; pingpong=0; private_global=0; MemPort=[1]; IO mode=ap_memory:ce=0
Port [ p_ZL7threshs_5_6]:  wired=0; compound=1; hidden=1; nouse=1; global=1; static=1; extern=0; dir=0; type=1; pingpong=0; private_global=0; MemPort=[1]; IO mode=ap_memory:ce=0
Port [ p_ZL7threshs_5_7]:  wired=0; compound=1; hidden=1; nouse=1; global=1; static=1; extern=0; dir=0; type=1; pingpong=0; private_global=0; MemPort=[1]; IO mode=ap_memory:ce=0
Port [ p_ZL7threshs_5_8]:  wired=0; compound=1; hidden=1; nouse=1; global=1; static=1; extern=0; dir=0; type=1; pingpong=0; private_global=0; MemPort=[1]; IO mode=ap_memory:ce=0
Port [ p_ZL7threshs_5_9]:  wired=0; compound=1; hidden=1; nouse=1; global=1; static=1; extern=0; dir=0; type=1; pingpong=0; private_global=0; MemPort=[1]; IO mode=ap_memory:ce=0
Port [ p_ZL7threshs_5_10]:  wired=0; compound=1; hidden=1; nouse=1; global=1; static=1; extern=0; dir=0; type=1; pingpong=0; private_global=0; MemPort=[1]; IO mode=ap_memory:ce=0
Port [ p_ZL7threshs_5_11]:  wired=0; compound=1; hidden=1; nouse=1; global=1; static=1; extern=0; dir=0; type=1; pingpong=0; private_global=0; MemPort=[1]; IO mode=ap_memory:ce=0
Port [ p_ZL7threshs_5_12]:  wired=0; compound=1; hidden=1; nouse=1; global=1; static=1; extern=0; dir=0; type=1; pingpong=0; private_global=0; MemPort=[1]; IO mode=ap_memory:ce=0
Port [ p_ZL7threshs_5_13]:  wired=0; compound=1; hidden=1; nouse=1; global=1; static=1; extern=0; dir=0; type=1; pingpong=0; private_global=0; MemPort=[1]; IO mode=ap_memory:ce=0
Port [ p_ZL7threshs_5_14]:  wired=0; compound=1; hidden=1; nouse=1; global=1; static=1; extern=0; dir=0; type=1; pingpong=0; private_global=0; MemPort=[1]; IO mode=ap_memory:ce=0
Port [ p_ZL7threshs_6_0]:  wired=0; compound=1; hidden=1; nouse=1; global=1; static=1; extern=0; dir=0; type=1; pingpong=0; private_global=0; MemPort=[1]; IO mode=ap_memory:ce=0
Port [ p_ZL7threshs_6_1]:  wired=0; compound=1; hidden=1; nouse=1; global=1; static=1; extern=0; dir=0; type=1; pingpong=0; private_global=0; MemPort=[1]; IO mode=ap_memory:ce=0
Port [ p_ZL7threshs_6_2]:  wired=0; compound=1; hidden=1; nouse=1; global=1; static=1; extern=0; dir=0; type=1; pingpong=0; private_global=0; MemPort=[1]; IO mode=ap_memory:ce=0
Port [ p_ZL7threshs_6_3]:  wired=0; compound=1; hidden=1; nouse=1; global=1; static=1; extern=0; dir=0; type=1; pingpong=0; private_global=0; MemPort=[1]; IO mode=ap_memory:ce=0
Port [ p_ZL7threshs_6_4]:  wired=0; compound=1; hidden=1; nouse=1; global=1; static=1; extern=0; dir=0; type=1; pingpong=0; private_global=0; MemPort=[1]; IO mode=ap_memory:ce=0
Port [ p_ZL7threshs_6_5]:  wired=0; compound=1; hidden=1; nouse=1; global=1; static=1; extern=0; dir=0; type=1; pingpong=0; private_global=0; MemPort=[1]; IO mode=ap_memory:ce=0
Port [ p_ZL7threshs_6_6]:  wired=0; compound=1; hidden=1; nouse=1; global=1; static=1; extern=0; dir=0; type=1; pingpong=0; private_global=0; MemPort=[1]; IO mode=ap_memory:ce=0
Port [ p_ZL7threshs_6_7]:  wired=0; compound=1; hidden=1; nouse=1; global=1; static=1; extern=0; dir=0; type=1; pingpong=0; private_global=0; MemPort=[1]; IO mode=ap_memory:ce=0
Port [ p_ZL7threshs_6_8]:  wired=0; compound=1; hidden=1; nouse=1; global=1; static=1; extern=0; dir=0; type=1; pingpong=0; private_global=0; MemPort=[1]; IO mode=ap_memory:ce=0
Port [ p_ZL7threshs_6_9]:  wired=0; compound=1; hidden=1; nouse=1; global=1; static=1; extern=0; dir=0; type=1; pingpong=0; private_global=0; MemPort=[1]; IO mode=ap_memory:ce=0
Port [ p_ZL7threshs_6_10]:  wired=0; compound=1; hidden=1; nouse=1; global=1; static=1; extern=0; dir=0; type=1; pingpong=0; private_global=0; MemPort=[1]; IO mode=ap_memory:ce=0
Port [ p_ZL7threshs_6_11]:  wired=0; compound=1; hidden=1; nouse=1; global=1; static=1; extern=0; dir=0; type=1; pingpong=0; private_global=0; MemPort=[1]; IO mode=ap_memory:ce=0
Port [ p_ZL7threshs_6_12]:  wired=0; compound=1; hidden=1; nouse=1; global=1; static=1; extern=0; dir=0; type=1; pingpong=0; private_global=0; MemPort=[1]; IO mode=ap_memory:ce=0
Port [ p_ZL7threshs_6_13]:  wired=0; compound=1; hidden=1; nouse=1; global=1; static=1; extern=0; dir=0; type=1; pingpong=0; private_global=0; MemPort=[1]; IO mode=ap_memory:ce=0
Port [ p_ZL7threshs_6_14]:  wired=0; compound=1; hidden=1; nouse=1; global=1; static=1; extern=0; dir=0; type=1; pingpong=0; private_global=0; MemPort=[1]; IO mode=ap_memory:ce=0
Port [ p_ZL7threshs_7_0]:  wired=0; compound=1; hidden=1; nouse=1; global=1; static=1; extern=0; dir=0; type=1; pingpong=0; private_global=0; MemPort=[1]; IO mode=ap_memory:ce=0
Port [ p_ZL7threshs_7_1]:  wired=0; compound=1; hidden=1; nouse=1; global=1; static=1; extern=0; dir=0; type=1; pingpong=0; private_global=0; MemPort=[1]; IO mode=ap_memory:ce=0
Port [ p_ZL7threshs_7_2]:  wired=0; compound=1; hidden=1; nouse=1; global=1; static=1; extern=0; dir=0; type=1; pingpong=0; private_global=0; MemPort=[1]; IO mode=ap_memory:ce=0
Port [ p_ZL7threshs_7_3]:  wired=0; compound=1; hidden=1; nouse=1; global=1; static=1; extern=0; dir=0; type=1; pingpong=0; private_global=0; MemPort=[1]; IO mode=ap_memory:ce=0
Port [ p_ZL7threshs_7_4]:  wired=0; compound=1; hidden=1; nouse=1; global=1; static=1; extern=0; dir=0; type=1; pingpong=0; private_global=0; MemPort=[1]; IO mode=ap_memory:ce=0
Port [ p_ZL7threshs_7_5]:  wired=0; compound=1; hidden=1; nouse=1; global=1; static=1; extern=0; dir=0; type=1; pingpong=0; private_global=0; MemPort=[1]; IO mode=ap_memory:ce=0
Port [ p_ZL7threshs_7_6]:  wired=0; compound=1; hidden=1; nouse=1; global=1; static=1; extern=0; dir=0; type=1; pingpong=0; private_global=0; MemPort=[1]; IO mode=ap_memory:ce=0
Port [ p_ZL7threshs_7_7]:  wired=0; compound=1; hidden=1; nouse=1; global=1; static=1; extern=0; dir=0; type=1; pingpong=0; private_global=0; MemPort=[1]; IO mode=ap_memory:ce=0
Port [ p_ZL7threshs_7_8]:  wired=0; compound=1; hidden=1; nouse=1; global=1; static=1; extern=0; dir=0; type=1; pingpong=0; private_global=0; MemPort=[1]; IO mode=ap_memory:ce=0
Port [ p_ZL7threshs_7_9]:  wired=0; compound=1; hidden=1; nouse=1; global=1; static=1; extern=0; dir=0; type=1; pingpong=0; private_global=0; MemPort=[1]; IO mode=ap_memory:ce=0
Port [ p_ZL7threshs_7_10]:  wired=0; compound=1; hidden=1; nouse=1; global=1; static=1; extern=0; dir=0; type=1; pingpong=0; private_global=0; MemPort=[1]; IO mode=ap_memory:ce=0
Port [ p_ZL7threshs_7_11]:  wired=0; compound=1; hidden=1; nouse=1; global=1; static=1; extern=0; dir=0; type=1; pingpong=0; private_global=0; MemPort=[1]; IO mode=ap_memory:ce=0
Port [ p_ZL7threshs_7_12]:  wired=0; compound=1; hidden=1; nouse=1; global=1; static=1; extern=0; dir=0; type=1; pingpong=0; private_global=0; MemPort=[1]; IO mode=ap_memory:ce=0
Port [ p_ZL7threshs_7_13]:  wired=0; compound=1; hidden=1; nouse=1; global=1; static=1; extern=0; dir=0; type=1; pingpong=0; private_global=0; MemPort=[1]; IO mode=ap_memory:ce=0
Port [ p_ZL7threshs_7_14]:  wired=0; compound=1; hidden=1; nouse=1; global=1; static=1; extern=0; dir=0; type=1; pingpong=0; private_global=0; MemPort=[1]; IO mode=ap_memory:ce=0
---------------- STG Properties END ------------------

---------------- Datapath Model BEGIN ----------------

<LifeTime>
<method=bitvector/>
call_ln38          (call         ) [ 00000]
spectopmodule_ln25 (spectopmodule) [ 00000]
specinterface_ln25 (specinterface) [ 00000]
specinterface_ln0  (specinterface) [ 00000]
specbitsmap_ln0    (specbitsmap  ) [ 00000]
specinterface_ln0  (specinterface) [ 00000]
specbitsmap_ln0    (specbitsmap  ) [ 00000]
specinterface_ln0  (specinterface) [ 00000]
specbitsmap_ln0    (specbitsmap  ) [ 00000]
ret_ln40           (ret          ) [ 00000]
</LifeTime>

<model>

<comp_list>
<comp id="0" class="1000" name="in0_V">
<pin_list>
<pin id="1" dir="1" index="0" bw="1" slack="0"/>
</pin_list>
<bind>
<StgValue><ssdm name="in0_V"/></StgValue>
</bind>
</comp>

<comp id="2" class="1000" name="weights_V">
<pin_list>
<pin id="3" dir="1" index="0" bw="1" slack="0"/>
</pin_list>
<bind>
<StgValue><ssdm name="weights_V"/></StgValue>
</bind>
</comp>

<comp id="4" class="1000" name="out_V">
<pin_list>
<pin id="5" dir="1" index="0" bw="1" slack="0"/>
</pin_list>
<bind>
<StgValue><ssdm name="out_V"/></StgValue>
</bind>
</comp>

<comp id="6" class="1000" name="p_ZL7threshs_0_0">
<pin_list>
<pin id="7" dir="1" index="0" bw="1" slack="0"/>
</pin_list>
<bind>
<StgValue><ssdm name="p_ZL7threshs_0_0"/><MemPortTyVec>1 </MemPortTyVec>
</StgValue>
</bind>
</comp>

<comp id="8" class="1000" name="p_ZL7threshs_0_1">
<pin_list>
<pin id="9" dir="1" index="0" bw="1" slack="0"/>
</pin_list>
<bind>
<StgValue><ssdm name="p_ZL7threshs_0_1"/><MemPortTyVec>1 </MemPortTyVec>
</StgValue>
</bind>
</comp>

<comp id="10" class="1000" name="p_ZL7threshs_0_2">
<pin_list>
<pin id="11" dir="1" index="0" bw="1" slack="0"/>
</pin_list>
<bind>
<StgValue><ssdm name="p_ZL7threshs_0_2"/><MemPortTyVec>1 </MemPortTyVec>
</StgValue>
</bind>
</comp>

<comp id="12" class="1000" name="p_ZL7threshs_0_3">
<pin_list>
<pin id="13" dir="1" index="0" bw="1" slack="0"/>
</pin_list>
<bind>
<StgValue><ssdm name="p_ZL7threshs_0_3"/><MemPortTyVec>1 </MemPortTyVec>
</StgValue>
</bind>
</comp>

<comp id="14" class="1000" name="p_ZL7threshs_0_4">
<pin_list>
<pin id="15" dir="1" index="0" bw="1" slack="0"/>
</pin_list>
<bind>
<StgValue><ssdm name="p_ZL7threshs_0_4"/><MemPortTyVec>1 </MemPortTyVec>
</StgValue>
</bind>
</comp>

<comp id="16" class="1000" name="p_ZL7threshs_0_5">
<pin_list>
<pin id="17" dir="1" index="0" bw="1" slack="0"/>
</pin_list>
<bind>
<StgValue><ssdm name="p_ZL7threshs_0_5"/><MemPortTyVec>1 </MemPortTyVec>
</StgValue>
</bind>
</comp>

<comp id="18" class="1000" name="p_ZL7threshs_0_6">
<pin_list>
<pin id="19" dir="1" index="0" bw="1" slack="0"/>
</pin_list>
<bind>
<StgValue><ssdm name="p_ZL7threshs_0_6"/><MemPortTyVec>1 </MemPortTyVec>
</StgValue>
</bind>
</comp>

<comp id="20" class="1000" name="p_ZL7threshs_0_7">
<pin_list>
<pin id="21" dir="1" index="0" bw="1" slack="0"/>
</pin_list>
<bind>
<StgValue><ssdm name="p_ZL7threshs_0_7"/><MemPortTyVec>1 </MemPortTyVec>
</StgValue>
</bind>
</comp>

<comp id="22" class="1000" name="p_ZL7threshs_0_8">
<pin_list>
<pin id="23" dir="1" index="0" bw="1" slack="0"/>
</pin_list>
<bind>
<StgValue><ssdm name="p_ZL7threshs_0_8"/><MemPortTyVec>1 </MemPortTyVec>
</StgValue>
</bind>
</comp>

<comp id="24" class="1000" name="p_ZL7threshs_0_9">
<pin_list>
<pin id="25" dir="1" index="0" bw="1" slack="0"/>
</pin_list>
<bind>
<StgValue><ssdm name="p_ZL7threshs_0_9"/><MemPortTyVec>1 </MemPortTyVec>
</StgValue>
</bind>
</comp>

<comp id="26" class="1000" name="p_ZL7threshs_0_10">
<pin_list>
<pin id="27" dir="1" index="0" bw="1" slack="0"/>
</pin_list>
<bind>
<StgValue><ssdm name="p_ZL7threshs_0_10"/><MemPortTyVec>1 </MemPortTyVec>
</StgValue>
</bind>
</comp>

<comp id="28" class="1000" name="p_ZL7threshs_0_11">
<pin_list>
<pin id="29" dir="1" index="0" bw="1" slack="0"/>
</pin_list>
<bind>
<StgValue><ssdm name="p_ZL7threshs_0_11"/><MemPortTyVec>1 </MemPortTyVec>
</StgValue>
</bind>
</comp>

<comp id="30" class="1000" name="p_ZL7threshs_0_12">
<pin_list>
<pin id="31" dir="1" index="0" bw="1" slack="0"/>
</pin_list>
<bind>
<StgValue><ssdm name="p_ZL7threshs_0_12"/><MemPortTyVec>1 </MemPortTyVec>
</StgValue>
</bind>
</comp>

<comp id="32" class="1000" name="p_ZL7threshs_0_13">
<pin_list>
<pin id="33" dir="1" index="0" bw="1" slack="0"/>
</pin_list>
<bind>
<StgValue><ssdm name="p_ZL7threshs_0_13"/><MemPortTyVec>1 </MemPortTyVec>
</StgValue>
</bind>
</comp>

<comp id="34" class="1000" name="p_ZL7threshs_0_14">
<pin_list>
<pin id="35" dir="1" index="0" bw="1" slack="0"/>
</pin_list>
<bind>
<StgValue><ssdm name="p_ZL7threshs_0_14"/><MemPortTyVec>1 </MemPortTyVec>
</StgValue>
</bind>
</comp>

<comp id="36" class="1000" name="p_ZL7threshs_1_0">
<pin_list>
<pin id="37" dir="1" index="0" bw="1" slack="0"/>
</pin_list>
<bind>
<StgValue><ssdm name="p_ZL7threshs_1_0"/><MemPortTyVec>1 </MemPortTyVec>
</StgValue>
</bind>
</comp>

<comp id="38" class="1000" name="p_ZL7threshs_1_1">
<pin_list>
<pin id="39" dir="1" index="0" bw="1" slack="0"/>
</pin_list>
<bind>
<StgValue><ssdm name="p_ZL7threshs_1_1"/><MemPortTyVec>1 </MemPortTyVec>
</StgValue>
</bind>
</comp>

<comp id="40" class="1000" name="p_ZL7threshs_1_2">
<pin_list>
<pin id="41" dir="1" index="0" bw="1" slack="0"/>
</pin_list>
<bind>
<StgValue><ssdm name="p_ZL7threshs_1_2"/><MemPortTyVec>1 </MemPortTyVec>
</StgValue>
</bind>
</comp>

<comp id="42" class="1000" name="p_ZL7threshs_1_3">
<pin_list>
<pin id="43" dir="1" index="0" bw="1" slack="0"/>
</pin_list>
<bind>
<StgValue><ssdm name="p_ZL7threshs_1_3"/><MemPortTyVec>1 </MemPortTyVec>
</StgValue>
</bind>
</comp>

<comp id="44" class="1000" name="p_ZL7threshs_1_4">
<pin_list>
<pin id="45" dir="1" index="0" bw="1" slack="0"/>
</pin_list>
<bind>
<StgValue><ssdm name="p_ZL7threshs_1_4"/><MemPortTyVec>1 </MemPortTyVec>
</StgValue>
</bind>
</comp>

<comp id="46" class="1000" name="p_ZL7threshs_1_5">
<pin_list>
<pin id="47" dir="1" index="0" bw="1" slack="0"/>
</pin_list>
<bind>
<StgValue><ssdm name="p_ZL7threshs_1_5"/><MemPortTyVec>1 </MemPortTyVec>
</StgValue>
</bind>
</comp>

<comp id="48" class="1000" name="p_ZL7threshs_1_6">
<pin_list>
<pin id="49" dir="1" index="0" bw="1" slack="0"/>
</pin_list>
<bind>
<StgValue><ssdm name="p_ZL7threshs_1_6"/><MemPortTyVec>1 </MemPortTyVec>
</StgValue>
</bind>
</comp>

<comp id="50" class="1000" name="p_ZL7threshs_1_7">
<pin_list>
<pin id="51" dir="1" index="0" bw="1" slack="0"/>
</pin_list>
<bind>
<StgValue><ssdm name="p_ZL7threshs_1_7"/><MemPortTyVec>1 </MemPortTyVec>
</StgValue>
</bind>
</comp>

<comp id="52" class="1000" name="p_ZL7threshs_1_8">
<pin_list>
<pin id="53" dir="1" index="0" bw="1" slack="0"/>
</pin_list>
<bind>
<StgValue><ssdm name="p_ZL7threshs_1_8"/><MemPortTyVec>1 </MemPortTyVec>
</StgValue>
</bind>
</comp>

<comp id="54" class="1000" name="p_ZL7threshs_1_9">
<pin_list>
<pin id="55" dir="1" index="0" bw="1" slack="0"/>
</pin_list>
<bind>
<StgValue><ssdm name="p_ZL7threshs_1_9"/><MemPortTyVec>1 </MemPortTyVec>
</StgValue>
</bind>
</comp>

<comp id="56" class="1000" name="p_ZL7threshs_1_10">
<pin_list>
<pin id="57" dir="1" index="0" bw="1" slack="0"/>
</pin_list>
<bind>
<StgValue><ssdm name="p_ZL7threshs_1_10"/><MemPortTyVec>1 </MemPortTyVec>
</StgValue>
</bind>
</comp>

<comp id="58" class="1000" name="p_ZL7threshs_1_11">
<pin_list>
<pin id="59" dir="1" index="0" bw="1" slack="0"/>
</pin_list>
<bind>
<StgValue><ssdm name="p_ZL7threshs_1_11"/><MemPortTyVec>1 </MemPortTyVec>
</StgValue>
</bind>
</comp>

<comp id="60" class="1000" name="p_ZL7threshs_1_12">
<pin_list>
<pin id="61" dir="1" index="0" bw="1" slack="0"/>
</pin_list>
<bind>
<StgValue><ssdm name="p_ZL7threshs_1_12"/><MemPortTyVec>1 </MemPortTyVec>
</StgValue>
</bind>
</comp>

<comp id="62" class="1000" name="p_ZL7threshs_1_13">
<pin_list>
<pin id="63" dir="1" index="0" bw="1" slack="0"/>
</pin_list>
<bind>
<StgValue><ssdm name="p_ZL7threshs_1_13"/><MemPortTyVec>1 </MemPortTyVec>
</StgValue>
</bind>
</comp>

<comp id="64" class="1000" name="p_ZL7threshs_1_14">
<pin_list>
<pin id="65" dir="1" index="0" bw="1" slack="0"/>
</pin_list>
<bind>
<StgValue><ssdm name="p_ZL7threshs_1_14"/><MemPortTyVec>1 </MemPortTyVec>
</StgValue>
</bind>
</comp>

<comp id="66" class="1000" name="p_ZL7threshs_2_0">
<pin_list>
<pin id="67" dir="1" index="0" bw="1" slack="0"/>
</pin_list>
<bind>
<StgValue><ssdm name="p_ZL7threshs_2_0"/><MemPortTyVec>1 </MemPortTyVec>
</StgValue>
</bind>
</comp>

<comp id="68" class="1000" name="p_ZL7threshs_2_1">
<pin_list>
<pin id="69" dir="1" index="0" bw="1" slack="0"/>
</pin_list>
<bind>
<StgValue><ssdm name="p_ZL7threshs_2_1"/><MemPortTyVec>1 </MemPortTyVec>
</StgValue>
</bind>
</comp>

<comp id="70" class="1000" name="p_ZL7threshs_2_2">
<pin_list>
<pin id="71" dir="1" index="0" bw="1" slack="0"/>
</pin_list>
<bind>
<StgValue><ssdm name="p_ZL7threshs_2_2"/><MemPortTyVec>1 </MemPortTyVec>
</StgValue>
</bind>
</comp>

<comp id="72" class="1000" name="p_ZL7threshs_2_3">
<pin_list>
<pin id="73" dir="1" index="0" bw="1" slack="0"/>
</pin_list>
<bind>
<StgValue><ssdm name="p_ZL7threshs_2_3"/><MemPortTyVec>1 </MemPortTyVec>
</StgValue>
</bind>
</comp>

<comp id="74" class="1000" name="p_ZL7threshs_2_4">
<pin_list>
<pin id="75" dir="1" index="0" bw="1" slack="0"/>
</pin_list>
<bind>
<StgValue><ssdm name="p_ZL7threshs_2_4"/><MemPortTyVec>1 </MemPortTyVec>
</StgValue>
</bind>
</comp>

<comp id="76" class="1000" name="p_ZL7threshs_2_5">
<pin_list>
<pin id="77" dir="1" index="0" bw="1" slack="0"/>
</pin_list>
<bind>
<StgValue><ssdm name="p_ZL7threshs_2_5"/><MemPortTyVec>1 </MemPortTyVec>
</StgValue>
</bind>
</comp>

<comp id="78" class="1000" name="p_ZL7threshs_2_6">
<pin_list>
<pin id="79" dir="1" index="0" bw="1" slack="0"/>
</pin_list>
<bind>
<StgValue><ssdm name="p_ZL7threshs_2_6"/><MemPortTyVec>1 </MemPortTyVec>
</StgValue>
</bind>
</comp>

<comp id="80" class="1000" name="p_ZL7threshs_2_7">
<pin_list>
<pin id="81" dir="1" index="0" bw="1" slack="0"/>
</pin_list>
<bind>
<StgValue><ssdm name="p_ZL7threshs_2_7"/><MemPortTyVec>1 </MemPortTyVec>
</StgValue>
</bind>
</comp>

<comp id="82" class="1000" name="p_ZL7threshs_2_8">
<pin_list>
<pin id="83" dir="1" index="0" bw="1" slack="0"/>
</pin_list>
<bind>
<StgValue><ssdm name="p_ZL7threshs_2_8"/><MemPortTyVec>1 </MemPortTyVec>
</StgValue>
</bind>
</comp>

<comp id="84" class="1000" name="p_ZL7threshs_2_9">
<pin_list>
<pin id="85" dir="1" index="0" bw="1" slack="0"/>
</pin_list>
<bind>
<StgValue><ssdm name="p_ZL7threshs_2_9"/><MemPortTyVec>1 </MemPortTyVec>
</StgValue>
</bind>
</comp>

<comp id="86" class="1000" name="p_ZL7threshs_2_10">
<pin_list>
<pin id="87" dir="1" index="0" bw="1" slack="0"/>
</pin_list>
<bind>
<StgValue><ssdm name="p_ZL7threshs_2_10"/><MemPortTyVec>1 </MemPortTyVec>
</StgValue>
</bind>
</comp>

<comp id="88" class="1000" name="p_ZL7threshs_2_11">
<pin_list>
<pin id="89" dir="1" index="0" bw="1" slack="0"/>
</pin_list>
<bind>
<StgValue><ssdm name="p_ZL7threshs_2_11"/><MemPortTyVec>1 </MemPortTyVec>
</StgValue>
</bind>
</comp>

<comp id="90" class="1000" name="p_ZL7threshs_2_12">
<pin_list>
<pin id="91" dir="1" index="0" bw="1" slack="0"/>
</pin_list>
<bind>
<StgValue><ssdm name="p_ZL7threshs_2_12"/><MemPortTyVec>1 </MemPortTyVec>
</StgValue>
</bind>
</comp>

<comp id="92" class="1000" name="p_ZL7threshs_2_13">
<pin_list>
<pin id="93" dir="1" index="0" bw="1" slack="0"/>
</pin_list>
<bind>
<StgValue><ssdm name="p_ZL7threshs_2_13"/><MemPortTyVec>1 </MemPortTyVec>
</StgValue>
</bind>
</comp>

<comp id="94" class="1000" name="p_ZL7threshs_2_14">
<pin_list>
<pin id="95" dir="1" index="0" bw="1" slack="0"/>
</pin_list>
<bind>
<StgValue><ssdm name="p_ZL7threshs_2_14"/><MemPortTyVec>1 </MemPortTyVec>
</StgValue>
</bind>
</comp>

<comp id="96" class="1000" name="p_ZL7threshs_3_0">
<pin_list>
<pin id="97" dir="1" index="0" bw="1" slack="0"/>
</pin_list>
<bind>
<StgValue><ssdm name="p_ZL7threshs_3_0"/><MemPortTyVec>1 </MemPortTyVec>
</StgValue>
</bind>
</comp>

<comp id="98" class="1000" name="p_ZL7threshs_3_1">
<pin_list>
<pin id="99" dir="1" index="0" bw="1" slack="0"/>
</pin_list>
<bind>
<StgValue><ssdm name="p_ZL7threshs_3_1"/><MemPortTyVec>1 </MemPortTyVec>
</StgValue>
</bind>
</comp>

<comp id="100" class="1000" name="p_ZL7threshs_3_2">
<pin_list>
<pin id="101" dir="1" index="0" bw="1" slack="0"/>
</pin_list>
<bind>
<StgValue><ssdm name="p_ZL7threshs_3_2"/><MemPortTyVec>1 </MemPortTyVec>
</StgValue>
</bind>
</comp>

<comp id="102" class="1000" name="p_ZL7threshs_3_3">
<pin_list>
<pin id="103" dir="1" index="0" bw="1" slack="0"/>
</pin_list>
<bind>
<StgValue><ssdm name="p_ZL7threshs_3_3"/><MemPortTyVec>1 </MemPortTyVec>
</StgValue>
</bind>
</comp>

<comp id="104" class="1000" name="p_ZL7threshs_3_4">
<pin_list>
<pin id="105" dir="1" index="0" bw="1" slack="0"/>
</pin_list>
<bind>
<StgValue><ssdm name="p_ZL7threshs_3_4"/><MemPortTyVec>1 </MemPortTyVec>
</StgValue>
</bind>
</comp>

<comp id="106" class="1000" name="p_ZL7threshs_3_5">
<pin_list>
<pin id="107" dir="1" index="0" bw="1" slack="0"/>
</pin_list>
<bind>
<StgValue><ssdm name="p_ZL7threshs_3_5"/><MemPortTyVec>1 </MemPortTyVec>
</StgValue>
</bind>
</comp>

<comp id="108" class="1000" name="p_ZL7threshs_3_6">
<pin_list>
<pin id="109" dir="1" index="0" bw="1" slack="0"/>
</pin_list>
<bind>
<StgValue><ssdm name="p_ZL7threshs_3_6"/><MemPortTyVec>1 </MemPortTyVec>
</StgValue>
</bind>
</comp>

<comp id="110" class="1000" name="p_ZL7threshs_3_7">
<pin_list>
<pin id="111" dir="1" index="0" bw="1" slack="0"/>
</pin_list>
<bind>
<StgValue><ssdm name="p_ZL7threshs_3_7"/><MemPortTyVec>1 </MemPortTyVec>
</StgValue>
</bind>
</comp>

<comp id="112" class="1000" name="p_ZL7threshs_3_8">
<pin_list>
<pin id="113" dir="1" index="0" bw="1" slack="0"/>
</pin_list>
<bind>
<StgValue><ssdm name="p_ZL7threshs_3_8"/><MemPortTyVec>1 </MemPortTyVec>
</StgValue>
</bind>
</comp>

<comp id="114" class="1000" name="p_ZL7threshs_3_9">
<pin_list>
<pin id="115" dir="1" index="0" bw="1" slack="0"/>
</pin_list>
<bind>
<StgValue><ssdm name="p_ZL7threshs_3_9"/><MemPortTyVec>1 </MemPortTyVec>
</StgValue>
</bind>
</comp>

<comp id="116" class="1000" name="p_ZL7threshs_3_10">
<pin_list>
<pin id="117" dir="1" index="0" bw="1" slack="0"/>
</pin_list>
<bind>
<StgValue><ssdm name="p_ZL7threshs_3_10"/><MemPortTyVec>1 </MemPortTyVec>
</StgValue>
</bind>
</comp>

<comp id="118" class="1000" name="p_ZL7threshs_3_11">
<pin_list>
<pin id="119" dir="1" index="0" bw="1" slack="0"/>
</pin_list>
<bind>
<StgValue><ssdm name="p_ZL7threshs_3_11"/><MemPortTyVec>1 </MemPortTyVec>
</StgValue>
</bind>
</comp>

<comp id="120" class="1000" name="p_ZL7threshs_3_12">
<pin_list>
<pin id="121" dir="1" index="0" bw="1" slack="0"/>
</pin_list>
<bind>
<StgValue><ssdm name="p_ZL7threshs_3_12"/><MemPortTyVec>1 </MemPortTyVec>
</StgValue>
</bind>
</comp>

<comp id="122" class="1000" name="p_ZL7threshs_3_13">
<pin_list>
<pin id="123" dir="1" index="0" bw="1" slack="0"/>
</pin_list>
<bind>
<StgValue><ssdm name="p_ZL7threshs_3_13"/><MemPortTyVec>1 </MemPortTyVec>
</StgValue>
</bind>
</comp>

<comp id="124" class="1000" name="p_ZL7threshs_3_14">
<pin_list>
<pin id="125" dir="1" index="0" bw="1" slack="0"/>
</pin_list>
<bind>
<StgValue><ssdm name="p_ZL7threshs_3_14"/><MemPortTyVec>1 </MemPortTyVec>
</StgValue>
</bind>
</comp>

<comp id="126" class="1000" name="p_ZL7threshs_4_0">
<pin_list>
<pin id="127" dir="1" index="0" bw="1" slack="0"/>
</pin_list>
<bind>
<StgValue><ssdm name="p_ZL7threshs_4_0"/><MemPortTyVec>1 </MemPortTyVec>
</StgValue>
</bind>
</comp>

<comp id="128" class="1000" name="p_ZL7threshs_4_1">
<pin_list>
<pin id="129" dir="1" index="0" bw="1" slack="0"/>
</pin_list>
<bind>
<StgValue><ssdm name="p_ZL7threshs_4_1"/><MemPortTyVec>1 </MemPortTyVec>
</StgValue>
</bind>
</comp>

<comp id="130" class="1000" name="p_ZL7threshs_4_2">
<pin_list>
<pin id="131" dir="1" index="0" bw="1" slack="0"/>
</pin_list>
<bind>
<StgValue><ssdm name="p_ZL7threshs_4_2"/><MemPortTyVec>1 </MemPortTyVec>
</StgValue>
</bind>
</comp>

<comp id="132" class="1000" name="p_ZL7threshs_4_3">
<pin_list>
<pin id="133" dir="1" index="0" bw="1" slack="0"/>
</pin_list>
<bind>
<StgValue><ssdm name="p_ZL7threshs_4_3"/><MemPortTyVec>1 </MemPortTyVec>
</StgValue>
</bind>
</comp>

<comp id="134" class="1000" name="p_ZL7threshs_4_4">
<pin_list>
<pin id="135" dir="1" index="0" bw="1" slack="0"/>
</pin_list>
<bind>
<StgValue><ssdm name="p_ZL7threshs_4_4"/><MemPortTyVec>1 </MemPortTyVec>
</StgValue>
</bind>
</comp>

<comp id="136" class="1000" name="p_ZL7threshs_4_5">
<pin_list>
<pin id="137" dir="1" index="0" bw="1" slack="0"/>
</pin_list>
<bind>
<StgValue><ssdm name="p_ZL7threshs_4_5"/><MemPortTyVec>1 </MemPortTyVec>
</StgValue>
</bind>
</comp>

<comp id="138" class="1000" name="p_ZL7threshs_4_6">
<pin_list>
<pin id="139" dir="1" index="0" bw="1" slack="0"/>
</pin_list>
<bind>
<StgValue><ssdm name="p_ZL7threshs_4_6"/><MemPortTyVec>1 </MemPortTyVec>
</StgValue>
</bind>
</comp>

<comp id="140" class="1000" name="p_ZL7threshs_4_7">
<pin_list>
<pin id="141" dir="1" index="0" bw="1" slack="0"/>
</pin_list>
<bind>
<StgValue><ssdm name="p_ZL7threshs_4_7"/><MemPortTyVec>1 </MemPortTyVec>
</StgValue>
</bind>
</comp>

<comp id="142" class="1000" name="p_ZL7threshs_4_8">
<pin_list>
<pin id="143" dir="1" index="0" bw="1" slack="0"/>
</pin_list>
<bind>
<StgValue><ssdm name="p_ZL7threshs_4_8"/><MemPortTyVec>1 </MemPortTyVec>
</StgValue>
</bind>
</comp>

<comp id="144" class="1000" name="p_ZL7threshs_4_9">
<pin_list>
<pin id="145" dir="1" index="0" bw="1" slack="0"/>
</pin_list>
<bind>
<StgValue><ssdm name="p_ZL7threshs_4_9"/><MemPortTyVec>1 </MemPortTyVec>
</StgValue>
</bind>
</comp>

<comp id="146" class="1000" name="p_ZL7threshs_4_10">
<pin_list>
<pin id="147" dir="1" index="0" bw="1" slack="0"/>
</pin_list>
<bind>
<StgValue><ssdm name="p_ZL7threshs_4_10"/><MemPortTyVec>1 </MemPortTyVec>
</StgValue>
</bind>
</comp>

<comp id="148" class="1000" name="p_ZL7threshs_4_11">
<pin_list>
<pin id="149" dir="1" index="0" bw="1" slack="0"/>
</pin_list>
<bind>
<StgValue><ssdm name="p_ZL7threshs_4_11"/><MemPortTyVec>1 </MemPortTyVec>
</StgValue>
</bind>
</comp>

<comp id="150" class="1000" name="p_ZL7threshs_4_12">
<pin_list>
<pin id="151" dir="1" index="0" bw="1" slack="0"/>
</pin_list>
<bind>
<StgValue><ssdm name="p_ZL7threshs_4_12"/><MemPortTyVec>1 </MemPortTyVec>
</StgValue>
</bind>
</comp>

<comp id="152" class="1000" name="p_ZL7threshs_4_13">
<pin_list>
<pin id="153" dir="1" index="0" bw="1" slack="0"/>
</pin_list>
<bind>
<StgValue><ssdm name="p_ZL7threshs_4_13"/><MemPortTyVec>1 </MemPortTyVec>
</StgValue>
</bind>
</comp>

<comp id="154" class="1000" name="p_ZL7threshs_4_14">
<pin_list>
<pin id="155" dir="1" index="0" bw="1" slack="0"/>
</pin_list>
<bind>
<StgValue><ssdm name="p_ZL7threshs_4_14"/><MemPortTyVec>1 </MemPortTyVec>
</StgValue>
</bind>
</comp>

<comp id="156" class="1000" name="p_ZL7threshs_5_0">
<pin_list>
<pin id="157" dir="1" index="0" bw="1" slack="0"/>
</pin_list>
<bind>
<StgValue><ssdm name="p_ZL7threshs_5_0"/><MemPortTyVec>1 </MemPortTyVec>
</StgValue>
</bind>
</comp>

<comp id="158" class="1000" name="p_ZL7threshs_5_1">
<pin_list>
<pin id="159" dir="1" index="0" bw="1" slack="0"/>
</pin_list>
<bind>
<StgValue><ssdm name="p_ZL7threshs_5_1"/><MemPortTyVec>1 </MemPortTyVec>
</StgValue>
</bind>
</comp>

<comp id="160" class="1000" name="p_ZL7threshs_5_2">
<pin_list>
<pin id="161" dir="1" index="0" bw="1" slack="0"/>
</pin_list>
<bind>
<StgValue><ssdm name="p_ZL7threshs_5_2"/><MemPortTyVec>1 </MemPortTyVec>
</StgValue>
</bind>
</comp>

<comp id="162" class="1000" name="p_ZL7threshs_5_3">
<pin_list>
<pin id="163" dir="1" index="0" bw="1" slack="0"/>
</pin_list>
<bind>
<StgValue><ssdm name="p_ZL7threshs_5_3"/><MemPortTyVec>1 </MemPortTyVec>
</StgValue>
</bind>
</comp>

<comp id="164" class="1000" name="p_ZL7threshs_5_4">
<pin_list>
<pin id="165" dir="1" index="0" bw="1" slack="0"/>
</pin_list>
<bind>
<StgValue><ssdm name="p_ZL7threshs_5_4"/><MemPortTyVec>1 </MemPortTyVec>
</StgValue>
</bind>
</comp>

<comp id="166" class="1000" name="p_ZL7threshs_5_5">
<pin_list>
<pin id="167" dir="1" index="0" bw="1" slack="0"/>
</pin_list>
<bind>
<StgValue><ssdm name="p_ZL7threshs_5_5"/><MemPortTyVec>1 </MemPortTyVec>
</StgValue>
</bind>
</comp>

<comp id="168" class="1000" name="p_ZL7threshs_5_6">
<pin_list>
<pin id="169" dir="1" index="0" bw="1" slack="0"/>
</pin_list>
<bind>
<StgValue><ssdm name="p_ZL7threshs_5_6"/><MemPortTyVec>1 </MemPortTyVec>
</StgValue>
</bind>
</comp>

<comp id="170" class="1000" name="p_ZL7threshs_5_7">
<pin_list>
<pin id="171" dir="1" index="0" bw="1" slack="0"/>
</pin_list>
<bind>
<StgValue><ssdm name="p_ZL7threshs_5_7"/><MemPortTyVec>1 </MemPortTyVec>
</StgValue>
</bind>
</comp>

<comp id="172" class="1000" name="p_ZL7threshs_5_8">
<pin_list>
<pin id="173" dir="1" index="0" bw="1" slack="0"/>
</pin_list>
<bind>
<StgValue><ssdm name="p_ZL7threshs_5_8"/><MemPortTyVec>1 </MemPortTyVec>
</StgValue>
</bind>
</comp>

<comp id="174" class="1000" name="p_ZL7threshs_5_9">
<pin_list>
<pin id="175" dir="1" index="0" bw="1" slack="0"/>
</pin_list>
<bind>
<StgValue><ssdm name="p_ZL7threshs_5_9"/><MemPortTyVec>1 </MemPortTyVec>
</StgValue>
</bind>
</comp>

<comp id="176" class="1000" name="p_ZL7threshs_5_10">
<pin_list>
<pin id="177" dir="1" index="0" bw="1" slack="0"/>
</pin_list>
<bind>
<StgValue><ssdm name="p_ZL7threshs_5_10"/><MemPortTyVec>1 </MemPortTyVec>
</StgValue>
</bind>
</comp>

<comp id="178" class="1000" name="p_ZL7threshs_5_11">
<pin_list>
<pin id="179" dir="1" index="0" bw="1" slack="0"/>
</pin_list>
<bind>
<StgValue><ssdm name="p_ZL7threshs_5_11"/><MemPortTyVec>1 </MemPortTyVec>
</StgValue>
</bind>
</comp>

<comp id="180" class="1000" name="p_ZL7threshs_5_12">
<pin_list>
<pin id="181" dir="1" index="0" bw="1" slack="0"/>
</pin_list>
<bind>
<StgValue><ssdm name="p_ZL7threshs_5_12"/><MemPortTyVec>1 </MemPortTyVec>
</StgValue>
</bind>
</comp>

<comp id="182" class="1000" name="p_ZL7threshs_5_13">
<pin_list>
<pin id="183" dir="1" index="0" bw="1" slack="0"/>
</pin_list>
<bind>
<StgValue><ssdm name="p_ZL7threshs_5_13"/><MemPortTyVec>1 </MemPortTyVec>
</StgValue>
</bind>
</comp>

<comp id="184" class="1000" name="p_ZL7threshs_5_14">
<pin_list>
<pin id="185" dir="1" index="0" bw="1" slack="0"/>
</pin_list>
<bind>
<StgValue><ssdm name="p_ZL7threshs_5_14"/><MemPortTyVec>1 </MemPortTyVec>
</StgValue>
</bind>
</comp>

<comp id="186" class="1000" name="p_ZL7threshs_6_0">
<pin_list>
<pin id="187" dir="1" index="0" bw="1" slack="0"/>
</pin_list>
<bind>
<StgValue><ssdm name="p_ZL7threshs_6_0"/><MemPortTyVec>1 </MemPortTyVec>
</StgValue>
</bind>
</comp>

<comp id="188" class="1000" name="p_ZL7threshs_6_1">
<pin_list>
<pin id="189" dir="1" index="0" bw="1" slack="0"/>
</pin_list>
<bind>
<StgValue><ssdm name="p_ZL7threshs_6_1"/><MemPortTyVec>1 </MemPortTyVec>
</StgValue>
</bind>
</comp>

<comp id="190" class="1000" name="p_ZL7threshs_6_2">
<pin_list>
<pin id="191" dir="1" index="0" bw="1" slack="0"/>
</pin_list>
<bind>
<StgValue><ssdm name="p_ZL7threshs_6_2"/><MemPortTyVec>1 </MemPortTyVec>
</StgValue>
</bind>
</comp>

<comp id="192" class="1000" name="p_ZL7threshs_6_3">
<pin_list>
<pin id="193" dir="1" index="0" bw="1" slack="0"/>
</pin_list>
<bind>
<StgValue><ssdm name="p_ZL7threshs_6_3"/><MemPortTyVec>1 </MemPortTyVec>
</StgValue>
</bind>
</comp>

<comp id="194" class="1000" name="p_ZL7threshs_6_4">
<pin_list>
<pin id="195" dir="1" index="0" bw="1" slack="0"/>
</pin_list>
<bind>
<StgValue><ssdm name="p_ZL7threshs_6_4"/><MemPortTyVec>1 </MemPortTyVec>
</StgValue>
</bind>
</comp>

<comp id="196" class="1000" name="p_ZL7threshs_6_5">
<pin_list>
<pin id="197" dir="1" index="0" bw="1" slack="0"/>
</pin_list>
<bind>
<StgValue><ssdm name="p_ZL7threshs_6_5"/><MemPortTyVec>1 </MemPortTyVec>
</StgValue>
</bind>
</comp>

<comp id="198" class="1000" name="p_ZL7threshs_6_6">
<pin_list>
<pin id="199" dir="1" index="0" bw="1" slack="0"/>
</pin_list>
<bind>
<StgValue><ssdm name="p_ZL7threshs_6_6"/><MemPortTyVec>1 </MemPortTyVec>
</StgValue>
</bind>
</comp>

<comp id="200" class="1000" name="p_ZL7threshs_6_7">
<pin_list>
<pin id="201" dir="1" index="0" bw="1" slack="0"/>
</pin_list>
<bind>
<StgValue><ssdm name="p_ZL7threshs_6_7"/><MemPortTyVec>1 </MemPortTyVec>
</StgValue>
</bind>
</comp>

<comp id="202" class="1000" name="p_ZL7threshs_6_8">
<pin_list>
<pin id="203" dir="1" index="0" bw="1" slack="0"/>
</pin_list>
<bind>
<StgValue><ssdm name="p_ZL7threshs_6_8"/><MemPortTyVec>1 </MemPortTyVec>
</StgValue>
</bind>
</comp>

<comp id="204" class="1000" name="p_ZL7threshs_6_9">
<pin_list>
<pin id="205" dir="1" index="0" bw="1" slack="0"/>
</pin_list>
<bind>
<StgValue><ssdm name="p_ZL7threshs_6_9"/><MemPortTyVec>1 </MemPortTyVec>
</StgValue>
</bind>
</comp>

<comp id="206" class="1000" name="p_ZL7threshs_6_10">
<pin_list>
<pin id="207" dir="1" index="0" bw="1" slack="0"/>
</pin_list>
<bind>
<StgValue><ssdm name="p_ZL7threshs_6_10"/><MemPortTyVec>1 </MemPortTyVec>
</StgValue>
</bind>
</comp>

<comp id="208" class="1000" name="p_ZL7threshs_6_11">
<pin_list>
<pin id="209" dir="1" index="0" bw="1" slack="0"/>
</pin_list>
<bind>
<StgValue><ssdm name="p_ZL7threshs_6_11"/><MemPortTyVec>1 </MemPortTyVec>
</StgValue>
</bind>
</comp>

<comp id="210" class="1000" name="p_ZL7threshs_6_12">
<pin_list>
<pin id="211" dir="1" index="0" bw="1" slack="0"/>
</pin_list>
<bind>
<StgValue><ssdm name="p_ZL7threshs_6_12"/><MemPortTyVec>1 </MemPortTyVec>
</StgValue>
</bind>
</comp>

<comp id="212" class="1000" name="p_ZL7threshs_6_13">
<pin_list>
<pin id="213" dir="1" index="0" bw="1" slack="0"/>
</pin_list>
<bind>
<StgValue><ssdm name="p_ZL7threshs_6_13"/><MemPortTyVec>1 </MemPortTyVec>
</StgValue>
</bind>
</comp>

<comp id="214" class="1000" name="p_ZL7threshs_6_14">
<pin_list>
<pin id="215" dir="1" index="0" bw="1" slack="0"/>
</pin_list>
<bind>
<StgValue><ssdm name="p_ZL7threshs_6_14"/><MemPortTyVec>1 </MemPortTyVec>
</StgValue>
</bind>
</comp>

<comp id="216" class="1000" name="p_ZL7threshs_7_0">
<pin_list>
<pin id="217" dir="1" index="0" bw="1" slack="0"/>
</pin_list>
<bind>
<StgValue><ssdm name="p_ZL7threshs_7_0"/><MemPortTyVec>1 </MemPortTyVec>
</StgValue>
</bind>
</comp>

<comp id="218" class="1000" name="p_ZL7threshs_7_1">
<pin_list>
<pin id="219" dir="1" index="0" bw="1" slack="0"/>
</pin_list>
<bind>
<StgValue><ssdm name="p_ZL7threshs_7_1"/><MemPortTyVec>1 </MemPortTyVec>
</StgValue>
</bind>
</comp>

<comp id="220" class="1000" name="p_ZL7threshs_7_2">
<pin_list>
<pin id="221" dir="1" index="0" bw="1" slack="0"/>
</pin_list>
<bind>
<StgValue><ssdm name="p_ZL7threshs_7_2"/><MemPortTyVec>1 </MemPortTyVec>
</StgValue>
</bind>
</comp>

<comp id="222" class="1000" name="p_ZL7threshs_7_3">
<pin_list>
<pin id="223" dir="1" index="0" bw="1" slack="0"/>
</pin_list>
<bind>
<StgValue><ssdm name="p_ZL7threshs_7_3"/><MemPortTyVec>1 </MemPortTyVec>
</StgValue>
</bind>
</comp>

<comp id="224" class="1000" name="p_ZL7threshs_7_4">
<pin_list>
<pin id="225" dir="1" index="0" bw="1" slack="0"/>
</pin_list>
<bind>
<StgValue><ssdm name="p_ZL7threshs_7_4"/><MemPortTyVec>1 </MemPortTyVec>
</StgValue>
</bind>
</comp>

<comp id="226" class="1000" name="p_ZL7threshs_7_5">
<pin_list>
<pin id="227" dir="1" index="0" bw="1" slack="0"/>
</pin_list>
<bind>
<StgValue><ssdm name="p_ZL7threshs_7_5"/><MemPortTyVec>1 </MemPortTyVec>
</StgValue>
</bind>
</comp>

<comp id="228" class="1000" name="p_ZL7threshs_7_6">
<pin_list>
<pin id="229" dir="1" index="0" bw="1" slack="0"/>
</pin_list>
<bind>
<StgValue><ssdm name="p_ZL7threshs_7_6"/><MemPortTyVec>1 </MemPortTyVec>
</StgValue>
</bind>
</comp>

<comp id="230" class="1000" name="p_ZL7threshs_7_7">
<pin_list>
<pin id="231" dir="1" index="0" bw="1" slack="0"/>
</pin_list>
<bind>
<StgValue><ssdm name="p_ZL7threshs_7_7"/><MemPortTyVec>1 </MemPortTyVec>
</StgValue>
</bind>
</comp>

<comp id="232" class="1000" name="p_ZL7threshs_7_8">
<pin_list>
<pin id="233" dir="1" index="0" bw="1" slack="0"/>
</pin_list>
<bind>
<StgValue><ssdm name="p_ZL7threshs_7_8"/><MemPortTyVec>1 </MemPortTyVec>
</StgValue>
</bind>
</comp>

<comp id="234" class="1000" name="p_ZL7threshs_7_9">
<pin_list>
<pin id="235" dir="1" index="0" bw="1" slack="0"/>
</pin_list>
<bind>
<StgValue><ssdm name="p_ZL7threshs_7_9"/><MemPortTyVec>1 </MemPortTyVec>
</StgValue>
</bind>
</comp>

<comp id="236" class="1000" name="p_ZL7threshs_7_10">
<pin_list>
<pin id="237" dir="1" index="0" bw="1" slack="0"/>
</pin_list>
<bind>
<StgValue><ssdm name="p_ZL7threshs_7_10"/><MemPortTyVec>1 </MemPortTyVec>
</StgValue>
</bind>
</comp>

<comp id="238" class="1000" name="p_ZL7threshs_7_11">
<pin_list>
<pin id="239" dir="1" index="0" bw="1" slack="0"/>
</pin_list>
<bind>
<StgValue><ssdm name="p_ZL7threshs_7_11"/><MemPortTyVec>1 </MemPortTyVec>
</StgValue>
</bind>
</comp>

<comp id="240" class="1000" name="p_ZL7threshs_7_12">
<pin_list>
<pin id="241" dir="1" index="0" bw="1" slack="0"/>
</pin_list>
<bind>
<StgValue><ssdm name="p_ZL7threshs_7_12"/><MemPortTyVec>1 </MemPortTyVec>
</StgValue>
</bind>
</comp>

<comp id="242" class="1000" name="p_ZL7threshs_7_13">
<pin_list>
<pin id="243" dir="1" index="0" bw="1" slack="0"/>
</pin_list>
<bind>
<StgValue><ssdm name="p_ZL7threshs_7_13"/><MemPortTyVec>1 </MemPortTyVec>
</StgValue>
</bind>
</comp>

<comp id="244" class="1000" name="p_ZL7threshs_7_14">
<pin_list>
<pin id="245" dir="1" index="0" bw="1" slack="0"/>
</pin_list>
<bind>
<StgValue><ssdm name="p_ZL7threshs_7_14"/><MemPortTyVec>1 </MemPortTyVec>
</StgValue>
</bind>
</comp>

<comp id="246" class="1001" name="const_246">
<pin_list>
<pin id="247" dir="1" index="0" bw="1" slack="0"/>
</pin_list>
<bind>
<StgValue><ssdm name="Matrix_Vector_Activate_Stream_Batch"/></StgValue>
</bind>
</comp>

<comp id="248" class="1001" name="const_248">
<pin_list>
<pin id="249" dir="1" index="0" bw="1" slack="2147483647"/>
</pin_list>
<bind>
<StgValue><ssdm name="_ssdm_op_SpecTopModule"/></StgValue>
</bind>
</comp>

<comp id="250" class="1001" name="const_250">
<pin_list>
<pin id="251" dir="1" index="0" bw="1" slack="2147483647"/>
</pin_list>
<bind>
<StgValue><ssdm name="empty_56"/></StgValue>
</bind>
</comp>

<comp id="252" class="1001" name="const_252">
<pin_list>
<pin id="253" dir="1" index="0" bw="1" slack="2147483647"/>
</pin_list>
<bind>
<StgValue><ssdm name="_ssdm_op_SpecInterface"/></StgValue>
</bind>
</comp>

<comp id="254" class="1001" name="const_254">
<pin_list>
<pin id="255" dir="1" index="0" bw="1" slack="2147483647"/>
</pin_list>
<bind>
<StgValue><ssdm name=""/></StgValue>
</bind>
</comp>

<comp id="256" class="1001" name="const_256">
<pin_list>
<pin id="257" dir="1" index="0" bw="1" slack="2147483647"/>
</pin_list>
<bind>
<StgValue><ssdm name="empty_57"/></StgValue>
</bind>
</comp>

<comp id="258" class="1001" name="const_258">
<pin_list>
<pin id="259" dir="1" index="0" bw="1" slack="2147483647"/>
</pin_list>
<bind>
<StgValue><ssdm name="empty_54"/></StgValue>
</bind>
</comp>

<comp id="260" class="1001" name="const_260">
<pin_list>
<pin id="261" dir="1" index="0" bw="1" slack="2147483647"/>
</pin_list>
<bind>
<StgValue><ssdm name=""/></StgValue>
</bind>
</comp>

<comp id="262" class="1001" name="const_262">
<pin_list>
<pin id="263" dir="1" index="0" bw="1" slack="2147483647"/>
</pin_list>
<bind>
<StgValue><ssdm name="empty_52"/></StgValue>
</bind>
</comp>

<comp id="264" class="1001" name="const_264">
<pin_list>
<pin id="265" dir="1" index="0" bw="1" slack="2147483647"/>
</pin_list>
<bind>
<StgValue><ssdm name=""/></StgValue>
</bind>
</comp>

<comp id="266" class="1001" name="const_266">
<pin_list>
<pin id="267" dir="1" index="0" bw="1" slack="2147483647"/>
</pin_list>
<bind>
<StgValue><ssdm name="empty_53"/></StgValue>
</bind>
</comp>

<comp id="268" class="1001" name="const_268">
<pin_list>
<pin id="269" dir="1" index="0" bw="1" slack="2147483647"/>
</pin_list>
<bind>
<StgValue><ssdm name="_ssdm_op_SpecBitsMap"/></StgValue>
</bind>
</comp>

<comp id="270" class="1004" name="grp_Matrix_Vector_Activate_Stream_Batch_fu_270">
<pin_list>
<pin id="271" dir="0" index="0" bw="0" slack="0"/>
<pin id="272" dir="0" index="1" bw="32" slack="0"/>
<pin id="273" dir="0" index="2" bw="32" slack="0"/>
<pin id="274" dir="0" index="3" bw="256" slack="0"/>
<pin id="275" dir="0" index="4" bw="8" slack="0"/>
<pin id="276" dir="0" index="5" bw="8" slack="0"/>
<pin id="277" dir="0" index="6" bw="10" slack="0"/>
<pin id="278" dir="0" index="7" bw="11" slack="0"/>
<pin id="279" dir="0" index="8" bw="11" slack="0"/>
<pin id="280" dir="0" index="9" bw="10" slack="0"/>
<pin id="281" dir="0" index="10" bw="9" slack="0"/>
<pin id="282" dir="0" index="11" bw="12" slack="0"/>
<pin id="283" dir="0" index="12" bw="12" slack="0"/>
<pin id="284" dir="0" index="13" bw="12" slack="0"/>
<pin id="285" dir="0" index="14" bw="11" slack="0"/>
<pin id="286" dir="0" index="15" bw="11" slack="0"/>
<pin id="287" dir="0" index="16" bw="10" slack="0"/>
<pin id="288" dir="0" index="17" bw="9" slack="0"/>
<pin id="289" dir="0" index="18" bw="13" slack="0"/>
<pin id="290" dir="0" index="19" bw="8" slack="0"/>
<pin id="291" dir="0" index="20" bw="8" slack="0"/>
<pin id="292" dir="0" index="21" bw="10" slack="0"/>
<pin id="293" dir="0" index="22" bw="11" slack="0"/>
<pin id="294" dir="0" index="23" bw="11" slack="0"/>
<pin id="295" dir="0" index="24" bw="10" slack="0"/>
<pin id="296" dir="0" index="25" bw="9" slack="0"/>
<pin id="297" dir="0" index="26" bw="12" slack="0"/>
<pin id="298" dir="0" index="27" bw="12" slack="0"/>
<pin id="299" dir="0" index="28" bw="12" slack="0"/>
<pin id="300" dir="0" index="29" bw="11" slack="0"/>
<pin id="301" dir="0" index="30" bw="11" slack="0"/>
<pin id="302" dir="0" index="31" bw="10" slack="0"/>
<pin id="303" dir="0" index="32" bw="9" slack="0"/>
<pin id="304" dir="0" index="33" bw="13" slack="0"/>
<pin id="305" dir="0" index="34" bw="8" slack="0"/>
<pin id="306" dir="0" index="35" bw="8" slack="0"/>
<pin id="307" dir="0" index="36" bw="10" slack="0"/>
<pin id="308" dir="0" index="37" bw="11" slack="0"/>
<pin id="309" dir="0" index="38" bw="11" slack="0"/>
<pin id="310" dir="0" index="39" bw="10" slack="0"/>
<pin id="311" dir="0" index="40" bw="9" slack="0"/>
<pin id="312" dir="0" index="41" bw="12" slack="0"/>
<pin id="313" dir="0" index="42" bw="12" slack="0"/>
<pin id="314" dir="0" index="43" bw="12" slack="0"/>
<pin id="315" dir="0" index="44" bw="11" slack="0"/>
<pin id="316" dir="0" index="45" bw="11" slack="0"/>
<pin id="317" dir="0" index="46" bw="10" slack="0"/>
<pin id="318" dir="0" index="47" bw="9" slack="0"/>
<pin id="319" dir="0" index="48" bw="13" slack="0"/>
<pin id="320" dir="0" index="49" bw="8" slack="0"/>
<pin id="321" dir="0" index="50" bw="8" slack="0"/>
<pin id="322" dir="0" index="51" bw="10" slack="0"/>
<pin id="323" dir="0" index="52" bw="11" slack="0"/>
<pin id="324" dir="0" index="53" bw="11" slack="0"/>
<pin id="325" dir="0" index="54" bw="10" slack="0"/>
<pin id="326" dir="0" index="55" bw="9" slack="0"/>
<pin id="327" dir="0" index="56" bw="12" slack="0"/>
<pin id="328" dir="0" index="57" bw="12" slack="0"/>
<pin id="329" dir="0" index="58" bw="12" slack="0"/>
<pin id="330" dir="0" index="59" bw="11" slack="0"/>
<pin id="331" dir="0" index="60" bw="11" slack="0"/>
<pin id="332" dir="0" index="61" bw="10" slack="0"/>
<pin id="333" dir="0" index="62" bw="9" slack="0"/>
<pin id="334" dir="0" index="63" bw="13" slack="0"/>
<pin id="335" dir="0" index="64" bw="8" slack="0"/>
<pin id="336" dir="0" index="65" bw="8" slack="0"/>
<pin id="337" dir="0" index="66" bw="10" slack="0"/>
<pin id="338" dir="0" index="67" bw="11" slack="0"/>
<pin id="339" dir="0" index="68" bw="11" slack="0"/>
<pin id="340" dir="0" index="69" bw="10" slack="0"/>
<pin id="341" dir="0" index="70" bw="9" slack="0"/>
<pin id="342" dir="0" index="71" bw="12" slack="0"/>
<pin id="343" dir="0" index="72" bw="12" slack="0"/>
<pin id="344" dir="0" index="73" bw="12" slack="0"/>
<pin id="345" dir="0" index="74" bw="11" slack="0"/>
<pin id="346" dir="0" index="75" bw="11" slack="0"/>
<pin id="347" dir="0" index="76" bw="10" slack="0"/>
<pin id="348" dir="0" index="77" bw="9" slack="0"/>
<pin id="349" dir="0" index="78" bw="13" slack="0"/>
<pin id="350" dir="0" index="79" bw="8" slack="0"/>
<pin id="351" dir="0" index="80" bw="8" slack="0"/>
<pin id="352" dir="0" index="81" bw="10" slack="0"/>
<pin id="353" dir="0" index="82" bw="11" slack="0"/>
<pin id="354" dir="0" index="83" bw="11" slack="0"/>
<pin id="355" dir="0" index="84" bw="10" slack="0"/>
<pin id="356" dir="0" index="85" bw="9" slack="0"/>
<pin id="357" dir="0" index="86" bw="12" slack="0"/>
<pin id="358" dir="0" index="87" bw="12" slack="0"/>
<pin id="359" dir="0" index="88" bw="12" slack="0"/>
<pin id="360" dir="0" index="89" bw="11" slack="0"/>
<pin id="361" dir="0" index="90" bw="11" slack="0"/>
<pin id="362" dir="0" index="91" bw="10" slack="0"/>
<pin id="363" dir="0" index="92" bw="9" slack="0"/>
<pin id="364" dir="0" index="93" bw="13" slack="0"/>
<pin id="365" dir="0" index="94" bw="8" slack="0"/>
<pin id="366" dir="0" index="95" bw="8" slack="0"/>
<pin id="367" dir="0" index="96" bw="10" slack="0"/>
<pin id="368" dir="0" index="97" bw="11" slack="0"/>
<pin id="369" dir="0" index="98" bw="11" slack="0"/>
<pin id="370" dir="0" index="99" bw="10" slack="0"/>
<pin id="371" dir="0" index="100" bw="9" slack="0"/>
<pin id="372" dir="0" index="101" bw="12" slack="0"/>
<pin id="373" dir="0" index="102" bw="12" slack="0"/>
<pin id="374" dir="0" index="103" bw="12" slack="0"/>
<pin id="375" dir="0" index="104" bw="11" slack="0"/>
<pin id="376" dir="0" index="105" bw="11" slack="0"/>
<pin id="377" dir="0" index="106" bw="10" slack="0"/>
<pin id="378" dir="0" index="107" bw="9" slack="0"/>
<pin id="379" dir="0" index="108" bw="13" slack="0"/>
<pin id="380" dir="0" index="109" bw="8" slack="0"/>
<pin id="381" dir="0" index="110" bw="8" slack="0"/>
<pin id="382" dir="0" index="111" bw="10" slack="0"/>
<pin id="383" dir="0" index="112" bw="11" slack="0"/>
<pin id="384" dir="0" index="113" bw="11" slack="0"/>
<pin id="385" dir="0" index="114" bw="10" slack="0"/>
<pin id="386" dir="0" index="115" bw="9" slack="0"/>
<pin id="387" dir="0" index="116" bw="12" slack="0"/>
<pin id="388" dir="0" index="117" bw="12" slack="0"/>
<pin id="389" dir="0" index="118" bw="12" slack="0"/>
<pin id="390" dir="0" index="119" bw="11" slack="0"/>
<pin id="391" dir="0" index="120" bw="11" slack="0"/>
<pin id="392" dir="0" index="121" bw="10" slack="0"/>
<pin id="393" dir="0" index="122" bw="9" slack="0"/>
<pin id="394" dir="0" index="123" bw="13" slack="0"/>
<pin id="395" dir="1" index="124" bw="0" slack="2147483647"/>
</pin_list>
<bind>
<opcode="call(48) " fcode="call"/>
<opset="call_ln38/2 "/>
</bind>
</comp>

</comp_list>

<net_list>
<net id="396"><net_src comp="246" pin="0"/><net_sink comp="270" pin=0"/></net>

<net id="397"><net_src comp="0" pin="0"/><net_sink comp="270" pin=1"/></net>

<net id="398"><net_src comp="4" pin="0"/><net_sink comp="270" pin=2"/></net>

<net id="399"><net_src comp="2" pin="0"/><net_sink comp="270" pin=3"/></net>

<net id="400"><net_src comp="6" pin="0"/><net_sink comp="270" pin=4"/></net>

<net id="401"><net_src comp="8" pin="0"/><net_sink comp="270" pin=5"/></net>

<net id="402"><net_src comp="10" pin="0"/><net_sink comp="270" pin=6"/></net>

<net id="403"><net_src comp="12" pin="0"/><net_sink comp="270" pin=7"/></net>

<net id="404"><net_src comp="14" pin="0"/><net_sink comp="270" pin=8"/></net>

<net id="405"><net_src comp="16" pin="0"/><net_sink comp="270" pin=9"/></net>

<net id="406"><net_src comp="18" pin="0"/><net_sink comp="270" pin=10"/></net>

<net id="407"><net_src comp="20" pin="0"/><net_sink comp="270" pin=11"/></net>

<net id="408"><net_src comp="22" pin="0"/><net_sink comp="270" pin=12"/></net>

<net id="409"><net_src comp="24" pin="0"/><net_sink comp="270" pin=13"/></net>

<net id="410"><net_src comp="26" pin="0"/><net_sink comp="270" pin=14"/></net>

<net id="411"><net_src comp="28" pin="0"/><net_sink comp="270" pin=15"/></net>

<net id="412"><net_src comp="30" pin="0"/><net_sink comp="270" pin=16"/></net>

<net id="413"><net_src comp="32" pin="0"/><net_sink comp="270" pin=17"/></net>

<net id="414"><net_src comp="34" pin="0"/><net_sink comp="270" pin=18"/></net>

<net id="415"><net_src comp="36" pin="0"/><net_sink comp="270" pin=19"/></net>

<net id="416"><net_src comp="38" pin="0"/><net_sink comp="270" pin=20"/></net>

<net id="417"><net_src comp="40" pin="0"/><net_sink comp="270" pin=21"/></net>

<net id="418"><net_src comp="42" pin="0"/><net_sink comp="270" pin=22"/></net>

<net id="419"><net_src comp="44" pin="0"/><net_sink comp="270" pin=23"/></net>

<net id="420"><net_src comp="46" pin="0"/><net_sink comp="270" pin=24"/></net>

<net id="421"><net_src comp="48" pin="0"/><net_sink comp="270" pin=25"/></net>

<net id="422"><net_src comp="50" pin="0"/><net_sink comp="270" pin=26"/></net>

<net id="423"><net_src comp="52" pin="0"/><net_sink comp="270" pin=27"/></net>

<net id="424"><net_src comp="54" pin="0"/><net_sink comp="270" pin=28"/></net>

<net id="425"><net_src comp="56" pin="0"/><net_sink comp="270" pin=29"/></net>

<net id="426"><net_src comp="58" pin="0"/><net_sink comp="270" pin=30"/></net>

<net id="427"><net_src comp="60" pin="0"/><net_sink comp="270" pin=31"/></net>

<net id="428"><net_src comp="62" pin="0"/><net_sink comp="270" pin=32"/></net>

<net id="429"><net_src comp="64" pin="0"/><net_sink comp="270" pin=33"/></net>

<net id="430"><net_src comp="66" pin="0"/><net_sink comp="270" pin=34"/></net>

<net id="431"><net_src comp="68" pin="0"/><net_sink comp="270" pin=35"/></net>

<net id="432"><net_src comp="70" pin="0"/><net_sink comp="270" pin=36"/></net>

<net id="433"><net_src comp="72" pin="0"/><net_sink comp="270" pin=37"/></net>

<net id="434"><net_src comp="74" pin="0"/><net_sink comp="270" pin=38"/></net>

<net id="435"><net_src comp="76" pin="0"/><net_sink comp="270" pin=39"/></net>

<net id="436"><net_src comp="78" pin="0"/><net_sink comp="270" pin=40"/></net>

<net id="437"><net_src comp="80" pin="0"/><net_sink comp="270" pin=41"/></net>

<net id="438"><net_src comp="82" pin="0"/><net_sink comp="270" pin=42"/></net>

<net id="439"><net_src comp="84" pin="0"/><net_sink comp="270" pin=43"/></net>

<net id="440"><net_src comp="86" pin="0"/><net_sink comp="270" pin=44"/></net>

<net id="441"><net_src comp="88" pin="0"/><net_sink comp="270" pin=45"/></net>

<net id="442"><net_src comp="90" pin="0"/><net_sink comp="270" pin=46"/></net>

<net id="443"><net_src comp="92" pin="0"/><net_sink comp="270" pin=47"/></net>

<net id="444"><net_src comp="94" pin="0"/><net_sink comp="270" pin=48"/></net>

<net id="445"><net_src comp="96" pin="0"/><net_sink comp="270" pin=49"/></net>

<net id="446"><net_src comp="98" pin="0"/><net_sink comp="270" pin=50"/></net>

<net id="447"><net_src comp="100" pin="0"/><net_sink comp="270" pin=51"/></net>

<net id="448"><net_src comp="102" pin="0"/><net_sink comp="270" pin=52"/></net>

<net id="449"><net_src comp="104" pin="0"/><net_sink comp="270" pin=53"/></net>

<net id="450"><net_src comp="106" pin="0"/><net_sink comp="270" pin=54"/></net>

<net id="451"><net_src comp="108" pin="0"/><net_sink comp="270" pin=55"/></net>

<net id="452"><net_src comp="110" pin="0"/><net_sink comp="270" pin=56"/></net>

<net id="453"><net_src comp="112" pin="0"/><net_sink comp="270" pin=57"/></net>

<net id="454"><net_src comp="114" pin="0"/><net_sink comp="270" pin=58"/></net>

<net id="455"><net_src comp="116" pin="0"/><net_sink comp="270" pin=59"/></net>

<net id="456"><net_src comp="118" pin="0"/><net_sink comp="270" pin=60"/></net>

<net id="457"><net_src comp="120" pin="0"/><net_sink comp="270" pin=61"/></net>

<net id="458"><net_src comp="122" pin="0"/><net_sink comp="270" pin=62"/></net>

<net id="459"><net_src comp="124" pin="0"/><net_sink comp="270" pin=63"/></net>

<net id="460"><net_src comp="126" pin="0"/><net_sink comp="270" pin=64"/></net>

<net id="461"><net_src comp="128" pin="0"/><net_sink comp="270" pin=65"/></net>

<net id="462"><net_src comp="130" pin="0"/><net_sink comp="270" pin=66"/></net>

<net id="463"><net_src comp="132" pin="0"/><net_sink comp="270" pin=67"/></net>

<net id="464"><net_src comp="134" pin="0"/><net_sink comp="270" pin=68"/></net>

<net id="465"><net_src comp="136" pin="0"/><net_sink comp="270" pin=69"/></net>

<net id="466"><net_src comp="138" pin="0"/><net_sink comp="270" pin=70"/></net>

<net id="467"><net_src comp="140" pin="0"/><net_sink comp="270" pin=71"/></net>

<net id="468"><net_src comp="142" pin="0"/><net_sink comp="270" pin=72"/></net>

<net id="469"><net_src comp="144" pin="0"/><net_sink comp="270" pin=73"/></net>

<net id="470"><net_src comp="146" pin="0"/><net_sink comp="270" pin=74"/></net>

<net id="471"><net_src comp="148" pin="0"/><net_sink comp="270" pin=75"/></net>

<net id="472"><net_src comp="150" pin="0"/><net_sink comp="270" pin=76"/></net>

<net id="473"><net_src comp="152" pin="0"/><net_sink comp="270" pin=77"/></net>

<net id="474"><net_src comp="154" pin="0"/><net_sink comp="270" pin=78"/></net>

<net id="475"><net_src comp="156" pin="0"/><net_sink comp="270" pin=79"/></net>

<net id="476"><net_src comp="158" pin="0"/><net_sink comp="270" pin=80"/></net>

<net id="477"><net_src comp="160" pin="0"/><net_sink comp="270" pin=81"/></net>

<net id="478"><net_src comp="162" pin="0"/><net_sink comp="270" pin=82"/></net>

<net id="479"><net_src comp="164" pin="0"/><net_sink comp="270" pin=83"/></net>

<net id="480"><net_src comp="166" pin="0"/><net_sink comp="270" pin=84"/></net>

<net id="481"><net_src comp="168" pin="0"/><net_sink comp="270" pin=85"/></net>

<net id="482"><net_src comp="170" pin="0"/><net_sink comp="270" pin=86"/></net>

<net id="483"><net_src comp="172" pin="0"/><net_sink comp="270" pin=87"/></net>

<net id="484"><net_src comp="174" pin="0"/><net_sink comp="270" pin=88"/></net>

<net id="485"><net_src comp="176" pin="0"/><net_sink comp="270" pin=89"/></net>

<net id="486"><net_src comp="178" pin="0"/><net_sink comp="270" pin=90"/></net>

<net id="487"><net_src comp="180" pin="0"/><net_sink comp="270" pin=91"/></net>

<net id="488"><net_src comp="182" pin="0"/><net_sink comp="270" pin=92"/></net>

<net id="489"><net_src comp="184" pin="0"/><net_sink comp="270" pin=93"/></net>

<net id="490"><net_src comp="186" pin="0"/><net_sink comp="270" pin=94"/></net>

<net id="491"><net_src comp="188" pin="0"/><net_sink comp="270" pin=95"/></net>

<net id="492"><net_src comp="190" pin="0"/><net_sink comp="270" pin=96"/></net>

<net id="493"><net_src comp="192" pin="0"/><net_sink comp="270" pin=97"/></net>

<net id="494"><net_src comp="194" pin="0"/><net_sink comp="270" pin=98"/></net>

<net id="495"><net_src comp="196" pin="0"/><net_sink comp="270" pin=99"/></net>

<net id="496"><net_src comp="198" pin="0"/><net_sink comp="270" pin=100"/></net>

<net id="497"><net_src comp="200" pin="0"/><net_sink comp="270" pin=101"/></net>

<net id="498"><net_src comp="202" pin="0"/><net_sink comp="270" pin=102"/></net>

<net id="499"><net_src comp="204" pin="0"/><net_sink comp="270" pin=103"/></net>

<net id="500"><net_src comp="206" pin="0"/><net_sink comp="270" pin=104"/></net>

<net id="501"><net_src comp="208" pin="0"/><net_sink comp="270" pin=105"/></net>

<net id="502"><net_src comp="210" pin="0"/><net_sink comp="270" pin=106"/></net>

<net id="503"><net_src comp="212" pin="0"/><net_sink comp="270" pin=107"/></net>

<net id="504"><net_src comp="214" pin="0"/><net_sink comp="270" pin=108"/></net>

<net id="505"><net_src comp="216" pin="0"/><net_sink comp="270" pin=109"/></net>

<net id="506"><net_src comp="218" pin="0"/><net_sink comp="270" pin=110"/></net>

<net id="507"><net_src comp="220" pin="0"/><net_sink comp="270" pin=111"/></net>

<net id="508"><net_src comp="222" pin="0"/><net_sink comp="270" pin=112"/></net>

<net id="509"><net_src comp="224" pin="0"/><net_sink comp="270" pin=113"/></net>

<net id="510"><net_src comp="226" pin="0"/><net_sink comp="270" pin=114"/></net>

<net id="511"><net_src comp="228" pin="0"/><net_sink comp="270" pin=115"/></net>

<net id="512"><net_src comp="230" pin="0"/><net_sink comp="270" pin=116"/></net>

<net id="513"><net_src comp="232" pin="0"/><net_sink comp="270" pin=117"/></net>

<net id="514"><net_src comp="234" pin="0"/><net_sink comp="270" pin=118"/></net>

<net id="515"><net_src comp="236" pin="0"/><net_sink comp="270" pin=119"/></net>

<net id="516"><net_src comp="238" pin="0"/><net_sink comp="270" pin=120"/></net>

<net id="517"><net_src comp="240" pin="0"/><net_sink comp="270" pin=121"/></net>

<net id="518"><net_src comp="242" pin="0"/><net_sink comp="270" pin=122"/></net>

<net id="519"><net_src comp="244" pin="0"/><net_sink comp="270" pin=123"/></net>

</net_list>

</model> 
---------------- Datapath Model END ------------------

* FSMD analyzer results:
  - Output states:
	Port: out_V | {2 3 }
 - Input state : 
	Port: MatrixVectorActivation_3 : in0_V | {2 3 }
	Port: MatrixVectorActivation_3 : weights_V | {2 3 }
	Port: MatrixVectorActivation_3 : p_ZL7threshs_0_0 | {2 3 }
	Port: MatrixVectorActivation_3 : p_ZL7threshs_0_1 | {2 3 }
	Port: MatrixVectorActivation_3 : p_ZL7threshs_0_2 | {2 3 }
	Port: MatrixVectorActivation_3 : p_ZL7threshs_0_3 | {2 3 }
	Port: MatrixVectorActivation_3 : p_ZL7threshs_0_4 | {2 3 }
	Port: MatrixVectorActivation_3 : p_ZL7threshs_0_5 | {2 3 }
	Port: MatrixVectorActivation_3 : p_ZL7threshs_0_6 | {2 3 }
	Port: MatrixVectorActivation_3 : p_ZL7threshs_0_7 | {2 3 }
	Port: MatrixVectorActivation_3 : p_ZL7threshs_0_8 | {2 3 }
	Port: MatrixVectorActivation_3 : p_ZL7threshs_0_9 | {2 3 }
	Port: MatrixVectorActivation_3 : p_ZL7threshs_0_10 | {2 3 }
	Port: MatrixVectorActivation_3 : p_ZL7threshs_0_11 | {2 3 }
	Port: MatrixVectorActivation_3 : p_ZL7threshs_0_12 | {2 3 }
	Port: MatrixVectorActivation_3 : p_ZL7threshs_0_13 | {2 3 }
	Port: MatrixVectorActivation_3 : p_ZL7threshs_0_14 | {2 3 }
	Port: MatrixVectorActivation_3 : p_ZL7threshs_1_0 | {2 3 }
	Port: MatrixVectorActivation_3 : p_ZL7threshs_1_1 | {2 3 }
	Port: MatrixVectorActivation_3 : p_ZL7threshs_1_2 | {2 3 }
	Port: MatrixVectorActivation_3 : p_ZL7threshs_1_3 | {2 3 }
	Port: MatrixVectorActivation_3 : p_ZL7threshs_1_4 | {2 3 }
	Port: MatrixVectorActivation_3 : p_ZL7threshs_1_5 | {2 3 }
	Port: MatrixVectorActivation_3 : p_ZL7threshs_1_6 | {2 3 }
	Port: MatrixVectorActivation_3 : p_ZL7threshs_1_7 | {2 3 }
	Port: MatrixVectorActivation_3 : p_ZL7threshs_1_8 | {2 3 }
	Port: MatrixVectorActivation_3 : p_ZL7threshs_1_9 | {2 3 }
	Port: MatrixVectorActivation_3 : p_ZL7threshs_1_10 | {2 3 }
	Port: MatrixVectorActivation_3 : p_ZL7threshs_1_11 | {2 3 }
	Port: MatrixVectorActivation_3 : p_ZL7threshs_1_12 | {2 3 }
	Port: MatrixVectorActivation_3 : p_ZL7threshs_1_13 | {2 3 }
	Port: MatrixVectorActivation_3 : p_ZL7threshs_1_14 | {2 3 }
	Port: MatrixVectorActivation_3 : p_ZL7threshs_2_0 | {2 3 }
	Port: MatrixVectorActivation_3 : p_ZL7threshs_2_1 | {2 3 }
	Port: MatrixVectorActivation_3 : p_ZL7threshs_2_2 | {2 3 }
	Port: MatrixVectorActivation_3 : p_ZL7threshs_2_3 | {2 3 }
	Port: MatrixVectorActivation_3 : p_ZL7threshs_2_4 | {2 3 }
	Port: MatrixVectorActivation_3 : p_ZL7threshs_2_5 | {2 3 }
	Port: MatrixVectorActivation_3 : p_ZL7threshs_2_6 | {2 3 }
	Port: MatrixVectorActivation_3 : p_ZL7threshs_2_7 | {2 3 }
	Port: MatrixVectorActivation_3 : p_ZL7threshs_2_8 | {2 3 }
	Port: MatrixVectorActivation_3 : p_ZL7threshs_2_9 | {2 3 }
	Port: MatrixVectorActivation_3 : p_ZL7threshs_2_10 | {2 3 }
	Port: MatrixVectorActivation_3 : p_ZL7threshs_2_11 | {2 3 }
	Port: MatrixVectorActivation_3 : p_ZL7threshs_2_12 | {2 3 }
	Port: MatrixVectorActivation_3 : p_ZL7threshs_2_13 | {2 3 }
	Port: MatrixVectorActivation_3 : p_ZL7threshs_2_14 | {2 3 }
	Port: MatrixVectorActivation_3 : p_ZL7threshs_3_0 | {2 3 }
	Port: MatrixVectorActivation_3 : p_ZL7threshs_3_1 | {2 3 }
	Port: MatrixVectorActivation_3 : p_ZL7threshs_3_2 | {2 3 }
	Port: MatrixVectorActivation_3 : p_ZL7threshs_3_3 | {2 3 }
	Port: MatrixVectorActivation_3 : p_ZL7threshs_3_4 | {2 3 }
	Port: MatrixVectorActivation_3 : p_ZL7threshs_3_5 | {2 3 }
	Port: MatrixVectorActivation_3 : p_ZL7threshs_3_6 | {2 3 }
	Port: MatrixVectorActivation_3 : p_ZL7threshs_3_7 | {2 3 }
	Port: MatrixVectorActivation_3 : p_ZL7threshs_3_8 | {2 3 }
	Port: MatrixVectorActivation_3 : p_ZL7threshs_3_9 | {2 3 }
	Port: MatrixVectorActivation_3 : p_ZL7threshs_3_10 | {2 3 }
	Port: MatrixVectorActivation_3 : p_ZL7threshs_3_11 | {2 3 }
	Port: MatrixVectorActivation_3 : p_ZL7threshs_3_12 | {2 3 }
	Port: MatrixVectorActivation_3 : p_ZL7threshs_3_13 | {2 3 }
	Port: MatrixVectorActivation_3 : p_ZL7threshs_3_14 | {2 3 }
	Port: MatrixVectorActivation_3 : p_ZL7threshs_4_0 | {2 3 }
	Port: MatrixVectorActivation_3 : p_ZL7threshs_4_1 | {2 3 }
	Port: MatrixVectorActivation_3 : p_ZL7threshs_4_2 | {2 3 }
	Port: MatrixVectorActivation_3 : p_ZL7threshs_4_3 | {2 3 }
	Port: MatrixVectorActivation_3 : p_ZL7threshs_4_4 | {2 3 }
	Port: MatrixVectorActivation_3 : p_ZL7threshs_4_5 | {2 3 }
	Port: MatrixVectorActivation_3 : p_ZL7threshs_4_6 | {2 3 }
	Port: MatrixVectorActivation_3 : p_ZL7threshs_4_7 | {2 3 }
	Port: MatrixVectorActivation_3 : p_ZL7threshs_4_8 | {2 3 }
	Port: MatrixVectorActivation_3 : p_ZL7threshs_4_9 | {2 3 }
	Port: MatrixVectorActivation_3 : p_ZL7threshs_4_10 | {2 3 }
	Port: MatrixVectorActivation_3 : p_ZL7threshs_4_11 | {2 3 }
	Port: MatrixVectorActivation_3 : p_ZL7threshs_4_12 | {2 3 }
	Port: MatrixVectorActivation_3 : p_ZL7threshs_4_13 | {2 3 }
	Port: MatrixVectorActivation_3 : p_ZL7threshs_4_14 | {2 3 }
	Port: MatrixVectorActivation_3 : p_ZL7threshs_5_0 | {2 3 }
	Port: MatrixVectorActivation_3 : p_ZL7threshs_5_1 | {2 3 }
	Port: MatrixVectorActivation_3 : p_ZL7threshs_5_2 | {2 3 }
	Port: MatrixVectorActivation_3 : p_ZL7threshs_5_3 | {2 3 }
	Port: MatrixVectorActivation_3 : p_ZL7threshs_5_4 | {2 3 }
	Port: MatrixVectorActivation_3 : p_ZL7threshs_5_5 | {2 3 }
	Port: MatrixVectorActivation_3 : p_ZL7threshs_5_6 | {2 3 }
	Port: MatrixVectorActivation_3 : p_ZL7threshs_5_7 | {2 3 }
	Port: MatrixVectorActivation_3 : p_ZL7threshs_5_8 | {2 3 }
	Port: MatrixVectorActivation_3 : p_ZL7threshs_5_9 | {2 3 }
	Port: MatrixVectorActivation_3 : p_ZL7threshs_5_10 | {2 3 }
	Port: MatrixVectorActivation_3 : p_ZL7threshs_5_11 | {2 3 }
	Port: MatrixVectorActivation_3 : p_ZL7threshs_5_12 | {2 3 }
	Port: MatrixVectorActivation_3 : p_ZL7threshs_5_13 | {2 3 }
	Port: MatrixVectorActivation_3 : p_ZL7threshs_5_14 | {2 3 }
	Port: MatrixVectorActivation_3 : p_ZL7threshs_6_0 | {2 3 }
	Port: MatrixVectorActivation_3 : p_ZL7threshs_6_1 | {2 3 }
	Port: MatrixVectorActivation_3 : p_ZL7threshs_6_2 | {2 3 }
	Port: MatrixVectorActivation_3 : p_ZL7threshs_6_3 | {2 3 }
	Port: MatrixVectorActivation_3 : p_ZL7threshs_6_4 | {2 3 }
	Port: MatrixVectorActivation_3 : p_ZL7threshs_6_5 | {2 3 }
	Port: MatrixVectorActivation_3 : p_ZL7threshs_6_6 | {2 3 }
	Port: MatrixVectorActivation_3 : p_ZL7threshs_6_7 | {2 3 }
	Port: MatrixVectorActivation_3 : p_ZL7threshs_6_8 | {2 3 }
	Port: MatrixVectorActivation_3 : p_ZL7threshs_6_9 | {2 3 }
	Port: MatrixVectorActivation_3 : p_ZL7threshs_6_10 | {2 3 }
	Port: MatrixVectorActivation_3 : p_ZL7threshs_6_11 | {2 3 }
	Port: MatrixVectorActivation_3 : p_ZL7threshs_6_12 | {2 3 }
	Port: MatrixVectorActivation_3 : p_ZL7threshs_6_13 | {2 3 }
	Port: MatrixVectorActivation_3 : p_ZL7threshs_6_14 | {2 3 }
	Port: MatrixVectorActivation_3 : p_ZL7threshs_7_0 | {2 3 }
	Port: MatrixVectorActivation_3 : p_ZL7threshs_7_1 | {2 3 }
	Port: MatrixVectorActivation_3 : p_ZL7threshs_7_2 | {2 3 }
	Port: MatrixVectorActivation_3 : p_ZL7threshs_7_3 | {2 3 }
	Port: MatrixVectorActivation_3 : p_ZL7threshs_7_4 | {2 3 }
	Port: MatrixVectorActivation_3 : p_ZL7threshs_7_5 | {2 3 }
	Port: MatrixVectorActivation_3 : p_ZL7threshs_7_6 | {2 3 }
	Port: MatrixVectorActivation_3 : p_ZL7threshs_7_7 | {2 3 }
	Port: MatrixVectorActivation_3 : p_ZL7threshs_7_8 | {2 3 }
	Port: MatrixVectorActivation_3 : p_ZL7threshs_7_9 | {2 3 }
	Port: MatrixVectorActivation_3 : p_ZL7threshs_7_10 | {2 3 }
	Port: MatrixVectorActivation_3 : p_ZL7threshs_7_11 | {2 3 }
	Port: MatrixVectorActivation_3 : p_ZL7threshs_7_12 | {2 3 }
	Port: MatrixVectorActivation_3 : p_ZL7threshs_7_13 | {2 3 }
	Port: MatrixVectorActivation_3 : p_ZL7threshs_7_14 | {2 3 }
  - Chain level:
	State 1
	State 2
	State 3
	State 4


============================================================
+ Verbose Summary: Datapath Resource usage 
============================================================

* Functional unit list:
|----------|------------------------------------------------|---------|---------|---------|---------|
| Operation|                 Functional Unit                |   DSP   |  Delay  |    FF   |   LUT   |
|----------|------------------------------------------------|---------|---------|---------|---------|
|   call   | grp_Matrix_Vector_Activate_Stream_Batch_fu_270 |    64   | 322.372 |  18962  |   8024  |
|----------|------------------------------------------------|---------|---------|---------|---------|
|   Total  |                                                |    64   | 322.372 |  18962  |   8024  |
|----------|------------------------------------------------|---------|---------|---------|---------|

Memories:
+-----------------+--------+--------+--------+
|                 |  BRAM  |   FF   |   LUT  |
+-----------------+--------+--------+--------+
| p_ZL7threshs_0_0|    0   |    8   |    2   |
| p_ZL7threshs_0_1|    0   |    8   |    2   |
|p_ZL7threshs_0_10|    0   |   11   |    3   |
|p_ZL7threshs_0_11|    0   |   11   |    3   |
|p_ZL7threshs_0_12|    0   |   10   |    3   |
|p_ZL7threshs_0_13|    0   |    9   |    3   |
|p_ZL7threshs_0_14|    0   |   13   |    4   |
| p_ZL7threshs_0_2|    0   |   10   |    3   |
| p_ZL7threshs_0_3|    0   |   11   |    3   |
| p_ZL7threshs_0_4|    0   |   11   |    3   |
| p_ZL7threshs_0_5|    0   |   10   |    3   |
| p_ZL7threshs_0_6|    0   |    9   |    3   |
| p_ZL7threshs_0_7|    0   |   12   |    3   |
| p_ZL7threshs_0_8|    0   |   12   |    3   |
| p_ZL7threshs_0_9|    0   |   12   |    3   |
| p_ZL7threshs_1_0|    0   |    8   |    2   |
| p_ZL7threshs_1_1|    0   |    8   |    2   |
|p_ZL7threshs_1_10|    0   |   11   |    3   |
|p_ZL7threshs_1_11|    0   |   11   |    3   |
|p_ZL7threshs_1_12|    0   |   10   |    3   |
|p_ZL7threshs_1_13|    0   |    9   |    3   |
|p_ZL7threshs_1_14|    0   |   13   |    4   |
| p_ZL7threshs_1_2|    0   |   10   |    3   |
| p_ZL7threshs_1_3|    0   |   11   |    3   |
| p_ZL7threshs_1_4|    0   |   11   |    3   |
| p_ZL7threshs_1_5|    0   |   10   |    3   |
| p_ZL7threshs_1_6|    0   |    9   |    3   |
| p_ZL7threshs_1_7|    0   |   12   |    3   |
| p_ZL7threshs_1_8|    0   |   12   |    3   |
| p_ZL7threshs_1_9|    0   |   12   |    3   |
| p_ZL7threshs_2_0|    0   |    8   |    2   |
| p_ZL7threshs_2_1|    0   |    8   |    2   |
|p_ZL7threshs_2_10|    0   |   11   |    3   |
|p_ZL7threshs_2_11|    0   |   11   |    3   |
|p_ZL7threshs_2_12|    0   |   10   |    3   |
|p_ZL7threshs_2_13|    0   |    9   |    3   |
|p_ZL7threshs_2_14|    0   |   13   |    4   |
| p_ZL7threshs_2_2|    0   |   10   |    3   |
| p_ZL7threshs_2_3|    0   |   11   |    3   |
| p_ZL7threshs_2_4|    0   |   11   |    3   |
| p_ZL7threshs_2_5|    0   |   10   |    3   |
| p_ZL7threshs_2_6|    0   |    9   |    3   |
| p_ZL7threshs_2_7|    0   |   12   |    3   |
| p_ZL7threshs_2_8|    0   |   12   |    3   |
| p_ZL7threshs_2_9|    0   |   12   |    3   |
| p_ZL7threshs_3_0|    0   |    8   |    2   |
| p_ZL7threshs_3_1|    0   |    8   |    2   |
|p_ZL7threshs_3_10|    0   |   11   |    3   |
|p_ZL7threshs_3_11|    0   |   11   |    3   |
|p_ZL7threshs_3_12|    0   |   10   |    3   |
|p_ZL7threshs_3_13|    0   |    9   |    3   |
|p_ZL7threshs_3_14|    0   |   13   |    4   |
| p_ZL7threshs_3_2|    0   |   10   |    3   |
| p_ZL7threshs_3_3|    0   |   11   |    3   |
| p_ZL7threshs_3_4|    0   |   11   |    3   |
| p_ZL7threshs_3_5|    0   |   10   |    3   |
| p_ZL7threshs_3_6|    0   |    9   |    3   |
| p_ZL7threshs_3_7|    0   |   12   |    3   |
| p_ZL7threshs_3_8|    0   |   12   |    3   |
| p_ZL7threshs_3_9|    0   |   12   |    3   |
| p_ZL7threshs_4_0|    0   |    8   |    2   |
| p_ZL7threshs_4_1|    0   |    8   |    2   |
|p_ZL7threshs_4_10|    0   |   11   |    3   |
|p_ZL7threshs_4_11|    0   |   11   |    3   |
|p_ZL7threshs_4_12|    0   |   10   |    3   |
|p_ZL7threshs_4_13|    0   |    9   |    3   |
|p_ZL7threshs_4_14|    0   |   13   |    4   |
| p_ZL7threshs_4_2|    0   |   10   |    3   |
| p_ZL7threshs_4_3|    0   |   11   |    3   |
| p_ZL7threshs_4_4|    0   |   11   |    3   |
| p_ZL7threshs_4_5|    0   |   10   |    3   |
| p_ZL7threshs_4_6|    0   |    9   |    3   |
| p_ZL7threshs_4_7|    0   |   12   |    3   |
| p_ZL7threshs_4_8|    0   |   12   |    3   |
| p_ZL7threshs_4_9|    0   |   12   |    3   |
| p_ZL7threshs_5_0|    0   |    8   |    2   |
| p_ZL7threshs_5_1|    0   |    8   |    2   |
|p_ZL7threshs_5_10|    0   |   11   |    3   |
|p_ZL7threshs_5_11|    0   |   11   |    3   |
|p_ZL7threshs_5_12|    0   |   10   |    3   |
|p_ZL7threshs_5_13|    0   |    9   |    3   |
|p_ZL7threshs_5_14|    0   |   13   |    4   |
| p_ZL7threshs_5_2|    0   |   10   |    3   |
| p_ZL7threshs_5_3|    0   |   11   |    3   |
| p_ZL7threshs_5_4|    0   |   11   |    3   |
| p_ZL7threshs_5_5|    0   |   10   |    3   |
| p_ZL7threshs_5_6|    0   |    9   |    3   |
| p_ZL7threshs_5_7|    0   |   12   |    3   |
| p_ZL7threshs_5_8|    0   |   12   |    3   |
| p_ZL7threshs_5_9|    0   |   12   |    3   |
| p_ZL7threshs_6_0|    0   |    8   |    2   |
| p_ZL7threshs_6_1|    0   |    8   |    2   |
|p_ZL7threshs_6_10|    0   |   11   |    3   |
|p_ZL7threshs_6_11|    0   |   11   |    3   |
|p_ZL7threshs_6_12|    0   |   10   |    3   |
|p_ZL7threshs_6_13|    0   |    9   |    3   |
|p_ZL7threshs_6_14|    0   |   13   |    4   |
| p_ZL7threshs_6_2|    0   |   10   |    3   |
| p_ZL7threshs_6_3|    0   |   11   |    3   |
| p_ZL7threshs_6_4|    0   |   11   |    3   |
| p_ZL7threshs_6_5|    0   |   10   |    3   |
| p_ZL7threshs_6_6|    0   |    9   |    3   |
| p_ZL7threshs_6_7|    0   |   12   |    3   |
| p_ZL7threshs_6_8|    0   |   12   |    3   |
| p_ZL7threshs_6_9|    0   |   12   |    3   |
| p_ZL7threshs_7_0|    0   |    8   |    2   |
| p_ZL7threshs_7_1|    0   |    8   |    2   |
|p_ZL7threshs_7_10|    0   |   11   |    3   |
|p_ZL7threshs_7_11|    0   |   11   |    3   |
|p_ZL7threshs_7_12|    0   |   10   |    3   |
|p_ZL7threshs_7_13|    0   |    9   |    3   |
|p_ZL7threshs_7_14|    0   |   13   |    4   |
| p_ZL7threshs_7_2|    0   |   10   |    3   |
| p_ZL7threshs_7_3|    0   |   11   |    3   |
| p_ZL7threshs_7_4|    0   |   11   |    3   |
| p_ZL7threshs_7_5|    0   |   10   |    3   |
| p_ZL7threshs_7_6|    0   |    9   |    3   |
| p_ZL7threshs_7_7|    0   |   12   |    3   |
| p_ZL7threshs_7_8|    0   |   12   |    3   |
| p_ZL7threshs_7_9|    0   |   12   |    3   |
+-----------------+--------+--------+--------+
|      Total      |    0   |  1256  |   352  |
+-----------------+--------+--------+--------+

* Register list:
N/A

* Multiplexer (MUX) list: 
|--------|------|------|------|--------|
|  Comp  |  Pin | Size |  BW  | S x BW |
|--------|------|------|------|--------|
|  Total |      |      |      |    0   |
|--------|------|------|------|--------|



* Summary:
+-----------+--------+--------+--------+--------+--------+
|           |  BRAM  |   DSP  |  Delay |   FF   |   LUT  |
+-----------+--------+--------+--------+--------+--------+
|  Function |    -   |   64   |   322  |  18962 |  8024  |
|   Memory  |    0   |    -   |    -   |  1256  |   352  |
|Multiplexer|    -   |    -   |    -   |    -   |    -   |
|  Register |    -   |    -   |    -   |    -   |    -   |
+-----------+--------+--------+--------+--------+--------+
|   Total   |    0   |   64   |   322  |  20218 |  8376  |
+-----------+--------+--------+--------+--------+--------+
