

================================================================
== Vitis HLS Report for 'Matrix_Vector_Activate_Stream_Batch'
================================================================
* Date:           Tue Jun 16 08:26:34 2026

* Version:        2022.2.2 (Build 3779808 on Feb 17 2023)
* Project:        project_MatrixVectorActivation_3
* Solution:       sol1 (Vivado IP Flow Target)
* Product family: zynq
* Target device:  xc7z020-clg400-1


================================================================
== Performance Estimates
================================================================
+ Timing: 
    * Summary: 
    +--------+----------+----------+------------+
    |  Clock |  Target  | Estimated| Uncertainty|
    +--------+----------+----------+------------+
    |ap_clk  |  10.00 ns|  7.591 ns|     2.70 ns|
    +--------+----------+----------+------------+

+ Latency: 
    * Summary: 
    +---------+---------+----------+----------+-----+-----+---------+
    |  Latency (cycles) |  Latency (absolute) |  Interval | Pipeline|
    |   min   |   max   |    min   |    max   | min | max |   Type  |
    +---------+---------+----------+----------+-----+-----+---------+
    |       14|       14|  0.140 us|  0.140 us|   14|   14|       no|
    +---------+---------+----------+----------+-----+-----+---------+

    + Detail: 
        * Instance: 
        N/A

        * Loop: 
        +--------------------+---------+---------+----------+-----------+-----------+------+----------+
        |                    |  Latency (cycles) | Iteration|  Initiation Interval  | Trip |          |
        |      Loop Name     |   min   |   max   |  Latency |  achieved |   target  | Count| Pipelined|
        +--------------------+---------+---------+----------+-----------+-----------+------+----------+
        |- VITIS_LOOP_249_1  |       12|       12|        10|          1|          1|     4|  yes(flp)|
        +--------------------+---------+---------+----------+-----------+-----------+------+----------+

============================================================
+ Verbose Summary: Synthesis Manager
============================================================
InlineROM: 1
ExposeGlobal: 0
============================================================
+ Verbose Summary: CDFG Model
============================================================
IsTopModel: 0
ResetActiveHigh: 1
IsCombinational: 0
IsDatapathOnly: 0
HasWiredReturn: 1
HasMFsm: 1
HasVarLatency: 1
IsPipeline: 0
IsRtlPipelined: 0
IsInstanceOverlapped: 0
IsDontTouch: 0
HasImplIP: 0
IsGatedGlobalClock: 0

+ Individual pipeline summary: 
  * Pipeline-0: initiation interval (II) = 1, depth = 10


============================================================
+ Verbose Summary: Schedule
============================================================
* Number of FSM states : 10
* Pipeline : 1
  Pipeline-0 : II = 1, D = 10, States = { 1 2 3 4 5 6 7 8 9 10 }
* Dataflow Pipeline: 0

* FSM state transitions: 
1 --> 2 
2 --> 3 
3 --> 4 
4 --> 5 
5 --> 6 
6 --> 7 
7 --> 8 
8 --> 9 
9 --> 10 
10 --> 

* FSM state operations: 

State 1 <SV = 0> <Delay = 7.59>
ST_1 : Operation 13 [1/1] (0.00ns)   --->   "%sf = alloca i32 1"   --->   Operation 13 'alloca' 'sf' <Predicate = true> <Delay = 0.00>
ST_1 : Operation 14 [1/1] (0.00ns)   --->   "%i = alloca i32 1"   --->   Operation 14 'alloca' 'i' <Predicate = true> <Delay = 0.00>
ST_1 : Operation 15 [1/1] (0.00ns)   --->   "%accu_V = alloca i32 1"   --->   Operation 15 'alloca' 'accu_V' <Predicate = true> <Delay = 0.00>
ST_1 : Operation 16 [1/1] (0.00ns)   --->   "%nf_1 = alloca i32 1"   --->   Operation 16 'alloca' 'nf_1' <Predicate = true> <Delay = 0.00>
ST_1 : Operation 17 [1/1] (0.00ns)   --->   "%inputBuf_V = alloca i32 1"   --->   Operation 17 'alloca' 'inputBuf_V' <Predicate = true> <Delay = 0.00>
ST_1 : Operation 18 [1/1] (0.00ns)   --->   "%inputBuf_V_1 = alloca i32 1"   --->   Operation 18 'alloca' 'inputBuf_V_1' <Predicate = true> <Delay = 0.00>
ST_1 : Operation 19 [1/1] (0.00ns)   --->   "%specinterface_ln0 = specinterface void @_ssdm_op_SpecInterface, i8 %out_V, void @empty, i32 0, i32 0, void @empty_0, i32 0, i32 0, void @empty_1, void @empty_1, void @empty_1, i32 0, i32 0, i32 0, i32 0, void @empty_1, void @empty_1, i32 4294967295, i32 0"   --->   Operation 19 'specinterface' 'specinterface_ln0' <Predicate = true> <Delay = 0.00>
ST_1 : Operation 20 [1/1] (0.00ns)   --->   "%specinterface_ln0 = specinterface void @_ssdm_op_SpecInterface, i32 %weights_V, void @empty, i32 0, i32 0, void @empty_0, i32 0, i32 0, void @empty_1, void @empty_1, void @empty_1, i32 0, i32 0, i32 0, i32 0, void @empty_1, void @empty_1, i32 4294967295, i32 0"   --->   Operation 20 'specinterface' 'specinterface_ln0' <Predicate = true> <Delay = 0.00>
ST_1 : Operation 21 [1/1] (0.00ns)   --->   "%specinterface_ln0 = specinterface void @_ssdm_op_SpecInterface, i32 %in0_V, void @empty, i32 0, i32 0, void @empty_0, i32 0, i32 0, void @empty_1, void @empty_1, void @empty_1, i32 0, i32 0, i32 0, i32 0, void @empty_1, void @empty_1, i32 4294967295, i32 0"   --->   Operation 21 'specinterface' 'specinterface_ln0' <Predicate = true> <Delay = 0.00>
ST_1 : Operation 22 [1/1] (1.58ns)   --->   "%store_ln249 = store i32 0, i32 %nf_1" [/home/miguel_tfg/FINN-v0.9-Stable/deps/finn-hlslib/mvau.hpp:249]   --->   Operation 22 'store' 'store_ln249' <Predicate = true> <Delay = 1.58>
ST_1 : Operation 23 [1/1] (1.58ns)   --->   "%store_ln249 = store i3 0, i3 %i" [/home/miguel_tfg/FINN-v0.9-Stable/deps/finn-hlslib/mvau.hpp:249]   --->   Operation 23 'store' 'store_ln249' <Predicate = true> <Delay = 1.58>
ST_1 : Operation 24 [1/1] (1.58ns)   --->   "%store_ln249 = store i32 0, i32 %sf" [/home/miguel_tfg/FINN-v0.9-Stable/deps/finn-hlslib/mvau.hpp:249]   --->   Operation 24 'store' 'store_ln249' <Predicate = true> <Delay = 1.58>
ST_1 : Operation 25 [1/1] (0.00ns)   --->   "%br_ln249 = br void %for.body" [/home/miguel_tfg/FINN-v0.9-Stable/deps/finn-hlslib/mvau.hpp:249]   --->   Operation 25 'br' 'br_ln249' <Predicate = true> <Delay = 0.00>
ST_1 : Operation 26 [1/1] (0.00ns)   --->   "%i_1 = load i3 %i" [/home/miguel_tfg/FINN-v0.9-Stable/deps/finn-hlslib/mvau.hpp:249]   --->   Operation 26 'load' 'i_1' <Predicate = true> <Delay = 0.00>
ST_1 : Operation 27 [1/1] (0.00ns)   --->   "%nf_2 = load i32 %nf_1" [/home/miguel_tfg/FINN-v0.9-Stable/deps/finn-hlslib/activations.hpp:218]   --->   Operation 27 'load' 'nf_2' <Predicate = true> <Delay = 0.00>
ST_1 : Operation 28 [1/1] (1.13ns)   --->   "%icmp_ln249 = icmp_eq  i3 %i_1, i3 4" [/home/miguel_tfg/FINN-v0.9-Stable/deps/finn-hlslib/mvau.hpp:249]   --->   Operation 28 'icmp' 'icmp_ln249' <Predicate = true> <Delay = 1.13> <CoreInst = "Cmp">   --->   Core 9 'Cmp' <Latency = 0> <II = 1> <Delay = 1.13> <FuncUnit> <Opcode : 'icmp'> <InPorts = 2> <OutPorts = 1>
ST_1 : Operation 29 [1/1] (0.00ns)   --->   "%empty = speclooptripcount i32 @_ssdm_op_SpecLoopTripCount, i64 4, i64 4, i64 4"   --->   Operation 29 'speclooptripcount' 'empty' <Predicate = true> <Delay = 0.00>
ST_1 : Operation 30 [1/1] (1.65ns)   --->   "%i_2 = add i3 %i_1, i3 1" [/home/miguel_tfg/FINN-v0.9-Stable/deps/finn-hlslib/mvau.hpp:249]   --->   Operation 30 'add' 'i_2' <Predicate = true> <Delay = 1.65> <CoreInst = "Adder">   --->   Core 1 'Adder' <Latency = 0> <II = 1> <Delay = 1.65> <FuncUnit> <Opcode : 'add' 'sub'> <InPorts = 2> <OutPorts = 1>
ST_1 : Operation 31 [1/1] (0.00ns)   --->   "%br_ln249 = br i1 %icmp_ln249, void %for.body.split, void %for.end92" [/home/miguel_tfg/FINN-v0.9-Stable/deps/finn-hlslib/mvau.hpp:249]   --->   Operation 31 'br' 'br_ln249' <Predicate = true> <Delay = 0.00>
ST_1 : Operation 32 [1/1] (0.00ns)   --->   "%specpipeline_ln250 = specpipeline void @_ssdm_op_SpecPipeline, i32 1, i32 2, i32 0, i32 0, void @empty_1" [/home/miguel_tfg/FINN-v0.9-Stable/deps/finn-hlslib/mvau.hpp:250]   --->   Operation 32 'specpipeline' 'specpipeline_ln250' <Predicate = (!icmp_ln249)> <Delay = 0.00>
ST_1 : Operation 33 [1/1] (0.00ns)   --->   "%specloopname_ln234 = specloopname void @_ssdm_op_SpecLoopName, void @empty_4" [/home/miguel_tfg/FINN-v0.9-Stable/deps/finn-hlslib/mvau.hpp:234]   --->   Operation 33 'specloopname' 'specloopname_ln234' <Predicate = (!icmp_ln249)> <Delay = 0.00>
ST_1 : Operation 34 [1/1] (2.47ns)   --->   "%icmp_ln253 = icmp_eq  i32 %nf_2, i32 0" [/home/miguel_tfg/FINN-v0.9-Stable/deps/finn-hlslib/mvau.hpp:253]   --->   Operation 34 'icmp' 'icmp_ln253' <Predicate = (!icmp_ln249)> <Delay = 2.47> <CoreInst = "Cmp">   --->   Core 9 'Cmp' <Latency = 0> <II = 1> <Delay = 2.47> <FuncUnit> <Opcode : 'icmp'> <InPorts = 2> <OutPorts = 1>
ST_1 : Operation 35 [1/1] (0.00ns)   --->   "%sf_load = load i32 %sf" [/home/miguel_tfg/FINN-v0.9-Stable/deps/finn-hlslib/mvau.hpp:257]   --->   Operation 35 'load' 'sf_load' <Predicate = (!icmp_ln249)> <Delay = 0.00>
ST_1 : Operation 36 [1/1] (0.00ns)   --->   "%inputBuf_V_load = load i32 %inputBuf_V" [/home/miguel_tfg/FINN-v0.9-Stable/deps/finn-hlslib/mvau.hpp:257]   --->   Operation 36 'load' 'inputBuf_V_load' <Predicate = (!icmp_ln249)> <Delay = 0.00>
ST_1 : Operation 37 [1/1] (0.00ns)   --->   "%inputBuf_V_1_load = load i32 %inputBuf_V_1" [/home/miguel_tfg/FINN-v0.9-Stable/deps/finn-hlslib/mvau.hpp:257]   --->   Operation 37 'load' 'inputBuf_V_1_load' <Predicate = (!icmp_ln249)> <Delay = 0.00>
ST_1 : Operation 38 [1/1] (0.00ns)   --->   "%br_ln253 = br i1 %icmp_ln253, void %if.else, void %if.then" [/home/miguel_tfg/FINN-v0.9-Stable/deps/finn-hlslib/mvau.hpp:253]   --->   Operation 38 'br' 'br_ln253' <Predicate = (!icmp_ln249)> <Delay = 0.00>
ST_1 : Operation 39 [1/1] (0.00ns)   --->   "%trunc_ln261 = trunc i32 %sf_load" [/home/miguel_tfg/FINN-v0.9-Stable/deps/finn-hlslib/mvau.hpp:261]   --->   Operation 39 'trunc' 'trunc_ln261' <Predicate = (!icmp_ln249 & !icmp_ln253)> <Delay = 0.00>
ST_1 : Operation 40 [1/1] (1.58ns)   --->   "%tmp = mux i32 @_ssdm_op_Mux.ap_auto.2i32.i1, i32 %inputBuf_V_load, i32 %inputBuf_V_1_load, i1 %trunc_ln261" [/home/miguel_tfg/FINN-v0.9-Stable/deps/finn-hlslib/mvau.hpp:261]   --->   Operation 40 'mux' 'tmp' <Predicate = (!icmp_ln249 & !icmp_ln253)> <Delay = 1.58> <CoreInst = "Multiplexer">   --->   Core 76 'Multiplexer' <Latency = 0> <II = 1> <Delay = 1.58> <FuncUnit> <Opcode : 'mux'> <InPorts = 2> <OutPorts = 1>
ST_1 : Operation 41 [1/1] (1.58ns)   --->   "%br_ln0 = br void %for.inc"   --->   Operation 41 'br' 'br_ln0' <Predicate = (!icmp_ln249 & !icmp_ln253)> <Delay = 1.58>
ST_1 : Operation 42 [1/1] (0.00ns)   --->   "%inputBuf_V_3 = read i32 @_ssdm_op_Read.axis.volatile.i32P128A, i32 %in0_V" [/home/miguel_tfg/FINN-v0.9-Stable/deps/finn-hlslib/mvau.hpp:255]   --->   Operation 42 'read' 'inputBuf_V_3' <Predicate = (!icmp_ln249 & icmp_ln253)> <Delay = 0.00> <CoreInst = "axis">   --->   Core 115 'axis' <Latency = 0> <II = 1> <Delay = 1.00> <Adapter> <Opcode : >
ST_1 : Operation 43 [1/1] (0.00ns)   --->   "%trunc_ln257 = trunc i32 %sf_load" [/home/miguel_tfg/FINN-v0.9-Stable/deps/finn-hlslib/mvau.hpp:257]   --->   Operation 43 'trunc' 'trunc_ln257' <Predicate = (!icmp_ln249 & icmp_ln253)> <Delay = 0.00>
ST_1 : Operation 44 [1/1] (0.69ns)   --->   "%select_ln257 = select i1 %trunc_ln257, i32 %inputBuf_V_3, i32 %inputBuf_V_1_load" [/home/miguel_tfg/FINN-v0.9-Stable/deps/finn-hlslib/mvau.hpp:257]   --->   Operation 44 'select' 'select_ln257' <Predicate = (!icmp_ln249 & icmp_ln253)> <Delay = 0.69> <CoreInst = "Sel">   --->   Core 73 'Sel' <Latency = 0> <II = 1> <Delay = 0.69> <FuncUnit> <Opcode : 'select'> <InPorts = 3> <OutPorts = 1>
ST_1 : Operation 45 [1/1] (0.69ns)   --->   "%select_ln257_1 = select i1 %trunc_ln257, i32 %inputBuf_V_load, i32 %inputBuf_V_3" [/home/miguel_tfg/FINN-v0.9-Stable/deps/finn-hlslib/mvau.hpp:257]   --->   Operation 45 'select' 'select_ln257_1' <Predicate = (!icmp_ln249 & icmp_ln253)> <Delay = 0.69> <CoreInst = "Sel">   --->   Core 73 'Sel' <Latency = 0> <II = 1> <Delay = 0.69> <FuncUnit> <Opcode : 'select'> <InPorts = 3> <OutPorts = 1>
ST_1 : Operation 46 [1/1] (0.00ns)   --->   "%store_ln257 = store i32 %select_ln257, i32 %inputBuf_V_1" [/home/miguel_tfg/FINN-v0.9-Stable/deps/finn-hlslib/mvau.hpp:257]   --->   Operation 46 'store' 'store_ln257' <Predicate = (!icmp_ln249 & icmp_ln253)> <Delay = 0.00>
ST_1 : Operation 47 [1/1] (0.00ns)   --->   "%store_ln257 = store i32 %select_ln257_1, i32 %inputBuf_V" [/home/miguel_tfg/FINN-v0.9-Stable/deps/finn-hlslib/mvau.hpp:257]   --->   Operation 47 'store' 'store_ln257' <Predicate = (!icmp_ln249 & icmp_ln253)> <Delay = 0.00>
ST_1 : Operation 48 [1/1] (1.58ns)   --->   "%br_ln257 = br void %for.inc" [/home/miguel_tfg/FINN-v0.9-Stable/deps/finn-hlslib/mvau.hpp:257]   --->   Operation 48 'br' 'br_ln257' <Predicate = (!icmp_ln249 & icmp_ln253)> <Delay = 1.58>
ST_1 : Operation 49 [1/1] (0.00ns)   --->   "%sf_load_1 = load i32 %sf" [/home/miguel_tfg/FINN-v0.9-Stable/deps/finn-hlslib/mvau.hpp:290]   --->   Operation 49 'load' 'sf_load_1' <Predicate = (!icmp_ln249)> <Delay = 0.00>
ST_1 : Operation 50 [1/1] (0.00ns)   --->   "%W_packed_V = read i32 @_ssdm_op_Read.axis.volatile.i32P128A, i32 %weights_V" [/home/miguel_tfg/FINN-v0.9-Stable/deps/finn-hlslib/mvau.hpp:265]   --->   Operation 50 'read' 'W_packed_V' <Predicate = (!icmp_ln249)> <Delay = 0.00> <CoreInst = "axis">   --->   Core 115 'axis' <Latency = 0> <II = 1> <Delay = 1.00> <Adapter> <Opcode : >
ST_1 : Operation 51 [1/1] (2.47ns)   --->   "%icmp_ln272 = icmp_eq  i32 %sf_load_1, i32 0" [/home/miguel_tfg/FINN-v0.9-Stable/deps/finn-hlslib/mvau.hpp:272]   --->   Operation 51 'icmp' 'icmp_ln272' <Predicate = (!icmp_ln249)> <Delay = 2.47> <CoreInst = "Cmp">   --->   Core 9 'Cmp' <Latency = 0> <II = 1> <Delay = 2.47> <FuncUnit> <Opcode : 'icmp'> <InPorts = 2> <OutPorts = 1>
ST_1 : Operation 52 [1/1] (0.00ns)   --->   "%local_temp_V = trunc i32 %W_packed_V"   --->   Operation 52 'trunc' 'local_temp_V' <Predicate = (!icmp_ln249)> <Delay = 0.00>
ST_1 : Operation 53 [1/1] (0.00ns)   --->   "%local_temp_V_8 = partselect i4 @_ssdm_op_PartSelect.i4.i32.i32.i32, i32 %W_packed_V, i32 4, i32 7"   --->   Operation 53 'partselect' 'local_temp_V_8' <Predicate = (!icmp_ln249)> <Delay = 0.00>
ST_1 : Operation 54 [1/1] (0.00ns)   --->   "%local_temp_V_9 = partselect i4 @_ssdm_op_PartSelect.i4.i32.i32.i32, i32 %W_packed_V, i32 8, i32 11"   --->   Operation 54 'partselect' 'local_temp_V_9' <Predicate = (!icmp_ln249)> <Delay = 0.00>
ST_1 : Operation 55 [1/1] (0.00ns)   --->   "%local_temp_V_10 = partselect i4 @_ssdm_op_PartSelect.i4.i32.i32.i32, i32 %W_packed_V, i32 12, i32 15"   --->   Operation 55 'partselect' 'local_temp_V_10' <Predicate = (!icmp_ln249)> <Delay = 0.00>
ST_1 : Operation 56 [1/1] (0.00ns)   --->   "%local_temp_V_11 = partselect i4 @_ssdm_op_PartSelect.i4.i32.i32.i32, i32 %W_packed_V, i32 16, i32 19"   --->   Operation 56 'partselect' 'local_temp_V_11' <Predicate = (!icmp_ln249)> <Delay = 0.00>
ST_1 : Operation 57 [1/1] (0.00ns)   --->   "%local_temp_V_12 = partselect i4 @_ssdm_op_PartSelect.i4.i32.i32.i32, i32 %W_packed_V, i32 20, i32 23"   --->   Operation 57 'partselect' 'local_temp_V_12' <Predicate = (!icmp_ln249)> <Delay = 0.00>
ST_1 : Operation 58 [1/1] (0.00ns)   --->   "%local_temp_V_13 = partselect i4 @_ssdm_op_PartSelect.i4.i32.i32.i32, i32 %W_packed_V, i32 24, i32 27"   --->   Operation 58 'partselect' 'local_temp_V_13' <Predicate = (!icmp_ln249)> <Delay = 0.00>
ST_1 : Operation 59 [1/1] (0.00ns)   --->   "%local_temp_V_14 = partselect i4 @_ssdm_op_PartSelect.i4.i32.i32.i32, i32 %W_packed_V, i32 28, i32 31"   --->   Operation 59 'partselect' 'local_temp_V_14' <Predicate = (!icmp_ln249)> <Delay = 0.00>
ST_1 : Operation 60 [1/1] (2.55ns)   --->   "%sf_1 = add i32 %sf_load_1, i32 1" [/home/miguel_tfg/FINN-v0.9-Stable/deps/finn-hlslib/mvau.hpp:290]   --->   Operation 60 'add' 'sf_1' <Predicate = (!icmp_ln249)> <Delay = 2.55> <CoreInst = "Adder">   --->   Core 1 'Adder' <Latency = 0> <II = 1> <Delay = 2.55> <FuncUnit> <Opcode : 'add' 'sub'> <InPorts = 2> <OutPorts = 1>
ST_1 : Operation 61 [1/1] (2.47ns)   --->   "%icmp_ln290 = icmp_eq  i32 %sf_1, i32 2" [/home/miguel_tfg/FINN-v0.9-Stable/deps/finn-hlslib/mvau.hpp:290]   --->   Operation 61 'icmp' 'icmp_ln290' <Predicate = (!icmp_ln249)> <Delay = 2.47> <CoreInst = "Cmp">   --->   Core 9 'Cmp' <Latency = 0> <II = 1> <Delay = 2.47> <FuncUnit> <Opcode : 'icmp'> <InPorts = 2> <OutPorts = 1>
ST_1 : Operation 62 [1/1] (0.00ns)   --->   "%br_ln290 = br i1 %icmp_ln290, void %for.inc.for.inc90_crit_edge, void %for.body.i" [/home/miguel_tfg/FINN-v0.9-Stable/deps/finn-hlslib/mvau.hpp:290]   --->   Operation 62 'br' 'br_ln290' <Predicate = (!icmp_ln249)> <Delay = 0.00>
ST_1 : Operation 63 [1/1] (1.58ns)   --->   "%store_ln290 = store i32 %sf_1, i32 %sf" [/home/miguel_tfg/FINN-v0.9-Stable/deps/finn-hlslib/mvau.hpp:290]   --->   Operation 63 'store' 'store_ln290' <Predicate = (!icmp_ln249 & !icmp_ln290)> <Delay = 1.58>
ST_1 : Operation 64 [1/1] (0.00ns)   --->   "%br_ln290 = br void %for.inc90" [/home/miguel_tfg/FINN-v0.9-Stable/deps/finn-hlslib/mvau.hpp:290]   --->   Operation 64 'br' 'br_ln290' <Predicate = (!icmp_ln249 & !icmp_ln290)> <Delay = 0.00>
ST_1 : Operation 65 [1/1] (0.00ns)   --->   "%trunc_ln218 = trunc i32 %nf_2" [/home/miguel_tfg/FINN-v0.9-Stable/deps/finn-hlslib/activations.hpp:218]   --->   Operation 65 'trunc' 'trunc_ln218' <Predicate = (!icmp_ln249 & icmp_ln290)> <Delay = 0.00>
ST_1 : Operation 66 [1/1] (2.55ns)   --->   "%nf = add i32 %nf_2, i32 1" [/home/miguel_tfg/FINN-v0.9-Stable/deps/finn-hlslib/mvau.hpp:302]   --->   Operation 66 'add' 'nf' <Predicate = (!icmp_ln249 & icmp_ln290)> <Delay = 2.55> <CoreInst = "Adder">   --->   Core 1 'Adder' <Latency = 0> <II = 1> <Delay = 2.55> <FuncUnit> <Opcode : 'add' 'sub'> <InPorts = 2> <OutPorts = 1>
ST_1 : Operation 67 [1/1] (2.47ns)   --->   "%icmp_ln302 = icmp_eq  i32 %nf, i32 2" [/home/miguel_tfg/FINN-v0.9-Stable/deps/finn-hlslib/mvau.hpp:302]   --->   Operation 67 'icmp' 'icmp_ln302' <Predicate = (!icmp_ln249 & icmp_ln290)> <Delay = 2.47> <CoreInst = "Cmp">   --->   Core 9 'Cmp' <Latency = 0> <II = 1> <Delay = 2.47> <FuncUnit> <Opcode : 'icmp'> <InPorts = 2> <OutPorts = 1>
ST_1 : Operation 68 [1/1] (0.69ns)   --->   "%nf_3 = select i1 %icmp_ln302, i32 0, i32 %nf" [/home/miguel_tfg/FINN-v0.9-Stable/deps/finn-hlslib/mvau.hpp:302]   --->   Operation 68 'select' 'nf_3' <Predicate = (!icmp_ln249 & icmp_ln290)> <Delay = 0.69> <CoreInst = "Sel">   --->   Core 73 'Sel' <Latency = 0> <II = 1> <Delay = 0.69> <FuncUnit> <Opcode : 'select'> <InPorts = 3> <OutPorts = 1>
ST_1 : Operation 69 [1/1] (1.58ns)   --->   "%store_ln306 = store i32 %nf_3, i32 %nf_1" [/home/miguel_tfg/FINN-v0.9-Stable/deps/finn-hlslib/mvau.hpp:306]   --->   Operation 69 'store' 'store_ln306' <Predicate = (!icmp_ln249 & icmp_ln290)> <Delay = 1.58>
ST_1 : Operation 70 [1/1] (1.58ns)   --->   "%store_ln306 = store i32 0, i32 %sf" [/home/miguel_tfg/FINN-v0.9-Stable/deps/finn-hlslib/mvau.hpp:306]   --->   Operation 70 'store' 'store_ln306' <Predicate = (!icmp_ln249 & icmp_ln290)> <Delay = 1.58>
ST_1 : Operation 71 [1/1] (1.58ns)   --->   "%store_ln249 = store i3 %i_2, i3 %i" [/home/miguel_tfg/FINN-v0.9-Stable/deps/finn-hlslib/mvau.hpp:249]   --->   Operation 71 'store' 'store_ln249' <Predicate = (!icmp_ln249)> <Delay = 1.58>

State 2 <SV = 1> <Delay = 1.05>
ST_2 : Operation 72 [1/1] (0.00ns)   --->   "%inElem = phi i32 %tmp, void %if.else, i32 %inputBuf_V_3, void %if.then"   --->   Operation 72 'phi' 'inElem' <Predicate = (!icmp_ln249)> <Delay = 0.00>
ST_2 : Operation 73 [1/1] (0.00ns)   --->   "%r_V = trunc i32 %inElem"   --->   Operation 73 'trunc' 'r_V' <Predicate = (!icmp_ln249)> <Delay = 0.00>
ST_2 : Operation 74 [1/1] (0.00ns)   --->   "%sext_ln186 = sext i4 %local_temp_V"   --->   Operation 74 'sext' 'sext_ln186' <Predicate = (!icmp_ln249)> <Delay = 0.00>
ST_2 : Operation 75 [1/1] (0.00ns)   --->   "%zext_ln186 = zext i4 %r_V"   --->   Operation 75 'zext' 'zext_ln186' <Predicate = (!icmp_ln249)> <Delay = 0.00>
ST_2 : Operation 76 [3/3] (1.05ns) (grouped into DSP with root node add_ln840_3)   --->   "%ret_V = mul i8 %zext_ln186, i8 %sext_ln186"   --->   Operation 76 'mul' 'ret_V' <Predicate = (!icmp_ln249)> <Delay = 1.05> <CoreInst = "DSP48">   --->   Core 119 'DSP48' <Latency = 3> <II = 1> <Delay = 2.15> <IPBlock> <Opcode : 'mul' 'add' 'sub' 'select'> <InPorts = 0> <OutPorts = 1> <Sync> <CReg>
ST_2 : Operation 77 [1/1] (0.00ns)   --->   "%r_V_1 = partselect i4 @_ssdm_op_PartSelect.i4.i32.i32.i32, i32 %inElem, i32 4, i32 7"   --->   Operation 77 'partselect' 'r_V_1' <Predicate = (!icmp_ln249)> <Delay = 0.00>
ST_2 : Operation 78 [1/1] (0.00ns)   --->   "%r_V_2 = partselect i4 @_ssdm_op_PartSelect.i4.i32.i32.i32, i32 %inElem, i32 8, i32 11"   --->   Operation 78 'partselect' 'r_V_2' <Predicate = (!icmp_ln249)> <Delay = 0.00>
ST_2 : Operation 79 [1/1] (0.00ns)   --->   "%r_V_3 = partselect i4 @_ssdm_op_PartSelect.i4.i32.i32.i32, i32 %inElem, i32 12, i32 15"   --->   Operation 79 'partselect' 'r_V_3' <Predicate = (!icmp_ln249)> <Delay = 0.00>
ST_2 : Operation 80 [1/1] (0.00ns)   --->   "%r_V_4 = partselect i4 @_ssdm_op_PartSelect.i4.i32.i32.i32, i32 %inElem, i32 16, i32 19"   --->   Operation 80 'partselect' 'r_V_4' <Predicate = (!icmp_ln249)> <Delay = 0.00>
ST_2 : Operation 81 [1/1] (0.00ns)   --->   "%sext_ln186_4 = sext i4 %local_temp_V_11"   --->   Operation 81 'sext' 'sext_ln186_4' <Predicate = (!icmp_ln249)> <Delay = 0.00>
ST_2 : Operation 82 [1/1] (0.00ns)   --->   "%zext_ln186_4 = zext i4 %r_V_4"   --->   Operation 82 'zext' 'zext_ln186_4' <Predicate = (!icmp_ln249)> <Delay = 0.00>
ST_2 : Operation 83 [3/3] (1.05ns) (grouped into DSP with root node add_ln840_1)   --->   "%ret_V_4 = mul i8 %zext_ln186_4, i8 %sext_ln186_4"   --->   Operation 83 'mul' 'ret_V_4' <Predicate = (!icmp_ln249)> <Delay = 1.05> <CoreInst = "DSP48">   --->   Core 119 'DSP48' <Latency = 3> <II = 1> <Delay = 2.15> <IPBlock> <Opcode : 'mul' 'add' 'sub' 'select'> <InPorts = 0> <OutPorts = 1> <Sync> <CReg>
ST_2 : Operation 84 [1/1] (0.00ns)   --->   "%r_V_5 = partselect i4 @_ssdm_op_PartSelect.i4.i32.i32.i32, i32 %inElem, i32 20, i32 23"   --->   Operation 84 'partselect' 'r_V_5' <Predicate = (!icmp_ln249)> <Delay = 0.00>
ST_2 : Operation 85 [1/1] (0.00ns)   --->   "%r_V_6 = partselect i4 @_ssdm_op_PartSelect.i4.i32.i32.i32, i32 %inElem, i32 24, i32 27"   --->   Operation 85 'partselect' 'r_V_6' <Predicate = (!icmp_ln249)> <Delay = 0.00>
ST_2 : Operation 86 [1/1] (0.00ns)   --->   "%r_V_7 = partselect i4 @_ssdm_op_PartSelect.i4.i32.i32.i32, i32 %inElem, i32 28, i32 31"   --->   Operation 86 'partselect' 'r_V_7' <Predicate = (!icmp_ln249)> <Delay = 0.00>
ST_2 : Operation 87 [1/1] (0.00ns)   --->   "%sext_ln186_7 = sext i4 %local_temp_V_14"   --->   Operation 87 'sext' 'sext_ln186_7' <Predicate = (!icmp_ln249)> <Delay = 0.00>
ST_2 : Operation 88 [1/1] (0.00ns)   --->   "%zext_ln186_7 = zext i4 %r_V_7"   --->   Operation 88 'zext' 'zext_ln186_7' <Predicate = (!icmp_ln249)> <Delay = 0.00>
ST_2 : Operation 89 [3/3] (1.05ns) (grouped into DSP with root node add_ln840_4)   --->   "%ret_V_7 = mul i8 %zext_ln186_7, i8 %sext_ln186_7"   --->   Operation 89 'mul' 'ret_V_7' <Predicate = (!icmp_ln249)> <Delay = 1.05> <CoreInst = "DSP48">   --->   Core 119 'DSP48' <Latency = 3> <II = 1> <Delay = 2.15> <IPBlock> <Opcode : 'mul' 'add' 'sub' 'select'> <InPorts = 0> <OutPorts = 1> <Sync> <CReg>

State 3 <SV = 2> <Delay = 1.05>
ST_3 : Operation 90 [2/3] (1.05ns) (grouped into DSP with root node add_ln840_3)   --->   "%ret_V = mul i8 %zext_ln186, i8 %sext_ln186"   --->   Operation 90 'mul' 'ret_V' <Predicate = (!icmp_ln249)> <Delay = 1.05> <CoreInst = "DSP48">   --->   Core 119 'DSP48' <Latency = 3> <II = 1> <Delay = 2.15> <IPBlock> <Opcode : 'mul' 'add' 'sub' 'select'> <InPorts = 0> <OutPorts = 1> <Sync> <CReg>
ST_3 : Operation 91 [1/1] (0.00ns)   --->   "%sext_ln186_2 = sext i4 %local_temp_V_9"   --->   Operation 91 'sext' 'sext_ln186_2' <Predicate = (!icmp_ln249)> <Delay = 0.00>
ST_3 : Operation 92 [1/1] (0.00ns)   --->   "%zext_ln186_2 = zext i4 %r_V_2"   --->   Operation 92 'zext' 'zext_ln186_2' <Predicate = (!icmp_ln249)> <Delay = 0.00>
ST_3 : Operation 93 [3/3] (1.05ns) (grouped into DSP with root node add_ln840_5)   --->   "%ret_V_2 = mul i8 %zext_ln186_2, i8 %sext_ln186_2"   --->   Operation 93 'mul' 'ret_V_2' <Predicate = (!icmp_ln249)> <Delay = 1.05> <CoreInst = "DSP48">   --->   Core 119 'DSP48' <Latency = 3> <II = 1> <Delay = 2.15> <IPBlock> <Opcode : 'mul' 'add' 'sub' 'select'> <InPorts = 0> <OutPorts = 1> <Sync> <CReg>
ST_3 : Operation 94 [2/3] (1.05ns) (grouped into DSP with root node add_ln840_1)   --->   "%ret_V_4 = mul i8 %zext_ln186_4, i8 %sext_ln186_4"   --->   Operation 94 'mul' 'ret_V_4' <Predicate = (!icmp_ln249)> <Delay = 1.05> <CoreInst = "DSP48">   --->   Core 119 'DSP48' <Latency = 3> <II = 1> <Delay = 2.15> <IPBlock> <Opcode : 'mul' 'add' 'sub' 'select'> <InPorts = 0> <OutPorts = 1> <Sync> <CReg>
ST_3 : Operation 95 [2/3] (1.05ns) (grouped into DSP with root node add_ln840_4)   --->   "%ret_V_7 = mul i8 %zext_ln186_7, i8 %sext_ln186_7"   --->   Operation 95 'mul' 'ret_V_7' <Predicate = (!icmp_ln249)> <Delay = 1.05> <CoreInst = "DSP48">   --->   Core 119 'DSP48' <Latency = 3> <II = 1> <Delay = 2.15> <IPBlock> <Opcode : 'mul' 'add' 'sub' 'select'> <InPorts = 0> <OutPorts = 1> <Sync> <CReg>

State 4 <SV = 3> <Delay = 4.44>
ST_4 : Operation 96 [1/3] (0.00ns) (grouped into DSP with root node add_ln840_3)   --->   "%ret_V = mul i8 %zext_ln186, i8 %sext_ln186"   --->   Operation 96 'mul' 'ret_V' <Predicate = (!icmp_ln249)> <Delay = 0.00> <CoreInst = "DSP48">   --->   Core 119 'DSP48' <Latency = 3> <II = 1> <Delay = 2.15> <IPBlock> <Opcode : 'mul' 'add' 'sub' 'select'> <InPorts = 0> <OutPorts = 1> <Sync> <CReg>
ST_4 : Operation 97 [1/1] (0.00ns) (grouped into DSP with root node add_ln840_3)   --->   "%sext_ln628 = sext i8 %ret_V"   --->   Operation 97 'sext' 'sext_ln628' <Predicate = (!icmp_ln249)> <Delay = 0.00>
ST_4 : Operation 98 [1/1] (0.00ns)   --->   "%sext_ln186_1 = sext i4 %local_temp_V_8"   --->   Operation 98 'sext' 'sext_ln186_1' <Predicate = (!icmp_ln249)> <Delay = 0.00>
ST_4 : Operation 99 [1/1] (0.00ns)   --->   "%zext_ln186_1 = zext i4 %r_V_1"   --->   Operation 99 'zext' 'zext_ln186_1' <Predicate = (!icmp_ln249)> <Delay = 0.00>
ST_4 : Operation 100 [1/1] (2.34ns)   --->   "%ret_V_1 = mul i8 %zext_ln186_1, i8 %sext_ln186_1"   --->   Operation 100 'mul' 'ret_V_1' <Predicate = (!icmp_ln249)> <Delay = 2.34> <CoreInst = "Multiplier">   --->   Core 3 'Multiplier' <Latency = 0> <II = 1> <Delay = 2.34> <FuncUnit> <Opcode : 'mul'> <InPorts = 2> <OutPorts = 1>
ST_4 : Operation 101 [1/1] (0.00ns)   --->   "%sext_ln628_1 = sext i8 %ret_V_1"   --->   Operation 101 'sext' 'sext_ln628_1' <Predicate = (!icmp_ln249)> <Delay = 0.00>
ST_4 : Operation 102 [2/3] (1.05ns) (grouped into DSP with root node add_ln840_5)   --->   "%ret_V_2 = mul i8 %zext_ln186_2, i8 %sext_ln186_2"   --->   Operation 102 'mul' 'ret_V_2' <Predicate = (!icmp_ln249)> <Delay = 1.05> <CoreInst = "DSP48">   --->   Core 119 'DSP48' <Latency = 3> <II = 1> <Delay = 2.15> <IPBlock> <Opcode : 'mul' 'add' 'sub' 'select'> <InPorts = 0> <OutPorts = 1> <Sync> <CReg>
ST_4 : Operation 103 [1/1] (0.00ns)   --->   "%sext_ln186_3 = sext i4 %local_temp_V_10"   --->   Operation 103 'sext' 'sext_ln186_3' <Predicate = (!icmp_ln249)> <Delay = 0.00>
ST_4 : Operation 104 [1/1] (0.00ns)   --->   "%zext_ln186_3 = zext i4 %r_V_3"   --->   Operation 104 'zext' 'zext_ln186_3' <Predicate = (!icmp_ln249)> <Delay = 0.00>
ST_4 : Operation 105 [1/1] (2.34ns)   --->   "%ret_V_3 = mul i8 %zext_ln186_3, i8 %sext_ln186_3"   --->   Operation 105 'mul' 'ret_V_3' <Predicate = (!icmp_ln249)> <Delay = 2.34> <CoreInst = "Multiplier">   --->   Core 3 'Multiplier' <Latency = 0> <II = 1> <Delay = 2.34> <FuncUnit> <Opcode : 'mul'> <InPorts = 2> <OutPorts = 1>
ST_4 : Operation 106 [1/1] (0.00ns)   --->   "%sext_ln628_3 = sext i8 %ret_V_3"   --->   Operation 106 'sext' 'sext_ln628_3' <Predicate = (!icmp_ln249)> <Delay = 0.00>
ST_4 : Operation 107 [1/3] (0.00ns) (grouped into DSP with root node add_ln840_1)   --->   "%ret_V_4 = mul i8 %zext_ln186_4, i8 %sext_ln186_4"   --->   Operation 107 'mul' 'ret_V_4' <Predicate = (!icmp_ln249)> <Delay = 0.00> <CoreInst = "DSP48">   --->   Core 119 'DSP48' <Latency = 3> <II = 1> <Delay = 2.15> <IPBlock> <Opcode : 'mul' 'add' 'sub' 'select'> <InPorts = 0> <OutPorts = 1> <Sync> <CReg>
ST_4 : Operation 108 [1/1] (0.00ns) (grouped into DSP with root node add_ln840_1)   --->   "%sext_ln628_4 = sext i8 %ret_V_4"   --->   Operation 108 'sext' 'sext_ln628_4' <Predicate = (!icmp_ln249)> <Delay = 0.00>
ST_4 : Operation 109 [1/1] (0.00ns)   --->   "%sext_ln186_5 = sext i4 %local_temp_V_12"   --->   Operation 109 'sext' 'sext_ln186_5' <Predicate = (!icmp_ln249)> <Delay = 0.00>
ST_4 : Operation 110 [1/1] (0.00ns)   --->   "%zext_ln186_5 = zext i4 %r_V_5"   --->   Operation 110 'zext' 'zext_ln186_5' <Predicate = (!icmp_ln249)> <Delay = 0.00>
ST_4 : Operation 111 [3/3] (1.05ns) (grouped into DSP with root node add_ln840)   --->   "%ret_V_5 = mul i8 %zext_ln186_5, i8 %sext_ln186_5"   --->   Operation 111 'mul' 'ret_V_5' <Predicate = (!icmp_ln249)> <Delay = 1.05> <CoreInst = "DSP48">   --->   Core 119 'DSP48' <Latency = 3> <II = 1> <Delay = 2.15> <IPBlock> <Opcode : 'mul' 'add' 'sub' 'select'> <InPorts = 0> <OutPorts = 1> <Sync> <CReg>
ST_4 : Operation 112 [1/1] (0.00ns)   --->   "%sext_ln186_6 = sext i4 %local_temp_V_13"   --->   Operation 112 'sext' 'sext_ln186_6' <Predicate = (!icmp_ln249)> <Delay = 0.00>
ST_4 : Operation 113 [1/1] (0.00ns)   --->   "%zext_ln186_6 = zext i4 %r_V_6"   --->   Operation 113 'zext' 'zext_ln186_6' <Predicate = (!icmp_ln249)> <Delay = 0.00>
ST_4 : Operation 114 [1/1] (2.34ns)   --->   "%ret_V_6 = mul i8 %zext_ln186_6, i8 %sext_ln186_6"   --->   Operation 114 'mul' 'ret_V_6' <Predicate = (!icmp_ln249)> <Delay = 2.34> <CoreInst = "Multiplier">   --->   Core 3 'Multiplier' <Latency = 0> <II = 1> <Delay = 2.34> <FuncUnit> <Opcode : 'mul'> <InPorts = 2> <OutPorts = 1>
ST_4 : Operation 115 [1/1] (0.00ns)   --->   "%sext_ln628_5 = sext i8 %ret_V_6"   --->   Operation 115 'sext' 'sext_ln628_5' <Predicate = (!icmp_ln249)> <Delay = 0.00>
ST_4 : Operation 116 [1/3] (0.00ns) (grouped into DSP with root node add_ln840_4)   --->   "%ret_V_7 = mul i8 %zext_ln186_7, i8 %sext_ln186_7"   --->   Operation 116 'mul' 'ret_V_7' <Predicate = (!icmp_ln249)> <Delay = 0.00> <CoreInst = "DSP48">   --->   Core 119 'DSP48' <Latency = 3> <II = 1> <Delay = 2.15> <IPBlock> <Opcode : 'mul' 'add' 'sub' 'select'> <InPorts = 0> <OutPorts = 1> <Sync> <CReg>
ST_4 : Operation 117 [1/1] (0.00ns) (grouped into DSP with root node add_ln840_4)   --->   "%sext_ln840_1 = sext i8 %ret_V_7"   --->   Operation 117 'sext' 'sext_ln840_1' <Predicate = (!icmp_ln249)> <Delay = 0.00>
ST_4 : Operation 118 [2/2] (2.10ns) (root node of the DSP)   --->   "%add_ln840_1 = add i9 %sext_ln628_5, i9 %sext_ln628_4"   --->   Operation 118 'add' 'add_ln840_1' <Predicate = (!icmp_ln249)> <Delay = 2.10> <CoreInst = "DSP48">   --->   Core 119 'DSP48' <Latency = 3> <II = 1> <Delay = 2.15> <IPBlock> <Opcode : 'mul' 'add' 'sub' 'select'> <InPorts = 0> <OutPorts = 1> <Sync> <CReg>
ST_4 : Operation 119 [2/2] (2.10ns) (root node of the DSP)   --->   "%add_ln840_3 = add i9 %sext_ln628_3, i9 %sext_ln628"   --->   Operation 119 'add' 'add_ln840_3' <Predicate = (!icmp_ln249)> <Delay = 2.10> <CoreInst = "DSP48">   --->   Core 119 'DSP48' <Latency = 3> <II = 1> <Delay = 2.15> <IPBlock> <Opcode : 'mul' 'add' 'sub' 'select'> <InPorts = 0> <OutPorts = 1> <Sync> <CReg>
ST_4 : Operation 120 [2/2] (2.10ns) (root node of the DSP)   --->   "%add_ln840_4 = add i9 %sext_ln628_1, i9 %sext_ln840_1"   --->   Operation 120 'add' 'add_ln840_4' <Predicate = (!icmp_ln249)> <Delay = 2.10> <CoreInst = "DSP48">   --->   Core 119 'DSP48' <Latency = 3> <II = 1> <Delay = 2.15> <IPBlock> <Opcode : 'mul' 'add' 'sub' 'select'> <InPorts = 0> <OutPorts = 1> <Sync> <CReg>

State 5 <SV = 4> <Delay = 4.20>
ST_5 : Operation 121 [1/3] (0.00ns) (grouped into DSP with root node add_ln840_5)   --->   "%ret_V_2 = mul i8 %zext_ln186_2, i8 %sext_ln186_2"   --->   Operation 121 'mul' 'ret_V_2' <Predicate = (!icmp_ln249)> <Delay = 0.00> <CoreInst = "DSP48">   --->   Core 119 'DSP48' <Latency = 3> <II = 1> <Delay = 2.15> <IPBlock> <Opcode : 'mul' 'add' 'sub' 'select'> <InPorts = 0> <OutPorts = 1> <Sync> <CReg>
ST_5 : Operation 122 [1/1] (0.00ns) (grouped into DSP with root node add_ln840_5)   --->   "%sext_ln628_2 = sext i8 %ret_V_2"   --->   Operation 122 'sext' 'sext_ln628_2' <Predicate = (!icmp_ln249)> <Delay = 0.00>
ST_5 : Operation 123 [2/3] (1.05ns) (grouped into DSP with root node add_ln840)   --->   "%ret_V_5 = mul i8 %zext_ln186_5, i8 %sext_ln186_5"   --->   Operation 123 'mul' 'ret_V_5' <Predicate = (!icmp_ln249)> <Delay = 1.05> <CoreInst = "DSP48">   --->   Core 119 'DSP48' <Latency = 3> <II = 1> <Delay = 2.15> <IPBlock> <Opcode : 'mul' 'add' 'sub' 'select'> <InPorts = 0> <OutPorts = 1> <Sync> <CReg>
ST_5 : Operation 124 [1/2] (2.10ns) (root node of the DSP)   --->   "%add_ln840_1 = add i9 %sext_ln628_5, i9 %sext_ln628_4"   --->   Operation 124 'add' 'add_ln840_1' <Predicate = (!icmp_ln249)> <Delay = 2.10> <CoreInst = "DSP48">   --->   Core 119 'DSP48' <Latency = 3> <II = 1> <Delay = 2.15> <IPBlock> <Opcode : 'mul' 'add' 'sub' 'select'> <InPorts = 0> <OutPorts = 1> <Sync> <CReg>
ST_5 : Operation 125 [1/2] (2.10ns) (root node of the DSP)   --->   "%add_ln840_3 = add i9 %sext_ln628_3, i9 %sext_ln628"   --->   Operation 125 'add' 'add_ln840_3' <Predicate = (!icmp_ln249)> <Delay = 2.10> <CoreInst = "DSP48">   --->   Core 119 'DSP48' <Latency = 3> <II = 1> <Delay = 2.15> <IPBlock> <Opcode : 'mul' 'add' 'sub' 'select'> <InPorts = 0> <OutPorts = 1> <Sync> <CReg>
ST_5 : Operation 126 [1/2] (2.10ns) (root node of the DSP)   --->   "%add_ln840_4 = add i9 %sext_ln628_1, i9 %sext_ln840_1"   --->   Operation 126 'add' 'add_ln840_4' <Predicate = (!icmp_ln249)> <Delay = 2.10> <CoreInst = "DSP48">   --->   Core 119 'DSP48' <Latency = 3> <II = 1> <Delay = 2.15> <IPBlock> <Opcode : 'mul' 'add' 'sub' 'select'> <InPorts = 0> <OutPorts = 1> <Sync> <CReg>
ST_5 : Operation 127 [1/1] (0.00ns)   --->   "%sext_ln840_4 = sext i9 %add_ln840_4"   --->   Operation 127 'sext' 'sext_ln840_4' <Predicate = (!icmp_ln249)> <Delay = 0.00>
ST_5 : Operation 128 [2/2] (2.10ns) (root node of the DSP)   --->   "%add_ln840_5 = add i10 %sext_ln840_4, i10 %sext_ln628_2"   --->   Operation 128 'add' 'add_ln840_5' <Predicate = (!icmp_ln249)> <Delay = 2.10> <CoreInst = "DSP48">   --->   Core 119 'DSP48' <Latency = 3> <II = 1> <Delay = 2.15> <IPBlock> <Opcode : 'mul' 'add' 'sub' 'select'> <InPorts = 0> <OutPorts = 1> <Sync> <CReg>

State 6 <SV = 5> <Delay = 3.83>
ST_6 : Operation 129 [1/1] (0.00ns)   --->   "%accu_V_load = load i12 %accu_V" [/home/miguel_tfg/FINN-v0.9-Stable/deps/finn-hlslib/mvau.hpp:272]   --->   Operation 129 'load' 'accu_V_load' <Predicate = (!icmp_ln249 & !icmp_ln272)> <Delay = 0.00>
ST_6 : Operation 130 [1/1] (0.69ns)   --->   "%accu_V_1 = select i1 %icmp_ln272, i12 0, i12 %accu_V_load" [/home/miguel_tfg/FINN-v0.9-Stable/deps/finn-hlslib/mvau.hpp:272]   --->   Operation 130 'select' 'accu_V_1' <Predicate = (!icmp_ln249)> <Delay = 0.69> <CoreInst = "Sel">   --->   Core 73 'Sel' <Latency = 0> <II = 1> <Delay = 0.69> <FuncUnit> <Opcode : 'select'> <InPorts = 3> <OutPorts = 1>
ST_6 : Operation 131 [1/3] (0.00ns) (grouped into DSP with root node add_ln840)   --->   "%ret_V_5 = mul i8 %zext_ln186_5, i8 %sext_ln186_5"   --->   Operation 131 'mul' 'ret_V_5' <Predicate = (!icmp_ln249)> <Delay = 0.00> <CoreInst = "DSP48">   --->   Core 119 'DSP48' <Latency = 3> <II = 1> <Delay = 2.15> <IPBlock> <Opcode : 'mul' 'add' 'sub' 'select'> <InPorts = 0> <OutPorts = 1> <Sync> <CReg>
ST_6 : Operation 132 [1/1] (0.00ns) (grouped into DSP with root node add_ln840)   --->   "%sext_ln840 = sext i8 %ret_V_5"   --->   Operation 132 'sext' 'sext_ln840' <Predicate = (!icmp_ln249)> <Delay = 0.00>
ST_6 : Operation 133 [2/2] (2.10ns) (root node of the DSP)   --->   "%add_ln840 = add i12 %accu_V_1, i12 %sext_ln840"   --->   Operation 133 'add' 'add_ln840' <Predicate = (!icmp_ln249)> <Delay = 2.10> <CoreInst = "DSP48">   --->   Core 119 'DSP48' <Latency = 3> <II = 1> <Delay = 2.15> <IPBlock> <Opcode : 'mul' 'add' 'sub' 'select'> <InPorts = 0> <OutPorts = 1> <Sync> <CReg>
ST_6 : Operation 134 [1/1] (0.00ns)   --->   "%sext_ln840_3 = sext i9 %add_ln840_3"   --->   Operation 134 'sext' 'sext_ln840_3' <Predicate = (!icmp_ln249)> <Delay = 0.00>
ST_6 : Operation 135 [1/2] (2.10ns) (root node of the DSP)   --->   "%add_ln840_5 = add i10 %sext_ln840_4, i10 %sext_ln628_2"   --->   Operation 135 'add' 'add_ln840_5' <Predicate = (!icmp_ln249)> <Delay = 2.10> <CoreInst = "DSP48">   --->   Core 119 'DSP48' <Latency = 3> <II = 1> <Delay = 2.15> <IPBlock> <Opcode : 'mul' 'add' 'sub' 'select'> <InPorts = 0> <OutPorts = 1> <Sync> <CReg>
ST_6 : Operation 136 [1/1] (0.00ns)   --->   "%sext_ln840_5 = sext i10 %add_ln840_5"   --->   Operation 136 'sext' 'sext_ln840_5' <Predicate = (!icmp_ln249)> <Delay = 0.00>
ST_6 : Operation 137 [1/1] (1.73ns)   --->   "%add_ln840_6 = add i11 %sext_ln840_5, i11 %sext_ln840_3"   --->   Operation 137 'add' 'add_ln840_6' <Predicate = (!icmp_ln249)> <Delay = 1.73> <CoreInst = "Adder">   --->   Core 1 'Adder' <Latency = 0> <II = 1> <Delay = 1.73> <FuncUnit> <Opcode : 'add' 'sub'> <InPorts = 2> <OutPorts = 1>

State 7 <SV = 6> <Delay = 5.88>
ST_7 : Operation 138 [1/2] (2.10ns) (root node of the DSP)   --->   "%add_ln840 = add i12 %accu_V_1, i12 %sext_ln840"   --->   Operation 138 'add' 'add_ln840' <Predicate = (!icmp_ln249)> <Delay = 2.10> <CoreInst = "DSP48">   --->   Core 119 'DSP48' <Latency = 3> <II = 1> <Delay = 2.15> <IPBlock> <Opcode : 'mul' 'add' 'sub' 'select'> <InPorts = 0> <OutPorts = 1> <Sync> <CReg>
ST_7 : Operation 139 [1/1] (0.00ns)   --->   "%sext_ln840_2 = sext i9 %add_ln840_1"   --->   Operation 139 'sext' 'sext_ln840_2' <Predicate = (!icmp_ln249)> <Delay = 0.00>
ST_7 : Operation 140 [1/1] (0.00ns) (grouped into TernaryAdder)   --->   "%add_ln840_2 = add i12 %sext_ln840_2, i12 %add_ln840"   --->   Operation 140 'add' 'add_ln840_2' <Predicate = (!icmp_ln249)> <Delay = 0.00> <CoreInst = "TAddSub">   --->   Core 10 'TAddSub' <Latency = 0> <II = 1> <Delay = 1.83> <IPBlock> <Opcode : 'add' 'sub'> <InPorts = 3> <OutPorts = 1> <Sync> <CReg>
ST_7 : Operation 141 [1/1] (0.00ns)   --->   "%sext_ln840_6 = sext i11 %add_ln840_6"   --->   Operation 141 'sext' 'sext_ln840_6' <Predicate = (!icmp_ln249)> <Delay = 0.00>
ST_7 : Operation 142 [1/1] (3.78ns) (root node of TernaryAdder)   --->   "%accu_V_2 = add i12 %sext_ln840_6, i12 %add_ln840_2"   --->   Operation 142 'add' 'accu_V_2' <Predicate = (!icmp_ln249)> <Delay = 3.78> <CoreInst = "TAddSub">   --->   Core 10 'TAddSub' <Latency = 0> <II = 1> <Delay = 1.83> <IPBlock> <Opcode : 'add' 'sub'> <InPorts = 3> <OutPorts = 1> <Sync> <CReg>
ST_7 : Operation 143 [1/1] (0.00ns)   --->   "%store_ln249 = store i12 %accu_V_2, i12 %accu_V" [/home/miguel_tfg/FINN-v0.9-Stable/deps/finn-hlslib/mvau.hpp:249]   --->   Operation 143 'store' 'store_ln249' <Predicate = (!icmp_ln249)> <Delay = 0.00>
ST_7 : Operation 144 [1/1] (0.00ns)   --->   "%br_ln249 = br void %for.body" [/home/miguel_tfg/FINN-v0.9-Stable/deps/finn-hlslib/mvau.hpp:249]   --->   Operation 144 'br' 'br_ln249' <Predicate = (!icmp_ln249)> <Delay = 0.00>

State 8 <SV = 7> <Delay = 6.09>
ST_8 : Operation 145 [1/1] (0.00ns) (grouped into LUT with out node icmp_ln1039)   --->   "%select_ln1039 = select i1 %trunc_ln218, i12 4004, i12 4033"   --->   Operation 145 'select' 'select_ln1039' <Predicate = (!icmp_ln249 & icmp_ln290)> <Delay = 0.00> <CoreInst = "Sel">   --->   Core 73 'Sel' <Latency = 0> <II = 1> <Delay = 1.24> <FuncUnit> <Opcode : 'select'> <InPorts = 3> <OutPorts = 1>
ST_8 : Operation 146 [1/1] (1.99ns) (out node of the LUT)   --->   "%icmp_ln1039 = icmp_slt  i12 %accu_V_2, i12 %select_ln1039"   --->   Operation 146 'icmp' 'icmp_ln1039' <Predicate = (!icmp_ln249 & icmp_ln290)> <Delay = 1.99> <CoreInst = "Cmp">   --->   Core 9 'Cmp' <Latency = 0> <II = 1> <Delay = 1.99> <FuncUnit> <Opcode : 'icmp'> <InPorts = 2> <OutPorts = 1>
ST_8 : Operation 147 [1/1] (0.97ns)   --->   "%xor_ln1039 = xor i1 %icmp_ln1039, i1 1"   --->   Operation 147 'xor' 'xor_ln1039' <Predicate = (!icmp_ln249 & icmp_ln290)> <Delay = 0.97> <CoreInst = "LogicGate">   --->   Core 74 'LogicGate' <Latency = 0> <II = 1> <Delay = 0.97> <FuncUnit> <Opcode : 'and' 'or' 'xor'> <InPorts = 2> <OutPorts = 1>
ST_8 : Operation 148 [1/1] (0.00ns) (grouped into LUT with out node icmp_ln1039_1)   --->   "%select_ln1039_1 = select i1 %trunc_ln218, i12 4005, i12 4034"   --->   Operation 148 'select' 'select_ln1039_1' <Predicate = (!icmp_ln249 & icmp_ln290)> <Delay = 0.00> <CoreInst = "Sel">   --->   Core 73 'Sel' <Latency = 0> <II = 1> <Delay = 1.24> <FuncUnit> <Opcode : 'select'> <InPorts = 3> <OutPorts = 1>
ST_8 : Operation 149 [1/1] (1.99ns) (out node of the LUT)   --->   "%icmp_ln1039_1 = icmp_slt  i12 %accu_V_2, i12 %select_ln1039_1"   --->   Operation 149 'icmp' 'icmp_ln1039_1' <Predicate = (!icmp_ln249 & icmp_ln290)> <Delay = 1.99> <CoreInst = "Cmp">   --->   Core 9 'Cmp' <Latency = 0> <II = 1> <Delay = 1.99> <FuncUnit> <Opcode : 'icmp'> <InPorts = 2> <OutPorts = 1>
ST_8 : Operation 150 [1/1] (0.00ns) (grouped into LUT with out node icmp_ln1039_2)   --->   "%select_ln1039_2 = select i1 %trunc_ln218, i12 4006, i12 4035"   --->   Operation 150 'select' 'select_ln1039_2' <Predicate = (!icmp_ln249 & icmp_ln290)> <Delay = 0.00> <CoreInst = "Sel">   --->   Core 73 'Sel' <Latency = 0> <II = 1> <Delay = 1.24> <FuncUnit> <Opcode : 'select'> <InPorts = 3> <OutPorts = 1>
ST_8 : Operation 151 [1/1] (1.99ns) (out node of the LUT)   --->   "%icmp_ln1039_2 = icmp_slt  i12 %accu_V_2, i12 %select_ln1039_2"   --->   Operation 151 'icmp' 'icmp_ln1039_2' <Predicate = (!icmp_ln249 & icmp_ln290)> <Delay = 1.99> <CoreInst = "Cmp">   --->   Core 9 'Cmp' <Latency = 0> <II = 1> <Delay = 1.99> <FuncUnit> <Opcode : 'icmp'> <InPorts = 2> <OutPorts = 1>
ST_8 : Operation 152 [1/1] (0.00ns) (grouped into LUT with out node icmp_ln1039_3)   --->   "%select_ln1039_3 = select i1 %trunc_ln218, i12 4007, i12 4036"   --->   Operation 152 'select' 'select_ln1039_3' <Predicate = (!icmp_ln249 & icmp_ln290)> <Delay = 0.00> <CoreInst = "Sel">   --->   Core 73 'Sel' <Latency = 0> <II = 1> <Delay = 1.24> <FuncUnit> <Opcode : 'select'> <InPorts = 3> <OutPorts = 1>
ST_8 : Operation 153 [1/1] (1.99ns) (out node of the LUT)   --->   "%icmp_ln1039_3 = icmp_slt  i12 %accu_V_2, i12 %select_ln1039_3"   --->   Operation 153 'icmp' 'icmp_ln1039_3' <Predicate = (!icmp_ln249 & icmp_ln290)> <Delay = 1.99> <CoreInst = "Cmp">   --->   Core 9 'Cmp' <Latency = 0> <II = 1> <Delay = 1.99> <FuncUnit> <Opcode : 'icmp'> <InPorts = 2> <OutPorts = 1>
ST_8 : Operation 154 [1/1] (0.00ns) (grouped into LUT with out node icmp_ln1039_4)   --->   "%select_ln1039_4 = select i1 %trunc_ln218, i12 4008, i12 4037"   --->   Operation 154 'select' 'select_ln1039_4' <Predicate = (!icmp_ln249 & icmp_ln290)> <Delay = 0.00> <CoreInst = "Sel">   --->   Core 73 'Sel' <Latency = 0> <II = 1> <Delay = 1.24> <FuncUnit> <Opcode : 'select'> <InPorts = 3> <OutPorts = 1>
ST_8 : Operation 155 [1/1] (1.99ns) (out node of the LUT)   --->   "%icmp_ln1039_4 = icmp_slt  i12 %accu_V_2, i12 %select_ln1039_4"   --->   Operation 155 'icmp' 'icmp_ln1039_4' <Predicate = (!icmp_ln249 & icmp_ln290)> <Delay = 1.99> <CoreInst = "Cmp">   --->   Core 9 'Cmp' <Latency = 0> <II = 1> <Delay = 1.99> <FuncUnit> <Opcode : 'icmp'> <InPorts = 2> <OutPorts = 1>
ST_8 : Operation 156 [1/1] (0.00ns) (grouped into LUT with out node add_ln840_12)   --->   "%xor_ln1039_4 = xor i1 %icmp_ln1039_4, i1 1"   --->   Operation 156 'xor' 'xor_ln1039_4' <Predicate = (!icmp_ln249 & icmp_ln290)> <Delay = 0.00> <CoreInst = "LogicGate">   --->   Core 74 'LogicGate' <Latency = 0> <II = 1> <Delay = 0.97> <FuncUnit> <Opcode : 'and' 'or' 'xor'> <InPorts = 2> <OutPorts = 1>
ST_8 : Operation 157 [1/1] (0.00ns) (grouped into LUT with out node add_ln840_12)   --->   "%zext_ln1039_1 = zext i1 %xor_ln1039_4"   --->   Operation 157 'zext' 'zext_ln1039_1' <Predicate = (!icmp_ln249 & icmp_ln290)> <Delay = 0.00>
ST_8 : Operation 158 [1/1] (0.00ns) (grouped into LUT with out node icmp_ln1039_5)   --->   "%select_ln1039_5 = select i1 %trunc_ln218, i12 4009, i12 4038"   --->   Operation 158 'select' 'select_ln1039_5' <Predicate = (!icmp_ln249 & icmp_ln290)> <Delay = 0.00> <CoreInst = "Sel">   --->   Core 73 'Sel' <Latency = 0> <II = 1> <Delay = 1.24> <FuncUnit> <Opcode : 'select'> <InPorts = 3> <OutPorts = 1>
ST_8 : Operation 159 [1/1] (1.99ns) (out node of the LUT)   --->   "%icmp_ln1039_5 = icmp_slt  i12 %accu_V_2, i12 %select_ln1039_5"   --->   Operation 159 'icmp' 'icmp_ln1039_5' <Predicate = (!icmp_ln249 & icmp_ln290)> <Delay = 1.99> <CoreInst = "Cmp">   --->   Core 9 'Cmp' <Latency = 0> <II = 1> <Delay = 1.99> <FuncUnit> <Opcode : 'icmp'> <InPorts = 2> <OutPorts = 1>
ST_8 : Operation 160 [1/1] (0.97ns)   --->   "%xor_ln1039_5 = xor i1 %icmp_ln1039_5, i1 1"   --->   Operation 160 'xor' 'xor_ln1039_5' <Predicate = (!icmp_ln249 & icmp_ln290)> <Delay = 0.97> <CoreInst = "LogicGate">   --->   Core 74 'LogicGate' <Latency = 0> <II = 1> <Delay = 0.97> <FuncUnit> <Opcode : 'and' 'or' 'xor'> <InPorts = 2> <OutPorts = 1>
ST_8 : Operation 161 [1/1] (0.00ns)   --->   "%zext_ln1039_2 = zext i1 %xor_ln1039_5"   --->   Operation 161 'zext' 'zext_ln1039_2' <Predicate = (!icmp_ln249 & icmp_ln290)> <Delay = 0.00>
ST_8 : Operation 162 [1/1] (0.00ns) (grouped into LUT with out node icmp_ln1039_6)   --->   "%select_ln1039_6 = select i1 %trunc_ln218, i12 4010, i12 4039"   --->   Operation 162 'select' 'select_ln1039_6' <Predicate = (!icmp_ln249 & icmp_ln290)> <Delay = 0.00> <CoreInst = "Sel">   --->   Core 73 'Sel' <Latency = 0> <II = 1> <Delay = 1.24> <FuncUnit> <Opcode : 'select'> <InPorts = 3> <OutPorts = 1>
ST_8 : Operation 163 [1/1] (1.99ns) (out node of the LUT)   --->   "%icmp_ln1039_6 = icmp_slt  i12 %accu_V_2, i12 %select_ln1039_6"   --->   Operation 163 'icmp' 'icmp_ln1039_6' <Predicate = (!icmp_ln249 & icmp_ln290)> <Delay = 1.99> <CoreInst = "Cmp">   --->   Core 9 'Cmp' <Latency = 0> <II = 1> <Delay = 1.99> <FuncUnit> <Opcode : 'icmp'> <InPorts = 2> <OutPorts = 1>
ST_8 : Operation 164 [1/1] (0.00ns) (grouped into LUT with out node add_ln840_13)   --->   "%xor_ln1039_6 = xor i1 %icmp_ln1039_6, i1 1"   --->   Operation 164 'xor' 'xor_ln1039_6' <Predicate = (!icmp_ln249 & icmp_ln290)> <Delay = 0.00> <CoreInst = "LogicGate">   --->   Core 74 'LogicGate' <Latency = 0> <II = 1> <Delay = 0.97> <FuncUnit> <Opcode : 'and' 'or' 'xor'> <InPorts = 2> <OutPorts = 1>
ST_8 : Operation 165 [1/1] (0.00ns) (grouped into LUT with out node add_ln840_13)   --->   "%zext_ln1039_3 = zext i1 %xor_ln1039_6"   --->   Operation 165 'zext' 'zext_ln1039_3' <Predicate = (!icmp_ln249 & icmp_ln290)> <Delay = 0.00>
ST_8 : Operation 166 [1/1] (0.00ns) (grouped into LUT with out node icmp_ln1039_7)   --->   "%select_ln1039_7 = select i1 %trunc_ln218, i12 4011, i12 4040"   --->   Operation 166 'select' 'select_ln1039_7' <Predicate = (!icmp_ln249 & icmp_ln290)> <Delay = 0.00> <CoreInst = "Sel">   --->   Core 73 'Sel' <Latency = 0> <II = 1> <Delay = 1.24> <FuncUnit> <Opcode : 'select'> <InPorts = 3> <OutPorts = 1>
ST_8 : Operation 167 [1/1] (1.99ns) (out node of the LUT)   --->   "%icmp_ln1039_7 = icmp_slt  i12 %accu_V_2, i12 %select_ln1039_7"   --->   Operation 167 'icmp' 'icmp_ln1039_7' <Predicate = (!icmp_ln249 & icmp_ln290)> <Delay = 1.99> <CoreInst = "Cmp">   --->   Core 9 'Cmp' <Latency = 0> <II = 1> <Delay = 1.99> <FuncUnit> <Opcode : 'icmp'> <InPorts = 2> <OutPorts = 1>
ST_8 : Operation 168 [1/1] (0.00ns) (grouped into LUT with out node icmp_ln1039_8)   --->   "%select_ln1039_8 = select i1 %trunc_ln218, i12 4012, i12 4041"   --->   Operation 168 'select' 'select_ln1039_8' <Predicate = (!icmp_ln249 & icmp_ln290)> <Delay = 0.00> <CoreInst = "Sel">   --->   Core 73 'Sel' <Latency = 0> <II = 1> <Delay = 1.24> <FuncUnit> <Opcode : 'select'> <InPorts = 3> <OutPorts = 1>
ST_8 : Operation 169 [1/1] (1.99ns) (out node of the LUT)   --->   "%icmp_ln1039_8 = icmp_slt  i12 %accu_V_2, i12 %select_ln1039_8"   --->   Operation 169 'icmp' 'icmp_ln1039_8' <Predicate = (!icmp_ln249 & icmp_ln290)> <Delay = 1.99> <CoreInst = "Cmp">   --->   Core 9 'Cmp' <Latency = 0> <II = 1> <Delay = 1.99> <FuncUnit> <Opcode : 'icmp'> <InPorts = 2> <OutPorts = 1>
ST_8 : Operation 170 [1/1] (0.00ns) (grouped into LUT with out node icmp_ln1039_9)   --->   "%select_ln1039_9 = select i1 %trunc_ln218, i12 4013, i12 4042"   --->   Operation 170 'select' 'select_ln1039_9' <Predicate = (!icmp_ln249 & icmp_ln290)> <Delay = 0.00> <CoreInst = "Sel">   --->   Core 73 'Sel' <Latency = 0> <II = 1> <Delay = 1.24> <FuncUnit> <Opcode : 'select'> <InPorts = 3> <OutPorts = 1>
ST_8 : Operation 171 [1/1] (1.99ns) (out node of the LUT)   --->   "%icmp_ln1039_9 = icmp_slt  i12 %accu_V_2, i12 %select_ln1039_9"   --->   Operation 171 'icmp' 'icmp_ln1039_9' <Predicate = (!icmp_ln249 & icmp_ln290)> <Delay = 1.99> <CoreInst = "Cmp">   --->   Core 9 'Cmp' <Latency = 0> <II = 1> <Delay = 1.99> <FuncUnit> <Opcode : 'icmp'> <InPorts = 2> <OutPorts = 1>
ST_8 : Operation 172 [1/1] (0.00ns) (grouped into LUT with out node icmp_ln1039_10)   --->   "%select_ln1039_10 = select i1 %trunc_ln218, i12 4014, i12 4043"   --->   Operation 172 'select' 'select_ln1039_10' <Predicate = (!icmp_ln249 & icmp_ln290)> <Delay = 0.00> <CoreInst = "Sel">   --->   Core 73 'Sel' <Latency = 0> <II = 1> <Delay = 1.24> <FuncUnit> <Opcode : 'select'> <InPorts = 3> <OutPorts = 1>
ST_8 : Operation 173 [1/1] (1.99ns) (out node of the LUT)   --->   "%icmp_ln1039_10 = icmp_slt  i12 %accu_V_2, i12 %select_ln1039_10"   --->   Operation 173 'icmp' 'icmp_ln1039_10' <Predicate = (!icmp_ln249 & icmp_ln290)> <Delay = 1.99> <CoreInst = "Cmp">   --->   Core 9 'Cmp' <Latency = 0> <II = 1> <Delay = 1.99> <FuncUnit> <Opcode : 'icmp'> <InPorts = 2> <OutPorts = 1>
ST_8 : Operation 174 [1/1] (0.97ns)   --->   "%xor_ln1039_10 = xor i1 %icmp_ln1039_10, i1 1"   --->   Operation 174 'xor' 'xor_ln1039_10' <Predicate = (!icmp_ln249 & icmp_ln290)> <Delay = 0.97> <CoreInst = "LogicGate">   --->   Core 74 'LogicGate' <Latency = 0> <II = 1> <Delay = 0.97> <FuncUnit> <Opcode : 'and' 'or' 'xor'> <InPorts = 2> <OutPorts = 1>
ST_8 : Operation 175 [1/1] (0.00ns) (grouped into LUT with out node icmp_ln1039_11)   --->   "%select_ln1039_11 = select i1 %trunc_ln218, i12 4015, i12 4044"   --->   Operation 175 'select' 'select_ln1039_11' <Predicate = (!icmp_ln249 & icmp_ln290)> <Delay = 0.00> <CoreInst = "Sel">   --->   Core 73 'Sel' <Latency = 0> <II = 1> <Delay = 1.24> <FuncUnit> <Opcode : 'select'> <InPorts = 3> <OutPorts = 1>
ST_8 : Operation 176 [1/1] (1.99ns) (out node of the LUT)   --->   "%icmp_ln1039_11 = icmp_slt  i12 %accu_V_2, i12 %select_ln1039_11"   --->   Operation 176 'icmp' 'icmp_ln1039_11' <Predicate = (!icmp_ln249 & icmp_ln290)> <Delay = 1.99> <CoreInst = "Cmp">   --->   Core 9 'Cmp' <Latency = 0> <II = 1> <Delay = 1.99> <FuncUnit> <Opcode : 'icmp'> <InPorts = 2> <OutPorts = 1>
ST_8 : Operation 177 [1/1] (0.97ns)   --->   "%xor_ln1039_11 = xor i1 %icmp_ln1039_11, i1 1"   --->   Operation 177 'xor' 'xor_ln1039_11' <Predicate = (!icmp_ln249 & icmp_ln290)> <Delay = 0.97> <CoreInst = "LogicGate">   --->   Core 74 'LogicGate' <Latency = 0> <II = 1> <Delay = 0.97> <FuncUnit> <Opcode : 'and' 'or' 'xor'> <InPorts = 2> <OutPorts = 1>
ST_8 : Operation 178 [1/1] (0.00ns) (grouped into LUT with out node icmp_ln1039_12)   --->   "%select_ln1039_12 = select i1 %trunc_ln218, i12 4016, i12 4045"   --->   Operation 178 'select' 'select_ln1039_12' <Predicate = (!icmp_ln249 & icmp_ln290)> <Delay = 0.00> <CoreInst = "Sel">   --->   Core 73 'Sel' <Latency = 0> <II = 1> <Delay = 1.24> <FuncUnit> <Opcode : 'select'> <InPorts = 3> <OutPorts = 1>
ST_8 : Operation 179 [1/1] (1.99ns) (out node of the LUT)   --->   "%icmp_ln1039_12 = icmp_slt  i12 %accu_V_2, i12 %select_ln1039_12"   --->   Operation 179 'icmp' 'icmp_ln1039_12' <Predicate = (!icmp_ln249 & icmp_ln290)> <Delay = 1.99> <CoreInst = "Cmp">   --->   Core 9 'Cmp' <Latency = 0> <II = 1> <Delay = 1.99> <FuncUnit> <Opcode : 'icmp'> <InPorts = 2> <OutPorts = 1>
ST_8 : Operation 180 [1/1] (0.00ns) (grouped into LUT with out node icmp_ln1039_13)   --->   "%select_ln1039_13 = select i1 %trunc_ln218, i12 4017, i12 4046"   --->   Operation 180 'select' 'select_ln1039_13' <Predicate = (!icmp_ln249 & icmp_ln290)> <Delay = 0.00> <CoreInst = "Sel">   --->   Core 73 'Sel' <Latency = 0> <II = 1> <Delay = 1.24> <FuncUnit> <Opcode : 'select'> <InPorts = 3> <OutPorts = 1>
ST_8 : Operation 181 [1/1] (1.99ns) (out node of the LUT)   --->   "%icmp_ln1039_13 = icmp_slt  i12 %accu_V_2, i12 %select_ln1039_13"   --->   Operation 181 'icmp' 'icmp_ln1039_13' <Predicate = (!icmp_ln249 & icmp_ln290)> <Delay = 1.99> <CoreInst = "Cmp">   --->   Core 9 'Cmp' <Latency = 0> <II = 1> <Delay = 1.99> <FuncUnit> <Opcode : 'icmp'> <InPorts = 2> <OutPorts = 1>
ST_8 : Operation 182 [1/1] (0.00ns) (grouped into LUT with out node icmp_ln1039_14)   --->   "%select_ln1039_14 = select i1 %trunc_ln218, i12 4018, i12 4047"   --->   Operation 182 'select' 'select_ln1039_14' <Predicate = (!icmp_ln249 & icmp_ln290)> <Delay = 0.00> <CoreInst = "Sel">   --->   Core 73 'Sel' <Latency = 0> <II = 1> <Delay = 1.24> <FuncUnit> <Opcode : 'select'> <InPorts = 3> <OutPorts = 1>
ST_8 : Operation 183 [1/1] (1.99ns) (out node of the LUT)   --->   "%icmp_ln1039_14 = icmp_slt  i12 %accu_V_2, i12 %select_ln1039_14"   --->   Operation 183 'icmp' 'icmp_ln1039_14' <Predicate = (!icmp_ln249 & icmp_ln290)> <Delay = 1.99> <CoreInst = "Cmp">   --->   Core 9 'Cmp' <Latency = 0> <II = 1> <Delay = 1.99> <FuncUnit> <Opcode : 'icmp'> <InPorts = 2> <OutPorts = 1>
ST_8 : Operation 184 [1/1] (0.00ns) (grouped into LUT with out node icmp_ln1039_15)   --->   "%select_ln1039_15 = select i1 %trunc_ln218, i12 4019, i12 4048"   --->   Operation 184 'select' 'select_ln1039_15' <Predicate = (!icmp_ln249 & icmp_ln290)> <Delay = 0.00> <CoreInst = "Sel">   --->   Core 73 'Sel' <Latency = 0> <II = 1> <Delay = 1.24> <FuncUnit> <Opcode : 'select'> <InPorts = 3> <OutPorts = 1>
ST_8 : Operation 185 [1/1] (1.99ns) (out node of the LUT)   --->   "%icmp_ln1039_15 = icmp_slt  i12 %accu_V_2, i12 %select_ln1039_15"   --->   Operation 185 'icmp' 'icmp_ln1039_15' <Predicate = (!icmp_ln249 & icmp_ln290)> <Delay = 1.99> <CoreInst = "Cmp">   --->   Core 9 'Cmp' <Latency = 0> <II = 1> <Delay = 1.99> <FuncUnit> <Opcode : 'icmp'> <InPorts = 2> <OutPorts = 1>
ST_8 : Operation 186 [1/1] (0.00ns) (grouped into LUT with out node icmp_ln1039_16)   --->   "%select_ln1039_16 = select i1 %trunc_ln218, i12 4020, i12 4049"   --->   Operation 186 'select' 'select_ln1039_16' <Predicate = (!icmp_ln249 & icmp_ln290)> <Delay = 0.00> <CoreInst = "Sel">   --->   Core 73 'Sel' <Latency = 0> <II = 1> <Delay = 1.24> <FuncUnit> <Opcode : 'select'> <InPorts = 3> <OutPorts = 1>
ST_8 : Operation 187 [1/1] (1.99ns) (out node of the LUT)   --->   "%icmp_ln1039_16 = icmp_slt  i12 %accu_V_2, i12 %select_ln1039_16"   --->   Operation 187 'icmp' 'icmp_ln1039_16' <Predicate = (!icmp_ln249 & icmp_ln290)> <Delay = 1.99> <CoreInst = "Cmp">   --->   Core 9 'Cmp' <Latency = 0> <II = 1> <Delay = 1.99> <FuncUnit> <Opcode : 'icmp'> <InPorts = 2> <OutPorts = 1>
ST_8 : Operation 188 [1/1] (0.97ns)   --->   "%xor_ln1039_16 = xor i1 %icmp_ln1039_16, i1 1"   --->   Operation 188 'xor' 'xor_ln1039_16' <Predicate = (!icmp_ln249 & icmp_ln290)> <Delay = 0.97> <CoreInst = "LogicGate">   --->   Core 74 'LogicGate' <Latency = 0> <II = 1> <Delay = 0.97> <FuncUnit> <Opcode : 'and' 'or' 'xor'> <InPorts = 2> <OutPorts = 1>
ST_8 : Operation 189 [1/1] (0.00ns) (grouped into LUT with out node icmp_ln1039_17)   --->   "%select_ln1039_17 = select i1 %trunc_ln218, i12 4021, i12 4050"   --->   Operation 189 'select' 'select_ln1039_17' <Predicate = (!icmp_ln249 & icmp_ln290)> <Delay = 0.00> <CoreInst = "Sel">   --->   Core 73 'Sel' <Latency = 0> <II = 1> <Delay = 1.24> <FuncUnit> <Opcode : 'select'> <InPorts = 3> <OutPorts = 1>
ST_8 : Operation 190 [1/1] (1.99ns) (out node of the LUT)   --->   "%icmp_ln1039_17 = icmp_slt  i12 %accu_V_2, i12 %select_ln1039_17"   --->   Operation 190 'icmp' 'icmp_ln1039_17' <Predicate = (!icmp_ln249 & icmp_ln290)> <Delay = 1.99> <CoreInst = "Cmp">   --->   Core 9 'Cmp' <Latency = 0> <II = 1> <Delay = 1.99> <FuncUnit> <Opcode : 'icmp'> <InPorts = 2> <OutPorts = 1>
ST_8 : Operation 191 [1/1] (0.97ns)   --->   "%xor_ln1039_17 = xor i1 %icmp_ln1039_17, i1 1"   --->   Operation 191 'xor' 'xor_ln1039_17' <Predicate = (!icmp_ln249 & icmp_ln290)> <Delay = 0.97> <CoreInst = "LogicGate">   --->   Core 74 'LogicGate' <Latency = 0> <II = 1> <Delay = 0.97> <FuncUnit> <Opcode : 'and' 'or' 'xor'> <InPorts = 2> <OutPorts = 1>
ST_8 : Operation 192 [1/1] (0.00ns) (grouped into LUT with out node icmp_ln1039_18)   --->   "%select_ln1039_18 = select i1 %trunc_ln218, i12 4022, i12 4051"   --->   Operation 192 'select' 'select_ln1039_18' <Predicate = (!icmp_ln249 & icmp_ln290)> <Delay = 0.00> <CoreInst = "Sel">   --->   Core 73 'Sel' <Latency = 0> <II = 1> <Delay = 1.24> <FuncUnit> <Opcode : 'select'> <InPorts = 3> <OutPorts = 1>
ST_8 : Operation 193 [1/1] (1.99ns) (out node of the LUT)   --->   "%icmp_ln1039_18 = icmp_slt  i12 %accu_V_2, i12 %select_ln1039_18"   --->   Operation 193 'icmp' 'icmp_ln1039_18' <Predicate = (!icmp_ln249 & icmp_ln290)> <Delay = 1.99> <CoreInst = "Cmp">   --->   Core 9 'Cmp' <Latency = 0> <II = 1> <Delay = 1.99> <FuncUnit> <Opcode : 'icmp'> <InPorts = 2> <OutPorts = 1>
ST_8 : Operation 194 [1/1] (0.00ns) (grouped into LUT with out node icmp_ln1039_19)   --->   "%select_ln1039_19 = select i1 %trunc_ln218, i12 4023, i12 4052"   --->   Operation 194 'select' 'select_ln1039_19' <Predicate = (!icmp_ln249 & icmp_ln290)> <Delay = 0.00> <CoreInst = "Sel">   --->   Core 73 'Sel' <Latency = 0> <II = 1> <Delay = 1.24> <FuncUnit> <Opcode : 'select'> <InPorts = 3> <OutPorts = 1>
ST_8 : Operation 195 [1/1] (1.99ns) (out node of the LUT)   --->   "%icmp_ln1039_19 = icmp_slt  i12 %accu_V_2, i12 %select_ln1039_19"   --->   Operation 195 'icmp' 'icmp_ln1039_19' <Predicate = (!icmp_ln249 & icmp_ln290)> <Delay = 1.99> <CoreInst = "Cmp">   --->   Core 9 'Cmp' <Latency = 0> <II = 1> <Delay = 1.99> <FuncUnit> <Opcode : 'icmp'> <InPorts = 2> <OutPorts = 1>
ST_8 : Operation 196 [1/1] (0.00ns) (grouped into LUT with out node icmp_ln1039_20)   --->   "%select_ln1039_20 = select i1 %trunc_ln218, i12 4024, i12 4053"   --->   Operation 196 'select' 'select_ln1039_20' <Predicate = (!icmp_ln249 & icmp_ln290)> <Delay = 0.00> <CoreInst = "Sel">   --->   Core 73 'Sel' <Latency = 0> <II = 1> <Delay = 1.24> <FuncUnit> <Opcode : 'select'> <InPorts = 3> <OutPorts = 1>
ST_8 : Operation 197 [1/1] (1.99ns) (out node of the LUT)   --->   "%icmp_ln1039_20 = icmp_slt  i12 %accu_V_2, i12 %select_ln1039_20"   --->   Operation 197 'icmp' 'icmp_ln1039_20' <Predicate = (!icmp_ln249 & icmp_ln290)> <Delay = 1.99> <CoreInst = "Cmp">   --->   Core 9 'Cmp' <Latency = 0> <II = 1> <Delay = 1.99> <FuncUnit> <Opcode : 'icmp'> <InPorts = 2> <OutPorts = 1>
ST_8 : Operation 198 [1/1] (0.00ns) (grouped into LUT with out node add_ln840_32)   --->   "%xor_ln1039_20 = xor i1 %icmp_ln1039_20, i1 1"   --->   Operation 198 'xor' 'xor_ln1039_20' <Predicate = (!icmp_ln249 & icmp_ln290)> <Delay = 0.00> <CoreInst = "LogicGate">   --->   Core 74 'LogicGate' <Latency = 0> <II = 1> <Delay = 0.97> <FuncUnit> <Opcode : 'and' 'or' 'xor'> <InPorts = 2> <OutPorts = 1>
ST_8 : Operation 199 [1/1] (0.00ns) (grouped into LUT with out node add_ln840_32)   --->   "%zext_ln1039_12 = zext i1 %xor_ln1039_20"   --->   Operation 199 'zext' 'zext_ln1039_12' <Predicate = (!icmp_ln249 & icmp_ln290)> <Delay = 0.00>
ST_8 : Operation 200 [1/1] (0.00ns) (grouped into LUT with out node icmp_ln1039_21)   --->   "%select_ln1039_21 = select i1 %trunc_ln218, i12 4025, i12 4054"   --->   Operation 200 'select' 'select_ln1039_21' <Predicate = (!icmp_ln249 & icmp_ln290)> <Delay = 0.00> <CoreInst = "Sel">   --->   Core 73 'Sel' <Latency = 0> <II = 1> <Delay = 1.24> <FuncUnit> <Opcode : 'select'> <InPorts = 3> <OutPorts = 1>
ST_8 : Operation 201 [1/1] (1.99ns) (out node of the LUT)   --->   "%icmp_ln1039_21 = icmp_slt  i12 %accu_V_2, i12 %select_ln1039_21"   --->   Operation 201 'icmp' 'icmp_ln1039_21' <Predicate = (!icmp_ln249 & icmp_ln290)> <Delay = 1.99> <CoreInst = "Cmp">   --->   Core 9 'Cmp' <Latency = 0> <II = 1> <Delay = 1.99> <FuncUnit> <Opcode : 'icmp'> <InPorts = 2> <OutPorts = 1>
ST_8 : Operation 202 [1/1] (0.97ns)   --->   "%xor_ln1039_21 = xor i1 %icmp_ln1039_21, i1 1"   --->   Operation 202 'xor' 'xor_ln1039_21' <Predicate = (!icmp_ln249 & icmp_ln290)> <Delay = 0.97> <CoreInst = "LogicGate">   --->   Core 74 'LogicGate' <Latency = 0> <II = 1> <Delay = 0.97> <FuncUnit> <Opcode : 'and' 'or' 'xor'> <InPorts = 2> <OutPorts = 1>
ST_8 : Operation 203 [1/1] (0.00ns)   --->   "%zext_ln1039_13 = zext i1 %xor_ln1039_21"   --->   Operation 203 'zext' 'zext_ln1039_13' <Predicate = (!icmp_ln249 & icmp_ln290)> <Delay = 0.00>
ST_8 : Operation 204 [1/1] (0.00ns) (grouped into LUT with out node icmp_ln1039_22)   --->   "%select_ln1039_22 = select i1 %trunc_ln218, i12 4026, i12 4055"   --->   Operation 204 'select' 'select_ln1039_22' <Predicate = (!icmp_ln249 & icmp_ln290)> <Delay = 0.00> <CoreInst = "Sel">   --->   Core 73 'Sel' <Latency = 0> <II = 1> <Delay = 1.24> <FuncUnit> <Opcode : 'select'> <InPorts = 3> <OutPorts = 1>
ST_8 : Operation 205 [1/1] (1.99ns) (out node of the LUT)   --->   "%icmp_ln1039_22 = icmp_slt  i12 %accu_V_2, i12 %select_ln1039_22"   --->   Operation 205 'icmp' 'icmp_ln1039_22' <Predicate = (!icmp_ln249 & icmp_ln290)> <Delay = 1.99> <CoreInst = "Cmp">   --->   Core 9 'Cmp' <Latency = 0> <II = 1> <Delay = 1.99> <FuncUnit> <Opcode : 'icmp'> <InPorts = 2> <OutPorts = 1>
ST_8 : Operation 206 [1/1] (0.97ns)   --->   "%xor_ln1039_22 = xor i1 %icmp_ln1039_22, i1 1"   --->   Operation 206 'xor' 'xor_ln1039_22' <Predicate = (!icmp_ln249 & icmp_ln290)> <Delay = 0.97> <CoreInst = "LogicGate">   --->   Core 74 'LogicGate' <Latency = 0> <II = 1> <Delay = 0.97> <FuncUnit> <Opcode : 'and' 'or' 'xor'> <InPorts = 2> <OutPorts = 1>
ST_8 : Operation 207 [1/1] (0.00ns)   --->   "%zext_ln1039_14 = zext i1 %xor_ln1039_22"   --->   Operation 207 'zext' 'zext_ln1039_14' <Predicate = (!icmp_ln249 & icmp_ln290)> <Delay = 0.00>
ST_8 : Operation 208 [1/1] (0.00ns) (grouped into LUT with out node icmp_ln1039_23)   --->   "%select_ln1039_23 = select i1 %trunc_ln218, i12 4027, i12 4056"   --->   Operation 208 'select' 'select_ln1039_23' <Predicate = (!icmp_ln249 & icmp_ln290)> <Delay = 0.00> <CoreInst = "Sel">   --->   Core 73 'Sel' <Latency = 0> <II = 1> <Delay = 1.24> <FuncUnit> <Opcode : 'select'> <InPorts = 3> <OutPorts = 1>
ST_8 : Operation 209 [1/1] (1.99ns) (out node of the LUT)   --->   "%icmp_ln1039_23 = icmp_slt  i12 %accu_V_2, i12 %select_ln1039_23"   --->   Operation 209 'icmp' 'icmp_ln1039_23' <Predicate = (!icmp_ln249 & icmp_ln290)> <Delay = 1.99> <CoreInst = "Cmp">   --->   Core 9 'Cmp' <Latency = 0> <II = 1> <Delay = 1.99> <FuncUnit> <Opcode : 'icmp'> <InPorts = 2> <OutPorts = 1>
ST_8 : Operation 210 [1/1] (0.00ns) (grouped into LUT with out node add_ln840_35)   --->   "%xor_ln1039_23 = xor i1 %icmp_ln1039_23, i1 1"   --->   Operation 210 'xor' 'xor_ln1039_23' <Predicate = (!icmp_ln249 & icmp_ln290)> <Delay = 0.00> <CoreInst = "LogicGate">   --->   Core 74 'LogicGate' <Latency = 0> <II = 1> <Delay = 0.97> <FuncUnit> <Opcode : 'and' 'or' 'xor'> <InPorts = 2> <OutPorts = 1>
ST_8 : Operation 211 [1/1] (0.00ns) (grouped into LUT with out node add_ln840_35)   --->   "%zext_ln1039_15 = zext i1 %xor_ln1039_23"   --->   Operation 211 'zext' 'zext_ln1039_15' <Predicate = (!icmp_ln249 & icmp_ln290)> <Delay = 0.00>
ST_8 : Operation 212 [1/1] (0.00ns) (grouped into LUT with out node icmp_ln1039_24)   --->   "%select_ln1039_24 = select i1 %trunc_ln218, i12 4028, i12 4057"   --->   Operation 212 'select' 'select_ln1039_24' <Predicate = (!icmp_ln249 & icmp_ln290)> <Delay = 0.00> <CoreInst = "Sel">   --->   Core 73 'Sel' <Latency = 0> <II = 1> <Delay = 1.24> <FuncUnit> <Opcode : 'select'> <InPorts = 3> <OutPorts = 1>
ST_8 : Operation 213 [1/1] (1.99ns) (out node of the LUT)   --->   "%icmp_ln1039_24 = icmp_slt  i12 %accu_V_2, i12 %select_ln1039_24"   --->   Operation 213 'icmp' 'icmp_ln1039_24' <Predicate = (!icmp_ln249 & icmp_ln290)> <Delay = 1.99> <CoreInst = "Cmp">   --->   Core 9 'Cmp' <Latency = 0> <II = 1> <Delay = 1.99> <FuncUnit> <Opcode : 'icmp'> <InPorts = 2> <OutPorts = 1>
ST_8 : Operation 214 [1/1] (0.00ns) (grouped into LUT with out node icmp_ln1039_25)   --->   "%select_ln1039_25 = select i1 %trunc_ln218, i12 4029, i12 4058"   --->   Operation 214 'select' 'select_ln1039_25' <Predicate = (!icmp_ln249 & icmp_ln290)> <Delay = 0.00> <CoreInst = "Sel">   --->   Core 73 'Sel' <Latency = 0> <II = 1> <Delay = 1.24> <FuncUnit> <Opcode : 'select'> <InPorts = 3> <OutPorts = 1>
ST_8 : Operation 215 [1/1] (1.99ns) (out node of the LUT)   --->   "%icmp_ln1039_25 = icmp_slt  i12 %accu_V_2, i12 %select_ln1039_25"   --->   Operation 215 'icmp' 'icmp_ln1039_25' <Predicate = (!icmp_ln249 & icmp_ln290)> <Delay = 1.99> <CoreInst = "Cmp">   --->   Core 9 'Cmp' <Latency = 0> <II = 1> <Delay = 1.99> <FuncUnit> <Opcode : 'icmp'> <InPorts = 2> <OutPorts = 1>
ST_8 : Operation 216 [1/1] (0.00ns) (grouped into LUT with out node icmp_ln1039_26)   --->   "%select_ln1039_26 = select i1 %trunc_ln218, i12 4030, i12 4059"   --->   Operation 216 'select' 'select_ln1039_26' <Predicate = (!icmp_ln249 & icmp_ln290)> <Delay = 0.00> <CoreInst = "Sel">   --->   Core 73 'Sel' <Latency = 0> <II = 1> <Delay = 1.24> <FuncUnit> <Opcode : 'select'> <InPorts = 3> <OutPorts = 1>
ST_8 : Operation 217 [1/1] (1.99ns) (out node of the LUT)   --->   "%icmp_ln1039_26 = icmp_slt  i12 %accu_V_2, i12 %select_ln1039_26"   --->   Operation 217 'icmp' 'icmp_ln1039_26' <Predicate = (!icmp_ln249 & icmp_ln290)> <Delay = 1.99> <CoreInst = "Cmp">   --->   Core 9 'Cmp' <Latency = 0> <II = 1> <Delay = 1.99> <FuncUnit> <Opcode : 'icmp'> <InPorts = 2> <OutPorts = 1>
ST_8 : Operation 218 [1/1] (0.00ns) (grouped into LUT with out node add_ln840_39)   --->   "%xor_ln1039_26 = xor i1 %icmp_ln1039_26, i1 1"   --->   Operation 218 'xor' 'xor_ln1039_26' <Predicate = (!icmp_ln249 & icmp_ln290)> <Delay = 0.00> <CoreInst = "LogicGate">   --->   Core 74 'LogicGate' <Latency = 0> <II = 1> <Delay = 0.97> <FuncUnit> <Opcode : 'and' 'or' 'xor'> <InPorts = 2> <OutPorts = 1>
ST_8 : Operation 219 [1/1] (0.00ns) (grouped into LUT with out node add_ln840_39)   --->   "%zext_ln1039_16 = zext i1 %xor_ln1039_26"   --->   Operation 219 'zext' 'zext_ln1039_16' <Predicate = (!icmp_ln249 & icmp_ln290)> <Delay = 0.00>
ST_8 : Operation 220 [1/1] (0.00ns) (grouped into LUT with out node icmp_ln1039_27)   --->   "%select_ln1039_27 = select i1 %trunc_ln218, i12 4031, i12 4060"   --->   Operation 220 'select' 'select_ln1039_27' <Predicate = (!icmp_ln249 & icmp_ln290)> <Delay = 0.00> <CoreInst = "Sel">   --->   Core 73 'Sel' <Latency = 0> <II = 1> <Delay = 1.24> <FuncUnit> <Opcode : 'select'> <InPorts = 3> <OutPorts = 1>
ST_8 : Operation 221 [1/1] (1.99ns) (out node of the LUT)   --->   "%icmp_ln1039_27 = icmp_slt  i12 %accu_V_2, i12 %select_ln1039_27"   --->   Operation 221 'icmp' 'icmp_ln1039_27' <Predicate = (!icmp_ln249 & icmp_ln290)> <Delay = 1.99> <CoreInst = "Cmp">   --->   Core 9 'Cmp' <Latency = 0> <II = 1> <Delay = 1.99> <FuncUnit> <Opcode : 'icmp'> <InPorts = 2> <OutPorts = 1>
ST_8 : Operation 222 [1/1] (0.97ns)   --->   "%xor_ln1039_27 = xor i1 %icmp_ln1039_27, i1 1"   --->   Operation 222 'xor' 'xor_ln1039_27' <Predicate = (!icmp_ln249 & icmp_ln290)> <Delay = 0.97> <CoreInst = "LogicGate">   --->   Core 74 'LogicGate' <Latency = 0> <II = 1> <Delay = 0.97> <FuncUnit> <Opcode : 'and' 'or' 'xor'> <InPorts = 2> <OutPorts = 1>
ST_8 : Operation 223 [1/1] (0.00ns)   --->   "%zext_ln1039_17 = zext i1 %xor_ln1039_27"   --->   Operation 223 'zext' 'zext_ln1039_17' <Predicate = (!icmp_ln249 & icmp_ln290)> <Delay = 0.00>
ST_8 : Operation 224 [1/1] (0.00ns) (grouped into LUT with out node icmp_ln1039_28)   --->   "%select_ln1039_28 = select i1 %trunc_ln218, i12 4032, i12 4061"   --->   Operation 224 'select' 'select_ln1039_28' <Predicate = (!icmp_ln249 & icmp_ln290)> <Delay = 0.00> <CoreInst = "Sel">   --->   Core 73 'Sel' <Latency = 0> <II = 1> <Delay = 0.99> <FuncUnit> <Opcode : 'select'> <InPorts = 3> <OutPorts = 1>
ST_8 : Operation 225 [1/1] (1.99ns) (out node of the LUT)   --->   "%icmp_ln1039_28 = icmp_slt  i12 %accu_V_2, i12 %select_ln1039_28"   --->   Operation 225 'icmp' 'icmp_ln1039_28' <Predicate = (!icmp_ln249 & icmp_ln290)> <Delay = 1.99> <CoreInst = "Cmp">   --->   Core 9 'Cmp' <Latency = 0> <II = 1> <Delay = 1.99> <FuncUnit> <Opcode : 'icmp'> <InPorts = 2> <OutPorts = 1>
ST_8 : Operation 226 [1/1] (0.97ns)   --->   "%xor_ln1039_28 = xor i1 %icmp_ln1039_28, i1 1"   --->   Operation 226 'xor' 'xor_ln1039_28' <Predicate = (!icmp_ln249 & icmp_ln290)> <Delay = 0.97> <CoreInst = "LogicGate">   --->   Core 74 'LogicGate' <Latency = 0> <II = 1> <Delay = 0.97> <FuncUnit> <Opcode : 'and' 'or' 'xor'> <InPorts = 2> <OutPorts = 1>
ST_8 : Operation 227 [1/1] (0.00ns)   --->   "%zext_ln1039_18 = zext i1 %xor_ln1039_28"   --->   Operation 227 'zext' 'zext_ln1039_18' <Predicate = (!icmp_ln249 & icmp_ln290)> <Delay = 0.00>
ST_8 : Operation 228 [1/1] (0.00ns) (grouped into LUT with out node icmp_ln1039_29)   --->   "%select_ln1039_29 = select i1 %trunc_ln218, i12 4033, i12 4062"   --->   Operation 228 'select' 'select_ln1039_29' <Predicate = (!icmp_ln249 & icmp_ln290)> <Delay = 0.00> <CoreInst = "Sel">   --->   Core 73 'Sel' <Latency = 0> <II = 1> <Delay = 0.99> <FuncUnit> <Opcode : 'select'> <InPorts = 3> <OutPorts = 1>
ST_8 : Operation 229 [1/1] (1.99ns) (out node of the LUT)   --->   "%icmp_ln1039_29 = icmp_slt  i12 %accu_V_2, i12 %select_ln1039_29"   --->   Operation 229 'icmp' 'icmp_ln1039_29' <Predicate = (!icmp_ln249 & icmp_ln290)> <Delay = 1.99> <CoreInst = "Cmp">   --->   Core 9 'Cmp' <Latency = 0> <II = 1> <Delay = 1.99> <FuncUnit> <Opcode : 'icmp'> <InPorts = 2> <OutPorts = 1>
ST_8 : Operation 230 [1/1] (0.00ns) (grouped into LUT with out node add_ln840_44)   --->   "%xor_ln1039_29 = xor i1 %icmp_ln1039_29, i1 1"   --->   Operation 230 'xor' 'xor_ln1039_29' <Predicate = (!icmp_ln249 & icmp_ln290)> <Delay = 0.00> <CoreInst = "LogicGate">   --->   Core 74 'LogicGate' <Latency = 0> <II = 1> <Delay = 0.97> <FuncUnit> <Opcode : 'and' 'or' 'xor'> <InPorts = 2> <OutPorts = 1>
ST_8 : Operation 231 [1/1] (0.00ns) (grouped into LUT with out node add_ln840_44)   --->   "%zext_ln1039_19 = zext i1 %xor_ln1039_29"   --->   Operation 231 'zext' 'zext_ln1039_19' <Predicate = (!icmp_ln249 & icmp_ln290)> <Delay = 0.00>
ST_8 : Operation 232 [1/1] (0.00ns) (grouped into LUT with out node icmp_ln1039_30)   --->   "%select_ln1039_30 = select i1 %trunc_ln218, i12 4034, i12 4063"   --->   Operation 232 'select' 'select_ln1039_30' <Predicate = (!icmp_ln249 & icmp_ln290)> <Delay = 0.00> <CoreInst = "Sel">   --->   Core 73 'Sel' <Latency = 0> <II = 1> <Delay = 0.99> <FuncUnit> <Opcode : 'select'> <InPorts = 3> <OutPorts = 1>
ST_8 : Operation 233 [1/1] (1.99ns) (out node of the LUT)   --->   "%icmp_ln1039_30 = icmp_slt  i12 %accu_V_2, i12 %select_ln1039_30"   --->   Operation 233 'icmp' 'icmp_ln1039_30' <Predicate = (!icmp_ln249 & icmp_ln290)> <Delay = 1.99> <CoreInst = "Cmp">   --->   Core 9 'Cmp' <Latency = 0> <II = 1> <Delay = 1.99> <FuncUnit> <Opcode : 'icmp'> <InPorts = 2> <OutPorts = 1>
ST_8 : Operation 234 [1/1] (0.00ns) (grouped into LUT with out node icmp_ln1039_31)   --->   "%select_ln1039_31 = select i1 %trunc_ln218, i12 4035, i12 4064"   --->   Operation 234 'select' 'select_ln1039_31' <Predicate = (!icmp_ln249 & icmp_ln290)> <Delay = 0.00> <CoreInst = "Sel">   --->   Core 73 'Sel' <Latency = 0> <II = 1> <Delay = 0.99> <FuncUnit> <Opcode : 'select'> <InPorts = 3> <OutPorts = 1>
ST_8 : Operation 235 [1/1] (1.99ns) (out node of the LUT)   --->   "%icmp_ln1039_31 = icmp_slt  i12 %accu_V_2, i12 %select_ln1039_31"   --->   Operation 235 'icmp' 'icmp_ln1039_31' <Predicate = (!icmp_ln249 & icmp_ln290)> <Delay = 1.99> <CoreInst = "Cmp">   --->   Core 9 'Cmp' <Latency = 0> <II = 1> <Delay = 1.99> <FuncUnit> <Opcode : 'icmp'> <InPorts = 2> <OutPorts = 1>
ST_8 : Operation 236 [1/1] (0.00ns) (grouped into LUT with out node add_ln840_46)   --->   "%xor_ln1039_31 = xor i1 %icmp_ln1039_31, i1 1"   --->   Operation 236 'xor' 'xor_ln1039_31' <Predicate = (!icmp_ln249 & icmp_ln290)> <Delay = 0.00> <CoreInst = "LogicGate">   --->   Core 74 'LogicGate' <Latency = 0> <II = 1> <Delay = 0.97> <FuncUnit> <Opcode : 'and' 'or' 'xor'> <InPorts = 2> <OutPorts = 1>
ST_8 : Operation 237 [1/1] (0.00ns) (grouped into LUT with out node add_ln840_46)   --->   "%zext_ln1039_20 = zext i1 %xor_ln1039_31"   --->   Operation 237 'zext' 'zext_ln1039_20' <Predicate = (!icmp_ln249 & icmp_ln290)> <Delay = 0.00>
ST_8 : Operation 238 [1/1] (0.00ns) (grouped into LUT with out node icmp_ln1039_32)   --->   "%select_ln1039_32 = select i1 %trunc_ln218, i12 4036, i12 4065"   --->   Operation 238 'select' 'select_ln1039_32' <Predicate = (!icmp_ln249 & icmp_ln290)> <Delay = 0.00> <CoreInst = "Sel">   --->   Core 73 'Sel' <Latency = 0> <II = 1> <Delay = 0.99> <FuncUnit> <Opcode : 'select'> <InPorts = 3> <OutPorts = 1>
ST_8 : Operation 239 [1/1] (1.99ns) (out node of the LUT)   --->   "%icmp_ln1039_32 = icmp_slt  i12 %accu_V_2, i12 %select_ln1039_32"   --->   Operation 239 'icmp' 'icmp_ln1039_32' <Predicate = (!icmp_ln249 & icmp_ln290)> <Delay = 1.99> <CoreInst = "Cmp">   --->   Core 9 'Cmp' <Latency = 0> <II = 1> <Delay = 1.99> <FuncUnit> <Opcode : 'icmp'> <InPorts = 2> <OutPorts = 1>
ST_8 : Operation 240 [1/1] (0.97ns)   --->   "%xor_ln1039_32 = xor i1 %icmp_ln1039_32, i1 1"   --->   Operation 240 'xor' 'xor_ln1039_32' <Predicate = (!icmp_ln249 & icmp_ln290)> <Delay = 0.97> <CoreInst = "LogicGate">   --->   Core 74 'LogicGate' <Latency = 0> <II = 1> <Delay = 0.97> <FuncUnit> <Opcode : 'and' 'or' 'xor'> <InPorts = 2> <OutPorts = 1>
ST_8 : Operation 241 [1/1] (0.00ns)   --->   "%zext_ln1039_21 = zext i1 %xor_ln1039_32"   --->   Operation 241 'zext' 'zext_ln1039_21' <Predicate = (!icmp_ln249 & icmp_ln290)> <Delay = 0.00>
ST_8 : Operation 242 [1/1] (0.00ns) (grouped into LUT with out node icmp_ln1039_33)   --->   "%select_ln1039_33 = select i1 %trunc_ln218, i12 4037, i12 4066"   --->   Operation 242 'select' 'select_ln1039_33' <Predicate = (!icmp_ln249 & icmp_ln290)> <Delay = 0.00> <CoreInst = "Sel">   --->   Core 73 'Sel' <Latency = 0> <II = 1> <Delay = 0.99> <FuncUnit> <Opcode : 'select'> <InPorts = 3> <OutPorts = 1>
ST_8 : Operation 243 [1/1] (1.99ns) (out node of the LUT)   --->   "%icmp_ln1039_33 = icmp_slt  i12 %accu_V_2, i12 %select_ln1039_33"   --->   Operation 243 'icmp' 'icmp_ln1039_33' <Predicate = (!icmp_ln249 & icmp_ln290)> <Delay = 1.99> <CoreInst = "Cmp">   --->   Core 9 'Cmp' <Latency = 0> <II = 1> <Delay = 1.99> <FuncUnit> <Opcode : 'icmp'> <InPorts = 2> <OutPorts = 1>
ST_8 : Operation 244 [1/1] (0.97ns)   --->   "%xor_ln1039_33 = xor i1 %icmp_ln1039_33, i1 1"   --->   Operation 244 'xor' 'xor_ln1039_33' <Predicate = (!icmp_ln249 & icmp_ln290)> <Delay = 0.97> <CoreInst = "LogicGate">   --->   Core 74 'LogicGate' <Latency = 0> <II = 1> <Delay = 0.97> <FuncUnit> <Opcode : 'and' 'or' 'xor'> <InPorts = 2> <OutPorts = 1>
ST_8 : Operation 245 [1/1] (0.00ns)   --->   "%zext_ln1039_22 = zext i1 %xor_ln1039_33"   --->   Operation 245 'zext' 'zext_ln1039_22' <Predicate = (!icmp_ln249 & icmp_ln290)> <Delay = 0.00>
ST_8 : Operation 246 [1/1] (0.00ns) (grouped into LUT with out node icmp_ln1039_34)   --->   "%select_ln1039_34 = select i1 %trunc_ln218, i12 4038, i12 4067"   --->   Operation 246 'select' 'select_ln1039_34' <Predicate = (!icmp_ln249 & icmp_ln290)> <Delay = 0.00> <CoreInst = "Sel">   --->   Core 73 'Sel' <Latency = 0> <II = 1> <Delay = 0.99> <FuncUnit> <Opcode : 'select'> <InPorts = 3> <OutPorts = 1>
ST_8 : Operation 247 [1/1] (1.99ns) (out node of the LUT)   --->   "%icmp_ln1039_34 = icmp_slt  i12 %accu_V_2, i12 %select_ln1039_34"   --->   Operation 247 'icmp' 'icmp_ln1039_34' <Predicate = (!icmp_ln249 & icmp_ln290)> <Delay = 1.99> <CoreInst = "Cmp">   --->   Core 9 'Cmp' <Latency = 0> <II = 1> <Delay = 1.99> <FuncUnit> <Opcode : 'icmp'> <InPorts = 2> <OutPorts = 1>
ST_8 : Operation 248 [1/1] (0.00ns) (grouped into LUT with out node add_ln840_50)   --->   "%xor_ln1039_34 = xor i1 %icmp_ln1039_34, i1 1"   --->   Operation 248 'xor' 'xor_ln1039_34' <Predicate = (!icmp_ln249 & icmp_ln290)> <Delay = 0.00> <CoreInst = "LogicGate">   --->   Core 74 'LogicGate' <Latency = 0> <II = 1> <Delay = 0.97> <FuncUnit> <Opcode : 'and' 'or' 'xor'> <InPorts = 2> <OutPorts = 1>
ST_8 : Operation 249 [1/1] (0.00ns) (grouped into LUT with out node add_ln840_50)   --->   "%zext_ln1039_23 = zext i1 %xor_ln1039_34"   --->   Operation 249 'zext' 'zext_ln1039_23' <Predicate = (!icmp_ln249 & icmp_ln290)> <Delay = 0.00>
ST_8 : Operation 250 [1/1] (0.00ns) (grouped into LUT with out node icmp_ln1039_35)   --->   "%select_ln1039_35 = select i1 %trunc_ln218, i12 4039, i12 4068"   --->   Operation 250 'select' 'select_ln1039_35' <Predicate = (!icmp_ln249 & icmp_ln290)> <Delay = 0.00> <CoreInst = "Sel">   --->   Core 73 'Sel' <Latency = 0> <II = 1> <Delay = 0.99> <FuncUnit> <Opcode : 'select'> <InPorts = 3> <OutPorts = 1>
ST_8 : Operation 251 [1/1] (1.99ns) (out node of the LUT)   --->   "%icmp_ln1039_35 = icmp_slt  i12 %accu_V_2, i12 %select_ln1039_35"   --->   Operation 251 'icmp' 'icmp_ln1039_35' <Predicate = (!icmp_ln249 & icmp_ln290)> <Delay = 1.99> <CoreInst = "Cmp">   --->   Core 9 'Cmp' <Latency = 0> <II = 1> <Delay = 1.99> <FuncUnit> <Opcode : 'icmp'> <InPorts = 2> <OutPorts = 1>
ST_8 : Operation 252 [1/1] (0.00ns) (grouped into LUT with out node icmp_ln1039_36)   --->   "%select_ln1039_36 = select i1 %trunc_ln218, i12 4040, i12 4069"   --->   Operation 252 'select' 'select_ln1039_36' <Predicate = (!icmp_ln249 & icmp_ln290)> <Delay = 0.00> <CoreInst = "Sel">   --->   Core 73 'Sel' <Latency = 0> <II = 1> <Delay = 0.99> <FuncUnit> <Opcode : 'select'> <InPorts = 3> <OutPorts = 1>
ST_8 : Operation 253 [1/1] (1.99ns) (out node of the LUT)   --->   "%icmp_ln1039_36 = icmp_slt  i12 %accu_V_2, i12 %select_ln1039_36"   --->   Operation 253 'icmp' 'icmp_ln1039_36' <Predicate = (!icmp_ln249 & icmp_ln290)> <Delay = 1.99> <CoreInst = "Cmp">   --->   Core 9 'Cmp' <Latency = 0> <II = 1> <Delay = 1.99> <FuncUnit> <Opcode : 'icmp'> <InPorts = 2> <OutPorts = 1>
ST_8 : Operation 254 [1/1] (0.00ns) (grouped into LUT with out node icmp_ln1039_37)   --->   "%select_ln1039_37 = select i1 %trunc_ln218, i12 4041, i12 4070"   --->   Operation 254 'select' 'select_ln1039_37' <Predicate = (!icmp_ln249 & icmp_ln290)> <Delay = 0.00> <CoreInst = "Sel">   --->   Core 73 'Sel' <Latency = 0> <II = 1> <Delay = 0.99> <FuncUnit> <Opcode : 'select'> <InPorts = 3> <OutPorts = 1>
ST_8 : Operation 255 [1/1] (1.99ns) (out node of the LUT)   --->   "%icmp_ln1039_37 = icmp_slt  i12 %accu_V_2, i12 %select_ln1039_37"   --->   Operation 255 'icmp' 'icmp_ln1039_37' <Predicate = (!icmp_ln249 & icmp_ln290)> <Delay = 1.99> <CoreInst = "Cmp">   --->   Core 9 'Cmp' <Latency = 0> <II = 1> <Delay = 1.99> <FuncUnit> <Opcode : 'icmp'> <InPorts = 2> <OutPorts = 1>
ST_8 : Operation 256 [1/1] (0.00ns) (grouped into LUT with out node add_ln840_52)   --->   "%xor_ln1039_37 = xor i1 %icmp_ln1039_37, i1 1"   --->   Operation 256 'xor' 'xor_ln1039_37' <Predicate = (!icmp_ln249 & icmp_ln290)> <Delay = 0.00> <CoreInst = "LogicGate">   --->   Core 74 'LogicGate' <Latency = 0> <II = 1> <Delay = 0.97> <FuncUnit> <Opcode : 'and' 'or' 'xor'> <InPorts = 2> <OutPorts = 1>
ST_8 : Operation 257 [1/1] (0.00ns) (grouped into LUT with out node add_ln840_52)   --->   "%zext_ln1039_24 = zext i1 %xor_ln1039_37"   --->   Operation 257 'zext' 'zext_ln1039_24' <Predicate = (!icmp_ln249 & icmp_ln290)> <Delay = 0.00>
ST_8 : Operation 258 [1/1] (0.00ns) (grouped into LUT with out node icmp_ln1039_38)   --->   "%select_ln1039_38 = select i1 %trunc_ln218, i12 4042, i12 4071"   --->   Operation 258 'select' 'select_ln1039_38' <Predicate = (!icmp_ln249 & icmp_ln290)> <Delay = 0.00> <CoreInst = "Sel">   --->   Core 73 'Sel' <Latency = 0> <II = 1> <Delay = 0.99> <FuncUnit> <Opcode : 'select'> <InPorts = 3> <OutPorts = 1>
ST_8 : Operation 259 [1/1] (1.99ns) (out node of the LUT)   --->   "%icmp_ln1039_38 = icmp_slt  i12 %accu_V_2, i12 %select_ln1039_38"   --->   Operation 259 'icmp' 'icmp_ln1039_38' <Predicate = (!icmp_ln249 & icmp_ln290)> <Delay = 1.99> <CoreInst = "Cmp">   --->   Core 9 'Cmp' <Latency = 0> <II = 1> <Delay = 1.99> <FuncUnit> <Opcode : 'icmp'> <InPorts = 2> <OutPorts = 1>
ST_8 : Operation 260 [1/1] (0.97ns)   --->   "%xor_ln1039_38 = xor i1 %icmp_ln1039_38, i1 1"   --->   Operation 260 'xor' 'xor_ln1039_38' <Predicate = (!icmp_ln249 & icmp_ln290)> <Delay = 0.97> <CoreInst = "LogicGate">   --->   Core 74 'LogicGate' <Latency = 0> <II = 1> <Delay = 0.97> <FuncUnit> <Opcode : 'and' 'or' 'xor'> <InPorts = 2> <OutPorts = 1>
ST_8 : Operation 261 [1/1] (0.00ns)   --->   "%zext_ln1039_25 = zext i1 %xor_ln1039_38"   --->   Operation 261 'zext' 'zext_ln1039_25' <Predicate = (!icmp_ln249 & icmp_ln290)> <Delay = 0.00>
ST_8 : Operation 262 [1/1] (0.00ns) (grouped into LUT with out node icmp_ln1039_39)   --->   "%select_ln1039_39 = select i1 %trunc_ln218, i12 4043, i12 4072"   --->   Operation 262 'select' 'select_ln1039_39' <Predicate = (!icmp_ln249 & icmp_ln290)> <Delay = 0.00> <CoreInst = "Sel">   --->   Core 73 'Sel' <Latency = 0> <II = 1> <Delay = 0.99> <FuncUnit> <Opcode : 'select'> <InPorts = 3> <OutPorts = 1>
ST_8 : Operation 263 [1/1] (1.99ns) (out node of the LUT)   --->   "%icmp_ln1039_39 = icmp_slt  i12 %accu_V_2, i12 %select_ln1039_39"   --->   Operation 263 'icmp' 'icmp_ln1039_39' <Predicate = (!icmp_ln249 & icmp_ln290)> <Delay = 1.99> <CoreInst = "Cmp">   --->   Core 9 'Cmp' <Latency = 0> <II = 1> <Delay = 1.99> <FuncUnit> <Opcode : 'icmp'> <InPorts = 2> <OutPorts = 1>
ST_8 : Operation 264 [1/1] (0.97ns)   --->   "%xor_ln1039_39 = xor i1 %icmp_ln1039_39, i1 1"   --->   Operation 264 'xor' 'xor_ln1039_39' <Predicate = (!icmp_ln249 & icmp_ln290)> <Delay = 0.97> <CoreInst = "LogicGate">   --->   Core 74 'LogicGate' <Latency = 0> <II = 1> <Delay = 0.97> <FuncUnit> <Opcode : 'and' 'or' 'xor'> <InPorts = 2> <OutPorts = 1>
ST_8 : Operation 265 [1/1] (0.00ns)   --->   "%zext_ln1039_26 = zext i1 %xor_ln1039_39"   --->   Operation 265 'zext' 'zext_ln1039_26' <Predicate = (!icmp_ln249 & icmp_ln290)> <Delay = 0.00>
ST_8 : Operation 266 [1/1] (0.00ns) (grouped into LUT with out node icmp_ln1039_40)   --->   "%select_ln1039_40 = select i1 %trunc_ln218, i12 4044, i12 4073"   --->   Operation 266 'select' 'select_ln1039_40' <Predicate = (!icmp_ln249 & icmp_ln290)> <Delay = 0.00> <CoreInst = "Sel">   --->   Core 73 'Sel' <Latency = 0> <II = 1> <Delay = 0.99> <FuncUnit> <Opcode : 'select'> <InPorts = 3> <OutPorts = 1>
ST_8 : Operation 267 [1/1] (1.99ns) (out node of the LUT)   --->   "%icmp_ln1039_40 = icmp_slt  i12 %accu_V_2, i12 %select_ln1039_40"   --->   Operation 267 'icmp' 'icmp_ln1039_40' <Predicate = (!icmp_ln249 & icmp_ln290)> <Delay = 1.99> <CoreInst = "Cmp">   --->   Core 9 'Cmp' <Latency = 0> <II = 1> <Delay = 1.99> <FuncUnit> <Opcode : 'icmp'> <InPorts = 2> <OutPorts = 1>
ST_8 : Operation 268 [1/1] (0.00ns) (grouped into LUT with out node add_ln840_59)   --->   "%xor_ln1039_40 = xor i1 %icmp_ln1039_40, i1 1"   --->   Operation 268 'xor' 'xor_ln1039_40' <Predicate = (!icmp_ln249 & icmp_ln290)> <Delay = 0.00> <CoreInst = "LogicGate">   --->   Core 74 'LogicGate' <Latency = 0> <II = 1> <Delay = 0.97> <FuncUnit> <Opcode : 'and' 'or' 'xor'> <InPorts = 2> <OutPorts = 1>
ST_8 : Operation 269 [1/1] (0.00ns) (grouped into LUT with out node add_ln840_59)   --->   "%zext_ln1039_27 = zext i1 %xor_ln1039_40"   --->   Operation 269 'zext' 'zext_ln1039_27' <Predicate = (!icmp_ln249 & icmp_ln290)> <Delay = 0.00>
ST_8 : Operation 270 [1/1] (0.00ns) (grouped into LUT with out node icmp_ln1039_41)   --->   "%select_ln1039_41 = select i1 %trunc_ln218, i12 4045, i12 4074"   --->   Operation 270 'select' 'select_ln1039_41' <Predicate = (!icmp_ln249 & icmp_ln290)> <Delay = 0.00> <CoreInst = "Sel">   --->   Core 73 'Sel' <Latency = 0> <II = 1> <Delay = 0.99> <FuncUnit> <Opcode : 'select'> <InPorts = 3> <OutPorts = 1>
ST_8 : Operation 271 [1/1] (1.99ns) (out node of the LUT)   --->   "%icmp_ln1039_41 = icmp_slt  i12 %accu_V_2, i12 %select_ln1039_41"   --->   Operation 271 'icmp' 'icmp_ln1039_41' <Predicate = (!icmp_ln249 & icmp_ln290)> <Delay = 1.99> <CoreInst = "Cmp">   --->   Core 9 'Cmp' <Latency = 0> <II = 1> <Delay = 1.99> <FuncUnit> <Opcode : 'icmp'> <InPorts = 2> <OutPorts = 1>
ST_8 : Operation 272 [1/1] (0.00ns) (grouped into LUT with out node add_ln840_61)   --->   "%xor_ln1039_41 = xor i1 %icmp_ln1039_41, i1 1"   --->   Operation 272 'xor' 'xor_ln1039_41' <Predicate = (!icmp_ln249 & icmp_ln290)> <Delay = 0.00> <CoreInst = "LogicGate">   --->   Core 74 'LogicGate' <Latency = 0> <II = 1> <Delay = 0.97> <FuncUnit> <Opcode : 'and' 'or' 'xor'> <InPorts = 2> <OutPorts = 1>
ST_8 : Operation 273 [1/1] (0.00ns) (grouped into LUT with out node icmp_ln1039_42)   --->   "%select_ln1039_42 = select i1 %trunc_ln218, i12 4046, i12 4075"   --->   Operation 273 'select' 'select_ln1039_42' <Predicate = (!icmp_ln249 & icmp_ln290)> <Delay = 0.00> <CoreInst = "Sel">   --->   Core 73 'Sel' <Latency = 0> <II = 1> <Delay = 0.99> <FuncUnit> <Opcode : 'select'> <InPorts = 3> <OutPorts = 1>
ST_8 : Operation 274 [1/1] (1.99ns) (out node of the LUT)   --->   "%icmp_ln1039_42 = icmp_slt  i12 %accu_V_2, i12 %select_ln1039_42"   --->   Operation 274 'icmp' 'icmp_ln1039_42' <Predicate = (!icmp_ln249 & icmp_ln290)> <Delay = 1.99> <CoreInst = "Cmp">   --->   Core 9 'Cmp' <Latency = 0> <II = 1> <Delay = 1.99> <FuncUnit> <Opcode : 'icmp'> <InPorts = 2> <OutPorts = 1>
ST_8 : Operation 275 [1/1] (0.00ns) (grouped into LUT with out node add_ln840_61)   --->   "%xor_ln1039_42 = xor i1 %icmp_ln1039_42, i1 1"   --->   Operation 275 'xor' 'xor_ln1039_42' <Predicate = (!icmp_ln249 & icmp_ln290)> <Delay = 0.00> <CoreInst = "LogicGate">   --->   Core 74 'LogicGate' <Latency = 0> <II = 1> <Delay = 0.97> <FuncUnit> <Opcode : 'and' 'or' 'xor'> <InPorts = 2> <OutPorts = 1>
ST_8 : Operation 276 [1/1] (0.00ns) (grouped into LUT with out node icmp_ln1039_43)   --->   "%select_ln1039_43 = select i1 %trunc_ln218, i12 4047, i12 4076"   --->   Operation 276 'select' 'select_ln1039_43' <Predicate = (!icmp_ln249 & icmp_ln290)> <Delay = 0.00> <CoreInst = "Sel">   --->   Core 73 'Sel' <Latency = 0> <II = 1> <Delay = 0.99> <FuncUnit> <Opcode : 'select'> <InPorts = 3> <OutPorts = 1>
ST_8 : Operation 277 [1/1] (1.99ns) (out node of the LUT)   --->   "%icmp_ln1039_43 = icmp_slt  i12 %accu_V_2, i12 %select_ln1039_43"   --->   Operation 277 'icmp' 'icmp_ln1039_43' <Predicate = (!icmp_ln249 & icmp_ln290)> <Delay = 1.99> <CoreInst = "Cmp">   --->   Core 9 'Cmp' <Latency = 0> <II = 1> <Delay = 1.99> <FuncUnit> <Opcode : 'icmp'> <InPorts = 2> <OutPorts = 1>
ST_8 : Operation 278 [1/1] (0.00ns) (grouped into LUT with out node add_ln840_63)   --->   "%xor_ln1039_43 = xor i1 %icmp_ln1039_43, i1 1"   --->   Operation 278 'xor' 'xor_ln1039_43' <Predicate = (!icmp_ln249 & icmp_ln290)> <Delay = 0.00> <CoreInst = "LogicGate">   --->   Core 74 'LogicGate' <Latency = 0> <II = 1> <Delay = 0.97> <FuncUnit> <Opcode : 'and' 'or' 'xor'> <InPorts = 2> <OutPorts = 1>
ST_8 : Operation 279 [1/1] (0.00ns) (grouped into LUT with out node add_ln840_63)   --->   "%zext_ln1039_28 = zext i1 %xor_ln1039_43"   --->   Operation 279 'zext' 'zext_ln1039_28' <Predicate = (!icmp_ln249 & icmp_ln290)> <Delay = 0.00>
ST_8 : Operation 280 [1/1] (0.00ns) (grouped into LUT with out node icmp_ln1039_44)   --->   "%select_ln1039_44 = select i1 %trunc_ln218, i12 4048, i12 4077"   --->   Operation 280 'select' 'select_ln1039_44' <Predicate = (!icmp_ln249 & icmp_ln290)> <Delay = 0.00> <CoreInst = "Sel">   --->   Core 73 'Sel' <Latency = 0> <II = 1> <Delay = 0.99> <FuncUnit> <Opcode : 'select'> <InPorts = 3> <OutPorts = 1>
ST_8 : Operation 281 [1/1] (1.99ns) (out node of the LUT)   --->   "%icmp_ln1039_44 = icmp_slt  i12 %accu_V_2, i12 %select_ln1039_44"   --->   Operation 281 'icmp' 'icmp_ln1039_44' <Predicate = (!icmp_ln249 & icmp_ln290)> <Delay = 1.99> <CoreInst = "Cmp">   --->   Core 9 'Cmp' <Latency = 0> <II = 1> <Delay = 1.99> <FuncUnit> <Opcode : 'icmp'> <InPorts = 2> <OutPorts = 1>
ST_8 : Operation 282 [1/1] (0.97ns)   --->   "%xor_ln1039_44 = xor i1 %icmp_ln1039_44, i1 1"   --->   Operation 282 'xor' 'xor_ln1039_44' <Predicate = (!icmp_ln249 & icmp_ln290)> <Delay = 0.97> <CoreInst = "LogicGate">   --->   Core 74 'LogicGate' <Latency = 0> <II = 1> <Delay = 0.97> <FuncUnit> <Opcode : 'and' 'or' 'xor'> <InPorts = 2> <OutPorts = 1>
ST_8 : Operation 283 [1/1] (0.00ns)   --->   "%zext_ln1039_29 = zext i1 %xor_ln1039_44"   --->   Operation 283 'zext' 'zext_ln1039_29' <Predicate = (!icmp_ln249 & icmp_ln290)> <Delay = 0.00>
ST_8 : Operation 284 [1/1] (0.00ns) (grouped into LUT with out node icmp_ln1039_45)   --->   "%select_ln1039_45 = select i1 %trunc_ln218, i12 4049, i12 4078"   --->   Operation 284 'select' 'select_ln1039_45' <Predicate = (!icmp_ln249 & icmp_ln290)> <Delay = 0.00> <CoreInst = "Sel">   --->   Core 73 'Sel' <Latency = 0> <II = 1> <Delay = 0.99> <FuncUnit> <Opcode : 'select'> <InPorts = 3> <OutPorts = 1>
ST_8 : Operation 285 [1/1] (1.99ns) (out node of the LUT)   --->   "%icmp_ln1039_45 = icmp_slt  i12 %accu_V_2, i12 %select_ln1039_45"   --->   Operation 285 'icmp' 'icmp_ln1039_45' <Predicate = (!icmp_ln249 & icmp_ln290)> <Delay = 1.99> <CoreInst = "Cmp">   --->   Core 9 'Cmp' <Latency = 0> <II = 1> <Delay = 1.99> <FuncUnit> <Opcode : 'icmp'> <InPorts = 2> <OutPorts = 1>
ST_8 : Operation 286 [1/1] (0.00ns) (grouped into LUT with out node add_ln840_64)   --->   "%xor_ln1039_45 = xor i1 %icmp_ln1039_45, i1 1"   --->   Operation 286 'xor' 'xor_ln1039_45' <Predicate = (!icmp_ln249 & icmp_ln290)> <Delay = 0.00> <CoreInst = "LogicGate">   --->   Core 74 'LogicGate' <Latency = 0> <II = 1> <Delay = 0.97> <FuncUnit> <Opcode : 'and' 'or' 'xor'> <InPorts = 2> <OutPorts = 1>
ST_8 : Operation 287 [1/1] (0.00ns) (grouped into LUT with out node add_ln840_64)   --->   "%zext_ln1039_30 = zext i1 %xor_ln1039_45"   --->   Operation 287 'zext' 'zext_ln1039_30' <Predicate = (!icmp_ln249 & icmp_ln290)> <Delay = 0.00>
ST_8 : Operation 288 [1/1] (0.00ns) (grouped into LUT with out node icmp_ln1039_46)   --->   "%select_ln1039_46 = select i1 %trunc_ln218, i12 4050, i12 4079"   --->   Operation 288 'select' 'select_ln1039_46' <Predicate = (!icmp_ln249 & icmp_ln290)> <Delay = 0.00> <CoreInst = "Sel">   --->   Core 73 'Sel' <Latency = 0> <II = 1> <Delay = 0.99> <FuncUnit> <Opcode : 'select'> <InPorts = 3> <OutPorts = 1>
ST_8 : Operation 289 [1/1] (1.99ns) (out node of the LUT)   --->   "%icmp_ln1039_46 = icmp_slt  i12 %accu_V_2, i12 %select_ln1039_46"   --->   Operation 289 'icmp' 'icmp_ln1039_46' <Predicate = (!icmp_ln249 & icmp_ln290)> <Delay = 1.99> <CoreInst = "Cmp">   --->   Core 9 'Cmp' <Latency = 0> <II = 1> <Delay = 1.99> <FuncUnit> <Opcode : 'icmp'> <InPorts = 2> <OutPorts = 1>
ST_8 : Operation 290 [1/1] (0.00ns) (grouped into LUT with out node add_ln840_66)   --->   "%xor_ln1039_46 = xor i1 %icmp_ln1039_46, i1 1"   --->   Operation 290 'xor' 'xor_ln1039_46' <Predicate = (!icmp_ln249 & icmp_ln290)> <Delay = 0.00> <CoreInst = "LogicGate">   --->   Core 74 'LogicGate' <Latency = 0> <II = 1> <Delay = 0.97> <FuncUnit> <Opcode : 'and' 'or' 'xor'> <InPorts = 2> <OutPorts = 1>
ST_8 : Operation 291 [1/1] (0.00ns) (grouped into LUT with out node icmp_ln1039_47)   --->   "%select_ln1039_47 = select i1 %trunc_ln218, i12 4051, i12 4080"   --->   Operation 291 'select' 'select_ln1039_47' <Predicate = (!icmp_ln249 & icmp_ln290)> <Delay = 0.00> <CoreInst = "Sel">   --->   Core 73 'Sel' <Latency = 0> <II = 1> <Delay = 0.99> <FuncUnit> <Opcode : 'select'> <InPorts = 3> <OutPorts = 1>
ST_8 : Operation 292 [1/1] (1.99ns) (out node of the LUT)   --->   "%icmp_ln1039_47 = icmp_slt  i12 %accu_V_2, i12 %select_ln1039_47"   --->   Operation 292 'icmp' 'icmp_ln1039_47' <Predicate = (!icmp_ln249 & icmp_ln290)> <Delay = 1.99> <CoreInst = "Cmp">   --->   Core 9 'Cmp' <Latency = 0> <II = 1> <Delay = 1.99> <FuncUnit> <Opcode : 'icmp'> <InPorts = 2> <OutPorts = 1>
ST_8 : Operation 293 [1/1] (0.00ns) (grouped into LUT with out node add_ln840_66)   --->   "%xor_ln1039_47 = xor i1 %icmp_ln1039_47, i1 1"   --->   Operation 293 'xor' 'xor_ln1039_47' <Predicate = (!icmp_ln249 & icmp_ln290)> <Delay = 0.00> <CoreInst = "LogicGate">   --->   Core 74 'LogicGate' <Latency = 0> <II = 1> <Delay = 0.97> <FuncUnit> <Opcode : 'and' 'or' 'xor'> <InPorts = 2> <OutPorts = 1>
ST_8 : Operation 294 [1/1] (0.00ns) (grouped into LUT with out node icmp_ln1039_48)   --->   "%select_ln1039_48 = select i1 %trunc_ln218, i12 4052, i12 4081"   --->   Operation 294 'select' 'select_ln1039_48' <Predicate = (!icmp_ln249 & icmp_ln290)> <Delay = 0.00> <CoreInst = "Sel">   --->   Core 73 'Sel' <Latency = 0> <II = 1> <Delay = 0.99> <FuncUnit> <Opcode : 'select'> <InPorts = 3> <OutPorts = 1>
ST_8 : Operation 295 [1/1] (1.99ns) (out node of the LUT)   --->   "%icmp_ln1039_48 = icmp_slt  i12 %accu_V_2, i12 %select_ln1039_48"   --->   Operation 295 'icmp' 'icmp_ln1039_48' <Predicate = (!icmp_ln249 & icmp_ln290)> <Delay = 1.99> <CoreInst = "Cmp">   --->   Core 9 'Cmp' <Latency = 0> <II = 1> <Delay = 1.99> <FuncUnit> <Opcode : 'icmp'> <InPorts = 2> <OutPorts = 1>
ST_8 : Operation 296 [1/1] (0.00ns) (grouped into LUT with out node add_ln840_69)   --->   "%xor_ln1039_48 = xor i1 %icmp_ln1039_48, i1 1"   --->   Operation 296 'xor' 'xor_ln1039_48' <Predicate = (!icmp_ln249 & icmp_ln290)> <Delay = 0.00> <CoreInst = "LogicGate">   --->   Core 74 'LogicGate' <Latency = 0> <II = 1> <Delay = 0.97> <FuncUnit> <Opcode : 'and' 'or' 'xor'> <InPorts = 2> <OutPorts = 1>
ST_8 : Operation 297 [1/1] (0.00ns) (grouped into LUT with out node add_ln840_69)   --->   "%zext_ln1039_31 = zext i1 %xor_ln1039_48"   --->   Operation 297 'zext' 'zext_ln1039_31' <Predicate = (!icmp_ln249 & icmp_ln290)> <Delay = 0.00>
ST_8 : Operation 298 [1/1] (0.00ns) (grouped into LUT with out node icmp_ln1039_49)   --->   "%select_ln1039_49 = select i1 %trunc_ln218, i12 4053, i12 4082"   --->   Operation 298 'select' 'select_ln1039_49' <Predicate = (!icmp_ln249 & icmp_ln290)> <Delay = 0.00> <CoreInst = "Sel">   --->   Core 73 'Sel' <Latency = 0> <II = 1> <Delay = 0.99> <FuncUnit> <Opcode : 'select'> <InPorts = 3> <OutPorts = 1>
ST_8 : Operation 299 [1/1] (1.99ns) (out node of the LUT)   --->   "%icmp_ln1039_49 = icmp_slt  i12 %accu_V_2, i12 %select_ln1039_49"   --->   Operation 299 'icmp' 'icmp_ln1039_49' <Predicate = (!icmp_ln249 & icmp_ln290)> <Delay = 1.99> <CoreInst = "Cmp">   --->   Core 9 'Cmp' <Latency = 0> <II = 1> <Delay = 1.99> <FuncUnit> <Opcode : 'icmp'> <InPorts = 2> <OutPorts = 1>
ST_8 : Operation 300 [1/1] (0.97ns)   --->   "%xor_ln1039_49 = xor i1 %icmp_ln1039_49, i1 1"   --->   Operation 300 'xor' 'xor_ln1039_49' <Predicate = (!icmp_ln249 & icmp_ln290)> <Delay = 0.97> <CoreInst = "LogicGate">   --->   Core 74 'LogicGate' <Latency = 0> <II = 1> <Delay = 0.97> <FuncUnit> <Opcode : 'and' 'or' 'xor'> <InPorts = 2> <OutPorts = 1>
ST_8 : Operation 301 [1/1] (0.00ns)   --->   "%zext_ln1039_32 = zext i1 %xor_ln1039_49"   --->   Operation 301 'zext' 'zext_ln1039_32' <Predicate = (!icmp_ln249 & icmp_ln290)> <Delay = 0.00>
ST_8 : Operation 302 [1/1] (0.00ns) (grouped into LUT with out node icmp_ln1039_50)   --->   "%select_ln1039_50 = select i1 %trunc_ln218, i12 4054, i12 4083"   --->   Operation 302 'select' 'select_ln1039_50' <Predicate = (!icmp_ln249 & icmp_ln290)> <Delay = 0.00> <CoreInst = "Sel">   --->   Core 73 'Sel' <Latency = 0> <II = 1> <Delay = 0.99> <FuncUnit> <Opcode : 'select'> <InPorts = 3> <OutPorts = 1>
ST_8 : Operation 303 [1/1] (1.99ns) (out node of the LUT)   --->   "%icmp_ln1039_50 = icmp_slt  i12 %accu_V_2, i12 %select_ln1039_50"   --->   Operation 303 'icmp' 'icmp_ln1039_50' <Predicate = (!icmp_ln249 & icmp_ln290)> <Delay = 1.99> <CoreInst = "Cmp">   --->   Core 9 'Cmp' <Latency = 0> <II = 1> <Delay = 1.99> <FuncUnit> <Opcode : 'icmp'> <InPorts = 2> <OutPorts = 1>
ST_8 : Operation 304 [1/1] (0.97ns)   --->   "%xor_ln1039_50 = xor i1 %icmp_ln1039_50, i1 1"   --->   Operation 304 'xor' 'xor_ln1039_50' <Predicate = (!icmp_ln249 & icmp_ln290)> <Delay = 0.97> <CoreInst = "LogicGate">   --->   Core 74 'LogicGate' <Latency = 0> <II = 1> <Delay = 0.97> <FuncUnit> <Opcode : 'and' 'or' 'xor'> <InPorts = 2> <OutPorts = 1>
ST_8 : Operation 305 [1/1] (0.00ns)   --->   "%zext_ln1039_33 = zext i1 %xor_ln1039_50"   --->   Operation 305 'zext' 'zext_ln1039_33' <Predicate = (!icmp_ln249 & icmp_ln290)> <Delay = 0.00>
ST_8 : Operation 306 [1/1] (0.00ns) (grouped into LUT with out node icmp_ln1039_51)   --->   "%select_ln1039_51 = select i1 %trunc_ln218, i12 4055, i12 4084"   --->   Operation 306 'select' 'select_ln1039_51' <Predicate = (!icmp_ln249 & icmp_ln290)> <Delay = 0.00> <CoreInst = "Sel">   --->   Core 73 'Sel' <Latency = 0> <II = 1> <Delay = 0.99> <FuncUnit> <Opcode : 'select'> <InPorts = 3> <OutPorts = 1>
ST_8 : Operation 307 [1/1] (1.99ns) (out node of the LUT)   --->   "%icmp_ln1039_51 = icmp_slt  i12 %accu_V_2, i12 %select_ln1039_51"   --->   Operation 307 'icmp' 'icmp_ln1039_51' <Predicate = (!icmp_ln249 & icmp_ln290)> <Delay = 1.99> <CoreInst = "Cmp">   --->   Core 9 'Cmp' <Latency = 0> <II = 1> <Delay = 1.99> <FuncUnit> <Opcode : 'icmp'> <InPorts = 2> <OutPorts = 1>
ST_8 : Operation 308 [1/1] (0.00ns) (grouped into LUT with out node add_ln840_72)   --->   "%xor_ln1039_51 = xor i1 %icmp_ln1039_51, i1 1"   --->   Operation 308 'xor' 'xor_ln1039_51' <Predicate = (!icmp_ln249 & icmp_ln290)> <Delay = 0.00> <CoreInst = "LogicGate">   --->   Core 74 'LogicGate' <Latency = 0> <II = 1> <Delay = 0.97> <FuncUnit> <Opcode : 'and' 'or' 'xor'> <InPorts = 2> <OutPorts = 1>
ST_8 : Operation 309 [1/1] (0.00ns) (grouped into LUT with out node add_ln840_72)   --->   "%zext_ln1039_34 = zext i1 %xor_ln1039_51"   --->   Operation 309 'zext' 'zext_ln1039_34' <Predicate = (!icmp_ln249 & icmp_ln290)> <Delay = 0.00>
ST_8 : Operation 310 [1/1] (0.00ns) (grouped into LUT with out node icmp_ln1039_52)   --->   "%select_ln1039_52 = select i1 %trunc_ln218, i12 4056, i12 4085"   --->   Operation 310 'select' 'select_ln1039_52' <Predicate = (!icmp_ln249 & icmp_ln290)> <Delay = 0.00> <CoreInst = "Sel">   --->   Core 73 'Sel' <Latency = 0> <II = 1> <Delay = 0.99> <FuncUnit> <Opcode : 'select'> <InPorts = 3> <OutPorts = 1>
ST_8 : Operation 311 [1/1] (1.99ns) (out node of the LUT)   --->   "%icmp_ln1039_52 = icmp_slt  i12 %accu_V_2, i12 %select_ln1039_52"   --->   Operation 311 'icmp' 'icmp_ln1039_52' <Predicate = (!icmp_ln249 & icmp_ln290)> <Delay = 1.99> <CoreInst = "Cmp">   --->   Core 9 'Cmp' <Latency = 0> <II = 1> <Delay = 1.99> <FuncUnit> <Opcode : 'icmp'> <InPorts = 2> <OutPorts = 1>
ST_8 : Operation 312 [1/1] (0.00ns) (grouped into LUT with out node add_ln840_73)   --->   "%xor_ln1039_52 = xor i1 %icmp_ln1039_52, i1 1"   --->   Operation 312 'xor' 'xor_ln1039_52' <Predicate = (!icmp_ln249 & icmp_ln290)> <Delay = 0.00> <CoreInst = "LogicGate">   --->   Core 74 'LogicGate' <Latency = 0> <II = 1> <Delay = 0.97> <FuncUnit> <Opcode : 'and' 'or' 'xor'> <InPorts = 2> <OutPorts = 1>
ST_8 : Operation 313 [1/1] (0.00ns) (grouped into LUT with out node icmp_ln1039_53)   --->   "%select_ln1039_53 = select i1 %trunc_ln218, i12 4057, i12 4086"   --->   Operation 313 'select' 'select_ln1039_53' <Predicate = (!icmp_ln249 & icmp_ln290)> <Delay = 0.00> <CoreInst = "Sel">   --->   Core 73 'Sel' <Latency = 0> <II = 1> <Delay = 0.99> <FuncUnit> <Opcode : 'select'> <InPorts = 3> <OutPorts = 1>
ST_8 : Operation 314 [1/1] (1.99ns) (out node of the LUT)   --->   "%icmp_ln1039_53 = icmp_slt  i12 %accu_V_2, i12 %select_ln1039_53"   --->   Operation 314 'icmp' 'icmp_ln1039_53' <Predicate = (!icmp_ln249 & icmp_ln290)> <Delay = 1.99> <CoreInst = "Cmp">   --->   Core 9 'Cmp' <Latency = 0> <II = 1> <Delay = 1.99> <FuncUnit> <Opcode : 'icmp'> <InPorts = 2> <OutPorts = 1>
ST_8 : Operation 315 [1/1] (0.00ns) (grouped into LUT with out node add_ln840_76)   --->   "%xor_ln1039_53 = xor i1 %icmp_ln1039_53, i1 1"   --->   Operation 315 'xor' 'xor_ln1039_53' <Predicate = (!icmp_ln249 & icmp_ln290)> <Delay = 0.00> <CoreInst = "LogicGate">   --->   Core 74 'LogicGate' <Latency = 0> <II = 1> <Delay = 0.97> <FuncUnit> <Opcode : 'and' 'or' 'xor'> <InPorts = 2> <OutPorts = 1>
ST_8 : Operation 316 [1/1] (0.00ns) (grouped into LUT with out node icmp_ln1039_54)   --->   "%select_ln1039_54 = select i1 %trunc_ln218, i12 4058, i12 4087"   --->   Operation 316 'select' 'select_ln1039_54' <Predicate = (!icmp_ln249 & icmp_ln290)> <Delay = 0.00> <CoreInst = "Sel">   --->   Core 73 'Sel' <Latency = 0> <II = 1> <Delay = 0.99> <FuncUnit> <Opcode : 'select'> <InPorts = 3> <OutPorts = 1>
ST_8 : Operation 317 [1/1] (1.99ns) (out node of the LUT)   --->   "%icmp_ln1039_54 = icmp_slt  i12 %accu_V_2, i12 %select_ln1039_54"   --->   Operation 317 'icmp' 'icmp_ln1039_54' <Predicate = (!icmp_ln249 & icmp_ln290)> <Delay = 1.99> <CoreInst = "Cmp">   --->   Core 9 'Cmp' <Latency = 0> <II = 1> <Delay = 1.99> <FuncUnit> <Opcode : 'icmp'> <InPorts = 2> <OutPorts = 1>
ST_8 : Operation 318 [1/1] (0.00ns) (grouped into LUT with out node add_ln840_75)   --->   "%xor_ln1039_54 = xor i1 %icmp_ln1039_54, i1 1"   --->   Operation 318 'xor' 'xor_ln1039_54' <Predicate = (!icmp_ln249 & icmp_ln290)> <Delay = 0.00> <CoreInst = "LogicGate">   --->   Core 74 'LogicGate' <Latency = 0> <II = 1> <Delay = 0.97> <FuncUnit> <Opcode : 'and' 'or' 'xor'> <InPorts = 2> <OutPorts = 1>
ST_8 : Operation 319 [1/1] (0.00ns) (grouped into LUT with out node add_ln840_75)   --->   "%zext_ln1039_35 = zext i1 %xor_ln1039_54"   --->   Operation 319 'zext' 'zext_ln1039_35' <Predicate = (!icmp_ln249 & icmp_ln290)> <Delay = 0.00>
ST_8 : Operation 320 [1/1] (0.00ns) (grouped into LUT with out node icmp_ln1039_55)   --->   "%select_ln1039_55 = select i1 %trunc_ln218, i12 4059, i12 4088"   --->   Operation 320 'select' 'select_ln1039_55' <Predicate = (!icmp_ln249 & icmp_ln290)> <Delay = 0.00> <CoreInst = "Sel">   --->   Core 73 'Sel' <Latency = 0> <II = 1> <Delay = 0.99> <FuncUnit> <Opcode : 'select'> <InPorts = 3> <OutPorts = 1>
ST_8 : Operation 321 [1/1] (1.99ns) (out node of the LUT)   --->   "%icmp_ln1039_55 = icmp_slt  i12 %accu_V_2, i12 %select_ln1039_55"   --->   Operation 321 'icmp' 'icmp_ln1039_55' <Predicate = (!icmp_ln249 & icmp_ln290)> <Delay = 1.99> <CoreInst = "Cmp">   --->   Core 9 'Cmp' <Latency = 0> <II = 1> <Delay = 1.99> <FuncUnit> <Opcode : 'icmp'> <InPorts = 2> <OutPorts = 1>
ST_8 : Operation 322 [1/1] (0.97ns)   --->   "%xor_ln1039_55 = xor i1 %icmp_ln1039_55, i1 1"   --->   Operation 322 'xor' 'xor_ln1039_55' <Predicate = (!icmp_ln249 & icmp_ln290)> <Delay = 0.97> <CoreInst = "LogicGate">   --->   Core 74 'LogicGate' <Latency = 0> <II = 1> <Delay = 0.97> <FuncUnit> <Opcode : 'and' 'or' 'xor'> <InPorts = 2> <OutPorts = 1>
ST_8 : Operation 323 [1/1] (0.00ns)   --->   "%zext_ln1039_36 = zext i1 %xor_ln1039_55"   --->   Operation 323 'zext' 'zext_ln1039_36' <Predicate = (!icmp_ln249 & icmp_ln290)> <Delay = 0.00>
ST_8 : Operation 324 [1/1] (0.00ns) (grouped into LUT with out node icmp_ln1039_56)   --->   "%select_ln1039_56 = select i1 %trunc_ln218, i12 4060, i12 4089"   --->   Operation 324 'select' 'select_ln1039_56' <Predicate = (!icmp_ln249 & icmp_ln290)> <Delay = 0.00> <CoreInst = "Sel">   --->   Core 73 'Sel' <Latency = 0> <II = 1> <Delay = 0.99> <FuncUnit> <Opcode : 'select'> <InPorts = 3> <OutPorts = 1>
ST_8 : Operation 325 [1/1] (1.99ns) (out node of the LUT)   --->   "%icmp_ln1039_56 = icmp_slt  i12 %accu_V_2, i12 %select_ln1039_56"   --->   Operation 325 'icmp' 'icmp_ln1039_56' <Predicate = (!icmp_ln249 & icmp_ln290)> <Delay = 1.99> <CoreInst = "Cmp">   --->   Core 9 'Cmp' <Latency = 0> <II = 1> <Delay = 1.99> <FuncUnit> <Opcode : 'icmp'> <InPorts = 2> <OutPorts = 1>
ST_8 : Operation 326 [1/1] (0.97ns)   --->   "%xor_ln1039_56 = xor i1 %icmp_ln1039_56, i1 1"   --->   Operation 326 'xor' 'xor_ln1039_56' <Predicate = (!icmp_ln249 & icmp_ln290)> <Delay = 0.97> <CoreInst = "LogicGate">   --->   Core 74 'LogicGate' <Latency = 0> <II = 1> <Delay = 0.97> <FuncUnit> <Opcode : 'and' 'or' 'xor'> <InPorts = 2> <OutPorts = 1>
ST_8 : Operation 327 [1/1] (0.00ns)   --->   "%zext_ln1039_37 = zext i1 %xor_ln1039_56"   --->   Operation 327 'zext' 'zext_ln1039_37' <Predicate = (!icmp_ln249 & icmp_ln290)> <Delay = 0.00>
ST_8 : Operation 328 [1/1] (0.00ns) (grouped into LUT with out node icmp_ln1039_57)   --->   "%select_ln1039_57 = select i1 %trunc_ln218, i12 4061, i12 4090"   --->   Operation 328 'select' 'select_ln1039_57' <Predicate = (!icmp_ln249 & icmp_ln290)> <Delay = 0.00> <CoreInst = "Sel">   --->   Core 73 'Sel' <Latency = 0> <II = 1> <Delay = 0.99> <FuncUnit> <Opcode : 'select'> <InPorts = 3> <OutPorts = 1>
ST_8 : Operation 329 [1/1] (1.99ns) (out node of the LUT)   --->   "%icmp_ln1039_57 = icmp_slt  i12 %accu_V_2, i12 %select_ln1039_57"   --->   Operation 329 'icmp' 'icmp_ln1039_57' <Predicate = (!icmp_ln249 & icmp_ln290)> <Delay = 1.99> <CoreInst = "Cmp">   --->   Core 9 'Cmp' <Latency = 0> <II = 1> <Delay = 1.99> <FuncUnit> <Opcode : 'icmp'> <InPorts = 2> <OutPorts = 1>
ST_8 : Operation 330 [1/1] (0.00ns) (grouped into LUT with out node add_ln840_78)   --->   "%xor_ln1039_57 = xor i1 %icmp_ln1039_57, i1 1"   --->   Operation 330 'xor' 'xor_ln1039_57' <Predicate = (!icmp_ln249 & icmp_ln290)> <Delay = 0.00> <CoreInst = "LogicGate">   --->   Core 74 'LogicGate' <Latency = 0> <II = 1> <Delay = 0.97> <FuncUnit> <Opcode : 'and' 'or' 'xor'> <InPorts = 2> <OutPorts = 1>
ST_8 : Operation 331 [1/1] (0.00ns) (grouped into LUT with out node add_ln840_78)   --->   "%zext_ln1039_38 = zext i1 %xor_ln1039_57"   --->   Operation 331 'zext' 'zext_ln1039_38' <Predicate = (!icmp_ln249 & icmp_ln290)> <Delay = 0.00>
ST_8 : Operation 332 [1/1] (0.00ns) (grouped into LUT with out node icmp_ln1039_58)   --->   "%select_ln1039_58 = select i1 %trunc_ln218, i12 4062, i12 4091"   --->   Operation 332 'select' 'select_ln1039_58' <Predicate = (!icmp_ln249 & icmp_ln290)> <Delay = 0.00> <CoreInst = "Sel">   --->   Core 73 'Sel' <Latency = 0> <II = 1> <Delay = 0.99> <FuncUnit> <Opcode : 'select'> <InPorts = 3> <OutPorts = 1>
ST_8 : Operation 333 [1/1] (1.99ns) (out node of the LUT)   --->   "%icmp_ln1039_58 = icmp_slt  i12 %accu_V_2, i12 %select_ln1039_58"   --->   Operation 333 'icmp' 'icmp_ln1039_58' <Predicate = (!icmp_ln249 & icmp_ln290)> <Delay = 1.99> <CoreInst = "Cmp">   --->   Core 9 'Cmp' <Latency = 0> <II = 1> <Delay = 1.99> <FuncUnit> <Opcode : 'icmp'> <InPorts = 2> <OutPorts = 1>
ST_8 : Operation 334 [1/1] (0.00ns) (grouped into LUT with out node add_ln840_84)   --->   "%xor_ln1039_58 = xor i1 %icmp_ln1039_58, i1 1"   --->   Operation 334 'xor' 'xor_ln1039_58' <Predicate = (!icmp_ln249 & icmp_ln290)> <Delay = 0.00> <CoreInst = "LogicGate">   --->   Core 74 'LogicGate' <Latency = 0> <II = 1> <Delay = 0.97> <FuncUnit> <Opcode : 'and' 'or' 'xor'> <InPorts = 2> <OutPorts = 1>
ST_8 : Operation 335 [1/1] (0.00ns) (grouped into LUT with out node icmp_ln1039_59)   --->   "%select_ln1039_59 = select i1 %trunc_ln218, i12 4063, i12 4092"   --->   Operation 335 'select' 'select_ln1039_59' <Predicate = (!icmp_ln249 & icmp_ln290)> <Delay = 0.00> <CoreInst = "Sel">   --->   Core 73 'Sel' <Latency = 0> <II = 1> <Delay = 0.99> <FuncUnit> <Opcode : 'select'> <InPorts = 3> <OutPorts = 1>
ST_8 : Operation 336 [1/1] (1.99ns) (out node of the LUT)   --->   "%icmp_ln1039_59 = icmp_slt  i12 %accu_V_2, i12 %select_ln1039_59"   --->   Operation 336 'icmp' 'icmp_ln1039_59' <Predicate = (!icmp_ln249 & icmp_ln290)> <Delay = 1.99> <CoreInst = "Cmp">   --->   Core 9 'Cmp' <Latency = 0> <II = 1> <Delay = 1.99> <FuncUnit> <Opcode : 'icmp'> <InPorts = 2> <OutPorts = 1>
ST_8 : Operation 337 [1/1] (0.00ns) (grouped into LUT with out node add_ln840_83)   --->   "%xor_ln1039_59 = xor i1 %icmp_ln1039_59, i1 1"   --->   Operation 337 'xor' 'xor_ln1039_59' <Predicate = (!icmp_ln249 & icmp_ln290)> <Delay = 0.00> <CoreInst = "LogicGate">   --->   Core 74 'LogicGate' <Latency = 0> <II = 1> <Delay = 0.97> <FuncUnit> <Opcode : 'and' 'or' 'xor'> <InPorts = 2> <OutPorts = 1>
ST_8 : Operation 338 [1/1] (0.00ns) (grouped into LUT with out node add_ln840_83)   --->   "%zext_ln1039_39 = zext i1 %xor_ln1039_59"   --->   Operation 338 'zext' 'zext_ln1039_39' <Predicate = (!icmp_ln249 & icmp_ln290)> <Delay = 0.00>
ST_8 : Operation 339 [1/1] (0.00ns) (grouped into LUT with out node icmp_ln1039_60)   --->   "%select_ln1039_60 = select i1 %trunc_ln218, i12 4064, i12 4093"   --->   Operation 339 'select' 'select_ln1039_60' <Predicate = (!icmp_ln249 & icmp_ln290)> <Delay = 0.00> <CoreInst = "Sel">   --->   Core 73 'Sel' <Latency = 0> <II = 1> <Delay = 1.18> <FuncUnit> <Opcode : 'select'> <InPorts = 3> <OutPorts = 1>
ST_8 : Operation 340 [1/1] (1.99ns) (out node of the LUT)   --->   "%icmp_ln1039_60 = icmp_slt  i12 %accu_V_2, i12 %select_ln1039_60"   --->   Operation 340 'icmp' 'icmp_ln1039_60' <Predicate = (!icmp_ln249 & icmp_ln290)> <Delay = 1.99> <CoreInst = "Cmp">   --->   Core 9 'Cmp' <Latency = 0> <II = 1> <Delay = 1.99> <FuncUnit> <Opcode : 'icmp'> <InPorts = 2> <OutPorts = 1>
ST_8 : Operation 341 [1/1] (0.97ns)   --->   "%xor_ln1039_60 = xor i1 %icmp_ln1039_60, i1 1"   --->   Operation 341 'xor' 'xor_ln1039_60' <Predicate = (!icmp_ln249 & icmp_ln290)> <Delay = 0.97> <CoreInst = "LogicGate">   --->   Core 74 'LogicGate' <Latency = 0> <II = 1> <Delay = 0.97> <FuncUnit> <Opcode : 'and' 'or' 'xor'> <InPorts = 2> <OutPorts = 1>
ST_8 : Operation 342 [1/1] (0.00ns)   --->   "%zext_ln1039_40 = zext i1 %xor_ln1039_60"   --->   Operation 342 'zext' 'zext_ln1039_40' <Predicate = (!icmp_ln249 & icmp_ln290)> <Delay = 0.00>
ST_8 : Operation 343 [1/1] (0.00ns) (grouped into LUT with out node icmp_ln1039_61)   --->   "%select_ln1039_61 = select i1 %trunc_ln218, i12 4065, i12 4094"   --->   Operation 343 'select' 'select_ln1039_61' <Predicate = (!icmp_ln249 & icmp_ln290)> <Delay = 0.00> <CoreInst = "Sel">   --->   Core 73 'Sel' <Latency = 0> <II = 1> <Delay = 1.18> <FuncUnit> <Opcode : 'select'> <InPorts = 3> <OutPorts = 1>
ST_8 : Operation 344 [1/1] (1.99ns) (out node of the LUT)   --->   "%icmp_ln1039_61 = icmp_slt  i12 %accu_V_2, i12 %select_ln1039_61"   --->   Operation 344 'icmp' 'icmp_ln1039_61' <Predicate = (!icmp_ln249 & icmp_ln290)> <Delay = 1.99> <CoreInst = "Cmp">   --->   Core 9 'Cmp' <Latency = 0> <II = 1> <Delay = 1.99> <FuncUnit> <Opcode : 'icmp'> <InPorts = 2> <OutPorts = 1>
ST_8 : Operation 345 [1/1] (0.97ns)   --->   "%xor_ln1039_61 = xor i1 %icmp_ln1039_61, i1 1"   --->   Operation 345 'xor' 'xor_ln1039_61' <Predicate = (!icmp_ln249 & icmp_ln290)> <Delay = 0.97> <CoreInst = "LogicGate">   --->   Core 74 'LogicGate' <Latency = 0> <II = 1> <Delay = 0.97> <FuncUnit> <Opcode : 'and' 'or' 'xor'> <InPorts = 2> <OutPorts = 1>
ST_8 : Operation 346 [1/1] (0.00ns)   --->   "%zext_ln1039_41 = zext i1 %xor_ln1039_61"   --->   Operation 346 'zext' 'zext_ln1039_41' <Predicate = (!icmp_ln249 & icmp_ln290)> <Delay = 0.00>
ST_8 : Operation 347 [1/1] (0.00ns) (grouped into LUT with out node icmp_ln1039_62)   --->   "%select_ln1039_62 = select i1 %trunc_ln218, i12 4066, i12 4095"   --->   Operation 347 'select' 'select_ln1039_62' <Predicate = (!icmp_ln249 & icmp_ln290)> <Delay = 0.00> <CoreInst = "Sel">   --->   Core 73 'Sel' <Latency = 0> <II = 1> <Delay = 1.18> <FuncUnit> <Opcode : 'select'> <InPorts = 3> <OutPorts = 1>
ST_8 : Operation 348 [1/1] (1.99ns) (out node of the LUT)   --->   "%icmp_ln1039_62 = icmp_slt  i12 %accu_V_2, i12 %select_ln1039_62"   --->   Operation 348 'icmp' 'icmp_ln1039_62' <Predicate = (!icmp_ln249 & icmp_ln290)> <Delay = 1.99> <CoreInst = "Cmp">   --->   Core 9 'Cmp' <Latency = 0> <II = 1> <Delay = 1.99> <FuncUnit> <Opcode : 'icmp'> <InPorts = 2> <OutPorts = 1>
ST_8 : Operation 349 [1/1] (0.00ns) (grouped into LUT with out node add_ln840_86)   --->   "%xor_ln1039_62 = xor i1 %icmp_ln1039_62, i1 1"   --->   Operation 349 'xor' 'xor_ln1039_62' <Predicate = (!icmp_ln249 & icmp_ln290)> <Delay = 0.00> <CoreInst = "LogicGate">   --->   Core 74 'LogicGate' <Latency = 0> <II = 1> <Delay = 0.97> <FuncUnit> <Opcode : 'and' 'or' 'xor'> <InPorts = 2> <OutPorts = 1>
ST_8 : Operation 350 [1/1] (0.00ns) (grouped into LUT with out node add_ln840_86)   --->   "%zext_ln1039_42 = zext i1 %xor_ln1039_62"   --->   Operation 350 'zext' 'zext_ln1039_42' <Predicate = (!icmp_ln249 & icmp_ln290)> <Delay = 0.00>
ST_8 : Operation 351 [1/1] (0.00ns) (grouped into LUT with out node icmp_ln1039_63)   --->   "%select_ln1039_63 = select i1 %trunc_ln218, i12 4067, i12 0"   --->   Operation 351 'select' 'select_ln1039_63' <Predicate = (!icmp_ln249 & icmp_ln290)> <Delay = 0.00> <CoreInst = "Sel">   --->   Core 73 'Sel' <Latency = 0> <II = 1> <Delay = 1.18> <FuncUnit> <Opcode : 'select'> <InPorts = 3> <OutPorts = 1>
ST_8 : Operation 352 [1/1] (1.99ns) (out node of the LUT)   --->   "%icmp_ln1039_63 = icmp_slt  i12 %accu_V_2, i12 %select_ln1039_63"   --->   Operation 352 'icmp' 'icmp_ln1039_63' <Predicate = (!icmp_ln249 & icmp_ln290)> <Delay = 1.99> <CoreInst = "Cmp">   --->   Core 9 'Cmp' <Latency = 0> <II = 1> <Delay = 1.99> <FuncUnit> <Opcode : 'icmp'> <InPorts = 2> <OutPorts = 1>
ST_8 : Operation 353 [1/1] (0.00ns) (grouped into LUT with out node add_ln840_89)   --->   "%xor_ln1039_63 = xor i1 %icmp_ln1039_63, i1 1"   --->   Operation 353 'xor' 'xor_ln1039_63' <Predicate = (!icmp_ln249 & icmp_ln290)> <Delay = 0.00> <CoreInst = "LogicGate">   --->   Core 74 'LogicGate' <Latency = 0> <II = 1> <Delay = 0.97> <FuncUnit> <Opcode : 'and' 'or' 'xor'> <InPorts = 2> <OutPorts = 1>
ST_8 : Operation 354 [1/1] (0.00ns) (grouped into LUT with out node icmp_ln1039_64)   --->   "%select_ln1039_64 = select i1 %trunc_ln218, i12 4068, i12 1"   --->   Operation 354 'select' 'select_ln1039_64' <Predicate = (!icmp_ln249 & icmp_ln290)> <Delay = 0.00> <CoreInst = "Sel">   --->   Core 73 'Sel' <Latency = 0> <II = 1> <Delay = 1.18> <FuncUnit> <Opcode : 'select'> <InPorts = 3> <OutPorts = 1>
ST_8 : Operation 355 [1/1] (1.99ns) (out node of the LUT)   --->   "%icmp_ln1039_64 = icmp_slt  i12 %accu_V_2, i12 %select_ln1039_64"   --->   Operation 355 'icmp' 'icmp_ln1039_64' <Predicate = (!icmp_ln249 & icmp_ln290)> <Delay = 1.99> <CoreInst = "Cmp">   --->   Core 9 'Cmp' <Latency = 0> <II = 1> <Delay = 1.99> <FuncUnit> <Opcode : 'icmp'> <InPorts = 2> <OutPorts = 1>
ST_8 : Operation 356 [1/1] (0.00ns) (grouped into LUT with out node add_ln840_89)   --->   "%xor_ln1039_64 = xor i1 %icmp_ln1039_64, i1 1"   --->   Operation 356 'xor' 'xor_ln1039_64' <Predicate = (!icmp_ln249 & icmp_ln290)> <Delay = 0.00> <CoreInst = "LogicGate">   --->   Core 74 'LogicGate' <Latency = 0> <II = 1> <Delay = 0.97> <FuncUnit> <Opcode : 'and' 'or' 'xor'> <InPorts = 2> <OutPorts = 1>
ST_8 : Operation 357 [1/1] (0.00ns) (grouped into LUT with out node icmp_ln1039_65)   --->   "%select_ln1039_65 = select i1 %trunc_ln218, i12 4069, i12 2"   --->   Operation 357 'select' 'select_ln1039_65' <Predicate = (!icmp_ln249 & icmp_ln290)> <Delay = 0.00> <CoreInst = "Sel">   --->   Core 73 'Sel' <Latency = 0> <II = 1> <Delay = 1.18> <FuncUnit> <Opcode : 'select'> <InPorts = 3> <OutPorts = 1>
ST_8 : Operation 358 [1/1] (1.99ns) (out node of the LUT)   --->   "%icmp_ln1039_65 = icmp_slt  i12 %accu_V_2, i12 %select_ln1039_65"   --->   Operation 358 'icmp' 'icmp_ln1039_65' <Predicate = (!icmp_ln249 & icmp_ln290)> <Delay = 1.99> <CoreInst = "Cmp">   --->   Core 9 'Cmp' <Latency = 0> <II = 1> <Delay = 1.99> <FuncUnit> <Opcode : 'icmp'> <InPorts = 2> <OutPorts = 1>
ST_8 : Operation 359 [1/1] (0.00ns) (grouped into LUT with out node add_ln840_90)   --->   "%xor_ln1039_65 = xor i1 %icmp_ln1039_65, i1 1"   --->   Operation 359 'xor' 'xor_ln1039_65' <Predicate = (!icmp_ln249 & icmp_ln290)> <Delay = 0.00> <CoreInst = "LogicGate">   --->   Core 74 'LogicGate' <Latency = 0> <II = 1> <Delay = 0.97> <FuncUnit> <Opcode : 'and' 'or' 'xor'> <InPorts = 2> <OutPorts = 1>
ST_8 : Operation 360 [1/1] (0.00ns) (grouped into LUT with out node add_ln840_90)   --->   "%zext_ln1039_43 = zext i1 %xor_ln1039_65"   --->   Operation 360 'zext' 'zext_ln1039_43' <Predicate = (!icmp_ln249 & icmp_ln290)> <Delay = 0.00>
ST_8 : Operation 361 [1/1] (0.00ns) (grouped into LUT with out node icmp_ln1039_66)   --->   "%select_ln1039_66 = select i1 %trunc_ln218, i12 4070, i12 3"   --->   Operation 361 'select' 'select_ln1039_66' <Predicate = (!icmp_ln249 & icmp_ln290)> <Delay = 0.00> <CoreInst = "Sel">   --->   Core 73 'Sel' <Latency = 0> <II = 1> <Delay = 1.18> <FuncUnit> <Opcode : 'select'> <InPorts = 3> <OutPorts = 1>
ST_8 : Operation 362 [1/1] (1.99ns) (out node of the LUT)   --->   "%icmp_ln1039_66 = icmp_slt  i12 %accu_V_2, i12 %select_ln1039_66"   --->   Operation 362 'icmp' 'icmp_ln1039_66' <Predicate = (!icmp_ln249 & icmp_ln290)> <Delay = 1.99> <CoreInst = "Cmp">   --->   Core 9 'Cmp' <Latency = 0> <II = 1> <Delay = 1.99> <FuncUnit> <Opcode : 'icmp'> <InPorts = 2> <OutPorts = 1>
ST_8 : Operation 363 [1/1] (0.97ns)   --->   "%xor_ln1039_66 = xor i1 %icmp_ln1039_66, i1 1"   --->   Operation 363 'xor' 'xor_ln1039_66' <Predicate = (!icmp_ln249 & icmp_ln290)> <Delay = 0.97> <CoreInst = "LogicGate">   --->   Core 74 'LogicGate' <Latency = 0> <II = 1> <Delay = 0.97> <FuncUnit> <Opcode : 'and' 'or' 'xor'> <InPorts = 2> <OutPorts = 1>
ST_8 : Operation 364 [1/1] (0.00ns)   --->   "%zext_ln1039_44 = zext i1 %xor_ln1039_66"   --->   Operation 364 'zext' 'zext_ln1039_44' <Predicate = (!icmp_ln249 & icmp_ln290)> <Delay = 0.00>
ST_8 : Operation 365 [1/1] (0.00ns) (grouped into LUT with out node icmp_ln1039_67)   --->   "%select_ln1039_67 = select i1 %trunc_ln218, i12 4071, i12 4"   --->   Operation 365 'select' 'select_ln1039_67' <Predicate = (!icmp_ln249 & icmp_ln290)> <Delay = 0.00> <CoreInst = "Sel">   --->   Core 73 'Sel' <Latency = 0> <II = 1> <Delay = 1.18> <FuncUnit> <Opcode : 'select'> <InPorts = 3> <OutPorts = 1>
ST_8 : Operation 366 [1/1] (1.99ns) (out node of the LUT)   --->   "%icmp_ln1039_67 = icmp_slt  i12 %accu_V_2, i12 %select_ln1039_67"   --->   Operation 366 'icmp' 'icmp_ln1039_67' <Predicate = (!icmp_ln249 & icmp_ln290)> <Delay = 1.99> <CoreInst = "Cmp">   --->   Core 9 'Cmp' <Latency = 0> <II = 1> <Delay = 1.99> <FuncUnit> <Opcode : 'icmp'> <InPorts = 2> <OutPorts = 1>
ST_8 : Operation 367 [1/1] (0.97ns)   --->   "%xor_ln1039_67 = xor i1 %icmp_ln1039_67, i1 1"   --->   Operation 367 'xor' 'xor_ln1039_67' <Predicate = (!icmp_ln249 & icmp_ln290)> <Delay = 0.97> <CoreInst = "LogicGate">   --->   Core 74 'LogicGate' <Latency = 0> <II = 1> <Delay = 0.97> <FuncUnit> <Opcode : 'and' 'or' 'xor'> <InPorts = 2> <OutPorts = 1>
ST_8 : Operation 368 [1/1] (0.00ns)   --->   "%zext_ln1039_45 = zext i1 %xor_ln1039_67"   --->   Operation 368 'zext' 'zext_ln1039_45' <Predicate = (!icmp_ln249 & icmp_ln290)> <Delay = 0.00>
ST_8 : Operation 369 [1/1] (0.00ns) (grouped into LUT with out node icmp_ln1039_68)   --->   "%select_ln1039_68 = select i1 %trunc_ln218, i12 4072, i12 5"   --->   Operation 369 'select' 'select_ln1039_68' <Predicate = (!icmp_ln249 & icmp_ln290)> <Delay = 0.00> <CoreInst = "Sel">   --->   Core 73 'Sel' <Latency = 0> <II = 1> <Delay = 1.18> <FuncUnit> <Opcode : 'select'> <InPorts = 3> <OutPorts = 1>
ST_8 : Operation 370 [1/1] (1.99ns) (out node of the LUT)   --->   "%icmp_ln1039_68 = icmp_slt  i12 %accu_V_2, i12 %select_ln1039_68"   --->   Operation 370 'icmp' 'icmp_ln1039_68' <Predicate = (!icmp_ln249 & icmp_ln290)> <Delay = 1.99> <CoreInst = "Cmp">   --->   Core 9 'Cmp' <Latency = 0> <II = 1> <Delay = 1.99> <FuncUnit> <Opcode : 'icmp'> <InPorts = 2> <OutPorts = 1>
ST_8 : Operation 371 [1/1] (0.00ns) (grouped into LUT with out node add_ln840_95)   --->   "%xor_ln1039_68 = xor i1 %icmp_ln1039_68, i1 1"   --->   Operation 371 'xor' 'xor_ln1039_68' <Predicate = (!icmp_ln249 & icmp_ln290)> <Delay = 0.00> <CoreInst = "LogicGate">   --->   Core 74 'LogicGate' <Latency = 0> <II = 1> <Delay = 0.97> <FuncUnit> <Opcode : 'and' 'or' 'xor'> <InPorts = 2> <OutPorts = 1>
ST_8 : Operation 372 [1/1] (0.00ns) (grouped into LUT with out node add_ln840_95)   --->   "%zext_ln1039_46 = zext i1 %xor_ln1039_68"   --->   Operation 372 'zext' 'zext_ln1039_46' <Predicate = (!icmp_ln249 & icmp_ln290)> <Delay = 0.00>
ST_8 : Operation 373 [1/1] (0.00ns) (grouped into LUT with out node icmp_ln1039_69)   --->   "%select_ln1039_69 = select i1 %trunc_ln218, i12 4073, i12 6"   --->   Operation 373 'select' 'select_ln1039_69' <Predicate = (!icmp_ln249 & icmp_ln290)> <Delay = 0.00> <CoreInst = "Sel">   --->   Core 73 'Sel' <Latency = 0> <II = 1> <Delay = 1.18> <FuncUnit> <Opcode : 'select'> <InPorts = 3> <OutPorts = 1>
ST_8 : Operation 374 [1/1] (1.99ns) (out node of the LUT)   --->   "%icmp_ln1039_69 = icmp_slt  i12 %accu_V_2, i12 %select_ln1039_69"   --->   Operation 374 'icmp' 'icmp_ln1039_69' <Predicate = (!icmp_ln249 & icmp_ln290)> <Delay = 1.99> <CoreInst = "Cmp">   --->   Core 9 'Cmp' <Latency = 0> <II = 1> <Delay = 1.99> <FuncUnit> <Opcode : 'icmp'> <InPorts = 2> <OutPorts = 1>
ST_8 : Operation 375 [1/1] (0.00ns) (grouped into LUT with out node add_ln840_96)   --->   "%xor_ln1039_69 = xor i1 %icmp_ln1039_69, i1 1"   --->   Operation 375 'xor' 'xor_ln1039_69' <Predicate = (!icmp_ln249 & icmp_ln290)> <Delay = 0.00> <CoreInst = "LogicGate">   --->   Core 74 'LogicGate' <Latency = 0> <II = 1> <Delay = 0.97> <FuncUnit> <Opcode : 'and' 'or' 'xor'> <InPorts = 2> <OutPorts = 1>
ST_8 : Operation 376 [1/1] (0.00ns) (grouped into LUT with out node icmp_ln1039_70)   --->   "%select_ln1039_70 = select i1 %trunc_ln218, i12 4074, i12 7"   --->   Operation 376 'select' 'select_ln1039_70' <Predicate = (!icmp_ln249 & icmp_ln290)> <Delay = 0.00> <CoreInst = "Sel">   --->   Core 73 'Sel' <Latency = 0> <II = 1> <Delay = 1.18> <FuncUnit> <Opcode : 'select'> <InPorts = 3> <OutPorts = 1>
ST_8 : Operation 377 [1/1] (1.99ns) (out node of the LUT)   --->   "%icmp_ln1039_70 = icmp_slt  i12 %accu_V_2, i12 %select_ln1039_70"   --->   Operation 377 'icmp' 'icmp_ln1039_70' <Predicate = (!icmp_ln249 & icmp_ln290)> <Delay = 1.99> <CoreInst = "Cmp">   --->   Core 9 'Cmp' <Latency = 0> <II = 1> <Delay = 1.99> <FuncUnit> <Opcode : 'icmp'> <InPorts = 2> <OutPorts = 1>
ST_8 : Operation 378 [1/1] (0.00ns) (grouped into LUT with out node add_ln840_98)   --->   "%xor_ln1039_70 = xor i1 %icmp_ln1039_70, i1 1"   --->   Operation 378 'xor' 'xor_ln1039_70' <Predicate = (!icmp_ln249 & icmp_ln290)> <Delay = 0.00> <CoreInst = "LogicGate">   --->   Core 74 'LogicGate' <Latency = 0> <II = 1> <Delay = 0.97> <FuncUnit> <Opcode : 'and' 'or' 'xor'> <InPorts = 2> <OutPorts = 1>
ST_8 : Operation 379 [1/1] (0.00ns) (grouped into LUT with out node icmp_ln1039_71)   --->   "%select_ln1039_71 = select i1 %trunc_ln218, i12 4075, i12 8"   --->   Operation 379 'select' 'select_ln1039_71' <Predicate = (!icmp_ln249 & icmp_ln290)> <Delay = 0.00> <CoreInst = "Sel">   --->   Core 73 'Sel' <Latency = 0> <II = 1> <Delay = 1.18> <FuncUnit> <Opcode : 'select'> <InPorts = 3> <OutPorts = 1>
ST_8 : Operation 380 [1/1] (1.99ns) (out node of the LUT)   --->   "%icmp_ln1039_71 = icmp_slt  i12 %accu_V_2, i12 %select_ln1039_71"   --->   Operation 380 'icmp' 'icmp_ln1039_71' <Predicate = (!icmp_ln249 & icmp_ln290)> <Delay = 1.99> <CoreInst = "Cmp">   --->   Core 9 'Cmp' <Latency = 0> <II = 1> <Delay = 1.99> <FuncUnit> <Opcode : 'icmp'> <InPorts = 2> <OutPorts = 1>
ST_8 : Operation 381 [1/1] (0.00ns) (grouped into LUT with out node add_ln840_97)   --->   "%xor_ln1039_71 = xor i1 %icmp_ln1039_71, i1 1"   --->   Operation 381 'xor' 'xor_ln1039_71' <Predicate = (!icmp_ln249 & icmp_ln290)> <Delay = 0.00> <CoreInst = "LogicGate">   --->   Core 74 'LogicGate' <Latency = 0> <II = 1> <Delay = 0.97> <FuncUnit> <Opcode : 'and' 'or' 'xor'> <InPorts = 2> <OutPorts = 1>
ST_8 : Operation 382 [1/1] (0.00ns) (grouped into LUT with out node add_ln840_97)   --->   "%zext_ln1039_47 = zext i1 %xor_ln1039_71"   --->   Operation 382 'zext' 'zext_ln1039_47' <Predicate = (!icmp_ln249 & icmp_ln290)> <Delay = 0.00>
ST_8 : Operation 383 [1/1] (0.00ns) (grouped into LUT with out node icmp_ln1039_72)   --->   "%select_ln1039_72 = select i1 %trunc_ln218, i12 4076, i12 9"   --->   Operation 383 'select' 'select_ln1039_72' <Predicate = (!icmp_ln249 & icmp_ln290)> <Delay = 0.00> <CoreInst = "Sel">   --->   Core 73 'Sel' <Latency = 0> <II = 1> <Delay = 1.18> <FuncUnit> <Opcode : 'select'> <InPorts = 3> <OutPorts = 1>
ST_8 : Operation 384 [1/1] (1.99ns) (out node of the LUT)   --->   "%icmp_ln1039_72 = icmp_slt  i12 %accu_V_2, i12 %select_ln1039_72"   --->   Operation 384 'icmp' 'icmp_ln1039_72' <Predicate = (!icmp_ln249 & icmp_ln290)> <Delay = 1.99> <CoreInst = "Cmp">   --->   Core 9 'Cmp' <Latency = 0> <II = 1> <Delay = 1.99> <FuncUnit> <Opcode : 'icmp'> <InPorts = 2> <OutPorts = 1>
ST_8 : Operation 385 [1/1] (0.97ns)   --->   "%xor_ln1039_72 = xor i1 %icmp_ln1039_72, i1 1"   --->   Operation 385 'xor' 'xor_ln1039_72' <Predicate = (!icmp_ln249 & icmp_ln290)> <Delay = 0.97> <CoreInst = "LogicGate">   --->   Core 74 'LogicGate' <Latency = 0> <II = 1> <Delay = 0.97> <FuncUnit> <Opcode : 'and' 'or' 'xor'> <InPorts = 2> <OutPorts = 1>
ST_8 : Operation 386 [1/1] (0.00ns)   --->   "%zext_ln1039_48 = zext i1 %xor_ln1039_72"   --->   Operation 386 'zext' 'zext_ln1039_48' <Predicate = (!icmp_ln249 & icmp_ln290)> <Delay = 0.00>
ST_8 : Operation 387 [1/1] (0.00ns) (grouped into LUT with out node icmp_ln1039_73)   --->   "%select_ln1039_73 = select i1 %trunc_ln218, i12 4077, i12 10"   --->   Operation 387 'select' 'select_ln1039_73' <Predicate = (!icmp_ln249 & icmp_ln290)> <Delay = 0.00> <CoreInst = "Sel">   --->   Core 73 'Sel' <Latency = 0> <II = 1> <Delay = 1.18> <FuncUnit> <Opcode : 'select'> <InPorts = 3> <OutPorts = 1>
ST_8 : Operation 388 [1/1] (1.99ns) (out node of the LUT)   --->   "%icmp_ln1039_73 = icmp_slt  i12 %accu_V_2, i12 %select_ln1039_73"   --->   Operation 388 'icmp' 'icmp_ln1039_73' <Predicate = (!icmp_ln249 & icmp_ln290)> <Delay = 1.99> <CoreInst = "Cmp">   --->   Core 9 'Cmp' <Latency = 0> <II = 1> <Delay = 1.99> <FuncUnit> <Opcode : 'icmp'> <InPorts = 2> <OutPorts = 1>
ST_8 : Operation 389 [1/1] (0.00ns) (grouped into LUT with out node add_ln840_100)   --->   "%xor_ln1039_73 = xor i1 %icmp_ln1039_73, i1 1"   --->   Operation 389 'xor' 'xor_ln1039_73' <Predicate = (!icmp_ln249 & icmp_ln290)> <Delay = 0.00> <CoreInst = "LogicGate">   --->   Core 74 'LogicGate' <Latency = 0> <II = 1> <Delay = 0.97> <FuncUnit> <Opcode : 'and' 'or' 'xor'> <InPorts = 2> <OutPorts = 1>
ST_8 : Operation 390 [1/1] (0.00ns) (grouped into LUT with out node add_ln840_100)   --->   "%zext_ln1039_49 = zext i1 %xor_ln1039_73"   --->   Operation 390 'zext' 'zext_ln1039_49' <Predicate = (!icmp_ln249 & icmp_ln290)> <Delay = 0.00>
ST_8 : Operation 391 [1/1] (0.00ns) (grouped into LUT with out node icmp_ln1039_74)   --->   "%select_ln1039_74 = select i1 %trunc_ln218, i12 4078, i12 11"   --->   Operation 391 'select' 'select_ln1039_74' <Predicate = (!icmp_ln249 & icmp_ln290)> <Delay = 0.00> <CoreInst = "Sel">   --->   Core 73 'Sel' <Latency = 0> <II = 1> <Delay = 1.18> <FuncUnit> <Opcode : 'select'> <InPorts = 3> <OutPorts = 1>
ST_8 : Operation 392 [1/1] (1.99ns) (out node of the LUT)   --->   "%icmp_ln1039_74 = icmp_slt  i12 %accu_V_2, i12 %select_ln1039_74"   --->   Operation 392 'icmp' 'icmp_ln1039_74' <Predicate = (!icmp_ln249 & icmp_ln290)> <Delay = 1.99> <CoreInst = "Cmp">   --->   Core 9 'Cmp' <Latency = 0> <II = 1> <Delay = 1.99> <FuncUnit> <Opcode : 'icmp'> <InPorts = 2> <OutPorts = 1>
ST_8 : Operation 393 [1/1] (0.00ns) (grouped into LUT with out node add_ln840_101)   --->   "%xor_ln1039_74 = xor i1 %icmp_ln1039_74, i1 1"   --->   Operation 393 'xor' 'xor_ln1039_74' <Predicate = (!icmp_ln249 & icmp_ln290)> <Delay = 0.00> <CoreInst = "LogicGate">   --->   Core 74 'LogicGate' <Latency = 0> <II = 1> <Delay = 0.97> <FuncUnit> <Opcode : 'and' 'or' 'xor'> <InPorts = 2> <OutPorts = 1>
ST_8 : Operation 394 [1/1] (0.00ns) (grouped into LUT with out node icmp_ln1039_75)   --->   "%select_ln1039_75 = select i1 %trunc_ln218, i12 4079, i12 12"   --->   Operation 394 'select' 'select_ln1039_75' <Predicate = (!icmp_ln249 & icmp_ln290)> <Delay = 0.00> <CoreInst = "Sel">   --->   Core 73 'Sel' <Latency = 0> <II = 1> <Delay = 1.18> <FuncUnit> <Opcode : 'select'> <InPorts = 3> <OutPorts = 1>
ST_8 : Operation 395 [1/1] (1.99ns) (out node of the LUT)   --->   "%icmp_ln1039_75 = icmp_slt  i12 %accu_V_2, i12 %select_ln1039_75"   --->   Operation 395 'icmp' 'icmp_ln1039_75' <Predicate = (!icmp_ln249 & icmp_ln290)> <Delay = 1.99> <CoreInst = "Cmp">   --->   Core 9 'Cmp' <Latency = 0> <II = 1> <Delay = 1.99> <FuncUnit> <Opcode : 'icmp'> <InPorts = 2> <OutPorts = 1>
ST_8 : Operation 396 [1/1] (0.00ns) (grouped into LUT with out node add_ln840_103)   --->   "%xor_ln1039_75 = xor i1 %icmp_ln1039_75, i1 1"   --->   Operation 396 'xor' 'xor_ln1039_75' <Predicate = (!icmp_ln249 & icmp_ln290)> <Delay = 0.00> <CoreInst = "LogicGate">   --->   Core 74 'LogicGate' <Latency = 0> <II = 1> <Delay = 0.97> <FuncUnit> <Opcode : 'and' 'or' 'xor'> <InPorts = 2> <OutPorts = 1>
ST_8 : Operation 397 [1/1] (0.00ns) (grouped into LUT with out node icmp_ln1039_76)   --->   "%select_ln1039_76 = select i1 %trunc_ln218, i12 4080, i12 13"   --->   Operation 397 'select' 'select_ln1039_76' <Predicate = (!icmp_ln249 & icmp_ln290)> <Delay = 0.00> <CoreInst = "Sel">   --->   Core 73 'Sel' <Latency = 0> <II = 1> <Delay = 1.21> <FuncUnit> <Opcode : 'select'> <InPorts = 3> <OutPorts = 1>
ST_8 : Operation 398 [1/1] (1.99ns) (out node of the LUT)   --->   "%icmp_ln1039_76 = icmp_slt  i12 %accu_V_2, i12 %select_ln1039_76"   --->   Operation 398 'icmp' 'icmp_ln1039_76' <Predicate = (!icmp_ln249 & icmp_ln290)> <Delay = 1.99> <CoreInst = "Cmp">   --->   Core 9 'Cmp' <Latency = 0> <II = 1> <Delay = 1.99> <FuncUnit> <Opcode : 'icmp'> <InPorts = 2> <OutPorts = 1>
ST_8 : Operation 399 [1/1] (0.00ns) (grouped into LUT with out node add_ln840_102)   --->   "%xor_ln1039_76 = xor i1 %icmp_ln1039_76, i1 1"   --->   Operation 399 'xor' 'xor_ln1039_76' <Predicate = (!icmp_ln249 & icmp_ln290)> <Delay = 0.00> <CoreInst = "LogicGate">   --->   Core 74 'LogicGate' <Latency = 0> <II = 1> <Delay = 0.97> <FuncUnit> <Opcode : 'and' 'or' 'xor'> <InPorts = 2> <OutPorts = 1>
ST_8 : Operation 400 [1/1] (0.00ns) (grouped into LUT with out node add_ln840_102)   --->   "%zext_ln1039_50 = zext i1 %xor_ln1039_76"   --->   Operation 400 'zext' 'zext_ln1039_50' <Predicate = (!icmp_ln249 & icmp_ln290)> <Delay = 0.00>
ST_8 : Operation 401 [1/1] (0.00ns) (grouped into LUT with out node icmp_ln1039_77)   --->   "%select_ln1039_77 = select i1 %trunc_ln218, i12 4081, i12 14"   --->   Operation 401 'select' 'select_ln1039_77' <Predicate = (!icmp_ln249 & icmp_ln290)> <Delay = 0.00> <CoreInst = "Sel">   --->   Core 73 'Sel' <Latency = 0> <II = 1> <Delay = 1.21> <FuncUnit> <Opcode : 'select'> <InPorts = 3> <OutPorts = 1>
ST_8 : Operation 402 [1/1] (1.99ns) (out node of the LUT)   --->   "%icmp_ln1039_77 = icmp_slt  i12 %accu_V_2, i12 %select_ln1039_77"   --->   Operation 402 'icmp' 'icmp_ln1039_77' <Predicate = (!icmp_ln249 & icmp_ln290)> <Delay = 1.99> <CoreInst = "Cmp">   --->   Core 9 'Cmp' <Latency = 0> <II = 1> <Delay = 1.99> <FuncUnit> <Opcode : 'icmp'> <InPorts = 2> <OutPorts = 1>
ST_8 : Operation 403 [1/1] (0.97ns)   --->   "%xor_ln1039_77 = xor i1 %icmp_ln1039_77, i1 1"   --->   Operation 403 'xor' 'xor_ln1039_77' <Predicate = (!icmp_ln249 & icmp_ln290)> <Delay = 0.97> <CoreInst = "LogicGate">   --->   Core 74 'LogicGate' <Latency = 0> <II = 1> <Delay = 0.97> <FuncUnit> <Opcode : 'and' 'or' 'xor'> <InPorts = 2> <OutPorts = 1>
ST_8 : Operation 404 [1/1] (0.00ns)   --->   "%zext_ln1039_51 = zext i1 %xor_ln1039_77"   --->   Operation 404 'zext' 'zext_ln1039_51' <Predicate = (!icmp_ln249 & icmp_ln290)> <Delay = 0.00>
ST_8 : Operation 405 [1/1] (0.00ns) (grouped into LUT with out node icmp_ln1039_78)   --->   "%select_ln1039_78 = select i1 %trunc_ln218, i12 4082, i12 15"   --->   Operation 405 'select' 'select_ln1039_78' <Predicate = (!icmp_ln249 & icmp_ln290)> <Delay = 0.00> <CoreInst = "Sel">   --->   Core 73 'Sel' <Latency = 0> <II = 1> <Delay = 1.21> <FuncUnit> <Opcode : 'select'> <InPorts = 3> <OutPorts = 1>
ST_8 : Operation 406 [1/1] (1.99ns) (out node of the LUT)   --->   "%icmp_ln1039_78 = icmp_slt  i12 %accu_V_2, i12 %select_ln1039_78"   --->   Operation 406 'icmp' 'icmp_ln1039_78' <Predicate = (!icmp_ln249 & icmp_ln290)> <Delay = 1.99> <CoreInst = "Cmp">   --->   Core 9 'Cmp' <Latency = 0> <II = 1> <Delay = 1.99> <FuncUnit> <Opcode : 'icmp'> <InPorts = 2> <OutPorts = 1>
ST_8 : Operation 407 [1/1] (0.97ns)   --->   "%xor_ln1039_78 = xor i1 %icmp_ln1039_78, i1 1"   --->   Operation 407 'xor' 'xor_ln1039_78' <Predicate = (!icmp_ln249 & icmp_ln290)> <Delay = 0.97> <CoreInst = "LogicGate">   --->   Core 74 'LogicGate' <Latency = 0> <II = 1> <Delay = 0.97> <FuncUnit> <Opcode : 'and' 'or' 'xor'> <InPorts = 2> <OutPorts = 1>
ST_8 : Operation 408 [1/1] (0.00ns)   --->   "%zext_ln1039_52 = zext i1 %xor_ln1039_78"   --->   Operation 408 'zext' 'zext_ln1039_52' <Predicate = (!icmp_ln249 & icmp_ln290)> <Delay = 0.00>
ST_8 : Operation 409 [1/1] (0.00ns) (grouped into LUT with out node icmp_ln1039_79)   --->   "%select_ln1039_79 = select i1 %trunc_ln218, i12 4083, i12 16"   --->   Operation 409 'select' 'select_ln1039_79' <Predicate = (!icmp_ln249 & icmp_ln290)> <Delay = 0.00> <CoreInst = "Sel">   --->   Core 73 'Sel' <Latency = 0> <II = 1> <Delay = 1.18> <FuncUnit> <Opcode : 'select'> <InPorts = 3> <OutPorts = 1>
ST_8 : Operation 410 [1/1] (1.99ns) (out node of the LUT)   --->   "%icmp_ln1039_79 = icmp_slt  i12 %accu_V_2, i12 %select_ln1039_79"   --->   Operation 410 'icmp' 'icmp_ln1039_79' <Predicate = (!icmp_ln249 & icmp_ln290)> <Delay = 1.99> <CoreInst = "Cmp">   --->   Core 9 'Cmp' <Latency = 0> <II = 1> <Delay = 1.99> <FuncUnit> <Opcode : 'icmp'> <InPorts = 2> <OutPorts = 1>
ST_8 : Operation 411 [1/1] (0.00ns) (grouped into LUT with out node add_ln840_110)   --->   "%xor_ln1039_79 = xor i1 %icmp_ln1039_79, i1 1"   --->   Operation 411 'xor' 'xor_ln1039_79' <Predicate = (!icmp_ln249 & icmp_ln290)> <Delay = 0.00> <CoreInst = "LogicGate">   --->   Core 74 'LogicGate' <Latency = 0> <II = 1> <Delay = 0.97> <FuncUnit> <Opcode : 'and' 'or' 'xor'> <InPorts = 2> <OutPorts = 1>
ST_8 : Operation 412 [1/1] (0.00ns) (grouped into LUT with out node add_ln840_110)   --->   "%zext_ln1039_53 = zext i1 %xor_ln1039_79"   --->   Operation 412 'zext' 'zext_ln1039_53' <Predicate = (!icmp_ln249 & icmp_ln290)> <Delay = 0.00>
ST_8 : Operation 413 [1/1] (0.00ns) (grouped into LUT with out node icmp_ln1039_80)   --->   "%select_ln1039_80 = select i1 %trunc_ln218, i12 4084, i12 17"   --->   Operation 413 'select' 'select_ln1039_80' <Predicate = (!icmp_ln249 & icmp_ln290)> <Delay = 0.00> <CoreInst = "Sel">   --->   Core 73 'Sel' <Latency = 0> <II = 1> <Delay = 1.18> <FuncUnit> <Opcode : 'select'> <InPorts = 3> <OutPorts = 1>
ST_8 : Operation 414 [1/1] (1.99ns) (out node of the LUT)   --->   "%icmp_ln1039_80 = icmp_slt  i12 %accu_V_2, i12 %select_ln1039_80"   --->   Operation 414 'icmp' 'icmp_ln1039_80' <Predicate = (!icmp_ln249 & icmp_ln290)> <Delay = 1.99> <CoreInst = "Cmp">   --->   Core 9 'Cmp' <Latency = 0> <II = 1> <Delay = 1.99> <FuncUnit> <Opcode : 'icmp'> <InPorts = 2> <OutPorts = 1>
ST_8 : Operation 415 [1/1] (0.00ns) (grouped into LUT with out node add_ln840_112)   --->   "%xor_ln1039_80 = xor i1 %icmp_ln1039_80, i1 1"   --->   Operation 415 'xor' 'xor_ln1039_80' <Predicate = (!icmp_ln249 & icmp_ln290)> <Delay = 0.00> <CoreInst = "LogicGate">   --->   Core 74 'LogicGate' <Latency = 0> <II = 1> <Delay = 0.97> <FuncUnit> <Opcode : 'and' 'or' 'xor'> <InPorts = 2> <OutPorts = 1>
ST_8 : Operation 416 [1/1] (0.00ns) (grouped into LUT with out node icmp_ln1039_81)   --->   "%select_ln1039_81 = select i1 %trunc_ln218, i12 4085, i12 18"   --->   Operation 416 'select' 'select_ln1039_81' <Predicate = (!icmp_ln249 & icmp_ln290)> <Delay = 0.00> <CoreInst = "Sel">   --->   Core 73 'Sel' <Latency = 0> <II = 1> <Delay = 1.18> <FuncUnit> <Opcode : 'select'> <InPorts = 3> <OutPorts = 1>
ST_8 : Operation 417 [1/1] (1.99ns) (out node of the LUT)   --->   "%icmp_ln1039_81 = icmp_slt  i12 %accu_V_2, i12 %select_ln1039_81"   --->   Operation 417 'icmp' 'icmp_ln1039_81' <Predicate = (!icmp_ln249 & icmp_ln290)> <Delay = 1.99> <CoreInst = "Cmp">   --->   Core 9 'Cmp' <Latency = 0> <II = 1> <Delay = 1.99> <FuncUnit> <Opcode : 'icmp'> <InPorts = 2> <OutPorts = 1>
ST_8 : Operation 418 [1/1] (0.00ns) (grouped into LUT with out node add_ln840_112)   --->   "%xor_ln1039_81 = xor i1 %icmp_ln1039_81, i1 1"   --->   Operation 418 'xor' 'xor_ln1039_81' <Predicate = (!icmp_ln249 & icmp_ln290)> <Delay = 0.00> <CoreInst = "LogicGate">   --->   Core 74 'LogicGate' <Latency = 0> <II = 1> <Delay = 0.97> <FuncUnit> <Opcode : 'and' 'or' 'xor'> <InPorts = 2> <OutPorts = 1>
ST_8 : Operation 419 [1/1] (0.00ns) (grouped into LUT with out node icmp_ln1039_82)   --->   "%select_ln1039_82 = select i1 %trunc_ln218, i12 4086, i12 19"   --->   Operation 419 'select' 'select_ln1039_82' <Predicate = (!icmp_ln249 & icmp_ln290)> <Delay = 0.00> <CoreInst = "Sel">   --->   Core 73 'Sel' <Latency = 0> <II = 1> <Delay = 1.18> <FuncUnit> <Opcode : 'select'> <InPorts = 3> <OutPorts = 1>
ST_8 : Operation 420 [1/1] (1.99ns) (out node of the LUT)   --->   "%icmp_ln1039_82 = icmp_slt  i12 %accu_V_2, i12 %select_ln1039_82"   --->   Operation 420 'icmp' 'icmp_ln1039_82' <Predicate = (!icmp_ln249 & icmp_ln290)> <Delay = 1.99> <CoreInst = "Cmp">   --->   Core 9 'Cmp' <Latency = 0> <II = 1> <Delay = 1.99> <FuncUnit> <Opcode : 'icmp'> <InPorts = 2> <OutPorts = 1>
ST_8 : Operation 421 [1/1] (0.00ns) (grouped into LUT with out node add_ln840_114)   --->   "%xor_ln1039_82 = xor i1 %icmp_ln1039_82, i1 1"   --->   Operation 421 'xor' 'xor_ln1039_82' <Predicate = (!icmp_ln249 & icmp_ln290)> <Delay = 0.00> <CoreInst = "LogicGate">   --->   Core 74 'LogicGate' <Latency = 0> <II = 1> <Delay = 0.97> <FuncUnit> <Opcode : 'and' 'or' 'xor'> <InPorts = 2> <OutPorts = 1>
ST_8 : Operation 422 [1/1] (0.00ns) (grouped into LUT with out node add_ln840_114)   --->   "%zext_ln1039_54 = zext i1 %xor_ln1039_82"   --->   Operation 422 'zext' 'zext_ln1039_54' <Predicate = (!icmp_ln249 & icmp_ln290)> <Delay = 0.00>
ST_8 : Operation 423 [1/1] (0.00ns) (grouped into LUT with out node icmp_ln1039_83)   --->   "%select_ln1039_83 = select i1 %trunc_ln218, i12 4087, i12 20"   --->   Operation 423 'select' 'select_ln1039_83' <Predicate = (!icmp_ln249 & icmp_ln290)> <Delay = 0.00> <CoreInst = "Sel">   --->   Core 73 'Sel' <Latency = 0> <II = 1> <Delay = 1.18> <FuncUnit> <Opcode : 'select'> <InPorts = 3> <OutPorts = 1>
ST_8 : Operation 424 [1/1] (1.99ns) (out node of the LUT)   --->   "%icmp_ln1039_83 = icmp_slt  i12 %accu_V_2, i12 %select_ln1039_83"   --->   Operation 424 'icmp' 'icmp_ln1039_83' <Predicate = (!icmp_ln249 & icmp_ln290)> <Delay = 1.99> <CoreInst = "Cmp">   --->   Core 9 'Cmp' <Latency = 0> <II = 1> <Delay = 1.99> <FuncUnit> <Opcode : 'icmp'> <InPorts = 2> <OutPorts = 1>
ST_8 : Operation 425 [1/1] (0.97ns)   --->   "%xor_ln1039_83 = xor i1 %icmp_ln1039_83, i1 1"   --->   Operation 425 'xor' 'xor_ln1039_83' <Predicate = (!icmp_ln249 & icmp_ln290)> <Delay = 0.97> <CoreInst = "LogicGate">   --->   Core 74 'LogicGate' <Latency = 0> <II = 1> <Delay = 0.97> <FuncUnit> <Opcode : 'and' 'or' 'xor'> <InPorts = 2> <OutPorts = 1>
ST_8 : Operation 426 [1/1] (0.00ns)   --->   "%zext_ln1039_55 = zext i1 %xor_ln1039_83"   --->   Operation 426 'zext' 'zext_ln1039_55' <Predicate = (!icmp_ln249 & icmp_ln290)> <Delay = 0.00>
ST_8 : Operation 427 [1/1] (0.00ns) (grouped into LUT with out node icmp_ln1039_84)   --->   "%select_ln1039_84 = select i1 %trunc_ln218, i12 4088, i12 21"   --->   Operation 427 'select' 'select_ln1039_84' <Predicate = (!icmp_ln249 & icmp_ln290)> <Delay = 0.00> <CoreInst = "Sel">   --->   Core 73 'Sel' <Latency = 0> <II = 1> <Delay = 1.18> <FuncUnit> <Opcode : 'select'> <InPorts = 3> <OutPorts = 1>
ST_8 : Operation 428 [1/1] (1.99ns) (out node of the LUT)   --->   "%icmp_ln1039_84 = icmp_slt  i12 %accu_V_2, i12 %select_ln1039_84"   --->   Operation 428 'icmp' 'icmp_ln1039_84' <Predicate = (!icmp_ln249 & icmp_ln290)> <Delay = 1.99> <CoreInst = "Cmp">   --->   Core 9 'Cmp' <Latency = 0> <II = 1> <Delay = 1.99> <FuncUnit> <Opcode : 'icmp'> <InPorts = 2> <OutPorts = 1>
ST_8 : Operation 429 [1/1] (0.00ns) (grouped into LUT with out node add_ln840_115)   --->   "%xor_ln1039_84 = xor i1 %icmp_ln1039_84, i1 1"   --->   Operation 429 'xor' 'xor_ln1039_84' <Predicate = (!icmp_ln249 & icmp_ln290)> <Delay = 0.00> <CoreInst = "LogicGate">   --->   Core 74 'LogicGate' <Latency = 0> <II = 1> <Delay = 0.97> <FuncUnit> <Opcode : 'and' 'or' 'xor'> <InPorts = 2> <OutPorts = 1>
ST_8 : Operation 430 [1/1] (0.00ns) (grouped into LUT with out node add_ln840_115)   --->   "%zext_ln1039_56 = zext i1 %xor_ln1039_84"   --->   Operation 430 'zext' 'zext_ln1039_56' <Predicate = (!icmp_ln249 & icmp_ln290)> <Delay = 0.00>
ST_8 : Operation 431 [1/1] (0.00ns) (grouped into LUT with out node icmp_ln1039_85)   --->   "%select_ln1039_85 = select i1 %trunc_ln218, i12 4089, i12 22"   --->   Operation 431 'select' 'select_ln1039_85' <Predicate = (!icmp_ln249 & icmp_ln290)> <Delay = 0.00> <CoreInst = "Sel">   --->   Core 73 'Sel' <Latency = 0> <II = 1> <Delay = 1.18> <FuncUnit> <Opcode : 'select'> <InPorts = 3> <OutPorts = 1>
ST_8 : Operation 432 [1/1] (1.99ns) (out node of the LUT)   --->   "%icmp_ln1039_85 = icmp_slt  i12 %accu_V_2, i12 %select_ln1039_85"   --->   Operation 432 'icmp' 'icmp_ln1039_85' <Predicate = (!icmp_ln249 & icmp_ln290)> <Delay = 1.99> <CoreInst = "Cmp">   --->   Core 9 'Cmp' <Latency = 0> <II = 1> <Delay = 1.99> <FuncUnit> <Opcode : 'icmp'> <InPorts = 2> <OutPorts = 1>
ST_8 : Operation 433 [1/1] (0.00ns) (grouped into LUT with out node add_ln840_117)   --->   "%xor_ln1039_85 = xor i1 %icmp_ln1039_85, i1 1"   --->   Operation 433 'xor' 'xor_ln1039_85' <Predicate = (!icmp_ln249 & icmp_ln290)> <Delay = 0.00> <CoreInst = "LogicGate">   --->   Core 74 'LogicGate' <Latency = 0> <II = 1> <Delay = 0.97> <FuncUnit> <Opcode : 'and' 'or' 'xor'> <InPorts = 2> <OutPorts = 1>
ST_8 : Operation 434 [1/1] (0.00ns) (grouped into LUT with out node icmp_ln1039_86)   --->   "%select_ln1039_86 = select i1 %trunc_ln218, i12 4090, i12 23"   --->   Operation 434 'select' 'select_ln1039_86' <Predicate = (!icmp_ln249 & icmp_ln290)> <Delay = 0.00> <CoreInst = "Sel">   --->   Core 73 'Sel' <Latency = 0> <II = 1> <Delay = 1.18> <FuncUnit> <Opcode : 'select'> <InPorts = 3> <OutPorts = 1>
ST_8 : Operation 435 [1/1] (1.99ns) (out node of the LUT)   --->   "%icmp_ln1039_86 = icmp_slt  i12 %accu_V_2, i12 %select_ln1039_86"   --->   Operation 435 'icmp' 'icmp_ln1039_86' <Predicate = (!icmp_ln249 & icmp_ln290)> <Delay = 1.99> <CoreInst = "Cmp">   --->   Core 9 'Cmp' <Latency = 0> <II = 1> <Delay = 1.99> <FuncUnit> <Opcode : 'icmp'> <InPorts = 2> <OutPorts = 1>
ST_8 : Operation 436 [1/1] (0.00ns) (grouped into LUT with out node add_ln840_117)   --->   "%xor_ln1039_86 = xor i1 %icmp_ln1039_86, i1 1"   --->   Operation 436 'xor' 'xor_ln1039_86' <Predicate = (!icmp_ln249 & icmp_ln290)> <Delay = 0.00> <CoreInst = "LogicGate">   --->   Core 74 'LogicGate' <Latency = 0> <II = 1> <Delay = 0.97> <FuncUnit> <Opcode : 'and' 'or' 'xor'> <InPorts = 2> <OutPorts = 1>
ST_8 : Operation 437 [1/1] (0.00ns) (grouped into LUT with out node icmp_ln1039_87)   --->   "%select_ln1039_87 = select i1 %trunc_ln218, i12 4091, i12 24"   --->   Operation 437 'select' 'select_ln1039_87' <Predicate = (!icmp_ln249 & icmp_ln290)> <Delay = 0.00> <CoreInst = "Sel">   --->   Core 73 'Sel' <Latency = 0> <II = 1> <Delay = 1.18> <FuncUnit> <Opcode : 'select'> <InPorts = 3> <OutPorts = 1>
ST_8 : Operation 438 [1/1] (1.99ns) (out node of the LUT)   --->   "%icmp_ln1039_87 = icmp_slt  i12 %accu_V_2, i12 %select_ln1039_87"   --->   Operation 438 'icmp' 'icmp_ln1039_87' <Predicate = (!icmp_ln249 & icmp_ln290)> <Delay = 1.99> <CoreInst = "Cmp">   --->   Core 9 'Cmp' <Latency = 0> <II = 1> <Delay = 1.99> <FuncUnit> <Opcode : 'icmp'> <InPorts = 2> <OutPorts = 1>
ST_8 : Operation 439 [1/1] (0.00ns) (grouped into LUT with out node add_ln840_120)   --->   "%xor_ln1039_87 = xor i1 %icmp_ln1039_87, i1 1"   --->   Operation 439 'xor' 'xor_ln1039_87' <Predicate = (!icmp_ln249 & icmp_ln290)> <Delay = 0.00> <CoreInst = "LogicGate">   --->   Core 74 'LogicGate' <Latency = 0> <II = 1> <Delay = 0.97> <FuncUnit> <Opcode : 'and' 'or' 'xor'> <InPorts = 2> <OutPorts = 1>
ST_8 : Operation 440 [1/1] (0.00ns) (grouped into LUT with out node add_ln840_120)   --->   "%zext_ln1039_57 = zext i1 %xor_ln1039_87"   --->   Operation 440 'zext' 'zext_ln1039_57' <Predicate = (!icmp_ln249 & icmp_ln290)> <Delay = 0.00>
ST_8 : Operation 441 [1/1] (0.00ns) (grouped into LUT with out node icmp_ln1039_88)   --->   "%select_ln1039_88 = select i1 %trunc_ln218, i12 4092, i12 25"   --->   Operation 441 'select' 'select_ln1039_88' <Predicate = (!icmp_ln249 & icmp_ln290)> <Delay = 0.00> <CoreInst = "Sel">   --->   Core 73 'Sel' <Latency = 0> <II = 1> <Delay = 1.18> <FuncUnit> <Opcode : 'select'> <InPorts = 3> <OutPorts = 1>
ST_8 : Operation 442 [1/1] (1.99ns) (out node of the LUT)   --->   "%icmp_ln1039_88 = icmp_slt  i12 %accu_V_2, i12 %select_ln1039_88"   --->   Operation 442 'icmp' 'icmp_ln1039_88' <Predicate = (!icmp_ln249 & icmp_ln290)> <Delay = 1.99> <CoreInst = "Cmp">   --->   Core 9 'Cmp' <Latency = 0> <II = 1> <Delay = 1.99> <FuncUnit> <Opcode : 'icmp'> <InPorts = 2> <OutPorts = 1>
ST_8 : Operation 443 [1/1] (0.97ns)   --->   "%xor_ln1039_88 = xor i1 %icmp_ln1039_88, i1 1"   --->   Operation 443 'xor' 'xor_ln1039_88' <Predicate = (!icmp_ln249 & icmp_ln290)> <Delay = 0.97> <CoreInst = "LogicGate">   --->   Core 74 'LogicGate' <Latency = 0> <II = 1> <Delay = 0.97> <FuncUnit> <Opcode : 'and' 'or' 'xor'> <InPorts = 2> <OutPorts = 1>
ST_8 : Operation 444 [1/1] (0.00ns)   --->   "%zext_ln1039_58 = zext i1 %xor_ln1039_88"   --->   Operation 444 'zext' 'zext_ln1039_58' <Predicate = (!icmp_ln249 & icmp_ln290)> <Delay = 0.00>
ST_8 : Operation 445 [1/1] (0.00ns) (grouped into LUT with out node icmp_ln1039_89)   --->   "%select_ln1039_89 = select i1 %trunc_ln218, i12 4093, i12 26"   --->   Operation 445 'select' 'select_ln1039_89' <Predicate = (!icmp_ln249 & icmp_ln290)> <Delay = 0.00> <CoreInst = "Sel">   --->   Core 73 'Sel' <Latency = 0> <II = 1> <Delay = 1.18> <FuncUnit> <Opcode : 'select'> <InPorts = 3> <OutPorts = 1>
ST_8 : Operation 446 [1/1] (1.99ns) (out node of the LUT)   --->   "%icmp_ln1039_89 = icmp_slt  i12 %accu_V_2, i12 %select_ln1039_89"   --->   Operation 446 'icmp' 'icmp_ln1039_89' <Predicate = (!icmp_ln249 & icmp_ln290)> <Delay = 1.99> <CoreInst = "Cmp">   --->   Core 9 'Cmp' <Latency = 0> <II = 1> <Delay = 1.99> <FuncUnit> <Opcode : 'icmp'> <InPorts = 2> <OutPorts = 1>
ST_8 : Operation 447 [1/1] (0.97ns)   --->   "%xor_ln1039_89 = xor i1 %icmp_ln1039_89, i1 1"   --->   Operation 447 'xor' 'xor_ln1039_89' <Predicate = (!icmp_ln249 & icmp_ln290)> <Delay = 0.97> <CoreInst = "LogicGate">   --->   Core 74 'LogicGate' <Latency = 0> <II = 1> <Delay = 0.97> <FuncUnit> <Opcode : 'and' 'or' 'xor'> <InPorts = 2> <OutPorts = 1>
ST_8 : Operation 448 [1/1] (0.00ns)   --->   "%zext_ln1039_59 = zext i1 %xor_ln1039_89"   --->   Operation 448 'zext' 'zext_ln1039_59' <Predicate = (!icmp_ln249 & icmp_ln290)> <Delay = 0.00>
ST_8 : Operation 449 [1/1] (0.00ns) (grouped into LUT with out node icmp_ln1039_90)   --->   "%select_ln1039_90 = select i1 %trunc_ln218, i12 4094, i12 27"   --->   Operation 449 'select' 'select_ln1039_90' <Predicate = (!icmp_ln249 & icmp_ln290)> <Delay = 0.00> <CoreInst = "Sel">   --->   Core 73 'Sel' <Latency = 0> <II = 1> <Delay = 1.18> <FuncUnit> <Opcode : 'select'> <InPorts = 3> <OutPorts = 1>
ST_8 : Operation 450 [1/1] (1.99ns) (out node of the LUT)   --->   "%icmp_ln1039_90 = icmp_slt  i12 %accu_V_2, i12 %select_ln1039_90"   --->   Operation 450 'icmp' 'icmp_ln1039_90' <Predicate = (!icmp_ln249 & icmp_ln290)> <Delay = 1.99> <CoreInst = "Cmp">   --->   Core 9 'Cmp' <Latency = 0> <II = 1> <Delay = 1.99> <FuncUnit> <Opcode : 'icmp'> <InPorts = 2> <OutPorts = 1>
ST_8 : Operation 451 [1/1] (0.00ns) (grouped into LUT with out node add_ln840_123)   --->   "%xor_ln1039_90 = xor i1 %icmp_ln1039_90, i1 1"   --->   Operation 451 'xor' 'xor_ln1039_90' <Predicate = (!icmp_ln249 & icmp_ln290)> <Delay = 0.00> <CoreInst = "LogicGate">   --->   Core 74 'LogicGate' <Latency = 0> <II = 1> <Delay = 0.97> <FuncUnit> <Opcode : 'and' 'or' 'xor'> <InPorts = 2> <OutPorts = 1>
ST_8 : Operation 452 [1/1] (0.00ns) (grouped into LUT with out node add_ln840_123)   --->   "%zext_ln1039_60 = zext i1 %xor_ln1039_90"   --->   Operation 452 'zext' 'zext_ln1039_60' <Predicate = (!icmp_ln249 & icmp_ln290)> <Delay = 0.00>
ST_8 : Operation 453 [1/1] (0.00ns) (grouped into LUT with out node icmp_ln1039_91)   --->   "%select_ln1039_91 = select i1 %trunc_ln218, i12 4095, i12 28"   --->   Operation 453 'select' 'select_ln1039_91' <Predicate = (!icmp_ln249 & icmp_ln290)> <Delay = 0.00> <CoreInst = "Sel">   --->   Core 73 'Sel' <Latency = 0> <II = 1> <Delay = 1.18> <FuncUnit> <Opcode : 'select'> <InPorts = 3> <OutPorts = 1>
ST_8 : Operation 454 [1/1] (1.99ns) (out node of the LUT)   --->   "%icmp_ln1039_91 = icmp_slt  i12 %accu_V_2, i12 %select_ln1039_91"   --->   Operation 454 'icmp' 'icmp_ln1039_91' <Predicate = (!icmp_ln249 & icmp_ln290)> <Delay = 1.99> <CoreInst = "Cmp">   --->   Core 9 'Cmp' <Latency = 0> <II = 1> <Delay = 1.99> <FuncUnit> <Opcode : 'icmp'> <InPorts = 2> <OutPorts = 1>
ST_8 : Operation 455 [1/1] (0.00ns) (grouped into LUT with out node add_ln840_124)   --->   "%xor_ln1039_91 = xor i1 %icmp_ln1039_91, i1 1"   --->   Operation 455 'xor' 'xor_ln1039_91' <Predicate = (!icmp_ln249 & icmp_ln290)> <Delay = 0.00> <CoreInst = "LogicGate">   --->   Core 74 'LogicGate' <Latency = 0> <II = 1> <Delay = 0.97> <FuncUnit> <Opcode : 'and' 'or' 'xor'> <InPorts = 2> <OutPorts = 1>
ST_8 : Operation 456 [1/1] (0.00ns) (grouped into LUT with out node icmp_ln1039_92)   --->   "%select_ln1039_92 = select i1 %trunc_ln218, i12 0, i12 29"   --->   Operation 456 'select' 'select_ln1039_92' <Predicate = (!icmp_ln249 & icmp_ln290)> <Delay = 0.00> <CoreInst = "Sel">   --->   Core 73 'Sel' <Latency = 0> <II = 1> <Delay = 1.18> <FuncUnit> <Opcode : 'select'> <InPorts = 3> <OutPorts = 1>
ST_8 : Operation 457 [1/1] (1.99ns) (out node of the LUT)   --->   "%icmp_ln1039_92 = icmp_slt  i12 %accu_V_2, i12 %select_ln1039_92"   --->   Operation 457 'icmp' 'icmp_ln1039_92' <Predicate = (!icmp_ln249 & icmp_ln290)> <Delay = 1.99> <CoreInst = "Cmp">   --->   Core 9 'Cmp' <Latency = 0> <II = 1> <Delay = 1.99> <FuncUnit> <Opcode : 'icmp'> <InPorts = 2> <OutPorts = 1>
ST_8 : Operation 458 [1/1] (0.00ns) (grouped into LUT with out node add_ln840_127)   --->   "%xor_ln1039_92 = xor i1 %icmp_ln1039_92, i1 1"   --->   Operation 458 'xor' 'xor_ln1039_92' <Predicate = (!icmp_ln249 & icmp_ln290)> <Delay = 0.00> <CoreInst = "LogicGate">   --->   Core 74 'LogicGate' <Latency = 0> <II = 1> <Delay = 0.97> <FuncUnit> <Opcode : 'and' 'or' 'xor'> <InPorts = 2> <OutPorts = 1>
ST_8 : Operation 459 [1/1] (0.00ns) (grouped into LUT with out node icmp_ln1039_93)   --->   "%select_ln1039_93 = select i1 %trunc_ln218, i12 1, i12 30"   --->   Operation 459 'select' 'select_ln1039_93' <Predicate = (!icmp_ln249 & icmp_ln290)> <Delay = 0.00> <CoreInst = "Sel">   --->   Core 73 'Sel' <Latency = 0> <II = 1> <Delay = 1.18> <FuncUnit> <Opcode : 'select'> <InPorts = 3> <OutPorts = 1>
ST_8 : Operation 460 [1/1] (1.99ns) (out node of the LUT)   --->   "%icmp_ln1039_93 = icmp_slt  i12 %accu_V_2, i12 %select_ln1039_93"   --->   Operation 460 'icmp' 'icmp_ln1039_93' <Predicate = (!icmp_ln249 & icmp_ln290)> <Delay = 1.99> <CoreInst = "Cmp">   --->   Core 9 'Cmp' <Latency = 0> <II = 1> <Delay = 1.99> <FuncUnit> <Opcode : 'icmp'> <InPorts = 2> <OutPorts = 1>
ST_8 : Operation 461 [1/1] (0.00ns) (grouped into LUT with out node add_ln840_126)   --->   "%xor_ln1039_93 = xor i1 %icmp_ln1039_93, i1 1"   --->   Operation 461 'xor' 'xor_ln1039_93' <Predicate = (!icmp_ln249 & icmp_ln290)> <Delay = 0.00> <CoreInst = "LogicGate">   --->   Core 74 'LogicGate' <Latency = 0> <II = 1> <Delay = 0.97> <FuncUnit> <Opcode : 'and' 'or' 'xor'> <InPorts = 2> <OutPorts = 1>
ST_8 : Operation 462 [1/1] (0.00ns) (grouped into LUT with out node add_ln840_126)   --->   "%zext_ln1039_61 = zext i1 %xor_ln1039_93"   --->   Operation 462 'zext' 'zext_ln1039_61' <Predicate = (!icmp_ln249 & icmp_ln290)> <Delay = 0.00>
ST_8 : Operation 463 [1/1] (0.00ns) (grouped into LUT with out node icmp_ln1039_94)   --->   "%select_ln1039_94 = select i1 %trunc_ln218, i12 2, i12 31"   --->   Operation 463 'select' 'select_ln1039_94' <Predicate = (!icmp_ln249 & icmp_ln290)> <Delay = 0.00> <CoreInst = "Sel">   --->   Core 73 'Sel' <Latency = 0> <II = 1> <Delay = 1.18> <FuncUnit> <Opcode : 'select'> <InPorts = 3> <OutPorts = 1>
ST_8 : Operation 464 [1/1] (1.99ns) (out node of the LUT)   --->   "%icmp_ln1039_94 = icmp_slt  i12 %accu_V_2, i12 %select_ln1039_94"   --->   Operation 464 'icmp' 'icmp_ln1039_94' <Predicate = (!icmp_ln249 & icmp_ln290)> <Delay = 1.99> <CoreInst = "Cmp">   --->   Core 9 'Cmp' <Latency = 0> <II = 1> <Delay = 1.99> <FuncUnit> <Opcode : 'icmp'> <InPorts = 2> <OutPorts = 1>
ST_8 : Operation 465 [1/1] (0.97ns)   --->   "%xor_ln1039_94 = xor i1 %icmp_ln1039_94, i1 1"   --->   Operation 465 'xor' 'xor_ln1039_94' <Predicate = (!icmp_ln249 & icmp_ln290)> <Delay = 0.97> <CoreInst = "LogicGate">   --->   Core 74 'LogicGate' <Latency = 0> <II = 1> <Delay = 0.97> <FuncUnit> <Opcode : 'and' 'or' 'xor'> <InPorts = 2> <OutPorts = 1>
ST_8 : Operation 466 [1/1] (0.00ns)   --->   "%zext_ln1039_62 = zext i1 %xor_ln1039_94"   --->   Operation 466 'zext' 'zext_ln1039_62' <Predicate = (!icmp_ln249 & icmp_ln290)> <Delay = 0.00>
ST_8 : Operation 467 [1/1] (0.00ns) (grouped into LUT with out node icmp_ln1039_95)   --->   "%select_ln1039_95 = select i1 %trunc_ln218, i12 3, i12 32"   --->   Operation 467 'select' 'select_ln1039_95' <Predicate = (!icmp_ln249 & icmp_ln290)> <Delay = 0.00> <CoreInst = "Sel">   --->   Core 73 'Sel' <Latency = 0> <II = 1> <Delay = 0.99> <FuncUnit> <Opcode : 'select'> <InPorts = 3> <OutPorts = 1>
ST_8 : Operation 468 [1/1] (1.99ns) (out node of the LUT)   --->   "%icmp_ln1039_95 = icmp_slt  i12 %accu_V_2, i12 %select_ln1039_95"   --->   Operation 468 'icmp' 'icmp_ln1039_95' <Predicate = (!icmp_ln249 & icmp_ln290)> <Delay = 1.99> <CoreInst = "Cmp">   --->   Core 9 'Cmp' <Latency = 0> <II = 1> <Delay = 1.99> <FuncUnit> <Opcode : 'icmp'> <InPorts = 2> <OutPorts = 1>
ST_8 : Operation 469 [1/1] (0.97ns)   --->   "%xor_ln1039_95 = xor i1 %icmp_ln1039_95, i1 1"   --->   Operation 469 'xor' 'xor_ln1039_95' <Predicate = (!icmp_ln249 & icmp_ln290)> <Delay = 0.97> <CoreInst = "LogicGate">   --->   Core 74 'LogicGate' <Latency = 0> <II = 1> <Delay = 0.97> <FuncUnit> <Opcode : 'and' 'or' 'xor'> <InPorts = 2> <OutPorts = 1>
ST_8 : Operation 470 [1/1] (0.00ns)   --->   "%zext_ln1039_63 = zext i1 %xor_ln1039_95"   --->   Operation 470 'zext' 'zext_ln1039_63' <Predicate = (!icmp_ln249 & icmp_ln290)> <Delay = 0.00>
ST_8 : Operation 471 [1/1] (0.00ns) (grouped into LUT with out node icmp_ln1039_96)   --->   "%select_ln1039_96 = select i1 %trunc_ln218, i12 4, i12 33"   --->   Operation 471 'select' 'select_ln1039_96' <Predicate = (!icmp_ln249 & icmp_ln290)> <Delay = 0.00> <CoreInst = "Sel">   --->   Core 73 'Sel' <Latency = 0> <II = 1> <Delay = 0.99> <FuncUnit> <Opcode : 'select'> <InPorts = 3> <OutPorts = 1>
ST_8 : Operation 472 [1/1] (1.99ns) (out node of the LUT)   --->   "%icmp_ln1039_96 = icmp_slt  i12 %accu_V_2, i12 %select_ln1039_96"   --->   Operation 472 'icmp' 'icmp_ln1039_96' <Predicate = (!icmp_ln249 & icmp_ln290)> <Delay = 1.99> <CoreInst = "Cmp">   --->   Core 9 'Cmp' <Latency = 0> <II = 1> <Delay = 1.99> <FuncUnit> <Opcode : 'icmp'> <InPorts = 2> <OutPorts = 1>
ST_8 : Operation 473 [1/1] (0.00ns) (grouped into LUT with out node add_ln840_129)   --->   "%xor_ln1039_96 = xor i1 %icmp_ln1039_96, i1 1"   --->   Operation 473 'xor' 'xor_ln1039_96' <Predicate = (!icmp_ln249 & icmp_ln290)> <Delay = 0.00> <CoreInst = "LogicGate">   --->   Core 74 'LogicGate' <Latency = 0> <II = 1> <Delay = 0.97> <FuncUnit> <Opcode : 'and' 'or' 'xor'> <InPorts = 2> <OutPorts = 1>
ST_8 : Operation 474 [1/1] (0.00ns) (grouped into LUT with out node add_ln840_129)   --->   "%zext_ln1039_64 = zext i1 %xor_ln1039_96"   --->   Operation 474 'zext' 'zext_ln1039_64' <Predicate = (!icmp_ln249 & icmp_ln290)> <Delay = 0.00>
ST_8 : Operation 475 [1/1] (0.00ns) (grouped into LUT with out node icmp_ln1039_97)   --->   "%select_ln1039_97 = select i1 %trunc_ln218, i12 5, i12 34"   --->   Operation 475 'select' 'select_ln1039_97' <Predicate = (!icmp_ln249 & icmp_ln290)> <Delay = 0.00> <CoreInst = "Sel">   --->   Core 73 'Sel' <Latency = 0> <II = 1> <Delay = 0.99> <FuncUnit> <Opcode : 'select'> <InPorts = 3> <OutPorts = 1>
ST_8 : Operation 476 [1/1] (1.99ns) (out node of the LUT)   --->   "%icmp_ln1039_97 = icmp_slt  i12 %accu_V_2, i12 %select_ln1039_97"   --->   Operation 476 'icmp' 'icmp_ln1039_97' <Predicate = (!icmp_ln249 & icmp_ln290)> <Delay = 1.99> <CoreInst = "Cmp">   --->   Core 9 'Cmp' <Latency = 0> <II = 1> <Delay = 1.99> <FuncUnit> <Opcode : 'icmp'> <InPorts = 2> <OutPorts = 1>
ST_8 : Operation 477 [1/1] (0.00ns) (grouped into LUT with out node add_ln840_135)   --->   "%xor_ln1039_97 = xor i1 %icmp_ln1039_97, i1 1"   --->   Operation 477 'xor' 'xor_ln1039_97' <Predicate = (!icmp_ln249 & icmp_ln290)> <Delay = 0.00> <CoreInst = "LogicGate">   --->   Core 74 'LogicGate' <Latency = 0> <II = 1> <Delay = 0.97> <FuncUnit> <Opcode : 'and' 'or' 'xor'> <InPorts = 2> <OutPorts = 1>
ST_8 : Operation 478 [1/1] (0.00ns) (grouped into LUT with out node icmp_ln1039_98)   --->   "%select_ln1039_98 = select i1 %trunc_ln218, i12 6, i12 35"   --->   Operation 478 'select' 'select_ln1039_98' <Predicate = (!icmp_ln249 & icmp_ln290)> <Delay = 0.00> <CoreInst = "Sel">   --->   Core 73 'Sel' <Latency = 0> <II = 1> <Delay = 0.99> <FuncUnit> <Opcode : 'select'> <InPorts = 3> <OutPorts = 1>
ST_8 : Operation 479 [1/1] (1.99ns) (out node of the LUT)   --->   "%icmp_ln1039_98 = icmp_slt  i12 %accu_V_2, i12 %select_ln1039_98"   --->   Operation 479 'icmp' 'icmp_ln1039_98' <Predicate = (!icmp_ln249 & icmp_ln290)> <Delay = 1.99> <CoreInst = "Cmp">   --->   Core 9 'Cmp' <Latency = 0> <II = 1> <Delay = 1.99> <FuncUnit> <Opcode : 'icmp'> <InPorts = 2> <OutPorts = 1>
ST_8 : Operation 480 [1/1] (0.00ns) (grouped into LUT with out node add_ln840_134)   --->   "%xor_ln1039_98 = xor i1 %icmp_ln1039_98, i1 1"   --->   Operation 480 'xor' 'xor_ln1039_98' <Predicate = (!icmp_ln249 & icmp_ln290)> <Delay = 0.00> <CoreInst = "LogicGate">   --->   Core 74 'LogicGate' <Latency = 0> <II = 1> <Delay = 0.97> <FuncUnit> <Opcode : 'and' 'or' 'xor'> <InPorts = 2> <OutPorts = 1>
ST_8 : Operation 481 [1/1] (0.00ns) (grouped into LUT with out node add_ln840_134)   --->   "%zext_ln1039_65 = zext i1 %xor_ln1039_98"   --->   Operation 481 'zext' 'zext_ln1039_65' <Predicate = (!icmp_ln249 & icmp_ln290)> <Delay = 0.00>
ST_8 : Operation 482 [1/1] (0.00ns) (grouped into LUT with out node icmp_ln1039_99)   --->   "%select_ln1039_99 = select i1 %trunc_ln218, i12 7, i12 36"   --->   Operation 482 'select' 'select_ln1039_99' <Predicate = (!icmp_ln249 & icmp_ln290)> <Delay = 0.00> <CoreInst = "Sel">   --->   Core 73 'Sel' <Latency = 0> <II = 1> <Delay = 0.99> <FuncUnit> <Opcode : 'select'> <InPorts = 3> <OutPorts = 1>
ST_8 : Operation 483 [1/1] (1.99ns) (out node of the LUT)   --->   "%icmp_ln1039_99 = icmp_slt  i12 %accu_V_2, i12 %select_ln1039_99"   --->   Operation 483 'icmp' 'icmp_ln1039_99' <Predicate = (!icmp_ln249 & icmp_ln290)> <Delay = 1.99> <CoreInst = "Cmp">   --->   Core 9 'Cmp' <Latency = 0> <II = 1> <Delay = 1.99> <FuncUnit> <Opcode : 'icmp'> <InPorts = 2> <OutPorts = 1>
ST_8 : Operation 484 [1/1] (0.97ns)   --->   "%xor_ln1039_99 = xor i1 %icmp_ln1039_99, i1 1"   --->   Operation 484 'xor' 'xor_ln1039_99' <Predicate = (!icmp_ln249 & icmp_ln290)> <Delay = 0.97> <CoreInst = "LogicGate">   --->   Core 74 'LogicGate' <Latency = 0> <II = 1> <Delay = 0.97> <FuncUnit> <Opcode : 'and' 'or' 'xor'> <InPorts = 2> <OutPorts = 1>
ST_8 : Operation 485 [1/1] (0.00ns)   --->   "%zext_ln1039_66 = zext i1 %xor_ln1039_99"   --->   Operation 485 'zext' 'zext_ln1039_66' <Predicate = (!icmp_ln249 & icmp_ln290)> <Delay = 0.00>
ST_8 : Operation 486 [1/1] (0.00ns) (grouped into LUT with out node icmp_ln1039_100)   --->   "%select_ln1039_100 = select i1 %trunc_ln218, i12 8, i12 37"   --->   Operation 486 'select' 'select_ln1039_100' <Predicate = (!icmp_ln249 & icmp_ln290)> <Delay = 0.00> <CoreInst = "Sel">   --->   Core 73 'Sel' <Latency = 0> <II = 1> <Delay = 0.99> <FuncUnit> <Opcode : 'select'> <InPorts = 3> <OutPorts = 1>
ST_8 : Operation 487 [1/1] (1.99ns) (out node of the LUT)   --->   "%icmp_ln1039_100 = icmp_slt  i12 %accu_V_2, i12 %select_ln1039_100"   --->   Operation 487 'icmp' 'icmp_ln1039_100' <Predicate = (!icmp_ln249 & icmp_ln290)> <Delay = 1.99> <CoreInst = "Cmp">   --->   Core 9 'Cmp' <Latency = 0> <II = 1> <Delay = 1.99> <FuncUnit> <Opcode : 'icmp'> <InPorts = 2> <OutPorts = 1>
ST_8 : Operation 488 [1/1] (0.97ns)   --->   "%xor_ln1039_100 = xor i1 %icmp_ln1039_100, i1 1"   --->   Operation 488 'xor' 'xor_ln1039_100' <Predicate = (!icmp_ln249 & icmp_ln290)> <Delay = 0.97> <CoreInst = "LogicGate">   --->   Core 74 'LogicGate' <Latency = 0> <II = 1> <Delay = 0.97> <FuncUnit> <Opcode : 'and' 'or' 'xor'> <InPorts = 2> <OutPorts = 1>
ST_8 : Operation 489 [1/1] (0.00ns)   --->   "%zext_ln1039_67 = zext i1 %xor_ln1039_100"   --->   Operation 489 'zext' 'zext_ln1039_67' <Predicate = (!icmp_ln249 & icmp_ln290)> <Delay = 0.00>
ST_8 : Operation 490 [1/1] (0.00ns) (grouped into LUT with out node icmp_ln1039_101)   --->   "%select_ln1039_101 = select i1 %trunc_ln218, i12 9, i12 38"   --->   Operation 490 'select' 'select_ln1039_101' <Predicate = (!icmp_ln249 & icmp_ln290)> <Delay = 0.00> <CoreInst = "Sel">   --->   Core 73 'Sel' <Latency = 0> <II = 1> <Delay = 0.99> <FuncUnit> <Opcode : 'select'> <InPorts = 3> <OutPorts = 1>
ST_8 : Operation 491 [1/1] (1.99ns) (out node of the LUT)   --->   "%icmp_ln1039_101 = icmp_slt  i12 %accu_V_2, i12 %select_ln1039_101"   --->   Operation 491 'icmp' 'icmp_ln1039_101' <Predicate = (!icmp_ln249 & icmp_ln290)> <Delay = 1.99> <CoreInst = "Cmp">   --->   Core 9 'Cmp' <Latency = 0> <II = 1> <Delay = 1.99> <FuncUnit> <Opcode : 'icmp'> <InPorts = 2> <OutPorts = 1>
ST_8 : Operation 492 [1/1] (0.00ns) (grouped into LUT with out node add_ln840_137)   --->   "%xor_ln1039_101 = xor i1 %icmp_ln1039_101, i1 1"   --->   Operation 492 'xor' 'xor_ln1039_101' <Predicate = (!icmp_ln249 & icmp_ln290)> <Delay = 0.00> <CoreInst = "LogicGate">   --->   Core 74 'LogicGate' <Latency = 0> <II = 1> <Delay = 0.97> <FuncUnit> <Opcode : 'and' 'or' 'xor'> <InPorts = 2> <OutPorts = 1>
ST_8 : Operation 493 [1/1] (0.00ns) (grouped into LUT with out node add_ln840_137)   --->   "%zext_ln1039_68 = zext i1 %xor_ln1039_101"   --->   Operation 493 'zext' 'zext_ln1039_68' <Predicate = (!icmp_ln249 & icmp_ln290)> <Delay = 0.00>
ST_8 : Operation 494 [1/1] (0.00ns) (grouped into LUT with out node icmp_ln1039_102)   --->   "%select_ln1039_102 = select i1 %trunc_ln218, i12 10, i12 39"   --->   Operation 494 'select' 'select_ln1039_102' <Predicate = (!icmp_ln249 & icmp_ln290)> <Delay = 0.00> <CoreInst = "Sel">   --->   Core 73 'Sel' <Latency = 0> <II = 1> <Delay = 0.99> <FuncUnit> <Opcode : 'select'> <InPorts = 3> <OutPorts = 1>
ST_8 : Operation 495 [1/1] (1.99ns) (out node of the LUT)   --->   "%icmp_ln1039_102 = icmp_slt  i12 %accu_V_2, i12 %select_ln1039_102"   --->   Operation 495 'icmp' 'icmp_ln1039_102' <Predicate = (!icmp_ln249 & icmp_ln290)> <Delay = 1.99> <CoreInst = "Cmp">   --->   Core 9 'Cmp' <Latency = 0> <II = 1> <Delay = 1.99> <FuncUnit> <Opcode : 'icmp'> <InPorts = 2> <OutPorts = 1>
ST_8 : Operation 496 [1/1] (0.00ns) (grouped into LUT with out node add_ln840_140)   --->   "%xor_ln1039_102 = xor i1 %icmp_ln1039_102, i1 1"   --->   Operation 496 'xor' 'xor_ln1039_102' <Predicate = (!icmp_ln249 & icmp_ln290)> <Delay = 0.00> <CoreInst = "LogicGate">   --->   Core 74 'LogicGate' <Latency = 0> <II = 1> <Delay = 0.97> <FuncUnit> <Opcode : 'and' 'or' 'xor'> <InPorts = 2> <OutPorts = 1>
ST_8 : Operation 497 [1/1] (0.00ns) (grouped into LUT with out node icmp_ln1039_103)   --->   "%select_ln1039_103 = select i1 %trunc_ln218, i12 11, i12 40"   --->   Operation 497 'select' 'select_ln1039_103' <Predicate = (!icmp_ln249 & icmp_ln290)> <Delay = 0.00> <CoreInst = "Sel">   --->   Core 73 'Sel' <Latency = 0> <II = 1> <Delay = 0.99> <FuncUnit> <Opcode : 'select'> <InPorts = 3> <OutPorts = 1>
ST_8 : Operation 498 [1/1] (1.99ns) (out node of the LUT)   --->   "%icmp_ln1039_103 = icmp_slt  i12 %accu_V_2, i12 %select_ln1039_103"   --->   Operation 498 'icmp' 'icmp_ln1039_103' <Predicate = (!icmp_ln249 & icmp_ln290)> <Delay = 1.99> <CoreInst = "Cmp">   --->   Core 9 'Cmp' <Latency = 0> <II = 1> <Delay = 1.99> <FuncUnit> <Opcode : 'icmp'> <InPorts = 2> <OutPorts = 1>
ST_8 : Operation 499 [1/1] (0.00ns) (grouped into LUT with out node add_ln840_140)   --->   "%xor_ln1039_103 = xor i1 %icmp_ln1039_103, i1 1"   --->   Operation 499 'xor' 'xor_ln1039_103' <Predicate = (!icmp_ln249 & icmp_ln290)> <Delay = 0.00> <CoreInst = "LogicGate">   --->   Core 74 'LogicGate' <Latency = 0> <II = 1> <Delay = 0.97> <FuncUnit> <Opcode : 'and' 'or' 'xor'> <InPorts = 2> <OutPorts = 1>
ST_8 : Operation 500 [1/1] (0.00ns) (grouped into LUT with out node icmp_ln1039_104)   --->   "%select_ln1039_104 = select i1 %trunc_ln218, i12 12, i12 41"   --->   Operation 500 'select' 'select_ln1039_104' <Predicate = (!icmp_ln249 & icmp_ln290)> <Delay = 0.00> <CoreInst = "Sel">   --->   Core 73 'Sel' <Latency = 0> <II = 1> <Delay = 0.99> <FuncUnit> <Opcode : 'select'> <InPorts = 3> <OutPorts = 1>
ST_8 : Operation 501 [1/1] (1.99ns) (out node of the LUT)   --->   "%icmp_ln1039_104 = icmp_slt  i12 %accu_V_2, i12 %select_ln1039_104"   --->   Operation 501 'icmp' 'icmp_ln1039_104' <Predicate = (!icmp_ln249 & icmp_ln290)> <Delay = 1.99> <CoreInst = "Cmp">   --->   Core 9 'Cmp' <Latency = 0> <II = 1> <Delay = 1.99> <FuncUnit> <Opcode : 'icmp'> <InPorts = 2> <OutPorts = 1>
ST_8 : Operation 502 [1/1] (0.00ns) (grouped into LUT with out node add_ln840_141)   --->   "%xor_ln1039_104 = xor i1 %icmp_ln1039_104, i1 1"   --->   Operation 502 'xor' 'xor_ln1039_104' <Predicate = (!icmp_ln249 & icmp_ln290)> <Delay = 0.00> <CoreInst = "LogicGate">   --->   Core 74 'LogicGate' <Latency = 0> <II = 1> <Delay = 0.97> <FuncUnit> <Opcode : 'and' 'or' 'xor'> <InPorts = 2> <OutPorts = 1>
ST_8 : Operation 503 [1/1] (0.00ns) (grouped into LUT with out node add_ln840_141)   --->   "%zext_ln1039_69 = zext i1 %xor_ln1039_104"   --->   Operation 503 'zext' 'zext_ln1039_69' <Predicate = (!icmp_ln249 & icmp_ln290)> <Delay = 0.00>
ST_8 : Operation 504 [1/1] (0.00ns) (grouped into LUT with out node icmp_ln1039_105)   --->   "%select_ln1039_105 = select i1 %trunc_ln218, i12 13, i12 42"   --->   Operation 504 'select' 'select_ln1039_105' <Predicate = (!icmp_ln249 & icmp_ln290)> <Delay = 0.00> <CoreInst = "Sel">   --->   Core 73 'Sel' <Latency = 0> <II = 1> <Delay = 0.99> <FuncUnit> <Opcode : 'select'> <InPorts = 3> <OutPorts = 1>
ST_8 : Operation 505 [1/1] (1.99ns) (out node of the LUT)   --->   "%icmp_ln1039_105 = icmp_slt  i12 %accu_V_2, i12 %select_ln1039_105"   --->   Operation 505 'icmp' 'icmp_ln1039_105' <Predicate = (!icmp_ln249 & icmp_ln290)> <Delay = 1.99> <CoreInst = "Cmp">   --->   Core 9 'Cmp' <Latency = 0> <II = 1> <Delay = 1.99> <FuncUnit> <Opcode : 'icmp'> <InPorts = 2> <OutPorts = 1>
ST_8 : Operation 506 [1/1] (0.97ns)   --->   "%xor_ln1039_105 = xor i1 %icmp_ln1039_105, i1 1"   --->   Operation 506 'xor' 'xor_ln1039_105' <Predicate = (!icmp_ln249 & icmp_ln290)> <Delay = 0.97> <CoreInst = "LogicGate">   --->   Core 74 'LogicGate' <Latency = 0> <II = 1> <Delay = 0.97> <FuncUnit> <Opcode : 'and' 'or' 'xor'> <InPorts = 2> <OutPorts = 1>
ST_8 : Operation 507 [1/1] (0.00ns)   --->   "%zext_ln1039_70 = zext i1 %xor_ln1039_105"   --->   Operation 507 'zext' 'zext_ln1039_70' <Predicate = (!icmp_ln249 & icmp_ln290)> <Delay = 0.00>
ST_8 : Operation 508 [1/1] (0.00ns) (grouped into LUT with out node icmp_ln1039_106)   --->   "%select_ln1039_106 = select i1 %trunc_ln218, i12 14, i12 43"   --->   Operation 508 'select' 'select_ln1039_106' <Predicate = (!icmp_ln249 & icmp_ln290)> <Delay = 0.00> <CoreInst = "Sel">   --->   Core 73 'Sel' <Latency = 0> <II = 1> <Delay = 0.99> <FuncUnit> <Opcode : 'select'> <InPorts = 3> <OutPorts = 1>
ST_8 : Operation 509 [1/1] (1.99ns) (out node of the LUT)   --->   "%icmp_ln1039_106 = icmp_slt  i12 %accu_V_2, i12 %select_ln1039_106"   --->   Operation 509 'icmp' 'icmp_ln1039_106' <Predicate = (!icmp_ln249 & icmp_ln290)> <Delay = 1.99> <CoreInst = "Cmp">   --->   Core 9 'Cmp' <Latency = 0> <II = 1> <Delay = 1.99> <FuncUnit> <Opcode : 'icmp'> <InPorts = 2> <OutPorts = 1>
ST_8 : Operation 510 [1/1] (0.97ns)   --->   "%xor_ln1039_106 = xor i1 %icmp_ln1039_106, i1 1"   --->   Operation 510 'xor' 'xor_ln1039_106' <Predicate = (!icmp_ln249 & icmp_ln290)> <Delay = 0.97> <CoreInst = "LogicGate">   --->   Core 74 'LogicGate' <Latency = 0> <II = 1> <Delay = 0.97> <FuncUnit> <Opcode : 'and' 'or' 'xor'> <InPorts = 2> <OutPorts = 1>
ST_8 : Operation 511 [1/1] (0.00ns)   --->   "%zext_ln1039_71 = zext i1 %xor_ln1039_106"   --->   Operation 511 'zext' 'zext_ln1039_71' <Predicate = (!icmp_ln249 & icmp_ln290)> <Delay = 0.00>
ST_8 : Operation 512 [1/1] (0.00ns) (grouped into LUT with out node icmp_ln1039_107)   --->   "%select_ln1039_107 = select i1 %trunc_ln218, i12 15, i12 44"   --->   Operation 512 'select' 'select_ln1039_107' <Predicate = (!icmp_ln249 & icmp_ln290)> <Delay = 0.00> <CoreInst = "Sel">   --->   Core 73 'Sel' <Latency = 0> <II = 1> <Delay = 0.99> <FuncUnit> <Opcode : 'select'> <InPorts = 3> <OutPorts = 1>
ST_8 : Operation 513 [1/1] (1.99ns) (out node of the LUT)   --->   "%icmp_ln1039_107 = icmp_slt  i12 %accu_V_2, i12 %select_ln1039_107"   --->   Operation 513 'icmp' 'icmp_ln1039_107' <Predicate = (!icmp_ln249 & icmp_ln290)> <Delay = 1.99> <CoreInst = "Cmp">   --->   Core 9 'Cmp' <Latency = 0> <II = 1> <Delay = 1.99> <FuncUnit> <Opcode : 'icmp'> <InPorts = 2> <OutPorts = 1>
ST_8 : Operation 514 [1/1] (0.00ns) (grouped into LUT with out node add_ln840_146)   --->   "%xor_ln1039_107 = xor i1 %icmp_ln1039_107, i1 1"   --->   Operation 514 'xor' 'xor_ln1039_107' <Predicate = (!icmp_ln249 & icmp_ln290)> <Delay = 0.00> <CoreInst = "LogicGate">   --->   Core 74 'LogicGate' <Latency = 0> <II = 1> <Delay = 0.97> <FuncUnit> <Opcode : 'and' 'or' 'xor'> <InPorts = 2> <OutPorts = 1>
ST_8 : Operation 515 [1/1] (0.00ns) (grouped into LUT with out node add_ln840_146)   --->   "%zext_ln1039_72 = zext i1 %xor_ln1039_107"   --->   Operation 515 'zext' 'zext_ln1039_72' <Predicate = (!icmp_ln249 & icmp_ln290)> <Delay = 0.00>
ST_8 : Operation 516 [1/1] (0.00ns) (grouped into LUT with out node icmp_ln1039_108)   --->   "%select_ln1039_108 = select i1 %trunc_ln218, i12 16, i12 45"   --->   Operation 516 'select' 'select_ln1039_108' <Predicate = (!icmp_ln249 & icmp_ln290)> <Delay = 0.00> <CoreInst = "Sel">   --->   Core 73 'Sel' <Latency = 0> <II = 1> <Delay = 0.99> <FuncUnit> <Opcode : 'select'> <InPorts = 3> <OutPorts = 1>
ST_8 : Operation 517 [1/1] (1.99ns) (out node of the LUT)   --->   "%icmp_ln1039_108 = icmp_slt  i12 %accu_V_2, i12 %select_ln1039_108"   --->   Operation 517 'icmp' 'icmp_ln1039_108' <Predicate = (!icmp_ln249 & icmp_ln290)> <Delay = 1.99> <CoreInst = "Cmp">   --->   Core 9 'Cmp' <Latency = 0> <II = 1> <Delay = 1.99> <FuncUnit> <Opcode : 'icmp'> <InPorts = 2> <OutPorts = 1>
ST_8 : Operation 518 [1/1] (0.00ns) (grouped into LUT with out node add_ln840_147)   --->   "%xor_ln1039_108 = xor i1 %icmp_ln1039_108, i1 1"   --->   Operation 518 'xor' 'xor_ln1039_108' <Predicate = (!icmp_ln249 & icmp_ln290)> <Delay = 0.00> <CoreInst = "LogicGate">   --->   Core 74 'LogicGate' <Latency = 0> <II = 1> <Delay = 0.97> <FuncUnit> <Opcode : 'and' 'or' 'xor'> <InPorts = 2> <OutPorts = 1>
ST_8 : Operation 519 [1/1] (0.00ns) (grouped into LUT with out node icmp_ln1039_109)   --->   "%select_ln1039_109 = select i1 %trunc_ln218, i12 17, i12 46"   --->   Operation 519 'select' 'select_ln1039_109' <Predicate = (!icmp_ln249 & icmp_ln290)> <Delay = 0.00> <CoreInst = "Sel">   --->   Core 73 'Sel' <Latency = 0> <II = 1> <Delay = 0.99> <FuncUnit> <Opcode : 'select'> <InPorts = 3> <OutPorts = 1>
ST_8 : Operation 520 [1/1] (1.99ns) (out node of the LUT)   --->   "%icmp_ln1039_109 = icmp_slt  i12 %accu_V_2, i12 %select_ln1039_109"   --->   Operation 520 'icmp' 'icmp_ln1039_109' <Predicate = (!icmp_ln249 & icmp_ln290)> <Delay = 1.99> <CoreInst = "Cmp">   --->   Core 9 'Cmp' <Latency = 0> <II = 1> <Delay = 1.99> <FuncUnit> <Opcode : 'icmp'> <InPorts = 2> <OutPorts = 1>
ST_8 : Operation 521 [1/1] (0.00ns) (grouped into LUT with out node add_ln840_149)   --->   "%xor_ln1039_109 = xor i1 %icmp_ln1039_109, i1 1"   --->   Operation 521 'xor' 'xor_ln1039_109' <Predicate = (!icmp_ln249 & icmp_ln290)> <Delay = 0.00> <CoreInst = "LogicGate">   --->   Core 74 'LogicGate' <Latency = 0> <II = 1> <Delay = 0.97> <FuncUnit> <Opcode : 'and' 'or' 'xor'> <InPorts = 2> <OutPorts = 1>
ST_8 : Operation 522 [1/1] (0.00ns) (grouped into LUT with out node icmp_ln1039_110)   --->   "%select_ln1039_110 = select i1 %trunc_ln218, i12 18, i12 47"   --->   Operation 522 'select' 'select_ln1039_110' <Predicate = (!icmp_ln249 & icmp_ln290)> <Delay = 0.00> <CoreInst = "Sel">   --->   Core 73 'Sel' <Latency = 0> <II = 1> <Delay = 0.99> <FuncUnit> <Opcode : 'select'> <InPorts = 3> <OutPorts = 1>
ST_8 : Operation 523 [1/1] (1.99ns) (out node of the LUT)   --->   "%icmp_ln1039_110 = icmp_slt  i12 %accu_V_2, i12 %select_ln1039_110"   --->   Operation 523 'icmp' 'icmp_ln1039_110' <Predicate = (!icmp_ln249 & icmp_ln290)> <Delay = 1.99> <CoreInst = "Cmp">   --->   Core 9 'Cmp' <Latency = 0> <II = 1> <Delay = 1.99> <FuncUnit> <Opcode : 'icmp'> <InPorts = 2> <OutPorts = 1>
ST_8 : Operation 524 [1/1] (0.00ns) (grouped into LUT with out node add_ln840_148)   --->   "%xor_ln1039_110 = xor i1 %icmp_ln1039_110, i1 1"   --->   Operation 524 'xor' 'xor_ln1039_110' <Predicate = (!icmp_ln249 & icmp_ln290)> <Delay = 0.00> <CoreInst = "LogicGate">   --->   Core 74 'LogicGate' <Latency = 0> <II = 1> <Delay = 0.97> <FuncUnit> <Opcode : 'and' 'or' 'xor'> <InPorts = 2> <OutPorts = 1>
ST_8 : Operation 525 [1/1] (0.00ns) (grouped into LUT with out node add_ln840_148)   --->   "%zext_ln1039_73 = zext i1 %xor_ln1039_110"   --->   Operation 525 'zext' 'zext_ln1039_73' <Predicate = (!icmp_ln249 & icmp_ln290)> <Delay = 0.00>
ST_8 : Operation 526 [1/1] (0.00ns) (grouped into LUT with out node icmp_ln1039_111)   --->   "%select_ln1039_111 = select i1 %trunc_ln218, i12 19, i12 48"   --->   Operation 526 'select' 'select_ln1039_111' <Predicate = (!icmp_ln249 & icmp_ln290)> <Delay = 0.00> <CoreInst = "Sel">   --->   Core 73 'Sel' <Latency = 0> <II = 1> <Delay = 0.99> <FuncUnit> <Opcode : 'select'> <InPorts = 3> <OutPorts = 1>
ST_8 : Operation 527 [1/1] (1.99ns) (out node of the LUT)   --->   "%icmp_ln1039_111 = icmp_slt  i12 %accu_V_2, i12 %select_ln1039_111"   --->   Operation 527 'icmp' 'icmp_ln1039_111' <Predicate = (!icmp_ln249 & icmp_ln290)> <Delay = 1.99> <CoreInst = "Cmp">   --->   Core 9 'Cmp' <Latency = 0> <II = 1> <Delay = 1.99> <FuncUnit> <Opcode : 'icmp'> <InPorts = 2> <OutPorts = 1>
ST_8 : Operation 528 [1/1] (0.97ns)   --->   "%xor_ln1039_111 = xor i1 %icmp_ln1039_111, i1 1"   --->   Operation 528 'xor' 'xor_ln1039_111' <Predicate = (!icmp_ln249 & icmp_ln290)> <Delay = 0.97> <CoreInst = "LogicGate">   --->   Core 74 'LogicGate' <Latency = 0> <II = 1> <Delay = 0.97> <FuncUnit> <Opcode : 'and' 'or' 'xor'> <InPorts = 2> <OutPorts = 1>
ST_8 : Operation 529 [1/1] (0.00ns)   --->   "%zext_ln1039_74 = zext i1 %xor_ln1039_111"   --->   Operation 529 'zext' 'zext_ln1039_74' <Predicate = (!icmp_ln249 & icmp_ln290)> <Delay = 0.00>
ST_8 : Operation 530 [1/1] (0.00ns) (grouped into LUT with out node icmp_ln1039_112)   --->   "%select_ln1039_112 = select i1 %trunc_ln218, i12 20, i12 49"   --->   Operation 530 'select' 'select_ln1039_112' <Predicate = (!icmp_ln249 & icmp_ln290)> <Delay = 0.00> <CoreInst = "Sel">   --->   Core 73 'Sel' <Latency = 0> <II = 1> <Delay = 0.99> <FuncUnit> <Opcode : 'select'> <InPorts = 3> <OutPorts = 1>
ST_8 : Operation 531 [1/1] (1.99ns) (out node of the LUT)   --->   "%icmp_ln1039_112 = icmp_slt  i12 %accu_V_2, i12 %select_ln1039_112"   --->   Operation 531 'icmp' 'icmp_ln1039_112' <Predicate = (!icmp_ln249 & icmp_ln290)> <Delay = 1.99> <CoreInst = "Cmp">   --->   Core 9 'Cmp' <Latency = 0> <II = 1> <Delay = 1.99> <FuncUnit> <Opcode : 'icmp'> <InPorts = 2> <OutPorts = 1>
ST_8 : Operation 532 [1/1] (0.00ns) (grouped into LUT with out node add_ln840_151)   --->   "%xor_ln1039_112 = xor i1 %icmp_ln1039_112, i1 1"   --->   Operation 532 'xor' 'xor_ln1039_112' <Predicate = (!icmp_ln249 & icmp_ln290)> <Delay = 0.00> <CoreInst = "LogicGate">   --->   Core 74 'LogicGate' <Latency = 0> <II = 1> <Delay = 0.97> <FuncUnit> <Opcode : 'and' 'or' 'xor'> <InPorts = 2> <OutPorts = 1>
ST_8 : Operation 533 [1/1] (0.00ns) (grouped into LUT with out node add_ln840_151)   --->   "%zext_ln1039_75 = zext i1 %xor_ln1039_112"   --->   Operation 533 'zext' 'zext_ln1039_75' <Predicate = (!icmp_ln249 & icmp_ln290)> <Delay = 0.00>
ST_8 : Operation 534 [1/1] (0.00ns) (grouped into LUT with out node icmp_ln1039_113)   --->   "%select_ln1039_113 = select i1 %trunc_ln218, i12 21, i12 50"   --->   Operation 534 'select' 'select_ln1039_113' <Predicate = (!icmp_ln249 & icmp_ln290)> <Delay = 0.00> <CoreInst = "Sel">   --->   Core 73 'Sel' <Latency = 0> <II = 1> <Delay = 0.99> <FuncUnit> <Opcode : 'select'> <InPorts = 3> <OutPorts = 1>
ST_8 : Operation 535 [1/1] (1.99ns) (out node of the LUT)   --->   "%icmp_ln1039_113 = icmp_slt  i12 %accu_V_2, i12 %select_ln1039_113"   --->   Operation 535 'icmp' 'icmp_ln1039_113' <Predicate = (!icmp_ln249 & icmp_ln290)> <Delay = 1.99> <CoreInst = "Cmp">   --->   Core 9 'Cmp' <Latency = 0> <II = 1> <Delay = 1.99> <FuncUnit> <Opcode : 'icmp'> <InPorts = 2> <OutPorts = 1>
ST_8 : Operation 536 [1/1] (0.00ns) (grouped into LUT with out node add_ln840_152)   --->   "%xor_ln1039_113 = xor i1 %icmp_ln1039_113, i1 1"   --->   Operation 536 'xor' 'xor_ln1039_113' <Predicate = (!icmp_ln249 & icmp_ln290)> <Delay = 0.00> <CoreInst = "LogicGate">   --->   Core 74 'LogicGate' <Latency = 0> <II = 1> <Delay = 0.97> <FuncUnit> <Opcode : 'and' 'or' 'xor'> <InPorts = 2> <OutPorts = 1>
ST_8 : Operation 537 [1/1] (0.00ns) (grouped into LUT with out node icmp_ln1039_114)   --->   "%select_ln1039_114 = select i1 %trunc_ln218, i12 22, i12 51"   --->   Operation 537 'select' 'select_ln1039_114' <Predicate = (!icmp_ln249 & icmp_ln290)> <Delay = 0.00> <CoreInst = "Sel">   --->   Core 73 'Sel' <Latency = 0> <II = 1> <Delay = 0.99> <FuncUnit> <Opcode : 'select'> <InPorts = 3> <OutPorts = 1>
ST_8 : Operation 538 [1/1] (1.99ns) (out node of the LUT)   --->   "%icmp_ln1039_114 = icmp_slt  i12 %accu_V_2, i12 %select_ln1039_114"   --->   Operation 538 'icmp' 'icmp_ln1039_114' <Predicate = (!icmp_ln249 & icmp_ln290)> <Delay = 1.99> <CoreInst = "Cmp">   --->   Core 9 'Cmp' <Latency = 0> <II = 1> <Delay = 1.99> <FuncUnit> <Opcode : 'icmp'> <InPorts = 2> <OutPorts = 1>
ST_8 : Operation 539 [1/1] (0.00ns) (grouped into LUT with out node add_ln840_154)   --->   "%xor_ln1039_114 = xor i1 %icmp_ln1039_114, i1 1"   --->   Operation 539 'xor' 'xor_ln1039_114' <Predicate = (!icmp_ln249 & icmp_ln290)> <Delay = 0.00> <CoreInst = "LogicGate">   --->   Core 74 'LogicGate' <Latency = 0> <II = 1> <Delay = 0.97> <FuncUnit> <Opcode : 'and' 'or' 'xor'> <InPorts = 2> <OutPorts = 1>
ST_8 : Operation 540 [1/1] (0.00ns) (grouped into LUT with out node icmp_ln1039_115)   --->   "%select_ln1039_115 = select i1 %trunc_ln218, i12 23, i12 52"   --->   Operation 540 'select' 'select_ln1039_115' <Predicate = (!icmp_ln249 & icmp_ln290)> <Delay = 0.00> <CoreInst = "Sel">   --->   Core 73 'Sel' <Latency = 0> <II = 1> <Delay = 0.99> <FuncUnit> <Opcode : 'select'> <InPorts = 3> <OutPorts = 1>
ST_8 : Operation 541 [1/1] (1.99ns) (out node of the LUT)   --->   "%icmp_ln1039_115 = icmp_slt  i12 %accu_V_2, i12 %select_ln1039_115"   --->   Operation 541 'icmp' 'icmp_ln1039_115' <Predicate = (!icmp_ln249 & icmp_ln290)> <Delay = 1.99> <CoreInst = "Cmp">   --->   Core 9 'Cmp' <Latency = 0> <II = 1> <Delay = 1.99> <FuncUnit> <Opcode : 'icmp'> <InPorts = 2> <OutPorts = 1>
ST_8 : Operation 542 [1/1] (0.00ns) (grouped into LUT with out node add_ln840_153)   --->   "%xor_ln1039_115 = xor i1 %icmp_ln1039_115, i1 1"   --->   Operation 542 'xor' 'xor_ln1039_115' <Predicate = (!icmp_ln249 & icmp_ln290)> <Delay = 0.00> <CoreInst = "LogicGate">   --->   Core 74 'LogicGate' <Latency = 0> <II = 1> <Delay = 0.97> <FuncUnit> <Opcode : 'and' 'or' 'xor'> <InPorts = 2> <OutPorts = 1>
ST_8 : Operation 543 [1/1] (0.00ns) (grouped into LUT with out node add_ln840_153)   --->   "%zext_ln1039_76 = zext i1 %xor_ln1039_115"   --->   Operation 543 'zext' 'zext_ln1039_76' <Predicate = (!icmp_ln249 & icmp_ln290)> <Delay = 0.00>
ST_8 : Operation 544 [1/1] (0.00ns) (grouped into LUT with out node icmp_ln1039_116)   --->   "%select_ln1039_116 = select i1 %trunc_ln218, i12 24, i12 53"   --->   Operation 544 'select' 'select_ln1039_116' <Predicate = (!icmp_ln249 & icmp_ln290)> <Delay = 0.00> <CoreInst = "Sel">   --->   Core 73 'Sel' <Latency = 0> <II = 1> <Delay = 0.99> <FuncUnit> <Opcode : 'select'> <InPorts = 3> <OutPorts = 1>
ST_8 : Operation 545 [1/1] (1.99ns) (out node of the LUT)   --->   "%icmp_ln1039_116 = icmp_slt  i12 %accu_V_2, i12 %select_ln1039_116"   --->   Operation 545 'icmp' 'icmp_ln1039_116' <Predicate = (!icmp_ln249 & icmp_ln290)> <Delay = 1.99> <CoreInst = "Cmp">   --->   Core 9 'Cmp' <Latency = 0> <II = 1> <Delay = 1.99> <FuncUnit> <Opcode : 'icmp'> <InPorts = 2> <OutPorts = 1>
ST_8 : Operation 546 [1/1] (0.97ns)   --->   "%xor_ln1039_116 = xor i1 %icmp_ln1039_116, i1 1"   --->   Operation 546 'xor' 'xor_ln1039_116' <Predicate = (!icmp_ln249 & icmp_ln290)> <Delay = 0.97> <CoreInst = "LogicGate">   --->   Core 74 'LogicGate' <Latency = 0> <II = 1> <Delay = 0.97> <FuncUnit> <Opcode : 'and' 'or' 'xor'> <InPorts = 2> <OutPorts = 1>
ST_8 : Operation 547 [1/1] (0.00ns)   --->   "%zext_ln1039_77 = zext i1 %xor_ln1039_116"   --->   Operation 547 'zext' 'zext_ln1039_77' <Predicate = (!icmp_ln249 & icmp_ln290)> <Delay = 0.00>
ST_8 : Operation 548 [1/1] (0.00ns) (grouped into LUT with out node icmp_ln1039_117)   --->   "%select_ln1039_117 = select i1 %trunc_ln218, i12 25, i12 54"   --->   Operation 548 'select' 'select_ln1039_117' <Predicate = (!icmp_ln249 & icmp_ln290)> <Delay = 0.00> <CoreInst = "Sel">   --->   Core 73 'Sel' <Latency = 0> <II = 1> <Delay = 0.99> <FuncUnit> <Opcode : 'select'> <InPorts = 3> <OutPorts = 1>
ST_8 : Operation 549 [1/1] (1.99ns) (out node of the LUT)   --->   "%icmp_ln1039_117 = icmp_slt  i12 %accu_V_2, i12 %select_ln1039_117"   --->   Operation 549 'icmp' 'icmp_ln1039_117' <Predicate = (!icmp_ln249 & icmp_ln290)> <Delay = 1.99> <CoreInst = "Cmp">   --->   Core 9 'Cmp' <Latency = 0> <II = 1> <Delay = 1.99> <FuncUnit> <Opcode : 'icmp'> <InPorts = 2> <OutPorts = 1>
ST_8 : Operation 550 [1/1] (0.97ns)   --->   "%xor_ln1039_117 = xor i1 %icmp_ln1039_117, i1 1"   --->   Operation 550 'xor' 'xor_ln1039_117' <Predicate = (!icmp_ln249 & icmp_ln290)> <Delay = 0.97> <CoreInst = "LogicGate">   --->   Core 74 'LogicGate' <Latency = 0> <II = 1> <Delay = 0.97> <FuncUnit> <Opcode : 'and' 'or' 'xor'> <InPorts = 2> <OutPorts = 1>
ST_8 : Operation 551 [1/1] (0.00ns)   --->   "%zext_ln1039_78 = zext i1 %xor_ln1039_117"   --->   Operation 551 'zext' 'zext_ln1039_78' <Predicate = (!icmp_ln249 & icmp_ln290)> <Delay = 0.00>
ST_8 : Operation 552 [1/1] (0.00ns) (grouped into LUT with out node icmp_ln1039_118)   --->   "%select_ln1039_118 = select i1 %trunc_ln218, i12 26, i12 55"   --->   Operation 552 'select' 'select_ln1039_118' <Predicate = (!icmp_ln249 & icmp_ln290)> <Delay = 0.00> <CoreInst = "Sel">   --->   Core 73 'Sel' <Latency = 0> <II = 1> <Delay = 0.99> <FuncUnit> <Opcode : 'select'> <InPorts = 3> <OutPorts = 1>
ST_8 : Operation 553 [1/1] (1.99ns) (out node of the LUT)   --->   "%icmp_ln1039_118 = icmp_slt  i12 %accu_V_2, i12 %select_ln1039_118"   --->   Operation 553 'icmp' 'icmp_ln1039_118' <Predicate = (!icmp_ln249 & icmp_ln290)> <Delay = 1.99> <CoreInst = "Cmp">   --->   Core 9 'Cmp' <Latency = 0> <II = 1> <Delay = 1.99> <FuncUnit> <Opcode : 'icmp'> <InPorts = 2> <OutPorts = 1>
ST_8 : Operation 554 [1/1] (0.00ns) (grouped into LUT with out node add_ln840_160)   --->   "%xor_ln1039_118 = xor i1 %icmp_ln1039_118, i1 1"   --->   Operation 554 'xor' 'xor_ln1039_118' <Predicate = (!icmp_ln249 & icmp_ln290)> <Delay = 0.00> <CoreInst = "LogicGate">   --->   Core 74 'LogicGate' <Latency = 0> <II = 1> <Delay = 0.97> <FuncUnit> <Opcode : 'and' 'or' 'xor'> <InPorts = 2> <OutPorts = 1>
ST_8 : Operation 555 [1/1] (0.00ns) (grouped into LUT with out node add_ln840_160)   --->   "%zext_ln1039_79 = zext i1 %xor_ln1039_118"   --->   Operation 555 'zext' 'zext_ln1039_79' <Predicate = (!icmp_ln249 & icmp_ln290)> <Delay = 0.00>
ST_8 : Operation 556 [1/1] (0.00ns) (grouped into LUT with out node icmp_ln1039_119)   --->   "%select_ln1039_119 = select i1 %trunc_ln218, i12 27, i12 56"   --->   Operation 556 'select' 'select_ln1039_119' <Predicate = (!icmp_ln249 & icmp_ln290)> <Delay = 0.00> <CoreInst = "Sel">   --->   Core 73 'Sel' <Latency = 0> <II = 1> <Delay = 0.99> <FuncUnit> <Opcode : 'select'> <InPorts = 3> <OutPorts = 1>
ST_8 : Operation 557 [1/1] (1.99ns) (out node of the LUT)   --->   "%icmp_ln1039_119 = icmp_slt  i12 %accu_V_2, i12 %select_ln1039_119"   --->   Operation 557 'icmp' 'icmp_ln1039_119' <Predicate = (!icmp_ln249 & icmp_ln290)> <Delay = 1.99> <CoreInst = "Cmp">   --->   Core 9 'Cmp' <Latency = 0> <II = 1> <Delay = 1.99> <FuncUnit> <Opcode : 'icmp'> <InPorts = 2> <OutPorts = 1>
ST_8 : Operation 558 [1/1] (0.00ns) (grouped into LUT with out node add_ln840_162)   --->   "%xor_ln1039_119 = xor i1 %icmp_ln1039_119, i1 1"   --->   Operation 558 'xor' 'xor_ln1039_119' <Predicate = (!icmp_ln249 & icmp_ln290)> <Delay = 0.00> <CoreInst = "LogicGate">   --->   Core 74 'LogicGate' <Latency = 0> <II = 1> <Delay = 0.97> <FuncUnit> <Opcode : 'and' 'or' 'xor'> <InPorts = 2> <OutPorts = 1>
ST_8 : Operation 559 [1/1] (0.00ns) (grouped into LUT with out node icmp_ln1039_120)   --->   "%select_ln1039_120 = select i1 %trunc_ln218, i12 28, i12 57"   --->   Operation 559 'select' 'select_ln1039_120' <Predicate = (!icmp_ln249 & icmp_ln290)> <Delay = 0.00> <CoreInst = "Sel">   --->   Core 73 'Sel' <Latency = 0> <II = 1> <Delay = 0.99> <FuncUnit> <Opcode : 'select'> <InPorts = 3> <OutPorts = 1>
ST_8 : Operation 560 [1/1] (1.99ns) (out node of the LUT)   --->   "%icmp_ln1039_120 = icmp_slt  i12 %accu_V_2, i12 %select_ln1039_120"   --->   Operation 560 'icmp' 'icmp_ln1039_120' <Predicate = (!icmp_ln249 & icmp_ln290)> <Delay = 1.99> <CoreInst = "Cmp">   --->   Core 9 'Cmp' <Latency = 0> <II = 1> <Delay = 1.99> <FuncUnit> <Opcode : 'icmp'> <InPorts = 2> <OutPorts = 1>
ST_8 : Operation 561 [1/1] (0.00ns) (grouped into LUT with out node add_ln840_162)   --->   "%xor_ln1039_120 = xor i1 %icmp_ln1039_120, i1 1"   --->   Operation 561 'xor' 'xor_ln1039_120' <Predicate = (!icmp_ln249 & icmp_ln290)> <Delay = 0.00> <CoreInst = "LogicGate">   --->   Core 74 'LogicGate' <Latency = 0> <II = 1> <Delay = 0.97> <FuncUnit> <Opcode : 'and' 'or' 'xor'> <InPorts = 2> <OutPorts = 1>
ST_8 : Operation 562 [1/1] (0.00ns) (grouped into LUT with out node icmp_ln1039_121)   --->   "%select_ln1039_121 = select i1 %trunc_ln218, i12 29, i12 58"   --->   Operation 562 'select' 'select_ln1039_121' <Predicate = (!icmp_ln249 & icmp_ln290)> <Delay = 0.00> <CoreInst = "Sel">   --->   Core 73 'Sel' <Latency = 0> <II = 1> <Delay = 0.99> <FuncUnit> <Opcode : 'select'> <InPorts = 3> <OutPorts = 1>
ST_8 : Operation 563 [1/1] (1.99ns) (out node of the LUT)   --->   "%icmp_ln1039_121 = icmp_slt  i12 %accu_V_2, i12 %select_ln1039_121"   --->   Operation 563 'icmp' 'icmp_ln1039_121' <Predicate = (!icmp_ln249 & icmp_ln290)> <Delay = 1.99> <CoreInst = "Cmp">   --->   Core 9 'Cmp' <Latency = 0> <II = 1> <Delay = 1.99> <FuncUnit> <Opcode : 'icmp'> <InPorts = 2> <OutPorts = 1>
ST_8 : Operation 564 [1/1] (0.00ns) (grouped into LUT with out node add_ln840_164)   --->   "%xor_ln1039_121 = xor i1 %icmp_ln1039_121, i1 1"   --->   Operation 564 'xor' 'xor_ln1039_121' <Predicate = (!icmp_ln249 & icmp_ln290)> <Delay = 0.00> <CoreInst = "LogicGate">   --->   Core 74 'LogicGate' <Latency = 0> <II = 1> <Delay = 0.97> <FuncUnit> <Opcode : 'and' 'or' 'xor'> <InPorts = 2> <OutPorts = 1>
ST_8 : Operation 565 [1/1] (0.00ns) (grouped into LUT with out node add_ln840_164)   --->   "%zext_ln1039_80 = zext i1 %xor_ln1039_121"   --->   Operation 565 'zext' 'zext_ln1039_80' <Predicate = (!icmp_ln249 & icmp_ln290)> <Delay = 0.00>
ST_8 : Operation 566 [1/1] (0.00ns) (grouped into LUT with out node icmp_ln1039_122)   --->   "%select_ln1039_122 = select i1 %trunc_ln218, i12 30, i12 59"   --->   Operation 566 'select' 'select_ln1039_122' <Predicate = (!icmp_ln249 & icmp_ln290)> <Delay = 0.00> <CoreInst = "Sel">   --->   Core 73 'Sel' <Latency = 0> <II = 1> <Delay = 0.99> <FuncUnit> <Opcode : 'select'> <InPorts = 3> <OutPorts = 1>
ST_8 : Operation 567 [1/1] (1.99ns) (out node of the LUT)   --->   "%icmp_ln1039_122 = icmp_slt  i12 %accu_V_2, i12 %select_ln1039_122"   --->   Operation 567 'icmp' 'icmp_ln1039_122' <Predicate = (!icmp_ln249 & icmp_ln290)> <Delay = 1.99> <CoreInst = "Cmp">   --->   Core 9 'Cmp' <Latency = 0> <II = 1> <Delay = 1.99> <FuncUnit> <Opcode : 'icmp'> <InPorts = 2> <OutPorts = 1>
ST_8 : Operation 568 [1/1] (0.97ns)   --->   "%xor_ln1039_122 = xor i1 %icmp_ln1039_122, i1 1"   --->   Operation 568 'xor' 'xor_ln1039_122' <Predicate = (!icmp_ln249 & icmp_ln290)> <Delay = 0.97> <CoreInst = "LogicGate">   --->   Core 74 'LogicGate' <Latency = 0> <II = 1> <Delay = 0.97> <FuncUnit> <Opcode : 'and' 'or' 'xor'> <InPorts = 2> <OutPorts = 1>
ST_8 : Operation 569 [1/1] (0.00ns)   --->   "%zext_ln1039_81 = zext i1 %xor_ln1039_122"   --->   Operation 569 'zext' 'zext_ln1039_81' <Predicate = (!icmp_ln249 & icmp_ln290)> <Delay = 0.00>
ST_8 : Operation 570 [1/1] (0.00ns) (grouped into LUT with out node icmp_ln1039_123)   --->   "%select_ln1039_123 = select i1 %trunc_ln218, i12 31, i12 60"   --->   Operation 570 'select' 'select_ln1039_123' <Predicate = (!icmp_ln249 & icmp_ln290)> <Delay = 0.00> <CoreInst = "Sel">   --->   Core 73 'Sel' <Latency = 0> <II = 1> <Delay = 0.99> <FuncUnit> <Opcode : 'select'> <InPorts = 3> <OutPorts = 1>
ST_8 : Operation 571 [1/1] (1.99ns) (out node of the LUT)   --->   "%icmp_ln1039_123 = icmp_slt  i12 %accu_V_2, i12 %select_ln1039_123"   --->   Operation 571 'icmp' 'icmp_ln1039_123' <Predicate = (!icmp_ln249 & icmp_ln290)> <Delay = 1.99> <CoreInst = "Cmp">   --->   Core 9 'Cmp' <Latency = 0> <II = 1> <Delay = 1.99> <FuncUnit> <Opcode : 'icmp'> <InPorts = 2> <OutPorts = 1>
ST_8 : Operation 572 [1/1] (0.97ns)   --->   "%xor_ln1039_123 = xor i1 %icmp_ln1039_123, i1 1"   --->   Operation 572 'xor' 'xor_ln1039_123' <Predicate = (!icmp_ln249 & icmp_ln290)> <Delay = 0.97> <CoreInst = "LogicGate">   --->   Core 74 'LogicGate' <Latency = 0> <II = 1> <Delay = 0.97> <FuncUnit> <Opcode : 'and' 'or' 'xor'> <InPorts = 2> <OutPorts = 1>
ST_8 : Operation 573 [1/1] (0.00ns)   --->   "%zext_ln1039_82 = zext i1 %xor_ln1039_123"   --->   Operation 573 'zext' 'zext_ln1039_82' <Predicate = (!icmp_ln249 & icmp_ln290)> <Delay = 0.00>
ST_8 : Operation 574 [1/1] (0.00ns) (grouped into LUT with out node icmp_ln1039_124)   --->   "%select_ln1039_124 = select i1 %trunc_ln218, i12 32, i12 61"   --->   Operation 574 'select' 'select_ln1039_124' <Predicate = (!icmp_ln249 & icmp_ln290)> <Delay = 0.00> <CoreInst = "Sel">   --->   Core 73 'Sel' <Latency = 0> <II = 1> <Delay = 0.99> <FuncUnit> <Opcode : 'select'> <InPorts = 3> <OutPorts = 1>
ST_8 : Operation 575 [1/1] (1.99ns) (out node of the LUT)   --->   "%icmp_ln1039_124 = icmp_slt  i12 %accu_V_2, i12 %select_ln1039_124"   --->   Operation 575 'icmp' 'icmp_ln1039_124' <Predicate = (!icmp_ln249 & icmp_ln290)> <Delay = 1.99> <CoreInst = "Cmp">   --->   Core 9 'Cmp' <Latency = 0> <II = 1> <Delay = 1.99> <FuncUnit> <Opcode : 'icmp'> <InPorts = 2> <OutPorts = 1>
ST_8 : Operation 576 [1/1] (0.00ns) (grouped into LUT with out node add_ln840_167)   --->   "%xor_ln1039_124 = xor i1 %icmp_ln1039_124, i1 1"   --->   Operation 576 'xor' 'xor_ln1039_124' <Predicate = (!icmp_ln249 & icmp_ln290)> <Delay = 0.00> <CoreInst = "LogicGate">   --->   Core 74 'LogicGate' <Latency = 0> <II = 1> <Delay = 0.97> <FuncUnit> <Opcode : 'and' 'or' 'xor'> <InPorts = 2> <OutPorts = 1>
ST_8 : Operation 577 [1/1] (0.00ns) (grouped into LUT with out node add_ln840_167)   --->   "%zext_ln1039_83 = zext i1 %xor_ln1039_124"   --->   Operation 577 'zext' 'zext_ln1039_83' <Predicate = (!icmp_ln249 & icmp_ln290)> <Delay = 0.00>
ST_8 : Operation 578 [1/1] (0.00ns) (grouped into LUT with out node icmp_ln1039_125)   --->   "%select_ln1039_125 = select i1 %trunc_ln218, i12 33, i12 62"   --->   Operation 578 'select' 'select_ln1039_125' <Predicate = (!icmp_ln249 & icmp_ln290)> <Delay = 0.00> <CoreInst = "Sel">   --->   Core 73 'Sel' <Latency = 0> <II = 1> <Delay = 0.99> <FuncUnit> <Opcode : 'select'> <InPorts = 3> <OutPorts = 1>
ST_8 : Operation 579 [1/1] (1.99ns) (out node of the LUT)   --->   "%icmp_ln1039_125 = icmp_slt  i12 %accu_V_2, i12 %select_ln1039_125"   --->   Operation 579 'icmp' 'icmp_ln1039_125' <Predicate = (!icmp_ln249 & icmp_ln290)> <Delay = 1.99> <CoreInst = "Cmp">   --->   Core 9 'Cmp' <Latency = 0> <II = 1> <Delay = 1.99> <FuncUnit> <Opcode : 'icmp'> <InPorts = 2> <OutPorts = 1>
ST_8 : Operation 580 [1/1] (0.00ns) (grouped into LUT with out node add_ln840_168)   --->   "%xor_ln1039_125 = xor i1 %icmp_ln1039_125, i1 1"   --->   Operation 580 'xor' 'xor_ln1039_125' <Predicate = (!icmp_ln249 & icmp_ln290)> <Delay = 0.00> <CoreInst = "LogicGate">   --->   Core 74 'LogicGate' <Latency = 0> <II = 1> <Delay = 0.97> <FuncUnit> <Opcode : 'and' 'or' 'xor'> <InPorts = 2> <OutPorts = 1>
ST_8 : Operation 581 [1/1] (0.00ns) (grouped into LUT with out node icmp_ln1039_126)   --->   "%select_ln1039_126 = select i1 %trunc_ln218, i12 34, i12 63"   --->   Operation 581 'select' 'select_ln1039_126' <Predicate = (!icmp_ln249 & icmp_ln290)> <Delay = 0.00> <CoreInst = "Sel">   --->   Core 73 'Sel' <Latency = 0> <II = 1> <Delay = 0.99> <FuncUnit> <Opcode : 'select'> <InPorts = 3> <OutPorts = 1>
ST_8 : Operation 582 [1/1] (1.99ns) (out node of the LUT)   --->   "%icmp_ln1039_126 = icmp_slt  i12 %accu_V_2, i12 %select_ln1039_126"   --->   Operation 582 'icmp' 'icmp_ln1039_126' <Predicate = (!icmp_ln249 & icmp_ln290)> <Delay = 1.99> <CoreInst = "Cmp">   --->   Core 9 'Cmp' <Latency = 0> <II = 1> <Delay = 1.99> <FuncUnit> <Opcode : 'icmp'> <InPorts = 2> <OutPorts = 1>
ST_8 : Operation 583 [1/1] (0.00ns) (grouped into LUT with out node add_ln840_171)   --->   "%xor_ln1039_126 = xor i1 %icmp_ln1039_126, i1 1"   --->   Operation 583 'xor' 'xor_ln1039_126' <Predicate = (!icmp_ln249 & icmp_ln290)> <Delay = 0.00> <CoreInst = "LogicGate">   --->   Core 74 'LogicGate' <Latency = 0> <II = 1> <Delay = 0.97> <FuncUnit> <Opcode : 'and' 'or' 'xor'> <InPorts = 2> <OutPorts = 1>
ST_8 : Operation 584 [1/1] (0.00ns) (grouped into LUT with out node add_ln840_171)   --->   "%zext_ln1039_84 = zext i1 %xor_ln1039_126"   --->   Operation 584 'zext' 'zext_ln1039_84' <Predicate = (!icmp_ln249 & icmp_ln290)> <Delay = 0.00>
ST_8 : Operation 585 [1/1] (0.00ns) (grouped into LUT with out node icmp_ln1039_127)   --->   "%select_ln1039_127 = select i1 %trunc_ln218, i12 35, i12 64"   --->   Operation 585 'select' 'select_ln1039_127' <Predicate = (!icmp_ln249 & icmp_ln290)> <Delay = 0.00> <CoreInst = "Sel">   --->   Core 73 'Sel' <Latency = 0> <II = 1> <Delay = 1.24> <FuncUnit> <Opcode : 'select'> <InPorts = 3> <OutPorts = 1>
ST_8 : Operation 586 [1/1] (1.99ns) (out node of the LUT)   --->   "%icmp_ln1039_127 = icmp_slt  i12 %accu_V_2, i12 %select_ln1039_127"   --->   Operation 586 'icmp' 'icmp_ln1039_127' <Predicate = (!icmp_ln249 & icmp_ln290)> <Delay = 1.99> <CoreInst = "Cmp">   --->   Core 9 'Cmp' <Latency = 0> <II = 1> <Delay = 1.99> <FuncUnit> <Opcode : 'icmp'> <InPorts = 2> <OutPorts = 1>
ST_8 : Operation 587 [1/1] (0.97ns)   --->   "%xor_ln1039_127 = xor i1 %icmp_ln1039_127, i1 1"   --->   Operation 587 'xor' 'xor_ln1039_127' <Predicate = (!icmp_ln249 & icmp_ln290)> <Delay = 0.97> <CoreInst = "LogicGate">   --->   Core 74 'LogicGate' <Latency = 0> <II = 1> <Delay = 0.97> <FuncUnit> <Opcode : 'and' 'or' 'xor'> <InPorts = 2> <OutPorts = 1>
ST_8 : Operation 588 [1/1] (0.00ns)   --->   "%zext_ln1039_85 = zext i1 %xor_ln1039_127"   --->   Operation 588 'zext' 'zext_ln1039_85' <Predicate = (!icmp_ln249 & icmp_ln290)> <Delay = 0.00>
ST_8 : Operation 589 [1/1] (0.00ns) (grouped into LUT with out node icmp_ln1039_128)   --->   "%select_ln1039_128 = select i1 %trunc_ln218, i12 36, i12 65"   --->   Operation 589 'select' 'select_ln1039_128' <Predicate = (!icmp_ln249 & icmp_ln290)> <Delay = 0.00> <CoreInst = "Sel">   --->   Core 73 'Sel' <Latency = 0> <II = 1> <Delay = 1.24> <FuncUnit> <Opcode : 'select'> <InPorts = 3> <OutPorts = 1>
ST_8 : Operation 590 [1/1] (1.99ns) (out node of the LUT)   --->   "%icmp_ln1039_128 = icmp_slt  i12 %accu_V_2, i12 %select_ln1039_128"   --->   Operation 590 'icmp' 'icmp_ln1039_128' <Predicate = (!icmp_ln249 & icmp_ln290)> <Delay = 1.99> <CoreInst = "Cmp">   --->   Core 9 'Cmp' <Latency = 0> <II = 1> <Delay = 1.99> <FuncUnit> <Opcode : 'icmp'> <InPorts = 2> <OutPorts = 1>
ST_8 : Operation 591 [1/1] (0.97ns)   --->   "%xor_ln1039_128 = xor i1 %icmp_ln1039_128, i1 1"   --->   Operation 591 'xor' 'xor_ln1039_128' <Predicate = (!icmp_ln249 & icmp_ln290)> <Delay = 0.97> <CoreInst = "LogicGate">   --->   Core 74 'LogicGate' <Latency = 0> <II = 1> <Delay = 0.97> <FuncUnit> <Opcode : 'and' 'or' 'xor'> <InPorts = 2> <OutPorts = 1>
ST_8 : Operation 592 [1/1] (0.00ns)   --->   "%zext_ln1039_86 = zext i1 %xor_ln1039_128"   --->   Operation 592 'zext' 'zext_ln1039_86' <Predicate = (!icmp_ln249 & icmp_ln290)> <Delay = 0.00>
ST_8 : Operation 593 [1/1] (0.00ns) (grouped into LUT with out node icmp_ln1039_129)   --->   "%select_ln1039_129 = select i1 %trunc_ln218, i12 37, i12 66"   --->   Operation 593 'select' 'select_ln1039_129' <Predicate = (!icmp_ln249 & icmp_ln290)> <Delay = 0.00> <CoreInst = "Sel">   --->   Core 73 'Sel' <Latency = 0> <II = 1> <Delay = 1.24> <FuncUnit> <Opcode : 'select'> <InPorts = 3> <OutPorts = 1>
ST_8 : Operation 594 [1/1] (1.99ns) (out node of the LUT)   --->   "%icmp_ln1039_129 = icmp_slt  i12 %accu_V_2, i12 %select_ln1039_129"   --->   Operation 594 'icmp' 'icmp_ln1039_129' <Predicate = (!icmp_ln249 & icmp_ln290)> <Delay = 1.99> <CoreInst = "Cmp">   --->   Core 9 'Cmp' <Latency = 0> <II = 1> <Delay = 1.99> <FuncUnit> <Opcode : 'icmp'> <InPorts = 2> <OutPorts = 1>
ST_8 : Operation 595 [1/1] (0.00ns) (grouped into LUT with out node add_ln840_174)   --->   "%xor_ln1039_129 = xor i1 %icmp_ln1039_129, i1 1"   --->   Operation 595 'xor' 'xor_ln1039_129' <Predicate = (!icmp_ln249 & icmp_ln290)> <Delay = 0.00> <CoreInst = "LogicGate">   --->   Core 74 'LogicGate' <Latency = 0> <II = 1> <Delay = 0.97> <FuncUnit> <Opcode : 'and' 'or' 'xor'> <InPorts = 2> <OutPorts = 1>
ST_8 : Operation 596 [1/1] (0.00ns) (grouped into LUT with out node add_ln840_174)   --->   "%zext_ln1039_87 = zext i1 %xor_ln1039_129"   --->   Operation 596 'zext' 'zext_ln1039_87' <Predicate = (!icmp_ln249 & icmp_ln290)> <Delay = 0.00>
ST_8 : Operation 597 [1/1] (0.00ns) (grouped into LUT with out node icmp_ln1039_130)   --->   "%select_ln1039_130 = select i1 %trunc_ln218, i12 38, i12 67"   --->   Operation 597 'select' 'select_ln1039_130' <Predicate = (!icmp_ln249 & icmp_ln290)> <Delay = 0.00> <CoreInst = "Sel">   --->   Core 73 'Sel' <Latency = 0> <II = 1> <Delay = 1.24> <FuncUnit> <Opcode : 'select'> <InPorts = 3> <OutPorts = 1>
ST_8 : Operation 598 [1/1] (1.99ns) (out node of the LUT)   --->   "%icmp_ln1039_130 = icmp_slt  i12 %accu_V_2, i12 %select_ln1039_130"   --->   Operation 598 'icmp' 'icmp_ln1039_130' <Predicate = (!icmp_ln249 & icmp_ln290)> <Delay = 1.99> <CoreInst = "Cmp">   --->   Core 9 'Cmp' <Latency = 0> <II = 1> <Delay = 1.99> <FuncUnit> <Opcode : 'icmp'> <InPorts = 2> <OutPorts = 1>
ST_8 : Operation 599 [1/1] (0.00ns) (grouped into LUT with out node add_ln840_175)   --->   "%xor_ln1039_130 = xor i1 %icmp_ln1039_130, i1 1"   --->   Operation 599 'xor' 'xor_ln1039_130' <Predicate = (!icmp_ln249 & icmp_ln290)> <Delay = 0.00> <CoreInst = "LogicGate">   --->   Core 74 'LogicGate' <Latency = 0> <II = 1> <Delay = 0.97> <FuncUnit> <Opcode : 'and' 'or' 'xor'> <InPorts = 2> <OutPorts = 1>
ST_8 : Operation 600 [1/1] (0.00ns) (grouped into LUT with out node icmp_ln1039_131)   --->   "%select_ln1039_131 = select i1 %trunc_ln218, i12 39, i12 68"   --->   Operation 600 'select' 'select_ln1039_131' <Predicate = (!icmp_ln249 & icmp_ln290)> <Delay = 0.00> <CoreInst = "Sel">   --->   Core 73 'Sel' <Latency = 0> <II = 1> <Delay = 1.24> <FuncUnit> <Opcode : 'select'> <InPorts = 3> <OutPorts = 1>
ST_8 : Operation 601 [1/1] (1.99ns) (out node of the LUT)   --->   "%icmp_ln1039_131 = icmp_slt  i12 %accu_V_2, i12 %select_ln1039_131"   --->   Operation 601 'icmp' 'icmp_ln1039_131' <Predicate = (!icmp_ln249 & icmp_ln290)> <Delay = 1.99> <CoreInst = "Cmp">   --->   Core 9 'Cmp' <Latency = 0> <II = 1> <Delay = 1.99> <FuncUnit> <Opcode : 'icmp'> <InPorts = 2> <OutPorts = 1>
ST_8 : Operation 602 [1/1] (0.00ns) (grouped into LUT with out node add_ln840_178)   --->   "%xor_ln1039_131 = xor i1 %icmp_ln1039_131, i1 1"   --->   Operation 602 'xor' 'xor_ln1039_131' <Predicate = (!icmp_ln249 & icmp_ln290)> <Delay = 0.00> <CoreInst = "LogicGate">   --->   Core 74 'LogicGate' <Latency = 0> <II = 1> <Delay = 0.97> <FuncUnit> <Opcode : 'and' 'or' 'xor'> <InPorts = 2> <OutPorts = 1>
ST_8 : Operation 603 [1/1] (0.00ns) (grouped into LUT with out node icmp_ln1039_132)   --->   "%select_ln1039_132 = select i1 %trunc_ln218, i12 40, i12 69"   --->   Operation 603 'select' 'select_ln1039_132' <Predicate = (!icmp_ln249 & icmp_ln290)> <Delay = 0.00> <CoreInst = "Sel">   --->   Core 73 'Sel' <Latency = 0> <II = 1> <Delay = 1.24> <FuncUnit> <Opcode : 'select'> <InPorts = 3> <OutPorts = 1>
ST_8 : Operation 604 [1/1] (1.99ns) (out node of the LUT)   --->   "%icmp_ln1039_132 = icmp_slt  i12 %accu_V_2, i12 %select_ln1039_132"   --->   Operation 604 'icmp' 'icmp_ln1039_132' <Predicate = (!icmp_ln249 & icmp_ln290)> <Delay = 1.99> <CoreInst = "Cmp">   --->   Core 9 'Cmp' <Latency = 0> <II = 1> <Delay = 1.99> <FuncUnit> <Opcode : 'icmp'> <InPorts = 2> <OutPorts = 1>
ST_8 : Operation 605 [1/1] (0.00ns) (grouped into LUT with out node add_ln840_177)   --->   "%xor_ln1039_132 = xor i1 %icmp_ln1039_132, i1 1"   --->   Operation 605 'xor' 'xor_ln1039_132' <Predicate = (!icmp_ln249 & icmp_ln290)> <Delay = 0.00> <CoreInst = "LogicGate">   --->   Core 74 'LogicGate' <Latency = 0> <II = 1> <Delay = 0.97> <FuncUnit> <Opcode : 'and' 'or' 'xor'> <InPorts = 2> <OutPorts = 1>
ST_8 : Operation 606 [1/1] (0.00ns) (grouped into LUT with out node add_ln840_177)   --->   "%zext_ln1039_88 = zext i1 %xor_ln1039_132"   --->   Operation 606 'zext' 'zext_ln1039_88' <Predicate = (!icmp_ln249 & icmp_ln290)> <Delay = 0.00>
ST_8 : Operation 607 [1/1] (0.00ns) (grouped into LUT with out node icmp_ln1039_133)   --->   "%select_ln1039_133 = select i1 %trunc_ln218, i12 41, i12 70"   --->   Operation 607 'select' 'select_ln1039_133' <Predicate = (!icmp_ln249 & icmp_ln290)> <Delay = 0.00> <CoreInst = "Sel">   --->   Core 73 'Sel' <Latency = 0> <II = 1> <Delay = 1.24> <FuncUnit> <Opcode : 'select'> <InPorts = 3> <OutPorts = 1>
ST_8 : Operation 608 [1/1] (1.99ns) (out node of the LUT)   --->   "%icmp_ln1039_133 = icmp_slt  i12 %accu_V_2, i12 %select_ln1039_133"   --->   Operation 608 'icmp' 'icmp_ln1039_133' <Predicate = (!icmp_ln249 & icmp_ln290)> <Delay = 1.99> <CoreInst = "Cmp">   --->   Core 9 'Cmp' <Latency = 0> <II = 1> <Delay = 1.99> <FuncUnit> <Opcode : 'icmp'> <InPorts = 2> <OutPorts = 1>
ST_8 : Operation 609 [1/1] (0.97ns)   --->   "%xor_ln1039_133 = xor i1 %icmp_ln1039_133, i1 1"   --->   Operation 609 'xor' 'xor_ln1039_133' <Predicate = (!icmp_ln249 & icmp_ln290)> <Delay = 0.97> <CoreInst = "LogicGate">   --->   Core 74 'LogicGate' <Latency = 0> <II = 1> <Delay = 0.97> <FuncUnit> <Opcode : 'and' 'or' 'xor'> <InPorts = 2> <OutPorts = 1>
ST_8 : Operation 610 [1/1] (0.00ns)   --->   "%zext_ln1039_89 = zext i1 %xor_ln1039_133"   --->   Operation 610 'zext' 'zext_ln1039_89' <Predicate = (!icmp_ln249 & icmp_ln290)> <Delay = 0.00>
ST_8 : Operation 611 [1/1] (0.00ns) (grouped into LUT with out node icmp_ln1039_134)   --->   "%select_ln1039_134 = select i1 %trunc_ln218, i12 42, i12 71"   --->   Operation 611 'select' 'select_ln1039_134' <Predicate = (!icmp_ln249 & icmp_ln290)> <Delay = 0.00> <CoreInst = "Sel">   --->   Core 73 'Sel' <Latency = 0> <II = 1> <Delay = 1.24> <FuncUnit> <Opcode : 'select'> <InPorts = 3> <OutPorts = 1>
ST_8 : Operation 612 [1/1] (1.99ns) (out node of the LUT)   --->   "%icmp_ln1039_134 = icmp_slt  i12 %accu_V_2, i12 %select_ln1039_134"   --->   Operation 612 'icmp' 'icmp_ln1039_134' <Predicate = (!icmp_ln249 & icmp_ln290)> <Delay = 1.99> <CoreInst = "Cmp">   --->   Core 9 'Cmp' <Latency = 0> <II = 1> <Delay = 1.99> <FuncUnit> <Opcode : 'icmp'> <InPorts = 2> <OutPorts = 1>
ST_8 : Operation 613 [1/1] (0.97ns)   --->   "%xor_ln1039_134 = xor i1 %icmp_ln1039_134, i1 1"   --->   Operation 613 'xor' 'xor_ln1039_134' <Predicate = (!icmp_ln249 & icmp_ln290)> <Delay = 0.97> <CoreInst = "LogicGate">   --->   Core 74 'LogicGate' <Latency = 0> <II = 1> <Delay = 0.97> <FuncUnit> <Opcode : 'and' 'or' 'xor'> <InPorts = 2> <OutPorts = 1>
ST_8 : Operation 614 [1/1] (0.00ns)   --->   "%zext_ln1039_90 = zext i1 %xor_ln1039_134"   --->   Operation 614 'zext' 'zext_ln1039_90' <Predicate = (!icmp_ln249 & icmp_ln290)> <Delay = 0.00>
ST_8 : Operation 615 [1/1] (0.00ns) (grouped into LUT with out node icmp_ln1039_135)   --->   "%select_ln1039_135 = select i1 %trunc_ln218, i12 43, i12 72"   --->   Operation 615 'select' 'select_ln1039_135' <Predicate = (!icmp_ln249 & icmp_ln290)> <Delay = 0.00> <CoreInst = "Sel">   --->   Core 73 'Sel' <Latency = 0> <II = 1> <Delay = 1.24> <FuncUnit> <Opcode : 'select'> <InPorts = 3> <OutPorts = 1>
ST_8 : Operation 616 [1/1] (1.99ns) (out node of the LUT)   --->   "%icmp_ln1039_135 = icmp_slt  i12 %accu_V_2, i12 %select_ln1039_135"   --->   Operation 616 'icmp' 'icmp_ln1039_135' <Predicate = (!icmp_ln249 & icmp_ln290)> <Delay = 1.99> <CoreInst = "Cmp">   --->   Core 9 'Cmp' <Latency = 0> <II = 1> <Delay = 1.99> <FuncUnit> <Opcode : 'icmp'> <InPorts = 2> <OutPorts = 1>
ST_8 : Operation 617 [1/1] (0.00ns) (grouped into LUT with out node add_ln840_180)   --->   "%xor_ln1039_135 = xor i1 %icmp_ln1039_135, i1 1"   --->   Operation 617 'xor' 'xor_ln1039_135' <Predicate = (!icmp_ln249 & icmp_ln290)> <Delay = 0.00> <CoreInst = "LogicGate">   --->   Core 74 'LogicGate' <Latency = 0> <II = 1> <Delay = 0.97> <FuncUnit> <Opcode : 'and' 'or' 'xor'> <InPorts = 2> <OutPorts = 1>
ST_8 : Operation 618 [1/1] (0.00ns) (grouped into LUT with out node add_ln840_180)   --->   "%zext_ln1039_91 = zext i1 %xor_ln1039_135"   --->   Operation 618 'zext' 'zext_ln1039_91' <Predicate = (!icmp_ln249 & icmp_ln290)> <Delay = 0.00>
ST_8 : Operation 619 [1/1] (0.00ns) (grouped into LUT with out node icmp_ln1039_136)   --->   "%select_ln1039_136 = select i1 %trunc_ln218, i12 44, i12 73"   --->   Operation 619 'select' 'select_ln1039_136' <Predicate = (!icmp_ln249 & icmp_ln290)> <Delay = 0.00> <CoreInst = "Sel">   --->   Core 73 'Sel' <Latency = 0> <II = 1> <Delay = 1.24> <FuncUnit> <Opcode : 'select'> <InPorts = 3> <OutPorts = 1>
ST_8 : Operation 620 [1/1] (1.99ns) (out node of the LUT)   --->   "%icmp_ln1039_136 = icmp_slt  i12 %accu_V_2, i12 %select_ln1039_136"   --->   Operation 620 'icmp' 'icmp_ln1039_136' <Predicate = (!icmp_ln249 & icmp_ln290)> <Delay = 1.99> <CoreInst = "Cmp">   --->   Core 9 'Cmp' <Latency = 0> <II = 1> <Delay = 1.99> <FuncUnit> <Opcode : 'icmp'> <InPorts = 2> <OutPorts = 1>
ST_8 : Operation 621 [1/1] (0.00ns) (grouped into LUT with out node add_ln840_186)   --->   "%xor_ln1039_136 = xor i1 %icmp_ln1039_136, i1 1"   --->   Operation 621 'xor' 'xor_ln1039_136' <Predicate = (!icmp_ln249 & icmp_ln290)> <Delay = 0.00> <CoreInst = "LogicGate">   --->   Core 74 'LogicGate' <Latency = 0> <II = 1> <Delay = 0.97> <FuncUnit> <Opcode : 'and' 'or' 'xor'> <InPorts = 2> <OutPorts = 1>
ST_8 : Operation 622 [1/1] (0.00ns) (grouped into LUT with out node icmp_ln1039_137)   --->   "%select_ln1039_137 = select i1 %trunc_ln218, i12 45, i12 74"   --->   Operation 622 'select' 'select_ln1039_137' <Predicate = (!icmp_ln249 & icmp_ln290)> <Delay = 0.00> <CoreInst = "Sel">   --->   Core 73 'Sel' <Latency = 0> <II = 1> <Delay = 1.24> <FuncUnit> <Opcode : 'select'> <InPorts = 3> <OutPorts = 1>
ST_8 : Operation 623 [1/1] (1.99ns) (out node of the LUT)   --->   "%icmp_ln1039_137 = icmp_slt  i12 %accu_V_2, i12 %select_ln1039_137"   --->   Operation 623 'icmp' 'icmp_ln1039_137' <Predicate = (!icmp_ln249 & icmp_ln290)> <Delay = 1.99> <CoreInst = "Cmp">   --->   Core 9 'Cmp' <Latency = 0> <II = 1> <Delay = 1.99> <FuncUnit> <Opcode : 'icmp'> <InPorts = 2> <OutPorts = 1>
ST_8 : Operation 624 [1/1] (0.00ns) (grouped into LUT with out node add_ln840_185)   --->   "%xor_ln1039_137 = xor i1 %icmp_ln1039_137, i1 1"   --->   Operation 624 'xor' 'xor_ln1039_137' <Predicate = (!icmp_ln249 & icmp_ln290)> <Delay = 0.00> <CoreInst = "LogicGate">   --->   Core 74 'LogicGate' <Latency = 0> <II = 1> <Delay = 0.97> <FuncUnit> <Opcode : 'and' 'or' 'xor'> <InPorts = 2> <OutPorts = 1>
ST_8 : Operation 625 [1/1] (0.00ns) (grouped into LUT with out node add_ln840_185)   --->   "%zext_ln1039_92 = zext i1 %xor_ln1039_137"   --->   Operation 625 'zext' 'zext_ln1039_92' <Predicate = (!icmp_ln249 & icmp_ln290)> <Delay = 0.00>
ST_8 : Operation 626 [1/1] (0.00ns) (grouped into LUT with out node icmp_ln1039_138)   --->   "%select_ln1039_138 = select i1 %trunc_ln218, i12 46, i12 75"   --->   Operation 626 'select' 'select_ln1039_138' <Predicate = (!icmp_ln249 & icmp_ln290)> <Delay = 0.00> <CoreInst = "Sel">   --->   Core 73 'Sel' <Latency = 0> <II = 1> <Delay = 1.24> <FuncUnit> <Opcode : 'select'> <InPorts = 3> <OutPorts = 1>
ST_8 : Operation 627 [1/1] (1.99ns) (out node of the LUT)   --->   "%icmp_ln1039_138 = icmp_slt  i12 %accu_V_2, i12 %select_ln1039_138"   --->   Operation 627 'icmp' 'icmp_ln1039_138' <Predicate = (!icmp_ln249 & icmp_ln290)> <Delay = 1.99> <CoreInst = "Cmp">   --->   Core 9 'Cmp' <Latency = 0> <II = 1> <Delay = 1.99> <FuncUnit> <Opcode : 'icmp'> <InPorts = 2> <OutPorts = 1>
ST_8 : Operation 628 [1/1] (0.97ns)   --->   "%xor_ln1039_138 = xor i1 %icmp_ln1039_138, i1 1"   --->   Operation 628 'xor' 'xor_ln1039_138' <Predicate = (!icmp_ln249 & icmp_ln290)> <Delay = 0.97> <CoreInst = "LogicGate">   --->   Core 74 'LogicGate' <Latency = 0> <II = 1> <Delay = 0.97> <FuncUnit> <Opcode : 'and' 'or' 'xor'> <InPorts = 2> <OutPorts = 1>
ST_8 : Operation 629 [1/1] (0.00ns)   --->   "%zext_ln1039_93 = zext i1 %xor_ln1039_138"   --->   Operation 629 'zext' 'zext_ln1039_93' <Predicate = (!icmp_ln249 & icmp_ln290)> <Delay = 0.00>
ST_8 : Operation 630 [1/1] (0.00ns) (grouped into LUT with out node icmp_ln1039_139)   --->   "%select_ln1039_139 = select i1 %trunc_ln218, i12 47, i12 76"   --->   Operation 630 'select' 'select_ln1039_139' <Predicate = (!icmp_ln249 & icmp_ln290)> <Delay = 0.00> <CoreInst = "Sel">   --->   Core 73 'Sel' <Latency = 0> <II = 1> <Delay = 1.24> <FuncUnit> <Opcode : 'select'> <InPorts = 3> <OutPorts = 1>
ST_8 : Operation 631 [1/1] (1.99ns) (out node of the LUT)   --->   "%icmp_ln1039_139 = icmp_slt  i12 %accu_V_2, i12 %select_ln1039_139"   --->   Operation 631 'icmp' 'icmp_ln1039_139' <Predicate = (!icmp_ln249 & icmp_ln290)> <Delay = 1.99> <CoreInst = "Cmp">   --->   Core 9 'Cmp' <Latency = 0> <II = 1> <Delay = 1.99> <FuncUnit> <Opcode : 'icmp'> <InPorts = 2> <OutPorts = 1>
ST_8 : Operation 632 [1/1] (0.97ns)   --->   "%xor_ln1039_139 = xor i1 %icmp_ln1039_139, i1 1"   --->   Operation 632 'xor' 'xor_ln1039_139' <Predicate = (!icmp_ln249 & icmp_ln290)> <Delay = 0.97> <CoreInst = "LogicGate">   --->   Core 74 'LogicGate' <Latency = 0> <II = 1> <Delay = 0.97> <FuncUnit> <Opcode : 'and' 'or' 'xor'> <InPorts = 2> <OutPorts = 1>
ST_8 : Operation 633 [1/1] (0.00ns)   --->   "%zext_ln1039_94 = zext i1 %xor_ln1039_139"   --->   Operation 633 'zext' 'zext_ln1039_94' <Predicate = (!icmp_ln249 & icmp_ln290)> <Delay = 0.00>
ST_8 : Operation 634 [1/1] (0.00ns) (grouped into LUT with out node icmp_ln1039_140)   --->   "%select_ln1039_140 = select i1 %trunc_ln218, i12 48, i12 77"   --->   Operation 634 'select' 'select_ln1039_140' <Predicate = (!icmp_ln249 & icmp_ln290)> <Delay = 0.00> <CoreInst = "Sel">   --->   Core 73 'Sel' <Latency = 0> <II = 1> <Delay = 1.24> <FuncUnit> <Opcode : 'select'> <InPorts = 3> <OutPorts = 1>
ST_8 : Operation 635 [1/1] (1.99ns) (out node of the LUT)   --->   "%icmp_ln1039_140 = icmp_slt  i12 %accu_V_2, i12 %select_ln1039_140"   --->   Operation 635 'icmp' 'icmp_ln1039_140' <Predicate = (!icmp_ln249 & icmp_ln290)> <Delay = 1.99> <CoreInst = "Cmp">   --->   Core 9 'Cmp' <Latency = 0> <II = 1> <Delay = 1.99> <FuncUnit> <Opcode : 'icmp'> <InPorts = 2> <OutPorts = 1>
ST_8 : Operation 636 [1/1] (0.00ns) (grouped into LUT with out node add_ln840_188)   --->   "%xor_ln1039_140 = xor i1 %icmp_ln1039_140, i1 1"   --->   Operation 636 'xor' 'xor_ln1039_140' <Predicate = (!icmp_ln249 & icmp_ln290)> <Delay = 0.00> <CoreInst = "LogicGate">   --->   Core 74 'LogicGate' <Latency = 0> <II = 1> <Delay = 0.97> <FuncUnit> <Opcode : 'and' 'or' 'xor'> <InPorts = 2> <OutPorts = 1>
ST_8 : Operation 637 [1/1] (0.00ns) (grouped into LUT with out node add_ln840_188)   --->   "%zext_ln1039_95 = zext i1 %xor_ln1039_140"   --->   Operation 637 'zext' 'zext_ln1039_95' <Predicate = (!icmp_ln249 & icmp_ln290)> <Delay = 0.00>
ST_8 : Operation 638 [1/1] (0.00ns) (grouped into LUT with out node icmp_ln1039_141)   --->   "%select_ln1039_141 = select i1 %trunc_ln218, i12 49, i12 78"   --->   Operation 638 'select' 'select_ln1039_141' <Predicate = (!icmp_ln249 & icmp_ln290)> <Delay = 0.00> <CoreInst = "Sel">   --->   Core 73 'Sel' <Latency = 0> <II = 1> <Delay = 1.24> <FuncUnit> <Opcode : 'select'> <InPorts = 3> <OutPorts = 1>
ST_8 : Operation 639 [1/1] (1.99ns) (out node of the LUT)   --->   "%icmp_ln1039_141 = icmp_slt  i12 %accu_V_2, i12 %select_ln1039_141"   --->   Operation 639 'icmp' 'icmp_ln1039_141' <Predicate = (!icmp_ln249 & icmp_ln290)> <Delay = 1.99> <CoreInst = "Cmp">   --->   Core 9 'Cmp' <Latency = 0> <II = 1> <Delay = 1.99> <FuncUnit> <Opcode : 'icmp'> <InPorts = 2> <OutPorts = 1>
ST_8 : Operation 640 [1/1] (0.00ns) (grouped into LUT with out node add_ln840_191)   --->   "%xor_ln1039_141 = xor i1 %icmp_ln1039_141, i1 1"   --->   Operation 640 'xor' 'xor_ln1039_141' <Predicate = (!icmp_ln249 & icmp_ln290)> <Delay = 0.00> <CoreInst = "LogicGate">   --->   Core 74 'LogicGate' <Latency = 0> <II = 1> <Delay = 0.97> <FuncUnit> <Opcode : 'and' 'or' 'xor'> <InPorts = 2> <OutPorts = 1>
ST_8 : Operation 641 [1/1] (0.00ns) (grouped into LUT with out node icmp_ln1039_142)   --->   "%select_ln1039_142 = select i1 %trunc_ln218, i12 50, i12 79"   --->   Operation 641 'select' 'select_ln1039_142' <Predicate = (!icmp_ln249 & icmp_ln290)> <Delay = 0.00> <CoreInst = "Sel">   --->   Core 73 'Sel' <Latency = 0> <II = 1> <Delay = 1.24> <FuncUnit> <Opcode : 'select'> <InPorts = 3> <OutPorts = 1>
ST_8 : Operation 642 [1/1] (1.99ns) (out node of the LUT)   --->   "%icmp_ln1039_142 = icmp_slt  i12 %accu_V_2, i12 %select_ln1039_142"   --->   Operation 642 'icmp' 'icmp_ln1039_142' <Predicate = (!icmp_ln249 & icmp_ln290)> <Delay = 1.99> <CoreInst = "Cmp">   --->   Core 9 'Cmp' <Latency = 0> <II = 1> <Delay = 1.99> <FuncUnit> <Opcode : 'icmp'> <InPorts = 2> <OutPorts = 1>
ST_8 : Operation 643 [1/1] (0.00ns) (grouped into LUT with out node add_ln840_191)   --->   "%xor_ln1039_142 = xor i1 %icmp_ln1039_142, i1 1"   --->   Operation 643 'xor' 'xor_ln1039_142' <Predicate = (!icmp_ln249 & icmp_ln290)> <Delay = 0.00> <CoreInst = "LogicGate">   --->   Core 74 'LogicGate' <Latency = 0> <II = 1> <Delay = 0.97> <FuncUnit> <Opcode : 'and' 'or' 'xor'> <InPorts = 2> <OutPorts = 1>
ST_8 : Operation 644 [1/1] (0.00ns) (grouped into LUT with out node icmp_ln1039_143)   --->   "%select_ln1039_143 = select i1 %trunc_ln218, i12 51, i12 80"   --->   Operation 644 'select' 'select_ln1039_143' <Predicate = (!icmp_ln249 & icmp_ln290)> <Delay = 0.00> <CoreInst = "Sel">   --->   Core 73 'Sel' <Latency = 0> <II = 1> <Delay = 1.24> <FuncUnit> <Opcode : 'select'> <InPorts = 3> <OutPorts = 1>
ST_8 : Operation 645 [1/1] (1.99ns) (out node of the LUT)   --->   "%icmp_ln1039_143 = icmp_slt  i12 %accu_V_2, i12 %select_ln1039_143"   --->   Operation 645 'icmp' 'icmp_ln1039_143' <Predicate = (!icmp_ln249 & icmp_ln290)> <Delay = 1.99> <CoreInst = "Cmp">   --->   Core 9 'Cmp' <Latency = 0> <II = 1> <Delay = 1.99> <FuncUnit> <Opcode : 'icmp'> <InPorts = 2> <OutPorts = 1>
ST_8 : Operation 646 [1/1] (0.00ns) (grouped into LUT with out node add_ln840_192)   --->   "%xor_ln1039_143 = xor i1 %icmp_ln1039_143, i1 1"   --->   Operation 646 'xor' 'xor_ln1039_143' <Predicate = (!icmp_ln249 & icmp_ln290)> <Delay = 0.00> <CoreInst = "LogicGate">   --->   Core 74 'LogicGate' <Latency = 0> <II = 1> <Delay = 0.97> <FuncUnit> <Opcode : 'and' 'or' 'xor'> <InPorts = 2> <OutPorts = 1>
ST_8 : Operation 647 [1/1] (0.00ns) (grouped into LUT with out node add_ln840_192)   --->   "%zext_ln1039_96 = zext i1 %xor_ln1039_143"   --->   Operation 647 'zext' 'zext_ln1039_96' <Predicate = (!icmp_ln249 & icmp_ln290)> <Delay = 0.00>
ST_8 : Operation 648 [1/1] (0.00ns) (grouped into LUT with out node icmp_ln1039_144)   --->   "%select_ln1039_144 = select i1 %trunc_ln218, i12 52, i12 81"   --->   Operation 648 'select' 'select_ln1039_144' <Predicate = (!icmp_ln249 & icmp_ln290)> <Delay = 0.00> <CoreInst = "Sel">   --->   Core 73 'Sel' <Latency = 0> <II = 1> <Delay = 1.24> <FuncUnit> <Opcode : 'select'> <InPorts = 3> <OutPorts = 1>
ST_8 : Operation 649 [1/1] (1.99ns) (out node of the LUT)   --->   "%icmp_ln1039_144 = icmp_slt  i12 %accu_V_2, i12 %select_ln1039_144"   --->   Operation 649 'icmp' 'icmp_ln1039_144' <Predicate = (!icmp_ln249 & icmp_ln290)> <Delay = 1.99> <CoreInst = "Cmp">   --->   Core 9 'Cmp' <Latency = 0> <II = 1> <Delay = 1.99> <FuncUnit> <Opcode : 'icmp'> <InPorts = 2> <OutPorts = 1>
ST_8 : Operation 650 [1/1] (0.97ns)   --->   "%xor_ln1039_144 = xor i1 %icmp_ln1039_144, i1 1"   --->   Operation 650 'xor' 'xor_ln1039_144' <Predicate = (!icmp_ln249 & icmp_ln290)> <Delay = 0.97> <CoreInst = "LogicGate">   --->   Core 74 'LogicGate' <Latency = 0> <II = 1> <Delay = 0.97> <FuncUnit> <Opcode : 'and' 'or' 'xor'> <InPorts = 2> <OutPorts = 1>
ST_8 : Operation 651 [1/1] (0.00ns)   --->   "%zext_ln1039_97 = zext i1 %xor_ln1039_144"   --->   Operation 651 'zext' 'zext_ln1039_97' <Predicate = (!icmp_ln249 & icmp_ln290)> <Delay = 0.00>
ST_8 : Operation 652 [1/1] (0.00ns) (grouped into LUT with out node icmp_ln1039_145)   --->   "%select_ln1039_145 = select i1 %trunc_ln218, i12 53, i12 82"   --->   Operation 652 'select' 'select_ln1039_145' <Predicate = (!icmp_ln249 & icmp_ln290)> <Delay = 0.00> <CoreInst = "Sel">   --->   Core 73 'Sel' <Latency = 0> <II = 1> <Delay = 1.24> <FuncUnit> <Opcode : 'select'> <InPorts = 3> <OutPorts = 1>
ST_8 : Operation 653 [1/1] (1.99ns) (out node of the LUT)   --->   "%icmp_ln1039_145 = icmp_slt  i12 %accu_V_2, i12 %select_ln1039_145"   --->   Operation 653 'icmp' 'icmp_ln1039_145' <Predicate = (!icmp_ln249 & icmp_ln290)> <Delay = 1.99> <CoreInst = "Cmp">   --->   Core 9 'Cmp' <Latency = 0> <II = 1> <Delay = 1.99> <FuncUnit> <Opcode : 'icmp'> <InPorts = 2> <OutPorts = 1>
ST_8 : Operation 654 [1/1] (0.97ns)   --->   "%xor_ln1039_145 = xor i1 %icmp_ln1039_145, i1 1"   --->   Operation 654 'xor' 'xor_ln1039_145' <Predicate = (!icmp_ln249 & icmp_ln290)> <Delay = 0.97> <CoreInst = "LogicGate">   --->   Core 74 'LogicGate' <Latency = 0> <II = 1> <Delay = 0.97> <FuncUnit> <Opcode : 'and' 'or' 'xor'> <InPorts = 2> <OutPorts = 1>
ST_8 : Operation 655 [1/1] (0.00ns)   --->   "%zext_ln1039_98 = zext i1 %xor_ln1039_145"   --->   Operation 655 'zext' 'zext_ln1039_98' <Predicate = (!icmp_ln249 & icmp_ln290)> <Delay = 0.00>
ST_8 : Operation 656 [1/1] (0.00ns) (grouped into LUT with out node icmp_ln1039_146)   --->   "%select_ln1039_146 = select i1 %trunc_ln218, i12 54, i12 83"   --->   Operation 656 'select' 'select_ln1039_146' <Predicate = (!icmp_ln249 & icmp_ln290)> <Delay = 0.00> <CoreInst = "Sel">   --->   Core 73 'Sel' <Latency = 0> <II = 1> <Delay = 1.24> <FuncUnit> <Opcode : 'select'> <InPorts = 3> <OutPorts = 1>
ST_8 : Operation 657 [1/1] (1.99ns) (out node of the LUT)   --->   "%icmp_ln1039_146 = icmp_slt  i12 %accu_V_2, i12 %select_ln1039_146"   --->   Operation 657 'icmp' 'icmp_ln1039_146' <Predicate = (!icmp_ln249 & icmp_ln290)> <Delay = 1.99> <CoreInst = "Cmp">   --->   Core 9 'Cmp' <Latency = 0> <II = 1> <Delay = 1.99> <FuncUnit> <Opcode : 'icmp'> <InPorts = 2> <OutPorts = 1>
ST_8 : Operation 658 [1/1] (0.00ns) (grouped into LUT with out node add_ln840_197)   --->   "%xor_ln1039_146 = xor i1 %icmp_ln1039_146, i1 1"   --->   Operation 658 'xor' 'xor_ln1039_146' <Predicate = (!icmp_ln249 & icmp_ln290)> <Delay = 0.00> <CoreInst = "LogicGate">   --->   Core 74 'LogicGate' <Latency = 0> <II = 1> <Delay = 0.97> <FuncUnit> <Opcode : 'and' 'or' 'xor'> <InPorts = 2> <OutPorts = 1>
ST_8 : Operation 659 [1/1] (0.00ns) (grouped into LUT with out node add_ln840_197)   --->   "%zext_ln1039_99 = zext i1 %xor_ln1039_146"   --->   Operation 659 'zext' 'zext_ln1039_99' <Predicate = (!icmp_ln249 & icmp_ln290)> <Delay = 0.00>
ST_8 : Operation 660 [1/1] (0.00ns) (grouped into LUT with out node icmp_ln1039_147)   --->   "%select_ln1039_147 = select i1 %trunc_ln218, i12 55, i12 84"   --->   Operation 660 'select' 'select_ln1039_147' <Predicate = (!icmp_ln249 & icmp_ln290)> <Delay = 0.00> <CoreInst = "Sel">   --->   Core 73 'Sel' <Latency = 0> <II = 1> <Delay = 1.24> <FuncUnit> <Opcode : 'select'> <InPorts = 3> <OutPorts = 1>
ST_8 : Operation 661 [1/1] (1.99ns) (out node of the LUT)   --->   "%icmp_ln1039_147 = icmp_slt  i12 %accu_V_2, i12 %select_ln1039_147"   --->   Operation 661 'icmp' 'icmp_ln1039_147' <Predicate = (!icmp_ln249 & icmp_ln290)> <Delay = 1.99> <CoreInst = "Cmp">   --->   Core 9 'Cmp' <Latency = 0> <II = 1> <Delay = 1.99> <FuncUnit> <Opcode : 'icmp'> <InPorts = 2> <OutPorts = 1>
ST_8 : Operation 662 [1/1] (0.00ns) (grouped into LUT with out node add_ln840_198)   --->   "%xor_ln1039_147 = xor i1 %icmp_ln1039_147, i1 1"   --->   Operation 662 'xor' 'xor_ln1039_147' <Predicate = (!icmp_ln249 & icmp_ln290)> <Delay = 0.00> <CoreInst = "LogicGate">   --->   Core 74 'LogicGate' <Latency = 0> <II = 1> <Delay = 0.97> <FuncUnit> <Opcode : 'and' 'or' 'xor'> <InPorts = 2> <OutPorts = 1>
ST_8 : Operation 663 [1/1] (0.00ns) (grouped into LUT with out node icmp_ln1039_148)   --->   "%select_ln1039_148 = select i1 %trunc_ln218, i12 56, i12 85"   --->   Operation 663 'select' 'select_ln1039_148' <Predicate = (!icmp_ln249 & icmp_ln290)> <Delay = 0.00> <CoreInst = "Sel">   --->   Core 73 'Sel' <Latency = 0> <II = 1> <Delay = 1.24> <FuncUnit> <Opcode : 'select'> <InPorts = 3> <OutPorts = 1>
ST_8 : Operation 664 [1/1] (1.99ns) (out node of the LUT)   --->   "%icmp_ln1039_148 = icmp_slt  i12 %accu_V_2, i12 %select_ln1039_148"   --->   Operation 664 'icmp' 'icmp_ln1039_148' <Predicate = (!icmp_ln249 & icmp_ln290)> <Delay = 1.99> <CoreInst = "Cmp">   --->   Core 9 'Cmp' <Latency = 0> <II = 1> <Delay = 1.99> <FuncUnit> <Opcode : 'icmp'> <InPorts = 2> <OutPorts = 1>
ST_8 : Operation 665 [1/1] (0.00ns) (grouped into LUT with out node add_ln840_200)   --->   "%xor_ln1039_148 = xor i1 %icmp_ln1039_148, i1 1"   --->   Operation 665 'xor' 'xor_ln1039_148' <Predicate = (!icmp_ln249 & icmp_ln290)> <Delay = 0.00> <CoreInst = "LogicGate">   --->   Core 74 'LogicGate' <Latency = 0> <II = 1> <Delay = 0.97> <FuncUnit> <Opcode : 'and' 'or' 'xor'> <InPorts = 2> <OutPorts = 1>
ST_8 : Operation 666 [1/1] (0.00ns) (grouped into LUT with out node icmp_ln1039_149)   --->   "%select_ln1039_149 = select i1 %trunc_ln218, i12 57, i12 86"   --->   Operation 666 'select' 'select_ln1039_149' <Predicate = (!icmp_ln249 & icmp_ln290)> <Delay = 0.00> <CoreInst = "Sel">   --->   Core 73 'Sel' <Latency = 0> <II = 1> <Delay = 1.24> <FuncUnit> <Opcode : 'select'> <InPorts = 3> <OutPorts = 1>
ST_8 : Operation 667 [1/1] (1.99ns) (out node of the LUT)   --->   "%icmp_ln1039_149 = icmp_slt  i12 %accu_V_2, i12 %select_ln1039_149"   --->   Operation 667 'icmp' 'icmp_ln1039_149' <Predicate = (!icmp_ln249 & icmp_ln290)> <Delay = 1.99> <CoreInst = "Cmp">   --->   Core 9 'Cmp' <Latency = 0> <II = 1> <Delay = 1.99> <FuncUnit> <Opcode : 'icmp'> <InPorts = 2> <OutPorts = 1>
ST_8 : Operation 668 [1/1] (0.00ns) (grouped into LUT with out node add_ln840_199)   --->   "%xor_ln1039_149 = xor i1 %icmp_ln1039_149, i1 1"   --->   Operation 668 'xor' 'xor_ln1039_149' <Predicate = (!icmp_ln249 & icmp_ln290)> <Delay = 0.00> <CoreInst = "LogicGate">   --->   Core 74 'LogicGate' <Latency = 0> <II = 1> <Delay = 0.97> <FuncUnit> <Opcode : 'and' 'or' 'xor'> <InPorts = 2> <OutPorts = 1>
ST_8 : Operation 669 [1/1] (0.00ns) (grouped into LUT with out node add_ln840_199)   --->   "%zext_ln1039_100 = zext i1 %xor_ln1039_149"   --->   Operation 669 'zext' 'zext_ln1039_100' <Predicate = (!icmp_ln249 & icmp_ln290)> <Delay = 0.00>
ST_8 : Operation 670 [1/1] (0.00ns) (grouped into LUT with out node icmp_ln1039_150)   --->   "%select_ln1039_150 = select i1 %trunc_ln218, i12 58, i12 87"   --->   Operation 670 'select' 'select_ln1039_150' <Predicate = (!icmp_ln249 & icmp_ln290)> <Delay = 0.00> <CoreInst = "Sel">   --->   Core 73 'Sel' <Latency = 0> <II = 1> <Delay = 1.24> <FuncUnit> <Opcode : 'select'> <InPorts = 3> <OutPorts = 1>
ST_8 : Operation 671 [1/1] (1.99ns) (out node of the LUT)   --->   "%icmp_ln1039_150 = icmp_slt  i12 %accu_V_2, i12 %select_ln1039_150"   --->   Operation 671 'icmp' 'icmp_ln1039_150' <Predicate = (!icmp_ln249 & icmp_ln290)> <Delay = 1.99> <CoreInst = "Cmp">   --->   Core 9 'Cmp' <Latency = 0> <II = 1> <Delay = 1.99> <FuncUnit> <Opcode : 'icmp'> <InPorts = 2> <OutPorts = 1>
ST_8 : Operation 672 [1/1] (0.97ns)   --->   "%xor_ln1039_150 = xor i1 %icmp_ln1039_150, i1 1"   --->   Operation 672 'xor' 'xor_ln1039_150' <Predicate = (!icmp_ln249 & icmp_ln290)> <Delay = 0.97> <CoreInst = "LogicGate">   --->   Core 74 'LogicGate' <Latency = 0> <II = 1> <Delay = 0.97> <FuncUnit> <Opcode : 'and' 'or' 'xor'> <InPorts = 2> <OutPorts = 1>
ST_8 : Operation 673 [1/1] (0.00ns)   --->   "%zext_ln1039_101 = zext i1 %xor_ln1039_150"   --->   Operation 673 'zext' 'zext_ln1039_101' <Predicate = (!icmp_ln249 & icmp_ln290)> <Delay = 0.00>
ST_8 : Operation 674 [1/1] (0.00ns) (grouped into LUT with out node icmp_ln1039_151)   --->   "%select_ln1039_151 = select i1 %trunc_ln218, i12 59, i12 88"   --->   Operation 674 'select' 'select_ln1039_151' <Predicate = (!icmp_ln249 & icmp_ln290)> <Delay = 0.00> <CoreInst = "Sel">   --->   Core 73 'Sel' <Latency = 0> <II = 1> <Delay = 1.24> <FuncUnit> <Opcode : 'select'> <InPorts = 3> <OutPorts = 1>
ST_8 : Operation 675 [1/1] (1.99ns) (out node of the LUT)   --->   "%icmp_ln1039_151 = icmp_slt  i12 %accu_V_2, i12 %select_ln1039_151"   --->   Operation 675 'icmp' 'icmp_ln1039_151' <Predicate = (!icmp_ln249 & icmp_ln290)> <Delay = 1.99> <CoreInst = "Cmp">   --->   Core 9 'Cmp' <Latency = 0> <II = 1> <Delay = 1.99> <FuncUnit> <Opcode : 'icmp'> <InPorts = 2> <OutPorts = 1>
ST_8 : Operation 676 [1/1] (0.00ns) (grouped into LUT with out node add_ln840_202)   --->   "%xor_ln1039_151 = xor i1 %icmp_ln1039_151, i1 1"   --->   Operation 676 'xor' 'xor_ln1039_151' <Predicate = (!icmp_ln249 & icmp_ln290)> <Delay = 0.00> <CoreInst = "LogicGate">   --->   Core 74 'LogicGate' <Latency = 0> <II = 1> <Delay = 0.97> <FuncUnit> <Opcode : 'and' 'or' 'xor'> <InPorts = 2> <OutPorts = 1>
ST_8 : Operation 677 [1/1] (0.00ns) (grouped into LUT with out node add_ln840_202)   --->   "%zext_ln1039_102 = zext i1 %xor_ln1039_151"   --->   Operation 677 'zext' 'zext_ln1039_102' <Predicate = (!icmp_ln249 & icmp_ln290)> <Delay = 0.00>
ST_8 : Operation 678 [1/1] (0.00ns) (grouped into LUT with out node icmp_ln1039_152)   --->   "%select_ln1039_152 = select i1 %trunc_ln218, i12 60, i12 89"   --->   Operation 678 'select' 'select_ln1039_152' <Predicate = (!icmp_ln249 & icmp_ln290)> <Delay = 0.00> <CoreInst = "Sel">   --->   Core 73 'Sel' <Latency = 0> <II = 1> <Delay = 1.24> <FuncUnit> <Opcode : 'select'> <InPorts = 3> <OutPorts = 1>
ST_8 : Operation 679 [1/1] (1.99ns) (out node of the LUT)   --->   "%icmp_ln1039_152 = icmp_slt  i12 %accu_V_2, i12 %select_ln1039_152"   --->   Operation 679 'icmp' 'icmp_ln1039_152' <Predicate = (!icmp_ln249 & icmp_ln290)> <Delay = 1.99> <CoreInst = "Cmp">   --->   Core 9 'Cmp' <Latency = 0> <II = 1> <Delay = 1.99> <FuncUnit> <Opcode : 'icmp'> <InPorts = 2> <OutPorts = 1>
ST_8 : Operation 680 [1/1] (0.00ns) (grouped into LUT with out node add_ln840_203)   --->   "%xor_ln1039_152 = xor i1 %icmp_ln1039_152, i1 1"   --->   Operation 680 'xor' 'xor_ln1039_152' <Predicate = (!icmp_ln249 & icmp_ln290)> <Delay = 0.00> <CoreInst = "LogicGate">   --->   Core 74 'LogicGate' <Latency = 0> <II = 1> <Delay = 0.97> <FuncUnit> <Opcode : 'and' 'or' 'xor'> <InPorts = 2> <OutPorts = 1>
ST_8 : Operation 681 [1/1] (0.00ns) (grouped into LUT with out node icmp_ln1039_153)   --->   "%select_ln1039_153 = select i1 %trunc_ln218, i12 61, i12 90"   --->   Operation 681 'select' 'select_ln1039_153' <Predicate = (!icmp_ln249 & icmp_ln290)> <Delay = 0.00> <CoreInst = "Sel">   --->   Core 73 'Sel' <Latency = 0> <II = 1> <Delay = 1.24> <FuncUnit> <Opcode : 'select'> <InPorts = 3> <OutPorts = 1>
ST_8 : Operation 682 [1/1] (1.99ns) (out node of the LUT)   --->   "%icmp_ln1039_153 = icmp_slt  i12 %accu_V_2, i12 %select_ln1039_153"   --->   Operation 682 'icmp' 'icmp_ln1039_153' <Predicate = (!icmp_ln249 & icmp_ln290)> <Delay = 1.99> <CoreInst = "Cmp">   --->   Core 9 'Cmp' <Latency = 0> <II = 1> <Delay = 1.99> <FuncUnit> <Opcode : 'icmp'> <InPorts = 2> <OutPorts = 1>
ST_8 : Operation 683 [1/1] (0.00ns) (grouped into LUT with out node add_ln840_205)   --->   "%xor_ln1039_153 = xor i1 %icmp_ln1039_153, i1 1"   --->   Operation 683 'xor' 'xor_ln1039_153' <Predicate = (!icmp_ln249 & icmp_ln290)> <Delay = 0.00> <CoreInst = "LogicGate">   --->   Core 74 'LogicGate' <Latency = 0> <II = 1> <Delay = 0.97> <FuncUnit> <Opcode : 'and' 'or' 'xor'> <InPorts = 2> <OutPorts = 1>
ST_8 : Operation 684 [1/1] (0.00ns) (grouped into LUT with out node icmp_ln1039_154)   --->   "%select_ln1039_154 = select i1 %trunc_ln218, i12 62, i12 91"   --->   Operation 684 'select' 'select_ln1039_154' <Predicate = (!icmp_ln249 & icmp_ln290)> <Delay = 0.00> <CoreInst = "Sel">   --->   Core 73 'Sel' <Latency = 0> <II = 1> <Delay = 1.24> <FuncUnit> <Opcode : 'select'> <InPorts = 3> <OutPorts = 1>
ST_8 : Operation 685 [1/1] (1.99ns) (out node of the LUT)   --->   "%icmp_ln1039_154 = icmp_slt  i12 %accu_V_2, i12 %select_ln1039_154"   --->   Operation 685 'icmp' 'icmp_ln1039_154' <Predicate = (!icmp_ln249 & icmp_ln290)> <Delay = 1.99> <CoreInst = "Cmp">   --->   Core 9 'Cmp' <Latency = 0> <II = 1> <Delay = 1.99> <FuncUnit> <Opcode : 'icmp'> <InPorts = 2> <OutPorts = 1>
ST_8 : Operation 686 [1/1] (0.00ns) (grouped into LUT with out node add_ln840_204)   --->   "%xor_ln1039_154 = xor i1 %icmp_ln1039_154, i1 1"   --->   Operation 686 'xor' 'xor_ln1039_154' <Predicate = (!icmp_ln249 & icmp_ln290)> <Delay = 0.00> <CoreInst = "LogicGate">   --->   Core 74 'LogicGate' <Latency = 0> <II = 1> <Delay = 0.97> <FuncUnit> <Opcode : 'and' 'or' 'xor'> <InPorts = 2> <OutPorts = 1>
ST_8 : Operation 687 [1/1] (0.00ns) (grouped into LUT with out node add_ln840_204)   --->   "%zext_ln1039_103 = zext i1 %xor_ln1039_154"   --->   Operation 687 'zext' 'zext_ln1039_103' <Predicate = (!icmp_ln249 & icmp_ln290)> <Delay = 0.00>
ST_8 : Operation 688 [1/1] (0.00ns) (grouped into LUT with out node icmp_ln1039_155)   --->   "%select_ln1039_155 = select i1 %trunc_ln218, i12 63, i12 92"   --->   Operation 688 'select' 'select_ln1039_155' <Predicate = (!icmp_ln249 & icmp_ln290)> <Delay = 0.00> <CoreInst = "Sel">   --->   Core 73 'Sel' <Latency = 0> <II = 1> <Delay = 1.24> <FuncUnit> <Opcode : 'select'> <InPorts = 3> <OutPorts = 1>
ST_8 : Operation 689 [1/1] (1.99ns) (out node of the LUT)   --->   "%icmp_ln1039_155 = icmp_slt  i12 %accu_V_2, i12 %select_ln1039_155"   --->   Operation 689 'icmp' 'icmp_ln1039_155' <Predicate = (!icmp_ln249 & icmp_ln290)> <Delay = 1.99> <CoreInst = "Cmp">   --->   Core 9 'Cmp' <Latency = 0> <II = 1> <Delay = 1.99> <FuncUnit> <Opcode : 'icmp'> <InPorts = 2> <OutPorts = 1>
ST_8 : Operation 690 [1/1] (0.00ns) (grouped into LUT with out node add_ln840_204)   --->   "%xor_ln1039_155 = xor i1 %icmp_ln1039_155, i1 1"   --->   Operation 690 'xor' 'xor_ln1039_155' <Predicate = (!icmp_ln249 & icmp_ln290)> <Delay = 0.00> <CoreInst = "LogicGate">   --->   Core 74 'LogicGate' <Latency = 0> <II = 1> <Delay = 0.97> <FuncUnit> <Opcode : 'and' 'or' 'xor'> <InPorts = 2> <OutPorts = 1>
ST_8 : Operation 691 [1/1] (0.00ns) (grouped into LUT with out node add_ln840_204)   --->   "%zext_ln840_1 = zext i1 %xor_ln1039_155"   --->   Operation 691 'zext' 'zext_ln840_1' <Predicate = (!icmp_ln249 & icmp_ln290)> <Delay = 0.00>
ST_8 : Operation 692 [1/1] (1.56ns) (out node of the LUT)   --->   "%add_ln840_12 = add i2 %zext_ln1039_1, i2 %zext_ln1039_2"   --->   Operation 692 'add' 'add_ln840_12' <Predicate = (!icmp_ln249 & icmp_ln290)> <Delay = 1.56> <CoreInst = "Adder">   --->   Core 1 'Adder' <Latency = 0> <II = 1> <Delay = 1.56> <FuncUnit> <Opcode : 'add' 'sub'> <InPorts = 2> <OutPorts = 1>
ST_8 : Operation 693 [1/1] (0.00ns)   --->   "%zext_ln840_6 = zext i2 %add_ln840_12"   --->   Operation 693 'zext' 'zext_ln840_6' <Predicate = (!icmp_ln249 & icmp_ln290)> <Delay = 0.00>
ST_8 : Operation 694 [1/1] (1.56ns) (out node of the LUT)   --->   "%add_ln840_13 = add i2 %zext_ln1039_2, i2 %zext_ln1039_3"   --->   Operation 694 'add' 'add_ln840_13' <Predicate = (!icmp_ln249 & icmp_ln290)> <Delay = 1.56> <CoreInst = "Adder">   --->   Core 1 'Adder' <Latency = 0> <II = 1> <Delay = 1.56> <FuncUnit> <Opcode : 'add' 'sub'> <InPorts = 2> <OutPorts = 1>
ST_8 : Operation 695 [1/1] (0.00ns)   --->   "%zext_ln840_7 = zext i2 %add_ln840_13"   --->   Operation 695 'zext' 'zext_ln840_7' <Predicate = (!icmp_ln249 & icmp_ln290)> <Delay = 0.00>
ST_8 : Operation 696 [1/1] (1.56ns)   --->   "%add_ln840_14 = add i3 %zext_ln840_7, i3 %zext_ln840_6"   --->   Operation 696 'add' 'add_ln840_14' <Predicate = (!icmp_ln249 & icmp_ln290)> <Delay = 1.56> <CoreInst = "Adder">   --->   Core 1 'Adder' <Latency = 0> <II = 1> <Delay = 1.56> <FuncUnit> <Opcode : 'add' 'sub'> <InPorts = 2> <OutPorts = 1>
ST_8 : Operation 697 [1/1] (1.56ns) (out node of the LUT)   --->   "%add_ln840_32 = add i2 %zext_ln1039_12, i2 %zext_ln1039_13"   --->   Operation 697 'add' 'add_ln840_32' <Predicate = (!icmp_ln249 & icmp_ln290)> <Delay = 1.56> <CoreInst = "Adder">   --->   Core 1 'Adder' <Latency = 0> <II = 1> <Delay = 1.56> <FuncUnit> <Opcode : 'add' 'sub'> <InPorts = 2> <OutPorts = 1>
ST_8 : Operation 698 [1/1] (1.56ns)   --->   "%add_ln840_34 = add i2 %zext_ln1039_13, i2 %zext_ln1039_14"   --->   Operation 698 'add' 'add_ln840_34' <Predicate = (!icmp_ln249 & icmp_ln290)> <Delay = 1.56> <CoreInst = "Adder">   --->   Core 1 'Adder' <Latency = 0> <II = 1> <Delay = 1.56> <FuncUnit> <Opcode : 'add' 'sub'> <InPorts = 2> <OutPorts = 1>
ST_8 : Operation 699 [1/1] (0.00ns)   --->   "%zext_ln840_31 = zext i2 %add_ln840_34"   --->   Operation 699 'zext' 'zext_ln840_31' <Predicate = (!icmp_ln249 & icmp_ln290)> <Delay = 0.00>
ST_8 : Operation 700 [1/1] (1.56ns) (out node of the LUT)   --->   "%add_ln840_35 = add i2 %zext_ln1039_14, i2 %zext_ln1039_15"   --->   Operation 700 'add' 'add_ln840_35' <Predicate = (!icmp_ln249 & icmp_ln290)> <Delay = 1.56> <CoreInst = "Adder">   --->   Core 1 'Adder' <Latency = 0> <II = 1> <Delay = 1.56> <FuncUnit> <Opcode : 'add' 'sub'> <InPorts = 2> <OutPorts = 1>
ST_8 : Operation 701 [1/1] (0.00ns)   --->   "%zext_ln840_32 = zext i2 %add_ln840_35"   --->   Operation 701 'zext' 'zext_ln840_32' <Predicate = (!icmp_ln249 & icmp_ln290)> <Delay = 0.00>
ST_8 : Operation 702 [1/1] (1.56ns)   --->   "%add_ln840_36 = add i3 %zext_ln840_32, i3 %zext_ln840_31"   --->   Operation 702 'add' 'add_ln840_36' <Predicate = (!icmp_ln249 & icmp_ln290)> <Delay = 1.56> <CoreInst = "Adder">   --->   Core 1 'Adder' <Latency = 0> <II = 1> <Delay = 1.56> <FuncUnit> <Opcode : 'add' 'sub'> <InPorts = 2> <OutPorts = 1>
ST_8 : Operation 703 [1/1] (1.56ns) (out node of the LUT)   --->   "%add_ln840_39 = add i2 %zext_ln1039_16, i2 %zext_ln1039_17"   --->   Operation 703 'add' 'add_ln840_39' <Predicate = (!icmp_ln249 & icmp_ln290)> <Delay = 1.56> <CoreInst = "Adder">   --->   Core 1 'Adder' <Latency = 0> <II = 1> <Delay = 1.56> <FuncUnit> <Opcode : 'add' 'sub'> <InPorts = 2> <OutPorts = 1>
ST_8 : Operation 704 [1/1] (0.00ns)   --->   "%zext_ln840_38 = zext i2 %add_ln840_39"   --->   Operation 704 'zext' 'zext_ln840_38' <Predicate = (!icmp_ln249 & icmp_ln290)> <Delay = 0.00>
ST_8 : Operation 705 [1/1] (1.56ns)   --->   "%add_ln840_40 = add i2 %zext_ln1039_17, i2 %zext_ln1039_18"   --->   Operation 705 'add' 'add_ln840_40' <Predicate = (!icmp_ln249 & icmp_ln290)> <Delay = 1.56> <CoreInst = "Adder">   --->   Core 1 'Adder' <Latency = 0> <II = 1> <Delay = 1.56> <FuncUnit> <Opcode : 'add' 'sub'> <InPorts = 2> <OutPorts = 1>
ST_8 : Operation 706 [1/1] (0.00ns)   --->   "%zext_ln840_39 = zext i2 %add_ln840_40"   --->   Operation 706 'zext' 'zext_ln840_39' <Predicate = (!icmp_ln249 & icmp_ln290)> <Delay = 0.00>
ST_8 : Operation 707 [1/1] (1.56ns)   --->   "%add_ln840_41 = add i3 %zext_ln840_39, i3 %zext_ln840_38"   --->   Operation 707 'add' 'add_ln840_41' <Predicate = (!icmp_ln249 & icmp_ln290)> <Delay = 1.56> <CoreInst = "Adder">   --->   Core 1 'Adder' <Latency = 0> <II = 1> <Delay = 1.56> <FuncUnit> <Opcode : 'add' 'sub'> <InPorts = 2> <OutPorts = 1>
ST_8 : Operation 708 [1/1] (1.56ns) (out node of the LUT)   --->   "%add_ln840_44 = add i2 %zext_ln1039_18, i2 %zext_ln1039_19"   --->   Operation 708 'add' 'add_ln840_44' <Predicate = (!icmp_ln249 & icmp_ln290)> <Delay = 1.56> <CoreInst = "Adder">   --->   Core 1 'Adder' <Latency = 0> <II = 1> <Delay = 1.56> <FuncUnit> <Opcode : 'add' 'sub'> <InPorts = 2> <OutPorts = 1>
ST_8 : Operation 709 [1/1] (1.56ns) (out node of the LUT)   --->   "%add_ln840_46 = add i2 %zext_ln1039_20, i2 %zext_ln1039_21"   --->   Operation 709 'add' 'add_ln840_46' <Predicate = (!icmp_ln249 & icmp_ln290)> <Delay = 1.56> <CoreInst = "Adder">   --->   Core 1 'Adder' <Latency = 0> <II = 1> <Delay = 1.56> <FuncUnit> <Opcode : 'add' 'sub'> <InPorts = 2> <OutPorts = 1>
ST_8 : Operation 710 [1/1] (0.00ns)   --->   "%zext_ln840_46 = zext i2 %add_ln840_46"   --->   Operation 710 'zext' 'zext_ln840_46' <Predicate = (!icmp_ln249 & icmp_ln290)> <Delay = 0.00>
ST_8 : Operation 711 [1/1] (1.56ns)   --->   "%add_ln840_47 = add i2 %zext_ln1039_21, i2 %zext_ln1039_22"   --->   Operation 711 'add' 'add_ln840_47' <Predicate = (!icmp_ln249 & icmp_ln290)> <Delay = 1.56> <CoreInst = "Adder">   --->   Core 1 'Adder' <Latency = 0> <II = 1> <Delay = 1.56> <FuncUnit> <Opcode : 'add' 'sub'> <InPorts = 2> <OutPorts = 1>
ST_8 : Operation 712 [1/1] (0.00ns)   --->   "%zext_ln840_47 = zext i2 %add_ln840_47"   --->   Operation 712 'zext' 'zext_ln840_47' <Predicate = (!icmp_ln249 & icmp_ln290)> <Delay = 0.00>
ST_8 : Operation 713 [1/1] (1.56ns)   --->   "%add_ln840_48 = add i3 %zext_ln840_47, i3 %zext_ln840_46"   --->   Operation 713 'add' 'add_ln840_48' <Predicate = (!icmp_ln249 & icmp_ln290)> <Delay = 1.56> <CoreInst = "Adder">   --->   Core 1 'Adder' <Latency = 0> <II = 1> <Delay = 1.56> <FuncUnit> <Opcode : 'add' 'sub'> <InPorts = 2> <OutPorts = 1>
ST_8 : Operation 714 [1/1] (1.56ns) (out node of the LUT)   --->   "%add_ln840_50 = add i2 %zext_ln1039_22, i2 %zext_ln1039_23"   --->   Operation 714 'add' 'add_ln840_50' <Predicate = (!icmp_ln249 & icmp_ln290)> <Delay = 1.56> <CoreInst = "Adder">   --->   Core 1 'Adder' <Latency = 0> <II = 1> <Delay = 1.56> <FuncUnit> <Opcode : 'add' 'sub'> <InPorts = 2> <OutPorts = 1>
ST_8 : Operation 715 [1/1] (1.56ns) (out node of the LUT)   --->   "%add_ln840_52 = add i2 %zext_ln1039_24, i2 %zext_ln1039_25"   --->   Operation 715 'add' 'add_ln840_52' <Predicate = (!icmp_ln249 & icmp_ln290)> <Delay = 1.56> <CoreInst = "Adder">   --->   Core 1 'Adder' <Latency = 0> <II = 1> <Delay = 1.56> <FuncUnit> <Opcode : 'add' 'sub'> <InPorts = 2> <OutPorts = 1>
ST_8 : Operation 716 [1/1] (1.56ns)   --->   "%add_ln840_58 = add i2 %zext_ln1039_25, i2 %zext_ln1039_26"   --->   Operation 716 'add' 'add_ln840_58' <Predicate = (!icmp_ln249 & icmp_ln290)> <Delay = 1.56> <CoreInst = "Adder">   --->   Core 1 'Adder' <Latency = 0> <II = 1> <Delay = 1.56> <FuncUnit> <Opcode : 'add' 'sub'> <InPorts = 2> <OutPorts = 1>
ST_8 : Operation 717 [1/1] (0.00ns)   --->   "%zext_ln840_59 = zext i2 %add_ln840_58"   --->   Operation 717 'zext' 'zext_ln840_59' <Predicate = (!icmp_ln249 & icmp_ln290)> <Delay = 0.00>
ST_8 : Operation 718 [1/1] (1.56ns) (out node of the LUT)   --->   "%add_ln840_59 = add i2 %zext_ln1039_26, i2 %zext_ln1039_27"   --->   Operation 718 'add' 'add_ln840_59' <Predicate = (!icmp_ln249 & icmp_ln290)> <Delay = 1.56> <CoreInst = "Adder">   --->   Core 1 'Adder' <Latency = 0> <II = 1> <Delay = 1.56> <FuncUnit> <Opcode : 'add' 'sub'> <InPorts = 2> <OutPorts = 1>
ST_8 : Operation 719 [1/1] (0.00ns)   --->   "%zext_ln840_60 = zext i2 %add_ln840_59"   --->   Operation 719 'zext' 'zext_ln840_60' <Predicate = (!icmp_ln249 & icmp_ln290)> <Delay = 0.00>
ST_8 : Operation 720 [1/1] (1.56ns)   --->   "%add_ln840_60 = add i3 %zext_ln840_60, i3 %zext_ln840_59"   --->   Operation 720 'add' 'add_ln840_60' <Predicate = (!icmp_ln249 & icmp_ln290)> <Delay = 1.56> <CoreInst = "Adder">   --->   Core 1 'Adder' <Latency = 0> <II = 1> <Delay = 1.56> <FuncUnit> <Opcode : 'add' 'sub'> <InPorts = 2> <OutPorts = 1>
ST_8 : Operation 721 [1/1] (0.00ns) (grouped into LUT with out node add_ln840_61)   --->   "%shl_ln840_11 = bitconcatenate i2 @_ssdm_op_BitConcatenate.i2.i1.i1, i1 %xor_ln1039_41, i1 0"   --->   Operation 721 'bitconcatenate' 'shl_ln840_11' <Predicate = (!icmp_ln249 & icmp_ln290)> <Delay = 0.00>
ST_8 : Operation 722 [1/1] (0.00ns) (grouped into LUT with out node add_ln840_61)   --->   "%zext_ln840_62 = zext i2 %shl_ln840_11"   --->   Operation 722 'zext' 'zext_ln840_62' <Predicate = (!icmp_ln249 & icmp_ln290)> <Delay = 0.00>
ST_8 : Operation 723 [1/1] (0.00ns) (grouped into LUT with out node add_ln840_61)   --->   "%shl_ln840_12 = bitconcatenate i2 @_ssdm_op_BitConcatenate.i2.i1.i1, i1 %xor_ln1039_42, i1 0"   --->   Operation 723 'bitconcatenate' 'shl_ln840_12' <Predicate = (!icmp_ln249 & icmp_ln290)> <Delay = 0.00>
ST_8 : Operation 724 [1/1] (0.00ns) (grouped into LUT with out node add_ln840_61)   --->   "%zext_ln840_63 = zext i2 %shl_ln840_12"   --->   Operation 724 'zext' 'zext_ln840_63' <Predicate = (!icmp_ln249 & icmp_ln290)> <Delay = 0.00>
ST_8 : Operation 725 [1/1] (1.56ns) (out node of the LUT)   --->   "%add_ln840_61 = add i3 %zext_ln840_63, i3 %zext_ln840_62"   --->   Operation 725 'add' 'add_ln840_61' <Predicate = (!icmp_ln249 & icmp_ln290)> <Delay = 1.56> <CoreInst = "Adder">   --->   Core 1 'Adder' <Latency = 0> <II = 1> <Delay = 1.56> <FuncUnit> <Opcode : 'add' 'sub'> <InPorts = 2> <OutPorts = 1>
ST_8 : Operation 726 [1/1] (1.56ns) (out node of the LUT)   --->   "%add_ln840_63 = add i2 %zext_ln1039_28, i2 %zext_ln1039_29"   --->   Operation 726 'add' 'add_ln840_63' <Predicate = (!icmp_ln249 & icmp_ln290)> <Delay = 1.56> <CoreInst = "Adder">   --->   Core 1 'Adder' <Latency = 0> <II = 1> <Delay = 1.56> <FuncUnit> <Opcode : 'add' 'sub'> <InPorts = 2> <OutPorts = 1>
ST_8 : Operation 727 [1/1] (0.00ns)   --->   "%zext_ln840_66 = zext i2 %add_ln840_63"   --->   Operation 727 'zext' 'zext_ln840_66' <Predicate = (!icmp_ln249 & icmp_ln290)> <Delay = 0.00>
ST_8 : Operation 728 [1/1] (1.56ns) (out node of the LUT)   --->   "%add_ln840_64 = add i2 %zext_ln1039_29, i2 %zext_ln1039_30"   --->   Operation 728 'add' 'add_ln840_64' <Predicate = (!icmp_ln249 & icmp_ln290)> <Delay = 1.56> <CoreInst = "Adder">   --->   Core 1 'Adder' <Latency = 0> <II = 1> <Delay = 1.56> <FuncUnit> <Opcode : 'add' 'sub'> <InPorts = 2> <OutPorts = 1>
ST_8 : Operation 729 [1/1] (0.00ns)   --->   "%zext_ln840_67 = zext i2 %add_ln840_64"   --->   Operation 729 'zext' 'zext_ln840_67' <Predicate = (!icmp_ln249 & icmp_ln290)> <Delay = 0.00>
ST_8 : Operation 730 [1/1] (1.56ns)   --->   "%add_ln840_65 = add i3 %zext_ln840_67, i3 %zext_ln840_66"   --->   Operation 730 'add' 'add_ln840_65' <Predicate = (!icmp_ln249 & icmp_ln290)> <Delay = 1.56> <CoreInst = "Adder">   --->   Core 1 'Adder' <Latency = 0> <II = 1> <Delay = 1.56> <FuncUnit> <Opcode : 'add' 'sub'> <InPorts = 2> <OutPorts = 1>
ST_8 : Operation 731 [1/1] (0.00ns) (grouped into LUT with out node add_ln840_66)   --->   "%shl_ln840_13 = bitconcatenate i2 @_ssdm_op_BitConcatenate.i2.i1.i1, i1 %xor_ln1039_46, i1 0"   --->   Operation 731 'bitconcatenate' 'shl_ln840_13' <Predicate = (!icmp_ln249 & icmp_ln290)> <Delay = 0.00>
ST_8 : Operation 732 [1/1] (0.00ns) (grouped into LUT with out node add_ln840_66)   --->   "%zext_ln840_69 = zext i2 %shl_ln840_13"   --->   Operation 732 'zext' 'zext_ln840_69' <Predicate = (!icmp_ln249 & icmp_ln290)> <Delay = 0.00>
ST_8 : Operation 733 [1/1] (0.00ns) (grouped into LUT with out node add_ln840_66)   --->   "%shl_ln840_14 = bitconcatenate i2 @_ssdm_op_BitConcatenate.i2.i1.i1, i1 %xor_ln1039_47, i1 0"   --->   Operation 733 'bitconcatenate' 'shl_ln840_14' <Predicate = (!icmp_ln249 & icmp_ln290)> <Delay = 0.00>
ST_8 : Operation 734 [1/1] (0.00ns) (grouped into LUT with out node add_ln840_66)   --->   "%zext_ln840_70 = zext i2 %shl_ln840_14"   --->   Operation 734 'zext' 'zext_ln840_70' <Predicate = (!icmp_ln249 & icmp_ln290)> <Delay = 0.00>
ST_8 : Operation 735 [1/1] (1.56ns) (out node of the LUT)   --->   "%add_ln840_66 = add i3 %zext_ln840_70, i3 %zext_ln840_69"   --->   Operation 735 'add' 'add_ln840_66' <Predicate = (!icmp_ln249 & icmp_ln290)> <Delay = 1.56> <CoreInst = "Adder">   --->   Core 1 'Adder' <Latency = 0> <II = 1> <Delay = 1.56> <FuncUnit> <Opcode : 'add' 'sub'> <InPorts = 2> <OutPorts = 1>
ST_8 : Operation 736 [1/1] (1.56ns) (out node of the LUT)   --->   "%add_ln840_69 = add i2 %zext_ln1039_31, i2 %zext_ln1039_32"   --->   Operation 736 'add' 'add_ln840_69' <Predicate = (!icmp_ln249 & icmp_ln290)> <Delay = 1.56> <CoreInst = "Adder">   --->   Core 1 'Adder' <Latency = 0> <II = 1> <Delay = 1.56> <FuncUnit> <Opcode : 'add' 'sub'> <InPorts = 2> <OutPorts = 1>
ST_8 : Operation 737 [1/1] (0.00ns)   --->   "%zext_ln840_74 = zext i2 %add_ln840_69"   --->   Operation 737 'zext' 'zext_ln840_74' <Predicate = (!icmp_ln249 & icmp_ln290)> <Delay = 0.00>
ST_8 : Operation 738 [1/1] (1.56ns)   --->   "%add_ln840_70 = add i2 %zext_ln1039_32, i2 %zext_ln1039_33"   --->   Operation 738 'add' 'add_ln840_70' <Predicate = (!icmp_ln249 & icmp_ln290)> <Delay = 1.56> <CoreInst = "Adder">   --->   Core 1 'Adder' <Latency = 0> <II = 1> <Delay = 1.56> <FuncUnit> <Opcode : 'add' 'sub'> <InPorts = 2> <OutPorts = 1>
ST_8 : Operation 739 [1/1] (0.00ns)   --->   "%zext_ln840_75 = zext i2 %add_ln840_70"   --->   Operation 739 'zext' 'zext_ln840_75' <Predicate = (!icmp_ln249 & icmp_ln290)> <Delay = 0.00>
ST_8 : Operation 740 [1/1] (1.56ns)   --->   "%add_ln840_71 = add i3 %zext_ln840_75, i3 %zext_ln840_74"   --->   Operation 740 'add' 'add_ln840_71' <Predicate = (!icmp_ln249 & icmp_ln290)> <Delay = 1.56> <CoreInst = "Adder">   --->   Core 1 'Adder' <Latency = 0> <II = 1> <Delay = 1.56> <FuncUnit> <Opcode : 'add' 'sub'> <InPorts = 2> <OutPorts = 1>
ST_8 : Operation 741 [1/1] (1.56ns) (out node of the LUT)   --->   "%add_ln840_72 = add i2 %zext_ln1039_33, i2 %zext_ln1039_34"   --->   Operation 741 'add' 'add_ln840_72' <Predicate = (!icmp_ln249 & icmp_ln290)> <Delay = 1.56> <CoreInst = "Adder">   --->   Core 1 'Adder' <Latency = 0> <II = 1> <Delay = 1.56> <FuncUnit> <Opcode : 'add' 'sub'> <InPorts = 2> <OutPorts = 1>
ST_8 : Operation 742 [1/1] (0.00ns) (grouped into LUT with out node add_ln840_73)   --->   "%zext_ln840_77 = zext i2 %add_ln840_72"   --->   Operation 742 'zext' 'zext_ln840_77' <Predicate = (!icmp_ln249 & icmp_ln290)> <Delay = 0.00>
ST_8 : Operation 743 [1/1] (0.00ns) (grouped into LUT with out node add_ln840_73)   --->   "%shl_ln840_15 = bitconcatenate i2 @_ssdm_op_BitConcatenate.i2.i1.i1, i1 %xor_ln1039_52, i1 0"   --->   Operation 743 'bitconcatenate' 'shl_ln840_15' <Predicate = (!icmp_ln249 & icmp_ln290)> <Delay = 0.00>
ST_8 : Operation 744 [1/1] (0.00ns) (grouped into LUT with out node add_ln840_73)   --->   "%zext_ln840_78 = zext i2 %shl_ln840_15"   --->   Operation 744 'zext' 'zext_ln840_78' <Predicate = (!icmp_ln249 & icmp_ln290)> <Delay = 0.00>
ST_8 : Operation 745 [1/1] (1.56ns) (out node of the LUT)   --->   "%add_ln840_73 = add i3 %zext_ln840_78, i3 %zext_ln840_77"   --->   Operation 745 'add' 'add_ln840_73' <Predicate = (!icmp_ln249 & icmp_ln290)> <Delay = 1.56> <CoreInst = "Adder">   --->   Core 1 'Adder' <Latency = 0> <II = 1> <Delay = 1.56> <FuncUnit> <Opcode : 'add' 'sub'> <InPorts = 2> <OutPorts = 1>
ST_8 : Operation 746 [1/1] (0.00ns) (grouped into LUT with out node add_ln840_76)   --->   "%shl_ln840_16 = bitconcatenate i2 @_ssdm_op_BitConcatenate.i2.i1.i1, i1 %xor_ln1039_53, i1 0"   --->   Operation 746 'bitconcatenate' 'shl_ln840_16' <Predicate = (!icmp_ln249 & icmp_ln290)> <Delay = 0.00>
ST_8 : Operation 747 [1/1] (0.00ns) (grouped into LUT with out node add_ln840_76)   --->   "%zext_ln840_81 = zext i2 %shl_ln840_16"   --->   Operation 747 'zext' 'zext_ln840_81' <Predicate = (!icmp_ln249 & icmp_ln290)> <Delay = 0.00>
ST_8 : Operation 748 [1/1] (1.56ns) (out node of the LUT)   --->   "%add_ln840_75 = add i2 %zext_ln1039_35, i2 %zext_ln1039_36"   --->   Operation 748 'add' 'add_ln840_75' <Predicate = (!icmp_ln249 & icmp_ln290)> <Delay = 1.56> <CoreInst = "Adder">   --->   Core 1 'Adder' <Latency = 0> <II = 1> <Delay = 1.56> <FuncUnit> <Opcode : 'add' 'sub'> <InPorts = 2> <OutPorts = 1>
ST_8 : Operation 749 [1/1] (0.00ns) (grouped into LUT with out node add_ln840_76)   --->   "%zext_ln840_82 = zext i2 %add_ln840_75"   --->   Operation 749 'zext' 'zext_ln840_82' <Predicate = (!icmp_ln249 & icmp_ln290)> <Delay = 0.00>
ST_8 : Operation 750 [1/1] (1.56ns) (out node of the LUT)   --->   "%add_ln840_76 = add i3 %zext_ln840_82, i3 %zext_ln840_81"   --->   Operation 750 'add' 'add_ln840_76' <Predicate = (!icmp_ln249 & icmp_ln290)> <Delay = 1.56> <CoreInst = "Adder">   --->   Core 1 'Adder' <Latency = 0> <II = 1> <Delay = 1.56> <FuncUnit> <Opcode : 'add' 'sub'> <InPorts = 2> <OutPorts = 1>
ST_8 : Operation 751 [1/1] (1.56ns)   --->   "%add_ln840_77 = add i2 %zext_ln1039_36, i2 %zext_ln1039_37"   --->   Operation 751 'add' 'add_ln840_77' <Predicate = (!icmp_ln249 & icmp_ln290)> <Delay = 1.56> <CoreInst = "Adder">   --->   Core 1 'Adder' <Latency = 0> <II = 1> <Delay = 1.56> <FuncUnit> <Opcode : 'add' 'sub'> <InPorts = 2> <OutPorts = 1>
ST_8 : Operation 752 [1/1] (0.00ns)   --->   "%zext_ln840_84 = zext i2 %add_ln840_77"   --->   Operation 752 'zext' 'zext_ln840_84' <Predicate = (!icmp_ln249 & icmp_ln290)> <Delay = 0.00>
ST_8 : Operation 753 [1/1] (1.56ns) (out node of the LUT)   --->   "%add_ln840_78 = add i2 %zext_ln1039_37, i2 %zext_ln1039_38"   --->   Operation 753 'add' 'add_ln840_78' <Predicate = (!icmp_ln249 & icmp_ln290)> <Delay = 1.56> <CoreInst = "Adder">   --->   Core 1 'Adder' <Latency = 0> <II = 1> <Delay = 1.56> <FuncUnit> <Opcode : 'add' 'sub'> <InPorts = 2> <OutPorts = 1>
ST_8 : Operation 754 [1/1] (0.00ns)   --->   "%zext_ln840_85 = zext i2 %add_ln840_78"   --->   Operation 754 'zext' 'zext_ln840_85' <Predicate = (!icmp_ln249 & icmp_ln290)> <Delay = 0.00>
ST_8 : Operation 755 [1/1] (1.56ns)   --->   "%add_ln840_79 = add i3 %zext_ln840_85, i3 %zext_ln840_84"   --->   Operation 755 'add' 'add_ln840_79' <Predicate = (!icmp_ln249 & icmp_ln290)> <Delay = 1.56> <CoreInst = "Adder">   --->   Core 1 'Adder' <Latency = 0> <II = 1> <Delay = 1.56> <FuncUnit> <Opcode : 'add' 'sub'> <InPorts = 2> <OutPorts = 1>
ST_8 : Operation 756 [1/1] (0.00ns) (grouped into LUT with out node add_ln840_84)   --->   "%shl_ln840_17 = bitconcatenate i2 @_ssdm_op_BitConcatenate.i2.i1.i1, i1 %xor_ln1039_58, i1 0"   --->   Operation 756 'bitconcatenate' 'shl_ln840_17' <Predicate = (!icmp_ln249 & icmp_ln290)> <Delay = 0.00>
ST_8 : Operation 757 [1/1] (0.00ns) (grouped into LUT with out node add_ln840_84)   --->   "%zext_ln840_90 = zext i2 %shl_ln840_17"   --->   Operation 757 'zext' 'zext_ln840_90' <Predicate = (!icmp_ln249 & icmp_ln290)> <Delay = 0.00>
ST_8 : Operation 758 [1/1] (1.56ns) (out node of the LUT)   --->   "%add_ln840_83 = add i2 %zext_ln1039_39, i2 %zext_ln1039_40"   --->   Operation 758 'add' 'add_ln840_83' <Predicate = (!icmp_ln249 & icmp_ln290)> <Delay = 1.56> <CoreInst = "Adder">   --->   Core 1 'Adder' <Latency = 0> <II = 1> <Delay = 1.56> <FuncUnit> <Opcode : 'add' 'sub'> <InPorts = 2> <OutPorts = 1>
ST_8 : Operation 759 [1/1] (0.00ns) (grouped into LUT with out node add_ln840_84)   --->   "%zext_ln840_91 = zext i2 %add_ln840_83"   --->   Operation 759 'zext' 'zext_ln840_91' <Predicate = (!icmp_ln249 & icmp_ln290)> <Delay = 0.00>
ST_8 : Operation 760 [1/1] (1.56ns) (out node of the LUT)   --->   "%add_ln840_84 = add i3 %zext_ln840_91, i3 %zext_ln840_90"   --->   Operation 760 'add' 'add_ln840_84' <Predicate = (!icmp_ln249 & icmp_ln290)> <Delay = 1.56> <CoreInst = "Adder">   --->   Core 1 'Adder' <Latency = 0> <II = 1> <Delay = 1.56> <FuncUnit> <Opcode : 'add' 'sub'> <InPorts = 2> <OutPorts = 1>
ST_8 : Operation 761 [1/1] (1.56ns)   --->   "%add_ln840_85 = add i2 %zext_ln1039_40, i2 %zext_ln1039_41"   --->   Operation 761 'add' 'add_ln840_85' <Predicate = (!icmp_ln249 & icmp_ln290)> <Delay = 1.56> <CoreInst = "Adder">   --->   Core 1 'Adder' <Latency = 0> <II = 1> <Delay = 1.56> <FuncUnit> <Opcode : 'add' 'sub'> <InPorts = 2> <OutPorts = 1>
ST_8 : Operation 762 [1/1] (0.00ns)   --->   "%zext_ln840_93 = zext i2 %add_ln840_85"   --->   Operation 762 'zext' 'zext_ln840_93' <Predicate = (!icmp_ln249 & icmp_ln290)> <Delay = 0.00>
ST_8 : Operation 763 [1/1] (1.56ns) (out node of the LUT)   --->   "%add_ln840_86 = add i2 %zext_ln1039_41, i2 %zext_ln1039_42"   --->   Operation 763 'add' 'add_ln840_86' <Predicate = (!icmp_ln249 & icmp_ln290)> <Delay = 1.56> <CoreInst = "Adder">   --->   Core 1 'Adder' <Latency = 0> <II = 1> <Delay = 1.56> <FuncUnit> <Opcode : 'add' 'sub'> <InPorts = 2> <OutPorts = 1>
ST_8 : Operation 764 [1/1] (0.00ns)   --->   "%zext_ln840_94 = zext i2 %add_ln840_86"   --->   Operation 764 'zext' 'zext_ln840_94' <Predicate = (!icmp_ln249 & icmp_ln290)> <Delay = 0.00>
ST_8 : Operation 765 [1/1] (1.56ns)   --->   "%add_ln840_87 = add i3 %zext_ln840_94, i3 %zext_ln840_93"   --->   Operation 765 'add' 'add_ln840_87' <Predicate = (!icmp_ln249 & icmp_ln290)> <Delay = 1.56> <CoreInst = "Adder">   --->   Core 1 'Adder' <Latency = 0> <II = 1> <Delay = 1.56> <FuncUnit> <Opcode : 'add' 'sub'> <InPorts = 2> <OutPorts = 1>
ST_8 : Operation 766 [1/1] (0.00ns) (grouped into LUT with out node add_ln840_89)   --->   "%shl_ln840_18 = bitconcatenate i2 @_ssdm_op_BitConcatenate.i2.i1.i1, i1 %xor_ln1039_63, i1 0"   --->   Operation 766 'bitconcatenate' 'shl_ln840_18' <Predicate = (!icmp_ln249 & icmp_ln290)> <Delay = 0.00>
ST_8 : Operation 767 [1/1] (0.00ns) (grouped into LUT with out node add_ln840_89)   --->   "%zext_ln840_97 = zext i2 %shl_ln840_18"   --->   Operation 767 'zext' 'zext_ln840_97' <Predicate = (!icmp_ln249 & icmp_ln290)> <Delay = 0.00>
ST_8 : Operation 768 [1/1] (0.00ns) (grouped into LUT with out node add_ln840_89)   --->   "%shl_ln840_19 = bitconcatenate i2 @_ssdm_op_BitConcatenate.i2.i1.i1, i1 %xor_ln1039_64, i1 0"   --->   Operation 768 'bitconcatenate' 'shl_ln840_19' <Predicate = (!icmp_ln249 & icmp_ln290)> <Delay = 0.00>
ST_8 : Operation 769 [1/1] (0.00ns) (grouped into LUT with out node add_ln840_89)   --->   "%zext_ln840_98 = zext i2 %shl_ln840_19"   --->   Operation 769 'zext' 'zext_ln840_98' <Predicate = (!icmp_ln249 & icmp_ln290)> <Delay = 0.00>
ST_8 : Operation 770 [1/1] (1.56ns) (out node of the LUT)   --->   "%add_ln840_89 = add i3 %zext_ln840_98, i3 %zext_ln840_97"   --->   Operation 770 'add' 'add_ln840_89' <Predicate = (!icmp_ln249 & icmp_ln290)> <Delay = 1.56> <CoreInst = "Adder">   --->   Core 1 'Adder' <Latency = 0> <II = 1> <Delay = 1.56> <FuncUnit> <Opcode : 'add' 'sub'> <InPorts = 2> <OutPorts = 1>
ST_8 : Operation 771 [1/1] (1.56ns) (out node of the LUT)   --->   "%add_ln840_90 = add i2 %zext_ln1039_43, i2 %zext_ln1039_44"   --->   Operation 771 'add' 'add_ln840_90' <Predicate = (!icmp_ln249 & icmp_ln290)> <Delay = 1.56> <CoreInst = "Adder">   --->   Core 1 'Adder' <Latency = 0> <II = 1> <Delay = 1.56> <FuncUnit> <Opcode : 'add' 'sub'> <InPorts = 2> <OutPorts = 1>
ST_8 : Operation 772 [1/1] (0.00ns)   --->   "%zext_ln840_100 = zext i2 %add_ln840_90"   --->   Operation 772 'zext' 'zext_ln840_100' <Predicate = (!icmp_ln249 & icmp_ln290)> <Delay = 0.00>
ST_8 : Operation 773 [1/1] (1.56ns)   --->   "%add_ln840_91 = add i2 %zext_ln1039_44, i2 %zext_ln1039_45"   --->   Operation 773 'add' 'add_ln840_91' <Predicate = (!icmp_ln249 & icmp_ln290)> <Delay = 1.56> <CoreInst = "Adder">   --->   Core 1 'Adder' <Latency = 0> <II = 1> <Delay = 1.56> <FuncUnit> <Opcode : 'add' 'sub'> <InPorts = 2> <OutPorts = 1>
ST_8 : Operation 774 [1/1] (0.00ns)   --->   "%zext_ln840_101 = zext i2 %add_ln840_91"   --->   Operation 774 'zext' 'zext_ln840_101' <Predicate = (!icmp_ln249 & icmp_ln290)> <Delay = 0.00>
ST_8 : Operation 775 [1/1] (1.56ns)   --->   "%add_ln840_92 = add i3 %zext_ln840_101, i3 %zext_ln840_100"   --->   Operation 775 'add' 'add_ln840_92' <Predicate = (!icmp_ln249 & icmp_ln290)> <Delay = 1.56> <CoreInst = "Adder">   --->   Core 1 'Adder' <Latency = 0> <II = 1> <Delay = 1.56> <FuncUnit> <Opcode : 'add' 'sub'> <InPorts = 2> <OutPorts = 1>
ST_8 : Operation 776 [1/1] (1.56ns) (out node of the LUT)   --->   "%add_ln840_95 = add i2 %zext_ln1039_45, i2 %zext_ln1039_46"   --->   Operation 776 'add' 'add_ln840_95' <Predicate = (!icmp_ln249 & icmp_ln290)> <Delay = 1.56> <CoreInst = "Adder">   --->   Core 1 'Adder' <Latency = 0> <II = 1> <Delay = 1.56> <FuncUnit> <Opcode : 'add' 'sub'> <InPorts = 2> <OutPorts = 1>
ST_8 : Operation 777 [1/1] (0.00ns) (grouped into LUT with out node add_ln840_96)   --->   "%zext_ln840_105 = zext i2 %add_ln840_95"   --->   Operation 777 'zext' 'zext_ln840_105' <Predicate = (!icmp_ln249 & icmp_ln290)> <Delay = 0.00>
ST_8 : Operation 778 [1/1] (0.00ns) (grouped into LUT with out node add_ln840_96)   --->   "%shl_ln840_20 = bitconcatenate i2 @_ssdm_op_BitConcatenate.i2.i1.i1, i1 %xor_ln1039_69, i1 0"   --->   Operation 778 'bitconcatenate' 'shl_ln840_20' <Predicate = (!icmp_ln249 & icmp_ln290)> <Delay = 0.00>
ST_8 : Operation 779 [1/1] (0.00ns) (grouped into LUT with out node add_ln840_96)   --->   "%zext_ln840_106 = zext i2 %shl_ln840_20"   --->   Operation 779 'zext' 'zext_ln840_106' <Predicate = (!icmp_ln249 & icmp_ln290)> <Delay = 0.00>
ST_8 : Operation 780 [1/1] (1.56ns) (out node of the LUT)   --->   "%add_ln840_96 = add i3 %zext_ln840_106, i3 %zext_ln840_105"   --->   Operation 780 'add' 'add_ln840_96' <Predicate = (!icmp_ln249 & icmp_ln290)> <Delay = 1.56> <CoreInst = "Adder">   --->   Core 1 'Adder' <Latency = 0> <II = 1> <Delay = 1.56> <FuncUnit> <Opcode : 'add' 'sub'> <InPorts = 2> <OutPorts = 1>
ST_8 : Operation 781 [1/1] (0.00ns) (grouped into LUT with out node add_ln840_98)   --->   "%shl_ln840_21 = bitconcatenate i2 @_ssdm_op_BitConcatenate.i2.i1.i1, i1 %xor_ln1039_70, i1 0"   --->   Operation 781 'bitconcatenate' 'shl_ln840_21' <Predicate = (!icmp_ln249 & icmp_ln290)> <Delay = 0.00>
ST_8 : Operation 782 [1/1] (0.00ns) (grouped into LUT with out node add_ln840_98)   --->   "%zext_ln840_108 = zext i2 %shl_ln840_21"   --->   Operation 782 'zext' 'zext_ln840_108' <Predicate = (!icmp_ln249 & icmp_ln290)> <Delay = 0.00>
ST_8 : Operation 783 [1/1] (1.56ns) (out node of the LUT)   --->   "%add_ln840_97 = add i2 %zext_ln1039_47, i2 %zext_ln1039_48"   --->   Operation 783 'add' 'add_ln840_97' <Predicate = (!icmp_ln249 & icmp_ln290)> <Delay = 1.56> <CoreInst = "Adder">   --->   Core 1 'Adder' <Latency = 0> <II = 1> <Delay = 1.56> <FuncUnit> <Opcode : 'add' 'sub'> <InPorts = 2> <OutPorts = 1>
ST_8 : Operation 784 [1/1] (0.00ns) (grouped into LUT with out node add_ln840_98)   --->   "%zext_ln840_109 = zext i2 %add_ln840_97"   --->   Operation 784 'zext' 'zext_ln840_109' <Predicate = (!icmp_ln249 & icmp_ln290)> <Delay = 0.00>
ST_8 : Operation 785 [1/1] (1.56ns) (out node of the LUT)   --->   "%add_ln840_98 = add i3 %zext_ln840_109, i3 %zext_ln840_108"   --->   Operation 785 'add' 'add_ln840_98' <Predicate = (!icmp_ln249 & icmp_ln290)> <Delay = 1.56> <CoreInst = "Adder">   --->   Core 1 'Adder' <Latency = 0> <II = 1> <Delay = 1.56> <FuncUnit> <Opcode : 'add' 'sub'> <InPorts = 2> <OutPorts = 1>
ST_8 : Operation 786 [1/1] (1.56ns) (out node of the LUT)   --->   "%add_ln840_100 = add i2 %zext_ln1039_48, i2 %zext_ln1039_49"   --->   Operation 786 'add' 'add_ln840_100' <Predicate = (!icmp_ln249 & icmp_ln290)> <Delay = 1.56> <CoreInst = "Adder">   --->   Core 1 'Adder' <Latency = 0> <II = 1> <Delay = 1.56> <FuncUnit> <Opcode : 'add' 'sub'> <InPorts = 2> <OutPorts = 1>
ST_8 : Operation 787 [1/1] (0.00ns) (grouped into LUT with out node add_ln840_101)   --->   "%zext_ln840_112 = zext i2 %add_ln840_100"   --->   Operation 787 'zext' 'zext_ln840_112' <Predicate = (!icmp_ln249 & icmp_ln290)> <Delay = 0.00>
ST_8 : Operation 788 [1/1] (0.00ns) (grouped into LUT with out node add_ln840_101)   --->   "%shl_ln840_22 = bitconcatenate i2 @_ssdm_op_BitConcatenate.i2.i1.i1, i1 %xor_ln1039_74, i1 0"   --->   Operation 788 'bitconcatenate' 'shl_ln840_22' <Predicate = (!icmp_ln249 & icmp_ln290)> <Delay = 0.00>
ST_8 : Operation 789 [1/1] (0.00ns) (grouped into LUT with out node add_ln840_101)   --->   "%zext_ln840_113 = zext i2 %shl_ln840_22"   --->   Operation 789 'zext' 'zext_ln840_113' <Predicate = (!icmp_ln249 & icmp_ln290)> <Delay = 0.00>
ST_8 : Operation 790 [1/1] (1.56ns) (out node of the LUT)   --->   "%add_ln840_101 = add i3 %zext_ln840_113, i3 %zext_ln840_112"   --->   Operation 790 'add' 'add_ln840_101' <Predicate = (!icmp_ln249 & icmp_ln290)> <Delay = 1.56> <CoreInst = "Adder">   --->   Core 1 'Adder' <Latency = 0> <II = 1> <Delay = 1.56> <FuncUnit> <Opcode : 'add' 'sub'> <InPorts = 2> <OutPorts = 1>
ST_8 : Operation 791 [1/1] (0.00ns) (grouped into LUT with out node add_ln840_103)   --->   "%shl_ln840_23 = bitconcatenate i2 @_ssdm_op_BitConcatenate.i2.i1.i1, i1 %xor_ln1039_75, i1 0"   --->   Operation 791 'bitconcatenate' 'shl_ln840_23' <Predicate = (!icmp_ln249 & icmp_ln290)> <Delay = 0.00>
ST_8 : Operation 792 [1/1] (0.00ns) (grouped into LUT with out node add_ln840_103)   --->   "%zext_ln840_115 = zext i2 %shl_ln840_23"   --->   Operation 792 'zext' 'zext_ln840_115' <Predicate = (!icmp_ln249 & icmp_ln290)> <Delay = 0.00>
ST_8 : Operation 793 [1/1] (1.56ns) (out node of the LUT)   --->   "%add_ln840_102 = add i2 %zext_ln1039_50, i2 %zext_ln1039_51"   --->   Operation 793 'add' 'add_ln840_102' <Predicate = (!icmp_ln249 & icmp_ln290)> <Delay = 1.56> <CoreInst = "Adder">   --->   Core 1 'Adder' <Latency = 0> <II = 1> <Delay = 1.56> <FuncUnit> <Opcode : 'add' 'sub'> <InPorts = 2> <OutPorts = 1>
ST_8 : Operation 794 [1/1] (0.00ns) (grouped into LUT with out node add_ln840_103)   --->   "%zext_ln840_116 = zext i2 %add_ln840_102"   --->   Operation 794 'zext' 'zext_ln840_116' <Predicate = (!icmp_ln249 & icmp_ln290)> <Delay = 0.00>
ST_8 : Operation 795 [1/1] (1.56ns) (out node of the LUT)   --->   "%add_ln840_103 = add i3 %zext_ln840_116, i3 %zext_ln840_115"   --->   Operation 795 'add' 'add_ln840_103' <Predicate = (!icmp_ln249 & icmp_ln290)> <Delay = 1.56> <CoreInst = "Adder">   --->   Core 1 'Adder' <Latency = 0> <II = 1> <Delay = 1.56> <FuncUnit> <Opcode : 'add' 'sub'> <InPorts = 2> <OutPorts = 1>
ST_8 : Operation 796 [1/1] (1.56ns)   --->   "%add_ln840_109 = add i2 %zext_ln1039_51, i2 %zext_ln1039_52"   --->   Operation 796 'add' 'add_ln840_109' <Predicate = (!icmp_ln249 & icmp_ln290)> <Delay = 1.56> <CoreInst = "Adder">   --->   Core 1 'Adder' <Latency = 0> <II = 1> <Delay = 1.56> <FuncUnit> <Opcode : 'add' 'sub'> <InPorts = 2> <OutPorts = 1>
ST_8 : Operation 797 [1/1] (0.00ns)   --->   "%zext_ln840_122 = zext i2 %add_ln840_109"   --->   Operation 797 'zext' 'zext_ln840_122' <Predicate = (!icmp_ln249 & icmp_ln290)> <Delay = 0.00>
ST_8 : Operation 798 [1/1] (1.56ns) (out node of the LUT)   --->   "%add_ln840_110 = add i2 %zext_ln1039_52, i2 %zext_ln1039_53"   --->   Operation 798 'add' 'add_ln840_110' <Predicate = (!icmp_ln249 & icmp_ln290)> <Delay = 1.56> <CoreInst = "Adder">   --->   Core 1 'Adder' <Latency = 0> <II = 1> <Delay = 1.56> <FuncUnit> <Opcode : 'add' 'sub'> <InPorts = 2> <OutPorts = 1>
ST_8 : Operation 799 [1/1] (0.00ns)   --->   "%zext_ln840_123 = zext i2 %add_ln840_110"   --->   Operation 799 'zext' 'zext_ln840_123' <Predicate = (!icmp_ln249 & icmp_ln290)> <Delay = 0.00>
ST_8 : Operation 800 [1/1] (1.56ns)   --->   "%add_ln840_111 = add i3 %zext_ln840_123, i3 %zext_ln840_122"   --->   Operation 800 'add' 'add_ln840_111' <Predicate = (!icmp_ln249 & icmp_ln290)> <Delay = 1.56> <CoreInst = "Adder">   --->   Core 1 'Adder' <Latency = 0> <II = 1> <Delay = 1.56> <FuncUnit> <Opcode : 'add' 'sub'> <InPorts = 2> <OutPorts = 1>
ST_8 : Operation 801 [1/1] (0.00ns) (grouped into LUT with out node add_ln840_112)   --->   "%shl_ln840_24 = bitconcatenate i2 @_ssdm_op_BitConcatenate.i2.i1.i1, i1 %xor_ln1039_80, i1 0"   --->   Operation 801 'bitconcatenate' 'shl_ln840_24' <Predicate = (!icmp_ln249 & icmp_ln290)> <Delay = 0.00>
ST_8 : Operation 802 [1/1] (0.00ns) (grouped into LUT with out node add_ln840_112)   --->   "%zext_ln840_125 = zext i2 %shl_ln840_24"   --->   Operation 802 'zext' 'zext_ln840_125' <Predicate = (!icmp_ln249 & icmp_ln290)> <Delay = 0.00>
ST_8 : Operation 803 [1/1] (0.00ns) (grouped into LUT with out node add_ln840_112)   --->   "%shl_ln840_25 = bitconcatenate i2 @_ssdm_op_BitConcatenate.i2.i1.i1, i1 %xor_ln1039_81, i1 0"   --->   Operation 803 'bitconcatenate' 'shl_ln840_25' <Predicate = (!icmp_ln249 & icmp_ln290)> <Delay = 0.00>
ST_8 : Operation 804 [1/1] (0.00ns) (grouped into LUT with out node add_ln840_112)   --->   "%zext_ln840_126 = zext i2 %shl_ln840_25"   --->   Operation 804 'zext' 'zext_ln840_126' <Predicate = (!icmp_ln249 & icmp_ln290)> <Delay = 0.00>
ST_8 : Operation 805 [1/1] (1.56ns) (out node of the LUT)   --->   "%add_ln840_112 = add i3 %zext_ln840_126, i3 %zext_ln840_125"   --->   Operation 805 'add' 'add_ln840_112' <Predicate = (!icmp_ln249 & icmp_ln290)> <Delay = 1.56> <CoreInst = "Adder">   --->   Core 1 'Adder' <Latency = 0> <II = 1> <Delay = 1.56> <FuncUnit> <Opcode : 'add' 'sub'> <InPorts = 2> <OutPorts = 1>
ST_8 : Operation 806 [1/1] (1.56ns) (out node of the LUT)   --->   "%add_ln840_114 = add i2 %zext_ln1039_54, i2 %zext_ln1039_55"   --->   Operation 806 'add' 'add_ln840_114' <Predicate = (!icmp_ln249 & icmp_ln290)> <Delay = 1.56> <CoreInst = "Adder">   --->   Core 1 'Adder' <Latency = 0> <II = 1> <Delay = 1.56> <FuncUnit> <Opcode : 'add' 'sub'> <InPorts = 2> <OutPorts = 1>
ST_8 : Operation 807 [1/1] (0.00ns)   --->   "%zext_ln840_129 = zext i2 %add_ln840_114"   --->   Operation 807 'zext' 'zext_ln840_129' <Predicate = (!icmp_ln249 & icmp_ln290)> <Delay = 0.00>
ST_8 : Operation 808 [1/1] (1.56ns) (out node of the LUT)   --->   "%add_ln840_115 = add i2 %zext_ln1039_55, i2 %zext_ln1039_56"   --->   Operation 808 'add' 'add_ln840_115' <Predicate = (!icmp_ln249 & icmp_ln290)> <Delay = 1.56> <CoreInst = "Adder">   --->   Core 1 'Adder' <Latency = 0> <II = 1> <Delay = 1.56> <FuncUnit> <Opcode : 'add' 'sub'> <InPorts = 2> <OutPorts = 1>
ST_8 : Operation 809 [1/1] (0.00ns)   --->   "%zext_ln840_130 = zext i2 %add_ln840_115"   --->   Operation 809 'zext' 'zext_ln840_130' <Predicate = (!icmp_ln249 & icmp_ln290)> <Delay = 0.00>
ST_8 : Operation 810 [1/1] (1.56ns)   --->   "%add_ln840_116 = add i3 %zext_ln840_130, i3 %zext_ln840_129"   --->   Operation 810 'add' 'add_ln840_116' <Predicate = (!icmp_ln249 & icmp_ln290)> <Delay = 1.56> <CoreInst = "Adder">   --->   Core 1 'Adder' <Latency = 0> <II = 1> <Delay = 1.56> <FuncUnit> <Opcode : 'add' 'sub'> <InPorts = 2> <OutPorts = 1>
ST_8 : Operation 811 [1/1] (0.00ns) (grouped into LUT with out node add_ln840_117)   --->   "%shl_ln840_26 = bitconcatenate i2 @_ssdm_op_BitConcatenate.i2.i1.i1, i1 %xor_ln1039_85, i1 0"   --->   Operation 811 'bitconcatenate' 'shl_ln840_26' <Predicate = (!icmp_ln249 & icmp_ln290)> <Delay = 0.00>
ST_8 : Operation 812 [1/1] (0.00ns) (grouped into LUT with out node add_ln840_117)   --->   "%zext_ln840_132 = zext i2 %shl_ln840_26"   --->   Operation 812 'zext' 'zext_ln840_132' <Predicate = (!icmp_ln249 & icmp_ln290)> <Delay = 0.00>
ST_8 : Operation 813 [1/1] (0.00ns) (grouped into LUT with out node add_ln840_117)   --->   "%shl_ln840_27 = bitconcatenate i2 @_ssdm_op_BitConcatenate.i2.i1.i1, i1 %xor_ln1039_86, i1 0"   --->   Operation 813 'bitconcatenate' 'shl_ln840_27' <Predicate = (!icmp_ln249 & icmp_ln290)> <Delay = 0.00>
ST_8 : Operation 814 [1/1] (0.00ns) (grouped into LUT with out node add_ln840_117)   --->   "%zext_ln840_133 = zext i2 %shl_ln840_27"   --->   Operation 814 'zext' 'zext_ln840_133' <Predicate = (!icmp_ln249 & icmp_ln290)> <Delay = 0.00>
ST_8 : Operation 815 [1/1] (1.56ns) (out node of the LUT)   --->   "%add_ln840_117 = add i3 %zext_ln840_133, i3 %zext_ln840_132"   --->   Operation 815 'add' 'add_ln840_117' <Predicate = (!icmp_ln249 & icmp_ln290)> <Delay = 1.56> <CoreInst = "Adder">   --->   Core 1 'Adder' <Latency = 0> <II = 1> <Delay = 1.56> <FuncUnit> <Opcode : 'add' 'sub'> <InPorts = 2> <OutPorts = 1>
ST_8 : Operation 816 [1/1] (1.56ns) (out node of the LUT)   --->   "%add_ln840_120 = add i2 %zext_ln1039_57, i2 %zext_ln1039_58"   --->   Operation 816 'add' 'add_ln840_120' <Predicate = (!icmp_ln249 & icmp_ln290)> <Delay = 1.56> <CoreInst = "Adder">   --->   Core 1 'Adder' <Latency = 0> <II = 1> <Delay = 1.56> <FuncUnit> <Opcode : 'add' 'sub'> <InPorts = 2> <OutPorts = 1>
ST_8 : Operation 817 [1/1] (0.00ns)   --->   "%zext_ln840_137 = zext i2 %add_ln840_120"   --->   Operation 817 'zext' 'zext_ln840_137' <Predicate = (!icmp_ln249 & icmp_ln290)> <Delay = 0.00>
ST_8 : Operation 818 [1/1] (1.56ns)   --->   "%add_ln840_121 = add i2 %zext_ln1039_58, i2 %zext_ln1039_59"   --->   Operation 818 'add' 'add_ln840_121' <Predicate = (!icmp_ln249 & icmp_ln290)> <Delay = 1.56> <CoreInst = "Adder">   --->   Core 1 'Adder' <Latency = 0> <II = 1> <Delay = 1.56> <FuncUnit> <Opcode : 'add' 'sub'> <InPorts = 2> <OutPorts = 1>
ST_8 : Operation 819 [1/1] (0.00ns)   --->   "%zext_ln840_138 = zext i2 %add_ln840_121"   --->   Operation 819 'zext' 'zext_ln840_138' <Predicate = (!icmp_ln249 & icmp_ln290)> <Delay = 0.00>
ST_8 : Operation 820 [1/1] (1.56ns)   --->   "%add_ln840_122 = add i3 %zext_ln840_138, i3 %zext_ln840_137"   --->   Operation 820 'add' 'add_ln840_122' <Predicate = (!icmp_ln249 & icmp_ln290)> <Delay = 1.56> <CoreInst = "Adder">   --->   Core 1 'Adder' <Latency = 0> <II = 1> <Delay = 1.56> <FuncUnit> <Opcode : 'add' 'sub'> <InPorts = 2> <OutPorts = 1>
ST_8 : Operation 821 [1/1] (1.56ns) (out node of the LUT)   --->   "%add_ln840_123 = add i2 %zext_ln1039_59, i2 %zext_ln1039_60"   --->   Operation 821 'add' 'add_ln840_123' <Predicate = (!icmp_ln249 & icmp_ln290)> <Delay = 1.56> <CoreInst = "Adder">   --->   Core 1 'Adder' <Latency = 0> <II = 1> <Delay = 1.56> <FuncUnit> <Opcode : 'add' 'sub'> <InPorts = 2> <OutPorts = 1>
ST_8 : Operation 822 [1/1] (0.00ns) (grouped into LUT with out node add_ln840_124)   --->   "%zext_ln840_140 = zext i2 %add_ln840_123"   --->   Operation 822 'zext' 'zext_ln840_140' <Predicate = (!icmp_ln249 & icmp_ln290)> <Delay = 0.00>
ST_8 : Operation 823 [1/1] (0.00ns) (grouped into LUT with out node add_ln840_124)   --->   "%shl_ln840_28 = bitconcatenate i2 @_ssdm_op_BitConcatenate.i2.i1.i1, i1 %xor_ln1039_91, i1 0"   --->   Operation 823 'bitconcatenate' 'shl_ln840_28' <Predicate = (!icmp_ln249 & icmp_ln290)> <Delay = 0.00>
ST_8 : Operation 824 [1/1] (0.00ns) (grouped into LUT with out node add_ln840_124)   --->   "%zext_ln840_141 = zext i2 %shl_ln840_28"   --->   Operation 824 'zext' 'zext_ln840_141' <Predicate = (!icmp_ln249 & icmp_ln290)> <Delay = 0.00>
ST_8 : Operation 825 [1/1] (1.56ns) (out node of the LUT)   --->   "%add_ln840_124 = add i3 %zext_ln840_141, i3 %zext_ln840_140"   --->   Operation 825 'add' 'add_ln840_124' <Predicate = (!icmp_ln249 & icmp_ln290)> <Delay = 1.56> <CoreInst = "Adder">   --->   Core 1 'Adder' <Latency = 0> <II = 1> <Delay = 1.56> <FuncUnit> <Opcode : 'add' 'sub'> <InPorts = 2> <OutPorts = 1>
ST_8 : Operation 826 [1/1] (0.00ns) (grouped into LUT with out node add_ln840_127)   --->   "%shl_ln840_29 = bitconcatenate i2 @_ssdm_op_BitConcatenate.i2.i1.i1, i1 %xor_ln1039_92, i1 0"   --->   Operation 826 'bitconcatenate' 'shl_ln840_29' <Predicate = (!icmp_ln249 & icmp_ln290)> <Delay = 0.00>
ST_8 : Operation 827 [1/1] (0.00ns) (grouped into LUT with out node add_ln840_127)   --->   "%zext_ln840_144 = zext i2 %shl_ln840_29"   --->   Operation 827 'zext' 'zext_ln840_144' <Predicate = (!icmp_ln249 & icmp_ln290)> <Delay = 0.00>
ST_8 : Operation 828 [1/1] (1.56ns) (out node of the LUT)   --->   "%add_ln840_126 = add i2 %zext_ln1039_61, i2 %zext_ln1039_62"   --->   Operation 828 'add' 'add_ln840_126' <Predicate = (!icmp_ln249 & icmp_ln290)> <Delay = 1.56> <CoreInst = "Adder">   --->   Core 1 'Adder' <Latency = 0> <II = 1> <Delay = 1.56> <FuncUnit> <Opcode : 'add' 'sub'> <InPorts = 2> <OutPorts = 1>
ST_8 : Operation 829 [1/1] (0.00ns) (grouped into LUT with out node add_ln840_127)   --->   "%zext_ln840_145 = zext i2 %add_ln840_126"   --->   Operation 829 'zext' 'zext_ln840_145' <Predicate = (!icmp_ln249 & icmp_ln290)> <Delay = 0.00>
ST_8 : Operation 830 [1/1] (1.56ns) (out node of the LUT)   --->   "%add_ln840_127 = add i3 %zext_ln840_145, i3 %zext_ln840_144"   --->   Operation 830 'add' 'add_ln840_127' <Predicate = (!icmp_ln249 & icmp_ln290)> <Delay = 1.56> <CoreInst = "Adder">   --->   Core 1 'Adder' <Latency = 0> <II = 1> <Delay = 1.56> <FuncUnit> <Opcode : 'add' 'sub'> <InPorts = 2> <OutPorts = 1>
ST_8 : Operation 831 [1/1] (1.56ns)   --->   "%add_ln840_128 = add i2 %zext_ln1039_62, i2 %zext_ln1039_63"   --->   Operation 831 'add' 'add_ln840_128' <Predicate = (!icmp_ln249 & icmp_ln290)> <Delay = 1.56> <CoreInst = "Adder">   --->   Core 1 'Adder' <Latency = 0> <II = 1> <Delay = 1.56> <FuncUnit> <Opcode : 'add' 'sub'> <InPorts = 2> <OutPorts = 1>
ST_8 : Operation 832 [1/1] (0.00ns)   --->   "%zext_ln840_147 = zext i2 %add_ln840_128"   --->   Operation 832 'zext' 'zext_ln840_147' <Predicate = (!icmp_ln249 & icmp_ln290)> <Delay = 0.00>
ST_8 : Operation 833 [1/1] (1.56ns) (out node of the LUT)   --->   "%add_ln840_129 = add i2 %zext_ln1039_63, i2 %zext_ln1039_64"   --->   Operation 833 'add' 'add_ln840_129' <Predicate = (!icmp_ln249 & icmp_ln290)> <Delay = 1.56> <CoreInst = "Adder">   --->   Core 1 'Adder' <Latency = 0> <II = 1> <Delay = 1.56> <FuncUnit> <Opcode : 'add' 'sub'> <InPorts = 2> <OutPorts = 1>
ST_8 : Operation 834 [1/1] (0.00ns)   --->   "%zext_ln840_148 = zext i2 %add_ln840_129"   --->   Operation 834 'zext' 'zext_ln840_148' <Predicate = (!icmp_ln249 & icmp_ln290)> <Delay = 0.00>
ST_8 : Operation 835 [1/1] (1.56ns)   --->   "%add_ln840_130 = add i3 %zext_ln840_148, i3 %zext_ln840_147"   --->   Operation 835 'add' 'add_ln840_130' <Predicate = (!icmp_ln249 & icmp_ln290)> <Delay = 1.56> <CoreInst = "Adder">   --->   Core 1 'Adder' <Latency = 0> <II = 1> <Delay = 1.56> <FuncUnit> <Opcode : 'add' 'sub'> <InPorts = 2> <OutPorts = 1>
ST_8 : Operation 836 [1/1] (0.00ns) (grouped into LUT with out node add_ln840_135)   --->   "%shl_ln840_30 = bitconcatenate i2 @_ssdm_op_BitConcatenate.i2.i1.i1, i1 %xor_ln1039_97, i1 0"   --->   Operation 836 'bitconcatenate' 'shl_ln840_30' <Predicate = (!icmp_ln249 & icmp_ln290)> <Delay = 0.00>
ST_8 : Operation 837 [1/1] (0.00ns) (grouped into LUT with out node add_ln840_135)   --->   "%zext_ln840_153 = zext i2 %shl_ln840_30"   --->   Operation 837 'zext' 'zext_ln840_153' <Predicate = (!icmp_ln249 & icmp_ln290)> <Delay = 0.00>
ST_8 : Operation 838 [1/1] (1.56ns) (out node of the LUT)   --->   "%add_ln840_134 = add i2 %zext_ln1039_65, i2 %zext_ln1039_66"   --->   Operation 838 'add' 'add_ln840_134' <Predicate = (!icmp_ln249 & icmp_ln290)> <Delay = 1.56> <CoreInst = "Adder">   --->   Core 1 'Adder' <Latency = 0> <II = 1> <Delay = 1.56> <FuncUnit> <Opcode : 'add' 'sub'> <InPorts = 2> <OutPorts = 1>
ST_8 : Operation 839 [1/1] (0.00ns) (grouped into LUT with out node add_ln840_135)   --->   "%zext_ln840_154 = zext i2 %add_ln840_134"   --->   Operation 839 'zext' 'zext_ln840_154' <Predicate = (!icmp_ln249 & icmp_ln290)> <Delay = 0.00>
ST_8 : Operation 840 [1/1] (1.56ns) (out node of the LUT)   --->   "%add_ln840_135 = add i3 %zext_ln840_154, i3 %zext_ln840_153"   --->   Operation 840 'add' 'add_ln840_135' <Predicate = (!icmp_ln249 & icmp_ln290)> <Delay = 1.56> <CoreInst = "Adder">   --->   Core 1 'Adder' <Latency = 0> <II = 1> <Delay = 1.56> <FuncUnit> <Opcode : 'add' 'sub'> <InPorts = 2> <OutPorts = 1>
ST_8 : Operation 841 [1/1] (1.56ns)   --->   "%add_ln840_136 = add i2 %zext_ln1039_66, i2 %zext_ln1039_67"   --->   Operation 841 'add' 'add_ln840_136' <Predicate = (!icmp_ln249 & icmp_ln290)> <Delay = 1.56> <CoreInst = "Adder">   --->   Core 1 'Adder' <Latency = 0> <II = 1> <Delay = 1.56> <FuncUnit> <Opcode : 'add' 'sub'> <InPorts = 2> <OutPorts = 1>
ST_8 : Operation 842 [1/1] (0.00ns)   --->   "%zext_ln840_156 = zext i2 %add_ln840_136"   --->   Operation 842 'zext' 'zext_ln840_156' <Predicate = (!icmp_ln249 & icmp_ln290)> <Delay = 0.00>
ST_8 : Operation 843 [1/1] (1.56ns) (out node of the LUT)   --->   "%add_ln840_137 = add i2 %zext_ln1039_67, i2 %zext_ln1039_68"   --->   Operation 843 'add' 'add_ln840_137' <Predicate = (!icmp_ln249 & icmp_ln290)> <Delay = 1.56> <CoreInst = "Adder">   --->   Core 1 'Adder' <Latency = 0> <II = 1> <Delay = 1.56> <FuncUnit> <Opcode : 'add' 'sub'> <InPorts = 2> <OutPorts = 1>
ST_8 : Operation 844 [1/1] (0.00ns)   --->   "%zext_ln840_157 = zext i2 %add_ln840_137"   --->   Operation 844 'zext' 'zext_ln840_157' <Predicate = (!icmp_ln249 & icmp_ln290)> <Delay = 0.00>
ST_8 : Operation 845 [1/1] (1.56ns)   --->   "%add_ln840_138 = add i3 %zext_ln840_157, i3 %zext_ln840_156"   --->   Operation 845 'add' 'add_ln840_138' <Predicate = (!icmp_ln249 & icmp_ln290)> <Delay = 1.56> <CoreInst = "Adder">   --->   Core 1 'Adder' <Latency = 0> <II = 1> <Delay = 1.56> <FuncUnit> <Opcode : 'add' 'sub'> <InPorts = 2> <OutPorts = 1>
ST_8 : Operation 846 [1/1] (0.00ns) (grouped into LUT with out node add_ln840_140)   --->   "%shl_ln840_31 = bitconcatenate i2 @_ssdm_op_BitConcatenate.i2.i1.i1, i1 %xor_ln1039_102, i1 0"   --->   Operation 846 'bitconcatenate' 'shl_ln840_31' <Predicate = (!icmp_ln249 & icmp_ln290)> <Delay = 0.00>
ST_8 : Operation 847 [1/1] (0.00ns) (grouped into LUT with out node add_ln840_140)   --->   "%zext_ln840_160 = zext i2 %shl_ln840_31"   --->   Operation 847 'zext' 'zext_ln840_160' <Predicate = (!icmp_ln249 & icmp_ln290)> <Delay = 0.00>
ST_8 : Operation 848 [1/1] (0.00ns) (grouped into LUT with out node add_ln840_140)   --->   "%shl_ln840_32 = bitconcatenate i2 @_ssdm_op_BitConcatenate.i2.i1.i1, i1 %xor_ln1039_103, i1 0"   --->   Operation 848 'bitconcatenate' 'shl_ln840_32' <Predicate = (!icmp_ln249 & icmp_ln290)> <Delay = 0.00>
ST_8 : Operation 849 [1/1] (0.00ns) (grouped into LUT with out node add_ln840_140)   --->   "%zext_ln840_161 = zext i2 %shl_ln840_32"   --->   Operation 849 'zext' 'zext_ln840_161' <Predicate = (!icmp_ln249 & icmp_ln290)> <Delay = 0.00>
ST_8 : Operation 850 [1/1] (1.56ns) (out node of the LUT)   --->   "%add_ln840_140 = add i3 %zext_ln840_161, i3 %zext_ln840_160"   --->   Operation 850 'add' 'add_ln840_140' <Predicate = (!icmp_ln249 & icmp_ln290)> <Delay = 1.56> <CoreInst = "Adder">   --->   Core 1 'Adder' <Latency = 0> <II = 1> <Delay = 1.56> <FuncUnit> <Opcode : 'add' 'sub'> <InPorts = 2> <OutPorts = 1>
ST_8 : Operation 851 [1/1] (1.56ns) (out node of the LUT)   --->   "%add_ln840_141 = add i2 %zext_ln1039_69, i2 %zext_ln1039_70"   --->   Operation 851 'add' 'add_ln840_141' <Predicate = (!icmp_ln249 & icmp_ln290)> <Delay = 1.56> <CoreInst = "Adder">   --->   Core 1 'Adder' <Latency = 0> <II = 1> <Delay = 1.56> <FuncUnit> <Opcode : 'add' 'sub'> <InPorts = 2> <OutPorts = 1>
ST_8 : Operation 852 [1/1] (0.00ns)   --->   "%zext_ln840_163 = zext i2 %add_ln840_141"   --->   Operation 852 'zext' 'zext_ln840_163' <Predicate = (!icmp_ln249 & icmp_ln290)> <Delay = 0.00>
ST_8 : Operation 853 [1/1] (1.56ns)   --->   "%add_ln840_142 = add i2 %zext_ln1039_70, i2 %zext_ln1039_71"   --->   Operation 853 'add' 'add_ln840_142' <Predicate = (!icmp_ln249 & icmp_ln290)> <Delay = 1.56> <CoreInst = "Adder">   --->   Core 1 'Adder' <Latency = 0> <II = 1> <Delay = 1.56> <FuncUnit> <Opcode : 'add' 'sub'> <InPorts = 2> <OutPorts = 1>
ST_8 : Operation 854 [1/1] (0.00ns)   --->   "%zext_ln840_164 = zext i2 %add_ln840_142"   --->   Operation 854 'zext' 'zext_ln840_164' <Predicate = (!icmp_ln249 & icmp_ln290)> <Delay = 0.00>
ST_8 : Operation 855 [1/1] (1.56ns)   --->   "%add_ln840_143 = add i3 %zext_ln840_164, i3 %zext_ln840_163"   --->   Operation 855 'add' 'add_ln840_143' <Predicate = (!icmp_ln249 & icmp_ln290)> <Delay = 1.56> <CoreInst = "Adder">   --->   Core 1 'Adder' <Latency = 0> <II = 1> <Delay = 1.56> <FuncUnit> <Opcode : 'add' 'sub'> <InPorts = 2> <OutPorts = 1>
ST_8 : Operation 856 [1/1] (1.56ns) (out node of the LUT)   --->   "%add_ln840_146 = add i2 %zext_ln1039_71, i2 %zext_ln1039_72"   --->   Operation 856 'add' 'add_ln840_146' <Predicate = (!icmp_ln249 & icmp_ln290)> <Delay = 1.56> <CoreInst = "Adder">   --->   Core 1 'Adder' <Latency = 0> <II = 1> <Delay = 1.56> <FuncUnit> <Opcode : 'add' 'sub'> <InPorts = 2> <OutPorts = 1>
ST_8 : Operation 857 [1/1] (0.00ns) (grouped into LUT with out node add_ln840_147)   --->   "%zext_ln840_168 = zext i2 %add_ln840_146"   --->   Operation 857 'zext' 'zext_ln840_168' <Predicate = (!icmp_ln249 & icmp_ln290)> <Delay = 0.00>
ST_8 : Operation 858 [1/1] (0.00ns) (grouped into LUT with out node add_ln840_147)   --->   "%shl_ln840_33 = bitconcatenate i2 @_ssdm_op_BitConcatenate.i2.i1.i1, i1 %xor_ln1039_108, i1 0"   --->   Operation 858 'bitconcatenate' 'shl_ln840_33' <Predicate = (!icmp_ln249 & icmp_ln290)> <Delay = 0.00>
ST_8 : Operation 859 [1/1] (0.00ns) (grouped into LUT with out node add_ln840_147)   --->   "%zext_ln840_169 = zext i2 %shl_ln840_33"   --->   Operation 859 'zext' 'zext_ln840_169' <Predicate = (!icmp_ln249 & icmp_ln290)> <Delay = 0.00>
ST_8 : Operation 860 [1/1] (1.56ns) (out node of the LUT)   --->   "%add_ln840_147 = add i3 %zext_ln840_169, i3 %zext_ln840_168"   --->   Operation 860 'add' 'add_ln840_147' <Predicate = (!icmp_ln249 & icmp_ln290)> <Delay = 1.56> <CoreInst = "Adder">   --->   Core 1 'Adder' <Latency = 0> <II = 1> <Delay = 1.56> <FuncUnit> <Opcode : 'add' 'sub'> <InPorts = 2> <OutPorts = 1>
ST_8 : Operation 861 [1/1] (0.00ns) (grouped into LUT with out node add_ln840_149)   --->   "%shl_ln840_34 = bitconcatenate i2 @_ssdm_op_BitConcatenate.i2.i1.i1, i1 %xor_ln1039_109, i1 0"   --->   Operation 861 'bitconcatenate' 'shl_ln840_34' <Predicate = (!icmp_ln249 & icmp_ln290)> <Delay = 0.00>
ST_8 : Operation 862 [1/1] (0.00ns) (grouped into LUT with out node add_ln840_149)   --->   "%zext_ln840_171 = zext i2 %shl_ln840_34"   --->   Operation 862 'zext' 'zext_ln840_171' <Predicate = (!icmp_ln249 & icmp_ln290)> <Delay = 0.00>
ST_8 : Operation 863 [1/1] (1.56ns) (out node of the LUT)   --->   "%add_ln840_148 = add i2 %zext_ln1039_73, i2 %zext_ln1039_74"   --->   Operation 863 'add' 'add_ln840_148' <Predicate = (!icmp_ln249 & icmp_ln290)> <Delay = 1.56> <CoreInst = "Adder">   --->   Core 1 'Adder' <Latency = 0> <II = 1> <Delay = 1.56> <FuncUnit> <Opcode : 'add' 'sub'> <InPorts = 2> <OutPorts = 1>
ST_8 : Operation 864 [1/1] (0.00ns) (grouped into LUT with out node add_ln840_149)   --->   "%zext_ln840_172 = zext i2 %add_ln840_148"   --->   Operation 864 'zext' 'zext_ln840_172' <Predicate = (!icmp_ln249 & icmp_ln290)> <Delay = 0.00>
ST_8 : Operation 865 [1/1] (1.56ns) (out node of the LUT)   --->   "%add_ln840_149 = add i3 %zext_ln840_172, i3 %zext_ln840_171"   --->   Operation 865 'add' 'add_ln840_149' <Predicate = (!icmp_ln249 & icmp_ln290)> <Delay = 1.56> <CoreInst = "Adder">   --->   Core 1 'Adder' <Latency = 0> <II = 1> <Delay = 1.56> <FuncUnit> <Opcode : 'add' 'sub'> <InPorts = 2> <OutPorts = 1>
ST_8 : Operation 866 [1/1] (1.56ns) (out node of the LUT)   --->   "%add_ln840_151 = add i2 %zext_ln1039_74, i2 %zext_ln1039_75"   --->   Operation 866 'add' 'add_ln840_151' <Predicate = (!icmp_ln249 & icmp_ln290)> <Delay = 1.56> <CoreInst = "Adder">   --->   Core 1 'Adder' <Latency = 0> <II = 1> <Delay = 1.56> <FuncUnit> <Opcode : 'add' 'sub'> <InPorts = 2> <OutPorts = 1>
ST_8 : Operation 867 [1/1] (0.00ns) (grouped into LUT with out node add_ln840_152)   --->   "%zext_ln840_175 = zext i2 %add_ln840_151"   --->   Operation 867 'zext' 'zext_ln840_175' <Predicate = (!icmp_ln249 & icmp_ln290)> <Delay = 0.00>
ST_8 : Operation 868 [1/1] (0.00ns) (grouped into LUT with out node add_ln840_152)   --->   "%shl_ln840_35 = bitconcatenate i2 @_ssdm_op_BitConcatenate.i2.i1.i1, i1 %xor_ln1039_113, i1 0"   --->   Operation 868 'bitconcatenate' 'shl_ln840_35' <Predicate = (!icmp_ln249 & icmp_ln290)> <Delay = 0.00>
ST_8 : Operation 869 [1/1] (0.00ns) (grouped into LUT with out node add_ln840_152)   --->   "%zext_ln840_176 = zext i2 %shl_ln840_35"   --->   Operation 869 'zext' 'zext_ln840_176' <Predicate = (!icmp_ln249 & icmp_ln290)> <Delay = 0.00>
ST_8 : Operation 870 [1/1] (1.56ns) (out node of the LUT)   --->   "%add_ln840_152 = add i3 %zext_ln840_176, i3 %zext_ln840_175"   --->   Operation 870 'add' 'add_ln840_152' <Predicate = (!icmp_ln249 & icmp_ln290)> <Delay = 1.56> <CoreInst = "Adder">   --->   Core 1 'Adder' <Latency = 0> <II = 1> <Delay = 1.56> <FuncUnit> <Opcode : 'add' 'sub'> <InPorts = 2> <OutPorts = 1>
ST_8 : Operation 871 [1/1] (0.00ns) (grouped into LUT with out node add_ln840_154)   --->   "%shl_ln840_36 = bitconcatenate i2 @_ssdm_op_BitConcatenate.i2.i1.i1, i1 %xor_ln1039_114, i1 0"   --->   Operation 871 'bitconcatenate' 'shl_ln840_36' <Predicate = (!icmp_ln249 & icmp_ln290)> <Delay = 0.00>
ST_8 : Operation 872 [1/1] (0.00ns) (grouped into LUT with out node add_ln840_154)   --->   "%zext_ln840_178 = zext i2 %shl_ln840_36"   --->   Operation 872 'zext' 'zext_ln840_178' <Predicate = (!icmp_ln249 & icmp_ln290)> <Delay = 0.00>
ST_8 : Operation 873 [1/1] (1.56ns) (out node of the LUT)   --->   "%add_ln840_153 = add i2 %zext_ln1039_76, i2 %zext_ln1039_77"   --->   Operation 873 'add' 'add_ln840_153' <Predicate = (!icmp_ln249 & icmp_ln290)> <Delay = 1.56> <CoreInst = "Adder">   --->   Core 1 'Adder' <Latency = 0> <II = 1> <Delay = 1.56> <FuncUnit> <Opcode : 'add' 'sub'> <InPorts = 2> <OutPorts = 1>
ST_8 : Operation 874 [1/1] (0.00ns) (grouped into LUT with out node add_ln840_154)   --->   "%zext_ln840_179 = zext i2 %add_ln840_153"   --->   Operation 874 'zext' 'zext_ln840_179' <Predicate = (!icmp_ln249 & icmp_ln290)> <Delay = 0.00>
ST_8 : Operation 875 [1/1] (1.56ns) (out node of the LUT)   --->   "%add_ln840_154 = add i3 %zext_ln840_179, i3 %zext_ln840_178"   --->   Operation 875 'add' 'add_ln840_154' <Predicate = (!icmp_ln249 & icmp_ln290)> <Delay = 1.56> <CoreInst = "Adder">   --->   Core 1 'Adder' <Latency = 0> <II = 1> <Delay = 1.56> <FuncUnit> <Opcode : 'add' 'sub'> <InPorts = 2> <OutPorts = 1>
ST_8 : Operation 876 [1/1] (1.56ns)   --->   "%add_ln840_159 = add i2 %zext_ln1039_77, i2 %zext_ln1039_78"   --->   Operation 876 'add' 'add_ln840_159' <Predicate = (!icmp_ln249 & icmp_ln290)> <Delay = 1.56> <CoreInst = "Adder">   --->   Core 1 'Adder' <Latency = 0> <II = 1> <Delay = 1.56> <FuncUnit> <Opcode : 'add' 'sub'> <InPorts = 2> <OutPorts = 1>
ST_8 : Operation 877 [1/1] (0.00ns)   --->   "%zext_ln840_185 = zext i2 %add_ln840_159"   --->   Operation 877 'zext' 'zext_ln840_185' <Predicate = (!icmp_ln249 & icmp_ln290)> <Delay = 0.00>
ST_8 : Operation 878 [1/1] (1.56ns) (out node of the LUT)   --->   "%add_ln840_160 = add i2 %zext_ln1039_78, i2 %zext_ln1039_79"   --->   Operation 878 'add' 'add_ln840_160' <Predicate = (!icmp_ln249 & icmp_ln290)> <Delay = 1.56> <CoreInst = "Adder">   --->   Core 1 'Adder' <Latency = 0> <II = 1> <Delay = 1.56> <FuncUnit> <Opcode : 'add' 'sub'> <InPorts = 2> <OutPorts = 1>
ST_8 : Operation 879 [1/1] (0.00ns)   --->   "%zext_ln840_186 = zext i2 %add_ln840_160"   --->   Operation 879 'zext' 'zext_ln840_186' <Predicate = (!icmp_ln249 & icmp_ln290)> <Delay = 0.00>
ST_8 : Operation 880 [1/1] (1.56ns)   --->   "%add_ln840_161 = add i3 %zext_ln840_186, i3 %zext_ln840_185"   --->   Operation 880 'add' 'add_ln840_161' <Predicate = (!icmp_ln249 & icmp_ln290)> <Delay = 1.56> <CoreInst = "Adder">   --->   Core 1 'Adder' <Latency = 0> <II = 1> <Delay = 1.56> <FuncUnit> <Opcode : 'add' 'sub'> <InPorts = 2> <OutPorts = 1>
ST_8 : Operation 881 [1/1] (0.00ns) (grouped into LUT with out node add_ln840_162)   --->   "%shl_ln840_37 = bitconcatenate i2 @_ssdm_op_BitConcatenate.i2.i1.i1, i1 %xor_ln1039_119, i1 0"   --->   Operation 881 'bitconcatenate' 'shl_ln840_37' <Predicate = (!icmp_ln249 & icmp_ln290)> <Delay = 0.00>
ST_8 : Operation 882 [1/1] (0.00ns) (grouped into LUT with out node add_ln840_162)   --->   "%zext_ln840_188 = zext i2 %shl_ln840_37"   --->   Operation 882 'zext' 'zext_ln840_188' <Predicate = (!icmp_ln249 & icmp_ln290)> <Delay = 0.00>
ST_8 : Operation 883 [1/1] (0.00ns) (grouped into LUT with out node add_ln840_162)   --->   "%shl_ln840_38 = bitconcatenate i2 @_ssdm_op_BitConcatenate.i2.i1.i1, i1 %xor_ln1039_120, i1 0"   --->   Operation 883 'bitconcatenate' 'shl_ln840_38' <Predicate = (!icmp_ln249 & icmp_ln290)> <Delay = 0.00>
ST_8 : Operation 884 [1/1] (0.00ns) (grouped into LUT with out node add_ln840_162)   --->   "%zext_ln840_189 = zext i2 %shl_ln840_38"   --->   Operation 884 'zext' 'zext_ln840_189' <Predicate = (!icmp_ln249 & icmp_ln290)> <Delay = 0.00>
ST_8 : Operation 885 [1/1] (1.56ns) (out node of the LUT)   --->   "%add_ln840_162 = add i3 %zext_ln840_189, i3 %zext_ln840_188"   --->   Operation 885 'add' 'add_ln840_162' <Predicate = (!icmp_ln249 & icmp_ln290)> <Delay = 1.56> <CoreInst = "Adder">   --->   Core 1 'Adder' <Latency = 0> <II = 1> <Delay = 1.56> <FuncUnit> <Opcode : 'add' 'sub'> <InPorts = 2> <OutPorts = 1>
ST_8 : Operation 886 [1/1] (1.56ns) (out node of the LUT)   --->   "%add_ln840_164 = add i2 %zext_ln1039_80, i2 %zext_ln1039_81"   --->   Operation 886 'add' 'add_ln840_164' <Predicate = (!icmp_ln249 & icmp_ln290)> <Delay = 1.56> <CoreInst = "Adder">   --->   Core 1 'Adder' <Latency = 0> <II = 1> <Delay = 1.56> <FuncUnit> <Opcode : 'add' 'sub'> <InPorts = 2> <OutPorts = 1>
ST_8 : Operation 887 [1/1] (0.00ns)   --->   "%zext_ln840_192 = zext i2 %add_ln840_164"   --->   Operation 887 'zext' 'zext_ln840_192' <Predicate = (!icmp_ln249 & icmp_ln290)> <Delay = 0.00>
ST_8 : Operation 888 [1/1] (1.56ns)   --->   "%add_ln840_165 = add i2 %zext_ln1039_81, i2 %zext_ln1039_82"   --->   Operation 888 'add' 'add_ln840_165' <Predicate = (!icmp_ln249 & icmp_ln290)> <Delay = 1.56> <CoreInst = "Adder">   --->   Core 1 'Adder' <Latency = 0> <II = 1> <Delay = 1.56> <FuncUnit> <Opcode : 'add' 'sub'> <InPorts = 2> <OutPorts = 1>
ST_8 : Operation 889 [1/1] (0.00ns)   --->   "%zext_ln840_193 = zext i2 %add_ln840_165"   --->   Operation 889 'zext' 'zext_ln840_193' <Predicate = (!icmp_ln249 & icmp_ln290)> <Delay = 0.00>
ST_8 : Operation 890 [1/1] (1.56ns)   --->   "%add_ln840_166 = add i3 %zext_ln840_193, i3 %zext_ln840_192"   --->   Operation 890 'add' 'add_ln840_166' <Predicate = (!icmp_ln249 & icmp_ln290)> <Delay = 1.56> <CoreInst = "Adder">   --->   Core 1 'Adder' <Latency = 0> <II = 1> <Delay = 1.56> <FuncUnit> <Opcode : 'add' 'sub'> <InPorts = 2> <OutPorts = 1>
ST_8 : Operation 891 [1/1] (1.56ns) (out node of the LUT)   --->   "%add_ln840_167 = add i2 %zext_ln1039_82, i2 %zext_ln1039_83"   --->   Operation 891 'add' 'add_ln840_167' <Predicate = (!icmp_ln249 & icmp_ln290)> <Delay = 1.56> <CoreInst = "Adder">   --->   Core 1 'Adder' <Latency = 0> <II = 1> <Delay = 1.56> <FuncUnit> <Opcode : 'add' 'sub'> <InPorts = 2> <OutPorts = 1>
ST_8 : Operation 892 [1/1] (0.00ns) (grouped into LUT with out node add_ln840_168)   --->   "%zext_ln840_195 = zext i2 %add_ln840_167"   --->   Operation 892 'zext' 'zext_ln840_195' <Predicate = (!icmp_ln249 & icmp_ln290)> <Delay = 0.00>
ST_8 : Operation 893 [1/1] (0.00ns) (grouped into LUT with out node add_ln840_168)   --->   "%shl_ln840_39 = bitconcatenate i2 @_ssdm_op_BitConcatenate.i2.i1.i1, i1 %xor_ln1039_125, i1 0"   --->   Operation 893 'bitconcatenate' 'shl_ln840_39' <Predicate = (!icmp_ln249 & icmp_ln290)> <Delay = 0.00>
ST_8 : Operation 894 [1/1] (0.00ns) (grouped into LUT with out node add_ln840_168)   --->   "%zext_ln840_196 = zext i2 %shl_ln840_39"   --->   Operation 894 'zext' 'zext_ln840_196' <Predicate = (!icmp_ln249 & icmp_ln290)> <Delay = 0.00>
ST_8 : Operation 895 [1/1] (1.56ns) (out node of the LUT)   --->   "%add_ln840_168 = add i3 %zext_ln840_196, i3 %zext_ln840_195"   --->   Operation 895 'add' 'add_ln840_168' <Predicate = (!icmp_ln249 & icmp_ln290)> <Delay = 1.56> <CoreInst = "Adder">   --->   Core 1 'Adder' <Latency = 0> <II = 1> <Delay = 1.56> <FuncUnit> <Opcode : 'add' 'sub'> <InPorts = 2> <OutPorts = 1>
ST_8 : Operation 896 [1/1] (1.56ns) (out node of the LUT)   --->   "%add_ln840_171 = add i2 %zext_ln1039_84, i2 %zext_ln1039_85"   --->   Operation 896 'add' 'add_ln840_171' <Predicate = (!icmp_ln249 & icmp_ln290)> <Delay = 1.56> <CoreInst = "Adder">   --->   Core 1 'Adder' <Latency = 0> <II = 1> <Delay = 1.56> <FuncUnit> <Opcode : 'add' 'sub'> <InPorts = 2> <OutPorts = 1>
ST_8 : Operation 897 [1/1] (0.00ns)   --->   "%zext_ln840_200 = zext i2 %add_ln840_171"   --->   Operation 897 'zext' 'zext_ln840_200' <Predicate = (!icmp_ln249 & icmp_ln290)> <Delay = 0.00>
ST_8 : Operation 898 [1/1] (1.56ns)   --->   "%add_ln840_172 = add i2 %zext_ln1039_85, i2 %zext_ln1039_86"   --->   Operation 898 'add' 'add_ln840_172' <Predicate = (!icmp_ln249 & icmp_ln290)> <Delay = 1.56> <CoreInst = "Adder">   --->   Core 1 'Adder' <Latency = 0> <II = 1> <Delay = 1.56> <FuncUnit> <Opcode : 'add' 'sub'> <InPorts = 2> <OutPorts = 1>
ST_8 : Operation 899 [1/1] (0.00ns)   --->   "%zext_ln840_201 = zext i2 %add_ln840_172"   --->   Operation 899 'zext' 'zext_ln840_201' <Predicate = (!icmp_ln249 & icmp_ln290)> <Delay = 0.00>
ST_8 : Operation 900 [1/1] (1.56ns)   --->   "%add_ln840_173 = add i3 %zext_ln840_201, i3 %zext_ln840_200"   --->   Operation 900 'add' 'add_ln840_173' <Predicate = (!icmp_ln249 & icmp_ln290)> <Delay = 1.56> <CoreInst = "Adder">   --->   Core 1 'Adder' <Latency = 0> <II = 1> <Delay = 1.56> <FuncUnit> <Opcode : 'add' 'sub'> <InPorts = 2> <OutPorts = 1>
ST_8 : Operation 901 [1/1] (1.56ns) (out node of the LUT)   --->   "%add_ln840_174 = add i2 %zext_ln1039_86, i2 %zext_ln1039_87"   --->   Operation 901 'add' 'add_ln840_174' <Predicate = (!icmp_ln249 & icmp_ln290)> <Delay = 1.56> <CoreInst = "Adder">   --->   Core 1 'Adder' <Latency = 0> <II = 1> <Delay = 1.56> <FuncUnit> <Opcode : 'add' 'sub'> <InPorts = 2> <OutPorts = 1>
ST_8 : Operation 902 [1/1] (0.00ns) (grouped into LUT with out node add_ln840_175)   --->   "%zext_ln840_203 = zext i2 %add_ln840_174"   --->   Operation 902 'zext' 'zext_ln840_203' <Predicate = (!icmp_ln249 & icmp_ln290)> <Delay = 0.00>
ST_8 : Operation 903 [1/1] (0.00ns) (grouped into LUT with out node add_ln840_175)   --->   "%shl_ln840_40 = bitconcatenate i2 @_ssdm_op_BitConcatenate.i2.i1.i1, i1 %xor_ln1039_130, i1 0"   --->   Operation 903 'bitconcatenate' 'shl_ln840_40' <Predicate = (!icmp_ln249 & icmp_ln290)> <Delay = 0.00>
ST_8 : Operation 904 [1/1] (0.00ns) (grouped into LUT with out node add_ln840_175)   --->   "%zext_ln840_204 = zext i2 %shl_ln840_40"   --->   Operation 904 'zext' 'zext_ln840_204' <Predicate = (!icmp_ln249 & icmp_ln290)> <Delay = 0.00>
ST_8 : Operation 905 [1/1] (1.56ns) (out node of the LUT)   --->   "%add_ln840_175 = add i3 %zext_ln840_204, i3 %zext_ln840_203"   --->   Operation 905 'add' 'add_ln840_175' <Predicate = (!icmp_ln249 & icmp_ln290)> <Delay = 1.56> <CoreInst = "Adder">   --->   Core 1 'Adder' <Latency = 0> <II = 1> <Delay = 1.56> <FuncUnit> <Opcode : 'add' 'sub'> <InPorts = 2> <OutPorts = 1>
ST_8 : Operation 906 [1/1] (0.00ns) (grouped into LUT with out node add_ln840_178)   --->   "%shl_ln840_41 = bitconcatenate i2 @_ssdm_op_BitConcatenate.i2.i1.i1, i1 %xor_ln1039_131, i1 0"   --->   Operation 906 'bitconcatenate' 'shl_ln840_41' <Predicate = (!icmp_ln249 & icmp_ln290)> <Delay = 0.00>
ST_8 : Operation 907 [1/1] (0.00ns) (grouped into LUT with out node add_ln840_178)   --->   "%zext_ln840_207 = zext i2 %shl_ln840_41"   --->   Operation 907 'zext' 'zext_ln840_207' <Predicate = (!icmp_ln249 & icmp_ln290)> <Delay = 0.00>
ST_8 : Operation 908 [1/1] (1.56ns) (out node of the LUT)   --->   "%add_ln840_177 = add i2 %zext_ln1039_88, i2 %zext_ln1039_89"   --->   Operation 908 'add' 'add_ln840_177' <Predicate = (!icmp_ln249 & icmp_ln290)> <Delay = 1.56> <CoreInst = "Adder">   --->   Core 1 'Adder' <Latency = 0> <II = 1> <Delay = 1.56> <FuncUnit> <Opcode : 'add' 'sub'> <InPorts = 2> <OutPorts = 1>
ST_8 : Operation 909 [1/1] (0.00ns) (grouped into LUT with out node add_ln840_178)   --->   "%zext_ln840_208 = zext i2 %add_ln840_177"   --->   Operation 909 'zext' 'zext_ln840_208' <Predicate = (!icmp_ln249 & icmp_ln290)> <Delay = 0.00>
ST_8 : Operation 910 [1/1] (1.56ns) (out node of the LUT)   --->   "%add_ln840_178 = add i3 %zext_ln840_208, i3 %zext_ln840_207"   --->   Operation 910 'add' 'add_ln840_178' <Predicate = (!icmp_ln249 & icmp_ln290)> <Delay = 1.56> <CoreInst = "Adder">   --->   Core 1 'Adder' <Latency = 0> <II = 1> <Delay = 1.56> <FuncUnit> <Opcode : 'add' 'sub'> <InPorts = 2> <OutPorts = 1>
ST_8 : Operation 911 [1/1] (1.56ns)   --->   "%add_ln840_179 = add i2 %zext_ln1039_89, i2 %zext_ln1039_90"   --->   Operation 911 'add' 'add_ln840_179' <Predicate = (!icmp_ln249 & icmp_ln290)> <Delay = 1.56> <CoreInst = "Adder">   --->   Core 1 'Adder' <Latency = 0> <II = 1> <Delay = 1.56> <FuncUnit> <Opcode : 'add' 'sub'> <InPorts = 2> <OutPorts = 1>
ST_8 : Operation 912 [1/1] (0.00ns)   --->   "%zext_ln840_210 = zext i2 %add_ln840_179"   --->   Operation 912 'zext' 'zext_ln840_210' <Predicate = (!icmp_ln249 & icmp_ln290)> <Delay = 0.00>
ST_8 : Operation 913 [1/1] (1.56ns) (out node of the LUT)   --->   "%add_ln840_180 = add i2 %zext_ln1039_90, i2 %zext_ln1039_91"   --->   Operation 913 'add' 'add_ln840_180' <Predicate = (!icmp_ln249 & icmp_ln290)> <Delay = 1.56> <CoreInst = "Adder">   --->   Core 1 'Adder' <Latency = 0> <II = 1> <Delay = 1.56> <FuncUnit> <Opcode : 'add' 'sub'> <InPorts = 2> <OutPorts = 1>
ST_8 : Operation 914 [1/1] (0.00ns)   --->   "%zext_ln840_211 = zext i2 %add_ln840_180"   --->   Operation 914 'zext' 'zext_ln840_211' <Predicate = (!icmp_ln249 & icmp_ln290)> <Delay = 0.00>
ST_8 : Operation 915 [1/1] (1.56ns)   --->   "%add_ln840_181 = add i3 %zext_ln840_211, i3 %zext_ln840_210"   --->   Operation 915 'add' 'add_ln840_181' <Predicate = (!icmp_ln249 & icmp_ln290)> <Delay = 1.56> <CoreInst = "Adder">   --->   Core 1 'Adder' <Latency = 0> <II = 1> <Delay = 1.56> <FuncUnit> <Opcode : 'add' 'sub'> <InPorts = 2> <OutPorts = 1>
ST_8 : Operation 916 [1/1] (0.00ns) (grouped into LUT with out node add_ln840_186)   --->   "%shl_ln840_42 = bitconcatenate i2 @_ssdm_op_BitConcatenate.i2.i1.i1, i1 %xor_ln1039_136, i1 0"   --->   Operation 916 'bitconcatenate' 'shl_ln840_42' <Predicate = (!icmp_ln249 & icmp_ln290)> <Delay = 0.00>
ST_8 : Operation 917 [1/1] (0.00ns) (grouped into LUT with out node add_ln840_186)   --->   "%zext_ln840_216 = zext i2 %shl_ln840_42"   --->   Operation 917 'zext' 'zext_ln840_216' <Predicate = (!icmp_ln249 & icmp_ln290)> <Delay = 0.00>
ST_8 : Operation 918 [1/1] (1.56ns) (out node of the LUT)   --->   "%add_ln840_185 = add i2 %zext_ln1039_92, i2 %zext_ln1039_93"   --->   Operation 918 'add' 'add_ln840_185' <Predicate = (!icmp_ln249 & icmp_ln290)> <Delay = 1.56> <CoreInst = "Adder">   --->   Core 1 'Adder' <Latency = 0> <II = 1> <Delay = 1.56> <FuncUnit> <Opcode : 'add' 'sub'> <InPorts = 2> <OutPorts = 1>
ST_8 : Operation 919 [1/1] (0.00ns) (grouped into LUT with out node add_ln840_186)   --->   "%zext_ln840_217 = zext i2 %add_ln840_185"   --->   Operation 919 'zext' 'zext_ln840_217' <Predicate = (!icmp_ln249 & icmp_ln290)> <Delay = 0.00>
ST_8 : Operation 920 [1/1] (1.56ns) (out node of the LUT)   --->   "%add_ln840_186 = add i3 %zext_ln840_217, i3 %zext_ln840_216"   --->   Operation 920 'add' 'add_ln840_186' <Predicate = (!icmp_ln249 & icmp_ln290)> <Delay = 1.56> <CoreInst = "Adder">   --->   Core 1 'Adder' <Latency = 0> <II = 1> <Delay = 1.56> <FuncUnit> <Opcode : 'add' 'sub'> <InPorts = 2> <OutPorts = 1>
ST_8 : Operation 921 [1/1] (1.56ns)   --->   "%add_ln840_187 = add i2 %zext_ln1039_93, i2 %zext_ln1039_94"   --->   Operation 921 'add' 'add_ln840_187' <Predicate = (!icmp_ln249 & icmp_ln290)> <Delay = 1.56> <CoreInst = "Adder">   --->   Core 1 'Adder' <Latency = 0> <II = 1> <Delay = 1.56> <FuncUnit> <Opcode : 'add' 'sub'> <InPorts = 2> <OutPorts = 1>
ST_8 : Operation 922 [1/1] (0.00ns)   --->   "%zext_ln840_219 = zext i2 %add_ln840_187"   --->   Operation 922 'zext' 'zext_ln840_219' <Predicate = (!icmp_ln249 & icmp_ln290)> <Delay = 0.00>
ST_8 : Operation 923 [1/1] (1.56ns) (out node of the LUT)   --->   "%add_ln840_188 = add i2 %zext_ln1039_94, i2 %zext_ln1039_95"   --->   Operation 923 'add' 'add_ln840_188' <Predicate = (!icmp_ln249 & icmp_ln290)> <Delay = 1.56> <CoreInst = "Adder">   --->   Core 1 'Adder' <Latency = 0> <II = 1> <Delay = 1.56> <FuncUnit> <Opcode : 'add' 'sub'> <InPorts = 2> <OutPorts = 1>
ST_8 : Operation 924 [1/1] (0.00ns)   --->   "%zext_ln840_220 = zext i2 %add_ln840_188"   --->   Operation 924 'zext' 'zext_ln840_220' <Predicate = (!icmp_ln249 & icmp_ln290)> <Delay = 0.00>
ST_8 : Operation 925 [1/1] (1.56ns)   --->   "%add_ln840_189 = add i3 %zext_ln840_220, i3 %zext_ln840_219"   --->   Operation 925 'add' 'add_ln840_189' <Predicate = (!icmp_ln249 & icmp_ln290)> <Delay = 1.56> <CoreInst = "Adder">   --->   Core 1 'Adder' <Latency = 0> <II = 1> <Delay = 1.56> <FuncUnit> <Opcode : 'add' 'sub'> <InPorts = 2> <OutPorts = 1>
ST_8 : Operation 926 [1/1] (0.00ns) (grouped into LUT with out node add_ln840_191)   --->   "%shl_ln840_43 = bitconcatenate i2 @_ssdm_op_BitConcatenate.i2.i1.i1, i1 %xor_ln1039_141, i1 0"   --->   Operation 926 'bitconcatenate' 'shl_ln840_43' <Predicate = (!icmp_ln249 & icmp_ln290)> <Delay = 0.00>
ST_8 : Operation 927 [1/1] (0.00ns) (grouped into LUT with out node add_ln840_191)   --->   "%zext_ln840_223 = zext i2 %shl_ln840_43"   --->   Operation 927 'zext' 'zext_ln840_223' <Predicate = (!icmp_ln249 & icmp_ln290)> <Delay = 0.00>
ST_8 : Operation 928 [1/1] (0.00ns) (grouped into LUT with out node add_ln840_191)   --->   "%shl_ln840_44 = bitconcatenate i2 @_ssdm_op_BitConcatenate.i2.i1.i1, i1 %xor_ln1039_142, i1 0"   --->   Operation 928 'bitconcatenate' 'shl_ln840_44' <Predicate = (!icmp_ln249 & icmp_ln290)> <Delay = 0.00>
ST_8 : Operation 929 [1/1] (0.00ns) (grouped into LUT with out node add_ln840_191)   --->   "%zext_ln840_224 = zext i2 %shl_ln840_44"   --->   Operation 929 'zext' 'zext_ln840_224' <Predicate = (!icmp_ln249 & icmp_ln290)> <Delay = 0.00>
ST_8 : Operation 930 [1/1] (1.56ns) (out node of the LUT)   --->   "%add_ln840_191 = add i3 %zext_ln840_224, i3 %zext_ln840_223"   --->   Operation 930 'add' 'add_ln840_191' <Predicate = (!icmp_ln249 & icmp_ln290)> <Delay = 1.56> <CoreInst = "Adder">   --->   Core 1 'Adder' <Latency = 0> <II = 1> <Delay = 1.56> <FuncUnit> <Opcode : 'add' 'sub'> <InPorts = 2> <OutPorts = 1>
ST_8 : Operation 931 [1/1] (1.56ns) (out node of the LUT)   --->   "%add_ln840_192 = add i2 %zext_ln1039_96, i2 %zext_ln1039_97"   --->   Operation 931 'add' 'add_ln840_192' <Predicate = (!icmp_ln249 & icmp_ln290)> <Delay = 1.56> <CoreInst = "Adder">   --->   Core 1 'Adder' <Latency = 0> <II = 1> <Delay = 1.56> <FuncUnit> <Opcode : 'add' 'sub'> <InPorts = 2> <OutPorts = 1>
ST_8 : Operation 932 [1/1] (0.00ns)   --->   "%zext_ln840_226 = zext i2 %add_ln840_192"   --->   Operation 932 'zext' 'zext_ln840_226' <Predicate = (!icmp_ln249 & icmp_ln290)> <Delay = 0.00>
ST_8 : Operation 933 [1/1] (1.56ns)   --->   "%add_ln840_193 = add i2 %zext_ln1039_97, i2 %zext_ln1039_98"   --->   Operation 933 'add' 'add_ln840_193' <Predicate = (!icmp_ln249 & icmp_ln290)> <Delay = 1.56> <CoreInst = "Adder">   --->   Core 1 'Adder' <Latency = 0> <II = 1> <Delay = 1.56> <FuncUnit> <Opcode : 'add' 'sub'> <InPorts = 2> <OutPorts = 1>
ST_8 : Operation 934 [1/1] (0.00ns)   --->   "%zext_ln840_227 = zext i2 %add_ln840_193"   --->   Operation 934 'zext' 'zext_ln840_227' <Predicate = (!icmp_ln249 & icmp_ln290)> <Delay = 0.00>
ST_8 : Operation 935 [1/1] (1.56ns)   --->   "%add_ln840_194 = add i3 %zext_ln840_227, i3 %zext_ln840_226"   --->   Operation 935 'add' 'add_ln840_194' <Predicate = (!icmp_ln249 & icmp_ln290)> <Delay = 1.56> <CoreInst = "Adder">   --->   Core 1 'Adder' <Latency = 0> <II = 1> <Delay = 1.56> <FuncUnit> <Opcode : 'add' 'sub'> <InPorts = 2> <OutPorts = 1>
ST_8 : Operation 936 [1/1] (1.56ns) (out node of the LUT)   --->   "%add_ln840_197 = add i2 %zext_ln1039_98, i2 %zext_ln1039_99"   --->   Operation 936 'add' 'add_ln840_197' <Predicate = (!icmp_ln249 & icmp_ln290)> <Delay = 1.56> <CoreInst = "Adder">   --->   Core 1 'Adder' <Latency = 0> <II = 1> <Delay = 1.56> <FuncUnit> <Opcode : 'add' 'sub'> <InPorts = 2> <OutPorts = 1>
ST_8 : Operation 937 [1/1] (0.00ns) (grouped into LUT with out node add_ln840_198)   --->   "%zext_ln840_231 = zext i2 %add_ln840_197"   --->   Operation 937 'zext' 'zext_ln840_231' <Predicate = (!icmp_ln249 & icmp_ln290)> <Delay = 0.00>
ST_8 : Operation 938 [1/1] (0.00ns) (grouped into LUT with out node add_ln840_198)   --->   "%shl_ln840_45 = bitconcatenate i2 @_ssdm_op_BitConcatenate.i2.i1.i1, i1 %xor_ln1039_147, i1 0"   --->   Operation 938 'bitconcatenate' 'shl_ln840_45' <Predicate = (!icmp_ln249 & icmp_ln290)> <Delay = 0.00>
ST_8 : Operation 939 [1/1] (0.00ns) (grouped into LUT with out node add_ln840_198)   --->   "%zext_ln840_232 = zext i2 %shl_ln840_45"   --->   Operation 939 'zext' 'zext_ln840_232' <Predicate = (!icmp_ln249 & icmp_ln290)> <Delay = 0.00>
ST_8 : Operation 940 [1/1] (1.56ns) (out node of the LUT)   --->   "%add_ln840_198 = add i3 %zext_ln840_232, i3 %zext_ln840_231"   --->   Operation 940 'add' 'add_ln840_198' <Predicate = (!icmp_ln249 & icmp_ln290)> <Delay = 1.56> <CoreInst = "Adder">   --->   Core 1 'Adder' <Latency = 0> <II = 1> <Delay = 1.56> <FuncUnit> <Opcode : 'add' 'sub'> <InPorts = 2> <OutPorts = 1>
ST_8 : Operation 941 [1/1] (0.00ns) (grouped into LUT with out node add_ln840_200)   --->   "%shl_ln840_46 = bitconcatenate i2 @_ssdm_op_BitConcatenate.i2.i1.i1, i1 %xor_ln1039_148, i1 0"   --->   Operation 941 'bitconcatenate' 'shl_ln840_46' <Predicate = (!icmp_ln249 & icmp_ln290)> <Delay = 0.00>
ST_8 : Operation 942 [1/1] (0.00ns) (grouped into LUT with out node add_ln840_200)   --->   "%zext_ln840_234 = zext i2 %shl_ln840_46"   --->   Operation 942 'zext' 'zext_ln840_234' <Predicate = (!icmp_ln249 & icmp_ln290)> <Delay = 0.00>
ST_8 : Operation 943 [1/1] (1.56ns) (out node of the LUT)   --->   "%add_ln840_199 = add i2 %zext_ln1039_100, i2 %zext_ln1039_101"   --->   Operation 943 'add' 'add_ln840_199' <Predicate = (!icmp_ln249 & icmp_ln290)> <Delay = 1.56> <CoreInst = "Adder">   --->   Core 1 'Adder' <Latency = 0> <II = 1> <Delay = 1.56> <FuncUnit> <Opcode : 'add' 'sub'> <InPorts = 2> <OutPorts = 1>
ST_8 : Operation 944 [1/1] (0.00ns) (grouped into LUT with out node add_ln840_200)   --->   "%zext_ln840_235 = zext i2 %add_ln840_199"   --->   Operation 944 'zext' 'zext_ln840_235' <Predicate = (!icmp_ln249 & icmp_ln290)> <Delay = 0.00>
ST_8 : Operation 945 [1/1] (1.56ns) (out node of the LUT)   --->   "%add_ln840_200 = add i3 %zext_ln840_235, i3 %zext_ln840_234"   --->   Operation 945 'add' 'add_ln840_200' <Predicate = (!icmp_ln249 & icmp_ln290)> <Delay = 1.56> <CoreInst = "Adder">   --->   Core 1 'Adder' <Latency = 0> <II = 1> <Delay = 1.56> <FuncUnit> <Opcode : 'add' 'sub'> <InPorts = 2> <OutPorts = 1>
ST_8 : Operation 946 [1/1] (1.56ns) (out node of the LUT)   --->   "%add_ln840_202 = add i2 %zext_ln1039_101, i2 %zext_ln1039_102"   --->   Operation 946 'add' 'add_ln840_202' <Predicate = (!icmp_ln249 & icmp_ln290)> <Delay = 1.56> <CoreInst = "Adder">   --->   Core 1 'Adder' <Latency = 0> <II = 1> <Delay = 1.56> <FuncUnit> <Opcode : 'add' 'sub'> <InPorts = 2> <OutPorts = 1>
ST_8 : Operation 947 [1/1] (0.00ns) (grouped into LUT with out node add_ln840_203)   --->   "%zext_ln840_238 = zext i2 %add_ln840_202"   --->   Operation 947 'zext' 'zext_ln840_238' <Predicate = (!icmp_ln249 & icmp_ln290)> <Delay = 0.00>
ST_8 : Operation 948 [1/1] (0.00ns) (grouped into LUT with out node add_ln840_203)   --->   "%shl_ln840_47 = bitconcatenate i2 @_ssdm_op_BitConcatenate.i2.i1.i1, i1 %xor_ln1039_152, i1 0"   --->   Operation 948 'bitconcatenate' 'shl_ln840_47' <Predicate = (!icmp_ln249 & icmp_ln290)> <Delay = 0.00>
ST_8 : Operation 949 [1/1] (0.00ns) (grouped into LUT with out node add_ln840_203)   --->   "%zext_ln840_239 = zext i2 %shl_ln840_47"   --->   Operation 949 'zext' 'zext_ln840_239' <Predicate = (!icmp_ln249 & icmp_ln290)> <Delay = 0.00>
ST_8 : Operation 950 [1/1] (1.56ns) (out node of the LUT)   --->   "%add_ln840_203 = add i3 %zext_ln840_239, i3 %zext_ln840_238"   --->   Operation 950 'add' 'add_ln840_203' <Predicate = (!icmp_ln249 & icmp_ln290)> <Delay = 1.56> <CoreInst = "Adder">   --->   Core 1 'Adder' <Latency = 0> <II = 1> <Delay = 1.56> <FuncUnit> <Opcode : 'add' 'sub'> <InPorts = 2> <OutPorts = 1>
ST_8 : Operation 951 [1/1] (0.00ns) (grouped into LUT with out node add_ln840_205)   --->   "%shl_ln840_48 = bitconcatenate i2 @_ssdm_op_BitConcatenate.i2.i1.i1, i1 %xor_ln1039_153, i1 0"   --->   Operation 951 'bitconcatenate' 'shl_ln840_48' <Predicate = (!icmp_ln249 & icmp_ln290)> <Delay = 0.00>
ST_8 : Operation 952 [1/1] (0.00ns) (grouped into LUT with out node add_ln840_205)   --->   "%zext_ln840_241 = zext i2 %shl_ln840_48"   --->   Operation 952 'zext' 'zext_ln840_241' <Predicate = (!icmp_ln249 & icmp_ln290)> <Delay = 0.00>
ST_8 : Operation 953 [1/1] (1.56ns) (out node of the LUT)   --->   "%add_ln840_204 = add i2 %zext_ln1039_103, i2 %zext_ln840_1"   --->   Operation 953 'add' 'add_ln840_204' <Predicate = (!icmp_ln249 & icmp_ln290)> <Delay = 1.56> <CoreInst = "Adder">   --->   Core 1 'Adder' <Latency = 0> <II = 1> <Delay = 1.56> <FuncUnit> <Opcode : 'add' 'sub'> <InPorts = 2> <OutPorts = 1>
ST_8 : Operation 954 [1/1] (0.00ns) (grouped into LUT with out node add_ln840_205)   --->   "%zext_ln840_242 = zext i2 %add_ln840_204"   --->   Operation 954 'zext' 'zext_ln840_242' <Predicate = (!icmp_ln249 & icmp_ln290)> <Delay = 0.00>
ST_8 : Operation 955 [1/1] (1.56ns) (out node of the LUT)   --->   "%add_ln840_205 = add i3 %zext_ln840_242, i3 %zext_ln840_241"   --->   Operation 955 'add' 'add_ln840_205' <Predicate = (!icmp_ln249 & icmp_ln290)> <Delay = 1.56> <CoreInst = "Adder">   --->   Core 1 'Adder' <Latency = 0> <II = 1> <Delay = 1.56> <FuncUnit> <Opcode : 'add' 'sub'> <InPorts = 2> <OutPorts = 1>

State 9 <SV = 8> <Delay = 7.14>
ST_9 : Operation 956 [1/1] (0.00ns) (grouped into LUT with out node add_ln840_8)   --->   "%zext_ln840 = zext i1 %xor_ln1039"   --->   Operation 956 'zext' 'zext_ln840' <Predicate = (!icmp_ln249 & icmp_ln290)> <Delay = 0.00>
ST_9 : Operation 957 [1/1] (0.00ns)   --->   "%result_V = bitconcatenate i8 @_ssdm_op_BitConcatenate.i8.i7.i1, i7 64, i1 %xor_ln1039"   --->   Operation 957 'bitconcatenate' 'result_V' <Predicate = (!icmp_ln249 & icmp_ln290)> <Delay = 0.00>
ST_9 : Operation 958 [1/1] (0.00ns) (grouped into LUT with out node add_ln840_8)   --->   "%xor_ln1039_1 = xor i1 %icmp_ln1039_1, i1 1"   --->   Operation 958 'xor' 'xor_ln1039_1' <Predicate = (!icmp_ln249 & icmp_ln290)> <Delay = 0.00> <CoreInst = "LogicGate">   --->   Core 74 'LogicGate' <Latency = 0> <II = 1> <Delay = 0.97> <FuncUnit> <Opcode : 'and' 'or' 'xor'> <InPorts = 2> <OutPorts = 1>
ST_9 : Operation 959 [1/1] (0.00ns) (grouped into LUT with out node add_ln840_8)   --->   "%zext_ln1039 = zext i1 %xor_ln1039_1"   --->   Operation 959 'zext' 'zext_ln1039' <Predicate = (!icmp_ln249 & icmp_ln290)> <Delay = 0.00>
ST_9 : Operation 960 [1/1] (0.00ns) (grouped into LUT with out node add_ln840_10)   --->   "%xor_ln1039_2 = xor i1 %icmp_ln1039_2, i1 1"   --->   Operation 960 'xor' 'xor_ln1039_2' <Predicate = (!icmp_ln249 & icmp_ln290)> <Delay = 0.00> <CoreInst = "LogicGate">   --->   Core 74 'LogicGate' <Latency = 0> <II = 1> <Delay = 0.97> <FuncUnit> <Opcode : 'and' 'or' 'xor'> <InPorts = 2> <OutPorts = 1>
ST_9 : Operation 961 [1/1] (0.00ns) (grouped into LUT with out node add_ln840_10)   --->   "%xor_ln1039_3 = xor i1 %icmp_ln1039_3, i1 1"   --->   Operation 961 'xor' 'xor_ln1039_3' <Predicate = (!icmp_ln249 & icmp_ln290)> <Delay = 0.00> <CoreInst = "LogicGate">   --->   Core 74 'LogicGate' <Latency = 0> <II = 1> <Delay = 0.97> <FuncUnit> <Opcode : 'and' 'or' 'xor'> <InPorts = 2> <OutPorts = 1>
ST_9 : Operation 962 [1/1] (0.00ns) (grouped into LUT with out node add_ln840_15)   --->   "%xor_ln1039_7 = xor i1 %icmp_ln1039_7, i1 1"   --->   Operation 962 'xor' 'xor_ln1039_7' <Predicate = (!icmp_ln249 & icmp_ln290)> <Delay = 0.00> <CoreInst = "LogicGate">   --->   Core 74 'LogicGate' <Latency = 0> <II = 1> <Delay = 0.97> <FuncUnit> <Opcode : 'and' 'or' 'xor'> <InPorts = 2> <OutPorts = 1>
ST_9 : Operation 963 [1/1] (0.00ns) (grouped into LUT with out node add_ln840_15)   --->   "%xor_ln1039_8 = xor i1 %icmp_ln1039_8, i1 1"   --->   Operation 963 'xor' 'xor_ln1039_8' <Predicate = (!icmp_ln249 & icmp_ln290)> <Delay = 0.00> <CoreInst = "LogicGate">   --->   Core 74 'LogicGate' <Latency = 0> <II = 1> <Delay = 0.97> <FuncUnit> <Opcode : 'and' 'or' 'xor'> <InPorts = 2> <OutPorts = 1>
ST_9 : Operation 964 [1/1] (0.00ns) (grouped into LUT with out node add_ln840_18)   --->   "%xor_ln1039_9 = xor i1 %icmp_ln1039_9, i1 1"   --->   Operation 964 'xor' 'xor_ln1039_9' <Predicate = (!icmp_ln249 & icmp_ln290)> <Delay = 0.00> <CoreInst = "LogicGate">   --->   Core 74 'LogicGate' <Latency = 0> <II = 1> <Delay = 0.97> <FuncUnit> <Opcode : 'and' 'or' 'xor'> <InPorts = 2> <OutPorts = 1>
ST_9 : Operation 965 [1/1] (0.00ns) (grouped into LUT with out node add_ln840_18)   --->   "%zext_ln1039_4 = zext i1 %xor_ln1039_9"   --->   Operation 965 'zext' 'zext_ln1039_4' <Predicate = (!icmp_ln249 & icmp_ln290)> <Delay = 0.00>
ST_9 : Operation 966 [1/1] (0.00ns)   --->   "%zext_ln1039_5 = zext i1 %xor_ln1039_10"   --->   Operation 966 'zext' 'zext_ln1039_5' <Predicate = (!icmp_ln249 & icmp_ln290)> <Delay = 0.00>
ST_9 : Operation 967 [1/1] (0.00ns)   --->   "%zext_ln1039_6 = zext i1 %xor_ln1039_11"   --->   Operation 967 'zext' 'zext_ln1039_6' <Predicate = (!icmp_ln249 & icmp_ln290)> <Delay = 0.00>
ST_9 : Operation 968 [1/1] (0.00ns) (grouped into LUT with out node add_ln840_21)   --->   "%xor_ln1039_12 = xor i1 %icmp_ln1039_12, i1 1"   --->   Operation 968 'xor' 'xor_ln1039_12' <Predicate = (!icmp_ln249 & icmp_ln290)> <Delay = 0.00> <CoreInst = "LogicGate">   --->   Core 74 'LogicGate' <Latency = 0> <II = 1> <Delay = 0.97> <FuncUnit> <Opcode : 'and' 'or' 'xor'> <InPorts = 2> <OutPorts = 1>
ST_9 : Operation 969 [1/1] (0.00ns) (grouped into LUT with out node add_ln840_21)   --->   "%zext_ln1039_7 = zext i1 %xor_ln1039_12"   --->   Operation 969 'zext' 'zext_ln1039_7' <Predicate = (!icmp_ln249 & icmp_ln290)> <Delay = 0.00>
ST_9 : Operation 970 [1/1] (0.00ns) (grouped into LUT with out node add_ln840_22)   --->   "%xor_ln1039_13 = xor i1 %icmp_ln1039_13, i1 1"   --->   Operation 970 'xor' 'xor_ln1039_13' <Predicate = (!icmp_ln249 & icmp_ln290)> <Delay = 0.00> <CoreInst = "LogicGate">   --->   Core 74 'LogicGate' <Latency = 0> <II = 1> <Delay = 0.97> <FuncUnit> <Opcode : 'and' 'or' 'xor'> <InPorts = 2> <OutPorts = 1>
ST_9 : Operation 971 [1/1] (0.00ns) (grouped into LUT with out node add_ln840_25)   --->   "%xor_ln1039_14 = xor i1 %icmp_ln1039_14, i1 1"   --->   Operation 971 'xor' 'xor_ln1039_14' <Predicate = (!icmp_ln249 & icmp_ln290)> <Delay = 0.00> <CoreInst = "LogicGate">   --->   Core 74 'LogicGate' <Latency = 0> <II = 1> <Delay = 0.97> <FuncUnit> <Opcode : 'and' 'or' 'xor'> <InPorts = 2> <OutPorts = 1>
ST_9 : Operation 972 [1/1] (0.00ns) (grouped into LUT with out node add_ln840_24)   --->   "%xor_ln1039_15 = xor i1 %icmp_ln1039_15, i1 1"   --->   Operation 972 'xor' 'xor_ln1039_15' <Predicate = (!icmp_ln249 & icmp_ln290)> <Delay = 0.00> <CoreInst = "LogicGate">   --->   Core 74 'LogicGate' <Latency = 0> <II = 1> <Delay = 0.97> <FuncUnit> <Opcode : 'and' 'or' 'xor'> <InPorts = 2> <OutPorts = 1>
ST_9 : Operation 973 [1/1] (0.00ns) (grouped into LUT with out node add_ln840_24)   --->   "%zext_ln1039_8 = zext i1 %xor_ln1039_15"   --->   Operation 973 'zext' 'zext_ln1039_8' <Predicate = (!icmp_ln249 & icmp_ln290)> <Delay = 0.00>
ST_9 : Operation 974 [1/1] (0.00ns)   --->   "%zext_ln1039_9 = zext i1 %xor_ln1039_16"   --->   Operation 974 'zext' 'zext_ln1039_9' <Predicate = (!icmp_ln249 & icmp_ln290)> <Delay = 0.00>
ST_9 : Operation 975 [1/1] (0.00ns)   --->   "%zext_ln1039_10 = zext i1 %xor_ln1039_17"   --->   Operation 975 'zext' 'zext_ln1039_10' <Predicate = (!icmp_ln249 & icmp_ln290)> <Delay = 0.00>
ST_9 : Operation 976 [1/1] (0.00ns) (grouped into LUT with out node add_ln840_27)   --->   "%xor_ln1039_18 = xor i1 %icmp_ln1039_18, i1 1"   --->   Operation 976 'xor' 'xor_ln1039_18' <Predicate = (!icmp_ln249 & icmp_ln290)> <Delay = 0.00> <CoreInst = "LogicGate">   --->   Core 74 'LogicGate' <Latency = 0> <II = 1> <Delay = 0.97> <FuncUnit> <Opcode : 'and' 'or' 'xor'> <InPorts = 2> <OutPorts = 1>
ST_9 : Operation 977 [1/1] (0.00ns) (grouped into LUT with out node add_ln840_27)   --->   "%zext_ln1039_11 = zext i1 %xor_ln1039_18"   --->   Operation 977 'zext' 'zext_ln1039_11' <Predicate = (!icmp_ln249 & icmp_ln290)> <Delay = 0.00>
ST_9 : Operation 978 [1/1] (0.00ns) (grouped into LUT with out node add_ln840_33)   --->   "%xor_ln1039_19 = xor i1 %icmp_ln1039_19, i1 1"   --->   Operation 978 'xor' 'xor_ln1039_19' <Predicate = (!icmp_ln249 & icmp_ln290)> <Delay = 0.00> <CoreInst = "LogicGate">   --->   Core 74 'LogicGate' <Latency = 0> <II = 1> <Delay = 0.97> <FuncUnit> <Opcode : 'and' 'or' 'xor'> <InPorts = 2> <OutPorts = 1>
ST_9 : Operation 979 [1/1] (0.00ns) (grouped into LUT with out node add_ln840_38)   --->   "%xor_ln1039_24 = xor i1 %icmp_ln1039_24, i1 1"   --->   Operation 979 'xor' 'xor_ln1039_24' <Predicate = (!icmp_ln249 & icmp_ln290)> <Delay = 0.00> <CoreInst = "LogicGate">   --->   Core 74 'LogicGate' <Latency = 0> <II = 1> <Delay = 0.97> <FuncUnit> <Opcode : 'and' 'or' 'xor'> <InPorts = 2> <OutPorts = 1>
ST_9 : Operation 980 [1/1] (0.00ns) (grouped into LUT with out node add_ln840_38)   --->   "%xor_ln1039_25 = xor i1 %icmp_ln1039_25, i1 1"   --->   Operation 980 'xor' 'xor_ln1039_25' <Predicate = (!icmp_ln249 & icmp_ln290)> <Delay = 0.00> <CoreInst = "LogicGate">   --->   Core 74 'LogicGate' <Latency = 0> <II = 1> <Delay = 0.97> <FuncUnit> <Opcode : 'and' 'or' 'xor'> <InPorts = 2> <OutPorts = 1>
ST_9 : Operation 981 [1/1] (0.00ns) (grouped into LUT with out node add_ln840_45)   --->   "%xor_ln1039_30 = xor i1 %icmp_ln1039_30, i1 1"   --->   Operation 981 'xor' 'xor_ln1039_30' <Predicate = (!icmp_ln249 & icmp_ln290)> <Delay = 0.00> <CoreInst = "LogicGate">   --->   Core 74 'LogicGate' <Latency = 0> <II = 1> <Delay = 0.97> <FuncUnit> <Opcode : 'and' 'or' 'xor'> <InPorts = 2> <OutPorts = 1>
ST_9 : Operation 982 [1/1] (0.00ns) (grouped into LUT with out node add_ln840_51)   --->   "%xor_ln1039_35 = xor i1 %icmp_ln1039_35, i1 1"   --->   Operation 982 'xor' 'xor_ln1039_35' <Predicate = (!icmp_ln249 & icmp_ln290)> <Delay = 0.00> <CoreInst = "LogicGate">   --->   Core 74 'LogicGate' <Latency = 0> <II = 1> <Delay = 0.97> <FuncUnit> <Opcode : 'and' 'or' 'xor'> <InPorts = 2> <OutPorts = 1>
ST_9 : Operation 983 [1/1] (0.00ns) (grouped into LUT with out node add_ln840_53)   --->   "%xor_ln1039_36 = xor i1 %icmp_ln1039_36, i1 1"   --->   Operation 983 'xor' 'xor_ln1039_36' <Predicate = (!icmp_ln249 & icmp_ln290)> <Delay = 0.00> <CoreInst = "LogicGate">   --->   Core 74 'LogicGate' <Latency = 0> <II = 1> <Delay = 0.97> <FuncUnit> <Opcode : 'and' 'or' 'xor'> <InPorts = 2> <OutPorts = 1>
ST_9 : Operation 984 [1/1] (1.56ns) (out node of the LUT)   --->   "%add_ln840_8 = add i2 %zext_ln840, i2 %zext_ln1039"   --->   Operation 984 'add' 'add_ln840_8' <Predicate = (!icmp_ln249 & icmp_ln290)> <Delay = 1.56> <CoreInst = "Adder">   --->   Core 1 'Adder' <Latency = 0> <II = 1> <Delay = 1.56> <FuncUnit> <Opcode : 'add' 'sub'> <InPorts = 2> <OutPorts = 1>
ST_9 : Operation 985 [1/1] (0.00ns)   --->   "%zext_ln840_2 = zext i2 %add_ln840_8"   --->   Operation 985 'zext' 'zext_ln840_2' <Predicate = (!icmp_ln249 & icmp_ln290)> <Delay = 0.00>
ST_9 : Operation 986 [1/1] (1.91ns)   --->   "%add_ln840_9 = add i8 %zext_ln840_2, i8 %result_V"   --->   Operation 986 'add' 'add_ln840_9' <Predicate = (!icmp_ln249 & icmp_ln290)> <Delay = 1.91> <CoreInst = "Adder">   --->   Core 1 'Adder' <Latency = 0> <II = 1> <Delay = 1.91> <FuncUnit> <Opcode : 'add' 'sub'> <InPorts = 2> <OutPorts = 1>
ST_9 : Operation 987 [1/1] (0.00ns) (grouped into LUT with out node add_ln840_10)   --->   "%shl_ln = bitconcatenate i2 @_ssdm_op_BitConcatenate.i2.i1.i1, i1 %xor_ln1039_2, i1 0"   --->   Operation 987 'bitconcatenate' 'shl_ln' <Predicate = (!icmp_ln249 & icmp_ln290)> <Delay = 0.00>
ST_9 : Operation 988 [1/1] (0.00ns) (grouped into LUT with out node add_ln840_10)   --->   "%zext_ln840_3 = zext i2 %shl_ln"   --->   Operation 988 'zext' 'zext_ln840_3' <Predicate = (!icmp_ln249 & icmp_ln290)> <Delay = 0.00>
ST_9 : Operation 989 [1/1] (0.00ns) (grouped into LUT with out node add_ln840_10)   --->   "%shl_ln840_1 = bitconcatenate i2 @_ssdm_op_BitConcatenate.i2.i1.i1, i1 %xor_ln1039_3, i1 0"   --->   Operation 989 'bitconcatenate' 'shl_ln840_1' <Predicate = (!icmp_ln249 & icmp_ln290)> <Delay = 0.00>
ST_9 : Operation 990 [1/1] (0.00ns) (grouped into LUT with out node add_ln840_10)   --->   "%zext_ln840_4 = zext i2 %shl_ln840_1"   --->   Operation 990 'zext' 'zext_ln840_4' <Predicate = (!icmp_ln249 & icmp_ln290)> <Delay = 0.00>
ST_9 : Operation 991 [1/1] (1.56ns) (out node of the LUT)   --->   "%add_ln840_10 = add i3 %zext_ln840_4, i3 %zext_ln840_3"   --->   Operation 991 'add' 'add_ln840_10' <Predicate = (!icmp_ln249 & icmp_ln290)> <Delay = 1.56> <CoreInst = "Adder">   --->   Core 1 'Adder' <Latency = 0> <II = 1> <Delay = 1.56> <FuncUnit> <Opcode : 'add' 'sub'> <InPorts = 2> <OutPorts = 1>
ST_9 : Operation 992 [1/1] (0.00ns)   --->   "%zext_ln840_5 = zext i3 %add_ln840_10"   --->   Operation 992 'zext' 'zext_ln840_5' <Predicate = (!icmp_ln249 & icmp_ln290)> <Delay = 0.00>
ST_9 : Operation 993 [1/1] (0.00ns) (grouped into TernaryAdder)   --->   "%add_ln840_11 = add i8 %zext_ln840_5, i8 %add_ln840_9"   --->   Operation 993 'add' 'add_ln840_11' <Predicate = (!icmp_ln249 & icmp_ln290)> <Delay = 0.00> <CoreInst = "TAddSub">   --->   Core 10 'TAddSub' <Latency = 0> <II = 1> <Delay = 1.83> <IPBlock> <Opcode : 'add' 'sub'> <InPorts = 3> <OutPorts = 1> <Sync> <CReg>
ST_9 : Operation 994 [1/1] (0.00ns)   --->   "%zext_ln840_8 = zext i3 %add_ln840_14"   --->   Operation 994 'zext' 'zext_ln840_8' <Predicate = (!icmp_ln249 & icmp_ln290)> <Delay = 0.00>
ST_9 : Operation 995 [1/1] (0.00ns) (grouped into LUT with out node add_ln840_15)   --->   "%shl_ln840_2 = bitconcatenate i2 @_ssdm_op_BitConcatenate.i2.i1.i1, i1 %xor_ln1039_7, i1 0"   --->   Operation 995 'bitconcatenate' 'shl_ln840_2' <Predicate = (!icmp_ln249 & icmp_ln290)> <Delay = 0.00>
ST_9 : Operation 996 [1/1] (0.00ns) (grouped into LUT with out node add_ln840_15)   --->   "%zext_ln840_9 = zext i2 %shl_ln840_2"   --->   Operation 996 'zext' 'zext_ln840_9' <Predicate = (!icmp_ln249 & icmp_ln290)> <Delay = 0.00>
ST_9 : Operation 997 [1/1] (0.00ns) (grouped into LUT with out node add_ln840_15)   --->   "%shl_ln840_3 = bitconcatenate i2 @_ssdm_op_BitConcatenate.i2.i1.i1, i1 %xor_ln1039_8, i1 0"   --->   Operation 997 'bitconcatenate' 'shl_ln840_3' <Predicate = (!icmp_ln249 & icmp_ln290)> <Delay = 0.00>
ST_9 : Operation 998 [1/1] (0.00ns) (grouped into LUT with out node add_ln840_15)   --->   "%zext_ln840_10 = zext i2 %shl_ln840_3"   --->   Operation 998 'zext' 'zext_ln840_10' <Predicate = (!icmp_ln249 & icmp_ln290)> <Delay = 0.00>
ST_9 : Operation 999 [1/1] (1.56ns) (out node of the LUT)   --->   "%add_ln840_15 = add i3 %zext_ln840_10, i3 %zext_ln840_9"   --->   Operation 999 'add' 'add_ln840_15' <Predicate = (!icmp_ln249 & icmp_ln290)> <Delay = 1.56> <CoreInst = "Adder">   --->   Core 1 'Adder' <Latency = 0> <II = 1> <Delay = 1.56> <FuncUnit> <Opcode : 'add' 'sub'> <InPorts = 2> <OutPorts = 1>
ST_9 : Operation 1000 [1/1] (0.00ns)   --->   "%zext_ln840_11 = zext i3 %add_ln840_15"   --->   Operation 1000 'zext' 'zext_ln840_11' <Predicate = (!icmp_ln249 & icmp_ln290)> <Delay = 0.00>
ST_9 : Operation 1001 [1/1] (1.65ns)   --->   "%add_ln840_16 = add i4 %zext_ln840_11, i4 %zext_ln840_8"   --->   Operation 1001 'add' 'add_ln840_16' <Predicate = (!icmp_ln249 & icmp_ln290)> <Delay = 1.65> <CoreInst = "Adder">   --->   Core 1 'Adder' <Latency = 0> <II = 1> <Delay = 1.65> <FuncUnit> <Opcode : 'add' 'sub'> <InPorts = 2> <OutPorts = 1>
ST_9 : Operation 1002 [1/1] (0.00ns)   --->   "%zext_ln840_12 = zext i4 %add_ln840_16"   --->   Operation 1002 'zext' 'zext_ln840_12' <Predicate = (!icmp_ln249 & icmp_ln290)> <Delay = 0.00>
ST_9 : Operation 1003 [1/1] (3.66ns) (root node of TernaryAdder)   --->   "%add_ln840_17 = add i8 %zext_ln840_12, i8 %add_ln840_11"   --->   Operation 1003 'add' 'add_ln840_17' <Predicate = (!icmp_ln249 & icmp_ln290)> <Delay = 3.66> <CoreInst = "TAddSub">   --->   Core 10 'TAddSub' <Latency = 0> <II = 1> <Delay = 1.83> <IPBlock> <Opcode : 'add' 'sub'> <InPorts = 3> <OutPorts = 1> <Sync> <CReg>
ST_9 : Operation 1004 [1/1] (1.56ns) (out node of the LUT)   --->   "%add_ln840_18 = add i2 %zext_ln1039_4, i2 %zext_ln1039_5"   --->   Operation 1004 'add' 'add_ln840_18' <Predicate = (!icmp_ln249 & icmp_ln290)> <Delay = 1.56> <CoreInst = "Adder">   --->   Core 1 'Adder' <Latency = 0> <II = 1> <Delay = 1.56> <FuncUnit> <Opcode : 'add' 'sub'> <InPorts = 2> <OutPorts = 1>
ST_9 : Operation 1005 [1/1] (0.00ns)   --->   "%zext_ln840_13 = zext i2 %add_ln840_18"   --->   Operation 1005 'zext' 'zext_ln840_13' <Predicate = (!icmp_ln249 & icmp_ln290)> <Delay = 0.00>
ST_9 : Operation 1006 [1/1] (1.56ns)   --->   "%add_ln840_19 = add i2 %zext_ln1039_5, i2 %zext_ln1039_6"   --->   Operation 1006 'add' 'add_ln840_19' <Predicate = (!icmp_ln249 & icmp_ln290)> <Delay = 1.56> <CoreInst = "Adder">   --->   Core 1 'Adder' <Latency = 0> <II = 1> <Delay = 1.56> <FuncUnit> <Opcode : 'add' 'sub'> <InPorts = 2> <OutPorts = 1>
ST_9 : Operation 1007 [1/1] (0.00ns)   --->   "%zext_ln840_14 = zext i2 %add_ln840_19"   --->   Operation 1007 'zext' 'zext_ln840_14' <Predicate = (!icmp_ln249 & icmp_ln290)> <Delay = 0.00>
ST_9 : Operation 1008 [1/1] (1.56ns)   --->   "%add_ln840_20 = add i3 %zext_ln840_14, i3 %zext_ln840_13"   --->   Operation 1008 'add' 'add_ln840_20' <Predicate = (!icmp_ln249 & icmp_ln290)> <Delay = 1.56> <CoreInst = "Adder">   --->   Core 1 'Adder' <Latency = 0> <II = 1> <Delay = 1.56> <FuncUnit> <Opcode : 'add' 'sub'> <InPorts = 2> <OutPorts = 1>
ST_9 : Operation 1009 [1/1] (0.00ns)   --->   "%zext_ln840_15 = zext i3 %add_ln840_20"   --->   Operation 1009 'zext' 'zext_ln840_15' <Predicate = (!icmp_ln249 & icmp_ln290)> <Delay = 0.00>
ST_9 : Operation 1010 [1/1] (1.56ns) (out node of the LUT)   --->   "%add_ln840_21 = add i2 %zext_ln1039_6, i2 %zext_ln1039_7"   --->   Operation 1010 'add' 'add_ln840_21' <Predicate = (!icmp_ln249 & icmp_ln290)> <Delay = 1.56> <CoreInst = "Adder">   --->   Core 1 'Adder' <Latency = 0> <II = 1> <Delay = 1.56> <FuncUnit> <Opcode : 'add' 'sub'> <InPorts = 2> <OutPorts = 1>
ST_9 : Operation 1011 [1/1] (0.00ns) (grouped into LUT with out node add_ln840_22)   --->   "%zext_ln840_16 = zext i2 %add_ln840_21"   --->   Operation 1011 'zext' 'zext_ln840_16' <Predicate = (!icmp_ln249 & icmp_ln290)> <Delay = 0.00>
ST_9 : Operation 1012 [1/1] (0.00ns) (grouped into LUT with out node add_ln840_22)   --->   "%shl_ln840_4 = bitconcatenate i2 @_ssdm_op_BitConcatenate.i2.i1.i1, i1 %xor_ln1039_13, i1 0"   --->   Operation 1012 'bitconcatenate' 'shl_ln840_4' <Predicate = (!icmp_ln249 & icmp_ln290)> <Delay = 0.00>
ST_9 : Operation 1013 [1/1] (0.00ns) (grouped into LUT with out node add_ln840_22)   --->   "%zext_ln840_17 = zext i2 %shl_ln840_4"   --->   Operation 1013 'zext' 'zext_ln840_17' <Predicate = (!icmp_ln249 & icmp_ln290)> <Delay = 0.00>
ST_9 : Operation 1014 [1/1] (1.56ns) (out node of the LUT)   --->   "%add_ln840_22 = add i3 %zext_ln840_17, i3 %zext_ln840_16"   --->   Operation 1014 'add' 'add_ln840_22' <Predicate = (!icmp_ln249 & icmp_ln290)> <Delay = 1.56> <CoreInst = "Adder">   --->   Core 1 'Adder' <Latency = 0> <II = 1> <Delay = 1.56> <FuncUnit> <Opcode : 'add' 'sub'> <InPorts = 2> <OutPorts = 1>
ST_9 : Operation 1015 [1/1] (0.00ns)   --->   "%zext_ln840_18 = zext i3 %add_ln840_22"   --->   Operation 1015 'zext' 'zext_ln840_18' <Predicate = (!icmp_ln249 & icmp_ln290)> <Delay = 0.00>
ST_9 : Operation 1016 [1/1] (1.65ns)   --->   "%add_ln840_23 = add i4 %zext_ln840_18, i4 %zext_ln840_15"   --->   Operation 1016 'add' 'add_ln840_23' <Predicate = (!icmp_ln249 & icmp_ln290)> <Delay = 1.65> <CoreInst = "Adder">   --->   Core 1 'Adder' <Latency = 0> <II = 1> <Delay = 1.65> <FuncUnit> <Opcode : 'add' 'sub'> <InPorts = 2> <OutPorts = 1>
ST_9 : Operation 1017 [1/1] (0.00ns)   --->   "%zext_ln840_19 = zext i4 %add_ln840_23"   --->   Operation 1017 'zext' 'zext_ln840_19' <Predicate = (!icmp_ln249 & icmp_ln290)> <Delay = 0.00>
ST_9 : Operation 1018 [1/1] (0.00ns) (grouped into LUT with out node add_ln840_25)   --->   "%shl_ln840_5 = bitconcatenate i2 @_ssdm_op_BitConcatenate.i2.i1.i1, i1 %xor_ln1039_14, i1 0"   --->   Operation 1018 'bitconcatenate' 'shl_ln840_5' <Predicate = (!icmp_ln249 & icmp_ln290)> <Delay = 0.00>
ST_9 : Operation 1019 [1/1] (0.00ns) (grouped into LUT with out node add_ln840_25)   --->   "%zext_ln840_20 = zext i2 %shl_ln840_5"   --->   Operation 1019 'zext' 'zext_ln840_20' <Predicate = (!icmp_ln249 & icmp_ln290)> <Delay = 0.00>
ST_9 : Operation 1020 [1/1] (1.56ns) (out node of the LUT)   --->   "%add_ln840_24 = add i2 %zext_ln1039_8, i2 %zext_ln1039_9"   --->   Operation 1020 'add' 'add_ln840_24' <Predicate = (!icmp_ln249 & icmp_ln290)> <Delay = 1.56> <CoreInst = "Adder">   --->   Core 1 'Adder' <Latency = 0> <II = 1> <Delay = 1.56> <FuncUnit> <Opcode : 'add' 'sub'> <InPorts = 2> <OutPorts = 1>
ST_9 : Operation 1021 [1/1] (0.00ns) (grouped into LUT with out node add_ln840_25)   --->   "%zext_ln840_21 = zext i2 %add_ln840_24"   --->   Operation 1021 'zext' 'zext_ln840_21' <Predicate = (!icmp_ln249 & icmp_ln290)> <Delay = 0.00>
ST_9 : Operation 1022 [1/1] (1.56ns) (out node of the LUT)   --->   "%add_ln840_25 = add i3 %zext_ln840_21, i3 %zext_ln840_20"   --->   Operation 1022 'add' 'add_ln840_25' <Predicate = (!icmp_ln249 & icmp_ln290)> <Delay = 1.56> <CoreInst = "Adder">   --->   Core 1 'Adder' <Latency = 0> <II = 1> <Delay = 1.56> <FuncUnit> <Opcode : 'add' 'sub'> <InPorts = 2> <OutPorts = 1>
ST_9 : Operation 1023 [1/1] (0.00ns)   --->   "%zext_ln840_22 = zext i3 %add_ln840_25"   --->   Operation 1023 'zext' 'zext_ln840_22' <Predicate = (!icmp_ln249 & icmp_ln290)> <Delay = 0.00>
ST_9 : Operation 1024 [1/1] (1.56ns)   --->   "%add_ln840_26 = add i2 %zext_ln1039_9, i2 %zext_ln1039_10"   --->   Operation 1024 'add' 'add_ln840_26' <Predicate = (!icmp_ln249 & icmp_ln290)> <Delay = 1.56> <CoreInst = "Adder">   --->   Core 1 'Adder' <Latency = 0> <II = 1> <Delay = 1.56> <FuncUnit> <Opcode : 'add' 'sub'> <InPorts = 2> <OutPorts = 1>
ST_9 : Operation 1025 [1/1] (0.00ns)   --->   "%zext_ln840_23 = zext i2 %add_ln840_26"   --->   Operation 1025 'zext' 'zext_ln840_23' <Predicate = (!icmp_ln249 & icmp_ln290)> <Delay = 0.00>
ST_9 : Operation 1026 [1/1] (1.56ns) (out node of the LUT)   --->   "%add_ln840_27 = add i2 %zext_ln1039_10, i2 %zext_ln1039_11"   --->   Operation 1026 'add' 'add_ln840_27' <Predicate = (!icmp_ln249 & icmp_ln290)> <Delay = 1.56> <CoreInst = "Adder">   --->   Core 1 'Adder' <Latency = 0> <II = 1> <Delay = 1.56> <FuncUnit> <Opcode : 'add' 'sub'> <InPorts = 2> <OutPorts = 1>
ST_9 : Operation 1027 [1/1] (0.00ns)   --->   "%zext_ln840_24 = zext i2 %add_ln840_27"   --->   Operation 1027 'zext' 'zext_ln840_24' <Predicate = (!icmp_ln249 & icmp_ln290)> <Delay = 0.00>
ST_9 : Operation 1028 [1/1] (1.56ns)   --->   "%add_ln840_28 = add i3 %zext_ln840_24, i3 %zext_ln840_23"   --->   Operation 1028 'add' 'add_ln840_28' <Predicate = (!icmp_ln249 & icmp_ln290)> <Delay = 1.56> <CoreInst = "Adder">   --->   Core 1 'Adder' <Latency = 0> <II = 1> <Delay = 1.56> <FuncUnit> <Opcode : 'add' 'sub'> <InPorts = 2> <OutPorts = 1>
ST_9 : Operation 1029 [1/1] (0.00ns)   --->   "%zext_ln840_25 = zext i3 %add_ln840_28"   --->   Operation 1029 'zext' 'zext_ln840_25' <Predicate = (!icmp_ln249 & icmp_ln290)> <Delay = 0.00>
ST_9 : Operation 1030 [1/1] (1.65ns)   --->   "%add_ln840_29 = add i4 %zext_ln840_25, i4 %zext_ln840_22"   --->   Operation 1030 'add' 'add_ln840_29' <Predicate = (!icmp_ln249 & icmp_ln290)> <Delay = 1.65> <CoreInst = "Adder">   --->   Core 1 'Adder' <Latency = 0> <II = 1> <Delay = 1.65> <FuncUnit> <Opcode : 'add' 'sub'> <InPorts = 2> <OutPorts = 1>
ST_9 : Operation 1031 [1/1] (0.00ns)   --->   "%zext_ln840_26 = zext i4 %add_ln840_29"   --->   Operation 1031 'zext' 'zext_ln840_26' <Predicate = (!icmp_ln249 & icmp_ln290)> <Delay = 0.00>
ST_9 : Operation 1032 [1/1] (1.73ns)   --->   "%add_ln840_30 = add i5 %zext_ln840_26, i5 %zext_ln840_19"   --->   Operation 1032 'add' 'add_ln840_30' <Predicate = (!icmp_ln249 & icmp_ln290)> <Delay = 1.73> <CoreInst = "Adder">   --->   Core 1 'Adder' <Latency = 0> <II = 1> <Delay = 1.73> <FuncUnit> <Opcode : 'add' 'sub'> <InPorts = 2> <OutPorts = 1>
ST_9 : Operation 1033 [1/1] (0.00ns) (grouped into LUT with out node add_ln840_33)   --->   "%shl_ln840_6 = bitconcatenate i2 @_ssdm_op_BitConcatenate.i2.i1.i1, i1 %xor_ln1039_19, i1 0"   --->   Operation 1033 'bitconcatenate' 'shl_ln840_6' <Predicate = (!icmp_ln249 & icmp_ln290)> <Delay = 0.00>
ST_9 : Operation 1034 [1/1] (0.00ns) (grouped into LUT with out node add_ln840_33)   --->   "%zext_ln840_28 = zext i2 %shl_ln840_6"   --->   Operation 1034 'zext' 'zext_ln840_28' <Predicate = (!icmp_ln249 & icmp_ln290)> <Delay = 0.00>
ST_9 : Operation 1035 [1/1] (0.00ns) (grouped into LUT with out node add_ln840_33)   --->   "%zext_ln840_29 = zext i2 %add_ln840_32"   --->   Operation 1035 'zext' 'zext_ln840_29' <Predicate = (!icmp_ln249 & icmp_ln290)> <Delay = 0.00>
ST_9 : Operation 1036 [1/1] (1.56ns) (out node of the LUT)   --->   "%add_ln840_33 = add i3 %zext_ln840_29, i3 %zext_ln840_28"   --->   Operation 1036 'add' 'add_ln840_33' <Predicate = (!icmp_ln249 & icmp_ln290)> <Delay = 1.56> <CoreInst = "Adder">   --->   Core 1 'Adder' <Latency = 0> <II = 1> <Delay = 1.56> <FuncUnit> <Opcode : 'add' 'sub'> <InPorts = 2> <OutPorts = 1>
ST_9 : Operation 1037 [1/1] (0.00ns)   --->   "%zext_ln840_30 = zext i3 %add_ln840_33"   --->   Operation 1037 'zext' 'zext_ln840_30' <Predicate = (!icmp_ln249 & icmp_ln290)> <Delay = 0.00>
ST_9 : Operation 1038 [1/1] (0.00ns)   --->   "%zext_ln840_33 = zext i3 %add_ln840_36"   --->   Operation 1038 'zext' 'zext_ln840_33' <Predicate = (!icmp_ln249 & icmp_ln290)> <Delay = 0.00>
ST_9 : Operation 1039 [1/1] (1.65ns)   --->   "%add_ln840_37 = add i4 %zext_ln840_33, i4 %zext_ln840_30"   --->   Operation 1039 'add' 'add_ln840_37' <Predicate = (!icmp_ln249 & icmp_ln290)> <Delay = 1.65> <CoreInst = "Adder">   --->   Core 1 'Adder' <Latency = 0> <II = 1> <Delay = 1.65> <FuncUnit> <Opcode : 'add' 'sub'> <InPorts = 2> <OutPorts = 1>
ST_9 : Operation 1040 [1/1] (0.00ns)   --->   "%zext_ln840_34 = zext i4 %add_ln840_37"   --->   Operation 1040 'zext' 'zext_ln840_34' <Predicate = (!icmp_ln249 & icmp_ln290)> <Delay = 0.00>
ST_9 : Operation 1041 [1/1] (0.00ns) (grouped into LUT with out node add_ln840_38)   --->   "%shl_ln840_7 = bitconcatenate i2 @_ssdm_op_BitConcatenate.i2.i1.i1, i1 %xor_ln1039_24, i1 0"   --->   Operation 1041 'bitconcatenate' 'shl_ln840_7' <Predicate = (!icmp_ln249 & icmp_ln290)> <Delay = 0.00>
ST_9 : Operation 1042 [1/1] (0.00ns) (grouped into LUT with out node add_ln840_38)   --->   "%zext_ln840_35 = zext i2 %shl_ln840_7"   --->   Operation 1042 'zext' 'zext_ln840_35' <Predicate = (!icmp_ln249 & icmp_ln290)> <Delay = 0.00>
ST_9 : Operation 1043 [1/1] (0.00ns) (grouped into LUT with out node add_ln840_38)   --->   "%shl_ln840_8 = bitconcatenate i2 @_ssdm_op_BitConcatenate.i2.i1.i1, i1 %xor_ln1039_25, i1 0"   --->   Operation 1043 'bitconcatenate' 'shl_ln840_8' <Predicate = (!icmp_ln249 & icmp_ln290)> <Delay = 0.00>
ST_9 : Operation 1044 [1/1] (0.00ns) (grouped into LUT with out node add_ln840_38)   --->   "%zext_ln840_36 = zext i2 %shl_ln840_8"   --->   Operation 1044 'zext' 'zext_ln840_36' <Predicate = (!icmp_ln249 & icmp_ln290)> <Delay = 0.00>
ST_9 : Operation 1045 [1/1] (1.56ns) (out node of the LUT)   --->   "%add_ln840_38 = add i3 %zext_ln840_36, i3 %zext_ln840_35"   --->   Operation 1045 'add' 'add_ln840_38' <Predicate = (!icmp_ln249 & icmp_ln290)> <Delay = 1.56> <CoreInst = "Adder">   --->   Core 1 'Adder' <Latency = 0> <II = 1> <Delay = 1.56> <FuncUnit> <Opcode : 'add' 'sub'> <InPorts = 2> <OutPorts = 1>
ST_9 : Operation 1046 [1/1] (0.00ns)   --->   "%zext_ln840_37 = zext i3 %add_ln840_38"   --->   Operation 1046 'zext' 'zext_ln840_37' <Predicate = (!icmp_ln249 & icmp_ln290)> <Delay = 0.00>
ST_9 : Operation 1047 [1/1] (0.00ns)   --->   "%zext_ln840_40 = zext i3 %add_ln840_41"   --->   Operation 1047 'zext' 'zext_ln840_40' <Predicate = (!icmp_ln249 & icmp_ln290)> <Delay = 0.00>
ST_9 : Operation 1048 [1/1] (1.65ns)   --->   "%add_ln840_42 = add i4 %zext_ln840_40, i4 %zext_ln840_37"   --->   Operation 1048 'add' 'add_ln840_42' <Predicate = (!icmp_ln249 & icmp_ln290)> <Delay = 1.65> <CoreInst = "Adder">   --->   Core 1 'Adder' <Latency = 0> <II = 1> <Delay = 1.65> <FuncUnit> <Opcode : 'add' 'sub'> <InPorts = 2> <OutPorts = 1>
ST_9 : Operation 1049 [1/1] (0.00ns)   --->   "%zext_ln840_41 = zext i4 %add_ln840_42"   --->   Operation 1049 'zext' 'zext_ln840_41' <Predicate = (!icmp_ln249 & icmp_ln290)> <Delay = 0.00>
ST_9 : Operation 1050 [1/1] (1.73ns)   --->   "%add_ln840_43 = add i5 %zext_ln840_41, i5 %zext_ln840_34"   --->   Operation 1050 'add' 'add_ln840_43' <Predicate = (!icmp_ln249 & icmp_ln290)> <Delay = 1.73> <CoreInst = "Adder">   --->   Core 1 'Adder' <Latency = 0> <II = 1> <Delay = 1.73> <FuncUnit> <Opcode : 'add' 'sub'> <InPorts = 2> <OutPorts = 1>
ST_9 : Operation 1051 [1/1] (0.00ns)   --->   "%zext_ln840_42 = zext i5 %add_ln840_43"   --->   Operation 1051 'zext' 'zext_ln840_42' <Predicate = (!icmp_ln249 & icmp_ln290)> <Delay = 0.00>
ST_9 : Operation 1052 [1/1] (0.00ns) (grouped into LUT with out node add_ln840_45)   --->   "%zext_ln840_43 = zext i2 %add_ln840_44"   --->   Operation 1052 'zext' 'zext_ln840_43' <Predicate = (!icmp_ln249 & icmp_ln290)> <Delay = 0.00>
ST_9 : Operation 1053 [1/1] (0.00ns) (grouped into LUT with out node add_ln840_45)   --->   "%shl_ln840_9 = bitconcatenate i2 @_ssdm_op_BitConcatenate.i2.i1.i1, i1 %xor_ln1039_30, i1 0"   --->   Operation 1053 'bitconcatenate' 'shl_ln840_9' <Predicate = (!icmp_ln249 & icmp_ln290)> <Delay = 0.00>
ST_9 : Operation 1054 [1/1] (0.00ns) (grouped into LUT with out node add_ln840_45)   --->   "%zext_ln840_44 = zext i2 %shl_ln840_9"   --->   Operation 1054 'zext' 'zext_ln840_44' <Predicate = (!icmp_ln249 & icmp_ln290)> <Delay = 0.00>
ST_9 : Operation 1055 [1/1] (1.56ns) (out node of the LUT)   --->   "%add_ln840_45 = add i3 %zext_ln840_44, i3 %zext_ln840_43"   --->   Operation 1055 'add' 'add_ln840_45' <Predicate = (!icmp_ln249 & icmp_ln290)> <Delay = 1.56> <CoreInst = "Adder">   --->   Core 1 'Adder' <Latency = 0> <II = 1> <Delay = 1.56> <FuncUnit> <Opcode : 'add' 'sub'> <InPorts = 2> <OutPorts = 1>
ST_9 : Operation 1056 [1/1] (0.00ns)   --->   "%zext_ln840_45 = zext i3 %add_ln840_45"   --->   Operation 1056 'zext' 'zext_ln840_45' <Predicate = (!icmp_ln249 & icmp_ln290)> <Delay = 0.00>
ST_9 : Operation 1057 [1/1] (0.00ns)   --->   "%zext_ln840_48 = zext i3 %add_ln840_48"   --->   Operation 1057 'zext' 'zext_ln840_48' <Predicate = (!icmp_ln249 & icmp_ln290)> <Delay = 0.00>
ST_9 : Operation 1058 [1/1] (1.65ns)   --->   "%add_ln840_49 = add i4 %zext_ln840_48, i4 %zext_ln840_45"   --->   Operation 1058 'add' 'add_ln840_49' <Predicate = (!icmp_ln249 & icmp_ln290)> <Delay = 1.65> <CoreInst = "Adder">   --->   Core 1 'Adder' <Latency = 0> <II = 1> <Delay = 1.65> <FuncUnit> <Opcode : 'add' 'sub'> <InPorts = 2> <OutPorts = 1>
ST_9 : Operation 1059 [1/1] (0.00ns)   --->   "%zext_ln840_49 = zext i4 %add_ln840_49"   --->   Operation 1059 'zext' 'zext_ln840_49' <Predicate = (!icmp_ln249 & icmp_ln290)> <Delay = 0.00>
ST_9 : Operation 1060 [1/1] (0.00ns) (grouped into LUT with out node add_ln840_51)   --->   "%zext_ln840_50 = zext i2 %add_ln840_50"   --->   Operation 1060 'zext' 'zext_ln840_50' <Predicate = (!icmp_ln249 & icmp_ln290)> <Delay = 0.00>
ST_9 : Operation 1061 [1/1] (0.00ns) (grouped into LUT with out node add_ln840_51)   --->   "%shl_ln840_s = bitconcatenate i2 @_ssdm_op_BitConcatenate.i2.i1.i1, i1 %xor_ln1039_35, i1 0"   --->   Operation 1061 'bitconcatenate' 'shl_ln840_s' <Predicate = (!icmp_ln249 & icmp_ln290)> <Delay = 0.00>
ST_9 : Operation 1062 [1/1] (0.00ns) (grouped into LUT with out node add_ln840_51)   --->   "%zext_ln840_51 = zext i2 %shl_ln840_s"   --->   Operation 1062 'zext' 'zext_ln840_51' <Predicate = (!icmp_ln249 & icmp_ln290)> <Delay = 0.00>
ST_9 : Operation 1063 [1/1] (1.56ns) (out node of the LUT)   --->   "%add_ln840_51 = add i3 %zext_ln840_51, i3 %zext_ln840_50"   --->   Operation 1063 'add' 'add_ln840_51' <Predicate = (!icmp_ln249 & icmp_ln290)> <Delay = 1.56> <CoreInst = "Adder">   --->   Core 1 'Adder' <Latency = 0> <II = 1> <Delay = 1.56> <FuncUnit> <Opcode : 'add' 'sub'> <InPorts = 2> <OutPorts = 1>
ST_9 : Operation 1064 [1/1] (0.00ns)   --->   "%zext_ln840_52 = zext i3 %add_ln840_51"   --->   Operation 1064 'zext' 'zext_ln840_52' <Predicate = (!icmp_ln249 & icmp_ln290)> <Delay = 0.00>
ST_9 : Operation 1065 [1/1] (0.00ns) (grouped into LUT with out node add_ln840_53)   --->   "%shl_ln840_10 = bitconcatenate i2 @_ssdm_op_BitConcatenate.i2.i1.i1, i1 %xor_ln1039_36, i1 0"   --->   Operation 1065 'bitconcatenate' 'shl_ln840_10' <Predicate = (!icmp_ln249 & icmp_ln290)> <Delay = 0.00>
ST_9 : Operation 1066 [1/1] (0.00ns) (grouped into LUT with out node add_ln840_53)   --->   "%zext_ln840_53 = zext i2 %shl_ln840_10"   --->   Operation 1066 'zext' 'zext_ln840_53' <Predicate = (!icmp_ln249 & icmp_ln290)> <Delay = 0.00>
ST_9 : Operation 1067 [1/1] (0.00ns) (grouped into LUT with out node add_ln840_53)   --->   "%zext_ln840_54 = zext i2 %add_ln840_52"   --->   Operation 1067 'zext' 'zext_ln840_54' <Predicate = (!icmp_ln249 & icmp_ln290)> <Delay = 0.00>
ST_9 : Operation 1068 [1/1] (1.56ns) (out node of the LUT)   --->   "%add_ln840_53 = add i3 %zext_ln840_54, i3 %zext_ln840_53"   --->   Operation 1068 'add' 'add_ln840_53' <Predicate = (!icmp_ln249 & icmp_ln290)> <Delay = 1.56> <CoreInst = "Adder">   --->   Core 1 'Adder' <Latency = 0> <II = 1> <Delay = 1.56> <FuncUnit> <Opcode : 'add' 'sub'> <InPorts = 2> <OutPorts = 1>
ST_9 : Operation 1069 [1/1] (0.00ns)   --->   "%zext_ln840_55 = zext i3 %add_ln840_53"   --->   Operation 1069 'zext' 'zext_ln840_55' <Predicate = (!icmp_ln249 & icmp_ln290)> <Delay = 0.00>
ST_9 : Operation 1070 [1/1] (1.65ns)   --->   "%add_ln840_54 = add i4 %zext_ln840_55, i4 %zext_ln840_52"   --->   Operation 1070 'add' 'add_ln840_54' <Predicate = (!icmp_ln249 & icmp_ln290)> <Delay = 1.65> <CoreInst = "Adder">   --->   Core 1 'Adder' <Latency = 0> <II = 1> <Delay = 1.65> <FuncUnit> <Opcode : 'add' 'sub'> <InPorts = 2> <OutPorts = 1>
ST_9 : Operation 1071 [1/1] (0.00ns)   --->   "%zext_ln840_56 = zext i4 %add_ln840_54"   --->   Operation 1071 'zext' 'zext_ln840_56' <Predicate = (!icmp_ln249 & icmp_ln290)> <Delay = 0.00>
ST_9 : Operation 1072 [1/1] (1.73ns)   --->   "%add_ln840_55 = add i5 %zext_ln840_56, i5 %zext_ln840_49"   --->   Operation 1072 'add' 'add_ln840_55' <Predicate = (!icmp_ln249 & icmp_ln290)> <Delay = 1.73> <CoreInst = "Adder">   --->   Core 1 'Adder' <Latency = 0> <II = 1> <Delay = 1.73> <FuncUnit> <Opcode : 'add' 'sub'> <InPorts = 2> <OutPorts = 1>
ST_9 : Operation 1073 [1/1] (0.00ns)   --->   "%zext_ln840_57 = zext i5 %add_ln840_55"   --->   Operation 1073 'zext' 'zext_ln840_57' <Predicate = (!icmp_ln249 & icmp_ln290)> <Delay = 0.00>
ST_9 : Operation 1074 [1/1] (1.78ns)   --->   "%add_ln840_56 = add i6 %zext_ln840_57, i6 %zext_ln840_42"   --->   Operation 1074 'add' 'add_ln840_56' <Predicate = (!icmp_ln249 & icmp_ln290)> <Delay = 1.78> <CoreInst = "Adder">   --->   Core 1 'Adder' <Latency = 0> <II = 1> <Delay = 1.78> <FuncUnit> <Opcode : 'add' 'sub'> <InPorts = 2> <OutPorts = 1>
ST_9 : Operation 1075 [1/1] (0.00ns)   --->   "%zext_ln840_61 = zext i3 %add_ln840_60"   --->   Operation 1075 'zext' 'zext_ln840_61' <Predicate = (!icmp_ln249 & icmp_ln290)> <Delay = 0.00>
ST_9 : Operation 1076 [1/1] (0.00ns)   --->   "%zext_ln840_64 = zext i3 %add_ln840_61"   --->   Operation 1076 'zext' 'zext_ln840_64' <Predicate = (!icmp_ln249 & icmp_ln290)> <Delay = 0.00>
ST_9 : Operation 1077 [1/1] (1.65ns)   --->   "%add_ln840_62 = add i4 %zext_ln840_64, i4 %zext_ln840_61"   --->   Operation 1077 'add' 'add_ln840_62' <Predicate = (!icmp_ln249 & icmp_ln290)> <Delay = 1.65> <CoreInst = "Adder">   --->   Core 1 'Adder' <Latency = 0> <II = 1> <Delay = 1.65> <FuncUnit> <Opcode : 'add' 'sub'> <InPorts = 2> <OutPorts = 1>
ST_9 : Operation 1078 [1/1] (0.00ns)   --->   "%zext_ln840_65 = zext i4 %add_ln840_62"   --->   Operation 1078 'zext' 'zext_ln840_65' <Predicate = (!icmp_ln249 & icmp_ln290)> <Delay = 0.00>
ST_9 : Operation 1079 [1/1] (0.00ns)   --->   "%zext_ln840_68 = zext i3 %add_ln840_65"   --->   Operation 1079 'zext' 'zext_ln840_68' <Predicate = (!icmp_ln249 & icmp_ln290)> <Delay = 0.00>
ST_9 : Operation 1080 [1/1] (0.00ns)   --->   "%zext_ln840_71 = zext i3 %add_ln840_66"   --->   Operation 1080 'zext' 'zext_ln840_71' <Predicate = (!icmp_ln249 & icmp_ln290)> <Delay = 0.00>
ST_9 : Operation 1081 [1/1] (1.65ns)   --->   "%add_ln840_67 = add i4 %zext_ln840_71, i4 %zext_ln840_68"   --->   Operation 1081 'add' 'add_ln840_67' <Predicate = (!icmp_ln249 & icmp_ln290)> <Delay = 1.65> <CoreInst = "Adder">   --->   Core 1 'Adder' <Latency = 0> <II = 1> <Delay = 1.65> <FuncUnit> <Opcode : 'add' 'sub'> <InPorts = 2> <OutPorts = 1>
ST_9 : Operation 1082 [1/1] (0.00ns)   --->   "%zext_ln840_72 = zext i4 %add_ln840_67"   --->   Operation 1082 'zext' 'zext_ln840_72' <Predicate = (!icmp_ln249 & icmp_ln290)> <Delay = 0.00>
ST_9 : Operation 1083 [1/1] (1.73ns)   --->   "%add_ln840_68 = add i5 %zext_ln840_72, i5 %zext_ln840_65"   --->   Operation 1083 'add' 'add_ln840_68' <Predicate = (!icmp_ln249 & icmp_ln290)> <Delay = 1.73> <CoreInst = "Adder">   --->   Core 1 'Adder' <Latency = 0> <II = 1> <Delay = 1.73> <FuncUnit> <Opcode : 'add' 'sub'> <InPorts = 2> <OutPorts = 1>
ST_9 : Operation 1084 [1/1] (0.00ns)   --->   "%zext_ln840_73 = zext i5 %add_ln840_68"   --->   Operation 1084 'zext' 'zext_ln840_73' <Predicate = (!icmp_ln249 & icmp_ln290)> <Delay = 0.00>
ST_9 : Operation 1085 [1/1] (0.00ns)   --->   "%zext_ln840_76 = zext i3 %add_ln840_71"   --->   Operation 1085 'zext' 'zext_ln840_76' <Predicate = (!icmp_ln249 & icmp_ln290)> <Delay = 0.00>
ST_9 : Operation 1086 [1/1] (0.00ns)   --->   "%zext_ln840_79 = zext i3 %add_ln840_73"   --->   Operation 1086 'zext' 'zext_ln840_79' <Predicate = (!icmp_ln249 & icmp_ln290)> <Delay = 0.00>
ST_9 : Operation 1087 [1/1] (1.65ns)   --->   "%add_ln840_74 = add i4 %zext_ln840_79, i4 %zext_ln840_76"   --->   Operation 1087 'add' 'add_ln840_74' <Predicate = (!icmp_ln249 & icmp_ln290)> <Delay = 1.65> <CoreInst = "Adder">   --->   Core 1 'Adder' <Latency = 0> <II = 1> <Delay = 1.65> <FuncUnit> <Opcode : 'add' 'sub'> <InPorts = 2> <OutPorts = 1>
ST_9 : Operation 1088 [1/1] (0.00ns)   --->   "%zext_ln840_80 = zext i4 %add_ln840_74"   --->   Operation 1088 'zext' 'zext_ln840_80' <Predicate = (!icmp_ln249 & icmp_ln290)> <Delay = 0.00>
ST_9 : Operation 1089 [1/1] (0.00ns)   --->   "%zext_ln840_83 = zext i3 %add_ln840_76"   --->   Operation 1089 'zext' 'zext_ln840_83' <Predicate = (!icmp_ln249 & icmp_ln290)> <Delay = 0.00>
ST_9 : Operation 1090 [1/1] (0.00ns)   --->   "%zext_ln840_86 = zext i3 %add_ln840_79"   --->   Operation 1090 'zext' 'zext_ln840_86' <Predicate = (!icmp_ln249 & icmp_ln290)> <Delay = 0.00>
ST_9 : Operation 1091 [1/1] (1.65ns)   --->   "%add_ln840_80 = add i4 %zext_ln840_86, i4 %zext_ln840_83"   --->   Operation 1091 'add' 'add_ln840_80' <Predicate = (!icmp_ln249 & icmp_ln290)> <Delay = 1.65> <CoreInst = "Adder">   --->   Core 1 'Adder' <Latency = 0> <II = 1> <Delay = 1.65> <FuncUnit> <Opcode : 'add' 'sub'> <InPorts = 2> <OutPorts = 1>
ST_9 : Operation 1092 [1/1] (0.00ns)   --->   "%zext_ln840_87 = zext i4 %add_ln840_80"   --->   Operation 1092 'zext' 'zext_ln840_87' <Predicate = (!icmp_ln249 & icmp_ln290)> <Delay = 0.00>
ST_9 : Operation 1093 [1/1] (1.73ns)   --->   "%add_ln840_81 = add i5 %zext_ln840_87, i5 %zext_ln840_80"   --->   Operation 1093 'add' 'add_ln840_81' <Predicate = (!icmp_ln249 & icmp_ln290)> <Delay = 1.73> <CoreInst = "Adder">   --->   Core 1 'Adder' <Latency = 0> <II = 1> <Delay = 1.73> <FuncUnit> <Opcode : 'add' 'sub'> <InPorts = 2> <OutPorts = 1>
ST_9 : Operation 1094 [1/1] (0.00ns)   --->   "%zext_ln840_88 = zext i5 %add_ln840_81"   --->   Operation 1094 'zext' 'zext_ln840_88' <Predicate = (!icmp_ln249 & icmp_ln290)> <Delay = 0.00>
ST_9 : Operation 1095 [1/1] (1.78ns)   --->   "%add_ln840_82 = add i6 %zext_ln840_88, i6 %zext_ln840_73"   --->   Operation 1095 'add' 'add_ln840_82' <Predicate = (!icmp_ln249 & icmp_ln290)> <Delay = 1.78> <CoreInst = "Adder">   --->   Core 1 'Adder' <Latency = 0> <II = 1> <Delay = 1.78> <FuncUnit> <Opcode : 'add' 'sub'> <InPorts = 2> <OutPorts = 1>
ST_9 : Operation 1096 [1/1] (0.00ns)   --->   "%zext_ln840_89 = zext i6 %add_ln840_82"   --->   Operation 1096 'zext' 'zext_ln840_89' <Predicate = (!icmp_ln249 & icmp_ln290)> <Delay = 0.00>
ST_9 : Operation 1097 [1/1] (0.00ns)   --->   "%zext_ln840_92 = zext i3 %add_ln840_84"   --->   Operation 1097 'zext' 'zext_ln840_92' <Predicate = (!icmp_ln249 & icmp_ln290)> <Delay = 0.00>
ST_9 : Operation 1098 [1/1] (0.00ns)   --->   "%zext_ln840_95 = zext i3 %add_ln840_87"   --->   Operation 1098 'zext' 'zext_ln840_95' <Predicate = (!icmp_ln249 & icmp_ln290)> <Delay = 0.00>
ST_9 : Operation 1099 [1/1] (1.65ns)   --->   "%add_ln840_88 = add i4 %zext_ln840_95, i4 %zext_ln840_92"   --->   Operation 1099 'add' 'add_ln840_88' <Predicate = (!icmp_ln249 & icmp_ln290)> <Delay = 1.65> <CoreInst = "Adder">   --->   Core 1 'Adder' <Latency = 0> <II = 1> <Delay = 1.65> <FuncUnit> <Opcode : 'add' 'sub'> <InPorts = 2> <OutPorts = 1>
ST_9 : Operation 1100 [1/1] (0.00ns)   --->   "%zext_ln840_96 = zext i4 %add_ln840_88"   --->   Operation 1100 'zext' 'zext_ln840_96' <Predicate = (!icmp_ln249 & icmp_ln290)> <Delay = 0.00>
ST_9 : Operation 1101 [1/1] (0.00ns)   --->   "%zext_ln840_99 = zext i3 %add_ln840_89"   --->   Operation 1101 'zext' 'zext_ln840_99' <Predicate = (!icmp_ln249 & icmp_ln290)> <Delay = 0.00>
ST_9 : Operation 1102 [1/1] (0.00ns)   --->   "%zext_ln840_102 = zext i3 %add_ln840_92"   --->   Operation 1102 'zext' 'zext_ln840_102' <Predicate = (!icmp_ln249 & icmp_ln290)> <Delay = 0.00>
ST_9 : Operation 1103 [1/1] (1.65ns)   --->   "%add_ln840_93 = add i4 %zext_ln840_102, i4 %zext_ln840_99"   --->   Operation 1103 'add' 'add_ln840_93' <Predicate = (!icmp_ln249 & icmp_ln290)> <Delay = 1.65> <CoreInst = "Adder">   --->   Core 1 'Adder' <Latency = 0> <II = 1> <Delay = 1.65> <FuncUnit> <Opcode : 'add' 'sub'> <InPorts = 2> <OutPorts = 1>
ST_9 : Operation 1104 [1/1] (0.00ns)   --->   "%zext_ln840_103 = zext i4 %add_ln840_93"   --->   Operation 1104 'zext' 'zext_ln840_103' <Predicate = (!icmp_ln249 & icmp_ln290)> <Delay = 0.00>
ST_9 : Operation 1105 [1/1] (1.73ns)   --->   "%add_ln840_94 = add i5 %zext_ln840_103, i5 %zext_ln840_96"   --->   Operation 1105 'add' 'add_ln840_94' <Predicate = (!icmp_ln249 & icmp_ln290)> <Delay = 1.73> <CoreInst = "Adder">   --->   Core 1 'Adder' <Latency = 0> <II = 1> <Delay = 1.73> <FuncUnit> <Opcode : 'add' 'sub'> <InPorts = 2> <OutPorts = 1>
ST_9 : Operation 1106 [1/1] (0.00ns)   --->   "%zext_ln840_104 = zext i5 %add_ln840_94"   --->   Operation 1106 'zext' 'zext_ln840_104' <Predicate = (!icmp_ln249 & icmp_ln290)> <Delay = 0.00>
ST_9 : Operation 1107 [1/1] (0.00ns)   --->   "%zext_ln840_107 = zext i3 %add_ln840_96"   --->   Operation 1107 'zext' 'zext_ln840_107' <Predicate = (!icmp_ln249 & icmp_ln290)> <Delay = 0.00>
ST_9 : Operation 1108 [1/1] (0.00ns)   --->   "%zext_ln840_110 = zext i3 %add_ln840_98"   --->   Operation 1108 'zext' 'zext_ln840_110' <Predicate = (!icmp_ln249 & icmp_ln290)> <Delay = 0.00>
ST_9 : Operation 1109 [1/1] (1.65ns)   --->   "%add_ln840_99 = add i4 %zext_ln840_110, i4 %zext_ln840_107"   --->   Operation 1109 'add' 'add_ln840_99' <Predicate = (!icmp_ln249 & icmp_ln290)> <Delay = 1.65> <CoreInst = "Adder">   --->   Core 1 'Adder' <Latency = 0> <II = 1> <Delay = 1.65> <FuncUnit> <Opcode : 'add' 'sub'> <InPorts = 2> <OutPorts = 1>
ST_9 : Operation 1110 [1/1] (0.00ns)   --->   "%zext_ln840_111 = zext i4 %add_ln840_99"   --->   Operation 1110 'zext' 'zext_ln840_111' <Predicate = (!icmp_ln249 & icmp_ln290)> <Delay = 0.00>
ST_9 : Operation 1111 [1/1] (0.00ns)   --->   "%zext_ln840_114 = zext i3 %add_ln840_101"   --->   Operation 1111 'zext' 'zext_ln840_114' <Predicate = (!icmp_ln249 & icmp_ln290)> <Delay = 0.00>
ST_9 : Operation 1112 [1/1] (0.00ns)   --->   "%zext_ln840_117 = zext i3 %add_ln840_103"   --->   Operation 1112 'zext' 'zext_ln840_117' <Predicate = (!icmp_ln249 & icmp_ln290)> <Delay = 0.00>
ST_9 : Operation 1113 [1/1] (1.65ns)   --->   "%add_ln840_104 = add i4 %zext_ln840_117, i4 %zext_ln840_114"   --->   Operation 1113 'add' 'add_ln840_104' <Predicate = (!icmp_ln249 & icmp_ln290)> <Delay = 1.65> <CoreInst = "Adder">   --->   Core 1 'Adder' <Latency = 0> <II = 1> <Delay = 1.65> <FuncUnit> <Opcode : 'add' 'sub'> <InPorts = 2> <OutPorts = 1>
ST_9 : Operation 1114 [1/1] (0.00ns)   --->   "%zext_ln840_118 = zext i4 %add_ln840_104"   --->   Operation 1114 'zext' 'zext_ln840_118' <Predicate = (!icmp_ln249 & icmp_ln290)> <Delay = 0.00>
ST_9 : Operation 1115 [1/1] (1.73ns)   --->   "%add_ln840_105 = add i5 %zext_ln840_118, i5 %zext_ln840_111"   --->   Operation 1115 'add' 'add_ln840_105' <Predicate = (!icmp_ln249 & icmp_ln290)> <Delay = 1.73> <CoreInst = "Adder">   --->   Core 1 'Adder' <Latency = 0> <II = 1> <Delay = 1.73> <FuncUnit> <Opcode : 'add' 'sub'> <InPorts = 2> <OutPorts = 1>
ST_9 : Operation 1116 [1/1] (0.00ns)   --->   "%zext_ln840_119 = zext i5 %add_ln840_105"   --->   Operation 1116 'zext' 'zext_ln840_119' <Predicate = (!icmp_ln249 & icmp_ln290)> <Delay = 0.00>
ST_9 : Operation 1117 [1/1] (1.78ns)   --->   "%add_ln840_106 = add i6 %zext_ln840_119, i6 %zext_ln840_104"   --->   Operation 1117 'add' 'add_ln840_106' <Predicate = (!icmp_ln249 & icmp_ln290)> <Delay = 1.78> <CoreInst = "Adder">   --->   Core 1 'Adder' <Latency = 0> <II = 1> <Delay = 1.78> <FuncUnit> <Opcode : 'add' 'sub'> <InPorts = 2> <OutPorts = 1>
ST_9 : Operation 1118 [1/1] (0.00ns)   --->   "%zext_ln840_120 = zext i6 %add_ln840_106"   --->   Operation 1118 'zext' 'zext_ln840_120' <Predicate = (!icmp_ln249 & icmp_ln290)> <Delay = 0.00>
ST_9 : Operation 1119 [1/1] (1.82ns)   --->   "%add_ln840_107 = add i7 %zext_ln840_120, i7 %zext_ln840_89"   --->   Operation 1119 'add' 'add_ln840_107' <Predicate = (!icmp_ln249 & icmp_ln290)> <Delay = 1.82> <CoreInst = "Adder">   --->   Core 1 'Adder' <Latency = 0> <II = 1> <Delay = 1.82> <FuncUnit> <Opcode : 'add' 'sub'> <InPorts = 2> <OutPorts = 1>
ST_9 : Operation 1120 [1/1] (0.00ns)   --->   "%zext_ln840_124 = zext i3 %add_ln840_111"   --->   Operation 1120 'zext' 'zext_ln840_124' <Predicate = (!icmp_ln249 & icmp_ln290)> <Delay = 0.00>
ST_9 : Operation 1121 [1/1] (0.00ns)   --->   "%zext_ln840_127 = zext i3 %add_ln840_112"   --->   Operation 1121 'zext' 'zext_ln840_127' <Predicate = (!icmp_ln249 & icmp_ln290)> <Delay = 0.00>
ST_9 : Operation 1122 [1/1] (1.65ns)   --->   "%add_ln840_113 = add i4 %zext_ln840_127, i4 %zext_ln840_124"   --->   Operation 1122 'add' 'add_ln840_113' <Predicate = (!icmp_ln249 & icmp_ln290)> <Delay = 1.65> <CoreInst = "Adder">   --->   Core 1 'Adder' <Latency = 0> <II = 1> <Delay = 1.65> <FuncUnit> <Opcode : 'add' 'sub'> <InPorts = 2> <OutPorts = 1>
ST_9 : Operation 1123 [1/1] (0.00ns)   --->   "%zext_ln840_128 = zext i4 %add_ln840_113"   --->   Operation 1123 'zext' 'zext_ln840_128' <Predicate = (!icmp_ln249 & icmp_ln290)> <Delay = 0.00>
ST_9 : Operation 1124 [1/1] (0.00ns)   --->   "%zext_ln840_131 = zext i3 %add_ln840_116"   --->   Operation 1124 'zext' 'zext_ln840_131' <Predicate = (!icmp_ln249 & icmp_ln290)> <Delay = 0.00>
ST_9 : Operation 1125 [1/1] (0.00ns)   --->   "%zext_ln840_134 = zext i3 %add_ln840_117"   --->   Operation 1125 'zext' 'zext_ln840_134' <Predicate = (!icmp_ln249 & icmp_ln290)> <Delay = 0.00>
ST_9 : Operation 1126 [1/1] (1.65ns)   --->   "%add_ln840_118 = add i4 %zext_ln840_134, i4 %zext_ln840_131"   --->   Operation 1126 'add' 'add_ln840_118' <Predicate = (!icmp_ln249 & icmp_ln290)> <Delay = 1.65> <CoreInst = "Adder">   --->   Core 1 'Adder' <Latency = 0> <II = 1> <Delay = 1.65> <FuncUnit> <Opcode : 'add' 'sub'> <InPorts = 2> <OutPorts = 1>
ST_9 : Operation 1127 [1/1] (0.00ns)   --->   "%zext_ln840_135 = zext i4 %add_ln840_118"   --->   Operation 1127 'zext' 'zext_ln840_135' <Predicate = (!icmp_ln249 & icmp_ln290)> <Delay = 0.00>
ST_9 : Operation 1128 [1/1] (1.73ns)   --->   "%add_ln840_119 = add i5 %zext_ln840_135, i5 %zext_ln840_128"   --->   Operation 1128 'add' 'add_ln840_119' <Predicate = (!icmp_ln249 & icmp_ln290)> <Delay = 1.73> <CoreInst = "Adder">   --->   Core 1 'Adder' <Latency = 0> <II = 1> <Delay = 1.73> <FuncUnit> <Opcode : 'add' 'sub'> <InPorts = 2> <OutPorts = 1>
ST_9 : Operation 1129 [1/1] (0.00ns)   --->   "%zext_ln840_136 = zext i5 %add_ln840_119"   --->   Operation 1129 'zext' 'zext_ln840_136' <Predicate = (!icmp_ln249 & icmp_ln290)> <Delay = 0.00>
ST_9 : Operation 1130 [1/1] (0.00ns)   --->   "%zext_ln840_139 = zext i3 %add_ln840_122"   --->   Operation 1130 'zext' 'zext_ln840_139' <Predicate = (!icmp_ln249 & icmp_ln290)> <Delay = 0.00>
ST_9 : Operation 1131 [1/1] (0.00ns)   --->   "%zext_ln840_142 = zext i3 %add_ln840_124"   --->   Operation 1131 'zext' 'zext_ln840_142' <Predicate = (!icmp_ln249 & icmp_ln290)> <Delay = 0.00>
ST_9 : Operation 1132 [1/1] (1.65ns)   --->   "%add_ln840_125 = add i4 %zext_ln840_142, i4 %zext_ln840_139"   --->   Operation 1132 'add' 'add_ln840_125' <Predicate = (!icmp_ln249 & icmp_ln290)> <Delay = 1.65> <CoreInst = "Adder">   --->   Core 1 'Adder' <Latency = 0> <II = 1> <Delay = 1.65> <FuncUnit> <Opcode : 'add' 'sub'> <InPorts = 2> <OutPorts = 1>
ST_9 : Operation 1133 [1/1] (0.00ns)   --->   "%zext_ln840_143 = zext i4 %add_ln840_125"   --->   Operation 1133 'zext' 'zext_ln840_143' <Predicate = (!icmp_ln249 & icmp_ln290)> <Delay = 0.00>
ST_9 : Operation 1134 [1/1] (0.00ns)   --->   "%zext_ln840_146 = zext i3 %add_ln840_127"   --->   Operation 1134 'zext' 'zext_ln840_146' <Predicate = (!icmp_ln249 & icmp_ln290)> <Delay = 0.00>
ST_9 : Operation 1135 [1/1] (0.00ns)   --->   "%zext_ln840_149 = zext i3 %add_ln840_130"   --->   Operation 1135 'zext' 'zext_ln840_149' <Predicate = (!icmp_ln249 & icmp_ln290)> <Delay = 0.00>
ST_9 : Operation 1136 [1/1] (1.65ns)   --->   "%add_ln840_131 = add i4 %zext_ln840_149, i4 %zext_ln840_146"   --->   Operation 1136 'add' 'add_ln840_131' <Predicate = (!icmp_ln249 & icmp_ln290)> <Delay = 1.65> <CoreInst = "Adder">   --->   Core 1 'Adder' <Latency = 0> <II = 1> <Delay = 1.65> <FuncUnit> <Opcode : 'add' 'sub'> <InPorts = 2> <OutPorts = 1>
ST_9 : Operation 1137 [1/1] (0.00ns)   --->   "%zext_ln840_150 = zext i4 %add_ln840_131"   --->   Operation 1137 'zext' 'zext_ln840_150' <Predicate = (!icmp_ln249 & icmp_ln290)> <Delay = 0.00>
ST_9 : Operation 1138 [1/1] (1.73ns)   --->   "%add_ln840_132 = add i5 %zext_ln840_150, i5 %zext_ln840_143"   --->   Operation 1138 'add' 'add_ln840_132' <Predicate = (!icmp_ln249 & icmp_ln290)> <Delay = 1.73> <CoreInst = "Adder">   --->   Core 1 'Adder' <Latency = 0> <II = 1> <Delay = 1.73> <FuncUnit> <Opcode : 'add' 'sub'> <InPorts = 2> <OutPorts = 1>
ST_9 : Operation 1139 [1/1] (0.00ns)   --->   "%zext_ln840_151 = zext i5 %add_ln840_132"   --->   Operation 1139 'zext' 'zext_ln840_151' <Predicate = (!icmp_ln249 & icmp_ln290)> <Delay = 0.00>
ST_9 : Operation 1140 [1/1] (1.78ns)   --->   "%add_ln840_133 = add i6 %zext_ln840_151, i6 %zext_ln840_136"   --->   Operation 1140 'add' 'add_ln840_133' <Predicate = (!icmp_ln249 & icmp_ln290)> <Delay = 1.78> <CoreInst = "Adder">   --->   Core 1 'Adder' <Latency = 0> <II = 1> <Delay = 1.78> <FuncUnit> <Opcode : 'add' 'sub'> <InPorts = 2> <OutPorts = 1>
ST_9 : Operation 1141 [1/1] (0.00ns)   --->   "%zext_ln840_152 = zext i6 %add_ln840_133"   --->   Operation 1141 'zext' 'zext_ln840_152' <Predicate = (!icmp_ln249 & icmp_ln290)> <Delay = 0.00>
ST_9 : Operation 1142 [1/1] (0.00ns)   --->   "%zext_ln840_155 = zext i3 %add_ln840_135"   --->   Operation 1142 'zext' 'zext_ln840_155' <Predicate = (!icmp_ln249 & icmp_ln290)> <Delay = 0.00>
ST_9 : Operation 1143 [1/1] (0.00ns)   --->   "%zext_ln840_158 = zext i3 %add_ln840_138"   --->   Operation 1143 'zext' 'zext_ln840_158' <Predicate = (!icmp_ln249 & icmp_ln290)> <Delay = 0.00>
ST_9 : Operation 1144 [1/1] (1.65ns)   --->   "%add_ln840_139 = add i4 %zext_ln840_158, i4 %zext_ln840_155"   --->   Operation 1144 'add' 'add_ln840_139' <Predicate = (!icmp_ln249 & icmp_ln290)> <Delay = 1.65> <CoreInst = "Adder">   --->   Core 1 'Adder' <Latency = 0> <II = 1> <Delay = 1.65> <FuncUnit> <Opcode : 'add' 'sub'> <InPorts = 2> <OutPorts = 1>
ST_9 : Operation 1145 [1/1] (0.00ns)   --->   "%zext_ln840_159 = zext i4 %add_ln840_139"   --->   Operation 1145 'zext' 'zext_ln840_159' <Predicate = (!icmp_ln249 & icmp_ln290)> <Delay = 0.00>
ST_9 : Operation 1146 [1/1] (0.00ns)   --->   "%zext_ln840_162 = zext i3 %add_ln840_140"   --->   Operation 1146 'zext' 'zext_ln840_162' <Predicate = (!icmp_ln249 & icmp_ln290)> <Delay = 0.00>
ST_9 : Operation 1147 [1/1] (0.00ns)   --->   "%zext_ln840_165 = zext i3 %add_ln840_143"   --->   Operation 1147 'zext' 'zext_ln840_165' <Predicate = (!icmp_ln249 & icmp_ln290)> <Delay = 0.00>
ST_9 : Operation 1148 [1/1] (1.65ns)   --->   "%add_ln840_144 = add i4 %zext_ln840_165, i4 %zext_ln840_162"   --->   Operation 1148 'add' 'add_ln840_144' <Predicate = (!icmp_ln249 & icmp_ln290)> <Delay = 1.65> <CoreInst = "Adder">   --->   Core 1 'Adder' <Latency = 0> <II = 1> <Delay = 1.65> <FuncUnit> <Opcode : 'add' 'sub'> <InPorts = 2> <OutPorts = 1>
ST_9 : Operation 1149 [1/1] (0.00ns)   --->   "%zext_ln840_166 = zext i4 %add_ln840_144"   --->   Operation 1149 'zext' 'zext_ln840_166' <Predicate = (!icmp_ln249 & icmp_ln290)> <Delay = 0.00>
ST_9 : Operation 1150 [1/1] (1.73ns)   --->   "%add_ln840_145 = add i5 %zext_ln840_166, i5 %zext_ln840_159"   --->   Operation 1150 'add' 'add_ln840_145' <Predicate = (!icmp_ln249 & icmp_ln290)> <Delay = 1.73> <CoreInst = "Adder">   --->   Core 1 'Adder' <Latency = 0> <II = 1> <Delay = 1.73> <FuncUnit> <Opcode : 'add' 'sub'> <InPorts = 2> <OutPorts = 1>
ST_9 : Operation 1151 [1/1] (0.00ns)   --->   "%zext_ln840_167 = zext i5 %add_ln840_145"   --->   Operation 1151 'zext' 'zext_ln840_167' <Predicate = (!icmp_ln249 & icmp_ln290)> <Delay = 0.00>
ST_9 : Operation 1152 [1/1] (0.00ns)   --->   "%zext_ln840_170 = zext i3 %add_ln840_147"   --->   Operation 1152 'zext' 'zext_ln840_170' <Predicate = (!icmp_ln249 & icmp_ln290)> <Delay = 0.00>
ST_9 : Operation 1153 [1/1] (0.00ns)   --->   "%zext_ln840_173 = zext i3 %add_ln840_149"   --->   Operation 1153 'zext' 'zext_ln840_173' <Predicate = (!icmp_ln249 & icmp_ln290)> <Delay = 0.00>
ST_9 : Operation 1154 [1/1] (1.65ns)   --->   "%add_ln840_150 = add i4 %zext_ln840_173, i4 %zext_ln840_170"   --->   Operation 1154 'add' 'add_ln840_150' <Predicate = (!icmp_ln249 & icmp_ln290)> <Delay = 1.65> <CoreInst = "Adder">   --->   Core 1 'Adder' <Latency = 0> <II = 1> <Delay = 1.65> <FuncUnit> <Opcode : 'add' 'sub'> <InPorts = 2> <OutPorts = 1>
ST_9 : Operation 1155 [1/1] (0.00ns)   --->   "%zext_ln840_174 = zext i4 %add_ln840_150"   --->   Operation 1155 'zext' 'zext_ln840_174' <Predicate = (!icmp_ln249 & icmp_ln290)> <Delay = 0.00>
ST_9 : Operation 1156 [1/1] (0.00ns)   --->   "%zext_ln840_177 = zext i3 %add_ln840_152"   --->   Operation 1156 'zext' 'zext_ln840_177' <Predicate = (!icmp_ln249 & icmp_ln290)> <Delay = 0.00>
ST_9 : Operation 1157 [1/1] (0.00ns)   --->   "%zext_ln840_180 = zext i3 %add_ln840_154"   --->   Operation 1157 'zext' 'zext_ln840_180' <Predicate = (!icmp_ln249 & icmp_ln290)> <Delay = 0.00>
ST_9 : Operation 1158 [1/1] (1.65ns)   --->   "%add_ln840_155 = add i4 %zext_ln840_180, i4 %zext_ln840_177"   --->   Operation 1158 'add' 'add_ln840_155' <Predicate = (!icmp_ln249 & icmp_ln290)> <Delay = 1.65> <CoreInst = "Adder">   --->   Core 1 'Adder' <Latency = 0> <II = 1> <Delay = 1.65> <FuncUnit> <Opcode : 'add' 'sub'> <InPorts = 2> <OutPorts = 1>
ST_9 : Operation 1159 [1/1] (0.00ns)   --->   "%zext_ln840_181 = zext i4 %add_ln840_155"   --->   Operation 1159 'zext' 'zext_ln840_181' <Predicate = (!icmp_ln249 & icmp_ln290)> <Delay = 0.00>
ST_9 : Operation 1160 [1/1] (1.73ns)   --->   "%add_ln840_156 = add i5 %zext_ln840_181, i5 %zext_ln840_174"   --->   Operation 1160 'add' 'add_ln840_156' <Predicate = (!icmp_ln249 & icmp_ln290)> <Delay = 1.73> <CoreInst = "Adder">   --->   Core 1 'Adder' <Latency = 0> <II = 1> <Delay = 1.73> <FuncUnit> <Opcode : 'add' 'sub'> <InPorts = 2> <OutPorts = 1>
ST_9 : Operation 1161 [1/1] (0.00ns)   --->   "%zext_ln840_182 = zext i5 %add_ln840_156"   --->   Operation 1161 'zext' 'zext_ln840_182' <Predicate = (!icmp_ln249 & icmp_ln290)> <Delay = 0.00>
ST_9 : Operation 1162 [1/1] (1.78ns)   --->   "%add_ln840_157 = add i6 %zext_ln840_182, i6 %zext_ln840_167"   --->   Operation 1162 'add' 'add_ln840_157' <Predicate = (!icmp_ln249 & icmp_ln290)> <Delay = 1.78> <CoreInst = "Adder">   --->   Core 1 'Adder' <Latency = 0> <II = 1> <Delay = 1.78> <FuncUnit> <Opcode : 'add' 'sub'> <InPorts = 2> <OutPorts = 1>
ST_9 : Operation 1163 [1/1] (0.00ns)   --->   "%zext_ln840_183 = zext i6 %add_ln840_157"   --->   Operation 1163 'zext' 'zext_ln840_183' <Predicate = (!icmp_ln249 & icmp_ln290)> <Delay = 0.00>
ST_9 : Operation 1164 [1/1] (1.82ns)   --->   "%add_ln840_158 = add i7 %zext_ln840_183, i7 %zext_ln840_152"   --->   Operation 1164 'add' 'add_ln840_158' <Predicate = (!icmp_ln249 & icmp_ln290)> <Delay = 1.82> <CoreInst = "Adder">   --->   Core 1 'Adder' <Latency = 0> <II = 1> <Delay = 1.82> <FuncUnit> <Opcode : 'add' 'sub'> <InPorts = 2> <OutPorts = 1>
ST_9 : Operation 1165 [1/1] (0.00ns)   --->   "%zext_ln840_187 = zext i3 %add_ln840_161"   --->   Operation 1165 'zext' 'zext_ln840_187' <Predicate = (!icmp_ln249 & icmp_ln290)> <Delay = 0.00>
ST_9 : Operation 1166 [1/1] (0.00ns)   --->   "%zext_ln840_190 = zext i3 %add_ln840_162"   --->   Operation 1166 'zext' 'zext_ln840_190' <Predicate = (!icmp_ln249 & icmp_ln290)> <Delay = 0.00>
ST_9 : Operation 1167 [1/1] (1.65ns)   --->   "%add_ln840_163 = add i4 %zext_ln840_190, i4 %zext_ln840_187"   --->   Operation 1167 'add' 'add_ln840_163' <Predicate = (!icmp_ln249 & icmp_ln290)> <Delay = 1.65> <CoreInst = "Adder">   --->   Core 1 'Adder' <Latency = 0> <II = 1> <Delay = 1.65> <FuncUnit> <Opcode : 'add' 'sub'> <InPorts = 2> <OutPorts = 1>
ST_9 : Operation 1168 [1/1] (0.00ns)   --->   "%zext_ln840_191 = zext i4 %add_ln840_163"   --->   Operation 1168 'zext' 'zext_ln840_191' <Predicate = (!icmp_ln249 & icmp_ln290)> <Delay = 0.00>
ST_9 : Operation 1169 [1/1] (0.00ns)   --->   "%zext_ln840_194 = zext i3 %add_ln840_166"   --->   Operation 1169 'zext' 'zext_ln840_194' <Predicate = (!icmp_ln249 & icmp_ln290)> <Delay = 0.00>
ST_9 : Operation 1170 [1/1] (0.00ns)   --->   "%zext_ln840_197 = zext i3 %add_ln840_168"   --->   Operation 1170 'zext' 'zext_ln840_197' <Predicate = (!icmp_ln249 & icmp_ln290)> <Delay = 0.00>
ST_9 : Operation 1171 [1/1] (1.65ns)   --->   "%add_ln840_169 = add i4 %zext_ln840_197, i4 %zext_ln840_194"   --->   Operation 1171 'add' 'add_ln840_169' <Predicate = (!icmp_ln249 & icmp_ln290)> <Delay = 1.65> <CoreInst = "Adder">   --->   Core 1 'Adder' <Latency = 0> <II = 1> <Delay = 1.65> <FuncUnit> <Opcode : 'add' 'sub'> <InPorts = 2> <OutPorts = 1>
ST_9 : Operation 1172 [1/1] (0.00ns)   --->   "%zext_ln840_198 = zext i4 %add_ln840_169"   --->   Operation 1172 'zext' 'zext_ln840_198' <Predicate = (!icmp_ln249 & icmp_ln290)> <Delay = 0.00>
ST_9 : Operation 1173 [1/1] (1.73ns)   --->   "%add_ln840_170 = add i5 %zext_ln840_198, i5 %zext_ln840_191"   --->   Operation 1173 'add' 'add_ln840_170' <Predicate = (!icmp_ln249 & icmp_ln290)> <Delay = 1.73> <CoreInst = "Adder">   --->   Core 1 'Adder' <Latency = 0> <II = 1> <Delay = 1.73> <FuncUnit> <Opcode : 'add' 'sub'> <InPorts = 2> <OutPorts = 1>
ST_9 : Operation 1174 [1/1] (0.00ns)   --->   "%zext_ln840_199 = zext i5 %add_ln840_170"   --->   Operation 1174 'zext' 'zext_ln840_199' <Predicate = (!icmp_ln249 & icmp_ln290)> <Delay = 0.00>
ST_9 : Operation 1175 [1/1] (0.00ns)   --->   "%zext_ln840_202 = zext i3 %add_ln840_173"   --->   Operation 1175 'zext' 'zext_ln840_202' <Predicate = (!icmp_ln249 & icmp_ln290)> <Delay = 0.00>
ST_9 : Operation 1176 [1/1] (0.00ns)   --->   "%zext_ln840_205 = zext i3 %add_ln840_175"   --->   Operation 1176 'zext' 'zext_ln840_205' <Predicate = (!icmp_ln249 & icmp_ln290)> <Delay = 0.00>
ST_9 : Operation 1177 [1/1] (1.65ns)   --->   "%add_ln840_176 = add i4 %zext_ln840_205, i4 %zext_ln840_202"   --->   Operation 1177 'add' 'add_ln840_176' <Predicate = (!icmp_ln249 & icmp_ln290)> <Delay = 1.65> <CoreInst = "Adder">   --->   Core 1 'Adder' <Latency = 0> <II = 1> <Delay = 1.65> <FuncUnit> <Opcode : 'add' 'sub'> <InPorts = 2> <OutPorts = 1>
ST_9 : Operation 1178 [1/1] (0.00ns)   --->   "%zext_ln840_206 = zext i4 %add_ln840_176"   --->   Operation 1178 'zext' 'zext_ln840_206' <Predicate = (!icmp_ln249 & icmp_ln290)> <Delay = 0.00>
ST_9 : Operation 1179 [1/1] (0.00ns)   --->   "%zext_ln840_209 = zext i3 %add_ln840_178"   --->   Operation 1179 'zext' 'zext_ln840_209' <Predicate = (!icmp_ln249 & icmp_ln290)> <Delay = 0.00>
ST_9 : Operation 1180 [1/1] (0.00ns)   --->   "%zext_ln840_212 = zext i3 %add_ln840_181"   --->   Operation 1180 'zext' 'zext_ln840_212' <Predicate = (!icmp_ln249 & icmp_ln290)> <Delay = 0.00>
ST_9 : Operation 1181 [1/1] (1.65ns)   --->   "%add_ln840_182 = add i4 %zext_ln840_212, i4 %zext_ln840_209"   --->   Operation 1181 'add' 'add_ln840_182' <Predicate = (!icmp_ln249 & icmp_ln290)> <Delay = 1.65> <CoreInst = "Adder">   --->   Core 1 'Adder' <Latency = 0> <II = 1> <Delay = 1.65> <FuncUnit> <Opcode : 'add' 'sub'> <InPorts = 2> <OutPorts = 1>
ST_9 : Operation 1182 [1/1] (0.00ns)   --->   "%zext_ln840_213 = zext i4 %add_ln840_182"   --->   Operation 1182 'zext' 'zext_ln840_213' <Predicate = (!icmp_ln249 & icmp_ln290)> <Delay = 0.00>
ST_9 : Operation 1183 [1/1] (1.73ns)   --->   "%add_ln840_183 = add i5 %zext_ln840_213, i5 %zext_ln840_206"   --->   Operation 1183 'add' 'add_ln840_183' <Predicate = (!icmp_ln249 & icmp_ln290)> <Delay = 1.73> <CoreInst = "Adder">   --->   Core 1 'Adder' <Latency = 0> <II = 1> <Delay = 1.73> <FuncUnit> <Opcode : 'add' 'sub'> <InPorts = 2> <OutPorts = 1>
ST_9 : Operation 1184 [1/1] (0.00ns)   --->   "%zext_ln840_214 = zext i5 %add_ln840_183"   --->   Operation 1184 'zext' 'zext_ln840_214' <Predicate = (!icmp_ln249 & icmp_ln290)> <Delay = 0.00>
ST_9 : Operation 1185 [1/1] (1.78ns)   --->   "%add_ln840_184 = add i6 %zext_ln840_214, i6 %zext_ln840_199"   --->   Operation 1185 'add' 'add_ln840_184' <Predicate = (!icmp_ln249 & icmp_ln290)> <Delay = 1.78> <CoreInst = "Adder">   --->   Core 1 'Adder' <Latency = 0> <II = 1> <Delay = 1.78> <FuncUnit> <Opcode : 'add' 'sub'> <InPorts = 2> <OutPorts = 1>
ST_9 : Operation 1186 [1/1] (0.00ns)   --->   "%zext_ln840_215 = zext i6 %add_ln840_184"   --->   Operation 1186 'zext' 'zext_ln840_215' <Predicate = (!icmp_ln249 & icmp_ln290)> <Delay = 0.00>
ST_9 : Operation 1187 [1/1] (0.00ns)   --->   "%zext_ln840_218 = zext i3 %add_ln840_186"   --->   Operation 1187 'zext' 'zext_ln840_218' <Predicate = (!icmp_ln249 & icmp_ln290)> <Delay = 0.00>
ST_9 : Operation 1188 [1/1] (0.00ns)   --->   "%zext_ln840_221 = zext i3 %add_ln840_189"   --->   Operation 1188 'zext' 'zext_ln840_221' <Predicate = (!icmp_ln249 & icmp_ln290)> <Delay = 0.00>
ST_9 : Operation 1189 [1/1] (1.65ns)   --->   "%add_ln840_190 = add i4 %zext_ln840_221, i4 %zext_ln840_218"   --->   Operation 1189 'add' 'add_ln840_190' <Predicate = (!icmp_ln249 & icmp_ln290)> <Delay = 1.65> <CoreInst = "Adder">   --->   Core 1 'Adder' <Latency = 0> <II = 1> <Delay = 1.65> <FuncUnit> <Opcode : 'add' 'sub'> <InPorts = 2> <OutPorts = 1>
ST_9 : Operation 1190 [1/1] (0.00ns)   --->   "%zext_ln840_222 = zext i4 %add_ln840_190"   --->   Operation 1190 'zext' 'zext_ln840_222' <Predicate = (!icmp_ln249 & icmp_ln290)> <Delay = 0.00>
ST_9 : Operation 1191 [1/1] (0.00ns)   --->   "%zext_ln840_225 = zext i3 %add_ln840_191"   --->   Operation 1191 'zext' 'zext_ln840_225' <Predicate = (!icmp_ln249 & icmp_ln290)> <Delay = 0.00>
ST_9 : Operation 1192 [1/1] (0.00ns)   --->   "%zext_ln840_228 = zext i3 %add_ln840_194"   --->   Operation 1192 'zext' 'zext_ln840_228' <Predicate = (!icmp_ln249 & icmp_ln290)> <Delay = 0.00>
ST_9 : Operation 1193 [1/1] (1.65ns)   --->   "%add_ln840_195 = add i4 %zext_ln840_228, i4 %zext_ln840_225"   --->   Operation 1193 'add' 'add_ln840_195' <Predicate = (!icmp_ln249 & icmp_ln290)> <Delay = 1.65> <CoreInst = "Adder">   --->   Core 1 'Adder' <Latency = 0> <II = 1> <Delay = 1.65> <FuncUnit> <Opcode : 'add' 'sub'> <InPorts = 2> <OutPorts = 1>
ST_9 : Operation 1194 [1/1] (0.00ns)   --->   "%zext_ln840_229 = zext i4 %add_ln840_195"   --->   Operation 1194 'zext' 'zext_ln840_229' <Predicate = (!icmp_ln249 & icmp_ln290)> <Delay = 0.00>
ST_9 : Operation 1195 [1/1] (1.73ns)   --->   "%add_ln840_196 = add i5 %zext_ln840_229, i5 %zext_ln840_222"   --->   Operation 1195 'add' 'add_ln840_196' <Predicate = (!icmp_ln249 & icmp_ln290)> <Delay = 1.73> <CoreInst = "Adder">   --->   Core 1 'Adder' <Latency = 0> <II = 1> <Delay = 1.73> <FuncUnit> <Opcode : 'add' 'sub'> <InPorts = 2> <OutPorts = 1>
ST_9 : Operation 1196 [1/1] (0.00ns)   --->   "%zext_ln840_230 = zext i5 %add_ln840_196"   --->   Operation 1196 'zext' 'zext_ln840_230' <Predicate = (!icmp_ln249 & icmp_ln290)> <Delay = 0.00>
ST_9 : Operation 1197 [1/1] (0.00ns)   --->   "%zext_ln840_233 = zext i3 %add_ln840_198"   --->   Operation 1197 'zext' 'zext_ln840_233' <Predicate = (!icmp_ln249 & icmp_ln290)> <Delay = 0.00>
ST_9 : Operation 1198 [1/1] (0.00ns)   --->   "%zext_ln840_236 = zext i3 %add_ln840_200"   --->   Operation 1198 'zext' 'zext_ln840_236' <Predicate = (!icmp_ln249 & icmp_ln290)> <Delay = 0.00>
ST_9 : Operation 1199 [1/1] (1.65ns)   --->   "%add_ln840_201 = add i4 %zext_ln840_236, i4 %zext_ln840_233"   --->   Operation 1199 'add' 'add_ln840_201' <Predicate = (!icmp_ln249 & icmp_ln290)> <Delay = 1.65> <CoreInst = "Adder">   --->   Core 1 'Adder' <Latency = 0> <II = 1> <Delay = 1.65> <FuncUnit> <Opcode : 'add' 'sub'> <InPorts = 2> <OutPorts = 1>
ST_9 : Operation 1200 [1/1] (0.00ns)   --->   "%zext_ln840_237 = zext i4 %add_ln840_201"   --->   Operation 1200 'zext' 'zext_ln840_237' <Predicate = (!icmp_ln249 & icmp_ln290)> <Delay = 0.00>
ST_9 : Operation 1201 [1/1] (0.00ns)   --->   "%zext_ln840_240 = zext i3 %add_ln840_203"   --->   Operation 1201 'zext' 'zext_ln840_240' <Predicate = (!icmp_ln249 & icmp_ln290)> <Delay = 0.00>
ST_9 : Operation 1202 [1/1] (0.00ns)   --->   "%zext_ln840_243 = zext i3 %add_ln840_205"   --->   Operation 1202 'zext' 'zext_ln840_243' <Predicate = (!icmp_ln249 & icmp_ln290)> <Delay = 0.00>
ST_9 : Operation 1203 [1/1] (1.65ns)   --->   "%add_ln840_206 = add i4 %zext_ln840_243, i4 %zext_ln840_240"   --->   Operation 1203 'add' 'add_ln840_206' <Predicate = (!icmp_ln249 & icmp_ln290)> <Delay = 1.65> <CoreInst = "Adder">   --->   Core 1 'Adder' <Latency = 0> <II = 1> <Delay = 1.65> <FuncUnit> <Opcode : 'add' 'sub'> <InPorts = 2> <OutPorts = 1>
ST_9 : Operation 1204 [1/1] (0.00ns)   --->   "%zext_ln840_244 = zext i4 %add_ln840_206"   --->   Operation 1204 'zext' 'zext_ln840_244' <Predicate = (!icmp_ln249 & icmp_ln290)> <Delay = 0.00>
ST_9 : Operation 1205 [1/1] (1.73ns)   --->   "%add_ln840_207 = add i5 %zext_ln840_244, i5 %zext_ln840_237"   --->   Operation 1205 'add' 'add_ln840_207' <Predicate = (!icmp_ln249 & icmp_ln290)> <Delay = 1.73> <CoreInst = "Adder">   --->   Core 1 'Adder' <Latency = 0> <II = 1> <Delay = 1.73> <FuncUnit> <Opcode : 'add' 'sub'> <InPorts = 2> <OutPorts = 1>
ST_9 : Operation 1206 [1/1] (0.00ns)   --->   "%zext_ln840_245 = zext i5 %add_ln840_207"   --->   Operation 1206 'zext' 'zext_ln840_245' <Predicate = (!icmp_ln249 & icmp_ln290)> <Delay = 0.00>
ST_9 : Operation 1207 [1/1] (1.78ns)   --->   "%add_ln840_208 = add i6 %zext_ln840_245, i6 %zext_ln840_230"   --->   Operation 1207 'add' 'add_ln840_208' <Predicate = (!icmp_ln249 & icmp_ln290)> <Delay = 1.78> <CoreInst = "Adder">   --->   Core 1 'Adder' <Latency = 0> <II = 1> <Delay = 1.78> <FuncUnit> <Opcode : 'add' 'sub'> <InPorts = 2> <OutPorts = 1>
ST_9 : Operation 1208 [1/1] (0.00ns)   --->   "%zext_ln840_246 = zext i6 %add_ln840_208"   --->   Operation 1208 'zext' 'zext_ln840_246' <Predicate = (!icmp_ln249 & icmp_ln290)> <Delay = 0.00>
ST_9 : Operation 1209 [1/1] (1.82ns)   --->   "%add_ln840_209 = add i7 %zext_ln840_246, i7 %zext_ln840_215"   --->   Operation 1209 'add' 'add_ln840_209' <Predicate = (!icmp_ln249 & icmp_ln290)> <Delay = 1.82> <CoreInst = "Adder">   --->   Core 1 'Adder' <Latency = 0> <II = 1> <Delay = 1.82> <FuncUnit> <Opcode : 'add' 'sub'> <InPorts = 2> <OutPorts = 1>

State 10 <SV = 9> <Delay = 7.33>
ST_10 : Operation 1210 [1/1] (0.00ns)   --->   "%zext_ln840_27 = zext i5 %add_ln840_30"   --->   Operation 1210 'zext' 'zext_ln840_27' <Predicate = (!icmp_ln249 & icmp_ln290)> <Delay = 0.00>
ST_10 : Operation 1211 [1/1] (0.00ns) (grouped into TernaryAdder)   --->   "%add_ln840_31 = add i8 %zext_ln840_27, i8 %add_ln840_17"   --->   Operation 1211 'add' 'add_ln840_31' <Predicate = (!icmp_ln249 & icmp_ln290)> <Delay = 0.00> <CoreInst = "TAddSub">   --->   Core 10 'TAddSub' <Latency = 0> <II = 1> <Delay = 1.83> <IPBlock> <Opcode : 'add' 'sub'> <InPorts = 3> <OutPorts = 1> <Sync> <CReg>
ST_10 : Operation 1212 [1/1] (0.00ns)   --->   "%zext_ln840_58 = zext i6 %add_ln840_56"   --->   Operation 1212 'zext' 'zext_ln840_58' <Predicate = (!icmp_ln249 & icmp_ln290)> <Delay = 0.00>
ST_10 : Operation 1213 [1/1] (3.66ns) (root node of TernaryAdder)   --->   "%add_ln840_57 = add i8 %zext_ln840_58, i8 %add_ln840_31"   --->   Operation 1213 'add' 'add_ln840_57' <Predicate = (!icmp_ln249 & icmp_ln290)> <Delay = 3.66> <CoreInst = "TAddSub">   --->   Core 10 'TAddSub' <Latency = 0> <II = 1> <Delay = 1.83> <IPBlock> <Opcode : 'add' 'sub'> <InPorts = 3> <OutPorts = 1> <Sync> <CReg>
ST_10 : Operation 1214 [1/1] (0.00ns)   --->   "%zext_ln840_121 = zext i7 %add_ln840_107"   --->   Operation 1214 'zext' 'zext_ln840_121' <Predicate = (!icmp_ln249 & icmp_ln290)> <Delay = 0.00>
ST_10 : Operation 1215 [1/1] (0.00ns) (grouped into TernaryAdder)   --->   "%add_ln840_108 = add i8 %zext_ln840_121, i8 %add_ln840_57"   --->   Operation 1215 'add' 'add_ln840_108' <Predicate = (!icmp_ln249 & icmp_ln290)> <Delay = 0.00> <CoreInst = "TAddSub">   --->   Core 10 'TAddSub' <Latency = 0> <II = 1> <Delay = 1.83> <IPBlock> <Opcode : 'add' 'sub'> <InPorts = 3> <OutPorts = 1> <Sync> <CReg>
ST_10 : Operation 1216 [1/1] (0.00ns)   --->   "%zext_ln840_184 = zext i7 %add_ln840_158"   --->   Operation 1216 'zext' 'zext_ln840_184' <Predicate = (!icmp_ln249 & icmp_ln290)> <Delay = 0.00>
ST_10 : Operation 1217 [1/1] (0.00ns)   --->   "%zext_ln840_247 = zext i7 %add_ln840_209"   --->   Operation 1217 'zext' 'zext_ln840_247' <Predicate = (!icmp_ln249 & icmp_ln290)> <Delay = 0.00>
ST_10 : Operation 1218 [1/1] (1.87ns)   --->   "%add_ln840_210 = add i8 %zext_ln840_247, i8 %zext_ln840_184"   --->   Operation 1218 'add' 'add_ln840_210' <Predicate = (!icmp_ln249 & icmp_ln290)> <Delay = 1.87> <CoreInst = "Adder">   --->   Core 1 'Adder' <Latency = 0> <II = 1> <Delay = 1.87> <FuncUnit> <Opcode : 'add' 'sub'> <InPorts = 2> <OutPorts = 1>
ST_10 : Operation 1219 [1/1] (3.66ns) (root node of TernaryAdder)   --->   "%result_V_2 = add i8 %add_ln840_210, i8 %add_ln840_108"   --->   Operation 1219 'add' 'result_V_2' <Predicate = (!icmp_ln249 & icmp_ln290)> <Delay = 3.66> <CoreInst = "TAddSub">   --->   Core 10 'TAddSub' <Latency = 0> <II = 1> <Delay = 1.83> <IPBlock> <Opcode : 'add' 'sub'> <InPorts = 3> <OutPorts = 1> <Sync> <CReg>
ST_10 : Operation 1220 [1/1] (0.00ns)   --->   "%write_ln298 = write void @_ssdm_op_Write.axis.volatile.i8P128A, i8 %out_V, i8 %result_V_2" [/home/miguel_tfg/FINN-v0.9-Stable/deps/finn-hlslib/mvau.hpp:298]   --->   Operation 1220 'write' 'write_ln298' <Predicate = (!icmp_ln249 & icmp_ln290)> <Delay = 0.00> <CoreInst = "axis">   --->   Core 115 'axis' <Latency = 0> <II = 1> <Delay = 1.00> <Adapter> <Opcode : >
ST_10 : Operation 1221 [1/1] (0.00ns)   --->   "%br_ln306 = br void %for.inc90" [/home/miguel_tfg/FINN-v0.9-Stable/deps/finn-hlslib/mvau.hpp:306]   --->   Operation 1221 'br' 'br_ln306' <Predicate = (!icmp_ln249 & icmp_ln290)> <Delay = 0.00>
ST_10 : Operation 1222 [1/1] (0.00ns)   --->   "%ret_ln308 = ret" [/home/miguel_tfg/FINN-v0.9-Stable/deps/finn-hlslib/mvau.hpp:308]   --->   Operation 1222 'ret' 'ret_ln308' <Predicate = (icmp_ln249)> <Delay = 0.00>


============================================================
+ Verbose Summary: Timing violations
============================================================
Target clock period: 10ns, clock uncertainty: 2.7ns.

 <State 1>: 7.59ns
The critical path consists of the following:
	'alloca' operation ('nf') [7]  (0 ns)
	'load' operation ('nf', /home/miguel_tfg/FINN-v0.9-Stable/deps/finn-hlslib/activations.hpp:218) on local variable 'nf' [19]  (0 ns)
	'add' operation ('nf', /home/miguel_tfg/FINN-v0.9-Stable/deps/finn-hlslib/mvau.hpp:302) [1196]  (2.55 ns)
	'icmp' operation ('icmp_ln302', /home/miguel_tfg/FINN-v0.9-Stable/deps/finn-hlslib/mvau.hpp:302) [1197]  (2.47 ns)
	'select' operation ('nf', /home/miguel_tfg/FINN-v0.9-Stable/deps/finn-hlslib/mvau.hpp:302) [1198]  (0.698 ns)
	'store' operation ('store_ln306', /home/miguel_tfg/FINN-v0.9-Stable/deps/finn-hlslib/mvau.hpp:306) of variable 'nf', /home/miguel_tfg/FINN-v0.9-Stable/deps/finn-hlslib/mvau.hpp:302 on local variable 'nf' [1199]  (1.59 ns)
	blocking operation 0.28 ns on control path)

 <State 2>: 1.05ns
The critical path consists of the following:
	'phi' operation ('inputBuf.V') with incoming values : ('tmp', /home/miguel_tfg/FINN-v0.9-Stable/deps/finn-hlslib/mvau.hpp:261) ('inputBuf.V', /home/miguel_tfg/FINN-v0.9-Stable/deps/finn-hlslib/mvau.hpp:255) [45]  (0 ns)
	'mul' operation of DSP[103] ('ret.V') [62]  (1.05 ns)

 <State 3>: 1.05ns
The critical path consists of the following:
	'mul' operation of DSP[103] ('ret.V') [62]  (1.05 ns)

 <State 4>: 4.44ns
The critical path consists of the following:
	'mul' operation ('ret.V') [92]  (2.34 ns)
	'add' operation of DSP[100] ('add_ln840_1') [100]  (2.1 ns)

 <State 5>: 4.2ns
The critical path consists of the following:
	'add' operation of DSP[105] ('add_ln840_4') [105]  (2.1 ns)
	'add' operation of DSP[107] ('add_ln840_5') [107]  (2.1 ns)

 <State 6>: 3.83ns
The critical path consists of the following:
	'add' operation of DSP[107] ('add_ln840_5') [107]  (2.1 ns)
	'add' operation ('add_ln840_6') [109]  (1.73 ns)

 <State 7>: 5.89ns
The critical path consists of the following:
	'add' operation of DSP[99] ('add_ln840') [99]  (2.1 ns)
	'add' operation ('add_ln840_2') [102]  (0 ns)
	'add' operation ('accu.V') [111]  (3.79 ns)
	'store' operation ('store_ln249', /home/miguel_tfg/FINN-v0.9-Stable/deps/finn-hlslib/mvau.hpp:249) of variable 'accu.V' on local variable 'accu.V' [1203]  (0 ns)

 <State 8>: 6.1ns
The critical path consists of the following:
	'select' operation ('select_ln1039_5') [139]  (0 ns)
	'icmp' operation ('icmp_ln1039_5') [140]  (1.99 ns)
	'xor' operation ('xor_ln1039_5') [141]  (0.978 ns)
	'add' operation ('add_ln840_12') [705]  (1.56 ns)
	'add' operation ('add_ln840_14') [709]  (1.56 ns)

 <State 9>: 7.15ns
The critical path consists of the following:
	'add' operation ('add_ln840_8') [695]  (1.56 ns)
	'add' operation ('add_ln840_9') [697]  (1.92 ns)
	'add' operation ('add_ln840_11') [704]  (0 ns)
	'add' operation ('add_ln840_17') [719]  (3.67 ns)

 <State 10>: 7.34ns
The critical path consists of the following:
	'add' operation ('add_ln840_31') [750]  (0 ns)
	'add' operation ('add_ln840_57') [813]  (3.67 ns)
	'add' operation ('add_ln840_108') [940]  (0 ns)
	'add' operation ('result.V') [1194]  (3.67 ns)


============================================================
+ Verbose Summary: Binding
============================================================
N/A
* FSMD analyzer results:
  - Output states:
 - Input state : 
  - Chain level:
	State 1
	State 2
	State 3
	State 4
	State 5
	State 6
	State 7
	State 8
	State 9
	State 10


============================================================
+ Verbose Summary: Datapath Resource usage 
============================================================
N/A
