image_name,v,w
1.png,5,-0.0291
2.png,5,-0.0276
3.png,5,-0.0276
4.png,5,-0.0276
5.png,5,-0.0276
6.png,5,-0.0276
7.png,5,-0.0276
8.png,5,-0.0276
9.png,5,-0.0276
10.png,5,-0.0276
11.png,5,-0.0276
12.png,5,-0.0276
13.png,5,-0.0276
14.png,5,-0.0276
15.png,5,-0.0276
16.png,5,-0.0276
17.png,5,-0.0276
18.png,5,-0.0179
19.png,5,0.001
20.png,5,-0.0
21.png,5,0.0291
22.png,5,0.0761
23.png,5,0.0736
24.png,5,0.1436
25.png,5,0.14
26.png,5,0.2142
27.png,5,0.2948
28.png,5,0.29
29.png,13,0.19790000000000002
30.png,5,0.4236
31.png,5,0.42
32.png,5,0.42
33.png,5,0.4571
34.png,5,0.455
35.png,5,0.45254999999999995
36.png,5,0.4508
37.png,5,0.49444999999999995
38.png,5,0.49219999999999997
39.png,5,0.53445
40.png,5,0.5307
41.png,5,0.6134999999999999
42.png,5,0.609
43.png,5,0.64925
44.png,5,0.644
45.png,5,0.746
46.png,5,0.74
47.png,5,0.84625
48.png,5,0.84
49.png,5,0.9547500000000001
50.png,5,0.9480000000000001
51.png,5,0.9927499999999999
52.png,5,0.98625
53.png,5,1.09825
54.png,5,1.09125
55.png,5,1.18725
56.png,5,1.18125
57.png,5,1.26925
58.png,5,1.26375
59.png,5,1.3237499999999998
60.png,5,1.3199999999999998
61.png,5,1.3359999999999999
62.png,5,1.335
63.png,5,1.295
64.png,5,1.2974999999999999
65.png,5,1.091
66.png,5,1.099
67.png,5,0.8927499999999999
68.png,5,0.9065
69.png,5,0.65525
70.png,5,0.672
71.png,5,0.436
72.png,5,0.45375
73.png,5,0.14975
74.png,5,0.16874999999999998
75.png,5,-0.109
76.png,5,-0.092
77.png,5,-0.43074999999999997
78.png,5,-0.414
79.png,5,-0.7150000000000001
80.png,5,-0.7000000000000001
81.png,5,-0.77
82.png,5,-0.76125
83.png,5,-0.8072499999999999
84.png,5,-0.80475
85.png,5,-0.6847500000000001
86.png,5,-0.6880000000000001
87.png,5,-0.5690000000000001
88.png,5,-0.5760000000000001
89.png,5,-0.3975
90.png,5,-0.40800000000000003
91.png,5,-0.204
92.png,5,-0.216
93.png,5,0.0135
94.png,5,-0.0
95.png,5,0.2756
96.png,5,0.26
97.png,5,0.5356
98.png,5,0.52
99.png,5,0.6547999999999999
100.png,5,0.6437999999999999
101.png,5,0.711
102.png,5,0.704
103.png,5,0.75925
104.png,5,0.756
105.png,5,0.7645
106.png,5,0.764
107.png,5,0.72575
108.png,5,0.728
109.png,5,0.728
110.png,5,0.64725
111.png,5,0.652
112.png,5,0.5457500000000001
113.png,5,0.552
114.png,5,0.40750000000000003
115.png,5,0.41600000000000004
116.png,5,0.28
117.png,5,0.28800000000000003
118.png,5,0.13075
119.png,5,0.14
120.png,5,0.000449999999999999
121.png,5,0.0087
122.png,5,-0.1384
123.png,5,-0.13
124.png,5,-0.23600000000000002
125.png,5,-0.23
126.png,5,-0.29359999999999997
127.png,5,-0.29
128.png,5,-0.29
129.png,5,-0.3006
130.png,5,-0.3
131.png,5,-0.3
132.png,5,-0.23235
133.png,5,-0.157
134.png,5,-0.161
135.png,5,-0.161
136.png,5,-0.0531
137.png,5,-0.06
138.png,5,0.0513
139.png,5,0.045
140.png,5,0.1881
141.png,5,0.18
142.png,5,0.18
143.png,5,0.3072
144.png,5,0.3827
145.png,5,0.3772
146.png,5,0.3772
147.png,5,0.4211
148.png,5,0.41759999999999997
149.png,5,0.41759999999999997
150.png,5,0.43599999999999994
151.png,5,0.43499999999999994
152.png,5,0.43499999999999994
153.png,5,0.43959999999999994
154.png,5,0.43934999999999996
155.png,5,0.42095
156.png,5,0.42195
157.png,5,0.38055
158.png,5,0.3828
159.png,5,0.3828
160.png,5,0.3276
161.png,5,0.3306
162.png,5,0.3306
163.png,5,0.2662
164.png,5,0.2697
165.png,5,0.2697
166.png,5,0.1961
167.png,5,0.2001
168.png,5,0.2001
169.png,5,0.1437
170.png,5,0.1472
171.png,5,0.1472
172.png,5,0.0793
173.png,5,0.0828
174.png,5,0.037
175.png,5,0.04
176.png,5,-0.0077
177.png,5,-0.005
178.png,5,-0.005
179.png,5,-0.020900000000000002
180.png,5,-0.02
181.png,13,-0.0108
182.png,13,-0.0108
183.png,13,-0.0108
184.png,13,0.001
185.png,13,-0.0
186.png,13,-0.0
187.png,13,0.029500000000000002
188.png,13,0.027000000000000003
189.png,5,0.20900000000000002
190.png,5,0.2
191.png,5,0.2
192.png,5,0.4168
193.png,5,0.4048
194.png,5,0.4048
195.png,5,0.5900000000000001
196.png,5,0.5760000000000001
197.png,5,0.63975
198.png,5,0.636
199.png,5,0.64025
200.png,5,0.64
201.png,5,0.5975
202.png,5,0.6
203.png,5,0.6
204.png,5,0.515
205.png,5,0.52
206.png,5,0.52
207.png,5,0.418
208.png,5,0.424
209.png,5,0.424
210.png,5,0.2965
211.png,5,0.304
212.png,5,0.304
213.png,5,0.1972
214.png,5,0.20445
215.png,5,0.20445
216.png,5,0.07554999999999999
217.png,5,0.0828
218.png,5,-0.0372
219.png,5,-0.03
220.png,13,-0.0752
221.png,13,-0.0702
222.png,13,-0.0702
223.png,5,-0.20420000000000002
224.png,5,-0.2
225.png,5,-0.21795
226.png,5,-0.2162
227.png,5,-0.19524999999999998
228.png,5,-0.19574999999999998
229.png,5,-0.13135
230.png,5,-0.13485
231.png,5,-0.13485
232.png,5,-0.05045
233.png,5,-0.0552
234.png,5,0.07780000000000001
235.png,5,0.2078
236.png,5,0.2
237.png,5,0.2
238.png,5,0.35900000000000004
239.png,5,0.35000000000000003
240.png,5,0.4931
241.png,5,0.53835
242.png,5,0.5336
243.png,5,0.5552
244.png,5,0.55245
245.png,5,0.55245
246.png,5,0.50375
247.png,5,0.385
248.png,5,0.392
249.png,5,0.392
250.png,5,0.2135
251.png,5,-0.0094
252.png,5,0.00435
253.png,5,-0.31065
254.png,5,-0.2944
255.png,5,-0.7122
256.png,5,-0.6900000000000001
257.png,5,-0.6900000000000001
258.png,5,-0.8946999999999999
259.png,5,-1.1362999999999999
260.png,5,-1.1222999999999999
261.png,5,-1.1222999999999999
262.png,5,-1.18075
263.png,5,-1.172
264.png,5,-1.21475
265.png,5,-1.2315
266.png,5,-1.23
267.png,5,-1.23
268.png,5,-1.214
269.png,5,-1.2149999999999999
270.png,5,-1.151
271.png,5,-1.155
272.png,5,-1.055
273.png,5,-1.06125
274.png,5,-0.91725
275.png,5,-0.92625
276.png,5,-0.77025
277.png,5,-0.78
278.png,5,-0.662
279.png,5,-0.672
280.png,5,-0.4935
281.png,5,-0.504
282.png,5,-0.351
283.png,5,-0.24429999999999996
284.png,5,-0.25229999999999997
285.png,5,-0.25229999999999997
286.png,5,-0.1407
287.png,5,-0.1472
288.png,5,-0.1176
289.png,5,-0.12
290.png,13,-0.053000000000000005
291.png,13,-0.054000000000000006
292.png,5,-0.1212
293.png,5,-0.12
294.png,13,-0.12675
295.png,13,-0.12150000000000001
296.png,5,-0.6628999999999999
297.png,5,-0.6394
298.png,5,-0.87145
299.png,5,-0.85695
300.png,5,-1.34675
301.png,5,-1.3087499999999999
302.png,5,-1.44475
303.png,5,-1.43625
304.png,5,-1.5002499999999999
305.png,5,-1.4962499999999999
306.png,5,-1.43625
307.png,5,-1.44
308.png,5,-1.316
309.png,5,-1.32375
310.png,5,-1.18775
311.png,5,-1.19625
312.png,5,-1.16425
313.png,5,-1.16625
314.png,5,-1.2142499999999998
315.png,5,-1.21125
316.png,5,-1.30725
317.png,5,-1.30125
318.png,5,-1.4052499999999999
319.png,5,-1.39875
320.png,5,-1.50675
321.png,5,-1.5
322.png,5,-1.363
323.png,5,-1.3585
324.png,5,-1.3655
325.png,5,-1.365
326.png,5,-1.3195
327.png,5,-1.3227499999999999
328.png,5,-1.40225
329.png,5,-1.41
330.png,5,-1.15475
331.png,5,-1.1655
332.png,5,-0.9780000000000001
333.png,5,-0.9905
334.png,5,-0.73925
335.png,5,-0.756
336.png,5,-0.562
337.png,5,-0.5775
338.png,5,-0.33749999999999997
339.png,5,-0.3525
340.png,5,-0.14225
341.png,5,-0.156
342.png,5,0.037349999999999994
343.png,5,0.026099999999999998
344.png,5,0.1943
345.png,5,0.185
346.png,13,0.15595
347.png,13,0.1512
348.png,5,0.26244999999999996
349.png,5,0.2622
350.png,5,0.17975
351.png,5,0.184
352.png,5,-0.1167
353.png,5,-0.1012
354.png,13,-0.20985
355.png,13,-0.1971
356.png,5,-0.683
357.png,5,-0.665
358.png,5,-0.90515
359.png,5,-0.8874
360.png,5,-1.425
361.png,5,-1.38375
362.png,5,-1.56375
363.png,5,-1.5525
364.png,5,-1.6444999999999999
365.png,5,-1.63875
366.png,5,-1.59075
367.png,5,-1.59375
368.png,5,-1.4697500000000001
369.png,5,-1.4775
370.png,5,-1.2895
371.png,5,-1.30125
372.png,5,-1.06125
373.png,5,-1.07625
374.png,5,-0.81625
375.png,5,-0.8325
376.png,5,-0.5605
377.png,5,-0.5775
378.png,5,-0.344
379.png,5,-0.36
380.png,5,-0.13849999999999998
381.png,5,-0.15225
382.png,5,0.0741
383.png,5,0.06
384.png,13,0.12385000000000002
385.png,13,0.11610000000000001
386.png,5,0.28025
387.png,5,0.276
388.png,5,0.25179999999999997
389.png,5,0.25229999999999997
390.png,5,0.008499999999999999
391.png,5,0.02175
392.png,5,-0.18985
393.png,5,-0.17834999999999998
394.png,5,-0.4912
395.png,5,-0.47500000000000003
396.png,5,-0.7505999999999999
397.png,5,-0.735
398.png,5,-0.9138499999999999
399.png,5,-0.9016
400.png,5,-1.0228
401.png,5,-1.01355
402.png,5,-1.11015
403.png,5,-1.1049
404.png,5,-1.06275
405.png,5,-1.06
406.png,5,-1.04725
407.png,5,-1.048
408.png,5,-1.0225
409.png,5,-1.024
410.png,5,-1.092
411.png,5,-1.088
412.png,5,-1.1520000000000001
413.png,5,-1.14375
414.png,5,-1.31575
415.png,5,-1.305
416.png,5,-1.5010000000000001
417.png,5,-1.48875
418.png,5,-1.4722499999999998
419.png,5,-1.45925
420.png,5,-1.6132499999999999
421.png,5,-1.60225
422.png,5,-1.73175
423.png,5,-1.7225
424.png,5,-1.803
425.png,5,-1.79725
426.png,5,-1.7937499999999997
427.png,5,-1.7939999999999998
428.png,5,-1.696
429.png,5,-1.7029999999999998
430.png,5,-1.5139999999999998
431.png,5,-1.5274999999999999
432.png,5,-1.279
433.png,5,-1.2967499999999998
434.png,5,-1.10775
435.png,5,-1.127
436.png,5,-0.80075
437.png,5,-0.8225
438.png,5,-0.515
439.png,5,-0.5355
440.png,5,-0.22974999999999998
441.png,5,-0.25125
442.png,5,0.05075
443.png,5,0.032
444.png,5,0.3278
445.png,5,0.31279999999999997
446.png,5,0.5838000000000001
447.png,5,0.5700000000000001
448.png,5,0.6063
449.png,5,0.6003
450.png,5,0.535
451.png,5,0.536
452.png,5,0.4255
453.png,5,0.432
454.png,5,0.2705
455.png,5,0.28
456.png,5,0.1021
457.png,5,0.11309999999999999
458.png,5,-0.0938
459.png,5,-0.0828
460.png,5,-0.302
461.png,5,-0.29
462.png,5,-0.4808
463.png,5,-0.47000000000000003
464.png,5,-0.5422999999999999
465.png,5,-0.5350499999999999
466.png,5,-0.61325
467.png,5,-0.609
468.png,5,-0.56425
469.png,5,-0.5640000000000001
470.png,5,-0.52575
471.png,5,-0.528
472.png,5,-0.443
473.png,5,-0.448
474.png,5,-0.35875
475.png,5,-0.364
476.png,5,-0.27165
477.png,5,-0.2784
478.png,5,-0.14959999999999998
479.png,5,-0.1566
480.png,5,-0.0201
481.png,5,-0.0276
482.png,5,0.1343
483.png,5,0.125
484.png,13,0.13535
485.png,13,0.1296
486.png,5,0.3301
487.png,5,0.325
488.png,5,0.36205
489.png,5,0.3588
490.png,5,0.44509999999999994
491.png,5,0.43934999999999996
492.png,5,0.353
493.png,5,0.356
494.png,5,0.27525000000000005
495.png,5,0.28
496.png,5,0.18489999999999998
497.png,5,0.1914
498.png,5,0.061750000000000006
499.png,5,0.069
500.png,5,0.069
501.png,5,-0.0681
502.png,5,-0.06
503.png,5,-0.219
504.png,5,-0.21
505.png,5,-0.3478
506.png,5,-0.34
507.png,5,-0.4001
508.png,5,-0.3956
509.png,5,-0.4201
510.png,5,-0.41759999999999997
511.png,5,-0.4084
512.png,5,-0.4089
513.png,5,-0.3813
514.png,5,-0.3828
515.png,5,-0.3368
516.png,5,-0.3393
517.png,5,-0.3393
518.png,5,-0.2657
519.png,5,-0.2697
520.png,5,-0.2697
521.png,5,-0.18819999999999998
522.png,5,-0.09134999999999999
523.png,5,-0.09659999999999999
524.png,5,-0.09659999999999999
525.png,5,0.006299999999999999
526.png,5,-0.0
527.png,5,0.0689
528.png,5,0.065
529.png,5,0.1339
530.png,5,0.13
531.png,5,0.17240000000000003
532.png,5,0.17
533.png,5,0.1965
534.png,5,0.195
535.png,5,0.195
536.png,5,0.195
537.png,5,0.195
538.png,5,0.195
539.png,5,0.14545
540.png,5,0.1472
541.png,5,0.08415
542.png,5,0.0874
543.png,5,0.0874
544.png,5,0.0155
545.png,5,0.02
546.png,5,-0.054200000000000005
547.png,5,-0.05
548.png,13,-0.062400000000000004
549.png,13,-0.0594
550.png,5,-0.1736
551.png,5,-0.17
552.png,5,-0.17
553.png,5,-0.2495
554.png,5,-0.245
555.png,5,-0.245
556.png,5,-0.37575
557.png,5,-0.368
558.png,5,-0.348
559.png,5,-0.348
560.png,5,-0.3388
561.png,5,-0.3393
562.png,5,-0.3393
563.png,5,-0.29329999999999995
564.png,5,-0.29579999999999995
565.png,5,-0.29579999999999995
566.png,5,-0.2352
567.png,5,-0.2392
568.png,5,-0.2392
569.png,5,-0.1422
570.png,5,-0.1472
571.png,5,-0.1472
572.png,5,-0.054
573.png,5,-0.06
574.png,5,-0.06
575.png,5,0.0354
576.png,5,0.03
577.png,5,0.03
578.png,5,0.1042
579.png,5,0.1
580.png,5,0.1
581.png,5,0.1636
582.png,5,0.16
583.png,5,0.16
584.png,5,0.1971
585.png,5,0.195
586.png,5,0.195
587.png,5,0.19394999999999998
588.png,5,0.19319999999999998
589.png,5,0.16895
590.png,5,0.1702
591.png,5,0.1702
592.png,5,0.1217
593.png,5,0.1242
594.png,5,0.1242
595.png,5,0.061149999999999996
596.png,5,0.0644
597.png,5,0.0644
598.png,5,-0.0095
599.png,5,-0.005
600.png,5,-0.005
601.png,5,-0.07390000000000001
602.png,5,-0.07
603.png,5,-0.07
604.png,13,-0.0732
605.png,5,-0.1989
606.png,5,-0.195
607.png,5,-0.195
608.png,5,-0.2427
609.png,5,-0.24
610.png,5,-0.24
611.png,5,-0.24
612.png,5,-0.24
613.png,5,-0.24
614.png,5,-0.22940000000000002
615.png,5,-0.23
616.png,5,-0.19290000000000002
617.png,5,-0.195
618.png,5,-0.195
619.png,5,-0.1579
620.png,5,-0.16
621.png,5,-0.16
622.png,5,-0.1176
623.png,5,-0.12
624.png,5,-0.067
625.png,5,-0.07
626.png,5,-0.07
627.png,13,-0.0083
628.png,13,-0.0108
629.png,13,-0.0108
630.png,13,0.018699999999999998
631.png,13,0.0162
632.png,5,0.0512
633.png,5,0.05
634.png,5,0.05
635.png,5,0.0288
636.png,5,0.03
637.png,5,0.03
638.png,5,-0.023
639.png,5,-0.02
640.png,5,-0.02
641.png,5,-0.051800000000000006
642.png,5,-0.05
643.png,5,-0.0765
644.png,5,-0.075
645.png,13,-0.049350000000000005
646.png,13,-0.048600000000000004
647.png,13,-0.048600000000000004
648.png,13,-0.048600000000000004
649.png,13,-0.048600000000000004
650.png,13,-0.048600000000000004
651.png,13,-0.0663
652.png,13,-0.0648
653.png,13,-0.0648
654.png,5,-0.2366
655.png,5,-0.23
656.png,5,-0.3474
657.png,5,-0.3404
658.png,5,-0.44149999999999995
659.png,5,-0.43499999999999994
660.png,5,-0.4074
661.png,5,-0.4089
662.png,5,-0.4089
663.png,5,-0.3353
664.png,5,-0.3393
665.png,5,-0.24729999999999996
666.png,5,-0.25229999999999997
667.png,5,-0.15039999999999998
668.png,5,-0.15639999999999998
669.png,5,-0.15639999999999998
670.png,5,-0.0322
671.png,13,0.0551
672.png,13,0.048600000000000004
673.png,13,0.048600000000000004
674.png,5,0.2172
675.png,5,0.21
676.png,5,0.21
677.png,5,0.2999
678.png,5,0.2944
679.png,5,0.2944
680.png,5,0.37039999999999995
681.png,5,0.36539999999999995
682.png,5,0.36539999999999995
683.png,5,0.36539999999999995
684.png,5,0.36539999999999995
685.png,5,0.29775
686.png,5,0.3
687.png,5,0.3
688.png,5,0.23424999999999999
689.png,5,0.23925
690.png,5,0.12425
691.png,5,0.1305
692.png,5,0.010899999999999998
693.png,5,0.0174
694.png,5,-0.139
695.png,5,-0.13
696.png,5,-0.13
697.png,5,-0.28900000000000003
698.png,5,-0.28
699.png,5,-0.28
700.png,5,-0.439
701.png,5,-0.43
702.png,5,-0.43
703.png,5,-0.4732
704.png,5,-0.4692
705.png,5,-0.4692
706.png,5,-0.4713
707.png,5,-0.4698
708.png,5,-0.4422
709.png,5,-0.4437
710.png,5,-0.37929999999999997
711.png,5,-0.3828
712.png,5,-0.3092
713.png,5,-0.22449999999999998
714.png,5,-0.22999999999999998
715.png,5,-0.1016
716.png,5,-0.11
717.png,5,-0.11
718.png,5,0.049
719.png,5,0.04
720.png,5,0.04
721.png,5,0.16720000000000002
722.png,5,0.2345
723.png,5,0.22999999999999998
724.png,5,0.22999999999999998
725.png,5,0.2785
726.png,5,0.29779999999999995
727.png,5,0.29579999999999995
728.png,5,0.28659999999999997
729.png,5,0.28709999999999997
730.png,5,0.28709999999999997
731.png,5,0.2549
732.png,5,0.19224999999999998
733.png,5,0.19574999999999998
734.png,5,0.19574999999999998
735.png,5,0.09914999999999999
736.png,5,0.10439999999999999
737.png,5,-0.006
738.png,5,-0.0
739.png,5,-0.12190000000000001
740.png,5,-0.115
741.png,5,-0.2475
742.png,5,-0.24
743.png,5,-0.36719999999999997
744.png,5,-0.36
745.png,5,-0.4766
746.png,5,-0.47000000000000003
747.png,5,-0.5003
748.png,5,-0.49739999999999995
749.png,5,-0.49589999999999995
750.png,5,-0.49589999999999995
751.png,5,-0.4775
752.png,5,-0.4785
753.png,5,-0.41409999999999997
754.png,5,-0.41759999999999997
755.png,5,-0.3256
756.png,5,-0.3306
757.png,5,-0.22349999999999998
758.png,5,-0.09100000000000001
759.png,5,-0.1
760.png,13,0.0463
761.png,13,0.0378
762.png,13,0.0378
763.png,5,0.2502
764.png,5,0.3275
765.png,5,0.322
766.png,5,0.322
767.png,5,0.39475
768.png,5,0.388
769.png,5,0.46025
770.png,5,0.422
771.png,5,0.424
772.png,5,0.424
773.png,5,0.3645
774.png,5,0.368
775.png,5,0.28300000000000003
776.png,5,0.16899999999999998
777.png,5,0.176
778.png,5,0.176
779.png,5,0.039599999999999996
780.png,5,0.04785
781.png,5,-0.08555
782.png,5,-0.0783
783.png,5,-0.25429999999999997
784.png,13,-0.20605
785.png,13,-0.1998
786.png,5,-0.5184
787.png,5,-0.51
788.png,5,-0.51
789.png,5,-0.6715
790.png,5,-0.656
791.png,5,-0.6305000000000001
792.png,5,-0.632
793.png,5,-0.5725000000000001
794.png,5,-0.5760000000000001
795.png,5,-0.457
796.png,5,-0.464
797.png,5,-0.35739999999999994
798.png,5,-0.36539999999999995
799.png,5,-0.19979999999999998
800.png,5,-0.20879999999999999
801.png,5,-0.0386
802.png,5,-0.05
803.png,13,0.0851
804.png,13,0.0756
805.png,5,0.3202
806.png,5,0.31
807.png,5,0.39849999999999997
808.png,5,0.39149999999999996
809.png,5,0.4875
810.png,5,0.48
811.png,5,0.4885
812.png,5,0.488
813.png,5,0.44975000000000004
814.png,5,0.452
815.png,5,0.35425
816.png,5,0.36
817.png,5,0.23675
818.png,5,0.244
819.png,5,0.10800000000000001
820.png,5,0.116
821.png,5,-0.03485
822.png,5,-0.026099999999999998
823.png,5,-0.18280000000000002
824.png,5,-0.1748
825.png,5,-0.3543
826.png,5,-0.34500000000000003
827.png,5,-0.4828
828.png,5,-0.47500000000000003
829.png,5,-0.5598000000000001
830.png,5,-0.555
831.png,5,-0.52515
832.png,5,-0.5244
833.png,5,-0.45909999999999995
834.png,5,-0.46109999999999995
835.png,5,-0.38749999999999996
836.png,5,-0.39149999999999996
837.png,5,-0.317
838.png,5,-0.322
839.png,5,-0.2056
840.png,5,-0.2116
841.png,5,-0.0922
842.png,5,-0.1
843.png,13,0.022699999999999998
844.png,13,0.0162
845.png,5,0.1572
846.png,5,0.15
847.png,5,0.2156
848.png,5,0.2116
849.png,5,0.25529999999999997
850.png,5,0.25229999999999997
851.png,5,0.2707
852.png,5,0.2697
853.png,5,0.24209999999999998
854.png,5,0.24359999999999998
855.png,5,0.18839999999999998
856.png,5,0.1914
857.png,5,0.10859999999999999
858.png,5,0.11309999999999999
859.png,5,0.0349
860.png,5,0.03915
861.png,5,-0.050749999999999997
862.png,5,-0.046
863.png,5,-0.1454
864.png,5,-0.14
865.png,5,-0.24070000000000003
866.png,5,-0.23500000000000001
867.png,13,-0.16525
868.png,13,-0.162
869.png,5,-0.34240000000000004
870.png,5,-0.34
871.png,5,-0.3718
872.png,5,-0.37
873.png,5,-0.5150999999999999
874.png,5,-0.5045999999999999
875.png,5,-0.4678
876.png,5,-0.4698
877.png,5,-0.4054
878.png,5,-0.4089
879.png,5,-0.28929999999999995
880.png,5,-0.29579999999999995
881.png,5,-0.177
882.png,5,-0.184
883.png,5,-0.062200000000000005
884.png,5,-0.07
885.png,13,0.033
886.png,13,0.027000000000000003
887.png,5,0.156
888.png,5,0.15
889.png,5,0.22045
890.png,5,0.2162
891.png,5,0.24584999999999999
892.png,5,0.24359999999999998
893.png,5,0.262
894.png,5,0.261
895.png,5,0.2702
896.png,5,0.2697
897.png,5,0.25129999999999997
898.png,5,0.25229999999999997
899.png,5,0.20629999999999998
900.png,5,0.20879999999999999
901.png,5,0.14439999999999997
902.png,5,0.14789999999999998
903.png,5,0.06509999999999999
904.png,5,0.0696
905.png,5,-0.0132
906.png,5,-0.0087
907.png,5,-0.0965
908.png,5,-0.092
909.png,5,-0.20600000000000002
910.png,5,-0.2
911.png,5,-0.28480000000000005
912.png,5,-0.28
913.png,13,-0.1807
914.png,13,-0.1782
915.png,5,-0.3512
916.png,5,-0.35000000000000003
917.png,5,-0.3712
918.png,5,-0.37
919.png,5,-0.4967
920.png,5,-0.48719999999999997
921.png,5,-0.45039999999999997
922.png,5,-0.45239999999999997
923.png,5,-0.4018
924.png,5,-0.40454999999999997
925.png,5,-0.35395
926.png,5,-0.35669999999999996
927.png,5,-0.3291
928.png,5,-0.3306
929.png,5,-0.3122
930.png,5,-0.3132
931.png,5,-0.3132
932.png,5,-0.3132
933.png,5,-0.3132
934.png,5,-0.3132
935.png,5,-0.32239999999999996
936.png,5,-0.32189999999999996
937.png,5,-0.3403
938.png,5,-0.3393
939.png,5,-0.36689999999999995
940.png,5,-0.36539999999999995
941.png,5,-0.39299999999999996
942.png,5,-0.39149999999999996
943.png,5,-0.4191
944.png,5,-0.41759999999999997
945.png,5,-0.40950000000000003
946.png,5,-0.40800000000000003
947.png,5,-0.4505
948.png,5,-0.448
949.png,5,-0.48624999999999996
950.png,5,-0.484
951.png,5,-0.52225
952.png,5,-0.52
953.png,5,-0.55825
954.png,5,-0.556
955.png,5,-0.59
956.png,5,-0.588
957.png,5,-0.63475
958.png,5,-0.632
959.png,5,-0.6787500000000001
960.png,5,-0.676
961.png,5,-0.7184999999999999
962.png,5,-0.716
963.png,5,-0.69925
964.png,5,-0.6975
965.png,5,-0.7214999999999999
966.png,5,-0.72
967.png,5,-0.7439999999999999
968.png,5,-0.7424999999999999
969.png,5,-0.7625
970.png,5,-0.76125
971.png,5,-0.75725
972.png,5,-0.7575
973.png,5,-0.7254999999999999
974.png,5,-0.7274999999999999
975.png,5,-0.6595
976.png,5,-0.66375
977.png,5,-0.55575
978.png,5,-0.5625
979.png,5,-0.4105
980.png,5,-0.42
981.png,5,-0.23999999999999996
982.png,5,-0.25125
983.png,5,-0.064
984.png,5,-0.076
985.png,5,0.13815
986.png,5,0.12614999999999998
987.png,5,0.32254999999999995
988.png,5,0.31279999999999997
989.png,5,0.31279999999999997
990.png,13,0.27505
991.png,13,0.26730000000000004
992.png,13,0.26730000000000004
993.png,5,0.5957
994.png,5,0.5960999999999999
995.png,5,0.5915999999999999
996.png,5,0.5915999999999999
997.png,5,0.74375
998.png,5,0.732
999.png,5,0.64275
1000.png,5,0.648
1001.png,5,0.512
1002.png,5,0.52
1003.png,5,0.3245
1004.png,5,0.336
1005.png,5,0.14459999999999998
1006.png,5,0.1566
1007.png,5,-0.085
1008.png,5,-0.07
1009.png,5,-0.07
1010.png,5,-0.31379999999999997
1011.png,5,-0.3
1012.png,5,-0.3
1013.png,5,-0.4603
1014.png,5,-0.4508
1015.png,5,-0.5642999999999999
1016.png,5,-0.5568
1017.png,5,-0.614
1018.png,5,-0.608
1019.png,5,-0.6845
1020.png,5,-0.68
1021.png,5,-0.731
1022.png,5,-0.728
1023.png,5,-0.73225
1024.png,5,-0.732
1025.png,5,-0.63425
1026.png,5,-0.6375
1027.png,5,-0.6375
1028.png,5,-0.5335000000000001
1029.png,5,-0.54
1030.png,5,-0.39599999999999996
1031.png,5,-0.40499999999999997
1032.png,5,-0.40499999999999997
1033.png,5,-0.279
1034.png,5,-0.28800000000000003
1035.png,5,-0.28800000000000003
1036.png,5,-0.11800000000000001
1037.png,5,-0.128
1038.png,5,0.0356
1039.png,5,0.026099999999999998
1040.png,5,0.2022
1041.png,5,0.19319999999999998
1042.png,5,0.19319999999999998
1043.png,5,0.3796
1044.png,5,0.37
1045.png,5,0.37
1046.png,5,0.4707
1047.png,5,0.465
1048.png,5,0.465
1049.png,5,0.47145
1050.png,5,0.4401
1051.png,5,0.4416
1052.png,5,0.4416
1053.png,5,0.4416
1054.png,5,0.3737
1055.png,5,0.2899
1056.png,5,0.2944
1057.png,5,0.2944
1058.png,5,0.1716
1059.png,5,0.18
1060.png,5,0.0422
1061.png,5,0.05
1062.png,5,0.05
1063.png,13,-0.061500000000000006
1064.png,13,-0.054000000000000006
1065.png,5,-0.24839999999999998
1066.png,5,-0.24
1067.png,5,-0.24
1068.png,5,-0.3192
1069.png,5,-0.3132
1070.png,5,-0.3132
1071.png,5,-0.458
1072.png,5,-0.448
1073.png,5,-0.448
1074.png,5,-0.482
1075.png,5,-0.48
1076.png,5,-0.4885
1077.png,5,-0.488
1078.png,5,-0.488
1079.png,5,-0.437
1080.png,5,-0.44
1081.png,5,-0.44
1082.png,5,-0.3805
1083.png,5,-0.384
1084.png,5,-0.384
1085.png,5,-0.299
1086.png,5,-0.304
1087.png,5,-0.202
1088.png,5,-0.20800000000000002
1089.png,5,-0.09739999999999999
1090.png,5,-0.10439999999999999
1091.png,5,0.0152
1092.png,5,0.0087
1093.png,5,0.0087
1094.png,5,0.1256
1095.png,5,0.1196
1096.png,5,0.1196
1097.png,5,0.2148
1098.png,5,0.21
1099.png,13,0.1547
1100.png,13,0.1512
1101.png,13,0.1512
1102.png,5,0.3065
1103.png,5,0.305
1104.png,5,0.3315
1105.png,5,0.33
1106.png,5,0.33
1107.png,5,0.3515
1108.png,5,0.348
1109.png,5,0.2904
1110.png,5,0.2944
1111.png,5,0.18769999999999998
1112.png,5,0.19319999999999998
1113.png,5,0.19319999999999998
1114.png,5,0.0722
1115.png,5,0.08
1116.png,13,-0.0512
1117.png,13,-0.0432
1118.png,5,-0.23900000000000002
1119.png,5,-0.23
1120.png,5,-0.36195
1121.png,5,-0.3542
1122.png,5,-0.3542
1123.png,5,-0.47375
1124.png,5,-0.464
1125.png,5,-0.515
1126.png,5,-0.512
1127.png,5,-0.512
1128.png,5,-0.5205
1129.png,5,-0.52
1130.png,5,-0.4775
1131.png,5,-0.48
1132.png,5,-0.48
1133.png,5,-0.4035
1134.png,5,-0.40800000000000003
1135.png,5,-0.40800000000000003
1136.png,5,-0.2975
1137.png,5,-0.304
1138.png,5,-0.304
1139.png,5,-0.202
1140.png,5,-0.20800000000000002
1141.png,5,-0.20800000000000002
1142.png,5,-0.09739999999999999
1143.png,5,-0.10439999999999999
1144.png,5,-0.10439999999999999
1145.png,5,0.0152
1146.png,5,0.0087
1147.png,5,0.1353
1148.png,5,0.1288
1149.png,5,0.1288
1150.png,5,0.2566
1151.png,5,0.25
1152.png,5,0.25
1153.png,13,0.17335
1154.png,13,0.1701
1155.png,5,0.3362
1156.png,5,0.3191
1157.png,5,0.32
1158.png,5,0.32
1159.png,5,0.275
1160.png,5,0.276
1161.png,5,0.28859999999999997
1162.png,5,0.28709999999999997
1163.png,5,0.1969
1164.png,5,0.2024
1165.png,5,0.0875
1166.png,5,-0.0587
1167.png,5,-0.05
1168.png,5,-0.2196
1169.png,5,-0.21
1170.png,5,-0.21
1171.png,5,-0.3484
1172.png,5,-0.4231
1173.png,5,-0.41759999999999997
1174.png,5,-0.41759999999999997
1175.png,5,-0.4728
1176.png,5,-0.4698
1177.png,5,-0.466
1178.png,5,-0.464
1179.png,5,-0.44275000000000003
1180.png,5,-0.41425000000000006
1181.png,5,-0.41600000000000004
1182.png,5,-0.41600000000000004
1183.png,5,-0.348
1184.png,5,-0.352
1185.png,5,-0.2585
1186.png,5,-0.264
1187.png,5,-0.16749999999999998
1188.png,5,-0.036
1189.png,5,-0.0435
1190.png,5,-0.0435
1191.png,5,0.0995
1192.png,5,0.24839999999999998
1193.png,5,0.24
1194.png,5,0.24
1195.png,5,0.33540000000000003
1196.png,5,0.41480000000000006
1197.png,5,0.41000000000000003
1198.png,5,0.41000000000000003
1199.png,5,0.3966
1200.png,5,0.3956
1201.png,5,0.3762
1202.png,5,0.3772
1203.png,5,0.2899
1204.png,5,0.2944
1205.png,5,0.178
1206.png,5,0.184
1207.png,5,0.0516
1208.png,13,-0.06495000000000001
1209.png,13,-0.0567
1210.png,13,-0.0567
1211.png,5,-0.27990000000000004
1212.png,5,-0.27
1213.png,5,-0.4097
1214.png,5,-0.4002
1215.png,5,-0.6144999999999999
1216.png,5,-0.82525
1217.png,5,-0.812
1218.png,5,-0.812
1219.png,5,-0.86725
1220.png,5,-0.802
1221.png,5,-0.8025
1222.png,5,-0.8025
1223.png,5,-0.6905
1224.png,5,-0.5415
1225.png,5,-0.55125
1226.png,5,-0.55125
1227.png,5,-0.35525
1228.png,5,-0.3675
1229.png,5,-0.154
1230.png,5,-0.168
1231.png,5,0.061099999999999995
1232.png,5,0.04785
1233.png,5,0.2931
1234.png,13,0.29155
1235.png,13,0.2808
1236.png,13,0.2808
1237.png,5,0.6547999999999999
1238.png,5,0.6437999999999999
1239.png,5,0.9575
1240.png,5,0.936
1241.png,5,1.1295
1242.png,5,1.11375
1243.png,5,1.05775
1244.png,5,0.9052499999999999
1245.png,5,0.9149999999999999
1246.png,5,0.9149999999999999
1247.png,5,0.6789999999999999
1248.png,5,0.69375
1249.png,5,0.43775
1250.png,5,0.45375
1251.png,5,0.16525
1252.png,5,0.184
1253.png,5,-0.14489999999999997
1254.png,5,-0.516
1255.png,5,-0.495
1256.png,5,-0.495
1257.png,5,-0.7366999999999999
1258.png,5,-0.79335
1259.png,5,-0.78735
1260.png,5,-0.7835
1261.png,5,-0.78
1262.png,5,-0.75025
1263.png,5,-0.752
1264.png,5,-0.6797500000000001
1265.png,5,-0.684
1266.png,5,-0.57775
1267.png,5,-0.584
1268.png,5,-0.584
1269.png,5,-0.448
1270.png,5,-0.303
1271.png,5,-0.312
1272.png,5,-0.312
1273.png,5,-0.1335
1274.png,5,0.004400000000000001
1275.png,5,-0.00435
1276.png,5,-0.00435
1277.png,5,0.18455000000000002
1278.png,5,0.3172
1279.png,5,0.31
1280.png,5,0.4372
1281.png,5,0.43
1282.png,5,0.43
1283.png,5,0.4247
1284.png,5,0.4232
1285.png,5,0.39895
1286.png,5,0.4002
1287.png,5,0.34685000000000005
1288.png,5,0.3496
1289.png,5,0.272
1290.png,5,0.276
1291.png,5,0.179
1292.png,5,0.184
1293.png,5,0.0834
1294.png,5,0.09
1295.png,5,-0.0372
1296.png,5,-0.03
1297.png,5,-0.1466
1298.png,5,-0.14
1299.png,5,-0.2354
1300.png,5,-0.23
1301.png,5,-0.2795
1302.png,5,-0.276
1303.png,5,-0.28859999999999997
1304.png,5,-0.28709999999999997
1305.png,5,-0.2779
1306.png,5,-0.2784
1307.png,5,-0.25079999999999997
1308.png,5,-0.25229999999999997
1309.png,5,-0.20629999999999998
1310.png,5,-0.20879999999999999
1311.png,5,-0.13979999999999998
1312.png,5,-0.14354999999999998
1313.png,5,-0.07905
1314.png,5,-0.0828
1315.png,5,-0.0003499999999999996
1316.png,5,-0.0046
1317.png,5,0.0798
1318.png,5,0.075
1319.png,5,0.1492
1320.png,5,0.145
1321.png,13,0.10485000000000001
1322.png,13,0.10260000000000001
1323.png,5,0.2218
1324.png,5,0.22
1325.png,5,0.2518
1326.png,5,0.25
1327.png,5,0.3076
1328.png,5,0.3036
1329.png,5,0.2745
1330.png,5,0.276
1331.png,5,0.2081
1332.png,5,0.2116
1333.png,5,0.13460000000000003
1334.png,5,0.14
1335.png,5,0.0234
1336.png,5,0.03
1337.png,13,-0.0428
1338.png,13,-0.0378
1339.png,5,-0.17600000000000002
1340.png,5,-0.17
1341.png,5,-0.2437
1342.png,5,-0.2392
1343.png,5,-0.3366
1344.png,5,-0.3306
1345.png,5,-0.34439999999999993
1346.png,5,-0.34364999999999996
1347.png,5,-0.32985000000000003
1348.png,5,-0.3306
1349.png,5,-0.28459999999999996
1350.png,5,-0.28709999999999997
1351.png,5,-0.20889999999999997
1352.png,5,-0.21314999999999998
1353.png,5,-0.12575
1354.png,5,-0.1305
1355.png,5,-0.0313
1356.png,5,-0.0368
1357.png,5,0.0766
1358.png,5,0.07
1359.png,5,0.1654
1360.png,5,0.16
1361.png,13,0.13065000000000002
1362.png,13,0.1269
1363.png,5,0.2827
1364.png,5,0.28
1365.png,5,0.3224
1366.png,5,0.32
1367.png,5,0.38419999999999993
1368.png,5,0.37844999999999995
1369.png,5,0.34164999999999995
1370.png,5,0.34364999999999996
1371.png,5,0.27465
1372.png,5,0.2784
1373.png,5,0.18769999999999998
1374.png,5,0.19319999999999998
1375.png,5,0.0722
1376.png,5,0.08
1377.png,5,-0.0525
1378.png,5,-0.045
1379.png,5,-0.17750000000000002
1380.png,5,-0.17
1381.png,5,-0.276
1382.png,5,-0.27
1383.png,5,-0.31629999999999997
1384.png,5,-0.31279999999999997
1385.png,5,-0.32799999999999996
1386.png,5,-0.32625
1387.png,5,-0.32165
1388.png,5,-0.32189999999999996
1389.png,5,-0.28509999999999996
1390.png,5,-0.28709999999999997
1391.png,5,-0.2319
1392.png,5,-0.2349
1393.png,5,-0.1613
1394.png,5,-0.1653
1395.png,5,-0.08249999999999999
1396.png,5,-0.087
1397.png,5,0.005
1398.png,5,-0.0
1399.png,5,0.0954
1400.png,5,0.09
1401.png,5,0.1695
1402.png,5,0.165
1403.png,13,0.12155
1404.png,13,0.1188
1405.png,5,0.2571
1406.png,5,0.255
1407.png,5,0.28150000000000003
1408.png,5,0.28
1409.png,5,0.34974999999999995
1410.png,5,0.345
1411.png,5,0.30135
1412.png,5,0.3036
1413.png,5,0.2357
1414.png,5,0.2392
1415.png,5,0.1325
1416.png,5,0.138
1417.png,5,0.028100000000000003
1418.png,5,0.035
1419.png,13,-0.04895
1420.png,13,-0.0432
1421.png,5,-0.1966
1422.png,5,-0.19
1423.png,5,-0.2718
1424.png,5,-0.2668
1425.png,5,-0.37649999999999995
1426.png,5,-0.36974999999999997
1427.png,5,-0.38354999999999995
1428.png,5,-0.3828
1429.png,5,-0.3435
1430.png,5,-0.34400000000000003
1431.png,5,-0.3097
1432.png,5,-0.3132
1433.png,5,-0.2304
1434.png,5,-0.2349
1435.png,5,-0.14289999999999997
1436.png,5,-0.14789999999999998
1437.png,5,-0.04
1438.png,5,-0.046
1439.png,5,0.0704
1440.png,5,0.0644
1441.png,5,0.17600000000000002
1442.png,5,0.17
1443.png,13,0.14195000000000002
1444.png,13,0.13770000000000002
1445.png,5,0.3133
1446.png,5,0.31
1447.png,5,0.3337
1448.png,5,0.3312
1449.png,5,0.43279999999999996
1450.png,5,0.42629999999999996
1451.png,5,0.42629999999999996
1452.png,5,0.42629999999999996
1453.png,5,0.47689999999999994
1454.png,5,0.47414999999999996
1455.png,5,0.579
1456.png,5,0.575
1457.png,5,0.7011
1458.png,5,0.6946
1459.png,5,0.8040499999999999
1460.png,5,0.7960499999999999
1461.png,5,0.95705
1462.png,5,0.9482999999999999
1463.png,5,1.1139
1464.png,5,1.1049
1465.png,5,1.2659
1466.png,5,1.25715
1467.png,5,1.39515
1468.png,5,1.3876499999999998
1469.png,9,0.8382499999999999
1470.png,9,0.833
1471.png,5,1.3229999999999997
1472.png,5,1.3199999999999998
1473.png,5,1.4
1474.png,5,1.395
1475.png,5,1.9895
1476.png,5,1.96
1477.png,5,1.7394999999999998
1478.png,5,1.7289999999999999
1479.png,5,1.9214999999999998
1480.png,5,1.9077499999999998
1481.png,5,2.0127499999999996
1482.png,5,2.0052499999999998
1483.png,-0.6,1
1484.png,-0.6,1
1485.png,-0.6,1
1486.png,-0.6,1
1487.png,-0.6,1
1488.png,-0.6,1
1489.png,-0.6,1
1490.png,-0.6,1
1491.png,-0.6,1
1492.png,-0.6,1
1493.png,5,2.0717499999999998
1494.png,5,2.0669999999999997
1495.png,5,2.0039999999999996
1496.png,5,2.0084999999999997
1497.png,5,1.9455
1498.png,5,1.95
1499.png,5,1.8659999999999999
1500.png,5,1.8719999999999999
1501.png,5,1.6864999999999999
1502.png,5,1.6997499999999999
1503.png,5,1.47925
1504.png,5,1.4949999999999999
1505.png,5,1.2570000000000001
1506.png,5,1.274
1507.png,5,1.11325
1508.png,5,1.1305
1509.png,5,0.89425
1510.png,5,0.91
1511.png,5,0.735
1512.png,5,0.75
1513.png,5,0.5579999999999999
1514.png,5,0.57
1515.png,5,0.438
1516.png,5,0.448
1517.png,5,0.363
1518.png,5,0.36974999999999997
1519.png,5,0.33765
1520.png,5,0.3404
1521.png,5,0.3806
1522.png,5,0.38
1523.png,5,0.4701
1524.png,5,0.465
1525.png,5,0.6187
1526.png,5,0.61
1527.png,5,0.8114
1528.png,5,0.8
1529.png,5,0.9299999999999999
1530.png,5,0.9199999999999999
1531.png,5,1.077
1532.png,5,1.06575
1533.png,5,1.24055
1534.png,5,1.23105
1535.png,5,1.4012499999999999
1536.png,5,1.392
1537.png,9,0.8596
1538.png,9,0.8526
1539.png,5,1.4685
1540.png,5,1.464
1541.png,5,1.6085
1542.png,5,1.6
1543.png,5,1.7725
1544.png,5,1.73875
1545.png,5,1.9557499999999999
1546.png,5,1.9402499999999998
1547.png,-0.6,1
1548.png,-0.6,1
1549.png,-0.6,1
1550.png,-0.6,1
1551.png,-0.6,1
1552.png,-0.6,1
1553.png,-0.6,1
1554.png,-0.6,1
1555.png,-0.6,1
1556.png,-0.6,1
1557.png,-0.6,1
1558.png,-0.6,1
1559.png,5,2.0662499999999997
1560.png,5,2.05725
1561.png,5,2.0012499999999998
1562.png,5,2.0052499999999998
1563.png,5,1.94925
1564.png,5,1.95325
1565.png,5,1.86225
1566.png,5,1.86875
1567.png,5,1.6412499999999999
1568.png,5,1.6575
1569.png,5,1.3635
1570.png,5,1.3844999999999998
1571.png,5,1.1235000000000002
1572.png,5,1.1480000000000001
1573.png,5,0.7392500000000001
1574.png,5,0.7665000000000001
1575.png,5,0.34275
1576.png,5,0.371
1577.png,5,-0.0785
1578.png,5,-0.04875
1579.png,5,-0.58555
1580.png,5,-0.5568
1581.png,5,-1.1541
1582.png,5,-1.125
1583.png,9,-0.74835
1584.png,9,-0.7301
1585.png,5,-1.2534999999999998
1586.png,5,-1.2449999999999999
1587.png,5,-1.273
1588.png,5,-1.27125
1589.png,5,-1.3992499999999999
1590.png,5,-1.3912499999999999
1591.png,5,-1.22725
1592.png,5,-1.2375
1593.png,5,-0.9225000000000001
1594.png,5,-0.9380000000000001
1595.png,5,-0.61925
1596.png,5,-0.6405
1597.png,5,-0.31024999999999997
1598.png,5,-0.33375
1599.png,5,0.05825
1600.png,5,0.03375
1601.png,5,0.48075
1602.png,5,0.45675
1603.png,5,0.9966999999999999
1604.png,5,0.97
1605.png,5,1.1797
1606.png,5,1.1614499999999999
1607.png,9,0.77295
1608.png,9,0.76195
1609.png,5,1.21025
1610.png,5,1.2075
1611.png,5,1.1955
1612.png,5,1.19625
1613.png,5,1.30825
1614.png,5,1.30125
1615.png,5,1.1572500000000001
1616.png,5,1.16625
1617.png,5,0.9085
1618.png,5,0.9205
1619.png,5,0.7142499999999999
1620.png,5,0.73125
1621.png,5,0.43524999999999997
1622.png,5,0.45375
1623.png,5,0.15775
1624.png,5,0.17625
1625.png,5,-0.13135
1626.png,5,-0.11309999999999999
1627.png,5,-0.4798
1628.png,5,-0.46
1629.png,5,-0.68025
1630.png,5,-0.667
1631.png,5,-0.79635
1632.png,5,-0.78735
1633.png,5,-0.77925
1634.png,5,-0.776
1635.png,5,-0.742
1636.png,5,-0.744
1637.png,5,-0.642
1638.png,5,-0.648
1639.png,5,-0.495
1640.png,5,-0.504
1641.png,5,-0.3085
1642.png,5,-0.32
1643.png,5,-0.099
1644.png,5,-0.112
1645.png,5,-0.112
1646.png,5,0.1358
1647.png,5,0.4156
1648.png,5,0.4
1649.png,5,0.4
1650.png,5,0.6279
1651.png,5,0.615
1652.png,5,0.62245
1653.png,5,0.6176999999999999
1654.png,5,0.6912999999999999
1655.png,5,0.6872999999999999
1656.png,5,0.632
1657.png,5,0.632
1658.png,5,0.598
1659.png,5,0.6
1660.png,5,0.498
1661.png,5,0.504
1662.png,5,0.334
1663.png,5,0.34400000000000003
1664.png,5,0.10175000000000001
1665.png,5,0.116
1666.png,5,-0.20505
1667.png,5,-0.18705
1668.png,5,-0.6443
1669.png,5,-0.62
1670.png,5,-0.9778
1671.png,5,-0.9568
1672.png,5,-1.2681999999999998
1673.png,5,-1.2484499999999998
1674.png,9,-0.86515
1675.png,9,-0.85015
1676.png,5,-1.46925
1677.png,5,-1.45875
1678.png,5,-1.61075
1679.png,5,-1.6012499999999998
1680.png,5,-1.7937499999999997
1681.png,5,-1.7647499999999998
1682.png,5,-1.7787499999999998
1683.png,5,-1.77775
1684.png,5,-1.7287499999999998
1685.png,5,-1.7322499999999998
1686.png,5,-1.60625
1687.png,5,-1.6152499999999999
1688.png,5,-1.4577499999999999
1689.png,5,-1.4689999999999999
1690.png,5,-1.4709999999999999
1691.png,5,-1.4849999999999999
1692.png,5,-1.2489999999999999
1693.png,5,-1.26375
1694.png,5,-0.94325
1695.png,5,-0.9590000000000001
1696.png,5,-0.7434999999999999
1697.png,5,-0.76125
1698.png,5,-0.54525
1699.png,5,-0.55875
1700.png,5,-0.5025000000000001
1701.png,5,-0.508
1702.png,5,-0.508
1703.png,5,-0.525
1704.png,5,-0.60475
1705.png,5,-0.6
1706.png,5,-0.6
1707.png,5,-0.736
1708.png,5,-0.728
1709.png,5,-0.728
1710.png,5,-0.915
1711.png,5,-1.1420000000000001
1712.png,5,-1.1280000000000001
1713.png,5,-1.1280000000000001
1714.png,5,-1.1280000000000001
1715.png,5,-1.2974999999999999
1716.png,5,-1.5425
1717.png,5,-1.5262499999999999
1718.png,5,-1.5262499999999999
1719.png,5,-1.5607499999999999
1720.png,5,-1.54375
1721.png,5,-1.7467499999999998
1722.png,5,-1.7322499999999998
1723.png,5,-1.7322499999999998
1724.png,5,-1.90025
1725.png,5,-1.88825
1726.png,5,-1.88825
1727.png,5,-1.95475
1728.png,5,-1.9639999999999997
1729.png,5,-1.9629999999999999
1730.png,5,-1.9629999999999999
1731.png,5,-1.921
1732.png,5,-1.924
1733.png,5,-1.8119999999999998
1734.png,5,-1.8199999999999998
1735.png,5,-1.6065
1736.png,5,-1.62175
1737.png,5,-1.37675
1738.png,5,-1.39425
1739.png,5,-1.2052500000000002
1740.png,5,-1.225
1741.png,5,-0.925
1742.png,5,-0.9450000000000001
1743.png,5,-0.6487499999999999
1744.png,5,-0.6685
1745.png,5,-0.40825
1746.png,5,-0.4275
1747.png,5,-0.184
1748.png,5,-0.2
1749.png,5,0.0217
1750.png,5,0.0087
1751.png,5,0.0087
1752.png,5,0.1849
1753.png,5,0.17500000000000002
1754.png,5,0.2651
1755.png,5,0.26
1756.png,5,0.26
1757.png,5,0.1986
1758.png,5,0.2001
1759.png,5,0.08049999999999999
1760.png,5,0.087
1761.png,5,-0.11999999999999998
1762.png,5,-0.10874999999999999
1763.png,5,-0.10874999999999999
1764.png,5,-0.40114999999999995
1765.png,5,-0.38639999999999997
1766.png,5,-0.7592
1767.png,5,-0.74
1768.png,5,-0.74
1769.png,5,-0.9912
1770.png,5,-0.9752
1771.png,5,-1.1844000000000001
1772.png,5,-1.17015
1773.png,5,-1.3633499999999998
1774.png,5,-1.3528499999999999
1775.png,5,-1.363
1776.png,5,-1.356
1777.png,5,-1.3192499999999998
1778.png,5,-1.31625
1779.png,5,-1.31625
1780.png,5,-1.30425
1781.png,5,-1.305
1782.png,5,-1.305
1783.png,5,-1.265
1784.png,5,-1.2674999999999998
1785.png,5,-1.2075
1786.png,5,-1.21125
1787.png,5,-1.21125
1788.png,5,-1.12725
1789.png,5,-1.1325
1790.png,5,-1.0525
1791.png,5,-1.0574999999999999
1792.png,5,-1.0695
1793.png,5,-1.16875
1794.png,5,-1.1624999999999999
1795.png,5,-1.1624999999999999
1796.png,5,-1.3384999999999998
1797.png,5,-1.3275
1798.png,5,-1.5514999999999999
1799.png,5,-1.5374999999999999
1800.png,5,-1.5374999999999999
1801.png,5,-1.5354999999999999
1802.png,5,-1.521
1803.png,5,-1.7169999999999999
1804.png,5,-1.7029999999999998
1805.png,5,-1.7029999999999998
1806.png,5,-1.8569999999999998
1807.png,5,-1.8459999999999999
1808.png,5,-1.9195
1809.png,5,-1.91425
1810.png,5,-1.9317499999999999
1811.png,5,-1.8989999999999998
1812.png,5,-1.9012499999999999
1813.png,5,-1.9012499999999999
1814.png,5,-1.78225
1815.png,5,-1.7907499999999998
1816.png,5,-1.5912499999999998
1817.png,5,-1.6055
1818.png,5,-1.3535
1819.png,5,-1.3715
1820.png,5,-1.18825
1821.png,5,-1.2075
1822.png,5,-0.90375
1823.png,5,-0.924
1824.png,5,-0.924
1825.png,5,-0.639
1826.png,5,-0.658
1827.png,5,-0.417
1828.png,5,-0.435
1829.png,5,-0.18775000000000003
1830.png,5,0.07715
1831.png,5,0.060899999999999996
1832.png,5,0.060899999999999996
1833.png,5,0.3668
1834.png,5,0.35000000000000003
1835.png,5,0.5345
1836.png,5,0.6692
1837.png,5,0.6612
1838.png,5,0.6612
1839.png,5,0.74825
1840.png,5,0.81225
1841.png,5,0.808
1842.png,5,0.808
1843.png,5,0.8037500000000001
1844.png,5,0.804
1845.png,5,0.76575
1846.png,5,0.6745000000000001
1847.png,5,0.68
1848.png,5,0.544
1849.png,5,0.552
1850.png,5,0.552
1851.png,5,0.399
1852.png,5,0.40800000000000003
1853.png,5,0.2465
1854.png,5,0.256
1855.png,5,0.1082
1856.png,5,0.11745
1857.png,5,-0.0929
1858.png,5,-0.08
1859.png,5,-0.2602
1860.png,5,-0.25
1861.png,5,-0.3949
1862.png,5,-0.4574
1863.png,5,-0.45239999999999997
1864.png,5,-0.45239999999999997
1865.png,5,-0.46275
1866.png,5,-0.46
1867.png,5,-0.43875000000000003
1868.png,5,-0.3465
1869.png,5,-0.352
1870.png,5,-0.352
1871.png,5,-0.216
1872.png,5,-0.0642
1873.png,5,-0.07394999999999999
1874.png,5,-0.07394999999999999
1875.png,5,0.13035
1876.png,5,0.1196
1877.png,5,0.3102
1878.png,5,0.3
1879.png,5,0.5014
1880.png,5,0.49
1881.png,5,0.6011500000000001
1882.png,5,0.5934
1883.png,5,0.65775
1884.png,5,0.6525
1885.png,5,0.6984999999999999
1886.png,5,0.696
1887.png,5,0.6315000000000001
1888.png,5,0.632
1889.png,5,0.5895
1890.png,5,0.592
1891.png,5,0.524
1892.png,5,0.528
1893.png,5,0.443
1894.png,5,0.448
1895.png,5,0.37679999999999997
1896.png,5,0.3828
1897.png,5,0.2724
1898.png,5,0.2784
1899.png,5,0.17315
1900.png,5,0.1794
1901.png,5,0.0731
1902.png,5,-0.0207
1903.png,5,-0.015
1904.png,5,-0.015
1905.png,13,-0.046450000000000005
1906.png,13,-0.0432
1907.png,5,-0.0959
1908.png,5,-0.095
1909.png,5,-0.07379999999999999
1910.png,5,-0.075
1911.png,5,0.0469
1912.png,5,0.04
1913.png,5,0.14070000000000002
1914.png,5,0.135
1915.png,5,0.23570000000000002
1916.png,5,0.23
1917.png,5,0.3254
1918.png,5,0.32
1919.png,5,0.3942
1920.png,5,0.39
1921.png,5,0.443
1922.png,5,0.44
1923.png,5,0.4242
1924.png,5,0.4232
1925.png,5,0.4135
1926.png,5,0.414
1927.png,5,0.38489999999999996
1928.png,5,0.38639999999999997
1929.png,5,0.3476
1930.png,5,0.3496
1931.png,5,0.3011
1932.png,5,0.3036
1933.png,5,0.2664
1934.png,5,0.27
1935.png,5,0.217
1936.png,5,0.22
1937.png,5,0.167
1938.png,5,0.17
1939.png,5,0.11699999999999999
1940.png,5,0.12
1941.png,5,0.0776
1942.png,5,0.08
1943.png,5,0.0694
1944.png,5,0.07
1945.png,5,0.059399999999999994
1946.png,5,0.06
1947.png,5,0.08120000000000001
1948.png,5,0.08
1949.png,5,0.1118
1950.png,5,0.11
1951.png,5,0.1524
1952.png,5,0.15
1953.png,5,0.19240000000000002
1954.png,5,0.19
1955.png,13,0.138
1956.png,13,0.135
1957.png,13,0.1527
1958.png,13,0.1512
1959.png,5,0.3754
1960.png,5,0.37
1961.png,5,0.6393
1962.png,5,0.62205
1963.png,5,0.89075
1964.png,5,0.872
1965.png,5,0.906
1966.png,5,0.904
1967.png,5,0.85725
1968.png,5,0.86
1969.png,5,0.741
1970.png,5,0.748
1971.png,5,0.5822499999999999
1972.png,5,0.592
1973.png,5,0.41775
1974.png,5,0.428
1975.png,5,0.30445
1976.png,5,0.3132
1977.png,5,0.22119999999999998
1978.png,5,0.22619999999999998
1979.png,5,0.181
1980.png,5,0.184
1981.png,5,0.1646
1982.png,5,0.1656
1983.png,5,0.16940000000000002
1984.png,5,0.17
1985.png,5,0.2018
1986.png,5,0.2
1987.png,5,0.2212
1988.png,5,0.22
1989.png,5,0.2836
1990.png,5,0.28
1991.png,5,0.333
1992.png,5,0.33
1993.png,5,0.39089999999999997
1994.png,5,0.38639999999999997
1995.png,5,0.4482
1996.png,5,0.4437
1997.png,5,0.5448999999999999
1998.png,5,0.5394
1999.png,5,0.59375
2000.png,5,0.588
2001.png,5,0.7070000000000001
2002.png,5,0.7000000000000001
2003.png,5,0.8147500000000001
2004.png,5,0.808
2005.png,5,0.94825
2006.png,5,0.9400000000000001
2007.png,5,1.059
2008.png,5,1.052
2009.png,5,1.11425
2010.png,5,1.10625
2011.png,5,1.2102499999999998
2012.png,5,1.2037499999999999
2013.png,5,1.30775
2014.png,5,1.30125
2015.png,5,1.36925
2016.png,5,1.365
2017.png,5,1.3929999999999998
2018.png,5,1.3912499999999999
2019.png,5,1.34325
2020.png,5,1.34625
2021.png,5,1.144
2022.png,5,1.1515
2023.png,5,0.934
2024.png,5,0.9485
2025.png,5,0.7010000000000001
2026.png,5,0.7175
2027.png,5,0.48074999999999996
2028.png,5,0.49874999999999997
2029.png,5,0.19475
2030.png,5,0.21375
2031.png,5,-0.0695
2032.png,5,-0.052000000000000005
2033.png,5,-0.36014999999999997
2034.png,5,-0.34364999999999996
2035.png,13,-0.3667
2036.png,13,-0.3537
2037.png,5,-0.7354499999999999
2038.png,5,-0.7264499999999999
2039.png,5,-0.787
2040.png,5,-0.78
2041.png,5,-0.984
2042.png,5,-0.972
2043.png,5,-0.79525
2044.png,5,-0.8025
2045.png,5,-0.6185
2046.png,5,-0.63
2047.png,5,-0.358
2048.png,5,-0.375
2049.png,5,-0.08975
2050.png,5,-0.108
2051.png,5,0.24594999999999997
2052.png,5,0.22619999999999998
2053.png,5,0.6575
2054.png,5,0.635
2055.png,5,0.86525
2056.png,5,0.84825
2057.png,5,0.9924999999999999
2058.png,5,0.98
2059.png,5,1.0905
2060.png,5,1.084
2061.png,5,1.04825
2062.png,5,1.04625
2063.png,5,1.0142499999999999
2064.png,5,1.0162499999999999
2065.png,5,0.92025
2066.png,5,0.92625
2067.png,5,0.79025
2068.png,5,0.79875
2069.png,5,0.63475
2070.png,5,0.645
2071.png,5,0.45299999999999996
2072.png,5,0.46499999999999997
2073.png,5,0.2835
2074.png,5,0.296
2075.png,5,0.0835
2076.png,5,0.096
2077.png,5,-0.08879999999999999
2078.png,5,-0.0783
2079.png,5,-0.2967
2080.png,5,-0.28500000000000003
2081.png,5,-0.41750000000000004
2082.png,5,-0.41000000000000003
2083.png,5,-0.4548
2084.png,5,-0.4508
2085.png,5,-0.4079
2086.png,5,-0.4089
2087.png,5,-0.3445
2088.png,5,-0.348
2089.png,5,-0.22379999999999997
2090.png,5,-0.23054999999999998
2091.png,5,-0.08795
2092.png,5,-0.0957
2093.png,5,0.102
2094.png,5,0.09
2095.png,5,0.2808
2096.png,5,0.27
2097.png,5,0.47140000000000004
2098.png,5,0.46
2099.png,5,0.559
2100.png,5,0.552
2101.png,5,0.6231999999999999
2102.png,5,0.6176999999999999
2103.png,5,0.602
2104.png,5,0.6
2105.png,5,0.6084999999999999
2106.png,5,0.608
2107.png,5,0.5740000000000001
2108.png,5,0.5760000000000001
2109.png,5,0.52075
2110.png,5,0.524
2111.png,5,0.45175000000000004
2112.png,5,0.456
2113.png,5,0.3625
2114.png,5,0.368
2115.png,5,0.2944
2116.png,5,0.30015
2117.png,5,0.19435
2118.png,5,0.2001
2119.png,5,0.1146
2120.png,5,0.1196
2121.png,5,0.024
2122.png,5,0.03
2123.png,5,-0.0442
2124.png,5,-0.04
2125.png,5,-0.1089
2126.png,5,-0.105
2127.png,5,-0.1527
2128.png,5,-0.15
2129.png,5,-0.19240000000000002
2130.png,5,-0.19
2131.png,5,-0.2536
2132.png,5,-0.25
2133.png,5,-0.2924
2134.png,5,-0.29
2135.png,5,-0.325
2136.png,5,-0.322
2137.png,5,-0.3608
2138.png,5,-0.3588
2139.png,5,-0.4073
2140.png,5,-0.4048
2141.png,5,-0.4012
2142.png,5,-0.4002
2143.png,5,-0.42779999999999996
2144.png,5,-0.42629999999999996
2145.png,5,-0.42629999999999996
2146.png,5,-0.42629999999999996
2147.png,5,-0.4447
2148.png,5,-0.4437
2149.png,5,-0.42529999999999996
2150.png,5,-0.42629999999999996
2151.png,5,-0.4217
2152.png,5,-0.42195
2153.png,5,-0.39435
2154.png,5,-0.39585
2155.png,5,-0.39585
2156.png,5,-0.37744999999999995
2157.png,5,-0.37844999999999995
2158.png,5,-0.36625
2159.png,5,-0.368
2160.png,5,-0.3389
2161.png,5,-0.3404
2162.png,5,-0.31129999999999997
2163.png,5,-0.31279999999999997
2164.png,5,-0.2934
2165.png,5,-0.2944
2166.png,5,-0.2944
2167.png,5,-0.2935
2168.png,5,-0.295
2169.png,5,-0.28440000000000004
2170.png,5,-0.28500000000000003
2171.png,5,-0.28500000000000003
2172.png,5,-0.2797
2173.png,5,-0.28
2174.png,5,-0.28
2175.png,5,-0.2747
2176.png,5,-0.275
2177.png,5,-0.28030000000000005
2178.png,5,-0.28
2179.png,5,-0.28
2180.png,5,-0.28
2181.png,5,-0.30119999999999997
2182.png,5,-0.3
2183.png,5,-0.3106
2184.png,5,-0.31
2185.png,5,-0.3312
2186.png,5,-0.33
2187.png,5,-0.3512
2188.png,5,-0.35000000000000003
2189.png,5,-0.35000000000000003
2190.png,5,-0.3712
2191.png,5,-0.37
2192.png,5,-0.37
2193.png,5,-0.3806
2194.png,5,-0.38
2195.png,5,-0.38
2196.png,5,-0.3906
2197.png,5,-0.39
2198.png,5,-0.39
2199.png,5,-0.39
2200.png,5,-0.39
2201.png,5,-0.39
2202.png,5,-0.3794
2203.png,5,-0.38
2204.png,5,-0.38
2205.png,5,-0.3694
2206.png,5,-0.37
2207.png,5,-0.37
2208.png,5,-0.34880000000000005
2209.png,5,-0.35000000000000003
2210.png,5,-0.35000000000000003
2211.png,5,-0.33940000000000003
2212.png,5,-0.34
2213.png,5,-0.31880000000000003
2214.png,5,-0.32
2215.png,5,-0.32
2216.png,5,-0.32
2217.png,5,-0.32
2218.png,5,-0.32
2219.png,5,-0.3041
2220.png,5,-0.305
2221.png,5,-0.305
2222.png,5,-0.3103
2223.png,5,-0.31
2224.png,5,-0.30469999999999997
2225.png,5,-0.305
2226.png,5,-0.305
2227.png,5,-0.3209
2228.png,5,-0.32
2229.png,5,-0.32
2230.png,5,-0.32
2231.png,5,-0.34650000000000003
2232.png,5,-0.34500000000000003
2233.png,5,-0.34500000000000003
2234.png,5,-0.34500000000000003
2235.png,5,-0.3715
2236.png,5,-0.37
2237.png,5,-0.37
2238.png,5,-0.36469999999999997
2239.png,5,-0.365
2240.png,5,-0.39680000000000004
2241.png,5,-0.395
2242.png,5,-0.4268
2243.png,5,-0.425
2244.png,5,-0.425
2245.png,5,-0.5045
2246.png,5,-0.5
2247.png,5,-0.5
2248.png,5,-0.5376
2249.png,5,-0.5336
2250.png,5,-0.6288
2251.png,5,-0.62205
2252.png,5,-0.7508499999999999
2253.png,5,-0.7438499999999999
2254.png,5,-0.8370000000000001
2255.png,5,-0.8280000000000001
2256.png,5,-0.8280000000000001
2257.png,5,-0.98525
2258.png,5,-1.16725
2259.png,5,-1.156
2260.png,5,-1.156
2261.png,5,-1.156
2262.png,5,-1.23975
2263.png,5,-1.23
2264.png,5,-1.39
2265.png,5,-1.38
2266.png,5,-1.38
2267.png,5,-1.5239999999999998
2268.png,5,-1.515
2269.png,5,-1.515
2270.png,5,-1.425
2271.png,5,-1.4729999999999999
2272.png,5,-1.4689999999999999
2273.png,5,-1.4689999999999999
2274.png,5,-1.4829999999999999
2275.png,5,-1.482
2276.png,5,-1.4084999999999999
2277.png,5,-1.4137499999999998
2278.png,5,-1.26675
2279.png,5,-1.27725
2280.png,5,-1.27725
2281.png,5,-1.143
2282.png,5,-1.1585
2283.png,5,-1.1585
2284.png,5,-0.896
2285.png,5,-0.9135
2286.png,5,-0.6285
2287.png,5,-0.6475
2288.png,5,-0.6475
2289.png,5,-0.36574999999999996
2290.png,5,-0.38625
2291.png,5,-0.38625
2292.png,5,-0.07024999999999999
2293.png,5,-0.09
2294.png,5,0.20575
2295.png,5,0.188
2296.png,5,0.553
2297.png,5,0.535
2298.png,5,0.6959
2299.png,5,0.6854
2300.png,5,0.6854
2301.png,5,0.74015
2302.png,5,0.73515
2303.png,5,0.65475
2304.png,5,0.656
2305.png,5,0.656
2306.png,5,0.5455000000000001
2307.png,5,0.552
2308.png,5,0.399
2309.png,5,0.40800000000000003
2310.png,5,0.40800000000000003
2311.png,5,0.1785
2312.png,5,0.192
2313.png,5,0.192
2314.png,5,-0.044199999999999996
2315.png,5,-0.030449999999999998
2316.png,5,-0.030449999999999998
2317.png,5,-0.3689
2318.png,5,-0.35000000000000003
2319.png,5,-0.35000000000000003
2320.png,5,-0.6415
2321.png,5,-0.7921499999999999
2322.png,5,-0.77865
2323.png,5,-0.9534499999999999
2324.png,5,-0.94395
2325.png,5,-0.94395
2326.png,5,-1.021
2327.png,5,-1.012
2328.png,5,-1.0502500000000001
2329.png,5,-1.048
2330.png,5,-1.03525
2331.png,5,-1.036
2332.png,5,-1.036
2333.png,5,-0.8952499999999999
2334.png,5,-0.8999999999999999
2335.png,5,-0.8999999999999999
2336.png,5,-0.7879999999999999
2337.png,5,-0.7949999999999999
2338.png,5,-0.6509999999999999
2339.png,5,-0.5425000000000001
2340.png,5,-0.552
2341.png,5,-0.3565
2342.png,5,-0.368
2343.png,5,-0.16824999999999998
2344.png,5,-0.18
2345.png,5,-0.027549999999999998
2346.png,5,-0.0368
2347.png,5,0.12430000000000001
2348.png,5,0.115
2349.png,13,0.11815
2350.png,13,0.1134
2351.png,13,0.1134
2352.png,5,0.2417
2353.png,5,0.2392
2354.png,5,0.2198
2355.png,5,0.2208
2356.png,5,0.06559999999999999
2357.png,5,-0.2645
2358.png,5,-0.245
2359.png,5,-0.245
2360.png,5,-0.48350000000000004
2361.png,5,-0.47000000000000003
2362.png,5,-0.6797500000000001
2363.png,5,-0.667
2364.png,5,-0.667
2365.png,5,-0.75495
2366.png,5,-0.7482
2367.png,5,-0.8309999999999998
2368.png,5,-0.8264999999999999
2369.png,5,-0.8264999999999999
2370.png,5,-0.7855
2371.png,5,-0.784
2372.png,5,-0.784
2373.png,5,-0.7245
2374.png,5,-0.728
2375.png,5,-0.64725
2376.png,5,-0.652
2377.png,5,-0.652
2378.png,5,-0.55
2379.png,5,-0.556
2380.png,5,-0.44125000000000003
2381.png,5,-0.448
2382.png,5,-0.363
2383.png,5,-0.36974999999999997
2384.png,5,-0.22715
2385.png,5,-0.1216
2386.png,5,-0.13
2387.png,5,-0.13
2388.png,13,0.012400000000000001
2389.png,13,0.0054
2390.png,5,0.1266
2391.png,5,0.12
2392.png,5,0.16375
2393.png,5,0.161
2394.png,5,0.15685
2395.png,5,0.004799999999999999
2396.png,5,0.013049999999999999
2397.png,5,-0.11230000000000001
2398.png,5,-0.1058
2399.png,5,-0.274
2400.png,5,-0.265
2401.png,5,-0.265
2402.png,13,-0.23750000000000002
2403.png,13,-0.2295
2404.png,5,-0.5575
2405.png,5,-0.55
2406.png,5,-0.62725
2407.png,5,-0.75745
2408.png,5,-0.7482
2409.png,5,-0.7482
2410.png,5,-1.1427500000000002
2411.png,5,-1.116
2412.png,9,-0.7294499999999999
2413.png,9,-0.7252
2414.png,5,-1.1099999999999999
2415.png,5,-1.1099999999999999
2416.png,5,-1.082
2417.png,5,-1.08375
2418.png,5,-0.99575
2419.png,5,-1.00125
2420.png,5,-1.03325
2421.png,5,-1.03125
2422.png,5,-0.98725
2423.png,5,-0.99
2424.png,5,-1.002
2425.png,5,-1.00125
2426.png,5,-1.05725
2427.png,5,-1.05375
2428.png,5,-1.1137499999999998
2429.png,5,-1.1099999999999999
2430.png,5,-1.202
2431.png,5,-1.19625
2432.png,5,-1.2602499999999999
2433.png,5,-1.33225
2434.png,5,-1.3275
2435.png,5,-1.3275
2436.png,5,-1.3515
2437.png,5,-1.3499999999999999
2438.png,5,-1.3379999999999999
2439.png,5,-1.3387499999999999
2440.png,5,-1.1557499999999998
2441.png,5,-1.162
2442.png,5,-0.997
2443.png,5,-1.008
2444.png,5,-0.768
2445.png,5,-0.784
2446.png,5,-0.5
2447.png,5,-0.52125
2448.png,5,-0.07725
2449.png,5,-0.105
2450.png,5,0.443
2451.png,5,0.40875
2452.png,5,1.2561499999999999
2453.png,5,1.21365
2454.png,5,2.4232
2455.png,5,2.365
2456.png,5,1.98525
2457.png,5,1.95325
2458.png,-0.6,1
2459.png,-0.6,1
2460.png,5,2.0827500000000003
2461.png,5,2.0735
2462.png,5,2.042
2463.png,5,2.04425
2464.png,5,2.0092499999999998
2465.png,5,1.95925
2466.png,5,1.9629999999999999
2467.png,5,1.9629999999999999
2468.png,5,1.9594999999999998
2469.png,5,1.9597499999999999
2470.png,5,1.97725
2471.png,5,1.976
2472.png,5,1.9795
2473.png,5,1.97925
2474.png,5,1.9617499999999999
2475.png,5,1.9629999999999999
2476.png,5,1.9
2477.png,5,1.9044999999999999
2478.png,5,1.684
2479.png,5,1.6997499999999999
2480.png,5,1.37775
2481.png,5,1.40075
2482.png,5,1.09975
2483.png,5,1.127
2484.png,5,0.68825
2485.png,5,0.7175
2486.png,5,0.26
2487.png,5,0.2905
2488.png,5,-0.15675
2489.png,5,-0.1275
2490.png,5,-0.6538999999999999
2491.png,5,-0.6264
2492.png,5,-1.08435
2493.png,5,-1.0626
2494.png,9,-0.72795
2495.png,9,-0.71295
2496.png,5,-1.18325
2497.png,5,-1.1775
2498.png,5,-1.1495
2499.png,5,-1.1512499999999999
2500.png,5,-1.18325
2501.png,5,-1.18125
2502.png,5,-0.92625
2503.png,5,-0.9380000000000001
2504.png,5,-0.773
2505.png,5,-0.7875
2506.png,5,-0.5075000000000001
2507.png,5,-0.525
2508.png,5,-0.245
2509.png,5,-0.2625
2510.png,5,0.012900000000000002
2511.png,5,-0.00435
2512.png,5,0.3236
2513.png,5,0.305
2514.png,5,0.5753
2515.png,5,0.56
2516.png,5,0.6436
2517.png,5,0.6351
2518.png,5,0.63925
2519.png,5,0.636
2520.png,5,0.59775
2521.png,5,0.6
2522.png,5,0.498
2523.png,5,0.504
2524.png,5,0.35525
2525.png,5,0.364
2526.png,5,0.17275
2527.png,5,0.184
2528.png,5,-0.0285
2529.png,5,-0.016
2530.png,5,-0.2706
2531.png,5,-0.2576
2532.png,13,-0.30755
2533.png,13,-0.2943
2534.png,5,-0.7148
2535.png,5,-0.7038
2536.png,5,-0.8955499999999998
2537.png,5,-0.8830499999999999
2538.png,5,-1.23325
2539.png,5,-1.2037499999999999
2540.png,5,-1.25175
2541.png,5,-1.24875
2542.png,5,-1.21675
2543.png,5,-1.21875
2544.png,5,-1.07475
2545.png,5,-1.08375
2546.png,5,-0.8957499999999999
2547.png,5,-0.9075
2548.png,5,-0.6675
2549.png,5,-0.6825
2550.png,5,-0.456
2551.png,5,-0.47200000000000003
2552.png,5,-0.19574999999999998
2553.png,5,-0.212
2554.png,5,0.05205
2555.png,5,0.0368
2556.png,13,0.17500000000000002
2557.png,13,0.162
2558.png,5,0.47
2559.png,5,0.45999999999999996
2560.png,5,0.52325
2561.png,5,0.516
2562.png,5,0.62225
2563.png,5,0.616
2564.png,5,0.5862499999999999
2565.png,5,0.588
2566.png,5,0.47125
2567.png,5,0.47625
2568.png,5,0.33225
2569.png,5,0.34125
2570.png,5,0.14925
2571.png,5,0.16125
2572.png,5,-0.049
2573.png,5,-0.036000000000000004
2574.png,5,-0.29675
2575.png,5,-0.28275
2576.png,5,-0.6059
2577.png,5,-0.59
2578.png,5,-0.8391000000000001
2579.png,5,-0.8250000000000001
2580.png,5,-0.8741499999999999
2581.png,5,-0.8656499999999999
2582.png,5,-0.93465
2583.png,5,-0.9309
2584.png,5,-0.8475
2585.png,5,-0.848
2586.png,5,-0.797
2587.png,5,-0.8
2588.png,5,-0.749
2589.png,5,-0.752
2590.png,5,-0.7605
2591.png,5,-0.76
2592.png,5,-0.8195
2593.png,5,-0.8160000000000001
2594.png,5,-0.901
2595.png,5,-0.896
2596.png,5,-0.998
2597.png,5,-0.992
2598.png,5,-1.038
2599.png,5,-1.03125
2600.png,5,-1.1352499999999999
2601.png,5,-1.12875
2602.png,5,-1.2207499999999998
2603.png,5,-1.2149999999999999
2604.png,5,-1.307
2605.png,5,-1.30125
2606.png,5,-1.3612499999999998
2607.png,5,-1.3575
2608.png,5,-1.3775
2609.png,5,-1.37625
2610.png,5,-1.32025
2611.png,5,-1.32375
2612.png,5,-1.1155
2613.png,5,-1.1235
2614.png,5,-0.9135
2615.png,5,-0.9275
2616.png,5,-0.6725
2617.png,5,-0.6895
2618.png,5,-0.44675
2619.png,5,-0.46499999999999997
2620.png,5,-0.177
2621.png,5,-0.195
2622.png,5,0.08950000000000001
2623.png,5,0.07200000000000001
2624.png,5,0.4126
2625.png,5,0.3956
2626.png,5,0.7321
2627.png,5,0.715
2628.png,5,0.82905
2629.png,5,0.8178
2630.png,5,0.9328
2631.png,5,0.92655
2632.png,5,0.86475
2633.png,5,0.864
2634.png,5,0.80025
2635.png,5,0.804
2636.png,5,0.68925
2637.png,5,0.6960000000000001
2638.png,5,0.543
2639.png,5,0.552
2640.png,5,0.3735
2641.png,5,0.384
2642.png,5,0.20599999999999996
2643.png,5,0.21749999999999997
2644.png,5,0.0166
2645.png,5,0.0276
2646.png,13,-0.10475
2647.png,13,-0.0945
2648.png,5,-0.3356
2649.png,5,-0.3266
2650.png,5,-0.45144999999999996
2651.png,5,-0.4437
2652.png,5,-0.561
2653.png,5,-0.552
2654.png,5,-0.5477500000000001
2655.png,5,-0.548
2656.png,5,-0.50125
2657.png,5,-0.504
2658.png,5,-0.39775000000000005
2659.png,5,-0.404
2660.png,5,-0.268
2661.png,5,-0.276
2662.png,5,-0.11025
2663.png,5,-0.12
2664.png,5,0.0581
2665.png,5,0.04785
2666.png,5,0.23975
2667.png,5,0.22999999999999998
2668.png,5,0.44079999999999997
2669.png,5,0.43
2670.png,5,0.43
2671.png,5,0.5678000000000001
2672.png,5,0.56
2673.png,5,0.59765
2674.png,5,0.5934
2675.png,5,0.5703499999999999
2676.png,5,0.56985
2677.png,5,0.52845
2678.png,5,0.5307
2679.png,5,0.44789999999999996
2680.png,5,0.45239999999999997
2681.png,5,0.3466
2682.png,5,0.35235
2683.png,5,0.2465
2684.png,5,0.253
2685.png,5,0.12660000000000002
2686.png,5,0.135
2687.png,5,0.135
2688.png,13,-0.0097
2689.png,5,-0.1322
2690.png,5,-0.125
2691.png,5,-0.125
2692.png,5,-0.2023
2693.png,5,-0.1978
2694.png,5,-0.21924999999999997
2695.png,5,-0.21749999999999997
2696.png,5,-0.2359
2697.png,5,-0.2349
2698.png,5,-0.21189999999999998
2699.png,5,-0.21314999999999998
2700.png,5,-0.17634999999999998
2701.png,5,-0.17834999999999998
2702.png,5,-0.11395
2703.png,5,-0.11745
2704.png,5,-0.11745
2705.png,5,-0.03924999999999999
2706.png,5,0.0413
2707.png,5,0.0368
2708.png,5,0.0368
2709.png,5,0.1241
2710.png,5,0.1196
2711.png,5,0.1883
2712.png,5,0.185
2713.png,5,0.2539
2714.png,5,0.25
2715.png,13,0.15860000000000002
2716.png,13,0.15660000000000002
2717.png,5,0.3059
2718.png,5,0.305
2719.png,5,0.305
2720.png,5,0.3315
2721.png,5,0.4527
2722.png,5,0.4437
2723.png,5,0.4437
2724.png,5,0.4437
2725.png,5,0.41609999999999997
2726.png,5,0.34945000000000004
2727.png,5,0.3542
2728.png,5,0.3542
2729.png,5,0.25235
2730.png,5,0.2576
2731.png,5,0.16340000000000002
2732.png,5,0.17
2733.png,5,0.0587
2734.png,5,0.065
2735.png,13,-0.0121
2736.png,13,-0.0081
2737.png,13,-0.0081
2738.png,5,-0.0733
2739.png,5,-0.1124
2740.png,5,-0.11
2741.png,5,-0.11
2742.png,5,-0.11
2743.png,5,-0.0915
2744.png,5,-0.08715
2745.png,5,-0.0874
2746.png,5,-0.0874
2747.png,5,-0.07769999999999999
2748.png,5,-0.07819999999999999
2749.png,5,-0.0588
2750.png,5,-0.0598
2751.png,5,-0.03555
2752.png,5,-0.0368
2753.png,5,-0.0368
2754.png,5,-0.0077
2755.png,5,-0.0092
2756.png,5,-0.0092
2757.png,5,0.0296
2758.png,5,0.0276
2759.png,5,0.0276
2760.png,5,0.0664
2761.png,5,0.0644
2762.png,5,0.0644
2763.png,5,0.1124
2764.png,5,0.11
2765.png,5,0.1524
2766.png,5,0.15
2767.png,5,0.15
2768.png,5,0.1818
2769.png,5,0.18
2770.png,5,0.18
2771.png,5,0.2171
2772.png,5,0.215
2773.png,13,0.13085
2774.png,13,0.1296
2775.png,13,0.1296
2776.png,5,0.27180000000000004
2777.png,5,0.27
2778.png,5,0.27
2779.png,5,0.3336
2780.png,5,0.33
2781.png,5,0.46364999999999995
2782.png,5,0.45539999999999997
2783.png,5,0.45539999999999997
2784.png,5,0.46284999999999993
2785.png,5,0.46109999999999995
2786.png,5,0.46109999999999995
2787.png,5,0.49789999999999995
2788.png,5,0.5372999999999999
2789.png,5,0.5350499999999999
2790.png,5,0.5350499999999999
2791.png,5,0.5387500000000001
2792.png,5,0.536
2793.png,5,0.587
2794.png,5,0.584
2795.png,5,0.63925
2796.png,5,0.636
2797.png,5,0.636
2798.png,5,0.6955
2799.png,5,0.6920000000000001
2800.png,5,0.6920000000000001
2801.png,5,0.75575
2802.png,5,0.752
2803.png,5,0.752
2804.png,5,0.8115
2805.png,5,0.808
2806.png,5,0.8095
2807.png,5,0.80625
2808.png,5,0.80625
2809.png,5,0.86625
2810.png,5,0.8624999999999999
2811.png,5,0.9024999999999999
2812.png,5,0.8999999999999999
2813.png,5,0.94
2814.png,5,0.9375
2815.png,5,0.9535
2816.png,5,0.9525
2817.png,5,0.9525
2818.png,5,0.889
2819.png,5,0.84025
2820.png,5,0.8435
2821.png,5,0.8435
2822.png,5,0.8435
2823.png,5,0.81575
2824.png,5,0.8212499999999999
2825.png,5,0.67725
2826.png,5,0.68625
2827.png,5,0.48624999999999996
2828.png,5,0.49874999999999997
2829.png,5,0.27475
2830.png,5,0.28875
2831.png,5,0.052750000000000005
2832.png,5,0.0675
2833.png,5,0.0675
2834.png,5,-0.1839
2835.png,5,-0.16965
2836.png,5,-0.16965
2837.png,5,-0.46
2838.png,5,-0.445
2839.png,5,-0.657
2840.png,5,-0.645
2841.png,5,-0.7049500000000001
2842.png,5,-0.6992
2843.png,5,-0.6796
2844.png,5,-0.6786
2845.png,5,-0.5645000000000001
2846.png,5,-0.5680000000000001
2847.png,5,-0.4575
2848.png,5,-0.464
2849.png,5,-0.3436
2850.png,5,-0.35235
2851.png,5,-0.17754999999999999
2852.png,5,-0.18705
2853.png,5,-0.18705
2854.png,5,0.0022999999999999982
2855.png,5,-0.01
2856.png,13,0.10375
2857.png,13,0.0945
2858.png,5,0.2968
2859.png,5,0.2898
2860.png,5,0.30165
2861.png,5,0.30015
2862.png,5,0.30015
2863.png,5,0.123
2864.png,5,-0.04045
2865.png,5,-0.030449999999999998
2866.png,5,-0.030449999999999998
2867.png,5,-0.25584999999999997
2868.png,5,-0.24359999999999998
2869.png,13,-0.33705
2870.png,13,-0.32130000000000003
2871.png,5,-0.8865
2872.png,5,-0.87
2873.png,5,-0.87
2874.png,5,-1.1570999999999998
2875.png,5,-1.8685
2876.png,5,-1.82
2877.png,5,-1.82
2878.png,5,-1.5907499999999999
2879.png,5,-1.70525
2880.png,5,-1.6965
2881.png,5,-1.7664999999999997
2882.png,5,-1.7614999999999998
2883.png,5,-1.884
2884.png,5,-1.8752499999999999
2885.png,5,-1.93475
2886.png,5,-1.9304999999999999
2887.png,5,-1.9304999999999999
2888.png,5,-1.9689999999999999
2889.png,5,-1.9662499999999998
2890.png,5,-1.9662499999999998
2891.png,5,-1.95925
2892.png,5,-1.90725
2893.png,5,-1.9109999999999998
2894.png,5,-1.7149999999999999
2895.png,5,-1.7289999999999999
2896.png,5,-1.7289999999999999
2897.png,5,-1.463
2898.png,5,-1.236
2899.png,5,-1.26
2900.png,5,-1.26
2901.png,5,-0.8887499999999999
2902.png,5,-0.9135
2903.png,5,-0.47100000000000003
2904.png,5,-0.11624999999999999
2905.png,5,-0.1425
2906.png,5,-0.1425
2907.png,5,0.36225
2908.png,5,0.332
2909.png,13,0.525
2910.png,5,1.1129499999999999
2911.png,5,1.0961999999999998
2912.png,5,1.0961999999999998
2913.png,5,1.25025
2914.png,5,1.236
2915.png,5,1.23075
2916.png,5,1.22625
2917.png,5,1.09825
2918.png,5,1.10625
2919.png,5,1.10625
2920.png,5,0.8150000000000001
2921.png,5,0.8295
2922.png,5,0.56875
2923.png,5,0.17675
2924.png,5,0.20249999999999999
2925.png,5,0.20249999999999999
2926.png,5,-0.29825
2927.png,5,-1.0505
2928.png,5,-1.01
2929.png,5,-1.01
2930.png,5,-1.49665
2931.png,5,-1.4674
2932.png,5,-1.803
2933.png,5,-1.6532499999999999
2934.png,5,-1.638
2935.png,5,-1.8059999999999998
2936.png,5,-1.7939999999999998
2937.png,5,-1.8395
2938.png,5,-1.83625
2939.png,5,-1.83625
2940.png,5,-1.7872499999999998
2941.png,5,-1.7907499999999998
2942.png,5,-1.66475
2943.png,5,-1.48125
2944.png,5,-1.4949999999999999
2945.png,5,-1.35125
2946.png,5,-1.3685
2947.png,5,-1.3685
2948.png,5,-1.0685
2949.png,5,-0.7847500000000001
2950.png,5,-0.805
2951.png,5,-0.805
2952.png,5,-0.5185000000000001
2953.png,5,-0.54
2954.png,5,-0.164
2955.png,5,-0.1875
2956.png,5,0.14129999999999998
2957.png,5,0.12179999999999999
2958.png,5,0.5322
2959.png,5,0.51
2960.png,5,0.7381
2961.png,5,0.7221
2962.png,5,0.7915
2963.png,5,0.784
2964.png,5,0.7709999999999999
2965.png,5,0.7687499999999999
2966.png,5,0.70875
2967.png,5,0.7125
2968.png,5,0.5884999999999999
2969.png,5,0.59625
2970.png,5,0.38025
2971.png,5,0.39375
2972.png,5,0.10575
2973.png,5,0.12375
2974.png,5,-0.22075
2975.png,5,-0.2
2976.png,5,-0.6361
2977.png,5,-0.61335
2978.png,5,-1.1555000000000002
2979.png,5,-1.1300000000000001
2980.png,5,-1.3511
2981.png,5,-1.3311
2982.png,5,-1.5795
2983.png,5,-1.5659999999999998
2984.png,5,-1.53775
2985.png,5,-1.532
2986.png,5,-1.4522499999999998
2987.png,5,-1.45125
2988.png,5,-1.50725
2989.png,5,-1.50375
2990.png,5,-1.6517499999999998
2991.png,5,-1.6424999999999998
2992.png,5,-1.574
2993.png,5,-1.56325
2994.png,5,-1.7172499999999997
2995.png,5,-1.7062499999999998
2996.png,5,-1.80425
2997.png,5,-1.79725
2998.png,5,-1.87425
2999.png,5,-1.86875
3000.png,5,-1.83025
3001.png,5,-1.833
3002.png,5,-1.707
3003.png,5,-1.716
3004.png,5,-1.492
3005.png,5,-1.508
3006.png,5,-1.3427499999999999
3007.png,5,-1.3615
3008.png,5,-1.039
3009.png,5,-1.0605
3010.png,5,-0.7305
3011.png,5,-0.7525000000000001
3012.png,5,-0.42624999999999996
3013.png,5,-0.44999999999999996
3014.png,5,-0.11
3015.png,5,-0.13125
3016.png,5,0.21574999999999997
3017.png,5,0.19574999999999998
3018.png,5,0.5377000000000001
3019.png,5,0.52
3020.png,5,0.6456
3021.png,5,0.6351
3022.png,5,0.635
3023.png,5,0.632
3024.png,5,0.581
3025.png,5,0.584
3026.png,5,0.4395
3027.png,5,0.448
3028.png,5,0.2355
3029.png,5,0.248
3030.png,5,-0.01975
3031.png,5,-0.004
3032.png,5,-0.34895
3033.png,5,-0.3312
3034.png,5,-0.7469
3035.png,5,-0.725
3036.png,5,-0.95735
3037.png,5,-0.9396
3038.png,5,-1.1925999999999999
3039.png,5,-1.17885
3040.png,5,-1.24975
3041.png,5,-1.24
3042.png,5,-1.2305000000000001
3043.png,5,-1.22625
3044.png,5,-1.23825
3045.png,5,-1.2375
3046.png,5,-1.1855
3047.png,5,-1.18875
3048.png,5,-1.11675
3049.png,5,-1.1212499999999999
3050.png,5,-0.99325
3051.png,5,-1.00125
3052.png,5,-0.86925
3053.png,5,-0.8775
3054.png,5,-0.7575000000000001
3055.png,5,-0.768
3056.png,5,-0.60225
3057.png,5,-0.612
3058.png,5,-0.44625000000000004
3059.png,5,-0.456
3060.png,5,-0.3165
3061.png,5,-0.32625
3062.png,5,-0.21405
3063.png,5,-0.2208
3064.png,5,-0.10750000000000001
3065.png,5,-0.115
3066.png,5,-0.062
3067.png,5,-0.065
3068.png,5,-0.0385
3069.png,5,-0.04
3070.png,5,-0.093
3071.png,5,-0.09
3072.png,5,-0.1604
3073.png,5,-0.15639999999999998
3074.png,5,-0.3025
3075.png,5,-0.295
3076.png,13,-0.25075000000000003
3077.png,13,-0.24300000000000002
3078.png,5,-0.6196
3079.png,5,-0.61
3080.png,5,-0.79885
3081.png,5,-0.7866
3082.png,9,-0.80775
3083.png,9,-0.7717499999999999
3084.png,5,-1.3292499999999998
3085.png,5,-1.3199999999999998
3086.png,5,-1.44
3087.png,5,-1.4324999999999999
3088.png,5,-1.5179999999999998
3089.png,5,-1.4982499999999999
3090.png,5,-1.61375
3091.png,5,-1.6055
3092.png,5,-1.749
3093.png,5,-1.73875
3094.png,5,-1.8892499999999999
3095.png,5,-1.8784999999999998
3096.png,5,-1.938
3097.png,5,-1.9337499999999999
3098.png,5,-1.9722499999999998
3099.png,5,-1.9694999999999998
3100.png,5,-1.9625
3101.png,5,-1.9629999999999999
3102.png,5,-1.9105
3103.png,5,-1.91425
3104.png,5,-1.72175
3105.png,5,-1.7354999999999998
3106.png,5,-1.466
3107.png,5,-1.48525
3108.png,5,-1.2395
3109.png,5,-1.2635
3110.png,5,-0.8885
3111.png,5,-0.9135
3112.png,5,-0.516
3113.png,5,-0.5425
3114.png,5,-0.16925
3115.png,5,-0.195
3116.png,5,0.1915
3117.png,5,0.168
3118.png,5,0.6181
3119.png,5,0.595
3120.png,5,0.80445
3121.png,5,0.7912
3122.png,5,0.807
3123.png,5,0.8
3124.png,5,0.7915000000000001
3125.png,5,0.792
3126.png,5,0.741
3127.png,5,0.744
3128.png,5,0.68025
3129.png,5,0.684
3130.png,5,0.616
3131.png,5,0.62
3132.png,5,0.55625
3133.png,5,0.56
3134.png,5,0.5005000000000001
3135.png,5,0.504
3136.png,5,0.5021
3137.png,5,0.5045999999999999
3138.png,5,0.4816
3139.png,5,0.48284999999999995
3140.png,5,0.47825
3141.png,5,0.4785
3142.png,5,0.4785
3143.png,5,0.4785
3144.png,5,0.5205500000000001
3145.png,5,0.5198
3146.png,5,0.5198
3147.png,5,0.5537500000000001
3148.png,5,0.552
3149.png,5,0.5908
3150.png,5,0.5888
3151.png,5,0.5935999999999999
3152.png,5,0.5915999999999999
3153.png,5,0.6284
3154.png,5,0.6264
3155.png,5,0.6678
3156.png,5,0.66555
3157.png,5,0.66555
3158.png,5,0.69775
3159.png,5,0.696
3160.png,5,0.696
3161.png,5,0.7373999999999999
3162.png,5,0.73515
3163.png,5,0.73515
3164.png,5,0.74895
3165.png,5,0.762
3166.png,5,0.76125
3167.png,5,0.76125
3168.png,5,0.76125
3169.png,5,0.76125
3170.png,5,0.75205
3171.png,5,0.7525499999999999
3172.png,5,0.73415
3173.png,5,0.73515
3174.png,5,0.73515
3175.png,5,0.71675
3176.png,5,0.71775
3177.png,5,0.71775
3178.png,5,0.7315499999999999
3179.png,5,0.7307999999999999
3180.png,5,0.8366
3181.png,5,0.83085
3182.png,5,0.917
3183.png,5,0.908
3184.png,5,0.908
3185.png,5,1.112
3186.png,5,1.1
3187.png,5,1.1
3188.png,5,1.25125
3189.png,5,1.4894999999999998
3190.png,5,1.47375
3191.png,5,1.47375
3192.png,5,1.47375
3193.png,5,1.7217500000000001
3194.png,5,1.70625
3195.png,5,1.70625
3196.png,5,1.66425
3197.png,5,1.651
3198.png,5,1.651
3199.png,5,1.812
3200.png,5,1.8005
3201.png,5,1.8984999999999999
3202.png,5,1.8915
3203.png,5,1.902
3204.png,5,1.9012499999999999
3205.png,5,1.9012499999999999
3206.png,5,1.82775
3207.png,5,1.833
3208.png,5,1.833
3209.png,5,1.6475
3210.png,5,1.66075
3211.png,5,1.66075
3212.png,5,1.42975
3213.png,5,1.44625
3214.png,5,1.18025
3215.png,5,1.19925
3216.png,5,1.19925
3217.png,5,0.984
3218.png,5,1.0045
3219.png,5,0.6970000000000001
3220.png,5,0.7175
3221.png,5,0.44475
3222.png,5,0.46499999999999997
3223.png,5,0.169
3224.png,5,0.1875
3225.png,5,-0.07625
3226.png,5,-0.06
3227.png,5,-0.06
3228.png,5,-0.3347
3229.png,5,-0.32
3230.png,5,-0.4496
3231.png,5,-0.4416
3232.png,5,-0.45899999999999996
3233.png,5,-0.45675
3234.png,5,-0.352
3235.png,5,-0.356
3236.png,5,-0.20725
3237.png,5,-0.216
3238.png,5,-0.216
3239.png,5,-0.004899999999999998
3240.png,5,-0.0174
3241.png,5,0.2726
3242.png,5,0.2576
3243.png,5,0.2576
3244.png,13,0.34590000000000004
3245.png,13,0.3294
3246.png,5,0.8716
3247.png,5,0.8556
3248.png,5,1.1863
3249.png,5,1.1658
3250.png,5,1.9347500000000002
3251.png,5,1.8840000000000001
3252.png,5,1.67075
3253.png,5,1.66075
3254.png,5,1.7027499999999998
3255.png,5,1.6997499999999999
3256.png,5,1.6997499999999999
3257.png,5,1.57375
3258.png,5,1.5827499999999999
3259.png,5,1.5827499999999999
3260.png,5,1.44625
3261.png,5,1.456
3262.png,5,1.456
3263.png,5,1.472
3264.png,5,1.4849999999999999
3265.png,5,1.4849999999999999
3266.png,5,1.257
3267.png,5,1.27125
3268.png,5,0.9465
3269.png,5,0.9625
3270.png,5,0.73525
3271.png,5,0.7537499999999999
3272.png,5,0.7537499999999999
3273.png,5,0.48974999999999996
3274.png,5,0.50625
3275.png,5,0.35725
3276.png,5,0.368
3277.png,5,0.2915
3278.png,5,0.296
3279.png,5,0.32189999999999996
3280.png,5,0.32189999999999996
3281.png,5,0.3771
3282.png,5,0.3741
3283.png,5,0.3741
3284.png,5,0.46609999999999996
3285.png,5,0.46109999999999995
3286.png,5,0.6083
3287.png,5,0.7843
3288.png,5,0.7743
3289.png,5,0.7743
3290.png,5,0.9245
3291.png,5,1.1500000000000001
3292.png,5,1.1360000000000001
3293.png,5,1.1360000000000001
3294.png,5,1.321
3295.png,5,1.305
3296.png,5,1.577
3297.png,5,1.56
3298.png,5,1.56
3299.png,5,1.583
3300.png,5,1.5665
3301.png,5,1.7835
3302.png,5,1.768
3303.png,5,1.9149999999999998
3304.png,5,1.9044999999999999
3305.png,5,1.9709999999999999
3306.png,5,1.9662499999999998
3307.png,5,1.98375
3308.png,5,1.9825
3309.png,5,1.9334999999999998
3310.png,5,1.9369999999999998
3311.png,5,1.9369999999999998
3312.png,5,1.7585
3313.png,5,1.4597499999999999
3314.png,5,1.482
3315.png,5,1.482
3316.png,5,1.19475
3317.png,5,0.75275
3318.png,5,0.784
3319.png,5,0.784
3320.png,5,0.29275
3321.png,5,0.3255
3322.png,5,-0.24325
3323.png,5,-0.84185
3324.png,5,-0.8090999999999999
3325.png,5,-0.8090999999999999
3326.png,5,-1.3891
3327.png,5,-1.3616
3328.png,5,-1.4991999999999999
3329.png,5,-1.4025
3330.png,5,-1.395
3331.png,5,-1.395
3332.png,5,-1.339
3333.png,5,-1.3425
3334.png,5,-1.2025
3335.png,5,-1.21125
3336.png,5,-0.98725
3337.png,5,-1.00125
3338.png,5,-0.72925
3339.png,5,-0.74625
3340.png,5,-0.43424999999999997
3341.png,5,-0.45375
3342.png,5,-0.10975
3343.png,5,-0.13125
3344.png,5,0.24334999999999998
3345.png,5,0.22185
3346.png,13,0.37960000000000005
3347.png,13,0.35910000000000003
3348.png,5,0.8959499999999999
3349.png,5,0.8786999999999999
3350.png,5,1.097
3351.png,5,1.08
3352.png,5,1.5045
3353.png,5,1.47375
3354.png,5,1.50175
3355.png,5,1.5
3356.png,5,1.4200000000000002
3357.png,5,1.425
3358.png,5,1.13875
3359.png,5,1.1515
3360.png,5,0.88525
3361.png,5,0.903
3362.png,5,0.58425
3363.png,5,0.6055
3364.png,5,0.32075
3365.png,5,0.34125
3366.png,5,-0.0027500000000000024
3367.png,5,0.01875
3368.png,5,-0.35545
3369.png,5,-0.33494999999999997
3370.png,13,-0.42030000000000006
3371.png,13,-0.40230000000000005
3372.png,5,-0.9057499999999999
3373.png,5,-0.8917499999999999
3374.png,5,-1.02825
3375.png,5,-1.016
3376.png,5,-1.3085
3377.png,5,-1.28625
3378.png,5,-1.2302499999999998
3379.png,5,-1.23375
3380.png,5,-1.009
3381.png,5,-1.0185
3382.png,5,-0.7785
3383.png,5,-0.7945
3384.png,5,-0.53925
3385.png,5,-0.55875
3386.png,5,-0.21475
3387.png,5,-0.23625
3388.png,5,0.1135
3389.png,5,0.092
3390.png,5,0.5761000000000001
3391.png,5,0.55
3392.png,5,0.87945
3393.png,5,0.8602
3394.png,5,1.0894499999999998
3395.png,5,1.07445
3396.png,5,1.11975
3397.png,5,1.112
3398.png,5,1.0625
3399.png,5,1.06125
3400.png,5,1.00525
3401.png,5,1.00875
3402.png,5,0.8847499999999999
3403.png,5,0.8925
3404.png,5,0.7324999999999999
3405.png,5,0.7424999999999999
3406.png,5,0.5425
3407.png,5,0.5549999999999999
3408.png,5,0.33099999999999996
3409.png,5,0.345
3410.png,5,0.12150000000000001
3411.png,5,0.136
3412.png,5,-0.10049999999999999
3413.png,5,-0.087
3414.png,5,-0.37029999999999996
3415.png,5,-0.355
3416.png,5,-0.5670000000000001
3417.png,5,-0.555
3418.png,5,-0.60705
3419.png,5,-0.6003
3420.png,5,-0.5944999999999999
3421.png,5,-0.592
3422.png,5,-0.558
3423.png,5,-0.56
3424.png,5,-0.4835
3425.png,5,-0.488
3426.png,5,-0.369
3427.png,5,-0.376
3428.png,5,-0.23149999999999998
3429.png,5,-0.24
3430.png,5,-0.077
3431.png,5,-0.087
3432.png,5,0.102
3433.png,5,0.092
3434.png,13,0.17200000000000001
3435.png,13,0.162
3436.png,5,0.4802
3437.png,5,0.47000000000000003
3438.png,5,0.5745
3439.png,5,0.5655
3440.png,5,0.809
3441.png,5,0.792
3442.png,5,0.8175
3443.png,5,0.8160000000000001
3444.png,5,0.782
3445.png,5,0.784
3446.png,5,0.6777500000000001
3447.png,5,0.684
3448.png,5,0.53525
3449.png,5,0.544
3450.png,5,0.357
3451.png,5,0.368
3452.png,5,0.16824999999999998
3453.png,5,-0.01585
3454.png,5,-0.00435
3455.png,5,-0.00435
3456.png,5,-0.2223
3457.png,5,-0.21
3458.png,5,-0.3425
3459.png,5,-0.335
3460.png,5,-0.41974999999999996
3461.png,5,-0.414
3462.png,5,-0.43289999999999995
3463.png,5,-0.43065
3464.png,5,-0.41685
3465.png,5,-0.41759999999999997
3466.png,5,-0.36239999999999994
3467.png,5,-0.36539999999999995
3468.png,5,-0.2734
3469.png,5,-0.2784
3470.png,5,-0.1634
3471.png,5,-0.16965
3472.png,5,-0.0339
3473.png,5,-0.0414
3474.png,5,0.11399999999999999
3475.png,5,0.105
3476.png,5,0.264
3477.png,5,0.255
3478.png,5,0.3875
3479.png,5,0.38
3480.png,5,0.44175
3481.png,5,0.437
3482.png,5,0.45464999999999994
3483.png,5,0.45239999999999997
3484.png,5,0.45239999999999997
3485.png,5,0.45239999999999997
3486.png,5,0.42479999999999996
3487.png,5,0.42629999999999996
3488.png,5,0.36189999999999994
3489.png,5,0.36539999999999995
3490.png,5,0.29179999999999995
3491.png,5,0.29579999999999995
3492.png,5,0.21095
3493.png,5,0.2162
3494.png,5,0.10464999999999999
3495.png,5,0.1104
3496.png,5,0.014000000000000002
3497.png,5,0.02
3498.png,13,-0.042300000000000004
3499.png,13,-0.0378
3500.png,5,-0.1495
3501.png,5,-0.145
3502.png,5,-0.2033
3503.png,5,-0.2
3504.png,5,-0.21795
3505.png,5,-0.2162
3506.png,5,-0.19194999999999998
3507.png,5,-0.19319999999999998
3508.png,5,-0.13985
3509.png,5,-0.1426
3510.png,5,-0.060149999999999995
3511.png,5,-0.0644
3512.png,5,0.0229
3513.png,5,0.0184
3514.png,5,0.126
3515.png,5,0.12
3516.png,13,0.1179
3517.png,13,0.1134
3518.png,5,0.28950000000000004
3519.png,5,0.28500000000000003
3520.png,5,0.3751
3521.png,5,0.37
3522.png,5,0.5150999999999999
3523.png,5,0.5045999999999999
3524.png,5,0.5137999999999999
3525.png,5,0.5133
3526.png,5,0.4465
3527.png,5,0.448
3528.png,5,0.409
3529.png,5,0.41324999999999995
3530.png,5,0.30745
3531.png,5,0.3132
3532.png,5,0.1982
3533.png,5,0.20445
3534.png,5,0.07554999999999999
3535.png,5,0.0828
3536.png,5,-0.0372
3537.png,5,-0.03
3538.png,5,-0.1466
3539.png,5,-0.14
3540.png,5,-0.2248
3541.png,5,-0.22
3542.png,5,-0.2509
3543.png,5,-0.2484
3544.png,5,-0.24409999999999998
3545.png,5,-0.24359999999999998
3546.png,5,-0.21599999999999997
3547.png,5,-0.21749999999999997
3548.png,5,-0.15769999999999998
3549.png,5,-0.16094999999999998
3550.png,5,-0.08775
3551.png,5,-0.092
3552.png,5,-0.092
3553.png,5,0.00014999999999999996
3554.png,5,-0.0046
3555.png,5,-0.0046
3556.png,5,0.0957
3557.png,5,0.09
3558.png,5,0.1907
3559.png,5,0.185
3560.png,13,0.15005000000000002
3561.png,13,0.1458
3562.png,5,0.32830000000000004
3563.png,5,0.325
3564.png,5,0.39390000000000003
3565.png,5,0.39
3566.png,5,0.5278999999999999
3567.png,5,0.5176499999999999
3568.png,5,0.5176499999999999
3569.png,5,0.48545
3570.png,5,0.48719999999999997
3571.png,5,0.36725
3572.png,5,0.372
3573.png,5,0.22974999999999998
3574.png,5,0.23925
3575.png,5,-0.00455
3576.png,5,0.0087
3577.png,5,0.0087
3578.png,5,-0.3027
3579.png,5,-0.603
3580.png,5,-0.585
3581.png,5,-0.585
3582.png,5,-0.585
3583.png,5,-0.76195
3584.png,5,-0.7482
3585.png,5,-0.8907999999999999
3586.png,5,-0.8830499999999999
3587.png,5,-0.931
3588.png,5,-0.924
3589.png,5,-0.924
3590.png,5,-1.0005
3591.png,5,-0.996
3592.png,5,-0.996
3593.png,5,-1.02575
3594.png,5,-1.024
3595.png,5,-1.024
3596.png,5,-1.01125
3597.png,5,-0.9652499999999999
3598.png,5,-0.968
3599.png,5,-0.968
3600.png,5,-0.968
3601.png,5,-0.8915000000000001
3602.png,5,-0.896
3603.png,5,-0.896
3604.png,5,-0.7855000000000001
3605.png,5,-0.792
3606.png,5,-0.6645000000000001
3607.png,5,-0.672
3608.png,5,-0.553
3609.png,5,-0.56
3610.png,5,-0.56
3611.png,5,-0.4325
3612.png,5,-0.44
3613.png,5,-0.44
3614.png,5,-0.321
3615.png,5,-0.328
3616.png,5,-0.328
3617.png,5,-0.2647
3618.png,5,-0.2697
3619.png,5,-0.2697
3620.png,5,-0.2076
3621.png,5,-0.2116
3622.png,5,-0.17170000000000002
3623.png,5,-0.17500000000000002
3624.png,5,-0.17500000000000002
3625.png,5,-0.16970000000000002
3626.png,5,-0.17
3627.png,5,-0.17
3628.png,5,-0.1912
3629.png,5,-0.19
3630.png,5,-0.243
3631.png,5,-0.24
3632.png,5,-0.24
3633.png,5,-0.32480000000000003
3634.png,5,-0.32
3635.png,5,-0.32
3636.png,5,-0.4207
3637.png,5,-0.41500000000000004
3638.png,5,-0.41500000000000004
3639.png,5,-0.5104
3640.png,5,-0.5519
3641.png,5,-0.5474
3642.png,5,-0.5474
3643.png,5,-0.625
3644.png,5,-0.621
3645.png,5,-0.6332499999999999
3646.png,5,-0.6307499999999999
3647.png,5,-0.66295
3648.png,5,-0.6612
3649.png,5,-0.6841999999999999
3650.png,5,-0.68295
3651.png,5,-0.6875499999999999
3652.png,5,-0.6872999999999999
3653.png,5,-0.6872999999999999
3654.png,5,-0.6734999999999999
3655.png,5,-0.6742499999999999
3656.png,5,-0.66045
3657.png,5,-0.6612
3658.png,5,-0.6612
3659.png,5,-0.6289999999999999
3660.png,5,-0.6307499999999999
3661.png,5,-0.58475
3662.png,5,-0.5872499999999999
3663.png,5,-0.5872499999999999
3664.png,5,-0.54125
3665.png,5,-0.54375
3666.png,5,-0.54375
3667.png,5,-0.50235
3668.png,5,-0.5045999999999999
3669.png,5,-0.4851
3670.png,5,-0.4876
3671.png,5,-0.45365
3672.png,5,-0.45539999999999997
3673.png,5,-0.436
3674.png,5,-0.437
3675.png,5,-0.47500000000000003
3676.png,5,-0.47500000000000003
3677.png,5,-0.4661
3678.png,5,-0.4646
3679.png,5,-0.4646
3680.png,5,-0.5519
3681.png,5,-0.5474
3682.png,5,-0.5474
3683.png,5,-0.6372499999999999
3684.png,5,-0.6307499999999999
3685.png,5,-0.6307499999999999
3686.png,5,-0.79635
3687.png,5,-0.78735
3688.png,5,-0.9025
3689.png,5,-0.892
3690.png,5,-0.892
3691.png,5,-1.1087500000000001
3692.png,5,-1.096
3693.png,5,-1.096
3694.png,5,-1.2435
3695.png,5,-1.23
3696.png,5,-1.23
3697.png,5,-1.458
3698.png,5,-1.4437499999999999
3699.png,5,-1.6757499999999999
3700.png,5,-1.64275
3701.png,5,-1.62825
3702.png,5,-1.62825
3703.png,5,-1.81375
3704.png,5,-1.8005
3705.png,5,-1.9089999999999998
3706.png,5,-1.9012499999999999
3707.png,5,-1.9012499999999999
3708.png,5,-1.9362499999999998
3709.png,5,-1.9337499999999999
3710.png,5,-1.91625
3711.png,5,-1.9175
3712.png,5,-1.9175
3713.png,5,-1.8054999999999999
3714.png,5,-1.5825
3715.png,5,-1.599
3716.png,5,-1.305
3717.png,5,-1.3259999999999998
3718.png,5,-1.0605
3719.png,5,-1.085
3720.png,5,-0.70625
3721.png,5,-0.7315
3722.png,5,-0.38775
3723.png,5,-0.4125
3724.png,5,-0.032499999999999994
3725.png,5,-0.056249999999999994
3726.png,5,0.32575
3727.png,5,0.3045
3728.png,5,0.7104
3729.png,5,0.6900000000000001
3730.png,5,0.7934999999999999
3731.png,5,0.7829999999999999
3732.png,5,0.788
3733.png,5,0.784
3734.png,5,0.71175
3735.png,5,0.716
3736.png,5,0.55025
3737.png,5,0.56
3738.png,5,0.56
3739.png,5,0.3305
3740.png,5,0.34400000000000003
3741.png,5,0.05925
3742.png,5,-0.27615
3743.png,5,-0.25665
3744.png,13,-0.43365000000000004
3745.png,13,-0.41040000000000004
3746.png,13,-0.41040000000000004
3747.png,5,-1.0752
3748.png,5,-1.0527
3749.png,9,-0.8466999999999999
3750.png,9,-0.8231999999999999
3751.png,5,-1.9389999999999998
3752.png,-0.6,-1
3753.png,-0.6,-1
3754.png,-0.6,-1
3755.png,-0.6,-1
3756.png,-0.6,-1
3757.png,-0.6,-1
3758.png,-0.6,-1
3759.png,-0.6,-1
3760.png,-0.6,-1
3761.png,-0.6,-1
3762.png,-0.6,-1
3763.png,-0.6,-1
3764.png,-0.6,-1
3765.png,-0.6,-1
3766.png,-0.6,-1
3767.png,-0.6,-1
3768.png,-0.6,-1
3769.png,5,-2.0744999999999996
3770.png,5,-2.0604999999999998
3771.png,5,-1.9939999999999998
3772.png,5,-1.9357499999999999
3773.png,5,-1.9402499999999998
3774.png,5,-1.9402499999999998
3775.png,5,-1.8457499999999998
3776.png,5,-1.8524999999999998
3777.png,5,-1.5025
3778.png,5,-1.5274999999999999
3779.png,5,-1.2025
3780.png,5,-1.232
3781.png,5,-0.77075
3782.png,5,-0.8015
3783.png,5,-0.31775000000000003
3784.png,5,-0.35000000000000003
3785.png,5,0.129
3786.png,5,0.0975
3787.png,5,0.6094499999999999
3788.png,5,0.5841999999999999
3789.png,5,0.8882499999999999
3790.png,5,0.8699999999999999
3791.png,5,1.03375
3792.png,5,1.02
3793.png,5,1.09225
3794.png,5,1.08375
3795.png,5,1.1437499999999998
3796.png,5,1.0490000000000002
3797.png,5,1.05
3798.png,5,1.05
3799.png,5,0.9450000000000001
3800.png,5,0.9520000000000001
3801.png,5,0.757
3802.png,5,0.77
3803.png,5,0.48125000000000007
3804.png,5,0.5005000000000001
3805.png,5,0.16425
3806.png,5,0.1875
3807.png,5,-0.2405
3808.png,5,-0.21375
3809.png,5,-0.7539499999999999
3810.png,5,-0.7264499999999999
3811.png,5,-1.4074
3812.png,5,-1.375
3813.png,5,-1.6010499999999999
3814.png,5,-1.5790499999999998
3815.png,5,-1.71125
3816.png,5,-1.696
3817.png,5,-1.764
3818.png,5,-1.76
3819.png,5,-1.6139999999999999
3820.png,5,-1.61625
3821.png,5,-1.52425
3822.png,5,-1.53
3823.png,5,-1.522
3824.png,5,-1.5225
3825.png,5,-1.3544999999999998
3826.png,5,-1.3519999999999999
3827.png,5,-1.3659999999999999
3828.png,5,-1.365
3829.png,5,-1.3405
3830.png,5,-1.34225
3831.png,5,-1.3555
3832.png,5,-1.3615
3833.png,5,-1.1740000000000002
3834.png,5,-1.1865
3835.png,5,-0.89775
3836.png,5,-0.917
3837.png,5,-0.5195000000000001
3838.png,5,-0.546
3839.png,5,-0.10500000000000001
3840.png,5,-0.135
3841.png,5,0.381
3842.png,5,0.34875
3843.png,5,1.0389000000000002
3844.png,5,1.0074
3845.png,5,1.5699999999999998
3846.png,5,1.541
3847.png,9,1.05565
3848.png,9,1.0339
3849.png,5,1.85375
3850.png,5,1.844
3851.png,5,1.5647499999999999
3852.png,5,1.5599999999999998
3853.png,5,1.8399999999999999
3854.png,5,1.8199999999999998
3855.png,5,1.673
3856.png,5,1.6835
3857.png,5,1.5399999999999998
3858.png,5,1.55025
3859.png,5,1.4627499999999998
3860.png,5,1.4689999999999999
3861.png,5,1.4409999999999998
3862.png,5,1.4429999999999998
3863.png,5,1.429
3864.png,5,1.43
3865.png,5,1.4055
3866.png,5,1.40725
3867.png,5,1.3407499999999999
3868.png,5,1.3455
3869.png,5,1.2195
3870.png,5,1.2285
3871.png,5,1.10175
3872.png,5,1.1165
3873.png,5,0.85025
3874.png,5,0.868
3875.png,5,0.57175
3876.png,5,0.5915
3877.png,5,0.29774999999999996
3878.png,5,0.31875
3879.png,5,-0.0012500000000000011
3880.png,5,0.01875
3881.png,5,-0.30945
3882.png,5,-0.29145
3883.png,5,-0.6477
3884.png,5,-0.63
3885.png,5,-0.7832999999999999
3886.png,5,-0.7727999999999999
3887.png,5,-0.8044
3888.png,5,-0.8004
3889.png,5,-0.68925
3890.png,5,-0.6920000000000001
3891.png,5,-0.5645000000000001
3892.png,5,-0.5720000000000001
3893.png,5,-0.368
3894.png,5,-0.38
3895.png,5,-0.13774999999999998
3896.png,5,-0.152
3897.png,5,0.1259
3898.png,5,0.1104
3899.png,13,0.2595
3900.png,13,0.24300000000000002
3901.png,5,0.70985
3902.png,5,0.6946
3903.png,5,0.9696499999999999
3904.png,5,0.9526499999999999
3905.png,5,1.3732499999999999
3906.png,5,1.3387499999999999
3907.png,5,1.45475
3908.png,5,1.4475
3909.png,5,1.4595
3910.png,5,1.45875
3911.png,5,1.36275
3912.png,5,1.36875
3913.png,5,1.19275
3914.png,5,1.2037499999999999
3915.png,5,0.8985
3916.png,5,0.9135
3917.png,5,0.71475
3918.png,5,0.73125
3919.png,5,0.45125
3920.png,5,0.46875
3921.png,5,0.19274999999999998
3922.png,5,0.21
3923.png,5,-0.0395
3924.png,5,-0.024
3925.png,5,-0.3215
3926.png,5,-0.305
3927.png,5,-0.517
3928.png,5,-0.505
3929.png,5,-0.54515
3930.png,5,-0.5394
3931.png,5,-0.51725
3932.png,5,-0.516
3933.png,5,-0.44375000000000003
3934.png,5,-0.448
3935.png,5,-0.3205
3936.png,5,-0.328
3937.png,5,-0.16225
3938.png,5,-0.17200000000000001
3939.png,5,0.02915
3940.png,5,0.0174
3941.png,5,0.2706
3942.png,5,0.2576
3943.png,5,0.5503
3944.png,5,0.535
3945.png,5,0.7152999999999999
3946.png,5,0.7038
3947.png,5,0.8403499999999999
3948.png,5,0.83085
3949.png,5,0.849
3950.png,5,0.844
3951.png,5,0.87375
3952.png,5,0.872
3953.png,5,0.85925
3954.png,5,0.86
3955.png,5,0.8047500000000001
3956.png,5,0.808
3957.png,5,0.723
3958.png,5,0.728
3959.png,5,0.6175
3960.png,5,0.624
3961.png,5,0.488
3962.png,5,0.496
3963.png,5,0.3685
3964.png,5,0.376
3965.png,5,0.2617
3966.png,5,0.2697
3967.png,5,0.14939999999999998
3968.png,5,0.15639999999999998
3969.png,5,0.053399999999999996
3970.png,5,0.06
3971.png,13,-0.0207
3972.png,13,-0.0162
3973.png,5,-0.083
3974.png,5,-0.08
3975.png,5,-0.0639
3976.png,5,-0.0644
3977.png,5,0.1314
3978.png,5,0.12
3979.png,5,0.2472
3980.png,5,0.24
3981.png,5,0.3725
3982.png,5,0.365
3983.png,5,0.49219999999999997
3984.png,5,0.485
3985.png,5,0.5751000000000001
3986.png,5,0.5700000000000001
3987.png,5,0.57775
3988.png,5,0.575
3989.png,5,0.56675
3990.png,5,0.5655
3991.png,5,0.5563
3992.png,5,0.5568
3993.png,5,0.5292
3994.png,5,0.5307
3995.png,5,0.49389999999999995
3996.png,5,0.49589999999999995
3997.png,5,0.4453
3998.png,5,0.44804999999999995
3999.png,5,0.41559999999999997
4000.png,5,0.41859999999999997
4001.png,5,0.36525
4002.png,5,0.368
4003.png,5,0.3311
4004.png,5,0.335
4005.png,5,0.2767
4006.png,5,0.28
4007.png,5,0.23759999999999998
4008.png,5,0.24
4009.png,13,0.10600000000000001
4010.png,13,0.10800000000000001
4011.png,13,0.09620000000000001
4012.png,13,0.09720000000000001
4013.png,13,0.1208
4014.png,13,0.1188
4015.png,5,0.53705
4016.png,5,0.5198
4017.png,5,0.8855
4018.png,5,0.86
4019.png,5,1.25825
4020.png,5,1.23
4021.png,5,1.318
4022.png,5,1.3125
4023.png,5,1.3844999999999998
4024.png,5,1.38
4025.png,5,1.452
4026.png,5,1.4475
4027.png,5,1.5434999999999999
4028.png,5,1.5374999999999999
4029.png,5,1.3955
4030.png,5,1.391
4031.png,5,1.412
4032.png,5,1.4104999999999999
4033.png,5,1.3824999999999998
4034.png,5,1.3844999999999998
4035.png,5,1.3005
4036.png,5,1.3065
4037.png,5,1.2195
4038.png,5,1.232
4039.png,5,0.9732500000000001
4040.png,5,0.9905
4041.png,5,0.67925
4042.png,5,0.7000000000000001
4043.png,5,0.7000000000000001
4044.png,5,0.38199999999999995
4045.png,5,0.40499999999999997
4046.png,5,0.40499999999999997
4047.png,5,0.028999999999999998
4048.png,5,0.0525
4049.png,5,0.0525
4050.png,5,-0.3265
4051.png,5,-0.304
4052.png,5,-0.8146
4053.png,5,-0.79
4054.png,5,-0.9724999999999999
4055.png,5,-0.957
4056.png,5,-0.957
4057.png,5,-1.1272
4058.png,5,-1.11795
4059.png,5,-1.045
4060.png,5,-1.044
4061.png,5,-0.9632499999999999
4062.png,5,-0.968
4063.png,5,-0.968
4064.png,5,-0.7937500000000001
4065.png,5,-0.5872499999999999
4066.png,5,-0.6
4067.png,5,-0.6
4068.png,5,-0.6
4069.png,5,-0.33649999999999997
4070.png,5,-0.114
4071.png,5,-0.128
4072.png,5,-0.128
4073.png,5,-0.128
4074.png,5,0.15835
4075.png,5,0.1426
4076.png,13,0.22825000000000004
4077.png,13,0.21600000000000003
4078.png,5,0.6153500000000001
4079.png,5,0.6026
4080.png,5,0.6026
4081.png,5,0.728
4082.png,5,0.716
4083.png,5,0.716
4084.png,9,0.67615
4085.png,9,0.65415
4086.png,9,0.65415
4087.png,5,1.0492499999999998
4088.png,5,1.04625
4089.png,5,1.04625
4090.png,5,1.04625
4091.png,5,1.07025
4092.png,5,1.0687499999999999
4093.png,5,1.0687499999999999
4094.png,5,0.8700000000000001
4095.png,5,0.8785000000000001
4096.png,5,0.8785000000000001
4097.png,5,0.74125
4098.png,5,0.7537499999999999
4099.png,5,0.50575
4100.png,5,0.52125
4101.png,5,0.52125
4102.png,5,0.26925
4103.png,5,0.285
4104.png,5,0.027749999999999997
4105.png,5,0.044
4106.png,5,-0.23735
4107.png,5,-0.22185
4108.png,5,-0.22185
4109.png,5,-0.5306
4110.png,5,-0.515
4111.png,5,-0.515
4112.png,5,-0.6678
4113.png,5,-0.6577999999999999
4114.png,5,-0.7186499999999999
4115.png,5,-0.7133999999999999
4116.png,5,-0.6645
4117.png,5,-0.664
4118.png,5,-0.596
4119.png,5,-0.6
4120.png,5,-0.481
4121.png,5,-0.488
4122.png,5,-0.33075000000000004
4123.png,5,-0.34
4124.png,5,-0.34
4125.png,5,-0.17194999999999996
4126.png,5,-0.18269999999999997
4127.png,5,-0.18269999999999997
4128.png,5,0.03475
4129.png,5,0.023
4130.png,5,0.023
4131.png,5,0.2529
4132.png,5,0.24
4133.png,5,0.46790000000000004
4134.png,5,0.55685
4135.png,5,0.5480999999999999
4136.png,5,0.657
4137.png,5,0.648
4138.png,5,0.7414999999999999
4139.png,5,0.736
4140.png,5,0.753
4141.png,5,0.752
4142.png,5,0.7095
4143.png,5,0.712
4144.png,5,0.712
4145.png,5,0.627
4146.png,5,0.5045000000000001
4147.png,5,0.512
4148.png,5,0.512
4149.png,5,0.36325
4150.png,5,0.18925
4151.png,5,0.2
4152.png,5,0.2
4153.png,5,0.033499999999999995
4154.png,5,0.0435
4155.png,5,-0.17225000000000001
4156.png,5,-0.161
4157.png,13,-0.18595
4158.png,13,-0.1782
4159.png,13,-0.1782
4160.png,5,-0.4519
4161.png,5,-0.445
4162.png,5,-0.445
4163.png,5,-0.46075
4164.png,5,-0.5475
4165.png,5,-0.54
4166.png,5,-0.54
4167.png,5,-0.46775000000000005
4168.png,5,-0.3615
4169.png,5,-0.368
4170.png,5,-0.368
4171.png,5,-0.21075
4172.png,5,-0.22
4173.png,5,-0.03225
4174.png,5,-0.0435
4175.png,5,0.1938
4176.png,5,0.18
4177.png,5,0.445
4178.png,5,0.43
4179.png,5,0.6133
4180.png,5,0.6003
4181.png,5,0.7888999999999999
4182.png,5,0.84775
4183.png,5,0.84
4184.png,5,0.908
4185.png,5,0.904
4186.png,5,0.89975
4187.png,5,0.9
4188.png,5,0.7677499999999999
4189.png,5,0.7725
4190.png,5,0.7725
4191.png,5,0.6405
4192.png,5,0.50925
4193.png,5,0.52
4194.png,5,0.52
4195.png,5,0.32875000000000004
4196.png,5,0.34
4197.png,5,0.11475
4198.png,5,0.128
4199.png,5,-0.09079999999999999
4200.png,5,-0.0783
4201.png,5,-0.3762
4202.png,5,-0.36
4203.png,5,-0.5737
4204.png,5,-0.5612
4205.png,5,-0.7101
4206.png,5,-0.75875
4207.png,5,-0.752
4208.png,5,-0.752
4209.png,5,-0.7817500000000001
4210.png,5,-0.78
4211.png,5,-0.73325
4212.png,5,-0.736
4213.png,5,-0.60425
4214.png,5,-0.612
4215.png,5,-0.43775000000000003
4216.png,5,-0.20149999999999998
4217.png,5,-0.216
4218.png,5,-0.216
4219.png,5,0.0595
4220.png,5,0.0435
4221.png,5,0.4051
4222.png,5,0.385
4223.png,5,0.6818000000000001
4224.png,5,0.8453499999999999
4225.png,5,0.83085
4226.png,5,0.83085
4227.png,5,0.8744999999999999
4228.png,5,0.8595
4229.png,5,0.86
4230.png,5,0.86
4231.png,5,0.809
4232.png,5,0.812
4233.png,5,0.7185
4234.png,5,0.724
4235.png,5,0.58375
4236.png,5,0.592
4237.png,5,0.422
4238.png,5,0.24925
4239.png,5,0.26
4240.png,5,0.26
4241.png,5,0.08955
4242.png,5,0.10005
4243.png,5,-0.05425
4244.png,5,-0.046
4245.png,5,-0.2196
4246.png,5,-0.21
4247.png,5,-0.3478
4248.png,5,-0.34
4249.png,5,-0.39039999999999997
4250.png,5,-0.38639999999999997
4251.png,5,-0.39299999999999996
4252.png,5,-0.39149999999999996
4253.png,5,-0.3593
4254.png,5,-0.36105
4255.png,5,-0.29205
4256.png,5,-0.29579999999999995
4257.png,5,-0.18999999999999997
4258.png,5,-0.19574999999999998
4259.png,5,-0.07154999999999999
4260.png,5,-0.0783
4261.png,5,0.06755
4262.png,5,0.0598
4263.png,5,0.2187
4264.png,5,0.21
4265.png,5,0.35840000000000005
4266.png,5,0.35000000000000003
4267.png,5,0.456
4268.png,5,0.45
4269.png,5,0.4819
4270.png,5,0.4784
4271.png,5,0.46159999999999995
4272.png,5,0.46109999999999995
4273.png,5,0.4427
4274.png,5,0.4437
4275.png,5,0.38849999999999996
4276.png,5,0.39149999999999996
4277.png,5,0.3271
4278.png,5,0.3306
4279.png,5,0.24319999999999997
4280.png,5,0.24794999999999998
4281.png,5,0.16035
4282.png,5,0.1656
4283.png,5,0.07930000000000001
4284.png,5,0.085
4285.png,5,-0.0157
4286.png,5,-0.01
4287.png,13,-0.05260000000000001
4288.png,13,-0.048600000000000004
4289.png,5,-0.14300000000000002
4290.png,5,-0.14
4291.png,5,-0.1665
4292.png,5,-0.165
4293.png,5,-0.1421
4294.png,5,-0.1426
4295.png,5,-0.09895
4296.png,5,-0.1012
4297.png,5,-0.033299999999999996
4298.png,5,-0.0368
4299.png,5,0.0395
4300.png,5,0.035
4301.png,5,0.1251
4302.png,5,0.12
4303.png,13,0.11495000000000001
4304.png,13,0.1107
4305.png,5,0.2792
4306.png,5,0.275
4307.png,5,0.3598
4308.png,5,0.355
4309.png,5,0.5158499999999999
4310.png,5,0.5045999999999999
4311.png,5,0.5184
4312.png,5,0.5176499999999999
4313.png,5,0.49924999999999997
4314.png,5,0.50025
4315.png,5,0.43124999999999997
4316.png,5,0.43499999999999994
4317.png,5,0.3338
4318.png,5,0.3393
4319.png,5,0.22429999999999997
4320.png,5,0.23054999999999998
4321.png,5,0.11284999999999999
4322.png,5,0.1196
4323.png,5,-0.0024999999999999996
4324.png,5,0.005
4325.png,5,-0.1169
4326.png,5,-0.11
4327.png,5,-0.1948
4328.png,5,-0.19
4329.png,5,-0.23785
4330.png,5,-0.2346
4331.png,5,-0.26854999999999996
4332.png,5,-0.2668
4333.png,5,-0.28909999999999997
4334.png,5,-0.28709999999999997
4335.png,5,-0.3055
4336.png,5,-0.3045
4337.png,5,-0.3413
4338.png,5,-0.3393
4339.png,5,-0.35769999999999996
4340.png,5,-0.35669999999999996
4341.png,5,-0.38889999999999997
4342.png,5,-0.38715
4343.png,5,-0.40554999999999997
4344.png,5,-0.40454999999999997
4345.png,5,-0.42754999999999993
4346.png,5,-0.42629999999999996
4347.png,5,-0.43089999999999995
4348.png,5,-0.43065
4349.png,5,-0.42605
4350.png,5,-0.42629999999999996
4351.png,5,-0.42629999999999996
4352.png,5,-0.42629999999999996
4353.png,5,-0.4033
4354.png,5,-0.40454999999999997
4355.png,5,-0.39075
4356.png,5,-0.39149999999999996
4357.png,5,-0.3731
4358.png,5,-0.3741
4359.png,5,-0.35569999999999996
4360.png,5,-0.35669999999999996
4361.png,5,-0.3291
4362.png,5,-0.3306
4363.png,5,-0.3122
4364.png,5,-0.3132
4365.png,5,-0.304
4366.png,5,-0.3045
4367.png,5,-0.3026
4368.png,5,-0.3036
4369.png,5,-0.31329999999999997
4370.png,5,-0.31279999999999997
4371.png,5,-0.31279999999999997
4372.png,5,-0.31279999999999997
4373.png,5,-0.31279999999999997
4374.png,5,-0.31279999999999997
4375.png,5,-0.3225
4376.png,5,-0.322
4377.png,5,-0.3317
4378.png,5,-0.3312
4379.png,5,-0.3409
4380.png,5,-0.3404
4381.png,5,-0.3404
4382.png,5,-0.3404
4383.png,5,-0.3598
4384.png,5,-0.3588
4385.png,5,-0.3685
4386.png,5,-0.368
4387.png,5,-0.3777
4388.png,5,-0.3772
4389.png,5,-0.38689999999999997
4390.png,5,-0.38639999999999997
4391.png,5,-0.38155
4392.png,5,-0.3818
4393.png,5,-0.38664999999999994
4394.png,5,-0.38639999999999997
4395.png,5,-0.367
4396.png,5,-0.368
4397.png,5,-0.3777
4398.png,5,-0.3772
4399.png,5,-0.3578
4400.png,5,-0.3588
4401.png,5,-0.3588
4402.png,5,-0.3588
4403.png,5,-0.3491
4404.png,5,-0.3496
4405.png,5,-0.3399
4406.png,5,-0.3404
4407.png,5,-0.37
4408.png,5,-0.37
4409.png,5,-0.35409999999999997
4410.png,5,-0.355
4411.png,5,-0.3603
4412.png,5,-0.36
4413.png,5,-0.34940000000000004
4414.png,5,-0.35000000000000003
4415.png,5,-0.35000000000000003
4416.png,5,-0.35000000000000003
4417.png,5,-0.33940000000000003
4418.png,5,-0.34
4419.png,5,-0.3294
4420.png,5,-0.33
4421.png,5,-0.3406
4422.png,5,-0.34
4423.png,5,-0.3294
4424.png,5,-0.33
4425.png,5,-0.3406
4426.png,5,-0.34
4427.png,5,-0.34
4428.png,5,-0.34
4429.png,5,-0.3506
4430.png,5,-0.35000000000000003
4431.png,5,-0.3606
4432.png,5,-0.36
4433.png,5,-0.3653
4434.png,5,-0.365
4435.png,5,-0.3809
4436.png,5,-0.38
4437.png,5,-0.3747
4438.png,5,-0.375
4439.png,5,-0.3909
4440.png,5,-0.39
4441.png,5,-0.3847
4442.png,5,-0.385
4443.png,5,-0.3797
4444.png,5,-0.38
4445.png,5,-0.38
4446.png,5,-0.38
4447.png,5,-0.3694
4448.png,5,-0.37
4449.png,5,-0.3806
4450.png,5,-0.38
4451.png,5,-0.3906
4452.png,5,-0.39
4453.png,5,-0.443
4454.png,5,-0.44
4455.png,5,-0.5142
4456.png,5,-0.51
4457.png,5,-0.5662
4458.png,5,-0.5612
4459.png,5,-0.6549
4460.png,5,-0.64815
4461.png,5,-0.7861499999999999
4462.png,5,-0.77865
4463.png,5,-0.8775
4464.png,5,-0.868
4465.png,5,-1.0422500000000001
4466.png,5,-1.032
4467.png,5,-1.1395
4468.png,5,-1.12875
4469.png,5,-1.31275
4470.png,5,-1.30125
4471.png,5,-1.47325
4472.png,5,-1.4625
4473.png,5,-1.4144999999999999
4474.png,5,-1.404
4475.png,5,-1.5125
4476.png,5,-1.50475
4477.png,5,-1.57825
4478.png,5,-1.573
4479.png,5,-1.5869999999999997
4480.png,5,-1.5859999999999999
4481.png,5,-1.523
4482.png,5,-1.5274999999999999
4483.png,5,-1.3664999999999998
4484.png,5,-1.378
4485.png,5,-1.378
4486.png,5,-1.2402499999999999
4487.png,5,-1.2565
4488.png,5,-1.2565
4489.png,5,-0.9715
4490.png,5,-0.9905
4491.png,5,-0.9905
4492.png,5,-0.67925
4493.png,5,-0.7000000000000001
4494.png,5,-0.39799999999999996
4495.png,5,-0.42
4496.png,5,-0.072
4497.png,5,-0.09375
4498.png,5,0.223
4499.png,5,0.20400000000000001
4500.png,5,0.6101
4501.png,5,0.59
4502.png,5,0.7756
4503.png,5,0.7636
4504.png,5,0.8371
4505.png,5,0.83085
4506.png,5,0.74275
4507.png,5,0.744
4508.png,5,0.744
4509.png,5,0.625
4510.png,5,0.632
4511.png,5,0.445
4512.png,5,0.456
4513.png,5,0.456
4514.png,5,0.218
4515.png,5,0.232
4516.png,5,-0.0421
4517.png,5,-0.026099999999999998
4518.png,5,-0.026099999999999998
4519.png,5,-0.3851
4520.png,5,-0.365
4521.png,5,-0.365
4522.png,5,-0.7042
4523.png,5,-0.685
4524.png,5,-0.8535499999999999
4525.png,5,-0.8395499999999999
4526.png,5,-0.9590000000000001
4527.png,5,-0.9480000000000001
4528.png,5,-1.1095000000000002
4529.png,5,-1.1
4530.png,5,-1.1
4531.png,5,-1.11925
4532.png,5,-1.11375
4533.png,5,-1.11375
4534.png,5,-1.1097499999999998
4535.png,5,-1.1099999999999999
4536.png,5,-1.046
4537.png,5,-1.05
4538.png,5,-0.942
4539.png,5,-0.94875
4540.png,5,-0.94875
4541.png,5,-0.80075
4542.png,5,-0.6379999999999999
4543.png,5,-0.6487499999999999
4544.png,5,-0.6487499999999999
4545.png,5,-0.48375
4546.png,5,-0.496
4547.png,5,-0.275
4548.png,5,-0.28800000000000003
4549.png,5,-0.0924
4550.png,5,0.1127
4551.png,5,0.1012
4552.png,5,0.1012
4553.png,5,0.3538
4554.png,5,0.34
4555.png,5,0.43839999999999996
4556.png,5,0.43065
4557.png,5,0.48124999999999996
4558.png,5,0.4785
4559.png,5,0.45275
4560.png,5,0.452
4561.png,5,0.37125
4562.png,5,0.257
4563.png,5,0.264
4564.png,5,0.0685
4565.png,5,0.08
4566.png,5,0.08
4567.png,5,-0.1568
4568.png,5,-0.14354999999999998
4569.png,5,-0.14354999999999998
4570.png,5,-0.4512
4571.png,5,-0.435
4572.png,5,-0.7000000000000001
4573.png,5,-0.8029499999999999
4574.png,5,-0.7917
4575.png,5,-0.7917
4576.png,5,-1.0079
4577.png,5,-0.99615
4578.png,5,-1.03925
4579.png,5,-1.07875
4580.png,5,-1.076
4581.png,5,-1.0845
4582.png,5,-1.084
4583.png,5,-1.02025
4584.png,5,-1.024
4585.png,5,-1.024
4586.png,5,-0.8965000000000001
4587.png,5,-0.904
4588.png,5,-0.73825
4589.png,5,-0.561
4590.png,5,-0.5720000000000001
4591.png,5,-0.34249999999999997
4592.png,5,-0.356
4593.png,5,-0.14334999999999998
4594.png,5,-0.1566
4595.png,5,-0.1566
4596.png,5,0.0426
4597.png,13,0.1106
4598.png,13,0.10260000000000001
4599.png,13,0.10260000000000001
4600.png,5,0.3009
4601.png,5,0.2944
4602.png,5,0.4532
4603.png,5,0.4437
4604.png,5,0.86275
4605.png,5,1.42375
4606.png,5,1.38375
4607.png,5,1.67575
4608.png,5,1.6575
4609.png,5,1.6575
4610.png,5,1.6464999999999999
4611.png,5,1.6454999999999997
4612.png,5,1.6444999999999999
4613.png,5,1.6444999999999999
4614.png,5,1.571
4615.png,5,1.57625
4616.png,5,1.4642499999999998
4617.png,5,1.4722499999999998
4618.png,5,1.3182500000000001
4619.png,5,1.2289999999999999
4620.png,5,1.2425
4621.png,5,1.0325
4622.png,5,1.0465
4623.png,5,0.8515
4624.png,5,0.8645
4625.png,5,0.73825
4626.png,5,0.75
4627.png,5,0.75
4628.png,5,0.5820000000000001
4629.png,5,0.5925
4630.png,5,0.462
4631.png,5,0.47200000000000003
4632.png,5,0.3105
4633.png,5,0.32
4634.png,5,0.20999999999999996
4635.png,5,0.21749999999999997
4636.png,5,0.12329999999999999
4637.png,5,0.09230000000000001
4638.png,5,0.095
4639.png,5,0.095
4640.png,13,0.06015
4641.png,13,0.0594
4642.png,13,0.11250000000000002
4643.png,13,0.10800000000000001
4644.png,13,0.21420000000000003
4645.png,13,0.20520000000000002
4646.png,5,1.0113999999999999
4647.png,5,0.9743999999999999
4648.png,5,1.848
4649.png,5,1.792
4650.png,-0.6,1
4651.png,-0.6,1
4652.png,-0.6,1
4653.png,-0.6,1
4654.png,-0.6,1
4655.png,-0.6,1
4656.png,5,2.114
4657.png,5,2.0669999999999997
4658.png,5,2.0180000000000002
4659.png,5,2.0215
4660.png,5,1.9795
4661.png,5,1.8845
4662.png,5,1.8915
4663.png,5,1.8915
4664.png,5,1.6569999999999998
4665.png,5,1.6737499999999998
4666.png,5,1.5127499999999998
4667.png,5,1.5242499999999999
4668.png,5,1.45075
4669.png,5,1.456
4670.png,5,1.4385
4671.png,5,1.4397499999999999
4672.png,5,1.4362499999999998
4673.png,5,1.4364999999999999
4674.png,5,1.4155
4675.png,5,1.417
4676.png,5,1.347
4677.png,5,1.3519999999999999
4678.png,5,1.2189999999999999
4679.png,5,1.2285
4680.png,5,1.13175
4681.png,5,1.1445
4682.png,5,0.9345
4683.png,5,0.9485
4684.png,5,0.7310000000000001
4685.png,5,0.7455
4686.png,5,0.56275
4687.png,5,0.5775
4688.png,5,0.3615
4689.png,5,0.375
4690.png,5,0.2045
4691.png,5,0.216
4692.png,5,0.0693
4693.png,5,0.0783
4694.png,5,-0.0336
4695.png,5,-0.0276
4696.png,5,-0.1307
4697.png,5,-0.125
4698.png,5,-0.20450000000000002
4699.png,5,-0.2
4700.png,5,-0.25830000000000003
4701.png,5,-0.255
4702.png,5,-0.29209999999999997
4703.png,5,-0.29
4704.png,5,-0.29
4705.png,5,-0.29
4706.png,5,-0.2571
4707.png,5,-0.2576
4708.png,5,-0.2323
4709.png,5,-0.23500000000000001
4710.png,5,-0.1767
4711.png,5,-0.18
4712.png,5,-0.11639999999999999
4713.png,5,-0.12
4714.png,5,-0.0511
4715.png,5,-0.055
4716.png,13,0.00275
4717.png,13,-0.0
4718.png,5,0.053000000000000005
4719.png,5,0.05
4720.png,5,0.0818
4721.png,5,0.08
4722.png,5,0.0747
4723.png,5,0.075
4724.png,5,0.0591
4725.png,5,0.06
4726.png,5,0.0282
4727.png,5,0.03
4728.png,5,-0.0071
4729.png,5,-0.005
4730.png,5,-0.052700000000000004
4731.png,5,-0.05
4732.png,5,-0.0924
4733.png,5,-0.09
4734.png,13,-0.0722
4735.png,13,-0.0702
4736.png,13,-0.0879
4737.png,13,-0.0864
4738.png,5,-0.213
4739.png,5,-0.21
4740.png,5,-0.3484
4741.png,5,-0.3404
4742.png,5,-0.4599
4743.png,5,-0.45239999999999997
4744.png,5,-0.45239999999999997
4745.png,5,-0.45239999999999997
4746.png,5,-0.4064
4747.png,5,-0.4089
4748.png,5,-0.31689999999999996
4749.png,5,-0.32189999999999996
4750.png,5,-0.21149999999999997
4751.png,5,-0.21749999999999997
4752.png,5,-0.10389999999999999
4753.png,5,-0.1104
4754.png,5,0.0178
4755.png,5,0.01
4756.png,13,0.0762
4757.png,13,0.0702
4758.png,5,0.23070000000000002
4759.png,5,0.225
4760.png,5,0.2749
4761.png,5,0.2714
4762.png,5,0.31644999999999995
4763.png,5,0.3132
4764.png,5,0.28559999999999997
4765.png,5,0.28709999999999997
4766.png,5,0.2319
4767.png,5,0.2349
4768.png,5,0.15209999999999999
4769.png,5,0.1566
4770.png,5,0.0462
4771.png,5,0.052199999999999996
4772.png,5,-0.0515
4773.png,5,-0.046
4774.png,5,-0.17720000000000002
4775.png,5,-0.17
4776.png,13,-0.15080000000000002
4777.png,13,-0.1458
4778.png,5,-0.35480000000000006
4779.png,5,-0.35000000000000003
4780.png,5,-0.4093
4781.png,5,-0.4048
4782.png,5,-0.5517500000000001
4783.png,5,-0.54
4784.png,5,-0.5357500000000001
4785.png,5,-0.536
4786.png,5,-0.4935
4787.png,5,-0.496
4788.png,5,-0.41100000000000003
4789.png,5,-0.41600000000000004
4790.png,5,-0.3236
4791.png,5,-0.3306
4792.png,5,-0.1926
4793.png,5,-0.2001
4794.png,5,-0.0564
4795.png,5,-0.0644
4796.png,5,0.089
4797.png,5,0.08
4798.png,5,0.2178
4799.png,5,0.21
4800.png,5,0.2902
4801.png,5,0.2852
4802.png,5,0.32489999999999997
4803.png,5,0.32189999999999996
4804.png,5,0.33569999999999994
4805.png,5,0.33494999999999997
4806.png,5,0.31195
4807.png,5,0.3132
4808.png,5,0.24879999999999997
4809.png,5,0.25229999999999997
4810.png,5,0.1603
4811.png,5,0.1653
4812.png,5,0.06409999999999999
4813.png,5,0.0696
4814.png,5,-0.0428
4815.png,5,-0.0368
4816.png,5,-0.16720000000000002
4817.png,5,-0.16
4818.png,5,-0.2766
4819.png,5,-0.27
4820.png,5,-0.3654
4821.png,5,-0.36
4822.png,5,-0.41300000000000003
4823.png,5,-0.41000000000000003
4824.png,5,-0.38689999999999997
4825.png,5,-0.38639999999999997
4826.png,5,-0.367
4827.png,5,-0.368
4828.png,5,-0.30979999999999996
4829.png,5,-0.31279999999999997
4830.png,5,-0.2449
4831.png,5,-0.2484
4832.png,5,-0.1746
4833.png,5,-0.18
4834.png,5,-0.0846
4835.png,5,-0.09
4836.png,13,0.0045000000000000005
4837.png,13,-0.0
4838.png,5,0.0848
4839.png,5,0.08
4840.png,5,0.1436
4841.png,5,0.14
4842.png,5,0.1288
4843.png,5,0.1288
4844.png,5,0.1288
4845.png,5,0.1288
4846.png,5,0.1094
4847.png,5,0.1104
4848.png,5,0.0619
4849.png,5,0.0644
4850.png,5,0.0159
4851.png,5,0.0184
4852.png,5,-0.0398
4853.png,5,-0.0368
4854.png,5,-0.10360000000000001
4855.png,5,-0.1
4856.png,5,-0.1636
4857.png,5,-0.16
4858.png,5,-0.20240000000000002
4859.png,5,-0.2
4860.png,13,-0.1257
4861.png,13,-0.1242
4862.png,5,-0.24059999999999998
4863.png,5,-0.24
4864.png,5,-0.27180000000000004
4865.png,5,-0.27
4866.png,5,-0.3939
4867.png,5,-0.38639999999999997
4868.png,5,-0.367
4869.png,5,-0.368
4870.png,5,-0.3195
4871.png,5,-0.322
4872.png,5,-0.2347
