frame,elapsed_s,loop_hz,inference_ms,average_inference_ms,finn_v,finn_w,sent_v,sent_w,linear_factor,angular_factor,process_every_n_frames
1,0.030978,168.365021,23.638198,23.638198,4.882482,0.543673,4.882482,0.652408,1.000000,1.200000,1
2,0.086481,19.264766,28.370188,26.004193,4.877951,0.540533,4.877951,0.648640,1.000000,1.200000,1
3,0.130022,20.839345,24.035549,25.347978,4.873420,0.543673,4.873420,0.652408,1.000000,1.200000,1
4,0.180750,19.458793,23.386908,24.857711,4.825845,0.556233,4.825845,0.667480,1.000000,1.200000,1
5,0.236785,17.904614,23.569073,24.599983,4.739756,0.773937,4.739756,0.928724,1.000000,1.200000,1
6,0.283217,22.499542,25.545494,24.757568,4.751084,0.840923,4.751084,1.009107,1.000000,1.200000,1
7,0.330687,20.753269,24.835959,24.768767,4.726163,0.903722,4.726163,1.084466,1.000000,1.200000,1
8,0.382289,19.522489,25.170230,24.818950,4.703509,0.910002,4.703509,1.092002,1.000000,1.200000,1
9,0.431385,20.154632,24.696825,24.805380,4.689916,0.915235,4.689916,1.098282,1.000000,1.200000,1
10,0.480591,19.888861,23.612693,24.686112,4.669526,1.036647,4.669526,1.243976,1.000000,1.200000,1
11,0.531882,20.384205,25.842920,24.791276,4.653668,1.141312,4.653668,1.369574,1.000000,1.200000,1
12,0.580193,19.809082,23.669121,24.697763,4.660464,1.139219,4.660464,1.367062,1.000000,1.200000,1
13,0.630187,19.858374,23.298230,24.590107,4.655933,1.138172,4.655933,1.365807,1.000000,1.200000,1
14,0.681603,20.067325,24.895010,24.611886,4.655933,1.144452,4.655933,1.373342,1.000000,1.200000,1
15,0.737136,18.806401,27.240181,24.787105,4.660464,1.139219,4.660464,1.367062,1.000000,1.200000,1
16,0.780704,21.169727,23.599094,24.712855,4.669526,1.136079,4.669526,1.363294,1.000000,1.200000,1
17,0.833249,20.166364,26.547257,24.820761,4.655933,1.131892,4.655933,1.358270,1.000000,1.200000,1
18,0.880817,19.770837,23.548756,24.750094,4.655933,1.131892,4.655933,1.358270,1.000000,1.200000,1
19,0.931405,19.859841,23.772090,24.698620,4.660464,1.151778,4.660464,1.382134,1.000000,1.200000,1
20,0.985150,19.838135,27.041671,24.815772,4.655933,1.135032,4.655933,1.362038,1.000000,1.200000,1
21,1.034627,20.329824,27.385872,24.938158,4.671792,1.120379,4.671792,1.344455,1.000000,1.200000,1
22,1.083093,20.026089,25.935811,24.983506,4.771473,1.036647,4.771473,1.243976,1.000000,1.200000,1
23,1.131857,20.223667,25.246470,24.994939,4.737491,0.895349,4.737491,1.074419,1.000000,1.200000,1
24,1.180538,19.896857,23.660657,24.939344,4.823579,0.852436,4.823579,1.022923,1.000000,1.200000,1
25,1.231950,19.936624,24.924791,24.938762,4.830376,0.902675,4.830376,1.083210,1.000000,1.200000,1
26,1.283201,19.064633,23.709657,24.891489,4.776004,0.855576,4.776004,1.026691,1.000000,1.200000,1
27,1.331095,21.055923,24.129435,24.863264,4.800925,0.854529,4.800925,1.025435,1.000000,1.200000,1
28,1.381736,19.867126,24.407940,24.847003,4.696712,0.931981,4.696712,1.118378,1.000000,1.200000,1
29,1.433927,19.783280,26.042616,24.888231,4.723898,0.675551,4.723898,0.810662,1.000000,1.200000,1
30,1.481373,20.402117,24.517944,24.875888,4.717102,0.603332,4.717102,0.723999,1.000000,1.200000,1
31,1.534206,19.429494,25.867569,24.907878,4.760146,0.509134,4.760146,0.610961,1.000000,1.200000,1
32,1.581824,20.327963,24.289774,24.888562,4.830376,0.509134,4.830376,0.610961,1.000000,1.200000,1
33,1.633312,20.069238,25.861906,24.918057,4.778270,0.497621,4.778270,0.597145,1.000000,1.200000,1
34,1.686081,19.319814,26.937000,24.977438,4.916464,0.364696,4.916464,0.437635,1.000000,1.200000,1
35,1.736540,18.784204,24.102571,24.952442,4.941385,0.385628,4.941385,0.462754,1.000000,1.200000,1
36,1.783150,21.995121,25.338809,24.963174,4.930058,0.381442,4.930058,0.457730,1.000000,1.200000,1
37,1.834255,20.392092,27.358109,25.027902,5.000288,-0.067572,5.000288,-0.081087,1.000000,1.200000,1
38,1.882293,20.079326,25.620244,25.043490,4.995757,-0.052919,4.995757,-0.063503,1.000000,1.200000,1
39,1.932183,19.768003,24.911408,25.040103,5.020677,-0.017333,5.020677,-0.020800,1.000000,1.200000,1
40,1.985062,19.765723,27.132261,25.092407,5.000288,-0.210964,5.000288,-0.253156,1.000000,1.200000,1
41,2.031770,20.193744,24.419788,25.076002,5.002553,-0.551126,5.002553,-0.661351,1.000000,1.200000,1
42,2.131513,10.029339,24.439403,25.060845,4.979898,-0.717544,4.979898,-0.861053,1.000000,1.200000,1
43,2.180850,20.261459,24.400626,25.045491,4.968571,-0.707077,4.968571,-0.848493,1.000000,1.200000,1
44,2.231331,19.794620,24.357232,25.029849,4.986695,-0.877682,4.986695,-1.053218,1.000000,1.200000,1
45,2.281197,20.005417,24.244458,25.012396,4.925526,-0.897568,4.925526,-1.077082,1.000000,1.200000,1
46,2.383466,9.942649,25.883751,25.031338,5.063721,-0.927921,5.063721,-1.113505,1.000000,1.200000,1
47,2.435265,19.221265,25.725356,25.046104,5.052394,-1.046193,5.052394,-1.255431,1.000000,1.200000,1
48,2.481421,21.182972,24.675776,25.038389,5.011615,-0.978161,5.011615,-1.173793,1.000000,1.200000,1
49,2.533394,19.775536,26.072203,25.059487,4.988960,-1.006420,4.988960,-1.207704,1.000000,1.200000,1
50,2.582317,20.196789,25.486322,25.068024,4.995757,-1.033633,4.995757,-1.240360,1.000000,1.200000,1
51,2.632861,19.953727,25.916920,25.084669,5.000288,-0.985487,5.000288,-1.182584,1.000000,1.200000,1
52,2.684638,19.319268,25.942270,25.101161,5.002553,-1.032587,5.002553,-1.239104,1.000000,1.200000,1
53,2.731916,20.446642,24.325061,25.086518,5.070518,-1.014793,5.070518,-1.217752,1.000000,1.200000,1
54,2.782531,20.266937,25.578243,25.095624,5.029739,-0.928968,5.029739,-1.114761,1.000000,1.200000,1
55,2.832131,19.704919,24.439085,25.083687,4.957243,-0.867215,4.957243,-1.040658,1.000000,1.200000,1
56,2.886122,18.898188,25.461297,25.090430,4.952712,-0.915361,4.952712,-1.098434,1.000000,1.200000,1
57,2.932418,21.350044,24.968619,25.088293,4.998022,-0.944668,4.998022,-1.133601,1.000000,1.200000,1
58,3.032190,9.960463,24.335727,25.075318,5.054659,-0.985487,5.054659,-1.182584,1.000000,1.200000,1
59,3.085548,20.112731,27.972187,25.124417,5.041067,-0.972927,5.041067,-1.167513,1.000000,1.200000,1
60,3.181606,10.027491,24.268900,25.110159,4.936854,-1.010607,4.936854,-1.212728,1.000000,1.200000,1
61,3.235992,19.073477,26.277250,25.129291,4.920995,-1.014793,4.920995,-1.217752,1.000000,1.200000,1
62,3.281422,20.928064,23.912380,25.109664,4.920995,-1.081779,4.920995,-1.298135,1.000000,1.200000,1
63,3.334165,20.050094,26.753119,25.135750,5.000288,-1.003280,5.000288,-1.203936,1.000000,1.200000,1
64,3.382389,19.738247,24.333703,25.123218,5.047863,-0.778250,5.047863,-0.933900,1.000000,1.200000,1
65,3.433498,20.126393,25.750749,25.132873,5.065987,-0.747897,5.065987,-0.897476,1.000000,1.200000,1
66,3.485072,18.932886,24.530129,25.123740,5.061456,-0.760457,5.061456,-0.912548,1.000000,1.200000,1
67,3.582225,10.252861,24.139563,25.109051,4.703509,0.032907,4.703509,0.039488,1.000000,1.200000,1
68,3.684157,10.027129,26.344352,25.127217,4.934588,-0.586712,4.934588,-0.704055,1.000000,1.200000,1
69,3.733995,19.888009,25.912506,25.138598,4.954978,-0.591945,4.954978,-0.710334,1.000000,1.200000,1
70,3.781292,20.336682,24.071382,25.123352,4.916464,-0.219337,4.916464,-0.263204,1.000000,1.200000,1
71,3.831546,20.038571,24.391203,25.113040,5.013881,-0.339702,5.013881,-0.407643,1.000000,1.200000,1
72,3.931681,9.966671,24.195629,25.100298,4.988960,0.071633,4.988960,0.085959,1.000000,1.200000,1
73,3.982511,19.658260,24.174320,25.087614,5.036536,0.040233,5.036536,0.048279,1.000000,1.200000,1
74,4.033674,19.775961,24.750456,25.083058,5.025208,0.039186,5.025208,0.047023,1.000000,1.200000,1
75,4.081436,20.586410,23.929262,25.067674,5.013881,0.110359,5.013881,0.132430,1.000000,1.200000,1
76,4.132794,20.006702,25.285449,25.070539,4.941385,0.274683,4.941385,0.329620,1.000000,1.200000,1
77,4.181815,20.143607,24.685059,25.065533,4.920995,0.400282,4.920995,0.480338,1.000000,1.200000,1
78,4.231434,20.049550,24.434448,25.057442,4.898341,0.430635,4.898341,0.516762,1.000000,1.200000,1
79,4.283541,19.156590,24.333160,25.048274,4.803190,0.660898,4.803190,0.793078,1.000000,1.200000,1
80,4.331200,20.995014,24.355772,25.039618,4.850765,0.571933,4.850765,0.686320,1.000000,1.200000,1
81,4.380952,20.091726,24.316460,25.030690,4.855297,0.563560,4.855297,0.676272,1.000000,1.200000,1
82,4.431026,20.004505,24.403730,25.023044,4.891544,0.539487,4.891544,0.647384,1.000000,1.200000,1
83,4.483460,19.918294,26.610651,25.042172,4.873420,0.536346,4.873420,0.643616,1.000000,1.200000,1
84,4.532530,19.843759,25.318386,25.045460,4.880217,0.600193,4.880217,0.720231,1.000000,1.200000,1
85,4.584640,19.376640,25.831759,25.054710,4.805456,0.622172,4.805456,0.746607,1.000000,1.200000,1
86,4.630711,20.934904,24.127296,25.043927,4.834907,0.549953,4.834907,0.659944,1.000000,1.200000,1
87,4.684056,19.298749,25.606067,25.050388,4.825845,0.561466,4.825845,0.673759,1.000000,1.200000,1
88,4.732802,20.371167,25.236396,25.052502,4.834907,0.549953,4.834907,0.659944,1.000000,1.200000,1
89,4.781492,20.128990,24.328361,25.044365,4.839438,0.558326,4.839438,0.669991,1.000000,1.200000,1
90,4.833212,19.284051,24.195320,25.034931,4.834907,0.565653,4.834907,0.678783,1.000000,1.200000,1
91,4.881640,20.534226,23.909555,25.022565,4.834907,0.561466,4.834907,0.673759,1.000000,1.200000,1
92,4.932172,19.880522,24.141782,25.012991,4.828111,0.562513,4.828111,0.675015,1.000000,1.200000,1
93,5.033425,10.029891,25.690756,25.020279,4.771473,0.580306,4.771473,0.696367,1.000000,1.200000,1
94,5.082214,19.844662,24.099003,25.010478,4.771473,0.572979,4.771473,0.687575,1.000000,1.200000,1
95,5.132228,20.328447,24.912830,25.009450,4.771473,0.588679,4.771473,0.706415,1.000000,1.200000,1
96,5.181897,19.936267,24.419970,25.003310,4.760146,0.570886,4.760146,0.685063,1.000000,1.200000,1
97,5.233711,19.834492,25.824071,25.011771,4.923261,0.372022,4.923261,0.446427,1.000000,1.200000,1
98,5.282017,20.042883,24.242507,25.003921,4.932323,0.348996,4.932323,0.418795,1.000000,1.200000,1
99,5.332937,20.058105,25.330777,25.007223,4.925526,0.342716,4.925526,0.411259,1.000000,1.200000,1
100,5.382927,19.504646,24.027007,24.997421,4.923261,0.329109,4.923261,0.394931,1.000000,1.200000,1
101,5.482168,10.079470,24.044658,24.987988,4.979898,0.132339,4.979898,0.158806,1.000000,1.200000,1
102,5.532985,19.952029,24.747629,24.985631,4.995757,0.118732,4.995757,0.142478,1.000000,1.200000,1
103,5.583497,20.238913,25.849075,24.994014,5.025208,-0.078039,5.025208,-0.093647,1.000000,1.200000,1
104,5.635007,18.994423,24.706020,24.991245,5.041067,-0.076992,5.041067,-0.092391,1.000000,1.200000,1
105,5.682650,21.425211,25.680532,24.997810,4.988960,-0.270623,4.988960,-0.324748,1.000000,1.200000,1
106,5.733187,19.629491,25.292159,25.000586,4.977633,-0.348075,4.977633,-0.417690,1.000000,1.200000,1
107,5.783577,20.169530,26.074806,25.010626,4.957243,-0.176424,4.957243,-0.211709,1.000000,1.200000,1
108,5.833985,19.765808,25.900781,25.018868,4.925526,-0.363775,4.925526,-0.436530,1.000000,1.200000,1
109,5.882600,20.149197,24.895105,25.017733,4.927792,-0.672538,4.927792,-0.807045,1.000000,1.200000,1
110,5.931337,20.145704,23.990921,25.008398,4.982164,-0.661025,4.982164,-0.793229,1.000000,1.200000,1
111,5.982059,19.892780,24.432408,25.003209,4.993491,-0.698704,4.993491,-0.838445,1.000000,1.200000,1
112,6.032651,20.327434,25.815192,25.010459,4.970836,-0.712311,4.970836,-0.854773,1.000000,1.200000,1
113,6.082650,19.972073,25.731948,25.016844,4.914199,-0.764643,4.914199,-0.917572,1.000000,1.200000,1
114,6.131061,19.957200,24.070591,25.008543,5.104500,-0.953041,5.104500,-1.143649,1.000000,1.200000,1
115,6.182977,20.039169,26.063968,25.017721,5.090907,-0.942574,5.090907,-1.131089,1.000000,1.200000,1
116,6.231635,19.894692,24.464513,25.012952,5.109031,-0.844189,5.109031,-1.013027,1.000000,1.200000,1
117,6.283194,19.977615,25.971097,25.021141,5.045598,-0.798136,5.045598,-0.957763,1.000000,1.200000,1
118,6.331465,20.002710,24.254546,25.014644,5.068253,-0.760457,5.068253,-0.912548,1.000000,1.200000,1
119,6.383107,20.042449,26.013328,25.023037,5.061456,-0.747897,5.061456,-0.897476,1.000000,1.200000,1
120,6.436164,19.170829,26.902590,25.038700,5.075048,-0.758363,5.075048,-0.910036,1.000000,1.200000,1
121,6.481582,21.147149,25.019346,25.038540,5.084111,-0.756270,5.084111,-0.907524,1.000000,1.200000,1
122,6.532876,19.851114,25.937737,25.045910,5.068253,-0.763597,5.068253,-0.916316,1.000000,1.200000,1
123,6.582009,19.765815,24.469055,25.041220,5.054659,-0.779296,5.054659,-0.935156,1.000000,1.200000,1
124,6.682805,9.986543,25.160196,25.042180,5.059190,-0.749990,5.059190,-0.899988,1.000000,1.200000,1
125,6.733946,19.170445,24.120877,25.034809,5.102234,-0.885008,5.102234,-1.062010,1.000000,1.200000,1
126,6.782371,20.805219,24.484803,25.030444,4.954978,-0.832676,4.954978,-0.999211,1.000000,1.200000,1
127,6.831678,20.171900,24.214648,25.024021,4.984429,-0.751037,4.984429,-0.901244,1.000000,1.200000,1
128,6.881412,20.250705,24.563155,25.020420,4.964040,-0.534379,4.964040,-0.641255,1.000000,1.200000,1
129,6.933191,19.404349,24.820159,25.018868,4.939119,-0.485187,4.939119,-0.582224,1.000000,1.200000,1
130,6.985330,19.098471,24.596747,25.015621,4.950447,-0.509260,4.950447,-0.611112,1.000000,1.200000,1
131,7.083222,10.270734,25.134773,25.016530,5.007084,-0.340749,5.007084,-0.408899,1.000000,1.200000,1
132,7.132250,20.268582,24.802936,25.014912,4.998022,-0.329236,4.998022,-0.395083,1.000000,1.200000,1
133,7.180971,20.359217,24.423385,25.010464,5.002553,-0.319816,5.002553,-0.383779,1.000000,1.200000,1
134,7.232155,19.540193,24.439703,25.006205,4.973102,-0.125138,4.973102,-0.150166,1.000000,1.200000,1
135,7.282282,20.026026,24.600576,25.003200,4.988960,0.070586,4.988960,0.084703,1.000000,1.200000,1
136,7.331737,20.281507,24.785472,25.001599,5.018412,0.038140,5.018412,0.045768,1.000000,1.200000,1
137,7.381456,19.951070,24.341195,24.996779,5.013881,0.076866,5.013881,0.092239,1.000000,1.200000,1
138,7.431847,19.790581,24.223515,24.991176,4.932323,0.312363,4.932323,0.374835,1.000000,1.200000,1
139,7.481081,20.423207,24.510466,24.987717,4.936854,0.307129,4.936854,0.368555,1.000000,1.200000,1
140,7.531793,19.657572,24.339030,24.983084,4.911933,0.420168,4.911933,0.504202,1.000000,1.200000,1
141,7.581583,20.173104,24.557012,24.980062,4.920995,0.403422,4.920995,0.484106,1.000000,1.200000,1
142,7.631770,19.786060,24.189011,24.974491,4.814517,0.570886,4.814517,0.685063,1.000000,1.200000,1
143,7.683331,20.222920,26.310309,24.983833,4.773739,0.563560,4.773739,0.676272,1.000000,1.200000,1
144,7.733722,19.976529,26.651441,24.995413,4.862092,0.527973,4.862092,0.633568,1.000000,1.200000,1
145,7.783581,19.095927,24.107875,24.989292,4.877951,0.519600,4.877951,0.623520,1.000000,1.200000,1
146,7.831728,20.945791,24.547889,24.986269,4.866623,0.552047,4.866623,0.662456,1.000000,1.200000,1
147,7.881585,20.077653,24.586799,24.983551,4.880217,0.534253,4.880217,0.641104,1.000000,1.200000,1
148,7.931950,19.885839,24.681225,24.981509,4.884748,0.610659,4.884748,0.732791,1.000000,1.200000,1
149,7.983090,20.131556,26.147331,24.989333,4.916464,0.585539,4.916464,0.702647,1.000000,1.200000,1
150,8.037227,18.843742,27.150292,25.003739,4.907403,0.591819,4.907403,0.710183,1.000000,1.200000,1
151,8.080889,21.493013,24.348654,24.999401,4.918730,0.588679,4.918730,0.706415,1.000000,1.200000,1
152,8.132149,19.755758,24.987440,24.999322,4.843969,0.592866,4.843969,0.711439,1.000000,1.200000,1
153,8.182289,19.674490,24.287740,24.994672,4.766942,0.586586,4.766942,0.703903,1.000000,1.200000,1
154,8.231827,20.282189,24.546724,24.991763,4.769208,0.589726,4.769208,0.707671,1.000000,1.200000,1
155,8.281945,19.783848,24.097971,24.985996,4.785066,0.571933,4.785066,0.686320,1.000000,1.200000,1
156,8.331441,20.243049,24.212656,24.981039,4.764677,0.578213,4.764677,0.693855,1.000000,1.200000,1
157,8.382470,19.918717,25.021128,24.981294,4.771473,0.525880,4.771473,0.631056,1.000000,1.200000,1
158,8.481873,9.998364,24.409393,24.977675,4.936854,0.352136,4.936854,0.422563,1.000000,1.200000,1
159,8.531243,20.278015,24.475936,24.974519,4.930058,0.358416,4.930058,0.430099,1.000000,1.200000,1
160,8.583477,19.087938,24.316538,24.970407,4.934588,0.325969,4.934588,0.391163,1.000000,1.200000,1
161,8.633958,20.899765,26.943502,24.982662,4.934588,0.335389,4.934588,0.402467,1.000000,1.200000,1
162,8.681916,19.873885,24.571432,24.980124,5.002553,0.174205,5.002553,0.209046,1.000000,1.200000,1
163,8.731867,19.938607,24.389439,24.976500,4.991226,0.135479,4.991226,0.162574,1.000000,1.200000,1
164,8.784007,20.128905,26.861901,24.987996,5.011615,-0.061292,5.011615,-0.073551,1.000000,1.200000,1
165,8.833545,19.145773,24.155724,24.982952,5.022943,-0.081179,5.022943,-0.097415,1.000000,1.200000,1
166,8.881526,20.972181,24.450404,24.979744,5.002553,-0.263296,5.002553,-0.315956,1.000000,1.200000,1
167,8.931671,19.851235,24.218034,24.975183,5.009350,-0.324002,5.009350,-0.388803,1.000000,1.200000,1
168,8.983964,19.730621,25.797420,24.980077,4.977633,-0.254923,4.977633,-0.305908,1.000000,1.200000,1
169,9.032977,20.350297,25.698308,24.984327,4.973102,-0.177471,4.973102,-0.212965,1.000000,1.200000,1
170,9.086850,19.690598,28.709272,25.006238,4.925526,-0.610785,4.925526,-0.732942,1.000000,1.200000,1
171,9.135310,20.185838,27.680891,25.021880,4.943650,-0.686144,4.943650,-0.823373,1.000000,1.200000,1
172,9.181962,20.332870,25.180329,25.022801,4.975367,-0.658931,4.975367,-0.790718,1.000000,1.200000,1
173,9.232575,19.784398,25.249547,25.024112,5.018412,-0.683004,5.018412,-0.819605,1.000000,1.200000,1
174,9.284773,18.881156,24.432822,25.020713,4.966305,-0.714404,4.966305,-0.857285,1.000000,1.200000,1
175,9.332920,20.824611,24.605381,25.018340,4.902872,-0.696611,4.902872,-0.835933,1.000000,1.200000,1
176,9.390285,18.515868,27.910748,25.034774,5.036536,-0.990720,5.036536,-1.188864,1.000000,1.200000,1
177,9.434486,22.092985,26.811062,25.044810,5.084111,-0.966647,5.084111,-1.159977,1.000000,1.200000,1
178,9.483153,20.162321,25.967387,25.049993,5.088642,-0.962461,5.088642,-1.154953,1.000000,1.200000,1
179,9.539004,18.176861,26.772183,25.059614,5.109031,-0.889195,5.109031,-1.067034,1.000000,1.200000,1
180,9.583692,21.390513,24.758027,25.057938,5.097703,-0.831629,5.097703,-0.997955,1.000000,1.200000,1
181,9.635555,19.116318,24.310472,25.053809,5.084111,-0.828489,5.084111,-0.994187,1.000000,1.200000,1
182,9.689430,19.466549,26.807304,25.063443,5.099969,-0.821162,5.099969,-0.985395,1.000000,1.200000,1
183,9.733668,22.467312,26.263204,25.069999,5.099969,-0.833722,5.099969,-1.000467,1.000000,1.200000,1
184,9.782908,19.987028,25.700146,25.073424,5.090907,-0.841049,5.090907,-1.009259,1.000000,1.200000,1
185,9.835916,19.634171,27.798989,25.088157,5.086376,-0.944668,5.086376,-1.133601,1.000000,1.200000,1
186,9.881313,20.485809,24.415378,25.084540,5.077314,-0.985487,5.077314,-1.182584,1.000000,1.200000,1
187,9.932520,19.263670,23.699140,25.077131,4.902872,-0.675678,4.902872,-0.810813,1.000000,1.200000,1
188,9.981183,20.752012,24.175054,25.072333,4.973102,-0.743710,4.973102,-0.892452,1.000000,1.200000,1
189,10.033414,19.938702,26.231651,25.078467,4.943650,-0.517633,4.943650,-0.621160,1.000000,1.200000,1
190,10.082668,20.134406,25.833069,25.082439,4.930058,-0.496700,4.930058,-0.596040,1.000000,1.200000,1
191,10.131142,20.028140,24.370065,25.078709,4.941385,-0.515540,4.941385,-0.618648,1.000000,1.200000,1
192,10.182702,19.208761,23.886255,25.072498,4.979898,-0.546939,4.979898,-0.656327,1.000000,1.200000,1
193,10.230768,20.945517,24.196224,25.067958,4.907403,-0.212010,4.907403,-0.254412,1.000000,1.200000,1
194,10.282019,19.846614,25.055746,25.067895,5.000288,-0.259110,5.000288,-0.310932,1.000000,1.200000,1
195,10.334012,19.801436,26.524886,25.075367,5.004818,-0.331329,5.004818,-0.397595,1.000000,1.200000,1
196,10.384514,20.135934,27.356398,25.087005,5.007084,-0.330282,5.007084,-0.396339,1.000000,1.200000,1
197,10.431248,20.010789,24.168717,25.082343,5.016146,0.190951,5.016146,0.229141,1.000000,1.200000,1
198,10.481718,20.051394,24.772165,25.080777,5.007084,0.078959,5.007084,0.094751,1.000000,1.200000,1
199,10.533379,19.142082,24.192066,25.076311,5.004818,0.039186,5.004818,0.047023,1.000000,1.200000,1
200,10.582557,20.783147,25.249808,25.077178,5.004818,0.066399,5.004818,0.079679,1.000000,1.200000,1
201,10.631425,20.085178,24.322683,25.073425,4.943650,0.308176,4.943650,0.369812,1.000000,1.200000,1
202,10.683648,19.872704,26.218774,25.079095,4.930058,0.305036,4.930058,0.366044,1.000000,1.200000,1
203,10.734749,19.440208,25.847829,25.082881,4.936854,0.325969,4.936854,0.391163,1.000000,1.200000,1
204,10.784461,19.539525,24.420781,25.079636,4.891544,0.434821,4.891544,0.521786,1.000000,1.200000,1
205,10.833344,21.182289,26.129629,25.084758,4.905137,0.452614,4.905137,0.543137,1.000000,1.200000,1
206,10.882852,20.288918,26.303675,25.090675,4.712571,0.696485,4.712571,0.835781,1.000000,1.200000,1
207,10.930857,19.845791,23.930726,25.085071,4.776004,0.582399,4.776004,0.698879,1.000000,1.200000,1
208,10.981666,19.885445,24.435722,25.081949,4.773739,0.566700,4.773739,0.680039,1.000000,1.200000,1
209,11.033443,20.041326,26.315562,25.087852,4.780535,0.585539,4.780535,0.702647,1.000000,1.200000,1
210,11.083233,20.108342,26.388516,25.094045,4.778270,0.576119,4.778270,0.691343,1.000000,1.200000,1
211,11.134181,19.696606,26.573189,25.101056,4.764677,0.569839,4.764677,0.683807,1.000000,1.200000,1
212,11.181396,20.120462,24.087718,25.096276,4.782801,0.572979,4.782801,0.687575,1.000000,1.200000,1
213,11.231475,20.185851,24.623640,25.094057,4.773739,0.571933,4.773739,0.686320,1.000000,1.200000,1
214,11.286076,19.999339,29.233509,25.113400,4.780535,0.567746,4.780535,0.681296,1.000000,1.200000,1
215,11.333376,19.588198,25.451001,25.114970,4.776004,0.562513,4.776004,0.675015,1.000000,1.200000,1
216,11.381615,20.545280,25.028550,25.114570,4.762411,0.597053,4.762411,0.716463,1.000000,1.200000,1
217,11.431403,19.758508,24.191050,25.110314,4.757880,0.600193,4.757880,0.720231,1.000000,1.200000,1
218,11.483427,20.169053,26.626716,25.117270,4.923261,0.398188,4.923261,0.477826,1.000000,1.200000,1
219,11.536413,19.194711,27.374222,25.127576,4.936854,0.347949,4.936854,0.417539,1.000000,1.200000,1
220,11.586680,20.110595,28.090431,25.141043,4.939119,0.347949,4.939119,0.417539,1.000000,1.200000,1
221,11.631981,20.417136,24.382937,25.137613,4.923261,0.335389,4.923261,0.402467,1.000000,1.200000,1
222,11.683530,19.965889,25.883223,25.140972,4.941385,0.318643,4.941385,0.382371,1.000000,1.200000,1
223,11.731548,20.240013,24.484871,25.138030,4.943650,0.317596,4.943650,0.381115,1.000000,1.200000,1
224,11.781984,20.045651,25.047169,25.137624,4.975367,0.151178,4.975367,0.181414,1.000000,1.200000,1
225,11.835420,19.316714,26.713517,25.144628,4.998022,0.136525,4.998022,0.163830,1.000000,1.200000,1
226,11.880713,20.982062,24.330317,25.141025,5.018412,-0.065479,5.018412,-0.078575,1.000000,1.200000,1
227,11.932614,19.725463,25.546305,25.142810,5.032004,-0.082226,5.032004,-0.098671,1.000000,1.200000,1
228,11.988268,17.813544,25.029958,25.142315,5.002553,-0.265390,5.002553,-0.318468,1.000000,1.200000,1
229,12.032143,22.481360,24.462572,25.139347,4.995757,-0.341795,4.995757,-0.410155,1.000000,1.200000,1
230,12.084436,19.124329,24.465035,25.136415,5.000288,-0.345982,5.000288,-0.415178,1.000000,1.200000,1
231,12.134997,19.748758,24.371454,25.133104,4.964040,-0.177471,4.964040,-0.212965,1.000000,1.200000,1
232,12.182806,21.150199,24.908526,25.132136,4.841703,0.062213,4.841703,0.074655,1.000000,1.200000,1
233,12.232222,19.964736,24.233502,25.128279,4.923261,-0.607645,4.923261,-0.729174,1.000000,1.200000,1
234,12.284297,19.591074,25.252950,25.128812,4.945916,-0.648465,4.945916,-0.778158,1.000000,1.200000,1
235,12.332739,20.331351,24.511369,25.126184,4.998022,-0.680911,4.998022,-0.817093,1.000000,1.200000,1
236,12.432654,10.019626,24.621850,25.124047,4.959509,-0.699751,4.959509,-0.839701,1.000000,1.200000,1
237,12.483434,20.075862,25.588628,25.126007,4.959509,-0.728010,4.959509,-0.873612,1.000000,1.200000,1
238,12.533112,19.683101,24.474364,25.123269,4.918730,-0.761503,4.918730,-0.913804,1.000000,1.200000,1
239,12.583870,20.346722,26.095829,25.127339,4.932323,-0.805463,4.932323,-0.966555,1.000000,1.200000,1
240,12.634919,19.148133,24.916120,25.126459,5.036536,-1.006420,5.036536,-1.207704,1.000000,1.200000,1
241,12.685032,20.593510,26.412546,25.131795,5.068253,-0.975020,5.068253,-1.170024,1.000000,1.200000,1
242,12.735094,19.428525,25.063363,25.131512,5.059190,-0.997000,5.059190,-1.196400,1.000000,1.200000,1
243,12.783068,20.581079,24.444142,25.128684,5.088642,-0.958274,5.088642,-1.149929,1.000000,1.200000,1
244,12.836338,20.190179,28.166178,25.141132,4.995757,-0.975020,4.995757,-1.170024,1.000000,1.200000,1
245,12.883612,19.548063,24.297587,25.137689,4.923261,-0.672538,4.923261,-0.807045,1.000000,1.200000,1
246,12.931218,20.952476,24.194942,25.133857,4.991226,-0.893382,4.991226,-1.072058,1.000000,1.200000,1
247,12.984271,18.984504,24.573323,25.131588,4.945916,-0.722777,4.945916,-0.867333,1.000000,1.200000,1
248,13.032645,20.461355,24.043244,25.127199,4.954978,-0.601365,4.954978,-0.721638,1.000000,1.200000,1
249,13.082621,20.361378,24.608055,25.125114,4.943650,-0.490420,4.943650,-0.588504,1.000000,1.200000,1
250,13.135587,19.423886,26.388327,25.130167,4.936854,-0.467394,4.936854,-0.560873,1.000000,1.200000,1
251,13.184977,20.642977,27.272200,25.138701,4.973102,-0.487280,4.973102,-0.584736,1.000000,1.200000,1
252,13.235367,19.858705,27.384587,25.147613,4.995757,-0.553219,4.995757,-0.663863,1.000000,1.200000,1
253,13.283782,19.930968,25.602729,25.149412,4.959509,-0.278996,4.959509,-0.334795,1.000000,1.200000,1
254,13.333648,19.755183,24.847275,25.148223,4.998022,-0.348075,4.998022,-0.417690,1.000000,1.200000,1
255,13.382534,20.318253,24.547500,25.145867,5.004818,-0.347029,5.004818,-0.416434,1.000000,1.200000,1
256,13.432669,20.045602,24.791959,25.144484,4.988960,-0.320863,4.988960,-0.385035,1.000000,1.200000,1
257,13.482979,20.133799,25.416588,25.145543,5.011615,0.196184,5.011615,0.235421,1.000000,1.200000,1
258,13.535050,18.828610,24.411952,25.142700,4.991226,0.082099,4.991226,0.098519,1.000000,1.200000,1
259,13.583721,20.634165,24.601135,25.140609,5.011615,0.069539,5.011615,0.083447,1.000000,1.200000,1
260,13.632566,20.338646,24.284204,25.137315,5.013881,0.073726,5.013881,0.088471,1.000000,1.200000,1
261,13.682821,19.989184,24.501666,25.134880,4.934588,0.317596,4.934588,0.381115,1.000000,1.200000,1
262,13.784035,9.913583,24.844513,25.133771,4.934588,0.352136,4.934588,0.422563,1.000000,1.200000,1
263,13.832308,20.382791,24.042173,25.129621,4.918730,0.412842,4.918730,0.495410,1.000000,1.200000,1
264,13.885252,19.514100,25.730988,25.131899,4.889278,0.509134,4.889278,0.610961,1.000000,1.200000,1
265,13.984590,10.024772,24.676830,25.130181,4.771473,0.593912,4.771473,0.712695,1.000000,1.200000,1
266,14.087455,9.622691,24.293563,25.127036,4.782801,0.568793,4.782801,0.682551,1.000000,1.200000,1
267,14.136356,20.451750,24.300537,25.123941,4.782801,0.569839,4.782801,0.683807,1.000000,1.200000,1
268,14.188582,19.830595,26.097663,25.127574,4.769208,0.576119,4.769208,0.691343,1.000000,1.200000,1
269,14.235356,20.545415,24.175938,25.124036,4.776004,0.570886,4.776004,0.685063,1.000000,1.200000,1
270,14.284716,20.388582,24.533842,25.121850,4.782801,0.571933,4.782801,0.686320,1.000000,1.200000,1
271,14.334728,19.955029,24.427057,25.119287,4.764677,0.590772,4.764677,0.708927,1.000000,1.200000,1
272,14.386811,19.252752,24.549424,25.117192,4.769208,0.579259,4.769208,0.695111,1.000000,1.200000,1
273,14.437962,19.962639,25.615053,25.119015,4.760146,0.587633,4.760146,0.705159,1.000000,1.200000,1
274,14.486359,20.122638,24.313883,25.116077,4.782801,0.494480,4.782801,0.593376,1.000000,1.200000,1
275,14.536164,19.980622,24.081038,25.112313,4.918730,0.370975,4.918730,0.445171,1.000000,1.200000,1
276,14.637766,9.861767,24.271593,25.109267,4.939119,0.345856,4.939119,0.415027,1.000000,1.200000,1
277,14.686545,20.323538,23.797251,25.104530,4.930058,0.346903,4.930058,0.416283,1.000000,1.200000,1
278,14.737181,20.522075,25.714370,25.106724,4.923261,0.329109,4.923261,0.394931,1.000000,1.200000,1
279,14.786612,20.031577,25.227774,25.107158,4.914199,0.437961,4.914199,0.525554,1.000000,1.200000,1
280,14.837098,19.610511,24.734630,25.105827,4.982164,0.150132,4.982164,0.180158,1.000000,1.200000,1
281,14.890668,19.593045,27.273372,25.113541,4.993491,0.116639,4.993491,0.139966,1.000000,1.200000,1
282,14.934160,21.431534,24.129886,25.110053,5.020677,-0.080132,5.020677,-0.096159,1.000000,1.200000,1
283,14.985742,19.322628,23.926139,25.105870,5.038801,-0.157584,5.038801,-0.189101,1.000000,1.200000,1
284,15.036579,19.805234,24.293311,25.103008,4.995757,-0.302023,4.995757,-0.362427,1.000000,1.200000,1
285,15.084575,20.916418,24.474931,25.100805,4.998022,-0.360635,4.998022,-0.432762,1.000000,1.200000,1
286,15.134988,19.757968,24.290160,25.097970,4.964040,-0.219337,4.964040,-0.263204,1.000000,1.200000,1
287,15.184432,20.126718,24.040667,25.094286,4.841703,0.099892,4.841703,0.119871,1.000000,1.200000,1
288,15.236550,19.212479,24.090013,25.090799,4.932323,-0.634858,4.932323,-0.761830,1.000000,1.200000,1
289,15.286907,20.644558,25.800746,25.093256,4.964040,-0.712311,4.964040,-0.854773,1.000000,1.200000,1
290,15.339962,18.449676,24.851217,25.092421,5.018412,-0.664165,5.018412,-0.796997,1.000000,1.200000,1
291,15.384682,22.217134,24.586127,25.090681,4.977633,-0.717544,4.977633,-0.861053,1.000000,1.200000,1
292,15.434606,19.831612,24.085752,25.087240,4.995757,-0.864075,4.995757,-1.036891,1.000000,1.200000,1
293,15.488021,19.392195,25.936681,25.090139,5.011615,-0.993860,5.011615,-1.192632,1.000000,1.200000,1
294,15.538585,19.405391,24.749312,25.088980,5.088642,-0.953041,5.088642,-1.143649,1.000000,1.200000,1
295,15.587378,20.195378,24.261021,25.086173,5.099969,-0.877682,5.099969,-1.053218,1.000000,1.200000,1
296,15.636807,20.305287,24.438764,25.083986,5.097703,-0.837909,5.097703,-1.005491,1.000000,1.200000,1
297,15.689070,19.257423,24.722390,25.082768,5.081845,-0.752083,5.081845,-0.902500,1.000000,1.200000,1
298,15.741493,20.460372,28.309045,25.093595,5.061456,-0.760457,5.061456,-0.912548,1.000000,1.200000,1
299,15.788781,20.117424,25.883934,25.096238,5.077314,-0.744757,5.077314,-0.893708,1.000000,1.200000,1
300,15.838278,19.848494,24.986882,25.095873,5.070518,-0.771970,5.070518,-0.926364,1.000000,1.200000,1
301,15.888356,20.349113,25.940554,25.098680,5.059190,-0.760457,5.059190,-0.912548,1.000000,1.200000,1
302,15.940060,19.931698,27.449895,25.106465,5.061456,-0.760457,5.061456,-0.912548,1.000000,1.200000,1
303,15.986937,20.027076,24.366440,25.104023,5.081845,-0.753130,5.081845,-0.903756,1.000000,1.200000,1
304,16.038193,19.463099,24.280384,25.101314,5.097703,-0.747897,5.097703,-0.897476,1.000000,1.200000,1
305,16.089695,19.804082,25.294413,25.101947,5.088642,-0.954087,5.088642,-1.144905,1.000000,1.200000,1
306,16.138414,20.531127,25.290039,25.102561,4.914199,-0.733244,4.914199,-0.879892,1.000000,1.200000,1
307,16.189296,19.604819,25.187028,25.102836,4.984429,-0.752083,4.984429,-0.902500,1.000000,1.200000,1
308,16.240792,19.946155,26.529024,25.107467,4.948181,-0.493560,4.948181,-0.592272,1.000000,1.200000,1
309,16.288008,20.192294,24.223800,25.104607,4.925526,-0.467394,4.925526,-0.560873,1.000000,1.200000,1
310,16.340421,19.727811,25.950713,25.107337,4.941385,-0.499840,4.941385,-0.599808,1.000000,1.200000,1
311,16.389582,19.755546,24.489271,25.105349,4.984429,-0.541706,4.984429,-0.650047,1.000000,1.200000,1
312,16.443315,19.147531,26.005308,25.108234,5.000288,-0.345982,5.000288,-0.415178,1.000000,1.200000,1
313,16.489053,21.107275,24.384753,25.105922,5.007084,-0.333422,5.007084,-0.400107,1.000000,1.200000,1
314,16.540372,19.363026,24.050199,25.102560,5.007084,-0.341795,5.007084,-0.410155,1.000000,1.200000,1
315,16.589885,20.503373,24.778918,25.101533,4.984429,-0.038266,4.984429,-0.045919,1.000000,1.200000,1
316,16.639269,20.036776,24.268120,25.098895,4.998022,0.093612,4.998022,0.112335,1.000000,1.200000,1
317,16.691808,19.988189,26.744260,25.104086,5.002553,0.035000,5.002553,0.042000,1.000000,1.200000,1
318,16.738561,20.378816,24.476541,25.102112,5.016146,0.091519,5.016146,0.109823,1.000000,1.200000,1
319,16.790804,19.215636,24.669804,25.100757,4.945916,0.287243,4.945916,0.344692,1.000000,1.200000,1
320,16.838250,20.865137,24.187089,25.097902,4.952712,0.310270,4.952712,0.372324,1.000000,1.200000,1
321,16.888720,19.993806,24.609843,25.096381,4.909668,0.423308,4.909668,0.507969,1.000000,1.200000,1
322,16.941029,19.092921,24.500847,25.094532,4.911933,0.417028,4.911933,0.500434,1.000000,1.200000,1
323,16.990711,20.813513,26.174388,25.097875,4.839438,0.572979,4.839438,0.687575,1.000000,1.200000,1
324,17.040680,20.139100,26.522683,25.102273,4.732960,0.683925,4.732960,0.820710,1.000000,1.200000,1
325,17.089695,20.066946,25.675865,25.104038,4.798659,0.565653,4.798659,0.678783,1.000000,1.200000,1
326,17.141684,19.293877,25.851242,25.106330,4.839438,0.523787,4.839438,0.628544,1.000000,1.200000,1
327,17.188676,20.599182,24.273150,25.103782,4.873420,0.538440,4.873420,0.646128,1.000000,1.200000,1
328,17.239423,19.709362,24.304631,25.101345,4.900606,0.520647,4.900606,0.624776,1.000000,1.200000,1
329,17.290729,19.612144,24.634181,25.099925,4.880217,0.534253,4.880217,0.641104,1.000000,1.200000,1
330,17.340600,19.839543,24.099500,25.096894,4.868889,0.548906,4.868889,0.658688,1.000000,1.200000,1
331,17.390283,20.788847,25.685907,25.098673,4.837173,0.553093,4.837173,0.663712,1.000000,1.200000,1
332,17.439178,19.867045,24.235979,25.096075,4.805456,0.556233,4.805456,0.667480,1.000000,1.200000,1
333,17.489977,20.235294,25.610543,25.097620,4.773739,0.583446,4.773739,0.700135,1.000000,1.200000,1
334,17.538763,20.003571,24.429751,25.095620,4.776004,0.570886,4.776004,0.685063,1.000000,1.200000,1
335,17.588926,19.900037,24.344594,25.093378,4.766942,0.585539,4.766942,0.702647,1.000000,1.200000,1
336,17.638265,20.164158,24.063316,25.090313,4.771473,0.601239,4.771473,0.721487,1.000000,1.200000,1
337,17.690955,19.768985,26.150207,25.093458,4.757880,0.556233,4.757880,0.667480,1.000000,1.200000,1
338,17.741517,19.140661,24.460331,25.091584,4.846234,0.447381,4.846234,0.536858,1.000000,1.200000,1
339,17.790583,20.341266,24.403443,25.089555,4.934588,0.322829,4.934588,0.387395,1.000000,1.200000,1
340,17.845134,18.249595,24.163585,25.086831,4.948181,0.346903,4.948181,0.416283,1.000000,1.200000,1
341,17.894377,20.355499,24.279563,25.084464,4.927792,0.340622,4.927792,0.408747,1.000000,1.200000,1
342,17.940897,22.013290,25.369742,25.085298,4.932323,0.324923,4.932323,0.389907,1.000000,1.200000,1
343,17.990708,19.502835,23.889063,25.081810,4.905137,0.455755,4.905137,0.546905,1.000000,1.200000,1
344,18.039151,20.819859,24.300431,25.079539,4.991226,0.126059,4.991226,0.151270,1.000000,1.200000,1
345,18.089293,20.057733,24.554908,25.078018,4.986695,0.106172,4.986695,0.127407,1.000000,1.200000,1
346,18.141290,19.386012,24.999033,25.077790,5.020677,-0.082226,5.020677,-0.098671,1.000000,1.200000,1
347,18.188660,20.741030,24.167688,25.075167,5.011615,-0.237130,5.011615,-0.284556,1.000000,1.200000,1
348,18.239226,20.102537,24.986975,25.074914,4.991226,-0.334469,4.991226,-0.401363,1.000000,1.200000,1
349,18.289064,19.775379,24.244765,25.072535,5.002553,-0.351215,5.002553,-0.421458,1.000000,1.200000,1
350,18.338759,20.162274,24.363682,25.070510,4.964040,-0.179564,4.964040,-0.215477,1.000000,1.200000,1
351,18.389450,19.746165,24.404148,25.068611,4.943650,-0.399361,4.943650,-0.479234,1.000000,1.200000,1
352,18.440918,20.047489,25.992620,25.071236,4.930058,-0.629625,4.930058,-0.755550,1.000000,1.200000,1
353,18.489191,19.950395,24.139693,25.068597,4.988960,-0.695564,4.988960,-0.834677,1.000000,1.200000,1
354,18.540602,20.237792,26.117839,25.071561,5.018412,-0.674631,5.018412,-0.809557,1.000000,1.200000,1
355,18.593314,19.636163,27.877046,25.079464,5.007084,-0.714404,5.007084,-0.857285,1.000000,1.200000,1
356,18.639114,20.261786,24.407868,25.077578,4.943650,-0.734290,4.943650,-0.881148,1.000000,1.200000,1
357,18.688524,20.169188,24.191425,25.075095,5.016146,-1.011653,5.016146,-1.213984,1.000000,1.200000,1
358,18.739114,19.747658,24.135258,25.072470,5.088642,-0.962461,5.088642,-1.154953,1.000000,1.200000,1
359,18.790994,20.026876,26.070209,25.075249,5.095438,-0.966647,5.095438,-1.159977,1.000000,1.200000,1
360,18.840991,20.054597,26.215751,25.078417,5.109031,-0.864075,5.109031,-1.036891,1.000000,1.200000,1
361,18.890495,19.963537,25.647825,25.079995,5.097703,-0.831629,5.097703,-0.997955,1.000000,1.200000,1
362,18.943773,19.198131,26.841547,25.084861,5.059190,-0.857795,5.059190,-1.029355,1.000000,1.200000,1
363,18.989347,20.807496,24.339297,25.082807,5.065987,-0.814883,5.065987,-0.977859,1.000000,1.200000,1
364,19.038403,20.271915,24.078004,25.080047,5.054659,-0.779296,5.054659,-0.935156,1.000000,1.200000,1
365,19.088102,20.084250,23.977475,25.077026,5.063721,-0.805463,5.063721,-0.966555,1.000000,1.200000,1
366,19.143905,18.368968,25.306212,25.077652,5.090907,-0.838956,5.090907,-1.006747,1.000000,1.200000,1
367,19.188338,22.002935,24.330252,25.075616,5.104500,-0.903848,5.104500,-1.084618,1.000000,1.200000,1
368,19.237953,20.022858,24.005567,25.072708,5.079580,-0.985487,5.079580,-1.182584,1.000000,1.200000,1
369,19.288658,19.819818,24.240068,25.070451,4.927792,-0.756270,4.927792,-0.907524,1.000000,1.200000,1
370,19.338726,20.087631,24.536321,25.069008,4.950447,-0.712311,4.950447,-0.854773,1.000000,1.200000,1
371,19.389572,19.627582,24.449879,25.067339,4.948181,-0.545893,4.948181,-0.655071,1.000000,1.200000,1
372,19.438446,20.465764,24.463021,25.065714,4.923261,-0.448554,4.923261,-0.538265,1.000000,1.200000,1
373,19.488278,19.915242,24.078474,25.063068,4.930058,-0.475767,4.930058,-0.570920,1.000000,1.200000,1
374,19.538891,19.809104,24.210577,25.060788,4.998022,-0.564733,4.998022,-0.677679,1.000000,1.200000,1
375,19.588670,20.118761,24.272064,25.058685,4.909668,-0.273763,4.909668,-0.328516,1.000000,1.200000,1
376,19.638734,20.065149,24.508839,25.057223,5.004818,-0.331329,5.004818,-0.397595,1.000000,1.200000,1
377,19.688650,20.192692,24.873388,25.056735,5.000288,-0.337609,5.000288,-0.405131,1.000000,1.200000,1
378,19.740917,19.497259,25.869773,25.058886,4.982164,-0.293649,4.982164,-0.352379,1.000000,1.200000,1
379,19.787662,20.620195,24.134801,25.056448,5.018412,0.094659,5.018412,0.113591,1.000000,1.200000,1
380,19.838366,19.740288,24.172548,25.054122,4.998022,0.097799,4.998022,0.117359,1.000000,1.200000,1
381,19.888821,19.903073,24.336150,25.052237,5.013881,0.069539,5.013881,0.083447,1.000000,1.200000,1
382,19.939962,20.065818,25.666167,25.053844,4.945916,0.290383,4.945916,0.348460,1.000000,1.200000,1
383,19.990896,19.559195,25.476423,25.054948,4.927792,0.296663,4.927792,0.355996,1.000000,1.200000,1
384,20.039102,20.135907,24.016878,25.052244,4.932323,0.350042,4.932323,0.420051,1.000000,1.200000,1
385,20.088957,20.090055,24.112685,25.049804,4.916464,0.408655,4.916464,0.490386,1.000000,1.200000,1
386,20.139000,20.090632,24.380465,25.048070,4.916464,0.403422,4.916464,0.484106,1.000000,1.200000,1
387,20.189390,19.862046,24.415262,25.046435,4.753349,0.658805,4.753349,0.790566,1.000000,1.200000,1
388,20.241731,19.933546,26.596083,25.050429,4.776004,0.594959,4.776004,0.713951,1.000000,1.200000,1
389,20.292854,19.351979,26.054041,25.053009,4.771473,0.580306,4.771473,0.696367,1.000000,1.200000,1
390,20.338843,20.807665,23.968295,25.050227,4.778270,0.583446,4.778270,0.700135,1.000000,1.200000,1
391,20.389874,20.153410,25.359039,25.051017,4.809987,0.566700,4.809987,0.680039,1.000000,1.200000,1
392,20.439942,20.051697,25.570910,25.052343,4.782801,0.567746,4.782801,0.681296,1.000000,1.200000,1
393,20.488924,20.047552,24.683362,25.051405,4.780535,0.563560,4.780535,0.676272,1.000000,1.200000,1
394,20.539330,19.692680,24.316375,25.049539,4.778270,0.571933,4.778270,0.686320,1.000000,1.200000,1
395,20.588294,20.286065,23.986825,25.046849,4.787332,0.575073,4.787332,0.690087,1.000000,1.200000,1
396,20.638458,20.163111,24.560397,25.045620,4.773739,0.571933,4.773739,0.686320,1.000000,1.200000,1
397,20.690239,19.717128,25.609485,25.047040,4.780535,0.581352,4.780535,0.697623,1.000000,1.200000,1
398,20.739671,20.229112,25.628438,25.048501,4.776004,0.570886,4.776004,0.685063,1.000000,1.200000,1
399,20.789028,19.725597,24.271907,25.046555,4.748818,0.586586,4.748818,0.703903,1.000000,1.200000,1
400,20.837898,20.319243,23.924055,25.043749,4.782801,0.488201,4.782801,0.585841,1.000000,1.200000,1
401,20.891361,19.424715,25.892865,25.045866,4.920995,0.355276,4.920995,0.426331,1.000000,1.200000,1
402,20.939700,19.875229,23.928369,25.043086,4.936854,0.351089,4.936854,0.421307,1.000000,1.200000,1
403,20.989387,20.424253,24.645359,25.042099,4.934588,0.359462,4.934588,0.431355,1.000000,1.200000,1
404,21.040504,19.523831,24.565216,25.040919,4.923261,0.333296,4.923261,0.399955,1.000000,1.200000,1
405,21.088980,20.414877,24.047819,25.038467,4.936854,0.309223,4.936854,0.371068,1.000000,1.200000,1
406,21.139384,20.031615,24.532837,25.037221,4.988960,0.153271,4.988960,0.183926,1.000000,1.200000,1
407,21.188984,20.156706,24.513343,25.035934,4.984429,0.132339,4.984429,0.158806,1.000000,1.200000,1
408,21.239340,19.862058,24.539087,25.034717,5.022943,-0.076992,5.022943,-0.092391,1.000000,1.200000,1
409,21.288395,20.267866,24.258304,25.032818,5.020677,-0.086412,5.020677,-0.103694,1.000000,1.200000,1
410,21.340011,19.271466,23.976693,25.030242,4.988960,-0.276903,4.988960,-0.332283,1.000000,1.200000,1
411,21.388413,20.792092,24.282992,25.028424,4.995757,-0.334469,4.995757,-0.401363,1.000000,1.200000,1
412,21.439076,19.715598,24.220540,25.026463,4.998022,-0.356448,4.998022,-0.427738,1.000000,1.200000,1
413,21.490725,19.307372,24.041813,25.024079,4.961774,-0.209917,4.961774,-0.251900,1.000000,1.200000,1
414,21.538983,20.977705,24.678716,25.023245,4.873420,-0.030940,4.873420,-0.037127,1.000000,1.200000,1
415,21.588927,19.597887,23.579858,25.019767,4.934588,-0.601365,4.934588,-0.721638,1.000000,1.200000,1
416,21.641463,20.374837,27.039907,25.024623,4.973102,-0.748944,4.973102,-0.898732,1.000000,1.200000,1
417,21.688848,19.951726,24.309399,25.022908,4.982164,-0.671491,4.982164,-0.805789,1.000000,1.200000,1
418,21.739492,19.863798,24.590283,25.021873,5.004818,-0.700797,5.004818,-0.840957,1.000000,1.200000,1
419,21.790542,20.183290,26.098237,25.024442,4.975367,-0.710217,4.975367,-0.852261,1.000000,1.200000,1
420,21.840036,19.913217,25.385140,25.025301,4.979898,-0.783483,4.979898,-0.940180,1.000000,1.200000,1
421,21.892192,20.143977,27.426256,25.031004,4.934588,-0.758363,4.934588,-0.910036,1.000000,1.200000,1
422,21.938765,19.927607,24.295618,25.029261,4.995757,-0.939434,4.995757,-1.127321,1.000000,1.200000,1
423,21.992356,18.570436,24.003679,25.026836,5.068253,-0.960367,5.068253,-1.152441,1.000000,1.200000,1
424,22.040151,21.024530,24.268745,25.025048,5.099969,-0.965601,5.099969,-1.158721,1.000000,1.200000,1
425,22.092353,20.283228,27.107065,25.029947,5.088642,-0.945714,5.088642,-1.134857,1.000000,1.200000,1
426,22.140134,19.718116,24.238971,25.028091,5.070518,-0.985487,5.070518,-1.182584,1.000000,1.200000,1
427,22.189511,20.609336,25.078911,25.028210,5.050128,-1.004327,5.050128,-1.205192,1.000000,1.200000,1
428,22.239561,19.722765,24.425083,25.026800,4.954978,-0.873495,4.954978,-1.048194,1.000000,1.200000,1
429,22.291596,20.116114,26.728487,25.030767,4.914199,-0.757317,4.914199,-0.908780,1.000000,1.200000,1
430,22.340491,20.263003,26.305570,25.033732,4.986695,-0.725917,4.986695,-0.871101,1.000000,1.200000,1
431,22.391616,19.606096,26.411491,25.036928,4.952712,-0.639045,4.952712,-0.766854,1.000000,1.200000,1
432,22.439881,20.271751,25.333156,25.037614,4.932323,-0.485187,4.932323,-0.582224,1.000000,1.200000,1
433,22.488437,20.239850,24.491998,25.036354,4.950447,-0.441227,4.950447,-0.529473,1.000000,1.200000,1
434,22.540294,19.686263,25.541848,25.037519,4.936854,-0.508213,4.936854,-0.609856,1.000000,1.200000,1
435,22.588920,20.271851,24.843216,25.037072,4.991226,-0.559499,4.991226,-0.671399,1.000000,1.200000,1
436,22.642770,19.623431,27.760759,25.043319,4.923261,-0.260157,4.923261,-0.312188,1.000000,1.200000,1
437,22.692586,20.398319,28.544531,25.051331,4.991226,-0.313536,4.991226,-0.376243,1.000000,1.200000,1
438,22.739115,19.662387,24.209364,25.049409,5.009350,-0.329236,5.009350,-0.395083,1.000000,1.200000,1
439,22.790481,20.138705,25.887353,25.051317,4.995757,-0.316676,4.995757,-0.380011,1.000000,1.200000,1
440,22.840953,20.061386,26.520043,25.054655,5.004818,0.166878,5.004818,0.200254,1.000000,1.200000,1
441,22.890946,19.489662,25.214389,25.055018,5.004818,0.084193,5.004818,0.101031,1.000000,1.200000,1
442,22.938848,20.483497,24.303362,25.053317,5.016146,0.043373,5.016146,0.052047,1.000000,1.200000,1
443,22.989260,20.200069,25.212772,25.053677,5.000288,0.087332,5.000288,0.104799,1.000000,1.200000,1
444,23.039630,19.677634,24.724208,25.052935,4.934588,0.302943,4.934588,0.363531,1.000000,1.200000,1
445,23.091749,19.797643,26.319149,25.055780,4.934588,0.310270,4.934588,0.372324,1.000000,1.200000,1
446,23.141289,19.981199,25.845814,25.057552,4.934588,0.327016,4.934588,0.392419,1.000000,1.200000,1
447,23.191677,19.691418,25.467517,25.058469,4.918730,0.412842,4.918730,0.495410,1.000000,1.200000,1
448,23.241189,20.417116,26.013600,25.060601,4.911933,0.409702,4.911933,0.491642,1.000000,1.200000,1
449,23.289202,20.160455,24.425563,25.059187,4.742022,0.690204,4.742022,0.828245,1.000000,1.200000,1
450,23.338867,19.962232,23.990084,25.056811,4.785066,0.563560,4.785066,0.676272,1.000000,1.200000,1
451,23.438832,10.001514,23.963615,25.054387,4.782801,0.567746,4.782801,0.681296,1.000000,1.200000,1
452,23.490464,20.340551,26.450598,25.057476,4.769208,0.577166,4.769208,0.692599,1.000000,1.200000,1
453,23.538625,19.842334,24.195109,25.055572,4.776004,0.570886,4.776004,0.685063,1.000000,1.200000,1
454,23.589966,19.590832,24.504329,25.054358,4.776004,0.568793,4.776004,0.682551,1.000000,1.200000,1
455,23.638859,20.428175,24.455058,25.053041,4.780535,0.587633,4.780535,0.705159,1.000000,1.200000,1
456,23.690167,19.505437,24.490066,25.051806,4.776004,0.566700,4.776004,0.680039,1.000000,1.200000,1
457,23.739777,20.541108,25.403194,25.052575,4.751084,0.606472,4.751084,0.727767,1.000000,1.200000,1
458,23.788592,19.911126,24.006993,25.050292,4.742022,0.604379,4.742022,0.725255,1.000000,1.200000,1
459,23.838838,20.006252,24.268710,25.048589,4.785066,0.496574,4.785066,0.595889,1.000000,1.200000,1
460,23.894603,18.009749,24.491757,25.047379,4.932323,0.362602,4.932323,0.435123,1.000000,1.200000,1
461,23.940479,22.378745,25.701317,25.048797,4.930058,0.339576,4.930058,0.407491,1.000000,1.200000,1
462,23.990610,19.443122,24.381280,25.047353,4.927792,0.352136,4.927792,0.422563,1.000000,1.200000,1
463,24.038801,20.772433,24.436924,25.046034,4.927792,0.346903,4.927792,0.416283,1.000000,1.200000,1
464,24.088435,19.990608,24.051695,25.043891,4.934588,0.316550,4.934588,0.379859,1.000000,1.200000,1
465,24.139597,20.173943,25.631615,25.045155,4.923261,0.397142,4.923261,0.476570,1.000000,1.200000,1
466,24.189388,19.714174,24.719471,25.044456,4.986695,0.130245,4.986695,0.156294,1.000000,1.200000,1
467,24.239810,19.765797,24.557822,25.043414,4.984429,0.109312,4.984429,0.131175,1.000000,1.200000,1
468,24.291421,20.525241,27.437512,25.048530,5.018412,-0.078039,5.018412,-0.093647,1.000000,1.200000,1
469,24.340169,19.600749,25.173974,25.048797,5.075048,-0.101065,5.075048,-0.121278,1.000000,1.200000,1
470,24.389391,20.027882,24.456184,25.047536,4.993491,-0.309349,4.993491,-0.371219,1.000000,1.200000,1
471,24.439225,19.959023,24.181126,25.045697,5.004818,-0.342842,5.004818,-0.411411,1.000000,1.200000,1
472,24.489798,19.833102,24.332896,25.044187,4.968571,-0.176424,4.968571,-0.211709,1.000000,1.200000,1
473,24.538492,20.466797,24.177090,25.042353,4.920995,-0.008960,4.920995,-0.010752,1.000000,1.200000,1
474,24.589317,19.909509,24.764069,25.041766,4.923261,-0.632765,4.923261,-0.759318,1.000000,1.200000,1
475,24.640041,20.012805,25.522482,25.042778,4.936854,-0.667305,4.936854,-0.800765,1.000000,1.200000,1
476,24.689894,19.598057,24.334429,25.041290,5.011615,-0.671491,5.011615,-0.805789,1.000000,1.200000,1
477,24.742537,19.040634,24.471472,25.040096,5.007084,-0.723824,5.007084,-0.868589,1.000000,1.200000,1
478,24.794777,19.147998,24.495235,25.038956,4.950447,-0.709171,4.950447,-0.851005,1.000000,1.200000,1
479,24.842622,20.721262,24.080437,25.036955,4.916464,-0.744757,4.916464,-0.893708,1.000000,1.200000,1
480,24.892696,19.933317,23.980538,25.034754,5.022943,-1.001187,5.022943,-1.201424,1.000000,1.200000,1
481,24.939980,21.785536,25.352206,25.035414,5.079580,-0.965601,5.079580,-1.158721,1.000000,1.200000,1
482,24.990265,19.661383,24.782067,25.034888,5.086376,-0.964554,5.086376,-1.157465,1.000000,1.200000,1
483,25.045669,19.426163,28.667623,25.042409,5.120358,-0.875588,5.120358,-1.050706,1.000000,1.200000,1
484,25.090773,20.698763,25.512050,25.043380,5.095438,-0.833722,5.095438,-1.000467,1.000000,1.200000,1
485,25.139508,20.076737,24.432380,25.042120,5.086376,-0.829536,5.086376,-0.995443,1.000000,1.200000,1
486,25.188827,20.256634,24.365613,25.040728,5.115828,-0.846282,5.115828,-1.015539,1.000000,1.200000,1
487,25.238920,19.930871,24.306240,25.039220,5.099969,-0.891288,5.099969,-1.069546,1.000000,1.200000,1
488,25.289689,19.774071,24.509432,25.038134,5.099969,-0.964554,5.099969,-1.157465,1.000000,1.200000,1
489,25.339253,20.103790,24.326140,25.036678,5.020677,-0.983394,5.020677,-1.180072,1.000000,1.200000,1
490,25.388912,20.043461,24.090399,25.034747,4.923261,-0.823256,4.923261,-0.987907,1.000000,1.200000,1
491,25.441502,19.725714,25.972690,25.036657,4.966305,-0.714404,4.966305,-0.857285,1.000000,1.200000,1
492,25.491565,19.548282,24.872881,25.036324,4.952712,-0.520773,4.952712,-0.624928,1.000000,1.200000,1
493,25.539198,20.798483,24.455980,25.035147,4.941385,-0.507167,4.941385,-0.608600,1.000000,1.200000,1
494,25.589847,19.785160,24.158218,25.033372,4.932323,-0.487280,4.932323,-0.584736,1.000000,1.200000,1
495,25.638875,20.234335,24.159416,25.031606,4.979898,-0.537519,4.979898,-0.645023,1.000000,1.200000,1
496,25.688374,20.205792,24.178777,25.029887,4.907403,-0.272716,4.907403,-0.327260,1.000000,1.200000,1
497,25.738491,19.939142,24.139303,25.028095,4.998022,-0.351215,4.998022,-0.421458,1.000000,1.200000,1
498,25.789300,19.844298,24.560394,25.027156,5.009350,-0.347029,5.009350,-0.416434,1.000000,1.200000,1
499,25.839058,20.040898,24.415736,25.025931,5.009350,-0.312489,5.009350,-0.374987,1.000000,1.200000,1
500,25.892068,20.277851,28.113163,25.032105,5.002553,0.185718,5.002553,0.222862,1.000000,1.200000,1
501,25.941137,19.701602,26.414977,25.034865,5.004818,0.089426,5.004818,0.107311,1.000000,1.200000,1
502,25.991492,19.809687,26.297701,25.037381,5.018412,0.023486,5.018412,0.028184,1.000000,1.200000,1
503,26.040707,20.179459,25.952516,25.039200,5.020677,0.093612,5.020677,0.112335,1.000000,1.200000,1
504,26.092682,19.521794,26.686789,25.042469,4.957243,0.291430,4.957243,0.349716,1.000000,1.200000,1
505,26.139888,20.403311,24.893337,25.042174,4.930058,0.308176,4.930058,0.369812,1.000000,1.200000,1
506,26.188463,20.247235,24.077339,25.040267,4.930058,0.340622,4.930058,0.408747,1.000000,1.200000,1
507,26.239172,19.812519,24.318752,25.038844,4.896075,0.446335,4.896075,0.535602,1.000000,1.200000,1
508,26.287964,20.517097,24.375967,25.037539,4.914199,0.400282,4.914199,0.480338,1.000000,1.200000,1
509,26.338932,19.737538,24.676843,25.036831,4.800925,0.610659,4.800925,0.732791,1.000000,1.200000,1
510,26.388877,19.778740,24.061066,25.034917,4.746553,0.614846,4.746553,0.737815,1.000000,1.200000,1
511,26.440616,20.098844,26.024224,25.036853,4.776004,0.576119,4.776004,0.691343,1.000000,1.200000,1
512,26.488550,20.006856,23.990045,25.034809,4.789597,0.571933,4.789597,0.686320,1.000000,1.200000,1
513,26.537988,20.111307,23.724563,25.032255,4.776004,0.568793,4.776004,0.682551,1.000000,1.200000,1
514,26.591474,19.883412,26.905899,25.035900,4.787332,0.574026,4.787332,0.688831,1.000000,1.200000,1
515,26.639032,19.886802,24.185667,25.034249,4.785066,0.575073,4.785066,0.690087,1.000000,1.200000,1
516,26.688391,20.222307,24.076566,25.032393,4.771473,0.569839,4.771473,0.683807,1.000000,1.200000,1
517,26.739658,19.990124,25.317664,25.032945,4.782801,0.568793,4.782801,0.682551,1.000000,1.200000,1
518,26.789970,20.000388,25.625618,25.034089,4.769208,0.600193,4.769208,0.720231,1.000000,1.200000,1
519,26.840128,20.037378,25.884408,25.035727,4.762411,0.589726,4.762411,0.707671,1.000000,1.200000,1
520,26.889552,19.711759,24.595866,25.034881,4.730694,0.635778,4.730694,0.762934,1.000000,1.200000,1
521,26.938834,20.169423,24.265307,25.033404,4.932323,0.397142,4.932323,0.476570,1.000000,1.200000,1
522,26.988903,20.084788,24.564087,25.032505,4.943650,0.340622,4.943650,0.408747,1.000000,1.200000,1
523,27.038132,19.998955,23.790148,25.030130,4.925526,0.339576,4.925526,0.407491,1.000000,1.200000,1
524,27.091300,19.987970,26.931858,25.033759,4.925526,0.320736,4.925526,0.384883,1.000000,1.200000,1
525,27.138705,20.066483,24.505678,25.032753,4.936854,0.333296,4.936854,0.399955,1.000000,1.200000,1
526,27.192479,19.380146,26.677496,25.035880,4.932323,0.318643,4.932323,0.382371,1.000000,1.200000,1
527,27.239400,20.329726,24.417603,25.034707,4.979898,0.141758,4.979898,0.170110,1.000000,1.200000,1
528,27.289307,19.941958,24.160621,25.033051,4.988960,0.133385,4.988960,0.160062,1.000000,1.200000,1
529,27.341154,19.979060,25.953893,25.034792,5.020677,-0.067572,5.020677,-0.081087,1.000000,1.200000,1
530,27.388498,20.398306,24.292981,25.033392,5.022943,-0.076992,5.022943,-0.092391,1.000000,1.200000,1
531,27.442888,19.512587,27.416745,25.037881,5.007084,-0.253877,5.007084,-0.304652,1.000000,1.200000,1
532,27.489432,20.181920,24.425606,25.036730,5.007084,-0.338655,5.007084,-0.406387,1.000000,1.200000,1
533,27.540775,20.087462,25.991390,25.038521,5.007084,-0.356448,5.007084,-0.427738,1.000000,1.200000,1
534,27.590006,19.762846,24.596254,25.037693,4.970836,-0.225617,4.970836,-0.270740,1.000000,1.200000,1
535,27.640510,20.245310,25.690354,25.038913,4.882482,0.071633,4.882482,0.085959,1.000000,1.200000,1
536,27.689404,19.875662,24.285407,25.037507,4.923261,-0.611832,4.923261,-0.734198,1.000000,1.200000,1
537,27.739244,19.810973,23.641415,25.034907,4.923261,-0.636952,4.923261,-0.764342,1.000000,1.200000,1
538,27.791966,20.559073,27.750509,25.039955,4.986695,-0.674631,4.986695,-0.809557,1.000000,1.200000,1
539,27.838674,19.958030,24.351796,25.038678,5.022943,-0.672538,5.022943,-0.807045,1.000000,1.200000,1
540,27.888772,19.909448,24.226957,25.037175,4.964040,-0.709171,4.964040,-0.851005,1.000000,1.200000,1
541,27.938682,20.125793,24.459644,25.036107,4.973102,-0.716497,4.973102,-0.859797,1.000000,1.200000,1
542,27.989630,19.525866,24.154604,25.034481,4.988960,-0.794996,4.988960,-0.953996,1.000000,1.200000,1
543,28.039213,20.336309,24.553933,25.033596,4.911933,-0.753130,4.911933,-0.903756,1.000000,1.200000,1
544,28.091637,19.022853,24.442890,25.032510,4.941385,-0.830582,4.941385,-0.996699,1.000000,1.200000,1
545,28.141562,19.953180,24.225017,25.031029,4.966305,-0.902802,4.966305,-1.083362,1.000000,1.200000,1
546,28.192240,20.143626,25.252444,25.031434,4.991226,-0.956181,4.991226,-1.147417,1.000000,1.200000,1
547,28.241027,20.134096,24.414478,25.030306,4.950447,-0.886055,4.950447,-1.063266,1.000000,1.200000,1
548,28.291771,19.677522,24.343965,25.029054,4.900606,-0.656838,4.900606,-0.788206,1.000000,1.200000,1
549,28.341540,19.985233,24.050051,25.027270,4.961774,-0.844189,4.961774,-1.013027,1.000000,1.200000,1
550,28.403357,19.499500,34.590580,25.044658,4.975367,-0.716497,4.975367,-0.859797,1.000000,1.200000,1
551,28.444380,20.230766,26.168059,25.046697,4.977633,-0.757317,4.977633,-0.908780,1.000000,1.200000,1
552,28.492479,20.155808,24.664137,25.046004,4.952712,-0.527053,4.952712,-0.632463,1.000000,1.200000,1
553,28.541934,19.961871,24.022453,25.044153,4.941385,-0.498793,4.941385,-0.598552,1.000000,1.200000,1
554,28.592261,20.126903,24.688566,25.043511,4.961774,-0.550079,4.961774,-0.660095,1.000000,1.200000,1
555,28.641873,20.175222,24.712908,25.042916,4.968571,-0.501933,4.968571,-0.602320,1.000000,1.200000,1
556,28.691932,19.881594,24.476824,25.041897,4.943650,-0.412968,4.943650,-0.495561,1.000000,1.200000,1
557,28.741457,20.255818,24.621191,25.041142,4.998022,-0.327142,4.998022,-0.392571,1.000000,1.200000,1
558,28.793845,19.790857,26.477561,25.043716,5.009350,-0.340749,5.009350,-0.408899,1.000000,1.200000,1
559,28.842266,19.689234,24.129729,25.042081,5.000288,-0.331329,5.000288,-0.397595,1.000000,1.200000,1
560,28.891659,20.361559,23.986288,25.040196,4.993491,-0.303069,4.993491,-0.363683,1.000000,1.200000,1
561,28.941467,19.955422,24.089006,25.038500,5.016146,0.061166,5.016146,0.073399,1.000000,1.200000,1
562,28.992253,19.807757,24.414427,25.037390,5.018412,0.103032,5.018412,0.123639,1.000000,1.200000,1
563,29.041107,20.455142,24.384906,25.036231,5.013881,0.078959,5.013881,0.094751,1.000000,1.200000,1
564,29.092865,19.674384,25.274015,25.036653,4.936854,0.288290,4.936854,0.345948,1.000000,1.200000,1
565,29.145275,20.098929,27.965930,25.041837,4.934588,0.306083,4.934588,0.367300,1.000000,1.200000,1
566,29.191072,20.186685,24.211341,25.040370,4.930058,0.330156,4.930058,0.396187,1.000000,1.200000,1
567,29.241170,19.959516,24.219909,25.038923,4.936854,0.363649,4.936854,0.436379,1.000000,1.200000,1
568,29.291649,20.043694,24.811525,25.038523,4.920995,0.396095,4.920995,0.475314,1.000000,1.200000,1
569,29.341465,19.890206,24.351790,25.037316,4.832642,0.580306,4.832642,0.696367,1.000000,1.200000,1
570,29.393154,19.337160,24.323615,25.036064,4.732960,0.675551,4.732960,0.810662,1.000000,1.200000,1
571,29.442614,20.223206,24.312897,25.034797,4.766942,0.590772,4.766942,0.708927,1.000000,1.200000,1
572,29.491892,20.206925,24.108192,25.033177,4.776004,0.570886,4.776004,0.685063,1.000000,1.200000,1
573,29.542442,19.888283,24.400695,25.032073,4.769208,0.576119,4.769208,0.691343,1.000000,1.200000,1
574,29.593649,19.599809,24.551839,25.031237,4.778270,0.558326,4.778270,0.669991,1.000000,1.200000,1
575,29.642386,20.335242,24.137970,25.029683,4.753349,0.589726,4.753349,0.707671,1.000000,1.200000,1
576,29.692247,20.041317,24.105343,25.028078,4.776004,0.568793,4.776004,0.682551,1.000000,1.200000,1
577,29.742901,20.024275,24.823271,25.027723,4.762411,0.593912,4.762411,0.712695,1.000000,1.200000,1
578,29.792383,19.963550,24.195342,25.026283,4.766942,0.590772,4.766942,0.708927,1.000000,1.200000,1
579,29.844961,19.157614,24.572767,25.025500,4.780535,0.571933,4.780535,0.686320,1.000000,1.200000,1
580,29.891759,20.958519,23.668505,25.023160,4.753349,0.624265,4.753349,0.749119,1.000000,1.200000,1
581,29.942956,20.203078,25.374069,25.023764,4.896075,0.405515,4.896075,0.486618,1.000000,1.200000,1
582,29.991867,19.989014,24.253758,25.022441,4.930058,0.339576,4.930058,0.407491,1.000000,1.200000,1
583,30.041941,19.973750,24.266848,25.021145,4.923261,0.342716,4.923261,0.411259,1.000000,1.200000,1
584,30.091264,19.994871,23.558625,25.018641,4.934588,0.348996,4.934588,0.418795,1.000000,1.200000,1
585,30.147375,19.602492,28.623785,25.024804,4.923261,0.329109,4.923261,0.394931,1.000000,1.200000,1
586,30.192486,20.275304,24.472810,25.023862,4.948181,0.303990,4.948181,0.364788,1.000000,1.200000,1
587,30.241906,20.165366,24.289162,25.022610,4.982164,0.153271,4.982164,0.183926,1.000000,1.200000,1
588,30.294745,20.019587,27.155825,25.026238,4.988960,0.114545,4.988960,0.137454,1.000000,1.200000,1
589,30.342009,20.082074,24.630210,25.025566,4.988960,0.006740,4.988960,0.008088,1.000000,1.200000,1
590,30.395209,19.661232,26.959972,25.028844,5.025208,-0.069666,5.025208,-0.083599,1.000000,1.200000,1
591,30.444132,19.474062,24.557109,25.028046,5.018412,-0.242363,5.018412,-0.290836,1.000000,1.200000,1
592,30.493404,20.685406,25.471134,25.028795,4.995757,-0.333422,4.995757,-0.400107,1.000000,1.200000,1
593,30.542585,20.276380,25.330747,25.029304,4.998022,-0.332376,4.998022,-0.398851,1.000000,1.200000,1
594,30.592745,19.612136,24.499587,25.028412,4.975367,-0.177471,4.975367,-0.212965,1.000000,1.200000,1
595,30.642689,19.936021,24.266169,25.027131,4.943650,-0.043499,4.943650,-0.052199,1.000000,1.200000,1
596,30.696088,19.221304,25.663536,25.028199,4.927792,-0.552173,4.927792,-0.662607,1.000000,1.200000,1
597,30.742759,20.839090,24.341063,25.027048,4.930058,-0.587759,4.930058,-0.705311,1.000000,1.200000,1
598,30.792268,20.107274,24.117394,25.025527,4.970836,-0.694518,4.970836,-0.833421,1.000000,1.200000,1
599,30.843926,20.054708,25.932715,25.027041,5.020677,-0.678818,5.020677,-0.814581,1.000000,1.200000,1
600,30.891343,20.428889,24.401909,25.025999,4.998022,-0.708124,4.998022,-0.849749,1.000000,1.200000,1
601,30.940890,19.954254,23.815022,25.023984,4.975367,-0.717544,4.975367,-0.861053,1.000000,1.200000,1
602,30.991767,19.791070,24.185809,25.022592,4.977633,-0.721730,4.977633,-0.866077,1.000000,1.200000,1
603,31.041424,20.137419,24.181068,25.021196,4.998022,-0.771970,4.998022,-0.926364,1.000000,1.200000,1
604,31.093492,19.943998,26.097883,25.022979,4.925526,-0.773016,4.925526,-0.927620,1.000000,1.200000,1
605,31.141676,20.116814,24.579024,25.022245,4.918730,-0.760457,4.918730,-0.912548,1.000000,1.200000,1
606,31.191264,20.070236,24.358348,25.021150,4.936854,-0.796043,4.936854,-0.955251,1.000000,1.200000,1
607,31.241644,19.709979,23.987210,25.019446,4.957243,-0.733244,4.957243,-0.879892,1.000000,1.200000,1
608,31.291062,20.280806,24.083884,25.017907,4.970836,-0.745803,4.970836,-0.894964,1.000000,1.200000,1
609,31.346042,19.771662,28.471787,25.023579,4.984429,-0.710217,4.984429,-0.852261,1.000000,1.200000,1
610,31.392925,20.053976,25.501907,25.024363,4.957243,-0.723824,4.957243,-0.868589,1.000000,1.200000,1
611,31.441694,20.029357,24.342328,25.023247,4.964040,-0.612879,4.964040,-0.735454,1.000000,1.200000,1
612,31.494075,19.962941,26.650486,25.025906,4.943650,-0.535426,4.943650,-0.642511,1.000000,1.200000,1
613,31.542985,19.570552,24.466379,25.024993,4.943650,-0.539613,4.943650,-0.647535,1.000000,1.200000,1
614,31.590641,20.789852,24.010168,25.023340,4.961774,-0.485187,4.961774,-0.582224,1.000000,1.200000,1
615,31.642594,19.411844,24.452674,25.022412,4.998022,-0.607645,4.998022,-0.729174,1.000000,1.200000,1
616,31.693500,19.765557,24.729853,25.021937,4.936854,-0.253877,4.936854,-0.304652,1.000000,1.200000,1
617,31.749408,19.144883,28.387447,25.027392,5.009350,-0.340749,5.009350,-0.408899,1.000000,1.200000,1
618,31.796352,20.897785,27.531799,25.031444,5.007084,-0.335515,5.007084,-0.402619,1.000000,1.200000,1
619,31.842039,20.424737,24.259407,25.030197,4.993491,-0.352262,4.993491,-0.422714,1.000000,1.200000,1
620,31.891206,20.210418,23.945770,25.028448,5.000288,0.191998,5.000288,0.230397,1.000000,1.200000,1
621,31.941543,19.969283,24.193318,25.027103,4.986695,0.066399,4.986695,0.079679,1.000000,1.200000,1
622,31.993252,19.380236,24.292555,25.025922,5.000288,0.098845,5.000288,0.118615,1.000000,1.200000,1
623,32.041958,20.827736,25.020927,25.025914,5.009350,0.065353,5.009350,0.078423,1.000000,1.200000,1
624,32.090341,20.138631,23.736175,25.023847,4.923261,0.317596,4.923261,0.381115,1.000000,1.200000,1
625,32.141174,19.735239,23.902714,25.022053,4.932323,0.314456,4.932323,0.377347,1.000000,1.200000,1
626,32.191784,20.003040,24.500372,25.021220,4.943650,0.347949,4.943650,0.417539,1.000000,1.200000,1
627,32.241140,20.305483,24.639542,25.020611,4.936854,0.327016,4.936854,0.392419,1.000000,1.200000,1
628,32.291473,19.795583,24.448161,25.019700,4.916464,0.413888,4.916464,0.496666,1.000000,1.200000,1
629,32.343544,19.428696,25.047211,25.019744,4.918730,0.407608,4.918730,0.489130,1.000000,1.200000,1
630,32.391588,20.607995,24.565249,25.019022,4.855297,0.541580,4.855297,0.649896,1.000000,1.200000,1
631,32.442593,19.893281,25.306058,25.019477,4.701243,0.758237,4.701243,0.909885,1.000000,1.200000,1
632,32.491878,20.004988,24.608008,25.018826,4.746553,0.626359,4.746553,0.751631,1.000000,1.200000,1
633,32.541895,20.204186,25.133720,25.019008,4.755615,0.579259,4.755615,0.695111,1.000000,1.200000,1
634,32.593497,19.127479,24.448545,25.018108,4.755615,0.590772,4.755615,0.708927,1.000000,1.200000,1
635,32.641961,20.589666,24.339420,25.017039,4.719367,0.625312,4.719367,0.750375,1.000000,1.200000,1
636,32.692679,19.781312,24.494146,25.016217,4.735225,0.633685,4.735225,0.760422,1.000000,1.200000,1
637,32.742010,20.192073,24.298536,25.015090,4.757880,0.604379,4.757880,0.725255,1.000000,1.200000,1
638,32.793186,20.234961,26.060649,25.016729,4.923261,0.346903,4.923261,0.416283,1.000000,1.200000,1
639,32.844565,19.597322,26.369492,25.018846,4.918730,0.350042,4.918730,0.420051,1.000000,1.200000,1
640,32.890816,20.548382,23.991547,25.017241,4.941385,0.334343,4.941385,0.401211,1.000000,1.200000,1
641,32.944222,19.737463,26.731144,25.019915,4.930058,0.347949,4.930058,0.417539,1.000000,1.200000,1
642,32.992433,19.948288,24.815623,25.019596,4.925526,0.342716,4.925526,0.411259,1.000000,1.200000,1
643,33.041477,20.244760,24.490214,25.018773,4.934588,0.334343,4.934588,0.401211,1.000000,1.200000,1
644,33.091791,19.879920,24.486770,25.017947,4.950447,0.309223,4.950447,0.371068,1.000000,1.200000,1
645,33.143424,20.021160,25.756902,25.019093,4.984429,0.144898,4.984429,0.173878,1.000000,1.200000,1
646,33.193023,19.895740,25.502404,25.019841,4.986695,0.121872,4.986695,0.146247,1.000000,1.200000,1
647,33.242527,20.059409,25.157078,25.020053,5.013881,0.041280,5.013881,0.049535,1.000000,1.200000,1
648,33.292526,19.821557,24.695399,25.019552,5.013881,-0.074899,5.013881,-0.089879,1.000000,1.200000,1
649,33.341175,20.425769,24.410500,25.018613,5.013881,-0.213057,5.013881,-0.255668,1.000000,1.200000,1
650,33.392210,19.534571,24.243685,25.017421,5.004818,-0.332376,5.004818,-0.398851,1.000000,1.200000,1
651,33.442850,20.151800,25.265890,25.017803,5.007084,-0.354355,5.007084,-0.425226,1.000000,1.200000,1
652,33.492774,19.746310,24.529627,25.017054,5.002553,-0.347029,5.002553,-0.416434,1.000000,1.200000,1
653,33.542075,20.142542,24.217006,25.015829,4.952712,-0.129325,4.952712,-0.155190,1.000000,1.200000,1
654,33.596289,19.302133,26.543622,25.018165,4.936854,-0.353309,4.936854,-0.423970,1.000000,1.200000,1
655,33.641870,20.861817,24.253044,25.016997,4.925526,-0.598225,4.925526,-0.717870,1.000000,1.200000,1
656,33.691931,19.849414,23.930082,25.015340,4.932323,-0.559499,4.932323,-0.671399,1.000000,1.200000,1
657,33.741702,20.246204,24.298514,25.014249,4.964040,-0.611832,4.964040,-0.734198,1.000000,1.200000,1
658,33.792644,19.969896,25.148942,25.014454,5.020677,-0.684051,5.020677,-0.820861,1.000000,1.200000,1
659,33.841234,20.238739,24.360677,25.013462,4.995757,-0.708124,4.995757,-0.849749,1.000000,1.200000,1
660,33.891015,20.038677,24.253766,25.012311,4.982164,-0.716497,4.982164,-0.859797,1.000000,1.200000,1
661,33.942879,19.299062,24.291462,25.011220,4.966305,-0.718590,4.966305,-0.862309,1.000000,1.200000,1
662,33.992446,20.246446,24.451891,25.010375,4.952712,-0.710217,4.952712,-0.852261,1.000000,1.200000,1
663,34.042237,19.945111,24.120089,25.009032,4.968571,-0.717544,4.968571,-0.861053,1.000000,1.200000,1
664,34.095258,19.420720,25.599355,25.009921,4.957243,-0.711264,4.957243,-0.853517,1.000000,1.200000,1
665,34.142939,20.412260,24.328680,25.008897,4.975367,-0.711264,4.975367,-0.853517,1.000000,1.200000,1
666,34.193077,20.316955,25.249122,25.009258,4.943650,-0.700797,4.943650,-0.840957,1.000000,1.200000,1
667,34.242352,19.874641,24.209379,25.008058,4.979898,-0.693471,4.979898,-0.832165,1.000000,1.200000,1
668,34.292591,20.085768,24.666313,25.007547,4.948181,-0.537519,4.948181,-0.645023,1.000000,1.200000,1
669,34.343572,19.541976,24.480647,25.006759,4.957243,-0.539613,4.957243,-0.647535,1.000000,1.200000,1
670,34.393146,20.076256,24.239636,25.005614,4.968571,-0.493560,4.968571,-0.592272,1.000000,1.200000,1
671,34.443151,20.230645,24.802049,25.005311,4.957243,-0.542753,4.957243,-0.651303,1.000000,1.200000,1
672,34.493366,19.580438,23.946080,25.003735,4.948181,-0.534379,4.948181,-0.641255,1.000000,1.200000,1
673,34.542765,20.454835,24.478911,25.002955,4.954978,-0.260157,4.954978,-0.312188,1.000000,1.200000,1
674,34.593784,19.825053,25.021212,25.002982,4.998022,-0.357495,4.998022,-0.428994,1.000000,1.200000,1
675,34.643579,19.939299,24.669119,25.002487,5.002553,-0.325049,5.002553,-0.390059,1.000000,1.200000,1
676,34.692613,20.277461,24.410909,25.001612,5.000288,-0.336562,5.000288,-0.403875,1.000000,1.200000,1
677,34.743192,20.022350,25.048066,25.001681,5.009350,-0.247597,5.009350,-0.297116,1.000000,1.200000,1
678,34.792299,20.006919,24.155764,25.000433,5.016146,0.072679,5.016146,0.087215,1.000000,1.200000,1
679,34.842615,19.810280,23.996887,24.998955,4.991226,0.073726,4.991226,0.088471,1.000000,1.200000,1
680,34.893272,20.095946,24.893949,24.998801,5.029739,0.084193,5.029739,0.101031,1.000000,1.200000,1
681,34.942966,20.063381,24.752706,24.998439,4.925526,0.301897,4.925526,0.362276,1.000000,1.200000,1
682,34.992756,20.010433,24.574202,24.997817,4.936854,0.312363,4.936854,0.374835,1.000000,1.200000,1
683,35.042391,19.977198,24.131852,24.996549,4.930058,0.328063,4.930058,0.393675,1.000000,1.200000,1
684,35.095050,19.603957,25.776815,24.997690,4.934588,0.345856,4.934588,0.415027,1.000000,1.200000,1
685,35.143438,20.022526,24.239628,24.996583,4.927792,0.401329,4.927792,0.481594,1.000000,1.200000,1
686,35.194838,19.996492,25.596300,24.997458,4.916464,0.419121,4.916464,0.502946,1.000000,1.200000,1
687,35.242672,20.431441,24.506204,24.996743,4.710305,0.732071,4.710305,0.878485,1.000000,1.200000,1
688,35.296153,18.920669,25.142094,24.996954,4.769208,0.584493,4.769208,0.701391,1.000000,1.200000,1
689,35.344950,20.870632,26.020327,24.998439,4.757880,0.607519,4.757880,0.729023,1.000000,1.200000,1
690,35.392954,20.111193,24.312805,24.997446,4.769208,0.600193,4.769208,0.720231,1.000000,1.200000,1
691,35.443573,19.828645,24.503069,24.996730,4.771473,0.585539,4.771473,0.702647,1.000000,1.200000,1
692,35.492408,20.363784,24.237366,24.995633,4.785066,0.561466,4.785066,0.673759,1.000000,1.200000,1
693,35.543031,19.790904,24.332416,24.994676,4.748818,0.584493,4.748818,0.701391,1.000000,1.200000,1
694,35.594229,20.040103,25.625191,24.995584,4.766942,0.578213,4.766942,0.693855,1.000000,1.200000,1
695,35.643726,19.920756,24.903829,24.995452,4.748818,0.606472,4.748818,0.727767,1.000000,1.200000,1
696,35.694000,20.099049,25.440093,24.996091,4.780535,0.499714,4.780535,0.599656,1.000000,1.200000,1
697,35.743869,20.211069,25.839982,24.997302,4.927792,0.341669,4.927792,0.410003,1.000000,1.200000,1
698,35.793405,19.854566,24.992821,24.997295,4.930058,0.345856,4.930058,0.415027,1.000000,1.200000,1
699,35.842365,20.162255,24.357946,24.996381,4.925526,0.335389,4.925526,0.402467,1.000000,1.200000,1
700,35.893941,19.791776,25.396182,24.996952,4.925526,0.335389,4.925526,0.402467,1.000000,1.200000,1
701,35.943023,19.920991,24.292974,24.995948,4.941385,0.339576,4.941385,0.407491,1.000000,1.200000,1
702,35.992197,20.394848,24.427809,24.995138,4.936854,0.324923,4.936854,0.389907,1.000000,1.200000,1
703,36.042700,19.860146,24.576812,24.994543,4.988960,0.144898,4.988960,0.173878,1.000000,1.200000,1
704,36.094539,19.391715,24.832024,24.994312,4.979898,0.127105,4.979898,0.152526,1.000000,1.200000,1
705,36.144946,20.312576,26.056116,24.995819,5.027473,-0.075946,5.027473,-0.091135,1.000000,1.200000,1
706,36.195079,19.966979,26.072926,24.997344,5.025208,-0.090599,5.025208,-0.108718,1.000000,1.200000,1
707,36.243352,19.970656,24.253079,24.996291,5.000288,-0.287369,5.000288,-0.344843,1.000000,1.200000,1
708,36.292505,20.390634,24.397268,24.995445,4.998022,-0.319816,4.998022,-0.383779,1.000000,1.200000,1
709,36.344653,19.533870,25.350605,24.995946,5.002553,-0.352262,5.002553,-0.422714,1.000000,1.200000,1
710,36.393453,20.091119,24.379987,24.995079,4.966305,-0.190031,4.966305,-0.228037,1.000000,1.200000,1
711,36.443442,19.940138,24.203138,24.993965,4.943650,-0.004773,4.943650,-0.005728,1.000000,1.200000,1
712,36.494761,19.988700,25.491344,24.994663,4.918730,-0.580432,4.918730,-0.696519,1.000000,1.200000,1
713,36.543665,20.013107,24.454797,24.993906,4.918730,-0.623345,4.918730,-0.748014,1.000000,1.200000,1
714,36.594042,19.877772,24.531436,24.993259,4.975367,-0.675678,4.975367,-0.810813,1.000000,1.200000,1
715,36.643372,20.151954,24.213615,24.992168,5.029739,-0.666258,5.029739,-0.799509,1.000000,1.200000,1
716,36.692461,20.413739,24.321014,24.991231,5.013881,-0.703937,5.013881,-0.844725,1.000000,1.200000,1
717,36.742870,19.998043,24.725394,24.990860,4.948181,-0.707077,4.948181,-0.848493,1.000000,1.200000,1
718,36.793877,19.716041,25.025647,24.990909,4.979898,-0.713357,4.979898,-0.856029,1.000000,1.200000,1
719,36.842592,20.246647,24.327850,24.989986,4.998022,-0.796043,4.998022,-0.955251,1.000000,1.200000,1
720,36.894103,19.334718,24.133312,24.988796,4.934588,-0.740570,4.934588,-0.888684,1.000000,1.200000,1
721,36.943687,20.662462,25.313157,24.989246,4.930058,-0.760457,4.930058,-0.912548,1.000000,1.200000,1
722,36.992471,20.034658,24.173656,24.988117,4.911933,-0.731150,4.911933,-0.877380,1.000000,1.200000,1
723,37.044053,19.966286,25.658590,24.989044,4.943650,-0.785576,4.943650,-0.942692,1.000000,1.200000,1
724,37.092117,20.319462,24.531519,24.988412,4.998022,-0.782436,4.998022,-0.938924,1.000000,1.200000,1
725,37.145340,19.720213,27.011235,24.991202,4.961774,-0.709171,4.961774,-0.851005,1.000000,1.200000,1
726,37.192969,19.973261,24.592479,24.990653,4.977633,-0.744757,4.977633,-0.893708,1.000000,1.200000,1
727,37.242659,20.008983,24.286460,24.989684,4.966305,-0.609739,4.966305,-0.731686,1.000000,1.200000,1
728,37.293098,19.899300,24.489222,24.988997,4.934588,-0.493560,4.934588,-0.592272,1.000000,1.200000,1
729,37.343837,20.141438,25.606340,24.989844,4.945916,-0.539613,4.945916,-0.647535,1.000000,1.200000,1
730,37.392612,20.004289,24.380542,24.989009,4.968571,-0.537519,4.968571,-0.645023,1.000000,1.200000,1
731,37.442149,20.122450,24.188156,24.987914,4.954978,-0.634858,4.954978,-0.761830,1.000000,1.200000,1
732,37.492525,19.885420,24.318978,24.987000,4.920995,-0.228757,4.920995,-0.274508,1.000000,1.200000,1
733,37.542246,20.096545,24.274300,24.986027,5.000288,-0.354355,5.000288,-0.425226,1.000000,1.200000,1
734,37.592357,19.972014,24.313723,24.985111,4.995757,-0.326096,4.995757,-0.391315,1.000000,1.200000,1
735,37.643154,19.845482,24.720409,24.984751,5.007084,-0.331329,5.007084,-0.397595,1.000000,1.200000,1
736,37.693928,19.514154,24.259217,24.983766,5.007084,0.092566,5.007084,0.111079,1.000000,1.200000,1
737,37.742536,20.547674,24.197530,24.982699,5.004818,0.082099,5.004818,0.098519,1.000000,1.200000,1
738,37.794736,19.819109,25.932326,24.983986,5.007084,0.082099,5.007084,0.098519,1.000000,1.200000,1
739,37.842430,20.217981,24.158758,24.982869,5.011615,0.077912,5.011615,0.093495,1.000000,1.200000,1
740,37.894251,19.983754,25.976172,24.984211,4.934588,0.296663,4.934588,0.355996,1.000000,1.200000,1
741,37.942914,19.971462,24.529946,24.983598,4.936854,0.309223,4.936854,0.371068,1.000000,1.200000,1
742,37.992908,19.904107,24.297047,24.982673,4.943650,0.324923,4.943650,0.389907,1.000000,1.200000,1
743,38.042229,20.202138,24.102043,24.981488,4.932323,0.348996,4.932323,0.418795,1.000000,1.200000,1
744,38.092226,19.938469,23.950940,24.980102,4.909668,0.413888,4.909668,0.496666,1.000000,1.200000,1
745,38.143171,20.114829,25.181306,24.980373,4.923261,0.411795,4.923261,0.494154,1.000000,1.200000,1
746,38.193035,19.843517,24.640472,24.979917,4.798659,0.602286,4.798659,0.722743,1.000000,1.200000,1
747,38.242439,20.097286,24.274873,24.978973,4.769208,0.603332,4.769208,0.723999,1.000000,1.200000,1
748,38.293188,20.040334,25.152180,24.979205,4.753349,0.594959,4.753349,0.713951,1.000000,1.200000,1
749,38.342933,19.690983,24.107765,24.978041,4.773739,0.601239,4.773739,0.721487,1.000000,1.200000,1
750,38.392809,20.332397,24.813834,24.977822,4.780535,0.593912,4.780535,0.712695,1.000000,1.200000,1
751,38.442922,19.930464,24.749408,24.977518,4.780535,0.572979,4.780535,0.687575,1.000000,1.200000,1
752,38.494426,19.455077,24.854382,24.977354,4.753349,0.607519,4.753349,0.729023,1.000000,1.200000,1
753,38.543992,20.283617,25.109726,24.977530,4.755615,0.616939,4.755615,0.740327,1.000000,1.200000,1
754,38.592798,20.174029,24.349123,24.976697,4.819048,0.478781,4.819048,0.574537,1.000000,1.200000,1
755,38.643137,19.860425,24.326020,24.975835,4.925526,0.341669,4.925526,0.410003,1.000000,1.200000,1
756,38.692842,20.273940,24.729817,24.975509,4.932323,0.332249,4.932323,0.398699,1.000000,1.200000,1
757,38.742708,20.017357,24.640937,24.975067,4.927792,0.355276,4.927792,0.426331,1.000000,1.200000,1
758,38.792580,19.911525,24.283847,24.974156,4.927792,0.338529,4.927792,0.406235,1.000000,1.200000,1
759,38.842761,19.915727,24.244374,24.973194,4.927792,0.324923,4.927792,0.389907,1.000000,1.200000,1
760,38.893837,19.771195,24.735552,24.972881,4.950447,0.299803,4.950447,0.359764,1.000000,1.200000,1
761,38.942716,20.383323,24.540277,24.972313,4.984429,0.165831,4.984429,0.198998,1.000000,1.200000,1
762,38.994938,19.867558,26.442687,24.974243,4.993491,0.133385,4.993491,0.160062,1.000000,1.200000,1
763,39.042923,19.931312,24.257215,24.973303,5.007084,0.114545,5.007084,0.137454,1.000000,1.200000,1
764,39.094338,19.864131,25.324296,24.973762,5.025208,-0.081179,5.025208,-0.097415,1.000000,1.200000,1
765,39.143545,19.933823,24.368924,24.972972,5.045598,-0.085366,5.045598,-0.102439,1.000000,1.200000,1
766,39.192487,20.332918,24.149147,24.971896,5.011615,-0.281090,5.011615,-0.337307,1.000000,1.200000,1
767,39.242804,20.023880,24.514700,24.971300,5.004818,-0.361682,5.004818,-0.434018,1.000000,1.200000,1
768,39.294382,19.322161,24.341137,24.970479,4.998022,-0.339702,4.998022,-0.407643,1.000000,1.200000,1
769,39.343255,20.347471,24.070732,24.969309,4.952712,-0.190031,4.952712,-0.228037,1.000000,1.200000,1
770,39.394473,20.093410,25.514695,24.970018,4.934588,-0.405641,4.934588,-0.486770,1.000000,1.200000,1
771,39.442447,20.009863,23.499789,24.968111,4.920995,-0.603459,4.920995,-0.724150,1.000000,1.200000,1
772,39.494134,20.143747,25.556818,24.968873,4.945916,-0.623345,4.945916,-0.748014,1.000000,1.200000,1
773,39.548077,19.599960,28.425330,24.973345,4.973102,-0.668351,4.973102,-0.802021,1.000000,1.200000,1
774,39.592800,20.448541,24.290693,24.972463,5.025208,-0.677771,5.025208,-0.813325,1.000000,1.200000,1
775,39.642299,20.198130,24.298541,24.971593,4.991226,-0.707077,4.991226,-0.848493,1.000000,1.200000,1
776,39.699337,18.502800,27.233734,24.974508,4.970836,-0.704984,4.970836,-0.845981,1.000000,1.200000,1
777,39.742730,21.770107,24.738762,24.974205,4.970836,-0.724870,4.970836,-0.869845,1.000000,1.200000,1
778,39.792829,19.833240,24.423636,24.973497,4.975367,-0.724870,4.975367,-0.869845,1.000000,1.200000,1
779,39.844094,19.605366,24.680600,24.973121,4.995757,-0.874542,4.995757,-1.049450,1.000000,1.200000,1
780,39.893439,20.536126,25.319540,24.973565,4.995757,-0.826396,4.995757,-0.991675,1.000000,1.200000,1
781,39.947216,19.697199,28.321868,24.977853,5.007084,-0.793950,5.007084,-0.952740,1.000000,1.200000,1
782,39.992920,20.143396,24.379561,24.977088,4.968571,-0.706031,4.968571,-0.847237,1.000000,1.200000,1
783,40.049579,18.318109,26.424890,24.978937,4.970836,-0.709171,4.970836,-0.851005,1.000000,1.200000,1
784,40.094133,21.720431,24.989799,24.978951,4.966305,-0.708124,4.966305,-0.849749,1.000000,1.200000,1
785,40.142450,20.405569,24.285304,24.978067,4.968571,-0.740570,4.968571,-0.888684,1.000000,1.200000,1
786,40.193027,19.693749,24.087722,24.976934,4.961774,-0.538566,4.961774,-0.646279,1.000000,1.200000,1
787,40.246643,19.166897,25.490785,24.977587,4.964040,-0.555313,4.964040,-0.666375,1.000000,1.200000,1
788,40.292439,21.505080,24.831515,24.977402,4.954978,-0.499840,4.954978,-0.599808,1.000000,1.200000,1
789,40.342395,19.899751,24.537465,24.976844,4.939119,-0.599272,4.939119,-0.719126,1.000000,1.200000,1
790,40.391918,20.004814,24.058665,24.975682,4.909668,-0.306209,4.909668,-0.367451,1.000000,1.200000,1
791,40.442106,19.889825,23.982797,24.974427,4.993491,-0.295743,4.993491,-0.354891,1.000000,1.200000,1
792,40.493001,19.636144,23.953877,24.973138,5.000288,-0.355402,5.000288,-0.426482,1.000000,1.200000,1
793,40.542839,20.259534,24.421330,24.972442,5.004818,-0.340749,5.004818,-0.408899,1.000000,1.200000,1
794,40.592783,20.161028,24.775804,24.972195,5.018412,-0.282136,5.018412,-0.338563,1.000000,1.200000,1
795,40.643833,19.458967,24.438729,24.971524,5.009350,0.091519,5.009350,0.109823,1.000000,1.200000,1
796,40.692724,20.390250,24.279509,24.970654,5.011615,0.084193,5.011615,0.101031,1.000000,1.200000,1
797,40.743021,19.929057,24.395684,24.969933,5.009350,0.073726,5.009350,0.088471,1.000000,1.200000,1
798,40.793661,19.919120,24.811425,24.969734,4.968571,0.287243,4.968571,0.344692,1.000000,1.200000,1
799,40.844000,19.719468,24.447950,24.969081,4.939119,0.320736,4.939119,0.384883,1.000000,1.200000,1
800,40.896955,19.993729,27.397110,24.972116,4.930058,0.328063,4.930058,0.393675,1.000000,1.200000,1
801,40.943089,20.247825,24.152861,24.971093,4.925526,0.343763,4.925526,0.412515,1.000000,1.200000,1
802,40.992788,20.156987,24.215523,24.970151,4.911933,0.433775,4.911933,0.520530,1.000000,1.200000,1
803,41.045449,19.638793,25.947123,24.971368,4.814517,0.591819,4.814517,0.710183,1.000000,1.200000,1
804,41.092957,20.418147,24.507627,24.970791,4.755615,0.585539,4.755615,0.702647,1.000000,1.200000,1
805,41.143185,19.836945,24.334766,24.970001,4.760146,0.589726,4.760146,0.707671,1.000000,1.200000,1
806,41.194504,19.538194,24.466171,24.969376,4.771473,0.574026,4.771473,0.688831,1.000000,1.200000,1
807,41.243446,20.380833,24.331447,24.968585,4.766942,0.589726,4.766942,0.707671,1.000000,1.200000,1
808,41.296152,20.018976,27.065815,24.971181,4.769208,0.582399,4.769208,0.698879,1.000000,1.200000,1
809,41.342973,20.436662,24.982631,24.971195,4.773739,0.576119,4.773739,0.691343,1.000000,1.200000,1
810,41.392541,19.974407,24.490644,24.970602,4.782801,0.563560,4.782801,0.676272,1.000000,1.200000,1
811,41.443001,19.839574,24.531562,24.970060,4.762411,0.581352,4.762411,0.697623,1.000000,1.200000,1
812,41.492043,20.001406,23.590933,24.968362,4.776004,0.576119,4.776004,0.691343,1.000000,1.200000,1
813,41.543045,19.922396,24.382678,24.967642,4.753349,0.610659,4.753349,0.732791,1.000000,1.200000,1
814,41.593528,20.040760,24.966736,24.967641,4.785066,0.500761,4.785066,0.600913,1.000000,1.200000,1
815,41.642766,20.101451,24.468460,24.967028,4.939119,0.350042,4.939119,0.420051,1.000000,1.200000,1
816,41.693368,19.998962,25.069248,24.967153,4.927792,0.347949,4.927792,0.417539,1.000000,1.200000,1
817,41.742295,20.097906,24.216699,24.966235,4.941385,0.334343,4.941385,0.401211,1.000000,1.200000,1
818,41.793595,19.861864,25.193212,24.966512,4.941385,0.334343,4.941385,0.401211,1.000000,1.200000,1
819,41.844407,19.871246,25.663522,24.967363,4.925526,0.329109,4.925526,0.394931,1.000000,1.200000,1
820,41.894931,19.299157,24.384764,24.966653,4.911933,0.439008,4.911933,0.526810,1.000000,1.200000,1
821,41.943809,20.691582,24.939380,24.966620,4.988960,0.132339,4.988960,0.158806,1.000000,1.200000,1
822,41.994642,19.433588,24.318851,24.965832,4.993491,0.110359,4.993491,0.132430,1.000000,1.200000,1
823,42.043157,20.555380,24.176788,24.964873,5.025208,-0.090599,5.025208,-0.108718,1.000000,1.200000,1
824,42.093295,19.960810,24.202344,24.963947,5.036536,-0.074899,5.036536,-0.089879,1.000000,1.200000,1
825,42.145140,19.945086,25.917834,24.965104,5.000288,-0.268530,5.000288,-0.322236,1.000000,1.200000,1
826,42.193512,20.174630,24.732749,24.964822,4.998022,-0.342842,4.998022,-0.411411,1.000000,1.200000,1
827,42.243396,19.941605,24.466657,24.964220,4.966305,-0.199451,4.966305,-0.239341,1.000000,1.200000,1
828,42.296299,19.656265,26.461011,24.966028,4.945916,-0.051872,4.945916,-0.062247,1.000000,1.200000,1
829,42.345382,20.131924,25.891826,24.967144,4.918730,-0.618112,4.918730,-0.741734,1.000000,1.200000,1
830,42.394137,19.797933,24.154125,24.966165,4.932323,-0.637998,4.932323,-0.765598,1.000000,1.200000,1
831,42.444429,19.975648,24.385461,24.965466,4.977633,-0.674631,4.977633,-0.809557,1.000000,1.200000,1
832,42.493330,20.732429,24.663491,24.965103,5.016146,-0.689284,5.016146,-0.827141,1.000000,1.200000,1
833,42.542669,19.924469,24.193574,24.964177,5.000288,-0.722777,5.000288,-0.867333,1.000000,1.200000,1
834,42.594315,20.018960,25.885946,24.965282,4.952712,-0.709171,4.952712,-0.851005,1.000000,1.200000,1
835,42.642266,20.169686,24.274897,24.964455,4.939119,-0.793950,4.939119,-0.952740,1.000000,1.200000,1
836,42.693012,19.657239,24.138677,24.963468,4.998022,-0.931061,4.998022,-1.117273,1.000000,1.200000,1
837,42.744825,20.327558,26.748395,24.965600,5.065987,-0.958274,5.065987,-1.149929,1.000000,1.200000,1
838,42.794096,19.375531,24.422571,24.964952,5.079580,-0.978161,5.079580,-1.173793,1.000000,1.200000,1
839,42.842118,20.644981,24.003844,24.963807,5.084111,-0.955134,5.084111,-1.146161,1.000000,1.200000,1
840,42.892548,19.910936,24.202209,24.962900,5.099969,-0.973974,5.099969,-1.168769,1.000000,1.200000,1
841,42.942283,20.149956,24.316534,24.962131,5.090907,-0.946761,5.090907,-1.136113,1.000000,1.200000,1
842,42.992105,20.062347,24.288655,24.961331,5.020677,-0.999094,5.020677,-1.198912,1.000000,1.200000,1
843,43.045278,19.656478,26.582252,24.963254,4.941385,-0.805463,4.941385,-0.966555,1.000000,1.200000,1
844,43.094735,20.322606,26.835690,24.965473,4.968571,-0.818023,4.968571,-0.981627,1.000000,1.200000,1
845,43.142821,19.780026,24.341729,24.964735,4.961774,-0.720684,4.961774,-0.864821,1.000000,1.200000,1
846,43.196680,20.048616,28.315253,24.968695,4.948181,-0.568919,4.948181,-0.682703,1.000000,1.200000,1
847,43.246031,19.705737,26.920576,24.971000,4.934588,-0.501933,4.934588,-0.602320,1.000000,1.200000,1
848,43.292661,20.352761,24.449291,24.970384,4.957243,-0.495654,4.957243,-0.594784,1.000000,1.200000,1
849,43.344504,19.890769,25.999289,24.971596,4.957243,-0.516586,4.957243,-0.619904,1.000000,1.200000,1
850,43.392860,20.160422,24.773141,24.971363,4.957243,-0.375288,4.957243,-0.450346,1.000000,1.200000,1
851,43.442885,19.808066,24.300233,24.970574,4.995757,-0.381568,4.995757,-0.457882,1.000000,1.200000,1
852,43.499799,18.105368,25.985599,24.971765,5.000288,-0.334469,5.000288,-0.401363,1.000000,1.200000,1
853,43.542970,22.443641,24.570774,24.971295,5.000288,-0.327142,5.000288,-0.392571,1.000000,1.200000,1
854,43.596280,19.568882,26.812989,24.973452,4.988960,-0.184798,4.988960,-0.221757,1.000000,1.200000,1
855,43.643704,20.555723,25.585136,24.974167,5.018412,0.085239,5.018412,0.102287,1.000000,1.200000,1
856,43.693086,19.727830,24.268023,24.973342,4.998022,0.089426,4.998022,0.107311,1.000000,1.200000,1
857,43.743095,19.940106,24.143952,24.972375,5.009350,0.080006,5.009350,0.096007,1.000000,1.200000,1
858,43.792881,20.024842,23.990716,24.971230,4.934588,0.288290,4.934588,0.345948,1.000000,1.200000,1
859,43.843035,20.341806,24.997702,24.971261,4.934588,0.306083,4.934588,0.367300,1.000000,1.200000,1
860,43.892354,19.936009,24.136650,24.970291,4.936854,0.329109,4.936854,0.394931,1.000000,1.200000,1
861,43.943098,19.737098,24.231162,24.969432,4.902872,0.420168,4.902872,0.504202,1.000000,1.200000,1
862,43.993298,19.916460,24.208582,24.968550,4.905137,0.412842,4.905137,0.495410,1.000000,1.200000,1
863,44.045332,19.875773,25.916267,24.969648,4.739756,0.679738,4.739756,0.815686,1.000000,1.200000,1
864,44.092883,20.368630,24.401478,24.968990,4.764677,0.569839,4.764677,0.683807,1.000000,1.200000,1
865,44.144790,19.220690,24.267766,24.968180,4.773739,0.574026,4.773739,0.688831,1.000000,1.200000,1
866,44.193291,20.765035,24.612358,24.967769,4.776004,0.577166,4.776004,0.692599,1.000000,1.200000,1
867,44.244627,19.668668,25.087013,24.967906,4.778270,0.574026,4.778270,0.688831,1.000000,1.200000,1
868,44.293742,20.086689,24.428560,24.967285,4.773739,0.583446,4.773739,0.700135,1.000000,1.200000,1
869,44.343456,20.081352,24.372523,24.966600,4.789597,0.552047,4.789597,0.662456,1.000000,1.200000,1
870,44.393789,19.769833,24.123706,24.965632,4.778270,0.574026,4.778270,0.688831,1.000000,1.200000,1
871,44.445160,20.349439,26.314198,24.967180,4.771473,0.575073,4.771473,0.690087,1.000000,1.200000,1
872,44.493473,19.871748,24.315354,24.966432,4.769208,0.592866,4.769208,0.711439,1.000000,1.200000,1
873,44.543048,20.081181,24.097928,24.965438,4.778270,0.587633,4.778270,0.705159,1.000000,1.200000,1
874,44.594592,19.414584,24.108488,24.964457,4.773739,0.579259,4.773739,0.695111,1.000000,1.200000,1
875,44.643813,20.619109,24.881833,24.964363,4.751084,0.589726,4.751084,0.707671,1.000000,1.200000,1
876,44.694166,19.922944,25.031792,24.964440,4.925526,0.365742,4.925526,0.438890,1.000000,1.200000,1
877,44.743913,20.123053,25.080701,24.964572,4.936854,0.336436,4.936854,0.403723,1.000000,1.200000,1
878,44.793467,19.967662,24.547335,24.964097,4.930058,0.358416,4.930058,0.430099,1.000000,1.200000,1
879,44.842977,19.869757,23.723012,24.962685,4.925526,0.339576,4.925526,0.407491,1.000000,1.200000,1
880,44.895175,20.266468,26.589411,24.964534,4.934588,0.339576,4.934588,0.407491,1.000000,1.200000,1
881,44.944045,19.521632,24.225051,24.963694,4.934588,0.407608,4.934588,0.489130,1.000000,1.200000,1
882,44.992851,20.565744,24.391293,24.963045,4.975367,0.138618,4.975367,0.166342,1.000000,1.200000,1
883,45.042335,20.193536,24.357272,24.962359,4.993491,0.121872,4.993491,0.146247,1.000000,1.200000,1
884,45.094559,19.841119,26.186432,24.963744,5.018412,-0.081179,5.018412,-0.097415,1.000000,1.200000,1
885,45.142982,20.037396,24.313118,24.963009,5.043332,-0.057106,5.043332,-0.068527,1.000000,1.200000,1
886,45.194089,19.798004,25.321562,24.963413,4.995757,-0.268530,4.995757,-0.322236,1.000000,1.200000,1
887,45.242879,20.076936,24.294102,24.962659,5.002553,-0.348075,5.002553,-0.417690,1.000000,1.200000,1
888,45.294646,19.990835,26.019711,24.963849,4.964040,-0.191077,4.964040,-0.229293,1.000000,1.200000,1
889,45.342759,20.123351,24.464700,24.963288,4.918730,0.062213,4.918730,0.074655,1.000000,1.200000,1
890,45.392084,20.257086,24.432042,24.962691,4.923261,-0.605552,4.923261,-0.726662,1.000000,1.200000,1
891,45.445659,19.569187,26.890219,24.964854,4.952712,-0.726964,4.952712,-0.872357,1.000000,1.200000,1
892,45.494193,19.354858,23.749429,24.963492,5.029739,-0.677771,5.029739,-0.813325,1.000000,1.200000,1
893,45.549920,20.539694,30.760863,24.969984,5.002553,-0.712311,5.002553,-0.854773,1.000000,1.200000,1
894,45.595034,20.038141,26.003327,24.971139,4.986695,-0.764643,4.986695,-0.917572,1.000000,1.200000,1
895,45.644175,20.004928,25.165416,24.971357,4.954978,-0.881868,4.954978,-1.058242,1.000000,1.200000,1
896,45.693141,20.045237,24.258549,24.970561,5.081845,-0.965601,5.081845,-1.158721,1.000000,1.200000,1
897,45.743633,19.895056,24.480230,24.970014,5.099969,-0.973974,5.099969,-1.168769,1.000000,1.200000,1
898,45.792820,20.269343,24.310444,24.969280,5.088642,-0.843142,5.088642,-1.011771,1.000000,1.200000,1
899,45.842603,20.061224,24.251294,24.968481,5.079580,-0.851516,5.079580,-1.021819,1.000000,1.200000,1
900,45.893735,19.689922,24.596273,24.968068,5.075048,-0.759410,5.075048,-0.911292,1.000000,1.200000,1
901,45.942808,20.309028,24.402930,24.967440,5.068253,-0.761503,5.068253,-0.913804,1.000000,1.200000,1
902,45.993821,19.906453,25.190692,24.967688,5.086376,-0.736384,5.086376,-0.883660,1.000000,1.200000,1
903,46.042748,20.107668,24.403177,24.967063,5.075048,-0.742664,5.075048,-0.891196,1.000000,1.200000,1
904,46.096867,19.708700,27.794511,24.970190,5.093173,-0.748944,5.093173,-0.898732,1.000000,1.200000,1
905,46.144162,19.937284,24.928333,24.970144,5.084111,-0.827442,5.084111,-0.992931,1.000000,1.200000,1
906,46.193410,20.091065,24.393637,24.969508,5.084111,-0.966647,5.084111,-1.159977,1.000000,1.200000,1
907,46.243406,20.058118,24.554917,24.969051,4.939119,-0.776156,4.939119,-0.931388,1.000000,1.200000,1
908,46.292713,20.114688,24.128864,24.968126,4.970836,-0.754177,4.970836,-0.905012,1.000000,1.200000,1
909,46.342455,20.087519,24.086612,24.967156,4.927792,-0.460067,4.927792,-0.552081,1.000000,1.200000,1
910,46.392622,20.173146,24.683288,24.966844,4.939119,-0.435994,4.939119,-0.523193,1.000000,1.200000,1
911,46.443430,19.629513,24.554133,24.966391,4.934588,-0.469487,4.934588,-0.563385,1.000000,1.200000,1
912,46.492569,20.333877,24.525617,24.965907,4.986695,-0.536473,4.986695,-0.643767,1.000000,1.200000,1
913,46.543998,19.380850,24.345953,24.965228,4.925526,-0.292603,4.925526,-0.351123,1.000000,1.200000,1
914,46.593171,20.582566,24.916436,24.965175,5.004818,-0.276903,5.004818,-0.332283,1.000000,1.200000,1
915,46.641893,20.013587,23.657067,24.963745,5.000288,-0.331329,5.000288,-0.397595,1.000000,1.200000,1
916,46.692978,19.932656,24.601611,24.963350,4.993491,-0.260157,4.993491,-0.312188,1.000000,1.200000,1
917,46.742666,20.053417,24.435964,24.962775,5.016146,0.162692,5.016146,0.195230,1.000000,1.200000,1
918,46.793117,19.778957,24.310603,24.962065,4.995757,0.092566,4.995757,0.111079,1.000000,1.200000,1
919,46.843761,20.191208,25.445033,24.962590,5.004818,0.061166,5.004818,0.073399,1.000000,1.200000,1
920,46.894554,19.980004,26.159860,24.963891,4.998022,0.121872,4.998022,0.146247,1.000000,1.200000,1
921,46.942629,20.036680,24.331287,24.963205,4.936854,0.310270,4.936854,0.372324,1.000000,1.200000,1
922,46.994565,19.783719,25.716124,24.964021,4.927792,0.336436,4.927792,0.403723,1.000000,1.200000,1
923,47.042331,20.253867,24.124914,24.963112,4.914199,0.418075,4.914199,0.501690,1.000000,1.200000,1
924,47.092659,19.913497,24.221689,24.962310,4.918730,0.403422,4.918730,0.484106,1.000000,1.200000,1
925,47.143073,19.871540,24.320030,24.961615,4.819048,0.588679,4.819048,0.706415,1.000000,1.200000,1
926,47.195551,19.773067,26.214335,24.962968,4.726163,0.686018,4.726163,0.823222,1.000000,1.200000,1
927,47.243710,20.139160,24.726916,24.962714,4.773739,0.588679,4.773739,0.706415,1.000000,1.200000,1
928,47.293360,19.938661,24.229137,24.961923,4.798659,0.555187,4.798659,0.666224,1.000000,1.200000,1
929,47.345026,19.422649,24.408208,24.961327,4.782801,0.562513,4.782801,0.675015,1.000000,1.200000,1
930,47.394206,20.683081,25.231540,24.961618,4.800925,0.570886,4.800925,0.685063,1.000000,1.200000,1
931,47.444041,19.756921,24.450032,24.961068,4.789597,0.561466,4.789597,0.673759,1.000000,1.200000,1
932,47.493074,20.385893,24.434566,24.960503,4.782801,0.575073,4.782801,0.690087,1.000000,1.200000,1
933,47.545278,20.094269,26.876878,24.962557,4.789597,0.571933,4.789597,0.686320,1.000000,1.200000,1
934,47.593865,19.550938,24.329773,24.961880,4.787332,0.572979,4.787332,0.687575,1.000000,1.200000,1
935,47.643770,20.448879,25.328782,24.962272,4.776004,0.580306,4.776004,0.696367,1.000000,1.200000,1
936,47.692542,20.004866,24.091774,24.961342,4.757880,0.585539,4.757880,0.702647,1.000000,1.200000,1
937,47.742907,19.921258,24.270527,24.960605,4.748818,0.602286,4.748818,0.722743,1.000000,1.200000,1
938,47.792720,20.185640,24.557632,24.960175,4.834907,0.452614,4.834907,0.543137,1.000000,1.200000,1
939,47.842873,19.986439,24.676265,24.959873,4.932323,0.350042,4.932323,0.420051,1.000000,1.200000,1
940,47.892653,19.958214,24.348275,24.959222,4.925526,0.336436,4.925526,0.403723,1.000000,1.200000,1
941,47.942529,19.902668,23.982432,24.958184,4.927792,0.347949,4.927792,0.417539,1.000000,1.200000,1
942,47.993183,20.036945,24.706434,24.957917,4.925526,0.350042,4.925526,0.420051,1.000000,1.200000,1
943,48.043125,19.884880,24.379569,24.957304,4.945916,0.309223,4.945916,0.371068,1.000000,1.200000,1
944,48.092982,20.309393,25.014557,24.957364,4.986695,0.132339,4.986695,0.158806,1.000000,1.200000,1
945,48.142411,19.879034,24.100065,24.956457,4.986695,0.133385,4.986695,0.160062,1.000000,1.200000,1
946,48.193419,19.979684,25.079103,24.956587,5.022943,-0.055012,5.022943,-0.066015,1.000000,1.200000,1
947,48.243783,19.635949,24.515295,24.956121,5.020677,-0.078039,5.020677,-0.093647,1.000000,1.200000,1
948,48.293203,20.365064,24.827882,24.955985,5.009350,-0.222477,5.009350,-0.266972,1.000000,1.200000,1
949,48.344756,19.271078,24.106851,24.955091,5.004818,-0.345982,5.004818,-0.415178,1.000000,1.200000,1
950,48.396254,19.362652,24.347657,24.954451,5.002553,-0.341795,5.002553,-0.410155,1.000000,1.200000,1
951,48.445149,20.868991,25.312205,24.954827,4.979898,-0.168051,4.979898,-0.201661,1.000000,1.200000,1
952,48.492592,20.580456,24.161753,24.953994,4.862092,-0.000587,4.862092,-0.000704,1.000000,1.200000,1
953,48.542915,20.145947,24.861112,24.953897,4.920995,-0.620205,4.920995,-0.744246,1.000000,1.200000,1
954,48.592725,19.999530,24.674972,24.953605,4.920995,-0.595086,4.920995,-0.714103,1.000000,1.200000,1
955,48.642623,19.946284,24.422727,24.953049,4.968571,-0.686144,4.968571,-0.823373,1.000000,1.200000,1
956,48.692398,19.973683,24.137997,24.952196,5.009350,-0.685098,5.009350,-0.822117,1.000000,1.200000,1
957,48.743757,19.665466,24.653801,24.951884,4.957243,-0.703937,4.957243,-0.844725,1.000000,1.200000,1
958,48.792947,20.200863,24.326149,24.951231,4.966305,-0.713357,4.966305,-0.856029,1.000000,1.200000,1
959,48.842626,20.303340,24.755599,24.951027,4.923261,-0.748944,4.923261,-0.898732,1.000000,1.200000,1
960,48.893637,19.654309,24.904775,24.950979,4.936854,-0.797090,4.936854,-0.956507,1.000000,1.200000,1
961,48.944675,20.330942,26.742317,24.952843,4.993491,-0.937341,4.993491,-1.124809,1.000000,1.200000,1
962,48.993704,19.545707,24.608118,24.952485,5.032004,-0.987580,5.032004,-1.185096,1.000000,1.200000,1
963,49.043355,19.964499,24.165589,24.951667,5.032004,-1.017933,5.032004,-1.221520,1.000000,1.200000,1
964,49.094031,20.279788,25.529476,24.952267,4.995757,-0.975020,4.995757,-1.170024,1.000000,1.200000,1
965,49.143799,19.753826,24.649635,24.951953,4.952712,-0.841049,4.952712,-1.009259,1.000000,1.200000,1
966,49.194739,19.579166,24.543407,24.951530,4.920995,-0.759410,4.920995,-0.911292,1.000000,1.200000,1
967,49.243023,20.573806,24.224688,24.950779,4.986695,-0.743710,4.986695,-0.892452,1.000000,1.200000,1
968,49.294370,20.263939,26.204450,24.952074,4.959509,-0.686144,4.959509,-0.823373,1.000000,1.200000,1
969,49.346354,19.776278,27.654213,24.954862,4.948181,-0.491467,4.948181,-0.589760,1.000000,1.200000,1
970,49.392726,20.310265,24.779711,24.954682,4.948181,-0.475767,4.948181,-0.570920,1.000000,1.200000,1
971,49.443571,19.765635,25.025343,24.954755,4.941385,-0.545893,4.941385,-0.655071,1.000000,1.200000,1
972,49.492345,20.066730,23.959463,24.953731,4.952712,-0.455881,4.952712,-0.547057,1.000000,1.200000,1
973,49.542329,20.123558,24.241381,24.952999,4.973102,-0.499840,4.973102,-0.599808,1.000000,1.200000,1
974,49.593435,19.587553,24.288514,24.952316,4.998022,-0.357495,4.998022,-0.428994,1.000000,1.200000,1
975,49.643300,19.970902,24.106733,24.951449,5.007084,-0.354355,5.007084,-0.425226,1.000000,1.200000,1
976,49.695653,20.378687,27.390185,24.953948,5.007084,-0.330282,5.007084,-0.396339,1.000000,1.200000,1
977,49.742499,20.088623,24.448483,24.953430,5.004818,-0.304116,5.004818,-0.364939,1.000000,1.200000,1
978,49.793449,19.917751,25.207680,24.953690,5.009350,0.088379,5.009350,0.106055,1.000000,1.200000,1
979,49.842606,20.024997,24.411821,24.953137,4.998022,0.085239,4.998022,0.102287,1.000000,1.200000,1
980,49.892868,19.870218,24.348700,24.952520,5.009350,0.069539,5.009350,0.083447,1.000000,1.200000,1
981,49.949290,18.676541,27.210814,24.954822,4.925526,0.286196,4.925526,0.343436,1.000000,1.200000,1
982,49.994479,21.139902,25.128760,24.954999,4.930058,0.311316,4.930058,0.373579,1.000000,1.200000,1
983,50.041837,20.571465,23.871629,24.953897,4.943650,0.317596,4.943650,0.381115,1.000000,1.200000,1
984,50.092381,19.765524,23.796735,24.952721,4.898341,0.426448,4.898341,0.511738,1.000000,1.200000,1
985,50.143027,20.054106,24.582533,24.952345,4.909668,0.409702,4.909668,0.491642,1.000000,1.200000,1
986,50.192684,20.075012,24.447784,24.951834,4.796394,0.616939,4.796394,0.740327,1.000000,1.200000,1
987,50.243076,19.727839,24.150352,24.951022,4.762411,0.586586,4.762411,0.703903,1.000000,1.200000,1
988,50.292464,20.245981,24.140892,24.950202,4.771473,0.575073,4.771473,0.690087,1.000000,1.200000,1
989,50.343242,19.775156,24.350317,24.949595,4.780535,0.571933,4.780535,0.686320,1.000000,1.200000,1
990,50.394033,20.099678,25.355674,24.950005,4.780535,0.570886,4.780535,0.685063,1.000000,1.200000,1
991,50.445385,19.783199,26.158211,24.951224,4.778270,0.576119,4.778270,0.691343,1.000000,1.200000,1
992,50.493053,20.162390,24.266947,24.950535,4.769208,0.572979,4.769208,0.687575,1.000000,1.200000,1
993,50.542598,20.191840,24.284886,24.949864,4.778270,0.576119,4.778270,0.691343,1.000000,1.200000,1
994,50.593343,19.894424,24.755530,24.949669,4.776004,0.556233,4.776004,0.667480,1.000000,1.200000,1
995,50.644891,19.382890,24.684965,24.949403,4.766942,0.586586,4.766942,0.703903,1.000000,1.200000,1
996,50.696625,19.720585,25.679157,24.950135,4.780535,0.570886,4.780535,0.685063,1.000000,1.200000,1
997,50.742975,21.039056,24.555864,24.949740,4.753349,0.599146,4.753349,0.718975,1.000000,1.200000,1
998,50.793689,19.411395,23.751275,24.948539,4.753349,0.555187,4.753349,0.666224,1.000000,1.200000,1
999,50.849129,20.742503,30.970574,24.954567,4.925526,0.367836,4.925526,0.441403,1.000000,1.200000,1
1000,50.894851,19.699259,25.947977,24.955561,4.925526,0.355276,4.925526,0.426331,1.000000,1.200000,1
1001,50.944703,20.001085,25.794928,24.956399,4.927792,0.328063,4.927792,0.393675,1.000000,1.200000,1
1002,50.992510,20.252397,24.242835,24.955687,4.941385,0.337482,4.941385,0.404979,1.000000,1.200000,1
1003,51.045348,19.380587,25.458883,24.956189,4.927792,0.331203,4.927792,0.397443,1.000000,1.200000,1
1004,51.092964,20.731690,24.862128,24.956095,4.918730,0.415982,4.918730,0.499178,1.000000,1.200000,1
1005,51.142706,19.825211,24.145040,24.955288,4.995757,0.144898,4.995757,0.173878,1.000000,1.200000,1
1006,51.196938,19.424052,26.876602,24.957198,4.982164,0.134432,4.982164,0.161318,1.000000,1.200000,1
1007,51.241839,21.045137,24.306954,24.956552,5.018412,-0.078039,5.018412,-0.093647,1.000000,1.200000,1
1008,51.292416,19.674284,24.051789,24.955654,5.052394,-0.076992,5.052394,-0.092391,1.000000,1.200000,1
1009,51.342264,20.146392,24.259901,24.954965,4.998022,-0.278996,4.998022,-0.334795,1.000000,1.200000,1
1010,51.393990,19.465489,24.595652,24.954609,4.993491,-0.366915,4.993491,-0.440298,1.000000,1.200000,1
1011,51.444511,20.216096,25.636817,24.955284,4.977633,-0.228757,4.977633,-0.274508,1.000000,1.200000,1
1012,51.494621,20.092773,25.996741,24.956313,4.925526,0.032907,4.925526,0.039488,1.000000,1.200000,1
1013,51.542647,20.160727,24.428224,24.955792,4.945916,-0.619159,4.945916,-0.742990,1.000000,1.200000,1
1014,51.592606,19.946296,24.247366,24.955093,4.936854,-0.745803,4.936854,-0.894964,1.000000,1.200000,1
1015,51.641848,20.055717,23.643677,24.953801,5.016146,-0.678818,5.016146,-0.814581,1.000000,1.200000,1
1016,51.692400,19.944004,24.020568,24.952883,4.986695,-0.704984,4.986695,-0.845981,1.000000,1.200000,1
1017,51.745518,18.999779,24.506120,24.952443,4.984429,-0.738477,4.984429,-0.886172,1.000000,1.200000,1
1018,51.792665,21.183159,24.481227,24.951980,4.939119,-0.754177,4.939119,-0.905012,1.000000,1.200000,1
1019,51.843890,19.510805,24.452590,24.951490,5.077314,-0.971881,5.077314,-1.166257,1.000000,1.200000,1
1020,51.892599,20.419386,24.170046,24.950724,5.088642,-0.950948,5.088642,-1.141137,1.000000,1.200000,1
1021,51.943195,19.887277,24.481728,24.950265,5.095438,-0.903848,5.095438,-1.084618,1.000000,1.200000,1
1022,51.992652,20.190437,24.408427,24.949735,5.106765,-0.865122,5.106765,-1.038146,1.000000,1.200000,1
1023,52.042996,19.947603,24.608857,24.949401,5.072783,-0.843142,5.072783,-1.011771,1.000000,1.200000,1
1024,52.092841,19.914369,24.256434,24.948725,5.059190,-0.797090,5.059190,-0.956507,1.000000,1.200000,1
1025,52.142865,19.919603,24.079390,24.947877,5.070518,-0.740570,5.070518,-0.888684,1.000000,1.200000,1
1026,52.194106,19.908951,25.085299,24.948010,5.081845,-0.764643,5.081845,-0.917572,1.000000,1.200000,1
1027,52.242471,20.299006,23.758764,24.946853,5.084111,-0.836862,5.084111,-1.004235,1.000000,1.200000,1
1028,52.293047,20.028734,24.835344,24.946744,5.097703,-0.931061,5.097703,-1.117273,1.000000,1.200000,1
1029,52.342827,19.927504,24.416852,24.946229,5.027473,-0.989674,5.027473,-1.187608,1.000000,1.200000,1
1030,52.392654,20.043532,24.372286,24.945672,4.930058,-0.755224,4.930058,-0.906268,1.000000,1.200000,1
1031,52.442044,19.978906,23.721137,24.944484,4.973102,-0.731150,4.973102,-0.877380,1.000000,1.200000,1
1032,52.493094,19.894348,24.481184,24.944035,4.927792,-0.460067,4.927792,-0.552081,1.000000,1.200000,1
1033,52.542231,20.035600,23.711722,24.942842,4.943650,-0.474720,4.943650,-0.569665,1.000000,1.200000,1
1034,52.593521,20.100562,25.267000,24.943156,4.945916,-0.521820,4.945916,-0.626184,1.000000,1.200000,1
1035,52.644877,19.566372,25.506818,24.943700,4.988960,-0.547986,4.988960,-0.657583,1.000000,1.200000,1
1036,52.692626,20.370159,24.169538,24.942953,4.961774,-0.275856,4.961774,-0.331028,1.000000,1.200000,1
1037,52.742617,20.051349,24.284495,24.942318,5.004818,-0.341795,5.004818,-0.410155,1.000000,1.200000,1
1038,52.793505,19.936343,25.019742,24.942393,5.000288,-0.329236,5.000288,-0.395083,1.000000,1.200000,1
1039,52.842914,20.091850,24.668950,24.942130,4.968571,-0.210964,4.968571,-0.253156,1.000000,1.200000,1
1040,52.892766,19.904147,24.270962,24.941484,5.007084,0.059073,5.007084,0.070888,1.000000,1.200000,1
1041,52.942076,20.187799,24.035650,24.940614,5.018412,0.067446,5.018412,0.080935,1.000000,1.200000,1
1042,52.994394,19.899409,26.092335,24.941719,5.025208,0.086286,5.025208,0.103543,1.000000,1.200000,1
1043,53.042375,20.152043,24.470973,24.941268,4.950447,0.288290,4.950447,0.345948,1.000000,1.200000,1
1044,53.093236,19.675849,24.491865,24.940838,4.934588,0.313410,4.934588,0.376091,1.000000,1.200000,1
1045,53.143542,20.147961,25.161708,24.941049,4.943650,0.340622,4.943650,0.408747,1.000000,1.200000,1
1046,53.195480,19.909543,26.867011,24.942890,4.907403,0.401329,4.907403,0.481594,1.000000,1.200000,1
1047,53.250827,19.828317,31.799665,24.949439,4.914199,0.405515,4.914199,0.486618,1.000000,1.200000,1
1048,53.295332,20.017685,26.324640,24.950751,4.771473,0.607519,4.771473,0.729023,1.000000,1.200000,1
1049,53.345179,20.194000,26.654925,24.952376,4.771473,0.572979,4.771473,0.687575,1.000000,1.200000,1
1050,53.396081,19.838812,27.165054,24.954483,4.782801,0.567746,4.782801,0.681296,1.000000,1.200000,1
1051,53.444229,19.385993,23.712784,24.953302,4.785066,0.547860,4.785066,0.657432,1.000000,1.200000,1
1052,53.493409,20.578580,24.300810,24.952682,4.821314,0.548906,4.821314,0.658688,1.000000,1.200000,1
1053,53.543379,20.000814,24.274539,24.952038,4.825845,0.531114,4.825845,0.637336,1.000000,1.200000,1
1054,53.597677,20.013539,28.587297,24.955487,4.782801,0.567746,4.782801,0.681296,1.000000,1.200000,1
1055,53.642739,20.273736,24.350115,24.954913,4.787332,0.575073,4.787332,0.690087,1.000000,1.200000,1
1056,53.692842,19.991505,24.441730,24.954427,4.782801,0.568793,4.782801,0.682551,1.000000,1.200000,1
1057,53.744606,20.080718,26.409346,24.955803,4.782801,0.572979,4.782801,0.687575,1.000000,1.200000,1
1058,53.792804,19.930803,24.455765,24.955331,4.776004,0.589726,4.776004,0.707671,1.000000,1.200000,1
1059,53.844971,19.949186,26.440626,24.956733,4.766942,0.560420,4.766942,0.672504,1.000000,1.200000,1
1060,53.893269,20.172757,25.208575,24.956971,4.737491,0.587633,4.737491,0.705159,1.000000,1.200000,1
1061,53.945194,19.586995,26.014250,24.957967,4.787332,0.504947,4.787332,0.605937,1.000000,1.200000,1
1062,53.993350,20.025101,24.269683,24.957319,4.936854,0.338529,4.936854,0.406235,1.000000,1.200000,1
1063,54.043131,20.032448,24.136038,24.956547,4.934588,0.353182,4.934588,0.423819,1.000000,1.200000,1
1064,54.095355,19.921837,26.138422,24.957657,4.936854,0.336436,4.936854,0.403723,1.000000,1.200000,1
1065,54.151024,18.913790,28.908706,24.961367,4.927792,0.317596,4.927792,0.381115,1.000000,1.200000,1
1066,54.192575,21.571030,24.168086,24.960623,4.950447,0.294570,4.950447,0.353484,1.000000,1.200000,1
1067,54.243813,19.550307,24.267560,24.959973,4.986695,0.140712,4.986695,0.168854,1.000000,1.200000,1
1068,54.292880,20.297946,24.047753,24.959119,4.993491,0.130245,4.993491,0.156294,1.000000,1.200000,1
1069,54.346454,19.858853,27.268905,24.961280,5.022943,-0.084319,5.022943,-0.101183,1.000000,1.200000,1
1070,54.393062,20.271177,24.555633,24.960901,5.018412,-0.083272,5.018412,-0.099927,1.000000,1.200000,1
1071,54.445599,18.912826,24.205726,24.960196,4.993491,-0.267483,4.993491,-0.320980,1.000000,1.200000,1
1072,54.492895,21.302957,24.567178,24.959829,4.979898,-0.339702,4.979898,-0.407643,1.000000,1.200000,1
1073,54.542099,20.175347,24.208853,24.959129,5.000288,-0.348075,5.000288,-0.417690,1.000000,1.200000,1
1074,54.592564,19.926225,24.480774,24.958684,4.968571,-0.228757,4.968571,-0.274508,1.000000,1.200000,1
1075,54.645179,19.941673,26.943095,24.960530,4.839438,0.072679,4.839438,0.087215,1.000000,1.200000,1
1076,54.693900,20.151180,26.051622,24.961544,4.923261,-0.590899,4.923261,-0.709079,1.000000,1.200000,1
1077,54.741974,20.075171,24.315598,24.960944,4.950447,-0.686144,4.950447,-0.823373,1.000000,1.200000,1
1078,54.792973,19.502249,24.032336,24.960083,4.982164,-0.662071,4.982164,-0.794485,1.000000,1.200000,1
1079,54.841891,20.329445,23.768685,24.958979,5.000288,-0.703937,5.000288,-0.844725,1.000000,1.200000,1
1080,54.893113,19.741704,24.327519,24.958394,4.977633,-0.719637,4.977633,-0.863565,1.000000,1.200000,1
1081,54.943418,19.894638,24.359680,24.957840,4.977633,-0.792903,4.977633,-0.951484,1.000000,1.200000,1
1082,54.992963,20.211826,24.445255,24.957366,4.914199,-0.725917,4.914199,-0.871101,1.000000,1.200000,1
1083,55.044950,19.518296,25.207013,24.957597,4.984429,-0.900708,4.984429,-1.080850,1.000000,1.200000,1
1084,55.092502,20.770810,24.609961,24.957276,5.068253,-0.964554,5.068253,-1.157465,1.000000,1.200000,1
1085,55.142983,19.745449,24.427013,24.956787,5.084111,-0.966647,5.084111,-1.159977,1.000000,1.200000,1
1086,55.193427,20.081485,25.044266,24.956868,5.088642,-0.953041,5.088642,-1.143649,1.000000,1.200000,1
1087,55.243359,19.698805,24.250155,24.956218,5.097703,-0.966647,5.097703,-1.159977,1.000000,1.200000,1
1088,55.292617,20.286153,24.227186,24.955548,5.038801,-0.972927,5.038801,-1.167513,1.000000,1.200000,1
1089,55.342326,20.027662,23.994841,24.954666,4.948181,-0.828489,4.948181,-0.994187,1.000000,1.200000,1
1090,55.392297,19.982515,23.908982,24.953706,4.911933,-0.729057,4.911933,-0.874868,1.000000,1.200000,1
1091,55.442705,19.915219,24.109906,24.952933,4.957243,-0.708124,4.957243,-0.849749,1.000000,1.200000,1
1092,55.493051,20.027614,24.520203,24.952536,4.968571,-0.734290,4.968571,-0.881148,1.000000,1.200000,1
1093,55.542874,20.158569,24.742998,24.952345,4.932323,-0.460067,4.932323,-0.552081,1.000000,1.200000,1
1094,55.596351,19.889932,27.910768,24.955049,4.948181,-0.498793,4.948181,-0.598552,1.000000,1.200000,1
1095,55.642931,20.028389,24.594096,24.954719,4.952712,-0.528100,4.952712,-0.633720,1.000000,1.200000,1
1096,55.696724,19.934836,28.209556,24.957689,4.991226,-0.549033,4.991226,-0.658839,1.000000,1.200000,1
1097,55.742653,20.218438,24.688889,24.957444,4.914199,-0.263296,4.914199,-0.315956,1.000000,1.200000,1
1098,55.795864,19.453063,26.467019,24.958819,4.998022,-0.304116,4.998022,-0.364939,1.000000,1.200000,1
1099,55.843828,19.992381,24.444933,24.958351,5.007084,-0.318769,5.007084,-0.382523,1.000000,1.200000,1
1100,55.892916,20.287033,24.237628,24.957696,5.002553,-0.312489,5.002553,-0.374987,1.000000,1.200000,1
1101,55.944626,19.912494,25.728886,24.958397,5.000288,0.218164,5.000288,0.261797,1.000000,1.200000,1
1102,55.996512,18.834706,24.520213,24.957999,5.011615,0.082099,5.011615,0.098519,1.000000,1.200000,1
1103,56.043350,21.529959,24.917227,24.957962,5.002553,0.044420,5.002553,0.053303,1.000000,1.200000,1
1104,56.092764,19.972486,24.270773,24.957340,5.025208,0.083146,5.025208,0.099775,1.000000,1.200000,1
1105,56.143145,19.853965,24.251528,24.956701,4.943650,0.276777,4.943650,0.332132,1.000000,1.200000,1
1106,56.193725,20.033051,24.918258,24.956666,4.952712,0.316550,4.952712,0.379859,1.000000,1.200000,1
1107,56.243478,20.005847,24.687337,24.956423,4.930058,0.350042,4.930058,0.420051,1.000000,1.200000,1
1108,56.293770,19.922184,24.790913,24.956273,4.930058,0.382488,4.930058,0.458986,1.000000,1.200000,1
1109,56.343054,20.120027,24.385224,24.955758,4.914199,0.407608,4.914199,0.489130,1.000000,1.200000,1
1110,56.396111,19.437024,25.983534,24.956684,4.889278,0.495527,4.889278,0.594632,1.000000,1.200000,1
1111,56.444910,20.315065,25.537285,24.957207,4.708040,0.751957,4.708040,0.902348,1.000000,1.200000,1
1112,56.494875,20.110625,25.792032,24.957958,4.773739,0.576119,4.773739,0.691343,1.000000,1.200000,1
1113,56.544476,20.299852,26.134275,24.959015,4.766942,0.574026,4.766942,0.688831,1.000000,1.200000,1
1114,56.594771,19.865271,26.097450,24.960037,4.780535,0.565653,4.780535,0.678783,1.000000,1.200000,1
1115,56.644727,19.798312,25.541140,24.960558,4.771473,0.593912,4.771473,0.712695,1.000000,1.200000,1
1116,56.693321,20.111428,24.395687,24.960052,4.764677,0.590772,4.764677,0.708927,1.000000,1.200000,1
1117,56.742433,20.193573,24.009479,24.959201,4.776004,0.589726,4.776004,0.707671,1.000000,1.200000,1
1118,56.793949,19.775507,24.961564,24.959203,4.764677,0.575073,4.764677,0.690087,1.000000,1.200000,1
1119,56.842781,20.235443,24.368742,24.958675,4.712571,0.649385,4.712571,0.779262,1.000000,1.200000,1
1120,56.891851,20.348943,24.305682,24.958092,4.923261,0.367836,4.923261,0.441403,1.000000,1.200000,1
1121,56.942912,19.824767,24.931623,24.958068,4.936854,0.329109,4.936854,0.394931,1.000000,1.200000,1
1122,56.993785,19.844380,25.369050,24.958435,4.934588,0.340622,4.934588,0.408747,1.000000,1.200000,1
1123,57.043030,20.016068,24.672425,24.958180,4.930058,0.346903,4.930058,0.416283,1.000000,1.200000,1
1124,57.097559,18.876307,26.175313,24.959263,4.939119,0.336436,4.939119,0.403723,1.000000,1.200000,1
1125,57.142807,21.343606,24.637713,24.958977,4.930058,0.322829,4.930058,0.387395,1.000000,1.200000,1
1126,57.193234,19.988433,25.020291,24.959031,4.932323,0.359462,4.932323,0.431355,1.000000,1.200000,1
1127,57.244105,19.928302,25.709377,24.959697,4.995757,0.153271,4.995757,0.183926,1.000000,1.200000,1
1128,57.293637,19.839890,24.850565,24.959600,4.988960,0.118732,4.988960,0.142478,1.000000,1.200000,1
1129,57.342966,20.193396,24.665520,24.959340,5.027473,-0.076992,5.027473,-0.092391,1.000000,1.200000,1
1130,57.392557,20.091313,24.487651,24.958923,5.056925,-0.086412,5.056925,-0.103694,1.000000,1.200000,1
1131,57.444019,19.428001,24.461850,24.958483,4.995757,-0.270623,4.995757,-0.324748,1.000000,1.200000,1
1132,57.494002,20.384263,25.392869,24.958867,4.984429,-0.340749,4.984429,-0.408899,1.000000,1.200000,1
1133,57.542820,20.011008,24.244819,24.958237,4.988960,-0.355402,4.988960,-0.426482,1.000000,1.200000,1
1134,57.592815,20.124896,24.528088,24.957857,4.966305,-0.187937,4.966305,-0.225525,1.000000,1.200000,1
1135,57.644004,20.099807,25.984373,24.958762,4.887013,-0.049779,4.887013,-0.059735,1.000000,1.200000,1
1136,57.692914,19.918444,24.692499,24.958527,4.927792,-0.594039,4.927792,-0.712846,1.000000,1.200000,1
1137,57.742436,20.003089,24.203278,24.957863,4.939119,-0.589852,4.939119,-0.707823,1.000000,1.200000,1
1138,57.793723,19.694347,24.712185,24.957647,4.975367,-0.668351,4.975367,-0.802021,1.000000,1.200000,1
1139,57.843513,19.943704,24.361896,24.957124,5.016146,-0.686144,5.016146,-0.823373,1.000000,1.200000,1
1140,57.893395,20.099229,24.516968,24.956738,4.984429,-0.742664,4.984429,-0.891196,1.000000,1.200000,1
1141,57.942111,20.425920,24.262699,24.956130,4.973102,-0.715451,4.973102,-0.858541,1.000000,1.200000,1
1142,57.994202,19.231414,24.356823,24.955605,4.991226,-0.821162,4.991226,-0.985395,1.000000,1.200000,1
1143,58.042841,20.600467,24.448838,24.955162,4.920995,-0.770923,4.920995,-0.925108,1.000000,1.200000,1
1144,58.093536,20.044490,25.254647,24.955423,4.918730,-0.775110,4.918730,-0.930132,1.000000,1.200000,1
1145,58.143919,19.769570,25.075303,24.955528,4.936854,-0.787670,4.936854,-0.945204,1.000000,1.200000,1
1146,58.194408,20.167194,25.969787,24.956413,4.954978,-0.818023,4.954978,-0.981627,1.000000,1.200000,1
1147,58.245131,19.550171,25.530664,24.956914,4.923261,-0.714404,4.923261,-0.857285,1.000000,1.200000,1
1148,58.294082,20.535663,25.800098,24.957648,4.941385,-0.729057,4.941385,-0.874868,1.000000,1.200000,1
1149,58.342335,19.954549,23.965637,24.956785,4.979898,-0.836862,4.979898,-1.004235,1.000000,1.200000,1
1150,58.393355,20.011382,24.964643,24.956792,4.977633,-0.604505,4.977633,-0.725406,1.000000,1.200000,1
1151,58.444031,20.019837,25.708681,24.957445,4.945916,-0.524960,4.945916,-0.629951,1.000000,1.200000,1
1152,58.493531,19.833150,24.790855,24.957300,4.936854,-0.395175,4.936854,-0.474210,1.000000,1.200000,1
1153,58.542224,20.246600,24.098653,24.956556,4.934588,-0.459021,4.934588,-0.550825,1.000000,1.200000,1
1154,58.593295,19.973022,25.087068,24.956669,4.970836,-0.616019,4.970836,-0.739222,1.000000,1.200000,1
1155,58.642619,20.034253,24.493363,24.956268,4.984429,-0.542753,4.984429,-0.651303,1.000000,1.200000,1
1156,58.696302,19.456943,26.747526,24.957817,4.905137,-0.216197,4.905137,-0.259436,1.000000,1.200000,1
1157,58.742534,20.506058,24.263373,24.957217,5.000288,-0.277950,5.000288,-0.333539,1.000000,1.200000,1
1158,58.793796,20.082873,25.714257,24.957871,5.002553,-0.339702,5.002553,-0.407643,1.000000,1.200000,1
1159,58.846880,20.024666,28.872708,24.961248,4.977633,-0.175378,4.977633,-0.210453,1.000000,1.200000,1
1160,58.894367,19.913188,26.130379,24.962256,4.970836,-0.082226,4.970836,-0.098671,1.000000,1.200000,1
1161,58.945439,19.012463,24.602721,24.961947,5.056925,0.047559,5.056925,0.057071,1.000000,1.200000,1
1162,58.992670,21.009636,24.230491,24.961317,5.022943,0.053839,5.022943,0.064607,1.000000,1.200000,1
1163,59.044757,19.549224,25.155798,24.961484,5.018412,0.089426,5.018412,0.107311,1.000000,1.200000,1
1164,59.092317,20.547283,23.611809,24.960325,4.941385,0.303990,4.941385,0.364788,1.000000,1.200000,1
1165,59.144332,19.674685,25.257933,24.960580,4.914199,0.379349,4.914199,0.455219,1.000000,1.200000,1
1166,59.194564,20.089844,25.696288,24.961211,4.911933,0.405515,4.911933,0.486618,1.000000,1.200000,1
1167,59.242935,20.068231,24.233860,24.960588,4.911933,0.383535,4.911933,0.460242,1.000000,1.200000,1
1168,59.296223,19.514638,26.293069,24.961729,4.945916,0.355276,4.945916,0.426331,1.000000,1.200000,1
1169,59.342714,20.643710,24.333978,24.961192,4.816783,0.588679,4.816783,0.706415,1.000000,1.200000,1
1170,59.392377,20.138560,24.326692,24.960650,4.864358,0.498667,4.864358,0.598400,1.000000,1.200000,1
1171,59.445561,19.687931,26.723156,24.962155,4.859828,0.566700,4.859828,0.680039,1.000000,1.200000,1
1172,59.494607,20.337149,26.638147,24.963585,4.884748,0.533207,4.884748,0.639848,1.000000,1.200000,1
1173,59.542983,19.866534,24.652503,24.963319,4.871155,0.523787,4.871155,0.628544,1.000000,1.200000,1
1174,59.595150,20.205709,27.356042,24.965358,4.884748,0.536346,4.884748,0.643616,1.000000,1.200000,1
1175,59.642624,19.739998,24.142815,24.964658,4.877951,0.536346,4.877951,0.643616,1.000000,1.200000,1
1176,59.697763,19.353383,27.593833,24.966893,4.884748,0.533207,4.884748,0.639848,1.000000,1.200000,1
1177,59.745605,20.305187,26.202680,24.967943,4.875686,0.557280,4.875686,0.668736,1.000000,1.200000,1
1178,59.793239,20.221207,24.404288,24.967465,4.902872,0.523787,4.902872,0.628544,1.000000,1.200000,1
1179,59.845847,19.472004,25.641880,24.968037,4.887013,0.532160,4.887013,0.638592,1.000000,1.200000,1
1180,59.892104,20.866879,23.982424,24.967201,4.866623,0.544720,4.866623,0.653664,1.000000,1.200000,1
1181,59.944565,19.303087,24.632916,24.966918,4.796394,0.564606,4.796394,0.677527,1.000000,1.200000,1
1182,59.993357,20.502529,24.650988,24.966651,4.839438,0.486107,4.839438,0.583329,1.000000,1.200000,1
1183,60.042426,20.215064,24.265078,24.966058,4.911933,0.397142,4.911933,0.476570,1.000000,1.200000,1
1184,60.096437,18.819809,25.146813,24.966211,4.925526,0.424355,4.925526,0.509226,1.000000,1.200000,1
1185,60.143669,20.864944,24.445681,24.965771,4.930058,0.412842,4.930058,0.495410,1.000000,1.200000,1
1186,60.192775,20.123063,23.859941,24.964839,4.918730,0.412842,4.918730,0.495410,1.000000,1.200000,1
1187,60.243347,20.008460,24.443096,24.964400,4.925526,0.309223,4.925526,0.371068,1.000000,1.200000,1
1188,60.292155,20.492607,24.460706,24.963976,4.966305,0.293523,4.966305,0.352228,1.000000,1.200000,1
1189,60.342428,19.853416,24.371133,24.963477,5.016146,0.085239,5.016146,0.102287,1.000000,1.200000,1
1190,60.393064,20.057647,25.128998,24.963616,5.018412,0.037093,5.018412,0.044512,1.000000,1.200000,1
1191,60.443191,19.380412,23.664198,24.962525,5.013881,0.052793,5.013881,0.063351,1.000000,1.200000,1
1192,60.543227,10.020670,23.890726,24.961626,4.968571,-0.130372,4.968571,-0.156446,1.000000,1.200000,1
1193,60.592570,20.443163,24.340013,24.961105,4.986695,-0.250736,4.986695,-0.300884,1.000000,1.200000,1
1194,60.642126,20.271422,24.568470,24.960776,4.993491,-0.336562,4.993491,-0.403875,1.000000,1.200000,1
1195,60.693123,19.742338,24.908765,24.960732,5.009350,-0.299929,5.009350,-0.359915,1.000000,1.200000,1
1196,60.743852,19.803271,25.141924,24.960884,4.927792,-0.287369,4.927792,-0.344843,1.000000,1.200000,1
1197,60.794659,19.376403,24.301013,24.960333,4.986695,-0.538566,4.986695,-0.646279,1.000000,1.200000,1
1198,60.842430,20.757275,23.919609,24.959464,4.970836,-0.614972,4.970836,-0.737966,1.000000,1.200000,1
1199,60.893945,19.429978,23.980271,24.958647,4.941385,-0.544846,4.941385,-0.653815,1.000000,1.200000,1
1200,60.943578,20.638726,25.139465,24.958798,4.936854,-0.609739,4.936854,-0.731686,1.000000,1.200000,1
1201,60.994883,19.798737,25.938073,24.959613,4.959509,-0.590899,4.959509,-0.709079,1.000000,1.200000,1
1202,61.042239,20.127943,23.627931,24.958505,4.936854,-0.601365,4.936854,-0.721638,1.000000,1.200000,1
1203,61.091914,20.414708,24.308946,24.957965,4.943650,-0.577292,4.943650,-0.692751,1.000000,1.200000,1
1204,61.146105,19.577541,27.421449,24.960012,4.923261,-0.562639,4.923261,-0.675167,1.000000,1.200000,1
1205,61.192062,20.330451,24.176959,24.959362,4.920995,-0.585665,4.920995,-0.702799,1.000000,1.200000,1
1206,61.245021,19.677955,26.338352,24.960505,4.932323,-0.594039,4.932323,-0.712846,1.000000,1.200000,1
1207,61.298746,19.490322,28.679693,24.963587,4.916464,-0.569966,4.916464,-0.683959,1.000000,1.200000,1
1208,61.342354,20.936219,24.607009,24.963291,4.939119,-0.556359,4.939119,-0.667631,1.000000,1.200000,1
1209,61.391757,20.141595,24.360812,24.962793,4.950447,-0.550079,4.950447,-0.660095,1.000000,1.200000,1
1210,61.442435,19.717452,24.296182,24.962242,4.855297,-0.193171,4.855297,-0.231805,1.000000,1.200000,1
1211,61.493848,19.956759,25.614874,24.962781,5.004818,-0.141885,5.004818,-0.170262,1.000000,1.200000,1
1212,61.542194,20.100420,24.226855,24.962174,4.993491,-0.139791,4.993491,-0.167750,1.000000,1.200000,1
1213,61.592867,19.913805,24.671096,24.961934,4.988960,-0.132465,4.988960,-0.158958,1.000000,1.200000,1
1214,61.642456,20.101141,24.503262,24.961556,4.993491,-0.154444,4.993491,-0.185333,1.000000,1.200000,1
1215,61.692238,20.021297,24.342992,24.961047,5.009350,0.045466,5.009350,0.054559,1.000000,1.200000,1
1216,61.746092,19.910436,27.970854,24.963522,5.036536,0.052793,5.036536,0.063351,1.000000,1.200000,1
1217,61.791980,20.044863,23.985593,24.962719,5.032004,0.063259,5.032004,0.075911,1.000000,1.200000,1
1218,61.843952,19.671711,25.080720,24.962815,5.025208,0.032907,5.025208,0.039488,1.000000,1.200000,1
1219,61.903388,19.899319,34.218078,24.970408,5.000288,0.129199,5.000288,0.155038,1.000000,1.200000,1
1220,61.942895,20.266654,24.436549,24.969970,4.977633,0.158505,4.977633,0.190206,1.000000,1.200000,1
1221,61.992925,20.122977,24.776183,24.969812,4.873420,0.462034,4.873420,0.554441,1.000000,1.200000,1
1222,62.042341,20.042879,24.307135,24.969269,4.934588,0.351089,4.934588,0.421307,1.000000,1.200000,1
1223,62.094077,19.954433,25.926006,24.970052,4.927792,0.370975,4.927792,0.445171,1.000000,1.200000,1
1224,62.143860,20.125026,26.037609,24.970924,4.932323,0.360509,4.932323,0.432611,1.000000,1.200000,1
1225,62.192867,19.860636,24.706670,24.970708,4.943650,0.352136,4.943650,0.422563,1.000000,1.200000,1
1226,62.242581,20.006339,24.408678,24.970250,4.939119,0.370975,4.939119,0.445171,1.000000,1.200000,1
1227,62.295338,19.777697,26.612275,24.971588,4.932323,0.374115,4.932323,0.448938,1.000000,1.200000,1
1228,62.342986,20.073947,24.462840,24.971174,4.934588,0.378302,4.934588,0.453962,1.000000,1.200000,1
1229,62.395577,19.006694,24.405956,24.970714,4.911933,0.397142,4.911933,0.476570,1.000000,1.200000,1
1230,62.443290,21.066640,24.680888,24.970478,4.905137,0.422261,4.905137,0.506714,1.000000,1.200000,1
1231,62.494016,19.622627,24.441599,24.970048,4.907403,0.398188,4.907403,0.477826,1.000000,1.200000,1
1232,62.542878,20.328009,24.124114,24.969362,4.907403,0.381442,4.907403,0.457730,1.000000,1.200000,1
1233,62.593559,20.242091,25.383613,24.969698,4.927792,0.387722,4.927792,0.465266,1.000000,1.200000,1
1234,62.643684,19.916494,25.298275,24.969964,4.945916,0.309223,4.945916,0.371068,1.000000,1.200000,1
1235,62.693808,19.556617,24.288571,24.969412,5.000288,0.091519,5.000288,0.109823,1.000000,1.200000,1
1236,62.742392,20.585022,24.311556,24.968880,5.011615,0.088379,5.011615,0.106055,1.000000,1.200000,1
1237,62.792213,20.166751,24.544194,24.968537,5.025208,0.067446,5.025208,0.080935,1.000000,1.200000,1
1238,62.843278,19.816796,25.147226,24.968681,5.007084,0.059073,5.007084,0.070888,1.000000,1.200000,1
1239,62.894301,19.278384,24.288639,24.968132,5.045598,0.068492,5.045598,0.082191,1.000000,1.200000,1
1240,62.943030,20.512322,24.258474,24.967560,5.009350,0.138618,5.009350,0.166342,1.000000,1.200000,1
1241,62.992124,20.447367,24.445957,24.967140,5.020677,0.184671,5.020677,0.221606,1.000000,1.200000,1
1242,63.044153,19.275057,24.616312,24.966857,4.968571,-0.084319,4.968571,-0.101183,1.000000,1.200000,1
1243,63.092712,20.596262,24.619942,24.966578,4.959509,-0.129325,4.959509,-0.155190,1.000000,1.200000,1
1244,63.142677,19.850766,24.173431,24.965940,4.995757,-0.130372,4.995757,-0.156446,1.000000,1.200000,1
1245,63.192839,19.978158,24.302760,24.965408,4.975367,-0.205731,4.975367,-0.246877,1.000000,1.200000,1
1246,63.242758,20.066162,24.374404,24.964933,4.995757,-0.312489,4.995757,-0.374987,1.000000,1.200000,1
1247,63.297390,19.840215,28.604920,24.967852,5.022943,-0.282136,5.022943,-0.338563,1.000000,1.200000,1
1248,63.348861,20.275597,30.768283,24.972500,5.004818,-0.314583,5.004818,-0.377499,1.000000,1.200000,1
1249,63.393684,19.894310,25.331516,24.972788,4.993491,-0.315629,4.993491,-0.378755,1.000000,1.200000,1
1250,63.442822,19.947976,24.322503,24.972267,4.959509,-0.222477,4.959509,-0.266972,1.000000,1.200000,1
1251,63.493376,20.110532,25.147039,24.972407,4.920995,-0.198404,4.920995,-0.238085,1.000000,1.200000,1
1252,63.542019,20.188393,24.285892,24.971859,4.939119,-0.193171,4.939119,-0.231805,1.000000,1.200000,1
1253,63.593005,19.798877,24.755067,24.971686,4.993491,-0.293649,4.993491,-0.352379,1.000000,1.200000,1
1254,63.643312,19.829856,24.639378,24.971421,5.020677,-0.274810,5.020677,-0.329772,1.000000,1.200000,1
1255,63.694026,19.885254,25.044239,24.971479,4.993491,-0.252830,4.993491,-0.303396,1.000000,1.200000,1
1256,63.743223,20.011022,24.277533,24.970926,4.977633,-0.190031,4.977633,-0.228037,1.000000,1.200000,1
1257,63.792692,20.346902,24.595527,24.970628,4.975367,-0.119905,4.975367,-0.143886,1.000000,1.200000,1
1258,63.844708,19.497941,25.327763,24.970912,4.988960,-0.097925,4.988960,-0.117511,1.000000,1.200000,1
1259,63.893302,20.436979,24.990278,24.970927,4.966305,-0.090599,4.966305,-0.108718,1.000000,1.200000,1
1260,63.943633,19.788175,24.786145,24.970780,4.977633,-0.107345,4.977633,-0.128814,1.000000,1.200000,1
1261,63.993765,19.834919,24.492294,24.970401,4.993491,-0.165958,4.993491,-0.199149,1.000000,1.200000,1
1262,64.042644,20.426429,24.420868,24.969965,5.002553,-0.134558,5.002553,-0.161470,1.000000,1.200000,1
1263,64.092549,20.004806,24.340976,24.969467,4.977633,0.182578,4.977633,0.219093,1.000000,1.200000,1
1264,64.142205,20.009166,24.007887,24.968707,5.038801,0.055933,5.038801,0.067119,1.000000,1.200000,1
1265,64.192606,19.929905,24.250036,24.968139,5.041067,0.072679,5.041067,0.087215,1.000000,1.200000,1
1266,64.242394,20.018762,24.081381,24.967438,5.043332,0.064306,5.043332,0.077167,1.000000,1.200000,1
1267,64.292564,20.198552,24.746172,24.967263,5.038801,0.061166,5.038801,0.073399,1.000000,1.200000,1
1268,64.342520,19.905268,24.460211,24.966864,5.034270,0.042326,5.034270,0.050792,1.000000,1.200000,1
1269,64.392635,19.860253,24.211710,24.966269,5.004818,0.067446,5.004818,0.080935,1.000000,1.200000,1
1270,64.443969,19.932577,25.395924,24.966607,4.995757,0.150132,4.995757,0.180158,1.000000,1.200000,1
1271,64.493804,20.149222,25.585010,24.967093,5.009350,0.194091,5.009350,0.232910,1.000000,1.200000,1
1272,64.543224,19.754468,24.379492,24.966631,4.864358,0.485061,4.864358,0.582073,1.000000,1.200000,1
1273,64.593882,19.997647,25.044541,24.966693,4.893809,0.433775,4.893809,0.520530,1.000000,1.200000,1
1274,64.644073,19.639782,24.330544,24.966193,4.871155,0.431681,4.871155,0.518017,1.000000,1.200000,1
1275,64.693726,20.728773,25.715836,24.966781,4.909668,0.384582,4.909668,0.461498,1.000000,1.200000,1
1276,64.742983,19.919504,24.791059,24.966644,4.877951,0.414935,4.877951,0.497922,1.000000,1.200000,1
1277,64.792313,20.096399,24.344577,24.966156,4.880217,0.442148,4.880217,0.530578,1.000000,1.200000,1
1278,64.842172,20.033434,24.310329,24.965643,4.916464,0.342716,4.916464,0.411259,1.000000,1.200000,1
1279,64.892947,19.910777,24.872644,24.965571,5.004818,0.094659,5.004818,0.113591,1.000000,1.200000,1
1280,64.942445,19.954348,24.234407,24.964999,5.011615,0.089426,5.011615,0.107311,1.000000,1.200000,1
1281,64.994402,19.688967,25.375712,24.965320,5.002553,0.066399,5.002553,0.079679,1.000000,1.200000,1
1282,65.045790,19.809864,26.235960,24.966311,5.020677,0.040233,5.020677,0.048279,1.000000,1.200000,1
1283,65.092813,20.582172,24.743637,24.966137,5.025208,0.065353,5.025208,0.078423,1.000000,1.200000,1
1284,65.141877,20.178753,24.261037,24.965588,5.020677,0.069539,5.020677,0.083447,1.000000,1.200000,1
1285,65.193891,19.222713,24.243449,24.965026,5.025208,0.068492,5.025208,0.082191,1.000000,1.200000,1
1286,65.243281,20.636874,25.165985,24.965183,5.047863,0.055933,5.047863,0.067119,1.000000,1.200000,1
1287,65.296232,19.707391,27.364280,24.967047,5.041067,0.066399,5.041067,0.079679,1.000000,1.200000,1
1288,65.342811,20.115186,24.259178,24.966497,5.050128,0.065353,5.050128,0.078423,1.000000,1.200000,1
1289,65.395631,19.176151,24.920788,24.966462,5.043332,0.069539,5.043332,0.083447,1.000000,1.200000,1
1290,65.445665,20.027420,25.025209,24.966507,5.022943,0.054886,5.022943,0.065864,1.000000,1.200000,1
1291,65.491949,21.243442,24.238660,24.965943,5.027473,0.084193,5.027473,0.101031,1.000000,1.200000,1
1292,65.542784,19.804450,24.584212,24.965648,5.004818,0.119779,5.004818,0.143734,1.000000,1.200000,1
1293,65.592671,19.949763,24.342566,24.965166,4.973102,0.138618,4.973102,0.166342,1.000000,1.200000,1
1294,65.647602,18.158150,24.160712,24.964544,4.979898,-0.124092,4.979898,-0.148910,1.000000,1.200000,1
1295,65.696257,20.774329,24.695950,24.964337,5.009350,-0.116765,5.009350,-0.140118,1.000000,1.200000,1
1296,65.752749,18.912917,28.238137,24.966863,5.000288,-0.089552,5.000288,-0.107463,1.000000,1.200000,1
1297,65.798214,21.321780,26.906408,24.968359,4.984429,-0.089552,4.984429,-0.107463,1.000000,1.200000,1
1298,65.844990,20.182679,24.128903,24.967712,4.977633,-0.097925,4.977633,-0.117511,1.000000,1.200000,1
1299,65.896036,19.953774,25.059010,24.967782,4.988960,-0.072806,4.988960,-0.087367,1.000000,1.200000,1
1300,65.945301,20.088037,24.550664,24.967461,4.970836,-0.085366,4.970836,-0.102439,1.000000,1.200000,1
1301,65.995169,19.977544,24.353528,24.966989,4.984429,-0.088505,4.984429,-0.106206,1.000000,1.200000,1
1302,66.045099,19.928077,24.097385,24.966321,4.984429,-0.092692,4.984429,-0.111230,1.000000,1.200000,1
1303,66.096075,19.829815,24.645039,24.966075,4.984429,-0.103158,4.984429,-0.123790,1.000000,1.200000,1
1304,66.148784,19.655421,26.454175,24.967216,4.982164,-0.096879,4.982164,-0.116254,1.000000,1.200000,1
1305,66.198569,20.105442,26.518261,24.968405,4.988960,-0.110485,4.988960,-0.132582,1.000000,1.200000,1
1306,66.246621,20.210951,25.097276,24.968503,4.977633,-0.101065,4.977633,-0.121278,1.000000,1.200000,1
1307,66.300281,18.861791,25.705927,24.969067,4.966305,-0.093739,4.966305,-0.112487,1.000000,1.200000,1
1308,66.347373,20.535147,24.183080,24.968467,4.991226,-0.126185,4.991226,-0.151422,1.000000,1.200000,1
1309,66.396912,20.242604,24.259004,24.967925,5.009350,-0.150258,5.009350,-0.180310,1.000000,1.200000,1
1310,66.447387,19.815988,24.295981,24.967412,5.007084,-0.139791,5.007084,-0.167750,1.000000,1.200000,1
1311,66.497133,20.322229,24.835233,24.967311,4.998022,-0.129325,4.998022,-0.155190,1.000000,1.200000,1
1312,66.549775,19.446943,26.043644,24.968131,4.988960,-0.134558,4.988960,-0.161470,1.000000,1.200000,1
1313,66.599369,20.292107,26.353978,24.969187,5.011615,-0.028846,5.011615,-0.034616,1.000000,1.200000,1
1314,66.648184,19.925669,24.990426,24.969203,4.984429,0.217118,4.984429,0.260541,1.000000,1.200000,1
1315,66.698109,20.047314,25.037981,24.969255,5.047863,0.064306,5.047863,0.077167,1.000000,1.200000,1
1316,66.746944,20.211768,24.392973,24.968817,5.038801,0.080006,5.038801,0.096007,1.000000,1.200000,1
1317,66.796993,20.147712,24.824236,24.968707,5.047863,0.074773,5.047863,0.089727,1.000000,1.200000,1
1318,66.851192,19.275093,27.141838,24.970356,5.038801,0.062213,5.038801,0.074655,1.000000,1.200000,1
1319,66.897328,20.550090,24.600447,24.970076,5.025208,0.054886,5.025208,0.065864,1.000000,1.200000,1
1320,66.947125,20.013274,24.434007,24.969670,5.029739,0.053839,5.029739,0.064607,1.000000,1.200000,1
1321,66.998587,19.799857,25.367177,24.969971,5.034270,0.047559,5.034270,0.057071,1.000000,1.200000,1
1322,67.049283,19.980817,26.013780,24.970760,5.047863,0.058026,5.047863,0.069631,1.000000,1.200000,1
1323,67.099038,20.366834,26.688714,24.972059,5.027473,0.065353,5.027473,0.078423,1.000000,1.200000,1
1324,67.150407,19.922690,27.879430,24.974255,5.018412,0.086286,5.018412,0.103543,1.000000,1.200000,1
1325,67.196911,20.095029,24.611488,24.973981,5.007084,0.128152,5.007084,0.153782,1.000000,1.200000,1
1326,67.247721,19.588345,24.346325,24.973507,5.004818,0.132339,5.004818,0.158806,1.000000,1.200000,1
1327,67.298089,20.418172,25.749263,24.974092,4.993491,0.135479,4.993491,0.162574,1.000000,1.200000,1
1328,67.346895,19.916790,24.367626,24.973635,4.986695,0.148039,4.986695,0.177646,1.000000,1.200000,1
1329,67.396427,20.129721,24.194390,24.973049,4.995757,0.159552,4.995757,0.191462,1.000000,1.200000,1
1330,67.447295,19.720841,24.367761,24.972594,5.000288,0.158505,5.000288,0.190206,1.000000,1.200000,1
1331,67.497584,19.901255,24.396359,24.972161,4.991226,0.156412,4.991226,0.187694,1.000000,1.200000,1
1332,67.549281,19.980054,26.046964,24.972968,5.000288,0.157458,5.000288,0.188950,1.000000,1.200000,1
1333,67.597523,20.105387,24.571079,24.972666,4.998022,0.131292,4.998022,0.157550,1.000000,1.200000,1
1334,67.650401,19.664308,26.557275,24.973854,4.991226,0.126059,4.991226,0.151270,1.000000,1.200000,1
1335,67.700818,20.432904,28.065001,24.976170,5.002553,0.113499,5.002553,0.136199,1.000000,1.200000,1
1336,67.747765,19.829114,24.584509,24.975877,4.998022,0.086286,4.998022,0.103543,1.000000,1.200000,1
1337,67.798752,20.008852,25.585382,24.976332,4.998022,0.077912,4.998022,0.093495,1.000000,1.200000,1
1338,67.849654,19.762099,25.874437,24.977004,4.991226,0.063259,4.991226,0.075911,1.000000,1.200000,1
1339,67.896733,20.625991,24.482991,24.976635,5.002553,0.064306,5.002553,0.077167,1.000000,1.200000,1
1340,67.950788,19.958024,28.414532,24.979200,5.018412,0.060119,5.018412,0.072143,1.000000,1.200000,1
1341,67.997813,19.981068,25.398431,24.979513,5.009350,0.061166,5.009350,0.073399,1.000000,1.200000,1
1342,68.047763,19.643889,24.443601,24.979114,5.018412,0.071633,5.018412,0.085959,1.000000,1.200000,1
1343,68.099335,20.286820,26.712615,24.980404,5.027473,0.069539,5.027473,0.083447,1.000000,1.200000,1
1344,68.146622,20.134102,24.357761,24.979941,5.009350,0.041280,5.009350,0.049535,1.000000,1.200000,1
1345,68.199349,19.235839,25.095352,24.980027,5.002553,0.058026,5.002553,0.069631,1.000000,1.200000,1
1346,68.247000,20.699521,24.433322,24.979621,4.995757,0.060119,4.995757,0.072143,1.000000,1.200000,1
1347,68.298526,19.603213,24.618529,24.979353,5.009350,0.062213,5.009350,0.074655,1.000000,1.200000,1
1348,68.353486,18.772675,26.618670,24.980569,5.043332,0.093612,5.043332,0.112335,1.000000,1.200000,1
1349,68.397154,21.782123,24.410275,24.980146,5.036536,0.062213,5.036536,0.074655,1.000000,1.200000,1
1350,68.450896,19.277794,26.259072,24.981093,5.029739,0.062213,5.029739,0.074655,1.000000,1.200000,1
1351,68.497334,20.647168,24.282818,24.980577,5.047863,0.072679,5.047863,0.087215,1.000000,1.200000,1
1352,68.547808,19.854583,24.354824,24.980114,5.043332,0.061166,5.043332,0.073399,1.000000,1.200000,1
1353,68.599226,19.900342,25.530686,24.980521,5.036536,0.062213,5.036536,0.074655,1.000000,1.200000,1
1354,68.650586,20.088768,27.136801,24.982113,5.043332,0.080006,5.043332,0.096007,1.000000,1.200000,1
1355,68.697712,20.051061,24.396105,24.981681,5.018412,0.059073,5.018412,0.070888,1.000000,1.200000,1
1356,68.747587,19.999538,24.270299,24.981156,5.045598,0.066399,5.045598,0.079679,1.000000,1.200000,1
1357,68.797642,19.967207,24.229158,24.980602,5.025208,0.038140,5.025208,0.045768,1.000000,1.200000,1
1358,68.847580,20.105248,24.428882,24.980196,5.032004,0.036046,5.032004,0.043256,1.000000,1.200000,1
1359,68.899426,20.007823,26.283205,24.981154,5.018412,0.069539,5.018412,0.083447,1.000000,1.200000,1
1360,68.946973,20.214561,24.374737,24.980709,5.032004,0.074773,5.032004,0.089727,1.000000,1.200000,1
1361,68.998570,19.490193,24.658301,24.980472,5.025208,0.062213,5.025208,0.074655,1.000000,1.200000,1
1362,69.046616,20.589226,24.149004,24.979861,5.032004,0.085239,5.032004,0.102287,1.000000,1.200000,1
1363,69.097232,19.867621,24.412710,24.979445,5.022943,0.062213,5.022943,0.074655,1.000000,1.200000,1
1364,69.149234,19.799033,25.907179,24.980125,5.022943,0.064306,5.022943,0.077167,1.000000,1.200000,1
1365,69.197946,20.265685,25.296247,24.980357,5.034270,0.080006,5.034270,0.096007,1.000000,1.200000,1
1366,69.248773,19.374041,24.479841,24.979990,5.032004,0.060119,5.032004,0.072143,1.000000,1.200000,1
1367,69.296371,20.612446,23.556771,24.978949,5.007084,0.045466,5.007084,0.054559,1.000000,1.200000,1
1368,69.351263,19.574973,27.370771,24.980698,5.025208,0.063259,5.025208,0.075911,1.000000,1.200000,1
1369,69.398496,20.166949,25.001639,24.980713,5.056925,0.070586,5.056925,0.084703,1.000000,1.200000,1
1370,69.449353,19.715136,25.163924,24.980847,5.036536,0.064306,5.036536,0.077167,1.000000,1.200000,1
1371,69.497727,20.406673,24.534167,24.980521,5.045598,0.076866,5.045598,0.092239,1.000000,1.200000,1
1372,69.598183,10.015237,25.142175,24.980639,4.970836,0.210837,4.970836,0.253005,1.000000,1.200000,1
1373,69.649804,19.389066,25.186313,24.980789,4.991226,0.224444,4.991226,0.269333,1.000000,1.200000,1
1374,69.697981,20.340739,24.195568,24.980217,4.991226,0.240144,4.991226,0.288172,1.000000,1.200000,1
1375,69.750485,19.949250,26.566113,24.981370,5.004818,-0.139791,5.004818,-0.167750,1.000000,1.200000,1
1376,69.800270,19.806049,25.875550,24.982020,4.995757,-0.162818,4.995757,-0.195381,1.000000,1.200000,1
1377,69.846823,20.590821,23.859394,24.981205,5.004818,-0.143978,5.004818,-0.172774,1.000000,1.200000,1
1378,69.896595,20.046632,23.750133,24.980312,4.998022,-0.172238,4.998022,-0.206685,1.000000,1.200000,1
1379,69.948102,19.874122,24.940705,24.980283,5.011615,-0.153398,5.011615,-0.184077,1.000000,1.200000,1
1380,69.997290,20.106741,24.409022,24.979869,5.007084,-0.157584,5.007084,-0.189101,1.000000,1.200000,1
1381,70.049974,19.245817,25.135505,24.979982,5.007084,-0.128278,5.007084,-0.153934,1.000000,1.200000,1
1382,70.097999,20.411637,24.150748,24.979382,5.013881,-0.128278,5.013881,-0.153934,1.000000,1.200000,1
1383,70.147986,20.097850,24.058669,24.978716,5.000288,-0.154444,5.000288,-0.185333,1.000000,1.200000,1
1384,70.199903,19.976736,26.214490,24.979609,5.002553,-0.151304,5.002553,-0.181565,1.000000,1.200000,1
1385,70.249145,20.194639,25.977041,24.980329,5.004818,-0.137698,5.004818,-0.165238,1.000000,1.200000,1
1386,70.297603,20.021537,24.471785,24.979962,4.998022,-0.128278,4.998022,-0.153934,1.000000,1.200000,1
1387,70.348779,20.081339,25.828989,24.980574,5.000288,-0.131418,5.000288,-0.157702,1.000000,1.200000,1
1388,70.397333,19.936325,24.242409,24.980042,5.002553,-0.123045,5.002553,-0.147654,1.000000,1.200000,1
1389,70.448448,19.919129,25.148062,24.980163,5.025208,0.006740,5.025208,0.008088,1.000000,1.200000,1
1390,70.497500,20.252848,24.833781,24.980058,4.979898,0.218164,4.979898,0.261797,1.000000,1.200000,1
1391,70.551317,19.365292,26.943013,24.981469,5.041067,0.073726,5.041067,0.088471,1.000000,1.200000,1
1392,70.598542,20.099615,24.500057,24.981123,5.047863,0.069539,5.047863,0.083447,1.000000,1.200000,1
1393,70.649076,20.466974,26.134905,24.981952,5.038801,0.047559,5.038801,0.057071,1.000000,1.200000,1
1394,70.699552,19.718273,25.922303,24.982626,5.025208,0.065353,5.025208,0.078423,1.000000,1.200000,1
1395,70.750442,19.639775,25.892174,24.983278,5.027473,0.066399,5.027473,0.079679,1.000000,1.200000,1
1396,70.798751,20.226939,24.790087,24.983140,5.041067,0.069539,5.041067,0.083447,1.000000,1.200000,1
1397,70.858562,16.668252,24.589269,24.982858,5.036536,0.059073,5.036536,0.070888,1.000000,1.200000,1
1398,70.897282,25.904486,24.708399,24.982662,5.032004,0.069539,5.032004,0.083447,1.000000,1.200000,1
1399,70.947221,20.002486,24.652498,24.982426,5.043332,0.075819,5.043332,0.090983,1.000000,1.200000,1
1400,70.998199,19.718273,24.913322,24.982376,5.029739,0.085239,5.029739,0.102287,1.000000,1.200000,1
1401,71.046849,20.287523,24.293503,24.981884,5.016146,0.113499,5.016146,0.136199,1.000000,1.200000,1
1402,71.097009,19.982938,24.401106,24.981470,4.998022,0.136525,4.998022,0.163830,1.000000,1.200000,1
1403,71.146321,20.154127,24.065897,24.980818,4.995757,0.121872,4.995757,0.146247,1.000000,1.200000,1
1404,71.197238,19.689413,24.220117,24.980276,4.986695,0.140712,4.986695,0.168854,1.000000,1.200000,1
1405,71.250210,20.095022,27.416540,24.982010,5.002553,0.185718,5.002553,0.222862,1.000000,1.200000,1
1406,71.296836,20.119972,24.343872,24.981556,4.991226,0.183625,4.991226,0.220349,1.000000,1.200000,1
1407,71.347164,20.021710,24.737113,24.981382,5.002553,0.180485,5.002553,0.216582,1.000000,1.200000,1
1408,71.400270,19.365825,26.202615,24.982250,4.993491,0.164785,4.993491,0.197742,1.000000,1.200000,1
1409,71.448186,20.291925,24.805772,24.982124,4.998022,0.152225,4.998022,0.182670,1.000000,1.200000,1
1410,71.496853,20.164346,23.911898,24.981365,5.002553,0.162692,5.002553,0.195230,1.000000,1.200000,1
1411,71.547832,19.896434,24.604157,24.981098,5.000288,0.136525,5.000288,0.163830,1.000000,1.200000,1
1412,71.598363,19.818305,24.692339,24.980893,4.995757,0.089426,4.995757,0.107311,1.000000,1.200000,1
1413,71.648241,19.969004,24.510208,24.980560,5.013881,0.065353,5.013881,0.078423,1.000000,1.200000,1
1414,71.696918,20.396430,24.157257,24.979978,4.991226,0.059073,4.991226,0.070888,1.000000,1.200000,1
1415,71.748082,19.923112,25.108901,24.980069,5.016146,0.064306,5.016146,0.077167,1.000000,1.200000,1
1416,71.799066,19.675529,25.263718,24.980270,5.016146,0.055933,5.016146,0.067119,1.000000,1.200000,1
1417,71.847436,20.303971,24.390749,24.979853,5.025208,0.068492,5.025208,0.082191,1.000000,1.200000,1
1418,71.897578,20.026560,24.609768,24.979593,5.013881,0.072679,5.013881,0.087215,1.000000,1.200000,1
1419,71.947624,19.858438,24.297502,24.979112,5.029739,0.062213,5.029739,0.074655,1.000000,1.200000,1
1420,71.997244,20.111547,24.179410,24.978549,5.034270,0.050700,5.034270,0.060840,1.000000,1.200000,1
1421,72.047066,19.965967,23.935416,24.977815,5.043332,0.060119,5.043332,0.072143,1.000000,1.200000,1
1422,72.097819,19.845386,24.286639,24.977329,5.020677,0.065353,5.020677,0.078423,1.000000,1.200000,1
1423,72.147574,20.278066,24.726998,24.977153,5.045598,0.050700,5.045598,0.060840,1.000000,1.200000,1
1424,72.198678,19.710908,25.099140,24.977238,5.025208,0.052793,5.025208,0.063351,1.000000,1.200000,1
1425,72.247929,20.367351,25.291009,24.977458,5.022943,0.073726,5.022943,0.088471,1.000000,1.200000,1
1426,72.296636,20.103504,24.208336,24.976919,5.034270,0.075819,5.034270,0.090983,1.000000,1.200000,1
1427,72.347192,20.051943,24.904332,24.976868,5.025208,0.062213,5.025208,0.074655,1.000000,1.200000,1
1428,72.398760,19.481527,25.148647,24.976989,5.025208,0.062213,5.025208,0.074655,1.000000,1.200000,1
1429,72.449185,19.601206,24.563543,24.976699,5.022943,0.053839,5.022943,0.064607,1.000000,1.200000,1
1430,72.497724,20.759301,24.931530,24.976668,5.034270,0.054886,5.034270,0.065864,1.000000,1.200000,1
1431,72.549749,19.618528,25.947452,24.977346,5.032004,0.050700,5.032004,0.060840,1.000000,1.200000,1
1432,72.597629,20.212392,24.358720,24.976914,5.032004,0.042326,5.032004,0.050792,1.000000,1.200000,1
1433,72.648089,19.792028,24.313724,24.976451,5.032004,0.066399,5.032004,0.079679,1.000000,1.200000,1
1434,72.697606,20.214355,24.363972,24.976024,5.036536,0.061166,5.036536,0.073399,1.000000,1.200000,1
1435,72.747556,20.045993,24.427720,24.975642,5.036536,0.072679,5.036536,0.087215,1.000000,1.200000,1
1436,72.796843,20.106665,23.982404,24.974950,5.027473,0.072679,5.027473,0.087215,1.000000,1.200000,1
1437,72.848795,19.749942,25.299113,24.975176,5.034270,0.061166,5.034270,0.073399,1.000000,1.200000,1
1438,72.899058,20.075624,25.725495,24.975698,5.043332,0.055933,5.043332,0.067119,1.000000,1.200000,1
1439,72.947708,19.985476,24.366996,24.975275,5.038801,0.071633,5.038801,0.085959,1.000000,1.200000,1
1440,73.002766,19.585813,28.338071,24.977610,5.038801,0.046513,5.038801,0.055816,1.000000,1.200000,1
1441,73.047790,20.667201,25.002945,24.977628,5.043332,0.055933,5.043332,0.067119,1.000000,1.200000,1
1442,73.098152,19.894422,25.085033,24.977702,5.036536,0.077912,5.036536,0.093495,1.000000,1.200000,1
1443,73.150440,19.699963,26.578089,24.978811,5.027473,0.073726,5.027473,0.088471,1.000000,1.200000,1
1444,73.199592,20.478089,26.952238,24.980178,5.034270,0.055933,5.034270,0.067119,1.000000,1.200000,1
1445,73.249235,19.985022,26.554437,24.981267,5.022943,0.052793,5.022943,0.063351,1.000000,1.200000,1
1446,73.296508,20.157957,24.201963,24.980728,5.032004,0.058026,5.032004,0.069631,1.000000,1.200000,1
1447,73.348533,19.843645,25.828754,24.981314,5.022943,0.086286,5.022943,0.103543,1.000000,1.200000,1
1448,73.398078,20.118294,25.654646,24.981779,4.991226,0.177345,4.991226,0.212814,1.000000,1.200000,1
1449,73.450983,19.186432,26.454423,24.982796,4.979898,0.159552,4.979898,0.191462,1.000000,1.200000,1
1450,73.499823,20.422872,26.242776,24.983665,4.986695,0.199324,4.986695,0.239189,1.000000,1.200000,1
1451,73.550345,19.408559,25.342365,24.983912,4.993491,0.153271,4.993491,0.183926,1.000000,1.200000,1
1452,73.603278,20.708346,29.960552,24.987339,5.009350,-0.102112,5.009350,-0.122534,1.000000,1.200000,1
1453,73.647668,20.307499,25.108460,24.987423,4.991226,-0.159678,4.991226,-0.191613,1.000000,1.200000,1
1454,73.697421,19.848089,24.494498,24.987084,4.993491,-0.150258,4.993491,-0.180310,1.000000,1.200000,1
1455,73.751531,19.320249,26.780924,24.988316,4.991226,-0.155491,4.991226,-0.186589,1.000000,1.200000,1
1456,73.799074,20.340821,25.226431,24.988480,4.993491,-0.154444,4.993491,-0.185333,1.000000,1.200000,1
1457,73.846474,20.576879,24.040167,24.987829,5.000288,-0.117812,5.000288,-0.141374,1.000000,1.200000,1
1458,73.897912,19.786851,24.935352,24.987793,4.998022,-0.119905,4.998022,-0.143886,1.000000,1.200000,1
1459,73.949445,19.893978,26.182316,24.988612,5.002553,-0.126185,5.002553,-0.151422,1.000000,1.200000,1
1460,73.999513,20.113606,26.533592,24.989670,4.998022,-0.136652,4.998022,-0.163982,1.000000,1.200000,1
1461,74.051387,19.591816,27.366409,24.991297,5.016146,-0.015240,5.016146,-0.018288,1.000000,1.200000,1
1462,74.100071,20.666621,27.655801,24.993119,4.977633,0.193044,4.977633,0.231653,1.000000,1.200000,1
1463,74.149149,19.694581,25.964204,24.993783,4.984429,0.229677,4.984429,0.275613,1.000000,1.200000,1
1464,74.198154,19.853255,24.609672,24.993521,5.000288,0.139665,5.000288,0.167598,1.000000,1.200000,1
1465,74.247439,20.263177,24.553657,24.993221,5.022943,0.074773,5.022943,0.089727,1.000000,1.200000,1
1466,74.302243,19.135633,27.022088,24.994604,5.045598,0.076866,5.045598,0.092239,1.000000,1.200000,1
1467,74.348233,20.980306,25.411875,24.994889,5.047863,0.075819,5.047863,0.090983,1.000000,1.200000,1
1468,74.397697,19.825959,24.451189,24.994519,5.025208,0.053839,5.025208,0.064607,1.000000,1.200000,1
1469,74.447378,20.166435,24.533066,24.994204,5.029739,0.059073,5.029739,0.070888,1.000000,1.200000,1
1470,74.497102,20.068585,24.421806,24.993815,5.036536,0.067446,5.036536,0.080935,1.000000,1.200000,1
1471,74.547745,19.757050,24.478749,24.993465,5.050128,0.055933,5.050128,0.067119,1.000000,1.200000,1
1472,74.601717,19.658517,27.553182,24.995204,5.027473,0.049653,5.027473,0.059583,1.000000,1.200000,1
1473,74.646299,20.763477,23.977448,24.994513,5.032004,0.066399,5.032004,0.079679,1.000000,1.200000,1
1474,74.698998,19.832727,26.239699,24.995358,5.018412,0.045466,5.018412,0.054559,1.000000,1.200000,1
1475,74.748686,19.980148,25.895259,24.995968,5.041067,0.087332,5.041067,0.104799,1.000000,1.200000,1
1476,74.799325,19.857937,26.182799,24.996772,5.034270,0.028720,5.034270,0.034464,1.000000,1.200000,1
1477,74.847773,19.924281,24.457983,24.996407,5.034270,0.058026,5.034270,0.069631,1.000000,1.200000,1
1478,74.898447,20.176386,25.535405,24.996772,5.020677,0.067446,5.020677,0.080935,1.000000,1.200000,1
1479,74.951538,19.955579,28.478822,24.999126,5.038801,0.066399,5.038801,0.079679,1.000000,1.200000,1
1480,74.997952,19.840310,24.542173,24.998817,5.022943,0.073726,5.022943,0.088471,1.000000,1.200000,1
1481,75.047382,20.037290,24.069970,24.998190,5.052394,0.055933,5.052394,0.067119,1.000000,1.200000,1
1482,75.097542,20.115308,24.528743,24.997873,5.036536,0.052793,5.036536,0.063351,1.000000,1.200000,1
1483,75.148362,19.657090,24.470306,24.997518,5.025208,0.049653,5.025208,0.059583,1.000000,1.200000,1
1484,75.197499,20.365136,24.499000,24.997182,5.036536,0.052793,5.036536,0.063351,1.000000,1.200000,1
1485,75.247787,19.919763,24.565083,24.996891,5.041067,0.044420,5.041067,0.053303,1.000000,1.200000,1
1486,75.299775,19.646469,25.657925,24.997336,5.020677,0.036046,5.020677,0.043256,1.000000,1.200000,1
1487,75.348158,20.110308,24.304794,24.996870,5.045598,0.071633,5.045598,0.085959,1.000000,1.200000,1
1488,75.398867,19.694063,24.272090,24.996383,5.027473,0.072679,5.027473,0.087215,1.000000,1.200000,1
1489,75.448961,20.398511,25.337543,24.996612,5.038801,0.075819,5.038801,0.090983,1.000000,1.200000,1
1490,75.498533,20.057321,25.049646,24.996647,5.004818,0.072679,5.004818,0.087215,1.000000,1.200000,1
1491,75.551265,19.080278,25.348118,24.996883,5.011615,0.068492,5.011615,0.082191,1.000000,1.200000,1
1492,75.605134,19.219886,26.972050,24.998207,5.004818,0.063259,5.004818,0.075911,1.000000,1.200000,1
1493,75.650191,21.654279,26.098190,24.998944,5.007084,0.092566,5.007084,0.111079,1.000000,1.200000,1
1494,75.697136,20.458546,24.152492,24.998377,5.011615,0.092566,5.011615,0.111079,1.000000,1.200000,1
1495,75.747937,20.088935,25.175059,24.998495,5.011615,0.087332,5.011615,0.104799,1.000000,1.200000,1
1496,75.797747,19.781312,24.427194,24.998113,5.004818,0.089426,5.004818,0.107311,1.000000,1.200000,1
1497,75.846391,20.244935,23.684349,24.997236,4.986695,0.092566,4.986695,0.111079,1.000000,1.200000,1
1498,75.897524,19.835619,24.404640,24.996840,5.002553,0.089426,5.002553,0.107311,1.000000,1.200000,1
1499,75.952914,19.333151,28.033840,24.998866,4.995757,0.074773,4.995757,0.089727,1.000000,1.200000,1
1500,75.997470,20.628681,24.118160,24.998279,5.004818,0.072679,5.004818,0.087215,1.000000,1.200000,1
1501,76.048800,19.765145,24.860362,24.998187,5.027473,0.077912,5.027473,0.093495,1.000000,1.200000,1
1502,76.099448,20.114324,25.784458,24.998711,5.018412,0.116639,5.018412,0.139966,1.000000,1.200000,1
1503,76.147425,20.210569,24.320542,24.998260,5.016146,0.085239,5.016146,0.102287,1.000000,1.200000,1
1504,76.198239,19.738062,24.468064,24.997907,5.034270,0.064306,5.034270,0.077167,1.000000,1.200000,1
1505,76.247418,20.367707,24.542309,24.997604,5.020677,0.044420,5.020677,0.053303,1.000000,1.200000,1
1506,76.297306,20.021240,24.475615,24.997258,5.025208,0.063259,5.025208,0.075911,1.000000,1.200000,1
1507,76.347277,20.101961,24.697357,24.997059,5.018412,0.060119,5.018412,0.072143,1.000000,1.200000,1
1508,76.397552,20.006726,25.005597,24.997064,5.032004,0.051746,5.032004,0.062095,1.000000,1.200000,1
1509,76.446897,19.808748,23.867846,24.996316,5.025208,0.077912,5.025208,0.093495,1.000000,1.200000,1
1510,76.496376,20.269957,23.989936,24.995650,5.038801,0.075819,5.038801,0.090983,1.000000,1.200000,1
1511,76.547492,19.732779,24.427016,24.995273,5.038801,0.063259,5.038801,0.075911,1.000000,1.200000,1
1512,76.599792,19.963489,26.632498,24.996356,5.029739,0.060119,5.029739,0.072143,1.000000,1.200000,1
1513,76.647470,20.212795,24.859539,24.996266,5.036536,0.049653,5.036536,0.059583,1.000000,1.200000,1
1514,76.696960,20.125386,24.649197,24.996036,5.043332,0.033953,5.043332,0.040744,1.000000,1.200000,1
1515,76.752504,19.215113,28.093299,24.998081,5.022943,0.045466,5.022943,0.054559,1.000000,1.200000,1
1516,76.797882,20.364340,24.428608,24.997705,5.022943,0.070586,5.022943,0.084703,1.000000,1.200000,1
1517,76.848849,19.932365,25.225248,24.997855,5.041067,0.043373,5.041067,0.052047,1.000000,1.200000,1
1518,76.898113,20.105998,24.745377,24.997689,5.041067,0.062213,5.041067,0.074655,1.000000,1.200000,1
1519,76.953162,19.333180,28.050112,24.999698,5.034270,0.046513,5.034270,0.055816,1.000000,1.200000,1
1520,76.998952,20.328903,24.686566,24.999492,5.043332,0.041280,5.043332,0.049535,1.000000,1.200000,1
1521,77.047015,20.571661,24.134656,24.998924,5.025208,0.064306,5.025208,0.077167,1.000000,1.200000,1
1522,77.097539,20.078957,24.859004,24.998832,5.038801,0.042326,5.038801,0.050792,1.000000,1.200000,1
1523,77.147882,19.851350,24.822621,24.998716,5.027473,0.062213,5.027473,0.074655,1.000000,1.200000,1
1524,77.197265,19.982500,24.155118,24.998163,5.020677,0.045466,5.020677,0.054559,1.000000,1.200000,1
1525,77.247585,19.865486,24.140382,24.997600,5.034270,0.045466,5.034270,0.054559,1.000000,1.200000,1
1526,77.296654,20.292412,23.921702,24.996895,5.032004,0.049653,5.032004,0.059583,1.000000,1.200000,1
1527,77.348076,19.957504,25.244558,24.997057,5.032004,0.049653,5.032004,0.059583,1.000000,1.200000,1
1528,77.397129,20.059446,24.440201,24.996693,5.029739,0.058026,5.029739,0.069631,1.000000,1.200000,1
1529,77.448603,19.521811,24.661243,24.996473,5.032004,0.058026,5.032004,0.069631,1.000000,1.200000,1
1530,77.497736,20.226784,24.425432,24.996100,5.029739,0.031860,5.029739,0.038232,1.000000,1.200000,1
1531,77.549028,19.619758,24.717868,24.995918,5.032004,0.059073,5.032004,0.070888,1.000000,1.200000,1
1532,77.600829,20.486351,27.712490,24.997692,5.025208,0.043373,5.025208,0.052047,1.000000,1.200000,1
1533,77.649368,19.597973,25.218845,24.997836,5.043332,0.029767,5.043332,0.035720,1.000000,1.200000,1
1534,77.700380,20.038705,26.318812,24.998697,5.043332,0.066399,5.043332,0.079679,1.000000,1.200000,1
1535,77.756060,20.063780,32.144927,25.003353,5.027473,0.051746,5.027473,0.062095,1.000000,1.200000,1
1536,77.847394,10.084734,24.345322,25.002924,5.009350,0.051746,5.009350,0.062095,1.000000,1.200000,1
1537,77.898615,19.801487,24.718809,25.002739,5.032004,0.056979,5.032004,0.068375,1.000000,1.200000,1
1538,77.948223,20.018746,24.688724,25.002535,5.032004,0.056979,5.032004,0.068375,1.000000,1.200000,1
1539,77.999699,19.754147,25.532554,25.002880,5.034270,0.054886,5.034270,0.065864,1.000000,1.200000,1
1540,78.049263,20.433609,26.193813,25.003653,5.025208,0.040233,5.025208,0.048279,1.000000,1.200000,1
1541,78.096804,20.199358,24.208984,25.003137,5.032004,0.046513,5.032004,0.055816,1.000000,1.200000,1
1542,78.147654,19.743234,24.417687,25.002758,5.047863,0.064306,5.047863,0.077167,1.000000,1.200000,1
1543,78.198151,20.096932,25.164465,25.002862,5.034270,0.035000,5.034270,0.042000,1.000000,1.200000,1
1544,78.248366,20.177720,25.816748,25.003389,5.025208,0.044420,5.025208,0.053303,1.000000,1.200000,1
1545,78.296883,20.021740,24.409686,25.003005,5.036536,0.045466,5.036536,0.054559,1.000000,1.200000,1
1546,78.346985,19.922807,24.305927,25.002554,5.038801,0.037093,5.038801,0.044512,1.000000,1.200000,1
1547,78.397603,20.003648,24.941651,25.002515,5.018412,0.069539,5.018412,0.083447,1.000000,1.200000,1
1548,78.449706,19.113513,24.715644,25.002330,5.029739,0.040233,5.029739,0.048279,1.000000,1.200000,1
1549,78.497559,20.885552,24.697834,25.002133,5.054659,0.066399,5.054659,0.079679,1.000000,1.200000,1
1550,78.547445,19.960377,24.455875,25.001781,5.022943,0.049653,5.022943,0.059583,1.000000,1.200000,1
1551,78.597380,20.024108,24.442388,25.001420,5.009350,0.066399,5.009350,0.079679,1.000000,1.200000,1
1552,78.647973,20.013639,25.089635,25.001477,5.000288,0.046513,5.000288,0.055816,1.000000,1.200000,1
1553,78.699449,19.491912,25.269456,25.001649,5.004818,0.068492,5.004818,0.082191,1.000000,1.200000,1
1554,78.746686,20.689589,24.164524,25.001111,5.002553,0.073726,5.002553,0.088471,1.000000,1.200000,1
1555,78.796691,19.962454,24.076139,25.000516,4.993491,0.059073,4.993491,0.070888,1.000000,1.200000,1
1556,78.847392,19.831617,24.304674,25.000069,4.991226,0.068492,4.991226,0.082191,1.000000,1.200000,1
1557,78.897545,20.122866,24.823349,24.999955,5.007084,0.059073,5.007084,0.070888,1.000000,1.200000,1
1558,78.948231,19.615685,24.518279,24.999646,4.998022,0.053839,4.998022,0.064607,1.000000,1.200000,1
1559,78.997099,20.553356,24.724003,24.999469,5.011615,0.068492,5.011615,0.082191,1.000000,1.200000,1
1560,79.047636,19.645247,24.378120,24.999071,4.995757,0.063259,4.995757,0.075911,1.000000,1.200000,1
1561,79.099403,20.050526,26.265972,24.999882,4.991226,0.063259,4.991226,0.075911,1.000000,1.200000,1
1562,79.147060,20.102048,24.172446,24.999353,4.991226,0.073726,4.991226,0.088471,1.000000,1.200000,1
1563,79.199503,19.953013,26.474984,25.000297,4.998022,0.054886,4.998022,0.065864,1.000000,1.200000,1
1564,79.248178,19.531986,23.965870,24.999635,4.979898,0.065353,4.979898,0.078423,1.000000,1.200000,1
1565,79.297173,20.425782,24.016598,24.999007,5.004818,0.093612,5.004818,0.112335,1.000000,1.200000,1
1566,79.347468,20.085963,24.520023,24.998701,5.000288,0.090472,5.000288,0.108567,1.000000,1.200000,1
1567,79.401512,19.326057,26.793567,24.999847,4.988960,0.078959,4.988960,0.094751,1.000000,1.200000,1
1568,79.450691,20.372035,26.926028,25.001075,4.993491,0.085239,4.993491,0.102287,1.000000,1.200000,1
1569,79.499401,19.687878,24.836040,25.000970,4.995757,0.053839,4.995757,0.064607,1.000000,1.200000,1
1570,79.547537,20.402769,23.967586,25.000312,4.991226,0.069539,4.991226,0.083447,1.000000,1.200000,1
1571,79.597808,20.145929,24.587835,25.000049,5.000288,0.084193,5.000288,0.101031,1.000000,1.200000,1
1572,79.647744,20.211766,25.054931,25.000084,5.022943,0.086286,5.022943,0.103543,1.000000,1.200000,1
1573,79.697966,20.020054,25.341577,25.000301,5.000288,0.065353,5.000288,0.078423,1.000000,1.200000,1
1574,79.749163,19.638210,25.606374,25.000686,5.000288,0.051746,5.000288,0.062095,1.000000,1.200000,1
1575,79.798423,20.391049,25.833958,25.001215,4.993491,0.045466,4.993491,0.054559,1.000000,1.200000,1
1576,79.848003,19.829476,24.981104,25.001203,4.998022,0.035000,4.998022,0.042000,1.000000,1.200000,1
1577,79.897839,19.978325,24.750331,25.001044,4.998022,0.049653,4.998022,0.059583,1.000000,1.200000,1
1578,79.949758,20.032095,26.737637,25.002144,5.007084,0.065353,5.007084,0.078423,1.000000,1.200000,1
1579,79.997413,20.043652,24.511141,25.001833,5.013881,0.053839,5.013881,0.064607,1.000000,1.200000,1
1580,80.053243,18.366725,25.808881,25.002344,4.995757,0.061166,4.995757,0.073399,1.000000,1.200000,1
1581,80.097377,21.969994,24.509760,25.002032,4.993491,0.054886,4.993491,0.065864,1.000000,1.200000,1
1582,80.149303,19.954651,26.327502,25.002870,4.998022,0.038140,4.998022,0.045768,1.000000,1.200000,1
1583,80.197075,20.130495,24.425473,25.002505,5.002553,0.051746,5.002553,0.062095,1.000000,1.200000,1
1584,80.249101,19.765229,25.867338,25.003051,5.004818,0.048606,5.004818,0.058327,1.000000,1.200000,1
1585,80.299465,19.655793,25.348353,25.003269,4.998022,0.045466,4.998022,0.054559,1.000000,1.200000,1
1586,80.346600,20.625682,23.992555,25.002632,5.004818,0.044420,5.004818,0.053303,1.000000,1.200000,1
1587,80.397366,19.873199,24.435979,25.002275,5.002553,0.025580,5.002553,0.030696,1.000000,1.200000,1
1588,80.448325,19.928189,25.211239,25.002407,4.995757,0.028720,4.995757,0.034464,1.000000,1.200000,1
1589,80.548936,9.929466,25.119717,25.002480,5.004818,0.046513,5.004818,0.055816,1.000000,1.200000,1
1590,80.597057,20.429051,24.294049,25.002035,5.002553,0.044420,5.002553,0.053303,1.000000,1.200000,1
1591,80.649970,19.718447,26.492864,25.002972,5.004818,0.061166,5.004818,0.073399,1.000000,1.200000,1
1592,80.699049,19.668075,24.718126,25.002793,4.995757,0.046513,4.995757,0.055816,1.000000,1.200000,1
1593,80.747239,20.571563,24.295858,25.002349,4.998022,0.024533,4.998022,0.029440,1.000000,1.200000,1
1594,80.799837,19.791015,26.348592,25.003194,4.998022,0.039186,4.998022,0.047023,1.000000,1.200000,1
1595,80.848296,20.060923,24.963641,25.003169,5.004818,0.027673,5.004818,0.033208,1.000000,1.200000,1
1596,80.898771,19.955929,25.328195,25.003373,4.991226,0.053839,4.991226,0.064607,1.000000,1.200000,1
1597,80.950492,19.727954,26.369373,25.004228,5.007084,0.068492,5.007084,0.082191,1.000000,1.200000,1
1598,80.997735,20.304820,24.365888,25.003828,4.979898,0.083146,4.979898,0.099775,1.000000,1.200000,1
1599,81.048287,19.767316,24.334972,25.003410,5.000288,0.090472,5.000288,0.108567,1.000000,1.200000,1
1600,81.100208,19.909691,26.036415,25.004056,4.993491,0.085239,4.993491,0.102287,1.000000,1.200000,1
1601,81.147585,20.352133,24.279780,25.003603,4.988960,0.105126,4.988960,0.126151,1.000000,1.200000,1
1602,81.198553,20.169640,25.281556,25.003777,5.000288,0.103032,5.000288,0.123639,1.000000,1.200000,1
1603,81.250029,19.677051,26.290357,25.004579,5.013881,0.101985,5.013881,0.122383,1.000000,1.200000,1
1604,81.301387,19.543693,26.485790,25.005503,5.004818,0.106172,5.004818,0.127407,1.000000,1.200000,1
1605,81.349515,20.896287,26.768877,25.006602,4.993491,0.090472,4.993491,0.108567,1.000000,1.200000,1
1606,81.401687,19.897349,28.664876,25.008880,5.007084,0.093612,5.007084,0.112335,1.000000,1.200000,1
1607,81.451473,19.991524,28.456110,25.011025,4.991226,0.092566,4.991226,0.111079,1.000000,1.200000,1
1608,81.500456,19.597863,26.403933,25.011891,5.002553,0.058026,5.002553,0.069631,1.000000,1.200000,1
1609,81.548121,20.065722,24.247720,25.011416,4.993491,0.056979,4.993491,0.068375,1.000000,1.200000,1
1610,81.597780,20.200034,24.418862,25.011048,5.002553,0.049653,5.002553,0.059583,1.000000,1.200000,1
1611,81.652462,19.145918,26.850452,25.012190,5.004818,0.046513,5.004818,0.055816,1.000000,1.200000,1
1612,81.699393,21.011231,26.195519,25.012924,4.988960,0.052793,4.988960,0.063351,1.000000,1.200000,1
1613,81.747655,19.879348,24.135248,25.012380,5.000288,0.038140,5.000288,0.045768,1.000000,1.200000,1
1614,81.800002,20.050964,26.608078,25.013368,5.007084,0.039186,5.007084,0.047023,1.000000,1.200000,1
1615,81.846949,20.272395,24.238007,25.012888,5.009350,0.048606,5.009350,0.058327,1.000000,1.200000,1
1616,81.901543,19.303804,27.031610,25.014137,5.004818,0.046513,5.004818,0.055816,1.000000,1.200000,1
1617,81.948963,20.637322,25.976992,25.014733,5.016146,0.041280,5.016146,0.049535,1.000000,1.200000,1
1618,81.998094,19.934825,24.941251,25.014687,5.004818,0.041280,5.004818,0.049535,1.000000,1.200000,1
1619,82.047310,20.087465,24.389443,25.014301,5.000288,0.032907,5.000288,0.039488,1.000000,1.200000,1
1620,82.099079,19.386342,24.570690,25.014027,5.013881,0.036046,5.013881,0.043256,1.000000,1.200000,1
1621,82.147700,20.474782,24.359419,25.013624,5.002553,0.033953,5.002553,0.040744,1.000000,1.200000,1
1622,82.197518,20.136104,24.510059,25.013313,4.993491,0.049653,4.993491,0.059583,1.000000,1.200000,1
1623,82.247310,20.046517,24.428805,25.012953,5.009350,0.042326,5.009350,0.050792,1.000000,1.200000,1
1624,82.297638,19.856349,24.391637,25.012570,4.995757,0.045466,4.995757,0.054559,1.000000,1.200000,1
1625,82.347237,20.258650,24.622680,25.012330,4.995757,0.039186,4.995757,0.047023,1.000000,1.200000,1
1626,82.397536,19.998287,24.920413,25.012274,4.998022,0.029767,4.998022,0.035720,1.000000,1.200000,1
1627,82.448359,19.383473,24.135502,25.011735,5.016146,0.055933,5.016146,0.067119,1.000000,1.200000,1
1628,82.497019,20.476921,23.981045,25.011102,5.004818,0.048606,5.004818,0.058327,1.000000,1.200000,1
1629,82.547659,19.981599,24.515389,25.010798,5.002553,0.044420,5.002553,0.053303,1.000000,1.200000,1
1630,82.597463,20.045157,24.451517,25.010455,5.004818,0.043373,5.004818,0.052047,1.000000,1.200000,1
1631,82.647195,20.066529,24.403614,25.010082,5.000288,0.038140,5.000288,0.045768,1.000000,1.200000,1
1632,82.700129,19.340791,25.620929,25.010457,5.000288,0.033953,5.000288,0.040744,1.000000,1.200000,1
1633,82.747280,20.601419,24.240487,25.009985,5.007084,0.044420,5.007084,0.053303,1.000000,1.200000,1
1634,82.798410,19.904775,25.116355,25.010050,5.009350,0.042326,5.009350,0.050792,1.000000,1.200000,1
1635,82.849252,19.936625,25.791266,25.010528,5.009350,0.042326,5.009350,0.050792,1.000000,1.200000,1
1636,82.897479,20.127525,24.346746,25.010122,5.013881,0.039186,5.013881,0.047023,1.000000,1.200000,1
1637,82.947174,20.157596,24.445545,25.009778,5.004818,0.043373,5.004818,0.052047,1.000000,1.200000,1
1638,82.997448,19.807266,24.189900,25.009277,5.018412,0.044420,5.018412,0.053303,1.000000,1.200000,1
1639,83.047930,19.876907,24.395488,25.008902,5.004818,0.043373,5.004818,0.052047,1.000000,1.200000,1
1640,83.098225,20.213157,25.214393,25.009028,5.018412,0.059073,5.018412,0.070888,1.000000,1.200000,1
1641,83.149496,19.205999,24.398260,25.008656,5.013881,0.074773,5.013881,0.089727,1.000000,1.200000,1
1642,83.199514,20.766298,26.246550,25.009409,5.016146,0.064306,5.016146,0.077167,1.000000,1.200000,1
1643,83.250968,19.648127,26.853960,25.010532,5.000288,0.059073,5.000288,0.070888,1.000000,1.200000,1
1644,83.296972,20.456965,23.966155,25.009897,5.016146,0.068492,5.016146,0.082191,1.000000,1.200000,1
1645,83.348014,19.702162,24.254330,25.009438,5.022943,0.052793,5.022943,0.063351,1.000000,1.200000,1
1646,83.397099,20.521710,24.596271,25.009187,5.018412,0.052793,5.018412,0.063351,1.000000,1.200000,1
1647,83.450264,19.479147,26.434742,25.010052,5.000288,0.059073,5.000288,0.070888,1.000000,1.200000,1
1648,83.499690,19.819638,25.413272,25.010297,5.011615,0.050700,5.011615,0.060840,1.000000,1.200000,1
1649,83.547328,20.626438,24.560644,25.010024,5.004818,0.048606,5.004818,0.058327,1.000000,1.200000,1
1650,83.597489,19.890019,24.416304,25.009664,4.998022,0.026627,4.998022,0.031952,1.000000,1.200000,1
1651,83.654767,18.722525,28.238127,25.011620,5.004818,0.027673,5.004818,0.033208,1.000000,1.200000,1
1652,83.710290,18.426538,29.299696,25.014215,5.004818,0.029767,5.004818,0.035720,1.000000,1.200000,1
1653,83.749190,22.809699,24.621714,25.013978,4.998022,0.017207,4.998022,0.020648,1.000000,1.200000,1
1654,83.813741,17.436847,31.766840,25.018061,5.011615,0.029767,5.011615,0.035720,1.000000,1.200000,1
1655,83.848298,23.637816,24.082783,25.017496,5.004818,0.030813,5.004818,0.036976,1.000000,1.200000,1
1656,83.903092,18.866906,25.875560,25.018014,5.009350,0.041280,5.009350,0.049535,1.000000,1.200000,1
1657,83.999428,10.219282,24.340430,25.017605,4.993491,0.089426,4.993491,0.107311,1.000000,1.200000,1
1658,84.100936,9.993687,25.805283,25.018080,4.995757,0.084193,4.995757,0.101031,1.000000,1.200000,1
1659,84.149030,20.270799,24.531575,25.017787,5.000288,0.073726,5.000288,0.088471,1.000000,1.200000,1
1660,84.199848,19.953191,25.215840,25.017906,4.991226,0.077912,4.991226,0.093495,1.000000,1.200000,1
1661,84.252474,19.075633,25.393443,25.018132,4.993491,0.081052,4.993491,0.097263,1.000000,1.200000,1
1662,84.301998,20.940910,27.236835,25.019467,5.016146,0.071633,5.016146,0.085959,1.000000,1.200000,1
1663,84.348364,20.077828,23.779818,25.018722,5.007084,0.073726,5.007084,0.088471,1.000000,1.200000,1
1664,84.403757,19.214396,27.106814,25.019976,5.000288,0.051746,5.000288,0.062095,1.000000,1.200000,1
1665,84.451672,20.777734,26.899427,25.021105,4.982164,0.185718,4.982164,0.222862,1.000000,1.200000,1
1666,84.500717,19.811666,25.505152,25.021396,4.998022,0.157458,4.998022,0.188950,1.000000,1.200000,1
1667,84.549196,20.346948,24.823662,25.021277,5.000288,-0.214104,5.000288,-0.256924,1.000000,1.200000,1
1668,84.598432,20.067473,24.213233,25.020793,4.982164,-0.311442,4.982164,-0.373731,1.000000,1.200000,1
1669,84.648545,19.964603,24.242357,25.020326,4.988960,-0.315629,4.988960,-0.378755,1.000000,1.200000,1
1670,84.700763,19.888045,26.182221,25.021022,4.993491,-0.277950,4.993491,-0.333539,1.000000,1.200000,1
1671,84.748315,20.019238,23.784984,25.020282,4.991226,-0.330282,4.991226,-0.396339,1.000000,1.200000,1
1672,84.849220,9.963073,24.324092,25.019866,4.986695,-0.308303,4.986695,-0.369963,1.000000,1.200000,1
1673,84.898421,20.237555,24.138644,25.019339,4.993491,-0.311442,4.993491,-0.373731,1.000000,1.200000,1
1674,85.051380,6.644007,26.562223,25.020261,4.998022,-0.300976,4.998022,-0.361171,1.000000,1.200000,1
1675,85.098810,20.208769,24.503917,25.019953,4.984429,-0.309349,4.984429,-0.371219,1.000000,1.200000,1
1676,85.148895,19.688283,23.793026,25.019221,4.973102,-0.290509,4.973102,-0.348611,1.000000,1.200000,1
1677,85.199540,20.288971,25.155878,25.019302,4.982164,-0.314583,4.982164,-0.377499,1.000000,1.200000,1
1678,85.250061,20.106254,25.940427,25.019851,5.011615,-0.221430,5.011615,-0.265716,1.000000,1.200000,1
1679,85.304213,19.551151,28.839095,25.022126,5.025208,0.003600,5.025208,0.004320,1.000000,1.200000,1
1680,85.348902,20.462660,24.777427,25.021980,5.018412,0.067446,5.018412,0.080935,1.000000,1.200000,1
1681,85.400833,19.071682,24.265093,25.021530,4.988960,0.063259,4.988960,0.075911,1.000000,1.200000,1
1682,85.449620,20.774308,24.914534,25.021466,4.995757,0.071633,4.995757,0.085959,1.000000,1.200000,1
1683,85.499516,19.977286,24.751792,25.021306,4.986695,0.121872,4.986695,0.146247,1.000000,1.200000,1
1684,85.550533,19.361311,24.101475,25.020760,5.018412,0.084193,5.018412,0.101031,1.000000,1.200000,1
1685,85.601000,20.706273,26.298139,25.021518,5.027473,0.054886,5.027473,0.065864,1.000000,1.200000,1
1686,85.648943,20.078590,24.431252,25.021168,5.000288,0.160598,5.000288,0.192718,1.000000,1.200000,1
1687,85.698095,20.207178,24.104920,25.020625,4.950447,0.300850,4.950447,0.361020,1.000000,1.200000,1
1688,85.749166,19.759511,24.556369,25.020350,4.943650,0.296663,4.943650,0.355996,1.000000,1.200000,1
1689,85.798348,20.307805,24.500048,25.020042,4.939119,0.308176,4.939119,0.369812,1.000000,1.200000,1
1690,85.855620,18.835574,28.618231,25.022171,4.939119,0.306083,4.939119,0.367300,1.000000,1.200000,1
1691,85.900978,20.798001,25.958770,25.022725,4.941385,0.294570,4.941385,0.353484,1.000000,1.200000,1
1692,85.949359,19.989081,24.264249,25.022276,4.936854,0.294570,4.936854,0.353484,1.000000,1.200000,1
1693,85.998475,20.232683,23.986521,25.021664,4.945916,0.284103,4.945916,0.340924,1.000000,1.200000,1
1694,86.051064,20.008430,26.597367,25.022595,4.932323,0.283056,4.932323,0.339668,1.000000,1.200000,1
1695,86.102656,19.732795,27.478005,25.024043,4.945916,0.299803,4.945916,0.359764,1.000000,1.200000,1
1696,86.149047,20.475458,25.071826,25.024071,4.939119,0.293523,4.939119,0.352228,1.000000,1.200000,1
1697,86.202658,19.146038,26.462146,25.024919,4.950447,0.276777,4.950447,0.332132,1.000000,1.200000,1
1698,86.249162,20.632674,24.493800,25.024606,4.993491,0.078959,4.993491,0.094751,1.000000,1.200000,1
1699,86.299814,20.270879,25.817930,25.025073,4.988960,0.132339,4.988960,0.158806,1.000000,1.200000,1
1700,86.350845,19.881452,26.211774,25.025771,4.977633,0.131292,4.977633,0.157550,1.000000,1.200000,1
1701,86.400027,19.906700,25.473552,25.026034,4.991226,0.097799,4.991226,0.117359,1.000000,1.200000,1
1702,86.450489,19.869044,25.598628,25.026371,5.009350,0.071633,5.009350,0.085959,1.000000,1.200000,1
1703,86.502399,20.130259,27.841748,25.028024,5.004818,-0.051872,5.004818,-0.062247,1.000000,1.200000,1
1704,86.549915,19.931476,25.188174,25.028118,5.047863,-0.111532,5.047863,-0.133838,1.000000,1.200000,1
1705,86.599512,19.787115,24.261402,25.027668,5.018412,-0.222477,5.018412,-0.266972,1.000000,1.200000,1
1706,86.651876,20.298478,27.358823,25.029035,5.000288,-0.227710,5.000288,-0.273252,1.000000,1.200000,1
1707,86.698518,20.169217,24.433154,25.028686,4.998022,-0.319816,4.998022,-0.383779,1.000000,1.200000,1
1708,86.748987,19.840267,24.469282,25.028358,4.988960,-0.326096,4.988960,-0.391315,1.000000,1.200000,1
1709,86.799452,20.063234,25.112212,25.028407,4.991226,-0.337609,4.991226,-0.405131,1.000000,1.200000,1
1710,86.848615,20.113339,24.551007,25.028128,4.991226,-0.303069,4.991226,-0.363683,1.000000,1.200000,1
1711,86.900517,19.682602,25.662575,25.028499,4.995757,-0.294696,4.995757,-0.353635,1.000000,1.200000,1
1712,86.950048,20.194695,25.668998,25.028873,5.002553,-0.286323,5.002553,-0.343587,1.000000,1.200000,1
1713,87.003916,18.958676,26.799062,25.029906,4.993491,-0.327142,4.993491,-0.392571,1.000000,1.200000,1
1714,87.050176,21.156916,25.778980,25.030343,4.998022,-0.297836,4.998022,-0.357403,1.000000,1.200000,1
1715,87.100594,19.995376,26.169828,25.031008,4.991226,-0.304116,4.991226,-0.364939,1.000000,1.200000,1
1716,87.151365,19.607662,25.940148,25.031538,4.995757,-0.310396,4.995757,-0.372475,1.000000,1.200000,1
1717,87.200324,20.448741,26.014389,25.032110,4.993491,-0.302023,4.993491,-0.362427,1.000000,1.200000,1
1718,87.249491,20.006092,25.211164,25.032214,5.007084,-0.304116,5.007084,-0.364939,1.000000,1.200000,1
1719,87.299012,19.877808,24.391745,25.031842,5.002553,-0.307256,5.002553,-0.368707,1.000000,1.200000,1
1720,87.349128,19.865357,24.192710,25.031354,4.982164,-0.292603,4.982164,-0.351123,1.000000,1.200000,1
1721,87.404510,19.771135,28.955726,25.033634,5.007084,-0.308303,5.007084,-0.369963,1.000000,1.200000,1
1722,87.450365,20.571162,26.227324,25.034327,5.000288,-0.327142,5.000288,-0.392571,1.000000,1.200000,1
1723,87.498572,19.934472,23.930455,25.033687,4.988960,-0.333422,4.988960,-0.400107,1.000000,1.200000,1
1724,87.548205,20.068509,24.079597,25.033133,4.995757,-0.326096,4.995757,-0.391315,1.000000,1.200000,1
1725,87.598229,20.002241,24.110122,25.032598,5.000288,-0.296789,5.000288,-0.356147,1.000000,1.200000,1
1726,87.648459,20.004577,24.358295,25.032207,4.998022,-0.233990,4.998022,-0.280788,1.000000,1.200000,1
1727,87.698801,19.790779,24.160859,25.031703,5.036536,-0.094785,5.036536,-0.113742,1.000000,1.200000,1
1728,87.751136,20.101384,26.755597,25.032700,5.007084,0.059073,5.007084,0.070888,1.000000,1.200000,1
1729,87.804100,19.102961,27.372638,25.034054,4.991226,0.052793,4.991226,0.063351,1.000000,1.200000,1
1730,87.848445,21.056084,24.211382,25.033578,4.988960,0.130245,4.988960,0.156294,1.000000,1.200000,1
1731,87.903028,19.928479,28.574038,25.035624,5.025208,0.061166,5.025208,0.073399,1.000000,1.200000,1
1732,87.950632,20.098477,26.449425,25.036440,4.948181,0.277823,4.948181,0.333388,1.000000,1.200000,1
1733,88.000680,20.062181,26.675378,25.037386,4.934588,0.283056,4.934588,0.339668,1.000000,1.200000,1
1734,88.050085,19.554087,24.943431,25.037331,4.927792,0.328063,4.927792,0.393675,1.000000,1.200000,1
1735,88.100229,20.257791,25.718439,25.037724,4.936854,0.336436,4.936854,0.403723,1.000000,1.200000,1
1736,88.149857,19.999584,25.348305,25.037903,4.936854,0.338529,4.936854,0.406235,1.000000,1.200000,1
1737,88.198413,20.034694,23.988225,25.037299,4.945916,0.334343,4.945916,0.401211,1.000000,1.200000,1
1738,88.250392,19.373333,24.339077,25.036897,4.943650,0.329109,4.943650,0.394931,1.000000,1.200000,1
1739,88.305725,18.550400,25.770076,25.037318,4.932323,0.340622,4.932323,0.408747,1.000000,1.200000,1
1740,88.351599,21.124175,24.313783,25.036903,4.934588,0.332249,4.934588,0.398699,1.000000,1.200000,1
1741,88.400390,21.035056,25.530032,25.037186,4.934588,0.332249,4.934588,0.398699,1.000000,1.200000,1
1742,88.451744,20.011152,26.936638,25.038276,4.936854,0.333296,4.936854,0.399955,1.000000,1.200000,1
1743,88.499678,19.783141,24.333740,25.037872,4.927792,0.342716,4.927792,0.411259,1.000000,1.200000,1
1744,88.553339,20.224345,28.535725,25.039878,4.950447,0.323876,4.950447,0.388651,1.000000,1.200000,1
1745,88.599752,19.743090,24.330256,25.039471,4.941385,0.320736,4.941385,0.384883,1.000000,1.200000,1
1746,88.648395,20.486212,24.144315,25.038958,4.927792,0.285150,4.927792,0.342180,1.000000,1.200000,1
1747,88.700446,19.930872,25.942469,25.039476,4.932323,0.309223,4.932323,0.371068,1.000000,1.200000,1
1748,88.749275,19.924798,24.647773,25.039251,4.975367,0.144898,4.975367,0.173878,1.000000,1.200000,1
1749,88.802332,19.690400,26.906185,25.040319,4.991226,0.132339,4.991226,0.158806,1.000000,1.200000,1
1750,88.851622,20.416320,27.234785,25.041573,4.982164,0.112452,4.982164,0.134942,1.000000,1.200000,1
1751,88.898702,19.991630,24.276141,25.041136,5.034270,-0.072806,5.034270,-0.087367,1.000000,1.200000,1
1752,88.950530,19.740367,25.438862,25.041363,5.020677,-0.108392,5.020677,-0.130070,1.000000,1.200000,1
1753,88.999743,19.929394,24.481697,25.041043,5.007084,-0.223524,5.007084,-0.268228,1.000000,1.200000,1
1754,89.049745,20.129914,24.827400,25.040922,4.998022,-0.257016,4.998022,-0.308420,1.000000,1.200000,1
1755,89.103183,19.865748,27.930722,25.042568,4.986695,-0.336562,4.986695,-0.403875,1.000000,1.200000,1
1756,89.151452,19.223853,24.171969,25.042072,4.993491,-0.309349,4.993491,-0.371219,1.000000,1.200000,1
1757,89.200468,20.516093,24.441966,25.041731,4.991226,-0.311442,4.991226,-0.373731,1.000000,1.200000,1
1758,89.253332,20.298657,28.056494,25.043446,4.977633,-0.232944,4.977633,-0.279532,1.000000,1.200000,1
1759,89.300207,20.364839,25.819011,25.043887,4.887013,-0.012100,4.887013,-0.014520,1.000000,1.200000,1
1760,89.350238,19.786803,25.286313,25.044024,4.918730,-0.632765,4.918730,-0.759318,1.000000,1.200000,1
1761,89.414599,19.111255,37.282974,25.050974,4.934588,-0.669398,4.934588,-0.803277,1.000000,1.200000,1
1762,89.449437,20.787051,24.088512,25.050428,4.927792,-0.670444,4.927792,-0.804533,1.000000,1.200000,1
1763,89.504506,19.423788,27.653563,25.051905,4.936854,-0.653698,4.936854,-0.784438,1.000000,1.200000,1
1764,89.548131,21.256482,24.248538,25.051449,4.982164,-0.574152,4.982164,-0.688983,1.000000,1.200000,1
1765,89.598277,19.933853,24.242329,25.050991,4.959509,-0.634858,4.959509,-0.761830,1.000000,1.200000,1
1766,89.649172,19.654535,24.257971,25.050542,4.957243,-0.604505,4.957243,-0.725406,1.000000,1.200000,1
1767,89.699148,19.978970,24.175397,25.050047,4.952712,-0.590899,4.952712,-0.709079,1.000000,1.200000,1
1768,89.749585,20.166924,25.034634,25.050038,4.973102,-0.586712,4.973102,-0.704055,1.000000,1.200000,1
1769,89.801669,19.726560,26.398155,25.050800,4.954978,-0.571012,4.954978,-0.685215,1.000000,1.200000,1
1770,89.851871,19.375932,24.777037,25.050645,4.936854,-0.643232,4.936854,-0.771878,1.000000,1.200000,1
1771,89.898849,20.700568,23.644915,25.049852,4.918730,-0.653698,4.918730,-0.784438,1.000000,1.200000,1
1772,89.951475,20.417898,27.287894,25.051115,4.918730,-0.422388,4.918730,-0.506865,1.000000,1.200000,1
1773,90.000448,19.977106,26.241289,25.051786,4.918730,-0.248643,4.918730,-0.298372,1.000000,1.200000,1
1774,90.048675,20.038554,24.555137,25.051506,4.995757,-0.282136,4.995757,-0.338563,1.000000,1.200000,1
1775,90.100571,19.630653,25.516529,25.051768,4.988960,-0.321909,4.988960,-0.386291,1.000000,1.200000,1
1776,90.150207,20.363747,26.064692,25.052338,5.002553,-0.310396,5.002553,-0.372475,1.000000,1.200000,1
1777,90.201074,19.129811,24.640670,25.052107,4.988960,-0.289463,4.988960,-0.347355,1.000000,1.200000,1
1778,90.252386,20.917529,28.148544,25.053848,4.988960,-0.274810,4.988960,-0.329772,1.000000,1.200000,1
1779,90.298802,20.096651,24.790051,25.053700,5.052394,-0.059199,5.052394,-0.071039,1.000000,1.200000,1
1780,90.348249,20.089378,24.473983,25.053374,5.004818,0.080006,5.004818,0.096007,1.000000,1.200000,1
1781,90.400186,19.757376,25.784211,25.053784,5.002553,0.059073,5.002553,0.070888,1.000000,1.200000,1
1782,90.452119,18.948287,24.948900,25.053726,4.986695,0.085239,4.986695,0.102287,1.000000,1.200000,1
1783,90.498821,20.964606,23.971180,25.053118,5.004818,0.136525,5.004818,0.163830,1.000000,1.200000,1
1784,90.548554,20.098928,23.932492,25.052490,4.941385,0.289337,4.941385,0.347204,1.000000,1.200000,1
1785,90.598580,20.043778,24.061525,25.051935,4.941385,0.335389,4.941385,0.402467,1.000000,1.200000,1
1786,90.650840,19.941019,26.155287,25.052553,4.925526,0.324923,4.925526,0.389907,1.000000,1.200000,1
1787,90.699682,20.018236,25.058027,25.052556,4.934588,0.332249,4.934588,0.398699,1.000000,1.200000,1
1788,90.748865,20.199510,24.756070,25.052390,4.925526,0.320736,4.925526,0.384883,1.000000,1.200000,1
1789,90.799607,19.827900,25.049448,25.052389,4.925526,0.318643,4.925526,0.382371,1.000000,1.200000,1
1790,90.848533,20.141687,24.342207,25.051992,4.916464,0.346903,4.916464,0.416283,1.000000,1.200000,1
1791,90.898037,20.243039,24.439207,25.051650,4.932323,0.427495,4.932323,0.512993,1.000000,1.200000,1
1792,90.949102,19.535833,24.319099,25.051241,4.911933,0.430635,4.911933,0.516762,1.000000,1.200000,1
1793,90.999158,20.114106,24.630332,25.051006,4.920995,0.382488,4.920995,0.458986,1.000000,1.200000,1
1794,91.049135,19.841001,24.220493,25.050543,4.939119,0.358416,4.939119,0.430099,1.000000,1.200000,1
1795,91.098987,20.038435,24.174622,25.050055,4.925526,0.336436,4.925526,0.403723,1.000000,1.200000,1
1796,91.151473,19.736423,25.987818,25.050577,4.920995,0.312363,4.920995,0.374835,1.000000,1.200000,1
1797,91.198674,20.155082,23.569310,25.049753,4.934588,0.338529,4.934588,0.406235,1.000000,1.200000,1
1798,91.253463,19.237906,26.381975,25.050494,4.941385,0.336436,4.941385,0.403723,1.000000,1.200000,1
1799,91.302563,21.225223,28.370075,25.052339,4.939119,0.319689,4.939119,0.383627,1.000000,1.200000,1
1800,91.350215,19.886064,25.739767,25.052721,4.934588,0.319689,4.934588,0.383627,1.000000,1.200000,1
1801,91.400556,20.130965,26.379022,25.053458,4.934588,0.276777,4.934588,0.332132,1.000000,1.200000,1
1802,91.449683,19.916819,25.308211,25.053599,4.920995,0.388769,4.920995,0.466522,1.000000,1.200000,1
1803,91.498060,20.064864,23.864460,25.052939,4.979898,0.120825,4.979898,0.144990,1.000000,1.200000,1
1804,91.548521,20.024450,24.390575,25.052572,4.977633,0.100939,4.977633,0.121127,1.000000,1.200000,1
1805,91.601406,19.517006,26.020680,25.053109,5.018412,-0.076992,5.018412,-0.092391,1.000000,1.200000,1
1806,91.649789,20.256123,25.057468,25.053111,5.025208,-0.072806,5.025208,-0.087367,1.000000,1.200000,1
1807,91.699522,20.007638,24.808718,25.052976,4.998022,-0.228757,4.998022,-0.274508,1.000000,1.200000,1
1808,91.748603,20.306722,24.649301,25.052752,4.998022,-0.259110,4.998022,-0.310932,1.000000,1.200000,1
1809,91.798099,19.907687,23.887542,25.052108,5.000288,-0.325049,5.000288,-0.390059,1.000000,1.200000,1
1810,91.848708,19.911364,24.291420,25.051688,4.995757,-0.345982,4.995757,-0.415178,1.000000,1.200000,1
1811,91.898649,20.021551,24.285714,25.051265,4.964040,-0.207824,4.964040,-0.249389,1.000000,1.200000,1
1812,91.948834,19.940149,24.325105,25.050864,4.907403,0.050700,4.907403,0.060840,1.000000,1.200000,1
1813,91.999899,19.936619,25.219354,25.050957,4.925526,-0.637998,4.925526,-0.765598,1.000000,1.200000,1
1814,92.050223,19.483082,24.231538,25.050506,4.911933,-0.623345,4.911933,-0.748014,1.000000,1.200000,1
1815,92.108864,20.716724,34.581502,25.055757,4.932323,-0.662071,4.932323,-0.794485,1.000000,1.200000,1
1816,92.149052,19.869864,24.446490,25.055421,4.964040,-0.668351,4.964040,-0.802021,1.000000,1.200000,1
1817,92.201669,19.971251,26.986820,25.056484,5.000288,-0.685098,5.000288,-0.822117,1.000000,1.200000,1
1818,92.248942,20.218104,24.811681,25.056350,4.988960,-0.670444,4.988960,-0.804533,1.000000,1.200000,1
1819,92.299124,19.786876,24.446421,25.056014,5.007084,-0.693471,5.007084,-0.832165,1.000000,1.200000,1
1820,92.348823,19.899941,23.905490,25.055382,5.004818,-0.707077,5.004818,-0.848493,1.000000,1.200000,1
1821,92.398573,20.237041,24.233625,25.054931,4.975367,-0.717544,4.975367,-0.861053,1.000000,1.200000,1
1822,92.448597,20.018006,24.300063,25.054517,4.968571,-0.724870,4.968571,-0.869845,1.000000,1.200000,1
1823,92.501146,19.453729,25.436975,25.054726,4.973102,-0.724870,4.973102,-0.869845,1.000000,1.200000,1
1824,92.550627,20.626008,26.467360,25.055501,4.973102,-0.664165,4.973102,-0.796997,1.000000,1.200000,1
1825,92.598493,19.957773,24.193384,25.055028,4.970836,-0.580432,4.970836,-0.696519,1.000000,1.200000,1
1826,92.648018,20.114484,24.021077,25.054462,4.954978,-0.617065,4.954978,-0.740478,1.000000,1.200000,1
1827,92.706213,19.327332,30.443363,25.057412,4.961774,-0.585665,4.961774,-0.702799,1.000000,1.200000,1
1828,92.750525,20.638008,26.332396,25.058109,4.939119,-0.612879,4.939119,-0.735454,1.000000,1.200000,1
1829,92.804290,18.368317,25.570310,25.058389,4.934588,-0.351215,4.934588,-0.421458,1.000000,1.200000,1
1830,92.851121,20.817756,24.447274,25.058055,5.000288,-0.315629,5.000288,-0.378755,1.000000,1.200000,1
1831,92.900551,20.713805,25.585982,25.058344,4.993491,-0.270623,4.993491,-0.324748,1.000000,1.200000,1
1832,92.950386,20.038550,25.499098,25.058584,5.002553,-0.306209,5.002553,-0.367451,1.000000,1.200000,1
1833,92.999594,19.959174,24.627039,25.058349,4.986695,-0.330282,4.986695,-0.396339,1.000000,1.200000,1
1834,93.048562,20.289581,24.331564,25.057953,5.002553,-0.217244,5.002553,-0.260692,1.000000,1.200000,1
1835,93.101579,19.694752,26.540049,25.058760,4.998022,0.058026,4.998022,0.069631,1.000000,1.200000,1
1836,93.149242,20.043680,24.345356,25.058372,4.995757,0.066399,4.995757,0.079679,1.000000,1.200000,1
1837,93.199338,19.967242,24.328490,25.057974,5.020677,0.080006,5.020677,0.096007,1.000000,1.200000,1
1838,93.248938,20.084486,24.156577,25.057484,5.004818,0.135479,5.004818,0.162574,1.000000,1.200000,1
1839,93.301642,19.935911,26.683273,25.058368,4.932323,0.312363,4.932323,0.374835,1.000000,1.200000,1
1840,93.349107,20.186881,24.646583,25.058144,4.930058,0.323876,4.930058,0.388651,1.000000,1.200000,1
1841,93.398207,20.092263,23.947726,25.057541,4.934588,0.324923,4.934588,0.389907,1.000000,1.200000,1
1842,93.449524,19.623939,24.321416,25.057141,4.930058,0.321783,4.930058,0.386139,1.000000,1.200000,1
1843,93.499456,20.192611,24.728329,25.056963,4.916464,0.434821,4.916464,0.521786,1.000000,1.200000,1
1844,93.549645,19.831991,24.465532,25.056642,4.803190,0.593912,4.803190,0.712695,1.000000,1.200000,1
1845,93.603363,19.310466,26.202657,25.057263,4.753349,0.592866,4.753349,0.711439,1.000000,1.200000,1
1846,93.653647,20.079323,26.905825,25.058265,4.769208,0.592866,4.769208,0.711439,1.000000,1.200000,1
1847,93.698504,21.111166,24.394289,25.057905,4.771473,0.624265,4.771473,0.749119,1.000000,1.200000,1
1848,93.749045,19.777434,24.377027,25.057537,4.791862,0.597053,4.791862,0.716463,1.000000,1.200000,1
1849,93.798650,20.063274,24.127096,25.057034,4.798659,0.589726,4.798659,0.707671,1.000000,1.200000,1
1850,93.849031,20.180004,24.967955,25.056985,4.800925,0.586586,4.800925,0.703903,1.000000,1.200000,1
1851,93.899039,19.732442,24.306795,25.056580,4.760146,0.597053,4.760146,0.716463,1.000000,1.200000,1
1852,93.948524,20.203617,24.287470,25.056165,4.730694,0.621125,4.730694,0.745351,1.000000,1.200000,1
1853,94.000955,19.677330,25.887198,25.056613,4.884748,0.453661,4.884748,0.544393,1.000000,1.200000,1
1854,94.048810,20.271011,24.413209,25.056266,4.905137,0.409702,4.905137,0.491642,1.000000,1.200000,1
1855,94.101226,19.985968,26.799211,25.057206,4.907403,0.407608,4.907403,0.489130,1.000000,1.200000,1
1856,94.150656,20.269396,26.897955,25.058198,4.916464,0.413888,4.916464,0.496666,1.000000,1.200000,1
1857,94.198566,19.867182,24.465567,25.057879,4.907403,0.411795,4.907403,0.494154,1.000000,1.200000,1
1858,94.249566,20.014915,25.511916,25.058123,4.887013,0.417028,4.887013,0.500434,1.000000,1.200000,1
1859,94.298981,19.825622,24.458407,25.057800,4.923261,0.376209,4.923261,0.451451,1.000000,1.200000,1
1860,94.349608,19.979136,25.051343,25.057797,4.998022,0.139665,4.998022,0.167598,1.000000,1.200000,1
1861,94.398242,20.224422,24.246414,25.057361,4.988960,0.112452,4.988960,0.134942,1.000000,1.200000,1
1862,94.450151,19.477698,24.805195,25.057225,5.011615,0.060119,5.011615,0.072143,1.000000,1.200000,1
1863,94.499332,20.093724,24.236959,25.056785,5.018412,0.055933,5.018412,0.067119,1.000000,1.200000,1
1864,94.551181,20.045240,26.168229,25.057381,4.970836,-0.146071,4.970836,-0.175286,1.000000,1.200000,1
1865,94.600901,20.139846,26.236060,25.058013,4.973102,-0.138745,4.973102,-0.166494,1.000000,1.200000,1
1866,94.649456,19.861407,24.446665,25.057686,4.973102,-0.158631,4.973102,-0.190357,1.000000,1.200000,1
1867,94.701516,20.015457,26.571304,25.058497,4.998022,-0.132465,4.998022,-0.158958,1.000000,1.200000,1
1868,94.748769,20.154202,24.181847,25.058027,4.973102,0.093612,4.973102,0.112335,1.000000,1.200000,1
1869,94.798590,20.137481,24.343837,25.057645,4.945916,-0.361682,4.945916,-0.434018,1.000000,1.200000,1
1870,94.849186,19.872463,24.628208,25.057415,4.968571,-0.371102,4.968571,-0.445322,1.000000,1.200000,1
1871,94.898559,20.156100,24.403386,25.057066,4.961774,-0.231897,4.961774,-0.278276,1.000000,1.200000,1
1872,94.948651,20.053034,24.615728,25.056830,4.948181,-0.218290,4.948181,-0.261948,1.000000,1.200000,1
1873,95.001817,19.006994,25.167852,25.056889,4.957243,-0.147118,4.957243,-0.176542,1.000000,1.200000,1
1874,95.048718,21.208877,24.929034,25.056821,4.970836,-0.094785,4.970836,-0.113742,1.000000,1.200000,1
1875,95.099205,19.690005,24.628265,25.056593,4.952712,-0.038266,4.952712,-0.045919,1.000000,1.200000,1
1876,95.148863,20.120204,24.575179,25.056336,4.959509,-0.092692,4.959509,-0.111230,1.000000,1.200000,1
1877,95.200064,19.970916,25.686787,25.056672,4.966305,-0.133512,4.966305,-0.160214,1.000000,1.200000,1
1878,95.248498,20.101118,24.398517,25.056321,4.954978,-0.119905,4.954978,-0.143886,1.000000,1.200000,1
1879,95.298318,20.013727,24.255766,25.055895,4.964040,-0.069666,4.964040,-0.083599,1.000000,1.200000,1
1880,95.350826,19.529803,25.550709,25.056159,4.950447,-0.010006,4.950447,-0.012008,1.000000,1.200000,1
1881,95.399349,20.169836,24.479903,25.055852,4.794128,0.576119,4.794128,0.691343,1.000000,1.200000,1
1882,95.449684,19.773360,24.258243,25.055428,5.007084,0.179438,5.007084,0.215325,1.000000,1.200000,1
1883,95.503917,20.199389,28.992958,25.057520,5.007084,0.185718,5.007084,0.222862,1.000000,1.200000,1
1884,95.551364,19.200676,24.358735,25.057149,4.995757,0.234911,4.995757,0.281893,1.000000,1.200000,1
1885,95.600139,21.100453,25.739236,25.057510,4.966305,0.254797,4.966305,0.305756,1.000000,1.200000,1
1886,95.648778,20.038836,24.468393,25.057198,5.000288,0.245377,5.000288,0.294452,1.000000,1.200000,1
1887,95.698962,19.820649,24.224059,25.056757,4.979898,0.252703,4.979898,0.303244,1.000000,1.200000,1
1888,95.748240,20.337705,24.324126,25.056369,4.975367,0.486107,4.975367,0.583329,1.000000,1.200000,1
1889,95.798922,19.818794,24.537414,25.056094,4.959509,0.427495,4.959509,0.512993,1.000000,1.200000,1
1890,95.847795,20.316155,24.201389,25.055642,4.975367,0.395048,4.975367,0.474058,1.000000,1.200000,1
1891,95.899229,19.479371,24.274012,25.055228,5.018412,0.318643,5.018412,0.382371,1.000000,1.200000,1
1892,95.949041,20.266222,24.724108,25.055053,5.016146,0.291430,5.016146,0.349716,1.000000,1.200000,1
1893,96.001340,19.835917,26.625257,25.055883,5.013881,0.339576,5.013881,0.407491,1.000000,1.200000,1
1894,96.048164,20.409803,24.473156,25.055575,5.013881,0.365742,5.013881,0.438890,1.000000,1.200000,1
1895,96.100506,19.093642,24.445026,25.055253,5.016146,0.372022,5.016146,0.446427,1.000000,1.200000,1
1896,96.199967,10.084884,24.732194,25.055082,5.004818,0.363649,5.004818,0.436379,1.000000,1.200000,1
1897,96.248570,20.434962,24.389528,25.054732,5.002553,0.390862,5.002553,0.469034,1.000000,1.200000,1
1898,96.300893,19.843963,26.301100,25.055388,5.000288,0.397142,5.000288,0.476570,1.000000,1.200000,1
1899,96.349257,20.035601,24.600910,25.055149,4.952712,0.459941,4.952712,0.551929,1.000000,1.200000,1
1900,96.398426,20.053090,24.111762,25.054652,4.923261,0.555187,4.923261,0.666224,1.000000,1.200000,1
1901,96.448596,20.101282,24.483803,25.054352,4.857562,0.695438,4.857562,0.834525,1.000000,1.200000,1
1902,96.500873,19.780208,26.208016,25.054959,4.864358,0.648338,4.864358,0.778006,1.000000,1.200000,1
1903,96.553336,19.776788,27.908797,25.056458,4.862092,0.604379,4.862092,0.725255,1.000000,1.200000,1
1904,96.601100,20.341669,26.706260,25.057325,4.948181,0.460988,4.948181,0.553185,1.000000,1.200000,1
1905,96.648691,19.939950,24.137319,25.056842,4.930058,0.437961,4.930058,0.525554,1.000000,1.200000,1
1906,96.699466,20.071655,25.123722,25.056877,4.952712,0.423308,4.952712,0.507969,1.000000,1.200000,1
1907,96.749367,19.864088,24.686323,25.056683,4.936854,0.407608,4.936854,0.489130,1.000000,1.200000,1
1908,96.800409,20.091226,25.952025,25.057152,4.943650,0.389815,4.943650,0.467778,1.000000,1.200000,1
1909,96.849706,20.032892,25.345592,25.057303,4.934588,0.397142,4.934588,0.476570,1.000000,1.200000,1
1910,96.901460,19.314293,25.320574,25.057441,4.936854,0.390862,4.936854,0.469034,1.000000,1.200000,1
1911,96.948840,20.809228,24.635222,25.057220,4.934588,0.394002,4.934588,0.472802,1.000000,1.200000,1
1912,96.998873,19.744775,24.020226,25.056678,4.934588,0.384582,4.934588,0.461498,1.000000,1.200000,1
1913,97.050638,20.128715,26.109043,25.057228,4.936854,0.396095,4.936854,0.475314,1.000000,1.200000,1
1914,97.099193,20.064807,24.825815,25.057107,4.936854,0.392955,4.936854,0.471546,1.000000,1.200000,1
1915,97.149619,19.927391,25.076651,25.057117,4.930058,0.395048,4.930058,0.474058,1.000000,1.200000,1
1916,97.200931,20.015230,26.415152,25.057826,4.930058,0.365742,4.930058,0.438890,1.000000,1.200000,1
1917,97.250280,19.707556,25.018714,25.057805,4.936854,0.382488,4.936854,0.458986,1.000000,1.200000,1
1918,97.299563,20.104955,24.548657,25.057540,4.941385,0.414935,4.941385,0.497922,1.000000,1.200000,1
1919,97.349996,20.009808,25.015995,25.057518,4.939119,0.448428,4.939119,0.538113,1.000000,1.200000,1
1920,97.402883,19.883731,27.586359,25.058835,4.936854,0.419121,4.936854,0.502946,1.000000,1.200000,1
1921,97.453355,19.092613,25.701921,25.059170,4.925526,0.448428,4.925526,0.538113,1.000000,1.200000,1
1922,97.499483,21.061831,24.085195,25.058663,4.934588,0.473547,4.934588,0.568257,1.000000,1.200000,1
1923,97.549688,20.338258,25.410179,25.058846,4.959509,0.468314,4.959509,0.561977,1.000000,1.200000,1
1924,97.651324,9.912082,26.144733,25.059411,4.930058,0.501807,4.930058,0.602169,1.000000,1.200000,1
1925,97.703578,19.119507,26.103677,25.059953,4.907403,0.546813,4.907403,0.656176,1.000000,1.200000,1
1926,97.748895,21.306792,24.487164,25.059656,4.855297,0.665085,4.855297,0.798102,1.000000,1.200000,1
1927,97.799472,19.939080,24.916558,25.059581,4.889278,0.508087,4.889278,0.609704,1.000000,1.200000,1
1928,97.849113,19.942997,24.386845,25.059232,4.893809,0.490294,4.893809,0.588352,1.000000,1.200000,1
1929,97.898313,20.209015,24.116383,25.058744,4.898341,0.554140,4.898341,0.664968,1.000000,1.200000,1
1930,97.951518,19.622445,26.369314,25.059423,4.893809,0.576119,4.893809,0.691343,1.000000,1.200000,1
1931,97.999548,20.045788,24.436084,25.059100,4.891544,0.590772,4.891544,0.708927,1.000000,1.200000,1
1932,98.049786,20.098515,24.960446,25.059049,4.905137,0.574026,4.905137,0.688831,1.000000,1.200000,1
1933,98.100326,20.215368,26.058915,25.059566,4.898341,0.572979,4.898341,0.687575,1.000000,1.200000,1
1934,98.150628,20.139058,26.557087,25.060340,4.891544,0.578213,4.891544,0.693855,1.000000,1.200000,1
1935,98.199184,19.939285,25.133806,25.060378,4.918730,0.496574,4.918730,0.595889,1.000000,1.200000,1
1936,98.248250,20.028982,24.255534,25.059963,4.900606,0.469361,4.900606,0.563233,1.000000,1.200000,1
1937,98.300582,19.683547,25.761821,25.060325,4.871155,0.636825,4.871155,0.764190,1.000000,1.200000,1
1938,98.350702,20.141584,26.246218,25.060937,4.864358,0.704858,4.864358,0.845829,1.000000,1.200000,1
1939,98.398233,20.149903,24.158338,25.060471,4.855297,0.717418,4.855297,0.860901,1.000000,1.200000,1
1940,98.450462,19.643760,25.465058,25.060680,4.875686,0.717418,4.875686,0.860901,1.000000,1.200000,1
1941,98.501877,19.098573,24.528461,25.060406,4.825845,0.732071,4.825845,0.878485,1.000000,1.200000,1
1942,98.549106,21.353019,24.938075,25.060343,4.873420,0.561466,4.873420,0.673759,1.000000,1.200000,1
1943,98.600090,19.942644,25.426192,25.060531,4.866623,0.482967,4.866623,0.579561,1.000000,1.200000,1
1944,98.648562,20.034612,24.320810,25.060151,4.855297,0.571933,4.855297,0.686320,1.000000,1.200000,1
1945,98.700604,19.931547,26.164670,25.060718,4.887013,0.701718,4.887013,0.842061,1.000000,1.200000,1
1946,98.748921,19.930299,24.343997,25.060350,4.902872,0.609612,4.902872,0.731535,1.000000,1.200000,1
1947,98.798565,20.115607,24.285800,25.059952,4.968571,0.501807,4.968571,0.602169,1.000000,1.200000,1
1948,98.848796,19.959554,24.406138,25.059617,4.968571,0.498667,4.968571,0.598400,1.000000,1.200000,1
1949,98.900772,19.953979,26.262234,25.060234,4.943650,0.311316,4.943650,0.373579,1.000000,1.200000,1
1950,98.950310,20.068251,25.955513,25.060693,4.932323,0.299803,4.932323,0.359764,1.000000,1.200000,1
1951,98.998603,20.079610,24.475247,25.060393,4.952712,0.273637,4.952712,0.328364,1.000000,1.200000,1
1952,99.048971,19.965432,24.717356,25.060217,4.948181,0.278870,4.948181,0.334644,1.000000,1.200000,1
1953,99.098650,19.843019,24.024527,25.059687,5.072783,0.121872,5.072783,0.146247,1.000000,1.200000,1
1954,99.150332,19.927996,25.515737,25.059920,5.002553,0.081052,5.002553,0.097263,1.000000,1.200000,1
1955,99.200714,20.155379,26.295681,25.060552,4.977633,0.072679,4.977633,0.087215,1.000000,1.200000,1
1956,99.250640,19.731410,25.551611,25.060803,4.986695,0.063259,4.986695,0.075911,1.000000,1.200000,1
1957,99.301452,19.869419,26.038989,25.061303,4.998022,0.051746,4.998022,0.062095,1.000000,1.200000,1
1958,99.351090,20.313999,26.448314,25.062012,4.959509,-0.179564,4.959509,-0.215477,1.000000,1.200000,1
1959,99.400662,19.906041,25.789017,25.062383,4.984429,-0.200497,4.984429,-0.240597,1.000000,1.200000,1
1960,99.449342,20.079079,24.644794,25.062170,4.982164,-0.264343,4.982164,-0.317212,1.000000,1.200000,1
1961,99.501308,19.890062,26.336140,25.062819,4.973102,-0.270623,4.973102,-0.324748,1.000000,1.200000,1
1962,99.600781,10.007902,25.869650,25.063230,4.952712,-0.463207,4.952712,-0.555849,1.000000,1.200000,1
1963,99.650491,19.780684,25.045709,25.063222,4.900606,-0.466347,4.900606,-0.559617,1.000000,1.200000,1
1964,99.699130,20.173296,24.116169,25.062739,4.952712,-0.550079,4.952712,-0.660095,1.000000,1.200000,1
1965,99.799584,10.026449,24.836901,25.062624,4.961774,-0.648465,4.961774,-0.778158,1.000000,1.200000,1
1966,99.851181,19.166807,24.263065,25.062218,4.964040,-0.582526,4.964040,-0.699031,1.000000,1.200000,1
1967,99.899183,20.760456,24.100807,25.061729,4.957243,-0.594039,4.957243,-0.712846,1.000000,1.200000,1
1968,99.955453,17.874214,24.406310,25.061396,4.968571,-0.672538,4.968571,-0.807045,1.000000,1.200000,1
1969,100.004694,21.322099,26.730418,25.062244,4.941385,-0.654745,4.941385,-0.785694,1.000000,1.200000,1
1970,100.054020,20.034181,26.177252,25.062810,4.893809,-0.757317,4.893809,-0.908780,1.000000,1.200000,1
1971,100.100699,20.551929,24.204200,25.062374,5.016146,-0.572059,5.016146,-0.686471,1.000000,1.200000,1
1972,100.151243,19.931747,24.549023,25.062114,5.011615,-0.574152,5.011615,-0.688983,1.000000,1.200000,1
1973,100.203486,19.853793,26.457722,25.062821,5.020677,-0.499840,5.020677,-0.599808,1.000000,1.200000,1
1974,100.251934,19.871891,24.564384,25.062568,5.036536,-0.512400,5.036536,-0.614880,1.000000,1.200000,1
1975,100.305065,19.094688,25.341592,25.062710,5.016146,-0.519727,5.016146,-0.623672,1.000000,1.200000,1
1976,100.353611,20.981283,26.193650,25.063282,5.007084,-0.492513,5.007084,-0.591016,1.000000,1.200000,1
1977,100.405452,18.661283,24.458923,25.062976,4.977633,-0.584619,4.977633,-0.701543,1.000000,1.200000,1
1978,100.451540,21.743776,24.567465,25.062726,4.939119,-0.186891,4.939119,-0.224269,1.000000,1.200000,1
1979,100.502468,19.598083,24.464533,25.062424,4.934588,-0.162818,4.934588,-0.195381,1.000000,1.200000,1
1980,100.552181,20.122603,24.494070,25.062137,4.930058,-0.132465,4.930058,-0.158958,1.000000,1.200000,1
1981,100.651874,10.023485,24.403262,25.061804,4.914199,-0.095832,4.914199,-0.114999,1.000000,1.200000,1
1982,100.702032,19.959543,24.470501,25.061506,4.943650,0.004647,4.943650,0.005576,1.000000,1.200000,1
1983,100.751955,20.054524,24.532541,25.061239,4.902872,0.140712,4.902872,0.168854,1.000000,1.200000,1
1984,100.802338,20.007594,24.913152,25.061164,4.821314,0.314456,4.821314,0.377347,1.000000,1.200000,1
1985,100.854979,19.386772,25.996945,25.061636,4.828111,0.356323,4.828111,0.427587,1.000000,1.200000,1
1986,100.902513,20.597415,24.967133,25.061588,4.821314,0.356323,4.821314,0.427587,1.000000,1.200000,1
1987,100.950920,20.382903,24.285075,25.061197,4.843969,0.319689,4.843969,0.383627,1.000000,1.200000,1
1988,101.001344,19.872231,24.391076,25.060860,4.846234,0.274683,4.846234,0.329620,1.000000,1.200000,1
1989,101.054210,20.107252,27.564855,25.062119,4.877951,0.224444,4.877951,0.269333,1.000000,1.200000,1
1990,101.101175,19.919449,24.320536,25.061746,4.964040,-0.123045,4.964040,-0.147654,1.000000,1.200000,1
1991,101.152750,19.386598,24.306974,25.061367,4.973102,-0.137698,4.973102,-0.165238,1.000000,1.200000,1
1992,101.204318,19.539112,24.691103,25.061181,4.966305,-0.157584,4.966305,-0.189101,1.000000,1.200000,1
1993,101.251353,21.183758,24.503875,25.060902,4.954978,-0.164911,4.954978,-0.197893,1.000000,1.200000,1
1994,101.302669,19.992092,25.811733,25.061278,4.954978,-0.132465,4.954978,-0.158958,1.000000,1.200000,1
1995,101.352082,20.065729,25.403895,25.061450,4.986695,-0.465301,4.986695,-0.558361,1.000000,1.200000,1
1996,101.402424,20.030570,25.808795,25.061825,5.000288,-0.482047,5.000288,-0.578456,1.000000,1.200000,1
1997,101.453485,19.798821,26.374083,25.062482,5.018412,-0.534379,5.018412,-0.641255,1.000000,1.200000,1
1998,101.501803,19.818431,24.233328,25.062067,5.007084,-0.495654,5.007084,-0.594784,1.000000,1.200000,1
1999,101.552955,20.111949,25.659082,25.062365,5.029739,-0.528100,5.029739,-0.633720,1.000000,1.200000,1
2000,101.602250,19.879296,24.662803,25.062166,4.986695,-0.541706,4.986695,-0.650047,1.000000,1.200000,1
2001,101.656468,19.222436,26.840598,25.063054,4.977633,-0.672538,4.977633,-0.807045,1.000000,1.200000,1
2002,101.705071,19.540931,24.281424,25.062664,4.964040,-0.584619,4.964040,-0.701543,1.000000,1.200000,1
2003,101.759607,19.114215,26.469170,25.063366,4.970836,-0.688238,4.970836,-0.825885,1.000000,1.200000,1
2004,101.809291,20.400259,27.116301,25.064391,4.970836,-0.832676,4.970836,-0.999211,1.000000,1.200000,1
2005,101.854804,20.783627,24.559210,25.064139,5.099969,-0.752083,5.099969,-0.902500,1.000000,1.200000,1
2006,101.906744,19.675064,25.672660,25.064442,5.167933,-1.018980,5.167933,-1.222776,1.000000,1.200000,1
2007,101.955116,20.062845,24.197669,25.064010,5.172464,-0.858842,5.172464,-1.030610,1.000000,1.200000,1
2008,102.005221,19.979812,24.251741,25.063606,5.161137,-0.843142,5.161137,-1.011771,1.000000,1.200000,1
2009,102.055663,19.928111,24.508904,25.063329,5.161137,-1.017933,5.161137,-1.221520,1.000000,1.200000,1
2010,102.104450,20.496956,24.519281,25.063059,5.369562,-1.089106,5.369562,-1.306927,1.000000,1.200000,1
2011,102.157482,19.419087,26.035385,25.063542,5.496429,-1.148765,5.496429,-1.378518,1.000000,1.200000,1
2012,102.206990,20.391455,26.529261,25.064271,5.423934,-1.375889,5.423934,-1.651066,1.000000,1.200000,1
2013,102.255395,19.837241,24.522467,25.064002,5.437527,-1.383215,5.437527,-1.659858,1.000000,1.200000,1
2014,102.306996,19.392906,24.554832,25.063749,5.154341,-1.156091,5.154341,-1.387310,1.000000,1.200000,1
2015,102.355206,20.578561,24.175150,25.063308,5.344642,-1.520327,5.344642,-1.824392,1.000000,1.200000,1
2016,102.406018,19.874812,24.663881,25.063110,5.299332,-1.520327,5.299332,-1.824392,1.000000,1.200000,1
2017,102.455658,20.159039,24.695792,25.062928,4.973102,-1.149812,4.973102,-1.379774,1.000000,1.200000,1
2018,102.506316,19.771728,24.768348,25.062782,5.027473,-1.294250,5.027473,-1.553100,1.000000,1.200000,1
2019,102.560276,19.435358,27.285903,25.063883,4.891544,-1.011653,4.891544,-1.213984,1.000000,1.200000,1
2020,102.605128,20.944777,24.402021,25.063555,5.036536,-1.608246,5.036536,-1.929895,1.000000,1.200000,1
2021,102.655521,19.981517,24.721999,25.063386,5.002553,-1.589406,5.002553,-1.907287,1.000000,1.200000,1
2022,102.707814,19.725049,26.317082,25.064006,4.807721,-1.488927,4.807721,-1.786713,1.000000,1.200000,1
2023,102.756129,19.934759,24.501396,25.063728,4.776004,-1.339256,4.776004,-1.607107,1.000000,1.200000,1
2024,102.806385,19.920629,24.533611,25.063466,4.918730,-1.851069,4.918730,-2.221283,1.000000,1.200000,1
2025,102.855003,20.556397,24.507800,25.063192,4.939119,-1.741171,4.939119,-2.089405,1.000000,1.200000,1
2026,102.907137,19.914269,26.426566,25.063865,4.911933,-1.530793,4.911933,-1.836952,1.000000,1.200000,1
2027,102.956623,19.794822,25.393693,25.064027,4.880217,-1.628132,4.880217,-1.953758,1.000000,1.200000,1
2028,103.007572,20.341251,27.183818,25.065073,4.909668,-1.563239,4.909668,-1.875887,1.000000,1.200000,1
2029,103.054976,20.673398,26.228779,25.065646,4.936854,-1.762104,4.936854,-2.114524,1.000000,1.200000,1
2030,103.106906,18.656051,24.531605,25.065383,4.923261,-1.768384,4.923261,-2.122060,1.000000,1.200000,1
2031,103.158159,20.301467,26.540899,25.066109,4.954978,-1.758964,4.954978,-2.110756,1.000000,1.200000,1
2032,103.205426,20.279854,24.494172,25.065828,4.594765,-0.596132,4.594765,-0.715358,1.000000,1.200000,1
2033,103.255963,19.779787,24.493448,25.065546,4.651402,-0.595086,4.651402,-0.714103,1.000000,1.200000,1
2034,103.304796,20.417860,24.341302,25.065190,4.608358,-0.439134,4.608358,-0.526961,1.000000,1.200000,1
2035,103.356954,19.262428,24.575050,25.064950,4.655933,-0.380522,4.655933,-0.456626,1.000000,1.200000,1
2036,103.404792,20.906183,24.575918,25.064709,4.653668,-0.403548,4.653668,-0.484258,1.000000,1.200000,1
2037,103.453634,20.402101,24.403809,25.064385,4.669526,1.084793,4.669526,1.301751,1.000000,1.200000,1
2038,103.506330,19.146833,24.873426,25.064291,4.669526,1.145499,4.669526,1.374598,1.000000,1.200000,1
2039,103.556361,19.909489,24.684108,25.064105,4.676323,1.117239,4.676323,1.340687,1.000000,1.200000,1
2040,103.608596,19.690781,26.107911,25.064616,4.646872,1.063860,4.646872,1.276632,1.000000,1.200000,1
2041,103.654452,20.910079,24.166379,25.064176,4.653668,1.172712,4.653668,1.407254,1.000000,1.200000,1
2042,103.705840,19.560555,24.420816,25.063861,4.667261,1.135032,4.667261,1.362038,1.000000,1.200000,1
2043,103.755171,20.344836,24.616124,25.063642,4.646872,1.117239,4.646872,1.340687,1.000000,1.200000,1
2044,103.808029,19.424426,25.982153,25.064091,4.653668,1.048160,4.653668,1.257792,1.000000,1.200000,1
2045,103.854317,21.205234,25.141835,25.064129,4.651402,1.078513,4.651402,1.294215,1.000000,1.200000,1
2046,103.907877,18.623614,24.978954,25.064088,4.615155,1.024087,4.615155,1.228904,1.000000,1.200000,1
2047,103.955252,20.904284,24.517694,25.063821,4.621951,1.027227,4.621951,1.232672,1.000000,1.200000,1
2048,104.005183,19.850611,24.085913,25.063343,4.619686,1.010480,4.619686,1.212576,1.000000,1.200000,1
2049,104.058648,19.816037,27.069149,25.064322,4.594765,0.985360,4.594765,1.182432,1.000000,1.200000,1
2050,104.104405,21.108579,25.469689,25.064520,4.583438,0.918375,4.583438,1.102050,1.000000,1.200000,1
2051,104.160714,18.360520,27.290521,25.065605,4.597031,0.935121,4.597031,1.122146,1.000000,1.200000,1
2052,104.207130,20.898982,25.871973,25.065998,4.624217,0.808476,4.624217,0.970172,1.000000,1.200000,1
2053,104.255139,20.134916,24.218751,25.065586,4.592500,0.737304,4.592500,0.884765,1.000000,1.200000,1
2054,104.305407,20.006444,24.484010,25.065303,4.628747,0.721604,4.628747,0.865925,1.000000,1.200000,1
2055,104.357734,19.688854,26.039162,25.065776,4.655933,0.570886,4.655933,0.685063,1.000000,1.200000,1
2056,104.407174,19.562184,24.348181,25.065427,4.655933,0.629499,4.655933,0.755398,1.000000,1.200000,1
2057,104.456874,20.727679,25.794285,25.065782,4.655933,0.557280,4.655933,0.668736,1.000000,1.200000,1
2058,104.507102,19.870590,25.684453,25.066082,4.628747,0.559373,4.628747,0.671248,1.000000,1.200000,1
2059,104.555824,20.160692,24.810167,25.065958,4.628747,0.539487,4.628747,0.647384,1.000000,1.200000,1
2060,104.606864,19.959844,25.768747,25.066299,4.621951,0.428541,4.621951,0.514249,1.000000,1.200000,1
2061,104.661004,19.338243,28.150690,25.067796,4.619686,0.447381,4.619686,0.536858,1.000000,1.200000,1
2062,104.707722,20.910474,27.083794,25.068773,4.680854,0.798010,4.680854,0.957612,1.000000,1.200000,1
2063,104.756083,20.202584,25.958248,25.069205,4.710305,0.978034,4.710305,1.173641,1.000000,1.200000,1
2064,104.805331,19.761803,24.589071,25.068972,4.692181,1.241791,4.692181,1.490149,1.000000,1.200000,1
2065,104.854232,20.123960,23.812992,25.068364,4.674057,1.375763,4.674057,1.650915,1.000000,1.200000,1
2066,104.906526,20.654759,27.694071,25.069635,4.658199,1.390415,4.658199,1.668499,1.000000,1.200000,1
2067,104.956125,18.817658,24.155767,25.069193,4.651402,1.375763,4.651402,1.650915,1.000000,1.200000,1
2068,105.005611,20.242864,24.232477,25.068788,4.669526,1.228184,4.669526,1.473821,1.000000,1.200000,1
2069,105.056567,20.507699,26.414772,25.069439,4.664995,1.106772,4.664995,1.328127,1.000000,1.200000,1
2070,105.108010,19.792628,27.342529,25.070537,4.719367,0.879649,4.719367,1.055579,1.000000,1.200000,1
2071,105.157479,19.585312,25.752304,25.070866,4.717102,0.726838,4.717102,0.872205,1.000000,1.200000,1
2072,105.208341,19.479089,25.286966,25.070970,4.698978,0.676598,4.698978,0.811918,1.000000,1.200000,1
2073,105.256313,20.621027,24.763361,25.070822,4.705774,0.617986,4.705774,0.741583,1.000000,1.200000,1
2074,105.308261,19.749651,26.047543,25.071293,4.719367,0.515414,4.719367,0.618496,1.000000,1.200000,1
2075,105.355058,20.570636,24.250806,25.070897,4.814517,0.293523,4.814517,0.352228,1.000000,1.200000,1
2076,105.405147,20.235666,24.945796,25.070837,4.796394,0.292476,4.796394,0.350972,1.000000,1.200000,1
2077,105.456372,19.258467,24.245377,25.070440,4.785066,0.369929,4.785066,0.443914,1.000000,1.200000,1
2078,105.505978,20.543907,25.160560,25.070483,4.726163,0.412842,4.726163,0.495410,1.000000,1.200000,1
2079,105.555723,20.294954,25.638178,25.070756,4.732960,0.350042,4.732960,0.420051,1.000000,1.200000,1
2080,105.606165,19.467096,24.693257,25.070575,4.778270,0.360509,4.778270,0.432611,1.000000,1.200000,1
2081,105.656715,19.709396,24.518458,25.070309,4.791862,0.277823,4.791862,0.333388,1.000000,1.200000,1
2082,105.704280,21.350231,25.260396,25.070401,4.794128,0.278870,4.794128,0.334644,1.000000,1.200000,1
2083,105.757199,18.828927,25.064531,25.070398,4.748818,0.320736,4.748818,0.384883,1.000000,1.200000,1
2084,105.804523,20.818568,24.333346,25.070044,4.778270,0.261077,4.778270,0.313292,1.000000,1.200000,1
2085,105.854691,19.915056,24.285700,25.069668,4.760146,0.284103,4.760146,0.340924,1.000000,1.200000,1
2086,105.905802,19.697227,24.632845,25.069458,4.760146,0.315503,4.760146,0.378603,1.000000,1.200000,1
2087,105.955535,20.064655,24.538256,25.069204,4.791862,0.333296,4.791862,0.399955,1.000000,1.200000,1
2088,106.005974,19.653893,24.100312,25.068740,4.742022,0.368882,4.742022,0.442659,1.000000,1.200000,1
2089,106.054455,20.778424,24.450546,25.068444,4.760146,0.387722,4.760146,0.465266,1.000000,1.200000,1
2090,106.105626,19.756788,25.017422,25.068420,4.746553,0.394002,4.746553,0.472802,1.000000,1.200000,1
2091,106.156419,20.180273,26.249121,25.068984,4.748818,0.403422,4.748818,0.484106,1.000000,1.200000,1
2092,106.204680,20.027144,24.587202,25.068754,4.735225,0.389815,4.735225,0.467778,1.000000,1.200000,1
2093,106.256525,19.143696,24.193751,25.068336,4.742022,0.380395,4.742022,0.456474,1.000000,1.200000,1
2094,106.304774,20.796168,24.346687,25.067991,4.732960,0.338529,4.732960,0.406235,1.000000,1.200000,1
2095,106.355987,19.758608,24.946472,25.067933,4.753349,0.317596,4.753349,0.381115,1.000000,1.200000,1
2096,106.404535,20.411431,24.508326,25.067666,4.766942,0.311316,4.766942,0.373579,1.000000,1.200000,1
2097,106.454251,19.993639,24.224113,25.067264,4.755615,0.353182,4.755615,0.423819,1.000000,1.200000,1
2098,106.505712,19.919608,25.465879,25.067454,4.755615,0.351089,4.755615,0.421307,1.000000,1.200000,1
2099,106.555837,19.915872,25.386602,25.067606,4.771473,0.312363,4.771473,0.374835,1.000000,1.200000,1
2100,106.605798,19.654217,24.457636,25.067316,4.769208,0.373069,4.769208,0.447683,1.000000,1.200000,1
2101,106.655194,20.260626,24.501728,25.067046,4.748818,0.363649,4.748818,0.436379,1.000000,1.200000,1
2102,106.704467,20.235095,24.365241,25.066712,4.737491,0.374115,4.737491,0.448938,1.000000,1.200000,1
2103,106.754433,19.962769,24.240877,25.066320,4.751084,0.332249,4.751084,0.398699,1.000000,1.200000,1
2104,106.806579,19.202339,24.290420,25.065951,4.755615,0.341669,4.755615,0.410003,1.000000,1.200000,1
2105,106.855029,20.719598,24.487499,25.065676,4.782801,0.351089,4.782801,0.421307,1.000000,1.200000,1
2106,106.905327,20.087981,24.995910,25.065643,4.769208,0.358416,4.769208,0.430099,1.000000,1.200000,1
2107,106.955169,19.813444,24.387873,25.065321,4.744287,0.338529,4.744287,0.406235,1.000000,1.200000,1
2108,107.004595,20.240573,24.372130,25.064993,4.744287,0.353182,4.744287,0.423819,1.000000,1.200000,1
2109,107.059688,19.254870,27.540119,25.066166,4.780535,0.315503,4.780535,0.378603,1.000000,1.200000,1
2110,107.115494,20.794436,35.232027,25.070984,4.760146,0.309223,4.760146,0.371068,1.000000,1.200000,1
2111,107.154638,20.047754,24.522369,25.070724,4.744287,0.282010,4.744287,0.338412,1.000000,1.200000,1
2112,107.205577,19.561195,24.341781,25.070379,4.794128,0.252703,4.794128,0.303244,1.000000,1.200000,1
2113,107.255096,20.276701,24.559000,25.070137,4.742022,0.324923,4.742022,0.389907,1.000000,1.200000,1
2114,107.306753,19.655595,25.300446,25.070246,4.764677,0.286196,4.764677,0.343436,1.000000,1.200000,1
2115,107.356560,19.710973,24.391446,25.069925,4.737491,0.317596,4.737491,0.381115,1.000000,1.200000,1
2116,107.405728,20.403627,24.541381,25.069675,4.755615,0.298756,4.755615,0.358508,1.000000,1.200000,1
2117,107.455152,20.142720,24.301717,25.069313,4.760146,0.325969,4.760146,0.391163,1.000000,1.200000,1
2118,107.505481,19.806007,24.179819,25.068893,4.744287,0.356323,4.744287,0.427587,1.000000,1.200000,1
2119,107.554908,20.540687,24.927226,25.068826,4.751084,0.313410,4.751084,0.376091,1.000000,1.200000,1
2120,107.606744,19.320863,25.003247,25.068795,4.751084,0.289337,4.751084,0.347204,1.000000,1.200000,1
2121,107.655231,20.402581,24.463796,25.068510,4.739756,0.319689,4.739756,0.383627,1.000000,1.200000,1
2122,107.707644,19.605804,25.867414,25.068886,4.742022,0.309223,4.742022,0.371068,1.000000,1.200000,1
2123,107.756166,20.027114,24.459551,25.068599,4.739756,0.312363,4.739756,0.374835,1.000000,1.200000,1
2124,107.805102,20.404998,24.405723,25.068287,4.753349,0.316550,4.753349,0.379859,1.000000,1.200000,1
2125,107.858124,19.108874,25.069270,25.068287,4.771473,0.307129,4.771473,0.368555,1.000000,1.200000,1
2126,107.906378,20.497292,24.540159,25.068039,4.778270,0.309223,4.778270,0.371068,1.000000,1.200000,1
2127,107.960143,19.943870,28.151235,25.069488,4.787332,0.249564,4.787332,0.299476,1.000000,1.200000,1
2128,108.007157,20.278537,25.854690,25.069857,4.776004,0.212931,4.776004,0.255517,1.000000,1.200000,1
2129,108.055287,20.186016,24.467425,25.069575,4.791862,0.216071,4.791862,0.259285,1.000000,1.200000,1
2130,108.104180,20.401614,24.352952,25.069238,4.807721,0.248517,4.807721,0.298220,1.000000,1.200000,1
2131,108.156980,18.946466,24.365161,25.068908,4.789597,0.267357,4.789597,0.320828,1.000000,1.200000,1
2132,108.207088,20.813998,26.395544,25.069530,4.791862,0.225491,4.791862,0.270589,1.000000,1.200000,1
2133,108.257540,19.709349,26.121573,25.070023,4.855297,0.131292,4.855297,0.157550,1.000000,1.200000,1
2134,108.306154,20.368208,25.667630,25.070303,4.812252,0.008833,4.812252,0.010600,1.000000,1.200000,1
2135,108.354774,20.161016,24.689211,25.070125,4.832642,-0.085366,4.832642,-0.102439,1.000000,1.200000,1
2136,108.406723,19.158039,24.084437,25.069663,4.809987,-0.031986,4.809987,-0.038383,1.000000,1.200000,1
2137,108.455078,20.718099,24.503012,25.069398,4.805456,-0.133512,4.805456,-0.160214,1.000000,1.200000,1
2138,108.504886,20.187600,24.760939,25.069254,4.850765,-0.468441,4.850765,-0.562129,1.000000,1.200000,1
2139,108.554560,19.918489,24.210374,25.068852,4.859828,-0.659978,4.859828,-0.791973,1.000000,1.200000,1
2140,108.605978,19.536787,24.477481,25.068576,4.891544,-0.764643,4.891544,-0.917572,1.000000,1.200000,1
2141,108.657418,19.943553,25.796355,25.068916,4.948181,-0.697657,4.948181,-0.837189,1.000000,1.200000,1
2142,108.704849,20.514731,24.494569,25.068648,4.925526,-0.829536,4.925526,-0.995443,1.000000,1.200000,1
2143,108.755392,19.689009,24.228073,25.068255,4.909668,-0.955134,4.909668,-1.146161,1.000000,1.200000,1
2144,108.806404,20.198123,25.713471,25.068556,4.898341,-0.946761,4.898341,-1.136113,1.000000,1.200000,1
2145,108.854995,20.023144,24.395288,25.068243,4.902872,-1.018980,4.902872,-1.222776,1.000000,1.200000,1
2146,108.905816,19.961196,25.103909,25.068259,4.932323,-1.226217,4.932323,-1.471461,1.000000,1.200000,1
2147,108.957363,19.214643,24.608827,25.068045,4.918730,-1.254477,4.918730,-1.505372,1.000000,1.200000,1
2148,109.005637,20.693628,24.567489,25.067812,4.918730,-1.194818,4.918730,-1.433781,1.000000,1.200000,1
2149,109.055879,19.783846,24.258567,25.067436,4.973102,-1.147718,4.973102,-1.377262,1.000000,1.200000,1
2150,109.105531,20.094415,24.140237,25.067004,4.936854,-1.238777,4.936854,-1.486532,1.000000,1.200000,1
2151,109.158204,20.058374,26.958131,25.067883,4.905137,-1.286923,4.905137,-1.544308,1.000000,1.200000,1
2152,109.206209,19.719500,24.265229,25.067510,4.925526,-1.268083,4.925526,-1.521700,1.000000,1.200000,1
2153,109.255025,20.603644,24.542301,25.067267,4.957243,-1.189584,4.957243,-1.427501,1.000000,1.200000,1
2154,109.308056,19.835440,27.162284,25.068239,4.943650,-1.218891,4.943650,-1.462669,1.000000,1.200000,1
2155,109.355874,20.077369,25.145913,25.068275,4.925526,-1.235637,4.925526,-1.482764,1.000000,1.200000,1
2156,109.405505,19.966157,24.711710,25.068110,4.941385,-1.212611,4.941385,-1.455133,1.000000,1.200000,1
2157,109.455408,19.890790,24.357477,25.067780,4.954978,-1.201098,4.954978,-1.441317,1.000000,1.200000,1
2158,109.507237,19.339251,24.460576,25.067499,4.934588,-1.239824,4.934588,-1.487788,1.000000,1.200000,1
2159,109.555623,20.736455,24.624130,25.067294,4.959509,-1.151905,4.959509,-1.382286,1.000000,1.200000,1
2160,109.605460,20.117002,24.740089,25.067142,4.966305,-1.163418,4.966305,-1.396102,1.000000,1.200000,1
2161,109.655927,19.719085,24.495831,25.066878,4.961774,-1.173885,4.961774,-1.408662,1.000000,1.200000,1
2162,109.705619,20.292584,24.929678,25.066814,4.943650,-1.241917,4.943650,-1.490300,1.000000,1.200000,1
2163,109.756732,19.341445,24.323878,25.066471,4.966305,-1.138299,4.966305,-1.365958,1.000000,1.200000,1
2164,109.805983,20.362955,24.474760,25.066197,4.964040,-1.192724,4.964040,-1.431269,1.000000,1.200000,1
2165,109.856270,19.904370,24.507844,25.065940,4.945916,-1.201098,4.945916,-1.441317,1.000000,1.200000,1
2166,109.906440,19.919883,24.463692,25.065661,4.966305,-1.135158,4.966305,-1.362190,1.000000,1.200000,1
2167,109.956283,20.488227,25.499740,25.065862,4.977633,-1.137252,4.977633,-1.364702,1.000000,1.200000,1
2168,110.007936,19.101019,24.804217,25.065741,4.950447,-1.160278,4.950447,-1.392334,1.000000,1.200000,1
2169,110.056437,20.440450,24.372248,25.065421,4.943650,-1.168651,4.943650,-1.402381,1.000000,1.200000,1
2170,110.106113,20.100090,24.327400,25.065081,4.939119,-1.200051,4.939119,-1.440061,1.000000,1.200000,1
2171,110.155412,20.297879,24.350819,25.064752,4.954978,-1.186445,4.954978,-1.423733,1.000000,1.200000,1
2172,110.206118,20.039202,25.131386,25.064783,4.966305,-1.216797,4.966305,-1.460157,1.000000,1.200000,1
2173,110.253610,20.830792,24.639758,25.064587,4.966305,-1.216797,4.966305,-1.460157,1.000000,1.200000,1
2174,110.306690,18.754910,24.388730,25.064276,4.934588,-1.369609,4.934588,-1.643531,1.000000,1.200000,1
2175,110.356184,20.315468,24.681192,25.064100,4.918730,-1.418801,4.918730,-1.702562,1.000000,1.200000,1
2176,110.405171,20.517948,24.912213,25.064031,4.934588,-1.362282,4.934588,-1.634738,1.000000,1.200000,1
2177,110.457339,19.466435,25.697208,25.064321,4.936854,-1.669998,4.936854,-2.003998,1.000000,1.200000,1
2178,110.507326,20.312986,26.473529,25.064968,4.954978,-1.577893,4.954978,-1.893471,1.000000,1.200000,1
2179,110.557891,19.139007,24.799685,25.064847,4.939119,-1.498347,4.939119,-1.798016,1.000000,1.200000,1
2180,110.604828,21.107516,24.364190,25.064525,4.957243,-1.491020,4.957243,-1.789224,1.000000,1.200000,1
2181,110.657128,19.798668,26.136710,25.065017,4.943650,-1.553820,4.943650,-1.864583,1.000000,1.200000,1
2182,110.706980,20.088130,26.222465,25.065547,4.966305,-1.559053,4.966305,-1.870863,1.000000,1.200000,1
2183,110.756523,20.047458,25.874236,25.065918,4.943650,-1.527653,4.943650,-1.833184,1.000000,1.200000,1
2184,110.805201,20.587114,25.969812,25.066332,4.952712,-1.555913,4.952712,-1.867095,1.000000,1.200000,1
2185,110.857175,18.856845,24.935240,25.066272,4.939119,-1.509860,4.939119,-1.811832,1.000000,1.200000,1
2186,110.906270,20.274034,24.707386,25.066107,4.941385,-1.554866,4.941385,-1.865839,1.000000,1.200000,1
2187,110.955065,20.382415,24.436272,25.065819,4.930058,-1.552773,4.930058,-1.863327,1.000000,1.200000,1
2188,111.005526,19.762037,24.292002,25.065466,4.923261,-1.599872,4.923261,-1.919847,1.000000,1.200000,1
2189,111.056654,19.972053,25.355211,25.065598,4.939119,-1.384262,4.939119,-1.661114,1.000000,1.200000,1
2190,111.106550,19.746043,24.600142,25.065386,4.932323,-1.386355,4.932323,-1.663626,1.000000,1.200000,1
2191,111.156468,20.363963,25.417993,25.065547,4.934588,-1.399962,4.934588,-1.679954,1.000000,1.200000,1
2192,111.205663,20.070790,24.776482,25.065415,4.930058,-1.365422,4.930058,-1.638507,1.000000,1.200000,1
2193,111.255392,20.090082,24.742434,25.065267,4.948181,-1.286923,4.948181,-1.544308,1.000000,1.200000,1
2194,111.306561,19.796709,25.393832,25.065417,4.941385,-1.294250,4.941385,-1.553100,1.000000,1.200000,1
2195,111.355568,20.009612,24.428804,25.065127,4.932323,-1.341349,4.932323,-1.609619,1.000000,1.200000,1
2196,111.405708,20.306446,25.309736,25.065239,4.948181,-1.409381,4.948181,-1.691258,1.000000,1.200000,1
2197,111.455230,19.888597,24.558806,25.065008,4.930058,-1.335069,4.930058,-1.602083,1.000000,1.200000,1
2198,111.505274,20.019455,24.660763,25.064824,4.948181,-1.409381,4.948181,-1.691258,1.000000,1.200000,1
2199,111.555257,19.862785,24.293037,25.064473,4.943650,-1.452294,4.943650,-1.742753,1.000000,1.200000,1
2200,111.606167,19.885012,24.903908,25.064400,4.925526,-1.406242,4.925526,-1.687490,1.000000,1.200000,1
2201,111.655048,20.270869,24.462654,25.064127,4.954978,-1.457528,4.954978,-1.749033,1.000000,1.200000,1
2202,111.705489,19.839095,24.494981,25.063868,4.957243,-1.449154,4.957243,-1.738985,1.000000,1.200000,1
2203,111.755751,20.033622,24.844361,25.063769,4.936854,-1.356002,4.936854,-1.627203,1.000000,1.200000,1
2204,111.806284,20.051836,25.484826,25.063960,4.936854,-1.374842,4.936854,-1.649810,1.000000,1.200000,1
2205,111.857183,19.686537,25.579380,25.064193,4.925526,-1.406242,4.925526,-1.687490,1.000000,1.200000,1
2206,111.908862,19.810299,26.811237,25.064985,4.916464,-1.416708,4.916464,-1.700050,1.000000,1.200000,1
2207,111.955482,20.457690,24.555837,25.064755,4.939119,-1.366469,4.939119,-1.639762,1.000000,1.200000,1
2208,112.004776,20.246857,24.447620,25.064475,4.943650,-1.280643,4.943650,-1.536772,1.000000,1.200000,1
2209,112.055656,19.703256,24.561637,25.064248,4.930058,-1.331929,4.930058,-1.598315,1.000000,1.200000,1
2210,112.105452,20.044332,24.472169,25.063980,4.936854,-1.303669,4.936854,-1.564403,1.000000,1.200000,1
2211,112.157232,20.100053,26.458413,25.064610,4.932323,-1.329836,4.932323,-1.595803,1.000000,1.200000,1
2212,112.207333,19.849791,26.206262,25.065126,4.936854,-1.308903,4.936854,-1.570683,1.000000,1.200000,1
2213,112.257071,19.989544,25.946319,25.065525,4.927792,-1.362282,4.927792,-1.634738,1.000000,1.200000,1
2214,112.305034,20.202736,24.396634,25.065223,4.936854,-1.356002,4.936854,-1.627203,1.000000,1.200000,1
2215,112.355588,19.783788,24.412961,25.064928,4.936854,-1.308903,4.936854,-1.570683,1.000000,1.200000,1
2216,112.406087,19.845501,24.485740,25.064667,4.927792,-1.319369,4.927792,-1.583243,1.000000,1.200000,1
2217,112.459013,19.372452,25.825778,25.065010,4.932323,-1.341349,4.932323,-1.609619,1.000000,1.200000,1
2218,112.505915,20.798537,24.607891,25.064804,4.927792,-1.362282,4.927792,-1.634738,1.000000,1.200000,1
2219,112.557232,19.631047,25.044024,25.064795,4.934588,-1.396822,4.934588,-1.676186,1.000000,1.200000,1
2220,112.606306,20.157895,24.492353,25.064537,4.934588,-1.396822,4.934588,-1.676186,1.000000,1.200000,1
2221,112.655254,20.490401,24.648129,25.064349,4.923261,-1.393682,4.923261,-1.672418,1.000000,1.200000,1
2222,112.705703,19.751536,24.469977,25.064082,4.950447,-1.385309,4.950447,-1.662370,1.000000,1.200000,1
2223,112.757358,19.351828,24.437108,25.063800,4.936854,-1.405195,4.936854,-1.686234,1.000000,1.200000,1
2224,112.806933,20.787117,25.922624,25.064186,4.939119,-1.429268,4.939119,-1.715121,1.000000,1.200000,1
2225,112.856459,19.592533,24.387177,25.063882,4.932323,-1.417755,4.932323,-1.701306,1.000000,1.200000,1
2226,112.908149,19.877330,25.782990,25.064205,4.952712,-1.435548,4.952712,-1.722657,1.000000,1.200000,1
2227,112.955595,20.665104,24.836248,25.064102,4.941385,-1.299483,4.941385,-1.559379,1.000000,1.200000,1
2228,113.005928,20.007715,25.183989,25.064156,4.927792,-1.319369,4.927792,-1.583243,1.000000,1.200000,1
2229,113.055128,20.106431,24.658582,25.063974,4.920995,-1.374842,4.920995,-1.649810,1.000000,1.200000,1
2230,113.105580,19.919270,24.911636,25.063906,4.939119,-1.366469,4.939119,-1.639762,1.000000,1.200000,1
2231,113.157128,19.374191,24.840659,25.063806,4.950447,-1.394728,4.950447,-1.673674,1.000000,1.200000,1
2232,113.204862,20.877610,24.682909,25.063635,4.911933,-1.394728,4.911933,-1.673674,1.000000,1.200000,1
2233,113.254792,19.972012,24.529776,25.063396,4.927792,-1.413568,4.927792,-1.696282,1.000000,1.200000,1
2234,113.305222,20.004032,24.967667,25.063353,4.943650,-1.365422,4.943650,-1.638507,1.000000,1.200000,1
2235,113.355077,19.785432,24.287824,25.063006,4.930058,-1.344489,4.930058,-1.613387,1.000000,1.200000,1
2236,113.406912,19.368166,24.486043,25.062748,4.923261,-1.334023,4.923261,-1.600827,1.000000,1.200000,1
2237,113.455182,20.716412,24.465517,25.062481,4.936854,-1.374842,4.936854,-1.649810,1.000000,1.200000,1
2238,113.508819,18.650147,24.504686,25.062232,4.950447,-1.394728,4.950447,-1.673674,1.000000,1.200000,1
2239,113.556704,20.853345,24.436109,25.061952,4.932323,-1.406242,4.932323,-1.687490,1.000000,1.200000,1
2240,113.607155,19.856826,24.537215,25.061718,4.932323,-1.329836,4.932323,-1.595803,1.000000,1.200000,1
2241,113.658169,19.604936,24.535464,25.061483,4.941385,-1.393682,4.941385,-1.672418,1.000000,1.200000,1
2242,113.705703,20.892216,24.199374,25.061099,4.927792,-1.319369,4.927792,-1.583243,1.000000,1.200000,1
2243,113.755928,20.037702,24.514693,25.060855,4.932323,-1.309949,4.932323,-1.571939,1.000000,1.200000,1
2244,113.806782,19.697425,24.607580,25.060653,4.934588,-1.387402,4.934588,-1.664882,1.000000,1.200000,1
2245,113.856036,20.242226,24.459770,25.060385,4.936854,-1.437641,4.936854,-1.725169,1.000000,1.200000,1
2246,113.905811,20.117177,24.524397,25.060147,4.948181,-1.403101,4.948181,-1.683722,1.000000,1.200000,1
2247,113.955405,20.174656,24.541709,25.059916,4.925526,-1.358096,4.925526,-1.629715,1.000000,1.200000,1
2248,114.005649,19.966618,24.714891,25.059763,4.939119,-1.321463,4.939119,-1.585755,1.000000,1.200000,1
2249,114.056053,19.882560,24.822818,25.059657,4.923261,-1.393682,4.923261,-1.672418,1.000000,1.200000,1
2250,114.105262,20.270226,24.693320,25.059494,4.927792,-1.319369,4.927792,-1.583243,1.000000,1.200000,1
2251,114.155506,19.886226,24.679202,25.059325,4.927792,-1.319369,4.927792,-1.583243,1.000000,1.200000,1
2252,114.205433,19.998125,24.579580,25.059112,4.930058,-1.344489,4.930058,-1.613387,1.000000,1.200000,1
2253,114.255635,19.917107,24.576568,25.058898,4.930058,-1.291110,4.930058,-1.549332,1.000000,1.200000,1
2254,114.307385,19.864526,25.972252,25.059303,4.936854,-1.338209,4.936854,-1.605851,1.000000,1.200000,1
2255,114.355492,20.022359,24.135672,25.058894,4.923261,-1.339256,4.923261,-1.607107,1.000000,1.200000,1
2256,114.407443,19.704166,25.332983,25.059015,4.941385,-1.393682,4.941385,-1.672418,1.000000,1.200000,1
2257,114.471868,15.244310,24.165885,25.058620,4.950447,-1.394728,4.950447,-1.673674,1.000000,1.200000,1
2258,114.506732,30.538523,26.266666,25.059155,4.927792,-1.392635,4.927792,-1.671162,1.000000,1.200000,1
2259,114.558610,19.181732,26.008240,25.059575,4.934588,-1.375889,4.934588,-1.651066,1.000000,1.200000,1
2260,114.607150,20.627637,26.080863,25.060027,4.927792,-1.351816,4.927792,-1.622179,1.000000,1.200000,1
2261,114.656059,19.815926,24.532984,25.059794,4.948181,-1.403101,4.948181,-1.683722,1.000000,1.200000,1
2262,114.705781,20.046901,24.372947,25.059490,4.930058,-1.413568,4.930058,-1.696282,1.000000,1.200000,1
2263,114.755265,20.143436,24.208929,25.059114,4.934588,-1.369609,4.934588,-1.643531,1.000000,1.200000,1
2264,114.807848,19.350890,25.110088,25.059137,4.927792,-1.392635,4.927792,-1.671162,1.000000,1.200000,1
2265,114.856866,20.127165,24.459248,25.058872,4.943650,-1.365422,4.943650,-1.638507,1.000000,1.200000,1
2266,114.905137,20.799058,24.648395,25.058691,4.934588,-1.396822,4.934588,-1.676186,1.000000,1.200000,1
2267,114.954873,20.045229,24.481770,25.058436,4.916464,-1.341349,4.916464,-1.609619,1.000000,1.200000,1
2268,115.004688,20.075271,24.501440,25.058190,4.941385,-1.393682,4.941385,-1.672418,1.000000,1.200000,1
2269,115.058378,19.272641,26.296811,25.058736,4.927792,-1.362282,4.927792,-1.634738,1.000000,1.200000,1
2270,115.106993,19.854719,24.559407,25.058516,4.927792,-1.319369,4.927792,-1.583243,1.000000,1.200000,1
2271,115.155634,20.626486,24.713454,25.058364,4.927792,-1.353909,4.927792,-1.624691,1.000000,1.200000,1
2272,115.205750,19.955894,24.713928,25.058213,4.934588,-1.387402,4.934588,-1.664882,1.000000,1.200000,1
2273,115.255498,19.912388,24.242794,25.057854,4.943650,-1.429268,4.943650,-1.715121,1.000000,1.200000,1
2274,115.305476,20.096770,24.452296,25.057588,4.930058,-1.331929,4.930058,-1.598315,1.000000,1.200000,1
2275,115.357194,19.769734,25.564686,25.057811,4.930058,-1.344489,4.930058,-1.613387,1.000000,1.200000,1
2276,115.407190,19.552021,24.419671,25.057530,4.932323,-1.364375,4.932323,-1.637250,1.000000,1.200000,1
2277,115.456842,20.065676,24.268246,25.057184,4.934588,-1.387402,4.934588,-1.664882,1.000000,1.200000,1
2278,115.505756,20.518572,24.434964,25.056911,4.932323,-1.351816,4.932323,-1.622179,1.000000,1.200000,1
2279,115.557018,20.065247,25.843672,25.057256,4.945916,-1.332976,4.945916,-1.599571,1.000000,1.200000,1
2280,115.606698,19.406449,24.032702,25.056806,4.930058,-1.303669,4.930058,-1.564403,1.000000,1.200000,1
2281,115.655458,20.608374,24.262208,25.056458,4.930058,-1.344489,4.930058,-1.613387,1.000000,1.200000,1
2282,115.705460,20.202639,24.758513,25.056327,4.916464,-1.405195,4.916464,-1.686234,1.000000,1.200000,1
2283,115.756999,19.552953,25.149536,25.056368,4.939119,-1.365422,4.939119,-1.638507,1.000000,1.200000,1
2284,115.805471,20.333047,24.436299,25.056097,4.948181,-1.403101,4.948181,-1.683722,1.000000,1.200000,1
2285,115.856119,19.723608,24.379220,25.055801,4.930058,-1.365422,4.930058,-1.638507,1.000000,1.200000,1
2286,115.906195,20.049235,24.600149,25.055601,4.930058,-1.413568,4.930058,-1.696282,1.000000,1.200000,1
2287,115.954704,20.493489,24.284728,25.055264,4.930058,-1.391588,4.930058,-1.669906,1.000000,1.200000,1
2288,116.006795,19.866923,26.058560,25.055703,4.930058,-1.342396,4.930058,-1.610875,1.000000,1.200000,1
2289,116.057000,19.499608,24.993397,25.055676,4.927792,-1.329836,4.927792,-1.595803,1.000000,1.200000,1
2290,116.107714,19.921247,25.505940,25.055872,4.907403,-1.366469,4.907403,-1.639762,1.000000,1.200000,1
2291,116.156744,20.076164,24.715524,25.055724,4.918730,-1.301576,4.918730,-1.561891,1.000000,1.200000,1
2292,116.206906,19.772240,24.290843,25.055390,4.925526,-1.304716,4.925526,-1.565659,1.000000,1.200000,1
2293,116.257569,20.216524,25.505326,25.055586,4.932323,-1.307856,4.932323,-1.569427,1.000000,1.200000,1
2294,116.306334,19.947341,24.058113,25.055151,4.916464,-1.341349,4.916464,-1.609619,1.000000,1.200000,1
2295,116.356728,19.941063,24.369632,25.054853,4.925526,-1.304716,4.925526,-1.565659,1.000000,1.200000,1
2296,116.406452,20.141976,24.451689,25.054590,4.952712,-1.306810,4.952712,-1.568171,1.000000,1.200000,1
2297,116.458033,19.591245,24.988358,25.054561,4.932323,-1.313089,4.932323,-1.575707,1.000000,1.200000,1
2298,116.508757,20.046492,25.836282,25.054901,4.916464,-1.324603,4.916464,-1.589523,1.000000,1.200000,1
2299,116.558038,19.875460,24.807686,25.054794,4.920995,-1.289016,4.920995,-1.546820,1.000000,1.200000,1
2300,116.606346,20.417028,24.143637,25.054398,4.932323,-1.294250,4.932323,-1.553100,1.000000,1.200000,1
2301,116.657145,20.015010,24.974439,25.054363,4.948181,-1.315183,4.948181,-1.578219,1.000000,1.200000,1
2302,116.707769,20.007623,25.617000,25.054607,4.925526,-1.284830,4.925526,-1.541796,1.000000,1.200000,1
2303,116.758387,19.668254,25.354591,25.054737,4.952712,-1.300530,4.952712,-1.560636,1.000000,1.200000,1
2304,116.808345,19.737644,24.678872,25.054574,4.941385,-1.299483,4.941385,-1.559379,1.000000,1.200000,1
2305,116.856939,20.677030,24.922260,25.054517,4.943650,-1.244010,4.943650,-1.492812,1.000000,1.200000,1
2306,116.906397,19.967684,24.301023,25.054190,4.920995,-1.149812,4.920995,-1.379774,1.000000,1.200000,1
2307,116.958917,19.343810,25.102585,25.054211,4.943650,-1.159232,4.943650,-1.391078,1.000000,1.200000,1
2308,117.007654,20.385267,24.793663,25.054098,4.934588,-1.207378,4.934588,-1.448853,1.000000,1.200000,1
2309,117.057825,20.126769,25.289473,25.054200,4.891544,-1.045146,4.891544,-1.254175,1.000000,1.200000,1
2310,117.107607,20.321028,25.861760,25.054550,4.891544,-0.988627,4.891544,-1.186352,1.000000,1.200000,1
2311,117.156843,19.666206,24.240166,25.054197,4.905137,-1.059799,4.905137,-1.271759,1.000000,1.200000,1
2312,117.208514,19.601623,24.863446,25.054115,4.887013,-1.005373,4.887013,-1.206448,1.000000,1.200000,1
2313,117.262971,19.926129,29.117154,25.055871,4.914199,-1.060846,4.914199,-1.273015,1.000000,1.200000,1
2314,117.315853,18.903493,29.024240,25.057586,4.920995,-1.099572,4.920995,-1.319487,1.000000,1.200000,1
2315,117.357840,21.890151,25.448204,25.057755,4.902872,-1.060846,4.902872,-1.273015,1.000000,1.200000,1
2316,117.406746,19.936944,24.204674,25.057387,4.891544,-1.018980,4.891544,-1.222776,1.000000,1.200000,1
2317,117.456895,20.109352,24.624960,25.057200,4.875686,-1.026307,4.875686,-1.231568,1.000000,1.200000,1
2318,117.507269,19.996759,24.993267,25.057173,4.877951,-1.124692,4.877951,-1.349630,1.000000,1.200000,1
2319,117.556977,19.950108,24.579199,25.056966,4.898341,-1.129925,4.898341,-1.355910,1.000000,1.200000,1
2320,117.607726,20.049577,25.458792,25.057140,4.889278,-1.142485,4.889278,-1.370982,1.000000,1.200000,1
2321,117.656945,20.153147,25.051196,25.057137,4.893809,-1.098526,4.893809,-1.318231,1.000000,1.200000,1
2322,117.706426,20.042640,24.632398,25.056954,4.893809,-1.143532,4.893809,-1.372238,1.000000,1.200000,1
2323,117.755902,20.027517,24.177718,25.056576,4.873420,-1.074452,4.873420,-1.289343,1.000000,1.200000,1
2324,117.806017,20.093760,24.530153,25.056349,4.873420,-0.956181,4.873420,-1.147417,1.000000,1.200000,1
2325,117.858976,19.288147,25.586621,25.056577,4.884748,-1.047240,4.884748,-1.256687,1.000000,1.200000,1
2326,117.907922,20.266714,25.250676,25.056661,4.900606,-1.125739,4.900606,-1.350886,1.000000,1.200000,1
2327,117.956759,20.191480,24.556776,25.056446,4.880217,-0.965601,4.880217,-1.158721,1.000000,1.200000,1
2328,118.006670,19.936375,24.298789,25.056120,4.891544,-1.039913,4.891544,-1.247896,1.000000,1.200000,1
2329,118.056265,20.169148,24.324445,25.055806,4.884748,-0.961414,4.884748,-1.153697,1.000000,1.200000,1
2330,118.106245,20.067095,24.477599,25.055558,4.905137,-1.002234,4.905137,-1.202680,1.000000,1.200000,1
2331,118.158948,19.347846,25.480723,25.055741,4.914199,-0.998047,4.914199,-1.197656,1.000000,1.200000,1
2332,118.206341,20.604150,24.344633,25.055436,4.889278,-1.006420,4.889278,-1.207704,1.000000,1.200000,1
2333,118.256867,19.824442,24.420735,25.055164,4.864358,-0.848376,4.864358,-1.018051,1.000000,1.200000,1
2334,118.309299,19.422481,25.348400,25.055289,4.837173,-0.801276,4.837173,-0.961531,1.000000,1.200000,1
2335,118.356250,20.801957,24.259663,25.054948,4.848500,-0.886055,4.848500,-1.063266,1.000000,1.200000,1
2336,118.407328,19.670096,24.482046,25.054703,4.834907,-0.818023,4.834907,-0.981627,1.000000,1.200000,1
2337,118.456388,20.260677,24.198385,25.054337,4.830376,-0.810696,4.830376,-0.972835,1.000000,1.200000,1
2338,118.509176,19.861056,26.633813,25.055012,4.834907,-0.697657,4.834907,-0.837189,1.000000,1.200000,1
2339,118.557397,20.049959,24.980936,25.054981,4.832642,-0.621252,4.832642,-0.745502,1.000000,1.200000,1
2340,118.607685,19.924300,25.053215,25.054980,4.821314,-0.594039,4.821314,-0.712846,1.000000,1.200000,1
2341,118.656637,20.265058,24.679696,25.054820,4.803190,-0.514493,4.803190,-0.617392,1.000000,1.200000,1
2342,118.711050,19.985943,29.067019,25.056533,4.755615,-0.376335,4.755615,-0.451602,1.000000,1.200000,1
2343,118.756312,20.024213,24.387540,25.056247,4.782801,-0.250736,4.782801,-0.300884,1.000000,1.200000,1
2344,118.806710,19.830380,24.334853,25.055939,4.760146,-0.162818,4.760146,-0.195381,1.000000,1.200000,1
2345,118.857894,20.066607,25.696861,25.056213,4.789597,-0.217244,4.789597,-0.260692,1.000000,1.200000,1
2346,118.910783,19.215174,26.492334,25.056825,4.755615,-0.037220,4.755615,-0.044663,1.000000,1.200000,1
2347,118.957077,20.791135,24.743352,25.056691,4.766942,-0.076992,4.766942,-0.092391,1.000000,1.200000,1
2348,119.006864,19.888968,24.250613,25.056348,4.803190,-0.203637,4.803190,-0.244365,1.000000,1.200000,1
2349,119.058557,19.365440,24.300531,25.056026,4.798659,-0.141885,4.798659,-0.170262,1.000000,1.200000,1
2350,119.107742,20.604529,24.962879,25.055987,4.787332,-0.208870,4.787332,-0.250644,1.000000,1.200000,1
2351,119.162583,18.348773,25.258548,25.056073,4.778270,-0.231897,4.778270,-0.278276,1.000000,1.200000,1
2352,119.207340,21.898066,24.389629,25.055789,4.794128,-0.300976,4.794128,-0.361171,1.000000,1.200000,1
2353,119.257045,20.365420,24.995350,25.055764,4.807721,-0.347029,4.807721,-0.416434,1.000000,1.200000,1
2354,119.306495,19.970812,24.370495,25.055473,4.771473,-0.248643,4.771473,-0.298372,1.000000,1.200000,1
2355,119.356587,19.984196,24.422431,25.055204,4.760146,-0.247597,4.760146,-0.297116,1.000000,1.200000,1
2356,119.408380,19.566393,24.975755,25.055170,4.791862,-0.306209,4.791862,-0.367451,1.000000,1.200000,1
2357,119.457309,20.106549,24.305626,25.054852,4.687650,-0.104205,4.687650,-0.125046,1.000000,1.200000,1
2358,119.506310,20.331955,24.132928,25.054461,4.646872,0.074773,4.646872,0.089727,1.000000,1.200000,1
2359,119.556801,19.942009,24.474416,25.054215,4.626482,0.104079,4.626482,0.124895,1.000000,1.200000,1
2360,119.606640,19.951358,24.159439,25.053836,4.617420,0.226537,4.617420,0.271845,1.000000,1.200000,1
2361,119.660980,18.919333,25.589558,25.054063,4.637809,0.118732,4.637809,0.142478,1.000000,1.200000,1
2362,119.711593,19.754781,25.604480,25.054296,4.603827,0.342716,4.603827,0.411259,1.000000,1.200000,1
2363,119.756364,21.664856,24.256277,25.053958,4.560783,0.661945,4.560783,0.794334,1.000000,1.200000,1
2364,119.807928,20.011316,25.832106,25.054288,4.569845,0.672412,4.569845,0.806894,1.000000,1.200000,1
2365,119.856363,19.937918,24.142374,25.053902,4.569845,0.735211,4.569845,0.882253,1.000000,1.200000,1
2366,119.919291,16.865201,27.689081,25.055016,4.572111,0.808476,4.572111,0.970172,1.000000,1.200000,1
2367,119.957363,24.786172,25.506474,25.055206,4.612889,0.951868,4.612889,1.142241,1.000000,1.200000,1
2368,120.007652,19.505885,24.497877,25.054971,4.590234,0.918375,4.590234,1.102050,1.000000,1.200000,1
2369,120.056331,20.482241,24.391427,25.054691,4.606092,0.912095,4.606092,1.094514,1.000000,1.200000,1
2370,120.107138,19.543045,24.026096,25.054257,4.674057,1.069093,4.674057,1.282912,1.000000,1.200000,1
2371,120.156523,20.525593,24.695733,25.054106,4.669526,1.096306,4.669526,1.315567,1.000000,1.200000,1
2372,120.207492,19.617156,24.637738,25.053930,4.701243,1.173758,4.701243,1.408510,1.000000,1.200000,1
2373,120.260821,18.625968,24.293077,25.053610,4.683119,1.142359,4.683119,1.370831,1.000000,1.200000,1
2374,120.310205,20.416576,24.701857,25.053461,4.694447,1.095259,4.694447,1.314311,1.000000,1.200000,1
2375,120.360378,20.162400,25.254473,25.053546,4.674057,1.053393,4.674057,1.264072,1.000000,1.200000,1
2376,120.410220,19.511811,23.868236,25.053047,4.664995,1.062813,4.664995,1.275376,1.000000,1.200000,1
2377,120.463076,19.939650,26.585845,25.053692,4.640075,1.027227,4.640075,1.232672,1.000000,1.200000,1
2378,120.507939,21.903914,25.798086,25.054005,4.619686,1.004201,4.619686,1.205041,1.000000,1.200000,1
2379,120.556909,20.095665,25.009561,25.053986,4.621951,0.989547,4.621951,1.187456,1.000000,1.200000,1
2380,120.606489,19.847131,24.195540,25.053626,4.617420,0.996874,4.617420,1.196249,1.000000,1.200000,1
2381,120.657428,20.051804,25.241864,25.053705,4.615155,0.992687,4.615155,1.191225,1.000000,1.200000,1
2382,120.712811,19.600788,29.625306,25.055624,4.631013,1.030367,4.631013,1.236441,1.000000,1.200000,1
2383,120.756978,20.546830,25.135009,25.055657,4.619686,1.002107,4.619686,1.202528,1.000000,1.200000,1
2384,120.812851,19.749235,30.365626,25.057885,4.615155,0.983268,4.615155,1.179921,1.000000,1.200000,1
2385,120.860895,19.037316,25.868801,25.058225,4.612889,0.944541,4.612889,1.133449,1.000000,1.200000,1
2386,120.906459,21.195677,24.283097,25.057900,4.606092,0.985360,4.606092,1.182432,1.000000,1.200000,1
2387,120.964184,19.556537,30.834812,25.060320,4.585703,0.915235,4.585703,1.098282,1.000000,1.200000,1
2388,121.007832,20.543885,25.833741,25.060644,4.592500,0.859762,4.592500,1.031715,1.000000,1.200000,1
2389,121.056090,20.017831,24.156665,25.060265,4.592500,0.867089,4.592500,1.040507,1.000000,1.200000,1
2390,121.110362,19.492262,27.039706,25.061094,4.576642,0.856622,4.576642,1.027947,1.000000,1.200000,1
2391,121.159640,20.123347,26.644677,25.061756,4.594765,0.895349,4.594765,1.074419,1.000000,1.200000,1
2392,121.210344,19.316400,25.564288,25.061966,4.563048,0.856622,4.563048,1.027947,1.000000,1.200000,1
2393,121.262133,20.053787,27.443304,25.062961,4.558517,0.875462,4.558517,1.050555,1.000000,1.200000,1
2394,121.305992,21.109576,24.045373,25.062536,4.558517,0.875462,4.558517,1.050555,1.000000,1.200000,1
2395,121.367286,17.489214,28.095385,25.063802,4.565314,0.867089,4.565314,1.040507,1.000000,1.200000,1
2396,121.407432,23.284504,25.362821,25.063927,4.560783,0.863949,4.560783,1.036739,1.000000,1.200000,1
2397,121.463705,18.327389,27.021806,25.064744,4.563048,0.875462,4.563048,1.050555,1.000000,1.200000,1
2398,121.505942,22.060392,23.973260,25.064289,4.558517,0.863949,4.558517,1.036739,1.000000,1.200000,1
2399,121.556174,20.016395,24.252402,25.063950,4.558517,0.836736,4.558517,1.004083,1.000000,1.200000,1
2400,121.607403,19.861936,25.129147,25.063978,4.551721,0.824176,4.551721,0.989011,1.000000,1.200000,1
2401,121.656411,20.079302,24.335013,25.063674,4.556252,0.824176,4.556252,0.989011,1.000000,1.200000,1
2402,121.709345,19.715416,26.543586,25.064290,4.547190,0.826270,4.547190,0.991524,1.000000,1.200000,1
2403,121.759372,19.656869,25.675931,25.064545,4.563048,0.838830,4.563048,1.006595,1.000000,1.200000,1
2404,121.811429,20.422947,28.750911,25.066078,4.563048,0.849296,4.563048,1.019155,1.000000,1.200000,1
2405,121.858034,20.155559,25.788240,25.066378,4.558517,0.794870,4.558517,0.953844,1.000000,1.200000,1
2406,121.910133,18.889217,24.895396,25.066307,4.563048,0.796963,4.563048,0.956356,1.000000,1.200000,1
2407,121.956358,21.358286,24.327727,25.066000,4.563048,0.796963,4.563048,0.956356,1.000000,1.200000,1
2408,122.007298,19.914891,25.068110,25.066001,4.558517,0.794870,4.558517,0.953844,1.000000,1.200000,1
2409,122.055698,20.303540,24.230019,25.065654,4.583438,0.886976,4.583438,1.064371,1.000000,1.200000,1
2410,122.106222,19.866026,24.407953,25.065381,4.547190,0.816850,4.547190,0.980220,1.000000,1.200000,1
2411,122.156512,19.794518,24.155876,25.065004,4.551721,0.818943,4.551721,0.982731,1.000000,1.200000,1
2412,122.206766,20.308573,25.156740,25.065042,4.585703,0.829410,4.585703,0.995292,1.000000,1.200000,1
2413,122.260345,19.272868,26.802975,25.065762,4.567579,0.805336,4.567579,0.966404,1.000000,1.200000,1
2414,122.306642,20.654077,24.760342,25.065636,4.574376,0.810570,4.574376,0.972683,1.000000,1.200000,1
2415,122.356247,20.000449,24.381273,25.065353,4.572111,0.805336,4.572111,0.966404,1.000000,1.200000,1
2416,122.410232,19.407307,26.765657,25.066056,4.560783,0.802196,4.560783,0.962636,1.000000,1.200000,1
2417,122.457538,20.420222,25.157271,25.066094,4.558517,0.808476,4.558517,0.970172,1.000000,1.200000,1
2418,122.506877,20.294038,25.223328,25.066159,4.560783,0.811616,4.560783,0.973939,1.000000,1.200000,1
2419,122.557684,19.374031,24.417266,25.065891,4.585703,0.852436,4.585703,1.022923,1.000000,1.200000,1
2420,122.605635,20.660039,23.970916,25.065438,4.531332,0.796963,4.531332,0.956356,1.000000,1.200000,1
2421,122.656223,19.880967,24.269431,25.065110,4.558517,0.846156,4.558517,1.015387,1.000000,1.200000,1
2422,122.706149,19.866176,23.843828,25.064605,4.583438,0.817896,4.583438,0.981476,1.000000,1.200000,1
2423,122.757260,20.268802,25.615470,25.064833,4.553987,0.803243,4.553987,0.963892,1.000000,1.200000,1
2424,122.806722,19.535592,23.888586,25.064347,4.590234,0.854529,4.590234,1.025435,1.000000,1.200000,1
2425,122.870588,17.150321,29.360739,25.066119,4.558517,0.808476,4.558517,0.970172,1.000000,1.200000,1
2426,122.908756,23.432432,24.923824,25.066060,4.560783,0.817896,4.560783,0.981476,1.000000,1.200000,1
2427,122.955992,20.814951,24.135108,25.065677,4.551721,0.804290,4.551721,0.965148,1.000000,1.200000,1
2428,123.006425,19.946021,24.438341,25.065418,4.560783,0.808476,4.560783,0.970172,1.000000,1.200000,1
2429,123.056480,19.823256,24.038691,25.064996,4.558517,0.808476,4.558517,0.970172,1.000000,1.200000,1
2430,123.106580,20.077490,24.322991,25.064690,4.547190,0.787543,4.547190,0.945052,1.000000,1.200000,1
2431,123.208676,10.000749,26.395512,25.065238,4.565314,0.811616,4.565314,0.973939,1.000000,1.200000,1
2432,123.255772,20.166776,23.954501,25.064781,4.603827,0.905815,4.603827,1.086978,1.000000,1.200000,1
